timestamp,price,quantity,dollar_value
2025-10-17 21:59:44.397,107340.47,0.00232,249.0298904
2025-10-17 21:59:45.480,107340.47,0.00172,184.6256084
2025-10-17 21:59:46.131,107335.09,0.0052,558.142468
2025-10-17 21:59:46.132,107328.0,6e-05,6.43968
2025-10-17 21:59:46.134,107322.5,5e-05,5.366125
2025-10-17 21:59:46.135,107320.0,5e-05,5.3660000000000005
2025-10-17 21:59:46.139,107317.52,0.00015,16.097628
2025-10-17 21:59:46.146,107312.54,0.0015,160.96881
2025-10-17 21:59:46.151,107312.54,0.00932,1000.1528728
2025-10-17 21:59:46.152,107312.54,0.00931,999.0797474
2025-10-17 21:59:46.197,107312.54,0.00011,11.8043794
2025-10-17 21:59:46.548,107312.55,0.00013,13.950631499999998
2025-10-17 21:59:46.554,107312.54,0.00187,200.6744498
2025-10-17 21:59:46.560,107312.54,0.00027,28.9743858
2025-10-17 21:59:46.569,107309.71,0.00109,116.96758390000001
2025-10-17 21:59:46.571,107302.0,0.00316,339.07432
2025-10-17 21:59:47.008,107301.4,0.06257,6713.848598
2025-10-17 21:59:47.610,107301.41,0.00027,28.9713807
2025-10-17 21:59:47.907,107301.4,0.01812,1944.301368
2025-10-17 21:59:48.139,107301.41,0.00037,39.7015217
2025-10-17 21:59:48.206,107301.41,0.00017,18.2412397
2025-10-17 21:59:48.381,107301.41,0.00057,61.1618037
2025-10-17 21:59:48.460,107301.41,0.00207,222.11391869999997
2025-10-17 21:59:49.198,107301.41,0.00041,43.9935781
2025-10-17 21:59:49.251,107301.41,9e-05,9.657126900000002
2025-10-17 21:59:49.740,107301.41,0.00022,23.606310200000003
2025-10-17 21:59:50.023,107301.41,0.0056,600.8878960000001
2025-10-17 21:59:50.466,107301.41,0.01019,1093.4013679
2025-10-17 21:59:50.702,107301.41,0.00072,77.25701520000001
2025-10-17 21:59:50.926,107301.4,0.00245,262.88842999999997
2025-10-17 21:59:51.483,107301.41,0.07987,8570.1636167
2025-10-17 21:59:52.575,107301.41,9e-05,9.657126900000002
2025-10-17 21:59:52.868,107301.41,9e-05,9.657126900000002
2025-10-17 21:59:52.910,107301.4,0.00687,737.160618
2025-10-17 21:59:53.452,107301.41,0.00127,136.2727907
2025-10-17 21:59:53.516,107301.4,0.00293,314.39310199999994
2025-10-17 21:59:53.618,107301.41,0.04657,4997.0266637
2025-10-17 21:59:53.777,107301.4,0.00047,50.431658
2025-10-17 21:59:53.831,107301.41,7e-05,7.5110987
2025-10-17 21:59:54.165,107301.41,0.00286,306.8820326
2025-10-17 21:59:54.189,107301.4,0.00763,818.7096819999999
2025-10-17 21:59:54.214,107301.4,0.00047,50.431658
2025-10-17 21:59:55.018,107301.41,0.0103,1105.204523
2025-10-17 21:59:55.067,107301.41,0.00012,12.876169200000001
2025-10-17 21:59:55.097,107301.41,0.00159,170.6092419
2025-10-17 21:59:55.417,107301.41,0.00018,19.314253800000003
2025-10-17 21:59:55.638,107301.41,0.04988,5352.1943308
2025-10-17 21:59:55.682,107301.41,0.0799,8573.382659
2025-10-17 21:59:55.748,107301.4,0.00033,35.409462
2025-10-17 21:59:55.909,107301.41,0.00034,36.4824794
2025-10-17 21:59:56.066,107301.41,0.00047,50.4316627
2025-10-17 21:59:56.311,107301.41,0.03989,4280.2532449
2025-10-17 21:59:56.577,107301.4,7e-05,7.511097999999999
2025-10-17 21:59:57.177,107301.41,0.01304,1399.2103864
2025-10-17 21:59:57.462,107301.4,0.00011,11.803154
2025-10-17 21:59:57.644,107301.4,0.00521,559.040294
2025-10-17 21:59:57.948,107301.41,0.00047,50.4316627
2025-10-17 21:59:59.062,107301.41,0.00042,45.0665922
2025-10-17 21:59:59.656,107301.41,0.00931,998.9761271000001
2025-10-17 21:59:59.850,107301.4,0.00152,163.098128
2025-10-17 21:59:59.970,107301.4,0.00047,50.431658
2025-10-17 22:00:00.176,107301.41,0.00662,710.3353342
2025-10-17 22:00:00.371,107301.4,0.00069,74.037966
2025-10-17 22:00:00.455,107301.4,0.01813,1945.374382
2025-10-17 22:00:00.542,107301.41,5e-05,5.365070500000001
2025-10-17 22:00:00.989,107301.41,0.00193,207.09172130000002
2025-10-17 22:00:01.130,107301.41,0.01018,1092.3283538
2025-10-17 22:00:02.015,107301.4,0.02294,2461.494116
2025-10-17 22:00:02.111,107301.41,0.00116,124.4696356
2025-10-17 22:00:02.483,107301.41,0.00172,184.5584252
2025-10-17 22:00:02.849,107301.41,0.00018,19.314253800000003
2025-10-17 22:00:03.339,107301.41,0.00018,19.314253800000003
2025-10-17 22:00:03.712,107301.41,7e-05,7.5110987
2025-10-17 22:00:04.289,107301.41,0.00021,22.5332961
2025-10-17 22:00:04.345,107301.4,0.0005,53.6507
2025-10-17 22:00:04.508,107301.41,0.00044,47.212620400000006
2025-10-17 22:00:05.775,107301.41,0.00047,50.4316627
2025-10-17 22:00:06.233,107301.41,7e-05,7.5110987
2025-10-17 22:00:06.488,107301.41,0.00049,52.5776909
2025-10-17 22:00:06.555,107301.4,0.01812,1944.301368
2025-10-17 22:00:06.983,107301.4,0.00037,39.701518
2025-10-17 22:00:07.654,107301.41,0.00047,50.4316627
2025-10-17 22:00:08.058,107301.4,0.09319,9999.417465999999
2025-10-17 22:00:08.696,107301.41,0.00512,549.3832192000001
2025-10-17 22:00:09.621,107301.41,0.00115,123.3966215
2025-10-17 22:00:10.747,107301.41,0.004,429.20564
2025-10-17 22:00:10.806,107301.4,0.00047,50.431658
2025-10-17 22:00:11.088,107301.41,7e-05,7.5110987
2025-10-17 22:00:11.276,107301.41,6e-05,6.438084600000001
2025-10-17 22:00:11.401,107301.41,0.00058,62.2348178
2025-10-17 22:00:11.825,107301.41,0.0002,21.460282000000003
2025-10-17 22:00:12.698,107301.4,0.00846,907.769844
2025-10-17 22:00:13.482,107301.41,0.0001,10.730141000000001
2025-10-17 22:00:13.653,107301.4,0.00039,41.847545999999994
2025-10-17 22:00:13.917,107301.4,0.00372,399.161208
2025-10-17 22:00:14.011,107301.41,0.00061,65.4538601
2025-10-17 22:00:14.227,107312.96,0.07913,8491.6745248
2025-10-17 22:00:14.228,107319.4,0.0025,268.2985
2025-10-17 22:00:14.233,107319.68,0.01247,1338.2764095999999
2025-10-17 22:00:14.239,107328.0,6e-05,6.43968
2025-10-17 22:00:14.244,107340.0,0.01863,1999.7442
2025-10-17 22:00:14.268,107332.3,0.0025,268.33075
2025-10-17 22:00:14.281,107344.14,6e-05,6.4406484
2025-10-17 22:00:14.283,107344.12,0.04658,5000.0891096000005
2025-10-17 22:00:14.300,107344.14,0.00017,18.2485038
2025-10-17 22:00:14.342,107344.14,0.00931,999.3739434
2025-10-17 22:00:14.421,107344.13,0.03014,3235.3520782
2025-10-17 22:00:14.485,107344.14,5e-05,5.3672070000000005
2025-10-17 22:00:14.666,107344.14,0.01195,1282.762473
2025-10-17 22:00:14.669,107344.14,0.00101,108.4175814
2025-10-17 22:00:14.893,107344.14,0.00902,968.2441428000001
2025-10-17 22:00:14.894,107344.14,0.01309,1405.1347925999999
2025-10-17 22:00:14.895,107344.14,0.0085,912.42519
2025-10-17 22:00:15.579,107344.14,0.005,536.7207
2025-10-17 22:00:15.762,107344.14,0.01491,1600.5011273999999
2025-10-17 22:00:15.926,107344.14,0.01491,1600.5011273999999
2025-10-17 22:00:16.080,107344.14,0.01491,1600.5011273999999
2025-10-17 22:00:16.170,107344.13,0.02938,3153.7705394
2025-10-17 22:00:16.241,107344.14,0.01491,1600.5011273999999
2025-10-17 22:00:16.450,107344.14,0.00047,50.4517458
2025-10-17 22:00:16.562,107344.14,0.00047,50.4517458
2025-10-17 22:00:17.439,107344.14,0.00013,13.9547382
2025-10-17 22:00:17.757,107344.14,0.01458,1565.0775612
2025-10-17 22:00:18.246,107344.14,0.00162,173.8975068
2025-10-17 22:00:18.805,107344.14,8e-05,8.5875312
2025-10-17 22:00:19.654,107344.14,0.00158,169.6037412
2025-10-17 22:00:19.701,107344.14,0.00084,90.16907760000001
2025-10-17 22:00:19.724,107344.13,0.00213,228.6429969
2025-10-17 22:00:19.726,107344.13,0.00012,12.881295600000001
2025-10-17 22:00:19.742,107344.13,0.00058,62.2595954
2025-10-17 22:00:20.186,107344.14,0.00093,99.8300502
2025-10-17 22:00:20.636,107344.14,0.001,107.34414
2025-10-17 22:00:21.085,107344.13,0.00126,135.2536038
2025-10-17 22:00:21.090,107344.13,0.00015,16.101619499999998
2025-10-17 22:00:21.137,107344.13,0.00032,34.3501216
2025-10-17 22:00:21.275,107344.13,0.00023,24.6891499
2025-10-17 22:00:21.291,107344.13,0.0001,10.734413000000002
2025-10-17 22:00:21.488,107344.13,0.00112,120.2254256
2025-10-17 22:00:21.665,107344.13,0.00105,112.7113365
2025-10-17 22:00:21.932,107344.14,0.00059,63.333042600000006
2025-10-17 22:00:21.933,107344.13,0.00028,30.0563564
2025-10-17 22:00:22.201,107344.14,8e-05,8.5875312
2025-10-17 22:00:22.213,107344.13,0.09473,10168.7094349
2025-10-17 22:00:22.256,107344.14,0.00065,69.773691
2025-10-17 22:00:23.323,107344.13,0.00724,777.1715012000001
2025-10-17 22:00:23.470,107344.13,8e-05,8.5875304
2025-10-17 22:00:23.500,107344.14,0.01491,1600.5011273999999
2025-10-17 22:00:23.882,107344.13,0.0014,150.281782
2025-10-17 22:00:24.137,107344.14,0.00038,40.790773200000004
2025-10-17 22:00:25.575,107344.14,5e-05,5.3672070000000005
2025-10-17 22:00:25.583,107344.13,0.00157,168.53028410000002
2025-10-17 22:00:25.675,107344.14,0.00069,74.0674566
2025-10-17 22:00:26.923,107344.14,0.00011,11.807855400000001
2025-10-17 22:00:26.953,107344.14,0.0014,150.28179599999999
2025-10-17 22:00:27.467,107344.14,0.00048,51.5251872
2025-10-17 22:00:27.725,107344.14,0.00558,598.9803012
2025-10-17 22:00:27.883,107344.14,0.00061,65.4799254
2025-10-17 22:00:28.056,107344.13,0.00047,50.4517411
2025-10-17 22:00:28.133,107344.14,0.00082,88.0221948
2025-10-17 22:00:28.905,107344.14,0.00081,86.9487534
2025-10-17 22:00:28.940,107344.14,0.00017,18.2485038
2025-10-17 22:00:29.085,107344.14,0.00186,199.6601004
2025-10-17 22:00:29.566,107344.14,4e-05,4.2937656
2025-10-17 22:00:29.699,107344.13,0.00033,35.4235629
2025-10-17 22:00:29.749,107344.13,0.01018,1092.7632434
2025-10-17 22:00:29.818,107344.14,0.00327,351.0153378
2025-10-17 22:00:30.925,107344.14,0.0038,407.907732
2025-10-17 22:00:31.009,107344.14,0.00093,99.8300502
2025-10-17 22:00:31.586,107344.13,8e-05,8.5875304
2025-10-17 22:00:32.327,107344.14,8e-05,8.5875312
2025-10-17 22:00:32.580,107344.14,0.0001,10.734414000000001
2025-10-17 22:00:32.873,107344.13,0.00263,282.3150619
2025-10-17 22:00:33.159,107344.14,0.00018,19.321945200000002
2025-10-17 22:00:33.422,107344.14,0.00093,99.8300502
2025-10-17 22:00:33.744,107344.14,0.00668,717.0588552
2025-10-17 22:00:33.776,107344.14,0.00017,18.2485038
2025-10-17 22:00:34.311,107344.14,0.00512,549.6019968
2025-10-17 22:00:34.525,107344.13,8e-05,8.5875304
2025-10-17 22:00:34.753,107344.13,0.00011,11.8078543
2025-10-17 22:00:34.849,107344.14,0.00356,382.14513839999995
2025-10-17 22:00:35.185,107344.14,0.0001,10.734414000000001
2025-10-17 22:00:35.348,107344.14,0.00476,510.9581064
2025-10-17 22:00:35.681,107344.14,0.01146,1230.1638444
2025-10-17 22:00:35.719,107344.13,0.00028,30.0563564
2025-10-17 22:00:35.884,107344.13,0.00047,50.4517411
2025-10-17 22:00:36.021,107344.14,0.00046,49.378304400000005
2025-10-17 22:00:37.325,107344.14,0.00019,20.395386600000002
2025-10-17 22:00:37.332,107344.14,0.0001,10.734414000000001
2025-10-17 22:00:37.381,107344.14,0.00025,26.836035
2025-10-17 22:00:37.397,107344.13,0.00091,97.6831583
2025-10-17 22:00:37.398,107344.13,0.00088,94.4628344
2025-10-17 22:00:37.432,107344.14,0.00094,100.9034916
2025-10-17 22:00:37.580,107344.14,7e-05,7.514089799999999
2025-10-17 22:00:37.588,107344.14,0.00047,50.4517458
2025-10-17 22:00:37.620,107344.14,0.00024,25.7625936
2025-10-17 22:00:37.643,107344.14,0.00032,34.3501248
2025-10-17 22:00:37.732,107344.14,0.00047,50.4517458
2025-10-17 22:00:37.763,107344.13,0.00047,50.4517411
2025-10-17 22:00:37.939,107344.14,0.00047,50.4517458
2025-10-17 22:00:38.384,107344.14,0.00312,334.9137168
2025-10-17 22:00:38.433,107344.14,0.00466,500.2236924
2025-10-17 22:00:38.459,107344.13,0.00639,685.9289907
2025-10-17 22:00:38.653,107344.14,0.00024,25.7625936
2025-10-17 22:00:38.917,107344.14,0.00038,40.790773200000004
2025-10-17 22:00:39.140,107344.13,0.009,966.09717
2025-10-17 22:00:39.220,107344.13,0.01839,1974.0585507
2025-10-17 22:00:39.222,107344.12,0.03191,3425.3508692
2025-10-17 22:00:39.223,107343.42,0.00015,16.101512999999997
2025-10-17 22:00:39.225,107343.41,0.00175,187.8509675
2025-10-17 22:00:39.226,107343.41,0.0009,96.609069
2025-10-17 22:00:39.230,107340.9,0.0005,53.670449999999995
2025-10-17 22:00:39.231,107340.9,0.00055,59.037495
2025-10-17 22:00:39.232,107340.91,0.02907,3120.4002537
2025-10-17 22:00:39.233,107339.75,0.00015,16.100962499999998
2025-10-17 22:00:39.235,107339.74,5e-05,5.366987000000001
2025-10-17 22:00:39.237,107338.27,0.00277,297.3270079
2025-10-17 22:00:39.240,107337.69,0.00579,621.4852251
2025-10-17 22:00:39.242,107337.69,0.001,107.33769000000001
2025-10-17 22:00:39.244,107336.49,0.00076,81.5757324
2025-10-17 22:00:39.246,107336.49,0.0005,53.668245000000006
2025-10-17 22:00:39.249,107336.48,0.0001,10.733648
2025-10-17 22:00:39.250,107336.48,0.00044,47.2280512
2025-10-17 22:00:39.251,107336.48,0.0007,75.135536
2025-10-17 22:00:39.254,107336.48,0.00076,81.5757248
2025-10-17 22:00:39.256,107336.48,0.00066,70.8420768
2025-10-17 22:00:39.258,107336.47,0.0016,171.73835200000002
2025-10-17 22:00:39.261,107336.47,0.0006,64.401882
2025-10-17 22:00:39.264,107336.47,0.0004,42.934588000000005
2025-10-17 22:00:39.266,107336.47,0.00067,71.91543490000001
2025-10-17 22:00:39.268,107336.47,5e-05,5.366823500000001
2025-10-17 22:00:39.370,107336.48,0.0001,10.733648
2025-10-17 22:00:39.471,107336.48,0.00027,28.9808496
2025-10-17 22:00:39.473,107333.41,0.00015,16.1000115
2025-10-17 22:00:39.511,107333.4,0.01967,2111.247978
2025-10-17 22:00:39.574,107333.41,7e-05,7.513338699999999
2025-10-17 22:00:39.699,107333.41,0.0004,42.933364000000005
2025-10-17 22:00:40.057,107330.01,5e-05,5.3665005
2025-10-17 22:00:40.356,107326.38,0.03997,4289.8354086
2025-10-17 22:00:41.047,107326.37,0.01445,1550.8660464999998
2025-10-17 22:00:41.048,107323.81,0.02432,2610.1150592
2025-10-17 22:00:41.049,107318.25,6e-05,6.439095
2025-10-17 22:00:41.057,107315.47,0.01208,1296.3708776
2025-10-17 22:00:41.088,107316.2,0.0289,3101.4381799999996
2025-10-17 22:00:41.095,107316.2,0.05297,5684.539114
2025-10-17 22:00:41.106,107320.49,0.67046,71954.0957254
2025-10-17 22:00:41.169,107320.48,0.01163,1248.1371824
2025-10-17 22:00:41.227,107320.48,0.14518,15580.7872864
2025-10-17 22:00:41.264,107320.48,0.00218,233.9586464
2025-10-17 22:00:41.276,107310.8,0.00015,16.096619999999998
2025-10-17 22:00:41.279,107306.82,0.04659,4999.4247438
2025-10-17 22:00:41.656,107306.83,0.0005,53.653415
2025-10-17 22:00:41.794,107306.83,0.00017,18.2421611
2025-10-17 22:00:41.978,107306.83,0.00052,55.799551599999994
2025-10-17 22:00:42.061,107306.83,8e-05,8.5845464
2025-10-17 22:00:42.470,107306.82,0.00127,136.2796614
2025-10-17 22:00:42.570,107306.83,0.0001,10.730683
2025-10-17 22:00:42.576,107306.83,0.27957,29999.770463099998
2025-10-17 22:00:42.710,107306.83,0.0074,794.070542
2025-10-17 22:00:42.863,107306.83,0.00027,28.9728441
2025-10-17 22:00:43.022,107306.82,0.01575,1690.082415
2025-10-17 22:00:43.573,107306.83,0.0013,139.498879
2025-10-17 22:00:43.638,107306.83,0.00113,121.2567179
2025-10-17 22:00:44.213,107306.83,0.00047,50.4342101
2025-10-17 22:00:44.251,107306.83,6e-05,6.4384098000000005
2025-10-17 22:00:44.285,107306.83,0.0002,21.461366
2025-10-17 22:00:44.338,107306.83,0.0001,10.730683
2025-10-17 22:00:44.607,107306.83,0.00362,388.4507246
2025-10-17 22:00:44.624,107306.83,8e-05,8.5845464
2025-10-17 22:00:45.046,107306.82,0.00516,553.7031912
2025-10-17 22:00:45.048,107306.82,0.09866,10586.8908612
2025-10-17 22:00:45.071,107306.83,0.0001,10.730683
2025-10-17 22:00:45.148,107306.83,7e-05,7.5114781
2025-10-17 22:00:45.239,107306.83,9e-05,9.6576147
2025-10-17 22:00:45.332,107306.83,0.0001,10.730683
2025-10-17 22:00:45.615,107306.83,0.00187,200.6637721
2025-10-17 22:00:45.913,107306.83,8e-05,8.5845464
2025-10-17 22:00:46.010,107306.83,0.00047,50.4342101
2025-10-17 22:00:46.016,107306.83,0.00047,50.4342101
2025-10-17 22:00:46.292,107306.83,0.0125,1341.335375
2025-10-17 22:00:46.439,107306.83,0.00014,15.0229562
2025-10-17 22:00:46.671,107306.82,0.00047,50.4342054
2025-10-17 22:00:46.673,107306.82,0.27898,29936.456643600002
2025-10-17 22:00:46.828,107306.83,0.00031,33.2651173
2025-10-17 22:00:47.230,107306.83,0.00044,47.2150052
2025-10-17 22:00:47.535,107306.83,0.00017,18.2421611
2025-10-17 22:00:47.708,107306.82,0.00055,59.01875100000001
2025-10-17 22:00:47.796,107306.83,0.00047,50.4342101
2025-10-17 22:00:48.320,107306.83,0.00046,49.361141800000006
2025-10-17 22:00:48.537,107306.82,0.00094,100.8684108
2025-10-17 22:00:48.539,107306.82,0.0072,772.609104
2025-10-17 22:00:48.944,107306.82,0.00181,194.22534420000002
2025-10-17 22:00:49.355,107306.82,0.01216,1304.8509312
2025-10-17 22:00:49.927,107306.83,0.00011,11.8037513
2025-10-17 22:00:50.124,107306.83,0.00019,20.388297700000003
2025-10-17 22:00:50.297,107306.83,0.00093,99.79535190000001
2025-10-17 22:00:50.721,107306.83,0.00047,50.4342101
2025-10-17 22:00:50.856,107306.82,0.00082,87.9915924
2025-10-17 22:00:50.920,107306.83,0.00018,19.3152294
2025-10-17 22:00:51.325,107306.83,0.00026,27.899775799999997
2025-10-17 22:00:51.932,107306.83,8e-05,8.5845464
2025-10-17 22:00:54.147,107306.83,0.00018,19.3152294
2025-10-17 22:00:54.394,107306.83,8e-05,8.5845464
2025-10-17 22:00:54.582,107306.82,0.00134,143.79113880000003
2025-10-17 22:00:55.064,107306.82,0.0053,568.7261460000001
2025-10-17 22:00:55.217,107306.82,0.0005,53.65341000000001
2025-10-17 22:00:55.256,107306.83,8e-05,8.5845464
2025-10-17 22:00:55.590,107306.82,0.01775,1904.696055
2025-10-17 22:00:55.923,107306.83,0.00013,13.949887899999998
2025-10-17 22:00:56.323,107306.83,0.00098,105.1606934
2025-10-17 22:00:56.450,107306.82,0.00135,144.86420700000002
2025-10-17 22:00:56.873,107306.83,0.00011,11.8037513
2025-10-17 22:00:57.599,107306.83,0.00018,19.3152294
2025-10-17 22:00:57.837,107306.83,0.00017,18.2421611
2025-10-17 22:00:58.504,107306.83,0.0002,21.461366
2025-10-17 22:00:58.578,107306.83,6e-05,6.4384098000000005
2025-10-17 22:00:58.648,107306.82,0.00063,67.60329660000001
2025-10-17 22:00:59.764,107306.82,0.00443,475.3692126
2025-10-17 22:01:00.433,107306.83,0.00018,19.3152294
2025-10-17 22:01:00.469,107306.83,0.00022,23.6075026
2025-10-17 22:01:00.590,107306.83,0.0006,64.384098
2025-10-17 22:01:00.637,107306.83,0.4,42922.732
2025-10-17 22:01:00.648,107306.83,0.01046,1122.4294418000002
2025-10-17 22:01:00.919,107306.83,0.00046,49.361141800000006
2025-10-17 22:01:01.686,107306.83,0.00116,124.4759228
2025-10-17 22:01:01.772,107306.83,0.00328,351.9664024
2025-10-17 22:01:01.960,107306.82,0.00134,143.79113880000003
2025-10-17 22:01:02.491,107306.82,8e-05,8.584545600000002
2025-10-17 22:01:02.510,107306.83,0.00029,31.1189807
2025-10-17 22:01:02.521,107306.83,0.14305,15350.242031500002
2025-10-17 22:01:02.581,107311.12,0.01129,1211.5425447999999
2025-10-17 22:01:02.583,107311.12,0.00083,89.0682296
2025-10-17 22:01:02.603,107321.75,0.02399,2574.6487825
2025-10-17 22:01:03.730,107321.74,0.02695,2892.3208930000005
2025-10-17 22:01:03.870,107321.75,0.00172,184.59341
2025-10-17 22:01:04.147,107321.74,0.00065,69.759131
2025-10-17 22:01:04.766,107321.75,0.00012,12.87861
2025-10-17 22:01:05.341,107321.74,0.00742,796.3273108000001
2025-10-17 22:01:05.561,107321.75,0.00012,12.87861
2025-10-17 22:01:06.117,107321.74,0.0002,21.464348
2025-10-17 22:01:06.125,107321.74,0.01775,1904.960885
2025-10-17 22:01:06.138,107321.75,6e-05,6.439305
2025-10-17 22:01:06.477,107321.75,0.00022,23.610785
2025-10-17 22:01:06.547,107321.75,0.00012,12.87861
2025-10-17 22:01:06.576,107321.74,7e-05,7.5125218
2025-10-17 22:01:06.809,107321.74,0.00168,180.30052320000001
2025-10-17 22:01:07.277,107321.75,0.00012,12.87861
2025-10-17 22:01:07.419,107321.75,0.02099,2252.6835325
2025-10-17 22:01:07.592,107321.75,0.00102,109.468185
2025-10-17 22:01:07.695,107321.74,0.00047,50.441217800000004
2025-10-17 22:01:07.991,107321.75,0.00022,23.610785
2025-10-17 22:01:08.194,107321.75,0.00047,50.441222499999995
2025-10-17 22:01:08.428,107321.75,0.01218,1307.178915
2025-10-17 22:01:08.566,107321.75,0.015,1609.8262499999998
2025-10-17 22:01:09.011,107321.74,0.00039,41.8554786
2025-10-17 22:01:09.030,107321.74,0.02329,2499.5233246000003
2025-10-17 22:01:09.143,107321.75,0.0002,21.46435
2025-10-17 22:01:09.802,107321.75,0.00044,47.22157
2025-10-17 22:01:09.846,107321.75,0.00037,39.7090475
2025-10-17 22:01:10.317,107321.75,0.00025,26.830437500000002
2025-10-17 22:01:11.690,107321.74,0.00183,196.39878420000002
2025-10-17 22:01:11.782,107321.75,8e-05,8.585740000000001
2025-10-17 22:01:11.832,107321.74,0.00014,15.0250436
2025-10-17 22:01:11.920,107321.75,0.00012,12.87861
2025-10-17 22:01:12.394,107321.75,8e-05,8.585740000000001
2025-10-17 22:01:12.417,107321.75,0.00012,12.87861
2025-10-17 22:01:12.435,107321.75,0.00018,19.317915000000003
2025-10-17 22:01:12.713,107321.75,0.00012,12.87861
2025-10-17 22:01:12.895,107321.75,0.00015,16.098262499999997
2025-10-17 22:01:13.603,107321.75,0.00139,149.1772325
2025-10-17 22:01:13.895,107321.74,0.00173,185.6666102
2025-10-17 22:01:14.079,107321.75,5e-05,5.3660875
2025-10-17 22:01:14.107,107321.75,0.00018,19.317915000000003
2025-10-17 22:01:14.380,107321.74,0.00039,41.8554786
2025-10-17 22:01:14.567,107321.75,0.00013,13.951827499999998
2025-10-17 22:01:15.117,107321.75,0.0014,150.25045
2025-10-17 22:01:15.129,107321.75,7e-05,7.512522499999999
2025-10-17 22:01:15.139,107321.75,0.00049,52.5876575
2025-10-17 22:01:15.202,107321.74,0.00075,80.49130500000001
2025-10-17 22:01:15.861,107321.74,0.00018,19.317913200000003
2025-10-17 22:01:15.956,107321.74,0.00047,50.441217800000004
2025-10-17 22:01:16.118,107321.74,0.00047,50.441217800000004
2025-10-17 22:01:16.124,107321.74,0.00047,50.441217800000004
2025-10-17 22:01:16.727,107321.75,0.00186,199.618455
2025-10-17 22:01:16.805,107321.75,0.00026,27.903654999999997
2025-10-17 22:01:16.925,107321.75,0.00046,49.368005000000004
2025-10-17 22:01:17.192,107321.75,0.00012,12.87861
2025-10-17 22:01:17.314,107321.75,0.02088,2240.87814
2025-10-17 22:01:17.329,107321.75,0.0003,32.196524999999994
2025-10-17 22:01:17.343,107321.75,0.00054,57.953745
2025-10-17 22:01:17.389,107321.75,0.06375,6841.7615625
2025-10-17 22:01:17.620,107321.75,0.00088,94.44314
2025-10-17 22:01:17.813,107321.75,0.00012,12.87861
2025-10-17 22:01:17.875,107321.75,0.00049,52.5876575
2025-10-17 22:01:18.319,107321.75,0.00012,12.87861
2025-10-17 22:01:18.804,107321.75,0.00047,50.441222499999995
2025-10-17 22:01:18.839,107321.75,0.0001,10.732175
2025-10-17 22:01:19.485,107321.74,0.00022,23.610782800000003
2025-10-17 22:01:19.750,107321.74,0.00039,41.8554786
2025-10-17 22:01:19.792,107321.75,0.04658,4999.047115
2025-10-17 22:01:20.026,107321.75,0.00046,49.368005000000004
2025-10-17 22:01:20.829,107321.74,0.00047,50.441217800000004
2025-10-17 22:01:20.920,107321.75,0.0015,160.982625
2025-10-17 22:01:21.026,107321.74,0.00045,48.294783
2025-10-17 22:01:21.261,107321.74,0.00097,104.1020878
2025-10-17 22:01:21.280,107321.74,0.00069,74.0520006
2025-10-17 22:01:22.144,107321.74,0.00043,46.1483482
2025-10-17 22:01:22.145,107321.74,0.00497,533.3890478
2025-10-17 22:01:22.614,107321.74,0.00129,138.4450446
2025-10-17 22:01:22.755,107321.74,0.00014,15.0250436
2025-10-17 22:01:22.887,107321.75,0.00012,12.87861
2025-10-17 22:01:22.918,107321.75,0.00016,17.171480000000003
2025-10-17 22:01:23.634,107321.75,0.00012,12.87861
2025-10-17 22:01:23.779,107321.75,0.00046,49.368005000000004
2025-10-17 22:01:23.905,107321.75,0.00012,12.87861
2025-10-17 22:01:24.021,107321.74,0.00016,17.1714784
2025-10-17 22:01:24.032,107321.75,0.00094,100.88244499999999
2025-10-17 22:01:24.568,107321.74,7e-05,7.5125218
2025-10-17 22:01:25.101,107321.74,0.00039,41.8554786
2025-10-17 22:01:25.648,107321.74,0.00462,495.8264388
2025-10-17 22:01:26.083,107321.74,0.00176,188.88626240000002
2025-10-17 22:01:26.584,107321.74,6e-05,6.4393044
2025-10-17 22:01:26.732,107321.75,0.00194,208.204195
2025-10-17 22:01:27.495,107321.75,0.00074,79.418095
2025-10-17 22:01:28.090,107321.75,0.00373,400.31012749999996
2025-10-17 22:01:28.255,107321.75,0.00012,12.87861
2025-10-17 22:01:28.523,107321.74,0.00116,124.4932184
2025-10-17 22:01:28.659,107321.75,0.00015,16.098262499999997
2025-10-17 22:01:28.948,107321.75,0.00012,12.87861
2025-10-17 22:01:28.972,107321.75,0.00012,12.87861
2025-10-17 22:01:30.205,107321.74,0.00184,197.47200160000003
2025-10-17 22:01:30.411,107321.74,0.00039,41.8554786
2025-10-17 22:01:30.668,107321.75,0.00017,18.2446975
2025-10-17 22:01:30.670,107321.75,0.0001,10.732175
2025-10-17 22:01:30.966,107321.75,0.00081,86.9306175
2025-10-17 22:01:32.618,107321.74,0.00021,22.537565400000002
2025-10-17 22:01:33.004,107321.75,0.00294,315.525945
2025-10-17 22:01:33.361,107321.74,0.00021,22.537565400000002
2025-10-17 22:01:33.577,107321.75,0.00012,12.87861
2025-10-17 22:01:33.881,107321.75,0.00012,12.87861
2025-10-17 22:01:33.952,107321.75,0.00383,411.0423025
2025-10-17 22:01:34.015,107321.75,7e-05,7.512522499999999
2025-10-17 22:01:34.342,107321.75,0.00012,12.87861
2025-10-17 22:01:34.438,107321.75,0.00081,86.9306175
2025-10-17 22:01:35.105,107321.75,0.00017,18.2446975
2025-10-17 22:01:35.183,107321.75,0.00019,20.3911325
2025-10-17 22:01:36.205,107321.75,0.00033,35.416177499999996
2025-10-17 22:01:36.731,107321.74,0.00039,41.8554786
2025-10-17 22:01:37.757,107321.74,0.06299,6760.1964026000005
2025-10-17 22:01:37.814,107321.75,0.01712,1837.34836
2025-10-17 22:01:37.833,107321.74,0.03717,3989.1490758000004
2025-10-17 22:01:38.020,107321.74,0.06299,6760.1964026000005
2025-10-17 22:01:39.098,107321.75,0.01065,1142.9766375
2025-10-17 22:01:39.524,107321.74,7e-05,7.5125218
2025-10-17 22:01:40.112,107321.75,0.00246,264.011505
2025-10-17 22:01:40.249,107321.75,0.00042,45.075135
2025-10-17 22:01:40.460,107321.75,0.00154,165.27549499999998
2025-10-17 22:01:41.712,107321.75,0.00932,1000.23871
2025-10-17 22:01:41.802,107321.75,0.0015,160.982625
2025-10-17 22:01:42.123,107321.75,0.00086,92.296705
2025-10-17 22:01:42.682,107321.75,0.00011,11.8053925
2025-10-17 22:01:42.824,107321.75,0.00011,11.8053925
2025-10-17 22:01:42.869,107321.74,0.00131,140.5914794
2025-10-17 22:01:43.168,107321.75,0.00011,11.8053925
2025-10-17 22:01:43.569,107321.75,0.00053,56.8805275
2025-10-17 22:01:43.640,107321.75,0.00066,70.83235499999999
2025-10-17 22:01:43.712,107321.75,0.20639,22150.1359825
2025-10-17 22:01:43.876,107321.74,0.0005,53.66087
2025-10-17 22:01:44.020,107321.75,0.00014,15.025044999999999
2025-10-17 22:01:44.127,107321.75,0.00014,15.025044999999999
2025-10-17 22:01:44.218,107321.75,0.00011,11.8053925
2025-10-17 22:01:44.320,107321.75,0.00012,12.87861
2025-10-17 22:01:44.579,107321.75,0.08329,8938.8285575
2025-10-17 22:01:44.810,107321.75,0.00012,12.87861
2025-10-17 22:01:44.821,107321.75,0.00012,12.87861
2025-10-17 22:01:44.824,107321.74,5e-05,5.366087
2025-10-17 22:01:45.165,107321.75,0.00012,12.87861
2025-10-17 22:01:45.268,107321.75,0.00045,48.2947875
2025-10-17 22:01:45.369,107321.75,0.00011,11.8053925
2025-10-17 22:01:45.819,107321.75,0.00017,18.2446975
2025-10-17 22:01:45.841,107321.75,0.00046,49.368005000000004
2025-10-17 22:01:45.847,107321.75,0.00011,11.8053925
2025-10-17 22:01:45.947,107321.74,0.004,429.28696
2025-10-17 22:01:46.048,107321.75,0.00048,51.51444
2025-10-17 22:01:46.169,107321.75,0.00011,11.8053925
2025-10-17 22:01:46.291,107321.75,0.00027,28.9768725
2025-10-17 22:01:46.513,107321.75,0.00011,11.8053925
2025-10-17 22:01:46.660,107321.75,0.00011,11.8053925
2025-10-17 22:01:47.040,107321.75,8e-05,8.585740000000001
2025-10-17 22:01:47.101,107321.74,0.00039,41.8554786
2025-10-17 22:01:47.289,107321.74,0.00153,164.2022622
2025-10-17 22:01:47.368,107321.75,0.0166,1781.54105
2025-10-17 22:01:47.530,107321.75,0.0166,1781.54105
2025-10-17 22:01:47.627,107321.75,0.0166,1781.54105
2025-10-17 22:01:47.713,107321.75,0.00021,22.5375675
2025-10-17 22:01:47.788,107321.75,0.0052,558.0731
2025-10-17 22:01:47.825,107321.75,0.00158,169.568365
2025-10-17 22:01:48.213,107321.75,0.00666,714.7628550000001
2025-10-17 22:01:48.486,107321.75,0.00021,22.5375675
2025-10-17 22:01:48.647,107321.75,0.00027,28.9768725
2025-10-17 22:01:48.911,107321.74,0.00047,50.441217800000004
2025-10-17 22:01:48.913,107321.75,0.00027,28.9768725
2025-10-17 22:01:49.420,107321.75,0.00372,399.23691
2025-10-17 22:01:49.482,107321.75,0.00021,22.5375675
2025-10-17 22:01:49.517,107321.75,0.00023,24.684002500000002
2025-10-17 22:01:49.541,107321.74,9e-05,9.658956600000002
2025-10-17 22:01:49.608,107321.75,0.00021,22.5375675
2025-10-17 22:01:49.838,107321.75,0.00016,17.171480000000003
2025-10-17 22:01:49.848,107321.75,0.00015,16.098262499999997
2025-10-17 22:01:49.962,107321.75,0.00105,112.68783749999999
2025-10-17 22:01:49.970,107321.75,0.00047,50.441222499999995
2025-10-17 22:01:50.119,107321.75,0.00032,34.342960000000005
2025-10-17 22:01:50.284,107321.75,0.00031,33.2697425
2025-10-17 22:01:50.397,107321.75,0.00841,902.5759175000001
2025-10-17 22:01:50.575,107321.75,0.00149,159.90940750000001
2025-10-17 22:01:50.790,107321.75,0.00016,17.171480000000003
2025-10-17 22:01:51.020,107321.75,0.00017,18.2446975
2025-10-17 22:01:51.228,107321.75,0.00012,12.87861
2025-10-17 22:01:51.279,107321.75,0.00032,34.342960000000005
2025-10-17 22:01:51.320,107321.75,0.00027,28.9768725
2025-10-17 22:01:51.419,107321.75,0.00021,22.5375675
2025-10-17 22:01:51.581,107321.75,0.00021,22.5375675
2025-10-17 22:01:51.634,107321.75,0.00013,13.951827499999998
2025-10-17 22:01:51.809,107321.75,0.00011,11.8053925
2025-10-17 22:01:52.117,107321.75,0.00047,50.441222499999995
2025-10-17 22:01:52.151,107321.75,0.00728,781.30234
2025-10-17 22:01:52.197,107321.75,0.00047,50.441222499999995
2025-10-17 22:01:52.291,107321.75,0.00078,83.710965
2025-10-17 22:01:52.382,107321.75,5e-05,5.3660875
2025-10-17 22:01:52.469,107321.75,0.00012,12.87861
2025-10-17 22:01:52.476,107321.75,0.00012,12.87861
2025-10-17 22:01:52.584,107321.75,0.00025,26.830437500000002
2025-10-17 22:01:52.717,107321.75,0.00018,19.317915000000003
2025-10-17 22:01:52.870,107321.75,7e-05,7.512522499999999
2025-10-17 22:01:53.075,107321.75,0.00021,22.5375675
2025-10-17 22:01:53.134,107321.75,0.00134,143.811145
2025-10-17 22:01:53.425,107321.74,0.00093,99.8092182
2025-10-17 22:01:53.513,107321.75,0.00017,18.2446975
2025-10-17 22:01:54.077,107321.75,9e-05,9.658957500000001
2025-10-17 22:01:54.382,107321.75,0.0021,225.37567499999997
2025-10-17 22:01:54.437,107321.74,0.00039,41.8554786
2025-10-17 22:01:55.582,107321.75,0.00011,11.8053925
2025-10-17 22:01:55.724,107321.75,0.00158,169.568365
2025-10-17 22:01:55.972,107321.75,0.00214,229.668545
2025-10-17 22:01:56.232,107321.75,0.00013,13.951827499999998
2025-10-17 22:01:56.389,107321.75,0.02935,3149.8933625
2025-10-17 22:01:56.618,107321.75,0.00187,200.69167249999998
2025-10-17 22:01:56.667,107321.74,0.03014,3234.6772436
2025-10-17 22:01:56.714,107321.75,0.04987,5352.1356725
2025-10-17 22:01:57.284,107321.75,0.00069,74.0520075
2025-10-17 22:01:57.571,107321.75,0.00466,500.119355
2025-10-17 22:01:58.005,107321.75,0.0013,139.518275
2025-10-17 22:01:58.215,107321.75,0.00275,295.1348125
2025-10-17 22:01:58.629,107321.75,0.00178,191.032715
2025-10-17 22:01:59.829,107321.75,0.00279,299.4276825
2025-10-17 22:02:00.106,107321.8,0.2607,27978.79326
2025-10-17 22:02:00.144,107321.8,0.0028,300.50104
2025-10-17 22:02:00.145,107321.8,0.0009,96.58962
2025-10-17 22:02:00.147,107321.8,0.02495,2677.67891
2025-10-17 22:02:00.148,107324.75,6e-05,6.439485
2025-10-17 22:02:00.150,107327.22,0.00151,162.0641022
2025-10-17 22:02:00.175,107327.39,0.00261,280.12448789999996
2025-10-17 22:02:00.191,107329.95,0.00015,16.099492499999997
2025-10-17 22:02:00.257,107331.02,0.00068,72.98509360000001
2025-10-17 22:02:00.305,107331.02,0.01491,1600.3055082
2025-10-17 22:02:00.307,107331.02,0.01491,1600.3055082
2025-10-17 22:02:00.311,107331.02,0.01491,1600.3055082
2025-10-17 22:02:00.433,107331.02,0.00054,57.958750800000004
2025-10-17 22:02:00.718,107331.02,0.00711,763.1235522000001
2025-10-17 22:02:01.115,107331.02,0.00038,40.785787600000006
2025-10-17 22:02:01.331,107331.02,0.01466,1573.4727532
2025-10-17 22:02:01.334,107331.03,0.00035,37.5658605
2025-10-17 22:02:01.336,107331.03,0.00025,26.8327575
2025-10-17 22:02:01.337,107331.03,0.00045,48.2989635
2025-10-17 22:02:01.340,107331.04,0.0019,203.92897599999998
2025-10-17 22:02:01.341,107331.04,0.00025,26.83276
2025-10-17 22:02:01.342,107331.04,0.0003,32.19931199999999
2025-10-17 22:02:01.343,107331.04,0.00025,26.83276
2025-10-17 22:02:01.344,107331.04,0.00015,16.099655999999996
2025-10-17 22:02:01.345,107332.11,0.0001,10.733211
2025-10-17 22:02:01.346,107333.44,0.0001,10.733344
2025-10-17 22:02:01.350,107333.76,0.0004,42.933504
2025-10-17 22:02:01.351,107334.5,6e-05,6.44007
2025-10-17 22:02:01.355,107335.31,0.00046,49.3742426
2025-10-17 22:02:01.356,107335.31,0.00045,48.3008895
2025-10-17 22:02:01.357,107335.31,0.00025,26.8338275
2025-10-17 22:02:01.358,107335.31,0.00032,34.3472992
2025-10-17 22:02:01.360,107335.32,0.001,107.33532000000001
2025-10-17 22:02:01.362,107335.32,0.0006,64.401192
2025-10-17 22:02:01.366,107335.32,0.0015,161.00298
2025-10-17 22:02:01.371,107335.32,0.00035,37.567362
2025-10-17 22:02:01.373,107335.32,0.0001,10.733532000000002
2025-10-17 22:02:01.375,107335.33,0.0003,32.200599
2025-10-17 22:02:01.377,107335.33,0.0007,75.134731
2025-10-17 22:02:01.378,107335.33,0.0006,64.401198
2025-10-17 22:02:01.381,107335.34,0.0018,193.203612
2025-10-17 22:02:01.405,107336.82,0.00038,40.787991600000005
2025-10-17 22:02:01.565,107336.82,0.0016,171.73891200000003
2025-10-17 22:02:01.640,107337.45,0.00669,718.0875404999999
2025-10-17 22:02:01.644,107337.47,0.00025,26.834367500000003
2025-10-17 22:02:01.645,107337.47,0.00025,26.834367500000003
2025-10-17 22:02:01.648,107337.47,0.0003,32.201240999999996
2025-10-17 22:02:01.649,107337.47,0.00025,26.834367500000003
2025-10-17 22:02:01.651,107337.48,0.00075,80.50310999999999
2025-10-17 22:02:01.653,107337.47,0.00025,26.834367500000003
2025-10-17 22:02:01.654,107337.47,0.00045,48.3018615
2025-10-17 22:02:01.655,107337.47,0.0004,42.934988000000004
2025-10-17 22:02:01.658,107337.47,0.00025,26.834367500000003
2025-10-17 22:02:01.677,107337.47,0.00035,37.5681145
2025-10-17 22:02:01.678,107337.48,0.00012,12.8804976
2025-10-17 22:02:01.684,107337.48,0.00012,12.8804976
2025-10-17 22:02:01.694,107337.48,0.00012,12.8804976
2025-10-17 22:02:01.733,107337.48,0.00184,197.5009632
2025-10-17 22:02:01.734,107337.49,0.0015,161.006235
2025-10-17 22:02:01.736,107337.51,0.00055,59.0356305
2025-10-17 22:02:01.740,107337.75,0.00026,27.907814999999996
2025-10-17 22:02:01.741,107337.75,0.00025,26.8344375
2025-10-17 22:02:01.743,107337.75,0.0003,32.201325
2025-10-17 22:02:01.745,107337.75,0.00045,48.301987499999996
2025-10-17 22:02:01.746,107337.76,0.001,107.33776
2025-10-17 22:02:01.748,107339.03,0.00095,101.9720785
2025-10-17 22:02:01.756,107339.03,0.00013,13.9540739
2025-10-17 22:02:01.773,107339.03,0.00317,340.2647251
2025-10-17 22:02:01.775,107339.04,0.001,107.33904
2025-10-17 22:02:01.776,107339.04,0.0003,32.20171199999999
2025-10-17 22:02:01.777,107339.04,0.00045,48.302567999999994
2025-10-17 22:02:01.778,107339.04,0.00045,48.302567999999994
2025-10-17 22:02:01.782,107339.04,0.00025,26.83476
2025-10-17 22:02:01.785,107339.04,0.00025,26.83476
2025-10-17 22:02:01.789,107339.04,0.00035,37.568664
2025-10-17 22:02:01.790,107339.05,0.001,107.33905
2025-10-17 22:02:01.833,107339.99,0.0013,139.541987
2025-10-17 22:02:01.834,107339.99,5e-05,5.3669995
2025-10-17 22:02:01.837,107340.01,0.00045,48.30300449999999
2025-10-17 22:02:01.838,107340.01,0.0004,42.936004
2025-10-17 22:02:01.839,107340.01,0.0003,32.202003
2025-10-17 22:02:01.841,107340.01,0.00025,26.835002499999998
2025-10-17 22:02:01.842,107340.01,0.0001,10.734001
2025-10-17 22:02:01.844,107340.02,0.00095,101.97301900000001
2025-10-17 22:02:01.845,107340.02,0.0003,32.202006
2025-10-17 22:02:01.846,107340.02,0.0007,75.138014
2025-10-17 22:02:01.847,107340.03,0.0018,193.212054
2025-10-17 22:02:01.873,107341.75,0.00504,541.00242
2025-10-17 22:02:01.876,107341.75,0.00256,274.79488000000003
2025-10-17 22:02:01.877,107341.75,0.0011,118.07592500000001
2025-10-17 22:02:01.881,107342.73,0.0006,64.405638
2025-10-17 22:02:01.882,107342.73,0.0003,32.202819
2025-10-17 22:02:01.884,107342.74,0.00064,68.69935360000001
2025-10-17 22:02:01.886,107342.74,0.00061,65.4790714
2025-10-17 22:02:01.888,107342.74,0.00024,25.7622576
2025-10-17 22:02:01.889,107342.74,0.0003,32.202822
2025-10-17 22:02:01.890,107342.74,0.0001,10.734274000000001
2025-10-17 22:02:01.891,107342.75,0.00195,209.31836249999998
2025-10-17 22:02:01.893,107342.75,0.00125,134.1784375
2025-10-17 22:02:01.897,107342.76,0.00209,224.34636839999996
2025-10-17 22:02:01.899,107342.77,0.00035,37.5699695
2025-10-17 22:02:01.900,107342.77,0.00046,49.3776742
2025-10-17 22:02:01.901,107342.76,0.0001,10.734276
2025-10-17 22:02:01.934,107343.17,0.03157,3388.8238769
2025-10-17 22:02:01.936,107343.17,0.0002,21.468634
2025-10-17 22:02:01.938,107343.18,0.00035,37.570113
2025-10-17 22:02:01.940,107343.18,0.00065,69.773067
2025-10-17 22:02:01.941,107343.18,0.00025,26.835794999999997
2025-10-17 22:02:01.943,107343.19,0.0009,96.608871
2025-10-17 22:02:01.945,107343.19,0.0007,75.140233
2025-10-17 22:02:01.947,107343.19,0.0007,75.140233
2025-10-17 22:02:01.949,107343.19,0.0002,21.468638000000002
2025-10-17 22:02:01.950,107343.2,0.0019,203.95208
2025-10-17 22:02:02.005,107344.14,0.00172,184.6319208
2025-10-17 22:02:02.007,107344.15,0.001,107.34415
2025-10-17 22:02:02.009,107344.15,0.00025,26.8360375
2025-10-17 22:02:02.010,107344.15,0.00025,26.8360375
2025-10-17 22:02:02.012,107344.16,0.001,107.34416
2025-10-17 22:02:02.014,107344.16,0.0009,96.609744
2025-10-17 22:02:02.029,107344.16,0.0007,75.140912
2025-10-17 22:02:02.031,107344.17,0.0003,32.203250999999995
2025-10-17 22:02:02.032,107344.17,0.00081,86.9487777
2025-10-17 22:02:02.033,107344.17,0.00034,36.4970178
2025-10-17 22:02:02.034,107344.18,0.001,107.34418
2025-10-17 22:02:02.037,107344.18,0.00045,48.304880999999995
2025-10-17 22:02:02.039,107344.18,0.00025,26.836045
2025-10-17 22:02:02.042,107344.62,5e-05,5.367231
2025-10-17 22:02:02.047,107351.42,0.0001,10.735142
2025-10-17 22:02:02.051,107353.75,0.04657,4999.4641375
2025-10-17 22:02:02.084,107357.25,6e-05,6.441435
2025-10-17 22:02:02.381,107359.67,0.00015,16.1039505
2025-10-17 22:02:02.649,107359.67,0.0006,64.415802
2025-10-17 22:02:03.810,107359.66,0.00037,39.7230742
2025-10-17 22:02:04.193,107359.67,0.00012,12.8831604
2025-10-17 22:02:04.542,107359.66,0.00333,357.50766780000004
2025-10-17 22:02:05.191,107359.66,0.00734,788.0199044000001
2025-10-17 22:02:05.344,107359.66,0.02037,2186.9162742
2025-10-17 22:02:05.378,107359.67,0.00318,341.4037506
2025-10-17 22:02:05.647,107359.67,0.00186,199.68898620000002
2025-10-17 22:02:05.984,107359.67,0.00351,376.8324417
2025-10-17 22:02:06.578,107359.66,0.0001,10.735966000000001
2025-10-17 22:02:06.823,107359.66,0.00013,13.9567558
2025-10-17 22:02:06.874,107359.67,0.00047,50.459044899999995
2025-10-17 22:02:07.304,107359.66,0.00465,499.222419
2025-10-17 22:02:07.757,107359.66,0.00074,79.4461484
2025-10-17 22:02:08.250,107359.67,0.00367,394.0099889
2025-10-17 22:02:08.292,107360.0,7e-05,7.515199999999999
2025-10-17 22:02:08.303,107360.0,0.00047,50.459199999999996
2025-10-17 22:02:09.532,107360.0,0.0001,10.736
2025-10-17 22:02:09.986,107360.0,0.01458,1565.3088
2025-10-17 22:02:10.006,107360.0,0.00165,177.144
2025-10-17 22:02:10.120,107359.99,0.00832,893.2351168
2025-10-17 22:02:10.267,107360.0,0.00047,50.459199999999996
2025-10-17 22:02:10.827,107360.16,5e-05,5.368008000000001
2025-10-17 22:02:10.829,107360.43,0.00205,220.0888815
2025-10-17 22:02:11.061,107361.99,0.00116,124.5399084
2025-10-17 22:02:11.081,107362.0,0.00105,112.7301
2025-10-17 22:02:11.580,107362.0,0.00047,50.460139999999996
2025-10-17 22:02:11.665,107362.0,6e-05,6.44172
2025-10-17 22:02:11.739,107362.0,0.00012,12.88344
2025-10-17 22:02:12.291,107362.01,0.0011,118.098211
2025-10-17 22:02:12.297,107364.0,0.00325,348.933
2025-10-17 22:02:12.308,107364.66,0.00052,55.8296232
2025-10-17 22:02:12.338,107364.67,0.00361,387.5864587
2025-10-17 22:02:12.675,107366.0,0.00029,31.13614
2025-10-17 22:02:12.775,107365.99,0.15,16104.8985
2025-10-17 22:02:13.775,107366.0,0.00124,133.13384
2025-10-17 22:02:14.016,107366.0,7e-05,7.515619999999999
2025-10-17 22:02:14.161,107366.0,0.00294,315.65603999999996
2025-10-17 22:02:14.295,107366.0,0.0005,53.683
2025-10-17 22:02:14.780,107365.99,8e-05,8.589279200000002
2025-10-17 22:02:14.955,107366.0,0.002,214.732
2025-10-17 22:02:15.017,107366.0,5e-05,5.3683000000000005
2025-10-17 22:02:16.309,107366.0,0.00011,11.81026
2025-10-17 22:02:16.321,107366.0,0.00011,11.81026
2025-10-17 22:02:16.499,107370.01,0.0001,10.737001
2025-10-17 22:02:16.632,107370.4,0.00098,105.22299199999999
2025-10-17 22:02:16.637,107370.39,0.00035,37.5796365
2025-10-17 22:02:16.721,107370.39,0.00734,788.0986626
2025-10-17 22:02:16.973,107370.4,0.00011,11.810744
2025-10-17 22:02:17.039,107370.4,0.00019,20.400376
2025-10-17 22:02:17.083,107370.4,0.00013,13.958151999999998
2025-10-17 22:02:17.117,107370.4,0.00047,50.464088
2025-10-17 22:02:17.124,107370.4,9e-05,9.663336
2025-10-17 22:02:17.190,107370.4,0.00028,30.063711999999995
2025-10-17 22:02:17.419,107370.4,0.00019,20.400376
2025-10-17 22:02:17.443,107370.4,0.00016,17.179264
2025-10-17 22:02:17.482,107370.4,0.0001,10.73704
2025-10-17 22:02:17.780,107370.4,7e-05,7.515927999999999
2025-10-17 22:02:17.782,107370.4,0.00187,200.78264799999997
2025-10-17 22:02:17.817,107370.4,0.0007,75.15928
2025-10-17 22:02:18.170,107370.39,0.00035,37.5796365
2025-10-17 22:02:18.219,107370.4,0.00019,20.400376
2025-10-17 22:02:18.542,107370.4,0.00015,16.105559999999997
2025-10-17 22:02:18.716,107370.4,0.0006,64.42223999999999
2025-10-17 22:02:18.774,107370.4,0.00012,12.884447999999999
2025-10-17 22:02:19.191,107370.4,0.00019,20.400376
2025-10-17 22:02:19.225,107370.4,0.00094,100.928176
2025-10-17 22:02:19.237,107370.4,0.00019,20.400376
2025-10-17 22:02:19.270,107370.4,0.0001,10.73704
2025-10-17 22:02:19.370,107370.39,0.00144,154.61336160000002
2025-10-17 22:02:19.594,107370.39,0.00318,341.4378402
2025-10-17 22:02:19.617,107370.39,0.00026,27.9163014
2025-10-17 22:02:19.822,107370.39,0.00094,100.9281666
2025-10-17 22:02:19.928,107370.39,0.00234,251.2467126
2025-10-17 22:02:20.123,107370.39,0.00396,425.1867444
2025-10-17 22:02:20.199,107370.4,0.00186,199.708944
2025-10-17 22:02:20.386,107370.4,0.00011,11.810744
2025-10-17 22:02:20.576,107370.4,6e-05,6.4422239999999995
2025-10-17 22:02:21.681,107370.4,9e-05,9.663336
2025-10-17 22:02:21.852,107370.39,0.00263,282.38412569999997
2025-10-17 22:02:21.892,107370.4,0.00037,39.727047999999996
2025-10-17 22:02:22.306,107370.39,0.00047,50.4640833
2025-10-17 22:02:22.322,107370.4,6e-05,6.4422239999999995
2025-10-17 22:02:22.555,107370.4,0.00041,44.021863999999994
2025-10-17 22:02:22.987,107370.4,0.00017,18.252968
2025-10-17 22:02:23.564,107370.39,0.5071,54447.524768999996
2025-10-17 22:02:23.572,107370.39,1.01305,108771.5735895
2025-10-17 22:02:23.619,107370.39,0.01344,1443.0580416
2025-10-17 22:02:23.621,107369.31,0.00015,16.105396499999998
2025-10-17 22:02:23.633,107366.81,0.00105,112.73515049999999
2025-10-17 22:02:23.636,107366.8,0.0011,118.10348
2025-10-17 22:02:23.639,107366.8,0.0002,21.473360000000003
2025-10-17 22:02:23.641,107365.99,0.00145,155.6806855
2025-10-17 22:02:23.643,107363.75,6e-05,6.441825000000001
2025-10-17 22:02:23.647,107363.47,0.0008,85.890776
2025-10-17 22:02:23.649,107359.98,0.00753,808.4206494
2025-10-17 22:02:23.653,107359.55,0.00579,621.6117945
2025-10-17 22:02:23.656,107357.44,0.00238,255.5107072
2025-10-17 22:02:23.659,107357.44,0.10311,11069.625638399999
2025-10-17 22:02:23.662,107357.44,0.00165,177.139776
2025-10-17 22:02:23.664,107356.99,0.0001,10.735699
2025-10-17 22:02:23.716,107355.87,0.00878,942.5845386
2025-10-17 22:02:23.718,107347.2,0.00015,16.102079999999997
2025-10-17 22:02:24.529,107345.21,0.00015,16.1017815
2025-10-17 22:02:24.539,107345.21,0.00015,16.1017815
2025-10-17 22:02:24.577,107345.21,0.00021,22.542494100000003
2025-10-17 22:02:24.913,107345.2,7e-05,7.514163999999999
2025-10-17 22:02:25.558,107345.2,0.00021,22.542492
2025-10-17 22:02:27.070,107345.2,0.00279,299.493108
2025-10-17 22:02:27.262,107345.2,0.63,67627.476
2025-10-17 22:02:27.849,107345.21,0.00081,86.9496201
2025-10-17 22:02:28.062,107345.2,0.00027,28.983204
2025-10-17 22:02:28.064,107345.21,0.00047,50.4522487
2025-10-17 22:02:28.340,107345.21,0.00015,16.1017815
2025-10-17 22:02:28.692,107345.2,0.00018,19.322136
2025-10-17 22:02:29.026,107345.2,7e-05,7.514163999999999
2025-10-17 22:02:29.212,107345.21,7e-05,7.514164699999999
2025-10-17 22:02:29.448,107345.21,0.00062,66.5540302
2025-10-17 22:02:29.574,107345.2,0.00046,49.378792
2025-10-17 22:02:31.188,107345.21,0.00051,54.74605710000001
2025-10-17 22:02:31.284,107345.21,0.00081,86.9496201
2025-10-17 22:02:31.482,107345.21,0.00019,20.3955899
2025-10-17 22:02:31.587,107345.2,0.0001,10.73452
2025-10-17 22:02:31.868,107345.2,0.00451,484.126852
2025-10-17 22:02:32.260,107345.21,0.00112,120.22663519999999
2025-10-17 22:02:32.360,107345.21,0.00044,47.23189240000001
2025-10-17 22:02:33.976,107345.21,0.0012,128.814252
2025-10-17 22:02:34.004,107345.21,7e-05,7.514164699999999
2025-10-17 22:02:34.743,107345.21,0.00074,79.43545540000001
2025-10-17 22:02:34.893,107345.21,0.00012,12.8814252
2025-10-17 22:02:35.964,107345.2,0.01963,2107.186276
2025-10-17 22:02:36.982,107345.2,0.00047,50.452244
2025-10-17 22:02:37.087,107345.21,0.00047,50.4522487
2025-10-17 22:02:38.332,107345.21,0.00081,86.9496201
2025-10-17 22:02:38.640,107345.21,0.01865,2001.9881665
2025-10-17 22:02:39.121,107345.21,6e-05,6.4407126
2025-10-17 22:02:39.185,107345.21,0.05216,5599.1261536
2025-10-17 22:02:39.209,107345.21,0.00093,99.83104530000001
2025-10-17 22:02:39.213,107345.21,0.00085,91.24342850000001
2025-10-17 22:02:39.852,107345.2,0.01328,1425.544256
2025-10-17 22:02:39.908,107345.2,0.05325,5716.131899999999
2025-10-17 22:02:40.363,107345.2,0.00339,363.90022799999997
2025-10-17 22:02:40.589,107345.2,0.00179,192.14790799999997
2025-10-17 22:02:40.706,107345.21,0.0001,10.734521
2025-10-17 22:02:41.082,107345.21,0.00012,12.8814252
2025-10-17 22:02:41.373,107345.21,0.00047,50.4522487
2025-10-17 22:02:41.690,107345.2,0.00047,50.452244
2025-10-17 22:02:41.695,107345.21,6e-05,6.4407126
2025-10-17 22:02:42.016,107345.2,0.02,2146.904
2025-10-17 22:02:42.020,107345.2,0.00102,109.49210400000001
2025-10-17 22:02:42.402,107345.21,2.10873,226362.0646833
2025-10-17 22:02:42.405,107345.21,0.12745,13681.147014500002
2025-10-17 22:02:42.572,107345.21,0.02397,2573.0646837000004
2025-10-17 22:02:42.575,107347.31,0.00035,37.5715585
2025-10-17 22:02:42.580,107349.5,0.00508,545.33546
2025-10-17 22:02:42.600,107351.53,0.00135,144.9245655
2025-10-17 22:02:42.615,107351.66,0.00155,166.395073
2025-10-17 22:02:42.651,107351.67,0.002,214.70334
2025-10-17 22:02:42.682,107351.68,0.00225,241.54127999999997
2025-10-17 22:02:42.713,107351.69,0.00225,241.5413025
2025-10-17 22:02:42.716,107351.7,0.002,214.7034
2025-10-17 22:02:42.734,107354.0,0.00121,129.89834
2025-10-17 22:02:42.753,107354.95,0.0012,128.82593999999997
2025-10-17 22:02:42.757,107354.95,0.00035,37.5742325
2025-10-17 22:02:42.758,107356.91,0.0001,10.735691000000001
2025-10-17 22:02:42.761,107357.25,0.00121,129.90227249999998
2025-10-17 22:02:43.073,107358.61,0.00079,84.8133019
2025-10-17 22:02:43.206,107358.61,0.00017,18.2509637
2025-10-17 22:02:43.373,107358.61,0.00029,31.1339969
2025-10-17 22:02:43.484,107358.61,0.00024,25.7660664
2025-10-17 22:02:43.673,107358.6,0.00058,62.267988
2025-10-17 22:02:43.694,107358.61,0.00104,111.65295439999998
2025-10-17 22:02:43.979,107358.6,5e-05,5.36793
2025-10-17 22:02:44.348,107358.61,0.00012,12.8830332
2025-10-17 22:02:44.764,107358.61,0.00032,34.3547552
2025-10-17 22:02:44.923,107358.61,0.00026,27.913238599999996
2025-10-17 22:02:44.967,107358.61,0.00486,521.7628446
2025-10-17 22:02:45.043,107358.61,0.00051,54.75289110000001
2025-10-17 22:02:45.637,107358.6,0.00033,35.428338000000004
2025-10-17 22:02:45.901,107358.61,0.00465,499.21753649999994
2025-10-17 22:02:46.330,107358.61,0.00464,498.1439504
2025-10-17 22:02:46.505,107358.61,5e-05,5.3679305
2025-10-17 22:02:46.784,107358.61,0.00079,84.8133019
2025-10-17 22:02:47.024,107358.61,0.00171,183.5832231
2025-10-17 22:02:47.110,107358.6,0.00097,104.137842
2025-10-17 22:02:47.800,107358.6,0.0182,1953.9265200000002
2025-10-17 22:02:49.672,107358.61,0.0001,10.735861
2025-10-17 22:02:50.206,107358.6,5e-05,5.36793
2025-10-17 22:02:51.528,107358.61,0.00028,30.060410799999996
2025-10-17 22:02:51.649,107358.61,0.00096,103.0642656
2025-10-17 22:02:51.759,107358.6,0.00038,40.796268000000005
2025-10-17 22:02:51.830,107358.6,0.00028,30.060408
2025-10-17 22:02:51.919,107358.61,0.00068,73.0038548
2025-10-17 22:02:51.980,107358.6,7e-05,7.515102
2025-10-17 22:02:52.045,107365.05,0.00523,561.5192115000001
2025-10-17 22:02:52.108,107365.04,0.0006,64.419024
2025-10-17 22:02:52.280,107365.05,0.00017,18.2520585
2025-10-17 22:02:52.539,107365.04,5e-05,5.368252
2025-10-17 22:02:52.591,107365.05,0.00183,196.47804150000002
2025-10-17 22:02:52.731,107365.04,0.00015,16.104756
2025-10-17 22:02:52.849,107365.04,0.00677,726.8613207999999
2025-10-17 22:02:53.528,107365.04,8e-05,8.5892032
2025-10-17 22:02:54.102,107365.05,0.15243,16365.654571500001
2025-10-17 22:02:54.317,107365.05,0.00021,22.5466605
2025-10-17 22:02:54.571,107365.04,0.06163,6616.907415199999
2025-10-17 22:02:55.168,107365.05,7e-05,7.515553499999999
2025-10-17 22:02:55.232,107365.05,0.015,1610.47575
2025-10-17 22:02:55.280,107365.04,0.005,536.8252
2025-10-17 22:02:56.804,107365.05,0.00093,99.84949650000001
2025-10-17 22:02:57.008,107365.04,0.00051,54.7561704
2025-10-17 22:02:57.124,107365.05,0.00019,20.399359500000003
2025-10-17 22:02:57.439,107365.05,0.06301,6765.0718005
2025-10-17 22:02:58.174,107365.04,0.00047,50.461568799999995
2025-10-17 22:02:58.263,107365.05,0.01318,1415.071359
2025-10-17 22:02:59.232,107365.05,0.1056,11337.74928
2025-10-17 22:02:59.970,107365.05,0.00073,78.3764865
2025-10-17 22:03:00.374,107365.04,0.0001,10.736504
2025-10-17 22:03:01.534,107365.04,0.00077,82.67108079999998
2025-10-17 22:03:01.738,107365.07,0.0001,10.736507000000001
2025-10-17 22:03:01.750,107366.62,0.00016,17.178659200000002
2025-10-17 22:03:01.782,107366.62,0.00208,223.32256959999998
2025-10-17 22:03:01.859,107366.63,0.00234,251.2379142
2025-10-17 22:03:01.980,107366.65,0.00135,144.9449775
2025-10-17 22:03:02.015,107366.69,0.00101,108.44035690000001
2025-10-17 22:03:02.047,107366.68,0.0013,139.57668399999997
2025-10-17 22:03:02.048,107366.69,0.00119,127.76636110000001
2025-10-17 22:03:02.050,107367.0,6e-05,6.44202
2025-10-17 22:03:02.051,107369.34,0.00383,411.2245722
2025-10-17 22:03:02.108,107370.24,0.00734,788.0975616000001
2025-10-17 22:03:02.122,107370.25,0.00211,226.55122749999998
2025-10-17 22:03:02.127,107373.5,6e-05,6.44241
2025-10-17 22:03:02.184,107374.0,0.24428,26229.32072
2025-10-17 22:03:02.216,107374.0,0.06319,6784.96306
2025-10-17 22:03:02.222,107374.0,0.0014,150.3236
2025-10-17 22:03:03.272,107375.05,9e-05,9.663754500000001
2025-10-17 22:03:04.462,107375.06,0.00016,17.1800096
2025-10-17 22:03:04.476,107375.06,0.00028,30.065016799999995
2025-10-17 22:03:05.790,107375.06,0.00117,125.6288202
2025-10-17 22:03:05.885,107375.06,0.00279,299.57641739999997
2025-10-17 22:03:05.889,107376.81,0.00495,531.5152095000001
2025-10-17 22:03:06.453,107376.82,0.00109,117.04073380000001
2025-10-17 22:03:06.561,107376.82,0.02493,2676.9041226000004
2025-10-17 22:03:06.665,107376.81,0.00046,49.3933326
2025-10-17 22:03:06.678,107376.82,0.00093,99.86044260000001
2025-10-17 22:03:07.085,107376.81,0.00031,33.2868111
2025-10-17 22:03:07.195,107376.81,0.00047,50.467100699999996
2025-10-17 22:03:07.575,107376.82,0.00757,812.8425274000001
2025-10-17 22:03:07.825,107376.82,0.00139,149.25377980000002
2025-10-17 22:03:07.832,107376.82,0.00058,62.278555600000004
2025-10-17 22:03:08.121,107376.82,0.00047,50.4671054
2025-10-17 22:03:08.849,107376.82,0.0004,42.950728000000005
2025-10-17 22:03:09.060,107375.79,0.00015,16.1063685
2025-10-17 22:03:09.066,107375.3,0.0005,53.687650000000005
2025-10-17 22:03:09.075,107374.12,5e-05,5.368706
2025-10-17 22:03:09.079,107373.0,0.00015,16.10595
2025-10-17 22:03:09.803,107372.53,0.00047,50.4650891
2025-10-17 22:03:09.819,107372.53,0.00014,15.032154199999999
2025-10-17 22:03:10.494,107372.53,0.0044,472.43913200000003
2025-10-17 22:03:10.581,107372.53,0.03158,3390.8244973999995
2025-10-17 22:03:11.015,107372.52,9e-05,9.663526800000001
2025-10-17 22:03:11.222,107372.53,0.00047,50.4650891
2025-10-17 22:03:11.975,107372.53,0.00521,559.4108813
2025-10-17 22:03:12.623,107372.52,0.00027,28.990580400000002
2025-10-17 22:03:12.733,107372.53,0.02477,2659.6175681
2025-10-17 22:03:13.052,107372.53,0.00047,50.4650891
2025-10-17 22:03:13.070,107372.53,7e-05,7.5160770999999995
2025-10-17 22:03:13.225,107372.53,0.0004,42.949012
2025-10-17 22:03:13.781,107372.53,0.00931,999.6382543000001
2025-10-17 22:03:14.051,107372.53,8e-05,8.5898024
2025-10-17 22:03:14.752,107372.53,8e-05,8.5898024
2025-10-17 22:03:15.562,107372.52,0.009,966.35268
2025-10-17 22:03:16.570,107372.53,5e-05,5.3686265
2025-10-17 22:03:16.733,107374.02,0.01677,1800.6623154000001
2025-10-17 22:03:16.734,107374.02,0.01041,1117.7635482
2025-10-17 22:03:16.736,107374.91,9e-05,9.663741900000002
2025-10-17 22:03:16.739,107374.92,0.0008,85.899936
2025-10-17 22:03:16.743,107375.3,0.0001,10.737530000000001
2025-10-17 22:03:16.759,107376.56,0.001,107.37656
2025-10-17 22:03:16.766,107377.74,0.00015,16.106661
2025-10-17 22:03:16.768,107378.0,0.0026,279.1828
2025-10-17 22:03:16.774,107379.0,0.0001,10.7379
2025-10-17 22:03:16.775,107379.99,0.0003,32.213997
2025-10-17 22:03:16.776,107380.0,0.00932,1000.7816
2025-10-17 22:03:16.779,107381.06,0.00015,16.107159
2025-10-17 22:03:16.784,107382.0,0.00281,301.74342
2025-10-17 22:03:16.785,107382.0,0.00676,725.90232
2025-10-17 22:03:16.786,107382.0,0.01186,1273.55052
2025-10-17 22:03:17.363,107382.0,0.00011,11.81202
2025-10-17 22:03:17.738,107382.0,0.05817,6246.41094
2025-10-17 22:03:18.026,107382.01,0.00139,149.2609939
2025-10-17 22:03:19.210,107382.03,5e-05,5.3691015
2025-10-17 22:03:19.238,107382.03,6e-05,6.4429218
2025-10-17 22:03:19.266,107382.03,0.00123,132.0798969
2025-10-17 22:03:19.397,107382.05,0.0077,826.8417850000001
2025-10-17 22:03:19.455,107382.05,0.0166,1782.54203
2025-10-17 22:03:19.658,107382.05,0.0166,1782.54203
2025-10-17 22:03:19.812,107382.05,0.0166,1782.54203
2025-10-17 22:03:19.887,107382.04,0.00032,34.3622528
2025-10-17 22:03:19.937,107383.26,0.0017,182.55154199999998
2025-10-17 22:03:20.359,107383.26,6e-05,6.4429956
2025-10-17 22:03:20.628,107383.26,0.0001,10.738326
2025-10-17 22:03:20.694,107383.25,0.06154,6608.365205
2025-10-17 22:03:20.712,107383.26,0.00373,400.53955979999995
2025-10-17 22:03:20.975,107383.26,0.00037,39.731806199999994
2025-10-17 22:03:21.592,107383.25,9e-05,9.664492500000001
2025-10-17 22:03:21.707,107383.25,0.00207,222.28332749999998
2025-10-17 22:03:23.475,107383.25,0.0002,21.47665
2025-10-17 22:03:23.686,107383.25,8e-05,8.590660000000002
2025-10-17 22:03:24.643,107383.26,0.00111,119.19541860000001
2025-10-17 22:03:24.735,107383.26,0.00052,55.839295199999995
2025-10-17 22:03:24.755,107383.26,0.00039,41.8794714
2025-10-17 22:03:25.182,107383.25,0.00822,882.6903149999999
2025-10-17 22:03:25.225,107383.26,0.00067,71.9467842
2025-10-17 22:03:25.416,107383.25,0.00077,82.6851025
2025-10-17 22:03:26.039,107383.26,0.00051,54.7654626
2025-10-17 22:03:26.289,107383.25,9e-05,9.664492500000001
2025-10-17 22:03:26.310,107383.26,0.00028,30.067312799999996
2025-10-17 22:03:26.420,107383.25,0.00076,81.61127
2025-10-17 22:03:26.425,107383.26,0.00263,282.41797379999997
2025-10-17 22:03:26.432,107383.25,0.00245,263.0889625
2025-10-17 22:03:26.586,107383.26,0.005,536.9163
2025-10-17 22:03:27.320,107383.25,0.0091,977.187575
2025-10-17 22:03:27.530,107383.26,0.00046,49.3962996
2025-10-17 22:03:27.592,107383.25,0.00099,106.3094175
2025-10-17 22:03:27.745,107383.25,0.00135,144.9673875
2025-10-17 22:03:28.176,107383.26,0.08638,9275.7659988
2025-10-17 22:03:28.417,107383.26,0.00028,30.067312799999996
2025-10-17 22:03:28.492,107383.26,0.00078,83.7589428
2025-10-17 22:03:29.110,107383.26,6e-05,6.4429956
2025-10-17 22:03:29.881,107383.25,0.00113,121.34307249999999
2025-10-17 22:03:29.887,107383.26,6e-05,6.4429956
2025-10-17 22:03:30.183,107383.26,0.00279,299.59929539999996
2025-10-17 22:03:30.282,107383.25,0.01816,1950.07982
2025-10-17 22:03:30.515,107383.26,0.0011,118.12158600000001
2025-10-17 22:03:30.811,107383.26,0.00047,50.470132199999995
2025-10-17 22:03:31.089,107383.26,6e-05,6.4429956
2025-10-17 22:03:31.512,107383.25,0.00019,20.4028175
2025-10-17 22:03:32.342,107383.26,0.0008,85.906608
2025-10-17 22:03:32.420,107383.26,0.00931,999.7381506
2025-10-17 22:03:32.424,107383.26,0.00431,462.82185059999995
2025-10-17 22:03:32.619,107383.26,0.02328,2499.8822927999995
2025-10-17 22:03:33.486,107383.25,0.00225,241.61231249999997
2025-10-17 22:03:33.647,107383.26,9e-05,9.6644934
2025-10-17 22:03:34.495,107383.26,0.00014,15.033656399999998
2025-10-17 22:03:35.732,107383.26,0.00012,12.8859912
2025-10-17 22:03:36.152,107383.26,0.00011,11.8121586
2025-10-17 22:03:36.549,107383.26,0.00091,97.7187666
2025-10-17 22:03:36.983,107383.26,0.00086,92.3496036
2025-10-17 22:03:36.997,107383.26,6e-05,6.4429956
2025-10-17 22:03:38.229,107383.25,0.00047,50.4701275
2025-10-17 22:03:38.265,107383.26,0.00023,24.6981498
2025-10-17 22:03:38.439,107383.26,0.00122,131.0075772
2025-10-17 22:03:39.241,107383.26,0.00049,52.61779739999999
2025-10-17 22:03:39.469,107383.26,0.00187,200.80669619999998
2025-10-17 22:03:39.841,107383.26,0.00259,278.12264339999996
2025-10-17 22:03:39.910,107383.25,0.00047,50.4701275
2025-10-17 22:03:40.001,107383.26,0.00037,39.731806199999994
2025-10-17 22:03:40.002,107383.26,7e-05,7.516828199999999
2025-10-17 22:03:40.260,107383.26,7e-05,7.516828199999999
2025-10-17 22:03:40.433,107383.26,0.00109,117.0477534
2025-10-17 22:03:41.331,107383.25,0.00047,50.4701275
2025-10-17 22:03:41.961,107383.26,0.00066,70.8729516
2025-10-17 22:03:42.223,107383.26,0.00017,18.2551542
2025-10-17 22:03:43.160,107383.25,0.00047,50.4701275
2025-10-17 22:03:43.685,107383.26,0.00028,30.067312799999996
2025-10-17 22:03:43.784,107383.26,0.0008,85.906608
2025-10-17 22:03:43.881,107383.25,0.00413,443.4928225
2025-10-17 22:03:43.954,107383.25,5e-05,5.3691625
2025-10-17 22:03:44.074,107383.26,0.00061,65.5037886
2025-10-17 22:03:44.346,107383.25,0.00734,788.1930550000001
2025-10-17 22:03:44.561,107383.26,0.00066,70.8729516
2025-10-17 22:03:44.747,107383.26,0.05739,6162.725291399999
2025-10-17 22:03:44.991,107384.0,0.00525,563.7660000000001
2025-10-17 22:03:45.070,107384.0,0.00172,184.70048
2025-10-17 22:03:45.274,107383.99,0.00175,187.9219825
2025-10-17 22:03:46.092,107384.0,0.00087,93.42408
2025-10-17 22:03:46.285,107384.0,0.0001,10.7384
2025-10-17 22:03:46.716,107384.0,0.00264,283.49376
2025-10-17 22:03:46.726,107384.0,0.01509,1620.42456
2025-10-17 22:03:47.187,107384.0,0.00011,11.812240000000001
2025-10-17 22:03:47.724,107384.0,0.00074,79.46415999999999
2025-10-17 22:03:47.725,107384.0,7e-05,7.51688
2025-10-17 22:03:48.117,107383.99,0.00015,16.107598499999998
2025-10-17 22:03:48.688,107384.0,0.00011,11.812240000000001
2025-10-17 22:03:48.710,107384.0,0.00011,11.812240000000001
2025-10-17 22:03:49.064,107384.0,0.00029,31.14136
2025-10-17 22:03:49.068,107384.0,0.00047,50.47048
2025-10-17 22:03:49.519,107384.0,0.00189,202.95576
2025-10-17 22:03:49.715,107384.0,0.00045,48.3228
2025-10-17 22:03:50.236,107385.45,0.00022,23.624799
2025-10-17 22:03:50.909,107385.46,0.00098,105.2377508
2025-10-17 22:03:50.958,107385.45,0.00036,38.658762
2025-10-17 22:03:51.037,107385.46,0.09123,9796.775515800002
2025-10-17 22:03:51.532,107385.46,0.00022,23.624801200000004
2025-10-17 22:03:51.577,107385.45,7e-05,7.516981499999999
2025-10-17 22:03:52.202,107385.46,0.00352,377.99681920000006
2025-10-17 22:03:52.431,107385.46,0.00025,26.846365000000002
2025-10-17 22:03:52.782,107385.46,0.00225,241.617285
2025-10-17 22:03:52.783,107386.0,0.0027,289.9422
2025-10-17 22:03:52.792,107388.0,0.0039,418.8132
2025-10-17 22:03:52.809,107389.49,0.00052,55.842534799999996
2025-10-17 22:03:52.815,107389.49,0.00227,243.7741423
2025-10-17 22:03:52.841,107389.5,0.00234,251.29143000000002
2025-10-17 22:03:52.859,107390.0,0.00195,209.41049999999998
2025-10-17 22:03:52.873,107393.0,2e-05,2.14786
2025-10-17 22:03:53.133,107392.99,0.00109,117.0583591
2025-10-17 22:03:53.178,107393.0,0.00028,30.07004
2025-10-17 22:03:53.529,107393.0,0.00017,18.25681
2025-10-17 22:03:53.882,107393.0,0.00047,50.47471
2025-10-17 22:03:54.102,107393.0,0.01217,1306.97281
2025-10-17 22:03:54.834,107393.0,0.00173,185.78988999999999
2025-10-17 22:03:54.836,107393.01,0.001,107.39301
2025-10-17 22:03:54.837,107394.11,0.0004,42.957644
2025-10-17 22:03:54.896,107396.0,0.00505,542.3498
2025-10-17 22:03:54.898,107396.19,0.00766,822.6548154000001
2025-10-17 22:03:54.899,107396.19,0.00139,149.2807041
2025-10-17 22:03:54.901,107397.27,0.00015,16.1095905
2025-10-17 22:03:54.902,107398.0,0.0029,311.45419999999996
2025-10-17 22:03:54.904,107399.5,6e-05,6.44397
2025-10-17 22:03:54.906,107399.99,0.00105,112.7699895
2025-10-17 22:03:54.907,107400.0,0.0015,161.1
2025-10-17 22:03:54.908,107402.6,0.00799,858.1467740000002
2025-10-17 22:03:54.911,107404.54,0.00015,16.110680999999996
2025-10-17 22:03:54.914,107404.98,0.00259,278.1788982
2025-10-17 22:03:54.915,107404.98,0.12005,12893.967849
2025-10-17 22:03:54.922,107404.97,0.04655,4999.701353500001
2025-10-17 22:03:55.053,107404.97,0.00734,788.3524798000001
2025-10-17 22:03:55.648,107404.98,0.0026,279.252948
2025-10-17 22:03:56.363,107404.99,0.00011,11.8145489
2025-10-17 22:03:56.365,107404.99,0.00011,11.8145489
2025-10-17 22:03:56.570,107404.99,0.0003,32.221497
2025-10-17 22:03:57.261,107404.99,0.00013,13.962648699999999
2025-10-17 22:03:57.504,107404.99,9e-05,9.666449100000001
2025-10-17 22:03:57.532,107404.99,0.00362,388.8060638
2025-10-17 22:03:57.941,107408.0,0.00047,50.48176
2025-10-17 22:03:58.304,107408.0,0.00092,98.81536
2025-10-17 22:03:58.338,107407.99,0.00023,24.7038377
2025-10-17 22:03:58.656,107407.99,0.00021,22.555677900000003
2025-10-17 22:03:59.330,107407.99,9e-05,9.666719100000002
2025-10-17 22:04:00.947,107407.99,9e-05,9.666719100000002
2025-10-17 22:04:01.134,107409.62,0.0001,10.740962
2025-10-17 22:04:01.137,107410.0,0.0032,343.712
2025-10-17 22:04:01.138,107412.0,0.0028,300.7536
2025-10-17 22:04:01.140,107412.71,5e-05,5.370635500000001
2025-10-17 22:04:01.146,107414.01,0.00045,48.3363045
2025-10-17 22:04:01.176,107414.01,0.00305,327.6127305
2025-10-17 22:04:01.724,107415.72,0.00031,33.2988732
2025-10-17 22:04:01.771,107415.72,0.009,966.7414799999999
2025-10-17 22:04:02.127,107415.73,0.00011,11.8157303
2025-10-17 22:04:03.574,107415.73,0.00061,65.5235953
2025-10-17 22:04:03.719,107415.72,0.00011,11.8157292
2025-10-17 22:04:03.818,107415.72,0.00015,16.112358
2025-10-17 22:04:05.213,107415.73,0.00158,169.7168534
2025-10-17 22:04:05.641,107415.72,0.0002,21.483144000000003
2025-10-17 22:04:05.933,107415.72,0.009,966.7414799999999
2025-10-17 22:04:07.161,107415.73,0.00163,175.0876399
2025-10-17 22:04:07.581,107415.73,0.00087,93.45168509999999
2025-10-17 22:04:07.649,107415.72,5e-05,5.370786000000001
2025-10-17 22:04:08.424,107415.72,0.00734,788.4313848
2025-10-17 22:04:08.488,107415.73,0.5,53707.865
2025-10-17 22:04:08.817,107415.73,0.03242,3482.4179665999995
2025-10-17 22:04:08.862,107415.73,0.00018,19.3348314
2025-10-17 22:04:09.780,107415.72,5e-05,5.370786000000001
2025-10-17 22:04:10.741,107415.73,0.00187,200.8674151
2025-10-17 22:04:11.427,107415.73,5e-05,5.3707865
2025-10-17 22:04:11.508,107415.73,5e-05,5.3707865
2025-10-17 22:04:11.715,107415.73,5e-05,5.3707865
2025-10-17 22:04:11.989,107415.73,0.00176,189.0516848
2025-10-17 22:04:12.487,107415.72,5e-05,5.370786000000001
2025-10-17 22:04:12.559,107415.73,0.0093,998.9662889999998
2025-10-17 22:04:12.900,107415.73,0.00233,250.2786509
2025-10-17 22:04:13.109,107415.73,0.0026,279.280898
2025-10-17 22:04:13.130,107415.73,0.0004,42.966292
2025-10-17 22:04:13.354,107415.72,0.05974,6417.0151128
2025-10-17 22:04:13.512,107415.72,0.00282,302.91233040000003
2025-10-17 22:04:13.837,107415.72,0.00114,122.45392079999999
2025-10-17 22:04:14.077,107415.73,9e-05,9.6674157
2025-10-17 22:04:14.204,107415.72,0.09505,10209.864185999999
2025-10-17 22:04:14.206,107415.72,0.35362,37984.3469064
2025-10-17 22:04:14.208,107415.72,0.0003,32.224716
2025-10-17 22:04:14.209,107413.27,0.00015,16.111990499999997
2025-10-17 22:04:14.210,107413.26,0.03222,3460.8552371999995
2025-10-17 22:04:14.362,107413.27,0.00343,368.4275161
2025-10-17 22:04:14.549,107413.26,0.00203,218.0489178
2025-10-17 22:04:14.688,107413.26,0.00066,70.8927516
2025-10-17 22:04:15.832,107413.27,0.00077,82.7082179
2025-10-17 22:04:15.933,107413.26,0.00026,27.927447599999997
2025-10-17 22:04:15.934,107413.26,0.00287,308.2760562
2025-10-17 22:04:15.943,107413.25,0.00209,224.49369249999998
2025-10-17 22:04:15.946,107412.59,0.0262,2814.209858
2025-10-17 22:04:15.949,107412.59,0.00214,229.8629426
2025-10-17 22:04:15.951,107411.81,0.0001,10.741181000000001
2025-10-17 22:04:15.953,107411.43,0.03288,3531.6878183999997
2025-10-17 22:04:15.955,107407.99,0.1122,12051.176478
2025-10-17 22:04:15.957,107406.0,6e-05,6.4443600000000005
2025-10-17 22:04:15.958,107402.47,0.00015,16.1103705
2025-10-17 22:04:15.961,107402.46,0.02503,2688.2835738000003
2025-10-17 22:04:15.969,107402.46,0.10344,11109.7104624
2025-10-17 22:04:15.970,107402.46,0.10344,11109.7104624
2025-10-17 22:04:15.976,107402.46,0.1,10740.246000000001
2025-10-17 22:04:15.977,107402.12,0.00069,74.1074628
2025-10-17 22:04:15.979,107401.94,0.0009,96.661746
2025-10-17 22:04:15.982,107397.7,0.00015,16.109654999999997
2025-10-17 22:04:15.986,107397.69,0.00107,114.9155283
2025-10-17 22:04:16.009,107397.7,0.003,322.1931
2025-10-17 22:04:16.065,107397.7,4e-05,4.295908
2025-10-17 22:04:16.467,107397.69,5e-05,5.3698845
2025-10-17 22:04:16.762,107397.7,6e-05,6.443862
2025-10-17 22:04:16.784,107397.7,0.00047,50.476918999999995
2025-10-17 22:04:16.886,107397.7,0.00019,20.405563
2025-10-17 22:04:16.914,107397.7,0.00019,20.405563
2025-10-17 22:04:17.139,107397.7,0.00094,100.95383799999999
2025-10-17 22:04:17.183,107397.7,0.00014,15.035677999999999
2025-10-17 22:04:17.195,107397.7,0.00018,19.331586
2025-10-17 22:04:17.262,107397.7,0.00019,20.405563
2025-10-17 22:04:17.266,107397.7,0.00391,419.925007
2025-10-17 22:04:17.290,107397.7,0.00311,334.006847
2025-10-17 22:04:17.375,107397.7,0.00011,11.813747
2025-10-17 22:04:17.539,107397.7,0.00028,30.071355999999998
2025-10-17 22:04:17.680,107397.7,0.00028,30.071355999999998
2025-10-17 22:04:17.733,107397.7,0.00017,18.257609000000002
2025-10-17 22:04:17.823,107397.7,0.00028,30.071355999999998
2025-10-17 22:04:17.912,107397.7,7e-05,7.5178389999999995
2025-10-17 22:04:17.925,107397.7,0.00028,30.071355999999998
2025-10-17 22:04:17.962,107397.7,0.0001,10.73977
2025-10-17 22:04:18.019,107397.7,0.0007,75.17839
2025-10-17 22:04:18.374,107397.7,0.00047,50.476918999999995
2025-10-17 22:04:18.512,107397.7,0.00109,117.063493
2025-10-17 22:04:18.532,107397.7,0.00187,200.833699
2025-10-17 22:04:18.773,107397.69,5e-05,5.3698845
2025-10-17 22:04:19.148,107397.69,0.00023,24.701468700000003
2025-10-17 22:04:19.176,107397.69,0.00047,50.4769143
2025-10-17 22:04:19.275,107397.69,0.0004,42.959076
2025-10-17 22:04:19.358,107397.7,0.00012,12.887724
2025-10-17 22:04:20.480,107397.69,0.00687,737.8221303
2025-10-17 22:04:20.508,107397.69,0.00904,970.8751176
2025-10-17 22:04:20.693,107397.7,0.00931,999.8725870000001
2025-10-17 22:04:20.720,107397.69,5e-05,5.3698845
2025-10-17 22:04:20.734,107397.7,8e-05,8.591816
2025-10-17 22:04:21.518,107397.69,0.00018,19.3315842
2025-10-17 22:04:21.526,107397.7,0.00613,658.347901
2025-10-17 22:04:21.584,107397.69,6e-05,6.4438614
2025-10-17 22:04:21.667,107397.7,6e-05,6.443862
2025-10-17 22:04:22.228,107397.7,0.00211,226.60914699999998
2025-10-17 22:04:22.386,107397.7,0.00047,50.476918999999995
2025-10-17 22:04:22.603,107397.69,0.02458,2639.8352202
2025-10-17 22:04:23.433,107397.7,8e-05,8.591816
2025-10-17 22:04:23.651,107397.7,0.0008,85.91816
2025-10-17 22:04:24.239,107397.7,0.00012,12.887724
2025-10-17 22:04:24.262,107397.7,0.00019,20.405563
2025-10-17 22:04:24.371,107397.7,0.00057,61.216688999999995
2025-10-17 22:04:24.383,107397.7,0.00148,158.94859599999998
2025-10-17 22:04:24.767,107397.7,0.00037,39.737148999999995
2025-10-17 22:04:25.064,107397.7,9e-05,9.665793
2025-10-17 22:04:26.097,107397.7,0.00072,77.326344
2025-10-17 22:04:26.215,107397.7,0.00948,1018.1301960000001
2025-10-17 22:04:26.691,107397.7,0.01163,1249.035251
2025-10-17 22:04:27.299,107397.7,0.00022,23.627494
2025-10-17 22:04:27.312,107397.7,0.00022,23.627494
2025-10-17 22:04:28.049,107397.69,0.00047,50.4769143
2025-10-17 22:04:28.221,107397.7,0.0005,53.69885
2025-10-17 22:04:28.884,107397.7,0.00032,34.367264
2025-10-17 22:04:29.217,107397.69,0.00023,24.701468700000003
2025-10-17 22:04:29.542,107397.7,0.30328,32571.574456
2025-10-17 22:04:29.741,107397.7,0.00018,19.331586
2025-10-17 22:04:30.233,107397.69,0.00326,350.11646939999997
2025-10-17 22:04:30.485,107397.7,0.01713,1839.722601
2025-10-17 22:04:30.568,107397.7,0.02548,2736.493396
2025-10-17 22:04:30.661,107397.7,0.00047,50.476918999999995
2025-10-17 22:04:30.993,107397.7,0.00016,17.183632
2025-10-17 22:04:31.055,107397.7,0.00018,19.331586
2025-10-17 22:04:31.086,107397.7,0.00266,285.677882
2025-10-17 22:04:31.249,107397.7,0.0008,85.91816
2025-10-17 22:04:31.470,107397.7,0.05177,5559.978929
2025-10-17 22:04:31.509,107397.7,0.00372,399.519444
2025-10-17 22:04:32.081,107397.7,0.00047,50.476918999999995
2025-10-17 22:04:32.459,107397.69,0.24387,26191.0746603
2025-10-17 22:04:32.466,107397.69,0.0001,10.739769
2025-10-17 22:04:33.069,107397.7,0.00037,39.737148999999995
2025-10-17 22:04:33.472,107397.7,0.00931,999.8725870000001
2025-10-17 22:04:33.878,107397.7,8e-05,8.591816
2025-10-17 22:04:34.083,107397.7,7e-05,7.5178389999999995
2025-10-17 22:04:34.089,107397.7,0.00027,28.997379
2025-10-17 22:04:34.117,107397.7,0.00019,20.405563
2025-10-17 22:04:34.695,107397.7,0.00024,25.775448
2025-10-17 22:04:35.075,107397.7,0.0008,85.91816
2025-10-17 22:04:35.536,107397.7,0.00018,19.331586
2025-10-17 22:04:35.959,107397.7,0.00034,36.515218000000004
2025-10-17 22:04:36.358,107397.69,0.02379,2554.9910451
2025-10-17 22:04:38.435,107397.7,8e-05,8.591816
2025-10-17 22:04:38.648,107397.7,0.00018,19.331586
2025-10-17 22:04:38.812,107397.7,0.00036,38.663172
2025-10-17 22:04:38.936,107397.7,9e-05,9.665793
2025-10-17 22:04:39.385,107397.7,0.00044,47.254988
2025-10-17 22:04:40.125,107397.7,8e-05,8.591816
2025-10-17 22:04:40.192,107397.69,6e-05,6.4438614
2025-10-17 22:04:40.587,107397.7,9e-05,9.665793
2025-10-17 22:04:41.382,107397.7,0.00018,19.331586
2025-10-17 22:04:41.494,107397.7,0.00099,106.323723
2025-10-17 22:04:41.666,107397.7,5e-05,5.369885
2025-10-17 22:04:42.576,107397.7,0.00036,38.663172
2025-10-17 22:04:43.708,107397.69,0.03,3221.9307
2025-10-17 22:04:43.709,107397.69,0.00025,26.849422500000003
2025-10-17 22:04:44.128,107396.31,0.00018,19.3313358
2025-10-17 22:04:44.624,107396.31,0.00086,92.3608266
2025-10-17 22:04:44.944,107396.31,0.001,107.39631
2025-10-17 22:04:45.133,107396.31,0.00089,95.5827159
2025-10-17 22:04:45.486,107396.3,0.05639,6056.077357
2025-10-17 22:04:45.491,107396.31,0.00084,90.2129004
2025-10-17 22:04:45.609,107396.31,0.00093,99.8785683
2025-10-17 22:04:46.202,107396.31,0.0003,32.218892999999994
2025-10-17 22:04:46.341,107396.31,0.00033,35.4407823
2025-10-17 22:04:46.935,107396.31,0.00108,115.9880148
2025-10-17 22:04:46.991,107396.31,0.00108,115.9880148
2025-10-17 22:04:47.340,107396.31,0.00097,104.1744207
2025-10-17 22:04:47.879,107396.31,0.0038,408.105978
2025-10-17 22:04:48.482,107396.3,0.00047,50.476261
2025-10-17 22:04:48.575,107396.31,7e-05,7.517741699999999
2025-10-17 22:04:49.190,107396.31,0.00096,103.1004576
2025-10-17 22:04:49.309,107396.31,0.00331,355.48178609999997
2025-10-17 22:04:49.723,107396.3,0.00238,255.60319400000003
2025-10-17 22:04:50.105,107396.31,0.00032,34.3668192
2025-10-17 22:04:50.362,107396.3,9e-05,9.665667000000001
2025-10-17 22:04:51.289,107396.31,0.41829,44922.8025099
2025-10-17 22:04:51.577,107396.3,8e-05,8.591704000000002
2025-10-17 22:04:52.169,107396.3,0.00029,31.144927000000003
2025-10-17 22:04:52.291,107396.31,0.00086,92.3608266
2025-10-17 22:04:52.378,107396.31,4e-05,4.2958524
2025-10-17 22:04:52.383,107396.31,0.00176,189.0175056
2025-10-17 22:04:52.496,107396.31,5e-05,5.3698155000000005
2025-10-17 22:04:52.679,107396.31,0.0001,10.739631000000001
2025-10-17 22:04:53.503,107396.31,0.00047,50.4762657
2025-10-17 22:04:53.662,107396.31,0.00931,999.8596461000001
2025-10-17 22:04:54.184,107396.3,0.00043,46.180409
2025-10-17 22:04:54.429,107396.31,0.00046,49.4023026
2025-10-17 22:04:54.575,107396.31,5e-05,5.3698155000000005
2025-10-17 22:04:54.833,107396.31,0.01247,1339.2319857
2025-10-17 22:04:54.881,107396.3,0.00022,23.627186000000002
2025-10-17 22:04:57.033,107396.3,0.00027,28.997001
2025-10-17 22:04:57.312,107396.31,0.00046,49.4023026
2025-10-17 22:04:58.762,107396.3,0.00027,28.997001
2025-10-17 22:04:59.395,107396.3,0.00291,312.523233
2025-10-17 22:05:00.525,107396.31,0.00018,19.3313358
2025-10-17 22:05:00.616,107396.31,0.00047,50.4762657
2025-10-17 22:05:00.645,107396.31,0.00046,49.4023026
2025-10-17 22:05:00.770,107396.3,0.00047,50.476261
2025-10-17 22:05:00.796,107396.3,0.0013,139.61518999999998
2025-10-17 22:05:01.403,107396.31,0.00102,109.5442362
2025-10-17 22:05:01.939,107396.28,0.0001,10.739628
2025-10-17 22:05:01.942,107394.86,0.01694,1819.2689284
2025-10-17 22:05:01.943,107394.86,0.01419,1523.9330634
2025-10-17 22:05:01.945,107392.0,0.00037,39.73504
2025-10-17 22:05:01.951,107391.79,0.02996,3217.4580284
2025-10-17 22:05:01.956,107391.78,0.00163,175.0486014
2025-10-17 22:05:02.005,107391.78,0.0009,96.652602
2025-10-17 22:05:02.010,107386.38,5e-05,5.369319000000001
2025-10-17 22:05:02.078,107386.38,0.0149,1600.057062
2025-10-17 22:05:02.079,107386.38,0.0149,1600.057062
2025-10-17 22:05:02.115,107386.39,0.00072,77.3182008
2025-10-17 22:05:02.191,107386.38,0.00047,50.4715986
2025-10-17 22:05:02.891,107386.39,0.00018,19.3295502
2025-10-17 22:05:03.106,107386.39,0.06415,6888.8369185
2025-10-17 22:05:03.123,107386.39,0.00086,92.3522954
2025-10-17 22:05:03.132,107386.39,7e-05,7.517047299999999
2025-10-17 22:05:03.178,107386.38,0.00872,936.4092336000001
2025-10-17 22:05:04.029,107386.39,0.93121,99999.2802319
2025-10-17 22:05:04.270,107386.38,0.00012,12.886365600000001
2025-10-17 22:05:04.778,107386.39,0.0004,42.954556000000004
2025-10-17 22:05:05.022,107386.39,0.0001,10.738639000000001
2025-10-17 22:05:05.773,107386.38,0.00337,361.89210060000005
2025-10-17 22:05:05.784,107386.39,0.00076,81.61365640000001
2025-10-17 22:05:05.813,107386.38,0.00075,80.53978500000001
2025-10-17 22:05:06.871,107386.39,0.00037,39.7329643
2025-10-17 22:05:07.118,107386.38,0.00123,132.08524740000001
2025-10-17 22:05:07.414,107386.38,0.00931,999.7671978000001
2025-10-17 22:05:07.420,107382.62,5e-05,5.369131
2025-10-17 22:05:07.518,107382.25,0.00096,103.08696
2025-10-17 22:05:08.452,107382.26,0.00016,17.1811616
2025-10-17 22:05:08.918,107382.26,0.0003,32.21467799999999
2025-10-17 22:05:09.362,107382.26,0.00127,136.3754702
2025-10-17 22:05:09.799,107382.26,0.00011,11.8120486
2025-10-17 22:05:10.021,107382.25,0.00039,41.8790775
2025-10-17 22:05:10.491,107382.25,0.00011,11.8120475
2025-10-17 22:05:11.132,107382.25,0.04361,4682.939922500001
2025-10-17 22:05:11.133,107381.01,0.00466,500.3955066
2025-10-17 22:05:11.148,107380.01,0.00187,200.80061869999997
2025-10-17 22:05:11.262,107380.01,0.00745,799.9810745
2025-10-17 22:05:11.275,107375.1,5e-05,5.368755
2025-10-17 22:05:11.280,107371.53,0.03154,3386.4980561999996
2025-10-17 22:05:11.403,107371.52,0.0088,944.8693760000001
2025-10-17 22:05:11.406,107371.52,0.0149,1599.835648
2025-10-17 22:05:11.409,107371.52,0.0061,654.9662720000001
2025-10-17 22:05:12.315,107371.53,0.00027,28.9903131
2025-10-17 22:05:12.592,107371.53,8e-05,8.589722400000001
2025-10-17 22:05:12.786,107371.52,0.00113,121.3298176
2025-10-17 22:05:13.425,107371.53,0.00686,736.5686958
2025-10-17 22:05:13.657,107371.53,0.00013,13.958298899999999
2025-10-17 22:05:13.792,107371.53,0.00024,25.769167200000002
2025-10-17 22:05:13.805,107371.52,0.05035,5406.156032
2025-10-17 22:05:14.197,107371.53,0.00046,49.390903800000004
2025-10-17 22:05:14.806,107371.52,0.04658,5001.365401600001
2025-10-17 22:05:14.809,107370.25,0.00046,49.390315
2025-10-17 22:05:15.937,107369.32,8e-05,8.589545600000001
2025-10-17 22:05:15.945,107369.33,8e-05,8.589546400000001
2025-10-17 22:05:16.218,107369.32,0.02049,2199.9973668000002
2025-10-17 22:05:16.577,107369.32,6e-05,6.442159200000001
2025-10-17 22:05:17.214,107369.32,0.00026,27.916023199999998
2025-10-17 22:05:17.219,107369.32,0.00518,556.1730776
2025-10-17 22:05:17.350,107369.32,0.0037,397.26648400000005
2025-10-17 22:05:17.351,107369.32,0.01458,1565.4446856
2025-10-17 22:05:17.362,107365.08,0.00342,367.1885736
2025-10-17 22:05:17.367,107365.08,0.00448,480.9955584
2025-10-17 22:05:17.393,107364.49,0.03081,3307.8999369000003
2025-10-17 22:05:18.287,107364.01,0.02229,2393.1437829
2025-10-17 22:05:18.583,107364.01,6e-05,6.4418406
2025-10-17 22:05:18.942,107364.0,0.0149,1599.7236
2025-10-17 22:05:18.998,107364.01,0.00047,50.461084699999994
2025-10-17 22:05:19.098,107364.0,0.0149,1599.7236
2025-10-17 22:05:19.303,107363.87,0.02243,2408.1716040999995
2025-10-17 22:05:19.307,107362.0,0.002,214.72400000000002
2025-10-17 22:05:19.349,107359.68,0.0067,719.309856
2025-10-17 22:05:20.070,107359.69,0.00172,184.6586668
2025-10-17 22:05:20.762,107359.69,6e-05,6.4415814000000005
2025-10-17 22:05:20.775,107359.68,0.00206,221.16094080000002
2025-10-17 22:05:21.675,107359.69,0.00931,999.5187139000001
2025-10-17 22:05:21.780,107359.68,0.00435,467.01460799999995
2025-10-17 22:05:22.389,107357.99,0.0001,10.735799000000002
2025-10-17 22:05:22.391,107357.65,0.00065,69.7824725
2025-10-17 22:05:22.395,107355.19,0.00562,603.3361678
2025-10-17 22:05:22.438,107355.19,0.00159,170.69475210000002
2025-10-17 22:05:22.441,107352.0,0.002,214.704
2025-10-17 22:05:22.624,107349.82,0.25,26837.455
2025-10-17 22:05:22.708,107349.8,0.0009,96.61482
2025-10-17 22:05:22.815,107349.79,0.0019,203.964601
2025-10-17 22:05:22.980,107348.0,0.00061,65.48228
2025-10-17 22:05:23.137,107348.01,0.00012,12.8817612
2025-10-17 22:05:23.255,107348.0,0.00244,261.92912
2025-10-17 22:05:23.257,107347.99,0.00256,274.81085440000004
2025-10-17 22:05:23.268,107347.99,0.00208,223.28381919999998
2025-10-17 22:05:23.315,107347.97,0.00075,80.5109775
2025-10-17 22:05:23.412,107347.5,0.00111,119.155725
2025-10-17 22:05:23.422,107347.31,0.00165,177.1230615
2025-10-17 22:05:23.437,107347.31,0.0007,75.143117
2025-10-17 22:05:23.491,107346.67,7e-05,7.514266899999999
2025-10-17 22:05:23.493,107346.65,0.00194,208.252501
2025-10-17 22:05:23.609,107346.0,0.00047,50.452619999999996
2025-10-17 22:05:23.829,107345.0,0.06363,6830.36235
2025-10-17 22:05:23.830,107344.68,0.0002,21.468936
2025-10-17 22:05:23.831,107344.25,6e-05,6.4406550000000005
2025-10-17 22:05:23.834,107344.0,0.00315,338.1336
2025-10-17 22:05:23.835,107339.09,0.00166,178.1828894
2025-10-17 22:05:23.853,107337.49,0.00015,16.1006235
2025-10-17 22:05:23.894,107337.35,0.01215,1304.1488025
2025-10-17 22:05:24.144,107336.01,0.00186,199.6449786
2025-10-17 22:05:24.502,107336.01,0.0005,53.668005
2025-10-17 22:05:24.553,107336.01,0.00047,50.447924699999994
2025-10-17 22:05:24.619,107336.01,8e-05,8.5868808
2025-10-17 22:05:24.808,107336.01,9e-05,9.6602409
2025-10-17 22:05:25.334,107336.0,0.00042,45.08112
2025-10-17 22:05:25.694,107336.0,0.00284,304.83424
2025-10-17 22:05:26.790,107336.0,0.0149,1599.3064
2025-10-17 22:05:26.825,107336.0,0.00015,16.100399999999997
2025-10-17 22:05:26.851,107336.0,9e-05,9.66024
2025-10-17 22:05:26.962,107336.0,0.00344,369.23584
2025-10-17 22:05:27.021,107336.0,0.0037,397.14320000000004
2025-10-17 22:05:27.231,107336.01,8e-05,8.5868808
2025-10-17 22:05:27.234,107336.0,0.0149,1599.3064
2025-10-17 22:05:27.318,107336.0,0.005,536.6800000000001
2025-10-17 22:05:27.915,107336.0,0.00435,466.91159999999996
2025-10-17 22:05:28.854,107336.01,0.00047,50.447924699999994
2025-10-17 22:05:29.161,107336.01,0.00046,49.3745646
2025-10-17 22:05:30.019,107336.01,0.00017,18.2471217
2025-10-17 22:05:30.118,107336.01,0.00091,97.6757691
2025-10-17 22:05:30.402,107336.0,0.02368,2541.71648
2025-10-17 22:05:30.647,107336.01,0.0003,32.20080299999999
2025-10-17 22:05:30.725,107336.0,0.00047,50.447919999999996
2025-10-17 22:05:31.476,107336.01,0.00055,59.0348055
2025-10-17 22:05:31.949,107336.01,0.00093,99.8224893
2025-10-17 22:05:32.218,107336.01,0.00049,52.5946449
2025-10-17 22:05:32.609,107336.0,0.00215,230.7724
2025-10-17 22:05:32.983,107336.01,0.00421,451.8846021
2025-10-17 22:05:33.513,107336.01,0.00026,27.907362599999995
2025-10-17 22:05:34.319,107336.01,0.00047,50.447924699999994
2025-10-17 22:05:35.588,107336.01,0.07131,7654.130873099999
2025-10-17 22:05:36.334,107336.0,6e-05,6.4401600000000006
2025-10-17 22:05:36.441,107336.01,0.00022,23.6139222
2025-10-17 22:05:37.114,107336.0,0.00435,466.91159999999996
2025-10-17 22:05:37.374,107336.01,6e-05,6.4401606
2025-10-17 22:05:38.142,107336.0,0.00435,466.91159999999996
2025-10-17 22:05:38.474,107336.01,0.00018,19.3204818
2025-10-17 22:05:38.655,107336.01,0.00024,25.7606424
2025-10-17 22:05:39.235,107336.01,0.00047,50.447924699999994
2025-10-17 22:05:39.543,107336.0,0.0001,10.733600000000001
2025-10-17 22:05:39.638,107336.0,0.001,107.336
2025-10-17 22:05:39.683,107336.01,0.1,10733.601
2025-10-17 22:05:39.741,107336.0,0.0001,10.733600000000001
2025-10-17 22:05:39.854,107336.0,0.0081,869.4215999999999
2025-10-17 22:05:39.951,107336.0,0.0094,1008.9584
2025-10-17 22:05:40.142,107336.01,0.00047,50.447924699999994
2025-10-17 22:05:40.589,107336.01,0.05442,5841.2256642
2025-10-17 22:05:41.024,107336.0,0.00699,750.27864
2025-10-17 22:05:41.042,107336.0,0.0001,10.733600000000001
2025-10-17 22:05:41.527,107336.01,0.09316,9999.4226916
2025-10-17 22:05:41.906,107336.0,0.03016,3237.25376
2025-10-17 22:05:42.154,107336.01,0.00012,12.8803212
2025-10-17 22:05:42.609,107336.01,0.00118,126.6564918
2025-10-17 22:05:42.775,107336.01,0.00026,27.907362599999995
2025-10-17 22:05:42.817,107336.01,0.0028,300.540828
2025-10-17 22:05:42.946,107336.0,9e-05,9.66024
2025-10-17 22:05:42.956,107336.0,0.00605,649.3828
2025-10-17 22:05:43.312,107336.01,0.00073,78.35528729999999
2025-10-17 22:05:43.314,107336.01,0.01,1073.3600999999999
2025-10-17 22:05:43.631,107336.01,0.00196,210.3785796
2025-10-17 22:05:44.665,107336.01,0.00018,19.3204818
2025-10-17 22:05:45.390,107336.01,0.00158,169.5908958
2025-10-17 22:05:45.393,107336.01,0.01516,1627.2139115999998
2025-10-17 22:05:45.447,107336.01,0.00022,23.6139222
2025-10-17 22:05:45.448,107336.01,0.0034,364.94243399999993
2025-10-17 22:05:45.449,107336.01,0.00464,498.0390864
2025-10-17 22:05:45.450,107336.01,0.00278,298.3941078
2025-10-17 22:05:45.451,107336.01,0.00464,498.0390864
2025-10-17 22:05:45.461,107336.01,0.00046,49.3745646
2025-10-17 22:05:45.610,107336.01,0.0096,1030.4256959999998
2025-10-17 22:05:45.983,107336.01,7e-05,7.513520699999999
2025-10-17 22:05:46.378,107336.01,0.00052,55.81472519999999
2025-10-17 22:05:46.489,107336.01,0.00058,62.2548858
2025-10-17 22:05:46.515,107336.01,0.00023,24.6872823
2025-10-17 22:05:46.538,107336.0,2.75478,295687.06607999996
2025-10-17 22:05:46.819,107336.0,0.00078,83.72208
2025-10-17 22:05:47.332,107336.0,0.00105,112.7028
2025-10-17 22:05:47.382,107336.0,0.00053,56.888079999999995
2025-10-17 22:05:47.747,107336.0,0.00043,46.15448
2025-10-17 22:05:48.292,107336.0,0.00065,69.7684
2025-10-17 22:05:48.650,107335.99,0.00231,247.9461369
2025-10-17 22:05:49.106,107335.98,0.00047,50.44791059999999
2025-10-17 22:05:49.254,107335.99,0.00011,11.806958900000001
2025-10-17 22:05:49.842,107335.99,0.00047,50.4479153
2025-10-17 22:05:50.137,107335.98,0.00011,11.8069578
2025-10-17 22:05:50.482,107335.99,0.00011,11.806958900000001
2025-10-17 22:05:50.483,107335.99,7e-05,7.5135193
2025-10-17 22:05:50.485,107335.99,7e-05,7.5135193
2025-10-17 22:05:50.489,107335.99,7e-05,7.5135193
2025-10-17 22:05:50.496,107335.99,0.00034,36.49423660000001
2025-10-17 22:05:50.501,107335.99,7e-05,7.5135193
2025-10-17 22:05:50.502,107335.99,7e-05,7.5135193
2025-10-17 22:05:50.505,107335.99,7e-05,7.5135193
2025-10-17 22:05:50.507,107335.99,7e-05,7.5135193
2025-10-17 22:05:50.508,107335.99,7e-05,7.5135193
2025-10-17 22:05:50.510,107335.99,7e-05,7.5135193
2025-10-17 22:05:50.513,107335.99,7e-05,7.5135193
2025-10-17 22:05:50.515,107335.99,6e-05,6.440159400000001
2025-10-17 22:05:50.516,107335.99,7e-05,7.5135193
2025-10-17 22:05:50.517,107335.99,7e-05,7.5135193
2025-10-17 22:05:50.529,107335.99,7e-05,7.5135193
2025-10-17 22:05:50.535,107335.99,7e-05,7.5135193
2025-10-17 22:05:50.539,107335.99,7e-05,7.5135193
2025-10-17 22:05:50.553,107335.99,7e-05,7.5135193
2025-10-17 22:05:50.556,107335.99,0.00014,15.0270386
2025-10-17 22:05:50.560,107335.99,6e-05,6.440159400000001
2025-10-17 22:05:50.561,107335.99,7e-05,7.5135193
2025-10-17 22:05:50.562,107335.99,7e-05,7.5135193
2025-10-17 22:05:50.564,107335.99,7e-05,7.5135193
2025-10-17 22:05:50.567,107335.99,7e-05,7.5135193
2025-10-17 22:05:50.568,107335.99,7e-05,7.5135193
2025-10-17 22:05:50.571,107335.99,7e-05,7.5135193
2025-10-17 22:05:50.572,107335.99,7e-05,7.5135193
2025-10-17 22:05:50.575,107335.99,7e-05,7.5135193
2025-10-17 22:05:50.577,107335.99,7e-05,7.5135193
2025-10-17 22:05:50.578,107335.99,7e-05,7.5135193
2025-10-17 22:05:50.583,107335.99,7e-05,7.5135193
2025-10-17 22:05:50.591,107335.99,6e-05,6.440159400000001
2025-10-17 22:05:50.595,107335.99,7e-05,7.5135193
2025-10-17 22:05:50.598,107335.99,7e-05,7.5135193
2025-10-17 22:05:50.600,107335.99,0.00021,22.540557900000003
2025-10-17 22:05:50.601,107335.99,7e-05,7.5135193
2025-10-17 22:05:50.602,107335.99,7e-05,7.5135193
2025-10-17 22:05:50.603,107335.99,7e-05,7.5135193
2025-10-17 22:05:50.607,107335.99,7e-05,7.5135193
2025-10-17 22:05:50.610,107335.99,7e-05,7.5135193
2025-10-17 22:05:50.613,107335.99,7e-05,7.5135193
2025-10-17 22:05:50.614,107335.99,0.00028,30.0540772
2025-10-17 22:05:50.615,107335.99,0.00014,15.0270386
2025-10-17 22:05:50.617,107335.99,7e-05,7.5135193
2025-10-17 22:05:50.628,107335.99,0.00041,44.0077559
2025-10-17 22:05:50.634,107335.99,7e-05,7.5135193
2025-10-17 22:05:50.638,107335.99,0.00014,15.0270386
2025-10-17 22:05:50.643,107335.99,7e-05,7.5135193
2025-10-17 22:05:50.647,107335.99,6e-05,6.440159400000001
2025-10-17 22:05:50.650,107335.99,7e-05,7.5135193
2025-10-17 22:05:50.652,107335.99,7e-05,7.5135193
2025-10-17 22:05:50.653,107335.99,7e-05,7.5135193
2025-10-17 22:05:50.654,107335.99,0.00014,15.0270386
2025-10-17 22:05:50.655,107335.99,7e-05,7.5135193
2025-10-17 22:05:50.656,107335.99,7e-05,7.5135193
2025-10-17 22:05:50.662,107335.99,7e-05,7.5135193
2025-10-17 22:05:50.663,107335.99,7e-05,7.5135193
2025-10-17 22:05:50.664,107335.99,7e-05,7.5135193
2025-10-17 22:05:50.665,107335.99,7e-05,7.5135193
2025-10-17 22:05:50.668,107335.99,6e-05,6.440159400000001
2025-10-17 22:05:50.673,107335.99,7e-05,7.5135193
2025-10-17 22:05:50.685,107335.99,7e-05,7.5135193
2025-10-17 22:05:50.686,107335.99,7e-05,7.5135193
2025-10-17 22:05:50.688,107335.99,7e-05,7.5135193
2025-10-17 22:05:50.702,107335.99,7e-05,7.5135193
2025-10-17 22:05:50.707,107335.99,7e-05,7.5135193
2025-10-17 22:05:50.709,107335.99,7e-05,7.5135193
2025-10-17 22:05:50.712,107335.99,7e-05,7.5135193
2025-10-17 22:05:50.714,107335.99,6e-05,6.440159400000001
2025-10-17 22:05:50.716,107335.99,7e-05,7.5135193
2025-10-17 22:05:50.717,107335.99,7e-05,7.5135193
2025-10-17 22:05:50.718,107335.99,7e-05,7.5135193
2025-10-17 22:05:50.720,107335.99,0.00021,22.540557900000003
2025-10-17 22:05:50.722,107335.99,7e-05,7.5135193
2025-10-17 22:05:50.730,107335.99,7e-05,7.5135193
2025-10-17 22:05:50.732,107335.99,7e-05,7.5135193
2025-10-17 22:05:50.733,107335.99,6e-05,6.440159400000001
2025-10-17 22:05:50.736,107335.99,7e-05,7.5135193
2025-10-17 22:05:50.742,107335.98,0.00435,466.91151299999996
2025-10-17 22:05:50.743,107335.99,7e-05,7.5135193
2025-10-17 22:05:50.745,107335.99,7e-05,7.5135193
2025-10-17 22:05:50.746,107335.98,0.01677,1800.0243845999998
2025-10-17 22:05:50.747,107335.27,0.00045,48.3008715
2025-10-17 22:05:50.748,107334.4,7e-05,7.513407999999999
2025-10-17 22:05:50.751,107334.4,7e-05,7.513407999999999
2025-10-17 22:05:50.752,107333.99,0.0001,10.733399
2025-10-17 22:05:50.763,107333.37,0.00105,112.70003849999999
2025-10-17 22:05:50.774,107330.56,0.00015,16.099583999999997
2025-10-17 22:05:50.779,107329.42,0.00027,28.9789434
2025-10-17 22:05:50.783,107329.42,0.00014,15.026118799999999
2025-10-17 22:05:50.788,107329.42,7e-05,7.5130593999999995
2025-10-17 22:05:50.789,107329.42,7e-05,7.5130593999999995
2025-10-17 22:05:50.797,107329.42,0.00014,15.026118799999999
2025-10-17 22:05:50.800,107329.42,0.00014,15.026118799999999
2025-10-17 22:05:50.806,107329.42,7e-05,7.5130593999999995
2025-10-17 22:05:50.813,107329.42,0.00014,15.026118799999999
2025-10-17 22:05:50.817,107329.42,0.00013,13.952824599999998
2025-10-17 22:05:50.819,107329.42,7e-05,7.5130593999999995
2025-10-17 22:05:50.827,107329.42,0.00011,11.8062362
2025-10-17 22:05:50.828,107329.42,7e-05,7.5130593999999995
2025-10-17 22:05:50.831,107329.42,7e-05,7.5130593999999995
2025-10-17 22:05:50.832,107329.42,7e-05,7.5130593999999995
2025-10-17 22:05:50.834,107329.42,7e-05,7.5130593999999995
2025-10-17 22:05:50.836,107329.42,0.00014,15.026118799999999
2025-10-17 22:05:50.841,107329.42,7e-05,7.5130593999999995
2025-10-17 22:05:50.849,107329.42,7e-05,7.5130593999999995
2025-10-17 22:05:50.863,107329.42,6e-05,6.4397652
2025-10-17 22:05:50.865,107329.42,7e-05,7.5130593999999995
2025-10-17 22:05:50.867,107329.42,7e-05,7.5130593999999995
2025-10-17 22:05:50.870,107329.42,7e-05,7.5130593999999995
2025-10-17 22:05:50.871,107329.42,7e-05,7.5130593999999995
2025-10-17 22:05:50.876,107329.42,7e-05,7.5130593999999995
2025-10-17 22:05:50.877,107329.42,7e-05,7.5130593999999995
2025-10-17 22:05:50.879,107329.42,0.0002,21.465884
2025-10-17 22:05:50.881,107329.42,7e-05,7.5130593999999995
2025-10-17 22:05:50.882,107329.42,7e-05,7.5130593999999995
2025-10-17 22:05:50.883,107329.42,7e-05,7.5130593999999995
2025-10-17 22:05:50.886,107329.42,7e-05,7.5130593999999995
2025-10-17 22:05:50.888,107329.42,7e-05,7.5130593999999995
2025-10-17 22:05:50.890,107329.42,7e-05,7.5130593999999995
2025-10-17 22:05:50.891,107329.42,7e-05,7.5130593999999995
2025-10-17 22:05:50.892,107329.42,7e-05,7.5130593999999995
2025-10-17 22:05:50.894,107329.42,0.00014,15.026118799999999
2025-10-17 22:05:50.898,107329.42,6e-05,6.4397652
2025-10-17 22:05:50.943,107329.42,0.00014,15.026118799999999
2025-10-17 22:05:51.100,107329.42,0.00931,999.2369002
2025-10-17 22:05:51.101,107329.42,5e-05,5.366471
2025-10-17 22:05:51.537,107329.41,0.0004,42.931764
2025-10-17 22:05:51.579,107329.41,6e-05,6.4397646
2025-10-17 22:05:52.402,107329.42,0.00016,17.1727072
2025-10-17 22:05:52.646,107329.42,0.00176,188.8997792
2025-10-17 22:05:52.870,107329.42,8e-05,8.5863536
2025-10-17 22:05:53.194,107329.42,0.0015,160.99413
2025-10-17 22:05:53.348,107329.42,0.01451,1557.3498842
2025-10-17 22:05:53.350,107329.42,0.00014,15.026118799999999
2025-10-17 22:05:53.628,107329.42,0.01999,2145.5151058
2025-10-17 22:05:53.649,107329.41,0.00201,215.73211410000002
2025-10-17 22:05:54.285,107329.42,9e-05,9.6596478
2025-10-17 22:05:54.383,107329.41,0.00236,253.2974076
2025-10-17 22:05:54.663,107329.41,0.00047,50.4448227
2025-10-17 22:05:54.960,107329.41,0.0002,21.465882
2025-10-17 22:05:55.007,107329.41,0.00016,17.1727056
2025-10-17 22:05:55.123,107329.42,0.00093,99.81636060000001
2025-10-17 22:05:55.401,107329.42,0.00012,12.8795304
2025-10-17 22:05:55.510,107329.42,0.00848,910.1534816
2025-10-17 22:05:55.594,107329.41,9e-05,9.6596469
2025-10-17 22:05:57.370,107329.42,0.0006,64.397652
2025-10-17 22:05:58.032,107329.42,7e-05,7.5130593999999995
2025-10-17 22:05:59.691,107329.41,0.00027,28.978940700000003
2025-10-17 22:05:59.715,107329.42,0.00013,13.952824599999998
2025-10-17 22:05:59.818,107329.42,0.00085,91.230007
2025-10-17 22:05:59.825,107329.42,2.57548,276424.7746216
2025-10-17 22:06:00.043,107329.42,0.00013,13.952824599999998
2025-10-17 22:06:00.254,107327.73,0.00015,16.0991595
2025-10-17 22:06:00.255,107326.28,5e-05,5.366314
2025-10-17 22:06:00.257,107324.85,0.0042,450.76437
2025-10-17 22:06:00.258,107323.0,0.0399,4282.1876999999995
2025-10-17 22:06:00.260,107321.74,0.01011,1085.0227914
2025-10-17 22:06:00.261,107320.0,0.02148,2305.2336
2025-10-17 22:06:00.262,107318.74,5e-05,5.365937000000001
2025-10-17 22:06:00.276,107316.0,6e-05,6.43896
2025-10-17 22:06:00.289,107316.01,0.03454,3706.6949854
2025-10-17 22:06:00.290,107316.0,0.00934,1002.3314399999999
2025-10-17 22:06:00.294,107316.0,0.00138,148.09608
2025-10-17 22:06:00.297,107315.99,0.00065,69.7553935
2025-10-17 22:06:00.311,107315.1,0.00012,12.877812
2025-10-17 22:06:00.331,107315.1,0.0009,96.58359
2025-10-17 22:06:00.340,107314.99,0.0001,10.731499000000001
2025-10-17 22:06:00.377,107314.91,0.01442,1547.4810022000001
2025-10-17 22:06:00.379,107314.91,0.00687,737.2534317000001
2025-10-17 22:06:00.380,107314.91,5e-05,5.3657455
2025-10-17 22:06:00.383,107314.53,0.00768,824.1755904
2025-10-17 22:06:00.386,107312.4,0.00015,16.096859999999996
2025-10-17 22:06:00.388,107312.0,0.00137,147.01744
2025-10-17 22:06:00.432,107312.01,0.0007,75.11840699999999
2025-10-17 22:06:00.485,107312.01,5e-05,5.3656005
2025-10-17 22:06:00.489,107312.01,0.00122,130.92065219999998
2025-10-17 22:06:00.493,107312.01,7e-05,7.511840699999999
2025-10-17 22:06:00.499,107312.01,7e-05,7.511840699999999
2025-10-17 22:06:00.500,107312.01,7e-05,7.511840699999999
2025-10-17 22:06:00.507,107312.01,7e-05,7.511840699999999
2025-10-17 22:06:00.511,107312.01,7e-05,7.511840699999999
2025-10-17 22:06:00.512,107312.01,0.00013,13.950561299999999
2025-10-17 22:06:00.513,107312.01,7e-05,7.511840699999999
2025-10-17 22:06:00.514,107312.01,7e-05,7.511840699999999
2025-10-17 22:06:00.515,107312.01,0.00032,34.339843200000004
2025-10-17 22:06:00.517,107312.01,0.00013,13.950561299999999
2025-10-17 22:06:00.518,107312.01,7e-05,7.511840699999999
2025-10-17 22:06:00.519,107312.01,8e-05,8.584960800000001
2025-10-17 22:06:00.522,107312.01,7e-05,7.511840699999999
2025-10-17 22:06:00.528,107312.01,0.00014,15.023681399999997
2025-10-17 22:06:00.534,107312.01,7e-05,7.511840699999999
2025-10-17 22:06:00.535,107312.01,6e-05,6.4387206
2025-10-17 22:06:00.539,107312.01,7e-05,7.511840699999999
2025-10-17 22:06:00.541,107312.01,7e-05,7.511840699999999
2025-10-17 22:06:00.545,107312.01,7e-05,7.511840699999999
2025-10-17 22:06:00.548,107312.01,7e-05,7.511840699999999
2025-10-17 22:06:00.550,107312.01,7e-05,7.511840699999999
2025-10-17 22:06:00.554,107312.01,7e-05,7.511840699999999
2025-10-17 22:06:00.565,107312.01,7e-05,7.511840699999999
2025-10-17 22:06:00.597,107312.01,7e-05,7.511840699999999
2025-10-17 22:06:00.600,107312.01,7e-05,7.511840699999999
2025-10-17 22:06:00.610,107312.01,6e-05,6.4387206
2025-10-17 22:06:00.611,107312.01,7e-05,7.511840699999999
2025-10-17 22:06:00.614,107312.01,0.00012,12.8774412
2025-10-17 22:06:00.619,107312.01,7e-05,7.511840699999999
2025-10-17 22:06:00.625,107312.01,0.00041,43.9979241
2025-10-17 22:06:00.628,107312.01,7e-05,7.511840699999999
2025-10-17 22:06:00.631,107312.01,7e-05,7.511840699999999
2025-10-17 22:06:00.633,107312.01,7e-05,7.511840699999999
2025-10-17 22:06:00.635,107312.01,7e-05,7.511840699999999
2025-10-17 22:06:00.636,107312.01,7e-05,7.511840699999999
2025-10-17 22:06:00.637,107312.01,6e-05,6.4387206
2025-10-17 22:06:00.638,107312.01,7e-05,7.511840699999999
2025-10-17 22:06:00.640,107312.01,7e-05,7.511840699999999
2025-10-17 22:06:00.641,107312.01,7e-05,7.511840699999999
2025-10-17 22:06:00.643,107312.01,0.00027,28.974242699999998
2025-10-17 22:06:00.655,107312.01,7e-05,7.511840699999999
2025-10-17 22:06:00.660,107312.01,7e-05,7.511840699999999
2025-10-17 22:06:00.661,107312.01,7e-05,7.511840699999999
2025-10-17 22:06:00.662,107312.01,7e-05,7.511840699999999
2025-10-17 22:06:00.666,107312.01,0.00011,11.8043211
2025-10-17 22:06:00.667,107312.0,0.00075,80.484
2025-10-17 22:06:00.668,107310.01,7e-05,7.511700699999999
2025-10-17 22:06:00.672,107310.01,7e-05,7.511700699999999
2025-10-17 22:06:00.724,107310.01,0.0003,32.193003
2025-10-17 22:06:00.769,107310.0,0.00011,11.8041
2025-10-17 22:06:00.780,107310.0,0.08,8584.8
2025-10-17 22:06:00.864,107300.0,0.26169,28079.336999999996
2025-10-17 22:06:00.873,107297.21,9e-05,9.656748900000002
2025-10-17 22:06:00.875,107296.0,0.05138,5512.86848
2025-10-17 22:06:00.878,107296.0,0.04471,4797.20416
2025-10-17 22:06:00.880,107295.62,0.00039,41.8452918
2025-10-17 22:06:00.882,107295.5,6e-05,6.43773
2025-10-17 22:06:00.884,107293.9,0.00166,178.10787399999998
2025-10-17 22:06:00.888,107293.6,0.04707,5050.309752
2025-10-17 22:06:00.889,107293.6,0.0001,10.729360000000002
2025-10-17 22:06:00.902,107293.6,5e-05,5.364680000000001
2025-10-17 22:06:01.325,107293.61,0.0059,633.032299
2025-10-17 22:06:01.577,107293.6,0.0001,10.729360000000002
2025-10-17 22:06:02.166,107293.61,0.00012,12.8752332
2025-10-17 22:06:02.264,107293.6,0.0015,160.9404
2025-10-17 22:06:02.300,107293.61,8e-05,8.583488800000001
2025-10-17 22:06:02.494,107293.6,0.00011,11.802296000000002
2025-10-17 22:06:02.555,107293.61,8e-05,8.583488800000001
2025-10-17 22:06:03.406,107293.6,0.00012,12.875232
2025-10-17 22:06:03.476,107293.6,0.01491,1599.747576
2025-10-17 22:06:03.632,107293.6,0.01491,1599.747576
2025-10-17 22:06:03.791,107293.6,0.01491,1599.747576
2025-10-17 22:06:03.950,107293.6,0.01491,1599.747576
2025-10-17 22:06:04.024,107293.6,9e-05,9.656424000000001
2025-10-17 22:06:04.107,107293.6,0.01491,1599.747576
2025-10-17 22:06:04.120,107293.61,0.0466,4999.882226000001
2025-10-17 22:06:04.123,107293.6,5e-05,5.364680000000001
2025-10-17 22:06:04.269,107293.6,0.01491,1599.747576
2025-10-17 22:06:04.744,107293.61,0.00014,15.021105399999998
2025-10-17 22:06:04.763,107293.61,0.02,2145.8722000000002
2025-10-17 22:06:04.769,107293.61,0.00017,18.239913700000002
2025-10-17 22:06:04.770,107293.61,7e-05,7.510552699999999
2025-10-17 22:06:04.774,107293.61,0.0002,21.458722
2025-10-17 22:06:04.777,107293.61,7e-05,7.510552699999999
2025-10-17 22:06:04.781,107293.61,0.00014,15.021105399999998
2025-10-17 22:06:04.789,107293.61,7e-05,7.510552699999999
2025-10-17 22:06:04.798,107293.61,7e-05,7.510552699999999
2025-10-17 22:06:04.799,107293.61,7e-05,7.510552699999999
2025-10-17 22:06:04.801,107293.61,7e-05,7.510552699999999
2025-10-17 22:06:04.802,107293.61,7e-05,7.510552699999999
2025-10-17 22:06:04.807,107293.61,0.00013,13.948169299999998
2025-10-17 22:06:04.823,107293.61,7e-05,7.510552699999999
2025-10-17 22:06:04.827,107293.61,7e-05,7.510552699999999
2025-10-17 22:06:04.837,107293.61,7e-05,7.510552699999999
2025-10-17 22:06:04.842,107293.61,7e-05,7.510552699999999
2025-10-17 22:06:04.846,107293.61,0.00014,15.021105399999998
2025-10-17 22:06:04.851,107293.61,7e-05,7.510552699999999
2025-10-17 22:06:04.854,107293.61,7e-05,7.510552699999999
2025-10-17 22:06:04.859,107293.61,6e-05,6.4376166
2025-10-17 22:06:04.860,107293.61,0.00014,15.021105399999998
2025-10-17 22:06:04.862,107293.61,7e-05,7.510552699999999
2025-10-17 22:06:04.869,107293.61,7e-05,7.510552699999999
2025-10-17 22:06:04.883,107293.61,7e-05,7.510552699999999
2025-10-17 22:06:04.885,107293.61,7e-05,7.510552699999999
2025-10-17 22:06:04.886,107293.61,7e-05,7.510552699999999
2025-10-17 22:06:04.888,107293.61,7e-05,7.510552699999999
2025-10-17 22:06:04.896,107293.61,6e-05,6.4376166
2025-10-17 22:06:04.899,107293.61,0.00014,15.021105399999998
2025-10-17 22:06:04.911,107293.61,7e-05,7.510552699999999
2025-10-17 22:06:04.920,107293.61,0.00014,15.021105399999998
2025-10-17 22:06:04.925,107293.61,0.00014,15.021105399999998
2025-10-17 22:06:04.932,107293.61,7e-05,7.510552699999999
2025-10-17 22:06:04.935,107293.61,6e-05,6.4376166
2025-10-17 22:06:04.936,107293.61,7e-05,7.510552699999999
2025-10-17 22:06:04.937,107293.61,7e-05,7.510552699999999
2025-10-17 22:06:04.954,107293.61,7e-05,7.510552699999999
2025-10-17 22:06:04.958,107293.61,7e-05,7.510552699999999
2025-10-17 22:06:04.961,107293.61,0.00016,17.166977600000003
2025-10-17 22:06:04.963,107293.61,7e-05,7.510552699999999
2025-10-17 22:06:04.966,107293.61,0.00021,22.5316581
2025-10-17 22:06:04.968,107293.61,7e-05,7.510552699999999
2025-10-17 22:06:04.970,107293.61,7e-05,7.510552699999999
2025-10-17 22:06:04.972,107293.61,6e-05,6.4376166
2025-10-17 22:06:04.973,107293.61,7e-05,7.510552699999999
2025-10-17 22:06:04.977,107293.61,7e-05,7.510552699999999
2025-10-17 22:06:04.981,107293.61,7e-05,7.510552699999999
2025-10-17 22:06:04.983,107293.61,7e-05,7.510552699999999
2025-10-17 22:06:04.986,107293.61,7e-05,7.510552699999999
2025-10-17 22:06:04.992,107293.61,7e-05,7.510552699999999
2025-10-17 22:06:04.998,107293.61,7e-05,7.510552699999999
2025-10-17 22:06:05.004,107293.61,7e-05,7.510552699999999
2025-10-17 22:06:05.008,107293.61,7e-05,7.510552699999999
2025-10-17 22:06:05.015,107293.61,0.00014,15.021105399999998
2025-10-17 22:06:05.018,107293.61,6e-05,6.4376166
2025-10-17 22:06:05.021,107293.61,7e-05,7.510552699999999
2025-10-17 22:06:05.026,107293.61,7e-05,7.510552699999999
2025-10-17 22:06:05.030,107293.61,7e-05,7.510552699999999
2025-10-17 22:06:05.034,107293.61,7e-05,7.510552699999999
2025-10-17 22:06:05.036,107293.61,7e-05,7.510552699999999
2025-10-17 22:06:05.038,107293.61,0.00014,15.021105399999998
2025-10-17 22:06:05.040,107293.61,7e-05,7.510552699999999
2025-10-17 22:06:05.051,107293.61,7e-05,7.510552699999999
2025-10-17 22:06:05.054,107293.61,7e-05,7.510552699999999
2025-10-17 22:06:05.059,107293.61,6e-05,6.4376166
2025-10-17 22:06:05.073,107293.61,0.00019,20.385785900000002
2025-10-17 22:06:05.076,107293.61,7e-05,7.510552699999999
2025-10-17 22:06:05.081,107293.61,0.00014,15.021105399999998
2025-10-17 22:06:05.082,107293.61,7e-05,7.510552699999999
2025-10-17 22:06:05.083,107293.61,6e-05,6.4376166
2025-10-17 22:06:05.084,107293.61,7e-05,7.510552699999999
2025-10-17 22:06:05.087,107293.61,0.00014,15.021105399999998
2025-10-17 22:06:05.088,107293.61,7e-05,7.510552699999999
2025-10-17 22:06:05.090,107293.61,7e-05,7.510552699999999
2025-10-17 22:06:05.095,107293.61,7e-05,7.510552699999999
2025-10-17 22:06:05.099,107293.61,7e-05,7.510552699999999
2025-10-17 22:06:05.100,107293.61,7e-05,7.510552699999999
2025-10-17 22:06:05.122,107293.61,7e-05,7.510552699999999
2025-10-17 22:06:05.123,107293.61,6e-05,6.4376166
2025-10-17 22:06:05.124,107293.61,7e-05,7.510552699999999
2025-10-17 22:06:05.126,107293.61,0.00014,15.021105399999998
2025-10-17 22:06:05.133,107293.61,7e-05,7.510552699999999
2025-10-17 22:06:05.138,107293.61,0.00014,15.021105399999998
2025-10-17 22:06:05.144,107293.61,7e-05,7.510552699999999
2025-10-17 22:06:05.149,107293.61,5e-05,5.3646805
2025-10-17 22:06:05.155,107293.61,7e-05,7.510552699999999
2025-10-17 22:06:05.166,107293.61,7e-05,7.510552699999999
2025-10-17 22:06:05.215,107293.61,0.00012,12.8752332
2025-10-17 22:06:05.316,107293.61,0.00037,39.6986357
2025-10-17 22:06:05.337,107293.6,0.00021,22.531656
2025-10-17 22:06:05.339,107293.61,0.00018,19.312849800000002
2025-10-17 22:06:05.585,107293.61,0.00019,20.385785900000002
2025-10-17 22:06:06.068,107293.6,0.00027,28.969272000000004
2025-10-17 22:06:07.013,107293.6,0.00777,833.671272
2025-10-17 22:06:07.180,107293.61,0.00037,39.6986357
2025-10-17 22:06:07.920,107293.61,0.0033,354.068913
2025-10-17 22:06:08.260,107293.61,0.0002,21.458722
2025-10-17 22:06:08.406,107293.61,0.00301,322.9537661
2025-10-17 22:06:09.343,107293.6,0.00047,50.427992
2025-10-17 22:06:10.014,107293.61,0.00421,451.7060981
2025-10-17 22:06:10.162,107293.61,0.00093,99.78305730000001
2025-10-17 22:06:10.250,107293.6,0.00047,50.427992
2025-10-17 22:06:10.429,107293.6,0.00353,378.74640800000003
2025-10-17 22:06:11.198,107293.61,0.0005,53.646805
2025-10-17 22:06:12.135,107293.61,0.0038,407.715718
2025-10-17 22:06:12.613,107293.61,0.00026,27.896338599999996
2025-10-17 22:06:12.963,107293.61,0.00034,36.479827400000005
2025-10-17 22:06:13.084,107293.61,0.00015,16.0940415
2025-10-17 22:06:13.597,107293.61,0.00093,99.78305730000001
2025-10-17 22:06:13.837,107293.61,0.0001,10.729361
2025-10-17 22:06:14.360,107293.61,0.00047,50.4279967
2025-10-17 22:06:15.192,107293.61,0.09313,9992.2538993
2025-10-17 22:06:15.312,107293.6,0.00021,22.531656
2025-10-17 22:06:15.866,107293.61,0.00989,1061.1338028999999
2025-10-17 22:06:15.875,107293.71,0.0001,10.729371
2025-10-17 22:06:15.878,107294.75,5e-05,5.3647375
2025-10-17 22:06:15.881,107294.75,0.00105,112.6594875
2025-10-17 22:06:15.888,107295.51,0.0007,75.10685699999999
2025-10-17 22:06:15.894,107295.52,0.0008,85.83641600000001
2025-10-17 22:06:15.899,107295.52,0.00055,59.012536000000004
2025-10-17 22:06:15.906,107295.53,0.00225,241.41494249999997
2025-10-17 22:06:15.937,107295.54,0.0024,257.50929599999995
2025-10-17 22:06:16.091,107297.89,0.00146,156.65491939999998
2025-10-17 22:06:16.132,107297.9,0.00094,100.86002599999999
2025-10-17 22:06:16.233,107297.89,0.0002,21.459578
2025-10-17 22:06:16.483,107297.9,0.0003,32.18937
2025-10-17 22:06:16.533,107297.9,8e-05,8.583832000000001
2025-10-17 22:06:17.124,107304.34,0.03141,3370.4293193999997
2025-10-17 22:06:17.218,107304.34,0.00038,40.775649200000004
2025-10-17 22:06:17.227,107304.34,0.00603,647.0451701999999
2025-10-17 22:06:17.233,107304.34,0.00028,30.045215199999998
2025-10-17 22:06:17.269,107304.34,0.00933,1001.1494921999999
2025-10-17 22:06:17.361,107314.49,0.0083,890.710267
2025-10-17 22:06:17.371,107314.49,0.0001,10.731449000000001
2025-10-17 22:06:17.418,107314.49,7e-05,7.5120143
2025-10-17 22:06:17.425,107314.49,0.00094,100.8756206
2025-10-17 22:06:17.533,107314.49,0.0001,10.731449000000001
2025-10-17 22:06:17.583,107314.49,9e-05,9.6583041
2025-10-17 22:06:17.636,107314.48,7e-05,7.512013599999999
2025-10-17 22:06:17.662,107314.49,0.00047,50.4378103
2025-10-17 22:06:17.737,107314.49,0.00014,15.0240286
2025-10-17 22:06:17.748,107314.49,0.0001,10.731449000000001
2025-10-17 22:06:17.768,107314.49,0.00015,16.0971735
2025-10-17 22:06:17.964,107314.49,0.00213,228.5798637
2025-10-17 22:06:17.968,107314.51,0.0024,257.55482399999994
2025-10-17 22:06:17.977,107315.12,0.0001,10.731512
2025-10-17 22:06:17.980,107317.57,0.0006,64.390542
2025-10-17 22:06:17.981,107317.57,0.00023,24.683041100000004
2025-10-17 22:06:17.983,107317.57,0.00027,28.9757439
2025-10-17 22:06:18.027,107321.5,6e-05,6.43929
2025-10-17 22:06:18.054,107324.75,0.00116,124.49671000000001
2025-10-17 22:06:18.115,107325.22,0.00014,15.025530799999999
2025-10-17 22:06:18.247,107325.22,7e-05,7.512765399999999
2025-10-17 22:06:18.445,107325.22,0.00021,22.5382962
2025-10-17 22:06:18.519,107325.22,8e-05,8.5860176
2025-10-17 22:06:18.620,107325.22,7e-05,7.512765399999999
2025-10-17 22:06:18.669,107325.22,0.00094,100.8857068
2025-10-17 22:06:18.838,107325.22,0.00011,11.8057742
2025-10-17 22:06:19.262,107325.22,0.00028,30.051061599999997
2025-10-17 22:06:19.291,107325.22,0.00019,20.3917918
2025-10-17 22:06:19.347,107325.22,0.00241,258.65378019999997
2025-10-17 22:06:19.362,107325.22,0.00028,30.051061599999997
2025-10-17 22:06:19.364,107325.22,0.00089,95.5194458
2025-10-17 22:06:19.667,107328.99,0.00046,49.37133540000001
2025-10-17 22:06:19.946,107328.99,0.0028,300.52117200000004
2025-10-17 22:06:19.950,107328.99,0.00047,50.4446253
2025-10-17 22:06:20.094,107329.0,0.00143,153.48047
2025-10-17 22:06:20.438,107329.0,0.002,214.65800000000002
2025-10-17 22:06:20.620,107328.99,0.00091,97.66938090000001
2025-10-17 22:06:20.909,107329.0,0.01655,1776.29495
2025-10-17 22:06:20.982,107329.0,0.00011,11.80619
2025-10-17 22:06:21.105,107328.99,0.00333,357.4055367
2025-10-17 22:06:21.288,107329.0,0.00011,11.80619
2025-10-17 22:06:21.476,107329.0,0.00047,50.44463
2025-10-17 22:06:21.525,107329.0,0.00011,11.80619
2025-10-17 22:06:21.790,107329.0,0.00123,132.01467
2025-10-17 22:06:22.596,107329.0,0.00012,12.879480000000001
2025-10-17 22:06:23.013,107329.0,0.0007,75.1303
2025-10-17 22:06:23.020,107329.0,0.00047,50.44463
2025-10-17 22:06:23.147,107329.0,0.00019,20.39251
2025-10-17 22:06:23.197,107329.0,0.01491,1600.27539
2025-10-17 22:06:23.244,107329.0,0.00024,25.758960000000002
2025-10-17 22:06:23.355,107329.0,0.01491,1600.27539
2025-10-17 22:06:23.462,107329.0,0.00172,184.60587999999998
2025-10-17 22:06:23.473,107328.99,0.00036,38.6384364
2025-10-17 22:06:23.511,107329.0,0.01491,1600.27539
2025-10-17 22:06:24.595,107329.0,0.00012,12.879480000000001
2025-10-17 22:06:25.215,107329.0,0.00016,17.17264
2025-10-17 22:06:25.368,107329.0,8e-05,8.58632
2025-10-17 22:06:25.670,107329.0,0.00014,15.02606
2025-10-17 22:06:25.844,107329.0,0.03051,3274.60779
2025-10-17 22:06:25.991,107329.0,0.00011,11.80619
2025-10-17 22:06:26.447,107328.99,0.00017,18.245928300000003
2025-10-17 22:06:26.530,107329.0,0.00011,11.80619
2025-10-17 22:06:26.762,107329.0,0.00011,11.80619
2025-10-17 22:06:27.183,107329.0,0.00171,183.53259
2025-10-17 22:06:27.229,107329.0,0.00017,18.24593
2025-10-17 22:06:27.319,107328.99,0.0008,85.86319200000001
2025-10-17 22:06:27.646,107329.0,8e-05,8.58632
2025-10-17 22:06:27.810,107329.0,0.00018,19.31922
2025-10-17 22:06:27.840,107328.99,0.00036,38.6384364
2025-10-17 22:06:28.468,107329.0,0.00053,56.88437
2025-10-17 22:06:28.659,107329.0,0.00022,23.61238
2025-10-17 22:06:28.993,107329.0,0.00025,26.832250000000002
2025-10-17 22:06:29.431,107328.99,1.0,107328.99
2025-10-17 22:06:29.739,107329.0,0.00014,15.02606
2025-10-17 22:06:30.104,107329.0,0.0731,7845.7499
2025-10-17 22:06:30.333,107329.0,0.00171,183.53259
2025-10-17 22:06:30.335,107329.0,0.00041,44.004889999999996
2025-10-17 22:06:30.520,107328.99,0.00205,220.02442950000002
2025-10-17 22:06:31.200,107329.0,0.00011,11.80619
2025-10-17 22:06:31.670,107329.0,0.00011,11.80619
2025-10-17 22:06:31.782,107329.0,0.00931,999.2329900000001
2025-10-17 22:06:32.144,107329.0,0.00011,11.80619
2025-10-17 22:06:33.248,107328.99,0.00036,38.6384364
2025-10-17 22:06:33.424,107329.0,0.00066,70.83714
2025-10-17 22:06:33.827,107329.0,7e-05,7.51303
2025-10-17 22:06:35.460,107328.99,0.00225,241.4902275
2025-10-17 22:06:35.486,107329.0,0.00465,499.07984999999996
2025-10-17 22:06:35.537,107329.0,0.00288,309.10752
2025-10-17 22:06:36.496,107328.99,8e-05,8.586319200000002
2025-10-17 22:06:36.695,107329.0,0.00011,11.80619
2025-10-17 22:06:37.058,107329.0,0.0169,1813.8600999999999
2025-10-17 22:06:37.221,107329.0,0.0003,32.198699999999995
2025-10-17 22:06:37.272,107329.0,0.00011,11.80619
2025-10-17 22:06:37.537,107329.0,0.00011,11.80619
2025-10-17 22:06:38.467,107329.0,0.00066,70.83714
2025-10-17 22:06:38.609,107329.0,0.00022,23.61238
2025-10-17 22:06:39.461,107328.99,0.00013,13.9527687
2025-10-17 22:06:39.609,107328.99,0.00036,38.6384364
2025-10-17 22:06:39.748,107329.0,0.00093,99.81597000000001
2025-10-17 22:06:40.624,107329.0,0.00036,38.63844
2025-10-17 22:06:40.998,107329.0,0.00916,983.13364
2025-10-17 22:06:41.208,107329.0,0.00359,385.31111
2025-10-17 22:06:41.398,107328.99,0.00037,39.7117263
2025-10-17 22:06:41.658,107329.0,0.0002,21.4658
2025-10-17 22:06:41.894,107329.0,8e-05,8.58632
2025-10-17 22:06:42.318,107329.0,0.00011,11.80619
2025-10-17 22:06:42.557,107329.0,0.001,107.32900000000001
2025-10-17 22:06:42.804,107329.0,0.00011,11.80619
2025-10-17 22:06:43.528,107329.0,0.00011,11.80619
2025-10-17 22:06:43.886,107329.0,0.03626,3891.7495400000003
2025-10-17 22:06:43.918,107329.0,7e-05,7.51303
2025-10-17 22:06:44.223,107329.0,0.00038,40.78502
2025-10-17 22:06:44.466,107328.99,0.00047,50.4446253
2025-10-17 22:06:44.934,107328.99,0.00036,38.6384364
2025-10-17 22:06:45.435,107329.0,0.00047,50.44463
2025-10-17 22:06:45.808,107327.7,0.01838,1972.683126
2025-10-17 22:06:45.810,107318.74,5e-05,5.365937000000001
2025-10-17 22:06:45.813,107316.55,0.00046,49.365613
2025-10-17 22:06:45.814,107316.55,0.01386,1487.4073830000002
2025-10-17 22:06:45.820,107306.34,0.03959,4248.2580006
2025-10-17 22:06:45.824,107312.74,5e-05,5.365637
2025-10-17 22:06:45.827,107303.57,0.00931,998.9962367000002
2025-10-17 22:06:45.828,107297.9,0.0025,268.24475
2025-10-17 22:06:45.834,107300.0,5e-05,5.365
2025-10-17 22:06:45.835,107297.9,0.00351,376.615629
2025-10-17 22:06:45.836,107293.61,0.00056,60.08442159999999
2025-10-17 22:06:45.842,107300.32,0.00931,998.9659792000001
2025-10-17 22:06:45.848,107300.32,0.18663,20025.4587216
2025-10-17 22:06:45.852,107292.0,0.0028,300.4176
2025-10-17 22:06:45.857,107297.25,6e-05,6.437835
2025-10-17 22:06:45.876,107297.25,0.00078,83.691855
2025-10-17 22:06:45.896,107297.25,0.00768,824.04288
2025-10-17 22:06:45.899,107291.99,0.0002,21.458398000000003
2025-10-17 22:06:45.904,107291.92,0.00479,513.9282968
2025-10-17 22:06:45.941,107288.39,0.00023,24.6763297
2025-10-17 22:06:45.965,107284.87,0.04,4291.3948
2025-10-17 22:06:45.984,107284.87,0.0466,4999.474942
2025-10-17 22:06:46.117,107284.87,7e-05,7.509940899999999
2025-10-17 22:06:46.148,107284.88,0.00373,400.1726024
2025-10-17 22:06:46.571,107284.87,0.0002,21.456974
2025-10-17 22:06:47.060,107284.87,0.01,1072.8487
2025-10-17 22:06:47.061,107284.87,0.005,536.42435
2025-10-17 22:06:47.062,107284.87,0.0056,600.795272
2025-10-17 22:06:47.532,107284.87,0.00015,16.0927305
2025-10-17 22:06:48.023,107284.87,8e-05,8.5827896
2025-10-17 22:06:48.040,107284.87,0.00014,15.019881799999999
2025-10-17 22:06:48.368,107284.87,4e-05,4.2913948
2025-10-17 22:06:48.556,107284.87,0.00031,33.2583097
2025-10-17 22:06:48.557,107284.87,0.00017,18.2384279
2025-10-17 22:06:48.570,107284.86,0.00029,31.1126094
2025-10-17 22:06:49.534,107284.86,0.00048,51.496732800000004
2025-10-17 22:06:50.112,107284.87,0.00247,264.9936289
2025-10-17 22:06:50.145,107284.87,0.00758,813.2193146
2025-10-17 22:06:50.376,107284.87,0.00047,50.423888899999994
2025-10-17 22:06:51.014,107284.87,0.00093,99.77492910000001
2025-10-17 22:06:51.235,107284.87,0.00241,258.5565367
2025-10-17 22:06:51.584,107284.86,0.00047,50.423884199999996
2025-10-17 22:06:51.983,107284.86,0.00262,281.0863332
2025-10-17 22:06:51.985,107284.86,0.37207,39917.4778602
2025-10-17 22:06:51.992,107284.86,0.00531,569.6826066
2025-10-17 22:06:52.065,107284.85,0.00272,291.814792
2025-10-17 22:06:52.215,107284.84,0.00244,261.7750096
2025-10-17 22:06:52.356,107283.99,0.0001,10.728399000000001
2025-10-17 22:06:52.515,107283.0,0.00218,233.87694000000002
2025-10-17 22:06:52.543,107283.0,0.00171,183.45392999999999
2025-10-17 22:06:52.697,107283.0,0.00121,129.81242999999998
2025-10-17 22:06:53.335,107283.0,0.0001,10.7283
2025-10-17 22:06:53.476,107282.99,0.00169,181.30825310000003
2025-10-17 22:06:54.374,107283.0,0.00158,169.50714
2025-10-17 22:06:54.418,107283.0,0.00011,11.80113
2025-10-17 22:06:54.588,107283.0,0.00062,66.51546
2025-10-17 22:06:54.719,107283.0,0.00074,79.38942
2025-10-17 22:06:54.944,107283.0,0.00011,11.80113
2025-10-17 22:06:56.009,107283.0,0.00011,11.80113
2025-10-17 22:06:56.111,107283.0,0.00027,28.96641
2025-10-17 22:06:56.262,107282.99,0.00122,130.8852478
2025-10-17 22:06:56.577,107282.99,7e-05,7.5098093
2025-10-17 22:06:56.885,107283.0,0.00372,399.09276
2025-10-17 22:06:56.896,107282.99,0.00112,120.1569488
2025-10-17 22:06:56.917,107282.99,0.0011,118.01128900000002
2025-10-17 22:06:57.574,107283.0,0.02924,3136.9549199999997
2025-10-17 22:06:57.576,107284.03,0.0006,64.37041799999999
2025-10-17 22:06:57.579,107284.87,0.02658,2851.6318446
2025-10-17 22:06:57.586,107285.1,0.00065,69.735315
2025-10-17 22:06:57.587,107285.1,0.00025,26.821275000000004
2025-10-17 22:06:57.588,107285.11,0.00065,69.7353215
2025-10-17 22:06:57.589,107287.29,0.00065,69.73673849999999
2025-10-17 22:06:57.606,107288.32,0.00095,101.92390400000001
2025-10-17 22:06:57.609,107289.16,0.00448,480.65543679999996
2025-10-17 22:06:57.615,107293.37,0.01065,1142.6743904999998
2025-10-17 22:06:57.623,107293.37,0.00196,210.2950052
2025-10-17 22:06:57.692,107300.1,0.0001,10.730010000000002
2025-10-17 22:06:57.694,107302.0,0.00417,447.44934
2025-10-17 22:06:57.816,107305.25,6e-05,6.438315
2025-10-17 22:06:57.818,107306.34,9e-05,9.6575706
2025-10-17 22:06:57.831,107306.34,0.16728,17950.2045552
2025-10-17 22:06:57.864,107306.33,0.00045,48.2878485
2025-10-17 22:06:58.297,107306.33,0.00036,38.630278800000006
2025-10-17 22:06:58.309,107306.34,5e-05,5.365317
2025-10-17 22:06:58.557,107306.34,0.0009,96.575706
2025-10-17 22:06:59.037,107306.34,0.00084,90.1373256
2025-10-17 22:06:59.081,107306.35,0.00013,13.9498255
2025-10-17 22:06:59.086,107306.34,0.36,38630.2824
2025-10-17 22:06:59.149,107306.35,0.00101,108.37941350000001
2025-10-17 22:06:59.420,107306.35,0.01686,1809.1850610000001
2025-10-17 22:06:59.516,107306.36,0.00035,37.557226
2025-10-17 22:06:59.964,107306.49,0.01,1073.0649
2025-10-17 22:07:00.003,107306.5,0.0049,525.80185
2025-10-17 22:07:00.093,107306.5,0.00047,50.434055
2025-10-17 22:07:00.362,107306.5,0.00012,12.87678
2025-10-17 22:07:00.596,107306.5,0.01835,1969.0742750000002
2025-10-17 22:07:00.671,107306.5,0.00012,12.87678
2025-10-17 22:07:00.717,107306.5,0.00047,50.434055
2025-10-17 22:07:01.343,107306.5,0.00012,12.87678
2025-10-17 22:07:01.693,107306.5,0.00028,30.04582
2025-10-17 22:07:01.769,107306.5,0.00024,25.75356
2025-10-17 22:07:01.970,107306.49,0.00122,130.9139178
2025-10-17 22:07:02.668,107306.49,0.00038,40.7764662
2025-10-17 22:07:02.838,107306.5,0.00171,183.494115
2025-10-17 22:07:02.953,107306.5,0.01491,1599.939915
2025-10-17 22:07:03.112,107306.5,0.01491,1599.939915
2025-10-17 22:07:03.429,107306.5,0.00511,548.336215
2025-10-17 22:07:05.692,107306.5,0.00012,12.87678
2025-10-17 22:07:06.185,107306.49,0.0009,96.575841
2025-10-17 22:07:06.246,107306.5,0.00012,12.87678
2025-10-17 22:07:06.918,107306.5,0.00023,24.680495
2025-10-17 22:07:06.987,107306.5,0.00012,12.87678
2025-10-17 22:07:07.461,107306.5,0.00038,40.77647
2025-10-17 22:07:07.975,107306.5,0.00073,78.333745
2025-10-17 22:07:08.022,107306.49,0.00039,41.8495311
2025-10-17 22:07:08.227,107306.49,0.0001,10.730649000000001
2025-10-17 22:07:08.504,107306.5,0.00059,63.310835000000004
2025-10-17 22:07:08.722,107306.5,7e-05,7.511455
2025-10-17 22:07:09.182,107306.5,0.00018,19.315170000000002
2025-10-17 22:07:09.899,107306.5,0.00042,45.06873
2025-10-17 22:07:10.235,107306.5,0.0002,21.4613
2025-10-17 22:07:10.423,107306.5,0.00057,61.164705
2025-10-17 22:07:10.487,107306.5,0.01491,1599.939915
2025-10-17 22:07:10.958,107306.5,0.05288,5674.36772
2025-10-17 22:07:11.504,107306.5,0.00012,12.87678
2025-10-17 22:07:11.765,107306.5,0.00039,41.849534999999996
2025-10-17 22:07:12.008,107306.5,0.00012,12.87678
2025-10-17 22:07:12.528,107306.5,0.00012,12.87678
2025-10-17 22:07:12.842,107306.5,0.00025,26.826625
2025-10-17 22:07:13.143,107306.5,0.00054,57.94551
2025-10-17 22:07:13.391,107306.49,0.00039,41.8495311
2025-10-17 22:07:13.521,107306.5,5e-05,5.365325
2025-10-17 22:07:13.682,107306.5,0.25922,27815.99093
2025-10-17 22:07:13.854,107306.5,0.00033,35.411145
2025-10-17 22:07:14.410,107306.5,0.00013,13.949844999999998
2025-10-17 22:07:15.021,107306.49,0.00048,51.5071152
2025-10-17 22:07:15.136,107306.5,0.00205,219.978325
2025-10-17 22:07:15.151,107306.5,0.00726,779.04519
2025-10-17 22:07:15.543,107306.49,0.00047,50.4340503
2025-10-17 22:07:16.972,107306.5,0.00023,24.680495
2025-10-17 22:07:17.319,107306.5,0.00315,338.015475
2025-10-17 22:07:18.382,107306.5,0.001,107.3065
2025-10-17 22:07:18.700,107306.5,0.04515,4844.888475000001
2025-10-17 22:07:18.705,107310.79,0.00438,470.0212602
2025-10-17 22:07:18.706,107314.28,0.00373,400.2822644
2025-10-17 22:07:18.723,107314.28,0.00124,133.0697072
2025-10-17 22:07:18.886,107317.23,0.00031,33.268341299999996
2025-10-17 22:07:19.238,107317.22,0.00112,120.19528639999999
2025-10-17 22:07:19.478,107317.23,0.01005,1078.5381615
2025-10-17 22:07:19.479,107317.24,0.0008,85.85379200000001
2025-10-17 22:07:19.485,107320.0,0.00665,713.678
2025-10-17 22:07:19.723,107319.99,5e-05,5.365999500000001
2025-10-17 22:07:20.311,107319.99,0.00025,26.8299975
2025-10-17 22:07:20.690,107320.0,6e-05,6.4392000000000005
2025-10-17 22:07:21.320,107319.99,0.14378,15430.468162199999
2025-10-17 22:07:21.781,107320.0,0.00032,34.342400000000005
2025-10-17 22:07:21.865,107320.0,0.00048,51.513600000000004
2025-10-17 22:07:22.496,107320.0,8e-05,8.585600000000001
2025-10-17 22:07:23.412,107320.0,6e-05,6.4392000000000005
2025-10-17 22:07:25.107,107320.0,8e-05,8.585600000000001
2025-10-17 22:07:26.050,107320.0,0.00344,369.1808
2025-10-17 22:07:26.123,107320.0,8e-05,8.585600000000001
2025-10-17 22:07:26.589,107319.99,6e-05,6.439199400000001
2025-10-17 22:07:26.870,107320.0,0.00167,179.2244
2025-10-17 22:07:27.013,107320.0,0.0001,10.732000000000001
2025-10-17 22:07:27.067,107320.0,9e-05,9.658800000000001
2025-10-17 22:07:27.470,107319.99,0.00104,111.6127896
2025-10-17 22:07:27.594,107320.0,8e-05,8.585600000000001
2025-10-17 22:07:27.929,107320.0,0.01863,1999.3716000000002
2025-10-17 22:07:28.295,107320.0,0.00012,12.878400000000001
2025-10-17 22:07:28.307,107319.99,0.02451,2630.4129549000004
2025-10-17 22:07:28.309,107319.99,0.28697,30797.6175303
2025-10-17 22:07:28.615,107319.98,0.00302,324.1063396
2025-10-17 22:07:28.616,107319.97,0.00105,112.6859685
2025-10-17 22:07:28.715,107319.9,0.0023,246.83577
2025-10-17 22:07:29.210,107319.9,0.00093,99.807507
2025-10-17 22:07:29.576,107319.9,0.0279,2994.22521
2025-10-17 22:07:30.203,107319.89,0.00047,50.4403483
2025-10-17 22:07:30.500,107319.9,0.00047,50.440352999999995
2025-10-17 22:07:30.859,107319.9,0.0002,21.46398
2025-10-17 22:07:31.216,107319.9,0.00047,50.440352999999995
2025-10-17 22:07:32.401,107319.9,0.00358,384.20524199999994
2025-10-17 22:07:32.610,107319.9,0.00047,50.440352999999995
2025-10-17 22:07:32.808,107319.9,0.00047,50.440352999999995
2025-10-17 22:07:32.860,107319.9,0.0005,53.659949999999995
2025-10-17 22:07:33.424,107319.89,0.0028,300.495692
2025-10-17 22:07:33.722,107319.9,0.00528,566.6490719999999
2025-10-17 22:07:34.122,107319.9,8e-05,8.585592
2025-10-17 22:07:34.539,107319.89,7e-05,7.512392299999999
2025-10-17 22:07:34.936,107319.9,0.12579,13499.770221
2025-10-17 22:07:35.051,107319.9,0.022,2361.0377999999996
2025-10-17 22:07:35.231,107319.9,0.00289,310.154511
2025-10-17 22:07:35.572,107319.9,6e-05,6.439194
2025-10-17 22:07:36.325,107319.9,0.00093,99.807507
2025-10-17 22:07:36.375,107319.89,0.00012,12.8783868
2025-10-17 22:07:37.224,107319.9,0.00018,19.317582
2025-10-17 22:07:37.661,107319.9,0.00179,192.10262099999997
2025-10-17 22:07:38.390,107319.9,0.00189,202.834611
2025-10-17 22:07:38.705,107319.9,0.0003,32.195969999999996
2025-10-17 22:07:38.840,107319.89,0.0019,203.907791
2025-10-17 22:07:41.862,107319.9,7e-05,7.5123929999999985
2025-10-17 22:07:42.365,107319.9,0.00625,670.749375
2025-10-17 22:07:43.149,107319.9,0.00048,51.513552
2025-10-17 22:07:43.882,107319.89,7e-05,7.512392299999999
2025-10-17 22:07:44.507,107319.89,7e-05,7.512392299999999
2025-10-17 22:07:44.669,107319.89,0.00016,17.171182400000003
2025-10-17 22:07:44.895,107319.9,0.0003,32.195969999999996
2025-10-17 22:07:45.024,107319.89,0.00022,23.6103758
2025-10-17 22:07:45.711,107319.9,8e-05,8.585592
2025-10-17 22:07:46.920,107319.9,0.00314,336.984486
2025-10-17 22:07:47.678,107319.9,0.0186,1996.1501399999997
2025-10-17 22:07:49.438,107319.9,0.00022,23.610378
2025-10-17 22:07:49.910,107319.9,0.00465,499.03753499999993
2025-10-17 22:07:49.999,107319.9,0.00092,98.734308
2025-10-17 22:07:50.880,107319.89,0.00102,109.4662878
2025-10-17 22:07:51.496,107319.89,0.00456,489.37869839999996
2025-10-17 22:07:51.498,107319.89,0.03977,4268.1120253
2025-10-17 22:07:51.898,107319.88,0.00023,24.683572400000003
2025-10-17 22:07:53.523,107319.89,0.00094,100.8806966
2025-10-17 22:07:54.292,107319.88,7e-05,7.5123916
2025-10-17 22:07:55.681,107319.89,0.00909,975.5378001000001
2025-10-17 22:07:56.536,107319.89,7e-05,7.512392299999999
2025-10-17 22:07:56.577,107319.88,5e-05,5.365994000000001
2025-10-17 22:07:58.666,107319.88,0.0039,418.547532
2025-10-17 22:07:58.668,107319.88,0.24429,26217.1734852
2025-10-17 22:07:59.201,107319.89,0.00279,299.4224931
2025-10-17 22:07:59.314,107319.89,0.00395,423.91356550000006
2025-10-17 22:07:59.439,107319.88,0.0004,42.927952000000005
2025-10-17 22:08:00.089,107319.88,0.00031,33.269162800000004
2025-10-17 22:08:00.609,107319.88,0.00047,50.4403436
2025-10-17 22:08:01.324,107319.88,0.00047,50.4403436
2025-10-17 22:08:01.793,107319.89,0.01211,1299.6438678999998
2025-10-17 22:08:01.987,107319.89,0.00093,99.8074977
2025-10-17 22:08:02.719,107319.88,0.00047,50.4403436
2025-10-17 22:08:02.916,107319.88,0.00047,50.4403436
2025-10-17 22:08:03.069,107319.89,0.00027,28.9763703
2025-10-17 22:08:03.135,107319.89,0.0003,32.195966999999996
2025-10-17 22:08:03.138,107319.89,7e-05,7.512392299999999
2025-10-17 22:08:03.585,107319.89,0.00079,84.7827131
2025-10-17 22:08:03.615,107319.89,0.0002,21.463978
2025-10-17 22:08:03.714,107319.89,0.00082,88.00230979999999
2025-10-17 22:08:03.935,107319.89,0.00025,26.8299725
2025-10-17 22:08:04.913,107319.89,0.0001,10.731989
2025-10-17 22:08:06.294,107319.89,0.00047,50.4403483
2025-10-17 22:08:07.024,107319.89,0.0125,1341.4986250000002
2025-10-17 22:08:07.361,107319.88,0.00056,60.0991328
2025-10-17 22:08:08.026,107319.89,0.00018,19.317580200000002
2025-10-17 22:08:08.558,107319.89,0.0006,64.39193399999999
2025-10-17 22:08:08.773,107319.88,0.0213,2285.9134440000003
2025-10-17 22:08:10.324,107319.89,0.09073,9737.1336197
2025-10-17 22:08:11.578,107319.88,6e-05,6.439192800000001
2025-10-17 22:08:11.840,107319.89,0.002,214.63978
2025-10-17 22:08:11.998,107319.89,0.0001,10.731989
2025-10-17 22:08:12.023,107319.88,7e-05,7.5123916
2025-10-17 22:08:12.820,107319.88,0.00014,15.0247832
2025-10-17 22:08:13.285,107319.88,0.00256,274.73889280000003
2025-10-17 22:08:14.227,107319.89,0.00047,50.4403483
2025-10-17 22:08:15.462,107319.88,5e-05,5.365994000000001
2025-10-17 22:08:15.533,107319.89,0.00128,137.36945920000002
2025-10-17 22:08:15.632,107319.88,0.00013,13.9515844
2025-10-17 22:08:16.197,107319.88,0.00075,80.48991000000001
2025-10-17 22:08:16.281,107319.88,0.00018,19.317578400000002
2025-10-17 22:08:16.520,107319.89,0.0001,10.731989
2025-10-17 22:08:16.620,107319.89,0.00094,100.8806966
2025-10-17 22:08:16.647,107319.89,0.00014,15.024784599999998
2025-10-17 22:08:16.692,107319.89,0.00094,100.8806966
2025-10-17 22:08:16.824,107319.89,0.0001,10.731989
2025-10-17 22:08:16.870,107319.89,9e-05,9.658790100000001
2025-10-17 22:08:17.114,107319.89,0.0012,128.78386799999998
2025-10-17 22:08:17.576,107319.88,0.0667,7158.235995999999
2025-10-17 22:08:17.717,107319.89,0.00187,200.6881943
2025-10-17 22:08:17.925,107319.89,0.00094,100.8806966
2025-10-17 22:08:18.418,107319.89,7e-05,7.512392299999999
2025-10-17 22:08:18.437,107319.89,0.00019,20.3907791
2025-10-17 22:08:18.491,107319.89,0.00028,30.049569199999997
2025-10-17 22:08:18.719,107319.89,0.00019,20.3907791
2025-10-17 22:08:18.818,107319.89,0.00047,50.4403483
2025-10-17 22:08:19.037,107319.89,0.00094,100.8806966
2025-10-17 22:08:19.093,107319.89,0.00012,12.8783868
2025-10-17 22:08:19.143,107319.89,0.00019,20.3907791
2025-10-17 22:08:19.491,107319.89,0.00021,22.537176900000002
2025-10-17 22:08:20.132,107319.89,0.00022,23.6103758
2025-10-17 22:08:20.709,107319.88,5e-05,5.365994000000001
2025-10-17 22:08:21.155,107319.89,0.00047,50.4403483
2025-10-17 22:08:21.220,107319.89,0.0003,32.195966999999996
2025-10-17 22:08:21.346,107319.88,0.00101,108.39307880000001
2025-10-17 22:08:21.442,107319.89,0.00047,50.4403483
2025-10-17 22:08:21.444,107319.89,0.00016,17.171182400000003
2025-10-17 22:08:21.560,107319.89,0.00019,20.3907791
2025-10-17 22:08:21.617,107319.89,0.0001,10.731989
2025-10-17 22:08:22.583,107319.88,0.06272,6731.1028736
2025-10-17 22:08:24.210,107319.89,0.0046,493.671494
2025-10-17 22:08:24.417,107319.89,0.00048,51.5135472
2025-10-17 22:08:24.867,107319.89,0.00047,50.4403483
2025-10-17 22:08:24.916,107319.89,0.00016,17.171182400000003
2025-10-17 22:08:25.590,107319.89,0.0025,268.299725
2025-10-17 22:08:25.848,107319.88,0.00018,19.317578400000002
2025-10-17 22:08:26.492,107319.89,0.00047,50.4403483
2025-10-17 22:08:27.047,107319.88,0.01954,2097.0304552
2025-10-17 22:08:27.153,107319.89,0.00043,46.1475527
2025-10-17 22:08:27.562,107319.89,0.05589,5998.108652100001
2025-10-17 22:08:27.758,107319.88,0.00011,11.805186800000001
2025-10-17 22:08:29.836,107319.89,9e-05,9.658790100000001
2025-10-17 22:08:30.010,107319.89,0.00215,230.7377635
2025-10-17 22:08:30.138,107319.88,0.00671,720.1163948
2025-10-17 22:08:30.550,107319.89,0.00026,27.903171399999998
2025-10-17 22:08:30.552,107319.89,0.00026,27.903171399999998
2025-10-17 22:08:30.708,107319.88,0.00019,20.390777200000002
2025-10-17 22:08:32.578,107319.88,0.06643,7129.259628400001
2025-10-17 22:08:35.201,107319.89,0.00018,19.317580200000002
2025-10-17 22:08:35.270,107319.89,0.00051,54.7331439
2025-10-17 22:08:35.428,107319.89,4e-05,4.292795600000001
2025-10-17 22:08:36.402,107319.88,0.00047,50.4403436
2025-10-17 22:08:37.462,107319.89,0.0003,32.195966999999996
2025-10-17 22:08:37.584,107319.88,0.06642,7128.186429600001
2025-10-17 22:08:38.108,107319.88,0.00021,22.537174800000003
2025-10-17 22:08:38.325,107319.89,0.00196,210.3469844
2025-10-17 22:08:39.138,107319.89,0.00018,19.317580200000002
2025-10-17 22:08:40.044,107319.88,0.00011,11.805186800000001
2025-10-17 22:08:40.171,107319.89,0.0033,354.155637
2025-10-17 22:08:41.606,107319.88,8e-05,8.585590400000001
2025-10-17 22:08:41.768,107319.89,0.00018,19.317580200000002
2025-10-17 22:08:41.921,107319.88,0.00159,170.63860920000002
2025-10-17 22:08:42.286,107319.88,0.0002,21.463976000000002
2025-10-17 22:08:42.631,107319.89,0.0001,10.731989
2025-10-17 22:08:44.110,107319.89,0.0001,10.731989
2025-10-17 22:08:44.647,107319.89,0.00095,101.9538955
2025-10-17 22:08:45.382,107319.88,9e-05,9.658789200000001
2025-10-17 22:08:45.471,107319.89,0.00018,19.317580200000002
2025-10-17 22:08:45.496,107319.89,0.00047,50.4403483
2025-10-17 22:08:45.775,107319.88,0.00025,26.829970000000003
2025-10-17 22:08:46.230,107319.88,0.00055,59.02593400000001
2025-10-17 22:08:47.581,107319.88,0.07657,8217.4832116
2025-10-17 22:08:47.694,107319.89,9e-05,9.658790100000001
2025-10-17 22:08:48.618,107319.89,0.00012,12.8783868
2025-10-17 22:08:48.623,107319.89,0.00081,86.9291109
2025-10-17 22:08:48.625,107319.89,0.00168,180.29741520000002
2025-10-17 22:08:48.626,107319.89,0.00931,999.1481759000001
2025-10-17 22:08:49.234,107319.89,0.00014,15.024784599999998
2025-10-17 22:08:49.249,107319.89,0.00035,37.5619615
2025-10-17 22:08:49.460,107319.89,0.00091,97.6610999
2025-10-17 22:08:49.635,107319.89,0.00081,86.9291109
2025-10-17 22:08:49.637,107319.89,0.002,214.63978
2025-10-17 22:08:49.638,107319.89,0.002,214.63978
2025-10-17 22:08:49.640,107319.89,0.01029,1104.3216681000001
2025-10-17 22:08:49.889,107319.89,0.00473,507.6230797
2025-10-17 22:08:49.891,107319.89,0.00474,508.6962786
2025-10-17 22:08:49.970,107319.88,0.00227,243.6161276
2025-10-17 22:08:50.253,107319.89,0.00021,22.537176900000002
2025-10-17 22:08:50.333,107319.89,0.00381,408.8887809
2025-10-17 22:08:50.337,107319.89,0.03483,3737.9517687
2025-10-17 22:08:50.340,107319.89,0.00487,522.6478643
2025-10-17 22:08:50.569,107319.88,0.00372,399.22995360000004
2025-10-17 22:08:50.576,107319.89,0.00023,24.6835747
2025-10-17 22:08:51.056,107319.89,0.00018,19.317580200000002
2025-10-17 22:08:51.262,107319.88,0.00047,50.4403436
2025-10-17 22:08:51.359,107319.89,0.00047,50.4403483
2025-10-17 22:08:52.073,107319.89,0.00047,50.4403483
2025-10-17 22:08:52.559,107319.89,5e-05,5.3659945
2025-10-17 22:08:52.724,107319.88,8e-05,8.585590400000001
2025-10-17 22:08:52.868,107319.89,0.00045,48.2939505
2025-10-17 22:08:52.963,107319.89,0.00026,27.903171399999998
2025-10-17 22:08:53.257,107319.89,5e-05,5.3659945
2025-10-17 22:08:53.839,107319.88,0.00042,45.074349600000005
2025-10-17 22:08:54.336,107319.89,0.00042,45.074353800000004
2025-10-17 22:08:54.880,107319.89,0.00098,105.1734922
2025-10-17 22:08:54.924,107319.88,8e-05,8.585590400000001
2025-10-17 22:08:54.929,107319.88,0.00166,178.15100080000002
2025-10-17 22:08:54.975,107319.88,0.00047,50.4403436
2025-10-17 22:08:56.600,107319.88,0.00047,50.4403436
2025-10-17 22:08:56.747,107319.89,0.00028,30.049569199999997
2025-10-17 22:08:56.786,107319.88,0.00094,100.8806872
2025-10-17 22:08:57.025,107319.89,0.23699,25433.7407311
2025-10-17 22:08:57.042,107319.89,0.01904,2043.3707056
2025-10-17 22:08:57.043,107319.9,0.01904,2043.3708960000001
2025-10-17 22:08:57.044,107319.99,0.00063,67.6115937
2025-10-17 22:08:57.045,107319.99,0.0002,21.463998000000004
2025-10-17 22:08:57.051,107320.0,0.00012,12.878400000000001
2025-10-17 22:08:57.054,107320.01,0.00145,155.61401449999997
2025-10-17 22:08:57.065,107320.37,0.00932,1000.2258484
2025-10-17 22:08:57.077,107321.0,0.0001,10.7321
2025-10-17 22:08:57.079,107321.89,0.09302,9983.0822078
2025-10-17 22:08:57.086,107323.03,0.00015,16.0984545
2025-10-17 22:08:57.106,107324.18,0.00503,539.8406253999999
2025-10-17 22:08:57.109,107326.25,0.00095,101.9599375
2025-10-17 22:08:57.110,107326.32,0.0017,182.454744
2025-10-17 22:08:57.117,107326.32,0.0017,182.454744
2025-10-17 22:08:57.118,107326.33,0.00125,134.1579125
2025-10-17 22:08:57.125,107329.41,0.00026,27.905646599999997
2025-10-17 22:08:57.127,107334.0,0.002,214.668
2025-10-17 22:08:57.280,107335.99,0.00013,13.9536787
2025-10-17 22:08:57.577,107335.99,0.07166,7691.6970434
2025-10-17 22:08:57.929,107335.99,0.11124,11940.055527600001
2025-10-17 22:08:59.032,107335.99,0.00025,26.833997500000002
2025-10-17 22:08:59.481,107335.99,0.00092,98.74911080000001
2025-10-17 22:08:59.482,107335.99,0.00092,98.74911080000001
2025-10-17 22:08:59.496,107335.99,0.00016,17.1737584
2025-10-17 22:08:59.497,107335.99,0.00021,22.540557900000003
2025-10-17 22:08:59.523,107335.99,0.01564,1678.7348836
2025-10-17 22:08:59.799,107335.99,0.08,8586.879200000001
2025-10-17 22:08:59.801,107335.99,0.05992,6431.5725208
2025-10-17 22:08:59.805,107335.99,0.02065,2216.4881935000003
2025-10-17 22:08:59.829,107335.99,0.04,4293.439600000001
2025-10-17 22:08:59.838,107336.0,0.00011,11.80696
2025-10-17 22:08:59.851,107335.99,0.00202,216.81869980000002
2025-10-17 22:08:59.944,107335.99,0.00208,223.2588592
2025-10-17 22:09:00.113,107336.0,0.00011,11.80696
2025-10-17 22:09:00.359,107336.0,0.00093,99.82248
2025-10-17 22:09:00.440,107335.99,0.00029,31.1274371
2025-10-17 22:09:00.609,107336.0,0.00011,11.80696
2025-10-17 22:09:00.762,107336.0,8e-05,8.58688
2025-10-17 22:09:00.847,107336.0,0.00059,63.32824
2025-10-17 22:09:01.059,107335.99,0.00123,132.0232677
2025-10-17 22:09:01.164,107336.0,0.00012,12.880320000000001
2025-10-17 22:09:01.174,107335.99,0.06146,6596.869945400001
2025-10-17 22:09:01.179,107335.9,0.0014,150.27025999999998
2025-10-17 22:09:01.218,107335.9,0.00101,108.409259
2025-10-17 22:09:01.254,107335.89,0.00265,284.4401085
2025-10-17 22:09:01.255,107325.29,0.00686,736.2514894
2025-10-17 22:09:01.265,107324.44,0.00135,144.88799400000002
2025-10-17 22:09:01.267,107324.43,0.002,214.64885999999998
2025-10-17 22:09:01.300,107324.44,0.00027,28.977598800000003
2025-10-17 22:09:01.413,107324.43,0.001,107.32442999999999
2025-10-17 22:09:01.577,107324.43,9e-05,9.6591987
2025-10-17 22:09:01.848,107324.43,0.00036,38.6367948
2025-10-17 22:09:02.550,107324.43,0.00063,67.6143909
2025-10-17 22:09:03.810,107324.44,7e-05,7.5127108
2025-10-17 22:09:03.833,107324.43,0.00097,104.1046971
2025-10-17 22:09:04.097,107324.43,0.188,20176.99284
2025-10-17 22:09:04.109,107324.43,0.001,107.32442999999999
2025-10-17 22:09:04.111,107324.42,0.00208,223.2347936
2025-10-17 22:09:04.215,107323.71,5e-05,5.3661855
2025-10-17 22:09:04.536,107320.15,0.00233,250.0559495
2025-10-17 22:09:05.035,107320.14,0.0069,740.508966
2025-10-17 22:09:05.038,107320.14,0.00038,40.7816532
2025-10-17 22:09:05.139,107319.88,0.03383,3630.6315404
2025-10-17 22:09:05.178,107319.88,0.01879,2016.5405452000002
2025-10-17 22:09:05.180,107319.88,0.00233,250.05532040000003
2025-10-17 22:09:05.217,107319.88,0.06899,7403.9985212
2025-10-17 22:09:05.233,107318.63,0.04262,4573.9200106
2025-10-17 22:09:05.266,107317.99,0.0001,10.731799
2025-10-17 22:09:05.268,107316.21,5e-05,5.3658105
2025-10-17 22:09:05.269,107308.32,0.02677,2872.6437264
2025-10-17 22:09:05.428,107308.32,0.00199,213.5435568
2025-10-17 22:09:05.429,107304.04,0.00151,162.0291004
2025-10-17 22:09:05.909,107298.86,0.00022,23.6057492
2025-10-17 22:09:06.236,107298.86,0.00027,28.970692200000002
2025-10-17 22:09:07.576,107298.85,0.05509,5911.0936465
2025-10-17 22:09:07.984,107298.86,0.00266,285.4149676
2025-10-17 22:09:08.086,107298.86,0.00086,92.2770196
2025-10-17 22:09:08.812,107298.85,0.0008,85.83908000000001
2025-10-17 22:09:08.931,107298.85,0.011,1180.28735
2025-10-17 22:09:09.084,107298.86,0.00071,76.1821906
2025-10-17 22:09:09.669,107298.86,0.00052,55.79540719999999
2025-10-17 22:09:09.670,107298.86,0.00249,267.1741614
2025-10-17 22:09:10.523,107298.86,0.00066,70.8172476
2025-10-17 22:09:10.590,107298.86,0.01425,1529.008755
2025-10-17 22:09:10.682,107298.87,0.00013,13.948853099999997
2025-10-17 22:09:10.757,107298.86,0.05685,6099.940191
2025-10-17 22:09:10.818,107298.86,0.0003,32.189657999999994
2025-10-17 22:09:11.780,107298.87,0.00061,65.4523107
2025-10-17 22:09:12.064,107298.87,0.00019,20.3867853
2025-10-17 22:09:12.396,107298.87,0.00049,52.57644629999999
2025-10-17 22:09:12.533,107298.86,9e-05,9.6568974
2025-10-17 22:09:12.930,107298.86,0.00011,11.8028746
2025-10-17 22:09:13.236,107298.87,0.0003,32.189660999999994
2025-10-17 22:09:13.483,107299.0,0.00245,262.88255
2025-10-17 22:09:13.484,107300.0,5e-05,5.365
2025-10-17 22:09:13.542,107303.15,0.01047,1123.4639805
2025-10-17 22:09:13.543,107303.17,0.00015,16.0954755
2025-10-17 22:09:13.560,107305.29,5e-05,5.3652645
2025-10-17 22:09:13.587,107305.29,0.00749,803.7166221
2025-10-17 22:09:13.618,107305.3,0.00242,259.678826
2025-10-17 22:09:13.645,107309.57,0.00015,16.0964355
2025-10-17 22:09:13.766,107309.57,0.00104,111.60195279999999
2025-10-17 22:09:14.143,107309.58,0.00155,166.329849
2025-10-17 22:09:15.678,107309.58,0.00047,50.4355026
2025-10-17 22:09:16.215,107308.49,0.0002,21.461698000000002
2025-10-17 22:09:16.266,107305.97,0.002,214.61194
2025-10-17 22:09:16.385,107305.97,0.00175,187.7854475
2025-10-17 22:09:16.782,107300.57,0.0001,10.730057
2025-10-17 22:09:16.985,107298.97,0.00027,28.9707219
2025-10-17 22:09:17.125,107298.96,7e-05,7.510927199999999
2025-10-17 22:09:17.357,107298.97,9e-05,9.6569073
2025-10-17 22:09:17.407,107298.96,0.00237,254.29853520000003
2025-10-17 22:09:17.521,107298.97,6e-05,6.4379382000000005
2025-10-17 22:09:17.576,107298.96,0.07232,7759.8607872
2025-10-17 22:09:18.037,107298.97,0.00193,207.0870121
2025-10-17 22:09:18.434,107298.96,0.0028,300.437088
2025-10-17 22:09:18.615,107298.95,0.002,214.5979
2025-10-17 22:09:18.675,107298.94,0.00205,219.96282700000003
2025-10-17 22:09:19.267,107298.87,0.01553,1666.3514511
2025-10-17 22:09:20.493,107298.87,0.00474,508.5966438
2025-10-17 22:09:20.629,107298.87,9e-05,9.6568983
2025-10-17 22:09:21.271,107298.86,0.00018,19.3137948
2025-10-17 22:09:21.468,107298.86,0.00047,50.430464199999996
2025-10-17 22:09:21.984,107298.87,0.00046,49.3574802
2025-10-17 22:09:22.181,107298.86,0.00047,50.430464199999996
2025-10-17 22:09:22.212,107298.87,0.00047,50.430468899999994
2025-10-17 22:09:22.291,107298.87,0.00106,113.73680219999999
2025-10-17 22:09:22.583,107298.86,0.0729,7822.086894000001
2025-10-17 22:09:22.782,107298.87,9e-05,9.6568983
2025-10-17 22:09:23.366,107298.87,0.00116,124.46668919999999
2025-10-17 22:09:23.619,107298.87,0.00047,50.430468899999994
2025-10-17 22:09:24.298,107298.87,0.0007,75.10920899999999
2025-10-17 22:09:24.362,107298.87,0.00019,20.3867853
2025-10-17 22:09:24.433,107298.87,0.00028,30.043683599999998
2025-10-17 22:09:25.385,107298.86,0.01443,1548.3225498
2025-10-17 22:09:25.391,107298.87,6e-05,6.4379322
2025-10-17 22:09:25.637,107298.87,0.00048,51.5034576
2025-10-17 22:09:25.682,107298.87,0.0001,10.729887
2025-10-17 22:09:25.785,107298.86,0.00019,20.386783400000002
2025-10-17 22:09:25.875,107298.86,0.00081,86.91207659999999
2025-10-17 22:09:27.038,107298.87,0.00052,55.79541239999999
2025-10-17 22:09:27.156,107298.87,0.00047,50.430468899999994
2025-10-17 22:09:27.581,107298.86,0.05485,5885.342471
2025-10-17 22:09:28.237,107298.87,0.27959,29999.6910633
2025-10-17 22:09:28.567,107298.86,0.01,1072.9886000000001
2025-10-17 22:09:28.581,107298.86,0.00127,136.26955220000002
2025-10-17 22:09:29.182,107298.86,0.00065,69.744259
2025-10-17 22:09:29.641,107298.87,0.00013,13.948853099999997
2025-10-17 22:09:29.970,107298.87,9e-05,9.6568983
2025-10-17 22:09:30.452,107298.87,0.00288,309.0207456
2025-10-17 22:09:30.740,107298.87,0.00086,92.27702819999999
2025-10-17 22:09:31.587,107298.86,7e-05,7.510920199999999
2025-10-17 22:09:31.718,107298.87,0.00131,140.5615197
2025-10-17 22:09:31.771,107298.87,0.0056,600.8736719999999
2025-10-17 22:09:33.805,107298.87,0.00093,99.7879491
2025-10-17 22:09:33.837,107298.87,0.00039,41.846559299999996
2025-10-17 22:09:34.509,107298.87,0.00016,17.1678192
2025-10-17 22:09:35.152,107298.86,1.87,200648.86820000003
2025-10-17 22:09:35.987,107298.87,5e-05,5.3649435
2025-10-17 22:09:36.691,107298.87,0.00024,25.7517288
2025-10-17 22:09:36.915,107298.86,0.01443,1548.3225498
2025-10-17 22:09:36.980,107298.87,0.00019,20.3867853
2025-10-17 22:09:36.984,107298.86,0.00038,40.773566800000005
2025-10-17 22:09:37.187,107298.87,0.00049,52.57644629999999
2025-10-17 22:09:37.519,107298.87,0.00039,41.846559299999996
2025-10-17 22:09:37.576,107298.86,0.06769,7263.0598334
2025-10-17 22:09:38.575,107298.87,5e-05,5.3649435
2025-10-17 22:09:38.952,107298.86,0.0022,236.05749200000002
2025-10-17 22:09:39.618,107298.87,0.00011,11.8028757
2025-10-17 22:09:40.369,107298.86,0.00284,304.7287624
2025-10-17 22:09:40.995,107298.86,0.00154,165.2402444
2025-10-17 22:09:41.497,107298.87,9e-05,9.6568983
2025-10-17 22:09:42.013,107298.87,0.00047,50.430468899999994
2025-10-17 22:09:43.741,107298.86,0.00435,466.75004099999995
2025-10-17 22:09:43.820,107298.87,0.00187,200.64888689999998
2025-10-17 22:09:44.950,107298.87,0.0001,10.729887
2025-10-17 22:09:45.240,107298.87,6e-05,6.4379322
2025-10-17 22:09:45.646,107298.87,8e-05,8.5839096
2025-10-17 22:09:45.871,107298.86,8e-05,8.583908800000001
2025-10-17 22:09:46.070,107298.87,0.00025,26.8247175
2025-10-17 22:09:46.927,107298.87,0.00047,50.430468899999994
2025-10-17 22:09:47.430,107298.86,0.00404,433.4873944
2025-10-17 22:09:47.583,107298.86,0.06668,7154.687984800001
2025-10-17 22:09:48.264,107298.86,0.00018,19.3137948
2025-10-17 22:09:48.779,107298.86,0.00435,466.75004099999995
2025-10-17 22:09:49.033,107298.87,0.00024,25.7517288
2025-10-17 22:09:49.588,107298.87,0.00062,66.5252994
2025-10-17 22:09:51.369,107298.86,0.04652,4991.5429672
2025-10-17 22:09:52.191,107298.86,0.00045,48.284487
2025-10-17 22:09:52.320,107298.86,0.00047,50.430464199999996
2025-10-17 22:09:52.576,107298.86,0.06524,7000.177626400001
2025-10-17 22:09:53.407,107298.87,0.00069,74.0362203
2025-10-17 22:09:53.583,107298.87,6e-05,6.4379322
2025-10-17 22:09:53.727,107298.86,0.00047,50.430464199999996
2025-10-17 22:09:54.405,107298.87,5e-05,5.3649435
2025-10-17 22:09:54.571,107298.87,9e-05,9.6568983
2025-10-17 22:09:56.739,107298.87,0.00047,50.430468899999994
2025-10-17 22:09:57.110,107298.87,0.0024,257.51728799999995
2025-10-17 22:09:57.266,107298.86,0.00047,50.430464199999996
2025-10-17 22:09:57.983,107298.87,0.00126,135.1965762
2025-10-17 22:09:58.470,107298.87,0.00015,16.094830499999997
2025-10-17 22:09:58.955,107298.87,0.04691,5033.3899917
2025-10-17 22:09:59.030,107298.86,9e-05,9.6568974
2025-10-17 22:10:00.627,107298.87,0.00338,362.6701806
2025-10-17 22:10:00.826,107298.87,6e-05,6.4379322
2025-10-17 22:10:01.319,107298.87,0.05946,6379.9908102
2025-10-17 22:10:01.402,107298.86,0.01443,1548.3225498
2025-10-17 22:10:01.403,107298.86,0.02886,3096.6450996
2025-10-17 22:10:01.783,107298.86,0.00111,119.10173460000001
2025-10-17 22:10:02.583,107298.86,0.07587,8140.764508200001
2025-10-17 22:10:02.626,107298.87,0.00567,608.3845928999999
2025-10-17 22:10:04.111,107298.87,0.00232,248.93337839999998
2025-10-17 22:10:04.228,107298.87,0.00277,297.2178699
2025-10-17 22:10:04.307,107298.86,0.00848,909.8943327999999
2025-10-17 22:10:04.610,107298.86,0.13566,14556.1633476
2025-10-17 22:10:04.756,107298.86,0.00461,494.64774460000007
2025-10-17 22:10:04.902,107298.87,0.0088,944.230056
2025-10-17 22:10:05.142,107298.86,0.00123,131.97759779999998
2025-10-17 22:10:05.310,107298.86,0.00825,885.215595
2025-10-17 22:10:05.836,107298.87,0.00028,30.043683599999998
2025-10-17 22:10:05.878,107298.87,0.00242,259.66326539999994
2025-10-17 22:10:06.571,107298.86,0.0093,997.8793979999999
2025-10-17 22:10:06.890,107298.87,6e-05,6.4379322
2025-10-17 22:10:07.024,107298.87,9e-05,9.6568983
2025-10-17 22:10:07.978,107298.87,0.00011,11.8028757
2025-10-17 22:10:08.438,107298.86,0.00856,918.4782416
2025-10-17 22:10:08.512,107298.86,0.002,214.59772
2025-10-17 22:10:09.138,107298.86,0.00038,40.773566800000005
2025-10-17 22:10:09.192,107294.52,0.02533,2717.7701916
2025-10-17 22:10:09.269,107294.52,0.00221,237.12088920000002
2025-10-17 22:10:09.344,107294.52,0.002,214.58904
2025-10-17 22:10:09.421,107294.52,0.13414,14392.486912800001
2025-10-17 22:10:09.422,107294.51,0.001,107.29451
2025-10-17 22:10:09.423,107294.41,0.0177,1899.111057
2025-10-17 22:10:09.425,107294.41,0.00149,159.8686709
2025-10-17 22:10:09.431,107293.0,0.00018,19.31274
2025-10-17 22:10:09.432,107284.72,0.00015,16.092708
2025-10-17 22:10:09.437,107282.01,0.00093,99.7722693
2025-10-17 22:10:09.515,107280.72,0.01085,1163.9958120000001
2025-10-17 22:10:09.552,107280.71,0.00206,220.99826260000003
2025-10-17 22:10:09.664,107280.71,0.00213,228.50791230000002
2025-10-17 22:10:10.119,107280.71,0.01443,1548.0606453
2025-10-17 22:10:11.576,107280.71,0.00011,11.8008781
2025-10-17 22:10:12.122,107280.71,0.00047,50.421933700000004
2025-10-17 22:10:12.216,107280.72,0.00047,50.4219384
2025-10-17 22:10:12.489,107280.71,0.0002,21.456142000000003
2025-10-17 22:10:12.938,107280.72,0.00047,50.4219384
2025-10-17 22:10:13.141,107280.72,0.00018,19.310529600000002
2025-10-17 22:10:13.632,107280.71,0.00465,498.8553015
2025-10-17 22:10:14.155,107280.71,0.00141,151.2658011
2025-10-17 22:10:14.912,107280.71,0.02886,3096.1212906
2025-10-17 22:10:15.026,107280.72,0.00195,209.197404
2025-10-17 22:10:15.110,107280.72,0.00024,25.7473728
2025-10-17 22:10:15.237,107280.72,0.07887,8461.2303864
2025-10-17 22:10:15.583,107280.71,0.00074,79.38772540000001
2025-10-17 22:10:15.623,107280.71,0.00039,41.8394769
2025-10-17 22:10:16.376,107280.71,0.01491,1599.5553861
2025-10-17 22:10:16.415,107280.71,0.0019,203.833349
2025-10-17 22:10:16.460,107280.72,0.05,5364.036
2025-10-17 22:10:16.712,107280.71,9e-05,9.655263900000001
2025-10-17 22:10:16.893,107280.71,0.00047,50.421933700000004
2025-10-17 22:10:17.158,107280.72,0.00047,50.4219384
2025-10-17 22:10:17.192,107280.71,0.00233,249.96405430000002
2025-10-17 22:10:17.237,107280.71,2.21582,237714.7428322
2025-10-17 22:10:17.384,107280.71,0.00931,998.7834101000001
2025-10-17 22:10:17.524,107280.7,0.00214,229.58069799999998
2025-10-17 22:10:17.575,107280.7,0.06008,6445.424456
2025-10-17 22:10:17.625,107280.7,0.00194,208.124558
2025-10-17 22:10:17.788,107280.71,0.48513,52045.0908423
2025-10-17 22:10:17.924,107280.7,0.04,4291.228
2025-10-17 22:10:17.937,107280.7,0.00553,593.262271
2025-10-17 22:10:17.950,107280.55,0.0016,171.64888000000002
2025-10-17 22:10:17.952,107280.52,0.0001,10.728052000000002
2025-10-17 22:10:17.961,107277.79,0.00486,521.3700594
2025-10-17 22:10:17.963,107276.4,0.00015,16.091459999999998
2025-10-17 22:10:17.964,107274.0,0.0028,300.3672
2025-10-17 22:10:17.965,107264.62,0.00151,161.9695762
2025-10-17 22:10:17.971,107267.22,6e-05,6.436033200000001
2025-10-17 22:10:17.983,107267.22,0.0012,128.720664
2025-10-17 22:10:17.986,107260.0,5e-05,5.363
2025-10-17 22:10:18.005,107260.0,0.00932,999.6632
2025-10-17 22:10:18.057,107260.0,0.00188,201.6488
2025-10-17 22:10:18.058,107260.0,0.00222,238.11720000000003
2025-10-17 22:10:18.065,107260.0,0.00191,204.8666
2025-10-17 22:10:18.086,107260.0,0.01491,1599.2466
2025-10-17 22:10:18.088,107260.0,0.00933,1000.7357999999999
2025-10-17 22:10:18.091,107260.0,0.00018,19.306800000000003
2025-10-17 22:10:18.093,107260.0,0.00435,466.58099999999996
2025-10-17 22:10:18.094,107260.0,0.00404,433.3304
2025-10-17 22:10:18.095,107260.0,0.00284,304.6184
2025-10-17 22:10:18.096,107260.0,0.00206,220.95560000000003
2025-10-17 22:10:18.097,107260.0,8e-05,8.5808
2025-10-17 22:10:18.100,107260.0,0.01139,1221.6914000000002
2025-10-17 22:10:18.119,107260.0,0.00154,165.1804
2025-10-17 22:10:18.122,107260.0,0.00047,50.4122
2025-10-17 22:10:18.123,107260.0,0.00558,598.5108
2025-10-17 22:10:18.139,107260.0,0.00141,151.2366
2025-10-17 22:10:18.218,107260.0,0.00047,50.4122
2025-10-17 22:10:18.683,107260.0,0.00279,299.2554
2025-10-17 22:10:18.684,107260.01,0.00018,19.3068018
2025-10-17 22:10:19.307,107260.0,0.00078,83.6628
2025-10-17 22:10:19.323,107260.0,0.02885,3094.451
2025-10-17 22:10:20.028,107260.0,0.011,1179.86
2025-10-17 22:10:20.029,107260.0,0.23,24669.8
2025-10-17 22:10:20.070,107260.01,0.00071,76.15460709999999
2025-10-17 22:10:20.113,107260.01,0.00958,1027.5508958
2025-10-17 22:10:20.156,107260.01,0.04988,5350.1292988
2025-10-17 22:10:20.200,107260.01,0.0005,53.630005
2025-10-17 22:10:20.456,107249.27,0.00166,178.0337882
2025-10-17 22:10:20.457,107245.83,0.08,8579.6664
2025-10-17 22:10:20.460,107245.86,0.015,1608.6879
2025-10-17 22:10:20.461,107245.87,0.0001,10.724587
2025-10-17 22:10:20.633,107245.87,0.00105,112.60816349999999
2025-10-17 22:10:20.656,107245.87,0.05222,5600.3793314
2025-10-17 22:10:20.732,107245.86,0.00016,17.1593376
2025-10-17 22:10:21.104,107245.86,0.00234,250.9553124
2025-10-17 22:10:21.210,107245.86,0.00187,200.54975819999999
2025-10-17 22:10:21.232,107245.86,0.00027,28.9563822
2025-10-17 22:10:21.409,107245.87,0.0006,64.347522
2025-10-17 22:10:21.475,107245.86,0.00719,771.0977334
2025-10-17 22:10:21.639,107245.87,0.00046,49.3331002
2025-10-17 22:10:21.680,107245.87,0.00046,49.3331002
2025-10-17 22:10:21.731,107245.87,0.0006,64.347522
2025-10-17 22:10:22.444,107245.86,0.00453,485.82374580000004
2025-10-17 22:10:22.501,107245.86,0.00038,40.7534268
2025-10-17 22:10:22.538,107245.86,0.00488,523.3597968
2025-10-17 22:10:22.583,107245.86,0.05297,5680.813204200001
2025-10-17 22:10:22.695,107245.86,0.00208,223.0713888
2025-10-17 22:10:23.028,107240.67,0.00138,147.99212459999998
2025-10-17 22:10:23.032,107240.67,0.00689,738.8882163000001
2025-10-17 22:10:23.034,107240.67,0.003,321.72201
2025-10-17 22:10:23.036,107240.67,0.13432,14404.5667944
2025-10-17 22:10:23.037,107240.0,0.02015,2160.886
2025-10-17 22:10:23.042,107238.87,8e-05,8.5791096
2025-10-17 22:10:23.043,107238.0,0.00044,47.18472
2025-10-17 22:10:23.044,107236.72,6e-05,6.4342032
2025-10-17 22:10:23.048,107235.86,0.00015,16.085379
2025-10-17 22:10:23.054,107235.85,0.00212,227.340002
2025-10-17 22:10:23.074,107235.85,0.00025,26.808962500000003
2025-10-17 22:10:23.076,107235.85,0.00044,47.18377400000001
2025-10-17 22:10:23.085,107230.0,0.0028,300.24399999999997
2025-10-17 22:10:23.086,107227.47,0.009,965.0472299999999
2025-10-17 22:10:23.141,107227.47,0.00018,19.3009446
2025-10-17 22:10:23.205,107227.47,0.0002,21.445494
2025-10-17 22:10:23.288,107227.48,0.00057,61.119663599999996
2025-10-17 22:10:23.310,107227.47,0.01442,1546.2201174000002
2025-10-17 22:10:23.350,107227.47,0.00045,48.2523615
2025-10-17 22:10:23.400,107227.47,0.01442,1546.2201174000002
2025-10-17 22:10:23.446,107227.43,0.00308,330.26048439999994
2025-10-17 22:10:23.654,107227.43,0.00068,72.9146524
2025-10-17 22:10:23.670,107227.42,0.00214,229.46667879999998
2025-10-17 22:10:23.681,107227.42,0.00215,230.538953
2025-10-17 22:10:23.688,107227.43,0.00962,1031.5278766
2025-10-17 22:10:23.754,107227.42,0.00112,120.09471039999998
2025-10-17 22:10:23.843,107227.42,0.0004,42.890968
2025-10-17 22:10:23.868,107227.43,0.00604,647.6536772
2025-10-17 22:10:24.022,107227.42,0.00011,11.795016200000001
2025-10-17 22:10:24.084,107227.42,0.071,7613.146819999999
2025-10-17 22:10:24.085,107227.42,0.047,5039.68874
2025-10-17 22:10:24.086,107227.42,0.05364,5751.6788088
2025-10-17 22:10:24.097,107227.42,0.00545,584.389439
2025-10-17 22:10:24.239,107227.43,0.04385,4701.922805499999
2025-10-17 22:10:24.385,107227.42,0.04661,4997.8700462
2025-10-17 22:10:24.476,107227.43,0.04989,5349.576482699999
2025-10-17 22:10:24.523,107227.43,0.07988,8565.3271084
2025-10-17 22:10:24.579,107227.42,0.132,14154.01944
2025-10-17 22:10:24.813,107227.42,0.16,17156.3872
2025-10-17 22:10:24.814,107220.99,0.00565,605.7985935
2025-10-17 22:10:24.839,107216.72,6e-05,6.4330032
2025-10-17 22:10:25.264,107216.71,0.00175,187.6292425
2025-10-17 22:10:25.527,107216.71,0.04086,4380.8747706
2025-10-17 22:10:25.740,107216.72,0.0017,182.26842399999998
2025-10-17 22:10:26.064,107216.72,0.00481,515.7124232
2025-10-17 22:10:26.675,107216.71,0.00369,395.62965990000004
2025-10-17 22:10:26.905,107216.71,0.00089,95.4228719
2025-10-17 22:10:27.028,107216.71,0.00435,466.3926885
2025-10-17 22:10:27.035,107216.71,0.00025,26.8041775
2025-10-17 22:10:27.038,107216.71,0.43748,46905.1662908
2025-10-17 22:10:27.290,107216.72,0.00084,90.06204480000001
2025-10-17 22:10:27.357,107216.71,0.00467,500.7020357
2025-10-17 22:10:27.581,107216.71,0.07245,7767.8506395
2025-10-17 22:10:27.714,107216.72,0.01009,1081.8167048
2025-10-17 22:10:27.747,107216.72,0.0001,10.721672
2025-10-17 22:10:27.813,107216.72,0.0799,8566.615928
2025-10-17 22:10:27.860,107216.72,0.00053,56.8248616
2025-10-17 22:10:27.893,107216.72,8e-05,8.577337600000002
2025-10-17 22:10:28.023,107216.72,0.00303,324.86666160000004
2025-10-17 22:10:28.183,107216.72,8e-05,8.577337600000002
2025-10-17 22:10:28.428,107216.72,0.00026,27.876347199999998
2025-10-17 22:10:28.560,107216.72,0.0001,10.721672
2025-10-17 22:10:28.640,107216.72,0.0499,5350.114328
2025-10-17 22:10:28.733,107216.72,0.00019,20.3711768
2025-10-17 22:10:29.117,107216.72,0.0001,10.721672
2025-10-17 22:10:29.467,107216.72,0.10662,11431.4466864
2025-10-17 22:10:29.475,107216.72,0.00147,157.6085784
2025-10-17 22:10:29.579,107216.74,0.01013,1086.1055762
2025-10-17 22:10:29.592,107217.02,0.0001,10.721702
2025-10-17 22:10:29.683,107217.44,0.02884,3092.1509696000003
2025-10-17 22:10:29.684,107217.44,0.01442,1546.0754848000001
2025-10-17 22:10:30.018,107217.45,0.00056,60.041771999999995
2025-10-17 22:10:31.149,107217.45,0.00018,19.299141000000002
2025-10-17 22:10:32.018,107217.45,0.0006,64.33046999999999
2025-10-17 22:10:32.385,107217.45,0.07973,8548.4472885
2025-10-17 22:10:32.408,107217.45,0.00058,62.186121
2025-10-17 22:10:32.465,107217.45,0.0006,64.33046999999999
2025-10-17 22:10:32.504,107217.45,0.0103,1104.339735
2025-10-17 22:10:32.551,107217.45,0.0499,5350.150755
2025-10-17 22:10:33.126,107217.44,0.00176,188.7026944
2025-10-17 22:10:33.128,107217.44,0.01981,2123.9774864
2025-10-17 22:10:33.299,107217.44,0.00025,26.804360000000003
2025-10-17 22:10:33.591,107217.45,0.00019,20.3713155
2025-10-17 22:10:33.717,107217.45,0.00011,11.7939195
2025-10-17 22:10:33.733,107217.45,0.0003,32.165234999999996
2025-10-17 22:10:33.813,107217.45,8e-05,8.577396
2025-10-17 22:10:33.815,107217.45,0.00024,25.732188
2025-10-17 22:10:33.837,107217.45,0.00014,15.010442999999999
2025-10-17 22:10:34.018,107217.45,0.0123,1318.774635
2025-10-17 22:10:34.043,107217.45,9e-05,9.649570500000001
2025-10-17 22:10:34.048,107217.45,0.00186,199.42445700000002
2025-10-17 22:10:34.303,107217.44,0.00025,26.804360000000003
2025-10-17 22:10:34.305,107217.44,0.0157,1683.3138079999999
2025-10-17 22:10:34.470,107217.45,0.00585,627.2220825
2025-10-17 22:10:34.520,107217.45,5e-05,5.3608725
2025-10-17 22:10:34.615,107217.45,0.00029,31.0930605
2025-10-17 22:10:34.674,107217.45,0.00047,50.3922015
2025-10-17 22:10:35.099,107217.44,0.46083,49409.0128752
2025-10-17 22:10:35.240,107217.45,0.00014,15.010442999999999
2025-10-17 22:10:35.433,107217.45,0.0799,8566.674255
2025-10-17 22:10:35.440,107217.44,0.04141,4439.874190400001
2025-10-17 22:10:35.442,107217.44,0.01699,1821.6243056000003
2025-10-17 22:10:36.020,107217.45,0.00019,20.3713155
2025-10-17 22:10:36.029,107217.44,0.16,17154.7904
2025-10-17 22:10:36.032,107217.44,0.11843,12697.7614192
2025-10-17 22:10:36.033,107217.3,0.001,107.21730000000001
2025-10-17 22:10:36.310,107216.72,0.0103,1104.332216
2025-10-17 22:10:36.346,107216.71,0.00027,28.9485117
2025-10-17 22:10:36.349,107216.71,0.44508,47720.0132868
2025-10-17 22:10:36.351,107216.71,0.0001,10.721671
2025-10-17 22:10:36.353,107215.72,0.0001,10.721572
2025-10-17 22:10:36.360,107214.0,0.004,428.856
2025-10-17 22:10:36.362,107214.01,0.0499,5349.979099
2025-10-17 22:10:36.363,107214.0,0.00093,99.70902000000001
2025-10-17 22:10:36.837,107213.68,0.00011,11.7935048
2025-10-17 22:10:36.860,107213.68,0.00033,35.380514399999996
2025-10-17 22:10:37.503,107213.67,0.001,107.21367000000001
2025-10-17 22:10:37.504,107213.67,0.00274,293.7654558
2025-10-17 22:10:37.505,107213.66,0.0011,117.93502600000001
2025-10-17 22:10:37.558,107212.21,0.0001,10.721221000000002
2025-10-17 22:10:37.560,107212.0,0.0007,75.0484
2025-10-17 22:10:37.575,107204.87,0.00046,49.3142402
2025-10-17 22:10:37.578,107202.03,6e-05,6.4321218
2025-10-17 22:10:37.825,107202.03,0.00166,177.9553698
2025-10-17 22:10:37.909,107202.04,0.00022,23.5844488
2025-10-17 22:10:38.095,107202.04,0.0005,53.60102
2025-10-17 22:10:38.241,107202.04,0.0005,53.60102
2025-10-17 22:10:38.459,107202.04,0.0799,8565.442996
2025-10-17 22:10:38.557,107202.04,2.79845,299999.548838
2025-10-17 22:10:38.845,107202.04,0.0006,64.32122399999999
2025-10-17 22:10:38.847,107202.04,0.04519,4844.4601876
2025-10-17 22:10:38.855,107206.33,0.0001,10.720633000000001
2025-10-17 22:10:39.199,107211.0,0.00304,325.92144
2025-10-17 22:10:39.385,107211.0,6e-05,6.43266
2025-10-17 22:10:39.727,107211.1,0.001,107.2111
2025-10-17 22:10:39.784,107212.18,0.00135,144.736443
2025-10-17 22:10:39.796,107212.76,0.00942,1009.9441992
2025-10-17 22:10:39.803,107215.4,5e-05,5.36077
2025-10-17 22:10:39.805,107216.87,0.00085,91.1343395
2025-10-17 22:10:39.806,107217.16,0.0001,10.721716
2025-10-17 22:10:39.807,107217.45,0.01713,1836.6349185
2025-10-17 22:10:40.145,107220.0,0.00051,54.6822
2025-10-17 22:10:40.208,107220.0,0.00948,1016.4456
2025-10-17 22:10:40.271,107220.0,0.0499,5350.278
2025-10-17 22:10:40.531,107220.0,0.00932,999.2904
2025-10-17 22:10:40.559,107220.02,0.0001,10.722002000000002
2025-10-17 22:10:40.609,107220.13,0.00233,249.8229029
2025-10-17 22:10:40.627,107220.41,9e-05,9.6498369
2025-10-17 22:10:40.629,107220.75,6e-05,6.433245
2025-10-17 22:10:40.648,107227.25,6e-05,6.433635
2025-10-17 22:10:40.680,107235.88,0.00485,520.094018
2025-10-17 22:10:41.126,107235.88,0.00312,334.5759456
2025-10-17 22:10:41.185,107235.87,0.00017,18.2300979
2025-10-17 22:10:41.562,107235.88,0.00056,60.0520928
2025-10-17 22:10:41.624,107235.88,0.00342,366.7467096
2025-10-17 22:10:42.126,107235.88,0.0799,8568.146812
2025-10-17 22:10:42.190,107235.88,0.03703,3970.9446364
2025-10-17 22:10:42.203,107240.0,0.00583,625.2092
2025-10-17 22:10:42.211,107240.0,0.00349,374.2676
2025-10-17 22:10:42.215,107240.01,5e-05,5.3620005
2025-10-17 22:10:42.325,107239.99,0.00047,50.4027953
2025-10-17 22:10:43.046,107239.99,0.00047,50.4027953
2025-10-17 22:10:43.072,107240.0,0.00047,50.4028
2025-10-17 22:10:43.482,107240.0,0.15,16086.0
2025-10-17 22:10:43.507,107240.0,0.00387,415.0188
2025-10-17 22:10:43.639,107240.0,7e-05,7.506799999999999
2025-10-17 22:10:43.668,107239.99,0.0012,128.687988
2025-10-17 22:10:43.675,107240.0,0.0006,64.344
2025-10-17 22:10:43.694,107239.99,0.00094,100.8055906
2025-10-17 22:10:43.842,107239.99,0.00111,119.03638890000002
2025-10-17 22:10:44.003,107240.0,0.0006,64.344
2025-10-17 22:10:44.052,107240.0,0.04929,5285.8596
2025-10-17 22:10:44.114,107240.0,0.00983,1054.1692
2025-10-17 22:10:44.263,107240.0,0.01029,1103.4996
2025-10-17 22:10:44.321,107240.0,0.01492,1600.0208
2025-10-17 22:10:44.480,107240.0,0.00047,50.4028
2025-10-17 22:10:44.488,107240.0,0.01492,1600.0208
2025-10-17 22:10:44.724,107239.99,0.00107,114.7467893
2025-10-17 22:10:44.726,107239.99,0.14781,15851.1429219
2025-10-17 22:10:45.170,107239.99,0.00035,37.5339965
2025-10-17 22:10:45.265,107240.0,0.0799,8568.476
2025-10-17 22:10:45.392,107240.0,7e-05,7.506799999999999
2025-10-17 22:10:45.409,107239.99,0.02362,2533.0085638
2025-10-17 22:10:45.780,107240.0,0.00107,114.7468
2025-10-17 22:10:46.029,107239.99,0.01442,1546.4006558
2025-10-17 22:10:46.032,107239.99,0.0331,3549.643669
2025-10-17 22:10:46.519,107240.0,0.00024,25.7376
2025-10-17 22:10:47.042,107239.99,0.00364,390.35356360000003
2025-10-17 22:10:47.582,107239.99,0.06242,6693.920175800001
2025-10-17 22:10:47.584,107239.99,0.00257,275.6067743
2025-10-17 22:10:48.359,107240.0,0.03043,3263.3132
2025-10-17 22:10:48.713,107239.99,0.00386,413.94636140000006
2025-10-17 22:10:49.021,107239.99,0.0056,600.543944
2025-10-17 22:10:49.049,107240.0,0.0103,1104.5720000000001
2025-10-17 22:10:49.462,107240.0,0.00047,50.4028
2025-10-17 22:10:49.507,107240.0,0.0049,525.476
2025-10-17 22:10:50.209,107240.0,0.0013,139.412
2025-10-17 22:10:50.326,107239.99,0.00027,28.954797300000003
2025-10-17 22:10:50.460,107239.99,0.00101,108.31238990000001
2025-10-17 22:10:51.013,107240.0,0.00018,19.3032
2025-10-17 22:10:51.482,107240.0,0.0799,8568.476
2025-10-17 22:10:51.728,107240.0,0.02148,2303.5152
2025-10-17 22:10:52.054,107239.99,0.00195,209.1179805
2025-10-17 22:10:52.333,107240.0,0.00075,80.43
2025-10-17 22:10:52.371,107239.99,5e-05,5.3619995000000005
2025-10-17 22:10:52.402,107239.99,5e-05,5.3619995000000005
2025-10-17 22:10:52.470,107239.99,5e-05,5.3619995000000005
2025-10-17 22:10:52.532,107240.0,0.00011,11.7964
2025-10-17 22:10:52.844,107240.0,0.0103,1104.5720000000001
2025-10-17 22:10:53.074,107239.99,0.02884,3092.8013116
2025-10-17 22:10:53.731,107240.0,0.00641,687.4084
2025-10-17 22:10:53.976,107239.99,0.00049,52.5475951
2025-10-17 22:10:55.462,107239.99,0.00022,23.592797800000003
2025-10-17 22:10:56.105,107240.0,0.00011,11.7964
2025-10-17 22:10:56.218,107240.0,0.0002,21.448
2025-10-17 22:10:56.578,107239.99,0.0001,10.723999000000001
2025-10-17 22:10:56.647,107240.0,0.00048,51.4752
2025-10-17 22:10:56.891,107240.0,0.00317,339.9508
2025-10-17 22:10:57.106,107239.99,0.02884,3092.8013116
2025-10-17 22:10:57.584,107239.99,0.05741,6156.6478259000005
2025-10-17 22:10:57.734,107240.0,0.00317,339.9508
2025-10-17 22:10:57.990,107240.0,0.00411,440.7564
2025-10-17 22:10:58.232,107240.0,0.00662,709.9288
2025-10-17 22:10:58.722,107240.0,0.00463,496.52119999999996
2025-10-17 22:10:59.238,107240.0,0.00919,985.5356
2025-10-17 22:11:00.382,107240.0,0.00521,558.7204
2025-10-17 22:11:00.530,107240.0,0.00399,427.88759999999996
2025-10-17 22:11:00.578,107239.99,0.005,536.1999500000001
2025-10-17 22:11:00.656,107239.99,6e-05,6.4343994
2025-10-17 22:11:00.701,107239.99,0.10553,11317.0361447
2025-10-17 22:11:00.720,107239.99,0.00159,170.51158410000002
2025-10-17 22:11:00.724,107240.0,0.00187,200.53879999999998
2025-10-17 22:11:00.909,107240.0,0.00664,712.0736
2025-10-17 22:11:00.913,107239.99,0.004,428.95996
2025-10-17 22:11:00.914,107240.0,0.0001,10.724
2025-10-17 22:11:01.066,107239.99,0.004,428.95996
2025-10-17 22:11:01.304,107239.99,0.001,107.23999
2025-10-17 22:11:01.329,107240.0,0.00416,446.11839999999995
2025-10-17 22:11:01.391,107239.99,0.005,536.1999500000001
2025-10-17 22:11:01.534,107239.99,0.001,107.23999
2025-10-17 22:11:01.539,107239.99,0.01442,1546.4006558
2025-10-17 22:11:01.540,107239.99,0.05768,6185.6026232
2025-10-17 22:11:01.597,107239.99,0.001,107.23999
2025-10-17 22:11:01.842,107240.0,0.00114,122.25359999999999
2025-10-17 22:11:01.934,107240.0,0.00052,55.764799999999994
2025-10-17 22:11:01.980,107239.99,0.004,428.95996
2025-10-17 22:11:02.423,107239.99,0.046,4933.03954
2025-10-17 22:11:02.513,107239.99,0.00024,25.7375976
2025-10-17 22:11:02.581,107239.99,0.06504,6974.8889496
2025-10-17 22:11:02.675,107239.99,0.015,1608.59985
2025-10-17 22:11:02.761,107239.99,0.002,214.47998
2025-10-17 22:11:02.767,107239.99,0.001,107.23999
2025-10-17 22:11:02.810,107240.0,0.00377,404.2948
2025-10-17 22:11:02.878,107240.0,0.00043,46.1132
2025-10-17 22:11:03.250,107239.99,0.004,428.95996
2025-10-17 22:11:03.371,107240.0,0.01766,1893.8583999999998
2025-10-17 22:11:03.428,107239.99,0.008,857.91992
2025-10-17 22:11:03.450,107239.99,0.007,750.67993
2025-10-17 22:11:03.838,107239.99,0.005,536.1999500000001
2025-10-17 22:11:03.848,107240.0,0.00427,457.9148
2025-10-17 22:11:04.024,107240.0,0.0001,10.724
2025-10-17 22:11:04.163,107239.99,1.20768,129511.59112320002
2025-10-17 22:11:04.165,107239.99,0.01398,1499.2150602
2025-10-17 22:11:04.167,107237.16,0.00015,16.085573999999998
2025-10-17 22:11:04.197,107237.15,0.00206,220.90852900000002
2025-10-17 22:11:04.219,107235.71,0.00373,399.9891983
2025-10-17 22:11:04.221,107234.35,0.00015,16.0851525
2025-10-17 22:11:04.225,107232.39,0.00055,58.9778145
2025-10-17 22:11:04.253,107231.74,0.01333,1429.3990942
2025-10-17 22:11:04.254,107231.74,0.00999,1071.2450826000002
2025-10-17 22:11:04.256,107231.74,0.00401,429.9992774
2025-10-17 22:11:04.258,107230.88,0.00015,16.084632
2025-10-17 22:11:04.269,107230.87,0.006,643.38522
2025-10-17 22:11:04.348,107230.88,0.00427,457.8758576000001
2025-10-17 22:11:04.353,107230.87,0.00228,244.48638359999998
2025-10-17 22:11:04.371,107230.87,0.00216,231.6186792
2025-10-17 22:11:04.782,107230.87,0.00047,50.398508899999996
2025-10-17 22:11:04.925,107230.88,0.01399,1500.1600112
2025-10-17 22:11:04.932,107230.88,0.00398,426.77890240000005
2025-10-17 22:11:05.165,107230.87,0.00673,721.6637551
2025-10-17 22:11:05.167,107230.5,6e-05,6.43383
2025-10-17 22:11:05.169,107229.26,0.0001,10.722926
2025-10-17 22:11:05.170,107229.27,0.0011,117.95219700000001
2025-10-17 22:11:05.174,107226.13,0.0004,42.890452
2025-10-17 22:11:05.177,107226.13,0.00035,37.5291455
2025-10-17 22:11:05.182,107226.13,0.00079,84.7086427
2025-10-17 22:11:05.315,107224.0,6e-05,6.43344
2025-10-17 22:11:05.415,107225.14,0.00274,293.7968836
2025-10-17 22:11:05.417,107225.13,0.0019,203.72774700000002
2025-10-17 22:11:05.422,107222.72,0.01532,1642.6520704
2025-10-17 22:11:05.759,107222.72,0.00466,499.65787520000003
2025-10-17 22:11:06.121,107222.71,0.015,1608.34065
2025-10-17 22:11:06.133,107222.72,9e-05,9.6500448
2025-10-17 22:11:06.251,107222.71,0.00257,275.5623647
2025-10-17 22:11:06.332,107222.71,8e-05,8.5778168
2025-10-17 22:11:06.605,107222.72,0.00047,50.3946784
2025-10-17 22:11:06.680,107222.71,0.00082,87.9226222
2025-10-17 22:11:07.031,107222.72,0.00495,530.752464
2025-10-17 22:11:07.140,107222.71,0.01,1072.2271
2025-10-17 22:11:07.145,107222.71,0.015,1608.34065
2025-10-17 22:11:07.215,107222.71,0.00941,1008.9657011
2025-10-17 22:11:07.226,107222.71,7e-05,7.5055897
2025-10-17 22:11:07.854,107222.72,0.00507,543.6191904
2025-10-17 22:11:08.178,107222.71,0.135,14475.065850000003
2025-10-17 22:11:08.221,107222.71,0.016,1715.56336
2025-10-17 22:11:08.311,107222.71,0.002,214.44542
2025-10-17 22:11:08.314,107222.71,0.007,750.55897
2025-10-17 22:11:08.315,107222.71,0.029,3109.45859
2025-10-17 22:11:08.390,107222.71,0.007,750.55897
2025-10-17 22:11:08.433,107222.72,0.00047,50.3946784
2025-10-17 22:11:08.568,107222.71,0.023,2466.12233
2025-10-17 22:11:09.054,107222.71,0.00221,236.96218910000002
2025-10-17 22:11:09.068,107221.06,0.00015,16.083159
2025-10-17 22:11:09.266,107220.75,0.002,214.4415
2025-10-17 22:11:09.311,107220.75,0.00195,209.08046249999998
2025-10-17 22:11:09.504,107220.75,0.00157,168.3365775
2025-10-17 22:11:09.535,107219.44,0.00163,174.76768719999998
2025-10-17 22:11:09.570,107219.43,0.00213,228.37738589999998
2025-10-17 22:11:09.644,107217.51,0.00015,16.082626499999996
2025-10-17 22:11:09.675,107217.5,5e-05,5.360875
2025-10-17 22:11:09.890,107217.5,0.01652,1771.2331
2025-10-17 22:11:09.981,107217.51,6e-05,6.4330506
2025-10-17 22:11:10.922,107217.51,0.0034,364.53953399999995
2025-10-17 22:11:11.372,107217.5,0.00204,218.7237
2025-10-17 22:11:11.374,107217.5,0.04848,5197.9044
2025-10-17 22:11:11.412,107217.5,0.00214,229.44545
2025-10-17 22:11:11.423,107217.51,9e-05,9.6495759
2025-10-17 22:11:11.439,107217.51,0.005,536.08755
2025-10-17 22:11:11.517,107217.51,0.0001,10.721751
2025-10-17 22:11:12.039,107217.51,0.00297,318.43600469999996
2025-10-17 22:11:12.319,107217.51,0.0056,600.418056
2025-10-17 22:11:13.115,107217.5,0.00308,330.2299
2025-10-17 22:11:13.182,107217.49,0.00047,50.3922203
2025-10-17 22:11:13.252,107217.5,0.00186,199.42455
2025-10-17 22:11:14.282,107217.49,0.00024,25.732197600000003
2025-10-17 22:11:14.587,107217.49,0.00047,50.3922203
2025-10-17 22:11:15.575,107217.5,0.00014,15.010449999999999
2025-10-17 22:11:15.848,107217.5,0.00014,15.010449999999999
2025-10-17 22:11:15.862,107217.5,0.00043,46.103525
2025-10-17 22:11:15.991,107217.5,0.0028,300.209
2025-10-17 22:11:16.338,107217.49,0.00255,273.4045995
2025-10-17 22:11:16.341,107215.66,0.0012,128.658792
2025-10-17 22:11:16.343,107215.4,0.001,107.2154
2025-10-17 22:11:16.348,107214.31,0.001,107.21431
2025-10-17 22:11:16.415,107214.32,0.00177,189.76934640000002
2025-10-17 22:11:16.416,107214.01,0.00046,49.3184446
2025-10-17 22:11:16.433,107212.97,0.00178,190.8390866
2025-10-17 22:11:16.569,107210.06,0.00014,15.009408399999998
2025-10-17 22:11:17.007,107210.05,0.061,6539.81305
2025-10-17 22:11:17.059,107210.05,0.006,643.2603
2025-10-17 22:11:17.250,107210.05,0.00044,47.172422000000005
2025-10-17 22:11:17.316,107210.05,0.001,107.21005000000001
2025-10-17 22:11:17.576,107210.05,0.06791,7280.6344955
2025-10-17 22:11:17.901,107210.05,0.00221,236.93421050000003
2025-10-17 22:11:17.902,107210.05,0.001,107.21005000000001
2025-10-17 22:11:17.903,107210.05,0.00889,953.0973445000001
2025-10-17 22:11:17.910,107210.05,0.005,536.05025
2025-10-17 22:11:17.928,107210.05,0.001,107.21005000000001
2025-10-17 22:11:18.060,107210.05,0.006,643.2603
2025-10-17 22:11:18.097,107210.06,0.0003,32.163017999999994
2025-10-17 22:11:18.677,107210.05,0.021,2251.41105
2025-10-17 22:11:18.693,107210.05,0.00103,110.42635150000001
2025-10-17 22:11:19.054,107210.05,0.059,6325.3929499999995
2025-10-17 22:11:19.056,107210.05,0.02369,2539.8060845
2025-10-17 22:11:19.437,107210.06,0.00051,54.677130600000005
2025-10-17 22:11:19.496,107210.05,0.00054,57.893427
2025-10-17 22:11:21.025,107210.05,0.044,4717.2422
2025-10-17 22:11:21.026,107210.05,0.004,428.84020000000004
2025-10-17 22:11:21.028,107210.05,0.00049,52.5329245
2025-10-17 22:11:21.119,107210.05,0.00218,233.71790900000002
2025-10-17 22:11:21.120,107210.05,0.00236,253.01571800000002
2025-10-17 22:11:21.700,107210.06,0.00138,147.94988279999998
2025-10-17 22:11:21.856,107210.05,0.1,10721.005000000001
2025-10-17 22:11:21.914,107210.05,0.012,1286.5206
2025-10-17 22:11:22.002,107210.05,0.002,214.42010000000002
2025-10-17 22:11:22.025,107210.06,0.00183,196.1944098
2025-10-17 22:11:22.035,107210.05,0.00042,45.028221
2025-10-17 22:11:22.355,107210.05,0.002,214.42010000000002
2025-10-17 22:11:22.553,107210.05,0.001,107.21005000000001
2025-10-17 22:11:22.582,107210.05,0.06875,7370.6909375000005
2025-10-17 22:11:22.590,107210.05,0.043,4610.03215
2025-10-17 22:11:22.608,107210.05,0.00045,48.2445225
2025-10-17 22:11:23.558,107210.06,0.00104,111.4984624
2025-10-17 22:11:25.004,107210.05,0.08,8576.804
2025-10-17 22:11:25.005,107210.05,0.00448,480.301024
2025-10-17 22:11:25.333,107210.06,0.00052,55.7492312
2025-10-17 22:11:25.394,107210.06,0.00047,50.388728199999996
2025-10-17 22:11:25.461,107210.05,0.00055,58.96552750000001
2025-10-17 22:11:25.971,107210.05,0.94887,101728.4001435
2025-10-17 22:11:26.369,107210.04,0.002,214.42007999999998
2025-10-17 22:11:26.659,107210.05,0.00202,216.56430100000003
2025-10-17 22:11:26.764,107210.05,0.00101,108.28215050000001
2025-10-17 22:11:26.808,107210.05,0.00046,49.316623
2025-10-17 22:11:27.158,107210.04,0.00029,31.0909116
2025-10-17 22:11:27.682,107210.04,0.0001,10.721004
2025-10-17 22:11:27.747,107210.04,0.04,4288.4016
2025-10-17 22:11:27.749,107210.04,0.00184,197.26647359999998
2025-10-17 22:11:27.815,107210.03,0.00224,240.15046719999998
2025-10-17 22:11:27.816,107208.09,0.00015,16.081213499999997
2025-10-17 22:11:27.840,107207.81,0.00229,245.50588489999998
2025-10-17 22:11:27.841,107207.81,0.00277,296.96563369999996
2025-10-17 22:11:27.858,107207.52,0.00174,186.54108480000002
2025-10-17 22:11:27.915,107207.51,0.00209,224.06369589999997
2025-10-17 22:11:27.938,107207.5,6e-05,6.43245
2025-10-17 22:11:28.724,107207.51,0.00089,95.41468389999999
2025-10-17 22:11:29.464,107207.51,0.00047,50.387529699999995
2025-10-17 22:11:30.926,107207.51,5e-05,5.3603755
2025-10-17 22:11:31.586,107207.5,8e-05,8.576600000000001
2025-10-17 22:11:31.776,107207.51,0.0008,85.766008
2025-10-17 22:11:31.817,107207.5,0.00143,153.306725
2025-10-17 22:11:32.576,107201.25,6e-05,6.432075
2025-10-17 22:11:32.832,107200.18,0.00491,526.3528838
2025-10-17 22:11:33.077,107200.19,0.00047,50.3840893
2025-10-17 22:11:33.509,107200.19,0.0007,75.040133
2025-10-17 22:11:33.669,107200.18,9e-05,9.6480162
2025-10-17 22:11:33.952,107200.18,0.00202,216.5443636
2025-10-17 22:11:34.021,107200.19,0.00018,19.2960342
2025-10-17 22:11:34.118,107200.19,0.00018,19.2960342
2025-10-17 22:11:35.271,107200.18,0.00116,124.3522088
2025-10-17 22:11:35.272,107200.18,0.00116,124.3522088
2025-10-17 22:11:35.273,107200.18,0.00116,124.3522088
2025-10-17 22:11:35.274,107200.18,0.00163,174.7362934
2025-10-17 22:11:35.278,107200.18,0.00066,70.75211879999999
2025-10-17 22:11:35.380,107200.18,0.0003,32.160053999999995
2025-10-17 22:11:36.465,107200.18,5e-05,5.360009
2025-10-17 22:11:36.712,107200.18,0.00047,50.384084599999994
2025-10-17 22:11:36.714,107200.18,0.03338,3578.3420084
2025-10-17 22:11:37.518,107200.19,0.00108,115.7762052
2025-10-17 22:11:37.527,107200.19,8e-05,8.5760152
2025-10-17 22:11:37.956,107200.18,0.00131,140.4322358
2025-10-17 22:11:38.662,107200.19,0.00047,50.3840893
2025-10-17 22:11:39.048,107200.19,0.0043,460.960817
2025-10-17 22:11:39.602,107200.19,0.00713,764.3373547
2025-10-17 22:11:39.773,107200.19,9e-05,9.6480171
2025-10-17 22:11:40.736,107200.18,0.00021,22.512037799999998
2025-10-17 22:11:40.738,107200.18,0.01682,1803.1070276
2025-10-17 22:11:41.349,107200.18,0.00193,206.8963474
2025-10-17 22:11:41.597,107200.19,0.06563,7035.548469699999
2025-10-17 22:11:41.729,107200.18,0.00897,961.5856146
2025-10-17 22:11:41.741,107200.19,0.00059,63.24811210000001
2025-10-17 22:11:42.055,107200.18,0.00016,17.1520288
2025-10-17 22:11:42.398,107200.19,0.00535,573.5210165
2025-10-17 22:11:42.575,107200.18,0.03565,3821.686417
2025-10-17 22:11:42.577,107200.18,0.01093,1171.6979674
2025-10-17 22:11:42.687,107200.19,0.00016,17.1520304
2025-10-17 22:11:43.359,107200.18,0.00434,465.2487812
2025-10-17 22:11:43.400,107200.18,0.08,8576.0144
2025-10-17 22:11:43.401,107200.17,0.00744,797.5692648
2025-10-17 22:11:43.635,107194.23,0.00015,16.0791345
2025-10-17 22:11:43.638,107189.46,6e-05,6.431367600000001
2025-10-17 22:11:43.719,107189.47,0.00467,500.57482489999995
2025-10-17 22:11:43.870,107189.47,8e-05,8.5751576
2025-10-17 22:11:43.872,107189.46,0.003,321.56838000000005
2025-10-17 22:11:44.077,107189.47,0.00018,19.2941046
2025-10-17 22:11:44.633,107189.47,0.00039,41.8038933
2025-10-17 22:11:45.376,107189.46,0.02798,2999.1610908000002
2025-10-17 22:11:45.378,107189.46,0.01922,2060.1814212000004
2025-10-17 22:11:45.766,107189.46,8e-05,8.575156800000002
2025-10-17 22:11:45.995,107189.47,0.0291,3119.213577
2025-10-17 22:11:46.579,107189.47,0.06097,6535.3419859000005
2025-10-17 22:11:47.023,107189.47,0.00044,47.163366800000006
2025-10-17 22:11:47.037,107189.47,0.00466,499.50293020000004
2025-10-17 22:11:48.022,107189.46,6e-05,6.431367600000001
2025-10-17 22:11:48.358,107189.46,0.01612,1727.8940952
2025-10-17 22:11:48.586,107189.47,0.00484,518.7970348
2025-10-17 22:11:49.038,107189.47,0.0102,1093.3325940000002
2025-10-17 22:11:49.383,107189.46,0.00022,23.581681200000002
2025-10-17 22:11:49.514,107189.47,0.00047,50.379050899999996
2025-10-17 22:11:49.912,107189.47,0.00014,15.006525799999999
2025-10-17 22:11:50.248,107189.47,0.00732,784.6269204
2025-10-17 22:11:50.640,107189.47,0.00014,15.006525799999999
2025-10-17 22:11:51.029,107189.47,0.006,643.1368200000001
2025-10-17 22:11:51.083,107189.47,0.00187,200.44430889999998
2025-10-17 22:11:51.136,107189.46,0.002,214.37892000000002
2025-10-17 22:11:51.320,107189.47,0.00018,19.2941046
2025-10-17 22:11:51.849,107189.47,0.00075,80.39210250000001
2025-10-17 22:11:52.609,107189.46,0.00029,31.084943400000004
2025-10-17 22:11:53.457,107189.47,0.00018,19.2941046
2025-10-17 22:11:53.776,107189.47,0.00162,173.6469414
2025-10-17 22:11:53.913,107189.47,0.0004,42.875788
2025-10-17 22:11:54.599,107189.47,0.00046,49.3071562
2025-10-17 22:11:55.502,107189.46,0.00047,50.379046200000005
2025-10-17 22:11:55.513,107189.47,0.00025,26.7973675
2025-10-17 22:11:55.532,107189.47,0.00047,50.379050899999996
2025-10-17 22:11:56.119,107189.47,0.00049,52.5228403
2025-10-17 22:11:56.579,107189.47,0.03138,3363.6055686
2025-10-17 22:11:57.024,107189.46,0.00019,20.3659974
2025-10-17 22:11:57.045,107189.46,0.00019,20.3659974
2025-10-17 22:11:57.183,107189.46,9e-05,9.6470514
2025-10-17 22:11:57.262,107189.47,0.00125,133.9868375
2025-10-17 22:11:57.268,107189.47,0.0001,10.718947
2025-10-17 22:11:57.497,107189.47,0.00018,19.2941046
2025-10-17 22:11:57.625,107189.46,0.0197,2111.632362
2025-10-17 22:11:58.029,107187.21,0.01573,1686.0548133000002
2025-10-17 22:11:58.030,107187.21,0.08,8574.9768
2025-10-17 22:11:58.032,107187.21,0.00525,562.7328525
2025-10-17 22:11:58.067,107187.22,0.02638,2827.5988636
2025-10-17 22:11:58.148,107187.21,0.00224,240.0993504
2025-10-17 22:11:59.100,107187.22,0.00779,834.9884438
2025-10-17 22:11:59.457,107187.21,0.00025,26.796802500000002
2025-10-17 22:11:59.876,107187.22,0.00456,488.7737232
2025-10-17 22:12:00.539,107187.22,0.00051,54.66548220000001
2025-10-17 22:12:01.046,107187.22,0.00085,91.10913699999999
2025-10-17 22:12:01.142,107187.21,0.144,15434.95824
2025-10-17 22:12:01.192,107187.22,0.00211,226.16503419999998
2025-10-17 22:12:01.448,107187.21,0.176,18864.94896
2025-10-17 22:12:01.449,107187.21,0.04272,4579.0376112
2025-10-17 22:12:01.577,107187.21,9e-05,9.646848900000002
2025-10-17 22:12:01.701,107187.21,0.024,2572.4930400000003
2025-10-17 22:12:01.743,107187.21,0.002,214.37442000000001
2025-10-17 22:12:01.819,107187.21,0.00032,34.29990720000001
2025-10-17 22:12:01.843,107187.22,0.00031,33.2280382
2025-10-17 22:12:02.027,107187.21,0.005,535.93605
2025-10-17 22:12:02.078,107187.21,0.002,214.37442000000001
2025-10-17 22:12:02.262,107187.21,0.002,214.37442000000001
2025-10-17 22:12:02.332,107187.21,0.001,107.18721000000001
2025-10-17 22:12:02.368,107187.21,0.01,1071.8721
2025-10-17 22:12:02.522,107187.21,0.027,2894.05467
2025-10-17 22:12:02.529,107187.21,0.017,1822.1825700000002
2025-10-17 22:12:02.531,107187.21,0.01202,1288.3902642
2025-10-17 22:12:02.544,107187.21,0.018,1929.36978
2025-10-17 22:12:03.017,107187.21,0.006,643.1232600000001
2025-10-17 22:12:03.020,107187.21,0.001,107.18721000000001
2025-10-17 22:12:03.185,107187.21,0.00047,50.3779887
2025-10-17 22:12:03.251,107187.21,0.147,15756.51987
2025-10-17 22:12:03.413,107187.21,0.092,9861.223320000001
2025-10-17 22:12:03.501,107187.21,2.28974,245430.84222540003
2025-10-17 22:12:03.824,107187.22,0.0006,64.312332
2025-10-17 22:12:03.935,107187.22,0.00047,50.3779934
2025-10-17 22:12:04.379,107187.21,0.185,19829.633850000002
2025-10-17 22:12:04.381,107187.21,0.03588,3845.8770948000006
2025-10-17 22:12:04.493,107187.2,0.00057,61.096703999999995
2025-10-17 22:12:05.164,107187.2,0.087,9325.286399999999
2025-10-17 22:12:05.225,107187.21,0.00102,109.33095420000001
2025-10-17 22:12:05.381,107187.2,0.012,1286.2464
2025-10-17 22:12:05.426,107187.2,0.001,107.1872
2025-10-17 22:12:05.465,107187.2,0.002,214.3744
2025-10-17 22:12:05.467,107187.2,0.0238,2551.0553600000003
2025-10-17 22:12:05.612,107187.19,0.00884,947.5347596000001
2025-10-17 22:12:05.918,107187.19,0.031,3322.80289
2025-10-17 22:12:06.030,107187.2,7e-05,7.5031039999999996
2025-10-17 22:12:06.369,107187.19,0.004,428.74876
2025-10-17 22:12:06.484,107187.19,0.001,107.18719
2025-10-17 22:12:06.496,107187.19,0.069,7395.916110000001
2025-10-17 22:12:06.596,107187.19,0.002,214.37438
2025-10-17 22:12:06.598,107187.19,0.0458,4909.173302
2025-10-17 22:12:06.641,107187.2,0.00021,22.509312
2025-10-17 22:12:06.665,107187.2,0.00093,99.684096
2025-10-17 22:12:06.692,107187.19,0.111,11897.77809
2025-10-17 22:12:06.974,107187.19,6e-05,6.431231400000001
2025-10-17 22:12:07.026,107187.2,0.00018,19.293696
2025-10-17 22:12:07.332,107187.2,0.00015,16.07808
2025-10-17 22:12:07.575,107187.2,0.00015,16.07808
2025-10-17 22:12:08.101,107187.2,0.00015,16.07808
2025-10-17 22:12:08.379,107187.19,0.00094,100.7559586
2025-10-17 22:12:08.770,107187.19,0.00047,50.3779793
2025-10-17 22:12:09.136,107187.19,0.00304,325.84905760000004
2025-10-17 22:12:09.449,107187.2,6e-05,6.431232
2025-10-17 22:12:09.637,107187.19,0.00048,51.449851200000005
2025-10-17 22:12:09.893,107187.2,0.0216,2315.24352
2025-10-17 22:12:09.909,107187.2,0.01521,1630.317312
2025-10-17 22:12:09.910,107187.2,0.01093,1171.556096
2025-10-17 22:12:09.911,107187.21,0.20125,21571.426012500004
2025-10-17 22:12:09.912,107187.22,0.43965,47124.861273
2025-10-17 22:12:09.914,107187.22,0.1274,13655.651828000002
2025-10-17 22:12:09.915,107187.22,0.02,2143.7444
2025-10-17 22:12:09.919,107187.22,0.00933,1000.0567626
2025-10-17 22:12:09.930,107187.22,0.00934,1001.1286348
2025-10-17 22:12:09.931,107187.22,0.03856,4133.139203199999
2025-10-17 22:12:09.934,107193.95,5e-05,5.3596975
2025-10-17 22:12:09.936,107194.86,5e-05,5.359743
2025-10-17 22:12:09.943,107195.9,0.0057,611.01663
2025-10-17 22:12:09.946,107198.0,6e-05,6.4318800000000005
2025-10-17 22:12:09.947,107198.0,6e-05,6.4318800000000005
2025-10-17 22:12:09.948,107198.0,0.00021,22.511580000000002
2025-10-17 22:12:09.949,107198.0,0.0007,75.0386
2025-10-17 22:12:09.950,107198.01,0.0009,96.47820899999999
2025-10-17 22:12:09.951,107198.01,5e-05,5.3599005
2025-10-17 22:12:09.952,107198.02,5e-05,5.359901000000001
2025-10-17 22:12:09.954,107198.34,0.0001,10.719834
2025-10-17 22:12:09.956,107198.53,0.0009,96.47867699999999
2025-10-17 22:12:09.960,107200.45,0.00015,16.0800675
2025-10-17 22:12:09.963,107201.25,0.00013,13.936162499999998
2025-10-17 22:12:09.965,107201.25,0.00013,13.936162499999998
2025-10-17 22:12:09.967,107201.45,0.00011,11.7921595
2025-10-17 22:12:09.969,107201.54,0.00022,23.5843388
2025-10-17 22:12:09.971,107203.01,0.00025,26.800752499999998
2025-10-17 22:12:09.977,107203.01,0.00165,176.8849665
2025-10-17 22:12:09.979,107203.36,0.00015,16.080503999999998
2025-10-17 22:12:09.980,107206.06,0.00682,731.1453292
2025-10-17 22:12:09.984,107206.77,0.03285,3521.7423945
2025-10-17 22:12:09.997,107206.78,0.0009,96.486102
2025-10-17 22:12:09.999,107207.52,0.00115,123.28864800000001
2025-10-17 22:12:10.000,107207.52,0.00351,376.2983952
2025-10-17 22:12:10.001,107207.52,0.14308,15339.251961600003
2025-10-17 22:12:10.003,107207.52,0.00125,134.0094
2025-10-17 22:12:10.004,107208.77,0.11543,12375.1083211
2025-10-17 22:12:10.006,107208.77,0.10169,10902.059821300001
2025-10-17 22:12:10.009,107208.77,0.12253,13136.2905881
2025-10-17 22:12:10.012,107208.77,0.01865,1999.4435605
2025-10-17 22:12:10.084,107208.76,0.00923,989.5368548
2025-10-17 22:12:10.597,107208.77,0.00047,50.3881219
2025-10-17 22:12:10.949,107208.76,0.00012,12.8650512
2025-10-17 22:12:12.439,107208.76,9e-05,9.6487884
2025-10-17 22:12:13.570,107208.76,0.00481,515.6741356
2025-10-17 22:12:14.159,107208.76,0.006,643.25256
2025-10-17 22:12:14.526,107208.77,0.01493,1600.6269361000002
2025-10-17 22:12:14.684,107208.77,0.01493,1600.6269361000002
2025-10-17 22:12:15.039,107208.76,9e-05,9.6487884
2025-10-17 22:12:15.157,107208.77,9e-05,9.6487893
2025-10-17 22:12:15.300,107208.76,0.026,2787.4277599999996
2025-10-17 22:12:15.604,107208.76,0.00081,86.8390956
2025-10-17 22:12:15.605,107208.76,0.00088,94.3437088
2025-10-17 22:12:15.606,107208.76,0.00092,98.6320592
2025-10-17 22:12:15.607,107208.76,0.00088,94.3437088
2025-10-17 22:12:15.608,107208.76,0.00059,63.2531684
2025-10-17 22:12:15.609,107208.76,0.00081,86.8390956
2025-10-17 22:12:15.610,107208.76,0.00283,303.4007908
2025-10-17 22:12:15.611,107208.76,0.00649,695.7848524
2025-10-17 22:12:15.612,107208.76,0.00245,262.661462
2025-10-17 22:12:15.613,107208.76,0.00163,174.7502788
2025-10-17 22:12:15.614,107208.76,0.02021,2166.6890396
2025-10-17 22:12:15.921,107208.77,0.00424,454.5651848
2025-10-17 22:12:15.955,107208.76,0.00619,663.6222243999999
2025-10-17 22:12:16.133,107208.77,0.00087,93.27162990000001
2025-10-17 22:12:17.481,107208.77,0.00056,60.0369112
2025-10-17 22:12:17.520,107208.77,0.0001,10.720877000000002
2025-10-17 22:12:17.539,107208.77,0.00094,100.7762438
2025-10-17 22:12:17.570,107208.77,0.0001,10.720877000000002
2025-10-17 22:12:17.582,107208.77,0.00047,50.3881219
2025-10-17 22:12:17.584,107208.77,0.00234,250.86852180000002
2025-10-17 22:12:17.620,107208.77,0.00014,15.0092278
2025-10-17 22:12:17.771,107208.77,8e-05,8.576701600000002
2025-10-17 22:12:17.782,107208.77,0.00426,456.7093602
2025-10-17 22:12:17.862,107208.77,0.00094,100.7762438
2025-10-17 22:12:17.993,107208.77,0.00014,15.0092278
2025-10-17 22:12:18.090,107208.77,0.00367,393.45618590000004
2025-10-17 22:12:18.683,107208.77,0.00019,20.369666300000002
2025-10-17 22:12:18.768,107208.77,0.0012,128.650524
2025-10-17 22:12:18.817,107208.77,0.0001,10.720877000000002
2025-10-17 22:12:18.891,107208.77,0.0001,10.720877000000002
2025-10-17 22:12:19.033,107208.77,0.00066,70.75778820000001
2025-10-17 22:12:19.054,107208.76,0.10441,11193.6666316
2025-10-17 22:12:19.170,107208.77,0.00989,1060.2947353
2025-10-17 22:12:19.325,107208.77,0.0001,10.720877000000002
2025-10-17 22:12:19.717,107208.77,9e-05,9.6487893
2025-10-17 22:12:19.818,107208.77,0.0001,10.720877000000002
2025-10-17 22:12:19.848,107208.76,0.00015,16.081314
2025-10-17 22:12:19.857,107208.77,5e-05,5.360438500000001
2025-10-17 22:12:19.869,107208.77,0.00311,333.4192747
2025-10-17 22:12:20.017,107208.77,0.0001,10.720877000000002
2025-10-17 22:12:20.040,107208.77,0.0001,10.720877000000002
2025-10-17 22:12:20.132,107208.77,0.0001,10.720877000000002
2025-10-17 22:12:20.170,107208.77,0.05219,5595.225706300001
2025-10-17 22:12:20.192,107208.77,0.00039,41.8114203
2025-10-17 22:12:20.382,107208.77,9e-05,9.6487893
2025-10-17 22:12:20.470,107208.77,0.00011,11.7929647
2025-10-17 22:12:20.539,107208.77,0.0001,10.720877000000002
2025-10-17 22:12:21.441,107208.77,0.00051,54.676472700000005
2025-10-17 22:12:21.615,107208.77,0.00024,25.730104800000003
2025-10-17 22:12:21.919,107208.77,0.00121,129.7226117
2025-10-17 22:12:21.925,107208.77,0.00687,736.5242499000001
2025-10-17 22:12:22.097,107208.77,0.00061,65.3973497
2025-10-17 22:12:22.131,107208.77,0.0042,450.276834
2025-10-17 22:12:22.324,107208.77,0.0001,10.720877000000002
2025-10-17 22:12:22.425,107208.76,0.00011,11.7929636
2025-10-17 22:12:22.824,107208.77,0.00094,100.7762438
2025-10-17 22:12:22.839,107208.77,0.00024,25.730104800000003
2025-10-17 22:12:22.872,107208.77,0.1,10720.877
2025-10-17 22:12:22.966,107208.77,0.01027,1101.0340679
2025-10-17 22:12:24.437,107208.77,0.00047,50.3881219
2025-10-17 22:12:25.315,107208.76,0.006,643.25256
2025-10-17 22:12:25.641,107208.76,0.00047,50.388117199999996
2025-10-17 22:12:25.708,107208.77,0.00154,165.10150579999998
2025-10-17 22:12:25.804,107208.77,0.00021,22.5138417
2025-10-17 22:12:26.557,107208.77,0.00406,435.26760620000005
2025-10-17 22:12:27.600,107208.77,0.00279,299.1124683
2025-10-17 22:12:28.315,107208.77,0.00047,50.3881219
2025-10-17 22:12:28.801,107208.77,0.00015,16.0813155
2025-10-17 22:12:28.869,107208.77,0.04989,5348.6455353
2025-10-17 22:12:28.941,107208.77,0.07989,8564.9086353
2025-10-17 22:12:29.042,107208.77,0.0054,578.927358
2025-10-17 22:12:29.054,107208.77,0.00437,468.5023249
2025-10-17 22:12:29.225,107208.77,0.0099,1061.366823
2025-10-17 22:12:30.196,107208.77,0.0171,1833.2699670000002
2025-10-17 22:12:30.197,107213.06,0.0001,10.721306
2025-10-17 22:12:30.198,107214.08,0.00151,161.8932608
2025-10-17 22:12:30.205,107215.18,0.0008,85.772144
2025-10-17 22:12:30.206,107215.18,0.00113,121.15315339999998
2025-10-17 22:12:30.207,107215.18,0.00211,226.22402979999998
2025-10-17 22:12:30.209,107215.18,0.00185,198.348083
2025-10-17 22:12:30.216,107215.18,0.00313,335.58351339999996
2025-10-17 22:12:30.228,107215.18,0.02,2144.3035999999997
2025-10-17 22:12:30.232,107215.18,0.02,2144.3035999999997
2025-10-17 22:12:30.234,107215.18,0.0021,225.15187799999998
2025-10-17 22:12:30.280,107215.18,0.01493,1600.7226374
2025-10-17 22:12:30.282,107215.18,0.01217,1304.8087406
2025-10-17 22:12:30.287,107215.18,0.03385,3629.2338429999995
2025-10-17 22:12:30.304,107215.2,0.00565,605.7658799999999
2025-10-17 22:12:30.306,107219.04,0.12642,13554.6310368
2025-10-17 22:12:30.309,107217.33,0.00157,168.3312081
2025-10-17 22:12:30.314,107217.33,0.0011,117.939063
2025-10-17 22:12:30.375,107219.03,0.00145,155.4675935
2025-10-17 22:12:30.378,107219.04,0.00175,187.63332
2025-10-17 22:12:30.393,107219.49,0.00667,715.1539983
2025-10-17 22:12:30.430,107219.49,0.00239,256.25458110000005
2025-10-17 22:12:30.515,107219.5,0.0024,257.3268
2025-10-17 22:12:30.517,107219.51,0.00105,112.58048549999998
2025-10-17 22:12:30.528,107219.69,0.00125,134.02461250000002
2025-10-17 22:12:30.848,107220.0,0.14643,15700.224600000001
2025-10-17 22:12:30.849,107220.0,0.1782,19106.604
2025-10-17 22:12:30.850,107220.75,6e-05,6.433245
2025-10-17 22:12:30.872,107220.79,0.00425,455.6883575
2025-10-17 22:12:31.297,107226.43,0.00319,342.0523117
2025-10-17 22:12:31.587,107226.42,6e-05,6.4335852000000004
2025-10-17 22:12:31.825,107226.43,0.00047,50.396422099999995
2025-10-17 22:12:32.041,107226.43,0.00091,97.57605129999999
2025-10-17 22:12:32.084,107226.43,0.07898,8468.743441399998
2025-10-17 22:12:32.254,107226.43,0.00232,248.76531759999997
2025-10-17 22:12:32.502,107226.44,0.00316,338.8355504
2025-10-17 22:12:32.776,107227.56,0.00521,558.6555876
2025-10-17 22:12:32.822,107227.56,0.04989,5349.582968399999
2025-10-17 22:12:32.977,107227.56,0.00482,516.8368392
2025-10-17 22:12:33.134,107227.56,0.00048,51.4692288
2025-10-17 22:12:34.042,107227.55,0.00047,50.3969485
2025-10-17 22:12:34.225,107227.56,0.00137,146.9017572
2025-10-17 22:12:34.577,107227.56,0.00563,603.6911627999999
2025-10-17 22:12:35.654,107227.55,0.00037,39.6741935
2025-10-17 22:12:35.933,107227.56,0.00052,55.75833119999999
2025-10-17 22:12:36.918,107227.56,0.01029,1103.3715924
2025-10-17 22:12:36.970,107227.56,0.0499,5350.655244
2025-10-17 22:12:37.118,107227.56,0.00101,108.29983560000001
2025-10-17 22:12:37.126,107227.56,0.00832,892.1332991999999
2025-10-17 22:12:37.128,107227.56,0.07989,8566.4097684
2025-10-17 22:12:37.376,107227.56,0.00245,262.707522
2025-10-17 22:12:37.615,107227.56,0.00047,50.3969532
2025-10-17 22:12:37.644,107227.56,0.04665,5002.165674
2025-10-17 22:12:38.812,107227.56,0.00035,37.529646
2025-10-17 22:12:38.814,107227.56,0.00018,19.300960800000002
2025-10-17 22:12:40.325,107227.56,0.0799,8567.482044
2025-10-17 22:12:40.701,107227.56,0.0103,1104.443868
2025-10-17 22:12:40.751,107227.56,0.0499,5350.655244
2025-10-17 22:12:42.304,107227.55,0.00014,15.011857
2025-10-17 22:12:43.212,107227.56,0.00061,65.40881159999999
2025-10-17 22:12:43.438,107227.56,0.0799,8567.482044
2025-10-17 22:12:43.448,107227.56,0.00019,20.3732364
2025-10-17 22:12:44.154,107227.56,0.00047,50.3969532
2025-10-17 22:12:44.375,107227.56,0.0103,1104.443868
2025-10-17 22:12:44.638,107227.56,0.00023,24.6623388
2025-10-17 22:12:44.820,107227.56,0.0499,5350.655244
2025-10-17 22:12:45.723,107227.55,0.01958,2099.515429
2025-10-17 22:12:46.471,107227.56,0.00028,30.023716799999995
2025-10-17 22:12:46.533,107227.56,0.0799,8567.482044
2025-10-17 22:12:48.117,107227.56,0.00026,27.879165599999997
2025-10-17 22:12:48.119,107227.56,0.0103,1104.443868
2025-10-17 22:12:48.263,107227.56,0.0003,32.168268
2025-10-17 22:12:48.555,107227.56,0.0499,5350.655244
2025-10-17 22:12:48.570,107227.55,0.00022,23.590061000000002
2025-10-17 22:12:48.581,107227.56,0.00338,362.4291528
2025-10-17 22:12:48.734,107227.56,0.01865,1999.7939939999999
2025-10-17 22:12:49.183,107227.56,0.00466,499.6804296
2025-10-17 22:12:49.627,107227.56,0.0799,8567.482044
2025-10-17 22:12:49.864,107227.56,0.00073,78.27611879999999
2025-10-17 22:12:50.218,107227.56,7e-05,7.505929199999999
2025-10-17 22:12:51.888,107227.55,0.00502,538.2823010000001
2025-10-17 22:12:51.952,107227.56,0.0103,1104.443868
2025-10-17 22:12:52.363,107227.56,0.00016,17.1564096
2025-10-17 22:12:52.407,107227.56,0.0499,5350.655244
2025-10-17 22:12:52.438,107227.55,7e-05,7.5059285
2025-10-17 22:12:52.678,107227.56,0.00093,99.7216308
2025-10-17 22:12:52.784,107227.56,0.0799,8567.482044
2025-10-17 22:12:52.991,107227.56,0.0053,568.306068
2025-10-17 22:12:52.992,107227.56,0.0028,300.237168
2025-10-17 22:12:53.684,107227.56,0.00168,180.14230080000002
2025-10-17 22:12:53.977,107227.56,0.00023,24.6623388
2025-10-17 22:12:54.196,107227.56,0.00466,499.6804296
2025-10-17 22:12:54.198,107227.55,0.00022,23.590061000000002
2025-10-17 22:12:54.545,107227.55,0.00047,50.3969485
2025-10-17 22:12:55.986,107227.56,0.00047,50.3969532
2025-10-17 22:12:57.348,107227.56,0.0028,300.237168
2025-10-17 22:12:57.471,107227.55,0.0015,160.841325
2025-10-17 22:12:57.473,107227.55,0.06203,6651.3249265
2025-10-17 22:12:58.424,107227.55,0.00047,50.3969485
2025-10-17 22:12:58.543,107227.55,0.0002,21.445510000000002
2025-10-17 22:12:59.286,107227.55,0.002,214.45510000000002
2025-10-17 22:12:59.517,107227.56,0.00047,50.3969532
2025-10-17 22:12:59.574,107227.56,0.00073,78.27611879999999
2025-10-17 22:12:59.592,107227.55,0.00093,99.72162150000001
2025-10-17 22:13:00.355,107227.56,0.00149,159.7690644
2025-10-17 22:13:01.133,107227.56,0.0001,10.722756
2025-10-17 22:13:01.180,107227.55,0.00647,693.7622485
2025-10-17 22:13:01.182,107227.55,0.15327,16434.7665885
2025-10-17 22:13:01.222,107227.56,0.0084,900.7115039999999
2025-10-17 22:13:01.225,107227.56,0.00086,92.2157016
2025-10-17 22:13:01.516,107227.56,0.00059,63.264260400000005
2025-10-17 22:13:01.645,107227.56,0.00047,50.3969532
2025-10-17 22:13:01.756,107227.55,0.00023,24.662336500000002
2025-10-17 22:13:02.061,107227.55,0.00119,127.60078450000002
2025-10-17 22:13:03.015,107227.56,0.0007,75.059292
2025-10-17 22:13:03.342,107227.56,9e-05,9.650480400000001
2025-10-17 22:13:03.380,107227.55,0.00016,17.156408000000003
2025-10-17 22:13:03.633,107227.56,0.0001,10.722756
2025-10-17 22:13:03.962,107227.55,0.00111,119.02258050000002
2025-10-17 22:13:04.120,107227.56,0.0435,4664.398859999999
2025-10-17 22:13:04.684,107227.56,0.00858,920.0124648000001
2025-10-17 22:13:04.704,107227.56,0.0054,579.028824
2025-10-17 22:13:04.750,107227.56,0.0054,579.028824
2025-10-17 22:13:04.844,107227.56,0.00541,580.1010996
2025-10-17 22:13:04.932,107227.55,0.00186,199.44324300000002
2025-10-17 22:13:05.870,107227.55,0.00477,511.4754135
2025-10-17 22:13:06.232,107227.55,8e-05,8.578204000000001
2025-10-17 22:13:07.103,107227.56,0.00475,509.33090999999996
2025-10-17 22:13:07.876,107227.56,0.00028,30.023716799999995
2025-10-17 22:13:08.104,107227.55,0.00044,47.180122000000004
2025-10-17 22:13:08.644,107227.56,0.0028,300.237168
2025-10-17 22:13:09.384,107227.56,0.06088,6528.0138528
2025-10-17 22:13:09.624,107227.56,0.00045,48.252402
2025-10-17 22:13:11.248,107227.56,0.00522,559.7278632
2025-10-17 22:13:11.465,107227.55,0.00095,101.8661725
2025-10-17 22:13:11.577,107227.55,8e-05,8.578204000000001
2025-10-17 22:13:12.034,107227.55,0.00772,827.796686
2025-10-17 22:13:12.392,107227.55,0.00545,584.3901475
2025-10-17 22:13:12.645,107227.56,0.00051,54.6860556
2025-10-17 22:13:13.575,107227.56,6e-05,6.4336536
2025-10-17 22:13:13.625,107227.55,0.00274,293.80348699999996
2025-10-17 22:13:13.704,107227.55,0.00032,34.312816000000005
2025-10-17 22:13:14.262,107227.55,0.00047,50.3969485
2025-10-17 22:13:14.531,107227.56,0.00513,550.0773828
2025-10-17 22:13:14.570,107227.56,0.00116,124.3839696
2025-10-17 22:13:16.311,107227.56,0.00604,647.6544624
2025-10-17 22:13:16.389,107227.56,0.00047,50.3969532
2025-10-17 22:13:17.149,107227.56,0.00162,173.70864719999997
2025-10-17 22:13:17.353,107227.56,0.00502,538.2823512
2025-10-17 22:13:18.484,107227.55,0.00019,20.373234500000002
2025-10-17 22:13:19.217,107227.55,8e-05,8.578204000000001
2025-10-17 22:13:19.375,107227.55,0.00011,11.795030500000001
2025-10-17 22:13:19.762,107227.56,0.00068,72.9147408
2025-10-17 22:13:20.566,107227.56,0.00014,15.011858399999998
2025-10-17 22:13:20.783,107227.56,0.00427,457.8616812
2025-10-17 22:13:20.921,107227.56,0.0001,10.722756
2025-10-17 22:13:21.370,107227.56,0.00014,15.011858399999998
2025-10-17 22:13:22.759,107227.56,0.00047,50.3969532
2025-10-17 22:13:22.802,107227.56,0.00254,272.35800240000003
2025-10-17 22:13:23.140,107227.56,0.00012,12.8673072
2025-10-17 22:13:24.538,107227.56,0.03909,4191.5253204
2025-10-17 22:13:24.604,107227.56,0.03909,4191.5253204
2025-10-17 22:13:24.688,107227.56,0.01029,1103.3715924
2025-10-17 22:13:24.936,107227.55,0.00106,113.661203
2025-10-17 22:13:26.093,107227.55,0.00047,50.3969485
2025-10-17 22:13:26.847,107227.56,0.00047,50.3969532
2025-10-17 22:13:28.139,107227.55,9e-05,9.650479500000001
2025-10-17 22:13:29.121,107227.56,0.00023,24.6623388
2025-10-17 22:13:29.233,107227.56,0.00027,28.9514412
2025-10-17 22:13:29.408,107227.55,0.00017,18.228683500000002
2025-10-17 22:13:29.594,107227.56,0.00519,556.5110364
2025-10-17 22:13:29.624,107227.55,0.00047,50.3969485
2025-10-17 22:13:30.463,107227.56,0.00027,28.9514412
2025-10-17 22:13:30.560,107227.56,0.00139,149.0463084
2025-10-17 22:13:31.217,107227.56,9e-05,9.650480400000001
2025-10-17 22:13:31.589,107227.55,7e-05,7.5059285
2025-10-17 22:13:32.554,107227.56,0.00519,556.5110364
2025-10-17 22:13:32.760,107227.56,0.00081,86.85432359999999
2025-10-17 22:13:33.184,107227.56,0.00319,342.0559164
2025-10-17 22:13:33.811,107227.56,0.00466,499.6804296
2025-10-17 22:13:33.888,107227.56,0.00051,54.6860556
2025-10-17 22:13:35.506,107227.55,9e-05,9.650479500000001
2025-10-17 22:13:36.420,107227.56,0.00112,120.09486719999998
2025-10-17 22:13:36.438,107227.56,0.00081,86.85432359999999
2025-10-17 22:13:36.826,107227.55,0.56463,60543.8915565
2025-10-17 22:13:36.830,107226.43,0.00814,872.8231401999999
2025-10-17 22:13:36.831,107215.68,0.0025,268.0392
2025-10-17 22:13:36.839,107220.76,0.03421,3668.0221995999996
2025-10-17 22:13:36.841,107220.33,0.012,1286.64396
2025-10-17 22:13:36.842,107220.32,0.00015,16.083047999999998
2025-10-17 22:13:36.859,107216.07,0.00399,427.79211929999997
2025-10-17 22:13:36.892,107210.62,0.00047,50.388991399999995
2025-10-17 22:13:37.036,107210.61,0.20484,21961.0213524
2025-10-17 22:13:37.037,107210.59,0.0001,10.721059
2025-10-17 22:13:37.039,107208.77,0.00053,56.8206481
2025-10-17 22:13:37.186,107208.76,0.01822,1953.3436072
2025-10-17 22:13:37.188,107203.09,0.00362,388.0751858
2025-10-17 22:13:37.190,107203.09,6e-05,6.4321854
2025-10-17 22:13:37.201,107200.87,0.00015,16.0801305
2025-10-17 22:13:37.423,107200.84,0.0001,10.720084
2025-10-17 22:13:37.424,107200.39,0.00075,80.4002925
2025-10-17 22:13:37.427,107200.39,0.00015,16.0800585
2025-10-17 22:13:37.433,107198.62,0.0005,53.599309999999996
2025-10-17 22:13:37.439,107198.62,0.00055,58.959241
2025-10-17 22:13:37.556,107196.76,0.00134,143.6436584
2025-10-17 22:13:37.572,107196.74,0.00045,48.238533000000004
2025-10-17 22:13:37.856,107194.53,0.00335,359.1016755
2025-10-17 22:13:37.876,107194.24,0.00095,101.834528
2025-10-17 22:13:38.916,107194.25,0.00012,12.86331
2025-10-17 22:13:39.158,107194.24,0.00099,106.12229760000001
2025-10-17 22:13:39.580,107194.25,0.00328,351.59713999999997
2025-10-17 22:13:39.734,107194.24,0.00041,43.9496384
2025-10-17 22:13:40.005,107194.25,0.00074,79.323745
2025-10-17 22:13:40.006,107194.25,7e-05,7.5035975
2025-10-17 22:13:40.133,107194.25,0.00047,50.381297499999995
2025-10-17 22:13:40.525,107194.25,0.00012,12.86331
2025-10-17 22:13:40.790,107194.25,0.00012,12.86331
2025-10-17 22:13:40.822,107194.25,0.00249,266.9136825
2025-10-17 22:13:41.048,107194.25,0.00425,455.57556250000005
2025-10-17 22:13:41.074,107194.25,0.00012,12.86331
2025-10-17 22:13:41.191,107194.24,0.15253,16350.3374272
2025-10-17 22:13:41.196,107194.09,0.0001,10.719409
2025-10-17 22:13:41.199,107180.0,0.01026,1099.6668
2025-10-17 22:13:41.209,107178.26,6e-05,6.4306956
2025-10-17 22:13:41.210,107178.26,0.0093,996.7578179999998
2025-10-17 22:13:41.211,107178.27,0.03016,3232.4966232
2025-10-17 22:13:41.226,107178.26,0.012,1286.13912
2025-10-17 22:13:42.001,107178.26,0.00039,41.799521399999996
2025-10-17 22:13:42.388,107178.26,0.00103,110.39360780000001
2025-10-17 22:13:42.719,107178.26,0.0004,42.871304
2025-10-17 22:13:43.375,107178.26,0.00189,202.56691139999998
2025-10-17 22:13:43.419,107178.26,0.00492,527.3170392
2025-10-17 22:13:43.448,107178.27,0.00013,13.9331751
2025-10-17 22:13:43.627,107178.27,0.00081,86.8143987
2025-10-17 22:13:43.696,107178.27,0.00322,345.11402940000005
2025-10-17 22:13:44.023,107178.27,0.00075,80.3837025
2025-10-17 22:13:44.129,107178.27,0.02829,3032.0732583
2025-10-17 22:13:44.154,107178.27,0.00674,722.3815398
2025-10-17 22:13:44.560,107178.26,0.00047,50.373782199999994
2025-10-17 22:13:44.661,107178.26,0.00279,299.0273454
2025-10-17 22:13:44.662,107178.26,0.0028,300.099128
2025-10-17 22:13:44.674,107178.27,0.00318,340.82689860000005
2025-10-17 22:13:44.872,107178.26,5e-05,5.358913
2025-10-17 22:13:45.064,107178.27,0.0011,117.89609700000001
2025-10-17 22:13:45.250,107178.26,0.00019,20.3638694
2025-10-17 22:13:45.569,107178.27,7e-05,7.5024789
2025-10-17 22:13:46.497,107178.26,0.00047,50.373782199999994
2025-10-17 22:13:47.418,107178.27,0.00257,275.44815389999997
2025-10-17 22:13:47.653,107178.27,0.01884,2019.2386068
2025-10-17 22:13:47.902,107178.26,0.012,1286.13912
2025-10-17 22:13:47.903,107178.26,0.012,1286.13912
2025-10-17 22:13:47.970,107178.26,0.00192,205.7822592
2025-10-17 22:13:47.973,107178.26,0.00197,211.1411722
2025-10-17 22:13:47.975,107178.26,0.00194,207.9258244
2025-10-17 22:13:47.994,107178.26,0.00317,339.7550842
2025-10-17 22:13:47.997,107178.26,0.00187,200.42334619999997
2025-10-17 22:13:48.000,107178.26,0.01911,2048.1765486
2025-10-17 22:13:48.013,107178.26,0.008,857.42608
2025-10-17 22:13:48.016,107178.26,0.24284,26027.168658399998
2025-10-17 22:13:48.024,107178.25,0.0001,10.717825000000001
2025-10-17 22:13:48.025,107176.11,5e-05,5.3588055
2025-10-17 22:13:48.032,107175.1,0.00089,95.385839
2025-10-17 22:13:48.034,107173.99,0.00314,336.5263286
2025-10-17 22:13:48.037,107171.83,0.0056,600.162248
2025-10-17 22:13:48.038,107171.83,0.04484,4805.5848571999995
2025-10-17 22:13:48.044,107171.83,0.00994,1065.2879902
2025-10-17 22:13:48.045,107171.83,0.0006,64.30309799999999
2025-10-17 22:13:48.046,107168.0,0.0028,300.0704
2025-10-17 22:13:48.048,107167.55,0.00075,80.3756625
2025-10-17 22:13:48.051,107167.55,0.0001,10.716755000000001
2025-10-17 22:13:48.148,107167.55,0.00022,23.576861
2025-10-17 22:13:48.169,107167.56,0.14869,15934.744496399999
2025-10-17 22:13:48.197,107167.55,0.00038,40.723669
2025-10-17 22:13:48.242,107167.55,0.012,1286.0106
2025-10-17 22:13:48.243,107167.55,0.012,1286.0106
2025-10-17 22:13:48.257,107167.55,0.00036,38.580318000000005
2025-10-17 22:13:48.285,107167.55,0.00034,36.436967
2025-10-17 22:13:48.690,107167.56,0.00566,606.5683896
2025-10-17 22:13:48.823,107167.56,0.00306,327.93273359999995
2025-10-17 22:13:49.051,107167.55,0.00035,37.5086425
2025-10-17 22:13:49.177,107167.56,0.00047,50.3687532
2025-10-17 22:13:49.201,107167.56,0.0023,246.485388
2025-10-17 22:13:49.303,107167.56,0.00085,91.09242599999999
2025-10-17 22:13:49.598,107167.55,0.012,1286.0106
2025-10-17 22:13:49.621,107167.55,0.00964,1033.095182
2025-10-17 22:13:49.655,107167.55,0.00092,98.59414600000001
2025-10-17 22:13:49.660,107166.64,0.00956,1024.5130784
2025-10-17 22:13:49.680,107166.64,0.012,1285.9996800000001
2025-10-17 22:13:49.880,107166.65,0.00093,99.6649845
2025-10-17 22:13:50.401,107166.64,0.012,1285.9996800000001
2025-10-17 22:13:50.402,107166.64,0.012,1285.9996800000001
2025-10-17 22:13:50.403,107166.64,0.012,1285.9996800000001
2025-10-17 22:13:50.868,107166.64,0.00012,12.859996800000001
2025-10-17 22:13:51.033,107166.65,0.00541,579.7715764999999
2025-10-17 22:13:51.091,107166.64,0.00092,98.5933088
2025-10-17 22:13:51.328,107166.64,0.18639,19974.7900296
2025-10-17 22:13:51.330,107151.99,0.00058,62.1481542
2025-10-17 22:13:51.333,107160.17,0.0008,85.728136
2025-10-17 22:13:51.334,107160.17,6e-05,6.4296102
2025-10-17 22:13:51.336,107160.17,0.09103,9754.7902751
2025-10-17 22:13:51.342,107160.17,0.35705,38261.5386985
2025-10-17 22:13:51.343,107160.17,0.005,535.80085
2025-10-17 22:13:51.344,107160.01,0.005,535.8000499999999
2025-10-17 22:13:51.347,107160.0,0.00015,16.073999999999998
2025-10-17 22:13:51.668,107154.74,0.04548,4873.397575200001
2025-10-17 22:13:51.939,107154.73,0.00545,583.9932785
2025-10-17 22:13:52.026,107154.74,4e-05,4.2861896
2025-10-17 22:13:52.028,107154.73,0.00078,83.5806894
2025-10-17 22:13:52.052,107154.73,0.00024,25.7171352
2025-10-17 22:13:52.114,107154.74,0.00189,202.5224586
2025-10-17 22:13:52.651,107154.73,0.0022,235.740406
2025-10-17 22:13:52.667,107154.74,0.00046,49.2911804
2025-10-17 22:13:53.338,107154.74,4e-05,4.2861896
2025-10-17 22:13:53.736,107154.74,0.00204,218.59566960000004
2025-10-17 22:13:53.881,107154.74,0.00408,437.1913392000001
2025-10-17 22:13:54.024,107154.73,0.00326,349.3244198
2025-10-17 22:13:54.165,107154.74,0.00405,433.976697
2025-10-17 22:13:54.348,107154.74,0.00032,34.2895168
2025-10-17 22:13:55.855,107154.73,0.02422,2595.2875606
2025-10-17 22:13:56.112,107154.74,0.00081,86.7953394
2025-10-17 22:13:56.217,107154.74,0.00401,429.6905074
2025-10-17 22:13:56.583,107154.74,0.00254,272.17303960000004
2025-10-17 22:13:56.631,107154.73,0.00475,508.9849675
2025-10-17 22:13:56.782,107154.74,0.00062,66.4359388
2025-10-17 22:13:57.783,107154.74,0.00183,196.09317420000002
2025-10-17 22:13:57.793,107154.74,0.00366,392.18634840000004
2025-10-17 22:13:57.860,107154.74,0.23448,25125.6434352
2025-10-17 22:13:57.874,107154.74,0.01839,1970.5756686000002
2025-10-17 22:13:57.875,107154.75,0.02644,2833.1715900000004
2025-10-17 22:13:57.877,107154.75,0.02142,2295.254745
2025-10-17 22:13:57.878,107154.75,0.00105,112.51248749999999
2025-10-17 22:13:57.892,107159.29,0.0001,10.715929
2025-10-17 22:13:57.927,107160.02,0.00763,817.6309526
2025-10-17 22:13:57.933,107161.09,0.00145,155.3835805
2025-10-17 22:13:57.965,107161.16,0.00314,336.48604240000003
2025-10-17 22:13:57.970,107161.16,0.0005,53.580580000000005
2025-10-17 22:13:57.995,107162.48,0.02352,2520.4615295999997
2025-10-17 22:13:57.998,107162.49,0.001,107.16249
2025-10-17 22:13:58.014,107162.49,0.00045,48.2231205
2025-10-17 22:13:58.028,107162.78,0.00145,155.38603099999997
2025-10-17 22:13:58.078,107162.88,0.0002,21.432576
2025-10-17 22:13:58.115,107162.88,0.00221,236.82996480000003
2025-10-17 22:13:58.119,107162.89,0.00299,320.4170411
2025-10-17 22:13:58.153,107164.28,0.01721,1844.2972588
2025-10-17 22:13:58.193,107164.28,0.0013,139.31356399999999
2025-10-17 22:13:58.278,107164.28,0.00092,98.5911376
2025-10-17 22:13:58.428,107165.5,6e-05,6.429930000000001
2025-10-17 22:13:58.777,107165.88,0.0101,1082.375388
2025-10-17 22:13:58.842,107165.88,0.00023,24.6481524
2025-10-17 22:13:59.306,107165.87,0.00466,499.39295419999996
2025-10-17 22:13:59.877,107165.88,0.00081,86.80436279999999
2025-10-17 22:13:59.925,107165.88,0.00142,152.1755496
2025-10-17 22:14:00.261,107165.87,0.00049,52.5112763
2025-10-17 22:14:00.608,107165.88,0.00728,780.1676064000001
2025-10-17 22:14:00.611,107165.9,0.0001,10.71659
2025-10-17 22:14:00.613,107166.0,0.0014,150.0324
2025-10-17 22:14:00.652,107166.64,0.00194,207.9032816
2025-10-17 22:14:00.678,107166.65,0.00197,211.11830049999998
2025-10-17 22:14:00.683,107167.48,0.00037,39.6519676
2025-10-17 22:14:00.692,107167.48,0.00932,998.8009136
2025-10-17 22:14:02.048,107167.49,0.0008,85.73399200000001
2025-10-17 22:14:02.050,107168.6,1e-05,1.0716860000000001
2025-10-17 22:14:02.051,107172.08,0.00015,16.075812
2025-10-17 22:14:02.064,107172.09,0.05288,5667.2601192
2025-10-17 22:14:02.067,107172.09,0.00035,37.510231499999996
2025-10-17 22:14:02.080,107172.09,0.24682,26452.2152538
2025-10-17 22:14:02.097,107172.09,0.00072,77.1639048
2025-10-17 22:14:02.099,107172.1,0.0009,96.45489
2025-10-17 22:14:02.101,107172.1,0.0009,96.45489
2025-10-17 22:14:02.103,107174.0,0.0001,10.717400000000001
2025-10-17 22:14:02.105,107174.56,0.03742,4010.4720352
2025-10-17 22:14:02.114,107174.56,0.08665,9286.675624
2025-10-17 22:14:02.482,107174.56,0.00217,232.5687952
2025-10-17 22:14:02.493,107176.29,0.00015,16.076443499999996
2025-10-17 22:14:02.504,107176.3,0.00035,37.511705
2025-10-17 22:14:02.549,107176.39,0.00199,213.2810161
2025-10-17 22:14:02.565,107178.2,0.02,2143.564
2025-10-17 22:14:02.566,107178.2,0.00933,999.9726059999999
2025-10-17 22:14:02.577,107178.27,0.00966,1035.3420882
2025-10-17 22:14:02.583,107178.27,0.00803,860.6415081000001
2025-10-17 22:14:02.587,107179.07,0.0001,10.717907000000002
2025-10-17 22:14:02.592,107180.0,0.01493,1600.1974
2025-10-17 22:14:02.593,107180.0,0.0345,3697.7100000000005
2025-10-17 22:14:02.596,107180.0,0.3959,42432.562
2025-10-17 22:14:02.599,107180.0,0.0001,10.718
2025-10-17 22:14:02.603,107183.4,0.00338,362.279892
2025-10-17 22:14:02.605,107183.4,0.02178,2334.454452
2025-10-17 22:14:02.691,107183.4,0.00155,166.13427
2025-10-17 22:14:02.702,107185.0,0.00131,140.41235
2025-10-17 22:14:02.718,107185.89,0.0001,10.718589
2025-10-17 22:14:03.136,107188.58,0.00033,35.3722314
2025-10-17 22:14:03.421,107188.58,0.00099,106.1166942
2025-10-17 22:14:03.501,107188.58,0.00246,263.6839068
2025-10-17 22:14:03.549,107188.99,0.003,321.56697
2025-10-17 22:14:03.574,107188.99,0.0014,150.06458600000002
2025-10-17 22:14:03.579,107189.0,0.0023,246.5347
2025-10-17 22:14:03.612,107189.0,0.00045,48.23505
2025-10-17 22:14:03.652,107189.01,0.0023,246.53472299999999
2025-10-17 22:14:03.715,107192.38,0.00015,16.078857
2025-10-17 22:14:03.812,107192.38,0.0001,10.719238
2025-10-17 22:14:04.755,107192.38,0.00011,11.791161800000001
2025-10-17 22:14:05.153,107192.39,0.00182,195.0901498
2025-10-17 22:14:05.438,107192.38,0.00036,38.5892568
2025-10-17 22:14:05.598,107192.39,0.0742,7953.675338
2025-10-17 22:14:05.634,107192.38,0.00377,404.1152726
2025-10-17 22:14:05.723,107192.39,0.00933,1000.1049987
2025-10-17 22:14:06.579,107192.38,0.00011,11.791161800000001
2025-10-17 22:14:06.581,107192.38,0.2067,22156.664946
2025-10-17 22:14:06.592,107192.38,0.012,1286.3085600000002
2025-10-17 22:14:06.594,107192.38,0.012,1286.3085600000002
2025-10-17 22:14:06.771,107192.38,0.00082,87.8977516
2025-10-17 22:14:06.875,107192.38,0.00938,1005.4645244
2025-10-17 22:14:06.999,107192.38,0.00047,50.3804186
2025-10-17 22:14:07.024,107192.38,0.00235,251.902093
2025-10-17 22:14:07.320,107192.39,0.01493,1600.3823827
2025-10-17 22:14:07.555,107192.37,0.01491,1598.2382366999998
2025-10-17 22:14:07.570,107188.99,0.01119,1199.4447981
2025-10-17 22:14:07.572,107188.58,0.012,1286.26296
2025-10-17 22:14:07.578,107188.57,0.0011,117.90742700000001
2025-10-17 22:14:07.579,107188.11,0.03179,3407.5100168999998
2025-10-17 22:14:07.584,107188.09,0.001,107.18809
2025-10-17 22:14:07.591,107185.96,0.0004,42.874384000000006
2025-10-17 22:14:07.661,107185.95,0.00218,233.665371
2025-10-17 22:14:07.877,107185.95,0.00186,199.365867
2025-10-17 22:14:07.884,107185.95,0.00026,27.868346999999996
2025-10-17 22:14:07.915,107185.95,0.00795,852.1283025
2025-10-17 22:14:08.266,107183.8,0.0116,1243.33208
2025-10-17 22:14:08.271,107183.81,0.03134,3359.1406054
2025-10-17 22:14:08.965,107183.8,0.012,1286.2056
2025-10-17 22:14:08.967,107183.8,0.012,1286.2056
2025-10-17 22:14:08.978,107183.8,0.04,4287.352
2025-10-17 22:14:08.980,107181.75,6e-05,6.430905
2025-10-17 22:14:08.981,107180.0,0.0006,64.30799999999999
2025-10-17 22:14:08.985,107177.86,0.0319,3418.9737339999997
2025-10-17 22:14:09.355,107177.85,0.00213,228.2888205
2025-10-17 22:14:09.405,107177.85,0.0001,10.717785000000001
2025-10-17 22:14:09.515,107177.84,0.00208,222.92990719999997
2025-10-17 22:14:09.709,107177.83,0.00021,22.5073443
2025-10-17 22:14:09.714,107177.83,0.00169,181.1305327
2025-10-17 22:14:09.774,107177.81,0.00038,40.7275678
2025-10-17 22:14:09.776,107177.81,0.00072,77.16802320000001
2025-10-17 22:14:10.018,107177.58,0.02,2143.5516000000002
2025-10-17 22:14:10.030,107176.69,0.03114,3337.4821266000004
2025-10-17 22:14:10.241,107176.11,0.00047,50.3727717
2025-10-17 22:14:10.513,107176.12,0.00035,37.511641999999995
2025-10-17 22:14:10.968,107176.12,0.00173,185.41468759999998
2025-10-17 22:14:11.315,107176.11,0.00135,144.6877485
2025-10-17 22:14:11.348,107175.21,0.002,214.35042
2025-10-17 22:14:11.350,107175.21,0.002,214.35042
2025-10-17 22:14:13.575,107175.22,7e-05,7.5022654
2025-10-17 22:14:14.022,107175.21,6e-05,6.4305126
2025-10-17 22:14:14.066,107175.21,0.16337,17509.2140577
2025-10-17 22:14:14.067,107175.21,0.06713,7194.6718473
2025-10-17 22:14:14.294,107175.21,0.012,1286.1025200000001
2025-10-17 22:14:14.376,107175.21,0.012,1286.1025200000001
2025-10-17 22:14:14.474,107175.21,0.012,1286.1025200000001
2025-10-17 22:14:14.536,107174.16,5e-05,5.358708
2025-10-17 22:14:14.560,107174.15,0.00025,26.7935375
2025-10-17 22:14:14.707,107174.15,0.00025,26.7935375
2025-10-17 22:14:15.436,107174.16,0.00047,50.3718552
2025-10-17 22:14:15.625,107174.15,0.09247,9910.393650499998
2025-10-17 22:14:15.832,107174.16,0.00116,124.3220256
2025-10-17 22:14:15.932,107174.15,0.00019,20.3630885
2025-10-17 22:14:16.208,107174.16,0.00018,19.2913488
2025-10-17 22:14:16.360,107174.16,0.0001,10.717416
2025-10-17 22:14:16.734,107174.15,0.0268,2872.2672199999997
2025-10-17 22:14:16.909,107174.16,0.00019,20.3630904
2025-10-17 22:14:16.991,107174.16,0.01866,1999.8698256
2025-10-17 22:14:17.040,107174.16,0.0001,10.717416
2025-10-17 22:14:17.048,107174.16,0.00047,50.3718552
2025-10-17 22:14:17.101,107174.15,0.001,107.17415
2025-10-17 22:14:17.102,107174.15,0.012,1286.0898
2025-10-17 22:14:17.136,107174.16,0.00605,648.403668
2025-10-17 22:14:17.219,107174.16,0.00019,20.3630904
2025-10-17 22:14:17.343,107174.15,0.0001,10.717415
2025-10-17 22:14:17.425,107174.16,0.00019,20.3630904
2025-10-17 22:14:17.468,107174.16,0.00013,13.9326408
2025-10-17 22:14:17.797,107174.15,0.00073,78.2371295
2025-10-17 22:14:17.880,107174.16,0.00047,50.3718552
2025-10-17 22:14:17.937,107174.16,0.00019,20.3630904
2025-10-17 22:14:18.023,107174.15,0.00023,24.6500545
2025-10-17 22:14:18.056,107174.16,0.00334,357.9616944
2025-10-17 22:14:18.748,107174.16,0.00037,39.6544392
2025-10-17 22:14:18.781,107174.16,0.0003,32.152248
2025-10-17 22:14:18.817,107174.16,0.00416,445.8445056
2025-10-17 22:14:19.286,107174.15,0.00047,50.371850499999994
2025-10-17 22:14:20.005,107174.16,0.00472,505.86203520000004
2025-10-17 22:14:20.862,107174.16,0.00047,50.3718552
2025-10-17 22:14:20.954,107174.16,0.00279,299.0159064
2025-10-17 22:14:21.080,107174.16,0.0001,10.717416
2025-10-17 22:14:21.179,107174.16,0.00035,37.510956
2025-10-17 22:14:21.193,107174.15,8e-05,8.573932000000001
2025-10-17 22:14:21.224,107174.16,0.00011,11.789157600000001
2025-10-17 22:14:21.307,107174.15,0.012,1286.0898
2025-10-17 22:14:21.308,107174.15,0.012,1286.0898
2025-10-17 22:14:21.309,107174.15,0.00949,1017.0826834999999
2025-10-17 22:14:21.398,107174.15,0.00018,19.291347000000002
2025-10-17 22:14:21.451,107174.16,0.00047,50.3718552
2025-10-17 22:14:21.525,107174.16,0.00015,16.076124
2025-10-17 22:14:21.739,107174.15,9e-05,9.645673500000001
2025-10-17 22:14:21.756,107174.16,0.02394,2565.7493904
2025-10-17 22:14:21.764,107174.15,0.08999,9644.601758499999
2025-10-17 22:14:22.021,107174.15,0.00033,35.3674695
2025-10-17 22:14:22.278,107174.16,8e-05,8.573932800000001
2025-10-17 22:14:22.574,107174.16,0.00249,266.8636584
2025-10-17 22:14:24.021,107174.15,0.00012,12.860897999999999
2025-10-17 22:14:24.389,107174.16,0.01754,1879.8347664
2025-10-17 22:14:24.737,107174.16,0.00079,84.6675864
2025-10-17 22:14:25.232,107174.15,0.05136,5504.464344
2025-10-17 22:14:25.712,107174.15,0.012,1286.0898
2025-10-17 22:14:25.714,107174.15,0.012,1286.0898
2025-10-17 22:14:26.751,107174.16,0.00025,26.79354
2025-10-17 22:14:27.567,107174.16,0.00234,250.78753440000003
2025-10-17 22:14:27.934,107174.15,0.01074,1151.0503709999998
2025-10-17 22:14:27.936,107174.15,0.01007,1079.2436905
2025-10-17 22:14:28.178,107174.15,0.025,2679.35375
2025-10-17 22:14:28.286,107174.16,0.01709,1831.6063944000002
2025-10-17 22:14:28.424,107174.11,0.00015,16.076116499999998
2025-10-17 22:14:28.492,107174.1,0.012,1286.0892000000001
2025-10-17 22:14:28.493,107174.1,0.012,1286.0892000000001
2025-10-17 22:14:28.718,107174.11,0.00018,19.291339800000003
2025-10-17 22:14:29.538,107174.1,0.012,1286.0892000000001
2025-10-17 22:14:29.540,107174.1,0.01963,2103.8275830000002
2025-10-17 22:14:29.614,107174.1,0.012,1286.0892000000001
2025-10-17 22:14:29.615,107174.1,0.012,1286.0892000000001
2025-10-17 22:14:29.867,107174.11,0.00013,13.932634299999998
2025-10-17 22:14:30.791,107174.11,0.00078,83.5958058
2025-10-17 22:14:31.425,107174.1,0.00539,577.668399
2025-10-17 22:14:31.427,107174.1,0.00085,91.097985
2025-10-17 22:14:31.460,107174.1,0.012,1286.0892000000001
2025-10-17 22:14:31.461,107174.1,0.012,1286.0892000000001
2025-10-17 22:14:31.771,107174.11,0.00012,12.8608932
2025-10-17 22:14:31.881,107174.11,0.00138,147.90027179999998
2025-10-17 22:14:33.119,107174.11,0.00025,26.7935275
2025-10-17 22:14:33.725,107174.11,0.0061,653.762071
2025-10-17 22:14:34.056,107174.11,0.00223,238.9982653
2025-10-17 22:14:34.090,107174.11,0.00061,65.3762071
2025-10-17 22:14:34.545,107174.11,7e-05,7.5021876999999995
2025-10-17 22:14:34.719,107174.1,0.05,5358.705000000001
2025-10-17 22:14:35.355,107174.1,0.012,1286.0892000000001
2025-10-17 22:14:35.356,107174.1,0.012,1286.0892000000001
2025-10-17 22:14:35.357,107174.1,0.012,1286.0892000000001
2025-10-17 22:14:36.325,107174.11,8e-05,8.573928800000001
2025-10-17 22:14:36.858,107174.1,0.012,1286.0892000000001
2025-10-17 22:14:36.859,107174.1,0.012,1286.0892000000001
2025-10-17 22:14:36.860,107174.1,0.012,1286.0892000000001
2025-10-17 22:14:36.965,107174.1,0.012,1286.0892000000001
2025-10-17 22:14:36.967,107174.1,0.012,1286.0892000000001
2025-10-17 22:14:39.462,107174.1,0.131,14039.807100000002
2025-10-17 22:14:39.774,107174.1,0.003,321.52230000000003
2025-10-17 22:14:39.838,107174.1,0.001,107.17410000000001
2025-10-17 22:14:40.019,107174.1,0.002,214.34820000000002
2025-10-17 22:14:40.133,107174.1,0.058,6216.0978000000005
2025-10-17 22:14:40.991,107174.11,0.00018,19.291339800000003
2025-10-17 22:14:41.177,107174.1,0.02,2143.482
2025-10-17 22:14:41.584,107174.1,0.083,8895.4503
2025-10-17 22:14:41.926,107174.1,0.114,12217.8474
2025-10-17 22:14:41.927,107174.1,0.022,2357.8302
2025-10-17 22:14:41.933,107174.1,0.03,3215.223
2025-10-17 22:14:42.168,107174.1,0.016,1714.7856000000002
2025-10-17 22:14:42.171,107174.1,0.012,1286.0892000000001
2025-10-17 22:14:42.172,107174.1,0.012,1286.0892000000001
2025-10-17 22:14:42.173,107174.1,0.012,1286.0892000000001
2025-10-17 22:14:42.185,107174.1,0.0123,1318.24143
2025-10-17 22:14:42.215,107174.1,0.00275,294.728775
2025-10-17 22:14:42.216,107174.08,0.0003,32.152224
2025-10-17 22:14:42.315,107173.98,0.0001,10.717398
2025-10-17 22:14:44.143,107173.97,0.00036,38.5826292
2025-10-17 22:14:44.486,107173.98,0.00046,49.3000308
2025-10-17 22:14:45.029,107173.98,0.00037,39.654372599999995
2025-10-17 22:14:45.408,107173.98,0.00089,95.3848422
2025-10-17 22:14:45.546,107173.97,0.00047,50.3717659
2025-10-17 22:14:45.601,107173.97,0.00656,703.0612432
2025-10-17 22:14:46.014,107173.95,0.00011,11.7891345
2025-10-17 22:14:46.578,107173.95,7e-05,7.502176499999999
2025-10-17 22:14:46.741,107173.96,0.01901,2037.3769796000001
2025-10-17 22:14:46.766,107173.96,0.00069,73.9500324
2025-10-17 22:14:47.024,107173.95,0.00011,11.7891345
2025-10-17 22:14:47.064,107173.96,0.00015,16.076094
2025-10-17 22:14:47.376,107173.95,0.06,6430.437
2025-10-17 22:14:47.380,107173.95,0.001,107.17395
2025-10-17 22:14:47.852,107173.95,0.00049,52.515235499999996
2025-10-17 22:14:48.325,107173.96,0.00037,39.6543652
2025-10-17 22:14:48.574,107173.96,0.02021,2165.9857316
2025-10-17 22:14:48.575,107173.95,0.00259,277.58053049999995
2025-10-17 22:14:48.840,107173.94,0.00745,798.445853
2025-10-17 22:14:49.211,107173.95,0.00037,39.6543615
2025-10-17 22:14:49.217,107173.95,0.00026,27.865226999999997
2025-10-17 22:14:49.826,107171.75,0.06366,6822.553604999999
2025-10-17 22:14:50.613,107171.75,0.00022,23.577785000000002
2025-10-17 22:14:50.824,107171.76,0.00264,282.9334464
2025-10-17 22:14:50.891,107171.76,0.00263,281.8617288
2025-10-17 22:14:51.559,107171.75,0.00047,50.3707225
2025-10-17 22:14:51.629,107171.75,0.002,214.3435
2025-10-17 22:14:52.224,107171.76,0.00027,28.9363752
2025-10-17 22:14:52.228,107171.76,0.00068,72.87679680000001
2025-10-17 22:14:52.320,107171.76,0.00049,52.5141624
2025-10-17 22:14:52.595,107171.75,5e-05,5.3585875000000005
2025-10-17 22:14:53.383,107171.76,0.00106,113.60206559999999
2025-10-17 22:14:54.865,107171.75,0.00039,41.7969825
2025-10-17 22:14:55.140,107171.76,0.00053,56.801032799999994
2025-10-17 22:14:55.401,107171.76,0.00748,801.6447648
2025-10-17 22:14:55.762,107171.76,0.02799,2999.7375624
2025-10-17 22:14:56.080,107171.75,0.00151,161.8293425
2025-10-17 22:14:56.770,107171.75,0.00762,816.648735
2025-10-17 22:14:56.888,107171.76,0.0002,21.434352
2025-10-17 22:14:57.557,107171.75,0.05356,5740.118930000001
2025-10-17 22:14:57.675,107171.76,9e-05,9.6454584
2025-10-17 22:14:57.746,107171.76,0.00047,50.3707272
2025-10-17 22:14:57.807,107171.75,0.00012,12.860610000000001
2025-10-17 22:14:58.036,107171.75,0.00022,23.577785000000002
2025-10-17 22:14:58.469,107171.76,0.00101,108.2434776
2025-10-17 22:14:59.144,107171.76,0.00187,200.4111912
2025-10-17 22:14:59.162,107171.75,0.00041,43.9404175
2025-10-17 22:14:59.340,107171.75,0.00065,69.6616375
2025-10-17 22:14:59.715,107171.76,0.0006,64.303056
2025-10-17 22:15:00.468,107171.76,5e-05,5.358588
2025-10-17 22:15:00.522,107171.75,0.0781,8370.113675
2025-10-17 22:15:00.880,107171.75,0.0005,53.585875
2025-10-17 22:15:00.952,107171.75,0.012,1286.061
2025-10-17 22:15:00.956,107171.75,0.012,1286.061
2025-10-17 22:15:00.967,107171.75,0.00134,143.61014500000002
2025-10-17 22:15:00.995,107171.75,0.00117,125.39094750000001
2025-10-17 22:15:01.071,107171.75,0.00318,340.806165
2025-10-17 22:15:01.073,107170.88,0.0001,10.717088
2025-10-17 22:15:01.080,107170.84,0.001,107.17084
2025-10-17 22:15:01.111,107170.37,0.00153,163.9706661
2025-10-17 22:15:01.146,107167.72,0.00196,210.0487312
2025-10-17 22:15:01.147,107167.67,0.0057,610.855719
2025-10-17 22:15:01.153,107166.0,0.01294,1386.72804
2025-10-17 22:15:01.154,107166.0,0.08162,8746.88892
2025-10-17 22:15:01.158,107163.42,0.0011,117.879762
2025-10-17 22:15:01.192,107163.43,0.00047,50.3668121
2025-10-17 22:15:01.358,107163.42,0.0003,32.149026
2025-10-17 22:15:01.551,107163.43,0.00517,554.0349331
2025-10-17 22:15:01.649,107163.42,0.04,4286.5368
2025-10-17 22:15:01.790,107163.43,1.31541,140963.8474563
2025-10-17 22:15:02.151,107163.43,0.00075,80.37257249999999
2025-10-17 22:15:02.368,107163.43,0.00021,22.5043203
2025-10-17 22:15:05.042,107163.42,0.00535,573.324297
2025-10-17 22:15:05.186,107163.42,0.005,535.8171
2025-10-17 22:15:05.188,107163.42,0.01,1071.6342
2025-10-17 22:15:05.636,107163.42,0.00962,1030.9121004
2025-10-17 22:15:05.971,107163.43,4e-05,4.2865372
2025-10-17 22:15:06.185,107163.43,0.01865,1998.5979694999999
2025-10-17 22:15:06.302,107163.42,0.00025,26.790855
2025-10-17 22:15:06.305,107163.42,0.06872,7364.2702224
2025-10-17 22:15:06.306,107161.34,0.20252,21702.3145768
2025-10-17 22:15:06.307,107161.34,0.03251,3483.8151633999996
2025-10-17 22:15:06.308,107160.72,0.00015,16.074108
2025-10-17 22:15:06.312,107160.22,0.003,321.48066
2025-10-17 22:15:06.316,107160.0,5e-05,5.3580000000000005
2025-10-17 22:15:06.347,107151.63,0.00277,296.8100151
2025-10-17 22:15:06.350,107145.53,0.0005,53.572765000000004
2025-10-17 22:15:06.405,107151.63,0.00231,247.5202653
2025-10-17 22:15:06.410,107151.62,1e-05,1.0715162
2025-10-17 22:15:06.413,107146.0,0.0007,75.0022
2025-10-17 22:15:06.419,107142.49,0.012,1285.70988
2025-10-17 22:15:06.427,107142.49,0.012,1285.70988
2025-10-17 22:15:06.449,107142.49,0.00055,58.92836950000001
2025-10-17 22:15:06.455,107142.5,0.003,321.4275
2025-10-17 22:15:06.759,107142.5,0.101,10821.3925
2025-10-17 22:15:06.817,107142.5,0.101,10821.3925
2025-10-17 22:15:07.241,107142.5,0.101,10821.3925
2025-10-17 22:15:07.253,107142.5,0.101,10821.3925
2025-10-17 22:15:07.254,107142.5,0.101,10821.3925
2025-10-17 22:15:07.256,107142.5,0.101,10821.3925
2025-10-17 22:15:07.269,107142.5,0.101,10821.3925
2025-10-17 22:15:07.299,107142.5,0.101,10821.3925
2025-10-17 22:15:07.309,107142.5,0.101,10821.3925
2025-10-17 22:15:07.337,107142.5,0.101,10821.3925
2025-10-17 22:15:07.340,107142.5,0.101,10821.3925
2025-10-17 22:15:07.361,107142.5,0.101,10821.3925
2025-10-17 22:15:07.369,107142.5,0.0229,2453.56325
2025-10-17 22:15:07.485,107142.5,0.00047,50.356975
2025-10-17 22:15:08.312,107142.5,0.00093,99.642525
2025-10-17 22:15:08.349,107142.49,0.00024,25.714197600000002
2025-10-17 22:15:08.351,107142.49,0.17675,18937.4351075
2025-10-17 22:15:08.690,107142.5,0.00083,88.928275
2025-10-17 22:15:09.192,107142.49,0.01,1071.4249
2025-10-17 22:15:09.994,107142.5,0.0103,1103.56775
2025-10-17 22:15:10.011,107142.5,0.00114,122.14245
2025-10-17 22:15:10.040,107133.72,0.00016,17.1413952
2025-10-17 22:15:10.045,107129.06,0.0084,899.884104
2025-10-17 22:15:10.046,107129.06,0.00932,998.4428392
2025-10-17 22:15:10.047,107129.07,0.03472,3719.5213104000004
2025-10-17 22:15:10.054,107129.06,0.00934,1000.5854203999999
2025-10-17 22:15:10.056,107129.06,0.012,1285.54872
2025-10-17 22:15:10.059,107129.06,0.012,1285.54872
2025-10-17 22:15:10.137,107129.07,0.00014,14.9980698
2025-10-17 22:15:10.252,107129.06,0.0022,235.683932
2025-10-17 22:15:10.355,107129.07,0.00014,14.9980698
2025-10-17 22:15:10.366,107129.07,0.101,10820.036070000002
2025-10-17 22:15:10.367,107129.07,0.101,10820.036070000002
2025-10-17 22:15:10.373,107129.07,0.00014,14.9980698
2025-10-17 22:15:10.388,107129.07,0.009,964.16163
2025-10-17 22:15:10.394,107129.07,0.07753,8305.7167971
2025-10-17 22:15:10.415,107129.08,0.00129,138.1965132
2025-10-17 22:15:10.416,107129.09,0.05335,5715.3369515
2025-10-17 22:15:10.453,107135.78,0.06274,6721.6988372000005
2025-10-17 22:15:10.454,107135.79,0.0001,10.713579
2025-10-17 22:15:10.479,107136.77,0.0008,85.709416
2025-10-17 22:15:10.592,107136.77,0.00035,37.4978695
2025-10-17 22:15:10.601,107136.78,0.00311,333.1953858
2025-10-17 22:15:10.619,107142.5,0.00133,142.499525
2025-10-17 22:15:10.672,107142.69,0.00432,462.8564208
2025-10-17 22:15:10.673,107142.69,0.00596,638.5704324000001
2025-10-17 22:15:10.678,107142.69,0.01361,1458.2120109
2025-10-17 22:15:10.690,107142.69,0.00933,999.6412977
2025-10-17 22:15:10.744,107142.69,0.02068,2215.7108292000003
2025-10-17 22:15:10.783,107145.54,0.00566,606.4437564
2025-10-17 22:15:10.797,107145.55,0.0024,257.14932
2025-10-17 22:15:10.810,107145.56,0.0024,257.149344
2025-10-17 22:15:10.891,107146.1,0.00155,166.076455
2025-10-17 22:15:10.976,107146.11,0.101,10821.75711
2025-10-17 22:15:11.017,107146.11,0.09095,9744.9387045
2025-10-17 22:15:11.037,107146.12,0.101,10821.75812
2025-10-17 22:15:11.055,107146.12,0.101,10821.75812
2025-10-17 22:15:11.088,107146.12,0.101,10821.75812
2025-10-17 22:15:11.099,107146.12,0.101,10821.75812
2025-10-17 22:15:11.110,107146.12,0.101,10821.75812
2025-10-17 22:15:11.114,107146.12,0.00108,115.7178096
2025-10-17 22:15:11.157,107146.28,0.0013,139.290164
2025-10-17 22:15:11.169,107146.29,0.101,10821.77529
2025-10-17 22:15:11.170,107146.29,0.101,10821.77529
2025-10-17 22:15:11.188,107146.29,0.00069,73.93094009999999
2025-10-17 22:15:11.215,107146.3,0.0023,246.43649
2025-10-17 22:15:11.230,107146.31,0.0022,235.72188200000002
2025-10-17 22:15:11.243,107146.32,0.00225,241.07922
2025-10-17 22:15:11.256,107146.39,0.00933,999.6758186999999
2025-10-17 22:15:11.279,107146.39,0.03197,3425.4700882999996
2025-10-17 22:15:11.289,107146.4,0.00225,241.07939999999996
2025-10-17 22:15:11.291,107146.41,0.001,107.14641
2025-10-17 22:15:11.301,107146.78,0.00283,303.2253874
2025-10-17 22:15:11.302,107146.78,0.00155,166.077509
2025-10-17 22:15:11.303,107146.78,0.0004,42.858712000000004
2025-10-17 22:15:11.315,107146.78,0.00145,155.362831
2025-10-17 22:15:11.320,107151.1,0.02,2143.022
2025-10-17 22:15:11.331,107151.1,0.00145,155.369095
2025-10-17 22:15:11.364,107151.31,0.0024,257.163144
2025-10-17 22:15:11.373,107151.68,0.0019,203.588192
2025-10-17 22:15:11.386,107151.68,0.0022,235.733696
2025-10-17 22:15:11.492,107152.8,0.24307,26045.631096
2025-10-17 22:15:11.519,107152.8,0.101,10822.4328
2025-10-17 22:15:11.524,107152.8,0.09218,9877.345104
2025-10-17 22:15:11.530,107153.23,0.0001,10.715323
2025-10-17 22:15:11.532,107153.59,5e-05,5.3576795
2025-10-17 22:15:11.540,107154.27,0.0014,150.01597800000002
2025-10-17 22:15:11.558,107157.5,0.00015,16.073625
2025-10-17 22:15:11.578,107157.52,0.0021,225.030792
2025-10-17 22:15:11.598,107157.53,0.00195,208.95718349999999
2025-10-17 22:15:11.599,107157.54,0.00125,133.946925
2025-10-17 22:15:11.621,107160.71,0.00168,180.02999280000003
2025-10-17 22:15:11.628,107160.72,0.101,10823.23272
2025-10-17 22:15:11.645,107160.72,0.0005,53.58036
2025-10-17 22:15:11.657,107160.73,0.101,10823.23373
2025-10-17 22:15:11.693,107160.73,0.101,10823.23373
2025-10-17 22:15:11.694,107160.73,0.101,10823.23373
2025-10-17 22:15:11.701,107160.73,0.101,10823.23373
2025-10-17 22:15:11.758,107160.73,0.101,10823.23373
2025-10-17 22:15:11.839,107160.73,0.101,10823.23373
2025-10-17 22:15:11.934,107160.73,0.101,10823.23373
2025-10-17 22:15:12.023,107160.73,0.00476,510.08507480000003
2025-10-17 22:15:12.044,107160.73,0.101,10823.23373
2025-10-17 22:15:12.059,107160.73,0.101,10823.23373
2025-10-17 22:15:12.133,107160.73,0.101,10823.23373
2025-10-17 22:15:12.160,107160.72,0.00033,35.3630376
2025-10-17 22:15:12.162,107160.73,0.101,10823.23373
2025-10-17 22:15:12.199,107160.73,0.00429,459.7195317
2025-10-17 22:15:12.220,107160.74,0.101,10823.234740000002
2025-10-17 22:15:12.271,107160.74,0.101,10823.234740000002
2025-10-17 22:15:12.310,107160.74,0.00344,368.6329456
2025-10-17 22:15:12.390,107160.73,0.00043,46.079113899999996
2025-10-17 22:15:12.965,107160.74,0.00137,146.81021379999999
2025-10-17 22:15:13.036,107160.74,0.00032,34.29143680000001
2025-10-17 22:15:13.045,107160.74,0.0019,203.60540600000002
2025-10-17 22:15:13.197,107160.74,0.005,535.8037
2025-10-17 22:15:13.198,107160.74,0.01,1071.6074
2025-10-17 22:15:13.394,107160.75,0.00617,661.1818275
2025-10-17 22:15:13.834,107160.74,0.00048,51.43715520000001
2025-10-17 22:15:13.860,107160.75,0.00047,50.3655525
2025-10-17 22:15:14.412,107160.74,0.09322,9989.5241828
2025-10-17 22:15:14.482,107160.75,0.00044,47.15073
2025-10-17 22:15:14.575,107160.75,0.00012,12.85929
2025-10-17 22:15:15.058,107160.75,0.00012,12.85929
2025-10-17 22:15:15.366,107160.75,0.00012,12.85929
2025-10-17 22:15:16.356,107160.74,0.00287,307.55132380000003
2025-10-17 22:15:16.370,107160.75,0.00043,46.0791225
2025-10-17 22:15:16.707,107160.74,0.00039,41.7926886
2025-10-17 22:15:16.761,107160.75,0.00032,34.29144
2025-10-17 22:15:16.992,107160.74,0.29848,31985.337675200004
2025-10-17 22:15:17.248,107160.74,0.03449,3695.9739226
2025-10-17 22:15:17.672,107160.75,0.00093,99.6594975
2025-10-17 22:15:18.071,107160.74,0.01076,1153.0495624
2025-10-17 22:15:18.807,107160.75,6e-05,6.429645
2025-10-17 22:15:19.449,107160.75,6e-05,6.429645
2025-10-17 22:15:19.487,107160.75,0.0003,32.148225
2025-10-17 22:15:19.586,107160.75,0.00015,16.0741125
2025-10-17 22:15:19.589,107160.75,5e-05,5.3580375
2025-10-17 22:15:19.887,107160.75,0.00012,12.85929
2025-10-17 22:15:20.223,107160.75,0.0003,32.148225
2025-10-17 22:15:20.372,107160.75,0.00012,12.85929
2025-10-17 22:15:20.643,107160.75,0.00018,19.288935000000002
2025-10-17 22:15:20.790,107160.74,0.01866,1999.6194084
2025-10-17 22:15:20.867,107160.75,0.00012,12.85929
2025-10-17 22:15:21.081,107160.75,0.00151,161.8127325
2025-10-17 22:15:21.585,107160.74,9e-05,9.644466600000001
2025-10-17 22:15:21.773,107160.75,0.00032,34.29144
2025-10-17 22:15:21.982,107160.75,0.00086,92.158245
2025-10-17 22:15:22.087,107160.74,0.00039,41.7926886
2025-10-17 22:15:23.092,107160.75,0.00031,33.2198325
2025-10-17 22:15:23.218,107160.74,0.00269,288.2623906
2025-10-17 22:15:24.224,107160.75,9e-05,9.644467500000001
2025-10-17 22:15:24.383,107160.75,0.00056,60.01002
2025-10-17 22:15:24.413,107160.75,0.0038,407.21085
2025-10-17 22:15:25.005,107160.75,0.00481,515.4432075
2025-10-17 22:15:25.164,107160.75,0.0012,128.5929
2025-10-17 22:15:25.238,107160.75,0.00385,412.5688875
2025-10-17 22:15:25.276,107160.75,0.00012,12.85929
2025-10-17 22:15:25.282,107160.75,0.00057,61.081627499999996
2025-10-17 22:15:25.719,107160.75,0.00012,12.85929
2025-10-17 22:15:25.730,107160.75,0.09801,10502.8251075
2025-10-17 22:15:25.732,107160.89,0.0003,32.148267
2025-10-17 22:15:25.746,107161.49,0.00125,133.9518625
2025-10-17 22:15:25.751,107164.1,0.00168,180.03568800000002
2025-10-17 22:15:25.754,107164.1,0.00933,999.841053
2025-10-17 22:15:25.870,107164.09,0.00011,11.7880499
2025-10-17 22:15:25.925,107164.09,0.00011,11.7880499
2025-10-17 22:15:27.149,107164.1,0.00146,156.459586
2025-10-17 22:15:27.150,107164.1,0.00146,156.459586
2025-10-17 22:15:27.151,107164.1,0.0171,1832.5061100000003
2025-10-17 22:15:27.152,107164.1,0.00471,504.742911
2025-10-17 22:15:27.153,107164.1,0.00557,596.904037
2025-10-17 22:15:27.156,107164.1,0.01592,1706.052472
2025-10-17 22:15:27.157,107164.1,0.00714,765.151674
2025-10-17 22:15:27.160,107164.1,0.01191,1276.324431
2025-10-17 22:15:27.161,107164.1,0.01191,1276.324431
2025-10-17 22:15:27.165,107164.1,0.02797,2997.379877
2025-10-17 22:15:27.166,107164.1,0.02797,2997.379877
2025-10-17 22:15:27.169,107164.1,0.00305,326.85050500000006
2025-10-17 22:15:27.171,107164.1,0.00081,86.802921
2025-10-17 22:15:27.172,107164.1,0.00361,386.86240100000003
2025-10-17 22:15:27.175,107164.1,0.02547,2729.469627
2025-10-17 22:15:27.176,107164.1,0.00929,995.554489
2025-10-17 22:15:27.178,107164.1,0.00583,624.766703
2025-10-17 22:15:27.179,107164.1,0.00583,624.766703
2025-10-17 22:15:27.187,107164.1,0.00929,995.554489
2025-10-17 22:15:27.191,107164.1,0.00012,12.859692
2025-10-17 22:15:27.245,107164.1,0.00929,995.554489
2025-10-17 22:15:27.256,107164.1,0.00573,614.050293
2025-10-17 22:15:27.406,107164.09,0.00038,40.7223542
2025-10-17 22:15:27.432,107164.09,0.0001,10.716409
2025-10-17 22:15:27.776,107164.1,0.00044,47.152204000000005
2025-10-17 22:15:27.854,107164.09,0.00047,50.3671223
2025-10-17 22:15:27.893,107164.1,0.00047,50.367127
2025-10-17 22:15:28.200,107164.09,0.00502,537.9637318
2025-10-17 22:15:28.421,107164.09,0.00011,11.7880499
2025-10-17 22:15:29.654,107164.1,0.00061,65.370101
2025-10-17 22:15:30.179,107164.1,0.00022,23.576102000000002
2025-10-17 22:15:30.181,107164.1,0.00028,30.005948
2025-10-17 22:15:30.417,107164.1,0.00018,19.289538000000004
2025-10-17 22:15:31.233,107164.09,0.00343,367.5728287
2025-10-17 22:15:31.299,107164.09,0.00047,50.3671223
2025-10-17 22:15:32.576,107164.09,0.00042,45.0089178
2025-10-17 22:15:32.711,107164.1,0.00929,995.554489
2025-10-17 22:15:32.722,107164.1,0.00929,995.554489
2025-10-17 22:15:32.728,107164.1,0.00547,586.187627
2025-10-17 22:15:32.738,107164.1,0.00929,995.554489
2025-10-17 22:15:32.744,107164.1,0.00228,244.334148
2025-10-17 22:15:32.750,107164.1,0.00682,730.859162
2025-10-17 22:15:32.756,107164.1,0.00324,347.211684
2025-10-17 22:15:32.815,107164.1,0.00136,145.743176
2025-10-17 22:15:33.484,107164.11,0.00086,92.1611346
2025-10-17 22:15:33.490,107164.1,5e-05,5.358205000000001
2025-10-17 22:15:33.899,107164.11,0.00046,49.2954906
2025-10-17 22:15:34.022,107164.1,0.00644,690.1368040000001
2025-10-17 22:15:34.040,107164.11,0.00487,521.8892157
2025-10-17 22:15:34.883,107164.11,0.00088,94.3044168
2025-10-17 22:15:35.823,107164.11,0.00933,999.8411463
2025-10-17 22:15:36.023,107164.11,0.00047,50.3671317
2025-10-17 22:15:36.906,107165.41,5e-05,5.358270500000001
2025-10-17 22:15:36.908,107166.07,5e-05,5.358303500000001
2025-10-17 22:15:36.920,107168.87,0.00035,37.5091045
2025-10-17 22:15:36.941,107168.87,0.00124,132.88939879999998
2025-10-17 22:15:36.954,107168.87,0.00054,57.871189799999996
2025-10-17 22:15:36.971,107168.87,0.00109,116.8140683
2025-10-17 22:15:36.976,107168.87,0.00114,122.1725118
2025-10-17 22:15:36.983,107168.87,0.00365,391.16637549999996
2025-10-17 22:15:36.990,107168.87,0.00929,995.5988022999999
2025-10-17 22:15:36.997,107168.87,0.00035,37.5091045
2025-10-17 22:15:37.003,107169.1,0.0042,450.11021999999997
2025-10-17 22:15:37.009,107169.1,0.00929,995.600939
2025-10-17 22:15:37.046,107169.1,0.00929,995.600939
2025-10-17 22:15:37.053,107169.1,0.00929,995.600939
2025-10-17 22:15:37.059,107169.1,0.00929,995.600939
2025-10-17 22:15:37.066,107169.1,0.00209,223.983419
2025-10-17 22:15:37.125,107169.1,0.00059,63.229769000000005
2025-10-17 22:15:37.137,107171.45,0.005,535.85725
2025-10-17 22:15:37.253,107171.45,0.00108,115.745166
2025-10-17 22:15:37.302,107171.45,0.26117,27989.967596500002
2025-10-17 22:15:37.346,107171.45,0.09399,10073.0445855
2025-10-17 22:15:37.348,107172.35,5e-05,5.3586175
2025-10-17 22:15:37.369,107173.97,0.00933,999.9331401
2025-10-17 22:15:37.376,107173.97,0.07413,7944.8063961
2025-10-17 22:15:37.378,107173.97,0.11286,12095.6542542
2025-10-17 22:15:37.380,107173.97,0.05445,5835.6226664999995
2025-10-17 22:15:37.389,107174.1,0.0045,482.28345
2025-10-17 22:15:37.396,107174.1,0.00222,237.92650200000003
2025-10-17 22:15:37.403,107174.11,0.00439,470.4943429
2025-10-17 22:15:37.405,107174.12,0.0008,85.739296
2025-10-17 22:15:37.406,107174.24,0.003,321.52272000000005
2025-10-17 22:15:37.410,107180.0,0.00321,344.0478
2025-10-17 22:15:37.477,107180.0,0.01493,1600.1974
2025-10-17 22:15:37.595,107179.99,0.00047,50.3745953
2025-10-17 22:15:37.951,107179.99,0.00605,648.4389395000001
2025-10-17 22:15:37.969,107180.0,0.00106,113.6108
2025-10-17 22:15:38.452,107180.0,0.00081,86.8158
2025-10-17 22:15:38.456,107180.0,0.00328,351.55039999999997
2025-10-17 22:15:38.457,107180.0,0.00929,995.7022
2025-10-17 22:15:38.470,107180.0,0.00419,449.0842
2025-10-17 22:15:38.477,107180.0,0.00512,548.7616
2025-10-17 22:15:38.491,107180.0,0.00929,995.7022
2025-10-17 22:15:38.504,107180.0,0.00841,901.3838000000001
2025-10-17 22:15:38.517,107180.0,0.00929,995.7022
2025-10-17 22:15:38.523,107180.0,0.00496,531.6128
2025-10-17 22:15:38.535,107180.0,0.00908,973.1944
2025-10-17 22:15:38.548,107180.0,0.00929,995.7022
2025-10-17 22:15:38.555,107180.0,0.00929,995.7022
2025-10-17 22:15:38.562,107180.0,0.00929,995.7022
2025-10-17 22:15:38.580,107180.0,0.00929,995.7022
2025-10-17 22:15:38.588,107180.0,0.00187,200.42659999999998
2025-10-17 22:15:38.595,107182.0,0.00105,112.5411
2025-10-17 22:15:38.603,107182.0,0.00394,422.29708
2025-10-17 22:15:38.640,107182.0,0.00929,995.72078
2025-10-17 22:15:38.647,107182.0,0.00929,995.72078
2025-10-17 22:15:38.653,107182.0,0.00366,392.28612
2025-10-17 22:15:38.717,107182.0,0.0027,289.39140000000003
2025-10-17 22:15:38.723,107182.0,0.00929,995.72078
2025-10-17 22:15:38.728,107182.0,0.00929,995.72078
2025-10-17 22:15:38.734,107182.0,0.00929,995.72078
2025-10-17 22:15:38.741,107182.0,0.00929,995.72078
2025-10-17 22:15:38.961,107182.0,0.00323,346.19786
2025-10-17 22:15:38.968,107182.0,0.00437,468.38534
2025-10-17 22:15:38.990,107182.0,0.00431,461.95441999999997
2025-10-17 22:15:38.997,107182.0,0.00914,979.6434800000001
2025-10-17 22:15:39.002,107182.0,0.00431,461.95441999999997
2025-10-17 22:15:39.313,107181.99,0.00093,99.67925070000001
2025-10-17 22:15:39.655,107182.0,0.00496,531.62272
2025-10-17 22:15:39.662,107182.0,0.00418,448.02075999999994
2025-10-17 22:15:39.668,107182.0,0.00929,995.72078
2025-10-17 22:15:39.674,107182.0,0.00929,995.72078
2025-10-17 22:15:39.890,107181.99,0.00022,23.580037800000003
2025-10-17 22:15:40.021,107181.99,0.0002,21.436398
2025-10-17 22:15:40.332,107182.0,0.00094,100.75108
2025-10-17 22:15:41.024,107182.0,0.00459,491.96538000000004
2025-10-17 22:15:41.030,107182.0,0.00929,995.72078
2025-10-17 22:15:41.130,107182.0,0.00011,11.79002
2025-10-17 22:15:41.377,107181.99,0.0093,996.792507
2025-10-17 22:15:41.504,107182.0,0.00874,936.77068
2025-10-17 22:15:41.511,107182.0,0.00929,995.72078
2025-10-17 22:15:41.605,107182.0,0.00929,995.72078
2025-10-17 22:15:41.618,107182.0,0.00929,995.72078
2025-10-17 22:15:41.624,107182.0,0.00929,995.72078
2025-10-17 22:15:41.643,107182.0,0.00011,11.79002
2025-10-17 22:15:41.672,107182.0,0.00929,995.72078
2025-10-17 22:15:41.678,107182.0,0.00929,995.72078
2025-10-17 22:15:41.685,107182.0,0.00537,575.56734
2025-10-17 22:15:41.741,107182.0,0.0001,10.718200000000001
2025-10-17 22:15:42.154,107182.0,0.00011,11.79002
2025-10-17 22:15:42.315,107182.0,0.00047,50.37554
2025-10-17 22:15:42.345,107182.0,0.00929,995.72078
2025-10-17 22:15:42.356,107182.0,0.00929,995.72078
2025-10-17 22:15:42.363,107182.0,0.00929,995.72078
2025-10-17 22:15:42.368,107182.0,0.00929,995.72078
2025-10-17 22:15:42.374,107182.0,0.00929,995.72078
2025-10-17 22:15:43.791,107181.99,0.00036,38.5855164
2025-10-17 22:15:46.662,107182.0,0.00011,11.79002
2025-10-17 22:15:46.920,107182.0,0.00011,11.79002
2025-10-17 22:15:47.094,107182.0,0.00284,304.39688
2025-10-17 22:15:47.141,107182.0,0.00884,947.4888800000001
2025-10-17 22:15:47.397,107182.0,0.00011,11.79002
2025-10-17 22:15:48.513,107182.0,0.00018,19.29276
2025-10-17 22:15:48.915,107182.0,0.00466,499.46812
2025-10-17 22:15:49.001,107182.0,0.01829,1960.35878
2025-10-17 22:15:49.118,107181.99,0.00036,38.5855164
2025-10-17 22:15:49.444,107181.99,0.00061,65.3810139
2025-10-17 22:15:49.517,107182.0,0.07638,8186.56116
2025-10-17 22:15:49.597,107181.99,0.00502,538.0535898
2025-10-17 22:15:49.598,107181.99,0.00502,538.0535898
2025-10-17 22:15:49.605,107182.0,0.0012,128.61839999999998
2025-10-17 22:15:50.024,107181.99,0.00014,15.0054786
2025-10-17 22:15:50.355,107181.99,0.012,1286.18388
2025-10-17 22:15:50.356,107181.99,0.012,1286.18388
2025-10-17 22:15:50.357,107181.99,0.10729,11499.5557071
2025-10-17 22:15:50.497,107181.99,0.009,964.6379099999999
2025-10-17 22:15:50.498,107181.99,0.012,1286.18388
2025-10-17 22:15:50.500,107181.99,0.012,1286.18388
2025-10-17 22:15:50.744,107181.99,0.001,107.18199000000001
2025-10-17 22:15:51.370,107182.0,0.00098,105.03836
2025-10-17 22:15:51.422,107181.99,0.005,535.90995
2025-10-17 22:15:51.577,107181.99,0.0001,10.718199
2025-10-17 22:15:51.823,107182.0,0.00021,22.50822
2025-10-17 22:15:51.864,107182.0,0.00011,11.79002
2025-10-17 22:15:52.065,107181.99,0.15137,16224.1378263
2025-10-17 22:15:52.243,107182.0,0.00061,65.38101999999999
2025-10-17 22:15:52.346,107182.0,0.00011,11.79002
2025-10-17 22:15:52.583,107181.99,7e-05,7.5027393
2025-10-17 22:15:52.641,107182.0,5e-05,5.359100000000001
2025-10-17 22:15:52.837,107181.99,0.003,321.54597
2025-10-17 22:15:52.871,107182.0,0.00065,69.6683
2025-10-17 22:15:53.006,107181.99,0.015,1607.72985
2025-10-17 22:15:53.008,107181.99,0.14211,15231.6325989
2025-10-17 22:15:53.090,107181.99,0.00018,19.2927582
2025-10-17 22:15:53.112,107181.99,0.015,1607.72985
2025-10-17 22:15:53.431,107181.99,0.00024,25.723677600000002
2025-10-17 22:15:53.782,107181.99,0.0007,75.027393
2025-10-17 22:15:53.883,107181.99,0.0004,42.872796
2025-10-17 22:15:53.917,107182.0,0.01338,1434.0951599999999
2025-10-17 22:15:54.032,107182.0,0.00187,200.43034
2025-10-17 22:15:54.398,107181.99,0.012,1286.18388
2025-10-17 22:15:54.556,107182.0,0.00011,11.79002
2025-10-17 22:15:54.600,107182.0,0.00052,55.73463999999999
2025-10-17 22:15:55.057,107181.99,0.008,857.4559200000001
2025-10-17 22:15:55.111,107181.99,0.001,107.18199000000001
2025-10-17 22:15:55.113,107181.99,0.00766,821.0140434000001
2025-10-17 22:15:55.115,107182.0,0.00491,526.2636200000001
2025-10-17 22:15:55.996,107181.99,0.018,1929.2758199999998
2025-10-17 22:15:56.100,107181.99,0.00033,35.3700567
2025-10-17 22:15:56.153,107182.0,0.00165,176.8503
2025-10-17 22:15:56.275,107182.0,0.00948,1016.08536
2025-10-17 22:15:56.843,107182.0,0.00467,500.53993999999994
2025-10-17 22:15:57.001,107182.0,0.00011,11.79002
2025-10-17 22:15:57.021,107182.0,0.00034,36.441880000000005
2025-10-17 22:15:57.210,107181.99,0.001,107.18199000000001
2025-10-17 22:15:57.347,107182.0,0.00011,11.79002
2025-10-17 22:15:57.453,107182.0,0.00275,294.7505
2025-10-17 22:15:57.821,107182.0,0.00011,11.79002
2025-10-17 22:15:58.001,107181.99,0.00047,50.3755353
2025-10-17 22:15:58.153,107182.0,0.00093,99.67926
2025-10-17 22:15:58.255,107181.99,0.00155,166.1320845
2025-10-17 22:15:58.615,107181.99,0.00935,1002.1516065000001
2025-10-17 22:15:58.767,107181.99,7e-05,7.5027393
2025-10-17 22:15:58.808,107181.99,0.00036,38.5855164
2025-10-17 22:15:58.862,107181.99,0.00061,65.3810139
2025-10-17 22:15:59.017,107181.99,0.00016,17.149118400000003
2025-10-17 22:15:59.124,107182.0,0.00054,57.878280000000004
2025-10-17 22:15:59.238,107182.0,0.00086,92.17652
2025-10-17 22:15:59.505,107181.99,0.02,2143.6398
2025-10-17 22:15:59.702,107181.99,0.01865,1998.9441135000002
2025-10-17 22:16:00.318,107181.99,0.00367,393.35790330000003
2025-10-17 22:16:00.407,107181.99,0.00305,326.9050695
2025-10-17 22:16:00.680,107182.0,0.00047,50.37554
2025-10-17 22:16:01.278,107181.99,0.00019,20.364578100000003
2025-10-17 22:16:01.443,107182.0,0.0004,42.872800000000005
2025-10-17 22:16:02.068,107181.99,0.00932,998.9361468000001
2025-10-17 22:16:02.281,107181.99,0.00259,277.6013541
2025-10-17 22:16:02.283,107182.0,0.00011,11.79002
2025-10-17 22:16:02.465,107182.0,0.00011,11.79002
2025-10-17 22:16:02.715,107182.0,0.00011,11.79002
2025-10-17 22:16:03.143,107182.0,0.00016,17.14912
2025-10-17 22:16:03.200,107182.0,0.00011,11.79002
2025-10-17 22:16:03.257,107181.99,0.00092,98.6074308
2025-10-17 22:16:03.259,107181.99,0.0002,21.436398
2025-10-17 22:16:03.324,107181.99,0.00088,94.32015120000001
2025-10-17 22:16:03.325,107181.99,0.00177,189.71212230000003
2025-10-17 22:16:03.604,107181.99,5e-05,5.3590995
2025-10-17 22:16:03.938,107182.0,0.0001,10.718200000000001
2025-10-17 22:16:04.176,107181.99,0.00526,563.7772674
2025-10-17 22:16:04.239,107182.0,0.00623,667.74386
2025-10-17 22:16:04.717,107181.99,0.00093,99.67925070000001
2025-10-17 22:16:05.108,107181.99,0.131,14040.84069
2025-10-17 22:16:05.179,107181.99,0.00036,38.5855164
2025-10-17 22:16:05.795,107181.99,0.00022,23.580037800000003
2025-10-17 22:16:06.130,107181.99,0.00047,50.3755353
2025-10-17 22:16:06.481,107181.99,0.0211,2261.5399890000003
2025-10-17 22:16:06.819,107181.99,0.00023,24.6518577
2025-10-17 22:16:06.852,107182.0,0.00024,25.72368
2025-10-17 22:16:07.772,107181.99,0.00303,324.7614297
2025-10-17 22:16:08.050,107182.0,0.00011,11.79002
2025-10-17 22:16:08.449,107182.0,0.01338,1434.0951599999999
2025-10-17 22:16:08.647,107182.0,0.00011,11.79002
2025-10-17 22:16:08.909,107182.0,0.00011,11.79002
2025-10-17 22:16:09.052,107182.0,0.00025,26.7955
2025-10-17 22:16:09.657,107182.0,0.00026,27.867319999999996
2025-10-17 22:16:10.026,107181.99,5e-05,5.3590995
2025-10-17 22:16:10.040,107181.99,0.00034,36.44187660000001
2025-10-17 22:16:10.101,107181.99,5e-05,5.3590995
2025-10-17 22:16:10.114,107181.99,0.00092,98.6074308
2025-10-17 22:16:10.497,107182.0,0.00922,988.2180400000001
2025-10-17 22:16:11.382,107181.99,0.004,428.72796000000005
2025-10-17 22:16:11.630,107182.0,0.00099,106.11018
2025-10-17 22:16:12.232,107181.99,0.00319,341.9105481
2025-10-17 22:16:12.243,107181.99,0.00093,99.67925070000001
2025-10-17 22:16:12.422,107181.99,0.00047,50.3755353
2025-10-17 22:16:13.489,107182.0,0.00011,11.79002
2025-10-17 22:16:14.001,107182.0,0.00011,11.79002
2025-10-17 22:16:14.242,107182.0,0.00011,11.79002
2025-10-17 22:16:15.363,107181.99,0.00133,142.5520467
2025-10-17 22:16:15.827,107181.99,0.00036,38.5855164
2025-10-17 22:16:16.033,107182.0,0.00052,55.73463999999999
2025-10-17 22:16:16.065,107182.0,0.00647,693.46754
2025-10-17 22:16:16.132,107181.99,0.00019,20.364578100000003
2025-10-17 22:16:16.516,107182.0,0.00047,50.37554
2025-10-17 22:16:16.643,107182.0,0.02831,3034.32242
2025-10-17 22:16:16.875,107182.0,8e-05,8.57456
2025-10-17 22:16:17.083,107182.0,0.0001,10.718200000000001
2025-10-17 22:16:17.124,107182.0,0.00083,88.96106
2025-10-17 22:16:17.139,107182.0,0.00019,20.36458
2025-10-17 22:16:17.270,107182.0,8e-05,8.57456
2025-10-17 22:16:17.415,107182.0,0.00058,62.16556
2025-10-17 22:16:17.483,107182.0,0.0001,10.718200000000001
2025-10-17 22:16:17.620,107182.0,0.00038,40.72916
2025-10-17 22:16:17.680,107182.0,0.00056,60.021919999999994
2025-10-17 22:16:18.269,107182.0,0.0001,10.718200000000001
2025-10-17 22:16:18.369,107182.0,0.00015,16.077299999999997
2025-10-17 22:16:18.591,107182.0,0.00014,15.005479999999999
2025-10-17 22:16:18.733,107182.0,0.00047,50.37554
2025-10-17 22:16:18.841,107182.0,0.00011,11.79002
2025-10-17 22:16:18.940,107182.0,0.00019,20.36458
2025-10-17 22:16:19.083,107182.0,0.00011,11.79002
2025-10-17 22:16:19.140,107182.0,0.00031,33.22642
2025-10-17 22:16:19.233,107182.0,0.00019,20.36458
2025-10-17 22:16:19.282,107182.0,0.0001,10.718200000000001
2025-10-17 22:16:19.313,107182.0,8e-05,8.57456
2025-10-17 22:16:19.423,107182.0,0.00011,11.79002
2025-10-17 22:16:19.440,107182.0,0.00047,50.37554
2025-10-17 22:16:19.510,107182.0,0.00112,120.04383999999999
2025-10-17 22:16:19.544,107182.0,0.0001,10.718200000000001
2025-10-17 22:16:19.762,107182.0,0.0001,10.718200000000001
2025-10-17 22:16:21.222,107181.99,0.00036,38.5855164
2025-10-17 22:16:21.647,107182.0,0.00014,15.005479999999999
2025-10-17 22:16:21.832,107182.0,0.00018,19.29276
2025-10-17 22:16:21.870,107182.0,9e-05,9.64638
2025-10-17 22:16:22.008,107182.0,0.0003,32.154599999999995
2025-10-17 22:16:22.050,107182.0,0.01186,1271.1785200000002
2025-10-17 22:16:22.119,107182.0,0.01338,1434.0951599999999
2025-10-17 22:16:22.243,107182.0,0.00087,93.24834
2025-10-17 22:16:22.828,107182.0,0.00104,111.46927999999998
2025-10-17 22:16:23.131,107181.99,0.06086,6523.0959114
2025-10-17 22:16:23.836,107182.0,0.00011,11.79002
2025-10-17 22:16:24.112,107182.0,0.00011,11.79002
2025-10-17 22:16:24.265,107182.0,0.00333,356.91606
2025-10-17 22:16:24.431,107182.0,0.00011,11.79002
2025-10-17 22:16:24.671,107182.0,9e-05,9.64638
2025-10-17 22:16:25.383,107182.0,0.00054,57.878280000000004
2025-10-17 22:16:25.538,107182.0,0.0002,21.436400000000003
2025-10-17 22:16:25.541,107182.0,0.00012,12.86184
2025-10-17 22:16:25.560,107181.99,0.00036,38.5855164
2025-10-17 22:16:25.591,107182.0,0.00107,114.68474
2025-10-17 22:16:25.596,107181.99,0.00049,52.5191751
2025-10-17 22:16:25.837,107181.99,0.00151,161.8448049
2025-10-17 22:16:26.947,107182.0,0.00026,27.867319999999996
2025-10-17 22:16:27.206,107182.0,0.00043,46.08826
2025-10-17 22:16:27.868,107182.0,0.00015,16.077299999999997
2025-10-17 22:16:28.982,107182.0,0.00145,155.41389999999998
2025-10-17 22:16:29.079,107182.0,0.00011,11.79002
2025-10-17 22:16:29.092,107182.0,0.01064,1140.41648
2025-10-17 22:16:29.261,107182.0,0.04662,4996.82484
2025-10-17 22:16:29.390,107182.0,0.00011,11.79002
2025-10-17 22:16:29.673,107182.0,0.00011,11.79002
2025-10-17 22:16:29.717,107182.0,0.00064,68.59648
2025-10-17 22:16:30.475,107182.0,0.01069,1145.77558
2025-10-17 22:16:30.491,107182.0,0.00187,200.43034
2025-10-17 22:16:30.787,107181.99,0.00047,50.3755353
2025-10-17 22:16:30.894,107181.99,0.00036,38.5855164
2025-10-17 22:16:31.598,107181.99,0.0001,10.718199
2025-10-17 22:16:31.859,107181.99,0.00088,94.32015120000001
2025-10-17 22:16:32.039,107181.99,0.00011,11.790018900000002
2025-10-17 22:16:32.133,107181.99,0.01059,1135.0572741
2025-10-17 22:16:32.663,107182.0,0.00483,517.68906
2025-10-17 22:16:33.719,107182.0,0.00056,60.021919999999994
2025-10-17 22:16:34.030,107182.0,0.05875,6296.942499999999
2025-10-17 22:16:34.409,107181.99,0.00162,173.6348238
2025-10-17 22:16:34.445,107182.0,8e-05,8.57456
2025-10-17 22:16:34.452,107182.0,0.00011,11.79002
2025-10-17 22:16:34.694,107182.0,0.00011,11.79002
2025-10-17 22:16:35.201,107182.0,0.00011,11.79002
2025-10-17 22:16:35.295,107181.99,0.00274,293.6786526
2025-10-17 22:16:35.668,107182.0,0.00048,51.44736
2025-10-17 22:16:35.948,107182.0,0.0055,589.501
2025-10-17 22:16:36.223,107181.99,0.00036,38.5855164
2025-10-17 22:16:36.742,107181.99,0.02776,2975.3720424000003
2025-10-17 22:16:37.491,107182.0,0.0001,10.718200000000001
2025-10-17 22:16:37.576,107182.0,0.00058,62.16556
2025-10-17 22:16:37.798,107182.0,0.01338,1434.0951599999999
2025-10-17 22:16:37.985,107182.0,0.00016,17.14912
2025-10-17 22:16:38.517,107182.0,0.00136,145.76752000000002
2025-10-17 22:16:39.619,107181.99,0.00933,1000.0079667
2025-10-17 22:16:39.831,107182.0,0.00011,11.79002
2025-10-17 22:16:40.061,107182.0,0.00046,49.30372
2025-10-17 22:16:40.125,107182.0,0.00011,11.79002
2025-10-17 22:16:40.318,107181.99,0.01748,1873.5411852
2025-10-17 22:16:40.447,107182.0,0.00039,41.80098
2025-10-17 22:16:40.629,107182.0,0.00011,11.79002
2025-10-17 22:16:41.601,107181.99,0.00036,38.5855164
2025-10-17 22:16:41.663,107181.99,6e-05,6.4309194000000005
2025-10-17 22:16:42.521,107182.0,0.00186,199.35852
2025-10-17 22:16:42.781,107182.0,0.0003,32.154599999999995
2025-10-17 22:16:43.003,107182.0,0.00074,79.31468
2025-10-17 22:16:43.410,107182.0,0.01053,1128.62646
2025-10-17 22:16:43.572,107182.0,0.00024,25.72368
2025-10-17 22:16:44.614,107182.0,0.00029,31.08278
2025-10-17 22:16:44.735,107182.0,0.0005,53.591
2025-10-17 22:16:45.018,107182.0,0.00102,109.32564
2025-10-17 22:16:45.048,107182.0,0.00011,11.79002
2025-10-17 22:16:45.321,107182.0,0.00011,11.79002
2025-10-17 22:16:45.462,107182.0,0.00128,137.19296
2025-10-17 22:16:45.852,107182.0,0.00011,11.79002
2025-10-17 22:16:46.562,107182.0,0.00839,899.25698
2025-10-17 22:16:46.623,107181.99,0.00047,50.3755353
2025-10-17 22:16:46.988,107181.99,0.00036,38.5855164
2025-10-17 22:16:47.023,107181.99,0.00129,138.2647671
2025-10-17 22:16:47.720,107182.0,0.00188,201.50216
2025-10-17 22:16:48.016,107181.99,0.23101,24760.1115099
2025-10-17 22:16:48.032,107181.25,0.001,107.18125
2025-10-17 22:16:48.069,107180.91,0.00169,181.1357379
2025-10-17 22:16:48.084,107180.9,0.00269,288.316621
2025-10-17 22:16:48.485,107180.0,0.00118,126.47240000000001
2025-10-17 22:16:48.752,107180.0,0.00047,50.3746
2025-10-17 22:16:48.803,107179.99,0.012,1286.1598800000002
2025-10-17 22:16:48.804,107179.99,0.012,1286.1598800000002
2025-10-17 22:16:48.805,107179.99,0.13938,14938.747006200001
2025-10-17 22:16:48.807,107179.98,0.001,107.17998
2025-10-17 22:16:48.937,107179.97,0.00196,210.0727412
2025-10-17 22:16:48.939,107179.97,0.00022,23.5795934
2025-10-17 22:16:48.940,107179.96,0.00095,101.82096200000001
2025-10-17 22:16:49.661,107177.71,0.002,214.35542
2025-10-17 22:16:49.662,107177.71,0.002,214.35542
2025-10-17 22:16:49.805,107177.71,0.00815,873.4983364999999
2025-10-17 22:16:49.999,107177.71,0.00016,17.148433600000004
2025-10-17 22:16:50.102,107177.71,0.032,3429.68672
2025-10-17 22:16:50.114,107177.71,0.00017,18.220210700000003
2025-10-17 22:16:50.257,107177.72,0.00765,819.909558
2025-10-17 22:16:50.420,107177.71,0.00305,326.8920155
2025-10-17 22:16:50.421,107175.25,6e-05,6.430515
2025-10-17 22:16:50.425,107174.16,0.03104,3326.6859264000004
2025-10-17 22:16:50.432,107174.15,0.01199,1285.0180585
2025-10-17 22:16:50.433,107174.15,5e-05,5.3587075
2025-10-17 22:16:50.461,107172.01,0.00094,100.7416894
2025-10-17 22:16:50.563,107172.01,0.00201,215.4157401
2025-10-17 22:16:50.623,107172.0,0.00075,80.379
2025-10-17 22:16:51.398,107172.01,0.01338,1433.9614938
2025-10-17 22:16:52.952,107172.0,0.01,1071.72
2025-10-17 22:16:52.958,107172.0,0.005,535.86
2025-10-17 22:16:53.175,107172.0,9e-05,9.645480000000001
2025-10-17 22:16:53.807,107172.0,0.0001,10.7172
2025-10-17 22:16:54.115,107172.01,0.0031,332.233231
2025-10-17 22:16:54.399,107172.0,0.012,1286.064
2025-10-17 22:16:55.216,107172.0,0.012,1286.064
2025-10-17 22:16:55.275,107172.01,4.58709,491607.65535089996
2025-10-17 22:16:55.610,107172.0,0.001,107.172
2025-10-17 22:16:56.760,107172.01,0.00047,50.3708447
2025-10-17 22:16:56.834,107172.0,0.00012,12.86064
2025-10-17 22:16:56.984,107172.01,7e-05,7.502040699999999
2025-10-17 22:16:57.621,107172.01,0.00048,51.4425648
2025-10-17 22:16:57.912,107172.01,0.06628,7103.3608228
2025-10-17 22:16:57.914,107175.43,0.00015,16.0763145
2025-10-17 22:16:58.102,107176.28,0.00027,28.9375956
2025-10-17 22:16:58.519,107176.29,0.00044,47.1575676
2025-10-17 22:16:59.136,107176.31,0.0001,10.717631
2025-10-17 22:16:59.215,107176.4,0.0022,235.78808
2025-10-17 22:16:59.415,107176.41,0.0021,225.070461
2025-10-17 22:16:59.891,107176.42,0.00237,254.0081154
2025-10-17 22:16:59.925,107176.41,0.00125,133.9705125
2025-10-17 22:17:00.253,107176.41,0.00932,998.8841412
2025-10-17 22:17:00.323,107176.41,0.00026,27.865866599999997
2025-10-17 22:17:00.601,107176.42,0.00017,18.2199914
2025-10-17 22:17:01.019,107176.42,0.00244,261.51046479999997
2025-10-17 22:17:01.527,107176.41,8e-05,8.574112800000002
2025-10-17 22:17:01.979,107176.29,0.0001,10.717629
2025-10-17 22:17:01.981,107176.29,0.13002,13935.061225799998
2025-10-17 22:17:01.996,107176.28,0.03514,3766.1744791999995
2025-10-17 22:17:02.035,107175.41,0.001,107.17541
2025-10-17 22:17:02.115,107175.3,0.0019,203.63307
2025-10-17 22:17:02.315,107175.29,0.0019,203.633051
2025-10-17 22:17:02.317,107175.28,0.01761,1887.3566808
2025-10-17 22:17:02.455,107175.28,0.001,107.17528
2025-10-17 22:17:02.532,107175.2,9e-05,9.645768
2025-10-17 22:17:02.584,107175.21,0.018,1929.1537799999999
2025-10-17 22:17:02.732,107174.66,5e-05,5.358733000000001
2025-10-17 22:17:03.183,107172.01,0.00047,50.3708447
2025-10-17 22:17:03.347,107172.01,6e-05,6.4303206
2025-10-17 22:17:04.817,107172.01,0.0001,10.717201
2025-10-17 22:17:04.945,107172.01,0.00186,199.3399386
2025-10-17 22:17:05.081,107172.01,0.00038,40.725363800000004
2025-10-17 22:17:05.287,107172.01,0.00158,169.3317758
2025-10-17 22:17:06.208,107172.0,0.00207,221.84604
2025-10-17 22:17:06.546,107172.0,0.00073,78.23555999999999
2025-10-17 22:17:07.184,107172.01,0.00145,155.39941449999998
2025-10-17 22:17:07.195,107172.01,0.00062,66.4466462
2025-10-17 22:17:07.355,107172.01,0.00047,50.3708447
2025-10-17 22:17:07.743,107172.01,0.00135,144.6822135
2025-10-17 22:17:07.797,107172.0,0.012,1286.064
2025-10-17 22:17:07.833,107172.01,5e-05,5.3586005
2025-10-17 22:17:07.975,107172.01,0.00213,228.2763813
2025-10-17 22:17:08.331,107172.0,0.00027,28.93644
2025-10-17 22:17:08.681,107172.0,0.00699,749.1322799999999
2025-10-17 22:17:09.063,107172.0,0.012,1286.064
2025-10-17 22:17:09.123,107172.0,0.012,1286.064
2025-10-17 22:17:09.252,107172.0,0.02897,3104.77284
2025-10-17 22:17:09.296,107172.01,0.00014,15.004081399999999
2025-10-17 22:17:10.280,107172.0,0.0001,10.7172
2025-10-17 22:17:10.507,107172.0,0.00082,87.88104
2025-10-17 22:17:11.577,107172.0,6e-05,6.43032
2025-10-17 22:17:12.432,107172.01,0.00221,236.8501421
2025-10-17 22:17:12.559,107172.0,0.00483,517.64076
2025-10-17 22:17:12.577,107172.0,9e-05,9.645480000000001
2025-10-17 22:17:12.691,107172.01,0.00171,183.26413709999997
2025-10-17 22:17:12.904,107172.01,6e-05,6.4303206
2025-10-17 22:17:13.345,107172.0,0.00099,106.10028
2025-10-17 22:17:13.567,107172.0,0.012,1286.064
2025-10-17 22:17:13.568,107172.0,0.012,1286.064
2025-10-17 22:17:13.569,107172.0,0.012,1286.064
2025-10-17 22:17:13.591,107172.0,0.01031,1104.9433199999999
2025-10-17 22:17:14.412,107172.01,8e-05,8.5737608
2025-10-17 22:17:14.449,107172.0,0.00101,108.24372000000001
2025-10-17 22:17:14.582,107172.0,0.00108,115.74576
2025-10-17 22:17:14.768,107172.0,0.00104,111.45888
2025-10-17 22:17:14.773,107172.0,0.00118,126.46296000000001
2025-10-17 22:17:15.073,107172.01,0.00466,499.4215666
2025-10-17 22:17:15.100,107172.01,0.00023,24.6495623
2025-10-17 22:17:15.265,107172.0,0.00017,18.219240000000003
2025-10-17 22:17:15.638,107172.0,6e-05,6.43032
2025-10-17 22:17:15.833,107172.01,0.00033,35.366763299999995
2025-10-17 22:17:16.533,107172.01,0.00017,18.2192417
2025-10-17 22:17:17.113,107172.01,0.005,535.86005
2025-10-17 22:17:17.721,107172.0,0.00697,746.98884
2025-10-17 22:17:18.859,107172.0,0.00047,50.37084
2025-10-17 22:17:19.066,107172.01,0.00047,50.3708447
2025-10-17 22:17:19.766,107172.0,0.00286,306.51192000000003
2025-10-17 22:17:19.775,107172.01,0.0002,21.434402
2025-10-17 22:17:19.928,107172.01,0.00627,671.9685027
2025-10-17 22:17:20.272,107172.01,0.00295,316.1574295
2025-10-17 22:17:21.416,107172.0,0.0069,739.4868
2025-10-17 22:17:21.506,107172.0,0.012,1286.064
2025-10-17 22:17:21.766,107172.01,0.00206,220.77434060000002
2025-10-17 22:17:22.211,107172.01,5e-05,5.3586005
2025-10-17 22:17:22.419,107172.0,0.00018,19.290960000000002
2025-10-17 22:17:23.079,107172.01,1.0,107172.01
2025-10-17 22:17:23.212,107172.01,0.0023,246.495623
2025-10-17 22:17:24.160,107172.01,0.06208,6653.2383808
2025-10-17 22:17:24.433,107172.01,0.00052,55.729445199999994
2025-10-17 22:17:24.681,107172.0,0.00163,174.69036
2025-10-17 22:17:24.683,107172.0,0.00163,174.69036
2025-10-17 22:17:25.213,107172.01,0.00371,397.6081571
2025-10-17 22:17:25.283,107172.0,9e-05,9.645480000000001
2025-10-17 22:17:25.609,107172.01,0.0005,53.586005
2025-10-17 22:17:25.986,107172.0,0.00173,185.40756
2025-10-17 22:17:26.640,107172.01,0.00322,345.0938722
2025-10-17 22:17:27.160,107172.01,1.0,107172.01
2025-10-17 22:17:27.339,107172.01,0.00093,99.6699693
2025-10-17 22:17:27.692,107172.0,0.01213,1299.99636
2025-10-17 22:17:27.835,107172.01,0.00048,51.4425648
2025-10-17 22:17:27.892,107172.01,7e-05,7.502040699999999
2025-10-17 22:17:28.576,107172.01,0.0001,10.717201
2025-10-17 22:17:28.625,107172.01,0.00524,561.5813324
2025-10-17 22:17:28.716,107172.01,0.00229,245.42390289999997
2025-10-17 22:17:31.015,107172.01,1.0,107172.01
2025-10-17 22:17:32.366,107172.01,0.00016,17.1475216
2025-10-17 22:17:33.292,107172.0,0.00047,50.37084
2025-10-17 22:17:34.012,107172.0,0.00108,115.74576
2025-10-17 22:17:35.420,107172.0,0.00116,124.31952
2025-10-17 22:17:35.421,107172.0,0.00116,124.31952
2025-10-17 22:17:35.445,107172.0,0.00026,27.86472
2025-10-17 22:17:36.174,107172.01,0.021,2250.6122100000002
2025-10-17 22:17:36.263,107172.01,0.00047,50.3708447
2025-10-17 22:17:36.418,107172.01,0.00012,12.8606412
2025-10-17 22:17:36.561,107172.01,0.00027,28.9364427
2025-10-17 22:17:36.577,107172.0,0.0001,10.7172
2025-10-17 22:17:36.640,107172.0,0.00931,997.7713200000001
2025-10-17 22:17:37.113,107172.0,0.00089,95.38307999999999
2025-10-17 22:17:37.227,107172.0,0.024,2572.128
2025-10-17 22:17:37.464,107172.0,0.00047,50.37084
2025-10-17 22:17:37.474,107172.01,0.00034,36.4384834
2025-10-17 22:17:37.827,107172.01,0.00049,52.51428489999999
2025-10-17 22:17:38.576,107172.01,8e-05,8.5737608
2025-10-17 22:17:39.412,107172.0,0.00708,758.7777600000001
2025-10-17 22:17:40.083,107172.01,0.01502,1609.7235902
2025-10-17 22:17:40.760,107172.01,0.00337,361.1696737
2025-10-17 22:17:41.119,107172.0,9e-05,9.645480000000001
2025-10-17 22:17:41.338,107172.01,0.00514,550.8641313999999
2025-10-17 22:17:41.639,107172.01,0.00011,11.7889211
2025-10-17 22:17:41.718,107172.0,0.00018,19.290960000000002
2025-10-17 22:17:41.767,107172.01,0.00129,138.25189289999997
2025-10-17 22:17:41.815,107172.01,0.00186,199.3399386
2025-10-17 22:17:42.010,107172.0,9e-05,9.645480000000001
2025-10-17 22:17:42.694,107172.01,9e-05,9.6454809
2025-10-17 22:17:42.909,107172.01,0.00047,50.3708447
2025-10-17 22:17:44.026,107172.01,0.00046,49.2991246
2025-10-17 22:17:44.624,107172.01,0.00511,547.6489710999999
2025-10-17 22:17:45.054,107172.0,9e-05,9.645480000000001
2025-10-17 22:17:46.282,107172.0,0.00014,15.004079999999998
2025-10-17 22:17:46.400,107172.0,0.00466,499.42152
2025-10-17 22:17:47.572,107172.01,0.00186,199.3399386
2025-10-17 22:17:48.140,107172.01,0.0001,10.717201
2025-10-17 22:17:48.324,107172.01,0.00086,92.1679286
2025-10-17 22:17:48.519,107172.0,0.00046,49.29912
2025-10-17 22:17:48.601,107172.0,0.012,1286.064
2025-10-17 22:17:48.602,107172.0,0.012,1286.064
2025-10-17 22:17:48.603,107172.0,0.012,1286.064
2025-10-17 22:17:48.910,107172.01,0.04526,4850.6051726
2025-10-17 22:17:49.160,107172.01,0.00086,92.1679286
2025-10-17 22:17:49.173,107172.0,0.00047,50.37084
2025-10-17 22:17:49.756,107172.01,0.00269,288.2927069
2025-10-17 22:17:49.768,107172.01,0.01055,1130.6647055
2025-10-17 22:17:49.850,107172.01,0.00014,15.004081399999999
2025-10-17 22:17:50.017,107172.01,0.00072,77.1638472
2025-10-17 22:17:50.057,107172.01,6e-05,6.4303206
2025-10-17 22:17:50.078,107172.0,0.00284,304.36848000000003
2025-10-17 22:17:50.712,107172.01,0.00527,564.7964927
2025-10-17 22:17:51.167,107172.0,0.007,750.2040000000001
2025-10-17 22:17:51.240,107172.0,0.00046,49.29912
2025-10-17 22:17:51.439,107172.0,0.001,107.172
2025-10-17 22:17:51.632,107172.0,0.00046,49.29912
2025-10-17 22:17:51.660,107172.01,0.00052,55.729445199999994
2025-10-17 22:17:52.239,107172.0,0.042,4501.224
2025-10-17 22:17:52.418,107172.0,0.00041,43.94052
2025-10-17 22:17:52.420,107172.0,0.00274,293.65128
2025-10-17 22:17:52.635,107172.0,0.00658,705.19176
2025-10-17 22:17:52.678,107172.0,0.00453,485.48916
2025-10-17 22:17:52.775,107172.0,0.00042,45.01224
2025-10-17 22:17:53.027,107172.0,0.07,7502.040000000001
2025-10-17 22:17:53.032,107172.0,0.012,1286.064
2025-10-17 22:17:53.583,107172.0,0.00055,58.9446
2025-10-17 22:17:54.211,107172.0,0.00046,49.29912
2025-10-17 22:17:55.254,107172.01,0.00074,79.30728739999999
2025-10-17 22:17:55.508,107172.0,7e-05,7.502039999999999
2025-10-17 22:17:55.585,107172.0,0.00805,862.7346
2025-10-17 22:17:56.333,107172.01,0.0024,257.21282399999996
2025-10-17 22:17:56.698,107172.0,0.00093,99.66996
2025-10-17 22:17:56.872,107172.0,0.012,1286.064
2025-10-17 22:17:56.874,107172.0,0.012,1286.064
2025-10-17 22:17:56.877,107172.0,0.012,1286.064
2025-10-17 22:17:57.717,107172.0,0.005,535.86
2025-10-17 22:17:58.427,107172.01,0.00046,49.2991246
2025-10-17 22:17:58.428,107172.01,0.00046,49.2991246
2025-10-17 22:17:58.509,107172.01,0.00047,50.3708447
2025-10-17 22:17:58.770,107172.0,0.00187,200.41163999999998
2025-10-17 22:17:58.825,107172.01,0.00093,99.6699693
2025-10-17 22:17:59.407,107172.01,0.05586,5986.6284786
2025-10-17 22:17:59.574,107172.0,0.02648,2837.91456
2025-10-17 22:17:59.865,107172.0,0.24,25721.28
2025-10-17 22:17:59.866,107172.0,0.32,34295.04
2025-10-17 22:18:00.036,107172.01,0.0005,53.586005
2025-10-17 22:18:00.115,107172.01,5e-05,5.3586005
2025-10-17 22:18:00.413,107172.01,0.00023,24.6495623
2025-10-17 22:18:00.911,107172.0,0.00456,488.70432
2025-10-17 22:18:01.073,107172.0,0.00096,102.88512
2025-10-17 22:18:01.169,107172.0,0.00196,210.05712
2025-10-17 22:18:01.550,107172.01,0.00063,67.5183663
2025-10-17 22:18:01.553,107172.01,0.00015,16.075801499999997
2025-10-17 22:18:01.682,107172.01,0.01929,2067.3480729000003
2025-10-17 22:18:02.023,107172.0,0.00015,16.075799999999997
2025-10-17 22:18:02.282,107172.0,0.02975,3188.3669999999997
2025-10-17 22:18:02.470,107172.01,0.00022,23.5778422
2025-10-17 22:18:03.698,107172.0,0.00148,158.61456
2025-10-17 22:18:03.911,107172.0,0.0013,139.3236
2025-10-17 22:18:03.919,107172.0,0.0004,42.8688
2025-10-17 22:18:05.226,107172.01,0.00104,111.45889039999999
2025-10-17 22:18:06.125,107172.0,0.00046,49.29912
2025-10-17 22:18:06.285,107172.0,0.00087,93.23964
2025-10-17 22:18:06.371,107172.0,0.00047,50.37084
2025-10-17 22:18:06.433,107172.0,0.00222,237.92184000000003
2025-10-17 22:18:06.444,107172.0,0.00058,62.15976
2025-10-17 22:18:06.855,107172.01,0.00065,69.6618065
2025-10-17 22:18:06.976,107172.0,0.00065,69.6618
2025-10-17 22:18:07.023,107172.0,0.00026,27.86472
2025-10-17 22:18:07.076,107172.01,0.02065,2213.1020065000002
2025-10-17 22:18:07.694,107172.01,5e-05,5.3586005
2025-10-17 22:18:08.375,107172.0,0.0023,246.4956
2025-10-17 22:18:08.390,107172.01,0.00019,20.362681900000002
2025-10-17 22:18:09.122,107172.0,0.00097,103.95684
2025-10-17 22:18:09.172,107172.0,0.00464,497.27808
2025-10-17 22:18:09.233,107172.01,0.0005,53.586005
2025-10-17 22:18:09.415,107172.01,5e-05,5.3586005
2025-10-17 22:18:09.609,107172.01,0.00047,50.3708447
2025-10-17 22:18:09.930,107172.01,0.00047,50.3708447
2025-10-17 22:18:10.105,107172.01,2.08051,222972.43852509998
2025-10-17 22:18:11.219,107172.0,0.00791,847.7305200000001
2025-10-17 22:18:11.339,107172.0,0.01001,1072.79172
2025-10-17 22:18:11.859,107172.0,0.00033,35.36676
2025-10-17 22:18:13.016,107172.0,0.00047,50.37084
2025-10-17 22:18:13.225,107172.0,0.00028,30.008159999999997
2025-10-17 22:18:14.021,107172.0,0.00056,60.01631999999999
2025-10-17 22:18:14.458,107172.0,0.00013,13.93236
2025-10-17 22:18:15.732,107172.01,0.00048,51.4425648
2025-10-17 22:18:15.833,107172.0,0.00016,17.14752
2025-10-17 22:18:16.527,107172.0,0.00022,23.577840000000002
2025-10-17 22:18:16.577,107172.0,7e-05,7.502039999999999
2025-10-17 22:18:16.682,107172.0,5e-05,5.3586
2025-10-17 22:18:16.850,107172.01,0.00046,49.2991246
2025-10-17 22:18:17.024,107172.0,6e-05,6.43032
2025-10-17 22:18:17.083,107172.01,0.00047,50.3708447
2025-10-17 22:18:17.233,107172.01,0.00024,25.7212824
2025-10-17 22:18:17.418,107172.01,0.00047,50.3708447
2025-10-17 22:18:17.605,107172.01,0.00325,348.30903249999994
2025-10-17 22:18:17.661,107172.01,0.0001,10.717201
2025-10-17 22:18:17.733,107172.01,0.00024,25.7212824
2025-10-17 22:18:17.742,107172.01,0.00047,50.3708447
2025-10-17 22:18:17.948,107172.01,0.00094,100.7416894
2025-10-17 22:18:18.175,107172.01,0.00051,54.6577251
2025-10-17 22:18:18.332,107172.01,0.00014,15.004081399999999
2025-10-17 22:18:18.525,107172.01,0.00013,13.932361299999998
2025-10-17 22:18:18.837,107172.01,0.00047,50.3708447
2025-10-17 22:18:19.224,107172.01,0.00014,15.004081399999999
2025-10-17 22:18:19.233,107172.01,7e-05,7.502040699999999
2025-10-17 22:18:19.368,107172.01,0.0021,225.061221
2025-10-17 22:18:19.433,107172.01,0.00047,50.3708447
2025-10-17 22:18:19.443,107172.01,9e-05,9.6454809
2025-10-17 22:18:20.066,107172.0,0.00049,52.51428
2025-10-17 22:18:20.223,107172.01,0.06957,7455.9567357000005
2025-10-17 22:18:20.230,107172.5,0.01843,1975.1891749999998
2025-10-17 22:18:20.232,107172.51,0.00105,112.53113549999999
2025-10-17 22:18:20.251,107174.82,0.00015,16.076223
2025-10-17 22:18:20.285,107174.83,0.00194,207.91917020000002
2025-10-17 22:18:20.308,107175.41,0.0014,150.04557400000002
2025-10-17 22:18:20.311,107180.0,5e-05,5.359
2025-10-17 22:18:20.429,107182.94,0.00085,91.105499
2025-10-17 22:18:23.008,107182.94,0.00627,672.0370338
2025-10-17 22:18:23.581,107182.93,0.0013,139.337809
2025-10-17 22:18:23.933,107182.94,0.00047,50.3759818
2025-10-17 22:18:24.020,107182.94,0.0004,42.873176
2025-10-17 22:18:24.112,107182.94,0.00038,40.729517200000004
2025-10-17 22:18:24.228,107182.93,9e-05,9.6464637
2025-10-17 22:18:24.392,107182.94,0.00017,18.2210998
2025-10-17 22:18:24.532,107182.94,0.00395,423.37261300000006
2025-10-17 22:18:25.668,107182.93,0.01134,1215.4544262
2025-10-17 22:18:25.744,107182.94,0.00049,52.5196406
2025-10-17 22:18:26.143,107182.94,0.00223,239.01795620000001
2025-10-17 22:18:26.310,107182.94,0.00306,327.9797964
2025-10-17 22:18:26.560,107182.94,0.08626,9245.6004044
2025-10-17 22:18:26.561,107183.13,0.00015,16.0774695
2025-10-17 22:18:26.568,107183.14,0.0165,1768.5218100000002
2025-10-17 22:18:26.571,107183.33,0.219,23473.14927
2025-10-17 22:18:26.572,107183.33,0.109,11682.982970000001
2025-10-17 22:18:26.573,107183.33,0.15095,16179.323663500001
2025-10-17 22:18:26.575,107187.52,5e-05,5.359376
2025-10-17 22:18:27.054,107189.37,0.00516,553.0971492
2025-10-17 22:18:27.065,107189.37,0.00832,891.8155583999999
2025-10-17 22:18:27.066,107189.38,0.00056,60.026052799999995
2025-10-17 22:18:27.075,107191.5,6e-05,6.43149
2025-10-17 22:18:27.077,107192.0,0.0022,235.82240000000002
2025-10-17 22:18:27.078,107192.01,0.0005,53.596005
2025-10-17 22:18:27.082,107192.39,0.00933,1000.1049987
2025-10-17 22:18:27.090,107192.39,0.00933,1000.1049987
2025-10-17 22:18:27.095,107192.39,0.04549,4876.1818211
2025-10-17 22:18:27.098,107192.39,0.005,535.96195
2025-10-17 22:18:27.099,107192.39,0.00438,469.5026682
2025-10-17 22:18:27.188,107192.39,0.00321,344.0875719
2025-10-17 22:18:27.231,107192.39,0.02453,2629.4293267
2025-10-17 22:18:27.248,107192.38,0.00094,100.7608372
2025-10-17 22:18:27.308,107192.39,0.00487,522.0269393
2025-10-17 22:18:28.618,107192.38,0.00047,50.3804186
2025-10-17 22:18:28.943,107192.39,0.00022,23.5823258
2025-10-17 22:18:29.007,107192.38,0.00661,708.5416318000001
2025-10-17 22:18:29.284,107192.39,0.01443,1546.7861877
2025-10-17 22:18:29.289,107192.39,0.05144,5513.9765416
2025-10-17 22:18:29.290,107192.39,0.067,7181.890130000001
2025-10-17 22:18:29.291,107192.39,0.1467,15725.123613
2025-10-17 22:18:29.295,107192.39,0.05945,6372.5875855
2025-10-17 22:18:29.300,107192.39,0.08054,8633.2750906
2025-10-17 22:18:29.301,107192.39,0.28224,30253.980153599998
2025-10-17 22:18:29.303,107192.39,0.05396,5784.1013644
2025-10-17 22:18:29.304,107192.39,0.3898,41783.593622
2025-10-17 22:18:29.306,107192.39,0.03966,4251.2501874
2025-10-17 22:18:29.308,107192.39,0.05571,5971.6880469
2025-10-17 22:18:29.309,107192.39,0.12291,13175.0166549
2025-10-17 22:18:29.310,107192.39,0.13933,14935.115698700001
2025-10-17 22:18:29.319,107192.39,0.00691,740.6994149000001
2025-10-17 22:18:29.321,107192.39,4.52935,485511.8516465
2025-10-17 22:18:29.322,107192.39,0.0076,814.662164
2025-10-17 22:18:29.326,107192.39,0.0314,3365.8410459999996
2025-10-17 22:18:29.328,107192.39,0.08848,9484.3826672
2025-10-17 22:18:29.336,107192.39,0.0011,117.911629
2025-10-17 22:18:29.337,107193.65,0.00396,424.486854
2025-10-17 22:18:29.341,107196.14,0.0001,10.719614
2025-10-17 22:18:29.350,107199.04,0.06389,6848.9466655999995
2025-10-17 22:18:29.394,107199.04,0.00933,1000.1670432
2025-10-17 22:18:29.396,107199.04,0.0012,128.63884799999997
2025-10-17 22:18:29.398,107200.0,0.02,2144.0
2025-10-17 22:18:29.403,107200.0,0.01428,1530.816
2025-10-17 22:18:29.413,107200.0,0.00803,860.816
2025-10-17 22:18:29.427,107202.0,0.00223,239.06046000000003
2025-10-17 22:18:29.477,107202.0,0.00188,201.53976
2025-10-17 22:18:29.574,107202.14,0.01493,1600.5279502
2025-10-17 22:18:29.680,107202.14,0.01766,1893.1897923999998
2025-10-17 22:18:30.018,107204.24,0.01377,1476.2023848
2025-10-17 22:18:30.022,107204.24,6e-05,6.432254400000001
2025-10-17 22:18:30.221,107204.24,0.0017,182.247208
2025-10-17 22:18:30.315,107204.51,0.00105,112.56473549999998
2025-10-17 22:18:30.407,107205.09,0.0002,21.441018
2025-10-17 22:18:30.411,107205.09,0.00143,153.3032787
2025-10-17 22:18:30.489,107205.45,0.00155,166.16844749999998
2025-10-17 22:18:30.491,107206.0,0.0032,343.05920000000003
2025-10-17 22:18:30.505,107206.01,0.00225,241.21352249999998
2025-10-17 22:18:30.741,107208.0,0.00274,293.74992
2025-10-17 22:18:30.814,107208.01,0.00115,123.2892115
2025-10-17 22:18:30.818,107208.02,0.00135,144.730827
2025-10-17 22:18:30.868,107208.35,0.00097,103.99209950000001
2025-10-17 22:18:31.535,107208.36,0.00164,175.8217104
2025-10-17 22:18:31.572,107209.85,0.00019,20.369871500000002
2025-10-17 22:18:31.574,107209.91,0.00048,51.460756800000006
2025-10-17 22:18:31.596,107210.0,0.00533,571.4293
2025-10-17 22:18:32.027,107210.0,0.0009,96.489
2025-10-17 22:18:32.111,107211.51,0.00655,702.2353905
2025-10-17 22:18:32.228,107211.51,0.00605,648.6296355
2025-10-17 22:18:32.316,107211.51,0.09929,10645.0308279
2025-10-17 22:18:32.323,107211.51,0.00158,169.3941858
2025-10-17 22:18:32.746,107211.51,0.00736,789.0767136
2025-10-17 22:18:32.805,107211.51,0.0013,139.37496299999998
2025-10-17 22:18:32.821,107211.51,0.04924,5279.094752399999
2025-10-17 22:18:32.899,107211.5,0.00169,181.18743500000002
2025-10-17 22:18:32.979,107210.05,0.00883,946.6647415
2025-10-17 22:18:33.099,107210.05,0.0008,85.76804000000001
2025-10-17 22:18:33.266,107208.34,5e-05,5.360417
2025-10-17 22:18:33.272,107206.84,0.02928,3139.0162752
2025-10-17 22:18:33.273,107206.83,0.0007,75.044781
2025-10-17 22:18:33.281,107202.13,0.012,1286.4255600000001
2025-10-17 22:18:33.282,107201.16,0.00015,16.080174
2025-10-17 22:18:33.285,107201.15,6e-05,6.432068999999999
2025-10-17 22:18:33.312,107201.15,0.00112,120.06528799999998
2025-10-17 22:18:33.373,107200.8,0.00041,43.952328
2025-10-17 22:18:33.905,107200.81,0.00169,181.1693689
2025-10-17 22:18:34.084,107200.8,6e-05,6.432048
2025-10-17 22:18:34.220,107200.8,0.00019,20.368152000000002
2025-10-17 22:18:34.383,107200.8,0.0131,1404.33048
2025-10-17 22:18:34.515,107200.8,0.00089,95.408712
2025-10-17 22:18:34.762,107200.79,9e-05,9.6480711
2025-10-17 22:18:34.932,107200.79,0.00268,287.2981172
2025-10-17 22:18:35.218,107200.79,0.00212,227.26567479999997
2025-10-17 22:18:37.279,107200.8,0.00332,355.906656
2025-10-17 22:18:37.400,107200.8,0.00015,16.080119999999997
2025-10-17 22:18:37.869,107200.8,0.00015,16.080119999999997
2025-10-17 22:18:37.983,107200.8,0.00172,184.385376
2025-10-17 22:18:38.209,107200.8,0.00015,16.080119999999997
2025-10-17 22:18:38.316,107200.8,0.00398,426.65918400000004
2025-10-17 22:18:38.513,107200.79,0.00032,34.3042528
2025-10-17 22:18:38.817,107200.79,0.00921,987.3192758999999
2025-10-17 22:18:39.099,107200.79,0.00094,100.7687426
2025-10-17 22:18:39.111,107200.79,0.00015,16.080118499999998
2025-10-17 22:18:39.360,107200.79,0.00048,51.4563792
2025-10-17 22:18:39.558,107200.8,0.00406,435.235248
2025-10-17 22:18:39.717,107200.79,0.00047,50.3843713
2025-10-17 22:18:39.923,107200.8,0.00047,50.384376
2025-10-17 22:18:40.375,107200.8,0.00154,165.089232
2025-10-17 22:18:41.232,107200.8,0.00055,58.960440000000006
2025-10-17 22:18:41.598,107200.79,7e-05,7.504055299999999
2025-10-17 22:18:42.436,107200.79,0.00333,356.9786307
2025-10-17 22:18:42.438,107200.79,0.25631,27476.634484899998
2025-10-17 22:18:42.787,107200.8,0.00015,16.080119999999997
2025-10-17 22:18:43.051,107200.8,0.00015,16.080119999999997
2025-10-17 22:18:43.348,107200.8,0.00015,16.080119999999997
2025-10-17 22:18:43.711,107200.8,0.00466,499.55572800000004
2025-10-17 22:18:43.775,107200.79,0.00387,414.8670573
2025-10-17 22:18:44.022,107200.79,0.00019,20.3681501
2025-10-17 22:18:44.374,107200.8,0.00081,86.83264799999999
2025-10-17 22:18:44.440,107200.79,0.00011,11.7920869
2025-10-17 22:18:44.564,107200.8,0.00023,24.656184
2025-10-17 22:18:44.672,107200.79,0.00048,51.4563792
2025-10-17 22:18:44.681,107200.79,0.00029,31.0882291
2025-10-17 22:18:45.589,107200.8,0.00195,209.04156
2025-10-17 22:18:45.637,107200.8,0.00101,108.27280800000001
2025-10-17 22:18:45.679,107200.79,0.0091,975.527189
2025-10-17 22:18:46.610,107200.8,9e-05,9.648072
2025-10-17 22:18:47.119,107200.79,0.00096,102.9127584
2025-10-17 22:18:47.170,107200.8,0.00043,46.096344
2025-10-17 22:18:47.487,107200.8,0.00218,233.69774400000003
2025-10-17 22:18:47.619,107200.8,0.02101,2252.2888080000002
2025-10-17 22:18:47.849,107200.79,0.00047,50.3843713
2025-10-17 22:18:47.893,107200.8,0.00015,16.080119999999997
2025-10-17 22:18:48.168,107200.8,0.00015,16.080119999999997
2025-10-17 22:18:48.216,107200.8,9e-05,9.648072
2025-10-17 22:18:48.469,107200.8,0.00015,16.080119999999997
2025-10-17 22:18:48.722,107200.8,9e-05,9.648072
2025-10-17 22:18:49.414,107200.8,0.00325,348.4026
2025-10-17 22:18:49.619,107200.79,0.0001,10.720079
2025-10-17 22:18:49.621,107200.79,0.52321,56088.52533589999
2025-10-17 22:18:50.023,107200.79,0.00048,51.4563792
2025-10-17 22:18:50.134,107200.79,0.0002,21.440158
2025-10-17 22:18:50.260,107200.79,0.02516,2697.1718763999997
2025-10-17 22:18:50.370,107200.8,0.00015,16.080119999999997
2025-10-17 22:18:50.532,107200.8,0.00047,50.384376
2025-10-17 22:18:50.677,107200.79,0.012,1286.40948
2025-10-17 22:18:50.678,107200.64,0.012,1286.40768
2025-10-17 22:18:50.685,107200.64,0.00075,80.40048
2025-10-17 22:18:50.688,107200.01,0.03604,3863.4883604
2025-10-17 22:18:50.715,107200.0,0.00145,155.44
2025-10-17 22:18:51.546,107196.51,0.00065,69.6777315
2025-10-17 22:18:51.702,107196.51,0.01865,1999.2149115
2025-10-17 22:18:52.044,107196.52,0.00022,23.583234400000002
2025-10-17 22:18:52.110,107196.52,0.00023,24.655199600000003
2025-10-17 22:18:53.288,107196.51,0.00092,98.6207892
2025-10-17 22:18:53.567,107196.51,0.08567,9183.5250117
2025-10-17 22:18:53.568,107196.5,0.00079,84.685235
2025-10-17 22:18:53.569,107196.49,0.0006,64.317894
2025-10-17 22:18:53.572,107196.49,0.0009,96.47684100000001
2025-10-17 22:18:54.081,107195.74,0.0008,85.75659200000001
2025-10-17 22:18:54.083,107194.69,0.00015,16.0792035
2025-10-17 22:18:54.084,107194.66,0.028,3001.45048
2025-10-17 22:18:54.088,107193.77,0.02846,3050.7346942
2025-10-17 22:18:54.089,107192.39,0.00015,16.0788585
2025-10-17 22:18:54.100,107192.38,0.009,964.73142
2025-10-17 22:18:54.101,107192.38,0.009,964.73142
2025-10-17 22:18:54.104,107192.38,0.00113,121.1273894
2025-10-17 22:18:55.103,107191.99,0.012,1286.3038800000002
2025-10-17 22:18:55.104,107191.99,0.012,1286.3038800000002
2025-10-17 22:18:55.105,107191.99,0.01031,1105.1494169
2025-10-17 22:18:55.106,107191.98,0.00095,101.832381
2025-10-17 22:18:55.144,107191.71,0.00011,11.791088100000001
2025-10-17 22:18:55.448,107191.71,0.00011,11.791088100000001
2025-10-17 22:18:55.877,107191.7,0.00026,27.869842
2025-10-17 22:18:55.880,107191.7,0.00026,27.869842
2025-10-17 22:18:55.963,107191.71,0.00011,11.791088100000001
2025-10-17 22:18:55.989,107191.7,0.00077,82.53760899999999
2025-10-17 22:18:56.021,107191.7,0.00077,82.53760899999999
2025-10-17 22:18:57.122,107191.71,0.00047,50.3801037
2025-10-17 22:18:57.343,107191.7,0.00034,36.445178
2025-10-17 22:18:57.354,107191.7,0.002,214.3834
2025-10-17 22:18:57.355,107191.7,0.002,214.3834
2025-10-17 22:18:57.356,107191.7,0.002,214.3834
2025-10-17 22:18:57.528,107191.71,0.0007,75.034197
2025-10-17 22:18:57.753,107191.7,0.0011,117.91087
2025-10-17 22:18:58.151,107191.7,0.00766,821.088422
2025-10-17 22:18:58.153,107191.7,0.02865,3071.0422049999997
2025-10-17 22:18:58.862,107191.71,0.00172,184.3697412
2025-10-17 22:18:59.579,107191.71,0.00543,582.0509853
2025-10-17 22:19:00.165,107191.71,0.01516,1625.0263236
2025-10-17 22:19:00.171,107191.71,0.009,964.72539
2025-10-17 22:19:00.439,107191.7,0.00043,46.092431
2025-10-17 22:19:00.441,107191.7,0.0046,493.08182
2025-10-17 22:19:00.932,107191.71,8e-05,8.5753368
2025-10-17 22:19:01.524,107191.7,0.00026,27.869842
2025-10-17 22:19:01.526,107191.7,0.00081,86.825277
2025-10-17 22:19:01.530,107191.7,0.00922,988.3074740000001
2025-10-17 22:19:01.749,107191.7,0.00033,35.373261
2025-10-17 22:19:01.759,107191.71,0.00239,256.18818690000006
2025-10-17 22:19:02.037,107191.7,0.03768,4038.9832559999995
2025-10-17 22:19:02.466,107191.71,0.00606,649.5817626
2025-10-17 22:19:02.698,107191.7,0.012,1286.3004
2025-10-17 22:19:02.700,107191.7,0.00185,198.304645
2025-10-17 22:19:02.701,107191.7,0.012,1286.3004
2025-10-17 22:19:02.807,107191.71,0.00023,24.654093300000003
2025-10-17 22:19:03.316,107191.7,0.00028,30.013675999999997
2025-10-17 22:19:03.377,107191.71,0.00095,101.8321245
2025-10-17 22:19:04.343,107191.71,0.00092,98.61637320000001
2025-10-17 22:19:04.640,107191.7,0.0011,117.91087
2025-10-17 22:19:05.141,107191.71,0.00184,197.23274640000002
2025-10-17 22:19:05.175,107191.7,0.00013,13.934921
2025-10-17 22:19:05.733,107191.71,0.00068,72.8903628
2025-10-17 22:19:06.491,107191.7,0.00249,266.907333
2025-10-17 22:19:06.832,107191.7,0.00011,11.791087000000001
2025-10-17 22:19:07.334,107192.0,0.0001,10.7192
2025-10-17 22:19:07.338,107195.39,0.00105,112.55515949999999
2025-10-17 22:19:07.339,107195.38,0.24283,26030.2541254
2025-10-17 22:19:07.344,107196.53,0.00932,999.0716596
2025-10-17 22:19:07.345,107196.53,0.00385,412.7066405
2025-10-17 22:19:07.512,107196.53,0.00095,101.8367035
2025-10-17 22:19:07.933,107198.14,0.00086,92.1904004
2025-10-17 22:19:08.021,107198.13,0.00037,39.6633081
2025-10-17 22:19:08.620,107198.13,0.00328,351.6098664
2025-10-17 22:19:09.737,107198.13,0.00215,230.47597950000002
2025-10-17 22:19:09.925,107198.14,0.00075,80.398605
2025-10-17 22:19:10.031,107198.13,0.00047,50.383121100000004
2025-10-17 22:19:10.241,107198.14,0.00651,697.8598914
2025-10-17 22:19:10.244,107200.01,0.0009,96.480009
2025-10-17 22:19:10.257,107200.04,0.0014,150.08005599999998
2025-10-17 22:19:10.259,107203.73,0.0001,10.720373
2025-10-17 22:19:10.262,107205.02,0.0001,10.720502000000002
2025-10-17 22:19:10.268,107209.86,5e-05,5.360493
2025-10-17 22:19:10.274,107211.38,0.00055,58.96625900000001
2025-10-17 22:19:10.380,107211.38,0.0009,96.490242
2025-10-17 22:19:10.791,107212.0,0.0001,10.721200000000001
2025-10-17 22:19:11.339,107212.0,0.00076,81.48112
2025-10-17 22:19:11.577,107211.99,7e-05,7.5048392999999995
2025-10-17 22:19:11.921,107212.0,0.00028,30.01936
2025-10-17 22:19:12.046,107212.0,5e-05,5.360600000000001
2025-10-17 22:19:13.046,107212.0,0.00367,393.46804000000003
2025-10-17 22:19:13.061,107214.62,0.00933,1000.3124045999999
2025-10-17 22:19:13.071,107214.62,0.00494,529.6402228
2025-10-17 22:19:13.103,107214.62,0.00572,613.2676264
2025-10-17 22:19:13.105,107214.87,0.0006,64.32892199999999
2025-10-17 22:19:13.106,107214.87,0.00324,347.3761788
2025-10-17 22:19:13.119,107215.99,0.00493,528.5748307000001
2025-10-17 22:19:13.154,107216.0,0.00035,37.5256
2025-10-17 22:19:13.289,107216.0,0.0001,10.7216
2025-10-17 22:19:13.835,107216.0,0.01366,1464.5705600000001
2025-10-17 22:19:14.489,107216.0,0.00046,49.31936
2025-10-17 22:19:14.683,107216.0,0.00047,50.39152
2025-10-17 22:19:14.985,107216.0,0.00011,11.79376
2025-10-17 22:19:15.209,107216.0,0.00138,147.95808
2025-10-17 22:19:15.283,107218.0,0.00019,20.37142
2025-10-17 22:19:15.481,107218.0,0.00094,100.78492
2025-10-17 22:19:15.493,107218.0,0.00011,11.793980000000001
2025-10-17 22:19:15.615,107218.0,0.00256,274.47808000000003
2025-10-17 22:19:15.774,107218.01,0.00011,11.7939811
2025-10-17 22:19:15.775,107218.02,0.00075,80.413515
2025-10-17 22:19:15.816,107218.43,0.00128,137.2395904
2025-10-17 22:19:16.639,107220.0,0.00358,383.8476
2025-10-17 22:19:16.669,107219.99,0.00035,37.5269965
2025-10-17 22:19:17.013,107219.99,0.00152,162.97438480000002
2025-10-17 22:19:17.294,107219.99,0.19377,20776.017462300002
2025-10-17 22:19:17.370,107219.99,0.0024,257.327976
2025-10-17 22:19:18.504,107220.0,0.00018,19.2996
2025-10-17 22:19:18.582,107220.0,8e-05,8.5776
2025-10-17 22:19:18.592,107220.0,0.00311,333.4542
2025-10-17 22:19:18.639,107220.0,6e-05,6.4332
2025-10-17 22:19:18.937,107219.99,0.01864,1998.5806136
2025-10-17 22:19:18.939,107219.99,0.00113,121.1585887
2025-10-17 22:19:18.987,107219.99,8e-05,8.577599200000002
2025-10-17 22:19:19.123,107220.0,0.00049,52.5378
2025-10-17 22:19:19.163,107219.99,0.00204,218.72877960000002
2025-10-17 22:19:19.413,107219.99,0.00116,124.37518840000001
2025-10-17 22:19:19.543,107220.0,0.00024,25.7328
2025-10-17 22:19:19.661,107220.0,0.0015,160.83
2025-10-17 22:19:20.008,107219.99,0.02569,2754.4815431
2025-10-17 22:19:20.638,107219.99,0.00047,50.3933953
2025-10-17 22:19:21.278,107219.99,6e-05,6.4331994
2025-10-17 22:19:21.280,107219.99,0.05334,5719.1142666000005
2025-10-17 22:19:21.434,107219.99,0.00018,19.299598200000002
2025-10-17 22:19:21.962,107220.0,0.00211,226.2342
2025-10-17 22:19:22.469,107220.0,0.00024,25.7328
2025-10-17 22:19:22.956,107220.0,0.0004,42.888000000000005
2025-10-17 22:19:25.037,107219.99,0.00538,576.8435462000001
2025-10-17 22:19:25.178,107219.99,0.0001,10.721999
2025-10-17 22:19:26.275,107219.99,0.0001,10.721999
2025-10-17 22:19:27.230,107219.99,0.00047,50.3933953
2025-10-17 22:19:28.024,107220.0,0.00028,30.021599999999996
2025-10-17 22:19:29.189,107220.0,0.00012,12.8664
2025-10-17 22:19:30.033,107219.99,0.00565,605.7929435
2025-10-17 22:19:30.469,107220.0,0.00047,50.3934
2025-10-17 22:19:30.984,107219.99,0.028,3002.15972
2025-10-17 22:19:31.170,107220.0,0.02472,2650.4784
2025-10-17 22:19:32.492,107219.99,0.00418,448.1795582
2025-10-17 22:19:32.679,107220.0,0.00028,30.021599999999996
2025-10-17 22:19:32.990,107219.99,0.0045,482.489955
2025-10-17 22:19:33.372,107220.0,0.0005,53.61
2025-10-17 22:19:34.324,107219.99,0.00084,90.0647916
2025-10-17 22:19:34.468,107220.0,0.0001,10.722000000000001
2025-10-17 22:19:34.844,107220.0,0.00018,19.2996
2025-10-17 22:19:34.972,107219.99,9e-05,9.649799100000001
2025-10-17 22:19:35.072,107220.0,0.02286,2451.0492
2025-10-17 22:19:35.451,107220.0,0.0002,21.444000000000003
2025-10-17 22:19:35.981,107220.0,0.00094,100.7868
2025-10-17 22:19:36.745,107219.99,0.2063,22119.483937
2025-10-17 22:19:37.070,107219.99,0.00088,94.35359120000001
2025-10-17 22:19:37.595,107220.0,0.0103,1104.366
2025-10-17 22:19:37.862,107219.99,0.02715,2911.0227285
2025-10-17 22:19:38.023,107219.99,0.0152,1629.743848
2025-10-17 22:19:38.073,107220.0,0.1936,20757.791999999998
2025-10-17 22:19:38.077,107220.0,0.0453,4857.066
2025-10-17 22:19:38.084,107220.0,0.0452,4846.344
2025-10-17 22:19:38.109,107220.0,0.009,964.9799999999999
2025-10-17 22:19:38.120,107220.0,0.00594,636.8868
2025-10-17 22:19:38.599,107220.0,0.00047,50.3934
2025-10-17 22:19:39.834,107219.99,0.0009,96.497991
2025-10-17 22:19:40.459,107220.0,0.00028,30.021599999999996
2025-10-17 22:19:40.590,107219.99,0.00459,492.13975410000006
2025-10-17 22:19:41.601,107219.99,8e-05,8.577599200000002
2025-10-17 22:19:42.392,107220.0,0.00024,25.7328
2025-10-17 22:19:43.043,107220.0,0.00282,302.3604
2025-10-17 22:19:43.166,107220.0,0.00093,99.7146
2025-10-17 22:19:43.889,107220.0,0.00302,323.8044
2025-10-17 22:19:44.763,107219.99,5e-05,5.3609995
2025-10-17 22:19:44.792,107219.99,0.00047,50.3933953
2025-10-17 22:19:44.832,107220.0,0.00274,293.78279999999995
2025-10-17 22:19:45.218,107219.99,0.00067,71.8373933
2025-10-17 22:19:45.325,107219.99,0.00205,219.80097950000004
2025-10-17 22:19:45.593,107220.0,0.00214,229.4508
2025-10-17 22:19:46.098,107219.99,0.00054,57.8987946
2025-10-17 22:19:46.114,107219.99,0.00105,112.5809895
2025-10-17 22:19:46.473,107219.99,0.0026,278.771974
2025-10-17 22:19:46.668,107220.0,0.00099,106.1478
2025-10-17 22:19:47.240,107219.99,0.00016,17.155198400000003
2025-10-17 22:19:47.727,107219.99,0.00371,397.7861629
2025-10-17 22:19:48.069,107219.99,0.0185,1983.569815
2025-10-17 22:19:49.667,107220.0,0.00259,277.6998
2025-10-17 22:19:50.220,107220.0,0.0005,53.61
2025-10-17 22:19:50.401,107220.0,8e-05,8.5776
2025-10-17 22:19:50.413,107220.0,0.00023,24.660600000000002
2025-10-17 22:19:50.664,107220.0,0.00038,40.7436
2025-10-17 22:19:51.543,107220.0,1.72119,184545.9918
2025-10-17 22:19:51.581,107220.0,0.00012,12.8664
2025-10-17 22:19:51.582,107220.0,0.0233,2498.226
2025-10-17 22:19:52.051,107219.99,0.00105,112.5809895
2025-10-17 22:19:52.506,107220.0,0.00238,255.1836
2025-10-17 22:19:52.737,107219.99,8e-05,8.577599200000002
2025-10-17 22:19:53.673,107220.0,0.00047,50.3934
2025-10-17 22:19:55.281,107219.99,0.01164,1248.0406836
2025-10-17 22:19:56.019,107220.0,0.00046,49.321200000000005
2025-10-17 22:19:56.963,107220.0,0.00093,99.7146
2025-10-17 22:20:00.303,107220.0,0.00072,77.1984
2025-10-17 22:20:00.534,107220.0,5e-05,5.361000000000001
2025-10-17 22:20:00.578,107219.99,0.00047,50.3933953
2025-10-17 22:20:00.596,107220.0,5e-05,5.361000000000001
2025-10-17 22:20:00.781,107220.0,0.00047,50.3934
2025-10-17 22:20:01.256,107220.0,0.00014,15.010799999999998
2025-10-17 22:20:01.671,107220.0,0.00027,28.9494
2025-10-17 22:20:02.856,107220.0,0.00012,12.8664
2025-10-17 22:20:03.012,107220.0,0.0027,289.494
2025-10-17 22:20:03.291,107219.99,0.00198,212.29558020000002
2025-10-17 22:20:04.123,107220.0,0.00027,28.9494
2025-10-17 22:20:04.124,107220.0,0.00037,39.6714
2025-10-17 22:20:04.126,107220.0,0.00186,199.4292
2025-10-17 22:20:04.127,107220.0,0.00186,199.4292
2025-10-17 22:20:04.291,107219.99,0.00149,159.7577851
2025-10-17 22:20:05.833,107220.0,9e-05,9.6498
2025-10-17 22:20:06.002,107220.0,0.00052,55.7544
2025-10-17 22:20:07.492,107219.99,0.00889,953.1857111
2025-10-17 22:20:07.520,107220.0,0.00026,27.8772
2025-10-17 22:20:08.468,107220.0,0.01866,2000.7251999999999
2025-10-17 22:20:08.556,107220.0,0.00279,299.1438
2025-10-17 22:20:08.707,107219.99,0.00047,50.3933953
2025-10-17 22:20:09.210,107219.99,0.00023,24.6605977
2025-10-17 22:20:09.610,107220.0,0.00047,50.3934
2025-10-17 22:20:10.024,107219.99,7e-05,7.5053993
2025-10-17 22:20:10.371,107219.99,0.00082,87.9203918
2025-10-17 22:20:10.515,107219.99,0.00109,116.8697891
2025-10-17 22:20:11.163,107220.0,0.03426,3673.3572
2025-10-17 22:20:11.548,107219.99,0.00031,33.2381969
2025-10-17 22:20:12.317,107219.99,0.00098,105.07559020000001
2025-10-17 22:20:12.947,107220.0,0.00032,34.3104
2025-10-17 22:20:13.349,107216.8,0.00016,17.154688
2025-10-17 22:20:13.350,107213.63,5e-05,5.3606815
2025-10-17 22:20:13.352,107212.2,5e-05,5.36061
2025-10-17 22:20:13.357,107212.0,0.03539,3794.2326799999996
2025-10-17 22:20:13.395,107211.99,9e-05,9.649079100000002
2025-10-17 22:20:13.463,107211.99,0.01062,1138.5913338
2025-10-17 22:20:13.464,107206.01,9e-05,9.6485409
2025-10-17 22:20:13.675,107206.02,5e-05,5.360301000000001
2025-10-17 22:20:14.910,107206.02,0.00012,12.864722400000002
2025-10-17 22:20:15.467,107206.01,6e-05,6.4323606
2025-10-17 22:20:15.526,107206.02,0.00093,99.70159860000001
2025-10-17 22:20:15.947,107206.02,7e-05,7.5044214
2025-10-17 22:20:16.166,107206.02,4e-05,4.2882408000000005
2025-10-17 22:20:16.184,107206.02,0.00183,196.18701660000002
2025-10-17 22:20:16.412,107206.01,0.00109,116.85455089999999
2025-10-17 22:20:16.662,107206.01,0.0009,96.48540899999999
2025-10-17 22:20:17.163,107206.02,0.00023,24.6573846
2025-10-17 22:20:18.336,107206.01,6e-05,6.4323606
2025-10-17 22:20:18.739,107206.02,0.0006,64.323612
2025-10-17 22:20:19.729,107206.01,0.012,1286.47212
2025-10-17 22:20:19.731,107204.5,0.00071,76.115195
2025-10-17 22:20:19.734,107203.67,0.03368,3610.6196056
2025-10-17 22:20:19.735,107203.66,0.00851,912.3031466000001
2025-10-17 22:20:19.737,107203.66,0.012,1286.4439200000002
2025-10-17 22:20:19.815,107203.66,0.00214,229.4158324
2025-10-17 22:20:19.892,107203.65,0.0002,21.44073
2025-10-17 22:20:19.924,107203.65,0.00252,270.153198
2025-10-17 22:20:20.015,107203.64,0.002,214.40728000000001
2025-10-17 22:20:20.191,107203.63,0.0021,225.127623
2025-10-17 22:20:20.208,107203.62,0.00205,219.767421
2025-10-17 22:20:20.432,107201.74,0.00045,48.240783
2025-10-17 22:20:20.433,107201.73,0.00023,24.656397899999998
2025-10-17 22:20:20.890,107201.73,0.00057,61.1049861
2025-10-17 22:20:21.033,107201.73,0.00074,79.3292802
2025-10-17 22:20:21.494,107201.73,0.003,321.60519
2025-10-17 22:20:21.585,107201.73,7e-05,7.504121099999999
2025-10-17 22:20:21.649,107201.73,0.001,107.20173
2025-10-17 22:20:21.650,107201.73,0.001,107.20173
2025-10-17 22:20:22.314,107201.73,0.002,214.40346
2025-10-17 22:20:22.315,107201.73,0.002,214.40346
2025-10-17 22:20:22.316,107201.28,0.00015,16.080191999999997
2025-10-17 22:20:22.610,107201.27,0.00728,780.4252456
2025-10-17 22:20:22.611,107199.91,0.00196,210.1118236
2025-10-17 22:20:22.612,107199.9,9e-05,9.647991
2025-10-17 22:20:22.620,107199.75,0.001,107.19975000000001
2025-10-17 22:20:22.621,107199.75,0.001,107.19975000000001
2025-10-17 22:20:22.626,107199.74,0.0002,21.439948
2025-10-17 22:20:22.627,107199.74,0.0008,85.759792
2025-10-17 22:20:22.633,107196.11,5e-05,5.3598055
2025-10-17 22:20:22.659,107193.5,0.00174,186.51669
2025-10-17 22:20:22.764,107191.89,0.00272,291.5619408
2025-10-17 22:20:22.777,107191.5,6e-05,6.43149
2025-10-17 22:20:22.784,107191.4,0.00221,236.89299400000002
2025-10-17 22:20:22.815,107191.4,0.00174,186.513036
2025-10-17 22:20:22.915,107191.39,0.00205,219.74234950000002
2025-10-17 22:20:22.916,107191.38,0.001,107.19138000000001
2025-10-17 22:20:23.623,107191.02,7e-05,7.5033714
2025-10-17 22:20:23.710,107191.02,0.00018,19.294383600000003
2025-10-17 22:20:23.780,107191.01,0.00047,50.3797747
2025-10-17 22:20:24.434,107191.02,0.00022,23.5820244
2025-10-17 22:20:26.654,107191.02,0.01511,1619.6563122
2025-10-17 22:20:26.792,107191.01,9e-05,9.6471909
2025-10-17 22:20:26.961,107191.02,0.00012,12.8629224
2025-10-17 22:20:27.369,107191.02,0.00017,18.222473400000002
2025-10-17 22:20:27.632,107191.01,0.00014,15.006741399999997
2025-10-17 22:20:27.693,107191.01,0.001,107.19100999999999
2025-10-17 22:20:27.718,107191.02,0.00062,66.4584324
2025-10-17 22:20:27.809,107191.02,7e-05,7.5033714
2025-10-17 22:20:27.833,107191.02,0.0001,10.719102000000001
2025-10-17 22:20:27.916,107191.02,0.0001,10.719102000000001
2025-10-17 22:20:28.536,107191.02,0.00186,199.3752972
2025-10-17 22:20:28.646,107191.01,0.002,214.38201999999998
2025-10-17 22:20:28.647,107191.01,0.002,214.38201999999998
2025-10-17 22:20:28.709,107191.02,0.00014,15.0067428
2025-10-17 22:20:28.719,107191.02,0.02142,2296.0316484000004
2025-10-17 22:20:28.933,107191.02,0.00933,1000.0922166
2025-10-17 22:20:29.225,107191.02,0.00047,50.379779400000004
2025-10-17 22:20:29.285,107191.02,0.00035,37.516857
2025-10-17 22:20:29.438,107191.02,0.00011,11.7910122
2025-10-17 22:20:29.648,107191.02,0.00274,293.7033948
2025-10-17 22:20:29.670,107191.02,0.00024,25.7258448
2025-10-17 22:20:29.817,107191.02,8e-05,8.5752816
2025-10-17 22:20:29.879,107191.02,0.00011,11.7910122
2025-10-17 22:20:30.028,107191.01,0.00131,140.4202231
2025-10-17 22:20:30.890,107191.01,0.00047,50.3797747
2025-10-17 22:20:31.332,107191.02,0.00933,1000.0922166
2025-10-17 22:20:31.418,107191.01,0.00023,24.6539323
2025-10-17 22:20:31.649,107191.01,0.00964,1033.3213363999998
2025-10-17 22:20:31.944,107191.02,0.0001,10.719102000000001
2025-10-17 22:20:32.113,107191.02,0.00056,60.0269712
2025-10-17 22:20:32.183,107191.02,6e-05,6.4314612
2025-10-17 22:20:33.171,107191.01,0.00053,56.81123529999999
2025-10-17 22:20:33.390,107191.01,0.00757,811.4359457
2025-10-17 22:20:33.640,107191.01,0.00187,200.44718869999997
2025-10-17 22:20:33.648,107191.01,0.00027,28.9415727
2025-10-17 22:20:33.849,107191.02,0.00015,16.078653
2025-10-17 22:20:34.713,107191.01,0.00666,713.8921266
2025-10-17 22:20:34.730,107191.01,0.00014,15.006741399999997
2025-10-17 22:20:34.788,107191.01,0.00093,99.6876393
2025-10-17 22:20:35.102,107191.02,0.00093,99.6876486
2025-10-17 22:20:35.543,107191.02,0.00047,50.379779400000004
2025-10-17 22:20:35.847,107191.01,0.00093,99.6876393
2025-10-17 22:20:36.785,107191.02,0.00073,78.2494446
2025-10-17 22:20:36.908,107191.01,0.00093,99.6876393
2025-10-17 22:20:37.036,107191.02,0.00904,969.0068208
2025-10-17 22:20:37.738,107191.02,0.01,1071.9102
2025-10-17 22:20:37.966,107191.01,0.00093,99.6876393
2025-10-17 22:20:39.026,107191.01,0.00093,99.6876393
2025-10-17 22:20:39.324,107191.01,0.00251,269.0494351
2025-10-17 22:20:39.326,107190.99,0.0001,10.719099000000002
2025-10-17 22:20:39.385,107189.93,0.00136,145.7783048
2025-10-17 22:20:39.717,107188.75,0.00047,50.3787125
2025-10-17 22:20:40.083,107188.75,0.00466,499.499575
2025-10-17 22:20:40.085,107188.75,0.00093,99.68553750000001
2025-10-17 22:20:41.156,107188.75,0.00093,99.68553750000001
2025-10-17 22:20:41.719,107188.75,8e-05,8.5751
2025-10-17 22:20:41.741,107188.76,0.00094,100.7574344
2025-10-17 22:20:42.024,107188.75,0.0048,514.506
2025-10-17 22:20:42.228,107188.75,0.00093,99.68553750000001
2025-10-17 22:20:42.505,107188.75,0.012,1286.265
2025-10-17 22:20:42.601,107188.76,0.02139,2292.7675763999996
2025-10-17 22:20:42.705,107188.76,0.00023,24.6534148
2025-10-17 22:20:43.286,107188.75,0.00093,99.68553750000001
2025-10-17 22:20:43.360,107188.75,0.04924,5277.97405
2025-10-17 22:20:43.411,107188.76,0.031,3322.8515599999996
2025-10-17 22:20:43.484,107188.75,0.0031,332.285125
2025-10-17 22:20:44.130,107188.76,0.00059,63.2413684
2025-10-17 22:20:44.347,107188.75,0.00093,99.68553750000001
2025-10-17 22:20:44.667,107188.76,0.0368,3944.546368
2025-10-17 22:20:44.670,107188.75,0.0003,32.156625
2025-10-17 22:20:45.050,107188.76,0.00047,50.3787172
2025-10-17 22:20:45.233,107188.76,0.00087,93.25422119999999
2025-10-17 22:20:45.406,107188.75,0.00093,99.68553750000001
2025-10-17 22:20:45.607,107188.76,0.0061,653.851436
2025-10-17 22:20:46.481,107188.75,0.00093,99.68553750000001
2025-10-17 22:20:46.999,107188.76,0.00549,588.4662923999999
2025-10-17 22:20:47.024,107188.75,0.00021,22.5096375
2025-10-17 22:20:47.547,107188.75,0.00093,99.68553750000001
2025-10-17 22:20:48.262,107188.76,0.00028,30.012852799999997
2025-10-17 22:20:48.478,107188.76,0.00093,99.6855468
2025-10-17 22:20:48.610,107188.75,0.00093,99.68553750000001
2025-10-17 22:20:48.625,107188.76,0.00052,55.738155199999994
2025-10-17 22:20:48.762,107188.76,0.00467,500.5715091999999
2025-10-17 22:20:48.808,107188.75,0.00103,110.4044125
2025-10-17 22:20:49.178,107188.76,0.00177,189.7241052
2025-10-17 22:20:49.506,107188.75,0.012,1286.265
2025-10-17 22:20:49.507,107188.75,0.012,1286.265
2025-10-17 22:20:49.670,107188.75,0.00093,99.68553750000001
2025-10-17 22:20:49.769,107188.76,0.02221,2380.6623596
2025-10-17 22:20:50.459,107188.76,0.00018,19.2939768
2025-10-17 22:20:50.462,107188.76,7e-05,7.503213199999999
2025-10-17 22:20:50.625,107188.75,0.00161,172.5738875
2025-10-17 22:20:50.731,107188.75,0.00093,99.68553750000001
2025-10-17 22:20:51.168,107188.76,0.0006,64.313256
2025-10-17 22:20:51.528,107188.76,0.00047,50.3787172
2025-10-17 22:20:51.791,107188.75,0.00093,99.68553750000001
2025-10-17 22:20:51.926,107188.76,0.00056,60.025705599999995
2025-10-17 22:20:52.176,107188.75,0.00013,13.9345375
2025-10-17 22:20:52.852,107188.75,0.00093,99.68553750000001
2025-10-17 22:20:52.939,107188.76,0.00022,23.5815272
2025-10-17 22:20:53.910,107188.75,0.00093,99.68553750000001
2025-10-17 22:20:54.332,107188.76,0.00011,11.7907636
2025-10-17 22:20:54.970,107188.75,0.00093,99.68553750000001
2025-10-17 22:20:55.292,107188.75,0.00844,904.67305
2025-10-17 22:20:55.332,107188.76,0.01209,1295.9121083999999
2025-10-17 22:20:55.475,107188.76,8e-05,8.5751008
2025-10-17 22:20:55.899,107188.76,0.00077,82.5353452
2025-10-17 22:20:56.028,107188.75,0.00093,99.68553750000001
2025-10-17 22:20:56.301,107188.75,0.00135,144.7048125
2025-10-17 22:20:56.668,107188.75,0.00012,12.86265
2025-10-17 22:20:57.089,107188.75,0.00093,99.68553750000001
2025-10-17 22:20:57.363,107188.76,0.00241,258.32491159999995
2025-10-17 22:20:57.733,107188.75,0.05,5359.4375
2025-10-17 22:20:57.917,107188.75,0.00156,167.21445
2025-10-17 22:20:57.990,107188.75,0.00017,18.2220875
2025-10-17 22:20:58.149,107188.75,0.00093,99.68553750000001
2025-10-17 22:20:58.504,107188.75,0.00822,881.0915249999999
2025-10-17 22:20:59.211,107188.75,0.00093,99.68553750000001
2025-10-17 22:21:00.271,107188.75,8e-05,8.5751
2025-10-17 22:21:00.662,107188.76,0.03573,3829.8543947999997
2025-10-17 22:21:00.743,107188.76,0.00116,124.33896159999999
2025-10-17 22:21:01.331,107188.75,0.00093,99.68553750000001
2025-10-17 22:21:01.336,107188.75,0.00012,12.86265
2025-10-17 22:21:01.781,107188.76,0.00052,55.738155199999994
2025-10-17 22:21:01.932,107188.76,0.00172,184.36466719999999
2025-10-17 22:21:02.336,107188.76,0.00039,41.803616399999996
2025-10-17 22:21:02.392,107188.75,0.00093,99.68553750000001
2025-10-17 22:21:02.680,107188.75,0.01989,2131.9842375000003
2025-10-17 22:21:03.221,107188.75,0.00075,80.3915625
2025-10-17 22:21:03.451,107188.75,0.00093,99.68553750000001
2025-10-17 22:21:03.615,107188.76,0.04981,5339.0721355999995
2025-10-17 22:21:04.513,107188.75,0.00093,99.68553750000001
2025-10-17 22:21:04.809,107188.76,9e-05,9.6469884
2025-10-17 22:21:04.957,107188.76,0.0002,21.437752
2025-10-17 22:21:05.123,107188.75,0.00093,99.68553750000001
2025-10-17 22:21:05.588,107188.75,0.00093,99.68553750000001
2025-10-17 22:21:05.651,107188.75,0.00047,50.3787125
2025-10-17 22:21:06.518,107188.76,0.00382,409.4610632
2025-10-17 22:21:06.535,107188.76,0.00024,25.7253024
2025-10-17 22:21:06.659,107188.75,0.00093,99.68553750000001
2025-10-17 22:21:06.724,107188.75,0.012,1286.265
2025-10-17 22:21:06.733,107188.75,9e-05,9.6469875
2025-10-17 22:21:06.947,107188.76,0.00016,17.1502016
2025-10-17 22:21:07.419,107188.76,0.00058,62.169480799999995
2025-10-17 22:21:07.720,107188.75,0.00093,99.68553750000001
2025-10-17 22:21:07.793,107188.75,8e-05,8.5751
2025-10-17 22:21:07.966,107188.75,0.001,107.18875
2025-10-17 22:21:08.231,107188.75,0.00013,13.9345375
2025-10-17 22:21:08.619,107188.76,0.00047,50.3787172
2025-10-17 22:21:08.780,107188.75,0.00093,99.68553750000001
2025-10-17 22:21:08.849,107188.75,0.01196,1281.97745
2025-10-17 22:21:09.382,107188.76,0.00094,100.7574344
2025-10-17 22:21:09.825,107188.75,0.0004,42.8755
2025-10-17 22:21:09.841,107188.75,0.00093,99.68553750000001
2025-10-17 22:21:10.265,107188.75,0.00187,200.4429625
2025-10-17 22:21:10.518,107188.75,0.00619,663.4983625
2025-10-17 22:21:10.901,107188.75,0.00093,99.68553750000001
2025-10-17 22:21:11.375,107188.76,6e-05,6.4313256
2025-10-17 22:21:11.579,107188.75,0.0001,10.718875
2025-10-17 22:21:11.960,107188.75,0.00093,99.68553750000001
2025-10-17 22:21:12.107,107188.75,0.09463,10143.2714125
2025-10-17 22:21:12.229,107188.75,0.012,1286.265
2025-10-17 22:21:12.230,107188.75,0.012,1286.265
2025-10-17 22:21:12.286,107188.75,0.0001,10.718875
2025-10-17 22:21:12.402,107188.75,0.012,1286.265
2025-10-17 22:21:12.403,107188.75,0.012,1286.265
2025-10-17 22:21:12.444,107188.75,0.0336,3601.542
2025-10-17 22:21:13.019,107188.75,0.00093,99.68553750000001
2025-10-17 22:21:13.864,107188.76,0.00027,28.940965199999997
2025-10-17 22:21:13.957,107188.75,0.08,8575.1
2025-10-17 22:21:13.959,107188.75,0.00051,54.6662625
2025-10-17 22:21:13.967,107185.98,0.00955,1023.6261089999999
2025-10-17 22:21:13.968,107185.98,0.012,1286.23176
2025-10-17 22:21:13.970,107185.98,0.012,1286.23176
2025-10-17 22:21:14.013,107185.98,0.0014,150.060372
2025-10-17 22:21:14.079,107185.97,0.00093,99.68295210000001
2025-10-17 22:21:14.115,107185.97,0.00122,130.76688339999998
2025-10-17 22:21:14.582,107185.0,0.04991,5349.60335
2025-10-17 22:21:14.762,107185.01,0.00047,50.3769547
2025-10-17 22:21:15.158,107185.0,0.00047,50.37695
2025-10-17 22:21:15.166,107185.0,0.00093,99.68205
2025-10-17 22:21:15.868,107185.01,0.00043,46.089554299999996
2025-10-17 22:21:16.022,107185.0,0.01,1071.85
2025-10-17 22:21:16.175,107185.0,0.00017,18.22145
2025-10-17 22:21:16.225,107185.0,0.00093,99.68205
2025-10-17 22:21:16.942,107185.0,0.11748,12592.0938
2025-10-17 22:21:17.285,107185.0,0.00093,99.68205
2025-10-17 22:21:17.525,107185.0,0.00145,155.41825
2025-10-17 22:21:17.594,107185.01,0.00422,452.3207422
2025-10-17 22:21:17.621,107185.0,0.00093,99.68205
2025-10-17 22:21:18.345,107185.0,0.00093,99.68205
2025-10-17 22:21:18.396,107185.01,5e-05,5.3592505
2025-10-17 22:21:18.943,107185.01,0.00019,20.3651519
2025-10-17 22:21:19.406,107185.0,0.00093,99.68205
2025-10-17 22:21:19.411,107185.01,5e-05,5.3592505
2025-10-17 22:21:19.585,107185.0,0.00668,715.9958
2025-10-17 22:21:20.109,107185.01,0.00247,264.7469747
2025-10-17 22:21:20.263,107185.0,0.04739,5079.49715
2025-10-17 22:21:20.475,107185.0,0.00093,99.68205
2025-10-17 22:21:21.040,107185.0,0.00115,123.26275
2025-10-17 22:21:21.041,107185.0,0.00158,169.3523
2025-10-17 22:21:21.043,107185.0,0.00158,169.3523
2025-10-17 22:21:21.044,107185.0,0.00162,173.63969999999998
2025-10-17 22:21:21.045,107185.0,0.00155,166.13675
2025-10-17 22:21:21.046,107185.0,0.00132,141.4842
2025-10-17 22:21:21.047,107185.0,0.00221,236.87885000000003
2025-10-17 22:21:21.185,107185.0,0.00018,19.293300000000002
2025-10-17 22:21:21.275,107185.0,8e-05,8.574800000000002
2025-10-17 22:21:21.317,107185.0,0.00018,19.293300000000002
2025-10-17 22:21:21.420,107185.0,0.00018,19.293300000000002
2025-10-17 22:21:21.541,107185.0,0.00093,99.68205
2025-10-17 22:21:21.619,107185.0,0.00063,67.52655
2025-10-17 22:21:21.636,107185.0,0.00047,50.37695
2025-10-17 22:21:21.639,107185.01,0.00047,50.3769547
2025-10-17 22:21:22.575,107185.0,0.002,214.37
2025-10-17 22:21:22.601,107185.0,0.00093,99.68205
2025-10-17 22:21:22.711,107185.0,0.00063,67.52655
2025-10-17 22:21:22.994,107185.0,5e-05,5.35925
2025-10-17 22:21:23.376,107185.01,0.00013,13.934051299999998
2025-10-17 22:21:23.635,107185.0,0.0021,225.08849999999998
2025-10-17 22:21:23.660,107185.0,0.00093,99.68205
2025-10-17 22:21:23.702,107185.0,0.012,1286.22
2025-10-17 22:21:23.712,107184.98,0.0001,10.718498
2025-10-17 22:21:23.714,107184.47,0.00015,16.0776705
2025-10-17 22:21:23.719,107184.31,0.00075,80.3882325
2025-10-17 22:21:23.720,107184.31,0.0003,32.15529299999999
2025-10-17 22:21:23.721,107184.31,0.133,14255.51323
2025-10-17 22:21:23.723,107184.31,0.00028,30.011606799999996
2025-10-17 22:21:23.724,107184.3,0.0019,203.65017
2025-10-17 22:21:23.726,107184.3,0.0006,64.31058
2025-10-17 22:21:23.727,107184.3,0.00035,37.514505
2025-10-17 22:21:23.728,107184.3,0.00027,28.939761
2025-10-17 22:21:23.729,107184.29,0.00185,198.2909365
2025-10-17 22:21:23.732,107184.29,0.00025,26.796072499999998
2025-10-17 22:21:23.739,107184.29,0.00025,26.796072499999998
2025-10-17 22:21:23.741,107182.82,0.0014,150.055948
2025-10-17 22:21:23.743,107182.82,0.00025,26.795705
2025-10-17 22:21:23.744,107182.82,0.00025,26.795705
2025-10-17 22:21:23.745,107182.82,0.00025,26.795705
2025-10-17 22:21:23.748,107182.82,0.00029,31.083017800000004
2025-10-17 22:21:23.749,107182.81,0.001,107.18281
2025-10-17 22:21:23.750,107182.81,0.0003,32.154843
2025-10-17 22:21:23.751,107182.81,0.00045,48.2322645
2025-10-17 22:21:23.753,107182.81,0.00026,27.8675306
2025-10-17 22:21:23.755,107182.81,0.00025,26.7957025
2025-10-17 22:21:23.756,107182.81,5e-05,5.3591405000000005
2025-10-17 22:21:23.757,107182.8,0.00025,26.7957
2025-10-17 22:21:23.759,107182.8,0.00075,80.3871
2025-10-17 22:21:23.761,107182.8,0.00025,26.7957
2025-10-17 22:21:23.762,107180.72,0.00237,254.01830640000003
2025-10-17 22:21:23.764,107180.72,0.00146,156.4838512
2025-10-17 22:21:23.765,107180.72,0.00045,48.231324
2025-10-17 22:21:23.769,107180.0,0.0007,75.026
2025-10-17 22:21:23.770,107180.0,0.0069,739.542
2025-10-17 22:21:23.782,107180.0,0.01303,1396.5554
2025-10-17 22:21:23.784,107180.0,0.00015,16.076999999999998
2025-10-17 22:21:24.354,107180.01,9e-05,9.6462009
2025-10-17 22:21:24.477,107180.0,0.012,1286.16
2025-10-17 22:21:24.579,107180.01,0.00053,56.8054053
2025-10-17 22:21:24.817,107180.0,0.00093,99.6774
2025-10-17 22:21:24.923,107180.0,0.00101,108.2518
2025-10-17 22:21:24.933,107180.0,0.00187,200.42659999999998
2025-10-17 22:21:24.943,107180.0,0.00101,108.2518
2025-10-17 22:21:24.948,107180.01,0.00047,50.3746047
2025-10-17 22:21:25.083,107180.0,0.00022,23.5796
2025-10-17 22:21:25.878,107180.0,0.00093,99.6774
2025-10-17 22:21:26.106,107180.0,0.001,107.18
2025-10-17 22:21:26.365,107180.0,0.021,2250.78
2025-10-17 22:21:26.577,107180.0,0.0001,10.718
2025-10-17 22:21:26.655,107180.0,0.019,2036.4199999999998
2025-10-17 22:21:26.954,107180.0,0.00093,99.6774
2025-10-17 22:21:27.083,107180.01,0.00012,12.861601199999999
2025-10-17 22:21:27.409,107180.0,0.0107,1146.826
2025-10-17 22:21:27.746,107180.0,0.00064,68.5952
2025-10-17 22:21:27.784,107180.0,0.04,4287.2
2025-10-17 22:21:27.785,107180.0,0.201,21543.18
2025-10-17 22:21:27.788,107180.0,0.012,1286.16
2025-10-17 22:21:28.014,107180.0,0.00093,99.6774
2025-10-17 22:21:28.310,107180.01,0.0003,32.154002999999996
2025-10-17 22:21:28.377,107180.0,0.002,214.36
2025-10-17 22:21:28.607,107180.0,0.00031,33.2258
2025-10-17 22:21:28.733,107180.0,0.00047,50.3746
2025-10-17 22:21:29.074,107180.0,0.00093,99.6774
2025-10-17 22:21:29.380,107180.0,0.054,5787.72
2025-10-17 22:21:29.721,107180.0,0.00108,115.7544
2025-10-17 22:21:30.133,107180.0,0.00093,99.6774
2025-10-17 22:21:30.468,107180.01,0.00047,50.3746047
2025-10-17 22:21:30.732,107180.0,0.002,214.36
2025-10-17 22:21:30.884,107180.0,0.00822,881.0196
2025-10-17 22:21:30.919,107180.0,5e-05,5.359
2025-10-17 22:21:31.193,107180.0,0.00093,99.6774
2025-10-17 22:21:31.219,107180.01,0.00044,47.1592044
2025-10-17 22:21:31.287,107180.0,0.00101,108.2518
2025-10-17 22:21:31.507,107180.0,0.001,107.18
2025-10-17 22:21:31.562,107180.0,0.00012,12.861600000000001
2025-10-17 22:21:31.640,107180.01,0.00909,974.2662909000001
2025-10-17 22:21:31.982,107180.0,0.00132,141.4776
2025-10-17 22:21:32.251,107180.0,0.00093,99.6774
2025-10-17 22:21:33.243,107180.0,0.0006,64.30799999999999
2025-10-17 22:21:33.311,107180.0,0.00093,99.6774
2025-10-17 22:21:33.688,107180.0,0.00092,98.60560000000001
2025-10-17 22:21:34.372,107180.0,0.00093,99.6774
2025-10-17 22:21:34.521,107180.0,9e-05,9.6462
2025-10-17 22:21:34.616,107180.01,0.00093,99.67740930000001
2025-10-17 22:21:34.873,107180.0,0.021,2250.78
2025-10-17 22:21:35.180,107180.0,0.04,4287.2
2025-10-17 22:21:35.184,107180.0,0.012,1286.16
2025-10-17 22:21:35.185,107180.0,0.012,1286.16
2025-10-17 22:21:35.187,107180.0,0.012,1286.16
2025-10-17 22:21:35.392,107180.0,0.00129,138.26219999999998
2025-10-17 22:21:35.435,107180.0,0.00093,99.6774
2025-10-17 22:21:35.586,107180.0,0.0197,2111.446
2025-10-17 22:21:36.369,107180.0,0.00022,23.5796
2025-10-17 22:21:36.404,107180.0,0.005,535.9
2025-10-17 22:21:36.405,107180.0,0.01,1071.8
2025-10-17 22:21:36.494,107180.0,0.00093,99.6774
2025-10-17 22:21:36.819,107180.0,9e-05,9.6462
2025-10-17 22:21:36.871,107180.01,0.00284,304.3912284
2025-10-17 22:21:37.367,107180.0,0.00089,95.3902
2025-10-17 22:21:37.554,107180.0,0.00093,99.6774
2025-10-17 22:21:37.572,107180.0,0.08,8574.4
2025-10-17 22:21:37.735,107180.01,0.0001,10.718001
2025-10-17 22:21:37.818,107180.01,0.00056,60.02080559999999
2025-10-17 22:21:38.064,107180.01,0.00012,12.861601199999999
2025-10-17 22:21:38.517,107180.0,0.00126,135.04680000000002
2025-10-17 22:21:38.613,107180.0,0.00093,99.6774
2025-10-17 22:21:38.728,107180.0,0.00047,50.3746
2025-10-17 22:21:38.794,107180.0,0.012,1286.16
2025-10-17 22:21:39.333,107180.01,0.00021,22.5078021
2025-10-17 22:21:39.673,107180.0,0.00093,99.6774
2025-10-17 22:21:39.812,107180.01,0.00093,99.67740930000001
2025-10-17 22:21:39.999,107180.01,0.0002,21.436002
2025-10-17 22:21:40.113,107180.0,0.05625,6028.875
2025-10-17 22:21:40.185,107180.01,0.00095,101.82100949999999
2025-10-17 22:21:40.486,107180.01,0.001,107.18001
2025-10-17 22:21:40.529,107179.2,0.00602,645.218784
2025-10-17 22:21:40.563,107179.2,0.012,1286.1504
2025-10-17 22:21:40.564,107179.2,0.012,1286.1504
2025-10-17 22:21:40.733,107179.2,0.00093,99.67665600000001
2025-10-17 22:21:40.856,107179.2,0.00014,15.005087999999999
2025-10-17 22:21:41.161,107179.2,0.00014,15.005087999999999
2025-10-17 22:21:41.408,107179.21,0.00096,102.89204160000001
2025-10-17 22:21:41.680,107179.21,0.00093,99.67666530000001
2025-10-17 22:21:41.801,107179.2,0.00093,99.67665600000001
2025-10-17 22:21:41.811,107179.2,0.00211,226.14811199999997
2025-10-17 22:21:41.812,107177.88,5e-05,5.358894
2025-10-17 22:21:41.857,107175.93,0.00081,86.81250329999999
2025-10-17 22:21:42.860,107175.92,0.00093,99.6736056
2025-10-17 22:21:43.326,107175.92,0.00089,95.38656879999999
2025-10-17 22:21:43.919,107175.92,0.00093,99.6736056
2025-10-17 22:21:43.956,107175.92,0.012,1286.11104
2025-10-17 22:21:44.203,107175.93,0.00046,49.3009278
2025-10-17 22:21:44.243,107175.92,0.00167,178.9837864
2025-10-17 22:21:44.747,107175.93,0.00031,33.2245383
2025-10-17 22:21:44.783,107175.93,0.00271,290.4467703
2025-10-17 22:21:44.978,107175.92,0.00093,99.6736056
2025-10-17 22:21:45.591,107175.93,0.00132,141.4722276
2025-10-17 22:21:45.984,107175.93,0.00051,54.6597243
2025-10-17 22:21:46.038,107175.92,0.00093,99.6736056
2025-10-17 22:21:47.027,107175.93,0.00186,199.3472298
2025-10-17 22:21:47.045,107175.92,0.00582,623.7638543999999
2025-10-17 22:21:47.052,107175.32,0.0013,139.32791600000002
2025-10-17 22:21:47.056,107175.13,0.012,1286.10156
2025-10-17 22:21:47.100,107175.13,0.00178,190.7717314
2025-10-17 22:21:47.103,107175.12,0.00093,99.6728616
2025-10-17 22:21:47.457,107175.13,9e-05,9.645761700000001
2025-10-17 22:21:48.166,107175.12,0.00093,99.6728616
2025-10-17 22:21:48.914,107175.12,0.00155,166.121436
2025-10-17 22:21:48.915,107175.12,0.0001,10.717512
2025-10-17 22:21:48.918,107175.11,0.00025,26.7937775
2025-10-17 22:21:48.944,107175.11,0.0002,21.435022
2025-10-17 22:21:48.947,107174.66,0.00025,26.793665
2025-10-17 22:21:48.948,107174.66,0.00045,48.228597
2025-10-17 22:21:48.949,107174.65,0.001,107.17465
2025-10-17 22:21:48.951,107174.65,0.0006,64.30479
2025-10-17 22:21:48.952,107174.65,0.0004,42.86986
2025-10-17 22:21:48.955,107174.65,0.00035,37.5111275
2025-10-17 22:21:48.959,107170.84,0.00093,99.6688812
2025-10-17 22:21:48.961,107170.84,0.003,321.51252
2025-10-17 22:21:49.230,107170.75,0.00093,99.66879750000001
2025-10-17 22:21:49.422,107170.75,0.00078,83.593185
2025-10-17 22:21:49.732,107170.75,0.00089,95.38196749999999
2025-10-17 22:21:50.097,107170.76,0.00047,50.3702572
2025-10-17 22:21:50.289,107170.75,0.00093,99.66879750000001
2025-10-17 22:21:50.357,107170.76,0.00728,780.2031327999999
2025-10-17 22:21:50.602,107170.75,0.0018,192.90735
2025-10-17 22:21:50.612,107170.75,0.00099,106.0990425
2025-10-17 22:21:51.058,107170.76,0.00027,28.9361052
2025-10-17 22:21:51.350,107170.75,0.00093,99.66879750000001
2025-10-17 22:21:51.374,107170.75,0.00118,126.46148500000001
2025-10-17 22:21:51.503,107170.75,9e-05,9.6453675
2025-10-17 22:21:51.748,107170.75,0.00047,50.3702525
2025-10-17 22:21:51.827,107170.76,0.00527,564.7899052
2025-10-17 22:21:51.830,107170.75,0.012,1286.049
2025-10-17 22:21:51.831,107170.75,0.012,1286.049
2025-10-17 22:21:52.081,107170.75,0.00267,286.14590250000003
2025-10-17 22:21:52.087,107168.68,0.0001,10.716868
2025-10-17 22:21:52.088,107166.31,0.00015,16.0749465
2025-10-17 22:21:52.144,107166.3,0.0019,203.61597
2025-10-17 22:21:52.154,107166.3,0.00218,233.622534
2025-10-17 22:21:52.167,107166.3,0.00205,219.69091500000002
2025-10-17 22:21:52.169,107166.01,0.00015,16.0749015
2025-10-17 22:21:52.171,107166.0,0.0005,53.583
2025-10-17 22:21:52.172,107166.0,0.00055,58.941300000000005
2025-10-17 22:21:52.173,107166.0,0.00025,26.7915
2025-10-17 22:21:52.174,107166.0,0.0003,32.1498
2025-10-17 22:21:52.176,107165.99,0.001,107.16599000000001
2025-10-17 22:21:52.178,107165.99,0.00115,123.2408885
2025-10-17 22:21:52.180,107165.98,0.001,107.16598
2025-10-17 22:21:52.181,107165.98,0.0003,32.14979399999999
2025-10-17 22:21:52.182,107165.98,0.00035,37.508092999999995
2025-10-17 22:21:52.184,107165.97,0.00085,91.09107449999999
2025-10-17 22:21:52.185,107165.97,0.00025,26.7914925
2025-10-17 22:21:52.186,107165.97,0.00035,37.5080895
2025-10-17 22:21:52.190,107165.97,0.00025,26.7914925
2025-10-17 22:21:52.195,107165.97,0.00037,39.6514089
2025-10-17 22:21:52.249,107165.97,0.0008,85.732776
2025-10-17 22:21:52.267,107165.96,0.00187,200.4003452
2025-10-17 22:21:52.311,107164.41,0.00549,588.3326109000001
2025-10-17 22:21:52.409,107164.41,0.00093,99.66290130000002
2025-10-17 22:21:52.428,107164.41,0.00235,251.8363635
2025-10-17 22:21:52.527,107164.41,0.0031,332.209671
2025-10-17 22:21:52.529,107164.0,0.0019,203.6116
2025-10-17 22:21:52.535,107164.0,0.00025,26.791
2025-10-17 22:21:52.536,107164.0,0.00025,26.791
2025-10-17 22:21:52.538,107164.0,0.00025,26.791
2025-10-17 22:21:52.539,107161.79,5e-05,5.3580895
2025-10-17 22:21:52.540,107161.43,0.012,1285.93716
2025-10-17 22:21:52.542,107161.43,0.00299,320.41267569999997
2025-10-17 22:21:52.657,107160.73,0.004,428.64292
2025-10-17 22:21:52.867,107160.74,0.00047,50.3655478
2025-10-17 22:21:53.335,107160.73,0.002,214.32146
2025-10-17 22:21:53.470,107160.73,0.00093,99.6594789
2025-10-17 22:21:53.552,107160.73,0.031,3321.98263
2025-10-17 22:21:53.932,107160.74,0.00047,50.3655478
2025-10-17 22:21:54.365,107160.74,0.00306,327.9118644
2025-10-17 22:21:54.529,107160.73,0.00093,99.6594789
2025-10-17 22:21:54.626,107160.73,0.00016,17.145716800000002
2025-10-17 22:21:54.675,107160.73,0.001,107.16073
2025-10-17 22:21:55.148,107160.73,0.048,5143.71504
2025-10-17 22:21:55.152,107160.73,0.012,1285.92876
2025-10-17 22:21:55.227,107160.73,0.00194,207.8918162
2025-10-17 22:21:55.231,107160.73,0.00194,207.8918162
2025-10-17 22:21:55.394,107160.73,0.08839,9471.9369247
2025-10-17 22:21:55.589,107160.73,0.00093,99.6594789
2025-10-17 22:21:55.940,107160.73,0.00188,201.4621724
2025-10-17 22:21:56.011,107160.73,0.01,1071.6073
2025-10-17 22:21:56.126,107160.73,0.00918,983.7355014000001
2025-10-17 22:21:56.134,107160.73,0.012,1285.92876
2025-10-17 22:21:56.307,107160.73,0.00031,33.2198263
2025-10-17 22:21:56.649,107160.73,0.00093,99.6594789
2025-10-17 22:21:56.723,107160.71,0.15107,16188.768459700002
2025-10-17 22:21:56.725,107160.71,0.012,1285.9285200000002
2025-10-17 22:21:56.727,107159.0,6e-05,6.42954
2025-10-17 22:21:56.729,107157.53,0.04,4286.3012
2025-10-17 22:21:56.732,107157.53,0.012,1285.89036
2025-10-17 22:21:56.739,107157.53,0.02266,2428.1896298
2025-10-17 22:21:56.771,107157.53,0.00186,199.3130058
2025-10-17 22:21:56.776,107157.53,0.00027,28.9325331
2025-10-17 22:21:56.933,107157.53,0.00218,233.60341540000002
2025-10-17 22:21:57.063,107157.53,0.01,1071.5753
2025-10-17 22:21:57.187,107157.53,0.0072,771.534216
2025-10-17 22:21:57.286,107157.53,0.001,107.15753
2025-10-17 22:21:57.287,107157.53,0.002,214.31506
2025-10-17 22:21:57.581,107157.53,0.00375,401.8407375
2025-10-17 22:21:57.620,107157.53,0.00025,26.7893825
2025-10-17 22:21:57.660,107157.53,0.00051,54.6503403
2025-10-17 22:21:57.661,107157.54,0.00172,184.31096879999998
2025-10-17 22:21:57.707,107157.53,0.00093,99.6565029
2025-10-17 22:21:58.015,107157.53,0.016,1714.52048
2025-10-17 22:21:58.132,107157.53,0.01,1071.5753
2025-10-17 22:21:58.145,107157.53,0.001,107.15753
2025-10-17 22:21:58.238,107157.54,7e-05,7.501027799999999
2025-10-17 22:21:58.767,107157.53,0.00093,99.6565029
2025-10-17 22:21:58.936,107157.54,4e-05,4.2863016
2025-10-17 22:21:59.743,107157.53,0.00933,999.7797549
2025-10-17 22:21:59.825,107157.53,0.00093,99.6565029
2025-10-17 22:22:00.016,107157.53,0.01,1071.5753
2025-10-17 22:22:00.039,107157.54,0.00373,399.69762419999995
2025-10-17 22:22:00.776,107157.53,0.00047,50.3640391
2025-10-17 22:22:00.886,107157.53,0.00093,99.6565029
2025-10-17 22:22:01.087,107157.54,0.00066,70.7239764
2025-10-17 22:22:01.107,107157.54,0.00016,17.1452064
2025-10-17 22:22:01.152,107157.53,9e-05,9.6441777
2025-10-17 22:22:01.515,107157.53,0.00187,200.3845811
2025-10-17 22:22:01.516,107157.53,0.00142,152.1636926
2025-10-17 22:22:01.548,107157.53,0.005,535.78765
2025-10-17 22:22:01.947,107157.53,0.00093,99.6565029
2025-10-17 22:22:01.972,107157.53,0.14117,15127.428510099999
2025-10-17 22:22:01.973,107152.0,0.0023,246.4496
2025-10-17 22:22:01.979,107152.0,0.1367,14647.678399999999
2025-10-17 22:22:01.986,107151.85,0.00821,879.7166885
2025-10-17 22:22:01.987,107151.85,0.012,1285.8222
2025-10-17 22:22:01.988,107151.85,0.0096,1028.65776
2025-10-17 22:22:02.052,107151.31,0.00207,221.80321169999996
2025-10-17 22:22:02.055,107151.31,0.00219,234.6613689
2025-10-17 22:22:02.142,107151.31,9e-05,9.6436179
2025-10-17 22:22:02.283,107151.31,0.00015,16.0726965
2025-10-17 22:22:02.400,107151.31,0.00108,115.7234148
2025-10-17 22:22:02.573,107151.31,0.00025,26.7878275
2025-10-17 22:22:02.593,107151.31,0.00025,26.7878275
2025-10-17 22:22:02.715,107151.31,0.00207,221.80321169999996
2025-10-17 22:22:03.007,107151.31,0.00093,99.65071830000001
2025-10-17 22:22:03.120,107151.32,0.00219,234.66139080000002
2025-10-17 22:22:03.144,107151.31,9e-05,9.6436179
2025-10-17 22:22:03.373,107151.31,0.00053,56.790194299999996
2025-10-17 22:22:03.375,107151.31,0.00052,55.71868119999999
2025-10-17 22:22:03.376,107151.31,0.00053,56.790194299999996
2025-10-17 22:22:03.631,107151.31,9e-05,9.6436179
2025-10-17 22:22:03.768,107151.32,0.00234,250.73408880000002
2025-10-17 22:22:04.020,107151.31,0.01,1071.5131
2025-10-17 22:22:04.067,107151.31,0.00093,99.65071830000001
2025-10-17 22:22:04.108,107151.31,0.00233,249.6625523
2025-10-17 22:22:04.147,107151.31,9e-05,9.6436179
2025-10-17 22:22:04.484,107151.31,0.00105,112.50887549999999
2025-10-17 22:22:05.031,107151.31,0.00687,736.1294997
2025-10-17 22:22:05.131,107151.31,0.00093,99.65071830000001
2025-10-17 22:22:05.149,107151.31,9e-05,9.6436179
2025-10-17 22:22:05.175,107151.32,0.00047,50.361120400000004
2025-10-17 22:22:05.551,107151.31,0.005,535.75655
2025-10-17 22:22:06.190,107151.31,0.00093,99.65071830000001
2025-10-17 22:22:06.322,107151.32,0.00018,19.2872376
2025-10-17 22:22:06.590,107151.31,6e-05,6.4290786
2025-10-17 22:22:06.858,107151.31,0.00025,26.7878275
2025-10-17 22:22:07.241,107151.32,9e-05,9.6436188
2025-10-17 22:22:07.248,107151.31,9e-05,9.6436179
2025-10-17 22:22:07.249,107151.31,0.00093,99.65071830000001
2025-10-17 22:22:07.256,107151.31,0.01158,1240.8121698
2025-10-17 22:22:07.356,107151.31,0.01589,1702.6343159
2025-10-17 22:22:07.404,107151.31,9e-05,9.6436179
2025-10-17 22:22:07.413,107151.31,0.00924,990.0781044
2025-10-17 22:22:07.581,107151.31,0.00105,112.50887549999999
2025-10-17 22:22:07.666,107151.1,0.0998,10693.67978
2025-10-17 22:22:07.676,107151.1,0.0022,235.73242000000002
2025-10-17 22:22:07.677,107146.79,0.00015,16.0720185
2025-10-17 22:22:07.678,107146.78,0.012,1285.76136
2025-10-17 22:22:07.696,107146.78,0.04,4285.8712
2025-10-17 22:22:07.723,107146.31,0.04,4285.8524
2025-10-17 22:22:07.726,107146.31,0.01814,1943.6340633999998
2025-10-17 22:22:07.728,107146.31,0.00096,102.8604576
2025-10-17 22:22:07.729,107145.99,0.0001,10.714599000000002
2025-10-17 22:22:07.731,107145.55,0.07352,7877.340836
2025-10-17 22:22:07.732,107145.54,0.00701,751.0902354
2025-10-17 22:22:07.734,107143.76,0.00315,337.502844
2025-10-17 22:22:07.738,107142.0,0.00227,243.21233999999998
2025-10-17 22:22:07.743,107142.0,0.00106,113.57052
2025-10-17 22:22:07.746,107142.0,0.00085,91.07069999999999
2025-10-17 22:22:07.749,107141.46,0.0008,85.71316800000001
2025-10-17 22:22:07.764,107141.46,0.00114,122.1412644
2025-10-17 22:22:07.766,107140.05,0.00015,16.0710075
2025-10-17 22:22:07.769,107138.72,0.00292,312.84506239999996
2025-10-17 22:22:07.772,107138.0,0.00223,238.91774
2025-10-17 22:22:07.776,107135.02,0.0004,42.854008
2025-10-17 22:22:07.792,107133.95,0.00073,78.20778349999999
2025-10-17 22:22:07.795,107133.0,0.0093,996.3368999999999
2025-10-17 22:22:07.811,107133.0,0.32409,34720.73397
2025-10-17 22:22:07.854,107133.0,0.00012,12.85596
2025-10-17 22:22:07.867,107130.0,0.00226,242.1138
2025-10-17 22:22:08.220,107129.12,0.00101,108.2004112
2025-10-17 22:22:08.309,107129.12,0.00093,99.6300816
2025-10-17 22:22:08.628,107129.13,0.00396,424.2313548
2025-10-17 22:22:08.919,107129.13,0.00052,55.7071476
2025-10-17 22:22:09.368,107129.12,0.00093,99.6300816
2025-10-17 22:22:09.417,107129.13,0.0014,149.980782
2025-10-17 22:22:09.784,107129.13,0.00157,168.1927341
2025-10-17 22:22:10.428,107129.12,0.00093,99.6300816
2025-10-17 22:22:10.972,107129.13,9e-05,9.641621700000002
2025-10-17 22:22:11.503,107129.12,0.00093,99.6300816
2025-10-17 22:22:11.680,107129.12,0.01,1071.2912
2025-10-17 22:22:11.681,107129.12,0.005,535.6456
2025-10-17 22:22:12.563,107129.12,0.00093,99.6300816
2025-10-17 22:22:12.733,107129.12,0.00142,152.1233504
2025-10-17 22:22:12.970,107129.13,0.00114,122.1272082
2025-10-17 22:22:13.423,107129.12,0.00082,87.84587839999999
2025-10-17 22:22:13.590,107129.12,0.00105,112.485576
2025-10-17 22:22:13.623,107129.12,0.00093,99.6300816
2025-10-17 22:22:14.604,107129.12,0.00942,1009.1563103999999
2025-10-17 22:22:14.682,107129.12,0.00093,99.6300816
2025-10-17 22:22:15.633,107129.13,0.00077,82.48943009999999
2025-10-17 22:22:15.743,107129.12,0.00093,99.6300816
2025-10-17 22:22:16.492,107129.13,0.00029,31.067447700000002
2025-10-17 22:22:16.519,107129.13,0.00098,104.9865474
2025-10-17 22:22:16.532,107129.13,0.00019,20.354534700000002
2025-10-17 22:22:16.805,107129.12,0.00093,99.6300816
2025-10-17 22:22:16.819,107129.13,0.00017,18.2119521
2025-10-17 22:22:16.832,107129.13,0.0001,10.712913
2025-10-17 22:22:16.870,107129.13,7e-05,7.4990391
2025-10-17 22:22:17.032,107129.13,8e-05,8.570330400000001
2025-10-17 22:22:17.098,107129.13,0.0001,10.712913
2025-10-17 22:22:17.286,107129.13,0.0001,10.712913
2025-10-17 22:22:17.337,107129.13,0.00028,29.9961564
2025-10-17 22:22:17.367,107129.12,0.012,1285.54944
2025-10-17 22:22:17.368,107129.12,0.012,1285.54944
2025-10-17 22:22:17.461,107129.13,0.00014,14.9980782
2025-10-17 22:22:17.482,107129.13,0.00028,29.9961564
2025-10-17 22:22:17.693,107129.13,9e-05,9.641621700000002
2025-10-17 22:22:17.791,107129.13,0.00019,20.354534700000002
2025-10-17 22:22:17.843,107129.13,0.00029,31.067447700000002
2025-10-17 22:22:17.865,107129.12,0.00093,99.6300816
2025-10-17 22:22:18.014,107129.13,0.00047,50.3506911
2025-10-17 22:22:18.169,107129.13,0.0001,10.712913
2025-10-17 22:22:18.238,107129.13,0.00094,100.7013822
2025-10-17 22:22:18.247,107129.13,0.0001,10.712913
2025-10-17 22:22:18.370,107129.13,0.00178,190.6898514
2025-10-17 22:22:18.919,107129.13,0.00014,14.9980782
2025-10-17 22:22:18.925,107129.12,0.00093,99.6300816
2025-10-17 22:22:19.441,107129.13,8e-05,8.570330400000001
2025-10-17 22:22:19.504,107129.12,0.012,1285.54944
2025-10-17 22:22:19.505,107129.12,0.012,1285.54944
2025-10-17 22:22:19.552,107129.13,0.00027,28.9248651
2025-10-17 22:22:19.944,107129.13,0.00093,99.63009090000001
2025-10-17 22:22:19.984,107129.12,0.00093,99.6300816
2025-10-17 22:22:20.053,107129.12,0.012,1285.54944
2025-10-17 22:22:20.059,107129.12,0.012,1285.54944
2025-10-17 22:22:20.205,107129.12,0.00047,50.350686399999994
2025-10-17 22:22:20.291,107129.12,0.04548,4872.232377599999
2025-10-17 22:22:20.483,107129.13,0.00019,20.354534700000002
2025-10-17 22:22:20.516,107129.12,0.012,1285.54944
2025-10-17 22:22:20.517,107129.12,0.012,1285.54944
2025-10-17 22:22:20.552,107129.12,0.00513,549.5723856
2025-10-17 22:22:20.778,107129.07,0.00028,29.9961396
2025-10-17 22:22:20.787,107129.07,0.00906,970.5893742000001
2025-10-17 22:22:21.044,107129.07,0.00093,99.63003510000001
2025-10-17 22:22:21.080,107129.07,0.09766,10462.224976200001
2025-10-17 22:22:21.087,107125.93,0.00029,31.066519699999997
2025-10-17 22:22:21.091,107125.48,0.00015,16.068821999999997
2025-10-17 22:22:21.106,107125.47,0.00255,273.16994850000003
2025-10-17 22:22:21.107,107124.84,0.00378,404.9318952
2025-10-17 22:22:21.112,107123.61,5e-05,5.356180500000001
2025-10-17 22:22:21.151,107122.28,0.012,1285.46736
2025-10-17 22:22:21.152,107122.28,0.012,1285.46736
2025-10-17 22:22:21.241,107122.28,0.00213,228.1704564
2025-10-17 22:22:21.516,107122.27,0.00069,73.9143663
2025-10-17 22:22:21.611,107122.27,0.00102,109.26471540000001
2025-10-17 22:22:21.613,107122.27,0.00092,98.5524884
2025-10-17 22:22:21.952,107122.27,0.00864,925.5364128
2025-10-17 22:22:21.992,107122.27,0.01463,1567.1988101000002
2025-10-17 22:22:22.109,107122.27,0.00093,99.62371110000001
2025-10-17 22:22:22.240,107122.28,0.00423,453.1272444
2025-10-17 22:22:22.315,107122.27,0.00187,200.3186449
2025-10-17 22:22:22.862,107122.27,0.0002,21.424454
2025-10-17 22:22:22.975,107122.27,0.00047,50.3474669
2025-10-17 22:22:23.034,107122.27,0.00272,291.3725744
2025-10-17 22:22:23.041,107122.0,0.00488,522.75536
2025-10-17 22:22:23.043,107120.91,0.007,749.8463700000001
2025-10-17 22:22:23.045,107120.91,0.001,107.12091000000001
2025-10-17 22:22:23.169,107120.16,0.00093,99.6217488
2025-10-17 22:22:23.191,107120.16,0.00018,19.281628800000004
2025-10-17 22:22:23.287,107120.16,0.00022,23.5664352
2025-10-17 22:22:23.863,107120.16,0.00213,228.16594080000002
2025-10-17 22:22:23.959,107120.16,0.00103,110.33376480000001
2025-10-17 22:22:23.994,107120.16,0.00185,198.17229600000002
2025-10-17 22:22:24.183,107120.16,0.00032,34.278451200000006
2025-10-17 22:22:24.326,107120.16,0.00046,49.275273600000006
2025-10-17 22:22:25.282,107120.15,0.00286,306.363629
2025-10-17 22:22:25.391,107120.15,0.00093,99.6217395
2025-10-17 22:22:25.465,107120.15,0.00012,12.854417999999999
2025-10-17 22:22:25.513,107120.15,0.00549,588.0896235
2025-10-17 22:22:25.518,107120.15,0.00075,80.3401125
2025-10-17 22:22:25.528,107120.15,0.00539,577.3776085
2025-10-17 22:22:26.056,107120.15,0.00095,101.76414249999999
2025-10-17 22:22:26.156,107120.16,0.00076,81.41132160000001
2025-10-17 22:22:26.175,107120.15,0.00019,20.3528285
2025-10-17 22:22:26.322,107120.16,9e-05,9.640814400000002
2025-10-17 22:22:26.461,107120.15,0.00093,99.6217395
2025-10-17 22:22:26.809,107120.16,0.00035,37.492056
2025-10-17 22:22:27.521,107120.15,0.00093,99.6217395
2025-10-17 22:22:28.580,107120.15,0.00093,99.6217395
2025-10-17 22:22:28.755,107120.15,0.00032,34.278448000000004
2025-10-17 22:22:28.758,107120.0,0.012,1285.44
2025-10-17 22:22:28.759,107119.99,0.001,107.11999
2025-10-17 22:22:28.769,107119.52,0.00121,129.6146192
2025-10-17 22:22:28.851,107118.0,0.00237,253.86966
2025-10-17 22:22:29.055,107117.03,0.001,107.11703
2025-10-17 22:22:29.475,107117.04,0.00047,50.345008799999995
2025-10-17 22:22:29.640,107117.03,0.00093,99.6188379
2025-10-17 22:22:29.851,107117.03,0.001,107.11703
2025-10-17 22:22:29.852,107117.03,0.001,107.11703
2025-10-17 22:22:30.206,107117.04,0.00051,54.6296904
2025-10-17 22:22:30.285,107115.85,0.00029,31.063596500000003
2025-10-17 22:22:30.446,107115.85,0.012,1285.3902
2025-10-17 22:22:30.699,107115.85,0.00093,99.61774050000001
2025-10-17 22:22:30.818,107115.85,0.012,1285.3902
2025-10-17 22:22:30.859,107115.86,6e-05,6.4269516
2025-10-17 22:22:31.327,107115.86,0.00026,27.850123599999996
2025-10-17 22:22:31.758,107115.85,0.00093,99.61774050000001
2025-10-17 22:22:32.718,107115.85,0.012,1285.3902
2025-10-17 22:22:32.817,107115.85,0.00093,99.61774050000001
2025-10-17 22:22:32.865,107115.85,0.03,3213.4755
2025-10-17 22:22:32.869,107115.85,0.008,856.9268000000001
2025-10-17 22:22:33.093,107115.85,0.007,749.81095
2025-10-17 22:22:33.294,107115.85,0.001,107.11585000000001
2025-10-17 22:22:33.622,107115.86,0.00067,71.76762620000001
2025-10-17 22:22:33.792,107115.85,0.003,321.34755
2025-10-17 22:22:33.877,107115.85,0.00093,99.61774050000001
2025-10-17 22:22:34.435,107115.86,0.00093,99.61774980000001
2025-10-17 22:22:34.462,107115.85,0.031,3320.59135
2025-10-17 22:22:34.463,107115.85,0.16,17138.536
2025-10-17 22:22:34.467,107115.85,0.012,1285.3902
2025-10-17 22:22:34.719,107115.86,9e-05,9.6404274
2025-10-17 22:22:34.938,107115.85,0.00093,99.61774050000001
2025-10-17 22:22:35.282,107115.85,0.00047,50.3444495
2025-10-17 22:22:35.358,107115.85,8e-05,8.569268000000001
2025-10-17 22:22:35.481,107115.85,6e-05,6.426951000000001
2025-10-17 22:22:35.636,107115.86,0.00186,199.23549960000003
2025-10-17 22:22:35.663,107115.86,9e-05,9.6404274
2025-10-17 22:22:35.998,107115.85,0.00093,99.61774050000001
2025-10-17 22:22:36.024,107115.85,0.00023,24.636645500000004
2025-10-17 22:22:36.647,107115.85,0.00044,47.130974
2025-10-17 22:22:36.690,107115.85,0.00438,469.16742300000004
2025-10-17 22:22:36.977,107115.85,0.00298,319.205233
2025-10-17 22:22:37.057,107115.85,0.00093,99.61774050000001
2025-10-17 22:22:38.060,107115.86,0.00041,43.9175026
2025-10-17 22:22:38.118,107115.85,0.00093,99.61774050000001
2025-10-17 22:22:38.483,107115.85,0.18671,19999.600353499998
2025-10-17 22:22:38.508,107115.85,0.00087,93.19078950000001
2025-10-17 22:22:38.878,107115.85,0.002,214.23170000000002
2025-10-17 22:22:39.060,107115.86,0.00042,44.9886612
2025-10-17 22:22:39.176,107115.85,0.00093,99.61774050000001
2025-10-17 22:22:39.219,107115.86,0.0001,10.711586
2025-10-17 22:22:40.023,107115.85,0.00025,26.778962500000002
2025-10-17 22:22:40.236,107115.85,0.00093,99.61774050000001
2025-10-17 22:22:40.292,107115.86,0.00016,17.138537600000003
2025-10-17 22:22:41.320,107115.85,0.00093,99.61774050000001
2025-10-17 22:22:41.597,107115.85,0.00011,11.7827435
2025-10-17 22:22:41.875,107115.85,0.949,101652.94165000001
2025-10-17 22:22:41.938,107115.86,0.00047,50.3444542
2025-10-17 22:22:42.387,107115.85,0.00093,99.61774050000001
2025-10-17 22:22:42.498,107115.86,0.00047,50.3444542
2025-10-17 22:22:42.610,107115.86,0.00016,17.138537600000003
2025-10-17 22:22:43.447,107115.85,0.00093,99.61774050000001
2025-10-17 22:22:44.508,107115.85,0.00093,99.61774050000001
2025-10-17 22:22:44.754,107115.85,0.00296,317.06291600000003
2025-10-17 22:22:44.786,107115.85,0.00204,218.51633400000003
2025-10-17 22:22:45.593,107115.85,0.00093,99.61774050000001
2025-10-17 22:22:46.405,107115.86,9e-05,9.6404274
2025-10-17 22:22:46.656,107115.85,0.00093,99.61774050000001
2025-10-17 22:22:47.716,107115.85,0.00093,99.61774050000001
2025-10-17 22:22:48.208,107115.86,7e-05,7.498110199999999
2025-10-17 22:22:48.490,107115.85,0.00133,142.46408050000002
2025-10-17 22:22:48.801,107115.85,0.00093,99.61774050000001
2025-10-17 22:22:49.861,107115.85,0.00093,99.61774050000001
2025-10-17 22:22:50.587,107115.85,0.00043,46.0598155
2025-10-17 22:22:50.920,107115.85,0.00093,99.61774050000001
2025-10-17 22:22:51.192,107115.85,0.00109,116.75627650000001
2025-10-17 22:22:51.428,107115.86,0.009,964.04274
2025-10-17 22:22:51.434,107115.86,0.009,964.04274
2025-10-17 22:22:51.980,107115.85,0.00093,99.61774050000001
2025-10-17 22:22:52.021,107115.85,0.00338,362.051573
2025-10-17 22:22:52.546,107115.86,0.00012,12.8539032
2025-10-17 22:22:52.823,107115.86,0.00068,72.8387848
2025-10-17 22:22:53.038,107115.85,0.00093,99.61774050000001
2025-10-17 22:22:53.088,107115.85,0.0014,149.96219
2025-10-17 22:22:53.380,107115.85,0.00181,193.87968850000001
2025-10-17 22:22:53.517,107115.85,0.00475,508.8002875
2025-10-17 22:22:54.098,107115.85,0.00093,99.61774050000001
2025-10-17 22:22:54.393,107115.86,0.00132,141.3929352
2025-10-17 22:22:54.394,107115.86,0.00011,11.782744600000001
2025-10-17 22:22:54.477,107115.85,0.00025,26.778962500000002
2025-10-17 22:22:54.820,107115.86,0.00059,63.198357400000006
2025-10-17 22:22:54.827,107115.85,0.00295,315.9917575
2025-10-17 22:22:54.880,107115.85,0.00025,26.778962500000002
2025-10-17 22:22:54.913,107115.86,0.00037,39.6328682
2025-10-17 22:22:55.157,107115.85,0.00093,99.61774050000001
2025-10-17 22:22:56.227,107115.85,0.00093,99.61774050000001
2025-10-17 22:22:57.298,107115.85,0.00093,99.61774050000001
2025-10-17 22:22:57.300,107115.86,0.0024,257.078064
2025-10-17 22:22:57.518,107115.85,0.00047,50.3444495
2025-10-17 22:22:58.326,107115.86,0.00466,499.1599076
2025-10-17 22:22:58.360,107115.85,0.00093,99.61774050000001
2025-10-17 22:22:58.825,107115.85,0.00051,54.62908350000001
2025-10-17 22:22:59.387,107115.85,0.00262,280.643527
2025-10-17 22:22:59.419,107115.85,0.00093,99.61774050000001
2025-10-17 22:22:59.584,107115.85,0.00047,50.3444495
2025-10-17 22:23:00.117,107115.86,8e-05,8.569268800000001
2025-10-17 22:23:00.172,107115.86,8e-05,8.569268800000001
2025-10-17 22:23:00.322,107115.85,0.00649,695.1818665000001
2025-10-17 22:23:00.478,107115.85,0.00086,92.119631
2025-10-17 22:23:00.747,107115.85,0.00575,615.9161375
2025-10-17 22:23:01.132,107115.85,6e-05,6.426951000000001
2025-10-17 22:23:01.337,107115.86,0.01746,1870.2429156
2025-10-17 22:23:01.458,107115.85,0.003,321.34755
2025-10-17 22:23:01.564,107115.85,8e-05,8.569268000000001
2025-10-17 22:23:02.014,107115.86,0.00063,67.48299180000001
2025-10-17 22:23:02.813,107115.86,0.00066,70.6964676
2025-10-17 22:23:03.048,107115.86,0.00047,50.3444542
2025-10-17 22:23:03.170,107115.86,0.00156,167.1007416
2025-10-17 22:23:03.370,107115.86,9e-05,9.6404274
2025-10-17 22:23:04.010,107115.85,0.00225,241.0106625
2025-10-17 22:23:04.032,107115.86,0.00102,109.2581772
2025-10-17 22:23:04.106,107115.85,0.00125,133.8948125
2025-10-17 22:23:04.325,107115.86,0.00084,89.9773224
2025-10-17 22:23:04.575,107115.86,0.01206,1291.8172716
2025-10-17 22:23:05.241,107115.85,0.00109,116.75627650000001
2025-10-17 22:23:05.698,107115.85,0.00066,70.696461
2025-10-17 22:23:05.714,107115.85,6e-05,6.426951000000001
2025-10-17 22:23:05.891,107115.86,0.00045,48.202137
2025-10-17 22:23:07.463,107115.85,0.012,1285.3902
2025-10-17 22:23:07.464,107115.85,0.012,1285.3902
2025-10-17 22:23:07.810,107115.85,0.01594,1707.426649
2025-10-17 22:23:07.924,107115.86,0.00113,121.04092179999999
2025-10-17 22:23:07.969,107115.85,0.00017,18.2096945
2025-10-17 22:23:09.296,107115.85,0.00074,79.26572900000001
2025-10-17 22:23:11.018,107115.86,0.0007,74.98110199999999
2025-10-17 22:23:11.064,107115.86,0.00014,14.996220399999999
2025-10-17 22:23:11.513,107115.85,0.00017,18.2096945
2025-10-17 22:23:11.679,107115.85,8e-05,8.569268000000001
2025-10-17 22:23:12.030,107115.86,0.00018,19.2808548
2025-10-17 22:23:12.047,107115.85,0.00047,50.3444495
2025-10-17 22:23:12.060,107115.85,0.0075,803.368875
2025-10-17 22:23:12.424,107115.86,0.00039,41.7751854
2025-10-17 22:23:12.577,107115.86,0.01829,1959.1490794000001
2025-10-17 22:23:12.612,107115.85,0.00047,50.3444495
2025-10-17 22:23:13.725,107115.86,0.00047,50.3444542
2025-10-17 22:23:13.991,107115.85,0.00083,88.90615550000001
2025-10-17 22:23:14.475,107115.86,0.00018,19.2808548
2025-10-17 22:23:15.143,107115.85,0.00121,129.6101785
2025-10-17 22:23:15.301,107115.85,7e-05,7.4981095
2025-10-17 22:23:15.985,107115.86,0.00028,29.992440799999997
2025-10-17 22:23:16.168,107115.86,8e-05,8.569268800000001
2025-10-17 22:23:16.577,107115.85,7e-05,7.4981095
2025-10-17 22:23:17.124,107115.86,0.00837,896.5597482000001
2025-10-17 22:23:17.342,107115.85,0.00371,397.3998035
2025-10-17 22:23:17.969,107115.86,0.0008,85.692688
2025-10-17 22:23:18.213,107115.86,0.00027,28.9212822
2025-10-17 22:23:19.351,107115.85,0.18595,19918.1923075
2025-10-17 22:23:19.385,107115.86,0.00454,486.30600439999995
2025-10-17 22:23:20.118,107115.85,0.00019,20.352011500000003
2025-10-17 22:23:20.739,107115.85,0.2,21423.170000000002
2025-10-17 22:23:20.892,107115.86,0.00172,184.2392792
2025-10-17 22:23:21.233,107115.85,0.00121,129.6101785
2025-10-17 22:23:22.054,107115.85,8e-05,8.569268000000001
2025-10-17 22:23:22.299,107115.86,0.00063,67.48299180000001
2025-10-17 22:23:22.302,107115.86,0.0028,299.92440799999997
2025-10-17 22:23:22.309,107115.86,0.00063,67.48299180000001
2025-10-17 22:23:22.311,107115.86,0.00063,67.48299180000001
2025-10-17 22:23:22.314,107115.86,0.00405,433.819233
2025-10-17 22:23:22.599,107115.86,0.00023,24.636647800000002
2025-10-17 22:23:22.770,107115.86,0.00071,76.0522606
2025-10-17 22:23:23.002,107115.86,0.00134,143.53525240000002
2025-10-17 22:23:23.187,107115.86,8e-05,8.569268800000001
2025-10-17 22:23:23.576,107115.86,8e-05,8.569268800000001
2025-10-17 22:23:24.411,107115.86,9e-05,9.6404274
2025-10-17 22:23:24.968,107115.85,9e-05,9.640426500000002
2025-10-17 22:23:25.359,107115.85,0.03643,3902.2304154999997
2025-10-17 22:23:25.379,107115.86,4e-05,4.284634400000001
2025-10-17 22:23:25.557,107115.86,0.00077,82.47921219999999
2025-10-17 22:23:25.817,107115.86,8e-05,8.569268800000001
2025-10-17 22:23:25.946,107115.86,0.00181,193.8797066
2025-10-17 22:23:26.031,107115.86,0.00047,50.3444542
2025-10-17 22:23:26.037,107115.86,0.00186,199.23549960000003
2025-10-17 22:23:26.816,107115.85,0.00174,186.38157900000002
2025-10-17 22:23:27.038,107115.85,0.00223,238.86834550000003
2025-10-17 22:23:27.302,107115.86,4e-05,4.284634400000001
2025-10-17 22:23:28.720,107115.85,0.0029,310.635965
2025-10-17 22:23:29.604,107115.86,9e-05,9.6404274
2025-10-17 22:23:30.058,107115.85,0.00993,1063.6603905
2025-10-17 22:23:31.179,107115.85,0.00492,527.009982
2025-10-17 22:23:31.696,107115.85,0.00957,1025.0986845
2025-10-17 22:23:32.081,107115.86,0.00093,99.61774980000001
2025-10-17 22:23:32.670,107115.85,5e-05,5.355792500000001
2025-10-17 22:23:33.156,107115.85,0.00047,50.3444495
2025-10-17 22:23:33.837,107115.85,0.00063,67.48298550000001
2025-10-17 22:23:34.332,107115.85,0.0001,10.711585000000001
2025-10-17 22:23:34.741,107115.85,0.0267,2859.9931950000005
2025-10-17 22:23:35.087,107115.85,0.0005,53.557925000000004
2025-10-17 22:23:35.184,107115.86,0.00599,641.6240014
2025-10-17 22:23:35.675,107115.85,0.00135,144.6063975
2025-10-17 22:23:35.711,107115.85,0.012,1285.3902
2025-10-17 22:23:35.712,107115.85,0.012,1285.3902
2025-10-17 22:23:35.846,107115.85,0.00213,228.15676050000002
2025-10-17 22:23:35.862,107115.86,0.00543,581.6391198
2025-10-17 22:23:36.486,107115.86,7e-05,7.498110199999999
2025-10-17 22:23:37.112,107115.86,7e-05,7.498110199999999
2025-10-17 22:23:37.546,107115.85,0.00282,302.06669700000003
2025-10-17 22:23:37.580,107115.85,0.002,214.23170000000002
2025-10-17 22:23:37.686,107115.86,0.00047,50.3444542
2025-10-17 22:23:38.086,107115.86,8e-05,8.569268800000001
2025-10-17 22:23:39.373,107115.85,0.00141,151.03334850000002
2025-10-17 22:23:39.934,107115.85,9e-05,9.640426500000002
2025-10-17 22:23:40.232,107115.86,0.00104,111.40049439999999
2025-10-17 22:23:40.245,107115.85,0.001,107.11585000000001
2025-10-17 22:23:40.246,107115.85,0.001,107.11585000000001
2025-10-17 22:23:40.306,107115.85,0.00192,205.66243200000002
2025-10-17 22:23:40.316,107115.85,0.00203,217.44517550000003
2025-10-17 22:23:40.410,107115.86,0.00192,205.6624512
2025-10-17 22:23:40.693,107115.85,0.00176,188.523896
2025-10-17 22:23:41.697,107115.85,0.00647,693.0395495
2025-10-17 22:23:41.902,107115.85,0.003,321.34755
2025-10-17 22:23:42.183,107115.85,5e-05,5.355792500000001
2025-10-17 22:23:42.798,107115.85,8e-05,8.569268000000001
2025-10-17 22:23:43.006,107115.85,0.00099,106.0446915
2025-10-17 22:23:43.832,107115.85,0.00047,50.3444495
2025-10-17 22:23:43.863,107115.86,0.00023,24.636647800000002
2025-10-17 22:23:44.022,107115.85,0.00021,22.4943285
2025-10-17 22:23:44.280,107115.85,0.00388,415.60949800000003
2025-10-17 22:23:44.871,107115.86,0.00183,196.0220238
2025-10-17 22:23:45.056,107115.85,0.00012,12.853902000000001
2025-10-17 22:23:45.565,107115.86,0.00186,199.23549960000003
2025-10-17 22:23:45.617,107115.85,0.00109,116.75627650000001
2025-10-17 22:23:45.670,107115.86,0.00181,193.8797066
2025-10-17 22:23:45.782,107115.85,0.92099,98652.6266915
2025-10-17 22:23:45.916,107115.85,0.00237,253.86456450000003
2025-10-17 22:23:46.040,107115.86,8e-05,8.569268800000001
2025-10-17 22:23:46.061,107115.86,0.00467,500.2310662
2025-10-17 22:23:46.302,107115.86,9e-05,9.6404274
2025-10-17 22:23:46.457,107115.86,0.00042,44.9886612
2025-10-17 22:23:46.579,107115.85,9e-05,9.640426500000002
2025-10-17 22:23:46.659,107115.86,9e-05,9.6404274
2025-10-17 22:23:46.694,107115.86,9e-05,9.6404274
2025-10-17 22:23:47.200,107115.86,0.00047,50.3444542
2025-10-17 22:23:47.413,107115.86,0.0009,96.404274
2025-10-17 22:23:47.973,107115.85,0.00749,802.2977165000001
2025-10-17 22:23:48.175,107115.86,0.00015,16.067379
2025-10-17 22:23:48.307,107115.86,0.00756,809.7959016
2025-10-17 22:23:48.855,107115.86,0.18673,20001.7445378
2025-10-17 22:23:48.904,107115.86,0.00027,28.9212822
2025-10-17 22:23:49.880,107115.86,0.00029,31.0635994
2025-10-17 22:23:50.031,107115.85,0.00022,23.565487
2025-10-17 22:23:50.263,107115.86,7e-05,7.498110199999999
2025-10-17 22:23:50.274,107115.85,9e-05,9.640426500000002
2025-10-17 22:23:51.291,107115.85,0.00019,20.352011500000003
2025-10-17 22:23:51.562,107115.86,0.00011,11.782744600000001
2025-10-17 22:23:51.856,107115.85,0.00109,116.75627650000001
2025-10-17 22:23:51.909,107115.85,0.00033,35.3482305
2025-10-17 22:23:51.995,107115.85,0.00012,12.853902000000001
2025-10-17 22:23:52.138,107115.86,0.00052,55.70024719999999
2025-10-17 22:23:52.353,107115.86,7e-05,7.498110199999999
2025-10-17 22:23:52.580,107115.85,0.05007,5363.290609500001
2025-10-17 22:23:52.710,107115.85,1.0,107115.85
2025-10-17 22:23:53.586,107115.86,0.01048,1122.5742128
2025-10-17 22:23:53.883,107115.85,0.00019,20.352011500000003
2025-10-17 22:23:53.970,107115.85,0.00023,24.636645500000004
2025-10-17 22:23:55.286,107115.86,0.00465,498.08874899999995
2025-10-17 22:23:55.486,107115.85,5e-05,5.355792500000001
2025-10-17 22:23:55.998,107115.85,0.09428,10098.882338000001
2025-10-17 22:23:56.139,107115.85,0.00047,50.3444495
2025-10-17 22:23:56.285,107115.85,0.2725,29189.069125000005
2025-10-17 22:23:56.638,107115.86,0.0001,10.711586
2025-10-17 22:23:56.739,107115.86,0.00019,20.3520134
2025-10-17 22:23:57.049,107115.86,0.00019,20.3520134
2025-10-17 22:23:57.545,107115.85,0.02483,2659.6865555000004
2025-10-17 22:23:57.580,107115.85,0.05268,5642.862978
2025-10-17 22:23:58.047,107115.86,0.00115,123.183239
2025-10-17 22:23:58.082,107115.86,0.00012,12.8539032
2025-10-17 22:23:59.279,107115.86,5e-05,5.355793
2025-10-17 22:23:59.571,107115.86,0.00552,591.2795472
2025-10-17 22:24:00.775,107115.86,0.0001,10.711586
2025-10-17 22:24:01.083,107115.86,0.00095,101.760067
2025-10-17 22:24:01.130,107115.86,0.00022,23.565489200000002
2025-10-17 22:24:01.597,107115.86,0.00047,50.3444542
2025-10-17 22:24:01.875,107115.86,7e-05,7.498110199999999
2025-10-17 22:24:02.106,107115.86,4e-05,4.284634400000001
2025-10-17 22:24:02.456,107115.85,0.90799,97260.1206415
2025-10-17 22:24:02.464,107115.85,8e-05,8.569268000000001
2025-10-17 22:24:02.584,107115.85,0.06292,6739.729282000001
2025-10-17 22:24:02.995,107115.85,5e-05,5.355792500000001
2025-10-17 22:24:04.188,107115.86,0.00037,39.6328682
2025-10-17 22:24:04.210,107115.85,0.00012,12.853902000000001
2025-10-17 22:24:05.842,107115.86,0.08957,9594.3675802
2025-10-17 22:24:05.860,107115.86,0.00112,119.96976319999999
2025-10-17 22:24:06.342,107115.86,0.00018,19.2808548
2025-10-17 22:24:06.690,107115.86,7e-05,7.498110199999999
2025-10-17 22:24:06.945,107115.86,0.00026,27.850123599999996
2025-10-17 22:24:07.794,107115.85,0.00047,50.3444495
2025-10-17 22:24:08.034,107115.85,0.00104,111.40048399999999
2025-10-17 22:24:08.761,107115.85,0.00175,187.4527375
2025-10-17 22:24:08.817,107115.86,0.00048,51.4156128
2025-10-17 22:24:11.118,107115.85,0.00056,59.984876
2025-10-17 22:24:11.724,107115.86,0.00018,19.2808548
2025-10-17 22:24:12.578,107115.85,0.07426,7954.423021000001
2025-10-17 22:24:13.215,107115.85,8e-05,8.569268000000001
2025-10-17 22:24:13.324,107115.85,0.02087,2235.5077895
2025-10-17 22:24:15.444,107115.85,0.00021,22.4943285
2025-10-17 22:24:15.732,107115.85,0.00022,23.565487
2025-10-17 22:24:15.733,107115.86,0.00051,54.6290886
2025-10-17 22:24:15.956,107115.85,0.00663,710.1780855
2025-10-17 22:24:16.371,107115.85,0.0285,3052.8017250000003
2025-10-17 22:24:16.481,107115.85,0.0285,3052.8017250000003
2025-10-17 22:24:16.591,107115.85,0.0285,3052.8017250000003
2025-10-17 22:24:17.289,107115.85,8e-05,8.569268000000001
2025-10-17 22:24:17.307,107115.85,0.00047,50.3444495
2025-10-17 22:24:17.333,107115.86,0.00017,18.2096962
2025-10-17 22:24:17.592,107115.86,0.00015,16.067379
2025-10-17 22:24:17.712,107115.86,0.00038,40.7040268
2025-10-17 22:24:17.718,107115.86,0.00094,100.6889084
2025-10-17 22:24:17.760,107114.0,0.00295,315.98629999999997
2025-10-17 22:24:17.761,107110.6,0.00015,16.066589999999998
2025-10-17 22:24:17.762,107101.54,0.072,7711.310879999999
2025-10-17 22:24:17.763,107094.35,0.00041,43.9086835
2025-10-17 22:24:17.764,107089.93,0.00518,554.7258373999999
2025-10-17 22:24:17.766,107088.14,0.024,2570.1153600000002
2025-10-17 22:24:17.768,107088.14,0.0077,824.578678
2025-10-17 22:24:17.769,107088.14,0.0228,2441.6095920000002
2025-10-17 22:24:17.770,107076.0,0.0028,299.8128
2025-10-17 22:24:17.772,107068.77,0.04,4282.7508
2025-10-17 22:24:17.779,107077.75,6e-05,6.424665
2025-10-17 22:24:17.782,107068.63,0.01774,1899.3974962
2025-10-17 22:24:17.783,107068.63,0.012,1284.82356
2025-10-17 22:24:17.785,107065.8,0.00016,17.130528
2025-10-17 22:24:17.786,107064.8,0.00933,998.914584
2025-10-17 22:24:17.787,107064.8,0.04669,4998.855512
2025-10-17 22:24:17.790,107056.0,0.0028,299.7568
2025-10-17 22:24:17.792,107070.19,0.02,2141.4038
2025-10-17 22:24:17.793,107051.35,0.0214,2290.89889
2025-10-17 22:24:17.794,107071.4,6e-05,6.424284
2025-10-17 22:24:17.799,107047.63,0.01229,1315.6153727
2025-10-17 22:24:17.801,107068.64,0.05877,6292.4239728
2025-10-17 22:24:17.803,107068.77,6e-05,6.424126200000001
2025-10-17 22:24:17.805,107068.77,0.02334,2498.9850918
2025-10-17 22:24:17.807,107068.77,0.09339,9999.1524303
2025-10-17 22:24:17.808,107068.77,0.02334,2498.9850918
2025-10-17 22:24:17.812,107068.77,0.02,2141.3754
2025-10-17 22:24:17.814,107068.77,0.00136,145.61352720000002
2025-10-17 22:24:17.815,107068.77,0.0021,224.844417
2025-10-17 22:24:17.816,107068.64,0.02614,2798.7742496
2025-10-17 22:24:17.817,107068.64,0.012,1284.82368
2025-10-17 22:24:17.824,107068.77,0.06256,6698.222251200001
2025-10-17 22:24:17.825,107068.77,0.012,1284.8252400000001
2025-10-17 22:24:17.833,107068.77,0.03309,3542.9055993
2025-10-17 22:24:17.839,107068.18,0.00012,12.8481816
2025-10-17 22:24:17.853,107066.37,0.00691,739.8286167
2025-10-17 22:24:17.854,107065.53,0.00013,13.918518899999999
2025-10-17 22:24:17.868,107065.53,0.0001,10.706553
2025-10-17 22:24:17.880,107054.74,0.00038,40.680801200000005
2025-10-17 22:24:17.883,107052.57,0.00594,635.8922658
2025-10-17 22:24:17.888,107057.76,0.00015,16.058663999999997
2025-10-17 22:24:17.904,107057.76,0.02,2141.1552
2025-10-17 22:24:17.905,107052.57,6e-05,6.423154200000001
2025-10-17 22:24:17.925,107056.51,9e-05,9.6350859
2025-10-17 22:24:17.931,107056.51,0.00934,999.9078033999999
2025-10-17 22:24:17.941,107056.56,5e-05,5.352828
2025-10-17 22:24:17.986,107056.95,0.002,214.1139
2025-10-17 22:24:18.117,107056.57,0.00074,79.2218618
2025-10-17 22:24:18.118,107056.57,0.00074,79.2218618
2025-10-17 22:24:18.196,107056.57,0.00467,499.9541819
2025-10-17 22:24:18.233,107056.57,0.00091,97.42147870000001
2025-10-17 22:24:18.238,107056.57,0.00303,324.38140710000005
2025-10-17 22:24:18.240,107056.57,7e-05,7.4939599
2025-10-17 22:24:18.323,107056.57,0.00093,99.56261010000001
2025-10-17 22:24:18.470,107056.57,0.00389,416.4500573
2025-10-17 22:24:18.496,107056.56,0.32272,34549.2930432
2025-10-17 22:24:18.504,107055.35,0.0013,139.171955
2025-10-17 22:24:18.505,107050.95,0.0001,10.705095
2025-10-17 22:24:18.508,107049.68,0.00061,65.30030479999999
2025-10-17 22:24:18.512,107049.67,0.00061,65.3002987
2025-10-17 22:24:18.521,107049.68,0.00013,13.916458399999998
2025-10-17 22:24:18.542,107049.68,0.08837,9459.980221599999
2025-10-17 22:24:18.548,107049.68,0.12212,13072.9069216
2025-10-17 22:24:18.572,107045.96,0.00205,219.44421800000003
2025-10-17 22:24:18.592,107045.96,0.00237,253.69892520000002
2025-10-17 22:24:18.597,107045.96,0.16,17127.353600000002
2025-10-17 22:24:18.603,107045.96,0.00781,836.0289476
2025-10-17 22:24:18.606,107034.04,0.041,4388.39564
2025-10-17 22:24:18.624,107034.05,0.02559,2739.0013395
2025-10-17 22:24:18.632,107034.05,0.00019,20.336469500000003
2025-10-17 22:24:18.676,107034.04,0.26174,28015.089629599996
2025-10-17 22:24:18.684,107034.05,0.00104,111.315412
2025-10-17 22:24:18.685,107034.05,0.00079,84.5568995
2025-10-17 22:24:18.719,107034.04,0.03558,3808.2711431999996
2025-10-17 22:24:18.733,107034.01,0.00011,11.7737411
2025-10-17 22:24:18.750,107032.0,0.00142,151.98544
2025-10-17 22:24:18.782,107032.0,0.01031,1103.49992
2025-10-17 22:24:18.791,107031.99,0.00039,41.742476100000005
2025-10-17 22:24:18.797,107030.95,0.02335,2499.1726825
2025-10-17 22:24:18.798,107030.82,0.00015,16.054623
2025-10-17 22:24:18.800,107030.21,0.00015,16.0545315
2025-10-17 22:24:18.805,107029.85,0.00034,36.39014900000001
2025-10-17 22:24:18.806,107029.0,6e-05,6.42174
2025-10-17 22:24:18.810,107027.68,0.00026,27.827196799999996
2025-10-17 22:24:18.814,107027.69,0.01031,1103.4554839
2025-10-17 22:24:18.817,107025.88,0.0001,10.702588
2025-10-17 22:24:18.914,107025.83,0.04649,4975.6308367
2025-10-17 22:24:18.920,107025.84,0.00607,649.6468487999999
2025-10-17 22:24:19.133,107025.84,0.00023,24.6159432
2025-10-17 22:24:19.181,107025.84,0.00031,33.1780104
2025-10-17 22:24:19.182,107025.84,0.00023,24.6159432
2025-10-17 22:24:19.231,107025.83,0.00187,200.1383021
2025-10-17 22:24:19.255,107025.83,0.00461,493.38907630000006
2025-10-17 22:24:19.281,107025.83,0.005,535.12915
2025-10-17 22:24:19.417,107025.84,0.00141,150.9064344
2025-10-17 22:24:19.457,107025.83,0.00055,58.8642065
2025-10-17 22:24:19.547,107025.84,9e-05,9.6323256
2025-10-17 22:24:19.622,107025.84,0.00449,480.5460216
2025-10-17 22:24:19.680,107025.83,9e-05,9.632324700000002
2025-10-17 22:24:19.818,107025.84,0.00327,349.9744968
2025-10-17 22:24:19.851,107025.83,0.01,1070.2583
2025-10-17 22:24:19.852,107025.84,0.00376,402.41715839999995
2025-10-17 22:24:19.919,107025.83,0.005,535.12915
2025-10-17 22:24:19.975,107025.83,0.00456,488.0377848
2025-10-17 22:24:20.109,107025.83,0.00199,212.9814017
2025-10-17 22:24:20.116,107025.83,0.00214,229.0352762
2025-10-17 22:24:20.326,107025.84,0.00152,162.6792768
2025-10-17 22:24:20.338,107025.84,0.0106,1134.473904
2025-10-17 22:24:20.409,107025.84,8e-05,8.5620672
2025-10-17 22:24:20.449,107025.83,0.0032,342.482656
2025-10-17 22:24:20.590,107025.84,0.00037,39.5995608
2025-10-17 22:24:20.594,107025.84,0.00076,81.3396384
2025-10-17 22:24:20.866,107025.84,0.00014,14.983617599999999
2025-10-17 22:24:20.929,107025.84,0.00292,312.5154528
2025-10-17 22:24:21.031,107023.58,0.16,17123.7728
2025-10-17 22:24:21.032,107023.58,0.00046,49.2308468
2025-10-17 22:24:21.033,107023.58,0.0007,74.916506
2025-10-17 22:24:21.034,107023.58,0.10898,11663.4297484
2025-10-17 22:24:21.035,107021.66,0.00045,48.159747
2025-10-17 22:24:21.036,107019.8,6e-05,6.421188
2025-10-17 22:24:21.038,107016.9,0.00046,49.227774
2025-10-17 22:24:21.046,107016.0,0.012,1284.192
2025-10-17 22:24:21.051,107016.0,0.00813,870.04008
2025-10-17 22:24:21.052,107016.01,0.00076,81.3321676
2025-10-17 22:24:21.056,107016.0,0.012,1284.192
2025-10-17 22:24:21.057,107014.62,0.0004,42.805848
2025-10-17 22:24:21.085,107014.0,0.02978,3186.87692
2025-10-17 22:24:21.095,107014.01,0.00044,47.0861644
2025-10-17 22:24:21.126,107014.01,0.01218,1303.4306417999999
2025-10-17 22:24:21.132,107014.0,0.00204,218.30856000000003
2025-10-17 22:24:21.241,107014.01,0.258,27609.614579999998
2025-10-17 22:24:21.258,107014.01,0.01443,1544.2121643
2025-10-17 22:24:21.365,107014.01,0.00025,26.7535025
2025-10-17 22:24:21.415,107014.01,0.066,7062.92466
2025-10-17 22:24:21.428,107014.01,0.0523,5596.8327229999995
2025-10-17 22:24:21.431,107014.01,0.009,963.1260899999999
2025-10-17 22:24:21.432,107014.01,0.1867,19979.515667
2025-10-17 22:24:21.433,107014.01,0.07676,8214.395407599999
2025-10-17 22:24:21.434,107015.11,0.00079,84.5419369
2025-10-17 22:24:21.435,107015.11,0.00173,185.1361403
2025-10-17 22:24:21.437,107015.11,0.04292,4593.0885212
2025-10-17 22:24:21.438,107016.31,0.0001,10.701631
2025-10-17 22:24:21.441,107016.3,0.0001,10.701630000000002
2025-10-17 22:24:21.444,107018.11,0.00634,678.4948174
2025-10-17 22:24:21.494,107018.11,0.23475,25122.5013225
2025-10-17 22:24:21.496,107018.22,0.07636,8171.9112792
2025-10-17 22:24:21.497,107019.62,0.0006,64.211772
2025-10-17 22:24:21.498,107019.02,0.08,8561.5216
2025-10-17 22:24:21.505,107019.12,0.12045,12890.453003999999
2025-10-17 22:24:21.507,107020.47,0.0001,10.702047
2025-10-17 22:24:21.510,107021.62,0.00013,13.912810599999998
2025-10-17 22:24:21.512,107021.62,0.00088,94.1790256
2025-10-17 22:24:21.720,107021.62,0.00024,25.6851888
2025-10-17 22:24:21.725,107021.62,6e-05,6.4212972
2025-10-17 22:24:21.732,107021.62,0.00187,200.13042939999997
2025-10-17 22:24:21.808,107021.62,0.00253,270.7646986
2025-10-17 22:24:21.845,107021.62,0.01375,1471.547275
2025-10-17 22:24:21.949,107021.62,0.0457,4890.888034
2025-10-17 22:24:22.107,107021.61,0.00513,549.0208593
2025-10-17 22:24:22.271,107021.62,0.0001,10.702162
2025-10-17 22:24:22.405,107021.62,0.00526,562.9337211999999
2025-10-17 22:24:22.470,107021.62,0.00019,20.3341078
2025-10-17 22:24:22.532,107021.62,0.0001,10.702162
2025-10-17 22:24:22.533,107021.62,0.0042,449.49080399999997
2025-10-17 22:24:22.584,107021.61,0.06142,6573.2672862
2025-10-17 22:24:22.736,107021.62,0.00198,211.9028076
2025-10-17 22:24:23.188,107021.62,0.05049,5403.5215938
2025-10-17 22:24:23.402,107021.61,0.00487,521.1952407
2025-10-17 22:24:23.604,107021.62,8e-05,8.5617296
2025-10-17 22:24:23.614,107021.62,0.01443,1544.3219766
2025-10-17 22:24:23.650,107021.62,0.0604,6464.105848
2025-10-17 22:24:23.668,107021.62,0.00047,50.30016139999999
2025-10-17 22:24:23.681,107021.62,0.00015,16.053243
2025-10-17 22:24:23.805,107021.62,0.00243,260.0625366
2025-10-17 22:24:23.834,107021.61,0.00486,520.1250246
2025-10-17 22:24:23.859,107021.61,9e-05,9.6319449
2025-10-17 22:24:23.862,107021.62,0.00281,300.7307522
2025-10-17 22:24:23.883,107021.62,0.00012,12.8425944
2025-10-17 22:24:23.906,107021.62,0.00047,50.30016139999999
2025-10-17 22:24:23.923,107021.61,0.005,535.10805
2025-10-17 22:24:23.925,107021.61,0.01,1070.2161
2025-10-17 22:24:24.193,107021.62,0.00307,328.5563734
2025-10-17 22:24:24.485,107021.61,0.00282,301.8009402
2025-10-17 22:24:24.486,107021.61,0.01754,1877.1590394
2025-10-17 22:24:24.515,107021.62,8e-05,8.5617296
2025-10-17 22:24:24.741,107021.62,0.00519,555.4422078
2025-10-17 22:24:25.019,107021.62,0.00016,17.1234592
2025-10-17 22:24:25.339,107021.62,0.00086,92.0385932
2025-10-17 22:24:25.437,107021.62,0.01509,1614.9562457999998
2025-10-17 22:24:25.643,107021.62,8e-05,8.5617296
2025-10-17 22:24:25.813,107021.62,0.0001,10.702162
2025-10-17 22:24:25.944,107021.61,0.02205,2359.8265005
2025-10-17 22:24:25.960,107021.62,0.00021,22.4745402
2025-10-17 22:24:26.054,107021.62,0.00583,623.9360446
2025-10-17 22:24:26.183,107021.62,0.01443,1544.3219766
2025-10-17 22:24:26.395,107021.62,0.0004,42.808648
2025-10-17 22:24:26.418,107021.62,0.00016,17.1234592
2025-10-17 22:24:26.578,107021.61,9e-05,9.6319449
2025-10-17 22:24:26.832,107021.61,0.00046,49.2299406
2025-10-17 22:24:26.889,107021.62,0.00736,787.6791231999999
2025-10-17 22:24:26.948,107021.62,0.0072,770.555664
2025-10-17 22:24:26.985,107021.64,0.0001,10.702164
2025-10-17 22:24:26.986,107022.27,0.00098,104.8818246
2025-10-17 22:24:26.988,107022.28,0.00055,58.862254
2025-10-17 22:24:26.991,107024.71,0.00776,830.5117496000001
2025-10-17 22:24:26.994,107024.72,0.00075,80.26854
2025-10-17 22:24:26.997,107025.86,0.0002,21.405172
2025-10-17 22:24:27.001,107028.04,0.00158,169.1043032
2025-10-17 22:24:27.004,107028.31,0.21807,23339.6635617
2025-10-17 22:24:27.049,107028.62,0.0001,10.702862
2025-10-17 22:24:27.128,107031.18,0.00487,521.2418466
2025-10-17 22:24:27.130,107031.18,0.00487,521.2418466
2025-10-17 22:24:27.216,107031.18,0.00014,14.984365199999997
2025-10-17 22:24:27.458,107031.18,0.00205,219.413919
2025-10-17 22:24:27.519,107031.19,0.0033,353.202927
2025-10-17 22:24:27.543,107031.19,0.0032,342.49980800000003
2025-10-17 22:24:27.589,107031.18,0.06128,6558.8707104
2025-10-17 22:24:27.666,107031.18,0.00099,105.9608682
2025-10-17 22:24:27.834,107031.18,0.00097,103.8202446
2025-10-17 22:24:28.403,107031.18,0.00049,52.4452782
2025-10-17 22:24:28.414,107031.18,0.00028,29.968730399999995
2025-10-17 22:24:28.602,107031.19,0.0079,845.5464010000001
2025-10-17 22:24:28.609,107031.19,0.00027,28.898421300000003
2025-10-17 22:24:29.152,107031.18,0.00224,239.74984319999996
2025-10-17 22:24:29.169,107031.18,0.0006,64.21870799999999
2025-10-17 22:24:29.382,107031.19,0.00107,114.5233733
2025-10-17 22:24:29.568,107031.19,4e-05,4.2812476
2025-10-17 22:24:30.413,107031.19,0.00525,561.9137475
2025-10-17 22:24:31.249,107031.18,0.018,1926.5612399999998
2025-10-17 22:24:31.705,107031.18,0.00047,50.30465459999999
2025-10-17 22:24:31.939,107036.44,0.00015,16.055466
2025-10-17 22:24:32.268,107036.44,0.00465,497.71944599999995
2025-10-17 22:24:32.524,107036.45,0.00037,39.603486499999995
2025-10-17 22:24:32.536,107036.45,0.00381,407.8088745
2025-10-17 22:24:32.639,107036.44,9e-05,9.633279600000002
2025-10-17 22:24:32.812,107036.45,0.00047,50.3071315
2025-10-17 22:24:33.068,107036.44,5e-05,5.351822
2025-10-17 22:24:33.134,107036.45,0.00371,397.1052295
2025-10-17 22:24:33.140,107036.45,0.00897,960.1169565
2025-10-17 22:24:33.566,107036.47,0.0001,10.703647
2025-10-17 22:24:33.568,107037.39,0.0003,32.111216999999996
2025-10-17 22:24:33.571,107038.76,0.00065,69.575194
2025-10-17 22:24:33.582,107039.89,0.0001,10.703989
2025-10-17 22:24:33.584,107040.0,0.00065,69.576
2025-10-17 22:24:33.589,107041.1,0.01889,2022.0063790000002
2025-10-17 22:24:33.591,107041.11,0.00177,189.4627647
2025-10-17 22:24:33.594,107041.89,0.00752,804.9550128
2025-10-17 22:24:33.690,107043.35,0.00235,251.55187250000003
2025-10-17 22:24:33.715,107044.2,0.0015,160.5663
2025-10-17 22:24:34.035,107044.65,0.00125,133.8058125
2025-10-17 22:24:34.136,107046.95,0.15,16057.0425
2025-10-17 22:24:34.259,107046.94,0.1,10704.694000000001
2025-10-17 22:24:34.462,107046.95,0.00046,49.241597
2025-10-17 22:24:34.562,107046.95,0.00031,33.1845545
2025-10-17 22:24:34.584,107046.95,0.00047,50.3120665
2025-10-17 22:24:35.019,107046.95,0.00237,253.70127150000002
2025-10-17 22:24:35.363,107046.94,0.00104,111.3288176
2025-10-17 22:24:36.359,107046.94,5e-05,5.352347
2025-10-17 22:24:36.788,107046.95,7e-05,7.493286499999999
2025-10-17 22:24:37.577,107046.94,0.0737,7889.359478
2025-10-17 22:24:38.137,107046.94,0.00039,41.7483066
2025-10-17 22:24:38.389,107046.94,5e-05,5.352347
2025-10-17 22:24:39.021,107046.94,0.00286,306.15424840000003
2025-10-17 22:24:39.534,107046.95,0.00039,41.748310499999995
2025-10-17 22:24:40.462,107046.94,0.00046,49.2415924
2025-10-17 22:24:40.636,107046.94,5e-05,5.352347
2025-10-17 22:24:41.722,107046.94,0.09,9634.2246
2025-10-17 22:24:42.510,107046.95,0.00211,225.86906449999998
2025-10-17 22:24:42.520,107046.94,0.00261,279.3925134
2025-10-17 22:24:43.813,107046.95,0.0001,10.704695000000001
2025-10-17 22:24:43.884,107046.95,0.00016,17.127512
2025-10-17 22:24:43.952,107046.95,9e-05,9.634225500000001
2025-10-17 22:24:44.148,107046.95,0.00106,113.46976699999999
2025-10-17 22:24:44.319,107046.94,0.00119,127.3858586
2025-10-17 22:24:45.598,107046.95,8e-05,8.563756
2025-10-17 22:24:46.182,107046.95,0.00069,73.86239549999999
2025-10-17 22:24:47.304,107046.95,0.00093,99.5536635
2025-10-17 22:24:47.949,107046.95,9e-05,9.634225500000001
2025-10-17 22:24:48.645,107046.95,0.2531,27093.583045
2025-10-17 22:24:48.948,107046.94,0.00093,99.55365420000001
2025-10-17 22:24:50.033,107046.94,9e-05,9.634224600000001
2025-10-17 22:24:50.639,107046.95,0.01174,1256.731193
2025-10-17 22:24:51.028,107046.95,0.00035,37.466432499999996
2025-10-17 22:24:51.581,107046.94,0.00344,368.2414736
2025-10-17 22:24:52.210,107046.94,0.00173,185.1912062
2025-10-17 22:24:52.577,107046.94,0.1057,11314.861558
2025-10-17 22:24:52.811,107046.94,5e-05,5.352347
2025-10-17 22:24:52.986,107046.95,0.00093,99.5536635
2025-10-17 22:24:53.125,107046.95,7e-05,7.493286499999999
2025-10-17 22:24:53.450,107046.94,9e-05,9.634224600000001
2025-10-17 22:24:53.457,107046.94,8e-05,8.563755200000001
2025-10-17 22:24:53.643,107046.95,8e-05,8.563756
2025-10-17 22:24:53.684,107046.94,0.00116,124.1744504
2025-10-17 22:24:54.015,107046.94,0.00047,50.3120618
2025-10-17 22:24:54.016,107046.94,0.70181,75126.61296140001
2025-10-17 22:24:54.534,107046.94,5e-05,5.352347
2025-10-17 22:24:54.686,107046.95,0.00012,12.845634
2025-10-17 22:24:56.125,107046.94,0.00024,25.6912656
2025-10-17 22:24:56.127,107046.94,0.0484,5181.071896
2025-10-17 22:24:56.151,107041.59,0.00037,39.6053883
2025-10-17 22:24:56.152,107031.21,0.00015,16.0546815
2025-10-17 22:24:56.153,107022.63,0.0025,267.556575
2025-10-17 22:24:56.156,107017.42,0.03377,3613.9782734
2025-10-17 22:24:56.158,107017.42,0.00933,998.4725285999999
2025-10-17 22:24:56.163,107016.87,0.00933,998.4673971
2025-10-17 22:24:56.170,107017.41,1e-05,1.0701741
2025-10-17 22:24:56.172,107005.32,0.0001,10.700532
2025-10-17 22:24:56.181,107005.31,0.00935,1000.4996485
2025-10-17 22:24:56.201,107009.55,0.00015,16.0514325
2025-10-17 22:24:56.202,107005.31,0.012,1284.06372
2025-10-17 22:24:56.203,107005.31,0.012,1284.06372
2025-10-17 22:24:56.232,107005.32,0.0487,5211.159084000001
2025-10-17 22:24:56.254,107005.31,0.00935,1000.4996485
2025-10-17 22:24:56.372,107005.31,0.006,642.03186
2025-10-17 22:24:56.424,107005.31,0.019,2033.10089
2025-10-17 22:24:56.501,107005.31,0.015,1605.07965
2025-10-17 22:24:56.513,107005.31,0.011,1177.0584099999999
2025-10-17 22:24:56.520,107005.31,0.023,2461.1221299999997
2025-10-17 22:24:56.563,107005.31,0.1,10700.531
2025-10-17 22:24:56.579,107005.31,6e-05,6.4203186
2025-10-17 22:24:56.595,107005.32,0.0025,267.5133
2025-10-17 22:24:56.683,107005.32,0.00049,52.4326068
2025-10-17 22:24:56.698,107005.31,0.023,2461.1221299999997
2025-10-17 22:24:56.813,107005.32,0.00036,38.5219152
2025-10-17 22:24:56.835,107005.31,0.015,1605.07965
2025-10-17 22:24:56.862,107005.32,0.00181,193.67962920000002
2025-10-17 22:24:56.990,107005.32,8e-05,8.560425600000002
2025-10-17 22:24:57.243,107005.31,0.001,107.00531
2025-10-17 22:24:57.244,107005.31,0.002,214.01062
2025-10-17 22:24:57.312,107005.32,0.00022,23.541170400000002
2025-10-17 22:24:57.576,107005.31,0.09148,9788.8457588
2025-10-17 22:24:57.657,107005.31,0.024,2568.12744
2025-10-17 22:24:57.692,107005.32,0.00033,35.311755600000005
2025-10-17 22:24:57.700,107005.32,0.00304,325.2961728
2025-10-17 22:24:57.868,107005.31,0.002,214.01062
2025-10-17 22:24:57.870,107005.31,0.3527,37740.772837000004
2025-10-17 22:24:57.982,107005.31,0.08,8560.4248
2025-10-17 22:24:58.144,107005.31,0.00128,136.9667968
2025-10-17 22:24:58.413,107005.31,0.00285,304.9651335
2025-10-17 22:24:58.414,107005.3,0.012,1284.0636
2025-10-17 22:24:58.434,107005.09,0.00589,630.2599801
2025-10-17 22:24:58.546,107005.1,0.00047,50.292397
2025-10-17 22:24:58.715,107005.09,0.00268,286.7736412
2025-10-17 22:24:58.716,107000.67,0.00213,227.9114271
2025-10-17 22:24:58.728,107000.68,0.00273,292.11185639999997
2025-10-17 22:24:58.955,107000.68,0.00869,929.8359092
2025-10-17 22:24:59.056,107000.68,0.00147,157.2909996
2025-10-17 22:24:59.104,107000.68,8e-05,8.5600544
2025-10-17 22:24:59.187,107000.67,0.00108,115.5607236
2025-10-17 22:24:59.277,107000.68,0.0004,42.800272
2025-10-17 22:24:59.817,107000.68,0.0063,674.104284
2025-10-17 22:25:00.366,107000.67,0.012,1284.00804
2025-10-17 22:25:00.367,107000.67,0.012,1284.00804
2025-10-17 22:25:00.368,107000.67,0.012,1284.00804
2025-10-17 22:25:00.606,107000.68,0.00065,69.55044199999999
2025-10-17 22:25:00.607,107000.67,0.00117,125.1907839
2025-10-17 22:25:00.667,107000.67,0.00225,240.75150749999997
2025-10-17 22:25:00.781,107000.68,0.00056,59.92038079999999
2025-10-17 22:25:00.899,107000.68,0.00099,105.93067319999999
2025-10-17 22:25:00.945,107000.67,0.005,535.00335
2025-10-17 22:25:00.969,107000.67,0.00273,292.11182909999997
2025-10-17 22:25:01.150,107000.68,0.00081,86.67055079999999
2025-10-17 22:25:01.395,107000.68,0.00223,238.6115164
2025-10-17 22:25:01.503,107000.68,0.00322,344.5421896
2025-10-17 22:25:01.776,107000.67,0.00012,12.8400804
2025-10-17 22:25:01.791,107000.68,0.0002,21.400136
2025-10-17 22:25:02.078,107000.67,0.012,1284.00804
2025-10-17 22:25:02.080,107000.67,0.01236,1322.5282811999998
2025-10-17 22:25:02.243,107000.68,0.00093,99.5106324
2025-10-17 22:25:02.554,107000.68,0.00805,861.355474
2025-10-17 22:25:02.569,107000.68,0.00257,274.99174759999994
2025-10-17 22:25:02.920,107000.67,0.00047,50.2903149
2025-10-17 22:25:03.000,107000.68,9e-05,9.6300612
2025-10-17 22:25:03.432,107000.68,0.00557,595.9937876
2025-10-17 22:25:03.797,107000.68,0.00071,75.9704828
2025-10-17 22:25:04.066,107000.68,0.00795,850.655406
2025-10-17 22:25:04.072,107000.68,0.00191,204.37129879999998
2025-10-17 22:25:04.267,107000.68,0.00047,50.2903196
2025-10-17 22:25:04.612,107000.68,0.01,1070.0067999999999
2025-10-17 22:25:04.693,107000.67,0.00047,50.2903149
2025-10-17 22:25:04.900,107000.67,0.00911,974.7761037
2025-10-17 22:25:05.843,107000.68,0.00308,329.5620944
2025-10-17 22:25:07.171,107000.67,0.00368,393.7624656
2025-10-17 22:25:07.482,107000.68,0.00318,340.26216239999997
2025-10-17 22:25:07.578,107000.67,0.10408,11136.6297336
2025-10-17 22:25:07.580,107000.67,0.00092,98.4406164
2025-10-17 22:25:07.781,107000.68,0.00898,960.8661063999999
2025-10-17 22:25:08.030,107000.68,0.00452,483.6430735999999
2025-10-17 22:25:08.059,107000.68,0.00047,50.2903196
2025-10-17 22:25:08.575,107000.68,8e-05,8.5600544
2025-10-17 22:25:08.653,107000.68,0.00475,508.25323
2025-10-17 22:25:09.270,107000.67,0.00067,71.6904489
2025-10-17 22:25:09.470,107000.68,0.00013,13.910088399999998
2025-10-17 22:25:09.675,107000.68,0.00537,574.5936515999999
2025-10-17 22:25:10.165,107000.68,0.0052,556.4035359999999
2025-10-17 22:25:10.580,107002.33,0.1338,14316.911754
2025-10-17 22:25:10.582,107002.33,0.0005,53.501165
2025-10-17 22:25:10.584,107005.64,0.05026,5378.1034664
2025-10-17 22:25:10.594,107006.03,0.00044,47.0826532
2025-10-17 22:25:10.599,107006.03,0.00084,89.8850652
2025-10-17 22:25:10.601,107006.92,0.0001,10.700692
2025-10-17 22:25:10.627,107011.38,0.00026,27.8229588
2025-10-17 22:25:10.640,107011.38,0.00219,234.35492220000003
2025-10-17 22:25:10.641,107014.85,0.00778,832.575533
2025-10-17 22:25:10.671,107014.85,0.05578,5969.288333
2025-10-17 22:25:10.725,107014.85,0.0005,53.507425000000005
2025-10-17 22:25:11.077,107014.84,0.00147,157.31181479999998
2025-10-17 22:25:11.240,107014.85,0.00348,372.411678
2025-10-17 22:25:11.742,107014.85,0.0049,524.372765
2025-10-17 22:25:12.103,107014.85,0.01083,1158.9708255
2025-10-17 22:25:12.214,107014.84,0.00225,240.78338999999997
2025-10-17 22:25:12.546,107014.84,0.00391,418.4280244
2025-10-17 22:25:12.818,107014.84,3.0,321044.52
2025-10-17 22:25:13.172,107014.85,0.00281,300.7117285
2025-10-17 22:25:13.871,107014.85,0.00015,16.0522275
2025-10-17 22:25:13.937,107014.85,0.00325,347.7982625
2025-10-17 22:25:14.743,107014.85,0.07896,8449.892556
2025-10-17 22:25:14.756,107014.85,0.01479,1582.7496315
2025-10-17 22:25:15.702,107014.84,0.00026,27.823858399999995
2025-10-17 22:25:15.770,107014.85,0.00131,140.1894535
2025-10-17 22:25:15.940,107014.84,0.00256,273.9579904
2025-10-17 22:25:16.716,107014.84,9e-05,9.6313356
2025-10-17 22:25:16.974,107014.85,0.00011,11.771633500000002
2025-10-17 22:25:17.583,107014.84,0.06293,6734.4438812
2025-10-17 22:25:17.701,107014.84,0.00465,497.61900599999996
2025-10-17 22:25:17.703,107014.84,0.08869,9491.1461596
2025-10-17 22:25:17.814,107014.84,0.012,1284.17808
2025-10-17 22:25:18.163,107014.85,0.00366,391.674351
2025-10-17 22:25:18.420,107009.12,0.0144,1540.931328
2025-10-17 22:25:18.430,107009.12,0.011,1177.1003199999998
2025-10-17 22:25:18.492,107009.13,0.01027,1098.9837651
2025-10-17 22:25:18.548,107009.13,5e-05,5.350456500000001
2025-10-17 22:25:18.838,107009.13,0.0031,331.728303
2025-10-17 22:25:19.305,107009.13,0.00241,257.8920033
2025-10-17 22:25:19.308,107009.29,0.00017,18.1915793
2025-10-17 22:25:19.342,107009.4,0.0009,96.30846
2025-10-17 22:25:19.390,107010.58,0.001,107.01058
2025-10-17 22:25:19.790,107013.16,0.0012,128.41579199999998
2025-10-17 22:25:20.103,107013.16,0.00043,46.0156588
2025-10-17 22:25:20.240,107013.15,0.00065,69.55854749999999
2025-10-17 22:25:20.509,107013.16,0.00051,54.5767116
2025-10-17 22:25:20.949,107013.16,0.00186,199.04447760000002
2025-10-17 22:25:21.582,107013.15,0.0001,10.701315
2025-10-17 22:25:21.839,107013.16,0.02004,2144.5437263999997
2025-10-17 22:25:22.127,107013.16,0.00013,13.9117108
2025-10-17 22:25:22.824,107013.15,9e-05,9.6311835
2025-10-17 22:25:22.896,107013.16,7e-05,7.4909212
2025-10-17 22:25:23.299,107013.16,0.00044,47.0857904
2025-10-17 22:25:23.679,107013.15,7e-05,7.490920499999999
2025-10-17 22:25:24.037,107013.15,0.00035,37.4546025
2025-10-17 22:25:24.083,107013.16,0.00047,50.296185200000004
2025-10-17 22:25:24.331,107013.16,0.00012,12.8415792
2025-10-17 22:25:24.360,107013.16,0.00456,487.9800096
2025-10-17 22:25:24.413,107013.16,0.00102,109.1534232
2025-10-17 22:25:24.713,107013.15,0.05,5350.6575
2025-10-17 22:25:25.141,107013.15,0.00864,924.593616
2025-10-17 22:25:25.283,107013.15,0.44685,47818.8260775
2025-10-17 22:25:25.293,107013.16,0.00131,140.1872396
2025-10-17 22:25:27.087,107013.16,0.00252,269.67316320000003
2025-10-17 22:25:27.103,107013.17,0.0027,288.935559
2025-10-17 22:25:27.215,107013.8,5e-05,5.35069
2025-10-17 22:25:28.027,107014.75,0.00293,313.55321749999996
2025-10-17 22:25:28.048,107014.75,9e-05,9.631327500000001
2025-10-17 22:25:28.225,107014.75,0.00012,12.84177
2025-10-17 22:25:28.643,107014.74,0.00026,27.8238324
2025-10-17 22:25:28.655,107014.74,0.00047,50.2969278
2025-10-17 22:25:28.666,107014.74,0.00025,26.753685
2025-10-17 22:25:28.703,107014.75,0.00012,12.84177
2025-10-17 22:25:28.958,107014.75,0.00012,12.84177
2025-10-17 22:25:29.445,107014.76,0.0006,64.208856
2025-10-17 22:25:29.446,107014.76,0.0002,21.402952
2025-10-17 22:25:29.452,107017.26,0.00063,67.4208738
2025-10-17 22:25:29.518,107017.26,0.00204,218.3152104
2025-10-17 22:25:30.041,107017.44,0.00252,269.6839488
2025-10-17 22:25:30.098,107017.43,9e-05,9.6315687
2025-10-17 22:25:30.196,107017.43,0.00094,100.59638419999999
2025-10-17 22:25:30.244,107017.43,0.00039,41.7367977
2025-10-17 22:25:30.276,107017.43,0.00098,104.8770814
2025-10-17 22:25:30.399,107017.44,0.00069,73.8420336
2025-10-17 22:25:30.659,107017.43,8e-05,8.5613944
2025-10-17 22:25:31.032,107017.44,0.03291,3521.9439504
2025-10-17 22:25:31.127,107017.43,0.0002,21.403486
2025-10-17 22:25:32.023,107017.44,0.00047,50.2981968
2025-10-17 22:25:32.254,107017.44,0.00013,13.912267199999999
2025-10-17 22:25:32.402,107017.44,0.02155,2306.225832
2025-10-17 22:25:32.457,107017.44,0.13466,14410.968470400001
2025-10-17 22:25:32.624,107017.44,9e-05,9.6315696
2025-10-17 22:25:32.682,107017.43,0.00011,11.7719173
2025-10-17 22:25:33.640,107017.44,0.00604,646.3853376000001
2025-10-17 22:25:33.902,107017.44,0.0003,32.105232
2025-10-17 22:25:34.432,107017.43,0.00904,967.4375671999999
2025-10-17 22:25:34.617,107017.44,9e-05,9.6315696
2025-10-17 22:25:34.754,107017.44,0.00331,354.2277264
2025-10-17 22:25:35.266,107017.44,0.00661,707.3852784000001
2025-10-17 22:25:35.367,107017.43,0.00831,889.3148432999999
2025-10-17 22:25:36.183,107017.44,9e-05,9.6315696
2025-10-17 22:25:36.299,107017.43,0.00012,12.8420916
2025-10-17 22:25:36.520,107017.44,0.00755,807.981672
2025-10-17 22:25:36.600,107017.44,0.17912,19168.9638528
2025-10-17 22:25:37.568,107017.44,0.00053,56.7192432
2025-10-17 22:25:37.676,107017.44,0.00024,25.684185600000003
2025-10-17 22:25:38.169,107017.43,0.00047,50.298192099999994
2025-10-17 22:25:38.343,107017.43,0.03511,3757.3819673
2025-10-17 22:25:38.466,107017.44,0.00053,56.7192432
2025-10-17 22:25:38.532,107017.44,0.0001,10.701744000000001
2025-10-17 22:25:38.542,107017.44,0.00147,157.3156368
2025-10-17 22:25:38.817,107017.44,0.00053,56.7192432
2025-10-17 22:25:40.262,107017.44,9e-05,9.6315696
2025-10-17 22:25:40.537,107017.44,0.00015,16.052616
2025-10-17 22:25:40.788,107017.44,0.00884,946.0341696
2025-10-17 22:25:40.871,107017.44,0.00014,14.9824416
2025-10-17 22:25:41.249,107018.8,0.0046,492.28648
2025-10-17 22:25:41.458,107018.8,0.54733,58574.599804
2025-10-17 22:25:41.485,107018.8,0.00013,13.912443999999999
2025-10-17 22:25:42.057,107018.79,0.00103,110.2293537
2025-10-17 22:25:42.117,107018.79,0.00019,20.3335701
2025-10-17 22:25:42.350,107018.8,7e-05,7.491315999999999
2025-10-17 22:25:42.384,107018.8,0.00375,401.3205
2025-10-17 22:25:43.157,107018.79,3.0,321056.37
2025-10-17 22:25:43.405,107018.79,0.00049,52.4392071
2025-10-17 22:25:43.855,107018.8,8e-05,8.561504000000001
2025-10-17 22:25:43.894,107018.79,0.00063,67.4218377
2025-10-17 22:25:43.991,107018.79,0.01345,1439.4027254999999
2025-10-17 22:25:44.092,107018.8,0.00047,50.298836
2025-10-17 22:25:44.358,107018.8,0.00451,482.65478800000005
2025-10-17 22:25:44.359,107025.67,0.20742,22199.264471399998
2025-10-17 22:25:44.362,107025.67,0.03059,3273.9152452999997
2025-10-17 22:25:44.373,107025.67,0.00935,1000.6900145000001
2025-10-17 22:25:44.410,107025.67,0.00185,197.9974895
2025-10-17 22:25:44.412,107025.67,0.00073,78.12873909999999
2025-10-17 22:25:44.534,107028.14,8e-05,8.5622512
2025-10-17 22:25:44.643,107028.14,0.01215,1300.391901
2025-10-17 22:25:44.795,107028.13,0.00952,1018.9077976000001
2025-10-17 22:25:44.826,107028.14,0.0011,117.73095400000001
2025-10-17 22:25:46.874,107028.2,8e-05,8.562256
2025-10-17 22:25:46.974,107028.2,0.00014,14.983947999999998
2025-10-17 22:25:47.062,107028.19,0.00124,132.7149556
2025-10-17 22:25:47.269,107028.19,0.00271,290.04639490000005
2025-10-17 22:25:47.539,107028.19,0.00539,576.8819440999999
2025-10-17 22:25:47.570,107028.19,0.00017,18.194792300000003
2025-10-17 22:25:47.675,107028.2,8e-05,8.562256
2025-10-17 22:25:48.248,107028.2,0.00348,372.45813599999997
2025-10-17 22:25:48.312,107028.2,0.00015,16.054229999999997
2025-10-17 22:25:48.552,107028.2,0.00093,99.536226
2025-10-17 22:25:48.734,107028.19,0.00099,105.9579081
2025-10-17 22:25:48.830,107028.2,0.00015,16.054229999999997
2025-10-17 22:25:49.000,107028.19,0.00036,38.5301484
2025-10-17 22:25:49.079,107028.2,0.00015,16.054229999999997
2025-10-17 22:25:49.218,107028.19,0.009,963.25371
2025-10-17 22:25:49.351,107028.19,9e-05,9.6325371
2025-10-17 22:25:49.397,107028.2,0.00093,99.536226
2025-10-17 22:25:49.832,107028.19,0.0001,10.702819
2025-10-17 22:25:50.580,107028.19,0.00048,51.3735312
2025-10-17 22:25:50.676,107028.19,0.00931,996.4324489
2025-10-17 22:25:50.713,107028.19,0.00101,108.0984719
2025-10-17 22:25:50.737,107028.2,0.00074,79.200868
2025-10-17 22:25:50.766,107028.2,0.00456,488.048592
2025-10-17 22:25:51.270,107028.2,0.00354,378.87982800000003
2025-10-17 22:25:53.196,107028.2,0.00113,120.94186599999999
2025-10-17 22:25:53.674,107028.2,0.00015,16.054229999999997
2025-10-17 22:25:54.395,107028.2,0.00015,16.054229999999997
2025-10-17 22:25:54.629,107028.2,0.00015,16.054229999999997
2025-10-17 22:25:55.015,107028.2,0.00747,799.5006539999999
2025-10-17 22:25:55.261,107028.2,0.10993,11765.610026
2025-10-17 22:25:55.385,107028.2,0.00053,56.724945999999996
2025-10-17 22:25:55.441,107028.2,0.00047,50.303253999999995
2025-10-17 22:25:55.910,107028.19,0.00048,51.3735312
2025-10-17 22:25:56.047,107028.2,0.00048,51.373536
2025-10-17 22:25:56.095,107028.2,0.00934,999.643388
2025-10-17 22:25:56.891,107028.2,0.00032,34.249024
2025-10-17 22:25:57.286,107028.2,0.00187,200.142734
2025-10-17 22:25:57.417,107028.2,0.00015,16.054229999999997
2025-10-17 22:25:57.679,107028.2,0.00021,22.475922
2025-10-17 22:25:57.719,107028.2,0.00094,100.60650799999999
2025-10-17 22:25:57.750,107028.2,7e-05,7.491973999999999
2025-10-17 22:25:58.728,107028.2,0.03437,3678.559234
2025-10-17 22:25:58.730,107028.2,0.05635,6031.03907
2025-10-17 22:25:58.731,107032.49,0.0001,10.703249000000001
2025-10-17 22:25:58.738,107033.02,0.00023,24.6175946
2025-10-17 22:25:58.747,107033.37,0.07496,8023.2214152
2025-10-17 22:25:58.767,107038.9,0.00421,450.633769
2025-10-17 22:26:01.003,107038.89,0.00125,133.7986125
2025-10-17 22:26:01.011,107038.9,0.0003,32.11167
2025-10-17 22:26:01.113,107038.9,0.00013,13.915056999999997
2025-10-17 22:26:01.311,107038.89,0.00015,16.0558335
2025-10-17 22:26:01.446,107038.9,0.0007,74.92723
2025-10-17 22:26:01.577,107038.89,0.0001,10.703889
2025-10-17 22:26:01.645,107038.9,0.00169,180.895741
2025-10-17 22:26:02.132,107038.89,0.00047,50.3082783
2025-10-17 22:26:02.154,107038.9,0.00467,499.87166299999996
2025-10-17 22:26:02.696,107038.89,0.00467,499.87161629999997
2025-10-17 22:26:02.720,107038.9,0.00029,31.041280999999998
2025-10-17 22:26:03.055,107038.89,8e-05,8.5631112
2025-10-17 22:26:03.085,107038.9,0.00046,49.237894
2025-10-17 22:26:03.103,107038.9,9e-05,9.633501
2025-10-17 22:26:03.380,107038.89,0.00046,49.2378894
2025-10-17 22:26:03.616,107038.89,0.00017,18.1966113
2025-10-17 22:26:03.639,107038.89,0.00494,528.7721166
2025-10-17 22:26:03.994,107038.9,0.003,321.1167
2025-10-17 22:26:04.446,107038.9,0.00483,516.997887
2025-10-17 22:26:04.532,107038.9,0.00172,184.10690799999998
2025-10-17 22:26:05.432,107038.9,0.00172,184.10690799999998
2025-10-17 22:26:06.124,107038.9,0.00101,108.109289
2025-10-17 22:26:07.458,107038.89,6e-05,6.4223334
2025-10-17 22:26:07.482,107038.9,0.00016,17.126224
2025-10-17 22:26:07.662,107038.9,0.00211,225.85207899999997
2025-10-17 22:26:09.412,107038.9,0.0007,74.92723
2025-10-17 22:26:09.413,107038.9,0.00056,59.94178399999999
2025-10-17 22:26:09.420,107038.9,0.00864,924.816096
2025-10-17 22:26:10.015,107038.9,0.00244,261.174916
2025-10-17 22:26:10.062,107038.9,0.00053,56.730616999999995
2025-10-17 22:26:10.183,107038.9,0.00071,75.997619
2025-10-17 22:26:10.220,107038.9,0.0006,64.22334
2025-10-17 22:26:10.586,107039.99,0.00081,86.7023919
2025-10-17 22:26:11.657,107040.0,0.02719,2910.4175999999998
2025-10-17 22:26:12.743,107039.99,0.00013,13.9151987
2025-10-17 22:26:12.790,107039.99,0.00083,88.8431917
2025-10-17 22:26:13.096,107040.0,0.00047,50.3088
2025-10-17 22:26:13.193,107039.99,0.00011,11.774398900000001
2025-10-17 22:26:14.201,107039.99,0.00047,50.3087953
2025-10-17 22:26:14.849,107039.99,0.08273,8855.4183727
2025-10-17 22:26:15.632,107039.99,0.00017,18.1967983
2025-10-17 22:26:16.229,107040.0,0.00259,277.23359999999997
2025-10-17 22:26:16.412,107040.0,0.00195,208.72799999999998
2025-10-17 22:26:16.424,107040.01,0.00038,40.6752038
2025-10-17 22:26:16.482,107040.01,0.00027,28.9008027
2025-10-17 22:26:16.614,107042.0,6e-05,6.4225200000000005
2025-10-17 22:26:16.643,107043.38,7e-05,7.4930366
2025-10-17 22:26:16.843,107043.38,0.0001,10.704338000000002
2025-10-17 22:26:16.847,107043.38,0.00211,225.8615318
2025-10-17 22:26:16.861,107043.38,0.00038,40.67648440000001
2025-10-17 22:26:16.887,107043.38,0.00169,180.90331220000002
2025-10-17 22:26:17.009,107043.38,0.06518,6977.087508400001
2025-10-17 22:26:17.626,107043.38,0.00028,29.9721464
2025-10-17 22:26:17.765,107043.38,0.00016,17.126940800000003
2025-10-17 22:26:17.881,107043.38,0.00015,16.056507
2025-10-17 22:26:17.884,107043.38,0.00029,31.042580200000003
2025-10-17 22:26:18.001,107043.38,6e-05,6.422602800000001
2025-10-17 22:26:18.175,107043.38,0.00028,29.9721464
2025-10-17 22:26:18.592,107043.38,0.00014,14.9860732
2025-10-17 22:26:18.712,107043.38,0.0001,10.704338000000002
2025-10-17 22:26:18.843,107043.38,0.00075,80.28253500000001
2025-10-17 22:26:18.870,107043.38,0.00269,287.94669220000003
2025-10-17 22:26:19.281,107044.97,0.0001,10.704497
2025-10-17 22:26:19.347,107044.98,0.00135,144.510723
2025-10-17 22:26:19.404,107044.98,0.00047,50.311140599999995
2025-10-17 22:26:19.539,107061.84,0.072,7708.452479999999
2025-10-17 22:26:19.545,107064.42,0.003,321.19326
2025-10-17 22:26:19.548,107064.42,0.00934,999.9816827999999
2025-10-17 22:26:19.650,107064.42,0.07371,7891.7183982
2025-10-17 22:26:19.801,107064.41,0.00176,188.4333616
2025-10-17 22:26:19.802,107064.41,0.00176,188.4333616
2025-10-17 22:26:19.803,107064.41,0.00039,41.755119900000004
2025-10-17 22:26:19.804,107064.41,0.00152,162.7379032
2025-10-17 22:26:19.805,107064.41,0.00152,162.7379032
2025-10-17 22:26:19.806,107064.41,0.00152,162.7379032
2025-10-17 22:26:19.813,107064.41,0.00163,174.5149883
2025-10-17 22:26:19.814,107064.41,0.00165,176.65627650000002
2025-10-17 22:26:19.815,107064.41,0.00152,162.7379032
2025-10-17 22:26:19.817,107064.41,0.00152,162.7379032
2025-10-17 22:26:19.818,107064.41,0.00152,162.7379032
2025-10-17 22:26:19.819,107064.41,0.00152,162.7379032
2025-10-17 22:26:19.821,107064.41,0.00152,162.7379032
2025-10-17 22:26:19.824,107064.41,0.00064,68.52122240000001
2025-10-17 22:26:19.831,107064.41,0.00057,61.0267137
2025-10-17 22:26:19.869,107064.41,0.0049,524.615609
2025-10-17 22:26:20.111,107064.42,0.00247,264.4491174
2025-10-17 22:26:21.030,107064.42,0.00018,19.2715956
2025-10-17 22:26:21.031,107064.42,0.00018,19.2715956
2025-10-17 22:26:21.032,107064.42,0.00576,616.6910592
2025-10-17 22:26:21.034,107064.42,0.0038,406.844796
2025-10-17 22:26:21.035,107064.42,0.0022,235.54172400000002
2025-10-17 22:26:22.025,107064.42,0.00054,57.8147868
2025-10-17 22:26:22.066,107064.42,8e-05,8.5651536
2025-10-17 22:26:22.094,107064.42,5e-05,5.3532210000000005
2025-10-17 22:26:22.159,107064.42,8e-05,8.5651536
2025-10-17 22:26:22.585,107064.41,0.00215,230.1884815
2025-10-17 22:26:22.920,107064.41,0.02426,2597.3825866
2025-10-17 22:26:23.493,107064.42,0.0008,85.65153600000001
2025-10-17 22:26:24.074,107064.41,0.01025,1097.4102025
2025-10-17 22:26:24.717,107064.42,0.00038,40.6844796
2025-10-17 22:26:24.892,107064.42,0.00016,17.1303072
2025-10-17 22:26:25.024,107064.42,0.0001,10.706442000000001
2025-10-17 22:26:25.056,107064.41,8e-05,8.565152800000002
2025-10-17 22:26:25.209,107064.42,0.00566,605.9846172
2025-10-17 22:26:25.549,107064.41,0.00047,50.3202727
2025-10-17 22:26:26.808,107064.41,0.00018,19.2715938
2025-10-17 22:26:26.917,107064.42,0.00365,390.785133
2025-10-17 22:26:28.174,107064.42,0.00047,50.320277399999995
2025-10-17 22:26:29.335,107064.42,0.00011,11.7770862
2025-10-17 22:26:29.466,107064.42,0.00031,33.1899702
2025-10-17 22:26:29.923,107064.42,0.0001,10.706442000000001
2025-10-17 22:26:30.120,107064.42,8e-05,8.5651536
2025-10-17 22:26:30.622,107064.41,0.00545,583.5010345000001
2025-10-17 22:26:31.573,107064.42,0.00055,58.885431000000004
2025-10-17 22:26:31.628,107064.41,0.005,535.32205
2025-10-17 22:26:31.891,107064.41,0.0005,53.532205000000005
2025-10-17 22:26:32.138,107064.42,0.45074,48258.21667079999
2025-10-17 22:26:32.139,107064.42,0.00935,1001.0523270000001
2025-10-17 22:26:32.140,107065.65,0.00545,583.5077924999999
2025-10-17 22:26:32.141,107066.35,0.0001,10.706635
2025-10-17 22:26:32.142,107067.3,0.0001,10.70673
2025-10-17 22:26:32.145,107069.17,6e-05,6.4241502
2025-10-17 22:26:32.151,107069.38,7e-05,7.494856599999999
2025-10-17 22:26:32.154,107069.39,0.0004,42.827756
2025-10-17 22:26:32.158,107071.02,0.00289,309.4352478
2025-10-17 22:26:32.166,107072.78,8e-05,8.5658224
2025-10-17 22:26:32.170,107073.9,0.00122,130.630158
2025-10-17 22:26:32.176,107073.9,0.00115,123.13498499999999
2025-10-17 22:26:32.185,107073.9,0.14192,15195.927887999998
2025-10-17 22:26:32.206,107075.57,0.0025,267.68892500000004
2025-10-17 22:26:32.208,107076.0,0.0026,278.3976
2025-10-17 22:26:32.216,107078.61,5e-05,5.353930500000001
2025-10-17 22:26:32.220,107078.0,0.00155,165.9709
2025-10-17 22:26:32.245,107078.71,0.07402,7925.9661142
2025-10-17 22:26:32.250,107079.38,0.0001,10.707938
2025-10-17 22:26:32.276,107080.0,0.10306,11035.6648
2025-10-17 22:26:32.306,107080.0,0.0004,42.832
2025-10-17 22:26:32.315,107083.9,0.01125,1204.693875
2025-10-17 22:26:32.316,107083.9,0.01125,1204.693875
2025-10-17 22:26:32.324,107083.9,0.00188,201.31773199999998
2025-10-17 22:26:32.338,107084.0,0.00114,122.07575999999999
2025-10-17 22:26:32.370,107086.0,0.0024,257.0064
2025-10-17 22:26:32.413,107086.0,0.0014,149.9204
2025-10-17 22:26:32.427,107086.01,0.00195,208.81771949999998
2025-10-17 22:26:32.444,107089.97,0.0001,10.708997
2025-10-17 22:26:32.485,107090.81,0.0002,21.418162
2025-10-17 22:26:32.784,107090.82,7e-05,7.4963574
2025-10-17 22:26:32.908,107090.81,0.002,214.18162
2025-10-17 22:26:33.122,107092.6,0.00015,16.06389
2025-10-17 22:26:33.157,107092.61,0.01444,1546.4172884
2025-10-17 22:26:33.237,107092.6,0.00014,14.992963999999999
2025-10-17 22:26:33.318,107092.61,0.00094,100.6670534
2025-10-17 22:26:33.748,107092.6,9e-05,9.638334
2025-10-17 22:26:33.783,107092.6,0.00059,63.18463400000001
2025-10-17 22:26:34.023,107092.6,6e-05,6.425556
2025-10-17 22:26:34.323,107092.61,0.00192,205.6178112
2025-10-17 22:26:35.413,107092.61,0.02067,2213.6042487
2025-10-17 22:26:35.484,107092.62,0.00075,80.319465
2025-10-17 22:26:35.486,107096.0,0.0028,299.8688
2025-10-17 22:26:35.679,107097.51,0.00235,251.6791485
2025-10-17 22:26:35.917,107097.51,0.0001,10.709751
2025-10-17 22:26:36.029,107098.01,0.0001,10.709801
2025-10-17 22:26:36.347,107098.51,0.00032,34.271523200000004
2025-10-17 22:26:36.455,107098.51,0.00078,83.5368378
2025-10-17 22:26:36.897,107099.58,0.00249,266.6779542
2025-10-17 22:26:36.949,107099.59,0.0001,10.709959
2025-10-17 22:26:37.024,107099.58,9e-05,9.6389622
2025-10-17 22:26:38.795,107099.59,0.00042,44.9818278
2025-10-17 22:26:39.573,107099.59,8e-05,8.5679672
2025-10-17 22:26:39.669,107099.58,0.00093,99.6026094
2025-10-17 22:26:39.699,107099.58,0.00149,159.5783742
2025-10-17 22:26:40.736,107099.58,0.00188,201.3472104
2025-10-17 22:26:41.022,107099.59,0.00187,200.27623329999997
2025-10-17 22:26:41.221,107099.58,0.00139,148.86841619999998
2025-10-17 22:26:41.725,107099.59,0.00064,68.5437376
2025-10-17 22:26:42.244,107099.58,0.00093,99.6026094
2025-10-17 22:26:42.574,107099.58,0.00203,217.4121474
2025-10-17 22:26:42.576,107099.58,0.14803,15853.9508274
2025-10-17 22:26:42.736,107099.58,0.18618,19939.7998044
2025-10-17 22:26:43.203,107099.58,0.00047,50.3368026
2025-10-17 22:26:43.217,107099.59,0.03258,3489.3046421999998
2025-10-17 22:26:43.308,107099.59,0.00483,517.2910197
2025-10-17 22:26:43.934,107099.59,0.00017,18.2069303
2025-10-17 22:26:44.790,107099.59,0.00013,13.922946699999999
2025-10-17 22:26:44.817,107099.58,0.09221,9875.6522718
2025-10-17 22:26:46.406,107099.59,9e-05,9.6389631
2025-10-17 22:26:46.577,107099.58,0.0001,10.709958
2025-10-17 22:26:47.142,107099.58,0.00014,14.993941199999998
2025-10-17 22:26:48.332,107099.58,0.00093,99.6026094
2025-10-17 22:26:48.334,107099.58,0.305,32665.3719
2025-10-17 22:26:48.556,107099.59,0.00014,14.993942599999999
2025-10-17 22:26:48.782,107099.58,0.0083,888.926514
2025-10-17 22:26:49.511,107099.58,0.00047,50.3368026
2025-10-17 22:26:50.154,107099.59,0.00171,183.14029889999998
2025-10-17 22:26:50.447,107099.59,0.00743,795.7499537
2025-10-17 22:26:50.904,107099.58,9e-05,9.6389622
2025-10-17 22:26:51.116,107099.58,0.126,13494.54708
2025-10-17 22:26:51.118,107099.58,0.02341,2507.2011678
2025-10-17 22:26:51.121,107099.59,0.00032,34.2718688
2025-10-17 22:26:51.446,107099.58,5e-05,5.354979
2025-10-17 22:26:51.956,107099.58,9e-05,9.6389622
2025-10-17 22:26:52.044,107099.59,9e-05,9.6389631
2025-10-17 22:26:52.472,107099.58,0.00327,350.2156266
2025-10-17 22:26:52.879,107099.59,0.00047,50.3368073
2025-10-17 22:26:53.110,107099.58,0.01172,1255.2070776
2025-10-17 22:26:53.119,107099.59,0.01176,1259.4911783999999
2025-10-17 22:26:53.485,107099.59,0.00868,929.6244412
2025-10-17 22:26:53.636,107099.58,0.0019,203.489202
2025-10-17 22:26:54.495,107099.58,8e-05,8.567966400000001
2025-10-17 22:26:54.751,107099.58,0.0014,149.939412
2025-10-17 22:26:54.816,107099.59,8e-05,8.5679672
2025-10-17 22:26:55.008,107099.59,0.01466,1570.0799894
2025-10-17 22:26:55.347,107099.59,0.00037,39.6268483
2025-10-17 22:26:55.992,107099.58,0.00256,274.17492480000004
2025-10-17 22:26:56.681,107099.59,0.75957,81349.63557629999
2025-10-17 22:26:56.871,107099.59,8e-05,8.5679672
2025-10-17 22:26:57.091,107099.59,0.00374,400.55246659999995
2025-10-17 22:26:57.262,107099.99,0.0001,10.709999000000002
2025-10-17 22:26:57.278,107099.99,0.04739,5075.4685261
2025-10-17 22:26:57.753,107100.0,0.0005,53.550000000000004
2025-10-17 22:26:57.785,107100.0,0.0004,42.84
2025-10-17 22:26:58.094,107100.0,0.00905,969.2550000000001
2025-10-17 22:26:58.283,107099.99,0.00047,50.3369953
2025-10-17 22:26:58.434,107099.99,0.00091,97.4609909
2025-10-17 22:26:58.479,107099.99,0.00011,11.7809989
2025-10-17 22:26:58.481,107099.99,0.00151,161.72098490000002
2025-10-17 22:26:58.745,107100.0,0.00491,525.861
2025-10-17 22:26:59.604,107099.99,0.00242,259.1819758
2025-10-17 22:26:59.752,107100.0,8e-05,8.568000000000001
2025-10-17 22:26:59.877,107100.0,0.0002,21.42
2025-10-17 22:26:59.918,107100.0,0.00056,59.97599999999999
2025-10-17 22:27:00.802,107099.99,0.00597,639.3869403
2025-10-17 22:27:00.889,107099.99,0.00166,177.78598340000002
2025-10-17 22:27:01.034,107100.0,0.00016,17.136000000000003
2025-10-17 22:27:01.333,107100.0,0.0017,182.07
2025-10-17 22:27:01.434,107099.99,0.00351,375.9209649
2025-10-17 22:27:01.943,107100.0,0.00012,12.852
2025-10-17 22:27:02.023,107099.99,0.00929,994.9589071
2025-10-17 22:27:02.519,107100.0,0.00051,54.621
2025-10-17 22:27:03.432,107100.0,0.00127,136.017
2025-10-17 22:27:03.437,107100.0,0.00014,14.993999999999998
2025-10-17 22:27:03.967,107100.0,0.0016,171.36
2025-10-17 22:27:04.272,107100.0,7e-05,7.496999999999999
2025-10-17 22:27:04.949,107100.0,0.00047,50.336999999999996
2025-10-17 22:27:05.223,107100.0,0.00031,33.201
2025-10-17 22:27:05.389,107100.0,0.00066,70.68599999999999
2025-10-17 22:27:05.732,107100.0,0.00467,500.157
2025-10-17 22:27:06.125,107100.0,0.00261,279.531
2025-10-17 22:27:06.749,107099.99,0.00018,19.277998200000003
2025-10-17 22:27:06.871,107100.0,0.00033,35.342999999999996
2025-10-17 22:27:06.920,107099.99,0.01833,1963.1428167
2025-10-17 22:27:07.064,107099.99,9e-05,9.638999100000001
2025-10-17 22:27:07.968,107100.0,0.01321,1414.791
2025-10-17 22:27:08.125,107099.99,0.0005,53.549995
2025-10-17 22:27:08.532,107100.0,0.00019,20.349
2025-10-17 22:27:10.146,107099.99,0.00756,809.6759244
2025-10-17 22:27:10.725,107100.0,0.00018,19.278000000000002
2025-10-17 22:27:11.106,107100.0,0.01445,1547.595
2025-10-17 22:27:11.216,107099.99,0.00419,448.74895810000004
2025-10-17 22:27:11.292,107099.99,0.00095,101.7449905
2025-10-17 22:27:11.583,107100.0,0.0001,10.71
2025-10-17 22:27:11.702,107099.99,0.00491,525.8609509
2025-10-17 22:27:12.510,107100.0,0.00012,12.852
2025-10-17 22:27:13.183,107100.0,0.00048,51.408
2025-10-17 22:27:13.521,107100.0,0.00263,281.673
2025-10-17 22:27:14.958,107100.0,0.00029,31.059
2025-10-17 22:27:15.314,107100.0,0.00142,152.082
2025-10-17 22:27:15.347,107100.0,0.0102,1092.42
2025-10-17 22:27:15.597,107099.99,1.07963,115628.36220370002
2025-10-17 22:27:15.601,107099.58,0.08,8567.966400000001
2025-10-17 22:27:15.604,107099.58,0.034,3641.38572
2025-10-17 22:27:15.605,107099.58,0.05099,5461.007584200001
2025-10-17 22:27:15.609,107099.58,0.29753,31865.3380374
2025-10-17 22:27:15.611,107099.58,0.10356,11091.2325048
2025-10-17 22:27:15.612,107099.58,0.2833,30341.311014
2025-10-17 22:27:15.616,107099.28,0.0002,21.419856
2025-10-17 22:27:15.618,107099.02,0.00177,189.56526540000002
2025-10-17 22:27:15.622,107099.02,0.0005,53.549510000000005
2025-10-17 22:27:15.626,107087.5,6e-05,6.42525
2025-10-17 22:27:15.631,107083.56,0.03373,3611.9284788000004
2025-10-17 22:27:15.750,107083.55,0.00934,1000.160357
2025-10-17 22:27:16.245,107083.55,0.00137,146.7044635
2025-10-17 22:27:16.295,107083.56,0.00047,50.329273199999996
2025-10-17 22:27:16.299,107083.55,0.00554,593.242867
2025-10-17 22:27:16.811,107083.56,0.01028,1100.8189968
2025-10-17 22:27:17.024,107083.56,0.0002,21.416712
2025-10-17 22:27:17.198,107083.56,0.00052,55.68345119999999
2025-10-17 22:27:17.312,107083.55,0.00069,73.8876495
2025-10-17 22:27:17.667,107083.55,0.012,1285.0026
2025-10-17 22:27:17.691,107083.55,0.00934,1000.160357
2025-10-17 22:27:17.693,107083.55,0.00967,1035.4979285
2025-10-17 22:27:17.757,107083.55,0.00041,43.9042555
2025-10-17 22:27:18.101,107083.55,6e-05,6.425013000000001
2025-10-17 22:27:18.307,107083.56,0.00147,157.4128332
2025-10-17 22:27:18.899,107083.55,0.012,1285.0026
2025-10-17 22:27:18.901,107083.55,0.012,1285.0026
2025-10-17 22:27:18.903,107083.55,0.0609,6521.388195
2025-10-17 22:27:19.275,107083.54,0.00187,200.24621979999998
2025-10-17 22:27:19.663,107083.55,0.00933,999.0895215
2025-10-17 22:27:19.962,107083.54,0.00032,34.2667328
2025-10-17 22:27:20.185,107083.54,0.00144,154.2002976
2025-10-17 22:27:20.650,107083.55,0.00837,896.2893135
2025-10-17 22:27:21.345,107083.54,9e-05,9.6375186
2025-10-17 22:27:21.899,107083.55,0.00027,28.9125585
2025-10-17 22:27:22.986,107083.54,0.00047,50.32926379999999
2025-10-17 22:27:23.284,107083.55,0.00177,189.53788350000002
2025-10-17 22:27:23.791,107083.54,0.02324,2488.6214695999997
2025-10-17 22:27:23.843,107083.55,5e-05,5.3541775000000005
2025-10-17 22:27:25.091,107083.55,0.00219,234.5129745
2025-10-17 22:27:25.591,107083.55,5e-05,5.3541775000000005
2025-10-17 22:27:25.627,107083.55,0.00012,12.850026000000002
2025-10-17 22:27:25.941,107083.55,0.00047,50.3292685
2025-10-17 22:27:26.985,107083.55,0.00028,29.983393999999997
2025-10-17 22:27:28.012,107083.55,0.00023,24.629216500000002
2025-10-17 22:27:28.776,107083.54,0.00192,205.6003968
2025-10-17 22:27:28.778,107083.54,0.00973,1041.9228442
2025-10-17 22:27:29.267,107083.54,0.00017,18.2042018
2025-10-17 22:27:29.657,107083.55,0.00269,288.0547495
2025-10-17 22:27:30.470,107083.55,0.00198,212.025429
2025-10-17 22:27:30.835,107083.55,0.00043,46.0459265
2025-10-17 22:27:31.020,107083.54,0.00052,55.68344079999999
2025-10-17 22:27:31.398,107083.55,0.00288,308.40062400000005
2025-10-17 22:27:31.731,107083.64,0.00015,16.062545999999998
2025-10-17 22:27:31.732,107083.66,0.0001,10.708366000000002
2025-10-17 22:27:31.733,107085.64,5e-05,5.354282
2025-10-17 22:27:31.735,107087.83,0.00404,432.6348332
2025-10-17 22:27:31.805,107087.84,0.0007,74.961488
2025-10-17 22:27:31.874,107089.86,0.0011,117.79884600000001
2025-10-17 22:27:31.928,107089.86,0.0004,42.835944000000005
2025-10-17 22:27:32.005,107089.87,0.00113,121.01155309999999
2025-10-17 22:27:32.034,107089.86,0.00014,14.9925804
2025-10-17 22:27:32.116,107089.87,0.00184,197.0453608
2025-10-17 22:27:34.403,107089.86,0.01352,1447.8549072
2025-10-17 22:27:34.559,107089.87,7e-05,7.496290899999999
2025-10-17 22:27:34.732,107089.87,9e-05,9.6380883
2025-10-17 22:27:34.766,107094.0,6e-05,6.4256400000000005
2025-10-17 22:27:34.778,107094.25,0.00412,441.22831
2025-10-17 22:27:35.060,107097.69,0.00047,50.3359143
2025-10-17 22:27:35.306,107097.7,0.2251,24107.69227
2025-10-17 22:27:36.437,107097.69,0.00244,261.3183636
2025-10-17 22:27:36.578,107097.69,7e-05,7.496838299999999
2025-10-17 22:27:37.218,107097.7,0.02802,3000.8775539999997
2025-10-17 22:27:37.704,107097.69,0.00134,143.5109046
2025-10-17 22:27:37.829,107097.7,0.00115,123.16235499999999
2025-10-17 22:27:37.830,107098.99,5e-05,5.354949500000001
2025-10-17 22:27:37.907,107098.99,0.00193,206.70105070000002
2025-10-17 22:27:37.924,107098.99,0.00805,862.1468695
2025-10-17 22:27:37.932,107098.99,0.00026,27.845737399999997
2025-10-17 22:27:38.244,107099.0,0.06883,7371.62417
2025-10-17 22:27:38.307,107098.99,0.00097,103.88602030000001
2025-10-17 22:27:38.435,107099.0,0.00186,199.20414000000002
2025-10-17 22:27:38.490,107099.0,0.00186,199.20414000000002
2025-10-17 22:27:38.525,107099.0,0.00094,100.67305999999999
2025-10-17 22:27:38.541,107099.0,0.00186,199.20414000000002
2025-10-17 22:27:38.576,107099.0,0.01718,1839.96082
2025-10-17 22:27:38.601,107099.0,0.00186,199.20414000000002
2025-10-17 22:27:38.655,107099.0,0.0009,96.3891
2025-10-17 22:27:38.729,107099.0,0.00096,102.81504
2025-10-17 22:27:38.766,107099.0,0.0009,96.3891
2025-10-17 22:27:38.798,107099.0,0.00014,14.993859999999998
2025-10-17 22:27:38.822,107099.0,7e-05,7.496929999999999
2025-10-17 22:27:38.860,107098.99,8e-05,8.5679192
2025-10-17 22:27:38.874,107099.0,0.00075,80.32425
2025-10-17 22:27:39.052,107099.0,0.00022,23.561780000000002
2025-10-17 22:27:39.077,107099.0,7e-05,7.496929999999999
2025-10-17 22:27:39.107,107099.0,0.00086,92.10513999999999
2025-10-17 22:27:39.168,107099.0,7e-05,7.496929999999999
2025-10-17 22:27:39.237,107099.0,0.00027,28.91673
2025-10-17 22:27:39.277,107099.0,0.0005,53.5495
2025-10-17 22:27:39.337,107099.0,7e-05,7.496929999999999
2025-10-17 22:27:39.366,107099.0,0.00077,82.46623
2025-10-17 22:27:39.474,107099.0,0.00011,11.780890000000001
2025-10-17 22:27:39.490,107099.0,0.00152,162.79048
2025-10-17 22:27:39.613,107099.0,0.00137,146.72563
2025-10-17 22:27:39.616,107099.0,0.0013,139.2287
2025-10-17 22:27:39.669,107099.0,0.00102,109.24098000000001
2025-10-17 22:27:39.682,107099.0,0.00048,51.40752
2025-10-17 22:27:39.711,107099.0,0.00015,16.06485
2025-10-17 22:27:39.735,107099.0,0.00011,11.780890000000001
2025-10-17 22:27:39.750,107099.0,0.00122,130.66078
2025-10-17 22:27:39.817,107099.0,0.00029,31.05871
2025-10-17 22:27:39.852,107099.0,0.00142,152.08058
2025-10-17 22:27:39.964,107099.0,0.00029,31.05871
2025-10-17 22:27:39.996,107099.0,0.0004,42.839600000000004
2025-10-17 22:27:39.999,107099.0,0.00011,11.780890000000001
2025-10-17 22:27:40.060,107099.0,0.00059,63.188410000000005
2025-10-17 22:27:40.190,107099.0,0.00127,136.01573000000002
2025-10-17 22:27:40.237,107099.0,0.00127,136.01573000000002
2025-10-17 22:27:40.258,107099.0,0.00047,50.336529999999996
2025-10-17 22:27:40.656,107098.99,0.00181,193.84917190000002
2025-10-17 22:27:40.672,107098.99,0.00044,47.1235556
2025-10-17 22:27:41.481,107099.0,8e-05,8.56792
2025-10-17 22:27:41.542,107099.0,8e-05,8.56792
2025-10-17 22:27:41.712,107098.99,0.00036,38.555636400000004
2025-10-17 22:27:41.744,107098.99,0.06536,6999.989986400001
2025-10-17 22:27:41.765,107099.0,0.00143,153.15157000000002
2025-10-17 22:27:41.914,107098.99,0.00113,121.0218587
2025-10-17 22:27:42.044,107099.0,0.00186,199.20414000000002
2025-10-17 22:27:42.186,107099.0,9e-05,9.638910000000001
2025-10-17 22:27:44.505,107099.0,0.00011,11.780890000000001
2025-10-17 22:27:44.994,107099.0,0.00011,11.780890000000001
2025-10-17 22:27:45.030,107098.99,6e-05,6.425939400000001
2025-10-17 22:27:45.204,107099.0,0.0025,267.7475
2025-10-17 22:27:45.257,107099.0,0.00011,11.780890000000001
2025-10-17 22:27:45.418,107099.0,8e-05,8.56792
2025-10-17 22:27:45.501,107098.99,0.012,1285.1878800000002
2025-10-17 22:27:46.191,107098.99,0.011,1178.08889
2025-10-17 22:27:46.403,107098.99,0.00047,50.3365253
2025-10-17 22:27:46.813,107098.99,0.001,107.09899
2025-10-17 22:27:47.029,107098.99,0.00036,38.555636400000004
2025-10-17 22:27:47.490,107099.0,8e-05,8.56792
2025-10-17 22:27:47.997,107098.99,0.00085,91.0341415
2025-10-17 22:27:48.039,107098.99,0.028,2998.77172
2025-10-17 22:27:48.040,107098.99,0.08,8567.9192
2025-10-17 22:27:48.060,107098.99,9e-05,9.638909100000001
2025-10-17 22:27:48.177,107099.0,0.00026,27.84574
2025-10-17 22:27:48.271,107098.99,0.00113,121.0218587
2025-10-17 22:27:48.574,107098.99,0.00018,19.277818200000002
2025-10-17 22:27:48.712,107099.0,0.00571,611.53529
2025-10-17 22:27:48.796,107098.99,0.00021,22.4907879
2025-10-17 22:27:49.032,107099.0,0.00047,50.336529999999996
2025-10-17 22:27:49.632,107099.0,0.00056,59.97543999999999
2025-10-17 22:27:49.747,107099.0,0.00011,11.780890000000001
2025-10-17 22:27:49.875,107099.0,8e-05,8.56792
2025-10-17 22:27:49.886,107098.99,5e-05,5.354949500000001
2025-10-17 22:27:49.997,107099.0,0.00011,11.780890000000001
2025-10-17 22:27:50.236,107099.0,0.00011,11.780890000000001
2025-10-17 22:27:50.982,107098.99,9e-05,9.638909100000001
2025-10-17 22:27:51.352,107098.99,0.00036,38.555636400000004
2025-10-17 22:27:51.584,107098.99,7e-05,7.4969293
2025-10-17 22:27:51.937,107099.0,0.00958,1026.00842
2025-10-17 22:27:52.771,107098.99,0.012,1285.1878800000002
2025-10-17 22:27:53.337,107099.0,0.00093,99.60207000000001
2025-10-17 22:27:54.022,107098.99,0.00311,333.0778589
2025-10-17 22:27:54.109,107099.0,0.00052,55.69148
2025-10-17 22:27:54.280,107098.99,0.012,1285.1878800000002
2025-10-17 22:27:54.723,107099.0,0.00011,11.780890000000001
2025-10-17 22:27:55.189,107099.0,0.00011,11.780890000000001
2025-10-17 22:27:55.457,107099.0,0.00011,11.780890000000001
2025-10-17 22:27:55.682,107099.0,0.0001,10.709900000000001
2025-10-17 22:27:55.770,107099.0,0.00094,100.67305999999999
2025-10-17 22:27:56.042,107098.99,0.006,642.5939400000001
2025-10-17 22:27:56.049,107098.99,0.00047,50.3365253
2025-10-17 22:27:56.067,107099.0,0.00047,50.336529999999996
2025-10-17 22:27:56.528,107099.0,0.00014,14.993859999999998
2025-10-17 22:27:56.657,107098.99,0.00036,38.555636400000004
2025-10-17 22:27:57.028,107098.99,8e-05,8.5679192
2025-10-17 22:27:57.075,107099.0,0.00075,80.32425
2025-10-17 22:27:57.136,107099.0,0.00047,50.336529999999996
2025-10-17 22:27:57.190,107099.0,0.00407,435.89293
2025-10-17 22:27:57.318,107098.99,0.00081,86.7501819
2025-10-17 22:27:57.490,107099.0,0.00035,37.48465
2025-10-17 22:27:58.150,107098.99,0.00022,23.5617778
2025-10-17 22:27:58.182,107099.0,0.00028,29.987719999999996
2025-10-17 22:27:58.553,107099.0,0.00186,199.20414000000002
2025-10-17 22:27:58.682,107099.0,0.00186,199.20414000000002
2025-10-17 22:27:58.954,107099.0,0.00186,199.20414000000002
2025-10-17 22:27:59.076,107099.0,0.00186,199.20414000000002
2025-10-17 22:27:59.185,107099.0,0.00186,199.20414000000002
2025-10-17 22:27:59.321,107099.0,0.00186,199.20414000000002
2025-10-17 22:27:59.863,107099.0,0.01209,1294.82691
2025-10-17 22:28:00.014,107099.0,0.00011,11.780890000000001
2025-10-17 22:28:00.107,107099.0,0.00186,199.20414000000002
2025-10-17 22:28:00.250,107099.0,0.00011,11.780890000000001
2025-10-17 22:28:00.409,107099.0,9e-05,9.638910000000001
2025-10-17 22:28:00.858,107099.0,0.00186,199.20414000000002
2025-10-17 22:28:00.982,107099.0,0.00011,11.780890000000001
2025-10-17 22:28:00.994,107099.0,0.00186,199.20414000000002
2025-10-17 22:28:01.153,107098.99,0.00011,11.7808889
2025-10-17 22:28:01.333,107099.0,0.00186,199.20414000000002
2025-10-17 22:28:01.576,107099.0,0.00069,73.89831
2025-10-17 22:28:01.985,107099.0,0.00186,199.20414000000002
2025-10-17 22:28:02.000,107098.99,0.00036,38.555636400000004
2025-10-17 22:28:02.092,107099.0,0.00186,199.20414000000002
2025-10-17 22:28:02.253,107099.0,0.00186,199.20414000000002
2025-10-17 22:28:02.463,107099.0,0.00014,14.993859999999998
2025-10-17 22:28:02.539,107099.0,0.00172,184.21027999999998
2025-10-17 22:28:02.601,107099.0,0.00014,14.993859999999998
2025-10-17 22:28:02.812,107099.0,0.00139,148.86760999999998
2025-10-17 22:28:02.878,107099.0,0.00027,28.91673
2025-10-17 22:28:02.967,107099.0,0.00059,63.188410000000005
2025-10-17 22:28:03.071,107099.0,0.00146,156.36454
2025-10-17 22:28:03.235,107099.0,0.00186,199.20414000000002
2025-10-17 22:28:03.440,107099.0,0.00093,99.60207000000001
2025-10-17 22:28:03.534,107099.0,0.00046,49.26554
2025-10-17 22:28:03.632,107099.0,0.0008,85.67920000000001
2025-10-17 22:28:03.740,107099.0,0.00419,448.74481000000003
2025-10-17 22:28:03.848,107099.0,0.0008,85.67920000000001
2025-10-17 22:28:04.033,107099.0,7e-05,7.496929999999999
2025-10-17 22:28:04.091,107099.0,0.00512,548.34688
2025-10-17 22:28:04.098,107098.99,0.00084,89.9631516
2025-10-17 22:28:04.191,107099.0,0.00047,50.336529999999996
2025-10-17 22:28:04.337,107099.0,0.00016,17.13584
2025-10-17 22:28:05.117,107099.0,0.00358,383.41442
2025-10-17 22:28:05.516,107099.0,0.00011,11.780890000000001
2025-10-17 22:28:05.616,107099.0,0.00086,92.10513999999999
2025-10-17 22:28:06.090,107099.0,0.00011,11.780890000000001
2025-10-17 22:28:06.184,107099.0,0.00124,132.80276
2025-10-17 22:28:06.290,107098.99,0.27739,29708.188836100006
2025-10-17 22:28:06.612,107099.0,0.00011,11.780890000000001
2025-10-17 22:28:06.663,107099.0,7e-05,7.496929999999999
2025-10-17 22:28:06.869,107098.99,0.00018,19.277818200000002
2025-10-17 22:28:07.861,107098.99,0.003,321.29697000000004
2025-10-17 22:28:07.909,107099.0,0.00243,260.25057
2025-10-17 22:28:08.146,107098.99,6e-05,6.425939400000001
2025-10-17 22:28:08.319,107098.99,0.00036,38.555636400000004
2025-10-17 22:28:08.588,107098.99,0.007,749.69293
2025-10-17 22:28:09.270,107098.99,0.011,1178.08889
2025-10-17 22:28:09.384,107099.0,0.0012,128.5188
2025-10-17 22:28:09.656,107098.99,0.019,2034.88081
2025-10-17 22:28:10.020,107098.99,0.00025,26.7747475
2025-10-17 22:28:10.366,107098.99,0.00047,50.3365253
2025-10-17 22:28:10.632,107099.0,0.00304,325.58096
2025-10-17 22:28:10.718,107099.0,0.00047,50.336529999999996
2025-10-17 22:28:10.876,107098.99,0.059,6318.84041
2025-10-17 22:28:10.880,107098.99,0.012,1285.1878800000002
2025-10-17 22:28:10.881,107098.99,0.012,1285.1878800000002
2025-10-17 22:28:10.882,107098.99,0.012,1285.1878800000002
2025-10-17 22:28:10.956,107099.0,0.00011,11.780890000000001
2025-10-17 22:28:11.225,107099.0,0.00011,11.780890000000001
2025-10-17 22:28:11.229,107098.99,8e-05,8.5679192
2025-10-17 22:28:11.673,107099.0,8e-05,8.56792
2025-10-17 22:28:11.682,107099.0,8e-05,8.56792
2025-10-17 22:28:12.019,107099.0,0.00011,11.780890000000001
2025-10-17 22:28:13.712,107098.99,0.00036,38.555636400000004
2025-10-17 22:28:13.734,107099.0,0.00047,50.336529999999996
2025-10-17 22:28:13.880,107098.99,0.00056,59.9754344
2025-10-17 22:28:14.283,107098.99,8e-05,8.5679192
2025-10-17 22:28:14.568,107098.99,0.00944,1011.0144656000001
2025-10-17 22:28:14.918,107098.99,0.00093,99.60206070000001
2025-10-17 22:28:15.217,107099.0,0.0016,171.35840000000002
2025-10-17 22:28:15.280,107098.99,0.00705,755.0478795
2025-10-17 22:28:15.532,107099.0,0.00116,124.23484
2025-10-17 22:28:16.027,107099.0,0.07469,7999.2243100000005
2025-10-17 22:28:16.325,107099.0,0.00011,11.780890000000001
2025-10-17 22:28:16.370,107099.0,0.0001,10.709900000000001
2025-10-17 22:28:16.412,107099.0,0.0001,10.709900000000001
2025-10-17 22:28:16.490,107099.0,0.0002,21.419800000000002
2025-10-17 22:28:16.563,107099.0,0.00047,50.336529999999996
2025-10-17 22:28:16.578,107098.99,0.0001,10.709899000000002
2025-10-17 22:28:16.675,107099.0,0.00011,11.780890000000001
2025-10-17 22:28:16.785,107099.0,0.00012,12.85188
2025-10-17 22:28:16.814,107099.0,0.00019,20.34881
2025-10-17 22:28:16.848,107099.0,0.00019,20.34881
2025-10-17 22:28:16.862,107099.0,0.0001,10.709900000000001
2025-10-17 22:28:16.969,107099.0,0.00015,16.06485
2025-10-17 22:28:17.047,107099.0,0.00029,31.05871
2025-10-17 22:28:17.195,107099.0,0.00011,11.780890000000001
2025-10-17 22:28:17.348,107099.0,8e-05,8.56792
2025-10-17 22:28:17.425,107099.0,0.00029,31.05871
2025-10-17 22:28:17.484,107099.0,0.00085,91.03415
2025-10-17 22:28:17.532,107099.0,0.00057,61.04643
2025-10-17 22:28:17.625,107099.0,0.00094,100.67305999999999
2025-10-17 22:28:17.832,107099.0,0.00011,11.780890000000001
2025-10-17 22:28:17.885,107099.0,0.00047,50.336529999999996
2025-10-17 22:28:18.083,107099.0,0.00019,20.34881
2025-10-17 22:28:18.232,107099.0,0.0001,10.709900000000001
2025-10-17 22:28:18.615,107098.99,0.00607,650.0908693
2025-10-17 22:28:18.624,107099.0,0.0001,10.709900000000001
2025-10-17 22:28:19.020,107099.0,0.00015,16.06485
2025-10-17 22:28:19.028,107098.99,0.00036,38.555636400000004
2025-10-17 22:28:19.140,107098.99,0.00047,50.3365253
2025-10-17 22:28:19.225,107099.0,0.00029,31.05871
2025-10-17 22:28:19.285,107099.0,0.0003,32.1297
2025-10-17 22:28:19.829,107099.0,0.00048,51.40752
2025-10-17 22:28:19.912,107099.0,0.00042,44.98158
2025-10-17 22:28:20.834,107098.99,0.02266,2426.8631134
2025-10-17 22:28:21.700,107099.0,0.0096,1028.1504
2025-10-17 22:28:21.766,107099.0,0.00011,11.780890000000001
2025-10-17 22:28:22.041,107099.0,0.00011,11.780890000000001
2025-10-17 22:28:22.135,107099.0,0.00242,259.17958
2025-10-17 22:28:22.549,107099.0,0.00011,11.780890000000001
2025-10-17 22:28:22.625,107098.99,0.00105,112.4539395
2025-10-17 22:28:22.629,107098.99,0.00077,82.4662223
2025-10-17 22:28:22.734,107099.0,1.09842,117639.68358
2025-10-17 22:28:23.085,107099.0,0.00018,19.277820000000002
2025-10-17 22:28:23.360,107098.99,0.00036,38.555636400000004
2025-10-17 22:28:24.708,107099.0,0.00047,50.336529999999996
2025-10-17 22:28:24.886,107098.99,0.00022,23.5617778
2025-10-17 22:28:25.062,107098.99,0.00788,843.9400412
2025-10-17 22:28:26.174,107098.99,0.00047,50.3365253
2025-10-17 22:28:26.524,107099.0,0.00024,25.70376
2025-10-17 22:28:26.933,107099.0,8e-05,8.56792
2025-10-17 22:28:26.972,107099.0,0.00011,11.780890000000001
2025-10-17 22:28:27.248,107099.0,0.00011,11.780890000000001
2025-10-17 22:28:27.514,107098.99,0.0024,257.037576
2025-10-17 22:28:27.527,107099.0,0.00011,11.780890000000001
2025-10-17 22:28:28.631,107099.0,8e-05,8.56792
2025-10-17 22:28:28.839,107098.99,0.00036,38.555636400000004
2025-10-17 22:28:29.162,107099.0,0.00038,40.69762
2025-10-17 22:28:29.813,107099.0,5e-05,5.3549500000000005
2025-10-17 22:28:30.039,107098.99,7e-05,7.4969293
2025-10-17 22:28:30.210,107099.0,0.00048,51.40752
2025-10-17 22:28:30.280,107098.99,0.00295,315.9420205
2025-10-17 22:28:30.295,107098.99,9e-05,9.638909100000001
2025-10-17 22:28:30.656,107099.0,0.0003,32.1297
2025-10-17 22:28:31.620,107098.99,0.00037,39.6266263
2025-10-17 22:28:31.883,107099.0,0.00034,36.41366
2025-10-17 22:28:32.140,107099.0,8e-05,8.56792
2025-10-17 22:28:32.204,107099.0,0.00011,11.780890000000001
2025-10-17 22:28:32.527,107099.0,0.00011,11.780890000000001
2025-10-17 22:28:32.820,107099.0,0.00162,173.50037999999998
2025-10-17 22:28:33.038,107099.0,0.00011,11.780890000000001
2025-10-17 22:28:33.329,107098.99,0.00063,67.4723637
2025-10-17 22:28:33.761,107099.0,0.00026,27.84574
2025-10-17 22:28:34.096,107099.0,0.00023,24.63277
2025-10-17 22:28:34.216,107099.0,0.01532,1640.75668
2025-10-17 22:28:34.236,107098.99,0.00036,38.555636400000004
2025-10-17 22:28:34.461,107098.99,0.00093,99.60206070000001
2025-10-17 22:28:34.917,107099.0,0.00015,16.06485
2025-10-17 22:28:35.432,107099.0,0.00042,44.98158
2025-10-17 22:28:35.882,107099.0,0.00047,50.336529999999996
2025-10-17 22:28:35.891,107099.0,7e-05,7.496929999999999
2025-10-17 22:28:35.915,107099.0,0.00166,177.78434000000001
2025-10-17 22:28:36.819,107099.0,0.00035,37.48465
2025-10-17 22:28:37.762,107099.0,0.00011,11.780890000000001
2025-10-17 22:28:37.842,107098.99,0.00057,61.0464243
2025-10-17 22:28:37.986,107099.0,0.00962,1030.29238
2025-10-17 22:28:38.032,107099.0,0.00011,11.780890000000001
2025-10-17 22:28:38.419,107099.0,0.00011,11.780890000000001
2025-10-17 22:28:38.470,107099.0,7e-05,7.496929999999999
2025-10-17 22:28:39.415,107099.0,0.00599,641.52301
2025-10-17 22:28:39.504,107099.0,0.01103,1181.30197
2025-10-17 22:28:39.576,107098.99,0.00036,38.555636400000004
2025-10-17 22:28:39.859,107098.99,9e-05,9.638909100000001
2025-10-17 22:28:40.572,107099.0,0.00342,366.27858
2025-10-17 22:28:40.870,107099.0,0.00099,106.02801
2025-10-17 22:28:41.043,107098.99,0.00054,57.8334546
2025-10-17 22:28:41.074,107099.0,8e-05,8.56792
2025-10-17 22:28:41.381,107099.0,0.01445,1547.58055
2025-10-17 22:28:41.659,107099.0,0.01445,1547.58055
2025-10-17 22:28:41.707,107099.0,0.31447,33679.42253
2025-10-17 22:28:41.708,107100.0,0.05585,5981.535
2025-10-17 22:28:41.709,107100.0,0.02409,2580.039
2025-10-17 22:28:41.710,107100.0,0.04558,4881.618
2025-10-17 22:28:41.711,107100.67,0.0843,9028.586481
2025-10-17 22:28:41.712,107100.67,0.02921,3128.4105707
2025-10-17 22:28:41.715,107101.73,5e-05,5.3550865
2025-10-17 22:28:41.718,107102.01,0.00055,58.9061055
2025-10-17 22:28:41.722,107103.28,0.00384,411.27659520000003
2025-10-17 22:28:41.725,107103.28,0.00095,101.748116
2025-10-17 22:28:41.727,107103.28,0.0001,10.710328
2025-10-17 22:28:41.729,107103.29,0.0001,10.710329
2025-10-17 22:28:41.731,107104.01,0.0001,10.710401
2025-10-17 22:28:42.344,107105.41,0.00042,44.98427220000001
2025-10-17 22:28:42.512,107108.41,0.00151,161.73369910000002
2025-10-17 22:28:42.513,107108.99,5e-05,5.355449500000001
2025-10-17 22:28:43.843,107108.99,0.00047,50.3412253
2025-10-17 22:28:45.040,107109.0,0.00011,11.78199
2025-10-17 22:28:45.352,107109.0,0.00011,11.78199
2025-10-17 22:28:45.490,107109.0,0.00103,110.32227000000002
2025-10-17 22:28:45.771,107109.0,0.00594,636.22746
2025-10-17 22:28:46.035,107108.99,0.02744,2939.0706856
2025-10-17 22:28:46.202,107109.0,0.64243,68810.03486999999
2025-10-17 22:28:46.799,107109.0,0.00047,50.341229999999996
2025-10-17 22:28:46.823,107108.99,0.00015,16.0663485
2025-10-17 22:28:46.950,107108.99,0.00035,37.4881465
2025-10-17 22:28:46.995,107109.0,0.01445,1547.72505
2025-10-17 22:28:47.084,107109.0,0.01445,1547.72505
2025-10-17 22:28:47.359,107108.99,0.00014,14.9952586
2025-10-17 22:28:47.738,107109.0,0.01445,1547.72505
2025-10-17 22:28:48.050,107109.0,0.00914,978.97626
2025-10-17 22:28:48.178,107109.0,0.01445,1547.72505
2025-10-17 22:28:48.488,107109.0,0.02062,2208.58758
2025-10-17 22:28:48.868,107109.0,8e-05,8.56872
2025-10-17 22:28:50.645,107109.0,0.00106,113.53554
2025-10-17 22:28:50.923,107109.0,0.01348,1443.82932
2025-10-17 22:28:50.925,107108.99,0.00041,43.9146859
2025-10-17 22:28:51.132,107109.0,0.00047,50.341229999999996
2025-10-17 22:28:51.162,107109.0,0.01445,1547.72505
2025-10-17 22:28:51.228,107108.99,8e-05,8.5687192
2025-10-17 22:28:51.286,107109.0,0.16323,17483.40207
2025-10-17 22:28:51.953,107109.0,0.00582,623.37438
2025-10-17 22:28:52.243,107109.0,0.06769,7250.20821
2025-10-17 22:28:52.245,107109.69,5e-05,5.3554845
2025-10-17 22:28:52.246,107110.0,0.00051,54.6261
2025-10-17 22:28:52.250,107110.0,0.00259,277.4149
2025-10-17 22:28:52.252,107110.0,0.00085,91.0435
2025-10-17 22:28:52.254,107110.0,0.0002,21.422
2025-10-17 22:28:52.256,107112.24,0.0031,332.04794400000003
2025-10-17 22:28:52.303,107114.0,8e-05,8.56912
2025-10-17 22:28:52.365,107114.0,0.00262,280.63867999999997
2025-10-17 22:28:52.411,107114.01,0.00206,220.6548606
2025-10-17 22:28:52.417,107114.6,5e-05,5.35573
2025-10-17 22:28:52.865,107114.74,0.00223,238.86587020000005
2025-10-17 22:28:53.025,107118.0,0.0028,299.9304
2025-10-17 22:28:53.026,107123.41,0.05969,6394.1963429
2025-10-17 22:28:53.027,107125.41,0.08009,8579.6740869
2025-10-17 22:28:53.028,107128.03,0.08631,9246.2202693
2025-10-17 22:28:53.031,107129.19,5e-05,5.356459500000001
2025-10-17 22:28:53.052,107129.46,8e-05,8.5703568
2025-10-17 22:28:53.053,107129.46,0.00062,66.4202652
2025-10-17 22:28:53.069,107131.4,0.00075,80.34855
2025-10-17 22:28:53.074,107136.13,0.03282,3516.2077866000004
2025-10-17 22:28:53.110,107139.19,0.0008,85.711352
2025-10-17 22:28:53.121,107139.19,8e-05,8.5711352
2025-10-17 22:28:53.125,107139.19,0.00065,69.6404735
2025-10-17 22:28:53.140,107139.21,0.00115,123.2100915
2025-10-17 22:28:53.175,107139.22,0.00145,155.351869
2025-10-17 22:28:53.176,107139.22,0.0003,32.141766
2025-10-17 22:28:53.178,107139.99,0.00015,16.070998499999998
2025-10-17 22:28:53.179,107140.0,0.00298,319.2772
2025-10-17 22:28:53.184,107141.13,0.00104,111.4267752
2025-10-17 22:28:53.213,107144.0,0.0028,300.0032
2025-10-17 22:28:53.480,107144.0,9e-05,9.64296
2025-10-17 22:28:53.540,107144.01,0.00389,416.79019889999995
2025-10-17 22:28:53.872,107146.75,0.00278,297.86796499999997
2025-10-17 22:28:54.031,107149.99,0.00258,276.4469742
2025-10-17 22:28:54.581,107149.99,0.00046,49.288995400000005
2025-10-17 22:28:54.681,107150.0,0.00436,467.17400000000004
2025-10-17 22:28:54.816,107149.99,0.00047,50.360495300000004
2025-10-17 22:28:55.431,107150.0,0.00191,204.6565
2025-10-17 22:28:55.713,107150.0,0.00303,324.66450000000003
2025-10-17 22:28:55.980,107150.0,0.00071,76.0765
2025-10-17 22:28:56.019,107149.99,0.0002,21.429998
2025-10-17 22:28:56.026,107150.0,0.00047,50.3605
2025-10-17 22:28:56.680,107150.0,0.00516,552.894
2025-10-17 22:28:57.283,107150.0,0.00053,56.7895
2025-10-17 22:28:57.306,107150.0,0.00051,54.6465
2025-10-17 22:28:57.334,107150.0,0.0013,139.295
2025-10-17 22:28:58.267,107149.99,0.00073,78.2194927
2025-10-17 22:28:59.334,107150.0,0.00486,520.749
2025-10-17 22:28:59.643,107150.0,0.00012,12.858
2025-10-17 22:29:00.083,107149.99,0.00094,100.72099060000001
2025-10-17 22:29:00.884,107150.0,0.00122,130.72299999999998
2025-10-17 22:29:01.680,107149.99,0.012,1285.79988
2025-10-17 22:29:01.681,107149.99,0.012,1285.79988
2025-10-17 22:29:01.970,107150.0,0.00031,33.2165
2025-10-17 22:29:02.385,107150.0,0.00056,60.004
2025-10-17 22:29:03.185,107149.99,0.00189,202.5134811
2025-10-17 22:29:03.418,107150.0,5e-05,5.3575
2025-10-17 22:29:03.471,107150.0,0.00057,61.0755
2025-10-17 22:29:04.012,107150.0,8e-05,8.572000000000001
2025-10-17 22:29:04.230,107150.0,0.00302,323.593
2025-10-17 22:29:05.095,107149.99,4e-05,4.2859996
2025-10-17 22:29:05.992,107149.99,0.00047,50.360495300000004
2025-10-17 22:29:06.192,107149.99,0.00543,581.8244457000001
2025-10-17 22:29:06.239,107149.99,0.00176,188.58398240000002
2025-10-17 22:29:06.586,107149.99,9e-05,9.643499100000001
2025-10-17 22:29:06.664,107149.99,0.00511,547.5364489
2025-10-17 22:29:06.950,107149.99,0.012,1285.79988
2025-10-17 22:29:06.951,107149.99,0.012,1285.79988
2025-10-17 22:29:07.150,107149.99,0.00638,683.6169362
2025-10-17 22:29:07.344,107149.99,0.012,1285.79988
2025-10-17 22:29:07.345,107149.99,0.012,1285.79988
2025-10-17 22:29:07.346,107149.99,0.012,1285.79988
2025-10-17 22:29:07.400,107150.0,0.00091,97.5065
2025-10-17 22:29:08.547,107149.99,0.00483,517.5344517000001
2025-10-17 22:29:08.639,107149.99,0.00468,501.46195320000004
2025-10-17 22:29:08.924,107150.0,0.00012,12.858
2025-10-17 22:29:08.940,107150.0,8e-05,8.572000000000001
2025-10-17 22:29:09.179,107150.0,0.00053,56.7895
2025-10-17 22:29:09.618,107150.0,0.00321,343.9515
2025-10-17 22:29:09.832,107149.99,0.00321,343.9514679
2025-10-17 22:29:09.889,107150.0,0.00047,50.3605
2025-10-17 22:29:10.195,107150.0,0.0009,96.435
2025-10-17 22:29:10.782,107150.0,0.00867,928.9905000000001
2025-10-17 22:29:10.896,107149.99,0.00042,45.0029958
2025-10-17 22:29:11.984,107150.0,0.00014,15.001
2025-10-17 22:29:12.105,107150.0,0.00011,11.7865
2025-10-17 22:29:12.126,107150.0,0.0002,21.43
2025-10-17 22:29:12.233,107149.99,0.00042,45.0029958
2025-10-17 22:29:12.355,107149.99,0.012,1285.79988
2025-10-17 22:29:12.357,107149.99,0.012,1285.79988
2025-10-17 22:29:12.360,107149.99,0.25483,27305.031951700003
2025-10-17 22:29:12.362,107146.4,0.00015,16.071959999999997
2025-10-17 22:29:12.363,107145.72,6e-05,6.4287432
2025-10-17 22:29:12.364,107145.72,0.01054,1129.3158888
2025-10-17 22:29:12.365,107145.72,0.0008,85.716576
2025-10-17 22:29:12.391,107145.33,9e-05,9.643079700000001
2025-10-17 22:29:12.417,107145.32,0.00227,243.2198764
2025-10-17 22:29:12.420,107145.31,0.001,107.14531
2025-10-17 22:29:12.421,107145.27,0.00015,16.0717905
2025-10-17 22:29:12.433,107144.01,0.00201,215.3594601
2025-10-17 22:29:12.440,107144.0,0.02408,2580.02752
2025-10-17 22:29:12.441,107144.0,0.0001,10.714400000000001
2025-10-17 22:29:12.442,107144.0,0.00021,22.50024
2025-10-17 22:29:13.576,107140.35,6e-05,6.428421
2025-10-17 22:29:13.751,107140.34,0.00142,152.1392828
2025-10-17 22:29:13.934,107140.34,0.012,1285.68408
2025-10-17 22:29:13.960,107140.34,0.00186,199.28103240000002
2025-10-17 22:29:13.966,107140.34,0.00026,27.856488399999996
2025-10-17 22:29:14.680,107140.34,0.04887,5235.9484158
2025-10-17 22:29:15.457,107140.35,8e-05,8.571228000000001
2025-10-17 22:29:15.707,107140.34,0.012,1285.68408
2025-10-17 22:29:15.708,107140.34,0.012,1285.68408
2025-10-17 22:29:15.709,107140.34,0.012,1285.68408
2025-10-17 22:29:16.048,107140.34,0.00029,31.0706986
2025-10-17 22:29:16.132,107140.34,0.012,1285.68408
2025-10-17 22:29:16.685,107140.34,0.00125,133.925425
2025-10-17 22:29:16.915,107140.34,0.00047,50.355959799999994
2025-10-17 22:29:16.921,107140.35,0.00047,50.3559645
2025-10-17 22:29:17.169,107140.35,9e-05,9.6426315
2025-10-17 22:29:18.220,107140.35,0.00194,207.852279
2025-10-17 22:29:18.762,107140.35,0.00437,468.2033295
2025-10-17 22:29:18.863,107140.34,0.00051,54.6415734
2025-10-17 22:29:19.203,107140.35,0.00213,228.2089455
2025-10-17 22:29:19.239,107140.34,0.00518,554.9869612
2025-10-17 22:29:20.062,107140.34,0.00325,348.206105
2025-10-17 22:29:20.176,107140.35,0.00266,284.993331
2025-10-17 22:29:20.470,107140.34,0.00015,16.071050999999997
2025-10-17 22:29:21.253,107140.34,9e-05,9.6426306
2025-10-17 22:29:21.375,107140.35,8e-05,8.571228000000001
2025-10-17 22:29:22.001,107140.35,0.01114,1193.543499
2025-10-17 22:29:23.171,107140.34,0.00063,67.4984142
2025-10-17 22:29:23.230,107140.34,0.00548,587.1290631999999
2025-10-17 22:29:23.586,107140.34,0.012,1285.68408
2025-10-17 22:29:23.608,107140.34,0.012,1285.68408
2025-10-17 22:29:23.700,107140.34,9e-05,9.6426306
2025-10-17 22:29:23.986,107140.34,9e-05,9.6426306
2025-10-17 22:29:24.445,107140.35,0.00038,40.713333000000006
2025-10-17 22:29:25.082,107140.34,0.00027,28.9278918
2025-10-17 22:29:25.622,107140.35,7e-05,7.4998245
2025-10-17 22:29:26.135,107140.34,0.00047,50.355959799999994
2025-10-17 22:29:26.424,107140.35,0.00011,11.785438500000001
2025-10-17 22:29:27.060,107140.35,0.00047,50.3559645
2025-10-17 22:29:27.818,107140.35,0.11591,12418.637968500001
2025-10-17 22:29:28.010,107140.35,0.00065,69.6412275
2025-10-17 22:29:28.202,107140.35,9e-05,9.6426315
2025-10-17 22:29:28.615,107140.35,7e-05,7.4998245
2025-10-17 22:29:29.830,107140.35,8e-05,8.571228000000001
2025-10-17 22:29:31.216,107140.34,0.00133,142.4966522
2025-10-17 22:29:31.488,107140.35,0.00044,47.141754000000006
2025-10-17 22:29:32.217,107140.35,9e-05,9.6426315
2025-10-17 22:29:32.318,107140.34,9e-05,9.6426306
2025-10-17 22:29:32.777,107140.34,0.0004,42.856136
2025-10-17 22:29:33.283,107140.35,5e-05,5.3570175
2025-10-17 22:29:33.324,107140.34,9e-05,9.6426306
2025-10-17 22:29:33.685,107140.34,0.13662,14637.513250799999
2025-10-17 22:29:34.330,107140.34,9e-05,9.6426306
2025-10-17 22:29:34.594,107140.35,0.00047,50.3559645
2025-10-17 22:29:35.345,107140.34,0.00527,564.6295918000001
2025-10-17 22:29:35.399,107140.35,0.01183,1267.4703405
2025-10-17 22:29:35.829,107140.35,0.0001,10.714035
2025-10-17 22:29:36.125,107140.35,8e-05,8.571228000000001
2025-10-17 22:29:36.243,107140.34,0.00092,98.5691128
2025-10-17 22:29:36.297,107140.35,8e-05,8.571228000000001
2025-10-17 22:29:36.524,107140.35,0.00053,56.7843855
2025-10-17 22:29:36.578,107140.34,0.0001,10.714034
2025-10-17 22:29:36.821,107140.34,0.00201,215.3520834
2025-10-17 22:29:37.434,107140.34,0.00027,28.9278918
2025-10-17 22:29:37.532,107140.35,0.00071,76.0696485
2025-10-17 22:29:37.637,107140.35,0.00016,17.142456000000003
2025-10-17 22:29:38.007,107140.35,0.0001,10.714035
2025-10-17 22:29:39.410,107140.34,0.00101,108.2117434
2025-10-17 22:29:39.841,107140.34,9e-05,9.6426306
2025-10-17 22:29:39.997,107140.34,0.00047,50.355959799999994
2025-10-17 22:29:40.284,107140.35,0.00926,992.119641
2025-10-17 22:29:40.846,107140.34,9e-05,9.6426306
2025-10-17 22:29:40.964,107140.35,0.00941,1008.1906935000001
2025-10-17 22:29:41.063,107140.35,0.00082,87.855087
2025-10-17 22:29:41.348,107140.34,9e-05,9.6426306
2025-10-17 22:29:42.350,107140.34,9e-05,9.6426306
2025-10-17 22:29:43.351,107140.34,9e-05,9.6426306
2025-10-17 22:29:43.678,107140.35,0.02781,2979.5731335000005
2025-10-17 22:29:43.849,107140.35,0.00047,50.3559645
2025-10-17 22:29:44.352,107140.34,9e-05,9.6426306
2025-10-17 22:29:44.579,107140.35,0.00094,100.711929
2025-10-17 22:29:45.053,107140.34,0.00023,24.6422782
2025-10-17 22:29:45.112,107140.35,8e-05,8.571228000000001
2025-10-17 22:29:45.351,107140.34,9e-05,9.6426306
2025-10-17 22:29:45.571,107140.35,0.00047,50.3559645
2025-10-17 22:29:45.780,107140.35,0.00018,19.285263
2025-10-17 22:29:46.353,107140.34,9e-05,9.6426306
2025-10-17 22:29:46.447,107140.34,0.00021,22.4994714
2025-10-17 22:29:46.625,107140.34,0.00054,57.8557836
2025-10-17 22:29:46.638,107140.34,0.00425,455.346445
2025-10-17 22:29:47.028,107140.34,0.00047,50.355959799999994
2025-10-17 22:29:47.355,107140.34,9e-05,9.6426306
2025-10-17 22:29:47.531,107140.34,9e-05,9.6426306
2025-10-17 22:29:47.864,107140.34,0.00194,207.8522596
2025-10-17 22:29:48.530,107140.35,7e-05,7.4998245
2025-10-17 22:29:48.798,107140.34,0.00069,73.92683459999999
2025-10-17 22:29:49.261,107140.35,0.00077,82.4980695
2025-10-17 22:29:49.291,107140.34,0.0053,567.843802
2025-10-17 22:29:49.522,107140.35,0.00018,19.285263
2025-10-17 22:29:49.730,107140.35,0.00116,124.28280600000001
2025-10-17 22:29:51.176,107140.35,8e-05,8.571228000000001
2025-10-17 22:29:51.252,107140.34,0.0066,707.1262439999999
2025-10-17 22:29:51.493,107140.35,0.00047,50.3559645
2025-10-17 22:29:51.610,107140.35,8e-05,8.571228000000001
2025-10-17 22:29:53.254,107140.34,0.00636,681.4125624
2025-10-17 22:29:53.660,107140.35,0.00047,50.3559645
2025-10-17 22:29:53.687,107140.34,0.0028,299.992952
2025-10-17 22:29:53.739,107140.35,0.00327,350.3489445
2025-10-17 22:29:54.164,107140.34,0.00028,29.999295199999995
2025-10-17 22:29:54.496,107140.35,0.00063,67.49842050000001
2025-10-17 22:29:55.273,107140.35,0.0001,10.714035
2025-10-17 22:29:55.317,107140.35,0.00087,93.21210450000001
2025-10-17 22:29:55.610,107140.35,0.00018,19.285263
2025-10-17 22:29:55.980,107140.35,0.00073,78.2124555
2025-10-17 22:29:56.090,107140.34,0.0003,32.142101999999994
2025-10-17 22:29:57.870,107140.35,0.12043,12902.9123505
2025-10-17 22:29:57.948,107140.34,7e-05,7.499823799999999
2025-10-17 22:29:58.017,107140.35,0.00344,368.562804
2025-10-17 22:29:58.053,107140.35,8e-05,8.571228000000001
2025-10-17 22:29:58.143,107140.35,0.00022,23.570877000000003
2025-10-17 22:29:58.310,107140.35,0.00077,82.4980695
2025-10-17 22:29:59.461,107140.35,0.00106,113.568771
2025-10-17 22:29:59.573,107140.34,0.00012,12.8568408
2025-10-17 22:30:00.064,107140.35,0.00093,99.64052550000001
2025-10-17 22:30:00.335,107140.35,6e-05,6.428421
2025-10-17 22:30:00.354,107140.35,5e-05,5.3570175
2025-10-17 22:30:00.377,107140.34,8e-05,8.571227200000001
2025-10-17 22:30:00.504,107140.35,7e-05,7.4998245
2025-10-17 22:30:00.632,107140.35,0.00047,50.3559645
2025-10-17 22:30:01.289,107140.34,0.01068,1144.2588312
2025-10-17 22:30:01.721,107140.34,0.00103,110.3545502
2025-10-17 22:30:01.785,107140.35,0.00029,31.070701500000002
2025-10-17 22:30:02.371,107140.35,0.00736,788.5529760000001
2025-10-17 22:30:02.372,107140.35,0.02524,2704.222434
2025-10-17 22:30:02.396,107140.35,0.18056,19345.261596
2025-10-17 22:30:02.402,107143.55,0.00572,612.8611060000001
2025-10-17 22:30:02.403,107144.63,0.00347,371.7918661
2025-10-17 22:30:02.404,107144.21,5e-05,5.357210500000001
2025-10-17 22:30:02.505,107147.0,0.00085,91.07495
2025-10-17 22:30:02.606,107149.82,0.00159,170.3682138
2025-10-17 22:30:03.143,107150.0,0.00037,39.6455
2025-10-17 22:30:03.223,107150.0,9e-05,9.643500000000001
2025-10-17 22:30:03.573,107150.0,0.06316,6767.593999999999
2025-10-17 22:30:03.784,107149.99,0.04069,4359.9330930999995
2025-10-17 22:30:03.835,107150.0,0.01726,1849.409
2025-10-17 22:30:04.122,107149.99,0.00346,370.73896540000004
2025-10-17 22:30:04.702,107149.99,0.00047,50.360495300000004
2025-10-17 22:30:04.932,107149.99,0.00052,55.7179948
2025-10-17 22:30:05.534,107150.0,0.00012,12.858
2025-10-17 22:30:05.652,107150.0,0.00012,12.858
2025-10-17 22:30:06.571,107150.0,8e-05,8.572000000000001
2025-10-17 22:30:07.064,107150.0,0.04837,5182.8455
2025-10-17 22:30:07.202,107150.0,0.00047,50.3605
2025-10-17 22:30:07.290,107150.0,0.0002,21.43
2025-10-17 22:30:08.315,107149.99,0.00204,218.58597960000003
2025-10-17 22:30:08.573,107150.0,0.06501,6965.8215
2025-10-17 22:30:08.810,107150.0,0.00088,94.292
2025-10-17 22:30:08.926,107150.0,0.00046,49.289
2025-10-17 22:30:09.437,107150.0,8e-05,8.572000000000001
2025-10-17 22:30:09.876,107150.0,7e-05,7.5005
2025-10-17 22:30:11.725,107150.0,0.00034,36.431000000000004
2025-10-17 22:30:11.955,107149.99,0.02235,2394.8022765
2025-10-17 22:30:11.956,107149.99,0.012,1285.79988
2025-10-17 22:30:11.957,107149.81,0.012,1285.79772
2025-10-17 22:30:11.958,107149.82,0.0001,10.714982000000001
2025-10-17 22:30:11.959,107149.81,0.54554,58454.5073474
2025-10-17 22:30:11.960,107149.81,0.0001,10.714981
2025-10-17 22:30:11.962,107148.92,0.0008,85.719136
2025-10-17 22:30:11.965,107147.45,0.03035,3251.9251074999997
2025-10-17 22:30:11.989,107147.45,0.00115,123.2195675
2025-10-17 22:30:12.019,107144.45,0.012,1285.7334
2025-10-17 22:30:12.039,107144.45,0.012,1285.7334
2025-10-17 22:30:12.072,107144.45,0.00065,69.64389249999999
2025-10-17 22:30:12.074,107144.43,0.00015,16.071664499999997
2025-10-17 22:30:12.080,107143.57,0.00185,198.2156045
2025-10-17 22:30:12.226,107143.57,0.00249,266.7874893
2025-10-17 22:30:12.234,107143.57,0.00255,273.21610350000003
2025-10-17 22:30:12.315,107141.23,0.00015,16.071184499999998
2025-10-17 22:30:12.425,107141.0,0.001,107.141
2025-10-17 22:30:12.427,107141.0,0.001,107.141
2025-10-17 22:30:12.428,107141.0,0.00131,140.35470999999998
2025-10-17 22:30:13.436,107140.35,0.012,1285.6842000000001
2025-10-17 22:30:13.437,107140.35,0.012,1285.6842000000001
2025-10-17 22:30:13.439,107140.35,0.00406,434.98982100000006
2025-10-17 22:30:13.448,107140.34,0.13967,14964.291287799999
2025-10-17 22:30:13.919,107140.35,0.0104,1114.25964
2025-10-17 22:30:14.117,107140.34,0.1,10714.034
2025-10-17 22:30:14.418,107140.35,0.00187,200.3524545
2025-10-17 22:30:15.565,107140.34,0.0013,139.282442
2025-10-17 22:30:15.618,107140.34,0.08517,9125.142757799998
2025-10-17 22:30:15.678,107140.34,0.00047,50.355959799999994
2025-10-17 22:30:15.766,107140.34,0.016,1714.24544
2025-10-17 22:30:15.768,107140.34,0.11156,11952.576330400001
2025-10-17 22:30:15.777,107140.34,0.00741,793.9099193999999
2025-10-17 22:30:15.825,107140.34,9e-05,9.6426306
2025-10-17 22:30:15.861,107140.34,0.00036,38.5705224
2025-10-17 22:30:15.876,107140.34,0.012,1285.68408
2025-10-17 22:30:16.109,107140.34,0.22043,23616.945146199996
2025-10-17 22:30:16.111,107136.7,0.00362,387.834854
2025-10-17 22:30:16.113,107136.7,0.02098,2247.727966
2025-10-17 22:30:16.125,107136.7,0.00395,423.18996500000003
2025-10-17 22:30:16.126,107129.64,0.00687,735.9806268
2025-10-17 22:30:16.131,107129.66,0.02843,3045.6962338000003
2025-10-17 22:30:16.136,107129.67,0.01722,1844.7729173999999
2025-10-17 22:30:16.137,107129.67,0.01722,1844.7729173999999
2025-10-17 22:30:16.143,107129.67,0.012,1285.55604
2025-10-17 22:30:16.151,107129.67,0.012,1285.55604
2025-10-17 22:30:16.159,107129.67,0.00439,470.2992513
2025-10-17 22:30:16.249,107129.67,0.00187,200.33248289999997
2025-10-17 22:30:16.255,107129.67,0.00027,28.9250109
2025-10-17 22:30:16.266,107129.67,0.0028,299.963076
2025-10-17 22:30:16.463,107129.67,0.04,4285.1868
2025-10-17 22:30:16.474,107129.67,0.04,4285.1868
2025-10-17 22:30:16.480,107129.67,0.02,2142.5934
2025-10-17 22:30:16.486,107129.67,0.04,4285.1868
2025-10-17 22:30:16.491,107129.67,0.002,214.25934
2025-10-17 22:30:16.492,107129.67,0.02,2142.5934
2025-10-17 22:30:16.497,107129.67,0.003,321.38901
2025-10-17 22:30:16.498,107129.67,0.02,2142.5934
2025-10-17 22:30:16.503,107129.67,0.022,2356.85274
2025-10-17 22:30:16.512,107129.67,0.038,4070.92746
2025-10-17 22:30:16.577,107129.67,6e-05,6.4277802
2025-10-17 22:30:16.643,107129.67,8e-05,8.5703736
2025-10-17 22:30:16.773,107129.67,0.00013,13.9268571
2025-10-17 22:30:16.884,107129.68,0.00047,50.35094959999999
2025-10-17 22:30:18.362,107129.67,0.00013,13.9268571
2025-10-17 22:30:18.574,107129.68,0.05826,6241.3751568
2025-10-17 22:30:18.817,107129.68,0.00369,395.3085192
2025-10-17 22:30:19.264,107129.68,0.00466,499.22430879999996
2025-10-17 22:30:19.623,107129.67,0.08,8570.3736
2025-10-17 22:30:19.627,107129.67,0.012,1285.55604
2025-10-17 22:30:19.628,107129.67,0.012,1285.55604
2025-10-17 22:30:19.636,107129.67,0.09,9641.6703
2025-10-17 22:30:19.641,107129.67,0.08,8570.3736
2025-10-17 22:30:19.646,107129.67,0.076,8141.85492
2025-10-17 22:30:19.653,107129.67,0.032,3428.14944
2025-10-17 22:30:20.457,107129.68,5e-05,5.356484
2025-10-17 22:30:20.832,107129.68,0.00094,100.70189919999999
2025-10-17 22:30:20.932,107129.67,0.00026,27.8537142
2025-10-17 22:30:21.579,107129.68,0.00044,47.137059199999996
2025-10-17 22:30:21.600,107129.67,0.00047,50.350944899999995
2025-10-17 22:30:21.633,107129.68,0.0052,557.0743359999999
2025-10-17 22:30:21.690,107129.67,0.001,107.12967
2025-10-17 22:30:21.903,107129.67,0.00013,13.9268571
2025-10-17 22:30:22.031,107129.68,0.00018,19.2833424
2025-10-17 22:30:22.577,107129.68,0.00019,20.3546392
2025-10-17 22:30:23.537,107129.67,0.00131,140.33986769999999
2025-10-17 22:30:23.539,107129.68,0.00525,562.43082
2025-10-17 22:30:23.540,107129.68,0.00045,48.208355999999995
2025-10-17 22:30:23.559,107129.81,0.0001,10.712981000000001
2025-10-17 22:30:23.561,107133.9,0.0001,10.71339
2025-10-17 22:30:23.570,107134.84,0.0001,10.713484
2025-10-17 22:30:23.572,107134.84,0.0008,85.707872
2025-10-17 22:30:23.931,107136.1,8e-05,8.570888000000002
2025-10-17 22:30:23.938,107136.09,0.00013,13.927691699999999
2025-10-17 22:30:24.218,107136.1,0.00048,51.42532800000001
2025-10-17 22:30:24.409,107136.1,0.00725,776.7367250000001
2025-10-17 22:30:24.411,107140.39,0.00064,68.56984960000001
2025-10-17 22:30:24.423,107140.4,0.00455,487.48882
2025-10-17 22:30:24.424,107142.84,0.00418,447.85707119999995
2025-10-17 22:30:24.759,107142.83,5e-05,5.3571415
2025-10-17 22:30:25.323,107142.84,0.00145,155.35711799999999
2025-10-17 22:30:25.559,107142.84,0.00336,359.9999424
2025-10-17 22:30:25.615,107144.33,0.0023,246.431959
2025-10-17 22:30:25.713,107144.34,8e-05,8.571547200000001
2025-10-17 22:30:25.827,107144.34,0.00111,118.9302174
2025-10-17 22:30:25.868,107144.34,0.00053,56.7865002
2025-10-17 22:30:26.146,107144.34,0.00013,13.928764199999998
2025-10-17 22:30:26.219,107144.33,0.00042,45.0006186
2025-10-17 22:30:26.762,107144.33,0.00027,28.9289691
2025-10-17 22:30:27.455,107144.34,8e-05,8.571547200000001
2025-10-17 22:30:27.538,107144.34,0.00051,54.6436134
2025-10-17 22:30:27.827,107144.34,0.0001,10.714434
2025-10-17 22:30:28.117,107144.34,0.00011,11.7858774
2025-10-17 22:30:28.573,107144.34,0.06512,6977.2394208
2025-10-17 22:30:28.694,107144.34,9e-05,9.642990600000001
2025-10-17 22:30:29.927,107144.33,0.00068,72.8581444
2025-10-17 22:30:29.983,107144.33,0.00025,26.786082500000003
2025-10-17 22:30:29.985,107144.33,0.00687,736.0815471000001
2025-10-17 22:30:30.162,107144.34,0.00074,79.2868116
2025-10-17 22:30:30.362,107144.34,0.00016,17.143094400000003
2025-10-17 22:30:30.584,107144.34,0.06674,7150.813251599999
2025-10-17 22:30:30.682,107144.34,0.00421,451.0776714
2025-10-17 22:30:30.728,107144.34,8e-05,8.571547200000001
2025-10-17 22:30:30.767,107144.34,0.00047,50.357839799999994
2025-10-17 22:30:31.412,107144.34,0.00101,108.2157834
2025-10-17 22:30:31.533,107144.33,0.00025,26.786082500000003
2025-10-17 22:30:31.944,107144.34,0.00065,69.64382099999999
2025-10-17 22:30:32.275,107144.34,0.0001,10.714434
2025-10-17 22:30:32.283,107144.34,0.00047,50.357839799999994
2025-10-17 22:30:32.362,107144.34,0.00019,20.3574246
2025-10-17 22:30:32.518,107144.34,0.01217,1303.9466178
2025-10-17 22:30:32.543,107144.34,0.00044,47.1435096
2025-10-17 22:30:32.643,107144.34,0.00056,60.00083039999999
2025-10-17 22:30:32.682,107144.34,0.00021,22.5003114
2025-10-17 22:30:32.862,107144.34,0.00019,20.3574246
2025-10-17 22:30:32.875,107144.34,0.00028,30.000415199999996
2025-10-17 22:30:32.962,107144.34,0.00014,15.000207599999998
2025-10-17 22:30:33.042,107144.34,5e-05,5.357217
2025-10-17 22:30:33.133,107144.34,7e-05,7.500103799999999
2025-10-17 22:30:33.573,107144.34,0.05296,5674.3642463999995
2025-10-17 22:30:33.737,107144.34,0.00221,236.78899140000001
2025-10-17 22:30:33.791,107144.33,0.012,1285.73196
2025-10-17 22:30:33.792,107144.33,0.012,1285.73196
2025-10-17 22:30:33.812,107144.33,0.08,8571.546400000001
2025-10-17 22:30:33.813,107142.85,0.00109,116.78570650000002
2025-10-17 22:30:33.891,107142.84,0.00204,218.57139360000002
2025-10-17 22:30:33.904,107142.83,0.08,8571.4264
2025-10-17 22:30:33.933,107142.84,8e-05,8.5714272
2025-10-17 22:30:34.077,107142.83,0.0011,117.85711300000001
2025-10-17 22:30:34.115,107142.7,0.00185,198.213995
2025-10-17 22:30:34.214,107140.4,0.00094,100.71197599999999
2025-10-17 22:30:34.495,107140.39,5e-05,5.3570195
2025-10-17 22:30:34.620,107140.39,9e-05,9.6426351
2025-10-17 22:30:35.062,107140.39,0.00504,539.9875656
2025-10-17 22:30:35.110,107140.39,8e-05,8.571231200000001
2025-10-17 22:30:35.192,107140.4,0.00163,174.63885199999999
2025-10-17 22:30:35.578,107140.4,0.07245,7762.32198
2025-10-17 22:30:35.666,107140.39,0.18509,19830.6147851
2025-10-17 22:30:35.674,107134.85,5e-05,5.3567425
2025-10-17 22:30:35.685,107133.62,0.00752,805.6448224
2025-10-17 22:30:35.687,107127.48,5e-05,5.356374
2025-10-17 22:30:35.692,107125.7,0.02734,2928.816638
2025-10-17 22:30:35.701,107125.7,0.00088,94.270616
2025-10-17 22:30:35.702,107125.13,0.00092,98.55511960000001
2025-10-17 22:30:35.707,107125.13,0.00407,435.9992791
2025-10-17 22:30:35.711,107120.45,0.0001,10.712045
2025-10-17 22:30:35.712,107120.22,0.00092,98.5506024
2025-10-17 22:30:35.718,107116.75,6e-05,6.427005
2025-10-17 22:30:35.721,107115.62,0.0061,653.405282
2025-10-17 22:30:35.723,107108.99,0.00271,290.2653629
2025-10-17 22:30:35.736,107125.06,0.0137,1467.613322
2025-10-17 22:30:35.737,107125.06,0.02809,3009.1429354
2025-10-17 22:30:35.739,107108.99,0.00015,16.0663485
2025-10-17 22:30:35.742,107125.67,0.0316,3385.1711720000003
2025-10-17 22:30:35.762,107114.99,0.0015,160.67248500000002
2025-10-17 22:30:35.765,107109.63,0.00016,17.137540800000004
2025-10-17 22:30:35.787,107099.0,0.01407,1506.88293
2025-10-17 22:30:35.790,107099.0,0.0003,32.1297
2025-10-17 22:30:35.791,107099.0,0.03243,3473.22057
2025-10-17 22:30:35.821,107108.5,6e-05,6.42651
2025-10-17 22:30:35.824,107108.99,0.012,1285.30788
2025-10-17 22:30:35.825,107108.99,0.012,1285.30788
2025-10-17 22:30:35.831,107108.99,0.00025,26.7772475
2025-10-17 22:30:35.832,107108.99,0.74932,80258.9083868
2025-10-17 22:30:35.848,107106.83,0.04179,4475.9944257
2025-10-17 22:30:35.849,107106.83,0.00359,384.5135197
2025-10-17 22:30:35.850,107106.83,0.00014,14.994956199999999
2025-10-17 22:30:35.853,107106.83,0.00328,351.3104024
2025-10-17 22:30:35.859,107106.83,8e-05,8.5685464
2025-10-17 22:30:35.878,107106.83,0.012,1285.28196
2025-10-17 22:30:35.942,107106.83,0.00686,734.7528538
2025-10-17 22:30:35.974,107106.83,0.00025,26.7767075
2025-10-17 22:30:35.991,107106.83,0.01671,1789.7551293
2025-10-17 22:30:36.028,107106.83,0.0004,42.842732000000005
2025-10-17 22:30:36.048,107106.84,0.00015,16.066025999999997
2025-10-17 22:30:36.119,107106.83,0.00015,16.066024499999997
2025-10-17 22:30:36.194,107105.77,0.00909,973.5914493000001
2025-10-17 22:30:36.224,107105.77,0.0187,2002.8778990000003
2025-10-17 22:30:36.268,107105.77,0.02,2142.1154
2025-10-17 22:30:36.293,107105.77,0.02249,2408.8087673
2025-10-17 22:30:36.336,107105.77,0.00172,184.2219244
2025-10-17 22:30:36.413,107105.77,0.002,214.21154
2025-10-17 22:30:36.504,107105.76,0.00018,19.2790368
2025-10-17 22:30:36.553,107105.76,0.0006,64.26345599999999
2025-10-17 22:30:36.581,107105.76,0.01275,1365.5984399999998
2025-10-17 22:30:36.585,107105.77,0.00015,16.065865499999997
2025-10-17 22:30:36.704,107105.76,0.01831,1961.1064655999999
2025-10-17 22:30:36.713,107105.65,0.00849,909.3269684999999
2025-10-17 22:30:36.871,107105.66,0.00015,16.065849
2025-10-17 22:30:36.938,107105.66,8e-05,8.568452800000001
2025-10-17 22:30:37.005,107105.65,0.00164,175.65326599999997
2025-10-17 22:30:37.203,107105.66,0.00367,393.0777722
2025-10-17 22:30:37.206,107105.65,0.00082,87.82663299999999
2025-10-17 22:30:37.208,107105.65,0.01199,1284.1967435
2025-10-17 22:30:37.310,107105.65,0.00047,50.3396555
2025-10-17 22:30:37.441,107105.65,0.009,963.9508499999998
2025-10-17 22:30:37.452,107105.64,0.00045,48.197538
2025-10-17 22:30:37.456,107104.96,0.00025,26.77624
2025-10-17 22:30:37.460,107104.96,0.00025,26.77624
2025-10-17 22:30:37.466,107104.96,0.00095,101.749712
2025-10-17 22:30:37.475,107104.96,0.00156,167.0837376
2025-10-17 22:30:37.483,107104.96,0.00045,48.197232
2025-10-17 22:30:37.487,107104.96,0.00055,58.907728000000006
2025-10-17 22:30:37.491,107100.41,0.00055,58.90522550000001
2025-10-17 22:30:37.517,107100.39,5e-05,5.3550195
2025-10-17 22:30:37.548,107100.41,0.002,214.20082000000002
2025-10-17 22:30:37.589,107100.4,0.00255,273.10602
2025-10-17 22:30:37.645,107100.39,0.23435,25098.9763965
2025-10-17 22:30:37.676,107100.39,0.00137,146.7275343
2025-10-17 22:30:37.683,107100.38,0.00025,26.775095
2025-10-17 22:30:37.687,107100.38,0.00025,26.775095
2025-10-17 22:30:37.708,107100.37,0.0001,10.710037
2025-10-17 22:30:37.783,107100.39,0.00047,50.3371833
2025-10-17 22:30:37.793,107100.38,0.00163,174.5736194
2025-10-17 22:30:37.800,107100.37,0.00275,294.52601749999997
2025-10-17 22:30:37.836,107100.37,0.00175,187.4256475
2025-10-17 22:30:37.842,107100.35,0.00145,155.29550749999999
2025-10-17 22:30:37.856,107096.88,0.00654,700.4135952
2025-10-17 22:30:37.867,107096.88,0.25035,26811.703908000003
2025-10-17 22:30:37.898,107096.88,0.0012,128.516256
2025-10-17 22:30:37.902,107094.0,0.00287,307.35978
2025-10-17 22:30:37.949,107094.0,0.17719,18975.985859999997
2025-10-17 22:30:37.975,107094.0,0.0013,139.2222
2025-10-17 22:30:37.980,107094.0,0.13158,14091.42852
2025-10-17 22:30:38.011,107094.0,0.03817,4087.7779800000003
2025-10-17 22:30:38.012,107094.0,0.001,107.09400000000001
2025-10-17 22:30:38.059,107094.0,0.00566,606.15204
2025-10-17 22:30:38.226,107094.0,0.029,3105.726
2025-10-17 22:30:38.246,107094.0,0.2772,29686.4568
2025-10-17 22:30:38.284,107091.99,5e-05,5.354599500000001
2025-10-17 22:30:38.315,107088.0,0.0019,203.4672
2025-10-17 22:30:38.359,107088.0,0.17184,18402.00192
2025-10-17 22:30:38.375,107088.0,0.00046,49.26048
2025-10-17 22:30:38.387,107088.0,0.00217,232.38096000000002
2025-10-17 22:30:38.390,107088.0,0.06441,6897.538079999999
2025-10-17 22:30:38.463,107088.0,0.14092,15090.84096
2025-10-17 22:30:38.495,107088.0,0.07412,7937.3625600000005
2025-10-17 22:30:38.546,107088.0,0.12,12850.56
2025-10-17 22:30:38.580,107088.0,0.08605,9214.9224
2025-10-17 22:30:38.615,107087.56,0.00015,16.063133999999998
2025-10-17 22:30:38.664,107087.55,0.11469,12281.8711095
2025-10-17 22:30:39.087,107087.55,0.00284,304.128642
2025-10-17 22:30:39.419,107086.14,8e-05,8.5668912
2025-10-17 22:30:40.020,107086.14,0.00019,20.3463666
2025-10-17 22:30:40.280,107086.14,8e-05,8.5668912
2025-10-17 22:30:40.388,107086.13,0.00017,18.2046421
2025-10-17 22:30:40.543,107086.14,0.00234,250.5815676
2025-10-17 22:30:40.562,107086.14,0.00094,100.6609716
2025-10-17 22:30:40.593,107086.14,0.01948,2086.0380072000003
2025-10-17 22:30:40.682,107086.14,0.00019,20.3463666
2025-10-17 22:30:40.970,107086.14,0.00024,25.700673600000002
2025-10-17 22:30:40.982,107086.14,7e-05,7.4960298
2025-10-17 22:30:41.017,107086.14,8e-05,8.5668912
2025-10-17 22:30:41.279,107086.14,0.00934,1000.1845476
2025-10-17 22:30:41.609,107086.13,9e-05,9.6377517
2025-10-17 22:30:41.644,107086.13,0.0446,4776.041398
2025-10-17 22:30:41.992,107086.13,0.00031,33.1967003
2025-10-17 22:30:42.157,107086.13,0.00018,19.2755034
2025-10-17 22:30:42.165,107086.13,0.00025,26.771532500000003
2025-10-17 22:30:42.186,107086.13,0.00018,19.2755034
2025-10-17 22:30:42.332,107086.14,0.00039,41.7635946
2025-10-17 22:30:42.422,107086.13,0.0015,160.629195
2025-10-17 22:30:43.174,107086.14,0.00037,39.6218718
2025-10-17 22:30:43.573,107086.14,0.05915,6334.145181
2025-10-17 22:30:43.677,107086.13,0.00045,48.1887585
2025-10-17 22:30:44.184,107086.14,0.00124,132.7868136
2025-10-17 22:30:44.231,107086.13,0.00079,84.59804270000001
2025-10-17 22:30:44.339,107086.14,0.0003,32.125842
2025-10-17 22:30:44.417,107086.14,0.00023,24.6298122
2025-10-17 22:30:44.508,107086.13,0.00635,679.9969255
2025-10-17 22:30:44.852,107086.14,0.0056,599.682384
2025-10-17 22:30:45.026,107086.13,0.00063,67.46426190000001
2025-10-17 22:30:45.151,107086.14,0.00012,12.850336800000001
2025-10-17 22:30:45.212,107086.14,8e-05,8.5668912
2025-10-17 22:30:45.235,107086.13,0.00103,110.29871390000001
2025-10-17 22:30:45.525,107086.13,0.00115,123.1490495
2025-10-17 22:30:46.912,107086.13,0.13087,14014.3618331
2025-10-17 22:30:46.913,107086.13,0.00222,237.73120860000003
2025-10-17 22:30:46.914,107086.13,0.00018,19.2755034
2025-10-17 22:30:46.915,107086.13,0.00956,1023.7434028000001
2025-10-17 22:30:46.916,107086.13,0.00589,630.7373057000001
2025-10-17 22:30:46.917,107086.13,0.00186,199.18020180000002
2025-10-17 22:30:46.918,107086.13,0.00589,630.7373057000001
2025-10-17 22:30:46.919,107086.13,0.00322,344.8173386
2025-10-17 22:30:46.920,107086.13,0.00127,135.9993851
2025-10-17 22:30:46.921,107086.13,0.00164,175.6212532
2025-10-17 22:30:46.922,107086.13,0.00154,164.9126402
2025-10-17 22:30:46.923,107086.13,0.00082,87.8106266
2025-10-17 22:30:46.924,107086.13,0.00154,164.9126402
2025-10-17 22:30:46.928,107086.13,0.0323,3458.881999
2025-10-17 22:30:46.934,107086.13,0.00102,109.2278526
2025-10-17 22:30:46.935,107086.13,0.00102,109.2278526
2025-10-17 22:30:46.937,107086.13,0.00248,265.5736024
2025-10-17 22:30:46.938,107086.13,0.00248,265.5736024
2025-10-17 22:30:46.939,107086.13,0.00164,175.6212532
2025-10-17 22:30:46.941,107086.13,0.00083,88.88148790000001
2025-10-17 22:30:46.950,107086.13,0.00102,109.2278526
2025-10-17 22:30:46.951,107086.13,0.00069,73.8894297
2025-10-17 22:30:46.957,107086.13,0.00198,212.03053740000001
2025-10-17 22:30:46.960,107086.13,0.00248,265.5736024
2025-10-17 22:30:46.962,107086.13,0.00164,175.6212532
2025-10-17 22:30:46.963,107086.13,0.06041,6469.0731133
2025-10-17 22:30:46.991,107086.13,0.00047,50.3304811
2025-10-17 22:30:46.994,107086.13,0.01238,1325.7262894
2025-10-17 22:30:47.128,107086.13,0.00084,89.95234920000001
2025-10-17 22:30:47.377,107086.14,0.00093,99.59011020000001
2025-10-17 22:30:47.386,107086.14,0.00047,50.3304858
2025-10-17 22:30:47.488,107086.13,0.00126,134.92852380000002
2025-10-17 22:30:47.528,107086.13,0.00434,464.75380420000005
2025-10-17 22:30:47.698,107086.13,0.03094,3313.2448622
2025-10-17 22:30:47.917,107086.13,0.00616,659.6505608
2025-10-17 22:30:47.941,107086.13,0.03859,4132.4537567
2025-10-17 22:30:48.024,107086.13,0.00046,49.2596198
2025-10-17 22:30:48.573,107086.14,0.07131,7636.3126434
2025-10-17 22:30:48.917,107086.14,0.00056,59.9682384
2025-10-17 22:30:48.983,107084.24,0.01114,1192.9184336
2025-10-17 22:30:49.021,107083.55,0.0052,556.83446
2025-10-17 22:30:49.228,107083.55,0.00059,63.179294500000005
2025-10-17 22:30:49.300,107083.3,0.0002,21.41666
2025-10-17 22:30:49.303,107080.0,0.02172,2325.7776
2025-10-17 22:30:49.348,107079.71,0.00021,22.4867391
2025-10-17 22:30:49.437,107079.71,0.00913,977.6377523
2025-10-17 22:30:49.459,107079.71,0.0014,149.911594
2025-10-17 22:30:49.762,107079.72,0.0001,10.707972
2025-10-17 22:30:49.968,107079.71,0.00028,29.982318799999998
2025-10-17 22:30:50.046,107079.71,0.012,1284.9565200000002
2025-10-17 22:30:50.047,107079.71,0.006,642.4782600000001
2025-10-17 22:30:50.151,107079.71,0.00113,121.0000723
2025-10-17 22:30:50.499,107079.71,0.00794,850.2128974
2025-10-17 22:30:50.557,107079.71,0.00016,17.1327536
2025-10-17 22:30:51.323,107079.71,0.00092,98.5133332
2025-10-17 22:30:51.784,107079.71,0.001,107.07971
2025-10-17 22:30:51.849,107079.71,0.039,4176.10869
2025-10-17 22:30:51.853,107079.71,0.012,1284.9565200000002
2025-10-17 22:30:51.854,107079.71,0.012,1284.9565200000002
2025-10-17 22:30:52.034,107079.72,1.0,107079.72
2025-10-17 22:30:52.081,107079.72,0.00029,31.0531188
2025-10-17 22:30:52.361,107079.71,5e-05,5.3539855
2025-10-17 22:30:52.367,107079.71,0.00346,370.4957966
2025-10-17 22:30:52.371,107079.71,0.00018,19.2743478
2025-10-17 22:30:52.496,107079.71,6e-05,6.4247826
2025-10-17 22:30:52.553,107079.71,7e-05,7.4955796999999995
2025-10-17 22:30:52.673,107079.71,6e-05,6.4247826
2025-10-17 22:30:52.686,107079.71,6e-05,6.4247826
2025-10-17 22:30:52.702,107079.71,6e-05,6.4247826
2025-10-17 22:30:52.761,107079.71,6e-05,6.4247826
2025-10-17 22:30:52.876,107079.72,0.00037,39.6194964
2025-10-17 22:30:53.585,107079.72,8e-05,8.566377600000001
2025-10-17 22:30:53.618,107079.71,0.05595,5991.109774500001
2025-10-17 22:30:54.008,107079.71,0.00501,536.4693471
2025-10-17 22:30:54.086,107079.72,7e-05,7.4955804
2025-10-17 22:30:55.336,107079.71,0.00056,59.964637599999996
2025-10-17 22:30:55.829,107079.72,0.00029,31.0531188
2025-10-17 22:30:56.632,107079.72,0.0002,21.415944
2025-10-17 22:30:56.752,107079.71,8e-05,8.5663768
2025-10-17 22:30:56.826,107079.71,0.00114,122.0708694
2025-10-17 22:30:57.282,107079.71,0.00028,29.982318799999998
2025-10-17 22:30:57.438,107079.72,0.00076,81.38058720000001
2025-10-17 22:30:58.203,107079.72,8e-05,8.566377600000001
2025-10-17 22:30:58.513,107079.72,0.00347,371.5666284
2025-10-17 22:30:59.004,107079.71,0.00186,199.16826060000002
2025-10-17 22:30:59.543,107079.71,0.02512,2689.8423152
2025-10-17 22:30:59.799,107079.71,0.0002,21.415942
2025-10-17 22:31:00.210,107079.72,0.00055,58.893846
2025-10-17 22:31:00.333,107079.72,0.00051,54.610657200000006
2025-10-17 22:31:00.618,107079.71,0.00014,14.991159399999999
2025-10-17 22:31:00.874,107079.71,0.00047,50.3274637
2025-10-17 22:31:00.920,107079.71,0.00041,43.9026811
2025-10-17 22:31:01.507,107079.72,0.06653,7124.013771600001
2025-10-17 22:31:02.539,107079.72,0.00185,198.097482
2025-10-17 22:31:03.083,107079.72,0.01868,2000.2491696
2025-10-17 22:31:03.210,107079.72,0.00047,50.3274684
2025-10-17 22:31:03.573,107079.72,0.09636,10318.2018192
2025-10-17 22:31:03.829,107079.72,0.00022,23.557538400000002
2025-10-17 22:31:03.919,107079.71,0.0002,21.415942
2025-10-17 22:31:04.755,107079.71,0.00046,49.2566666
2025-10-17 22:31:05.693,107079.72,8e-05,8.566377600000001
2025-10-17 22:31:06.150,107079.72,9e-05,9.6371748
2025-10-17 22:31:06.632,107079.72,0.00047,50.3274684
2025-10-17 22:31:06.638,107079.71,0.00011,11.7787681
2025-10-17 22:31:06.892,107079.72,0.00023,24.6283356
2025-10-17 22:31:07.620,107079.71,0.00038,40.6902898
2025-10-17 22:31:07.892,107079.71,0.00047,50.3274637
2025-10-17 22:31:08.366,107079.71,8e-05,8.5663768
2025-10-17 22:31:08.574,107079.72,0.06993,7488.084819600001
2025-10-17 22:31:08.803,107079.72,0.00013,13.920363599999998
2025-10-17 22:31:08.931,107079.71,0.01001,1071.8678971
2025-10-17 22:31:09.212,107079.72,9e-05,9.6371748
2025-10-17 22:31:10.078,107079.72,0.00013,13.920363599999998
2025-10-17 22:31:10.490,107079.71,0.00017,18.2035507
2025-10-17 22:31:10.784,107079.72,0.00467,500.0622924
2025-10-17 22:31:10.865,107079.71,0.00496,531.1153616
2025-10-17 22:31:11.071,107079.72,0.00028,29.9823216
2025-10-17 22:31:12.017,107079.72,0.00045,48.185874
2025-10-17 22:31:12.020,107079.72,8e-05,8.566377600000001
2025-10-17 22:31:12.389,107079.72,0.00047,50.3274684
2025-10-17 22:31:12.881,107079.71,0.012,1284.9565200000002
2025-10-17 22:31:12.884,107079.71,0.00321,343.72586910000007
2025-10-17 22:31:12.891,107079.72,0.0007,74.955804
2025-10-17 22:31:13.310,107079.71,0.036,3854.86956
2025-10-17 22:31:13.314,107079.71,0.24918,26682.122137800005
2025-10-17 22:31:13.315,107079.71,0.012,1284.9565200000002
2025-10-17 22:31:13.317,107079.71,0.02801,2999.3026771
2025-10-17 22:31:13.325,107079.71,0.01,1070.7971
2025-10-17 22:31:13.330,107079.72,8e-05,8.566377600000001
2025-10-17 22:31:13.356,107079.71,0.03563,3815.2500673000004
2025-10-17 22:31:13.415,107079.71,0.00213,228.0797823
2025-10-17 22:31:13.892,107079.72,0.00289,309.4603908
2025-10-17 22:31:14.156,107079.71,9e-05,9.6371739
2025-10-17 22:31:14.747,107079.71,0.00977,1046.1687666999999
2025-10-17 22:31:14.779,107077.07,5e-05,5.3538535000000005
2025-10-17 22:31:14.780,107071.13,5e-05,5.353556500000001
2025-10-17 22:31:14.794,107069.01,0.00934,1000.0245533999998
2025-10-17 22:31:14.795,107069.01,0.00402,430.4174202
2025-10-17 22:31:14.800,107069.01,0.012,1284.82812
2025-10-17 22:31:14.801,107069.01,0.012,1284.82812
2025-10-17 22:31:14.802,107069.01,0.012,1284.82812
2025-10-17 22:31:15.850,107069.02,0.00743,795.5228186
2025-10-17 22:31:16.099,107069.01,0.00345,369.3880845
2025-10-17 22:31:16.577,107069.01,0.00011,11.7775911
2025-10-17 22:31:16.863,107069.01,0.01866,1997.9077266
2025-10-17 22:31:16.991,107064.0,0.00275,294.426
2025-10-17 22:31:16.996,107056.99,0.00933,998.8417167
2025-10-17 22:31:17.003,107056.99,0.012,1284.68388
2025-10-17 22:31:17.004,107056.99,0.012,1284.68388
2025-10-17 22:31:17.006,107056.99,0.012,1284.68388
2025-10-17 22:31:17.494,107056.99,0.00047,50.3167853
2025-10-17 22:31:17.838,107057.0,0.80907,86616.60699
2025-10-17 22:31:18.573,107057.0,0.08051,8619.15907
2025-10-17 22:31:18.613,107057.0,0.00011,11.77627
2025-10-17 22:31:18.785,107056.99,0.005,535.28495
2025-10-17 22:31:18.786,107056.99,0.01,1070.5699
2025-10-17 22:31:19.165,107057.0,0.00011,11.77627
2025-10-17 22:31:19.443,107057.0,0.00011,11.77627
2025-10-17 22:31:19.574,107057.0,0.0061,653.0477000000001
2025-10-17 22:31:19.948,107057.0,0.06961,7452.237770000001
2025-10-17 22:31:20.551,107057.0,0.0011,117.76270000000001
2025-10-17 22:31:20.752,107056.99,0.00036,38.5405164
2025-10-17 22:31:20.949,107056.99,0.00025,26.764247500000003
2025-10-17 22:31:21.027,107057.0,0.00855,915.33735
2025-10-17 22:31:21.533,107056.99,0.012,1284.68388
2025-10-17 22:31:21.862,107056.99,0.012,1284.68388
2025-10-17 22:31:21.863,107056.99,0.012,1284.68388
2025-10-17 22:31:22.571,107057.0,0.00018,19.27026
2025-10-17 22:31:22.703,107056.99,0.00026,27.8348174
2025-10-17 22:31:22.720,107057.0,0.00094,100.63358
2025-10-17 22:31:22.971,107057.0,0.00018,19.27026
2025-10-17 22:31:23.511,107057.0,8e-05,8.56456
2025-10-17 22:31:23.546,107056.99,9e-05,9.6351291
2025-10-17 22:31:23.573,107057.0,0.09156,9802.13892
2025-10-17 22:31:23.778,107056.99,0.00023,24.623107700000002
2025-10-17 22:31:24.046,107057.0,0.00011,11.77627
2025-10-17 22:31:24.065,107056.99,0.00122,130.6095278
2025-10-17 22:31:24.257,107056.99,0.00027,28.9053873
2025-10-17 22:31:24.321,107057.0,0.00011,11.77627
2025-10-17 22:31:24.339,107057.0,0.00094,100.63358
2025-10-17 22:31:24.552,107056.99,0.00117,125.2566783
2025-10-17 22:31:24.628,107057.0,0.00011,11.77627
2025-10-17 22:31:25.606,107057.0,0.02802,2999.73714
2025-10-17 22:31:25.693,107057.0,0.00334,357.57038
2025-10-17 22:31:26.096,107056.99,0.00036,38.5405164
2025-10-17 22:31:26.147,107056.99,0.00103,110.26869970000001
2025-10-17 22:31:26.265,107057.0,0.00403,431.43971
2025-10-17 22:31:26.416,107056.99,0.00097,103.84528030000001
2025-10-17 22:31:27.080,107056.99,0.00042,44.9639358
2025-10-17 22:31:27.764,107057.0,0.00615,658.40055
2025-10-17 22:31:27.884,107057.0,0.00127,135.96239
2025-10-17 22:31:28.062,107057.0,0.00047,50.31679
2025-10-17 22:31:28.082,107056.99,0.012,1284.68388
2025-10-17 22:31:28.573,107057.0,0.08188,8765.827159999999
2025-10-17 22:31:28.627,107056.99,0.00011,11.776268900000002
2025-10-17 22:31:28.782,107057.0,0.00324,346.86467999999996
2025-10-17 22:31:28.984,107056.99,6e-05,6.4234194
2025-10-17 22:31:29.060,107057.0,0.00451,482.82707
2025-10-17 22:31:29.324,107057.0,0.00011,11.77627
2025-10-17 22:31:29.348,107057.0,0.00321,343.65297000000004
2025-10-17 22:31:29.476,107057.0,0.00012,12.84684
2025-10-17 22:31:29.608,107057.0,0.00011,11.77627
2025-10-17 22:31:29.636,107056.99,0.00145,155.2326355
2025-10-17 22:31:29.892,107056.99,0.012,1284.68388
2025-10-17 22:31:29.904,107057.0,0.00011,11.77627
2025-10-17 22:31:30.044,107056.99,0.002,214.11398000000003
2025-10-17 22:31:30.109,107057.0,0.00247,264.43079
2025-10-17 22:31:30.733,107056.99,0.01139,1219.3791161000001
2025-10-17 22:31:30.792,107057.0,0.02898,3102.51186
2025-10-17 22:31:31.327,107057.0,0.0033,353.2881
2025-10-17 22:31:31.540,107056.99,0.00036,38.5405164
2025-10-17 22:31:34.301,107056.99,0.00047,50.3167853
2025-10-17 22:31:34.332,107057.0,0.00011,11.77627
2025-10-17 22:31:34.632,107057.0,0.00011,11.77627
2025-10-17 22:31:34.953,107057.0,0.00046,49.24622
2025-10-17 22:31:35.138,107057.0,0.00011,11.77627
2025-10-17 22:31:35.150,107057.0,0.01396,1494.51572
2025-10-17 22:31:35.334,107057.0,0.01335,1429.2109500000001
2025-10-17 22:31:35.544,107056.99,0.00328,351.1469272
2025-10-17 22:31:35.957,107057.0,0.03274,3505.04618
2025-10-17 22:31:35.976,107057.0,0.15882,17002.792739999997
2025-10-17 22:31:35.977,107057.0,0.08438,9033.469659999999
2025-10-17 22:31:35.979,107057.11,0.0001,10.705711
2025-10-17 22:31:35.984,107058.6,0.0001,10.705860000000001
2025-10-17 22:31:35.990,107058.96,0.0002,21.411792000000002
2025-10-17 22:31:35.993,107058.96,0.00185,198.05907600000003
2025-10-17 22:31:36.017,107060.02,0.0001,10.706002000000002
2025-10-17 22:31:36.020,107061.28,0.00464,496.7643392
2025-10-17 22:31:36.035,107063.38,0.00131,140.2530278
2025-10-17 22:31:36.740,107063.38,0.00047,50.3197886
2025-10-17 22:31:36.857,107063.38,0.00036,38.542816800000004
2025-10-17 22:31:36.920,107063.39,8e-05,8.5650712
2025-10-17 22:31:37.042,107063.39,0.00553,592.0605467
2025-10-17 22:31:37.523,107063.39,0.01478,1582.3969041999999
2025-10-17 22:31:37.716,107063.39,8e-05,8.5650712
2025-10-17 22:31:37.740,107063.39,0.00047,50.3197933
2025-10-17 22:31:37.821,107063.39,0.00018,19.271410200000002
2025-10-17 22:31:38.238,107063.39,0.0237,2537.4023429999997
2025-10-17 22:31:38.573,107069.02,0.00086,92.0793572
2025-10-17 22:31:38.576,107069.98,0.00999,1069.6291002
2025-10-17 22:31:39.718,107069.97,0.00036,38.5451892
2025-10-17 22:31:40.121,107069.98,0.00106,113.49417879999999
2025-10-17 22:31:40.948,107069.98,0.00381,407.9366238
2025-10-17 22:31:40.950,107070.38,0.0001,10.707038
2025-10-17 22:31:40.967,107074.98,0.00015,16.061246999999998
2025-10-17 22:31:40.969,107074.99,0.0002,21.414998
2025-10-17 22:31:41.362,107074.99,0.0001,10.707499
2025-10-17 22:31:41.759,107074.99,0.00335,358.70121650000004
2025-10-17 22:31:42.048,107074.99,0.0022,235.56497800000002
2025-10-17 22:31:42.238,107074.99,0.00458,490.4034542
2025-10-17 22:31:42.496,107074.98,0.00047,50.325240599999994
2025-10-17 22:31:43.393,107074.98,0.00013,13.919747399999999
2025-10-17 22:31:43.526,107074.99,0.00933,999.0096567
2025-10-17 22:31:44.147,107074.99,0.00093,99.57974070000002
2025-10-17 22:31:44.248,107074.99,0.00037,39.6177463
2025-10-17 22:31:44.427,107074.99,0.0035,374.762465
2025-10-17 22:31:44.494,107074.99,0.00162,173.4614838
2025-10-17 22:31:44.697,107074.98,0.00044,47.1129912
2025-10-17 22:31:44.864,107074.99,0.00042,44.97149580000001
2025-10-17 22:31:46.038,107074.99,0.0137,1466.927363
2025-10-17 22:31:46.081,107074.98,9e-05,9.6367482
2025-10-17 22:31:46.150,107074.99,8e-05,8.5659992
2025-10-17 22:31:46.284,107074.99,0.00243,260.1922257
2025-10-17 22:31:47.203,107074.99,0.00047,50.3252453
2025-10-17 22:31:47.512,107074.99,8e-05,8.5659992
2025-10-17 22:31:48.531,107074.98,0.00027,28.9102446
2025-10-17 22:31:48.573,107074.99,0.0507,5428.701993000001
2025-10-17 22:31:49.593,107074.99,0.00014,14.990498599999999
2025-10-17 22:31:49.738,107074.99,0.01946,2083.6793054000004
2025-10-17 22:31:50.332,107074.98,0.0026,278.394948
2025-10-17 22:31:50.446,107074.99,0.00765,819.1236735
2025-10-17 22:31:50.630,107074.98,0.0005,53.53749
2025-10-17 22:31:50.864,107074.98,9e-05,9.6367482
2025-10-17 22:31:51.084,107074.99,9e-05,9.636749100000001
2025-10-17 22:31:51.334,107074.99,0.00241,258.0507259
2025-10-17 22:31:51.344,107075.01,0.0008,85.660008
2025-10-17 22:31:51.347,107079.72,0.00066,70.6726152
2025-10-17 22:31:51.446,107079.72,0.0015,160.61958
2025-10-17 22:31:51.491,107079.72,0.00374,400.4781528
2025-10-17 22:31:51.543,107079.72,0.00566,606.0712152
2025-10-17 22:31:52.000,107079.72,8e-05,8.566377600000001
2025-10-17 22:31:52.118,107079.72,0.00158,169.1859576
2025-10-17 22:31:52.403,107079.71,5e-05,5.3539855
2025-10-17 22:31:52.417,107079.71,0.00719,769.9031149000001
2025-10-17 22:31:52.701,107079.71,0.00049,52.4690579
2025-10-17 22:31:52.983,107079.72,0.00366,391.9117752
2025-10-17 22:31:53.376,107079.72,0.00352,376.92061440000003
2025-10-17 22:31:53.941,107079.72,0.00545,583.584474
2025-10-17 22:31:54.604,107079.72,0.00368,394.0533696
2025-10-17 22:31:55.082,107079.72,0.0075,803.0979
2025-10-17 22:31:55.092,107079.72,0.00171,183.1063212
2025-10-17 22:31:55.602,107079.72,0.00399,427.24808279999996
2025-10-17 22:31:55.725,107079.72,0.00138,147.7700136
2025-10-17 22:31:56.133,107079.72,8e-05,8.566377600000001
2025-10-17 22:31:56.335,107079.72,8e-05,8.566377600000001
2025-10-17 22:31:57.009,107079.72,0.00298,319.0975656
2025-10-17 22:31:57.064,107079.72,8e-05,8.566377600000001
2025-10-17 22:31:57.454,107079.72,0.00462,494.7083064
2025-10-17 22:31:57.527,107079.71,0.00046,49.2566666
2025-10-17 22:31:58.170,107079.71,0.00047,50.3274637
2025-10-17 22:31:58.313,107079.72,0.00172,184.17711839999998
2025-10-17 22:31:58.325,107079.72,0.00061,65.3186292
2025-10-17 22:31:58.411,107079.72,0.14603,15636.8515116
2025-10-17 22:31:58.643,107079.72,0.00047,50.3274684
2025-10-17 22:31:59.038,107079.72,0.00538,576.0888936
2025-10-17 22:31:59.587,107079.72,0.00286,306.24799920000004
2025-10-17 22:31:59.732,107079.73,0.00852,912.3192995999999
2025-10-17 22:31:59.734,107079.74,0.14877,15930.252919800003
2025-10-17 22:31:59.812,107079.74,0.00036,38.54870640000001
2025-10-17 22:32:00.323,107079.74,0.02289,2451.0552486
2025-10-17 22:32:01.133,107079.74,0.02975,3185.622265
2025-10-17 22:32:01.166,107079.74,0.03052,3268.0736648
2025-10-17 22:32:01.579,107079.73,7e-05,7.495581099999999
2025-10-17 22:32:01.682,107079.74,0.004,428.31896
2025-10-17 22:32:01.889,107079.73,0.00018,19.2743514
2025-10-17 22:32:02.036,107079.74,9e-05,9.637176600000002
2025-10-17 22:32:02.939,107079.74,0.00458,490.4252092
2025-10-17 22:32:03.009,107079.74,0.00167,178.82316580000003
2025-10-17 22:32:03.022,107079.74,0.00166,177.75236840000002
2025-10-17 22:32:03.253,107079.74,4e-05,4.283189600000001
2025-10-17 22:32:03.263,107079.74,8e-05,8.566379200000002
2025-10-17 22:32:03.279,107079.74,8e-05,8.566379200000002
2025-10-17 22:32:03.340,107079.73,0.009,963.7175699999999
2025-10-17 22:32:03.637,107079.74,0.00416,445.4517184
2025-10-17 22:32:03.641,107079.99,0.00016,17.132798400000002
2025-10-17 22:32:03.643,107081.63,0.0001,10.708163
2025-10-17 22:32:03.647,107082.36,5e-05,5.354118000000001
2025-10-17 22:32:03.648,107084.25,6e-05,6.425055
2025-10-17 22:32:03.653,107085.6,0.00934,1000.179504
2025-10-17 22:32:03.659,107085.68,0.00015,16.062851999999996
2025-10-17 22:32:03.677,107085.69,0.00835,894.1655115
2025-10-17 22:32:03.749,107085.69,0.00145,155.2742505
2025-10-17 22:32:03.796,107085.7,0.00205,219.525685
2025-10-17 22:32:04.299,107086.14,0.00011,11.7794754
2025-10-17 22:32:04.349,107090.75,6e-05,6.425445
2025-10-17 22:32:04.414,107092.44,0.00094,100.6668936
2025-10-17 22:32:04.578,107092.45,0.0061,653.263945
2025-10-17 22:32:04.799,107092.44,0.00077,82.4611788
2025-10-17 22:32:05.043,107092.45,0.00014,14.992942999999999
2025-10-17 22:32:06.066,107092.45,0.00891,954.1937294999999
2025-10-17 22:32:06.676,107092.44,0.02191,2346.3953604
2025-10-17 22:32:06.716,107092.44,0.00014,14.992941599999998
2025-10-17 22:32:07.169,107092.45,7e-05,7.496471499999999
2025-10-17 22:32:07.181,107092.45,0.00187,200.2628815
2025-10-17 22:32:07.182,107092.45,0.00241,258.0928045
2025-10-17 22:32:07.184,107092.46,0.00119,127.44002740000002
2025-10-17 22:32:07.186,107092.56,0.0068,728.2294079999999
2025-10-17 22:32:07.189,107092.57,0.00055,58.90091350000001
2025-10-17 22:32:07.192,107092.57,0.00132,141.3621924
2025-10-17 22:32:07.194,107092.57,0.00101,108.16349570000001
2025-10-17 22:32:07.196,107092.57,0.00015,16.0638855
2025-10-17 22:32:07.198,107092.58,0.0003,32.127773999999995
2025-10-17 22:32:07.200,107092.58,0.00135,144.574983
2025-10-17 22:32:07.202,107092.58,0.00076,81.39036080000001
2025-10-17 22:32:07.205,107092.59,0.00051,54.6172209
2025-10-17 22:32:07.207,107092.59,0.00113,121.0146267
2025-10-17 22:32:07.209,107092.6,0.00123,131.723898
2025-10-17 22:32:07.211,107092.6,0.00074,79.248524
2025-10-17 22:32:07.213,107092.61,0.00032,34.2696352
2025-10-17 22:32:07.218,107096.83,0.00015,16.064524499999997
2025-10-17 22:32:07.700,107096.84,4e-05,4.283873600000001
2025-10-17 22:32:07.847,107096.83,0.00047,50.3355101
2025-10-17 22:32:07.941,107096.84,0.00653,699.3423652
2025-10-17 22:32:07.943,107103.19,0.02058,2204.1836502
2025-10-17 22:32:08.060,107103.19,0.00048,51.4095312
2025-10-17 22:32:08.219,107103.19,0.00031,33.2019889
2025-10-17 22:32:08.245,107103.19,0.00047,50.3384993
2025-10-17 22:32:10.319,107103.19,7e-05,7.4972233
2025-10-17 22:32:10.576,107103.19,0.00204,218.49050760000003
2025-10-17 22:32:12.298,107103.19,0.00545,583.7123855
2025-10-17 22:32:12.301,107103.46,0.00075,80.327595
2025-10-17 22:32:12.317,107107.5,5e-05,5.355375
2025-10-17 22:32:12.832,107108.99,0.00191,204.5781709
2025-10-17 22:32:13.354,107109.0,8e-05,8.56872
2025-10-17 22:32:13.957,107109.0,0.00195,208.86255
2025-10-17 22:32:14.621,107109.0,0.00013,13.924169999999998
2025-10-17 22:32:15.656,107109.0,0.00011,11.78199
2025-10-17 22:32:15.782,107108.99,0.00202,216.36015980000002
2025-10-17 22:32:15.909,107109.0,8e-05,8.56872
2025-10-17 22:32:16.075,107109.0,0.00059,63.19431
2025-10-17 22:32:16.232,107109.0,0.00138,147.81042
2025-10-17 22:32:16.332,107108.99,0.00056,59.9810344
2025-10-17 22:32:16.336,107109.0,0.00376,402.72983999999997
2025-10-17 22:32:16.561,107108.99,8e-05,8.5687192
2025-10-17 22:32:16.597,107109.0,0.00011,11.78199
2025-10-17 22:32:16.613,107109.0,0.00159,170.30331
2025-10-17 22:32:16.670,107109.0,0.05259,5632.8623099999995
2025-10-17 22:32:16.980,107109.0,0.00071,76.04739000000001
2025-10-17 22:32:17.019,107109.0,0.0001,10.7109
2025-10-17 22:32:17.048,107109.0,0.00019,20.35071
2025-10-17 22:32:17.113,107109.0,8e-05,8.56872
2025-10-17 22:32:17.118,107109.0,0.00083,88.90047
2025-10-17 22:32:17.357,107109.0,0.00875,937.2037500000001
2025-10-17 22:32:17.537,107109.0,0.00094,100.68245999999999
2025-10-17 22:32:17.538,107108.99,6e-05,6.4265394
2025-10-17 22:32:17.548,107109.0,0.0001,10.7109
2025-10-17 22:32:17.552,107109.0,0.00011,11.78199
2025-10-17 22:32:17.562,107109.0,0.00024,25.70616
2025-10-17 22:32:17.676,107109.0,0.00012,12.85308
2025-10-17 22:32:17.679,107109.0,0.00047,50.341229999999996
2025-10-17 22:32:17.733,107109.0,0.0001,10.7109
2025-10-17 22:32:17.817,107109.0,0.00019,20.35071
2025-10-17 22:32:18.025,107109.0,0.00022,23.56398
2025-10-17 22:32:18.172,107109.0,0.00047,50.341229999999996
2025-10-17 22:32:18.213,107109.0,0.00015,16.06635
2025-10-17 22:32:18.262,107109.0,0.00033,35.34597
2025-10-17 22:32:18.332,107109.0,0.00187,200.29382999999999
2025-10-17 22:32:18.384,107109.0,0.00029,31.06161
2025-10-17 22:32:18.475,107109.0,0.00272,291.33648
2025-10-17 22:32:18.584,107109.0,0.0001,10.7109
2025-10-17 22:32:18.690,107109.0,0.03707,3970.5306299999997
2025-10-17 22:32:19.199,107108.99,0.00036,38.5592364
2025-10-17 22:32:20.057,107108.99,0.00026,27.8483374
2025-10-17 22:32:20.061,107108.99,0.0012,128.530788
2025-10-17 22:32:20.256,107109.0,0.00098,104.96682
2025-10-17 22:32:20.396,107109.0,0.11171,11965.14639
2025-10-17 22:32:20.400,107109.0,0.20971,22461.828390000002
2025-10-17 22:32:20.402,107109.0,0.06184,6623.62056
2025-10-17 22:32:20.403,107109.0,0.12279,13151.91411
2025-10-17 22:32:20.404,107109.01,0.00085,91.04265849999999
2025-10-17 22:32:20.570,107110.25,5e-05,5.355512500000001
2025-10-17 22:32:20.572,107110.25,0.00021,22.4931525
2025-10-17 22:32:20.839,107112.0,0.00322,344.90064
2025-10-17 22:32:20.842,107112.01,0.0017,182.09041699999997
2025-10-17 22:32:20.915,107112.45,5e-05,5.3556225
2025-10-17 22:32:21.015,107113.89,0.00015,16.0670835
2025-10-17 22:32:21.105,107113.9,0.00946,1013.2974939999999
2025-10-17 22:32:21.108,107116.0,0.00096,102.83136
2025-10-17 22:32:21.109,107116.75,6e-05,6.427005
2025-10-17 22:32:21.345,107119.0,0.00388,415.62172000000004
2025-10-17 22:32:22.064,107119.0,0.03952,4233.34288
2025-10-17 22:32:22.075,107119.0,0.03407,3649.54433
2025-10-17 22:32:22.079,107119.0,0.00011,11.78309
2025-10-17 22:32:22.869,107119.0,0.00054,57.84426
2025-10-17 22:32:22.870,107119.0,0.00054,57.84426
2025-10-17 22:32:22.874,107119.0,0.00107,114.61733
2025-10-17 22:32:23.071,107119.0,0.00011,11.78309
2025-10-17 22:32:23.131,107119.0,8e-05,8.56952
2025-10-17 22:32:23.328,107119.0,0.00011,11.78309
2025-10-17 22:32:23.400,107118.99,0.00931,997.2777969000001
2025-10-17 22:32:23.937,107118.99,7e-05,7.4983293
2025-10-17 22:32:24.469,107119.0,0.00011,11.78309
2025-10-17 22:32:24.588,107118.99,0.00036,38.5628364
2025-10-17 22:32:25.004,107118.99,9e-05,9.6407091
2025-10-17 22:32:25.118,107119.0,0.00094,100.69185999999999
2025-10-17 22:32:25.334,107119.0,0.00011,11.78309
2025-10-17 22:32:25.455,107119.0,0.00649,695.20231
2025-10-17 22:32:25.683,107119.0,0.17607,18860.44233
2025-10-17 22:32:26.074,107119.0,0.09597,10280.21043
2025-10-17 22:32:26.075,107119.0,0.06763,7244.4579699999995
2025-10-17 22:32:26.076,107119.7,0.00015,16.067954999999998
2025-10-17 22:32:26.078,107123.6,5e-05,5.35618
2025-10-17 22:32:26.090,107124.0,0.00933,999.46692
2025-10-17 22:32:26.106,107124.0,0.009,964.1159999999999
2025-10-17 22:32:26.118,107125.43,0.0001,10.712543
2025-10-17 22:32:26.243,107129.0,0.00567,607.42143
2025-10-17 22:32:26.748,107128.99,0.00349,373.88017510000003
2025-10-17 22:32:26.840,107128.99,6e-05,6.4277394
2025-10-17 22:32:27.417,107129.0,0.00333,356.73957
2025-10-17 22:32:27.819,107129.0,0.00039,41.78031
2025-10-17 22:32:28.029,107129.0,0.00011,11.78419
2025-10-17 22:32:28.260,107129.0,0.00047,50.350629999999995
2025-10-17 22:32:28.442,107129.0,0.00047,50.350629999999995
2025-10-17 22:32:28.556,107129.0,0.00011,11.78419
2025-10-17 22:32:28.624,107128.99,0.00269,288.17698310000003
2025-10-17 22:32:28.750,107128.99,0.00047,50.350625300000004
2025-10-17 22:32:28.793,107129.0,0.00011,11.78419
2025-10-17 22:32:29.066,107129.0,8e-05,8.57032
2025-10-17 22:32:29.157,107129.75,6e-05,6.427785
2025-10-17 22:32:29.158,107130.0,0.0027,289.25100000000003
2025-10-17 22:32:29.386,107131.93,0.00253,271.0437829
2025-10-17 22:32:29.394,107133.9,5e-05,5.356695
2025-10-17 22:32:29.415,107134.0,0.0025,267.835
2025-10-17 22:32:30.973,107134.0,0.00036,38.56824
2025-10-17 22:32:31.203,107134.0,0.00098,104.99132
2025-10-17 22:32:32.847,107134.0,0.00099,106.06266
2025-10-17 22:32:33.083,107134.0,0.00013,13.927419999999998
2025-10-17 22:32:33.251,107134.01,0.00047,50.35298469999999
2025-10-17 22:32:33.519,107134.01,0.00036,38.5682436
2025-10-17 22:32:33.553,107134.0,9e-05,9.64206
2025-10-17 22:32:34.020,107134.0,0.00018,19.28412
2025-10-17 22:32:34.574,107134.01,0.04667,4999.9442467
2025-10-17 22:32:34.787,107134.01,0.00075,80.35050749999999
2025-10-17 22:32:35.401,107134.0,0.0028,299.9752
2025-10-17 22:32:35.917,107134.0,0.0388,4156.7992
2025-10-17 22:32:35.918,107134.0,0.07016,7516.52144
2025-10-17 22:32:35.919,107134.0,0.03281,3515.06654
2025-10-17 22:32:35.920,107134.0,0.10675,11436.5545
2025-10-17 22:32:35.921,107134.0,0.42075,45076.6305
2025-10-17 22:32:35.923,107130.64,5e-05,5.3565320000000005
2025-10-17 22:32:35.930,107129.99,0.00729,780.9776271
2025-10-17 22:32:35.931,107128.99,0.00716,767.0435684
2025-10-17 22:32:35.938,107128.99,0.04231,4532.627566900001
2025-10-17 22:32:35.939,107128.99,0.05052,5412.1565748
2025-10-17 22:32:35.941,107128.99,0.00089,95.3448011
2025-10-17 22:32:35.942,107128.99,0.01057,1132.3534243
2025-10-17 22:32:35.943,107127.35,5e-05,5.3563675
2025-10-17 22:32:35.944,107126.5,6e-05,6.42759
2025-10-17 22:32:35.948,107126.3,0.001,107.1263
2025-10-17 22:32:35.950,107126.3,0.0323,3460.1794900000004
2025-10-17 22:32:35.953,107125.34,0.04764,5103.4511976
2025-10-17 22:32:35.956,107124.32,0.00286,306.3755552
2025-10-17 22:32:35.961,107123.99,0.00097,103.91027030000001
2025-10-17 22:32:35.964,107123.61,5e-05,5.356180500000001
2025-10-17 22:32:35.965,107126.31,0.0001,10.712631
2025-10-17 22:32:35.973,107118.99,0.00917,982.2811383
2025-10-17 22:32:35.978,107118.86,0.00243,260.29882979999996
2025-10-17 22:32:35.982,107121.8,0.04222,4522.682396
2025-10-17 22:32:36.008,107116.11,5e-05,5.355805500000001
2025-10-17 22:32:36.009,107104.86,5e-05,5.355243000000001
2025-10-17 22:32:36.024,107095.56,0.0025,267.7389
2025-10-17 22:32:36.028,107094.25,0.00933,999.1893524999999
2025-10-17 22:32:36.032,107117.62,0.00015,16.067642999999997
2025-10-17 22:32:36.033,107092.5,0.04747,5083.680975
2025-10-17 22:32:36.040,107095.35,0.00683,731.4612405
2025-10-17 22:32:36.054,107095.35,0.0001,10.709535
2025-10-17 22:32:36.081,107108.0,0.00196,209.93168
2025-10-17 22:32:36.082,107095.19,0.0023,246.318937
2025-10-17 22:32:36.093,107095.19,0.00315,337.3498485
2025-10-17 22:32:36.177,107102.49,0.0004,42.840996000000004
2025-10-17 22:32:36.179,107102.49,0.04,4284.0996000000005
2025-10-17 22:32:36.185,107102.49,0.32,34272.796800000004
2025-10-17 22:32:36.191,107102.49,0.00434,464.82480660000004
2025-10-17 22:32:36.193,107102.49,6e-05,6.426149400000001
2025-10-17 22:32:36.197,107102.49,5e-05,5.3551245000000005
2025-10-17 22:32:36.199,107102.49,0.01901,2036.0183349
2025-10-17 22:32:36.208,107102.49,0.00829,887.8796421000001
2025-10-17 22:32:36.212,107102.49,0.06,6426.1494
2025-10-17 22:32:36.256,107102.49,0.00931,997.1241819
2025-10-17 22:32:36.264,107102.49,0.00687,735.7941063000001
2025-10-17 22:32:36.307,107100.0,0.05002,5357.142
2025-10-17 22:32:36.378,107100.01,0.01536,1645.0561536
2025-10-17 22:32:36.383,107100.0,0.0002,21.42
2025-10-17 22:32:36.437,107095.19,0.00026,27.844749399999998
2025-10-17 22:32:36.441,107079.71,0.02772,2968.2495612000002
2025-10-17 22:32:36.469,107079.71,0.00208,222.72579679999998
2025-10-17 22:32:36.478,107091.37,0.17179,18397.226452299998
2025-10-17 22:32:36.578,107083.61,9e-05,9.6375249
2025-10-17 22:32:36.721,107084.01,0.06,6425.040599999999
2025-10-17 22:32:36.855,107084.01,0.00085,91.02140849999999
2025-10-17 22:32:36.873,107084.0,0.029,3105.436
2025-10-17 22:32:36.925,107084.0,0.015,1606.26
2025-10-17 22:32:36.936,107084.0,0.023,2462.932
2025-10-17 22:32:36.937,107084.0,0.02,2141.68
2025-10-17 22:32:37.391,107084.01,0.00086,92.09224859999999
2025-10-17 22:32:37.430,107084.0,0.00619,662.84996
2025-10-17 22:32:37.520,107084.0,0.003,321.252
2025-10-17 22:32:37.521,107084.0,0.006,642.504
2025-10-17 22:32:37.526,107084.0,0.023,2462.932
2025-10-17 22:32:37.531,107084.0,0.01,1070.84
2025-10-17 22:32:37.533,107084.0,0.014,1499.176
2025-10-17 22:32:37.534,107084.0,0.00011,11.77924
2025-10-17 22:32:37.562,107084.0,0.01096,1173.6406399999998
2025-10-17 22:32:37.563,107084.0,0.014,1499.176
2025-10-17 22:32:37.581,107084.0,0.01662,1779.73608
2025-10-17 22:32:37.588,107084.0,0.00201,215.23884
2025-10-17 22:32:37.593,107083.99,0.00463,495.7988737
2025-10-17 22:32:37.603,107083.99,0.00592,633.9372208
2025-10-17 22:32:37.722,107084.0,8e-05,8.56672
2025-10-17 22:32:37.762,107084.0,0.00051,54.612840000000006
2025-10-17 22:32:37.770,107084.0,0.00066,70.67544
2025-10-17 22:32:37.868,107083.61,0.00074,79.2418714
2025-10-17 22:32:37.915,107083.61,0.00192,205.6005312
2025-10-17 22:32:38.078,107079.72,0.00015,16.061957999999997
2025-10-17 22:32:38.145,107079.71,0.02654,2841.8955034000005
2025-10-17 22:32:38.229,107079.71,0.0036,385.486956
2025-10-17 22:32:38.230,107079.71,0.01863,1994.8949973
2025-10-17 22:32:38.233,107079.71,0.09973,10679.0594783
2025-10-17 22:32:38.237,107079.51,0.00123,131.70779729999998
2025-10-17 22:32:38.238,107075.0,0.00015,16.061249999999998
2025-10-17 22:32:38.261,107074.99,0.04999,5352.6787501
2025-10-17 22:32:38.292,107074.99,0.05721,6125.7601779
2025-10-17 22:32:38.320,107074.99,0.09857,10554.3817643
2025-10-17 22:32:38.321,107074.99,0.0509,5450.116991000001
2025-10-17 22:32:38.323,107074.0,0.002,214.148
2025-10-17 22:32:38.327,107074.0,0.00025,26.7685
2025-10-17 22:32:38.332,107072.99,5e-05,5.3536495
2025-10-17 22:32:38.341,107072.0,0.0018,192.7296
2025-10-17 22:32:38.352,107069.96,0.00047,50.322881200000005
2025-10-17 22:32:38.492,107069.96,0.00078,83.5145688
2025-10-17 22:32:38.493,107069.96,0.00109,116.70625640000002
2025-10-17 22:32:38.494,107069.96,0.0011,117.77695600000001
2025-10-17 22:32:38.554,107069.96,0.001,107.06996000000001
2025-10-17 22:32:38.555,107069.96,0.001,107.06996000000001
2025-10-17 22:32:38.556,107069.95,0.00119,127.4132405
2025-10-17 22:32:38.588,107068.0,0.00353,377.95004
2025-10-17 22:32:38.593,107068.0,0.0014,149.8952
2025-10-17 22:32:38.814,107068.0,0.00221,236.62028
2025-10-17 22:32:39.047,107066.0,0.00429,459.31314000000003
2025-10-17 22:32:39.115,107065.28,0.00258,276.2284224
2025-10-17 22:32:39.268,107065.27,0.00038,40.684802600000005
2025-10-17 22:32:39.513,107065.27,0.00047,50.3206769
2025-10-17 22:32:39.712,107065.28,8e-05,8.565222400000001
2025-10-17 22:32:40.040,107065.27,0.0013,139.184851
2025-10-17 22:32:40.082,107062.0,0.001,107.062
2025-10-17 22:32:40.083,107062.0,0.001,107.062
2025-10-17 22:32:40.084,107062.0,0.001,107.062
2025-10-17 22:32:40.150,107062.01,0.00305,326.5391305
2025-10-17 22:32:40.781,107062.01,0.00305,326.5391305
2025-10-17 22:32:41.025,107062.01,0.00029,31.047982899999997
2025-10-17 22:32:41.078,107062.01,0.00086,92.0733286
2025-10-17 22:32:41.448,107062.01,0.01116,1194.8120316
2025-10-17 22:32:41.929,107062.01,8e-05,8.5649608
2025-10-17 22:32:41.946,107062.0,0.01769,1893.92678
2025-10-17 22:32:42.125,107062.01,0.00109,116.6975909
2025-10-17 22:32:42.317,107062.01,0.01221,1307.2271421
2025-10-17 22:32:42.460,107062.01,0.00019,20.3417819
2025-10-17 22:32:42.889,107062.01,8e-05,8.5649608
2025-10-17 22:32:43.003,107062.01,0.00364,389.7057164
2025-10-17 22:32:43.824,107062.01,0.01384,1481.7382183999998
2025-10-17 22:32:43.939,107062.01,0.00012,12.8474412
2025-10-17 22:32:44.512,107062.0,0.2,21412.4
2025-10-17 22:32:44.653,107062.01,0.10736,11494.177393599999
2025-10-17 22:32:44.909,107062.0,8e-05,8.564960000000001
2025-10-17 22:32:45.555,107062.0,0.012,1284.744
2025-10-17 22:32:45.556,107062.0,0.012,1284.744
2025-10-17 22:32:46.517,107062.01,0.00327,350.09277269999995
2025-10-17 22:32:47.145,107060.99,5e-05,5.353049500000001
2025-10-17 22:32:47.306,107060.0,0.00736,787.9616
2025-10-17 22:32:47.395,107059.03,0.00373,399.33018189999996
2025-10-17 22:32:47.595,107059.03,0.004,428.23612
2025-10-17 22:32:47.682,107059.03,0.00094,100.6354882
2025-10-17 22:32:47.732,107059.03,0.00594,635.9306382
2025-10-17 22:32:47.872,107059.01,0.00133,142.3884833
2025-10-17 22:32:47.998,107058.0,0.35003,37473.51174
2025-10-17 22:32:48.150,107058.01,0.00223,238.7393623
2025-10-17 22:32:48.189,107058.0,0.00362,387.54996
2025-10-17 22:32:48.229,107057.0,0.00298,319.02986
2025-10-17 22:32:48.268,107057.01,0.01359,1454.9047658999998
2025-10-17 22:32:48.579,107057.0,0.03489,3735.2187299999996
2025-10-17 22:32:48.962,107057.01,0.00012,12.8468412
2025-10-17 22:32:49.326,107057.0,0.00226,241.94881999999998
2025-10-17 22:32:50.069,107057.01,8e-05,8.5645608
2025-10-17 22:32:50.840,107057.0,0.00194,207.69058
2025-10-17 22:32:51.643,107057.01,0.0009,96.35130899999999
2025-10-17 22:32:52.062,107057.01,0.00021,22.4819721
2025-10-17 22:32:52.180,107057.01,0.00053,56.740215299999996
2025-10-17 22:32:52.325,107057.0,0.00013,13.917409999999999
2025-10-17 22:32:52.604,107057.0,0.00011,11.77627
2025-10-17 22:32:52.882,107057.0,0.00262,280.48933999999997
2025-10-17 22:32:53.032,107057.01,0.00148,158.4443748
2025-10-17 22:32:53.613,107057.01,0.00402,430.3691802
2025-10-17 22:32:53.831,107057.0,0.012,1284.684
2025-10-17 22:32:53.943,107057.01,0.00234,250.5134034
2025-10-17 22:32:54.500,107057.01,0.00147,157.3738047
2025-10-17 22:32:54.944,107057.0,8e-05,8.56456
2025-10-17 22:32:55.049,107057.01,0.00411,440.0043111
2025-10-17 22:32:56.070,107057.0,0.00044,47.10508
2025-10-17 22:32:56.404,107057.01,0.00036,38.5405236
2025-10-17 22:32:56.423,107057.01,0.00672,719.4231072
2025-10-17 22:32:56.548,107057.01,0.00426,456.06286259999996
2025-10-17 22:32:56.616,107057.01,0.00706,755.8224906
2025-10-17 22:32:56.910,107057.0,0.00037,39.61109
2025-10-17 22:32:57.620,107057.01,0.00014,14.987981399999997
2025-10-17 22:32:57.937,107057.0,0.00146,156.30321999999998
2025-10-17 22:32:58.551,107057.0,0.00047,50.31679
2025-10-17 22:32:58.578,107057.01,0.00323,345.7941423
2025-10-17 22:32:58.597,107057.01,0.00047,50.316794699999996
2025-10-17 22:32:59.639,107057.01,0.0028,299.75962799999996
2025-10-17 22:33:00.028,107057.01,0.00304,325.4533104
2025-10-17 22:33:00.797,107057.01,0.00086,92.0690286
2025-10-17 22:33:00.876,107057.01,0.00392,419.6634792
2025-10-17 22:33:01.623,107057.01,0.00014,14.987981399999997
2025-10-17 22:33:01.821,107057.01,9e-05,9.6351309
2025-10-17 22:33:01.934,107057.01,0.00393,420.73404930000004
2025-10-17 22:33:02.632,107057.01,6e-05,6.4234206
2025-10-17 22:33:03.038,107057.01,0.00338,361.8526938
2025-10-17 22:33:03.359,107057.0,0.00047,50.31679
2025-10-17 22:33:04.191,107057.01,0.00104,111.33929039999998
2025-10-17 22:33:04.560,107057.0,0.06512,6971.55184
2025-10-17 22:33:04.891,107057.01,0.0034,363.99383399999994
2025-10-17 22:33:05.399,107057.01,0.00076,81.3633276
2025-10-17 22:33:06.212,107057.01,0.00111,118.83328110000001
2025-10-17 22:33:06.587,107057.0,8e-05,8.56456
2025-10-17 22:33:07.024,107057.0,0.00072,77.08104
2025-10-17 22:33:07.385,107057.01,8e-05,8.5645608
2025-10-17 22:33:07.823,107057.01,7e-05,7.493990699999999
2025-10-17 22:33:08.205,107057.01,0.01126,1205.4619326
2025-10-17 22:33:08.733,107057.01,0.00268,286.9127868
2025-10-17 22:33:09.498,107057.0,0.00012,12.84684
2025-10-17 22:33:09.592,107057.01,0.00934,999.9124733999998
2025-10-17 22:33:09.928,107057.0,0.0467,4999.5619
2025-10-17 22:33:10.181,107057.01,8e-05,8.5645608
2025-10-17 22:33:11.336,107057.01,8e-05,8.5645608
2025-10-17 22:33:12.684,107057.01,0.00151,161.65608509999998
2025-10-17 22:33:13.476,107057.0,0.00019,20.34083
2025-10-17 22:33:14.545,107057.01,8e-05,8.5645608
2025-10-17 22:33:16.340,107057.01,0.00362,387.5463762
2025-10-17 22:33:16.608,107057.01,0.00649,694.7999949
2025-10-17 22:33:16.724,107057.0,0.00424,453.92168
2025-10-17 22:33:17.023,107057.0,0.00036,38.54052
2025-10-17 22:33:17.764,107057.01,0.00635,679.8120134999999
2025-10-17 22:33:18.090,107057.01,8e-05,8.5645608
2025-10-17 22:33:18.594,107057.01,0.00012,12.8468412
2025-10-17 22:33:19.614,107057.01,0.00433,463.55685329999994
2025-10-17 22:33:20.259,107057.01,8e-05,8.5645608
2025-10-17 22:33:20.812,107057.0,9e-05,9.63513
2025-10-17 22:33:21.329,107057.01,8e-05,8.5645608
2025-10-17 22:33:21.413,107057.01,0.0006,64.23420599999999
2025-10-17 22:33:21.819,107057.01,0.00109,116.6921409
2025-10-17 22:33:22.273,107057.01,0.00031,33.1876731
2025-10-17 22:33:22.592,107057.01,0.06858,7341.9697458
2025-10-17 22:33:22.714,107057.0,0.00038,40.68166
2025-10-17 22:33:22.918,107057.01,0.00173,185.2086273
2025-10-17 22:33:22.965,107057.01,0.00435,465.69799349999994
2025-10-17 22:33:23.181,107057.0,0.001,107.057
2025-10-17 22:33:23.194,107057.0,9e-05,9.63513
2025-10-17 22:33:23.448,107057.01,0.00374,400.39321739999997
2025-10-17 22:33:23.556,107057.0,0.0062,663.7533999999999
2025-10-17 22:33:24.126,107057.01,0.0014,149.87981399999998
2025-10-17 22:33:24.553,107057.0,0.00025,26.76425
2025-10-17 22:33:24.585,107057.01,0.01138,1218.3087738
2025-10-17 22:33:25.731,107057.0,0.012,1284.684
2025-10-17 22:33:25.732,107057.0,0.012,1284.684
2025-10-17 22:33:25.921,107057.0,0.012,1284.684
2025-10-17 22:33:25.922,107057.0,0.012,1284.684
2025-10-17 22:33:25.962,107057.0,0.00622,665.89454
2025-10-17 22:33:25.985,107057.0,0.00352,376.84064
2025-10-17 22:33:26.020,107057.0,0.03906,4181.64642
2025-10-17 22:33:26.028,107057.0,0.00087,93.13959
2025-10-17 22:33:26.029,107057.0,0.32636,34939.12252
2025-10-17 22:33:26.030,107056.59,0.0028,299.758452
2025-10-17 22:33:26.031,107056.59,0.0028,299.758452
2025-10-17 22:33:26.032,107056.59,0.00025,26.7641475
2025-10-17 22:33:26.033,107056.0,0.00113,120.97327999999999
2025-10-17 22:33:26.034,107050.0,0.0029,310.445
2025-10-17 22:33:26.036,107049.25,0.00035,37.4672375
2025-10-17 22:33:26.039,107048.0,6e-05,6.42288
2025-10-17 22:33:26.116,107047.99,0.00098,104.90703020000001
2025-10-17 22:33:26.269,107046.31,8e-05,8.5637048
2025-10-17 22:33:26.602,107046.31,0.00013,13.916020299999998
2025-10-17 22:33:26.950,107046.3,0.012,1284.5556000000001
2025-10-17 22:33:26.951,107046.3,0.001,107.0463
2025-10-17 22:33:26.953,107046.31,0.00176,188.4015056
2025-10-17 22:33:27.119,107046.3,0.00025,26.761575
2025-10-17 22:33:27.154,107046.3,0.012,1284.5556000000001
2025-10-17 22:33:27.510,107046.31,0.00047,50.311765699999995
2025-10-17 22:33:27.591,107046.31,0.07389,7909.6518459
2025-10-17 22:33:27.719,107046.31,0.0001,10.704631000000001
2025-10-17 22:33:27.922,107046.3,0.012,1284.5556000000001
2025-10-17 22:33:27.923,107046.3,0.012,1284.5556000000001
2025-10-17 22:33:27.924,107046.3,0.012,1284.5556000000001
2025-10-17 22:33:27.942,107046.3,0.0935,10008.82905
2025-10-17 22:33:27.959,107046.31,0.00028,29.9729668
2025-10-17 22:33:28.048,107046.3,0.00025,26.761575
2025-10-17 22:33:28.083,107046.3,0.00506,541.6542780000001
2025-10-17 22:33:28.108,107046.3,0.03674,3932.8810620000004
2025-10-17 22:33:28.112,107046.3,0.00287,307.22288100000003
2025-10-17 22:33:28.139,107046.3,0.07181,7686.9948030000005
2025-10-17 22:33:28.140,107046.3,0.0202,2162.33526
2025-10-17 22:33:28.144,107044.0,0.0028,299.7232
2025-10-17 22:33:28.146,107043.83,0.00015,16.0565745
2025-10-17 22:33:28.149,107043.38,0.00191,204.4528558
2025-10-17 22:33:28.150,107042.0,0.0001,10.7042
2025-10-17 22:33:28.155,107041.94,0.00085,90.985649
2025-10-17 22:33:28.156,107041.94,5e-05,5.3520970000000005
2025-10-17 22:33:28.167,107040.0,0.012,1284.48
2025-10-17 22:33:28.168,107040.0,0.012,1284.48
2025-10-17 22:33:28.171,107038.9,0.00055,58.871395
2025-10-17 22:33:28.172,107038.9,0.00048,51.378672
2025-10-17 22:33:28.173,107038.9,0.00053,56.730616999999995
2025-10-17 22:33:28.174,107038.0,0.00285,305.05830000000003
2025-10-17 22:33:28.315,107038.0,0.00222,237.62436000000002
2025-10-17 22:33:28.705,107037.99,0.00047,50.3078553
2025-10-17 22:33:28.715,107037.99,0.00025,26.759497500000002
2025-10-17 22:33:28.785,107037.99,0.003,321.11397
2025-10-17 22:33:28.787,107037.99,0.00056,59.9412744
2025-10-17 22:33:28.788,107037.98,0.0004,42.815192
2025-10-17 22:33:28.944,107037.98,0.00031,33.1817738
2025-10-17 22:33:28.946,107037.98,0.00134,143.43089319999999
2025-10-17 22:33:28.948,107037.97,0.00357,382.1255529
2025-10-17 22:33:28.953,107037.4,0.00095,101.68553
2025-10-17 22:33:28.959,107037.4,0.00025,26.759349999999998
2025-10-17 22:33:28.961,107037.39,0.00089,95.2632771
2025-10-17 22:33:28.966,107037.39,0.00115,123.0929985
2025-10-17 22:33:28.968,107037.39,1e-05,1.0703739
2025-10-17 22:33:28.969,107035.87,0.003,321.10760999999997
2025-10-17 22:33:28.972,107035.5,0.00046,49.23633
2025-10-17 22:33:28.974,107035.49,0.00094,100.61336060000001
2025-10-17 22:33:28.977,107033.19,0.00041,43.8836079
2025-10-17 22:33:28.980,107033.11,0.0006,64.219866
2025-10-17 22:33:28.981,107032.0,0.00115,123.0868
2025-10-17 22:33:28.982,107030.56,0.00041,43.8825296
2025-10-17 22:33:28.985,107029.0,0.00016,17.124640000000003
2025-10-17 22:33:29.036,107028.2,0.00025,26.75705
2025-10-17 22:33:29.211,107028.2,0.00047,50.303253999999995
2025-10-17 22:33:29.352,107028.19,0.001,107.02819000000001
2025-10-17 22:33:29.354,107028.19,0.001,107.02819000000001
2025-10-17 22:33:29.837,107028.19,0.00028,29.9678932
2025-10-17 22:33:30.216,107028.19,0.00467,499.8216473
2025-10-17 22:33:30.475,107028.2,9e-05,9.632538
2025-10-17 22:33:30.540,107028.2,0.00015,16.054229999999997
2025-10-17 22:33:30.717,107028.2,0.00313,334.998266
2025-10-17 22:33:30.719,107028.19,0.00597,638.9582942999999
2025-10-17 22:33:30.830,107028.2,0.00015,16.054229999999997
2025-10-17 22:33:31.374,107028.2,0.00015,16.054229999999997
2025-10-17 22:33:31.839,107028.2,0.00332,355.333624
2025-10-17 22:33:32.366,107028.19,0.00048,51.3735312
2025-10-17 22:33:33.030,107028.2,0.00014,14.983947999999998
2025-10-17 22:33:33.576,107028.2,8e-05,8.562256
2025-10-17 22:33:33.765,107028.19,0.005,535.14095
2025-10-17 22:33:34.415,107028.19,0.00013,13.913664699999998
2025-10-17 22:33:34.579,107028.2,0.00718,768.4624759999999
2025-10-17 22:33:34.793,107028.2,9e-05,9.632538
2025-10-17 22:33:35.829,107028.2,0.00015,16.054229999999997
2025-10-17 22:33:36.033,107028.19,0.001,107.02819000000001
2025-10-17 22:33:36.034,107028.19,0.001,107.02819000000001
2025-10-17 22:33:36.233,107028.19,9e-05,9.6325371
2025-10-17 22:33:36.381,107028.2,0.00015,16.054229999999997
2025-10-17 22:33:36.584,107028.19,0.00051,54.5843769
2025-10-17 22:33:36.620,107028.2,0.00039,41.740998
2025-10-17 22:33:36.746,107028.19,0.12694,13586.1584386
2025-10-17 22:33:37.216,107028.19,0.00028,29.9678932
2025-10-17 22:33:37.259,107028.2,0.00015,16.054229999999997
2025-10-17 22:33:37.370,107028.2,9e-05,9.632538
2025-10-17 22:33:37.577,107028.2,0.00866,926.864212
2025-10-17 22:33:38.724,107028.19,0.00048,51.3735312
2025-10-17 22:33:39.049,107028.2,0.00784,839.101088
2025-10-17 22:33:39.123,107028.2,8e-05,8.562256
2025-10-17 22:33:39.285,107028.2,0.00037,39.600434
2025-10-17 22:33:40.584,107028.19,0.00247,264.3596293
2025-10-17 22:33:40.698,107028.19,0.013,1391.36647
2025-10-17 22:33:41.600,107028.19,5e-05,5.3514095
2025-10-17 22:33:41.674,107028.2,0.08872,9495.541904
2025-10-17 22:33:41.675,107028.2,0.10119,10830.183558
2025-10-17 22:33:41.677,107028.2,0.2548,27270.78536
2025-10-17 22:33:41.679,107028.31,0.0001,10.702831
2025-10-17 22:33:41.697,107030.66,0.0044,470.934904
2025-10-17 22:33:41.699,107030.66,0.00125,133.78832500000001
2025-10-17 22:33:41.702,107032.18,0.00091,97.39928379999999
2025-10-17 22:33:41.705,107032.48,0.00127,135.9312496
2025-10-17 22:33:41.715,107033.91,0.00015,16.055086499999998
2025-10-17 22:33:41.774,107034.62,0.00015,16.055193
2025-10-17 22:33:41.848,107034.62,0.00883,945.1156945999999
2025-10-17 22:33:42.613,107034.62,0.00015,16.055193
2025-10-17 22:33:43.116,107034.62,0.00461,493.42959820000004
2025-10-17 22:33:43.885,107034.62,0.00302,323.2445524
2025-10-17 22:33:43.949,107034.62,4e-05,4.2813848000000005
2025-10-17 22:33:44.324,107034.62,0.00516,552.2986391999999
2025-10-17 22:33:44.785,107034.62,0.00153,163.7629686
2025-10-17 22:33:45.069,107034.61,0.00046,49.2359206
2025-10-17 22:33:45.622,107034.61,0.00026,27.8289986
2025-10-17 22:33:45.925,107034.61,8e-05,8.5627688
2025-10-17 22:33:46.089,107034.61,0.00013,13.9144993
2025-10-17 22:33:47.290,107034.62,8e-05,8.562769600000001
2025-10-17 22:33:47.617,107034.62,0.00736,787.7748032
2025-10-17 22:33:47.693,107034.62,0.00179,191.5919698
2025-10-17 22:33:47.705,107034.62,0.00022,23.5476164
2025-10-17 22:33:48.044,107034.61,0.0013,139.144993
2025-10-17 22:33:48.104,107034.62,8e-05,8.562769600000001
2025-10-17 22:33:48.555,107034.61,0.0001,10.703461
2025-10-17 22:33:48.937,107034.62,4e-05,4.2813848000000005
2025-10-17 22:33:49.453,107034.62,0.00014,14.984846799999998
2025-10-17 22:33:49.540,107034.61,0.00091,97.4014951
2025-10-17 22:33:50.462,107034.62,0.00045,48.165578999999994
2025-10-17 22:33:50.591,107034.61,9e-05,9.6331149
2025-10-17 22:33:50.935,107034.61,9e-05,9.6331149
2025-10-17 22:33:51.587,107034.62,0.00653,698.9360686
2025-10-17 22:33:51.988,107034.62,8e-05,8.562769600000001
2025-10-17 22:33:52.293,107034.61,0.00014,14.9848454
2025-10-17 22:33:52.388,107034.62,0.00077,82.41665739999999
2025-10-17 22:33:52.416,107034.62,0.00605,647.559451
2025-10-17 22:33:52.869,107034.62,6e-05,6.4220771999999995
2025-10-17 22:33:53.433,107034.62,8e-05,8.562769600000001
2025-10-17 22:33:53.661,107034.61,7e-05,7.4924227
2025-10-17 22:33:54.605,107034.62,9e-05,9.6331158
2025-10-17 22:33:54.657,107034.61,0.012,1284.41532
2025-10-17 22:33:54.658,107034.61,0.012,1284.41532
2025-10-17 22:33:54.865,107034.61,0.012,1284.41532
2025-10-17 22:33:54.866,107034.61,0.012,1284.41532
2025-10-17 22:33:54.867,107034.61,0.012,1284.41532
2025-10-17 22:33:54.972,107034.61,0.00307,328.5962527
2025-10-17 22:33:54.982,107034.62,8e-05,8.562769600000001
2025-10-17 22:33:56.767,107034.62,8e-05,8.562769600000001
2025-10-17 22:33:56.827,107034.62,8e-05,8.562769600000001
2025-10-17 22:33:57.618,107034.61,0.00047,50.3062667
2025-10-17 22:33:57.717,107034.62,7e-05,7.492423399999999
2025-10-17 22:33:57.756,107034.62,0.00194,207.6471628
2025-10-17 22:33:58.583,107034.61,0.0007,74.924227
2025-10-17 22:33:59.025,107034.61,0.00128,137.0043008
2025-10-17 22:33:59.047,107034.61,0.00467,499.8516287
2025-10-17 22:33:59.318,107034.61,0.00047,50.3062667
2025-10-17 22:33:59.538,107034.62,0.00379,405.6612098
2025-10-17 22:34:00.090,107034.61,0.00045,48.1655745
2025-10-17 22:34:00.197,107034.62,0.0008,85.627696
2025-10-17 22:34:00.238,107034.61,0.00036,38.5324596
2025-10-17 22:34:00.510,107034.61,8e-05,8.5627688
2025-10-17 22:34:00.617,107034.61,0.00012,12.844153200000001
2025-10-17 22:34:00.751,107034.61,0.00026,27.8289986
2025-10-17 22:34:01.149,107034.61,0.0232,2483.2029519999996
2025-10-17 22:34:01.773,107034.62,8e-05,8.562769600000001
2025-10-17 22:34:02.053,107034.61,0.00017,18.195883700000003
2025-10-17 22:34:03.599,107034.62,0.00011,11.7738082
2025-10-17 22:34:04.950,107034.61,0.00011,11.7738071
2025-10-17 22:34:04.985,107034.61,0.00022,23.5476142
2025-10-17 22:34:05.048,107034.61,6e-05,6.4220766000000005
2025-10-17 22:34:05.090,107034.61,0.00014,14.9848454
2025-10-17 22:34:05.114,107034.61,0.00027,28.8993447
2025-10-17 22:34:05.424,107034.61,9e-05,9.6331149
2025-10-17 22:34:06.266,107034.61,9e-05,9.6331149
2025-10-17 22:34:06.779,107034.62,0.01325,1418.208715
2025-10-17 22:34:07.185,107034.61,0.00032,34.2510752
2025-10-17 22:34:07.532,107034.61,0.06201,6637.2161661
2025-10-17 22:34:07.997,107034.61,0.00016,17.1255376
2025-10-17 22:34:08.201,107034.62,0.00012,12.844154399999999
2025-10-17 22:34:08.642,107034.62,0.02805,3002.321091
2025-10-17 22:34:08.777,107034.61,0.00047,50.3062667
2025-10-17 22:34:10.332,107034.61,0.02038,2181.3653518
2025-10-17 22:34:10.553,107034.61,0.0189,2022.954129
2025-10-17 22:34:11.492,107034.61,0.00015,16.0551915
2025-10-17 22:34:11.579,107034.61,7e-05,7.4924227
2025-10-17 22:34:12.587,107034.61,0.00017,18.195883700000003
2025-10-17 22:34:12.780,107034.62,0.012,1284.41544
2025-10-17 22:34:13.436,107034.61,0.00191,204.4361051
2025-10-17 22:34:13.614,107034.62,7e-05,7.492423399999999
2025-10-17 22:34:13.790,107034.62,0.00036,38.5324632
2025-10-17 22:34:14.237,107034.61,0.00062,66.3614582
2025-10-17 22:34:14.695,107034.62,8e-05,8.562769600000001
2025-10-17 22:34:15.138,107034.62,0.00029,31.0400398
2025-10-17 22:34:15.532,107034.62,0.00091,97.40150419999999
2025-10-17 22:34:15.533,107034.61,0.00038,40.6731518
2025-10-17 22:34:15.537,107034.62,0.00215,230.12443299999998
2025-10-17 22:34:16.437,107034.62,7e-05,7.492423399999999
2025-10-17 22:34:16.518,107034.62,0.00024,25.688308799999998
2025-10-17 22:34:16.519,107034.62,0.00016,17.125539200000002
2025-10-17 22:34:16.544,107034.62,0.00029,31.0400398
2025-10-17 22:34:16.717,107034.62,0.00038,40.6731556
2025-10-17 22:34:16.880,107034.62,0.00034,36.3917708
2025-10-17 22:34:16.918,107034.62,0.00078,83.4870036
2025-10-17 22:34:17.083,107034.62,0.00012,12.844154399999999
2025-10-17 22:34:17.637,107034.62,0.00078,83.4870036
2025-10-17 22:34:17.647,107034.61,0.0003,32.110383
2025-10-17 22:34:17.719,107034.62,0.00019,20.3365778
2025-10-17 22:34:17.724,107034.62,0.00082,87.76838839999999
2025-10-17 22:34:17.725,107034.62,0.00019,20.3365778
2025-10-17 22:34:17.732,107034.62,0.00068,72.7835416
2025-10-17 22:34:17.983,107034.62,0.00018,19.2662316
2025-10-17 22:34:18.032,107034.62,0.00234,250.4610108
2025-10-17 22:34:18.172,107034.62,0.00011,11.7738082
2025-10-17 22:34:18.410,107034.62,7e-05,7.492423399999999
2025-10-17 22:34:18.478,107034.61,8e-05,8.5627688
2025-10-17 22:34:18.585,107034.62,0.01868,1999.4067015999997
2025-10-17 22:34:18.623,107034.62,7e-05,7.492423399999999
2025-10-17 22:34:18.626,107034.62,0.00049,52.4469638
2025-10-17 22:34:18.643,107034.62,0.0001,10.703462
2025-10-17 22:34:18.662,107034.62,6e-05,6.4220771999999995
2025-10-17 22:34:18.674,107034.62,0.00556,595.1124871999999
2025-10-17 22:34:18.887,107034.62,8e-05,8.562769600000001
2025-10-17 22:34:19.262,107034.62,0.00187,200.15473939999998
2025-10-17 22:34:19.532,107034.61,0.00497,531.9620117
2025-10-17 22:34:19.932,107034.62,0.00011,11.7738082
2025-10-17 22:34:20.409,107034.62,0.00412,440.98263440000005
2025-10-17 22:34:20.633,107034.61,0.00056,59.9393816
2025-10-17 22:34:21.466,107034.62,0.00029,31.0400398
2025-10-17 22:34:21.722,107034.62,8e-05,8.562769600000001
2025-10-17 22:34:22.021,107034.61,0.00016,17.1255376
2025-10-17 22:34:22.129,107034.62,0.0003,32.110386
2025-10-17 22:34:23.085,107034.61,0.0467,4998.5162869999995
2025-10-17 22:34:23.239,107034.61,0.0005,53.517305
2025-10-17 22:34:23.401,107034.62,0.00023,24.6179626
2025-10-17 22:34:23.847,107034.62,0.00307,328.59628339999995
2025-10-17 22:34:23.977,107034.62,0.00028,29.969693599999996
2025-10-17 22:34:24.031,107034.61,8e-05,8.5627688
2025-10-17 22:34:24.194,107034.62,0.0946,10125.475052
2025-10-17 22:34:24.196,107034.62,0.05032,5385.982078399999
2025-10-17 22:34:24.197,107034.62,0.05076,5433.0773112
2025-10-17 22:34:24.220,107034.62,0.00728,779.2120335999999
2025-10-17 22:34:24.276,107034.62,0.059,6315.042579999999
2025-10-17 22:34:24.287,107034.64,0.0001,10.703464
2025-10-17 22:34:24.288,107034.8,0.00015,16.05522
2025-10-17 22:34:24.315,107036.91,0.00242,259.02932219999997
2025-10-17 22:34:24.384,107036.92,0.00157,168.04796439999998
2025-10-17 22:34:24.717,107038.0,0.04411,4721.44618
2025-10-17 22:34:24.762,107038.01,8e-05,8.5630408
2025-10-17 22:34:24.813,107038.01,0.00025,26.7595025
2025-10-17 22:34:25.335,107038.01,0.00037,39.6040637
2025-10-17 22:34:25.703,107038.0,0.0005,53.519
2025-10-17 22:34:26.132,107038.01,0.00047,50.307864699999996
2025-10-17 22:34:26.290,107038.01,0.0001,10.703801
2025-10-17 22:34:26.724,107038.01,0.0001,10.703801
2025-10-17 22:34:27.319,107038.01,0.00015,16.055701499999998
2025-10-17 22:34:27.725,107038.01,0.72836,77962.2049636
2025-10-17 22:34:27.728,107038.01,0.00181,193.7387981
2025-10-17 22:34:27.729,107038.9,0.00015,16.055835
2025-10-17 22:34:27.730,107039.09,0.0002,21.407818
2025-10-17 22:34:27.731,107041.58,0.02293,2454.4634293999998
2025-10-17 22:34:27.734,107041.58,0.01191,1274.8652178
2025-10-17 22:34:27.751,107042.63,0.00188,201.2401444
2025-10-17 22:34:27.756,107043.74,0.0001,10.704374000000001
2025-10-17 22:34:27.774,107045.1,0.00139,148.792689
2025-10-17 22:34:27.776,107045.32,0.00123,131.6657436
2025-10-17 22:34:27.802,107046.31,0.00562,601.6002622
2025-10-17 22:34:27.804,107047.32,0.00563,602.6764116
2025-10-17 22:34:27.805,107047.32,0.00736,787.8682752000001
2025-10-17 22:34:27.910,107047.32,0.00222,237.64505040000003
2025-10-17 22:34:28.140,107047.33,0.00035,37.4665655
2025-10-17 22:34:29.009,107047.33,0.00031,33.1846723
2025-10-17 22:34:29.537,107047.33,0.00319,341.4809827
2025-10-17 22:34:29.732,107048.64,5e-05,5.352432
2025-10-17 22:34:29.787,107048.7,0.0005,53.52435
2025-10-17 22:34:29.891,107048.7,0.00035,37.467045
2025-10-17 22:34:30.125,107048.7,0.02722,2913.865614
2025-10-17 22:34:30.417,107048.7,0.00047,50.312889
2025-10-17 22:34:31.384,107048.7,0.00252,269.762724
2025-10-17 22:34:31.593,107048.7,8e-05,8.563896
2025-10-17 22:34:32.209,107048.7,4e-05,4.281948
2025-10-17 22:34:35.780,107048.69,6e-05,6.4229214
2025-10-17 22:34:35.920,107048.69,0.02669,2857.1295360999998
2025-10-17 22:34:35.923,107048.69,0.04507,4824.6844583
2025-10-17 22:34:35.924,107048.69,0.0385,4121.374565
2025-10-17 22:34:35.925,107048.69,0.02796,2993.0813724
2025-10-17 22:34:35.926,107044.41,0.00374,400.3460934
2025-10-17 22:34:35.946,107043.83,0.0001,10.704383
2025-10-17 22:34:35.957,107038.35,0.00922,986.8935870000001
2025-10-17 22:34:35.981,107040.22,0.00068,72.78734960000001
2025-10-17 22:34:35.983,107038.35,0.02167,2319.5210445
2025-10-17 22:34:35.986,107038.35,0.01012,1083.228102
2025-10-17 22:34:35.990,107038.35,0.01596,1708.332066
2025-10-17 22:34:35.992,107038.35,0.01439,1540.2818565
2025-10-17 22:34:35.993,107038.35,0.10292,11016.386982
2025-10-17 22:34:36.000,107034.61,0.012,1284.41532
2025-10-17 22:34:36.002,107034.61,0.01185,1268.3601285
2025-10-17 22:34:36.016,107036.92,0.00015,16.055538
2025-10-17 22:34:36.045,107034.8,5e-05,5.35174
2025-10-17 22:34:36.083,107022.92,5e-05,5.351146
2025-10-17 22:34:36.120,107016.0,0.00274,293.22384
2025-10-17 22:34:36.133,107022.64,9e-05,9.6320376
2025-10-17 22:34:36.191,107016.56,2e-05,2.1403312000000003
2025-10-17 22:34:36.200,107016.0,0.00012,12.84192
2025-10-17 22:34:36.236,107018.1,0.00686,734.144166
2025-10-17 22:34:36.253,107018.1,0.023,2461.4163000000003
2025-10-17 22:34:36.257,107018.1,0.017,1819.3077000000003
2025-10-17 22:34:36.322,107018.01,0.10278,10999.3110678
2025-10-17 22:34:36.456,107018.0,0.00933,998.47794
2025-10-17 22:34:36.580,107018.0,8e-05,8.561440000000001
2025-10-17 22:34:36.612,107018.01,7e-05,7.491260699999999
2025-10-17 22:34:36.938,107018.01,0.0032,342.457632
2025-10-17 22:34:37.216,107018.0,0.02427,2597.32686
2025-10-17 22:34:37.219,107017.9,0.00089,95.24593099999998
2025-10-17 22:34:37.240,107017.9,0.00152,162.667208
2025-10-17 22:34:37.243,107017.89,0.00107,114.5091423
2025-10-17 22:34:37.244,107017.88,0.00031,33.1755428
2025-10-17 22:34:37.246,107017.87,5e-05,5.3508935
2025-10-17 22:34:37.269,107013.94,0.00617,660.2760098
2025-10-17 22:34:37.271,107013.93,0.00095,101.66323349999999
2025-10-17 22:34:37.272,107013.93,0.00085,90.9618405
2025-10-17 22:34:37.274,107011.8,0.00057,60.996726
2025-10-17 22:34:37.277,107010.0,0.00143,153.0243
2025-10-17 22:34:37.280,107010.0,0.00143,153.0243
2025-10-17 22:34:37.283,107010.0,0.00114,121.9914
2025-10-17 22:34:37.285,107010.0,0.4403,47116.503000000004
2025-10-17 22:34:37.287,107010.0,0.0002,21.402
2025-10-17 22:34:37.290,107008.61,6e-05,6.4205166
2025-10-17 22:34:37.300,107008.61,0.00109,116.63938490000001
2025-10-17 22:34:37.304,107008.0,0.0028,299.62239999999997
2025-10-17 22:34:37.307,107008.0,0.00114,121.98912
2025-10-17 22:34:37.309,107008.0,1e-05,1.0700800000000001
2025-10-17 22:34:37.311,107007.52,0.00753,805.7666256000001
2025-10-17 22:34:37.313,107007.02,0.00015,16.051053
2025-10-17 22:34:37.314,107007.01,0.00085,90.9559585
2025-10-17 22:34:37.571,107006.01,8e-05,8.5604808
2025-10-17 22:34:38.215,107006.0,0.00462,494.36772
2025-10-17 22:34:38.265,107006.01,0.2644,28292.389044
2025-10-17 22:34:40.010,107006.0,0.01,1070.06
2025-10-17 22:34:40.031,107006.0,0.005,535.03
2025-10-17 22:34:40.133,107006.01,0.0014,149.808414
2025-10-17 22:34:40.312,107006.0,0.00451,482.59706
2025-10-17 22:34:41.440,107006.0,0.0007,74.9042
2025-10-17 22:34:42.269,107006.01,0.00979,1047.5888379
2025-10-17 22:34:42.702,107006.01,0.02,2140.1202
2025-10-17 22:34:43.302,107006.01,7e-05,7.490420699999999
2025-10-17 22:34:43.986,107006.0,0.00229,245.04373999999999
2025-10-17 22:34:44.075,107006.0,0.012,1284.0720000000001
2025-10-17 22:34:44.076,107006.0,0.012,1284.0720000000001
2025-10-17 22:34:44.233,107006.01,9e-05,9.6305409
2025-10-17 22:34:44.579,107006.01,8e-05,8.5604808
2025-10-17 22:34:45.638,107006.01,9e-05,9.6305409
2025-10-17 22:34:45.921,107006.01,0.24297,25999.2502497
2025-10-17 22:34:46.123,107006.01,0.02577,2757.5448777
2025-10-17 22:34:46.418,107006.01,0.00298,318.8779098
2025-10-17 22:34:47.353,107006.01,0.00026,27.821562599999996
2025-10-17 22:34:47.825,107006.0,9e-05,9.63054
2025-10-17 22:34:48.454,107006.01,8e-05,8.5604808
2025-10-17 22:34:48.918,107006.0,0.00017,18.19102
2025-10-17 22:34:49.028,107006.0,0.012,1284.0720000000001
2025-10-17 22:34:49.033,107006.0,0.012,1284.0720000000001
2025-10-17 22:34:49.151,107006.0,0.012,1284.0720000000001
2025-10-17 22:34:49.891,107006.01,8e-05,8.5604808
2025-10-17 22:34:50.309,107006.01,0.03838,4106.8906638
2025-10-17 22:34:52.663,107006.01,0.0003,32.101803
2025-10-17 22:34:53.105,107006.0,0.012,1284.0720000000001
2025-10-17 22:34:53.285,107006.01,8e-05,8.5604808
2025-10-17 22:34:53.355,107006.0,0.00019,20.33114
2025-10-17 22:34:53.524,107006.0,0.00037,39.59222
2025-10-17 22:34:53.751,107006.0,0.00203,217.22218
2025-10-17 22:34:54.455,107006.0,0.00028,29.961679999999998
2025-10-17 22:34:54.580,107006.0,0.00188,201.17128
2025-10-17 22:34:54.632,107006.01,0.00326,348.83959259999995
2025-10-17 22:34:54.643,107006.01,0.00021,22.4712621
2025-10-17 22:34:54.687,107006.0,0.012,1284.0720000000001
2025-10-17 22:34:55.230,107006.0,8e-05,8.56048
2025-10-17 22:34:55.892,107006.01,0.00018,19.2610818
2025-10-17 22:34:58.185,107006.0,0.00691,739.41146
2025-10-17 22:35:00.525,107006.0,0.00047,50.29282
2025-10-17 22:35:00.838,107006.01,8e-05,8.5604808
2025-10-17 22:35:00.844,107006.0,0.0005,53.503
2025-10-17 22:35:00.906,107006.01,0.00046,49.2227646
2025-10-17 22:35:01.268,107006.0,0.012,1284.0720000000001
2025-10-17 22:35:01.269,107006.0,0.012,1284.0720000000001
2025-10-17 22:35:01.586,107006.0,9e-05,9.63054
2025-10-17 22:35:01.630,107006.0,0.012,1284.0720000000001
2025-10-17 22:35:01.779,107006.0,0.00016,17.12096
2025-10-17 22:35:01.932,107006.0,9e-05,9.63054
2025-10-17 22:35:02.662,107006.01,0.00013,13.910781299999998
2025-10-17 22:35:04.381,107006.01,8e-05,8.5604808
2025-10-17 22:35:05.864,107006.01,0.00055,58.8533055
2025-10-17 22:35:06.588,107006.0,8e-05,8.56048
2025-10-17 22:35:07.592,107006.01,0.00221,236.4832821
2025-10-17 22:35:07.781,107006.01,8e-05,8.5604808
2025-10-17 22:35:08.290,107006.01,0.002,214.01202
2025-10-17 22:35:08.640,107006.01,0.0006,64.203606
2025-10-17 22:35:09.177,107006.0,0.00039,41.73234
2025-10-17 22:35:09.279,107006.01,8e-05,8.5604808
2025-10-17 22:35:09.449,107006.0,0.012,1284.0720000000001
2025-10-17 22:35:09.546,107006.0,0.012,1284.0720000000001
2025-10-17 22:35:09.559,107006.01,0.05607,5999.8269807
2025-10-17 22:35:10.037,107006.0,0.00054,57.78324
2025-10-17 22:35:10.376,107006.01,0.00047,50.2928247
2025-10-17 22:35:11.025,107006.01,0.00019,20.3311419
2025-10-17 22:35:11.460,107006.01,0.00108,115.5664908
2025-10-17 22:35:12.468,107006.01,0.00022,23.5413222
2025-10-17 22:35:12.776,107006.0,8e-05,8.56048
2025-10-17 22:35:12.890,107006.0,7e-05,7.490419999999999
2025-10-17 22:35:13.515,107006.01,8e-05,8.5604808
2025-10-17 22:35:14.048,107006.0,0.00265,283.5659
2025-10-17 22:35:14.487,107006.01,0.00018,19.2610818
2025-10-17 22:35:14.763,107006.0,6e-05,6.4203600000000005
2025-10-17 22:35:14.949,107006.01,0.00018,19.2610818
2025-10-17 22:35:15.012,107006.01,0.00047,50.2928247
2025-10-17 22:35:15.064,107006.0,0.00119,127.33714
2025-10-17 22:35:15.631,107006.01,8e-05,8.5604808
2025-10-17 22:35:16.001,107006.0,0.00468,500.78808000000004
2025-10-17 22:35:16.694,107006.01,0.00467,499.71806669999995
2025-10-17 22:35:17.293,107006.01,0.00055,58.8533055
2025-10-17 22:35:17.567,107006.0,0.46726,49999.62356
2025-10-17 22:35:18.013,107006.0,9e-05,9.63054
2025-10-17 22:35:18.321,107006.01,0.00067,71.6940267
2025-10-17 22:35:18.543,107006.01,0.00894,956.6337294
2025-10-17 22:35:18.678,107006.01,5e-05,5.3503005
2025-10-17 22:35:20.695,107006.0,0.00304,325.29824
2025-10-17 22:35:21.468,107006.01,0.00011,11.7706611
2025-10-17 22:35:22.477,107006.01,9e-05,9.6305409
2025-10-17 22:35:23.246,107006.01,5e-05,5.3503005
2025-10-17 22:35:23.283,107006.01,0.00018,19.2610818
2025-10-17 22:35:23.417,107006.01,0.00022,23.5413222
2025-10-17 22:35:23.500,107006.0,0.0007,74.9042
2025-10-17 22:35:23.539,107006.01,0.00183,195.82099829999999
2025-10-17 22:35:24.085,107006.01,5e-05,5.3503005
2025-10-17 22:35:24.382,107006.01,8e-05,8.5604808
2025-10-17 22:35:25.154,107006.0,9e-05,9.63054
2025-10-17 22:35:25.376,107006.01,9e-05,9.6305409
2025-10-17 22:35:25.658,107006.01,8e-05,8.5604808
2025-10-17 22:35:25.721,107006.0,0.00017,18.19102
2025-10-17 22:35:25.923,107006.01,8e-05,8.5604808
2025-10-17 22:35:26.778,107006.01,1.66193,177836.49819929997
2025-10-17 22:35:27.530,107006.01,0.00054,57.7832454
2025-10-17 22:35:28.525,107006.01,0.00024,25.681442399999998
2025-10-17 22:35:29.028,107006.0,8e-05,8.56048
2025-10-17 22:35:29.644,107006.0,0.00114,121.98684
2025-10-17 22:35:30.120,107006.01,0.0001,10.700601
2025-10-17 22:35:30.133,107006.01,8e-05,8.5604808
2025-10-17 22:35:30.185,107006.0,0.0019,203.3114
2025-10-17 22:35:30.911,107006.01,0.00307,328.50845069999997
2025-10-17 22:35:31.545,107006.0,0.00274,293.19644
2025-10-17 22:35:31.588,107006.0,7e-05,7.490419999999999
2025-10-17 22:35:31.611,107006.01,0.00605,647.3863604999999
2025-10-17 22:35:33.633,107006.01,0.0001,10.700601
2025-10-17 22:35:33.941,107006.0,0.0013,139.1078
2025-10-17 22:35:33.962,107006.0,0.0236,2525.3415999999997
2025-10-17 22:35:33.969,107006.0,0.00526,562.85156
2025-10-17 22:35:33.979,107006.0,0.00251,268.58506
2025-10-17 22:35:33.983,107006.0,0.01968,2105.87808
2025-10-17 22:35:33.985,107006.0,0.00184,196.89104
2025-10-17 22:35:33.989,107006.0,0.003,321.01800000000003
2025-10-17 22:35:34.053,107006.0,0.00242,258.95452
2025-10-17 22:35:34.079,107006.0,0.07189,7692.66134
2025-10-17 22:35:34.402,107006.0,0.00665,711.5899
2025-10-17 22:35:34.449,107006.0,0.00324,346.69944
2025-10-17 22:35:34.806,107006.0,0.00013,13.910779999999999
2025-10-17 22:35:35.220,107006.01,8e-05,8.5604808
2025-10-17 22:35:35.863,107006.0,9e-05,9.63054
2025-10-17 22:35:36.029,107006.0,0.012,1284.0720000000001
2025-10-17 22:35:36.080,107006.0,0.00468,500.78808000000004
2025-10-17 22:35:36.461,107006.01,0.00055,58.8533055
2025-10-17 22:35:36.612,107006.0,0.00233,249.32398
2025-10-17 22:35:37.240,107006.01,0.00018,19.2610818
2025-10-17 22:35:37.376,107006.0,0.00468,500.78808000000004
2025-10-17 22:35:37.500,107006.0,0.012,1284.0720000000001
2025-10-17 22:35:37.943,107006.0,0.00011,11.770660000000001
2025-10-17 22:35:38.119,107006.0,0.012,1284.0720000000001
2025-10-17 22:35:39.022,107006.0,9e-05,9.63054
2025-10-17 22:35:39.204,107006.0,0.00041,43.87246
2025-10-17 22:35:39.332,107006.01,0.00121,129.4772721
2025-10-17 22:35:39.613,107006.01,0.0002,21.401202
2025-10-17 22:35:40.001,107006.0,0.00868,928.81208
2025-10-17 22:35:40.225,107006.0,0.00752,804.68512
2025-10-17 22:35:40.485,107006.0,0.00047,50.29282
2025-10-17 22:35:41.736,107006.01,0.00019,20.3311419
2025-10-17 22:35:42.068,107006.01,0.00047,50.2928247
2025-10-17 22:35:42.292,107006.01,0.00094,100.5856494
2025-10-17 22:35:42.804,107006.01,0.00368,393.7821168
2025-10-17 22:35:43.011,107006.0,0.0081,866.7485999999999
2025-10-17 22:35:43.203,107006.0,0.00471,503.99825999999996
2025-10-17 22:35:43.206,107006.0,0.01727,1847.99362
2025-10-17 22:35:43.208,107006.0,0.0277,2964.0661999999998
2025-10-17 22:35:43.212,107006.0,0.06421,6870.85526
2025-10-17 22:35:43.217,107006.0,0.0108,1155.6648
2025-10-17 22:35:43.223,107006.0,0.01225,1310.8235
2025-10-17 22:35:43.229,107006.0,0.01021,1092.53126
2025-10-17 22:35:43.236,107006.0,0.0149,1594.3894
2025-10-17 22:35:43.254,107006.0,0.02694,2882.7416399999997
2025-10-17 22:35:43.262,107006.0,0.01053,1126.77318
2025-10-17 22:35:43.414,107006.0,0.0077,823.9462
2025-10-17 22:35:43.832,107006.01,0.01068,1142.8241868
2025-10-17 22:35:44.014,107006.01,0.00065,69.5539065
2025-10-17 22:35:44.039,107006.0,0.00214,228.99284
2025-10-17 22:35:44.743,107006.0,0.26334,28178.96004
2025-10-17 22:35:44.755,107006.0,0.0126,1348.2756
2025-10-17 22:35:44.761,107006.0,0.0113,1209.1678
2025-10-17 22:35:44.767,107006.0,0.0252,2696.5512
2025-10-17 22:35:44.773,107006.0,0.0113,1209.1678
2025-10-17 22:35:44.780,107006.0,0.0084,898.8503999999999
2025-10-17 22:35:44.781,107006.0,0.00263,281.42578
2025-10-17 22:35:44.828,107005.57,0.0057,609.9317490000001
2025-10-17 22:35:44.834,107005.57,0.00736,787.5609952000001
2025-10-17 22:35:44.865,107005.57,0.02526,2702.9606982000005
2025-10-17 22:35:44.871,107005.57,0.02802,2998.2960714
2025-10-17 22:35:44.969,107005.57,0.0252,2696.5403640000004
2025-10-17 22:35:44.976,107005.57,0.02802,2998.2960714
2025-10-17 22:35:44.982,107005.57,0.02609,2791.7753213
2025-10-17 22:35:45.153,107005.57,0.0024,256.81336799999997
2025-10-17 22:35:45.182,107005.57,0.00047,50.2926179
2025-10-17 22:35:45.412,107005.58,0.00047,50.2926226
2025-10-17 22:35:45.662,107005.58,8e-05,8.5604464
2025-10-17 22:35:45.847,107005.57,9e-05,9.6305013
2025-10-17 22:35:46.021,107005.57,0.0252,2696.5403640000004
2025-10-17 22:35:46.028,107005.57,0.0252,2696.5403640000004
2025-10-17 22:35:46.034,107005.57,0.0029,310.316153
2025-10-17 22:35:46.041,107005.57,0.00527,563.9193539
2025-10-17 22:35:46.048,107005.57,0.0066,706.236762
2025-10-17 22:35:46.055,107005.57,0.0058,620.632306
2025-10-17 22:35:46.064,107005.57,0.0041,438.7228370000001
2025-10-17 22:35:46.070,107005.57,0.0031,331.717267
2025-10-17 22:35:46.217,107005.57,0.00717,767.2299369000001
2025-10-17 22:35:46.221,107005.57,0.01317,1409.2633569
2025-10-17 22:35:46.231,107005.57,0.0043,460.12395100000003
2025-10-17 22:35:46.419,107005.57,0.00211,225.7817527
2025-10-17 22:35:46.427,107005.57,0.003,321.01671000000005
2025-10-17 22:35:46.639,107005.57,0.00529,566.0594653
2025-10-17 22:35:46.647,107005.57,0.01084,1159.9403788000002
2025-10-17 22:35:46.716,107005.58,0.00013,13.910725399999999
2025-10-17 22:35:46.750,107005.57,0.01678,1795.5534646
2025-10-17 22:35:46.752,107005.57,0.01429,1529.1095953000001
2025-10-17 22:35:46.753,107005.57,0.02034,2176.4932938
2025-10-17 22:35:46.754,107005.57,0.01134,1213.4431638
2025-10-17 22:35:46.755,107005.57,0.01786,1911.1194802000002
2025-10-17 22:35:46.757,107005.57,0.01706,1825.5150242
2025-10-17 22:35:46.758,107005.57,0.00194,207.59080580000003
2025-10-17 22:35:46.759,107005.57,0.00604,646.3136428
2025-10-17 22:35:46.760,107005.56,0.00095,101.655282
2025-10-17 22:35:46.761,107004.16,5e-05,5.350208
2025-10-17 22:35:46.762,107003.08,5e-05,5.350154000000001
2025-10-17 22:35:46.763,107002.86,0.00604,646.2972744
2025-10-17 22:35:46.771,107002.86,0.01141,1220.9026326
2025-10-17 22:35:46.772,107002.86,0.0009,96.30257399999999
2025-10-17 22:35:46.773,107002.0,0.0008,85.6016
2025-10-17 22:35:46.777,107000.41,0.0008,85.600328
2025-10-17 22:35:46.887,107000.41,0.012,1284.00492
2025-10-17 22:35:46.905,107000.41,0.0357,3819.9146370000003
2025-10-17 22:35:46.935,107000.41,0.0248,2653.610168
2025-10-17 22:35:46.941,107000.41,0.01018,1089.2641738
2025-10-17 22:35:47.100,107000.41,0.0175,1872.5071750000002
2025-10-17 22:35:47.104,107000.41,0.0248,2653.610168
2025-10-17 22:35:47.113,107000.41,0.01864,1994.4876424000001
2025-10-17 22:35:47.120,107000.41,0.0101,1080.704141
2025-10-17 22:35:47.126,107000.41,0.0087,930.903567
2025-10-17 22:35:47.141,107000.41,0.0014,149.800574
2025-10-17 22:35:47.226,107000.41,0.02802,2998.1514882
2025-10-17 22:35:47.247,107000.41,0.0005,53.500205
2025-10-17 22:35:47.253,107000.41,0.02802,2998.1514882
2025-10-17 22:35:48.011,107000.41,0.012,1284.00492
2025-10-17 22:35:48.199,107000.42,0.02439,2609.7402438
2025-10-17 22:35:48.331,107000.41,0.00117,125.19047970000001
2025-10-17 22:35:48.583,107000.41,0.00049,52.4302009
2025-10-17 22:35:48.718,107000.41,0.00293,313.5112013
2025-10-17 22:35:48.863,107000.42,8e-05,8.5600336
2025-10-17 22:35:48.905,107000.42,0.00037,39.5901554
2025-10-17 22:35:48.910,107000.42,0.00172,184.0407224
2025-10-17 22:35:49.071,107000.42,0.00054,57.7802268
2025-10-17 22:35:49.835,107000.42,8e-05,8.5600336
2025-10-17 22:35:50.085,107000.42,8e-05,8.5600336
2025-10-17 22:35:51.117,107000.42,0.03431,3671.1844102
2025-10-17 22:35:51.119,107000.42,0.25173,26935.2157266
2025-10-17 22:35:51.933,107000.41,0.00068,72.76027880000001
2025-10-17 22:35:52.523,107000.42,0.00357,381.99149939999995
2025-10-17 22:35:52.540,107000.41,0.0287,3070.911767
2025-10-17 22:35:52.824,107000.41,0.0248,2653.610168
2025-10-17 22:35:53.199,107000.41,0.002,214.00082
2025-10-17 22:35:53.346,107000.42,0.00093,99.51039060000001
2025-10-17 22:35:53.523,107000.41,0.00323,345.6113243
2025-10-17 22:35:53.744,107000.41,0.0019,203.300779
2025-10-17 22:35:53.959,107000.41,0.00192,205.44078720000002
2025-10-17 22:35:54.169,107000.41,0.00239,255.73097990000002
2025-10-17 22:35:54.170,107000.41,8e-05,8.5600328
2025-10-17 22:35:54.171,107000.41,0.0286,3060.211726
2025-10-17 22:35:54.753,107000.41,0.0288,3081.611808
2025-10-17 22:35:55.003,107000.41,9e-05,9.6300369
2025-10-17 22:35:55.006,107000.41,0.00642,686.9426322
2025-10-17 22:35:55.230,107000.42,0.00101,108.0704242
2025-10-17 22:35:55.740,107000.42,0.00471,503.97197819999997
2025-10-17 22:35:55.931,107000.42,0.00092,98.44038640000001
2025-10-17 22:35:56.245,107000.42,0.00026,27.820109199999997
2025-10-17 22:35:56.251,107000.41,0.0101,1080.704141
2025-10-17 22:35:56.293,107000.41,0.0248,2653.610168
2025-10-17 22:35:56.302,107000.41,0.02802,2998.1514882
2025-10-17 22:35:56.313,107000.41,0.02802,2998.1514882
2025-10-17 22:35:56.319,107000.41,0.01005,1075.3541205000001
2025-10-17 22:35:56.325,107000.41,0.01029,1101.0342189
2025-10-17 22:35:56.331,107000.41,0.02139,2288.7387699
2025-10-17 22:35:56.359,107000.42,8e-05,8.5600336
2025-10-17 22:35:56.513,107000.41,0.00042,44.940172200000006
2025-10-17 22:35:56.519,107000.42,8e-05,8.5600336
2025-10-17 22:35:56.528,107000.42,8e-05,8.5600336
2025-10-17 22:35:56.751,107000.41,0.0186,1990.207626
2025-10-17 22:35:57.060,107000.41,0.00822,879.5433702
2025-10-17 22:35:58.509,107000.41,9e-05,9.6300369
2025-10-17 22:35:58.750,107000.41,0.0279,2985.311439
2025-10-17 22:35:58.765,107000.41,0.0248,2653.610168
2025-10-17 22:35:58.767,107000.41,0.16653,17818.778277300004
2025-10-17 22:35:58.772,107000.41,0.00332,355.24136120000003
2025-10-17 22:35:58.779,107000.41,0.00658,704.0626978
2025-10-17 22:35:58.785,107000.41,0.00969,1036.8339729000002
2025-10-17 22:35:58.791,107000.41,0.00558,597.0622878
2025-10-17 22:35:58.793,107000.41,5e-05,5.3500205
2025-10-17 22:35:58.799,107000.4,0.00529,566.032116
2025-10-17 22:35:58.938,107000.4,0.02802,2998.1512079999998
2025-10-17 22:35:58.944,107000.4,0.02802,2998.1512079999998
2025-10-17 22:35:59.008,107000.4,0.0079,845.30316
2025-10-17 22:35:59.105,107000.4,0.01714,1833.9868559999998
2025-10-17 22:35:59.106,107000.4,0.00615,658.05246
2025-10-17 22:35:59.107,107000.4,0.02731,2922.180924
2025-10-17 22:35:59.111,107000.4,0.03853,4122.725412
2025-10-17 22:35:59.120,107000.4,0.0158,1690.60632
2025-10-17 22:35:59.122,107000.4,0.02673,2860.120692
2025-10-17 22:35:59.124,107000.4,0.00268,286.761072
2025-10-17 22:35:59.125,107000.4,0.04233,4529.326932
2025-10-17 22:35:59.126,106986.75,6e-05,6.419205
2025-10-17 22:35:59.132,106982.27,6e-05,6.4189362
2025-10-17 22:35:59.146,106982.27,0.0002,21.396454000000002
2025-10-17 22:35:59.151,106982.27,0.012,1283.78724
2025-10-17 22:35:59.152,106982.27,0.012,1283.78724
2025-10-17 22:35:59.160,106982.27,0.00915,978.8877705000001
2025-10-17 22:35:59.192,106982.28,0.003,320.94684
2025-10-17 22:35:59.382,106982.27,0.0187,2000.5684490000003
2025-10-17 22:35:59.570,106982.27,0.0014,149.775178
2025-10-17 22:35:59.592,106982.27,0.00025,26.7455675
2025-10-17 22:35:59.792,106982.27,0.00058,62.0497166
2025-10-17 22:35:59.938,106982.28,0.00105,112.33139399999999
2025-10-17 22:36:00.712,106982.28,0.00038,40.6532664
2025-10-17 22:36:00.862,106982.27,6e-05,6.4189362
2025-10-17 22:36:01.740,106982.28,0.00081,86.6556468
2025-10-17 22:36:01.891,106982.27,0.012,1283.78724
2025-10-17 22:36:01.892,106982.27,0.012,1283.78724
2025-10-17 22:36:01.895,106982.27,0.012,1283.78724
2025-10-17 22:36:01.936,106982.28,0.00013,13.907696399999999
2025-10-17 22:36:01.999,106982.28,0.00186,198.98704080000002
2025-10-17 22:36:02.270,106982.28,8e-05,8.5585824
2025-10-17 22:36:02.414,106982.27,0.00018,19.256808600000003
2025-10-17 22:36:02.594,106982.27,0.0284,3038.2964680000005
2025-10-17 22:36:03.310,106982.27,0.00023,24.6059221
2025-10-17 22:36:03.610,106982.28,0.00094,100.56334319999999
2025-10-17 22:36:03.742,106982.28,0.00108,115.5408624
2025-10-17 22:36:03.824,106982.28,0.00099,105.91245719999999
2025-10-17 22:36:04.143,106982.27,0.18685,19989.6371495
2025-10-17 22:36:04.146,106980.02,0.01198,1281.6206396
2025-10-17 22:36:04.148,106980.02,0.53912,57675.06838240001
2025-10-17 22:36:04.149,106980.02,0.2548,27258.509096000005
2025-10-17 22:36:04.150,106980.02,0.09105,9740.530821
2025-10-17 22:36:04.151,106980.02,0.75444,80710.00628880001
2025-10-17 22:36:04.152,106980.02,0.21746,23263.8751492
2025-10-17 22:36:04.153,106980.02,0.0082,877.2361640000001
2025-10-17 22:36:04.154,106980.02,0.35916,38422.9439832
2025-10-17 22:36:04.155,106980.02,0.02596,2777.2013192
2025-10-17 22:36:04.158,106980.02,0.00969,1036.6363938000002
2025-10-17 22:36:04.159,106980.02,0.012,1283.76024
2025-10-17 22:36:04.161,106980.02,0.012,1283.76024
2025-10-17 22:36:04.163,106980.02,0.33316,35641.4634632
2025-10-17 22:36:04.164,106980.01,0.00105,112.32901049999998
2025-10-17 22:36:04.167,106980.0,0.00147,157.26059999999998
2025-10-17 22:36:04.168,106979.65,0.00969,1036.6328085
2025-10-17 22:36:04.169,106979.65,0.00787,841.9298454999999
2025-10-17 22:36:04.186,106979.65,0.0238,2546.11567
2025-10-17 22:36:04.189,106976.26,0.00538,575.5322788
2025-10-17 22:36:04.194,106976.26,0.01685,1802.549981
2025-10-17 22:36:04.195,106976.26,0.00934,999.1582683999999
2025-10-17 22:36:04.204,106976.26,0.21858,23382.8709108
2025-10-17 22:36:04.206,106975.86,0.00506,541.2978516000001
2025-10-17 22:36:04.208,106975.86,0.0014,149.766204
2025-10-17 22:36:04.211,106974.73,0.0001,10.697473
2025-10-17 22:36:04.212,106973.59,8e-05,8.5578872
2025-10-17 22:36:04.214,106973.47,0.00092,98.41559240000001
2025-10-17 22:36:04.230,106973.47,0.00047,50.2775309
2025-10-17 22:36:04.265,106973.46,0.00145,155.111517
2025-10-17 22:36:04.270,106972.0,0.00335,358.3562
2025-10-17 22:36:04.272,106972.0,0.00035,37.4402
2025-10-17 22:36:04.274,106970.5,6e-05,6.41823
2025-10-17 22:36:04.276,106970.31,0.00024,25.6728744
2025-10-17 22:36:04.283,106969.06,0.0004,42.787624
2025-10-17 22:36:04.284,106965.05,0.00239,255.64646950000002
2025-10-17 22:36:04.291,106964.0,0.00051,54.551640000000006
2025-10-17 22:36:04.321,106964.0,0.00216,231.04224
2025-10-17 22:36:04.322,106964.0,0.00124,132.63536
2025-10-17 22:36:04.336,106963.33,0.00073,78.0832309
2025-10-17 22:36:04.381,106960.99,6e-05,6.417659400000001
2025-10-17 22:36:04.511,106960.0,0.00224,239.5904
2025-10-17 22:36:04.541,106959.99,0.0019,203.223981
2025-10-17 22:36:04.615,106958.69,5e-05,5.3479345
2025-10-17 22:36:04.734,106958.3,0.0015,160.43745
2025-10-17 22:36:04.735,106958.29,0.00139,148.6720231
2025-10-17 22:36:04.748,106958.05,0.00164,175.411202
2025-10-17 22:36:04.756,106958.01,0.00093,99.4709493
2025-10-17 22:36:05.081,106958.01,0.019,2032.2021899999997
2025-10-17 22:36:05.303,106958.01,8e-05,8.5566408
2025-10-17 22:36:05.491,106958.01,0.00015,16.043701499999997
2025-10-17 22:36:06.036,106958.0,0.012,1283.496
2025-10-17 22:36:06.037,106958.0,0.012,1283.496
2025-10-17 22:36:06.038,106958.0,0.012,1283.496
2025-10-17 22:36:06.560,106958.01,0.00047,50.2702647
2025-10-17 22:36:06.587,106958.0,7e-05,7.48706
2025-10-17 22:36:06.730,106958.01,9e-05,9.6262209
2025-10-17 22:36:06.914,106958.0,0.01034,1105.94572
2025-10-17 22:36:06.932,106958.01,0.00227,242.79468269999998
2025-10-17 22:36:07.187,106958.01,0.00235,251.3513235
2025-10-17 22:36:07.540,106958.0,7e-05,7.48706
2025-10-17 22:36:07.805,106958.01,0.00018,19.2524418
2025-10-17 22:36:08.298,106958.01,7e-05,7.487060699999999
2025-10-17 22:36:08.533,106958.0,0.00015,16.043699999999998
2025-10-17 22:36:08.702,106954.25,0.00079,84.4938575
2025-10-17 22:36:08.703,106947.03,0.0187,1999.9094610000002
2025-10-17 22:36:08.708,106946.89,0.03697,3953.8265233
2025-10-17 22:36:08.709,106945.2,0.00023,24.597396
2025-10-17 22:36:08.711,106945.19,0.012,1283.34228
2025-10-17 22:36:09.468,106945.19,0.012,1283.34228
2025-10-17 22:36:09.904,106945.19,0.012,1283.34228
2025-10-17 22:36:10.033,106945.19,0.012,1283.34228
2025-10-17 22:36:10.037,106945.19,0.012,1283.34228
2025-10-17 22:36:10.255,106945.19,8e-05,8.5556152
2025-10-17 22:36:10.324,106945.19,9e-05,9.6250671
2025-10-17 22:36:10.456,106945.19,0.00232,248.11284080000001
2025-10-17 22:36:10.529,106945.2,8e-05,8.555616
2025-10-17 22:36:10.650,106945.2,0.00235,251.32122
2025-10-17 22:36:10.747,106945.2,0.00098,104.80629599999999
2025-10-17 22:36:11.141,106945.2,0.00047,50.264244
2025-10-17 22:36:11.248,106945.2,0.00015,16.04178
2025-10-17 22:36:11.362,106945.19,9e-05,9.6250671
2025-10-17 22:36:11.403,106945.19,0.012,1283.34228
2025-10-17 22:36:11.404,106945.19,0.012,1283.34228
2025-10-17 22:36:11.530,106945.2,0.00015,16.04178
2025-10-17 22:36:11.780,106945.2,0.00015,16.04178
2025-10-17 22:36:12.125,106945.2,8e-05,8.555616
2025-10-17 22:36:12.176,106945.19,0.00047,50.2642393
2025-10-17 22:36:13.495,106945.19,0.00048,51.333691200000004
2025-10-17 22:36:13.499,106945.19,0.00087,93.0423153
2025-10-17 22:36:13.753,106945.19,7e-05,7.486163299999999
2025-10-17 22:36:13.902,106945.2,5e-05,5.34726
2025-10-17 22:36:14.233,106945.2,9e-05,9.625068
2025-10-17 22:36:14.418,106945.2,0.00093,99.459036
2025-10-17 22:36:14.697,106945.2,0.01601,1712.192652
2025-10-17 22:36:15.519,106945.19,0.00047,50.2642393
2025-10-17 22:36:15.778,106945.2,9e-05,9.625068
2025-10-17 22:36:15.832,106945.2,0.00083,88.764516
2025-10-17 22:36:15.932,106945.19,0.00017,18.1806823
2025-10-17 22:36:15.984,106945.2,8e-05,8.555616
2025-10-17 22:36:16.448,106945.2,0.00015,16.04178
2025-10-17 22:36:16.605,106945.2,0.00049,52.403147999999995
2025-10-17 22:36:16.913,106945.19,0.00345,368.9609055
2025-10-17 22:36:16.947,106945.2,0.00015,16.04178
2025-10-17 22:36:17.394,106945.2,0.00015,16.04178
2025-10-17 22:36:17.818,106945.2,0.00015,16.04178
2025-10-17 22:36:18.039,106945.2,0.00094,100.528488
2025-10-17 22:36:18.196,106945.19,0.00935,999.9375265000001
2025-10-17 22:36:18.337,106945.2,0.00736,787.116672
2025-10-17 22:36:18.392,106945.2,0.00075,80.2089
2025-10-17 22:36:18.480,106945.19,0.00011,11.7639709
2025-10-17 22:36:18.552,106945.19,7e-05,7.486163299999999
2025-10-17 22:36:18.625,106945.19,7e-05,7.486163299999999
2025-10-17 22:36:18.832,106945.19,0.00048,51.333691200000004
2025-10-17 22:36:19.118,106945.2,0.00047,50.264244
2025-10-17 22:36:19.580,106945.2,0.0001,10.69452
2025-10-17 22:36:19.597,106945.2,5e-05,5.34726
2025-10-17 22:36:19.647,106945.2,0.00015,16.04178
2025-10-17 22:36:19.749,106945.2,0.00019,20.319588
2025-10-17 22:36:20.022,106945.19,7e-05,7.486163299999999
2025-10-17 22:36:20.490,106945.2,0.1198,12812.03496
2025-10-17 22:36:20.491,106945.54,0.0001,10.694554
2025-10-17 22:36:20.493,106946.0,0.00015,16.0419
2025-10-17 22:36:20.495,106946.27,0.0001,10.694627
2025-10-17 22:36:20.496,106946.65,0.1498,16020.608169999998
2025-10-17 22:36:20.497,106946.65,0.16546,17695.392709
2025-10-17 22:36:20.500,106946.65,0.09369,10019.8316385
2025-10-17 22:36:20.503,106946.88,0.00019,20.319907200000003
2025-10-17 22:36:20.510,106948.03,0.00715,764.6784145
2025-10-17 22:36:20.514,106948.03,0.01888,2019.1788064
2025-10-17 22:36:20.520,106948.64,0.00015,16.042295999999997
2025-10-17 22:36:20.522,106951.61,0.00551,589.3033711
2025-10-17 22:36:20.550,106951.61,0.00146,156.1493506
2025-10-17 22:36:20.568,106954.25,0.0022,235.29935
2025-10-17 22:36:20.576,106954.85,0.00205,219.25744250000002
2025-10-17 22:36:21.046,106955.9,0.00373,398.94550699999996
2025-10-17 22:36:22.316,106955.9,0.0001,10.69559
2025-10-17 22:36:22.334,106955.9,0.00094,100.538546
2025-10-17 22:36:22.348,106955.9,8e-05,8.556472
2025-10-17 22:36:22.432,106955.9,0.00094,100.538546
2025-10-17 22:36:22.519,106955.9,0.0001,10.69559
2025-10-17 22:36:22.597,106955.9,0.00307,328.354613
2025-10-17 22:36:22.615,106956.32,0.0027,288.78206400000005
2025-10-17 22:36:22.718,106956.33,0.00094,100.5389502
2025-10-17 22:36:22.720,106956.33,0.0081,866.346273
2025-10-17 22:36:23.093,106956.33,0.00046,49.1999118
2025-10-17 22:36:23.242,106956.33,0.00112,119.79108959999999
2025-10-17 22:36:23.920,106956.32,0.00014,14.9738848
2025-10-17 22:36:25.111,106956.32,7e-05,7.4869424
2025-10-17 22:36:25.672,106956.33,0.00048,51.3390384
2025-10-17 22:36:25.679,106956.33,0.0001,10.695633
2025-10-17 22:36:25.858,106956.32,0.004,427.82528
2025-10-17 22:36:26.058,106956.33,0.00168,179.6866344
2025-10-17 22:36:26.251,106956.32,7e-05,7.4869424
2025-10-17 22:36:26.277,106956.33,4e-05,4.2782532
2025-10-17 22:36:26.576,106956.33,0.00079,84.49550070000001
2025-10-17 22:36:26.577,106956.64,0.03313,3543.4734832
2025-10-17 22:36:26.578,106956.64,5e-05,5.347832
2025-10-17 22:36:26.580,106958.3,0.00031,33.157073000000004
2025-10-17 22:36:26.587,106959.72,5e-05,5.347986000000001
2025-10-17 22:36:26.595,106962.09,8e-05,8.5569672
2025-10-17 22:36:26.598,106962.08,0.0001,10.696208
2025-10-17 22:36:26.627,106962.28,0.00029,31.0190612
2025-10-17 22:36:26.881,106962.27,0.00013,13.905095099999999
2025-10-17 22:36:27.148,106962.28,0.00859,918.8059852
2025-10-17 22:36:27.211,106962.27,0.00128,136.9117056
2025-10-17 22:36:27.969,106962.27,0.00192,205.3675584
2025-10-17 22:36:28.054,106962.28,0.00265,283.450042
2025-10-17 22:36:28.072,106965.74,0.00015,16.044861
2025-10-17 22:36:29.121,106965.74,0.00966,1033.2890484000002
2025-10-17 22:36:29.938,106965.75,0.03862,4131.017265
2025-10-17 22:36:30.111,106965.75,0.00247,264.2054025
2025-10-17 22:36:30.157,106965.75,8e-05,8.557260000000001
2025-10-17 22:36:30.782,106965.74,0.00017,18.184175800000002
2025-10-17 22:36:30.948,106965.75,0.02643,2827.1047725
2025-10-17 22:36:31.092,106965.75,0.00206,220.34944500000003
2025-10-17 22:36:31.237,106965.74,0.04745,5075.524363
2025-10-17 22:36:31.419,106965.74,0.00014,14.975203599999999
2025-10-17 22:36:31.805,106965.77,0.0001,10.696577000000001
2025-10-17 22:36:31.808,106966.77,0.00015,16.045015499999998
2025-10-17 22:36:31.809,106967.02,0.00778,832.2034156
2025-10-17 22:36:31.812,106968.0,0.00809,865.37112
2025-10-17 22:36:31.820,106968.71,0.0038,406.48109800000003
2025-10-17 22:36:31.825,106968.71,0.0003,32.090613
2025-10-17 22:36:31.830,106972.17,0.0001,10.697217
2025-10-17 22:36:31.947,106973.45,0.00336,359.430792
2025-10-17 22:36:32.039,106973.46,0.00251,268.5033846
2025-10-17 22:36:32.134,106973.47,0.00325,347.6637775
2025-10-17 22:36:32.224,106973.48,0.00202,216.0864296
2025-10-17 22:36:32.324,106973.49,0.0022,235.34167800000003
2025-10-17 22:36:32.417,106973.5,0.00205,219.29567500000002
2025-10-17 22:36:32.526,106973.51,0.002,213.94701999999998
2025-10-17 22:36:32.603,106973.52,0.00018,19.2552336
2025-10-17 22:36:32.606,106973.52,9e-05,9.6276168
2025-10-17 22:36:32.622,106973.52,0.00159,170.0878968
2025-10-17 22:36:33.516,106973.54,0.0039,417.196806
2025-10-17 22:36:33.948,106973.53,8e-05,8.5578824
2025-10-17 22:36:34.305,106973.53,0.00012,12.8368236
2025-10-17 22:36:34.452,106973.53,0.00138,147.6234714
2025-10-17 22:36:34.591,106973.54,0.00467,499.5664317999999
2025-10-17 22:36:35.911,106973.54,0.00025,26.743385
2025-10-17 22:36:36.375,106973.53,0.00025,26.7433825
2025-10-17 22:36:37.016,106973.54,6e-05,6.418412399999999
2025-10-17 22:36:37.261,106973.54,9e-05,9.6276186
2025-10-17 22:36:37.639,106973.54,0.00028,29.952591199999997
2025-10-17 22:36:38.494,106973.53,0.012,1283.68236
2025-10-17 22:36:38.498,106973.53,0.012,1283.68236
2025-10-17 22:36:38.508,106973.53,0.02802,2997.3983106
2025-10-17 22:36:38.520,106973.53,0.03332,3564.3580196000003
2025-10-17 22:36:38.526,106973.44,0.16875,18051.768
2025-10-17 22:36:38.528,106971.86,0.00015,16.045779
2025-10-17 22:36:38.647,106971.86,9e-05,9.6274674
2025-10-17 22:36:38.851,106965.44,0.00566,605.4243904
2025-10-17 22:36:39.550,106964.1,7e-05,7.487487
2025-10-17 22:36:39.598,106964.11,0.00092,98.4069812
2025-10-17 22:36:40.950,106964.1,0.00105,112.312305
2025-10-17 22:36:41.250,106964.1,0.00047,50.273127
2025-10-17 22:36:41.789,106964.1,0.00213,227.83353300000002
2025-10-17 22:36:41.915,106964.1,0.00235,251.36563500000003
2025-10-17 22:36:43.577,106964.11,5e-05,5.348205500000001
2025-10-17 22:36:44.271,106964.11,0.03438,3677.4261018
2025-10-17 22:36:44.704,106964.11,0.00093,99.4766223
2025-10-17 22:36:45.517,106964.11,0.00244,260.9924284
2025-10-17 22:36:45.857,106964.11,0.00028,29.949950799999996
2025-10-17 22:36:47.077,106964.1,4e-05,4.278564
2025-10-17 22:36:47.142,106964.1,0.00059,63.108819000000004
2025-10-17 22:36:48.561,106964.1,8e-05,8.557128
2025-10-17 22:36:48.579,106964.11,0.007,748.74877
2025-10-17 22:36:48.580,106964.11,0.07347,7858.653161699999
2025-10-17 22:36:48.582,106965.43,5e-05,5.3482715
2025-10-17 22:36:48.586,106965.76,0.0001,10.696576
2025-10-17 22:36:48.587,106967.13,0.00015,16.0450695
2025-10-17 22:36:48.592,106968.38,0.00389,416.1069982
2025-10-17 22:36:48.640,106970.33,0.0012,128.364396
2025-10-17 22:36:48.645,106970.53,0.0001,10.697053
2025-10-17 22:36:48.649,106971.14,0.0009,96.27402599999999
2025-10-17 22:36:49.237,106979.91,0.00401,428.98943909999997
2025-10-17 22:36:49.364,106979.9,0.00233,249.26316699999998
2025-10-17 22:36:49.988,106979.91,4e-05,4.279196400000001
2025-10-17 22:36:50.547,106979.91,0.00739,790.5815349000001
2025-10-17 22:36:51.544,106979.91,8e-05,8.558392800000002
2025-10-17 22:36:51.719,106979.9,8e-05,8.558392
2025-10-17 22:36:51.970,106980.39,0.03302,3532.4924778
2025-10-17 22:36:51.977,106981.22,5e-05,5.349061000000001
2025-10-17 22:36:51.991,106982.28,0.00272,290.99180160000003
2025-10-17 22:36:52.014,106982.28,0.00017,18.186987600000002
2025-10-17 22:36:52.185,106982.7,0.00935,1000.2882450000001
2025-10-17 22:36:52.217,106982.7,0.00039,41.723253
2025-10-17 22:36:52.267,106982.7,0.01815,1941.736005
2025-10-17 22:36:52.268,106982.7,0.01815,1941.736005
2025-10-17 22:36:52.598,106983.5,6e-05,6.41901
2025-10-17 22:36:52.683,106983.76,0.00024,25.676102399999998
2025-10-17 22:36:52.976,106983.76,0.02829,3026.5705703999997
2025-10-17 22:36:53.155,106983.77,0.00039,41.7236703
2025-10-17 22:36:53.557,106983.76,0.00035,37.444316
2025-10-17 22:36:54.158,106983.77,0.00017,18.187240900000003
2025-10-17 22:36:55.183,106982.69,0.22869,24465.8713761
2025-10-17 22:36:55.184,106981.75,0.04103,4389.4612025
2025-10-17 22:36:55.185,106970.5,6e-05,6.41823
2025-10-17 22:36:55.187,106965.43,5e-05,5.3482715
2025-10-17 22:36:55.188,106962.79,0.0001,10.696279
2025-10-17 22:36:55.189,106962.79,0.0038,406.458602
2025-10-17 22:36:55.190,106944.14,0.3825,40906.13355
2025-10-17 22:36:55.195,106938.45,0.03925,4197.3341625
2025-10-17 22:36:55.201,106936.0,0.00642,686.52912
2025-10-17 22:36:55.204,106932.05,0.00085,90.8922425
2025-10-17 22:36:55.206,106926.65,0.07939,8488.9067435
2025-10-17 22:36:55.207,106925.44,0.08,8554.0352
2025-10-17 22:36:55.209,106925.44,0.012,1283.10528
2025-10-17 22:36:55.210,106925.44,0.003,320.77632
2025-10-17 22:36:55.217,106925.44,0.072,7698.6316799999995
2025-10-17 22:36:55.221,106918.0,6e-05,6.415080000000001
2025-10-17 22:36:55.224,106917.04,0.01567,1675.3900167999998
2025-10-17 22:36:55.228,106915.83,5e-05,5.345791500000001
2025-10-17 22:36:55.229,106914.72,0.01308,1398.4445375999999
2025-10-17 22:36:55.236,106917.12,0.012,1283.00544
2025-10-17 22:36:55.237,106917.12,0.00373,398.8008576
2025-10-17 22:36:55.240,106931.17,0.0019,203.169223
2025-10-17 22:36:55.244,106929.25,0.0001,10.692925
2025-10-17 22:36:55.252,106928.91,0.00713,762.4031283
2025-10-17 22:36:55.254,106928.83,0.0077,823.351991
2025-10-17 22:36:55.260,106929.57,0.00272,290.84843040000004
2025-10-17 22:36:55.282,106928.83,6e-05,6.4157298
2025-10-17 22:36:55.284,106928.83,0.02796,2989.7300867999998
2025-10-17 22:36:55.294,106925.45,0.304,32505.336799999997
2025-10-17 22:36:55.300,106931.0,0.0002,21.386200000000002
2025-10-17 22:36:55.311,106925.44,0.00989,1057.4926016
2025-10-17 22:36:55.333,106918.54,9e-05,9.6226686
2025-10-17 22:36:55.334,106918.54,0.001,106.91854
2025-10-17 22:36:55.335,106918.54,0.024,2566.0449599999997
2025-10-17 22:36:55.336,106918.54,0.00935,999.688349
2025-10-17 22:36:55.338,106928.83,0.054,5774.15682
2025-10-17 22:36:55.343,106928.83,0.001,106.92883
2025-10-17 22:36:55.346,106928.83,0.001,106.92883
2025-10-17 22:36:55.348,106928.83,0.079,8447.37757
2025-10-17 22:36:55.352,106928.83,0.001,106.92883
2025-10-17 22:36:55.356,106928.83,0.08,8554.3064
2025-10-17 22:36:55.373,106928.83,0.00146,156.1160918
2025-10-17 22:36:55.375,106928.83,0.00081,86.6123523
2025-10-17 22:36:55.380,106928.83,0.02112,2258.3368896
2025-10-17 22:36:55.418,106928.83,0.05568,5953.7972544
2025-10-17 22:36:55.499,106928.83,0.00066,70.5730278
2025-10-17 22:36:55.550,106928.84,0.00023,24.5936332
2025-10-17 22:36:55.553,106928.83,0.006,641.57298
2025-10-17 22:36:55.583,106928.83,0.02994,3201.4491702
2025-10-17 22:36:55.586,106928.83,0.0002,21.385766
2025-10-17 22:36:55.590,106928.83,0.00026,27.801495799999998
2025-10-17 22:36:55.593,106928.83,0.0003,32.078649
2025-10-17 22:36:56.691,106923.48,0.00692,739.9104815999999
2025-10-17 22:36:57.015,106923.48,0.0046,491.848008
2025-10-17 22:36:57.017,106923.48,0.2214,23672.858472
2025-10-17 22:36:57.384,106923.49,0.00047,50.2540403
2025-10-17 22:36:57.858,106923.49,0.001,106.92349
2025-10-17 22:36:57.859,106923.49,0.00287,306.87041630000004
2025-10-17 22:36:57.992,106923.49,5e-05,5.346174500000001
2025-10-17 22:36:58.247,106923.48,0.01,1069.2348
2025-10-17 22:36:58.285,106923.48,0.00058,62.0156184
2025-10-17 22:36:58.478,106923.48,0.00487,520.7173476
2025-10-17 22:36:58.621,106923.49,0.09028,9653.052677200001
2025-10-17 22:36:59.130,106923.48,0.05678,6071.115194399999
2025-10-17 22:36:59.338,106923.48,0.00487,520.7173476
2025-10-17 22:36:59.617,106923.49,0.00024,25.661637600000002
2025-10-17 22:36:59.675,106923.48,8e-05,8.5538784
2025-10-17 22:37:00.152,106923.48,7e-05,7.484643599999999
2025-10-17 22:37:00.372,106923.48,9e-05,9.6231132
2025-10-17 22:37:00.670,106923.48,0.003,320.77044
2025-10-17 22:37:01.308,106923.49,0.00287,306.87041630000004
2025-10-17 22:37:01.319,106923.49,0.00527,563.4867923
2025-10-17 22:37:01.620,106923.49,0.00035,37.423221500000004
2025-10-17 22:37:01.932,106923.48,0.0001,10.692348
2025-10-17 22:37:01.951,106923.48,0.01,1069.2348
2025-10-17 22:37:02.952,106923.48,0.05729,6125.6461692
2025-10-17 22:37:02.953,106923.48,0.08418,9000.8185464
2025-10-17 22:37:02.954,106923.48,0.01586,1695.8063928
2025-10-17 22:37:02.955,106923.48,0.21204,22672.054699199998
2025-10-17 22:37:02.963,106923.3,0.02805,2999.198565
2025-10-17 22:37:03.009,106923.3,0.00935,999.7328550000001
2025-10-17 22:37:03.010,106923.3,0.0273,2919.0060900000003
2025-10-17 22:37:03.080,106923.3,0.0718,7677.09294
2025-10-17 22:37:03.082,106923.3,0.06429,6874.098957
2025-10-17 22:37:03.124,106921.02,0.001,106.92102000000001
2025-10-17 22:37:03.477,106921.02,0.003,320.76306
2025-10-17 22:37:03.478,106921.02,0.003,320.76306
2025-10-17 22:37:03.607,106921.02,0.00988,1056.3796776
2025-10-17 22:37:03.620,106921.03,0.0001,10.692103000000001
2025-10-17 22:37:03.817,106921.03,0.00325,347.49334749999997
2025-10-17 22:37:03.915,106921.02,0.00275,294.032805
2025-10-17 22:37:04.057,106921.01,0.00334,357.1161734
2025-10-17 22:37:04.064,106921.0,0.0019,203.1499
2025-10-17 22:37:04.070,106921.0,0.0001,10.6921
2025-10-17 22:37:04.071,106917.59,5e-05,5.3458795
2025-10-17 22:37:04.080,106917.07,0.00058,62.011900600000004
2025-10-17 22:37:04.108,106917.08,0.00093,99.4328844
2025-10-17 22:37:04.478,106917.07,0.00199,212.76496930000002
2025-10-17 22:37:04.520,106917.07,0.00038,40.6284866
2025-10-17 22:37:04.967,106917.08,5e-05,5.345854
2025-10-17 22:37:05.149,106917.07,7e-05,7.484194899999999
2025-10-17 22:37:05.347,106913.01,5e-05,5.3456505
2025-10-17 22:37:05.350,106910.8,0.0163,1742.6460399999999
2025-10-17 22:37:05.353,106910.81,0.0013,138.984053
2025-10-17 22:37:05.403,106910.79,0.0002,21.382158
2025-10-17 22:37:05.405,106910.79,0.0016,171.057264
2025-10-17 22:37:05.408,106910.37,0.0011,117.60140700000001
2025-10-17 22:37:05.427,106910.33,0.00187,199.9223171
2025-10-17 22:37:05.431,106910.33,0.00049,52.3860617
2025-10-17 22:37:05.436,106910.33,0.00049,52.3860617
2025-10-17 22:37:05.545,106910.33,0.00749,800.7583717
2025-10-17 22:37:06.227,106910.33,0.012,1282.92396
2025-10-17 22:37:06.229,106910.33,0.012,1282.92396
2025-10-17 22:37:06.235,106910.33,0.012,1282.92396
2025-10-17 22:37:06.243,106910.34,0.0006,64.146204
2025-10-17 22:37:06.384,106910.34,0.0006,64.146204
2025-10-17 22:37:06.420,106910.33,0.00016,17.1056528
2025-10-17 22:37:06.437,106910.34,0.00047,50.24785979999999
2025-10-17 22:37:06.589,106910.33,0.00608,650.0148064
2025-10-17 22:37:06.590,106910.33,0.51932,55520.6725756
2025-10-17 22:37:06.592,106905.75,0.00015,16.0358625
2025-10-17 22:37:07.032,106905.74,0.012,1282.86888
2025-10-17 22:37:07.033,106905.74,0.012,1282.86888
2025-10-17 22:37:07.118,106905.75,0.00444,474.66153
2025-10-17 22:37:07.370,106905.75,0.00082,87.66271499999999
2025-10-17 22:37:07.435,106905.74,0.00036,38.486066400000006
2025-10-17 22:37:07.471,106905.74,9e-05,9.621516600000001
2025-10-17 22:37:08.029,106905.74,0.012,1282.86888
2025-10-17 22:37:08.030,106905.74,0.012,1282.86888
2025-10-17 22:37:08.176,106905.74,6e-05,6.4143444
2025-10-17 22:37:08.423,106905.75,0.00019,20.312092500000002
2025-10-17 22:37:08.445,106905.74,9e-05,9.621516600000001
2025-10-17 22:37:08.475,106905.74,0.00012,12.8286888
2025-10-17 22:37:08.912,106905.75,0.00012,12.82869
2025-10-17 22:37:09.220,106905.75,0.00012,12.82869
2025-10-17 22:37:09.764,106905.75,0.00012,12.82869
2025-10-17 22:37:10.986,106905.75,0.00014,14.966804999999999
2025-10-17 22:37:11.151,106905.75,0.00305,326.0625375
2025-10-17 22:37:11.301,106905.75,0.0006,64.14345
2025-10-17 22:37:11.581,106905.74,0.0001,10.690574000000002
2025-10-17 22:37:11.582,106905.74,0.19453,20796.3736022
2025-10-17 22:37:11.615,106905.75,3.10205,331626.98178750003
2025-10-17 22:37:11.640,106905.74,0.00039,41.6932386
2025-10-17 22:37:11.700,106905.75,0.00059,63.0743925
2025-10-17 22:37:11.761,106905.75,0.00273,291.8526975
2025-10-17 22:37:11.774,106905.76,0.00112,119.73445119999998
2025-10-17 22:37:11.775,106905.76,0.00078,83.3864928
2025-10-17 22:37:11.777,106905.8,0.0012,128.28696
2025-10-17 22:37:11.789,106905.92,0.00053,56.6601376
2025-10-17 22:37:11.791,106905.92,0.00047,50.245782399999996
2025-10-17 22:37:11.805,106907.14,0.0006,64.144284
2025-10-17 22:37:11.833,106907.13,0.00093,99.4236309
2025-10-17 22:37:11.897,106907.14,0.0014,149.669996
2025-10-17 22:37:12.293,106907.19,0.00015,16.0360785
2025-10-17 22:37:13.224,106907.19,0.00107,114.3906933
2025-10-17 22:37:13.811,106907.2,0.00016,17.105152
2025-10-17 22:37:13.839,106907.19,0.32,34210.300800000005
2025-10-17 22:37:13.840,106903.71,5e-05,5.3451855
2025-10-17 22:37:13.841,106895.86,0.048,5131.00128
2025-10-17 22:37:13.842,106893.36,0.003,320.68008000000003
2025-10-17 22:37:13.843,106893.28,0.00046,49.1709088
2025-10-17 22:37:13.845,106893.28,0.0327,3495.410256
2025-10-17 22:37:13.847,106892.05,0.00024,25.654092000000002
2025-10-17 22:37:13.848,106889.25,6e-05,6.413355
2025-10-17 22:37:13.849,106893.29,5e-05,5.3446645
2025-10-17 22:37:13.851,106893.28,6e-05,6.4135968
2025-10-17 22:37:13.852,106885.71,0.00209,223.3911339
2025-10-17 22:37:13.863,106889.53,0.00015,16.033429499999997
2025-10-17 22:37:13.864,106882.0,0.00089,95.12498
2025-10-17 22:37:13.868,106880.0,0.00565,603.872
2025-10-17 22:37:13.880,106883.08,0.012,1282.59696
2025-10-17 22:37:13.882,106883.08,0.012,1282.59696
2025-10-17 22:37:13.886,106883.08,0.01054,1126.5476632
2025-10-17 22:37:13.887,106883.08,0.00348,371.9531184
2025-10-17 22:37:13.888,106883.08,0.01871,1999.7824268000002
2025-10-17 22:37:13.901,106882.57,0.00015,16.0323855
2025-10-17 22:37:13.902,106882.0,0.15675,16753.7535
2025-10-17 22:37:13.914,106882.0,0.0093,994.0025999999999
2025-10-17 22:37:13.925,106882.0,0.00935,999.3467
2025-10-17 22:37:13.930,106882.0,0.00733,783.44506
2025-10-17 22:37:13.995,106882.0,0.00733,783.44506
2025-10-17 22:37:13.997,106882.0,0.02303,2461.49246
2025-10-17 22:37:14.053,106876.25,6e-05,6.412575
2025-10-17 22:37:14.058,106871.47,6e-05,6.4122882
2025-10-17 22:37:14.060,106871.48,7e-05,7.481003599999999
2025-10-17 22:37:14.122,106871.47,0.00181,193.4373607
2025-10-17 22:37:14.128,106871.47,0.012,1282.45764
2025-10-17 22:37:14.179,106871.47,0.01872,2000.6339184
2025-10-17 22:37:14.227,106871.47,0.00046,49.160876200000004
2025-10-17 22:37:14.292,106871.48,0.0007,74.810036
2025-10-17 22:37:14.302,106871.48,0.00015,16.030721999999997
2025-10-17 22:37:14.310,106871.47,0.00307,328.0954129
2025-10-17 22:37:14.313,106871.47,0.004,427.48588
2025-10-17 22:37:14.315,106871.47,0.00298,318.4769806
2025-10-17 22:37:14.318,106871.47,0.00418,446.7227446
2025-10-17 22:37:14.320,106871.47,0.005,534.35735
2025-10-17 22:37:14.321,106871.47,0.004,427.48588
2025-10-17 22:37:14.322,106871.47,0.003,320.61441
2025-10-17 22:37:14.345,106871.47,0.003,320.61441
2025-10-17 22:37:14.348,106871.47,0.0036,384.73729199999997
2025-10-17 22:37:14.349,106871.47,0.007,748.10029
2025-10-17 22:37:14.350,106871.47,0.008,854.97176
2025-10-17 22:37:14.351,106871.47,0.00367,392.2182949
2025-10-17 22:37:14.419,106871.47,0.005,534.35735
2025-10-17 22:37:14.485,106871.47,0.01223,1307.0380781
2025-10-17 22:37:14.521,106871.47,0.00721,770.5432987
2025-10-17 22:37:14.533,106871.47,0.00656,701.0768432
2025-10-17 22:37:14.541,106871.47,0.00273,291.7591131
2025-10-17 22:37:14.542,106871.47,0.00365,390.0808655
2025-10-17 22:37:14.543,106871.47,0.0034,363.362998
2025-10-17 22:37:14.549,106871.47,0.00647,691.4584109
2025-10-17 22:37:14.550,106871.47,0.01213,1296.3509311
2025-10-17 22:37:14.556,106871.47,0.0999,10676.459853
2025-10-17 22:37:14.579,106871.47,0.00989,1056.9588383
2025-10-17 22:37:14.586,106871.47,0.00782,835.7348954
2025-10-17 22:37:14.637,106871.48,0.00013,13.893292399999998
2025-10-17 22:37:14.696,106871.47,0.00476,508.70819720000003
2025-10-17 22:37:15.055,106871.48,0.00015,16.030721999999997
2025-10-17 22:37:15.102,106871.48,0.0007,74.810036
2025-10-17 22:37:15.144,106871.48,0.01014,1083.6768072
2025-10-17 22:37:15.149,106877.45,0.00015,16.0316175
2025-10-17 22:37:15.150,106879.75,0.03473,3711.9337174999996
2025-10-17 22:37:15.152,106879.78,0.00015,16.031966999999998
2025-10-17 22:37:15.203,106879.78,0.05288,5651.8027664
2025-10-17 22:37:15.213,106882.97,5e-05,5.3441485
2025-10-17 22:37:15.224,106885.5,0.15906,17001.20763
2025-10-17 22:37:15.718,106885.49,0.00018,19.2393882
2025-10-17 22:37:15.869,106885.5,0.01403,1499.6035650000001
2025-10-17 22:37:15.877,106885.49,0.18845,20142.570590500003
2025-10-17 22:37:16.009,106885.49,0.00031,33.134501900000004
2025-10-17 22:37:16.105,106885.5,0.00012,12.82626
2025-10-17 22:37:16.809,106885.5,0.01404,1500.67242
2025-10-17 22:37:16.842,106885.5,0.0012,128.2626
2025-10-17 22:37:16.971,106885.5,0.00133,142.157715
2025-10-17 22:37:17.208,106885.5,9e-05,9.619695
2025-10-17 22:37:17.625,106885.5,0.00031,33.134505
2025-10-17 22:37:17.662,106885.5,0.00107,114.367485
2025-10-17 22:37:17.685,106885.49,8e-05,8.5508392
2025-10-17 22:37:18.181,106885.5,0.04989,5332.517594999999
2025-10-17 22:37:18.215,106885.5,0.00051,54.511605
2025-10-17 22:37:18.349,106885.5,0.00209,223.390695
2025-10-17 22:37:18.763,106885.5,0.00556,594.28338
2025-10-17 22:37:19.021,106885.49,0.0019,203.082431
2025-10-17 22:37:19.022,106885.49,0.0349,3730.303601
2025-10-17 22:37:19.023,106885.49,0.0599,6402.440851
2025-10-17 22:37:19.025,106885.49,0.12528,13390.6141872
2025-10-17 22:37:19.030,106885.49,0.15337,16393.0276013
2025-10-17 22:37:19.055,106879.76,0.00025,26.719939999999998
2025-10-17 22:37:19.061,106879.75,0.008,855.038
2025-10-17 22:37:19.082,106879.75,0.066,7054.0635
2025-10-17 22:37:19.084,106879.75,0.00309,330.2584275
2025-10-17 22:37:19.088,106879.75,0.012,1282.557
2025-10-17 22:37:19.100,106879.75,0.186,19879.6335
2025-10-17 22:37:19.106,106879.75,0.012,1282.557
2025-10-17 22:37:19.119,106879.75,0.012,1282.557
2025-10-17 22:37:19.120,106879.75,0.01,1068.7975000000001
2025-10-17 22:37:19.148,106879.75,0.04,4275.1900000000005
2025-10-17 22:37:19.152,106879.75,0.0122,1303.9329500000001
2025-10-17 22:37:19.163,106879.75,0.128,13680.608
2025-10-17 22:37:19.226,106879.76,0.00094,100.4669744
2025-10-17 22:37:19.314,106879.75,0.00423,452.10134250000004
2025-10-17 22:37:19.322,106879.75,0.01,1068.7975000000001
2025-10-17 22:37:19.333,106879.76,0.00047,50.2334872
2025-10-17 22:37:19.347,106879.75,0.00433,462.7893175
2025-10-17 22:37:19.355,106879.75,0.02069,2211.3420275
2025-10-17 22:37:19.370,106879.75,0.02802,2994.770595
2025-10-17 22:37:19.378,106879.75,0.01423,1520.8988425
2025-10-17 22:37:19.385,106879.75,0.02802,2994.770595
2025-10-17 22:37:19.417,106879.75,0.01395,1490.9725125
2025-10-17 22:37:19.427,106879.75,0.0001,10.687975
2025-10-17 22:37:19.434,106879.75,0.01479,1580.7515025
2025-10-17 22:37:19.442,106879.75,0.01262,1348.822445
2025-10-17 22:37:19.449,106879.75,0.02802,2994.770595
2025-10-17 22:37:19.456,106879.75,0.00151,161.38842250000002
2025-10-17 22:37:19.457,106879.75,6e-05,6.412785
2025-10-17 22:37:19.468,106879.75,0.0252,2693.3697
2025-10-17 22:37:19.473,106879.75,0.001,106.87975
2025-10-17 22:37:19.497,106879.75,0.02,2137.5950000000003
2025-10-17 22:37:19.545,106879.75,0.01699,1815.8869525000002
2025-10-17 22:37:19.551,106879.75,0.02802,2994.770595
2025-10-17 22:37:19.557,106879.75,0.01363,1456.7709925
2025-10-17 22:37:19.563,106879.75,0.01509,1612.8154275
2025-10-17 22:37:19.567,106879.76,0.00012,12.825571199999999
2025-10-17 22:37:19.571,106879.75,0.01473,1574.3387175
2025-10-17 22:37:19.578,106879.75,0.01802,1925.973095
2025-10-17 22:37:19.585,106879.75,0.0136,1453.5646
2025-10-17 22:37:19.591,106879.75,0.02802,2994.770595
2025-10-17 22:37:19.598,106879.75,0.02802,2994.770595
2025-10-17 22:37:19.601,106879.75,0.012,1282.557
2025-10-17 22:37:19.602,106879.75,0.012,1282.557
2025-10-17 22:37:19.603,106879.75,0.012,1282.557
2025-10-17 22:37:19.617,106879.76,0.00093,99.3981768
2025-10-17 22:37:19.678,106879.75,0.099,10581.09525
2025-10-17 22:37:19.743,106879.75,0.0246,2629.24185
2025-10-17 22:37:19.749,106879.75,0.01941,2074.5359475
2025-10-17 22:37:19.755,106879.75,0.01235,1319.9649125
2025-10-17 22:37:19.765,106879.75,0.01241,1326.3776974999998
2025-10-17 22:37:19.767,106879.75,0.68485,73196.59678749999
2025-10-17 22:37:19.768,106879.74,0.00085,90.847779
2025-10-17 22:37:19.769,106879.08,0.00576,615.6235008000001
2025-10-17 22:37:19.771,106874.79,0.0001,10.687479
2025-10-17 22:37:19.772,106866.66,0.00018,19.2359988
2025-10-17 22:37:19.797,106864.8,0.001,106.8648
2025-10-17 22:37:19.883,106864.81,0.0096,1025.9021759999998
2025-10-17 22:37:19.947,106864.8,0.00936,1000.254528
2025-10-17 22:37:20.031,106864.8,0.0019,203.04312000000002
2025-10-17 22:37:20.032,106864.8,0.0019,203.04312000000002
2025-10-17 22:37:20.034,106864.8,0.00617,659.355816
2025-10-17 22:37:20.037,106864.8,5e-05,5.343240000000001
2025-10-17 22:37:20.041,106864.8,0.02068,2209.9640640000002
2025-10-17 22:37:20.048,106864.8,0.08,8549.184000000001
2025-10-17 22:37:20.049,106864.8,0.01745,1864.79076
2025-10-17 22:37:20.051,106864.8,0.22781,24344.870088000003
2025-10-17 22:37:20.057,106864.8,0.01952,2086.000896
2025-10-17 22:37:20.059,106864.8,0.1373,14672.537040000001
2025-10-17 22:37:20.061,106864.76,7e-05,7.480533199999999
2025-10-17 22:37:20.069,106864.0,0.00116,123.96224
2025-10-17 22:37:20.115,106864.0,0.00407,434.93647999999996
2025-10-17 22:37:20.118,106863.99,0.0001,10.686399000000002
2025-10-17 22:37:20.155,106862.0,0.00207,221.20433999999997
2025-10-17 22:37:20.182,106861.53,0.0001,10.686153000000001
2025-10-17 22:37:20.188,106861.2,0.00014,14.960567999999999
2025-10-17 22:37:20.190,106861.21,0.00012,12.8233452
2025-10-17 22:37:20.195,106861.2,0.00105,112.20425999999999
2025-10-17 22:37:20.197,106860.78,0.0002,21.372156
2025-10-17 22:37:20.202,106860.78,0.00379,405.0023562
2025-10-17 22:37:20.204,106860.78,0.00025,26.715195
2025-10-17 22:37:20.206,106860.0,0.02293,2450.2998
2025-10-17 22:37:20.208,106859.78,0.00075,80.144835
2025-10-17 22:37:20.212,106855.51,0.00126,134.6379426
2025-10-17 22:37:20.268,106855.51,0.00083,88.6900733
2025-10-17 22:37:20.307,106855.51,0.00104,111.12973039999999
2025-10-17 22:37:20.308,106855.51,0.00053,56.6334203
2025-10-17 22:37:20.310,106855.51,0.00181,193.40847309999998
2025-10-17 22:37:20.313,106855.42,0.00018,19.2339756
2025-10-17 22:37:20.338,106855.43,0.93306,99702.5275158
2025-10-17 22:37:20.353,106855.42,0.01169,1249.1398598
2025-10-17 22:37:20.414,106855.42,0.00158,168.8315636
2025-10-17 22:37:20.417,106855.42,0.01872,2000.3334624
2025-10-17 22:37:20.510,106844.33,0.0001,10.684433
2025-10-17 22:37:20.515,106839.69,6e-05,6.4103814
2025-10-17 22:37:20.516,106839.7,0.0013,138.89161
2025-10-17 22:37:20.540,106839.7,6e-05,6.410382
2025-10-17 22:37:20.546,106839.7,0.00149,159.19115299999999
2025-10-17 22:37:20.548,106839.7,1.63538,174723.508586
2025-10-17 22:37:20.550,106839.7,0.0002,21.36794
2025-10-17 22:37:20.605,106840.26,0.01872,2000.0496672
2025-10-17 22:37:20.815,106840.27,0.0005,53.420135
2025-10-17 22:37:20.846,106841.32,0.00346,369.6709672
2025-10-17 22:37:21.060,106841.31,0.025,2671.0327500000003
2025-10-17 22:37:21.137,106841.32,0.03028,3235.1551696
2025-10-17 22:37:21.143,106851.22,0.03442,3677.8189924
2025-10-17 22:37:21.246,106851.23,0.0004,42.740492
2025-10-17 22:37:21.342,106855.51,0.00025,26.7138775
2025-10-17 22:37:21.597,106855.51,0.00042,44.8793142
2025-10-17 22:37:21.807,106855.52,0.0033,352.623216
2025-10-17 22:37:22.024,106855.52,0.00613,655.0243376000001
2025-10-17 22:37:22.492,106855.52,0.0057,609.0764640000001
2025-10-17 22:37:22.761,106855.52,0.00027,28.8509904
2025-10-17 22:37:23.032,106855.51,0.012,1282.26612
2025-10-17 22:37:23.033,106855.51,0.012,1282.26612
2025-10-17 22:37:23.037,106855.51,0.41982,44860.0802082
2025-10-17 22:37:23.113,106855.52,9e-05,9.6169968
2025-10-17 22:37:23.605,106855.51,0.012,1282.26612
2025-10-17 22:37:23.636,106855.51,0.012,1282.26612
2025-10-17 22:37:23.637,106855.51,0.012,1282.26612
2025-10-17 22:37:24.376,106855.52,0.00519,554.5801488000001
2025-10-17 22:37:24.499,106855.51,0.00162,173.10592619999997
2025-10-17 22:37:24.884,106855.51,0.00044,47.0164244
2025-10-17 22:37:25.991,106855.52,0.00239,255.38469280000004
2025-10-17 22:37:26.448,106855.51,0.003,320.56653
2025-10-17 22:37:26.532,106855.51,0.00488,521.4548887999999
2025-10-17 22:37:26.576,106855.52,0.0002,21.371104000000003
2025-10-17 22:37:26.981,106855.52,0.00097,103.64985440000001
2025-10-17 22:37:27.491,106855.51,0.00047,50.2220897
2025-10-17 22:37:27.494,106855.52,0.01356,1448.9608512
2025-10-17 22:37:28.310,106855.52,0.00112,119.6781824
2025-10-17 22:37:28.564,106855.52,0.06568,7018.2705536
2025-10-17 22:37:28.707,106855.51,0.00022,23.5082122
2025-10-17 22:37:28.794,106855.52,0.00181,193.40849120000001
2025-10-17 22:37:29.148,106855.52,0.0103,1100.611856
2025-10-17 22:37:29.574,106855.52,0.0001,10.685552000000001
2025-10-17 22:37:30.069,106855.51,0.012,1282.26612
2025-10-17 22:37:30.070,106855.51,0.012,1282.26612
2025-10-17 22:37:30.119,106855.51,0.01119,1195.7131569
2025-10-17 22:37:31.126,106855.52,0.01622,1733.1965343999998
2025-10-17 22:37:31.236,106855.51,9e-05,9.616995900000001
2025-10-17 22:37:31.326,106855.52,0.00055,58.77053600000001
2025-10-17 22:37:31.733,106855.51,0.00037,39.536538699999994
2025-10-17 22:37:31.965,106855.51,0.00165,176.3115915
2025-10-17 22:37:32.200,106855.52,0.00093,99.37563360000001
2025-10-17 22:37:32.478,106855.51,0.0019,203.025469
2025-10-17 22:37:32.480,106855.51,0.0001,10.685551
2025-10-17 22:37:32.482,106855.51,0.012,1282.26612
2025-10-17 22:37:32.483,106855.51,0.012,1282.26612
2025-10-17 22:37:32.612,106855.52,0.00379,404.9824208
2025-10-17 22:37:33.302,106855.52,0.00093,99.37563360000001
2025-10-17 22:37:33.430,106855.51,0.006,641.13306
2025-10-17 22:37:33.482,106855.52,0.00188,200.8883776
2025-10-17 22:37:33.483,106855.51,0.00253,270.3444403
2025-10-17 22:37:33.590,106855.5,0.08202,8764.28811
2025-10-17 22:37:33.592,106847.0,0.00583,622.91801
2025-10-17 22:37:34.216,106847.0,0.006,641.082
2025-10-17 22:37:35.086,106847.0,0.00264,282.07608
2025-10-17 22:37:35.125,106847.0,0.00227,242.54269
2025-10-17 22:37:35.386,106847.01,0.00544,581.2477344
2025-10-17 22:37:35.577,106847.0,0.00469,501.11242999999996
2025-10-17 22:37:36.043,106847.01,0.0032,341.910432
2025-10-17 22:37:36.071,106847.01,0.00028,29.917162799999996
2025-10-17 22:37:36.988,106847.01,0.0245,2617.751745
2025-10-17 22:37:37.198,106847.01,0.00315,336.5680815
2025-10-17 22:37:37.740,106847.01,0.00058,61.9712658
2025-10-17 22:37:38.129,106847.0,0.012,1282.164
2025-10-17 22:37:38.130,106847.0,0.012,1282.164
2025-10-17 22:37:38.431,106847.01,0.00619,661.3829919
2025-10-17 22:37:38.618,106847.01,0.00286,305.5824486
2025-10-17 22:37:39.370,106847.01,0.00557,595.1378457
2025-10-17 22:37:39.450,106847.0,0.2,21369.4
2025-10-17 22:37:39.530,106839.43,0.03578,3822.7148053999995
2025-10-17 22:37:39.534,106839.43,0.05517,5894.331353099999
2025-10-17 22:37:39.944,106839.44,0.15769,16847.5112936
2025-10-17 22:37:39.954,106839.43,0.012,1282.07316
2025-10-17 22:37:39.955,106839.43,0.012,1282.07316
2025-10-17 22:37:39.965,106836.33,0.00015,16.0254495
2025-10-17 22:37:39.966,106830.75,0.00012,12.81969
2025-10-17 22:37:39.970,106814.56,0.0234,2499.460704
2025-10-17 22:37:39.971,106807.5,0.08,8544.6
2025-10-17 22:37:39.972,106827.94,0.00045,48.072573
2025-10-17 22:37:39.973,106827.94,0.00015,16.024191
2025-10-17 22:37:39.974,106826.96,0.00015,16.024044
2025-10-17 22:37:39.977,106822.7,0.00151,161.302277
2025-10-17 22:37:39.979,106822.7,0.00785,838.558195
2025-10-17 22:37:39.986,106824.88,0.00025,26.706220000000002
2025-10-17 22:37:39.987,106822.68,5e-05,5.341134
2025-10-17 22:37:39.998,106814.11,0.00046,49.1344906
2025-10-17 22:37:39.999,106814.11,0.0089,950.645579
2025-10-17 22:37:40.005,106812.84,0.0015,160.21926
2025-10-17 22:37:40.035,106816.61,5e-05,5.3408305
2025-10-17 22:37:40.039,106816.6,0.00035,37.38581
2025-10-17 22:37:40.041,106816.6,0.05568,5947.548288
2025-10-17 22:37:40.050,106816.6,0.00935,998.7352100000002
2025-10-17 22:37:40.056,106816.6,0.028,2990.8648000000003
2025-10-17 22:37:40.181,106816.6,0.01873,2000.6749180000002
2025-10-17 22:37:40.438,106816.61,0.0062,662.262982
2025-10-17 22:37:40.618,106816.61,0.0001,10.681661
2025-10-17 22:37:40.687,106816.61,0.00059,63.021799900000005
2025-10-17 22:37:40.953,106816.61,0.06543,6989.0107923000005
2025-10-17 22:37:40.998,106816.61,0.001,106.81661
2025-10-17 22:37:41.017,106816.61,0.00116,123.9072676
2025-10-17 22:37:41.064,106816.61,0.2248,24012.373928
2025-10-17 22:37:41.065,106818.33,5e-05,5.3409165000000005
2025-10-17 22:37:41.070,106819.11,0.03027,3233.4144597
2025-10-17 22:37:41.077,106819.96,0.0001,10.681996000000002
2025-10-17 22:37:41.096,106819.12,0.00025,26.70478
2025-10-17 22:37:41.109,106819.97,0.0004,42.727988
2025-10-17 22:37:41.111,106826.71,0.03513,3752.8223223000005
2025-10-17 22:37:41.114,106829.43,0.066,7050.74238
2025-10-17 22:37:41.414,106829.43,0.00094,100.41966419999999
2025-10-17 22:37:41.450,106829.43,0.12363,13207.3224309
2025-10-17 22:37:41.503,106829.43,0.00265,283.0979895
2025-10-17 22:37:41.977,106834.1,5e-05,5.341705
2025-10-17 22:37:42.376,106836.99,0.00019,20.2990281
2025-10-17 22:37:42.425,106837.81,0.00015,16.025671499999998
2025-10-17 22:37:42.427,106839.0,5e-05,5.341950000000001
2025-10-17 22:37:42.428,106841.77,0.00015,16.0262655
2025-10-17 22:37:42.442,106847.01,0.00531,567.3576231
2025-10-17 22:37:42.444,106847.01,0.00287,306.6509187
2025-10-17 22:37:42.450,106847.02,0.00017,18.163993400000003
2025-10-17 22:37:42.451,106847.02,0.00058,61.9712716
2025-10-17 22:37:42.463,106847.01,0.00105,112.18936049999999
2025-10-17 22:37:42.465,106849.47,0.0001,10.684947000000001
2025-10-17 22:37:42.468,106850.2,0.0002,21.37004
2025-10-17 22:37:42.471,106853.42,0.01675,1789.794785
2025-10-17 22:37:42.509,106853.43,0.00075,80.1400725
2025-10-17 22:37:42.562,106853.79,0.00325,347.2748175
2025-10-17 22:37:42.627,106855.55,0.0001,10.685555
2025-10-17 22:37:42.628,106856.76,6e-05,6.4114056
2025-10-17 22:37:42.629,106861.47,0.00015,16.029220499999997
2025-10-17 22:37:42.631,106864.61,0.00038,40.6085518
2025-10-17 22:37:42.632,106865.51,0.00046,49.1581346
2025-10-17 22:37:42.633,106865.51,6e-05,6.4119306
2025-10-17 22:37:42.635,106865.21,0.00935,999.1897135000002
2025-10-17 22:37:42.640,106865.77,0.00015,16.0298655
2025-10-17 22:37:42.642,106866.5,6e-05,6.41199
2025-10-17 22:37:42.644,106869.04,0.00842,899.8373167999999
2025-10-17 22:37:42.733,106869.04,0.0821,8773.948184
2025-10-17 22:37:42.755,106869.04,0.00035,37.404163999999994
2025-10-17 22:37:42.840,106869.04,0.00047,50.228448799999995
2025-10-17 22:37:42.899,106869.04,0.00035,37.404163999999994
2025-10-17 22:37:42.900,106869.04,0.00232,247.93617279999998
2025-10-17 22:37:42.925,106869.05,0.0048,512.9714399999999
2025-10-17 22:37:42.927,106869.37,0.00246,262.89865019999996
2025-10-17 22:37:42.928,106869.75,6e-05,6.412185
2025-10-17 22:37:42.929,106870.56,0.0001,10.687056
2025-10-17 22:37:42.968,106873.0,0.00106,113.28537999999999
2025-10-17 22:37:43.005,106874.64,0.00038,40.612363200000004
2025-10-17 22:37:43.570,106874.64,0.00047,50.2310808
2025-10-17 22:37:43.582,106874.64,0.1274,13615.829136000002
2025-10-17 22:37:43.624,106874.64,0.1198,12803.581872
2025-10-17 22:37:43.626,106874.64,0.58956,63009.0127584
2025-10-17 22:37:43.628,106874.64,0.16906,18068.2266384
2025-10-17 22:37:43.660,106874.64,0.08961,9577.0364904
2025-10-17 22:37:43.715,106874.64,0.00035,37.406124
2025-10-17 22:37:43.746,106874.64,0.0001,10.687464
2025-10-17 22:37:43.747,106874.64,0.07444,7955.7482016
2025-10-17 22:37:43.749,106874.64,0.5073,54217.504872
2025-10-17 22:37:43.751,106874.65,0.00065,69.46852249999999
2025-10-17 22:37:43.753,106878.01,0.0001,10.687801
2025-10-17 22:37:43.771,106879.98,7e-05,7.481598599999999
2025-10-17 22:37:43.773,106879.98,0.00238,254.37435240000002
2025-10-17 22:37:43.775,106880.0,0.00085,90.848
2025-10-17 22:37:43.778,106880.0,0.00096,102.6048
2025-10-17 22:37:43.780,106880.02,0.00011,11.756802200000001
2025-10-17 22:37:43.781,106880.0,0.0002,21.376
2025-10-17 22:37:43.786,106880.0,0.0012,128.256
2025-10-17 22:37:43.789,106880.02,0.00086,91.9168172
2025-10-17 22:37:43.792,106880.04,0.00065,69.472026
2025-10-17 22:37:43.793,106881.0,0.00088,94.05528000000001
2025-10-17 22:37:43.796,106883.49,0.0001,10.688349
2025-10-17 22:37:43.797,106883.49,0.0001,10.688349
2025-10-17 22:37:43.799,106883.49,0.0004,42.753396
2025-10-17 22:37:43.800,106883.49,0.0002,21.376698
2025-10-17 22:37:43.802,106884.0,0.0006,64.1304
2025-10-17 22:37:43.804,106892.0,2e-05,2.13784
2025-10-17 22:37:43.819,106891.99,0.00014,14.964878599999999
2025-10-17 22:37:43.887,106895.25,0.00038,40.620195
2025-10-17 22:37:43.888,106896.0,0.00692,739.72032
2025-10-17 22:37:43.889,106896.0,0.00692,739.72032
2025-10-17 22:37:43.892,106895.99,0.00169,180.65422310000002
2025-10-17 22:37:43.998,106896.0,0.001,106.896
2025-10-17 22:37:44.025,106897.71,0.0046,491.729466
2025-10-17 22:37:44.544,106897.71,0.01457,1557.4996347000001
2025-10-17 22:37:44.545,106898.01,5e-05,5.3449005
2025-10-17 22:37:44.547,106898.88,0.00015,16.034831999999998
2025-10-17 22:37:44.558,106901.35,0.0001,10.690135000000001
2025-10-17 22:37:44.574,106906.0,0.00237,253.36722
2025-10-17 22:37:44.718,106906.71,0.00202,215.95155420000003
2025-10-17 22:37:44.787,106906.71,0.00273,291.8553183
2025-10-17 22:37:44.790,106906.72,0.0018,192.432096
2025-10-17 22:37:45.004,106908.0,0.00579,618.99732
2025-10-17 22:37:45.406,106908.0,0.04674,4996.879919999999
2025-10-17 22:37:45.732,106908.0,0.00016,17.10528
2025-10-17 22:37:45.751,106910.34,0.00105,112.25585699999999
2025-10-17 22:37:45.936,106910.34,7e-05,7.483723799999999
2025-10-17 22:37:46.029,106912.0,0.00296,316.45952
2025-10-17 22:37:46.030,106912.01,5e-05,5.3456005
2025-10-17 22:37:46.031,106913.72,0.00015,16.037058
2025-10-17 22:37:46.046,106916.0,0.00296,316.47136
2025-10-17 22:37:46.050,106918.0,0.0029,310.06219999999996
2025-10-17 22:37:46.077,106918.68,0.0006,64.151208
2025-10-17 22:37:46.103,106921.23,0.00025,26.7303075
2025-10-17 22:37:46.116,106923.48,0.00093,99.4388364
2025-10-17 22:37:46.171,106923.48,0.02,2138.4696
2025-10-17 22:37:46.238,106923.49,6e-05,6.415409400000001
2025-10-17 22:37:46.684,106923.48,0.35251,37691.595934799996
2025-10-17 22:37:46.706,106923.49,0.00325,347.5013425
2025-10-17 22:37:46.708,106923.48,0.00883,944.1343283999998
2025-10-17 22:37:46.753,106923.48,0.00085,90.884958
2025-10-17 22:37:46.783,106923.48,0.00599,640.4716451999999
2025-10-17 22:37:46.814,106923.46,0.00075,80.19259500000001
2025-10-17 22:37:46.880,106923.47,0.00016,17.107755200000003
2025-10-17 22:37:46.882,106923.46,0.00035,37.423211
2025-10-17 22:37:46.944,106923.45,0.00037,39.5616765
2025-10-17 22:37:47.019,106923.45,0.00058,62.015601
2025-10-17 22:37:47.020,106923.44,0.01224,1308.7429055999999
2025-10-17 22:37:47.024,106921.99,0.00053,56.6686547
2025-10-17 22:37:47.025,106921.99,0.23652,25289.1890748
2025-10-17 22:37:47.073,106921.99,0.00019,20.3151781
2025-10-17 22:37:47.076,106921.99,0.11811,12628.5562389
2025-10-17 22:37:47.115,106921.99,0.09263,9904.1839337
2025-10-17 22:37:47.119,106921.99,0.00016,17.107518400000004
2025-10-17 22:37:47.150,106921.99,0.09019,9643.294278100002
2025-10-17 22:37:47.152,106921.99,0.02422,2589.6505978
2025-10-17 22:37:47.153,106921.99,0.00015,16.0382985
2025-10-17 22:37:47.617,106921.98,0.00225,240.57445499999997
2025-10-17 22:37:47.720,106921.98,0.001,106.92198
2025-10-17 22:37:49.758,106921.98,0.01842,1969.5028715999997
2025-10-17 22:37:49.760,106921.98,0.04363,4665.0059874
2025-10-17 22:37:50.031,106921.97,0.00055,58.807083500000005
2025-10-17 22:37:50.093,106921.97,8e-05,8.5537576
2025-10-17 22:37:50.406,106921.97,0.00219,234.15911430000003
2025-10-17 22:37:50.904,106921.96,0.00719,768.7688924
2025-10-17 22:37:50.999,106921.96,0.008,855.3756800000001
2025-10-17 22:37:51.001,106921.96,0.00405,433.033938
2025-10-17 22:37:51.342,106921.96,0.00133,142.20620680000002
2025-10-17 22:37:51.411,106921.97,0.1777,19000.034069
2025-10-17 22:37:52.022,106921.96,0.00102,109.06039920000002
2025-10-17 22:37:52.673,106921.97,7e-05,7.484537899999999
2025-10-17 22:37:52.872,106921.96,0.012,1283.0635200000002
2025-10-17 22:37:52.873,106921.96,0.012,1283.0635200000002
2025-10-17 22:37:53.593,106921.96,9e-05,9.6229764
2025-10-17 22:37:53.594,106921.96,0.09616,10281.6156736
2025-10-17 22:37:53.921,106921.96,0.012,1283.0635200000002
2025-10-17 22:37:54.518,106921.96,6e-05,6.415317600000001
2025-10-17 22:37:55.823,106921.96,0.00233,249.12816680000003
2025-10-17 22:37:55.899,106921.96,0.00041,43.8380036
2025-10-17 22:37:56.222,106921.97,7e-05,7.484537899999999
2025-10-17 22:37:56.291,106921.97,7e-05,7.484537899999999
2025-10-17 22:37:56.577,106921.96,6e-05,6.415317600000001
2025-10-17 22:37:56.828,106921.96,0.0003,32.076588
2025-10-17 22:37:58.514,106921.97,9e-05,9.6229773
2025-10-17 22:37:58.605,106921.96,0.055,5880.7078
2025-10-17 22:37:59.107,106921.96,0.00106,113.33727760000001
2025-10-17 22:37:59.908,106921.97,0.00046,49.1841062
2025-10-17 22:38:00.696,106921.97,0.0001,10.692197
2025-10-17 22:38:00.844,106921.97,0.00011,11.7614167
2025-10-17 22:38:00.875,106921.96,0.012,1283.0635200000002
2025-10-17 22:38:00.876,106921.96,0.012,1283.0635200000002
2025-10-17 22:38:00.878,106921.96,0.012,1283.0635200000002
2025-10-17 22:38:00.882,106921.96,0.21334,22810.730946400003
2025-10-17 22:38:00.915,106921.96,0.01643,1756.7278028
2025-10-17 22:38:00.994,106921.96,0.00566,605.1782936000001
2025-10-17 22:38:01.066,106921.96,0.00047,50.2533212
2025-10-17 22:38:01.189,106921.8,0.001,106.9218
2025-10-17 22:38:01.191,106920.0,5e-05,5.346
2025-10-17 22:38:01.192,106918.93,0.2476,26473.127067999998
2025-10-17 22:38:01.197,106917.71,0.00374,399.8722354
2025-10-17 22:38:01.209,106915.17,0.0001,10.691517000000001
2025-10-17 22:38:01.210,106909.43,0.00519,554.8599417
2025-10-17 22:38:01.274,106909.43,0.00357,381.66666509999993
2025-10-17 22:38:01.325,106909.43,0.003,320.72828999999996
2025-10-17 22:38:02.020,106909.43,0.00252,269.4117636
2025-10-17 22:38:02.115,106909.43,8e-05,8.5527544
2025-10-17 22:38:02.430,106909.44,0.00047,50.2474368
2025-10-17 22:38:02.566,106909.43,0.00844,902.3155891999999
2025-10-17 22:38:02.688,106909.44,0.00026,27.7964544
2025-10-17 22:38:02.813,106909.44,0.00211,225.5789184
2025-10-17 22:38:03.439,106909.43,0.00021,22.4509803
2025-10-17 22:38:03.549,106909.43,5e-05,5.3454714999999995
2025-10-17 22:38:03.676,106909.44,0.0004,42.763776
2025-10-17 22:38:03.851,106909.44,0.00015,16.036416
2025-10-17 22:38:03.951,106909.43,0.00556,594.4164308
2025-10-17 22:38:03.952,106909.43,0.06556,7008.982230799998
2025-10-17 22:38:04.967,106909.44,0.00081,86.5966464
2025-10-17 22:38:05.332,106909.44,8e-05,8.5527552
2025-10-17 22:38:06.847,106909.43,6e-05,6.4145658
2025-10-17 22:38:07.204,106909.43,9e-05,9.6218487
2025-10-17 22:38:08.275,106909.43,7e-05,7.483660099999999
2025-10-17 22:38:08.801,106909.43,0.00039,41.6946777
2025-10-17 22:38:08.823,106909.44,0.01991,2128.5669504
2025-10-17 22:38:08.856,106909.43,0.00948,1013.5013964
2025-10-17 22:38:09.083,106909.43,0.00129,137.91316469999998
2025-10-17 22:38:09.313,106909.44,0.00175,187.09152
2025-10-17 22:38:09.519,106909.43,9e-05,9.6218487
2025-10-17 22:38:10.591,106909.44,0.00576,615.7983744000001
2025-10-17 22:38:10.670,106909.44,0.00023,24.589171200000003
2025-10-17 22:38:10.862,106909.43,0.54062,57797.376046599995
2025-10-17 22:38:10.864,106905.54,0.0004,42.762216
2025-10-17 22:38:10.945,106905.55,0.00018,19.242999
2025-10-17 22:38:11.450,106905.54,0.0001,10.690554
2025-10-17 22:38:12.323,106905.54,0.0002,21.381108
2025-10-17 22:38:12.368,106905.55,0.00146,156.082103
2025-10-17 22:38:13.071,106905.54,0.00142,151.8058668
2025-10-17 22:38:13.170,106905.54,0.00131,140.0462574
2025-10-17 22:38:13.217,106905.54,0.00865,924.7329209999999
2025-10-17 22:38:13.637,106905.55,0.09354,9999.945147
2025-10-17 22:38:13.686,106904.62,0.00015,16.035693
2025-10-17 22:38:13.732,106900.0,5e-05,5.345000000000001
2025-10-17 22:38:13.742,106898.74,0.00431,460.73356939999996
2025-10-17 22:38:13.743,106898.74,0.00322,344.21394280000004
2025-10-17 22:38:14.418,106898.74,0.00085,90.863929
2025-10-17 22:38:14.753,106898.75,0.00012,12.82785
2025-10-17 22:38:14.993,106898.75,0.00012,12.82785
2025-10-17 22:38:15.256,106898.75,0.00046,49.173425
2025-10-17 22:38:15.381,106898.74,0.012,1282.7848800000002
2025-10-17 22:38:15.382,106898.74,0.012,1282.7848800000002
2025-10-17 22:38:15.405,106898.75,0.00012,12.82785
2025-10-17 22:38:15.531,106898.74,0.00022,23.5177228
2025-10-17 22:38:15.532,106898.75,0.0008,85.519
2025-10-17 22:38:15.533,106898.74,0.01763,1884.6247862
2025-10-17 22:38:15.865,106898.75,5e-05,5.3449375
2025-10-17 22:38:16.010,106898.75,0.0035,374.145625
2025-10-17 22:38:16.225,106898.75,0.0001,10.689875
2025-10-17 22:38:16.376,106898.75,0.00113,120.7955875
2025-10-17 22:38:16.417,106898.75,0.0001,10.689875
2025-10-17 22:38:16.539,106898.75,0.0001,10.689875
2025-10-17 22:38:16.612,106898.75,7e-05,7.482912499999999
2025-10-17 22:38:16.654,106898.74,0.001,106.89874
2025-10-17 22:38:16.695,106898.74,0.00039,41.6905086
2025-10-17 22:38:16.817,106898.75,0.0016,171.038
2025-10-17 22:38:16.839,106898.75,0.00015,16.034812499999997
2025-10-17 22:38:17.314,106898.75,0.0001,10.689875
2025-10-17 22:38:17.343,106898.75,7e-05,7.482912499999999
2025-10-17 22:38:17.758,106898.75,0.00214,228.763325
2025-10-17 22:38:17.969,106898.75,0.0001,10.689875
2025-10-17 22:38:18.017,106898.75,0.00036,38.48355
2025-10-17 22:38:18.219,106898.75,0.01,1068.9875
2025-10-17 22:38:18.220,106898.75,0.00964,1030.50395
2025-10-17 22:38:18.318,106898.75,0.00046,49.173425
2025-10-17 22:38:18.570,106898.74,9e-05,9.6208866
2025-10-17 22:38:18.583,106898.75,0.00047,50.2424125
2025-10-17 22:38:18.762,106898.75,0.00049,52.3803875
2025-10-17 22:38:19.234,106898.75,0.00025,26.7246875
2025-10-17 22:38:19.405,106898.75,9e-05,9.6208875
2025-10-17 22:38:19.528,106898.75,0.00047,50.2424125
2025-10-17 22:38:19.613,106898.75,0.00012,12.82785
2025-10-17 22:38:20.052,106898.75,0.00287,306.7994125
2025-10-17 22:38:20.053,106898.75,0.00287,306.7994125
2025-10-17 22:38:20.083,106898.75,0.00094,100.484825
2025-10-17 22:38:20.096,106898.75,0.00012,12.82785
2025-10-17 22:38:20.401,106898.75,0.00012,12.82785
2025-10-17 22:38:20.675,106898.74,0.00014,14.9658236
2025-10-17 22:38:20.847,106898.74,0.00043,45.9664582
2025-10-17 22:38:21.294,106898.74,9e-05,9.6208866
2025-10-17 22:38:21.583,106898.74,6e-05,6.413924400000001
2025-10-17 22:38:21.917,106898.74,0.0028,299.31647200000003
2025-10-17 22:38:22.062,106898.74,0.00039,41.6905086
2025-10-17 22:38:22.315,106898.74,0.01695,1811.933643
2025-10-17 22:38:22.419,106898.0,0.00117,125.07066
2025-10-17 22:38:22.422,106897.97,0.0001,10.689797
2025-10-17 22:38:22.779,106897.21,0.00048,51.3106608
2025-10-17 22:38:23.337,106897.21,0.00017,18.1725257
2025-10-17 22:38:23.883,106897.21,0.0001,10.689721
2025-10-17 22:38:23.886,106897.2,0.00879,939.6263879999999
2025-10-17 22:38:23.920,106897.21,0.00468,500.27894280000004
2025-10-17 22:38:24.083,106897.2,0.00017,18.172524
2025-10-17 22:38:25.408,106897.21,0.00278,297.1742438
2025-10-17 22:38:25.409,106897.21,0.00278,297.1742438
2025-10-17 22:38:25.411,106897.21,0.0045,481.037445
2025-10-17 22:38:25.617,106897.21,0.04248,4540.9934808
2025-10-17 22:38:25.710,106897.21,0.00094,100.48337740000001
2025-10-17 22:38:26.270,106897.21,0.00112,119.7248752
2025-10-17 22:38:27.357,106897.21,0.00047,50.241688700000005
2025-10-17 22:38:27.375,106897.21,0.00011,11.7586931
2025-10-17 22:38:27.647,106897.21,0.00962,1028.3511602
2025-10-17 22:38:28.124,106897.21,0.00139,148.5871219
2025-10-17 22:38:29.248,106897.21,0.00059,63.06935390000001
2025-10-17 22:38:29.727,106897.2,7e-05,7.482803999999999
2025-10-17 22:38:30.118,106897.21,0.0057,609.3140970000001
2025-10-17 22:38:30.367,106897.2,9e-05,9.620748
2025-10-17 22:38:30.379,106897.2,0.0014,149.65608
2025-10-17 22:38:30.380,106897.2,0.2248,24030.49056
2025-10-17 22:38:30.386,106897.2,0.01006,1075.385832
2025-10-17 22:38:30.388,106897.19,0.00095,101.5523305
2025-10-17 22:38:30.407,106895.81,7e-05,7.4827067
2025-10-17 22:38:30.418,106890.79,0.00476,508.8001604
2025-10-17 22:38:30.424,106886.21,5e-05,5.344310500000001
2025-10-17 22:38:30.426,106883.22,0.00025,26.720805000000002
2025-10-17 22:38:30.485,106885.17,0.00935,999.3763395000001
2025-10-17 22:38:30.546,106885.16,0.0014,149.639224
2025-10-17 22:38:30.608,106885.16,0.02878,3076.1549048
2025-10-17 22:38:30.612,106885.17,0.00011,11.7573687
2025-10-17 22:38:30.953,106885.16,0.00035,37.409806
2025-10-17 22:38:31.441,106885.17,0.00048,51.3048816
2025-10-17 22:38:32.383,106885.17,9e-05,9.619665300000001
2025-10-17 22:38:32.539,106885.16,0.00047,50.2360252
2025-10-17 22:38:32.742,106885.16,0.012,1282.62192
2025-10-17 22:38:32.743,106885.16,0.012,1282.62192
2025-10-17 22:38:33.313,106885.16,0.00025,26.72129
2025-10-17 22:38:33.527,106885.17,0.00073,78.02617409999999
2025-10-17 22:38:33.614,106876.25,6e-05,6.412575
2025-10-17 22:38:33.618,106874.4,0.06885,7358.302439999999
2025-10-17 22:38:34.276,106874.4,0.03733,3989.621352
2025-10-17 22:38:34.411,106874.41,7e-05,7.4812087
2025-10-17 22:38:34.533,106874.4,0.012,1282.4928
2025-10-17 22:38:34.535,106874.4,0.012,1282.4928
2025-10-17 22:38:34.767,106874.4,0.00175,187.0302
2025-10-17 22:38:34.768,106865.22,5e-05,5.343261
2025-10-17 22:38:34.859,106864.6,0.0022,235.10212
2025-10-17 22:38:34.954,106864.6,0.0135,1442.6721
2025-10-17 22:38:35.495,106864.6,0.03031,3239.066026
2025-10-17 22:38:35.851,106864.6,0.00055,58.77553
2025-10-17 22:38:36.008,106864.59,0.00011,11.7551049
2025-10-17 22:38:36.069,106864.59,0.00028,29.922085199999998
2025-10-17 22:38:36.144,106864.6,0.00019,20.304274000000003
2025-10-17 22:38:37.018,106864.6,0.00015,16.02969
2025-10-17 22:38:37.256,106864.6,0.00014,14.961044
2025-10-17 22:38:37.368,106864.6,0.00015,16.02969
2025-10-17 22:38:37.697,106864.6,0.00047,50.226362
2025-10-17 22:38:37.858,106864.6,0.00015,16.02969
2025-10-17 22:38:38.102,106864.6,0.00015,16.02969
2025-10-17 22:38:38.196,106864.59,0.012,1282.37508
2025-10-17 22:38:38.197,106864.59,0.012,1282.37508
2025-10-17 22:38:38.548,106864.59,0.01505,1608.3120794999998
2025-10-17 22:38:38.575,106864.59,0.00046,49.1577114
2025-10-17 22:38:39.390,106864.59,0.00048,51.2950032
2025-10-17 22:38:41.005,106864.59,6e-05,6.4118754
2025-10-17 22:38:41.348,106864.59,0.00029,30.990731099999998
2025-10-17 22:38:41.598,106864.59,7e-05,7.4805212999999995
2025-10-17 22:38:42.174,106864.6,0.24294,25961.685924
2025-10-17 22:38:42.175,106864.6,0.01507,1610.4495220000001
2025-10-17 22:38:42.176,106864.6,0.08549,9135.854654
2025-10-17 22:38:42.177,106866.39,0.00025,26.7165975
2025-10-17 22:38:42.178,106866.4,0.00012,12.823967999999999
2025-10-17 22:38:42.193,106866.4,0.0014,149.61296
2025-10-17 22:38:42.740,106867.49,7e-05,7.480724299999999
2025-10-17 22:38:43.031,106867.49,0.00024,25.648197600000003
2025-10-17 22:38:43.660,106867.49,0.01212,1295.2339788000002
2025-10-17 22:38:43.758,106867.49,0.0008,85.493992
2025-10-17 22:38:43.759,106867.5,0.00015,16.030124999999998
2025-10-17 22:38:43.790,106867.6,0.0021,224.42195999999998
2025-10-17 22:38:44.258,106867.61,0.0295,3152.594495
2025-10-17 22:38:44.666,106867.61,0.00256,273.5810816
2025-10-17 22:38:44.716,106867.61,0.00031,33.1289591
2025-10-17 22:38:44.897,106867.61,0.00012,12.824113200000001
2025-10-17 22:38:45.354,106867.61,0.00406,433.8824966
2025-10-17 22:38:45.630,106867.62,0.00326,348.3884412
2025-10-17 22:38:45.722,106867.62,0.00467,499.07178539999995
2025-10-17 22:38:46.326,106867.61,0.00013,13.892789299999999
2025-10-17 22:38:46.439,106867.62,0.02836,3030.7657031999997
2025-10-17 22:38:46.526,106867.62,0.0007,74.807334
2025-10-17 22:38:47.151,106868.87,0.01685,1800.7404595
2025-10-17 22:38:47.918,106868.87,0.00047,50.2283689
2025-10-17 22:38:48.121,106868.86,0.00042,44.8849212
2025-10-17 22:38:48.161,106868.86,0.00054,57.7091844
2025-10-17 22:38:48.719,106868.86,0.00092,98.3193512
2025-10-17 22:38:49.168,106868.86,0.00025,26.717215
2025-10-17 22:38:49.447,106868.87,0.00198,211.60036259999998
2025-10-17 22:38:49.469,106868.89,0.00175,187.0205575
2025-10-17 22:38:49.663,106871.01,0.00057,60.91647569999999
2025-10-17 22:38:49.961,106871.0,9e-05,9.61839
2025-10-17 22:38:50.504,106872.25,5e-05,5.3436125
2025-10-17 22:38:50.548,106873.0,0.00323,345.19978999999995
2025-10-17 22:38:51.202,106873.0,0.00072,76.94856
2025-10-17 22:38:51.343,106873.0,0.00886,946.89478
2025-10-17 22:38:53.453,106873.0,0.00792,846.43416
2025-10-17 22:38:54.047,106872.99,0.00034,36.336816600000006
2025-10-17 22:38:54.363,106872.99,0.00026,27.786977399999998
2025-10-17 22:38:54.394,106873.0,0.00011,11.75603
2025-10-17 22:38:54.419,106873.0,0.07499,8014.40627
2025-10-17 22:38:54.425,106873.0,0.00022,23.51206
2025-10-17 22:38:54.528,106872.99,0.00011,11.7560289
2025-10-17 22:38:54.640,106873.0,0.00046,49.16158
2025-10-17 22:38:55.093,106873.0,0.0016,170.9968
2025-10-17 22:38:55.132,106873.0,0.00012,12.82476
2025-10-17 22:38:55.585,106873.0,0.00233,249.01409
2025-10-17 22:38:55.599,106874.07,5e-05,5.3437035
2025-10-17 22:38:55.901,106874.19,0.00187,199.8547353
2025-10-17 22:38:55.969,106874.18,7e-05,7.481192599999999
2025-10-17 22:38:56.204,106874.19,0.00859,918.0492921000001
2025-10-17 22:38:56.513,106876.25,6e-05,6.412575
2025-10-17 22:38:56.514,106876.55,0.00015,16.0314825
2025-10-17 22:38:56.646,106876.56,0.03905,4173.529668
2025-10-17 22:38:56.753,106876.55,6e-05,6.412593
2025-10-17 22:38:57.576,106876.56,0.0001,10.687656
2025-10-17 22:38:58.807,106876.56,0.02,2137.5312
2025-10-17 22:38:58.890,106876.55,0.00012,12.825186
2025-10-17 22:38:59.093,106876.56,0.00606,647.6719536
2025-10-17 22:38:59.360,106876.55,6e-05,6.412593
2025-10-17 22:38:59.618,106876.55,0.00069,73.7448195
2025-10-17 22:38:59.620,106876.55,0.02464,2633.438192
2025-10-17 22:39:00.340,106874.26,0.00242,258.63570919999995
2025-10-17 22:39:00.485,106874.27,0.00042,44.8871934
2025-10-17 22:39:00.647,106874.27,0.00053,56.6433631
2025-10-17 22:39:00.792,106874.26,9e-05,9.6186834
2025-10-17 22:39:01.353,106874.27,0.00083,88.7056441
2025-10-17 22:39:01.632,106874.27,9e-05,9.618684300000002
2025-10-17 22:39:01.984,106874.27,0.00231,246.8795637
2025-10-17 22:39:02.129,106874.28,0.00027,28.8560556
2025-10-17 22:39:02.236,106874.28,0.01,1068.7428
2025-10-17 22:39:02.681,106874.27,9e-05,9.618684300000002
2025-10-17 22:39:03.126,106874.27,0.012,1282.49124
2025-10-17 22:39:03.386,106876.99,0.00015,16.0315485
2025-10-17 22:39:03.714,106877.47,0.00942,1006.7857673999999
2025-10-17 22:39:03.926,106877.47,0.00047,50.2324109
2025-10-17 22:39:04.306,106877.47,0.00047,50.2324109
2025-10-17 22:39:04.720,106877.47,0.00086,91.9146242
2025-10-17 22:39:04.771,106879.76,0.0001,10.687976
2025-10-17 22:39:04.785,106880.0,0.00934,998.2592
2025-10-17 22:39:05.032,106879.99,0.01879,2008.2750121000001
2025-10-17 22:39:05.492,106880.0,0.03348,3578.3424000000005
2025-10-17 22:39:05.847,106880.0,7e-05,7.481599999999999
2025-10-17 22:39:05.902,106880.0,0.01,1068.8
2025-10-17 22:39:06.380,106880.0,0.00017,18.169600000000003
2025-10-17 22:39:06.578,106879.99,7e-05,7.4815993
2025-10-17 22:39:07.775,106879.99,0.00013,13.8943987
2025-10-17 22:39:07.943,106880.0,0.00142,151.7696
2025-10-17 22:39:08.019,106879.99,0.0281,3003.3277190000003
2025-10-17 22:39:08.117,106880.0,0.00345,368.736
2025-10-17 22:39:09.460,106879.99,9e-05,9.619199100000001
2025-10-17 22:39:09.864,106880.0,0.00195,208.416
2025-10-17 22:39:09.879,106880.17,0.0008,85.504136
2025-10-17 22:39:10.550,106882.97,0.00077,82.29988689999999
2025-10-17 22:39:10.630,106882.97,0.0015,160.324455
2025-10-17 22:39:10.681,106885.16,0.00015,16.032774
2025-10-17 22:39:10.798,106885.17,0.01,1068.8517
2025-10-17 22:39:11.264,106892.5,6e-05,6.41355
2025-10-17 22:39:11.798,106895.85,0.001,106.89585000000001
2025-10-17 22:39:11.978,106895.94,0.00015,16.034391
2025-10-17 22:39:11.979,106895.95,0.0003,32.068785
2025-10-17 22:39:11.981,106896.0,0.00105,112.2408
2025-10-17 22:39:11.984,106896.03,0.0007,74.827221
2025-10-17 22:39:11.986,106896.03,0.0005,53.448015
2025-10-17 22:39:12.015,106896.04,0.00095,101.551238
2025-10-17 22:39:12.487,106896.66,0.00082,87.6552612
2025-10-17 22:39:13.527,106896.66,0.00804,859.4491464
2025-10-17 22:39:13.564,106896.65,0.014,1496.5530999999999
2025-10-17 22:39:13.820,106896.66,5e-05,5.344833
2025-10-17 22:39:15.094,106896.66,0.0001,10.689666
2025-10-17 22:39:15.335,106896.66,0.00839,896.8629774
2025-10-17 22:39:16.243,106896.66,0.0004,42.758664
2025-10-17 22:39:17.916,106896.66,0.00145,155.000157
2025-10-17 22:39:17.920,106896.68,0.0004,42.758672
2025-10-17 22:39:17.921,106896.68,0.00044,47.0345392
2025-10-17 22:39:17.922,106896.68,0.00022,23.5172696
2025-10-17 22:39:17.923,106896.68,0.00022,23.5172696
2025-10-17 22:39:17.924,106896.68,5e-05,5.344834
2025-10-17 22:39:17.925,106896.69,0.00065,69.4828485
2025-10-17 22:39:17.926,106896.71,0.00012,12.8276052
2025-10-17 22:39:17.928,106896.7,0.00025,26.724175
2025-10-17 22:39:17.929,106896.7,0.0001,10.68967
2025-10-17 22:39:17.930,106896.71,0.00039,41.6897169
2025-10-17 22:39:17.931,106896.71,0.00081,86.5863351
2025-10-17 22:39:17.933,106896.71,0.00165,176.3795715
2025-10-17 22:39:17.934,106896.72,0.00058,62.000097600000004
2025-10-17 22:39:17.936,106896.72,0.00057,60.9311304
2025-10-17 22:39:17.938,106899.0,5e-05,5.34495
2025-10-17 22:39:17.940,106896.73,0.00035,37.4138555
2025-10-17 22:39:17.941,106899.01,0.0001,10.689901
2025-10-17 22:39:17.942,106899.0,9e-05,9.62091
2025-10-17 22:39:17.943,106899.0,0.00081,86.58819
2025-10-17 22:39:17.946,106900.0,0.00734,784.6460000000001
2025-10-17 22:39:17.950,106903.47,0.00015,16.0355205
2025-10-17 22:39:17.951,106905.55,0.00015,16.035832499999998
2025-10-17 22:39:17.954,106905.56,0.00508,543.0802448000001
2025-10-17 22:39:17.955,106905.56,0.00091,97.28405959999999
2025-10-17 22:39:17.956,106905.56,0.00472,504.5942432
2025-10-17 22:39:18.026,106905.55,0.00047,50.2456085
2025-10-17 22:39:18.201,106905.56,0.00047,50.245613199999994
2025-10-17 22:39:18.346,106905.55,0.03657,3909.5359635
2025-10-17 22:39:18.628,106905.55,9e-05,9.6214995
2025-10-17 22:39:18.894,106905.55,0.0129,1379.081595
2025-10-17 22:39:19.719,106905.56,0.00014,14.966778399999999
2025-10-17 22:39:19.932,106905.56,0.0005,53.45278
2025-10-17 22:39:21.006,106905.55,0.01912,2044.0341160000003
2025-10-17 22:39:22.283,106905.56,0.00094,100.49122639999999
2025-10-17 22:39:23.034,106905.56,0.0004,42.762224
2025-10-17 22:39:23.264,106905.39,0.0001,10.690539000000001
2025-10-17 22:39:23.269,106902.62,0.00075,80.176965
2025-10-17 22:39:23.278,106901.27,0.0001,10.690127
2025-10-17 22:39:23.279,106899.79,0.012,1282.79748
2025-10-17 22:39:23.282,106899.79,0.012,1282.79748
2025-10-17 22:39:23.364,106899.79,0.10605,11336.7227295
2025-10-17 22:39:23.568,106899.79,0.00098,104.7617942
2025-10-17 22:39:23.576,106899.8,8e-05,8.551984000000001
2025-10-17 22:39:23.775,106899.79,5e-05,5.3449895
2025-10-17 22:39:23.982,106899.79,0.00016,17.1039664
2025-10-17 22:39:24.710,106899.8,7e-05,7.4829859999999995
2025-10-17 22:39:25.530,106899.8,0.14031,14999.110938
2025-10-17 22:39:25.539,106899.8,0.00029,31.000942000000002
2025-10-17 22:39:26.071,106899.8,0.00015,16.034969999999998
2025-10-17 22:39:26.361,106899.13,0.00025,26.724782500000003
2025-10-17 22:39:26.548,106899.13,0.00015,16.0348695
2025-10-17 22:39:26.825,106899.13,0.00015,16.0348695
2025-10-17 22:39:27.275,106899.13,0.00093,99.4161909
2025-10-17 22:39:27.871,106899.12,9e-05,9.6209208
2025-10-17 22:39:28.400,106899.12,0.00047,50.24258639999999
2025-10-17 22:39:30.034,106899.12,0.00037,39.5526744
2025-10-17 22:39:31.010,106899.13,9e-05,9.6209217
2025-10-17 22:39:31.133,106899.13,0.00215,229.8331295
2025-10-17 22:39:31.399,106899.13,0.00062,66.2774606
2025-10-17 22:39:31.439,106899.12,0.00021,22.4488152
2025-10-17 22:39:33.162,106899.12,0.00039,41.6906568
2025-10-17 22:39:33.202,106899.13,0.00032,34.207721600000006
2025-10-17 22:39:34.033,106899.12,0.00047,50.24258639999999
2025-10-17 22:39:34.368,106899.13,0.00187,199.9013731
2025-10-17 22:39:34.543,106899.13,0.00047,50.2425911
2025-10-17 22:39:34.652,106899.13,0.00064,68.41544320000001
2025-10-17 22:39:34.879,106899.13,0.00059,63.070486700000004
2025-10-17 22:39:35.062,106899.12,0.00021,22.4488152
2025-10-17 22:39:35.064,106899.12,0.02377,2540.9920823999996
2025-10-17 22:39:35.862,106899.13,0.00087,93.0022431
2025-10-17 22:39:35.884,106899.13,0.00029,31.0007477
2025-10-17 22:39:36.352,106899.12,0.0002,21.379824
2025-10-17 22:39:36.354,106899.12,0.16707,17859.635978399998
2025-10-17 22:39:36.577,106899.12,0.00011,11.7589032
2025-10-17 22:39:36.792,106899.13,0.00047,50.2425911
2025-10-17 22:39:37.091,106899.12,0.0001,10.689912
2025-10-17 22:39:37.317,106899.12,0.00098,104.7611376
2025-10-17 22:39:37.420,106899.13,0.00538,575.1173194
2025-10-17 22:39:37.784,106899.12,8e-05,8.551929600000001
2025-10-17 22:39:37.786,106899.12,0.00426,455.39025119999997
2025-10-17 22:39:41.120,106899.13,5e-05,5.3449565
2025-10-17 22:39:42.084,106899.12,0.00063,67.3464456
2025-10-17 22:39:42.164,106899.13,0.00119,127.20996470000001
2025-10-17 22:39:42.591,106899.12,0.002,213.79824
2025-10-17 22:39:42.594,106899.13,0.00557,595.4281541
2025-10-17 22:39:42.925,106899.13,7e-05,7.482939099999999
2025-10-17 22:39:42.951,106899.13,0.00325,347.4221725
2025-10-17 22:39:43.906,106899.13,0.00147,157.1417211
2025-10-17 22:39:43.930,106899.13,9e-05,9.6209217
2025-10-17 22:39:44.268,106899.13,0.00467,499.2189371
2025-10-17 22:39:44.702,106899.12,0.00072,76.9673664
2025-10-17 22:39:45.392,106899.13,0.00024,25.655791200000003
2025-10-17 22:39:45.683,106899.13,0.00187,199.9013731
2025-10-17 22:39:45.970,106899.13,0.00427,456.45928510000005
2025-10-17 22:39:46.154,106899.13,0.00229,244.7990077
2025-10-17 22:39:46.582,106899.13,0.00094,100.4851822
2025-10-17 22:39:47.025,106899.13,0.00028,29.931756399999998
2025-10-17 22:39:48.309,106899.12,0.00047,50.24258639999999
2025-10-17 22:39:48.335,106899.13,0.00171,182.7975123
2025-10-17 22:39:48.531,106899.13,0.00047,50.2425911
2025-10-17 22:39:49.763,106899.12,9e-05,9.6209208
2025-10-17 22:39:50.180,106899.13,0.00023,24.586799900000003
2025-10-17 22:39:51.122,106899.13,0.00171,182.7975123
2025-10-17 22:39:52.095,106899.12,0.0748,7996.054176000001
2025-10-17 22:39:52.126,106899.13,0.00047,50.2425911
2025-10-17 22:39:52.593,106899.13,0.0014,149.658782
2025-10-17 22:39:53.282,106899.13,0.0002,21.379826
2025-10-17 22:39:53.950,106899.12,9e-05,9.6209208
2025-10-17 22:39:54.992,106899.13,0.00227,242.6610251
2025-10-17 22:39:55.712,106899.13,0.04677,4999.6723101
2025-10-17 22:39:55.932,106899.13,0.00018,19.2418434
2025-10-17 22:39:56.139,106899.12,8e-05,8.551929600000001
2025-10-17 22:39:57.580,106899.12,9e-05,9.6209208
2025-10-17 22:39:58.149,106899.13,0.0017,181.728521
2025-10-17 22:40:00.584,106899.12,0.00022,23.5178064
2025-10-17 22:40:00.733,106899.12,9e-05,9.6209208
2025-10-17 22:40:01.315,106899.13,0.00982,1049.7494566
2025-10-17 22:40:01.465,106899.13,0.00027,28.8627651
2025-10-17 22:40:01.763,106899.12,0.012,1282.78944
2025-10-17 22:40:02.527,106899.12,9e-05,9.6209208
2025-10-17 22:40:02.629,106899.13,0.17488,18694.5198544
2025-10-17 22:40:02.630,106899.13,0.20421,21829.871337300003
2025-10-17 22:40:02.648,106899.13,0.01285,1373.6538205000002
2025-10-17 22:40:02.650,106899.3,0.0009,96.20937
2025-10-17 22:40:02.658,106899.66,0.00115,122.93460900000001
2025-10-17 22:40:02.660,106900.52,0.00015,16.035078
2025-10-17 22:40:02.664,106902.0,0.0002,21.3804
2025-10-17 22:40:02.666,106902.0,0.0008,85.5216
2025-10-17 22:40:02.669,106902.0,0.0009,96.2118
2025-10-17 22:40:02.671,106902.27,5e-05,5.3451135
2025-10-17 22:40:02.676,106903.63,0.00064,68.4183232
2025-10-17 22:40:02.678,106903.63,0.00051,54.520851300000004
2025-10-17 22:40:02.679,106903.64,0.00026,27.794946399999997
2025-10-17 22:40:02.680,106903.63,0.00015,16.0355445
2025-10-17 22:40:02.681,106903.64,0.00034,36.3472376
2025-10-17 22:40:02.683,106903.64,0.0001,10.690364
2025-10-17 22:40:02.685,106903.65,0.00035,37.4162775
2025-10-17 22:40:02.687,106903.65,0.00028,29.933021999999994
2025-10-17 22:40:02.689,106903.65,0.0012,128.28437999999997
2025-10-17 22:40:02.691,106903.98,6e-05,6.4142388
2025-10-17 22:40:02.694,106905.54,0.0086,919.3876439999999
2025-10-17 22:40:02.696,106905.54,0.0868,9279.400872
2025-10-17 22:40:02.699,106907.47,0.0001,10.690747
2025-10-17 22:40:02.701,106907.47,0.0003,32.072241
2025-10-17 22:40:02.702,106909.43,0.00015,16.036414499999996
2025-10-17 22:40:02.706,106910.13,0.0001,10.691013000000002
2025-10-17 22:40:02.708,106910.13,0.0007,74.837091
2025-10-17 22:40:02.710,106910.13,0.00085,90.8736105
2025-10-17 22:40:02.712,106913.14,0.0001,10.691314
2025-10-17 22:40:02.713,106911.59,0.00035,37.419056499999996
2025-10-17 22:40:03.573,106913.84,0.00336,359.2305024
2025-10-17 22:40:03.619,106913.83,0.002,213.82766
2025-10-17 22:40:03.739,106913.83,0.00093,99.4298619
2025-10-17 22:40:04.651,106913.83,0.00047,50.2495001
2025-10-17 22:40:04.879,106913.83,0.00015,16.0370745
2025-10-17 22:40:05.321,106914.0,0.002,213.828
2025-10-17 22:40:05.322,106914.01,0.0001,10.691401
2025-10-17 22:40:05.323,106915.99,0.00015,16.0373985
2025-10-17 22:40:05.324,106916.04,0.00015,16.037405999999997
2025-10-17 22:40:05.325,106916.05,0.002,213.8321
2025-10-17 22:40:05.332,106917.22,0.0001,10.691722
2025-10-17 22:40:05.335,106917.23,0.0009,96.225507
2025-10-17 22:40:06.367,106917.22,0.01664,1779.1025407999998
2025-10-17 22:40:06.515,106917.22,0.00233,249.11712260000002
2025-10-17 22:40:06.900,106917.22,0.00047,50.2510934
2025-10-17 22:40:07.949,106917.23,0.0006,64.15033799999999
2025-10-17 22:40:08.353,106917.22,0.001,106.91722
2025-10-17 22:40:08.995,106917.23,0.00047,50.2510981
2025-10-17 22:40:09.888,106917.22,8e-05,8.553377600000001
2025-10-17 22:40:10.831,106917.22,0.00044,47.043576800000004
2025-10-17 22:40:11.655,106917.23,0.00186,198.8660478
2025-10-17 22:40:13.985,106917.23,0.00327,349.6193421
2025-10-17 22:40:14.048,106917.22,0.00127,135.78486940000002
2025-10-17 22:40:14.626,106917.23,0.00841,899.1739043
2025-10-17 22:40:15.719,106917.22,0.06042,6459.9384324
2025-10-17 22:40:16.382,106917.22,9e-05,9.622549800000002
2025-10-17 22:40:16.432,106917.22,0.00025,26.729305
2025-10-17 22:40:17.046,106917.22,0.00018,19.245099600000003
2025-10-17 22:40:18.400,106917.23,0.0001,10.691723
2025-10-17 22:40:18.576,106917.23,5e-05,5.3458615
2025-10-17 22:40:18.640,106917.22,0.00047,50.2510934
2025-10-17 22:40:19.018,106917.22,0.01291,1380.3013102
2025-10-17 22:40:19.547,106917.23,0.00187,199.93522009999998
2025-10-17 22:40:20.253,106917.22,0.012,1283.00664
2025-10-17 22:40:20.532,106917.23,0.00077,82.3262671
2025-10-17 22:40:20.534,106917.22,0.00015,16.037582999999998
2025-10-17 22:40:21.471,106917.23,9e-05,9.6225507
2025-10-17 22:40:21.582,106917.22,7e-05,7.4842054
2025-10-17 22:40:21.588,106917.22,0.012,1283.00664
2025-10-17 22:40:21.590,106917.22,0.012,1283.00664
2025-10-17 22:40:22.255,106917.22,0.00021,22.4526162
2025-10-17 22:40:22.686,106917.22,0.012,1283.00664
2025-10-17 22:40:22.687,106917.22,0.012,1283.00664
2025-10-17 22:40:22.704,106917.22,0.00089,95.15632579999999
2025-10-17 22:40:22.714,106917.22,0.012,1283.00664
2025-10-17 22:40:22.716,106917.22,0.004,427.66888
2025-10-17 22:40:22.735,106917.22,0.54074,57814.4175428
2025-10-17 22:40:22.736,106917.21,0.00421,450.12145410000005
2025-10-17 22:40:22.737,106917.2,0.00015,16.03758
2025-10-17 22:40:22.738,106914.04,5e-05,5.345702
2025-10-17 22:40:22.740,106912.95,0.00384,410.545728
2025-10-17 22:40:22.742,106912.95,0.00438,468.278721
2025-10-17 22:40:22.743,106912.95,0.01004,1073.406018
2025-10-17 22:40:22.744,106912.95,0.00468,500.352606
2025-10-17 22:40:22.746,106912.95,0.0009,96.221655
2025-10-17 22:40:22.748,106912.94,0.0001,10.691294000000001
2025-10-17 22:40:22.751,106912.94,0.00097,103.70555180000001
2025-10-17 22:40:22.752,106912.94,0.00016,17.1060704
2025-10-17 22:40:22.753,106910.11,1e-05,1.0691011000000001
2025-10-17 22:40:22.754,106905.12,0.0007,74.833584
2025-10-17 22:40:22.757,106903.83,0.012,1282.84596
2025-10-17 22:40:22.887,106903.83,9e-05,9.621344700000002
2025-10-17 22:40:23.143,106903.83,0.0203,2170.1477489999997
2025-10-17 22:40:25.034,106903.83,0.00581,621.1112523
2025-10-17 22:40:25.146,106903.83,0.0016,171.046128
2025-10-17 22:40:25.749,106903.83,0.00098,104.7657534
2025-10-17 22:40:25.758,106903.83,0.00268,286.5022644
2025-10-17 22:40:25.768,106902.51,0.00075,80.17688249999999
2025-10-17 22:40:25.816,106902.25,0.00176,188.14796
2025-10-17 22:40:25.908,106902.24,0.00259,276.8768016
2025-10-17 22:40:26.462,106899.13,0.0006,64.139478
2025-10-17 22:40:26.899,106899.13,5e-05,5.3449565
2025-10-17 22:40:27.591,106899.13,9e-05,9.6209217
2025-10-17 22:40:27.661,106899.13,0.0001,10.689913
2025-10-17 22:40:27.671,106899.13,0.0001,10.689913
2025-10-17 22:40:27.737,106899.12,0.0084,897.9526079999999
2025-10-17 22:40:27.791,106899.13,0.0001,10.689913
2025-10-17 22:40:27.818,106899.13,0.0001,10.689913
2025-10-17 22:40:28.063,106899.13,0.00016,17.103860800000003
2025-10-17 22:40:28.418,106899.13,0.00019,20.3108347
2025-10-17 22:40:28.420,106899.13,0.00077,82.3123301
2025-10-17 22:40:28.561,106899.13,0.00094,100.4851822
2025-10-17 22:40:28.917,106899.13,0.0001,10.689913
2025-10-17 22:40:28.962,106899.13,0.00109,116.52005170000001
2025-10-17 22:40:28.992,106899.13,0.0001,10.689913
2025-10-17 22:40:29.132,106899.13,0.00019,20.3108347
2025-10-17 22:40:29.633,106899.13,0.0001,10.689913
2025-10-17 22:40:29.761,106899.13,0.0001,10.689913
2025-10-17 22:40:30.030,106899.12,0.0001,10.689912
2025-10-17 22:40:31.262,106899.12,0.00094,100.48517279999999
2025-10-17 22:40:31.718,106899.13,0.00031,33.1387303
2025-10-17 22:40:32.032,106899.12,0.00041,43.8286392
2025-10-17 22:40:32.185,106899.13,0.00012,12.827895600000002
2025-10-17 22:40:32.910,106899.12,0.04657,4978.2920183999995
2025-10-17 22:40:33.544,106899.12,0.00128,136.83087360000002
2025-10-17 22:40:33.663,106899.12,0.00019,20.3108328
2025-10-17 22:40:33.672,106899.12,0.0001,10.689912
2025-10-17 22:40:33.964,106899.13,0.0018,192.418434
2025-10-17 22:40:34.371,106899.13,0.00024,25.655791200000003
2025-10-17 22:40:34.691,106899.13,0.00085,90.8642605
2025-10-17 22:40:34.694,106899.12,0.00046,49.1735952
2025-10-17 22:40:34.843,106899.13,0.0001,10.689913
2025-10-17 22:40:34.891,106899.13,6e-05,6.413947800000001
2025-10-17 22:40:35.107,106899.12,0.0139,1485.8977679999998
2025-10-17 22:40:36.585,106899.13,0.00061,65.2084693
2025-10-17 22:40:37.025,106899.12,0.00031,33.1387272
2025-10-17 22:40:39.102,106899.12,0.00047,50.24258639999999
2025-10-17 22:40:39.239,106899.13,0.01637,1749.9387581
2025-10-17 22:40:39.275,106899.13,0.00047,50.2425911
2025-10-17 22:40:39.609,106899.13,0.00467,499.2189371
2025-10-17 22:40:40.345,106899.12,9e-05,9.6209208
2025-10-17 22:40:40.638,106899.13,0.00083,88.7262779
2025-10-17 22:40:40.742,106899.12,0.00035,37.414691999999995
2025-10-17 22:40:40.803,106899.13,0.00233,249.0749729
2025-10-17 22:40:41.491,106899.12,0.00187,199.90135439999997
2025-10-17 22:40:42.758,106899.12,0.00029,31.0007448
2025-10-17 22:40:44.485,106899.13,0.00011,11.758904300000001
2025-10-17 22:40:44.873,106899.13,0.0005,53.44956500000001
2025-10-17 22:40:45.001,106899.12,0.00921,984.5408951999999
2025-10-17 22:40:46.615,106899.12,0.0014,149.65876799999998
2025-10-17 22:40:47.246,106899.12,0.00904,966.3680447999999
2025-10-17 22:40:47.917,106899.12,0.0005,53.44956
2025-10-17 22:40:47.983,106899.13,0.00022,23.517808600000002
2025-10-17 22:40:48.015,106899.12,9e-05,9.6209208
2025-10-17 22:40:48.312,106899.13,0.00016,17.103860800000003
2025-10-17 22:40:49.082,106899.12,0.0084,897.9526079999999
2025-10-17 22:40:49.083,106899.11,0.06596,7051.0652956
2025-10-17 22:40:49.084,106899.11,0.0747,7985.363517000001
2025-10-17 22:40:49.085,106899.11,0.01557,1664.4191427
2025-10-17 22:40:49.086,106899.11,0.00597,638.1876867
2025-10-17 22:40:49.087,106899.11,0.01114,1190.8560854
2025-10-17 22:40:49.088,106899.11,0.14432,15427.6795552
2025-10-17 22:40:49.090,106899.11,0.23564,25189.706280399998
2025-10-17 22:40:49.092,106899.11,0.02805,2998.5200354999997
2025-10-17 22:40:49.093,106899.11,0.17917,19153.1135387
2025-10-17 22:40:49.094,106899.11,0.22399,23944.3316489
2025-10-17 22:40:49.095,106899.11,0.01756,1877.1483716
2025-10-17 22:40:49.106,106899.11,0.06854,7326.864999400001
2025-10-17 22:40:49.107,106899.11,0.00662,707.6721082
2025-10-17 22:40:49.111,106899.11,0.36406,38917.6899866
2025-10-17 22:40:49.115,106899.11,0.02216,2368.8842776
2025-10-17 22:40:49.118,106899.11,0.02056,2197.8457015999998
2025-10-17 22:40:49.119,106899.11,0.007,748.29377
2025-10-17 22:40:49.127,106899.11,0.00374,399.8026714
2025-10-17 22:40:49.130,106899.11,0.0306,3271.1127659999997
2025-10-17 22:40:49.136,106899.11,0.02784,2976.0712224
2025-10-17 22:40:49.141,106899.11,0.17172,18356.7151692
2025-10-17 22:40:49.167,106899.11,0.19282,20612.2863902
2025-10-17 22:40:49.226,106899.11,0.06282,6715.4020902
2025-10-17 22:40:49.231,106899.11,0.00896,957.8160255999999
2025-10-17 22:40:49.233,106899.1,0.0008,85.51928000000001
2025-10-17 22:40:50.027,106899.0,0.00026,27.793739999999996
2025-10-17 22:40:50.393,106899.01,0.00028,29.931722799999996
2025-10-17 22:40:50.768,106899.0,0.00025,26.72475
2025-10-17 22:40:51.224,106899.01,0.00086,91.9331486
2025-10-17 22:40:52.049,106899.0,0.08,8551.92
2025-10-17 22:40:52.050,106899.0,0.04,4275.96
2025-10-17 22:40:52.225,106899.0,9e-05,9.62091
2025-10-17 22:40:52.518,106899.0,0.00037,39.55263
2025-10-17 22:40:53.053,106899.0,0.00409,437.21691
2025-10-17 22:40:53.165,106899.0,0.0184,1966.9415999999999
2025-10-17 22:40:53.172,106899.01,0.00023,24.5867723
2025-10-17 22:40:53.680,106899.0,9e-05,9.62091
2025-10-17 22:40:53.943,106899.01,9e-05,9.6209109
2025-10-17 22:40:54.017,106899.01,0.00188,200.97013879999997
2025-10-17 22:40:54.564,106899.01,7e-05,7.482930699999999
2025-10-17 22:40:54.900,106899.0,0.00798,853.0540199999999
2025-10-17 22:40:54.901,106890.68,0.02348,2509.7931664
2025-10-17 22:40:54.909,106884.78,0.00015,16.032716999999998
2025-10-17 22:40:54.912,106884.76,3e-05,3.2065428
2025-10-17 22:40:54.913,106884.76,0.00032,34.2031232
2025-10-17 22:40:54.916,106882.49,0.012,1282.58988
2025-10-17 22:40:54.918,106877.16,0.0001,10.687716
2025-10-17 22:40:54.952,106876.45,0.00466,498.044257
2025-10-17 22:40:55.053,106876.45,0.00047,50.231931499999995
2025-10-17 22:40:55.181,106876.44,0.01872,2000.7269568000002
2025-10-17 22:40:55.478,106876.45,5e-05,5.3438225
2025-10-17 22:40:58.023,106876.44,0.02559,2734.9680996
2025-10-17 22:40:58.843,106876.44,0.0026,277.878744
2025-10-17 22:41:00.155,106876.45,0.00081,86.5699245
2025-10-17 22:41:00.156,106876.45,0.00081,86.5699245
2025-10-17 22:41:00.161,106876.45,0.0007,74.813515
2025-10-17 22:41:00.711,106876.45,0.00196,209.47784199999998
2025-10-17 22:41:01.064,106876.45,0.00011,11.7564095
2025-10-17 22:41:01.067,106876.45,0.18024,19263.411348
2025-10-17 22:41:01.418,106876.44,0.00019,20.306523600000002
2025-10-17 22:41:01.577,106876.44,7e-05,7.4813507999999995
2025-10-17 22:41:01.591,106876.44,0.00018,19.237759200000003
2025-10-17 22:41:02.585,106876.45,8e-05,8.550116000000001
2025-10-17 22:41:02.604,106876.45,0.0006,64.12586999999999
2025-10-17 22:41:02.796,106876.44,0.00179,191.3088276
2025-10-17 22:41:04.272,106876.45,0.00053,56.6445185
2025-10-17 22:41:04.342,106876.44,0.0005,53.43822
2025-10-17 22:41:04.908,106876.45,0.00127,135.7330915
2025-10-17 22:41:05.160,106876.45,0.00047,50.231931499999995
2025-10-17 22:41:05.804,106876.45,0.00233,249.0221285
2025-10-17 22:41:05.833,106876.44,0.00011,11.756408400000002
2025-10-17 22:41:05.910,106876.45,0.00052,55.575753999999996
2025-10-17 22:41:06.917,106876.45,0.3898,41660.44020999999
2025-10-17 22:41:06.921,106876.45,0.46269,49450.664650499995
2025-10-17 22:41:06.926,106876.46,0.00841,898.8310286000002
2025-10-17 22:41:06.930,106880.16,0.00015,16.032024
2025-10-17 22:41:07.142,106880.72,0.00863,922.3806136000001
2025-10-17 22:41:07.428,106880.71,0.08341,8914.9200211
2025-10-17 22:41:07.739,106880.72,0.00039,41.6834808
2025-10-17 22:41:08.928,106880.72,0.001,106.88072
2025-10-17 22:41:09.205,106880.71,0.0001,10.688071
2025-10-17 22:41:09.337,106880.72,9e-05,9.6192648
2025-10-17 22:41:09.384,106880.71,0.00047,50.2339337
2025-10-17 22:41:09.555,106880.72,5e-05,5.344036
2025-10-17 22:41:09.605,106880.72,0.00047,50.2339384
2025-10-17 22:41:10.702,106880.71,0.06184,6609.5031064
2025-10-17 22:41:11.419,106880.71,9e-05,9.619263900000002
2025-10-17 22:41:11.572,106880.71,0.00012,12.8256852
2025-10-17 22:41:12.336,106880.72,5e-05,5.344036
2025-10-17 22:41:13.133,106880.71,0.00013,13.8944923
2025-10-17 22:41:14.024,106880.72,0.00026,27.788987199999998
2025-10-17 22:41:14.917,106880.71,0.0019,203.073349
2025-10-17 22:41:15.380,106880.72,6e-05,6.4128432
2025-10-17 22:41:15.495,106880.72,7e-05,7.4816503999999995
2025-10-17 22:41:15.517,106880.72,0.00194,207.34859680000002
2025-10-17 22:41:15.526,106880.71,9e-05,9.619263900000002
2025-10-17 22:41:17.048,106880.71,0.00276,294.9907596
2025-10-17 22:41:19.075,106880.71,6e-05,6.4128426
2025-10-17 22:41:19.782,106880.71,0.00078,83.3669538
2025-10-17 22:41:20.749,106880.71,0.06183,6608.434299300001
2025-10-17 22:41:21.051,106880.71,0.00018,19.238527800000004
2025-10-17 22:41:23.560,106880.71,0.00085,90.8486035
2025-10-17 22:41:23.922,106880.71,0.00188,200.9357348
2025-10-17 22:41:24.389,106880.71,0.00019,20.3073349
2025-10-17 22:41:24.861,106880.71,0.00048,51.3027408
2025-10-17 22:41:25.279,106880.72,0.00358,382.6329776
2025-10-17 22:41:26.258,106880.72,0.0005,53.44036
2025-10-17 22:41:26.548,106880.72,0.0033,352.706376
2025-10-17 22:41:26.593,106880.71,7e-05,7.4816497
2025-10-17 22:41:28.260,106880.71,0.00084,89.77979640000001
2025-10-17 22:41:28.864,106880.72,0.00074,79.0917328
2025-10-17 22:41:28.910,106880.72,0.00119,127.18805680000001
2025-10-17 22:41:29.043,106880.71,6e-05,6.4128426
2025-10-17 22:41:29.310,106880.72,0.01695,1811.628204
2025-10-17 22:41:29.323,106880.72,0.00028,29.926601599999998
2025-10-17 22:41:30.402,106880.72,0.00062,66.26604640000001
2025-10-17 22:41:30.805,106880.72,0.00233,249.0320776
2025-10-17 22:41:30.868,106880.72,0.09407,10054.2693304
2025-10-17 22:41:32.021,106880.71,6e-05,6.4128426
2025-10-17 22:41:32.083,106880.71,0.001,106.88071000000001
2025-10-17 22:41:32.529,106880.71,0.001,106.88071000000001
2025-10-17 22:41:32.578,106880.72,0.00069,73.7476968
2025-10-17 22:41:32.583,106880.71,0.001,106.88071000000001
2025-10-17 22:41:32.768,106880.72,0.00069,73.7476968
2025-10-17 22:41:33.833,106880.72,0.00257,274.68345039999997
2025-10-17 22:41:34.008,106880.72,0.00047,50.2339384
2025-10-17 22:41:34.330,106880.72,0.00573,612.4265256
2025-10-17 22:41:35.206,106880.72,0.00989,1057.0503208
2025-10-17 22:41:35.433,106880.71,0.00247,263.9953537
2025-10-17 22:41:35.435,106880.71,0.009,961.92639
2025-10-17 22:41:35.540,106880.71,0.012,1282.56852
2025-10-17 22:41:36.146,106880.72,0.02439,2606.8207608
2025-10-17 22:41:37.493,106880.72,0.00094,100.4678768
2025-10-17 22:41:37.538,106880.72,0.00015,16.032107999999997
2025-10-17 22:41:38.192,106880.72,0.01029,1099.8026088000001
2025-10-17 22:41:38.985,106880.71,0.00467,499.1329157
2025-10-17 22:41:39.097,106880.72,0.00451,482.0320472
2025-10-17 22:41:39.713,106880.71,0.00047,50.2339337
2025-10-17 22:41:40.113,106880.72,0.00247,263.9953784
2025-10-17 22:41:41.070,106880.72,0.00114,121.8440208
2025-10-17 22:41:41.089,106880.72,0.00101,107.9495272
2025-10-17 22:41:41.444,106880.71,0.012,1282.56852
2025-10-17 22:41:42.219,106880.72,0.00046,49.165131200000005
2025-10-17 22:41:42.297,106880.71,0.00164,175.28436440000002
2025-10-17 22:41:43.885,106880.71,0.00145,154.9770295
2025-10-17 22:41:43.942,106880.72,0.00536,572.8806592000001
2025-10-17 22:41:44.078,106880.72,0.00022,23.5137584
2025-10-17 22:41:45.005,106880.72,9e-05,9.6192648
2025-10-17 22:41:45.442,106880.71,0.00107,114.3623597
2025-10-17 22:41:45.842,106880.72,0.00367,392.2522424
2025-10-17 22:41:45.864,106880.72,0.00182,194.5229104
2025-10-17 22:41:45.949,106880.72,0.00171,182.7660312
2025-10-17 22:41:46.577,106880.71,0.00011,11.756878100000002
2025-10-17 22:41:46.813,106880.71,0.012,1282.56852
2025-10-17 22:41:46.814,106880.71,0.012,1282.56852
2025-10-17 22:41:46.861,106880.71,0.00936,1000.4034456
2025-10-17 22:41:47.333,106880.71,8e-05,8.550456800000001
2025-10-17 22:41:48.156,106880.72,0.00438,468.13755360000005
2025-10-17 22:41:48.251,106880.71,0.012,1282.56852
2025-10-17 22:41:48.252,106880.71,0.012,1282.56852
2025-10-17 22:41:48.595,106880.72,0.00029,30.9954088
2025-10-17 22:41:48.866,106880.71,9e-05,9.619263900000002
2025-10-17 22:41:49.162,106880.72,0.00017,18.1697224
2025-10-17 22:41:49.241,106880.72,0.00464,495.9265408
2025-10-17 22:41:49.849,106880.72,0.0088,940.550336
2025-10-17 22:41:50.125,106880.71,0.00197,210.5549987
2025-10-17 22:41:50.545,106880.72,0.00745,796.261364
2025-10-17 22:41:50.864,106880.72,0.00303,323.84858160000005
2025-10-17 22:41:51.944,106880.72,0.00182,194.5229104
2025-10-17 22:41:52.279,106880.71,0.01,1068.8071
2025-10-17 22:41:52.848,106880.72,0.00609,650.9035848
2025-10-17 22:41:52.866,106880.72,5e-05,5.344036
2025-10-17 22:41:53.175,106880.72,0.0001,10.688072
2025-10-17 22:41:53.238,106880.72,0.00022,23.5137584
2025-10-17 22:41:53.996,106880.71,8e-05,8.550456800000001
2025-10-17 22:41:54.183,106880.71,0.00177,189.1788567
2025-10-17 22:41:55.513,106880.72,0.00178,190.2476816
2025-10-17 22:41:55.753,106880.72,0.00187,199.8669464
2025-10-17 22:41:55.806,106880.72,0.00233,249.0320776
2025-10-17 22:41:57.237,106880.71,0.00018,19.238527800000004
2025-10-17 22:41:58.425,106880.71,0.00149,159.25225790000002
2025-10-17 22:41:59.083,106880.72,9e-05,9.6192648
2025-10-17 22:41:59.554,106880.72,0.0006,64.12843199999999
2025-10-17 22:42:00.163,106880.71,0.00042,44.889898200000005
2025-10-17 22:42:00.383,106880.71,9e-05,9.619263900000002
2025-10-17 22:42:01.371,106880.72,0.01289,1377.6924808
2025-10-17 22:42:01.526,106880.72,0.00039,41.6834808
2025-10-17 22:42:01.684,106880.72,9e-05,9.6192648
2025-10-17 22:42:04.094,106880.72,0.0002,21.376144
2025-10-17 22:42:06.183,106880.71,0.00128,136.80730880000002
2025-10-17 22:42:08.361,106880.72,0.00082,87.6421904
2025-10-17 22:42:08.583,106880.71,0.00545,582.4998695
2025-10-17 22:42:10.610,106880.71,0.00021,22.444949100000002
2025-10-17 22:42:12.341,106880.71,0.02089,2232.7380319
2025-10-17 22:42:13.183,106880.72,0.00019,20.3073368
2025-10-17 22:42:13.196,106880.72,0.00028,29.926601599999998
2025-10-17 22:42:13.824,106880.71,0.0002,21.376142
2025-10-17 22:42:13.996,106880.72,0.01847,1974.0868984
2025-10-17 22:42:14.310,106880.71,0.003,320.64213
2025-10-17 22:42:14.812,106880.71,0.00057,60.9220047
2025-10-17 22:42:15.673,106880.71,6.04722,646331.1671262
2025-10-17 22:42:16.033,106880.7,0.00086,91.917402
2025-10-17 22:42:16.132,106880.69,0.00026,27.7889794
2025-10-17 22:42:17.700,106880.69,8e-05,8.5504552
2025-10-17 22:42:17.869,106880.7,0.0001,10.68807
2025-10-17 22:42:17.890,106880.7,7e-05,7.481648999999999
2025-10-17 22:42:17.911,106880.7,7e-05,7.481648999999999
2025-10-17 22:42:17.921,106880.7,0.0001,10.68807
2025-10-17 22:42:17.970,106880.69,0.00033,35.2706277
2025-10-17 22:42:18.010,106880.7,0.0001,10.68807
2025-10-17 22:42:18.184,106880.7,0.00038,40.614666
2025-10-17 22:42:18.226,106880.7,0.00021,22.444947
2025-10-17 22:42:18.337,106880.7,0.0001,10.68807
2025-10-17 22:42:18.476,106880.7,0.00019,20.307333
2025-10-17 22:42:18.485,106880.7,0.00056,59.85319199999999
2025-10-17 22:42:18.591,106880.7,0.00019,20.307333
2025-10-17 22:42:18.616,106880.7,9e-05,9.619263
2025-10-17 22:42:19.072,106880.7,0.00033,35.270631
2025-10-17 22:42:19.168,106880.7,0.00039,41.683473
2025-10-17 22:42:19.170,106880.7,0.00012,12.825684
2025-10-17 22:42:19.391,106880.7,8e-05,8.550456
2025-10-17 22:42:19.482,106880.7,0.0001,10.68807
2025-10-17 22:42:19.492,106880.7,0.00023,24.582561
2025-10-17 22:42:19.580,106880.7,0.00013,13.894490999999999
2025-10-17 22:42:19.581,106880.7,0.00047,50.233928999999996
2025-10-17 22:42:19.725,106880.7,0.00024,25.651368
2025-10-17 22:42:19.819,106880.7,0.00024,25.651368
2025-10-17 22:42:20.017,106880.7,0.00017,18.169719
2025-10-17 22:42:20.025,106880.7,0.00211,225.51827699999998
2025-10-17 22:42:20.038,106880.7,0.00075,80.16052499999999
2025-10-17 22:42:20.047,106880.7,0.00016,17.100912
2025-10-17 22:42:20.108,106880.69,0.02291,2448.6366079
2025-10-17 22:42:20.291,106880.7,7e-05,7.481648999999999
2025-10-17 22:42:20.806,106880.7,0.00233,249.032031
2025-10-17 22:42:22.184,106880.69,1.0,106880.69
2025-10-17 22:42:22.499,106880.69,0.00192,205.21092480000002
2025-10-17 22:42:23.175,106880.69,0.00194,207.3485386
2025-10-17 22:42:24.689,106880.69,8e-05,8.5504552
2025-10-17 22:42:24.737,106880.7,0.00012,12.825684
2025-10-17 22:42:24.743,106880.7,0.00014,14.963297999999998
2025-10-17 22:42:25.220,106880.7,0.0001,10.68807
2025-10-17 22:42:25.282,106880.7,0.00094,100.46785799999999
2025-10-17 22:42:25.392,106880.7,0.00296,316.366872
2025-10-17 22:42:25.751,106880.7,0.00253,270.408171
2025-10-17 22:42:26.663,106880.7,0.00054,57.715578
2025-10-17 22:42:27.453,106880.69,0.01893,2023.2514617
2025-10-17 22:42:27.601,106880.69,0.00118,126.11921420000002
2025-10-17 22:42:27.820,106880.7,0.00016,17.100912
2025-10-17 22:42:28.615,106880.7,0.00051,54.509157
2025-10-17 22:42:29.085,106880.7,0.00086,91.917402
2025-10-17 22:42:30.499,106880.7,0.00047,50.233928999999996
2025-10-17 22:42:30.919,106880.7,0.00185,197.729295
2025-10-17 22:42:31.186,106880.69,0.00016,17.1009104
2025-10-17 22:42:31.586,106880.69,0.0001,10.688069
2025-10-17 22:42:31.978,106880.69,0.001,106.88069
2025-10-17 22:42:32.017,106880.7,9e-05,9.619263
2025-10-17 22:42:32.423,106880.7,0.0048,513.0273599999999
2025-10-17 22:42:33.537,106880.7,0.00011,11.756877
2025-10-17 22:42:33.785,106880.69,0.0047,502.339243
2025-10-17 22:42:33.860,106880.69,0.00254,271.4769526
2025-10-17 22:42:34.772,106880.7,0.00026,27.788981999999997
2025-10-17 22:42:35.075,106880.69,0.00188,200.9356972
2025-10-17 22:42:35.537,106880.7,0.00106,113.29354199999999
2025-10-17 22:42:37.040,106880.7,0.0008,85.50456
2025-10-17 22:42:38.150,106880.7,0.00479,511.958553
2025-10-17 22:42:38.324,106880.7,0.00015,16.032104999999998
2025-10-17 22:42:38.482,106880.69,0.00024,25.651365600000002
2025-10-17 22:42:38.608,106880.7,0.00047,50.233928999999996
2025-10-17 22:42:38.723,106880.7,0.00571,610.2887969999999
2025-10-17 22:42:39.325,106880.7,0.00055,58.784385
2025-10-17 22:42:39.328,106880.7,0.00632,675.486024
2025-10-17 22:42:40.463,106880.7,0.16229,17345.668802999997
2025-10-17 22:42:40.898,106880.69,0.00019,20.307331100000003
2025-10-17 22:42:42.139,106880.7,0.00074,79.091718
2025-10-17 22:42:42.574,106880.69,0.00292,312.0916148
2025-10-17 22:42:43.623,106880.7,0.00264,282.165048
2025-10-17 22:42:44.320,106880.7,0.00093,99.399051
2025-10-17 22:42:44.936,106880.7,0.00452,483.10076399999997
2025-10-17 22:42:45.317,106880.7,0.00141,150.701787
2025-10-17 22:42:45.322,106880.69,9e-05,9.6192621
2025-10-17 22:42:45.715,106880.69,0.17653,18867.6482057
2025-10-17 22:42:45.807,106880.7,0.00233,249.032031
2025-10-17 22:42:45.973,106880.69,0.00285,304.60996650000004
2025-10-17 22:42:46.732,106880.7,0.00075,80.16052499999999
2025-10-17 22:42:47.180,106880.69,0.00262,280.0274078
2025-10-17 22:42:47.722,106880.7,0.00047,50.233928999999996
2025-10-17 22:42:47.983,106880.7,0.00016,17.100912
2025-10-17 22:42:48.690,106880.69,0.00029,30.9954001
2025-10-17 22:42:48.946,106880.69,0.0001,10.688069
2025-10-17 22:42:49.122,106880.7,0.01,1068.807
2025-10-17 22:42:49.277,106880.7,0.00367,392.252169
2025-10-17 22:42:49.287,106880.7,0.00023,24.582561
2025-10-17 22:42:49.603,106880.7,0.00051,54.509157
2025-10-17 22:42:49.889,106880.7,0.01166,1246.228962
2025-10-17 22:42:50.212,106880.7,0.01,1068.807
2025-10-17 22:42:51.665,106880.7,0.01946,2079.898422
2025-10-17 22:42:51.872,106880.7,1.23513,132011.558991
2025-10-17 22:42:51.874,106880.7,0.14037,15002.843858999999
2025-10-17 22:42:51.875,106882.19,0.04062,4341.5545578
2025-10-17 22:42:51.876,106884.23,0.02224,2377.1052752
2025-10-17 22:42:51.878,106884.58,0.03305,3532.535369
2025-10-17 22:42:51.879,106884.58,0.0209,2233.887722
2025-10-17 22:42:51.881,106884.58,5e-05,5.344229
2025-10-17 22:42:51.882,106886.36,0.0002,21.377272
2025-10-17 22:42:51.883,106887.11,5e-05,5.344355500000001
2025-10-17 22:42:51.890,106887.14,0.00015,16.033071
2025-10-17 22:42:51.892,106887.65,5e-05,5.3443825
2025-10-17 22:42:51.899,106889.79,0.0001,10.688979
2025-10-17 22:42:51.900,106891.73,0.00015,16.0337595
2025-10-17 22:42:51.906,106892.5,6e-05,6.41355
2025-10-17 22:42:51.907,106894.06,0.00025,26.723515
2025-10-17 22:42:51.911,106896.53,6e-05,6.4137918
2025-10-17 22:42:51.914,106897.28,0.00015,16.034592
2025-10-17 22:42:52.101,106900.17,0.01054,1126.7277918
2025-10-17 22:42:52.270,106900.16,0.00108,115.4521728
2025-10-17 22:42:52.287,106900.16,7e-05,7.4830112
2025-10-17 22:42:52.445,106900.16,0.00046,49.1740736
2025-10-17 22:42:52.868,106900.17,9e-05,9.6210153
2025-10-17 22:42:55.255,106900.16,0.00011,11.7590176
2025-10-17 22:42:55.725,106900.17,0.60436,64606.1867412
2025-10-17 22:42:55.819,106900.17,0.00081,86.5891377
2025-10-17 22:42:55.843,106900.16,0.00473,505.6377568
2025-10-17 22:42:59.014,106900.17,9e-05,9.6210153
2025-10-17 22:42:59.225,106900.17,0.00303,323.9075151
2025-10-17 22:42:59.231,106900.18,0.00785,839.1664129999999
2025-10-17 22:42:59.233,106900.19,0.0008,85.52015200000001
2025-10-17 22:42:59.236,106900.19,0.0008,85.52015200000001
2025-10-17 22:42:59.238,106900.2,0.0017,181.73033999999998
2025-10-17 22:42:59.241,106902.08,0.00341,364.5360928
2025-10-17 22:42:59.243,106902.08,0.19492,20837.3534336
2025-10-17 22:42:59.244,106902.65,0.0001,10.690265
2025-10-17 22:42:59.247,106905.42,0.00011,11.7595962
2025-10-17 22:42:59.254,106905.42,0.02619,2799.8529498000003
2025-10-17 22:42:59.695,106905.42,0.00047,50.2455474
2025-10-17 22:43:00.206,106905.42,0.00016,17.1048672
2025-10-17 22:43:00.318,106905.41,0.00471,503.5244811
2025-10-17 22:43:00.385,106905.41,0.00068,72.69567880000001
2025-10-17 22:43:00.500,106905.42,0.00229,244.81341179999998
2025-10-17 22:43:00.607,106905.41,0.00047,50.2455427
2025-10-17 22:43:00.615,106905.5,6e-05,6.4143300000000005
2025-10-17 22:43:00.668,106906.48,0.00148,158.2215904
2025-10-17 22:43:00.777,106906.58,0.00047,50.2460926
2025-10-17 22:43:00.934,106906.58,0.00467,499.2537286
2025-10-17 22:43:00.945,106910.73,0.00015,16.036609499999997
2025-10-17 22:43:01.011,106913.75,0.00225,240.55593749999997
2025-10-17 22:43:01.103,106913.75,0.00234,250.178175
2025-10-17 22:43:01.196,106913.75,6e-05,6.414825
2025-10-17 22:43:01.526,106915.81,0.0001,10.691581000000001
2025-10-17 22:43:01.529,106916.34,0.00045,48.112353
2025-10-17 22:43:02.081,106916.35,0.00058,62.011483000000005
2025-10-17 22:43:02.156,106916.35,0.00016,17.106616000000002
2025-10-17 22:43:02.306,106916.35,0.00012,12.829962000000002
2025-10-17 22:43:02.417,106916.35,0.00857,916.2731195
2025-10-17 22:43:02.483,106918.01,0.0001,10.691801
2025-10-17 22:43:02.484,106921.57,5e-05,5.346078500000001
2025-10-17 22:43:02.485,106924.0,0.00175,187.117
2025-10-17 22:43:02.486,106925.46,5e-05,5.346273000000001
2025-10-17 22:43:02.487,106925.95,0.04279,4575.3614005
2025-10-17 22:43:02.488,106927.23,0.00035,37.424530499999996
2025-10-17 22:43:02.491,106930.0,0.00295,315.4435
2025-10-17 22:43:02.492,106931.06,0.03042,3252.8428452
2025-10-17 22:43:02.494,106932.55,5e-05,5.3466275
2025-10-17 22:43:02.721,106934.0,0.03639,3891.32826
2025-10-17 22:43:02.801,106934.0,0.00934,998.76356
2025-10-17 22:43:02.848,106934.01,0.00095,101.58730949999999
2025-10-17 22:43:03.207,106934.02,0.00177,189.27321540000003
2025-10-17 22:43:03.520,106934.02,0.00081,86.6165562
2025-10-17 22:43:03.521,106934.03,0.00076,81.2698628
2025-10-17 22:43:03.522,106936.0,0.0022,235.25920000000002
2025-10-17 22:43:03.529,106939.79,0.00011,11.763376899999999
2025-10-17 22:43:03.657,106940.01,0.0001,10.694001
2025-10-17 22:43:03.658,106940.43,0.00055,58.8172365
2025-10-17 22:43:03.660,106942.0,0.0029,310.1318
2025-10-17 22:43:03.697,106944.0,5e-05,5.3472
2025-10-17 22:43:03.904,106943.99,0.00012,12.8332788
2025-10-17 22:43:04.757,106944.0,0.00522,558.24768
2025-10-17 22:43:05.081,106946.0,0.00275,294.1015
2025-10-17 22:43:05.083,106946.0,5e-05,5.347300000000001
2025-10-17 22:43:05.115,106946.79,0.00414,442.75971059999995
2025-10-17 22:43:05.146,106947.53,5e-05,5.3473765
2025-10-17 22:43:05.150,106948.0,0.00117,125.12916
2025-10-17 22:43:05.178,106948.01,0.00206,220.3129006
2025-10-17 22:43:05.208,106948.01,0.00015,16.042201499999997
2025-10-17 22:43:05.210,106949.95,0.0005,53.474975
2025-10-17 22:43:05.246,106950.0,0.06092,6515.394
2025-10-17 22:43:05.248,106950.02,0.0004,42.780008
2025-10-17 22:43:05.250,106950.02,0.00055,58.822511000000006
2025-10-17 22:43:05.252,106952.0,0.00226,241.71151999999998
2025-10-17 22:43:05.254,106952.0,0.00079,84.49208
2025-10-17 22:43:05.256,106952.0,0.00075,80.214
2025-10-17 22:43:05.259,106954.0,0.00282,301.61028
2025-10-17 22:43:05.262,106954.0,0.00064,68.45056000000001
2025-10-17 22:43:05.264,106954.25,0.00016,17.11268
2025-10-17 22:43:05.265,106955.01,5e-05,5.3477505
2025-10-17 22:43:05.268,106956.0,0.00266,284.50296000000003
2025-10-17 22:43:05.269,106956.0,0.00075,80.217
2025-10-17 22:43:05.271,106956.0,0.0001,10.6956
2025-10-17 22:43:05.273,106956.01,0.0007,74.86920699999999
2025-10-17 22:43:05.275,106956.01,0.0003,32.086802999999996
2025-10-17 22:43:05.277,106956.02,0.00104,111.2342608
2025-10-17 22:43:05.279,106957.73,0.0001,10.695773
2025-10-17 22:43:05.282,106958.0,0.00096,102.67968
2025-10-17 22:43:05.284,106958.0,0.00141,150.81078
2025-10-17 22:43:05.585,106957.99,0.01258,1345.5315142
2025-10-17 22:43:05.778,106958.0,0.00248,265.25584
2025-10-17 22:43:05.805,106958.02,0.00035,37.435307
2025-10-17 22:43:05.874,106958.02,0.00046,49.20068920000001
2025-10-17 22:43:05.989,106958.02,0.00029,31.0178258
2025-10-17 22:43:06.064,106965.21,0.00015,16.0447815
2025-10-17 22:43:06.067,106970.86,0.00015,16.045628999999998
2025-10-17 22:43:06.068,106972.0,0.00247,264.22084
2025-10-17 22:43:06.069,106972.0,0.00033,35.30076
2025-10-17 22:43:06.070,106972.45,6e-05,6.418347
2025-10-17 22:43:06.072,106975.93,0.00015,16.046389499999997
2025-10-17 22:43:06.074,106980.0,0.00295,315.591
2025-10-17 22:43:06.252,106980.0,0.00032,34.2336
2025-10-17 22:43:07.023,106979.99,0.00012,12.8375988
2025-10-17 22:43:08.031,106980.0,0.00472,504.9456
2025-10-17 22:43:08.433,106980.0,9e-05,9.628200000000001
2025-10-17 22:43:08.535,106979.99,0.01963,2100.0172037
2025-10-17 22:43:09.312,106980.0,0.01721,1841.1258
2025-10-17 22:43:09.439,106980.0,0.00488,522.0624
2025-10-17 22:43:09.463,106980.0,0.00446,477.1308
2025-10-17 22:43:10.022,106979.99,8e-05,8.558399200000002
2025-10-17 22:43:10.792,106979.99,9e-05,9.628199100000002
2025-10-17 22:43:10.808,106980.0,0.00233,249.2634
2025-10-17 22:43:10.837,106980.0,0.00171,182.9358
2025-10-17 22:43:11.468,106979.99,0.0005,53.489995
2025-10-17 22:43:11.469,106979.98,0.00533,570.2032933999999
2025-10-17 22:43:11.470,106979.9,0.04487,4800.188113
2025-10-17 22:43:11.472,106979.9,0.00648,693.229752
2025-10-17 22:43:11.499,106973.83,0.012,1283.68596
2025-10-17 22:43:11.500,106973.83,0.012,1283.68596
2025-10-17 22:43:11.578,106973.83,6e-05,6.4184298
2025-10-17 22:43:11.683,106973.7,0.001,106.9737
2025-10-17 22:43:11.690,106971.14,0.00125,133.713925
2025-10-17 22:43:11.787,106962.57,0.012,1283.55084
2025-10-17 22:43:11.799,106962.57,0.00199,212.8555143
2025-10-17 22:43:11.815,106962.56,0.0017,181.83635199999998
2025-10-17 22:43:12.764,106960.01,0.00163,174.3448163
2025-10-17 22:43:13.192,106960.01,0.00012,12.8352012
2025-10-17 22:43:13.293,106960.01,7e-05,7.487200699999999
2025-10-17 22:43:14.519,106960.0,0.0305,3262.2799999999997
2025-10-17 22:43:15.381,106960.0,9e-05,9.6264
2025-10-17 22:43:17.048,106960.0,0.001,106.96000000000001
2025-10-17 22:43:17.392,106960.0,0.00101,108.0296
2025-10-17 22:43:17.421,106960.01,0.00028,29.948802799999996
2025-10-17 22:43:17.830,106960.0,0.00047,50.2712
2025-10-17 22:43:19.583,106960.0,0.00186,198.9456
2025-10-17 22:43:20.282,106960.01,0.04846,5183.2820846
2025-10-17 22:43:20.383,106960.01,0.00373,398.9608373
2025-10-17 22:43:20.769,106960.0,0.0001,10.696
2025-10-17 22:43:21.096,106960.01,2.0,213920.02
2025-10-17 22:43:21.137,106960.01,0.0003,32.08800299999999
2025-10-17 22:43:21.234,106960.0,0.00047,50.2712
2025-10-17 22:43:22.919,106960.0,0.00114,121.9344
2025-10-17 22:43:24.932,106960.01,0.00396,423.5616396
2025-10-17 22:43:25.404,106960.01,6e-05,6.4176006
2025-10-17 22:43:26.294,106960.01,5e-05,5.3480005
2025-10-17 22:43:27.873,106960.0,0.00201,214.9896
2025-10-17 22:43:28.495,106960.01,0.02804,2999.1586804
2025-10-17 22:43:28.576,106960.01,0.01717,1836.5033717000001
2025-10-17 22:43:29.144,106960.01,9e-05,9.6264009
2025-10-17 22:43:29.714,106960.0,0.00842,900.6032
2025-10-17 22:43:29.731,106960.01,0.00163,174.3448163
2025-10-17 22:43:30.354,106960.01,0.01463,1564.8249463
2025-10-17 22:43:30.448,106960.01,0.00026,27.809602599999995
2025-10-17 22:43:30.886,106960.0,0.00047,50.2712
2025-10-17 22:43:31.225,106960.01,9e-05,9.6264009
2025-10-17 22:43:32.879,106960.01,0.00022,23.5312022
2025-10-17 22:43:35.808,106960.01,0.00233,249.2168233
2025-10-17 22:43:35.845,106960.01,0.0007,74.872007
2025-10-17 22:43:36.157,106960.0,0.00041,43.8536
2025-10-17 22:43:36.577,106960.0,6e-05,6.4176
2025-10-17 22:43:36.835,106960.01,0.00011,11.7656011
2025-10-17 22:43:36.970,106960.01,0.00075,80.2200075
2025-10-17 22:43:37.780,106960.01,0.04704,5031.398870399999
2025-10-17 22:43:37.825,106960.01,0.0002,21.392002
2025-10-17 22:43:39.567,106960.0,0.00015,16.043999999999997
2025-10-17 22:43:39.662,106960.01,0.00017,18.1832017
2025-10-17 22:43:39.947,106960.0,0.00027,28.8792
2025-10-17 22:43:40.343,106960.01,0.00016,17.1136016
2025-10-17 22:43:41.171,106960.01,0.00128,136.9088128
2025-10-17 22:43:41.377,106960.0,0.00019,20.322400000000002
2025-10-17 22:43:41.891,106960.0,0.00415,443.884
2025-10-17 22:43:42.222,106960.01,0.00233,249.2168233
2025-10-17 22:43:42.224,106960.0,9e-05,9.6264
2025-10-17 22:43:42.350,106960.01,0.00094,100.5424094
2025-10-17 22:43:42.662,106960.0,7e-05,7.4872
2025-10-17 22:43:43.368,106960.01,0.00011,11.7656011
2025-10-17 22:43:43.392,106960.0,0.00012,12.8352
2025-10-17 22:43:43.419,106960.01,0.00204,218.1984204
2025-10-17 22:43:44.039,106960.01,0.03634,3886.9267633999993
2025-10-17 22:43:44.788,106960.01,0.00102,109.0992102
2025-10-17 22:43:44.822,106960.01,0.00026,27.809602599999995
2025-10-17 22:43:45.006,106960.01,0.00077,82.35920769999998
2025-10-17 22:43:45.216,106960.0,0.00035,37.436
2025-10-17 22:43:45.505,106960.01,0.1,10696.001
2025-10-17 22:43:45.507,106960.01,0.02499,2672.9306498999995
2025-10-17 22:43:48.236,106960.01,0.00056,59.89760559999999
2025-10-17 22:43:49.558,106960.0,8e-05,8.5568
2025-10-17 22:43:49.584,106960.0,0.00515,550.844
2025-10-17 22:43:51.368,106960.01,0.00051,54.5496051
2025-10-17 22:43:51.466,106960.01,0.00047,50.2712047
2025-10-17 22:43:52.597,106960.01,0.04856,5193.9780856
2025-10-17 22:43:53.230,106960.0,0.00031,33.1576
2025-10-17 22:43:54.041,106960.01,0.00036,38.5056036
2025-10-17 22:43:54.250,106960.0,9e-05,9.6264
2025-10-17 22:43:54.939,106960.0,0.00015,16.043999999999997
2025-10-17 22:43:55.970,106960.0,0.0747,7989.912
2025-10-17 22:43:56.117,106960.0,0.00174,186.1104
2025-10-17 22:43:56.621,106960.01,0.00047,50.2712047
2025-10-17 22:43:56.873,106960.01,0.00163,174.3448163
2025-10-17 22:43:57.163,106960.0,0.00035,37.436
2025-10-17 22:43:57.873,106960.01,0.02805,3000.2282804999995
2025-10-17 22:43:57.926,106960.0,0.00258,275.9568
2025-10-17 22:43:57.996,106960.01,6e-05,6.4176006
2025-10-17 22:43:58.321,106960.01,8e-05,8.5568008
2025-10-17 22:43:58.575,106960.01,7e-05,7.487200699999999
2025-10-17 22:43:59.329,106960.01,2.28211,244094.50842109998
2025-10-17 22:44:00.425,106960.01,0.00217,232.1032217
2025-10-17 22:44:00.809,106960.01,0.00233,249.2168233
2025-10-17 22:44:01.218,106960.0,0.00022,23.531200000000002
2025-10-17 22:44:01.529,106960.01,0.01073,1147.6809073
2025-10-17 22:44:02.781,106960.01,0.00173,185.0408173
2025-10-17 22:44:04.322,106960.0,6e-05,6.4176
2025-10-17 22:44:04.970,106960.01,0.00125,133.70001249999999
2025-10-17 22:44:05.540,106960.01,7e-05,7.487200699999999
2025-10-17 22:44:05.662,106960.01,0.00013,13.904801299999997
2025-10-17 22:44:05.890,106960.0,0.0008,85.568
2025-10-17 22:44:06.576,106960.0,6e-05,6.4176
2025-10-17 22:44:07.302,106960.01,0.0028,299.488028
2025-10-17 22:44:07.954,106960.01,0.00035,37.4360035
2025-10-17 22:44:07.992,106960.01,0.00021,22.4616021
2025-10-17 22:44:10.609,106960.0,0.0001,10.696
2025-10-17 22:44:10.630,106960.0,9e-05,9.6264
2025-10-17 22:44:12.389,106960.01,0.00051,54.5496051
2025-10-17 22:44:12.398,106960.01,0.00047,50.2712047
2025-10-17 22:44:12.471,106960.0,0.012,1283.52
2025-10-17 22:44:12.472,106960.0,0.012,1283.52
2025-10-17 22:44:12.483,106960.0,0.59345,63475.412000000004
2025-10-17 22:44:12.484,106960.0,0.51414,54992.4144
2025-10-17 22:44:12.487,106960.0,0.10572,11307.8112
2025-10-17 22:44:12.514,106960.01,0.0001,10.696001
2025-10-17 22:44:12.890,106960.0,7e-05,7.4872
2025-10-17 22:44:12.902,106960.0,0.007,748.72
2025-10-17 22:44:12.904,106960.0,0.012,1283.52
2025-10-17 22:44:12.907,106960.0,0.2024,21648.703999999998
2025-10-17 22:44:12.909,106960.0,0.0033,352.968
2025-10-17 22:44:12.921,106960.0,0.00015,16.043999999999997
2025-10-17 22:44:12.944,106960.01,0.00186,198.9456186
2025-10-17 22:44:12.958,106960.0,0.05699,6095.6503999999995
2025-10-17 22:44:13.102,106960.01,0.00023,24.600802299999998
2025-10-17 22:44:13.156,106960.0,0.06612,7072.1952
2025-10-17 22:44:13.174,106960.0,0.001,106.96000000000001
2025-10-17 22:44:13.287,106960.01,0.00528,564.7488528
2025-10-17 22:44:13.520,106960.0,0.0092,984.032
2025-10-17 22:44:13.917,106960.0,0.00035,37.436
2025-10-17 22:44:15.832,106960.0,0.00014,14.9744
2025-10-17 22:44:15.833,106960.01,0.0009,96.26400899999999
2025-10-17 22:44:16.123,106960.0,0.0044,470.624
2025-10-17 22:44:16.132,106960.0,0.61027,65274.479199999994
2025-10-17 22:44:16.134,106959.95,0.00256,273.817472
2025-10-17 22:44:16.136,106959.32,0.00015,16.043898
2025-10-17 22:44:16.137,106959.31,3e-05,3.2087793000000002
2025-10-17 22:44:16.139,106958.02,0.00015,16.043703
2025-10-17 22:44:16.148,106958.01,0.00215,229.9597215
2025-10-17 22:44:16.149,106958.0,0.001,106.958
2025-10-17 22:44:16.157,106951.0,5e-05,5.34755
2025-10-17 22:44:16.158,106951.0,0.00026,27.807259999999996
2025-10-17 22:44:16.159,106946.81,0.00039,41.709255899999995
2025-10-17 22:44:16.160,106944.93,0.57148,61116.88859639999
2025-10-17 22:44:16.222,106944.93,0.00022,23.5278846
2025-10-17 22:44:16.326,106944.93,0.00026,27.805681799999995
2025-10-17 22:44:16.332,106944.93,0.04,4277.7972
2025-10-17 22:44:16.543,106944.94,7e-05,7.486145799999999
2025-10-17 22:44:16.632,106944.94,0.00187,199.9870378
2025-10-17 22:44:16.662,106944.94,0.00012,12.8333928
2025-10-17 22:44:16.853,106944.93,0.00909,972.1294137
2025-10-17 22:44:16.862,106944.93,0.012,1283.33916
2025-10-17 22:44:16.933,106944.94,0.00028,29.944583199999997
2025-10-17 22:44:17.010,106944.94,8e-05,8.5555952
2025-10-17 22:44:17.071,106944.93,9e-05,9.625043699999999
2025-10-17 22:44:17.125,106944.94,0.00019,20.3195386
2025-10-17 22:44:17.274,106944.94,0.00047,50.2641218
2025-10-17 22:44:17.465,106944.93,0.00187,199.98701909999997
2025-10-17 22:44:17.571,106944.93,0.00011,11.7639423
2025-10-17 22:44:17.625,106944.94,9e-05,9.6250446
2025-10-17 22:44:17.692,106944.94,0.00015,16.041741
2025-10-17 22:44:17.848,106944.94,0.00019,20.3195386
2025-10-17 22:44:17.918,106944.94,0.00047,50.2641218
2025-10-17 22:44:17.937,106944.94,0.00047,50.2641218
2025-10-17 22:44:18.010,106944.94,0.00047,50.2641218
2025-10-17 22:44:18.024,106944.93,0.00748,799.9480763999999
2025-10-17 22:44:18.069,106944.93,0.0005,53.472465
2025-10-17 22:44:18.176,106944.94,0.00027,28.8751338
2025-10-17 22:44:18.246,106944.93,0.00014,14.972290199999998
2025-10-17 22:44:18.279,106944.94,0.00017,18.1806398
2025-10-17 22:44:18.290,106944.93,0.00013,13.902840899999998
2025-10-17 22:44:18.328,106944.93,0.0001,10.694493
2025-10-17 22:44:18.334,106944.93,0.012,1283.33916
2025-10-17 22:44:18.335,106944.93,0.012,1283.33916
2025-10-17 22:44:18.426,106944.93,0.02538,2714.2623234
2025-10-17 22:44:18.625,106944.94,0.00019,20.3195386
2025-10-17 22:44:18.928,106944.93,0.05351,5722.6232043
2025-10-17 22:44:19.291,106944.93,0.00045,48.125218499999995
2025-10-17 22:44:19.360,106944.93,0.00026,27.805681799999995
2025-10-17 22:44:19.392,106944.93,0.0001,10.694493
2025-10-17 22:44:19.436,106944.93,0.00019,20.3195367
2025-10-17 22:44:19.554,106944.93,0.07856,8401.5937008
2025-10-17 22:44:19.555,106944.93,0.32725,34997.7283425
2025-10-17 22:44:19.556,106939.99,0.0001,10.693999000000002
2025-10-17 22:44:19.558,106940.01,0.00015,16.041001499999997
2025-10-17 22:44:19.559,106938.0,0.02806,3000.68028
2025-10-17 22:44:19.564,106936.87,0.00407,435.23306089999994
2025-10-17 22:44:19.565,106936.87,0.0194,2074.575278
2025-10-17 22:44:19.567,106932.62,0.00072,76.9914864
2025-10-17 22:44:19.569,106930.65,0.012,1283.1678
2025-10-17 22:44:19.604,106930.65,0.00934,998.7322709999999
2025-10-17 22:44:19.624,106930.66,9e-05,9.6237594
2025-10-17 22:44:19.971,106930.65,5e-05,5.3465325
2025-10-17 22:44:20.306,106930.65,0.01871,2000.6724615
2025-10-17 22:44:20.322,106930.65,0.012,1283.1678
2025-10-17 22:44:20.324,106930.65,0.012,1283.1678
2025-10-17 22:44:20.579,106930.65,0.0093,994.4550449999998
2025-10-17 22:44:21.262,106930.66,0.00094,100.5148204
2025-10-17 22:44:21.329,106930.66,0.0006,64.158396
2025-10-17 22:44:21.483,106930.66,0.00037,39.5643442
2025-10-17 22:44:21.573,106930.65,0.00047,50.2574055
2025-10-17 22:44:21.648,106930.66,0.00032,34.21781120000001
2025-10-17 22:44:21.743,106930.66,0.00047,50.2574102
2025-10-17 22:44:21.939,106930.63,0.01056,1129.1874528
2025-10-17 22:44:22.165,106930.63,0.00255,272.6731065
2025-10-17 22:44:22.166,106930.63,0.00157,167.8810891
2025-10-17 22:44:22.440,106930.62,9e-05,9.6237558
2025-10-17 22:44:22.616,106930.62,0.00455,486.534321
2025-10-17 22:44:22.679,106930.5,0.0013,139.00965
2025-10-17 22:44:22.696,106930.5,0.00028,29.94054
2025-10-17 22:44:22.928,106930.49,0.05678,6071.5132222
2025-10-17 22:44:23.957,106930.5,0.00047,50.257335
2025-10-17 22:44:24.051,106930.5,0.00012,12.831660000000001
2025-10-17 22:44:24.284,106930.5,0.00012,12.831660000000001
2025-10-17 22:44:24.325,106930.5,0.00089,95.168145
2025-10-17 22:44:24.365,106930.5,0.05394,5767.83117
2025-10-17 22:44:24.605,106930.5,0.00012,12.831660000000001
2025-10-17 22:44:24.848,106930.49,0.00053,56.6731597
2025-10-17 22:44:24.916,106930.5,0.02958,3163.0041899999997
2025-10-17 22:44:25.810,106930.5,0.00233,249.148065
2025-10-17 22:44:26.274,106930.49,0.00039,41.7028911
2025-10-17 22:44:26.603,106930.49,4.30591,460433.0661959
2025-10-17 22:44:26.728,106930.49,0.00047,50.2573303
2025-10-17 22:44:26.742,106930.49,0.00033,35.2870617
2025-10-17 22:44:27.909,106930.49,0.00019,20.3167931
2025-10-17 22:44:28.561,106930.49,0.00042,44.910805800000006
2025-10-17 22:44:28.617,106930.5,0.0095,1015.83975
2025-10-17 22:44:29.111,106930.5,0.00015,16.039575
2025-10-17 22:44:29.494,106930.49,7e-05,7.4851342999999995
2025-10-17 22:44:29.612,106930.5,0.00012,12.831660000000001
2025-10-17 22:44:30.418,106930.5,0.00104,111.20772
2025-10-17 22:44:31.117,106930.5,0.00012,12.831660000000001
2025-10-17 22:44:31.463,106930.49,0.00556,594.5335244
2025-10-17 22:44:31.586,106930.49,6e-05,6.415829400000001
2025-10-17 22:44:32.119,106930.49,9e-05,9.623744100000001
2025-10-17 22:44:32.371,106930.49,5e-05,5.3465245
2025-10-17 22:44:32.545,106930.5,0.00012,12.831660000000001
2025-10-17 22:44:32.573,106930.49,0.00066,70.5741234
2025-10-17 22:44:32.635,106930.5,0.1358,14521.161900000001
2025-10-17 22:44:33.636,106930.49,0.00039,41.7028911
2025-10-17 22:44:34.390,106930.5,0.00075,80.197875
2025-10-17 22:44:34.991,106930.5,0.00029,31.009845
2025-10-17 22:44:35.469,106930.5,0.00088,94.09884000000001
2025-10-17 22:44:35.768,106930.5,0.00035,37.425675
2025-10-17 22:44:35.890,106930.49,0.00046,49.1880254
2025-10-17 22:44:36.095,106930.5,0.00014,14.97027
2025-10-17 22:44:37.068,106930.5,0.00021,22.455405000000003
2025-10-17 22:44:37.083,106930.5,0.00012,12.831660000000001
2025-10-17 22:44:37.305,106930.49,0.00029,31.0098421
2025-10-17 22:44:37.310,106930.49,0.012,1283.16588
2025-10-17 22:44:37.311,106930.49,0.012,1283.16588
2025-10-17 22:44:37.336,106930.5,0.00012,12.831660000000001
2025-10-17 22:44:37.367,106930.5,0.00077,82.336485
2025-10-17 22:44:37.440,106930.49,0.00917,980.5525933
2025-10-17 22:44:37.644,106930.5,0.00012,12.831660000000001
2025-10-17 22:44:38.382,106930.5,0.00051,54.534555000000005
2025-10-17 22:44:39.057,106930.49,0.00039,41.7028911
2025-10-17 22:44:39.105,106930.49,0.00047,50.2573303
2025-10-17 22:44:39.192,106930.5,0.00188,201.02934
2025-10-17 22:44:39.990,106930.49,0.00374,399.9200326
2025-10-17 22:44:41.357,106930.49,0.05257,5621.3358593
2025-10-17 22:44:41.437,106930.49,0.06378,6820.026652200001
2025-10-17 22:44:42.353,106930.49,0.007,748.5134300000001
2025-10-17 22:44:43.028,106930.49,0.04,4277.2196
2025-10-17 22:44:43.030,106930.49,0.09639,10307.029931100002
2025-10-17 22:44:43.034,106930.49,0.44053,47106.0887597
2025-10-17 22:44:43.036,106929.91,0.0001,10.692991000000001
2025-10-17 22:44:43.037,106928.25,6e-05,6.415695
2025-10-17 22:44:43.038,106927.9,0.0001,10.69279
2025-10-17 22:44:43.039,106926.12,5e-05,5.346306
2025-10-17 22:44:43.042,106924.94,0.0001,10.692494
2025-10-17 22:44:43.044,106924.0,0.0001,10.692400000000001
2025-10-17 22:44:43.046,106924.0,0.0014,149.6936
2025-10-17 22:44:43.048,106924.0,0.00025,26.731
2025-10-17 22:44:43.185,106923.99,0.0011,117.61638900000001
2025-10-17 22:44:43.193,106923.99,0.00825,882.1229175000001
2025-10-17 22:44:43.289,106923.99,0.09383,10032.6779817
2025-10-17 22:44:43.292,106923.99,0.23777,25423.317102300003
2025-10-17 22:44:43.294,106923.99,0.01037,1108.8017763
2025-10-17 22:44:43.304,106923.99,0.01309,1399.6350290999999
2025-10-17 22:44:43.310,106923.99,0.01157,1237.1105643
2025-10-17 22:44:43.316,106923.99,0.01041,1113.0787359
2025-10-17 22:44:43.322,106923.99,0.02134,2281.7579466
2025-10-17 22:44:43.330,106923.99,0.01165,1245.6644835000002
2025-10-17 22:44:43.336,106923.99,0.02218,2371.5740981999998
2025-10-17 22:44:43.343,106923.99,0.02806,3000.2871594000003
2025-10-17 22:44:43.344,106922.0,0.0021,224.53619999999998
2025-10-17 22:44:43.358,106921.75,0.00047,50.2532225
2025-10-17 22:44:43.415,106921.75,0.00212,226.67410999999998
2025-10-17 22:44:43.684,106921.75,7e-05,7.4845225
2025-10-17 22:44:44.273,106921.74,0.0007,74.845218
2025-10-17 22:44:44.712,106921.74,0.012,1283.06088
2025-10-17 22:44:46.311,106921.74,0.012,1283.06088
2025-10-17 22:44:46.312,106921.74,0.012,1283.06088
2025-10-17 22:44:46.337,106921.75,0.00038,40.630265
2025-10-17 22:44:46.417,106921.74,0.00535,572.031309
2025-10-17 22:44:46.692,106921.74,0.00047,50.2532178
2025-10-17 22:44:46.867,106921.74,0.38752,41434.3126848
2025-10-17 22:44:47.069,106921.75,0.00033,35.2841775
2025-10-17 22:44:47.226,106921.75,0.0009,96.229575
2025-10-17 22:44:47.271,106921.75,0.00046,49.184005
2025-10-17 22:44:49.114,106921.74,9e-05,9.6229566
2025-10-17 22:44:49.118,106921.75,0.01103,1179.3469025
2025-10-17 22:44:49.227,106921.74,9e-05,9.6229566
2025-10-17 22:44:50.062,106921.74,9e-05,9.6229566
2025-10-17 22:44:50.810,106921.75,0.00233,249.1276775
2025-10-17 22:44:51.189,106921.74,0.00187,199.9436538
2025-10-17 22:44:51.194,106921.74,0.00026,27.7996524
2025-10-17 22:44:51.200,106921.74,0.00722,771.9749628000001
2025-10-17 22:44:51.554,106921.74,0.00187,199.9436538
2025-10-17 22:44:51.556,106921.74,0.00187,199.9436538
2025-10-17 22:44:51.591,106921.74,7e-05,7.4845218
2025-10-17 22:44:51.851,106921.74,0.00047,50.2532178
2025-10-17 22:44:52.018,106917.47,0.00374,399.8713378
2025-10-17 22:44:52.021,106914.0,6e-05,6.41484
2025-10-17 22:44:52.349,106914.0,0.012,1282.968
2025-10-17 22:44:52.350,106914.0,0.00541,578.40474
2025-10-17 22:44:52.357,106912.84,0.00544,581.6058496
2025-10-17 22:44:52.360,106912.85,0.00187,199.9270295
2025-10-17 22:44:52.518,106912.84,9e-05,9.622155600000001
2025-10-17 22:44:52.583,106912.85,0.02536,2711.3098760000003
2025-10-17 22:44:52.668,106912.85,0.00052,55.594682
2025-10-17 22:44:54.065,106912.84,0.00047,50.2490348
2025-10-17 22:44:54.618,106912.84,0.049,5238.72916
2025-10-17 22:44:54.651,106912.84,0.00046,49.1799064
2025-10-17 22:44:55.606,106912.85,0.00013,13.8986705
2025-10-17 22:44:55.947,106912.85,0.00174,186.02835900000002
2025-10-17 22:44:58.882,106912.85,0.005,534.56425
2025-10-17 22:44:59.027,106912.85,0.00579,619.0254015
2025-10-17 22:44:59.270,106912.85,0.00018,19.244313000000002
2025-10-17 22:44:59.441,106912.85,7e-05,7.4838995
2025-10-17 22:44:59.739,106912.85,0.00188,200.996158
2025-10-17 22:45:00.397,106912.84,0.0001,10.691284
2025-10-17 22:45:00.479,106912.85,5e-05,5.3456425
2025-10-17 22:45:01.533,106912.84,7e-05,7.4838987999999995
2025-10-17 22:45:01.535,106912.84,6e-05,6.4147704
2025-10-17 22:45:01.646,106912.85,7e-05,7.4838995
2025-10-17 22:45:01.791,106912.84,0.00037,39.5577508
2025-10-17 22:45:04.390,106912.85,0.00381,407.3379585
2025-10-17 22:45:04.880,106912.85,0.02223,2376.6726555
2025-10-17 22:45:04.887,106913.91,0.0005,53.456955
2025-10-17 22:45:04.889,106914.01,0.01527,1632.5769327
2025-10-17 22:45:04.902,106914.04,0.0007,74.839828
2025-10-17 22:45:04.910,106914.1,0.0013,138.98833
2025-10-17 22:45:04.911,106914.1,0.00015,16.037115
2025-10-17 22:45:04.920,106920.0,5e-05,5.346
2025-10-17 22:45:05.010,106922.25,0.00467,499.32690749999995
2025-10-17 22:45:05.934,106922.26,0.00568,607.3184368
2025-10-17 22:45:05.940,106922.26,0.00934,998.6539083999999
2025-10-17 22:45:06.115,106922.26,0.00269,287.6208794
2025-10-17 22:45:06.152,106922.27,0.00023,24.5921221
2025-10-17 22:45:06.575,106922.27,0.00146,156.1065142
2025-10-17 22:45:06.588,106922.96,0.00137,146.48445519999999
2025-10-17 22:45:07.023,106923.99,0.0001,10.692399000000002
2025-10-17 22:45:07.766,106924.0,0.00022,23.52328
2025-10-17 22:45:08.575,106924.0,6e-05,6.41544
2025-10-17 22:45:09.514,106924.0,0.11471,12265.252040000001
2025-10-17 22:45:09.953,106924.0,0.005,534.62
2025-10-17 22:45:10.044,106923.99,0.0028,299.387172
2025-10-17 22:45:10.114,106924.0,0.00266,284.41784
2025-10-17 22:45:10.715,106925.46,0.00262,280.14470520000003
2025-10-17 22:45:11.208,106925.47,0.00018,19.246584600000002
2025-10-17 22:45:11.873,106925.47,0.00195,208.50466649999998
2025-10-17 22:45:12.242,106926.59,9e-05,9.6233931
2025-10-17 22:45:12.294,106926.6,0.00144,153.97430400000002
2025-10-17 22:45:12.295,106928.25,6e-05,6.415695
2025-10-17 22:45:12.789,106928.67,0.0085,908.8936950000001
2025-10-17 22:45:12.795,106930.31,0.0007,74.85121699999999
2025-10-17 22:45:12.796,106930.41,0.00581,621.2656821
2025-10-17 22:45:12.815,106930.65,0.00185,197.8217025
2025-10-17 22:45:12.817,106930.66,0.00948,1013.7026568000001
2025-10-17 22:45:12.837,106930.66,0.00121,129.3860986
2025-10-17 22:45:12.847,106931.17,0.00105,112.2777285
2025-10-17 22:45:12.849,106931.18,0.00099,105.86186819999999
2025-10-17 22:45:12.927,106932.95,0.11919,12745.3383105
2025-10-17 22:45:12.930,106932.97,0.0002,21.386594000000002
2025-10-17 22:45:12.944,106934.75,0.00314,335.775115
2025-10-17 22:45:13.509,106934.75,0.00205,219.2162375
2025-10-17 22:45:13.515,106936.88,0.00237,253.44040560000002
2025-10-17 22:45:13.550,106936.89,0.0017,181.792713
2025-10-17 22:45:14.070,106938.01,0.03166,3385.6573966
2025-10-17 22:45:14.686,106943.78,5e-05,5.347189
2025-10-17 22:45:14.881,106944.08,7e-05,7.486085599999999
2025-10-17 22:45:15.015,106946.35,5e-05,5.347317500000001
2025-10-17 22:45:15.155,106946.39,0.00072,77.0014008
2025-10-17 22:45:15.157,106946.39,0.00071,75.9319369
2025-10-17 22:45:15.158,106946.39,0.00035,37.4312365
2025-10-17 22:45:15.797,106946.38,9e-05,9.625174200000002
2025-10-17 22:45:16.655,106950.49,0.00566,605.3397734
2025-10-17 22:45:17.792,106951.1,0.00035,37.432885
2025-10-17 22:45:18.068,106951.09,0.11579,12383.8667111
2025-10-17 22:45:18.313,106951.1,0.0028,299.46308
2025-10-17 22:45:18.585,106951.1,0.27419,29324.922109
2025-10-17 22:45:19.534,106951.09,0.00195,208.5546255
2025-10-17 22:45:19.924,106951.09,0.00038,40.6414142
2025-10-17 22:45:21.632,106951.09,0.10943,11703.657778699999
2025-10-17 22:45:21.770,106951.09,0.00113,120.85473169999999
2025-10-17 22:45:21.846,106951.09,0.00018,19.2511962
2025-10-17 22:45:22.899,106951.09,0.0002,21.390218
2025-10-17 22:45:22.984,106951.09,0.00025,26.7377725
2025-10-17 22:45:23.490,106951.1,0.00367,392.51053700000006
2025-10-17 22:45:23.493,106954.01,0.00055,58.8247055
2025-10-17 22:45:23.497,106954.25,0.00206,220.32575500000002
2025-10-17 22:45:23.499,106954.77,0.00737,788.2566549000001
2025-10-17 22:45:23.502,106954.77,0.00026,27.8082402
2025-10-17 22:45:23.504,106954.77,0.00095,101.6070315
2025-10-17 22:45:23.505,106954.77,0.00023,24.5995971
2025-10-17 22:45:23.586,106957.39,0.00066,70.5918774
2025-10-17 22:45:23.740,106957.4,0.00759,811.806666
2025-10-17 22:45:24.689,106957.39,0.14077,15056.3917903
2025-10-17 22:45:25.138,106957.4,0.00047,50.269977999999995
2025-10-17 22:45:25.736,106957.39,0.0184,1968.015976
2025-10-17 22:45:25.738,106957.4,0.01287,1376.541738
2025-10-17 22:45:26.592,106957.39,6e-05,6.4174434
2025-10-17 22:45:26.867,106957.39,0.00055,58.8265645
2025-10-17 22:45:27.245,106957.39,0.00066,70.5918774
2025-10-17 22:45:28.686,106960.42,5e-05,5.348021
2025-10-17 22:45:29.117,106960.44,0.00061,65.24586839999999
2025-10-17 22:45:29.660,106960.44,0.00047,50.2714068
2025-10-17 22:45:31.747,106960.44,8e-05,8.5568352
2025-10-17 22:45:31.882,106960.44,9e-05,9.626439600000001
2025-10-17 22:45:32.069,106960.44,0.00046,49.201802400000005
2025-10-17 22:45:32.084,106960.43,0.00216,231.03452879999998
2025-10-17 22:45:32.196,106960.44,0.00108,115.5172752
2025-10-17 22:45:33.133,106960.44,0.00047,50.2714068
2025-10-17 22:45:33.607,106960.43,0.00633,677.0595218999999
2025-10-17 22:45:34.064,106960.44,0.00093,99.47320920000001
2025-10-17 22:45:36.326,106960.43,0.0003,32.088128999999995
2025-10-17 22:45:36.432,106960.44,0.00125,133.70055
2025-10-17 22:45:36.671,106960.44,0.00167,178.6239348
2025-10-17 22:45:36.935,106960.44,9e-05,9.626439600000001
2025-10-17 22:45:37.090,106960.43,0.00457,488.8091651
2025-10-17 22:45:37.712,106960.43,7e-05,7.487230099999999
2025-10-17 22:45:37.751,106960.44,6e-05,6.4176264000000005
2025-10-17 22:45:37.911,106960.43,0.00244,260.9834492
2025-10-17 22:45:38.197,106960.44,0.0187,2000.1602280000002
2025-10-17 22:45:39.361,106960.43,0.00055,58.8282365
2025-10-17 22:45:39.471,106960.43,0.00078,83.42913539999999
2025-10-17 22:45:39.479,106960.44,0.00094,100.5428136
2025-10-17 22:45:39.525,106960.43,0.00061,65.2458623
2025-10-17 22:45:41.571,106960.44,8e-05,8.5568352
2025-10-17 22:45:42.213,106960.43,0.00249,266.3314707
2025-10-17 22:45:42.932,106960.43,0.00042,44.9233806
2025-10-17 22:45:43.090,106960.43,9e-05,9.6264387
2025-10-17 22:45:43.331,106960.44,0.00073,78.0811212
2025-10-17 22:45:44.544,106960.43,0.00012,12.8352516
2025-10-17 22:45:45.732,106960.44,9e-05,9.626439600000001
2025-10-17 22:45:45.733,106966.0,0.00041,43.85606
2025-10-17 22:45:46.576,106966.08,0.0001,10.696608000000001
2025-10-17 22:45:46.755,106966.08,7e-05,7.487625599999999
2025-10-17 22:45:47.026,106966.08,0.05178,5538.7036224
2025-10-17 22:45:47.333,106966.09,0.00024,25.6718616
2025-10-17 22:45:47.433,106966.08,0.00519,555.1539552
2025-10-17 22:45:47.585,106966.09,0.00019,20.323557100000002
2025-10-17 22:45:48.142,106966.09,0.0007,74.876263
2025-10-17 22:45:48.503,106966.09,0.00047,50.2740623
2025-10-17 22:45:49.078,106966.08,0.00027,28.8808416
2025-10-17 22:45:51.467,106966.08,0.00054,57.7616832
2025-10-17 22:45:51.468,106966.08,0.18403,19684.9677024
2025-10-17 22:45:51.717,106966.09,0.00018,19.2538962
2025-10-17 22:45:52.965,106966.09,0.0014,149.752526
2025-10-17 22:45:53.139,106966.08,0.00054,57.7616832
2025-10-17 22:45:53.533,106966.09,0.001,106.96609
2025-10-17 22:45:53.864,106966.08,8e-05,8.5572864
2025-10-17 22:45:54.076,106966.08,0.00033,35.298806400000004
2025-10-17 22:45:54.162,106966.09,0.00021,22.4628789
2025-10-17 22:45:54.891,106966.09,0.00094,100.5481246
2025-10-17 22:45:55.018,106966.09,0.00047,50.2740623
2025-10-17 22:45:55.249,106966.08,0.00047,50.2740576
2025-10-17 22:45:55.624,106966.09,0.00046,49.2044014
2025-10-17 22:45:57.016,106966.09,0.00012,12.8359308
2025-10-17 22:45:57.165,106966.08,0.01262,1349.9119296
2025-10-17 22:45:57.166,106966.08,0.00433,463.16312639999995
2025-10-17 22:45:58.237,106966.08,0.00547,585.1044576
2025-10-17 22:45:59.768,106966.08,0.00047,50.2740576
2025-10-17 22:46:00.437,106966.09,0.00066,70.5976194
2025-10-17 22:46:00.649,106966.08,0.01174,1255.7817792
2025-10-17 22:46:00.832,106966.08,6e-05,6.4179648
2025-10-17 22:46:01.646,106966.09,0.00032,34.229148800000004
2025-10-17 22:46:03.240,106966.08,0.00047,50.2740576
2025-10-17 22:46:03.518,106966.08,0.00172,183.9816576
2025-10-17 22:46:03.522,106966.09,7e-05,7.487626299999999
2025-10-17 22:46:04.216,106966.09,0.00934,999.0632805999999
2025-10-17 22:46:05.253,106966.08,0.00055,58.831344
2025-10-17 22:46:05.909,106966.08,0.18885,20200.544208
2025-10-17 22:46:06.248,106966.08,0.00057,60.9706656
2025-10-17 22:46:07.359,106966.08,6e-05,6.4179648
2025-10-17 22:46:07.785,106966.09,0.00024,25.6718616
2025-10-17 22:46:08.238,106966.09,0.00047,50.2740623
2025-10-17 22:46:09.310,106966.09,0.01419,1517.8488171
2025-10-17 22:46:09.653,106966.09,0.00047,50.2740623
2025-10-17 22:46:09.675,106966.09,9e-05,9.6269481
2025-10-17 22:46:10.099,106966.09,0.00047,50.2740623
2025-10-17 22:46:10.323,106966.08,9e-05,9.6269472
2025-10-17 22:46:10.833,106966.09,0.00181,193.6086229
2025-10-17 22:46:11.632,106966.08,0.00011,11.7662688
2025-10-17 22:46:11.712,106966.09,0.00051,54.5527059
2025-10-17 22:46:12.062,106966.08,0.00011,11.7662688
2025-10-17 22:46:12.071,106966.09,0.00899,961.6251490999999
2025-10-17 22:46:12.352,106966.09,0.00181,193.6086229
2025-10-17 22:46:13.175,106966.09,0.00245,262.0669205
2025-10-17 22:46:13.215,106966.1,0.00195,208.583895
2025-10-17 22:46:13.255,106966.71,0.00133,142.26572430000002
2025-10-17 22:46:13.257,106966.86,0.002,213.93372
2025-10-17 22:46:13.260,106966.86,0.00111,118.73321460000001
2025-10-17 22:46:13.262,106966.87,0.00095,101.6185265
2025-10-17 22:46:13.264,106966.87,0.00096,102.6881952
2025-10-17 22:46:13.266,106966.87,0.0009,96.27018299999999
2025-10-17 22:46:14.320,106968.0,0.00118,126.22224
2025-10-17 22:46:14.478,106968.0,0.01463,1564.94184
2025-10-17 22:46:14.488,106968.0,0.00043,45.99624
2025-10-17 22:46:15.740,106970.0,0.00046,49.2062
2025-10-17 22:46:15.843,106970.0,0.00267,285.6099
2025-10-17 22:46:15.932,106969.99,0.00013,13.9060987
2025-10-17 22:46:15.933,106970.0,0.0004,42.788000000000004
2025-10-17 22:46:16.704,106970.0,0.00011,11.7667
2025-10-17 22:46:17.119,106970.0,0.00163,174.3611
2025-10-17 22:46:17.409,106970.0,0.00038,40.6486
2025-10-17 22:46:17.511,106970.0,0.00043,45.997099999999996
2025-10-17 22:46:17.518,106970.0,0.0001,10.697000000000001
2025-10-17 22:46:17.641,106970.0,0.01104,1180.9488
2025-10-17 22:46:17.642,106970.5,6e-05,6.41823
2025-10-17 22:46:17.647,106971.46,0.00065,69.531449
2025-10-17 22:46:17.655,106972.0,0.0028,299.5216
2025-10-17 22:46:17.657,106972.0,0.00065,69.53179999999999
2025-10-17 22:46:17.659,106972.0,0.0001,10.6972
2025-10-17 22:46:17.661,106972.01,0.00075,80.2290075
2025-10-17 22:46:17.663,106972.01,0.00056,59.90432559999999
2025-10-17 22:46:17.685,106973.75,0.00021,22.4644875
2025-10-17 22:46:17.783,106974.0,0.00019,20.32506
2025-10-17 22:46:17.792,106974.0,0.00367,392.59458
2025-10-17 22:46:17.795,106975.34,0.00037,39.5808758
2025-10-17 22:46:17.801,106976.42,0.00071,75.95325820000001
2025-10-17 22:46:17.804,106976.79,0.00065,69.53491349999999
2025-10-17 22:46:17.815,106978.0,0.0031,331.6318
2025-10-17 22:46:17.834,106978.01,0.0017,181.86261699999997
2025-10-17 22:46:17.845,106978.26,0.001,106.97825999999999
2025-10-17 22:46:17.848,106980.69,0.00658,703.9329402
2025-10-17 22:46:17.852,106980.69,0.0019,203.26331100000002
2025-10-17 22:46:17.854,106981.36,0.00015,16.047203999999997
2025-10-17 22:46:17.858,106982.01,0.00045,48.141904499999995
2025-10-17 22:46:17.860,106982.13,5e-05,5.3491065
2025-10-17 22:46:17.863,106982.01,5e-05,5.3491005
2025-10-17 22:46:17.865,106982.01,0.0002,21.396402
2025-10-17 22:46:17.983,106982.01,0.00033,35.304063299999996
2025-10-17 22:46:18.239,106982.01,0.0001,10.698201
2025-10-17 22:46:18.383,106982.01,0.00036,38.5135236
2025-10-17 22:46:18.543,106982.01,0.00281,300.6194481
2025-10-17 22:46:18.591,106982.01,0.00015,16.047301499999996
2025-10-17 22:46:18.783,106982.01,0.00094,100.5630894
2025-10-17 22:46:18.837,106982.01,0.0001,10.698201
2025-10-17 22:46:18.869,106982.01,0.0001,10.698201
2025-10-17 22:46:18.985,106982.0,9e-05,9.62838
2025-10-17 22:46:18.999,106982.01,0.00011,11.7680211
2025-10-17 22:46:19.007,106982.0,7e-05,7.488739999999999
2025-10-17 22:46:19.061,106982.0,0.02598,2779.39236
2025-10-17 22:46:19.213,106982.01,0.00019,20.3265819
2025-10-17 22:46:19.417,106982.01,0.00013,13.907661299999997
2025-10-17 22:46:19.438,106982.01,0.00019,20.3265819
2025-10-17 22:46:19.470,106982.01,0.0001,10.698201
2025-10-17 22:46:19.662,106982.01,0.00019,20.3265819
2025-10-17 22:46:19.760,106982.01,0.00011,11.7680211
2025-10-17 22:46:19.842,106982.0,0.00065,69.53829999999999
2025-10-17 22:46:20.852,106982.0,0.00053,56.70046
2025-10-17 22:46:21.580,106982.0,9e-05,9.62838
2025-10-17 22:46:21.671,106982.01,0.00019,20.3265819
2025-10-17 22:46:21.732,106982.01,0.00094,100.5630894
2025-10-17 22:46:21.818,106982.01,0.0131,1401.464331
2025-10-17 22:46:22.692,106982.0,0.00606,648.31092
2025-10-17 22:46:24.248,106982.01,0.00045,48.141904499999995
2025-10-17 22:46:24.962,106982.0,0.18779,20090.14978
2025-10-17 22:46:25.076,106982.01,0.00076,81.3063276
2025-10-17 22:46:25.998,106982.01,0.00047,50.2815447
2025-10-17 22:46:26.792,106982.01,0.00087,93.0743487
2025-10-17 22:46:26.921,106982.0,0.04674,5000.33868
2025-10-17 22:46:27.049,106982.0,0.004,427.928
2025-10-17 22:46:27.224,106982.01,0.00101,108.0518301
2025-10-17 22:46:28.591,106982.01,0.00035,37.4437035
2025-10-17 22:46:30.141,106982.01,0.00014,14.977481399999999
2025-10-17 22:46:30.803,106982.0,0.06176,6607.208320000001
2025-10-17 22:46:31.443,106982.01,0.00062,66.3288462
2025-10-17 22:46:31.863,106982.01,0.00012,12.8378412
2025-10-17 22:46:31.882,106982.0,0.00052,55.63063999999999
2025-10-17 22:46:31.986,106982.0,0.1752,18743.2464
2025-10-17 22:46:32.445,106982.0,0.012,1283.784
2025-10-17 22:46:32.446,106982.0,0.012,1283.784
2025-10-17 22:46:32.447,106982.0,0.012,1283.784
2025-10-17 22:46:32.450,106982.0,0.53627,57371.237140000005
2025-10-17 22:46:32.451,106980.56,5e-05,5.349028000000001
2025-10-17 22:46:32.464,106980.0,0.00104,111.25919999999999
2025-10-17 22:46:32.466,106980.0,1e-05,1.0698
2025-10-17 22:46:32.481,106980.0,0.00088,94.14240000000001
2025-10-17 22:46:32.580,106974.88,0.0048,513.479424
2025-10-17 22:46:32.615,106971.29,0.0001,10.697129
2025-10-17 22:46:32.617,106970.5,0.00025,26.742625
2025-10-17 22:46:32.662,106969.41,0.012,1283.63292
2025-10-17 22:46:32.664,106969.41,0.012,1283.63292
2025-10-17 22:46:32.858,106969.41,0.00263,281.3295483
2025-10-17 22:46:32.862,106969.4,0.001,106.9694
2025-10-17 22:46:32.863,106969.4,0.001,106.9694
2025-10-17 22:46:32.875,106969.39,0.001,106.96939
2025-10-17 22:46:32.918,106967.68,0.00598,639.6667264
2025-10-17 22:46:33.121,106967.68,0.012,1283.61216
2025-10-17 22:46:33.122,106967.68,0.00284,303.7882112
2025-10-17 22:46:33.128,106966.08,0.00804,860.0072832000001
2025-10-17 22:46:33.131,106966.08,0.00806,862.1466048
2025-10-17 22:46:33.571,106966.09,7e-05,7.487626299999999
2025-10-17 22:46:33.941,106966.09,0.00934,999.0632805999999
2025-10-17 22:46:34.744,106966.09,0.0005,53.483045
2025-10-17 22:46:35.548,106966.08,0.00047,50.2740576
2025-10-17 22:46:35.698,106966.09,0.00054,57.7616886
2025-10-17 22:46:35.835,106966.09,9e-05,9.6269481
2025-10-17 22:46:36.024,106966.09,0.00052,55.622366799999995
2025-10-17 22:46:36.269,106966.08,0.012,1283.59296
2025-10-17 22:46:36.270,106966.08,0.012,1283.59296
2025-10-17 22:46:36.672,106966.09,7e-05,7.487626299999999
2025-10-17 22:46:36.712,106966.09,0.0005,53.483045
2025-10-17 22:46:36.951,106966.09,0.0005,53.483045
2025-10-17 22:46:37.000,106966.09,0.0005,53.483045
2025-10-17 22:46:37.200,106966.09,0.00461,493.11367490000003
2025-10-17 22:46:37.810,106966.08,9e-05,9.6269472
2025-10-17 22:46:38.347,106966.08,0.00047,50.2740576
2025-10-17 22:46:38.433,106966.09,0.00023,24.6022007
2025-10-17 22:46:39.176,106966.09,0.00012,12.8359308
2025-10-17 22:46:39.762,106966.08,0.00047,50.2740576
2025-10-17 22:46:39.909,106966.09,0.00047,50.2740623
2025-10-17 22:46:39.938,106966.09,0.0005,53.483045
2025-10-17 22:46:40.115,106966.09,0.00247,264.2062423
2025-10-17 22:46:40.207,106966.08,0.00047,50.2740576
2025-10-17 22:46:40.320,106966.09,0.0019,203.235571
2025-10-17 22:46:41.440,106966.08,9e-05,9.6269472
2025-10-17 22:46:41.870,106966.09,6e-05,6.4179654
2025-10-17 22:46:42.682,106966.08,0.00027,28.8808416
2025-10-17 22:46:42.705,106966.09,0.00046,49.2044014
2025-10-17 22:46:42.814,106966.09,0.00024,25.6718616
2025-10-17 22:46:44.412,106966.08,0.00039,41.7167712
2025-10-17 22:46:44.466,106966.09,0.01576,1685.7855783999998
2025-10-17 22:46:44.785,106966.09,9e-05,9.6269481
2025-10-17 22:46:45.999,106966.09,0.00047,50.2740623
2025-10-17 22:46:46.352,106966.09,0.00554,592.5921386
2025-10-17 22:46:46.418,106966.09,0.00035,37.4381315
2025-10-17 22:46:46.476,106966.09,0.00173,185.05133569999998
2025-10-17 22:46:47.583,106966.09,0.00035,37.4381315
2025-10-17 22:46:48.227,106966.08,0.00359,384.00822719999996
2025-10-17 22:46:48.383,106966.08,0.0206,2203.501248
2025-10-17 22:46:49.817,106966.08,0.08247,8821.4926176
2025-10-17 22:46:49.922,106966.09,0.00047,50.2740623
2025-10-17 22:46:50.071,106966.08,7e-05,7.487625599999999
2025-10-17 22:46:50.658,106966.09,0.00768,821.4995712
2025-10-17 22:46:51.178,106966.09,0.03457,3697.8177312999997
2025-10-17 22:46:51.190,106966.09,0.00047,50.2740623
2025-10-17 22:46:51.983,106966.08,0.00167,178.63335360000002
2025-10-17 22:46:52.653,106966.08,0.0003,32.089824
2025-10-17 22:46:53.246,106966.08,7e-05,7.487625599999999
2025-10-17 22:46:53.810,106966.08,9e-05,9.6269472
2025-10-17 22:46:53.989,106966.09,0.00047,50.2740623
2025-10-17 22:46:54.817,106966.08,0.001,106.96608
2025-10-17 22:46:55.020,106966.08,0.00065,69.527952
2025-10-17 22:46:55.225,106966.08,9e-05,9.6269472
2025-10-17 22:46:56.567,106966.08,0.00025,26.74152
2025-10-17 22:46:56.572,106966.09,0.00047,50.2740623
2025-10-17 22:46:56.733,106966.09,4e-05,4.2786436000000005
2025-10-17 22:46:57.791,106966.09,0.00104,111.24473359999999
2025-10-17 22:46:58.992,106966.08,8e-05,8.5572864
2025-10-17 22:46:59.042,106966.08,9e-05,9.6269472
2025-10-17 22:46:59.267,106966.08,0.00094,100.5481152
2025-10-17 22:46:59.801,106966.09,0.00468,500.6013012
2025-10-17 22:47:00.189,106966.08,7e-05,7.487625599999999
2025-10-17 22:47:00.548,106966.08,8e-05,8.5572864
2025-10-17 22:47:00.720,106966.09,0.00052,55.622366799999995
2025-10-17 22:47:01.162,106966.08,0.0001,10.696608000000001
2025-10-17 22:47:01.491,106966.08,8e-05,8.5572864
2025-10-17 22:47:01.496,106966.08,8e-05,8.5572864
2025-10-17 22:47:01.527,106966.08,0.00115,123.010992
2025-10-17 22:47:01.751,106966.08,8e-05,8.5572864
2025-10-17 22:47:01.970,106966.09,0.00032,34.229148800000004
2025-10-17 22:47:02.293,106966.08,0.00027,28.8808416
2025-10-17 22:47:03.028,106966.08,0.00051,54.552700800000004
2025-10-17 22:47:03.118,106966.08,7e-05,7.487625599999999
2025-10-17 22:47:03.504,106966.09,0.05592,5981.543752799999
2025-10-17 22:47:03.506,106966.14,0.0006,64.179684
2025-10-17 22:47:03.615,106967.69,0.00217,232.11988730000002
2025-10-17 22:47:03.632,106967.7,0.00018,19.254186
2025-10-17 22:47:03.716,106967.7,0.00167,178.636059
2025-10-17 22:47:03.815,106967.71,0.00175,187.19349250000002
2025-10-17 22:47:03.900,106967.8,0.1255,13424.4589
2025-10-17 22:47:04.285,106967.79,9e-05,9.6271011
2025-10-17 22:47:04.482,106967.8,0.45575,48750.57485
2025-10-17 22:47:05.584,106967.8,0.00093,99.48005400000001
2025-10-17 22:47:06.115,106967.79,9e-05,9.6271011
2025-10-17 22:47:06.177,106967.79,0.00096,102.6890784
2025-10-17 22:47:06.180,106967.79,0.00146,156.1729734
2025-10-17 22:47:06.208,106967.8,0.00047,50.274866
2025-10-17 22:47:06.928,106967.8,0.00934,999.079252
2025-10-17 22:47:08.725,106967.8,9e-05,9.627102
2025-10-17 22:47:09.259,106967.79,0.00093,99.4800447
2025-10-17 22:47:09.870,106967.8,0.00856,915.644368
2025-10-17 22:47:09.967,106967.8,0.03747,4008.0834660000005
2025-10-17 22:47:09.969,106970.36,0.00015,16.045554
2025-10-17 22:47:09.974,106971.05,0.0411,4396.510155
2025-10-17 22:47:10.578,106972.49,0.00085,90.9266165
2025-10-17 22:47:11.576,106972.49,8e-05,8.557799200000002
2025-10-17 22:47:11.622,106972.5,0.00156,166.87709999999998
2025-10-17 22:47:12.497,106972.49,9e-05,9.6275241
2025-10-17 22:47:13.960,106972.5,0.00061,65.253225
2025-10-17 22:47:14.002,106972.5,0.00013,13.906424999999999
2025-10-17 22:47:14.332,106972.49,0.00435,465.3303315
2025-10-17 22:47:14.628,106972.49,0.00014,14.9761486
2025-10-17 22:47:14.933,106972.5,0.00041,43.858725
2025-10-17 22:47:14.954,106972.5,0.00406,434.30835
2025-10-17 22:47:14.956,106972.49,0.00093,99.48441570000001
2025-10-17 22:47:15.499,106972.5,0.00037,39.579825
2025-10-17 22:47:16.107,106972.49,0.00047,50.2770703
2025-10-17 22:47:16.144,106972.49,9e-05,9.6275241
2025-10-17 22:47:16.373,106972.49,7e-05,7.4880743
2025-10-17 22:47:16.580,106972.49,0.00026,27.8128474
2025-10-17 22:47:17.180,106972.49,0.0001,10.697249000000001
2025-10-17 22:47:17.182,106972.5,0.00019,20.324775000000002
2025-10-17 22:47:17.189,106972.5,0.00125,133.715625
2025-10-17 22:47:17.252,106972.49,0.012,1283.6698800000001
2025-10-17 22:47:17.253,106972.49,0.012,1283.6698800000001
2025-10-17 22:47:17.279,106972.49,8e-05,8.557799200000002
2025-10-17 22:47:18.023,106972.49,0.00029,31.0220221
2025-10-17 22:47:18.604,106972.49,8e-05,8.557799200000002
2025-10-17 22:47:18.802,106972.49,0.012,1283.6698800000001
2025-10-17 22:47:18.803,106972.39,0.0001,10.697239
2025-10-17 22:47:18.804,106971.14,5e-05,5.3485570000000004
2025-10-17 22:47:18.810,106966.08,0.00403,431.0733024
2025-10-17 22:47:18.834,106966.08,0.012,1283.59296
2025-10-17 22:47:18.940,106966.09,0.00087,93.06049829999999
2025-10-17 22:47:19.106,106966.08,9e-05,9.6269472
2025-10-17 22:47:19.527,106966.08,9e-05,9.6269472
2025-10-17 22:47:19.609,106966.08,0.00019,20.3235552
2025-10-17 22:47:19.673,106966.09,7e-05,7.487626299999999
2025-10-17 22:47:20.346,106966.08,0.0001,10.696608000000001
2025-10-17 22:47:20.603,106966.09,0.00062,66.3189758
2025-10-17 22:47:20.761,106966.08,0.00866,926.3262527999999
2025-10-17 22:47:21.115,106966.08,7e-05,7.487625599999999
2025-10-17 22:47:21.297,106966.08,0.00047,50.2740576
2025-10-17 22:47:21.514,106966.08,7e-05,7.487625599999999
2025-10-17 22:47:21.530,106966.08,8e-05,8.5572864
2025-10-17 22:47:21.975,106966.09,0.00078,83.4335502
2025-10-17 22:47:22.293,106966.08,0.04,4278.6432
2025-10-17 22:47:22.353,106966.08,0.00017,18.184233600000002
2025-10-17 22:47:22.371,106966.08,0.04,4278.6432
2025-10-17 22:47:22.450,106966.08,7e-05,7.487625599999999
2025-10-17 22:47:22.474,106966.08,8e-05,8.5572864
2025-10-17 22:47:22.542,106966.08,0.3,32089.824
2025-10-17 22:47:22.652,106966.09,5e-05,5.3483045
2025-10-17 22:47:22.655,106966.08,0.04,4278.6432
2025-10-17 22:47:22.659,106966.08,0.28568,30558.0697344
2025-10-17 22:47:22.660,106966.08,0.39936,42717.9737088
2025-10-17 22:47:22.661,106966.08,0.0389,4160.980512
2025-10-17 22:47:22.662,106966.08,0.0599,6407.268192
2025-10-17 22:47:22.663,106966.07,0.0159,1700.7605130000002
2025-10-17 22:47:22.665,106966.07,0.00048,51.34371360000001
2025-10-17 22:47:22.666,106965.43,5e-05,5.3482715
2025-10-17 22:47:22.667,106960.43,2e-05,2.1392086
2025-10-17 22:47:22.700,106957.4,0.00742,793.623908
2025-10-17 22:47:22.739,106955.82,9e-05,9.6260238
2025-10-17 22:47:22.780,106955.82,0.0187,2000.0738340000003
2025-10-17 22:47:22.928,106955.83,0.00023,24.5998409
2025-10-17 22:47:22.954,106955.83,0.00042,44.921448600000005
2025-10-17 22:47:23.612,106955.82,8e-05,8.556465600000001
2025-10-17 22:47:23.794,106955.82,9e-05,9.6260238
2025-10-17 22:47:23.802,106955.82,7e-05,7.4869074
2025-10-17 22:47:23.938,106955.83,0.00047,50.2692401
2025-10-17 22:47:24.022,106955.82,8e-05,8.556465600000001
2025-10-17 22:47:24.096,106955.82,0.00047,50.2692354
2025-10-17 22:47:24.098,106955.82,0.00275,294.128505
2025-10-17 22:47:24.180,106955.82,0.00141,150.8077062
2025-10-17 22:47:24.215,106955.81,0.00205,219.2594105
2025-10-17 22:47:24.225,106955.8,0.02662,2847.1633960000004
2025-10-17 22:47:24.226,106955.79,0.00104,111.23402159999998
2025-10-17 22:47:24.233,106955.39,0.00012,12.8346468
2025-10-17 22:47:24.603,106955.39,8e-05,8.5564312
2025-10-17 22:47:24.614,106955.39,0.0085,909.1208150000001
2025-10-17 22:47:24.616,106955.39,0.0001,10.695539
2025-10-17 22:47:24.620,106954.83,0.00107,114.4416681
2025-10-17 22:47:24.621,106954.82,0.00017,18.1823194
2025-10-17 22:47:24.622,106954.25,0.002,213.9085
2025-10-17 22:47:24.625,106954.25,0.00101,108.0237925
2025-10-17 22:47:24.626,106954.25,0.00094,100.53699499999999
2025-10-17 22:47:24.630,106951.59,0.00176,188.2347984
2025-10-17 22:47:24.634,106951.59,0.00509,544.3835931
2025-10-17 22:47:24.638,106951.58,0.00086,91.9783588
2025-10-17 22:47:24.641,106951.58,0.0001,10.695158000000001
2025-10-17 22:47:24.644,106951.58,0.00425,454.54421500000007
2025-10-17 22:47:24.646,106951.58,0.00111,118.71625380000002
2025-10-17 22:47:24.647,106951.56,0.00185,197.860386
2025-10-17 22:47:24.651,106951.55,0.0014,149.73217
2025-10-17 22:47:24.654,106948.57,0.34827,37246.9784739
2025-10-17 22:47:24.656,106948.56,0.0005,53.47428
2025-10-17 22:47:24.657,106948.56,0.0001,10.694856
2025-10-17 22:47:24.658,106948.56,0.0001,10.694856
2025-10-17 22:47:24.659,106948.56,0.0001,10.694856
2025-10-17 22:47:24.669,106948.56,0.00199,212.8276344
2025-10-17 22:47:24.671,106948.53,0.0003,32.084559
2025-10-17 22:47:24.673,106948.53,0.00085,90.9062505
2025-10-17 22:47:24.676,106946.69,0.0007,74.862683
2025-10-17 22:47:24.679,106946.69,0.0006,64.168014
2025-10-17 22:47:24.683,106946.69,0.00034,36.3618746
2025-10-17 22:47:24.686,106946.69,0.15684,16773.5188596
2025-10-17 22:47:24.687,106946.69,0.0286,3058.675334
2025-10-17 22:47:24.883,106946.69,9e-05,9.625202100000001
2025-10-17 22:47:25.107,106946.69,8e-05,8.5557352
2025-10-17 22:47:25.341,106946.69,8e-05,8.5557352
2025-10-17 22:47:25.599,106946.69,0.00018,19.250404200000002
2025-10-17 22:47:25.609,106946.69,0.00019,20.3198711
2025-10-17 22:47:26.215,106946.7,0.00047,50.264948999999994
2025-10-17 22:47:26.265,106946.69,9e-05,9.625202100000001
2025-10-17 22:47:26.295,106946.69,0.012,1283.36028
2025-10-17 22:47:26.296,106946.69,0.012,1283.36028
2025-10-17 22:47:26.425,106946.69,0.00128,136.8917632
2025-10-17 22:47:26.727,106946.69,0.0028,299.450732
2025-10-17 22:47:26.732,106946.69,9e-05,9.625202100000001
2025-10-17 22:47:27.050,106946.69,8e-05,8.5557352
2025-10-17 22:47:27.269,106946.69,9e-05,9.625202100000001
2025-10-17 22:47:27.472,106946.69,9e-05,9.625202100000001
2025-10-17 22:47:28.482,106946.69,9e-05,9.625202100000001
2025-10-17 22:47:28.876,106946.69,0.001,106.94669
2025-10-17 22:47:28.877,106946.69,0.001,106.94669
2025-10-17 22:47:29.274,106946.69,0.00017,18.1809373
2025-10-17 22:47:29.458,106946.69,9e-05,9.625202100000001
2025-10-17 22:47:30.643,106946.69,0.0265,2834.087285
2025-10-17 22:47:31.219,106946.69,7e-05,7.4862683
2025-10-17 22:47:31.261,106946.7,0.00016,17.111472000000003
2025-10-17 22:47:32.636,106946.69,8e-05,8.5557352
2025-10-17 22:47:33.686,106946.69,8e-05,8.5557352
2025-10-17 22:47:33.705,106946.69,8e-05,8.5557352
2025-10-17 22:47:34.281,106946.7,0.00039,41.709213
2025-10-17 22:47:34.719,106946.69,0.00047,50.264944299999996
2025-10-17 22:47:35.248,106946.69,8e-05,8.5557352
2025-10-17 22:47:35.273,106946.7,0.00064,68.44588800000001
2025-10-17 22:47:35.489,106946.69,8e-05,8.5557352
2025-10-17 22:47:36.145,106946.7,0.0033,352.92411
2025-10-17 22:47:36.171,106946.69,0.0033,352.924077
2025-10-17 22:47:36.399,106946.69,9e-05,9.625202100000001
2025-10-17 22:47:36.419,106946.7,0.09359,10009.141653
2025-10-17 22:47:36.421,106946.75,0.16884,18056.88927
2025-10-17 22:47:36.422,106946.8,0.0009,96.25212
2025-10-17 22:47:36.435,106948.3,0.0007,74.86381
2025-10-17 22:47:36.589,106950.97,0.0006,64.170582
2025-10-17 22:47:36.640,106950.96,9e-05,9.625586400000001
2025-10-17 22:47:36.970,106950.96,6e-05,6.417057600000001
2025-10-17 22:47:36.995,106950.96,0.00474,506.94755040000007
2025-10-17 22:47:37.712,106950.96,0.0009,96.255864
2025-10-17 22:47:37.713,106950.96,0.00317,339.03454320000003
2025-10-17 22:47:37.819,106950.96,0.00027,28.876759200000002
2025-10-17 22:47:39.700,106950.97,0.0005,53.475485
2025-10-17 22:47:39.852,106950.97,0.00052,55.614504399999994
2025-10-17 22:47:40.478,106950.97,0.0012,128.341164
2025-10-17 22:47:40.524,106950.96,8e-05,8.556076800000001
2025-10-17 22:47:40.643,106950.97,0.0009,96.255873
2025-10-17 22:47:40.889,106950.96,0.00017,18.181663200000003
2025-10-17 22:47:41.459,106950.96,9e-05,9.625586400000001
2025-10-17 22:47:41.502,106950.97,0.00042,44.919407400000004
2025-10-17 22:47:41.670,106950.97,0.00028,29.9462716
2025-10-17 22:47:42.230,106950.96,0.0001,10.695096000000001
2025-10-17 22:47:42.416,106950.97,8e-05,8.5560776
2025-10-17 22:47:42.817,106950.96,0.00017,18.181663200000003
2025-10-17 22:47:43.693,106950.97,0.0002,21.390194
2025-10-17 22:47:44.117,106950.97,0.00014,14.9731358
2025-10-17 22:47:44.290,106950.97,0.00828,885.5540315999999
2025-10-17 22:47:44.380,106950.96,0.00018,19.251172800000003
2025-10-17 22:47:45.093,106950.97,0.00032,34.2243104
2025-10-17 22:47:45.823,106950.96,7e-05,7.4865672
2025-10-17 22:47:46.436,106953.33,0.14104,15084.6976632
2025-10-17 22:47:46.455,106953.33,0.0271,2898.435243
2025-10-17 22:47:46.464,106954.25,0.00021,22.4603925
2025-10-17 22:47:46.578,106955.82,8e-05,8.556465600000001
2025-10-17 22:47:46.774,106955.82,0.0001,10.695582000000002
2025-10-17 22:47:46.976,106955.83,0.00112,119.79052959999999
2025-10-17 22:47:46.981,106955.82,8e-05,8.556465600000001
2025-10-17 22:47:47.298,106955.82,6e-05,6.4173492
2025-10-17 22:47:48.869,106955.82,0.00494,528.3617508
2025-10-17 22:47:51.570,106955.82,9e-05,9.6260238
2025-10-17 22:47:52.129,106955.82,0.00017,18.1824894
2025-10-17 22:47:52.458,106955.82,0.00017,18.1824894
2025-10-17 22:47:53.745,106955.83,0.00302,323.0066066
2025-10-17 22:47:54.046,106955.82,0.00047,50.2692354
2025-10-17 22:47:54.785,106955.83,0.00187,200.0074021
2025-10-17 22:47:55.862,106955.83,0.00172,183.9640276
2025-10-17 22:47:56.321,106955.82,0.00047,50.2692354
2025-10-17 22:47:56.994,106955.83,0.00016,17.112932800000003
2025-10-17 22:47:57.114,106955.83,0.00053,56.6865899
2025-10-17 22:47:57.883,106955.83,0.00017,18.1824911
2025-10-17 22:47:58.079,106955.83,0.00288,308.0327904
2025-10-17 22:47:58.302,106955.83,5e-05,5.3477915000000005
2025-10-17 22:47:58.405,106955.83,6e-05,6.4173498
2025-10-17 22:47:58.624,106955.82,0.012,1283.4698400000002
2025-10-17 22:47:58.625,106955.82,0.012,1283.4698400000002
2025-10-17 22:47:58.627,106955.82,0.012,1283.4698400000002
2025-10-17 22:47:59.989,106955.83,0.00047,50.2692401
2025-10-17 22:48:00.577,106955.83,0.00011,11.7651413
2025-10-17 22:48:00.596,106955.83,0.00063,67.3821729
2025-10-17 22:48:00.598,106955.82,9e-05,9.6260238
2025-10-17 22:48:00.599,106955.83,0.00448,479.16211839999994
2025-10-17 22:48:00.663,106955.83,0.00018,19.2520494
2025-10-17 22:48:02.023,106955.82,0.00033,35.2954206
2025-10-17 22:48:02.636,106955.83,0.00228,243.8592924
2025-10-17 22:48:03.352,106955.82,0.0791,8460.205362
2025-10-17 22:48:04.965,106955.83,0.00093,99.46892190000001
2025-10-17 22:48:06.510,106955.83,0.00039,41.7127737
2025-10-17 22:48:06.576,106955.82,9e-05,9.6260238
2025-10-17 22:48:06.621,106955.83,0.00923,987.2023109
2025-10-17 22:48:06.856,106955.83,0.00047,50.2692401
2025-10-17 22:48:08.006,106957.2,0.00015,16.04358
2025-10-17 22:48:08.519,106957.4,0.00011,11.765314
2025-10-17 22:48:10.482,106957.4,7e-05,7.487017999999999
2025-10-17 22:48:10.798,106957.4,0.01402,1499.5427479999998
2025-10-17 22:48:10.874,106957.4,0.0005,53.478699999999996
2025-10-17 22:48:11.101,106957.4,0.00034,36.365516
2025-10-17 22:48:11.299,106957.39,0.00373,398.95106469999996
2025-10-17 22:48:13.452,106957.39,0.00018,19.2523302
2025-10-17 22:48:13.980,106957.39,9e-05,9.6261651
2025-10-17 22:48:14.217,106957.4,0.0005,53.478699999999996
2025-10-17 22:48:14.327,106957.4,0.00015,16.043609999999997
2025-10-17 22:48:14.552,106957.4,0.00079,84.496346
2025-10-17 22:48:14.953,106957.4,0.00047,50.269977999999995
2025-10-17 22:48:15.349,106957.39,7e-05,7.487017299999999
2025-10-17 22:48:15.632,106957.39,0.0002,21.391478
2025-10-17 22:48:15.633,106957.4,0.00109,116.583566
2025-10-17 22:48:17.671,106957.4,0.00671,717.6841539999999
2025-10-17 22:48:17.690,106958.87,0.00063,67.3840881
2025-10-17 22:48:17.698,106958.87,0.00046,49.2010802
2025-10-17 22:48:17.699,106958.87,0.00281,300.55442469999997
2025-10-17 22:48:17.819,106958.87,0.00014,14.974241799999998
2025-10-17 22:48:17.832,106958.87,7e-05,7.487120899999999
2025-10-17 22:48:18.033,106958.87,0.00023,24.6005401
2025-10-17 22:48:18.071,106958.87,0.0038,406.44370599999996
2025-10-17 22:48:18.118,106958.87,0.0001,10.695887
2025-10-17 22:48:18.290,106958.87,0.00057,60.966555899999996
2025-10-17 22:48:18.460,106958.87,0.00066,70.59285419999999
2025-10-17 22:48:18.532,106958.87,0.0001,10.695887
2025-10-17 22:48:18.800,106958.87,0.00729,779.7301623
2025-10-17 22:48:19.092,106958.87,0.0041,438.53136700000005
2025-10-17 22:48:19.333,106958.87,0.00011,11.7654757
2025-10-17 22:48:19.680,106958.87,0.00015,16.0438305
2025-10-17 22:48:19.918,106958.87,0.00432,462.0623184
2025-10-17 22:48:20.282,106958.87,0.0005,53.479435
2025-10-17 22:48:20.417,106958.87,0.00019,20.3221853
2025-10-17 22:48:21.691,106958.87,7e-05,7.487120899999999
2025-10-17 22:48:21.791,106958.87,0.0001,10.695887
2025-10-17 22:48:21.917,106958.87,0.00141,150.81200669999998
2025-10-17 22:48:21.937,106958.87,0.00015,16.0438305
2025-10-17 22:48:22.060,106958.87,0.00015,16.0438305
2025-10-17 22:48:22.169,106958.87,5e-05,5.3479435
2025-10-17 22:48:22.778,106958.87,0.00476,509.1242212
2025-10-17 22:48:23.150,106958.86,6e-05,6.4175316
2025-10-17 22:48:23.392,106958.87,0.00141,150.81200669999998
2025-10-17 22:48:23.824,106958.87,0.00024,25.6701288
2025-10-17 22:48:24.237,106958.86,0.0004,42.783544
2025-10-17 22:48:24.524,106958.87,9e-05,9.6262983
2025-10-17 22:48:24.543,106958.86,0.00203,217.1264858
2025-10-17 22:48:24.743,106958.86,0.00703,751.9207858
2025-10-17 22:48:24.984,106958.87,0.00011,11.7654757
2025-10-17 22:48:25.784,106958.87,0.00186,198.9434982
2025-10-17 22:48:27.081,106958.86,0.00204,218.19607440000001
2025-10-17 22:48:27.514,106958.86,8e-05,8.556708800000001
2025-10-17 22:48:28.228,106958.87,0.00555,593.6217285
2025-10-17 22:48:28.698,106958.86,0.01871,2001.2002706
2025-10-17 22:48:28.776,106958.87,0.01108,1185.1042796
2025-10-17 22:48:29.617,106958.87,0.00467,499.49792289999993
2025-10-17 22:48:30.117,106958.86,0.00047,50.2706642
2025-10-17 22:48:31.254,106958.86,0.00074,79.1495564
2025-10-17 22:48:31.403,106958.87,0.00045,48.131491499999996
2025-10-17 22:48:31.968,106958.87,0.00303,324.0853761
2025-10-17 22:48:32.309,106958.86,0.00018,19.2525948
2025-10-17 22:48:34.162,106958.86,0.00496,530.5159456
2025-10-17 22:48:34.392,106958.86,9e-05,9.6262974
2025-10-17 22:48:34.701,106958.87,0.00058,62.0361446
2025-10-17 22:48:34.730,106958.87,0.00039,41.7139593
2025-10-17 22:48:35.085,106958.87,0.00139,148.6728293
2025-10-17 22:48:36.124,106958.87,0.0001,10.695887
2025-10-17 22:48:36.138,106958.87,0.00026,27.809306199999995
2025-10-17 22:48:36.964,106958.86,0.00047,50.2706642
2025-10-17 22:48:37.837,106958.87,0.00026,27.809306199999995
2025-10-17 22:48:38.678,106958.87,0.00196,209.6393852
2025-10-17 22:48:39.342,106958.86,0.00016,17.113417600000002
2025-10-17 22:48:39.485,106958.87,0.00015,16.0438305
2025-10-17 22:48:39.958,106958.87,0.00027,28.8788949
2025-10-17 22:48:39.983,106958.87,0.00094,100.5413378
2025-10-17 22:48:41.496,106958.87,7e-05,7.487120899999999
2025-10-17 22:48:42.144,106958.87,0.00275,294.1368925
2025-10-17 22:48:42.569,106958.87,0.00047,50.2706689
2025-10-17 22:48:42.673,106958.87,0.00167,178.6213129
2025-10-17 22:48:42.912,106958.87,0.0001,10.695887
2025-10-17 22:48:43.495,106958.87,0.00027,28.8788949
2025-10-17 22:48:43.542,106958.87,8e-05,8.5567096
2025-10-17 22:48:43.831,106958.86,0.00026,27.809303599999996
2025-10-17 22:48:44.112,106958.87,0.00047,50.2706689
2025-10-17 22:48:45.061,106958.86,0.00047,50.2706642
2025-10-17 22:48:45.240,106958.87,0.00045,48.131491499999996
2025-10-17 22:48:45.761,106958.87,0.00186,198.9434982
2025-10-17 22:48:47.019,106958.86,0.00088,94.12379680000001
2025-10-17 22:48:47.020,106958.86,0.00082,87.7062652
2025-10-17 22:48:47.021,106958.86,0.00092,98.4021512
2025-10-17 22:48:47.022,106958.86,0.00088,94.12379680000001
2025-10-17 22:48:47.023,106958.86,0.00082,87.7062652
2025-10-17 22:48:47.024,106958.86,0.0028,299.484808
2025-10-17 22:48:47.027,106958.86,0.00451,482.3844586
2025-10-17 22:48:47.072,106958.87,0.00047,50.2706689
2025-10-17 22:48:47.330,106958.87,0.00093,99.4717491
2025-10-17 22:48:47.661,106958.86,0.00016,17.113417600000002
2025-10-17 22:48:47.689,106958.86,0.04209,4501.898417400001
2025-10-17 22:48:47.891,106958.87,9e-05,9.6262983
2025-10-17 22:48:48.220,106958.87,4e-05,4.2783548
2025-10-17 22:48:48.305,106958.87,5e-05,5.3479435
2025-10-17 22:48:48.343,106958.87,0.00017,18.1830079
2025-10-17 22:48:48.398,106958.87,7e-05,7.487120899999999
2025-10-17 22:48:48.495,106958.87,6e-05,6.4175322
2025-10-17 22:48:48.868,106958.86,0.03921,4193.8569006
2025-10-17 22:48:49.504,106958.86,0.00531,567.9515465999999
2025-10-17 22:48:51.584,106958.86,9e-05,9.6262974
2025-10-17 22:48:51.835,106958.87,7e-05,7.487120899999999
2025-10-17 22:48:52.382,106958.86,0.00039,41.713955399999996
2025-10-17 22:48:52.390,106958.86,5e-05,5.347943
2025-10-17 22:48:52.434,106958.86,5e-05,5.347943
2025-10-17 22:48:52.597,106958.86,6e-05,6.4175316
2025-10-17 22:48:52.604,106958.86,7e-05,7.4871202
2025-10-17 22:48:52.628,106958.86,5e-05,5.347943
2025-10-17 22:48:52.829,106958.86,8e-05,8.556708800000001
2025-10-17 22:48:52.861,106958.86,6e-05,6.4175316
2025-10-17 22:48:52.979,106958.86,5e-05,5.347943
2025-10-17 22:48:53.573,106958.87,0.01752,1873.9194024
2025-10-17 22:48:54.201,106958.86,5e-05,5.347943
2025-10-17 22:48:54.811,106958.86,0.00038,40.6443668
2025-10-17 22:48:55.723,106958.86,0.00708,757.2687288000001
2025-10-17 22:48:56.128,106958.86,0.00141,150.8119926
2025-10-17 22:48:57.745,106958.86,0.00238,254.56208680000003
2025-10-17 22:48:57.976,106958.86,0.0009,96.262974
2025-10-17 22:48:58.718,106958.87,0.00029,31.0180723
2025-10-17 22:48:58.792,106958.87,0.02338,2500.6983806
2025-10-17 22:48:59.283,106958.86,0.00048,51.3402528
2025-10-17 22:49:00.371,106958.87,0.00146,156.1599502
2025-10-17 22:49:00.770,106958.87,0.00087,93.0542169
2025-10-17 22:49:00.862,106958.86,0.00187,200.0130682
2025-10-17 22:49:02.018,106958.87,0.00097,103.7501039
2025-10-17 22:49:02.095,106958.87,0.02824,3020.5184888
2025-10-17 22:49:02.217,106958.86,0.00015,16.043829
2025-10-17 22:49:02.878,106958.86,6e-05,6.4175316
2025-10-17 22:49:03.241,106958.87,0.00223,238.5182801
2025-10-17 22:49:03.360,106958.86,0.00428,457.7839208
2025-10-17 22:49:03.548,106958.86,9e-05,9.6262974
2025-10-17 22:49:03.589,106958.87,7e-05,7.487120899999999
2025-10-17 22:49:04.356,106958.87,0.00013,13.904653099999997
2025-10-17 22:49:04.381,106958.87,0.00034,36.3660158
2025-10-17 22:49:04.424,106958.86,0.00081,86.6366766
2025-10-17 22:49:04.450,106958.87,0.01495,1599.0351065
2025-10-17 22:49:04.453,106958.88,0.0015,160.43832
2025-10-17 22:49:04.455,106959.11,0.0001,10.695911
2025-10-17 22:49:04.456,106959.11,0.001,106.95911000000001
2025-10-17 22:49:04.457,106959.11,0.00089,95.19360789999999
2025-10-17 22:49:04.458,106959.11,0.00492,526.2388212
2025-10-17 22:49:04.459,106959.11,0.00024,25.670186400000002
2025-10-17 22:49:04.460,106959.72,0.00035,37.435902
2025-10-17 22:49:04.461,106959.72,0.00021,22.461541200000003
2025-10-17 22:49:04.462,106959.72,0.0002,21.391944000000002
2025-10-17 22:49:04.464,106959.72,0.00025,26.73993
2025-10-17 22:49:04.465,106959.72,0.00016,17.1135552
2025-10-17 22:49:04.467,106960.0,0.00015,16.043999999999997
2025-10-17 22:49:04.469,106960.0,0.0007,74.872
2025-10-17 22:49:04.470,106960.0,0.00015,16.043999999999997
2025-10-17 22:49:04.471,106960.01,0.00014,14.974401399999998
2025-10-17 22:49:04.485,106965.28,0.00566,605.4234848
2025-10-17 22:49:04.487,106967.14,0.00082,87.7130548
2025-10-17 22:49:04.488,106967.14,0.00082,87.7130548
2025-10-17 22:49:04.490,106967.14,0.04671,4996.4351094
2025-10-17 22:49:04.492,106967.14,0.00343,366.8972902
2025-10-17 22:49:04.493,106967.14,0.00435,465.307059
2025-10-17 22:49:04.495,106967.14,0.00919,983.0280166
2025-10-17 22:49:04.496,106967.14,0.00484,517.7209576
2025-10-17 22:49:04.497,106967.14,0.00336,359.4095904
2025-10-17 22:49:04.933,106967.15,0.00039,41.7171885
2025-10-17 22:49:05.769,106967.14,0.003,320.90142000000003
2025-10-17 22:49:05.839,106967.15,0.00047,50.27456049999999
2025-10-17 22:49:06.255,106967.15,0.0001,10.696715
2025-10-17 22:49:06.339,106967.14,0.00462,494.1881868
2025-10-17 22:49:06.532,106967.14,0.00018,19.254085200000002
2025-10-17 22:49:06.875,106969.27,0.0137,1465.4789990000002
2025-10-17 22:49:06.882,106969.26,0.00082,87.71479319999999
2025-10-17 22:49:06.883,106969.26,0.00343,366.90456179999995
2025-10-17 22:49:06.885,106969.26,0.00343,366.90456179999995
2025-10-17 22:49:07.099,106969.26,0.00083,88.7844858
2025-10-17 22:49:07.591,106969.27,0.00084,89.85418680000001
2025-10-17 22:49:07.762,106969.26,0.01842,1970.3737691999997
2025-10-17 22:49:08.084,106969.27,0.00175,187.1962225
2025-10-17 22:49:08.298,106969.26,9e-05,9.6272334
2025-10-17 22:49:11.917,106969.26,0.00607,649.3034081999999
2025-10-17 22:49:12.055,106969.56,0.00743,794.7838308
2025-10-17 22:49:12.058,106969.56,0.0009,96.272604
2025-10-17 22:49:12.100,106970.5,0.00195,208.59247499999998
2025-10-17 22:49:12.656,106973.37,0.00011,11.7670707
2025-10-17 22:49:12.678,106973.36,0.00047,50.2774792
2025-10-17 22:49:13.041,106973.37,0.00051,54.5564187
2025-10-17 22:49:14.221,106973.36,0.00047,50.2774792
2025-10-17 22:49:14.762,106973.37,0.00023,24.6038751
2025-10-17 22:49:14.842,106973.37,0.00162,173.2968594
2025-10-17 22:49:15.468,106973.36,9e-05,9.6276024
2025-10-17 22:49:15.471,106973.36,0.00496,530.5878656
2025-10-17 22:49:15.472,106973.36,0.00496,530.5878656
2025-10-17 22:49:15.473,106973.36,0.0026,278.130736
2025-10-17 22:49:15.474,106973.36,0.0028,299.52540799999997
2025-10-17 22:49:15.475,106973.36,0.0026,278.130736
2025-10-17 22:49:15.476,106973.36,0.00082,87.7181552
2025-10-17 22:49:15.477,106973.36,0.0026,278.130736
2025-10-17 22:49:15.478,106973.36,0.00721,771.2779256
2025-10-17 22:49:15.479,106973.36,0.00721,771.2779256
2025-10-17 22:49:15.480,106973.36,0.0043,459.985448
2025-10-17 22:49:15.481,106973.36,0.00088,94.13655680000001
2025-10-17 22:49:15.482,106973.36,0.00092,98.4154912
2025-10-17 22:49:15.483,106973.36,0.00092,98.4154912
2025-10-17 22:49:15.484,106973.36,0.00092,98.4154912
2025-10-17 22:49:15.485,106973.36,0.00336,359.43048960000004
2025-10-17 22:49:15.486,106973.36,0.00092,98.4154912
2025-10-17 22:49:15.487,106973.36,0.00088,94.13655680000001
2025-10-17 22:49:15.488,106973.36,0.00908,971.3181088
2025-10-17 22:49:15.489,106973.36,0.04395,4701.479172
2025-10-17 22:49:15.490,106973.36,0.01566,1675.2028176000001
2025-10-17 22:49:15.491,106973.36,0.00049,52.4169464
2025-10-17 22:49:15.492,106973.36,0.00084,89.85762240000001
2025-10-17 22:49:15.493,106973.36,0.00092,98.4154912
2025-10-17 22:49:15.494,106973.36,0.01427,1526.5098472
2025-10-17 22:49:15.495,106973.36,0.02572,2751.3548192
2025-10-17 22:49:15.496,106973.36,0.00092,98.4154912
2025-10-17 22:49:15.497,106973.36,0.00188,201.1099168
2025-10-17 22:49:15.498,106973.36,0.00188,201.1099168
2025-10-17 22:49:15.499,106973.36,0.00092,98.4154912
2025-10-17 22:49:15.500,106973.36,0.00092,98.4154912
2025-10-17 22:49:15.501,106973.36,0.0026,278.130736
2025-10-17 22:49:15.502,106973.36,0.00079,84.50895440000001
2025-10-17 22:49:15.503,106973.36,0.00076,81.2997536
2025-10-17 22:49:15.504,106973.36,0.00108,115.53122880000001
2025-10-17 22:49:15.505,106973.36,0.00088,94.13655680000001
2025-10-17 22:49:15.506,106973.36,0.00088,94.13655680000001
2025-10-17 22:49:15.507,106973.36,0.00444,474.96171840000005
2025-10-17 22:49:15.508,106973.36,0.00444,474.96171840000005
2025-10-17 22:49:15.509,106973.36,0.00201,215.0164536
2025-10-17 22:49:15.510,106973.36,0.00088,94.13655680000001
2025-10-17 22:49:15.511,106973.36,0.00092,98.4154912
2025-10-17 22:49:15.512,106973.36,0.00092,98.4154912
2025-10-17 22:49:15.513,106973.36,0.00085,90.92735599999999
2025-10-17 22:49:15.514,106973.36,0.00077,82.3694872
2025-10-17 22:49:15.521,106973.36,0.00088,94.13655680000001
2025-10-17 22:49:15.522,106973.36,0.00092,98.4154912
2025-10-17 22:49:15.523,106973.36,0.00092,98.4154912
2025-10-17 22:49:15.524,106973.36,0.00088,94.13655680000001
2025-10-17 22:49:15.525,106973.36,0.00088,94.13655680000001
2025-10-17 22:49:15.526,106973.36,0.00088,94.13655680000001
2025-10-17 22:49:15.527,106973.36,0.00655,700.675508
2025-10-17 22:49:15.536,106973.36,0.00092,98.4154912
2025-10-17 22:49:15.538,106973.36,0.00092,98.4154912
2025-10-17 22:49:15.539,106973.36,0.00092,98.4154912
2025-10-17 22:49:15.540,106973.36,0.00092,98.4154912
2025-10-17 22:49:15.541,106973.36,0.00092,98.4154912
2025-10-17 22:49:15.542,106973.36,0.01231,1316.8420616
2025-10-17 22:49:15.543,106973.36,0.01235,1321.120996
2025-10-17 22:49:15.544,106973.36,0.01051,1124.2900136
2025-10-17 22:49:15.545,106973.36,0.00475,508.12345999999997
2025-10-17 22:49:15.548,106973.36,0.0006,64.184016
2025-10-17 22:49:15.549,106973.36,0.03755,4016.849668
2025-10-17 22:49:15.550,106973.36,0.0006,64.184016
2025-10-17 22:49:15.551,106973.36,0.00092,98.4154912
2025-10-17 22:49:15.552,106973.36,0.00088,94.13655680000001
2025-10-17 22:49:15.554,106973.36,0.00077,82.3694872
2025-10-17 22:49:15.562,106973.36,0.00088,94.13655680000001
2025-10-17 22:49:15.563,106973.36,0.00092,98.4154912
2025-10-17 22:49:15.564,106973.36,0.00465,497.42612399999996
2025-10-17 22:49:15.565,106973.36,0.00088,94.13655680000001
2025-10-17 22:49:15.566,106973.36,0.00893,955.2721048000001
2025-10-17 22:49:15.567,106973.36,0.00465,497.42612399999996
2025-10-17 22:49:15.571,106973.36,0.00088,94.13655680000001
2025-10-17 22:49:15.572,106973.36,0.00092,98.4154912
2025-10-17 22:49:15.573,106973.36,0.01393,1490.1389047999999
2025-10-17 22:49:15.574,106973.36,0.00088,94.13655680000001
2025-10-17 22:49:15.575,106973.36,0.01255,1342.515668
2025-10-17 22:49:15.576,106973.36,0.00092,98.4154912
2025-10-17 22:49:15.577,106973.36,0.00088,94.13655680000001
2025-10-17 22:49:15.578,106973.36,0.00092,98.4154912
2025-10-17 22:49:15.579,106973.36,0.00088,94.13655680000001
2025-10-17 22:49:15.580,106973.36,0.00295,315.571412
2025-10-17 22:49:15.581,106973.36,0.00092,98.4154912
2025-10-17 22:49:15.588,106973.36,0.00146,156.1811056
2025-10-17 22:49:15.599,106973.36,0.00092,98.4154912
2025-10-17 22:49:15.600,106973.36,0.00092,98.4154912
2025-10-17 22:49:15.601,106973.36,0.00092,98.4154912
2025-10-17 22:49:15.602,106973.36,0.00092,98.4154912
2025-10-17 22:49:15.603,106973.36,0.00237,253.5268632
2025-10-17 22:49:15.620,106973.37,0.00037,39.580146899999995
2025-10-17 22:49:15.709,106973.36,0.0009,96.27602399999999
2025-10-17 22:49:15.731,106973.36,0.00198,211.8072528
2025-10-17 22:49:16.032,106973.36,0.00012,12.8368032
2025-10-17 22:49:16.172,106973.36,7e-05,7.488135199999999
2025-10-17 22:49:16.917,106973.37,0.00458,489.9380346
2025-10-17 22:49:17.180,106973.36,0.00047,50.2774792
2025-10-17 22:49:17.184,106973.37,0.00246,263.1544902
2025-10-17 22:49:18.073,106973.38,0.0016,171.157408
2025-10-17 22:49:18.075,106973.75,0.00011,11.7671125
2025-10-17 22:49:18.077,106973.75,0.00035,37.4408125
2025-10-17 22:49:18.079,106973.75,0.00045,48.1381875
2025-10-17 22:49:18.081,106973.76,0.00055,58.835568
2025-10-17 22:49:18.126,106973.76,0.00197,210.73830719999998
2025-10-17 22:49:18.137,106974.12,0.00112,119.81101439999999
2025-10-17 22:49:18.140,106976.36,0.00082,87.7206152
2025-10-17 22:49:18.141,106976.36,0.09497,10159.5449092
2025-10-17 22:49:18.146,106976.36,0.00042,44.9300712
2025-10-17 22:49:18.523,106976.36,0.00018,19.255744800000002
2025-10-17 22:49:18.600,106976.37,0.00043,45.999839099999996
2025-10-17 22:49:18.623,106976.37,0.00024,25.674328799999998
2025-10-17 22:49:18.685,106976.36,8e-05,8.558108800000001
2025-10-17 22:49:18.701,106976.37,0.00046,49.2091302
2025-10-17 22:49:19.557,106976.36,0.00082,87.7206152
2025-10-17 22:49:19.558,106976.36,0.0263,2813.478268
2025-10-17 22:49:19.560,106976.36,0.00137,146.5576132
2025-10-17 22:49:19.562,106976.36,0.0028,299.533808
2025-10-17 22:49:19.564,106976.36,0.01053,1126.4610708
2025-10-17 22:49:19.565,106976.36,0.00452,483.5331472
2025-10-17 22:49:19.566,106976.36,0.00281,300.6035716
2025-10-17 22:49:19.567,106976.36,0.01053,1126.4610708
2025-10-17 22:49:19.638,106976.36,0.00092,98.4182512
2025-10-17 22:49:19.639,106976.36,0.00092,98.4182512
2025-10-17 22:49:19.640,106976.36,0.04879,5219.3766044
2025-10-17 22:49:19.641,106976.36,0.00092,98.4182512
2025-10-17 22:49:19.642,106976.36,0.00452,483.5331472
2025-10-17 22:49:19.643,106976.36,0.01053,1126.4610708
2025-10-17 22:49:19.644,106976.36,0.00282,301.6733352
2025-10-17 22:49:19.646,106976.36,0.01703,1821.8074108
2025-10-17 22:49:19.647,106976.36,0.00282,301.6733352
2025-10-17 22:49:19.648,106976.36,0.01435,1535.110766
2025-10-17 22:49:20.372,106976.36,0.07015,7504.391654
2025-10-17 22:49:20.868,106976.37,0.00047,50.27889389999999
2025-10-17 22:49:21.295,106976.36,0.02808,3003.8961888
2025-10-17 22:49:21.432,106976.37,0.00047,50.27889389999999
2025-10-17 22:49:21.530,106976.36,0.09269,9915.6388084
2025-10-17 22:49:21.531,106976.36,0.00088,94.13919680000001
2025-10-17 22:49:21.532,106976.36,0.00088,94.13919680000001
2025-10-17 22:49:21.533,106976.36,0.00088,94.13919680000001
2025-10-17 22:49:21.534,106976.36,0.00092,98.4182512
2025-10-17 22:49:21.893,106976.37,4e-05,4.2790548
2025-10-17 22:49:22.682,106976.37,0.0039,417.20784299999997
2025-10-17 22:49:22.687,106977.08,0.00585,625.815918
2025-10-17 22:49:22.689,106977.08,1e-05,1.0697708000000001
2025-10-17 22:49:22.690,106978.6,0.00011,11.767646000000001
2025-10-17 22:49:22.692,106978.6,0.0004,42.79144
2025-10-17 22:49:22.693,106978.61,0.00065,69.5360965
2025-10-17 22:49:22.694,106978.6,0.0001,10.69786
2025-10-17 22:49:22.695,106980.64,0.00035,37.443224
2025-10-17 22:49:22.698,106983.5,0.00021,22.466535
2025-10-17 22:49:22.700,106983.98,0.00092,98.4252616
2025-10-17 22:49:22.701,106984.95,0.00092,98.426154
2025-10-17 22:49:22.702,106984.95,0.00092,98.426154
2025-10-17 22:49:22.703,106984.95,0.00088,94.146756
2025-10-17 22:49:22.704,106984.95,0.00088,94.146756
2025-10-17 22:49:22.705,106984.96,0.00935,1000.3093760000002
2025-10-17 22:49:22.722,106984.95,0.00092,98.426154
2025-10-17 22:49:22.725,106984.95,0.00062,66.330669
2025-10-17 22:49:22.729,106984.95,0.02711,2900.3619944999996
2025-10-17 22:49:22.751,106984.97,0.0002,21.396994000000003
2025-10-17 22:49:22.793,106984.96,0.00092,98.4261632
2025-10-17 22:49:22.794,106984.96,0.00092,98.4261632
2025-10-17 22:49:22.795,106984.96,0.00092,98.4261632
2025-10-17 22:49:22.864,106984.97,0.00267,285.6498699
2025-10-17 22:49:22.868,106984.99,0.00085,90.9372415
2025-10-17 22:49:22.875,106985.27,0.00114,121.9632078
2025-10-17 22:49:22.877,106985.27,0.00011,11.7683797
2025-10-17 22:49:22.880,106986.75,6e-05,6.419205
2025-10-17 22:49:22.883,106987.06,0.00205,219.323473
2025-10-17 22:49:22.885,106987.06,0.00015,16.048059
2025-10-17 22:49:22.887,106988.0,0.0002,21.3976
2025-10-17 22:49:22.889,106988.0,0.00075,80.241
2025-10-17 22:49:23.728,106988.0,0.0001,10.6988
2025-10-17 22:49:24.248,106987.99,0.00973,1040.9931427000001
2025-10-17 22:49:25.209,106988.0,0.00017,18.18796
2025-10-17 22:49:27.385,106987.99,8e-05,8.5590392
2025-10-17 22:49:27.717,106988.0,0.00047,50.28436
2025-10-17 22:49:27.841,106987.99,0.00084,89.86991160000001
2025-10-17 22:49:27.843,106988.0,0.00014,14.978319999999998
2025-10-17 22:49:28.103,106987.99,7e-05,7.4891593
2025-10-17 22:49:28.575,106988.0,7e-05,7.489159999999999
2025-10-17 22:49:29.267,106988.0,0.00155,165.8314
2025-10-17 22:49:30.162,106988.0,0.00024,25.677120000000002
2025-10-17 22:49:30.980,106987.99,0.00397,424.74232029999996
2025-10-17 22:49:31.116,106987.99,0.0015,160.481985
2025-10-17 22:49:31.587,106987.99,6e-05,6.419279400000001
2025-10-17 22:49:32.165,106988.0,0.00082,87.73016
2025-10-17 22:49:32.270,106988.0,0.00018,19.25784
2025-10-17 22:49:32.403,106988.0,9e-05,9.62892
2025-10-17 22:49:32.513,106987.99,0.00082,87.7301518
2025-10-17 22:49:32.753,106987.99,0.00056,59.9132744
2025-10-17 22:49:33.041,106988.0,0.00049,52.424119999999995
2025-10-17 22:49:33.661,106988.0,0.0005,53.494
2025-10-17 22:49:34.154,106988.0,0.00402,430.09176
2025-10-17 22:49:34.343,106987.99,0.00016,17.1180784
2025-10-17 22:49:34.409,106988.0,9e-05,9.62892
2025-10-17 22:49:34.536,106988.0,0.005,534.94
2025-10-17 22:49:35.424,106988.0,0.02062,2206.09256
2025-10-17 22:49:35.447,106988.0,0.00047,50.28436
2025-10-17 22:49:36.073,106988.0,0.00163,174.39043999999998
2025-10-17 22:49:36.616,106988.0,0.00151,161.55188
2025-10-17 22:49:37.749,106987.99,0.00014,14.9783186
2025-10-17 22:49:37.869,106988.0,0.00022,23.53736
2025-10-17 22:49:38.645,106987.99,0.01165,1246.4100835000002
2025-10-17 22:49:38.991,106988.0,0.00215,230.0242
2025-10-17 22:49:39.083,106987.99,0.00129,138.0145071
2025-10-17 22:49:40.001,106987.99,0.00327,349.8507273
2025-10-17 22:49:40.541,106988.0,5e-05,5.3494
2025-10-17 22:49:40.632,106988.0,0.00309,330.59292
2025-10-17 22:49:41.208,106988.0,0.00535,572.3858
2025-10-17 22:49:41.456,106988.0,0.00046,49.21448
2025-10-17 22:49:42.112,106988.0,0.00046,49.21448
2025-10-17 22:49:42.447,106987.99,9e-05,9.628919100000001
2025-10-17 22:49:42.574,106987.99,0.021,2246.7477900000004
2025-10-17 22:49:43.365,106987.99,0.00029,31.026517100000003
2025-10-17 22:49:43.474,106987.99,0.10109,10815.4159091
2025-10-17 22:49:43.476,106987.99,0.02197,2350.5261403
2025-10-17 22:49:43.478,106987.99,0.03621,3874.0351179
2025-10-17 22:49:43.480,106987.99,0.06765,7237.737523500001
2025-10-17 22:49:43.481,106987.99,0.001,106.98799000000001
2025-10-17 22:49:43.482,106987.99,0.06128,6556.224027200001
2025-10-17 22:49:43.483,106987.99,0.00956,1022.8051844000001
2025-10-17 22:49:43.484,106987.99,0.06393,6839.7422007000005
2025-10-17 22:49:43.485,106987.99,0.001,106.98799000000001
2025-10-17 22:49:43.489,106984.95,0.00028,29.955785999999996
2025-10-17 22:49:43.491,106984.95,0.00155,165.8266725
2025-10-17 22:49:43.493,106981.75,0.00104,111.26101999999999
2025-10-17 22:49:43.934,106981.61,0.00348,372.2960028
2025-10-17 22:49:43.935,106981.5,0.00045,48.141675
2025-10-17 22:49:43.936,106981.5,0.0005,53.49075
2025-10-17 22:49:43.940,106981.49,0.0024,256.75557599999996
2025-10-17 22:49:43.942,106975.46,0.012,1283.7055200000002
2025-10-17 22:49:44.470,106975.46,9e-05,9.627791400000001
2025-10-17 22:49:44.482,106975.47,0.00016,17.1160752
2025-10-17 22:49:44.728,106975.47,7e-05,7.4882829
2025-10-17 22:49:44.981,106975.46,0.00011,11.7673006
2025-10-17 22:49:45.147,106975.46,8e-05,8.558036800000002
2025-10-17 22:49:45.337,106975.46,7e-05,7.4882821999999996
2025-10-17 22:49:45.391,106975.46,0.00925,989.523005
2025-10-17 22:49:45.392,106975.46,0.00046,49.2087116
2025-10-17 22:49:45.395,106975.46,0.002,213.95092000000002
2025-10-17 22:49:45.396,106975.46,0.002,213.95092000000002
2025-10-17 22:49:45.464,106975.46,9e-05,9.627791400000001
2025-10-17 22:49:45.688,106975.46,8e-05,8.558036800000002
2025-10-17 22:49:45.775,106975.47,0.01011,1081.5220017
2025-10-17 22:49:46.091,106975.47,0.00957,1023.7552479000001
2025-10-17 22:49:46.110,106975.46,0.0001,10.697546
2025-10-17 22:49:46.189,106975.46,9e-05,9.627791400000001
2025-10-17 22:49:46.301,106975.46,8e-05,8.558036800000002
2025-10-17 22:49:46.839,106975.47,0.01,1069.7547
2025-10-17 22:49:47.669,106975.46,9e-05,9.627791400000001
2025-10-17 22:49:47.710,106975.46,0.0001,10.697546
2025-10-17 22:49:48.067,106975.47,0.02404,2571.6902987999997
2025-10-17 22:49:49.085,106975.46,8e-05,8.558036800000002
2025-10-17 22:49:49.985,106975.47,0.00605,647.2015935
2025-10-17 22:49:50.006,106975.46,0.0001,10.697546
2025-10-17 22:49:50.008,106975.46,0.00011,11.7673006
2025-10-17 22:49:50.009,106975.46,0.00011,11.7673006
2025-10-17 22:49:50.010,106975.46,0.00015,16.046319
2025-10-17 22:49:50.011,106975.46,0.00012,12.837055200000002
2025-10-17 22:49:50.013,106975.46,6e-05,6.418527600000001
2025-10-17 22:49:50.014,106975.46,7e-05,7.4882821999999996
2025-10-17 22:49:50.015,106975.46,5e-05,5.348773
2025-10-17 22:49:50.016,106975.46,0.00016,17.116073600000004
2025-10-17 22:49:50.018,106975.46,9e-05,9.627791400000001
2025-10-17 22:49:50.019,106975.46,9e-05,9.627791400000001
2025-10-17 22:49:50.020,106975.46,0.00022,23.5346012
2025-10-17 22:49:50.022,106975.46,0.00017,18.185828200000003
2025-10-17 22:49:50.026,106975.46,9e-05,9.627791400000001
2025-10-17 22:49:50.139,106975.46,0.00367,392.59993820000005
2025-10-17 22:49:50.574,106975.46,8e-05,8.558036800000002
2025-10-17 22:49:50.976,106975.46,0.00047,50.278466200000004
2025-10-17 22:49:51.433,106975.47,0.00041,43.8599427
2025-10-17 22:49:51.582,106975.46,6e-05,6.418527600000001
2025-10-17 22:49:52.317,106975.47,0.00034,36.3716598
2025-10-17 22:49:52.371,106975.46,7e-05,7.4882821999999996
2025-10-17 22:49:52.373,106975.46,0.00012,12.837055200000002
2025-10-17 22:49:52.391,106975.46,9e-05,9.627791400000001
2025-10-17 22:49:52.398,106975.46,5e-05,5.348773
2025-10-17 22:49:52.433,106975.46,0.00013,13.9068098
2025-10-17 22:49:52.437,106975.46,0.00019,20.325337400000002
2025-10-17 22:49:52.470,106975.46,0.00016,17.116073600000004
2025-10-17 22:49:52.485,106975.46,0.00012,12.837055200000002
2025-10-17 22:49:52.522,106975.46,8e-05,8.558036800000002
2025-10-17 22:49:52.554,106975.46,0.00031,33.162392600000004
2025-10-17 22:49:52.562,106975.46,0.00015,16.046319
2025-10-17 22:49:52.563,106975.46,5e-05,5.348773
2025-10-17 22:49:52.572,106975.46,7e-05,7.4882821999999996
2025-10-17 22:49:52.594,106975.46,8e-05,8.558036800000002
2025-10-17 22:49:52.600,106975.46,0.00016,17.116073600000004
2025-10-17 22:49:52.623,106975.46,0.00014,14.976564399999999
2025-10-17 22:49:52.663,106975.46,8e-05,8.558036800000002
2025-10-17 22:49:52.700,106975.46,8e-05,8.558036800000002
2025-10-17 22:49:52.736,106975.46,0.00015,16.046319
2025-10-17 22:49:52.754,106975.46,0.00012,12.837055200000002
2025-10-17 22:49:52.758,106975.46,9e-05,9.627791400000001
2025-10-17 22:49:52.775,106975.46,5e-05,5.348773
2025-10-17 22:49:52.803,106975.46,0.00021,22.4648466
2025-10-17 22:49:52.834,106975.46,5e-05,5.348773
2025-10-17 22:49:52.840,106975.46,9e-05,9.627791400000001
2025-10-17 22:49:52.858,106975.46,8e-05,8.558036800000002
2025-10-17 22:49:52.861,106975.46,0.00041,43.8599386
2025-10-17 22:49:52.897,106975.46,0.0001,10.697546
2025-10-17 22:49:52.909,106975.46,5e-05,5.348773
2025-10-17 22:49:52.943,106975.46,5e-05,5.348773
2025-10-17 22:49:52.991,106975.46,9e-05,9.627791400000001
2025-10-17 22:49:53.110,106975.46,7e-05,7.4882821999999996
2025-10-17 22:49:53.510,106975.47,0.00025,26.7438675
2025-10-17 22:49:53.798,106975.47,0.00047,50.2784709
2025-10-17 22:49:54.115,106975.46,0.0001,10.697546
2025-10-17 22:49:55.010,106975.46,0.00072,77.02233120000001
2025-10-17 22:49:55.755,106975.47,0.01123,1201.3345281
2025-10-17 22:49:55.933,106975.47,0.00079,84.5106213
2025-10-17 22:49:56.750,106975.47,0.00017,18.1858299
2025-10-17 22:49:57.078,106975.46,9e-05,9.627791400000001
2025-10-17 22:49:57.532,106975.47,0.00291,311.29861769999997
2025-10-17 22:49:57.825,106975.46,0.00047,50.278466200000004
2025-10-17 22:49:57.835,106975.46,9e-05,9.627791400000001
2025-10-17 22:49:58.064,106975.47,0.00028,29.9531316
2025-10-17 22:49:58.759,106975.46,8e-05,8.558036800000002
2025-10-17 22:49:58.804,106975.47,0.00405,433.2506535
2025-10-17 22:49:59.131,106975.46,0.0001,10.697546
2025-10-17 22:49:59.283,106975.47,0.0001,10.697547
2025-10-17 22:50:00.325,106975.46,0.00018,19.255582800000003
2025-10-17 22:50:00.736,106975.47,9e-05,9.627792300000001
2025-10-17 22:50:01.082,106975.46,8e-05,8.558036800000002
2025-10-17 22:50:01.149,106975.47,0.00047,50.2784709
2025-10-17 22:50:01.173,106975.47,7e-05,7.4882829
2025-10-17 22:50:01.403,106975.46,9e-05,9.627791400000001
2025-10-17 22:50:01.728,106975.46,8e-05,8.558036800000002
2025-10-17 22:50:01.831,106975.46,9e-05,9.627791400000001
2025-10-17 22:50:02.119,106975.46,8e-05,8.558036800000002
2025-10-17 22:50:02.438,106975.46,9e-05,9.627791400000001
2025-10-17 22:50:02.552,106975.47,0.00047,50.2784709
2025-10-17 22:50:02.919,106975.46,0.00017,18.185828200000003
2025-10-17 22:50:02.994,106975.46,8e-05,8.558036800000002
2025-10-17 22:50:03.507,106975.46,0.04735,5065.288031000001
2025-10-17 22:50:04.524,106975.47,0.0283,3027.405801
2025-10-17 22:50:05.444,106975.46,8e-05,8.558036800000002
2025-10-17 22:50:05.529,106975.46,8e-05,8.558036800000002
2025-10-17 22:50:05.554,106975.46,0.00047,50.278466200000004
2025-10-17 22:50:05.570,106975.46,0.00143,152.9749078
2025-10-17 22:50:05.719,106975.46,0.0001,10.697546
2025-10-17 22:50:05.871,106975.46,8e-05,8.558036800000002
2025-10-17 22:50:05.952,106975.46,0.00017,18.185828200000003
2025-10-17 22:50:06.624,106975.47,0.0025,267.438675
2025-10-17 22:50:06.677,106975.47,0.00064,68.4643008
2025-10-17 22:50:06.815,106975.46,6e-05,6.418527600000001
2025-10-17 22:50:07.929,106975.47,0.00047,50.2784709
2025-10-17 22:50:08.544,106975.47,0.18248,19520.8837656
2025-10-17 22:50:08.545,106975.47,0.16178,17306.491536600002
2025-10-17 22:50:08.546,106975.47,0.0001,10.697547
2025-10-17 22:50:08.547,106975.6,0.0009,96.27804
2025-10-17 22:50:08.552,106976.85,0.00094,100.558239
2025-10-17 22:50:08.554,106977.85,0.00015,16.046677499999998
2025-10-17 22:50:08.555,106977.86,0.0007,74.884502
2025-10-17 22:50:08.557,106977.86,0.00025,26.744465
2025-10-17 22:50:09.185,106981.63,5e-05,5.3490815000000005
2025-10-17 22:50:09.315,106983.5,0.00237,253.55089500000003
2025-10-17 22:50:09.696,106983.51,0.00341,364.81376909999994
2025-10-17 22:50:09.815,106983.52,0.00205,219.31621600000003
2025-10-17 22:50:09.879,106985.47,0.00157,167.9671879
2025-10-17 22:50:09.921,106985.47,9e-05,9.6286923
2025-10-17 22:50:09.994,106985.49,0.00065,69.5405685
2025-10-17 22:50:10.013,106986.15,9e-05,9.6287535
2025-10-17 22:50:10.079,106986.15,6e-05,6.419169
2025-10-17 22:50:10.089,106986.15,8e-05,8.558892
2025-10-17 22:50:10.169,106986.16,0.00035,37.445156000000004
2025-10-17 22:50:10.234,106986.16,0.00035,37.445156000000004
2025-10-17 22:50:10.268,106986.16,0.00046,49.2136336
2025-10-17 22:50:10.331,106986.15,8e-05,8.558892
2025-10-17 22:50:10.600,106986.15,8e-05,8.558892
2025-10-17 22:50:10.687,106986.16,4e-05,4.2794464
2025-10-17 22:50:10.874,106986.15,9e-05,9.6287535
2025-10-17 22:50:11.156,106986.15,9e-05,9.6287535
2025-10-17 22:50:11.431,106986.15,9e-05,9.6287535
2025-10-17 22:50:11.576,106986.15,0.00011,11.7684765
2025-10-17 22:50:12.445,106986.16,0.00595,636.5676520000001
2025-10-17 22:50:12.590,106986.16,6e-05,6.4191696
2025-10-17 22:50:12.592,106986.16,0.00257,274.9544312
2025-10-17 22:50:12.632,106986.17,0.00012,12.8383404
2025-10-17 22:50:12.678,106986.17,0.0001,10.698617
2025-10-17 22:50:12.790,106986.17,0.00015,16.047925499999998
2025-10-17 22:50:13.082,106986.17,0.00034,36.375297800000006
2025-10-17 22:50:13.224,106986.16,0.00094,100.5669904
2025-10-17 22:50:13.279,106986.17,0.00038,40.6547446
2025-10-17 22:50:13.404,106986.16,0.01743,1864.7687688
2025-10-17 22:50:13.899,106986.16,9e-05,9.6287544
2025-10-17 22:50:14.050,106986.17,0.00035,37.445159499999995
2025-10-17 22:50:14.084,106988.0,0.00611,653.69668
2025-10-17 22:50:14.485,106988.0,0.00052,55.633759999999995
2025-10-17 22:50:14.613,106988.0,0.00712,761.75456
2025-10-17 22:50:14.677,106988.0,0.00047,50.28436
2025-10-17 22:50:14.903,106988.0,0.0005,53.494
2025-10-17 22:50:14.945,106987.99,0.00027,28.886757300000003
2025-10-17 22:50:15.088,106987.99,0.0001,10.698799000000001
2025-10-17 22:50:15.523,106988.0,0.00046,49.21448
2025-10-17 22:50:15.568,106988.0,6e-05,6.4192800000000005
2025-10-17 22:50:15.607,106988.0,0.00029,31.02652
2025-10-17 22:50:15.820,106988.0,0.0005,53.494
2025-10-17 22:50:15.864,106987.99,0.00073,78.1012327
2025-10-17 22:50:15.896,106988.0,0.00128,136.94464000000002
2025-10-17 22:50:15.958,106988.28,0.00377,403.3458156
2025-10-17 22:50:16.323,106988.27,0.00012,12.838592400000001
2025-10-17 22:50:16.690,106988.28,0.00186,198.9982008
2025-10-17 22:50:16.692,106988.3,5e-05,5.3494150000000005
2025-10-17 22:50:17.256,106989.4,5e-05,5.34947
2025-10-17 22:50:17.409,106989.4,0.00106,113.40876399999999
2025-10-17 22:50:17.738,106989.39,8e-05,8.5591512
2025-10-17 22:50:17.926,106989.4,0.00016,17.118304000000002
2025-10-17 22:50:18.000,106989.39,9e-05,9.6290451
2025-10-17 22:50:18.270,106989.4,0.00445,476.10283
2025-10-17 22:50:18.282,106989.39,9e-05,9.6290451
2025-10-17 22:50:18.578,106990.0,0.00301,322.0399
2025-10-17 22:50:18.620,106990.98,0.00147,157.27674059999998
2025-10-17 22:50:18.870,106990.99,0.00174,186.16432260000002
2025-10-17 22:50:18.871,106992.0,0.00247,264.27024
2025-10-17 22:50:18.896,106994.0,0.00295,315.6323
2025-10-17 22:50:19.350,106994.41,0.00241,257.8565281
2025-10-17 22:50:19.418,106994.4,0.04394,4701.333936
2025-10-17 22:50:19.419,106994.4,0.00228,243.94723199999999
2025-10-17 22:50:19.616,106994.41,0.34645,37068.2133445
2025-10-17 22:50:20.243,106994.4,0.01825,1952.6477999999997
2025-10-17 22:50:20.590,106994.4,0.0001,10.69944
2025-10-17 22:50:20.732,106994.41,0.00129,138.0227889
2025-10-17 22:50:21.462,106994.4,9e-05,9.629496
2025-10-17 22:50:21.519,106996.35,0.00015,16.0494525
2025-10-17 22:50:22.525,106997.6,0.00045,48.148920000000004
2025-10-17 22:50:22.529,107000.0,0.06983,7471.81
2025-10-17 22:50:22.535,107000.82,0.00566,605.6246412
2025-10-17 22:50:22.555,107002.93,5e-05,5.3501465
2025-10-17 22:50:22.587,107005.1,5e-05,5.350255000000001
2025-10-17 22:50:22.693,107005.44,0.00854,913.8264576000001
2025-10-17 22:50:22.697,107005.99,0.00014,14.9808386
2025-10-17 22:50:23.196,107005.99,9e-05,9.630539100000002
2025-10-17 22:50:23.291,107006.0,0.00018,19.26108
2025-10-17 22:50:24.031,107006.0,0.00163,174.41978
2025-10-17 22:50:24.550,107005.99,9e-05,9.630539100000002
2025-10-17 22:50:24.925,107005.99,0.00296,316.73773040000003
2025-10-17 22:50:25.489,107005.99,0.00027,28.8916173
2025-10-17 22:50:26.024,107005.99,0.00014,14.9808386
2025-10-17 22:50:27.025,107006.0,0.00467,499.71801999999997
2025-10-17 22:50:27.241,107006.0,0.00023,24.61138
2025-10-17 22:50:27.460,107006.0,0.16822,18000.549320000002
2025-10-17 22:50:27.643,107005.99,0.003,321.01797000000005
2025-10-17 22:50:27.682,107006.0,0.00094,100.58564
2025-10-17 22:50:27.781,107006.0,0.00057,60.99342
2025-10-17 22:50:27.824,107006.0,0.00019,20.33114
2025-10-17 22:50:27.843,107006.0,0.0001,10.7006
2025-10-17 22:50:27.891,107005.99,0.00051,54.57305490000001
2025-10-17 22:50:28.131,107006.0,0.00033,35.31198
2025-10-17 22:50:28.139,107006.0,0.00024,25.681440000000002
2025-10-17 22:50:28.276,107006.0,0.0001,10.7006
2025-10-17 22:50:28.570,107006.0,7e-05,7.490419999999999
2025-10-17 22:50:28.591,107006.0,0.00057,60.99342
2025-10-17 22:50:28.632,107006.0,0.0001,10.7006
2025-10-17 22:50:28.732,107006.0,0.0002,21.4012
2025-10-17 22:50:28.881,107006.0,0.00024,25.681440000000002
2025-10-17 22:50:28.943,107006.0,0.00187,200.10121999999998
2025-10-17 22:50:28.992,107006.0,0.00029,31.03174
2025-10-17 22:50:29.019,107006.0,0.00015,16.0509
2025-10-17 22:50:29.137,107006.0,0.0001,10.7006
2025-10-17 22:50:29.338,107006.0,0.0001,10.7006
2025-10-17 22:50:29.522,107005.99,0.00018,19.261078200000004
2025-10-17 22:50:29.610,107006.0,0.0001,10.7006
2025-10-17 22:50:30.235,107006.0,5e-05,5.3503
2025-10-17 22:50:30.341,107005.99,0.00092,98.44551080000001
2025-10-17 22:50:30.342,107005.99,0.00082,87.7449118
2025-10-17 22:50:30.343,107005.99,0.00282,301.7568918
2025-10-17 22:50:30.344,107005.99,0.00139,148.7383261
2025-10-17 22:50:30.345,107005.99,0.00936,1001.5760664000001
2025-10-17 22:50:30.346,107005.99,0.00082,87.7449118
2025-10-17 22:50:30.347,107005.99,0.00255,272.86527450000006
2025-10-17 22:50:30.350,107005.99,0.00246,263.23473540000003
2025-10-17 22:50:30.364,107005.99,0.00919,983.3850481000001
2025-10-17 22:50:30.365,107005.99,0.00919,983.3850481000001
2025-10-17 22:50:30.366,107005.99,0.00082,87.7449118
2025-10-17 22:50:30.369,107005.99,0.0142,1519.4850580000002
2025-10-17 22:50:30.371,107006.0,9e-05,9.63054
2025-10-17 22:50:30.376,107005.99,0.00082,87.7449118
2025-10-17 22:50:30.377,107005.99,0.00082,87.7449118
2025-10-17 22:50:30.378,107005.99,0.01024,1095.7413376000002
2025-10-17 22:50:30.381,107005.99,0.00903,966.2640897
2025-10-17 22:50:30.396,107005.99,0.01587,1698.1850613
2025-10-17 22:50:30.466,107006.0,9e-05,9.63054
2025-10-17 22:50:30.516,107005.99,0.00469,501.8580931
2025-10-17 22:50:30.544,107006.0,0.00227,242.90362
2025-10-17 22:50:30.580,107005.99,0.01589,1700.3251811000002
2025-10-17 22:50:30.583,107005.99,0.00881,942.7227719000001
2025-10-17 22:50:31.180,107006.0,0.00019,20.33114
2025-10-17 22:50:31.240,107006.0,0.00062,66.34372
2025-10-17 22:50:31.258,107005.99,0.00047,50.2928153
2025-10-17 22:50:31.286,107005.99,9e-05,9.630539100000002
2025-10-17 22:50:31.533,107006.0,0.00129,138.03773999999999
2025-10-17 22:50:31.618,107006.0,0.00187,200.10121999999998
2025-10-17 22:50:31.637,107006.0,0.0001,10.7006
2025-10-17 22:50:31.649,107005.99,0.00018,19.261078200000004
2025-10-17 22:50:31.868,107006.0,0.00047,50.29282
2025-10-17 22:50:32.076,107005.99,8e-05,8.560479200000001
2025-10-17 22:50:32.660,107005.99,0.00047,50.2928153
2025-10-17 22:50:32.775,107006.0,0.00488,522.1892799999999
2025-10-17 22:50:32.925,107006.0,0.00053,56.71318
2025-10-17 22:50:34.124,107005.99,0.00594,635.6155806
2025-10-17 22:50:34.274,107005.99,9e-05,9.630539100000002
2025-10-17 22:50:34.638,107006.0,9e-05,9.63054
2025-10-17 22:50:35.651,107005.99,9e-05,9.630539100000002
2025-10-17 22:50:35.682,107005.99,0.00018,19.261078200000004
2025-10-17 22:50:36.051,107006.0,0.21027,22500.15162
2025-10-17 22:50:37.443,107005.99,0.00045,48.1526955
2025-10-17 22:50:37.505,107005.99,9e-05,9.630539100000002
2025-10-17 22:50:37.543,107005.99,8e-05,8.560479200000001
2025-10-17 22:50:37.679,107005.99,0.00018,19.261078200000004
2025-10-17 22:50:38.038,107005.99,0.00047,50.2928153
2025-10-17 22:50:38.345,107006.0,0.00029,31.03174
2025-10-17 22:50:39.562,107006.0,0.00016,17.12096
2025-10-17 22:50:39.580,107005.99,8e-05,8.560479200000001
2025-10-17 22:50:39.773,107005.99,0.00019,20.3311381
2025-10-17 22:50:40.216,107005.99,9e-05,9.630539100000002
2025-10-17 22:50:41.577,107006.0,0.002,214.012
2025-10-17 22:50:41.730,107006.0,0.00047,50.29282
2025-10-17 22:50:41.958,107006.0,0.00467,499.71801999999997
2025-10-17 22:50:42.130,107005.99,0.00018,19.261078200000004
2025-10-17 22:50:42.705,107005.99,0.00468,500.78803320000003
2025-10-17 22:50:43.168,107005.99,0.00024,25.681437600000002
2025-10-17 22:50:43.217,107006.0,0.00328,350.97968
2025-10-17 22:50:43.855,107006.0,0.00014,14.980839999999999
2025-10-17 22:50:43.919,107006.0,0.00179,191.54074
2025-10-17 22:50:44.056,107005.99,9e-05,9.630539100000002
2025-10-17 22:50:44.225,107006.0,0.00023,24.61138
2025-10-17 22:50:44.250,107005.99,0.00411,439.7946189
2025-10-17 22:50:44.269,107006.0,0.0001,10.7006
2025-10-17 22:50:44.540,107006.0,0.00017,18.19102
2025-10-17 22:50:44.691,107005.99,0.00188,201.1712612
2025-10-17 22:50:46.231,107006.0,0.0001,10.7006
2025-10-17 22:50:47.049,107005.99,0.04,4280.2396
2025-10-17 22:50:47.107,107005.99,0.04,4280.2396
2025-10-17 22:50:48.086,107005.99,0.007,749.0419300000001
2025-10-17 22:50:48.575,107006.0,0.00047,50.29282
2025-10-17 22:50:49.439,107005.99,0.00018,19.261078200000004
2025-10-17 22:50:49.886,107006.0,0.0014,149.8084
2025-10-17 22:50:49.905,107005.99,0.00018,19.261078200000004
2025-10-17 22:50:50.065,107005.99,0.00288,308.17725120000006
2025-10-17 22:50:50.429,107005.99,9e-05,9.630539100000002
2025-10-17 22:50:50.777,107005.99,0.00568,607.7940232000001
2025-10-17 22:50:51.102,107005.99,0.005,535.02995
2025-10-17 22:50:51.105,107005.99,0.01,1070.0599
2025-10-17 22:50:51.150,107005.99,0.0001,10.700599
2025-10-17 22:50:51.583,107005.99,6e-05,6.420359400000001
2025-10-17 22:50:51.909,107005.99,0.00082,87.7449118
2025-10-17 22:50:51.912,107005.99,0.00343,367.0305457
2025-10-17 22:50:51.913,107005.99,0.00343,367.0305457
2025-10-17 22:50:51.914,107005.99,0.00343,367.0305457
2025-10-17 22:50:51.916,107005.99,0.00158,169.0694642
2025-10-17 22:50:51.918,107005.99,0.00158,169.0694642
2025-10-17 22:50:51.919,107005.99,0.00082,87.7449118
2025-10-17 22:50:51.920,107005.99,0.0009,96.305391
2025-10-17 22:50:51.921,107005.99,0.0009,96.305391
2025-10-17 22:50:51.925,107005.99,0.00975,1043.3084025
2025-10-17 22:50:51.927,107005.99,0.00343,367.0305457
2025-10-17 22:50:52.032,107005.99,0.00343,367.0305457
2025-10-17 22:50:52.033,107005.99,0.00082,87.7449118
2025-10-17 22:50:52.050,107005.99,0.00343,367.0305457
2025-10-17 22:50:52.051,107005.99,0.00343,367.0305457
2025-10-17 22:50:52.054,107005.99,0.00256,273.93533440000004
2025-10-17 22:50:52.214,107005.99,0.00057,60.9934143
2025-10-17 22:50:52.371,107005.99,5e-05,5.3502995
2025-10-17 22:50:52.554,107005.99,8e-05,8.560479200000001
2025-10-17 22:50:52.629,107005.99,5e-05,5.3502995
2025-10-17 22:50:52.737,107005.99,8e-05,8.560479200000001
2025-10-17 22:50:52.748,107005.99,5e-05,5.3502995
2025-10-17 22:50:52.861,107005.99,8e-05,8.560479200000001
2025-10-17 22:50:53.247,107006.0,7e-05,7.490419999999999
2025-10-17 22:50:54.008,107006.0,0.00047,50.29282
2025-10-17 22:50:54.051,107006.0,0.00279,298.54674
2025-10-17 22:50:54.406,107005.99,0.012,1284.0718800000002
2025-10-17 22:50:54.407,107005.99,0.012,1284.0718800000002
2025-10-17 22:50:55.771,107005.99,0.00018,19.261078200000004
2025-10-17 22:50:56.074,107005.99,6e-05,6.420359400000001
2025-10-17 22:50:56.126,107006.0,0.00697,745.83182
2025-10-17 22:50:56.292,107005.99,0.002,214.01198000000002
2025-10-17 22:50:56.538,107005.99,0.00019,20.3311381
2025-10-17 22:50:56.791,107006.0,0.00047,50.29282
2025-10-17 22:50:58.742,107006.0,0.00057,60.99342
2025-10-17 22:50:59.249,107005.99,0.0117,1251.9700830000002
2025-10-17 22:50:59.611,107006.0,0.02983,3191.98898
2025-10-17 22:50:59.665,107005.99,0.00027,28.8916173
2025-10-17 22:51:00.224,107005.99,0.02333,2496.4497467
2025-10-17 22:51:00.648,107005.99,0.00056,59.9233544
2025-10-17 22:51:00.803,107006.0,8e-05,8.56048
2025-10-17 22:51:00.992,107005.99,0.00018,19.261078200000004
2025-10-17 22:51:01.571,107006.0,0.0005,53.503
2025-10-17 22:51:01.914,107005.99,0.00019,20.3311381
2025-10-17 22:51:01.919,107006.24,3.30997,354187.4442128
2025-10-17 22:51:01.922,107008.73,0.00151,161.5831823
2025-10-17 22:51:01.923,107009.83,0.00015,16.051474499999998
2025-10-17 22:51:01.924,107010.28,0.00374,400.21844719999996
2025-10-17 22:51:01.925,107012.75,6e-05,6.420765
2025-10-17 22:51:01.926,107012.41,0.00343,367.0525663
2025-10-17 22:51:01.927,107012.41,0.00092,98.45141720000001
2025-10-17 22:51:01.928,107014.29,0.00343,367.0590147
2025-10-17 22:51:01.929,107014.29,0.00092,98.4531468
2025-10-17 22:51:01.930,107014.29,0.00082,87.7517178
2025-10-17 22:51:01.931,107015.14,0.00035,37.455299
2025-10-17 22:51:01.932,107016.69,0.00343,367.0672467
2025-10-17 22:51:01.933,107016.69,0.00343,367.0672467
2025-10-17 22:51:01.938,107016.69,0.00343,367.0672467
2025-10-17 22:51:01.939,107016.85,0.00025,26.7542125
2025-10-17 22:51:01.940,107016.84,0.00343,367.06776119999995
2025-10-17 22:51:01.941,107016.84,0.001,107.01684
2025-10-17 22:51:01.944,107017.14,0.00015,16.052570999999997
2025-10-17 22:51:01.946,107018.0,0.00295,315.7031
2025-10-17 22:51:01.947,107017.82,0.00158,169.08815560000002
2025-10-17 22:51:01.951,107018.52,0.00015,16.052778
2025-10-17 22:51:01.952,107020.09,0.00949,1015.6206541
2025-10-17 22:51:01.956,107022.06,0.00015,16.053309
2025-10-17 22:51:01.957,107022.05,0.00501,536.1804705
2025-10-17 22:51:01.960,107023.1,0.0032,342.47392
2025-10-17 22:51:01.962,107023.1,0.02711,2901.396241
2025-10-17 22:51:01.964,107023.11,0.10192,10907.7953712
2025-10-17 22:51:01.965,107025.0,0.00437,467.69924999999995
2025-10-17 22:51:01.973,107024.99,0.0002,21.404998000000003
2025-10-17 22:51:01.978,107025.78,0.00015,16.053866999999997
2025-10-17 22:51:01.981,107025.99,0.00911,975.0067689
2025-10-17 22:51:01.982,107026.0,0.00065,69.56689999999999
2025-10-17 22:51:01.985,107026.99,0.00092,98.4648308
2025-10-17 22:51:01.986,107027.47,0.01726,1847.2941322000001
2025-10-17 22:51:01.989,107027.0,0.00064,68.49728
2025-10-17 22:51:01.990,107027.0,0.04528,4846.18256
2025-10-17 22:51:01.992,107027.76,0.00015,16.054163999999997
2025-10-17 22:51:01.995,107028.23,0.00092,98.4659716
2025-10-17 22:51:01.996,107029.99,0.00092,98.46759080000001
2025-10-17 22:51:01.997,107029.99,0.00092,98.46759080000001
2025-10-17 22:51:01.998,107029.99,0.00343,367.1128657
2025-10-17 22:51:01.999,107030.0,0.00294,314.6682
2025-10-17 22:51:02.027,107029.99,0.00105,112.3814895
2025-10-17 22:51:02.046,107029.99,0.01336,1429.9206664
2025-10-17 22:51:02.048,107029.99,0.00091,97.3972909
2025-10-17 22:51:02.050,107029.99,0.02398,2566.5791602000004
2025-10-17 22:51:02.066,107029.99,0.00905,968.6214095000001
2025-10-17 22:51:02.078,107029.99,0.00083,88.8348917
2025-10-17 22:51:02.253,107029.99,9e-05,9.632699100000002
2025-10-17 22:51:02.319,107029.99,0.00326,348.9177674
2025-10-17 22:51:02.367,107029.98,0.00035,37.460493
2025-10-17 22:51:02.530,107027.69,0.0011,117.73045900000001
2025-10-17 22:51:02.532,107027.69,0.02428,2598.6323132
2025-10-17 22:51:02.534,107027.68,0.0001,10.702767999999999
2025-10-17 22:51:02.546,107025.98,0.0013,139.133774
2025-10-17 22:51:02.671,107019.72,0.00015,16.052958
2025-10-17 22:51:02.699,107019.71,0.00115,123.07266650000001
2025-10-17 22:51:02.799,107012.49,0.00015,16.0518735
2025-10-17 22:51:02.881,107009.93,0.0004,42.803972
2025-10-17 22:51:03.220,107009.93,0.00018,19.2617874
2025-10-17 22:51:03.335,107009.93,0.00051,54.5750643
2025-10-17 22:51:03.584,107009.93,0.00053,56.71526289999999
2025-10-17 22:51:04.071,107009.93,0.04035,4317.850675499999
2025-10-17 22:51:04.730,107009.93,8e-05,8.5607944
2025-10-17 22:51:05.157,107009.93,0.001,107.00993
2025-10-17 22:51:05.209,107009.93,0.00033,35.3132769
2025-10-17 22:51:05.842,107009.94,8e-05,8.560795200000001
2025-10-17 22:51:06.037,107009.93,0.00935,1000.5428455
2025-10-17 22:51:06.383,107009.93,0.00018,19.2617874
2025-10-17 22:51:06.433,107009.94,8e-05,8.560795200000001
2025-10-17 22:51:07.034,107009.93,8e-05,8.5607944
2025-10-17 22:51:07.769,107009.93,0.00083,88.81824189999999
2025-10-17 22:51:08.019,107009.94,0.00184,196.8982896
2025-10-17 22:51:08.168,107009.94,0.01049,1122.5342706
2025-10-17 22:51:08.603,107009.93,0.00018,19.2617874
2025-10-17 22:51:09.593,107009.94,0.01668,1784.9257992
2025-10-17 22:51:10.548,107009.93,9e-05,9.6308937
2025-10-17 22:51:10.805,107009.94,0.00019,20.331888600000003
2025-10-17 22:51:11.114,107009.94,0.00377,403.4274738
2025-10-17 22:51:11.747,107009.94,0.00124,132.6923256
2025-10-17 22:51:11.837,107009.93,0.00047,50.2946671
2025-10-17 22:51:12.674,107009.93,0.00027,28.892681099999997
2025-10-17 22:51:12.862,107009.94,0.00186,199.0384884
2025-10-17 22:51:13.469,107009.94,0.00066,70.6265604
2025-10-17 22:51:14.077,107009.94,0.00161,172.28600340000003
2025-10-17 22:51:16.212,107009.94,0.00094,100.58934359999999
2025-10-17 22:51:16.587,107009.93,7e-05,7.490695099999999
2025-10-17 22:51:17.098,107009.94,0.00047,50.294671799999996
2025-10-17 22:51:17.352,107009.93,9e-05,9.6308937
2025-10-17 22:51:17.433,107009.93,0.0002,21.401986
2025-10-17 22:51:17.876,107009.94,0.08412,9001.6761528
2025-10-17 22:51:18.357,107009.93,0.00019,20.3318867
2025-10-17 22:51:18.683,107009.93,0.00047,50.2946671
2025-10-17 22:51:19.333,107009.93,0.00046,49.224567799999996
2025-10-17 22:51:19.424,107009.94,0.00057,60.9956658
2025-10-17 22:51:20.768,107009.94,0.00049,52.434870599999996
2025-10-17 22:51:21.156,107009.93,0.00019,20.3318867
2025-10-17 22:51:21.482,107009.94,0.0002,21.401988000000003
2025-10-17 22:51:21.673,107009.94,0.00093,99.5192442
2025-10-17 22:51:21.874,107009.94,0.00014,14.981391599999998
2025-10-17 22:51:22.212,107009.94,0.00047,50.294671799999996
2025-10-17 22:51:22.791,107009.93,0.00019,20.3318867
2025-10-17 22:51:23.553,107009.93,7e-05,7.490695099999999
2025-10-17 22:51:23.836,107009.94,5e-05,5.350497000000001
2025-10-17 22:51:23.880,107009.93,0.00027,28.892681099999997
2025-10-17 22:51:24.116,107009.93,0.00047,50.2946671
2025-10-17 22:51:24.231,107009.93,9e-05,9.6308937
2025-10-17 22:51:24.517,107009.93,0.00215,230.0713495
2025-10-17 22:51:25.276,107009.94,0.00021,22.472087400000003
2025-10-17 22:51:25.286,107009.93,0.00019,20.3318867
2025-10-17 22:51:26.476,107009.93,0.08708,9318.4247044
2025-10-17 22:51:26.477,107009.93,0.00092,98.44913559999999
2025-10-17 22:51:26.478,107009.93,0.00082,87.7481426
2025-10-17 22:51:26.480,107009.93,0.00082,87.7481426
2025-10-17 22:51:26.486,107009.93,0.00081,86.67804329999998
2025-10-17 22:51:26.487,107009.93,0.00092,98.44913559999999
2025-10-17 22:51:26.488,107009.93,0.00081,86.67804329999998
2025-10-17 22:51:26.489,107009.93,0.00082,87.7481426
2025-10-17 22:51:26.490,107009.93,0.00792,847.5186455999999
2025-10-17 22:51:26.671,107009.93,0.1,10700.993
2025-10-17 22:51:26.980,107009.93,0.00014,14.981390199999998
2025-10-17 22:51:27.075,107009.94,0.00072,77.04715680000001
2025-10-17 22:51:27.110,107009.93,0.0026,278.22581799999995
2025-10-17 22:51:27.478,107009.94,0.00101,108.0800394
2025-10-17 22:51:27.723,107009.94,0.00095,101.659443
2025-10-17 22:51:27.744,107009.93,0.00116,124.1315188
2025-10-17 22:51:27.746,107009.94,0.00162,173.3561028
2025-10-17 22:51:27.764,107009.94,0.00024,25.6823856
2025-10-17 22:51:28.408,107009.94,0.00224,239.70226559999998
2025-10-17 22:51:28.542,107009.93,0.012,1284.11916
2025-10-17 22:51:28.579,107009.93,0.00022,23.5421846
2025-10-17 22:51:28.792,107009.94,0.00047,50.294671799999996
2025-10-17 22:51:28.853,107009.93,0.00933,998.4026468999999
2025-10-17 22:51:30.131,107009.93,0.00027,28.892681099999997
2025-10-17 22:51:30.341,107009.94,0.0076,813.275544
2025-10-17 22:51:30.447,107009.94,0.00074,79.1873556
2025-10-17 22:51:30.582,107009.94,0.00152,162.65510880000002
2025-10-17 22:51:31.543,107009.93,0.00041,43.8740713
2025-10-17 22:51:31.919,107009.94,0.00797,852.8692218
2025-10-17 22:51:32.338,107009.94,9e-05,9.630894600000001
2025-10-17 22:51:32.653,107009.93,0.00128,136.9727104
2025-10-17 22:51:33.185,107009.94,0.00059,63.135864600000005
2025-10-17 22:51:33.390,107009.94,0.00023,24.6122862
2025-10-17 22:51:33.825,107009.94,0.00044,47.0843736
2025-10-17 22:51:34.048,107009.93,0.08,8560.794399999999
2025-10-17 22:51:34.052,107005.99,0.04065,4349.7934935
2025-10-17 22:51:34.053,107005.99,0.03166,3387.8096434000004
2025-10-17 22:51:34.054,107005.99,0.01276,1365.3964324
2025-10-17 22:51:34.055,107005.99,0.08,8560.4792
2025-10-17 22:51:34.056,107005.99,0.1124,12027.473276
2025-10-17 22:51:34.057,107005.99,0.1498,16029.497302
2025-10-17 22:51:34.058,107005.99,0.0599,6409.6588010000005
2025-10-17 22:51:34.059,107005.99,0.244,26109.46156
2025-10-17 22:51:34.060,107005.99,0.10877,11639.041532300002
2025-10-17 22:51:34.062,107005.99,0.0001,10.700599
2025-10-17 22:51:34.063,107005.99,0.27012,28904.458018800004
2025-10-17 22:51:34.065,107005.99,0.03848,4117.5904952
2025-10-17 22:51:34.066,107005.99,0.03848,4117.5904952
2025-10-17 22:51:34.067,107005.99,0.0007,74.904193
2025-10-17 22:51:34.069,107005.99,0.0599,6409.6588010000005
2025-10-17 22:51:34.071,107005.99,0.012,1284.0718800000002
2025-10-17 22:51:34.072,107005.99,0.02821,3018.6389779
2025-10-17 22:51:34.074,107005.99,0.0237,2536.041963
2025-10-17 22:51:34.077,107005.99,0.24808,26546.0459992
2025-10-17 22:51:34.080,107005.99,0.00355,379.87126450000005
2025-10-17 22:51:34.082,107005.99,0.00422,451.5652778
2025-10-17 22:51:34.089,107005.99,0.0259,2771.455141
2025-10-17 22:51:34.092,107005.99,0.02804,3000.4479596
2025-10-17 22:51:34.095,107005.99,0.28067,30033.371213299997
2025-10-17 22:51:34.098,107005.99,0.0138,1476.682662
2025-10-17 22:51:34.099,107003.51,0.00093,99.5132643
2025-10-17 22:51:34.101,107002.4,0.00015,16.050359999999998
2025-10-17 22:51:34.104,107002.39,0.11034,11806.6437126
2025-10-17 22:51:34.107,107002.39,0.09207,9851.7100473
2025-10-17 22:51:34.109,107002.39,0.00117,125.1927963
2025-10-17 22:51:34.112,107002.39,5e-05,5.3501195
2025-10-17 22:51:34.116,107000.93,0.00075,80.2506975
2025-10-17 22:51:34.118,106995.04,0.0001,10.699504
2025-10-17 22:51:34.119,106988.28,5e-05,5.349414
2025-10-17 22:51:34.133,106987.53,0.00167,178.6691751
2025-10-17 22:51:34.146,106987.53,0.08,8559.0024
2025-10-17 22:51:34.250,106987.53,0.00768,821.6642304000001
2025-10-17 22:51:34.255,106987.53,0.0001,10.698753
2025-10-17 22:51:34.305,106987.51,0.0001,10.698751
2025-10-17 22:51:34.573,106985.62,0.00028,29.955973599999997
2025-10-17 22:51:35.763,106985.62,0.0028,299.559736
2025-10-17 22:51:36.110,106985.62,0.002,213.97124
2025-10-17 22:51:36.669,106985.61,0.00471,503.90222309999996
2025-10-17 22:51:36.675,106981.51,0.0001,10.698151
2025-10-17 22:51:36.676,106980.0,0.01016,1086.9168
2025-10-17 22:51:36.804,106979.2,0.005,534.896
2025-10-17 22:51:36.805,106979.2,0.01,1069.792
2025-10-17 22:51:36.906,106979.2,0.012,1283.7504
2025-10-17 22:51:36.907,106979.2,0.012,1283.7504
2025-10-17 22:51:37.754,106979.21,0.00853,912.5326613
2025-10-17 22:51:39.443,106979.2,6e-05,6.418752
2025-10-17 22:51:39.511,106979.21,0.00093,99.49066530000002
2025-10-17 22:51:39.717,106979.21,0.07002,7490.684284200001
2025-10-17 22:51:39.825,106979.21,0.00088,94.14170480000001
2025-10-17 22:51:40.112,106979.21,0.00247,264.2386487
2025-10-17 22:51:40.819,106979.2,0.012,1283.7504
2025-10-17 22:51:42.639,106979.2,0.00759,811.972128
2025-10-17 22:51:42.956,106979.2,0.00028,29.954175999999997
2025-10-17 22:51:44.105,106979.21,0.00025,26.744802500000002
2025-10-17 22:51:45.181,106979.21,0.00441,471.77831610000004
2025-10-17 22:51:45.228,106979.21,0.00017,18.186465700000003
2025-10-17 22:51:45.873,106979.2,0.00012,12.837504
2025-10-17 22:51:46.400,106979.21,0.00565,604.4325365
2025-10-17 22:51:46.578,106979.2,8e-05,8.558336
2025-10-17 22:51:47.205,106979.2,0.00047,50.280224
2025-10-17 22:51:48.781,106979.2,0.00031,33.163551999999996
2025-10-17 22:51:48.824,106979.21,8e-05,8.558336800000001
2025-10-17 22:51:49.170,106979.21,9e-05,9.628128900000002
2025-10-17 22:51:50.016,106979.2,5e-05,5.34896
2025-10-17 22:51:50.379,106979.2,0.00195,208.60943999999998
2025-10-17 22:51:50.654,106979.21,0.00744,795.9253224000001
2025-10-17 22:51:50.754,106979.21,0.00013,13.9072973
2025-10-17 22:51:50.843,106979.21,0.00052,55.6291892
2025-10-17 22:51:51.415,106979.2,0.00509,544.524128
2025-10-17 22:51:51.597,106979.2,0.14021,14999.553632
2025-10-17 22:51:52.320,106979.2,0.00047,50.280224
2025-10-17 22:51:52.371,106979.2,0.0001,10.69792
2025-10-17 22:51:52.454,106979.2,5e-05,5.34896
2025-10-17 22:51:52.496,106979.2,6e-05,6.418752
2025-10-17 22:51:52.518,106979.2,0.00348,372.287616
2025-10-17 22:51:52.542,106979.2,5e-05,5.34896
2025-10-17 22:51:52.614,106979.2,0.00074,79.164608
2025-10-17 22:51:52.720,106979.21,0.00019,20.3260499
2025-10-17 22:51:52.811,106979.2,5e-05,5.34896
2025-10-17 22:51:52.834,106979.2,5e-05,5.34896
2025-10-17 22:51:52.860,106979.2,0.0001,10.69792
2025-10-17 22:51:52.898,106979.2,5e-05,5.34896
2025-10-17 22:51:52.986,106979.21,0.01869,1999.4414348999999
2025-10-17 22:51:53.142,106979.21,0.00012,12.8375052
2025-10-17 22:51:54.023,106979.21,0.0003,32.093762999999996
2025-10-17 22:51:54.115,106979.2,6e-05,6.418752
2025-10-17 22:51:54.246,106979.21,6e-05,6.4187526
2025-10-17 22:51:54.883,106979.21,0.00062,66.3271102
2025-10-17 22:51:55.167,106979.21,0.00052,55.6291892
2025-10-17 22:51:57.670,106979.2,0.00026,27.814591999999998
2025-10-17 22:51:58.297,106979.21,0.00633,677.1783993
2025-10-17 22:51:58.855,106979.2,0.01417,1515.895264
2025-10-17 22:51:58.900,106979.2,0.00047,50.280224
2025-10-17 22:51:59.968,106979.21,0.00569,608.7117049
2025-10-17 22:52:00.268,106979.2,0.00114,121.95628799999999
2025-10-17 22:52:00.420,106979.21,0.00573,612.9908733
2025-10-17 22:52:00.618,106979.21,0.00014,14.977089399999999
2025-10-17 22:52:01.111,106979.2,0.001,106.9792
2025-10-17 22:52:01.217,106979.2,8e-05,8.558336
2025-10-17 22:52:01.404,106979.2,0.039,4172.1888
2025-10-17 22:52:01.431,106979.2,0.04,4279.168
2025-10-17 22:52:01.477,106979.2,0.24211,25900.734112
2025-10-17 22:52:01.478,106979.2,0.0327,3498.2198399999997
2025-10-17 22:52:01.479,106979.2,0.222,23749.3824
2025-10-17 22:52:01.480,106979.21,0.0472,5049.418712000001
2025-10-17 22:52:01.481,106979.2,0.00541,578.757472
2025-10-17 22:52:01.482,106979.2,0.04391,4697.456671999999
2025-10-17 22:52:01.483,106979.18,0.0001,10.697918
2025-10-17 22:52:01.490,106978.0,0.0021,224.6538
2025-10-17 22:52:01.492,106977.82,0.003,320.93346
2025-10-17 22:52:01.499,106976.22,0.00187,200.0455314
2025-10-17 22:52:01.510,106976.21,0.001,106.97621000000001
2025-10-17 22:52:01.511,106976.0,0.0021,224.6496
2025-10-17 22:52:01.532,106975.47,0.00277,296.3220519
2025-10-17 22:52:01.629,106975.46,0.01317,1408.8668082
2025-10-17 22:52:01.649,106975.46,0.00026,27.8136196
2025-10-17 22:52:01.859,106975.46,0.00017,18.185828200000003
2025-10-17 22:52:02.589,106975.47,0.00047,50.2784709
2025-10-17 22:52:03.154,106975.47,0.00576,616.1787072000001
2025-10-17 22:52:03.383,106975.47,0.00035,37.4414145
2025-10-17 22:52:03.848,106975.47,0.00197,210.7416759
2025-10-17 22:52:04.161,106975.47,0.00011,11.7673017
2025-10-17 22:52:04.902,106975.46,0.0012,128.370552
2025-10-17 22:52:05.620,106975.46,0.00062,66.32478520000001
2025-10-17 22:52:07.318,106975.46,6e-05,6.418527600000001
2025-10-17 22:52:07.404,106975.47,0.00551,589.4348397
2025-10-17 22:52:07.430,106975.47,0.00048,51.3482256
2025-10-17 22:52:07.592,106975.46,0.00175,187.20705500000003
2025-10-17 22:52:08.259,106975.47,0.00269,287.76401430000004
2025-10-17 22:52:08.286,106975.47,0.00172,183.9978084
2025-10-17 22:52:08.568,106975.47,0.07581,8109.810380700001
2025-10-17 22:52:09.435,106975.47,0.00047,50.2784709
2025-10-17 22:52:09.592,106975.46,0.00013,13.9068098
2025-10-17 22:52:10.348,106975.47,0.00372,397.9487484
2025-10-17 22:52:11.972,106975.47,0.00046,49.208716200000005
2025-10-17 22:52:12.697,106975.46,0.0014,149.765644
2025-10-17 22:52:13.277,106975.46,0.00172,183.9977912
2025-10-17 22:52:15.076,106975.47,0.00012,12.8370564
2025-10-17 22:52:15.202,106975.47,0.00155,165.8119785
2025-10-17 22:52:15.533,106975.47,0.00097,103.7662059
2025-10-17 22:52:16.125,106975.47,0.00022,23.5346034
2025-10-17 22:52:16.526,106975.46,0.00019,20.325337400000002
2025-10-17 22:52:16.539,106975.47,0.0001,10.697547
2025-10-17 22:52:16.640,106975.46,0.00018,19.255582800000003
2025-10-17 22:52:16.791,106975.47,0.00019,20.325339300000003
2025-10-17 22:52:16.918,106975.46,0.00021,22.4648466
2025-10-17 22:52:16.925,106975.47,0.00029,31.0228863
2025-10-17 22:52:17.017,106975.47,0.00038,40.650678600000006
2025-10-17 22:52:17.040,106975.47,0.00019,20.325339300000003
2025-10-17 22:52:17.145,106975.47,0.00131,140.1378657
2025-10-17 22:52:17.539,106975.47,0.00094,100.5569418
2025-10-17 22:52:17.990,106975.47,0.00022,23.5346034
2025-10-17 22:52:18.205,106975.46,0.00026,27.8136196
2025-10-17 22:52:18.264,106975.47,0.00029,31.0228863
2025-10-17 22:52:18.590,106975.47,0.00019,20.325339300000003
2025-10-17 22:52:19.078,106975.47,0.00024,25.6741128
2025-10-17 22:52:19.138,106975.46,0.00018,19.255582800000003
2025-10-17 22:52:19.625,106975.47,0.00467,499.5754449
2025-10-17 22:52:19.775,106975.47,8e-05,8.5580376
2025-10-17 22:52:21.468,106975.47,0.00017,18.1858299
2025-10-17 22:52:21.582,106975.46,8e-05,8.558036800000002
2025-10-17 22:52:22.023,106975.46,0.00013,13.9068098
2025-10-17 22:52:22.383,106975.47,0.00127,135.8588469
2025-10-17 22:52:23.061,106975.46,0.00019,20.325337400000002
2025-10-17 22:52:23.148,106975.46,0.012,1283.7055200000002
2025-10-17 22:52:23.178,106975.46,0.012,1283.7055200000002
2025-10-17 22:52:23.535,106975.46,0.00015,16.046319
2025-10-17 22:52:23.938,106975.46,0.012,1283.7055200000002
2025-10-17 22:52:23.939,106975.46,0.012,1283.7055200000002
2025-10-17 22:52:23.940,106975.46,0.012,1283.7055200000002
2025-10-17 22:52:25.212,106975.47,0.00875,936.0353625000001
2025-10-17 22:52:25.480,106975.47,0.00049,52.417980299999996
2025-10-17 22:52:26.648,106975.47,0.00278,297.3918066
2025-10-17 22:52:26.760,106975.46,0.012,1283.7055200000002
2025-10-17 22:52:28.383,106975.47,0.00018,19.255584600000002
2025-10-17 22:52:28.730,106975.46,0.012,1283.7055200000002
2025-10-17 22:52:28.731,106975.46,0.012,1283.7055200000002
2025-10-17 22:52:29.791,106975.46,0.077,8237.11042
2025-10-17 22:52:29.792,106975.46,0.003,320.92638000000005
2025-10-17 22:52:29.794,106975.46,0.038,4065.06748
2025-10-17 22:52:29.797,106975.46,0.0031,331.623926
2025-10-17 22:52:29.798,106975.46,0.012,1283.7055200000002
2025-10-17 22:52:29.799,106975.46,0.012,1283.7055200000002
2025-10-17 22:52:29.819,106975.46,0.00019,20.325337400000002
2025-10-17 22:52:29.854,106975.46,0.00763,816.2227598000001
2025-10-17 22:52:29.865,106975.2,5e-05,5.34876
2025-10-17 22:52:30.011,106973.99,0.0001,10.697399
2025-10-17 22:52:30.012,106971.99,0.0001,10.697199000000001
2025-10-17 22:52:30.013,106969.05,0.00566,605.444823
2025-10-17 22:52:30.014,106968.0,0.002,213.936
2025-10-17 22:52:30.015,106967.42,0.065,6952.8823
2025-10-17 22:52:30.018,106967.42,0.01042,1114.6005164
2025-10-17 22:52:30.019,106965.99,0.0001,10.696599
2025-10-17 22:52:30.023,106964.77,0.00576,616.1170752
2025-10-17 22:52:30.080,106964.77,0.00187,200.0241199
2025-10-17 22:52:30.115,106964.77,0.00136,145.4720872
2025-10-17 22:52:30.116,106963.99,0.0001,10.696399000000001
2025-10-17 22:52:31.709,106964.01,0.00088,94.1283288
2025-10-17 22:52:32.198,106964.01,0.00057,60.96948569999999
2025-10-17 22:52:32.495,106964.0,0.001,106.964
2025-10-17 22:52:32.696,106964.0,0.00047,50.27308
2025-10-17 22:52:34.492,106964.0,0.00053,56.69092
2025-10-17 22:52:35.558,106964.01,0.00047,50.2730847
2025-10-17 22:52:35.896,106964.0,0.00104,111.24255999999998
2025-10-17 22:52:36.899,106964.01,0.00047,50.2730847
2025-10-17 22:52:37.023,106964.0,0.00028,29.94992
2025-10-17 22:52:37.093,106964.0,0.00018,19.25352
2025-10-17 22:52:37.655,106964.01,0.00633,677.0821832999999
2025-10-17 22:52:37.678,106964.01,0.00051,54.5516451
2025-10-17 22:52:38.002,106964.0,0.012,1283.568
2025-10-17 22:52:38.003,106964.0,0.012,1283.568
2025-10-17 22:52:38.004,106964.0,0.00893,955.18852
2025-10-17 22:52:38.014,106962.52,0.012,1283.55024
2025-10-17 22:52:38.766,106962.53,5e-05,5.3481265
2025-10-17 22:52:39.543,106962.52,0.00047,50.2723844
2025-10-17 22:52:40.124,106962.52,0.00051,54.5508852
2025-10-17 22:52:40.210,106962.53,8e-05,8.5570024
2025-10-17 22:52:40.591,106962.52,0.00162,173.2792824
2025-10-17 22:52:40.682,106962.53,0.00095,101.6144035
2025-10-17 22:52:41.345,106962.52,8e-05,8.557001600000001
2025-10-17 22:52:43.668,106962.52,0.00094,100.5447688
2025-10-17 22:52:43.983,106962.52,0.00018,19.2532536
2025-10-17 22:52:45.287,106962.53,0.00046,49.2027638
2025-10-17 22:52:45.676,106962.53,0.00089,95.19665169999999
2025-10-17 22:52:45.775,106962.53,0.00173,185.0451769
2025-10-17 22:52:46.515,106962.52,0.004,427.85008000000005
2025-10-17 22:52:46.516,106962.52,0.06,6417.7512
2025-10-17 22:52:46.525,106962.52,0.28704,30702.521740800003
2025-10-17 22:52:46.913,106962.52,0.02804,2999.2290608
2025-10-17 22:52:46.918,106962.52,0.00519,555.1354788
2025-10-17 22:52:46.926,106962.52,0.01815,1941.369738
2025-10-17 22:52:47.516,106962.52,0.02804,2999.2290608
2025-10-17 22:52:47.523,106962.52,0.00673,719.8577596
2025-10-17 22:52:47.530,106962.52,0.0252,2695.455504
2025-10-17 22:52:47.536,106962.52,0.0252,2695.455504
2025-10-17 22:52:47.542,106962.52,0.00245,262.058174
2025-10-17 22:52:47.543,106962.52,0.01,1069.6252
2025-10-17 22:52:47.544,106962.52,0.03,3208.8756
2025-10-17 22:52:47.546,106962.52,0.07441,7959.081113200001
2025-10-17 22:52:47.547,106961.26,5e-05,5.348063
2025-10-17 22:52:47.548,106958.87,9e-05,9.6262983
2025-10-17 22:52:47.553,106960.0,0.00042,44.9232
2025-10-17 22:52:47.554,106960.0,0.00033,35.2968
2025-10-17 22:52:47.555,106956.11,0.00085,90.91269349999999
2025-10-17 22:52:47.557,106956.11,0.0001,10.695611000000001
2025-10-17 22:52:47.662,106955.99,0.0001,10.695599000000001
2025-10-17 22:52:47.664,106955.82,0.0001,10.695582000000002
2025-10-17 22:52:47.676,106954.25,0.0015,160.431375
2025-10-17 22:52:47.709,106954.0,0.00515,550.8131
2025-10-17 22:52:47.717,106953.37,0.0021,224.60207699999998
2025-10-17 22:52:47.727,106953.37,0.02804,2998.9724948
2025-10-17 22:52:47.731,106953.35,0.0001,10.695335000000002
2025-10-17 22:52:47.734,106953.31,0.00447,478.0812957
2025-10-17 22:52:47.739,106953.31,0.00426,455.6211006
2025-10-17 22:52:47.768,106952.0,0.02241,2396.79432
2025-10-17 22:52:47.769,106950.95,0.0001,10.695095
2025-10-17 22:52:47.800,106950.0,0.01229,1314.4155
2025-10-17 22:52:47.815,106949.99,0.00225,240.6374775
2025-10-17 22:52:47.836,106949.98,0.00187,199.99646259999997
2025-10-17 22:52:47.838,106949.57,0.00321,343.3081197
2025-10-17 22:52:47.869,106949.56,0.00015,16.042433999999997
2025-10-17 22:52:47.871,106949.56,0.0015,160.42434
2025-10-17 22:52:47.900,106948.45,0.00258,275.92700099999996
2025-10-17 22:52:47.915,106947.75,6e-05,6.4168650000000005
2025-10-17 22:52:47.929,106944.2,0.0001,10.694420000000001
2025-10-17 22:52:47.942,106944.16,0.0022,235.27715200000003
2025-10-17 22:52:48.015,106942.59,0.00015,16.041388499999996
2025-10-17 22:52:48.016,106942.0,0.00025,26.735500000000002
2025-10-17 22:52:48.125,106941.99,0.0006,64.165194
2025-10-17 22:52:48.351,106942.0,0.00028,29.943759999999997
2025-10-17 22:52:48.415,106941.99,0.00278,297.2987322
2025-10-17 22:52:48.525,106941.98,0.00221,236.34177580000002
2025-10-17 22:52:48.539,106941.98,0.00063,67.3734474
2025-10-17 22:52:48.918,106941.97,0.00073,78.0676381
2025-10-17 22:52:49.483,106941.98,0.0002,21.388396
2025-10-17 22:52:49.817,106941.98,0.00033,35.290853399999996
2025-10-17 22:52:50.083,106941.97,0.012,1283.30364
2025-10-17 22:52:50.291,106941.98,0.00012,12.833037599999999
2025-10-17 22:52:50.583,106941.98,0.00055,58.818089
2025-10-17 22:52:50.795,106941.97,0.11459,12254.4803423
2025-10-17 22:52:51.113,106942.59,5e-05,5.3471295
2025-10-17 22:52:51.115,106944.02,0.00015,16.041603
2025-10-17 22:52:51.124,106944.1,0.0492,5261.64972
2025-10-17 22:52:51.127,106944.1,0.00185,197.84658500000003
2025-10-17 22:52:51.129,106944.65,0.00065,69.5140225
2025-10-17 22:52:51.130,106944.66,0.0002,21.388932
2025-10-17 22:52:51.133,106944.66,0.0002,21.388932
2025-10-17 22:52:51.154,106944.67,0.0011,117.639137
2025-10-17 22:52:51.157,106945.17,0.0001,10.694517000000001
2025-10-17 22:52:51.159,106945.17,0.00085,90.90339449999999
2025-10-17 22:52:51.161,106946.64,0.00015,16.041995999999997
2025-10-17 22:52:51.163,106946.65,0.03414,3651.1586309999993
2025-10-17 22:52:51.165,106946.65,0.00085,90.90465249999998
2025-10-17 22:52:51.171,106948.51,0.0001,10.694851
2025-10-17 22:52:51.173,106949.56,0.00065,69.517214
2025-10-17 22:52:51.176,106949.57,0.00125,133.68696250000002
2025-10-17 22:52:51.179,106949.57,0.0003,32.084871
2025-10-17 22:52:51.192,106954.19,0.00069,73.7983911
2025-10-17 22:52:51.315,106960.0,5e-05,5.348
2025-10-17 22:52:51.462,106961.44,8e-05,8.5569152
2025-10-17 22:52:52.068,106961.43,0.00049,52.41110069999999
2025-10-17 22:52:52.124,106961.43,0.00364,389.3396052
2025-10-17 22:52:52.148,106961.44,0.00397,424.63691679999994
2025-10-17 22:52:52.869,106961.44,6e-05,6.4176864
2025-10-17 22:52:53.016,106961.44,0.00156,166.8598464
2025-10-17 22:52:54.362,106961.44,0.00187,200.0178928
2025-10-17 22:52:56.602,106961.44,0.00028,29.9492032
2025-10-17 22:52:56.618,106961.44,0.00023,24.6011312
2025-10-17 22:52:56.939,106961.44,0.0006,64.176864
2025-10-17 22:52:57.509,106961.44,0.00012,12.8353728
2025-10-17 22:52:58.420,106961.43,8e-05,8.5569144
2025-10-17 22:52:58.881,106961.44,9e-05,9.626529600000001
2025-10-17 22:52:59.117,106961.43,0.00011,11.765757299999999
2025-10-17 22:52:59.383,106961.44,0.00052,55.619948799999996
2025-10-17 22:52:59.638,106961.43,0.00018,19.2530574
2025-10-17 22:53:00.974,106961.44,0.0003,32.088432
2025-10-17 22:53:01.432,106961.44,8e-05,8.5569152
2025-10-17 22:53:01.577,106961.43,6e-05,6.4176858
2025-10-17 22:53:02.054,106961.43,0.00028,29.949200399999995
2025-10-17 22:53:02.227,106961.44,4e-05,4.2784576
2025-10-17 22:53:02.517,106961.43,0.00101,108.0310443
2025-10-17 22:53:02.720,106961.44,0.44915,48041.730776000004
2025-10-17 22:53:02.722,106961.44,0.00391,418.2192304
2025-10-17 22:53:02.844,106961.49,0.00132,141.1891668
2025-10-17 22:53:02.845,106961.69,0.16658,17817.6783202
2025-10-17 22:53:02.897,106961.6,0.00188,201.087808
2025-10-17 22:53:03.015,106966.61,5e-05,5.3483305
2025-10-17 22:53:03.409,106967.33,0.0001,10.696733
2025-10-17 22:53:03.537,106967.34,0.00267,285.6027978
2025-10-17 22:53:03.542,106967.35,0.00221,236.39784350000002
2025-10-17 22:53:04.610,106967.85,0.00013,13.905820499999999
2025-10-17 22:53:05.478,106967.85,0.00094,100.549779
2025-10-17 22:53:05.667,106967.84,0.00047,50.274884799999995
2025-10-17 22:53:05.810,106967.85,0.00047,50.2748895
2025-10-17 22:53:06.430,106967.85,0.00025,26.741962500000003
2025-10-17 22:53:06.539,106967.84,0.0012,128.36140799999998
2025-10-17 22:53:06.843,106967.85,0.00012,12.836142
2025-10-17 22:53:07.008,106967.84,0.00047,50.274884799999995
2025-10-17 22:53:08.573,106967.85,0.021,2246.3248500000004
2025-10-17 22:53:09.897,106967.85,0.00934,999.079719
2025-10-17 22:53:09.985,106967.85,0.00035,37.438747500000005
2025-10-17 22:53:10.299,106967.84,0.00012,12.836140799999999
2025-10-17 22:53:12.418,106967.84,0.00046,49.2052064
2025-10-17 22:53:12.420,106967.85,0.00028,29.950998
2025-10-17 22:53:13.769,106967.85,0.02805,3000.4481925
2025-10-17 22:53:14.237,106967.85,0.00093,99.4801005
2025-10-17 22:53:14.582,106967.85,0.00102,109.10720700000002
2025-10-17 22:53:15.781,106967.84,0.00011,11.7664624
2025-10-17 22:53:17.053,106967.84,0.012,1283.61408
2025-10-17 22:53:17.055,106967.69,0.0001,10.696769000000002
2025-10-17 22:53:17.056,106967.36,0.00012,12.836083200000001
2025-10-17 22:53:17.061,106966.6,0.01161,1241.8822260000002
2025-10-17 22:53:17.250,106966.6,0.0012,128.35992
2025-10-17 22:53:17.767,106966.61,0.00057,60.970967699999996
2025-10-17 22:53:18.950,106966.61,0.00018,19.253989800000003
2025-10-17 22:53:18.952,106966.6,0.00106,113.384596
2025-10-17 22:53:19.002,106966.6,6e-05,6.4179960000000005
2025-10-17 22:53:19.119,106966.61,0.00158,169.0072438
2025-10-17 22:53:19.170,106966.61,0.00046,49.204640600000005
2025-10-17 22:53:19.432,106966.6,0.00013,13.905657999999999
2025-10-17 22:53:19.595,106966.61,0.00013,13.905659299999998
2025-10-17 22:53:20.117,106966.61,0.00077,82.3642897
2025-10-17 22:53:21.575,106966.6,0.00022,23.532652000000002
2025-10-17 22:53:22.805,106966.6,0.012,1283.5992
2025-10-17 22:53:22.826,106966.6,0.012,1283.5992
2025-10-17 22:53:22.851,106966.61,0.74789,79999.2579529
2025-10-17 22:53:23.554,106966.61,0.00047,50.2743067
2025-10-17 22:53:24.112,106966.6,0.00011,11.766326000000001
2025-10-17 22:53:24.329,106966.6,0.012,1283.5992
2025-10-17 22:53:25.038,106966.61,0.00031,33.1596491
2025-10-17 22:53:25.822,106966.6,7e-05,7.487661999999999
2025-10-17 22:53:26.154,106966.61,0.00011,11.7663271
2025-10-17 22:53:26.580,106966.6,0.01426,1525.343716
2025-10-17 22:53:26.594,106966.6,0.00011,11.766326000000001
2025-10-17 22:53:26.953,106966.61,0.00566,605.4310126
2025-10-17 22:53:27.584,106966.61,0.00068,72.7372948
2025-10-17 22:53:28.389,106966.61,0.00086,91.9912846
2025-10-17 22:53:30.298,106966.6,7e-05,7.487661999999999
2025-10-17 22:53:30.436,106966.61,0.00242,258.8591962
2025-10-17 22:53:30.555,106966.61,0.00012,12.8359932
2025-10-17 22:53:31.479,106966.6,0.00168,179.703888
2025-10-17 22:53:31.787,106966.61,0.00093,99.4789473
2025-10-17 22:53:32.122,106966.6,0.0062,663.19292
2025-10-17 22:53:33.662,106966.6,0.00046,49.204636
2025-10-17 22:53:34.983,106966.61,0.00012,12.8359932
2025-10-17 22:53:35.180,106966.6,0.0204,2182.11864
2025-10-17 22:53:36.116,106966.6,0.00047,50.274302
2025-10-17 22:53:37.384,106966.61,8e-05,8.5573288
2025-10-17 22:53:37.414,106966.61,0.00028,29.9506508
2025-10-17 22:53:37.930,106966.6,0.00061,65.249626
2025-10-17 22:53:37.992,106966.61,0.0084,898.5195239999999
2025-10-17 22:53:38.010,106966.61,9e-05,9.626994900000001
2025-10-17 22:53:38.239,106966.61,0.00019,20.323655900000002
2025-10-17 22:53:38.517,106966.61,0.001,106.96661
2025-10-17 22:53:38.588,106966.6,0.0109,1165.93594
2025-10-17 22:53:38.590,106966.6,0.00922,986.2320520000002
2025-10-17 22:53:38.591,106966.6,0.00611,653.565926
2025-10-17 22:53:38.598,106966.6,0.00888,949.8634080000002
2025-10-17 22:53:38.599,106966.6,0.00762,815.085492
2025-10-17 22:53:38.663,106966.6,0.01173,1254.7182180000002
2025-10-17 22:53:38.743,106966.6,0.00167,178.63422200000002
2025-10-17 22:53:38.781,106966.6,0.00092,98.409272
2025-10-17 22:53:38.782,106966.6,0.00203,217.14219800000004
2025-10-17 22:53:38.783,106966.6,0.00203,217.14219800000004
2025-10-17 22:53:38.785,106966.6,0.0016,171.14656000000002
2025-10-17 22:53:38.807,106966.6,0.00026,27.811315999999998
2025-10-17 22:53:39.258,106966.61,0.00062,66.3192982
2025-10-17 22:53:39.367,106966.6,0.00064,68.45862400000001
2025-10-17 22:53:40.205,106966.61,9e-05,9.626994900000001
2025-10-17 22:53:40.939,106966.61,0.00093,99.4789473
2025-10-17 22:53:41.118,106966.61,0.00074,79.1552914
2025-10-17 22:53:41.262,106966.6,0.00012,12.835992000000001
2025-10-17 22:53:41.272,106966.61,0.00089,95.20028289999999
2025-10-17 22:53:41.737,106966.6,0.00026,27.811315999999998
2025-10-17 22:53:43.115,106966.61,4e-05,4.2786644
2025-10-17 22:53:43.284,106966.61,0.00016,17.1146576
2025-10-17 22:53:43.417,106966.61,0.00345,369.0348045
2025-10-17 22:53:44.817,106966.61,0.00187,200.02756069999998
2025-10-17 22:53:45.428,106966.6,7e-05,7.487661999999999
2025-10-17 22:53:46.292,106966.61,0.00462,494.1857382
2025-10-17 22:53:48.388,106966.6,7e-05,7.487661999999999
2025-10-17 22:53:48.591,106966.6,0.00016,17.114656000000004
2025-10-17 22:53:48.917,106966.61,0.00346,370.1044706
2025-10-17 22:53:49.736,106966.6,0.00051,54.552966000000005
2025-10-17 22:53:50.021,106966.61,0.00013,13.905659299999998
2025-10-17 22:53:51.066,106966.61,0.0001,10.696661
2025-10-17 22:53:51.662,106966.61,0.00169,180.7735709
2025-10-17 22:53:52.746,106966.61,0.0916,9798.141476
2025-10-17 22:53:52.759,106966.6,0.00475,508.09135000000003
2025-10-17 22:53:53.663,106966.6,0.00047,50.274302
2025-10-17 22:53:53.888,106966.61,0.00374,400.05512139999996
2025-10-17 22:53:54.717,106966.61,0.09159,9797.0718099
2025-10-17 22:53:55.052,106966.61,0.00035,37.4383135
2025-10-17 22:53:55.260,106966.61,9e-05,9.626994900000001
2025-10-17 22:53:56.398,106966.6,0.00102,109.10593200000001
2025-10-17 22:53:56.515,106966.61,0.00047,50.2743067
2025-10-17 22:53:56.577,106966.6,0.0001,10.696660000000001
2025-10-17 22:53:57.219,106966.6,0.00268,286.67048800000003
2025-10-17 22:53:57.436,106966.61,0.0006,64.179966
2025-10-17 22:53:57.634,106966.61,8e-05,8.5573288
2025-10-17 22:53:57.863,106966.61,0.00047,50.2743067
2025-10-17 22:53:58.403,106966.6,8e-05,8.557328000000002
2025-10-17 22:54:00.474,106966.61,9e-05,9.626994900000001
2025-10-17 22:54:01.008,106966.61,0.00029,31.0203169
2025-10-17 22:54:01.637,106966.61,0.00302,323.0391622
2025-10-17 22:54:01.731,106966.6,6e-05,6.4179960000000005
2025-10-17 22:54:02.869,106966.6,0.1,10696.660000000002
2025-10-17 22:54:04.533,106966.61,0.00093,99.4789473
2025-10-17 22:54:04.679,106966.61,0.00056,59.9013016
2025-10-17 22:54:05.591,106966.61,0.00071,75.9462931
2025-10-17 22:54:06.220,106966.6,0.00255,272.76483
2025-10-17 22:54:06.333,106966.61,0.0097,1037.576117
2025-10-17 22:54:07.962,106966.6,0.0013,139.05658
2025-10-17 22:54:07.966,106966.6,0.06053,6474.688298
2025-10-17 22:54:07.967,106966.6,0.32458,34719.219028
2025-10-17 22:54:07.968,106966.6,0.019,2032.3654000000001
2025-10-17 22:54:07.969,106966.6,0.166,17756.4556
2025-10-17 22:54:07.970,106966.6,0.01,1069.6660000000002
2025-10-17 22:54:07.974,106966.6,0.24827,26556.597782
2025-10-17 22:54:07.976,106966.6,0.02804,2999.343464
2025-10-17 22:54:07.984,106966.6,0.02804,2999.343464
2025-10-17 22:54:07.991,106966.6,0.01196,1279.3205360000002
2025-10-17 22:54:07.997,106966.6,0.02374,2539.3870840000004
2025-10-17 22:54:08.003,106966.6,0.02031,2172.4916460000004
2025-10-17 22:54:08.011,106966.6,0.02258,2415.305828
2025-10-17 22:54:08.017,106966.6,0.02446,2616.403036
2025-10-17 22:54:08.024,106966.6,0.02804,2999.343464
2025-10-17 22:54:08.040,106966.6,0.02576,2755.4596160000006
2025-10-17 22:54:08.072,106966.6,0.00187,200.027542
2025-10-17 22:54:08.077,106966.6,0.00026,27.811315999999998
2025-10-17 22:54:08.079,106966.6,0.00015,16.04499
2025-10-17 22:54:08.113,106966.6,0.00722,772.298852
2025-10-17 22:54:08.124,106966.6,0.00026,27.811315999999998
2025-10-17 22:54:08.155,106966.6,0.00015,16.04499
2025-10-17 22:54:08.583,106966.61,8e-05,8.5573288
2025-10-17 22:54:08.610,106966.61,9e-05,9.626994900000001
2025-10-17 22:54:08.891,106966.6,0.00103,110.17559800000002
2025-10-17 22:54:08.920,106966.6,8e-05,8.557328000000002
2025-10-17 22:54:09.060,106966.61,0.00099,105.8969439
2025-10-17 22:54:09.447,106966.6,0.00148,158.31056800000002
2025-10-17 22:54:09.696,106966.61,0.00159,170.0769099
2025-10-17 22:54:11.234,106966.61,0.00022,23.5326542
2025-10-17 22:54:13.820,106966.61,0.00013,13.905659299999998
2025-10-17 22:54:13.912,106966.6,8e-05,8.557328000000002
2025-10-17 22:54:15.212,106966.6,0.00114,121.941924
2025-10-17 22:54:15.632,106966.6,0.00027,28.880982000000003
2025-10-17 22:54:15.633,106966.61,0.00078,83.43395579999999
2025-10-17 22:54:17.070,106966.61,0.00187,200.02756069999998
2025-10-17 22:54:17.118,106966.61,0.00047,50.2743067
2025-10-17 22:54:17.213,106966.61,0.0001,10.696661
2025-10-17 22:54:17.217,106966.61,0.00019,20.323655900000002
2025-10-17 22:54:17.324,106966.61,0.00034,36.3686474
2025-10-17 22:54:17.325,106966.61,0.0001,10.696661
2025-10-17 22:54:17.432,106966.61,0.00167,178.6342387
2025-10-17 22:54:17.437,106966.61,0.00187,200.02756069999998
2025-10-17 22:54:17.484,106966.61,0.00131,140.1262591
2025-10-17 22:54:17.532,106966.61,0.0001,10.696661
2025-10-17 22:54:17.585,106966.61,7e-05,7.4876627
2025-10-17 22:54:17.717,106966.61,0.0001,10.696661
2025-10-17 22:54:18.161,106966.61,0.00029,31.0203169
2025-10-17 22:54:18.308,106966.61,0.00012,12.8359932
2025-10-17 22:54:18.517,106966.61,0.0001,10.696661
2025-10-17 22:54:18.775,106966.6,0.00036,38.507976000000006
2025-10-17 22:54:18.782,106966.61,0.00015,16.0449915
2025-10-17 22:54:18.939,106966.61,0.00055,58.831635500000004
2025-10-17 22:54:19.091,106966.61,0.00057,60.970967699999996
2025-10-17 22:54:19.415,106966.61,0.0001,10.696661
2025-10-17 22:54:20.305,106966.61,0.01157,1237.6036777000002
2025-10-17 22:54:21.069,106966.6,0.00018,19.253988000000003
2025-10-17 22:54:21.222,106966.6,0.00022,23.532652000000002
2025-10-17 22:54:21.246,106966.61,0.00789,843.9665528999999
2025-10-17 22:54:22.162,106966.61,0.00015,16.0449915
2025-10-17 22:54:22.200,106966.61,0.00057,60.970967699999996
2025-10-17 22:54:22.482,106966.61,0.00016,17.1146576
2025-10-17 22:54:23.469,106966.61,0.00187,200.02756069999998
2025-10-17 22:54:23.584,106966.61,0.00186,198.9578946
2025-10-17 22:54:23.849,106966.61,0.00084,89.8519524
2025-10-17 22:54:24.979,106966.6,0.00168,179.703888
2025-10-17 22:54:25.010,106966.61,0.00048,51.3439728
2025-10-17 22:54:25.997,106966.61,0.00069,73.80696089999999
2025-10-17 22:54:25.998,106966.61,0.00038,40.647311800000004
2025-10-17 22:54:26.623,106966.6,0.00047,50.274302
2025-10-17 22:54:27.031,106966.6,0.00011,11.766326000000001
2025-10-17 22:54:27.360,106966.61,0.00047,50.2743067
2025-10-17 22:54:27.437,106966.61,0.00046,49.204640600000005
2025-10-17 22:54:27.971,106966.6,0.00047,50.274302
2025-10-17 22:54:29.640,106966.6,0.00185,197.88821000000002
2025-10-17 22:54:29.725,106966.61,0.00014,14.9753254
2025-10-17 22:54:30.034,106966.6,0.00053,56.692298
2025-10-17 22:54:30.226,106966.61,0.05337,5708.8079757000005
2025-10-17 22:54:30.230,106966.61,0.04898,5239.2245578
2025-10-17 22:54:30.250,106966.61,0.04719,5047.7543259
2025-10-17 22:54:30.256,106967.26,0.08597,9195.9753422
2025-10-17 22:54:30.258,106967.26,0.07201,7702.7123926
2025-10-17 22:54:30.261,106967.26,0.08942,9565.0123892
2025-10-17 22:54:30.262,106967.86,0.00035,37.438750999999996
2025-10-17 22:54:30.264,106970.88,0.00384,410.7681792
2025-10-17 22:54:30.969,106970.87,0.00098,104.83145259999999
2025-10-17 22:54:30.985,106970.87,0.17116,18309.1341092
2025-10-17 22:54:31.332,106970.88,0.00023,24.6033024
2025-10-17 22:54:32.072,106970.9,0.0001,10.69709
2025-10-17 22:54:32.073,106972.14,0.00015,16.045821
2025-10-17 22:54:32.868,106973.02,5e-05,5.348651
2025-10-17 22:54:33.084,106973.02,0.00061,65.2535422
2025-10-17 22:54:33.578,106973.02,6e-05,6.418381200000001
2025-10-17 22:54:34.015,106973.02,0.00824,881.4576848000002
2025-10-17 22:54:34.346,106976.01,0.00311,332.6953911
2025-10-17 22:54:34.415,106976.02,0.00206,220.37060120000004
2025-10-17 22:54:34.566,106976.03,0.00182,194.69637459999998
2025-10-17 22:54:34.715,106977.29,0.00182,194.69866779999998
2025-10-17 22:54:34.822,106980.0,0.019,2032.62
2025-10-17 22:54:34.824,106980.22,0.00045,48.141099
2025-10-17 22:54:34.849,106982.56,5e-05,5.349128
2025-10-17 22:54:34.852,106984.39,0.23268,24893.1278652
2025-10-17 22:54:34.965,106986.73,0.0001,10.698673
2025-10-17 22:54:37.040,106988.94,0.00014,14.9784516
2025-10-17 22:54:37.786,106988.95,0.00575,615.1864625
2025-10-17 22:54:37.788,106990.0,0.00225,240.7275
2025-10-17 22:54:37.894,106991.41,0.00263,281.3874083
2025-10-17 22:54:37.906,106991.43,0.00085,90.94271549999999
2025-10-17 22:54:37.909,106992.01,0.00085,90.9432085
2025-10-17 22:54:38.015,106992.0,0.00178,190.44575999999998
2025-10-17 22:54:38.016,106992.01,0.00105,112.34161049999999
2025-10-17 22:54:38.019,106992.02,0.00114,121.9709028
2025-10-17 22:54:38.021,106992.02,0.00111,118.76114220000001
2025-10-17 22:54:38.047,106992.03,0.00231,247.15158929999998
2025-10-17 22:54:38.471,106994.0,0.0002,21.3988
2025-10-17 22:54:39.067,106993.99,0.00264,282.4641336
2025-10-17 22:54:39.117,106994.0,0.00058,62.05652
2025-10-17 22:54:39.283,106994.0,0.00032,34.238080000000004
2025-10-17 22:54:39.892,106994.0,7e-05,7.489579999999999
2025-10-17 22:54:41.026,106994.0,0.00497,531.76018
2025-10-17 22:54:41.028,106996.42,0.00015,16.049463
2025-10-17 22:54:41.032,106997.13,0.00145,155.1458385
2025-10-17 22:54:41.072,106997.52,0.00253,270.70372560000004
2025-10-17 22:54:41.077,106998.0,0.003,320.994
2025-10-17 22:54:41.079,106998.0,0.00045,48.1491
2025-10-17 22:54:41.082,106998.7,0.00195,208.64746499999998
2025-10-17 22:54:41.084,107000.0,0.05,5350.0
2025-10-17 22:54:41.086,107002.0,0.00145,155.1529
2025-10-17 22:54:41.087,107002.0,0.00055,58.8511
2025-10-17 22:54:41.592,107003.4,0.00521,557.487714
2025-10-17 22:54:41.597,107003.4,6e-05,6.420204
2025-10-17 22:54:42.469,107002.99,0.08058,8622.3009342
2025-10-17 22:54:42.534,107002.99,0.012,1284.0358800000001
2025-10-17 22:54:42.551,107002.99,0.04276,4575.447852400001
2025-10-17 22:54:42.552,107002.99,0.24021,25703.188227900002
2025-10-17 22:54:42.560,107002.99,0.008,856.0239200000001
2025-10-17 22:54:42.565,107002.99,0.072,7704.215279999999
2025-10-17 22:54:42.582,107002.99,0.0599,6409.479101000001
2025-10-17 22:54:42.583,107002.99,0.21466,22969.2618334
2025-10-17 22:54:42.584,107002.99,0.01927,2061.9476173
2025-10-17 22:54:42.585,107000.4,0.00045,48.15018
2025-10-17 22:54:42.598,106996.23,0.00015,16.049434499999997
2025-10-17 22:54:42.600,106996.22,0.0027,288.889794
2025-10-17 22:54:42.601,106996.22,0.0027,288.889794
2025-10-17 22:54:42.704,106996.22,0.00205,219.34225100000003
2025-10-17 22:54:43.101,106996.21,0.0012,128.395452
2025-10-17 22:54:43.110,106994.0,0.02303,2464.0718199999997
2025-10-17 22:54:43.111,106994.0,0.012,1283.928
2025-10-17 22:54:43.113,106994.0,0.012,1283.928
2025-10-17 22:54:43.120,106994.0,0.02334,2497.23996
2025-10-17 22:54:43.123,106994.0,0.04061,4345.02634
2025-10-17 22:54:43.134,106994.0,0.00019,20.328860000000002
2025-10-17 22:54:43.136,106994.0,0.00026,27.81844
2025-10-17 22:54:44.141,106994.01,0.00047,50.2871847
2025-10-17 22:54:44.354,106994.0,0.00245,262.1353
2025-10-17 22:54:44.521,106994.01,0.00047,50.2871847
2025-10-17 22:54:45.443,106994.01,7e-05,7.4895806999999985
2025-10-17 22:54:47.239,106994.01,0.0009,96.294609
2025-10-17 22:54:48.086,106994.01,0.00031,33.1681431
2025-10-17 22:54:49.993,106994.01,0.00483,516.7810683
2025-10-17 22:54:51.084,106994.01,0.00023,24.6086223
2025-10-17 22:54:51.233,106994.0,0.00178,190.44932
2025-10-17 22:54:51.254,106994.01,0.00237,253.5758037
2025-10-17 22:54:52.214,106994.01,0.00042,44.9374842
2025-10-17 22:54:52.337,106994.01,0.00026,27.818442599999997
2025-10-17 22:54:52.660,106994.01,0.00059,63.1264659
2025-10-17 22:54:52.700,106994.01,0.00031,33.1681431
2025-10-17 22:54:53.393,106994.0,0.00463,495.38221999999996
2025-10-17 22:54:53.995,106994.0,0.0002,21.3988
2025-10-17 22:54:56.690,106994.0,0.00786,840.97284
2025-10-17 22:54:56.897,106994.01,0.00015,16.0491015
2025-10-17 22:54:56.923,106994.01,0.00039,41.727663899999996
2025-10-17 22:54:57.419,106994.01,0.00177,189.3793977
2025-10-17 22:54:57.432,106994.01,0.00106,113.4136506
2025-10-17 22:54:57.468,106994.0,0.00047,50.28718
2025-10-17 22:54:57.932,106994.0,0.00076,81.31544000000001
2025-10-17 22:55:00.247,106994.01,0.00021,22.4687421
2025-10-17 22:55:00.311,106994.01,0.00042,44.9374842
2025-10-17 22:55:00.320,106994.01,0.00036,38.5178436
2025-10-17 22:55:00.467,106994.01,0.00038,40.6577238
2025-10-17 22:55:01.579,106994.0,8e-05,8.559520000000001
2025-10-17 22:55:01.767,106994.0,0.00988,1057.10072
2025-10-17 22:55:01.799,106994.0,0.00467,499.66197999999997
2025-10-17 22:55:02.116,106994.01,0.0016,171.190416
2025-10-17 22:55:02.817,106994.01,0.00015,16.0491015
2025-10-17 22:55:03.063,106994.01,0.00929,993.9743528999999
2025-10-17 22:55:03.096,106994.01,7e-05,7.4895806999999985
2025-10-17 22:55:03.371,106994.01,0.00306,327.4016706
2025-10-17 22:55:04.883,106994.0,7e-05,7.489579999999999
2025-10-17 22:55:07.231,106994.01,0.00025,26.7485025
2025-10-17 22:55:07.240,106994.0,0.00934,999.3239599999999
2025-10-17 22:55:08.219,106994.01,0.0015,160.491015
2025-10-17 22:55:08.922,106994.01,0.02431,2601.0243831
2025-10-17 22:55:09.000,106994.0,0.00012,12.83928
2025-10-17 22:55:09.391,106994.01,0.00106,113.4136506
2025-10-17 22:55:10.141,106997.3,0.00878,939.436294
2025-10-17 22:55:10.254,107018.0,0.0026,278.2468
2025-10-17 22:55:10.261,107025.5,6e-05,6.42153
2025-10-17 22:55:10.264,107025.49,0.03505,3751.2434245
2025-10-17 22:55:10.265,107025.49,1.1602,124170.97349799999
2025-10-17 22:55:10.266,107025.5,0.00933,998.547915
2025-10-17 22:55:10.338,107025.49,0.03,3210.7647
2025-10-17 22:55:10.916,107025.5,0.00633,677.471415
2025-10-17 22:55:11.177,107026.91,0.00559,598.2804269000001
2025-10-17 22:55:11.210,107026.92,0.00029,31.0378068
2025-10-17 22:55:11.218,107026.92,0.00732,783.4370544
2025-10-17 22:55:11.724,107026.92,0.00042,44.9513064
2025-10-17 22:55:12.026,107026.93,0.00046,49.2323878
2025-10-17 22:55:14.198,107026.93,0.00373,399.21044889999996
2025-10-17 22:55:14.619,107026.93,7e-05,7.491885099999999
2025-10-17 22:55:14.630,107026.92,0.00047,50.3026524
2025-10-17 22:55:15.239,107026.93,0.62132,66497.9721476
2025-10-17 22:55:16.509,107026.92,0.00797,853.0045524
2025-10-17 22:55:16.870,107026.93,0.0001,10.702693
2025-10-17 22:55:17.191,107026.92,0.00012,12.8432304
2025-10-17 22:55:17.475,107026.93,0.00047,50.3026571
2025-10-17 22:55:17.620,107026.93,0.00344,368.1726392
2025-10-17 22:55:19.210,107026.92,0.0047,503.026524
2025-10-17 22:55:19.486,107026.93,7e-05,7.491885099999999
2025-10-17 22:55:19.883,107026.92,0.00036,38.5296912
2025-10-17 22:55:19.901,107026.92,0.00222,237.5997624
2025-10-17 22:55:20.230,107026.93,0.00011,11.7729623
2025-10-17 22:55:21.382,107026.93,0.00024,25.6864632
2025-10-17 22:55:21.719,107026.92,6e-05,6.4216152
2025-10-17 22:55:21.884,107026.92,0.01122,1200.8420424
2025-10-17 22:55:23.318,107026.93,5e-05,5.3513465
2025-10-17 22:55:23.823,107026.92,0.00564,603.6318288
2025-10-17 22:55:23.879,107026.92,0.00673,720.2911716
2025-10-17 22:55:23.881,107026.91,0.00122,130.5728302
2025-10-17 22:55:23.949,107025.5,0.00873,934.332615
2025-10-17 22:55:23.950,107023.64,0.00015,16.053545999999997
2025-10-17 22:55:23.951,107023.63,0.0002,21.404726000000004
2025-10-17 22:55:23.952,107018.68,5e-05,5.350934
2025-10-17 22:55:24.227,107014.93,5e-05,5.3507465
2025-10-17 22:55:24.315,107009.43,0.0001,10.700943
2025-10-17 22:55:24.408,107007.38,7e-05,7.490516599999999
2025-10-17 22:55:24.704,107007.38,0.001,107.00738000000001
2025-10-17 22:55:24.825,107007.38,0.00059,63.134354200000004
2025-10-17 22:55:24.979,107007.38,0.012,1284.0885600000001
2025-10-17 22:55:24.982,107007.38,0.012,1284.0885600000001
2025-10-17 22:55:25.792,107007.39,0.00046,49.2233994
2025-10-17 22:55:25.911,107007.38,0.00234,250.3972692
2025-10-17 22:55:26.218,107007.39,0.00049,52.433621099999996
2025-10-17 22:55:26.924,107007.39,0.00093,99.51687270000001
2025-10-17 22:55:27.233,107007.39,0.00118,126.2687202
2025-10-17 22:55:27.321,107007.38,0.00057,60.9942066
2025-10-17 22:55:27.555,107007.38,7e-05,7.490516599999999
2025-10-17 22:55:27.641,107007.39,0.00021,22.4715519
2025-10-17 22:55:28.770,107007.39,0.00061,65.2745079
2025-10-17 22:55:28.923,107007.38,0.00467,499.7244646
2025-10-17 22:55:29.261,107007.39,0.00107,114.4979073
2025-10-17 22:55:30.895,107007.39,0.0028,299.620692
2025-10-17 22:55:31.560,107007.38,0.00014,14.981033199999999
2025-10-17 22:55:32.124,107007.38,0.012,1284.0885600000001
2025-10-17 22:55:32.170,107007.39,8e-05,8.560591200000001
2025-10-17 22:55:32.723,107007.38,0.012,1284.0885600000001
2025-10-17 22:55:32.725,107007.38,0.012,1284.0885600000001
2025-10-17 22:55:32.729,107007.38,9e-05,9.630664200000002
2025-10-17 22:55:33.480,107007.39,0.09204,9848.9601756
2025-10-17 22:55:33.482,107007.51,0.0001,10.700751
2025-10-17 22:55:33.483,107008.47,0.00015,16.051270499999998
2025-10-17 22:55:33.546,107011.92,0.00046,49.2254832
2025-10-17 22:55:33.591,107011.92,0.00043,46.0151256
2025-10-17 22:55:33.721,107011.91,0.00029,31.0334539
2025-10-17 22:55:34.121,107011.93,0.0009,96.31073699999999
2025-10-17 22:55:35.938,107015.62,0.00015,16.052342999999997
2025-10-17 22:55:36.068,107015.62,0.00014,14.982186799999997
2025-10-17 22:55:37.778,107015.61,0.00048,51.3674928
2025-10-17 22:55:40.245,107015.61,7e-05,7.491092699999999
2025-10-17 22:55:40.634,107015.61,0.01741,1863.1417700999998
2025-10-17 22:55:40.759,107015.62,8e-05,8.5612496
2025-10-17 22:55:41.281,107015.62,0.00245,262.188269
2025-10-17 22:55:41.589,107015.61,0.0001,10.701561
2025-10-17 22:55:42.443,107015.62,0.0001,10.701562000000001
2025-10-17 22:55:43.144,107015.62,0.00186,199.0490532
2025-10-17 22:55:44.373,107015.62,0.00011,11.7717182
2025-10-17 22:55:45.397,107015.62,0.0001,10.701562000000001
2025-10-17 22:55:46.735,107015.62,0.00047,50.29734139999999
2025-10-17 22:55:47.560,107015.62,0.00149,159.4532738
2025-10-17 22:55:47.582,107015.61,0.00047,50.297336699999995
2025-10-17 22:55:48.350,107015.61,0.00042,44.9465562
2025-10-17 22:55:50.883,107015.61,0.00142,151.9621662
2025-10-17 22:55:51.369,107015.61,0.009,963.1404899999999
2025-10-17 22:55:51.668,107015.62,0.00027,28.8942174
2025-10-17 22:55:54.037,107015.61,0.00465,497.62258649999995
2025-10-17 22:55:54.992,107015.61,0.00103,110.22607830000001
2025-10-17 22:55:55.017,107015.62,0.00025,26.753905
2025-10-17 22:55:55.691,107015.61,0.00307,328.53792269999997
2025-10-17 22:55:57.291,107015.62,0.00047,50.29734139999999
2025-10-17 22:55:57.303,107015.62,0.00047,50.29734139999999
2025-10-17 22:55:58.897,107015.61,0.00015,16.052341499999997
2025-10-17 22:55:59.517,107015.61,0.0002,21.403122
2025-10-17 22:56:00.843,107015.62,0.00047,50.29734139999999
2025-10-17 22:56:01.762,107015.62,0.00082,87.75280839999999
2025-10-17 22:56:01.917,107015.62,0.00142,151.9621804
2025-10-17 22:56:01.978,107015.61,5e-05,5.3507805
2025-10-17 22:56:02.233,107015.62,0.00357,382.04576339999994
2025-10-17 22:56:02.396,107015.62,0.00171,182.9967102
2025-10-17 22:56:02.625,107015.62,0.00123,131.6292126
2025-10-17 22:56:02.684,107015.61,0.01964,2101.7865804000003
2025-10-17 22:56:02.862,107015.62,0.00014,14.982186799999997
2025-10-17 22:56:05.313,107015.61,0.00466,498.69274260000003
2025-10-17 22:56:09.305,107015.61,0.00015,16.052341499999997
2025-10-17 22:56:10.240,107015.61,0.00087,93.1035807
2025-10-17 22:56:10.767,107015.62,0.0034,363.85310799999996
2025-10-17 22:56:12.077,107015.62,0.00019,20.3329678
2025-10-17 22:56:12.797,107015.61,0.00031,33.1748391
2025-10-17 22:56:13.017,107015.62,0.00245,262.188269
2025-10-17 22:56:13.817,107015.62,0.00028,29.964373599999995
2025-10-17 22:56:15.084,107015.62,7e-05,7.491093399999999
2025-10-17 22:56:15.285,107015.61,0.0001,10.701561
2025-10-17 22:56:15.732,107015.61,0.00023,24.613590300000002
2025-10-17 22:56:15.735,107015.62,0.00067,71.7004654
2025-10-17 22:56:16.644,107015.62,0.00019,20.3329678
2025-10-17 22:56:16.748,107015.62,0.00029,31.034529799999998
2025-10-17 22:56:16.842,107015.61,0.00047,50.297336699999995
2025-10-17 22:56:16.877,107015.61,9e-05,9.631404900000001
2025-10-17 22:56:16.970,107015.62,0.0001,10.701562000000001
2025-10-17 22:56:17.038,107015.62,0.00015,16.052342999999997
2025-10-17 22:56:17.043,107015.62,7e-05,7.491093399999999
2025-10-17 22:56:17.069,107015.62,0.00019,20.3329678
2025-10-17 22:56:17.085,107015.62,0.00024,25.6837488
2025-10-17 22:56:17.184,107015.62,0.0001,10.701562000000001
2025-10-17 22:56:17.231,107015.62,0.00062,66.3496844
2025-10-17 22:56:17.320,107015.62,0.00094,100.59468279999999
2025-10-17 22:56:17.638,107015.62,0.0001,10.701562000000001
2025-10-17 22:56:17.724,107015.62,6e-05,6.4209372
2025-10-17 22:56:18.391,107015.62,0.0001,10.701562000000001
2025-10-17 22:56:18.538,107015.62,0.00047,50.29734139999999
2025-10-17 22:56:18.831,107015.62,0.00038,40.6659356
2025-10-17 22:56:19.020,107015.62,0.00047,50.29734139999999
2025-10-17 22:56:19.091,107015.62,0.0001,10.701562000000001
2025-10-17 22:56:19.285,107015.62,0.00014,14.982186799999997
2025-10-17 22:56:21.097,107015.62,8e-05,8.5612496
2025-10-17 22:56:21.389,107015.62,0.00046,49.2271852
2025-10-17 22:56:21.747,107015.62,0.0019,203.329678
2025-10-17 22:56:23.213,107015.62,0.00028,29.964373599999995
2025-10-17 22:56:24.110,107015.62,8e-05,8.5612496
2025-10-17 22:56:24.113,107015.62,0.0001,10.701562000000001
2025-10-17 22:56:24.133,107015.62,0.00085,90.96327699999999
2025-10-17 22:56:24.176,107015.62,0.00046,49.2271852
2025-10-17 22:56:24.396,107015.62,0.00046,49.2271852
2025-10-17 22:56:24.843,107015.62,0.00049,52.43765379999999
2025-10-17 22:56:25.634,107015.62,9e-05,9.6314058
2025-10-17 22:56:25.983,107015.61,0.00831,889.2997191
2025-10-17 22:56:26.088,107015.62,7e-05,7.491093399999999
2025-10-17 22:56:26.543,107015.61,0.00021,22.4732781
2025-10-17 22:56:26.599,107015.61,7e-05,7.491092699999999
2025-10-17 22:56:27.031,107015.62,7e-05,7.491093399999999
2025-10-17 22:56:27.183,107015.62,0.00041,43.876404199999996
2025-10-17 22:56:27.276,107015.62,0.00035,37.455467
2025-10-17 22:56:27.316,107015.62,0.00013,13.912030599999998
2025-10-17 22:56:27.411,107015.61,0.00047,50.297336699999995
2025-10-17 22:56:28.139,107015.62,0.00028,29.964373599999995
2025-10-17 22:56:28.375,107015.61,6e-05,6.4209366
2025-10-17 22:56:29.110,107015.61,0.00255,272.8898055
2025-10-17 22:56:29.233,107015.62,0.00014,14.982186799999997
2025-10-17 22:56:29.488,107015.62,0.00093,99.5245266
2025-10-17 22:56:29.517,107015.62,0.00015,16.052342999999997
2025-10-17 22:56:30.765,107015.62,0.00059,63.1392158
2025-10-17 22:56:30.951,107015.61,0.00047,50.297336699999995
2025-10-17 22:56:31.080,107015.61,0.00129,138.05013689999998
2025-10-17 22:56:31.539,107015.62,0.0005,53.50781
2025-10-17 22:56:31.555,107015.61,0.00832,890.3698751999999
2025-10-17 22:56:32.026,107015.62,0.00605,647.444501
2025-10-17 22:56:32.505,107015.62,0.00337,360.6426394
2025-10-17 22:56:32.533,107015.61,0.00047,50.297336699999995
2025-10-17 22:56:32.716,107015.62,5e-05,5.3507810000000005
2025-10-17 22:56:33.207,107015.61,6e-05,6.4209366
2025-10-17 22:56:33.810,107015.61,0.00022,23.5434342
2025-10-17 22:56:34.131,107015.61,0.00934,999.5257974
2025-10-17 22:56:34.724,107015.62,0.00264,282.5212368
2025-10-17 22:56:34.795,107015.61,0.00829,887.1594069
2025-10-17 22:56:35.542,107015.61,0.00025,26.753902500000002
2025-10-17 22:56:35.888,107015.62,0.00093,99.5245266
2025-10-17 22:56:36.129,107015.62,0.02936,3141.9786031999997
2025-10-17 22:56:36.991,107015.62,0.00069,73.8407778
2025-10-17 22:56:37.074,107015.61,0.00014,14.982185399999999
2025-10-17 22:56:37.181,107015.61,0.0021,224.732781
2025-10-17 22:56:37.302,107015.61,0.0002,21.403122
2025-10-17 22:56:38.532,107015.62,0.00047,50.29734139999999
2025-10-17 22:56:38.560,107015.62,0.00093,99.5245266
2025-10-17 22:56:38.583,107015.62,0.00029,31.034529799999998
2025-10-17 22:56:38.831,107015.62,7e-05,7.491093399999999
2025-10-17 22:56:40.153,107015.62,5e-05,5.3507810000000005
2025-10-17 22:56:40.160,107015.62,0.00011,11.7717182
2025-10-17 22:56:40.428,107015.61,8e-05,8.561248800000001
2025-10-17 22:56:40.477,107015.62,0.00014,14.982186799999997
2025-10-17 22:56:41.916,107015.61,0.00023,24.613590300000002
2025-10-17 22:56:43.123,107015.62,0.00025,26.753905
2025-10-17 22:56:43.248,107015.62,0.00047,50.29734139999999
2025-10-17 22:56:43.451,107015.61,0.00041,43.8764001
2025-10-17 22:56:43.655,107015.62,0.0004,42.806248000000004
2025-10-17 22:56:43.678,107015.62,5e-05,5.3507810000000005
2025-10-17 22:56:43.712,107015.61,0.01953,2090.0148633
2025-10-17 22:56:44.095,107015.61,0.0003,32.104682999999994
2025-10-17 22:56:44.690,107015.61,0.02978,3186.9248658
2025-10-17 22:56:45.689,107015.62,0.00037,39.5957794
2025-10-17 22:56:45.936,107015.62,0.0005,53.50781
2025-10-17 22:56:47.057,107015.61,0.00934,999.5257974
2025-10-17 22:56:47.069,107015.62,0.00019,20.3329678
2025-10-17 22:56:47.636,107015.62,0.00934,999.5258907999998
2025-10-17 22:56:47.988,107015.62,9e-05,9.6314058
2025-10-17 22:56:48.227,107015.61,7e-05,7.491092699999999
2025-10-17 22:56:48.501,107015.61,0.00013,13.912029299999999
2025-10-17 22:56:48.646,107015.61,0.00047,50.297336699999995
2025-10-17 22:56:48.647,107015.61,0.0003,32.104682999999994
2025-10-17 22:56:49.247,107015.61,0.01737,1858.8611457
2025-10-17 22:56:49.678,107015.62,4e-05,4.2806248
2025-10-17 22:56:49.968,107015.62,0.00058,62.069059599999996
2025-10-17 22:56:50.111,107015.62,0.00247,264.32858139999996
2025-10-17 22:56:51.048,107015.62,0.00081,86.68265219999999
2025-10-17 22:56:51.083,107015.61,0.0001,10.701561
2025-10-17 22:56:51.382,107015.62,0.00737,788.7051194
2025-10-17 22:56:51.459,107015.61,0.00117,125.2082637
2025-10-17 22:56:51.818,107015.61,0.00203,217.24168830000002
2025-10-17 22:56:52.786,107015.61,0.00031,33.1748391
2025-10-17 22:56:53.195,107015.62,0.00047,50.29734139999999
2025-10-17 22:56:53.567,107015.62,0.00047,50.29734139999999
2025-10-17 22:56:53.790,107015.62,0.00428,458.0268536
2025-10-17 22:56:54.043,107015.61,7e-05,7.491092699999999
2025-10-17 22:56:54.248,107015.61,0.01851,1980.8589410999998
2025-10-17 22:56:54.444,107015.62,1.00817,107889.93761539999
2025-10-17 22:56:54.675,107015.61,0.00528,565.0424208
2025-10-17 22:56:55.268,107015.61,0.0394,4216.415034
2025-10-17 22:56:55.592,107015.61,0.00284,303.9243324
2025-10-17 22:56:55.716,107015.61,0.00158,169.08466380000002
2025-10-17 22:56:56.030,107015.62,0.00047,50.29734139999999
2025-10-17 22:56:56.577,107015.61,6e-05,6.4209366
2025-10-17 22:56:57.142,107015.62,0.00058,62.069059599999996
2025-10-17 22:56:58.333,107015.62,0.00043,46.016716599999995
2025-10-17 22:56:58.759,107015.61,0.00761,814.3887920999999
2025-10-17 22:56:58.794,107015.62,9e-05,9.6314058
2025-10-17 22:57:00.322,107015.62,0.0006,64.20937199999999
2025-10-17 22:57:00.518,107015.61,0.00019,20.3329659
2025-10-17 22:57:00.740,107015.62,0.0028,299.643736
2025-10-17 22:57:01.048,107015.62,0.00012,12.8418744
2025-10-17 22:57:02.188,107015.62,4e-05,4.2806248
2025-10-17 22:57:02.710,107015.62,0.00172,184.06686639999998
2025-10-17 22:57:02.933,107015.62,0.00013,13.912030599999998
2025-10-17 22:57:03.351,107015.62,0.00196,209.75061519999997
2025-10-17 22:57:03.543,107015.62,0.00205,219.382021
2025-10-17 22:57:03.813,107015.62,0.00029,31.034529799999998
2025-10-17 22:57:03.986,107015.61,0.00158,169.08466380000002
2025-10-17 22:57:04.347,107015.61,0.00138,147.6815418
2025-10-17 22:57:04.375,107015.61,0.00056,59.928741599999995
2025-10-17 22:57:04.924,107015.61,0.0003,32.104682999999994
2025-10-17 22:57:05.068,107015.61,0.01871,2002.2620631000002
2025-10-17 22:57:06.286,107015.62,0.01489,1593.4625818
2025-10-17 22:57:07.027,107015.61,0.0012,128.41873199999998
2025-10-17 22:57:07.039,107015.61,8e-05,8.561248800000001
2025-10-17 22:57:07.639,107015.62,7e-05,7.491093399999999
2025-10-17 22:57:08.640,107015.61,0.00047,50.297336699999995
2025-10-17 22:57:08.721,107015.62,0.00025,26.753905
2025-10-17 22:57:08.771,107015.62,0.00029,31.034529799999998
2025-10-17 22:57:09.933,107015.61,0.00011,11.7717171
2025-10-17 22:57:10.011,107015.62,0.00093,99.5245266
2025-10-17 22:57:10.402,107015.62,0.00187,200.1192094
2025-10-17 22:57:11.389,107015.62,7e-05,7.491093399999999
2025-10-17 22:57:11.420,107015.62,0.00745,797.2663689999999
2025-10-17 22:57:12.374,107015.62,0.00223,238.6448326
2025-10-17 22:57:12.532,107015.62,0.00046,49.2271852
2025-10-17 22:57:13.234,107015.62,0.00017,18.1926554
2025-10-17 22:57:14.068,107015.62,0.00017,18.1926554
2025-10-17 22:57:14.237,107015.61,0.33116,35439.2894076
2025-10-17 22:57:14.985,107015.62,0.00039,41.7360918
2025-10-17 22:57:15.021,107015.61,0.00198,211.8909078
2025-10-17 22:57:15.399,107015.62,0.001,107.01562
2025-10-17 22:57:15.980,107015.62,7e-05,7.491093399999999
2025-10-17 22:57:16.674,107015.61,0.04817,5154.9419337
2025-10-17 22:57:17.338,107015.62,0.00022,23.5434364
2025-10-17 22:57:18.782,107015.61,0.0014,149.821854
2025-10-17 22:57:18.805,107015.61,0.07496,8021.8901256
2025-10-17 22:57:18.806,107015.61,0.0019,203.329659
2025-10-17 22:57:18.807,107015.61,0.012,1284.18732
2025-10-17 22:57:18.808,107015.61,0.0749,8015.4691889999995
2025-10-17 22:57:18.809,107015.6,0.07032,7525.336992
2025-10-17 22:57:18.810,107015.6,0.06791,7267.429396
2025-10-17 22:57:18.811,107015.6,0.012,1284.1872
2025-10-17 22:57:18.812,107015.6,0.01954,2091.084824
2025-10-17 22:57:18.813,107015.6,0.37458,40085.903448000005
2025-10-17 22:57:18.814,107015.6,0.25439,27223.698484
2025-10-17 22:57:18.816,107015.6,0.46599,49868.199444000005
2025-10-17 22:57:18.817,107015.6,0.09603,10276.708068000002
2025-10-17 22:57:18.818,107015.6,0.04,4280.624000000001
2025-10-17 22:57:18.819,107015.55,0.0001,10.701555
2025-10-17 22:57:18.822,107015.37,0.02804,3000.7109748
2025-10-17 22:57:18.825,107015.37,1e-05,1.0701537
2025-10-17 22:57:18.829,107015.37,5e-05,5.3507685
2025-10-17 22:57:18.831,107015.37,6e-05,6.4209222
2025-10-17 22:57:18.834,107012.87,0.02629,2813.3683523
2025-10-17 22:57:18.838,107012.87,0.08145,8716.1982615
2025-10-17 22:57:18.845,107012.87,0.00457,489.0488159
2025-10-17 22:57:18.848,107012.87,0.00106,113.4336422
2025-10-17 22:57:18.849,107011.91,0.01892,2024.6653372
2025-10-17 22:57:18.852,107011.11,5e-05,5.3505555000000005
2025-10-17 22:57:18.855,107004.91,0.00193,206.5194763
2025-10-17 22:57:18.951,107004.91,0.00553,591.7371523
2025-10-17 22:57:18.953,107004.91,0.00158,169.0677578
2025-10-17 22:57:18.955,107004.9,0.00075,80.253675
2025-10-17 22:57:19.072,107000.5,0.00187,200.090935
2025-10-17 22:57:19.235,107000.5,0.00014,14.98007
2025-10-17 22:57:19.240,107000.5,0.00026,27.82013
2025-10-17 22:57:19.444,107000.51,0.02526,2702.8328826
2025-10-17 22:57:20.371,107000.5,0.00324,346.68162
2025-10-17 22:57:20.382,107000.5,0.00721,771.473605
2025-10-17 22:57:20.814,107000.51,0.00426,455.8221726
2025-10-17 22:57:21.487,107000.5,0.03376,3612.33688
2025-10-17 22:57:22.429,107000.5,0.012,1284.006
2025-10-17 22:57:22.926,107000.51,0.00216,231.1211016
2025-10-17 22:57:23.303,107000.5,0.00047,50.290234999999996
2025-10-17 22:57:23.319,107000.5,0.00048,51.360240000000005
2025-10-17 22:57:24.009,107000.5,0.00034,36.38017
2025-10-17 22:57:24.187,107000.51,0.01635,1749.4583384999999
2025-10-17 22:57:24.879,107000.51,0.00056,59.92028559999999
2025-10-17 22:57:25.152,107000.5,0.012,1284.006
2025-10-17 22:57:25.153,107000.5,0.012,1284.006
2025-10-17 22:57:25.540,107000.5,0.00057,60.990285
2025-10-17 22:57:25.825,107000.5,0.00199,212.930995
2025-10-17 22:57:26.071,107000.51,0.00793,848.5140442999999
2025-10-17 22:57:26.141,107000.5,0.00047,50.290234999999996
2025-10-17 22:57:26.595,107000.5,0.00239,255.731195
2025-10-17 22:57:26.632,107000.51,0.01066,1140.6254365999998
2025-10-17 22:57:26.973,107000.5,0.02681,2868.683405
2025-10-17 22:57:27.131,107000.5,7e-05,7.490035
2025-10-17 22:57:28.119,107000.51,0.00022,23.5401122
2025-10-17 22:57:28.376,107000.5,0.00012,12.840060000000001
2025-10-17 22:57:30.283,107000.51,0.00142,151.9407242
2025-10-17 22:57:31.755,107000.51,0.0002,21.400102
2025-10-17 22:57:34.441,107000.51,7e-05,7.490035699999999
2025-10-17 22:57:34.451,107000.51,0.00047,50.290239699999994
2025-10-17 22:57:34.497,107000.51,0.02434,2604.3924134
2025-10-17 22:57:34.858,107000.5,0.00016,17.12008
2025-10-17 22:57:35.342,107000.51,0.00061,65.2703111
2025-10-17 22:57:36.243,107000.51,0.00468,500.7623868
2025-10-17 22:57:36.479,107000.5,0.00092,98.44046
2025-10-17 22:57:37.341,107000.5,0.00016,17.12008
2025-10-17 22:57:37.632,107000.51,0.00059,63.1303009
2025-10-17 22:57:37.768,107000.51,0.0086,920.204386
2025-10-17 22:57:39.083,107000.5,0.00014,14.98007
2025-10-17 22:57:39.156,107000.5,1.3044,139571.4522
2025-10-17 22:57:39.396,107000.51,0.00047,50.290239699999994
2025-10-17 22:57:39.483,107000.5,0.00043,46.010215
2025-10-17 22:57:40.190,107000.5,9e-05,9.630045
2025-10-17 22:57:40.235,107000.5,0.0012,128.4006
2025-10-17 22:57:40.887,107000.5,7e-05,7.490035
2025-10-17 22:57:40.937,107000.5,0.0042,449.40209999999996
2025-10-17 22:57:41.206,107000.51,0.02625,2808.7633874999997
2025-10-17 22:57:41.259,107000.5,0.03681,3938.6884050000003
2025-10-17 22:57:42.337,107000.51,0.00273,292.1113923
2025-10-17 22:57:42.925,107000.51,0.00046,49.2202346
2025-10-17 22:57:43.161,107000.51,7e-05,7.490035699999999
2025-10-17 22:57:43.553,107000.5,0.01158,1239.06579
2025-10-17 22:57:44.433,107000.5,0.00665,711.553325
2025-10-17 22:57:45.194,107000.5,0.01,1070.005
2025-10-17 22:57:45.709,107000.51,0.00327,349.89166769999997
2025-10-17 22:57:46.023,107000.5,0.00049,52.430245
2025-10-17 22:57:46.577,107000.5,8e-05,8.56004
2025-10-17 22:57:47.102,107000.51,0.00392,419.44199919999994
2025-10-17 22:57:47.406,107000.5,0.00024,25.680120000000002
2025-10-17 22:57:47.832,107000.51,0.00223,238.61113730000002
2025-10-17 22:57:48.147,107000.5,0.00016,17.12008
2025-10-17 22:57:48.494,107000.51,0.00062,66.3403162
2025-10-17 22:57:50.432,107000.5,0.00048,51.360240000000005
2025-10-17 22:57:50.455,107000.5,0.00099,105.930495
2025-10-17 22:57:50.539,107000.5,0.01175,1257.255875
2025-10-17 22:57:52.133,107000.5,0.0434,4643.8217
2025-10-17 22:57:52.605,107000.5,0.01921,2055.479605
2025-10-17 22:57:53.583,107000.51,0.00031,33.1701581
2025-10-17 22:57:54.183,107000.51,0.02237,2393.6014087
2025-10-17 22:57:54.542,107000.5,0.0005,53.50025
2025-10-17 22:57:54.732,107000.5,0.00082,87.74041
2025-10-17 22:57:55.053,107000.51,0.00116,124.1205916
2025-10-17 22:57:55.312,107000.5,0.00478,511.46239
2025-10-17 22:57:56.863,107000.5,0.00545,583.152725
2025-10-17 22:57:57.055,107000.51,0.00047,50.290239699999994
2025-10-17 22:57:57.092,107000.5,0.00312,333.84156
2025-10-17 22:57:57.133,107000.51,0.00047,50.290239699999994
2025-10-17 22:57:58.136,107000.5,0.00021,22.470105
2025-10-17 22:57:59.158,107000.5,0.00079,84.530395
2025-10-17 22:57:59.278,107000.5,0.00034,36.38017
2025-10-17 22:57:59.347,107000.5,0.42241,45198.081205
2025-10-17 22:57:59.393,107000.5,0.01411,1509.777055
2025-10-17 22:57:59.469,107000.51,0.00017,18.190086700000002
2025-10-17 22:58:00.162,107000.51,0.00025,26.750127499999998
2025-10-17 22:58:00.261,107000.5,0.00055,58.850275
2025-10-17 22:58:00.963,107000.51,0.07467,7989.7280817
2025-10-17 22:58:02.040,107000.51,0.00018,19.2600918
2025-10-17 22:58:02.409,107000.5,0.01107,1184.495535
2025-10-17 22:58:02.410,106994.09,0.00566,605.5865494
2025-10-17 22:58:02.412,106985.65,0.01818,1944.999117
2025-10-17 22:58:02.414,106985.0,0.0028,299.558
2025-10-17 22:58:02.415,106983.5,6e-05,6.41901
2025-10-17 22:58:02.418,106982.56,5e-05,5.349128
2025-10-17 22:58:02.420,106989.15,6e-05,6.4193489999999995
2025-10-17 22:58:02.421,106989.15,9e-05,9.6290235
2025-10-17 22:58:02.426,106970.57,0.00934,999.1051238
2025-10-17 22:58:02.429,106976.42,0.0187,2000.4590540000002
2025-10-17 22:58:02.447,106976.88,0.0015,160.46532000000002
2025-10-17 22:58:02.451,106975.22,0.012,1283.70264
2025-10-17 22:58:02.452,106975.45,0.1383,14794.704735000001
2025-10-17 22:58:02.464,106975.22,0.00697,745.6172834
2025-10-17 22:58:02.489,106975.23,0.01903,2035.7386268999996
2025-10-17 22:58:02.499,106975.22,0.0016,171.16035200000002
2025-10-17 22:58:02.500,106970.88,0.02551,2728.8271488000005
2025-10-17 22:58:02.515,106970.88,0.015,1604.5632
2025-10-17 22:58:02.947,106971.15,0.02086,2231.418189
2025-10-17 22:58:02.948,106971.14,0.01,1069.7114
2025-10-17 22:58:02.964,106971.15,7e-05,7.487980499999999
2025-10-17 22:58:03.337,106971.14,0.00026,27.812496399999997
2025-10-17 22:58:03.345,106971.15,0.0014,149.75960999999998
2025-10-17 22:58:03.439,106971.15,0.57565,61577.94249749999
2025-10-17 22:58:03.459,106971.14,0.11175,11954.024895
2025-10-17 22:58:04.783,106971.14,0.00109,116.5985426
2025-10-17 22:58:04.822,106971.15,0.00041,43.8581715
2025-10-17 22:58:05.261,106971.15,0.00607,649.3148805
2025-10-17 22:58:05.738,106971.15,0.01073,1147.8004395
2025-10-17 22:58:05.767,106971.14,0.32363,34619.0700382
2025-10-17 22:58:06.828,106971.15,6e-05,6.418269
2025-10-17 22:58:08.538,106971.15,0.00345,369.05046749999997
2025-10-17 22:58:09.032,106971.15,0.00054,57.764421
2025-10-17 22:58:09.503,106971.14,0.00047,50.2764358
2025-10-17 22:58:09.695,106971.15,9e-05,9.6274035
2025-10-17 22:58:09.838,106971.15,0.00187,200.0360505
2025-10-17 22:58:10.021,106971.15,0.00464,496.346136
2025-10-17 22:58:10.468,106971.15,0.00115,123.01682249999999
2025-10-17 22:58:10.620,106971.15,0.0002,21.39423
2025-10-17 22:58:11.578,106971.14,0.00011,11.7668254
2025-10-17 22:58:11.728,106971.15,0.00386,412.908639
2025-10-17 22:58:12.239,106971.15,0.0042,449.27882999999997
2025-10-17 22:58:12.347,106971.15,0.00047,50.27644049999999
2025-10-17 22:58:12.948,106971.15,0.00339,362.63219849999996
2025-10-17 22:58:13.976,106971.15,0.00093,99.4831695
2025-10-17 22:58:14.270,106971.15,0.00034,36.370191
2025-10-17 22:58:14.475,106971.14,0.00015,16.045671
2025-10-17 22:58:15.432,106971.15,0.00047,50.27644049999999
2025-10-17 22:58:15.433,106971.14,0.00031,33.1610534
2025-10-17 22:58:16.351,106971.14,9e-05,9.6274026
2025-10-17 22:58:16.532,106971.15,0.00015,16.0456725
2025-10-17 22:58:16.620,106971.15,0.00015,16.0456725
2025-10-17 22:58:16.947,106971.15,0.00094,100.55288099999999
2025-10-17 22:58:17.038,106971.14,0.00014,14.9759596
2025-10-17 22:58:17.127,106971.14,0.00143,152.9687302
2025-10-17 22:58:17.313,106971.15,0.0001,10.697115
2025-10-17 22:58:17.443,106971.15,0.00019,20.3245185
2025-10-17 22:58:18.162,106971.15,0.00018,19.254807
2025-10-17 22:58:18.436,106971.15,0.00214,228.91826099999997
2025-10-17 22:58:18.561,106971.15,0.00019,20.3245185
2025-10-17 22:58:18.643,106971.15,0.00047,50.27644049999999
2025-10-17 22:58:18.985,106971.14,0.00023,24.6033622
2025-10-17 22:58:19.091,106971.15,0.00019,20.3245185
2025-10-17 22:58:19.139,106971.15,0.00017,18.1850955
2025-10-17 22:58:20.684,106971.14,0.00972,1039.7594808
2025-10-17 22:58:20.818,106971.15,0.00029,31.0216335
2025-10-17 22:58:22.308,106971.15,0.00058,62.043267
2025-10-17 22:58:22.495,106971.14,0.00219,234.26679660000002
2025-10-17 22:58:22.969,106971.15,0.00103,110.1802845
2025-10-17 22:58:22.978,106971.15,0.0141,1508.293215
2025-10-17 22:58:23.391,106971.15,0.0001,10.697115
2025-10-17 22:58:23.417,106971.15,0.00017,18.1850955
2025-10-17 22:58:23.533,106971.15,0.0001,10.697115
2025-10-17 22:58:23.590,106971.15,0.00019,20.3245185
2025-10-17 22:58:23.662,106971.15,0.00071,75.9495165
2025-10-17 22:58:23.739,106971.15,0.00115,123.01682249999999
2025-10-17 22:58:24.648,106971.15,0.00494,528.4374809999999
2025-10-17 22:58:24.826,106971.14,0.00017,18.1850938
2025-10-17 22:58:24.876,106971.14,0.00067,71.6706638
2025-10-17 22:58:25.215,106971.15,0.00928,992.692272
2025-10-17 22:58:26.183,106971.15,0.01459,1560.7090785
2025-10-17 22:58:26.592,106971.14,7e-05,7.4879798
2025-10-17 22:58:27.164,106971.14,0.00047,50.2764358
2025-10-17 22:58:27.240,106971.14,0.00047,50.2764358
2025-10-17 22:58:27.349,106971.14,0.00033,35.3004762
2025-10-17 22:58:27.617,106971.15,0.00726,776.610549
2025-10-17 22:58:28.302,106971.14,6e-05,6.4182684000000005
2025-10-17 22:58:28.332,106971.15,0.00458,489.92786699999994
2025-10-17 22:58:28.349,106971.14,0.00292,312.3557288
2025-10-17 22:58:29.268,106971.14,0.00163,174.36295819999998
2025-10-17 22:58:29.483,106971.14,0.00023,24.6033622
2025-10-17 22:58:30.271,106971.15,0.0001,10.697115
2025-10-17 22:58:30.417,106971.15,0.00048,51.346152
2025-10-17 22:58:31.584,106971.15,0.0063,673.918245
2025-10-17 22:58:32.123,106971.14,0.00045,48.137012999999996
2025-10-17 22:58:32.786,106971.14,0.00081,86.6466234
2025-10-17 22:58:32.897,106971.15,0.00047,50.27644049999999
2025-10-17 22:58:32.927,106971.15,0.00142,151.899033
2025-10-17 22:58:34.022,106971.15,0.0001,10.697115
2025-10-17 22:58:35.011,106971.14,0.0013,139.062482
2025-10-17 22:58:36.424,106971.14,6e-05,6.4182684000000005
2025-10-17 22:58:36.527,106971.15,1.98051,211857.4322865
2025-10-17 22:58:36.530,106971.15,0.46599,49847.4861885
2025-10-17 22:58:36.536,106971.15,0.10705,11451.2616075
2025-10-17 22:58:36.537,106971.31,0.0001,10.697131
2025-10-17 22:58:36.539,106974.42,0.0001,10.697442
2025-10-17 22:58:36.540,106975.34,0.00195,208.601913
2025-10-17 22:58:36.542,106980.0,5e-05,5.349
2025-10-17 22:58:36.543,106979.72,0.02893,3094.9232996
2025-10-17 22:58:36.545,106980.25,0.00021,22.4658525
2025-10-17 22:58:36.635,106986.88,0.00015,16.048032
2025-10-17 22:58:36.988,106988.25,9e-05,9.6289425
2025-10-17 22:58:37.813,106988.24,0.0001,10.698824000000002
2025-10-17 22:58:39.033,106988.25,0.00142,151.923315
2025-10-17 22:58:39.250,106988.25,0.00056,59.913419999999995
2025-10-17 22:58:39.363,106988.25,9e-05,9.6289425
2025-10-17 22:58:40.353,106988.25,0.00218,233.234385
2025-10-17 22:58:40.385,106988.24,0.00081,86.6604744
2025-10-17 22:58:40.624,106988.25,8e-05,8.55906
2025-10-17 22:58:40.686,106988.25,0.00236,252.49227000000002
2025-10-17 22:58:40.687,106988.25,0.05288,5657.53866
2025-10-17 22:58:40.688,106988.26,0.00075,80.241195
2025-10-17 22:58:40.690,106988.71,5e-05,5.3494355
2025-10-17 22:58:42.357,106989.16,0.00467,499.63937719999996
2025-10-17 22:58:42.359,106989.16,0.00134,143.3654744
2025-10-17 22:58:42.454,106989.16,0.00047,50.2849052
2025-10-17 22:58:42.603,106994.7,0.00023,24.608781
2025-10-17 22:58:43.414,106999.22,0.01011,1081.7621141999998
2025-10-17 22:58:43.453,106999.22,0.04989,5338.1910858
2025-10-17 22:58:43.662,106999.22,0.03979,4257.4989638
2025-10-17 22:58:43.711,106999.22,0.00257,274.9879954
2025-10-17 22:58:43.743,106999.23,0.00354,378.7772742
2025-10-17 22:58:43.752,106999.24,0.0017,181.898708
2025-10-17 22:58:43.815,107000.0,5e-05,5.3500000000000005
2025-10-17 22:58:44.965,107000.09,0.00047,50.290042299999996
2025-10-17 22:58:45.295,107000.1,0.00013,13.910013
2025-10-17 22:58:46.376,107000.1,0.00076,81.32007600000001
2025-10-17 22:58:47.418,107000.09,0.00013,13.910011699999998
2025-10-17 22:58:48.076,107000.1,0.00038,40.66003800000001
2025-10-17 22:58:48.655,107000.09,0.00073,78.11006569999999
2025-10-17 22:58:48.879,107000.1,0.00047,50.290047
2025-10-17 22:58:49.797,107000.09,0.00425,454.7503825
2025-10-17 22:58:49.891,107000.09,0.0002,21.400018
2025-10-17 22:58:50.169,107000.09,0.00657,702.9905913
2025-10-17 22:58:50.230,107000.1,0.00047,50.290047
2025-10-17 22:58:50.260,107000.09,0.00033,35.3100297
2025-10-17 22:58:50.783,107000.09,0.00057,60.9900513
2025-10-17 22:58:50.790,107000.1,0.00607,649.4906070000001
2025-10-17 22:58:51.633,107000.09,0.002,214.00018
2025-10-17 22:58:52.483,107000.1,0.00044,47.080044
2025-10-17 22:58:53.183,107000.1,0.00467,499.690467
2025-10-17 22:58:53.577,107000.1,6e-05,6.420006000000001
2025-10-17 22:58:54.317,107000.1,0.00181,193.670181
2025-10-17 22:58:54.657,107000.1,0.00573,613.110573
2025-10-17 22:58:55.590,107000.1,0.00026,27.820026
2025-10-17 22:58:56.030,107000.09,0.00428,457.96038519999996
2025-10-17 22:58:56.224,107000.09,0.01309,1400.6311781
2025-10-17 22:58:56.239,107000.1,0.00097,103.79009700000002
2025-10-17 22:58:56.343,107000.1,0.00052,55.640052
2025-10-17 22:58:56.672,107000.1,0.0014,149.80014
2025-10-17 22:58:58.309,107000.09,0.00349,373.4303141
2025-10-17 22:58:58.482,107000.1,0.00028,29.960027999999998
2025-10-17 22:58:59.446,107000.1,0.00047,50.290047
2025-10-17 22:58:59.831,107000.09,0.00102,109.14009180000001
2025-10-17 22:59:00.354,107000.09,0.00378,404.46034019999996
2025-10-17 22:59:00.527,107000.09,0.0038,406.600342
2025-10-17 22:59:01.001,107000.09,0.01839,1967.7316551
2025-10-17 22:59:01.433,107000.1,0.00614,656.980614
2025-10-17 22:59:01.578,107000.09,6e-05,6.4200054
2025-10-17 22:59:01.719,107000.1,0.00325,347.750325
2025-10-17 22:59:02.133,107000.1,9e-05,9.630009000000001
2025-10-17 22:59:02.279,107000.09,0.01209,1293.6310881
2025-10-17 22:59:02.627,107000.09,0.00069,73.83006209999999
2025-10-17 22:59:03.218,107000.09,0.01821,1948.4716389
2025-10-17 22:59:03.716,107000.09,0.00081,86.6700729
2025-10-17 22:59:03.882,107000.1,0.00106,113.420106
2025-10-17 22:59:03.997,107000.1,0.0014,149.80014
2025-10-17 22:59:04.018,107000.1,0.00069,73.830069
2025-10-17 22:59:04.513,107000.09,0.0005,53.500045
2025-10-17 22:59:05.810,107000.1,0.00214,228.98021400000002
2025-10-17 22:59:06.147,107000.1,0.00228,243.960228
2025-10-17 22:59:06.515,107000.09,0.00177,189.3901593
2025-10-17 22:59:06.532,107000.09,0.00186,199.0201674
2025-10-17 22:59:07.948,107000.1,0.00103,110.21010300000002
2025-10-17 22:59:07.988,107000.09,0.13561,14510.2822049
2025-10-17 22:59:08.390,107000.1,0.00107,114.49010700000001
2025-10-17 22:59:08.403,107000.09,0.00367,392.69033029999997
2025-10-17 22:59:09.015,107000.09,0.00085,90.9500765
2025-10-17 22:59:10.225,107000.1,0.00841,899.8708410000002
2025-10-17 22:59:10.480,107000.1,0.00048,51.360048000000006
2025-10-17 22:59:10.498,107000.09,0.00059,63.1300531
2025-10-17 22:59:10.905,107000.1,9e-05,9.630009000000001
2025-10-17 22:59:11.337,107000.1,0.00103,110.21010300000002
2025-10-17 22:59:11.719,107000.1,0.00037,39.590037
2025-10-17 22:59:12.340,107000.09,0.00373,399.11033569999995
2025-10-17 22:59:12.500,107000.09,0.00204,218.28018360000002
2025-10-17 22:59:13.582,107000.09,8e-05,8.560007200000001
2025-10-17 22:59:14.253,107000.09,0.00271,289.9702439
2025-10-17 22:59:15.433,107000.09,0.00195,208.6501755
2025-10-17 22:59:16.543,107000.09,0.00093,99.5100837
2025-10-17 22:59:16.974,107000.09,0.03681,3938.6733129
2025-10-17 22:59:18.009,107000.09,0.00019,20.3300171
2025-10-17 22:59:18.986,107000.09,0.00047,50.290042299999996
2025-10-17 22:59:19.162,107000.09,0.01226,1311.8211033999999
2025-10-17 22:59:20.539,107000.09,0.00047,50.290042299999996
2025-10-17 22:59:21.564,107000.09,0.0036,385.20032399999997
2025-10-17 22:59:21.590,107000.1,9e-05,9.630009000000001
2025-10-17 22:59:21.636,107000.1,0.00115,123.050115
2025-10-17 22:59:21.771,107000.09,0.00794,849.5807145999999
2025-10-17 22:59:21.938,107000.09,0.0007,74.900063
2025-10-17 22:59:22.346,107000.1,7e-05,7.490006999999999
2025-10-17 22:59:22.957,107000.1,6e-05,6.420006000000001
2025-10-17 22:59:24.843,107000.1,0.00105,112.350105
2025-10-17 22:59:25.740,107000.1,0.00013,13.910013
2025-10-17 22:59:26.439,107000.09,0.00155,165.85013949999998
2025-10-17 22:59:26.524,107000.1,0.00025,26.750025
2025-10-17 22:59:26.933,107000.09,0.00012,12.8400108
2025-10-17 22:59:27.648,107000.1,0.002,214.0002
2025-10-17 22:59:27.668,107000.09,0.00093,99.5100837
2025-10-17 22:59:29.319,107000.09,0.04469,4781.8340221
2025-10-17 22:59:29.553,107000.09,0.00047,50.290042299999996
2025-10-17 22:59:30.356,107000.09,0.31,33170.0279
2025-10-17 22:59:30.363,107000.1,0.00011,11.770011
2025-10-17 22:59:30.643,107000.09,0.012,1284.00108
2025-10-17 22:59:30.644,107000.09,0.012,1284.00108
2025-10-17 22:59:30.647,107000.09,0.24031,25713.1916279
2025-10-17 22:59:31.331,107000.1,0.00081,86.670081
2025-10-17 22:59:31.449,107000.1,0.00367,392.69036700000004
2025-10-17 22:59:31.541,107000.09,0.00011,11.7700099
2025-10-17 22:59:31.586,107000.09,9e-05,9.6300081
2025-10-17 22:59:31.590,107000.09,0.00036,38.5200324
2025-10-17 22:59:31.614,107000.09,0.00023,24.6100207
2025-10-17 22:59:32.054,107000.1,0.0009,96.30009
2025-10-17 22:59:32.118,107000.1,0.00107,114.49010700000001
2025-10-17 22:59:32.133,107000.09,0.012,1284.00108
2025-10-17 22:59:32.142,107000.09,0.012,1284.00108
2025-10-17 22:59:32.412,107000.1,0.00258,276.060258
2025-10-17 22:59:33.075,107000.09,0.0001,10.700009
2025-10-17 22:59:33.117,107000.1,0.00595,636.6505950000001
2025-10-17 22:59:33.205,107000.1,0.00047,50.290047
2025-10-17 22:59:33.568,107000.1,0.00821,878.4708210000001
2025-10-17 22:59:33.704,107000.09,0.00036,38.5200324
2025-10-17 22:59:34.472,107000.09,0.012,1284.00108
2025-10-17 22:59:34.571,107000.09,0.00014,14.980012599999998
2025-10-17 22:59:35.234,107000.09,0.01339,1432.7312051000001
2025-10-17 22:59:35.300,107000.09,0.00322,344.54028980000004
2025-10-17 22:59:36.178,107000.09,0.012,1284.00108
2025-10-17 22:59:36.617,107000.1,9e-05,9.630009000000001
2025-10-17 22:59:37.617,107000.09,0.0005,53.500045
2025-10-17 22:59:38.550,107000.09,0.12501,13376.0812509
2025-10-17 22:59:38.684,107000.1,5e-05,5.350005
2025-10-17 22:59:39.532,107000.09,0.00154,164.7801386
2025-10-17 22:59:40.285,107000.09,0.00015,16.0500135
2025-10-17 22:59:40.492,107000.09,0.00745,797.1506704999999
2025-10-17 22:59:40.501,107000.09,0.001,107.00009
2025-10-17 22:59:41.191,107000.1,0.0001,10.70001
2025-10-17 22:59:41.780,107000.1,0.0001,10.70001
2025-10-17 22:59:42.832,107000.1,0.00934,999.380934
2025-10-17 22:59:42.927,107000.1,0.00039,41.730039000000005
2025-10-17 22:59:43.162,107000.1,7e-05,7.490006999999999
2025-10-17 22:59:43.782,107000.09,7e-05,7.490006299999999
2025-10-17 22:59:44.262,107000.1,0.00267,285.690267
2025-10-17 22:59:45.233,107000.09,0.00186,199.0201674
2025-10-17 22:59:45.381,107000.1,0.00032,34.24003200000001
2025-10-17 22:59:45.787,107000.09,0.01869,1999.8316820999999
2025-10-17 22:59:46.191,107000.09,0.0081,866.7007289999999
2025-10-17 22:59:46.980,107000.09,0.00021,22.4700189
2025-10-17 22:59:47.332,107000.1,0.00017,18.190017
2025-10-17 22:59:49.055,107000.1,0.00029,31.030029000000003
2025-10-17 22:59:49.139,107000.09,0.00074,79.18006659999999
2025-10-17 22:59:49.753,107000.09,0.0007,74.900063
2025-10-17 22:59:50.035,107000.09,0.00066,70.6200594
2025-10-17 22:59:50.220,107000.09,0.00359,384.1303231
2025-10-17 22:59:50.837,107000.09,0.00175,187.2501575
2025-10-17 22:59:50.891,107000.1,0.00047,50.290047
2025-10-17 22:59:51.851,107000.1,0.00373,399.110373
2025-10-17 22:59:52.519,107000.09,0.00308,329.5602772
2025-10-17 22:59:53.575,107000.1,7e-05,7.490006999999999
2025-10-17 22:59:53.917,107000.09,7e-05,7.490006299999999
2025-10-17 22:59:55.341,107000.1,0.00047,50.290047
2025-10-17 22:59:55.558,107000.09,0.001,107.00009
2025-10-17 22:59:56.429,107000.09,0.00093,99.5100837
2025-10-17 22:59:56.585,107000.09,9e-05,9.6300081
2025-10-17 22:59:56.712,107000.09,0.00442,472.9403978
2025-10-17 22:59:56.842,107000.09,8e-05,8.560007200000001
2025-10-17 22:59:57.131,107000.1,0.00035,37.450035
2025-10-17 22:59:58.207,107000.09,0.19213,20557.927291699998
2025-10-17 22:59:58.871,107000.1,0.02326,2488.822326
2025-10-17 22:59:58.940,107000.1,0.1759,18821.317590000002
2025-10-17 22:59:59.269,107000.09,0.012,1284.00108
2025-10-17 22:59:59.271,107000.09,0.012,1284.00108
2025-10-17 22:59:59.668,107000.1,0.00801,857.0708010000001
2025-10-17 23:00:00.390,107000.09,0.00078,83.46007019999999
2025-10-17 23:00:00.409,107000.09,0.013,1391.00117
2025-10-17 23:00:00.499,107000.09,0.00467,499.69042029999997
2025-10-17 23:00:00.577,107000.1,5e-05,5.350005
2025-10-17 23:00:01.092,107000.09,0.31412,33610.8682708
2025-10-17 23:00:01.094,107000.09,0.01827,1954.8916443
2025-10-17 23:00:01.095,107000.09,0.15187,16250.1036683
2025-10-17 23:00:01.098,107000.09,0.025,2675.00225
2025-10-17 23:00:01.099,107000.09,0.19421,20780.4874789
2025-10-17 23:00:01.100,107000.09,0.08625,9228.7577625
2025-10-17 23:00:01.101,107000.09,0.02587,2768.0923283
2025-10-17 23:00:01.103,107000.09,0.007,749.00063
2025-10-17 23:00:01.104,107000.09,0.17721,18961.4859489
2025-10-17 23:00:01.105,107000.09,0.00035,37.4500315
2025-10-17 23:00:01.106,107000.09,0.01605,1717.3514444999998
2025-10-17 23:00:01.107,107000.09,0.012,1284.00108
2025-10-17 23:00:01.108,107000.09,0.01696,1814.7215264
2025-10-17 23:00:01.109,107000.09,0.02493,2667.5122437
2025-10-17 23:00:01.110,107000.09,0.02116,2264.1219044
2025-10-17 23:00:01.111,107000.09,0.01746,1868.2215714
2025-10-17 23:00:01.114,106998.79,5e-05,5.3499395
2025-10-17 23:00:01.115,106998.72,0.02803,2999.1741216
2025-10-17 23:00:01.135,106993.98,0.00575,615.215385
2025-10-17 23:00:01.137,106993.68,0.00327,349.86933359999995
2025-10-17 23:00:01.155,106990.74,0.0009,96.291666
2025-10-17 23:00:01.159,106990.04,0.00539,576.6763156
2025-10-17 23:00:01.193,106990.04,0.00095,101.64053799999999
2025-10-17 23:00:01.236,106988.82,0.08,8559.1056
2025-10-17 23:00:01.237,106988.82,0.1299,13897.847717999999
2025-10-17 23:00:01.239,106988.27,5e-05,5.349413500000001
2025-10-17 23:00:01.299,106985.47,0.00015,16.0478205
2025-10-17 23:00:01.301,106985.46,0.00025,26.746365
2025-10-17 23:00:01.303,106985.46,0.00135,144.430371
2025-10-17 23:00:01.468,106985.47,8e-05,8.5588376
2025-10-17 23:00:02.516,106985.47,0.00116,124.1031452
2025-10-17 23:00:02.704,106985.47,0.00014,14.977965799999998
2025-10-17 23:00:02.925,106985.47,0.00067,71.6802649
2025-10-17 23:00:03.150,106985.46,0.0028,299.55928800000004
2025-10-17 23:00:03.162,106985.47,0.00045,48.1434615
2025-10-17 23:00:03.304,106985.47,0.00092,98.4266324
2025-10-17 23:00:03.443,106985.46,0.00095,101.636187
2025-10-17 23:00:03.517,106985.46,0.00047,50.283166200000004
2025-10-17 23:00:03.569,106985.47,0.00138,147.6399486
2025-10-17 23:00:04.881,106985.46,0.012,1283.82552
2025-10-17 23:00:04.895,106983.49,0.00105,112.33266449999999
2025-10-17 23:00:04.916,106983.16,0.0012,128.37979199999998
2025-10-17 23:00:04.948,106979.08,0.00047,50.2801676
2025-10-17 23:00:05.027,106979.06,7e-05,7.488534199999999
2025-10-17 23:00:05.253,106979.05,0.0212,2267.95586
2025-10-17 23:00:05.291,106979.05,0.0005,53.489525
2025-10-17 23:00:05.347,106979.06,0.00094,100.56031639999999
2025-10-17 23:00:06.201,106979.05,0.00019,20.3260195
2025-10-17 23:00:07.949,106979.05,0.00115,123.0259075
2025-10-17 23:00:08.388,106979.06,0.00046,49.2103676
2025-10-17 23:00:08.561,106979.06,0.00047,50.280158199999995
2025-10-17 23:00:08.723,106979.05,0.00093,99.49051650000001
2025-10-17 23:00:09.280,106979.06,4e-05,4.279162400000001
2025-10-17 23:00:09.998,106979.05,0.012,1283.7486000000001
2025-10-17 23:00:09.999,106979.05,0.012,1283.7486000000001
2025-10-17 23:00:10.000,106979.05,0.012,1283.7486000000001
2025-10-17 23:00:10.192,106979.05,0.00029,31.0239245
2025-10-17 23:00:10.785,106979.06,0.0022,235.35393200000001
2025-10-17 23:00:11.252,106979.06,0.00012,12.8374872
2025-10-17 23:00:11.710,106979.06,0.0007,74.885342
2025-10-17 23:00:11.778,106979.05,0.00027,28.8843435
2025-10-17 23:00:12.032,106979.06,0.00199,212.8883294
2025-10-17 23:00:12.409,106979.06,6e-05,6.4187436
2025-10-17 23:00:12.450,106979.05,0.00044,47.070782
2025-10-17 23:00:12.872,106979.06,0.0003,32.093717999999996
2025-10-17 23:00:15.959,106979.06,0.0043,460.009958
2025-10-17 23:00:17.571,106979.06,0.00057,60.9780642
2025-10-17 23:00:18.026,106979.05,0.00011,11.7676955
2025-10-17 23:00:18.050,106979.05,0.00026,27.814553
2025-10-17 23:00:18.264,106979.06,0.00014,14.977068399999999
2025-10-17 23:00:18.824,106979.05,9e-05,9.6281145
2025-10-17 23:00:18.986,106979.06,4e-05,4.279162400000001
2025-10-17 23:00:19.170,106979.06,0.00021,22.4656026
2025-10-17 23:00:19.644,106979.05,0.00013,13.9072765
2025-10-17 23:00:19.817,106979.06,0.00273,292.0528338
2025-10-17 23:00:20.022,106979.05,0.00045,48.1405725
2025-10-17 23:00:20.043,106979.05,0.00079,84.51344950000001
2025-10-17 23:00:20.149,106979.06,0.00121,129.4446626
2025-10-17 23:00:20.191,106979.05,0.00065,69.5363825
2025-10-17 23:00:20.839,106979.05,0.00111,118.74674550000002
2025-10-17 23:00:20.999,106979.05,0.00047,50.2801535
2025-10-17 23:00:21.108,106979.05,0.01649,1764.0845345000002
2025-10-17 23:00:21.491,106979.06,0.00046,49.2103676
2025-10-17 23:00:21.732,106979.06,0.00042,44.9312052
2025-10-17 23:00:21.832,106979.05,0.00033,35.3030865
2025-10-17 23:00:21.882,106979.05,0.00055,58.8384775
2025-10-17 23:00:22.417,106979.06,0.00053,56.698901799999994
2025-10-17 23:00:22.440,106979.06,0.0001,10.697906
2025-10-17 23:00:22.525,106979.05,0.00226,241.772653
2025-10-17 23:00:22.819,106979.06,0.00031,33.1635086
2025-10-17 23:00:23.105,106979.05,0.012,1283.7486000000001
2025-10-17 23:00:23.111,106977.11,0.03991,4269.4564601
2025-10-17 23:00:23.132,106977.11,0.012,1283.72532
2025-10-17 23:00:23.144,106977.11,0.01056,1129.6782816
2025-10-17 23:00:24.044,106977.12,0.00017,18.1861104
2025-10-17 23:00:24.119,106977.12,0.00881,942.4684272
2025-10-17 23:00:24.296,106977.11,0.00459,491.02493490000006
2025-10-17 23:00:24.354,106977.11,0.012,1283.72532
2025-10-17 23:00:24.396,106977.11,0.012,1283.72532
2025-10-17 23:00:24.398,106977.11,0.012,1283.72532
2025-10-17 23:00:24.522,106977.11,0.02457,2628.4275927000003
2025-10-17 23:00:24.538,106977.11,0.0007,74.883977
2025-10-17 23:00:25.110,106977.12,0.00013,13.907025599999999
2025-10-17 23:00:25.449,106977.11,0.00047,50.2792417
2025-10-17 23:00:25.566,106977.12,0.00081,86.65146719999998
2025-10-17 23:00:25.649,106977.11,0.02087,2232.6122857
2025-10-17 23:00:26.147,106977.11,0.00455,486.7458505
2025-10-17 23:00:26.166,106977.12,0.00013,13.907025599999999
2025-10-17 23:00:27.193,106977.12,5e-05,5.348856
2025-10-17 23:00:27.733,106977.12,0.00402,430.0480224
2025-10-17 23:00:28.016,106977.12,6e-05,6.4186271999999995
2025-10-17 23:00:28.581,106977.12,0.01174,1255.9113888
2025-10-17 23:00:28.833,106977.12,0.00014,14.976796799999999
2025-10-17 23:00:29.081,106977.11,7e-05,7.488397699999999
2025-10-17 23:00:29.413,106977.11,0.0017,181.861087
2025-10-17 23:00:29.487,106977.12,0.00134,143.3493408
2025-10-17 23:00:29.929,106977.11,0.00555,593.7229605
2025-10-17 23:00:30.879,106977.12,0.00026,27.814051199999998
2025-10-17 23:00:30.954,106977.11,0.00184,196.8378824
2025-10-17 23:00:31.274,106977.12,0.00014,14.976796799999999
2025-10-17 23:00:31.582,106977.11,0.0001,10.697711
2025-10-17 23:00:32.091,106977.12,0.056,5990.71872
2025-10-17 23:00:33.982,106977.12,0.0001,10.697712
2025-10-17 23:00:34.631,106977.11,0.001,106.97711
2025-10-17 23:00:35.648,106977.11,0.00045,48.1396995
2025-10-17 23:00:35.732,106977.11,0.00019,20.325650900000003
2025-10-17 23:00:35.912,106977.11,0.00113,120.8841343
2025-10-17 23:00:36.055,106977.11,0.32,34232.6752
2025-10-17 23:00:36.057,106977.11,0.00224,239.62872639999998
2025-10-17 23:00:36.059,106977.1,0.012,1283.7252
2025-10-17 23:00:36.063,106972.47,0.0001,10.697247
2025-10-17 23:00:36.064,106966.45,5e-05,5.3483225
2025-10-17 23:00:36.067,106965.12,0.00764,817.2135168
2025-10-17 23:00:36.204,106965.13,0.00756,808.6563828000001
2025-10-17 23:00:36.526,106965.12,0.00187,200.02477439999998
2025-10-17 23:00:36.530,106965.12,0.00026,27.810931199999995
2025-10-17 23:00:37.210,106965.13,0.00043,45.9950059
2025-10-17 23:00:37.291,106965.13,0.00019,20.323374700000002
2025-10-17 23:00:37.312,106965.13,0.00019,20.323374700000002
2025-10-17 23:00:37.418,106965.13,0.00029,31.0198877
2025-10-17 23:00:37.462,106965.13,0.00019,20.323374700000002
2025-10-17 23:00:37.539,106965.13,0.00106,113.3830378
2025-10-17 23:00:37.592,106965.13,0.01525,1631.2182325
2025-10-17 23:00:37.717,106965.13,0.00024,25.6716312
2025-10-17 23:00:38.165,106965.13,0.00029,31.0198877
2025-10-17 23:00:38.170,106965.12,0.00023,24.6019776
2025-10-17 23:00:38.387,106965.12,0.00136,145.4725632
2025-10-17 23:00:38.662,106965.13,0.00051,54.552216300000005
2025-10-17 23:00:38.669,106965.12,0.00047,50.2736064
2025-10-17 23:00:39.485,106965.13,0.00019,20.323374700000002
2025-10-17 23:00:39.495,106965.13,0.00296,316.6167848
2025-10-17 23:00:39.517,106965.13,0.00142,151.8904846
2025-10-17 23:00:39.596,106965.13,0.00441,471.7162233
2025-10-17 23:00:39.819,106965.13,0.00012,12.8358156
2025-10-17 23:00:39.962,106965.12,0.07473,7993.5034176
2025-10-17 23:00:40.019,106965.13,0.0001,10.696513000000001
2025-10-17 23:00:40.517,106965.13,8e-05,8.5572104
2025-10-17 23:00:41.113,106965.13,0.00187,200.0247931
2025-10-17 23:00:41.188,106965.13,0.00047,50.273611100000004
2025-10-17 23:00:41.217,106965.13,0.00012,12.8358156
2025-10-17 23:00:41.676,106965.13,0.00053,56.6915189
2025-10-17 23:00:42.410,106965.13,0.00378,404.32819140000004
2025-10-17 23:00:44.138,106965.13,0.00345,369.0296985
2025-10-17 23:00:44.403,106965.12,0.00748,800.0990975999999
2025-10-17 23:00:45.345,106965.13,9e-05,9.626861700000001
2025-10-17 23:00:45.611,106965.13,0.00023,24.601979900000003
2025-10-17 23:00:46.117,106965.13,0.00135,144.4029255
2025-10-17 23:00:46.512,106965.13,0.00019,20.323374700000002
2025-10-17 23:00:46.733,106965.13,8e-05,8.5572104
2025-10-17 23:00:46.738,106965.13,0.003,320.89539
2025-10-17 23:00:46.840,106965.12,9e-05,9.6268608
2025-10-17 23:00:46.869,106965.13,7e-05,7.4875590999999995
2025-10-17 23:00:46.943,106965.13,9e-05,9.626861700000001
2025-10-17 23:00:47.081,106965.13,0.0001,10.696513000000001
2025-10-17 23:00:48.175,106965.13,0.00935,1000.1239655000002
2025-10-17 23:00:48.827,106965.13,0.00047,50.273611100000004
2025-10-17 23:00:50.748,106965.12,0.00064,68.4576768
2025-10-17 23:00:50.842,106965.13,0.00288,308.05957440000003
2025-10-17 23:00:51.023,106965.13,0.00046,49.20395980000001
2025-10-17 23:00:51.130,106965.12,0.00722,772.2881663999999
2025-10-17 23:00:51.883,106965.13,0.00083,88.78105790000001
2025-10-17 23:00:52.154,106965.13,0.00047,50.273611100000004
2025-10-17 23:00:52.195,106965.12,0.00113,120.87058559999998
2025-10-17 23:00:52.196,106965.12,0.00113,120.87058559999998
2025-10-17 23:00:52.256,106965.12,0.00263,281.31826559999996
2025-10-17 23:00:52.346,106965.13,0.0003,32.089539
2025-10-17 23:00:52.562,106965.13,7e-05,7.4875590999999995
2025-10-17 23:00:53.742,106965.12,9e-05,9.6268608
2025-10-17 23:00:53.955,106965.13,0.00044,47.064657200000006
2025-10-17 23:00:54.333,106965.12,0.00089,95.19895679999999
2025-10-17 23:00:54.378,106965.13,0.00047,50.273611100000004
2025-10-17 23:00:54.523,106965.13,0.00024,25.6716312
2025-10-17 23:00:55.499,106965.13,0.04674,4999.550176199999
2025-10-17 23:00:56.034,106965.13,0.0035,374.37795500000004
2025-10-17 23:00:56.467,106965.12,7e-05,7.487558399999999
2025-10-17 23:00:56.517,106965.13,0.00012,12.8358156
2025-10-17 23:00:56.536,106965.13,0.00032,34.2288416
2025-10-17 23:00:56.779,106965.13,0.002,213.93026
2025-10-17 23:00:56.953,106965.12,0.00135,144.40291200000001
2025-10-17 23:00:57.420,106965.12,0.00423,452.4624576
2025-10-17 23:00:58.405,106965.12,9e-05,9.6268608
2025-10-17 23:00:58.433,106965.13,0.00093,99.4775709
2025-10-17 23:00:58.726,106965.12,0.00014,14.975116799999999
2025-10-17 23:00:59.215,106965.12,0.19427,20780.113862399998
2025-10-17 23:01:00.466,106965.12,0.0003,32.089535999999995
2025-10-17 23:01:00.483,106965.13,0.00047,50.273611100000004
2025-10-17 23:01:00.540,106965.13,0.00024,25.6716312
2025-10-17 23:01:00.774,106965.12,0.06177,6607.2354624
2025-10-17 23:01:01.000,106965.12,0.00093,99.4775616
2025-10-17 23:01:01.069,106965.13,8e-05,8.5572104
2025-10-17 23:01:01.747,106965.13,0.00367,392.5620271
2025-10-17 23:01:01.847,106965.13,0.00022,23.532328600000003
2025-10-17 23:01:02.672,106965.13,0.00094,100.54722220000001
2025-10-17 23:01:02.932,106965.13,0.00055,58.830821500000006
2025-10-17 23:01:03.220,106965.13,0.00262,280.2486406
2025-10-17 23:01:03.487,106965.12,0.0048,513.4325759999999
2025-10-17 23:01:03.645,106965.12,9e-05,9.6268608
2025-10-17 23:01:03.981,106965.12,0.00396,423.58187519999996
2025-10-17 23:01:04.379,106965.13,0.00018,19.253723400000002
2025-10-17 23:01:04.982,106965.12,0.00043,45.995001599999995
2025-10-17 23:01:05.698,106965.12,0.00398,425.7211776
2025-10-17 23:01:05.800,106965.12,0.00964,1031.1437568
2025-10-17 23:01:06.084,106965.13,0.0014,149.751182
2025-10-17 23:01:07.482,106965.12,7e-05,7.487558399999999
2025-10-17 23:01:08.069,106965.12,0.0001,10.696512
2025-10-17 23:01:09.073,106965.12,0.00117,125.1491904
2025-10-17 23:01:10.027,106965.12,0.00028,29.950233599999997
2025-10-17 23:01:10.032,106965.13,6e-05,6.4179078
2025-10-17 23:01:10.377,106965.13,0.00328,350.8456264
2025-10-17 23:01:11.572,106965.13,0.00016,17.1144208
2025-10-17 23:01:11.577,106965.12,9e-05,9.6268608
2025-10-17 23:01:12.210,106965.13,0.00197,210.7213061
2025-10-17 23:01:12.311,106965.13,0.00027,28.8805851
2025-10-17 23:01:12.921,106965.12,0.0371,3968.405952
2025-10-17 23:01:12.941,106965.13,0.00055,58.830821500000006
2025-10-17 23:01:13.414,106965.12,0.28056,30010.134067199997
2025-10-17 23:01:13.576,106965.12,0.0187,2000.247744
2025-10-17 23:01:14.595,106965.13,0.00135,144.4029255
2025-10-17 23:01:15.757,106965.12,0.1,10696.512
2025-10-17 23:01:15.778,106965.12,7e-05,7.487558399999999
2025-10-17 23:01:17.717,106965.12,9e-05,9.6268608
2025-10-17 23:01:18.935,106965.12,0.00047,50.2736064
2025-10-17 23:01:19.018,106965.13,0.0001,10.696513000000001
2025-10-17 23:01:19.825,106965.13,0.00018,19.253723400000002
2025-10-17 23:01:20.406,106965.13,0.00934,999.0543142
2025-10-17 23:01:20.433,106965.12,0.00013,13.905465599999998
2025-10-17 23:01:20.481,106965.12,0.00097,103.7561664
2025-10-17 23:01:21.460,106965.13,0.00751,803.3081263
2025-10-17 23:01:22.905,106965.13,0.02144,2293.3323872
2025-10-17 23:01:24.160,106965.13,0.00014,14.975118199999999
2025-10-17 23:01:24.485,106965.12,0.00047,50.2736064
2025-10-17 23:01:24.952,106965.13,0.00013,13.905466899999999
2025-10-17 23:01:25.347,106965.13,0.00022,23.532328600000003
2025-10-17 23:01:25.812,106965.12,0.08397,8981.8611264
2025-10-17 23:01:26.282,106965.13,0.00029,31.0198877
2025-10-17 23:01:26.412,106965.13,0.00015,16.0447695
2025-10-17 23:01:26.998,106965.13,0.00047,50.273611100000004
2025-10-17 23:01:27.122,106965.13,0.00017,18.1840721
2025-10-17 23:01:27.703,106965.12,0.00012,12.8358144
2025-10-17 23:01:28.077,106965.13,5e-05,5.348256500000001
2025-10-17 23:01:28.382,106965.13,5e-05,5.348256500000001
2025-10-17 23:01:28.457,106965.13,0.00012,12.8358156
2025-10-17 23:01:28.538,106965.12,0.0482,5155.718784
2025-10-17 23:01:28.717,106965.13,0.01346,1439.7506498
2025-10-17 23:01:29.084,106965.12,0.00773,826.8403775999999
2025-10-17 23:01:29.185,106965.12,0.0028,299.50233599999996
2025-10-17 23:01:29.259,106965.13,0.00041,43.8557033
2025-10-17 23:01:29.420,106965.13,0.00047,50.273611100000004
2025-10-17 23:01:29.601,106965.13,0.00047,50.273611100000004
2025-10-17 23:01:29.720,106965.13,0.00026,27.810933799999997
2025-10-17 23:01:29.958,106965.13,6e-05,6.4179078
2025-10-17 23:01:30.091,106965.12,0.0164,1754.2279680000001
2025-10-17 23:01:30.303,106965.18,0.03828,4094.6270904
2025-10-17 23:01:30.401,106965.18,0.17468,18684.677642399998
2025-10-17 23:01:30.403,106965.18,0.14632,15651.1451376
2025-10-17 23:01:30.405,106967.69,5e-05,5.348384500000001
2025-10-17 23:01:30.415,106968.31,0.0013,139.05880299999998
2025-10-17 23:01:30.466,106969.4,0.00556,594.749864
2025-10-17 23:01:30.468,106969.99,5e-05,5.348499500000001
2025-10-17 23:01:30.471,106970.47,0.03098,3313.9451606000002
2025-10-17 23:01:30.473,106970.47,0.00081,86.6460807
2025-10-17 23:01:30.474,106971.54,0.00557,595.8314778
2025-10-17 23:01:30.477,106971.54,0.00038,40.6491852
2025-10-17 23:01:30.478,106971.54,0.00059,63.1132086
2025-10-17 23:01:30.480,106971.54,0.00047,50.276623799999996
2025-10-17 23:01:30.482,106971.55,0.0008,85.57724
2025-10-17 23:01:30.484,106971.55,0.00023,24.6034565
2025-10-17 23:01:30.485,106971.56,0.00031,33.1611836
2025-10-17 23:01:30.486,106971.56,0.00054,57.7646424
2025-10-17 23:01:30.493,106973.65,0.0014,149.76310999999998
2025-10-17 23:01:30.497,106975.0,0.00025,26.743750000000002
2025-10-17 23:01:30.499,106975.0,0.00064,68.464
2025-10-17 23:01:30.500,106975.83,0.00218,233.2073094
2025-10-17 23:01:30.501,106975.83,0.00082,87.7201806
2025-10-17 23:01:30.503,106976.84,0.0007,74.883788
2025-10-17 23:01:30.507,106977.21,0.00015,16.0465815
2025-10-17 23:01:30.509,106979.48,5e-05,5.348974
2025-10-17 23:01:30.512,106983.07,0.01499,1603.6762193000002
2025-10-17 23:01:30.514,106983.07,0.01812,1938.5332284
2025-10-17 23:01:30.592,106983.06,0.00047,50.282038199999995
2025-10-17 23:01:30.606,106983.06,0.0013,139.077978
2025-10-17 23:01:30.646,106983.07,0.00013,13.9077991
2025-10-17 23:01:31.137,106983.06,0.00164,175.4522184
2025-10-17 23:01:31.191,106983.07,0.00134,143.35731380000001
2025-10-17 23:01:31.215,106983.07,0.00292,312.3905644
2025-10-17 23:01:31.379,106983.08,0.00012,12.837969600000001
2025-10-17 23:01:31.668,106983.08,0.0045,481.42386
2025-10-17 23:01:31.690,106986.26,0.0005,53.49313
2025-10-17 23:01:31.962,106986.25,0.00135,144.43143750000002
2025-10-17 23:01:32.652,106986.26,0.00047,50.2835422
2025-10-17 23:01:33.095,106986.25,0.00063,67.4013375
2025-10-17 23:01:33.526,106986.25,0.0008,85.589
2025-10-17 23:01:33.669,106986.26,0.00018,19.2575268
2025-10-17 23:01:34.539,106986.26,0.00035,37.445191
2025-10-17 23:01:35.900,106986.26,0.00012,12.8383512
2025-10-17 23:01:36.682,106986.26,0.00013,13.908213799999999
2025-10-17 23:01:37.547,106986.26,8e-05,8.5589008
2025-10-17 23:01:37.888,106986.26,0.00134,143.3615884
2025-10-17 23:01:38.667,106986.26,0.00035,37.445191
2025-10-17 23:01:39.172,106986.25,9e-05,9.6287625
2025-10-17 23:01:39.262,106986.26,0.00141,150.8506266
2025-10-17 23:01:39.990,106986.26,0.0001,10.698626
2025-10-17 23:01:40.348,106986.25,0.00134,143.36157500000002
2025-10-17 23:01:40.432,106986.26,0.00357,381.9409482
2025-10-17 23:01:40.531,106986.25,0.54987,58828.529287499994
2025-10-17 23:01:41.314,106986.25,0.00718,768.1612749999999
2025-10-17 23:01:42.246,106986.26,0.00186,198.9944436
2025-10-17 23:01:42.769,106986.25,0.0003,32.095875
2025-10-17 23:01:43.575,106986.26,0.00916,979.9941415999999
2025-10-17 23:01:43.862,106986.26,0.00017,18.1876642
2025-10-17 23:01:43.923,106986.25,0.00014,14.978074999999999
2025-10-17 23:01:43.938,106986.26,0.00011,11.7684886
2025-10-17 23:01:44.023,106986.26,0.00048,51.3534048
2025-10-17 23:01:44.033,106986.26,0.00011,11.7684886
2025-10-17 23:01:44.064,106986.25,0.00025,26.7465625
2025-10-17 23:01:44.182,106986.26,9e-05,9.6287634
2025-10-17 23:01:44.620,106986.25,0.00934,999.2515749999999
2025-10-17 23:01:44.947,106986.26,0.00011,11.7684886
2025-10-17 23:01:45.482,106986.26,0.00025,26.746565
2025-10-17 23:01:45.613,106986.26,0.00264,282.4437264
2025-10-17 23:01:45.662,106986.26,0.00101,108.0561226
2025-10-17 23:01:45.915,106989.16,0.00015,16.048374
2025-10-17 23:01:46.083,106987.83,0.00011,11.7686613
2025-10-17 23:01:46.681,106987.83,0.00058,62.0529414
2025-10-17 23:01:46.762,106987.83,0.00022,23.5373226
2025-10-17 23:01:46.764,106987.83,0.00036,38.515618800000006
2025-10-17 23:01:46.843,106987.83,0.00022,23.5373226
2025-10-17 23:01:47.071,106989.24,0.00015,16.048386
2025-10-17 23:01:47.110,106989.25,0.00053,56.7043025
2025-10-17 23:01:47.243,106989.24,0.10964,11730.3002736
2025-10-17 23:01:47.315,106989.25,0.00228,243.93549
2025-10-17 23:01:47.424,106989.26,0.0009,96.29033399999999
2025-10-17 23:01:48.324,106989.26,0.00023,24.6075298
2025-10-17 23:01:48.620,106989.26,0.00022,23.5376372
2025-10-17 23:01:48.920,106989.25,0.00039,41.7258075
2025-10-17 23:01:49.261,106989.25,0.00467,499.6397975
2025-10-17 23:01:49.485,106989.26,0.00022,23.5376372
2025-10-17 23:01:50.110,106989.26,0.00243,259.98390179999996
2025-10-17 23:01:50.155,106989.26,0.00117,125.1774342
2025-10-17 23:01:50.248,106989.26,0.00106,113.40861559999999
2025-10-17 23:01:50.362,106989.26,0.00022,23.5376372
2025-10-17 23:01:50.852,106989.26,0.0075,802.41945
2025-10-17 23:01:51.212,106989.26,0.00011,11.7688186
2025-10-17 23:01:51.266,106989.26,0.00118,126.2473268
2025-10-17 23:01:51.584,106989.25,8e-05,8.559140000000001
2025-10-17 23:01:51.680,106989.26,0.00027,28.8871002
2025-10-17 23:01:51.823,106989.26,0.00158,169.0430308
2025-10-17 23:01:51.939,106989.26,0.00053,56.704307799999995
2025-10-17 23:01:52.133,106989.25,0.0001,10.698925000000001
2025-10-17 23:01:52.262,106989.26,0.00053,56.704307799999995
2025-10-17 23:01:52.281,106989.26,0.00027,28.8871002
2025-10-17 23:01:52.412,106989.26,0.00071,75.9623746
2025-10-17 23:01:52.434,106989.25,0.02707,2896.1989975
2025-10-17 23:01:52.468,106989.26,0.00053,56.704307799999995
2025-10-17 23:01:52.577,106989.26,4e-05,4.2795704
2025-10-17 23:01:53.143,106989.26,7e-05,7.489248199999999
2025-10-17 23:01:53.419,106989.26,0.00325,347.71509499999996
2025-10-17 23:01:53.484,106989.25,0.00175,187.2311875
2025-10-17 23:01:53.510,106989.26,0.0017,181.88174199999997
2025-10-17 23:01:53.676,106989.26,9e-05,9.6290334
2025-10-17 23:01:54.958,106989.25,0.09315,9966.0486375
2025-10-17 23:01:55.764,106989.26,0.00385,411.908651
2025-10-17 23:01:55.841,106989.26,0.03168,3389.4197568
2025-10-17 23:01:55.865,106989.25,8e-05,8.559140000000001
2025-10-17 23:01:55.904,106989.26,6e-05,6.4193556
2025-10-17 23:01:56.658,106989.25,0.00082,87.731185
2025-10-17 23:01:57.391,106989.26,0.00685,732.876431
2025-10-17 23:01:57.909,106989.26,0.01299,1389.7904873999998
2025-10-17 23:01:58.060,106989.25,0.00354,378.74194500000004
2025-10-17 23:01:58.638,106989.26,0.00211,225.74733859999998
2025-10-17 23:01:59.316,106989.26,0.00011,11.7688186
2025-10-17 23:01:59.528,106989.25,0.00047,50.2849475
2025-10-17 23:01:59.710,106989.25,0.00047,50.2849475
2025-10-17 23:02:00.358,106989.26,0.00037,39.5860262
2025-10-17 23:02:00.772,106989.26,0.0001,10.698926
2025-10-17 23:02:01.549,106989.25,0.0007,74.892475
2025-10-17 23:02:01.550,106989.25,0.17157,18356.1456225
2025-10-17 23:02:01.552,106989.25,0.32,34236.56
2025-10-17 23:02:01.553,106989.25,0.05132,5490.68831
2025-10-17 23:02:01.554,106989.25,0.02199,2352.6936075
2025-10-17 23:02:01.555,106989.15,0.036,3851.6093999999994
2025-10-17 23:02:01.556,106987.84,0.00818,875.1605311999999
2025-10-17 23:02:01.557,106987.84,0.24117,25802.2573728
2025-10-17 23:02:01.563,106986.25,0.0028,299.5615
2025-10-17 23:02:01.564,106986.25,0.0267,2856.5328750000003
2025-10-17 23:02:01.565,106986.25,0.0005,53.493125
2025-10-17 23:02:01.566,106986.25,0.06022,6442.711975
2025-10-17 23:02:01.567,106986.25,0.012,1283.835
2025-10-17 23:02:01.568,106983.58,0.0001,10.698358
2025-10-17 23:02:01.569,106983.07,0.00318,340.2061626
2025-10-17 23:02:01.576,106979.84,0.00148,158.3301632
2025-10-17 23:02:01.582,106979.21,0.00934,999.1858214
2025-10-17 23:02:01.588,106979.21,0.0012,128.37505199999998
2025-10-17 23:02:01.597,106979.22,0.00047,50.2802334
2025-10-17 23:02:01.604,106974.81,5e-05,5.3487405
2025-10-17 23:02:01.622,106968.31,0.00233,249.2361623
2025-10-17 23:02:01.623,106968.31,0.0006,64.18098599999999
2025-10-17 23:02:01.624,106968.09,0.0001,10.696809
2025-10-17 23:02:01.637,106965.12,0.00935,1000.123872
2025-10-17 23:02:01.644,106965.12,0.02839,3036.7397567999997
2025-10-17 23:02:01.645,106955.31,0.00968,1035.3274007999999
2025-10-17 23:02:01.646,106955.31,0.0088,941.206728
2025-10-17 23:02:01.654,106954.25,0.00935,1000.0222375000001
2025-10-17 23:02:01.737,106954.26,0.003,320.86278
2025-10-17 23:02:02.397,106954.26,0.00047,50.26850219999999
2025-10-17 23:02:02.760,106954.25,0.00047,50.268497499999995
2025-10-17 23:02:03.882,106954.25,0.00039,41.712157499999996
2025-10-17 23:02:04.971,106954.26,0.0007,74.867982
2025-10-17 23:02:05.132,106954.26,0.00093,99.4674618
2025-10-17 23:02:05.551,106954.26,0.00014,14.973596399999998
2025-10-17 23:02:05.671,106954.25,0.00026,27.808104999999998
2025-10-17 23:02:05.721,106954.26,0.00935,1000.022331
2025-10-17 23:02:06.352,106954.25,0.012,1283.451
2025-10-17 23:02:06.362,106954.25,0.012,1283.451
2025-10-17 23:02:06.787,106954.26,0.00047,50.26850219999999
2025-10-17 23:02:07.500,106954.26,7e-05,7.486798199999999
2025-10-17 23:02:07.825,106954.26,0.00066,70.58981159999999
2025-10-17 23:02:07.836,106954.26,0.00017,18.1822242
2025-10-17 23:02:08.785,106954.26,0.00467,499.47639419999996
2025-10-17 23:02:08.884,106954.25,0.00014,14.973595
2025-10-17 23:02:10.195,106954.26,0.30593,32720.516761799998
2025-10-17 23:02:10.287,106954.26,0.00092,98.3979192
2025-10-17 23:02:10.569,106950.0,0.04,4278.0
2025-10-17 23:02:10.570,106950.0,0.08,8556.0
2025-10-17 23:02:10.572,106950.0,0.05144,5501.508
2025-10-17 23:02:10.573,106950.0,0.1124,12021.18
2025-10-17 23:02:10.574,106949.98,0.00384,410.6879232
2025-10-17 23:02:10.575,106947.75,6e-05,6.4168650000000005
2025-10-17 23:02:10.577,106941.96,0.0001,10.694196000000002
2025-10-17 23:02:10.578,106937.05,0.002,213.8741
2025-10-17 23:02:10.579,106935.8,0.0025,267.3395
2025-10-17 23:02:10.585,106943.03,5e-05,5.3471515
2025-10-17 23:02:10.588,106932.68,0.0027,288.718236
2025-10-17 23:02:10.589,106932.56,5e-05,5.346628
2025-10-17 23:02:10.771,106932.69,0.00815,871.5014235
2025-10-17 23:02:10.851,106932.7,0.00104,111.21000799999999
2025-10-17 23:02:11.726,106932.7,0.00567,606.308409
2025-10-17 23:02:12.377,106932.69,0.00069,73.7835561
2025-10-17 23:02:12.871,106932.69,0.00935,999.8206515
2025-10-17 23:02:13.112,106932.69,0.00027,28.871826300000002
2025-10-17 23:02:13.799,106932.69,0.00935,999.8206515
2025-10-17 23:02:14.194,106932.7,7e-05,7.485288999999999
2025-10-17 23:02:14.645,106932.7,8e-05,8.554616000000001
2025-10-17 23:02:16.070,106932.7,0.00303,324.006081
2025-10-17 23:02:16.185,106932.7,0.00613,655.497451
2025-10-17 23:02:16.355,106932.69,0.04109,4393.864232100001
2025-10-17 23:02:16.357,106931.24,5e-05,5.3465620000000005
2025-10-17 23:02:16.358,106926.28,0.00566,605.2027448
2025-10-17 23:02:16.362,106923.3,0.012,1283.0796
2025-10-17 23:02:16.363,106923.3,0.012,1283.0796
2025-10-17 23:02:16.364,106923.3,0.012,1283.0796
2025-10-17 23:02:16.403,106923.31,9e-05,9.623097900000001
2025-10-17 23:02:16.454,106923.31,0.00606,647.9552586
2025-10-17 23:02:16.481,106922.01,0.00015,16.0383015
2025-10-17 23:02:16.933,106922.01,0.00089,95.1605889
2025-10-17 23:02:17.018,106922.0,0.00191,204.22102
2025-10-17 23:02:17.033,106922.0,0.0003,32.0766
2025-10-17 23:02:17.179,106922.01,0.00242,258.7512642
2025-10-17 23:02:17.490,106922.0,0.00031,33.14582
2025-10-17 23:02:17.581,106922.01,0.00029,31.0073829
2025-10-17 23:02:17.599,106922.0,0.0001,10.6922
2025-10-17 23:02:17.833,106922.0,0.00089,95.16058
2025-10-17 23:02:18.020,106922.01,0.00047,50.2533447
2025-10-17 23:02:18.023,106922.01,0.00029,31.0073829
2025-10-17 23:02:18.250,106922.0,0.00935,999.7207000000001
2025-10-17 23:02:18.332,106922.01,8e-05,8.553760800000001
2025-10-17 23:02:18.338,106922.01,9e-05,9.6229809
2025-10-17 23:02:18.469,106922.01,0.00094,100.5066894
2025-10-17 23:02:18.484,106922.01,0.00029,31.0073829
2025-10-17 23:02:18.762,106922.01,8e-05,8.553760800000001
2025-10-17 23:02:19.043,106922.01,0.00094,100.5066894
2025-10-17 23:02:19.936,106922.01,0.01036,1107.7120235999998
2025-10-17 23:02:20.409,106922.01,9e-05,9.6229809
2025-10-17 23:02:20.610,106922.01,0.00019,20.3151819
2025-10-17 23:02:21.582,106922.0,6e-05,6.41532
2025-10-17 23:02:22.035,106922.01,0.00028,29.938162799999997
2025-10-17 23:02:22.547,106922.0,0.00073,78.05306
2025-10-17 23:02:23.420,106922.01,0.00047,50.2533447
2025-10-17 23:02:24.648,106922.01,0.00019,20.3151819
2025-10-17 23:02:25.820,106922.0,7e-05,7.484539999999999
2025-10-17 23:02:26.423,106922.01,0.00012,12.8306412
2025-10-17 23:02:26.746,106922.01,0.00065,69.49930649999999
2025-10-17 23:02:27.025,106922.0,0.00045,48.1149
2025-10-17 23:02:27.855,106922.0,0.012,1283.064
2025-10-17 23:02:27.856,106922.0,0.012,1283.064
2025-10-17 23:02:27.858,106921.99,0.00095,101.5758905
2025-10-17 23:02:27.859,106921.98,0.0001,10.692198
2025-10-17 23:02:27.861,106920.58,0.0188,2010.1069040000002
2025-10-17 23:02:28.071,106920.58,0.00187,199.9414846
2025-10-17 23:02:28.086,106920.58,0.00749,800.8351442000001
2025-10-17 23:02:28.092,106920.58,0.00028,29.937762399999997
2025-10-17 23:02:28.902,106920.58,0.00092,98.36693360000001
2025-10-17 23:02:29.117,106920.59,0.0035,374.222065
2025-10-17 23:02:29.710,106920.58,0.01629,1741.7362481999999
2025-10-17 23:02:29.711,106920.58,0.0224,2395.020992
2025-10-17 23:02:30.810,106920.59,0.00025,26.7301475
2025-10-17 23:02:30.903,106920.59,8e-05,8.5536472
2025-10-17 23:02:31.145,106920.58,0.003,320.76174000000003
2025-10-17 23:02:31.146,106920.58,0.003,320.76174000000003
2025-10-17 23:02:31.706,106920.58,0.00047,50.2526726
2025-10-17 23:02:31.823,106920.59,6e-05,6.4152354
2025-10-17 23:02:32.178,106920.58,0.00014,14.968881199999998
2025-10-17 23:02:32.187,106920.58,0.00921,984.7385418
2025-10-17 23:02:32.278,106920.58,0.012,1283.0469600000001
2025-10-17 23:02:32.389,106920.59,0.00022,23.5225298
2025-10-17 23:02:32.505,106920.58,0.00047,50.2526726
2025-10-17 23:02:32.745,106920.58,0.00691,738.8212078
2025-10-17 23:02:32.752,106920.0,0.00279,298.3068
2025-10-17 23:02:32.756,106919.99,0.00105,112.2659895
2025-10-17 23:02:32.769,106916.95,0.00291,311.12832449999996
2025-10-17 23:02:33.224,106916.96,6e-05,6.4150176000000005
2025-10-17 23:02:33.338,106916.95,0.002,213.8339
2025-10-17 23:02:33.760,106916.96,0.00554,592.3199584
2025-10-17 23:02:34.280,106916.95,0.04,4276.678
2025-10-17 23:02:34.283,106916.95,0.00035,37.4209325
2025-10-17 23:02:34.289,106915.82,0.00051,54.52706820000001
2025-10-17 23:02:34.290,106915.81,0.0001,10.691581000000001
2025-10-17 23:02:34.291,106915.25,2e-05,2.1383050000000003
2025-10-17 23:02:34.324,106914.17,7e-05,7.4839918999999995
2025-10-17 23:02:34.425,106913.99,0.0001,10.691399
2025-10-17 23:02:34.431,106912.0,0.001,106.912
2025-10-17 23:02:34.432,106912.0,0.001,106.912
2025-10-17 23:02:34.481,106911.99,0.001,106.91199
2025-10-17 23:02:34.722,106911.32,0.00018,19.244037600000002
2025-10-17 23:02:35.004,106911.32,0.00047,50.248320400000004
2025-10-17 23:02:35.495,106911.32,0.00061,65.2159052
2025-10-17 23:02:35.719,106911.32,0.00016,17.1058112
2025-10-17 23:02:36.896,106911.31,0.00047,50.2483157
2025-10-17 23:02:37.208,106911.31,0.0013,138.984703
2025-10-17 23:02:38.245,106911.31,0.0038,406.262978
2025-10-17 23:02:38.637,106911.32,9e-05,9.622018800000001
2025-10-17 23:02:39.183,106911.31,0.00018,19.244035800000002
2025-10-17 23:02:39.471,106911.32,0.01541,1647.5034412000002
2025-10-17 23:02:41.129,106911.32,0.00025,26.72783
2025-10-17 23:02:41.185,106911.31,0.00014,14.967583399999999
2025-10-17 23:02:41.856,106911.31,0.02444,2612.9124164
2025-10-17 23:02:42.246,106911.31,0.00045,48.1100895
2025-10-17 23:02:42.419,106911.32,0.00094,100.49664080000001
2025-10-17 23:02:42.722,106911.31,0.0088,940.819528
2025-10-17 23:02:42.786,106911.32,0.00017,18.174924400000002
2025-10-17 23:02:42.886,106911.32,9e-05,9.622018800000001
2025-10-17 23:02:43.188,106911.32,0.00012,12.829358400000002
2025-10-17 23:02:43.744,106911.32,0.00048,51.31743360000001
2025-10-17 23:02:44.199,106911.32,4e-05,4.2764528
2025-10-17 23:02:44.925,106911.31,0.59387,63491.4196697
2025-10-17 23:02:45.034,106911.31,0.00046,49.1792026
2025-10-17 23:02:45.869,106911.31,0.03694,3949.3037914
2025-10-17 23:02:46.106,106911.32,9e-05,9.622018800000001
2025-10-17 23:02:46.459,106911.31,0.0089,951.5106589999999
2025-10-17 23:02:47.068,106911.31,0.00023,24.5896013
2025-10-17 23:02:47.257,106911.31,0.00468,500.3449308
2025-10-17 23:02:47.532,106911.32,0.00018,19.244037600000002
2025-10-17 23:02:48.898,106911.32,0.0007,74.837924
2025-10-17 23:02:51.302,106911.31,0.012,1282.93572
2025-10-17 23:02:51.303,106911.31,0.012,1282.93572
2025-10-17 23:02:51.304,106911.31,0.012,1282.93572
2025-10-17 23:02:51.583,106911.31,6e-05,6.4146786
2025-10-17 23:02:51.610,106911.31,0.00139,148.6067209
2025-10-17 23:02:52.159,106911.31,0.00044,47.0409764
2025-10-17 23:02:52.240,106911.32,0.00053,56.6629996
2025-10-17 23:02:52.405,106911.32,0.00093,99.42752760000002
2025-10-17 23:02:53.254,106911.32,0.00021,22.451377200000003
2025-10-17 23:02:53.480,106911.32,0.00018,19.244037600000002
2025-10-17 23:02:53.890,106911.32,0.00014,14.9675848
2025-10-17 23:02:53.970,106911.32,0.00648,692.7853536
2025-10-17 23:02:54.015,106911.31,0.00064,68.4232384
2025-10-17 23:02:54.132,106911.32,0.00029,31.004282800000002
2025-10-17 23:02:55.376,106911.31,0.00104,111.18776239999998
2025-10-17 23:02:55.435,106911.32,0.00303,323.94129960000004
2025-10-17 23:02:55.932,106911.31,0.00096,102.6348576
2025-10-17 23:02:56.095,106911.31,0.00177,189.2330187
2025-10-17 23:02:58.833,106911.31,0.00415,443.6819365
2025-10-17 23:02:59.062,106911.31,0.00196,209.5461676
2025-10-17 23:02:59.885,106911.31,0.00455,486.4464605
2025-10-17 23:03:00.623,106911.31,0.00013,13.898470299999998
2025-10-17 23:03:00.816,106911.32,0.00026,27.796943199999998
2025-10-17 23:03:01.543,106911.32,0.00108,115.4642256
2025-10-17 23:03:01.630,106911.31,0.0003,32.073392999999996
2025-10-17 23:03:01.975,106911.32,0.02217,2370.2239644
2025-10-17 23:03:02.149,106911.32,0.02714,2901.5732248000004
2025-10-17 23:03:02.151,106911.51,0.0001,10.691151
2025-10-17 23:03:02.153,106912.0,0.00015,16.0368
2025-10-17 23:03:02.154,106913.0,0.00015,16.036949999999997
2025-10-17 23:03:02.156,106915.59,0.00389,415.90164509999994
2025-10-17 23:03:02.159,106917.57,0.03083,3296.2686831
2025-10-17 23:03:02.161,106917.58,0.00603,644.7130074
2025-10-17 23:03:02.162,106917.58,0.00454,485.40581319999995
2025-10-17 23:03:02.233,106917.73,0.00025,26.729432499999998
2025-10-17 23:03:02.425,106917.73,0.00055,58.8047515
2025-10-17 23:03:02.429,106917.72,5e-05,5.345886
2025-10-17 23:03:03.183,106920.59,0.01948,2082.8130932
2025-10-17 23:03:03.189,106921.56,0.02934,3137.0785704
2025-10-17 23:03:05.112,106921.56,0.00047,50.2531332
2025-10-17 23:03:06.568,106921.56,0.00019,20.3150964
2025-10-17 23:03:06.595,106921.56,9e-05,9.622940400000001
2025-10-17 23:03:06.661,106921.56,0.00015,16.038234
2025-10-17 23:03:06.800,106921.57,0.16068,17180.1578676
2025-10-17 23:03:07.734,106921.56,0.04488,4798.639612800001
2025-10-17 23:03:07.910,106921.57,0.002,213.84314
2025-10-17 23:03:08.687,106921.57,0.00019,20.315098300000002
2025-10-17 23:03:09.987,106921.57,0.00063,67.36058910000001
2025-10-17 23:03:11.065,106921.56,0.00093,99.43705080000001
2025-10-17 23:03:11.577,106921.56,0.0001,10.692156
2025-10-17 23:03:12.475,106921.56,0.0001,10.692156
2025-10-17 23:03:12.838,106921.56,0.0015,160.38234
2025-10-17 23:03:13.576,106921.57,5e-05,5.346078500000001
2025-10-17 23:03:13.640,106921.57,0.00012,12.830588400000002
2025-10-17 23:03:13.996,106921.57,0.00042,44.9070594
2025-10-17 23:03:14.421,106921.57,0.00012,12.830588400000002
2025-10-17 23:03:14.717,106921.57,0.00618,660.7753026
2025-10-17 23:03:14.798,106921.56,0.00017,18.176665200000002
2025-10-17 23:03:14.936,106921.56,0.005,534.6078
2025-10-17 23:03:15.131,106921.56,0.00271,289.7574276
2025-10-17 23:03:15.261,106921.56,8e-05,8.553724800000001
2025-10-17 23:03:15.329,106921.57,0.00024,25.661176800000003
2025-10-17 23:03:16.031,106921.57,0.00012,12.830588400000002
2025-10-17 23:03:17.371,106921.57,0.00228,243.7811796
2025-10-17 23:03:17.575,106921.57,5e-05,5.346078500000001
2025-10-17 23:03:17.859,106921.57,0.00032,34.21490240000001
2025-10-17 23:03:17.966,106921.56,0.00799,854.3032644
2025-10-17 23:03:18.007,106921.56,0.00014,14.969018399999998
2025-10-17 23:03:18.323,106921.57,6e-05,6.415294200000001
2025-10-17 23:03:18.325,106921.56,5e-05,5.346078
2025-10-17 23:03:18.910,106921.57,0.00018,19.2458826
2025-10-17 23:03:19.268,106921.56,7e-05,7.484509199999999
2025-10-17 23:03:19.680,106921.57,0.00024,25.661176800000003
2025-10-17 23:03:19.995,106921.57,6e-05,6.415294200000001
2025-10-17 23:03:20.031,106921.56,0.00032,34.214899200000005
2025-10-17 23:03:21.248,106921.56,0.0041,438.378396
2025-10-17 23:03:21.712,106921.57,0.00018,19.2458826
2025-10-17 23:03:21.900,106921.57,0.0001,10.692157000000002
2025-10-17 23:03:22.033,106921.57,0.00047,50.2531379
2025-10-17 23:03:22.269,106921.56,0.14769,15791.2451964
2025-10-17 23:03:22.271,106921.55,0.00065,69.4990075
2025-10-17 23:03:22.273,106921.39,0.0008,85.53711200000001
2025-10-17 23:03:22.326,106920.0,0.00143,152.8956
2025-10-17 23:03:22.340,106915.15,0.00506,540.990659
2025-10-17 23:03:22.375,106915.15,0.002,213.8303
2025-10-17 23:03:22.489,106915.14,0.00195,208.484523
2025-10-17 23:03:23.232,106912.01,0.00856,915.1668056
2025-10-17 23:03:23.370,106912.01,6e-05,6.4147206
2025-10-17 23:03:23.862,106912.0,0.00042,44.903040000000004
2025-10-17 23:03:23.934,106912.01,6e-05,6.4147206
2025-10-17 23:03:24.967,106912.0,0.00019,20.313280000000002
2025-10-17 23:03:25.043,106912.0,0.00017,18.175040000000003
2025-10-17 23:03:25.082,106912.01,0.00103,110.1193703
2025-10-17 23:03:25.084,106912.0,0.00777,830.70624
2025-10-17 23:03:25.090,106911.32,0.00208,222.37554559999998
2025-10-17 23:03:25.142,106911.32,0.00045,48.110094000000004
2025-10-17 23:03:25.197,106911.32,0.0025,267.2783
2025-10-17 23:03:25.210,106911.31,0.00891,952.5797720999999
2025-10-17 23:03:25.488,106911.31,0.012,1282.93572
2025-10-17 23:03:25.760,106911.31,0.012,1282.93572
2025-10-17 23:03:25.763,106911.31,0.012,1282.93572
2025-10-17 23:03:25.770,106911.32,0.00094,100.49664080000001
2025-10-17 23:03:25.862,106911.31,0.00021,22.4513751
2025-10-17 23:03:25.873,106911.32,0.00037,39.5571884
2025-10-17 23:03:26.438,106911.32,0.00012,12.829358400000002
2025-10-17 23:03:27.357,106911.32,0.00467,499.2758644
2025-10-17 23:03:27.862,106911.31,0.00264,282.2458584
2025-10-17 23:03:27.892,106911.31,0.00126,134.7082506
2025-10-17 23:03:27.941,106911.31,5e-05,5.3455655
2025-10-17 23:03:28.758,106911.31,0.04676,4999.1728556
2025-10-17 23:03:29.008,106911.32,0.00024,25.658716800000004
2025-10-17 23:03:29.342,106911.32,0.00026,27.796943199999998
2025-10-17 23:03:29.594,106911.32,5e-05,5.345566000000001
2025-10-17 23:03:29.798,106911.32,0.04534,4847.3592488
2025-10-17 23:03:30.210,106911.32,0.04105,4388.709686000001
2025-10-17 23:03:30.320,106911.32,0.00462,493.9302984
2025-10-17 23:03:30.380,106911.32,0.01079,1153.5731428
2025-10-17 23:03:30.725,106911.32,0.04219,4510.5885908
2025-10-17 23:03:31.030,106911.32,0.03786,4047.6625752
2025-10-17 23:03:31.156,106911.32,7e-05,7.4837924
2025-10-17 23:03:31.212,106911.32,0.01775,1897.6759299999999
2025-10-17 23:03:31.531,106911.32,0.03721,3978.1702172000005
2025-10-17 23:03:31.643,106911.32,0.00024,25.658716800000004
2025-10-17 23:03:31.747,106911.32,0.00204,218.09909280000002
2025-10-17 23:03:31.825,106911.32,0.00205,219.16820600000003
2025-10-17 23:03:31.870,106911.33,0.00016,17.105812800000002
2025-10-17 23:03:32.238,106911.33,0.00044,47.0409852
2025-10-17 23:03:32.261,106911.33,0.0187,1999.2418710000002
2025-10-17 23:03:33.634,106911.33,6e-05,6.4146798
2025-10-17 23:03:33.793,106911.33,0.00331,353.8765023
2025-10-17 23:03:34.226,106911.32,0.0003,32.073396
2025-10-17 23:03:34.264,106911.33,0.00015,16.036699499999997
2025-10-17 23:03:34.479,106911.33,0.0021,224.513793
2025-10-17 23:03:34.514,106911.33,0.00257,274.7621181
2025-10-17 23:03:34.985,106911.32,0.00015,16.036698
2025-10-17 23:03:35.464,106911.33,0.00011,11.7602463
2025-10-17 23:03:35.748,106911.33,0.00093,99.4275369
2025-10-17 23:03:35.821,106911.33,5e-05,5.3455665
2025-10-17 23:03:36.056,106911.33,6e-05,6.4146798
2025-10-17 23:03:36.609,106911.33,0.00045,48.1100985
2025-10-17 23:03:37.205,106911.32,0.00046,49.17920720000001
2025-10-17 23:03:38.274,106911.33,0.00035,37.4189655
2025-10-17 23:03:38.298,106911.32,0.24915,26636.955378000002
2025-10-17 23:03:38.624,106911.32,0.012,1282.93584
2025-10-17 23:03:38.625,106911.32,0.012,1282.93584
2025-10-17 23:03:38.721,106911.33,0.0001,10.691133
2025-10-17 23:03:38.980,106911.33,0.00033,35.2807389
2025-10-17 23:03:39.025,106911.32,0.00549,586.9431468
2025-10-17 23:03:39.172,106911.33,0.00012,12.8293596
2025-10-17 23:03:39.272,106911.32,0.00057,60.9394524
2025-10-17 23:03:39.669,106911.33,0.00695,743.0337435
2025-10-17 23:03:39.777,106911.33,0.00012,12.8293596
2025-10-17 23:03:39.924,106911.32,0.012,1282.93584
2025-10-17 23:03:40.783,106911.32,0.06362,6801.6981784
2025-10-17 23:03:41.032,106911.33,0.00047,50.2483251
2025-10-17 23:03:41.123,106911.33,5e-05,5.3455665
2025-10-17 23:03:41.164,106911.32,0.012,1282.93584
2025-10-17 23:03:41.165,106911.32,0.012,1282.93584
2025-10-17 23:03:41.209,106911.33,0.00047,50.2483251
2025-10-17 23:03:41.566,106911.32,0.012,1282.93584
2025-10-17 23:03:43.083,106911.33,0.00012,12.8293596
2025-10-17 23:03:43.244,106911.33,0.00047,50.2483251
2025-10-17 23:03:43.332,106911.32,0.01011,1080.8734451999999
2025-10-17 23:03:43.441,106911.33,0.00022,23.5204926
2025-10-17 23:03:43.518,106911.32,0.0015,160.36698
2025-10-17 23:03:43.652,106911.33,6e-05,6.4146798
2025-10-17 23:03:44.264,106911.33,0.00133,142.1920689
2025-10-17 23:03:44.608,106911.33,0.0003,32.073398999999995
2025-10-17 23:03:45.114,106911.32,0.00111,118.67156520000002
2025-10-17 23:03:45.307,106911.32,0.00044,47.04098080000001
2025-10-17 23:03:46.477,106911.33,7e-05,7.4837931
2025-10-17 23:03:46.511,106911.32,0.00061,65.2159052
2025-10-17 23:03:47.431,106911.33,0.00218,233.0666994
2025-10-17 23:03:48.192,106911.32,0.00185,197.78594200000003
2025-10-17 23:03:50.718,106911.33,7e-05,7.4837931
2025-10-17 23:03:50.949,106911.32,0.00345,368.844054
2025-10-17 23:03:50.962,106911.32,0.00342,365.6367144
2025-10-17 23:03:51.000,106911.33,0.00071,75.90704430000001
2025-10-17 23:03:51.432,106911.33,0.00019,20.3131527
2025-10-17 23:03:51.628,106911.32,0.0011,117.60245200000001
2025-10-17 23:03:52.017,106911.33,0.00188,200.9933004
2025-10-17 23:03:52.391,106911.33,0.00222,237.34315260000002
2025-10-17 23:03:52.463,106911.32,7e-05,7.4837924
2025-10-17 23:03:53.013,106911.32,0.01021,1091.5645772
2025-10-17 23:03:53.029,106911.32,0.21636,23131.3331952
2025-10-17 23:03:53.348,106911.32,0.00079,84.45994280000001
2025-10-17 23:03:53.898,106911.32,0.00093,99.42752760000002
2025-10-17 23:03:55.814,106911.33,0.00029,31.0042857
2025-10-17 23:03:55.862,106911.33,0.00603,644.6753199
2025-10-17 23:03:56.041,106911.32,0.06812,7282.7991184
2025-10-17 23:03:56.586,106911.32,9e-05,9.622018800000001
2025-10-17 23:03:56.669,106911.32,0.00061,65.2159052
2025-10-17 23:03:57.924,106911.32,0.00032,34.2116224
2025-10-17 23:03:58.575,106911.33,7e-05,7.4837931
2025-10-17 23:03:58.976,106911.33,0.00093,99.4275369
2025-10-17 23:03:59.187,106911.33,0.00101,107.9804433
2025-10-17 23:03:59.470,106911.32,0.00357,381.6734124
2025-10-17 23:04:01.790,106911.33,0.02934,3136.7784222
2025-10-17 23:04:01.791,106911.33,0.0067,716.305911
2025-10-17 23:04:01.792,106911.33,0.03367,3599.7044811
2025-10-17 23:04:01.803,106911.33,0.00506,540.9713298
2025-10-17 23:04:01.805,106912.38,0.00015,16.036856999999998
2025-10-17 23:04:01.818,106912.78,0.00115,122.949697
2025-10-17 23:04:01.835,106912.78,0.00085,90.875863
2025-10-17 23:04:01.856,106914.09,0.00363,388.0981467
2025-10-17 23:04:01.858,106914.1,0.0013,138.98833
2025-10-17 23:04:01.967,106914.11,0.02027,2167.1490097
2025-10-17 23:04:01.971,106914.11,0.00195,208.48251449999998
2025-10-17 23:04:01.972,106914.12,0.0008,85.531296
2025-10-17 23:04:01.973,106920.0,0.00024,25.660800000000002
2025-10-17 23:04:01.974,106920.57,0.02934,3137.0495238000003
2025-10-17 23:04:02.671,106920.57,0.00037,39.5606109
2025-10-17 23:04:03.425,106920.57,0.04085,4367.7052845
2025-10-17 23:04:03.944,106920.58,0.00206,220.25639480000004
2025-10-17 23:04:04.040,106920.57,0.012,1283.0468400000002
2025-10-17 23:04:04.042,106920.57,0.012,1283.0468400000002
2025-10-17 23:04:04.295,106920.58,0.00013,13.8996754
2025-10-17 23:04:04.922,106920.57,0.00018,19.2457026
2025-10-17 23:04:05.218,106920.57,0.00167,178.55735190000001
2025-10-17 23:04:05.666,106920.58,9e-05,9.6228522
2025-10-17 23:04:06.170,106920.57,0.00225,240.5712825
2025-10-17 23:04:06.933,106920.57,0.00084,89.8132788
2025-10-17 23:04:07.025,106920.57,9e-05,9.6228513
2025-10-17 23:04:07.055,106920.58,6e-05,6.4152348
2025-10-17 23:04:07.801,106920.58,0.00187,199.9414846
2025-10-17 23:04:08.247,106920.58,0.00029,31.0069682
2025-10-17 23:04:08.561,106920.57,0.0187,1999.4146590000003
2025-10-17 23:04:08.694,106920.58,9e-05,9.6228522
2025-10-17 23:04:08.848,106920.57,9e-05,9.6228513
2025-10-17 23:04:09.692,106920.57,0.01978,2114.8888746000002
2025-10-17 23:04:10.191,106920.57,0.012,1283.0468400000002
2025-10-17 23:04:10.228,106920.58,0.00014,14.968881199999998
2025-10-17 23:04:10.308,106920.57,0.00223,238.43287110000003
2025-10-17 23:04:11.031,106920.58,0.00467,499.3191086
2025-10-17 23:04:11.140,106920.57,0.00047,50.2526679
2025-10-17 23:04:11.317,106920.57,0.00047,50.2526679
2025-10-17 23:04:12.024,106920.57,0.0002,21.384114000000004
2025-10-17 23:04:12.136,106920.58,0.007,748.44406
2025-10-17 23:04:12.235,106920.57,0.00476,508.94191320000004
2025-10-17 23:04:13.140,106920.58,0.00935,999.7074230000001
2025-10-17 23:04:13.353,106920.57,0.00047,50.2526679
2025-10-17 23:04:13.423,106920.57,0.00017,18.176496900000004
2025-10-17 23:04:13.447,106920.57,0.00091,97.2977187
2025-10-17 23:04:14.738,106920.58,0.00167,178.55736860000002
2025-10-17 23:04:14.923,106920.57,0.15622,16703.131445400002
2025-10-17 23:04:14.925,106920.57,0.05415,5789.7488655
2025-10-17 23:04:14.926,106920.0,5e-05,5.346
2025-10-17 23:04:14.928,106920.35,0.00055,58.80619250000001
2025-10-17 23:04:14.945,106919.43,0.00055,58.8056865
2025-10-17 23:04:14.946,106914.07,0.00015,16.0371105
2025-10-17 23:04:14.947,106911.32,0.08,8552.9056
2025-10-17 23:04:14.948,106911.32,0.016,1710.58112
2025-10-17 23:04:14.949,106911.32,0.044,4704.09808
2025-10-17 23:04:14.953,106911.32,0.0001,10.691132000000001
2025-10-17 23:04:14.976,106911.32,0.0144,1539.5230080000001
2025-10-17 23:04:15.006,106911.32,0.012,1282.93584
2025-10-17 23:04:15.014,106911.32,0.012,1282.93584
2025-10-17 23:04:15.021,106911.32,0.012,1282.93584
2025-10-17 23:04:15.035,106911.32,0.00433,462.92601559999997
2025-10-17 23:04:15.037,106911.32,0.00021,22.451377200000003
2025-10-17 23:04:15.040,106911.32,0.00935,999.6208420000002
2025-10-17 23:04:15.094,106911.33,0.00098,104.7731034
2025-10-17 23:04:15.111,106911.32,0.05267,5631.019224400001
2025-10-17 23:04:15.124,106911.32,0.00022,23.520490400000003
2025-10-17 23:04:15.201,106911.32,0.005,534.5566
2025-10-17 23:04:15.210,106911.32,0.042,4490.27544
2025-10-17 23:04:15.256,106911.32,0.05,5345.566000000001
2025-10-17 23:04:15.262,106911.32,1.27078,135860.76722960002
2025-10-17 23:04:15.267,106911.32,0.0007,74.837924
2025-10-17 23:04:15.286,106911.32,0.00187,199.9241684
2025-10-17 23:04:15.298,106911.32,0.00748,799.6966736
2025-10-17 23:04:15.311,106911.32,0.14065,15037.077158
2025-10-17 23:04:15.432,106911.32,0.32,34211.6224
2025-10-17 23:04:15.434,106911.33,0.00054,57.7321182
2025-10-17 23:04:15.448,106911.32,0.00686,733.4116552
2025-10-17 23:04:15.457,106911.32,0.105,11225.6886
2025-10-17 23:04:15.466,106911.32,0.04,4276.4528
2025-10-17 23:04:15.467,106911.32,0.08,8552.9056
2025-10-17 23:04:15.486,106911.32,0.08,8552.9056
2025-10-17 23:04:15.488,106911.28,0.00025,26.72782
2025-10-17 23:04:15.490,106911.28,0.0005,53.45564
2025-10-17 23:04:15.498,106909.89,0.00015,16.0364835
2025-10-17 23:04:15.500,106909.88,0.00169,180.6776972
2025-10-17 23:04:15.501,106909.87,0.00085,90.87338949999999
2025-10-17 23:04:15.503,106908.0,0.0008,85.52640000000001
2025-10-17 23:04:15.504,106905.5,6e-05,6.4143300000000005
2025-10-17 23:04:15.506,106902.25,6e-05,6.414135
2025-10-17 23:04:15.533,106902.0,0.00038,40.62276
2025-10-17 23:04:15.812,106902.01,0.00016,17.104321600000002
2025-10-17 23:04:15.932,106902.0,0.00686,733.34772
2025-10-17 23:04:15.940,106902.0,5e-05,5.3451
2025-10-17 23:04:15.958,106902.0,0.00137,146.45574
2025-10-17 23:04:16.264,106902.0,0.00252,269.39304
2025-10-17 23:04:16.315,106901.99,0.00203,217.01103970000003
2025-10-17 23:04:16.539,106901.99,0.00019,20.311378100000002
2025-10-17 23:04:16.581,106901.99,0.00011,11.7592189
2025-10-17 23:04:16.619,106901.99,0.00151,161.42200490000002
2025-10-17 23:04:16.623,106901.98,0.0024,256.56475199999994
2025-10-17 23:04:16.625,106901.97,0.00059,63.0721623
2025-10-17 23:04:16.818,106901.98,6e-05,6.4141188
2025-10-17 23:04:17.124,106901.98,0.00011,11.7592178
2025-10-17 23:04:17.522,106901.98,8e-05,8.5521584
2025-10-17 23:04:17.623,106901.98,0.0003,32.07059399999999
2025-10-17 23:04:17.675,106901.98,0.00024,25.6564752
2025-10-17 23:04:17.985,106901.98,0.00066,70.5553068
2025-10-17 23:04:18.044,106901.97,0.012,1282.82364
2025-10-17 23:04:18.045,106901.97,0.012,1282.82364
2025-10-17 23:04:18.200,106901.97,0.0231,2469.435507
2025-10-17 23:04:18.205,106901.97,0.00697,745.1067309
2025-10-17 23:04:18.209,106901.76,0.00697,745.1052672
2025-10-17 23:04:18.232,106900.01,0.00015,16.035001499999996
2025-10-17 23:04:18.397,106900.0,0.00372,397.668
2025-10-17 23:04:18.507,106900.01,0.00047,50.24300469999999
2025-10-17 23:04:18.526,106900.0,0.04995,5339.655
2025-10-17 23:04:18.528,106899.95,0.0009,96.209955
2025-10-17 23:04:18.530,106899.94,0.10119,10817.2049286
2025-10-17 23:04:18.532,106899.94,0.0007,74.829958
2025-10-17 23:04:18.534,106891.4,5e-05,5.34457
2025-10-17 23:04:18.543,106888.0,0.0028,299.2864
2025-10-17 23:04:18.544,106886.42,0.00021,22.4461482
2025-10-17 23:04:18.548,106885.5,0.012,1282.626
2025-10-17 23:04:18.815,106885.51,6e-05,6.4131306
2025-10-17 23:04:19.348,106885.51,0.01853,1980.5885003
2025-10-17 23:04:19.531,106885.5,0.00235,251.180925
2025-10-17 23:04:19.547,106885.5,0.00014,14.963969999999998
2025-10-17 23:04:19.605,106885.5,0.012,1282.626
2025-10-17 23:04:19.606,106885.5,0.012,1282.626
2025-10-17 23:04:19.689,106885.51,0.00023,24.5836673
2025-10-17 23:04:19.764,106885.51,0.00468,500.2241868
2025-10-17 23:04:20.119,106885.51,0.00047,50.2361897
2025-10-17 23:04:20.591,106885.51,0.0021,224.45957099999998
2025-10-17 23:04:21.766,106885.5,0.0001,10.688550000000001
2025-10-17 23:04:22.290,106885.5,0.012,1282.626
2025-10-17 23:04:23.315,106885.5,0.012,1282.626
2025-10-17 23:04:23.639,106885.51,0.00024,25.6525224
2025-10-17 23:04:23.690,106885.51,6e-05,6.4131306
2025-10-17 23:04:23.704,106885.5,0.012,1282.626
2025-10-17 23:04:23.832,106885.51,0.0001,10.688551
2025-10-17 23:04:24.025,106885.5,0.00926,989.7597299999999
2025-10-17 23:04:24.026,106885.51,0.00019,20.3082469
2025-10-17 23:04:24.141,106885.51,6e-05,6.4131306
2025-10-17 23:04:24.332,106885.51,8e-05,8.5508408
2025-10-17 23:04:24.392,106885.51,0.00159,169.9479609
2025-10-17 23:04:24.395,106885.51,0.00181,193.4627731
2025-10-17 23:04:24.909,106885.51,0.00079,84.4395529
2025-10-17 23:04:25.026,106885.5,0.012,1282.626
2025-10-17 23:04:25.028,106885.5,0.012,1282.626
2025-10-17 23:04:25.030,106885.5,0.01439,1538.082345
2025-10-17 23:04:25.031,106885.5,8e-05,8.55084
2025-10-17 23:04:25.034,106885.49,0.92762,99149.1182338
2025-10-17 23:04:25.061,106885.49,0.01593,1702.6858557
2025-10-17 23:04:25.063,106885.49,0.018,1923.9388199999999
2025-10-17 23:04:25.067,106885.49,0.03741,3998.5861809000003
2025-10-17 23:04:25.070,106885.49,0.00192,205.22014080000002
2025-10-17 23:04:25.080,106885.49,0.0946,10111.367354
2025-10-17 23:04:25.082,106885.37,0.00049,52.3738313
2025-10-17 23:04:25.101,106883.25,0.00935,999.3583875
2025-10-17 23:04:25.157,106883.25,0.009,961.9492499999999
2025-10-17 23:04:25.161,106883.25,0.00094,100.470255
2025-10-17 23:04:25.194,106883.25,0.00842,899.9569650000001
2025-10-17 23:04:25.403,106883.25,0.00026,27.789644999999997
2025-10-17 23:04:25.419,106883.25,0.012,1282.599
2025-10-17 23:04:25.420,106883.25,0.012,1282.599
2025-10-17 23:04:25.421,106883.25,0.012,1282.599
2025-10-17 23:04:25.428,106883.25,0.054,5771.6955
2025-10-17 23:04:25.689,106883.25,0.003,320.64975
2025-10-17 23:04:25.921,106883.26,0.00019,20.3078194
2025-10-17 23:04:26.103,106883.25,0.02728,2915.77506
2025-10-17 23:04:26.156,106883.26,0.0006,64.12995599999999
2025-10-17 23:04:26.178,106883.25,0.00076,81.23127000000001
2025-10-17 23:04:26.238,106883.25,0.0014,149.63655
2025-10-17 23:04:26.248,106883.26,0.00017,18.1701542
2025-10-17 23:04:26.414,106883.25,0.09,9619.4925
2025-10-17 23:04:26.700,106883.25,0.009,961.9492499999999
2025-10-17 23:04:26.741,106883.26,0.00026,27.789647599999995
2025-10-17 23:04:26.792,106883.25,0.12,12825.99
2025-10-17 23:04:27.027,106883.25,0.046,4916.6295
2025-10-17 23:04:27.082,106883.25,0.017,1817.0152500000002
2025-10-17 23:04:27.093,106883.25,0.022,2351.4314999999997
2025-10-17 23:04:27.114,106883.25,0.004,427.533
2025-10-17 23:04:27.236,106883.25,0.068,7268.061000000001
2025-10-17 23:04:27.371,106883.26,6e-05,6.4129955999999995
2025-10-17 23:04:27.496,106883.25,0.112,11970.924
2025-10-17 23:04:27.804,106883.25,0.087,9298.84275
2025-10-17 23:04:27.960,106883.26,8e-05,8.550660800000001
2025-10-17 23:04:28.145,106883.26,0.00093,99.4014318
2025-10-17 23:04:28.216,106883.25,0.008,855.066
2025-10-17 23:04:28.285,106883.25,0.001,106.88325
2025-10-17 23:04:28.338,106883.26,0.1863,19912.351337999997
2025-10-17 23:04:28.362,106883.26,0.00248,265.0704848
2025-10-17 23:04:28.578,106883.25,0.002,213.7665
2025-10-17 23:04:28.677,106883.25,0.05,5344.1625
2025-10-17 23:04:29.373,106883.26,6e-05,6.4129955999999995
2025-10-17 23:04:30.031,106883.26,0.00011,11.7571586
2025-10-17 23:04:30.282,106883.25,0.089,9512.60925
2025-10-17 23:04:30.283,106883.25,0.031,3313.38075
2025-10-17 23:04:30.541,106883.25,0.009,961.9492499999999
2025-10-17 23:04:30.626,106883.25,0.00932,996.15189
2025-10-17 23:04:30.727,106883.25,0.012,1282.599
2025-10-17 23:04:30.774,106883.25,0.045,4809.74625
2025-10-17 23:04:30.800,106883.25,0.034,3634.0305000000003
2025-10-17 23:04:31.032,106883.25,0.029,3099.61425
2025-10-17 23:04:31.425,106883.26,0.00099,105.8144274
2025-10-17 23:04:31.770,106883.25,0.06,6412.995
2025-10-17 23:04:32.668,106883.25,0.025,2672.08125
2025-10-17 23:04:32.800,106883.25,0.002,213.7665
2025-10-17 23:04:33.136,106883.26,0.07902,8445.9152052
2025-10-17 23:04:33.137,106883.26,0.12268,13112.4383368
2025-10-17 23:04:33.138,106884.33,0.02112,2257.3970496
2025-10-17 23:04:33.139,106885.51,0.05957,6367.1698307
2025-10-17 23:04:33.140,106885.51,0.03267,3491.9496116999994
2025-10-17 23:04:33.141,106885.51,0.04813,5144.3995963
2025-10-17 23:04:33.142,106885.74,6e-05,6.4131444
2025-10-17 23:04:33.144,106886.31,0.0241,2575.960071
2025-10-17 23:04:33.145,106886.31,5e-05,5.3443155
2025-10-17 23:04:33.147,106886.32,0.0184,1966.708288
2025-10-17 23:04:33.149,106887.67,0.00015,16.033150499999998
2025-10-17 23:04:33.173,106889.95,0.03455,3693.0477724999996
2025-10-17 23:04:33.174,106889.96,0.001,106.88996
2025-10-17 23:04:33.218,106890.18,0.0027,288.603486
2025-10-17 23:04:33.344,106890.19,0.06508,6956.4135652
2025-10-17 23:04:33.345,106890.19,0.19821,21186.7045599
2025-10-17 23:04:33.346,106890.19,0.06427,6869.832511299999
2025-10-17 23:04:33.348,106890.19,0.05503,5882.1671557
2025-10-17 23:04:33.362,106890.19,0.10959,11714.095922100001
2025-10-17 23:04:33.437,106890.19,0.00075,80.1676425
2025-10-17 23:04:33.874,106890.19,0.00124,132.5438356
2025-10-17 23:04:34.112,106890.19,0.00194,207.3669686
2025-10-17 23:04:34.113,106895.98,0.00015,16.034397
2025-10-17 23:04:34.118,106895.98,0.03691,3945.5306217999996
2025-10-17 23:04:34.212,106895.98,5e-05,5.344799
2025-10-17 23:04:34.515,106895.98,0.0009,96.20638199999999
2025-10-17 23:04:35.639,106898.88,5e-05,5.344944000000001
2025-10-17 23:04:36.473,106900.32,0.01184,1265.6997888
2025-10-17 23:04:36.551,106900.32,0.00179,191.3515728
2025-10-17 23:04:36.577,106900.31,9e-05,9.6210279
2025-10-17 23:04:36.591,106900.32,5e-05,5.345016
2025-10-17 23:04:37.343,106900.32,0.00024,25.6560768
2025-10-17 23:04:37.639,106900.32,0.00062,66.27819840000001
2025-10-17 23:04:37.863,106900.31,0.01711,1829.0643041
2025-10-17 23:04:39.139,106900.32,0.00046,49.17414720000001
2025-10-17 23:04:39.421,106900.32,0.0001,10.690032
2025-10-17 23:04:39.683,106900.31,0.00055,58.795170500000005
2025-10-17 23:04:40.024,106900.31,0.012,1282.80372
2025-10-17 23:04:40.025,106900.31,0.012,1282.80372
2025-10-17 23:04:40.066,106900.31,0.00408,436.15326480000004
2025-10-17 23:04:40.260,106900.3,0.04,4276.012000000001
2025-10-17 23:04:40.262,106900.0,5e-05,5.345000000000001
2025-10-17 23:04:40.269,106895.99,0.012,1282.75188
2025-10-17 23:04:40.271,106895.99,0.00231,246.92973690000002
2025-10-17 23:04:40.273,106889.62,0.00705,753.571821
2025-10-17 23:04:40.318,106889.62,0.0004,42.755848
2025-10-17 23:04:40.335,106889.62,0.00639,683.0246718
2025-10-17 23:04:40.336,106889.62,0.00639,683.0246718
2025-10-17 23:04:41.179,106889.61,0.00028,29.929090799999997
2025-10-17 23:04:41.180,106889.62,0.00019,20.3090278
2025-10-17 23:04:41.470,106889.62,0.0001,10.688962
2025-10-17 23:04:42.096,106889.61,0.00026,27.791298599999998
2025-10-17 23:04:42.156,106889.61,0.00061,65.2026621
2025-10-17 23:04:42.417,106889.61,0.01887,2017.0069407
2025-10-17 23:04:42.460,106889.61,9e-05,9.620064900000001
2025-10-17 23:04:42.491,106889.61,0.00029,30.9979869
2025-10-17 23:04:43.057,106889.61,0.00011,11.7578571
2025-10-17 23:04:43.387,106889.62,0.00037,39.5491594
2025-10-17 23:04:43.816,106889.61,0.00264,282.1885704
2025-10-17 23:04:44.576,106889.62,0.02884,3082.6966408
2025-10-17 23:04:44.838,106889.61,0.01878,2007.3868758
2025-10-17 23:04:45.049,106889.61,0.00188,200.9524668
2025-10-17 23:04:46.059,106889.61,0.012,1282.67532
2025-10-17 23:04:46.060,106889.61,0.012,1282.67532
2025-10-17 23:04:47.124,106889.62,9e-05,9.6200658
2025-10-17 23:04:47.339,106889.61,1.62653,173859.1573533
2025-10-17 23:04:48.614,106889.6,0.00047,50.238112
2025-10-17 23:04:49.285,106889.6,0.0012,128.26752
2025-10-17 23:04:51.380,106889.61,0.00058,61.9959738
2025-10-17 23:04:52.022,106889.6,0.00012,12.826752
2025-10-17 23:04:52.176,106889.61,0.00019,20.3090259
2025-10-17 23:04:52.417,106889.61,0.00062,66.2715582
2025-10-17 23:04:52.868,106889.61,6e-05,6.4133766
2025-10-17 23:04:53.593,106889.61,0.00047,50.2381167
2025-10-17 23:04:53.701,106889.6,0.012,1282.6752000000001
2025-10-17 23:04:53.702,106889.6,0.012,1282.6752000000001
2025-10-17 23:04:55.531,106889.6,0.0018,192.40128
2025-10-17 23:04:56.680,106889.6,0.02714,2900.983744
2025-10-17 23:04:57.026,106889.6,7e-05,7.482272
2025-10-17 23:04:57.740,106889.6,0.00465,497.03664
2025-10-17 23:04:58.576,106889.61,8e-05,8.551168800000001
2025-10-17 23:04:58.992,106889.6,0.00029,30.997984000000002
2025-10-17 23:04:59.233,106889.6,0.00052,55.582592
2025-10-17 23:04:59.255,106889.6,0.00935,999.4177600000002
2025-10-17 23:04:59.281,106889.6,9e-05,9.620064000000001
2025-10-17 23:05:00.123,106889.6,0.00481,514.1389760000001
2025-10-17 23:05:00.775,106889.61,0.00026,27.791298599999998
2025-10-17 23:05:00.777,106889.6,0.0001,10.688960000000002
2025-10-17 23:05:01.719,106889.61,0.00019,20.3090259
2025-10-17 23:05:01.741,106889.6,0.012,1282.6752000000001
2025-10-17 23:05:01.743,106889.6,0.012,1282.6752000000001
2025-10-17 23:05:01.786,106889.6,0.012,1282.6752000000001
2025-10-17 23:05:01.920,106889.6,0.012,1282.6752000000001
2025-10-17 23:05:01.925,106889.6,0.012,1282.6752000000001
2025-10-17 23:05:01.926,106889.6,0.011,1175.7856
2025-10-17 23:05:01.927,106889.6,0.029,3099.7984
2025-10-17 23:05:02.019,106889.6,0.04,4275.584000000001
2025-10-17 23:05:02.023,106889.6,0.012,1282.6752000000001
2025-10-17 23:05:02.024,106889.6,0.012,1282.6752000000001
2025-10-17 23:05:02.033,106889.6,0.002,213.7792
2025-10-17 23:05:02.036,106889.6,0.006,641.3376000000001
2025-10-17 23:05:02.098,106889.6,9e-05,9.620064000000001
2025-10-17 23:05:02.099,106889.6,0.00212,226.605952
2025-10-17 23:05:02.632,106889.6,0.018,1924.0128
2025-10-17 23:05:03.106,106889.61,0.01403,1499.6612283000002
2025-10-17 23:05:03.113,106889.6,0.001,106.8896
2025-10-17 23:05:03.114,106889.6,0.003,320.66880000000003
2025-10-17 23:05:03.239,106889.61,0.02058,2199.7881738
2025-10-17 23:05:03.453,106889.6,0.002,213.7792
2025-10-17 23:05:03.604,106889.6,0.001,106.8896
2025-10-17 23:05:03.640,106889.6,0.001,106.8896
2025-10-17 23:05:04.093,106889.6,0.00035,37.41136
2025-10-17 23:05:04.150,106889.6,0.004,427.5584
2025-10-17 23:05:04.659,106889.6,0.025,2672.2400000000002
2025-10-17 23:05:04.785,106889.6,0.0014,149.64544
2025-10-17 23:05:04.850,106889.6,0.034,3634.2464000000004
2025-10-17 23:05:05.092,106889.6,0.06087,6506.369952
2025-10-17 23:05:05.093,106889.6,0.06563,7015.1644479999995
2025-10-17 23:05:05.173,106889.6,0.05,5344.4800000000005
2025-10-17 23:05:05.310,106889.6,0.00102,109.02739200000002
2025-10-17 23:05:05.804,106889.61,0.02057,2198.7192777
2025-10-17 23:05:05.828,106889.6,0.00101,107.95849600000001
2025-10-17 23:05:05.922,106889.6,0.002,213.7792
2025-10-17 23:05:05.981,106889.61,0.00094,100.4762334
2025-10-17 23:05:05.984,106889.6,0.027,2886.0192
2025-10-17 23:05:06.094,106889.61,0.54533,58290.1110213
2025-10-17 23:05:06.278,106889.6,0.00098,104.751808
2025-10-17 23:05:06.290,106889.6,0.001,106.8896
2025-10-17 23:05:06.451,106889.6,0.025,2672.2400000000002
2025-10-17 23:05:06.502,106889.6,0.00082,87.649472
2025-10-17 23:05:06.633,106889.61,7e-05,7.482272699999999
2025-10-17 23:05:06.785,106889.6,0.012,1282.6752000000001
2025-10-17 23:05:06.893,106889.6,0.019,2030.9024000000002
2025-10-17 23:05:07.080,106889.6,0.024,2565.3504000000003
2025-10-17 23:05:07.525,106889.6,0.001,106.8896
2025-10-17 23:05:07.761,106889.61,8e-05,8.551168800000001
2025-10-17 23:05:08.103,106889.6,6e-05,6.413376
2025-10-17 23:05:08.105,106889.6,0.022,2351.5712
2025-10-17 23:05:08.169,106889.6,7e-05,7.482272
2025-10-17 23:05:08.476,106889.6,0.36,38480.256
2025-10-17 23:05:08.824,106889.61,0.00074,79.0983114
2025-10-17 23:05:09.690,106889.6,0.00068,72.68492800000001
2025-10-17 23:05:11.576,106889.6,7e-05,7.482272
2025-10-17 23:05:11.894,106889.6,0.04,4275.584000000001
2025-10-17 23:05:11.899,106889.6,0.001,106.8896
2025-10-17 23:05:12.472,106889.6,0.00013,13.895648
2025-10-17 23:05:12.751,106889.61,0.00093,99.40733730000001
2025-10-17 23:05:12.781,106889.6,0.00353,377.32028800000006
2025-10-17 23:05:12.826,106889.61,0.00052,55.582597199999995
2025-10-17 23:05:12.875,106889.61,0.00017,18.171233700000002
2025-10-17 23:05:14.280,106889.61,0.00016,17.102337600000002
2025-10-17 23:05:14.575,106889.6,0.00097,103.68291200000002
2025-10-17 23:05:14.710,106889.61,9e-05,9.620064900000001
2025-10-17 23:05:14.878,106889.6,0.00435,464.96976
2025-10-17 23:05:16.013,106889.6,0.00039,41.686944000000004
2025-10-17 23:05:16.965,106889.6,0.00097,103.68291200000002
2025-10-17 23:05:17.023,106889.6,0.00029,30.997984000000002
2025-10-17 23:05:17.110,106889.6,0.13054,13953.368384
2025-10-17 23:05:17.203,106889.61,0.00293,313.1865573
2025-10-17 23:05:17.643,106889.6,0.00024,25.653504
2025-10-17 23:05:18.394,106889.61,0.00012,12.8267532
2025-10-17 23:05:18.451,106889.6,0.00094,100.476224
2025-10-17 23:05:19.266,106889.6,0.00082,87.649472
2025-10-17 23:05:19.481,106889.6,0.00014,14.964544
2025-10-17 23:05:20.319,106889.61,7e-05,7.482272699999999
2025-10-17 23:05:20.440,106889.6,0.05475,5852.2056
2025-10-17 23:05:21.062,106889.6,0.00021,22.446816000000002
2025-10-17 23:05:21.537,106889.61,0.00027,28.8601947
2025-10-17 23:05:21.575,106889.6,0.00046,49.169216000000006
2025-10-17 23:05:21.725,106889.61,0.00041,43.8247401
2025-10-17 23:05:23.701,106889.6,0.00047,50.238112
2025-10-17 23:05:23.741,106889.25,6e-05,6.413355
2025-10-17 23:05:23.749,106886.26,0.0011,117.574886
2025-10-17 23:05:23.758,106883.96,0.00038,40.6159048
2025-10-17 23:05:23.763,106883.25,0.01335,1426.8913875
2025-10-17 23:05:23.802,106883.25,0.00015,16.0324875
2025-10-17 23:05:23.853,106883.25,0.00024,25.651980000000002
2025-10-17 23:05:23.860,106883.25,0.013,1389.48225
2025-10-17 23:05:24.170,106883.25,0.00187,199.8716775
2025-10-17 23:05:24.181,106883.25,0.001,106.88325
2025-10-17 23:05:24.189,106883.25,0.00141,150.7053825
2025-10-17 23:05:24.539,106883.26,0.00018,19.2389868
2025-10-17 23:05:24.597,106883.26,0.00225,240.48733499999997
2025-10-17 23:05:24.960,106883.25,0.007,748.18275
2025-10-17 23:05:25.200,106883.25,0.038,4061.5634999999997
2025-10-17 23:05:25.432,106883.25,0.00073,78.0247725
2025-10-17 23:05:25.729,106883.25,0.004,427.533
2025-10-17 23:05:25.979,106883.25,0.00025,26.7208125
2025-10-17 23:05:26.077,106883.25,0.00014,14.963655
2025-10-17 23:05:26.162,106883.26,0.00018,19.2389868
2025-10-17 23:05:26.221,106883.25,0.00045,48.0974625
2025-10-17 23:05:26.462,106883.25,0.00138,147.498885
2025-10-17 23:05:26.520,106883.25,0.017,1817.0152500000002
2025-10-17 23:05:26.784,106883.25,0.00033,35.2714725
2025-10-17 23:05:26.870,106883.26,0.00106,113.2962556
2025-10-17 23:05:27.111,106883.25,0.291,31103.025749999997
2025-10-17 23:05:27.244,106883.25,0.00093,99.40142250000001
2025-10-17 23:05:27.771,106883.25,0.016,1710.132
2025-10-17 23:05:27.782,106883.26,0.00023,24.5831498
2025-10-17 23:05:27.800,106883.25,0.002,213.7665
2025-10-17 23:05:28.710,106883.25,0.081,8657.54325
2025-10-17 23:05:28.711,106883.25,0.011,1175.7157499999998
2025-10-17 23:05:28.736,106883.25,0.003,320.64975
2025-10-17 23:05:29.326,106883.25,0.01425,1523.0863125
2025-10-17 23:05:29.595,106883.26,0.00039,41.6844714
2025-10-17 23:05:29.765,106883.25,0.00014,14.963655
2025-10-17 23:05:29.795,106883.25,0.00027,28.8584775
2025-10-17 23:05:30.029,106883.25,0.008,855.066
2025-10-17 23:05:30.246,106883.25,0.024,2565.198
2025-10-17 23:05:30.384,106883.25,0.034,3634.0305000000003
2025-10-17 23:05:30.390,106883.26,0.00148,158.1872248
2025-10-17 23:05:30.782,106883.25,0.01,1068.8325
2025-10-17 23:05:30.850,106883.25,0.134,14322.355500000001
2025-10-17 23:05:31.136,106883.25,0.004,427.533
2025-10-17 23:05:31.143,106883.25,0.001,106.88325
2025-10-17 23:05:31.165,106883.25,0.00749,800.5555425
2025-10-17 23:05:31.171,106883.25,0.03,3206.4975
2025-10-17 23:05:31.270,106883.25,0.24523,26210.9793975
2025-10-17 23:05:31.272,106883.25,1.69832,181521.96114
2025-10-17 23:05:31.274,106883.23,0.00065,69.4740995
2025-10-17 23:05:31.275,106880.01,0.00015,16.032001499999996
2025-10-17 23:05:31.276,106878.92,0.00754,805.8670568
2025-10-17 23:05:31.299,106878.04,0.00187,199.86193479999997
2025-10-17 23:05:31.316,106873.04,0.0001,10.687304
2025-10-17 23:05:31.385,106870.39,0.00053,56.641306699999994
2025-10-17 23:05:32.392,106870.39,0.00047,50.2290833
2025-10-17 23:05:32.774,106870.31,0.00037,39.542014699999996
2025-10-17 23:05:32.776,106870.0,0.0028,299.236
2025-10-17 23:05:32.778,106869.75,6e-05,6.412185
2025-10-17 23:05:32.791,106869.75,0.00115,122.9002125
2025-10-17 23:05:32.797,106869.75,6e-05,6.412185
2025-10-17 23:05:32.798,106869.75,0.00042,44.885295
2025-10-17 23:05:32.801,106869.75,0.00012,12.82437
2025-10-17 23:05:32.824,106869.74,0.00089,95.1140686
2025-10-17 23:05:32.832,106869.74,0.00022,23.5113428
2025-10-17 23:05:32.929,106869.74,0.00251,268.2430474
2025-10-17 23:05:32.973,106869.73,0.00244,260.7621412
2025-10-17 23:05:33.026,106868.36,5e-05,5.343418000000001
2025-10-17 23:05:33.188,106868.0,0.0044,470.2192
2025-10-17 23:05:33.293,106866.5,0.00147,157.093755
2025-10-17 23:05:33.731,106866.0,0.00244,260.75304
2025-10-17 23:05:33.890,106866.0,0.001,106.866
2025-10-17 23:05:33.891,106866.0,0.00054,57.70764
2025-10-17 23:05:34.344,106865.99,0.00314,335.55920860000003
2025-10-17 23:05:34.409,106865.53,0.00064,68.3939392
2025-10-17 23:05:34.515,106865.53,0.00082,87.62973459999999
2025-10-17 23:05:35.331,106863.99,0.0009,96.177591
2025-10-17 23:05:35.333,106862.65,5e-05,5.3431325
2025-10-17 23:05:35.337,106862.01,0.0045,480.87904499999996
2025-10-17 23:05:35.345,106862.01,0.00113,120.75407129999999
2025-10-17 23:05:35.370,106860.26,0.0001,10.686026
2025-10-17 23:05:35.390,106859.59,0.02339,2499.4458101
2025-10-17 23:05:35.580,106859.58,0.00696,743.7426768
2025-10-17 23:05:36.324,106858.74,5e-05,5.342937000000001
2025-10-17 23:05:36.505,106858.74,7e-05,7.4801117999999995
2025-10-17 23:05:36.516,106858.74,0.002,213.71748000000002
2025-10-17 23:05:36.517,106858.74,0.002,213.71748000000002
2025-10-17 23:05:36.660,106858.75,0.00637,680.6902375
2025-10-17 23:05:37.088,106858.75,0.02339,2499.4261625
2025-10-17 23:05:37.120,106858.75,0.0022,235.08925000000002
2025-10-17 23:05:37.469,106858.74,0.00187,199.8258438
2025-10-17 23:05:37.591,106858.75,0.00305,325.9191875
2025-10-17 23:05:37.643,106858.74,0.00642,686.0331108
2025-10-17 23:05:37.995,106858.0,0.00412,440.25496000000004
2025-10-17 23:05:37.997,106857.99,0.0009,96.172191
2025-10-17 23:05:38.001,106857.54,0.0041,438.11591400000003
2025-10-17 23:05:38.003,106854.77,0.00436,465.88679720000005
2025-10-17 23:05:38.004,106854.77,0.012,1282.2572400000001
2025-10-17 23:05:38.006,106853.5,6e-05,6.4112100000000005
2025-10-17 23:05:38.109,106853.41,5e-05,5.3426705000000005
2025-10-17 23:05:38.365,106853.41,0.00037,39.5357617
2025-10-17 23:05:38.367,106853.4,0.00225,240.42014999999998
2025-10-17 23:05:38.413,106853.4,0.00052,55.56376799999999
2025-10-17 23:05:38.523,106853.4,0.00281,300.25805399999996
2025-10-17 23:05:38.721,106853.39,0.00198,211.5697122
2025-10-17 23:05:38.727,106851.23,5e-05,5.3425615
2025-10-17 23:05:38.734,106850.95,0.012,1282.2114
2025-10-17 23:05:38.736,106850.95,0.012,1282.2114
2025-10-17 23:05:38.775,106850.95,0.00187,199.8112765
2025-10-17 23:05:38.781,106850.95,0.00025,26.7127375
2025-10-17 23:05:38.799,106850.96,0.02339,2499.2439544000003
2025-10-17 23:05:38.889,106850.95,0.00098,104.71393099999999
2025-10-17 23:05:39.065,106849.99,0.00095,101.5074905
2025-10-17 23:05:39.341,106848.01,0.00265,283.1472265
2025-10-17 23:05:40.127,106848.0,0.001,106.848
2025-10-17 23:05:40.128,106848.0,0.001,106.848
2025-10-17 23:05:40.343,106848.0,0.00025,26.712
2025-10-17 23:05:40.516,106848.01,0.02339,2499.1749539
2025-10-17 23:05:40.650,106848.01,0.00018,19.2326418
2025-10-17 23:05:41.032,106848.01,0.00016,17.0956816
2025-10-17 23:05:41.169,106848.0,0.001,106.848
2025-10-17 23:05:41.212,106848.01,0.005,534.24005
2025-10-17 23:05:41.342,106848.01,0.00561,599.4173361
2025-10-17 23:05:41.588,106848.0,6e-05,6.410880000000001
2025-10-17 23:05:42.230,106848.01,0.01835,1960.6609835000002
2025-10-17 23:05:42.244,106848.01,0.00062,66.24576619999999
2025-10-17 23:05:42.432,106848.0,0.00093,99.36864
2025-10-17 23:05:42.793,106848.0,0.22202,23722.39296
2025-10-17 23:05:42.794,106843.75,1e-05,1.0684375000000002
2025-10-17 23:05:42.795,106843.59,0.00567,605.8031553
2025-10-17 23:05:42.796,106840.5,6e-05,6.41043
2025-10-17 23:05:42.804,106838.31,0.003,320.51493
2025-10-17 23:05:42.806,106838.0,0.0028,299.14639999999997
2025-10-17 23:05:42.808,106834.81,0.0018,192.30265799999998
2025-10-17 23:05:42.904,106834.81,0.00212,226.4897972
2025-10-17 23:05:42.911,106834.37,0.012,1282.01244
2025-10-17 23:05:42.915,106834.37,0.012,1282.01244
2025-10-17 23:05:43.210,106834.37,0.0001,10.683437
2025-10-17 23:05:43.243,106834.37,0.00011,11.7517807
2025-10-17 23:05:43.296,106834.37,0.00011,11.7517807
2025-10-17 23:05:43.931,106834.38,0.02205,2355.6980790000002
2025-10-17 23:05:44.023,106834.37,0.00041,43.8020917
2025-10-17 23:05:44.385,106834.38,0.00135,144.226413
2025-10-17 23:05:45.860,106834.37,9e-05,9.6150933
2025-10-17 23:05:45.872,106834.38,0.00023,24.5719074
2025-10-17 23:05:46.272,106834.38,0.0006,64.100628
2025-10-17 23:05:46.537,106834.37,0.00439,469.00288429999995
2025-10-17 23:05:46.872,106834.37,0.00937,1001.0380468999999
2025-10-17 23:05:49.354,106834.37,0.00011,11.7517807
2025-10-17 23:05:50.563,106834.38,0.00022,23.503563600000003
2025-10-17 23:05:52.290,106834.38,0.00093,99.35597340000001
2025-10-17 23:05:52.584,106834.37,5e-05,5.3417185
2025-10-17 23:05:52.921,106834.38,0.00047,50.2121586
2025-10-17 23:05:53.420,106834.37,0.00077,82.2624649
2025-10-17 23:05:54.466,106834.37,0.02616,2794.7871192
2025-10-17 23:05:54.556,106834.37,0.01758,1878.1482245999998
2025-10-17 23:05:54.614,106834.37,9e-05,9.6150933
2025-10-17 23:05:55.374,106834.38,0.0001,10.683438
2025-10-17 23:05:55.562,106834.38,0.00468,499.9848984
2025-10-17 23:05:55.955,106834.38,0.00025,26.708595000000003
2025-10-17 23:05:56.089,106834.37,0.00187,199.78027189999997
2025-10-17 23:05:56.185,106834.38,0.02674,2856.7513212
2025-10-17 23:05:56.341,106834.37,0.00947,1011.7214838999998
2025-10-17 23:05:57.489,106834.37,0.0001,10.683437
2025-10-17 23:05:57.512,106834.38,0.00013,13.8884694
2025-10-17 23:05:58.133,106834.38,0.07289,7787.1579582
2025-10-17 23:05:58.210,106834.37,0.01072,1145.2644464
2025-10-17 23:05:58.278,106834.37,0.00017,18.1618429
2025-10-17 23:05:59.039,106834.37,0.00691,738.2254967
2025-10-17 23:05:59.199,106834.37,0.0001,10.683437
2025-10-17 23:05:59.776,106834.37,5e-05,5.3417185
2025-10-17 23:06:00.643,106834.38,0.00468,499.9848984
2025-10-17 23:06:00.764,106834.37,0.00543,580.1106291
2025-10-17 23:06:01.373,106834.37,0.0001,10.683437
2025-10-17 23:06:01.471,106834.38,0.13668,14602.1230584
2025-10-17 23:06:01.558,106834.38,0.0364,3888.7714320000005
2025-10-17 23:06:02.106,106834.38,0.01998,2134.5509124
2025-10-17 23:06:02.501,106834.38,0.00047,50.2121586
2025-10-17 23:06:02.581,106834.39,0.00076,81.1941364
2025-10-17 23:06:02.793,106834.38,6e-05,6.4100628
2025-10-17 23:06:02.913,106834.39,0.00047,50.2121633
2025-10-17 23:06:03.175,106834.38,0.00014,14.9568132
2025-10-17 23:06:04.497,106834.39,0.00047,50.2121633
2025-10-17 23:06:04.761,106834.38,0.0001,10.683438
2025-10-17 23:06:04.852,106834.38,0.08798,9399.2887524
2025-10-17 23:06:05.453,106834.39,5e-05,5.3417195
2025-10-17 23:06:05.675,106834.38,0.00093,99.35597340000001
2025-10-17 23:06:06.578,106834.38,9e-05,9.615094200000001
2025-10-17 23:06:07.060,106834.39,0.004,427.33756
2025-10-17 23:06:09.092,106834.39,0.00086,91.8775754
2025-10-17 23:06:09.789,106834.39,0.0014,149.56814599999998
2025-10-17 23:06:10.240,106834.38,0.00279,298.0679202
2025-10-17 23:06:10.266,106834.51,0.0001,10.683451
2025-10-17 23:06:10.268,106834.83,0.0001,10.683483
2025-10-17 23:06:10.269,106836.73,0.0003,32.051019
2025-10-17 23:06:10.270,106836.74,0.0003,32.051021999999996
2025-10-17 23:06:10.271,106840.8,0.00567,605.787336
2025-10-17 23:06:10.275,106843.75,6e-05,6.4106250000000005
2025-10-17 23:06:10.298,106843.74,0.02908,3107.0159592000005
2025-10-17 23:06:10.300,106843.75,0.0001,10.684375000000001
2025-10-17 23:06:10.301,106844.52,0.00026,27.7795752
2025-10-17 23:06:10.359,106845.53,0.00055,58.7650415
2025-10-17 23:06:10.393,106849.99,0.02508,2679.7977492000005
2025-10-17 23:06:10.440,106849.99,0.00936,1000.1159064000001
2025-10-17 23:06:10.449,106849.99,0.00027,28.849497300000003
2025-10-17 23:06:10.624,106849.99,0.00026,27.7809974
2025-10-17 23:06:10.659,106849.99,0.68156,72824.67918440001
2025-10-17 23:06:10.662,106851.23,5e-05,5.3425615
2025-10-17 23:06:10.758,106853.82,0.00114,121.8133548
2025-10-17 23:06:10.788,106853.83,0.02123,2268.5068109
2025-10-17 23:06:10.982,106853.82,0.00435,464.814117
2025-10-17 23:06:11.437,106855.09,5e-05,5.3427545
2025-10-17 23:06:11.439,106853.83,5e-05,5.3426915
2025-10-17 23:06:11.440,106856.94,0.0002,21.371388000000003
2025-10-17 23:06:12.467,106858.7,6e-05,6.411522
2025-10-17 23:06:13.027,106858.69,0.00043,45.9492367
2025-10-17 23:06:13.182,106858.69,0.00062,66.25238780000001
2025-10-17 23:06:13.615,106858.7,0.07572,8091.340764
2025-10-17 23:06:13.616,106859.3,0.00015,16.028895
2025-10-17 23:06:13.617,106859.38,5e-05,5.342969
2025-10-17 23:06:13.621,106863.25,6e-05,6.411795000000001
2025-10-17 23:06:13.831,106863.67,0.00338,361.19920460000003
2025-10-17 23:06:15.396,106863.68,0.00444,474.4747392
2025-10-17 23:06:15.399,106863.69,0.0019,203.041011
2025-10-17 23:06:15.415,106863.7,0.00251,268.227887
2025-10-17 23:06:15.517,106863.71,0.00228,243.6492588
2025-10-17 23:06:15.615,106863.72,0.0022,235.100184
2025-10-17 23:06:15.716,106863.73,0.00334,356.9248582
2025-10-17 23:06:15.730,106868.95,0.0002,21.37379
2025-10-17 23:06:15.817,106868.95,0.00018,19.236411
2025-10-17 23:06:15.833,106868.96,0.00048,51.2971008
2025-10-17 23:06:15.933,106868.95,0.00029,30.991995499999998
2025-10-17 23:06:16.029,106868.95,0.00089,95.11336549999999
2025-10-17 23:06:16.422,106868.96,0.01269,1356.1671024
2025-10-17 23:06:16.536,106868.96,0.00163,174.1964048
2025-10-17 23:06:17.039,106868.95,0.00018,19.236411
2025-10-17 23:06:17.268,106868.96,0.00047,50.228411200000004
2025-10-17 23:06:17.484,106868.96,7e-05,7.4808272
2025-10-17 23:06:17.512,106868.96,8e-05,8.549516800000001
2025-10-17 23:06:17.517,106868.96,0.00094,100.45682240000001
2025-10-17 23:06:17.543,106868.96,0.0001,10.686896
2025-10-17 23:06:17.633,106868.96,0.0001,10.686896
2025-10-17 23:06:17.818,106868.96,0.0001,10.686896
2025-10-17 23:06:18.083,106868.95,0.00451,481.9789645
2025-10-17 23:06:18.106,106868.96,0.0003,32.060688
2025-10-17 23:06:18.426,106868.96,0.00044,47.02234240000001
2025-10-17 23:06:18.796,106868.95,0.18705,19989.8370975
2025-10-17 23:06:18.877,106868.95,0.2556,27315.70362
2025-10-17 23:06:18.878,106868.95,0.04518,4828.339161
2025-10-17 23:06:18.881,106868.95,0.05315,5680.0846925000005
2025-10-17 23:06:18.887,106868.95,0.00015,16.0303425
2025-10-17 23:06:18.888,106868.84,0.00941,1005.6357843999999
2025-10-17 23:06:18.895,106868.8,0.00185,197.70728000000003
2025-10-17 23:06:18.902,106868.79,0.001,106.86878999999999
2025-10-17 23:06:18.947,106868.79,0.0011,117.555669
2025-10-17 23:06:18.948,106868.78,0.00065,69.46470699999999
2025-10-17 23:06:18.950,106868.78,0.001,106.86878
2025-10-17 23:06:18.980,106868.77,0.00265,283.2022405
2025-10-17 23:06:19.016,106863.68,0.00621,663.6234528
2025-10-17 23:06:19.018,106863.67,5e-05,5.3431835
2025-10-17 23:06:19.033,106861.48,0.0001,10.686148
2025-10-17 23:06:19.035,106861.48,0.001,106.86148
2025-10-17 23:06:19.130,106860.08,0.012,1282.32096
2025-10-17 23:06:19.131,106860.08,0.00157,167.7703256
2025-10-17 23:06:19.133,106859.4,0.18056,19294.533263999998
2025-10-17 23:06:19.138,106857.26,0.00183,195.5487858
2025-10-17 23:06:19.139,106857.26,0.00384,410.3318784
2025-10-17 23:06:19.140,106857.26,0.01227,1311.1385802
2025-10-17 23:06:19.143,106857.26,0.00135,144.257301
2025-10-17 23:06:19.144,106857.25,0.0011,117.54297500000001
2025-10-17 23:06:19.151,106857.26,0.001,106.85726
2025-10-17 23:06:19.771,106856.77,0.0006,64.11406199999999
2025-10-17 23:06:19.882,106856.76,0.00465,496.88393399999995
2025-10-17 23:06:19.897,106853.83,0.00015,16.0280745
2025-10-17 23:06:20.021,106853.82,0.00022,23.507840400000003
2025-10-17 23:06:20.898,106853.82,0.001,106.85382000000001
2025-10-17 23:06:20.899,106853.82,0.001,106.85382000000001
2025-10-17 23:06:20.988,106845.22,0.11045,11801.054549
2025-10-17 23:06:21.139,106845.23,0.00125,133.5565375
2025-10-17 23:06:21.562,106845.23,0.00033,35.2589259
2025-10-17 23:06:21.584,106845.23,0.00015,16.026784499999998
2025-10-17 23:06:21.646,106845.23,0.0095,1015.029685
2025-10-17 23:06:21.690,106845.23,0.00031,33.1220213
2025-10-17 23:06:22.077,106845.23,0.00219,233.9910537
2025-10-17 23:06:22.179,106845.23,0.00465,496.8303194999999
2025-10-17 23:06:22.617,106845.23,0.00656,700.9047088
2025-10-17 23:06:22.970,106845.23,6e-05,6.4107138
2025-10-17 23:06:23.017,106845.23,0.0001,10.684523
2025-10-17 23:06:23.028,106845.22,0.00047,50.2172534
2025-10-17 23:06:23.169,106845.23,9e-05,9.6160707
2025-10-17 23:06:23.626,106845.23,8e-05,8.547618400000001
2025-10-17 23:06:23.754,106845.22,0.00035,37.395827
2025-10-17 23:06:23.873,106845.22,0.20698,22114.8236356
2025-10-17 23:06:23.956,106845.21,0.00348,371.8213308
2025-10-17 23:06:24.111,106845.2,9e-05,9.616068
2025-10-17 23:06:24.168,106845.2,0.00187,199.800524
2025-10-17 23:06:24.169,106845.19,0.0012,128.214228
2025-10-17 23:06:24.173,106845.18,0.00025,26.711295
2025-10-17 23:06:24.184,106845.18,0.0023,245.743914
2025-10-17 23:06:24.628,106841.23,0.001,106.84123
2025-10-17 23:06:24.665,106841.23,0.00223,238.2559429
2025-10-17 23:06:24.819,106841.23,0.00062,66.2415626
2025-10-17 23:06:25.178,106841.23,0.00047,50.215378099999995
2025-10-17 23:06:25.291,106841.22,0.00082,87.6098004
2025-10-17 23:06:25.514,106841.23,0.00019,20.2998337
2025-10-17 23:06:26.161,106841.23,0.00012,12.8209476
2025-10-17 23:06:26.393,106841.22,0.00028,29.915541599999997
2025-10-17 23:06:26.912,106841.22,0.00065,69.446793
2025-10-17 23:06:27.219,106841.23,0.00025,26.7103075
2025-10-17 23:06:27.591,106841.23,0.0095,1014.991685
2025-10-17 23:06:27.636,106841.23,0.0095,1014.991685
2025-10-17 23:06:27.645,106841.23,0.0095,1014.991685
2025-10-17 23:06:29.230,106841.23,0.00871,930.5871133
2025-10-17 23:06:31.132,106841.23,0.01004,1072.6859492
2025-10-17 23:06:31.642,106841.22,0.00256,273.5135232
2025-10-17 23:06:31.728,106841.23,0.00046,49.1469658
2025-10-17 23:06:31.925,106841.22,0.00511,545.9586342
2025-10-17 23:06:32.268,106841.23,0.00435,464.7593504999999
2025-10-17 23:06:33.021,106841.22,0.00047,50.2153734
2025-10-17 23:06:34.066,106841.23,0.00121,129.2778883
2025-10-17 23:06:34.132,106841.23,0.00141,150.6461343
2025-10-17 23:06:34.429,106841.23,9e-05,9.615710700000001
2025-10-17 23:06:34.604,106841.22,0.00047,50.2153734
2025-10-17 23:06:34.612,106841.22,0.00898,959.4341556
2025-10-17 23:06:35.290,106841.23,9e-05,9.615710700000001
2025-10-17 23:06:35.348,106841.23,0.0003,32.052369
2025-10-17 23:06:36.441,106841.23,0.00093,99.3623439
2025-10-17 23:06:36.535,106841.22,7e-05,7.478885399999999
2025-10-17 23:06:37.510,106841.23,0.00018,19.231421400000002
2025-10-17 23:06:37.796,106841.23,0.00245,261.7610135
2025-10-17 23:06:38.440,106841.23,0.03171,3387.9354033
2025-10-17 23:06:38.759,106841.23,0.00244,260.69260119999996
2025-10-17 23:06:38.762,106841.24,0.07702,8228.9123048
2025-10-17 23:06:38.763,106841.41,0.0001,10.684141
2025-10-17 23:06:38.765,106843.61,0.0001,10.684361
2025-10-17 23:06:38.768,106845.52,0.00035,37.395932
2025-10-17 23:06:38.769,106845.52,0.03094,3305.8003888
2025-10-17 23:06:38.770,106845.52,0.21494,22965.3760688
2025-10-17 23:06:38.771,106845.52,0.00015,16.026828
2025-10-17 23:06:38.773,106849.92,0.00015,16.027487999999998
2025-10-17 23:06:38.777,106849.94,0.05177,5531.6213938
2025-10-17 23:06:39.603,106850.11,0.0001,10.685011000000001
2025-10-17 23:06:40.075,106851.42,0.00015,16.027713
2025-10-17 23:06:40.079,106851.42,0.09607,10265.2159194
2025-10-17 23:06:40.114,106851.42,0.0002,21.370284
2025-10-17 23:06:40.362,106851.43,0.00015,16.0277145
2025-10-17 23:06:43.211,106851.43,0.00025,26.7128575
2025-10-17 23:06:43.215,106854.02,5e-05,5.342701000000001
2025-10-17 23:06:43.318,106855.91,0.0002,21.371182
2025-10-17 23:06:43.839,106856.31,0.00103,110.06199930000001
2025-10-17 23:06:44.332,106856.32,0.00013,13.8913216
2025-10-17 23:06:44.533,106856.31,0.00521,556.7213751
2025-10-17 23:06:44.815,106856.32,0.00014,14.9598848
2025-10-17 23:06:45.227,106856.32,0.00017,18.165574400000004
2025-10-17 23:06:45.490,106856.32,0.0001,10.685632000000002
2025-10-17 23:06:45.916,106856.32,0.0006,64.113792
2025-10-17 23:06:47.218,106856.32,7e-05,7.4799424
2025-10-17 23:06:48.611,106856.32,0.00023,24.576953600000003
2025-10-17 23:06:48.937,106856.32,0.0001,10.685632000000002
2025-10-17 23:06:49.588,106856.31,0.00092,98.3078052
2025-10-17 23:06:50.335,106856.32,0.00244,260.7294208
2025-10-17 23:06:50.673,106856.31,0.001,106.85631
2025-10-17 23:06:50.940,106856.32,0.00609,650.7549888
2025-10-17 23:06:51.251,106856.32,0.00747,798.2167104
2025-10-17 23:06:51.583,106856.31,8e-05,8.5485048
2025-10-17 23:06:51.659,106856.31,7e-05,7.4799416999999995
2025-10-17 23:06:52.017,106856.31,0.0049,523.595919
2025-10-17 23:06:52.311,106856.31,0.00055,58.770970500000004
2025-10-17 23:06:52.427,106856.32,9e-05,9.617068800000002
2025-10-17 23:06:52.682,106856.31,0.0001,10.685631
2025-10-17 23:06:52.710,106856.31,7e-05,7.4799416999999995
2025-10-17 23:06:53.369,106856.31,0.0009,96.17067899999999
2025-10-17 23:06:53.576,106856.32,6e-05,6.411379200000001
2025-10-17 23:06:53.716,106856.31,0.01246,1331.4296226000001
2025-10-17 23:06:54.336,106856.31,0.0001,10.685631
2025-10-17 23:06:55.170,106856.32,0.00375,400.7112
2025-10-17 23:06:55.286,106856.31,0.00047,50.2224657
2025-10-17 23:06:55.362,106856.31,0.012,1282.27572
2025-10-17 23:06:55.363,106856.31,0.012,1282.27572
2025-10-17 23:06:55.742,106856.32,9e-05,9.617068800000002
2025-10-17 23:06:55.823,106856.32,0.00085,90.827872
2025-10-17 23:06:56.079,106856.32,0.00047,50.2224704
2025-10-17 23:06:56.262,106856.32,0.00936,1000.1751552000001
2025-10-17 23:06:56.656,106856.32,0.00059,63.045228800000004
2025-10-17 23:06:57.049,106856.31,0.00112,119.67906719999999
2025-10-17 23:06:57.074,106856.31,0.012,1282.27572
2025-10-17 23:06:57.492,106856.32,0.00011,11.754195200000002
2025-10-17 23:06:58.919,106856.32,0.00375,400.7112
2025-10-17 23:06:59.624,106856.31,0.00011,11.7541941
2025-10-17 23:06:59.979,106856.31,0.00046,49.1539026
2025-10-17 23:07:00.857,106856.31,0.00013,13.891320299999999
2025-10-17 23:07:01.072,106856.31,0.00013,13.891320299999999
2025-10-17 23:07:01.402,106856.31,0.00387,413.5339197
2025-10-17 23:07:01.532,106856.32,0.0001,10.685632000000002
2025-10-17 23:07:01.634,106856.31,6e-05,6.4113786
2025-10-17 23:07:03.720,106856.32,0.00077,82.2793664
2025-10-17 23:07:03.878,106856.31,0.0001,10.685631
2025-10-17 23:07:04.523,106856.32,0.00076,81.21080320000002
2025-10-17 23:07:04.669,106856.31,0.00191,204.0955521
2025-10-17 23:07:05.566,106856.31,0.00962,1027.9577022
2025-10-17 23:07:05.697,106856.31,8e-05,8.5485048
2025-10-17 23:07:05.720,106856.31,0.00012,12.8227572
2025-10-17 23:07:05.773,106856.31,9e-05,9.6170679
2025-10-17 23:07:05.810,106856.31,0.00015,16.028446499999998
2025-10-17 23:07:06.353,106856.31,0.00374,399.6425994
2025-10-17 23:07:07.934,106856.31,0.0003,32.056892999999995
2025-10-17 23:07:07.968,106856.32,0.3,32056.896
2025-10-17 23:07:08.470,106856.31,0.00022,23.5083882
2025-10-17 23:07:08.803,106856.31,0.001,106.85631
2025-10-17 23:07:09.594,106856.31,7e-05,7.4799416999999995
2025-10-17 23:07:10.409,106856.32,0.0002,21.371264000000004
2025-10-17 23:07:10.655,106856.31,8e-05,8.5485048
2025-10-17 23:07:10.705,106856.31,0.00015,16.028446499999998
2025-10-17 23:07:10.731,106856.31,0.00019,20.3026989
2025-10-17 23:07:10.774,106856.31,0.00017,18.165572700000002
2025-10-17 23:07:11.133,106856.32,0.00024,25.645516800000003
2025-10-17 23:07:11.285,106856.32,6e-05,6.411379200000001
2025-10-17 23:07:11.521,106856.31,0.00112,119.67906719999999
2025-10-17 23:07:11.578,106856.31,8e-05,8.5485048
2025-10-17 23:07:12.871,106856.32,0.00107,114.33626240000001
2025-10-17 23:07:13.869,106856.32,0.00389,415.6710848
2025-10-17 23:07:13.888,106856.32,0.00047,50.2224704
2025-10-17 23:07:14.294,106856.31,0.02079,2221.5426849
2025-10-17 23:07:15.088,106856.31,0.00221,236.15244510000002
2025-10-17 23:07:15.090,106856.31,0.00065,69.45660149999999
2025-10-17 23:07:15.989,106856.31,9e-05,9.6170679
2025-10-17 23:07:16.041,106856.32,0.00012,12.822758400000001
2025-10-17 23:07:17.775,106856.32,0.00057,60.908102400000004
2025-10-17 23:07:18.143,106856.32,0.00018,19.234137600000004
2025-10-17 23:07:18.325,106856.31,0.08,8548.5048
2025-10-17 23:07:18.329,106856.31,0.012,1282.27572
2025-10-17 23:07:18.333,106856.31,0.012,1282.27572
2025-10-17 23:07:18.343,106856.31,0.02857,3052.8847767
2025-10-17 23:07:18.358,106856.31,0.0012,128.22757199999998
2025-10-17 23:07:18.550,106856.32,0.00012,12.822758400000001
2025-10-17 23:07:18.621,106856.31,9e-05,9.6170679
2025-10-17 23:07:18.728,106856.31,0.00016,17.0970096
2025-10-17 23:07:18.897,106856.31,0.00024,25.6455144
2025-10-17 23:07:19.570,106856.32,0.00016,17.0970112
2025-10-17 23:07:20.020,106856.31,0.00013,13.891320299999999
2025-10-17 23:07:20.140,106856.32,0.00155,165.627296
2025-10-17 23:07:20.707,106856.31,0.012,1282.27572
2025-10-17 23:07:20.781,106856.32,0.0058,619.766656
2025-10-17 23:07:21.276,106856.32,0.00059,63.045228800000004
2025-10-17 23:07:21.357,106856.31,0.012,1282.27572
2025-10-17 23:07:21.742,106856.32,0.002,213.71264000000002
2025-10-17 23:07:22.613,106856.31,0.00381,407.1225411
2025-10-17 23:07:23.767,106856.31,0.00402,429.5623662
2025-10-17 23:07:25.056,106856.31,0.00824,880.4959944000001
2025-10-17 23:07:26.187,106856.31,0.00047,50.2224657
2025-10-17 23:07:28.517,106856.32,0.00024,25.645516800000003
2025-10-17 23:07:29.069,106856.32,0.00093,99.37637760000001
2025-10-17 23:07:29.277,106856.31,0.01313,1403.0233503
2025-10-17 23:07:29.675,106856.31,0.01,1068.5631
2025-10-17 23:07:29.677,106856.31,0.01,1068.5631
2025-10-17 23:07:29.927,106856.31,0.01,1068.5631
2025-10-17 23:07:29.956,106856.31,0.01,1068.5631
2025-10-17 23:07:30.018,106856.31,0.00025,26.7140775
2025-10-17 23:07:30.074,106856.31,0.01,1068.5631
2025-10-17 23:07:30.075,106856.31,0.01,1068.5631
2025-10-17 23:07:30.124,106856.32,9e-05,9.617068800000002
2025-10-17 23:07:30.462,106856.31,0.01,1068.5631
2025-10-17 23:07:30.576,106856.31,0.01,1068.5631
2025-10-17 23:07:30.606,106856.31,0.02857,3052.8847767
2025-10-17 23:07:30.608,106856.31,0.01,1068.5631
2025-10-17 23:07:30.712,106856.31,0.01,1068.5631
2025-10-17 23:07:31.103,106856.32,0.00141,150.6674112
2025-10-17 23:07:31.104,106856.32,0.00141,150.6674112
2025-10-17 23:07:31.105,106856.32,0.00082,87.6221824
2025-10-17 23:07:31.106,106856.32,0.00082,87.6221824
2025-10-17 23:07:31.107,106856.32,0.00087,92.96499840000001
2025-10-17 23:07:31.128,106856.32,0.00295,315.22614400000003
2025-10-17 23:07:31.378,106856.31,0.04965,5305.4157915
2025-10-17 23:07:31.569,106856.32,0.00093,99.37637760000001
2025-10-17 23:07:32.198,106856.32,0.0006,64.113792
2025-10-17 23:07:32.447,106856.32,0.0004,42.74252800000001
2025-10-17 23:07:32.733,106856.32,0.00022,23.508390400000003
2025-10-17 23:07:33.689,106856.31,8e-05,8.5485048
2025-10-17 23:07:34.810,106856.32,0.00011,11.754195200000002
2025-10-17 23:07:35.051,106856.32,0.00028,29.9197696
2025-10-17 23:07:36.218,106856.31,0.00028,29.919766799999998
2025-10-17 23:07:36.578,106856.31,7e-05,7.4799416999999995
2025-10-17 23:07:37.286,106856.32,0.00062,66.2509184
2025-10-17 23:07:39.174,106856.31,0.001,106.85631
2025-10-17 23:07:39.713,106856.32,0.00112,119.6790784
2025-10-17 23:07:40.655,106856.32,0.00048,51.291033600000006
2025-10-17 23:07:40.694,106856.31,0.00152,162.4215912
2025-10-17 23:07:42.320,106856.31,0.00011,11.7541941
2025-10-17 23:07:43.662,106856.31,9e-05,9.6170679
2025-10-17 23:07:43.995,106856.31,0.00047,50.2224657
2025-10-17 23:07:44.103,106856.32,0.00047,50.2224704
2025-10-17 23:07:44.993,106856.31,0.00604,645.4121124
2025-10-17 23:07:45.900,106856.32,0.02873,3069.9820736
2025-10-17 23:07:45.951,106856.32,9e-05,9.617068800000002
2025-10-17 23:07:46.145,106856.32,0.00047,50.2224704
2025-10-17 23:07:46.651,106856.31,0.00025,26.7140775
2025-10-17 23:07:48.434,106856.31,0.00062,66.2509122
2025-10-17 23:07:49.096,106856.32,0.00046,49.153907200000006
2025-10-17 23:07:49.149,106856.32,0.00151,161.35304320000003
2025-10-17 23:07:49.956,106856.31,8e-05,8.5485048
2025-10-17 23:07:50.972,106856.32,0.00093,99.37637760000001
2025-10-17 23:07:51.333,106856.31,0.00293,313.0889883
2025-10-17 23:07:51.486,106856.31,0.5287,56494.93109699999
2025-10-17 23:07:51.718,106856.31,0.00709,757.6112379
2025-10-17 23:07:52.945,106856.31,0.012,1282.27572
2025-10-17 23:07:52.946,106856.31,0.012,1282.27572
2025-10-17 23:07:53.930,106856.31,0.012,1282.27572
2025-10-17 23:07:54.945,106856.32,0.00093,99.37637760000001
2025-10-17 23:07:55.526,106856.31,0.13177,14080.4559687
2025-10-17 23:07:55.922,106856.31,0.012,1282.27572
2025-10-17 23:07:56.072,106856.32,0.00055,58.770976000000005
2025-10-17 23:07:56.568,106856.31,0.00053,56.6338443
2025-10-17 23:07:57.165,106856.31,0.00137,146.3931447
2025-10-17 23:07:57.315,106856.31,0.012,1282.27572
2025-10-17 23:07:57.455,106856.32,7e-05,7.4799424
2025-10-17 23:07:57.485,106856.32,0.00012,12.822758400000001
2025-10-17 23:07:57.866,106856.32,0.00172,183.7928704
2025-10-17 23:07:58.013,106856.32,0.00015,16.028448
2025-10-17 23:07:58.056,106856.32,0.00135,144.256032
2025-10-17 23:07:59.605,106856.31,9e-05,9.6170679
2025-10-17 23:07:59.734,106856.32,7e-05,7.4799424
2025-10-17 23:08:00.192,106856.32,0.00035,37.399712
2025-10-17 23:08:01.333,106856.32,0.0006,64.113792
2025-10-17 23:08:02.057,106856.31,0.00481,513.9788511
2025-10-17 23:08:03.870,106856.31,0.00022,23.5083882
2025-10-17 23:08:04.577,106856.32,0.00613,655.0292416000001
2025-10-17 23:08:04.586,106856.32,0.00061,65.1823552
2025-10-17 23:08:04.742,106856.31,0.00012,12.8227572
2025-10-17 23:08:06.084,106856.32,0.00264,282.1006848
2025-10-17 23:08:06.149,106856.31,0.00217,231.8781927
2025-10-17 23:08:06.239,106856.31,0.08,8548.5048
2025-10-17 23:08:06.240,106851.83,0.04904,5240.0137432
2025-10-17 23:08:06.242,106850.71,0.04,4274.0284
2025-10-17 23:08:06.253,106850.71,0.012,1282.2085200000001
2025-10-17 23:08:06.254,106850.71,0.00597,637.8987387
2025-10-17 23:08:06.255,106850.71,0.00829,885.7923859000001
2025-10-17 23:08:06.259,106850.71,0.012,1282.2085200000001
2025-10-17 23:08:06.280,106850.71,0.00188,200.8793348
2025-10-17 23:08:06.284,106850.71,0.00025,26.7126775
2025-10-17 23:08:06.385,106850.71,7e-05,7.4795497
2025-10-17 23:08:06.881,106850.72,0.00413,441.2934736
2025-10-17 23:08:06.901,106850.72,8e-05,8.5480576
2025-10-17 23:08:07.324,106850.71,0.005,534.25355
2025-10-17 23:08:08.144,106850.71,0.002,213.70142
2025-10-17 23:08:08.381,106850.72,0.00043,45.9458096
2025-10-17 23:08:08.667,106850.71,0.002,213.70142
2025-10-17 23:08:08.743,106850.71,7e-05,7.4795497
2025-10-17 23:08:09.497,106850.72,0.00014,14.959100799999998
2025-10-17 23:08:10.638,106850.71,0.00341,364.3609211
2025-10-17 23:08:10.821,106850.72,0.00099,105.7822128
2025-10-17 23:08:11.082,106850.72,0.00128,136.7689216
2025-10-17 23:08:11.544,106850.71,0.00013,13.8905923
2025-10-17 23:08:11.570,106850.72,0.00468,500.06136960000003
2025-10-17 23:08:11.576,106850.71,7e-05,7.4795497
2025-10-17 23:08:13.190,106850.72,0.00062,66.2474464
2025-10-17 23:08:14.210,106850.71,0.00047,50.2198337
2025-10-17 23:08:14.518,106850.71,0.00088,94.0286248
2025-10-17 23:08:15.046,106850.72,0.00284,303.45604480000003
2025-10-17 23:08:15.432,106850.72,0.00083,88.6860976
2025-10-17 23:08:15.532,106850.71,0.00012,12.822085200000002
2025-10-17 23:08:15.961,106850.72,0.00935,999.0542320000001
2025-10-17 23:08:15.976,106850.72,0.00056,59.83640319999999
2025-10-17 23:08:16.022,106850.71,0.00014,14.9590994
2025-10-17 23:08:16.253,106850.71,0.00047,50.2198337
2025-10-17 23:08:16.569,106850.72,0.00094,100.4396768
2025-10-17 23:08:16.685,106850.72,0.00015,16.027607999999997
2025-10-17 23:08:16.937,106850.72,0.00015,16.027607999999997
2025-10-17 23:08:16.940,106850.72,8e-05,8.5480576
2025-10-17 23:08:16.982,106850.72,0.00047,50.2198384
2025-10-17 23:08:17.043,106850.72,0.00047,50.2198384
2025-10-17 23:08:17.263,106850.72,0.00015,16.027607999999997
2025-10-17 23:08:17.443,106850.72,0.0001,10.685072
2025-10-17 23:08:17.810,106850.72,0.0001,10.685072
2025-10-17 23:08:17.983,106850.72,0.00029,30.9867088
2025-10-17 23:08:18.092,106850.72,0.0001,10.685072
2025-10-17 23:08:18.853,106850.72,0.02808,3000.3682176
2025-10-17 23:08:19.082,106850.72,0.03196,3414.9490112000003
2025-10-17 23:08:19.162,106850.71,0.00021,22.438649100000003
2025-10-17 23:08:19.283,106850.72,0.00021,22.438651200000002
2025-10-17 23:08:19.425,106850.71,9e-05,9.616563900000001
2025-10-17 23:08:20.649,106850.71,0.0001,10.685071
2025-10-17 23:08:21.933,106850.72,0.00023,24.5756656
2025-10-17 23:08:22.072,106850.72,0.00059,63.041924800000004
2025-10-17 23:08:22.781,106850.72,0.0001,10.685072
2025-10-17 23:08:23.918,106850.72,0.00051,54.493867200000004
2025-10-17 23:08:24.439,106850.72,0.00023,24.5756656
2025-10-17 23:08:24.738,106850.72,0.00016,17.0961152
2025-10-17 23:08:25.039,106850.72,6e-05,6.4110432
2025-10-17 23:08:26.270,106850.72,0.00106,113.26176319999999
2025-10-17 23:08:26.447,106850.72,0.01076,1149.7137472000002
2025-10-17 23:08:27.031,106850.72,0.00312,333.3742464
2025-10-17 23:08:27.692,106850.72,0.00015,16.027607999999997
2025-10-17 23:08:28.669,106850.71,0.001,106.85071
2025-10-17 23:08:29.027,106850.71,0.00432,461.5950672
2025-10-17 23:08:29.583,106850.72,0.0007,74.795504
2025-10-17 23:08:30.739,106850.72,0.00512,547.0756864
2025-10-17 23:08:31.185,106850.72,5e-05,5.342536
2025-10-17 23:08:31.881,106850.71,0.0001,10.685071
2025-10-17 23:08:32.814,106850.71,0.00082,87.6175822
2025-10-17 23:08:32.815,106850.71,0.00092,98.30265320000001
2025-10-17 23:08:32.816,106850.71,0.00093,99.37116030000001
2025-10-17 23:08:32.986,106850.71,0.00104,111.1247384
2025-10-17 23:08:33.091,106850.72,0.01714,1831.4213407999998
2025-10-17 23:08:33.104,106850.72,0.00022,23.5071584
2025-10-17 23:08:33.596,106850.72,0.00037,39.5347664
2025-10-17 23:08:33.843,106850.72,0.00233,248.96217760000002
2025-10-17 23:08:34.402,106850.71,0.006,641.1042600000001
2025-10-17 23:08:35.048,106850.72,0.07487,7999.913406400001
2025-10-17 23:08:35.174,106850.71,0.00125,133.5633875
2025-10-17 23:08:35.746,106850.72,0.00038,40.6032736
2025-10-17 23:08:36.392,106850.72,0.00847,905.0255984
2025-10-17 23:08:36.442,106850.72,0.02291,2447.9499952
2025-10-17 23:08:37.402,106850.71,0.00185,197.67381350000002
2025-10-17 23:08:37.785,106850.72,0.0024,256.44172799999996
2025-10-17 23:08:38.106,106850.71,0.00046,49.151326600000004
2025-10-17 23:08:38.397,106850.72,0.00024,25.6441728
2025-10-17 23:08:39.014,106850.71,0.00037,39.5347627
2025-10-17 23:08:40.147,106850.72,0.00087,92.96012640000001
2025-10-17 23:08:40.462,106850.71,0.08352,8924.1712992
2025-10-17 23:08:41.583,106850.71,0.0001,10.685071
2025-10-17 23:08:42.140,106850.72,0.00296,316.2781312
2025-10-17 23:08:43.550,106850.72,5e-05,5.342536
2025-10-17 23:08:43.638,106850.71,0.1365,14585.121915000002
2025-10-17 23:08:43.728,106850.71,0.00026,27.7811846
2025-10-17 23:08:43.834,106850.71,7e-05,7.4795497
2025-10-17 23:08:44.586,106850.72,0.00613,654.9949136
2025-10-17 23:08:44.834,106850.71,0.00102,108.98772420000002
2025-10-17 23:08:44.846,106850.72,0.00032,34.1922304
2025-10-17 23:08:45.159,106850.71,0.00042,44.877298200000006
2025-10-17 23:08:45.995,106850.72,0.00026,27.781187199999998
2025-10-17 23:08:46.035,106850.72,9e-05,9.6165648
2025-10-17 23:08:46.132,106850.72,0.00015,16.027607999999997
2025-10-17 23:08:47.152,106850.71,0.00047,50.2198337
2025-10-17 23:08:48.370,106850.72,0.00021,22.438651200000002
2025-10-17 23:08:50.418,106850.72,0.0028,299.182016
2025-10-17 23:08:50.932,106850.71,0.00452,482.9652092
2025-10-17 23:08:51.629,106850.71,0.00274,292.7709454
2025-10-17 23:08:52.868,106850.72,0.00021,22.438651200000002
2025-10-17 23:08:53.225,106850.71,0.00016,17.096113600000002
2025-10-17 23:08:53.885,106850.72,0.0028,299.182016
2025-10-17 23:08:54.408,106850.72,0.00151,161.3445872
2025-10-17 23:08:54.689,106850.72,0.00246,262.8527712
2025-10-17 23:08:55.022,106850.71,0.0015,160.27606500000002
2025-10-17 23:08:55.195,106850.72,0.00097,103.64519840000001
2025-10-17 23:08:55.240,106850.71,0.00094,100.4396674
2025-10-17 23:08:57.041,106850.72,0.00046,49.1513312
2025-10-17 23:08:57.139,106850.71,0.00026,27.7811846
2025-10-17 23:08:57.344,106850.72,0.00012,12.8220864
2025-10-17 23:08:57.473,106850.72,9e-05,9.6165648
2025-10-17 23:08:58.585,106850.72,6e-05,6.4110432
2025-10-17 23:08:58.596,106850.72,0.00056,59.83640319999999
2025-10-17 23:08:58.604,106850.71,0.00935,999.0541385000001
2025-10-17 23:09:00.085,106850.72,0.00047,50.2198384
2025-10-17 23:09:01.427,106850.71,0.02014,2151.9732994
2025-10-17 23:09:01.594,106850.71,0.00049,52.3568479
2025-10-17 23:09:01.666,106850.72,0.00015,16.027607999999997
2025-10-17 23:09:02.525,106856.32,0.01373,1467.1372736
2025-10-17 23:09:02.713,106856.31,0.00527,563.1327537000001
2025-10-17 23:09:02.811,106856.31,0.00028,29.919766799999998
2025-10-17 23:09:03.162,106856.32,0.00178,190.2042496
2025-10-17 23:09:03.985,106856.31,5e-05,5.3428155
2025-10-17 23:09:04.799,106856.32,0.00508,542.8301056
2025-10-17 23:09:05.015,106856.31,0.00082,87.62217419999999
2025-10-17 23:09:05.408,106856.31,0.00816,871.9474896
2025-10-17 23:09:05.513,106856.32,0.00014,14.9598848
2025-10-17 23:09:06.385,106856.32,0.00306,326.9803392
2025-10-17 23:09:06.451,106856.32,0.00071,75.8679872
2025-10-17 23:09:06.454,106856.31,0.0369,3942.997839
2025-10-17 23:09:07.115,106856.32,0.00047,50.2224704
2025-10-17 23:09:08.458,106856.32,0.00093,99.37637760000001
2025-10-17 23:09:10.801,106856.31,0.00954,1019.4091973999999
2025-10-17 23:09:11.487,106857.73,5e-05,5.3428865
2025-10-17 23:09:11.581,106858.58,6e-05,6.4115148
2025-10-17 23:09:11.764,106858.58,0.00019,20.303130200000002
2025-10-17 23:09:11.765,106859.95,0.00015,16.028992499999998
2025-10-17 23:09:12.127,106861.1,0.0501,5353.74111
2025-10-17 23:09:12.128,106863.34,0.01212,1295.1836808
2025-10-17 23:09:12.131,106863.34,0.00025,26.715835
2025-10-17 23:09:12.142,106863.34,0.00231,246.8543154
2025-10-17 23:09:12.145,106863.59,0.0018,192.35446199999998
2025-10-17 23:09:12.166,106863.93,0.00015,16.029589499999997
2025-10-17 23:09:12.274,106863.94,0.0026,277.846244
2025-10-17 23:09:14.222,106864.94,0.00384,410.36136960000005
2025-10-17 23:09:16.577,106865.39,8e-05,8.549231200000001
2025-10-17 23:09:17.570,106865.4,0.01458,1558.0975319999998
2025-10-17 23:09:17.572,106866.5,6e-05,6.41199
2025-10-17 23:09:18.318,106867.1,0.0001,10.686710000000001
2025-10-17 23:09:18.319,106868.16,0.00015,16.030224
2025-10-17 23:09:18.390,106868.95,0.00016,17.099032
2025-10-17 23:09:20.093,106868.96,0.00054,57.709238400000004
2025-10-17 23:09:21.054,106868.96,0.00242,258.6228832
2025-10-17 23:09:22.219,106868.96,0.00017,18.1677232
2025-10-17 23:09:22.711,106868.96,0.00066,70.5335136
2025-10-17 23:09:23.612,106868.98,0.0001,10.686898
2025-10-17 23:09:23.614,106870.39,0.00128,136.7940992
2025-10-17 23:09:23.626,106870.4,0.00243,259.695072
2025-10-17 23:09:24.168,106871.34,0.00106,113.28362039999999
2025-10-17 23:09:24.694,106871.34,0.0001,10.687134
2025-10-17 23:09:27.024,106871.68,0.00015,16.030751999999996
2025-10-17 23:09:28.474,106874.56,0.0001,10.687456000000001
2025-10-17 23:09:28.475,106876.63,0.00015,16.0314945
2025-10-17 23:09:28.949,106876.63,0.00018,19.2377934
2025-10-17 23:09:30.610,106876.64,0.00115,122.908136
2025-10-17 23:09:31.410,106876.64,0.00228,243.6787392
2025-10-17 23:09:32.016,106876.63,0.01997,2134.3263011000004
2025-10-17 23:09:32.017,106876.64,0.00143,152.83359520000002
2025-10-17 23:09:32.514,106876.64,0.00014,14.9627296
2025-10-17 23:09:33.117,106876.63,0.00036,38.4755868
2025-10-17 23:09:33.178,106876.63,0.01,1068.7663
2025-10-17 23:09:33.503,106876.64,0.00313,334.5238832
2025-10-17 23:09:33.570,106876.64,0.00214,228.7160096
2025-10-17 23:09:34.405,106876.64,8e-05,8.550131200000001
2025-10-17 23:09:34.912,106876.63,0.00027,28.8566901
2025-10-17 23:09:35.752,106876.64,0.00327,349.4866128
2025-10-17 23:09:36.515,106878.35,0.00277,296.0530295
2025-10-17 23:09:36.715,106878.36,0.00221,236.20117560000003
2025-10-17 23:09:37.155,106878.36,7e-05,7.481485199999999
2025-10-17 23:09:37.162,106878.36,0.00025,26.71959
2025-10-17 23:09:37.222,106878.36,0.00047,50.2328292
2025-10-17 23:09:38.174,106878.36,0.012,1282.54032
2025-10-17 23:09:38.371,106878.36,0.00464,495.9155904
2025-10-17 23:09:38.376,106878.36,0.00235,251.16414600000002
2025-10-17 23:09:38.443,106876.63,0.04895,5231.6110385
2025-10-17 23:09:38.444,106876.63,0.02192,2342.7357296
2025-10-17 23:09:38.449,106876.63,0.02842,3037.4338246
2025-10-17 23:09:38.479,106874.78,0.16,17099.9648
2025-10-17 23:09:38.480,106874.78,0.04,4274.9912
2025-10-17 23:09:38.481,106874.09,0.00384,410.3965056
2025-10-17 23:09:38.483,106872.7,0.0002,21.37454
2025-10-17 23:09:38.484,106872.36,0.001,106.87236
2025-10-17 23:09:38.486,106871.33,0.0167,1784.751211
2025-10-17 23:09:38.502,106869.75,0.00025,26.7174375
2025-10-17 23:09:38.503,106869.75,0.00149,159.2359275
2025-10-17 23:09:38.600,106868.95,0.00312,333.431124
2025-10-17 23:09:38.613,106868.94,0.00205,219.08132700000002
2025-10-17 23:09:38.720,106864.99,0.0001,10.686499000000001
2025-10-17 23:09:38.852,106856.32,0.00166,177.3814912
2025-10-17 23:09:38.888,106850.74,8e-05,8.5480592
2025-10-17 23:09:39.283,106850.75,0.00328,350.47046
2025-10-17 23:09:39.618,106850.74,0.00012,12.822088800000001
2025-10-17 23:09:39.624,106850.74,0.00123,131.4264102
2025-10-17 23:09:41.536,106850.74,0.00025,26.712685
2025-10-17 23:09:42.471,106850.75,0.00206,220.112545
2025-10-17 23:09:43.030,106850.74,0.00685,731.9275690000001
2025-10-17 23:09:43.039,106850.74,0.00685,731.9275690000001
2025-10-17 23:09:43.042,106850.74,0.012,1282.2088800000001
2025-10-17 23:09:43.043,106850.74,0.012,1282.2088800000001
2025-10-17 23:09:43.347,106850.74,0.152,16241.31248
2025-10-17 23:09:43.369,106850.74,0.00186,198.7423764
2025-10-17 23:09:43.428,106850.74,0.08,8548.0592
2025-10-17 23:09:43.430,106850.74,0.01599,1708.5433326000002
2025-10-17 23:09:43.431,106850.74,0.01599,1708.5433326000002
2025-10-17 23:09:44.292,106850.74,0.00026,27.7811924
2025-10-17 23:09:44.949,106850.75,0.00264,282.08598
2025-10-17 23:09:44.951,106850.74,0.06467,6910.037355800001
2025-10-17 23:09:44.969,106850.74,0.00723,772.5308502
2025-10-17 23:09:45.387,106850.74,6e-05,6.411044400000001
2025-10-17 23:09:45.599,106850.74,0.012,1282.2088800000001
2025-10-17 23:09:46.588,106850.74,8e-05,8.5480592
2025-10-17 23:09:46.727,106850.74,0.012,1282.2088800000001
2025-10-17 23:09:46.862,106850.75,0.00053,56.630897499999996
2025-10-17 23:09:47.618,106850.75,0.00012,12.822090000000001
2025-10-17 23:09:48.267,106850.74,0.00103,110.05626220000002
2025-10-17 23:09:48.858,106850.75,0.00124,132.49493
2025-10-17 23:09:49.817,106850.75,9e-05,9.6165675
2025-10-17 23:09:49.920,106850.75,8e-05,8.548060000000001
2025-10-17 23:09:50.240,106850.74,0.00036,38.4662664
2025-10-17 23:09:50.304,106850.74,0.02376,2538.7735824
2025-10-17 23:09:52.319,106850.75,0.00053,56.630897499999996
2025-10-17 23:09:53.582,106850.74,0.02148,2295.1538952
2025-10-17 23:09:53.686,106850.75,0.00014,14.959105
2025-10-17 23:09:54.022,106850.74,0.01064,1136.8918736
2025-10-17 23:09:54.419,106850.75,0.0001,10.685075000000001
2025-10-17 23:09:54.784,106850.74,0.00432,461.59519680000005
2025-10-17 23:09:54.918,106850.74,0.00021,22.438655400000002
2025-10-17 23:09:55.001,106850.74,0.00057,60.904921800000004
2025-10-17 23:09:55.921,106850.74,0.00042,44.877310800000004
2025-10-17 23:09:56.241,106850.75,0.00305,325.8947875
2025-10-17 23:09:57.243,106850.75,0.00086,91.891645
2025-10-17 23:09:58.442,106850.75,0.00212,226.52358999999998
2025-10-17 23:09:58.990,106850.74,0.02862,3058.0681788
2025-10-17 23:09:59.465,106850.74,0.02583,2759.9546142
2025-10-17 23:09:59.579,106850.75,0.0014,149.59105
2025-10-17 23:10:00.480,106850.74,0.0227,2425.5117980000005
2025-10-17 23:10:00.720,106850.74,0.00052,55.5623848
2025-10-17 23:10:01.723,106850.74,0.00301,321.6207274
2025-10-17 23:10:01.866,106850.74,0.27184,29046.305161600005
2025-10-17 23:10:02.531,106850.75,0.00067,71.5900025
2025-10-17 23:10:02.919,106850.75,0.00047,50.2198525
2025-10-17 23:10:03.313,106850.75,0.00351,375.0461325
2025-10-17 23:10:03.353,106850.74,0.00529,565.2404146000001
2025-10-17 23:10:04.813,106850.74,6e-05,6.411044400000001
2025-10-17 23:10:06.015,106850.74,0.0003,32.055222
2025-10-17 23:10:07.423,106850.75,0.01872,2000.24604
2025-10-17 23:10:07.839,106850.75,0.00018,19.233135
2025-10-17 23:10:08.302,106850.74,0.00025,26.712685
2025-10-17 23:10:08.704,106850.75,0.00021,22.4386575
2025-10-17 23:10:08.772,106850.75,0.00056,59.83642
2025-10-17 23:10:08.872,106850.75,0.00906,968.067795
2025-10-17 23:10:10.155,106850.75,0.00057,60.9049275
2025-10-17 23:10:10.279,106850.74,0.00012,12.822088800000001
2025-10-17 23:10:10.345,106850.75,0.00037,39.5347775
2025-10-17 23:10:10.860,106850.75,0.002,213.7015
2025-10-17 23:10:12.573,106850.75,0.00683,729.7906225
2025-10-17 23:10:12.788,106850.74,0.00012,12.822088800000001
2025-10-17 23:10:13.479,106850.74,0.00026,27.7811924
2025-10-17 23:10:16.533,106850.75,0.02808,3000.36906
2025-10-17 23:10:18.620,106850.74,0.00164,175.2352136
2025-10-17 23:10:18.837,106850.74,0.02726,2912.7511724
2025-10-17 23:10:19.561,106850.74,0.00685,731.9275690000001
2025-10-17 23:10:19.566,106850.74,0.0002,21.370148
2025-10-17 23:10:20.023,106850.74,0.00025,26.712685
2025-10-17 23:10:20.237,106850.74,0.00068,72.65850320000001
2025-10-17 23:10:20.733,106850.75,0.00067,71.5900025
2025-10-17 23:10:20.832,106850.74,0.00036,38.4662664
2025-10-17 23:10:21.097,106850.75,0.00015,16.0276125
2025-10-17 23:10:21.582,106850.74,6e-05,6.411044400000001
2025-10-17 23:10:21.670,106850.74,0.0003,32.055222
2025-10-17 23:10:21.810,106850.74,0.00594,634.6933956
2025-10-17 23:10:22.029,106850.74,0.00685,731.9275690000001
2025-10-17 23:10:22.222,106850.74,0.00348,371.84057520000005
2025-10-17 23:10:23.000,106850.75,5e-05,5.342537500000001
2025-10-17 23:10:24.510,106850.75,0.0002,21.370150000000002
2025-10-17 23:10:24.790,106850.75,0.10148,10843.21411
2025-10-17 23:10:24.852,106850.75,0.00331,353.6759825
2025-10-17 23:10:26.035,106850.74,0.00032,34.1922368
2025-10-17 23:10:26.078,106850.74,0.32,34192.2368
2025-10-17 23:10:26.080,106850.74,0.08,8548.0592
2025-10-17 23:10:26.081,106850.74,0.24,25644.1776
2025-10-17 23:10:26.084,106850.74,0.06013,6424.934996200001
2025-10-17 23:10:26.085,106850.74,0.00762,814.2026388
2025-10-17 23:10:26.086,106850.74,0.0749,8003.1204259999995
2025-10-17 23:10:26.087,106850.74,0.85061,90888.3079514
2025-10-17 23:10:26.089,106850.74,0.01949,2082.5209226
2025-10-17 23:10:26.092,106850.74,0.02102,2246.0025548000003
2025-10-17 23:10:26.096,106850.74,0.20681,22097.8015394
2025-10-17 23:10:26.097,106850.74,0.00712,760.7772688
2025-10-17 23:10:26.098,106850.74,0.14819,15834.2111606
2025-10-17 23:10:26.099,106850.73,0.00071,75.8640183
2025-10-17 23:10:26.101,106850.69,0.0001,10.685069
2025-10-17 23:10:26.102,106850.59,0.0001,10.685059
2025-10-17 23:10:26.104,106846.45,0.00015,16.026967499999998
2025-10-17 23:10:26.115,106846.44,0.00265,283.14306600000003
2025-10-17 23:10:26.132,106843.29,0.11116,11876.7001164
2025-10-17 23:10:26.159,106843.29,0.14077,15040.3299333
2025-10-17 23:10:26.162,106843.28,0.00036,38.4635808
2025-10-17 23:10:26.164,106843.29,0.0017,181.633593
2025-10-17 23:10:26.172,106843.28,0.00318,339.7616304
2025-10-17 23:10:26.178,106840.71,0.31424,33573.62471040001
2025-10-17 23:10:26.180,106840.71,0.46599,49786.702452900005
2025-10-17 23:10:26.210,106840.71,0.001,106.84071000000002
2025-10-17 23:10:26.340,106840.71,0.007,747.8849700000001
2025-10-17 23:10:26.405,106840.71,0.00025,26.710177500000004
2025-10-17 23:10:26.465,106840.71,0.002,213.68142000000003
2025-10-17 23:10:27.116,106840.71,0.007,747.8849700000001
2025-10-17 23:10:27.227,106840.72,0.00093,99.3618696
2025-10-17 23:10:27.625,106840.72,0.00053,56.6255816
2025-10-17 23:10:27.632,106840.72,0.00057,60.8992104
2025-10-17 23:10:27.719,106840.72,8e-05,8.5472576
2025-10-17 23:10:27.876,106840.72,0.00047,50.2151384
2025-10-17 23:10:28.143,106840.72,0.00066,70.5148752
2025-10-17 23:10:28.333,106840.72,0.0001,10.684072
2025-10-17 23:10:28.356,106840.71,0.00911,973.3188681
2025-10-17 23:10:28.433,106840.72,0.00019,20.2997368
2025-10-17 23:10:28.448,106840.72,9e-05,9.615664800000001
2025-10-17 23:10:29.061,106840.71,0.063,6730.964730000001
2025-10-17 23:10:29.062,106840.71,0.04,4273.6284000000005
2025-10-17 23:10:29.064,106840.71,0.00182,194.4500922
2025-10-17 23:10:29.072,106840.06,0.01042,1113.2734252
2025-10-17 23:10:29.183,106840.03,0.0001,10.684003
2025-10-17 23:10:29.237,106840.03,0.00019,20.2996057
2025-10-17 23:10:29.644,106840.03,0.00057,60.898817099999995
2025-10-17 23:10:29.666,106840.02,0.00043,45.9412086
2025-10-17 23:10:29.676,106840.0,0.00462,493.6008
2025-10-17 23:10:30.615,106840.0,0.00201,214.7484
2025-10-17 23:10:31.171,106840.0,6e-05,6.4104
2025-10-17 23:10:31.231,106840.0,0.01483,1584.4371999999998
2025-10-17 23:10:31.233,106839.99,0.0005,53.41999500000001
2025-10-17 23:10:31.240,106834.38,0.00015,16.025157
2025-10-17 23:10:31.241,106834.37,0.001,106.83436999999999
2025-10-17 23:10:31.267,106834.1,5e-05,5.341705
2025-10-17 23:10:31.467,106834.0,0.00187,199.77957999999998
2025-10-17 23:10:31.489,106830.41,0.00029,30.980818900000003
2025-10-17 23:10:31.648,106830.41,0.00019,20.297777900000003
2025-10-17 23:10:31.775,106830.42,0.00148,158.1090216
2025-10-17 23:10:32.112,106830.41,0.00139,148.4942699
2025-10-17 23:10:33.032,106830.41,0.00047,50.210292700000004
2025-10-17 23:10:33.044,106830.41,0.00021,22.4343861
2025-10-17 23:10:33.045,106830.41,0.00021,22.4343861
2025-10-17 23:10:33.417,106830.42,0.0003,32.049125999999994
2025-10-17 23:10:33.424,106830.42,0.00015,16.024562999999997
2025-10-17 23:10:34.527,106830.41,0.001,106.83041
2025-10-17 23:10:34.528,106830.41,0.001,106.83041
2025-10-17 23:10:35.612,106830.42,9e-05,9.6147378
2025-10-17 23:10:35.894,106830.42,0.00023,24.5709966
2025-10-17 23:10:36.297,106828.26,0.0001,10.682826
2025-10-17 23:10:36.302,106828.25,0.24151,25800.0906575
2025-10-17 23:10:36.311,106828.25,0.012,1281.939
2025-10-17 23:10:36.312,106828.25,0.012,1281.939
2025-10-17 23:10:36.314,106827.5,6e-05,6.40965
2025-10-17 23:10:36.416,106827.42,0.00253,270.2733726
2025-10-17 23:10:36.470,106827.41,0.00187,199.7672567
2025-10-17 23:10:36.486,106827.41,0.00025,26.7068525
2025-10-17 23:10:36.515,106827.41,0.00055,58.755075500000004
2025-10-17 23:10:36.526,106826.41,0.0002,21.365282
2025-10-17 23:10:36.577,106826.42,0.00578,617.4567076000001
2025-10-17 23:10:37.460,106826.42,0.00014,14.955698799999999
2025-10-17 23:10:37.562,106826.42,0.00013,13.887434599999999
2025-10-17 23:10:37.638,106826.42,0.00029,30.9796618
2025-10-17 23:10:38.454,106826.41,0.00278,296.9774198
2025-10-17 23:10:38.456,106826.33,0.00015,16.0239495
2025-10-17 23:10:39.036,106826.33,0.00083,88.6658539
2025-10-17 23:10:39.864,106826.33,0.00051,54.481428300000005
2025-10-17 23:10:39.969,106826.33,0.0001,10.682633000000001
2025-10-17 23:10:40.051,106826.32,0.00071,75.8466872
2025-10-17 23:10:40.080,106826.32,0.00014,14.9556848
2025-10-17 23:10:42.220,106826.33,0.0002,21.365266000000002
2025-10-17 23:10:42.406,106826.32,0.001,106.82632000000001
2025-10-17 23:10:42.407,106826.32,0.001,106.82632000000001
2025-10-17 23:10:42.557,106826.32,0.09151,9775.6765432
2025-10-17 23:10:42.559,106826.31,0.012,1281.91572
2025-10-17 23:10:42.560,106826.31,0.012,1281.91572
2025-10-17 23:10:42.566,106826.0,0.0102,1089.6252000000002
2025-10-17 23:10:42.602,106826.0,0.07844,8379.43144
2025-10-17 23:10:42.715,106825.99,0.00257,274.54279429999997
2025-10-17 23:10:42.784,106820.0,0.00091,97.2062
2025-10-17 23:10:42.785,106820.0,0.00194,207.23080000000002
2025-10-17 23:10:42.789,106819.73,0.00946,1010.5146457999999
2025-10-17 23:10:43.726,106819.73,0.00025,26.704932499999998
2025-10-17 23:10:43.935,106819.74,0.00028,29.9095272
2025-10-17 23:10:44.074,106819.74,0.00057,60.8872518
2025-10-17 23:10:44.371,106819.74,0.00065,69.43283100000001
2025-10-17 23:10:44.531,106819.74,0.00047,50.2052778
2025-10-17 23:10:45.911,106819.74,0.00049,52.3416726
2025-10-17 23:10:46.577,106819.73,7e-05,7.477381099999999
2025-10-17 23:10:46.685,106819.73,0.012,1281.83676
2025-10-17 23:10:48.575,106819.74,8e-05,8.5455792
2025-10-17 23:10:49.033,106819.73,0.00395,421.93793350000004
2025-10-17 23:10:49.264,106819.73,0.14944,15963.140451199999
2025-10-17 23:10:49.684,106819.74,0.00056,59.8190544
2025-10-17 23:10:50.123,106819.74,0.00013,13.886566199999999
2025-10-17 23:10:50.382,106819.74,0.00038,40.5915012
2025-10-17 23:10:50.444,106819.73,0.0003,32.045919
2025-10-17 23:10:51.190,106819.73,0.00144,153.8204112
2025-10-17 23:10:51.286,106819.73,0.001,106.81972999999999
2025-10-17 23:10:51.530,106819.74,0.00243,259.5719682
2025-10-17 23:10:52.680,106819.73,7e-05,7.477381099999999
2025-10-17 23:10:52.790,106819.73,7e-05,7.477381099999999
2025-10-17 23:10:52.913,106819.73,6e-05,6.4091838
2025-10-17 23:10:54.767,106819.74,0.00307,327.9366018
2025-10-17 23:10:55.757,106819.74,0.00493,526.6213182
2025-10-17 23:10:57.475,106819.74,0.00094,100.4105556
2025-10-17 23:10:57.984,106819.73,0.00047,50.2052731
2025-10-17 23:10:58.155,106819.74,0.00047,50.2052778
2025-10-17 23:10:58.988,106819.73,0.00042,44.8642866
2025-10-17 23:11:00.820,106819.73,0.06345,6777.7118685000005
2025-10-17 23:11:01.709,106819.74,0.00935,998.7645690000002
2025-10-17 23:11:01.918,106819.74,0.00082,87.59218680000001
2025-10-17 23:11:02.339,106819.74,0.00013,13.886566199999999
2025-10-17 23:11:02.562,106819.73,0.001,106.81972999999999
2025-10-17 23:11:02.680,106819.74,0.00054,57.6826596
2025-10-17 23:11:03.467,106819.74,0.00368,393.0966432
2025-10-17 23:11:03.587,106819.73,0.08,8545.5784
2025-10-17 23:11:03.588,106819.73,0.24138,25784.1464274
2025-10-17 23:11:03.590,106819.73,0.012,1281.83676
2025-10-17 23:11:03.591,106819.73,0.012,1281.83676
2025-10-17 23:11:03.994,106819.73,0.00422,450.7792606
2025-10-17 23:11:04.023,106819.73,0.00136,145.2748328
2025-10-17 23:11:04.573,106819.73,0.00018,19.2275514
2025-10-17 23:11:04.583,106819.73,0.00274,292.6860602
2025-10-17 23:11:04.723,106819.74,0.00104,111.09252959999999
2025-10-17 23:11:04.986,106819.74,0.00033,35.250514200000005
2025-10-17 23:11:05.473,106819.74,0.00018,19.227553200000003
2025-10-17 23:11:05.892,106819.73,0.00017,18.1593541
2025-10-17 23:11:06.064,106819.73,7e-05,7.477381099999999
2025-10-17 23:11:06.676,106819.73,0.12688,13553.287342399999
2025-10-17 23:11:06.713,106819.73,0.20816,22235.5949968
2025-10-17 23:11:06.750,106819.73,0.09111,9732.3456003
2025-10-17 23:11:06.790,106819.73,0.01,1068.1973
2025-10-17 23:11:06.791,106819.73,0.005,534.09865
2025-10-17 23:11:06.792,106819.73,0.09117,9738.7547841
2025-10-17 23:11:06.837,106819.73,0.10878,11619.850229399999
2025-10-17 23:11:06.889,106819.73,0.11771,12573.750418299998
2025-10-17 23:11:06.927,106819.72,0.00521,556.5307412000001
2025-10-17 23:11:06.975,106819.72,0.03088,3298.5929536000003
2025-10-17 23:11:07.015,106819.72,0.0301,3215.273572
2025-10-17 23:11:07.047,106819.72,0.02619,2797.6084668000003
2025-10-17 23:11:07.094,106819.72,0.02614,2792.2674808
2025-10-17 23:11:07.111,106819.73,0.00047,50.2052731
2025-10-17 23:11:07.126,106819.72,0.02614,2792.2674808
2025-10-17 23:11:07.189,106819.73,0.0014,149.547622
2025-10-17 23:11:07.190,106819.72,0.02614,2792.2674808
2025-10-17 23:11:07.246,106819.72,0.02619,2797.6084668000003
2025-10-17 23:11:07.295,106819.72,0.02609,2786.9264948
2025-10-17 23:11:07.370,106819.72,0.02614,2792.2674808
2025-10-17 23:11:07.406,106819.72,0.01858,1984.7103975999999
2025-10-17 23:11:07.440,106816.0,0.00275,293.74399999999997
2025-10-17 23:11:07.553,106816.01,0.00095,101.47520949999999
2025-10-17 23:11:08.325,106816.0,0.001,106.816
2025-10-17 23:11:08.983,106816.0,0.00154,164.49663999999999
2025-10-17 23:11:09.092,106816.01,0.0015,160.224015
2025-10-17 23:11:09.572,106816.01,0.00748,798.9837547999999
2025-10-17 23:11:10.088,106816.01,0.00048,51.271684799999996
2025-10-17 23:11:10.314,106816.01,8e-05,8.5452808
2025-10-17 23:11:10.569,106816.01,0.002,213.63201999999998
2025-10-17 23:11:10.759,106816.01,0.002,213.63201999999998
2025-10-17 23:11:10.985,106816.01,9e-05,9.6134409
2025-10-17 23:11:11.677,106816.01,0.01698,1813.7358497999999
2025-10-17 23:11:12.314,106816.01,0.002,213.63201999999998
2025-10-17 23:11:13.576,106816.01,6e-05,6.4089605999999995
2025-10-17 23:11:13.580,106816.01,0.00613,654.7821412999999
2025-10-17 23:11:14.082,106816.01,0.00235,251.01762349999998
2025-10-17 23:11:14.378,106816.01,0.00048,51.271684799999996
2025-10-17 23:11:14.571,106816.01,0.002,213.63201999999998
2025-10-17 23:11:14.587,106816.01,4e-05,4.2726404
2025-10-17 23:11:14.641,106816.01,5e-05,5.3408005
2025-10-17 23:11:14.814,106816.01,0.00011,11.7497611
2025-10-17 23:11:15.090,106816.0,0.00037,39.52192
2025-10-17 23:11:15.562,106816.01,0.00017,18.1587217
2025-10-17 23:11:15.722,106816.01,0.0014,149.54241399999998
2025-10-17 23:11:16.397,106816.0,0.00264,281.99424
2025-10-17 23:11:16.415,106810.13,0.00015,16.0215195
2025-10-17 23:11:16.417,106810.12,0.00188,200.80302559999998
2025-10-17 23:11:16.577,106810.12,0.0001,10.681012
2025-10-17 23:11:17.291,106810.12,0.00318,339.65618159999997
2025-10-17 23:11:17.639,106810.13,0.1973,21073.638649
2025-10-17 23:11:18.372,106810.13,0.00015,16.0215195
2025-10-17 23:11:18.413,106810.12,0.00142,151.6703704
2025-10-17 23:11:18.613,106810.13,0.00052,55.5412676
2025-10-17 23:11:19.695,106810.13,0.00082,87.5843066
2025-10-17 23:11:19.812,106810.12,0.139,14846.60668
2025-10-17 23:11:20.348,106810.13,0.00033,35.2473429
2025-10-17 23:11:20.497,106810.12,0.17511,18703.520113199997
2025-10-17 23:11:20.966,106810.12,0.00145,154.87467399999997
2025-10-17 23:11:20.973,106810.12,0.00025,26.70253
2025-10-17 23:11:20.974,106810.12,0.00766,818.1655192
2025-10-17 23:11:21.926,106810.13,0.00303,323.6346939
2025-10-17 23:11:21.972,106810.12,0.00039,41.655946799999995
2025-10-17 23:11:22.193,106810.12,9e-05,9.6129108
2025-10-17 23:11:22.534,106810.12,9e-05,9.6129108
2025-10-17 23:11:23.325,106810.13,0.00281,300.1364653
2025-10-17 23:11:23.336,106810.13,0.0074,790.3949620000001
2025-10-17 23:11:23.939,106810.13,9e-05,9.612911700000002
2025-10-17 23:11:26.157,106810.13,0.00093,99.33342090000001
2025-10-17 23:11:26.213,106810.13,5e-05,5.3405065
2025-10-17 23:11:26.690,106810.13,0.00468,499.87140840000006
2025-10-17 23:11:26.982,106810.12,0.0127,1356.4885239999999
2025-10-17 23:11:27.174,106810.12,0.00086,91.8567032
2025-10-17 23:11:27.427,106810.12,0.0008,85.448096
2025-10-17 23:11:28.111,106810.13,0.00039,41.6559507
2025-10-17 23:11:28.263,106810.12,0.00047,50.200756399999996
2025-10-17 23:11:28.444,106810.13,9e-05,9.612911700000002
2025-10-17 23:11:29.085,106810.12,0.00018,19.2258216
2025-10-17 23:11:29.419,106810.12,0.00028,29.906833599999995
2025-10-17 23:11:29.821,106810.13,0.00262,279.8425406
2025-10-17 23:11:30.326,106810.12,0.00085,90.788602
2025-10-17 23:11:31.281,106810.13,0.00113,120.6954469
2025-10-17 23:11:32.989,106810.13,0.00016,17.089620800000002
2025-10-17 23:11:33.629,106810.12,0.00012,12.8172144
2025-10-17 23:11:33.883,106810.13,0.00172,183.7134236
2025-10-17 23:11:34.163,106810.13,0.00011,11.7491143
2025-10-17 23:11:34.907,106810.13,0.00242,258.4805146
2025-10-17 23:11:35.791,106810.12,0.00182,194.39441839999998
2025-10-17 23:11:36.195,106810.13,0.00018,19.225823400000003
2025-10-17 23:11:36.874,106810.13,0.00042,44.860254600000005
2025-10-17 23:11:37.219,106810.12,0.00047,50.200756399999996
2025-10-17 23:11:37.253,106810.13,0.00795,849.1405335000001
2025-10-17 23:11:37.727,106810.13,0.00012,12.8172156
2025-10-17 23:11:38.215,106810.13,8e-05,8.544810400000001
2025-10-17 23:11:39.137,106810.13,0.00051,54.47316630000001
2025-10-17 23:11:39.584,106810.12,0.00209,223.23315079999998
2025-10-17 23:11:40.115,106810.12,0.00258,275.57010959999997
2025-10-17 23:11:40.227,106810.12,0.00943,1007.2194315999999
2025-10-17 23:11:40.252,106810.12,0.00655,699.606286
2025-10-17 23:11:40.680,106810.13,9e-05,9.612911700000002
2025-10-17 23:11:40.933,106810.12,0.00093,99.3334116
2025-10-17 23:11:41.606,106810.13,9e-05,9.612911700000002
2025-10-17 23:11:41.959,106810.13,0.00018,19.225823400000003
2025-10-17 23:11:42.052,106810.12,0.05545,5922.6211539999995
2025-10-17 23:11:42.318,106810.13,0.00269,287.3192497
2025-10-17 23:11:42.703,106810.12,0.0084,897.2050079999999
2025-10-17 23:11:42.704,106800.0,0.27603,29480.004
2025-10-17 23:11:42.705,106795.27,0.03147,3360.8471469
2025-10-17 23:11:42.706,106791.11,0.00997,1064.7073667
2025-10-17 23:11:42.707,106789.55,0.00035,37.3763425
2025-10-17 23:11:42.710,106799.32,0.00015,16.019898
2025-10-17 23:11:42.711,106791.96,6e-05,6.4075176
2025-10-17 23:11:42.723,106791.96,0.00936,999.5727456000001
2025-10-17 23:11:42.790,106791.96,0.00668,713.3702928
2025-10-17 23:11:44.205,106791.96,0.00118,126.01451280000002
2025-10-17 23:11:44.687,106791.96,0.00654,698.4194184
2025-10-17 23:11:45.394,106791.96,0.00049,52.3280604
2025-10-17 23:11:45.454,106791.96,0.00072,76.89021120000001
2025-10-17 23:11:45.494,106791.96,0.00049,52.3280604
2025-10-17 23:11:45.736,106791.96,0.00169,180.47841240000002
2025-10-17 23:11:46.132,106791.96,0.00539,575.6086644000001
2025-10-17 23:11:46.347,106791.96,0.0005,53.39598
2025-10-17 23:11:46.417,106791.95,0.01905,2034.3866475
2025-10-17 23:11:46.530,106791.96,0.04989,5327.8508844
2025-10-17 23:11:46.790,106791.96,0.00188,200.7688848
2025-10-17 23:11:47.431,106791.95,0.00036,38.445102
2025-10-17 23:11:47.580,106791.95,0.01429,1526.0569655
2025-10-17 23:11:48.548,106791.96,0.00062,66.2110152
2025-10-17 23:11:48.689,106791.95,0.00071,75.8222845
2025-10-17 23:11:48.844,106791.96,0.00047,50.1922212
2025-10-17 23:11:49.627,106791.96,0.08661,9249.251655600001
2025-10-17 23:11:50.198,106791.96,0.00092,98.2486032
2025-10-17 23:11:50.517,106791.96,0.0499,5328.918804
2025-10-17 23:11:50.739,106791.95,0.00017,18.1546315
2025-10-17 23:11:50.948,106791.96,0.00754,805.2113784000001
2025-10-17 23:11:51.013,106791.96,0.0054,576.676584
2025-10-17 23:11:51.919,106791.96,0.00023,24.5621508
2025-10-17 23:11:52.212,106791.96,0.00025,26.69799
2025-10-17 23:11:52.868,106791.96,0.00011,11.7471156
2025-10-17 23:11:53.066,106791.96,6e-05,6.4075176
2025-10-17 23:11:53.414,106791.96,0.01724,1841.0933903999999
2025-10-17 23:11:54.605,106791.96,0.0024,256.300704
2025-10-17 23:11:54.722,106791.96,0.0054,576.676584
2025-10-17 23:11:56.586,106791.95,6e-05,6.407517
2025-10-17 23:11:56.736,106791.96,0.00427,456.00166920000004
2025-10-17 23:11:58.039,106791.95,0.00018,19.222551
2025-10-17 23:11:58.771,106791.96,0.00021,22.426311600000002
2025-10-17 23:11:59.158,106791.95,7e-05,7.475436499999999
2025-10-17 23:11:59.569,106791.96,9e-05,9.611276400000001
2025-10-17 23:12:00.116,106791.96,0.00244,260.5723824
2025-10-17 23:12:00.637,106791.96,9e-05,9.611276400000001
2025-10-17 23:12:01.189,106791.95,0.00071,75.8222845
2025-10-17 23:12:01.191,106791.96,9e-05,9.611276400000001
2025-10-17 23:12:01.543,106791.96,0.00606,647.1592776000001
2025-10-17 23:12:01.670,106794.13,5e-05,5.3397065
2025-10-17 23:12:01.671,106798.99,0.03539,3779.6162561
2025-10-17 23:12:01.672,106799.99,0.08476,9052.3671524
2025-10-17 23:12:01.676,106799.99,0.0698,7454.6393020000005
2025-10-17 23:12:01.685,106799.99,0.00054,57.671994600000005
2025-10-17 23:12:01.774,106799.99,0.34873,37244.3605127
2025-10-17 23:12:01.775,106800.47,0.00015,16.0200705
2025-10-17 23:12:01.779,106807.71,0.0001,10.680771000000002
2025-10-17 23:12:01.790,106811.91,0.00131,139.9236021
2025-10-17 23:12:01.812,106811.91,0.46794,49981.5651654
2025-10-17 23:12:01.815,106813.9,0.00015,16.022084999999997
2025-10-17 23:12:01.873,106814.67,0.00019,20.2947873
2025-10-17 23:12:02.717,106814.68,0.001,106.81468
2025-10-17 23:12:02.821,106814.67,0.00034,36.3169878
2025-10-17 23:12:03.815,106814.68,0.00421,449.6898028
2025-10-17 23:12:04.054,106814.68,0.00089,95.06506519999999
2025-10-17 23:12:04.377,106814.68,0.00056,59.81622079999999
2025-10-17 23:12:04.641,106814.67,0.00428,457.16678759999996
2025-10-17 23:12:07.089,106814.68,0.00017,18.1584956
2025-10-17 23:12:08.269,106814.67,0.00479,511.6422693
2025-10-17 23:12:08.474,106814.68,9e-05,9.6133212
2025-10-17 23:12:10.239,106814.67,0.00095,101.4739365
2025-10-17 23:12:10.684,106814.67,0.00051,54.4754817
2025-10-17 23:12:11.192,106814.67,0.001,106.81467
2025-10-17 23:12:11.422,106814.68,9e-05,9.6133212
2025-10-17 23:12:13.443,106814.67,0.0003,32.04440099999999
2025-10-17 23:12:14.593,106814.68,0.00024,25.635523199999998
2025-10-17 23:12:15.131,106814.67,0.00057,60.884361899999995
2025-10-17 23:12:15.419,106814.67,0.00029,30.9762543
2025-10-17 23:12:15.771,106814.67,0.0132,1409.953644
2025-10-17 23:12:15.833,106814.68,0.00046,49.1347528
2025-10-17 23:12:15.842,106814.67,0.00021,22.4310807
2025-10-17 23:12:15.934,106814.67,0.00022,23.4992274
2025-10-17 23:12:16.410,106814.67,9e-05,9.6133203
2025-10-17 23:12:17.193,106814.68,0.00056,59.81622079999999
2025-10-17 23:12:17.353,106814.68,0.00047,50.202899599999995
2025-10-17 23:12:17.410,106814.68,0.00024,25.635523199999998
2025-10-17 23:12:17.443,106814.68,0.0001,10.681468
2025-10-17 23:12:17.525,106814.68,0.0001,10.681468
2025-10-17 23:12:17.677,106814.68,0.0001,10.681468
2025-10-17 23:12:17.775,106814.68,0.00188,200.81159839999998
2025-10-17 23:12:17.862,106814.68,0.00094,100.40579919999999
2025-10-17 23:12:18.061,106814.68,0.0001,10.681468
2025-10-17 23:12:18.332,106814.68,0.00022,23.4992296
2025-10-17 23:12:18.862,106814.68,0.00011,11.7496148
2025-10-17 23:12:18.953,106814.67,0.00047,50.2028949
2025-10-17 23:12:18.963,106814.68,0.00014,14.954055199999997
2025-10-17 23:12:19.082,106814.68,0.00066,70.49768879999999
2025-10-17 23:12:19.121,106814.68,0.00047,50.202899599999995
2025-10-17 23:12:19.181,106814.68,9e-05,9.6133212
2025-10-17 23:12:19.343,106814.68,0.0001,10.681468
2025-10-17 23:12:19.583,106814.67,0.00015,16.022200499999997
2025-10-17 23:12:19.914,106814.67,5e-05,5.3407335
2025-10-17 23:12:21.343,106814.68,0.02921,3120.0568028
2025-10-17 23:12:22.037,106814.67,0.0001,10.681467
2025-10-17 23:12:22.454,106814.67,0.0002,21.362934
2025-10-17 23:12:22.749,106814.68,0.001,106.81468
2025-10-17 23:12:23.297,106814.68,0.00046,49.1347528
2025-10-17 23:12:24.349,106814.67,6e-05,6.4088802000000005
2025-10-17 23:12:25.151,106814.67,0.0003,32.04440099999999
2025-10-17 23:12:25.168,106814.68,0.00403,430.46316039999994
2025-10-17 23:12:25.889,106814.68,0.00886,946.3780648
2025-10-17 23:12:26.060,106814.68,0.001,106.81468
2025-10-17 23:12:26.279,106814.68,0.0001,10.681468
2025-10-17 23:12:26.875,106814.68,5e-05,5.340734
2025-10-17 23:12:27.291,106814.67,0.00018,19.2266406
2025-10-17 23:12:28.665,106814.68,0.0001,10.681468
2025-10-17 23:12:29.126,106814.68,0.00417,445.41721559999996
2025-10-17 23:12:31.582,106814.67,5e-05,5.3407335
2025-10-17 23:12:32.591,106814.67,0.00037,39.5214279
2025-10-17 23:12:33.427,106814.68,0.00468,499.89270239999996
2025-10-17 23:12:35.981,106814.68,0.00017,18.1584956
2025-10-17 23:12:36.910,106814.67,0.00093,99.33764310000001
2025-10-17 23:12:37.261,106814.67,0.00319,340.7387973
2025-10-17 23:12:37.358,106814.67,0.00666,711.3857022
2025-10-17 23:12:37.933,106814.68,0.00052,55.54363359999999
2025-10-17 23:12:37.975,106814.68,0.00066,70.49768879999999
2025-10-17 23:12:38.356,106814.67,0.01893,2022.0017030999998
2025-10-17 23:12:38.463,106814.68,0.00054,57.679927199999995
2025-10-17 23:12:39.180,106814.68,0.00034,36.3169912
2025-10-17 23:12:39.744,106814.67,0.00095,101.4739365
2025-10-17 23:12:39.943,106814.68,7e-05,7.477027599999999
2025-10-17 23:12:41.423,106814.68,0.00931,994.4446708
2025-10-17 23:12:41.515,106814.68,5e-05,5.340734
2025-10-17 23:12:41.582,106814.67,0.0001,10.681467
2025-10-17 23:12:41.724,106814.68,0.00047,50.202899599999995
2025-10-17 23:12:41.973,106814.67,0.00103,110.0191101
2025-10-17 23:12:42.187,106814.68,9e-05,9.6133212
2025-10-17 23:12:42.449,106814.68,0.00353,377.0558204
2025-10-17 23:12:43.032,106814.67,0.03998,4270.4505066
2025-10-17 23:12:43.245,106814.68,0.00057,60.88436759999999
2025-10-17 23:12:43.261,106814.67,9e-05,9.6133203
2025-10-17 23:12:44.693,106814.68,0.04233,4521.4654044
2025-10-17 23:12:45.885,106814.68,0.01465,1564.8350619999999
2025-10-17 23:12:46.767,106814.67,0.03447,3681.9016749
2025-10-17 23:12:47.022,106814.67,0.00081,86.5198827
2025-10-17 23:12:47.461,106814.67,0.00047,50.2028949
2025-10-17 23:12:47.490,106814.68,0.00071,75.8384228
2025-10-17 23:12:48.210,106814.68,0.0001,10.681468
2025-10-17 23:12:48.423,106814.68,0.00047,50.202899599999995
2025-10-17 23:12:49.229,106814.67,0.00047,50.2028949
2025-10-17 23:12:49.331,106814.68,8e-05,8.5451744
2025-10-17 23:12:49.752,106814.68,0.00021,22.4310828
2025-10-17 23:12:51.541,106814.67,0.0035,373.851345
2025-10-17 23:12:53.418,106814.67,0.00183,195.4708461
2025-10-17 23:12:53.724,106814.68,0.00029,30.9762572
2025-10-17 23:12:57.025,106814.67,0.00037,39.5214279
2025-10-17 23:12:57.754,106814.67,0.00112,119.63243039999999
2025-10-17 23:12:59.019,106814.68,0.09362,9999.990341599998
2025-10-17 23:13:00.031,106814.67,0.00012,12.817760400000001
2025-10-17 23:13:02.760,106814.68,0.04681,4999.995170799999
2025-10-17 23:13:03.204,106814.68,0.00012,12.817761599999999
2025-10-17 23:13:03.282,106814.68,0.0028,299.081104
2025-10-17 23:13:04.017,106814.67,0.0035,373.851345
2025-10-17 23:13:04.373,106814.68,0.00347,370.6469396
2025-10-17 23:13:04.751,106814.67,0.00135,144.1998045
2025-10-17 23:13:05.339,106814.67,0.00384,410.16833280000003
2025-10-17 23:13:05.625,106814.67,5e-05,5.3407335
2025-10-17 23:13:07.195,106814.68,0.00069,73.70212919999999
2025-10-17 23:13:07.362,106814.68,0.00022,23.4992296
2025-10-17 23:13:07.539,106814.68,6e-05,6.4088807999999995
2025-10-17 23:13:07.582,106814.67,0.00018,19.2266406
2025-10-17 23:13:07.883,106814.67,0.00318,339.6706506
2025-10-17 23:13:07.895,106814.68,0.00114,121.76873519999998
2025-10-17 23:13:08.744,106814.67,0.00018,19.2266406
2025-10-17 23:13:08.884,106814.67,0.00054,57.6799218
2025-10-17 23:13:08.964,106814.68,0.00047,50.202899599999995
2025-10-17 23:13:09.346,106814.68,0.00121,129.2457628
2025-10-17 23:13:09.582,106814.67,4e-05,4.2725868
2025-10-17 23:13:10.211,106814.68,0.00038,40.5895784
2025-10-17 23:13:12.285,106814.68,0.00031,33.1125508
2025-10-17 23:13:12.724,106814.67,0.00044,46.9984548
2025-10-17 23:13:12.976,106814.68,0.02201,2350.9911067999997
2025-10-17 23:13:13.263,106814.68,0.00295,315.103306
2025-10-17 23:13:13.309,106814.68,0.0001,10.681468
2025-10-17 23:13:13.610,106814.68,0.01797,1919.4597995999998
2025-10-17 23:13:14.910,106814.68,0.00598,638.7517864
2025-10-17 23:13:15.184,106814.67,0.00061,65.1569487
2025-10-17 23:13:15.944,106814.68,0.00013,13.885908399999998
2025-10-17 23:13:16.443,106814.68,0.00038,40.5895784
2025-10-17 23:13:16.549,106814.67,0.00168,179.4486456
2025-10-17 23:13:17.675,106814.68,0.05,5340.734
2025-10-17 23:13:19.952,106814.67,0.0748,7989.737316000001
2025-10-17 23:13:20.387,106814.67,0.00026,27.771814199999998
2025-10-17 23:13:21.050,106814.68,0.00047,50.202899599999995
2025-10-17 23:13:21.067,106814.68,0.00373,398.41875639999995
2025-10-17 23:13:21.589,106814.67,6e-05,6.4088802000000005
2025-10-17 23:13:22.112,106814.68,6e-05,6.4088807999999995
2025-10-17 23:13:22.613,106814.68,0.00167,178.3805156
2025-10-17 23:13:23.875,106814.68,0.00026,27.771816799999996
2025-10-17 23:13:24.975,106814.67,0.00043,45.9303081
2025-10-17 23:13:25.249,106814.68,0.00047,50.202899599999995
2025-10-17 23:13:25.523,106814.68,0.00082,87.58803759999999
2025-10-17 23:13:26.820,106814.68,0.00018,19.2266424
2025-10-17 23:13:27.920,106814.68,0.00165,176.24422199999998
2025-10-17 23:13:28.820,106814.68,0.03679,3929.7120772000003
2025-10-17 23:13:29.632,106814.68,0.00015,16.022201999999997
2025-10-17 23:13:29.755,106814.67,0.00063,67.2932421
2025-10-17 23:13:30.546,106814.68,0.00047,50.202899599999995
2025-10-17 23:13:30.667,106814.67,0.00107,114.29169689999999
2025-10-17 23:13:31.257,106814.68,0.00333,355.69288439999997
2025-10-17 23:13:34.420,106814.67,0.00039,41.6577213
2025-10-17 23:13:35.840,106814.67,5e-05,5.3407335
2025-10-17 23:13:37.688,106814.68,9e-05,9.6133212
2025-10-17 23:13:38.419,106814.67,9e-05,9.6133203
2025-10-17 23:13:39.036,106814.67,0.01101,1176.0295167000002
2025-10-17 23:13:39.071,106814.67,0.00029,30.9762543
2025-10-17 23:13:39.072,106814.67,0.00104,111.08725679999999
2025-10-17 23:13:39.146,106814.68,0.00084,89.7243312
2025-10-17 23:13:40.616,106814.68,0.00033,35.248844399999996
2025-10-17 23:13:40.782,106814.68,0.00047,50.202899599999995
2025-10-17 23:13:41.486,106814.68,7e-05,7.477027599999999
2025-10-17 23:13:42.646,106814.68,0.0001,10.681468
2025-10-17 23:13:44.933,106814.68,0.00044,46.9984592
2025-10-17 23:13:45.047,106814.68,0.00048,51.271046399999996
2025-10-17 23:13:45.463,106814.68,0.00103,110.0191204
2025-10-17 23:13:45.931,106814.68,0.00046,49.1347528
2025-10-17 23:13:46.492,106814.67,6e-05,6.4088802000000005
2025-10-17 23:13:46.691,106814.68,0.00211,225.37897479999998
2025-10-17 23:13:47.090,106814.67,0.00934,997.6490177999999
2025-10-17 23:13:47.237,106814.68,9e-05,9.6133212
2025-10-17 23:13:47.577,106814.68,0.00093,99.3376524
2025-10-17 23:13:47.873,106814.68,0.001,106.81468
2025-10-17 23:13:48.031,106814.67,0.00055,58.7480685
2025-10-17 23:13:48.354,106814.68,0.00033,35.248844399999996
2025-10-17 23:13:49.695,106814.68,0.00468,499.89270239999996
2025-10-17 23:13:50.392,106814.68,0.00027,28.839963599999997
2025-10-17 23:13:50.417,106814.67,7e-05,7.477026899999999
2025-10-17 23:13:50.441,106814.68,0.0094,1004.057992
2025-10-17 23:13:50.776,106814.67,8e-05,8.5451736
2025-10-17 23:13:50.782,106814.68,0.00037,39.5214316
2025-10-17 23:13:50.875,106814.68,0.0528,5639.815103999999
2025-10-17 23:13:50.882,106814.68,0.07367,7869.037475599999
2025-10-17 23:13:50.884,106814.68,0.0289,3086.944252
2025-10-17 23:13:50.886,106815.75,0.00015,16.0223625
2025-10-17 23:13:50.889,106816.01,0.18097,19330.4933297
2025-10-17 23:13:50.891,106816.01,0.00106,113.22497059999999
2025-10-17 23:13:50.893,106817.56,5e-05,5.340878
2025-10-17 23:13:50.897,106817.86,0.0001,10.681786
2025-10-17 23:13:50.898,106817.86,0.00536,572.5437296
2025-10-17 23:13:50.900,106817.86,0.00021,22.4317506
2025-10-17 23:13:50.902,106819.01,0.0006,64.09140599999999
2025-10-17 23:13:50.905,106821.08,0.00567,605.6755236
2025-10-17 23:13:50.908,106823.47,0.00035,37.3882145
2025-10-17 23:13:50.911,106823.78,0.0002,21.364756
2025-10-17 23:13:50.913,106824.21,0.3,32047.263
2025-10-17 23:13:50.916,106824.52,0.03291,3515.5949532000004
2025-10-17 23:13:50.918,106825.37,0.0031,331.158647
2025-10-17 23:13:50.937,106826.06,0.00139,148.48822339999998
2025-10-17 23:13:51.081,106826.26,9e-05,9.6143634
2025-10-17 23:13:51.579,106826.26,0.02402,2565.9667652
2025-10-17 23:13:51.711,106826.27,0.00296,316.2057592
2025-10-17 23:13:52.000,106826.26,0.00712,760.6029712
2025-10-17 23:13:52.033,106826.27,0.00212,226.4716924
2025-10-17 23:13:52.062,106826.27,0.00469,501.0152063
2025-10-17 23:13:52.234,106826.27,0.00093,99.34843110000001
2025-10-17 23:13:52.410,106826.27,0.00011,11.7508897
2025-10-17 23:13:52.561,106826.27,0.00067,71.5736009
2025-10-17 23:13:53.359,106826.26,0.01525,1629.100465
2025-10-17 23:13:54.103,106826.27,0.00046,49.140084200000004
2025-10-17 23:13:56.339,106826.27,0.00302,322.61533540000005
2025-10-17 23:13:56.848,106826.27,0.00068,72.64186360000001
2025-10-17 23:13:56.880,106826.26,0.00014,14.955676399999998
2025-10-17 23:13:57.645,106826.27,0.0049,523.448723
2025-10-17 23:13:57.680,106826.27,0.00961,1026.6004547
2025-10-17 23:13:59.371,106826.27,0.00093,99.34843110000001
2025-10-17 23:13:59.562,106826.27,0.00095,101.48495650000001
2025-10-17 23:14:00.382,106826.27,0.00047,50.2083469
2025-10-17 23:14:00.654,106826.26,0.00047,50.2083422
2025-10-17 23:14:01.472,106826.26,0.00037,39.5257162
2025-10-17 23:14:01.577,106826.26,7e-05,7.477838199999999
2025-10-17 23:14:01.836,106826.26,0.00019,20.2969894
2025-10-17 23:14:01.917,106826.27,0.05978,6386.0744206
2025-10-17 23:14:01.918,106829.41,0.0001,10.682941000000001
2025-10-17 23:14:02.115,106829.4,0.00021,22.434174
2025-10-17 23:14:02.393,106829.41,0.10886,11629.4495726
2025-10-17 23:14:02.615,106829.41,0.00206,220.06858460000004
2025-10-17 23:14:02.801,106829.42,0.51064,54551.375028799994
2025-10-17 23:14:04.397,106829.42,0.00047,50.209827399999995
2025-10-17 23:14:04.604,106829.42,0.0591,6313.618722
2025-10-17 23:14:04.607,106830.43,0.0005,53.415214999999996
2025-10-17 23:14:04.609,106832.68,0.0001,10.683268
2025-10-17 23:14:04.613,106833.14,0.0005,53.41657
2025-10-17 23:14:04.614,106833.14,0.00055,58.758227000000005
2025-10-17 23:14:04.618,106834.0,0.00568,606.81712
2025-10-17 23:14:04.641,106834.26,0.00264,282.04244639999996
2025-10-17 23:14:04.643,106834.28,0.0001,10.683428000000001
2025-10-17 23:14:04.756,106835.31,0.0001,10.683531
2025-10-17 23:14:05.692,106835.8,0.00024,25.640592
2025-10-17 23:14:05.876,106835.79,0.00024,25.6405896
2025-10-17 23:14:05.977,106835.79,0.0036,384.608844
2025-10-17 23:14:06.583,106835.8,0.00065,69.44327
2025-10-17 23:14:06.700,106835.8,0.00329,351.489782
2025-10-17 23:14:07.106,106835.81,0.00047,50.2128307
2025-10-17 23:14:07.814,106835.8,0.00093,99.35729400000001
2025-10-17 23:14:08.356,106835.8,0.00012,12.820296
2025-10-17 23:14:08.939,106835.81,0.0012,128.202972
2025-10-17 23:14:08.964,106835.8,0.0002,21.367160000000002
2025-10-17 23:14:09.152,106835.8,0.00025,26.70895
2025-10-17 23:14:09.956,106835.81,0.00116,123.9295396
2025-10-17 23:14:10.021,106835.8,8e-05,8.546864000000001
2025-10-17 23:14:10.526,106835.81,0.0004,42.734324
2025-10-17 23:14:10.891,106835.8,0.00047,50.212826
2025-10-17 23:14:11.349,106835.8,0.00734,784.1747720000001
2025-10-17 23:14:11.454,106835.81,0.00046,49.1444726
2025-10-17 23:14:12.651,106835.81,0.00047,50.2128307
2025-10-17 23:14:14.111,106835.81,0.0028,299.140268
2025-10-17 23:14:14.480,106835.81,0.00047,50.2128307
2025-10-17 23:14:14.702,106835.81,0.00014,14.9570134
2025-10-17 23:14:14.754,106835.81,0.00046,49.1444726
2025-10-17 23:14:14.790,106835.81,0.00738,788.4482778
2025-10-17 23:14:15.298,106835.8,0.00094,100.425652
2025-10-17 23:14:15.593,106835.81,0.00013,13.888655299999998
2025-10-17 23:14:15.632,106835.81,0.00044,47.0077564
2025-10-17 23:14:15.732,106835.8,0.00046,49.144468
2025-10-17 23:14:16.312,106835.81,0.0001,10.683581
2025-10-17 23:14:16.325,106835.81,0.0001,10.683581
2025-10-17 23:14:16.386,106835.81,0.03623,3870.6613962999995
2025-10-17 23:14:16.387,106838.0,0.0019,202.9922
2025-10-17 23:14:16.389,106839.19,0.0001,10.683919000000001
2025-10-17 23:14:16.769,106839.3,8e-05,8.547144000000001
2025-10-17 23:14:16.848,106839.3,0.00019,20.299467
2025-10-17 23:14:16.939,106839.3,0.00024,25.641432000000002
2025-10-17 23:14:16.942,106839.3,0.00019,20.299467
2025-10-17 23:14:16.971,106839.3,0.0001,10.68393
2025-10-17 23:14:17.362,106839.3,0.00019,20.299467
2025-10-17 23:14:17.412,106839.3,0.00013,13.889109
2025-10-17 23:14:17.417,106839.3,0.00015,16.025895
2025-10-17 23:14:17.690,106839.3,0.00051,54.488043000000005
2025-10-17 23:14:17.720,106839.3,0.00017,18.162681000000003
2025-10-17 23:14:17.740,106839.3,0.00015,16.025895
2025-10-17 23:14:17.761,106839.3,7e-05,7.478751
2025-10-17 23:14:17.834,106839.3,0.0007,74.78751
2025-10-17 23:14:17.888,106839.3,0.04586,4899.650298
2025-10-17 23:14:17.889,106839.32,0.00015,16.025897999999998
2025-10-17 23:14:17.891,106841.27,0.08606,9194.7596962
2025-10-17 23:14:17.894,106841.27,0.0002,21.368254
2025-10-17 23:14:17.897,106841.27,0.00025,26.710317500000002
2025-10-17 23:14:17.899,106841.27,0.00137,146.3725399
2025-10-17 23:14:17.901,106844.0,0.00098,104.70712
2025-10-17 23:14:17.904,106844.0,0.0015,160.266
2025-10-17 23:14:17.906,106844.0,0.00057,60.90108
2025-10-17 23:14:17.909,106844.01,0.00089,95.09116889999999
2025-10-17 23:14:17.912,106844.01,0.00111,118.59685110000001
2025-10-17 23:14:17.914,106844.01,0.00066,70.5170466
2025-10-17 23:14:17.942,106844.01,0.00188,200.86673879999998
2025-10-17 23:14:18.060,106844.02,0.00361,385.70691220000003
2025-10-17 23:14:18.318,106844.02,7e-05,7.479081399999999
2025-10-17 23:14:18.632,106844.02,0.0001,10.684402
2025-10-17 23:14:18.792,106844.02,0.00047,50.2166894
2025-10-17 23:14:19.094,106844.02,0.00065,69.448613
2025-10-17 23:14:19.796,106844.01,0.00022,23.5056822
2025-10-17 23:14:19.797,106844.01,0.0014,149.581614
2025-10-17 23:14:21.033,106844.02,0.00019,20.300363800000003
2025-10-17 23:14:21.113,106844.02,0.0001,10.684402
2025-10-17 23:14:21.148,106844.02,0.00025,26.711005
2025-10-17 23:14:21.597,106844.01,0.02214,2365.5263814
2025-10-17 23:14:21.785,106844.02,0.00094,100.4333788
2025-10-17 23:14:22.348,106844.02,0.00056,59.832651199999994
2025-10-17 23:14:22.442,106844.02,0.0001,10.684402
2025-10-17 23:14:22.647,106844.01,0.00579,618.6268179
2025-10-17 23:14:24.520,106844.02,0.00173,184.8401546
2025-10-17 23:14:24.847,106844.02,4e-05,4.273760800000001
2025-10-17 23:14:27.359,106844.02,0.00034,36.3269668
2025-10-17 23:14:28.194,106844.02,0.00069,73.7223738
2025-10-17 23:14:28.640,106844.01,0.00018,19.2319218
2025-10-17 23:14:28.858,106844.02,0.00039,41.669167800000004
2025-10-17 23:14:29.066,106844.02,0.00047,50.2166894
2025-10-17 23:14:30.223,106844.02,5e-05,5.342201
2025-10-17 23:14:31.382,106844.01,0.00092,98.2964892
2025-10-17 23:14:31.582,106844.01,9e-05,9.6159609
2025-10-17 23:14:32.117,106844.01,0.00453,484.0033653
2025-10-17 23:14:32.247,106844.02,0.001,106.84402
2025-10-17 23:14:33.227,106844.01,0.07091,7576.3087491
2025-10-17 23:14:33.383,106844.01,0.00356,380.36467559999994
2025-10-17 23:14:33.901,106844.01,0.00842,899.6265642
2025-10-17 23:14:34.024,106844.02,0.0001,10.684402
2025-10-17 23:14:34.508,106844.01,0.00047,50.216684699999995
2025-10-17 23:14:34.534,106844.01,5e-05,5.3422005
2025-10-17 23:14:34.661,106844.01,8e-05,8.547520800000001
2025-10-17 23:14:35.562,106844.02,0.00037,39.5322874
2025-10-17 23:14:37.956,106844.02,0.00051,54.490450200000005
2025-10-17 23:14:38.281,106844.01,0.01,1068.4401
2025-10-17 23:14:40.356,106844.02,0.00056,59.832651199999994
2025-10-17 23:14:41.117,106844.02,0.00155,165.608231
2025-10-17 23:14:41.421,106844.01,0.01205,1287.4703204999998
2025-10-17 23:14:41.682,106844.02,0.10732,11466.5002264
2025-10-17 23:14:42.524,106844.02,0.00251,268.1784902
2025-10-17 23:14:44.793,106844.02,0.0001,10.684402
2025-10-17 23:14:45.457,106844.01,0.10119,10811.5453719
2025-10-17 23:14:46.269,106844.02,0.00027,28.847885400000003
2025-10-17 23:14:46.593,106844.02,5e-05,5.342201
2025-10-17 23:14:47.443,106844.01,0.0045,480.79804499999995
2025-10-17 23:14:48.586,106844.01,0.02103,2246.9295303
2025-10-17 23:14:50.064,106844.02,0.001,106.84402
2025-10-17 23:14:50.712,106844.01,0.00243,259.63094429999995
2025-10-17 23:14:50.746,106844.01,0.0093,993.6492929999998
2025-10-17 23:14:51.583,106844.01,6e-05,6.4106406
2025-10-17 23:14:52.662,106844.01,0.00025,26.7110025
2025-10-17 23:14:55.375,106844.02,0.01872,2000.1200544
2025-10-17 23:14:56.465,106844.02,0.00061,65.1748522
2025-10-17 23:14:56.475,106844.02,0.00048,51.285129600000005
2025-10-17 23:14:56.814,106844.01,0.00246,262.8362646
2025-10-17 23:14:57.947,106844.01,0.00422,450.88172219999996
2025-10-17 23:14:58.237,106844.02,0.00269,287.4104138
2025-10-17 23:14:58.675,106844.02,0.00018,19.231923600000002
2025-10-17 23:14:58.892,106844.02,0.00012,12.821282400000001
2025-10-17 23:14:59.133,106844.01,0.012,1282.1281199999999
2025-10-17 23:14:59.175,106844.01,0.00047,50.216684699999995
2025-10-17 23:14:59.654,106844.02,0.00011,11.752842200000002
2025-10-17 23:14:59.733,106844.01,1.01,107912.4501
2025-10-17 23:14:59.740,106844.01,0.012,1282.1281199999999
2025-10-17 23:14:59.742,106844.01,0.012,1282.1281199999999
2025-10-17 23:15:00.300,106844.01,0.002,213.68802
2025-10-17 23:15:00.352,106844.01,0.078,8333.832779999999
2025-10-17 23:15:00.445,106844.02,0.00222,237.19372440000004
2025-10-17 23:15:00.450,106844.02,5e-05,5.342201
2025-10-17 23:15:00.518,106844.01,0.073,7799.612729999999
2025-10-17 23:15:00.519,106844.01,0.033,3525.85233
2025-10-17 23:15:01.412,106844.01,0.00111,118.59685110000001
2025-10-17 23:15:01.429,106844.01,0.1,10684.401
2025-10-17 23:15:01.456,106844.01,0.16,17095.0416
2025-10-17 23:15:01.748,106844.02,0.00047,50.2166894
2025-10-17 23:15:01.927,106844.01,0.01,1068.4401
2025-10-17 23:15:02.011,106844.01,6e-05,6.4106406
2025-10-17 23:15:03.644,106844.02,0.00019,20.300363800000003
2025-10-17 23:15:04.169,106844.02,0.00365,389.980673
2025-10-17 23:15:04.645,106844.02,0.00374,399.5966348
2025-10-17 23:15:06.621,106844.01,0.00566,604.7370966
2025-10-17 23:15:06.905,106844.02,5e-05,5.342201
2025-10-17 23:15:07.162,106844.01,0.00452,482.93492519999995
2025-10-17 23:15:08.247,106844.01,9e-05,9.6159609
2025-10-17 23:15:08.264,106844.01,0.00853,911.3794052999999
2025-10-17 23:15:08.849,106844.01,6e-05,6.4106406
2025-10-17 23:15:09.264,106844.01,0.04,4273.7604
2025-10-17 23:15:10.004,106844.02,0.00047,50.2166894
2025-10-17 23:15:10.021,106844.01,6e-05,6.4106406
2025-10-17 23:15:10.371,106844.01,0.00469,501.09840689999993
2025-10-17 23:15:10.491,106844.02,0.02293,2449.9333786
2025-10-17 23:15:10.647,106844.02,0.00093,99.36493860000002
2025-10-17 23:15:11.318,106844.01,0.00306,326.9426706
2025-10-17 23:15:11.846,106844.02,0.00117,125.0075034
2025-10-17 23:15:12.277,106844.02,0.0036,384.638472
2025-10-17 23:15:12.321,106844.01,0.00019,20.3003619
2025-10-17 23:15:13.397,106844.02,0.00093,99.36493860000002
2025-10-17 23:15:14.945,106844.01,0.00082,87.61208819999999
2025-10-17 23:15:15.766,106844.02,0.00039,41.669167800000004
2025-10-17 23:15:15.899,106844.02,0.00067,71.5854934
2025-10-17 23:15:16.063,106844.02,7e-05,7.479081399999999
2025-10-17 23:15:16.575,106844.01,0.00094,100.43336939999999
2025-10-17 23:15:16.577,106844.01,0.00349,372.8855949
2025-10-17 23:15:16.984,106844.01,0.00187,199.79829869999998
2025-10-17 23:15:16.986,106844.02,0.00678,724.4024555999999
2025-10-17 23:15:20.625,106844.02,0.00103,110.04934060000001
2025-10-17 23:15:20.818,106844.02,0.09365,10005.942473000001
2025-10-17 23:15:21.990,106844.02,0.00468,500.0300136
2025-10-17 23:15:22.117,106844.02,0.00017,18.1634834
2025-10-17 23:15:22.794,106844.02,7e-05,7.479081399999999
2025-10-17 23:15:23.285,106844.01,0.00018,19.2319218
2025-10-17 23:15:23.569,106844.01,0.00488,521.3987688
2025-10-17 23:15:23.633,106844.01,9e-05,9.6159609
2025-10-17 23:15:23.829,106844.02,0.00028,29.916325599999997
2025-10-17 23:15:23.862,106844.01,6e-05,6.4106406
2025-10-17 23:15:24.009,106844.02,0.27557,29443.0065914
2025-10-17 23:15:24.449,106844.02,9e-05,9.615961800000001
2025-10-17 23:15:25.032,106844.02,0.00037,39.5322874
2025-10-17 23:15:25.511,106844.02,0.00012,12.821282400000001
2025-10-17 23:15:25.912,106844.02,0.00563,601.5318326
2025-10-17 23:15:26.582,106844.01,6e-05,6.4106406
2025-10-17 23:15:27.069,106844.01,6e-05,6.4106406
2025-10-17 23:15:27.143,106844.01,7e-05,7.479080699999999
2025-10-17 23:15:27.161,106844.01,0.00027,28.8478827
2025-10-17 23:15:27.190,106844.01,0.0015,160.26601499999998
2025-10-17 23:15:27.219,106844.01,0.00019,20.3003619
2025-10-17 23:15:27.495,106844.01,0.00022,23.5056822
2025-10-17 23:15:27.659,106844.02,0.00071,75.85925420000001
2025-10-17 23:15:27.918,106844.02,0.0001,10.684402
2025-10-17 23:15:27.948,106844.01,7e-05,7.479080699999999
2025-10-17 23:15:29.126,106844.02,0.00081,86.5436562
2025-10-17 23:15:29.434,106844.01,8e-05,8.547520800000001
2025-10-17 23:15:29.825,106844.02,7e-05,7.479081399999999
2025-10-17 23:15:31.733,106844.02,0.00279,298.0948158
2025-10-17 23:15:31.856,106844.01,0.00047,50.216684699999995
2025-10-17 23:15:32.541,106844.02,0.00059,63.03797180000001
2025-10-17 23:15:33.524,106844.01,0.00093,99.3649293
2025-10-17 23:15:33.575,106844.02,6e-05,6.410641200000001
2025-10-17 23:15:33.932,106844.01,0.00046,49.1482446
2025-10-17 23:15:35.320,106844.01,0.00085,90.81740849999998
2025-10-17 23:15:35.536,106844.02,0.00496,529.9463392
2025-10-17 23:15:36.518,106844.02,0.00044,47.01136880000001
2025-10-17 23:15:38.624,106844.01,0.00096,102.5702496
2025-10-17 23:15:38.932,106844.02,0.00099,105.7755798
2025-10-17 23:15:39.182,106844.02,0.00017,18.1634834
2025-10-17 23:15:39.534,106844.01,0.00471,503.23528709999994
2025-10-17 23:15:39.985,106844.02,0.00018,19.231923600000002
2025-10-17 23:15:40.082,106844.02,0.00066,70.5170532
2025-10-17 23:15:40.113,106844.01,0.00047,50.216684699999995
2025-10-17 23:15:41.095,106844.02,0.00054,57.695770800000005
2025-10-17 23:15:41.956,106844.02,0.00045,48.079809
2025-10-17 23:15:41.981,106844.02,0.00562,600.4633924
2025-10-17 23:15:42.064,106844.02,0.00047,50.2166894
2025-10-17 23:15:42.477,106844.02,0.00017,18.1634834
2025-10-17 23:15:44.555,106844.02,0.00018,19.231923600000002
2025-10-17 23:15:44.785,106844.02,0.00062,66.2432924
2025-10-17 23:15:45.001,106844.02,0.00059,63.03797180000001
2025-10-17 23:15:45.246,106844.02,7e-05,7.479081399999999
2025-10-17 23:15:45.262,106844.02,0.00276,294.8894952
2025-10-17 23:15:45.317,106844.02,8e-05,8.547521600000001
2025-10-17 23:15:45.674,106844.02,0.00135,144.239427
2025-10-17 23:15:45.902,106844.01,0.22664,24215.1264264
2025-10-17 23:15:46.008,106844.01,5e-05,5.3422005
2025-10-17 23:15:46.360,106844.02,0.00187,199.7983174
2025-10-17 23:15:46.393,106844.02,0.00045,48.079809
2025-10-17 23:15:46.585,106844.01,8e-05,8.547520800000001
2025-10-17 23:15:47.451,106844.02,0.00438,467.97680760000003
2025-10-17 23:15:48.576,106844.01,0.00031,33.1216431
2025-10-17 23:15:49.349,106844.02,0.00055,58.764211
2025-10-17 23:15:50.031,106844.02,0.00047,50.2166894
2025-10-17 23:15:50.071,106844.01,0.00157,167.74509569999998
2025-10-17 23:15:50.090,106844.02,0.00187,199.7983174
2025-10-17 23:15:51.618,106844.01,0.0007,74.790807
2025-10-17 23:15:51.766,106844.02,0.00052,55.558890399999996
2025-10-17 23:15:51.860,106844.02,0.00018,19.231923600000002
2025-10-17 23:15:52.023,106844.02,0.0014,149.581628
2025-10-17 23:15:52.845,106844.02,0.00027,28.847885400000003
2025-10-17 23:15:52.859,106844.01,0.00131,139.9656531
2025-10-17 23:15:53.981,106844.02,0.00162,173.0873124
2025-10-17 23:15:54.498,106844.02,0.00013,13.889722599999999
2025-10-17 23:15:55.282,106844.01,0.00018,19.2319218
2025-10-17 23:15:55.801,106844.02,0.00171,182.7032742
2025-10-17 23:15:56.227,106844.02,0.00044,47.01136880000001
2025-10-17 23:15:56.274,106844.02,0.00051,54.490450200000005
2025-10-17 23:15:56.654,106844.02,0.00018,19.231923600000002
2025-10-17 23:15:56.939,106844.02,0.00141,150.65006820000002
2025-10-17 23:15:58.495,106844.02,0.00046,49.1482492
2025-10-17 23:15:58.789,106844.02,0.00065,69.448613
2025-10-17 23:16:00.612,106844.01,0.00507,541.6991307
2025-10-17 23:16:02.187,106844.01,0.15,16026.601499999999
2025-10-17 23:16:02.273,106844.01,0.00056,59.83264559999999
2025-10-17 23:16:02.322,106844.02,0.00354,378.22783080000005
2025-10-17 23:16:02.381,106844.01,0.05474,5848.6411074
2025-10-17 23:16:04.020,106844.01,0.00017,18.163481700000002
2025-10-17 23:16:05.069,106844.01,0.00047,50.216684699999995
2025-10-17 23:16:05.457,106844.01,0.05062,5408.4437861999995
2025-10-17 23:16:06.338,106844.01,0.30012,32066.0242812
2025-10-17 23:16:06.339,106844.01,0.01291,1379.3561691
2025-10-17 23:16:06.340,106844.01,0.012,1282.1281199999999
2025-10-17 23:16:06.341,106844.01,0.184,19659.29784
2025-10-17 23:16:06.343,106844.01,0.445,47545.584449999995
2025-10-17 23:16:06.344,106844.01,0.018,1923.1921799999998
2025-10-17 23:16:06.345,106844.01,0.051,5449.04451
2025-10-17 23:16:06.346,106844.01,0.27304,29172.6884904
2025-10-17 23:16:06.347,106844.01,0.007,747.90807
2025-10-17 23:16:06.362,106844.0,0.02538,2711.70072
2025-10-17 23:16:06.363,106844.0,0.0301,3216.0044
2025-10-17 23:16:06.370,106844.0,0.08449,9027.24956
2025-10-17 23:16:06.388,106844.01,0.00056,59.83264559999999
2025-10-17 23:16:06.389,106844.0,0.08,8547.52
2025-10-17 23:16:06.401,106844.0,0.01276,1363.32944
2025-10-17 23:16:06.404,106844.0,0.00418,446.60792
2025-10-17 23:16:06.948,106844.0,0.01116,1192.37904
2025-10-17 23:16:07.069,106844.01,0.00094,100.43336939999999
2025-10-17 23:16:07.425,106844.0,0.00405,432.71819999999997
2025-10-17 23:16:07.442,106844.01,4e-05,4.2737604000000005
2025-10-17 23:16:07.932,106844.0,0.01115,1191.3106
2025-10-17 23:16:08.430,106844.0,0.00392,418.82848
2025-10-17 23:16:08.595,106844.0,0.00034,36.32696
2025-10-17 23:16:09.152,106844.0,0.00268,286.34192
2025-10-17 23:16:09.549,106844.0,0.00819,875.0523599999999
2025-10-17 23:16:09.934,106844.0,0.05268,5628.54192
2025-10-17 23:16:10.148,106844.0,0.00363,387.84372
2025-10-17 23:16:10.439,106844.01,0.00025,26.7110025
2025-10-17 23:16:10.489,106844.0,0.00753,804.5353200000001
2025-10-17 23:16:10.655,106844.0,0.00795,849.4098
2025-10-17 23:16:11.176,106844.0,0.04,4273.76
2025-10-17 23:16:11.180,106844.0,0.012,1282.128
2025-10-17 23:16:11.181,106844.0,0.012,1282.128
2025-10-17 23:16:11.249,106844.0,0.00814,869.71016
2025-10-17 23:16:11.833,106844.0,0.00082,87.61207999999999
2025-10-17 23:16:11.849,106844.0,0.00842,899.62648
2025-10-17 23:16:12.161,106844.0,0.32,34190.08
2025-10-17 23:16:12.174,106844.0,0.00047,50.21668
2025-10-17 23:16:12.348,106844.0,0.01819,1943.4923600000002
2025-10-17 23:16:12.390,106844.0,0.006,641.064
2025-10-17 23:16:12.846,106844.0,0.00814,869.71016
2025-10-17 23:16:13.335,106844.0,0.00525,560.931
2025-10-17 23:16:13.617,106844.01,0.00024,25.6425624
2025-10-17 23:16:13.756,106844.01,0.00029,30.9847629
2025-10-17 23:16:13.834,106844.0,0.00834,891.07896
2025-10-17 23:16:14.019,106844.0,0.00251,268.17844
2025-10-17 23:16:14.225,106844.01,0.00041,43.806044099999994
2025-10-17 23:16:14.234,106844.0,0.00235,251.0834
2025-10-17 23:16:14.645,106844.01,5e-05,5.3422005
2025-10-17 23:16:14.852,106844.01,0.00017,18.163481700000002
2025-10-17 23:16:14.941,106844.01,0.00018,19.2319218
2025-10-17 23:16:15.043,106844.0,0.02644,2824.9553600000004
2025-10-17 23:16:15.044,106844.0,0.0095,1015.018
2025-10-17 23:16:15.355,106844.01,0.00029,30.9847629
2025-10-17 23:16:15.365,106844.0,0.00314,335.49016
2025-10-17 23:16:15.366,106844.0,0.1693,18088.6892
2025-10-17 23:16:15.368,106844.0,0.15043,16072.542920000002
2025-10-17 23:16:15.369,106844.0,0.0239,2553.5716
2025-10-17 23:16:15.371,106844.0,0.14927,15948.60388
2025-10-17 23:16:15.372,106835.79,0.01294,1382.4551225999999
2025-10-17 23:16:15.376,106835.79,0.0001,10.683579
2025-10-17 23:16:15.382,106835.79,0.012,1282.02948
2025-10-17 23:16:15.398,106835.79,0.01,1068.3579
2025-10-17 23:16:15.403,106835.79,0.012,1282.02948
2025-10-17 23:16:15.448,106835.79,0.00479,511.74343409999994
2025-10-17 23:16:15.533,106835.79,0.00253,270.2945487
2025-10-17 23:16:15.663,106835.79,0.00018,19.2304422
2025-10-17 23:16:15.791,106835.79,0.00046,49.1444634
2025-10-17 23:16:15.855,106835.79,0.00054,57.6913266
2025-10-17 23:16:15.932,106835.79,0.00055,58.7596845
2025-10-17 23:16:16.033,106835.78,0.00013,13.888651399999999
2025-10-17 23:16:16.129,106835.79,0.00047,50.212821299999995
2025-10-17 23:16:16.586,106835.78,8e-05,8.5468624
2025-10-17 23:16:16.883,106835.79,0.0002,21.367158
2025-10-17 23:16:17.084,106835.79,0.00014,14.957010599999998
2025-10-17 23:16:17.164,106835.79,0.00029,30.9823791
2025-10-17 23:16:17.170,106835.78,0.00136,145.2966608
2025-10-17 23:16:17.233,106835.79,0.00019,20.2988001
2025-10-17 23:16:17.761,106835.79,0.001,106.83579
2025-10-17 23:16:18.284,106835.79,0.0002,21.367158
2025-10-17 23:16:18.517,106835.79,0.00015,16.0253685
2025-10-17 23:16:18.744,106835.79,0.02,2136.7158
2025-10-17 23:16:18.990,106835.79,0.00094,100.42564259999999
2025-10-17 23:16:19.783,106835.61,0.00015,16.0253415
2025-10-17 23:16:19.826,106835.6,7e-05,7.478492
2025-10-17 23:16:20.139,106835.6,0.00047,50.212732
2025-10-17 23:16:20.143,106835.61,0.00012,12.8202732
2025-10-17 23:16:20.570,106835.6,8e-05,8.546848
2025-10-17 23:16:20.585,106835.6,0.00623,665.5857880000001
2025-10-17 23:16:21.276,106835.61,0.00024,25.6405464
2025-10-17 23:16:21.512,106835.61,0.00085,90.81026849999999
2025-10-17 23:16:22.313,106835.61,0.00047,50.2127367
2025-10-17 23:16:22.420,106835.61,0.00173,184.8256053
2025-10-17 23:16:23.201,106835.6,0.001,106.83560000000001
2025-10-17 23:16:23.490,106835.6,0.00059,63.033004000000005
2025-10-17 23:16:25.128,106835.6,7e-05,7.478492
2025-10-17 23:16:25.199,106835.61,0.00049,52.3494489
2025-10-17 23:16:25.369,106835.61,0.00108,115.38245880000001
2025-10-17 23:16:25.554,106835.61,5e-05,5.3417805000000005
2025-10-17 23:16:26.514,106835.61,7e-05,7.478492699999999
2025-10-17 23:16:27.924,106835.61,0.00046,49.144380600000005
2025-10-17 23:16:27.946,106835.6,0.00293,313.028308
2025-10-17 23:16:27.948,106835.59,0.0012,128.20270799999997
2025-10-17 23:16:27.949,106833.65,5e-05,5.3416825
2025-10-17 23:16:27.953,106832.65,0.0001,10.683265
2025-10-17 23:16:27.956,106832.65,0.0119,1271.3085350000001
2025-10-17 23:16:27.957,106831.33,0.001,106.83133000000001
2025-10-17 23:16:27.959,106831.33,0.001,106.83133000000001
2025-10-17 23:16:27.978,106831.33,0.001,106.83133000000001
2025-10-17 23:16:29.047,106831.34,0.00467,498.90235779999995
2025-10-17 23:16:29.882,106830.45,0.15165,16200.8377425
2025-10-17 23:16:29.885,106826.26,0.00323,345.0488198
2025-10-17 23:16:29.889,106826.26,0.00204,217.9255704
2025-10-17 23:16:29.890,106826.26,0.00892,952.8902392
2025-10-17 23:16:29.893,106826.26,0.001,106.82625999999999
2025-10-17 23:16:29.895,106826.26,5e-05,5.341313
2025-10-17 23:16:29.896,106826.26,0.0003,32.047878
2025-10-17 23:16:29.904,106820.0,0.00083,88.6606
2025-10-17 23:16:30.197,106820.01,0.00083,88.66060829999999
2025-10-17 23:16:30.561,106820.0,0.01124,1200.6568
2025-10-17 23:16:30.562,106819.99,0.00034,36.318796600000006
2025-10-17 23:16:31.936,106819.97,0.00667,712.4891999
2025-10-17 23:16:31.937,106819.94,0.00936,999.8346384
2025-10-17 23:16:31.940,106819.93,0.0001,10.681993
2025-10-17 23:16:31.949,106815.65,0.00015,16.0223475
2025-10-17 23:16:31.950,106814.49,0.00023,24.5673327
2025-10-17 23:16:31.951,106812.87,5e-05,5.3406435
2025-10-17 23:16:31.958,106812.26,0.00082,87.5860532
2025-10-17 23:16:31.959,106810.2,0.00339,362.086578
2025-10-17 23:16:31.976,106809.29,0.00022,23.498043799999998
2025-10-17 23:16:32.005,106810.19,0.00015,16.0215285
2025-10-17 23:16:32.014,106809.29,0.00727,776.5035383
2025-10-17 23:16:32.015,106805.0,0.03962,4231.614100000001
2025-10-17 23:16:32.016,106800.0,0.01883,2011.0439999999999
2025-10-17 23:16:32.034,106800.0,0.007,747.6
2025-10-17 23:16:32.035,106800.0,0.007,747.6
2025-10-17 23:16:32.045,106797.11,0.03516,3754.9863875999995
2025-10-17 23:16:32.056,106794.18,5e-05,5.339709
2025-10-17 23:16:32.069,106792.49,0.007,747.5474300000001
2025-10-17 23:16:32.099,106799.07,0.00035,37.3796745
2025-10-17 23:16:32.109,106799.07,0.00116,123.8869212
2025-10-17 23:16:32.126,106800.0,6e-05,6.408
2025-10-17 23:16:32.144,106800.0,0.00646,689.928
2025-10-17 23:16:32.223,106800.0,0.00151,161.268
2025-10-17 23:16:32.256,106793.02,0.0001,10.679302000000002
2025-10-17 23:16:32.345,106792.6,0.00015,16.01889
2025-10-17 23:16:32.473,106792.5,0.06276,6702.297299999999
2025-10-17 23:16:32.572,106792.5,0.00457,488.04172500000004
2025-10-17 23:16:32.574,106792.49,0.01961,2094.2007289
2025-10-17 23:16:32.716,106792.5,9e-05,9.611325
2025-10-17 23:16:32.742,106792.41,0.00015,16.0188615
2025-10-17 23:16:32.746,106792.4,0.00018,19.222632
2025-10-17 23:16:32.903,106792.4,0.25367,27090.028108
2025-10-17 23:16:32.945,106791.22,0.0001,10.679122000000001
2025-10-17 23:16:33.016,106789.7,0.00091,97.17862699999999
2025-10-17 23:16:33.034,106789.7,0.00058,61.938026
2025-10-17 23:16:33.051,106789.7,0.16103,17196.345391
2025-10-17 23:16:33.056,106789.7,0.01275,1361.568675
2025-10-17 23:16:33.063,106789.7,0.01965,2098.417605
2025-10-17 23:16:33.071,106789.7,0.01275,1361.568675
2025-10-17 23:16:33.077,106789.7,0.0141,1505.73477
2025-10-17 23:16:33.085,106789.7,0.01955,2087.738635
2025-10-17 23:16:33.092,106789.7,0.01457,1555.925929
2025-10-17 23:16:33.099,106789.7,0.01326,1416.0314219999998
2025-10-17 23:16:33.106,106789.7,0.0129,1377.58713
2025-10-17 23:16:33.112,106789.7,0.01435,1532.4321949999999
2025-10-17 23:16:33.123,106789.7,0.01281,1367.976057
2025-10-17 23:16:33.126,106789.7,0.00288,307.55433600000003
2025-10-17 23:16:33.143,106789.7,0.01438,1535.635886
2025-10-17 23:16:33.154,106789.7,0.13303,14206.233791
2025-10-17 23:16:33.190,106789.7,0.0223,2381.4103099999998
2025-10-17 23:16:33.198,106789.7,0.00413,441.04146099999997
2025-10-17 23:16:33.202,106789.7,0.23609,25211.980272999997
2025-10-17 23:16:33.270,106789.7,0.04,4271.588
2025-10-17 23:16:33.275,106789.7,0.18091,19319.324626999998
2025-10-17 23:16:33.294,106789.7,0.15936,17018.006591999998
2025-10-17 23:16:33.319,106789.7,0.003,320.3691
2025-10-17 23:16:33.320,106789.7,0.08,8543.176
2025-10-17 23:16:33.330,106789.7,0.101,10785.7597
2025-10-17 23:16:33.333,106789.7,0.00088,93.974936
2025-10-17 23:16:33.344,106789.7,0.07701,8223.874796999999
2025-10-17 23:16:33.346,106789.7,0.15479,16529.977663
2025-10-17 23:16:33.347,106789.69,0.0011,117.46865900000002
2025-10-17 23:16:33.349,106788.42,0.0005,53.39421
2025-10-17 23:16:33.350,106785.68,0.0089,950.3925519999999
2025-10-17 23:16:33.355,106785.68,0.00126,134.5499568
2025-10-17 23:16:33.357,106785.68,0.00169,180.4677992
2025-10-17 23:16:33.358,106785.31,0.00099,105.7174569
2025-10-17 23:16:33.359,106782.71,5e-05,5.3391355
2025-10-17 23:16:33.361,106782.0,0.00235,250.9377
2025-10-17 23:16:33.362,106780.52,0.00041,43.7800132
2025-10-17 23:16:33.365,106779.59,6e-05,6.4067754
2025-10-17 23:16:33.369,106777.47,8e-05,8.542197600000002
2025-10-17 23:16:33.371,106775.63,0.00282,301.10727660000003
2025-10-17 23:16:33.372,106775.54,0.00069,73.6751226
2025-10-17 23:16:33.374,106774.63,0.0001,10.677463000000001
2025-10-17 23:16:33.376,106773.49,0.00015,16.0160235
2025-10-17 23:16:33.378,106772.42,0.00015,16.015863
2025-10-17 23:16:33.381,106771.02,0.0001,10.677102000000001
2025-10-17 23:16:33.383,106769.66,0.0015,160.15449
2025-10-17 23:16:33.385,106769.61,0.08714,9303.903815399999
2025-10-17 23:16:33.396,106769.61,0.00027,28.827794700000002
2025-10-17 23:16:33.397,106769.6,0.411,43882.3056
2025-10-17 23:16:33.404,106769.6,8e-05,8.541568000000002
2025-10-17 23:16:33.418,106769.61,0.00028,29.895490799999997
2025-10-17 23:16:33.476,106769.6,0.013,1388.0048
2025-10-17 23:16:33.546,106769.6,0.005,533.8480000000001
2025-10-17 23:16:33.577,106769.61,6e-05,6.4061766
2025-10-17 23:16:33.626,106769.61,0.1073,11456.379153
2025-10-17 23:16:34.177,106769.6,0.0006,64.06175999999999
2025-10-17 23:16:35.044,106769.61,0.09278,9906.0844158
2025-10-17 23:16:35.047,106769.61,0.47487,50701.6847007
2025-10-17 23:16:35.048,106769.61,0.25803,27549.7624683
2025-10-17 23:16:35.239,106769.61,0.08751,9343.4085711
2025-10-17 23:16:35.246,106769.61,0.0475,5071.556475
2025-10-17 23:16:35.252,106769.61,0.16484,17599.9025124
2025-10-17 23:16:35.254,106769.61,0.0077,822.125997
2025-10-17 23:16:35.257,106769.61,0.0222,2370.285342
2025-10-17 23:16:35.262,106769.62,0.0001,10.676962
2025-10-17 23:16:35.263,106769.7,0.0001,10.67697
2025-10-17 23:16:35.283,106771.72,0.0001,10.677172
2025-10-17 23:16:35.296,106772.66,0.00065,69.402229
2025-10-17 23:16:35.300,106776.51,0.02819,3010.0298169
2025-10-17 23:16:35.315,106776.52,0.00035,37.371782
2025-10-17 23:16:35.336,106778.62,0.00022,23.4912964
2025-10-17 23:16:35.599,106778.63,0.0001,10.677863
2025-10-17 23:16:35.601,106779.0,0.0001,10.677900000000001
2025-10-17 23:16:35.615,106780.29,0.0005,53.390145
2025-10-17 23:16:36.180,106781.3,0.00049,52.322837
2025-10-17 23:16:36.971,106781.29,0.00018,19.2206322
2025-10-17 23:16:36.991,106781.3,0.00543,579.822459
2025-10-17 23:16:37.657,106781.29,0.00499,532.8386370999999
2025-10-17 23:16:38.125,106781.3,0.00018,19.220634
2025-10-17 23:16:38.487,106781.29,0.00122,130.2731738
2025-10-17 23:16:39.106,106781.3,0.00177,189.002901
2025-10-17 23:16:39.225,106781.3,0.00019,20.288447
2025-10-17 23:16:39.342,106781.29,0.0007,74.74690299999999
2025-10-17 23:16:39.548,106781.29,9e-05,9.6103161
2025-10-17 23:16:39.725,106781.29,5e-05,5.3390645
2025-10-17 23:16:39.797,106781.29,0.00093,99.3065997
2025-10-17 23:16:40.703,106781.3,0.03609,3853.7371169999997
2025-10-17 23:16:40.857,106781.3,0.00215,229.57979500000002
2025-10-17 23:16:41.082,106781.3,0.00104,111.05255199999999
2025-10-17 23:16:41.583,106781.29,0.0001,10.678129
2025-10-17 23:16:41.912,106781.3,0.00036,38.441268
2025-10-17 23:16:41.962,106781.3,0.00018,19.220634
2025-10-17 23:16:42.231,106781.3,0.00539,575.551207
2025-10-17 23:16:42.368,106781.3,0.00042,44.848146
2025-10-17 23:16:43.996,106781.3,0.00013,13.881568999999999
2025-10-17 23:16:44.223,106781.3,0.00107,114.25599100000001
2025-10-17 23:16:44.282,106781.3,0.0001,10.678130000000001
2025-10-17 23:16:44.643,106781.29,0.00398,424.9895342
2025-10-17 23:16:44.733,106781.3,0.00014,14.949382
2025-10-17 23:16:45.219,106781.29,6e-05,6.4068774
2025-10-17 23:16:45.488,106781.3,0.16786,17924.309018
2025-10-17 23:16:45.490,106782.17,5e-05,5.3391085
2025-10-17 23:16:45.491,106783.96,0.0001,10.678396000000001
2025-10-17 23:16:45.506,106784.31,0.00115,122.80195649999999
2025-10-17 23:16:45.516,106785.16,0.00047,50.1890252
2025-10-17 23:16:45.753,106785.16,0.00935,998.4412460000001
2025-10-17 23:16:45.755,106785.16,0.01995,2130.363942
2025-10-17 23:16:45.758,106785.16,0.0023,245.60586800000002
2025-10-17 23:16:45.870,106786.46,5e-05,5.339323
2025-10-17 23:16:45.946,106787.69,0.01369,1461.9234761
2025-10-17 23:16:45.965,106787.7,9e-05,9.610893
2025-10-17 23:16:46.236,106787.69,0.00047,50.1902143
2025-10-17 23:16:47.079,106787.7,0.00187,199.692999
2025-10-17 23:16:47.267,106787.69,0.015,1601.81535
2025-10-17 23:16:47.510,106787.69,0.08757,9351.3980133
2025-10-17 23:16:47.754,106787.7,0.00047,50.190219
2025-10-17 23:16:47.915,106787.69,0.00099,105.7198131
2025-10-17 23:16:48.635,106787.7,0.00025,26.696925
2025-10-17 23:16:49.522,106787.7,0.00015,16.018154999999997
2025-10-17 23:16:50.044,106787.69,0.001,106.78769
2025-10-17 23:16:50.210,106787.7,0.00094,100.380438
2025-10-17 23:16:50.551,106787.7,0.00014,14.950277999999999
2025-10-17 23:16:50.960,106787.7,0.00751,801.975627
2025-10-17 23:16:51.086,106787.7,0.00012,12.814524
2025-10-17 23:16:51.114,106787.7,0.00114,121.737978
2025-10-17 23:16:51.562,106787.7,0.0102,1089.2345400000002
2025-10-17 23:16:51.689,106787.7,0.00012,12.814524
2025-10-17 23:16:52.310,106787.7,0.00014,14.950277999999999
2025-10-17 23:16:52.368,106787.69,0.00013,13.882399699999999
2025-10-17 23:16:52.421,106787.69,0.00047,50.1902143
2025-10-17 23:16:52.532,106787.69,7e-05,7.475138299999999
2025-10-17 23:16:52.594,106787.69,5e-05,5.3393845
2025-10-17 23:16:52.665,106787.69,5e-05,5.3393845
2025-10-17 23:16:52.939,106787.69,5e-05,5.3393845
2025-10-17 23:16:53.033,106787.7,0.00019,20.289663
2025-10-17 23:16:53.942,106787.7,0.00011,11.746647
2025-10-17 23:16:54.010,106787.69,0.00206,219.98264140000003
2025-10-17 23:16:54.283,106787.7,7e-05,7.4751389999999995
2025-10-17 23:16:55.798,106787.7,0.00194,207.168138
2025-10-17 23:16:55.892,106787.7,0.00016,17.086032
2025-10-17 23:16:56.531,106787.7,0.0002,21.35754
2025-10-17 23:16:57.520,106787.7,0.00468,499.766436
2025-10-17 23:16:58.457,106787.7,0.00338,360.942426
2025-10-17 23:16:58.681,106787.7,0.00166,177.267582
2025-10-17 23:16:58.961,106787.7,0.00093,99.312561
2025-10-17 23:16:59.271,106787.69,0.00046,49.1223374
2025-10-17 23:17:00.115,106787.7,0.00244,260.561988
2025-10-17 23:17:00.318,106787.7,0.0006,64.07261999999999
2025-10-17 23:17:00.329,106789.49,0.0001,10.678949000000001
2025-10-17 23:17:00.529,106789.5,0.00343,366.287985
2025-10-17 23:17:00.532,106790.43,5e-05,5.3395215
2025-10-17 23:17:00.536,106791.76,0.0002,21.358352
2025-10-17 23:17:00.540,106791.77,0.0007,74.754239
2025-10-17 23:17:00.543,106791.97,0.00135,144.1691595
2025-10-17 23:17:00.546,106791.97,0.00069,73.6864593
2025-10-17 23:17:00.547,106791.97,0.00021,22.4263137
2025-10-17 23:17:00.548,106792.03,0.00015,16.018804499999998
2025-10-17 23:17:00.592,106792.48,0.09628,10281.9799744
2025-10-17 23:17:00.594,106794.26,0.00015,16.019139
2025-10-17 23:17:00.595,106794.41,0.03577,3820.0360457000006
2025-10-17 23:17:00.597,106797.3,0.19328,20641.782144
2025-10-17 23:17:00.599,106797.3,0.02957,3157.996161
2025-10-17 23:17:00.626,106797.3,0.00282,301.168386
2025-10-17 23:17:00.627,106797.31,0.00015,16.0195965
2025-10-17 23:17:00.715,106797.31,0.00247,263.7893557
2025-10-17 23:17:01.759,106797.32,0.00011,11.7477052
2025-10-17 23:17:01.930,106797.31,0.00725,774.2804975
2025-10-17 23:17:02.432,106797.32,9e-05,9.6117588
2025-10-17 23:17:02.496,106797.32,0.00427,456.02455640000005
2025-10-17 23:17:03.288,106797.32,0.00046,49.1267672
2025-10-17 23:17:03.316,106797.32,0.00094,100.3894808
2025-10-17 23:17:03.932,106797.32,0.00084,89.70974880000001
2025-10-17 23:17:04.153,106797.31,7e-05,7.4758116999999995
2025-10-17 23:17:04.337,106797.32,0.0016,170.87571200000002
2025-10-17 23:17:05.170,106797.32,0.00027,28.8352764
2025-10-17 23:17:05.859,106797.32,0.00032,34.175142400000006
2025-10-17 23:17:06.011,106797.95,5e-05,5.3398975
2025-10-17 23:17:06.013,106797.95,0.0001,10.679795
2025-10-17 23:17:06.014,106800.82,0.00042,44.856344400000005
2025-10-17 23:17:06.079,106801.44,0.00164,175.1543616
2025-10-17 23:17:06.185,106801.93,0.00015,16.020289499999997
2025-10-17 23:17:06.186,106801.94,0.02437,2602.7632778
2025-10-17 23:17:06.188,106802.71,0.00165,176.22447150000002
2025-10-17 23:17:07.061,106803.19,0.00072,76.89829680000001
2025-10-17 23:17:08.065,106803.18,0.00452,482.75037359999993
2025-10-17 23:17:09.287,106803.19,0.05795,6189.2448605
2025-10-17 23:17:09.382,106803.19,0.0009,96.122871
2025-10-17 23:17:10.869,106803.18,0.0001,10.680318
2025-10-17 23:17:11.192,106803.19,0.00019,20.2926061
2025-10-17 23:17:13.346,106803.18,0.01,1068.0318
2025-10-17 23:17:13.462,106803.18,0.02,2136.0636
2025-10-17 23:17:13.776,106803.19,0.00936,999.6778584000001
2025-10-17 23:17:14.024,106803.18,0.00015,16.020476999999996
2025-10-17 23:17:14.105,106803.19,0.00093,99.32696670000001
2025-10-17 23:17:14.685,106803.18,0.03,3204.0953999999997
2025-10-17 23:17:15.562,106803.19,0.00434,463.5258446
2025-10-17 23:17:15.821,106803.19,0.0003,32.040957
2025-10-17 23:17:17.015,106803.19,0.00027,28.836861300000002
2025-10-17 23:17:17.862,106803.18,0.00047,50.19749459999999
2025-10-17 23:17:19.389,106803.18,0.01873,2000.4235614
2025-10-17 23:17:20.619,106803.19,7e-05,7.476223299999999
2025-10-17 23:17:20.787,106803.19,5e-05,5.3401595
2025-10-17 23:17:20.949,106803.19,0.00047,50.1974993
2025-10-17 23:17:21.062,106803.19,9e-05,9.612287100000001
2025-10-17 23:17:22.027,106803.18,0.03363,3591.7909434
2025-10-17 23:17:22.432,106803.19,0.00046,49.1294674
2025-10-17 23:17:23.248,106803.19,0.00082,87.5786158
2025-10-17 23:17:23.822,106803.19,0.00137,146.32037029999998
2025-10-17 23:17:23.824,106803.19,0.08065,8613.6772735
2025-10-17 23:17:23.825,106805.65,0.0001,10.680565
2025-10-17 23:17:23.832,106807.46,0.0045,480.63357
2025-10-17 23:17:24.246,106809.06,0.00026,27.7703556
2025-10-17 23:17:24.248,106809.05,0.00586,625.901033
2025-10-17 23:17:24.401,106809.05,0.00095,101.4685975
2025-10-17 23:17:25.042,106809.06,0.00936,999.7328016
2025-10-17 23:17:26.587,106809.05,0.0001,10.680905000000001
2025-10-17 23:17:26.860,106809.06,0.00046,49.1321676
2025-10-17 23:17:26.930,106809.06,0.00241,257.40983459999995
2025-10-17 23:17:30.676,106809.07,0.0029,309.746303
2025-10-17 23:17:31.337,106809.07,0.00727,776.5019389000001
2025-10-17 23:17:31.520,106809.06,0.0001,10.680906
2025-10-17 23:17:31.809,106809.07,0.01537,1641.6554059
2025-10-17 23:17:32.063,106811.2,0.00015,16.02168
2025-10-17 23:17:32.065,106811.25,6e-05,6.408675000000001
2025-10-17 23:17:32.066,106813.88,0.0033,352.48580400000003
2025-10-17 23:17:32.067,106815.67,0.0319,3407.419873
2025-10-17 23:17:32.069,106817.75,6e-05,6.409065
2025-10-17 23:17:32.072,106818.0,0.00025,26.7045
2025-10-17 23:17:32.076,106819.29,0.00015,16.0228935
2025-10-17 23:17:32.079,106820.37,0.02187,2336.1614919
2025-10-17 23:17:32.080,106822.68,5e-05,5.341134
2025-10-17 23:17:32.090,106823.48,0.0015,160.23522
2025-10-17 23:17:32.093,106823.57,0.01878,2006.1466446000004
2025-10-17 23:17:32.097,106821.42,5e-05,5.341071
2025-10-17 23:17:32.100,106823.85,0.0004,42.72954000000001
2025-10-17 23:17:32.104,106824.25,6e-05,6.409455
2025-10-17 23:17:32.115,106825.1,0.00035,37.388785
2025-10-17 23:17:32.129,106826.69,0.00023,24.5701387
2025-10-17 23:17:32.130,106829.27,0.00312,333.30732240000003
2025-10-17 23:17:32.174,106829.36,0.0039,416.634504
2025-10-17 23:17:32.384,106829.35,0.00069,73.7122515
2025-10-17 23:17:32.385,106829.35,0.00069,73.7122515
2025-10-17 23:17:32.456,106829.35,0.00163,174.1318405
2025-10-17 23:17:32.602,106829.36,0.00035,37.390276
2025-10-17 23:17:32.736,106829.36,0.01892,2021.2114912
2025-10-17 23:17:33.093,106829.37,0.00017,18.1609929
2025-10-17 23:17:34.158,106829.36,0.00066,70.5073776
2025-10-17 23:17:35.226,106829.37,5e-05,5.3414685
2025-10-17 23:17:35.317,106829.37,0.00019,20.2975803
2025-10-17 23:17:35.864,106829.37,0.00025,26.7073425
2025-10-17 23:17:36.822,106829.37,0.00276,294.8490612
2025-10-17 23:17:37.311,106830.75,1e-05,1.0683075000000002
2025-10-17 23:17:37.312,106830.75,0.17636,18840.67107
2025-10-17 23:17:37.314,106830.75,6e-05,6.409845
2025-10-17 23:17:37.366,106830.75,0.0013,138.879975
2025-10-17 23:17:37.369,106831.34,6e-05,6.4098804
2025-10-17 23:17:38.723,106831.34,0.00094,100.42145959999999
2025-10-17 23:17:39.026,106831.34,0.0003,32.04940199999999
2025-10-17 23:17:39.030,106832.57,5e-05,5.341628500000001
2025-10-17 23:17:39.035,106833.08,6e-05,6.4099848
2025-10-17 23:17:39.038,106833.08,0.00606,647.4084648
2025-10-17 23:17:39.040,106833.74,0.0001,10.683374
2025-10-17 23:17:39.108,106834.1,0.00071,75.85221100000001
2025-10-17 23:17:39.110,106834.1,0.00035,37.391935000000004
2025-10-17 23:17:39.111,106834.1,0.00035,37.391935000000004
2025-10-17 23:17:39.116,106834.1,0.00091,97.219031
2025-10-17 23:17:39.118,106835.77,0.00124,132.4763548
2025-10-17 23:17:39.269,106835.77,0.00119,127.13456630000002
2025-10-17 23:17:39.893,106835.78,0.00345,368.583441
2025-10-17 23:17:40.638,106835.78,0.00159,169.8688902
2025-10-17 23:17:40.777,106835.77,0.00557,595.0752389
2025-10-17 23:17:41.433,106835.78,0.00018,19.230440400000003
2025-10-17 23:17:42.449,106835.77,0.0042,448.710234
2025-10-17 23:17:44.222,106835.78,0.00169,180.55246820000002
2025-10-17 23:17:45.517,106835.78,0.00317,338.6694226
2025-10-17 23:17:45.934,106835.77,0.0172,1837.575244
2025-10-17 23:17:46.339,106835.78,0.00023,24.5722294
2025-10-17 23:17:46.432,106835.77,0.00016,17.093723200000003
2025-10-17 23:17:50.151,106835.77,0.00125,133.5447125
2025-10-17 23:17:50.241,106835.77,9e-05,9.615219300000001
2025-10-17 23:17:50.276,106835.78,8e-05,8.5468624
2025-10-17 23:17:51.060,106835.77,0.00047,50.2128119
2025-10-17 23:17:52.047,106835.78,0.00047,50.2128166
2025-10-17 23:17:52.168,106835.78,0.00093,99.3572754
2025-10-17 23:17:53.373,106835.78,0.00074,79.0584772
2025-10-17 23:17:53.423,106835.77,0.00021,22.435511700000003
2025-10-17 23:17:53.762,106835.78,0.00011,11.7519358
2025-10-17 23:17:54.073,106842.77,5e-05,5.342138500000001
2025-10-17 23:17:54.077,106846.47,6e-05,6.4107882
2025-10-17 23:17:54.687,106846.47,0.00024,25.6431528
2025-10-17 23:17:55.517,106846.46,0.00044,47.012442400000005
2025-10-17 23:17:56.074,106846.46,0.006,641.0787600000001
2025-10-17 23:17:56.348,106846.47,0.00112,119.6680464
2025-10-17 23:17:56.790,106846.46,0.03177,3394.5120342
2025-10-17 23:17:57.146,106846.47,0.00021,22.4377587
2025-10-17 23:17:57.726,106846.47,0.00816,871.8671952000001
2025-10-17 23:17:57.946,106846.46,0.006,641.0787600000001
2025-10-17 23:17:58.917,106846.46,0.00012,12.821575200000002
2025-10-17 23:18:00.035,106846.46,0.0001,10.684646
2025-10-17 23:18:00.685,106846.47,0.0003,32.053940999999995
2025-10-17 23:18:01.285,106846.47,0.0001,10.684647
2025-10-17 23:18:01.610,106846.47,9e-05,9.6161823
2025-10-17 23:18:02.277,106846.47,0.05154,5506.8670638
2025-10-17 23:18:02.278,106848.06,0.00035,37.396820999999996
2025-10-17 23:18:03.340,106848.66,0.00422,450.9013452
2025-10-17 23:18:04.592,106848.66,0.00011,11.753352600000001
2025-10-17 23:18:06.111,106848.66,0.00047,50.2188702
2025-10-17 23:18:06.577,106848.65,7e-05,7.479405499999999
2025-10-17 23:18:06.987,106848.66,0.05942,6348.9473772
2025-10-17 23:18:07.351,106848.65,9e-05,9.6163785
2025-10-17 23:18:07.928,106848.66,7e-05,7.4794062
2025-10-17 23:18:08.703,106848.65,0.00504,538.517196
2025-10-17 23:18:08.816,106848.66,0.00015,16.027299
2025-10-17 23:18:10.734,106848.66,0.00118,126.08141880000001
2025-10-17 23:18:11.425,106848.65,0.00041,43.8079465
2025-10-17 23:18:11.962,106848.65,0.00086,91.889839
2025-10-17 23:18:12.715,106848.65,0.005,534.24325
2025-10-17 23:18:12.812,106848.66,9e-05,9.616379400000001
2025-10-17 23:18:12.860,106848.66,6e-05,6.410919600000001
2025-10-17 23:18:13.028,106848.66,7e-05,7.4794062
2025-10-17 23:18:13.333,106848.66,0.00018,19.232758800000003
2025-10-17 23:18:13.551,106848.66,0.01537,1642.2639042
2025-10-17 23:18:14.524,106848.66,0.00103,110.05411980000001
2025-10-17 23:18:14.573,106848.66,0.00177,189.12212820000002
2025-10-17 23:18:15.732,106848.66,0.00054,57.698276400000005
2025-10-17 23:18:15.734,106848.65,0.00015,16.027297499999996
2025-10-17 23:18:16.185,106848.66,0.00013,13.8903258
2025-10-17 23:18:17.025,106848.66,0.00047,50.2188702
2025-10-17 23:18:17.040,106848.66,0.00024,25.643678400000002
2025-10-17 23:18:17.069,106848.66,0.00047,50.2188702
2025-10-17 23:18:17.138,106848.66,0.00019,20.301245400000003
2025-10-17 23:18:17.343,106848.66,8e-05,8.547892800000001
2025-10-17 23:18:17.625,106848.66,0.00024,25.643678400000002
2025-10-17 23:18:18.012,106848.66,0.0001,10.684866000000001
2025-10-17 23:18:18.019,106848.66,0.00063,67.31465580000001
2025-10-17 23:18:18.362,106848.66,0.00019,20.301245400000003
2025-10-17 23:18:18.382,106848.66,9e-05,9.616379400000001
2025-10-17 23:18:18.433,106848.66,0.00013,13.8903258
2025-10-17 23:18:18.539,106848.66,0.00047,50.2188702
2025-10-17 23:18:18.682,106848.66,0.00053,56.6297898
2025-10-17 23:18:18.924,106848.66,0.0001,10.684866000000001
2025-10-17 23:18:18.981,106848.66,0.00022,23.506705200000003
2025-10-17 23:18:19.292,106848.66,0.0001,10.684866000000001
2025-10-17 23:18:19.468,106848.66,0.00013,13.8903258
2025-10-17 23:18:19.582,106848.66,0.00017,18.164272200000003
2025-10-17 23:18:21.999,106848.65,0.00028,29.917621999999994
2025-10-17 23:18:22.019,106848.66,0.02461,2629.5455226
2025-10-17 23:18:22.078,106848.68,0.0009,96.163812
2025-10-17 23:18:22.084,106849.1,5e-05,5.342455
2025-10-17 23:18:22.089,106849.1,0.00115,122.87646500000001
2025-10-17 23:18:22.110,106850.65,0.00015,16.0275975
2025-10-17 23:18:22.115,106850.75,0.00118,126.08388500000001
2025-10-17 23:18:22.117,106850.76,0.00145,154.93360199999998
2025-10-17 23:18:22.156,106851.99,0.00047,50.2204353
2025-10-17 23:18:22.211,106851.99,0.00032,34.1926368
2025-10-17 23:18:22.443,106852.0,0.00011,11.753720000000001
2025-10-17 23:18:23.871,106852.0,0.00047,50.220439999999996
2025-10-17 23:18:23.940,106852.0,0.0004,42.7408
2025-10-17 23:18:23.946,106852.0,0.00366,391.07832
2025-10-17 23:18:24.110,106852.0,0.00047,50.220439999999996
2025-10-17 23:18:24.240,106852.0,0.00017,18.16484
2025-10-17 23:18:24.575,106852.0,0.0061,651.7972000000001
2025-10-17 23:18:24.786,106852.0,7e-05,7.479639999999999
2025-10-17 23:18:25.071,106851.99,0.00125,133.5649875
2025-10-17 23:18:25.723,106852.0,0.00187,199.81323999999998
2025-10-17 23:18:27.020,106851.99,0.00234,250.03365660000003
2025-10-17 23:18:28.469,106852.0,0.00056,59.83711999999999
2025-10-17 23:18:28.703,106852.0,0.05849,6249.77348
2025-10-17 23:18:28.706,106852.0,0.52497,56094.09444000001
2025-10-17 23:18:28.707,106852.0,0.00131,139.97612
2025-10-17 23:18:29.361,106852.84,0.00048,51.2893632
2025-10-17 23:18:29.399,106852.86,0.0001,10.685286000000001
2025-10-17 23:18:29.401,106852.89,0.17442,18637.2810738
2025-10-17 23:18:29.620,106852.88,0.00023,24.5761624
2025-10-17 23:18:30.953,106852.89,7e-05,7.4797023
2025-10-17 23:18:33.245,106852.89,0.00018,19.2335202
2025-10-17 23:18:33.556,106852.88,0.00126,134.6346288
2025-10-17 23:18:33.825,106852.88,0.00046,49.1523248
2025-10-17 23:18:34.248,106852.89,0.00047,50.220858299999996
2025-10-17 23:18:34.451,106852.88,0.00935,999.0744280000001
2025-10-17 23:18:34.691,106852.89,0.00044,47.0152716
2025-10-17 23:18:36.664,106852.89,0.00031,33.1243959
2025-10-17 23:18:37.024,106852.89,0.00027,28.8502803
2025-10-17 23:18:38.439,106852.88,0.04033,4309.3766504
2025-10-17 23:18:38.440,106852.89,0.00041,43.8096849
2025-10-17 23:18:38.624,106852.88,0.00014,14.959403199999999
2025-10-17 23:18:39.328,106852.89,0.08055,8607.0002895
2025-10-17 23:18:39.329,106852.91,0.0007,74.797037
2025-10-17 23:18:40.232,106853.5,0.00019,20.302165000000002
2025-10-17 23:18:40.270,106853.49,0.00093,99.37374570000001
2025-10-17 23:18:40.978,106853.5,0.00053,56.632355
2025-10-17 23:18:41.583,106853.49,8e-05,8.548279200000001
2025-10-17 23:18:42.033,106853.49,0.01377,1471.3725573
2025-10-17 23:18:42.381,106853.5,0.00023,24.576305
2025-10-17 23:18:42.541,106853.5,0.0098,1047.1643
2025-10-17 23:18:42.682,106853.49,8e-05,8.548279200000001
2025-10-17 23:18:42.715,106853.49,0.00544,581.2829856000001
2025-10-17 23:18:43.382,106853.5,0.00011,11.753885
2025-10-17 23:18:43.402,106853.49,5e-05,5.3426745
2025-10-17 23:18:43.533,106853.5,0.00121,129.292735
2025-10-17 23:18:43.653,106853.5,0.01,1068.535
2025-10-17 23:18:44.535,106853.5,0.00033,35.261655
2025-10-17 23:18:45.362,106853.5,8e-05,8.54828
2025-10-17 23:18:45.643,106853.49,0.00247,263.9281203
2025-10-17 23:18:45.691,106853.5,0.0001,10.68535
2025-10-17 23:18:45.986,106853.5,0.00077,82.27719499999999
2025-10-17 23:18:46.103,106853.49,0.00041,43.8099309
2025-10-17 23:18:46.563,106855.08,0.00567,605.8683036
2025-10-17 23:18:46.566,106858.0,0.13542,14470.710360000001
2025-10-17 23:18:46.570,106858.0,0.08739,9338.32062
2025-10-17 23:18:47.945,106858.0,0.00021,22.44018
2025-10-17 23:18:48.170,106857.99,0.00472,504.36971280000006
2025-10-17 23:18:49.430,106858.0,6e-05,6.41148
2025-10-17 23:18:50.994,106858.0,0.00142,151.73836
2025-10-17 23:18:51.275,106858.0,9e-05,9.617220000000001
2025-10-17 23:18:52.017,106858.0,0.00018,19.234440000000003
2025-10-17 23:18:52.065,106857.99,0.00053,56.6347347
2025-10-17 23:18:52.736,106858.0,9e-05,9.617220000000001
2025-10-17 23:18:52.931,106858.0,0.00071,75.86918
2025-10-17 23:18:54.141,106857.99,0.0003,32.057397
2025-10-17 23:18:54.218,106857.99,0.00047,50.2232553
2025-10-17 23:18:54.542,106857.99,0.00636,679.6168164000001
2025-10-17 23:18:54.840,106858.0,0.00242,258.59636
2025-10-17 23:18:55.221,106858.0,5e-05,5.3429
2025-10-17 23:18:55.317,106858.0,0.01465,1565.4696999999999
2025-10-17 23:18:55.339,106858.0,0.00163,174.17854
2025-10-17 23:18:55.612,106858.0,0.00374,399.64892
2025-10-17 23:18:55.662,106858.0,0.00017,18.165860000000002
2025-10-17 23:18:56.283,106858.0,0.03398,3631.0348400000003
2025-10-17 23:18:56.417,106858.0,0.00014,14.960119999999998
2025-10-17 23:18:57.091,106858.0,0.00017,18.165860000000002
2025-10-17 23:18:59.626,106858.0,0.00051,54.497580000000006
2025-10-17 23:18:59.925,106858.0,0.00029,30.98882
2025-10-17 23:19:00.451,106858.0,0.00567,605.88486
2025-10-17 23:19:00.772,106857.99,1.57153,167930.53702470002
2025-10-17 23:19:01.169,106858.0,0.00056,59.84047999999999
2025-10-17 23:19:01.193,106858.0,0.1,10685.800000000001
2025-10-17 23:19:02.569,106857.99,0.00018,19.234438200000003
2025-10-17 23:19:02.604,106858.0,0.01062,1134.83196
2025-10-17 23:19:02.632,106858.23,0.00647,691.3727481
2025-10-17 23:19:02.641,106858.23,0.00936,1000.1930328
2025-10-17 23:19:02.671,106858.23,0.01244,1329.3163812
2025-10-17 23:19:02.698,106858.23,0.02115,2260.0515644999996
2025-10-17 23:19:03.042,106858.22,0.00274,292.7915228
2025-10-17 23:19:03.049,106858.23,0.08144,8702.534251199999
2025-10-17 23:19:03.051,106858.23,0.48974,52332.7495602
2025-10-17 23:19:03.053,106861.5,0.02818,3011.35707
2025-10-17 23:19:03.054,106863.25,6e-05,6.411795000000001
2025-10-17 23:19:03.055,106862.01,0.0001,10.686201
2025-10-17 23:19:03.056,106864.0,0.00325,347.308
2025-10-17 23:19:03.113,106865.37,0.06466,6909.914824199999
2025-10-17 23:19:03.117,106865.37,0.00932,995.9852483999999
2025-10-17 23:19:03.119,106865.37,0.00115,122.8951755
2025-10-17 23:19:03.732,106866.0,0.46469,49659.56154
2025-10-17 23:19:03.734,106866.02,0.0001,10.686602
2025-10-17 23:19:03.829,106866.5,7e-05,7.480655
2025-10-17 23:19:04.354,106866.49,0.00047,50.2272503
2025-10-17 23:19:04.436,106866.49,0.00018,19.235968200000002
2025-10-17 23:19:04.867,106866.5,0.00047,50.227255
2025-10-17 23:19:05.363,106866.49,0.00045,48.0899205
2025-10-17 23:19:05.769,106866.49,0.0021,224.419629
2025-10-17 23:19:06.039,106866.5,0.00259,276.78423499999997
2025-10-17 23:19:06.043,106866.89,0.0008,85.49351200000001
2025-10-17 23:19:06.115,106872.73,0.00015,16.030909499999996
2025-10-17 23:19:06.118,106872.74,6e-05,6.4123644
2025-10-17 23:19:07.918,106872.74,0.02405,2570.289397
2025-10-17 23:19:08.907,106872.74,9e-05,9.618546600000002
2025-10-17 23:19:09.276,106872.74,0.00021,22.4432754
2025-10-17 23:19:09.343,106872.73,0.00419,447.7967387
2025-10-17 23:19:10.440,106872.74,0.00163,174.2025662
2025-10-17 23:19:10.502,106873.87,0.0001,10.687387
2025-10-17 23:19:10.507,106874.0,0.0941,10056.8434
2025-10-17 23:19:10.513,106874.0,0.09368,10011.95632
2025-10-17 23:19:10.764,106874.0,0.00168,179.54832000000002
2025-10-17 23:19:10.765,106878.33,0.00015,16.0317495
2025-10-17 23:19:10.766,106878.35,0.00015,16.0317525
2025-10-17 23:19:11.578,106878.35,7e-05,7.4814845
2025-10-17 23:19:12.037,106878.36,0.00147,157.11118919999998
2025-10-17 23:19:12.812,106878.36,0.00055,58.783098
2025-10-17 23:19:13.804,106878.36,0.00046,49.1640456
2025-10-17 23:19:14.066,106878.35,0.00156,166.73022600000002
2025-10-17 23:19:14.817,106878.36,0.00936,1000.3814496
2025-10-17 23:19:15.081,106878.35,6e-05,6.412701
2025-10-17 23:19:16.021,106878.36,9e-05,9.619052400000001
2025-10-17 23:19:17.406,106878.35,0.00935,999.3125725000001
2025-10-17 23:19:17.782,106878.35,0.00014,14.962969
2025-10-17 23:19:18.119,106878.36,0.00046,49.1640456
2025-10-17 23:19:18.404,106878.36,0.00085,90.846606
2025-10-17 23:19:19.255,106878.36,0.00606,647.6828616
2025-10-17 23:19:19.479,106878.35,0.00016,17.100536
2025-10-17 23:19:19.501,106878.35,0.0004,42.751340000000006
2025-10-17 23:19:19.502,106878.36,0.0013,138.941868
2025-10-17 23:19:19.767,106878.35,6e-05,6.412701
2025-10-17 23:19:20.944,106878.36,0.01872,2000.7628992
2025-10-17 23:19:21.599,106878.36,7e-05,7.481485199999999
2025-10-17 23:19:22.097,106878.36,0.00133,142.1482188
2025-10-17 23:19:22.387,106878.35,0.00034,36.33863900000001
2025-10-17 23:19:22.805,106878.36,0.00071,75.8836356
2025-10-17 23:19:22.941,106878.36,0.00018,19.238104800000002
2025-10-17 23:19:24.185,106878.36,0.00057,60.920665199999995
2025-10-17 23:19:25.419,106878.35,0.00011,11.756618500000002
2025-10-17 23:19:27.139,106878.35,0.00021,22.4444535
2025-10-17 23:19:27.148,106878.36,0.0005,53.43918
2025-10-17 23:19:27.151,106878.35,6e-05,6.412701
2025-10-17 23:19:27.175,106878.36,0.00093,99.3968748
2025-10-17 23:19:28.421,106878.36,9e-05,9.619052400000001
2025-10-17 23:19:29.374,106878.36,0.00018,19.238104800000002
2025-10-17 23:19:29.783,106878.35,0.00016,17.100536
2025-10-17 23:19:30.124,106878.36,0.00118,126.1164648
2025-10-17 23:19:30.606,106878.36,0.00047,50.2328292
2025-10-17 23:19:31.389,106878.36,8e-05,8.550268800000001
2025-10-17 23:19:32.190,106878.36,4e-05,4.275134400000001
2025-10-17 23:19:33.085,106878.36,0.04767,5094.8914212
2025-10-17 23:19:33.698,106878.36,8e-05,8.550268800000001
2025-10-17 23:19:34.041,106878.36,0.00272,290.70913920000004
2025-10-17 23:19:34.446,106878.36,0.00011,11.7566196
2025-10-17 23:19:34.975,106878.35,0.00047,50.2328245
2025-10-17 23:19:35.654,106878.36,0.00964,1030.3073904
2025-10-17 23:19:35.693,106878.36,0.00047,50.2328292
2025-10-17 23:19:37.819,106878.36,0.00024,25.6508064
2025-10-17 23:19:38.376,106878.36,0.0015,160.31754
2025-10-17 23:19:38.817,106878.35,0.00021,22.4444535
2025-10-17 23:19:40.443,106878.35,0.00013,13.894185499999999
2025-10-17 23:19:40.518,106878.36,9e-05,9.619052400000001
2025-10-17 23:19:41.250,106878.36,7e-05,7.481485199999999
2025-10-17 23:19:41.491,106878.35,0.00012,12.825402
2025-10-17 23:19:41.583,106878.35,8e-05,8.550268
2025-10-17 23:19:42.030,106878.35,0.00032,34.201072
2025-10-17 23:19:42.087,106878.36,0.00342,365.5239912
2025-10-17 23:19:42.425,106878.36,0.00749,800.5189164
2025-10-17 23:19:43.017,106878.35,0.0002,21.375670000000003
2025-10-17 23:19:43.876,106878.35,0.00026,27.788370999999998
2025-10-17 23:19:44.017,106878.35,0.00636,679.746306
2025-10-17 23:19:44.033,106878.36,0.00222,237.26995920000002
2025-10-17 23:19:44.087,106878.36,0.00156,166.7302416
2025-10-17 23:19:44.622,106878.36,5e-05,5.343918
2025-10-17 23:19:44.985,106878.36,0.00018,19.238104800000002
2025-10-17 23:19:45.930,106878.35,0.00598,639.1325330000001
2025-10-17 23:19:46.130,106878.35,0.0008,85.50268000000001
2025-10-17 23:19:46.281,106878.35,0.00035,37.4074225
2025-10-17 23:19:47.013,106878.36,0.00091,97.2593076
2025-10-17 23:19:47.319,106878.36,0.00201,214.82550360000002
2025-10-17 23:19:48.048,106878.36,0.00015,16.031754
2025-10-17 23:19:50.850,106878.35,0.0004,42.751340000000006
2025-10-17 23:19:51.099,106878.36,0.00078,83.3651208
2025-10-17 23:19:51.262,106878.35,0.00105,112.2222675
2025-10-17 23:19:51.718,106878.36,0.0001,10.687836
2025-10-17 23:19:51.937,106878.36,0.00028,29.925940799999996
2025-10-17 23:19:52.142,106878.36,9e-05,9.619052400000001
2025-10-17 23:19:52.872,106878.36,0.00187,199.8625332
2025-10-17 23:19:52.924,106878.36,0.00012,12.8254032
2025-10-17 23:19:53.575,106878.36,7e-05,7.481485199999999
2025-10-17 23:19:54.246,106878.35,9e-05,9.619051500000001
2025-10-17 23:19:54.533,106878.35,0.00822,878.540037
2025-10-17 23:19:55.155,106878.35,0.0009,96.190515
2025-10-17 23:19:55.180,106878.36,0.00036,38.476209600000004
2025-10-17 23:19:55.935,106878.35,8e-05,8.550268
2025-10-17 23:19:55.989,106878.36,0.00187,199.8625332
2025-10-17 23:19:56.110,106878.36,0.0106,1132.9106160000001
2025-10-17 23:19:57.436,106878.35,0.0003,32.063505
2025-10-17 23:19:57.524,106878.35,0.00907,969.3866345
2025-10-17 23:19:59.007,106878.36,8e-05,8.550268800000001
2025-10-17 23:19:59.102,106878.35,0.0014,149.62969
2025-10-17 23:20:00.539,106878.36,8e-05,8.550268800000001
2025-10-17 23:20:00.714,106878.35,0.00047,50.2328245
2025-10-17 23:20:00.741,106878.36,0.00739,789.8310804
2025-10-17 23:20:01.238,106878.36,0.00343,366.5927748
2025-10-17 23:20:01.721,106878.36,0.00069,73.7460684
2025-10-17 23:20:02.109,106878.36,0.00171,182.7619956
2025-10-17 23:20:02.375,106878.35,0.01,1068.7835
2025-10-17 23:20:02.378,106878.36,0.00028,29.925940799999996
2025-10-17 23:20:02.532,106878.36,9e-05,9.619052400000001
2025-10-17 23:20:04.834,106878.35,8e-05,8.550268
2025-10-17 23:20:04.848,106878.36,0.00025,26.71959
2025-10-17 23:20:05.235,106878.36,0.00029,30.9947244
2025-10-17 23:20:05.800,106878.35,0.00047,50.2328245
2025-10-17 23:20:06.819,106878.36,0.00286,305.6721096
2025-10-17 23:20:06.881,106878.36,0.00582,622.0320552
2025-10-17 23:20:07.354,106878.35,0.0186,1987.93731
2025-10-17 23:20:07.519,106878.36,6e-05,6.4127016
2025-10-17 23:20:07.732,106878.35,0.0001,10.687835000000002
2025-10-17 23:20:08.060,106878.36,8e-05,8.550268800000001
2025-10-17 23:20:09.066,106878.36,0.00062,66.2645832
2025-10-17 23:20:10.117,106878.35,0.00402,429.65096700000004
2025-10-17 23:20:10.847,106878.36,0.002,213.75672
2025-10-17 23:20:11.576,106878.35,6e-05,6.412701
2025-10-17 23:20:12.261,106878.36,0.002,213.75672
2025-10-17 23:20:12.262,106878.36,0.00113,120.77254679999999
2025-10-17 23:20:12.378,106878.35,7e-05,7.4814845
2025-10-17 23:20:13.370,106878.36,9e-05,9.619052400000001
2025-10-17 23:20:13.418,106878.36,0.0095,1015.34442
2025-10-17 23:20:13.733,106878.36,0.00537,573.9367932
2025-10-17 23:20:14.617,106878.36,0.00561,599.5875996000001
2025-10-17 23:20:14.758,106878.36,0.00052,55.57674719999999
2025-10-17 23:20:14.840,106878.35,0.00041,43.8201235
2025-10-17 23:20:15.109,106878.36,6e-05,6.4127016
2025-10-17 23:20:15.246,106878.35,8e-05,8.550268
2025-10-17 23:20:16.853,106878.36,0.001,106.87836
2025-10-17 23:20:16.874,106878.35,0.10706,11442.396151
2025-10-17 23:20:16.875,106878.35,0.0288,3078.09648
2025-10-17 23:20:16.876,106878.35,0.16858,18017.552243000002
2025-10-17 23:20:16.877,106878.35,0.03137,3352.7738395000006
2025-10-17 23:20:16.880,106878.35,0.02618,2798.075203
2025-10-17 23:20:16.881,106878.35,0.03137,3352.7738395000006
2025-10-17 23:20:16.882,106878.35,0.02096,2240.170216
2025-10-17 23:20:16.884,106878.35,1.15342,123275.62645699999
2025-10-17 23:20:16.885,106878.35,0.13234,14144.280839000003
2025-10-17 23:20:16.886,106878.35,0.07769,8303.3790115
2025-10-17 23:20:16.887,106878.35,0.05999,6411.6322165
2025-10-17 23:20:16.888,106878.35,0.11084,11846.396314
2025-10-17 23:20:16.889,106878.35,0.0415,4435.451525
2025-10-17 23:20:16.890,106878.35,0.20947,22387.8079745
2025-10-17 23:20:16.891,106878.35,0.0134,1432.1698900000001
2025-10-17 23:20:16.892,106876.62,0.00015,16.031492999999998
2025-10-17 23:20:16.894,106872.73,0.11415,12199.5221295
2025-10-17 23:20:16.895,106872.73,0.01759,1879.8913207
2025-10-17 23:20:16.896,106872.73,0.0069,737.421837
2025-10-17 23:20:16.898,106872.72,0.02459,2628.0001848
2025-10-17 23:20:16.900,106872.72,0.03152,3368.6281344
2025-10-17 23:20:16.902,106872.72,0.02825,3019.15434
2025-10-17 23:20:16.903,106872.72,0.01649,1762.3311528000002
2025-10-17 23:20:16.904,106872.72,0.02644,2825.7147168
2025-10-17 23:20:16.907,106872.72,0.08998,9616.4073456
2025-10-17 23:20:16.909,106872.72,0.148,15817.162559999999
2025-10-17 23:20:16.914,106872.72,0.04,4274.9088
2025-10-17 23:20:16.915,106872.72,0.012,1282.47264
2025-10-17 23:20:16.917,106872.72,0.0144,1538.967168
2025-10-17 23:20:16.920,106872.72,0.048,5129.89056
2025-10-17 23:20:16.923,106872.72,0.00685,732.078132
2025-10-17 23:20:16.927,106872.72,0.003,320.61816
2025-10-17 23:20:16.928,106872.72,0.036,3847.41792
2025-10-17 23:20:16.931,106865.22,5e-05,5.343261
2025-10-17 23:20:16.938,106859.1,0.00627,670.006557
2025-10-17 23:20:16.939,106852.88,0.00037,39.5355656
2025-10-17 23:20:16.940,106848.68,0.034,3632.85512
2025-10-17 23:20:16.941,106848.68,0.484,51714.761119999996
2025-10-17 23:20:16.943,106848.68,0.029,3098.61172
2025-10-17 23:20:16.944,106848.68,0.02,2136.9736
2025-10-17 23:20:16.945,106848.68,0.044,4701.34192
2025-10-17 23:20:16.949,106848.68,0.012,1282.18416
2025-10-17 23:20:16.968,106848.66,0.00712,760.7624592
2025-10-17 23:20:17.024,106861.07,0.02808,3000.6588456000004
2025-10-17 23:20:17.048,106861.07,0.00056,59.842199199999996
2025-10-17 23:20:17.071,106861.08,7e-05,7.4802756
2025-10-17 23:20:17.089,106861.08,0.003,320.58324
2025-10-17 23:20:17.113,106861.07,0.17466,18664.3544862
2025-10-17 23:20:17.114,106861.07,0.0001,10.686107000000002
2025-10-17 23:20:17.177,106861.07,6e-05,6.411664200000001
2025-10-17 23:20:17.227,106861.07,0.00076,81.21441320000001
2025-10-17 23:20:17.230,106861.07,7e-05,7.4802748999999995
2025-10-17 23:20:17.283,106861.08,0.002,213.72216
2025-10-17 23:20:17.296,106861.07,0.00022,23.5094354
2025-10-17 23:20:17.398,106861.07,0.01169,1249.2059083000001
2025-10-17 23:20:17.401,106861.07,0.01043,1114.5609601
2025-10-17 23:20:17.402,106861.07,0.00024,25.646656800000002
2025-10-17 23:20:17.415,106858.38,0.00674,720.2254812000001
2025-10-17 23:20:17.416,106858.38,0.00399,426.3649362
2025-10-17 23:20:17.417,106858.38,0.01741,1860.4043958
2025-10-17 23:20:17.451,106858.38,0.00064,68.3893632
2025-10-17 23:20:17.456,106858.38,5e-05,5.342919
2025-10-17 23:20:17.463,106858.38,0.00059,63.0464442
2025-10-17 23:20:17.464,106858.38,6e-05,6.4115028
2025-10-17 23:20:17.626,106858.38,0.00435,464.833953
2025-10-17 23:20:17.645,106858.38,0.00106,113.2698828
2025-10-17 23:20:17.647,106858.36,1e-05,1.0685836000000002
2025-10-17 23:20:17.696,106856.94,0.00194,207.3024636
2025-10-17 23:20:17.698,106856.93,0.001,106.85692999999999
2025-10-17 23:20:17.746,106854.39,0.00852,910.3994028
2025-10-17 23:20:17.820,106850.67,0.00096,102.5766432
2025-10-17 23:20:17.830,106850.66,0.00155,165.618523
2025-10-17 23:20:17.860,106848.29,0.00315,336.5721135
2025-10-17 23:20:17.862,106847.3,0.0035,373.96555
2025-10-17 23:20:17.883,106843.75,6e-05,6.4106250000000005
2025-10-17 23:20:18.026,106842.35,6e-05,6.410541
2025-10-17 23:20:19.078,106842.36,0.002,213.68472
2025-10-17 23:20:19.169,106842.36,0.00063,67.3106868
2025-10-17 23:20:19.192,106842.36,6e-05,6.4105416
2025-10-17 23:20:19.452,106842.36,0.00245,261.763782
2025-10-17 23:20:19.455,106842.36,0.005,534.2118
2025-10-17 23:20:19.602,106842.36,8e-05,8.5473888
2025-10-17 23:20:19.908,106842.36,0.05921,6326.1361356
2025-10-17 23:20:19.910,106842.5,0.0009,96.15825
2025-10-17 23:20:20.290,106846.62,0.0003,32.053985999999995
2025-10-17 23:20:20.533,106846.63,0.00113,120.7366919
2025-10-17 23:20:20.535,106846.62,0.00029,30.9855198
2025-10-17 23:20:20.658,106846.63,0.00466,497.90529580000003
2025-10-17 23:20:20.998,106850.24,0.00056,59.8361344
2025-10-17 23:20:21.284,106850.23,0.00088,94.0282024
2025-10-17 23:20:21.395,106850.23,0.00018,19.2330414
2025-10-17 23:20:21.420,106850.24,0.00122,130.3572928
2025-10-17 23:20:21.500,106850.23,0.00445,475.4835235
2025-10-17 23:20:22.232,106850.23,0.00185,197.6729255
2025-10-17 23:20:22.364,106850.23,0.00015,16.027534499999998
2025-10-17 23:20:22.366,106850.23,0.00016,17.0960368
2025-10-17 23:20:22.368,106850.23,0.00056,59.83612879999999
2025-10-17 23:20:22.371,106850.23,0.00032,34.1920736
2025-10-17 23:20:22.643,106850.23,8e-05,8.5480184
2025-10-17 23:20:23.092,106850.23,0.00011,11.7535253
2025-10-17 23:20:23.423,106850.24,0.05,5342.512000000001
2025-10-17 23:20:23.835,106850.23,0.01,1068.5022999999999
2025-10-17 23:20:25.075,106850.24,0.0001,10.685024
2025-10-17 23:20:25.561,106850.23,0.0001,10.685023
2025-10-17 23:20:25.921,106850.24,0.00015,16.027535999999998
2025-10-17 23:20:25.927,106850.23,0.00076,81.2061748
2025-10-17 23:20:27.450,106850.23,0.00143,152.7958289
2025-10-17 23:20:27.482,106850.24,6e-05,6.411014400000001
2025-10-17 23:20:27.715,106850.24,9e-05,9.6165216
2025-10-17 23:20:27.733,106850.24,0.00047,50.2196128
2025-10-17 23:20:27.764,106850.24,0.00024,25.644057600000004
2025-10-17 23:20:27.849,106850.24,0.00029,30.986569600000003
2025-10-17 23:20:27.933,106850.24,7e-05,7.4795168
2025-10-17 23:20:28.043,106850.24,8e-05,8.5480192
2025-10-17 23:20:28.162,106850.24,0.00011,11.7535264
2025-10-17 23:20:28.219,106850.24,0.0001,10.685024
2025-10-17 23:20:28.281,106850.24,0.0001,10.685024
2025-10-17 23:20:28.368,106850.23,0.00046,49.151105799999996
2025-10-17 23:20:28.416,106850.24,0.00808,863.3499392000001
2025-10-17 23:20:28.445,106850.24,0.0001,10.685024
2025-10-17 23:20:28.477,106850.24,0.00038,40.6030912
2025-10-17 23:20:28.539,106850.24,0.00044,47.0141056
2025-10-17 23:20:28.781,106850.24,7e-05,7.4795168
2025-10-17 23:20:28.818,106850.24,0.00055,58.767632000000006
2025-10-17 23:20:29.269,106850.24,0.0015,160.27536
2025-10-17 23:20:29.317,106850.24,0.00014,14.9590336
2025-10-17 23:20:29.362,106850.24,0.00047,50.2196128
2025-10-17 23:20:29.633,106850.24,0.00011,11.7535264
2025-10-17 23:20:29.638,106850.24,0.0001,10.685024
2025-10-17 23:20:29.733,106850.24,0.00024,25.644057600000004
2025-10-17 23:20:29.735,106850.24,0.00057,60.9046368
2025-10-17 23:20:29.817,106850.24,0.00019,20.3015456
2025-10-17 23:20:30.018,106850.24,0.00019,20.3015456
2025-10-17 23:20:31.522,106850.23,8e-05,8.5480184
2025-10-17 23:20:31.530,106850.23,0.21696,23182.225900799996
2025-10-17 23:20:31.632,106850.23,7e-05,7.479516099999999
2025-10-17 23:20:31.906,106850.23,0.08896,9505.396460799999
2025-10-17 23:20:31.907,106850.23,0.28139,30066.586219699995
2025-10-17 23:20:31.915,106850.23,0.00863,922.1174849
2025-10-17 23:20:31.916,106849.44,0.0001,10.684944000000002
2025-10-17 23:20:31.921,106842.58,6e-05,6.4105548
2025-10-17 23:20:31.926,106842.38,0.0303,3237.324114
2025-10-17 23:20:31.928,106842.38,0.02557,2731.9596566
2025-10-17 23:20:31.932,106842.38,0.02204,2354.8060552
2025-10-17 23:20:31.937,106840.0,0.01439,1537.4276
2025-10-17 23:20:31.942,106840.0,0.00321,342.95640000000003
2025-10-17 23:20:31.946,106840.0,0.0004,42.736000000000004
2025-10-17 23:20:31.955,106836.58,0.00893,954.0506594000001
2025-10-17 23:20:31.956,106836.58,0.01439,1537.3783862
2025-10-17 23:20:31.962,106834.1,5e-05,5.341705
2025-10-17 23:20:31.978,106840.01,0.00015,16.0260015
2025-10-17 23:20:32.013,106832.07,0.00572,611.0794404000001
2025-10-17 23:20:32.182,106832.08,0.01872,1999.8965376
2025-10-17 23:20:32.299,106832.09,0.00337,360.0241433
2025-10-17 23:20:32.374,106832.08,9e-05,9.6148872
2025-10-17 23:20:32.624,106832.09,9e-05,9.6148881
2025-10-17 23:20:32.632,106832.08,0.00025,26.70802
2025-10-17 23:20:33.010,106832.09,0.00057,60.8942913
2025-10-17 23:20:34.085,106832.09,0.00017,18.1614553
2025-10-17 23:20:34.196,106832.08,0.00286,305.53974880000004
2025-10-17 23:20:34.830,106832.09,0.00498,532.0238082
2025-10-17 23:20:35.086,106832.09,0.00047,50.211082299999994
2025-10-17 23:20:35.433,106832.09,0.00188,200.84432919999998
2025-10-17 23:20:36.032,106832.08,0.00066,70.5091728
2025-10-17 23:20:36.043,106832.08,0.0004,42.732832
2025-10-17 23:20:36.062,106832.08,0.00029,30.9813032
2025-10-17 23:20:36.068,106832.08,0.00026,27.776340799999996
2025-10-17 23:20:36.302,106832.09,0.00096,102.5588064
2025-10-17 23:20:36.535,106832.08,0.0001,10.683208
2025-10-17 23:20:36.962,106832.09,8e-05,8.5465672
2025-10-17 23:20:37.183,106832.09,0.00029,30.981306099999998
2025-10-17 23:20:38.400,106832.08,9e-05,9.6148872
2025-10-17 23:20:38.672,106832.09,0.00936,999.9483624
2025-10-17 23:20:39.081,106832.09,0.00118,126.0618662
2025-10-17 23:20:39.637,106832.09,0.00084,89.7389556
2025-10-17 23:20:39.887,106832.09,0.00047,50.211082299999994
2025-10-17 23:20:40.788,106832.09,0.0009,96.14888099999999
2025-10-17 23:20:40.952,106832.09,0.00021,22.4347389
2025-10-17 23:20:41.419,106832.08,8e-05,8.546566400000001
2025-10-17 23:20:42.182,106832.09,0.01,1068.3209
2025-10-17 23:20:42.626,106832.09,0.00046,49.1427614
2025-10-17 23:20:43.108,106832.08,0.00062,66.23588960000001
2025-10-17 23:20:43.240,106832.08,0.00691,738.2096728
2025-10-17 23:20:43.278,106832.09,0.00012,12.8198508
2025-10-17 23:20:43.845,106832.08,0.00023,24.5713784
2025-10-17 23:20:44.991,106832.08,0.09902,10578.5125616
2025-10-17 23:20:45.329,106832.09,0.00023,24.5713807
2025-10-17 23:20:46.173,106832.09,0.00021,22.4347389
2025-10-17 23:20:47.022,106832.09,0.00042,44.8694778
2025-10-17 23:20:48.649,106832.09,0.00248,264.9435832
2025-10-17 23:20:50.003,106832.09,0.00047,50.211082299999994
2025-10-17 23:20:50.700,106832.09,0.00016,17.0931344
2025-10-17 23:20:51.047,106832.09,0.00057,60.8942913
2025-10-17 23:20:51.125,106832.08,0.00063,67.3042104
2025-10-17 23:20:51.519,106832.09,0.00037,39.527873299999996
2025-10-17 23:20:51.583,106832.08,6e-05,6.409924800000001
2025-10-17 23:20:52.465,106832.08,0.00083,88.6706264
2025-10-17 23:20:52.510,106832.09,0.00022,23.5030598
2025-10-17 23:20:52.583,106832.08,5e-05,5.341604
2025-10-17 23:20:52.765,106832.09,0.03137,3351.3226633
2025-10-17 23:20:52.791,106832.09,9e-05,9.6148881
2025-10-17 23:20:53.575,106832.09,6e-05,6.4099254
2025-10-17 23:20:54.641,106832.08,0.00093,99.35383440000001
2025-10-17 23:20:56.446,106832.09,0.00077,82.26070929999999
2025-10-17 23:20:56.489,106832.09,0.00047,50.211082299999994
2025-10-17 23:20:56.911,106832.08,0.00027,28.844661600000002
2025-10-17 23:20:57.762,106832.08,9e-05,9.6148872
2025-10-17 23:20:58.708,106832.09,8e-05,8.5465672
2025-10-17 23:20:58.847,106832.09,0.00056,59.825970399999996
2025-10-17 23:20:59.619,106832.09,0.00047,50.211082299999994
2025-10-17 23:21:01.021,106832.09,0.00047,50.211082299999994
2025-10-17 23:21:01.267,106832.09,9e-05,9.6148881
2025-10-17 23:21:01.460,106832.09,0.0001,10.683209
2025-10-17 23:21:01.483,106832.1,0.01994,2130.232074
2025-10-17 23:21:01.495,106832.1,0.00935,998.8801350000001
2025-10-17 23:21:01.546,106832.1,0.10673,11402.190033
2025-10-17 23:21:01.547,106832.15,0.17542,18740.495753
2025-10-17 23:21:01.549,106832.15,6e-05,6.409929
2025-10-17 23:21:01.550,106832.16,0.0007,74.782512
2025-10-17 23:21:01.563,106832.15,0.00095,101.49054249999999
2025-10-17 23:21:01.618,106832.58,0.0001,10.683258
2025-10-17 23:21:02.558,106832.59,0.01794,1916.5766646
2025-10-17 23:21:02.691,106832.6,0.00046,49.142996000000004
2025-10-17 23:21:03.485,106832.6,0.00025,26.708150000000003
2025-10-17 23:21:03.701,106832.59,9e-05,9.6149331
2025-10-17 23:21:04.343,106832.59,0.00026,27.776473399999997
2025-10-17 23:21:04.442,106832.59,9e-05,9.6149331
2025-10-17 23:21:04.938,106832.59,9e-05,9.6149331
2025-10-17 23:21:05.024,106832.59,5e-05,5.3416295
2025-10-17 23:21:05.055,106832.6,0.00049,52.347974
2025-10-17 23:21:05.194,106832.59,0.00047,50.2113173
2025-10-17 23:21:05.228,106832.6,0.05066,5412.139516
2025-10-17 23:21:05.233,106832.65,0.0009,96.149385
2025-10-17 23:21:05.235,106835.43,0.00015,16.025314499999997
2025-10-17 23:21:05.423,106836.35,0.00236,252.13378600000001
2025-10-17 23:21:06.099,106836.36,0.00611,652.7701596
2025-10-17 23:21:06.100,106836.37,6e-05,6.4101821999999995
2025-10-17 23:21:06.145,106838.32,0.00047,50.2140104
2025-10-17 23:21:06.533,106838.32,7e-05,7.478682399999999
2025-10-17 23:21:06.622,106839.71,0.00015,16.0259565
2025-10-17 23:21:06.623,106839.72,5e-05,5.341986
2025-10-17 23:21:06.835,106839.71,0.01,1068.3971000000001
2025-10-17 23:21:06.915,106842.61,0.00015,16.0263915
2025-10-17 23:21:07.365,106843.92,0.0001,10.684392
2025-10-17 23:21:07.368,106845.52,6e-05,6.410731200000001
2025-10-17 23:21:07.369,106845.52,0.17517,18716.1297384
2025-10-17 23:21:07.370,106845.52,0.00936,1000.0740672000001
2025-10-17 23:21:07.375,106847.92,0.0001,10.684792
2025-10-17 23:21:07.378,106849.22,6e-05,6.4109532
2025-10-17 23:21:08.026,106849.21,0.00037,39.5342077
2025-10-17 23:21:08.118,106849.21,0.00999,1067.4236079000002
2025-10-17 23:21:09.545,106849.21,0.00176,188.05460960000002
2025-10-17 23:21:09.993,106849.21,0.00047,50.2191287
2025-10-17 23:21:10.768,106849.21,0.00351,375.0407271
2025-10-17 23:21:11.285,106849.21,8e-05,8.5479368
2025-10-17 23:21:12.019,106849.22,0.01404,1500.1630488
2025-10-17 23:21:13.965,106849.22,8e-05,8.547937600000001
2025-10-17 23:21:14.118,106849.22,0.00071,75.8629462
2025-10-17 23:21:14.332,106849.22,0.0001,10.684922
2025-10-17 23:21:14.496,106849.22,0.00016,17.095875200000002
2025-10-17 23:21:14.557,106849.22,0.0023,245.753206
2025-10-17 23:21:15.200,106849.22,0.0051,544.9310220000001
2025-10-17 23:21:15.369,106849.22,0.00046,49.1506412
2025-10-17 23:21:15.438,106849.22,0.00011,11.7534142
2025-10-17 23:21:15.787,106849.22,0.00025,26.712305
2025-10-17 23:21:16.044,106849.22,9e-05,9.6164298
2025-10-17 23:21:16.119,106849.22,0.00034,36.32873480000001
2025-10-17 23:21:17.585,106849.21,0.00015,16.0273815
2025-10-17 23:21:17.982,106849.22,0.00016,17.095875200000002
2025-10-17 23:21:18.143,106849.21,0.00444,474.41049240000007
2025-10-17 23:21:18.408,106849.22,0.00085,90.821837
2025-10-17 23:21:18.730,106849.22,0.00163,174.1642286
2025-10-17 23:21:19.195,106849.22,0.00014,14.958890799999999
2025-10-17 23:21:19.733,106849.21,9e-05,9.6164289
2025-10-17 23:21:19.910,106849.22,0.00057,60.9040554
2025-10-17 23:21:20.119,106849.22,0.00133,142.1094626
2025-10-17 23:21:23.793,106849.21,0.00254,271.39699340000004
2025-10-17 23:21:24.556,106849.22,0.02289,2445.7786458
2025-10-17 23:21:24.685,106849.22,0.00018,19.2328596
2025-10-17 23:21:25.015,106849.22,0.00228,243.6162216
2025-10-17 23:21:26.223,106849.21,0.00036,38.4657156
2025-10-17 23:21:26.422,106849.22,0.00063,67.3150086
2025-10-17 23:21:28.809,106849.22,0.00021,22.438336200000002
2025-10-17 23:21:29.036,106849.22,0.00044,47.0136568
2025-10-17 23:21:29.694,106849.21,0.00107,114.3286547
2025-10-17 23:21:30.829,106849.21,0.06184,6607.5551464
2025-10-17 23:21:31.102,106849.21,0.00013,13.8903973
2025-10-17 23:21:31.582,106849.21,9e-05,9.6164289
2025-10-17 23:21:32.228,106849.21,0.01771,1892.2995091
2025-10-17 23:21:33.733,106849.21,0.00081,86.5478601
2025-10-17 23:21:34.585,106849.22,0.00032,34.191750400000004
2025-10-17 23:21:34.794,106849.21,0.0007,74.794447
2025-10-17 23:21:34.801,106849.21,0.012,1282.19052
2025-10-17 23:21:34.802,106849.21,0.01738,1857.0392698
2025-10-17 23:21:34.805,106847.2,0.00015,16.027079999999998
2025-10-17 23:21:34.807,106847.19,0.02808,3000.2690952000003
2025-10-17 23:21:34.832,106847.19,0.00822,878.2839018
2025-10-17 23:21:34.834,106847.19,0.04083,4362.5707677
2025-10-17 23:21:34.848,106847.18,6e-05,6.410830799999999
2025-10-17 23:21:34.849,106842.8,0.00567,605.798676
2025-10-17 23:21:34.892,106837.54,0.00221,236.1109634
2025-10-17 23:21:34.895,106835.3,6e-05,6.410118000000001
2025-10-17 23:21:34.897,106834.0,6e-05,6.41004
2025-10-17 23:21:34.899,106832.1,0.00015,16.024815
2025-10-17 23:21:35.429,106832.09,0.24474,26146.0857066
2025-10-17 23:21:35.435,106832.09,0.00135,144.2233215
2025-10-17 23:21:35.462,106832.08,0.1087,11612.647096
2025-10-17 23:21:35.492,106832.08,0.05271,5631.1189368000005
2025-10-17 23:21:35.544,106832.08,0.09008,9623.4337664
2025-10-17 23:21:35.578,106832.08,0.09655,10314.637324
2025-10-17 23:21:35.615,106832.08,0.09464,10110.5880512
2025-10-17 23:21:35.646,106832.08,0.09213,9842.4395304
2025-10-17 23:21:35.689,106832.08,0.11306,12078.434964799999
2025-10-17 23:21:35.720,106832.08,0.06815,7280.6062520000005
2025-10-17 23:21:35.752,106832.08,0.07908,8448.2808864
2025-10-17 23:21:35.797,106832.08,0.09461,10107.3830888
2025-10-17 23:21:35.850,106832.08,0.09768,10435.3575744
2025-10-17 23:21:35.915,106832.08,0.00555,592.918044
2025-10-17 23:21:35.916,106829.99,0.0001,10.682999
2025-10-17 23:21:35.918,106828.39,5e-05,5.341419500000001
2025-10-17 23:21:35.919,106827.99,6e-05,6.409679400000001
2025-10-17 23:21:35.950,106826.85,0.0001,10.682685000000001
2025-10-17 23:21:35.953,106825.68,6e-05,6.409540799999999
2025-10-17 23:21:36.001,106821.51,0.00072,76.9114872
2025-10-17 23:21:36.108,106821.51,0.00145,154.8911895
2025-10-17 23:21:36.115,106821.5,0.00143,152.754745
2025-10-17 23:21:36.244,106821.4,0.00487,520.220218
2025-10-17 23:21:36.247,106820.0,0.02087,2229.3334
2025-10-17 23:21:36.254,106819.71,0.00047,50.2052637
2025-10-17 23:21:36.282,106819.72,0.00045,48.068874
2025-10-17 23:21:36.283,106819.71,0.0023,245.685333
2025-10-17 23:21:36.287,106816.17,0.07589,8106.2791412999995
2025-10-17 23:21:36.316,106816.17,0.23732,25349.6134644
2025-10-17 23:21:36.350,106816.17,0.07929,8469.4541193
2025-10-17 23:21:36.467,106808.07,0.00015,16.0212105
2025-10-17 23:21:36.547,106808.07,0.02808,2999.1706056000003
2025-10-17 23:21:37.578,106808.07,0.00185,197.59492950000003
2025-10-17 23:21:38.190,106808.07,0.0001,10.680807000000001
2025-10-17 23:21:40.969,106808.07,0.00046,49.1317122
2025-10-17 23:21:41.582,106808.06,7e-05,7.476564199999999
2025-10-17 23:21:41.967,106808.06,0.00102,108.9442212
2025-10-17 23:21:41.980,106808.06,0.00097,103.6038182
2025-10-17 23:21:42.519,106808.07,0.00032,34.1785824
2025-10-17 23:21:43.292,106808.06,0.00087,92.9230122
2025-10-17 23:21:43.388,106808.07,0.00044,46.995550800000004
2025-10-17 23:21:43.391,106808.07,0.00053,56.6082771
2025-10-17 23:21:43.554,106808.07,0.00052,55.5401964
2025-10-17 23:21:43.738,106808.06,0.00071,75.8337226
2025-10-17 23:21:43.743,106808.07,0.00046,49.1317122
2025-10-17 23:21:43.932,106808.06,0.0002,21.361612
2025-10-17 23:21:44.055,106808.07,0.00028,29.9062596
2025-10-17 23:21:44.178,106808.07,0.00022,23.497775400000002
2025-10-17 23:21:44.396,106808.07,0.01,1068.0807
2025-10-17 23:21:44.428,106808.06,0.00819,874.7580113999999
2025-10-17 23:21:44.825,106808.07,0.00047,50.1997929
2025-10-17 23:21:45.025,106808.06,0.01349,1440.8407294
2025-10-17 23:21:45.734,106808.06,0.0001,10.680806
2025-10-17 23:21:45.811,106808.07,0.00045,48.0636315
2025-10-17 23:21:46.290,106808.07,9e-05,9.612726300000002
2025-10-17 23:21:46.482,106808.07,0.00116,123.8973612
2025-10-17 23:21:46.990,106808.06,5e-05,5.340403
2025-10-17 23:21:47.144,106808.06,0.00013,13.885047799999999
2025-10-17 23:21:47.787,106808.07,0.00045,48.0636315
2025-10-17 23:21:48.306,106808.07,0.00688,734.8395216
2025-10-17 23:21:48.662,106808.06,0.25171,26884.6567826
2025-10-17 23:21:48.664,106808.06,0.012,1281.69672
2025-10-17 23:21:48.665,106808.06,0.012,1281.69672
2025-10-17 23:21:48.666,106808.06,0.012,1281.69672
2025-10-17 23:21:48.693,106808.06,0.03313,3538.5510277999997
2025-10-17 23:21:48.724,106808.06,0.02158,2304.9179348
2025-10-17 23:21:48.767,106808.06,0.01809,1932.1578053999997
2025-10-17 23:21:48.800,106808.06,0.01625,1735.630975
2025-10-17 23:21:48.827,106808.06,0.00899,960.2044593999999
2025-10-17 23:21:48.831,106808.06,0.02356,2516.3978936
2025-10-17 23:21:48.835,106808.06,0.00756,807.4689336
2025-10-17 23:21:48.842,106808.06,0.00158,168.7567348
2025-10-17 23:21:48.843,106808.06,0.04776,5101.1529456
2025-10-17 23:21:48.845,106808.05,0.00169,180.5056045
2025-10-17 23:21:48.848,106808.0,6e-05,6.40848
2025-10-17 23:21:48.850,106808.0,0.00276,294.79008
2025-10-17 23:21:48.856,106808.0,0.00119,127.10152000000001
2025-10-17 23:21:48.861,106804.23,0.0001,10.680423
2025-10-17 23:21:48.864,106804.0,0.00225,240.30899999999997
2025-10-17 23:21:48.880,106804.0,0.002,213.608
2025-10-17 23:21:48.892,106804.0,0.28723,30677.312919999997
2025-10-17 23:21:48.898,106804.0,0.002,213.608
2025-10-17 23:21:48.911,106804.0,0.002,213.608
2025-10-17 23:21:48.915,106804.0,0.00135,144.18540000000002
2025-10-17 23:21:48.922,106803.55,0.02283,2438.3250465
2025-10-17 23:21:48.952,106803.55,0.11643,12435.1373265
2025-10-17 23:21:48.984,106803.55,0.06326,6756.392573
2025-10-17 23:21:49.014,106803.2,0.00025,26.7008
2025-10-17 23:21:49.061,106803.19,0.06341,6772.390277899999
2025-10-17 23:21:49.062,106803.18,0.0009,96.122862
2025-10-17 23:21:49.209,106802.0,0.23615,25221.2923
2025-10-17 23:21:49.246,106802.0,0.09463,10106.673260000001
2025-10-17 23:21:49.262,106802.0,0.00205,218.94410000000002
2025-10-17 23:21:49.264,106801.99,0.001,106.80199
2025-10-17 23:21:49.272,106801.66,0.00543,579.9330138
2025-10-17 23:21:49.278,106798.57,0.00318,339.61945260000005
2025-10-17 23:21:49.279,106798.2,0.00015,16.01973
2025-10-17 23:21:49.309,106798.19,0.15806,16880.5219114
2025-10-17 23:21:49.360,106798.19,0.00085,90.77846149999999
2025-10-17 23:21:49.367,106796.86,0.01747,1865.7411442
2025-10-17 23:21:49.386,106796.12,5e-05,5.339806
2025-10-17 23:21:49.399,106796.07,0.001,106.79607000000001
2025-10-17 23:21:49.415,106796.0,0.00245,261.6502
2025-10-17 23:21:49.439,106795.99,0.00205,218.93177950000003
2025-10-17 23:21:49.494,106794.0,0.00185,197.5689
2025-10-17 23:21:49.496,106793.99,0.001,106.79399000000001
2025-10-17 23:21:49.515,106790.0,0.00015,16.0185
2025-10-17 23:21:49.700,106790.0,0.00139,148.4381
2025-10-17 23:21:49.883,106790.01,0.0001,10.679001
2025-10-17 23:21:50.087,106790.0,0.00906,967.5174000000001
2025-10-17 23:21:50.089,106789.99,0.0006,64.073994
2025-10-17 23:21:50.090,106789.4,0.0004,42.71576
2025-10-17 23:21:50.095,106789.39,0.0096,1025.178144
2025-10-17 23:21:50.096,106789.39,0.01085,1158.6648815
2025-10-17 23:21:50.128,106788.99,0.00031,33.1045869
2025-10-17 23:21:50.158,106788.99,0.00195,208.2385305
2025-10-17 23:21:50.196,106786.71,0.0014,149.501394
2025-10-17 23:21:50.198,106786.7,0.01964,2097.2907880000002
2025-10-17 23:21:50.231,106786.0,0.00285,304.3401
2025-10-17 23:21:50.240,106786.0,0.00105,112.1253
2025-10-17 23:21:50.241,106784.58,0.012,1281.41496
2025-10-17 23:21:50.242,106784.58,0.012,1281.41496
2025-10-17 23:21:50.262,106784.58,0.27322,29175.682947600002
2025-10-17 23:21:50.315,106784.58,0.0013,138.819954
2025-10-17 23:21:50.319,106779.99,0.0001,10.677999000000002
2025-10-17 23:21:51.058,106779.15,0.00781,833.9451614999999
2025-10-17 23:21:51.871,106779.14,0.11155,11911.213066999999
2025-10-17 23:21:52.019,106779.15,0.00015,16.016872499999998
2025-10-17 23:21:52.110,106779.15,0.00047,50.1862005
2025-10-17 23:21:52.272,106779.15,0.00015,16.016872499999998
2025-10-17 23:21:52.362,106779.15,0.00147,156.9653505
2025-10-17 23:21:53.632,106779.15,0.00501,534.9635414999999
2025-10-17 23:21:53.930,106779.15,0.00051,54.4573665
2025-10-17 23:21:53.946,106779.14,0.23498,25090.9623172
2025-10-17 23:21:53.977,106779.14,0.07663,8182.485498200001
2025-10-17 23:21:54.013,106779.14,0.08228,8785.7876392
2025-10-17 23:21:54.170,106779.14,0.07999,8541.2634086
2025-10-17 23:21:54.201,106779.14,0.08168,8721.7201552
2025-10-17 23:21:54.350,106779.14,0.012,1281.34968
2025-10-17 23:21:54.353,106779.14,0.07705,8227.332736999999
2025-10-17 23:21:54.394,106779.14,0.03629,3875.0149906
2025-10-17 23:21:54.738,106779.14,0.00849,906.5548985999999
2025-10-17 23:21:54.741,106779.14,0.01986,2120.6337203999997
2025-10-17 23:21:54.743,106779.14,0.00086,91.8300604
2025-10-17 23:21:54.948,106779.14,0.012,1281.34968
2025-10-17 23:21:54.993,106779.14,0.07477,7983.8762978
2025-10-17 23:21:55.044,106779.14,0.08152,8704.6354928
2025-10-17 23:21:55.075,106779.14,0.0784,8371.484575999999
2025-10-17 23:21:55.115,106777.0,5e-05,5.33885
2025-10-17 23:21:55.297,106776.0,0.00124,132.40224
2025-10-17 23:21:55.621,106776.0,0.0005,53.388
2025-10-17 23:21:55.715,106776.01,0.00028,29.897282799999996
2025-10-17 23:21:55.769,106776.01,0.00011,11.7453611
2025-10-17 23:21:57.025,106776.0,0.00246,262.66895999999997
2025-10-17 23:21:57.351,106776.01,0.00023,24.558482299999998
2025-10-17 23:21:57.682,106776.0,0.00169,180.45144000000002
2025-10-17 23:21:58.832,106776.0,0.00069,73.67544
2025-10-17 23:21:59.076,106776.01,0.00044,46.9814444
2025-10-17 23:21:59.084,106776.01,5e-05,5.3388005
2025-10-17 23:21:59.793,106769.0,6e-05,6.40614
2025-10-17 23:21:59.830,106766.03,0.00093,99.2924079
2025-10-17 23:21:59.849,106766.03,0.00045,48.0447135
2025-10-17 23:22:00.007,106766.03,0.00015,16.0149045
2025-10-17 23:22:00.012,106766.03,0.00015,16.0149045
2025-10-17 23:22:00.083,106766.03,0.00015,16.0149045
2025-10-17 23:22:00.433,106766.02,0.11155,11909.749531
2025-10-17 23:22:01.581,106766.02,7e-05,7.4736214
2025-10-17 23:22:02.032,106766.02,0.00095,101.42771900000001
2025-10-17 23:22:02.043,106766.02,8e-05,8.541281600000001
2025-10-17 23:22:02.457,106766.03,0.00021,22.4208663
2025-10-17 23:22:02.606,106766.03,9e-05,9.6089427
2025-10-17 23:22:03.000,106766.03,0.00017,18.1502251
2025-10-17 23:22:03.079,106766.03,0.00161,171.8933083
2025-10-17 23:22:03.379,106766.03,8e-05,8.5412824
2025-10-17 23:22:03.583,106766.02,0.00039,41.6387478
2025-10-17 23:22:03.648,106766.03,0.0007,74.736221
2025-10-17 23:22:03.649,106768.92,0.00015,16.015338
2025-10-17 23:22:03.656,106770.3,0.00405,432.419715
2025-10-17 23:22:03.657,106771.02,0.00015,16.015653
2025-10-17 23:22:03.669,106771.74,0.0004,42.708696
2025-10-17 23:22:03.673,106773.16,6e-05,6.406389600000001
2025-10-17 23:22:03.712,106772.43,0.00165,176.1745095
2025-10-17 23:22:03.847,106773.59,0.00819,874.4757020999999
2025-10-17 23:22:03.848,106773.59,0.0011,117.45094900000001
2025-10-17 23:22:03.907,106777.0,0.00067,71.54059000000001
2025-10-17 23:22:04.197,106776.99,0.0011,117.45468900000002
2025-10-17 23:22:04.770,106776.99,0.00064,68.3372736
2025-10-17 23:22:05.066,106777.0,0.0005,53.3885
2025-10-17 23:22:05.226,106777.0,0.00066,70.47282
2025-10-17 23:22:05.704,106776.99,0.23721,25328.569797900003
2025-10-17 23:22:05.728,106777.0,0.00295,314.99215
2025-10-17 23:22:05.735,106776.9,0.001,106.7769
2025-10-17 23:22:05.766,106776.89,0.00225,240.24800249999998
2025-10-17 23:22:05.946,106766.4,0.00015,16.01496
2025-10-17 23:22:06.707,106766.39,0.00051,54.4508589
2025-10-17 23:22:07.076,106766.4,4e-05,4.270656
2025-10-17 23:22:07.168,106766.39,0.11155,11909.7908045
2025-10-17 23:22:07.251,106766.4,9e-05,9.608976
2025-10-17 23:22:07.256,106766.39,9e-05,9.6089751
2025-10-17 23:22:08.052,106766.4,0.00467,498.59908799999994
2025-10-17 23:22:08.957,106766.4,0.00051,54.450864
2025-10-17 23:22:08.974,106766.39,0.001,106.76639
2025-10-17 23:22:09.248,106766.39,0.00876,935.2735764
2025-10-17 23:22:10.110,106766.4,0.00244,260.51001599999995
2025-10-17 23:22:10.165,106766.4,0.00013,13.879631999999997
2025-10-17 23:22:10.260,106766.39,0.0016,170.826224
2025-10-17 23:22:10.922,106766.39,8e-05,8.5413112
2025-10-17 23:22:11.301,106766.4,0.00049,52.315535999999994
2025-10-17 23:22:11.409,106766.39,0.00526,561.5912114
2025-10-17 23:22:11.423,106766.4,0.00047,50.18020799999999
2025-10-17 23:22:11.568,106766.4,0.00047,50.18020799999999
2025-10-17 23:22:12.013,106766.39,0.00465,496.4637135
2025-10-17 23:22:12.470,106766.39,0.03312,3536.1028367999997
2025-10-17 23:22:12.632,106766.39,0.0086,918.190954
2025-10-17 23:22:12.925,106766.39,0.00016,17.0826224
2025-10-17 23:22:12.944,106766.4,0.00045,48.04488
2025-10-17 23:22:13.525,106766.4,9e-05,9.608976
2025-10-17 23:22:13.553,106766.39,0.00316,337.3817924
2025-10-17 23:22:13.580,106766.4,0.0001,10.67664
2025-10-17 23:22:13.689,106766.39,0.11155,11909.7908045
2025-10-17 23:22:13.968,106766.39,0.23631,25229.9656209
2025-10-17 23:22:14.073,106766.4,0.00018,19.217952
2025-10-17 23:22:14.504,106766.39,0.00038,40.5712282
2025-10-17 23:22:14.934,106766.39,0.00047,50.180203299999995
2025-10-17 23:22:15.154,106766.4,0.00338,360.870432
2025-10-17 23:22:15.595,106766.39,0.01352,1443.4815928
2025-10-17 23:22:15.733,106766.4,0.00076,81.142464
2025-10-17 23:22:15.799,106766.4,0.00047,50.18020799999999
2025-10-17 23:22:15.833,106766.39,0.0001,10.676639
2025-10-17 23:22:15.883,106766.39,0.00177,188.9765103
2025-10-17 23:22:16.331,106766.4,0.0001,10.67664
2025-10-17 23:22:16.332,106766.4,0.00038,40.571232
2025-10-17 23:22:16.571,106766.4,0.0001,10.67664
2025-10-17 23:22:16.576,106766.4,9e-05,9.608976
2025-10-17 23:22:16.639,106766.4,0.00085,90.75143999999999
2025-10-17 23:22:16.676,106766.4,0.0001,10.67664
2025-10-17 23:22:17.019,106766.4,8e-05,8.541312
2025-10-17 23:22:17.040,106766.4,0.0001,10.67664
2025-10-17 23:22:17.170,106766.4,0.00012,12.811968
2025-10-17 23:22:17.320,106766.4,0.00029,30.962256
2025-10-17 23:22:17.525,106766.39,0.0003,32.029917
2025-10-17 23:22:17.890,106766.4,0.00047,50.18020799999999
2025-10-17 23:22:18.149,106766.4,0.0001,10.67664
2025-10-17 23:22:18.290,106766.4,0.00094,100.36041599999999
2025-10-17 23:22:18.486,106766.39,0.00015,16.0149585
2025-10-17 23:22:18.675,106766.39,0.00054,57.6538506
2025-10-17 23:22:18.740,106766.4,0.00057,60.85684799999999
2025-10-17 23:22:18.757,106766.39,0.00338,360.8703982
2025-10-17 23:22:18.911,106766.39,0.0001,10.676639
2025-10-17 23:22:18.912,106766.39,7e-05,7.4736473
2025-10-17 23:22:18.969,106766.39,0.00047,50.180203299999995
2025-10-17 23:22:19.806,106766.39,0.00044,46.977211600000004
2025-10-17 23:22:20.168,106766.38,0.00023,24.556267400000003
2025-10-17 23:22:21.833,106766.38,8e-05,8.5413104
2025-10-17 23:22:22.218,106766.38,0.00047,50.180198600000004
2025-10-17 23:22:23.425,106766.39,0.0001,10.676639
2025-10-17 23:22:23.558,106766.39,0.00018,19.2179502
2025-10-17 23:22:23.641,106766.38,0.00229,244.4950102
2025-10-17 23:22:23.969,106766.39,0.00194,207.1267966
2025-10-17 23:22:24.249,106766.38,0.00927,989.7243426000001
2025-10-17 23:22:24.593,106766.38,0.013,1387.96294
2025-10-17 23:22:24.594,106766.38,0.013,1387.96294
2025-10-17 23:22:24.897,106766.39,0.00213,227.41241069999998
2025-10-17 23:22:25.011,106766.38,0.00261,278.6602518
2025-10-17 23:22:25.542,106766.39,0.00074,79.0071286
2025-10-17 23:22:25.679,106766.39,0.00047,50.180203299999995
2025-10-17 23:22:26.004,106766.39,6e-05,6.4059834
2025-10-17 23:22:27.248,106766.39,0.00094,100.36040659999999
2025-10-17 23:22:27.670,106766.38,0.00017,18.150284600000003
2025-10-17 23:22:29.733,106766.39,7e-05,7.4736473
2025-10-17 23:22:31.019,106766.38,0.00014,14.947293199999999
2025-10-17 23:22:31.075,106766.39,0.00044,46.977211600000004
2025-10-17 23:22:31.890,106766.38,0.00329,351.2613902
2025-10-17 23:22:33.415,106766.38,0.0049,523.155262
2025-10-17 23:22:34.250,106766.39,8e-05,8.5413112
2025-10-17 23:22:34.698,106766.38,0.00061,65.1274918
2025-10-17 23:22:35.312,106766.38,0.0005,53.383190000000006
2025-10-17 23:22:35.674,106766.39,0.00223,238.08904970000003
2025-10-17 23:22:35.812,106766.39,0.001,106.76639
2025-10-17 23:22:35.886,106766.39,0.00017,18.1502863
2025-10-17 23:22:36.576,106766.38,8e-05,8.5413104
2025-10-17 23:22:37.420,106766.38,0.0007,74.73646600000001
2025-10-17 23:22:38.931,106766.39,0.00045,48.044875499999996
2025-10-17 23:22:39.786,106766.38,0.00022,23.4886036
2025-10-17 23:22:39.954,106766.38,0.00196,209.2621048
2025-10-17 23:22:40.326,106766.38,1.998,213319.22724
2025-10-17 23:22:40.464,106766.39,0.00014,14.9472946
2025-10-17 23:22:40.562,106766.39,0.00094,100.36040659999999
2025-10-17 23:22:40.700,106766.39,0.00231,246.6303609
2025-10-17 23:22:41.624,106766.39,6e-05,6.4059834
2025-10-17 23:22:43.178,106766.38,2.64862,282783.56939560006
2025-10-17 23:22:43.672,106766.38,0.0061,651.2749180000001
2025-10-17 23:22:44.182,106766.38,0.00024,25.6239312
2025-10-17 23:22:44.262,106766.39,0.00074,79.0071286
2025-10-17 23:22:44.809,106766.38,0.00025,26.691595000000003
2025-10-17 23:22:44.856,106766.38,0.00024,25.6239312
2025-10-17 23:22:45.907,106766.38,0.00047,50.180198600000004
2025-10-17 23:22:46.017,106766.38,0.0028,298.94586400000003
2025-10-17 23:22:46.111,106766.38,0.00037,39.5035606
2025-10-17 23:22:46.411,106766.39,0.00081,86.4807759
2025-10-17 23:22:47.355,106766.38,0.00018,19.2179484
2025-10-17 23:22:47.579,106766.38,9e-05,9.6089742
2025-10-17 23:22:48.482,106766.39,0.00047,50.180203299999995
2025-10-17 23:22:49.229,106766.38,0.00183,195.3824754
2025-10-17 23:22:49.663,106766.39,0.00987,1053.7842693
2025-10-17 23:22:50.444,106766.39,0.00063,67.26282570000001
2025-10-17 23:22:51.359,106766.39,0.00073,77.9394647
2025-10-17 23:22:51.561,106766.38,0.013,1387.96294
2025-10-17 23:22:51.562,106766.38,0.013,1387.96294
2025-10-17 23:22:51.819,106766.39,0.00047,50.180203299999995
2025-10-17 23:22:51.857,106766.38,0.00058,61.92450040000001
2025-10-17 23:22:51.910,106766.39,8e-05,8.5413112
2025-10-17 23:22:52.287,106766.38,0.013,1387.96294
2025-10-17 23:22:52.288,106766.38,0.013,1387.96294
2025-10-17 23:22:52.289,106766.38,0.013,1387.96294
2025-10-17 23:22:52.584,106766.38,0.0002,21.353276
2025-10-17 23:22:54.239,106766.38,0.00017,18.150284600000003
2025-10-17 23:22:54.696,106766.38,0.00129,137.7286302
2025-10-17 23:22:54.748,106766.38,0.013,1387.96294
2025-10-17 23:22:54.750,106766.38,0.013,1387.96294
2025-10-17 23:22:54.862,106766.38,0.0002,21.353276
2025-10-17 23:22:56.390,106766.38,0.00027,28.826922600000003
2025-10-17 23:22:56.406,106766.38,0.0001,10.676638
2025-10-17 23:22:56.451,106766.38,8e-05,8.5413104
2025-10-17 23:22:56.854,106766.39,0.00815,870.1460784999999
2025-10-17 23:22:57.139,106766.39,0.00033,35.2329087
2025-10-17 23:22:58.145,106766.38,0.013,1387.96294
2025-10-17 23:22:58.146,106766.38,0.013,1387.96294
2025-10-17 23:22:58.162,106766.38,0.00177,188.97649260000003
2025-10-17 23:22:58.796,106766.38,0.00021,22.420939800000003
2025-10-17 23:22:59.009,106766.39,0.00012,12.8119668
2025-10-17 23:22:59.605,106766.38,0.1,10676.638
2025-10-17 23:22:59.708,106766.38,0.00117,124.9166646
2025-10-17 23:23:00.275,106766.38,0.01162,1240.6253356
2025-10-17 23:23:00.369,106766.39,0.00097,103.5633983
2025-10-17 23:23:01.009,106766.39,0.00039,41.6388921
2025-10-17 23:23:01.116,106766.39,9e-05,9.6089751
2025-10-17 23:23:01.133,106766.39,4e-05,4.2706556
2025-10-17 23:23:01.204,106766.39,0.00011,11.744302900000001
2025-10-17 23:23:01.533,106766.38,0.00188,200.72079440000002
2025-10-17 23:23:01.546,106766.38,0.00187,199.6531306
2025-10-17 23:23:01.552,106766.38,0.00025,26.691595000000003
2025-10-17 23:23:01.591,106766.38,0.00176,187.9088288
2025-10-17 23:23:02.083,106766.39,0.0006,64.059834
2025-10-17 23:23:03.462,106766.38,0.0786,8391.837468000002
2025-10-17 23:23:03.463,106766.38,0.14124,15079.6835112
2025-10-17 23:23:03.464,106765.74,7e-05,7.4736018
2025-10-17 23:23:03.466,106765.74,0.00058,61.9241292
2025-10-17 23:23:03.470,106762.5,6e-05,6.40575
2025-10-17 23:23:03.473,106759.25,6e-05,6.4055550000000006
2025-10-17 23:23:03.474,106752.68,0.048,5124.12864
2025-10-17 23:23:03.475,106750.0,0.10196,10884.23
2025-10-17 23:23:03.479,106748.58,0.01229,1311.9400482
2025-10-17 23:23:03.482,106748.58,0.013,1387.73154
2025-10-17 23:23:03.485,106748.58,0.01285,1371.719253
2025-10-17 23:23:03.494,106748.59,5e-05,5.3374295
2025-10-17 23:23:03.495,106748.58,0.00188,200.6873304
2025-10-17 23:23:03.496,106748.58,0.00725,773.9272050000001
2025-10-17 23:23:03.527,106748.25,0.01196,1276.70907
2025-10-17 23:23:03.531,106748.19,0.0001,10.674819000000001
2025-10-17 23:23:03.532,106748.0,0.00013,13.877239999999999
2025-10-17 23:23:03.537,106748.0,0.00377,402.43996
2025-10-17 23:23:03.543,106747.81,0.02215,2364.4639915
2025-10-17 23:23:03.549,106746.98,5e-05,5.337349
2025-10-17 23:23:03.554,106746.7,0.00103,109.94910100000001
2025-10-17 23:23:03.558,106746.17,0.0004,42.698468
2025-10-17 23:23:03.562,106744.2,0.00015,16.011629999999997
2025-10-17 23:23:03.570,106744.19,0.12824,13688.8749256
2025-10-17 23:23:03.572,106744.0,0.00171,182.53224
2025-10-17 23:23:03.575,106743.78,0.00036,38.4277608
2025-10-17 23:23:03.576,106742.74,5e-05,5.337137
2025-10-17 23:23:03.581,106740.74,8e-05,8.539259200000002
2025-10-17 23:23:03.584,106740.2,0.02274,2427.272148
2025-10-17 23:23:03.591,106740.2,0.03263,3482.932726
2025-10-17 23:23:03.592,106738.83,0.00015,16.0108245
2025-10-17 23:23:03.605,106738.83,0.00026,27.7520958
2025-10-17 23:23:03.628,106738.83,0.00093,99.2671119
2025-10-17 23:23:04.417,106738.82,9e-05,9.6064938
2025-10-17 23:23:04.774,106738.83,0.00073,77.9193459
2025-10-17 23:23:04.963,106740.22,0.0001,10.674022
2025-10-17 23:23:05.040,106741.3,0.01,1067.413
2025-10-17 23:23:05.063,106741.3,0.00087,92.864931
2025-10-17 23:23:05.353,106741.31,0.00478,510.22346180000005
2025-10-17 23:23:06.111,106741.3,0.00212,226.29155599999999
2025-10-17 23:23:06.117,106741.3,0.00196,209.212948
2025-10-17 23:23:06.238,106741.3,0.00431,460.05500299999994
2025-10-17 23:23:06.483,106741.31,0.0007,74.718917
2025-10-17 23:23:06.578,106741.3,9e-05,9.606717000000002
2025-10-17 23:23:07.355,106741.31,0.00046,49.1010026
2025-10-17 23:23:07.618,106741.31,0.00161,171.8535091
2025-10-17 23:23:07.691,106741.31,0.0001,10.674131000000001
2025-10-17 23:23:08.857,106741.31,0.02408,2570.3307448
2025-10-17 23:23:09.343,106741.3,0.00011,11.741543
2025-10-17 23:23:09.632,106741.3,0.00056,59.775127999999995
2025-10-17 23:23:09.643,106741.31,0.00094,100.3368314
2025-10-17 23:23:10.185,106741.3,0.00087,92.864931
2025-10-17 23:23:10.426,106741.31,0.0019,202.808489
2025-10-17 23:23:10.498,106741.31,0.00079,84.3256349
2025-10-17 23:23:11.033,106741.3,0.01695,1809.2650350000001
2025-10-17 23:23:11.148,106741.3,0.00028,29.887563999999998
2025-10-17 23:23:11.317,106741.31,0.01054,1125.0534074
2025-10-17 23:23:12.113,106741.3,0.00532,567.8637160000001
2025-10-17 23:23:12.213,106741.31,0.001,106.74131
2025-10-17 23:23:12.349,106741.3,0.01062,1133.592606
2025-10-17 23:23:13.018,106739.93,0.00035,37.3589755
2025-10-17 23:23:13.890,106739.92,0.00583,622.2937336
2025-10-17 23:23:14.203,106739.92,0.02917,3113.6034664
2025-10-17 23:23:15.162,106739.92,0.07271,7761.0595832
2025-10-17 23:23:15.769,106739.92,0.01598,1705.7039216
2025-10-17 23:23:16.033,106739.92,0.00161,171.8512712
2025-10-17 23:23:16.377,106739.92,0.013,1387.61896
2025-10-17 23:23:16.378,106739.92,0.013,1387.61896
2025-10-17 23:23:16.466,106739.92,0.00027,28.8197784
2025-10-17 23:23:16.468,106739.92,0.013,1387.61896
2025-10-17 23:23:16.484,106739.93,0.00047,50.16776709999999
2025-10-17 23:23:16.878,106739.92,0.07789,8313.9723688
2025-10-17 23:23:16.880,106739.92,0.00179,191.0644568
2025-10-17 23:23:16.881,106738.15,5e-05,5.3369075
2025-10-17 23:23:16.887,106736.0,0.0028,298.8608
2025-10-17 23:23:16.945,106733.52,0.00818,873.0801936
2025-10-17 23:23:16.947,106733.51,0.00016,17.0773616
2025-10-17 23:23:16.948,106732.18,0.00277,295.6481386
2025-10-17 23:23:16.951,106732.18,0.00109,116.3380762
2025-10-17 23:23:16.953,106731.32,5e-05,5.336566
2025-10-17 23:23:16.958,106731.16,0.00107,114.2023412
2025-10-17 23:23:16.961,106729.27,0.00057,60.8356839
2025-10-17 23:23:16.964,106729.27,7e-05,7.4710488999999995
2025-10-17 23:23:16.965,106729.27,0.00042,44.826293400000004
2025-10-17 23:23:16.966,106729.27,0.00063,67.23944010000001
2025-10-17 23:23:16.978,106728.44,0.00135,144.083394
2025-10-17 23:23:16.986,106728.11,0.00047,50.1622117
2025-10-17 23:23:16.995,106728.11,0.00333,355.4046063
2025-10-17 23:23:16.998,106728.1,0.0017,181.43777
2025-10-17 23:23:17.000,106728.0,0.00281,299.90568
2025-10-17 23:23:17.001,106727.99,0.0009,96.05519100000001
2025-10-17 23:23:17.002,106727.99,0.0021,224.128779
2025-10-17 23:23:17.003,106727.99,0.001,106.72799
2025-10-17 23:23:17.004,106726.96,0.0014,149.417744
2025-10-17 23:23:17.006,106726.0,0.0033,352.1958
2025-10-17 23:23:17.009,106724.27,0.0007,74.70698900000001
2025-10-17 23:23:17.012,106724.28,0.07093,7569.953180400001
2025-10-17 23:23:17.025,106724.27,0.00054,57.6311058
2025-10-17 23:23:17.062,106724.13,6e-05,6.4034478
2025-10-17 23:23:17.067,106724.0,0.00013,13.87412
2025-10-17 23:23:17.068,106724.0,0.002,213.448
2025-10-17 23:23:17.185,106723.49,9e-05,9.605114100000002
2025-10-17 23:23:17.354,106722.84,0.00018,19.2101112
2025-10-17 23:23:17.546,106722.83,0.00297,316.9668051
2025-10-17 23:23:17.632,106722.84,7e-05,7.470598799999999
2025-10-17 23:23:18.041,106722.84,6e-05,6.4033704
2025-10-17 23:23:18.085,106722.83,7e-05,7.470598099999999
2025-10-17 23:23:18.653,106722.83,0.0006,64.033698
2025-10-17 23:23:18.667,106722.84,0.00141,150.4792044
2025-10-17 23:23:19.285,106722.83,0.00373,398.0761559
2025-10-17 23:23:19.617,106722.84,0.02,2134.4568
2025-10-17 23:23:19.878,106722.83,0.011,1173.95113
2025-10-17 23:23:19.879,106722.83,0.011,1173.95113
2025-10-17 23:23:20.079,106722.83,0.00049,52.2941867
2025-10-17 23:23:20.496,106722.84,0.00468,499.4628912
2025-10-17 23:23:20.792,106722.16,0.07807,8331.7990312
2025-10-17 23:23:20.797,106722.16,0.17398,18567.5213968
2025-10-17 23:23:20.805,106722.16,0.013,1387.38808
2025-10-17 23:23:20.806,106722.16,0.013,1387.38808
2025-10-17 23:23:20.850,106722.16,0.00297,316.96481520000003
2025-10-17 23:23:20.851,106721.99,0.0001,10.672199
2025-10-17 23:23:20.870,106721.77,0.0252,2689.388604
2025-10-17 23:23:20.872,106721.73,0.00075,80.0412975
2025-10-17 23:23:20.873,106720.05,0.00019,20.276809500000002
2025-10-17 23:23:20.876,106719.99,0.02782,2968.9501218
2025-10-17 23:23:20.878,106719.15,5e-05,5.3359575
2025-10-17 23:23:20.882,106718.86,0.00017,18.1422062
2025-10-17 23:23:20.884,106718.85,0.00089,94.9797765
2025-10-17 23:23:20.886,106718.3,0.00024,25.612392
2025-10-17 23:23:20.889,106718.0,0.00258,275.33243999999996
2025-10-17 23:23:20.892,106717.47,0.00221,235.8456087
2025-10-17 23:23:20.894,106717.28,5e-05,5.335864
2025-10-17 23:23:20.897,106717.0,0.00978,1043.69226
2025-10-17 23:23:21.923,106717.01,0.00013,13.873211299999998
2025-10-17 23:23:21.928,106717.0,0.00047,50.15699
2025-10-17 23:23:22.738,106717.01,0.00011,11.738871099999999
2025-10-17 23:23:23.642,106717.01,0.05068,5408.4180668
2025-10-17 23:23:24.792,106717.01,0.00287,306.2778187
2025-10-17 23:23:25.632,106717.01,7e-05,7.470190699999999
2025-10-17 23:23:25.659,106717.01,0.00056,59.76152559999999
2025-10-17 23:23:25.882,106717.01,9e-05,9.6045309
2025-10-17 23:23:26.077,106717.01,0.00378,403.3902978
2025-10-17 23:23:26.144,106717.01,0.00376,401.2559576
2025-10-17 23:23:26.145,106717.01,0.00261,278.5313961
2025-10-17 23:23:26.213,106717.1,0.002,213.4342
2025-10-17 23:23:27.268,106718.35,0.00337,359.6408395
2025-10-17 23:23:27.269,106719.61,0.00114,121.6603554
2025-10-17 23:23:28.020,106722.84,0.00302,322.3029768
2025-10-17 23:23:28.021,106724.95,0.00115,122.73369249999999
2025-10-17 23:23:28.024,106724.95,0.03446,3677.7417769999997
2025-10-17 23:23:28.036,106724.96,0.0012,128.069952
2025-10-17 23:23:28.039,106727.51,0.00015,16.009126499999997
2025-10-17 23:23:28.041,106727.52,0.00025,26.681880000000003
2025-10-17 23:23:28.134,106727.52,0.0001,10.672752000000001
2025-10-17 23:23:28.310,106727.51,0.00363,387.42086129999996
2025-10-17 23:23:28.316,106727.51,0.00046,49.0946546
2025-10-17 23:23:29.178,106727.51,0.14877,15877.8516627
2025-10-17 23:23:29.205,106727.51,0.15303,16332.5108553
2025-10-17 23:23:29.214,106727.51,0.00069,73.64198189999999
2025-10-17 23:23:29.290,106727.52,0.00047,50.1619344
2025-10-17 23:23:29.331,106727.51,0.03984,4252.0239984
2025-10-17 23:23:29.483,106727.52,0.00401,427.9773552
2025-10-17 23:23:30.184,106727.52,0.0022,234.80054400000003
2025-10-17 23:23:30.215,106727.53,0.00185,197.4459305
2025-10-17 23:23:30.298,106729.01,0.00098,104.59442979999999
2025-10-17 23:23:30.311,106729.0,0.00625,667.0562500000001
2025-10-17 23:23:30.414,106729.01,0.00157,167.5645457
2025-10-17 23:23:30.597,106729.02,0.0025,266.82255000000004
2025-10-17 23:23:31.709,106729.02,0.26568,28355.766033600004
2025-10-17 23:23:32.141,106729.01,0.00379,404.5029479
2025-10-17 23:23:32.222,106729.02,0.00094,100.3252788
2025-10-17 23:23:32.414,106729.01,0.02309,2464.3728409
2025-10-17 23:23:32.574,106729.01,0.0265,2828.318765
2025-10-17 23:23:33.138,106729.01,0.00018,19.2112218
2025-10-17 23:23:33.286,106729.02,9e-05,9.6056118
2025-10-17 23:23:33.545,106729.02,0.00187,199.5832674
2025-10-17 23:23:33.547,106729.86,0.0004,42.691944
2025-10-17 23:23:33.654,106731.22,5e-05,5.3365610000000006
2025-10-17 23:23:33.656,106733.51,0.00019,20.2793669
2025-10-17 23:23:33.926,106733.25,0.00016,17.07732
2025-10-17 23:23:34.032,106733.24,0.00032,34.154636800000006
2025-10-17 23:23:34.679,106733.24,0.00035,37.356634
2025-10-17 23:23:34.824,106733.25,0.00102,108.86791500000001
2025-10-17 23:23:35.738,106733.24,0.00018,19.211983200000002
2025-10-17 23:23:36.230,106733.25,0.00469,500.5789425
2025-10-17 23:23:36.274,106733.25,0.00469,500.5789425
2025-10-17 23:23:36.577,106733.24,0.0001,10.673324000000001
2025-10-17 23:23:37.129,106733.24,0.00189,201.7258236
2025-10-17 23:23:37.385,106733.24,9e-05,9.605991600000001
2025-10-17 23:23:37.471,106733.25,0.00018,19.211985000000002
2025-10-17 23:23:37.933,106733.25,0.00937,1000.0905525
2025-10-17 23:23:37.991,106733.25,0.00323,344.74839749999995
2025-10-17 23:23:38.469,106733.24,0.00019,20.279315600000004
2025-10-17 23:23:38.812,106733.24,0.07597,8108.5242428
2025-10-17 23:23:39.048,106736.5,6e-05,6.40419
2025-10-17 23:23:40.273,106736.99,5e-05,5.3368495000000005
2025-10-17 23:23:40.718,106737.0,8e-05,8.538960000000001
2025-10-17 23:23:41.022,106737.0,0.00093,99.26541
2025-10-17 23:23:41.220,106736.99,0.00062,66.1769338
2025-10-17 23:23:41.438,106736.99,0.00762,813.3358638000001
2025-10-17 23:23:41.515,106730.66,5e-05,5.336533
2025-10-17 23:23:41.646,106731.91,0.00064,68.30842240000001
2025-10-17 23:23:42.392,106736.81,0.00238,254.0336078
2025-10-17 23:23:42.405,106736.81,0.00047,50.1663007
2025-10-17 23:23:42.525,106736.8,0.00073,77.917864
2025-10-17 23:23:42.738,106736.8,0.00014,14.943152
2025-10-17 23:23:42.877,106736.8,8e-05,8.538944
2025-10-17 23:23:43.099,106736.8,0.006,640.4208
2025-10-17 23:23:43.100,106736.8,0.006,640.4208
2025-10-17 23:23:43.190,106736.8,0.36367,38816.972056
2025-10-17 23:23:43.194,106731.44,0.0001,10.673144
2025-10-17 23:23:43.734,106731.45,0.0001,10.673145
2025-10-17 23:23:44.201,106731.45,0.00189,201.7224405
2025-10-17 23:23:44.698,106731.44,0.02396,2557.2853024
2025-10-17 23:23:45.899,106731.44,0.00019,20.2789736
2025-10-17 23:23:46.592,106731.44,0.00047,50.1637768
2025-10-17 23:23:46.928,106731.44,0.01001,1068.3817144
2025-10-17 23:23:46.940,106731.44,0.00189,201.7224216
2025-10-17 23:23:47.047,106731.44,0.00125,133.4143
2025-10-17 23:23:47.431,106731.44,0.013,1387.50872
2025-10-17 23:23:47.491,106731.44,0.013,1387.50872
2025-10-17 23:23:47.945,106731.44,0.0007,74.712008
2025-10-17 23:23:48.286,106731.45,0.00047,50.1637815
2025-10-17 23:23:48.584,106731.44,0.013,1387.50872
2025-10-17 23:23:48.599,106731.45,0.0015,160.097175
2025-10-17 23:23:49.027,106731.44,0.06856,7317.5075264
2025-10-17 23:23:49.709,106731.44,0.00016,17.0770304
2025-10-17 23:23:50.625,106731.44,0.00943,1006.4774792
2025-10-17 23:23:50.632,106731.45,0.00015,16.009717499999997
2025-10-17 23:23:51.325,106731.44,0.00454,484.5607376
2025-10-17 23:23:52.344,106731.44,0.00457,487.76268080000006
2025-10-17 23:23:53.240,106731.44,0.00013,13.8750872
2025-10-17 23:23:54.283,106731.45,0.00026,27.750176999999997
2025-10-17 23:23:54.361,106731.44,7e-05,7.471200799999999
2025-10-17 23:23:56.418,106731.45,0.0011,117.404595
2025-10-17 23:23:56.763,106731.45,0.00047,50.1637815
2025-10-17 23:23:57.713,106731.44,0.00128,136.6162432
2025-10-17 23:23:57.757,106731.45,0.00282,300.982689
2025-10-17 23:23:58.945,106731.45,0.00047,50.1637815
2025-10-17 23:24:01.338,106731.45,0.00102,108.866079
2025-10-17 23:24:01.478,106731.45,0.00377,402.3775665
2025-10-17 23:24:01.679,106731.45,0.01065,1136.6899425
2025-10-17 23:24:02.232,106731.44,0.00405,432.26233199999996
2025-10-17 23:24:02.332,106731.45,9e-05,9.6058305
2025-10-17 23:24:02.388,106731.45,0.06485,6921.534532500001
2025-10-17 23:24:02.552,106731.44,0.00211,225.2033384
2025-10-17 23:24:02.706,106731.45,4e-05,4.269258000000001
2025-10-17 23:24:02.749,106731.45,0.00046,49.096467
2025-10-17 23:24:04.638,106731.45,0.0005,53.365725
2025-10-17 23:24:05.969,106731.45,0.00059,62.9715555
2025-10-17 23:24:06.033,106731.45,0.00011,11.7404595
2025-10-17 23:24:06.279,106731.44,0.05915,6313.164676
2025-10-17 23:24:06.315,106731.45,0.00034,36.288693
2025-10-17 23:24:07.127,106731.45,7e-05,7.471201499999999
2025-10-17 23:24:07.794,106731.44,0.0046,490.964624
2025-10-17 23:24:08.198,106731.45,0.00082,87.51978899999999
2025-10-17 23:24:08.679,106731.44,0.00016,17.0770304
2025-10-17 23:24:08.942,106731.44,0.01103,1177.2477832
2025-10-17 23:24:09.613,106731.44,0.0001,10.673144
2025-10-17 23:24:09.815,106731.44,0.00079,84.3178376
2025-10-17 23:24:10.357,106731.45,0.00393,419.45459850000003
2025-10-17 23:24:12.188,106731.44,0.00044,46.961833600000006
2025-10-17 23:24:12.560,106731.44,0.00488,520.8494272
2025-10-17 23:24:12.751,106731.44,0.00535,571.013204
2025-10-17 23:24:13.369,106731.45,0.00014,14.942402999999999
2025-10-17 23:24:14.294,106731.45,0.00304,324.463608
2025-10-17 23:24:15.417,106731.45,0.00034,36.288693
2025-10-17 23:24:15.420,106731.44,0.00403,430.1277032
2025-10-17 23:24:15.632,106731.44,0.00019,20.2789736
2025-10-17 23:24:16.499,106731.44,0.0285,3041.8460400000004
2025-10-17 23:24:16.609,106731.44,0.0285,3041.8460400000004
2025-10-17 23:24:16.720,106731.44,0.0285,3041.8460400000004
2025-10-17 23:24:16.743,106731.44,0.00101,107.7987544
2025-10-17 23:24:17.090,106731.45,0.00015,16.009717499999997
2025-10-17 23:24:17.239,106731.45,0.0001,10.673145
2025-10-17 23:24:17.390,106731.45,0.00019,20.2789755
2025-10-17 23:24:17.426,106731.45,0.0001,10.673145
2025-10-17 23:24:17.441,106731.44,0.00983,1049.1700552
2025-10-17 23:24:17.462,106731.45,0.00012,12.807774
2025-10-17 23:24:17.548,106731.45,6e-05,6.403887
2025-10-17 23:24:17.625,106731.45,0.0001,10.673145
2025-10-17 23:24:17.657,106731.44,0.00017,18.144344800000002
2025-10-17 23:24:17.669,106731.45,0.00328,350.07915599999995
2025-10-17 23:24:17.733,106731.44,0.00014,14.942401599999998
2025-10-17 23:24:17.862,106731.45,7e-05,7.471201499999999
2025-10-17 23:24:18.032,106731.45,0.0001,10.673145
2025-10-17 23:24:18.219,106731.45,0.0002,21.34629
2025-10-17 23:24:18.292,106731.45,0.00099,105.6641355
2025-10-17 23:24:18.320,106731.45,9e-05,9.6058305
2025-10-17 23:24:18.395,106731.44,0.00047,50.1637768
2025-10-17 23:24:18.483,106731.45,0.00032,34.154064000000005
2025-10-17 23:24:19.017,106731.45,9e-05,9.6058305
2025-10-17 23:24:19.039,106731.45,0.00015,16.009717499999997
2025-10-17 23:24:19.076,106731.45,0.00047,50.1637815
2025-10-17 23:24:19.110,106731.45,0.0001,10.673145
2025-10-17 23:24:19.132,106731.45,0.00059,62.9715555
2025-10-17 23:24:19.135,106731.45,0.0001,10.673145
2025-10-17 23:24:19.858,106731.45,0.00037,39.4906365
2025-10-17 23:24:20.591,106731.44,0.00516,550.7342304
2025-10-17 23:24:20.599,106731.45,0.00093,99.2602485
2025-10-17 23:24:20.843,106731.44,0.00725,773.80294
2025-10-17 23:24:20.870,106731.45,0.00017,18.1443465
2025-10-17 23:24:20.892,106731.44,0.00051,54.433034400000004
2025-10-17 23:24:21.334,106731.45,6e-05,6.403887
2025-10-17 23:24:21.453,106731.44,0.23561,25146.9945784
2025-10-17 23:24:21.582,106731.44,0.00011,11.740458400000001
2025-10-17 23:24:22.082,106731.45,0.00038,40.557951
2025-10-17 23:24:22.224,106731.45,0.00017,18.1443465
2025-10-17 23:24:22.244,106731.45,0.00014,14.942402999999999
2025-10-17 23:24:22.262,106731.45,0.00014,14.942402999999999
2025-10-17 23:24:22.270,106731.45,0.00029,30.9521205
2025-10-17 23:24:22.424,106731.45,0.0001,10.673145
2025-10-17 23:24:22.945,106731.44,0.00252,268.9632288
2025-10-17 23:24:23.083,106731.45,0.0005,53.365725
2025-10-17 23:24:23.198,106731.45,0.00607,647.8599015
2025-10-17 23:24:23.417,106731.44,0.13265,14157.925516
2025-10-17 23:24:24.083,106731.45,0.00731,780.2068995
2025-10-17 23:24:24.118,106731.44,0.01546,1650.0680624
2025-10-17 23:24:24.590,106731.45,0.01,1067.3145
2025-10-17 23:24:24.724,106731.45,0.00055,58.7022975
2025-10-17 23:24:24.725,106731.45,0.00015,16.009717499999997
2025-10-17 23:24:25.185,106731.44,0.00041,43.7598904
2025-10-17 23:24:25.519,106731.45,0.00514,548.599653
2025-10-17 23:24:25.539,106731.45,0.00607,647.8599015
2025-10-17 23:24:25.760,106731.44,0.00014,14.942401599999998
2025-10-17 23:24:26.173,106731.44,0.0001,10.673144
2025-10-17 23:24:26.564,106731.44,1.0,106731.44
2025-10-17 23:24:26.719,106731.45,0.00023,24.5482335
2025-10-17 23:24:26.874,106731.44,0.00047,50.1637768
2025-10-17 23:24:27.325,106731.45,0.00047,50.1637815
2025-10-17 23:24:27.518,106731.45,0.01208,1289.315916
2025-10-17 23:24:27.872,106731.44,0.14934,15939.2732496
2025-10-17 23:24:27.951,106731.31,0.0001,10.673131
2025-10-17 23:24:27.953,106731.1,0.0001,10.673110000000001
2025-10-17 23:24:27.962,106731.09,0.08428,8995.296265199999
2025-10-17 23:24:28.010,106727.9,0.00157,167.562803
2025-10-17 23:24:28.379,106727.52,0.00282,300.97160640000004
2025-10-17 23:24:29.053,106727.51,0.00047,50.161929699999995
2025-10-17 23:24:29.753,106727.51,0.002,213.45502
2025-10-17 23:24:29.754,106727.51,0.002,213.45502
2025-10-17 23:24:29.842,106727.51,0.0027,288.164277
2025-10-17 23:24:29.843,106727.5,0.00105,112.063875
2025-10-17 23:24:30.113,106727.45,0.00096,102.458352
2025-10-17 23:24:30.158,106727.45,0.00249,265.7513505
2025-10-17 23:24:30.160,106727.44,0.0011,117.40018400000001
2025-10-17 23:24:32.405,106727.16,0.0001,10.672716000000001
2025-10-17 23:24:32.408,106726.78,0.00035,37.354373
2025-10-17 23:24:32.676,106726.77,0.00034,36.2871018
2025-10-17 23:24:32.815,106726.77,0.00225,240.1352325
2025-10-17 23:24:32.816,106726.76,0.0011,117.399436
2025-10-17 23:24:33.151,106726.76,0.00014,14.941746399999998
2025-10-17 23:24:33.599,106726.75,0.00425,453.58868750000005
2025-10-17 23:24:33.602,106726.42,0.00082,87.51566439999999
2025-10-17 23:24:33.604,106726.42,0.02558,2730.0618236
2025-10-17 23:24:33.715,106726.41,0.0013,138.744333
2025-10-17 23:24:33.863,106726.39,0.0013,138.744307
2025-10-17 23:24:33.870,106725.61,0.00125,133.4070125
2025-10-17 23:24:33.872,106720.78,0.00617,658.4672126
2025-10-17 23:24:33.873,106720.78,0.008,853.76624
2025-10-17 23:24:34.244,106720.78,0.00188,200.6350664
2025-10-17 23:24:34.353,106720.79,0.0016,170.753264
2025-10-17 23:24:34.992,106720.79,5e-05,5.3360395
2025-10-17 23:24:35.174,106720.79,0.00017,18.1425343
2025-10-17 23:24:35.276,106720.78,0.00289,308.4230542
2025-10-17 23:24:35.935,106720.78,0.00052,55.49480559999999
2025-10-17 23:24:36.085,106720.78,0.00786,838.8253308000001
2025-10-17 23:24:36.142,106720.78,0.00702,749.1798756000001
2025-10-17 23:24:36.255,106720.78,0.00014,14.940909199999998
2025-10-17 23:24:37.018,106720.78,0.0002,21.344156
2025-10-17 23:24:37.285,106720.78,0.08053,8594.224413400001
2025-10-17 23:24:37.620,106720.78,0.0844,9007.233832
2025-10-17 23:24:37.827,106720.79,0.0009,96.048711
2025-10-17 23:24:37.919,106720.78,0.02423,2585.8444994
2025-10-17 23:24:38.240,106720.78,0.00148,157.9467544
2025-10-17 23:24:38.311,106720.78,0.04567,4873.9380226
2025-10-17 23:24:38.622,106720.78,0.01886,2012.7539107999999
2025-10-17 23:24:38.762,106720.78,5e-05,5.336039
2025-10-17 23:24:39.438,106720.79,0.00019,20.2769501
2025-10-17 23:24:39.862,106720.79,0.00094,100.3175426
2025-10-17 23:24:40.182,106720.79,0.00017,18.1425343
2025-10-17 23:24:40.471,106720.78,0.03309,3531.3906102
2025-10-17 23:24:40.909,106720.78,0.00069,73.6373382
2025-10-17 23:24:41.895,106720.79,0.00014,14.940910599999997
2025-10-17 23:24:42.143,106720.78,0.00087,92.8470786
2025-10-17 23:24:43.217,106720.78,0.00021,22.4113638
2025-10-17 23:24:43.318,106720.78,0.00609,649.9295502
2025-10-17 23:24:43.577,106720.79,4e-05,4.2688316
2025-10-17 23:24:44.218,106720.78,0.03347,3571.9445066
2025-10-17 23:24:45.268,106720.78,0.00014,14.940909199999998
2025-10-17 23:24:47.542,106720.79,0.00018,19.2097422
2025-10-17 23:24:48.029,106720.78,0.00012,12.8064936
2025-10-17 23:24:48.619,106720.78,0.00074,78.9733772
2025-10-17 23:24:48.659,106720.79,0.00093,99.2503347
2025-10-17 23:24:49.184,106720.78,0.00047,50.1587666
2025-10-17 23:24:49.274,106720.78,0.00751,801.4730578
2025-10-17 23:24:49.794,106720.79,0.00082,87.51104779999999
2025-10-17 23:24:49.814,106720.78,0.01591,1697.9276098
2025-10-17 23:24:51.177,106720.79,0.00014,14.940910599999997
2025-10-17 23:24:51.181,106720.78,0.03086,3293.4032708
2025-10-17 23:24:52.532,106720.78,0.00217,231.5840926
2025-10-17 23:24:52.869,106720.79,0.00029,30.949029099999997
2025-10-17 23:24:54.381,106720.78,0.00114,121.6616892
2025-10-17 23:24:54.628,106720.79,0.03323,3546.3318517000002
2025-10-17 23:24:56.176,106720.78,0.00102,108.8551956
2025-10-17 23:24:56.351,106720.78,0.00014,14.940909199999998
2025-10-17 23:24:56.624,106720.79,0.00102,108.85520580000001
2025-10-17 23:24:57.117,106720.79,0.00068,72.5701372
2025-10-17 23:24:57.433,106720.78,0.00047,50.1587666
2025-10-17 23:24:57.739,106720.79,0.00557,594.4348003
2025-10-17 23:24:58.576,106720.79,7e-05,7.4704552999999985
2025-10-17 23:24:58.625,106720.78,0.00209,223.04643019999997
2025-10-17 23:24:59.110,106720.78,0.00159,169.6860402
2025-10-17 23:24:59.381,106720.78,0.00535,570.9561729999999
2025-10-17 23:24:59.631,106720.79,0.00034,36.2850686
2025-10-17 23:25:00.065,106720.79,0.00112,119.52728479999998
2025-10-17 23:25:00.070,106720.79,0.00014,14.940910599999997
2025-10-17 23:25:00.197,106720.79,0.00222,236.9201538
2025-10-17 23:25:00.371,106720.79,0.00039,41.621108099999994
2025-10-17 23:25:00.577,106720.79,0.00053,56.562018699999996
2025-10-17 23:25:00.743,106720.78,0.00086,91.7798708
2025-10-17 23:25:01.132,106720.79,0.0001,10.672079
2025-10-17 23:25:01.202,106720.79,0.00038,40.5539002
2025-10-17 23:25:01.276,106720.79,0.0001,10.672079
2025-10-17 23:25:01.532,106720.78,0.04,4268.8312
2025-10-17 23:25:01.571,106720.78,0.00186,198.50065080000002
2025-10-17 23:25:01.576,106720.78,0.00025,26.680195
2025-10-17 23:25:01.737,106720.78,9e-05,9.6048702
2025-10-17 23:25:01.974,106720.78,0.64,68301.2992
2025-10-17 23:25:01.979,106720.78,0.001,106.72078
2025-10-17 23:25:01.988,106720.78,0.00564,601.9051992
2025-10-17 23:25:01.994,106720.78,0.00564,601.9051992
2025-10-17 23:25:02.144,106720.78,0.0936,9989.065008
2025-10-17 23:25:02.145,106720.78,0.01042,1112.0305276000001
2025-10-17 23:25:02.151,106720.77,0.17651,18837.2831127
2025-10-17 23:25:02.152,106720.77,0.05138,5483.3131626
2025-10-17 23:25:02.156,106720.77,0.18902,20172.3599454
2025-10-17 23:25:02.158,106720.77,0.002,213.44154
2025-10-17 23:25:02.159,106720.77,0.02809,2997.7864293000002
2025-10-17 23:25:02.160,106720.77,0.04714,5030.817097800001
2025-10-17 23:25:02.168,106720.77,0.02809,2997.7864293000002
2025-10-17 23:25:02.174,106720.77,0.1405,14994.268185000003
2025-10-17 23:25:02.175,106716.0,0.00052,55.49231999999999
2025-10-17 23:25:02.177,106716.0,0.00228,243.31248
2025-10-17 23:25:02.191,106714.71,5e-05,5.3357355
2025-10-17 23:25:02.192,106714.38,0.00365,389.507487
2025-10-17 23:25:02.218,106714.38,0.0021,224.100198
2025-10-17 23:25:02.234,106714.3,5e-05,5.335715
2025-10-17 23:25:02.257,106714.28,0.01041,1110.8956548
2025-10-17 23:25:02.263,106712.56,0.00625,666.9535000000001
2025-10-17 23:25:02.265,106710.23,0.00014,14.939432199999999
2025-10-17 23:25:02.281,106710.23,0.0014,149.394322
2025-10-17 23:25:02.301,106710.12,0.00093,99.2404116
2025-10-17 23:25:02.898,106710.11,0.01051,1121.5232561
2025-10-17 23:25:04.889,106710.12,0.00069,73.6299828
2025-10-17 23:25:05.092,106710.12,0.00082,87.5022984
2025-10-17 23:25:05.400,106710.11,0.00014,14.939415399999998
2025-10-17 23:25:05.747,106710.11,0.00085,90.7035935
2025-10-17 23:25:07.960,106710.12,0.00413,440.7127956
2025-10-17 23:25:08.766,106710.12,0.00014,14.939416799999998
2025-10-17 23:25:08.829,106710.11,0.01574,1679.6171314
2025-10-17 23:25:09.125,106710.11,0.00073,77.8983803
2025-10-17 23:25:09.259,106710.12,0.00054,57.6234648
2025-10-17 23:25:10.507,106710.11,0.0001,10.671011
2025-10-17 23:25:12.217,106710.11,0.0001,10.671011
2025-10-17 23:25:13.391,106710.11,0.0043,458.853473
2025-10-17 23:25:13.423,106710.11,0.05316,5672.7094476
2025-10-17 23:25:13.813,106710.11,0.00202,215.5544222
2025-10-17 23:25:14.505,106710.12,0.0001,10.671012
2025-10-17 23:25:14.530,106710.11,0.00014,14.939415399999998
2025-10-17 23:25:14.602,106710.11,0.00092,98.1733012
2025-10-17 23:25:15.083,106710.11,0.0006,64.026066
2025-10-17 23:25:15.539,106710.11,0.00052,55.4892572
2025-10-17 23:25:15.641,106710.11,0.00024,25.6104264
2025-10-17 23:25:16.935,106710.11,0.1994,21277.995934
2025-10-17 23:25:17.240,106710.11,0.00085,90.7035935
2025-10-17 23:25:17.749,106710.11,0.00013,13.8723143
2025-10-17 23:25:18.575,106710.12,7e-05,7.469708399999999
2025-10-17 23:25:18.881,106710.11,0.00064,68.29447040000001
2025-10-17 23:25:19.129,106710.12,0.00014,14.939416799999998
2025-10-17 23:25:19.948,106710.11,0.00023,24.5433253
2025-10-17 23:25:20.032,106710.11,0.00169,180.34008590000002
2025-10-17 23:25:20.033,106710.11,0.00088,93.9048968
2025-10-17 23:25:23.312,106710.11,0.02294,2447.9299234
2025-10-17 23:25:23.821,106710.11,0.00159,169.6690749
2025-10-17 23:25:24.272,106710.11,0.00014,14.939415399999998
2025-10-17 23:25:24.377,106710.12,0.01163,1241.0386956
2025-10-17 23:25:25.262,106710.12,9e-05,9.6039108
2025-10-17 23:25:26.446,106710.11,0.00175,186.7426925
2025-10-17 23:25:27.028,106710.11,6e-05,6.4026066
2025-10-17 23:25:27.072,106710.11,0.23313,24877.3279443
2025-10-17 23:25:27.725,106710.11,0.00207,220.8899277
2025-10-17 23:25:29.165,106710.12,0.00047,50.1537564
2025-10-17 23:25:29.240,106710.12,0.00094,100.3075128
2025-10-17 23:25:29.781,106710.11,0.00582,621.0528402
2025-10-17 23:25:29.826,106710.12,0.00114,121.64953679999999
2025-10-17 23:25:30.268,106710.12,0.0019,202.749228
2025-10-17 23:25:30.429,106710.11,0.00301,321.1974311
2025-10-17 23:25:30.869,106710.12,0.0001,10.671012
2025-10-17 23:25:31.084,106710.12,0.00296,315.86195519999995
2025-10-17 23:25:31.706,106710.11,0.00024,25.6104264
2025-10-17 23:25:32.008,106710.11,0.00046,49.0866506
2025-10-17 23:25:32.483,106710.12,0.005,533.5506
2025-10-17 23:25:32.537,106710.12,0.34244,36541.8134928
2025-10-17 23:25:32.542,106710.85,0.00015,16.0066275
2025-10-17 23:25:32.545,106711.9,0.10529,11235.695951
2025-10-17 23:25:32.554,106711.9,0.00125,133.389875
2025-10-17 23:25:32.556,106712.0,0.02025,2160.918
2025-10-17 23:25:32.561,106712.0,0.0301,3212.0312
2025-10-17 23:25:32.566,106712.0,0.0009,96.0408
2025-10-17 23:25:32.571,106714.38,0.00375,400.178925
2025-10-17 23:25:32.575,106715.52,0.03255,3473.5901760000006
2025-10-17 23:25:32.578,106717.75,0.00968,1033.02782
2025-10-17 23:25:32.584,106717.75,0.03081,3287.9738775
2025-10-17 23:25:32.587,106717.75,0.00273,291.3394575
2025-10-17 23:25:32.617,106719.75,0.01334,1423.641465
2025-10-17 23:25:32.655,106720.0,5e-05,5.336
2025-10-17 23:25:32.721,106720.25,0.01681,1793.9674025
2025-10-17 23:25:33.085,106720.24,0.33594,35851.597425600004
2025-10-17 23:25:33.540,106720.24,6e-05,6.4032144
2025-10-17 23:25:34.893,106720.25,0.00014,14.940834999999998
2025-10-17 23:25:34.944,106720.25,0.00242,258.26300499999996
2025-10-17 23:25:35.822,106720.25,0.00096,102.45144
2025-10-17 23:25:36.163,106720.24,0.00126,134.4675024
2025-10-17 23:25:36.274,106720.25,0.00028,29.881669999999996
2025-10-17 23:25:36.282,106720.24,0.00013,13.8736312
2025-10-17 23:25:36.356,106720.24,0.72364,77227.0344736
2025-10-17 23:25:36.754,106720.24,0.00082,87.5105968
2025-10-17 23:25:37.047,106720.24,0.0005,53.36012
2025-10-17 23:25:38.206,106720.25,0.00027,28.8144675
2025-10-17 23:25:40.248,106720.25,0.00034,36.284885
2025-10-17 23:25:40.355,106720.25,0.0003,32.016075
2025-10-17 23:25:40.432,106720.24,0.00271,289.21185040000006
2025-10-17 23:25:40.683,106720.24,0.01459,1557.0483016
2025-10-17 23:25:40.728,106720.25,0.00219,233.71734750000002
2025-10-17 23:25:41.213,106720.25,0.00034,36.284885
2025-10-17 23:25:41.221,106720.25,0.0018,192.09645
2025-10-17 23:25:41.270,106720.26,0.00038,40.5536988
2025-10-17 23:25:41.526,106720.25,0.00092,98.18263
2025-10-17 23:25:41.583,106720.25,6e-05,6.403215
2025-10-17 23:25:41.940,106720.26,0.00023,24.5456598
2025-10-17 23:25:42.118,106720.26,0.0013,138.736338
2025-10-17 23:25:42.679,106720.26,0.00014,14.940836399999998
2025-10-17 23:25:43.339,106720.26,0.00188,200.63408879999997
2025-10-17 23:25:44.697,106720.25,0.16842,17973.824504999997
2025-10-17 23:25:44.964,106720.26,0.00051,54.4273326
2025-10-17 23:25:45.672,106720.25,0.00014,14.940834999999998
2025-10-17 23:25:45.873,106720.26,0.00014,14.940836399999998
2025-10-17 23:25:46.072,106720.26,0.00035,37.352090999999994
2025-10-17 23:25:46.321,106720.25,0.0001,10.672025
2025-10-17 23:25:46.329,106720.26,7e-05,7.470418199999999
2025-10-17 23:25:46.943,106720.26,0.03402,3630.6232452
2025-10-17 23:25:47.056,106720.26,0.002,213.44052
2025-10-17 23:25:47.137,106720.25,0.00744,793.9986600000001
2025-10-17 23:25:47.162,106720.25,0.00045,48.0241125
2025-10-17 23:25:47.270,106720.25,0.00014,14.940834999999998
2025-10-17 23:25:47.432,106720.25,0.00048,51.22572
2025-10-17 23:25:48.310,106720.25,0.00026,27.747265
2025-10-17 23:25:48.322,106720.26,0.002,213.44052
2025-10-17 23:25:48.663,106720.25,0.00013,13.8736325
2025-10-17 23:25:49.172,106720.26,0.00013,13.873633799999999
2025-10-17 23:25:50.403,106720.26,0.00014,14.940836399999998
2025-10-17 23:25:51.378,106720.26,0.0006,64.03215599999999
2025-10-17 23:25:51.398,106720.26,0.0001,10.672026
2025-10-17 23:25:51.491,106720.26,8e-05,8.537620800000001
2025-10-17 23:25:51.594,106720.26,6e-05,6.4032156
2025-10-17 23:25:51.835,106720.26,0.00065,69.368169
2025-10-17 23:25:52.191,106720.25,0.00325,346.84081249999997
2025-10-17 23:25:52.333,106720.26,0.00035,37.352090999999994
2025-10-17 23:25:52.403,106720.25,5e-05,5.3360125
2025-10-17 23:25:52.776,106720.26,0.002,213.44052
2025-10-17 23:25:52.868,106720.26,5e-05,5.336013
2025-10-17 23:25:53.932,106720.26,0.002,213.44052
2025-10-17 23:25:54.022,106720.25,0.00049,52.292922499999996
2025-10-17 23:25:54.051,106720.26,0.00237,252.9270162
2025-10-17 23:25:55.038,106720.26,0.002,213.44052
2025-10-17 23:25:55.150,106720.26,0.00323,344.70643979999994
2025-10-17 23:25:55.607,106720.25,0.00074,78.972985
2025-10-17 23:25:55.609,106720.26,0.01209,1290.2479434
2025-10-17 23:25:55.651,106720.25,0.00014,14.940834999999998
2025-10-17 23:25:55.712,106720.26,0.00075,80.040195
2025-10-17 23:25:56.220,106720.26,0.0019,202.76849399999998
2025-10-17 23:25:56.562,106720.26,0.00033,35.2176858
2025-10-17 23:25:56.767,106720.26,0.00055,58.696143
2025-10-17 23:25:59.273,106720.25,0.00047,50.158517499999995
2025-10-17 23:25:59.337,106720.26,0.00014,14.940836399999998
2025-10-17 23:26:00.162,106720.25,0.00012,12.80643
2025-10-17 23:26:00.355,106720.26,0.00036,38.4192936
2025-10-17 23:26:00.367,106720.26,0.0004,42.688104
2025-10-17 23:26:00.432,106720.25,0.00842,898.584505
2025-10-17 23:26:00.669,106720.25,0.0021,224.11252499999998
2025-10-17 23:26:02.653,106720.25,0.00014,14.940834999999998
2025-10-17 23:26:02.710,106720.26,0.00082,87.5106132
2025-10-17 23:26:03.191,106720.26,0.00094,100.31704439999999
2025-10-17 23:26:03.497,106720.26,8e-05,8.537620800000001
2025-10-17 23:26:03.546,106720.25,0.00509,543.2060725
2025-10-17 23:26:04.190,106720.26,0.00047,50.15852219999999
2025-10-17 23:26:04.204,106720.25,0.01013,1081.0761325
2025-10-17 23:26:04.244,106720.26,0.00047,50.15852219999999
2025-10-17 23:26:04.844,106720.26,0.00375,400.20097499999997
2025-10-17 23:26:05.480,106720.25,0.00043,45.8897075
2025-10-17 23:26:06.577,106720.25,8e-05,8.53762
2025-10-17 23:26:07.022,106720.26,0.00044,46.9569144
2025-10-17 23:26:07.933,106720.25,0.00014,14.940834999999998
2025-10-17 23:26:08.490,106720.25,0.13216,14104.14824
2025-10-17 23:26:08.527,106720.25,5e-05,5.3360125
2025-10-17 23:26:11.921,106720.26,0.00014,14.940836399999998
2025-10-17 23:26:13.286,106720.26,0.00085,90.71222099999999
2025-10-17 23:26:14.032,106720.25,0.00419,447.1578475
2025-10-17 23:26:14.765,106720.25,0.00209,223.0453225
2025-10-17 23:26:15.432,106720.26,0.00104,110.98907039999999
2025-10-17 23:26:15.532,106720.25,0.00022,23.478455
2025-10-17 23:26:16.133,106720.25,0.0001,10.672025
2025-10-17 23:26:16.784,106720.26,0.00169,180.3572394
2025-10-17 23:26:16.795,106720.26,0.00094,100.31704439999999
2025-10-17 23:26:16.832,106720.26,0.00014,14.940836399999998
2025-10-17 23:26:16.917,106720.26,6e-05,6.4032156
2025-10-17 23:26:16.970,106720.26,0.00211,225.17974859999998
2025-10-17 23:26:17.064,106720.25,0.00014,14.940834999999998
2025-10-17 23:26:17.076,106720.26,0.00094,100.31704439999999
2025-10-17 23:26:17.281,106720.26,0.00021,22.4112546
2025-10-17 23:26:17.617,106720.26,0.01,1067.2026
2025-10-17 23:26:18.170,106720.26,0.0001,10.672026
2025-10-17 23:26:18.281,106720.26,0.00011,11.7392286
2025-10-17 23:26:18.443,106720.25,0.0001,10.672025
2025-10-17 23:26:18.619,106720.26,0.00076,81.1073976
2025-10-17 23:26:20.492,106720.25,0.00027,28.8144675
2025-10-17 23:26:20.608,106720.26,0.00116,123.7955016
2025-10-17 23:26:20.991,106720.25,0.00139,148.3411475
2025-10-17 23:26:21.670,106720.26,0.01219,1300.9199694
2025-10-17 23:26:22.280,106720.25,0.00087,92.8466175
2025-10-17 23:26:24.118,106720.26,0.0001,10.672026
2025-10-17 23:26:24.240,106720.26,0.00568,606.1710768
2025-10-17 23:26:24.969,106720.25,0.0046,490.91315
2025-10-17 23:26:25.325,106720.26,0.00017,18.1424442
2025-10-17 23:26:25.448,106720.25,0.001,106.72025000000001
2025-10-17 23:26:25.469,106720.26,0.00167,178.2228342
2025-10-17 23:26:26.069,106720.26,0.00141,150.4755666
2025-10-17 23:26:26.244,106720.26,0.00047,50.15852219999999
2025-10-17 23:26:27.264,106720.25,5e-05,5.3360125
2025-10-17 23:26:27.562,106720.26,0.00937,999.9688361999999
2025-10-17 23:26:28.639,106720.26,0.00014,14.940836399999998
2025-10-17 23:26:29.982,106720.26,0.00014,14.940836399999998
2025-10-17 23:26:31.182,106720.26,0.00012,12.8064312
2025-10-17 23:26:31.417,106720.25,0.00048,51.22572
2025-10-17 23:26:31.751,106720.25,0.00014,14.940834999999998
2025-10-17 23:26:33.153,106720.26,0.00114,121.66109639999999
2025-10-17 23:26:33.452,106720.26,0.00937,999.9688361999999
2025-10-17 23:26:33.697,106720.26,0.00178,189.96206279999998
2025-10-17 23:26:34.298,106720.25,0.00047,50.158517499999995
2025-10-17 23:26:34.432,106720.25,0.00232,247.59098
2025-10-17 23:26:34.619,106720.26,0.00033,35.2176858
2025-10-17 23:26:34.647,106720.25,0.00863,920.9957575000001
2025-10-17 23:26:34.939,106720.26,0.00012,12.8064312
2025-10-17 23:26:34.985,106720.26,0.00013,13.873633799999999
2025-10-17 23:26:36.044,106720.26,0.01156,1233.6862056
2025-10-17 23:26:36.262,106720.26,0.00036,38.4192936
2025-10-17 23:26:36.576,106720.25,7e-05,7.470417499999999
2025-10-17 23:26:36.804,106720.25,0.00113,120.59388249999999
2025-10-17 23:26:36.825,106720.26,0.00057,60.830548199999996
2025-10-17 23:26:37.217,106720.25,0.00107,114.1906675
2025-10-17 23:26:37.360,106720.25,0.004,426.88100000000003
2025-10-17 23:26:37.445,106720.25,0.00053,56.5617325
2025-10-17 23:26:37.922,106720.25,0.00031,33.0832775
2025-10-17 23:26:38.392,106720.25,0.00827,882.5764674999999
2025-10-17 23:26:38.638,106720.26,8e-05,8.537620800000001
2025-10-17 23:26:39.113,106720.25,9e-05,9.604822500000001
2025-10-17 23:26:39.587,106720.26,0.00014,14.940836399999998
2025-10-17 23:26:39.611,106720.26,0.00411,438.6202686
2025-10-17 23:26:40.676,106720.26,0.001,106.72026
2025-10-17 23:26:40.787,106720.26,0.003,320.16078
2025-10-17 23:26:41.247,106720.25,0.18698,19954.552345
2025-10-17 23:26:41.293,106720.26,0.00047,50.15852219999999
2025-10-17 23:26:41.372,106720.26,0.00025,26.680065
2025-10-17 23:26:41.750,106720.26,0.00014,14.940836399999998
2025-10-17 23:26:41.900,106720.25,0.00059,62.9649475
2025-10-17 23:26:42.412,106720.25,0.00087,92.8466175
2025-10-17 23:26:42.532,106720.26,0.00011,11.7392286
2025-10-17 23:26:42.575,106720.26,0.00773,824.9476097999999
2025-10-17 23:26:43.445,106720.26,0.0011,117.392286
2025-10-17 23:26:43.482,106720.25,0.0002,21.34405
2025-10-17 23:26:43.495,106720.26,0.01466,1564.5190115999999
2025-10-17 23:26:43.925,106720.25,0.00055,58.696137500000006
2025-10-17 23:26:44.092,106720.25,0.00413,440.7546325
2025-10-17 23:26:44.384,106720.26,0.00047,50.15852219999999
2025-10-17 23:26:45.043,106720.26,0.00134,143.0051484
2025-10-17 23:26:45.661,106720.25,0.00018,19.209645000000002
2025-10-17 23:26:45.702,106720.25,0.00633,675.5391824999999
2025-10-17 23:26:45.710,106720.26,0.00011,11.7392286
2025-10-17 23:26:45.717,106720.26,8e-05,8.537620800000001
2025-10-17 23:26:45.901,106720.26,0.00093,99.2498418
2025-10-17 23:26:46.027,106720.25,0.08342,8902.603255
2025-10-17 23:26:46.447,106720.26,0.00017,18.1424442
2025-10-17 23:26:46.882,106720.26,0.00046,49.0913196
2025-10-17 23:26:47.395,106720.26,0.00055,58.696143
2025-10-17 23:26:48.199,106720.25,0.00051,54.427327500000004
2025-10-17 23:26:48.606,106720.25,0.00097,103.5186425
2025-10-17 23:26:49.426,106720.26,0.00057,60.830548199999996
2025-10-17 23:26:50.462,106720.26,0.0002,21.344052
2025-10-17 23:26:51.167,106720.26,0.00722,770.5202771999999
2025-10-17 23:26:51.460,106720.25,0.003,320.16075
2025-10-17 23:26:51.806,106720.25,0.00198,211.306095
2025-10-17 23:26:51.965,106720.25,0.01,1067.2025
2025-10-17 23:26:52.023,106720.25,9e-05,9.604822500000001
2025-10-17 23:26:52.206,106720.25,0.00187,199.5668675
2025-10-17 23:26:52.552,106720.25,0.00749,799.3346725
2025-10-17 23:26:52.717,106720.26,0.00081,86.44341059999999
2025-10-17 23:26:52.738,106720.25,0.00093,99.24983250000001
2025-10-17 23:26:53.187,106720.25,0.00277,295.6150925
2025-10-17 23:26:54.048,106720.26,0.0001,10.672026
2025-10-17 23:26:54.515,106720.25,0.00029,30.9488725
2025-10-17 23:26:54.577,106720.25,0.59879,63903.01849750001
2025-10-17 23:26:54.776,106720.25,0.00026,27.747265
2025-10-17 23:26:54.832,106720.26,0.00094,100.31704439999999
2025-10-17 23:26:55.202,106720.25,0.00037,39.4864925
2025-10-17 23:26:55.682,106720.26,0.0029,309.488754
2025-10-17 23:26:55.746,106720.26,0.00043,45.88971179999999
2025-10-17 23:26:55.981,106720.26,9e-05,9.6048234
2025-10-17 23:26:56.352,106720.25,0.00047,50.158517499999995
2025-10-17 23:26:56.469,106720.26,0.00044,46.9569144
2025-10-17 23:26:56.618,106720.25,7e-05,7.470417499999999
2025-10-17 23:26:56.981,106720.26,0.00461,491.9803986
2025-10-17 23:26:57.400,106720.25,0.013,1387.3632499999999
2025-10-17 23:26:58.461,106720.25,0.013,1387.3632499999999
2025-10-17 23:26:58.815,106720.25,0.00078,83.241795
2025-10-17 23:26:58.949,106720.26,0.00164,175.0212264
2025-10-17 23:26:59.021,106720.25,0.013,1387.3632499999999
2025-10-17 23:26:59.104,106720.25,0.00013,13.8736325
2025-10-17 23:27:00.279,106720.26,0.00303,323.3623878
2025-10-17 23:27:00.647,106720.26,0.0006,64.03215599999999
2025-10-17 23:27:01.152,106720.25,0.00077,82.17459249999999
2025-10-17 23:27:01.517,106720.26,0.00253,270.0022578
2025-10-17 23:27:01.743,106720.26,0.00832,887.9125631999999
2025-10-17 23:27:02.007,106720.25,0.013,1387.3632499999999
2025-10-17 23:27:02.008,106720.25,0.013,1387.3632499999999
2025-10-17 23:27:02.009,106720.25,0.013,1387.3632499999999
2025-10-17 23:27:02.132,106720.26,8e-05,8.537620800000001
2025-10-17 23:27:02.315,106720.26,0.00174,185.6932524
2025-10-17 23:27:02.829,106720.25,0.00782,834.552355
2025-10-17 23:27:02.868,106720.25,0.00088,93.91382
2025-10-17 23:27:02.915,106720.26,0.00046,49.0913196
2025-10-17 23:27:04.022,106720.25,9e-05,9.604822500000001
2025-10-17 23:27:04.594,106720.26,0.00018,19.2096468
2025-10-17 23:27:04.933,106720.26,0.00094,100.31704439999999
2025-10-17 23:27:05.136,106720.25,0.00038,40.553695000000005
2025-10-17 23:27:05.468,106720.26,0.00011,11.7392286
2025-10-17 23:27:05.610,106720.25,0.00023,24.5456575
2025-10-17 23:27:06.063,106720.26,9e-05,9.6048234
2025-10-17 23:27:06.262,106720.26,0.0418,4460.906867999999
2025-10-17 23:27:06.577,106720.25,8e-05,8.53762
2025-10-17 23:27:08.490,106720.26,0.00014,14.940836399999998
2025-10-17 23:27:08.689,106720.25,0.00014,14.940834999999998
2025-10-17 23:27:09.130,106721.81,0.00015,16.0082715
2025-10-17 23:27:09.134,106722.0,0.00488,520.80336
2025-10-17 23:27:09.138,106722.0,0.01621,1729.9636199999998
2025-10-17 23:27:09.140,106723.26,0.04251,4536.8057825999995
2025-10-17 23:27:09.144,106724.02,0.00015,16.008603
2025-10-17 23:27:09.146,106725.6,0.00153,163.290168
2025-10-17 23:27:09.159,106725.89,0.00075,80.0444175
2025-10-17 23:27:09.164,106728.36,0.00639,681.9942204
2025-10-17 23:27:09.168,106728.36,0.00835,891.1818059999999
2025-10-17 23:27:09.173,106728.55,0.00015,16.009282499999998
2025-10-17 23:27:09.177,106728.66,0.17941,19148.1888906
2025-10-17 23:27:09.185,106728.66,0.00152,162.22756320000002
2025-10-17 23:27:09.186,106730.78,0.01278,1364.0193683999998
2025-10-17 23:27:09.220,106730.77,0.00023,24.5480771
2025-10-17 23:27:09.345,106730.78,0.00075,80.048085
2025-10-17 23:27:09.769,106730.77,0.0171,1825.0961670000002
2025-10-17 23:27:10.111,106730.78,0.00244,260.4231032
2025-10-17 23:27:10.738,106730.78,0.0003,32.019234
2025-10-17 23:27:11.299,106730.77,0.01787,1907.2788599
2025-10-17 23:27:11.301,106730.78,8e-05,8.5384624
2025-10-17 23:27:11.401,106730.77,0.00047,50.1634619
2025-10-17 23:27:11.533,106730.78,0.00603,643.5866034
2025-10-17 23:27:11.681,106730.78,0.00014,14.942309199999999
2025-10-17 23:27:12.146,106730.78,0.00187,199.5865586
2025-10-17 23:27:12.218,106730.79,0.00087,92.85578729999999
2025-10-17 23:27:14.462,106730.79,0.01202,1282.9040957999998
2025-10-17 23:27:14.490,106730.79,0.00139,148.3557981
2025-10-17 23:27:14.524,106730.93,0.00769,820.7608516999999
2025-10-17 23:27:14.525,106731.32,5e-05,5.336566
2025-10-17 23:27:14.670,106731.44,0.00429,457.87787760000003
2025-10-17 23:27:14.718,106731.44,0.0027,288.174888
2025-10-17 23:27:14.952,106731.44,0.00014,14.942401599999998
2025-10-17 23:27:15.618,106731.44,9e-05,9.605829600000002
2025-10-17 23:27:16.370,106731.44,0.00362,386.3678128
2025-10-17 23:27:16.576,106731.45,0.00614,655.331103
2025-10-17 23:27:16.961,106731.45,0.00127,135.5489415
2025-10-17 23:27:17.192,106731.44,0.00055,58.70229200000001
2025-10-17 23:27:17.226,106731.44,0.00468,499.5031392
2025-10-17 23:27:18.119,106731.44,0.00499,532.5898856
2025-10-17 23:27:18.970,106731.45,0.00047,50.1637815
2025-10-17 23:27:19.792,106731.45,0.0001,10.673145
2025-10-17 23:27:20.007,106731.45,0.57908,61806.048066
2025-10-17 23:27:20.009,106731.46,0.0006,64.038876
2025-10-17 23:27:20.115,106731.77,0.00132,140.8859364
2025-10-17 23:27:20.265,106734.87,0.0014,149.42881799999998
2025-10-17 23:27:20.855,106734.87,0.10048,10724.7197376
2025-10-17 23:27:21.944,106734.87,0.002,213.46974
2025-10-17 23:27:22.362,106734.87,0.00087,92.8593369
2025-10-17 23:27:22.613,106734.86,0.0001,10.673486
2025-10-17 23:27:22.747,106734.87,0.00029,30.953112299999997
2025-10-17 23:27:23.333,106734.86,0.00016,17.0775776
2025-10-17 23:27:23.773,106734.86,0.00213,227.3452518
2025-10-17 23:27:23.801,106734.87,0.00012,12.8081844
2025-10-17 23:27:24.581,106734.86,0.00045,48.030687
2025-10-17 23:27:24.763,106734.87,0.00014,14.942881799999999
2025-10-17 23:27:25.570,106734.86,0.00249,265.7698014
2025-10-17 23:27:27.517,106734.87,7e-05,7.471440899999999
2025-10-17 23:27:28.021,106734.86,0.00361,385.3128446
2025-10-17 23:27:28.330,106734.86,0.00103,109.9369058
2025-10-17 23:27:28.518,106734.86,0.00014,14.942880399999998
2025-10-17 23:27:28.982,106734.86,0.00101,107.8022086
2025-10-17 23:27:29.429,106734.87,0.00043,45.895994099999996
2025-10-17 23:27:29.581,106734.87,0.00104,111.00426479999999
2025-10-17 23:27:29.818,106734.86,0.02088,2228.6238768
2025-10-17 23:27:29.986,106734.87,0.00036,38.4245532
2025-10-17 23:27:32.211,106737.29,0.00015,16.0105935
2025-10-17 23:27:32.401,106737.3,0.00339,361.839447
2025-10-17 23:27:32.511,106737.31,0.00076,81.1203556
2025-10-17 23:27:33.867,106737.31,0.00273,291.39285629999995
2025-10-17 23:27:33.915,106739.13,0.00175,186.79347750000002
2025-10-17 23:27:34.515,106739.13,0.00296,315.94782480000003
2025-10-17 23:27:34.962,106739.14,0.00211,225.2195854
2025-10-17 23:27:35.224,106741.27,0.0018,192.134286
2025-10-17 23:27:35.225,106741.28,0.00062,66.1795936
2025-10-17 23:27:35.664,106743.87,0.00674,719.4536838
2025-10-17 23:27:36.585,106743.86,9e-05,9.606947400000001
2025-10-17 23:27:36.837,106743.86,0.00151,161.1832286
2025-10-17 23:27:37.317,106743.86,9e-05,9.606947400000001
2025-10-17 23:27:38.099,106743.86,0.00011,11.741824600000001
2025-10-17 23:27:38.323,106743.86,5e-05,5.337193
2025-10-17 23:27:38.848,106743.87,0.00014,14.944141799999999
2025-10-17 23:27:39.035,106746.51,0.00015,16.0119765
2025-10-17 23:27:39.038,106746.52,0.16968,18112.7495136
2025-10-17 23:27:39.090,106746.52,0.00226,241.2471352
2025-10-17 23:27:39.104,106748.44,0.0004,42.699376
2025-10-17 23:27:40.198,106748.92,0.00187,199.6204804
2025-10-17 23:27:40.259,106748.92,0.00362,386.4310904
2025-10-17 23:27:41.062,106748.92,0.00135,144.111042
2025-10-17 23:27:41.100,106748.92,0.00047,50.1719924
2025-10-17 23:27:41.309,106748.92,6e-05,6.4049352
2025-10-17 23:27:42.274,106748.91,0.00014,14.944847399999999
2025-10-17 23:27:43.415,106748.92,0.00033,35.2271436
2025-10-17 23:27:43.508,106748.92,0.0014,149.448488
2025-10-17 23:27:43.532,106748.92,0.00276,294.6270192
2025-10-17 23:27:43.586,106748.92,0.00185,197.485502
2025-10-17 23:27:43.923,106748.93,0.00101,107.81641929999999
2025-10-17 23:27:44.084,106748.93,6e-05,6.4049358
2025-10-17 23:27:44.943,106748.93,9e-05,9.6074037
2025-10-17 23:27:45.138,106748.92,0.00529,564.7017868
2025-10-17 23:27:45.539,106748.93,0.01781,1901.1984432999998
2025-10-17 23:27:46.271,106748.92,0.00202,215.63281840000002
2025-10-17 23:27:46.281,106748.93,0.00196,209.22790279999998
2025-10-17 23:27:46.915,106748.94,0.02753,2938.7983182
2025-10-17 23:27:46.992,106748.93,0.0004,42.699571999999996
2025-10-17 23:27:47.036,106748.93,0.00037,39.497104099999994
2025-10-17 23:27:47.174,106748.94,0.00078,83.2641732
2025-10-17 23:27:47.319,106748.94,0.00047,50.1720018
2025-10-17 23:27:47.494,106751.31,0.00015,16.012696499999997
2025-10-17 23:27:47.564,106751.32,0.00014,14.9451848
2025-10-17 23:27:47.610,106751.32,0.0019,202.82750800000002
2025-10-17 23:27:47.630,106751.33,0.00103,109.95386990000002
2025-10-17 23:27:47.639,106751.33,0.00099,105.6838167
2025-10-17 23:27:47.640,106751.94,0.00099,105.6844206
2025-10-17 23:27:47.641,106752.75,6e-05,6.405165
2025-10-17 23:27:47.644,106751.94,0.00025,26.687985
2025-10-17 23:27:48.665,106751.94,0.00042,44.8358148
2025-10-17 23:27:48.981,106751.94,0.0005,53.37597
2025-10-17 23:27:48.982,106754.85,0.00015,16.0132275
2025-10-17 23:27:49.652,106755.32,0.00749,799.5973468000001
2025-10-17 23:27:50.418,106755.31,0.00014,14.945743399999998
2025-10-17 23:27:50.778,106756.8,5e-05,5.337840000000001
2025-10-17 23:27:50.780,106759.45,0.00015,16.013917499999998
2025-10-17 23:27:51.409,106759.58,0.00013,13.8787454
2025-10-17 23:27:51.676,106759.58,0.0099,1056.919842
2025-10-17 23:27:51.786,106759.59,0.00252,269.0341668
2025-10-17 23:27:52.045,106759.58,0.04822,5147.9469476
2025-10-17 23:27:52.085,106759.58,0.004,427.03832
2025-10-17 23:27:52.362,106759.59,0.00198,211.3839882
2025-10-17 23:27:53.547,106759.59,0.00014,14.946342599999998
2025-10-17 23:27:53.570,106759.58,0.00494,527.3923252
2025-10-17 23:27:53.579,106759.58,0.04197,4480.6995726000005
2025-10-17 23:27:53.617,106759.58,0.0001,10.675958000000001
2025-10-17 23:27:54.860,106759.59,9e-05,9.6083631
2025-10-17 23:27:55.176,106759.59,8e-05,8.540767200000001
2025-10-17 23:27:55.649,106759.59,0.01097,1171.1527023
2025-10-17 23:27:55.845,106759.59,0.00013,13.878746699999999
2025-10-17 23:27:56.658,106759.59,0.00046,49.1094114
2025-10-17 23:27:56.842,106759.59,0.00551,588.2453409
2025-10-17 23:27:57.022,106759.59,0.00082,87.54286379999999
2025-10-17 23:27:57.430,106759.59,0.00053,56.582582699999996
2025-10-17 23:27:58.131,106759.59,8e-05,8.540767200000001
2025-10-17 23:27:58.354,106759.59,8e-05,8.540767200000001
2025-10-17 23:27:58.581,106759.59,0.00762,813.5080758
2025-10-17 23:27:58.669,106759.59,8e-05,8.540767200000001
2025-10-17 23:27:58.746,106759.59,8e-05,8.540767200000001
2025-10-17 23:27:59.578,106759.59,8e-05,8.540767200000001
2025-10-17 23:27:59.812,106759.59,8e-05,8.540767200000001
2025-10-17 23:28:00.499,106759.59,8e-05,8.540767200000001
2025-10-17 23:28:00.542,106759.59,9e-05,9.6083631
2025-10-17 23:28:00.894,106759.58,0.00016,17.0815328
2025-10-17 23:28:00.986,106759.59,8e-05,8.540767200000001
2025-10-17 23:28:01.089,106759.59,0.00098,104.62439819999999
2025-10-17 23:28:01.090,106759.58,0.00016,17.0815328
2025-10-17 23:28:01.136,106759.59,0.00047,50.1770073
2025-10-17 23:28:01.453,106759.59,8e-05,8.540767200000001
2025-10-17 23:28:01.504,106759.59,0.0068,725.965212
2025-10-17 23:28:01.535,106759.59,5e-05,5.3379795
2025-10-17 23:28:01.562,106759.59,8e-05,8.540767200000001
2025-10-17 23:28:02.060,106759.59,9e-05,9.6083631
2025-10-17 23:28:02.092,106759.59,8e-05,8.540767200000001
2025-10-17 23:28:02.208,106759.59,8e-05,8.540767200000001
2025-10-17 23:28:02.217,106759.58,0.00014,14.946341199999999
2025-10-17 23:28:02.272,106759.58,0.00014,14.946341199999999
2025-10-17 23:28:02.524,106759.59,8e-05,8.540767200000001
2025-10-17 23:28:03.076,106759.58,9e-05,9.6083622
2025-10-17 23:28:03.334,106759.59,0.00032,34.163068800000005
2025-10-17 23:28:03.355,106759.59,8e-05,8.540767200000001
2025-10-17 23:28:04.070,106759.59,8e-05,8.540767200000001
2025-10-17 23:28:04.179,106759.59,0.15583,16636.346909699998
2025-10-17 23:28:04.192,106759.59,0.00086,91.8132474
2025-10-17 23:28:04.355,106759.59,0.00299,319.2111741
2025-10-17 23:28:04.873,106759.6,0.001,106.7596
2025-10-17 23:28:04.975,106759.6,0.00046,49.109416
2025-10-17 23:28:05.386,106759.6,8e-05,8.540768000000002
2025-10-17 23:28:05.496,106759.59,0.00094,100.3540146
2025-10-17 23:28:05.992,106759.6,0.00018,19.216728000000003
2025-10-17 23:28:06.183,106759.59,0.00094,100.3540146
2025-10-17 23:28:06.217,106759.6,8e-05,8.540768000000002
2025-10-17 23:28:06.863,106759.6,8e-05,8.540768000000002
2025-10-17 23:28:06.880,106759.6,8e-05,8.540768000000002
2025-10-17 23:28:07.218,106759.6,0.00173,184.694108
2025-10-17 23:28:07.671,106759.6,0.00045,48.04182
2025-10-17 23:28:07.892,106759.6,7e-05,7.473172
2025-10-17 23:28:07.945,106759.6,8e-05,8.540768000000002
2025-10-17 23:28:07.988,106759.6,0.00017,18.149132
2025-10-17 23:28:08.425,106759.6,0.00014,14.946344
2025-10-17 23:28:08.885,106759.6,0.00047,50.177012
2025-10-17 23:28:08.981,106759.6,7e-05,7.473172
2025-10-17 23:28:09.053,106759.6,8e-05,8.540768000000002
2025-10-17 23:28:09.078,106759.6,9e-05,9.608364000000002
2025-10-17 23:28:09.248,106759.6,9e-05,9.608364000000002
2025-10-17 23:28:09.783,106759.6,8e-05,8.540768000000002
2025-10-17 23:28:10.582,106759.6,0.00044,46.97422400000001
2025-10-17 23:28:10.948,106759.6,0.0001,10.675960000000002
2025-10-17 23:28:11.208,106759.59,0.00047,50.1770073
2025-10-17 23:28:11.219,106759.59,0.00216,230.6007144
2025-10-17 23:28:11.556,106759.6,0.00082,87.542872
2025-10-17 23:28:11.824,106759.6,8e-05,8.540768000000002
2025-10-17 23:28:11.894,106759.6,0.00025,26.6899
2025-10-17 23:28:12.378,106759.59,0.00014,14.946342599999998
2025-10-17 23:28:12.448,106759.6,0.00047,50.177012
2025-10-17 23:28:12.465,106759.6,8e-05,8.540768000000002
2025-10-17 23:28:12.560,106759.6,8e-05,8.540768000000002
2025-10-17 23:28:12.648,106759.6,8e-05,8.540768000000002
2025-10-17 23:28:12.715,106759.6,0.00284,303.197264
2025-10-17 23:28:13.167,106759.6,0.00929,991.796684
2025-10-17 23:28:13.248,106759.24,0.0001,10.675924
2025-10-17 23:28:13.251,106755.33,0.00015,16.0132995
2025-10-17 23:28:13.255,106755.32,0.0189,2017.6755480000002
2025-10-17 23:28:13.258,106755.32,0.26357,28137.499692400004
2025-10-17 23:28:13.260,106755.32,0.08082,8627.964962400001
2025-10-17 23:28:13.265,106755.31,0.70807,75590.23235169999
2025-10-17 23:28:13.267,106754.85,0.05563,5938.772305500001
2025-10-17 23:28:13.269,106754.85,0.12227,13052.9155095
2025-10-17 23:28:13.271,106754.85,0.03976,4244.572836
2025-10-17 23:28:13.272,106754.85,0.0132,1409.1640200000002
2025-10-17 23:28:13.273,106754.85,0.01345,1435.8527325
2025-10-17 23:28:13.274,106754.85,0.00818,873.254673
2025-10-17 23:28:13.275,106754.85,0.00818,873.254673
2025-10-17 23:28:13.276,106754.85,0.04239,4525.3380915
2025-10-17 23:28:13.277,106754.85,0.0345,3683.0423250000003
2025-10-17 23:28:13.279,106754.85,0.00026,27.756261
2025-10-17 23:28:13.281,106754.85,0.01615,1724.0908275000002
2025-10-17 23:28:13.282,106754.85,0.01553,1657.9028205000002
2025-10-17 23:28:13.283,106754.85,0.03169,3383.0611965000003
2025-10-17 23:28:13.284,106754.85,0.00251,267.9546735
2025-10-17 23:28:13.288,106752.75,6e-05,6.405165
2025-10-17 23:28:13.355,106749.7,7e-05,7.472478999999999
2025-10-17 23:28:13.357,106749.69,0.00217,231.6468273
2025-10-17 23:28:14.125,106749.69,0.00056,59.7798264
2025-10-17 23:28:14.595,106749.68,0.00402,429.13371359999996
2025-10-17 23:28:14.632,106749.69,0.00047,50.1723543
2025-10-17 23:28:14.688,106749.69,8e-05,8.5399752
2025-10-17 23:28:14.814,106749.69,7e-05,7.4724783
2025-10-17 23:28:14.886,106749.68,9e-05,9.607471199999999
2025-10-17 23:28:14.940,106749.69,7e-05,7.4724783
2025-10-17 23:28:15.089,106749.69,0.005,533.74845
2025-10-17 23:28:15.313,106749.68,0.0036,384.29884799999996
2025-10-17 23:28:15.584,106749.68,0.05402,5766.6177136
2025-10-17 23:28:15.632,106749.69,0.00047,50.1723543
2025-10-17 23:28:15.637,106749.68,0.00022,23.4849296
2025-10-17 23:28:15.717,106749.69,7e-05,7.4724783
2025-10-17 23:28:15.892,106749.69,0.001,106.74969
2025-10-17 23:28:16.145,106749.69,8e-05,8.5399752
2025-10-17 23:28:16.331,106749.69,8e-05,8.5399752
2025-10-17 23:28:16.462,106749.69,0.00012,12.809962800000001
2025-10-17 23:28:16.578,106749.68,6e-05,6.4049808
2025-10-17 23:28:16.670,106749.69,0.00141,150.5170629
2025-10-17 23:28:16.939,106749.69,0.00015,16.0124535
2025-10-17 23:28:17.019,106749.69,0.00015,16.0124535
2025-10-17 23:28:17.313,106749.69,0.00937,1000.2445953
2025-10-17 23:28:17.427,106749.68,0.00047,50.1723496
2025-10-17 23:28:17.669,106749.69,8e-05,8.5399752
2025-10-17 23:28:17.670,106749.69,0.00038,40.56488220000001
2025-10-17 23:28:17.671,106749.69,0.00082,87.5347458
2025-10-17 23:28:17.932,106749.69,0.00011,11.742465900000001
2025-10-17 23:28:18.009,106749.69,0.00014,14.9449566
2025-10-17 23:28:18.038,106749.69,0.00094,100.3447086
2025-10-17 23:28:18.076,106749.69,0.00019,20.282441100000003
2025-10-17 23:28:18.320,106749.69,8e-05,8.5399752
2025-10-17 23:28:18.374,106749.69,8e-05,8.5399752
2025-10-17 23:28:18.448,106749.69,8e-05,8.5399752
2025-10-17 23:28:18.482,106749.69,9e-05,9.6074721
2025-10-17 23:28:18.682,106749.69,8e-05,8.5399752
2025-10-17 23:28:18.806,106749.69,8e-05,8.5399752
2025-10-17 23:28:18.912,106749.69,0.00288,307.4391072
2025-10-17 23:28:19.146,106749.69,8e-05,8.5399752
2025-10-17 23:28:19.164,106749.68,0.03613,3856.8659384
2025-10-17 23:28:19.168,106748.94,5e-05,5.337447
2025-10-17 23:28:19.275,106748.93,0.00187,199.6204991
2025-10-17 23:28:19.292,106748.93,0.00507,541.2170751
2025-10-17 23:28:19.323,106748.92,0.09362,9993.8338904
2025-10-17 23:28:19.325,106748.92,0.04897,5227.4946124
2025-10-17 23:28:19.326,106748.92,0.33437,35693.6363804
2025-10-17 23:28:19.327,106748.91,0.04822,5147.4324402
2025-10-17 23:28:19.332,106748.91,0.01839,1963.1124549
2025-10-17 23:28:19.340,106748.91,0.01488,1588.4237808
2025-10-17 23:28:19.348,106748.91,0.04068,4342.545658800001
2025-10-17 23:28:19.355,106748.91,0.01911,2039.9716701
2025-10-17 23:28:19.378,106748.91,0.02157,2302.5739887
2025-10-17 23:28:19.512,106748.91,0.0079,843.3163890000001
2025-10-17 23:28:19.517,106748.91,0.03313,3536.5913883000003
2025-10-17 23:28:19.518,106748.91,0.00861,919.1081151
2025-10-17 23:28:19.520,106748.91,0.03155,3367.9281105000005
2025-10-17 23:28:19.521,106744.64,0.00015,16.011695999999997
2025-10-17 23:28:19.524,106744.63,0.0004,42.697852000000005
2025-10-17 23:28:19.601,106743.28,0.00577,615.9087256
2025-10-17 23:28:19.602,106739.36,8e-05,8.539148800000001
2025-10-17 23:28:19.603,106739.36,0.00082,87.5262752
2025-10-17 23:28:19.605,106739.01,0.00039,41.6282139
2025-10-17 23:28:19.607,106736.5,6e-05,6.40419
2025-10-17 23:28:19.610,106734.96,0.0001,10.673496000000002
2025-10-17 23:28:19.612,106730.77,0.00121,129.1442317
2025-10-17 23:28:19.620,106730.77,0.00937,1000.0673149
2025-10-17 23:28:19.802,106730.78,8e-05,8.5384624
2025-10-17 23:28:20.107,106730.78,8e-05,8.5384624
2025-10-17 23:28:20.217,106730.78,0.04684,4999.2697352
2025-10-17 23:28:20.596,106730.77,0.06174,6589.5577398000005
2025-10-17 23:28:21.251,106730.78,8e-05,8.5384624
2025-10-17 23:28:21.448,106730.78,8e-05,8.5384624
2025-10-17 23:28:21.468,106730.77,0.013,1387.50001
2025-10-17 23:28:21.469,106730.77,0.013,1387.50001
2025-10-17 23:28:21.671,106730.78,8e-05,8.5384624
2025-10-17 23:28:22.025,106730.78,9e-05,9.6057702
2025-10-17 23:28:22.537,106728.61,0.0001,10.672861000000001
2025-10-17 23:28:22.541,106720.26,0.00135,144.072351
2025-10-17 23:28:22.542,106715.0,0.0006,64.029
2025-10-17 23:28:22.543,106713.38,0.00059,62.960894200000006
2025-10-17 23:28:22.544,106713.38,0.00937,999.9043706
2025-10-17 23:28:22.551,106716.6,0.00937,999.9345420000001
2025-10-17 23:28:22.552,106716.6,0.013,1387.3158
2025-10-17 23:28:22.553,106716.6,0.013,1387.3158
2025-10-17 23:28:22.567,106716.6,0.00613,654.172758
2025-10-17 23:28:22.570,106716.6,0.013,1387.3158
2025-10-17 23:28:22.595,106716.61,0.0002,21.343322
2025-10-17 23:28:22.604,106716.61,8e-05,8.537328800000001
2025-10-17 23:28:22.709,106716.6,0.00324,345.761784
2025-10-17 23:28:22.712,106716.6,0.00059,62.96279400000001
2025-10-17 23:28:22.747,106716.59,0.0036,384.17972399999996
2025-10-17 23:28:22.752,106710.12,0.00025,26.67753
2025-10-17 23:28:22.754,106709.83,0.00122,130.1859926
2025-10-17 23:28:22.790,106709.83,0.013,1387.22779
2025-10-17 23:28:22.924,106709.84,8e-05,8.536787200000001
2025-10-17 23:28:22.926,106709.84,0.43337,46244.8433608
2025-10-17 23:28:23.032,106709.83,0.00015,16.0064745
2025-10-17 23:28:23.349,106709.84,0.00045,48.019428
2025-10-17 23:28:23.525,106709.83,0.00339,361.7463237
2025-10-17 23:28:24.001,106709.84,8e-05,8.536787200000001
2025-10-17 23:28:24.175,106709.83,0.00014,14.939376199999998
2025-10-17 23:28:24.302,106709.84,5e-05,5.335492
2025-10-17 23:28:24.525,106709.84,8e-05,8.536787200000001
2025-10-17 23:28:24.935,106709.84,0.00031,33.0800504
2025-10-17 23:28:25.594,106709.84,8e-05,8.536787200000001
2025-10-17 23:28:26.045,106709.84,7e-05,7.469688799999999
2025-10-17 23:28:26.124,106709.84,0.00267,284.9152728
2025-10-17 23:28:26.684,106709.84,8e-05,8.536787200000001
2025-10-17 23:28:26.784,106709.84,8e-05,8.536787200000001
2025-10-17 23:28:26.835,106709.84,8e-05,8.536787200000001
2025-10-17 23:28:26.969,106709.84,8e-05,8.536787200000001
2025-10-17 23:28:27.367,106709.84,0.00017,18.1406728
2025-10-17 23:28:27.633,106709.84,9e-05,9.6038856
2025-10-17 23:28:27.813,106709.84,8e-05,8.536787200000001
2025-10-17 23:28:28.420,106709.84,8e-05,8.536787200000001
2025-10-17 23:28:28.425,106709.83,0.00032,34.1471456
2025-10-17 23:28:28.608,106709.84,8e-05,8.536787200000001
2025-10-17 23:28:28.752,106709.83,7e-05,7.469688099999999
2025-10-17 23:28:28.962,106709.84,0.0009,96.038856
2025-10-17 23:28:29.290,106709.83,5e-05,5.335491500000001
2025-10-17 23:28:29.357,106709.83,0.00015,16.0064745
2025-10-17 23:28:29.582,106709.84,8e-05,8.536787200000001
2025-10-17 23:28:29.999,106709.84,9e-05,9.6038856
2025-10-17 23:28:30.417,106709.84,0.0001,10.670984
2025-10-17 23:28:30.590,106709.83,0.05518,5888.2484194
2025-10-17 23:28:30.593,106709.83,0.56635,60435.11222050001
2025-10-17 23:28:30.707,106709.83,0.06904,7367.2466632000005
2025-10-17 23:28:31.325,106709.83,0.0002,21.341966000000003
2025-10-17 23:28:31.621,106709.84,8e-05,8.536787200000001
2025-10-17 23:28:31.650,106709.84,8e-05,8.536787200000001
2025-10-17 23:28:31.693,106709.84,8e-05,8.536787200000001
2025-10-17 23:28:32.254,106709.83,0.00468,499.4020044
2025-10-17 23:28:32.542,106709.84,7e-05,7.469688799999999
2025-10-17 23:28:32.751,106709.84,8e-05,8.536787200000001
2025-10-17 23:28:32.972,106709.84,8e-05,8.536787200000001
2025-10-17 23:28:33.336,106709.84,8e-05,8.536787200000001
2025-10-17 23:28:33.481,106709.84,0.002,213.41968
2025-10-17 23:28:33.660,106709.84,8e-05,8.536787200000001
2025-10-17 23:28:33.895,106709.84,0.00014,14.939377599999998
2025-10-17 23:28:34.086,106709.84,8e-05,8.536787200000001
2025-10-17 23:28:34.241,106709.83,0.012,1280.5179600000001
2025-10-17 23:28:34.431,106709.83,0.00086,91.7704538
2025-10-17 23:28:34.670,106709.83,0.00338,360.6792254
2025-10-17 23:28:34.939,106709.84,6e-05,6.4025904
2025-10-17 23:28:34.953,106709.83,0.56636,60436.1793188
2025-10-17 23:28:34.962,106709.83,0.0008,85.36786400000001
2025-10-17 23:28:35.071,106709.83,7e-05,7.469688099999999
2025-10-17 23:28:35.142,106709.84,0.01659,1770.3162456
2025-10-17 23:28:35.442,106709.83,5e-05,5.335491500000001
2025-10-17 23:28:35.691,106709.84,9e-05,9.6038856
2025-10-17 23:28:36.017,106709.83,0.00016,17.0735728
2025-10-17 23:28:36.034,106709.84,8e-05,8.536787200000001
2025-10-17 23:28:36.177,106709.83,0.00187,199.5473821
2025-10-17 23:28:36.207,106709.84,8e-05,8.536787200000001
2025-10-17 23:28:36.438,106709.83,9e-05,9.6038847
2025-10-17 23:28:36.531,106709.84,8e-05,8.536787200000001
2025-10-17 23:28:37.119,106709.83,0.00014,14.939376199999998
2025-10-17 23:28:37.439,106709.84,0.00023,24.5432632
2025-10-17 23:28:37.718,106709.83,0.00018,19.2077694
2025-10-17 23:28:37.926,106709.84,0.00047,50.153624799999996
2025-10-17 23:28:38.305,106709.84,9e-05,9.6038856
2025-10-17 23:28:38.364,106709.84,8e-05,8.536787200000001
2025-10-17 23:28:38.542,106709.84,8e-05,8.536787200000001
2025-10-17 23:28:38.883,106709.84,5e-05,5.335492
2025-10-17 23:28:38.896,106709.83,0.00022,23.476162600000002
2025-10-17 23:28:39.025,106709.84,0.00207,220.88936879999997
2025-10-17 23:28:39.143,106709.84,8e-05,8.536787200000001
2025-10-17 23:28:39.338,106709.83,0.00093,99.24014190000001
2025-10-17 23:28:39.512,106709.84,5e-05,5.335492
2025-10-17 23:28:39.522,106709.84,8e-05,8.536787200000001
2025-10-17 23:28:39.563,106709.84,8e-05,8.536787200000001
2025-10-17 23:28:39.907,106709.84,8e-05,8.536787200000001
2025-10-17 23:28:40.594,106709.83,0.06067,6474.0853861000005
2025-10-17 23:28:40.603,106709.83,0.00055,58.6904065
2025-10-17 23:28:40.717,106709.84,8e-05,8.536787200000001
2025-10-17 23:28:40.757,106709.84,0.00022,23.4761648
2025-10-17 23:28:41.237,106709.84,0.00345,368.14894799999996
2025-10-17 23:28:41.246,106709.84,8e-05,8.536787200000001
2025-10-17 23:28:41.341,106709.84,8e-05,8.536787200000001
2025-10-17 23:28:41.685,106709.84,0.00058,61.8917072
2025-10-17 23:28:42.112,106709.84,0.00094,100.30724959999999
2025-10-17 23:28:42.143,106709.84,8e-05,8.536787200000001
2025-10-17 23:28:42.346,106709.83,0.00022,23.476162600000002
2025-10-17 23:28:42.530,106709.83,0.013,1387.22779
2025-10-17 23:28:42.709,106709.84,8e-05,8.536787200000001
2025-10-17 23:28:42.921,106709.84,0.00045,48.019428
2025-10-17 23:28:43.088,106709.84,0.00014,14.939377599999998
2025-10-17 23:28:43.162,106709.83,0.00193,205.9499719
2025-10-17 23:28:43.256,106709.83,0.00139,148.3266637
2025-10-17 23:28:43.357,106709.84,0.00026,27.744558399999995
2025-10-17 23:28:44.444,106709.84,5e-05,5.335492
2025-10-17 23:28:44.449,106709.84,0.00187,199.5474008
2025-10-17 23:28:44.518,106709.83,5e-05,5.335491500000001
2025-10-17 23:28:44.558,106709.84,9e-05,9.6038856
2025-10-17 23:28:44.635,106709.84,8e-05,8.536787200000001
2025-10-17 23:28:45.194,106709.84,8e-05,8.536787200000001
2025-10-17 23:28:45.266,106709.84,8e-05,8.536787200000001
2025-10-17 23:28:45.617,106709.84,8e-05,8.536787200000001
2025-10-17 23:28:45.697,106709.84,8e-05,8.536787200000001
2025-10-17 23:28:45.708,106709.83,5e-05,5.335491500000001
2025-10-17 23:28:45.983,106709.84,7e-05,7.469688799999999
2025-10-17 23:28:45.987,106709.84,8e-05,8.536787200000001
2025-10-17 23:28:46.230,106709.84,8e-05,8.536787200000001
2025-10-17 23:28:46.308,106709.83,0.00014,14.939376199999998
2025-10-17 23:28:46.543,106709.84,8e-05,8.536787200000001
2025-10-17 23:28:46.815,106709.84,8e-05,8.536787200000001
2025-10-17 23:28:46.963,106709.84,8e-05,8.536787200000001
2025-10-17 23:28:47.496,106709.84,0.01107,1181.2779288
2025-10-17 23:28:47.509,106709.84,8e-05,8.536787200000001
2025-10-17 23:28:47.555,106709.84,9e-05,9.6038856
2025-10-17 23:28:47.661,106709.84,8e-05,8.536787200000001
2025-10-17 23:28:47.688,106709.84,8e-05,8.536787200000001
2025-10-17 23:28:47.857,106709.84,0.09371,9999.7791064
2025-10-17 23:28:48.605,106709.84,0.0041,437.51034400000003
2025-10-17 23:28:48.764,106709.83,0.00082,87.5020606
2025-10-17 23:28:48.901,106709.84,8e-05,8.536787200000001
2025-10-17 23:28:49.041,106709.84,8e-05,8.536787200000001
2025-10-17 23:28:49.207,106709.83,0.013,1387.22779
2025-10-17 23:28:49.432,106709.83,0.00021,22.4090643
2025-10-17 23:28:49.719,106709.84,8e-05,8.536787200000001
2025-10-17 23:28:49.760,106709.84,9e-05,9.6038856
2025-10-17 23:28:50.059,106709.83,0.013,1387.22779
2025-10-17 23:28:50.065,106709.83,0.00023,24.5432609
2025-10-17 23:28:50.301,106709.84,8e-05,8.536787200000001
2025-10-17 23:28:50.386,106709.84,0.00018,19.2077712
2025-10-17 23:28:50.482,106709.84,8e-05,8.536787200000001
2025-10-17 23:28:50.589,106709.83,0.07253,7739.6639699
2025-10-17 23:28:51.224,106709.84,8e-05,8.536787200000001
2025-10-17 23:28:51.645,106709.84,0.00014,14.939377599999998
2025-10-17 23:28:51.882,106709.84,0.00092,98.1730528
2025-10-17 23:28:52.052,106709.84,8e-05,8.536787200000001
2025-10-17 23:28:52.113,106709.84,8e-05,8.536787200000001
2025-10-17 23:28:52.557,106709.84,8e-05,8.536787200000001
2025-10-17 23:28:52.830,106709.84,8e-05,8.536787200000001
2025-10-17 23:28:53.047,106709.84,8e-05,8.536787200000001
2025-10-17 23:28:53.347,106709.84,0.0007,74.696888
2025-10-17 23:28:53.862,106709.84,0.00028,29.878755199999997
2025-10-17 23:28:54.299,106709.84,0.00061,65.09300239999999
2025-10-17 23:28:54.345,106709.84,7e-05,7.469688799999999
2025-10-17 23:28:54.542,106709.84,8e-05,8.536787200000001
2025-10-17 23:28:54.766,106709.83,0.00014,14.939376199999998
2025-10-17 23:28:55.547,106709.84,8e-05,8.536787200000001
2025-10-17 23:28:55.779,106709.83,0.01806,1927.1795298
2025-10-17 23:28:55.915,106709.84,9e-05,9.6038856
2025-10-17 23:28:55.969,106709.84,9e-05,9.6038856
2025-10-17 23:28:56.518,106709.84,0.00027,28.811656799999998
2025-10-17 23:28:56.616,106709.84,8e-05,8.536787200000001
2025-10-17 23:28:56.913,106709.84,8e-05,8.536787200000001
2025-10-17 23:28:57.024,106709.83,7e-05,7.469688099999999
2025-10-17 23:28:57.279,106709.84,8e-05,8.536787200000001
2025-10-17 23:28:57.487,106709.84,8e-05,8.536787200000001
2025-10-17 23:28:57.632,106709.84,8e-05,8.536787200000001
2025-10-17 23:28:58.141,106709.84,0.00373,398.02770319999996
2025-10-17 23:28:58.595,106709.84,8e-05,8.536787200000001
2025-10-17 23:28:58.896,106709.84,8e-05,8.536787200000001
2025-10-17 23:28:59.351,106709.84,8e-05,8.536787200000001
2025-10-17 23:28:59.386,106709.84,0.00937,999.8712008
2025-10-17 23:28:59.610,106709.83,0.00075,80.03237250000001
2025-10-17 23:28:59.780,106709.84,8e-05,8.536787200000001
2025-10-17 23:29:00.004,106709.84,8e-05,8.536787200000001
2025-10-17 23:29:00.067,106709.84,8e-05,8.536787200000001
2025-10-17 23:29:00.132,106709.84,0.00026,27.744558399999995
2025-10-17 23:29:00.257,106709.84,8e-05,8.536787200000001
2025-10-17 23:29:00.357,106709.84,8e-05,8.536787200000001
2025-10-17 23:29:00.529,106709.84,0.00017,18.1406728
2025-10-17 23:29:00.607,106709.83,0.05926,6323.6245258
2025-10-17 23:29:00.845,106709.84,7e-05,7.469688799999999
2025-10-17 23:29:01.249,106709.84,8e-05,8.536787200000001
2025-10-17 23:29:01.360,106709.83,0.01874,1999.7422142
2025-10-17 23:29:01.582,106709.83,6e-05,6.4025898
2025-10-17 23:29:01.584,106709.84,0.00014,14.939377599999998
2025-10-17 23:29:01.685,106709.84,8e-05,8.536787200000001
2025-10-17 23:29:02.917,106709.84,8e-05,8.536787200000001
2025-10-17 23:29:03.243,106709.84,0.01019,1087.3732696
2025-10-17 23:29:03.332,106709.83,8e-05,8.5367864
2025-10-17 23:29:03.389,106709.84,0.00056,59.757510399999994
2025-10-17 23:29:03.641,106709.83,0.00402,428.97351660000004
2025-10-17 23:29:03.686,106709.84,0.00032,34.147148800000004
2025-10-17 23:29:03.866,106709.84,8e-05,8.536787200000001
2025-10-17 23:29:04.492,106709.84,0.00016,17.073574400000002
2025-10-17 23:29:04.532,106709.84,0.00018,19.2077712
2025-10-17 23:29:04.544,106709.83,0.00017,18.140671100000002
2025-10-17 23:29:04.717,106709.84,8e-05,8.536787200000001
2025-10-17 23:29:04.972,106709.83,0.00014,14.939376199999998
2025-10-17 23:29:05.590,106709.83,0.06301,6723.7863883
2025-10-17 23:29:05.645,106709.84,8e-05,8.536787200000001
2025-10-17 23:29:05.812,106709.84,9e-05,9.6038856
2025-10-17 23:29:05.975,106709.83,0.0008,85.36786400000001
2025-10-17 23:29:06.530,106709.84,7e-05,7.469688799999999
2025-10-17 23:29:06.578,106709.83,8e-05,8.5367864
2025-10-17 23:29:06.626,106709.84,8e-05,8.536787200000001
2025-10-17 23:29:06.661,106709.84,9e-05,9.6038856
2025-10-17 23:29:06.721,106709.84,0.00043,45.8852312
2025-10-17 23:29:06.792,106709.83,0.00088,93.90465040000001
2025-10-17 23:29:07.108,106709.84,0.00018,19.2077712
2025-10-17 23:29:07.240,106709.84,8e-05,8.536787200000001
2025-10-17 23:29:07.926,106709.84,8e-05,8.536787200000001
2025-10-17 23:29:07.960,106709.84,8e-05,8.536787200000001
2025-10-17 23:29:08.034,106709.83,0.00047,50.1536201
2025-10-17 23:29:08.392,106709.84,0.00047,50.153624799999996
2025-10-17 23:29:08.496,106709.84,0.04685,4999.356004
2025-10-17 23:29:08.681,106709.84,0.02874,3066.8408016
2025-10-17 23:29:08.952,106709.84,0.00267,284.9152728
2025-10-17 23:29:09.245,106709.84,0.00014,14.939377599999998
2025-10-17 23:29:09.343,106709.83,0.0001,10.670983000000001
2025-10-17 23:29:09.369,106709.84,0.0003,32.012952
2025-10-17 23:29:09.770,106709.83,0.00015,16.0064745
2025-10-17 23:29:09.892,106709.84,0.00014,14.939377599999998
2025-10-17 23:29:10.301,106709.83,0.00271,289.18363930000004
2025-10-17 23:29:10.543,106709.84,8e-05,8.536787200000001
2025-10-17 23:29:10.613,106709.84,9e-05,9.6038856
2025-10-17 23:29:10.671,106709.83,0.00346,369.2160118
2025-10-17 23:29:11.052,106709.84,9e-05,9.6038856
2025-10-17 23:29:11.482,106709.83,0.00159,169.6686297
2025-10-17 23:29:11.690,106709.84,7e-05,7.469688799999999
2025-10-17 23:29:11.810,106709.84,0.0001,10.670984
2025-10-17 23:29:11.940,106709.83,0.00851,908.1006533000001
2025-10-17 23:29:12.159,106709.83,0.00438,467.3890554
2025-10-17 23:29:13.079,106709.84,5e-05,5.335492
2025-10-17 23:29:13.140,106709.84,7e-05,7.469688799999999
2025-10-17 23:29:13.403,106709.84,8e-05,8.536787200000001
2025-10-17 23:29:13.685,106709.84,9e-05,9.6038856
2025-10-17 23:29:13.959,106709.83,0.01252,1336.0070716
2025-10-17 23:29:14.018,106709.83,0.03784,4037.8999672
2025-10-17 23:29:14.255,106709.84,0.00468,499.4020512
2025-10-17 23:29:14.791,106709.83,0.00014,14.939376199999998
2025-10-17 23:29:14.820,106709.83,0.0061,650.929963
2025-10-17 23:29:14.853,106709.84,8e-05,8.536787200000001
2025-10-17 23:29:14.899,106709.84,8e-05,8.536787200000001
2025-10-17 23:29:15.386,106709.84,0.00024,25.6103616
2025-10-17 23:29:15.586,106709.83,0.05342,5700.4391186
2025-10-17 23:29:15.600,106709.84,8e-05,8.536787200000001
2025-10-17 23:29:15.819,106709.84,5e-05,5.335492
2025-10-17 23:29:15.998,106709.84,0.00045,48.019428
2025-10-17 23:29:16.045,106709.83,0.00375,400.1618625
2025-10-17 23:29:16.274,106709.84,8e-05,8.536787200000001
2025-10-17 23:29:16.976,106709.84,8e-05,8.536787200000001
2025-10-17 23:29:17.710,106706.77,0.00015,16.0060155
2025-10-17 23:29:17.712,106702.6,0.01482,1581.3325320000001
2025-10-17 23:29:17.713,106699.52,0.00858,915.4818816000002
2025-10-17 23:29:17.714,106698.94,0.04,4267.9576
2025-10-17 23:29:17.715,106698.13,0.00069,73.6217097
2025-10-17 23:29:17.716,106692.3,0.07829,8352.940167
2025-10-17 23:29:17.721,106688.0,0.0028,298.7264
2025-10-17 23:29:17.723,106683.98,0.00658,701.9805884
2025-10-17 23:29:17.724,106682.0,0.0028,298.7096
2025-10-17 23:29:17.727,106664.06,0.00056,59.73187359999999
2025-10-17 23:29:17.737,106668.26,0.014,1493.35564
2025-10-17 23:29:17.741,106669.94,6e-05,6.4001964000000005
2025-10-17 23:29:17.750,106668.26,0.013,1386.6873799999998
2025-10-17 23:29:17.758,106669.9,0.0013,138.67086999999998
2025-10-17 23:29:17.763,106668.26,0.013,1386.6873799999998
2025-10-17 23:29:17.786,106668.0,0.01367,1458.15156
2025-10-17 23:29:17.788,106668.27,0.00093,99.20149110000001
2025-10-17 23:29:17.795,106668.0,0.00937,999.47916
2025-10-17 23:29:17.854,106668.27,6e-05,6.4000962
2025-10-17 23:29:17.856,106668.27,6e-05,6.4000962
2025-10-17 23:29:18.234,106668.26,0.02082,2220.8331732
2025-10-17 23:29:18.235,106668.26,0.00233,248.5370458
2025-10-17 23:29:18.236,106668.26,0.0154,1642.691204
2025-10-17 23:29:18.237,106668.26,0.00016,17.0669216
2025-10-17 23:29:18.238,106668.26,0.05153,5496.6154378
2025-10-17 23:29:18.241,106668.26,0.044,4693.403439999999
2025-10-17 23:29:18.242,106668.26,0.011,1173.3508599999998
2025-10-17 23:29:18.251,106668.27,5e-05,5.333413500000001
2025-10-17 23:29:18.286,106668.26,6e-05,6.4000956
2025-10-17 23:29:18.333,106668.26,0.00083,88.5346558
2025-10-17 23:29:18.414,106668.27,8e-05,8.5334616
2025-10-17 23:29:18.572,106668.27,0.00854,910.9470258000001
2025-10-17 23:29:18.596,106668.27,8e-05,8.5334616
2025-10-17 23:29:18.777,106668.27,8e-05,8.5334616
2025-10-17 23:29:18.781,106668.26,0.02402,2562.1716051999997
2025-10-17 23:29:18.787,106667.45,9e-05,9.600070500000001
2025-10-17 23:29:18.794,106667.44,0.00292,311.46892479999997
2025-10-17 23:29:18.795,106662.8,5e-05,5.33314
2025-10-17 23:29:18.797,106661.0,0.00015,15.999149999999998
2025-10-17 23:29:18.798,106660.96,0.013,1386.59248
2025-10-17 23:29:18.799,106657.59,0.00052,55.46194679999999
2025-10-17 23:29:18.895,106657.6,7e-05,7.466031999999999
2025-10-17 23:29:18.955,106657.59,0.00199,212.2486041
2025-10-17 23:29:18.977,106657.6,0.00047,50.129072
2025-10-17 23:29:19.106,106657.6,0.0001,10.66576
2025-10-17 23:29:19.136,106657.6,9e-05,9.599184000000001
2025-10-17 23:29:19.478,106657.6,0.00151,161.052976
2025-10-17 23:29:19.560,106657.6,8e-05,8.532608000000002
2025-10-17 23:29:19.765,106657.6,8e-05,8.532608000000002
2025-10-17 23:29:19.810,106657.6,0.23439,24999.474864
2025-10-17 23:29:20.106,106657.6,8e-05,8.532608000000002
2025-10-17 23:29:20.440,106657.6,7e-05,7.466031999999999
2025-10-17 23:29:20.596,106657.59,0.05419,5779.7748021
2025-10-17 23:29:21.185,106657.6,0.00043,45.862768
2025-10-17 23:29:21.361,106657.59,0.18742,19989.7655178
2025-10-17 23:29:21.720,106657.59,0.01,1066.5759
2025-10-17 23:29:21.850,106657.6,8e-05,8.532608000000002
2025-10-17 23:29:22.532,106657.6,0.00018,19.198368000000002
2025-10-17 23:29:22.797,106657.59,0.00279,297.5746761
2025-10-17 23:29:23.041,106657.6,8e-05,8.532608000000002
2025-10-17 23:29:23.433,106657.59,0.00044,46.9293396
2025-10-17 23:29:23.574,106657.6,8e-05,8.532608000000002
2025-10-17 23:29:24.075,106657.59,0.01305,1391.8815495000001
2025-10-17 23:29:24.179,106657.6,0.00044,46.92934400000001
2025-10-17 23:29:24.311,106657.6,8e-05,8.532608000000002
2025-10-17 23:29:24.556,106657.6,0.00048,51.195648000000006
2025-10-17 23:29:25.306,106657.6,0.00018,19.198368000000002
2025-10-17 23:29:25.331,106657.6,0.0001,10.66576
2025-10-17 23:29:25.387,106657.6,9e-05,9.599184000000001
2025-10-17 23:29:25.567,106657.59,9e-05,9.5991831
2025-10-17 23:29:25.785,106657.6,9e-05,9.599184000000001
2025-10-17 23:29:25.839,106657.6,8e-05,8.532608000000002
2025-10-17 23:29:26.372,106657.6,8e-05,8.532608000000002
2025-10-17 23:29:26.489,106657.6,8e-05,8.532608000000002
2025-10-17 23:29:27.214,106657.6,8e-05,8.532608000000002
2025-10-17 23:29:27.313,106657.59,0.00614,654.8776025999999
2025-10-17 23:29:27.320,106657.59,0.00893,952.4522787
2025-10-17 23:29:27.490,106657.58,0.00187,199.44967459999998
2025-10-17 23:29:27.491,106657.58,0.00132,140.7880056
2025-10-17 23:29:27.533,106657.57,0.00025,26.6643925
2025-10-17 23:29:27.545,106657.53,0.00369,393.56628570000004
2025-10-17 23:29:27.603,106657.54,9e-05,9.5991786
2025-10-17 23:29:27.908,106657.54,0.00014,14.932055599999998
2025-10-17 23:29:27.985,106657.54,8e-05,8.5326032
2025-10-17 23:29:28.301,106657.54,7e-05,7.466027799999999
2025-10-17 23:29:28.578,106657.54,8e-05,8.5326032
2025-10-17 23:29:29.030,106657.53,0.013,1386.5478899999998
2025-10-17 23:29:29.031,106657.51,0.00015,15.998626499999999
2025-10-17 23:29:29.036,106657.28,0.0074,789.263872
2025-10-17 23:29:29.161,106657.29,8e-05,8.5325832
2025-10-17 23:29:29.162,106657.29,8e-05,8.5325832
2025-10-17 23:29:29.311,106657.29,8e-05,8.5325832
2025-10-17 23:29:29.619,106657.28,0.00026,27.730892799999996
2025-10-17 23:29:29.863,106657.29,8e-05,8.5325832
2025-10-17 23:29:29.864,106657.28,0.00228,243.1785984
2025-10-17 23:29:30.025,106657.27,0.0015,159.985905
2025-10-17 23:29:30.070,106657.28,0.00025,26.66432
2025-10-17 23:29:30.143,106657.26,0.0011,117.322986
2025-10-17 23:29:30.232,106657.26,0.00418,445.82734679999993
2025-10-17 23:29:30.257,106657.26,8e-05,8.5325808
2025-10-17 23:29:30.588,106655.34,0.01733,1848.3370422
2025-10-17 23:29:30.960,106655.35,8e-05,8.532428000000001
2025-10-17 23:29:31.127,106655.35,8e-05,8.532428000000001
2025-10-17 23:29:31.292,106655.35,8e-05,8.532428000000001
2025-10-17 23:29:31.509,106655.35,0.00639,681.5276865000001
2025-10-17 23:29:31.662,106655.34,0.00423,451.15208820000004
2025-10-17 23:29:32.287,106655.35,8e-05,8.532428000000001
2025-10-17 23:29:32.341,106655.35,8e-05,8.532428000000001
2025-10-17 23:29:32.376,106655.35,0.00469,500.2135915
2025-10-17 23:29:32.513,106655.35,0.00052,55.460781999999995
2025-10-17 23:29:32.671,106655.35,8e-05,8.532428000000001
2025-10-17 23:29:32.851,106655.34,0.013,1386.5194199999999
2025-10-17 23:29:32.852,106655.34,0.013,1386.5194199999999
2025-10-17 23:29:32.910,106655.34,0.30265,32279.238650999996
2025-10-17 23:29:32.925,106655.34,0.0067,714.590778
2025-10-17 23:29:32.935,106655.34,0.023,2453.07282
2025-10-17 23:29:32.952,106655.34,0.0509,5428.756806
2025-10-17 23:29:32.986,106655.34,0.0664,7081.914576
2025-10-17 23:29:33.021,106655.34,0.0001,10.665534000000001
2025-10-17 23:29:33.080,106655.34,0.15919,16978.4635746
2025-10-17 23:29:33.115,106655.34,0.08058,8594.2872972
2025-10-17 23:29:33.157,106655.34,0.09028,9628.8440952
2025-10-17 23:29:33.193,106655.34,0.09022,9622.444774799998
2025-10-17 23:29:33.226,106655.34,0.0001,10.665534000000001
2025-10-17 23:29:33.227,106655.34,0.30404,32427.489573599996
2025-10-17 23:29:33.228,106655.34,0.00949,1012.1591766
2025-10-17 23:29:33.230,106655.34,0.17003,18134.607460199997
2025-10-17 23:29:33.231,106655.34,0.0238,2538.397092
2025-10-17 23:29:33.286,106655.34,0.00726,774.3177684
2025-10-17 23:29:33.287,106655.34,0.15225,16238.275515
2025-10-17 23:29:33.293,106655.34,0.00981,1046.2888853999998
2025-10-17 23:29:33.300,106655.34,0.0114,1215.870876
2025-10-17 23:29:33.307,106655.34,0.00928,989.7615552
2025-10-17 23:29:33.313,106655.34,0.00724,772.1846615999999
2025-10-17 23:29:33.321,106655.34,0.00842,898.0379628000001
2025-10-17 23:29:33.328,106655.34,0.00735,783.916749
2025-10-17 23:29:33.350,106655.34,0.0281,2997.015054
2025-10-17 23:29:33.352,106655.34,0.09289,9907.214532599999
2025-10-17 23:29:33.358,106655.34,0.0119,1269.198546
2025-10-17 23:29:33.389,106655.35,0.01213,1293.7293955
2025-10-17 23:29:33.390,106654.0,0.0028,298.6312
2025-10-17 23:29:33.392,106653.69,0.0003,31.996107
2025-10-17 23:29:33.396,106653.08,0.13,13864.9004
2025-10-17 23:29:33.482,106653.08,9e-05,9.5987772
2025-10-17 23:29:33.483,106653.07,0.00197,210.1065479
2025-10-17 23:29:33.485,106652.17,6e-05,6.3991302
2025-10-17 23:29:33.493,106650.0,2e-05,2.133
2025-10-17 23:29:33.495,106650.01,8e-05,8.5320008
2025-10-17 23:29:33.529,106648.79,6e-05,6.3989274
2025-10-17 23:29:33.538,106648.58,0.00225,239.95930499999997
2025-10-17 23:29:33.572,106648.0,0.00395,421.25960000000003
2025-10-17 23:29:33.644,106647.71,0.00095,101.3153245
2025-10-17 23:29:33.652,106647.53,5e-05,5.3323765000000005
2025-10-17 23:29:33.684,106646.59,5e-05,5.3323295
2025-10-17 23:29:33.726,106646.0,0.00284,302.87464
2025-10-17 23:29:33.740,106645.99,0.00205,218.62427950000003
2025-10-17 23:29:33.752,106645.7,0.00327,348.73143899999997
2025-10-17 23:29:33.786,106645.7,6e-05,6.398742
2025-10-17 23:29:33.804,106645.69,0.00204,217.55720760000003
2025-10-17 23:29:33.806,106644.92,5e-05,5.3322460000000005
2025-10-17 23:29:33.807,106644.73,0.00099,105.57828269999999
2025-10-17 23:29:33.985,106644.69,0.00196,209.02359239999998
2025-10-17 23:29:34.089,106644.68,0.00116,123.70782879999999
2025-10-17 23:29:34.107,106644.68,0.00116,123.70782879999999
2025-10-17 23:29:34.487,106644.69,7e-05,7.4651283
2025-10-17 23:29:34.594,106634.77,0.00013,13.8625201
2025-10-17 23:29:34.597,106632.3,6e-05,6.397938
2025-10-17 23:29:34.669,106632.3,0.00187,199.402401
2025-10-17 23:29:34.715,106632.31,9e-05,9.5969079
2025-10-17 23:29:35.048,106632.31,8e-05,8.5305848
2025-10-17 23:29:35.085,106632.31,0.02896,3088.0716976
2025-10-17 23:29:35.117,106632.31,0.0298,3177.6428379999998
2025-10-17 23:29:35.198,106632.31,0.03003,3202.1682693000002
2025-10-17 23:29:35.266,106632.31,0.03008,3207.4998848
2025-10-17 23:29:35.310,106632.31,8e-05,8.5305848
2025-10-17 23:29:35.315,106632.31,0.01434,1529.1073254
2025-10-17 23:29:35.483,106632.31,8e-05,8.5305848
2025-10-17 23:29:35.561,106632.31,8e-05,8.5305848
2025-10-17 23:29:35.608,106632.31,8e-05,8.5305848
2025-10-17 23:29:35.912,106632.31,0.00014,14.928523399999998
2025-10-17 23:29:35.960,106632.31,0.00222,236.7237282
2025-10-17 23:29:35.967,106632.31,0.00096,102.3670176
2025-10-17 23:29:36.429,106632.3,0.04995,5326.283385000001
2025-10-17 23:29:36.710,106632.31,0.00036,38.3876316
2025-10-17 23:29:36.788,106632.3,0.0008,85.30584
2025-10-17 23:29:36.937,106632.31,6e-05,6.3979386
2025-10-17 23:29:37.091,106632.31,0.17921,19109.5762751
2025-10-17 23:29:37.390,106632.31,8e-05,8.5305848
2025-10-17 23:29:37.660,106632.31,7e-05,7.464261699999999
2025-10-17 23:29:37.720,106632.3,0.0038,405.20274
2025-10-17 23:29:37.723,106632.31,0.00048,51.1835088
2025-10-17 23:29:38.049,106632.31,0.001,106.63231
2025-10-17 23:29:38.196,106632.31,0.00995,1060.9914845
2025-10-17 23:29:38.501,106632.3,0.00047,50.117181
2025-10-17 23:29:38.837,106632.31,8e-05,8.5305848
2025-10-17 23:29:39.065,106632.31,8e-05,8.5305848
2025-10-17 23:29:39.872,106632.3,0.00014,14.928522
2025-10-17 23:29:39.967,106632.31,8e-05,8.5305848
2025-10-17 23:29:40.243,106632.3,0.00017,18.127491000000003
2025-10-17 23:29:40.595,106632.3,0.05209,5554.476507
2025-10-17 23:29:41.098,106632.31,9e-05,9.5969079
2025-10-17 23:29:41.247,106632.31,0.0004,42.652924
2025-10-17 23:29:41.310,106632.3,0.18742,19985.025666
2025-10-17 23:29:41.313,106631.99,0.0001,10.663199
2025-10-17 23:29:41.314,106623.47,0.00041,43.7156227
2025-10-17 23:29:41.320,106621.4,0.1673,17837.76022
2025-10-17 23:29:41.333,106621.4,0.00938,1000.1087319999999
2025-10-17 23:29:41.432,106621.41,8e-05,8.5297128
2025-10-17 23:29:41.499,106621.41,8e-05,8.5297128
2025-10-17 23:29:41.548,106621.4,0.16148,17217.223672
2025-10-17 23:29:41.550,106621.4,0.0004,42.648559999999996
2025-10-17 23:29:41.564,106621.4,0.24186,25787.451803999997
2025-10-17 23:29:41.566,106621.4,0.0027,287.87778
2025-10-17 23:29:41.580,106620.68,0.00171,182.32136279999997
2025-10-17 23:29:41.594,106620.0,0.02245,2393.619
2025-10-17 23:29:41.616,106620.0,0.00157,167.3934
2025-10-17 23:29:41.970,106619.42,0.00186,198.3121212
2025-10-17 23:29:42.351,106619.43,8e-05,8.5295544
2025-10-17 23:29:42.843,106619.42,0.00017,18.1253014
2025-10-17 23:29:43.031,106619.42,0.02824,3010.9324208000003
2025-10-17 23:29:43.192,106619.05,0.00072,76.76571600000001
2025-10-17 23:29:43.194,106618.82,0.0001,10.661882000000002
2025-10-17 23:29:43.200,106618.5,0.00242,258.01677
2025-10-17 23:29:43.201,106615.57,0.00029,30.918515300000003
2025-10-17 23:29:43.238,106616.01,0.00093,99.1528893
2025-10-17 23:29:43.546,106616.01,8e-05,8.5292808
2025-10-17 23:29:43.815,106616.0,0.00472,503.22752
2025-10-17 23:29:43.825,106616.01,0.00023,24.5216823
2025-10-17 23:29:43.838,106616.01,8e-05,8.5292808
2025-10-17 23:29:43.868,106616.01,8e-05,8.5292808
2025-10-17 23:29:44.015,106616.01,8e-05,8.5292808
2025-10-17 23:29:44.250,106616.0,0.013,1386.008
2025-10-17 23:29:44.251,106615.98,0.0001,10.661598
2025-10-17 23:29:44.258,106613.41,0.003,319.84023
2025-10-17 23:29:44.261,106613.41,0.013,1385.97433
2025-10-17 23:29:44.357,106612.68,0.0028,298.51550399999996
2025-10-17 23:29:44.415,106612.68,0.00208,221.75437439999996
2025-10-17 23:29:44.517,106612.67,0.00226,240.94463419999997
2025-10-17 23:29:44.553,106612.67,0.00581,619.4196127
2025-10-17 23:29:44.555,106612.66,0.00216,230.28334560000002
2025-10-17 23:29:44.609,106612.06,0.00166,176.9760196
2025-10-17 23:29:44.815,106612.06,8e-05,8.5289648
2025-10-17 23:29:45.191,106612.06,0.00045,47.975426999999996
2025-10-17 23:29:45.254,106612.06,8e-05,8.5289648
2025-10-17 23:29:45.483,106612.05,0.0038,405.12579
2025-10-17 23:29:45.559,106612.06,0.00014,14.925688399999999
2025-10-17 23:29:45.560,106612.05,0.00183,195.1000515
2025-10-17 23:29:45.600,106612.05,0.00028,29.851374
2025-10-17 23:29:45.619,106612.05,0.0025,266.530125
2025-10-17 23:29:45.768,106611.52,5e-05,5.330576000000001
2025-10-17 23:29:45.806,106611.01,0.00015,15.991651499999998
2025-10-17 23:29:46.058,106611.01,8e-05,8.5288808
2025-10-17 23:29:46.265,106610.78,0.0001,10.661078
2025-10-17 23:29:46.267,106610.16,0.00139,148.1881224
2025-10-17 23:29:46.310,106607.28,0.0001,10.660728
2025-10-17 23:29:46.313,106604.99,0.05974,6368.5821026
2025-10-17 23:29:46.453,106604.99,0.00045,47.9722455
2025-10-17 23:29:46.577,106604.98,7e-05,7.462348599999999
2025-10-17 23:29:46.683,106604.99,8e-05,8.5283992
2025-10-17 23:29:46.815,106604.98,0.00458,488.2508084
2025-10-17 23:29:46.849,106601.74,0.00104,110.86580959999999
2025-10-17 23:29:46.878,106599.35,0.00013,13.857915499999999
2025-10-17 23:29:47.012,106599.35,0.00692,737.667502
2025-10-17 23:29:47.133,106599.35,8e-05,8.527948
2025-10-17 23:29:47.420,106599.35,0.00082,87.411467
2025-10-17 23:29:47.511,106599.35,0.0024,255.83844
2025-10-17 23:29:48.252,106599.35,8e-05,8.527948
2025-10-17 23:29:48.488,106599.35,0.00093,99.13739550000001
2025-10-17 23:29:48.824,106599.35,8e-05,8.527948
2025-10-17 23:29:48.847,106599.35,0.00052,55.431661999999996
2025-10-17 23:29:49.005,106599.34,0.19716,21017.1258744
2025-10-17 23:29:49.039,106599.34,0.02936,3129.7566224
2025-10-17 23:29:49.041,106599.34,0.02701,2879.2481734
2025-10-17 23:29:49.083,106599.34,0.04363,4650.9292042
2025-10-17 23:29:49.085,106599.34,0.00047,50.101689799999996
2025-10-17 23:29:49.115,106599.34,0.05602,5971.6950268
2025-10-17 23:29:49.215,106599.34,0.01967,2096.8090177999998
2025-10-17 23:29:49.246,106599.34,0.02747,2928.2838698
2025-10-17 23:29:49.247,106599.34,0.02517,2683.1053878000002
2025-10-17 23:29:49.277,106598.31,0.00082,87.4106142
2025-10-17 23:29:49.279,106597.1,0.00022,23.451362000000003
2025-10-17 23:29:49.316,106597.1,8e-05,8.527768000000002
2025-10-17 23:29:49.327,106597.09,0.23576,25131.3299384
2025-10-17 23:29:49.415,106597.09,0.20859,22235.087003099998
2025-10-17 23:29:49.429,106597.09,0.00014,14.923592599999997
2025-10-17 23:29:49.465,106597.09,0.12002,12793.7827418
2025-10-17 23:29:49.494,106597.09,0.00375,399.7390875
2025-10-17 23:29:49.495,106597.09,0.07092,7559.865622799999
2025-10-17 23:29:49.742,106597.09,7e-05,7.461796299999999
2025-10-17 23:29:49.743,106597.09,0.23555,25108.9445495
2025-10-17 23:29:49.790,106597.09,0.12273,13082.6608557
2025-10-17 23:29:49.822,106597.09,0.07626,8129.094083399999
2025-10-17 23:29:49.945,106597.09,0.00091,97.0033519
2025-10-17 23:29:50.083,106597.09,0.26662,28420.916135800002
2025-10-17 23:29:50.117,106597.09,0.07362,7847.6777658
2025-10-17 23:29:50.152,106597.09,0.08321,8869.9438589
2025-10-17 23:29:50.195,106597.09,0.10217,10891.024685299999
2025-10-17 23:29:50.229,106597.09,0.082,8740.96138
2025-10-17 23:29:50.264,106597.1,0.00176,187.61089600000003
2025-10-17 23:29:50.266,106597.09,0.08588,9154.5580892
2025-10-17 23:29:50.308,106597.09,0.10168,10838.7921112
2025-10-17 23:29:50.345,106597.09,0.07834,8350.8160306
2025-10-17 23:29:50.377,106597.09,0.07296,7777.323686399999
2025-10-17 23:29:50.389,106597.1,0.00242,257.964982
2025-10-17 23:29:50.410,106597.09,0.08206,8747.3572054
2025-10-17 23:29:50.432,106597.09,0.013,1385.76217
2025-10-17 23:29:50.436,106597.09,0.013,1385.76217
2025-10-17 23:29:50.446,106597.09,0.013,1385.76217
2025-10-17 23:29:50.447,106597.1,9e-05,9.593739000000001
2025-10-17 23:29:50.448,106597.09,0.08117,8652.485795300001
2025-10-17 23:29:50.495,106597.09,0.09738,10380.424624199999
2025-10-17 23:29:50.594,106597.09,0.06299,6714.5506991
2025-10-17 23:29:50.607,106597.09,0.23648,25208.079843199997
2025-10-17 23:29:50.665,106597.09,0.13619,14517.4576871
2025-10-17 23:29:50.715,106597.09,0.11692,12463.331762799999
2025-10-17 23:29:50.769,106597.09,0.12668,13503.719361199997
2025-10-17 23:29:50.815,106597.09,0.11098,11830.1450482
2025-10-17 23:29:50.867,106597.09,0.11935,12722.362691499999
2025-10-17 23:29:50.918,106597.1,0.00938,999.880798
2025-10-17 23:29:50.930,106597.1,0.00018,19.187478000000002
2025-10-17 23:29:50.950,106597.1,0.00046,49.034666
2025-10-17 23:29:50.953,106597.09,0.20301,21640.2752409
2025-10-17 23:29:50.995,106597.09,0.10461,11151.121584899998
2025-10-17 23:29:51.046,106597.1,8e-05,8.527768000000002
2025-10-17 23:29:51.163,106597.1,8e-05,8.527768000000002
2025-10-17 23:29:51.818,106597.1,8e-05,8.527768000000002
2025-10-17 23:29:52.054,106597.1,0.00186,198.27060600000002
2025-10-17 23:29:52.353,106597.1,9e-05,9.593739000000001
2025-10-17 23:29:52.421,106597.09,0.01111,1184.2936699
2025-10-17 23:29:52.422,106597.09,0.0035,373.089815
2025-10-17 23:29:52.424,106595.99,0.0001,10.659599000000002
2025-10-17 23:29:52.425,106593.92,0.0021,223.847232
2025-10-17 23:29:52.427,106593.92,0.0007,74.61574399999999
2025-10-17 23:29:52.429,106590.51,0.00015,15.988576499999997
2025-10-17 23:29:52.432,106590.0,0.00203,216.3777
2025-10-17 23:29:52.433,106588.87,5e-05,5.3294435
2025-10-17 23:29:52.598,106588.01,0.01122,1195.9174722
2025-10-17 23:29:52.769,106588.01,9e-05,9.5929209
2025-10-17 23:29:52.868,106588.01,8e-05,8.5270408
2025-10-17 23:29:52.961,106588.01,0.00016,17.0540816
2025-10-17 23:29:53.069,106588.01,0.00047,50.096364699999995
2025-10-17 23:29:53.200,106588.0,0.007,746.116
2025-10-17 23:29:53.209,106588.0,0.00582,620.3421599999999
2025-10-17 23:29:53.284,106588.01,0.00072,76.7433672
2025-10-17 23:29:53.563,106588.0,0.00684,729.06192
2025-10-17 23:29:53.619,106588.0,0.28596,30479.904479999997
2025-10-17 23:29:53.635,106588.0,0.00938,999.79544
2025-10-17 23:29:53.648,106588.0,0.07749,8259.50412
2025-10-17 23:29:53.682,106588.0,0.04463,4757.022440000001
2025-10-17 23:29:53.714,106588.0,0.05326,5676.87688
2025-10-17 23:29:53.715,106588.0,0.00932,993.40016
2025-10-17 23:29:53.734,106588.0,0.0038,405.0344
2025-10-17 23:29:53.815,106588.0,0.00847,902.80036
2025-10-17 23:29:53.851,106588.0,0.01031,1098.92228
2025-10-17 23:29:53.863,106588.0,0.013,1385.644
2025-10-17 23:29:53.864,106588.0,0.013,1385.644
2025-10-17 23:29:53.896,106587.7,5e-05,5.329385
2025-10-17 23:29:53.898,106587.43,0.02022,2155.1978345999996
2025-10-17 23:29:54.004,106586.0,0.0028,298.4408
2025-10-17 23:29:54.040,106584.06,0.00093,99.1231758
2025-10-17 23:29:54.212,106584.06,0.00059,62.8845954
2025-10-17 23:29:54.314,106584.06,8e-05,8.5267248
2025-10-17 23:29:54.395,106584.06,0.00012,12.7900872
2025-10-17 23:29:54.537,106584.06,0.00101,107.64990060000001
2025-10-17 23:29:55.312,106584.05,0.0046,490.28663
2025-10-17 23:29:56.113,106584.06,0.00136,144.95432160000001
2025-10-17 23:29:56.169,106584.06,8e-05,8.5267248
2025-10-17 23:29:56.227,106584.06,0.00139,148.1518434
2025-10-17 23:29:56.263,106584.06,0.00509,542.5128654
2025-10-17 23:29:56.265,106584.06,0.00438,466.8381828
2025-10-17 23:29:56.406,106584.06,7e-05,7.460884199999999
2025-10-17 23:29:56.729,106584.05,0.0008,85.26724
2025-10-17 23:29:56.900,106584.06,0.05444,5802.4362264
2025-10-17 23:29:56.936,106584.06,0.03629,3867.9355374
2025-10-17 23:29:56.966,106587.0,5e-05,5.329350000000001
2025-10-17 23:29:57.451,106593.96,0.00015,15.989094
2025-10-17 23:29:58.148,106593.96,0.47091,50196.1617036
2025-10-17 23:29:58.639,106593.97,0.0024,255.825528
2025-10-17 23:29:58.826,106593.96,9e-05,9.5934564
2025-10-17 23:29:58.864,106593.97,0.0001,10.659397
2025-10-17 23:29:59.006,106593.97,0.00047,50.099165899999996
2025-10-17 23:29:59.722,106593.97,8e-05,8.527517600000001
2025-10-17 23:30:00.271,106593.97,0.0469,4999.2571929999995
2025-10-17 23:30:00.316,106593.97,0.37525,39999.3872425
2025-10-17 23:30:00.462,106593.97,6e-05,6.3956382000000005
2025-10-17 23:30:00.737,106593.96,0.05818,6201.6365928000005
2025-10-17 23:30:00.890,106593.97,6e-05,6.3956382000000005
2025-10-17 23:30:01.134,106593.96,8e-05,8.5275168
2025-10-17 23:30:01.429,106593.97,0.00047,50.099165899999996
2025-10-17 23:30:01.462,106593.97,0.00046,49.0332262
2025-10-17 23:30:01.500,106593.96,0.00051,54.362919600000005
2025-10-17 23:30:01.717,106593.97,0.00588,626.7725436
2025-10-17 23:30:01.762,106593.97,0.00057,60.7585629
2025-10-17 23:30:01.965,106593.97,0.00532,567.0799204
2025-10-17 23:30:02.522,106593.97,8e-05,8.527517600000001
2025-10-17 23:30:02.548,106593.96,1.03752,110593.36537920001
2025-10-17 23:30:02.733,106593.97,8e-05,8.527517600000001
2025-10-17 23:30:02.779,106593.96,0.00035,37.307886
2025-10-17 23:30:02.904,106593.97,0.0016,170.550352
2025-10-17 23:30:02.976,106593.97,8e-05,8.527517600000001
2025-10-17 23:30:03.021,106593.97,0.0016,170.550352
2025-10-17 23:30:03.584,106593.97,7e-05,7.461577899999999
2025-10-17 23:30:03.769,106593.96,0.013,1385.72148
2025-10-17 23:30:03.782,106593.97,0.00093,99.1323921
2025-10-17 23:30:03.801,106593.96,8e-05,8.5275168
2025-10-17 23:30:03.935,106593.96,8e-05,8.5275168
2025-10-17 23:30:04.307,106593.97,0.41919,44683.1262843
2025-10-17 23:30:04.586,106593.97,0.00938,999.8514385999999
2025-10-17 23:30:04.646,106593.97,0.00025,26.6484925
2025-10-17 23:30:04.780,106593.96,0.00036,38.3738256
2025-10-17 23:30:04.933,106593.97,0.00026,27.714432199999997
2025-10-17 23:30:05.401,106593.96,0.00016,17.0550336
2025-10-17 23:30:05.424,106593.97,0.00028,29.846311599999996
2025-10-17 23:30:05.621,106593.97,0.00358,381.6064126
2025-10-17 23:30:05.744,106593.96,7e-05,7.4615772
2025-10-17 23:30:06.170,106593.96,7e-05,7.4615772
2025-10-17 23:30:06.344,106593.97,0.00094,100.19833179999999
2025-10-17 23:30:06.462,106593.97,0.00013,13.857216099999999
2025-10-17 23:30:06.596,106593.96,0.00959,1022.2360764
2025-10-17 23:30:06.605,106593.97,0.0001,10.659397
2025-10-17 23:30:06.659,106593.96,7e-05,7.4615772
2025-10-17 23:30:06.662,106593.96,0.00629,670.4760084
2025-10-17 23:30:06.817,106593.96,7e-05,7.4615772
2025-10-17 23:30:08.437,106593.96,0.00792,844.2241632
2025-10-17 23:30:09.175,106593.96,0.00015,15.989094
2025-10-17 23:30:09.241,106593.97,0.00202,215.3198194
2025-10-17 23:30:09.634,106593.96,8e-05,8.5275168
2025-10-17 23:30:09.773,106593.96,7e-05,7.4615772
2025-10-17 23:30:09.860,106593.97,0.00012,12.791276400000001
2025-10-17 23:30:09.929,106593.96,0.0003,31.978188
2025-10-17 23:30:10.604,106593.96,6e-05,6.395637600000001
2025-10-17 23:30:10.724,106593.96,0.06745,7189.762602
2025-10-17 23:30:11.576,106593.96,0.00011,11.725335600000001
2025-10-17 23:30:11.612,106593.97,8e-05,8.527517600000001
2025-10-17 23:30:11.779,106593.97,0.04905,5228.4342285
2025-10-17 23:30:11.938,106593.97,4e-05,4.263758800000001
2025-10-17 23:30:12.416,106593.96,0.00044,46.901342400000004
2025-10-17 23:30:13.023,106593.97,0.00024,25.582552800000002
2025-10-17 23:30:13.056,106593.96,8e-05,8.5275168
2025-10-17 23:30:13.219,106593.96,0.00831,885.7958076
2025-10-17 23:30:13.492,106593.96,0.00016,17.0550336
2025-10-17 23:30:13.507,106593.96,8e-05,8.5275168
2025-10-17 23:30:13.991,106593.96,0.00111,118.31929560000002
2025-10-17 23:30:14.009,106593.97,8e-05,8.527517600000001
2025-10-17 23:30:14.378,106593.97,0.00082,87.4070554
2025-10-17 23:30:14.380,106593.97,0.00937,998.7854989
2025-10-17 23:30:14.381,106593.97,0.06362,6781.508371399999
2025-10-17 23:30:14.382,106593.97,0.00937,998.7854989
2025-10-17 23:30:14.384,106593.97,0.00937,998.7854989
2025-10-17 23:30:14.385,106593.97,0.02812,2997.4224364
2025-10-17 23:30:14.386,106593.97,0.01434,1528.5575298
2025-10-17 23:30:14.807,106593.96,0.00032,34.1100672
2025-10-17 23:30:15.050,106593.96,0.00016,17.0550336
2025-10-17 23:30:15.584,106593.96,0.06762,7207.8835752
2025-10-17 23:30:15.644,106593.97,0.00115,122.5830655
2025-10-17 23:30:15.759,106593.97,9e-05,9.5934573
2025-10-17 23:30:16.711,106593.97,0.00092,98.0664524
2025-10-17 23:30:16.712,106593.97,0.00088,93.8026936
2025-10-17 23:30:16.713,106593.97,0.00092,98.0664524
2025-10-17 23:30:16.714,106593.97,0.07354,7838.9205538
2025-10-17 23:30:16.719,106593.96,0.00402,428.50771920000005
2025-10-17 23:30:16.869,106593.97,0.00122,130.04464339999998
2025-10-17 23:30:18.243,106593.97,0.00018,19.1869146
2025-10-17 23:30:18.527,106593.97,0.00015,15.9890955
2025-10-17 23:30:18.578,106593.97,8e-05,8.527517600000001
2025-10-17 23:30:18.632,106593.97,7e-05,7.461577899999999
2025-10-17 23:30:18.760,106593.97,0.00288,306.9906336
2025-10-17 23:30:18.876,106593.96,0.00015,15.989094
2025-10-17 23:30:19.045,106593.96,0.01219,1299.3803724
2025-10-17 23:30:19.182,106593.96,0.01001,1067.0055396
2025-10-17 23:30:19.374,106593.96,7e-05,7.4615772
2025-10-17 23:30:19.475,106593.96,0.00065,69.286074
2025-10-17 23:30:19.690,106593.96,0.00059,62.890436400000006
2025-10-17 23:30:19.698,106593.96,0.00013,13.8572148
2025-10-17 23:30:19.789,106593.97,0.00469,499.92571929999997
2025-10-17 23:30:20.474,106593.96,7e-05,7.4615772
2025-10-17 23:30:20.590,106593.96,0.07149,7620.4022004
2025-10-17 23:30:20.815,106593.97,0.00013,13.857216099999999
2025-10-17 23:30:20.880,106593.96,7e-05,7.4615772
2025-10-17 23:30:20.914,106593.97,0.00039,41.5716483
2025-10-17 23:30:20.954,106593.97,0.00019,20.252854300000003
2025-10-17 23:30:21.110,106593.97,0.00025,26.6484925
2025-10-17 23:30:21.143,106593.96,7e-05,7.4615772
2025-10-17 23:30:21.332,106593.96,0.00041,43.703523600000004
2025-10-17 23:30:21.371,106593.97,0.00036,38.3738292
2025-10-17 23:30:21.753,106593.96,7e-05,7.4615772
2025-10-17 23:30:22.113,106593.97,0.031,3304.41307
2025-10-17 23:30:22.285,106593.96,0.00093,99.13238280000002
2025-10-17 23:30:22.560,106593.97,0.00019,20.252854300000003
2025-10-17 23:30:22.601,106593.97,0.00812,865.5430364
2025-10-17 23:30:22.606,106594.56,0.00139,148.1664384
2025-10-17 23:30:22.608,106595.2,0.00015,15.989279999999999
2025-10-17 23:30:22.610,106596.0,0.04174,4449.31704
2025-10-17 23:30:22.611,106596.0,0.0007,74.6172
2025-10-17 23:30:22.613,106596.22,5e-05,5.329811
2025-10-17 23:30:22.614,106597.09,0.00942,1004.1445878
2025-10-17 23:30:22.661,106597.13,0.00277,295.2740501
2025-10-17 23:30:22.663,106597.21,0.16075,17135.5015075
2025-10-17 23:30:22.664,106597.22,0.06145,6550.399169
2025-10-17 23:30:22.666,106598.67,0.00315,335.7858105
2025-10-17 23:30:22.667,106600.67,0.00014,14.924093799999998
2025-10-17 23:30:22.669,106601.14,0.02534,2701.2728876
2025-10-17 23:30:22.671,106600.97,0.1013,10798.678261000001
2025-10-17 23:30:22.672,106600.97,0.0003,31.980290999999998
2025-10-17 23:30:22.673,106600.97,0.00866,923.1644001999999
2025-10-17 23:30:22.847,106600.96,0.00289,308.07677440000003
2025-10-17 23:30:22.981,106600.96,0.00045,47.970432
2025-10-17 23:30:23.177,106600.96,0.00047,50.102451200000004
2025-10-17 23:30:23.307,106600.97,4e-05,4.264038800000001
2025-10-17 23:30:23.496,106600.96,0.00664,707.8303744000001
2025-10-17 23:30:23.779,106600.97,0.00041,43.7063977
2025-10-17 23:30:24.000,106600.96,0.00022,23.4522112
2025-10-17 23:30:24.011,106600.97,0.00124,132.1852028
2025-10-17 23:30:24.272,106600.96,0.00241,256.9083136
2025-10-17 23:30:24.709,106600.97,8e-05,8.528077600000001
2025-10-17 23:30:24.969,106600.97,8e-05,8.528077600000001
2025-10-17 23:30:25.576,106600.97,0.00013,13.8581261
2025-10-17 23:30:26.266,106600.96,7e-05,7.4620672
2025-10-17 23:30:26.510,106600.96,8e-05,8.528076800000001
2025-10-17 23:30:26.555,106600.96,0.00552,588.4372992
2025-10-17 23:30:26.722,106600.97,0.00076,81.01673720000001
2025-10-17 23:30:27.125,106600.96,7e-05,7.4620672
2025-10-17 23:30:27.750,106600.97,0.00288,307.0107936
2025-10-17 23:30:27.975,106600.97,0.00028,29.848271599999997
2025-10-17 23:30:28.325,106600.97,7e-05,7.462067899999999
2025-10-17 23:30:28.551,106600.97,0.00028,29.848271599999997
2025-10-17 23:30:28.929,106600.96,0.0238,2537.1028480000004
2025-10-17 23:30:29.113,106600.96,0.00047,50.102451200000004
2025-10-17 23:30:29.162,106600.97,6e-05,6.396058200000001
2025-10-17 23:30:29.169,106600.97,9e-05,9.5940873
2025-10-17 23:30:29.467,106600.97,0.00047,50.1024559
2025-10-17 23:30:29.487,106600.97,9e-05,9.5940873
2025-10-17 23:30:29.984,106600.96,8e-05,8.528076800000001
2025-10-17 23:30:30.085,106600.97,0.00011,11.7261067
2025-10-17 23:30:30.587,106600.96,0.07512,8007.864115200001
2025-10-17 23:30:30.720,106600.96,0.07451,7942.837529600001
2025-10-17 23:30:30.737,106600.96,0.00017,18.122163200000003
2025-10-17 23:30:30.899,106600.97,0.00277,295.2846869
2025-10-17 23:30:31.115,106600.96,0.06198,6607.1275008
2025-10-17 23:30:31.235,106600.97,0.00027,28.7822619
2025-10-17 23:30:31.918,106600.96,9e-05,9.594086400000002
2025-10-17 23:30:31.930,106601.53,0.0001,10.660153000000001
2025-10-17 23:30:31.939,106604.62,0.00937,998.8852893999999
2025-10-17 23:30:31.940,106604.98,0.00015,15.990746999999997
2025-10-17 23:30:32.019,106604.99,0.10473,11164.740602700002
2025-10-17 23:30:32.020,106606.5,6e-05,6.39639
2025-10-17 23:30:32.022,106609.09,0.00015,15.991363499999999
2025-10-17 23:30:32.026,106611.63,0.00484,516.0002892
2025-10-17 23:30:32.034,106611.63,0.00403,429.6448689
2025-10-17 23:30:32.043,106614.32,0.00938,1000.0423216
2025-10-17 23:30:32.056,106614.32,0.00171,182.3104872
2025-10-17 23:30:32.057,106615.66,0.0019,202.56975400000002
2025-10-17 23:30:32.058,106615.66,0.00125,133.269575
2025-10-17 23:30:32.073,106615.99,0.0003,31.984797
2025-10-17 23:30:32.317,106615.99,0.00028,29.8524772
2025-10-17 23:30:32.339,106615.99,0.00022,23.455517800000003
2025-10-17 23:30:32.512,106616.0,0.00053,56.506479999999996
2025-10-17 23:30:32.516,106616.04,9e-05,9.5954436
2025-10-17 23:30:32.518,106617.12,5e-05,5.330856
2025-10-17 23:30:32.520,106620.0,0.01941,2069.4942
2025-10-17 23:30:32.521,106620.61,0.00164,174.8578004
2025-10-17 23:30:32.523,106620.01,0.00095,101.28900949999999
2025-10-17 23:30:32.526,106620.01,0.00094,100.22280939999999
2025-10-17 23:30:32.528,106620.01,0.00041,43.714204099999996
2025-10-17 23:30:32.530,106620.61,0.00012,12.7944732
2025-10-17 23:30:32.531,106620.61,0.00075,79.9654575
2025-10-17 23:30:32.533,106620.77,0.01893,2018.3311761
2025-10-17 23:30:32.536,106620.77,0.00187,199.3808399
2025-10-17 23:30:32.537,106620.77,0.00096,102.35593920000001
2025-10-17 23:30:32.540,106622.37,0.00055,58.642303500000004
2025-10-17 23:30:32.542,106622.37,0.0006,63.97342199999999
2025-10-17 23:30:32.544,106622.38,0.00076,81.0330088
2025-10-17 23:30:32.546,106622.39,0.00075,79.9667925
2025-10-17 23:30:32.548,106622.39,0.00115,122.6157485
2025-10-17 23:30:32.550,106622.4,0.002,213.2448
2025-10-17 23:30:32.553,106622.4,0.00044,46.913855999999996
2025-10-17 23:30:32.554,106622.41,0.00036,38.3840676
2025-10-17 23:30:32.556,106622.41,0.00076,81.0330316
2025-10-17 23:30:32.558,106623.64,0.0001,10.662364
2025-10-17 23:30:32.573,106625.72,0.0013,138.613436
2025-10-17 23:30:32.575,106626.0,0.00065,69.3069
2025-10-17 23:30:32.578,106626.0,0.0003,31.987799999999996
2025-10-17 23:30:32.580,106626.0,0.0005,53.313
2025-10-17 23:30:32.586,106627.45,0.00015,15.994117499999998
2025-10-17 23:30:32.682,106627.46,0.00175,186.59805500000002
2025-10-17 23:30:32.715,106628.82,0.00095,101.297379
2025-10-17 23:30:32.832,106630.31,0.0027,287.901837
2025-10-17 23:30:32.847,106631.18,0.00015,15.994676999999998
2025-10-17 23:30:33.082,106632.31,9e-05,9.5969079
2025-10-17 23:30:33.120,106632.31,0.00047,50.1171857
2025-10-17 23:30:33.140,106632.31,0.00057,60.780416699999996
2025-10-17 23:30:33.269,106632.31,0.00047,50.1171857
2025-10-17 23:30:33.352,106632.3,7e-05,7.464261
2025-10-17 23:30:33.400,106632.31,7e-05,7.464261699999999
2025-10-17 23:30:33.576,106632.31,0.00012,12.7958772
2025-10-17 23:30:33.582,106632.3,0.00067,71.443641
2025-10-17 23:30:33.681,106632.31,0.00019,20.2601389
2025-10-17 23:30:33.808,106632.3,0.00061,65.045703
2025-10-17 23:30:33.862,106632.31,7e-05,7.464261699999999
2025-10-17 23:30:33.983,106632.3,0.00115,122.627145
2025-10-17 23:30:34.088,106632.3,0.0033,351.88659
2025-10-17 23:30:34.180,106632.3,0.00056,59.714088
2025-10-17 23:30:34.403,106632.3,0.00337,359.35085100000003
2025-10-17 23:30:34.570,106632.31,0.0001,10.663231
2025-10-17 23:30:34.762,106632.31,9e-05,9.5969079
2025-10-17 23:30:34.838,106632.31,0.00019,20.2601389
2025-10-17 23:30:35.070,106632.31,0.0001,10.663231
2025-10-17 23:30:35.132,106632.31,0.00024,25.5917544
2025-10-17 23:30:35.225,106632.31,0.00015,15.994846499999998
2025-10-17 23:30:35.917,106632.3,0.00064,68.24467200000001
2025-10-17 23:30:36.033,106632.31,0.00044,46.9182164
2025-10-17 23:30:36.178,106632.3,9e-05,9.596907000000002
2025-10-17 23:30:36.247,106632.31,0.00059,62.9130629
2025-10-17 23:30:36.255,106632.3,7e-05,7.464261
2025-10-17 23:30:36.540,106632.31,0.00012,12.7958772
2025-10-17 23:30:36.712,106632.3,8e-05,8.530584000000001
2025-10-17 23:30:36.871,106632.31,0.01404,1497.1176324
2025-10-17 23:30:36.973,106632.34,4e-05,4.265293600000001
2025-10-17 23:30:36.974,106634.25,5e-05,5.3317125
2025-10-17 23:30:36.975,106635.1,0.00015,15.995265
2025-10-17 23:30:37.381,106636.0,0.00025,26.659
2025-10-17 23:30:37.445,106636.0,0.08601,9171.76236
2025-10-17 23:30:37.447,106636.97,0.00015,15.995545499999999
2025-10-17 23:30:37.448,106636.57,0.00055,58.65011350000001
2025-10-17 23:30:37.452,106637.61,0.00085,90.64196849999999
2025-10-17 23:30:37.455,106639.96,5e-05,5.3319980000000005
2025-10-17 23:30:37.459,106642.97,0.00321,342.3239337
2025-10-17 23:30:37.462,106642.97,0.03085,3289.9356245
2025-10-17 23:30:37.464,106642.97,0.00044,46.9229068
2025-10-17 23:30:37.466,106642.97,6e-05,6.3985782
2025-10-17 23:30:37.515,106643.99,0.0008,85.31519200000001
2025-10-17 23:30:37.882,106643.99,0.00074,78.9165526
2025-10-17 23:30:38.008,106643.99,0.00134,142.9029466
2025-10-17 23:30:39.075,106643.99,0.00047,50.122675300000004
2025-10-17 23:30:39.316,106643.99,0.01031,1099.4995369
2025-10-17 23:30:39.434,106644.0,0.0084,895.8095999999999
2025-10-17 23:30:40.162,106644.0,0.00015,15.996599999999999
2025-10-17 23:30:40.169,106644.0,0.00024,25.59456
2025-10-17 23:30:40.469,106644.0,0.00235,250.6134
2025-10-17 23:30:40.581,106644.0,0.00024,25.59456
2025-10-17 23:30:40.594,106643.99,0.05982,6379.4434818
2025-10-17 23:30:40.753,106644.0,0.00079,84.24876
2025-10-17 23:30:40.843,106644.0,8e-05,8.53152
2025-10-17 23:30:40.915,106644.0,6e-05,6.39864
2025-10-17 23:30:41.019,106644.0,8e-05,8.53152
2025-10-17 23:30:41.032,106644.0,0.00029,30.92676
2025-10-17 23:30:41.038,106644.0,0.00019,20.26236
2025-10-17 23:30:41.040,106644.0,0.0001,10.6644
2025-10-17 23:30:41.118,106644.0,0.00188,200.49071999999998
2025-10-17 23:30:41.163,106643.99,9e-05,9.5979591
2025-10-17 23:30:41.239,106644.0,0.00015,15.996599999999999
2025-10-17 23:30:41.263,106643.99,9e-05,9.5979591
2025-10-17 23:30:41.268,106644.0,0.00019,20.26236
2025-10-17 23:30:41.510,106644.0,0.00047,50.122679999999995
2025-10-17 23:30:41.625,106644.0,0.00019,20.26236
2025-10-17 23:30:41.638,106644.0,8e-05,8.53152
2025-10-17 23:30:41.781,106644.0,0.00022,23.46168
2025-10-17 23:30:41.818,106644.0,0.0001,10.6644
2025-10-17 23:30:42.082,106644.0,0.00013,13.863719999999999
2025-10-17 23:30:42.137,106644.0,0.00013,13.863719999999999
2025-10-17 23:30:42.266,106643.99,0.19282,20563.0941518
2025-10-17 23:30:42.269,106643.99,0.26712,28486.742608800003
2025-10-17 23:30:42.270,106643.99,0.0002,21.328798000000003
2025-10-17 23:30:42.271,106639.96,5e-05,5.3319980000000005
2025-10-17 23:30:42.398,106639.73,0.00485,517.2026905
2025-10-17 23:30:42.399,106637.61,0.0018,191.947698
2025-10-17 23:30:42.401,106635.98,0.0001,10.663598
2025-10-17 23:30:42.404,106633.31,0.0001,10.663331
2025-10-17 23:30:42.408,106632.32,0.0002,21.326464
2025-10-17 23:30:42.417,106632.31,0.00937,999.1447446999999
2025-10-17 23:30:42.571,106632.31,0.00188,200.4687428
2025-10-17 23:30:42.798,106632.31,0.00599,638.7275368999999
2025-10-17 23:30:43.190,106632.31,0.0075,799.7423249999999
2025-10-17 23:30:43.356,106632.32,0.00028,29.8570496
2025-10-17 23:30:43.471,106632.31,0.00084,89.5711404
2025-10-17 23:30:43.981,106632.32,0.00121,129.0251072
2025-10-17 23:30:44.070,106632.31,0.00019,20.2601389
2025-10-17 23:30:44.204,106632.32,0.00019,20.260140800000002
2025-10-17 23:30:44.704,106632.32,0.00028,29.8570496
2025-10-17 23:30:44.957,106632.32,0.00028,29.8570496
2025-10-17 23:30:45.033,106632.32,0.00027,28.7907264
2025-10-17 23:30:45.055,106632.31,0.0047,501.171857
2025-10-17 23:30:45.154,106632.31,0.013,1386.22003
2025-10-17 23:30:45.580,106632.31,0.013,1386.22003
2025-10-17 23:30:45.587,106632.31,0.04099,4370.8583868999995
2025-10-17 23:30:46.381,106632.31,0.01088,1160.1595328
2025-10-17 23:30:46.849,106632.32,0.00025,26.65808
2025-10-17 23:30:46.865,106632.31,0.00766,816.8034946
2025-10-17 23:30:47.391,106632.31,0.013,1386.22003
2025-10-17 23:30:47.392,106632.31,0.013,1386.22003
2025-10-17 23:30:47.450,106632.32,5e-05,5.331616
2025-10-17 23:30:47.456,106632.31,0.00012,12.7958772
2025-10-17 23:30:47.501,106632.31,7e-05,7.464261699999999
2025-10-17 23:30:47.510,106632.32,0.00012,12.795878400000001
2025-10-17 23:30:47.871,106632.31,0.06156,6564.285003599999
2025-10-17 23:30:47.994,106632.31,0.00271,288.9735601
2025-10-17 23:30:48.319,106632.32,0.00111,118.36187520000001
2025-10-17 23:30:48.393,106632.31,0.00139,148.2189109
2025-10-17 23:30:49.117,106632.31,0.00018,19.1938158
2025-10-17 23:30:49.240,106632.31,9e-05,9.5969079
2025-10-17 23:30:49.291,106632.31,6e-05,6.3979386
2025-10-17 23:30:49.316,106632.31,0.00016,17.0611696
2025-10-17 23:30:49.347,106632.31,0.00021,22.3927851
2025-10-17 23:30:49.396,106632.31,0.16748,17858.779278799997
2025-10-17 23:30:49.398,106628.54,5e-05,5.331427
2025-10-17 23:30:49.409,106628.04,0.00564,601.3821456
2025-10-17 23:30:49.411,106621.65,0.00729,777.2718285
2025-10-17 23:30:49.443,106621.31,0.00015,15.993196499999998
2025-10-17 23:30:49.448,106620.0,0.00085,90.627
2025-10-17 23:30:49.453,106619.1,0.0001,10.66191
2025-10-17 23:30:49.456,106618.98,0.0001,10.661898
2025-10-17 23:30:49.461,106616.33,0.001,106.61633
2025-10-17 23:30:49.466,106616.25,0.00081,86.3591625
2025-10-17 23:30:49.522,106615.48,0.0001,10.661548
2025-10-17 23:30:49.609,106613.01,0.004,426.45204
2025-10-17 23:30:49.754,106613.01,0.00028,29.851642799999997
2025-10-17 23:30:50.164,106613.0,0.00071,75.69523
2025-10-17 23:30:50.182,106612.99,0.00326,347.5583474
2025-10-17 23:30:51.497,106612.99,0.009,959.5169099999999
2025-10-17 23:30:51.498,106612.99,0.009,959.5169099999999
2025-10-17 23:30:51.511,106612.99,0.07872,8392.5745728
2025-10-17 23:30:51.518,106612.99,0.00912,972.3104688
2025-10-17 23:30:51.585,106613.0,0.00019,20.25647
2025-10-17 23:30:51.591,106612.99,9e-05,9.595169100000001
2025-10-17 23:30:52.071,106612.99,0.01259,1342.2575441000001
2025-10-17 23:30:52.786,106612.99,0.0033,351.82286700000003
2025-10-17 23:30:52.868,106613.0,0.00024,25.587120000000002
2025-10-17 23:30:52.872,106612.99,0.00937,998.9637163
2025-10-17 23:30:53.576,106612.99,0.013,1385.96887
2025-10-17 23:30:53.577,106612.99,0.013,1385.96887
2025-10-17 23:30:54.013,106612.99,0.33602,35824.0968998
2025-10-17 23:30:54.283,106613.0,0.00032,34.11616
2025-10-17 23:30:55.399,106613.0,0.00046,49.04198
2025-10-17 23:30:55.458,106613.0,0.00019,20.25647
2025-10-17 23:30:55.784,106612.99,0.01561,1664.2287739
2025-10-17 23:30:55.872,106613.0,0.00018,19.190340000000003
2025-10-17 23:30:56.265,106613.0,0.00027,28.78551
2025-10-17 23:30:56.453,106613.0,0.04163,4438.29919
2025-10-17 23:30:56.454,106615.65,0.0008,85.29252
2025-10-17 23:30:56.558,106617.21,0.00015,15.9925815
2025-10-17 23:30:56.918,106617.22,0.00138,147.1317636
2025-10-17 23:30:57.824,106617.22,0.001,106.61722
2025-10-17 23:30:57.983,106617.22,0.00063,67.1688486
2025-10-17 23:30:58.299,106617.22,0.00037,39.4483714
2025-10-17 23:30:58.948,106617.21,0.00749,798.5629029
2025-10-17 23:30:59.490,106617.22,0.00018,19.1910996
2025-10-17 23:30:59.576,106617.21,0.00047,50.1100887
2025-10-17 23:30:59.948,106617.21,0.03151,3359.5082871000004
2025-10-17 23:31:00.021,106617.22,9e-05,9.5955498
2025-10-17 23:31:00.346,106617.21,0.00617,657.8281857000001
2025-10-17 23:31:00.684,106617.22,0.00026,27.720477199999998
2025-10-17 23:31:01.203,106617.21,0.0001,10.661721000000002
2025-10-17 23:31:01.352,106617.22,0.00012,12.7940664
2025-10-17 23:31:01.452,106617.22,0.00035,37.316027
2025-10-17 23:31:01.872,106617.22,0.01,1066.1722
2025-10-17 23:31:02.011,106617.22,0.00023,24.5219606
2025-10-17 23:31:02.766,106617.22,8e-05,8.5293776
2025-10-17 23:31:02.938,106617.21,0.01317,1404.1486557
2025-10-17 23:31:02.974,106617.22,0.00046,49.0439212
2025-10-17 23:31:03.390,106617.22,0.0037,394.483714
2025-10-17 23:31:03.966,106617.22,0.00937,999.0033514
2025-10-17 23:31:04.517,106617.22,0.00873,930.7683306
2025-10-17 23:31:04.527,106617.21,0.00033,35.1836793
2025-10-17 23:31:05.171,106617.21,8e-05,8.529376800000001
2025-10-17 23:31:05.670,106617.22,0.00102,108.74956440000001
2025-10-17 23:31:05.826,106617.21,0.02726,2906.3851446000003
2025-10-17 23:31:05.977,106617.22,0.00019,20.2572718
2025-10-17 23:31:06.169,106617.21,0.00016,17.058753600000003
2025-10-17 23:31:06.409,106617.22,0.00012,12.7940664
2025-10-17 23:31:06.472,106617.22,0.0052,554.409544
2025-10-17 23:31:06.473,106617.22,0.19498,20788.2255556
2025-10-17 23:31:06.538,106617.23,5e-05,5.3308615
2025-10-17 23:31:06.540,106618.33,0.0001,10.661833000000001
2025-10-17 23:31:06.568,106621.51,0.0002,21.324302
2025-10-17 23:31:06.576,106621.51,0.00094,100.2242194
2025-10-17 23:31:06.681,106621.52,0.06843,7296.110613600001
2025-10-17 23:31:06.683,106621.66,0.00015,15.993248999999999
2025-10-17 23:31:06.686,106622.54,0.23453,25006.184306199997
2025-10-17 23:31:07.335,106622.83,5e-05,5.3311415
2025-10-17 23:31:07.336,106623.61,0.0034,362.520274
2025-10-17 23:31:07.341,106623.61,0.00228,243.1018308
2025-10-17 23:31:07.343,106626.1,5e-05,5.331305
2025-10-17 23:31:07.348,106627.88,0.00747,796.5102636
2025-10-17 23:31:07.350,106632.5,6e-05,6.39795
2025-10-17 23:31:07.352,106633.39,0.03573,3810.0110247
2025-10-17 23:31:07.377,106633.4,0.05217,5563.064478
2025-10-17 23:31:07.399,106633.41,0.00065,69.3117165
2025-10-17 23:31:07.445,106633.44,0.0001,10.663344
2025-10-17 23:31:07.546,106639.96,5e-05,5.3319980000000005
2025-10-17 23:31:08.349,106643.64,0.37495,39986.032818
2025-10-17 23:31:08.548,106643.64,0.00022,23.4616008
2025-10-17 23:31:09.349,106643.64,0.0067,714.512388
2025-10-17 23:31:10.533,106643.64,6e-05,6.3986184
2025-10-17 23:31:10.729,106643.65,0.00018,19.195857
2025-10-17 23:31:10.741,106643.65,0.09572,10207.930177999999
2025-10-17 23:31:10.866,106643.65,0.00015,15.996547499999998
2025-10-17 23:31:11.041,106643.65,0.00018,19.195857
2025-10-17 23:31:12.078,106643.65,0.00018,19.195857
2025-10-17 23:31:12.309,106643.65,0.00027,28.7937855
2025-10-17 23:31:12.598,106643.64,0.09237,9850.6730268
2025-10-17 23:31:13.278,106643.65,0.00028,29.860221999999997
2025-10-17 23:31:13.372,106643.64,0.01429,1523.9376156
2025-10-17 23:31:13.873,106643.65,0.00047,50.1225155
2025-10-17 23:31:14.289,106643.64,0.0014,149.301096
2025-10-17 23:31:14.454,106643.64,0.00205,218.61946200000003
2025-10-17 23:31:15.150,106643.64,0.04873,5196.7445772
2025-10-17 23:31:15.230,106643.64,0.01878,2002.7675592
2025-10-17 23:31:15.895,106643.65,0.00264,281.53923599999996
2025-10-17 23:31:16.704,106643.65,0.00028,29.860221999999997
2025-10-17 23:31:16.730,106643.65,5e-05,5.3321825
2025-10-17 23:31:16.856,106643.64,0.00027,28.7937828
2025-10-17 23:31:17.117,106643.64,0.00314,334.8610296
2025-10-17 23:31:17.437,106643.64,0.00423,451.10259720000005
2025-10-17 23:31:18.082,106643.64,0.0235,2506.12554
2025-10-17 23:31:18.350,106643.65,0.00019,20.2622935
2025-10-17 23:31:18.481,106643.65,0.01619,1726.5606934999998
2025-10-17 23:31:18.917,106643.65,0.00019,20.2622935
2025-10-17 23:31:19.244,106643.64,0.0548,5844.0714720000005
2025-10-17 23:31:19.250,106642.8,0.00289,308.197692
2025-10-17 23:31:19.666,106643.5,0.00075,79.982625
2025-10-17 23:31:19.667,106639.96,5e-05,5.3319980000000005
2025-10-17 23:31:19.668,106639.38,0.00375,399.897675
2025-10-17 23:31:19.669,106633.58,5e-05,5.331679
2025-10-17 23:31:19.677,106632.98,0.00051,54.3828198
2025-10-17 23:31:19.683,106631.91,0.01285,1370.2200435
2025-10-17 23:31:19.684,106630.75,0.00015,15.994612499999999
2025-10-17 23:31:19.701,106630.72,0.00277,295.3670944
2025-10-17 23:31:19.710,106630.52,0.00579,617.3907108000001
2025-10-17 23:31:19.768,106630.51,0.00185,197.2664435
2025-10-17 23:31:19.909,106630.5,0.00312,332.68716
2025-10-17 23:31:19.916,106630.5,0.00268,285.76974
2025-10-17 23:31:20.313,106630.49,0.00246,262.3110054
2025-10-17 23:31:20.314,106619.84,0.01758,1874.3767871999999
2025-10-17 23:31:20.384,106619.84,0.00015,15.992975999999999
2025-10-17 23:31:20.642,106619.85,0.00086,91.693071
2025-10-17 23:31:21.207,106618.16,0.0001,10.661816000000002
2025-10-17 23:31:21.208,106616.06,0.00015,15.992408999999999
2025-10-17 23:31:21.209,106614.89,5e-05,5.330744500000001
2025-10-17 23:31:21.221,106614.89,0.09529,10159.3328681
2025-10-17 23:31:21.222,106613.48,0.0001,10.661348
2025-10-17 23:31:21.224,106613.01,0.00965,1028.8155465
2025-10-17 23:31:21.226,106613.01,0.01,1066.1300999999999
2025-10-17 23:31:21.228,106613.01,0.01,1066.1300999999999
2025-10-17 23:31:21.743,106613.01,0.0158,1684.485558
2025-10-17 23:31:21.811,106613.0,0.00073,77.82749
2025-10-17 23:31:21.995,106613.0,0.00028,29.851639999999996
2025-10-17 23:31:22.170,106613.0,0.00459,489.35367
2025-10-17 23:31:22.328,106612.99,0.02802,2987.2959798
2025-10-17 23:31:22.713,106613.0,9e-05,9.595170000000001
2025-10-17 23:31:22.857,106612.99,0.03043,3244.2332857
2025-10-17 23:31:23.381,106612.99,0.0426,4541.713374
2025-10-17 23:31:23.519,106613.0,0.00028,29.851639999999996
2025-10-17 23:31:24.257,106612.99,0.0047,501.08105300000005
2025-10-17 23:31:24.934,106613.0,0.00012,12.793560000000001
2025-10-17 23:31:25.997,106612.99,7e-05,7.4629093
2025-10-17 23:31:26.385,106613.0,0.00022,23.45486
2025-10-17 23:31:26.585,106612.99,9e-05,9.595169100000001
2025-10-17 23:31:26.589,106613.0,6e-05,6.396780000000001
2025-10-17 23:31:27.754,106612.99,0.00178,189.7711222
2025-10-17 23:31:28.138,106613.49,0.01222,1302.8168478
2025-10-17 23:31:28.140,106613.5,0.0007,74.62945
2025-10-17 23:31:28.142,106617.23,0.00015,15.992584499999998
2025-10-17 23:31:28.145,106617.26,0.0039,415.80731399999996
2025-10-17 23:31:28.157,106617.26,0.0007,74.632082
2025-10-17 23:31:28.219,106619.38,0.00046,49.0449148
2025-10-17 23:31:28.747,106619.38,0.00147,156.7304886
2025-10-17 23:31:29.427,106619.39,0.00047,50.1111133
2025-10-17 23:31:29.671,106619.38,0.01704,1816.7942352
2025-10-17 23:31:30.321,106619.39,0.00091,97.0236449
2025-10-17 23:31:30.518,106619.38,0.00118,125.81086840000002
2025-10-17 23:31:30.566,106619.39,0.00018,19.1914902
2025-10-17 23:31:30.986,106619.38,0.00013,13.8605194
2025-10-17 23:31:31.295,106619.39,0.04689,4999.3831971
2025-10-17 23:31:31.398,106619.39,0.00028,29.853429199999997
2025-10-17 23:31:32.062,106619.38,0.0014,149.267132
2025-10-17 23:31:32.094,106619.39,0.00028,29.853429199999997
2025-10-17 23:31:32.426,106619.39,0.00067,71.43499130000001
2025-10-17 23:31:33.117,106619.39,7e-05,7.463357299999999
2025-10-17 23:31:34.023,106619.39,0.0002,21.323878
2025-10-17 23:31:36.043,106619.39,0.00024,25.5886536
2025-10-17 23:31:36.382,106619.38,0.00176,187.65010880000003
2025-10-17 23:31:37.252,106619.38,0.01186,1264.5058468000002
2025-10-17 23:31:37.489,106619.38,0.00032,34.118201600000006
2025-10-17 23:31:38.294,106619.38,0.00142,151.39951960000002
2025-10-17 23:31:38.840,106619.39,0.00013,13.860520699999999
2025-10-17 23:31:39.011,106619.39,5e-05,5.3309695
2025-10-17 23:31:39.782,106619.39,0.00281,299.6004859
2025-10-17 23:31:40.769,106619.39,0.00038,40.515368200000005
2025-10-17 23:31:40.971,106619.39,5e-05,5.3309695
2025-10-17 23:31:41.004,106619.38,0.06387,6809.7798006
2025-10-17 23:31:41.005,106613.79,0.02541,2709.0564038999996
2025-10-17 23:31:41.006,106613.78,0.01998,2130.1433244
2025-10-17 23:31:41.007,106612.99,0.01662,1771.9078938
2025-10-17 23:31:41.008,106609.75,6e-05,6.396585
2025-10-17 23:31:41.013,106606.5,6e-05,6.39639
2025-10-17 23:31:41.014,106606.31,0.012,1279.27572
2025-10-17 23:31:41.016,106606.31,0.0101,1076.723731
2025-10-17 23:31:41.019,106606.06,0.0001,10.660606
2025-10-17 23:31:41.025,106605.6,0.00147,156.710232
2025-10-17 23:31:41.028,106605.27,0.02167,2310.1362009
2025-10-17 23:31:41.031,106599.81,0.00575,612.9489075
2025-10-17 23:31:41.050,106599.82,5e-05,5.329991000000001
2025-10-17 23:31:41.078,106599.81,0.00113,120.45778529999998
2025-10-17 23:31:41.080,106599.81,0.00804,857.0624724
2025-10-17 23:31:41.319,106599.81,0.00238,253.70754780000001
2025-10-17 23:31:41.516,106599.81,0.04486,4782.067476599999
2025-10-17 23:31:42.074,106599.82,0.00018,19.187967600000004
2025-10-17 23:31:42.432,106599.81,0.0002,21.319962
2025-10-17 23:31:42.681,106599.82,9e-05,9.593983800000002
2025-10-17 23:31:43.022,106599.82,9e-05,9.593983800000002
2025-10-17 23:31:43.156,106599.82,0.0037,394.41933400000005
2025-10-17 23:31:43.157,106600.0,0.00095,101.27
2025-10-17 23:31:43.158,106602.02,5e-05,5.330101000000001
2025-10-17 23:31:43.607,106606.43,0.00026,27.717671799999994
2025-10-17 23:31:43.982,106610.47,0.00047,50.1069209
2025-10-17 23:31:45.004,106610.48,0.00563,600.2170024
2025-10-17 23:31:45.297,106610.48,0.0005,53.30524
2025-10-17 23:31:45.422,106610.47,0.00503,536.2506641
2025-10-17 23:31:45.617,106610.47,0.00112,119.4037264
2025-10-17 23:31:46.264,106610.48,0.00028,29.850934399999996
2025-10-17 23:31:46.575,106610.48,0.00019,20.2559912
2025-10-17 23:31:47.647,106610.47,0.00019,20.255989300000003
2025-10-17 23:31:47.910,106610.48,0.00932,993.6096736
2025-10-17 23:31:48.418,106610.48,0.00087,92.7511176
2025-10-17 23:31:48.872,106610.48,5e-05,5.3305240000000005
2025-10-17 23:31:48.939,106610.47,0.08629,9199.417456300002
2025-10-17 23:31:49.135,106610.48,0.00045,47.974715999999994
2025-10-17 23:31:50.153,106610.48,0.00018,19.1898864
2025-10-17 23:31:51.183,106610.48,0.00066,70.3629168
2025-10-17 23:31:51.245,106610.48,0.00752,801.7108096
2025-10-17 23:31:51.529,106610.47,0.01,1066.1047
2025-10-17 23:31:52.201,106610.48,0.00014,14.925467199999998
2025-10-17 23:31:52.404,106610.47,0.00624,665.2493328
2025-10-17 23:31:54.041,106610.47,0.00365,389.1282155
2025-10-17 23:31:54.569,106610.47,0.00051,54.37133970000001
2025-10-17 23:31:55.142,106610.47,0.00619,659.9188093
2025-10-17 23:31:55.229,106610.48,0.34089,36342.4465272
2025-10-17 23:31:55.238,106610.48,0.01441,1536.2570167999997
2025-10-17 23:31:55.240,106610.48,0.0395,4211.11396
2025-10-17 23:31:55.243,106610.48,0.04669,4977.6433112
2025-10-17 23:31:55.244,106610.48,0.14568,15531.0147264
2025-10-17 23:31:55.245,106610.48,0.20119,21448.9624712
2025-10-17 23:31:55.287,106611.41,0.0005,53.305705
2025-10-17 23:31:55.288,106611.42,5e-05,5.330571
2025-10-17 23:31:55.289,106612.82,0.00025,26.653205000000003
2025-10-17 23:31:55.339,106616.86,0.00014,14.926360399999998
2025-10-17 23:31:55.494,106617.12,5e-05,5.330856
2025-10-17 23:31:55.517,106625.77,0.0057,607.766889
2025-10-17 23:31:55.539,106625.77,6e-05,6.397546200000001
2025-10-17 23:31:55.810,106625.76,0.00111,118.3545936
2025-10-17 23:31:56.114,106625.77,0.00018,19.192638600000002
2025-10-17 23:31:56.153,106625.77,0.00044,46.9153388
2025-10-17 23:31:56.607,106625.77,0.00012,12.795092400000001
2025-10-17 23:31:57.049,106625.77,7e-05,7.463803899999999
2025-10-17 23:31:57.373,106625.77,0.05549,5916.6639773
2025-10-17 23:31:57.375,106626.73,0.0002,21.325346
2025-10-17 23:31:57.401,106629.25,6e-05,6.397755
2025-10-17 23:31:58.233,106630.0,8e-05,8.5304
2025-10-17 23:31:59.216,106629.99,0.002,213.25998
2025-10-17 23:31:59.361,106629.99,0.00015,15.994498499999999
2025-10-17 23:31:59.534,106629.99,0.00047,50.1160953
2025-10-17 23:31:59.576,106630.0,9e-05,9.5967
2025-10-17 23:31:59.613,106630.0,0.00131,139.68529999999998
2025-10-17 23:31:59.874,106630.0,0.00469,500.0947
2025-10-17 23:32:01.043,106629.99,0.0038,405.193962
2025-10-17 23:32:01.049,106630.0,0.00013,13.861899999999999
2025-10-17 23:32:01.337,106630.0,0.00047,50.116099999999996
2025-10-17 23:32:01.384,106629.99,0.00026,27.7237974
2025-10-17 23:32:01.491,106630.0,0.00469,500.0947
2025-10-17 23:32:01.582,106629.99,5e-05,5.3314995000000005
2025-10-17 23:32:01.619,106630.0,0.00014,14.928199999999999
2025-10-17 23:32:01.781,106629.99,0.00085,90.6354915
2025-10-17 23:32:02.180,106630.0,0.06968,7429.978400000001
2025-10-17 23:32:02.182,106635.75,6e-05,6.398145
2025-10-17 23:32:02.526,106636.39,0.00779,830.6974781
2025-10-17 23:32:02.528,106640.0,5e-05,5.332
2025-10-17 23:32:02.552,106640.66,0.00958,1021.6175228000001
2025-10-17 23:32:02.629,106642.47,0.00015,15.9963705
2025-10-17 23:32:02.715,106642.47,0.0022,234.613434
2025-10-17 23:32:02.718,106642.48,0.002,213.28495999999998
2025-10-17 23:32:02.815,106642.49,0.00247,263.4069503
2025-10-17 23:32:02.816,106642.5,0.0009,95.97825
2025-10-17 23:32:02.868,106642.76,0.00115,122.639174
2025-10-17 23:32:02.870,106644.0,0.00274,292.20455999999996
2025-10-17 23:32:03.719,106644.76,0.00012,12.797371199999999
2025-10-17 23:32:04.183,106644.75,9e-05,9.5980275
2025-10-17 23:32:04.276,106644.76,0.00018,19.1960568
2025-10-17 23:32:04.442,106644.75,0.00743,792.3704925
2025-10-17 23:32:04.512,106644.75,0.00013,13.863817499999998
2025-10-17 23:32:04.704,106644.76,0.0008,85.315808
2025-10-17 23:32:06.024,106644.75,0.10426,11118.781635000001
2025-10-17 23:32:06.333,106644.75,0.00036,38.39211
2025-10-17 23:32:06.703,106644.76,0.00304,324.2000704
2025-10-17 23:32:06.909,106644.75,0.00109,116.2427775
2025-10-17 23:32:07.027,106644.75,0.00414,441.50926499999997
2025-10-17 23:32:07.078,106644.75,0.00335,357.2599125
2025-10-17 23:32:09.684,106644.75,0.00057,60.7875075
2025-10-17 23:32:10.335,106644.76,0.00244,260.21321439999997
2025-10-17 23:32:10.585,106644.76,0.00013,13.863818799999999
2025-10-17 23:32:11.425,106644.75,0.01,1066.4475
2025-10-17 23:32:11.628,106644.75,0.0047,501.230325
2025-10-17 23:32:11.908,106644.76,0.00094,100.2460744
2025-10-17 23:32:12.539,106644.76,0.00049,52.2559324
2025-10-17 23:32:12.932,106644.75,0.01461,1558.0797975
2025-10-17 23:32:13.588,106644.75,0.01712,1825.75812
2025-10-17 23:32:14.070,106644.75,0.00013,13.863817499999998
2025-10-17 23:32:14.289,106644.76,0.00037,39.4585612
2025-10-17 23:32:14.987,106644.75,1.0,106644.75
2025-10-17 23:32:14.990,106644.75,0.00415,442.5757125
2025-10-17 23:32:15.033,106643.85,0.1,10664.385000000002
2025-10-17 23:32:15.323,106643.86,0.00033,35.1924738
2025-10-17 23:32:15.498,106643.86,9e-05,9.5979474
2025-10-17 23:32:15.652,106643.86,0.00045,47.989737
2025-10-17 23:32:15.947,106643.86,0.00048,51.1890528
2025-10-17 23:32:16.294,106643.85,0.01229,1310.6529165000002
2025-10-17 23:32:16.532,106643.85,0.00052,55.454802
2025-10-17 23:32:16.655,106643.85,0.1998,21307.44123
2025-10-17 23:32:16.891,106643.86,0.0001,10.664386
2025-10-17 23:32:16.924,106643.86,0.00047,50.1226142
2025-10-17 23:32:17.043,106643.85,0.09349,9970.133536500001
2025-10-17 23:32:17.143,106643.85,0.0167,1780.952295
2025-10-17 23:32:17.190,106643.86,0.00024,25.5945264
2025-10-17 23:32:17.790,106643.86,0.00127,135.43770220000002
2025-10-17 23:32:18.078,106643.85,0.00406,432.974031
2025-10-17 23:32:18.385,106643.85,6e-05,6.398631000000001
2025-10-17 23:32:18.786,106643.86,0.00188,200.4904568
2025-10-17 23:32:19.293,106643.86,0.00013,13.8637018
2025-10-17 23:32:20.303,106643.86,0.00051,54.38836860000001
2025-10-17 23:32:20.794,106643.85,0.11609,12380.284546500001
2025-10-17 23:32:20.796,106642.27,0.00015,15.996340499999999
2025-10-17 23:32:20.798,106638.63,0.00015,15.995794499999999
2025-10-17 23:32:20.804,106638.36,0.00504,537.4573344
2025-10-17 23:32:20.805,106638.36,0.0002,21.327672
2025-10-17 23:32:20.807,106638.36,0.0002,21.327672
2025-10-17 23:32:20.824,106638.36,0.0015,159.95754
2025-10-17 23:32:20.964,106638.35,0.00275,293.2554625
2025-10-17 23:32:20.979,106638.34,0.002,213.27668
2025-10-17 23:32:21.010,106633.3,0.00015,15.994995
2025-10-17 23:32:21.011,106633.29,0.07556,8057.2113924
2025-10-17 23:32:21.015,106633.29,0.013,1386.2327699999998
2025-10-17 23:32:21.017,106633.29,0.013,1386.2327699999998
2025-10-17 23:32:21.205,106633.3,0.00026,27.724657999999998
2025-10-17 23:32:21.415,106633.27,0.0001,10.663327
2025-10-17 23:32:21.615,106633.19,0.0009,95.969871
2025-10-17 23:32:21.693,106631.8,0.00704,750.6878720000001
2025-10-17 23:32:22.624,106629.91,5e-05,5.331495500000001
2025-10-17 23:32:23.113,106626.3,0.00091,97.029933
2025-10-17 23:32:23.143,106626.29,0.00691,736.7876639
2025-10-17 23:32:23.491,106626.29,0.00013,13.861417699999999
2025-10-17 23:32:25.255,106626.3,0.0006,63.97577999999999
2025-10-17 23:32:25.290,106626.29,0.005,533.13145
2025-10-17 23:32:25.408,106626.3,7e-05,7.4638409999999995
2025-10-17 23:32:25.562,106626.3,0.0001,10.66263
2025-10-17 23:32:25.706,106626.3,8e-05,8.530104000000001
2025-10-17 23:32:25.858,106626.3,8e-05,8.530104000000001
2025-10-17 23:32:25.991,106626.3,0.00059,62.90951700000001
2025-10-17 23:32:26.427,106626.29,0.00166,176.9996414
2025-10-17 23:32:26.429,106626.29,0.00285,303.8849265
2025-10-17 23:32:26.431,106626.28,0.00065,69.307082
2025-10-17 23:32:26.460,106624.03,0.0165,1759.296495
2025-10-17 23:32:26.592,106624.02,5e-05,5.331201
2025-10-17 23:32:26.760,106624.02,0.00025,26.656005
2025-10-17 23:32:26.834,106624.03,9e-05,9.5961627
2025-10-17 23:32:27.024,106624.03,8e-05,8.5299224
2025-10-17 23:32:27.759,106624.03,8e-05,8.5299224
2025-10-17 23:32:27.773,106624.03,8e-05,8.5299224
2025-10-17 23:32:28.295,106624.02,0.013,1386.1122599999999
2025-10-17 23:32:28.296,106624.02,0.013,1386.1122599999999
2025-10-17 23:32:28.298,106618.65,5e-05,5.3309325
2025-10-17 23:32:28.311,106615.76,0.00907,967.0049432
2025-10-17 23:32:28.649,106615.77,8e-05,8.529261600000002
2025-10-17 23:32:28.668,106615.77,1.0,106615.77
2025-10-17 23:32:28.678,106615.77,9e-05,9.595419300000001
2025-10-17 23:32:28.731,106615.77,8e-05,8.529261600000002
2025-10-17 23:32:28.969,106615.77,0.0001,10.661577000000001
2025-10-17 23:32:29.266,106615.77,9e-05,9.595419300000001
2025-10-17 23:32:29.279,106615.77,0.00025,26.653942500000003
2025-10-17 23:32:29.611,106615.77,8e-05,8.529261600000002
2025-10-17 23:32:29.618,106615.76,0.00025,26.65394
2025-10-17 23:32:30.016,106615.77,9e-05,9.595419300000001
2025-10-17 23:32:30.178,106615.77,8e-05,8.529261600000002
2025-10-17 23:32:30.472,106615.77,8e-05,8.529261600000002
2025-10-17 23:32:30.593,106615.77,8e-05,8.529261600000002
2025-10-17 23:32:30.636,106615.77,8e-05,8.529261600000002
2025-10-17 23:32:31.218,106615.77,8e-05,8.529261600000002
2025-10-17 23:32:31.281,106615.77,0.00101,107.6819277
2025-10-17 23:32:31.445,106615.76,0.00047,50.10940719999999
2025-10-17 23:32:31.827,106615.77,0.00018,19.190838600000003
2025-10-17 23:32:32.369,106615.76,0.00652,695.1347552
2025-10-17 23:32:32.439,106615.77,8e-05,8.529261600000002
2025-10-17 23:32:32.533,106615.77,6e-05,6.3969462
2025-10-17 23:32:32.686,106615.77,0.00016,17.058523200000003
2025-10-17 23:32:33.127,106615.77,0.00055,58.6386735
2025-10-17 23:32:33.352,106615.77,8e-05,8.529261600000002
2025-10-17 23:32:33.478,106615.77,0.0073,778.295121
2025-10-17 23:32:33.562,106615.77,0.00055,58.6386735
2025-10-17 23:32:33.705,106615.77,5e-05,5.330788500000001
2025-10-17 23:32:33.785,106615.77,6e-05,6.3969462
2025-10-17 23:32:34.006,106615.77,0.15914,16966.833637800002
2025-10-17 23:32:34.007,106615.9,0.001,106.6159
2025-10-17 23:32:34.011,106617.56,0.00025,26.65439
2025-10-17 23:32:34.018,106618.34,0.00035,37.316418999999996
2025-10-17 23:32:34.027,106618.33,0.00025,26.6545825
2025-10-17 23:32:34.074,106620.03,0.0049,522.438147
2025-10-17 23:32:34.076,106620.04,0.0009,95.95803599999999
2025-10-17 23:32:34.104,106624.02,0.00015,15.993602999999998
2025-10-17 23:32:34.131,106624.03,0.0015,159.936045
2025-10-17 23:32:34.146,106627.75,5e-05,5.3313875
2025-10-17 23:32:34.358,106629.06,7e-05,7.4640341999999995
2025-10-17 23:32:34.368,106629.06,0.0005,53.31453
2025-10-17 23:32:34.688,106629.06,8e-05,8.5303248
2025-10-17 23:32:34.719,106629.06,0.00035,37.320171
2025-10-17 23:32:35.102,106629.06,8e-05,8.5303248
2025-10-17 23:32:35.345,106629.06,4e-05,4.2651624
2025-10-17 23:32:35.748,106629.06,0.00082,87.4358292
2025-10-17 23:32:35.750,106629.06,0.03424,3650.9790144
2025-10-17 23:32:35.752,106629.06,0.00937,999.1142921999999
2025-10-17 23:32:35.797,106629.06,0.00082,87.4358292
2025-10-17 23:32:35.800,106629.06,0.00937,999.1142921999999
2025-10-17 23:32:35.801,106629.06,0.00937,999.1142921999999
2025-10-17 23:32:35.803,106629.06,0.00206,219.6558636
2025-10-17 23:32:35.853,106629.06,9e-05,9.596615400000001
2025-10-17 23:32:36.064,106629.05,0.18756,19999.344618000003
2025-10-17 23:32:36.205,106629.06,0.00072,76.77292320000001
2025-10-17 23:32:36.287,106629.06,8e-05,8.5303248
2025-10-17 23:32:36.418,106629.06,0.00355,378.533163
2025-10-17 23:32:36.428,106629.06,8e-05,8.5303248
2025-10-17 23:32:36.732,106629.05,0.00013,13.8617765
2025-10-17 23:32:36.812,106629.06,8e-05,8.5303248
2025-10-17 23:32:37.021,106629.05,0.00031,33.0550055
2025-10-17 23:32:37.088,106629.06,8e-05,8.5303248
2025-10-17 23:32:37.147,106629.05,0.1,10662.905
2025-10-17 23:32:37.218,106629.05,0.00172,183.401966
2025-10-17 23:32:38.508,106629.06,8e-05,8.5303248
2025-10-17 23:32:39.417,106629.06,7e-05,7.4640341999999995
2025-10-17 23:32:39.689,106629.06,8e-05,8.5303248
2025-10-17 23:32:39.716,106629.06,0.00121,129.0211626
2025-10-17 23:32:39.958,106629.06,0.00037,39.4527522
2025-10-17 23:32:40.215,106626.85,0.00025,26.6567125
2025-10-17 23:32:40.413,106626.84,0.00155,165.271602
2025-10-17 23:32:40.414,106626.83,0.001,106.62683
2025-10-17 23:32:40.415,106622.83,5e-05,5.3311415
2025-10-17 23:32:40.481,106622.69,8e-05,8.529815200000002
2025-10-17 23:32:40.494,106622.68,0.00155,165.265154
2025-10-17 23:32:40.498,106622.67,0.0022,234.569874
2025-10-17 23:32:40.864,106622.67,8e-05,8.5298136
2025-10-17 23:32:41.180,106622.67,0.00047,50.112654899999995
2025-10-17 23:32:41.210,106622.67,7e-05,7.463586899999999
2025-10-17 23:32:41.229,106622.64,0.0001,10.662264
2025-10-17 23:32:41.270,106620.29,0.00937,999.0321172999999
2025-10-17 23:32:41.272,106620.29,0.00937,999.0321172999999
2025-10-17 23:32:41.291,106620.29,0.00082,87.42863779999999
2025-10-17 23:32:41.294,106620.29,0.00937,999.0321172999999
2025-10-17 23:32:41.298,106620.29,0.01518,1618.4960022
2025-10-17 23:32:41.338,106620.29,8e-05,8.5296232
2025-10-17 23:32:41.391,106620.29,0.003,319.86087
2025-10-17 23:32:41.462,106620.29,8e-05,8.5296232
2025-10-17 23:32:41.563,106620.29,8e-05,8.5296232
2025-10-17 23:32:41.585,106620.28,7e-05,7.463419599999999
2025-10-17 23:32:41.648,106620.29,0.00351,374.23721789999996
2025-10-17 23:32:41.670,106620.29,0.00938,1000.0983201999999
2025-10-17 23:32:41.862,106620.29,8e-05,8.5296232
2025-10-17 23:32:42.011,106620.29,8e-05,8.5296232
2025-10-17 23:32:42.137,106620.29,8e-05,8.5296232
2025-10-17 23:32:42.795,106620.29,0.00034,36.2508986
2025-10-17 23:32:43.010,106620.29,9e-05,9.5958261
2025-10-17 23:32:43.039,106620.29,0.00938,1000.0983201999999
2025-10-17 23:32:43.862,106620.28,0.00018,19.1916504
2025-10-17 23:32:44.346,106620.29,0.00048,51.1777392
2025-10-17 23:32:44.810,106620.29,0.00032,34.1184928
2025-10-17 23:32:44.922,106620.29,8e-05,8.5296232
2025-10-17 23:32:45.229,106620.28,0.002,213.24056000000002
2025-10-17 23:32:45.230,106620.28,0.002,213.24056000000002
2025-10-17 23:32:45.482,106620.29,8e-05,8.5296232
2025-10-17 23:32:45.557,106620.29,8e-05,8.5296232
2025-10-17 23:32:45.884,106620.29,8e-05,8.5296232
2025-10-17 23:32:45.972,106620.29,5e-05,5.3310145
2025-10-17 23:32:47.664,106620.29,0.00033,35.1846957
2025-10-17 23:32:47.986,106620.28,0.16973,18096.660124399998
2025-10-17 23:32:47.987,106620.28,0.08666,9239.7134648
2025-10-17 23:32:47.989,106620.28,0.0084,895.6103519999999
2025-10-17 23:32:47.991,106620.28,0.15889,16940.8962892
2025-10-17 23:32:47.994,106620.28,0.0385,4104.8807799999995
2025-10-17 23:32:48.013,106620.28,0.01355,1444.704794
2025-10-17 23:32:48.021,106620.28,0.05805,6189.307253999999
2025-10-17 23:32:48.044,106620.28,0.0102,1087.5268560000002
2025-10-17 23:32:48.045,106620.28,0.004,426.48112000000003
2025-10-17 23:32:48.047,106620.28,0.0088,938.258464
2025-10-17 23:32:48.069,106620.28,0.06401,6824.764122799999
2025-10-17 23:32:48.071,106620.28,0.00094,100.2230632
2025-10-17 23:32:48.077,106620.28,0.08517,9080.8492476
2025-10-17 23:32:48.079,106620.28,0.00166,176.9896648
2025-10-17 23:32:48.080,106618.11,5e-05,5.3309055
2025-10-17 23:32:48.082,106617.12,5e-05,5.330856
2025-10-17 23:32:48.084,106615.1,0.00081,86.358231
2025-10-17 23:32:48.087,106615.1,0.05636,6008.827036000001
2025-10-17 23:32:48.130,106613.89,0.00538,573.5827282
2025-10-17 23:32:48.133,106613.89,0.00105,111.94458449999999
2025-10-17 23:32:48.148,106613.0,0.00189,201.49857
2025-10-17 23:32:48.188,106610.47,0.00082,87.4205854
2025-10-17 23:32:48.190,106610.47,0.05163,5504.2985661
2025-10-17 23:32:48.199,106610.46,0.001,106.61046
2025-10-17 23:32:48.200,106610.46,0.001,106.61046
2025-10-17 23:32:48.522,106610.47,0.00013,13.8593611
2025-10-17 23:32:48.642,106610.46,0.00481,512.7963126000001
2025-10-17 23:32:48.973,106610.47,8e-05,8.528837600000001
2025-10-17 23:32:50.021,106610.47,0.00678,722.8189866
2025-10-17 23:32:50.208,106610.46,0.00533,568.2337518
2025-10-17 23:32:50.325,106610.47,0.00138,147.12244859999998
2025-10-17 23:32:50.335,106610.46,0.06533,6964.8613518
2025-10-17 23:32:50.336,106609.38,0.0001,10.660938000000002
2025-10-17 23:32:50.337,106606.5,6e-05,6.39639
2025-10-17 23:32:50.339,106605.7,5e-05,5.330285
2025-10-17 23:32:50.353,106597.12,8e-05,8.527769600000001
2025-10-17 23:32:50.354,106592.0,0.00168,179.07456000000002
2025-10-17 23:32:50.357,106591.67,0.00968,1031.8073656
2025-10-17 23:32:50.368,106591.99,0.00085,90.6031915
2025-10-17 23:32:50.417,106591.69,0.00026,27.713839399999998
2025-10-17 23:32:50.419,106591.69,0.00082,87.4051858
2025-10-17 23:32:50.421,106591.69,0.00026,27.713839399999998
2025-10-17 23:32:50.422,106591.69,0.02562,2730.8790978
2025-10-17 23:32:50.423,106591.69,0.00937,998.7641353
2025-10-17 23:32:50.424,106591.69,0.00937,998.7641353
2025-10-17 23:32:50.425,106591.69,0.01504,1603.1390176
2025-10-17 23:32:50.429,106591.69,0.00467,497.7831923
2025-10-17 23:32:50.431,106591.69,0.01327,1414.4717263
2025-10-17 23:32:50.434,106591.69,0.0086,916.688534
2025-10-17 23:32:50.438,106591.69,0.01846,1967.6825974
2025-10-17 23:32:50.440,106591.68,0.00398,424.2348864
2025-10-17 23:32:50.481,106591.69,9e-05,9.5932521
2025-10-17 23:32:50.489,106591.69,0.02712,2890.7666328
2025-10-17 23:32:50.493,106591.69,0.02707,2885.4370483000002
2025-10-17 23:32:50.499,106591.69,0.0241,2568.8597290000002
2025-10-17 23:32:50.951,106591.69,9e-05,9.5932521
2025-10-17 23:32:51.217,106591.69,0.00025,26.6479225
2025-10-17 23:32:51.573,106591.69,8e-05,8.527335200000001
2025-10-17 23:32:52.738,106591.68,0.00098,104.45984639999999
2025-10-17 23:32:52.871,106591.69,0.00164,174.8103716
2025-10-17 23:32:53.426,106591.68,0.00261,278.2042848
2025-10-17 23:32:53.640,106591.69,7e-05,7.461418299999999
2025-10-17 23:32:53.731,106591.69,0.00235,250.4904715
2025-10-17 23:32:53.961,106591.69,9e-05,9.5932521
2025-10-17 23:32:54.261,106591.68,0.01307,1393.1532576
2025-10-17 23:32:54.342,106591.69,0.00937,998.7641353
2025-10-17 23:32:54.343,106591.69,0.00937,998.7641353
2025-10-17 23:32:54.344,106591.69,0.00937,998.7641353
2025-10-17 23:32:54.345,106591.69,0.00081,86.3392689
2025-10-17 23:32:54.346,106591.69,0.02973,3168.9709437
2025-10-17 23:32:54.348,106591.69,0.04094,4363.8637886
2025-10-17 23:32:54.349,106591.69,0.02811,2996.2924059
2025-10-17 23:32:54.350,106591.69,0.02811,2996.2924059
2025-10-17 23:32:54.351,106591.69,0.0257,2739.406433
2025-10-17 23:32:54.353,106591.69,0.00338,360.2799122
2025-10-17 23:32:54.355,106591.69,0.00676,720.5598244
2025-10-17 23:32:54.369,106591.69,0.00026,27.713839399999998
2025-10-17 23:32:54.610,106591.69,9e-05,9.5932521
2025-10-17 23:32:54.872,106591.69,0.0003,31.977507
2025-10-17 23:32:55.148,106591.68,0.013,1385.69184
2025-10-17 23:32:55.149,106591.68,0.013,1385.69184
2025-10-17 23:32:55.398,106591.69,8e-05,8.527335200000001
2025-10-17 23:32:55.808,106584.11,0.00737,785.5248907
2025-10-17 23:32:55.941,106584.12,9e-05,9.5925708
2025-10-17 23:32:56.012,106584.11,0.1,10658.411
2025-10-17 23:32:56.029,106584.12,0.00081,86.3331372
2025-10-17 23:32:56.031,106584.12,0.04198,4474.4013576
2025-10-17 23:32:56.034,106584.12,0.04198,4474.4013576
2025-10-17 23:32:56.037,106584.12,0.00145,154.54697399999998
2025-10-17 23:32:56.428,106584.12,7e-05,7.460888399999999
2025-10-17 23:32:56.452,106584.12,9e-05,9.5925708
2025-10-17 23:32:57.023,106584.12,0.00021,22.3826652
2025-10-17 23:32:57.322,106584.12,8e-05,8.5267296
2025-10-17 23:32:57.325,106584.12,0.28667,30554.469680399998
2025-10-17 23:32:57.575,106584.12,8e-05,8.5267296
2025-10-17 23:32:57.637,106584.12,7e-05,7.460888399999999
2025-10-17 23:32:57.699,106584.12,8e-05,8.5267296
2025-10-17 23:32:58.189,106584.12,8e-05,8.5267296
2025-10-17 23:32:58.712,106584.12,0.00017,18.1193004
2025-10-17 23:32:58.981,106584.12,0.0046,490.286952
2025-10-17 23:32:59.257,106584.12,8e-05,8.5267296
2025-10-17 23:32:59.266,106584.12,8e-05,8.5267296
2025-10-17 23:32:59.543,106584.11,0.00239,254.73602290000002
2025-10-17 23:32:59.708,106584.12,9e-05,9.5925708
2025-10-17 23:32:59.877,106584.11,0.0012,127.90093199999998
2025-10-17 23:32:59.973,106584.12,8e-05,8.5267296
2025-10-17 23:33:00.086,106584.11,0.01,1065.8411
2025-10-17 23:33:00.087,106584.11,0.01,1065.8411
2025-10-17 23:33:00.116,106584.12,0.01,1065.8412
2025-10-17 23:33:00.217,106584.11,6e-05,6.395046600000001
2025-10-17 23:33:00.337,106584.11,0.32703,34856.201493299995
2025-10-17 23:33:00.342,106584.06,0.00015,15.987608999999999
2025-10-17 23:33:00.367,106584.05,0.00842,897.4377010000001
2025-10-17 23:33:00.377,106584.05,0.06798,7245.583719
2025-10-17 23:33:00.380,106584.05,1.41843,151182.01404150002
2025-10-17 23:33:00.381,106583.52,0.0001,10.658352
2025-10-17 23:33:00.382,106583.14,0.0001,10.658314
2025-10-17 23:33:00.383,106583.14,0.0002,21.316628
2025-10-17 23:33:00.384,106582.11,9e-05,9.5923899
2025-10-17 23:33:00.385,106582.11,6e-05,6.3949266
2025-10-17 23:33:00.387,106581.03,0.00756,805.7525868
2025-10-17 23:33:00.389,106580.5,6e-05,6.39483
2025-10-17 23:33:00.391,106580.0,0.02232,2378.8656
2025-10-17 23:33:00.392,106580.0,0.00126,134.29080000000002
2025-10-17 23:33:00.394,106580.01,0.00081,86.3298081
2025-10-17 23:33:00.395,106578.65,0.00015,15.986797499999998
2025-10-17 23:33:00.399,106578.47,0.0015,159.867705
2025-10-17 23:33:00.402,106578.0,0.003,319.734
2025-10-17 23:33:00.405,106577.74,0.00343,365.5616482
2025-10-17 23:33:00.408,106577.73,0.01605,1710.5725664999998
2025-10-17 23:33:00.409,106577.72,0.00301,320.7989372
2025-10-17 23:33:00.412,106577.72,0.02706,2883.9931032
2025-10-17 23:33:00.413,106576.18,5e-05,5.328809
2025-10-17 23:33:00.418,106576.01,0.01217,1297.0300416999999
2025-10-17 23:33:00.431,106576.01,0.01488,1585.8510288
2025-10-17 23:33:00.505,106576.01,0.00033,35.170083299999995
2025-10-17 23:33:00.507,106576.01,0.00937,998.6172137
2025-10-17 23:33:00.509,106576.01,0.02812,2996.9174012
2025-10-17 23:33:00.511,106576.01,0.02812,2996.9174012
2025-10-17 23:33:00.512,106576.01,0.01829,1949.2752229
2025-10-17 23:33:00.513,106576.01,0.01829,1949.2752229
2025-10-17 23:33:00.514,106576.01,0.02812,2996.9174012
2025-10-17 23:33:00.515,106576.01,0.02007,2138.9805207
2025-10-17 23:33:00.518,106576.01,0.02634,2807.2121033999997
2025-10-17 23:33:00.520,106576.01,0.00326,347.43779259999997
2025-10-17 23:33:00.525,106576.01,0.01432,1526.1684632
2025-10-17 23:33:00.527,106576.01,0.01432,1526.1684632
2025-10-17 23:33:00.531,106576.01,0.00747,796.1227947
2025-10-17 23:33:00.534,106576.01,0.01958,2086.7582758
2025-10-17 23:33:00.536,106576.01,0.02179,2322.2912579
2025-10-17 23:33:00.540,106576.01,0.00533,568.0501333
2025-10-17 23:33:00.546,106576.01,0.02721,2899.9332321
2025-10-17 23:33:00.548,106576.01,0.02812,2996.9174012
2025-10-17 23:33:00.549,106576.01,0.00467,497.70996669999994
2025-10-17 23:33:00.553,106576.01,0.02706,2883.9468306
2025-10-17 23:33:00.556,106576.01,0.03963,4223.607276299999
2025-10-17 23:33:00.559,106576.01,0.00935,996.4856935
2025-10-17 23:33:00.560,106576.01,0.01432,1526.1684632
2025-10-17 23:33:00.561,106576.01,0.02812,2996.9174012
2025-10-17 23:33:00.562,106576.01,0.01002,1067.8916201999998
2025-10-17 23:33:00.564,106576.01,0.01002,1067.8916201999998
2025-10-17 23:33:00.565,106576.01,0.02812,2996.9174012
2025-10-17 23:33:00.567,106576.01,0.02812,2996.9174012
2025-10-17 23:33:00.568,106576.01,0.01242,1323.6740442
2025-10-17 23:33:00.570,106576.01,0.02812,2996.9174012
2025-10-17 23:33:00.571,106576.01,0.01832,1952.4725032
2025-10-17 23:33:00.572,106576.01,0.02812,2996.9174012
2025-10-17 23:33:00.573,106576.01,0.00679,723.6511078999999
2025-10-17 23:33:00.574,106576.01,0.01361,1450.4994961
2025-10-17 23:33:00.576,106576.01,0.00738,786.5309538
2025-10-17 23:33:00.579,106576.01,0.02705,2882.8810705
2025-10-17 23:33:00.581,106576.0,0.01877,2000.4315199999999
2025-10-17 23:33:00.593,106576.01,0.00246,262.17698459999997
2025-10-17 23:33:00.594,106576.01,0.00081,86.32656809999999
2025-10-17 23:33:00.596,106576.01,0.02555,2723.0170555
2025-10-17 23:33:00.599,106576.01,0.00181,192.9025781
2025-10-17 23:33:00.714,106576.0,0.10103,10767.37328
2025-10-17 23:33:00.874,106576.01,0.00025,26.6440025
2025-10-17 23:33:01.652,106576.01,8e-05,8.5260808
2025-10-17 23:33:01.923,106576.0,7e-05,7.460319999999999
2025-10-17 23:33:03.210,106576.01,7e-05,7.460320699999999
2025-10-17 23:33:03.368,106576.01,0.00088,93.7868888
2025-10-17 23:33:03.690,106576.01,0.0107,1140.3633069999998
2025-10-17 23:33:03.982,106576.01,0.00438,466.8029238
2025-10-17 23:33:04.158,106576.01,8e-05,8.5260808
2025-10-17 23:33:04.333,106576.01,0.04421,4711.7254021
2025-10-17 23:33:04.585,106576.01,0.00717,764.1499917
2025-10-17 23:33:04.589,106576.0,0.013,1385.4879999999998
2025-10-17 23:33:04.590,106576.0,0.013,1385.4879999999998
2025-10-17 23:33:04.701,106576.0,0.013,1385.4879999999998
2025-10-17 23:33:04.702,106576.0,0.013,1385.4879999999998
2025-10-17 23:33:04.703,106576.0,0.013,1385.4879999999998
2025-10-17 23:33:04.715,106576.0,0.09018,9611.02368
2025-10-17 23:33:04.795,106576.0,0.02291,2441.65616
2025-10-17 23:33:04.870,106576.01,9e-05,9.5918409
2025-10-17 23:33:04.875,106576.01,0.00093,99.1156893
2025-10-17 23:33:04.964,106576.01,8e-05,8.5260808
2025-10-17 23:33:05.028,106576.0,0.00683,727.91408
2025-10-17 23:33:05.455,106576.01,8e-05,8.5260808
2025-10-17 23:33:05.464,106576.01,8e-05,8.5260808
2025-10-17 23:33:05.559,106576.01,7e-05,7.460320699999999
2025-10-17 23:33:06.033,106576.0,0.00022,23.44672
2025-10-17 23:33:06.034,106576.0,0.00082,87.39232
2025-10-17 23:33:06.157,106576.0,0.00683,727.91408
2025-10-17 23:33:06.169,106576.0,0.00958,1020.99808
2025-10-17 23:33:06.224,106576.0,0.30373,32370.32848
2025-10-17 23:33:06.225,106575.74,0.0002,21.315148
2025-10-17 23:33:06.231,106575.73,0.00105,111.90451649999999
2025-10-17 23:33:06.232,106575.72,0.00091,96.9839052
2025-10-17 23:33:06.238,106574.0,0.004,426.296
2025-10-17 23:33:06.239,106573.99,0.001,106.57399000000001
2025-10-17 23:33:06.240,106573.67,0.00146,155.59755819999998
2025-10-17 23:33:06.242,106573.67,0.0008,85.258936
2025-10-17 23:33:06.245,106573.67,0.00066,70.3386222
2025-10-17 23:33:06.246,106573.68,9e-05,9.5916312
2025-10-17 23:33:06.248,106573.67,0.00053,56.484045099999996
2025-10-17 23:33:06.250,106573.41,5e-05,5.3286705
2025-10-17 23:33:06.252,106573.33,0.00037,39.4321321
2025-10-17 23:33:06.254,106573.32,6e-05,6.3943992000000005
2025-10-17 23:33:06.255,106573.33,0.0006,63.94399799999999
2025-10-17 23:33:06.256,106573.32,0.00051,54.35239320000001
2025-10-17 23:33:06.258,106573.32,0.00121,128.9537172
2025-10-17 23:33:06.259,106572.77,5e-05,5.3286385
2025-10-17 23:33:06.260,106571.44,5e-05,5.328572
2025-10-17 23:33:06.263,106571.42,0.00214,228.06283879999998
2025-10-17 23:33:06.264,106569.61,0.00563,599.9869043
2025-10-17 23:33:06.267,106567.79,0.00012,12.7881348
2025-10-17 23:33:06.271,106567.28,0.00115,122.55237199999999
2025-10-17 23:33:06.274,106565.35,0.00677,721.4474195
2025-10-17 23:33:06.277,106565.35,0.00164,174.767174
2025-10-17 23:33:06.279,106564.08,0.0004,42.625632
2025-10-17 23:33:06.282,106563.1,0.00333,354.85512300000005
2025-10-17 23:33:06.284,106562.29,0.00081,86.31545489999999
2025-10-17 23:33:06.285,106562.28,0.00247,263.2088316
2025-10-17 23:33:06.286,106561.0,6e-05,6.393660000000001
2025-10-17 23:33:06.288,106561.38,0.03267,3481.3602846
2025-10-17 23:33:06.290,106560.58,0.00085,90.576493
2025-10-17 23:33:06.291,106560.36,0.02142,2282.5229112
2025-10-17 23:33:06.293,106560.02,0.09203,9806.7186406
2025-10-17 23:33:06.298,106560.03,0.00501,533.8657503
2025-10-17 23:33:06.300,106560.01,0.00017,18.1152017
2025-10-17 23:33:06.303,106560.01,0.3366,35868.099366
2025-10-17 23:33:06.317,106560.02,0.00093,99.10081860000001
2025-10-17 23:33:06.445,106560.02,0.00018,19.1808036
2025-10-17 23:33:06.555,106559.16,6e-05,6.3935496
2025-10-17 23:33:06.556,106556.15,0.00039,41.556898499999996
2025-10-17 23:33:06.560,106556.01,0.00344,366.5526744
2025-10-17 23:33:06.562,106556.01,0.00344,366.5526744
2025-10-17 23:33:06.563,106556.01,0.00344,366.5526744
2025-10-17 23:33:06.566,106556.0,0.0013,138.5228
2025-10-17 23:33:06.574,106555.39,0.00344,366.5505416
2025-10-17 23:33:06.580,106551.25,6e-05,6.3930750000000005
2025-10-17 23:33:06.581,106549.16,0.0004,42.619664
2025-10-17 23:33:06.595,106550.01,0.00081,86.3055081
2025-10-17 23:33:06.596,106550.01,0.00092,98.0260092
2025-10-17 23:33:06.602,106550.01,0.04147,4418.6289147
2025-10-17 23:33:06.607,106550.01,0.00081,86.3055081
2025-10-17 23:33:06.608,106550.01,0.00857,913.1335856999999
2025-10-17 23:33:06.627,106550.01,0.00012,12.7860012
2025-10-17 23:33:06.640,106550.01,0.00669,712.8195668999999
2025-10-17 23:33:06.645,106550.01,0.00667,710.6885666999999
2025-10-17 23:33:06.650,106550.01,0.00092,98.0260092
2025-10-17 23:33:06.657,106550.01,0.0047,500.785047
2025-10-17 23:33:06.663,106550.01,0.0536,5711.0805359999995
2025-10-17 23:33:06.715,106548.94,6e-05,6.3929364
2025-10-17 23:33:06.716,106548.94,0.00015,15.982340999999998
2025-10-17 23:33:06.717,106548.0,0.00286,304.72728
2025-10-17 23:33:06.727,106547.15,0.00283,301.5284345
2025-10-17 23:33:06.737,106546.67,0.00098,104.41573659999999
2025-10-17 23:33:06.739,106546.0,0.0001,10.6546
2025-10-17 23:33:06.839,106545.98,0.0001,10.654598
2025-10-17 23:33:06.842,106545.85,0.0331,3526.667635
2025-10-17 23:33:06.858,106544.76,0.05626,5994.208197599999
2025-10-17 23:33:07.025,106544.75,0.05607,5973.9641325
2025-10-17 23:33:07.043,106544.76,0.14096,15018.5493696
2025-10-17 23:33:07.064,106544.76,0.0024,255.70742399999997
2025-10-17 23:33:07.133,106544.75,0.00725,772.4494375
2025-10-17 23:33:07.179,106544.76,0.0011,117.199236
2025-10-17 23:33:07.320,106544.76,0.00188,200.30414879999998
2025-10-17 23:33:07.409,106543.99,0.0001,10.654399000000002
2025-10-17 23:33:07.412,106543.21,0.0027,287.666667
2025-10-17 23:33:07.414,106543.19,0.0005,53.271595000000005
2025-10-17 23:33:07.418,106542.0,0.00474,505.00908000000004
2025-10-17 23:33:07.420,106541.5,6e-05,6.3924900000000004
2025-10-17 23:33:07.423,106540.72,7e-05,7.457850399999999
2025-10-17 23:33:07.426,106540.24,0.00653,695.7077672
2025-10-17 23:33:07.428,106539.29,0.0004,42.615716
2025-10-17 23:33:07.582,106538.82,0.00012,12.784658400000001
2025-10-17 23:33:07.586,106538.82,0.013,1385.00466
2025-10-17 23:33:07.587,106538.82,0.013,1385.00466
2025-10-17 23:33:07.595,106538.46,0.00044,46.876922400000005
2025-10-17 23:33:07.715,106538.46,0.00118,125.71538280000001
2025-10-17 23:33:07.747,106538.1,7e-05,7.457667
2025-10-17 23:33:07.763,106538.1,0.00248,264.214488
2025-10-17 23:33:07.887,106538.09,0.00684,728.7205356
2025-10-17 23:33:08.030,106537.21,0.002,213.07442
2025-10-17 23:33:08.031,106537.21,0.002,213.07442
2025-10-17 23:33:08.360,106537.22,0.00937,998.2537513999999
2025-10-17 23:33:08.361,106537.22,0.00937,998.2537513999999
2025-10-17 23:33:08.362,106537.22,0.00937,998.2537513999999
2025-10-17 23:33:08.363,106537.22,0.00937,998.2537513999999
2025-10-17 23:33:08.365,106537.22,0.02812,2995.8266264
2025-10-17 23:33:08.366,106537.22,0.01074,1144.2097428
2025-10-17 23:33:08.367,106537.22,0.00855,910.893231
2025-10-17 23:33:08.369,106537.22,0.02813,2996.8919986
2025-10-17 23:33:08.370,106537.22,0.02001,2131.8097722
2025-10-17 23:33:08.371,106537.22,0.01061,1130.3599042
2025-10-17 23:33:08.372,106537.22,0.00286,304.6964492
2025-10-17 23:33:08.373,106537.22,0.00207,220.5320454
2025-10-17 23:33:08.375,106537.22,0.0235,2503.62467
2025-10-17 23:33:08.376,106537.22,0.02813,2996.8919986
2025-10-17 23:33:08.377,106537.22,0.02813,2996.8919986
2025-10-17 23:33:08.378,106537.22,0.01673,1782.3676905999998
2025-10-17 23:33:08.379,106537.22,0.01432,1525.6129904
2025-10-17 23:33:08.381,106537.22,0.02813,2996.8919986
2025-10-17 23:33:08.383,106537.22,0.02813,2996.8919986
2025-10-17 23:33:08.384,106537.22,0.02813,2996.8919986
2025-10-17 23:33:08.385,106537.22,0.00026,27.699677199999996
2025-10-17 23:33:08.386,106537.22,0.00187,199.22460139999998
2025-10-17 23:33:08.387,106537.22,0.02813,2996.8919986
2025-10-17 23:33:08.388,106537.22,0.13916,14825.719535200002
2025-10-17 23:33:08.389,106537.22,0.01579,1682.2227037999999
2025-10-17 23:33:08.392,106537.22,0.00187,199.22460139999998
2025-10-17 23:33:08.393,106537.22,0.02814,2997.9573708
2025-10-17 23:33:08.394,106537.22,0.02814,2997.9573708
2025-10-17 23:33:08.395,106537.22,0.01261,1343.4343442
2025-10-17 23:33:08.416,106537.22,0.05117,5451.5095474
2025-10-17 23:33:08.528,106537.22,0.0001,10.653722
2025-10-17 23:33:09.028,106533.35,0.00078,83.096013
2025-10-17 23:33:09.029,106520.81,8e-05,8.5216648
2025-10-17 23:33:09.030,106524.02,0.04,4260.9608
2025-10-17 23:33:09.031,106525.78,0.00046,49.0018588
2025-10-17 23:33:09.034,106525.78,0.00938,999.2118164
2025-10-17 23:33:09.038,106525.78,0.00035,37.284023
2025-10-17 23:33:09.041,106520.82,0.013,1384.7706600000001
2025-10-17 23:33:09.047,106524.01,0.0001,10.652401
2025-10-17 23:33:09.048,106518.78,0.013,1384.74414
2025-10-17 23:33:09.054,106520.81,0.0009,95.868729
2025-10-17 23:33:09.094,106518.78,0.08566,9124.3986948
2025-10-17 23:33:09.156,106518.79,7e-05,7.456315299999999
2025-10-17 23:33:09.208,106518.78,0.00025,26.629695
2025-10-17 23:33:09.212,106518.78,0.00683,727.5232674
2025-10-17 23:33:09.335,106518.78,0.00418,445.24850039999995
2025-10-17 23:33:09.383,106518.79,0.00734,781.8479186
2025-10-17 23:33:09.662,106518.79,0.00095,101.19285049999999
2025-10-17 23:33:09.692,106518.78,0.00027,28.7600706
2025-10-17 23:33:09.812,106518.79,8e-05,8.5215032
2025-10-17 23:33:09.983,106518.79,8e-05,8.5215032
2025-10-17 23:33:10.020,106518.79,0.00093,99.0624747
2025-10-17 23:33:10.027,106520.83,0.00011,11.717291300000001
2025-10-17 23:33:10.028,106523.16,0.0001,10.652316
2025-10-17 23:33:10.029,106525.76,5e-05,5.326288
2025-10-17 23:33:10.033,106526.54,0.02881,3069.0296173999996
2025-10-17 23:33:10.034,106533.05,8e-05,8.522644000000001
2025-10-17 23:33:10.035,106537.06,0.00845,900.2381569999999
2025-10-17 23:33:10.037,106537.05,0.00053,56.4646365
2025-10-17 23:33:10.043,106537.06,0.01878,2000.7659868
2025-10-17 23:33:10.045,106537.06,0.00938,999.3176227999999
2025-10-17 23:33:10.051,106537.06,0.09379,9992.110857399999
2025-10-17 23:33:10.115,106537.06,0.00939,1000.3829934
2025-10-17 23:33:10.273,106537.05,0.00027,28.765003500000002
2025-10-17 23:33:10.545,106537.06,0.00404,430.4097224
2025-10-17 23:33:10.548,106537.06,0.00398,424.0174988
2025-10-17 23:33:10.792,106537.05,0.00469,499.65876449999996
2025-10-17 23:33:10.821,106537.06,8e-05,8.5229648
2025-10-17 23:33:11.288,106537.05,0.00047,50.0724135
2025-10-17 23:33:11.370,106537.06,0.0001,10.653706
2025-10-17 23:33:11.408,106537.06,8e-05,8.5229648
2025-10-17 23:33:11.577,106537.05,0.0001,10.653705
2025-10-17 23:33:11.820,106537.06,0.00202,215.2048612
2025-10-17 23:33:11.936,106537.06,0.0006,63.92223599999999
2025-10-17 23:33:11.945,106537.06,0.0006,63.92223599999999
2025-10-17 23:33:11.946,106537.06,0.0006,63.92223599999999
2025-10-17 23:33:11.947,106537.06,0.00304,323.8726624
2025-10-17 23:33:11.953,106537.06,0.00608,647.7453248
2025-10-17 23:33:11.954,106537.06,0.15211,16205.352196599999
2025-10-17 23:33:11.987,106537.05,0.39457,42036.3238185
2025-10-17 23:33:12.037,106537.06,0.0037,394.187122
2025-10-17 23:33:12.359,106537.06,0.00333,354.7684098
2025-10-17 23:33:12.406,106537.06,0.00645,687.164037
2025-10-17 23:33:12.548,106537.06,8e-05,8.5229648
2025-10-17 23:33:12.853,106537.05,0.00117,124.64834850000001
2025-10-17 23:33:13.020,106537.06,0.00022,23.4381532
2025-10-17 23:33:13.147,106537.05,0.00416,443.194128
2025-10-17 23:33:13.247,106537.05,0.5,53268.525
2025-10-17 23:33:13.654,106537.06,0.0324,3451.8007439999997
2025-10-17 23:33:13.841,106537.05,0.00019,20.2420395
2025-10-17 23:33:13.882,106537.06,8e-05,8.5229648
2025-10-17 23:33:14.204,106537.06,0.00081,86.29501859999999
2025-10-17 23:33:14.207,106537.06,0.00937,998.2522521999999
2025-10-17 23:33:14.208,106537.06,0.00937,998.2522521999999
2025-10-17 23:33:14.210,106537.06,0.00937,998.2522521999999
2025-10-17 23:33:14.211,106537.06,0.02813,2996.8874978
2025-10-17 23:33:14.212,106537.06,0.02813,2996.8874978
2025-10-17 23:33:14.214,106537.06,0.01472,1568.2255232
2025-10-17 23:33:14.381,106537.06,8e-05,8.5229648
2025-10-17 23:33:14.506,106537.06,8e-05,8.5229648
2025-10-17 23:33:14.874,106537.06,8e-05,8.5229648
2025-10-17 23:33:15.011,106537.06,8e-05,8.5229648
2025-10-17 23:33:15.368,106537.05,0.00025,26.634262500000002
2025-10-17 23:33:15.445,106537.05,0.03017,3214.2227985
2025-10-17 23:33:15.448,106537.05,0.00025,26.634262500000002
2025-10-17 23:33:15.456,106537.04,0.02619,2790.2050776
2025-10-17 23:33:15.458,106537.03,0.0011,117.19073300000001
2025-10-17 23:33:15.459,106537.02,0.00091,96.9486882
2025-10-17 23:33:15.510,106536.89,0.0004,42.614756
2025-10-17 23:33:15.528,106536.89,0.01795,1912.3371755
2025-10-17 23:33:15.715,106536.89,0.01125,1198.5400124999999
2025-10-17 23:33:15.716,106536.88,0.0002,21.307376
2025-10-17 23:33:15.720,106536.87,0.00215,229.0542705
2025-10-17 23:33:15.908,106536.87,0.0008,85.229496
2025-10-17 23:33:16.096,106536.87,9e-05,9.588318300000001
2025-10-17 23:33:16.680,106536.87,0.00011,11.7190557
2025-10-17 23:33:17.209,106536.87,8e-05,8.5229496
2025-10-17 23:33:17.579,106536.87,8e-05,8.5229496
2025-10-17 23:33:17.720,106536.87,0.00038,40.4840106
2025-10-17 23:33:17.808,106536.87,0.00018,19.176636600000002
2025-10-17 23:33:17.925,106536.87,8e-05,8.5229496
2025-10-17 23:33:18.219,106536.87,0.00081,86.29486469999999
2025-10-17 23:33:18.221,106536.87,0.02578,2746.5205086
2025-10-17 23:33:18.261,106536.87,7e-05,7.457580899999999
2025-10-17 23:33:18.360,106536.87,9e-05,9.588318300000001
2025-10-17 23:33:18.721,106536.86,0.00362,385.6634332
2025-10-17 23:33:18.726,106529.96,0.00015,15.979493999999999
2025-10-17 23:33:18.729,106529.96,0.05001,5327.5632996
2025-10-17 23:33:18.732,106529.96,0.00937,998.1857252000001
2025-10-17 23:33:18.739,106529.96,0.00838,892.7210648000001
2025-10-17 23:33:18.741,106529.96,0.01659,1767.3320364
2025-10-17 23:33:18.744,106529.96,0.00598,637.0491608000001
2025-10-17 23:33:18.748,106529.96,0.01249,1330.5592004
2025-10-17 23:33:18.751,106529.96,0.00596,634.9185616000001
2025-10-17 23:33:18.794,106529.96,0.00467,497.4949132
2025-10-17 23:33:18.796,106529.96,0.03466,3692.3284136000007
2025-10-17 23:33:18.800,106529.96,0.01188,1265.5759248000002
2025-10-17 23:33:18.803,106529.96,0.02422,2580.1556312
2025-10-17 23:33:19.010,106529.96,7e-05,7.4570972
2025-10-17 23:33:19.113,106529.96,0.00281,299.3491876
2025-10-17 23:33:19.334,106529.96,0.00079,84.15866840000001
2025-10-17 23:33:19.883,106529.96,8e-05,8.522396800000001
2025-10-17 23:33:20.146,106529.96,8e-05,8.522396800000001
2025-10-17 23:33:20.388,106529.96,0.01875,1997.43675
2025-10-17 23:33:20.444,106529.96,9e-05,9.5876964
2025-10-17 23:33:20.461,106529.96,0.00015,15.979493999999999
2025-10-17 23:33:20.792,106529.96,8e-05,8.522396800000001
2025-10-17 23:33:21.032,106529.96,0.09386,9998.9020456
2025-10-17 23:33:21.214,106529.95,0.013,1384.88935
2025-10-17 23:33:21.215,106529.95,0.013,1384.88935
2025-10-17 23:33:21.447,106529.95,0.0048,511.3437599999999
2025-10-17 23:33:21.542,106529.96,9e-05,9.5876964
2025-10-17 23:33:22.237,106529.96,0.0034,362.201864
2025-10-17 23:33:22.617,106529.96,0.00015,15.979493999999999
2025-10-17 23:33:22.691,106529.96,0.00018,19.1753928
2025-10-17 23:33:22.710,106529.96,8e-05,8.522396800000001
2025-10-17 23:33:23.139,106529.96,0.00018,19.1753928
2025-10-17 23:33:23.186,106529.96,0.01876,1998.5020496
2025-10-17 23:33:23.740,106529.95,0.00031,33.0242845
2025-10-17 23:33:24.895,106529.95,0.1278,13614.52761
2025-10-17 23:33:24.956,106529.95,0.36422,38800.338389
2025-10-17 23:33:25.181,106529.96,0.00071,75.6362716
2025-10-17 23:33:25.795,106529.96,0.00033,35.1548868
2025-10-17 23:33:26.188,106529.95,0.00253,269.5207735
2025-10-17 23:33:26.718,106529.96,0.00046,49.0037816
2025-10-17 23:33:26.758,106529.96,0.00023,24.5018908
2025-10-17 23:33:26.792,106529.95,0.0001,10.652995
2025-10-17 23:33:26.897,106529.95,0.013,1384.88935
2025-10-17 23:33:26.898,106529.95,0.013,1384.88935
2025-10-17 23:33:26.899,106529.95,0.013,1384.88935
2025-10-17 23:33:27.278,106529.96,0.00152,161.92553920000003
2025-10-17 23:33:27.690,106529.96,0.00033,35.1548868
2025-10-17 23:33:27.901,106529.95,8e-05,8.522396
2025-10-17 23:33:28.139,106529.95,0.00028,29.828386
2025-10-17 23:33:28.255,106529.95,0.00017,18.1100915
2025-10-17 23:33:28.590,106529.96,0.00937,998.1857252000001
2025-10-17 23:33:28.591,106529.96,0.00937,998.1857252000001
2025-10-17 23:33:28.592,106529.96,0.01991,2121.0115036
2025-10-17 23:33:28.593,106529.96,0.02813,2996.6877748
2025-10-17 23:33:28.595,106529.96,0.01292,1376.3670832
2025-10-17 23:33:28.597,106529.96,0.02813,2996.6877748
2025-10-17 23:33:28.600,106529.96,0.02813,2996.6877748
2025-10-17 23:33:28.611,106529.96,0.00937,998.1857252000001
2025-10-17 23:33:28.612,106529.96,0.00147,156.59904120000002
2025-10-17 23:33:28.615,106529.96,0.02814,2997.7530744
2025-10-17 23:33:28.617,106529.96,0.01406,1497.8112376000001
2025-10-17 23:33:28.712,106529.96,0.06805,7249.363778000001
2025-10-17 23:33:28.721,106529.96,0.00281,299.3491876
2025-10-17 23:33:28.834,106529.96,8e-05,8.522396800000001
2025-10-17 23:33:28.917,106529.95,0.0092,980.0755399999999
2025-10-17 23:33:28.983,106529.95,0.00028,29.828386
2025-10-17 23:33:28.992,106531.5,0.02817,3000.992355
2025-10-17 23:33:28.994,106533.08,0.00015,15.979961999999999
2025-10-17 23:33:28.995,106533.09,0.0006,63.919853999999994
2025-10-17 23:33:28.999,106536.09,0.0003,31.960826999999995
2025-10-17 23:33:29.004,106536.1,0.00939,1000.3739790000002
2025-10-17 23:33:29.007,106536.09,8e-05,8.5228872
2025-10-17 23:33:29.008,106536.1,0.0016,170.45776
2025-10-17 23:33:29.026,106538.1,0.00063,67.119003
2025-10-17 23:33:29.028,106540.76,0.00015,15.981113999999998
2025-10-17 23:33:29.031,106544.96,0.00062,66.0578752
2025-10-17 23:33:29.061,106544.96,0.02796,2978.9970816
2025-10-17 23:33:29.063,106544.96,3e-05,3.1963488000000004
2025-10-17 23:33:29.065,106546.48,0.00025,26.63662
2025-10-17 23:33:29.067,106547.57,0.0003,31.964271
2025-10-17 23:33:29.069,106548.0,6e-05,6.39288
2025-10-17 23:33:29.071,106548.0,0.00026,27.702479999999998
2025-10-17 23:33:29.085,106549.19,0.02269,2417.6011211
2025-10-17 23:33:29.087,106549.19,0.04547,4844.7916693
2025-10-17 23:33:29.210,106549.19,0.00127,135.31747130000002
2025-10-17 23:33:29.281,106554.41,8e-05,8.5243528
2025-10-17 23:33:29.574,106555.47,0.0084,895.0659479999999
2025-10-17 23:33:29.576,106555.47,0.0036,383.599692
2025-10-17 23:33:29.604,106555.47,0.04853,5171.136959099999
2025-10-17 23:33:29.605,106554.31,5e-05,5.3277155
2025-10-17 23:33:29.670,106552.33,0.05672,6043.6481576
2025-10-17 23:33:29.731,106544.24,0.02382,2537.8837968000003
2025-10-17 23:33:29.733,106542.17,0.0002,21.308434000000002
2025-10-17 23:33:29.962,106540.37,0.00018,19.1772666
2025-10-17 23:33:30.004,106540.37,0.00238,253.56608060000002
2025-10-17 23:33:30.014,106540.36,0.00187,199.2304732
2025-10-17 23:33:30.018,106540.36,0.00024,25.569686400000002
2025-10-17 23:33:30.042,106533.51,0.0001,10.653351
2025-10-17 23:33:30.315,106533.24,0.00112,119.3172288
2025-10-17 23:33:30.319,106533.24,0.00015,15.979986
2025-10-17 23:33:31.609,106533.24,7e-05,7.4573268
2025-10-17 23:33:31.795,106528.5,6e-05,6.39171
2025-10-17 23:33:31.796,106523.23,0.14868,15837.8738364
2025-10-17 23:33:31.797,106514.83,0.0004,42.605932
2025-10-17 23:33:31.799,106509.96,0.00063,67.10127480000001
2025-10-17 23:33:31.801,106508.74,7e-05,7.4556118
2025-10-17 23:33:31.804,106511.72,1e-05,1.0651172000000002
2025-10-17 23:33:31.805,106511.72,4e-05,4.260468800000001
2025-10-17 23:33:31.812,106509.96,0.013,1384.62948
2025-10-17 23:33:31.816,106509.97,0.00938,999.0635186
2025-10-17 23:33:31.818,106509.97,0.00938,999.0635186
2025-10-17 23:33:31.819,106509.96,0.013,1384.62948
2025-10-17 23:33:31.823,106509.97,0.00026,27.692592199999996
2025-10-17 23:33:31.824,106508.66,0.0025,266.27165
2025-10-17 23:33:31.850,106508.75,0.01035,1102.3655625
2025-10-17 23:33:31.852,106508.75,0.02814,2997.1562249999997
2025-10-17 23:33:31.864,106508.75,0.00187,199.1713625
2025-10-17 23:33:31.867,106508.75,0.00081,86.2720875
2025-10-17 23:33:31.874,106508.75,0.01748,1861.7729499999998
2025-10-17 23:33:31.879,106508.75,0.01677,1786.1517375
2025-10-17 23:33:31.886,106508.75,0.00721,767.9280875000001
2025-10-17 23:33:31.897,106508.75,0.00331,352.5439625
2025-10-17 23:33:31.909,106508.75,0.03126,3329.463525
2025-10-17 23:33:31.912,106508.75,0.02047,2180.2341125
2025-10-17 23:33:31.916,106508.75,0.01311,1396.3297125
2025-10-17 23:33:31.918,106508.75,0.02153,2293.1333875
2025-10-17 23:33:31.923,106508.75,0.01899,2022.6011625
2025-10-17 23:33:31.926,106508.75,0.0071,756.212125
2025-10-17 23:33:31.930,106508.75,0.01432,1525.2052999999999
2025-10-17 23:33:31.935,106508.75,0.00292,311.00554999999997
2025-10-17 23:33:31.938,106508.75,0.02136,2275.0269
2025-10-17 23:33:31.941,106508.75,0.06785,7226.618687499999
2025-10-17 23:33:31.944,106508.75,0.0069,734.9103749999999
2025-10-17 23:33:31.949,106508.75,0.0174,1853.2522499999998
2025-10-17 23:33:31.953,106508.75,0.00689,733.8452875
2025-10-17 23:33:31.955,106508.75,0.00688,732.7802
2025-10-17 23:33:31.958,106508.75,0.00187,199.1713625
2025-10-17 23:33:31.962,106508.75,0.00499,531.4786624999999
2025-10-17 23:33:31.965,106508.75,0.00187,199.1713625
2025-10-17 23:33:31.969,106508.75,0.01031,1098.1052124999999
2025-10-17 23:33:31.979,106508.75,0.00682,726.389675
2025-10-17 23:33:31.983,106508.75,0.00091,96.9229625
2025-10-17 23:33:32.237,106508.74,0.013,1384.61362
2025-10-17 23:33:32.238,106508.74,0.013,1384.61362
2025-10-17 23:33:32.470,106508.75,0.00018,19.171575
2025-10-17 23:33:32.871,106508.75,0.00014,14.911224999999998
2025-10-17 23:33:32.918,106508.75,0.00081,86.2720875
2025-10-17 23:33:32.920,106508.75,0.03063,3262.3630125
2025-10-17 23:33:32.929,106508.75,0.00257,273.7274875
2025-10-17 23:33:33.029,106508.74,0.00621,661.4192754000001
2025-10-17 23:33:33.035,106505.86,0.00185,197.035841
2025-10-17 23:33:33.036,106505.1,7e-05,7.455356999999999
2025-10-17 23:33:33.045,106505.25,0.01659,1766.9220975
2025-10-17 23:33:33.050,106505.25,0.00475,505.89993749999996
2025-10-17 23:33:33.109,106505.25,0.00028,29.821469999999998
2025-10-17 23:33:33.142,106505.24,0.00299,318.45066760000003
2025-10-17 23:33:33.143,106502.5,6e-05,6.39015
2025-10-17 23:33:33.155,106502.81,7e-05,7.455196699999999
2025-10-17 23:33:33.182,106502.82,8e-05,8.520225600000002
2025-10-17 23:33:33.216,106502.81,7e-05,7.455196699999999
2025-10-17 23:33:33.266,106502.81,7e-05,7.455196699999999
2025-10-17 23:33:33.425,106500.43,0.00111,118.2154773
2025-10-17 23:33:33.426,106500.0,0.20561,21897.465
2025-10-17 23:33:33.431,106499.82,0.00147,156.5547354
2025-10-17 23:33:33.436,106499.36,0.00058,61.7696288
2025-10-17 23:33:33.437,106499.37,0.00328,349.3179336
2025-10-17 23:33:33.440,106496.0,0.00093,99.04128
2025-10-17 23:33:33.441,106493.84,0.00698,743.3270032
2025-10-17 23:33:33.491,106493.85,0.00093,99.03928050000002
2025-10-17 23:33:33.558,106493.84,0.00191,203.4032344
2025-10-17 23:33:33.619,106493.85,0.01877,1998.8895645
2025-10-17 23:33:33.623,106493.84,0.00084,89.4548256
2025-10-17 23:33:34.018,106493.84,0.0005,53.246919999999996
2025-10-17 23:33:34.030,106493.84,0.0011,117.143224
2025-10-17 23:33:34.081,106492.88,0.00411,437.68573680000003
2025-10-17 23:33:34.147,106492.53,6e-05,6.3895518000000004
2025-10-17 23:33:34.204,106492.51,0.0001,10.649251
2025-10-17 23:33:34.211,106492.0,0.00157,167.19244
2025-10-17 23:33:34.324,106492.01,0.00037,39.4020437
2025-10-17 23:33:34.368,106492.0,0.00107,113.94644
2025-10-17 23:33:34.658,106490.81,7e-05,7.454356699999999
2025-10-17 23:33:34.795,106490.8,8e-05,8.519264000000002
2025-10-17 23:33:35.209,106490.81,0.00562,598.4783522
2025-10-17 23:33:35.235,106490.81,0.00147,156.5414907
2025-10-17 23:33:36.181,106490.8,0.04,4259.6320000000005
2025-10-17 23:33:36.182,106490.8,0.075,7986.8099999999995
2025-10-17 23:33:36.185,106490.8,0.013,1384.3804
2025-10-17 23:33:36.186,106490.8,0.013,1384.3804
2025-10-17 23:33:36.389,106490.8,7e-05,7.454356
2025-10-17 23:33:36.391,106490.81,0.00495,527.1295095
2025-10-17 23:33:36.448,106490.8,7e-05,7.454356
2025-10-17 23:33:36.489,106490.81,0.00968,1030.8310408
2025-10-17 23:33:36.717,106490.81,0.00013,13.843805299999998
2025-10-17 23:33:37.247,106490.8,6e-05,6.389448000000001
2025-10-17 23:33:37.261,106490.81,0.00056,59.63485359999999
2025-10-17 23:33:37.586,106490.8,0.00187,199.137796
2025-10-17 23:33:37.695,106490.8,0.01698,1808.2137839999998
2025-10-17 23:33:37.703,106490.81,5e-05,5.3245405
2025-10-17 23:33:37.879,106490.81,0.00015,15.973621499999998
2025-10-17 23:33:38.026,106490.81,5e-05,5.3245405
2025-10-17 23:33:38.240,106490.8,0.00066,70.283928
2025-10-17 23:33:38.290,106490.81,5e-05,5.3245405
2025-10-17 23:33:39.168,106490.81,8e-05,8.5192648
2025-10-17 23:33:39.184,106490.81,0.0001,10.649081
2025-10-17 23:33:39.647,106490.81,0.00056,59.63485359999999
2025-10-17 23:33:39.669,106490.81,0.00123,130.9836963
2025-10-17 23:33:39.886,106490.8,0.00382,406.79485600000004
2025-10-17 23:33:40.165,106490.8,0.00071,75.608468
2025-10-17 23:33:40.263,106490.81,9e-05,9.5841729
2025-10-17 23:33:40.503,106490.81,0.00182,193.8132742
2025-10-17 23:33:40.838,106490.81,0.00052,55.37522119999999
2025-10-17 23:33:41.006,106490.81,0.1382,14717.029942
2025-10-17 23:33:41.010,106494.07,0.0006,63.896442
2025-10-17 23:33:41.022,106496.01,0.00015,15.974401499999997
2025-10-17 23:33:41.051,106498.33,0.01946,2072.4575018
2025-10-17 23:33:41.053,106498.33,0.00904,962.7449032
2025-10-17 23:33:41.075,106498.33,0.00097,103.30338010000001
2025-10-17 23:33:41.079,106498.94,0.00056,59.6394064
2025-10-17 23:33:41.080,106499.44,0.0001,10.649944000000001
2025-10-17 23:33:41.083,106500.0,0.32064,34148.159999999996
2025-10-17 23:33:41.085,106500.01,0.00035,37.2750035
2025-10-17 23:33:41.086,106503.43,0.00015,15.975514499999997
2025-10-17 23:33:41.087,106503.74,0.04688,4992.8953312
2025-10-17 23:33:41.089,106503.74,0.27994,29814.656975600003
2025-10-17 23:33:41.091,106504.26,0.00015,15.975638999999997
2025-10-17 23:33:41.094,106505.26,0.00094,100.1149444
2025-10-17 23:33:41.099,106510.69,0.3169,33753.237661
2025-10-17 23:33:41.241,106512.62,0.0022,234.327764
2025-10-17 23:33:41.462,106512.62,0.0047,500.609314
2025-10-17 23:33:41.929,106512.61,8e-05,8.5210088
2025-10-17 23:33:42.670,106512.62,0.00079,84.1449698
2025-10-17 23:33:42.802,106512.62,6e-05,6.3907571999999995
2025-10-17 23:33:42.842,106512.62,0.0001,10.651262000000001
2025-10-17 23:33:43.658,106512.61,0.30329,32304.2094869
2025-10-17 23:33:43.703,106512.61,7e-05,7.455882699999999
2025-10-17 23:33:43.878,106512.62,0.00058,61.7773196
2025-10-17 23:33:44.321,106512.61,5e-05,5.3256305
2025-10-17 23:33:44.386,106512.62,9e-05,9.586135800000001
2025-10-17 23:33:44.552,106512.61,0.02143,2282.5652323
2025-10-17 23:33:44.583,106512.62,0.00047,50.060931399999994
2025-10-17 23:33:45.117,106512.62,0.00038,40.4747956
2025-10-17 23:33:45.386,106512.61,7e-05,7.455882699999999
2025-10-17 23:33:45.935,106512.62,0.00047,50.060931399999994
2025-10-17 23:33:46.474,106512.62,0.00059,62.8424458
2025-10-17 23:33:46.695,106512.61,0.01803,1920.4223583
2025-10-17 23:33:46.991,106512.62,8e-05,8.521009600000001
2025-10-17 23:33:47.182,106512.62,0.00094,100.12186279999999
2025-10-17 23:33:47.523,106512.61,8e-05,8.5210088
2025-10-17 23:33:47.804,106512.62,8e-05,8.521009600000001
2025-10-17 23:33:47.905,106512.62,0.00148,157.6386776
2025-10-17 23:33:48.160,106512.62,0.00117,124.61976539999999
2025-10-17 23:33:48.481,106512.62,0.00052,55.386562399999995
2025-10-17 23:33:48.741,106512.62,5e-05,5.3256310000000004
2025-10-17 23:33:48.742,106512.62,0.03338,3555.3912556
2025-10-17 23:33:48.745,106514.34,5e-05,5.325717
2025-10-17 23:33:48.746,106514.9,5e-05,5.325745
2025-10-17 23:33:48.750,106517.91,0.00015,15.977686499999999
2025-10-17 23:33:48.751,106517.92,0.00289,307.8367888
2025-10-17 23:33:48.758,106517.92,0.00939,1000.2032688
2025-10-17 23:33:48.776,106517.92,0.05288,5632.6676096
2025-10-17 23:33:48.815,106517.92,0.00145,154.45098399999998
2025-10-17 23:33:48.842,106519.01,0.00578,615.6798778
2025-10-17 23:33:48.947,106523.74,0.0001,10.652374000000002
2025-10-17 23:33:48.950,106525.25,0.00056,59.65414
2025-10-17 23:33:48.951,106529.32,0.00015,15.979398
2025-10-17 23:33:49.549,106537.18,5e-05,5.326859
2025-10-17 23:33:49.792,106539.46,0.00054,57.53130840000001
2025-10-17 23:33:50.024,106539.47,5e-05,5.3269735
2025-10-17 23:33:51.061,106540.0,0.02067,2202.1818000000003
2025-10-17 23:33:51.063,106540.89,5e-05,5.3270445
2025-10-17 23:33:51.086,106541.76,0.00015,15.981263999999998
2025-10-17 23:33:51.115,106542.0,0.00319,339.86898
2025-10-17 23:33:51.130,106542.01,0.00166,176.8597366
2025-10-17 23:33:51.262,106542.39,0.0002,21.308478
2025-10-17 23:33:51.373,106542.39,7e-05,7.457967299999999
2025-10-17 23:33:51.584,106542.39,7e-05,7.457967299999999
2025-10-17 23:33:52.047,106542.39,0.0012,127.85086799999999
2025-10-17 23:33:52.086,106542.4,0.00938,999.3677119999999
2025-10-17 23:33:52.215,106542.4,0.00081,86.29934399999999
2025-10-17 23:33:52.241,106542.4,0.00024,25.570176
2025-10-17 23:33:52.381,106542.4,0.00053,56.467471999999994
2025-10-17 23:33:52.587,106542.4,7e-05,7.457967999999999
2025-10-17 23:33:52.640,106542.4,5e-05,5.32712
2025-10-17 23:33:52.838,106542.4,0.01343,1430.8644319999999
2025-10-17 23:33:52.839,106546.0,0.00185,197.11010000000002
2025-10-17 23:33:52.842,106546.0,0.00125,133.1825
2025-10-17 23:33:52.858,106547.26,0.0022,234.403972
2025-10-17 23:33:52.870,106548.0,0.00067,71.38716000000001
2025-10-17 23:33:52.983,106547.99,0.03447,3672.7092153000003
2025-10-17 23:33:53.751,106550.13,1e-05,1.0655013000000002
2025-10-17 23:33:53.752,106550.13,9e-05,9.589511700000001
2025-10-17 23:33:53.844,106551.99,0.0001,10.655199000000001
2025-10-17 23:33:53.905,106552.0,7e-05,7.458639999999999
2025-10-17 23:33:53.946,106551.99,7e-05,7.4586393
2025-10-17 23:33:53.976,106552.0,0.00298,317.52496
2025-10-17 23:33:53.978,106552.01,0.0015,159.828015
2025-10-17 23:33:54.021,106553.04,0.00028,29.834851199999996
2025-10-17 23:33:54.130,106557.75,6e-05,6.393465
2025-10-17 23:33:54.283,106558.0,0.00014,14.918119999999998
2025-10-17 23:33:54.690,106557.99,7e-05,7.4590593
2025-10-17 23:33:54.760,106558.0,0.00081,86.31197999999999
2025-10-17 23:33:55.544,106558.0,0.00047,50.08226
2025-10-17 23:33:56.643,106558.0,0.00296,315.41168
2025-10-17 23:33:56.810,106558.0,6e-05,6.39348
2025-10-17 23:33:57.572,106558.0,8e-05,8.524640000000002
2025-10-17 23:33:57.685,106558.0,0.00047,50.08226
2025-10-17 23:33:58.855,106557.99,0.00059,62.86921410000001
2025-10-17 23:33:58.897,106557.99,0.00101,107.6235699
2025-10-17 23:33:59.027,106558.0,0.00062,66.06596
2025-10-17 23:33:59.229,106558.0,5e-05,5.3279000000000005
2025-10-17 23:34:01.068,106557.99,0.00018,19.1804382
2025-10-17 23:34:01.226,106558.0,0.00013,13.85254
2025-10-17 23:34:01.445,106558.0,5e-05,5.3279000000000005
2025-10-17 23:34:01.685,106557.99,0.00506,539.1834294
2025-10-17 23:34:01.947,106558.0,0.00077,82.04965999999999
2025-10-17 23:34:01.987,106558.0,0.0018,191.8044
2025-10-17 23:34:02.057,106557.99,7e-05,7.4590593
2025-10-17 23:34:02.081,106559.26,5e-05,5.327963
2025-10-17 23:34:02.082,106562.0,0.0029,309.02979999999997
2025-10-17 23:34:02.085,106562.54,0.0001,10.656254
2025-10-17 23:34:02.089,106562.68,5e-05,5.3281339999999995
2025-10-17 23:34:02.090,106562.55,0.00015,15.984382499999999
2025-10-17 23:34:02.099,106567.5,6e-05,6.39405
2025-10-17 23:34:02.125,106568.0,0.00302,321.83536000000004
2025-10-17 23:34:02.221,106568.0,0.0016,170.5088
2025-10-17 23:34:02.222,106568.01,0.00085,90.58280849999998
2025-10-17 23:34:02.376,106568.02,0.00195,207.807639
2025-10-17 23:34:02.378,106568.03,0.00095,101.2396285
2025-10-17 23:34:02.515,106568.48,0.0001,10.656848
2025-10-17 23:34:02.932,106568.65,0.00041,43.6931465
2025-10-17 23:34:03.177,106568.65,5e-05,5.3284325
2025-10-17 23:34:03.331,106568.65,0.0606,6458.06019
2025-10-17 23:34:03.332,106568.65,0.04516,4812.6402339999995
2025-10-17 23:34:03.333,106570.01,0.0001,10.657001
2025-10-17 23:34:03.349,106572.01,0.0001,10.657201
2025-10-17 23:34:03.824,106573.99,0.4667,49738.081133
2025-10-17 23:34:04.319,106574.0,0.0001,10.6574
2025-10-17 23:34:04.473,106573.99,0.01809,1927.9234791
2025-10-17 23:34:05.604,106574.0,0.0011,117.23140000000001
2025-10-17 23:34:05.893,106573.99,0.04,4262.9596
2025-10-17 23:34:06.482,106574.0,0.00098,104.44252
2025-10-17 23:34:06.718,106574.0,0.0002,21.3148
2025-10-17 23:34:06.861,106573.99,9e-05,9.591659100000001
2025-10-17 23:34:07.096,106574.0,0.00952,1014.5844800000001
2025-10-17 23:34:07.171,106573.99,0.00092,98.0480708
2025-10-17 23:34:07.575,106574.0,0.00047,50.08978
2025-10-17 23:34:07.577,106574.0,0.01319,1405.71106
2025-10-17 23:34:07.693,106573.99,0.03134,3340.0288466
2025-10-17 23:34:07.700,106574.0,0.00062,66.07588
2025-10-17 23:34:07.869,106574.0,0.00042,44.76108
2025-10-17 23:34:07.931,106573.99,8e-05,8.5259192
2025-10-17 23:34:08.235,106573.99,9e-05,9.591659100000001
2025-10-17 23:34:08.606,106577.5,0.0001,10.65775
2025-10-17 23:34:09.018,106577.51,0.00029,30.9074779
2025-10-17 23:34:09.422,106578.01,0.0001,10.657801
2025-10-17 23:34:09.424,106578.26,0.00229,244.0642154
2025-10-17 23:34:09.615,106578.42,0.00183,195.0385086
2025-10-17 23:34:10.616,106579.98,0.0005,53.289989999999996
2025-10-17 23:34:11.669,106579.98,0.02802,2986.3710395999997
2025-10-17 23:34:12.200,106579.97,0.00063,67.14538110000001
2025-10-17 23:34:12.303,106579.98,0.00288,306.9503424
2025-10-17 23:34:12.573,106579.97,0.00101,107.6457697
2025-10-17 23:34:13.217,106579.98,0.03636,3875.2480728
2025-10-17 23:34:13.219,106579.98,5e-05,5.3289990000000005
2025-10-17 23:34:13.237,106580.0,0.00864,920.8512000000001
2025-10-17 23:34:13.969,106580.0,0.00452,481.74159999999995
2025-10-17 23:34:14.137,106579.99,0.00097,103.3825903
2025-10-17 23:34:14.692,106579.99,0.00047,50.0925953
2025-10-17 23:34:15.432,106580.0,0.00092,98.0536
2025-10-17 23:34:15.673,106579.99,0.031,3303.97969
2025-10-17 23:34:16.409,106579.99,0.01743,1857.6892257000002
2025-10-17 23:34:16.411,106579.97,0.01512,1611.4891464
2025-10-17 23:34:16.418,106579.97,0.00215,229.1469355
2025-10-17 23:34:16.438,106579.96,0.00145,154.540942
2025-10-17 23:34:16.443,106577.66,0.0007,74.604362
2025-10-17 23:34:16.477,106577.66,0.0005,53.288830000000004
2025-10-17 23:34:16.767,106577.51,0.00026,27.710152599999997
2025-10-17 23:34:16.874,106577.51,0.00016,17.0524016
2025-10-17 23:34:17.518,106577.51,0.00047,50.0914297
2025-10-17 23:34:17.646,106577.51,0.0005,53.288755
2025-10-17 23:34:17.678,106577.51,8e-05,8.5262008
2025-10-17 23:34:17.715,106577.48,0.00015,15.986621999999999
2025-10-17 23:34:18.120,106577.47,0.00019,20.249719300000002
2025-10-17 23:34:18.201,106577.46,0.01008,1074.3007968000002
2025-10-17 23:34:18.390,106577.47,0.00018,19.1839446
2025-10-17 23:34:18.411,106577.47,0.00023,24.5128181
2025-10-17 23:34:18.419,106577.47,0.00235,250.45705450000003
2025-10-17 23:34:18.426,106577.46,0.013,1385.50698
2025-10-17 23:34:18.430,106577.46,0.013,1385.50698
2025-10-17 23:34:19.044,106577.47,0.0001,10.657747
2025-10-17 23:34:19.426,106577.46,0.0051,543.5450460000001
2025-10-17 23:34:19.532,106577.47,0.00112,119.36676639999999
2025-10-17 23:34:20.239,106577.46,0.00026,27.710139599999998
2025-10-17 23:34:20.274,106577.46,0.013,1385.50698
2025-10-17 23:34:20.586,106577.46,0.00056,59.6833776
2025-10-17 23:34:21.583,106577.46,5e-05,5.328873000000001
2025-10-17 23:34:21.667,106577.46,0.00039,41.5652094
2025-10-17 23:34:21.951,106577.47,0.00151,160.9319797
2025-10-17 23:34:22.595,106577.47,0.03499,3729.1456753
2025-10-17 23:34:22.781,106577.46,0.00022,23.4470412
2025-10-17 23:34:22.791,106577.47,8e-05,8.526197600000001
2025-10-17 23:34:23.382,106577.46,0.00117,124.69562820000002
2025-10-17 23:34:23.435,106577.47,0.00111,118.30099170000001
2025-10-17 23:34:23.584,106577.46,0.05037,5368.3066602
2025-10-17 23:34:24.031,106577.46,5e-05,5.328873000000001
2025-10-17 23:34:24.240,106577.46,0.00038,40.4994348
2025-10-17 23:34:26.586,106577.47,9e-05,9.5919723
2025-10-17 23:34:26.725,106577.47,0.00046,49.0256362
2025-10-17 23:34:26.762,106577.47,0.00029,30.9074663
2025-10-17 23:34:27.081,106577.47,0.0001,10.657747
2025-10-17 23:34:27.097,106577.46,0.00029,30.9074634
2025-10-17 23:34:27.519,106577.47,0.00012,12.789296400000001
2025-10-17 23:34:27.914,106577.46,0.00026,27.710139599999998
2025-10-17 23:34:28.618,106577.46,0.00041,43.6967586
2025-10-17 23:34:28.807,106577.46,0.00036,38.36788560000001
2025-10-17 23:34:28.928,106577.47,4e-05,4.263098800000001
2025-10-17 23:34:29.932,106577.46,0.00347,369.82378620000003
2025-10-17 23:34:30.859,106577.46,0.00044,46.8940824
2025-10-17 23:34:32.102,106577.46,0.0003,31.973238
2025-10-17 23:34:32.118,106577.47,0.00018,19.1839446
2025-10-17 23:34:33.209,106577.47,0.00014,14.920845799999999
2025-10-17 23:34:34.777,106577.47,0.0001,10.657747
2025-10-17 23:34:34.830,106577.47,0.00018,19.1839446
2025-10-17 23:34:35.354,106577.47,0.06869,7320.8064143
2025-10-17 23:34:35.356,106577.61,0.0001,10.657761
2025-10-17 23:34:35.449,106579.5,0.00234,249.39603
2025-10-17 23:34:36.630,106579.5,0.06586,7019.325870000001
2025-10-17 23:34:36.632,106580.6,0.0001,10.65806
2025-10-17 23:34:36.636,106581.78,0.00105,111.91086899999999
2025-10-17 23:34:37.157,106583.76,0.0001,10.658376
2025-10-17 23:34:37.261,106583.75,0.00055,58.6210625
2025-10-17 23:34:37.654,106583.76,0.00324,345.33138239999994
2025-10-17 23:34:37.816,106583.75,0.0001,10.658375000000001
2025-10-17 23:34:38.324,106583.75,0.01838,1959.009325
2025-10-17 23:34:38.916,106583.76,0.00047,50.09436719999999
2025-10-17 23:34:39.110,106583.76,0.00938,999.7556687999999
2025-10-17 23:34:39.231,106583.75,7e-05,7.460862499999999
2025-10-17 23:34:40.309,106583.75,0.00035,37.3043125
2025-10-17 23:34:40.554,106583.76,0.00031,33.0409656
2025-10-17 23:34:41.817,106583.76,0.00043,45.83101679999999
2025-10-17 23:34:42.838,106583.76,0.00087,92.7278712
2025-10-17 23:34:42.983,106583.76,8e-05,8.5267008
2025-10-17 23:34:43.113,106583.75,0.0004,42.633500000000005
2025-10-17 23:34:43.600,106583.75,0.00027,28.7776125
2025-10-17 23:34:43.956,106583.76,5e-05,5.329188
2025-10-17 23:34:44.067,106583.76,0.00933,994.4264807999999
2025-10-17 23:34:44.622,106583.75,0.00029,30.9092875
2025-10-17 23:34:44.960,106583.75,0.00048,51.1602
2025-10-17 23:34:44.971,106583.75,0.00035,37.3043125
2025-10-17 23:34:45.082,106583.75,0.00145,154.5464375
2025-10-17 23:34:45.350,106583.76,0.00025,26.64594
2025-10-17 23:34:45.935,106583.76,0.00343,365.5822968
2025-10-17 23:34:46.091,106583.76,0.00014,14.921726399999997
2025-10-17 23:34:46.310,106583.76,0.0001,10.658376
2025-10-17 23:34:47.627,106583.75,0.00047,50.094362499999995
2025-10-17 23:34:48.448,106583.75,0.0001,10.658375000000001
2025-10-17 23:34:48.522,106583.76,9e-05,9.5925384
2025-10-17 23:34:48.694,106583.75,0.00036,38.37015
2025-10-17 23:34:48.934,106583.76,0.00066,70.34528159999999
2025-10-17 23:34:48.964,106583.76,0.00047,50.09436719999999
2025-10-17 23:34:50.260,106583.75,0.00192,204.6408
2025-10-17 23:34:51.027,106583.75,0.00039,41.5676625
2025-10-17 23:34:51.097,106583.75,8e-05,8.5267
2025-10-17 23:34:51.733,106583.76,7e-05,7.460863199999999
2025-10-17 23:34:52.009,106583.75,0.00097,103.38623750000001
2025-10-17 23:34:52.387,106583.75,0.00028,29.843449999999997
2025-10-17 23:34:52.510,106583.76,0.00546,581.9473295999999
2025-10-17 23:34:53.404,106583.76,9e-05,9.5925384
2025-10-17 23:34:53.419,106583.75,8e-05,8.5267
2025-10-17 23:34:54.830,106583.76,0.00284,302.6978784
2025-10-17 23:34:55.288,106583.75,0.00037,39.435987499999996
2025-10-17 23:34:55.739,106583.76,0.00039,41.5676664
2025-10-17 23:34:55.894,106583.76,0.00013,13.855888799999999
2025-10-17 23:34:56.577,106583.75,8e-05,8.5267
2025-10-17 23:34:56.683,106583.76,0.00019,20.2509144
2025-10-17 23:34:58.409,106583.75,0.00228,243.01094999999998
2025-10-17 23:34:58.816,106583.75,0.00035,37.3043125
2025-10-17 23:34:59.382,106583.75,0.00047,50.094362499999995
2025-10-17 23:35:00.515,106583.75,0.00026,27.711774999999996
2025-10-17 23:35:00.747,106583.76,9e-05,9.5925384
2025-10-17 23:35:01.421,106583.75,0.00094,100.18872499999999
2025-10-17 23:35:01.830,106583.76,0.05656,6028.3774656
2025-10-17 23:35:01.833,106587.0,6e-05,6.39522
2025-10-17 23:35:01.849,106588.18,0.0001,10.658818
2025-10-17 23:35:01.850,106588.57,5e-05,5.329428500000001
2025-10-17 23:35:01.870,106589.97,9e-05,9.5930973
2025-10-17 23:35:01.881,106589.97,0.00469,499.9069593
2025-10-17 23:35:01.883,106590.08,0.0001,10.659008
2025-10-17 23:35:01.885,106591.3,5e-05,5.3295650000000006
2025-10-17 23:35:01.886,106592.0,0.0028,298.4576
2025-10-17 23:35:01.887,106592.52,5e-05,5.329626
2025-10-17 23:35:01.888,106594.14,5e-05,5.329707
2025-10-17 23:35:01.916,106594.28,0.00229,244.10090119999998
2025-10-17 23:35:01.917,106596.0,0.0001,10.659600000000001
2025-10-17 23:35:02.471,106600.3,0.0001,10.66003
2025-10-17 23:35:02.472,106603.32,0.00015,15.990497999999999
2025-10-17 23:35:02.474,106604.4,0.09381,10000.558764
2025-10-17 23:35:02.476,106606.5,6e-05,6.39639
2025-10-17 23:35:02.489,106608.0,0.00203,216.41424
2025-10-17 23:35:02.490,106608.0,0.00077,82.08816
2025-10-17 23:35:02.493,106611.96,0.00141,150.3228636
2025-10-17 23:35:02.494,106611.96,0.00148,157.7857008
2025-10-17 23:35:02.499,106611.96,0.01398,1490.4352008
2025-10-17 23:35:02.612,106611.96,0.00037,39.4464252
2025-10-17 23:35:03.279,106611.95,0.0055,586.365725
2025-10-17 23:35:03.344,106611.96,0.00093,99.14912280000001
2025-10-17 23:35:04.274,106611.96,0.0015,159.91794000000002
2025-10-17 23:35:04.311,106611.95,0.00044,46.909258
2025-10-17 23:35:04.500,106611.95,0.0061,650.332895
2025-10-17 23:35:04.538,106611.96,0.0001,10.661196
2025-10-17 23:35:04.541,106611.95,9e-05,9.5950755
2025-10-17 23:35:04.925,106611.96,0.00028,29.8513488
2025-10-17 23:35:05.736,106611.95,0.02188,2332.669466
2025-10-17 23:35:05.794,106611.96,0.00018,19.190152800000003
2025-10-17 23:35:05.901,106611.96,0.00018,19.190152800000003
2025-10-17 23:35:06.282,106611.95,0.00083,88.48791849999999
2025-10-17 23:35:06.577,106611.96,0.00532,567.1756272
2025-10-17 23:35:06.649,106611.95,0.00037,39.4464215
2025-10-17 23:35:06.758,106611.96,0.00046,49.041501600000004
2025-10-17 23:35:07.001,106611.96,0.00011,11.7273156
2025-10-17 23:35:07.018,106611.95,0.00035,37.3141825
2025-10-17 23:35:07.036,106611.96,0.01876,2000.0403696
2025-10-17 23:35:07.101,106611.95,8e-05,8.528956
2025-10-17 23:35:07.189,106611.95,9e-05,9.5950755
2025-10-17 23:35:07.505,106611.95,0.0061,650.332895
2025-10-17 23:35:07.988,106611.96,0.0006,63.967175999999995
2025-10-17 23:35:07.989,106612.22,0.0001,10.661222
2025-10-17 23:35:07.992,106613.0,6e-05,6.396780000000001
2025-10-17 23:35:08.000,106616.13,0.00346,368.89180980000003
2025-10-17 23:35:08.010,106616.13,0.0012,127.93935599999999
2025-10-17 23:35:08.575,106617.32,7e-05,7.4632124
2025-10-17 23:35:09.543,106617.32,0.00019,20.257290800000003
2025-10-17 23:35:09.905,106617.31,8e-05,8.5293848
2025-10-17 23:35:10.023,106617.31,0.00012,12.7940772
2025-10-17 23:35:10.507,106617.32,0.02427,2587.6023564
2025-10-17 23:35:11.174,106617.31,0.00035,37.3160585
2025-10-17 23:35:11.869,106617.31,0.00013,13.860250299999999
2025-10-17 23:35:12.717,106617.32,0.00048,51.17631360000001
2025-10-17 23:35:12.919,106617.32,0.00094,100.2202808
2025-10-17 23:35:13.688,106617.32,0.03356,3578.0772592000003
2025-10-17 23:35:13.690,106618.64,5e-05,5.330932000000001
2025-10-17 23:35:14.332,106619.15,0.00187,199.37781049999998
2025-10-17 23:35:14.919,106619.16,0.01161,1237.8484476
2025-10-17 23:35:14.921,106619.17,0.00065,69.3024605
2025-10-17 23:35:14.931,106620.0,0.02293,2444.7965999999997
2025-10-17 23:35:14.974,106620.01,0.0017,181.25401699999998
2025-10-17 23:35:15.028,106620.29,0.02213,2359.5070177
2025-10-17 23:35:15.030,106620.31,0.0001,10.662031
2025-10-17 23:35:15.509,106622.0,0.00515,549.1033
2025-10-17 23:35:15.510,106622.0,0.00011,11.72842
2025-10-17 23:35:16.157,106622.62,0.05435,5794.939397
2025-10-17 23:35:16.158,106623.46,5e-05,5.331173000000001
2025-10-17 23:35:16.518,106623.7,8e-05,8.529896
2025-10-17 23:35:16.782,106623.71,0.00038,40.517009800000004
2025-10-17 23:35:16.910,106623.71,0.00037,39.4507727
2025-10-17 23:35:17.260,106623.71,0.09381,10002.370235100001
2025-10-17 23:35:17.262,106623.71,0.05087,5423.9481277
2025-10-17 23:35:17.264,106623.71,0.1252,13349.288492000001
2025-10-17 23:35:17.265,106623.71,0.07533,8031.9640743
2025-10-17 23:35:17.270,106623.71,0.0005,53.311855
2025-10-17 23:35:17.271,106624.53,5e-05,5.3312265000000005
2025-10-17 23:35:17.365,106624.68,0.00035,37.318638
2025-10-17 23:35:17.384,106624.69,0.00105,111.9559245
2025-10-17 23:35:17.671,106624.7,0.00017,18.126199
2025-10-17 23:35:17.744,106624.7,0.05133,5473.045851
2025-10-17 23:35:17.745,106624.74,0.00015,15.993711
2025-10-17 23:35:17.746,106625.1,0.0001,10.662510000000001
2025-10-17 23:35:17.886,106626.0,0.00422,449.96171999999996
2025-10-17 23:35:18.696,106627.97,0.00061,65.0430617
2025-10-17 23:35:19.335,106628.01,0.0001,10.662801
2025-10-17 23:35:19.342,106628.55,5e-05,5.3314275
2025-10-17 23:35:19.515,106629.25,0.00226,240.982105
2025-10-17 23:35:19.516,106629.26,0.0007,74.64048199999999
2025-10-17 23:35:19.540,106629.27,0.00147,156.7450269
2025-10-17 23:35:19.571,106630.1,0.00253,269.774153
2025-10-17 23:35:19.914,106630.11,0.00018,19.1934198
2025-10-17 23:35:20.128,106630.1,0.00555,591.7970550000001
2025-10-17 23:35:20.177,106630.1,0.00016,17.060816000000003
2025-10-17 23:35:20.723,106630.1,9e-05,9.596709
2025-10-17 23:35:21.713,106630.11,9e-05,9.5967099
2025-10-17 23:35:21.829,106630.11,0.0001,10.663011000000001
2025-10-17 23:35:21.939,106634.19,5e-05,5.3317095000000005
2025-10-17 23:35:22.130,106637.16,0.00093,99.1725588
2025-10-17 23:35:23.278,106637.16,0.0023,245.265468
2025-10-17 23:35:23.370,106637.15,0.00019,20.2610585
2025-10-17 23:35:23.795,106637.15,0.00036,38.389374000000004
2025-10-17 23:35:24.028,106637.15,0.01203,1282.8449145
2025-10-17 23:35:25.762,106637.15,0.00027,28.7920305
2025-10-17 23:35:25.924,106637.15,0.00019,20.2610585
2025-10-17 23:35:26.243,106637.15,0.00019,20.2610585
2025-10-17 23:35:27.756,106637.15,0.00018,19.194687000000002
2025-10-17 23:35:27.856,106637.16,0.00285,303.915906
2025-10-17 23:35:28.527,106637.16,0.00134,142.89379440000002
2025-10-17 23:35:28.581,106637.15,0.0002,21.32743
2025-10-17 23:35:28.627,106637.16,0.00047,50.1194652
2025-10-17 23:35:29.040,106637.15,0.00093,99.1725495
2025-10-17 23:35:29.076,106637.16,0.00938,1000.2565608
2025-10-17 23:35:29.210,106637.16,0.0001,10.663716
2025-10-17 23:35:29.292,106637.16,0.00052,55.4513232
2025-10-17 23:35:30.246,106637.16,0.00014,14.9292024
2025-10-17 23:35:30.374,106637.15,0.00017,18.1283155
2025-10-17 23:35:31.152,106637.16,0.00163,173.8185708
2025-10-17 23:35:31.583,106637.15,6e-05,6.398229
2025-10-17 23:35:31.620,106637.15,0.00013,13.862829499999998
2025-10-17 23:35:32.703,106637.15,0.00035,37.323002499999994
2025-10-17 23:35:32.738,106637.16,0.01585,1690.198986
2025-10-17 23:35:32.778,106637.15,0.00082,87.44246299999999
2025-10-17 23:35:32.886,106637.15,0.00085,90.6415775
2025-10-17 23:35:33.583,106637.15,0.0002,21.32743
2025-10-17 23:35:34.400,106637.15,0.00041,43.721231499999995
2025-10-17 23:35:34.485,106637.15,0.00025,26.659287499999998
2025-10-17 23:35:34.922,106637.16,0.04112,4384.9200192
2025-10-17 23:35:35.140,106637.16,0.00184,196.21237440000002
2025-10-17 23:35:35.256,106637.16,0.00237,252.73006920000003
2025-10-17 23:35:35.984,106637.16,0.00037,39.4557492
2025-10-17 23:35:36.307,106637.16,0.00254,270.85838640000003
2025-10-17 23:35:36.978,106637.17,0.00185,197.2787645
2025-10-17 23:35:36.983,106638.0,0.00281,299.65278
2025-10-17 23:35:37.015,106638.0,0.34926,37244.38788
2025-10-17 23:35:37.016,106639.89,0.00281,299.6580909
2025-10-17 23:35:37.328,106639.89,0.01468,1565.4735852000001
2025-10-17 23:35:37.361,106639.89,0.00143,152.4950427
2025-10-17 23:35:37.790,106639.88,5e-05,5.331994000000001
2025-10-17 23:35:37.808,106639.89,0.00794,846.7207265999999
2025-10-17 23:35:38.315,106639.89,0.00192,204.7485888
2025-10-17 23:35:38.522,106639.91,0.0009,95.975919
2025-10-17 23:35:38.715,106639.92,0.00216,230.3422272
2025-10-17 23:35:38.717,106639.93,0.0009,95.97593699999999
2025-10-17 23:35:38.758,106642.0,0.00025,26.6605
2025-10-17 23:35:39.910,106642.0,0.00036,38.39112
2025-10-17 23:35:41.195,106642.0,0.00028,29.859759999999998
2025-10-17 23:35:41.493,106641.99,0.00025,26.6604975
2025-10-17 23:35:41.522,106642.0,0.09099,9703.35558
2025-10-17 23:35:41.523,106642.25,6e-05,6.398535
2025-10-17 23:35:41.527,106643.55,0.02345,2500.7912475
2025-10-17 23:35:41.529,106644.16,0.0001,10.664416000000001
2025-10-17 23:35:41.531,106645.67,5e-05,5.3322835
2025-10-17 23:35:41.543,106650.01,0.00015,15.997501499999998
2025-10-17 23:35:41.544,106663.77,0.08,8533.1016
2025-10-17 23:35:41.546,106663.77,0.0099,1055.9713230000002
2025-10-17 23:35:41.548,106663.77,0.0322,3434.573394
2025-10-17 23:35:41.549,106663.77,0.14051,14987.3263227
2025-10-17 23:35:41.550,106663.77,0.00015,15.9995655
2025-10-17 23:35:41.553,106665.34,5e-05,5.333267
2025-10-17 23:35:41.556,106667.47,0.0768,8192.061695999999
2025-10-17 23:35:41.568,106672.0,0.00062,66.13664
2025-10-17 23:35:41.572,106672.0,0.00114,121.60607999999999
2025-10-17 23:35:41.575,106672.07,0.00656,699.7687792
2025-10-17 23:35:41.601,106669.18,0.00938,1000.5569083999999
2025-10-17 23:35:41.602,106669.18,0.00281,299.7403958
2025-10-17 23:35:41.603,106669.18,0.00074,78.9351932
2025-10-17 23:35:41.604,106669.18,0.00863,920.5550234
2025-10-17 23:35:41.610,106669.17,0.03,3200.0751
2025-10-17 23:35:41.621,106669.18,0.01073,1144.5603013999998
2025-10-17 23:35:41.632,106669.18,0.0011,117.33609799999999
2025-10-17 23:35:41.661,106669.67,0.00938,1000.5615045999999
2025-10-17 23:35:41.664,106669.18,0.00045,48.001130999999994
2025-10-17 23:35:41.672,106669.18,0.00015,16.000376999999997
2025-10-17 23:35:41.684,106669.18,0.51775,55227.967945000004
2025-10-17 23:35:41.711,106669.66,0.2368,25259.375488
2025-10-17 23:35:41.725,106669.18,0.00065,69.33496699999999
2025-10-17 23:35:41.728,106669.66,0.01836,1958.4549576000002
2025-10-17 23:35:41.756,106669.66,0.15497,16530.5972102
2025-10-17 23:35:41.785,106669.66,0.01254,1337.6375364
2025-10-17 23:35:41.794,106669.66,0.36939,39402.705707400004
2025-10-17 23:35:41.795,106669.67,0.00055,58.668318500000005
2025-10-17 23:35:41.904,106673.49,5e-05,5.333674500000001
2025-10-17 23:35:42.082,106673.99,0.00044,46.936555600000005
2025-10-17 23:35:42.139,106674.0,0.0429,4576.3146
2025-10-17 23:35:42.279,106675.05,0.0001,10.667505
2025-10-17 23:35:42.286,106675.99,0.00038,40.5368762
2025-10-17 23:35:42.595,106675.99,8e-05,8.5340792
2025-10-17 23:35:42.656,106676.0,0.001,106.676
2025-10-17 23:35:43.360,106675.99,0.00047,50.1377153
2025-10-17 23:35:43.669,106675.99,9e-05,9.600839100000002
2025-10-17 23:35:44.001,106675.99,0.00385,410.70256150000006
2025-10-17 23:35:44.243,106677.23,0.00435,464.04595049999995
2025-10-17 23:35:44.258,106677.23,0.00937,999.5656451
2025-10-17 23:35:44.267,106677.23,0.0045,480.0475349999999
2025-10-17 23:35:44.270,106677.24,0.00094,100.2766056
2025-10-17 23:35:44.719,106678.0,7e-05,7.467459999999999
2025-10-17 23:35:46.513,106678.0,0.00188,200.55464
2025-10-17 23:35:46.579,106677.99,7e-05,7.4674593
2025-10-17 23:35:47.037,106677.99,0.00019,20.2688181
2025-10-17 23:35:47.195,106677.99,0.00073,77.8749327
2025-10-17 23:35:47.777,106678.0,0.00455,485.3849
2025-10-17 23:35:47.948,106678.0,0.00404,430.97912
2025-10-17 23:35:48.873,106677.99,6e-05,6.4006794000000005
2025-10-17 23:35:48.958,106678.0,0.00101,107.74478
2025-10-17 23:35:50.246,106678.0,0.00046,49.07188
2025-10-17 23:35:50.410,106678.0,0.0072,768.0816
2025-10-17 23:35:50.428,106678.0,0.02814,3001.9189199999996
2025-10-17 23:35:50.464,106678.01,0.00025,26.6695025
2025-10-17 23:35:50.627,106678.75,0.00014,14.935025
2025-10-17 23:35:51.034,106678.75,0.00017,18.1353875
2025-10-17 23:35:51.537,106678.74,0.001,106.67874
2025-10-17 23:35:52.506,106678.75,0.00046,49.072225
2025-10-17 23:35:52.868,106678.75,6e-05,6.400725
2025-10-17 23:35:53.544,106678.75,0.00047,50.1390125
2025-10-17 23:35:53.569,106678.75,0.00402,428.84857500000004
2025-10-17 23:35:54.089,106678.74,0.0002,21.335748000000002
2025-10-17 23:35:54.116,106678.75,0.0001,10.667875
2025-10-17 23:35:54.474,106678.74,0.00029,30.9368346
2025-10-17 23:35:54.981,106678.74,0.05242,5592.0995508000005
2025-10-17 23:35:55.780,106678.75,5e-05,5.3339375
2025-10-17 23:35:56.452,106678.74,0.00029,30.9368346
2025-10-17 23:35:57.372,106678.74,0.01852,1975.6902648
2025-10-17 23:35:57.617,106678.74,0.00945,1008.114093
2025-10-17 23:35:57.799,106678.74,0.0537,5728.648338
2025-10-17 23:35:57.824,106678.75,0.00231,246.4279125
2025-10-17 23:35:58.338,106678.75,0.00063,67.2076125
2025-10-17 23:35:58.341,106678.75,0.00282,300.834075
2025-10-17 23:35:58.626,106678.75,5e-05,5.3339375
2025-10-17 23:35:58.735,106678.74,0.00047,50.1390078
2025-10-17 23:35:59.370,106678.75,0.00037,39.4711375
2025-10-17 23:35:59.752,106678.75,0.00936,998.5131
2025-10-17 23:35:59.874,106678.75,8e-05,8.5343
2025-10-17 23:35:59.937,106678.74,0.00066,70.4079684
2025-10-17 23:36:01.075,106678.74,0.00468,499.25650320000005
2025-10-17 23:36:01.174,106678.74,0.00011,11.7346614
2025-10-17 23:36:01.624,106678.74,0.00086,91.7437164
2025-10-17 23:36:02.212,106678.75,0.00028,29.87005
2025-10-17 23:36:03.189,106678.74,0.00036,38.4043464
2025-10-17 23:36:04.046,106678.83,5e-05,5.333941500000001
2025-10-17 23:36:04.047,106678.83,5e-05,5.333941500000001
2025-10-17 23:36:04.194,106679.9,0.0009,96.01190999999999
2025-10-17 23:36:04.196,106678.76,0.0001,10.667876
2025-10-17 23:36:04.198,106678.75,0.0009,96.010875
2025-10-17 23:36:04.215,106678.74,0.34408,36706.0208592
2025-10-17 23:36:04.216,106678.74,0.29307,31264.3383318
2025-10-17 23:36:04.219,106677.98,0.0003,32.00339399999999
2025-10-17 23:36:04.227,106675.85,0.00015,16.0013775
2025-10-17 23:36:04.232,106675.84,0.18602,19843.8397568
2025-10-17 23:36:04.234,106675.84,0.466,49710.94144
2025-10-17 23:36:04.235,106675.84,0.0294,3136.269696
2025-10-17 23:36:04.238,106675.83,0.0013,138.67857899999998
2025-10-17 23:36:04.240,106673.73,0.00145,154.6769085
2025-10-17 23:36:04.242,106671.7,0.00015,16.000754999999998
2025-10-17 23:36:04.244,106671.5,0.00046,49.06889
2025-10-17 23:36:04.245,106671.5,0.00015,16.000725
2025-10-17 23:36:04.265,106669.17,0.06125,6533.4866624999995
2025-10-17 23:36:04.291,106669.17,0.00302,322.1408934
2025-10-17 23:36:04.292,106668.94,0.02295,2448.052173
2025-10-17 23:36:04.296,106668.62,0.00392,418.14099039999996
2025-10-17 23:36:04.299,106668.62,0.00672,716.8131264
2025-10-17 23:36:04.810,106668.62,0.0002,21.333724
2025-10-17 23:36:04.838,106668.63,7e-05,7.4668041
2025-10-17 23:36:04.932,106668.63,0.00535,570.6771705
2025-10-17 23:36:05.432,106668.62,0.0001,10.666862
2025-10-17 23:36:06.321,106668.63,0.00093,99.20182590000002
2025-10-17 23:36:06.452,106668.62,0.05212,5559.5684744
2025-10-17 23:36:06.523,106668.62,0.00283,301.8721946
2025-10-17 23:36:07.099,106668.81,0.0001,10.666881
2025-10-17 23:36:07.101,106668.87,0.00075,80.00165249999999
2025-10-17 23:36:07.115,106669.17,0.0013,138.669921
2025-10-17 23:36:07.123,106669.18,0.04273,4557.974061399999
2025-10-17 23:36:07.125,106669.19,0.0006,64.001514
2025-10-17 23:36:08.150,106673.96,0.00219,233.61597240000003
2025-10-17 23:36:08.164,106673.99,0.0008,85.33919200000001
2025-10-17 23:36:08.165,106674.63,5e-05,5.333731500000001
2025-10-17 23:36:08.166,106678.0,6e-05,6.40068
2025-10-17 23:36:08.210,106678.22,0.00556,593.1309032
2025-10-17 23:36:08.213,106678.23,0.0016,170.685168
2025-10-17 23:36:08.575,106679.3,7e-05,7.467550999999999
2025-10-17 23:36:08.769,106679.29,0.00786,838.4992194
2025-10-17 23:36:08.818,106679.3,0.00345,368.043585
2025-10-17 23:36:09.658,106679.29,8e-05,8.5343432
2025-10-17 23:36:09.862,106679.3,0.00036,38.404548000000005
2025-10-17 23:36:10.150,106679.19,0.0001,10.667919000000001
2025-10-17 23:36:10.151,106678.56,0.00015,16.001783999999997
2025-10-17 23:36:10.214,106678.16,0.00149,158.9504584
2025-10-17 23:36:10.227,106673.95,0.00098,104.540471
2025-10-17 23:36:10.275,106673.94,0.00225,240.01636499999998
2025-10-17 23:36:10.288,106673.93,0.0024,256.017432
2025-10-17 23:36:10.294,106669.69,0.0009,96.002721
2025-10-17 23:36:10.415,106669.69,0.0028,298.675132
2025-10-17 23:36:10.416,106668.63,0.0002,21.333726000000002
2025-10-17 23:36:10.527,106668.63,9e-05,9.6001767
2025-10-17 23:36:10.685,106668.62,0.00033,35.2006446
2025-10-17 23:36:11.982,106668.62,0.00036,38.4007032
2025-10-17 23:36:12.220,106668.63,0.00094,100.2685122
2025-10-17 23:36:13.037,106668.62,0.00048,51.200937599999996
2025-10-17 23:36:13.078,106668.63,0.00023,24.5337849
2025-10-17 23:36:13.223,106668.63,0.00163,173.8698669
2025-10-17 23:36:13.295,106668.62,0.01527,1628.8298273999999
2025-10-17 23:36:13.437,106667.6,0.55135,58811.181260000005
2025-10-17 23:36:13.760,106667.6,0.00029,30.933604000000003
2025-10-17 23:36:14.676,106667.59,0.00416,443.73717439999996
2025-10-17 23:36:14.758,106667.6,0.0001,10.666760000000002
2025-10-17 23:36:15.539,106667.6,0.00146,155.734696
2025-10-17 23:36:15.932,106667.59,0.00046,49.0670914
2025-10-17 23:36:15.965,106667.6,0.00057,60.800532000000004
2025-10-17 23:36:16.232,106667.59,0.00203,216.5352077
2025-10-17 23:36:16.577,106667.59,8e-05,8.533407200000001
2025-10-17 23:36:16.698,106667.59,0.00038,40.5336842
2025-10-17 23:36:17.272,106667.59,0.0001,10.666759
2025-10-17 23:36:17.387,106667.59,0.00051,54.4004709
2025-10-17 23:36:17.585,106667.59,0.013,1386.6786699999998
2025-10-17 23:36:17.586,106667.59,0.013,1386.6786699999998
2025-10-17 23:36:17.587,106667.59,0.013,1386.6786699999998
2025-10-17 23:36:17.819,106667.6,0.0001,10.666760000000002
2025-10-17 23:36:17.862,106667.6,0.00015,16.00014
2025-10-17 23:36:18.139,106667.6,0.00019,20.266844000000003
2025-10-17 23:36:18.218,106667.59,0.00228,243.20210519999998
2025-10-17 23:36:18.339,106667.6,0.0001,10.666760000000002
2025-10-17 23:36:18.348,106667.6,8e-05,8.533408000000001
2025-10-17 23:36:18.363,106667.6,0.00094,100.267544
2025-10-17 23:36:18.569,106667.6,6e-05,6.400056
2025-10-17 23:36:19.014,106667.6,0.00025,26.666900000000002
2025-10-17 23:36:19.117,106667.6,0.0001,10.666760000000002
2025-10-17 23:36:20.325,106667.6,0.00093,99.20086800000001
2025-10-17 23:36:20.489,106667.6,0.00098,104.534248
2025-10-17 23:36:20.520,106667.6,0.00099,105.600924
2025-10-17 23:36:20.774,106667.59,0.00408,435.2037672
2025-10-17 23:36:21.072,106667.6,0.00038,40.533688000000005
2025-10-17 23:36:21.413,106667.6,0.00048,51.200448
2025-10-17 23:36:21.425,106667.6,0.00468,499.20436800000004
2025-10-17 23:36:21.433,106667.59,0.0006,64.000554
2025-10-17 23:36:21.962,106667.59,0.00043,45.867063699999996
2025-10-17 23:36:22.040,106667.6,0.00458,488.53760800000003
2025-10-17 23:36:22.296,106667.6,5e-05,5.333380000000001
2025-10-17 23:36:22.376,106667.59,0.01875,2000.0173125
2025-10-17 23:36:22.610,106667.6,0.00011,11.733436000000001
2025-10-17 23:36:22.732,106667.6,0.0001,10.666760000000002
2025-10-17 23:36:22.852,106667.6,8e-05,8.533408000000001
2025-10-17 23:36:23.856,106667.59,0.00047,50.133767299999995
2025-10-17 23:36:25.199,106667.6,0.00242,258.135592
2025-10-17 23:36:26.325,106667.6,0.00026,27.733576
2025-10-17 23:36:27.008,106667.59,0.001,106.66759
2025-10-17 23:36:27.256,106667.59,0.16926,18054.556283399997
2025-10-17 23:36:27.257,106665.0,6e-05,6.399900000000001
2025-10-17 23:36:27.725,106664.64,0.00236,251.72855040000002
2025-10-17 23:36:28.385,106664.64,0.00045,47.999088
2025-10-17 23:36:28.645,106664.64,0.00135,143.997264
2025-10-17 23:36:29.893,106664.64,0.00019,20.2662816
2025-10-17 23:36:29.903,106664.64,0.00038,40.5325632
2025-10-17 23:36:30.868,106664.64,0.00046,49.065734400000004
2025-10-17 23:36:31.166,106664.64,0.00038,40.5325632
2025-10-17 23:36:31.841,106664.64,0.00286,305.0608704
2025-10-17 23:36:32.859,106664.63,0.00023,24.532864900000003
2025-10-17 23:36:33.323,106664.63,9e-05,9.599816700000002
2025-10-17 23:36:33.345,106664.64,0.02814,3001.5429695999997
2025-10-17 23:36:34.285,106664.64,0.0005,53.33232
2025-10-17 23:36:34.987,106664.64,9e-05,9.5998176
2025-10-17 23:36:35.039,106664.64,0.00047,50.1323808
2025-10-17 23:36:36.332,106664.63,0.01011,1078.3794093
2025-10-17 23:36:37.625,106664.63,0.6,63998.778
2025-10-17 23:36:37.719,106664.63,0.0151,1610.635913
2025-10-17 23:36:41.583,106664.63,8e-05,8.533170400000001
2025-10-17 23:36:41.732,106664.63,0.00747,796.7847861
2025-10-17 23:36:41.820,106664.64,0.00225,239.99543999999997
2025-10-17 23:36:42.023,106664.63,0.00024,25.599511200000002
2025-10-17 23:36:42.410,106664.64,9e-05,9.5998176
2025-10-17 23:36:42.837,106664.64,6e-05,6.3998784
2025-10-17 23:36:44.019,106664.64,0.00049,52.2656736
2025-10-17 23:36:44.732,106664.63,0.00281,299.72761030000004
2025-10-17 23:36:44.793,106664.63,0.00019,20.266279700000002
2025-10-17 23:36:44.962,106664.64,0.0042,447.99148799999995
2025-10-17 23:36:45.407,106664.64,0.00045,47.999088
2025-10-17 23:36:46.687,106664.63,0.00025,26.6661575
2025-10-17 23:36:46.933,106664.63,0.5064,54014.968632
2025-10-17 23:36:47.037,106664.64,7e-05,7.466524799999999
2025-10-17 23:36:47.218,106664.64,9e-05,9.5998176
2025-10-17 23:36:48.882,106664.64,0.00305,325.327152
2025-10-17 23:36:49.629,106664.64,0.00187,199.4628768
2025-10-17 23:36:50.145,106664.64,5e-05,5.333232000000001
2025-10-17 23:36:50.608,106664.63,0.07564,8068.1126132
2025-10-17 23:36:50.609,106663.95,0.0001,10.666395
2025-10-17 23:36:50.611,106663.77,0.00015,15.9995655
2025-10-17 23:36:50.612,106661.75,6e-05,6.399705
2025-10-17 23:36:50.617,106660.0,0.00085,90.661
2025-10-17 23:36:51.246,106658.24,0.004,426.63296
2025-10-17 23:36:51.257,106658.25,0.00772,823.40169
2025-10-17 23:36:53.191,106658.25,0.01422,1516.680315
2025-10-17 23:36:53.444,106658.25,0.01876,2000.9087699999998
2025-10-17 23:36:53.882,106658.23,0.00065,69.3278495
2025-10-17 23:36:53.884,106657.09,0.0006,63.99425399999999
2025-10-17 23:36:53.891,106655.52,0.013,1386.52176
2025-10-17 23:36:53.892,106655.52,0.01245,1327.861224
2025-10-17 23:36:53.902,106655.51,0.013,1386.52163
2025-10-17 23:36:53.915,106654.78,0.00015,15.998216999999999
2025-10-17 23:36:54.052,106654.78,0.00039,41.5953642
2025-10-17 23:36:54.657,106654.77,0.0026,277.302402
2025-10-17 23:36:54.670,106654.76,0.00208,221.84190079999996
2025-10-17 23:36:54.910,106653.97,0.0009,95.988573
2025-10-17 23:36:56.296,106653.97,0.003,319.96191
2025-10-17 23:36:56.300,106651.34,0.00015,15.997700999999998
2025-10-17 23:36:56.444,106649.5,0.00227,242.09436499999998
2025-10-17 23:36:56.581,106649.5,8e-05,8.531960000000002
2025-10-17 23:36:56.868,106649.5,0.00021,22.396395000000002
2025-10-17 23:36:57.839,106649.5,0.00047,50.125265
2025-10-17 23:36:58.711,106649.49,9e-05,9.598454100000001
2025-10-17 23:36:58.728,106649.5,0.00168,179.17116000000001
2025-10-17 23:36:59.109,106649.49,9e-05,9.598454100000001
2025-10-17 23:36:59.751,106649.5,0.00033,35.194335
2025-10-17 23:37:00.336,106649.5,0.0006,63.98969999999999
2025-10-17 23:37:00.805,106649.49,0.00058,61.8567042
2025-10-17 23:37:01.131,106649.5,0.00013,13.864434999999999
2025-10-17 23:37:01.132,106649.49,9e-05,9.598454100000001
2025-10-17 23:37:01.341,106649.49,0.00013,13.8644337
2025-10-17 23:37:02.177,106649.5,0.0001,10.664950000000001
2025-10-17 23:37:02.568,106649.49,6e-05,6.3989694
2025-10-17 23:37:02.730,106649.5,0.01876,2000.74462
2025-10-17 23:37:04.081,106649.5,0.00022,23.46289
2025-10-17 23:37:04.196,106649.5,0.00081,86.386095
2025-10-17 23:37:04.843,106649.5,8e-05,8.531960000000002
2025-10-17 23:37:04.845,106649.5,0.24286,25900.89757
2025-10-17 23:37:04.950,106649.5,0.00016,17.063920000000003
2025-10-17 23:37:05.148,106649.49,0.00047,50.1252603
2025-10-17 23:37:05.332,106649.5,4e-05,4.265980000000001
2025-10-17 23:37:07.768,106649.49,8e-05,8.531959200000001
2025-10-17 23:37:07.788,106649.5,0.0021,223.96394999999998
2025-10-17 23:37:07.990,106649.5,6e-05,6.39897
2025-10-17 23:37:08.729,106649.5,0.00047,50.125265
2025-10-17 23:37:09.359,106649.5,0.00154,164.24023
2025-10-17 23:37:10.339,106651.38,5e-05,5.332569
2025-10-17 23:37:10.340,106652.42,5e-05,5.3326210000000005
2025-10-17 23:37:10.346,106653.49,0.0012,127.98418799999999
2025-10-17 23:37:10.354,106653.76,0.00065,69.32494399999999
2025-10-17 23:37:10.363,106653.76,0.00025,26.663439999999998
2025-10-17 23:37:10.402,106658.5,6e-05,6.39951
2025-10-17 23:37:10.516,106658.74,0.00075,79.994055
2025-10-17 23:37:10.743,106660.15,0.00033,35.1978495
2025-10-17 23:37:11.631,106660.16,0.00936,998.3390976000001
2025-10-17 23:37:11.870,106660.15,0.00752,802.0843279999999
2025-10-17 23:37:12.143,106660.15,0.00371,395.7091565
2025-10-17 23:37:12.832,106660.16,0.09375,9999.39
2025-10-17 23:37:12.990,106660.16,0.00107,114.12637120000001
2025-10-17 23:37:14.869,106660.15,0.0047,501.302705
2025-10-17 23:37:16.576,106660.15,9e-05,9.5994135
2025-10-17 23:37:18.782,106660.16,0.00065,69.329104
2025-10-17 23:37:18.989,106660.16,0.00019,20.265430400000003
2025-10-17 23:37:19.452,106660.16,0.086,9172.77376
2025-10-17 23:37:20.018,106660.15,6e-05,6.399609
2025-10-17 23:37:20.110,106660.16,0.00244,260.25079039999997
2025-10-17 23:37:20.112,106660.31,0.0001,10.666031
2025-10-17 23:37:20.114,106661.75,0.04544,4846.70992
2025-10-17 23:37:20.115,106661.75,0.00016,17.06588
2025-10-17 23:37:20.751,106661.74,0.06194,6606.628175600001
2025-10-17 23:37:21.178,106661.75,9e-05,9.599557500000001
2025-10-17 23:37:21.414,106661.74,0.00536,571.7069264
2025-10-17 23:37:23.112,106661.75,6e-05,6.399705
2025-10-17 23:37:23.273,106661.75,0.00097,103.4618975
2025-10-17 23:37:23.762,106661.75,0.00031,33.0651425
2025-10-17 23:37:23.771,106661.74,5e-05,5.333087000000001
2025-10-17 23:37:24.026,106661.74,0.00508,541.8416392
2025-10-17 23:37:24.323,106661.74,0.00019,20.2657306
2025-10-17 23:37:25.269,106661.75,0.00015,15.999262499999999
2025-10-17 23:37:26.519,106661.75,0.00012,12.79941
2025-10-17 23:37:26.772,106661.74,0.00468,499.17694320000004
2025-10-17 23:37:27.177,106661.74,0.0008,85.32939200000001
2025-10-17 23:37:27.400,106661.74,0.00161,171.7254014
2025-10-17 23:37:27.401,106661.74,0.00237,252.78832380000003
2025-10-17 23:37:27.947,106661.74,0.00047,50.1310178
2025-10-17 23:37:28.170,106661.75,9e-05,9.599557500000001
2025-10-17 23:37:29.025,106661.75,0.00047,50.1310225
2025-10-17 23:37:29.197,106661.75,0.00049,52.2642575
2025-10-17 23:37:29.583,106661.75,0.02464,2628.14552
2025-10-17 23:37:30.030,106661.74,0.00036,38.398226400000006
2025-10-17 23:37:30.193,106661.75,8e-05,8.53294
2025-10-17 23:37:30.285,106661.74,0.00069,73.5966006
2025-10-17 23:37:30.386,106661.74,9e-05,9.599556600000001
2025-10-17 23:37:30.771,106661.74,0.00013,13.8660262
2025-10-17 23:37:30.816,106661.74,0.00013,13.8660262
2025-10-17 23:37:31.866,106661.75,0.00187,199.4574725
2025-10-17 23:37:31.991,106661.75,0.00043,45.8645525
2025-10-17 23:37:32.319,106661.75,9e-05,9.599557500000001
2025-10-17 23:37:35.292,106661.74,0.00718,765.8312932
2025-10-17 23:37:35.320,106661.75,4e-05,4.26647
2025-10-17 23:37:35.562,106661.75,0.00443,472.5115525
2025-10-17 23:37:36.039,106661.74,0.64,68263.5136
2025-10-17 23:37:36.040,106661.74,0.08,8532.9392
2025-10-17 23:37:36.041,106661.74,0.04437,4732.5814038
2025-10-17 23:37:36.042,106660.31,0.00015,15.999046499999999
2025-10-17 23:37:36.053,106660.15,0.01369,1460.1774535
2025-10-17 23:37:36.054,106660.15,0.00185,197.3212775
2025-10-17 23:37:36.055,106659.81,0.05045,5380.9874145
2025-10-17 23:37:36.071,106659.81,0.144,15359.012639999999
2025-10-17 23:37:36.073,106645.41,0.0001,10.664541000000002
2025-10-17 23:37:36.099,106640.25,0.00725,773.1418125
2025-10-17 23:37:36.150,106643.27,0.00937,999.2474399
2025-10-17 23:37:36.543,106643.28,0.00186,198.35650080000002
2025-10-17 23:37:36.939,106643.28,0.00013,13.8636264
2025-10-17 23:37:37.931,106643.27,0.005,533.21635
2025-10-17 23:37:37.932,106643.27,0.005,533.21635
2025-10-17 23:37:37.937,106643.27,0.005,533.21635
2025-10-17 23:37:37.939,106643.1,0.00095,101.310945
2025-10-17 23:37:37.976,106642.77,0.002,213.28554000000003
2025-10-17 23:37:37.978,106642.77,0.00025,26.660692500000003
2025-10-17 23:37:38.694,106637.15,0.00452,481.9999179999999
2025-10-17 23:37:38.837,106637.15,0.00047,50.119460499999995
2025-10-17 23:37:39.132,106637.15,0.00742,791.247653
2025-10-17 23:37:41.052,106637.15,0.004,426.54859999999996
2025-10-17 23:37:41.053,106637.15,0.004,426.54859999999996
2025-10-17 23:37:41.086,106637.16,0.00469,500.1282804
2025-10-17 23:37:41.603,106637.16,0.00018,19.1946888
2025-10-17 23:37:42.098,106637.16,4e-05,4.2654864
2025-10-17 23:37:42.694,106637.15,0.00469,500.12823349999996
2025-10-17 23:37:43.460,106637.16,0.47401,50547.0802116
2025-10-17 23:37:43.461,106637.25,0.02748,2930.39163
2025-10-17 23:37:43.462,106637.25,0.0033,351.902925
2025-10-17 23:37:43.463,106637.25,0.01947,2076.2272575
2025-10-17 23:37:43.465,106639.55,5e-05,5.331977500000001
2025-10-17 23:37:43.587,106641.42,0.00937,999.2301054
2025-10-17 23:37:44.696,106641.42,0.00023,24.5275266
2025-10-17 23:37:44.720,106641.42,0.0272,2900.646624
2025-10-17 23:37:45.712,106641.42,0.001,106.64142
2025-10-17 23:37:46.408,106641.41,0.0005,53.320705000000004
2025-10-17 23:37:46.577,106641.41,7e-05,7.4648987
2025-10-17 23:37:47.316,106641.42,0.00011,11.7305562
2025-10-17 23:37:47.440,106641.42,0.00086,91.7116212
2025-10-17 23:37:48.081,106641.41,0.00056,59.7191896
2025-10-17 23:37:49.324,106641.41,0.08,8531.3128
2025-10-17 23:37:49.325,106641.41,0.32,34125.2512
2025-10-17 23:37:49.328,106641.41,0.013,1386.33833
2025-10-17 23:37:49.329,106641.41,0.013,1386.33833
2025-10-17 23:37:49.389,106641.42,0.0002,21.328284
2025-10-17 23:37:49.410,106641.41,0.12281,13096.631562100001
2025-10-17 23:37:49.411,106641.39,0.17428,18585.4614492
2025-10-17 23:37:49.413,106640.0,5e-05,5.332
2025-10-17 23:37:49.415,106637.17,0.00095,101.3053115
2025-10-17 23:37:49.465,106637.14,0.04024,4291.0785135999995
2025-10-17 23:37:49.653,106636.61,0.00687,732.5935107
2025-10-17 23:37:49.655,106633.58,5e-05,5.331679
2025-10-17 23:37:50.467,106632.9,0.00279,297.505791
2025-10-17 23:37:50.650,106632.9,0.00013,13.862276999999999
2025-10-17 23:37:51.104,106632.9,0.00083,88.505307
2025-10-17 23:37:51.523,106632.89,0.00091,97.0359299
2025-10-17 23:37:51.584,106632.9,9e-05,9.596961
2025-10-17 23:37:52.021,106632.89,8e-05,8.5306312
2025-10-17 23:37:52.715,106632.89,0.013,1386.22757
2025-10-17 23:37:52.811,106632.89,0.01255,1338.2427695000001
2025-10-17 23:37:53.717,106632.89,0.013,1386.22757
2025-10-17 23:37:53.749,106632.89,0.013,1386.22757
2025-10-17 23:37:55.310,106632.9,0.00019,20.260251
2025-10-17 23:37:56.032,106632.89,0.00325,346.5568925
2025-10-17 23:37:56.395,106632.89,0.013,1386.22757
2025-10-17 23:37:56.396,106632.89,0.013,1386.22757
2025-10-17 23:37:57.284,106632.9,0.00111,118.362519
2025-10-17 23:37:57.317,106632.9,0.00029,30.923541
2025-10-17 23:37:57.447,106632.89,0.00054,57.5817606
2025-10-17 23:37:59.132,106632.89,0.00047,50.117458299999996
2025-10-17 23:38:00.396,106632.9,0.2356,25122.71124
2025-10-17 23:38:00.398,106632.9,0.11235,11980.206315
2025-10-17 23:38:00.399,106635.0,0.00015,15.995249999999999
2025-10-17 23:38:00.401,106635.67,0.0004,42.654268
2025-10-17 23:38:00.415,106635.75,0.06206,6617.8146449999995
2025-10-17 23:38:00.418,106637.16,0.00375,399.88935
2025-10-17 23:38:00.420,106637.16,0.00085,90.641586
2025-10-17 23:38:00.423,106637.3,5e-05,5.3318650000000005
2025-10-17 23:38:00.425,106645.2,0.07371,7860.817692
2025-10-17 23:38:00.426,106645.2,0.02254,2403.782808
2025-10-17 23:38:00.432,106645.29,0.0109,1162.433661
2025-10-17 23:38:01.186,106645.29,0.02044,2179.8297276
2025-10-17 23:38:01.365,106645.28,0.00101,107.71173280000001
2025-10-17 23:38:02.185,106645.29,0.00142,151.4363118
2025-10-17 23:38:02.799,106645.29,0.00097,103.4459313
2025-10-17 23:38:02.920,106645.29,0.00188,200.4931452
2025-10-17 23:38:03.508,106645.28,0.00213,227.15444639999998
2025-10-17 23:38:03.894,106645.29,0.00281,299.6732649
2025-10-17 23:38:04.393,106645.29,0.00031,33.0600399
2025-10-17 23:38:05.849,106645.28,0.00023,24.5284144
2025-10-17 23:38:06.270,106645.28,0.01947,2076.3836016
2025-10-17 23:38:07.577,106645.29,0.00346,368.9927034
2025-10-17 23:38:08.059,106645.28,0.00433,461.77406239999993
2025-10-17 23:38:08.074,106645.28,0.00014,14.930339199999999
2025-10-17 23:38:08.633,106645.29,0.00163,173.83182269999998
2025-10-17 23:38:09.244,106645.28,9e-05,9.5980752
2025-10-17 23:38:10.040,106645.29,0.00046,49.056833399999995
2025-10-17 23:38:11.286,106645.28,9e-05,9.5980752
2025-10-17 23:38:11.582,106645.29,0.00046,49.056833399999995
2025-10-17 23:38:11.711,106645.28,0.14738,15717.3813664
2025-10-17 23:38:11.828,106645.29,9e-05,9.5980761
2025-10-17 23:38:11.965,106645.29,0.00059,62.9207211
2025-10-17 23:38:13.984,106645.29,0.00011,11.7309819
2025-10-17 23:38:14.504,106645.28,0.0008,85.316224
2025-10-17 23:38:14.685,106645.29,0.00253,269.8125837
2025-10-17 23:38:15.333,106645.29,0.00075,79.98396749999999
2025-10-17 23:38:15.432,106645.28,0.00055,58.654904
2025-10-17 23:38:16.432,106645.29,0.00113,120.50917769999998
2025-10-17 23:38:16.576,106645.28,0.0001,10.664528
2025-10-17 23:38:16.624,106645.29,0.0006,63.98717399999999
2025-10-17 23:38:16.691,106645.29,0.0001,10.664529
2025-10-17 23:38:16.710,106645.29,7e-05,7.465170299999999
2025-10-17 23:38:16.846,106645.29,6e-05,6.3987174
2025-10-17 23:38:16.876,106645.29,0.00029,30.9271341
2025-10-17 23:38:16.890,106645.29,0.00019,20.2626051
2025-10-17 23:38:17.470,106645.29,0.0001,10.664529
2025-10-17 23:38:17.724,106645.29,7e-05,7.465170299999999
2025-10-17 23:38:18.009,106645.29,0.00027,28.7942283
2025-10-17 23:38:18.438,106645.29,0.00015,15.996793499999997
2025-10-17 23:38:18.633,106645.29,0.00074,78.91751459999999
2025-10-17 23:38:18.640,106645.29,0.0001,10.664529
2025-10-17 23:38:18.647,106645.29,0.00015,15.996793499999997
2025-10-17 23:38:19.145,106645.29,0.0184,1962.2733359999997
2025-10-17 23:38:19.155,106645.29,0.00044,46.9239276
2025-10-17 23:38:19.164,106645.29,0.00264,281.54356559999997
2025-10-17 23:38:19.225,106645.29,0.00126,134.3730654
2025-10-17 23:38:19.229,106645.29,0.00083,88.51559069999999
2025-10-17 23:38:19.969,106645.29,0.00056,59.72136239999999
2025-10-17 23:38:20.021,106645.28,0.00036,38.3923008
2025-10-17 23:38:20.297,106645.28,0.01501,1600.7456528
2025-10-17 23:38:20.343,106645.28,0.00051,54.3890928
2025-10-17 23:38:20.959,106645.28,0.09945,10605.873096
2025-10-17 23:38:21.139,106645.29,0.00215,229.28737349999997
2025-10-17 23:38:22.053,106645.28,0.00439,468.1727792
2025-10-17 23:38:22.169,106645.29,0.02825,3012.7294425
2025-10-17 23:38:22.192,106645.28,0.0006,63.987168
2025-10-17 23:38:22.225,106645.29,0.01523,1624.2077666999999
2025-10-17 23:38:24.032,106645.29,0.00469,500.16641009999995
2025-10-17 23:38:24.034,106645.28,0.00275,293.27452
2025-10-17 23:38:24.413,106645.09,0.0001,10.664509
2025-10-17 23:38:24.416,106644.92,0.00105,111.977166
2025-10-17 23:38:24.421,106642.89,0.013,1386.35757
2025-10-17 23:38:24.436,106642.89,0.013,1386.35757
2025-10-17 23:38:24.540,106642.9,0.00082,87.447178
2025-10-17 23:38:24.767,106642.9,7e-05,7.4650029999999985
2025-10-17 23:38:24.965,106642.89,0.008,853.1431200000001
2025-10-17 23:38:24.966,106642.89,0.00589,628.1266221000001
2025-10-17 23:38:24.971,106641.02,0.00589,628.1156078
2025-10-17 23:38:24.972,106641.02,0.00115,122.637173
2025-10-17 23:38:25.324,106639.96,5e-05,5.3319980000000005
2025-10-17 23:38:25.337,106639.4,0.00279,297.52392599999996
2025-10-17 23:38:25.672,106639.39,0.0037,394.565743
2025-10-17 23:38:25.690,106639.4,0.03384,3608.677296
2025-10-17 23:38:26.336,106639.39,0.00745,794.4634555
2025-10-17 23:38:26.839,106639.39,0.00234,249.53617260000001
2025-10-17 23:38:28.579,106639.4,0.0005,53.3197
2025-10-17 23:38:29.032,106639.39,0.0003,31.991816999999998
2025-10-17 23:38:29.753,106639.4,0.00236,251.668984
2025-10-17 23:38:30.069,106639.4,0.00449,478.810906
2025-10-17 23:38:30.169,106639.4,0.0001,10.66394
2025-10-17 23:38:30.307,106639.4,0.01235,1316.99659
2025-10-17 23:38:30.362,106639.39,0.00046,49.054119400000005
2025-10-17 23:38:30.858,106639.39,0.00393,419.09280270000005
2025-10-17 23:38:31.826,106639.39,0.00424,452.1510136
2025-10-17 23:38:31.827,106636.21,0.00662,705.9317102
2025-10-17 23:38:31.897,106637.03,0.03922,4182.3043166
2025-10-17 23:38:32.444,106637.02,0.001,106.63702
2025-10-17 23:38:32.445,106637.01,0.00017,18.128291700000002
2025-10-17 23:38:32.448,106637.01,0.00143,152.4909243
2025-10-17 23:38:32.586,106637.0,0.00335,357.23395
2025-10-17 23:38:32.715,106637.0,0.00067,71.44679000000001
2025-10-17 23:38:32.946,106636.2,0.00277,295.382274
2025-10-17 23:38:33.800,106636.2,7e-05,7.464534
2025-10-17 23:38:34.629,106636.19,0.01029,1097.2863951000002
2025-10-17 23:38:35.036,106636.19,0.0005,53.318095
2025-10-17 23:38:35.839,106636.2,0.00172,183.414264
2025-10-17 23:38:36.893,106636.2,0.00047,50.119014
2025-10-17 23:38:37.238,106636.19,0.00021,22.3935999
2025-10-17 23:38:40.362,106636.19,0.00093,99.17165670000001
2025-10-17 23:38:41.154,106636.2,0.0017,181.28153999999998
2025-10-17 23:38:41.332,106636.19,0.0041,437.20837900000004
2025-10-17 23:38:42.799,106636.2,0.00937,999.181194
2025-10-17 23:38:45.123,106636.19,0.00132,140.7597708
2025-10-17 23:38:46.661,106636.2,0.0005,53.3181
2025-10-17 23:38:47.025,106636.19,0.01111,1184.7280709000001
2025-10-17 23:38:47.738,106636.2,8e-05,8.530896
2025-10-17 23:38:48.625,106636.2,0.00029,30.924498
2025-10-17 23:38:48.789,106636.19,0.013,1386.27047
2025-10-17 23:38:49.134,106636.2,0.00047,50.119014
2025-10-17 23:38:50.282,106636.2,0.00018,19.194516
2025-10-17 23:38:50.533,106636.19,0.04537,4838.0839403
2025-10-17 23:38:50.534,106636.18,0.01387,1479.0438166
2025-10-17 23:38:50.535,106636.18,0.0042,447.87195599999995
2025-10-17 23:38:50.537,106634.61,0.00496,528.9076656
2025-10-17 23:38:50.540,106632.89,0.0002,21.326578
2025-10-17 23:38:50.542,106632.89,0.00494,526.7664766
2025-10-17 23:38:50.550,106630.34,0.013,1386.1944199999998
2025-10-17 23:38:50.551,106630.34,0.013,1386.1944199999998
2025-10-17 23:38:50.579,106627.98,0.0001,10.662798
2025-10-17 23:38:50.615,106627.98,0.0029,309.221142
2025-10-17 23:38:50.715,106627.98,0.00101,107.6942598
2025-10-17 23:38:50.728,106627.14,0.25555,27248.565627
2025-10-17 23:38:51.424,106627.15,0.00047,50.114760499999996
2025-10-17 23:38:51.664,106627.14,0.02132,2273.2906248
2025-10-17 23:38:52.128,106627.14,0.00076,81.0366264
2025-10-17 23:38:52.528,106627.14,0.00023,24.5242422
2025-10-17 23:38:55.244,106627.14,5e-05,5.331357000000001
2025-10-17 23:38:56.051,106627.15,0.00163,173.80225449999998
2025-10-17 23:38:56.576,106627.14,6e-05,6.3976284
2025-10-17 23:38:57.017,106627.15,5e-05,5.3313575
2025-10-17 23:38:57.521,106627.15,0.01337,1425.6049954999999
2025-10-17 23:38:58.039,106627.14,0.013,1386.15282
2025-10-17 23:38:58.589,106627.15,0.00093,99.1632495
2025-10-17 23:38:59.306,106627.14,0.008,853.01712
2025-10-17 23:38:59.367,106627.15,0.00061,65.04256149999999
2025-10-17 23:39:00.037,106627.14,0.0001,10.662714000000001
2025-10-17 23:39:00.083,106627.14,5e-05,5.331357000000001
2025-10-17 23:39:00.181,106627.15,4e-05,4.265086
2025-10-17 23:39:00.307,106627.14,0.01784,1902.2281776000002
2025-10-17 23:39:00.378,106627.14,9e-05,9.596442600000001
2025-10-17 23:39:00.527,106627.15,0.00012,12.795258
2025-10-17 23:39:00.592,106627.14,0.00013,13.861528199999999
2025-10-17 23:39:01.048,106627.14,0.00012,12.7952568
2025-10-17 23:39:01.156,106627.15,0.0001,10.662715
2025-10-17 23:39:01.335,106627.15,0.00017,18.1266155
2025-10-17 23:39:01.507,106627.15,0.00093,99.1632495
2025-10-17 23:39:01.606,106627.14,0.0001,10.662714000000001
2025-10-17 23:39:02.170,106627.14,0.0002,21.325428000000002
2025-10-17 23:39:04.171,106627.14,0.0001,10.662714000000001
2025-10-17 23:39:04.394,106627.14,0.00864,921.2584896
2025-10-17 23:39:04.905,106627.15,0.00046,49.048489
2025-10-17 23:39:06.317,106627.15,0.00794,846.6195709999998
2025-10-17 23:39:06.718,106627.14,7e-05,7.463899799999999
2025-10-17 23:39:07.002,106627.14,0.00047,50.1147558
2025-10-17 23:39:08.416,106627.15,0.11674,12447.653491
2025-10-17 23:39:09.396,106627.15,0.0411,4382.375864999999
2025-10-17 23:39:09.402,106627.15,0.03794,4045.434071
2025-10-17 23:39:09.403,106627.15,0.14996,15989.807414
2025-10-17 23:39:09.478,106627.14,0.00349,372.1287186
2025-10-17 23:39:09.507,106627.14,6e-05,6.3976284
2025-10-17 23:39:10.813,106627.15,0.0022,234.57973
2025-10-17 23:39:10.825,106627.15,0.20338,21685.829767
2025-10-17 23:39:10.838,106627.15,0.00866,923.3911189999999
2025-10-17 23:39:11.672,106627.15,9e-05,9.5964435
2025-10-17 23:39:11.752,106627.15,0.01944,2072.831796
2025-10-17 23:39:12.097,106627.14,0.00189,201.5252946
2025-10-17 23:39:13.004,106627.14,0.00073,77.8378122
2025-10-17 23:39:13.007,106627.15,0.0031,330.54416499999996
2025-10-17 23:39:13.025,106627.15,0.11171,11911.3189265
2025-10-17 23:39:13.029,106627.15,0.01042,1111.054903
2025-10-17 23:39:13.481,106627.15,5e-05,5.3313575
2025-10-17 23:39:13.829,106627.15,0.00434,462.761831
2025-10-17 23:39:14.717,106627.15,0.00087,92.7656205
2025-10-17 23:39:14.824,106627.15,0.00019,20.2591585
2025-10-17 23:39:16.532,106627.15,0.00202,215.386843
2025-10-17 23:39:16.577,106627.15,0.00766,816.763969
2025-10-17 23:39:16.598,106627.15,5e-05,5.3313575
2025-10-17 23:39:16.699,106627.15,0.00019,20.2591585
2025-10-17 23:39:16.839,106627.15,0.06293,6710.0465495
2025-10-17 23:39:18.451,106627.15,5e-05,5.3313575
2025-10-17 23:39:19.242,106627.14,0.00047,50.1147558
2025-10-17 23:39:19.918,106627.15,0.00047,50.114760499999996
2025-10-17 23:39:20.133,106627.15,0.00118,125.820037
2025-10-17 23:39:20.310,106627.15,0.00458,488.35234699999995
2025-10-17 23:39:20.316,106627.15,0.00047,50.114760499999996
2025-10-17 23:39:20.451,106627.14,0.00021,22.3916994
2025-10-17 23:39:20.547,106627.14,0.00035,37.319499
2025-10-17 23:39:20.592,106627.14,0.00012,12.7952568
2025-10-17 23:39:21.462,106627.15,0.00066,70.373919
2025-10-17 23:39:21.667,106627.15,5e-05,5.3313575
2025-10-17 23:39:21.920,106627.15,0.00027,28.7893305
2025-10-17 23:39:21.952,106627.17,5e-05,5.3313585
2025-10-17 23:39:21.953,106627.17,5e-05,5.3313585
2025-10-17 23:39:22.009,106627.2,0.00085,90.63311999999999
2025-10-17 23:39:22.010,106627.25,0.05288,5638.44898
2025-10-17 23:39:22.013,106627.44,0.02704,2883.2059776
2025-10-17 23:39:22.015,106627.44,0.00176,187.66429440000002
2025-10-17 23:39:22.016,106628.27,0.0486,5182.133922
2025-10-17 23:39:22.018,106630.46,0.00015,15.994569
2025-10-17 23:39:22.087,106631.41,0.00516,550.2180756
2025-10-17 23:39:22.089,106633.39,0.00015,15.995008499999999
2025-10-17 23:39:22.101,106633.4,0.00223,237.792482
2025-10-17 23:39:22.110,106633.55,0.0007,74.643485
2025-10-17 23:39:22.113,106634.03,0.00015,15.995104499999998
2025-10-17 23:39:22.114,106634.03,0.00065,69.3121195
2025-10-17 23:39:22.116,106634.25,5e-05,5.3317125
2025-10-17 23:39:22.134,106636.21,0.0009,95.972589
2025-10-17 23:39:22.148,106637.8,0.00145,154.62481
2025-10-17 23:39:22.488,106637.81,0.0017,181.28427699999997
2025-10-17 23:39:22.807,106637.8,0.00386,411.621908
2025-10-17 23:39:23.082,106637.8,0.0002,21.327560000000002
2025-10-17 23:39:23.519,106637.81,0.00212,226.0721572
2025-10-17 23:39:23.616,106637.81,0.00501,534.2554280999999
2025-10-17 23:39:24.313,106637.81,0.00573,611.0346513
2025-10-17 23:39:25.057,106637.8,0.00109,116.235202
2025-10-17 23:39:25.219,106637.81,0.0029,309.249649
2025-10-17 23:39:25.417,106637.81,0.0002,21.327562
2025-10-17 23:39:27.558,106637.82,0.00023,24.526698600000003
2025-10-17 23:39:27.610,106637.82,7e-05,7.4646474
2025-10-17 23:39:28.236,106637.81,0.00457,487.33479170000004
2025-10-17 23:39:28.492,106637.82,0.00052,55.4516664
2025-10-17 23:39:28.800,106637.81,0.00321,342.3073701
2025-10-17 23:39:28.810,106637.82,0.02814,3000.7882548000002
2025-10-17 23:39:30.014,106637.82,0.00015,15.995673
2025-10-17 23:39:30.787,106637.82,0.0001,10.663782000000001
2025-10-17 23:39:31.048,106637.81,0.00366,390.2943846
2025-10-17 23:39:31.582,106637.81,9e-05,9.5974029
2025-10-17 23:39:31.943,106637.82,0.00024,25.593076800000002
2025-10-17 23:39:32.040,106637.81,0.01555,1658.2179454999998
2025-10-17 23:39:32.066,106637.81,0.00878,936.2799717999999
2025-10-17 23:39:32.167,106637.81,0.02673,2850.4286613
2025-10-17 23:39:33.081,106637.81,0.00598,637.6941038
2025-10-17 23:39:34.352,106637.81,9e-05,9.5974029
2025-10-17 23:39:35.537,106637.81,0.0255,2719.264155
2025-10-17 23:39:35.539,106637.81,0.147,15675.758069999998
2025-10-17 23:39:35.540,106628.83,5e-05,5.3314415
2025-10-17 23:39:35.542,106627.15,0.0186,1983.2649899999997
2025-10-17 23:39:35.550,106627.15,0.013,1386.15295
2025-10-17 23:39:35.552,106627.15,0.013,1386.15295
2025-10-17 23:39:36.432,106627.16,0.00019,20.259160400000003
2025-10-17 23:39:37.620,106627.16,0.00064,68.2413824
2025-10-17 23:39:40.569,106627.15,0.00036,38.385774
2025-10-17 23:39:41.355,106627.15,0.00029,30.9218735
2025-10-17 23:39:41.620,106627.16,0.00207,220.7182212
2025-10-17 23:39:42.840,106627.16,0.00032,34.1206912
2025-10-17 23:39:42.987,106627.15,0.005,533.13575
2025-10-17 23:39:43.463,106627.16,0.00011,11.7289876
2025-10-17 23:39:43.532,106628.54,5e-05,5.331427
2025-10-17 23:39:43.534,106630.29,0.00025,26.6575725
2025-10-17 23:39:43.547,106630.3,0.00195,207.929085
2025-10-17 23:39:43.582,106630.4,0.0018,191.93471999999997
2025-10-17 23:39:43.611,106630.84,0.00125,133.28855
2025-10-17 23:39:43.613,106630.85,0.001,106.63085000000001
2025-10-17 23:39:43.631,106631.43,0.00075,79.9735725
2025-10-17 23:39:43.632,106632.5,0.00015,15.994874999999999
2025-10-17 23:39:43.639,106633.55,0.00678,722.975469
2025-10-17 23:39:43.662,106641.03,5e-05,5.3320515
2025-10-17 23:39:44.339,106641.17,0.00041,43.7228797
2025-10-17 23:39:44.743,106641.16,0.01473,1570.8242868
2025-10-17 23:39:45.734,106641.17,0.00163,173.8251071
2025-10-17 23:39:48.382,106641.16,0.00159,169.55944440000002
2025-10-17 23:39:48.438,106641.16,0.00126,134.3678616
2025-10-17 23:39:49.019,106641.17,0.00069,73.5824073
2025-10-17 23:39:49.947,106641.17,0.00936,998.1613512
2025-10-17 23:39:50.372,106641.16,0.00764,814.7384624
2025-10-17 23:39:50.623,106641.16,0.00047,50.1213452
2025-10-17 23:39:50.875,106641.17,0.00047,50.1213499
2025-10-17 23:39:51.147,106641.16,0.0151,1610.281516
2025-10-17 23:39:53.448,106641.16,9e-05,9.597704400000001
2025-10-17 23:39:54.062,106641.17,0.00023,24.5274691
2025-10-17 23:39:54.576,106641.17,0.02457,2620.1735469
2025-10-17 23:39:55.147,106641.16,0.0003,31.992348
2025-10-17 23:39:55.319,106641.17,0.00315,335.9196855
2025-10-17 23:39:56.576,106641.16,0.0001,10.664116000000002
2025-10-17 23:39:56.991,106641.16,0.00091,97.0434556
2025-10-17 23:39:57.190,106641.16,0.0004,42.65646400000001
2025-10-17 23:39:57.999,106641.17,4e-05,4.2656468
2025-10-17 23:39:58.532,106641.17,0.00187,199.4189879
2025-10-17 23:39:58.595,106641.16,9e-05,9.597704400000001
2025-10-17 23:39:58.768,106641.16,8e-05,8.531292800000001
2025-10-17 23:39:58.970,106641.17,0.00029,30.9259393
2025-10-17 23:39:59.105,106641.17,0.01071,1142.1269307
2025-10-17 23:39:59.175,106641.16,0.00055,58.652638
2025-10-17 23:40:00.631,106641.17,8e-05,8.5312936
2025-10-17 23:40:03.369,106641.16,0.00139,148.2312124
2025-10-17 23:40:05.540,106641.17,0.00197,210.0831049
2025-10-17 23:40:05.555,106641.16,0.013,1386.33508
2025-10-17 23:40:05.556,106641.16,0.013,1386.33508
2025-10-17 23:40:05.881,106641.17,0.00181,193.0205177
2025-10-17 23:40:06.004,106641.16,0.04,4265.6464000000005
2025-10-17 23:40:06.008,106641.16,0.013,1386.33508
2025-10-17 23:40:06.010,106641.16,0.013,1386.33508
2025-10-17 23:40:06.107,106641.16,0.0083,885.121628
2025-10-17 23:40:06.108,106641.16,0.03889,4147.274712400001
2025-10-17 23:40:06.113,106641.16,0.00783,835.0002828
2025-10-17 23:40:06.120,106641.16,0.00516,550.2683856
2025-10-17 23:40:06.128,106641.16,0.0119,1269.0298040000002
2025-10-17 23:40:06.185,106641.17,0.00104,110.90681679999999
2025-10-17 23:40:06.193,106641.16,0.0004,42.65646400000001
2025-10-17 23:40:06.709,106641.16,0.00991,1056.8138956
2025-10-17 23:40:06.719,106641.16,0.00939,1001.3604924000001
2025-10-17 23:40:06.725,106641.16,0.01159,1235.9710444
2025-10-17 23:40:06.731,106641.16,0.00955,1018.423078
2025-10-17 23:40:06.738,106641.16,0.0138,1471.6480080000001
2025-10-17 23:40:06.917,106641.17,0.00129,137.5671093
2025-10-17 23:40:08.190,106641.16,0.002,213.28232
2025-10-17 23:40:08.191,106641.16,0.002,213.28232
2025-10-17 23:40:08.718,106641.17,0.00024,25.5938808
2025-10-17 23:40:09.035,106641.16,0.00016,17.062585600000002
2025-10-17 23:40:09.426,106641.17,0.00032,34.1251744
2025-10-17 23:40:09.829,106641.17,0.00052,55.453408399999994
2025-10-17 23:40:09.902,106641.17,0.00124,132.2350508
2025-10-17 23:40:12.190,106641.17,0.00062,66.1175254
2025-10-17 23:40:12.214,106641.16,0.00188,200.4853808
2025-10-17 23:40:12.233,106641.16,0.004,426.56464
2025-10-17 23:40:12.498,106641.17,7e-05,7.464881899999999
2025-10-17 23:40:12.956,106641.17,0.00012,12.7969404
2025-10-17 23:40:13.015,106641.16,0.00011,11.7305276
2025-10-17 23:40:13.148,106641.16,7e-05,7.4648812
2025-10-17 23:40:13.313,106641.17,0.04688,4999.3380496
2025-10-17 23:40:13.487,106641.17,0.00011,11.7305287
2025-10-17 23:40:13.575,106641.17,7e-05,7.464881899999999
2025-10-17 23:40:14.325,106641.16,0.00011,11.7305276
2025-10-17 23:40:18.142,106641.17,0.0003,31.992350999999996
2025-10-17 23:40:18.210,106641.17,0.00308,328.4548036
2025-10-17 23:40:18.643,106641.17,0.0023,245.274691
2025-10-17 23:40:19.961,106641.16,0.00067,71.44957720000001
2025-10-17 23:40:20.632,106641.16,0.00014,14.9297624
2025-10-17 23:40:20.634,106641.17,0.00054,57.5862318
2025-10-17 23:40:20.680,106641.16,9e-05,9.597704400000001
2025-10-17 23:40:20.894,106641.17,0.00014,14.929763799999998
2025-10-17 23:40:20.984,106641.16,0.00047,50.1213452
2025-10-17 23:40:21.127,106641.16,0.0004,42.65646400000001
2025-10-17 23:40:21.366,106641.16,0.00017,18.1289972
2025-10-17 23:40:21.419,106641.16,0.00039,41.5900524
2025-10-17 23:40:21.750,106641.17,0.00233,248.4739261
2025-10-17 23:40:23.448,106641.16,0.00533,568.3973828
2025-10-17 23:40:24.175,106641.16,0.00025,26.66029
2025-10-17 23:40:24.606,106641.16,0.03,3199.2348
2025-10-17 23:40:25.650,106641.16,9e-05,9.597704400000001
2025-10-17 23:40:25.679,106641.17,5e-05,5.3320585000000005
2025-10-17 23:40:26.478,106641.17,0.00034,36.257997800000005
2025-10-17 23:40:27.717,106641.17,0.00038,40.523644600000004
2025-10-17 23:40:28.362,106641.17,0.0001,10.664117000000001
2025-10-17 23:40:28.382,106641.17,0.0001,10.664117000000001
2025-10-17 23:40:28.418,106641.17,0.0001,10.664117000000001
2025-10-17 23:40:28.633,106641.17,0.0001,10.664117000000001
2025-10-17 23:40:28.671,106641.17,0.00019,20.261822300000002
2025-10-17 23:40:28.718,106641.17,7e-05,7.464881899999999
2025-10-17 23:40:28.817,106641.17,0.00043,45.8557031
2025-10-17 23:40:29.632,106641.17,0.00013,13.863352099999998
2025-10-17 23:40:29.732,106641.17,0.00019,20.261822300000002
2025-10-17 23:40:29.812,106641.17,0.0001,10.664117000000001
2025-10-17 23:40:29.843,106641.17,0.00033,35.1915861
2025-10-17 23:40:30.075,106641.17,0.00014,14.929763799999998
2025-10-17 23:40:30.217,106641.17,0.0001,10.664117000000001
2025-10-17 23:40:30.669,106641.17,0.00047,50.1213499
2025-10-17 23:40:30.710,106641.17,0.00657,700.6324869
2025-10-17 23:40:30.961,106641.16,0.00016,17.062585600000002
2025-10-17 23:40:31.048,106641.17,0.00056,59.71905519999999
2025-10-17 23:40:31.423,106641.16,0.0034,362.579944
2025-10-17 23:40:31.670,106641.17,0.00061,65.0511137
2025-10-17 23:40:31.795,106641.16,0.00807,860.5941612000001
2025-10-17 23:40:31.801,106641.16,0.01259,1342.6122044
2025-10-17 23:40:31.807,106641.16,0.02627,2801.4632732000005
2025-10-17 23:40:31.813,106641.15,0.00926,987.4970489999998
2025-10-17 23:40:31.815,106641.15,0.01935,2063.5062525
2025-10-17 23:40:31.820,106641.14,0.00213,227.1456282
2025-10-17 23:40:31.827,106641.14,0.00125,133.301425
2025-10-17 23:40:31.828,106641.13,0.00147,156.7624611
2025-10-17 23:40:31.831,106641.04,0.00085,90.64488399999999
2025-10-17 23:40:31.834,106641.03,0.0002,21.328206
2025-10-17 23:40:31.843,106641.03,0.0074,789.143622
2025-10-17 23:40:31.849,106641.03,0.00531,566.2638692999999
2025-10-17 23:40:31.855,106641.03,0.00418,445.75950539999997
2025-10-17 23:40:31.863,106641.03,0.00738,787.0108014
2025-10-17 23:40:31.868,106641.03,0.0358,3817.748874
2025-10-17 23:40:31.871,106641.0,0.00223,237.80943000000002
2025-10-17 23:40:31.878,106641.0,0.00513,547.06833
2025-10-17 23:40:31.885,106640.99,0.00175,186.6217325
2025-10-17 23:40:31.887,106640.99,0.00071,75.7151029
2025-10-17 23:40:31.889,106639.96,5e-05,5.3319980000000005
2025-10-17 23:40:31.890,106636.9,0.00385,410.55206499999997
2025-10-17 23:40:31.891,106636.89,0.00035,37.3229115
2025-10-17 23:40:31.892,106636.89,0.00035,37.3229115
2025-10-17 23:40:31.893,106636.89,0.0002,21.327378
2025-10-17 23:40:31.894,106636.89,0.00044,46.9202316
2025-10-17 23:40:31.896,106636.89,0.0004,42.654756
2025-10-17 23:40:31.897,106636.89,0.0004,42.654756
2025-10-17 23:40:31.898,106636.89,0.04433,4727.2133337000005
2025-10-17 23:40:31.900,106636.89,0.00035,37.3229115
2025-10-17 23:40:31.901,106636.89,0.00689,734.7281721
2025-10-17 23:40:31.902,106636.89,0.00031,33.0574359
2025-10-17 23:40:31.905,106634.77,0.00241,256.9897957
2025-10-17 23:40:31.928,106634.77,0.013,1386.25201
2025-10-17 23:40:31.929,106634.77,0.013,1386.25201
2025-10-17 23:40:32.237,106634.77,0.013,1386.25201
2025-10-17 23:40:32.238,106634.77,0.013,1386.25201
2025-10-17 23:40:32.239,106634.77,0.013,1386.25201
2025-10-17 23:40:32.241,106634.77,0.00897,956.5138869000001
2025-10-17 23:40:33.424,106630.54,0.00118,125.82403719999999
2025-10-17 23:40:34.327,106630.53,9e-05,9.5967477
2025-10-17 23:40:34.597,106630.54,6e-05,6.3978323999999995
2025-10-17 23:40:34.782,106630.53,0.29198,31133.982149400003
2025-10-17 23:40:34.875,106630.53,0.00018,19.1934954
2025-10-17 23:40:36.577,106630.53,8e-05,8.5304424
2025-10-17 23:40:36.743,106630.54,0.0001,10.663054
2025-10-17 23:40:36.800,106630.53,0.01605,1711.4200064999998
2025-10-17 23:40:36.810,106630.53,0.00067,71.4424551
2025-10-17 23:40:36.892,106630.53,0.00019,20.2598007
2025-10-17 23:40:37.085,106630.53,0.0001,10.663053
2025-10-17 23:40:37.162,106630.53,0.00057,60.7794021
2025-10-17 23:40:37.568,106630.52,0.013,1386.19676
2025-10-17 23:40:37.573,106630.52,0.00114,121.5587928
2025-10-17 23:40:37.610,106630.5,0.00984,1049.24412
2025-10-17 23:40:37.633,106630.49,0.00245,261.2447005
2025-10-17 23:40:37.635,106630.28,0.0001,10.663028
2025-10-17 23:40:37.640,106627.3,0.00542,577.919966
2025-10-17 23:40:37.654,106627.3,0.05586,5956.200978
2025-10-17 23:40:37.662,106627.15,0.0002,21.32543
2025-10-17 23:40:37.696,106627.15,0.011,1172.8986499999999
2025-10-17 23:40:37.718,106627.14,0.0119,1268.8629660000001
2025-10-17 23:40:37.732,106627.14,0.0019,202.591566
2025-10-17 23:40:37.741,106627.12,0.00237,252.7062744
2025-10-17 23:40:37.745,106626.01,0.20417,21769.832461699996
2025-10-17 23:40:37.777,106619.87,0.00755,804.9800185
2025-10-17 23:40:38.453,106616.21,0.00937,998.9938877000001
2025-10-17 23:40:39.998,106616.2,0.013,1386.0105999999998
2025-10-17 23:40:39.999,106616.2,0.013,1386.0105999999998
2025-10-17 23:40:40.000,106616.2,0.013,1386.0105999999998
2025-10-17 23:40:40.388,106616.2,0.013,1386.0105999999998
2025-10-17 23:40:40.389,106616.2,0.013,1386.0105999999998
2025-10-17 23:40:41.256,106616.21,0.01435,1529.9426135
2025-10-17 23:40:41.675,106616.2,0.013,1386.0105999999998
2025-10-17 23:40:42.013,106616.21,0.00087,92.7561027
2025-10-17 23:40:42.417,106616.2,0.001,106.6162
2025-10-17 23:40:42.468,106616.21,0.00014,14.926269399999999
2025-10-17 23:40:43.173,106616.21,0.00062,66.10205020000001
2025-10-17 23:40:43.177,106616.2,0.013,1386.0105999999998
2025-10-17 23:40:43.385,106616.21,6e-05,6.396972600000001
2025-10-17 23:40:43.510,106616.2,0.05645,6018.48449
2025-10-17 23:40:44.168,106616.2,0.013,1386.0105999999998
2025-10-17 23:40:44.536,106616.2,0.013,1386.0105999999998
2025-10-17 23:40:44.571,106616.21,0.00019,20.2570799
2025-10-17 23:40:44.617,106616.21,0.00026,27.7202146
2025-10-17 23:40:45.084,106616.21,0.00188,200.4384748
2025-10-17 23:40:45.126,106616.21,0.0002,21.323242000000004
2025-10-17 23:40:45.319,106616.2,0.02183,2327.431646
2025-10-17 23:40:45.490,106616.21,0.00259,276.1359839
2025-10-17 23:40:46.085,106616.2,0.013,1386.0105999999998
2025-10-17 23:40:47.063,106616.21,0.00187,199.3723127
2025-10-17 23:40:47.487,106616.2,0.00463,493.63300599999997
2025-10-17 23:40:48.585,106616.2,0.013,1386.0105999999998
2025-10-17 23:40:48.586,106616.2,0.013,1386.0105999999998
2025-10-17 23:40:49.039,106616.21,0.00208,221.7617168
2025-10-17 23:40:49.485,106616.2,0.013,1386.0105999999998
2025-10-17 23:40:49.486,106616.2,0.013,1386.0105999999998
2025-10-17 23:40:49.680,106616.21,0.00061,65.03588810000001
2025-10-17 23:40:49.856,106616.21,0.07668,8175.3309828
2025-10-17 23:40:50.179,106616.2,0.013,1386.0105999999998
2025-10-17 23:40:50.180,106616.2,0.013,1386.0105999999998
2025-10-17 23:40:51.174,106616.21,0.00011,11.727783100000002
2025-10-17 23:40:51.193,106616.2,9e-05,9.595458
2025-10-17 23:40:51.501,106616.2,0.00019,20.257078
2025-10-17 23:40:52.239,106616.2,0.00014,14.926267999999999
2025-10-17 23:40:53.098,106616.2,0.00329,350.767298
2025-10-17 23:40:53.232,106616.2,0.00018,19.190916
2025-10-17 23:40:54.532,106616.2,0.00012,12.793944
2025-10-17 23:40:56.631,106616.21,0.00017,18.1247557
2025-10-17 23:40:57.122,106616.2,0.00476,507.493112
2025-10-17 23:40:57.620,106616.31,0.0001,10.661631
2025-10-17 23:40:57.622,106617.07,0.00071,75.6981197
2025-10-17 23:40:57.626,106620.11,0.00015,15.9930165
2025-10-17 23:40:57.646,106621.54,0.02967,3163.4610918
2025-10-17 23:40:59.182,106621.53,0.00205,218.5741365
2025-10-17 23:40:59.612,106621.54,0.00066,70.37021639999999
2025-10-17 23:41:00.282,106621.54,0.0006,63.97292399999999
2025-10-17 23:41:02.054,106621.53,0.013,1386.07989
2025-10-17 23:41:02.055,106621.53,0.013,1386.07989
2025-10-17 23:41:02.056,106621.53,0.013,1386.07989
2025-10-17 23:41:02.841,106621.53,0.00093,99.1580229
2025-10-17 23:41:04.443,106621.53,0.004,426.48612
2025-10-17 23:41:04.701,106621.54,5e-05,5.331077
2025-10-17 23:41:04.852,106621.54,0.00035,37.317539
2025-10-17 23:41:08.614,106621.54,0.00201,214.3092954
2025-10-17 23:41:09.063,106621.53,5e-05,5.3310765
2025-10-17 23:41:09.936,106621.54,0.00093,99.1580322
2025-10-17 23:41:10.232,106621.54,0.0016,170.594464
2025-10-17 23:41:10.957,106621.53,0.00013,13.860798899999999
2025-10-17 23:41:11.517,106621.54,0.00159,169.52824859999998
2025-10-17 23:41:11.577,106621.53,0.0001,10.662153
2025-10-17 23:41:12.132,106621.53,0.00062,66.1053486
2025-10-17 23:41:13.576,106621.54,5e-05,5.331077
2025-10-17 23:41:13.809,106621.54,0.00023,24.5229542
2025-10-17 23:41:14.318,106621.54,0.00052,55.44320079999999
2025-10-17 23:41:15.618,106621.54,0.00047,50.11212379999999
2025-10-17 23:41:16.033,106621.54,6e-05,6.3972923999999995
2025-10-17 23:41:17.390,106621.53,0.815,86896.54694999999
2025-10-17 23:41:17.413,106621.53,0.00121,129.0120513
2025-10-17 23:41:17.515,106621.53,0.02,2132.4306
2025-10-17 23:41:17.526,106621.53,9e-05,9.5959377
2025-10-17 23:41:19.083,106621.53,0.00011,11.7283683
2025-10-17 23:41:19.899,106621.54,0.0001,10.662154
2025-10-17 23:41:20.270,106621.54,9e-05,9.5959386
2025-10-17 23:41:20.917,106621.54,0.00094,100.22424759999998
2025-10-17 23:41:21.026,106621.54,8e-05,8.5297232
2025-10-17 23:41:21.632,106621.54,0.0001,10.662154
2025-10-17 23:41:22.671,106621.54,0.04224,4503.693849599999
2025-10-17 23:41:22.692,106621.54,0.00082,87.42966279999999
2025-10-17 23:41:22.948,106621.54,9e-05,9.5959386
2025-10-17 23:41:23.179,106621.54,0.00066,70.37021639999999
2025-10-17 23:41:23.181,106621.53,0.00029,30.9202437
2025-10-17 23:41:23.412,106621.54,0.0007,74.635078
2025-10-17 23:41:23.730,106621.54,1.51445,161472.991253
2025-10-17 23:41:23.934,106621.54,0.00135,143.939079
2025-10-17 23:41:24.070,106621.54,0.00593,632.2657322
2025-10-17 23:41:24.124,106621.53,0.00424,452.0752872
2025-10-17 23:41:25.017,106621.53,0.00093,99.1580229
2025-10-17 23:41:25.723,106621.53,0.00231,246.2957343
2025-10-17 23:41:27.937,106621.54,0.00936,997.9776144
2025-10-17 23:41:28.271,106621.53,0.00073,77.8337169
2025-10-17 23:41:28.453,106621.54,0.01518,1618.5149772
2025-10-17 23:41:28.632,106621.54,0.00037,39.4499698
2025-10-17 23:41:29.132,106621.54,0.00047,50.11212379999999
2025-10-17 23:41:29.939,106621.54,0.00173,184.4552642
2025-10-17 23:41:30.461,106621.53,0.01006,1072.6125918
2025-10-17 23:41:31.795,106621.53,0.01155,1231.4786715
2025-10-17 23:41:32.344,106621.54,0.00468,498.9888072
2025-10-17 23:41:32.412,106621.54,0.00088,93.8269552
2025-10-17 23:41:33.726,106621.53,9e-05,9.5959377
2025-10-17 23:41:33.964,106621.53,0.00082,87.42965459999999
2025-10-17 23:41:33.965,106621.53,0.00082,87.42965459999999
2025-10-17 23:41:34.190,106621.54,0.00065,69.304001
2025-10-17 23:41:34.193,106621.54,0.00352,375.3078208
2025-10-17 23:41:34.320,106621.53,0.001,106.62153
2025-10-17 23:41:35.886,106621.54,0.00093,99.1580322
2025-10-17 23:41:36.026,106621.53,0.00312,332.6591736
2025-10-17 23:41:36.594,106621.54,5e-05,5.331077
2025-10-17 23:41:36.647,106621.54,0.00187,199.3822798
2025-10-17 23:41:41.009,106621.54,0.00307,327.32812779999995
2025-10-17 23:41:42.554,106621.53,0.00988,1053.4207164
2025-10-17 23:41:42.616,106621.53,0.02067,2203.8670251
2025-10-17 23:41:42.864,106621.53,0.00201,214.3092753
2025-10-17 23:41:43.693,106621.53,9e-05,9.5959377
2025-10-17 23:41:44.739,106621.54,0.00023,24.5229542
2025-10-17 23:41:44.829,106621.53,0.03751,3999.3735903
2025-10-17 23:41:45.015,106621.54,0.00061,65.0391394
2025-10-17 23:41:45.207,106621.53,6e-05,6.3972918000000005
2025-10-17 23:41:45.225,106621.54,0.0216,2303.025264
2025-10-17 23:41:45.941,106621.54,0.00046,49.0459084
2025-10-17 23:41:46.338,106621.53,0.02081,2218.7940393
2025-10-17 23:41:46.339,106621.53,0.0248,2644.213944
2025-10-17 23:41:46.340,106621.53,0.0248,2644.213944
2025-10-17 23:41:46.343,106621.53,0.11667,12439.5339051
2025-10-17 23:41:46.346,106621.52,0.00729,777.2708808
2025-10-17 23:41:46.348,106620.85,0.0401,4275.496085
2025-10-17 23:41:46.360,106620.84,0.0006,63.972503999999994
2025-10-17 23:41:46.361,106616.21,0.00015,15.9924315
2025-10-17 23:41:46.367,106616.2,0.013,1386.0105999999998
2025-10-17 23:41:46.380,106616.2,0.013,1386.0105999999998
2025-10-17 23:41:46.387,106616.2,0.01732,1846.5925839999998
2025-10-17 23:41:46.390,106616.2,0.01716,1829.5339920000001
2025-10-17 23:41:46.396,106616.2,0.01348,1437.186376
2025-10-17 23:41:46.404,106616.2,0.01717,1830.600154
2025-10-17 23:41:46.415,106616.2,0.01504,1603.507648
2025-10-17 23:41:47.226,106616.2,0.013,1386.0105999999998
2025-10-17 23:41:47.585,106616.2,9e-05,9.595458
2025-10-17 23:41:47.986,106616.2,0.013,1386.0105999999998
2025-10-17 23:41:49.062,106616.21,0.00014,14.926269399999999
2025-10-17 23:41:49.105,106616.21,0.00243,259.0773903
2025-10-17 23:41:49.169,106616.2,0.013,1386.0105999999998
2025-10-17 23:41:50.912,106616.21,8e-05,8.529296800000001
2025-10-17 23:41:51.341,106616.21,0.00744,793.2246024000001
2025-10-17 23:41:51.364,106616.21,0.00215,229.2248515
2025-10-17 23:41:51.798,106616.21,0.00422,449.9204062
2025-10-17 23:41:52.603,106616.21,7e-05,7.4631346999999995
2025-10-17 23:41:53.618,106616.21,0.00281,299.5915501
2025-10-17 23:41:54.227,106616.21,0.00529,563.9997509000001
2025-10-17 23:41:54.338,106616.21,6e-05,6.396972600000001
2025-10-17 23:41:55.069,106616.21,0.00028,29.852538799999998
2025-10-17 23:41:56.303,106616.21,5e-05,5.330810500000001
2025-10-17 23:41:56.576,106616.2,9e-05,9.595458
2025-10-17 23:41:58.287,106616.2,0.00664,707.931568
2025-10-17 23:41:59.240,106616.2,0.00047,50.109614
2025-10-17 23:41:59.274,106616.21,0.00447,476.57445870000004
2025-10-17 23:41:59.343,106616.21,0.00017,18.1247557
2025-10-17 23:41:59.531,106616.21,0.00047,50.1096187
2025-10-17 23:41:59.601,106616.21,0.00085,90.6237785
2025-10-17 23:42:00.463,106616.2,0.00269,286.797578
2025-10-17 23:42:00.561,106616.2,0.00528,562.933536
2025-10-17 23:42:00.859,106616.2,0.0001,10.661620000000001
2025-10-17 23:42:02.659,106616.2,0.00382,407.273884
2025-10-17 23:42:02.831,106616.31,0.0001,10.661631
2025-10-17 23:42:02.832,106618.25,0.00015,15.992737499999999
2025-10-17 23:42:03.371,106618.24,0.00021,22.3898304
2025-10-17 23:42:03.740,106618.25,0.14129,15064.0925425
2025-10-17 23:42:03.741,106620.17,0.00015,15.993025499999998
2025-10-17 23:42:03.744,106620.48,0.00035,37.317167999999995
2025-10-17 23:42:03.746,106621.98,0.0001,10.662198
2025-10-17 23:42:03.754,106624.89,0.00025,26.656222500000002
2025-10-17 23:42:03.816,106627.16,0.0001,10.662716000000001
2025-10-17 23:42:03.848,106629.17,8e-05,8.5303336
2025-10-17 23:42:03.850,106629.31,0.00015,15.994396499999999
2025-10-17 23:42:06.120,106629.83,0.00219,233.51932770000002
2025-10-17 23:42:06.333,106629.83,0.0018,191.933694
2025-10-17 23:42:07.225,106629.83,0.00061,65.0441963
2025-10-17 23:42:07.401,106629.83,0.00253,269.7734699
2025-10-17 23:42:07.402,106629.84,0.0001,10.662984
2025-10-17 23:42:07.504,106630.82,0.00145,154.614689
2025-10-17 23:42:07.624,106633.24,0.0021,223.929804
2025-10-17 23:42:07.675,106633.54,0.00015,15.995030999999997
2025-10-17 23:42:07.681,106633.55,0.00232,247.389836
2025-10-17 23:42:07.739,106633.56,0.00119,126.8939364
2025-10-17 23:42:07.883,106633.56,0.0006,63.980135999999995
2025-10-17 23:42:09.201,106633.56,0.0029,309.23732399999994
2025-10-17 23:42:11.113,106634.68,0.00019,20.2605892
2025-10-17 23:42:11.114,106634.69,0.00253,269.7857657
2025-10-17 23:42:11.767,106635.16,0.00015,15.995273999999998
2025-10-17 23:42:12.621,106635.25,0.00282,300.711405
2025-10-17 23:42:14.251,106635.26,0.09557,10191.1317982
2025-10-17 23:42:14.265,106636.19,0.00495,527.8491405000001
2025-10-17 23:42:14.267,106639.0,6e-05,6.39834
2025-10-17 23:42:14.281,106641.74,0.01511,1611.3566914
2025-10-17 23:42:14.305,106643.02,0.04286,4570.7198372
2025-10-17 23:42:14.307,106643.02,0.00015,15.996452999999999
2025-10-17 23:42:14.308,106643.03,0.0014,149.300242
2025-10-17 23:42:14.311,106645.28,0.06214,6626.9376992
2025-10-17 23:42:14.313,106645.28,0.15662,16702.7837536
2025-10-17 23:42:14.314,106645.28,0.03201,3413.7154127999997
2025-10-17 23:42:14.320,106645.28,0.00209,222.88863519999998
2025-10-17 23:42:14.501,106645.29,0.00011,11.7309819
2025-10-17 23:42:15.632,106645.29,0.0006,63.98717399999999
2025-10-17 23:42:15.837,106645.29,0.00077,82.1168733
2025-10-17 23:42:16.770,106645.28,0.00203,216.48991840000002
2025-10-17 23:42:17.701,106645.28,0.013,1386.38864
2025-10-17 23:42:17.702,106645.28,0.013,1386.38864
2025-10-17 23:42:17.713,106645.29,7e-05,7.465170299999999
2025-10-17 23:42:17.792,106645.29,0.0001,10.664529
2025-10-17 23:42:17.830,106645.28,0.013,1386.38864
2025-10-17 23:42:17.836,106645.28,0.009,959.80752
2025-10-17 23:42:17.841,106645.28,0.00456,486.30247679999997
2025-10-17 23:42:17.844,106645.28,0.00123,131.1736944
2025-10-17 23:42:17.845,106645.09,0.0001,10.664509
2025-10-17 23:42:17.863,106643.02,7e-05,7.4650114
2025-10-17 23:42:17.925,106643.02,0.00023,24.527894600000003
2025-10-17 23:42:17.981,106643.02,0.0001,10.664302000000001
2025-10-17 23:42:18.066,106643.01,0.01041,1110.1537341
2025-10-17 23:42:18.073,106635.27,0.013,1386.25851
2025-10-17 23:42:18.074,106635.27,0.00039,41.5877553
2025-10-17 23:42:18.220,106635.28,0.0001,10.663528000000001
2025-10-17 23:42:18.282,106635.28,0.00012,12.7962336
2025-10-17 23:42:18.321,106635.27,0.00818,872.2765086
2025-10-17 23:42:18.322,106635.25,0.013,1386.2582499999999
2025-10-17 23:42:18.770,106635.26,0.00019,20.2606994
2025-10-17 23:42:18.863,106635.26,0.0004,42.654104
2025-10-17 23:42:19.363,106635.26,0.00024,25.5924624
2025-10-17 23:42:19.483,106635.25,0.00383,408.4130075
2025-10-17 23:42:19.562,106635.26,0.0001,10.663526
2025-10-17 23:42:19.690,106635.26,0.00019,20.2606994
2025-10-17 23:42:19.786,106635.26,0.00024,25.5924624
2025-10-17 23:42:20.111,106635.26,0.00244,260.1900344
2025-10-17 23:42:20.113,106635.25,0.0004,42.6541
2025-10-17 23:42:21.798,106635.25,0.00477,508.6501425
2025-10-17 23:42:21.811,106635.24,0.002,213.27048000000002
2025-10-17 23:42:21.812,106635.24,0.002,213.27048000000002
2025-10-17 23:42:21.813,106635.24,0.00228,243.1283472
2025-10-17 23:42:21.838,106634.68,0.00954,1017.2948471999999
2025-10-17 23:42:21.841,106627.41,0.00015,15.994111499999999
2025-10-17 23:42:21.845,106627.4,0.00135,143.94699
2025-10-17 23:42:22.705,106627.4,0.0002,21.32548
2025-10-17 23:42:22.708,106627.4,0.24607,26237.804318
2025-10-17 23:42:22.709,106627.39,0.001,106.62739
2025-10-17 23:42:22.711,106626.0,6e-05,6.39756
2025-10-17 23:42:22.717,106619.91,0.0001,10.661991
2025-10-17 23:42:22.718,106616.2,0.00221,235.621802
2025-10-17 23:42:22.837,106616.21,0.00098,104.4838858
2025-10-17 23:42:24.013,106616.2,0.00018,19.190916
2025-10-17 23:42:24.765,106616.2,0.00396,422.200152
2025-10-17 23:42:26.399,106616.2,0.00011,11.727782
2025-10-17 23:42:26.944,106616.21,0.00407,433.9279747
2025-10-17 23:42:27.379,106616.2,0.01517,1617.3677539999999
2025-10-17 23:42:27.424,106616.21,0.00118,125.80712780000002
2025-10-17 23:42:28.362,106616.2,0.0001,10.661620000000001
2025-10-17 23:42:28.410,106616.21,0.04942,5268.9730982
2025-10-17 23:42:28.456,106616.21,0.0005,53.308105000000005
2025-10-17 23:42:29.309,106616.21,0.00014,14.926269399999999
2025-10-17 23:42:29.639,106616.2,0.00047,50.109614
2025-10-17 23:42:29.718,106616.2,0.00138,147.13035599999998
2025-10-17 23:42:30.447,106616.21,0.00197,210.0339337
2025-10-17 23:42:30.762,106616.2,0.00143,152.461166
2025-10-17 23:42:30.907,106616.21,0.00132,140.7333972
2025-10-17 23:42:31.581,106616.2,8e-05,8.529296
2025-10-17 23:42:32.023,106616.2,0.00312,332.642544
2025-10-17 23:42:32.676,106616.2,0.00133,141.799546
2025-10-17 23:42:33.083,106616.2,6e-05,6.396972
2025-10-17 23:42:33.424,106616.21,0.00343,365.6936003
2025-10-17 23:42:34.143,106616.2,0.00804,857.194248
2025-10-17 23:42:35.188,106616.21,0.00541,576.7936961
2025-10-17 23:42:36.197,106616.2,0.00014,14.926267999999999
2025-10-17 23:42:36.494,106616.21,5e-05,5.330810500000001
2025-10-17 23:42:38.097,106616.21,0.00125,133.2702625
2025-10-17 23:42:38.135,106616.2,0.00186,198.30613200000002
2025-10-17 23:42:38.570,106616.21,9e-05,9.5954589
2025-10-17 23:42:39.599,106616.2,0.0001,10.661620000000001
2025-10-17 23:42:39.827,106616.21,0.028,2985.25388
2025-10-17 23:42:39.937,106616.21,0.009,959.54589
2025-10-17 23:42:39.952,106616.21,0.01584,1688.8007664000002
2025-10-17 23:42:40.246,106620.47,0.00024,25.5889128
2025-10-17 23:42:40.320,106620.47,0.00047,50.1116209
2025-10-17 23:42:40.839,106620.47,0.00094,100.2232418
2025-10-17 23:42:40.886,106620.47,0.00112,119.41492639999998
2025-10-17 23:42:41.737,106620.47,0.002,213.24094
2025-10-17 23:42:43.601,106620.47,0.002,213.24094
2025-10-17 23:42:44.282,106620.46,0.00067,71.43570820000001
2025-10-17 23:42:45.301,106620.47,0.002,213.24094
2025-10-17 23:42:45.552,106620.47,0.0001,10.662047000000001
2025-10-17 23:42:45.641,106620.47,6e-05,6.3972282
2025-10-17 23:42:45.729,106620.47,0.00124,132.20938280000001
2025-10-17 23:42:46.191,106620.46,0.00093,99.15702780000001
2025-10-17 23:42:47.969,106620.47,0.028,2985.37316
2025-10-17 23:42:48.002,106620.47,0.00209,222.83678229999998
2025-10-17 23:42:48.379,106620.48,0.003,319.86144
2025-10-17 23:42:48.384,106620.48,0.00085,90.62740799999999
2025-10-17 23:42:48.415,106620.61,0.00085,90.6275185
2025-10-17 23:42:48.580,106620.81,0.0013,138.60705299999998
2025-10-17 23:42:51.591,106621.52,9e-05,9.5959368
2025-10-17 23:42:51.601,106621.52,0.00111,118.34988720000001
2025-10-17 23:42:52.182,106621.53,0.00276,294.2754228
2025-10-17 23:42:53.196,106621.52,0.00375,399.8307
2025-10-17 23:42:53.440,106621.53,0.00046,49.0459038
2025-10-17 23:42:53.625,106621.53,0.00044,46.9134732
2025-10-17 23:42:53.998,106621.53,0.00047,50.1121191
2025-10-17 23:42:54.262,106621.53,0.00013,13.860798899999999
2025-10-17 23:42:55.385,106621.53,7e-05,7.463507099999999
2025-10-17 23:42:55.670,106621.53,0.00188,200.4484764
2025-10-17 23:42:56.718,106621.53,0.002,213.24306
2025-10-17 23:42:56.738,106621.52,7e-05,7.4635064
2025-10-17 23:42:58.126,106621.52,0.00482,513.9157263999999
2025-10-17 23:42:58.785,106621.53,0.00124,132.2106972
2025-10-17 23:42:58.923,106621.52,0.07675,8183.201660000001
2025-10-17 23:42:59.069,106621.53,0.00045,47.979688499999995
2025-10-17 23:42:59.113,106621.53,0.00087,92.7607311
2025-10-17 23:42:59.399,106621.52,0.00089,94.8931528
2025-10-17 23:42:59.400,106621.52,0.00345,367.844244
2025-10-17 23:42:59.401,106621.52,0.00345,367.844244
2025-10-17 23:42:59.403,106621.52,0.00011,11.728367200000001
2025-10-17 23:42:59.404,106621.52,0.00082,87.4296464
2025-10-17 23:42:59.420,106621.52,0.03482,3712.5613264
2025-10-17 23:42:59.488,106621.52,0.00144,153.5349888
2025-10-17 23:42:59.493,106621.52,0.00336,358.24830720000006
2025-10-17 23:42:59.495,106621.52,0.00092,98.0917984
2025-10-17 23:42:59.496,106621.52,0.00092,98.0917984
2025-10-17 23:42:59.498,106621.52,0.00237,252.6930024
2025-10-17 23:42:59.499,106621.52,0.0014,149.270128
2025-10-17 23:42:59.501,106621.52,0.0014,149.270128
2025-10-17 23:42:59.502,106621.52,0.00026,27.7215952
2025-10-17 23:42:59.503,106621.52,0.00286,304.93754720000004
2025-10-17 23:42:59.506,106621.52,0.00323,344.3875096
2025-10-17 23:42:59.510,106621.52,0.00092,98.0917984
2025-10-17 23:42:59.511,106621.52,0.0012,127.94582399999999
2025-10-17 23:42:59.514,106621.52,0.00167,178.0579384
2025-10-17 23:42:59.570,106621.53,0.00082,87.42965459999999
2025-10-17 23:42:59.650,106621.52,9e-05,9.5959368
2025-10-17 23:42:59.663,106621.52,0.00092,98.0917984
2025-10-17 23:42:59.665,106621.52,0.00401,427.5522952
2025-10-17 23:42:59.758,106621.52,0.013,1386.07976
2025-10-17 23:42:59.759,106621.52,0.013,1386.07976
2025-10-17 23:42:59.761,106621.52,0.00577,615.2061704
2025-10-17 23:42:59.764,106621.4,0.00191,203.646874
2025-10-17 23:42:59.767,106621.4,0.03852,4107.056328
2025-10-17 23:42:59.803,106620.46,0.03565,3801.0193990000002
2025-10-17 23:42:59.809,106620.46,0.008,852.9636800000001
2025-10-17 23:42:59.810,106620.46,0.008,852.9636800000001
2025-10-17 23:42:59.816,106620.46,0.03791,4041.9816386
2025-10-17 23:42:59.977,106620.47,0.00393,419.01844710000006
2025-10-17 23:43:00.159,106620.46,0.04458,4753.1401068000005
2025-10-17 23:43:00.550,106620.46,0.04779,5095.3917834
2025-10-17 23:43:00.638,106620.47,0.0006,63.97228199999999
2025-10-17 23:43:00.716,106620.46,0.01221,1301.8358166
2025-10-17 23:43:00.725,106620.46,0.02635,2809.449121
2025-10-17 23:43:00.735,106620.46,0.012,1279.4455200000002
2025-10-17 23:43:00.736,106620.46,0.012,1279.4455200000002
2025-10-17 23:43:00.737,106620.46,0.03666,3908.7060636
2025-10-17 23:43:00.753,106620.46,0.00923,984.1068458000001
2025-10-17 23:43:00.760,106620.46,0.01109,1182.4209014
2025-10-17 23:43:00.768,106620.46,0.02182,2326.4584372
2025-10-17 23:43:00.774,106620.46,0.00968,1032.0860528
2025-10-17 23:43:00.782,106620.46,0.02813,2999.2335398
2025-10-17 23:43:00.790,106620.46,0.0228,2430.946488
2025-10-17 23:43:00.796,106620.46,0.01583,1687.8018818
2025-10-17 23:43:00.800,106620.46,0.0004,42.64818400000001
2025-10-17 23:43:01.137,106616.2,0.00011,11.727782
2025-10-17 23:43:01.202,106616.2,0.01279,1363.6211979999998
2025-10-17 23:43:01.453,106616.21,0.00029,30.9187009
2025-10-17 23:43:01.475,106616.2,0.09379,9999.533398
2025-10-17 23:43:01.583,106616.2,9e-05,9.595458
2025-10-17 23:43:01.584,106616.21,7e-05,7.4631346999999995
2025-10-17 23:43:04.578,106616.2,0.00017,18.124754
2025-10-17 23:43:05.487,106616.21,0.00022,23.455566200000003
2025-10-17 23:43:06.170,106616.21,0.04689,4999.2340869
2025-10-17 23:43:06.198,106616.2,0.06146,6552.631652
2025-10-17 23:43:06.537,106616.21,0.00048,51.175780800000005
2025-10-17 23:43:06.666,106616.21,0.0014,149.262694
2025-10-17 23:43:06.721,106616.2,0.0001,10.661620000000001
2025-10-17 23:43:07.026,106616.2,0.01108,1181.307496
2025-10-17 23:43:07.825,106616.2,0.00301,320.914762
2025-10-17 23:43:08.153,106616.2,0.00082,87.42528399999999
2025-10-17 23:43:08.917,106616.2,0.00045,47.977289999999996
2025-10-17 23:43:09.285,106616.2,0.00934,995.7953079999999
2025-10-17 23:43:09.543,106616.2,0.00022,23.455564
2025-10-17 23:43:10.240,106616.21,0.00538,573.5952098
2025-10-17 23:43:10.427,106616.2,0.00047,50.109614
2025-10-17 23:43:10.713,106616.2,0.12,12793.944
2025-10-17 23:43:11.185,106616.21,0.00014,14.926269399999999
2025-10-17 23:43:11.748,106616.21,0.00039,41.5803219
2025-10-17 23:43:11.942,106616.21,0.00024,25.587890400000003
2025-10-17 23:43:12.392,106616.2,0.00027,28.786374
2025-10-17 23:43:14.458,106616.21,8e-05,8.529296800000001
2025-10-17 23:43:14.522,106616.21,0.00013,13.8601073
2025-10-17 23:43:14.535,106616.2,5e-05,5.3308100000000005
2025-10-17 23:43:14.694,106616.21,0.00015,15.9924315
2025-10-17 23:43:14.697,106616.2,0.00222,236.68796400000002
2025-10-17 23:43:14.701,106616.21,0.00062,66.10205020000001
2025-10-17 23:43:15.725,106616.21,0.00041,43.7126461
2025-10-17 23:43:17.415,106616.21,0.00017,18.1247557
2025-10-17 23:43:17.472,106616.21,0.00099,105.55004790000001
2025-10-17 23:43:18.298,106616.2,0.00098,104.483876
2025-10-17 23:43:18.491,106616.21,0.00044,46.91113240000001
2025-10-17 23:43:18.738,106616.2,0.00225,239.88644999999997
2025-10-17 23:43:20.310,106616.2,0.0002,21.323240000000002
2025-10-17 23:43:20.639,106616.2,0.00846,901.973052
2025-10-17 23:43:21.228,106616.21,0.00121,129.0056141
2025-10-17 23:43:21.276,106616.2,0.009,959.5457999999999
2025-10-17 23:43:21.803,106616.2,0.04925,5250.84785
2025-10-17 23:43:23.175,106616.2,0.00047,50.109614
2025-10-17 23:43:24.917,106616.2,0.00044,46.911128
2025-10-17 23:43:25.282,106616.21,0.00091,97.02075110000001
2025-10-17 23:43:25.405,106616.2,0.00385,410.47237
2025-10-17 23:43:26.088,106616.2,9e-05,9.595458
2025-10-17 23:43:26.905,106616.2,0.00028,29.852535999999997
2025-10-17 23:43:28.143,106616.21,0.00824,878.5175704000002
2025-10-17 23:43:28.229,106616.21,0.00065,69.3005365
2025-10-17 23:43:28.634,106616.2,0.00165,175.91673
2025-10-17 23:43:28.811,106616.2,0.00037,39.447994
2025-10-17 23:43:29.237,106616.2,0.00059,62.903558000000004
2025-10-17 23:43:32.891,106616.21,0.11562,12326.9662002
2025-10-17 23:43:32.939,106616.21,0.00018,19.1909178
2025-10-17 23:43:33.383,106616.21,0.00104,110.8808584
2025-10-17 23:43:33.817,106616.2,0.00068,72.499016
2025-10-17 23:43:34.231,106616.2,0.00202,215.364724
2025-10-17 23:43:35.818,106616.21,0.00118,125.80712780000002
2025-10-17 23:43:37.986,106616.21,0.00013,13.8601073
2025-10-17 23:43:38.851,106616.21,0.00028,29.852538799999998
2025-10-17 23:43:39.038,106616.21,0.00181,192.9753401
2025-10-17 23:43:39.044,106616.21,8e-05,8.529296800000001
2025-10-17 23:43:39.239,106616.2,0.00094,100.219228
2025-10-17 23:43:39.490,106616.21,0.00186,198.30615060000002
2025-10-17 23:43:39.998,106616.21,0.00058,61.8374018
2025-10-17 23:43:41.591,106616.2,8e-05,8.529296
2025-10-17 23:43:41.632,106616.21,0.00173,184.4460433
2025-10-17 23:43:42.204,106616.2,0.00082,87.42528399999999
2025-10-17 23:43:42.986,106616.2,0.00205,218.56321000000003
2025-10-17 23:43:43.059,106616.2,0.00152,162.056624
2025-10-17 23:43:43.619,106616.2,0.00274,292.128388
2025-10-17 23:43:44.181,106616.21,0.00014,14.926269399999999
2025-10-17 23:43:44.327,106616.21,0.00026,27.7202146
2025-10-17 23:43:44.470,106616.21,0.00428,456.31737880000003
2025-10-17 23:43:44.618,106616.21,0.00035,37.3156735
2025-10-17 23:43:44.829,106616.2,0.00038,40.514156
2025-10-17 23:43:45.268,106616.21,0.00046,49.043456600000006
2025-10-17 23:43:46.667,106616.2,0.08395,8950.429989999999
2025-10-17 23:43:46.669,106616.2,0.00092,98.086904
2025-10-17 23:43:46.743,106616.2,0.00082,87.42528399999999
2025-10-17 23:43:46.747,106616.2,0.00092,98.086904
2025-10-17 23:43:46.782,106616.21,0.00086,91.6899406
2025-10-17 23:43:46.939,106616.21,0.00023,24.521728300000003
2025-10-17 23:43:47.598,106616.2,0.02813,2999.1137059999996
2025-10-17 23:43:47.601,106616.2,0.07928,8452.532336
2025-10-17 23:43:47.602,106616.2,0.01915,2041.70023
2025-10-17 23:43:47.603,106616.2,0.01915,2041.70023
2025-10-17 23:43:47.605,106616.2,0.0159,1695.19758
2025-10-17 23:43:47.607,106616.2,0.00965,1028.84633
2025-10-17 23:43:47.613,106616.2,0.00903,962.744286
2025-10-17 23:43:47.621,106616.2,0.01388,1479.832856
2025-10-17 23:43:47.629,106616.2,0.01,1066.162
2025-10-17 23:43:47.636,106616.2,0.01559,1662.146558
2025-10-17 23:43:47.645,106616.2,0.01612,1718.6531439999999
2025-10-17 23:43:47.652,106616.2,0.00668,712.196216
2025-10-17 23:43:47.654,106616.2,0.00035,37.31567
2025-10-17 23:43:47.700,106616.0,0.00325,346.502
2025-10-17 23:43:47.704,106615.99,0.0007,74.631193
2025-10-17 23:43:47.707,106615.98,0.00105,111.94677899999999
2025-10-17 23:43:47.715,106615.97,0.0016,170.585552
2025-10-17 23:43:47.736,106615.96,0.00215,229.22431400000002
2025-10-17 23:43:47.747,106614.01,0.16,17058.2416
2025-10-17 23:43:47.748,106614.0,0.281,29958.534000000003
2025-10-17 23:43:47.749,106614.0,0.0246,2622.7044
2025-10-17 23:43:47.753,106614.0,0.013,1385.982
2025-10-17 23:43:47.755,106611.56,0.013,1385.9502799999998
2025-10-17 23:43:47.756,106611.56,0.02813,2998.9831827999997
2025-10-17 23:43:47.758,106611.56,0.18632,19863.8658592
2025-10-17 23:43:47.800,106609.81,0.00568,605.5437208
2025-10-17 23:43:47.804,106607.8,0.00013,13.859013999999998
2025-10-17 23:43:47.805,106606.0,0.0026,277.1756
2025-10-17 23:43:47.807,106607.8,0.00035,37.31273
2025-10-17 23:43:47.809,106607.8,0.0003,31.982339999999997
2025-10-17 23:43:47.815,106607.8,0.00184,196.158352
2025-10-17 23:43:47.835,106607.79,0.00145,154.58129549999998
2025-10-17 23:43:47.883,106605.67,7e-05,7.462396899999999
2025-10-17 23:43:47.884,106605.54,0.00175,186.559695
2025-10-17 23:43:48.133,106604.08,0.00035,37.311428
2025-10-17 23:43:49.249,106604.07,0.00058,61.830360600000006
2025-10-17 23:43:49.506,106604.08,0.00019,20.2547752
2025-10-17 23:43:49.587,106604.08,0.01875,1998.8265
2025-10-17 23:43:50.745,106604.07,0.18792,20033.0368344
2025-10-17 23:43:50.950,106604.07,9e-05,9.5943663
2025-10-17 23:43:51.125,106604.07,0.00105,111.9342735
2025-10-17 23:43:51.282,106604.07,0.00045,47.9718315
2025-10-17 23:43:51.289,106604.08,0.00033,35.1793464
2025-10-17 23:43:52.210,106604.08,0.00023,24.5189384
2025-10-17 23:43:52.244,106604.07,0.001,106.60407000000001
2025-10-17 23:43:52.245,106604.07,0.001,106.60407000000001
2025-10-17 23:43:52.246,106604.07,0.001,106.60407000000001
2025-10-17 23:43:52.364,106604.07,0.00341,363.5198787
2025-10-17 23:43:52.378,106604.08,0.002,213.20816000000002
2025-10-17 23:43:52.398,106604.07,5e-05,5.3302035000000005
2025-10-17 23:43:52.470,106604.07,7e-05,7.4622849
2025-10-17 23:43:52.599,106604.07,7e-05,7.4622849
2025-10-17 23:43:52.870,106604.08,0.0001,10.660408
2025-10-17 23:43:52.921,106604.07,9e-05,9.5943663
2025-10-17 23:43:54.301,106604.07,0.02325,2478.5446275
2025-10-17 23:43:56.832,106604.07,0.003,319.81221000000005
2025-10-17 23:43:58.081,106604.08,0.03049,3250.3583992
2025-10-17 23:43:58.113,106604.08,0.00025,26.651020000000003
2025-10-17 23:43:58.400,106604.07,0.02325,2478.5446275
2025-10-17 23:43:58.414,106604.07,0.0028,298.491396
2025-10-17 23:43:59.201,106604.07,0.00082,87.4153374
2025-10-17 23:43:59.221,106604.07,0.00035,37.3114245
2025-10-17 23:43:59.622,106604.08,0.00136,144.9815488
2025-10-17 23:44:01.124,106604.08,0.00046,49.0378768
2025-10-17 23:44:01.235,106604.07,0.03175,3384.6792225000004
2025-10-17 23:44:01.400,106604.07,7e-05,7.4622849
2025-10-17 23:44:01.833,106604.08,0.0015,159.90612000000002
2025-10-17 23:44:01.860,106604.08,0.00018,19.1887344
2025-10-17 23:44:02.021,106604.07,5e-05,5.3302035000000005
2025-10-17 23:44:03.507,106604.07,0.001,106.60407000000001
2025-10-17 23:44:04.770,106604.07,0.00431,459.4635417
2025-10-17 23:44:05.719,106604.07,0.00028,29.8491396
2025-10-17 23:44:06.000,106604.08,0.00015,15.990611999999999
2025-10-17 23:44:06.649,106604.08,0.00012,12.7924896
2025-10-17 23:44:06.808,106604.08,7e-05,7.4622855999999995
2025-10-17 23:44:07.027,106604.07,0.00044,46.905790800000005
2025-10-17 23:44:07.949,106604.07,0.0006,63.962441999999996
2025-10-17 23:44:08.408,106604.08,0.01246,1328.2868368000002
2025-10-17 23:44:08.897,106604.07,0.00857,913.5968799
2025-10-17 23:44:09.645,106604.07,0.00011,11.726447700000001
2025-10-17 23:44:09.695,106604.07,0.00068,72.49076760000001
2025-10-17 23:44:11.079,106604.08,0.00047,50.1039176
2025-10-17 23:44:11.533,106604.07,0.00259,276.1045413
2025-10-17 23:44:11.578,106604.07,0.0001,10.660407000000001
2025-10-17 23:44:11.863,106604.08,0.00014,14.924571199999999
2025-10-17 23:44:12.022,106604.07,0.00013,13.8585291
2025-10-17 23:44:12.280,106604.07,0.00887,945.5781009
2025-10-17 23:44:12.317,106604.08,7e-05,7.4622855999999995
2025-10-17 23:44:12.382,106604.07,0.00056,59.6982792
2025-10-17 23:44:12.461,106604.08,0.0002,21.320816
2025-10-17 23:44:13.424,106604.08,0.00026,27.7170608
2025-10-17 23:44:13.801,106604.08,0.00734,782.4739472
2025-10-17 23:44:14.382,106604.07,0.00217,231.33083190000002
2025-10-17 23:44:15.432,106604.07,0.00017,18.122691900000003
2025-10-17 23:44:16.432,106604.08,0.00014,14.924571199999999
2025-10-17 23:44:16.617,106604.08,0.00013,13.8585304
2025-10-17 23:44:16.632,106604.08,0.00029,30.9151832
2025-10-17 23:44:16.675,106604.08,7e-05,7.4622855999999995
2025-10-17 23:44:16.724,106604.08,0.00032,34.113305600000004
2025-10-17 23:44:16.770,106604.08,8e-05,8.528326400000001
2025-10-17 23:44:16.983,106604.08,0.00024,25.5849792
2025-10-17 23:44:16.985,106604.08,0.08231,8774.5818248
2025-10-17 23:44:17.670,106604.08,9e-05,9.5943672
2025-10-17 23:44:17.709,106604.08,0.00018,19.1887344
2025-10-17 23:44:17.906,106604.07,0.001,106.60407000000001
2025-10-17 23:44:17.939,106604.08,0.00028,29.849142399999998
2025-10-17 23:44:18.112,106604.08,0.00019,20.2547752
2025-10-17 23:44:18.235,106604.07,0.00261,278.2366227
2025-10-17 23:44:18.310,106604.08,0.00094,100.2078352
2025-10-17 23:44:18.760,106604.07,9e-05,9.5943663
2025-10-17 23:44:20.462,106604.07,0.9992,106518.786744
2025-10-17 23:44:20.463,106604.07,0.01241,1322.9565087
2025-10-17 23:44:21.107,106592.63,0.51941,55365.277948300005
2025-10-17 23:44:21.440,106592.64,0.0301,3208.438464
2025-10-17 23:44:21.585,106592.64,6e-05,6.3955584000000005
2025-10-17 23:44:21.718,106592.64,0.00081,86.3400384
2025-10-17 23:44:22.124,106592.64,7e-05,7.461484799999999
2025-10-17 23:44:23.544,106592.63,9e-05,9.593336700000002
2025-10-17 23:44:23.627,106592.64,0.00141,150.2956224
2025-10-17 23:44:23.835,106592.63,0.001,106.59263000000001
2025-10-17 23:44:26.044,106592.63,0.00577,615.0394751
2025-10-17 23:44:27.276,106592.63,0.00115,122.5815245
2025-10-17 23:44:28.544,106592.63,0.001,106.59263000000001
2025-10-17 23:44:28.950,106592.64,0.00034,36.2414976
2025-10-17 23:44:29.382,106592.64,0.00019,20.252601600000002
2025-10-17 23:44:29.419,106592.64,0.00089,94.8674496
2025-10-17 23:44:31.021,106592.63,0.09381,9999.4546203
2025-10-17 23:44:31.626,106592.63,0.00238,253.69045940000004
2025-10-17 23:44:31.700,106592.64,0.06429,6852.8408256
2025-10-17 23:44:31.791,106592.64,0.00171,182.27341439999998
2025-10-17 23:44:32.649,106592.63,0.00147,156.6911661
2025-10-17 23:44:33.057,106592.64,0.00025,26.64816
2025-10-17 23:44:33.735,106592.63,6e-05,6.395557800000001
2025-10-17 23:44:33.906,106592.64,0.04522,4820.1191808
2025-10-17 23:44:34.590,106592.63,0.00039,41.5711257
2025-10-17 23:44:34.932,106592.64,0.00027,28.7800128
2025-10-17 23:44:35.034,106592.64,0.00016,17.054822400000003
2025-10-17 23:44:35.583,106592.63,0.05542,5907.3635546
2025-10-17 23:44:36.983,106592.64,0.00061,65.0215104
2025-10-17 23:44:37.428,106592.63,9e-05,9.593336700000002
2025-10-17 23:44:38.116,106592.63,0.0002,21.318526000000002
2025-10-17 23:44:38.400,106592.63,0.01519,1619.1420497000001
2025-10-17 23:44:38.841,106592.64,0.00018,19.1866752
2025-10-17 23:44:39.110,106592.63,0.05779,6159.9880877000005
2025-10-17 23:44:39.770,106592.63,0.00045,47.9666835
2025-10-17 23:44:40.595,106592.63,0.0578,6161.054014
2025-10-17 23:44:41.188,106592.63,0.00047,50.098536100000004
2025-10-17 23:44:41.286,106592.64,0.00173,184.4052672
2025-10-17 23:44:41.470,106592.64,0.0003,31.977791999999997
2025-10-17 23:44:41.544,106592.64,0.00047,50.098540799999995
2025-10-17 23:44:43.810,106592.63,0.03886,4142.1896018
2025-10-17 23:44:44.021,106592.63,0.00032,34.1096416
2025-10-17 23:44:44.221,106592.63,0.11766,12541.688845800001
2025-10-17 23:44:44.410,106592.64,0.00026,27.714086399999996
2025-10-17 23:44:44.858,106592.63,9e-05,9.593336700000002
2025-10-17 23:44:45.025,106592.64,0.00055,58.625952000000005
2025-10-17 23:44:46.591,106592.63,0.0001,10.659263000000001
2025-10-17 23:44:46.724,106592.64,7e-05,7.461484799999999
2025-10-17 23:44:47.256,106592.64,0.00059,62.8896576
2025-10-17 23:44:48.305,106592.64,0.00291,310.18458239999995
2025-10-17 23:44:48.575,106592.64,7e-05,7.461484799999999
2025-10-17 23:44:49.335,106592.64,0.01,1065.9264
2025-10-17 23:44:49.827,106592.63,0.00013,13.857041899999999
2025-10-17 23:44:50.019,106592.63,0.00163,173.7459869
2025-10-17 23:44:50.024,106592.63,9e-05,9.593336700000002
2025-10-17 23:44:50.418,106592.63,0.05362,5715.4968206
2025-10-17 23:44:50.503,106592.63,0.00614,654.4787482
2025-10-17 23:44:50.585,106592.63,0.05873,6260.1851599
2025-10-17 23:44:50.818,106592.63,0.00055,58.625946500000005
2025-10-17 23:44:51.678,106592.63,0.24745,26376.346293500003
2025-10-17 23:44:51.711,106592.63,0.08535,9097.6809705
2025-10-17 23:44:51.713,106592.64,0.00156,166.2845184
2025-10-17 23:44:51.717,106592.63,0.00857,913.4988390999999
2025-10-17 23:44:51.725,106592.63,0.02813,2998.4506819
2025-10-17 23:44:51.727,106591.99,0.0001,10.659199000000001
2025-10-17 23:44:51.730,106591.74,0.0014,149.22843600000002
2025-10-17 23:44:51.731,106591.3,5e-05,5.3295650000000006
2025-10-17 23:44:51.738,106590.0,0.00119,126.8421
2025-10-17 23:44:51.741,106589.13,0.03199,3409.7862686999997
2025-10-17 23:44:51.750,106589.13,0.0012,127.906956
2025-10-17 23:44:51.756,106589.13,0.00036,38.372086800000005
2025-10-17 23:44:51.766,106588.73,0.00221,235.5610933
2025-10-17 23:44:51.768,106588.73,0.10645,11346.3703085
2025-10-17 23:44:51.769,106588.73,0.20694,22057.4717862
2025-10-17 23:44:51.771,106587.21,0.00015,15.9880815
2025-10-17 23:44:51.774,106586.0,0.0028,298.4408
2025-10-17 23:44:51.777,106582.0,0.00082,87.39724
2025-10-17 23:44:51.876,106582.59,0.00094,100.1876346
2025-10-17 23:44:52.387,106582.59,0.00097,103.3851123
2025-10-17 23:44:52.638,106582.59,0.00017,18.1190403
2025-10-17 23:44:52.983,106582.59,0.00061,65.0153799
2025-10-17 23:44:54.017,106582.59,0.00042,44.7646878
2025-10-17 23:44:54.381,106582.58,8e-05,8.5266064
2025-10-17 23:44:54.638,106582.59,0.00018,19.184866200000002
2025-10-17 23:44:54.960,106582.58,0.00341,363.4465978
2025-10-17 23:44:55.292,106582.58,0.00609,649.0879122
2025-10-17 23:44:55.587,106582.58,0.0652,6949.184216
2025-10-17 23:44:55.918,106582.59,6e-05,6.3949554
2025-10-17 23:44:56.265,106576.19,0.00568,605.3527592
2025-10-17 23:44:56.381,106569.98,0.01877,2000.3185245999998
2025-10-17 23:44:56.462,106569.99,0.00108,115.0955892
2025-10-17 23:44:56.578,106569.98,5e-05,5.328499
2025-10-17 23:44:57.479,106569.99,0.00048,51.153595200000005
2025-10-17 23:44:57.762,106569.98,0.00048,51.1535904
2025-10-17 23:44:57.776,106569.98,0.01641,1748.8133718000001
2025-10-17 23:44:58.187,106569.99,0.001,106.56999
2025-10-17 23:44:59.170,106569.99,0.0028,298.39597200000003
2025-10-17 23:44:59.654,106569.98,0.00184,196.0887632
2025-10-17 23:45:00.490,106569.99,6e-05,6.394199400000001
2025-10-17 23:45:00.624,106569.99,0.98747,105234.6680253
2025-10-17 23:45:00.626,106569.99,0.34586,36858.2967414
2025-10-17 23:45:00.753,106569.99,0.16333,17406.0764667
2025-10-17 23:45:00.801,106569.99,0.05217,5559.7563783000005
2025-10-17 23:45:00.803,106569.99,0.09283,9892.8921717
2025-10-17 23:45:00.804,106571.44,5e-05,5.328572
2025-10-17 23:45:00.806,106571.44,5e-05,5.328572
2025-10-17 23:45:00.820,106572.41,0.0001,10.657241
2025-10-17 23:45:00.869,106574.25,0.00485,516.8851125
2025-10-17 23:45:00.891,106576.38,0.00578,616.0114764000001
2025-10-17 23:45:00.892,106576.44,5e-05,5.328822000000001
2025-10-17 23:45:00.893,106576.82,0.0003,31.973046
2025-10-17 23:45:00.902,106579.2,0.00105,111.90816
2025-10-17 23:45:00.913,106579.99,0.00042,44.763595800000004
2025-10-17 23:45:00.922,106582.59,0.00863,919.8077517
2025-10-17 23:45:00.963,106584.35,0.02643,2817.0243705
2025-10-17 23:45:00.965,106584.77,0.00035,37.3046695
2025-10-17 23:45:00.977,106586.75,0.00198,211.041765
2025-10-17 23:45:01.138,106586.76,8e-05,8.5269408
2025-10-17 23:45:01.918,106586.75,0.96564,102924.42927000001
2025-10-17 23:45:02.147,106586.76,0.37528,39999.8792928
2025-10-17 23:45:02.150,106586.76,0.0012,127.90411199999998
2025-10-17 23:45:02.755,106590.43,0.04639,4944.7300477
2025-10-17 23:45:02.940,106590.42,0.00023,24.5157966
2025-10-17 23:45:04.285,106590.42,0.16578,17670.559827600002
2025-10-17 23:45:05.086,106590.42,0.00038,40.5043596
2025-10-17 23:45:05.282,106590.42,0.00019,20.2521798
2025-10-17 23:45:05.503,106590.43,0.00469,499.9091166999999
2025-10-17 23:45:05.583,106590.43,0.00056,59.69064079999999
2025-10-17 23:45:05.593,106590.42,0.05008,5338.0482336
2025-10-17 23:45:05.619,106590.42,0.00012,12.7908504
2025-10-17 23:45:05.717,106590.42,9e-05,9.593137800000001
2025-10-17 23:45:07.483,106590.42,0.00028,29.845317599999998
2025-10-17 23:45:07.770,106590.43,0.00016,17.0544688
2025-10-17 23:45:08.177,106590.42,0.00125,133.238025
2025-10-17 23:45:08.191,106590.42,0.00013,13.856754599999999
2025-10-17 23:45:09.382,106590.42,0.00998,1063.7723916
2025-10-17 23:45:09.573,106590.42,0.00047,50.097497399999995
2025-10-17 23:45:09.628,106590.43,6e-05,6.3954258
2025-10-17 23:45:10.218,106590.43,0.00221,235.5648503
2025-10-17 23:45:10.677,106590.42,0.00031,33.0430302
2025-10-17 23:45:10.678,106590.43,0.00939,1000.8841377
2025-10-17 23:45:11.307,106590.43,0.00468,498.84321239999997
2025-10-17 23:45:11.652,106590.42,0.00047,50.097497399999995
2025-10-17 23:45:11.808,106590.43,0.00936,997.6864247999999
2025-10-17 23:45:12.525,106590.43,0.00107,114.0517601
2025-10-17 23:45:12.622,106590.43,0.002,213.18086
2025-10-17 23:45:12.775,106590.43,0.002,213.18086
2025-10-17 23:45:12.776,106590.43,0.00137,146.0288891
2025-10-17 23:45:12.972,106592.63,0.002,213.18526000000003
2025-10-17 23:45:13.082,106592.62,0.00019,20.2525978
2025-10-17 23:45:13.093,106592.62,0.00141,150.29559419999998
2025-10-17 23:45:13.096,106592.63,0.002,213.18526000000003
2025-10-17 23:45:13.850,106592.63,0.001,106.59263000000001
2025-10-17 23:45:13.862,106592.63,0.00228,243.0311964
2025-10-17 23:45:13.903,106593.02,0.00015,15.988952999999999
2025-10-17 23:45:13.910,106594.51,5e-05,5.3297255
2025-10-17 23:45:13.913,106597.15,0.00015,15.989572499999998
2025-10-17 23:45:13.937,106599.99,5e-05,5.3299995000000004
2025-10-17 23:45:13.962,106601.08,0.02558,2726.8556264
2025-10-17 23:45:13.965,106601.9,0.00015,15.990284999999998
2025-10-17 23:45:13.967,106602.22,0.09419,10040.8631018
2025-10-17 23:45:13.968,106602.23,0.0005,53.301114999999996
2025-10-17 23:45:13.970,106602.23,0.00571,608.6987333
2025-10-17 23:45:13.973,106603.21,0.16389,17471.2000869
2025-10-17 23:45:13.974,106603.21,0.2958,31533.229518000004
2025-10-17 23:45:13.975,106603.21,0.0004,42.641284000000006
2025-10-17 23:45:13.979,106604.56,0.0961,10244.698216
2025-10-17 23:45:13.981,106604.81,0.18996,20250.649707599998
2025-10-17 23:45:14.230,106604.8,0.05803,6186.276544
2025-10-17 23:45:14.268,106604.81,0.00517,551.1468677
2025-10-17 23:45:14.294,106604.81,0.00163,173.76584029999998
2025-10-17 23:45:15.576,106604.81,0.01076,1147.0677556
2025-10-17 23:45:15.583,106604.8,0.05846,6232.116608
2025-10-17 23:45:15.817,106604.81,9e-05,9.594432900000001
2025-10-17 23:45:16.077,106604.81,0.18761,20000.1284041
2025-10-17 23:45:16.079,106609.09,0.00015,15.991363499999999
2025-10-17 23:45:16.080,106612.48,0.0001,10.661248
2025-10-17 23:45:16.086,106616.18,0.00031,33.051015799999995
2025-10-17 23:45:16.087,106620.46,0.00035,37.317161
2025-10-17 23:45:16.121,106619.99,0.01232,1313.5582768
2025-10-17 23:45:16.122,106622.06,0.01185,1263.471411
2025-10-17 23:45:16.127,106622.06,0.0905,9649.29643
2025-10-17 23:45:16.134,106622.06,0.0808,8615.062447999999
2025-10-17 23:45:16.141,106623.46,0.00942,1004.3929932
2025-10-17 23:45:16.148,106624.73,0.00038,40.5173974
2025-10-17 23:45:16.173,106627.97,0.00938,1000.1703586
2025-10-17 23:45:16.180,106627.97,0.00937,999.1040789
2025-10-17 23:45:16.186,106628.0,0.0021,223.91879999999998
2025-10-17 23:45:16.194,106628.54,0.0002,21.325708
2025-10-17 23:45:16.196,106629.25,6e-05,6.397755
2025-10-17 23:45:16.250,106630.33,0.0001,10.663033
2025-10-17 23:45:16.251,106632.0,0.002,213.264
2025-10-17 23:45:16.290,106634.0,0.00094,100.23595999999999
2025-10-17 23:45:16.296,106634.0,0.00938,1000.22692
2025-10-17 23:45:16.305,106634.0,0.32139,34271.10126
2025-10-17 23:45:16.311,106634.0,0.00975,1039.6815
2025-10-17 23:45:16.312,106635.26,0.00269,286.8488494
2025-10-17 23:45:16.324,106635.71,0.00107,114.10020970000001
2025-10-17 23:45:16.327,106635.71,0.00219,233.53220490000004
2025-10-17 23:45:16.328,106636.78,0.00015,15.995516999999998
2025-10-17 23:45:16.333,106636.79,0.0471,5022.592809
2025-10-17 23:45:16.334,106636.8,5e-05,5.331840000000001
2025-10-17 23:45:16.349,106636.8,5e-05,5.331840000000001
2025-10-17 23:45:16.350,106637.3,5e-05,5.3318650000000005
2025-10-17 23:45:16.368,106637.69,0.00186,198.3461034
2025-10-17 23:45:16.414,106637.69,0.00127,135.42986630000001
2025-10-17 23:45:16.419,106640.01,0.0001,10.664001
2025-10-17 23:45:16.527,106641.34,6e-05,6.3984803999999995
2025-10-17 23:45:16.735,106641.34,0.00281,299.6621654
2025-10-17 23:45:16.978,106641.33,0.59824,63797.1092592
2025-10-17 23:45:17.272,106641.34,0.01468,1565.4948712
2025-10-17 23:45:18.506,106641.33,0.00141,150.3642753
2025-10-17 23:45:18.575,106641.34,6e-05,6.3984803999999995
2025-10-17 23:45:18.926,106641.33,9e-05,9.5977197
2025-10-17 23:45:19.484,106641.33,0.00121,129.0360093
2025-10-17 23:45:19.901,106641.34,6e-05,6.3984803999999995
2025-10-17 23:45:20.509,106641.33,0.0009,95.977197
2025-10-17 23:45:20.579,106641.33,0.0737,7859.466021
2025-10-17 23:45:20.780,106641.34,0.00056,59.71915039999999
2025-10-17 23:45:20.991,106641.34,0.00012,12.796960799999999
2025-10-17 23:45:21.930,106641.34,0.028,2985.95752
2025-10-17 23:45:21.983,106641.33,0.03667,3910.5375711
2025-10-17 23:45:22.251,106641.34,0.01,1066.4134
2025-10-17 23:45:22.465,106641.34,0.00047,50.121429799999994
2025-10-17 23:45:22.815,106641.34,0.0008,85.313072
2025-10-17 23:45:23.682,106641.35,0.00021,22.394683500000003
2025-10-17 23:45:23.837,106641.35,7e-05,7.4648945
2025-10-17 23:45:24.498,106641.36,0.001,106.64136
2025-10-17 23:45:24.841,106641.36,0.002,213.28272
2025-10-17 23:45:24.843,106641.36,0.001,106.64136
2025-10-17 23:45:24.845,106641.36,0.001,106.64136
2025-10-17 23:45:24.847,106641.36,0.002,213.28272
2025-10-17 23:45:25.201,106641.36,0.003,319.92408
2025-10-17 23:45:25.224,106641.36,0.001,106.64136
2025-10-17 23:45:25.238,106641.36,0.002,213.28272
2025-10-17 23:45:25.259,106641.36,0.015,1599.6204
2025-10-17 23:45:25.612,106641.35,0.01379,1470.5842165000001
2025-10-17 23:45:25.743,106641.36,0.001,106.64136
2025-10-17 23:45:25.785,106641.36,6e-05,6.3984816
2025-10-17 23:45:25.946,106641.98,0.00131,139.7009938
2025-10-17 23:45:26.063,106641.98,9e-05,9.5977782
2025-10-17 23:45:26.081,106641.98,0.001,106.64198
2025-10-17 23:45:26.156,106641.98,0.02,2132.8396
2025-10-17 23:45:26.455,106641.98,0.003,319.92593999999997
2025-10-17 23:45:26.691,106641.97,0.00374,398.8409678
2025-10-17 23:45:27.031,106641.97,6e-05,6.3985182
2025-10-17 23:45:27.190,106641.98,0.028,2985.97544
2025-10-17 23:45:27.542,106641.98,0.02345,2500.754431
2025-10-17 23:45:27.598,106641.98,0.002,213.28396
2025-10-17 23:45:27.969,106641.97,0.00026,27.726912199999997
2025-10-17 23:45:27.992,106641.98,0.00498,531.0770603999999
2025-10-17 23:45:28.215,106641.98,0.00075,79.98148499999999
2025-10-17 23:45:28.226,106642.0,0.00365,389.2433
2025-10-17 23:45:28.761,106645.3,6e-05,6.398718000000001
2025-10-17 23:45:29.104,106645.31,0.00049,52.2562019
2025-10-17 23:45:29.220,106645.3,0.00091,97.047223
2025-10-17 23:45:29.293,106645.31,0.002,213.29062
2025-10-17 23:45:29.883,106645.31,0.00035,37.325858499999995
2025-10-17 23:45:30.026,106645.3,6e-05,6.398718000000001
2025-10-17 23:45:30.309,106645.3,0.05221,5567.951113
2025-10-17 23:45:31.546,106645.3,0.00877,935.2792810000001
2025-10-17 23:45:31.649,106645.31,0.01,1066.4531
2025-10-17 23:45:31.901,106645.3,0.02205,2351.528865
2025-10-17 23:45:32.032,106645.31,0.00018,19.1961558
2025-10-17 23:45:32.109,106645.31,0.028,2986.06868
2025-10-17 23:45:32.121,106645.31,0.022,2346.1968199999997
2025-10-17 23:45:32.245,106645.31,0.001,106.64531
2025-10-17 23:45:32.355,106645.31,0.002,213.29062
2025-10-17 23:45:32.357,106645.31,0.003,319.93593
2025-10-17 23:45:32.438,106645.31,0.00286,305.0055866
2025-10-17 23:45:33.543,106645.3,0.00011,11.730983
2025-10-17 23:45:33.555,106645.31,0.001,106.64531
2025-10-17 23:45:34.468,106645.31,0.022,2346.1968199999997
2025-10-17 23:45:34.476,106645.31,0.027,2879.42337
2025-10-17 23:45:34.645,106645.31,0.005,533.22655
2025-10-17 23:45:34.700,106645.31,0.001,106.64531
2025-10-17 23:45:34.885,106645.3,0.02473,2637.338269
2025-10-17 23:45:35.359,106645.31,0.0001,10.664531
2025-10-17 23:45:35.440,106645.31,0.00017,18.1297027
2025-10-17 23:45:35.578,106645.31,0.002,213.29062
2025-10-17 23:45:35.579,106645.3,0.05936,6330.465008
2025-10-17 23:45:35.607,106645.31,0.026,2772.7780599999996
2025-10-17 23:45:35.620,106645.31,0.028,2986.06868
2025-10-17 23:45:36.403,106645.31,0.01,1066.4531
2025-10-17 23:45:36.478,106645.31,0.015,1599.6796499999998
2025-10-17 23:45:36.578,106645.3,8e-05,8.531624
2025-10-17 23:45:36.741,106645.31,0.005,533.22655
2025-10-17 23:45:37.004,106645.31,0.008,853.16248
2025-10-17 23:45:37.011,106645.31,0.007,746.51717
2025-10-17 23:45:37.190,106645.31,0.00581,619.6092510999999
2025-10-17 23:45:37.340,106645.3,0.00187,199.42671099999998
2025-10-17 23:45:37.356,106645.3,0.0075,799.83975
2025-10-17 23:45:37.788,106645.31,0.005,533.22655
2025-10-17 23:45:38.439,106645.31,0.00084,89.5820604
2025-10-17 23:45:38.794,106645.31,0.005,533.22655
2025-10-17 23:45:38.801,106645.31,0.005,533.22655
2025-10-17 23:45:38.988,106645.3,0.00884,942.7444520000001
2025-10-17 23:45:39.096,106645.31,0.006,639.87186
2025-10-17 23:45:39.099,106645.31,0.004,426.58124
2025-10-17 23:45:39.101,106645.31,0.024,2559.48744
2025-10-17 23:45:39.240,106645.3,0.00494,526.827782
2025-10-17 23:45:39.437,106645.3,0.00026,27.727777999999997
2025-10-17 23:45:39.478,106645.31,0.028,2986.06868
2025-10-17 23:45:39.738,106645.31,0.00346,368.99277259999997
2025-10-17 23:45:40.522,106645.3,0.0001,10.664530000000001
2025-10-17 23:45:40.593,106645.3,0.06836,7290.272708
2025-10-17 23:45:40.650,106645.3,0.00011,11.730983
2025-10-17 23:45:41.434,106645.31,0.00018,19.1961558
2025-10-17 23:45:41.592,106645.3,6e-05,6.398718000000001
2025-10-17 23:45:42.118,106645.31,0.00097,103.4459507
2025-10-17 23:45:42.427,106645.3,9e-05,9.598077000000002
2025-10-17 23:45:42.966,106645.31,0.00014,14.930343399999998
2025-10-17 23:45:43.269,106645.31,0.00356,379.6573036
2025-10-17 23:45:44.691,106645.3,0.09357,9978.800721
2025-10-17 23:45:45.559,106645.31,0.01,1066.4531
2025-10-17 23:45:45.780,106645.31,0.004,426.58124
2025-10-17 23:45:46.018,106645.3,0.00028,29.860684
2025-10-17 23:45:46.500,106645.3,0.0014,149.30342
2025-10-17 23:45:46.739,106645.3,0.00112,119.442736
2025-10-17 23:45:46.893,106645.31,0.01631,1739.3850061
2025-10-17 23:45:47.026,106645.3,0.00021,22.395513
2025-10-17 23:45:47.770,106645.31,0.03755,4004.5313905
2025-10-17 23:45:47.860,106645.31,0.00106,113.04402859999999
2025-10-17 23:45:47.955,106645.31,0.006,639.87186
2025-10-17 23:45:47.974,106645.31,0.01,1066.4531
2025-10-17 23:45:48.341,106645.31,0.00046,49.0568426
2025-10-17 23:45:48.819,106645.31,0.00162,172.76540219999998
2025-10-17 23:45:48.871,106645.31,0.006,639.87186
2025-10-17 23:45:49.527,106645.31,0.028,2986.06868
2025-10-17 23:45:49.528,106645.31,0.006,639.87186
2025-10-17 23:45:49.802,106645.3,1.32404,141202.64301200002
2025-10-17 23:45:49.811,106645.3,0.0063,671.86539
2025-10-17 23:45:49.814,106645.3,0.0007,74.65171
2025-10-17 23:45:49.818,106645.3,0.27913,29767.902589
2025-10-17 23:45:49.873,106645.29,0.04483,4780.9083507
2025-10-17 23:45:49.874,106645.29,0.03722,3969.3376938
2025-10-17 23:45:49.890,106641.98,4e-05,4.2656792
2025-10-17 23:45:49.910,106641.33,0.16187,17262.0320871
2025-10-17 23:45:49.955,106641.33,0.0469,5001.478376999999
2025-10-17 23:45:49.962,106641.33,1.69313,180557.6350629
2025-10-17 23:45:49.979,106641.15,0.0785,8371.330275
2025-10-17 23:45:49.980,106639.96,5e-05,5.3319980000000005
2025-10-17 23:45:49.997,106638.98,0.00973,1037.5972754
2025-10-17 23:45:49.998,106632.5,6e-05,6.39795
2025-10-17 23:45:50.000,106624.49,0.00039,41.5835511
2025-10-17 23:45:50.012,106620.0,0.00936,997.9632
2025-10-17 23:45:50.067,106620.0,0.032,3411.84
2025-10-17 23:45:50.490,106620.0,0.00189,201.5118
2025-10-17 23:45:50.586,106620.0,0.07574,8075.3988
2025-10-17 23:45:50.773,106620.0,0.00058,61.8396
2025-10-17 23:45:51.029,106620.01,0.00936,997.9632935999999
2025-10-17 23:45:51.057,106620.01,0.00011,11.7282011
2025-10-17 23:45:51.181,106620.01,0.00025,26.6550025
2025-10-17 23:45:51.539,106620.0,0.05478,5840.6436
2025-10-17 23:45:51.540,106620.0,0.04551,4852.2762
2025-10-17 23:45:51.547,106615.94,0.0001,10.661594000000001
2025-10-17 23:45:51.615,106614.67,0.00165,175.9142055
2025-10-17 23:45:51.687,106614.66,0.00245,261.205917
2025-10-17 23:45:51.689,106614.66,0.0002,21.322932
2025-10-17 23:45:51.715,106614.65,0.00217,231.3537905
2025-10-17 23:45:51.816,106614.65,5e-05,5.3307325
2025-10-17 23:45:51.818,106614.64,0.00245,261.205868
2025-10-17 23:45:51.840,106610.83,0.00015,15.991624499999999
2025-10-17 23:45:51.895,106610.82,0.00113,120.4702266
2025-10-17 23:45:51.989,106610.82,0.01876,2000.0189832
2025-10-17 23:45:52.172,106610.82,0.00546,582.0950772
2025-10-17 23:45:52.343,106600.78,0.16239,17310.900664200002
2025-10-17 23:45:52.358,106598.66,0.00015,15.989799
2025-10-17 23:45:52.360,106594.01,0.00015,15.989101499999999
2025-10-17 23:45:52.573,106592.0,0.00047,50.09824
2025-10-17 23:45:52.641,106592.01,7e-05,7.461440699999999
2025-10-17 23:45:53.186,106592.01,0.01,1065.9201
2025-10-17 23:45:54.810,106592.0,0.0001,10.6592
2025-10-17 23:45:55.135,106592.01,0.00047,50.098244699999995
2025-10-17 23:45:55.547,106592.01,0.12058,12852.8645658
2025-10-17 23:45:55.586,106592.0,0.07855,8372.801599999999
2025-10-17 23:45:55.587,106592.01,0.0023,245.161623
2025-10-17 23:45:56.387,106592.0,8e-05,8.52736
2025-10-17 23:45:56.725,106592.01,0.00093,99.1305693
2025-10-17 23:45:57.006,106592.01,0.00101,107.6579301
2025-10-17 23:45:57.116,106592.0,1.12461,119874.42912000002
2025-10-17 23:45:57.267,106592.01,0.00121,128.97633209999998
2025-10-17 23:45:57.373,106592.01,0.00562,599.0470961999999
2025-10-17 23:45:57.417,106592.0,0.00015,15.9888
2025-10-17 23:45:57.563,106592.01,0.00077,82.0758477
2025-10-17 23:45:57.781,106592.01,0.0011,117.251211
2025-10-17 23:45:58.417,106592.0,0.00014,14.92288
2025-10-17 23:45:58.682,106592.01,0.00078,83.1417678
2025-10-17 23:45:58.741,106592.01,0.00053,56.49376529999999
2025-10-17 23:45:58.952,106592.0,0.03285,3501.5471999999995
2025-10-17 23:45:59.277,106592.0,0.00098,104.46016
2025-10-17 23:45:59.332,106592.01,0.00099,105.52608989999999
2025-10-17 23:46:01.216,106592.01,0.0001,10.659201
2025-10-17 23:46:01.249,106592.01,0.0562,5990.470961999999
2025-10-17 23:46:01.250,106592.01,0.35834,38196.1808634
2025-10-17 23:46:01.251,106592.11,0.0001,10.659211
2025-10-17 23:46:01.254,106592.88,6e-05,6.3955728
2025-10-17 23:46:01.269,106592.88,0.00135,143.90038800000002
2025-10-17 23:46:01.327,106594.28,5e-05,5.329714
2025-10-17 23:46:01.382,106596.28,0.0008,85.277024
2025-10-17 23:46:01.384,106596.28,0.0004,42.638512
2025-10-17 23:46:01.434,106597.66,0.028,2984.73448
2025-10-17 23:46:02.044,106597.65,0.00048,51.166872
2025-10-17 23:46:03.168,106597.66,0.00018,19.1875788
2025-10-17 23:46:03.567,106597.65,0.00082,87.410073
2025-10-17 23:46:03.633,106597.66,0.1636,17439.377176
2025-10-17 23:46:03.844,106597.66,0.00228,243.0426648
2025-10-17 23:46:03.973,106597.67,0.00065,69.2884855
2025-10-17 23:46:03.997,106597.67,0.00266,283.5498022
2025-10-17 23:46:03.998,106598.4,0.00598,637.458432
2025-10-17 23:46:04.015,106598.4,0.00135,143.90784
2025-10-17 23:46:04.021,106604.04,0.00047,50.103898799999996
2025-10-17 23:46:04.118,106604.05,0.00938,999.9459889999999
2025-10-17 23:46:04.790,106604.05,0.00228,243.057234
2025-10-17 23:46:04.815,106604.06,0.00233,248.3874598
2025-10-17 23:46:04.834,106604.07,0.00093,99.1417851
2025-10-17 23:46:04.912,106610.81,0.01024,1091.6946944000001
2025-10-17 23:46:05.598,106610.8,0.06862,7315.6330960000005
2025-10-17 23:46:06.212,106610.8,0.00391,416.84822800000006
2025-10-17 23:46:07.047,106610.81,0.00029,30.9171349
2025-10-17 23:46:07.551,106611.47,0.00023,24.5206381
2025-10-17 23:46:07.570,106612.08,0.028,2985.13824
2025-10-17 23:46:07.753,106612.08,0.1003,10693.191624000001
2025-10-17 23:46:07.754,106612.61,0.0001,10.661261000000001
2025-10-17 23:46:07.756,106613.0,6e-05,6.396780000000001
2025-10-17 23:46:07.757,106613.34,0.0001,10.661334
2025-10-17 23:46:07.759,106613.33,0.0001,10.661333
2025-10-17 23:46:07.763,106614.67,0.01888,2012.8849696
2025-10-17 23:46:07.768,106614.67,0.0014,149.260538
2025-10-17 23:46:07.773,106616.25,0.00066,70.366725
2025-10-17 23:46:07.775,106620.93,0.0001,10.662093
2025-10-17 23:46:07.777,106623.39,0.00937,999.0611643
2025-10-17 23:46:07.786,106623.39,0.0005,53.311695
2025-10-17 23:46:09.033,106623.38,8e-05,8.529870400000002
2025-10-17 23:46:09.118,106623.39,0.00093,99.1597527
2025-10-17 23:46:09.891,106623.38,0.00076,81.0337688
2025-10-17 23:46:10.390,106623.38,0.00051,54.377923800000005
2025-10-17 23:46:10.395,106623.38,0.03491,3722.2221958
2025-10-17 23:46:10.397,106617.12,5e-05,5.330856
2025-10-17 23:46:10.400,106616.99,0.00683,728.1940417000001
2025-10-17 23:46:10.564,106617.0,7e-05,7.463189999999999
2025-10-17 23:46:11.033,106617.0,0.00084,89.55828000000001
2025-10-17 23:46:11.111,106616.99,0.00198,211.10164020000002
2025-10-17 23:46:11.316,106610.9,0.0001,10.66109
2025-10-17 23:46:12.271,106610.82,0.00684,729.2180088
2025-10-17 23:46:12.277,106610.82,0.00368,392.32781760000006
2025-10-17 23:46:12.279,106610.82,0.00368,392.32781760000006
2025-10-17 23:46:12.304,106610.82,0.00019,20.256055800000002
2025-10-17 23:46:12.316,106610.82,0.00076,81.02422320000001
2025-10-17 23:46:12.330,106610.81,0.00025,26.6527025
2025-10-17 23:46:12.349,106610.81,0.00019,20.2560539
2025-10-17 23:46:12.412,106610.81,0.00016,17.057729600000002
2025-10-17 23:46:12.414,106610.81,0.0011,117.27189100000001
2025-10-17 23:46:12.472,106610.8,0.00031,33.049348
2025-10-17 23:46:12.512,106610.8,0.00023,24.520484
2025-10-17 23:46:12.607,106610.8,0.00053,56.503724
2025-10-17 23:46:12.703,106610.78,0.0001,10.661078
2025-10-17 23:46:12.704,106607.46,5e-05,5.330373000000001
2025-10-17 23:46:12.713,106606.65,0.013,1385.88645
2025-10-17 23:46:12.716,106606.65,0.02094,2232.343251
2025-10-17 23:46:12.728,106606.65,0.0009,95.945985
2025-10-17 23:46:12.730,106604.57,0.0001,10.660457000000001
2025-10-17 23:46:12.926,106601.01,0.00028,29.848282799999996
2025-10-17 23:46:12.927,106599.99,5e-05,5.3299995000000004
2025-10-17 23:46:12.929,106597.87,0.0015,159.896805
2025-10-17 23:46:12.932,106593.5,6e-05,6.3956100000000005
2025-10-17 23:46:12.937,106592.01,0.013,1385.6961299999998
2025-10-17 23:46:12.938,106592.01,0.013,1385.6961299999998
2025-10-17 23:46:12.957,106592.01,0.0013,138.56961299999998
2025-10-17 23:46:12.962,106592.0,0.00925,985.976
2025-10-17 23:46:12.994,106592.0,0.03247,3461.0422399999998
2025-10-17 23:46:13.240,106592.0,0.00025,26.648
2025-10-17 23:46:13.371,106592.0,0.00241,256.88671999999997
2025-10-17 23:46:14.120,106592.01,6e-05,6.3955206
2025-10-17 23:46:14.425,106592.01,0.00188,200.39297879999998
2025-10-17 23:46:15.432,106592.01,0.00108,115.1193708
2025-10-17 23:46:15.533,106592.0,0.00017,18.12064
2025-10-17 23:46:15.584,106592.0,0.06791,7238.662719999999
2025-10-17 23:46:16.533,106592.01,0.00094,100.19648939999999
2025-10-17 23:46:16.645,106592.01,0.00888,946.5370488
2025-10-17 23:46:16.869,106592.01,0.00012,12.7910412
2025-10-17 23:46:16.880,106592.0,9e-05,9.59328
2025-10-17 23:46:16.919,106592.01,0.00043,45.8345643
2025-10-17 23:46:17.343,106592.0,0.00296,315.51232
2025-10-17 23:46:17.483,106592.01,0.00033,35.1753633
2025-10-17 23:46:17.581,106592.01,0.0001,10.659201
2025-10-17 23:46:17.617,106592.0,0.00016,17.05472
2025-10-17 23:46:17.683,106592.01,0.00037,39.4390437
2025-10-17 23:46:17.686,106592.01,0.00047,50.098244699999995
2025-10-17 23:46:18.570,106592.01,0.00015,15.988801499999997
2025-10-17 23:46:18.812,106592.01,0.00044,46.900484399999996
2025-10-17 23:46:19.918,106592.0,0.0002,21.3184
2025-10-17 23:46:20.579,106592.0,0.05701,6076.80992
2025-10-17 23:46:21.335,106592.01,0.00036,38.3731236
2025-10-17 23:46:21.438,106592.01,0.00048,51.1641648
2025-10-17 23:46:21.581,106592.0,8e-05,8.52736
2025-10-17 23:46:22.518,106592.01,0.00939,1000.8989739
2025-10-17 23:46:22.732,106592.0,0.00016,17.05472
2025-10-17 23:46:23.019,106592.01,0.00405,431.6976405
2025-10-17 23:46:23.381,106592.0,0.00057,60.757439999999995
2025-10-17 23:46:24.039,106592.01,0.00017,18.1206417
2025-10-17 23:46:24.520,106592.0,0.02218,2364.21056
2025-10-17 23:46:24.736,106592.0,0.00375,399.71999999999997
2025-10-17 23:46:24.824,106592.01,0.002,213.18402
2025-10-17 23:46:24.850,106592.01,0.00018,19.1865618
2025-10-17 23:46:24.947,106592.01,0.0001,10.659201
2025-10-17 23:46:24.982,106592.01,0.0001,10.659201
2025-10-17 23:46:25.243,106592.0,0.00047,50.09824
2025-10-17 23:46:26.047,106592.01,0.00011,11.725121099999999
2025-10-17 23:46:26.282,106592.01,0.00127,135.3718527
2025-10-17 23:46:26.909,106592.01,0.21,22384.322099999998
2025-10-17 23:46:27.005,106597.89,0.0001,10.659789
2025-10-17 23:46:27.139,106597.88,0.00035,37.309258
2025-10-17 23:46:27.391,106597.88,0.00384,409.3358592
2025-10-17 23:46:28.025,106597.88,0.00479,510.6038452
2025-10-17 23:46:28.289,106597.88,0.00092,98.0700496
2025-10-17 23:46:28.351,106597.89,0.003,319.79367
2025-10-17 23:46:29.615,106597.89,0.0057,607.607973
2025-10-17 23:46:30.733,106597.89,0.0005,53.298945
2025-10-17 23:46:30.919,106597.88,9e-05,9.5938092
2025-10-17 23:46:31.059,106597.89,5e-05,5.3298945
2025-10-17 23:46:31.432,106597.89,0.00049,52.2329661
2025-10-17 23:46:31.910,106597.89,0.00061,65.0247129
2025-10-17 23:46:32.015,106600.0,0.0001,10.66
2025-10-17 23:46:32.201,106601.42,5e-05,5.330071
2025-10-17 23:46:32.746,106601.41,9e-05,9.594126900000001
2025-10-17 23:46:33.196,106601.41,0.00187,199.3446367
2025-10-17 23:46:33.703,106601.41,0.00265,282.4937365
2025-10-17 23:46:34.375,106601.41,0.00034,36.2444794
2025-10-17 23:46:34.609,106601.41,0.00077,82.0830857
2025-10-17 23:46:34.918,106601.42,0.00023,24.5183266
2025-10-17 23:46:34.978,106601.41,0.0001,10.660141000000001
2025-10-17 23:46:35.316,106601.41,0.002,213.20282
2025-10-17 23:46:35.579,106601.41,0.06386,6807.5660426
2025-10-17 23:46:36.402,106601.42,0.00938,999.9213196
2025-10-17 23:46:36.874,106601.41,0.00018,19.188253800000002
2025-10-17 23:46:37.490,106601.41,0.00069,73.5549729
2025-10-17 23:46:37.684,106601.41,0.02726,2905.9544366
2025-10-17 23:46:38.192,106601.41,0.00013,13.858183299999999
2025-10-17 23:46:39.095,106601.42,4e-05,4.2640568000000005
2025-10-17 23:46:39.337,106601.42,0.0003,31.980425999999998
2025-10-17 23:46:39.417,106601.42,0.0008,85.281136
2025-10-17 23:46:40.594,106601.41,0.07172,7645.453125200001
2025-10-17 23:46:41.215,106601.42,0.00831,885.8578001999999
2025-10-17 23:46:41.354,106601.41,0.00443,472.2442463
2025-10-17 23:46:41.960,106601.41,9e-05,9.594126900000001
2025-10-17 23:46:42.135,106601.41,0.02846,3033.8761286
2025-10-17 23:46:42.438,106601.41,0.01522,1622.4734601999999
2025-10-17 23:46:42.489,106601.42,0.028,2984.83976
2025-10-17 23:46:42.979,106601.42,0.028,2984.83976
2025-10-17 23:46:43.257,106601.42,0.0004,42.640568
2025-10-17 23:46:43.437,106601.42,5e-05,5.330071
2025-10-17 23:46:43.539,106601.42,0.00047,50.102667399999994
2025-10-17 23:46:43.775,106601.41,0.00031,33.0464371
2025-10-17 23:46:44.802,106601.42,0.00046,49.0366532
2025-10-17 23:46:45.012,106601.42,0.00121,128.9877182
2025-10-17 23:46:45.252,106601.41,0.00076,81.01707160000001
2025-10-17 23:46:46.583,106601.41,7e-05,7.462098699999999
2025-10-17 23:46:46.733,106601.42,0.018,1918.8255599999998
2025-10-17 23:46:46.754,106601.42,0.001,106.60142
2025-10-17 23:46:46.893,106601.42,5e-05,5.330071
2025-10-17 23:46:47.384,106601.42,0.0013,138.58184599999998
2025-10-17 23:46:47.559,106601.42,0.001,106.60142
2025-10-17 23:46:47.623,106601.42,0.008,852.81136
2025-10-17 23:46:47.685,106601.41,0.075,7995.10575
2025-10-17 23:46:47.718,106601.41,9e-05,9.594126900000001
2025-10-17 23:46:47.795,106601.41,0.00047,50.1026627
2025-10-17 23:46:48.465,106601.41,0.0469,4999.606129
2025-10-17 23:46:49.478,106601.41,0.013,1385.81833
2025-10-17 23:46:49.479,106601.41,0.013,1385.81833
2025-10-17 23:46:49.785,106601.42,0.01875,1998.776625
2025-10-17 23:46:50.586,106601.41,0.06789,7237.169724900001
2025-10-17 23:46:51.293,106601.42,0.00323,344.32258659999997
2025-10-17 23:46:51.344,106601.42,0.00769,819.7649197999999
2025-10-17 23:46:54.060,106601.41,0.00015,15.9902115
2025-10-17 23:46:56.083,106601.42,0.02472,2635.1871023999997
2025-10-17 23:46:56.282,106601.41,6e-05,6.3960846
2025-10-17 23:46:59.213,106601.42,0.00026,27.716369199999995
2025-10-17 23:46:59.302,106601.42,7e-05,7.4620994
2025-10-17 23:46:59.718,106601.42,0.0001,10.660142
2025-10-17 23:47:00.290,106601.42,0.0006,63.960851999999996
2025-10-17 23:47:00.532,106601.41,0.00012,12.7921692
2025-10-17 23:47:00.604,106601.41,0.05039,5371.6450499
2025-10-17 23:47:00.757,106601.42,0.00145,154.572059
2025-10-17 23:47:00.758,106601.42,0.00145,154.572059
2025-10-17 23:47:01.202,106601.41,0.00015,15.9902115
2025-10-17 23:47:02.374,106601.41,0.00083,88.4791703
2025-10-17 23:47:02.610,106601.42,0.00026,27.716369199999995
2025-10-17 23:47:03.738,106601.42,0.00013,13.858184599999998
2025-10-17 23:47:05.592,106601.41,0.06674,7114.578103399999
2025-10-17 23:47:06.098,106601.41,0.00012,12.7921692
2025-10-17 23:47:06.177,106601.42,0.00429,457.32009180000006
2025-10-17 23:47:06.320,106601.41,0.04639,4945.2394099
2025-10-17 23:47:06.322,106601.41,0.013,1385.81833
2025-10-17 23:47:06.323,106601.41,0.013,1385.81833
2025-10-17 23:47:06.325,106601.41,0.011,1172.6155099999999
2025-10-17 23:47:06.351,106601.41,0.01472,1569.1727552000002
2025-10-17 23:47:06.383,106601.4,0.01716,1829.2800240000001
2025-10-17 23:47:06.415,106601.4,0.02323,2476.3505219999997
2025-10-17 23:47:06.457,106601.4,0.02258,2407.059612
2025-10-17 23:47:06.585,106601.4,9e-05,9.594126
2025-10-17 23:47:06.882,106601.4,0.00027,28.782377999999998
2025-10-17 23:47:06.907,106601.4,0.00024,25.584336
2025-10-17 23:47:06.940,106601.4,9e-05,9.594126
2025-10-17 23:47:06.966,106601.4,0.00026,27.716363999999995
2025-10-17 23:47:06.995,106601.4,0.00205,218.53287
2025-10-17 23:47:07.726,106601.4,9e-05,9.594126
2025-10-17 23:47:09.073,106601.41,0.00018,19.188253800000002
2025-10-17 23:47:09.818,106601.4,8e-05,8.528112
2025-10-17 23:47:10.038,106601.41,0.00121,128.9877061
2025-10-17 23:47:11.291,106601.41,0.001,106.60141
2025-10-17 23:47:11.740,106601.4,0.0001,10.66014
2025-10-17 23:47:11.885,106601.41,0.00037,39.4425217
2025-10-17 23:47:11.886,106601.41,0.00037,39.4425217
2025-10-17 23:47:11.887,106601.41,0.00481,512.7527821
2025-10-17 23:47:11.888,106601.41,0.00481,512.7527821
2025-10-17 23:47:11.889,106601.41,0.00107,114.0635087
2025-10-17 23:47:11.972,106601.41,0.00145,154.5720445
2025-10-17 23:47:12.659,106601.41,0.00189,201.4766649
2025-10-17 23:47:13.646,106601.4,0.00047,50.102658
2025-10-17 23:47:14.064,106601.41,0.00047,50.1026627
2025-10-17 23:47:15.592,106601.4,0.06515,6945.081209999999
2025-10-17 23:47:15.976,106601.41,0.00042,44.772592200000005
2025-10-17 23:47:16.216,106601.41,0.01125,1199.2658625
2025-10-17 23:47:17.499,106601.4,0.00011,11.726154
2025-10-17 23:47:17.571,106601.4,2.00817,214073.73343799997
2025-10-17 23:47:18.219,106601.41,0.0004,42.640564000000005
2025-10-17 23:47:18.701,106601.41,0.00058,61.8288178
2025-10-17 23:47:20.305,106601.4,9e-05,9.594126
2025-10-17 23:47:20.462,106601.4,0.0162,1726.9426799999999
2025-10-17 23:47:20.498,106601.41,0.0006,63.960846
2025-10-17 23:47:20.579,106601.4,0.06011,6407.810153999999
2025-10-17 23:47:20.801,106601.41,0.00046,49.03664860000001
2025-10-17 23:47:21.582,106601.41,0.00016,17.0562256
2025-10-17 23:47:21.759,106601.41,0.0627,6683.908407000001
2025-10-17 23:47:21.812,106601.4,0.00056,59.696783999999994
2025-10-17 23:47:21.982,106601.4,0.00279,297.41790599999996
2025-10-17 23:47:22.220,106601.41,0.00461,491.4325001000001
2025-10-17 23:47:22.436,106601.4,0.01704,1816.487856
2025-10-17 23:47:23.275,106597.93,0.00938,999.8885833999999
2025-10-17 23:47:24.084,106597.93,9e-05,9.5938137
2025-10-17 23:47:24.315,106597.9,0.0001,10.65979
2025-10-17 23:47:24.356,106597.89,0.00262,279.2864718
2025-10-17 23:47:24.902,106597.88,0.02613,2785.4026044
2025-10-17 23:47:24.915,106594.28,0.00125,133.24285
2025-10-17 23:47:24.916,106593.45,5e-05,5.3296725
2025-10-17 23:47:24.954,106592.01,0.0034,362.412834
2025-10-17 23:47:24.956,106592.0,0.00144,153.49248
2025-10-17 23:47:24.957,106590.74,0.00125,133.238425
2025-10-17 23:47:24.961,106590.65,6e-05,6.395439
2025-10-17 23:47:25.004,106590.65,0.24405,26013.448132499998
2025-10-17 23:47:25.015,106590.65,0.00554,590.5122009999999
2025-10-17 23:47:25.016,106590.65,0.00035,37.3067275
2025-10-17 23:47:25.021,106590.25,0.00046,49.031515
2025-10-17 23:47:25.023,106590.25,0.00095,101.2607375
2025-10-17 23:47:25.025,106590.0,0.0011,117.24900000000001
2025-10-17 23:47:25.026,106589.02,0.00243,259.0113186
2025-10-17 23:47:25.029,106589.02,0.00166,176.9377732
2025-10-17 23:47:25.030,106587.0,6e-05,6.39522
2025-10-17 23:47:25.033,106586.0,0.00252,268.59672
2025-10-17 23:47:25.035,106586.0,0.00023,24.514780000000002
2025-10-17 23:47:25.070,106584.0,0.30374,32373.82416
2025-10-17 23:47:25.072,106582.59,0.00046,49.0279914
2025-10-17 23:47:25.073,106580.9,0.00807,860.1078630000001
2025-10-17 23:47:25.076,106580.5,6e-05,6.39483
2025-10-17 23:47:25.077,106580.0,0.00205,218.489
2025-10-17 23:47:25.079,106579.53,5e-05,5.3289765000000004
2025-10-17 23:47:25.082,106576.0,0.0026,277.0976
2025-10-17 23:47:25.085,106574.0,0.00266,283.48684000000003
2025-10-17 23:47:25.087,106574.0,0.0006,63.944399999999995
2025-10-17 23:47:25.089,106573.85,0.04248,4527.257148
2025-10-17 23:47:25.091,106571.61,0.02232,2378.6783351999998
2025-10-17 23:47:25.093,106571.61,0.02008,2139.9579288
2025-10-17 23:47:25.095,106571.61,0.0267,2845.461987
2025-10-17 23:47:25.097,106571.61,0.0874,9314.358714
2025-10-17 23:47:25.100,106571.6,0.00154,164.120264
2025-10-17 23:47:25.103,106571.6,0.01293,1377.970788
2025-10-17 23:47:25.104,106571.6,0.0221,2355.2323600000004
2025-10-17 23:47:26.738,106571.61,0.00058,61.8115338
2025-10-17 23:47:27.702,106571.61,0.00211,224.8660971
2025-10-17 23:47:27.847,106571.6,0.00159,169.448844
2025-10-17 23:47:27.959,106571.61,6e-05,6.3942966000000006
2025-10-17 23:47:28.034,106571.6,0.00389,414.563524
2025-10-17 23:47:28.555,106571.6,0.00095,101.24302
2025-10-17 23:47:30.110,106571.61,0.00244,260.0347284
2025-10-17 23:47:32.233,106571.61,6e-05,6.3942966000000006
2025-10-17 23:47:33.710,106571.61,0.00191,203.55177510000001
2025-10-17 23:47:34.175,106571.61,0.00656,699.1097616
2025-10-17 23:47:34.688,106571.6,9e-05,9.591444000000001
2025-10-17 23:47:34.857,106571.61,0.00071,75.6658431
2025-10-17 23:47:35.579,106571.6,0.06475,6900.511100000001
2025-10-17 23:47:36.557,106571.61,0.00332,353.8177452
2025-10-17 23:47:36.589,106571.6,0.00332,353.81771200000003
2025-10-17 23:47:36.671,106571.61,0.00034,36.234347400000004
2025-10-17 23:47:36.694,106571.61,0.028,2984.00508
2025-10-17 23:47:36.754,106571.61,0.00109,116.1630549
2025-10-17 23:47:36.756,106571.61,0.08109,8641.891854899999
2025-10-17 23:47:36.758,106572.4,0.0001,10.65724
2025-10-17 23:47:36.759,106573.06,5e-05,5.328653
2025-10-17 23:47:36.761,106573.91,0.03294,3510.5445953999997
2025-10-17 23:47:36.764,106573.91,0.00061,65.0100851
2025-10-17 23:47:36.766,106575.87,0.003,319.72760999999997
2025-10-17 23:47:36.769,106575.87,0.00094,100.18131779999999
2025-10-17 23:47:36.771,106575.87,0.00026,27.709726199999995
2025-10-17 23:47:36.773,106575.87,0.00012,12.7891044
2025-10-17 23:47:36.815,106577.4,0.00223,237.66760200000002
2025-10-17 23:47:37.334,106577.99,0.00012,12.7893588
2025-10-17 23:47:37.988,106578.0,0.01407,1499.5524599999999
2025-10-17 23:47:38.035,106578.0,0.00047,50.09166
2025-10-17 23:47:38.213,106577.99,0.00011,11.723578900000001
2025-10-17 23:47:39.717,106577.99,0.09996,10653.5358804
2025-10-17 23:47:39.812,106578.0,0.00011,11.72358
2025-10-17 23:47:39.835,106577.99,0.00087,92.7228513
2025-10-17 23:47:40.594,106577.99,0.05486,5846.8685314
2025-10-17 23:47:40.782,106578.0,0.00104,110.84111999999999
2025-10-17 23:47:41.378,106578.0,0.0011,117.23580000000001
2025-10-17 23:47:41.475,106578.0,9e-05,9.59202
2025-10-17 23:47:41.789,106578.0,0.01876,1999.40328
2025-10-17 23:47:44.171,106577.99,0.00047,50.0916553
2025-10-17 23:47:45.082,106578.0,0.00054,57.55212
2025-10-17 23:47:45.331,106578.0,0.00019,20.24982
2025-10-17 23:47:45.592,106577.99,0.05681,6054.695611900001
2025-10-17 23:47:45.927,106577.99,9e-05,9.592019100000002
2025-10-17 23:47:46.532,106577.99,0.00646,688.4938154
2025-10-17 23:47:46.578,106577.99,7e-05,7.4604593
2025-10-17 23:47:47.120,106578.0,0.00047,50.09166
2025-10-17 23:47:47.391,106577.99,0.00021,22.3813779
2025-10-17 23:47:48.735,106578.0,0.00012,12.78936
2025-10-17 23:47:49.127,106578.0,0.00044,46.89432
2025-10-17 23:47:50.034,106577.99,0.00028,29.8418372
2025-10-17 23:47:50.320,106577.99,0.00847,902.7155753000001
2025-10-17 23:47:51.522,106577.99,0.00019,20.249818100000002
2025-10-17 23:47:52.229,106577.99,0.00143,152.4065257
2025-10-17 23:47:53.120,106577.99,0.00062,66.0783538
2025-10-17 23:47:53.312,106578.0,0.00049,52.22322
2025-10-17 23:47:53.706,106578.0,7e-05,7.460459999999999
2025-10-17 23:47:54.243,106578.0,0.00047,50.09166
2025-10-17 23:47:54.460,106577.99,8e-05,8.526239200000001
2025-10-17 23:47:54.954,106578.0,0.0025,266.445
2025-10-17 23:47:55.391,106578.0,0.00019,20.24982
2025-10-17 23:47:55.587,106577.99,0.05677,6050.4324923
2025-10-17 23:47:55.669,106578.0,0.003,319.734
2025-10-17 23:47:56.179,106577.99,0.47964,51119.067123600005
2025-10-17 23:47:57.018,106578.0,0.00093,99.11754
2025-10-17 23:47:57.524,106577.99,0.0001,10.657799
2025-10-17 23:47:58.411,106577.99,8e-05,8.526239200000001
2025-10-17 23:47:58.691,106577.99,0.00015,15.9866985
2025-10-17 23:47:59.060,106578.0,0.00024,25.57872
2025-10-17 23:48:00.595,106577.99,0.06156,6560.9410644
2025-10-17 23:48:00.679,106578.0,0.00093,99.11754
2025-10-17 23:48:00.919,106577.99,0.00028,29.8418372
2025-10-17 23:48:01.133,106578.0,0.00087,92.72286
2025-10-17 23:48:01.880,106577.99,7e-05,7.4604593
2025-10-17 23:48:02.724,106577.99,7e-05,7.4604593
2025-10-17 23:48:03.072,106577.99,6e-05,6.3946794
2025-10-17 23:48:03.823,106577.99,0.00057,60.749454300000004
2025-10-17 23:48:04.595,106578.0,0.00362,385.81236
2025-10-17 23:48:04.841,106577.99,0.00944,1006.0962256000001
2025-10-17 23:48:05.282,106578.0,0.00032,34.104960000000005
2025-10-17 23:48:08.144,106577.99,0.00047,50.0916553
2025-10-17 23:48:08.610,106577.99,0.0037,394.338563
2025-10-17 23:48:08.815,106577.99,0.00547,582.9816053000001
2025-10-17 23:48:09.070,106578.0,0.00014,14.920919999999999
2025-10-17 23:48:09.270,106578.0,0.028,2984.184
2025-10-17 23:48:09.313,106578.0,0.00054,57.55212
2025-10-17 23:48:09.324,106578.0,0.09101,9699.663779999999
2025-10-17 23:48:09.325,106580.0,5e-05,5.329000000000001
2025-10-17 23:48:09.381,106580.5,0.00151,160.936555
2025-10-17 23:48:09.397,106582.26,0.0033,351.721458
2025-10-17 23:48:10.580,106582.26,0.06605,7039.7582729999995
2025-10-17 23:48:10.868,106582.27,0.02128,2268.0707056
2025-10-17 23:48:11.223,106582.27,0.00207,220.6252989
2025-10-17 23:48:11.576,106582.26,6e-05,6.3949356
2025-10-17 23:48:11.822,106582.26,0.00025,26.645564999999998
2025-10-17 23:48:12.042,106583.75,6e-05,6.395025
2025-10-17 23:48:12.049,106585.06,0.0009,95.926554
2025-10-17 23:48:12.151,106590.24,0.01554,1656.4123296
2025-10-17 23:48:13.204,106590.24,7e-05,7.4613168
2025-10-17 23:48:14.243,106590.24,0.00027,28.779364800000003
2025-10-17 23:48:14.255,106590.24,0.0001,10.659024
2025-10-17 23:48:15.597,106590.23,0.06838,7288.6399274
2025-10-17 23:48:15.824,106590.23,0.00093,99.1289139
2025-10-17 23:48:15.832,106590.24,0.00085,90.601704
2025-10-17 23:48:16.313,106590.24,0.84983,90583.5836592
2025-10-17 23:48:16.387,106590.23,0.0075,799.4267249999999
2025-10-17 23:48:16.510,106590.24,0.028,2984.5267200000003
2025-10-17 23:48:16.800,106590.23,0.005,532.95115
2025-10-17 23:48:17.020,106590.23,9e-05,9.5931207
2025-10-17 23:48:17.525,106590.24,0.0002,21.318048
2025-10-17 23:48:17.732,106590.24,0.0001,10.659024
2025-10-17 23:48:17.813,106590.24,0.00014,14.9226336
2025-10-17 23:48:18.070,106590.24,0.00015,15.988536
2025-10-17 23:48:18.161,106590.24,0.0001,10.659024
2025-10-17 23:48:18.169,106590.24,0.0001,10.659024
2025-10-17 23:48:18.352,106590.24,0.00297,316.5730128
2025-10-17 23:48:18.409,106592.61,0.028,2984.59308
2025-10-17 23:48:18.462,106592.61,0.0001,10.659261
2025-10-17 23:48:18.470,106592.61,0.0001,10.659261
2025-10-17 23:48:18.688,106594.76,0.0001,10.659476
2025-10-17 23:48:18.754,106594.75,0.028,2984.6530000000002
2025-10-17 23:48:18.944,106594.75,0.00245,261.1571375
2025-10-17 23:48:19.241,106594.75,0.00163,173.7494425
2025-10-17 23:48:19.288,106594.76,0.00014,14.923266399999997
2025-10-17 23:48:19.632,106594.76,0.0001,10.659476
2025-10-17 23:48:19.925,106594.76,0.00081,86.34175559999998
2025-10-17 23:48:19.981,106594.76,0.00093,99.1331268
2025-10-17 23:48:20.481,106594.76,0.00011,11.7254236
2025-10-17 23:48:20.763,106594.76,0.0005,53.29738
2025-10-17 23:48:20.819,106594.76,0.00051,54.3633276
2025-10-17 23:48:21.057,106594.76,0.00083,88.4736508
2025-10-17 23:48:21.058,106594.76,0.00037,39.440061199999995
2025-10-17 23:48:21.059,106594.76,0.00223,237.7063148
2025-10-17 23:48:21.060,106594.76,0.00187,199.3322012
2025-10-17 23:48:21.352,106594.75,9e-05,9.5935275
2025-10-17 23:48:22.039,106594.76,0.00936,997.7269536
2025-10-17 23:48:22.084,106594.76,0.00015,15.989213999999997
2025-10-17 23:48:22.161,106594.76,0.00011,11.7254236
2025-10-17 23:48:22.213,106594.76,0.00864,920.9787263999999
2025-10-17 23:48:22.943,106594.76,7e-05,7.461633199999999
2025-10-17 23:48:24.351,106594.75,0.00047,50.099532499999995
2025-10-17 23:48:24.443,106594.76,1.78847,190641.5304172
2025-10-17 23:48:24.790,106594.76,0.01462,1558.4153912
2025-10-17 23:48:24.923,106594.76,0.00487,519.1164812
2025-10-17 23:48:25.588,106594.75,0.0699,7450.973025
2025-10-17 23:48:25.718,106594.76,0.00015,15.989213999999997
2025-10-17 23:48:25.817,106594.75,0.043,4583.57425
2025-10-17 23:48:26.429,106594.76,0.00048,51.1654848
2025-10-17 23:48:27.103,106594.75,0.00204,217.45329
2025-10-17 23:48:27.776,106594.76,7e-05,7.461633199999999
2025-10-17 23:48:28.725,106594.75,0.00449,478.6104275
2025-10-17 23:48:29.318,106594.76,0.00094,100.19907439999999
2025-10-17 23:48:29.719,106594.76,5e-05,5.329738
2025-10-17 23:48:29.881,106594.76,9e-05,9.5935284
2025-10-17 23:48:31.129,106594.76,0.00093,99.1331268
2025-10-17 23:48:31.276,106594.75,0.0001,10.659475
2025-10-17 23:48:31.435,106594.76,0.00118,125.7818168
2025-10-17 23:48:34.238,106594.75,0.00727,774.9438325000001
2025-10-17 23:48:34.308,106594.75,0.00019,20.2530025
2025-10-17 23:48:34.337,106590.56,0.0001,10.659056
2025-10-17 23:48:34.342,106585.99,5e-05,5.3292995
2025-10-17 23:48:34.343,106585.06,0.00053,56.4900818
2025-10-17 23:48:34.355,106584.09,0.0013,138.559317
2025-10-17 23:48:34.414,106584.09,0.006,639.50454
2025-10-17 23:48:34.415,106584.09,0.028,2984.35452
2025-10-17 23:48:34.468,106584.09,0.01199,1277.9432391
2025-10-17 23:48:34.478,106584.09,0.05865,6251.1568785
2025-10-17 23:48:34.549,106584.09,0.21783,23217.212324699998
2025-10-17 23:48:34.585,106584.09,0.00223,237.68252070000003
2025-10-17 23:48:34.738,106584.09,0.00015,15.987613499999998
2025-10-17 23:48:35.056,106584.08,0.00553,589.4099624
2025-10-17 23:48:35.060,106580.5,0.00016,17.052880000000002
2025-10-17 23:48:35.071,106577.99,0.013,1385.51387
2025-10-17 23:48:35.238,106577.99,8e-05,8.526239200000001
2025-10-17 23:48:35.405,106577.99,0.011,1172.35789
2025-10-17 23:48:35.406,106577.99,0.011,1172.35789
2025-10-17 23:48:35.476,106577.99,0.00262,279.2343338
2025-10-17 23:48:35.581,106577.99,0.06047,6444.771055300001
2025-10-17 23:48:35.734,106577.99,0.00491,523.2979309000001
2025-10-17 23:48:36.578,106577.99,9e-05,9.592019100000002
2025-10-17 23:48:37.034,106578.0,0.01054,1123.33212
2025-10-17 23:48:38.065,106578.0,0.0021,223.8138
2025-10-17 23:48:38.124,106578.0,0.00657,700.2174600000001
2025-10-17 23:48:38.166,106578.0,0.00045,47.9601
2025-10-17 23:48:39.487,106577.99,0.26542,28287.930105800002
2025-10-17 23:48:39.490,106577.99,0.11084,11813.1044116
2025-10-17 23:48:39.491,106577.99,0.01685,1795.8391315000001
2025-10-17 23:48:39.494,106577.99,0.01351,1439.8686449
2025-10-17 23:48:39.497,106577.99,0.02922,3114.2088678
2025-10-17 23:48:39.499,106577.99,0.00215,229.14267850000002
2025-10-17 23:48:39.501,106577.99,0.02,2131.5598
2025-10-17 23:48:39.507,106577.99,0.008,852.6239200000001
2025-10-17 23:48:39.508,106577.15,5e-05,5.3288575
2025-10-17 23:48:39.510,106576.28,0.00015,15.986441999999998
2025-10-17 23:48:39.532,106574.0,6e-05,6.39444
2025-10-17 23:48:39.544,106572.66,0.0025,266.43165
2025-10-17 23:48:39.545,106571.6,0.009,959.1444
2025-10-17 23:48:39.546,106571.6,0.009,959.1444
2025-10-17 23:48:39.669,106571.61,0.0056,596.801016
2025-10-17 23:48:39.997,106571.6,0.00034,36.23434400000001
2025-10-17 23:48:40.021,106571.6,7e-05,7.460012
2025-10-17 23:48:40.086,106571.61,0.00047,50.0886567
2025-10-17 23:48:40.250,106571.6,0.00094,100.177304
2025-10-17 23:48:40.594,106571.6,0.05707,6082.041212000001
2025-10-17 23:48:41.210,106571.6,0.00056,59.680096
2025-10-17 23:48:42.276,106571.6,0.00046,49.022936
2025-10-17 23:48:42.913,106571.61,0.00023,24.5114703
2025-10-17 23:48:43.602,106571.6,0.00099,105.50588400000001
2025-10-17 23:48:43.977,106571.6,0.00025,26.6429
2025-10-17 23:48:44.072,106571.61,0.0015,159.857415
2025-10-17 23:48:44.518,106571.6,0.013,1385.4308
2025-10-17 23:48:44.519,106571.6,0.013,1385.4308
2025-10-17 23:48:45.592,106571.6,0.07554,8050.418664
2025-10-17 23:48:46.428,106571.61,0.00938,999.6417018
2025-10-17 23:48:46.484,106571.61,0.00187,199.2889107
2025-10-17 23:48:47.275,106571.61,0.0001,10.657161
2025-10-17 23:48:48.681,106571.61,0.0001,10.657161
2025-10-17 23:48:48.717,106571.6,0.00612,652.218192
2025-10-17 23:48:48.974,106571.6,0.01115,1188.2733400000002
2025-10-17 23:48:49.932,106571.61,0.00343,365.5406223
2025-10-17 23:48:50.086,106571.6,0.00071,75.66583600000001
2025-10-17 23:48:50.597,106571.6,0.0614,6543.49624
2025-10-17 23:48:50.903,106571.6,7e-05,7.460012
2025-10-17 23:48:52.021,106571.6,0.00013,13.854308
2025-10-17 23:48:52.344,106571.61,0.00412,439.07503320000006
2025-10-17 23:48:53.791,106571.61,0.00022,23.4457542
2025-10-17 23:48:53.852,106571.6,0.00095,101.24302
2025-10-17 23:48:54.420,106571.6,0.00432,460.389312
2025-10-17 23:48:55.656,106571.6,0.00165,175.84314
2025-10-17 23:48:55.788,106571.61,0.00047,50.0886567
2025-10-17 23:48:56.369,106571.6,0.00058,61.811528
2025-10-17 23:48:56.402,106571.6,0.00093,99.11158800000001
2025-10-17 23:48:56.688,106571.61,0.00033,35.1686313
2025-10-17 23:48:56.986,106571.6,0.00022,23.445752000000002
2025-10-17 23:48:57.693,106571.61,0.00047,50.0886567
2025-10-17 23:48:58.660,106571.61,0.00129,137.4773769
2025-10-17 23:48:59.731,106571.6,5e-05,5.3285800000000005
2025-10-17 23:48:59.842,106571.61,0.0001,10.657161
2025-10-17 23:49:00.112,106571.61,0.00012,12.788593200000001
2025-10-17 23:49:00.204,106571.61,0.00062,66.0743982
2025-10-17 23:49:00.863,106571.61,7e-05,7.460012699999999
2025-10-17 23:49:01.318,106571.61,0.00014,14.920025399999998
2025-10-17 23:49:01.493,106571.61,0.00081,86.32300409999999
2025-10-17 23:49:01.727,106571.6,0.0001,10.657160000000001
2025-10-17 23:49:01.732,106571.61,8e-05,8.525728800000001
2025-10-17 23:49:01.733,106571.6,0.00236,251.50897600000002
2025-10-17 23:49:02.696,106571.61,0.02,2131.4322
2025-10-17 23:49:02.716,106571.61,0.466,49662.37026
2025-10-17 23:49:02.718,106571.61,0.05568,5933.9072448
2025-10-17 23:49:02.719,106571.7,0.051,5435.1567
2025-10-17 23:49:02.720,106571.71,0.0001,10.657171000000002
2025-10-17 23:49:02.723,106572.67,0.04191,4466.4605997
2025-10-17 23:49:02.726,106572.67,0.0004,42.629068000000004
2025-10-17 23:49:02.728,106572.67,0.00015,15.985900499999998
2025-10-17 23:49:02.742,106572.68,0.00145,154.530386
2025-10-17 23:49:02.757,106575.87,0.0048,511.5641759999999
2025-10-17 23:49:02.759,106575.87,0.01233,1314.0804771
2025-10-17 23:49:02.761,106575.87,0.0004,42.630348
2025-10-17 23:49:02.766,106578.0,0.00374,398.60172
2025-10-17 23:49:02.767,106578.0,0.00194,206.76132
2025-10-17 23:49:02.768,106578.0,0.0005,53.289
2025-10-17 23:49:02.771,106578.0,0.00015,15.986699999999999
2025-10-17 23:49:02.783,106579.07,0.00489,521.1716523
2025-10-17 23:49:02.858,106579.08,0.05179,5519.7305532
2025-10-17 23:49:02.880,106583.75,6e-05,6.395025
2025-10-17 23:49:04.191,106583.96,0.00139,148.1517044
2025-10-17 23:49:04.231,106583.97,9e-05,9.592557300000001
2025-10-17 23:49:04.714,106583.97,0.00047,50.094465899999996
2025-10-17 23:49:05.076,106583.96,0.00475,506.27381
2025-10-17 23:49:05.140,106583.96,0.00022,23.448471200000004
2025-10-17 23:49:05.281,106583.97,0.0071,756.7461870000001
2025-10-17 23:49:05.592,106583.96,0.07625,8127.02695
2025-10-17 23:49:07.130,106583.97,7e-05,7.4608779
2025-10-17 23:49:07.518,106583.97,6e-05,6.3950382
2025-10-17 23:49:08.224,106583.97,0.00015,15.9875955
2025-10-17 23:49:08.487,106583.96,0.00606,645.8987976000001
2025-10-17 23:49:08.863,106583.96,0.00087,92.72804520000001
2025-10-17 23:49:09.844,106583.96,0.00126,134.2957896
2025-10-17 23:49:09.862,106583.96,5e-05,5.329198000000001
2025-10-17 23:49:10.090,106583.97,6e-05,6.3950382
2025-10-17 23:49:10.193,106583.96,0.00047,50.094461200000005
2025-10-17 23:49:10.533,106583.97,0.00049,52.2261453
2025-10-17 23:49:11.032,106583.97,0.00011,11.7242367
2025-10-17 23:49:11.249,106583.96,9e-05,9.592556400000001
2025-10-17 23:49:12.318,106583.97,0.00047,50.094465899999996
2025-10-17 23:49:13.412,106583.96,0.00013,13.855914799999999
2025-10-17 23:49:13.730,106583.97,0.02999,3196.4532603
2025-10-17 23:49:13.780,106583.97,0.0004,42.633588
2025-10-17 23:49:14.091,106583.97,0.00173,184.39026810000001
2025-10-17 23:49:14.683,106583.97,0.00053,56.4895041
2025-10-17 23:49:14.795,106583.96,0.00023,24.5143108
2025-10-17 23:49:15.598,106583.96,0.06995,7455.548002
2025-10-17 23:49:16.023,106583.97,0.04668,4975.3397196
2025-10-17 23:49:16.025,106583.96,0.00046,49.0286216
2025-10-17 23:49:17.062,106583.97,0.00015,15.9875955
2025-10-17 23:49:17.248,106583.97,0.0014,149.217558
2025-10-17 23:49:17.568,106583.97,0.0001,10.658397
2025-10-17 23:49:18.464,106583.97,0.00936,997.6259592
2025-10-17 23:49:20.113,106583.97,0.00052,55.42366439999999
2025-10-17 23:49:20.583,106577.23,0.03094,3297.4994961999996
2025-10-17 23:49:21.077,106573.97,0.00015,15.9860955
2025-10-17 23:49:21.127,106573.96,0.004,426.29584000000006
2025-10-17 23:49:21.129,106573.96,0.004,426.29584000000006
2025-10-17 23:49:21.260,106573.96,0.00261,278.1580356
2025-10-17 23:49:21.363,106573.96,7e-05,7.4601771999999995
2025-10-17 23:49:21.418,106573.96,0.10096,10759.7070016
2025-10-17 23:49:21.581,106573.95,7e-05,7.460176499999999
2025-10-17 23:49:22.301,106573.96,4e-05,4.2629584000000005
2025-10-17 23:49:22.578,106573.95,0.00457,487.0429515
2025-10-17 23:49:22.579,106573.95,0.00588,626.654826
2025-10-17 23:49:22.869,106573.95,0.0004,42.629580000000004
2025-10-17 23:49:23.647,106573.95,0.00049,52.2212355
2025-10-17 23:49:23.732,106573.96,0.01586,1690.2630056
2025-10-17 23:49:24.429,106573.95,0.00018,19.183311
2025-10-17 23:49:24.926,106573.96,0.00012,12.788875200000001
2025-10-17 23:49:25.103,106573.95,0.00314,334.642203
2025-10-17 23:49:25.240,106573.95,7e-05,7.460176499999999
2025-10-17 23:49:25.896,106573.95,0.00047,50.0897565
2025-10-17 23:49:27.125,106573.96,0.00102,108.70543920000001
2025-10-17 23:49:27.801,106573.95,0.00047,50.0897565
2025-10-17 23:49:28.087,106573.95,0.00103,109.7711685
2025-10-17 23:49:28.541,106573.96,9e-05,9.591656400000002
2025-10-17 23:49:28.581,106573.96,0.0002,21.314792
2025-10-17 23:49:28.612,106573.96,0.00374,398.5866104
2025-10-17 23:49:29.367,106573.95,0.00559,595.7483805
2025-10-17 23:49:29.413,106573.95,9e-05,9.5916555
2025-10-17 23:49:31.039,106573.95,0.00357,380.4690015
2025-10-17 23:49:31.595,106573.96,0.00185,197.16182600000002
2025-10-17 23:49:32.361,106573.96,0.37523,39989.747010800005
2025-10-17 23:49:32.674,106573.95,0.01009,1075.3311555
2025-10-17 23:49:34.399,106573.96,9e-05,9.591656400000002
2025-10-17 23:49:34.484,106573.96,0.00039,41.5638444
2025-10-17 23:49:35.580,106573.95,0.07274,7752.189123
2025-10-17 23:49:36.290,106573.95,5e-05,5.3286975000000005
2025-10-17 23:49:38.575,106573.96,6e-05,6.394437600000001
2025-10-17 23:49:38.755,106573.96,0.0001,10.657396
2025-10-17 23:49:39.940,106573.96,0.08444,8999.1051824
2025-10-17 23:49:40.143,106573.95,9e-05,9.5916555
2025-10-17 23:49:40.595,106573.95,0.07085,7550.764357499999
2025-10-17 23:49:41.092,106573.96,0.00036,38.366625600000006
2025-10-17 23:49:43.362,106573.96,0.0013,138.546148
2025-10-17 23:49:43.396,106573.96,0.00011,11.7231356
2025-10-17 23:49:45.542,106573.96,0.00072,76.73325120000001
2025-10-17 23:49:46.148,106573.95,0.00014,14.920352999999999
2025-10-17 23:49:46.578,106573.95,0.0001,10.657395000000001
2025-10-17 23:49:46.812,106573.96,0.001,106.57396000000001
2025-10-17 23:49:46.820,106573.96,0.00053,56.4841988
2025-10-17 23:49:47.025,106573.95,0.00021,22.3805295
2025-10-17 23:49:47.644,106573.96,0.00383,408.1782668
2025-10-17 23:49:47.752,106573.95,0.00047,50.0897565
2025-10-17 23:49:48.274,106573.95,0.00374,398.586573
2025-10-17 23:49:49.792,106573.96,0.01,1065.7396
2025-10-17 23:49:50.237,106573.96,0.00173,184.3729508
2025-10-17 23:49:50.515,106573.95,0.00023,24.5120085
2025-10-17 23:49:50.594,106573.95,0.06226,6635.294127
2025-10-17 23:49:51.474,106573.96,0.00111,118.29709560000002
2025-10-17 23:49:51.792,106573.95,0.01168,1244.7837359999999
2025-10-17 23:49:52.284,106573.95,0.05068,5401.167786
2025-10-17 23:49:53.129,106573.96,9e-05,9.591656400000002
2025-10-17 23:49:53.166,106573.95,0.0714,7609.38003
2025-10-17 23:49:53.167,106573.95,0.26015,27725.2130925
2025-10-17 23:49:53.168,106570.97,0.00695,740.6682414999999
2025-10-17 23:49:53.169,106570.02,0.00971,1034.7948942
2025-10-17 23:49:53.174,106567.97,0.00015,15.985195499999998
2025-10-17 23:49:53.176,106566.62,0.00015,15.984992999999998
2025-10-17 23:49:53.180,106563.3,0.00193,205.667169
2025-10-17 23:49:53.181,106560.01,0.013,1385.2801299999999
2025-10-17 23:49:53.187,106560.01,6e-05,6.3936006
2025-10-17 23:49:53.191,106558.82,0.048,5114.82336
2025-10-17 23:49:53.210,106558.68,0.00614,654.2702952
2025-10-17 23:49:53.215,106558.0,0.13789,14693.282620000002
2025-10-17 23:49:53.219,106558.0,0.003,319.67400000000004
2025-10-17 23:49:53.221,106558.01,0.00023,24.5083423
2025-10-17 23:49:53.492,106558.01,0.00057,60.73806569999999
2025-10-17 23:49:53.575,106558.01,5e-05,5.3279005
2025-10-17 23:49:53.581,106558.0,0.01776,1892.47008
2025-10-17 23:49:54.218,106558.01,0.00014,14.918121399999999
2025-10-17 23:49:54.418,106558.01,0.00092,98.0333692
2025-10-17 23:49:55.028,106547.35,0.00015,15.9821025
2025-10-17 23:49:55.039,106547.34,0.001,106.54734
2025-10-17 23:49:55.040,106547.34,0.001,106.54734
2025-10-17 23:49:55.162,106547.34,0.00373,397.42157819999994
2025-10-17 23:49:55.658,106546.75,0.00187,199.2424225
2025-10-17 23:49:55.700,106545.83,0.00289,307.9174487
2025-10-17 23:49:55.924,106545.82,0.00187,199.2406834
2025-10-17 23:49:56.579,106545.83,6e-05,6.392749800000001
2025-10-17 23:49:58.055,106545.83,0.02222,2367.4483426
2025-10-17 23:49:58.829,106545.82,0.013,1385.09566
2025-10-17 23:49:58.830,106545.82,0.013,1385.09566
2025-10-17 23:49:59.123,106545.82,9e-05,9.589123800000001
2025-10-17 23:49:59.448,106545.83,0.00684,728.7734772
2025-10-17 23:49:59.803,106545.82,0.00048,51.141993600000006
2025-10-17 23:50:00.482,106545.82,0.0004,42.618328000000005
2025-10-17 23:50:00.661,106545.82,0.04876,5195.1741832
2025-10-17 23:50:01.644,106545.83,0.00015,15.981874499999998
2025-10-17 23:50:02.040,106545.83,0.00662,705.3333946
2025-10-17 23:50:03.336,106545.82,0.00016,17.047331200000002
2025-10-17 23:50:04.487,106545.83,4e-05,4.261833200000001
2025-10-17 23:50:04.544,106545.83,5e-05,5.3272915
2025-10-17 23:50:05.348,106545.83,0.00432,460.2779856
2025-10-17 23:50:05.597,106545.82,0.07048,7509.3493936
2025-10-17 23:50:07.405,106545.83,0.005,532.72915
2025-10-17 23:50:07.590,106545.83,0.00012,12.785499600000001
2025-10-17 23:50:07.804,106545.83,0.01,1065.4583
2025-10-17 23:50:08.256,106545.83,0.00028,29.832832399999997
2025-10-17 23:50:08.579,106545.83,0.001,106.54583000000001
2025-10-17 23:50:08.989,106545.83,0.00024,25.570999200000003
2025-10-17 23:50:10.648,106545.82,0.00732,779.9154024000001
2025-10-17 23:50:12.242,106545.82,0.00048,51.141993600000006
2025-10-17 23:50:12.268,106545.82,0.00718,764.9989876000001
2025-10-17 23:50:13.398,106545.83,0.00115,122.5277045
2025-10-17 23:50:13.543,106545.83,0.00014,14.916416199999999
2025-10-17 23:50:13.648,106545.83,0.00041,43.6837903
2025-10-17 23:50:13.873,106545.83,0.02815,2999.2651145
2025-10-17 23:50:14.208,106545.83,0.01,1065.4583
2025-10-17 23:50:14.737,106545.82,0.00014,14.9164148
2025-10-17 23:50:15.117,106545.83,0.00099,105.4803717
2025-10-17 23:50:15.162,106545.83,0.00011,11.7200413
2025-10-17 23:50:15.200,106545.83,0.25354,27013.629738199998
2025-10-17 23:50:15.592,106545.82,0.06159,6562.1570538000005
2025-10-17 23:50:16.282,106545.83,5e-05,5.3272915
2025-10-17 23:50:17.908,106545.83,6e-05,6.392749800000001
2025-10-17 23:50:18.642,106545.83,0.00029,30.8982907
2025-10-17 23:50:20.432,106545.82,0.00028,29.8328296
2025-10-17 23:50:20.433,106545.83,0.00072,76.71299760000001
2025-10-17 23:50:20.578,106545.82,0.05324,5672.499456800001
2025-10-17 23:50:21.818,106545.83,0.028,2983.28324
2025-10-17 23:50:22.049,106545.83,0.00054,57.5347482
2025-10-17 23:50:22.914,106545.83,0.00938,999.3998853999999
2025-10-17 23:50:22.953,106545.82,0.00048,51.141993600000006
2025-10-17 23:50:23.308,106545.83,0.00101,107.61128830000001
2025-10-17 23:50:23.497,106545.83,0.00029,30.8982907
2025-10-17 23:50:23.818,106545.82,0.00048,51.141993600000006
2025-10-17 23:50:24.307,106545.83,0.00197,209.8952851
2025-10-17 23:50:24.538,106545.83,0.0009,95.89124699999999
2025-10-17 23:50:25.178,106545.82,0.01366,1455.4159012000002
2025-10-17 23:50:25.705,106545.83,0.00068,72.45116440000001
2025-10-17 23:50:26.123,106545.82,0.00431,459.2124842
2025-10-17 23:50:26.184,106545.82,0.02606,2776.5840692
2025-10-17 23:50:26.187,106545.82,0.00541,576.4128862
2025-10-17 23:50:26.188,106545.82,0.05317,5665.0412494
2025-10-17 23:50:26.189,106545.82,0.01232,1312.6445024
2025-10-17 23:50:26.195,106545.82,0.0002,21.309164000000003
2025-10-17 23:50:26.622,106545.83,0.22862,24358.5076546
2025-10-17 23:50:27.440,106545.82,0.013,1385.09566
2025-10-17 23:50:27.441,106545.82,0.013,1385.09566
2025-10-17 23:50:27.446,106545.82,0.013,1385.09566
2025-10-17 23:50:27.782,106545.83,0.0001,10.654583
2025-10-17 23:50:27.817,106545.83,0.00057,60.7311231
2025-10-17 23:50:28.124,106545.83,0.00024,25.570999200000003
2025-10-17 23:50:28.318,106545.82,0.00203,216.28801460000003
2025-10-17 23:50:28.482,106545.82,0.00018,19.178247600000002
2025-10-17 23:50:28.875,106545.83,0.00024,25.570999200000003
2025-10-17 23:50:28.976,106545.83,0.00029,30.8982907
2025-10-17 23:50:29.039,106545.83,0.0001,10.654583
2025-10-17 23:50:29.291,106545.83,0.00034,36.225582200000005
2025-10-17 23:50:29.490,106545.83,0.33252,35428.6193916
2025-10-17 23:50:29.856,106545.83,0.002,213.09166000000002
2025-10-17 23:50:30.015,106545.82,0.00489,521.0090598
2025-10-17 23:50:30.348,106545.82,0.013,1385.09566
2025-10-17 23:50:30.355,106545.83,0.026,2770.1915799999997
2025-10-17 23:50:30.422,106545.82,0.04941,5264.428966200001
2025-10-17 23:50:30.423,106545.82,0.07763,8271.152006600001
2025-10-17 23:50:30.425,106545.82,0.013,1385.09566
2025-10-17 23:50:30.426,106545.8,0.0001,10.654580000000001
2025-10-17 23:50:30.427,106536.98,0.0001,10.653698
2025-10-17 23:50:30.431,106534.79,6e-05,6.392087399999999
2025-10-17 23:50:30.432,106534.79,0.0129,1374.298791
2025-10-17 23:50:31.377,106534.8,0.00047,50.071356
2025-10-17 23:50:31.485,106534.8,0.00188,200.285424
2025-10-17 23:50:31.589,106534.79,0.0001,10.653478999999999
2025-10-17 23:50:32.084,106534.8,0.00014,14.914871999999999
2025-10-17 23:50:32.472,106534.79,6e-05,6.392087399999999
2025-10-17 23:50:32.577,106534.8,0.00613,653.058324
2025-10-17 23:50:33.032,106534.79,0.07665,8165.891653499999
2025-10-17 23:50:33.061,106534.8,0.0075,799.011
2025-10-17 23:50:33.229,106534.8,0.27749,29562.341652000003
2025-10-17 23:50:33.393,106534.8,4e-05,4.261392000000001
2025-10-17 23:50:34.031,106534.79,0.007,745.74353
2025-10-17 23:50:34.032,106534.79,0.007,745.74353
2025-10-17 23:50:34.392,106534.8,8e-05,8.522784000000001
2025-10-17 23:50:34.527,106534.79,0.013,1384.9522699999998
2025-10-17 23:50:35.359,106534.8,0.00134,142.756632
2025-10-17 23:50:35.458,106534.79,0.013,1384.9522699999998
2025-10-17 23:50:35.459,106534.79,0.013,1384.9522699999998
2025-10-17 23:50:35.579,106534.79,0.05694,6066.090942599999
2025-10-17 23:50:35.822,106534.79,0.013,1384.9522699999998
2025-10-17 23:50:36.224,106534.79,0.00048,51.136699199999995
2025-10-17 23:50:36.690,106534.8,0.00938,999.296424
2025-10-17 23:50:36.765,106534.79,9e-05,9.5881311
2025-10-17 23:50:37.586,106534.79,0.013,1384.9522699999998
2025-10-17 23:50:37.587,106534.79,0.013,1384.9522699999998
2025-10-17 23:50:37.588,106534.79,0.013,1384.9522699999998
2025-10-17 23:50:37.605,106534.79,0.00211,224.78840689999998
2025-10-17 23:50:37.606,106534.78,0.00153,162.9982134
2025-10-17 23:50:37.819,106534.0,0.03022,3219.45748
2025-10-17 23:50:38.721,106534.0,9e-05,9.58806
2025-10-17 23:50:39.248,106534.01,8e-05,8.5227208
2025-10-17 23:50:39.347,106534.01,0.00046,49.0056446
2025-10-17 23:50:39.676,106534.0,0.00039,41.54826
2025-10-17 23:50:39.715,106534.0,0.00227,241.83218
2025-10-17 23:50:39.755,106534.0,0.0003,31.960199999999997
2025-10-17 23:50:40.038,106533.99,0.00102,108.66466980000001
2025-10-17 23:50:40.115,106533.4,5e-05,5.32667
2025-10-17 23:50:40.304,106532.01,0.04456,4747.0663656
2025-10-17 23:50:40.596,106532.0,0.05304,5650.45728
2025-10-17 23:50:42.436,106526.96,5e-05,5.326348
2025-10-17 23:50:42.446,106526.0,0.001,106.526
2025-10-17 23:50:42.447,106526.0,0.001,106.526
2025-10-17 23:50:42.479,106525.1,0.0001,10.652510000000001
2025-10-17 23:50:42.482,106524.28,0.0001,10.652428
2025-10-17 23:50:42.483,106524.0,0.003,319.572
2025-10-17 23:50:42.485,106523.27,5e-05,5.326163500000001
2025-10-17 23:50:42.489,106522.42,0.00055,58.587331000000006
2025-10-17 23:50:42.491,106522.0,0.00136,144.86992
2025-10-17 23:50:42.494,106519.76,0.00015,15.977963999999998
2025-10-17 23:50:42.497,106519.56,0.00138,146.9969928
2025-10-17 23:50:42.500,106518.75,0.27171,28942.2095625
2025-10-17 23:50:42.502,106516.78,0.00015,15.977516999999999
2025-10-17 23:50:42.504,106516.02,0.00323,344.0467446
2025-10-17 23:50:42.506,106514.5,0.00015,15.977174999999999
2025-10-17 23:50:42.507,106514.14,0.048,5112.67872
2025-10-17 23:50:42.509,106512.6,0.00015,15.97689
2025-10-17 23:50:42.510,106512.54,0.00015,15.976880999999997
2025-10-17 23:50:42.513,106512.14,0.00545,580.491163
2025-10-17 23:50:42.514,106512.01,0.2701,28768.893901
2025-10-17 23:50:42.517,106512.07,6e-05,6.3907242
2025-10-17 23:50:42.543,106512.07,0.00093,99.0562251
2025-10-17 23:50:42.646,106512.01,0.00166,176.8099366
2025-10-17 23:50:42.770,106512.01,0.00073,77.75376729999999
2025-10-17 23:50:43.821,106512.0,0.013,1384.656
2025-10-17 23:50:43.822,106512.0,0.013,1384.656
2025-10-17 23:50:43.906,106512.01,4e-05,4.2604804000000005
2025-10-17 23:50:43.979,106512.0,5e-05,5.3256000000000006
2025-10-17 23:50:44.251,106512.01,0.0006,63.90720599999999
2025-10-17 23:50:44.598,106512.01,5e-05,5.3256005
2025-10-17 23:50:44.736,106512.01,0.0001,10.651201
2025-10-17 23:50:45.325,106512.0,0.00031,33.01872
2025-10-17 23:50:45.347,106512.0,0.00678,722.15136
2025-10-17 23:50:45.365,106512.0,0.00212,225.80544
2025-10-17 23:50:45.371,106509.0,6e-05,6.3905400000000006
2025-10-17 23:50:45.388,106508.64,0.00846,901.0630944000001
2025-10-17 23:50:45.514,106508.64,0.013,1384.61232
2025-10-17 23:50:45.537,106508.65,0.00187,199.17117549999998
2025-10-17 23:50:45.815,106504.82,0.0001,10.650482000000002
2025-10-17 23:50:45.920,106504.11,9e-05,9.5853699
2025-10-17 23:50:46.228,106504.12,0.00046,48.9918952
2025-10-17 23:50:47.032,106504.11,0.013,1384.55343
2025-10-17 23:50:47.033,106504.11,0.013,1384.55343
2025-10-17 23:50:47.458,106504.11,0.0032,340.813152
2025-10-17 23:50:47.551,106504.11,0.04521,4815.0508131
2025-10-17 23:50:47.554,106504.11,0.0505,5378.457555
2025-10-17 23:50:47.562,106504.11,0.0001,10.650411
2025-10-17 23:50:47.639,106504.11,0.01131,1204.5614841000001
2025-10-17 23:50:47.646,106504.11,0.06516,6939.807807599999
2025-10-17 23:50:47.647,106504.11,0.13692,14582.542741199999
2025-10-17 23:50:47.690,106504.11,0.00423,450.5123853
2025-10-17 23:50:47.693,106504.1,0.51193,54522.643913
2025-10-17 23:50:47.699,106504.09,0.00185,197.0325665
2025-10-17 23:50:48.303,106504.0,0.00559,595.3573600000001
2025-10-17 23:50:48.310,106502.92,0.00122,129.9335624
2025-10-17 23:50:48.374,106500.39,0.0004,42.600156
2025-10-17 23:50:48.393,106499.25,0.00016,17.03988
2025-10-17 23:50:48.398,106498.84,0.00047,50.054454799999995
2025-10-17 23:50:48.410,106498.83,0.0018,191.697894
2025-10-17 23:50:48.411,106496.0,0.00194,206.60224000000002
2025-10-17 23:50:48.412,106496.0,0.00092,97.97632
2025-10-17 23:50:48.633,106493.46,0.00102,108.62332920000001
2025-10-17 23:50:49.347,106493.47,5e-05,5.3246735
2025-10-17 23:50:49.475,106493.46,0.00177,188.49342420000002
2025-10-17 23:50:50.307,106493.46,0.00272,289.66221120000006
2025-10-17 23:50:50.550,106493.46,0.04696,5000.932881600001
2025-10-17 23:50:50.551,106493.46,0.09393,10002.9306978
2025-10-17 23:50:50.552,106493.46,0.0061,649.6101060000001
2025-10-17 23:50:50.597,106489.61,0.00015,15.973441499999998
2025-10-17 23:50:50.932,106488.57,0.00127,135.24048390000002
2025-10-17 23:50:51.024,106488.57,0.01,1064.8857
2025-10-17 23:50:51.581,106488.57,8e-05,8.5190856
2025-10-17 23:50:51.668,106488.56,0.002,212.97712
2025-10-17 23:50:51.669,106488.56,0.002,212.97712
2025-10-17 23:50:52.594,106488.56,5e-05,5.324428
2025-10-17 23:50:52.679,106488.56,8e-05,8.5190848
2025-10-17 23:50:52.680,106488.56,5e-05,5.324428
2025-10-17 23:50:52.769,106488.57,0.0005,53.244285000000005
2025-10-17 23:50:52.775,106488.56,9e-05,9.5839704
2025-10-17 23:50:52.790,106488.56,5e-05,5.324428
2025-10-17 23:50:52.810,106488.57,0.00015,15.9732855
2025-10-17 23:50:52.868,106488.57,0.00016,17.0381712
2025-10-17 23:50:52.880,106488.56,6e-05,6.3893136
2025-10-17 23:50:52.913,106488.56,6e-05,6.3893136
2025-10-17 23:50:53.401,106488.57,0.00032,34.0763424
2025-10-17 23:50:53.402,106488.57,0.00038,40.4656566
2025-10-17 23:50:53.679,106488.57,0.02773,2952.9280461000003
2025-10-17 23:50:54.092,106488.57,0.00011,11.713742700000001
2025-10-17 23:50:54.224,106488.57,0.01112,1184.1528984000001
2025-10-17 23:50:55.469,106488.57,0.00282,300.2977674
2025-10-17 23:50:55.591,106488.56,0.05926,6310.5120656
2025-10-17 23:50:56.460,106488.57,0.0001,10.648857000000001
2025-10-17 23:50:56.752,106488.57,0.0002,21.297714000000003
2025-10-17 23:50:57.722,106488.56,0.18764,19981.5133984
2025-10-17 23:50:57.723,106488.55,0.19412,20671.557326
2025-10-17 23:50:57.724,106488.55,0.12906,13743.412263000002
2025-10-17 23:50:57.725,106488.55,0.07458,7941.916058999999
2025-10-17 23:50:57.729,106488.55,0.2948,31392.82454
2025-10-17 23:50:57.745,106488.56,0.00017,18.1030552
2025-10-17 23:50:57.871,106488.55,0.50347,53613.7902685
2025-10-17 23:50:57.873,106488.55,0.59206,63047.610913000004
2025-10-17 23:50:57.874,106488.55,0.02351,2503.5458105000002
2025-10-17 23:50:57.875,106488.55,0.11829,12596.5305795
2025-10-17 23:50:57.876,106488.55,0.05651,6017.6679605
2025-10-17 23:50:57.877,106488.55,0.57042,60743.198691000005
2025-10-17 23:50:57.878,106485.49,0.00045,47.9184705
2025-10-17 23:50:57.882,106483.88,0.01905,2028.5179140000002
2025-10-17 23:50:57.883,106477.92,0.00751,799.6491792
2025-10-17 23:50:57.884,106474.82,0.00072,76.66187040000001
2025-10-17 23:50:57.887,106476.28,0.13676,14561.6960528
2025-10-17 23:50:57.963,106476.28,0.00185,196.981118
2025-10-17 23:50:58.142,106476.28,0.00024,25.5543072
2025-10-17 23:50:58.242,106476.28,0.02878,3064.3873384
2025-10-17 23:50:58.266,106476.28,0.013,1384.19164
2025-10-17 23:50:58.267,106476.28,0.013,1384.19164
2025-10-17 23:50:58.941,106476.29,0.01158,1232.9954381999999
2025-10-17 23:50:59.142,106474.37,5e-05,5.3237185
2025-10-17 23:50:59.215,106473.03,0.00423,450.38091690000005
2025-10-17 23:50:59.360,106472.87,0.00213,226.78721309999997
2025-10-17 23:50:59.375,106472.11,0.0001,10.647211
2025-10-17 23:50:59.454,106472.01,0.013,1384.1361299999999
2025-10-17 23:50:59.455,106472.01,0.013,1384.1361299999999
2025-10-17 23:50:59.551,106472.01,0.00114,121.37809139999999
2025-10-17 23:51:00.591,106472.01,0.00855,910.3356855
2025-10-17 23:51:00.750,106472.01,0.00231,245.9503431
2025-10-17 23:51:01.062,106472.0,0.00017,18.100240000000003
2025-10-17 23:51:01.192,106472.0,0.002,212.94400000000002
2025-10-17 23:51:01.487,106472.0,0.00047,50.04184
2025-10-17 23:51:01.672,106472.0,0.00495,527.0364000000001
2025-10-17 23:51:01.682,106472.01,0.00865,920.9828865
2025-10-17 23:51:01.699,106472.0,0.00474,504.67728000000005
2025-10-17 23:51:01.768,106472.0,0.00357,380.10504
2025-10-17 23:51:01.774,106471.77,0.008,851.77416
2025-10-17 23:51:01.776,106471.77,0.00302,321.5447454
2025-10-17 23:51:01.965,106471.78,0.00477,507.8703906
2025-10-17 23:51:01.985,106471.78,0.00051,54.3006078
2025-10-17 23:51:02.022,106471.77,8e-05,8.5177416
2025-10-17 23:51:02.175,106471.78,0.00187,199.1022286
2025-10-17 23:51:03.263,106466.75,6e-05,6.388005000000001
2025-10-17 23:51:03.318,106465.1,0.00253,269.35670300000004
2025-10-17 23:51:03.472,106465.09,0.00038,40.4567342
2025-10-17 23:51:03.860,106465.1,0.00022,23.422322
2025-10-17 23:51:05.119,106468.45,0.00212,225.713114
2025-10-17 23:51:05.148,106468.45,0.01248,1328.726256
2025-10-17 23:51:05.150,106469.04,5e-05,5.323452
2025-10-17 23:51:05.187,106470.75,0.00115,122.4413625
2025-10-17 23:51:05.210,106471.55,0.00013,13.841301499999998
2025-10-17 23:51:05.593,106471.54,0.06434,6850.378883599999
2025-10-17 23:51:05.756,106471.55,0.00074,78.78894700000001
2025-10-17 23:51:06.686,106471.54,9e-05,9.5824386
2025-10-17 23:51:07.062,106471.55,0.00037,39.394473500000004
2025-10-17 23:51:07.811,106471.54,0.003,319.41462
2025-10-17 23:51:08.115,106471.55,0.00056,59.624067999999994
2025-10-17 23:51:08.504,106471.55,0.00047,50.0416285
2025-10-17 23:51:08.635,106471.55,0.00114,121.377567
2025-10-17 23:51:08.845,106471.54,0.00093,99.0185322
2025-10-17 23:51:09.563,106471.55,0.00019,20.2295945
2025-10-17 23:51:09.775,106471.55,0.027,2874.73185
2025-10-17 23:51:09.952,106471.55,0.00555,590.9171025
2025-10-17 23:51:10.052,106471.55,0.001,106.47155000000001
2025-10-17 23:51:10.660,106471.55,0.00122,129.895291
2025-10-17 23:51:11.080,106471.55,0.00189,201.2312295
2025-10-17 23:51:11.081,106471.56,0.00017,18.1001652
2025-10-17 23:51:11.952,106471.56,0.00079,84.1125324
2025-10-17 23:51:12.072,106471.57,0.00055,58.55936350000001
2025-10-17 23:51:12.138,106471.57,0.0017,181.001669
2025-10-17 23:51:12.616,106471.69,9e-05,9.582452100000001
2025-10-17 23:51:12.781,106471.7,0.0004,42.588680000000004
2025-10-17 23:51:13.836,106471.69,8e-05,8.5177352
2025-10-17 23:51:14.035,106471.7,0.006,638.8302
2025-10-17 23:51:14.509,106471.7,0.001,106.4717
2025-10-17 23:51:14.691,106471.7,0.001,106.4717
2025-10-17 23:51:14.782,106471.7,0.004,425.8868
2025-10-17 23:51:15.326,106471.69,8e-05,8.5177352
2025-10-17 23:51:15.577,106471.7,0.015,1597.0755
2025-10-17 23:51:15.595,106471.69,0.0564,6005.003316
2025-10-17 23:51:15.654,106471.69,7e-05,7.453018299999999
2025-10-17 23:51:15.679,106471.69,0.21472,22861.6012768
2025-10-17 23:51:15.757,106471.69,8e-05,8.5177352
2025-10-17 23:51:15.829,106471.69,8e-05,8.5177352
2025-10-17 23:51:16.093,106471.7,0.001,106.4717
2025-10-17 23:51:16.383,106471.7,0.00047,50.041698999999994
2025-10-17 23:51:16.399,106471.69,8e-05,8.5177352
2025-10-17 23:51:16.588,106471.69,9e-05,9.582452100000001
2025-10-17 23:51:16.821,106471.69,8e-05,8.5177352
2025-10-17 23:51:17.139,106471.69,0.01209,1287.2427321
2025-10-17 23:51:17.673,106471.69,9e-05,9.582452100000001
2025-10-17 23:51:17.777,106471.69,0.00095,101.1481055
2025-10-17 23:51:18.413,106471.69,8e-05,8.5177352
2025-10-17 23:51:18.436,106471.69,8e-05,8.5177352
2025-10-17 23:51:18.712,106471.7,0.00203,216.137551
2025-10-17 23:51:18.721,106471.7,0.02815,2997.178355
2025-10-17 23:51:18.886,106471.69,7e-05,7.453018299999999
2025-10-17 23:51:18.899,106471.7,0.00086,91.56566199999999
2025-10-17 23:51:19.560,106471.69,8e-05,8.5177352
2025-10-17 23:51:21.034,106471.69,0.00906,964.6335114000001
2025-10-17 23:51:21.110,106471.7,0.00084,89.436228
2025-10-17 23:51:21.392,106471.69,0.02719,2894.9652511
2025-10-17 23:51:21.393,106471.69,0.019,2022.96211
2025-10-17 23:51:21.474,106471.69,9e-05,9.582452100000001
2025-10-17 23:51:21.581,106471.69,8e-05,8.5177352
2025-10-17 23:51:21.742,106471.69,8e-05,8.5177352
2025-10-17 23:51:22.893,106471.69,0.0003,31.941506999999998
2025-10-17 23:51:23.456,106471.7,0.00226,240.62604199999998
2025-10-17 23:51:25.585,106471.69,0.05587,5948.573320300001
2025-10-17 23:51:25.673,106471.7,0.00015,15.970754999999999
2025-10-17 23:51:25.678,106471.7,0.0001,10.647170000000001
2025-10-17 23:51:27.420,106471.7,0.00056,59.624151999999995
2025-10-17 23:51:28.502,106471.69,8e-05,8.5177352
2025-10-17 23:51:28.805,106471.7,0.00281,299.185477
2025-10-17 23:51:28.947,106471.69,0.0001,10.647169
2025-10-17 23:51:29.051,106471.7,4e-05,4.2588680000000005
2025-10-17 23:51:29.479,106471.69,0.00259,275.7616771
2025-10-17 23:51:29.491,106471.69,8e-05,8.5177352
2025-10-17 23:51:29.638,106471.7,0.00015,15.970754999999999
2025-10-17 23:51:29.913,106471.7,0.00085,90.50094499999999
2025-10-17 23:51:30.361,106471.7,0.00938,998.7045459999999
2025-10-17 23:51:30.519,106471.69,8e-05,8.5177352
2025-10-17 23:51:30.729,106471.69,0.00423,450.37524870000004
2025-10-17 23:51:31.793,106471.69,8e-05,8.5177352
2025-10-17 23:51:32.075,106471.7,0.01198,1275.5309659999998
2025-10-17 23:51:32.150,106471.69,8e-05,8.5177352
2025-10-17 23:51:32.839,106471.69,8e-05,8.5177352
2025-10-17 23:51:32.868,106471.69,8e-05,8.5177352
2025-10-17 23:51:32.891,106471.7,0.00258,274.696986
2025-10-17 23:51:33.846,106471.69,8e-05,8.5177352
2025-10-17 23:51:33.889,106471.69,8e-05,8.5177352
2025-10-17 23:51:34.201,106471.69,8e-05,8.5177352
2025-10-17 23:51:34.648,106471.69,9e-05,9.582452100000001
2025-10-17 23:51:34.847,106471.69,8e-05,8.5177352
2025-10-17 23:51:35.579,106471.69,0.05818,6194.5229242000005
2025-10-17 23:51:35.724,106471.69,9e-05,9.582452100000001
2025-10-17 23:51:35.970,106471.7,0.00028,29.812075999999998
2025-10-17 23:51:36.281,106471.7,8e-05,8.517736000000001
2025-10-17 23:51:36.550,106471.7,0.00013,13.841320999999999
2025-10-17 23:51:37.014,106471.7,0.02803,2984.401751
2025-10-17 23:51:37.619,106471.7,0.0001,10.647170000000001
2025-10-17 23:51:38.841,106471.7,0.00139,147.99566299999998
2025-10-17 23:51:38.932,106471.7,0.00059,62.818303
2025-10-17 23:51:39.018,106471.69,0.00443,471.6695867
2025-10-17 23:51:39.345,106471.69,9e-05,9.582452100000001
2025-10-17 23:51:39.840,106471.7,0.00047,50.041698999999994
2025-10-17 23:51:40.070,106471.7,0.00013,13.841320999999999
2025-10-17 23:51:40.596,106471.69,0.06938,7387.0058522
2025-10-17 23:51:40.937,106471.69,0.00023,24.4884887
2025-10-17 23:51:41.070,106471.7,0.01926,2050.644942
2025-10-17 23:51:41.234,106471.69,9e-05,9.582452100000001
2025-10-17 23:51:41.519,106471.69,8e-05,8.5177352
2025-10-17 23:51:42.120,106471.7,8e-05,8.517736000000001
2025-10-17 23:51:42.697,106471.69,0.00023,24.4884887
2025-10-17 23:51:42.898,106471.69,9e-05,9.582452100000001
2025-10-17 23:51:43.362,106471.69,0.00016,17.0354704
2025-10-17 23:51:43.454,106471.69,9e-05,9.582452100000001
2025-10-17 23:51:44.369,106471.69,9e-05,9.582452100000001
2025-10-17 23:51:44.660,106471.69,8e-05,8.5177352
2025-10-17 23:51:44.689,106471.69,9e-05,9.582452100000001
2025-10-17 23:51:45.147,106471.69,8e-05,8.5177352
2025-10-17 23:51:45.520,106471.7,9e-05,9.582453000000001
2025-10-17 23:51:45.659,106471.7,0.00034,36.200378
2025-10-17 23:51:45.817,106471.69,9e-05,9.582452100000001
2025-10-17 23:51:45.992,106471.69,0.00032,34.0709408
2025-10-17 23:51:46.144,106471.69,8e-05,8.5177352
2025-10-17 23:51:46.209,106471.69,8e-05,8.5177352
2025-10-17 23:51:46.591,106471.69,9e-05,9.582452100000001
2025-10-17 23:51:47.407,106471.7,0.00429,456.763593
2025-10-17 23:51:47.844,106471.69,8e-05,8.5177352
2025-10-17 23:51:48.010,106471.7,0.00141,150.125097
2025-10-17 23:51:48.251,106471.7,0.00071,75.594907
2025-10-17 23:51:48.335,106471.69,8e-05,8.5177352
2025-10-17 23:51:48.480,106471.69,9e-05,9.582452100000001
2025-10-17 23:51:48.670,106471.69,0.0001,10.647169
2025-10-17 23:51:48.776,106471.7,0.028,2981.2076
2025-10-17 23:51:49.018,106471.7,0.00038,40.459246
2025-10-17 23:51:49.127,106471.69,0.0002,21.294338
2025-10-17 23:51:49.250,106471.69,0.00042,44.7181098
2025-10-17 23:51:49.833,106471.7,0.0188,2001.66796
2025-10-17 23:51:50.139,106471.69,9e-05,9.582452100000001
2025-10-17 23:51:50.595,106471.69,0.06588,7014.3549372
2025-10-17 23:51:50.642,106471.7,8e-05,8.517736000000001
2025-10-17 23:51:51.016,106471.69,7e-05,7.453018299999999
2025-10-17 23:51:51.453,106471.7,0.00748,796.4083159999999
2025-10-17 23:51:51.584,106471.69,8e-05,8.5177352
2025-10-17 23:51:52.126,106471.69,9e-05,9.582452100000001
2025-10-17 23:51:52.915,106471.69,8e-05,8.5177352
2025-10-17 23:51:53.108,106471.7,0.00939,999.769263
2025-10-17 23:51:53.174,106471.69,0.00014,14.906036599999998
2025-10-17 23:51:53.860,106471.69,0.00091,96.8892379
2025-10-17 23:51:54.500,106471.7,0.00093,99.018681
2025-10-17 23:51:55.037,106471.69,0.00139,147.9956491
2025-10-17 23:51:55.761,106471.69,8e-05,8.5177352
2025-10-17 23:51:57.443,106471.7,0.00062,66.01245399999999
2025-10-17 23:51:57.469,106471.7,0.00604,643.089068
2025-10-17 23:51:58.844,106471.69,9e-05,9.582452100000001
2025-10-17 23:51:58.920,106471.7,0.00017,18.100189
2025-10-17 23:51:59.312,106471.69,9e-05,9.582452100000001
2025-10-17 23:51:59.706,106471.69,9e-05,9.582452100000001
2025-10-17 23:51:59.820,106471.69,9e-05,9.582452100000001
2025-10-17 23:51:59.933,106471.69,0.00071,75.5948999
2025-10-17 23:51:59.953,106471.69,9e-05,9.582452100000001
2025-10-17 23:52:00.596,106471.69,0.05699,6067.8216131
2025-10-17 23:52:01.141,106471.69,0.00017,18.1001873
2025-10-17 23:52:01.385,106471.69,0.0001,10.647169
2025-10-17 23:52:01.434,106471.7,0.00093,99.018681
2025-10-17 23:52:01.521,106471.69,9e-05,9.582452100000001
2025-10-17 23:52:01.803,106471.7,0.028,2981.2076
2025-10-17 23:52:01.810,106471.7,0.028,2981.2076
2025-10-17 23:52:02.094,106471.7,0.0019,202.29622999999998
2025-10-17 23:52:02.225,106471.7,0.00132,140.542644
2025-10-17 23:52:02.938,106471.69,9e-05,9.582452100000001
2025-10-17 23:52:02.961,106471.7,0.00011,11.711887
2025-10-17 23:52:02.992,106471.7,0.0001,10.647170000000001
2025-10-17 23:52:03.001,106471.7,0.00013,13.841320999999999
2025-10-17 23:52:03.210,106471.69,9e-05,9.582452100000001
2025-10-17 23:52:03.284,106471.7,0.00056,59.624151999999995
2025-10-17 23:52:03.708,106471.7,0.00627,667.5775590000001
2025-10-17 23:52:03.830,106471.69,0.00049,52.1711281
2025-10-17 23:52:04.818,106471.7,0.028,2981.2076
2025-10-17 23:52:04.966,106471.69,9e-05,9.582452100000001
2025-10-17 23:52:05.196,106471.69,0.00018,19.164904200000002
2025-10-17 23:52:05.249,106471.69,0.00261,277.8911109
2025-10-17 23:52:05.304,106471.69,0.0005,53.235845000000005
2025-10-17 23:52:05.599,106471.69,0.06085,6478.8023365
2025-10-17 23:52:05.661,106471.7,0.00458,487.640386
2025-10-17 23:52:05.686,106471.69,9e-05,9.582452100000001
2025-10-17 23:52:05.703,106471.69,0.00018,19.164904200000002
2025-10-17 23:52:06.077,106471.7,0.00084,89.436228
2025-10-17 23:52:06.604,106471.69,5e-05,5.3235845
2025-10-17 23:52:06.933,106471.69,0.00044,46.8475436
2025-10-17 23:52:07.913,106471.8,0.0024,255.53232
2025-10-17 23:52:07.915,106473.21,5e-05,5.323660500000001
2025-10-17 23:52:07.916,106473.95,0.00015,15.971092499999997
2025-10-17 23:52:07.923,106474.37,0.00025,26.6185925
2025-10-17 23:52:07.932,106475.39,0.02785,2965.3396115
2025-10-17 23:52:07.938,106476.03,0.00015,15.971404499999998
2025-10-17 23:52:07.953,106476.29,0.001,106.47628999999999
2025-10-17 23:52:07.957,106479.16,0.0211,2246.7102760000002
2025-10-17 23:52:07.960,106479.15,8e-05,8.518332000000001
2025-10-17 23:52:07.965,106479.16,0.01192,1269.2315872000001
2025-10-17 23:52:07.967,106479.16,0.00096,102.21999360000001
2025-10-17 23:52:07.969,106479.17,0.00075,79.8593775
2025-10-17 23:52:07.972,106481.12,0.00015,15.972167999999998
2025-10-17 23:52:07.975,106482.09,0.46273,49272.4575057
2025-10-17 23:52:07.977,106482.81,0.0001,10.648281
2025-10-17 23:52:07.980,106483.09,0.00025,26.6207725
2025-10-17 23:52:07.983,106483.1,5e-05,5.324155
2025-10-17 23:52:07.992,106483.1,0.01876,1997.622956
2025-10-17 23:52:08.025,106484.21,0.5601,59641.80602100001
2025-10-17 23:52:08.031,106486.25,0.00071,75.6052375
2025-10-17 23:52:08.399,106486.95,0.0004,42.59478
2025-10-17 23:52:08.491,106493.31,0.003,319.47993
2025-10-17 23:52:09.269,106497.56,0.0001,10.649756
2025-10-17 23:52:09.397,106497.56,0.00466,496.2786296
2025-10-17 23:52:09.553,106500.0,0.01415,1506.975
2025-10-17 23:52:09.588,106500.0,0.00057,60.705
2025-10-17 23:52:09.634,106499.99,8e-05,8.5199992
2025-10-17 23:52:09.881,106499.99,0.00097,103.30499030000001
2025-10-17 23:52:09.948,106499.99,0.00047,50.0549953
2025-10-17 23:52:09.982,106500.0,0.00236,251.34
2025-10-17 23:52:10.817,106499.99,0.01131,1204.5148869000002
2025-10-17 23:52:10.999,106499.99,7e-05,7.4549993
2025-10-17 23:52:11.279,106500.0,0.028,2982.0
2025-10-17 23:52:11.427,106499.99,8e-05,8.5199992
2025-10-17 23:52:11.577,106500.0,0.01,1065.0
2025-10-17 23:52:11.585,106500.0,0.008,852.0
2025-10-17 23:52:11.808,106500.0,0.002,213.0
2025-10-17 23:52:11.832,106500.0,0.00015,15.974999999999998
2025-10-17 23:52:12.067,106500.0,0.008,852.0
2025-10-17 23:52:12.084,106499.99,0.00474,504.80995260000003
2025-10-17 23:52:12.281,106499.99,0.0002,21.299998000000002
2025-10-17 23:52:12.365,106500.0,0.00178,189.57
2025-10-17 23:52:12.525,106500.0,0.00413,439.845
2025-10-17 23:52:12.585,106500.0,0.01024,1090.5600000000002
2025-10-17 23:52:12.634,106500.0,0.01368,1456.9199999999998
2025-10-17 23:52:12.637,106501.8,0.00075,79.87635
2025-10-17 23:52:12.638,106503.02,5e-05,5.325151000000001
2025-10-17 23:52:12.639,106510.92,0.00521,554.9218932
2025-10-17 23:52:12.642,106508.04,6e-05,6.3904824
2025-10-17 23:52:12.712,106508.04,0.017,1810.63668
2025-10-17 23:52:12.716,106508.04,0.011,1171.5884399999998
2025-10-17 23:52:12.925,106508.03,0.01574,1676.4363922
2025-10-17 23:52:12.970,106508.04,0.00021,22.3666884
2025-10-17 23:52:13.720,106508.04,0.00076,80.9461104
2025-10-17 23:52:14.496,106508.04,0.0008,85.20643199999999
2025-10-17 23:52:14.558,106508.03,9e-05,9.5857227
2025-10-17 23:52:14.764,106508.03,8e-05,8.5206424
2025-10-17 23:52:15.002,106508.04,0.028,2982.22512
2025-10-17 23:52:15.051,106508.03,0.00907,966.0278321
2025-10-17 23:52:15.167,106508.04,0.01,1065.0804
2025-10-17 23:52:15.289,106508.04,0.028,2982.22512
2025-10-17 23:52:15.308,106508.04,0.00144,153.3715776
2025-10-17 23:52:15.432,106508.03,0.00022,23.4317666
2025-10-17 23:52:15.489,106508.04,0.00012,12.7809648
2025-10-17 23:52:15.520,106508.04,0.00037,39.4079748
2025-10-17 23:52:15.612,106508.03,0.0621,6614.148663
2025-10-17 23:52:15.639,106508.04,0.012,1278.09648
2025-10-17 23:52:15.648,106508.04,0.028,2982.22512
2025-10-17 23:52:15.667,106508.03,9e-05,9.5857227
2025-10-17 23:52:15.699,106508.03,7e-05,7.455562099999999
2025-10-17 23:52:15.716,106508.04,0.00152,161.8922208
2025-10-17 23:52:15.790,106512.57,0.016,1704.2011200000002
2025-10-17 23:52:15.939,106512.57,0.009,958.61313
2025-10-17 23:52:15.940,106512.57,0.019,2023.73883
2025-10-17 23:52:16.181,106512.57,0.00057,60.712164900000005
2025-10-17 23:52:16.319,106512.57,0.00038,40.474776600000006
2025-10-17 23:52:16.471,106512.56,9e-05,9.5861304
2025-10-17 23:52:16.520,106512.57,0.0001,10.651257000000001
2025-10-17 23:52:16.548,106512.57,7e-05,7.4558799
2025-10-17 23:52:16.701,106512.56,0.00188,200.2436128
2025-10-17 23:52:16.761,106512.56,9e-05,9.5861304
2025-10-17 23:52:16.825,106512.57,0.00038,40.474776600000006
2025-10-17 23:52:16.843,106512.56,7e-05,7.455879199999999
2025-10-17 23:52:16.876,106512.57,0.00011,11.7163827
2025-10-17 23:52:16.890,106512.57,0.00019,20.237388300000003
2025-10-17 23:52:17.012,106512.56,9e-05,9.5861304
2025-10-17 23:52:17.035,106512.56,0.00101,107.57768560000001
2025-10-17 23:52:17.237,106512.56,9e-05,9.5861304
2025-10-17 23:52:17.362,106512.57,0.00011,11.7163827
2025-10-17 23:52:17.367,106512.57,0.00469,499.5439533
2025-10-17 23:52:17.520,106512.57,0.0001,10.651257000000001
2025-10-17 23:52:17.768,106512.57,0.00038,40.474776600000006
2025-10-17 23:52:17.791,106512.57,0.00047,50.060907900000004
2025-10-17 23:52:17.817,106512.57,0.00046,48.99578220000001
2025-10-17 23:52:17.828,106512.56,8e-05,8.5210048
2025-10-17 23:52:17.917,106512.57,8e-05,8.5210056
2025-10-17 23:52:17.932,106512.57,0.00029,30.888645300000004
2025-10-17 23:52:18.076,106512.57,0.00047,50.060907900000004
2025-10-17 23:52:18.139,106512.57,0.00015,15.9768855
2025-10-17 23:52:18.190,106512.57,0.00047,50.060907900000004
2025-10-17 23:52:18.199,106512.56,8e-05,8.5210048
2025-10-17 23:52:18.991,106512.57,0.028,2982.3519600000004
2025-10-17 23:52:18.996,106512.56,9e-05,9.5861304
2025-10-17 23:52:19.021,106512.57,0.028,2982.3519600000004
2025-10-17 23:52:19.027,106512.56,9e-05,9.5861304
2025-10-17 23:52:19.107,106512.56,9e-05,9.5861304
2025-10-17 23:52:19.345,106512.56,9e-05,9.5861304
2025-10-17 23:52:19.419,106512.56,9e-05,9.5861304
2025-10-17 23:52:19.641,106512.56,9e-05,9.5861304
2025-10-17 23:52:19.679,106512.56,9e-05,9.5861304
2025-10-17 23:52:19.880,106512.57,0.00047,50.060907900000004
2025-10-17 23:52:20.147,106512.56,9e-05,9.5861304
2025-10-17 23:52:20.172,106512.56,0.0001,10.651256
2025-10-17 23:52:20.409,106512.56,9e-05,9.5861304
2025-10-17 23:52:20.613,106512.56,0.35,37279.39599999999
2025-10-17 23:52:21.051,106512.56,0.00026,27.693265599999997
2025-10-17 23:52:21.456,106512.56,9e-05,9.5861304
2025-10-17 23:52:21.582,106512.56,7e-05,7.455879199999999
2025-10-17 23:52:21.594,106512.57,0.0007,74.55879900000001
2025-10-17 23:52:21.617,106512.56,0.00026,27.693265599999997
2025-10-17 23:52:21.902,106512.56,8e-05,8.5210048
2025-10-17 23:52:22.826,106512.56,7e-05,7.455879199999999
2025-10-17 23:52:22.959,106512.57,0.00387,412.2036459
2025-10-17 23:52:23.033,106512.56,0.0751,7999.093256
2025-10-17 23:52:23.116,106512.57,0.00343,365.33811510000004
2025-10-17 23:52:23.138,106512.57,0.00019,20.237388300000003
2025-10-17 23:52:23.516,106512.56,0.00026,27.693265599999997
2025-10-17 23:52:23.757,106512.56,9e-05,9.5861304
2025-10-17 23:52:24.142,106512.56,9e-05,9.5861304
2025-10-17 23:52:24.556,106512.56,0.00999,1064.0604744
2025-10-17 23:52:24.591,106512.57,0.0028,298.23519600000003
2025-10-17 23:52:25.021,106512.57,0.001,106.51257000000001
2025-10-17 23:52:25.547,106512.57,0.00127,135.27096390000003
2025-10-17 23:52:25.593,106512.56,0.06748,7187.467548799999
2025-10-17 23:52:25.661,106512.56,0.05879,6261.8734024000005
2025-10-17 23:52:25.669,106512.56,0.013,1384.66328
2025-10-17 23:52:25.670,106512.56,0.013,1384.66328
2025-10-17 23:52:25.682,106512.56,0.03042,3240.1120751999997
2025-10-17 23:52:25.685,106512.4,0.001,106.5124
2025-10-17 23:52:25.690,106510.01,0.00425,452.6675425
2025-10-17 23:52:25.764,106508.03,0.1569,16711.109907000002
2025-10-17 23:52:25.774,106508.04,0.01943,2069.4512172
2025-10-17 23:52:25.779,106508.03,0.00018,19.1714454
2025-10-17 23:52:25.789,106508.03,0.013,1384.60439
2025-10-17 23:52:25.790,106508.03,0.013,1384.60439
2025-10-17 23:52:25.851,106508.03,0.01744,1857.5000432
2025-10-17 23:52:25.911,106508.04,4e-05,4.2603216
2025-10-17 23:52:26.092,106508.03,0.00018,19.1714454
2025-10-17 23:52:26.099,106508.03,0.013,1384.60439
2025-10-17 23:52:26.100,106508.03,0.013,1384.60439
2025-10-17 23:52:26.101,106508.03,0.013,1384.60439
2025-10-17 23:52:26.121,106508.03,0.00937,997.9802411
2025-10-17 23:52:26.133,106508.03,0.00024,25.5619272
2025-10-17 23:52:26.153,106508.03,7e-05,7.455562099999999
2025-10-17 23:52:26.167,106508.03,0.0222,2364.478266
2025-10-17 23:52:26.406,106508.03,0.0192,2044.9541759999997
2025-10-17 23:52:26.408,106508.03,0.00188,200.2350964
2025-10-17 23:52:26.411,106508.03,0.0006,63.90481799999999
2025-10-17 23:52:26.412,106508.03,0.1131,12046.058193
2025-10-17 23:52:26.414,106502.0,0.0003,31.950599999999998
2025-10-17 23:52:26.415,106496.0,6e-05,6.38976
2025-10-17 23:52:26.416,106489.82,5e-05,5.324491000000001
2025-10-17 23:52:26.426,106486.97,0.013,1384.33061
2025-10-17 23:52:26.428,106486.97,0.013,1384.33061
2025-10-17 23:52:26.435,106486.97,0.00016,17.0379152
2025-10-17 23:52:26.469,106486.97,0.00022,23.427133400000002
2025-10-17 23:52:26.501,106486.97,0.00014,14.908175799999999
2025-10-17 23:52:26.547,106486.97,0.00021,22.3622637
2025-10-17 23:52:26.564,106486.97,0.00939,999.9126483000001
2025-10-17 23:52:26.567,106486.97,0.00939,999.9126483000001
2025-10-17 23:52:26.602,106486.97,0.00386,411.0397042
2025-10-17 23:52:26.604,106486.95,0.0001,10.648695
2025-10-17 23:52:26.631,106486.25,6e-05,6.389175
2025-10-17 23:52:26.665,106486.09,0.0013,138.431917
2025-10-17 23:52:26.681,106483.0,0.00219,233.19777000000002
2025-10-17 23:52:26.715,106480.61,0.00341,363.0988801
2025-10-17 23:52:26.996,106480.61,9e-05,9.5832549
2025-10-17 23:52:27.441,106480.62,0.00022,23.425736399999998
2025-10-17 23:52:27.806,106480.62,0.00014,14.907286799999998
2025-10-17 23:52:28.075,106480.62,0.00106,112.86945719999999
2025-10-17 23:52:28.105,106480.62,0.00019,20.2313178
2025-10-17 23:52:29.126,106480.61,7e-05,7.4536427
2025-10-17 23:52:29.388,106480.61,9e-05,9.5832549
2025-10-17 23:52:29.540,106480.61,9e-05,9.5832549
2025-10-17 23:52:29.781,106480.61,0.00273,290.69206529999997
2025-10-17 23:52:29.934,106480.62,0.0005,53.24031
2025-10-17 23:52:30.111,106480.62,0.00245,260.877519
2025-10-17 23:52:30.317,106480.61,0.00458,487.6811938
2025-10-17 23:52:30.832,106480.62,0.00113,120.32310059999999
2025-10-17 23:52:31.344,106480.62,0.0013,138.424806
2025-10-17 23:52:31.373,106480.61,0.00458,487.6811938
2025-10-17 23:52:31.547,106480.61,9e-05,9.5832549
2025-10-17 23:52:31.728,106480.62,0.00471,501.52372019999996
2025-10-17 23:52:31.870,106480.61,0.00017,18.1017037
2025-10-17 23:52:31.986,106480.61,9e-05,9.5832549
2025-10-17 23:52:32.153,106480.61,0.03925,4179.3639425
2025-10-17 23:52:32.168,106480.61,9e-05,9.5832549
2025-10-17 23:52:32.211,106480.61,0.00113,120.32308929999999
2025-10-17 23:52:32.424,106480.61,9e-05,9.5832549
2025-10-17 23:52:32.769,106480.62,0.00011,11.712868199999999
2025-10-17 23:52:33.204,106480.61,8e-05,8.518448800000002
2025-10-17 23:52:33.687,106480.61,0.0001,10.648061
2025-10-17 23:52:33.718,106480.62,0.00051,54.3051162
2025-10-17 23:52:33.856,106480.61,9e-05,9.5832549
2025-10-17 23:52:33.914,106480.61,9e-05,9.5832549
2025-10-17 23:52:34.057,106480.61,0.00569,605.8746709
2025-10-17 23:52:35.363,106480.61,7e-05,7.4536427
2025-10-17 23:52:35.496,106480.61,9e-05,9.5832549
2025-10-17 23:52:35.579,106480.61,0.05932,6316.4297852
2025-10-17 23:52:35.595,106480.61,0.00026,27.684958599999998
2025-10-17 23:52:35.976,106480.62,0.00215,228.93333299999998
2025-10-17 23:52:35.996,106480.62,0.00082,87.3141084
2025-10-17 23:52:36.223,106480.62,0.00034,36.2034108
2025-10-17 23:52:36.281,106480.61,0.00028,29.8145708
2025-10-17 23:52:37.235,106480.61,9e-05,9.5832549
2025-10-17 23:52:37.252,106480.62,0.00037,39.3978294
2025-10-17 23:52:37.401,106480.62,0.00017,18.1017054
2025-10-17 23:52:37.769,106480.62,0.028,2981.45736
2025-10-17 23:52:38.060,106480.61,0.13925,14827.424942500002
2025-10-17 23:52:38.141,106480.62,5e-05,5.324031
2025-10-17 23:52:38.730,106479.95,0.0001,10.647995
2025-10-17 23:52:38.733,106479.76,0.04695,4999.224732
2025-10-17 23:52:38.734,106479.75,6e-05,6.388785
2025-10-17 23:52:38.736,106479.75,0.00026,27.684734999999996
2025-10-17 23:52:38.738,106479.75,0.00063,67.0822425
2025-10-17 23:52:38.741,106471.69,0.01179,1255.3012251
2025-10-17 23:52:38.743,106471.69,0.013,1384.13197
2025-10-17 23:52:39.710,106471.69,9e-05,9.582452100000001
2025-10-17 23:52:39.734,106471.0,0.00015,15.97065
2025-10-17 23:52:39.735,106468.66,5e-05,5.3234330000000005
2025-10-17 23:52:39.736,106463.84,0.00018,19.1634912
2025-10-17 23:52:39.741,106462.99,0.0001,10.646299
2025-10-17 23:52:39.782,106461.01,0.00015,15.969151499999997
2025-10-17 23:52:39.793,106458.97,0.00939,999.6497283000001
2025-10-17 23:52:39.794,106454.24,7e-05,7.451796799999999
2025-10-17 23:52:39.795,106451.01,5e-05,5.3225505
2025-10-17 23:52:39.797,106450.01,0.04696,4998.8924696
2025-10-17 23:52:39.831,106450.01,0.00093,98.9985093
2025-10-17 23:52:40.056,106450.01,0.00045,47.9025045
2025-10-17 23:52:40.172,106450.0,9e-05,9.5805
2025-10-17 23:52:40.237,106450.0,0.0001,10.645000000000001
2025-10-17 23:52:40.596,106450.0,0.0699,7440.8550000000005
2025-10-17 23:52:40.835,106450.01,0.028,2980.60028
2025-10-17 23:52:41.036,106450.01,0.00159,169.2555159
2025-10-17 23:52:41.376,106450.0,0.0002,21.290000000000003
2025-10-17 23:52:41.381,106450.0,0.00025,26.6125
2025-10-17 23:52:41.431,106450.01,0.00123,130.9335123
2025-10-17 23:52:41.480,106450.0,7e-05,7.451499999999999
2025-10-17 23:52:41.577,106450.01,0.00121,128.80451209999998
2025-10-17 23:52:41.585,106450.0,7e-05,7.451499999999999
2025-10-17 23:52:41.591,106450.01,0.00152,161.8040152
2025-10-17 23:52:41.656,106450.01,0.00018,19.1610018
2025-10-17 23:52:42.428,106450.0,0.013,1383.85
2025-10-17 23:52:42.429,106450.0,0.013,1383.85
2025-10-17 23:52:42.748,106450.01,0.0006,63.87000599999999
2025-10-17 23:52:42.885,106450.01,0.00082,87.2890082
2025-10-17 23:52:43.058,106450.0,9e-05,9.5805
2025-10-17 23:52:43.066,106448.43,0.00414,440.69650019999995
2025-10-17 23:52:43.067,106446.5,5e-05,5.322325
2025-10-17 23:52:43.077,106440.67,0.00015,15.966100499999998
2025-10-17 23:52:43.078,106436.21,0.00019,20.222879900000002
2025-10-17 23:52:43.079,106435.98,0.013,1383.6677399999999
2025-10-17 23:52:43.080,106435.98,0.0127,1351.736946
2025-10-17 23:52:43.081,106435.99,0.45857,48808.3519343
2025-10-17 23:52:43.155,106435.99,0.00046,48.960555400000004
2025-10-17 23:52:43.566,106435.99,9e-05,9.5792391
2025-10-17 23:52:43.626,106435.99,0.00011,11.707958900000001
2025-10-17 23:52:43.698,106435.98,9e-05,9.5792382
2025-10-17 23:52:43.943,106435.99,0.00021,22.351557900000003
2025-10-17 23:52:44.025,106431.05,0.00015,15.9646575
2025-10-17 23:52:44.027,106430.16,0.04696,4997.9603136000005
2025-10-17 23:52:44.037,106429.5,0.013,1383.5835
2025-10-17 23:52:44.038,106429.5,0.013,1383.5835
2025-10-17 23:52:44.039,106429.5,0.013,1383.5835
2025-10-17 23:52:44.319,106429.51,0.00047,50.021869699999996
2025-10-17 23:52:44.868,106429.5,9e-05,9.578655000000001
2025-10-17 23:52:45.209,106429.51,0.00011,11.707246099999999
2025-10-17 23:52:45.270,106429.5,9e-05,9.578655000000001
2025-10-17 23:52:45.631,106429.5,0.01701,1810.3657950000002
2025-10-17 23:52:45.632,106429.5,0.0936,9961.8012
2025-10-17 23:52:45.633,106429.5,0.08096,8616.53232
2025-10-17 23:52:45.634,106429.5,0.01343,1429.3481849999998
2025-10-17 23:52:45.636,106429.5,0.00146,155.38707
2025-10-17 23:52:45.637,106428.53,0.00015,15.964279499999998
2025-10-17 23:52:45.640,106427.03,0.00141,150.0621123
2025-10-17 23:52:45.642,106427.03,0.0023,244.78216899999998
2025-10-17 23:52:45.644,106425.34,0.00165,175.601811
2025-10-17 23:52:45.645,106425.08,0.0004,42.570032000000005
2025-10-17 23:52:45.647,106424.62,0.00072,76.6257264
2025-10-17 23:52:45.648,106424.01,0.00025,26.6060025
2025-10-17 23:52:45.649,106424.0,0.013,1383.512
2025-10-17 23:52:45.650,106422.0,0.0028,297.9816
2025-10-17 23:52:45.654,106420.0,0.15144,16116.244799999999
2025-10-17 23:52:45.667,106420.01,6e-05,6.3852006
2025-10-17 23:52:45.668,106419.1,0.0001,10.641910000000001
2025-10-17 23:52:45.671,106418.34,0.00948,1008.8458632
2025-10-17 23:52:45.672,106418.34,0.0149,1585.633266
2025-10-17 23:52:45.673,106418.34,0.01106,1176.9868404
2025-10-17 23:52:45.674,106418.34,0.38755,41242.427666999996
2025-10-17 23:52:45.676,106418.0,0.00286,304.35548
2025-10-17 23:52:45.678,106417.91,0.0006,63.850745999999994
2025-10-17 23:52:45.679,106417.91,0.00015,15.962686499999998
2025-10-17 23:52:45.680,106417.91,0.00312,332.0238792
2025-10-17 23:52:45.683,106417.92,0.00093,98.96866560000001
2025-10-17 23:52:45.798,106417.91,9e-05,9.5776119
2025-10-17 23:52:45.831,106417.92,0.00013,13.834329599999998
2025-10-17 23:52:45.872,106417.91,0.00425,452.27611750000005
2025-10-17 23:52:45.879,106417.27,0.013,1383.42451
2025-10-17 23:52:45.880,106417.27,0.013,1383.42451
2025-10-17 23:52:46.100,106417.28,0.00011,11.7059008
2025-10-17 23:52:46.352,106417.27,9e-05,9.577554300000001
2025-10-17 23:52:46.556,106417.27,0.00018,19.155108600000002
2025-10-17 23:52:46.728,106417.27,9e-05,9.577554300000001
2025-10-17 23:52:46.741,106417.27,9e-05,9.577554300000001
2025-10-17 23:52:46.817,106417.27,0.00035,37.2460445
2025-10-17 23:52:47.017,106415.03,0.00433,460.77707989999993
2025-10-17 23:52:47.018,106411.11,9e-05,9.5769999
2025-10-17 23:52:47.022,106410.55,0.04698,4999.167639
2025-10-17 23:52:47.023,106410.54,0.0001,10.641054
2025-10-17 23:52:47.237,106410.55,0.02143,2280.3780865000003
2025-10-17 23:52:47.256,106410.54,0.00039,41.5001106
2025-10-17 23:52:47.292,106410.54,0.00066,70.2309564
2025-10-17 23:52:47.342,106410.55,0.00172,183.026146
2025-10-17 23:52:47.435,106410.54,9e-05,9.5769486
2025-10-17 23:52:47.480,106410.54,9e-05,9.5769486
2025-10-17 23:52:47.522,106410.54,9e-05,9.5769486
2025-10-17 23:52:47.528,106410.54,7e-05,7.448737799999999
2025-10-17 23:52:47.704,106410.54,0.00261,277.7315094
2025-10-17 23:52:47.809,106410.54,9e-05,9.5769486
2025-10-17 23:52:47.900,106410.54,0.00047,50.0129538
2025-10-17 23:52:48.273,106410.55,0.00137,145.7824535
2025-10-17 23:52:48.336,106410.55,0.00047,50.012958499999996
2025-10-17 23:52:48.576,106410.54,9e-05,9.5769486
2025-10-17 23:52:48.598,106410.54,9e-05,9.5769486
2025-10-17 23:52:48.838,106410.54,0.00027,28.730845799999997
2025-10-17 23:52:48.907,106410.55,0.00469,499.0654795
2025-10-17 23:52:49.315,106410.55,0.01602,1704.697011
2025-10-17 23:52:49.400,106410.54,0.0001,10.641054
2025-10-17 23:52:49.435,106410.55,0.00047,50.012958499999996
2025-10-17 23:52:49.441,106410.55,0.01,1064.1055000000001
2025-10-17 23:52:49.488,106410.54,0.00036,38.3077944
2025-10-17 23:52:49.496,106410.54,0.00037,39.371899799999994
2025-10-17 23:52:49.617,106410.55,0.00019,20.218004500000003
2025-10-17 23:52:49.718,106410.55,0.04076,4337.294018
2025-10-17 23:52:49.994,106410.54,9e-05,9.5769486
2025-10-17 23:52:50.190,106410.54,9e-05,9.5769486
2025-10-17 23:52:50.253,106410.54,9e-05,9.5769486
2025-10-17 23:52:50.524,106410.55,0.00015,15.961582499999999
2025-10-17 23:52:50.586,106410.55,0.01441,1533.3760255
2025-10-17 23:52:50.600,106410.54,0.06703,7132.698496200001
2025-10-17 23:52:50.621,106410.55,0.42963,45717.1645965
2025-10-17 23:52:50.650,106412.21,5e-05,5.320610500000001
2025-10-17 23:52:50.661,106413.54,0.03402,3620.1886308
2025-10-17 23:52:50.672,106413.54,0.003,319.24062
2025-10-17 23:52:50.684,106413.54,0.00422,449.06513879999994
2025-10-17 23:52:50.689,106414.72,9e-05,9.577324800000001
2025-10-17 23:52:50.702,106420.0,5e-05,5.321000000000001
2025-10-17 23:52:50.710,106422.59,0.03664,3899.3236976
2025-10-17 23:52:50.711,106422.6,0.00939,999.3082140000001
2025-10-17 23:52:51.107,106422.6,0.00012,12.770712000000001
2025-10-17 23:52:51.169,106422.59,0.00035,37.2479065
2025-10-17 23:52:51.461,106422.59,9e-05,9.5780331
2025-10-17 23:52:51.482,106422.6,0.00082,87.266532
2025-10-17 23:52:51.586,106422.59,0.00037,39.3763583
2025-10-17 23:52:51.607,106422.59,0.00018,19.1560662
2025-10-17 23:52:51.612,106422.59,9e-05,9.5780331
2025-10-17 23:52:51.683,106422.59,0.00025,26.6056475
2025-10-17 23:52:51.861,106422.6,0.00094,100.037244
2025-10-17 23:52:51.893,106422.59,8e-05,8.5138072
2025-10-17 23:52:52.051,106422.6,0.0001,10.64226
2025-10-17 23:52:52.479,106422.6,9e-05,9.578034
2025-10-17 23:52:52.589,106422.6,6e-05,6.385356000000001
2025-10-17 23:52:52.618,106422.6,9e-05,9.578034
2025-10-17 23:52:52.670,106422.59,0.0001,10.642259000000001
2025-10-17 23:52:52.699,106422.6,0.0058,617.25108
2025-10-17 23:52:53.178,106422.59,8e-05,8.5138072
2025-10-17 23:52:53.499,106422.59,7e-05,7.449581299999999
2025-10-17 23:52:53.619,106422.6,0.02609,2776.565634
2025-10-17 23:52:53.725,106422.59,9e-05,9.5780331
2025-10-17 23:52:53.880,106422.59,0.00035,37.2479065
2025-10-17 23:52:54.096,106422.6,0.01,1064.226
2025-10-17 23:52:54.396,106422.6,0.00011,11.706486000000002
2025-10-17 23:52:54.439,106422.6,0.0007,74.49582000000001
2025-10-17 23:52:54.982,106422.6,6e-05,6.385356000000001
2025-10-17 23:52:55.499,106422.6,0.00029,30.862554000000003
2025-10-17 23:52:55.917,106422.59,0.00028,29.798325199999997
2025-10-17 23:52:56.114,106422.59,8e-05,8.5138072
2025-10-17 23:52:56.276,106422.59,9e-05,9.5780331
2025-10-17 23:52:56.329,106422.59,0.00027,28.7340993
2025-10-17 23:52:57.096,106422.59,9e-05,9.5780331
2025-10-17 23:52:57.276,106422.59,8e-05,8.5138072
2025-10-17 23:52:57.423,106422.59,0.00035,37.2479065
2025-10-17 23:52:57.518,106422.59,0.00447,475.70897729999996
2025-10-17 23:52:57.547,106422.59,5e-05,5.3211295000000005
2025-10-17 23:52:57.671,106422.59,0.00029,30.862551099999997
2025-10-17 23:52:57.789,106422.6,0.00082,87.266532
2025-10-17 23:52:58.284,106422.6,0.00147,156.441222
2025-10-17 23:52:58.462,106422.59,5e-05,5.3211295000000005
2025-10-17 23:52:58.523,106422.6,0.00156,166.019256
2025-10-17 23:52:58.881,106422.59,0.00026,27.669873399999997
2025-10-17 23:52:59.081,106422.59,0.07651,8142.392360899999
2025-10-17 23:52:59.135,106422.6,0.01,1064.226
2025-10-17 23:52:59.603,106422.59,7e-05,7.449581299999999
2025-10-17 23:52:59.671,106422.59,0.00037,39.3763583
2025-10-17 23:53:00.345,106422.59,0.00037,39.3763583
2025-10-17 23:53:00.600,106422.59,0.07184,7645.3988656
2025-10-17 23:53:00.767,106422.6,0.00018,19.156068
2025-10-17 23:53:01.162,106422.6,0.00218,232.001268
2025-10-17 23:53:01.171,106422.59,0.00027,28.7340993
2025-10-17 23:53:01.278,106422.59,9e-05,9.5780331
2025-10-17 23:53:01.295,106422.6,0.0001,10.64226
2025-10-17 23:53:01.535,106422.59,0.00014,14.899162599999999
2025-10-17 23:53:01.637,106422.59,8e-05,8.5138072
2025-10-17 23:53:01.948,106422.59,0.00018,19.1560662
2025-10-17 23:53:02.120,106422.59,0.00026,27.669873399999997
2025-10-17 23:53:02.294,106422.59,9e-05,9.5780331
2025-10-17 23:53:02.871,106422.59,0.00017,18.0918403
2025-10-17 23:53:02.924,106422.6,0.00115,122.38599
2025-10-17 23:53:02.967,106422.59,0.16861,17943.912899900002
2025-10-17 23:53:03.145,106422.6,0.00013,13.834938
2025-10-17 23:53:03.695,106422.59,8e-05,8.5138072
2025-10-17 23:53:03.803,106422.59,0.00097,103.2299123
2025-10-17 23:53:03.892,106422.59,0.00018,19.1560662
2025-10-17 23:53:04.070,106422.59,0.0009,95.78033099999999
2025-10-17 23:53:04.385,106422.59,9e-05,9.5780331
2025-10-17 23:53:05.593,106422.59,0.07231,7695.417482899999
2025-10-17 23:53:05.698,106422.59,0.00438,466.1309442
2025-10-17 23:53:05.805,106422.59,0.00037,39.3763583
2025-10-17 23:53:05.841,106422.59,7e-05,7.449581299999999
2025-10-17 23:53:05.959,106422.59,0.00027,28.7340993
2025-10-17 23:53:06.206,106422.59,0.08,8513.8072
2025-10-17 23:53:06.207,106422.59,0.04136,4401.6383224
2025-10-17 23:53:06.212,106422.59,0.013,1383.4936699999998
2025-10-17 23:53:06.213,106422.59,0.013,1383.4936699999998
2025-10-17 23:53:06.427,106422.59,0.00056,59.596650399999994
2025-10-17 23:53:06.892,106422.59,0.02182,2322.1409138
2025-10-17 23:53:07.391,106422.6,0.00813,865.2157380000001
2025-10-17 23:53:07.437,106422.59,0.0035,372.479065
2025-10-17 23:53:07.571,106422.59,0.0003,31.926776999999998
2025-10-17 23:53:07.733,106422.59,0.00014,14.899162599999999
2025-10-17 23:53:07.964,106422.6,8e-05,8.513808000000001
2025-10-17 23:53:08.019,106422.59,0.00037,39.3763583
2025-10-17 23:53:08.390,106422.6,0.00082,87.266532
2025-10-17 23:53:08.708,106422.59,9e-05,9.5780331
2025-10-17 23:53:09.600,106422.59,0.00032,34.0552288
2025-10-17 23:53:09.932,106422.6,0.00033,35.119458
2025-10-17 23:53:10.722,106422.6,0.00649,690.682674
2025-10-17 23:53:10.724,106424.01,5e-05,5.3212005
2025-10-17 23:53:10.725,106428.7,0.00046,48.957202
2025-10-17 23:53:10.726,106434.25,6e-05,6.386055
2025-10-17 23:53:10.727,106437.49,0.12,12772.4988
2025-10-17 23:53:10.730,106438.51,0.00418,444.9129717999999
2025-10-17 23:53:10.732,106442.5,0.06,6386.55
2025-10-17 23:53:10.734,106450.01,0.005,532.25005
2025-10-17 23:53:10.739,106458.3,5e-05,5.322915
2025-10-17 23:53:10.740,106460.21,6e-05,6.387612600000001
2025-10-17 23:53:10.747,106460.63,8e-05,8.516850400000001
2025-10-17 23:53:10.751,106445.56,0.02894,3080.5345064
2025-10-17 23:53:10.752,106461.42,0.00676,719.6791992000001
2025-10-17 23:53:10.753,106461.42,0.0094,1000.737348
2025-10-17 23:53:10.754,106461.42,0.02,2129.2284
2025-10-17 23:53:10.765,106454.98,5e-05,5.322749
2025-10-17 23:53:10.775,106460.0,5e-05,5.323
2025-10-17 23:53:10.799,106457.28,0.0048,510.994944
2025-10-17 23:53:10.804,106460.18,0.028,2980.8850399999997
2025-10-17 23:53:10.817,106460.21,0.00063,67.0699323
2025-10-17 23:53:10.818,106460.21,0.0144,1533.027024
2025-10-17 23:53:10.820,106460.21,0.00033,35.131869300000005
2025-10-17 23:53:10.825,106457.24,0.00085,90.488654
2025-10-17 23:53:10.837,106461.42,0.00223,237.4089666
2025-10-17 23:53:10.838,106461.42,0.00077,81.9752934
2025-10-17 23:53:10.842,106461.42,0.00606,645.1562052
2025-10-17 23:53:10.846,106461.42,0.02341,2492.2618422
2025-10-17 23:53:10.904,106462.0,0.0021,223.5702
2025-10-17 23:53:10.908,106461.99,0.03014,3208.7643786000003
2025-10-17 23:53:10.918,106465.75,5e-05,5.3232875
2025-10-17 23:53:10.930,106469.13,5e-05,5.323456500000001
2025-10-17 23:53:10.943,106470.42,0.0093,990.1749059999999
2025-10-17 23:53:10.947,106470.42,9e-05,9.582337800000001
2025-10-17 23:53:10.956,106470.42,0.0186,1980.3498119999997
2025-10-17 23:53:11.013,106470.42,0.02514,2676.6663587999997
2025-10-17 23:53:11.020,106471.29,0.00035,37.264951499999995
2025-10-17 23:53:11.025,106472.0,0.0022,234.2384
2025-10-17 23:53:11.575,106475.34,0.00722,768.7519547999999
2025-10-17 23:53:11.577,106475.33,6e-05,6.3885198
2025-10-17 23:53:12.028,106476.0,0.00225,239.57099999999997
2025-10-17 23:53:12.034,106476.55,0.0002,21.29531
2025-10-17 23:53:12.038,106476.55,0.00939,999.8148045000002
2025-10-17 23:53:12.683,106476.54,0.9421,100311.54833399999
2025-10-17 23:53:13.053,106476.54,8e-05,8.5181232
2025-10-17 23:53:14.021,106476.54,0.00014,14.906715599999998
2025-10-17 23:53:14.428,106476.54,0.00047,50.043973799999996
2025-10-17 23:53:14.698,106476.54,5e-05,5.323827
2025-10-17 23:53:14.739,106476.55,0.01164,1239.387042
2025-10-17 23:53:14.791,106476.55,0.005,532.38275
2025-10-17 23:53:15.470,106476.55,0.00021,22.3600755
2025-10-17 23:53:15.601,106476.54,0.07397,7876.069663799999
2025-10-17 23:53:15.670,106476.55,0.00476,506.82837800000004
2025-10-17 23:53:15.672,106476.54,0.00091,96.8936514
2025-10-17 23:53:16.953,106475.49,8e-05,8.5180392
2025-10-17 23:53:16.999,106475.5,0.00043,45.784465
2025-10-17 23:53:17.267,106475.49,0.00036,38.331176400000004
2025-10-17 23:53:17.335,106475.49,9e-05,9.582794100000001
2025-10-17 23:53:17.810,106475.49,0.00023,24.4893627
2025-10-17 23:53:17.957,106475.49,9e-05,9.582794100000001
2025-10-17 23:53:18.201,106475.49,8e-05,8.5180392
2025-10-17 23:53:18.377,106475.49,0.00105,111.79926449999999
2025-10-17 23:53:18.380,106475.4,6e-05,6.388523999999999
2025-10-17 23:53:18.444,106475.4,0.00047,50.043437999999995
2025-10-17 23:53:18.486,106475.4,0.00147,156.518838
2025-10-17 23:53:19.076,106475.34,0.00046,48.9786564
2025-10-17 23:53:19.518,106475.34,0.00047,50.0434098
2025-10-17 23:53:19.543,106475.33,0.00047,50.0434051
2025-10-17 23:53:20.116,106475.34,6e-05,6.3885204
2025-10-17 23:53:20.537,106475.33,0.00037,39.3958721
2025-10-17 23:53:20.539,106475.34,0.00017,18.100807800000002
2025-10-17 23:53:20.656,106475.33,8e-05,8.5180264
2025-10-17 23:53:20.772,106475.33,0.00017,18.100806100000003
2025-10-17 23:53:20.844,106475.33,6e-05,6.3885198
2025-10-17 23:53:20.941,106475.33,0.00018,19.165559400000003
2025-10-17 23:53:21.091,106475.33,0.008,851.80264
2025-10-17 23:53:21.096,106475.33,0.00274,291.7424042
2025-10-17 23:53:21.370,106475.32,0.00047,50.0434004
2025-10-17 23:53:21.490,106475.33,0.00067,71.3384711
2025-10-17 23:53:23.673,106475.33,6e-05,6.3885198
2025-10-17 23:53:23.879,106475.32,0.0061,649.4994520000001
2025-10-17 23:53:24.095,106475.33,6e-05,6.3885198
2025-10-17 23:53:25.096,106475.32,0.00028,29.813089599999998
2025-10-17 23:53:25.177,106475.32,7e-05,7.4532723999999995
2025-10-17 23:53:25.542,106475.33,0.00376,400.3472408
2025-10-17 23:53:25.586,106475.32,0.05465,5818.876238
2025-10-17 23:53:25.759,106475.33,0.00012,12.7770396
2025-10-17 23:53:25.808,106475.33,0.00082,87.3097706
2025-10-17 23:53:26.460,106475.33,0.06087,6481.1533371000005
2025-10-17 23:53:27.046,106475.33,0.00045,47.9138985
2025-10-17 23:53:27.177,106475.32,0.0006,63.885191999999996
2025-10-17 23:53:27.505,106475.32,0.00024,25.5540768
2025-10-17 23:53:27.648,106475.32,0.08,8518.0256
2025-10-17 23:53:27.649,106475.32,0.01407,1498.1077524
2025-10-17 23:53:27.650,106472.99,0.00197,209.7517903
2025-10-17 23:53:27.651,106472.3,0.0003,31.941689999999998
2025-10-17 23:53:27.662,106471.07,0.00445,473.7962615
2025-10-17 23:53:28.518,106470.55,0.0002,21.29411
2025-10-17 23:53:28.564,106470.55,0.00034,36.199987
2025-10-17 23:53:28.595,106470.55,0.00012,12.776466000000001
2025-10-17 23:53:28.613,106470.55,6e-05,6.3882330000000005
2025-10-17 23:53:28.671,106468.66,5e-05,5.3234330000000005
2025-10-17 23:53:28.673,106465.99,0.00031,33.0044569
2025-10-17 23:53:28.686,106465.89,0.00115,122.4357735
2025-10-17 23:53:28.721,106464.68,0.005,532.3234
2025-10-17 23:53:28.722,106464.54,0.00481,512.0944374
2025-10-17 23:53:28.726,106464.54,0.001,106.46454
2025-10-17 23:53:28.792,106463.69,0.00141,150.1138029
2025-10-17 23:53:28.805,106461.66,0.00015,15.969249
2025-10-17 23:53:28.966,106460.41,7e-05,7.452228699999999
2025-10-17 23:53:29.498,106460.4,0.001,106.46039999999999
2025-10-17 23:53:29.499,106460.4,0.001,106.46039999999999
2025-10-17 23:53:29.500,106460.4,0.00044,46.842576
2025-10-17 23:53:29.502,106460.39,0.00145,154.36756549999998
2025-10-17 23:53:29.504,106459.91,0.00761,810.1599151
2025-10-17 23:53:29.615,106457.4,0.00272,289.564128
2025-10-17 23:53:29.727,106457.39,0.00362,385.3757518
2025-10-17 23:53:29.916,106453.21,5e-05,5.3226605000000005
2025-10-17 23:53:29.978,106453.2,0.00026,27.677831999999995
2025-10-17 23:53:30.588,106453.2,0.01879,2000.2556280000001
2025-10-17 23:53:31.310,106453.2,0.00018,19.161576
2025-10-17 23:53:31.745,106453.21,0.00187,199.0675027
2025-10-17 23:53:31.855,106453.2,0.00018,19.161576
2025-10-17 23:53:31.986,106453.2,0.00279,297.00442799999996
2025-10-17 23:53:31.987,106453.19,0.001,106.45319
2025-10-17 23:53:31.991,106451.53,0.0006,63.870917999999996
2025-10-17 23:53:31.992,106450.5,6e-05,6.38703
2025-10-17 23:53:32.002,106445.96,0.013,1383.79748
2025-10-17 23:53:32.003,106444.43,0.00078,83.0266554
2025-10-17 23:53:32.107,106444.43,0.00257,273.56218509999997
2025-10-17 23:53:32.160,106444.42,0.00266,283.1421572
2025-10-17 23:53:32.320,106444.41,0.00022,23.417770200000003
2025-10-17 23:53:32.624,106444.41,0.00183,194.79327030000002
2025-10-17 23:53:33.576,106444.4,5e-05,5.32222
2025-10-17 23:53:33.915,106444.39,0.00218,232.0487702
2025-10-17 23:53:34.020,106444.38,0.00232,246.9509616
2025-10-17 23:53:34.036,106444.37,0.00204,217.1465148
2025-10-17 23:53:34.358,106444.0,0.0019,202.2436
2025-10-17 23:53:34.360,106440.71,0.0001,10.644071
2025-10-17 23:53:34.429,106438.89,0.013,1383.7055699999999
2025-10-17 23:53:34.430,106438.89,0.013,1383.7055699999999
2025-10-17 23:53:34.431,106438.89,0.013,1383.7055699999999
2025-10-17 23:53:35.040,106438.89,8e-05,8.5151112
2025-10-17 23:53:35.384,106438.89,5e-05,5.3219445
2025-10-17 23:53:35.581,106438.89,0.06933,7379.408243700001
2025-10-17 23:53:35.892,106438.89,0.00036,38.3180004
2025-10-17 23:53:36.028,106438.89,0.00428,455.5584492
2025-10-17 23:53:36.233,106434.67,9e-05,9.5791203
2025-10-17 23:53:36.509,106434.68,7e-05,7.4504275999999985
2025-10-17 23:53:36.513,106434.67,0.0251,2671.510217
2025-10-17 23:53:36.617,106434.68,0.00051,54.2816868
2025-10-17 23:53:36.918,106434.68,0.00236,251.18584479999998
2025-10-17 23:53:36.931,106434.68,0.00093,98.9842524
2025-10-17 23:53:37.043,106434.68,0.00071,75.5686228
2025-10-17 23:53:37.118,106434.68,0.00011,11.7078148
2025-10-17 23:53:37.127,106434.67,9e-05,9.5791203
2025-10-17 23:53:37.748,106434.68,0.00027,28.7373636
2025-10-17 23:53:37.902,106434.67,0.013,1383.65071
2025-10-17 23:53:37.977,106434.67,0.00028,29.801707599999997
2025-10-17 23:53:38.140,106434.67,0.00028,29.801707599999997
2025-10-17 23:53:38.306,106434.67,0.013,1383.65071
2025-10-17 23:53:38.309,106434.67,0.013,1383.65071
2025-10-17 23:53:38.685,106434.68,0.19061,20287.514354799998
2025-10-17 23:53:38.755,106434.68,0.028,2980.1710399999997
2025-10-17 23:53:38.756,106434.68,0.02358,2509.7297544
2025-10-17 23:53:38.758,106435.8,0.0005,53.2179
2025-10-17 23:53:39.611,106438.89,0.00028,29.802889199999996
2025-10-17 23:53:40.239,106438.9,0.00187,199.040743
2025-10-17 23:53:40.597,106438.89,0.05798,6171.326842199999
2025-10-17 23:53:40.642,106438.9,0.00025,26.609724999999997
2025-10-17 23:53:40.850,106438.89,0.00036,38.3180004
2025-10-17 23:53:41.160,106438.9,0.0093,989.8817699999998
2025-10-17 23:53:41.466,106438.9,0.00304,323.574256
2025-10-17 23:53:41.583,106438.89,7e-05,7.450722299999999
2025-10-17 23:53:41.748,106438.89,0.0006,63.863333999999995
2025-10-17 23:53:42.289,106438.89,0.00028,29.802889199999996
2025-10-17 23:53:42.655,106438.89,0.04,4257.5556
2025-10-17 23:53:42.656,106438.89,0.08,8515.1112
2025-10-17 23:53:42.658,106438.89,0.05192,5526.3071688
2025-10-17 23:53:42.659,106438.79,0.0001,10.643879
2025-10-17 23:53:42.664,106437.14,0.00015,15.965570999999999
2025-10-17 23:53:42.667,106428.69,5e-05,5.3214345000000005
2025-10-17 23:53:42.669,106427.5,0.026,2767.115
2025-10-17 23:53:42.674,106427.59,0.04697,4998.9039023
2025-10-17 23:53:43.606,106427.5,9e-05,9.578475000000001
2025-10-17 23:53:43.822,106427.51,0.00018,19.1569518
2025-10-17 23:53:44.105,106427.51,0.00028,29.799702799999995
2025-10-17 23:53:45.241,106427.51,0.00231,245.84754809999998
2025-10-17 23:53:45.244,106427.51,0.0001,10.642751
2025-10-17 23:53:45.527,106427.5,0.00866,921.6621499999999
2025-10-17 23:53:45.529,106423.99,0.00015,15.9635985
2025-10-17 23:53:45.533,106423.98,0.013,1383.51174
2025-10-17 23:53:45.594,106423.98,0.06141,6535.496611799999
2025-10-17 23:53:45.791,106423.98,0.00268,285.2162664
2025-10-17 23:53:47.408,106423.98,0.00021,22.3490358
2025-10-17 23:53:47.553,106423.97,0.00019,20.2205543
2025-10-17 23:53:48.503,106423.97,0.01075,1144.0576775
2025-10-17 23:53:48.688,106422.6,0.05642,6004.3630920000005
2025-10-17 23:53:48.940,106422.6,0.00047,50.018622
2025-10-17 23:53:49.152,106422.6,0.00015,15.963389999999999
2025-10-17 23:53:49.795,106422.59,0.00027,28.7340993
2025-10-17 23:53:50.182,106422.59,5e-05,5.3211295000000005
2025-10-17 23:53:50.240,106422.59,0.00106,112.8079454
2025-10-17 23:53:50.591,106422.6,0.00023,24.477198
2025-10-17 23:53:51.418,106422.59,0.00019,20.2202921
2025-10-17 23:53:51.424,106422.59,0.00028,29.798325199999997
2025-10-17 23:53:51.645,106422.59,0.01253,1333.4750526999999
2025-10-17 23:53:51.908,106422.6,0.00083,88.330758
2025-10-17 23:53:52.577,106422.59,0.00063,67.0462317
2025-10-17 23:53:52.641,106422.6,0.00182,193.689132
2025-10-17 23:53:52.918,106422.6,0.00424,451.231824
2025-10-17 23:53:53.169,106422.59,0.00028,29.798325199999997
2025-10-17 23:53:53.382,106422.59,0.00028,29.798325199999997
2025-10-17 23:53:53.564,106422.59,0.00037,39.3763583
2025-10-17 23:53:53.672,106422.59,0.00172,183.04685479999998
2025-10-17 23:53:53.729,106422.59,0.00038,40.4405842
2025-10-17 23:53:54.175,106422.59,0.00191,203.2671469
2025-10-17 23:53:54.389,106427.63,0.04272,4546.5883536
2025-10-17 23:53:54.810,106433.75,0.00351,373.5824625
2025-10-17 23:53:55.492,106433.76,0.00021,22.351089599999998
2025-10-17 23:53:55.593,106433.75,0.07266,7733.476275
2025-10-17 23:53:55.886,106433.75,7e-05,7.4503625
2025-10-17 23:53:56.218,106433.76,0.00658,700.3341408
2025-10-17 23:53:56.986,106433.76,6e-05,6.3860256
2025-10-17 23:53:57.007,106433.76,0.00548,583.2570047999999
2025-10-17 23:53:57.023,106433.75,0.00024,25.5441
2025-10-17 23:53:57.238,106433.75,0.00423,450.2147625
2025-10-17 23:53:58.576,106433.76,6e-05,6.3860256
2025-10-17 23:53:59.033,106433.75,0.013,1383.6387499999998
2025-10-17 23:53:59.034,106433.75,0.00614,653.5032249999999
2025-10-17 23:53:59.035,106433.28,0.0001,10.643328
2025-10-17 23:53:59.039,106433.27,0.0039,415.089753
2025-10-17 23:53:59.046,106433.27,0.03943,4196.6638361000005
2025-10-17 23:53:59.144,106433.25,0.0001,10.643325
2025-10-17 23:53:59.418,106429.51,0.00029,30.864557899999998
2025-10-17 23:53:59.725,106429.5,0.00017,18.093015
2025-10-17 23:54:01.207,106429.5,0.00013,13.835835
2025-10-17 23:54:02.005,106429.51,0.00079,84.07931289999999
2025-10-17 23:54:02.057,106429.5,0.00391,416.13934500000005
2025-10-17 23:54:02.155,106429.5,0.00063,67.050585
2025-10-17 23:54:02.248,106429.5,0.00367,390.596265
2025-10-17 23:54:02.377,106429.51,0.00019,20.2216069
2025-10-17 23:54:02.611,106429.51,0.00059,62.7934109
2025-10-17 23:54:02.630,106429.5,0.0001,10.64295
2025-10-17 23:54:03.037,106429.51,0.00031,32.9931481
2025-10-17 23:54:04.824,106429.5,9e-05,9.578655000000001
2025-10-17 23:54:04.960,106429.51,0.14093,14999.1108443
2025-10-17 23:54:05.600,106429.5,0.07362,7835.339790000001
2025-10-17 23:54:08.842,106429.5,0.00092,97.91514000000001
2025-10-17 23:54:09.497,106429.5,0.00043,45.764685
2025-10-17 23:54:09.969,106429.5,0.00205,218.18047500000003
2025-10-17 23:54:10.519,106429.5,0.00019,20.221605
2025-10-17 23:54:10.580,106429.5,0.05786,6158.01087
2025-10-17 23:54:11.290,106429.5,0.23671,25192.926945
2025-10-17 23:54:11.577,106429.5,9e-05,9.578655000000001
2025-10-17 23:54:12.989,106429.5,0.05856,6232.51152
2025-10-17 23:54:14.247,106429.5,0.00339,360.796005
2025-10-17 23:54:14.568,106429.5,8e-05,8.51436
2025-10-17 23:54:15.352,106429.5,0.00037,39.378915
2025-10-17 23:54:15.532,106429.51,0.00068,72.3720668
2025-10-17 23:54:15.632,106429.5,0.0006,63.857699999999994
2025-10-17 23:54:15.729,106429.51,0.00038,40.4432138
2025-10-17 23:54:15.821,106429.5,8e-05,8.51436
2025-10-17 23:54:16.834,106429.51,0.00047,50.021869699999996
2025-10-17 23:54:16.879,106429.51,0.00011,11.707246099999999
2025-10-17 23:54:16.968,106429.5,8e-05,8.51436
2025-10-17 23:54:17.024,106429.51,0.00188,200.08747879999999
2025-10-17 23:54:17.118,106429.51,0.0001,10.642951
2025-10-17 23:54:17.332,106429.51,0.0001,10.642951
2025-10-17 23:54:17.443,106429.51,0.00024,25.5430824
2025-10-17 23:54:17.450,106429.5,0.00287,305.452665
2025-10-17 23:54:17.476,106429.51,0.00168,178.8015768
2025-10-17 23:54:17.498,106429.51,0.028,2980.02628
2025-10-17 23:54:17.518,106429.51,0.0094,1000.437394
2025-10-17 23:54:17.591,106429.5,8e-05,8.51436
2025-10-17 23:54:17.826,106429.51,0.0001,10.642951
2025-10-17 23:54:17.950,106429.51,0.00168,178.8015768
2025-10-17 23:54:18.043,106429.51,8e-05,8.5143608
2025-10-17 23:54:18.175,106429.51,0.0001,10.642951
2025-10-17 23:54:18.225,106429.51,0.00047,50.021869699999996
2025-10-17 23:54:18.236,106429.51,0.00075,79.8221325
2025-10-17 23:54:18.485,106429.51,0.00079,84.07931289999999
2025-10-17 23:54:18.669,106429.51,0.00024,25.5430824
2025-10-17 23:54:18.816,106429.51,0.00011,11.707246099999999
2025-10-17 23:54:19.037,106429.51,0.00057,60.66482069999999
2025-10-17 23:54:19.049,106429.5,0.00047,50.021865
2025-10-17 23:54:19.270,106429.51,0.00069,73.4363619
2025-10-17 23:54:20.432,106429.5,8e-05,8.51436
2025-10-17 23:54:20.583,106429.5,0.06028,6415.57026
2025-10-17 23:54:21.260,106429.51,0.00251,267.1380701
2025-10-17 23:54:21.486,106429.5,8e-05,8.51436
2025-10-17 23:54:21.505,106429.51,0.014,1490.01314
2025-10-17 23:54:21.988,106429.51,0.00047,50.021869699999996
2025-10-17 23:54:22.202,106429.51,0.012,1277.15412
2025-10-17 23:54:22.204,106429.51,0.002,212.85902
2025-10-17 23:54:22.290,106429.51,0.00022,23.414492199999998
2025-10-17 23:54:22.395,106429.5,8e-05,8.51436
2025-10-17 23:54:22.645,106429.5,0.00049,52.150455
2025-10-17 23:54:22.747,106429.5,0.04693,4994.736435
2025-10-17 23:54:23.161,106429.5,9e-05,9.578655000000001
2025-10-17 23:54:24.715,106429.5,8e-05,8.51436
2025-10-17 23:54:24.882,106429.51,0.028,2980.02628
2025-10-17 23:54:25.155,106429.51,5e-05,5.3214755
2025-10-17 23:54:25.344,106429.5,0.02625,2793.774375
2025-10-17 23:54:25.586,106429.5,0.07477,7957.733715
2025-10-17 23:54:26.983,106429.51,9e-05,9.5786559
2025-10-17 23:54:28.017,106429.5,0.0003,31.928849999999997
2025-10-17 23:54:28.553,106429.51,0.024,2554.30824
2025-10-17 23:54:28.570,106429.51,0.001,106.42951
2025-10-17 23:54:28.655,106429.51,0.003,319.28853
2025-10-17 23:54:28.839,106429.5,0.00027,28.735965
2025-10-17 23:54:29.059,106429.51,8e-05,8.5143608
2025-10-17 23:54:29.700,106429.51,0.014,1490.01314
2025-10-17 23:54:29.714,106429.51,0.014,1490.01314
2025-10-17 23:54:30.157,106429.51,0.00346,368.24610459999997
2025-10-17 23:54:30.182,106429.5,9e-05,9.578655000000001
2025-10-17 23:54:30.815,106429.51,5e-05,5.3214755
2025-10-17 23:54:30.894,106429.5,0.05637,5999.430915
2025-10-17 23:54:31.201,106429.5,8e-05,8.51436
2025-10-17 23:54:31.206,106429.5,0.00624,664.12008
2025-10-17 23:54:31.517,106429.5,0.0001,10.64295
2025-10-17 23:54:31.589,106429.51,0.018,1915.7311799999998
2025-10-17 23:54:31.656,106429.51,0.001,106.42951
2025-10-17 23:54:32.234,106429.51,0.009,957.8655899999999
2025-10-17 23:54:32.311,106429.5,9e-05,9.578655000000001
2025-10-17 23:54:32.540,106429.51,0.028,2980.02628
2025-10-17 23:54:32.677,106429.5,9e-05,9.578655000000001
2025-10-17 23:54:33.073,106429.5,8e-05,8.51436
2025-10-17 23:54:33.657,106429.51,0.00254,270.3309554
2025-10-17 23:54:33.815,106429.5,9e-05,9.578655000000001
2025-10-17 23:54:34.630,106429.5,9e-05,9.578655000000001
2025-10-17 23:54:34.855,106429.5,9e-05,9.578655000000001
2025-10-17 23:54:34.856,106429.5,9e-05,9.578655000000001
2025-10-17 23:54:35.178,106429.5,9e-05,9.578655000000001
2025-10-17 23:54:35.365,106429.51,0.00146,155.38708459999998
2025-10-17 23:54:35.580,106429.5,0.06157,6552.864315
2025-10-17 23:54:35.871,106429.5,9e-05,9.578655000000001
2025-10-17 23:54:35.913,106429.5,0.00016,17.02872
2025-10-17 23:54:36.029,106429.5,9e-05,9.578655000000001
2025-10-17 23:54:36.324,106429.51,0.00121,128.7797071
2025-10-17 23:54:36.577,106429.5,8e-05,8.51436
2025-10-17 23:54:36.660,106429.5,0.00017,18.093015
2025-10-17 23:54:36.908,106429.51,0.0001,10.642951
2025-10-17 23:54:36.919,106429.51,0.00011,11.707246099999999
2025-10-17 23:54:37.025,106429.5,0.00025,26.607375
2025-10-17 23:54:37.067,106429.51,0.00171,181.9944621
2025-10-17 23:54:37.145,106429.51,0.00219,233.0806269
2025-10-17 23:54:37.383,106429.51,0.00126,134.1011826
2025-10-17 23:54:37.960,106429.51,0.00206,219.24479060000002
2025-10-17 23:54:37.973,106429.5,9e-05,9.578655000000001
2025-10-17 23:54:37.993,106429.51,0.0001,10.642951
2025-10-17 23:54:38.286,106429.5,2.8579,304164.86805
2025-10-17 23:54:38.327,106429.5,9e-05,9.578655000000001
2025-10-17 23:54:38.780,106429.5,0.00028,29.800259999999998
2025-10-17 23:54:38.995,106429.5,0.00017,18.093015
2025-10-17 23:54:39.509,106429.5,8e-05,8.51436
2025-10-17 23:54:39.585,106429.5,0.00108,114.94386
2025-10-17 23:54:39.620,106429.5,8e-05,8.51436
2025-10-17 23:54:39.998,106429.5,0.01161,1235.646495
2025-10-17 23:54:40.120,106429.51,0.00103,109.62239530000001
2025-10-17 23:54:40.172,106429.51,0.00023,24.4787873
2025-10-17 23:54:40.561,106429.5,0.00014,14.900129999999999
2025-10-17 23:54:40.595,106429.5,0.07526,8009.884169999999
2025-10-17 23:54:41.991,106429.51,0.00662,704.5633561999999
2025-10-17 23:54:42.006,106429.5,9e-05,9.578655000000001
2025-10-17 23:54:43.109,106429.5,9e-05,9.578655000000001
2025-10-17 23:54:43.927,106429.51,0.01072,1140.9243472
2025-10-17 23:54:43.953,106429.5,0.00791,841.857345
2025-10-17 23:54:44.036,106429.5,0.013,1383.5835
2025-10-17 23:54:44.037,106429.5,0.013,1383.5835
2025-10-17 23:54:44.041,106429.5,0.013,1383.5835
2025-10-17 23:54:44.232,106429.5,8e-05,8.51436
2025-10-17 23:54:44.453,106429.5,0.00939,999.373005
2025-10-17 23:54:44.738,106429.5,0.0001,10.64295
2025-10-17 23:54:45.227,106429.5,0.00018,19.157310000000003
2025-10-17 23:54:45.451,106429.5,0.0001,10.64295
2025-10-17 23:54:45.961,106429.5,0.00017,18.093015
2025-10-17 23:54:46.017,106429.5,0.00875,931.2581250000001
2025-10-17 23:54:46.133,106429.51,0.00202,214.9876102
2025-10-17 23:54:46.151,106429.5,9e-05,9.578655000000001
2025-10-17 23:54:47.600,106429.5,9e-05,9.578655000000001
2025-10-17 23:54:47.876,106429.51,0.00022,23.414492199999998
2025-10-17 23:54:47.944,106429.5,0.00041,43.636095
2025-10-17 23:54:48.455,106429.5,8e-05,8.51436
2025-10-17 23:54:48.624,106429.5,0.0003,31.928849999999997
2025-10-17 23:54:48.713,106429.5,0.00017,18.093015
2025-10-17 23:54:48.932,106429.5,0.00281,299.066895
2025-10-17 23:54:48.984,106429.5,0.01881,2001.938895
2025-10-17 23:54:49.130,106429.51,0.00053,56.4076403
2025-10-17 23:54:50.332,106429.51,0.00638,679.0202738
2025-10-17 23:54:50.567,106429.51,0.00477,507.66876269999995
2025-10-17 23:54:50.597,106429.5,0.0689,7332.99255
2025-10-17 23:54:50.860,106429.5,8e-05,8.51436
2025-10-17 23:54:50.928,106429.5,0.011,1170.7245
2025-10-17 23:54:50.929,106429.5,0.011,1170.7245
2025-10-17 23:54:51.227,106429.5,0.2997,31896.921150000002
2025-10-17 23:54:51.296,106429.51,0.028,2980.02628
2025-10-17 23:54:51.300,106429.5,0.00042,44.70039
2025-10-17 23:54:51.302,106429.5,0.0014,149.0013
2025-10-17 23:54:51.618,106429.51,0.003,319.28853
2025-10-17 23:54:52.096,106429.5,0.00047,50.021865
2025-10-17 23:54:52.174,106429.51,0.023,2447.87873
2025-10-17 23:54:52.925,106429.5,8e-05,8.51436
2025-10-17 23:54:53.185,106429.51,0.01878,1998.7461978000001
2025-10-17 23:54:53.232,106429.51,0.0053,564.076403
2025-10-17 23:54:53.367,106429.51,5e-05,5.3214755
2025-10-17 23:54:53.444,106429.5,8e-05,8.51436
2025-10-17 23:54:53.685,106429.51,6e-05,6.3857706
2025-10-17 23:54:53.879,106429.51,0.00107,113.87957569999999
2025-10-17 23:54:54.109,106429.5,0.02481,2640.515895
2025-10-17 23:54:54.336,106429.51,0.002,212.85902
2025-10-17 23:54:54.770,106429.5,0.00064,68.11488
2025-10-17 23:54:54.919,106429.51,0.028,2980.02628
2025-10-17 23:54:54.935,106429.5,8e-05,8.51436
2025-10-17 23:54:55.594,106429.5,0.05752,6121.82484
2025-10-17 23:54:55.974,106429.5,9e-05,9.578655000000001
2025-10-17 23:54:56.007,106429.51,0.0031,329.93148099999996
2025-10-17 23:54:56.704,106429.51,0.0006,63.85770599999999
2025-10-17 23:54:56.826,106429.5,8e-05,8.51436
2025-10-17 23:54:58.066,106429.51,0.00018,19.1573118
2025-10-17 23:54:58.386,106429.5,9e-05,9.578655000000001
2025-10-17 23:54:59.330,106429.51,0.00014,14.900131399999998
2025-10-17 23:54:59.821,106429.5,0.00096,102.17232
2025-10-17 23:55:00.933,106429.5,5e-05,5.321475
2025-10-17 23:55:00.956,106429.51,0.00046,48.9575746
2025-10-17 23:55:01.230,106429.51,0.002,212.85902
2025-10-17 23:55:01.643,106429.51,0.0001,10.642951
2025-10-17 23:55:01.732,106429.5,6e-05,6.38577
2025-10-17 23:55:01.876,106429.5,0.00018,19.157310000000003
2025-10-17 23:55:02.176,106429.5,0.00051,54.279045
2025-10-17 23:55:02.446,106429.5,0.00013,13.835835
2025-10-17 23:55:02.463,106429.51,0.00012,12.7715412
2025-10-17 23:55:03.115,106429.5,0.00027,28.735965
2025-10-17 23:55:03.672,106429.5,9e-05,9.578655000000001
2025-10-17 23:55:03.900,106429.51,0.00015,15.964426499999998
2025-10-17 23:55:04.396,106429.51,0.00056,59.60052559999999
2025-10-17 23:55:05.417,106429.51,0.00021,22.3501971
2025-10-17 23:55:05.585,106429.5,0.06602,7026.475589999999
2025-10-17 23:55:05.802,106429.51,0.0028,298.00262799999996
2025-10-17 23:55:06.578,106429.5,0.00011,11.707245
2025-10-17 23:55:06.605,106429.5,9e-05,9.578655000000001
2025-10-17 23:55:07.708,106429.5,0.5,53214.75
2025-10-17 23:55:07.771,106429.51,0.00022,23.414492199999998
2025-10-17 23:55:08.232,106429.51,0.00101,107.4938051
2025-10-17 23:55:08.851,106429.5,9e-05,9.578655000000001
2025-10-17 23:55:09.079,106429.51,0.004,425.71804
2025-10-17 23:55:09.414,106429.51,0.00025,26.6073775
2025-10-17 23:55:09.604,106429.5,0.00014,14.900129999999999
2025-10-17 23:55:09.863,106429.51,0.00495,526.8260745
2025-10-17 23:55:09.912,106429.5,0.00013,13.835835
2025-10-17 23:55:10.022,106429.5,0.00127,135.165465
2025-10-17 23:55:10.417,106429.51,0.00034,36.1860334
2025-10-17 23:55:10.536,106429.5,8e-05,8.51436
2025-10-17 23:55:10.587,106429.5,0.05794,6166.52523
2025-10-17 23:55:10.941,106429.5,0.00852,906.7793399999999
2025-10-17 23:55:10.942,106428.69,5e-05,5.3214345000000005
2025-10-17 23:55:10.943,106427.99,0.0001,10.642799000000002
2025-10-17 23:55:10.944,106427.58,0.00015,15.964137
2025-10-17 23:55:10.945,106425.26,0.0001,10.642526
2025-10-17 23:55:10.949,106423.61,0.00015,15.963541499999998
2025-10-17 23:55:10.960,106423.18,0.013,1383.5013399999998
2025-10-17 23:55:10.961,106423.18,0.013,1383.5013399999998
2025-10-17 23:55:10.962,106423.18,0.013,1383.5013399999998
2025-10-17 23:55:11.028,106423.18,0.202,21497.482359999998
2025-10-17 23:55:11.029,106423.18,0.0001,10.642318
2025-10-17 23:55:11.308,106423.12,0.00187,199.01123439999998
2025-10-17 23:55:12.159,106422.0,0.002,212.844
2025-10-17 23:55:12.160,106421.96,0.00014,14.8990744
2025-10-17 23:55:12.161,106413.95,0.01481,1575.9905995
2025-10-17 23:55:12.162,106411.44,0.03974,4228.7906256
2025-10-17 23:55:12.168,106411.29,0.00025,26.6028225
2025-10-17 23:55:12.171,106410.12,0.00343,364.9867116
2025-10-17 23:55:12.173,106408.31,0.00069,73.42173389999999
2025-10-17 23:55:12.176,106405.08,0.013,1383.26604
2025-10-17 23:55:12.179,106405.86,0.01532,1630.1377752
2025-10-17 23:55:12.180,106404.98,0.00015,15.960746999999998
2025-10-17 23:55:12.199,106404.97,0.0094,1000.206718
2025-10-17 23:55:12.456,106404.97,0.00027,28.7293419
2025-10-17 23:55:12.638,106404.97,9e-05,9.5764473
2025-10-17 23:55:13.281,106404.97,8e-05,8.512397600000002
2025-10-17 23:55:13.318,106404.97,0.00037,39.3698389
2025-10-17 23:55:14.837,106404.98,0.00235,250.051703
2025-10-17 23:55:15.623,106404.97,0.00018,19.1528946
2025-10-17 23:55:15.669,106404.98,7e-05,7.448348599999999
2025-10-17 23:55:15.845,106404.97,0.00093,98.9566221
2025-10-17 23:55:15.846,106404.97,0.00199,211.7458903
2025-10-17 23:55:15.847,106404.97,0.00199,211.7458903
2025-10-17 23:55:15.877,106404.97,0.00314,334.1116058
2025-10-17 23:55:15.878,106404.97,0.00092,97.8925724
2025-10-17 23:55:15.880,106404.97,0.00092,97.8925724
2025-10-17 23:55:15.881,106404.97,0.00136,144.7107592
2025-10-17 23:55:15.883,106404.97,0.00051,54.2665347
2025-10-17 23:55:15.888,106404.97,0.00409,435.1963273
2025-10-17 23:55:16.097,106404.97,9e-05,9.5764473
2025-10-17 23:55:16.122,106404.97,9e-05,9.5764473
2025-10-17 23:55:16.309,106404.97,0.00044,46.8181868
2025-10-17 23:55:16.323,106404.97,0.00438,466.0537686
2025-10-17 23:55:16.853,106404.96,9e-05,9.576446400000002
2025-10-17 23:55:17.177,106404.96,8e-05,8.512396800000001
2025-10-17 23:55:17.205,106404.97,0.00017,18.0888449
2025-10-17 23:55:17.924,106404.96,0.00093,98.95661280000002
2025-10-17 23:55:19.499,106404.97,0.00225,239.4111825
2025-10-17 23:55:19.676,106404.96,9e-05,9.576446400000002
2025-10-17 23:55:20.579,106402.18,0.00469,499.02622419999994
2025-10-17 23:55:20.740,106400.0,0.00017,18.088
2025-10-17 23:55:21.019,106399.82,0.00046,48.9439172
2025-10-17 23:55:21.020,106395.5,0.00018,19.15119
2025-10-17 23:55:22.297,106394.34,6e-05,6.3836604
2025-10-17 23:55:23.432,106394.34,0.00025,26.598585
2025-10-17 23:55:23.503,106394.33,0.013,1383.12629
2025-10-17 23:55:23.504,106394.33,0.013,1383.12629
2025-10-17 23:55:23.543,106394.34,9e-05,9.5754906
2025-10-17 23:55:23.639,106394.33,0.00038,40.429845400000005
2025-10-17 23:55:23.645,106394.33,0.00186,197.8934538
2025-10-17 23:55:24.483,106394.33,9e-05,9.5754897
2025-10-17 23:55:24.718,106394.33,0.00026,27.662525799999997
2025-10-17 23:55:24.802,106394.33,0.013,1383.12629
2025-10-17 23:55:24.805,106394.33,0.013,1383.12629
2025-10-17 23:55:25.110,106394.34,0.00106,112.7780004
2025-10-17 23:55:25.584,106394.33,0.05755,6122.9936915
2025-10-17 23:55:25.711,106394.34,0.00047,50.005339799999994
2025-10-17 23:55:26.040,106394.34,6e-05,6.3836604
2025-10-17 23:55:26.141,106394.33,0.10254,10909.674598200001
2025-10-17 23:55:26.143,106394.32,0.0069,734.120808
2025-10-17 23:55:26.244,106394.32,9e-05,9.5754888
2025-10-17 23:55:26.245,106393.14,0.00015,15.958970999999998
2025-10-17 23:55:26.246,106392.58,0.00015,15.958886999999999
2025-10-17 23:55:26.384,106392.57,0.013,1383.10341
2025-10-17 23:55:26.385,106392.57,0.013,1383.10341
2025-10-17 23:55:26.473,106392.58,0.00047,50.0045126
2025-10-17 23:55:27.803,106392.57,0.00079,84.0501303
2025-10-17 23:55:28.670,106392.58,0.00033,35.1095514
2025-10-17 23:55:28.739,106392.57,0.00017,18.086736900000002
2025-10-17 23:55:29.684,106392.57,0.00026,27.6620682
2025-10-17 23:55:29.782,106392.58,0.00014,14.8949612
2025-10-17 23:55:30.179,106392.57,0.013,1383.10341
2025-10-17 23:55:30.181,106392.57,0.013,1383.10341
2025-10-17 23:55:30.801,106392.57,7e-05,7.4474799
2025-10-17 23:55:30.946,106392.57,0.55527,59076.602343900006
2025-10-17 23:55:30.947,106392.57,0.13509,14372.5722813
2025-10-17 23:55:30.948,106392.57,0.18238,19403.8769166
2025-10-17 23:55:30.950,106392.55,0.00025,26.5981375
2025-10-17 23:55:30.951,106392.55,0.00025,26.5981375
2025-10-17 23:55:30.962,106392.32,0.00633,673.4633856
2025-10-17 23:55:31.067,106392.32,0.00125,132.99040000000002
2025-10-17 23:55:31.158,106392.16,0.65787,69992.2102992
2025-10-17 23:55:31.304,106392.16,0.00125,132.99020000000002
2025-10-17 23:55:31.306,106392.11,0.0023,244.701853
2025-10-17 23:55:31.509,106392.11,0.00077,81.92192469999999
2025-10-17 23:55:31.590,106392.12,6e-05,6.3835272
2025-10-17 23:55:31.615,106392.1,0.00015,15.958815
2025-10-17 23:55:32.156,106392.09,0.013,1383.0971699999998
2025-10-17 23:55:32.381,106392.09,0.00043,45.748598699999995
2025-10-17 23:55:32.476,106392.1,0.00093,98.94465300000002
2025-10-17 23:55:32.482,106392.09,0.00047,50.0042823
2025-10-17 23:55:32.745,106392.09,0.00415,441.5271735
2025-10-17 23:55:32.845,106392.09,0.013,1383.0971699999998
2025-10-17 23:55:33.054,106392.1,0.002,212.78420000000003
2025-10-17 23:55:33.446,106392.09,9e-05,9.5752881
2025-10-17 23:55:33.681,106392.1,0.0027,287.25867000000005
2025-10-17 23:55:33.920,106392.1,0.00936,995.8300560000001
2025-10-17 23:55:34.052,106392.09,8e-05,8.5113672
2025-10-17 23:55:34.407,106392.09,9e-05,9.5752881
2025-10-17 23:55:35.579,106392.09,0.06429,6839.9474660999995
2025-10-17 23:55:36.486,106392.09,0.00026,27.6619434
2025-10-17 23:55:36.612,106392.1,0.00024,25.534104000000003
2025-10-17 23:55:37.671,106392.09,0.00037,39.3650733
2025-10-17 23:55:37.865,106392.1,7e-05,7.4474469999999995
2025-10-17 23:55:38.081,106392.1,0.00034,36.173314000000005
2025-10-17 23:55:38.190,106392.09,0.013,1383.0971699999998
2025-10-17 23:55:38.191,106392.09,0.013,1383.0971699999998
2025-10-17 23:55:38.359,106392.09,0.013,1383.0971699999998
2025-10-17 23:55:39.112,106392.09,0.00937,996.8938833
2025-10-17 23:55:39.427,106392.1,0.03046,3240.703366
2025-10-17 23:55:40.232,106392.09,0.00014,14.894892599999999
2025-10-17 23:55:40.322,106392.09,0.0003,31.917626999999996
2025-10-17 23:55:40.598,106392.09,0.07452,7928.3385468
2025-10-17 23:55:40.675,106392.1,0.00028,29.789787999999998
2025-10-17 23:55:40.804,106392.09,1.75323,186529.8039507
2025-10-17 23:55:40.849,106392.08,8e-05,8.5113664
2025-10-17 23:55:40.909,106392.08,0.00712,757.5116095999999
2025-10-17 23:55:41.032,106392.09,0.003,319.17627
2025-10-17 23:55:42.244,106392.08,0.00032,34.0454656
2025-10-17 23:55:42.560,106392.08,0.013,1383.0970399999999
2025-10-17 23:55:42.561,106392.08,0.013,1383.0970399999999
2025-10-17 23:55:43.045,106392.09,0.00018,19.1505762
2025-10-17 23:55:43.429,106392.08,9e-05,9.5752872
2025-10-17 23:55:43.902,106392.09,0.00093,98.9446437
2025-10-17 23:55:44.552,106392.08,0.00027,28.7258616
2025-10-17 23:55:45.201,106392.08,0.74106,78842.9148048
2025-10-17 23:55:45.207,106392.08,0.013,1383.0970399999999
2025-10-17 23:55:45.208,106392.08,0.013,1383.0970399999999
2025-10-17 23:55:45.211,106392.08,0.013,1383.0970399999999
2025-10-17 23:55:45.212,106392.08,0.22904,24368.0420032
2025-10-17 23:55:45.213,106392.08,0.0872,9277.389376000001
2025-10-17 23:55:45.351,106392.09,0.00082,87.24151379999999
2025-10-17 23:55:45.352,106392.09,0.00082,87.24151379999999
2025-10-17 23:55:45.762,106392.08,0.0001,10.639208
2025-10-17 23:55:45.781,106392.08,0.01069,1137.3313352
2025-10-17 23:55:46.219,106392.08,0.00028,29.789782399999996
2025-10-17 23:55:48.865,106392.09,0.1872,19916.599248
2025-10-17 23:55:48.885,106392.58,0.83502,88839.9321516
2025-10-17 23:55:48.886,106392.58,0.87574,93172.2380092
2025-10-17 23:55:48.887,106394.32,0.00025,26.598580000000002
2025-10-17 23:55:48.888,106394.33,0.1916,20385.153628
2025-10-17 23:55:48.889,106394.33,0.02423,2577.9346159
2025-10-17 23:55:48.890,106394.33,0.0058,617.0871139999999
2025-10-17 23:55:48.919,106394.33,0.09296,9890.4169168
2025-10-17 23:55:48.949,106394.33,0.02722,2896.0536626000003
2025-10-17 23:55:49.687,106394.33,0.00069,73.4120877
2025-10-17 23:55:49.882,106394.32,0.00093,98.94671760000001
2025-10-17 23:55:50.011,106394.32,5e-05,5.3197160000000006
2025-10-17 23:55:50.041,106394.33,5e-05,5.3197165
2025-10-17 23:55:50.287,106394.33,0.0006,63.836597999999995
2025-10-17 23:55:50.594,106394.32,0.07202,7662.518926400001
2025-10-17 23:55:51.381,106394.33,0.00017,18.087036100000002
2025-10-17 23:55:51.439,106394.33,0.00018,19.1509794
2025-10-17 23:55:51.584,106394.32,0.00011,11.703375200000002
2025-10-17 23:55:52.018,106394.33,0.0001,10.639433
2025-10-17 23:55:52.483,106394.32,0.0005,53.197160000000004
2025-10-17 23:55:52.588,106394.32,0.05441,5788.9149512
2025-10-17 23:55:52.767,106394.33,0.00027,28.7264691
2025-10-17 23:55:52.968,106394.32,0.00018,19.1509776
2025-10-17 23:55:53.585,106394.33,0.01879,1999.1494607000002
2025-10-17 23:55:53.771,106394.32,0.00027,28.726466400000003
2025-10-17 23:55:54.282,106394.32,0.00053,56.3889896
2025-10-17 23:55:54.296,106394.32,0.00012,12.7673184
2025-10-17 23:55:54.784,106394.33,5e-05,5.3197165
2025-10-17 23:55:54.790,106394.33,0.00021,22.342809300000003
2025-10-17 23:55:55.192,106394.33,0.00241,256.4103353
2025-10-17 23:55:55.595,106394.32,0.0724,7702.948768000001
2025-10-17 23:55:55.772,106394.32,0.00027,28.726466400000003
2025-10-17 23:55:55.820,106394.32,0.00047,50.0053304
2025-10-17 23:55:55.933,106394.33,0.00092,97.88278360000001
2025-10-17 23:55:56.390,106394.33,0.02433,2588.5740489
2025-10-17 23:55:56.441,106394.33,0.00196,208.5328868
2025-10-17 23:55:56.443,106394.33,0.00047,50.005335099999996
2025-10-17 23:55:56.582,106394.32,0.00047,50.0053304
2025-10-17 23:55:56.896,106394.32,0.00102,108.52220640000002
2025-10-17 23:55:57.542,106394.33,0.00032,34.0461856
2025-10-17 23:55:57.588,106394.32,9e-05,9.5754888
2025-10-17 23:55:57.615,106394.33,0.028,2979.04124
2025-10-17 23:55:57.982,106394.33,0.00019,20.214922700000002
2025-10-17 23:55:57.991,106394.32,0.00019,20.2149208
2025-10-17 23:55:58.151,106394.33,0.00017,18.087036100000002
2025-10-17 23:55:58.591,106394.33,0.00251,267.04976830000004
2025-10-17 23:55:59.263,106394.32,0.00418,444.7282576
2025-10-17 23:55:59.732,106394.33,0.00014,14.895206199999999
2025-10-17 23:56:00.026,106394.32,0.00017,18.087034400000004
2025-10-17 23:56:00.073,106394.33,0.00079,84.0515207
2025-10-17 23:56:00.291,106394.33,0.0006,63.836597999999995
2025-10-17 23:56:00.729,106394.32,0.00416,442.6003712
2025-10-17 23:56:01.153,106394.32,7e-05,7.4476024
2025-10-17 23:56:02.168,106394.32,8e-05,8.511545600000002
2025-10-17 23:56:02.321,106394.33,0.00056,59.580824799999995
2025-10-17 23:56:02.403,106394.33,0.028,2979.04124
2025-10-17 23:56:03.350,106394.32,0.00013,13.8312616
2025-10-17 23:56:04.112,106394.33,0.02888,3072.6682504
2025-10-17 23:56:04.113,106394.35,0.0001,10.639435
2025-10-17 23:56:04.114,106397.41,5e-05,5.3198705
2025-10-17 23:56:04.115,106398.27,5e-05,5.3199135
2025-10-17 23:56:04.125,106398.58,0.00506,538.3768148
2025-10-17 23:56:04.129,106398.58,0.00042,44.6874036
2025-10-17 23:56:04.141,106398.58,0.00133,141.5101114
2025-10-17 23:56:04.180,106405.96,0.00015,15.960894
2025-10-17 23:56:04.188,106408.85,0.00068,72.35801800000002
2025-10-17 23:56:04.190,106407.84,0.00687,731.0218608
2025-10-17 23:56:04.194,106407.84,0.01552,1651.4496768000001
2025-10-17 23:56:04.519,106407.84,0.00125,133.00979999999998
2025-10-17 23:56:04.919,106411.56,0.07639,8128.7790684
2025-10-17 23:56:04.921,106414.75,6e-05,6.384885000000001
2025-10-17 23:56:05.074,106415.63,0.0047,500.15346100000005
2025-10-17 23:56:05.077,106415.63,0.01504,1600.4910752
2025-10-17 23:56:05.081,106415.63,0.00798,849.1967274
2025-10-17 23:56:05.082,106415.63,0.01504,1600.4910752
2025-10-17 23:56:05.103,106415.63,0.00236,251.14088680000003
2025-10-17 23:56:05.200,106415.63,0.01504,1600.4910752
2025-10-17 23:56:05.324,106415.63,0.01504,1600.4910752
2025-10-17 23:56:05.950,106415.62,0.00018,19.1548116
2025-10-17 23:56:07.485,106415.63,0.00012,12.7698756
2025-10-17 23:56:08.090,106415.63,0.00018,19.154813400000002
2025-10-17 23:56:08.857,106415.63,0.00047,50.0153461
2025-10-17 23:56:09.135,106415.62,8e-05,8.5132496
2025-10-17 23:56:09.280,106415.63,0.00017,18.0906571
2025-10-17 23:56:10.334,106415.63,0.0001,10.641563000000001
2025-10-17 23:56:10.389,106415.62,0.00109,115.9930258
2025-10-17 23:56:10.588,106415.62,0.07481,7960.9525322
2025-10-17 23:56:10.893,106415.62,5e-05,5.320781
2025-10-17 23:56:10.910,106415.62,0.00014,14.898186799999998
2025-10-17 23:56:12.231,106415.63,0.00015,15.962344499999999
2025-10-17 23:56:12.861,106415.63,0.01,1064.1563
2025-10-17 23:56:12.983,106415.63,0.01471,1565.3739173000001
2025-10-17 23:56:13.671,106415.63,0.018,1915.48134
2025-10-17 23:56:14.201,106415.62,0.008,851.32496
2025-10-17 23:56:14.309,106415.62,0.00158,168.1366796
2025-10-17 23:56:15.441,106415.63,0.00012,12.7698756
2025-10-17 23:56:15.595,106415.62,0.06821,7258.609440200001
2025-10-17 23:56:15.632,106415.62,0.00045,47.887029
2025-10-17 23:56:15.634,106415.63,0.00093,98.96653590000001
2025-10-17 23:56:16.369,106415.63,7e-05,7.4490941
2025-10-17 23:56:16.632,106415.63,0.0001,10.641563000000001
2025-10-17 23:56:16.639,106415.63,0.00038,40.437939400000005
2025-10-17 23:56:16.797,106415.62,0.00012,12.769874399999999
2025-10-17 23:56:16.810,106415.63,0.00024,25.5397512
2025-10-17 23:56:16.817,106415.63,0.00012,12.7698756
2025-10-17 23:56:16.832,106415.63,7e-05,7.4490941
2025-10-17 23:56:17.025,106415.63,0.00094,100.0306922
2025-10-17 23:56:17.225,106415.63,0.00024,25.5397512
2025-10-17 23:56:17.317,106415.62,0.02267,2412.4421054
2025-10-17 23:56:17.343,106415.63,7e-05,7.4490941
2025-10-17 23:56:17.476,106415.63,0.00011,11.7057193
2025-10-17 23:56:17.586,106415.63,0.00047,50.0153461
2025-10-17 23:56:17.632,106415.63,0.0001,10.641563000000001
2025-10-17 23:56:17.725,106415.63,0.00094,100.0306922
2025-10-17 23:56:17.948,106415.63,0.00047,50.0153461
2025-10-17 23:56:18.037,106415.63,0.00047,50.0153461
2025-10-17 23:56:18.118,106415.63,7e-05,7.4490941
2025-10-17 23:56:18.226,106415.63,0.00019,20.218969700000002
2025-10-17 23:56:18.310,106415.63,0.0001,10.641563000000001
2025-10-17 23:56:18.343,106415.63,0.00047,50.0153461
2025-10-17 23:56:18.517,106415.63,0.00047,50.0153461
2025-10-17 23:56:18.542,106415.63,0.00055,58.528596500000006
2025-10-17 23:56:18.669,106415.63,0.00019,20.218969700000002
2025-10-17 23:56:18.848,106415.63,0.00011,11.7057193
2025-10-17 23:56:19.264,106415.63,0.00102,108.54394260000001
2025-10-17 23:56:19.281,106415.63,0.00037,39.373783100000004
2025-10-17 23:56:19.322,106415.62,0.00017,18.0906554
2025-10-17 23:56:19.526,106415.62,1.0,106415.62
2025-10-17 23:56:19.607,106415.63,0.00125,133.0195375
2025-10-17 23:56:19.698,106415.62,0.00148,157.4951176
2025-10-17 23:56:20.181,106415.63,0.0001,10.641563000000001
2025-10-17 23:56:20.736,106415.63,0.00012,12.7698756
2025-10-17 23:56:20.891,106415.63,0.018,1915.48134
2025-10-17 23:56:21.954,106415.62,0.00012,12.769874399999999
2025-10-17 23:56:23.121,106415.62,9e-05,9.5774058
2025-10-17 23:56:23.140,106415.63,0.028,2979.6376400000004
2025-10-17 23:56:24.150,106415.62,0.00016,17.0264992
2025-10-17 23:56:24.483,106415.63,0.00375,399.0586125
2025-10-17 23:56:25.585,106415.62,0.05391,5736.866074199999
2025-10-17 23:56:26.200,106415.62,0.00469,499.0892577999999
2025-10-17 23:56:26.240,106415.62,0.00151,160.6875862
2025-10-17 23:56:27.025,106415.62,0.00016,17.0264992
2025-10-17 23:56:27.746,106415.62,0.00145,154.30264899999997
2025-10-17 23:56:29.447,106415.63,0.00174,185.16319620000002
2025-10-17 23:56:29.628,106415.63,5e-05,5.320781500000001
2025-10-17 23:56:29.679,106415.62,0.00211,224.5369582
2025-10-17 23:56:32.703,106415.63,0.00011,11.7057193
2025-10-17 23:56:33.395,106415.62,0.00077,81.94002739999999
2025-10-17 23:56:33.412,106415.62,0.00384,408.63598079999997
2025-10-17 23:56:33.507,106415.62,0.00028,29.796373599999995
2025-10-17 23:56:33.899,106415.62,0.0011,117.057182
2025-10-17 23:56:33.918,106415.62,0.00925,984.344485
2025-10-17 23:56:33.927,106415.63,0.00047,50.0153461
2025-10-17 23:56:34.248,106415.62,0.00276,293.7071112
2025-10-17 23:56:34.344,106415.62,0.0001,10.641562
2025-10-17 23:56:34.662,106415.63,0.00017,18.0906571
2025-10-17 23:56:35.582,106415.62,0.06084,6474.3263208
2025-10-17 23:56:36.057,106415.62,0.00502,534.2064124
2025-10-17 23:56:37.200,106415.62,0.00022,23.4114364
2025-10-17 23:56:37.288,106415.63,0.00015,15.962344499999999
2025-10-17 23:56:37.424,106415.62,9e-05,9.5774058
2025-10-17 23:56:37.720,106415.62,0.00033,35.1171546
2025-10-17 23:56:38.175,106415.63,0.00175,186.22735250000002
2025-10-17 23:56:38.195,106415.62,0.00806,857.7098971999999
2025-10-17 23:56:38.658,106415.63,0.00187,198.9972281
2025-10-17 23:56:38.965,106415.62,0.00047,50.0153414
2025-10-17 23:56:39.222,106415.62,0.00496,527.8214752
2025-10-17 23:56:40.593,106415.62,0.07132,7589.562018399999
2025-10-17 23:56:40.610,106415.62,0.00034,36.1813108
2025-10-17 23:56:41.061,106415.63,0.00225,239.4351675
2025-10-17 23:56:41.318,106415.63,0.00081,86.1966603
2025-10-17 23:56:41.583,106415.62,9e-05,9.5774058
2025-10-17 23:56:42.718,106415.63,5e-05,5.320781500000001
2025-10-17 23:56:42.961,106415.63,0.00187,198.9972281
2025-10-17 23:56:43.432,106415.62,0.00023,24.4755926
2025-10-17 23:56:44.045,106415.62,0.01389,1478.1129618
2025-10-17 23:56:44.221,106415.62,0.01032,1098.2091983999999
2025-10-17 23:56:44.509,106415.63,0.00032,34.0530016
2025-10-17 23:56:45.591,106415.62,0.07766,8264.237049200001
2025-10-17 23:56:45.682,106415.63,0.00018,19.154813400000002
2025-10-17 23:56:46.869,106415.63,0.00094,100.0306922
2025-10-17 23:56:47.032,106415.62,0.00118,125.5704316
2025-10-17 23:56:47.228,106415.62,0.65901,70128.9577362
2025-10-17 23:56:47.291,106415.63,9e-05,9.577406700000001
2025-10-17 23:56:48.454,106415.62,9e-05,9.5774058
2025-10-17 23:56:48.962,106415.62,0.00029,30.8605298
2025-10-17 23:56:49.149,106415.63,0.0005,53.207815000000004
2025-10-17 23:56:49.584,106415.63,0.0072,766.192536
2025-10-17 23:56:50.162,106415.62,8e-05,8.5132496
2025-10-17 23:56:51.455,106415.63,0.00728,774.7057864000001
2025-10-17 23:56:51.520,106415.62,0.03588,3818.1924456
2025-10-17 23:56:51.890,106415.62,0.00118,125.5704316
2025-10-17 23:56:51.926,106415.62,0.00024,25.539748799999998
2025-10-17 23:56:51.966,106415.62,0.00065,69.170153
2025-10-17 23:56:52.190,106415.63,0.00346,368.1980798
2025-10-17 23:56:52.191,106415.62,8e-05,8.5132496
2025-10-17 23:56:52.583,106415.62,0.01067,1135.4546654
2025-10-17 23:56:52.627,106415.62,0.73154,77847.28265479999
2025-10-17 23:56:52.637,106415.62,0.01205,1282.308221
2025-10-17 23:56:52.893,106415.62,0.05402,5748.5717924
2025-10-17 23:56:53.412,106415.63,8e-05,8.5132504
2025-10-17 23:56:53.906,106415.63,0.00064,68.1060032
2025-10-17 23:56:54.065,106415.62,5e-05,5.320781
2025-10-17 23:56:54.370,106415.63,0.0002,21.283126000000003
2025-10-17 23:56:54.637,106415.63,0.00023,24.4755949
2025-10-17 23:56:54.690,106415.62,0.00107,113.8647134
2025-10-17 23:56:54.898,106415.63,0.00058,61.7210654
2025-10-17 23:56:54.919,106415.62,0.007,744.9093399999999
2025-10-17 23:56:55.589,106415.62,0.06902,7344.806092399999
2025-10-17 23:56:56.548,106415.62,0.00307,326.69595339999995
2025-10-17 23:56:56.932,106415.63,0.00173,184.0990399
2025-10-17 23:56:57.591,106415.63,9e-05,9.577406700000001
2025-10-17 23:56:58.724,106415.62,0.0002,21.283124
2025-10-17 23:56:59.229,106415.62,0.00073,77.6834026
2025-10-17 23:56:59.690,106415.62,0.0001,10.641562
2025-10-17 23:57:00.269,106415.62,0.00011,11.7057182
2025-10-17 23:57:00.278,106415.63,0.028,2979.6376400000004
2025-10-17 23:57:00.280,106415.63,0.00332,353.2998916
2025-10-17 23:57:00.530,106415.63,0.00158,168.1366954
2025-10-17 23:57:00.899,106415.62,0.0001,10.641562
2025-10-17 23:57:01.770,106415.63,0.00025,26.603907500000002
2025-10-17 23:57:02.223,106415.63,0.00163,173.4574769
2025-10-17 23:57:02.431,106415.63,0.00061,64.9135343
2025-10-17 23:57:03.570,106415.63,0.00376,400.1227688
2025-10-17 23:57:03.593,106415.63,0.028,2979.6376400000004
2025-10-17 23:57:03.637,106415.63,0.10908,11607.8169204
2025-10-17 23:57:03.638,106415.63,0.13285,14137.3164455
2025-10-17 23:57:03.639,106415.81,0.0001,10.641581
2025-10-17 23:57:03.641,106417.15,0.00308,327.764822
2025-10-17 23:57:03.642,106420.58,0.00023,24.4767334
2025-10-17 23:57:03.644,106422.98,1e-05,1.0642298000000001
2025-10-17 23:57:03.651,106422.98,0.0003,31.926893999999997
2025-10-17 23:57:03.653,106423.78,9e-05,9.5781402
2025-10-17 23:57:03.654,106423.8,0.0015,159.6357
2025-10-17 23:57:03.663,106423.79,0.0001,10.642379
2025-10-17 23:57:03.668,106423.8,0.0001,10.642380000000001
2025-10-17 23:57:03.671,106423.8,0.0003,31.927139999999998
2025-10-17 23:57:03.672,106423.8,5e-05,5.3211900000000005
2025-10-17 23:57:03.678,106423.8,0.00075,79.81785
2025-10-17 23:57:03.682,106423.8,0.00108,114.93770400000001
2025-10-17 23:57:03.684,106423.81,0.00105,111.74500049999999
2025-10-17 23:57:03.716,106426.21,0.1302,13856.692542000003
2025-10-17 23:57:03.750,106426.21,0.00108,114.9403068
2025-10-17 23:57:04.034,106426.2,0.00047,50.020314
2025-10-17 23:57:04.272,106426.2,0.0182,1936.95684
2025-10-17 23:57:04.663,106426.21,0.00053,56.4058913
2025-10-17 23:57:04.715,106426.21,0.00303,322.47141630000004
2025-10-17 23:57:04.815,106426.22,0.00144,153.25375680000002
2025-10-17 23:57:04.892,106426.26,0.0345,3671.70597
2025-10-17 23:57:04.999,106426.27,5e-05,5.3213135000000005
2025-10-17 23:57:05.139,106431.6,0.0001,10.643160000000002
2025-10-17 23:57:05.153,106435.96,0.028,2980.20688
2025-10-17 23:57:05.281,106435.96,0.0609,6481.949964
2025-10-17 23:57:05.587,106435.95,0.06835,7274.897182499999
2025-10-17 23:57:06.414,106435.95,0.00059,62.7972105
2025-10-17 23:57:06.454,106435.96,0.00012,12.772315200000001
2025-10-17 23:57:07.024,106435.95,0.00011,11.7079545
2025-10-17 23:57:07.312,106435.95,0.00012,12.772314
2025-10-17 23:57:07.400,106435.96,0.01262,1343.2218152
2025-10-17 23:57:07.561,106435.95,0.01225,1303.8403875
2025-10-17 23:57:08.070,106435.95,0.00141,150.0746895
2025-10-17 23:57:08.401,106435.96,0.002,212.87192000000002
2025-10-17 23:57:08.448,106435.96,0.026,2767.33496
2025-10-17 23:57:08.464,106435.96,0.028,2980.20688
2025-10-17 23:57:08.575,106435.96,7e-05,7.4505172
2025-10-17 23:57:09.796,106435.95,0.00108,114.95082599999999
2025-10-17 23:57:10.043,106435.96,0.00012,12.772315200000001
2025-10-17 23:57:10.101,106435.96,0.01471,1565.6729716000002
2025-10-17 23:57:10.261,106435.96,0.028,2980.20688
2025-10-17 23:57:10.318,106435.96,0.028,2980.20688
2025-10-17 23:57:10.593,106435.95,0.07669,8162.573005499999
2025-10-17 23:57:10.909,106435.95,0.0017,180.941115
2025-10-17 23:57:10.929,106435.96,0.028,2980.20688
2025-10-17 23:57:10.949,106435.96,0.028,2980.20688
2025-10-17 23:57:11.021,106435.95,0.00012,12.772314
2025-10-17 23:57:11.421,106435.95,0.00064,68.11900800000001
2025-10-17 23:57:11.672,106435.96,0.028,2980.20688
2025-10-17 23:57:11.721,106435.96,0.002,212.87192000000002
2025-10-17 23:57:11.803,106435.96,0.008,851.4876800000001
2025-10-17 23:57:11.818,106435.96,0.026,2767.33496
2025-10-17 23:57:11.993,106435.96,0.001,106.43596000000001
2025-10-17 23:57:11.999,106435.96,0.002,212.87192000000002
2025-10-17 23:57:12.329,106435.96,0.00099,105.3716004
2025-10-17 23:57:12.412,106435.96,0.0001,10.643596
2025-10-17 23:57:12.819,106435.96,0.002,212.87192000000002
2025-10-17 23:57:12.820,106435.96,0.001,106.43596000000001
2025-10-17 23:57:13.121,106435.96,0.014,1490.10344
2025-10-17 23:57:13.314,106435.96,0.00047,50.0249012
2025-10-17 23:57:13.940,106435.96,0.01,1064.3596
2025-10-17 23:57:13.957,106435.96,0.00011,11.707955600000002
2025-10-17 23:57:14.021,106435.96,0.002,212.87192000000002
2025-10-17 23:57:14.166,106435.96,0.004,425.74384000000003
2025-10-17 23:57:14.765,106435.96,0.00081,86.2131276
2025-10-17 23:57:14.804,106435.95,0.00449,477.8974155
2025-10-17 23:57:14.923,106435.95,0.01721,1831.7626994999998
2025-10-17 23:57:15.308,106435.96,0.009,957.92364
2025-10-17 23:57:15.327,106435.96,0.012,1277.23152
2025-10-17 23:57:15.483,106435.95,0.00184,195.842148
2025-10-17 23:57:15.770,106435.95,0.00226,240.545247
2025-10-17 23:57:15.856,106435.96,0.00011,11.707955600000002
2025-10-17 23:57:15.937,106435.96,0.01,1064.3596
2025-10-17 23:57:15.944,106435.95,9e-05,9.579235500000001
2025-10-17 23:57:17.206,106435.96,0.025,2660.8990000000003
2025-10-17 23:57:17.222,106435.96,0.009,957.92364
2025-10-17 23:57:17.291,106435.95,0.00264,280.990908
2025-10-17 23:57:17.295,106435.96,0.00091,96.85672360000001
2025-10-17 23:57:17.349,106435.95,0.01836,1954.164042
2025-10-17 23:57:17.885,106435.96,0.00158,168.1688168
2025-10-17 23:57:18.290,106434.36,0.00015,15.965153999999998
2025-10-17 23:57:18.292,106434.34,0.0001,10.643434000000001
2025-10-17 23:57:18.293,106433.65,0.0002,21.28673
2025-10-17 23:57:18.300,106433.65,0.001,106.43365
2025-10-17 23:57:18.315,106433.11,0.0013,138.363043
2025-10-17 23:57:18.373,106431.69,0.00095,101.1101055
2025-10-17 23:57:18.376,106429.57,0.00187,199.0232959
2025-10-17 23:57:18.383,106429.57,0.00024,25.5430968
2025-10-17 23:57:18.390,106429.57,0.00463,492.7689091
2025-10-17 23:57:18.392,106427.75,0.00011,11.7070525
2025-10-17 23:57:18.402,106419.73,5e-05,5.3209865
2025-10-17 23:57:18.523,106419.06,9e-05,9.5777154
2025-10-17 23:57:18.783,106419.06,7e-05,7.449334199999999
2025-10-17 23:57:19.262,106419.07,0.00281,299.0375867
2025-10-17 23:57:19.591,106419.06,0.00051,54.273720600000004
2025-10-17 23:57:20.287,106419.07,0.00255,271.36862850000006
2025-10-17 23:57:20.358,106419.06,0.01632,1736.7590592000001
2025-10-17 23:57:20.582,106419.06,0.06171,6567.1201926
2025-10-17 23:57:21.388,106419.07,0.00779,829.0045553000001
2025-10-17 23:57:21.582,106419.06,9e-05,9.5777154
2025-10-17 23:57:21.800,106419.06,0.00379,403.3282374
2025-10-17 23:57:22.024,106419.06,0.00014,14.898668399999998
2025-10-17 23:57:22.126,106419.07,0.00177,188.36175390000002
2025-10-17 23:57:22.718,106419.06,0.00093,98.9697258
2025-10-17 23:57:22.778,106419.06,0.00133,141.5373498
2025-10-17 23:57:24.217,106419.07,0.00051,54.27372570000001
2025-10-17 23:57:25.312,106419.06,0.00472,502.2979632
2025-10-17 23:57:25.506,106419.06,0.0268,2852.030808
2025-10-17 23:57:26.107,106419.07,0.00029,30.861530300000002
2025-10-17 23:57:26.110,106419.07,0.00018,19.1554326
2025-10-17 23:57:26.395,106419.06,0.00238,253.27736280000002
2025-10-17 23:57:27.006,106419.07,0.00053,56.4021071
2025-10-17 23:57:27.282,106419.06,0.02,2128.3812
2025-10-17 23:57:27.313,106419.07,0.00014,14.8986698
2025-10-17 23:57:27.612,106419.07,0.00393,418.2269451000001
2025-10-17 23:57:27.698,106419.06,0.0988,10514.203128
2025-10-17 23:57:27.710,106419.06,6e-05,6.3851436
2025-10-17 23:57:28.676,106419.07,0.00086,91.5204002
2025-10-17 23:57:29.933,106419.07,0.00047,50.0169629
2025-10-17 23:57:29.990,106419.06,0.00093,98.9697258
2025-10-17 23:57:30.134,106419.06,0.00188,200.0678328
2025-10-17 23:57:30.342,106419.06,0.1849,19676.884194000002
2025-10-17 23:57:30.391,106419.06,0.00374,398.00728439999995
2025-10-17 23:57:30.394,106419.06,0.05708,6074.3999447999995
2025-10-17 23:57:30.395,106418.9,0.00802,853.4795779999998
2025-10-17 23:57:30.517,106418.9,0.01253,1333.428817
2025-10-17 23:57:30.518,106415.63,0.00015,15.962344499999999
2025-10-17 23:57:31.014,106415.63,0.00018,19.154813400000002
2025-10-17 23:57:31.081,106415.63,0.00039,41.5020957
2025-10-17 23:57:31.563,106415.62,0.00046,48.9511852
2025-10-17 23:57:32.281,106415.63,0.00015,15.962344499999999
2025-10-17 23:57:33.364,106415.62,7e-05,7.449093399999999
2025-10-17 23:57:33.434,106415.63,0.0001,10.641563000000001
2025-10-17 23:57:33.468,106415.63,0.00061,64.9135343
2025-10-17 23:57:33.475,106415.63,0.00033,35.1171579
2025-10-17 23:57:33.519,106415.63,0.01009,1073.7337067
2025-10-17 23:57:33.927,106415.63,0.0007,74.490941
2025-10-17 23:57:34.051,106415.62,0.00473,503.3458826
2025-10-17 23:57:34.583,106415.62,0.00038,40.4379356
2025-10-17 23:57:34.861,106415.62,0.003,319.24685999999997
2025-10-17 23:57:35.497,106415.62,0.0369,3926.736378
2025-10-17 23:57:35.580,106415.62,0.06328,6733.9804336
2025-10-17 23:57:35.718,106415.62,0.00036,38.3096232
2025-10-17 23:57:37.520,106415.62,0.00092,97.9023704
2025-10-17 23:57:37.652,106415.63,0.00047,50.0153461
2025-10-17 23:57:37.703,106415.63,0.001,106.41563000000001
2025-10-17 23:57:38.203,106415.62,0.1,10641.562
2025-10-17 23:57:38.262,106415.62,0.0012,127.69874399999998
2025-10-17 23:57:38.883,106415.63,0.00015,15.962344499999999
2025-10-17 23:57:39.130,106415.63,0.00037,39.373783100000004
2025-10-17 23:57:39.205,106415.62,0.1725,18356.69445
2025-10-17 23:57:39.592,106415.62,0.00545,579.9651289999999
2025-10-17 23:57:40.113,106415.63,0.00245,260.7182935
2025-10-17 23:57:40.595,106415.62,0.0724,7704.490888
2025-10-17 23:57:42.326,106415.62,0.01508,1604.7475496
2025-10-17 23:57:42.451,106415.63,0.03521,3746.8943323
2025-10-17 23:57:42.765,106415.63,0.00029,30.8605327
2025-10-17 23:57:43.423,106415.62,0.00047,50.0153414
2025-10-17 23:57:44.282,106415.62,0.00079,84.0683398
2025-10-17 23:57:44.668,106415.62,0.01859,1978.2663757999999
2025-10-17 23:57:44.678,106415.62,0.013,1383.4030599999999
2025-10-17 23:57:44.684,106415.62,0.00063,67.0418406
2025-10-17 23:57:44.817,106415.61,0.013,1383.40293
2025-10-17 23:57:45.393,106415.62,0.00015,15.962342999999997
2025-10-17 23:57:45.590,106415.61,0.00015,15.962341499999999
2025-10-17 23:57:45.592,106415.61,0.08109,8629.2418149
2025-10-17 23:57:45.800,106415.61,0.013,1383.40293
2025-10-17 23:57:46.973,106415.61,0.01,1064.1561
2025-10-17 23:57:46.974,106415.61,0.01,1064.1561
2025-10-17 23:57:48.130,106415.61,0.02584,2749.7793623999996
2025-10-17 23:57:48.722,106415.62,0.1,10641.562
2025-10-17 23:57:49.224,106415.61,0.004,425.66244
2025-10-17 23:57:49.475,106415.61,0.00176,187.29147360000002
2025-10-17 23:57:50.371,106415.61,9e-05,9.577404900000001
2025-10-17 23:57:50.473,106415.61,9e-05,9.577404900000001
2025-10-17 23:57:51.137,106415.61,0.00018,19.154809800000002
2025-10-17 23:57:51.584,106415.61,0.0001,10.641561000000001
2025-10-17 23:57:51.698,106415.61,0.007,744.90927
2025-10-17 23:57:51.702,106415.61,0.007,744.90927
2025-10-17 23:57:52.415,106415.62,0.00093,98.9665266
2025-10-17 23:57:54.200,106415.61,0.0937,9971.142657
2025-10-17 23:57:54.724,106415.61,0.00042,44.6945562
2025-10-17 23:57:55.587,106415.61,0.04168,4435.4026248
2025-10-17 23:57:56.169,106415.6,0.04721,5023.880476
2025-10-17 23:57:56.179,106415.6,0.00188,200.061328
2025-10-17 23:57:56.181,106415.6,0.05474,5825.189944
2025-10-17 23:57:56.183,106415.6,0.00024,25.539744000000002
2025-10-17 23:57:56.187,106415.6,0.05638,5999.711528000001
2025-10-17 23:57:56.680,106415.6,0.05,5320.780000000001
2025-10-17 23:57:56.682,106415.6,0.05428,5776.238768
2025-10-17 23:57:56.683,106415.6,0.05394,5740.057464
2025-10-17 23:57:56.686,106415.6,0.0599,6374.294440000001
2025-10-17 23:57:56.689,106415.6,0.05502,5854.986312
2025-10-17 23:57:56.720,106415.61,0.00073,77.6833953
2025-10-17 23:57:56.869,106415.6,0.00728,774.7055680000001
2025-10-17 23:57:56.874,106415.6,0.001,106.41560000000001
2025-10-17 23:57:57.270,106415.6,0.04944,5261.187264
2025-10-17 23:57:57.275,106414.99,0.0001,10.641499000000001
2025-10-17 23:57:57.277,106414.75,6e-05,6.384885000000001
2025-10-17 23:57:57.278,106411.35,0.00386,410.747811
2025-10-17 23:57:57.290,106405.98,0.00015,15.960896999999997
2025-10-17 23:57:57.304,106405.67,0.00266,283.0390822
2025-10-17 23:57:57.317,106405.61,0.00186,197.91443460000002
2025-10-17 23:57:57.335,106405.6,0.00249,264.949944
2025-10-17 23:57:58.912,106404.98,0.04698,4998.9059603999995
2025-10-17 23:57:58.919,106404.91,0.00285,303.25399350000004
2025-10-17 23:57:58.921,106404.91,0.00105,111.7251555
2025-10-17 23:57:58.937,106404.9,0.00248,263.884152
2025-10-17 23:57:58.950,106403.07,0.00034,36.17704380000001
2025-10-17 23:57:59.010,106403.07,0.00047,50.0094429
2025-10-17 23:57:59.227,106403.06,0.00936,995.9326416
2025-10-17 23:57:59.723,106403.06,0.00416,442.63672959999997
2025-10-17 23:57:59.783,106403.06,0.00012,12.7683672
2025-10-17 23:58:00.010,106403.06,0.00028,29.792856799999996
2025-10-17 23:58:00.043,106403.06,0.00047,50.0094382
2025-10-17 23:58:00.287,106398.28,5e-05,5.319914
2025-10-17 23:58:00.297,106392.42,0.00859,913.9108878000001
2025-10-17 23:58:00.603,106392.42,0.005,531.9621
2025-10-17 23:58:00.605,106392.42,0.005,531.9621
2025-10-17 23:58:00.692,106392.43,0.00015,15.958864499999997
2025-10-17 23:58:01.632,106392.42,0.00037,39.3651954
2025-10-17 23:58:01.811,106392.42,0.0091,968.171022
2025-10-17 23:58:02.407,106392.42,0.00956,1017.1115352
2025-10-17 23:58:02.712,106392.43,0.028,2978.9880399999997
2025-10-17 23:58:02.724,106392.43,0.02088,2221.4739384
2025-10-17 23:58:02.916,106394.43,5e-05,5.3197215
2025-10-17 23:58:02.919,106396.22,0.00044,46.8143368
2025-10-17 23:58:02.934,106398.71,0.00055,58.519290500000004
2025-10-17 23:58:03.645,106398.81,0.00058,61.7113098
2025-10-17 23:58:04.491,106398.8,0.00039,41.495532
2025-10-17 23:58:05.595,106398.8,0.07978,8488.496264000001
2025-10-17 23:58:06.219,106398.8,0.00016,17.023808000000002
2025-10-17 23:58:06.855,106398.8,0.01868,1987.5295839999999
2025-10-17 23:58:07.024,106398.8,0.00194,206.41367200000002
2025-10-17 23:58:07.615,106398.81,0.00047,50.0074407
2025-10-17 23:58:07.759,106398.8,0.00047,50.007436
2025-10-17 23:58:07.774,106398.8,0.00149,158.534212
2025-10-17 23:58:07.989,106398.81,0.00047,50.0074407
2025-10-17 23:58:08.047,106398.8,0.00015,15.959819999999999
2025-10-17 23:58:08.595,106398.81,0.00029,30.8556549
2025-10-17 23:58:08.755,106398.81,0.00939,999.0848259
2025-10-17 23:58:08.894,106402.94,0.00746,793.7659324
2025-10-17 23:58:08.947,106402.94,9e-05,9.5762646
2025-10-17 23:58:09.044,106402.94,0.00246,261.7512324
2025-10-17 23:58:09.059,106403.63,5e-05,5.3201815
2025-10-17 23:58:09.174,106405.19,0.0002,21.281038000000002
2025-10-17 23:58:10.534,106405.19,9e-05,9.5764671
2025-10-17 23:58:10.695,106405.19,0.00044,46.8182836
2025-10-17 23:58:14.704,106405.19,0.00135,143.6470065
2025-10-17 23:58:15.432,106405.18,0.0005,53.20259
2025-10-17 23:58:15.433,106405.19,0.00034,36.1777646
2025-10-17 23:58:15.585,106405.18,0.07519,8000.6054842
2025-10-17 23:58:15.918,106405.18,0.00394,419.23640919999997
2025-10-17 23:58:16.438,106405.19,0.00015,15.960778499999998
2025-10-17 23:58:16.441,106405.19,6e-05,6.3843114000000005
2025-10-17 23:58:16.473,106405.19,9e-05,9.5764671
2025-10-17 23:58:16.510,106405.19,7e-05,7.4483633
2025-10-17 23:58:16.511,106405.19,0.0001,10.640519000000001
2025-10-17 23:58:16.514,106405.19,0.0001,10.640519000000001
2025-10-17 23:58:16.638,106405.19,0.00033,35.1137127
2025-10-17 23:58:16.959,106405.18,9e-05,9.5764662
2025-10-17 23:58:17.037,106405.19,7e-05,7.4483633
2025-10-17 23:58:17.192,106405.19,0.0001,10.640519000000001
2025-10-17 23:58:17.281,106405.19,0.00029,30.8575051
2025-10-17 23:58:17.362,106405.19,0.00019,20.216986100000003
2025-10-17 23:58:17.783,106405.19,0.0001,10.640519000000001
2025-10-17 23:58:18.176,106405.19,0.0001,10.640519000000001
2025-10-17 23:58:18.232,106405.19,0.00047,50.0104393
2025-10-17 23:58:18.412,106405.19,0.00014,14.8967266
2025-10-17 23:58:18.532,106405.19,0.00015,15.960778499999998
2025-10-17 23:58:18.575,106405.19,6e-05,6.3843114000000005
2025-10-17 23:58:18.586,106405.19,0.0001,10.640519000000001
2025-10-17 23:58:19.086,106405.19,0.00045,47.882335499999996
2025-10-17 23:58:19.291,106405.19,0.00016,17.024830400000003
2025-10-17 23:58:19.770,106405.19,0.00073,77.6757887
2025-10-17 23:58:19.895,106405.19,0.0003,31.921556999999996
2025-10-17 23:58:20.266,106405.19,0.00018,19.1529342
2025-10-17 23:58:21.332,106405.18,0.00028,29.793450399999994
2025-10-17 23:58:21.572,106405.19,0.00053,56.394750699999996
2025-10-17 23:58:21.613,106405.19,0.00084,89.3803596
2025-10-17 23:58:21.690,106405.19,0.00025,26.6012975
2025-10-17 23:58:22.617,106405.19,0.00218,231.9633142
2025-10-17 23:58:24.385,106405.18,0.00457,486.2716726
2025-10-17 23:58:24.437,106405.18,0.00251,267.0770018
2025-10-17 23:58:24.461,106405.19,0.028,2979.34532
2025-10-17 23:58:24.684,106405.19,6e-05,6.3843114000000005
2025-10-17 23:58:25.404,106405.19,0.00255,271.3332345
2025-10-17 23:58:25.587,106405.18,0.08154,8676.2783772
2025-10-17 23:58:26.679,106405.19,0.00057,60.6509583
2025-10-17 23:58:26.805,106405.19,0.00934,993.8244745999999
2025-10-17 23:58:27.367,106405.19,0.00262,278.7815978
2025-10-17 23:58:28.147,106405.18,0.00073,77.67578139999999
2025-10-17 23:58:28.198,106405.19,0.00024,25.537245600000002
2025-10-17 23:58:28.324,106405.19,0.00016,17.024830400000003
2025-10-17 23:58:28.862,106405.19,0.00531,565.0115589
2025-10-17 23:58:29.644,106405.18,0.04669,4968.0578542
2025-10-17 23:58:30.406,106405.19,0.00281,298.9985839
2025-10-17 23:58:30.584,106405.19,7e-05,7.4483633
2025-10-17 23:58:31.589,106405.18,8e-05,8.5124144
2025-10-17 23:58:32.562,106405.19,0.0015,159.607785
2025-10-17 23:58:33.038,106405.19,0.0047,500.104393
2025-10-17 23:58:33.355,106405.19,0.00082,87.2522558
2025-10-17 23:58:33.359,106405.19,0.00103,109.59734570000002
2025-10-17 23:58:33.617,106405.18,0.0003,31.921553999999997
2025-10-17 23:58:33.636,106405.18,0.48029,51105.343902199995
2025-10-17 23:58:34.337,106405.19,0.01588,1689.7144171999998
2025-10-17 23:58:34.388,106405.19,0.00047,50.0104393
2025-10-17 23:58:34.518,106405.18,0.00258,274.52536439999994
2025-10-17 23:58:34.693,106405.18,0.00586,623.5343548
2025-10-17 23:58:35.292,106405.19,0.00011,11.7045709
2025-10-17 23:58:35.581,106405.18,0.07416,7891.0081488
2025-10-17 23:58:36.783,106405.18,0.00066,70.2274188
2025-10-17 23:58:37.611,106405.19,0.017,1808.8882300000002
2025-10-17 23:58:37.673,106405.19,0.00472,502.23249680000004
2025-10-17 23:58:38.239,106405.19,0.004,425.62076
2025-10-17 23:58:38.481,106405.19,0.00013,13.832674699999998
2025-10-17 23:58:38.575,106405.18,0.0012,127.68621599999999
2025-10-17 23:58:38.657,106405.19,0.007,744.83633
2025-10-17 23:58:39.332,106405.19,0.00044,46.8182836
2025-10-17 23:58:40.599,106405.18,0.05051,5374.5256418
2025-10-17 23:58:40.773,106405.18,9e-05,9.5764662
2025-10-17 23:58:41.165,106405.19,0.01587,1688.6503653
2025-10-17 23:58:41.607,106405.19,0.028,2979.34532
2025-10-17 23:58:41.611,106405.19,0.028,2979.34532
2025-10-17 23:58:42.592,106405.19,0.00907,965.0950733
2025-10-17 23:58:43.125,106405.19,0.005,532.02595
2025-10-17 23:58:43.225,106405.18,0.00049,52.13853819999999
2025-10-17 23:58:43.394,106405.19,0.003,319.21557
2025-10-17 23:58:43.541,106405.19,0.001,106.40519
2025-10-17 23:58:43.710,106405.18,0.00014,14.896725199999997
2025-10-17 23:58:44.574,106405.18,0.03801,4044.4608918
2025-10-17 23:58:45.118,106405.19,0.00038,40.43397220000001
2025-10-17 23:58:45.255,106405.18,9e-05,9.5764662
2025-10-17 23:58:45.394,106405.19,0.00019,20.216986100000003
2025-10-17 23:58:45.547,106405.19,0.00885,941.6859315
2025-10-17 23:58:45.548,106405.24,0.11262,11983.3581288
2025-10-17 23:58:45.549,106405.24,0.02864,3047.4460736
2025-10-17 23:58:45.550,106405.24,0.0005,53.20262
2025-10-17 23:58:45.551,106405.24,0.0001,10.640524000000001
2025-10-17 23:58:45.552,106408.25,6e-05,6.384495
2025-10-17 23:58:45.554,106410.43,0.00877,933.2194711
2025-10-17 23:58:45.555,106413.6,5e-05,5.32068
2025-10-17 23:58:45.557,106413.91,0.02,2128.2782
2025-10-17 23:58:45.575,106413.91,0.05288,5627.1675608000005
2025-10-17 23:58:45.590,106414.75,6e-05,6.384885000000001
2025-10-17 23:58:45.593,106415.6,0.00127,135.14781200000002
2025-10-17 23:58:45.608,106415.61,0.019,2021.89659
2025-10-17 23:58:45.612,106415.83,0.00762,810.8886246000001
2025-10-17 23:58:45.677,106424.5,6e-05,6.38547
2025-10-17 23:58:45.782,106424.57,0.0028,297.98879600000004
2025-10-17 23:58:45.902,106424.58,0.01504,1600.6256832
2025-10-17 23:58:46.054,106424.58,0.00101,107.4888258
2025-10-17 23:58:46.123,106424.57,0.00879,935.4719703
2025-10-17 23:58:46.315,106424.58,0.028,2979.88824
2025-10-17 23:58:47.519,106424.58,0.00047,50.0195526
2025-10-17 23:58:47.572,106424.58,0.09396,9999.6535368
2025-10-17 23:58:47.601,106424.58,0.028,2979.88824
2025-10-17 23:58:48.532,106424.57,0.00022,23.413405400000002
2025-10-17 23:58:48.605,106424.58,0.00245,260.740221
2025-10-17 23:58:48.718,106424.59,0.00012,12.7709508
2025-10-17 23:58:49.192,106424.58,0.01095,1165.349151
2025-10-17 23:58:49.286,106427.75,6e-05,6.385665
2025-10-17 23:58:49.287,106429.88,0.0001,10.642988
2025-10-17 23:58:49.340,106430.96,0.002,212.86192000000003
2025-10-17 23:58:49.358,106430.96,0.03643,3877.2798728
2025-10-17 23:58:49.359,106430.97,0.00075,79.8232275
2025-10-17 23:58:49.363,106435.96,7e-05,7.4505172
2025-10-17 23:58:49.367,106435.96,0.018,1915.84728
2025-10-17 23:58:49.378,106435.96,0.0051,542.8233960000001
2025-10-17 23:58:49.380,106435.96,0.00617,656.7098732000001
2025-10-17 23:58:49.381,106435.96,0.00057,60.668497200000004
2025-10-17 23:58:49.382,106435.96,0.00994,1057.9734424
2025-10-17 23:58:49.384,106435.96,0.00255,271.41169800000006
2025-10-17 23:58:49.386,106435.96,0.01504,1600.7968384
2025-10-17 23:58:49.388,106435.96,0.01504,1600.7968384
2025-10-17 23:58:49.389,106435.96,6e-05,6.386157600000001
2025-10-17 23:58:49.488,106435.96,0.00569,605.6206124
2025-10-17 23:58:49.984,106435.96,0.00304,323.5653184
2025-10-17 23:58:49.985,106437.95,5e-05,5.3218975
2025-10-17 23:58:50.345,106438.89,0.09396,10000.9981044
2025-10-17 23:58:50.589,106438.88,0.06961,7409.210436800001
2025-10-17 23:58:51.477,106438.89,0.0007,74.507223
2025-10-17 23:58:51.480,106438.89,0.13668,14548.0674852
2025-10-17 23:58:51.482,106438.9,0.00055,58.541395
2025-10-17 23:58:51.531,106440.75,6e-05,6.386445
2025-10-17 23:58:51.534,106440.8,0.00014,14.901712
2025-10-17 23:58:51.536,106440.81,0.00085,90.4746885
2025-10-17 23:58:51.538,106443.31,5e-05,5.3221655000000005
2025-10-17 23:58:51.541,106446.0,0.00344,366.17424
2025-10-17 23:58:51.543,106447.98,0.0001,10.644798
2025-10-17 23:58:51.546,106450.0,0.00309,328.9305
2025-10-17 23:58:51.619,106449.99,0.00262,278.8989738
2025-10-17 23:58:51.814,106450.0,0.0004,42.580000000000005
2025-10-17 23:58:51.951,106450.0,0.00012,12.774000000000001
2025-10-17 23:58:52.084,106450.0,0.002,212.9
2025-10-17 23:58:52.583,106449.99,5e-05,5.3224995
2025-10-17 23:58:53.275,106450.0,0.00018,19.161
2025-10-17 23:58:53.335,106450.0,0.00367,390.67150000000004
2025-10-17 23:58:53.357,106450.0,0.00572,608.894
2025-10-17 23:58:54.284,106449.99,0.00015,15.9674985
2025-10-17 23:58:54.640,106450.0,0.028,2980.6
2025-10-17 23:58:54.648,106450.0,0.028,2980.6
2025-10-17 23:58:55.497,106450.0,9e-05,9.5805
2025-10-17 23:58:57.739,106450.0,0.00124,131.998
2025-10-17 23:58:58.618,106449.99,0.00138,146.9009862
2025-10-17 23:58:58.657,106449.99,0.00781,831.3744219
2025-10-17 23:58:59.349,106450.0,0.00102,108.57900000000001
2025-10-17 23:58:59.840,106450.0,0.00123,130.9335
2025-10-17 23:58:59.962,106449.99,0.00038,40.450996200000006
2025-10-17 23:59:00.601,106449.99,0.06471,6888.3788529
2025-10-17 23:59:00.834,106449.99,0.06045,6434.9018955
2025-10-17 23:59:00.946,106449.99,0.1,10644.999000000002
2025-10-17 23:59:00.957,106449.99,1.28,136255.9872
2025-10-17 23:59:01.127,106449.99,0.00393,418.34846070000003
2025-10-17 23:59:01.313,106449.99,0.01111,1182.6593889
2025-10-17 23:59:01.460,106449.99,0.00858,913.3409142000002
2025-10-17 23:59:01.858,106450.0,6e-05,6.3870000000000005
2025-10-17 23:59:02.203,106450.0,0.028,2980.6
2025-10-17 23:59:02.389,106449.99,0.02995,3188.1772005000003
2025-10-17 23:59:03.925,106450.0,0.00015,15.9675
2025-10-17 23:59:03.948,106449.99,0.00389,414.09046109999997
2025-10-17 23:59:04.168,106449.99,0.00031,32.999496900000004
2025-10-17 23:59:04.246,106449.99,0.38565,41052.4386435
2025-10-17 23:59:04.254,106449.75,5e-05,5.3224875
2025-10-17 23:59:04.288,106448.23,0.0014,149.027522
2025-10-17 23:59:04.315,106447.61,5e-05,5.3223805
2025-10-17 23:59:04.415,106447.16,0.00195,207.57196199999998
2025-10-17 23:59:04.416,106447.15,0.0016,170.31544
2025-10-17 23:59:04.422,106438.88,0.02866,3050.5383008000003
2025-10-17 23:59:04.442,106437.51,0.00061,64.92688109999999
2025-10-17 23:59:04.547,106437.5,0.00097,103.244375
2025-10-17 23:59:04.549,106437.5,0.00191,203.295625
2025-10-17 23:59:04.683,106437.5,9e-05,9.579375
2025-10-17 23:59:04.701,106437.49,0.00047,50.0256203
2025-10-17 23:59:05.291,106437.49,0.00065,69.1843685
2025-10-17 23:59:05.588,106437.49,0.00658,700.3586842
2025-10-17 23:59:06.577,106434.04,6e-05,6.3860424
2025-10-17 23:59:08.092,106434.04,0.02967,3157.8979667999997
2025-10-17 23:59:08.692,106434.04,0.02025,2155.28931
2025-10-17 23:59:09.181,106434.05,0.0015,159.65107500000002
2025-10-17 23:59:09.277,106434.04,0.00097,103.2410188
2025-10-17 23:59:09.515,106434.04,0.00025,26.60851
2025-10-17 23:59:09.548,106434.04,0.01671,1778.5128083999998
2025-10-17 23:59:09.562,106434.05,9e-05,9.579064500000001
2025-10-17 23:59:09.840,106434.05,8e-05,8.514724000000001
2025-10-17 23:59:09.984,106431.68,0.02339,2489.4369951999997
2025-10-17 23:59:10.109,106431.68,0.001,106.43168
2025-10-17 23:59:10.110,106431.68,0.001,106.43168
2025-10-17 23:59:10.182,106431.68,0.00092,97.9171456
2025-10-17 23:59:10.377,106431.69,0.0003,31.929506999999997
2025-10-17 23:59:10.887,106431.69,0.00283,301.2016827
2025-10-17 23:59:11.782,106431.69,0.00094,100.0457886
2025-10-17 23:59:12.023,106431.68,0.03266,3476.0586688
2025-10-17 23:59:12.448,106431.68,0.00028,29.800870399999994
2025-10-17 23:59:13.234,106431.69,0.00047,50.0228943
2025-10-17 23:59:13.417,106431.68,0.00026,27.672236799999997
2025-10-17 23:59:14.412,106431.68,6e-05,6.3859008
2025-10-17 23:59:14.663,106431.68,0.00547,582.1812896
2025-10-17 23:59:14.699,106431.68,8e-05,8.5145344
2025-10-17 23:59:14.983,106431.68,0.01,1064.3168
2025-10-17 23:59:15.608,106431.68,0.07014,7465.118035199999
2025-10-17 23:59:16.620,106431.69,0.0027,287.365563
2025-10-17 23:59:16.826,106431.68,8e-05,8.5145344
2025-10-17 23:59:17.627,106431.68,0.00047,50.02288959999999
2025-10-17 23:59:19.144,106431.68,0.06182,6579.6064576
2025-10-17 23:59:20.856,106431.68,0.005,532.1584
2025-10-17 23:59:22.906,106431.69,9e-05,9.5788521
2025-10-17 23:59:23.081,106431.68,0.00286,304.39460479999997
2025-10-17 23:59:23.136,106431.68,0.00029,30.865187199999998
2025-10-17 23:59:23.398,106431.68,0.00708,753.5362944
2025-10-17 23:59:25.192,106431.68,0.00034,36.1867712
2025-10-17 23:59:25.425,106431.68,0.00017,18.0933856
2025-10-17 23:59:25.587,106431.68,0.06874,7316.113683199999
2025-10-17 23:59:26.190,106431.69,0.00479,509.8077951
2025-10-17 23:59:26.226,106431.69,0.0094,1000.457886
2025-10-17 23:59:26.247,106431.68,7e-05,7.450217599999998
2025-10-17 23:59:26.252,106431.69,0.0001,10.643169
2025-10-17 23:59:26.474,106431.68,0.00363,386.34699839999996
2025-10-17 23:59:27.029,106431.68,0.02074,2207.3930432
2025-10-17 23:59:28.372,106431.68,0.0108,1149.462144
2025-10-17 23:59:28.838,106431.69,0.00118,125.58939420000002
2025-10-17 23:59:31.344,106431.69,0.00024,25.543605600000003
2025-10-17 23:59:31.590,106431.68,7e-05,7.450217599999998
2025-10-17 23:59:33.310,106431.68,8e-05,8.5145344
2025-10-17 23:59:33.357,106431.69,0.028,2980.08732
2025-10-17 23:59:33.388,106431.68,0.00013,13.836118399999998
2025-10-17 23:59:33.481,106431.68,0.04072,4333.8980096
2025-10-17 23:59:33.484,106431.68,0.03502,3727.2374336
2025-10-17 23:59:34.532,106431.69,0.00049,52.1515281
2025-10-17 23:59:34.914,106431.69,0.00031,32.9938239
2025-10-17 23:59:35.220,106431.69,0.00024,25.543605600000003
2025-10-17 23:59:35.337,106431.68,0.00555,590.695824
2025-10-17 23:59:35.588,106431.68,0.052,5534.447359999999
2025-10-17 23:59:35.887,106431.68,0.00012,12.7718016
2025-10-17 23:59:36.410,106431.68,0.01777,1891.2909536
2025-10-17 23:59:36.448,106431.68,0.00091,96.8528288
2025-10-17 23:59:36.529,106431.68,0.00259,275.6580512
2025-10-17 23:59:36.700,106431.68,0.00012,12.7718016
2025-10-17 23:59:37.655,106431.69,0.028,2980.08732
2025-10-17 23:59:37.668,106431.69,0.028,2980.08732
2025-10-17 23:59:37.818,106431.68,0.00013,13.836118399999998
2025-10-17 23:59:38.884,106431.69,0.00052,55.3444788
2025-10-17 23:59:39.019,106431.69,0.00037,39.3797253
2025-10-17 23:59:39.592,106431.69,0.00051,54.2801619
2025-10-17 23:59:39.647,106431.68,0.0012,127.71801599999998
2025-10-17 23:59:40.595,106431.68,0.05196,5530.1900928
2025-10-17 23:59:42.313,106431.69,0.0003,31.929506999999997
2025-10-17 23:59:42.393,106431.69,0.001,106.43169
2025-10-17 23:59:42.624,106431.68,9e-05,9.5788512
2025-10-17 23:59:42.995,106431.68,0.0932,9919.432576
2025-10-17 23:59:43.342,106431.68,0.00047,50.02288959999999
2025-10-17 23:59:43.548,106431.68,0.00103,109.6246304
2025-10-17 23:59:43.719,106431.69,0.0005,53.215845
2025-10-17 23:59:44.398,106431.69,0.00047,50.0228943
2025-10-17 23:59:44.887,106431.69,0.00046,48.9585774
2025-10-17 23:59:45.113,106431.69,0.001,106.43169
2025-10-17 23:59:45.114,106431.69,0.011,1170.74859
2025-10-17 23:59:45.119,106431.69,0.028,2980.08732
2025-10-17 23:59:45.593,106431.68,0.06673,7102.186006399999
2025-10-17 23:59:45.665,106431.69,1.5,159647.535
2025-10-17 23:59:45.723,106431.69,0.028,2980.08732
2025-10-17 23:59:45.745,106431.69,0.016,1702.90704
2025-10-17 23:59:45.911,106431.69,0.00936,996.2006184
2025-10-17 23:59:46.628,106431.68,0.06964,7411.9021951999985
2025-10-17 23:59:46.912,106431.69,0.00018,19.1577042
2025-10-17 23:59:47.060,106431.69,0.00014,14.900436599999999
2025-10-17 23:59:47.970,106431.68,0.00032,34.0581376
2025-10-17 23:59:48.552,106431.68,0.00014,14.900435199999997
2025-10-17 23:59:49.335,106431.69,0.00016,17.029070400000002
2025-10-17 23:59:49.425,106431.69,0.00033,35.1224577
2025-10-17 23:59:49.958,106431.69,0.0017,180.933873
2025-10-17 23:59:50.289,106431.69,0.00027,28.7365563
2025-10-17 23:59:51.244,106431.69,0.01488,1583.7035472000002
2025-10-17 23:59:54.168,106431.69,0.0101,1074.960069
2025-10-17 23:59:54.926,106431.68,7e-05,7.450217599999998
2025-10-17 23:59:55.587,106431.68,0.06857,7298.0202976
2025-10-17 23:59:56.132,106431.69,0.00187,199.0272603
2025-10-17 23:59:56.342,106431.69,0.00025,26.6079225
2025-10-17 23:59:57.018,106431.69,0.00066,70.2449154
2025-10-17 23:59:58.183,106431.68,0.00012,12.7718016
2025-10-17 23:59:58.391,106431.68,0.00039,41.5083552
2025-10-17 23:59:58.933,106431.69,0.00093,98.98147170000001
2025-10-17 23:59:59.417,106431.68,0.08454,8997.7342272
2025-10-18 00:00:00.174,106431.68,0.00646,687.5486527999999
2025-10-18 00:00:00.211,106431.69,0.28187,29999.900460300003
2025-10-18 00:00:00.244,106431.68,0.00145,154.32593599999998
2025-10-18 00:00:00.426,106431.68,0.02087,2221.2291615999998
2025-10-18 00:00:00.483,106431.69,0.00028,29.800873199999998
2025-10-18 00:00:00.498,106431.69,6e-05,6.385901400000001
2025-10-18 00:00:00.583,106431.69,0.00013,13.8361197
2025-10-18 00:00:00.592,106431.69,0.00375,399.1188375
2025-10-18 00:00:00.744,106431.68,0.00407,433.1769376
2025-10-18 00:00:00.765,106431.69,0.00046,48.9585774
2025-10-18 00:00:01.252,106431.69,0.00018,19.1577042
2025-10-18 00:00:01.311,106431.69,0.00134,142.6184646
2025-10-18 00:00:01.643,106431.68,0.00326,346.9672768
2025-10-18 00:00:01.656,106431.68,0.00038,40.4440384
2025-10-18 00:00:02.533,106431.69,0.00117,124.5250773
2025-10-18 00:00:02.746,106431.68,0.01068,1136.6903424
2025-10-18 00:00:03.267,106431.69,0.00018,19.1577042
2025-10-18 00:00:03.383,106431.69,0.00188,200.0915772
2025-10-18 00:00:03.479,106431.68,0.00084,89.4026112
2025-10-18 00:00:03.560,106431.69,0.0001,10.643169
2025-10-18 00:00:03.686,106431.69,0.00187,199.0272603
2025-10-18 00:00:04.162,106431.68,0.00253,269.2721504
2025-10-18 00:00:04.184,106431.69,9e-05,9.5788521
2025-10-18 00:00:04.194,106431.68,0.00862,917.4410815999998
2025-10-18 00:00:04.302,106431.68,0.00093,98.9814624
2025-10-18 00:00:04.855,106431.68,0.00387,411.89060159999997
2025-10-18 00:00:04.867,106431.69,0.00258,274.59376019999996
2025-10-18 00:00:04.928,106431.69,0.00738,785.4658722
2025-10-18 00:00:05.272,106431.69,0.02992,3184.4361648
2025-10-18 00:00:05.552,106431.68,0.00342,363.9963456
2025-10-18 00:00:05.592,106431.68,0.06752,7186.267033599999
2025-10-18 00:00:05.925,106431.69,9e-05,9.5788521
2025-10-18 00:00:06.120,106431.68,0.00269,286.3012192
2025-10-18 00:00:06.578,106431.68,0.0001,10.643168
2025-10-18 00:00:06.591,106431.69,0.00114,121.3321266
2025-10-18 00:00:06.632,106431.68,0.15119,16091.405699199999
2025-10-18 00:00:06.663,106431.68,0.00095,101.110096
2025-10-18 00:00:06.728,106431.69,0.01,1064.3169
2025-10-18 00:00:06.795,106431.68,0.00082,87.2739776
2025-10-18 00:00:07.027,106431.68,5e-05,5.321584
2025-10-18 00:00:07.136,106431.69,0.00092,97.9171548
2025-10-18 00:00:07.592,106431.69,0.00281,299.0730489
2025-10-18 00:00:07.893,106431.69,0.00042,44.701309800000004
2025-10-18 00:00:08.721,106431.68,0.00026,27.672236799999997
2025-10-18 00:00:09.064,106431.68,0.00535,569.4094879999999
2025-10-18 00:00:09.488,106431.69,0.00467,497.0359923
2025-10-18 00:00:09.659,106431.69,0.00018,19.1577042
2025-10-18 00:00:09.804,106431.69,0.00014,14.900436599999999
2025-10-18 00:00:09.899,106431.69,0.01556,1656.0770963999998
2025-10-18 00:00:09.928,106431.69,4e-05,4.2572676000000005
2025-10-18 00:00:10.022,106431.68,0.00419,445.9487392
2025-10-18 00:00:10.198,106431.69,0.00022,23.4149718
2025-10-18 00:00:10.302,106431.69,0.00939,999.3935691000001
2025-10-18 00:00:10.304,106431.68,0.0213,2266.994784
2025-10-18 00:00:10.531,106431.68,9e-05,9.5788512
2025-10-18 00:00:10.586,106431.68,0.06187,6584.9280416
2025-10-18 00:00:10.631,106431.68,0.0109,1160.105312
2025-10-18 00:00:10.651,106431.67,0.48168,51266.0068056
2025-10-18 00:00:10.653,106428.23,0.00315,335.2489245
2025-10-18 00:00:10.655,106425.59,5e-05,5.3212795
2025-10-18 00:00:10.943,106425.31,0.00469,499.1347039
2025-10-18 00:00:11.319,106425.31,0.00287,305.4406397
2025-10-18 00:00:11.976,106425.31,0.00029,30.8633399
2025-10-18 00:00:12.771,106425.31,0.00834,887.5870854
2025-10-18 00:00:12.832,106425.3,0.0001,10.64253
2025-10-18 00:00:12.945,106425.31,0.00911,969.5345741
2025-10-18 00:00:13.116,106425.31,0.0005,53.212655
2025-10-18 00:00:13.251,106425.31,0.00012,12.7710372
2025-10-18 00:00:13.924,106425.31,0.00029,30.8633399
2025-10-18 00:00:13.948,106425.3,0.0002,21.28506
2025-10-18 00:00:14.022,106425.3,0.00059,62.790927
2025-10-18 00:00:14.505,106425.3,0.00047,50.019891
2025-10-18 00:00:15.324,106425.31,0.05394,5740.5812214
2025-10-18 00:00:16.813,106425.3,0.0004,42.57012
2025-10-18 00:00:16.997,106425.31,0.00138,146.86692779999998
2025-10-18 00:00:17.014,106425.31,0.01777,1891.1777587000001
2025-10-18 00:00:17.241,106425.31,0.05633,5994.9377122999995
2025-10-18 00:00:18.072,106425.3,0.00074,78.754722
2025-10-18 00:00:18.165,106425.3,0.09541,10154.037873
2025-10-18 00:00:19.565,106425.3,0.00508,540.640524
2025-10-18 00:00:19.648,106425.3,0.0751,7992.54003
2025-10-18 00:00:19.753,106425.31,0.01635,1740.0538185
2025-10-18 00:00:19.758,106429.41,0.0001,10.642941
2025-10-18 00:00:20.038,106429.56,0.00054,57.4719624
2025-10-18 00:00:20.210,106429.56,0.00054,57.4719624
2025-10-18 00:00:20.582,106429.55,0.07368,7841.729244
2025-10-18 00:00:20.703,106429.56,0.02008,2137.1055648
2025-10-18 00:00:21.747,106429.55,0.027,2873.59785
2025-10-18 00:00:22.320,106429.56,0.00282,300.1313592
2025-10-18 00:00:22.744,106429.56,0.00047,50.0218932
2025-10-18 00:00:22.933,106429.56,0.00067,71.3078052
2025-10-18 00:00:23.014,106429.56,0.00278,295.8741768
2025-10-18 00:00:23.033,106429.55,0.00048,51.086184
2025-10-18 00:00:23.704,106429.56,0.00011,11.7072516
2025-10-18 00:00:24.370,106429.56,0.00018,19.1573208
2025-10-18 00:00:24.663,106429.55,0.00039,41.5075245
2025-10-18 00:00:25.219,106429.56,0.00104,110.68674239999999
2025-10-18 00:00:25.233,106429.56,0.0001,10.642956
2025-10-18 00:00:25.293,106429.56,0.00093,98.97949080000001
2025-10-18 00:00:25.367,106429.56,0.00107,113.8796292
2025-10-18 00:00:25.780,106429.56,0.0008,85.143648
2025-10-18 00:00:26.240,106429.56,0.00021,22.3502076
2025-10-18 00:00:26.303,106429.56,6e-05,6.3857736
2025-10-18 00:00:26.416,106429.56,0.00181,192.6375036
2025-10-18 00:00:26.881,106429.56,0.00278,295.8741768
2025-10-18 00:00:27.358,106429.56,0.00163,173.4801828
2025-10-18 00:00:27.710,106429.56,6e-05,6.3857736
2025-10-18 00:00:27.984,106429.56,9e-05,9.5786604
2025-10-18 00:00:28.273,106429.56,0.00222,236.2736232
2025-10-18 00:00:28.319,106429.55,0.00318,338.44596900000005
2025-10-18 00:00:28.672,106429.56,5e-05,5.321478
2025-10-18 00:00:29.449,106429.56,7e-05,7.450069199999999
2025-10-18 00:00:30.038,106429.55,9e-05,9.5786595
2025-10-18 00:00:30.184,106429.55,0.00023,24.4787965
2025-10-18 00:00:30.222,106429.56,0.00012,12.7715472
2025-10-18 00:00:30.262,106429.55,6e-05,6.385773
2025-10-18 00:00:30.370,106429.56,0.00012,12.7715472
2025-10-18 00:00:30.371,106429.56,0.00019,20.221616400000002
2025-10-18 00:00:30.683,106429.55,0.00039,41.5075245
2025-10-18 00:00:30.764,106429.55,9e-05,9.5786595
2025-10-18 00:00:31.032,106429.55,0.00932,991.923406
2025-10-18 00:00:31.318,106429.55,0.00014,14.900136999999999
2025-10-18 00:00:31.712,106429.56,0.00016,17.028729600000002
2025-10-18 00:00:31.781,106429.56,0.00037,39.378937199999996
2025-10-18 00:00:32.019,106429.56,0.00063,67.0506228
2025-10-18 00:00:32.026,106429.56,0.00012,12.7715472
2025-10-18 00:00:32.189,106429.56,0.04697,4998.9964332
2025-10-18 00:00:32.331,106429.56,0.00037,39.378937199999996
2025-10-18 00:00:32.448,106429.56,0.00163,173.4801828
2025-10-18 00:00:32.862,106429.55,0.00193,205.40903150000003
2025-10-18 00:00:32.974,106429.56,5e-05,5.321478
2025-10-18 00:00:33.027,106429.55,0.00024,25.543092
2025-10-18 00:00:33.613,106429.56,0.00096,102.1723776
2025-10-18 00:00:33.904,106429.55,0.00019,20.2216145
2025-10-18 00:00:33.993,106429.56,0.00093,98.97949080000001
2025-10-18 00:00:34.109,106429.56,0.0006,63.857735999999996
2025-10-18 00:00:34.214,106429.99,0.00238,253.30337620000003
2025-10-18 00:00:34.218,106430.0,0.00266,283.1038
2025-10-18 00:00:34.315,106430.01,0.00246,261.8178246
2025-10-18 00:00:34.515,106430.02,0.00237,252.23914740000004
2025-10-18 00:00:34.529,106430.03,0.00241,256.49637229999996
2025-10-18 00:00:34.563,106431.68,0.00037,39.379721599999996
2025-10-18 00:00:34.668,106431.67,0.00016,17.0290672
2025-10-18 00:00:35.040,106431.68,0.00037,39.379721599999996
2025-10-18 00:00:35.581,106431.67,0.06299,6704.1308933
2025-10-18 00:00:35.833,106431.68,0.00178,189.44839039999997
2025-10-18 00:00:36.012,106431.68,0.00141,150.06866879999998
2025-10-18 00:00:36.026,106431.67,0.00386,410.8262462
2025-10-18 00:00:36.481,106431.68,7e-05,7.450217599999998
2025-10-18 00:00:36.577,106431.67,8e-05,8.5145336
2025-10-18 00:00:36.716,106431.68,0.00075,79.82376
2025-10-18 00:00:36.905,106431.68,0.0003,31.929503999999994
2025-10-18 00:00:36.944,106431.68,0.00055,58.537424
2025-10-18 00:00:36.956,106431.69,0.09071,9654.4185999
2025-10-18 00:00:36.958,106432.22,5e-05,5.321611
2025-10-18 00:00:36.962,106434.4,5e-05,5.32172
2025-10-18 00:00:36.970,106434.06,5e-05,5.321703
2025-10-18 00:00:36.975,106435.96,0.003,319.30788
2025-10-18 00:00:37.114,106437.49,0.00013,13.8368737
2025-10-18 00:00:37.352,106437.48,0.00013,13.836872399999999
2025-10-18 00:00:37.458,106437.49,0.00026,27.6737474
2025-10-18 00:00:37.839,106437.49,0.00171,182.0081079
2025-10-18 00:00:38.783,106437.49,0.00658,700.3586842
2025-10-18 00:00:38.917,106437.49,0.0028,298.024972
2025-10-18 00:00:39.061,106437.5,0.00011,11.708125
2025-10-18 00:00:39.608,106437.5,0.00031,32.995625
2025-10-18 00:00:39.801,106437.5,0.00024,25.545
2025-10-18 00:00:39.849,106437.5,0.00213,226.711875
2025-10-18 00:00:39.876,106437.51,0.00019,20.2231269
2025-10-18 00:00:39.924,106437.51,0.0001,10.643751
2025-10-18 00:00:39.946,106437.5,0.0012,127.725
2025-10-18 00:00:40.065,106437.51,0.00024,25.545002399999998
2025-10-18 00:00:40.583,106437.51,0.00093,98.9868843
2025-10-18 00:00:40.608,106437.5,0.06754,7188.788750000001
2025-10-18 00:00:40.694,106437.51,0.00044,46.8325044
2025-10-18 00:00:41.145,106437.51,0.00065,69.18438149999999
2025-10-18 00:00:41.146,106437.53,0.0001,10.643753
2025-10-18 00:00:41.587,106440.2,0.0001,10.64402
2025-10-18 00:00:42.133,106440.2,0.0001,10.64402
2025-10-18 00:00:42.384,106440.2,0.0001,10.64402
2025-10-18 00:00:42.439,106440.2,7e-05,7.450813999999999
2025-10-18 00:00:42.548,106440.2,0.00019,20.223638
2025-10-18 00:00:42.812,106440.2,0.0001,10.64402
2025-10-18 00:00:42.991,106440.19,0.00012,12.7728228
2025-10-18 00:00:43.081,106440.2,0.00046,48.962492
2025-10-18 00:00:43.082,106440.2,8e-05,8.515216
2025-10-18 00:00:43.333,106440.2,0.00094,100.053788
2025-10-18 00:00:43.481,106440.2,0.00029,30.867658
2025-10-18 00:00:43.643,106440.2,0.0001,10.64402
2025-10-18 00:00:44.464,106440.2,0.00018,19.159236
2025-10-18 00:00:44.687,106440.2,0.00182,193.721164
2025-10-18 00:00:44.823,106440.2,0.00093,98.989386
2025-10-18 00:00:45.595,106440.19,0.07449,7928.7297531
2025-10-18 00:00:45.956,106440.2,0.00024,25.545648
2025-10-18 00:00:46.587,106440.2,9e-05,9.579618
2025-10-18 00:00:46.679,106440.19,0.00034,36.1896646
2025-10-18 00:00:47.384,106440.2,0.00021,22.352442
2025-10-18 00:00:47.965,106440.2,0.00012,12.772824
2025-10-18 00:00:47.978,106440.22,0.0001,10.644022000000001
2025-10-18 00:00:47.981,106441.16,0.0003,31.932347999999998
2025-10-18 00:00:47.982,106443.88,0.00579,616.3100652
2025-10-18 00:00:47.983,106443.88,5e-05,5.3221940000000005
2025-10-18 00:00:48.035,106445.17,0.00151,160.7322067
2025-10-18 00:00:48.512,106445.81,0.00078,83.0277318
2025-10-18 00:00:48.924,106445.82,8e-05,8.515665600000002
2025-10-18 00:00:49.024,106445.82,0.00282,300.17721240000003
2025-10-18 00:00:49.082,106445.82,7e-05,7.4512073999999995
2025-10-18 00:00:49.086,106445.82,0.00015,15.966873
2025-10-18 00:00:49.110,106445.82,0.00015,15.966873
2025-10-18 00:00:49.124,106445.82,0.00038,40.449411600000005
2025-10-18 00:00:49.133,106445.82,0.0001,10.644582000000002
2025-10-18 00:00:49.168,106445.82,9e-05,9.5801238
2025-10-18 00:00:49.204,106445.81,0.00744,791.9568264000001
2025-10-18 00:00:49.224,106445.82,0.00564,600.3544248000001
2025-10-18 00:00:49.225,106445.82,0.00047,50.0295354
2025-10-18 00:00:49.262,106445.82,0.00015,15.966873
2025-10-18 00:00:49.284,106445.82,8e-05,8.515665600000002
2025-10-18 00:00:49.313,106445.82,7e-05,7.4512073999999995
2025-10-18 00:00:49.325,106445.82,7e-05,7.4512073999999995
2025-10-18 00:00:49.343,106445.82,0.0001,10.644582000000002
2025-10-18 00:00:49.362,106445.82,0.00164,174.5711448
2025-10-18 00:00:49.368,106445.82,0.00029,30.869287800000002
2025-10-18 00:00:49.447,106445.82,0.00047,50.0295354
2025-10-18 00:00:49.532,106445.82,0.0001,10.644582000000002
2025-10-18 00:00:49.632,106445.82,8e-05,8.515665600000002
2025-10-18 00:00:49.640,106445.82,0.00029,30.869287800000002
2025-10-18 00:00:49.681,106445.82,0.00012,12.773498400000001
2025-10-18 00:00:49.743,106445.82,0.00065,69.189783
2025-10-18 00:00:49.837,106445.82,0.00047,50.0295354
2025-10-18 00:00:49.971,106445.82,0.00032,34.06266240000001
2025-10-18 00:00:50.024,106445.82,0.00153,162.8621046
2025-10-18 00:00:50.566,106445.82,0.00029,30.869287800000002
2025-10-18 00:00:51.023,106445.82,0.00286,304.43504520000005
2025-10-18 00:00:51.880,106445.82,0.00024,25.546996800000002
2025-10-18 00:00:52.233,106445.81,0.0008,85.156648
2025-10-18 00:00:52.852,106445.81,0.00047,50.029530699999995
2025-10-18 00:00:52.871,106445.82,0.00014,14.902414799999999
2025-10-18 00:00:53.533,106445.81,0.00081,86.2211061
2025-10-18 00:00:53.610,106445.81,0.00316,336.3687596
2025-10-18 00:00:53.695,106445.81,0.05495,5849.1972595
2025-10-18 00:00:54.102,106445.81,0.00084,89.4144804
2025-10-18 00:00:54.132,106445.81,0.00081,86.2211061
2025-10-18 00:00:54.253,106445.81,0.00079,84.0921899
2025-10-18 00:00:54.743,106445.82,0.00032,34.06266240000001
2025-10-18 00:00:54.879,106445.81,0.00695,739.7983794999999
2025-10-18 00:00:54.883,106445.81,0.07511,7995.1447891
2025-10-18 00:00:54.885,106445.69,0.0001,10.644569
2025-10-18 00:00:54.891,106445.18,0.00015,15.966776999999997
2025-10-18 00:00:54.892,106445.17,0.00015,15.966775499999999
2025-10-18 00:00:54.893,106444.87,0.00027,28.7401149
2025-10-18 00:00:54.894,106441.56,0.0018,191.594808
2025-10-18 00:00:54.895,106441.17,5e-05,5.3220585
2025-10-18 00:00:54.896,106440.73,0.005,532.20365
2025-10-18 00:00:54.926,106440.73,0.00175,186.2712775
2025-10-18 00:00:54.927,106439.02,0.0001,10.643902
2025-10-18 00:00:54.950,106438.51,0.0014,149.013914
2025-10-18 00:00:55.231,106437.5,0.007,745.0625
2025-10-18 00:00:55.232,106437.5,0.007,745.0625
2025-10-18 00:00:55.244,106437.5,0.04612,4908.8975
2025-10-18 00:00:55.363,106437.5,0.00047,50.025625
2025-10-18 00:00:55.459,106437.5,0.01866,1986.12375
2025-10-18 00:00:55.781,106437.51,0.00011,11.7081261
2025-10-18 00:00:56.640,106437.5,0.00082,87.27875
2025-10-18 00:00:57.089,106437.51,0.00478,508.7712978
2025-10-18 00:00:57.736,106437.5,0.00079,84.08562500000001
2025-10-18 00:00:57.803,106437.51,0.00392,417.23503919999996
2025-10-18 00:00:58.142,106437.5,0.00111,118.14562500000001
2025-10-18 00:00:58.234,106437.5,0.00058,61.73375
2025-10-18 00:00:58.438,106437.51,0.00194,206.4887694
2025-10-18 00:00:59.203,106437.5,0.00093,98.98687500000001
2025-10-18 00:00:59.368,106437.5,0.00103,109.63062500000001
2025-10-18 00:00:59.893,106437.51,0.00093,98.9868843
2025-10-18 00:00:59.918,106437.5,9e-05,9.579375
2025-10-18 00:01:00.579,106437.5,0.00082,87.27875
2025-10-18 00:01:00.601,106437.5,0.06483,6900.343124999999
2025-10-18 00:01:00.696,106437.51,0.00018,19.1587518
2025-10-18 00:01:00.719,106437.5,0.00079,84.08562500000001
2025-10-18 00:01:00.880,106437.5,9e-05,9.579375
2025-10-18 00:01:01.018,106437.5,0.08697,9256.869375
2025-10-18 00:01:01.137,106437.51,0.04697,4999.3698447
2025-10-18 00:01:01.382,106437.5,0.46599,49598.810625
2025-10-18 00:01:01.413,106437.5,0.00912,970.7099999999999
2025-10-18 00:01:01.586,106437.51,6e-05,6.3862505999999994
2025-10-18 00:01:03.868,106437.51,0.00431,458.74566809999993
2025-10-18 00:01:04.846,106437.51,0.00044,46.8325044
2025-10-18 00:01:04.989,106437.51,0.00469,499.19192189999995
2025-10-18 00:01:05.042,106437.51,0.00023,24.4806273
2025-10-18 00:01:05.483,106437.51,0.01073,1142.0744823
2025-10-18 00:01:05.485,106437.51,0.00271,288.4456521
2025-10-18 00:01:05.491,106437.51,0.28792,30645.487879199998
2025-10-18 00:01:05.493,106437.51,0.001,106.43751
2025-10-18 00:01:05.495,106437.61,0.0001,10.643761000000001
2025-10-18 00:01:05.496,106439.62,0.00015,15.965942999999998
2025-10-18 00:01:05.501,106440.2,0.00015,15.966029999999998
2025-10-18 00:01:05.562,106440.2,0.0132,1405.01064
2025-10-18 00:01:05.596,106440.2,0.05234,5571.080067999999
2025-10-18 00:01:05.607,106440.2,0.00101,107.504602
2025-10-18 00:01:05.870,106440.21,0.00042,44.704888200000006
2025-10-18 00:01:07.583,106440.21,0.00026,27.6744546
2025-10-18 00:01:07.585,106440.21,0.00014,14.9016294
2025-10-18 00:01:08.418,106440.2,0.00342,364.02548399999995
2025-10-18 00:01:08.739,106440.21,0.00067,71.31494070000001
2025-10-18 00:01:08.883,106440.21,0.00054,57.477713400000006
2025-10-18 00:01:09.759,106440.21,0.03064,3261.3280344000004
2025-10-18 00:01:09.761,106440.23,0.0001,10.644023
2025-10-18 00:01:09.807,106441.77,0.0001,10.644177
2025-10-18 00:01:09.813,106441.77,0.00215,228.8498055
2025-10-18 00:01:09.886,106443.89,0.00125,133.0548625
2025-10-18 00:01:10.013,106448.15,0.00726,772.8135689999999
2025-10-18 00:01:10.015,106448.15,0.0003,31.934444999999997
2025-10-18 00:01:10.016,106449.99,0.00846,900.5669154000001
2025-10-18 00:01:10.018,106450.08,0.0006,63.870048
2025-10-18 00:01:10.019,106450.34,0.0001,10.645034
2025-10-18 00:01:10.021,106451.53,5e-05,5.3225765
2025-10-18 00:01:10.024,106453.48,5e-05,5.322674
2025-10-18 00:01:10.025,106455.93,0.0001,10.645593
2025-10-18 00:01:10.027,106457.31,0.00025,26.6143275
2025-10-18 00:01:10.029,106458.0,0.00215,228.8847
2025-10-18 00:01:10.030,106461.52,0.0007,74.523064
2025-10-18 00:01:10.032,106461.53,5e-05,5.3230765
2025-10-18 00:01:10.034,106462.0,0.08657,9216.41534
2025-10-18 00:01:10.035,106462.0,0.08666,9225.99692
2025-10-18 00:01:10.036,106462.0,0.33279,35429.488979999995
2025-10-18 00:01:10.037,106462.0,0.08923,9499.60426
2025-10-18 00:01:10.539,106462.0,0.09394,10001.04028
2025-10-18 00:01:10.769,106462.0,0.00199,211.85938000000002
2025-10-18 00:01:10.888,106461.99,0.00024,25.550877600000003
2025-10-18 00:01:10.962,106461.99,0.013,1384.00587
2025-10-18 00:01:10.963,106461.99,0.013,1384.00587
2025-10-18 00:01:10.965,106461.99,0.09325,9927.580567500001
2025-10-18 00:01:10.967,106461.99,0.0002,21.292398000000002
2025-10-18 00:01:10.973,106459.3,0.00677,720.729461
2025-10-18 00:01:11.015,106459.3,0.00095,101.136335
2025-10-18 00:01:11.095,106457.53,4e-05,4.2583012
2025-10-18 00:01:11.281,106457.53,0.00618,657.9075353999999
2025-10-18 00:01:11.360,106457.53,0.00012,12.7749036
2025-10-18 00:01:12.551,106457.52,8e-05,8.516601600000001
2025-10-18 00:01:12.684,106457.53,0.00053,56.4224909
2025-10-18 00:01:13.322,106457.53,9e-05,9.581177700000001
2025-10-18 00:01:13.378,106457.52,0.00031,33.0018312
2025-10-18 00:01:13.609,106457.53,0.0001,10.645753000000001
2025-10-18 00:01:13.666,106457.53,0.00939,999.6362067000001
2025-10-18 00:01:14.133,106457.53,0.00018,19.162355400000003
2025-10-18 00:01:14.482,106457.53,0.00013,13.839478899999998
2025-10-18 00:01:14.808,106457.53,0.00119,126.6844607
2025-10-18 00:01:15.609,106457.52,0.07504,7988.5723007999995
2025-10-18 00:01:15.651,106457.53,0.00737,784.5919961
2025-10-18 00:01:16.586,106457.52,6e-05,6.3874512
2025-10-18 00:01:17.245,106457.53,0.00013,13.839478899999998
2025-10-18 00:01:17.247,106457.52,0.00072,76.64941440000001
2025-10-18 00:01:18.494,106457.52,0.00187,199.0755624
2025-10-18 00:01:18.511,106457.53,0.00024,25.5498072
2025-10-18 00:01:19.077,106457.52,5e-05,5.322876000000001
2025-10-18 00:01:19.420,106457.53,0.00022,23.4206566
2025-10-18 00:01:19.930,106457.53,0.00091,96.8763523
2025-10-18 00:01:19.946,106457.52,0.00047,50.0350344
2025-10-18 00:01:20.189,106457.53,0.00037,39.3892861
2025-10-18 00:01:20.834,106457.52,9e-05,9.581176800000001
2025-10-18 00:01:20.870,106457.52,8e-05,8.516601600000001
2025-10-18 00:01:21.174,106457.52,0.00982,1045.4128464
2025-10-18 00:01:22.022,106457.53,9e-05,9.581177700000001
2025-10-18 00:01:22.023,106457.52,8e-05,8.516601600000001
2025-10-18 00:01:22.390,106457.53,0.00034,36.1955602
2025-10-18 00:01:22.451,106457.53,0.00012,12.7749036
2025-10-18 00:01:22.692,106457.53,8e-05,8.5166024
2025-10-18 00:01:23.083,106457.53,0.00094,100.0700782
2025-10-18 00:01:23.251,106457.53,0.00044,46.8413132
2025-10-18 00:01:23.521,106457.53,0.093,9900.55029
2025-10-18 00:01:24.071,106457.52,0.00091,96.87634320000001
2025-10-18 00:01:24.140,106457.53,0.00012,12.7749036
2025-10-18 00:01:24.852,106457.53,5e-05,5.3228765000000005
2025-10-18 00:01:24.932,106457.53,4e-05,4.2583012
2025-10-18 00:01:25.001,106457.53,0.00037,39.3892861
2025-10-18 00:01:25.471,106457.52,0.0005,53.22876
2025-10-18 00:01:25.537,106457.53,0.00093,99.00550290000001
2025-10-18 00:01:25.585,106457.52,0.05209,5545.3722168
2025-10-18 00:01:25.628,106457.53,0.00037,39.3892861
2025-10-18 00:01:25.641,106457.52,7e-05,7.452026399999999
2025-10-18 00:01:25.654,106457.53,0.00469,499.28581569999994
2025-10-18 00:01:27.861,106457.53,0.00045,47.905888499999996
2025-10-18 00:01:27.874,106457.53,0.00939,999.6362067000001
2025-10-18 00:01:28.072,106457.53,0.00939,999.6362067000001
2025-10-18 00:01:28.129,106457.53,0.00093,99.00550290000001
2025-10-18 00:01:28.664,106457.53,0.00014,14.9040542
2025-10-18 00:01:28.828,106457.53,8e-05,8.5166024
2025-10-18 00:01:29.423,106457.53,0.00012,12.7749036
2025-10-18 00:01:29.512,106457.52,8e-05,8.516601600000001
2025-10-18 00:01:30.491,106457.52,0.00073,77.7139896
2025-10-18 00:01:31.090,106457.53,0.00012,12.7749036
2025-10-18 00:01:31.117,106457.52,0.00158,168.2028816
2025-10-18 00:01:31.662,106457.53,0.00034,36.1955602
2025-10-18 00:01:31.691,106457.53,0.00093,99.00550290000001
2025-10-18 00:01:32.300,106457.53,6e-05,6.3874518
2025-10-18 00:01:33.194,106457.52,9e-05,9.581176800000001
2025-10-18 00:01:33.227,106457.52,0.00011,11.7103272
2025-10-18 00:01:33.725,106457.53,0.04345,4625.5796785
2025-10-18 00:01:33.769,106457.52,0.0135,1437.17652
2025-10-18 00:01:33.923,106457.52,0.00018,19.162353600000003
2025-10-18 00:01:34.181,106457.52,0.00018,19.162353600000003
2025-10-18 00:01:34.361,106457.53,0.00273,290.62905689999997
2025-10-18 00:01:34.692,106457.53,0.0003,31.937258999999997
2025-10-18 00:01:34.826,106457.53,0.00024,25.5498072
2025-10-18 00:01:34.875,106457.52,0.0025,266.1438
2025-10-18 00:01:35.499,106457.53,0.00186,198.01100580000002
2025-10-18 00:01:35.580,106457.52,0.05257,5596.4718264
2025-10-18 00:01:36.579,106457.52,8e-05,8.516601600000001
2025-10-18 00:01:36.648,106457.53,0.00048,51.0996144
2025-10-18 00:01:36.732,106457.52,0.0046,489.704592
2025-10-18 00:01:37.819,106457.53,0.00187,199.0755811
2025-10-18 00:01:37.840,106457.53,0.00113,120.2970089
2025-10-18 00:01:38.008,106457.53,0.00054,57.4870662
2025-10-18 00:01:38.511,106457.53,6e-05,6.3874518
2025-10-18 00:01:38.518,106457.53,0.00048,51.0996144
2025-10-18 00:01:38.711,106457.53,0.00081,86.2305993
2025-10-18 00:01:39.776,106457.52,0.00012,12.7749024
2025-10-18 00:01:39.982,106457.52,0.00051,54.29333520000001
2025-10-18 00:01:40.448,106457.52,0.00122,129.8781744
2025-10-18 00:01:40.609,106457.52,0.0715,7611.71268
2025-10-18 00:01:40.939,106457.53,0.00073,77.7139969
2025-10-18 00:01:42.106,106457.52,0.0003,31.937255999999998
2025-10-18 00:01:42.213,106457.53,0.00014,14.9040542
2025-10-18 00:01:42.649,106457.53,0.5,53228.765
2025-10-18 00:01:42.827,106457.53,0.00012,12.7749036
2025-10-18 00:01:43.426,106457.53,7e-05,7.4520271
2025-10-18 00:01:43.456,106457.53,7e-05,7.4520271
2025-10-18 00:01:43.939,106457.53,0.00137,145.84681609999998
2025-10-18 00:01:44.001,106457.53,0.00042,44.7121626
2025-10-18 00:01:44.064,106457.52,0.00019,20.226928800000003
2025-10-18 00:01:44.160,106457.53,0.00176,187.3652528
2025-10-18 00:01:44.210,106457.52,0.00353,375.79504560000004
2025-10-18 00:01:45.051,106457.53,0.00018,19.162355400000003
2025-10-18 00:01:45.135,106457.53,0.0006,63.874517999999995
2025-10-18 00:01:45.881,106457.53,0.00536,570.6123608
2025-10-18 00:01:46.151,106457.52,0.00063,67.0682376
2025-10-18 00:01:46.167,106457.52,5e-05,5.322876000000001
2025-10-18 00:01:46.637,106457.53,0.00011,11.7103283
2025-10-18 00:01:46.742,106457.53,0.00012,12.7749036
2025-10-18 00:01:46.975,106457.53,0.00027,28.7435331
2025-10-18 00:01:47.070,106457.53,0.00032,34.0664096
2025-10-18 00:01:47.159,106457.53,0.00013,13.839478899999998
2025-10-18 00:01:47.168,106457.53,0.00106,112.8449818
2025-10-18 00:01:47.290,106457.53,0.00022,23.4206566
2025-10-18 00:01:47.337,106457.53,0.00011,11.7103283
2025-10-18 00:01:47.410,106457.53,0.0001,10.645753000000001
2025-10-18 00:01:47.526,106457.53,0.00375,399.2157375
2025-10-18 00:01:48.147,106457.53,0.00011,11.7103283
2025-10-18 00:01:48.362,106457.52,8e-05,8.516601600000001
2025-10-18 00:01:48.382,106457.53,0.00032,34.0664096
2025-10-18 00:01:48.490,106457.53,0.00012,12.7749036
2025-10-18 00:01:48.617,106457.53,0.00011,11.7103283
2025-10-18 00:01:48.800,106457.53,0.00012,12.7749036
2025-10-18 00:01:49.391,106457.53,0.00011,11.7103283
2025-10-18 00:01:49.611,106457.53,0.00028,29.8081084
2025-10-18 00:01:50.024,106457.53,0.00032,34.0664096
2025-10-18 00:01:50.541,106457.52,0.013,1383.94776
2025-10-18 00:01:50.542,106457.52,0.013,1383.94776
2025-10-18 00:01:50.543,106457.52,0.013,1383.94776
2025-10-18 00:01:50.586,106457.52,0.06425,6839.89566
2025-10-18 00:01:50.718,106457.53,0.00109,116.0387077
2025-10-18 00:01:50.858,106457.53,8e-05,8.5166024
2025-10-18 00:01:51.021,106457.53,7e-05,7.4520271
2025-10-18 00:01:51.337,106457.53,0.00011,11.7103283
2025-10-18 00:01:51.362,106457.53,0.00179,190.55897869999998
2025-10-18 00:01:51.546,106457.53,0.00756,804.8189268
2025-10-18 00:01:51.581,106457.53,0.00027,28.7435331
2025-10-18 00:01:51.733,106457.53,0.00225,239.5294425
2025-10-18 00:01:51.813,106457.53,0.00037,39.3892861
2025-10-18 00:01:51.883,106457.53,0.00011,11.7103283
2025-10-18 00:01:52.332,106457.53,0.00022,23.4206566
2025-10-18 00:01:52.412,106457.53,0.00106,112.8449818
2025-10-18 00:01:52.540,106457.52,5e-05,5.322876000000001
2025-10-18 00:01:53.362,106457.53,0.00023,24.4852319
2025-10-18 00:01:53.392,106457.53,0.00075,79.8431475
2025-10-18 00:01:53.568,106457.53,0.00053,56.4224909
2025-10-18 00:01:54.062,106457.53,0.00053,56.4224909
2025-10-18 00:01:54.381,106457.53,0.00027,28.7435331
2025-10-18 00:01:54.432,106457.52,0.00159,169.26745680000002
2025-10-18 00:01:54.583,106457.53,0.00022,23.4206566
2025-10-18 00:01:55.176,106457.53,0.00016,17.0332048
2025-10-18 00:01:55.220,106457.53,0.00058,61.7453674
2025-10-18 00:01:55.284,106457.52,0.00124,132.0073248
2025-10-18 00:01:55.447,106457.53,0.00053,56.4224909
2025-10-18 00:01:55.482,106457.53,0.00053,56.4224909
2025-10-18 00:01:55.847,106457.52,0.00968,1030.5087936
2025-10-18 00:01:55.939,106457.53,0.00016,17.0332048
2025-10-18 00:01:55.940,106457.53,0.00106,112.8449818
2025-10-18 00:01:56.019,106457.53,0.00022,23.4206566
2025-10-18 00:01:56.321,106457.52,0.00134,142.6530768
2025-10-18 00:01:56.520,106457.53,0.00025,26.6143825
2025-10-18 00:01:56.717,106457.53,0.00053,56.4224909
2025-10-18 00:01:56.948,106457.53,0.00019,20.2269307
2025-10-18 00:01:56.949,106457.53,0.00025,26.6143825
2025-10-18 00:01:56.963,106457.53,0.00053,56.4224909
2025-10-18 00:01:57.022,106457.52,5e-05,5.322876000000001
2025-10-18 00:01:57.224,106457.52,0.00399,424.7655048
2025-10-18 00:01:57.248,106457.53,0.00075,79.8431475
2025-10-18 00:01:57.963,106457.53,0.00016,17.0332048
2025-10-18 00:01:57.980,106457.52,9e-05,9.581176800000001
2025-10-18 00:01:58.646,106457.52,0.003,319.37256
2025-10-18 00:01:58.663,106457.53,0.00048,51.0996144
2025-10-18 00:01:59.883,106457.52,5e-05,5.322876000000001
2025-10-18 00:02:00.595,106457.52,0.04643,4942.8226536
2025-10-18 00:02:00.872,106457.53,0.00019,20.2269307
2025-10-18 00:02:00.920,106457.53,0.00043,45.7767379
2025-10-18 00:02:01.075,106457.52,0.00013,13.839477599999999
2025-10-18 00:02:01.536,106457.53,0.00047,50.0350391
2025-10-18 00:02:02.377,106457.52,0.00018,19.162353600000003
2025-10-18 00:02:02.680,106457.52,0.013,1383.94776
2025-10-18 00:02:02.681,106457.52,0.013,1383.94776
2025-10-18 00:02:02.784,106457.52,0.16106,17146.0481712
2025-10-18 00:02:02.856,106457.52,0.012,1277.49024
2025-10-18 00:02:02.886,106457.53,0.00188,200.1401564
2025-10-18 00:02:02.927,106457.53,0.00016,17.0332048
2025-10-18 00:02:02.999,106457.52,0.00069,73.4556888
2025-10-18 00:02:03.003,106457.5,0.0001,10.645750000000001
2025-10-18 00:02:03.005,106457.4,0.001,106.45739999999999
2025-10-18 00:02:03.008,106454.03,0.001,106.45403
2025-10-18 00:02:03.035,106453.27,0.00575,612.1063025
2025-10-18 00:02:03.426,106451.53,0.00015,15.967729499999999
2025-10-18 00:02:03.571,106451.53,0.00035,37.2580355
2025-10-18 00:02:03.684,106451.54,0.00018,19.1612772
2025-10-18 00:02:03.685,106451.54,0.00012,12.774184799999999
2025-10-18 00:02:03.734,106451.53,0.00044,46.8386732
2025-10-18 00:02:03.807,106451.53,0.00022,23.4193366
2025-10-18 00:02:03.808,106451.53,0.00056,59.612856799999996
2025-10-18 00:02:04.363,106451.53,0.00061,64.9354333
2025-10-18 00:02:04.880,106451.54,4e-05,4.2580616000000004
2025-10-18 00:02:05.487,106451.53,0.00037,39.3870661
2025-10-18 00:02:05.593,106451.53,0.0487,5184.189511
2025-10-18 00:02:06.013,106451.54,8e-05,8.516123200000001
2025-10-18 00:02:07.131,106451.53,9e-05,9.5806377
2025-10-18 00:02:07.351,106451.54,0.00174,185.22567959999998
2025-10-18 00:02:07.571,106451.54,0.0047,500.32223799999997
2025-10-18 00:02:08.666,106451.53,0.001,106.45153
2025-10-18 00:02:08.667,106451.53,0.001,106.45153
2025-10-18 00:02:08.716,106451.53,0.02399,2553.7722047
2025-10-18 00:02:08.732,106451.53,0.19778,21053.9836034
2025-10-18 00:02:08.735,106451.45,0.0041,436.45094500000005
2025-10-18 00:02:08.737,106451.45,0.00826,879.2889769999999
2025-10-18 00:02:08.741,106450.2,0.00015,15.967529999999998
2025-10-18 00:02:08.744,106450.19,0.01417,1508.3991923
2025-10-18 00:02:08.748,106446.89,0.00015,15.967033499999998
2025-10-18 00:02:08.750,106446.88,0.00246,261.8593248
2025-10-18 00:02:08.752,106446.79,0.00337,358.7256823
2025-10-18 00:02:08.926,106446.79,0.00043,45.7721197
2025-10-18 00:02:09.218,106446.8,0.00127,135.18743600000002
2025-10-18 00:02:09.585,106446.8,9e-05,9.580212000000001
2025-10-18 00:02:10.443,106446.8,6e-05,6.386808
2025-10-18 00:02:10.588,106446.79,0.05951,6334.648472899999
2025-10-18 00:02:10.885,106446.8,0.00126,134.12296800000001
2025-10-18 00:02:11.279,106446.8,0.00018,19.160424000000003
2025-10-18 00:02:12.046,106446.79,0.00032,34.062972800000004
2025-10-18 00:02:12.419,106446.79,4e-05,4.2578716000000005
2025-10-18 00:02:13.576,106446.8,6e-05,6.386808
2025-10-18 00:02:13.814,106446.8,0.00046,48.965528000000006
2025-10-18 00:02:14.485,106446.8,0.00091,96.86658800000001
2025-10-18 00:02:14.486,106446.8,0.00239,254.40785200000002
2025-10-18 00:02:14.651,106446.8,0.02118,2254.543224
2025-10-18 00:02:14.741,106446.8,0.00036,38.320848000000005
2025-10-18 00:02:14.997,106446.8,6e-05,6.386808
2025-10-18 00:02:15.491,106446.8,0.00013,13.838083999999998
2025-10-18 00:02:15.610,106446.79,0.06346,6755.1132934
2025-10-18 00:02:15.768,106446.8,0.00044,46.836592
2025-10-18 00:02:15.800,106446.8,0.00016,17.031488000000003
2025-10-18 00:02:15.850,106446.8,5e-05,5.3223400000000005
2025-10-18 00:02:16.432,106446.79,0.00025,26.6116975
2025-10-18 00:02:16.435,106446.8,0.00108,114.96254400000001
2025-10-18 00:02:16.585,106446.79,8e-05,8.515743200000001
2025-10-18 00:02:17.221,106446.8,0.00029,30.869572
2025-10-18 00:02:17.256,106446.8,0.00281,299.11550800000003
2025-10-18 00:02:17.386,106446.8,0.00011,11.709148
2025-10-18 00:02:17.391,106446.8,7e-05,7.451275999999999
2025-10-18 00:02:17.481,106446.8,0.00094,100.059992
2025-10-18 00:02:17.491,106446.8,0.0001,10.644680000000001
2025-10-18 00:02:17.562,106446.8,0.00057,60.674676
2025-10-18 00:02:17.718,106446.8,0.00015,15.96702
2025-10-18 00:02:17.764,106446.8,0.00141,150.089988
2025-10-18 00:02:17.938,106446.8,0.0001,10.644680000000001
2025-10-18 00:02:18.319,106446.79,0.00026,27.676165399999995
2025-10-18 00:02:18.423,106446.8,0.00091,96.86658800000001
2025-10-18 00:02:18.455,106446.8,9e-05,9.580212000000001
2025-10-18 00:02:18.524,106446.8,0.00022,23.418296
2025-10-18 00:02:18.732,106446.8,0.00016,17.031488000000003
2025-10-18 00:02:18.837,106446.8,7e-05,7.451275999999999
2025-10-18 00:02:18.982,106446.8,0.00188,200.119984
2025-10-18 00:02:19.112,106446.8,0.0001,10.644680000000001
2025-10-18 00:02:19.324,106446.8,0.00094,100.059992
2025-10-18 00:02:19.683,106446.8,0.00597,635.487396
2025-10-18 00:02:20.872,106446.8,8e-05,8.515744000000002
2025-10-18 00:02:21.233,106446.8,0.00018,19.160424000000003
2025-10-18 00:02:21.491,106446.8,0.00022,23.418296
2025-10-18 00:02:21.662,106446.91,0.0001,10.644691000000002
2025-10-18 00:02:21.664,106450.85,5e-05,5.322542500000001
2025-10-18 00:02:21.671,106451.05,0.00705,750.4799025
2025-10-18 00:02:22.197,106451.05,0.0002,21.290210000000002
2025-10-18 00:02:22.839,106451.05,0.00013,13.8386365
2025-10-18 00:02:22.910,106451.05,0.00094,100.063987
2025-10-18 00:02:23.441,106451.04,0.00017,18.0966768
2025-10-18 00:02:23.495,106451.04,9e-05,9.5805936
2025-10-18 00:02:24.182,106451.04,0.00021,22.3547184
2025-10-18 00:02:24.391,106451.05,0.00219,233.1277995
2025-10-18 00:02:24.985,106451.05,0.00011,11.7096155
2025-10-18 00:02:25.587,106451.04,0.06878,7321.702531199999
2025-10-18 00:02:25.811,106451.05,0.00238,253.35349900000003
2025-10-18 00:02:25.879,106451.05,0.00013,13.8386365
2025-10-18 00:02:26.032,106451.05,0.01349,1436.0246645
2025-10-18 00:02:26.486,106451.05,0.00052,55.354546
2025-10-18 00:02:27.531,106451.04,0.00047,50.03198879999999
2025-10-18 00:02:28.443,106451.05,0.00012,12.774126
2025-10-18 00:02:28.586,106451.05,8e-05,8.516084000000001
2025-10-18 00:02:29.948,106451.04,0.0001,10.645104
2025-10-18 00:02:30.120,106451.05,0.00024,25.548252
2025-10-18 00:02:30.721,106451.05,0.00094,100.063987
2025-10-18 00:02:31.324,106451.05,6e-05,6.387063
2025-10-18 00:02:31.645,106451.04,0.00047,50.03198879999999
2025-10-18 00:02:31.963,106450.51,0.00015,15.967576499999998
2025-10-18 00:02:31.969,106449.97,0.00115,122.4174655
2025-10-18 00:02:31.978,106446.79,0.00905,963.3434495
2025-10-18 00:02:31.980,106446.13,0.00025,26.611532500000003
2025-10-18 00:02:31.982,106445.86,0.013,1383.79618
2025-10-18 00:02:32.073,106445.86,0.0003,31.933757999999997
2025-10-18 00:02:32.092,106445.86,0.19282,20524.8907252
2025-10-18 00:02:32.399,106445.87,0.0001,10.644587
2025-10-18 00:02:32.506,106445.87,0.00012,12.7735044
2025-10-18 00:02:32.511,106445.86,0.1585,16871.66881
2025-10-18 00:02:32.512,106443.41,5e-05,5.3221705
2025-10-18 00:02:32.514,106441.76,0.00015,15.966263999999997
2025-10-18 00:02:32.519,106441.66,0.0022,234.17165200000002
2025-10-18 00:02:32.524,106440.4,0.01154,1228.322216
2025-10-18 00:02:32.525,106440.01,0.00015,15.966001499999997
2025-10-18 00:02:32.526,106435.96,0.00201,213.9362796
2025-10-18 00:02:32.529,106435.96,6e-05,6.386157600000001
2025-10-18 00:02:32.533,106435.97,5e-05,5.3217985
2025-10-18 00:02:32.611,106435.07,5e-05,5.321753500000001
2025-10-18 00:02:32.616,106434.74,0.0013,138.365162
2025-10-18 00:02:33.264,106432.24,6e-05,6.385934400000001
2025-10-18 00:02:33.290,106432.24,0.00377,401.2495448
2025-10-18 00:02:34.016,106432.24,0.00013,13.8361912
2025-10-18 00:02:34.533,106432.24,0.00093,98.98198320000002
2025-10-18 00:02:34.746,106432.24,0.01706,1815.7340144
2025-10-18 00:02:34.885,106432.24,0.00047,50.0231528
2025-10-18 00:02:35.291,106432.24,0.00021,22.350770400000002
2025-10-18 00:02:35.581,106432.23,0.06117,6510.4595091
2025-10-18 00:02:35.924,106432.23,8e-05,8.5145784
2025-10-18 00:02:36.192,106432.24,0.00162,172.4202288
2025-10-18 00:02:36.616,106432.23,9e-05,9.5789007
2025-10-18 00:02:37.150,106432.24,0.00047,50.0231528
2025-10-18 00:02:37.310,106432.23,0.00893,950.4398139
2025-10-18 00:02:37.384,106432.23,0.00397,422.5359530999999
2025-10-18 00:02:37.829,106432.23,0.18791,19999.680339299997
2025-10-18 00:02:37.831,106432.23,0.013,1383.61899
2025-10-18 00:02:37.908,106432.23,0.01083,1152.6610509
2025-10-18 00:02:37.911,106432.22,0.03464,3686.8121008
2025-10-18 00:02:37.913,106432.22,0.0005,53.21611
2025-10-18 00:02:37.989,106430.99,0.001,106.43099000000001
2025-10-18 00:02:38.008,106430.75,0.00644,685.41403
2025-10-18 00:02:38.010,106430.74,0.00156,166.03195440000002
2025-10-18 00:02:38.012,106427.75,6e-05,6.385665
2025-10-18 00:02:38.282,106423.75,0.013,1383.50875
2025-10-18 00:02:38.366,106423.76,0.00124,131.9654624
2025-10-18 00:02:39.112,106423.76,0.02819,3000.0857944
2025-10-18 00:02:39.279,106423.76,4e-05,4.2569504
2025-10-18 00:02:39.936,106423.75,0.013,1383.50875
2025-10-18 00:02:39.940,106423.75,0.013,1383.50875
2025-10-18 00:02:39.987,106423.75,0.05824,6198.1192
2025-10-18 00:02:40.112,106423.76,0.00245,260.738212
2025-10-18 00:02:40.487,106423.75,0.01503,1599.5489625
2025-10-18 00:02:40.605,106423.75,0.06648,7075.050899999999
2025-10-18 00:02:40.669,106423.75,0.01503,1599.5489625
2025-10-18 00:02:41.243,106423.76,0.00012,12.7708512
2025-10-18 00:02:41.415,106423.75,0.00274,291.601075
2025-10-18 00:02:41.519,106421.6,0.00015,15.963239999999999
2025-10-18 00:02:41.741,106420.22,0.00234,249.0233148
2025-10-18 00:02:42.024,106420.23,0.00016,17.0272368
2025-10-18 00:02:42.392,106420.23,0.00044,46.8249012
2025-10-18 00:02:42.602,106420.23,0.00047,50.01750809999999
2025-10-18 00:02:42.697,106420.23,6e-05,6.3852138
2025-10-18 00:02:43.576,106420.23,6e-05,6.3852138
2025-10-18 00:02:43.598,106420.22,0.2,21284.044
2025-10-18 00:02:43.801,106420.22,0.013,1383.4628599999999
2025-10-18 00:02:44.061,106420.23,0.00911,969.4882953
2025-10-18 00:02:44.677,106420.23,0.00012,12.7704276
2025-10-18 00:02:45.849,106420.22,0.00177,188.3637894
2025-10-18 00:02:46.421,106420.22,0.01616,1719.7507552000002
2025-10-18 00:02:46.614,106420.22,0.0134,1426.030948
2025-10-18 00:02:46.727,106420.22,0.04063,4323.8535386
2025-10-18 00:02:46.728,106420.23,7e-05,7.449416099999999
2025-10-18 00:02:46.731,106420.22,0.00698,742.8131356
2025-10-18 00:02:46.735,106420.22,0.02795,2974.445149
2025-10-18 00:02:46.756,106420.23,0.00093,98.9708139
2025-10-18 00:02:47.194,106420.23,0.00751,799.2159273
2025-10-18 00:02:47.938,106420.23,0.00044,46.8249012
2025-10-18 00:02:47.940,106420.22,0.013,1383.4628599999999
2025-10-18 00:02:47.941,106420.22,0.013,1383.4628599999999
2025-10-18 00:02:48.357,106420.22,0.00037,39.3754814
2025-10-18 00:02:49.898,106420.22,9e-05,9.5778198
2025-10-18 00:02:50.589,106420.22,0.06193,6590.6042246
2025-10-18 00:02:51.780,106420.22,0.00034,36.1828748
2025-10-18 00:02:52.422,106420.23,0.00019,20.219843700000002
2025-10-18 00:02:53.383,106420.23,0.00132,140.4747036
2025-10-18 00:02:53.589,106420.22,0.013,1383.4628599999999
2025-10-18 00:02:53.590,106420.22,0.013,1383.4628599999999
2025-10-18 00:02:53.591,106420.22,0.013,1383.4628599999999
2025-10-18 00:02:53.648,106420.22,0.00592,630.0077024
2025-10-18 00:02:54.724,106420.22,0.00024,25.5408528
2025-10-18 00:02:55.132,106420.23,0.00227,241.57392209999998
2025-10-18 00:02:55.278,106420.22,0.013,1383.4628599999999
2025-10-18 00:02:55.280,106420.22,0.013,1383.4628599999999
2025-10-18 00:02:55.305,106420.22,0.05936,6317.1042592
2025-10-18 00:02:55.308,106420.22,0.02025,2155.009455
2025-10-18 00:02:55.309,106420.22,0.013,1383.4628599999999
2025-10-18 00:02:55.492,106420.22,0.00187,199.0058114
2025-10-18 00:02:55.498,106420.22,0.00024,25.5408528
2025-10-18 00:02:55.647,106420.22,0.02267,2412.5463873999997
2025-10-18 00:02:56.111,106420.22,0.03081,3278.8069782000002
2025-10-18 00:02:56.576,106420.22,8e-05,8.513617600000002
2025-10-18 00:02:56.615,106420.22,0.04475,4762.304845
2025-10-18 00:02:56.772,106420.22,0.0318,3384.162996
2025-10-18 00:02:56.773,106420.21,0.00051,54.27430710000001
2025-10-18 00:02:56.774,106420.21,0.02748,2924.4273708
2025-10-18 00:02:56.775,106420.21,0.02175,2314.6395675
2025-10-18 00:02:56.776,106420.21,0.00051,54.27430710000001
2025-10-18 00:02:57.033,106420.21,0.16213,17253.9086473
2025-10-18 00:02:57.041,106415.9,0.00015,15.962384999999998
2025-10-18 00:02:57.066,106415.63,0.0014,148.981882
2025-10-18 00:02:57.532,106415.63,0.00117,124.50628710000001
2025-10-18 00:02:57.914,106415.62,0.06212,6610.5383144
2025-10-18 00:02:57.915,106415.62,0.009,957.7405799999999
2025-10-18 00:02:57.916,106415.62,0.009,957.7405799999999
2025-10-18 00:02:58.133,106413.99,0.0001,10.641399000000002
2025-10-18 00:02:58.135,106410.44,0.0003,31.923132
2025-10-18 00:02:58.143,106405.95,0.0001,10.640595
2025-10-18 00:02:58.146,106405.19,0.013,1383.26747
2025-10-18 00:02:58.154,106405.2,5e-05,5.32026
2025-10-18 00:02:58.230,106405.19,0.00036,38.3058684
2025-10-18 00:02:58.320,106405.19,0.0014,148.967266
2025-10-18 00:02:58.387,106405.2,0.01522,1619.487144
2025-10-18 00:02:58.837,106405.19,0.00024,25.537245600000002
2025-10-18 00:02:58.960,106405.19,0.00014,14.8967266
2025-10-18 00:02:59.077,106401.75,6e-05,6.384105
2025-10-18 00:02:59.089,106401.75,0.013,1383.22275
2025-10-18 00:02:59.090,106400.48,0.00021,22.3441008
2025-10-18 00:02:59.092,106400.48,0.013,1383.20624
2025-10-18 00:02:59.247,106400.48,0.00053,56.3922544
2025-10-18 00:02:59.522,106400.48,0.00925,984.2044399999999
2025-10-18 00:02:59.523,106400.48,0.04456,4741.2053888
2025-10-18 00:02:59.525,106400.14,5e-05,5.320007
2025-10-18 00:02:59.533,106398.0,0.00065,69.1587
2025-10-18 00:02:59.534,106394.55,0.0015,159.591825
2025-10-18 00:02:59.537,106392.09,6e-05,6.3835254
2025-10-18 00:02:59.677,106392.09,0.00264,280.8751176
2025-10-18 00:02:59.682,106392.09,0.00037,39.3650733
2025-10-18 00:02:59.832,106392.09,0.00436,463.8695124
2025-10-18 00:02:59.888,106392.09,0.00592,629.8411728
2025-10-18 00:02:59.932,106392.09,0.001,106.39209
2025-10-18 00:02:59.938,106392.09,0.001,106.39209
2025-10-18 00:03:00.294,106392.1,0.00594,631.969074
2025-10-18 00:03:00.596,106392.1,0.00147,156.396387
2025-10-18 00:03:00.601,106392.09,0.07123,7578.3085707
2025-10-18 00:03:00.633,106392.1,0.00093,98.94465300000002
2025-10-18 00:03:01.184,106392.09,8e-05,8.5113672
2025-10-18 00:03:01.296,106392.09,0.00621,660.6948789
2025-10-18 00:03:01.437,106392.1,0.00047,50.004287
2025-10-18 00:03:01.853,106392.09,0.00013,13.8309717
2025-10-18 00:03:03.032,106392.1,0.00165,175.546965
2025-10-18 00:03:03.039,106392.09,7e-05,7.447446299999999
2025-10-18 00:03:03.130,106392.1,0.00015,15.958815
2025-10-18 00:03:03.618,106392.1,9e-05,9.575289000000001
2025-10-18 00:03:03.644,106392.09,0.03262,3470.5099758
2025-10-18 00:03:03.770,106392.1,5e-05,5.319605
2025-10-18 00:03:04.821,106392.09,0.00012,12.7670508
2025-10-18 00:03:04.994,106392.09,0.00047,50.0042823
2025-10-18 00:03:05.018,106392.1,0.00019,20.214499000000004
2025-10-18 00:03:05.254,106392.09,0.00468,497.9149812
2025-10-18 00:03:06.410,106392.09,9e-05,9.5752881
2025-10-18 00:03:07.638,106392.1,0.00018,19.150578000000003
2025-10-18 00:03:07.911,106392.1,0.00119,126.60659900000002
2025-10-18 00:03:08.433,106392.1,0.00024,25.534104000000003
2025-10-18 00:03:09.318,106392.09,0.05772,6140.9514348
2025-10-18 00:03:09.792,106392.09,0.00234,248.9574906
2025-10-18 00:03:09.940,106392.09,0.01279,1360.7548310999998
2025-10-18 00:03:09.990,106392.09,0.00024,25.5341016
2025-10-18 00:03:10.339,106392.09,8e-05,8.5113672
2025-10-18 00:03:10.523,106392.09,0.01503,1599.0731127
2025-10-18 00:03:10.596,106392.09,0.05889,6265.430180099999
2025-10-18 00:03:10.794,106392.1,5e-05,5.319605
2025-10-18 00:03:11.276,106392.1,8e-05,8.511368000000001
2025-10-18 00:03:11.384,106392.09,0.00154,163.8438186
2025-10-18 00:03:11.577,106392.09,0.0001,10.639209000000001
2025-10-18 00:03:11.918,106392.1,0.00035,37.237235
2025-10-18 00:03:11.942,106392.1,8e-05,8.511368000000001
2025-10-18 00:03:12.027,106392.09,9e-05,9.5752881
2025-10-18 00:03:12.226,106392.09,0.00895,952.2092054999999
2025-10-18 00:03:12.985,106392.1,0.00347,369.180587
2025-10-18 00:03:13.018,106392.1,0.01711,1820.3688310000002
2025-10-18 00:03:13.059,106392.1,0.08016,8528.390736
2025-10-18 00:03:13.065,106396.0,0.0003,31.918799999999997
2025-10-18 00:03:13.079,106396.18,0.00939,999.0601302
2025-10-18 00:03:13.114,106396.18,0.00093,98.9484474
2025-10-18 00:03:13.333,106396.18,0.00012,12.7675416
2025-10-18 00:03:13.400,106396.18,0.00152,161.7221936
2025-10-18 00:03:13.403,106396.19,0.0012,127.675428
2025-10-18 00:03:13.404,106396.2,0.00025,26.59905
2025-10-18 00:03:13.643,106396.35,0.00531,564.9646185
2025-10-18 00:03:13.644,106397.2,5e-05,5.31986
2025-10-18 00:03:14.144,106398.48,0.00012,12.767817599999999
2025-10-18 00:03:14.409,106398.48,0.00019,20.2157112
2025-10-18 00:03:15.379,106398.48,0.004,425.59391999999997
2025-10-18 00:03:15.510,106398.47,0.00025,26.5996175
2025-10-18 00:03:15.755,106398.47,0.015,1595.97705
2025-10-18 00:03:16.402,106398.48,0.004,425.59391999999997
2025-10-18 00:03:16.404,106398.47,0.00129,137.2540263
2025-10-18 00:03:16.528,106398.47,0.013,1383.18011
2025-10-18 00:03:16.529,106398.47,0.013,1383.18011
2025-10-18 00:03:16.682,106398.48,0.00071,75.5429208
2025-10-18 00:03:16.709,106398.47,0.005,531.99235
2025-10-18 00:03:16.710,106398.47,0.00499,530.9283653
2025-10-18 00:03:16.711,106398.46,0.00119,126.61416740000001
2025-10-18 00:03:16.715,106394.43,5e-05,5.3197215
2025-10-18 00:03:16.717,106394.22,0.00261,277.6889142
2025-10-18 00:03:16.719,106394.22,0.00245,260.665839
2025-10-18 00:03:17.274,106392.09,0.00046,48.9403614
2025-10-18 00:03:17.298,106392.09,0.00016,17.0227344
2025-10-18 00:03:17.325,106392.08,9e-05,9.5752872
2025-10-18 00:03:17.387,106392.09,0.004,425.56836
2025-10-18 00:03:17.848,106392.08,0.57596,61277.582396800004
2025-10-18 00:03:17.852,106392.08,0.84547,89951.3118776
2025-10-18 00:03:17.857,106392.08,0.56515,60127.48401200001
2025-10-18 00:03:17.862,106390.5,0.2471,26289.092549999998
2025-10-18 00:03:17.866,106390.5,0.00025,26.597625
2025-10-18 00:03:17.870,106388.0,0.00386,410.65768
2025-10-18 00:03:17.873,106387.09,0.00767,815.9889803
2025-10-18 00:03:17.874,106387.09,0.013,1383.03217
2025-10-18 00:03:17.880,106386.0,0.0015,159.579
2025-10-18 00:03:17.885,106383.81,0.00109,115.95835290000001
2025-10-18 00:03:18.039,106382.14,0.0001,10.638214
2025-10-18 00:03:18.041,106380.8,8e-05,8.510464
2025-10-18 00:03:18.054,106380.56,0.00146,155.3156176
2025-10-18 00:03:18.136,106380.0,0.0046,489.348
2025-10-18 00:03:18.204,106380.0,0.00459,488.28420000000006
2025-10-18 00:03:18.205,106378.72,6e-05,6.3827232
2025-10-18 00:03:18.206,106376.82,0.00433,460.6116306
2025-10-18 00:03:18.209,106376.34,0.00015,15.956450999999998
2025-10-18 00:03:18.439,106376.01,0.004,425.50404
2025-10-18 00:03:18.813,106376.01,0.0094,999.934494
2025-10-18 00:03:19.413,106376.01,0.004,425.50404
2025-10-18 00:03:19.654,106376.0,0.00473,503.15848
2025-10-18 00:03:20.024,106376.0,8e-05,8.51008
2025-10-18 00:03:20.581,106373.48,5e-05,5.318674
2025-10-18 00:03:20.584,106371.01,6e-05,6.3822605999999995
2025-10-18 00:03:20.657,106371.01,0.013,1382.8231299999998
2025-10-18 00:03:20.658,106371.01,0.013,1382.8231299999998
2025-10-18 00:03:21.031,106371.01,0.01663,1768.9498962999999
2025-10-18 00:03:21.032,106370.09,0.00098,104.24268819999999
2025-10-18 00:03:21.037,106370.06,0.02506,2665.6337036
2025-10-18 00:03:21.038,106370.0,0.0038,404.206
2025-10-18 00:03:21.039,106368.34,0.00067,71.2667878
2025-10-18 00:03:21.041,106358.44,5e-05,5.317922
2025-10-18 00:03:21.100,106357.82,0.00063,67.0054266
2025-10-18 00:03:22.117,106357.81,0.001,106.35781
2025-10-18 00:03:22.120,106356.56,0.00095,101.038732
2025-10-18 00:03:22.124,106356.55,0.0022,233.98441000000003
2025-10-18 00:03:22.125,106354.18,0.00193,205.2635674
2025-10-18 00:03:22.157,106354.19,0.00094,99.9729386
2025-10-18 00:03:22.160,106354.18,0.34954,37175.0400772
2025-10-18 00:03:22.163,106354.18,0.05298,5634.644456399999
2025-10-18 00:03:22.165,106354.0,0.00108,114.86232
2025-10-18 00:03:22.168,106352.34,7e-05,7.444663799999999
2025-10-18 00:03:22.253,106352.01,0.00012,12.7622412
2025-10-18 00:03:22.738,106352.01,0.00469,498.79092689999993
2025-10-18 00:03:22.857,106352.01,0.0012,127.62241199999998
2025-10-18 00:03:22.858,106352.01,0.16785,17851.1848785
2025-10-18 00:03:22.861,106354.18,0.0001,10.635418
2025-10-18 00:03:22.863,106354.19,0.00062,65.9395978
2025-10-18 00:03:22.889,106354.19,0.04248,4517.9259912
2025-10-18 00:03:22.897,106354.3,5e-05,5.317715000000001
2025-10-18 00:03:22.912,106355.15,0.00015,15.953272499999997
2025-10-18 00:03:22.916,106355.16,0.00185,196.757046
2025-10-18 00:03:22.920,106357.83,0.0587,6243.204621000001
2025-10-18 00:03:22.922,106360.0,0.00015,15.953999999999999
2025-10-18 00:03:22.925,106360.0,0.00015,15.953999999999999
2025-10-18 00:03:22.944,106364.78,8e-05,8.5091824
2025-10-18 00:03:22.967,106367.47,0.00344,365.9040968
2025-10-18 00:03:23.049,106367.47,0.0529,5626.839163000001
2025-10-18 00:03:23.051,106367.51,0.00065,69.1388815
2025-10-18 00:03:23.073,106367.94,0.0014,148.915116
2025-10-18 00:03:23.207,106368.47,0.00883,939.2335900999999
2025-10-18 00:03:23.445,106368.47,7e-05,7.4457929
2025-10-18 00:03:23.626,106373.2,0.0001,10.63732
2025-10-18 00:03:23.629,106380.49,6e-05,6.3828294
2025-10-18 00:03:24.271,106380.49,0.0001,10.638049
2025-10-18 00:03:24.327,106380.49,0.00941,1001.0404109000001
2025-10-18 00:03:24.600,106380.48,7e-05,7.446633599999999
2025-10-18 00:03:24.856,106380.49,0.00092,97.8700508
2025-10-18 00:03:25.432,106380.49,0.0002,21.276098
2025-10-18 00:03:25.588,106380.48,0.05786,6155.1745728
2025-10-18 00:03:26.108,106380.49,0.00087,92.5510263
2025-10-18 00:03:26.595,106380.48,0.00019,20.2122912
2025-10-18 00:03:27.124,106380.49,9e-05,9.574244100000001
2025-10-18 00:03:27.276,106380.49,0.00082,87.2320018
2025-10-18 00:03:27.277,106380.49,0.00082,87.2320018
2025-10-18 00:03:27.278,106380.49,0.00047,49.9988303
2025-10-18 00:03:27.319,106380.49,0.00012,12.7656588
2025-10-18 00:03:29.022,106380.48,0.00018,19.1484864
2025-10-18 00:03:29.091,106380.49,8e-05,8.5104392
2025-10-18 00:03:29.232,106380.0,0.0002,21.276
2025-10-18 00:03:29.315,106378.82,0.00757,805.2876674000001
2025-10-18 00:03:29.347,106378.81,0.0021,223.39550099999997
2025-10-18 00:03:29.672,106376.44,0.00031,32.9766964
2025-10-18 00:03:30.087,106376.44,0.00174,185.0950056
2025-10-18 00:03:30.712,106376.44,0.00047,49.9969268
2025-10-18 00:03:30.782,106376.43,0.00021,22.3390503
2025-10-18 00:03:30.807,106376.43,8e-05,8.5101144
2025-10-18 00:03:30.871,106376.43,0.00031,32.9766933
2025-10-18 00:03:31.017,106376.44,0.00047,49.9969268
2025-10-18 00:03:31.044,106376.43,0.00031,32.9766933
2025-10-18 00:03:31.078,106376.43,9e-05,9.5738787
2025-10-18 00:03:31.164,106376.43,0.00021,22.3390503
2025-10-18 00:03:31.225,106376.43,0.00021,22.3390503
2025-10-18 00:03:31.261,106376.43,0.00022,23.4028146
2025-10-18 00:03:31.464,106376.44,0.00012,12.7651728
2025-10-18 00:03:31.545,106376.43,0.00047,49.99692209999999
2025-10-18 00:03:31.806,106376.43,0.00031,32.9766933
2025-10-18 00:03:31.833,106376.43,0.00012,12.765171599999999
2025-10-18 00:03:31.835,106376.43,0.00089,94.67502269999999
2025-10-18 00:03:31.896,106376.43,0.00626,665.9164518
2025-10-18 00:03:31.985,106376.44,0.00047,49.9969268
2025-10-18 00:03:31.991,106376.43,0.0003,31.912928999999995
2025-10-18 00:03:32.979,106376.43,0.00089,94.67502269999999
2025-10-18 00:03:32.984,106376.43,0.00089,94.67502269999999
2025-10-18 00:03:33.019,106376.43,0.00089,94.67502269999999
2025-10-18 00:03:33.330,106376.44,8e-05,8.510115200000001
2025-10-18 00:03:33.420,106376.44,0.00023,24.4665812
2025-10-18 00:03:33.869,106376.43,0.09202,9788.7590886
2025-10-18 00:03:34.125,106376.43,0.00022,23.4028146
2025-10-18 00:03:34.224,106376.43,0.00109,115.9503087
2025-10-18 00:03:34.420,106376.43,0.00022,23.4028146
2025-10-18 00:03:34.442,106376.43,0.00011,11.7014073
2025-10-18 00:03:34.485,106376.44,0.00018,19.147759200000003
2025-10-18 00:03:34.843,106376.44,0.00015,15.956465999999999
2025-10-18 00:03:34.853,106376.43,0.00016,17.0202288
2025-10-18 00:03:35.471,106376.44,0.00099,105.3126756
2025-10-18 00:03:35.580,106376.43,0.06374,6780.4336482
2025-10-18 00:03:35.719,106376.44,0.0047,499.96926800000006
2025-10-18 00:03:35.805,106376.43,0.00046,48.9331578
2025-10-18 00:03:35.911,106376.44,0.00018,19.147759200000003
2025-10-18 00:03:36.074,106376.44,0.00018,19.147759200000003
2025-10-18 00:03:37.999,106376.44,0.00033,35.1042252
2025-10-18 00:03:38.026,106376.43,0.00412,438.2708916
2025-10-18 00:03:38.332,106376.44,0.02591,2756.2135604
2025-10-18 00:03:38.846,106376.43,9e-05,9.5738787
2025-10-18 00:03:39.072,106376.44,0.00646,687.1918024
2025-10-18 00:03:39.719,106376.43,0.00112,119.14160159999999
2025-10-18 00:03:39.796,106376.43,0.00028,29.785400399999997
2025-10-18 00:03:39.844,106376.43,0.00016,17.0202288
2025-10-18 00:03:39.888,106376.44,6e-05,6.3825864
2025-10-18 00:03:40.341,106376.44,0.00047,49.9969268
2025-10-18 00:03:40.549,106376.44,0.00243,258.4947492
2025-10-18 00:03:40.599,106376.43,0.00019,20.2115217
2025-10-18 00:03:40.605,106376.43,0.06121,6511.301280299999
2025-10-18 00:03:40.838,106376.44,0.00087,92.5475028
2025-10-18 00:03:40.894,106376.43,8e-05,8.5101144
2025-10-18 00:03:40.930,106376.43,0.0002,21.275286
2025-10-18 00:03:41.094,106376.43,0.00039,41.4868077
2025-10-18 00:03:41.136,106376.43,0.00032,34.0404576
2025-10-18 00:03:41.172,106376.43,0.0003,31.912928999999995
2025-10-18 00:03:41.253,106376.43,0.00041,43.6143363
2025-10-18 00:03:41.283,106376.43,0.0002,21.275286
2025-10-18 00:03:42.712,106376.43,9e-05,9.5738787
2025-10-18 00:03:43.355,106376.44,0.00023,24.4665812
2025-10-18 00:03:44.023,106376.43,0.00098,104.2489014
2025-10-18 00:03:44.263,106376.43,9e-05,9.5738787
2025-10-18 00:03:44.293,106376.43,0.00021,22.3390503
2025-10-18 00:03:44.449,106376.43,9e-05,9.5738787
2025-10-18 00:03:44.525,106376.43,0.0003,31.912928999999995
2025-10-18 00:03:44.577,106376.43,0.00042,44.6781006
2025-10-18 00:03:45.962,106376.43,0.00438,465.9287634
2025-10-18 00:03:46.291,106376.44,0.13157,13995.9482108
2025-10-18 00:03:46.293,106377.3,5e-05,5.318865000000001
2025-10-18 00:03:46.295,106379.0,0.0002,21.2758
2025-10-18 00:03:46.297,106380.48,0.00295,313.822416
2025-10-18 00:03:46.301,106380.69,0.00135,143.6139315
2025-10-18 00:03:46.303,106380.7,0.0009,95.74262999999999
2025-10-18 00:03:46.305,106382.03,0.00095,101.0629285
2025-10-18 00:03:46.308,106382.82,0.00225,239.361345
2025-10-18 00:03:46.311,106384.98,0.0238,2531.962524
2025-10-18 00:03:46.313,106384.98,0.02949,3137.2930601999997
2025-10-18 00:03:46.316,106384.98,0.00547,581.9258406
2025-10-18 00:03:46.324,106384.99,0.0023,244.68547700000002
2025-10-18 00:03:46.336,106387.08,0.0001,10.638708000000001
2025-10-18 00:03:46.355,106387.08,0.00281,298.9476948
2025-10-18 00:03:46.371,106388.25,0.029,3085.25925
2025-10-18 00:03:46.538,106388.24,0.00132,140.43247680000002
2025-10-18 00:03:47.041,106388.25,0.04355,4633.2082875
2025-10-18 00:03:47.043,106388.62,5e-05,5.319431
2025-10-18 00:03:47.044,106388.75,6e-05,6.383325
2025-10-18 00:03:47.047,106388.75,0.00125,132.9859375
2025-10-18 00:03:47.052,106390.82,0.0014,148.947148
2025-10-18 00:03:47.054,106391.13,0.00224,238.3161312
2025-10-18 00:03:47.084,106391.14,0.0015,159.58671
2025-10-18 00:03:47.150,106394.62,0.0003,31.918385999999995
2025-10-18 00:03:47.209,106394.62,0.00038,40.4299556
2025-10-18 00:03:47.244,106394.62,8e-05,8.5115696
2025-10-18 00:03:47.279,106394.62,0.00024,25.5347088
2025-10-18 00:03:47.374,106394.62,0.0001,10.639462
2025-10-18 00:03:47.417,106394.62,0.00019,20.2149778
2025-10-18 00:03:47.450,106394.62,0.00018,19.1510316
2025-10-18 00:03:47.624,106394.63,0.00425,452.1771775
2025-10-18 00:03:47.668,106394.63,0.00024,25.5347112
2025-10-18 00:03:48.394,106394.63,0.001,106.39463
2025-10-18 00:03:48.426,106394.63,0.00028,29.7904964
2025-10-18 00:03:48.563,106394.62,0.00041,43.6217942
2025-10-18 00:03:48.952,106394.63,0.00018,19.151033400000003
2025-10-18 00:03:48.984,106394.62,0.00056,59.580987199999996
2025-10-18 00:03:49.769,106394.63,0.00124,131.9293412
2025-10-18 00:03:49.920,106394.63,0.00024,25.5347112
2025-10-18 00:03:50.163,106394.63,0.00093,98.94700590000001
2025-10-18 00:03:50.589,106394.62,0.04901,5214.4003262
2025-10-18 00:03:50.615,106394.63,0.00278,295.7770714
2025-10-18 00:03:51.156,106394.64,0.0014,148.952496
2025-10-18 00:03:51.583,106394.63,0.00283,301.0968029
2025-10-18 00:03:51.585,106394.63,6e-05,6.3836778
2025-10-18 00:03:51.687,106394.64,0.06,6383.6784
2025-10-18 00:03:51.733,106394.63,8e-05,8.511570400000002
2025-10-18 00:03:52.868,106394.64,9e-05,9.575517600000001
2025-10-18 00:03:54.752,106394.64,9e-05,9.575517600000001
2025-10-18 00:03:55.587,106394.63,0.0695,7394.426785000001
2025-10-18 00:03:56.669,106394.63,0.00124,131.9293412
2025-10-18 00:03:58.201,106394.64,0.00012,12.7673568
2025-10-18 00:03:58.789,106394.63,0.0188,2000.2190440000002
2025-10-18 00:03:58.924,106394.64,0.00304,323.4397056
2025-10-18 00:03:59.131,106394.63,0.09434,10037.2693942
2025-10-18 00:03:59.133,106394.63,0.15096,16061.333344800001
2025-10-18 00:03:59.134,106394.63,0.06015,6399.636994500001
2025-10-18 00:03:59.137,106394.63,0.116,12341.777080000002
2025-10-18 00:03:59.138,106394.63,0.37412,39804.3589756
2025-10-18 00:03:59.146,106394.63,0.05579,5935.756407700001
2025-10-18 00:03:59.153,106394.63,0.24714,26294.3688582
2025-10-18 00:03:59.289,106394.64,0.00082,87.2436048
2025-10-18 00:03:59.388,106394.64,0.01344,1429.9439616
2025-10-18 00:03:59.521,106394.63,0.00028,29.7904964
2025-10-18 00:03:59.589,106394.64,0.00029,30.8544456
2025-10-18 00:04:00.053,106394.63,0.04825,5133.5408975
2025-10-18 00:04:00.054,106390.38,0.00015,15.958556999999999
2025-10-18 00:04:00.057,106390.0,0.00035,37.2365
2025-10-18 00:04:00.058,106384.0,5e-05,5.3192
2025-10-18 00:04:00.071,106381.86,0.013,1382.96418
2025-10-18 00:04:00.072,106381.86,0.013,1382.96418
2025-10-18 00:04:00.074,106381.86,0.013,1382.96418
2025-10-18 00:04:00.167,106381.86,0.00273,290.42247779999997
2025-10-18 00:04:00.253,106381.86,0.00503,535.1007558
2025-10-18 00:04:00.545,106381.12,5e-05,5.319056
2025-10-18 00:04:00.546,106380.0,5e-05,5.319
2025-10-18 00:04:00.558,106376.88,0.0003,31.913064
2025-10-18 00:04:00.591,106376.7,0.00093,98.93033100000001
2025-10-18 00:04:00.905,106376.43,0.06326,6729.372961799999
2025-10-18 00:04:00.907,106376.43,0.02126,2261.5629018
2025-10-18 00:04:01.147,106376.43,0.00032,34.0404576
2025-10-18 00:04:02.094,106376.42,0.00047,49.9969174
2025-10-18 00:04:02.242,106376.43,0.00047,49.99692209999999
2025-10-18 00:04:02.413,106376.42,0.00021,22.3390482
2025-10-18 00:04:02.470,106376.43,0.01237,1315.8764391
2025-10-18 00:04:03.429,106376.43,0.028,2978.54004
2025-10-18 00:04:03.464,106376.43,0.028,2978.54004
2025-10-18 00:04:03.810,106376.43,0.00317,337.2132831
2025-10-18 00:04:04.083,106376.43,0.0282,2999.815326
2025-10-18 00:04:04.234,106376.43,0.028,2978.54004
2025-10-18 00:04:04.718,106376.43,0.00084,89.3562012
2025-10-18 00:04:05.412,106376.43,0.00121,128.7154803
2025-10-18 00:04:05.596,106376.42,0.06578,6997.4409076
2025-10-18 00:04:06.030,106376.42,0.003,319.12926
2025-10-18 00:04:06.150,106376.43,0.011,1170.1407299999998
2025-10-18 00:04:06.153,106376.43,0.00012,12.765171599999999
2025-10-18 00:04:06.588,106376.43,0.00221,235.0919103
2025-10-18 00:04:06.589,106376.43,0.00221,235.0919103
2025-10-18 00:04:06.591,106376.43,0.00082,87.2286726
2025-10-18 00:04:06.638,106376.43,0.00082,87.2286726
2025-10-18 00:04:06.639,106376.43,0.00347,369.1262121
2025-10-18 00:04:06.640,106376.43,0.00347,369.1262121
2025-10-18 00:04:06.844,106376.43,0.01399,1488.2062557
2025-10-18 00:04:06.845,106376.43,0.00225,239.34696749999998
2025-10-18 00:04:07.224,106376.43,0.00178,189.35004539999997
2025-10-18 00:04:07.232,106380.68,0.00081,86.16835079999998
2025-10-18 00:04:07.532,106380.67,0.00023,24.4675541
2025-10-18 00:04:08.022,106380.67,5e-05,5.3190335
2025-10-18 00:04:08.336,106380.68,0.00039,41.48846519999999
2025-10-18 00:04:08.556,106380.68,0.002,212.76136
2025-10-18 00:04:08.622,106380.67,0.00752,799.9826383999999
2025-10-18 00:04:08.684,106380.68,0.001,106.38068
2025-10-18 00:04:09.522,106380.68,0.002,212.76136
2025-10-18 00:04:09.608,106380.67,0.02237,2379.7355879
2025-10-18 00:04:09.792,106380.68,0.003,319.14204
2025-10-18 00:04:09.994,106380.68,0.00022,23.403749599999998
2025-10-18 00:04:10.781,106380.67,0.00062,65.9560154
2025-10-18 00:04:11.253,106380.68,0.00048,51.062726399999995
2025-10-18 00:04:11.313,106380.68,0.0001,10.638068
2025-10-18 00:04:11.422,106380.68,0.0002,21.276136
2025-10-18 00:04:13.133,106380.68,0.00012,12.765681599999999
2025-10-18 00:04:13.184,106380.67,0.001,106.38067
2025-10-18 00:04:13.185,106380.67,0.001,106.38067
2025-10-18 00:04:13.187,106380.67,0.00258,274.46212859999997
2025-10-18 00:04:13.191,106380.66,0.0023,244.675518
2025-10-18 00:04:13.206,106376.43,0.00015,15.956464499999997
2025-10-18 00:04:13.456,106376.43,0.00025,26.5941075
2025-10-18 00:04:13.780,106376.42,0.00022,23.402812400000002
2025-10-18 00:04:14.155,106376.43,6e-05,6.382585799999999
2025-10-18 00:04:14.227,106376.42,0.05,5318.821
2025-10-18 00:04:14.617,106376.43,7e-05,7.446350099999999
2025-10-18 00:04:15.104,106376.42,0.14391,15308.6306022
2025-10-18 00:04:15.164,106376.43,0.00407,432.95207009999996
2025-10-18 00:04:15.613,106372.09,0.00015,15.955813499999998
2025-10-18 00:04:15.622,106368.44,0.011,1170.05284
2025-10-18 00:04:15.623,106368.44,0.011,1170.05284
2025-10-18 00:04:15.832,106368.44,0.00046,48.929482400000005
2025-10-18 00:04:15.836,106368.45,0.00118,125.514771
2025-10-18 00:04:16.214,106368.45,8e-05,8.509476000000001
2025-10-18 00:04:16.332,106365.06,0.00149,158.4839394
2025-10-18 00:04:16.532,106362.71,0.005,531.8135500000001
2025-10-18 00:04:16.533,106362.7,0.013,1382.7151
2025-10-18 00:04:16.534,106362.7,0.013,1382.7151
2025-10-18 00:04:16.561,106362.7,0.00019,20.208913
2025-10-18 00:04:16.730,106362.71,0.23504,24999.491358400002
2025-10-18 00:04:17.092,106362.71,0.00011,11.6998981
2025-10-18 00:04:17.269,106362.71,0.00142,151.0350482
2025-10-18 00:04:17.622,106362.71,0.0001,10.636271
2025-10-18 00:04:17.791,106362.71,0.00189,201.0255219
2025-10-18 00:04:17.824,106362.71,0.00019,20.208914900000003
2025-10-18 00:04:17.870,106362.71,0.00011,11.6998981
2025-10-18 00:04:18.320,106362.71,0.00055,58.49949050000001
2025-10-18 00:04:18.324,106362.71,0.00029,30.8451859
2025-10-18 00:04:18.383,106362.71,0.0001,10.636271
2025-10-18 00:04:18.684,106362.71,0.00076,80.83565960000001
2025-10-18 00:04:18.732,106362.71,0.0001,10.636271
2025-10-18 00:04:18.975,106362.71,0.0094,999.8094740000001
2025-10-18 00:04:19.006,106362.7,0.00483,513.731841
2025-10-18 00:04:19.015,106354.18,0.00015,15.953126999999997
2025-10-18 00:04:19.017,106354.18,0.00016,17.0166688
2025-10-18 00:04:19.051,106354.17,0.0282,2999.187594
2025-10-18 00:04:19.059,106354.18,0.23058,24523.1468244
2025-10-18 00:04:19.083,106354.18,0.0001,10.635418
2025-10-18 00:04:19.084,106354.18,0.00016,17.0166688
2025-10-18 00:04:19.113,106354.18,0.00026,27.652086799999996
2025-10-18 00:04:19.437,106354.18,0.00019,20.2072942
2025-10-18 00:04:19.733,106354.18,5e-05,5.317709
2025-10-18 00:04:19.811,106354.18,6e-05,6.3812508
2025-10-18 00:04:20.070,106354.18,9e-05,9.5718762
2025-10-18 00:04:20.120,106354.18,0.00066,70.1937588
2025-10-18 00:04:20.419,106354.18,0.00018,19.1437524
2025-10-18 00:04:20.592,106354.17,0.06363,6767.315837100001
2025-10-18 00:04:21.044,106354.17,0.0077,818.927109
2025-10-18 00:04:21.735,106354.18,5e-05,5.317709
2025-10-18 00:04:22.304,106354.17,0.00375,398.82813749999997
2025-10-18 00:04:22.482,106354.17,0.00102,108.4812534
2025-10-18 00:04:22.743,106354.18,0.00025,26.588545
2025-10-18 00:04:22.779,106354.18,9e-05,9.5718762
2025-10-18 00:04:23.062,106354.17,0.0054,574.3125180000001
2025-10-18 00:04:23.448,106354.17,0.03822,4064.8563773999995
2025-10-18 00:04:23.921,106354.18,8e-05,8.5083344
2025-10-18 00:04:24.132,106354.18,0.00609,647.6969561999999
2025-10-18 00:04:24.684,106354.17,9e-05,9.5718753
2025-10-18 00:04:24.767,106354.18,0.00128,136.1333504
2025-10-18 00:04:25.456,106354.17,0.00324,344.58751079999996
2025-10-18 00:04:25.534,106354.17,0.002,212.70834
2025-10-18 00:04:25.535,106354.17,0.002,212.70834
2025-10-18 00:04:25.884,106354.18,0.0013,138.26043399999998
2025-10-18 00:04:26.288,106354.18,0.00011,11.698959799999999
2025-10-18 00:04:26.333,106354.18,8e-05,8.5083344
2025-10-18 00:04:26.577,106354.17,6e-05,6.3812502
2025-10-18 00:04:26.752,106354.17,0.00019,20.207292300000002
2025-10-18 00:04:26.930,106354.18,0.00024,25.5250032
2025-10-18 00:04:27.072,106354.18,0.00084,89.3375112
2025-10-18 00:04:27.835,106354.17,9e-05,9.5718753
2025-10-18 00:04:28.029,106354.17,0.01875,1994.1406874999998
2025-10-18 00:04:28.051,106354.18,0.00037,39.3510466
2025-10-18 00:04:28.392,106354.18,0.0001,10.635418
2025-10-18 00:04:28.425,106354.18,0.00024,25.5250032
2025-10-18 00:04:28.490,106354.18,0.00019,20.2072942
2025-10-18 00:04:28.987,106354.18,0.00374,397.76463319999993
2025-10-18 00:04:29.685,106354.18,6e-05,6.3812508
2025-10-18 00:04:29.944,106354.18,0.00395,420.099011
2025-10-18 00:04:30.527,106354.18,0.0015,159.53127
2025-10-18 00:04:30.721,106354.18,0.00024,25.5250032
2025-10-18 00:04:31.042,106354.17,0.013,1382.60421
2025-10-18 00:04:31.044,106354.17,0.013,1382.60421
2025-10-18 00:04:31.217,106354.18,0.00121,128.68855779999998
2025-10-18 00:04:31.370,106354.18,0.00031,32.9697958
2025-10-18 00:04:31.580,106354.17,0.00386,410.5270962
2025-10-18 00:04:31.664,106354.18,0.00084,89.3375112
2025-10-18 00:04:31.669,106354.17,0.00045,47.859376499999996
2025-10-18 00:04:32.181,106354.17,0.00424,450.9416808
2025-10-18 00:04:32.351,106354.17,0.00047,49.9864599
2025-10-18 00:04:33.263,106354.18,6e-05,6.3812508
2025-10-18 00:04:33.659,106354.17,0.00018,19.1437506
2025-10-18 00:04:33.764,106354.18,0.04591,4882.7204038
2025-10-18 00:04:33.992,106354.18,0.00135,143.578143
2025-10-18 00:04:34.128,106354.17,0.013,1382.60421
2025-10-18 00:04:34.129,106354.17,0.013,1382.60421
2025-10-18 00:04:34.409,106354.17,0.0006,63.812501999999995
2025-10-18 00:04:34.410,106354.17,0.0006,63.812501999999995
2025-10-18 00:04:34.969,106354.17,0.04371,4648.7407707
2025-10-18 00:04:35.393,106354.17,0.00095,101.0364615
2025-10-18 00:04:35.584,106354.17,0.05399,5742.061638300001
2025-10-18 00:04:35.950,106354.18,0.00047,49.9864646
2025-10-18 00:04:35.952,106354.18,9e-05,9.5718762
2025-10-18 00:04:36.785,106354.18,6e-05,6.3812508
2025-10-18 00:04:37.169,106354.18,0.00012,12.7625016
2025-10-18 00:04:37.334,106354.17,0.00477,507.3093909
2025-10-18 00:04:38.325,106354.18,0.00035,37.223963
2025-10-18 00:04:38.678,106354.17,0.00557,592.3927269000001
2025-10-18 00:04:38.848,106354.17,0.00477,507.3093909
2025-10-18 00:04:39.124,106354.18,0.00075,79.765635
2025-10-18 00:04:39.619,106354.18,0.00017,18.0802106
2025-10-18 00:04:39.885,106354.17,0.00176,187.1833392
2025-10-18 00:04:40.604,106354.17,0.06355,6758.807503499999
2025-10-18 00:04:40.943,106354.17,0.00018,19.1437506
2025-10-18 00:04:41.159,106354.18,0.00048,51.0500064
2025-10-18 00:04:42.295,106354.18,0.00097,103.1635546
2025-10-18 00:04:42.805,106354.18,0.00075,79.765635
2025-10-18 00:04:42.806,106354.18,7e-05,7.444792599999999
2025-10-18 00:04:43.462,106354.18,0.01537,1634.6637466
2025-10-18 00:04:43.791,106354.18,0.00432,459.4500576
2025-10-18 00:04:44.049,106354.18,0.27913,29686.642263399997
2025-10-18 00:04:44.050,106354.18,0.06553,6969.3894154
2025-10-18 00:04:44.053,106354.18,0.02647,2815.1951446
2025-10-18 00:04:44.059,106354.18,0.02857,3038.5389225999998
2025-10-18 00:04:44.062,106354.18,0.03124,3322.5045831999996
2025-10-18 00:04:44.110,106354.18,0.028,2977.91704
2025-10-18 00:04:44.116,106354.18,0.06046,6430.173722799999
2025-10-18 00:04:44.118,106354.18,0.10254,10905.5576172
2025-10-18 00:04:44.119,106354.18,0.05966,6345.0903788
2025-10-18 00:04:44.120,106354.3,0.00025,26.588575000000002
2025-10-18 00:04:44.121,106356.45,5e-05,5.3178225
2025-10-18 00:04:44.132,106359.31,0.0009,95.723379
2025-10-18 00:04:44.218,106360.24,0.00011,11.699626400000001
2025-10-18 00:04:44.315,106360.57,0.0001,10.636057000000001
2025-10-18 00:04:44.510,106362.7,0.00037,39.354199
2025-10-18 00:04:46.205,106362.7,0.00024,25.527048
2025-10-18 00:04:47.079,106362.71,0.00215,228.67982650000002
2025-10-18 00:04:47.441,106362.71,0.00277,294.6247067
2025-10-18 00:04:47.901,106362.71,0.00028,29.7815588
2025-10-18 00:04:48.038,106362.71,0.014,1489.0779400000001
2025-10-18 00:04:49.683,106362.7,0.00018,19.145286000000002
2025-10-18 00:04:49.824,106362.71,0.00535,569.0404985
2025-10-18 00:04:50.219,106362.7,0.00317,337.169759
2025-10-18 00:04:50.586,106362.7,0.04631,4925.656636999999
2025-10-18 00:04:50.650,106362.7,0.01316,1399.7331319999998
2025-10-18 00:04:52.124,106362.71,0.0001,10.636271
2025-10-18 00:04:52.982,106362.71,8e-05,8.509016800000001
2025-10-18 00:04:53.369,106362.7,5e-05,5.318135
2025-10-18 00:04:54.517,106362.7,0.00032,34.036064
2025-10-18 00:04:54.811,106362.71,0.00168,178.68935280000002
2025-10-18 00:04:54.944,106362.71,9e-05,9.572643900000001
2025-10-18 00:04:55.356,106362.7,0.00466,495.650182
2025-10-18 00:04:55.586,106362.7,0.05914,6290.290078
2025-10-18 00:04:55.632,106362.71,0.00013,13.8271523
2025-10-18 00:04:55.996,106362.7,4e-05,4.254508
2025-10-18 00:04:56.917,106362.7,0.0001,10.63627
2025-10-18 00:04:58.141,106362.71,9e-05,9.572643900000001
2025-10-18 00:04:58.288,106362.71,0.016,1701.80336
2025-10-18 00:04:58.430,106362.71,0.012,1276.3525200000001
2025-10-18 00:04:58.710,106362.71,0.0001,10.636271
2025-10-18 00:04:59.363,106362.71,0.00016,17.018033600000003
2025-10-18 00:04:59.453,106362.7,0.40047,42595.070469
2025-10-18 00:04:59.917,106362.7,0.00033,35.099691
2025-10-18 00:04:59.952,106362.71,0.00067,71.26301570000001
2025-10-18 00:05:00.333,106362.71,9e-05,9.572643900000001
2025-10-18 00:05:00.784,106362.7,0.00017,18.081659000000002
2025-10-18 00:05:00.901,106362.7,0.00268,285.052036
2025-10-18 00:05:00.986,106362.7,0.00043,45.735960999999996
2025-10-18 00:05:01.415,106362.71,0.028,2978.1558800000003
2025-10-18 00:05:01.434,106362.71,0.028,2978.1558800000003
2025-10-18 00:05:01.487,106362.79,0.0001,10.636279
2025-10-18 00:05:01.489,106363.68,0.0002,21.272736
2025-10-18 00:05:01.503,106365.03,5e-05,5.318251500000001
2025-10-18 00:05:01.515,106373.72,5e-05,5.3186860000000005
2025-10-18 00:05:02.457,106376.58,0.00014,14.892721199999999
2025-10-18 00:05:02.615,106376.58,0.0033,351.042714
2025-10-18 00:05:02.830,106376.57,0.00029,30.8492053
2025-10-18 00:05:03.434,106376.57,9e-05,9.573891300000001
2025-10-18 00:05:05.098,106376.58,0.001,106.37658
2025-10-18 00:05:05.376,106376.57,0.0001,10.637657
2025-10-18 00:05:05.587,106376.57,0.06784,7216.5865088
2025-10-18 00:05:05.622,106376.58,0.003,319.12974
2025-10-18 00:05:05.919,106376.58,0.004,425.50632
2025-10-18 00:05:06.060,106376.57,0.00047,49.9969879
2025-10-18 00:05:06.085,106376.58,0.01504,1599.9037632
2025-10-18 00:05:06.246,106376.58,0.01504,1599.9037632
2025-10-18 00:05:06.276,106376.58,0.002,212.75316
2025-10-18 00:05:06.406,106376.58,0.01504,1599.9037632
2025-10-18 00:05:06.564,106376.58,0.01504,1599.9037632
2025-10-18 00:05:06.728,106376.58,0.00967,1028.6615285999999
2025-10-18 00:05:06.854,106376.57,0.00027,28.721673900000003
2025-10-18 00:05:06.881,106376.58,0.019,2021.15502
2025-10-18 00:05:06.910,106376.58,0.019,2021.15502
2025-10-18 00:05:06.940,106376.58,0.00103,109.56787740000001
2025-10-18 00:05:07.110,106376.58,0.14065,14961.865977
2025-10-18 00:05:07.112,106379.01,0.0004,42.551604
2025-10-18 00:05:07.114,106379.0,0.00045,47.87055
2025-10-18 00:05:07.116,106380.83,0.00391,415.9490453
2025-10-18 00:05:07.121,106382.96,0.0001,10.638296
2025-10-18 00:05:07.122,106387.22,0.00017,18.085827400000003
2025-10-18 00:05:07.123,106387.22,0.00148,157.4530856
2025-10-18 00:05:07.133,106387.39,0.0094,1000.041466
2025-10-18 00:05:07.139,106387.39,0.0188,2000.082932
2025-10-18 00:05:07.140,106387.39,0.00861,915.9954279
2025-10-18 00:05:07.153,106389.73,0.003,319.16919
2025-10-18 00:05:07.179,106391.56,0.009,957.5240399999999
2025-10-18 00:05:07.187,106391.55,0.00498,529.829919
2025-10-18 00:05:07.252,106391.56,0.028,2978.96368
2025-10-18 00:05:07.304,106391.56,0.01504,1600.1290623999998
2025-10-18 00:05:07.356,106391.56,0.01504,1600.1290623999998
2025-10-18 00:05:07.974,106391.55,0.0054,574.5143700000001
2025-10-18 00:05:08.244,106391.55,0.00024,25.533972000000002
2025-10-18 00:05:09.206,106391.56,0.00229,243.63667239999998
2025-10-18 00:05:09.212,106391.55,0.00409,435.1414395
2025-10-18 00:05:09.224,106391.55,0.01,1063.9155
2025-10-18 00:05:09.236,106391.55,0.0009,95.752395
2025-10-18 00:05:09.277,106391.55,9e-05,9.5752395
2025-10-18 00:05:09.851,106391.56,0.00012,12.7669872
2025-10-18 00:05:10.849,106391.56,0.00281,298.96028359999997
2025-10-18 00:05:10.951,106391.56,0.001,106.39156
2025-10-18 00:05:11.003,106391.56,0.00031,32.9813836
2025-10-18 00:05:11.041,106391.56,0.00731,777.7223035999999
2025-10-18 00:05:11.068,106391.56,0.027,2872.57212
2025-10-18 00:05:11.256,106391.55,0.00012,12.766986000000001
2025-10-18 00:05:11.576,106391.55,7e-05,7.4474085
2025-10-18 00:05:12.473,106406.01,0.03298,3509.2702098
2025-10-18 00:05:12.478,106412.37,0.0007,74.488659
2025-10-18 00:05:12.548,106412.46,0.001,106.41246000000001
2025-10-18 00:05:12.560,106412.46,0.028,2979.5488800000003
2025-10-18 00:05:12.570,106412.46,0.028,2979.5488800000003
2025-10-18 00:05:12.609,106412.46,0.027,2873.1364200000003
2025-10-18 00:05:13.167,106412.46,0.00101,107.47658460000001
2025-10-18 00:05:13.296,106412.46,0.00028,29.795488799999998
2025-10-18 00:05:13.310,106412.46,5e-05,5.320623
2025-10-18 00:05:13.588,106412.45,0.00103,109.60482350000001
2025-10-18 00:05:13.717,106412.45,7e-05,7.448871499999999
2025-10-18 00:05:13.930,106412.46,8e-05,8.512996800000002
2025-10-18 00:05:14.548,106412.45,0.0001,10.641245
2025-10-18 00:05:14.618,106412.46,0.00093,98.96358780000001
2025-10-18 00:05:14.822,106412.46,0.00087,92.5788402
2025-10-18 00:05:15.211,106412.46,0.00116,123.4384536
2025-10-18 00:05:15.507,106412.46,0.00025,26.603115000000003
2025-10-18 00:05:15.608,106412.45,0.06373,6781.665438499999
2025-10-18 00:05:15.743,106412.46,0.028,2979.5488800000003
2025-10-18 00:05:15.778,106412.46,0.028,2979.5488800000003
2025-10-18 00:05:16.293,106412.46,0.00298,317.1091308
2025-10-18 00:05:16.300,106412.45,0.03481,3704.2173844999998
2025-10-18 00:05:16.350,106412.46,0.01206,1283.3342676
2025-10-18 00:05:16.389,106412.45,0.00027,28.7313615
2025-10-18 00:05:16.704,106412.45,1.0,106412.45
2025-10-18 00:05:17.316,106412.46,0.00562,598.0380252
2025-10-18 00:05:17.737,106412.46,0.0006,63.847476
2025-10-18 00:05:17.791,106412.46,0.028,2979.5488800000003
2025-10-18 00:05:17.806,106412.46,0.028,2979.5488800000003
2025-10-18 00:05:17.824,106412.46,0.00013,13.8336198
2025-10-18 00:05:18.596,106412.46,0.01309,1392.9391014
2025-10-18 00:05:18.988,106412.46,0.00126,134.07969960000003
2025-10-18 00:05:19.314,106412.46,6e-05,6.384747600000001
2025-10-18 00:05:20.088,106412.46,0.002,212.82492000000002
2025-10-18 00:05:20.145,106412.45,7e-05,7.448871499999999
2025-10-18 00:05:20.299,106412.46,6e-05,6.384747600000001
2025-10-18 00:05:20.569,106412.46,0.00122,129.8232012
2025-10-18 00:05:20.580,106412.45,0.06576,6997.682712
2025-10-18 00:05:20.763,106412.46,0.00191,203.2477986
2025-10-18 00:05:20.966,106412.46,0.001,106.41246000000001
2025-10-18 00:05:21.155,106412.46,0.003,319.23738000000003
2025-10-18 00:05:21.246,106412.46,0.00017,18.090118200000003
2025-10-18 00:05:21.270,106412.46,0.00011,11.705370600000002
2025-10-18 00:05:21.331,106412.46,0.002,212.82492000000002
2025-10-18 00:05:21.438,106412.46,0.01,1064.1246
2025-10-18 00:05:21.447,106412.46,0.018,1915.42428
2025-10-18 00:05:21.448,106412.46,0.02,2128.2492
2025-10-18 00:05:21.480,106412.45,0.01,1064.1245
2025-10-18 00:05:21.782,106412.45,9e-05,9.5771205
2025-10-18 00:05:22.866,106412.46,0.028,2979.5488800000003
2025-10-18 00:05:22.905,106412.47,0.0004,42.564988
2025-10-18 00:05:22.907,106412.47,0.00015,15.961870499999998
2025-10-18 00:05:23.129,106414.0,8e-05,8.51312
2025-10-18 00:05:23.523,106414.0,0.00011,11.705540000000001
2025-10-18 00:05:23.531,106414.0,0.003,319.242
2025-10-18 00:05:23.540,106414.0,0.00151,160.68514000000002
2025-10-18 00:05:23.556,106415.41,0.00184,195.80435440000002
2025-10-18 00:05:23.607,106415.61,0.028,2979.63708
2025-10-18 00:05:23.611,106415.61,0.025,2660.3902500000004
2025-10-18 00:05:23.695,106415.61,0.00024,25.539746400000002
2025-10-18 00:05:23.780,106415.61,0.03882,4131.0539802
2025-10-18 00:05:23.794,106418.75,0.00015,15.962812499999998
2025-10-18 00:05:23.928,106418.84,0.002,212.83768
2025-10-18 00:05:23.940,106418.84,0.019,2021.95796
2025-10-18 00:05:24.094,106418.92,0.0001,10.641892
2025-10-18 00:05:24.115,106419.58,0.34669,36894.6041902
2025-10-18 00:05:24.859,106419.58,0.01504,1600.5504832
2025-10-18 00:05:24.927,106419.58,0.00012,12.770349600000001
2025-10-18 00:05:24.931,106419.58,0.00012,12.770349600000001
2025-10-18 00:05:25.115,106420.21,0.00015,15.9630315
2025-10-18 00:05:25.476,106420.23,0.00429,456.5427867
2025-10-18 00:05:25.508,106420.22,9e-05,9.5778198
2025-10-18 00:05:25.586,106420.22,0.05379,5724.3436338
2025-10-18 00:05:25.870,106420.22,0.00046,48.9533012
2025-10-18 00:05:26.153,106420.23,6e-05,6.3852138
2025-10-18 00:05:26.327,106420.23,0.016,1702.72368
2025-10-18 00:05:26.400,106420.23,1.0,106420.23
2025-10-18 00:05:26.778,106420.23,0.001,106.42023
2025-10-18 00:05:26.780,106420.23,0.001,106.42023
2025-10-18 00:05:26.967,106420.23,0.01,1064.2023
2025-10-18 00:05:27.045,106420.23,0.001,106.42023
2025-10-18 00:05:27.200,106420.23,0.00609,648.0992007
2025-10-18 00:05:27.274,106420.23,0.004,425.68092
2025-10-18 00:05:27.673,106420.23,0.023,2447.66529
2025-10-18 00:05:27.810,106420.23,0.00039,41.503889699999995
2025-10-18 00:05:28.087,106420.22,0.0003,31.926066
2025-10-18 00:05:28.440,106420.22,0.00027,28.7334594
2025-10-18 00:05:29.090,106420.22,0.00077,81.9435694
2025-10-18 00:05:29.100,106420.23,6e-05,6.3852138
2025-10-18 00:05:29.312,106420.23,0.00051,54.2743173
2025-10-18 00:05:31.198,106420.23,0.019,2021.98437
2025-10-18 00:05:31.482,106420.23,0.02632,2800.9804535999997
2025-10-18 00:05:31.834,106420.23,0.028,2979.76644
2025-10-18 00:05:31.837,106420.23,0.009,957.7820699999999
2025-10-18 00:05:31.975,106420.23,0.00043,45.760698899999994
2025-10-18 00:05:32.199,106420.23,0.0003,31.926068999999995
2025-10-18 00:05:32.850,106420.23,9e-05,9.5778207
2025-10-18 00:05:33.187,106420.22,0.00019,20.2198418
2025-10-18 00:05:33.256,106420.23,0.00091,96.8424093
2025-10-18 00:05:33.779,106420.23,0.00402,427.8093246
2025-10-18 00:05:34.762,106420.23,0.00586,623.6225478
2025-10-18 00:05:35.228,106420.22,0.13388,14247.5390536
2025-10-18 00:05:35.580,106420.22,0.07128,7585.6332815999995
2025-10-18 00:05:37.167,106420.22,0.00012,12.7704264
2025-10-18 00:05:37.181,106420.23,0.028,2979.76644
2025-10-18 00:05:37.728,106420.22,0.00082,87.2645804
2025-10-18 00:05:39.319,106420.22,0.00548,583.1828055999999
2025-10-18 00:05:39.820,106420.23,0.1,10642.023000000001
2025-10-18 00:05:40.604,106420.22,0.08215,8742.421073
2025-10-18 00:05:41.357,106420.23,0.00165,175.5933795
2025-10-18 00:05:41.878,106420.23,0.00012,12.7704276
2025-10-18 00:05:42.769,106420.23,0.00078,83.00777939999999
2025-10-18 00:05:42.821,106420.23,0.0001,10.642023
2025-10-18 00:05:43.019,106420.23,9e-05,9.5778207
2025-10-18 00:05:43.251,106420.23,0.00136,144.73151280000002
2025-10-18 00:05:43.703,106420.23,0.01471,1565.4415833
2025-10-18 00:05:43.719,106420.23,0.00163,173.4649749
2025-10-18 00:05:43.795,106420.23,0.00728,774.7392744
2025-10-18 00:05:44.646,106420.23,0.00038,40.439687400000004
2025-10-18 00:05:45.141,106420.23,0.00011,11.7062253
2025-10-18 00:05:45.363,106420.23,0.02117,2252.9162691
2025-10-18 00:05:45.615,106420.22,0.00012,12.7704264
2025-10-18 00:05:45.714,106420.23,9e-05,9.5778207
2025-10-18 00:05:46.576,106420.22,9e-05,9.5778198
2025-10-18 00:05:46.880,106420.22,0.0018,191.556396
2025-10-18 00:05:47.488,106420.22,0.00244,259.6653368
2025-10-18 00:05:47.532,106420.23,0.00108,114.9338484
2025-10-18 00:05:48.414,106420.23,0.00012,12.7704276
2025-10-18 00:05:49.346,106420.23,0.019,2021.98437
2025-10-18 00:05:49.507,106420.23,0.00076,80.87937480000001
2025-10-18 00:05:49.535,106420.23,0.009,957.7820699999999
2025-10-18 00:05:49.539,106420.22,0.00012,12.7704264
2025-10-18 00:05:49.674,106420.23,0.001,106.42023
2025-10-18 00:05:49.818,106420.23,0.002,212.84046
2025-10-18 00:05:49.892,106420.23,0.00868,923.7275964
2025-10-18 00:05:50.276,106420.23,0.0006,63.85213799999999
2025-10-18 00:05:50.302,106420.23,0.00093,98.9708139
2025-10-18 00:05:50.309,106420.23,0.028,2979.76644
2025-10-18 00:05:50.313,106420.23,0.025,2660.5057500000003
2025-10-18 00:05:50.587,106420.22,0.05657,6020.191845400001
2025-10-18 00:05:51.331,106420.23,0.00047,50.01750809999999
2025-10-18 00:05:51.591,106420.22,0.01,1064.2022
2025-10-18 00:05:51.856,106420.22,0.00019,20.2198418
2025-10-18 00:05:52.125,106420.23,0.00012,12.7704276
2025-10-18 00:05:52.663,106420.22,6e-05,6.3852132
2025-10-18 00:05:53.229,106420.22,0.00012,12.7704264
2025-10-18 00:05:53.534,106420.23,0.00047,50.01750809999999
2025-10-18 00:05:54.288,106420.22,0.00011,11.706224200000001
2025-10-18 00:05:54.381,106420.23,0.00299,318.1964877
2025-10-18 00:05:54.614,106420.23,0.00072,76.6225656
2025-10-18 00:05:55.354,106420.22,0.00324,344.8015128
2025-10-18 00:05:55.522,106420.23,0.0001,10.642023
2025-10-18 00:05:55.588,106420.22,0.07033,7484.5340726
2025-10-18 00:05:55.864,106420.22,0.0006,63.852132
2025-10-18 00:05:55.906,106420.22,0.00027,28.7334594
2025-10-18 00:05:55.977,106420.23,0.00012,12.7704276
2025-10-18 00:05:56.243,106420.22,0.22812,24276.5805864
2025-10-18 00:05:56.244,106420.22,0.22391,23828.5514602
2025-10-18 00:05:56.245,106419.61,0.0001,10.641961
2025-10-18 00:05:56.249,106419.6,0.00045,47.88882
2025-10-18 00:05:56.255,106419.6,0.00155,164.95038
2025-10-18 00:05:56.258,106419.14,0.0001,10.641914
2025-10-18 00:05:56.266,106419.04,0.0006,63.85142399999999
2025-10-18 00:05:56.283,106419.03,0.00141,150.0508323
2025-10-18 00:05:56.289,106418.18,0.00155,164.94817899999998
2025-10-18 00:05:56.304,106418.17,0.00236,251.1468812
2025-10-18 00:05:56.308,106418.13,0.001,106.41813
2025-10-18 00:05:56.329,106417.27,5e-05,5.320863500000001
2025-10-18 00:05:57.037,106415.61,0.01,1064.1561
2025-10-18 00:05:57.727,106415.62,0.028,2979.6373599999997
2025-10-18 00:05:58.317,106415.61,0.00208,221.3444688
2025-10-18 00:05:58.656,106415.61,0.00012,12.769873200000001
2025-10-18 00:05:59.171,106415.61,9e-05,9.577404900000001
2025-10-18 00:05:59.512,106415.61,8e-05,8.513248800000001
2025-10-18 00:05:59.589,106414.56,0.0001,10.641456
2025-10-18 00:05:59.590,106410.98,0.00015,15.961646999999997
2025-10-18 00:05:59.593,106404.88,0.32,34049.5616
2025-10-18 00:05:59.594,106395.25,6e-05,6.3837150000000005
2025-10-18 00:05:59.595,106394.36,0.08,8511.5488
2025-10-18 00:05:59.601,106394.36,0.00938,997.9790968
2025-10-18 00:05:59.609,106394.36,0.00939,999.0430404000001
2025-10-18 00:05:59.611,106394.36,0.0094,1000.106984
2025-10-18 00:05:59.616,106394.36,0.013,1383.1266799999999
2025-10-18 00:05:59.617,106394.36,0.013,1383.1266799999999
2025-10-18 00:05:59.618,106394.36,0.013,1383.1266799999999
2025-10-18 00:05:59.638,106394.36,0.0018,191.509848
2025-10-18 00:05:59.641,106394.36,0.00188,200.0213968
2025-10-18 00:05:59.643,106394.36,0.00752,800.0855872
2025-10-18 00:05:59.645,106394.36,0.00907,964.9968452
2025-10-18 00:05:59.684,106394.37,0.0011,117.033807
2025-10-18 00:05:59.911,106394.36,0.0002,21.278872
2025-10-18 00:05:59.966,106394.36,0.02333,2482.1804188
2025-10-18 00:05:59.971,106392.7,0.0038,404.29226
2025-10-18 00:05:59.983,106392.7,0.0006,63.83561999999999
2025-10-18 00:05:59.985,106390.3,0.00015,15.958544999999999
2025-10-18 00:05:59.998,106390.0,0.0094,1000.066
2025-10-18 00:06:00.015,106390.0,0.00175,186.1825
2025-10-18 00:06:00.016,106388.72,5e-05,5.3194360000000005
2025-10-18 00:06:00.020,106387.56,5e-05,5.319378
2025-10-18 00:06:00.040,106386.35,0.00461,490.4410735000001
2025-10-18 00:06:00.063,106386.35,9e-05,9.5747715
2025-10-18 00:06:00.377,106386.36,0.18793,19993.1886348
2025-10-18 00:06:00.612,106386.36,0.007,744.70452
2025-10-18 00:06:01.289,106386.36,0.00013,13.830226799999998
2025-10-18 00:06:01.368,106386.36,0.0001,10.638636
2025-10-18 00:06:01.475,106386.35,0.00889,945.7746515000001
2025-10-18 00:06:01.659,106386.35,9e-05,9.5747715
2025-10-18 00:06:01.670,106386.35,6e-05,6.383181
2025-10-18 00:06:02.542,106386.35,9e-05,9.5747715
2025-10-18 00:06:04.689,106386.36,0.01091,1160.6751876
2025-10-18 00:06:04.899,106386.35,0.00012,12.766362
2025-10-18 00:06:05.594,106386.35,0.0617,6564.037795
2025-10-18 00:06:05.953,106386.35,0.00012,12.766362
2025-10-18 00:06:06.949,106386.36,0.00014,14.8940904
2025-10-18 00:06:07.643,106386.35,0.01603,1705.3731905
2025-10-18 00:06:08.794,106386.35,0.00017,18.0856795
2025-10-18 00:06:09.718,106386.36,0.00038,40.426816800000005
2025-10-18 00:06:09.772,106386.35,0.00188,200.006338
2025-10-18 00:06:09.776,106386.35,0.00024,25.532724
2025-10-18 00:06:10.249,106386.35,0.00267,284.0515545
2025-10-18 00:06:10.315,106381.03,0.0015,159.57154500000001
2025-10-18 00:06:10.332,106375.55,0.00046,48.932753000000005
2025-10-18 00:06:10.590,106375.55,0.05883,6258.0736065
2025-10-18 00:06:11.555,106375.55,0.013,1382.88215
2025-10-18 00:06:11.754,106375.55,9e-05,9.573799500000002
2025-10-18 00:06:11.977,106375.56,0.03758,3997.5935448
2025-10-18 00:06:12.523,106375.55,0.00761,809.5179355
2025-10-18 00:06:12.582,106375.56,0.0005,53.18778
2025-10-18 00:06:12.974,106375.56,0.00121,128.7144276
2025-10-18 00:06:13.136,106375.55,0.02516,2676.408838
2025-10-18 00:06:13.414,106375.55,0.00042,44.677731
2025-10-18 00:06:13.888,106375.56,0.00012,12.7650672
2025-10-18 00:06:13.964,106375.55,0.00027,28.7213985
2025-10-18 00:06:14.162,106375.55,0.00064,68.080352
2025-10-18 00:06:15.185,106375.56,0.00456,485.0725536
2025-10-18 00:06:16.106,106375.56,0.00949,1009.5040644
2025-10-18 00:06:16.133,106375.55,0.00026,27.657642999999997
2025-10-18 00:06:16.257,106375.55,7e-05,7.4462885
2025-10-18 00:06:16.711,106375.56,0.00101,107.4393156
2025-10-18 00:06:17.199,106375.55,0.02642,2810.442031
2025-10-18 00:06:17.532,106375.56,0.00019,20.2113564
2025-10-18 00:06:17.618,106375.56,0.00094,99.99302639999999
2025-10-18 00:06:17.725,106375.56,0.0001,10.637556
2025-10-18 00:06:17.775,106375.56,8e-05,8.510044800000001
2025-10-18 00:06:17.781,106375.56,8e-05,8.510044800000001
2025-10-18 00:06:17.786,106375.56,0.0001,10.637556
2025-10-18 00:06:17.848,106375.56,0.00016,17.020089600000002
2025-10-18 00:06:17.882,106375.56,9e-05,9.5738004
2025-10-18 00:06:17.919,106375.55,0.013,1382.88215
2025-10-18 00:06:17.920,106375.55,0.013,1382.88215
2025-10-18 00:06:17.923,106375.55,0.00925,983.9738375
2025-10-18 00:06:17.971,106375.55,0.29048,30899.969764
2025-10-18 00:06:17.973,106372.5,6e-05,6.38235
2025-10-18 00:06:17.974,106372.0,6e-05,6.38232
2025-10-18 00:06:17.977,106369.99,0.0001,10.636999000000001
2025-10-18 00:06:17.978,106369.17,0.00053,56.3756601
2025-10-18 00:06:17.979,106366.57,0.00015,15.9549855
2025-10-18 00:06:17.985,106366.56,0.00125,132.9582
2025-10-18 00:06:18.122,106366.55,0.00024,25.527972000000002
2025-10-18 00:06:18.226,106366.56,7e-05,7.445659199999999
2025-10-18 00:06:18.825,106366.56,7e-05,7.445659199999999
2025-10-18 00:06:18.872,106366.56,5e-05,5.318328
2025-10-18 00:06:19.253,106366.55,0.0004,42.546620000000004
2025-10-18 00:06:19.462,106366.55,0.00046,48.928613000000006
2025-10-18 00:06:19.466,106366.56,0.00187,198.90546719999998
2025-10-18 00:06:19.715,106364.0,0.002,212.728
2025-10-18 00:06:19.822,106363.32,0.02813,2992.0001916
2025-10-18 00:06:19.841,106363.32,0.00084,89.3451888
2025-10-18 00:06:20.141,106363.33,0.00087,92.5360971
2025-10-18 00:06:20.220,106363.33,0.00171,181.8812943
2025-10-18 00:06:20.362,106363.33,0.00016,17.0181328
2025-10-18 00:06:20.582,106363.32,0.06846,7281.6328871999995
2025-10-18 00:06:20.670,106363.33,0.00012,12.763599600000001
2025-10-18 00:06:20.782,106363.33,0.0005,53.181665
2025-10-18 00:06:21.020,106363.32,7e-05,7.4454324
2025-10-18 00:06:21.022,106363.33,0.00683,726.4615439
2025-10-18 00:06:21.439,106363.32,0.00047,49.9907604
2025-10-18 00:06:21.506,106363.33,0.00024,25.527199200000002
2025-10-18 00:06:22.395,106363.32,0.013,1382.72316
2025-10-18 00:06:22.396,106363.32,0.013,1382.72316
2025-10-18 00:06:22.518,106363.32,0.013,1382.72316
2025-10-18 00:06:23.189,106363.33,0.00018,19.145399400000002
2025-10-18 00:06:23.272,106363.33,0.0018,191.453994
2025-10-18 00:06:23.642,106363.32,0.00047,49.9907604
2025-10-18 00:06:24.026,106363.33,0.00021,22.3362993
2025-10-18 00:06:24.239,106363.32,0.00071,75.51795720000001
2025-10-18 00:06:24.437,106363.32,9e-05,9.572698800000001
2025-10-18 00:06:25.150,106363.33,0.00012,12.763599600000001
2025-10-18 00:06:25.171,106363.32,0.00302,321.2172264
2025-10-18 00:06:25.586,106363.32,0.08156,8674.992379199999
2025-10-18 00:06:25.832,106363.33,0.00017,18.081766100000003
2025-10-18 00:06:26.375,106363.32,0.013,1382.72316
2025-10-18 00:06:27.346,106363.32,0.013,1382.72316
2025-10-18 00:06:27.579,106363.33,0.00011,11.6999663
2025-10-18 00:06:27.644,106363.32,0.00062,65.9452584
2025-10-18 00:06:28.043,106363.33,0.00026,27.654465799999997
2025-10-18 00:06:28.047,106363.33,4e-05,4.2545332
2025-10-18 00:06:28.115,106362.75,6e-05,6.381765000000001
2025-10-18 00:06:28.116,106362.71,0.00186,197.83464060000003
2025-10-18 00:06:28.117,106362.7,0.0074,787.08398
2025-10-18 00:06:28.120,106362.7,0.00185,196.770995
2025-10-18 00:06:28.127,106362.0,0.00126,134.01612
2025-10-18 00:06:28.153,106360.97,0.00015,15.9541455
2025-10-18 00:06:28.341,106360.18,9e-05,9.5724162
2025-10-18 00:06:28.395,106360.17,9e-05,9.572415300000001
2025-10-18 00:06:28.415,106360.17,0.013,1382.68221
2025-10-18 00:06:28.477,106360.18,0.0001,10.636018
2025-10-18 00:06:28.664,106360.18,0.00012,12.7632216
2025-10-18 00:06:28.676,106360.17,0.00011,11.6996187
2025-10-18 00:06:28.951,106360.18,7e-05,7.445212599999999
2025-10-18 00:06:29.137,106360.17,0.00011,11.6996187
2025-10-18 00:06:29.304,106360.18,0.00094,99.9785692
2025-10-18 00:06:29.336,106360.17,0.013,1382.68221
2025-10-18 00:06:29.823,106360.18,0.00734,780.6837211999999
2025-10-18 00:06:29.839,106360.17,0.00349,371.1969933
2025-10-18 00:06:30.864,106360.17,0.00042,44.6712714
2025-10-18 00:06:30.919,106360.18,0.00012,12.7632216
2025-10-18 00:06:31.190,106360.17,0.013,1382.68221
2025-10-18 00:06:31.457,106360.18,0.00058,61.6889044
2025-10-18 00:06:31.515,106360.18,0.00197,209.52955459999998
2025-10-18 00:06:31.532,106360.18,0.028,2978.08504
2025-10-18 00:06:31.534,106360.18,0.028,2978.08504
2025-10-18 00:06:31.577,106360.18,0.00048,51.0528864
2025-10-18 00:06:31.582,106360.17,0.0001,10.636017
2025-10-18 00:06:31.732,106360.18,0.00026,27.653646799999997
2025-10-18 00:06:32.024,106360.18,0.04103,4363.9581854
2025-10-18 00:06:32.028,106361.0,0.00015,15.954149999999998
2025-10-18 00:06:32.056,106361.37,0.0239,2542.036743
2025-10-18 00:06:32.062,106362.0,0.00161,171.24282000000002
2025-10-18 00:06:32.074,106362.72,0.00015,15.954407999999999
2025-10-18 00:06:32.182,106366.57,0.00085,90.4115845
2025-10-18 00:06:32.183,106372.59,0.00074,78.7157166
2025-10-18 00:06:32.184,106373.22,0.00341,362.7326802
2025-10-18 00:06:32.491,106374.47,0.00429,456.34647630000006
2025-10-18 00:06:32.953,106374.46,0.00462,491.4500052
2025-10-18 00:06:32.992,106374.47,9e-05,9.5737023
2025-10-18 00:06:33.032,106374.47,0.00015,15.956170499999999
2025-10-18 00:06:33.575,106374.47,5e-05,5.3187235
2025-10-18 00:06:34.000,106374.47,0.00014,14.892425799999998
2025-10-18 00:06:34.917,106374.47,6e-05,6.3824682
2025-10-18 00:06:35.076,106374.46,0.00103,109.56569380000002
2025-10-18 00:06:35.582,106374.46,0.06043,6428.2086178
2025-10-18 00:06:35.799,106374.47,0.00044,46.8047668
2025-10-18 00:06:36.490,106374.46,4e-05,4.254978400000001
2025-10-18 00:06:36.580,106374.47,6e-05,6.3824682
2025-10-18 00:06:36.681,106374.47,0.00024,25.5298728
2025-10-18 00:06:37.055,106374.47,0.0003,31.912340999999998
2025-10-18 00:06:37.648,106374.47,0.00025,26.5936175
2025-10-18 00:06:37.815,106377.27,0.00015,15.956590499999999
2025-10-18 00:06:37.818,106377.28,6e-05,6.3826368
2025-10-18 00:06:38.564,106379.59,0.0001,10.637959
2025-10-18 00:06:38.623,106380.25,0.00052,55.31773
2025-10-18 00:06:38.777,106380.24,7e-05,7.4466168
2025-10-18 00:06:38.781,106380.25,0.00195,207.4414875
2025-10-18 00:06:39.683,106380.25,0.014,1489.3235
2025-10-18 00:06:39.970,106380.24,0.00501,532.9650024
2025-10-18 00:06:40.305,106380.25,0.002,212.7605
2025-10-18 00:06:40.314,106380.25,0.012,1276.563
2025-10-18 00:06:40.340,106382.25,6e-05,6.382935
2025-10-18 00:06:40.354,106384.49,0.005,531.92245
2025-10-18 00:06:40.596,106384.48,0.0746,7936.282208
2025-10-18 00:06:41.143,106384.49,0.00019,20.213053100000003
2025-10-18 00:06:41.392,106384.49,0.00114,121.2783186
2025-10-18 00:06:42.021,106384.48,4e-05,4.2553792
2025-10-18 00:06:42.132,106384.48,0.00088,93.6183424
2025-10-18 00:06:42.476,106384.49,9e-05,9.574604100000002
2025-10-18 00:06:42.523,106384.49,0.024,2553.22776
2025-10-18 00:06:42.578,106384.49,0.00234,248.93970660000002
2025-10-18 00:06:42.597,106384.48,0.0001,10.638448
2025-10-18 00:06:42.686,106384.49,0.001,106.38449000000001
2025-10-18 00:06:43.032,106384.49,0.003,319.15347
2025-10-18 00:06:43.042,106384.49,0.025,2659.61225
2025-10-18 00:06:43.286,106384.49,0.003,319.15347
2025-10-18 00:06:43.318,106384.49,0.00019,20.213053100000003
2025-10-18 00:06:43.587,106384.49,0.01879,1998.9645671000003
2025-10-18 00:06:44.035,106384.49,0.00012,12.7661388
2025-10-18 00:06:44.457,106384.49,0.00093,98.93757570000001
2025-10-18 00:06:45.019,106384.49,0.00044,46.8091756
2025-10-18 00:06:45.315,106386.47,5e-05,5.3193235
2025-10-18 00:06:45.383,106387.06,5e-05,5.319353
2025-10-18 00:06:45.687,106387.06,0.00012,12.7664472
2025-10-18 00:06:46.127,106387.06,0.00047,50.0019182
2025-10-18 00:06:46.515,106389.03,0.0003,31.916708999999997
2025-10-18 00:06:46.574,106389.49,0.00015,15.958423499999999
2025-10-18 00:06:46.576,106389.5,0.022,2340.569
2025-10-18 00:06:46.579,106389.5,0.006,638.337
2025-10-18 00:06:47.028,106389.49,7e-05,7.4472643
2025-10-18 00:06:47.051,106389.5,0.0001,10.638950000000001
2025-10-18 00:06:47.301,106389.5,6e-05,6.38337
2025-10-18 00:06:47.666,106389.5,0.00038,40.42801
2025-10-18 00:06:47.708,106390.54,0.0001,10.639054
2025-10-18 00:06:47.712,106392.0,6e-05,6.38352
2025-10-18 00:06:47.719,106392.1,0.00175,186.18617500000002
2025-10-18 00:06:47.743,106394.43,5e-05,5.3197215
2025-10-18 00:06:47.776,106395.12,0.00967,1028.8408104
2025-10-18 00:06:47.778,106398.84,0.0002,21.279768
2025-10-18 00:06:47.786,106402.43,5e-05,5.3201215
2025-10-18 00:06:47.789,106402.53,5e-05,5.3201265
2025-10-18 00:06:47.790,106403.38,0.0002,21.280676000000003
2025-10-18 00:06:47.794,106404.04,0.04492,4779.6694768
2025-10-18 00:06:47.800,106404.04,0.0084,893.7939359999999
2025-10-18 00:06:47.806,106404.04,0.0095,1010.8383799999999
2025-10-18 00:06:47.817,106406.15,5e-05,5.3203075
2025-10-18 00:06:47.818,106408.1,0.0144,1532.27664
2025-10-18 00:06:47.822,106408.1,0.028,2979.4268
2025-10-18 00:06:47.831,106408.1,0.0144,1532.27664
2025-10-18 00:06:47.834,106408.1,0.06922,7365.568682000001
2025-10-18 00:06:47.850,106413.05,0.00018,19.154349000000003
2025-10-18 00:06:47.916,106415.63,0.00053,56.4002839
2025-10-18 00:06:48.045,106417.97,0.0001,10.641797
2025-10-18 00:06:48.162,106420.23,6e-05,6.3852138
2025-10-18 00:06:48.168,106420.23,0.00939,999.2859597
2025-10-18 00:06:48.172,106420.22,0.00015,15.963033
2025-10-18 00:06:48.713,106420.23,0.19272,20509.3067256
2025-10-18 00:06:49.025,106420.23,0.00108,114.9338484
2025-10-18 00:06:49.064,106420.23,0.09127,9712.9743921
2025-10-18 00:06:49.065,106420.23,0.1928,20517.820344
2025-10-18 00:06:49.067,106420.23,3.80554,404986.4420742
2025-10-18 00:06:49.068,106420.23,0.31788,33828.8627124
2025-10-18 00:06:49.074,106420.23,0.0961,10226.984103
2025-10-18 00:06:49.075,106420.23,0.14437,15363.888605099999
2025-10-18 00:06:49.079,106420.23,0.0001,10.642023
2025-10-18 00:06:49.121,106420.23,0.00107,113.8696461
2025-10-18 00:06:49.202,106420.23,0.00111,118.1264553
2025-10-18 00:06:49.231,106420.23,0.0895,9524.610584999999
2025-10-18 00:06:49.232,106420.23,0.00787,837.5272101
2025-10-18 00:06:49.233,106420.23,0.0023,244.766529
2025-10-18 00:06:49.234,106420.23,0.18456,19640.9176488
2025-10-18 00:06:49.235,106421.01,0.00133,141.5399433
2025-10-18 00:06:49.237,106422.0,0.00275,292.66049999999996
2025-10-18 00:06:49.240,106422.98,5e-05,5.321149
2025-10-18 00:06:49.241,106424.0,0.0026,276.7024
2025-10-18 00:06:49.244,106426.61,0.00569,605.5674109
2025-10-18 00:06:49.257,106427.58,0.00105,111.748959
2025-10-18 00:06:49.261,106430.49,0.00015,15.9645735
2025-10-18 00:06:49.268,106430.87,0.00158,168.1607746
2025-10-18 00:06:49.280,106431.99,0.003,319.29597
2025-10-18 00:06:49.293,106432.0,0.0037,393.7984
2025-10-18 00:06:49.337,106432.0,0.0011,117.07520000000001
2025-10-18 00:06:49.342,106432.02,0.0014,149.004828
2025-10-18 00:06:49.417,106434.0,0.00248,263.95632
2025-10-18 00:06:49.421,106434.0,0.00142,151.13628
2025-10-18 00:06:49.582,106436.0,0.0039,415.1004
2025-10-18 00:06:49.586,106436.12,6e-05,6.3861672
2025-10-18 00:06:49.596,106436.12,0.0001,10.643612
2025-10-18 00:06:49.616,106436.12,0.37037,39420.745764399995
2025-10-18 00:06:49.627,106436.12,0.00707,752.5033684
2025-10-18 00:06:49.630,106436.12,0.001,106.43612
2025-10-18 00:06:49.636,106436.12,0.0405,4310.66286
2025-10-18 00:06:49.638,106436.68,0.00035,37.252838
2025-10-18 00:06:49.639,106438.0,6e-05,6.38628
2025-10-18 00:06:49.643,106438.0,0.00327,348.05226
2025-10-18 00:06:49.663,106439.99,0.00015,15.9659985
2025-10-18 00:06:49.665,106440.0,6e-05,6.3864
2025-10-18 00:06:49.688,106442.0,0.00136,144.76112
2025-10-18 00:06:49.694,106443.84,5e-05,5.322192
2025-10-18 00:06:49.716,106450.85,5e-05,5.322542500000001
2025-10-18 00:06:50.588,106453.98,0.07245,7712.590851
2025-10-18 00:06:50.607,106450.67,0.0002,21.290134000000002
2025-10-18 00:06:50.609,106450.66,0.00025,26.612665
2025-10-18 00:06:50.612,106448.89,0.00175,186.2855575
2025-10-18 00:06:50.614,106448.89,0.0002,21.289778000000002
2025-10-18 00:06:50.619,106446.58,0.013,1383.80554
2025-10-18 00:06:50.621,106446.58,0.013,1383.80554
2025-10-18 00:06:50.631,106444.62,0.00015,15.966692999999998
2025-10-18 00:06:50.712,106443.33,0.01974,2101.1913342000003
2025-10-18 00:06:51.064,106440.0,5e-05,5.322
2025-10-18 00:06:51.074,106436.0,0.00015,15.965399999999999
2025-10-18 00:06:51.076,106435.99,0.013,1383.66787
2025-10-18 00:06:51.077,106435.99,0.01285,1367.7024715
2025-10-18 00:06:51.487,106436.0,0.00012,12.77232
2025-10-18 00:06:51.498,106435.99,0.00038,40.4456762
2025-10-18 00:06:51.657,106436.0,0.00749,797.20564
2025-10-18 00:06:51.729,106435.99,0.0031,329.951569
2025-10-18 00:06:51.811,106435.99,0.0073,776.9827270000001
2025-10-18 00:06:52.088,106436.0,0.005,532.1800000000001
2025-10-18 00:06:52.108,106436.0,0.01,1064.3600000000001
2025-10-18 00:06:52.692,106435.99,0.0093,989.854707
2025-10-18 00:06:52.720,106435.99,5e-05,5.321799500000001
2025-10-18 00:06:53.601,106436.0,0.00314,334.20904
2025-10-18 00:06:53.758,106436.0,0.0001,10.643600000000001
2025-10-18 00:06:54.039,106436.0,0.00163,173.49068
2025-10-18 00:06:54.472,106435.99,0.005,532.1799500000001
2025-10-18 00:06:54.539,106435.99,0.00095,101.1141905
2025-10-18 00:06:54.583,106436.0,0.001,106.436
2025-10-18 00:06:55.106,106435.99,9e-05,9.5792391
2025-10-18 00:06:55.496,106436.0,0.00172,183.06992
2025-10-18 00:06:56.220,106436.0,0.00016,17.029760000000003
2025-10-18 00:06:56.640,106436.0,0.00073,77.69828
2025-10-18 00:06:56.648,106436.0,0.00117,124.53012
2025-10-18 00:06:57.129,106436.0,0.00402,427.87272
2025-10-18 00:06:58.015,106436.0,0.00082,87.27752
2025-10-18 00:06:58.889,106429.69,0.31001,32994.268196900004
2025-10-18 00:06:58.892,106429.61,6e-05,6.3857766
2025-10-18 00:06:58.894,106429.61,0.00603,641.7705483
2025-10-18 00:06:58.899,106427.08,0.08547,9096.322527600001
2025-10-18 00:06:58.906,106423.77,0.00165,175.5992205
2025-10-18 00:06:58.907,106421.5,0.013,1383.4795
2025-10-18 00:06:59.084,106421.5,6e-05,6.38529
2025-10-18 00:06:59.103,106421.5,0.03612,3843.94458
2025-10-18 00:06:59.105,106420.82,0.00045,47.889369
2025-10-18 00:06:59.158,106420.0,0.00196,208.5832
2025-10-18 00:06:59.215,106419.99,0.00219,233.05977810000002
2025-10-18 00:06:59.344,106419.98,0.002,212.83996
2025-10-18 00:07:00.597,106419.97,0.06172,6568.2405484
2025-10-18 00:07:00.833,106419.98,7e-05,7.449398599999999
2025-10-18 00:07:00.866,106419.98,0.00226,240.50915479999998
2025-10-18 00:07:01.077,106419.98,0.028,2979.75944
2025-10-18 00:07:01.855,106419.98,7e-05,7.449398599999999
2025-10-18 00:07:03.229,106419.98,0.00109,115.9977782
2025-10-18 00:07:03.511,106419.97,0.00023,24.476593100000002
2025-10-18 00:07:03.575,106419.98,6e-05,6.3851987999999995
2025-10-18 00:07:03.932,106419.97,0.00324,344.8007028
2025-10-18 00:07:04.015,106419.97,0.013,1383.4596099999999
2025-10-18 00:07:04.016,106419.97,0.013,1383.4596099999999
2025-10-18 00:07:04.215,106419.97,0.03518,3743.8545446000003
2025-10-18 00:07:04.740,106417.99,0.00052,55.3373548
2025-10-18 00:07:04.934,106417.99,0.00098,104.2896302
2025-10-18 00:07:04.982,106417.98,0.00028,29.797034399999998
2025-10-18 00:07:05.590,106417.98,0.06954,7400.306329200001
2025-10-18 00:07:06.264,106417.99,0.00011,11.705978900000002
2025-10-18 00:07:06.578,106417.98,0.00011,11.7059778
2025-10-18 00:07:07.531,106417.98,0.01,1064.1798
2025-10-18 00:07:07.532,106417.98,0.01,1064.1798
2025-10-18 00:07:07.881,106417.98,0.00024,25.5403152
2025-10-18 00:07:08.351,106417.98,9e-05,9.5776182
2025-10-18 00:07:09.492,106417.98,0.00083,88.3269234
2025-10-18 00:07:10.385,106417.99,0.00013,13.8343387
2025-10-18 00:07:11.578,106417.98,8e-05,8.5134384
2025-10-18 00:07:11.944,106417.99,0.00029,30.8612171
2025-10-18 00:07:12.865,106417.99,0.01,1064.1799
2025-10-18 00:07:14.409,106417.98,0.01032,1098.2335535999998
2025-10-18 00:07:14.535,106417.99,0.00023,24.476137700000002
2025-10-18 00:07:14.554,106417.99,0.001,106.41799
2025-10-18 00:07:14.794,106417.99,0.00012,12.7701588
2025-10-18 00:07:15.262,106417.98,0.00055,58.529889000000004
2025-10-18 00:07:15.592,106417.98,0.05941,6322.292191799999
2025-10-18 00:07:15.731,106417.99,8e-05,8.5134392
2025-10-18 00:07:15.943,106417.98,0.00025,26.604495
2025-10-18 00:07:16.236,106417.98,0.00047,50.0164506
2025-10-18 00:07:16.325,106417.98,0.00011,11.7059778
2025-10-18 00:07:16.977,106417.99,0.028,2979.7037200000004
2025-10-18 00:07:17.054,106417.99,0.01247,1327.0323353
2025-10-18 00:07:17.563,106417.99,0.00288,306.48381120000005
2025-10-18 00:07:17.826,106417.99,0.01844,1962.3477356000003
2025-10-18 00:07:18.106,106417.99,0.00047,50.016455300000004
2025-10-18 00:07:18.593,106417.47,0.0001,10.641747
2025-10-18 00:07:18.596,106416.57,0.0006,63.849942
2025-10-18 00:07:18.601,106413.79,0.013,1383.37927
2025-10-18 00:07:18.602,106413.79,0.013,1383.37927
2025-10-18 00:07:18.605,106413.79,0.00035,37.244826499999995
2025-10-18 00:07:18.622,106413.79,0.00011,11.7055169
2025-10-18 00:07:18.679,106413.79,0.01503,1599.3992637
2025-10-18 00:07:18.746,106413.79,0.00044,46.8220676
2025-10-18 00:07:18.942,106413.8,0.00626,666.150388
2025-10-18 00:07:18.961,106413.79,0.00087,92.57999729999999
2025-10-18 00:07:19.304,106413.8,0.00012,12.769656000000001
2025-10-18 00:07:19.883,106413.79,0.00303,322.4337837
2025-10-18 00:07:20.054,106413.8,0.00011,11.705518000000001
2025-10-18 00:07:20.382,106413.8,0.04266,4539.612708
2025-10-18 00:07:20.454,106413.79,0.00649,690.6254971
2025-10-18 00:07:20.472,106413.8,0.01,1064.1380000000001
2025-10-18 00:07:20.569,106413.8,0.028,2979.5864
2025-10-18 00:07:20.580,106413.79,0.05375,5719.741212499999
2025-10-18 00:07:21.396,106413.79,0.00024,25.5393096
2025-10-18 00:07:21.607,106413.8,0.00257,273.48346599999996
2025-10-18 00:07:21.938,106413.79,7e-05,7.4489652999999985
2025-10-18 00:07:22.057,106413.8,0.00187,198.993806
2025-10-18 00:07:22.333,106413.8,0.026,2766.7588
2025-10-18 00:07:22.523,106413.8,0.002,212.82760000000002
2025-10-18 00:07:23.255,106413.79,0.013,1383.37927
2025-10-18 00:07:23.269,106413.79,0.013,1383.37927
2025-10-18 00:07:23.740,106413.8,0.004,425.65520000000004
2025-10-18 00:07:23.915,106412.78,0.0001,10.641278
2025-10-18 00:07:23.925,106411.67,0.0002,21.282334000000002
2025-10-18 00:07:24.035,106411.67,0.00019,20.2182173
2025-10-18 00:07:24.124,106411.67,0.00188,200.05393959999998
2025-10-18 00:07:24.875,106411.67,0.00018,19.1541006
2025-10-18 00:07:24.905,106411.66,0.01198,1274.8116868
2025-10-18 00:07:25.209,106411.66,0.013,1383.35158
2025-10-18 00:07:25.517,106411.67,0.00011,11.7052837
2025-10-18 00:07:25.518,106411.66,9e-05,9.577049400000002
2025-10-18 00:07:25.544,106411.66,0.00097,103.21931020000001
2025-10-18 00:07:25.573,106411.67,0.00088,93.6422696
2025-10-18 00:07:25.688,106411.67,0.0078,830.0110259999999
2025-10-18 00:07:25.795,106411.66,0.013,1383.35158
2025-10-18 00:07:25.932,106411.67,0.01,1064.1167
2025-10-18 00:07:27.062,106411.67,0.00378,402.2361126
2025-10-18 00:07:27.093,106411.66,0.013,1383.35158
2025-10-18 00:07:27.094,106411.66,0.013,1383.35158
2025-10-18 00:07:27.388,106411.67,8e-05,8.5129336
2025-10-18 00:07:27.684,106411.67,0.00023,24.4746841
2025-10-18 00:07:28.140,106411.67,0.00037,39.3723179
2025-10-18 00:07:28.700,106411.66,0.00437,465.0189542
2025-10-18 00:07:29.375,106411.67,0.00026,27.667034199999996
2025-10-18 00:07:30.175,106411.66,9e-05,9.577049400000002
2025-10-18 00:07:30.380,106411.67,0.00012,12.7694004
2025-10-18 00:07:30.837,106411.66,0.06211,6609.2282026
2025-10-18 00:07:31.455,106411.67,0.00264,280.9268088
2025-10-18 00:07:31.855,106411.66,0.00095,101.091077
2025-10-18 00:07:32.021,106411.66,9e-05,9.577049400000002
2025-10-18 00:07:32.110,106411.67,0.00188,200.05393959999998
2025-10-18 00:07:32.275,106411.66,0.00103,109.60400980000001
2025-10-18 00:07:32.586,106411.66,0.00011,11.7052826
2025-10-18 00:07:32.622,106411.67,0.00065,69.1675855
2025-10-18 00:07:33.032,106411.67,0.0047,500.13484900000003
2025-10-18 00:07:33.155,106411.67,0.03648,3881.8977216
2025-10-18 00:07:34.002,106411.66,0.02819,2999.7446954
2025-10-18 00:07:34.011,106411.66,0.02819,2999.7446954
2025-10-18 00:07:34.019,106411.66,0.02819,2999.7446954
2025-10-18 00:07:34.026,106411.66,0.02567,2731.5873122
2025-10-18 00:07:34.081,106411.67,0.00598,636.3417866
2025-10-18 00:07:34.277,106411.67,0.00047,50.013484899999995
2025-10-18 00:07:34.519,106411.66,0.013,1383.35158
2025-10-18 00:07:34.520,106411.66,0.013,1383.35158
2025-10-18 00:07:34.521,106411.66,0.013,1383.35158
2025-10-18 00:07:34.973,106411.67,9e-05,9.5770503
2025-10-18 00:07:35.534,106411.66,0.00091,96.8346106
2025-10-18 00:07:35.580,106411.66,0.07686,8178.8001876
2025-10-18 00:07:35.667,106411.67,0.0017,180.899839
2025-10-18 00:07:36.039,106411.66,0.00059,62.782879400000006
2025-10-18 00:07:36.498,106411.66,0.00589,626.7646774000001
2025-10-18 00:07:37.618,106411.67,0.0047,500.13484900000003
2025-10-18 00:07:37.969,106411.67,0.00011,11.7052837
2025-10-18 00:07:38.002,106411.67,6e-05,6.3847002
2025-10-18 00:07:38.848,106411.67,0.00028,29.795267599999995
2025-10-18 00:07:39.019,106411.67,0.00019,20.2182173
2025-10-18 00:07:39.152,106411.67,6e-05,6.3847002
2025-10-18 00:07:40.033,106411.67,0.00017,18.0899839
2025-10-18 00:07:40.604,106411.66,0.06553,6973.156079800001
2025-10-18 00:07:40.615,106411.66,0.0058,617.187628
2025-10-18 00:07:40.749,106411.67,0.00168,178.77160560000002
2025-10-18 00:07:40.827,106411.67,0.00047,50.013484899999995
2025-10-18 00:07:42.194,106411.66,5e-05,5.320583
2025-10-18 00:07:42.563,106411.67,0.00644,685.2911548000001
2025-10-18 00:07:42.583,106411.67,0.028,2979.52676
2025-10-18 00:07:43.047,106411.67,0.0004,42.564668000000005
2025-10-18 00:07:43.718,106411.67,0.00034,36.1799678
2025-10-18 00:07:43.821,106411.67,6e-05,6.3847002
2025-10-18 00:07:43.845,106411.67,0.00056,59.59053519999999
2025-10-18 00:07:44.642,106411.67,0.00037,39.3723179
2025-10-18 00:07:45.245,106411.67,0.00013,13.833517099999998
2025-10-18 00:07:45.851,106411.67,0.00052,55.33406839999999
2025-10-18 00:07:45.864,106411.67,0.02,2128.2334
2025-10-18 00:07:46.233,106411.67,0.00088,93.6422696
2025-10-18 00:07:46.453,106411.67,0.00282,300.0809094
2025-10-18 00:07:47.592,106411.67,0.01834,1951.5900278
2025-10-18 00:07:48.213,106411.66,0.00047,50.013480200000004
2025-10-18 00:07:48.492,106411.66,0.01068,1136.4765288
2025-10-18 00:07:48.689,106411.66,0.00234,249.0032844
2025-10-18 00:07:49.417,106411.66,0.00943,1003.4619538
2025-10-18 00:07:49.836,106411.75,0.03721,3959.5812175
2025-10-18 00:07:49.839,106411.81,0.0001,10.641181
2025-10-18 00:07:49.842,106413.8,0.00109,115.99104200000001
2025-10-18 00:07:49.856,106413.81,0.01729,1839.8947749
2025-10-18 00:07:49.857,106413.81,0.00186,197.9296866
2025-10-18 00:07:49.898,106416.29,0.00696,740.6573784
2025-10-18 00:07:49.909,106418.0,0.028,2979.704
2025-10-18 00:07:50.109,106418.0,0.00245,260.72409999999996
2025-10-18 00:07:50.110,106418.0,0.0028,297.9704
2025-10-18 00:07:50.217,106418.0,0.00152,161.75536
2025-10-18 00:07:50.591,106417.99,0.05545,5900.8775455
2025-10-18 00:07:51.585,106417.99,7e-05,7.4492593
2025-10-18 00:07:51.756,106417.99,9e-05,9.577619100000001
2025-10-18 00:07:52.720,106418.0,0.00061,64.91498
2025-10-18 00:07:52.773,106417.99,0.0008,85.134392
2025-10-18 00:07:52.944,106418.0,0.00076,80.87768
2025-10-18 00:07:52.964,106418.0,0.00145,154.3061
2025-10-18 00:07:52.972,106417.99,3.00218,319485.96121820004
2025-10-18 00:07:53.324,106418.0,0.00029,30.86122
2025-10-18 00:07:53.658,106418.0,0.00054,57.46572
2025-10-18 00:07:53.714,106418.0,0.00097,103.22546000000001
2025-10-18 00:07:54.437,106418.0,0.03,3192.54
2025-10-18 00:07:55.044,106417.99,0.00018,19.155238200000003
2025-10-18 00:07:55.115,106417.99,0.14722,15666.8564878
2025-10-18 00:07:55.588,106414.45,0.06595,7018.032977499999
2025-10-18 00:07:55.779,106414.46,7e-05,7.449012199999999
2025-10-18 00:07:56.706,106414.45,0.005,532.0722499999999
2025-10-18 00:07:57.906,106414.45,0.005,532.0722499999999
2025-10-18 00:07:58.362,106414.46,0.0235,2500.73981
2025-10-18 00:07:58.562,106414.45,0.00092,97.90129400000001
2025-10-18 00:07:59.157,106414.46,0.00195,207.508197
2025-10-18 00:07:59.483,106414.46,0.00094,100.0295924
2025-10-18 00:07:59.502,106414.46,0.05639,6000.711399400001
2025-10-18 00:07:59.970,106414.46,0.00094,100.0295924
2025-10-18 00:08:00.962,106414.45,0.00023,24.475323500000002
2025-10-18 00:08:01.002,106414.46,0.0001,10.641446000000002
2025-10-18 00:08:01.236,106414.45,9e-05,9.5773005
2025-10-18 00:08:01.272,106414.45,0.00011,11.7055895
2025-10-18 00:08:01.324,106414.45,0.005,532.0722499999999
2025-10-18 00:08:01.510,106414.45,0.00037,39.3733465
2025-10-18 00:08:01.604,106414.46,0.00014,14.898024399999999
2025-10-18 00:08:01.795,106414.45,0.0036,383.09202
2025-10-18 00:08:02.018,106414.46,0.0026,276.677596
2025-10-18 00:08:02.684,106414.45,0.29,30860.190499999997
2025-10-18 00:08:02.933,106414.45,0.00108,114.927606
2025-10-18 00:08:02.935,106414.45,0.00042,44.694069
2025-10-18 00:08:03.528,106414.46,9e-05,9.577301400000001
2025-10-18 00:08:04.387,106414.45,0.00047,50.014791499999994
2025-10-18 00:08:04.881,106414.45,0.00079,84.0674155
2025-10-18 00:08:05.368,106414.46,0.00112,119.18419519999999
2025-10-18 00:08:05.471,106414.46,0.00047,50.0147962
2025-10-18 00:08:05.496,106414.46,0.00014,14.898024399999999
2025-10-18 00:08:05.596,106414.45,0.07564,8049.188998
2025-10-18 00:08:06.024,106414.45,0.00096,102.157872
2025-10-18 00:08:07.363,106414.46,0.00095,101.093737
2025-10-18 00:08:07.815,106414.45,0.00142,151.108519
2025-10-18 00:08:07.994,106414.46,0.00047,50.0147962
2025-10-18 00:08:08.589,106414.45,0.00038,40.437491
2025-10-18 00:08:10.316,106411.99,0.0003,31.923596999999997
2025-10-18 00:08:10.385,106411.67,0.00043,45.757018099999996
2025-10-18 00:08:10.587,106411.66,0.07112,7567.9972592
2025-10-18 00:08:10.776,106411.67,9e-05,9.5770503
2025-10-18 00:08:11.130,106411.67,0.00281,299.0167927
2025-10-18 00:08:11.441,106411.66,0.35445,37717.612887
2025-10-18 00:08:11.457,106411.66,0.013,1383.35158
2025-10-18 00:08:11.458,106411.66,0.013,1383.35158
2025-10-18 00:08:11.618,106411.64,0.0001,10.641164
2025-10-18 00:08:11.619,106411.5,6e-05,6.38469
2025-10-18 00:08:11.620,106411.03,0.0001,10.641103000000001
2025-10-18 00:08:11.626,106410.2,0.00506,538.435612
2025-10-18 00:08:11.715,106403.33,0.00015,15.9604995
2025-10-18 00:08:11.929,106401.12,0.00324,344.7396288
2025-10-18 00:08:12.000,106401.11,0.00493,524.5574723000001
2025-10-18 00:08:12.001,106400.98,0.00015,15.960146999999997
2025-10-18 00:08:12.002,106400.3,0.00062,65.968186
2025-10-18 00:08:12.007,106400.29,0.0024,255.36069599999996
2025-10-18 00:08:12.008,106398.74,0.00492,523.4818008
2025-10-18 00:08:12.053,106398.75,0.0001,10.639875
2025-10-18 00:08:12.182,106398.74,0.0188,2000.2963120000002
2025-10-18 00:08:12.184,106398.74,0.00013,13.8318362
2025-10-18 00:08:12.264,106398.74,0.00181,192.5817194
2025-10-18 00:08:12.278,106398.72,0.00261,277.7006592
2025-10-18 00:08:13.849,106398.7,0.00276,293.66041199999995
2025-10-18 00:08:13.853,106398.69,0.0019,202.157511
2025-10-18 00:08:13.891,106398.5,6e-05,6.38391
2025-10-18 00:08:13.908,106397.99,0.001,106.39799000000001
2025-10-18 00:08:13.910,106396.0,0.00225,239.391
2025-10-18 00:08:13.919,106388.75,6e-05,6.383325
2025-10-18 00:08:14.072,106383.98,0.005,531.9199
2025-10-18 00:08:14.075,106383.98,0.005,531.9199
2025-10-18 00:08:14.150,106383.99,0.0002,21.276798000000003
2025-10-18 00:08:14.307,106383.99,7e-05,7.4468793
2025-10-18 00:08:14.947,106383.99,6e-05,6.3830394
2025-10-18 00:08:15.442,106383.99,0.00024,25.5321576
2025-10-18 00:08:15.515,106383.98,8e-05,8.5107184
2025-10-18 00:08:15.832,106383.99,0.00068,72.34111320000001
2025-10-18 00:08:15.932,106383.98,0.00034,36.1705532
2025-10-18 00:08:16.577,106383.98,8e-05,8.5107184
2025-10-18 00:08:16.717,106383.99,0.00047,50.0004753
2025-10-18 00:08:16.732,106383.99,0.00015,15.9575985
2025-10-18 00:08:16.743,106383.99,0.0047,500.00475300000005
2025-10-18 00:08:16.776,106383.99,0.00053,56.3835147
2025-10-18 00:08:16.892,106383.99,0.00307,326.5988493
2025-10-18 00:08:17.010,106383.99,0.0001,10.638399000000001
2025-10-18 00:08:17.026,106383.99,0.00032,34.0428768
2025-10-18 00:08:17.039,106383.99,0.00034,36.170556600000005
2025-10-18 00:08:17.186,106383.99,0.0001,10.638399000000001
2025-10-18 00:08:17.240,106383.99,7e-05,7.4468793
2025-10-18 00:08:17.270,106383.98,8e-05,8.5107184
2025-10-18 00:08:17.407,106383.99,0.0002,21.276798000000003
2025-10-18 00:08:17.527,106383.98,0.01503,1598.9512194
2025-10-18 00:08:17.539,106383.98,8e-05,8.5107184
2025-10-18 00:08:17.687,106383.98,0.01504,1600.0150592
2025-10-18 00:08:17.691,106383.98,0.00113,120.2138974
2025-10-18 00:08:17.821,106383.98,0.00057,60.638868599999995
2025-10-18 00:08:17.847,106383.97,0.00122,129.7884434
2025-10-18 00:08:17.882,106383.98,0.0001,10.638398
2025-10-18 00:08:17.986,106383.98,0.0001,10.638398
2025-10-18 00:08:18.037,106383.98,0.00024,25.5321552
2025-10-18 00:08:18.066,106383.97,0.00038,40.4259086
2025-10-18 00:08:18.133,106383.98,0.00047,50.0004706
2025-10-18 00:08:18.241,106383.98,8e-05,8.5107184
2025-10-18 00:08:18.288,106383.97,0.01504,1600.0149088
2025-10-18 00:08:18.292,106383.98,0.00014,14.893757199999998
2025-10-18 00:08:18.369,106383.98,0.0001,10.638398
2025-10-18 00:08:18.403,106383.97,0.00015,15.957595499999998
2025-10-18 00:08:18.446,106383.97,0.01504,1600.0149088
2025-10-18 00:08:18.539,106383.98,0.00029,30.8513542
2025-10-18 00:08:18.568,106383.98,8e-05,8.5107184
2025-10-18 00:08:18.627,106383.98,0.00019,20.2129562
2025-10-18 00:08:18.716,106383.98,0.00015,15.957596999999998
2025-10-18 00:08:18.812,106383.97,8e-05,8.510717600000001
2025-10-18 00:08:18.869,106383.98,0.0001,10.638398
2025-10-18 00:08:18.936,106383.98,6e-05,6.3830388
2025-10-18 00:08:18.982,106383.98,0.0005,53.19199
2025-10-18 00:08:19.104,106383.97,0.0001,10.638397000000001
2025-10-18 00:08:19.125,106383.98,0.0047,500.004706
2025-10-18 00:08:19.161,106383.98,0.01221,1298.9483958
2025-10-18 00:08:19.498,106383.98,0.00115,122.34157699999999
2025-10-18 00:08:19.510,106383.98,0.00021,22.3406358
2025-10-18 00:08:20.583,106383.97,0.06458,6870.2767826
2025-10-18 00:08:20.830,106383.97,0.03289,3498.9687733000005
2025-10-18 00:08:20.893,106383.97,8e-05,8.510717600000001
2025-10-18 00:08:21.248,106383.98,6e-05,6.3830388
2025-10-18 00:08:21.592,106383.98,0.00016,17.0214368
2025-10-18 00:08:22.063,106383.97,0.00087,92.5540539
2025-10-18 00:08:22.229,106383.98,0.93999,99999.8773602
2025-10-18 00:08:22.577,106383.97,8e-05,8.510717600000001
2025-10-18 00:08:22.715,106383.98,0.00181,192.55500379999998
2025-10-18 00:08:22.716,106383.98,0.00112,119.15005759999998
2025-10-18 00:08:23.739,106383.98,0.00056,59.57502879999999
2025-10-18 00:08:23.742,106383.98,0.00035,37.234393
2025-10-18 00:08:24.517,106383.98,0.0004,42.553592
2025-10-18 00:08:25.225,106383.98,0.00015,15.957596999999998
2025-10-18 00:08:25.589,106383.97,0.07215,7675.603435500001
2025-10-18 00:08:25.763,106383.97,0.00366,389.3653302
2025-10-18 00:08:25.827,106383.98,0.00685,728.730263
2025-10-18 00:08:25.883,106383.97,7e-05,7.4468779
2025-10-18 00:08:25.964,106383.98,0.00685,728.730263
2025-10-18 00:08:26.331,106383.97,0.00018,19.1491146
2025-10-18 00:08:26.612,106383.98,0.00094,100.0009412
2025-10-18 00:08:26.690,106383.98,0.00282,300.0028236
2025-10-18 00:08:26.816,106383.98,0.05822,6193.6753155999995
2025-10-18 00:08:26.818,106383.98,0.04098,4359.6155004
2025-10-18 00:08:26.819,106386.19,0.31018,32998.8684142
2025-10-18 00:08:26.820,106393.5,8e-05,8.51148
2025-10-18 00:08:26.843,106393.21,0.01109,1179.9006989
2025-10-18 00:08:26.844,106393.21,0.05312,5651.607315200001
2025-10-18 00:08:26.845,106393.21,0.02307,2454.4913547
2025-10-18 00:08:26.846,106394.37,0.0218,2319.397266
2025-10-18 00:08:26.852,106394.37,0.01497,1592.7237189
2025-10-18 00:08:26.854,106394.37,0.02792,2970.5308104
2025-10-18 00:08:26.856,106394.37,0.01252,1332.0575124
2025-10-18 00:08:26.859,106394.37,0.00751,799.0217187
2025-10-18 00:08:26.860,106395.59,0.00015,15.959338499999998
2025-10-18 00:08:26.874,106401.12,0.00115,122.36128799999999
2025-10-18 00:08:26.876,106403.05,0.0094,1000.1886700000001
2025-10-18 00:08:26.879,106404.25,0.0015,159.606375
2025-10-18 00:08:26.893,106405.72,0.0094,1000.2137680000001
2025-10-18 00:08:26.983,106405.72,0.0094,1000.2137680000001
2025-10-18 00:08:27.042,106405.72,0.0029,308.57658799999996
2025-10-18 00:08:27.047,106405.72,0.0094,1000.2137680000001
2025-10-18 00:08:27.049,106405.72,0.0003,31.921715999999996
2025-10-18 00:08:27.061,106405.72,0.03365,3580.552478
2025-10-18 00:08:27.076,106405.72,0.00727,773.5695844
2025-10-18 00:08:27.087,106405.72,0.00594,632.0499768
2025-10-18 00:08:27.091,106405.72,0.01311,1394.9789892000001
2025-10-18 00:08:27.094,106405.72,0.02,2128.1144
2025-10-18 00:08:27.103,106405.72,0.00431,458.60865319999994
2025-10-18 00:08:27.157,106405.72,0.003,319.21716000000004
2025-10-18 00:08:27.158,106412.04,0.0001,10.641204
2025-10-18 00:08:27.159,106416.99,0.015,1596.25485
2025-10-18 00:08:27.180,106414.83,5e-05,5.3207415000000005
2025-10-18 00:08:27.247,106416.36,6e-05,6.384981600000001
2025-10-18 00:08:27.269,106416.37,0.00939,999.2497143
2025-10-18 00:08:27.463,106416.36,8e-05,8.5133088
2025-10-18 00:08:27.514,106416.37,0.00399,424.60131629999995
2025-10-18 00:08:27.554,106416.37,0.0094,1000.313878
2025-10-18 00:08:27.728,106416.37,0.05163,5494.2771831
2025-10-18 00:08:27.729,106423.95,0.0059,627.901305
2025-10-18 00:08:27.772,106423.95,0.00229,243.71084549999998
2025-10-18 00:08:27.799,106425.11,0.00223,237.32799530000003
2025-10-18 00:08:27.851,106425.11,0.02,2128.5022
2025-10-18 00:08:27.992,106425.12,0.00012,12.7710144
2025-10-18 00:08:28.033,106425.12,0.00077,81.9473424
2025-10-18 00:08:28.124,106425.12,0.00065,69.176328
2025-10-18 00:08:28.127,106425.12,0.00018,19.1565216
2025-10-18 00:08:28.529,106425.11,9e-05,9.5782599
2025-10-18 00:08:28.682,106425.12,0.00017,18.0922704
2025-10-18 00:08:28.810,106425.11,0.44537,47398.5512407
2025-10-18 00:08:28.813,106425.11,0.00045,47.8912995
2025-10-18 00:08:28.814,106423.94,0.0002,21.284788000000002
2025-10-18 00:08:28.815,106414.86,0.00015,15.962228999999999
2025-10-18 00:08:28.942,106414.78,0.0001,10.641478000000001
2025-10-18 00:08:28.948,106411.56,5e-05,5.320578
2025-10-18 00:08:28.949,106411.11,0.013,1383.3444299999999
2025-10-18 00:08:28.950,106411.11,0.013,1383.3444299999999
2025-10-18 00:08:29.168,106411.11,0.00012,12.7693332
2025-10-18 00:08:29.202,106411.11,0.00244,259.6431084
2025-10-18 00:08:29.212,106407.94,0.00023,24.4738262
2025-10-18 00:08:29.227,106407.94,0.013,1383.30322
2025-10-18 00:08:29.389,106407.95,5e-05,5.3203975
2025-10-18 00:08:29.521,106407.95,8e-05,8.512636
2025-10-18 00:08:29.569,106407.94,0.0003,31.922382
2025-10-18 00:08:29.687,106407.94,9e-05,9.5767146
2025-10-18 00:08:30.274,106407.94,9e-05,9.5767146
2025-10-18 00:08:30.315,106402.19,0.00015,15.9603285
2025-10-18 00:08:30.448,106402.19,6e-05,6.3841314
2025-10-18 00:08:30.652,106402.18,8e-05,8.5121744
2025-10-18 00:08:30.744,106402.18,9e-05,9.5761962
2025-10-18 00:08:30.958,106402.18,0.05543,5897.872837399999
2025-10-18 00:08:31.387,106402.18,9e-05,9.5761962
2025-10-18 00:08:31.483,106402.19,0.00469,499.0262711
2025-10-18 00:08:32.047,106402.18,9e-05,9.5761962
2025-10-18 00:08:32.183,106402.18,8e-05,8.5121744
2025-10-18 00:08:32.197,106402.18,8e-05,8.5121744
2025-10-18 00:08:32.281,106402.19,0.00118,125.55458420000001
2025-10-18 00:08:32.288,106402.18,9e-05,9.5761962
2025-10-18 00:08:32.754,106402.19,0.00024,25.5365256
2025-10-18 00:08:33.494,106402.19,0.00012,12.7682628
2025-10-18 00:08:33.651,106402.18,8e-05,8.5121744
2025-10-18 00:08:33.793,106402.18,9e-05,9.5761962
2025-10-18 00:08:34.138,106402.19,0.00013,13.832284699999999
2025-10-18 00:08:34.378,106402.19,0.001,106.40219
2025-10-18 00:08:35.193,106402.19,9e-05,9.576197100000002
2025-10-18 00:08:35.325,106402.19,0.01,1064.0219
2025-10-18 00:08:35.430,106402.19,0.0002,21.280438
2025-10-18 00:08:35.518,106402.19,0.00124,131.9387156
2025-10-18 00:08:35.578,106402.18,0.00047,50.0090246
2025-10-18 00:08:35.594,106402.18,0.07143,7600.307717399999
2025-10-18 00:08:35.613,106402.19,0.00019,20.2164161
2025-10-18 00:08:35.881,106402.19,0.93983,99999.9702277
2025-10-18 00:08:36.037,106402.18,0.00033,35.112719399999996
2025-10-18 00:08:36.098,106402.19,0.00018,19.152394200000003
2025-10-18 00:08:36.263,106402.18,9e-05,9.5761962
2025-10-18 00:08:36.790,106402.18,9e-05,9.5761962
2025-10-18 00:08:36.839,106402.18,0.00069,73.4175042
2025-10-18 00:08:36.866,106402.18,8e-05,8.5121744
2025-10-18 00:08:36.875,106402.19,7e-05,7.4481532999999995
2025-10-18 00:08:37.082,106402.19,7e-05,7.4481532999999995
2025-10-18 00:08:37.418,106402.19,0.00047,50.0090293
2025-10-18 00:08:37.626,106402.19,6e-05,6.3841314
2025-10-18 00:08:37.913,106402.19,0.00344,366.0235336
2025-10-18 00:08:38.025,106402.19,0.00012,12.7682628
2025-10-18 00:08:38.073,106402.18,9e-05,9.5761962
2025-10-18 00:08:38.101,106402.18,0.00047,50.0090246
2025-10-18 00:08:38.165,106402.19,0.00609,647.9893371000001
2025-10-18 00:08:38.476,106402.19,0.00015,15.9603285
2025-10-18 00:08:38.596,106402.19,0.00258,274.5176502
2025-10-18 00:08:38.847,106402.19,0.00026,27.664569399999998
2025-10-18 00:08:39.389,106402.18,0.0001,10.640217999999999
2025-10-18 00:08:39.459,106402.19,0.00427,454.3373513
2025-10-18 00:08:39.542,106402.19,0.001,106.40219
2025-10-18 00:08:39.855,106402.19,0.02,2128.0438
2025-10-18 00:08:39.888,106402.19,0.002,212.80438
2025-10-18 00:08:39.910,106402.19,0.0007,74.481533
2025-10-18 00:08:39.986,106406.83,0.00015,15.961024499999999
2025-10-18 00:08:40.264,106406.84,0.00012,12.7688208
2025-10-18 00:08:40.598,106406.83,0.08094,8612.5688202
2025-10-18 00:08:40.941,106406.84,8e-05,8.5125472
2025-10-18 00:08:40.961,106406.84,0.00013,13.832889199999999
2025-10-18 00:08:41.266,106406.83,0.00488,519.2653304
2025-10-18 00:08:41.515,106406.83,0.00313,333.0533779
2025-10-18 00:08:41.624,106406.84,0.00766,815.0763944
2025-10-18 00:08:41.681,106406.84,0.00012,12.7688208
2025-10-18 00:08:41.759,106406.84,0.00018,19.1532312
2025-10-18 00:08:41.851,106406.84,0.01,1064.0683999999999
2025-10-18 00:08:41.864,106406.83,0.00336,357.5269488
2025-10-18 00:08:42.191,106406.83,0.0016,170.25092800000002
2025-10-18 00:08:42.273,106406.84,0.00026,27.665778399999997
2025-10-18 00:08:43.169,106406.84,0.0001,10.640684
2025-10-18 00:08:43.192,106406.83,0.00026,27.6657758
2025-10-18 00:08:43.766,106406.83,9e-05,9.5766147
2025-10-18 00:08:44.358,106406.84,6e-05,6.3844104
2025-10-18 00:08:44.918,106406.84,0.14341,15259.804924400001
2025-10-18 00:08:44.932,106406.83,9e-05,9.5766147
2025-10-18 00:08:44.993,106406.84,0.028,2979.39152
2025-10-18 00:08:44.994,106406.84,0.028,2979.39152
2025-10-18 00:08:45.016,106414.68,0.00015,15.962201999999998
2025-10-18 00:08:45.124,106414.69,0.0039,415.017291
2025-10-18 00:08:45.137,106414.68,9e-05,9.5773212
2025-10-18 00:08:46.384,106414.69,0.01,1064.1469
2025-10-18 00:08:46.537,106414.68,9e-05,9.5773212
2025-10-18 00:08:46.604,106414.68,9e-05,9.5773212
2025-10-18 00:08:47.083,106414.69,0.01,1064.1469
2025-10-18 00:08:47.294,106414.68,9e-05,9.5773212
2025-10-18 00:08:47.316,106414.68,0.00011,11.7056148
2025-10-18 00:08:47.368,106414.68,9e-05,9.5773212
2025-10-18 00:08:48.505,106414.68,9e-05,9.5773212
2025-10-18 00:08:48.610,106414.69,0.00234,249.0103746
2025-10-18 00:08:49.140,106414.68,0.14918,15874.9419624
2025-10-18 00:08:50.062,106414.69,0.00173,184.0974137
2025-10-18 00:08:50.587,106414.68,0.07754,8251.394287199999
2025-10-18 00:08:51.206,106414.68,0.30706,32675.691640799996
2025-10-18 00:08:51.210,106414.68,1.0869,115662.11569199999
2025-10-18 00:08:51.212,106414.67,0.013,1383.39071
2025-10-18 00:08:51.214,106414.67,0.013,1383.39071
2025-10-18 00:08:51.233,106414.26,0.00015,15.962138999999997
2025-10-18 00:08:51.241,106410.54,0.00015,15.961580999999997
2025-10-18 00:08:51.836,106410.43,8e-05,8.512834400000001
2025-10-18 00:08:52.023,106410.43,0.0002,21.282086
2025-10-18 00:08:52.243,106410.43,0.00111,118.1155773
2025-10-18 00:08:52.941,106410.43,9e-05,9.5769387
2025-10-18 00:08:53.016,106410.43,0.02951,3140.1717893
2025-10-18 00:08:54.081,106410.43,0.01829,1946.2467646999999
2025-10-18 00:08:54.215,106407.38,0.00015,15.961107
2025-10-18 00:08:54.460,106407.37,0.013,1383.2958099999998
2025-10-18 00:08:54.461,106407.37,0.013,1383.2958099999998
2025-10-18 00:08:55.123,106407.38,0.00053,56.3959114
2025-10-18 00:08:55.251,106407.38,0.00961,1022.5749218000001
2025-10-18 00:08:55.769,106407.38,0.00469,499.0506122
2025-10-18 00:08:57.837,106407.38,9e-05,9.576664200000002
2025-10-18 00:08:57.888,106407.37,9e-05,9.5766633
2025-10-18 00:08:58.263,106407.37,8e-05,8.5125896
2025-10-18 00:08:58.592,106407.37,8e-05,8.5125896
2025-10-18 00:08:58.771,106407.37,9e-05,9.5766633
2025-10-18 00:08:58.899,106407.37,9e-05,9.5766633
2025-10-18 00:08:59.041,106407.38,0.06968,7414.466238400001
2025-10-18 00:08:59.374,106407.38,0.00018,19.153328400000003
2025-10-18 00:08:59.571,106407.37,0.0001,10.640737
2025-10-18 00:08:59.761,106407.37,8e-05,8.5125896
2025-10-18 00:09:00.127,106407.38,0.00176,187.27698880000003
2025-10-18 00:09:00.139,106407.38,8e-05,8.5125904
2025-10-18 00:09:00.537,106407.37,9e-05,9.5766633
2025-10-18 00:09:00.596,106407.37,0.08505,9049.9468185
2025-10-18 00:09:00.664,106407.37,9e-05,9.5766633
2025-10-18 00:09:00.761,106407.37,8e-05,8.5125896
2025-10-18 00:09:00.918,106407.38,0.00604,642.7005752
2025-10-18 00:09:00.997,106407.37,8e-05,8.5125896
2025-10-18 00:09:01.020,106407.37,7e-05,7.448515899999999
2025-10-18 00:09:01.236,106407.37,0.00021,22.3455477
2025-10-18 00:09:01.243,106407.37,0.0001,10.640737
2025-10-18 00:09:01.312,106407.38,0.00187,198.9818006
2025-10-18 00:09:01.377,106407.37,8e-05,8.5125896
2025-10-18 00:09:01.396,106407.37,8e-05,8.5125896
2025-10-18 00:09:01.508,106407.37,9e-05,9.5766633
2025-10-18 00:09:01.517,106407.37,0.00204,217.0710348
2025-10-18 00:09:01.584,106407.37,8e-05,8.5125896
2025-10-18 00:09:01.657,106407.38,0.00082,87.2540516
2025-10-18 00:09:01.735,106407.38,0.00016,17.0251808
2025-10-18 00:09:01.736,106407.37,8e-05,8.5125896
2025-10-18 00:09:01.935,106407.37,0.09411,10013.997590699999
2025-10-18 00:09:02.114,106407.37,0.00017,18.0892529
2025-10-18 00:09:02.126,106407.37,9e-05,9.5766633
2025-10-18 00:09:02.228,106407.37,0.013,1383.2958099999998
2025-10-18 00:09:02.489,106407.37,8e-05,8.5125896
2025-10-18 00:09:02.684,106407.37,0.0001,10.640737
2025-10-18 00:09:02.702,106407.37,0.003,319.22211
2025-10-18 00:09:03.043,106407.38,0.02134,2270.7334892000003
2025-10-18 00:09:03.510,106407.37,0.0003,31.922210999999997
2025-10-18 00:09:03.677,106407.38,0.00094,100.0229372
2025-10-18 00:09:04.231,106407.37,9e-05,9.5766633
2025-10-18 00:09:04.276,106407.38,0.00092,97.89478960000001
2025-10-18 00:09:04.817,106407.38,0.00268,285.1717784
2025-10-18 00:09:05.233,106407.38,0.00096,102.1510848
2025-10-18 00:09:05.269,106407.37,0.01,1064.0737
2025-10-18 00:09:05.592,106407.37,0.08551,9098.8942087
2025-10-18 00:09:06.107,106407.38,0.01033,1099.1882354000002
2025-10-18 00:09:06.178,106407.38,0.00055,58.52405900000001
2025-10-18 00:09:06.512,106407.38,0.00017,18.089254600000004
2025-10-18 00:09:06.699,106407.37,8e-05,8.5125896
2025-10-18 00:09:06.700,106407.37,0.00017,18.0892529
2025-10-18 00:09:07.042,106407.37,9e-05,9.5766633
2025-10-18 00:09:07.134,106407.38,0.37591,39999.598215800004
2025-10-18 00:09:07.219,106407.37,9e-05,9.5766633
2025-10-18 00:09:07.514,106407.38,0.00028,29.7940664
2025-10-18 00:09:07.525,106407.37,0.00047,50.011463899999995
2025-10-18 00:09:07.904,106407.38,0.00047,50.0114686
2025-10-18 00:09:08.118,106407.38,0.08383,8920.1306654
2025-10-18 00:09:08.673,106407.37,9e-05,9.5766633
2025-10-18 00:09:09.285,106407.38,8e-05,8.5125904
2025-10-18 00:09:09.396,106407.38,0.00047,50.0114686
2025-10-18 00:09:09.715,106404.37,5e-05,5.3202185
2025-10-18 00:09:09.754,106403.57,0.013,1383.24641
2025-10-18 00:09:09.842,106403.57,0.013,1383.24641
2025-10-18 00:09:09.843,106403.57,0.013,1383.24641
2025-10-18 00:09:10.015,106400.0,5e-05,5.32
2025-10-18 00:09:10.119,106398.62,0.00023,24.4716826
2025-10-18 00:09:10.733,106398.61,0.00667,709.6787287
2025-10-18 00:09:10.740,106397.17,0.013,1383.16321
2025-10-18 00:09:10.762,106397.17,0.00145,154.2758965
2025-10-18 00:09:10.844,106396.73,0.00897,954.3786681
2025-10-18 00:09:10.850,106392.23,0.00584,621.3306232
2025-10-18 00:09:10.851,106391.03,0.013,1383.08339
2025-10-18 00:09:10.876,106391.03,0.00197,209.5903291
2025-10-18 00:09:10.915,106389.31,0.0001,10.638931
2025-10-18 00:09:11.015,106388.25,0.00223,237.2457975
2025-10-18 00:09:11.070,106388.24,9e-05,9.5749416
2025-10-18 00:09:11.215,106384.01,5e-05,5.3192005
2025-10-18 00:09:11.218,106380.73,0.00243,258.5051739
2025-10-18 00:09:11.808,106380.72,9e-05,9.5742648
2025-10-18 00:09:12.992,106380.73,0.02625,2792.4941624999997
2025-10-18 00:09:13.105,106380.73,5e-05,5.3190365
2025-10-18 00:09:13.387,106380.73,6e-05,6.3828438
2025-10-18 00:09:13.537,106380.72,0.001,106.38072
2025-10-18 00:09:13.539,106380.72,0.001,106.38072
2025-10-18 00:09:13.827,106380.72,0.01504,1599.9660288
2025-10-18 00:09:13.869,106380.73,8e-05,8.510458400000001
2025-10-18 00:09:13.982,106380.72,0.01504,1599.9660288
2025-10-18 00:09:14.141,106380.72,0.01504,1599.9660288
2025-10-18 00:09:14.301,106380.72,0.01504,1599.9660288
2025-10-18 00:09:14.358,106380.73,0.00018,19.1485314
2025-10-18 00:09:14.941,106380.73,5e-05,5.3190365
2025-10-18 00:09:15.025,106380.72,0.0001,10.638072000000001
2025-10-18 00:09:15.121,106380.72,9e-05,9.5742648
2025-10-18 00:09:15.333,106380.73,9e-05,9.5742657
2025-10-18 00:09:15.457,106380.72,8e-05,8.5104576
2025-10-18 00:09:15.593,106380.72,0.08634,9184.9113648
2025-10-18 00:09:16.285,106380.73,0.00297,315.9507681
2025-10-18 00:09:16.317,106380.73,0.00282,299.9936586
2025-10-18 00:09:16.318,106380.73,0.00282,299.9936586
2025-10-18 00:09:16.341,106380.73,0.00282,299.9936586
2025-10-18 00:09:16.391,106380.73,0.028,2978.66044
2025-10-18 00:09:16.833,106380.72,9e-05,9.5742648
2025-10-18 00:09:17.321,106380.72,9e-05,9.5742648
2025-10-18 00:09:17.544,106380.72,0.00099,105.3169128
2025-10-18 00:09:17.656,106380.72,0.00056,59.573203199999995
2025-10-18 00:09:17.851,106380.72,9e-05,9.5742648
2025-10-18 00:09:18.339,106380.73,0.00036,38.2970628
2025-10-18 00:09:18.607,106380.72,8e-05,8.5104576
2025-10-18 00:09:19.104,106380.72,8e-05,8.5104576
2025-10-18 00:09:20.737,106380.73,5e-05,5.3190365
2025-10-18 00:09:20.912,106380.72,0.0001,10.638072000000001
2025-10-18 00:09:21.168,106380.72,0.00016,17.0209152
2025-10-18 00:09:21.350,106380.72,0.00026,27.6589872
2025-10-18 00:09:21.583,106380.72,8e-05,8.5104576
2025-10-18 00:09:21.677,106380.73,0.00188,199.9957724
2025-10-18 00:09:21.829,106380.72,0.03341,3554.1798552000005
2025-10-18 00:09:22.121,106380.72,8e-05,8.5104576
2025-10-18 00:09:22.207,106380.72,0.00044,46.8075168
2025-10-18 00:09:22.612,106380.73,0.00094,99.9978862
2025-10-18 00:09:22.990,106380.73,0.00167,177.6558191
2025-10-18 00:09:23.517,106380.73,0.005,531.90365
2025-10-18 00:09:23.520,106380.73,5e-05,5.3190365
2025-10-18 00:09:23.813,106380.73,0.023,2446.75679
2025-10-18 00:09:23.844,106380.73,0.00281,298.9298513
2025-10-18 00:09:24.886,106380.73,0.00118,125.5292614
2025-10-18 00:09:25.343,106380.72,0.00217,230.8461624
2025-10-18 00:09:25.594,106380.72,0.06884,7323.2487648
2025-10-18 00:09:25.657,106380.73,0.00067,71.2750891
2025-10-18 00:09:25.785,106380.72,0.00017,18.0847224
2025-10-18 00:09:25.879,106380.73,0.00033,35.1056409
2025-10-18 00:09:26.422,106380.72,0.00045,47.871324
2025-10-18 00:09:27.008,106380.72,0.0001,10.638072000000001
2025-10-18 00:09:27.716,106380.73,0.00676,719.1337348
2025-10-18 00:09:27.733,106380.73,7e-05,7.446651099999999
2025-10-18 00:09:28.962,106380.72,0.00017,18.0847224
2025-10-18 00:09:29.032,106380.73,8e-05,8.510458400000001
2025-10-18 00:09:29.782,106380.73,0.00024,25.5313752
2025-10-18 00:09:30.175,106380.73,0.00034,36.1694482
2025-10-18 00:09:31.543,106380.72,0.04874,5184.9962927999995
2025-10-18 00:09:31.544,106379.66,0.00015,15.956949
2025-10-18 00:09:31.555,106377.3,0.0006,63.82637999999999
2025-10-18 00:09:31.581,106376.62,0.00015,15.956492999999998
2025-10-18 00:09:31.591,106376.01,5e-05,5.3188005
2025-10-18 00:09:31.626,106376.0,0.00058,61.69808
2025-10-18 00:09:31.719,106376.01,5e-05,5.3188005
2025-10-18 00:09:32.161,106376.0,0.00376,399.97375999999997
2025-10-18 00:09:32.415,106372.26,0.0001,10.637226
2025-10-18 00:09:33.229,106367.92,0.00026,27.6556592
2025-10-18 00:09:33.790,106367.92,0.00202,214.86319840000002
2025-10-18 00:09:34.638,106367.93,0.00094,99.98585419999999
2025-10-18 00:09:35.041,106367.92,0.06595,7014.964324
2025-10-18 00:09:35.046,106367.92,0.0084,893.4905279999999
2025-10-18 00:09:35.047,106367.92,0.02877,3060.2050584
2025-10-18 00:09:35.054,106367.92,0.05753,6119.346437599999
2025-10-18 00:09:35.059,106367.9,0.0001,10.63679
2025-10-18 00:09:35.083,106366.69,0.00325,345.6917425
2025-10-18 00:09:35.160,106366.0,0.00366,389.29956
2025-10-18 00:09:35.211,106364.99,0.0001,10.636499
2025-10-18 00:09:35.591,106361.17,0.0001,10.636117
2025-10-18 00:09:35.593,106358.05,0.03645,3876.7509225000003
2025-10-18 00:09:35.685,106358.05,0.01504,1599.625072
2025-10-18 00:09:35.800,106358.06,0.00188,199.9531528
2025-10-18 00:09:38.012,106358.05,0.00047,49.9882835
2025-10-18 00:09:38.515,106351.93,0.00049,52.112445699999995
2025-10-18 00:09:39.360,106351.87,0.00094,99.97075779999999
2025-10-18 00:09:39.505,106351.86,0.00047,49.985374199999995
2025-10-18 00:09:40.141,106351.86,8e-05,8.5081488
2025-10-18 00:09:40.334,106351.87,0.00183,194.6239221
2025-10-18 00:09:40.623,106351.86,0.07954,8459.2269444
2025-10-18 00:09:40.979,106351.86,0.00018,19.1433348
2025-10-18 00:09:41.097,106351.86,9e-05,9.5716674
2025-10-18 00:09:41.339,106351.87,9e-05,9.5716683
2025-10-18 00:09:41.649,106351.86,0.013,1382.5741799999998
2025-10-18 00:09:41.650,106351.86,0.013,1382.5741799999998
2025-10-18 00:09:41.658,106351.87,0.00071,75.5098277
2025-10-18 00:09:41.909,106351.86,0.00461,490.28207460000004
2025-10-18 00:09:42.269,106351.87,0.047,4998.53789
2025-10-18 00:09:42.651,106351.87,0.00101,107.4153887
2025-10-18 00:09:43.618,106351.86,0.00018,19.1433348
2025-10-18 00:09:43.956,106351.87,0.00961,1022.0414707
2025-10-18 00:09:43.987,106351.87,0.01879,1998.3516373
2025-10-18 00:09:44.123,106351.87,0.00075,79.7639025
2025-10-18 00:09:44.204,106351.86,0.00034,36.1596324
2025-10-18 00:09:44.417,106351.87,0.00057,60.620565899999995
2025-10-18 00:09:45.295,106351.86,0.00018,19.1433348
2025-10-18 00:09:45.352,106351.86,0.00264,280.7689104
2025-10-18 00:09:45.993,106351.87,0.00066,70.1922342
2025-10-18 00:09:47.908,106351.87,0.24579,26140.2261273
2025-10-18 00:09:47.912,106351.87,0.1593,16941.852891
2025-10-18 00:09:47.923,106351.86,0.00012,12.762223200000001
2025-10-18 00:09:48.015,106351.87,0.02597,2761.9580639
2025-10-18 00:09:48.502,106362.25,0.08728,9283.29718
2025-10-18 00:09:49.376,106362.24,0.00087,92.5351488
2025-10-18 00:09:49.781,106362.24,0.00017,18.0815808
2025-10-18 00:09:49.858,106362.24,0.00037,39.3540288
2025-10-18 00:09:50.590,106362.24,0.06322,6724.2208128
2025-10-18 00:09:50.783,106362.25,0.00048,51.05388
2025-10-18 00:09:50.948,106362.24,0.0165,1754.9769600000002
2025-10-18 00:09:51.394,106362.25,0.00026,27.654185
2025-10-18 00:09:51.586,106362.24,6e-05,6.381734400000001
2025-10-18 00:09:51.876,106362.25,0.00013,13.8270925
2025-10-18 00:09:52.583,106362.24,0.00011,11.6998464
2025-10-18 00:09:53.172,106362.25,9e-05,9.5726025
2025-10-18 00:09:53.338,106362.24,9e-05,9.5726016
2025-10-18 00:09:53.666,106362.24,0.0081,861.534144
2025-10-18 00:09:53.775,106362.24,9e-05,9.5726016
2025-10-18 00:09:54.726,106362.24,0.00248,263.7783552
2025-10-18 00:09:55.235,106362.24,0.08688,9240.7514112
2025-10-18 00:09:55.587,106362.24,0.07377,7846.3424448000005
2025-10-18 00:09:55.803,106362.24,0.00015,15.954336
2025-10-18 00:09:55.964,106362.24,0.00028,29.7814272
2025-10-18 00:09:56.242,106362.24,0.00088,93.5987712
2025-10-18 00:09:57.078,106362.24,0.00018,19.1452032
2025-10-18 00:09:57.299,106362.25,0.028,2978.143
2025-10-18 00:09:57.301,106362.4,0.00065,69.13556
2025-10-18 00:09:57.303,106362.4,0.00025,26.5906
2025-10-18 00:09:57.304,106362.41,0.00046,48.926708600000005
2025-10-18 00:09:57.307,106362.41,0.02104,2237.8651064
2025-10-18 00:09:57.310,106362.75,0.021,2233.6177500000003
2025-10-18 00:09:57.313,106362.75,0.0004,42.545100000000005
2025-10-18 00:09:57.319,106362.75,0.02264,2408.05266
2025-10-18 00:09:57.321,106366.0,6e-05,6.38196
2025-10-18 00:09:58.070,106367.73,0.00405,430.78930649999995
2025-10-18 00:09:58.262,106367.74,0.05638,5997.0131812
2025-10-18 00:09:59.652,106367.74,0.00108,114.87715920000001
2025-10-18 00:09:59.887,106367.74,0.00101,107.43141740000002
2025-10-18 00:10:00.280,106367.73,0.00027,28.7192871
2025-10-18 00:10:00.692,106367.74,8e-05,8.509419200000002
2025-10-18 00:10:00.752,106367.74,0.00047,49.992837800000004
2025-10-18 00:10:00.866,106367.74,0.00093,98.9219982
2025-10-18 00:10:01.031,106367.74,0.00013,13.8278062
2025-10-18 00:10:01.089,106367.73,5e-05,5.3183865
2025-10-18 00:10:01.491,106367.73,0.00267,284.0018391
2025-10-18 00:10:01.602,106367.73,9e-05,9.5730957
2025-10-18 00:10:01.693,106367.73,0.04657,4953.5451861
2025-10-18 00:10:01.915,106367.31,0.0001,10.636731000000001
2025-10-18 00:10:01.917,106366.94,0.00015,15.955041
2025-10-18 00:10:01.918,106366.94,0.00015,15.955041
2025-10-18 00:10:02.014,106366.95,0.028,2978.2746
2025-10-18 00:10:02.558,106366.95,0.0001,10.636695
2025-10-18 00:10:02.614,106366.95,0.00629,669.0481154999999
2025-10-18 00:10:02.891,106366.95,0.01031,1096.6432545
2025-10-18 00:10:03.044,106366.95,0.00084,89.348238
2025-10-18 00:10:04.161,106366.95,0.00281,298.8911295
2025-10-18 00:10:05.058,106366.95,0.0005,53.183475
2025-10-18 00:10:05.596,106366.94,0.07079,7529.715682600001
2025-10-18 00:10:06.248,106366.94,0.00014,14.8913716
2025-10-18 00:10:06.419,106366.95,0.00109,115.9399755
2025-10-18 00:10:06.633,106366.94,0.01008,1072.1787552
2025-10-18 00:10:06.678,106366.95,0.00744,791.3701080000001
2025-10-18 00:10:06.695,106366.95,0.00445,473.3329275
2025-10-18 00:10:06.890,106366.94,0.00012,12.7640328
2025-10-18 00:10:06.956,106366.95,0.0012,127.64033999999998
2025-10-18 00:10:07.385,106366.94,0.00459,488.22425460000005
2025-10-18 00:10:07.628,106366.93,9e-05,9.5730237
2025-10-18 00:10:07.643,106366.93,0.00705,749.8868564999999
2025-10-18 00:10:08.354,106366.93,0.00126,134.0223318
2025-10-18 00:10:08.754,106366.94,0.0003,31.910082
2025-10-18 00:10:09.285,106366.94,0.00366,389.30300040000003
2025-10-18 00:10:09.491,106366.93,0.0001,10.636693
2025-10-18 00:10:09.569,106366.93,0.00065,69.1385045
2025-10-18 00:10:09.970,106366.94,0.00745,792.433703
2025-10-18 00:10:09.986,106366.94,0.00087,92.53923780000001
2025-10-18 00:10:10.220,106366.94,0.00028,29.7827432
2025-10-18 00:10:10.268,106366.94,0.01881,2000.7621414
2025-10-18 00:10:10.362,106366.93,0.00343,364.8385699
2025-10-18 00:10:10.614,106366.94,0.00082,87.2208908
2025-10-18 00:10:10.615,106366.94,0.00045,47.865123
2025-10-18 00:10:11.370,106366.94,0.00725,771.1603150000001
2025-10-18 00:10:11.938,106366.94,0.2553,27155.479782000002
2025-10-18 00:10:11.939,106366.94,0.2664,28336.152816
2025-10-18 00:10:11.940,106366.94,0.2094,22273.237236
2025-10-18 00:10:11.941,106366.94,0.01645,1749.736163
2025-10-18 00:10:11.942,106366.94,0.0543,5775.7248420000005
2025-10-18 00:10:11.944,106366.94,0.07235,7695.648109
2025-10-18 00:10:11.945,106366.94,0.09164,9747.4663816
2025-10-18 00:10:11.948,106366.94,0.14305,15215.790767000002
2025-10-18 00:10:11.950,106366.94,0.08874,9439.0022556
2025-10-18 00:10:11.952,106366.94,0.02254,2397.5108276
2025-10-18 00:10:11.954,106366.96,0.0001,10.636696
2025-10-18 00:10:11.968,106367.74,0.00015,15.955160999999999
2025-10-18 00:10:11.971,106371.59,5e-05,5.3185795
2025-10-18 00:10:11.989,106372.88,0.00056,59.568812799999996
2025-10-18 00:10:12.011,106375.75,6e-05,6.382545
2025-10-18 00:10:12.041,106381.99,6e-05,6.3829194000000005
2025-10-18 00:10:12.080,106384.92,6e-05,6.3830952
2025-10-18 00:10:12.101,106384.92,0.0094,1000.018248
2025-10-18 00:10:12.102,106384.92,0.028,2978.77776
2025-10-18 00:10:12.315,106389.98,0.0001,10.638998
2025-10-18 00:10:12.466,106392.0,6e-05,6.38352
2025-10-18 00:10:12.514,106393.67,0.00218,231.93820060000002
2025-10-18 00:10:12.532,106397.5,0.00427,454.31732500000004
2025-10-18 00:10:12.541,106397.49,0.00018,19.1515482
2025-10-18 00:10:12.618,106400.56,0.00015,15.960083999999998
2025-10-18 00:10:12.620,106402.43,5e-05,5.3201215
2025-10-18 00:10:12.627,106404.48,0.00627,667.1560896
2025-10-18 00:10:12.683,106404.48,0.00014,14.896627199999998
2025-10-18 00:10:12.688,106404.48,0.00091,96.82807679999999
2025-10-18 00:10:12.753,106404.62,9e-05,9.5764158
2025-10-18 00:10:12.806,106405.85,5e-05,5.320292500000001
2025-10-18 00:10:12.807,106406.0,0.002,212.812
2025-10-18 00:10:13.351,106408.0,0.00108,114.92064
2025-10-18 00:10:13.440,106408.0,0.0002,21.2816
2025-10-18 00:10:13.575,106408.0,6e-05,6.38448
2025-10-18 00:10:14.013,106408.0,0.01504,1600.3763199999999
2025-10-18 00:10:14.405,106407.99,0.00164,174.5091036
2025-10-18 00:10:14.776,106408.0,0.00012,12.76896
2025-10-18 00:10:14.885,106408.0,0.00048,51.07584
2025-10-18 00:10:15.595,106407.99,0.08062,8578.6121538
2025-10-18 00:10:15.776,106408.0,6e-05,6.38448
2025-10-18 00:10:16.587,106407.99,0.0001,10.640799000000001
2025-10-18 00:10:17.173,106407.99,0.00229,243.67429710000002
2025-10-18 00:10:17.390,106407.99,0.00017,18.0893583
2025-10-18 00:10:17.876,106408.0,0.00012,12.76896
2025-10-18 00:10:18.304,106408.0,0.00018,19.15344
2025-10-18 00:10:18.777,106407.99,0.00017,18.0893583
2025-10-18 00:10:19.733,106407.99,9e-05,9.576719100000002
2025-10-18 00:10:19.807,106408.0,0.00013,13.833039999999999
2025-10-18 00:10:20.257,106407.99,0.00019,20.217518100000003
2025-10-18 00:10:20.333,106408.0,0.00064,68.10112000000001
2025-10-18 00:10:20.386,106408.0,0.00038,40.43504
2025-10-18 00:10:20.432,106407.99,0.00041,43.6272759
2025-10-18 00:10:20.585,106407.99,0.06682,7110.181891800001
2025-10-18 00:10:20.794,106408.0,0.00014,14.89712
2025-10-18 00:10:20.811,106408.0,0.00527,560.77016
2025-10-18 00:10:20.816,106408.0,0.00926,985.3380799999999
2025-10-18 00:10:20.879,106408.0,0.028,2979.424
2025-10-18 00:10:21.171,106407.99,0.00108,114.92062920000001
2025-10-18 00:10:22.117,106408.0,0.00503,535.2322399999999
2025-10-18 00:10:22.911,106408.0,0.01504,1600.3763199999999
2025-10-18 00:10:23.068,106408.0,0.01504,1600.3763199999999
2025-10-18 00:10:23.835,106407.99,0.00021,22.345677900000002
2025-10-18 00:10:24.158,106408.0,8e-05,8.512640000000001
2025-10-18 00:10:24.336,106408.0,9e-05,9.57672
2025-10-18 00:10:24.650,106407.99,9e-05,9.576719100000002
2025-10-18 00:10:24.712,106407.99,0.00049,52.1399151
2025-10-18 00:10:25.081,106408.0,0.00058,61.71664
2025-10-18 00:10:25.255,106408.0,0.00017,18.089360000000003
2025-10-18 00:10:25.396,106408.0,0.00059,62.78072
2025-10-18 00:10:25.983,106408.0,6e-05,6.38448
2025-10-18 00:10:26.022,106407.99,9e-05,9.576719100000002
2025-10-18 00:10:26.139,106407.99,0.00019,20.217518100000003
2025-10-18 00:10:26.370,106407.99,9e-05,9.576719100000002
2025-10-18 00:10:27.042,106408.0,0.00033,35.11464
2025-10-18 00:10:27.139,106407.99,0.00044,46.8195156
2025-10-18 00:10:27.576,106408.0,0.00102,108.53616000000001
2025-10-18 00:10:27.803,106407.99,9e-05,9.576719100000002
2025-10-18 00:10:27.918,106408.0,0.0001,10.6408
2025-10-18 00:10:27.933,106408.0,0.00069,73.42152
2025-10-18 00:10:27.984,106408.0,0.0001,10.6408
2025-10-18 00:10:28.030,106408.0,0.00685,728.8948
2025-10-18 00:10:28.192,106407.99,0.42704,45440.4680496
2025-10-18 00:10:28.238,106408.0,0.00053,56.39624
2025-10-18 00:10:28.320,106408.0,8e-05,8.512640000000001
2025-10-18 00:10:28.370,106408.0,0.00038,40.43504
2025-10-18 00:10:28.464,106408.0,0.0002,21.2816
2025-10-18 00:10:28.476,106408.0,9e-05,9.57672
2025-10-18 00:10:28.669,106408.0,0.00282,300.07056
2025-10-18 00:10:28.732,106408.0,0.00188,200.04703999999998
2025-10-18 00:10:28.739,106408.0,0.00088,93.63904000000001
2025-10-18 00:10:28.908,106407.99,9e-05,9.576719100000002
2025-10-18 00:10:28.995,106407.99,8e-05,8.5126392
2025-10-18 00:10:29.010,106408.0,0.0001,10.6408
2025-10-18 00:10:29.034,106407.99,8e-05,8.5126392
2025-10-18 00:10:29.083,106408.0,0.00031,32.98648
2025-10-18 00:10:29.225,106408.0,0.00019,20.21752
2025-10-18 00:10:29.590,106408.0,0.00044,46.819520000000004
2025-10-18 00:10:29.606,106407.99,0.013,1383.30387
2025-10-18 00:10:29.691,106408.0,0.0001,10.6408
2025-10-18 00:10:29.818,106408.0,7e-05,7.44856
2025-10-18 00:10:29.899,106407.99,9e-05,9.576719100000002
2025-10-18 00:10:30.286,106408.0,0.00057,60.652559999999994
2025-10-18 00:10:30.310,106408.0,0.0001,10.6408
2025-10-18 00:10:30.331,106407.99,9e-05,9.576719100000002
2025-10-18 00:10:30.448,106408.0,0.00022,23.409760000000002
2025-10-18 00:10:30.456,106407.99,0.013,1383.30387
2025-10-18 00:10:30.510,106408.0,0.00015,15.961199999999998
2025-10-18 00:10:30.581,106407.99,0.0004,42.563196000000005
2025-10-18 00:10:30.721,106407.99,9e-05,9.576719100000002
2025-10-18 00:10:30.987,106407.99,0.00018,19.153438200000004
2025-10-18 00:10:31.078,106407.99,9e-05,9.576719100000002
2025-10-18 00:10:31.110,106407.99,8e-05,8.5126392
2025-10-18 00:10:31.224,106407.9,0.0009,95.76710999999999
2025-10-18 00:10:31.233,106407.79,8e-05,8.5126232
2025-10-18 00:10:31.315,106404.67,0.0001,10.640467000000001
2025-10-18 00:10:31.565,106404.12,9e-05,9.5763708
2025-10-18 00:10:31.582,106404.12,9e-05,9.5763708
2025-10-18 00:10:32.021,106404.12,8e-05,8.512329600000001
2025-10-18 00:10:32.108,106404.12,0.0004,42.561648
2025-10-18 00:10:32.111,106404.12,9e-05,9.5763708
2025-10-18 00:10:32.224,106404.13,0.00027,28.7291151
2025-10-18 00:10:32.370,106404.12,0.00017,18.0887004
2025-10-18 00:10:33.194,106404.12,9e-05,9.5763708
2025-10-18 00:10:34.292,106404.13,0.00062,65.9705606
2025-10-18 00:10:34.446,106404.13,0.00017,18.088702100000003
2025-10-18 00:10:34.517,106404.13,0.00188,200.0397644
2025-10-18 00:10:34.535,106404.12,9e-05,9.5763708
2025-10-18 00:10:34.625,106404.13,0.0001,10.640413
2025-10-18 00:10:34.670,106404.13,0.00047,50.0099411
2025-10-18 00:10:34.715,106404.13,0.0001,10.640413
2025-10-18 00:10:34.717,106404.13,0.00031,32.9852803
2025-10-18 00:10:34.725,106404.13,0.00016,17.024660800000003
2025-10-18 00:10:34.813,106404.13,0.00033,35.1133629
2025-10-18 00:10:35.036,106404.12,9e-05,9.5763708
2025-10-18 00:10:35.156,106404.12,0.00066,70.22671919999999
2025-10-18 00:10:35.595,106404.12,0.05506,5858.6108472
2025-10-18 00:10:35.774,106404.12,9e-05,9.5763708
2025-10-18 00:10:35.987,106404.12,9e-05,9.5763708
2025-10-18 00:10:36.049,106404.12,9e-05,9.5763708
2025-10-18 00:10:36.391,106404.12,0.00465,494.77915799999994
2025-10-18 00:10:36.485,106404.12,9e-05,9.5763708
2025-10-18 00:10:37.059,106404.12,9e-05,9.5763708
2025-10-18 00:10:37.754,106404.13,0.00187,198.9757231
2025-10-18 00:10:37.760,106404.12,9e-05,9.5763708
2025-10-18 00:10:37.909,106404.13,5e-05,5.3202065
2025-10-18 00:10:37.969,106404.12,0.00319,339.4291428
2025-10-18 00:10:38.673,106404.13,0.00074,78.73905620000001
2025-10-18 00:10:38.875,106404.12,7e-05,7.448288399999999
2025-10-18 00:10:39.433,106404.12,0.003,319.21236
2025-10-18 00:10:39.608,106404.13,0.0014,148.96578200000002
2025-10-18 00:10:39.919,106404.13,0.00304,323.4685552
2025-10-18 00:10:40.022,106404.12,0.00013,13.832535599999998
2025-10-18 00:10:40.420,106404.13,0.01,1064.0413
2025-10-18 00:10:40.619,106404.12,0.05777,6146.9660124
2025-10-18 00:10:40.932,106404.12,9e-05,9.5763708
2025-10-18 00:10:41.332,106404.13,0.00094,100.0198822
2025-10-18 00:10:41.601,106404.12,0.00062,65.9705544
2025-10-18 00:10:42.126,106404.13,0.01059,1126.8197367
2025-10-18 00:10:42.554,106404.12,0.0057,606.503484
2025-10-18 00:10:42.600,106404.13,0.01729,1839.7274077
2025-10-18 00:10:42.643,106404.13,0.00093,98.95584090000001
2025-10-18 00:10:43.133,106404.13,8e-05,8.512330400000002
2025-10-18 00:10:43.329,106404.13,0.0001,10.640413
2025-10-18 00:10:43.532,106404.12,0.013,1383.2535599999999
2025-10-18 00:10:43.534,106404.12,0.013,1383.2535599999999
2025-10-18 00:10:44.025,106404.13,0.00106,112.7883778
2025-10-18 00:10:44.418,106404.12,0.55273,58812.749247600004
2025-10-18 00:10:44.676,106404.12,9e-05,9.5763708
2025-10-18 00:10:44.726,106404.12,0.013,1383.2535599999999
2025-10-18 00:10:44.727,106404.12,0.013,1383.2535599999999
2025-10-18 00:10:44.853,106404.13,0.0035,372.41445500000003
2025-10-18 00:10:45.270,106404.12,0.00021,22.3448652
2025-10-18 00:10:45.593,106404.12,0.07468,7946.2596816
2025-10-18 00:10:46.272,106404.12,0.03073,3269.7986075999997
2025-10-18 00:10:46.387,106404.13,0.00014,14.896578199999999
2025-10-18 00:10:46.620,106404.12,0.00159,169.1825508
2025-10-18 00:10:46.703,106404.12,8e-05,8.512329600000001
2025-10-18 00:10:47.418,106404.12,0.00267,284.0990004
2025-10-18 00:10:47.444,106404.12,9e-05,9.5763708
2025-10-18 00:10:47.947,106404.13,0.00164,174.5027732
2025-10-18 00:10:48.288,106404.13,0.01,1064.0413
2025-10-18 00:10:48.581,106404.13,0.00156,165.9904428
2025-10-18 00:10:48.990,106404.12,9e-05,9.5763708
2025-10-18 00:10:50.245,106404.12,8e-05,8.512329600000001
2025-10-18 00:10:50.475,106404.12,0.00044,46.8178128
2025-10-18 00:10:50.916,106404.12,0.013,1383.2535599999999
2025-10-18 00:10:50.917,106404.12,0.013,1383.2535599999999
2025-10-18 00:10:50.920,106404.12,0.013,1383.2535599999999
2025-10-18 00:10:50.944,106404.12,0.00021,22.3448652
2025-10-18 00:10:51.010,106404.13,0.00093,98.95584090000001
2025-10-18 00:10:52.670,106404.12,0.013,1383.2535599999999
2025-10-18 00:10:52.671,106404.12,0.013,1383.2535599999999
2025-10-18 00:10:52.672,106404.12,0.013,1383.2535599999999
2025-10-18 00:10:52.928,106404.13,0.0036,383.054868
2025-10-18 00:10:53.412,106404.12,9e-05,9.5763708
2025-10-18 00:10:54.023,106404.12,7e-05,7.448288399999999
2025-10-18 00:10:54.229,106404.12,9e-05,9.5763708
2025-10-18 00:10:54.327,106404.12,8e-05,8.512329600000001
2025-10-18 00:10:54.334,106404.13,1.0,106404.13
2025-10-18 00:10:54.710,106404.12,0.013,1383.2535599999999
2025-10-18 00:10:54.712,106404.12,0.013,1383.2535599999999
2025-10-18 00:10:55.023,106404.12,0.00044,46.8178128
2025-10-18 00:10:55.588,106404.12,0.0733,7799.421996
2025-10-18 00:10:56.264,106404.13,0.01,1064.0413
2025-10-18 00:10:56.367,106404.12,0.013,1383.2535599999999
2025-10-18 00:10:56.578,106404.12,0.0001,10.640412
2025-10-18 00:10:57.533,106404.12,0.00018,19.1527416
2025-10-18 00:10:57.924,106404.13,0.00505,537.3408565
2025-10-18 00:10:58.496,106404.12,9e-05,9.5763708
2025-10-18 00:10:58.544,106404.13,0.00312,331.9808856
2025-10-18 00:10:58.741,106404.13,0.00015,15.9606195
2025-10-18 00:10:59.038,106404.12,0.013,1383.2535599999999
2025-10-18 00:10:59.039,106404.12,0.013,1383.2535599999999
2025-10-18 00:10:59.076,106404.12,8e-05,8.512329600000001
2025-10-18 00:10:59.981,106404.13,0.00019,20.2167847
2025-10-18 00:11:00.018,106404.12,9e-05,9.5763708
2025-10-18 00:11:00.651,106404.12,0.06212,6609.8239344
2025-10-18 00:11:00.723,106404.12,9e-05,9.5763708
2025-10-18 00:11:00.879,106404.13,0.0025,266.010325
2025-10-18 00:11:01.039,106404.12,0.00011,11.7044532
2025-10-18 00:11:01.279,106404.13,0.0001,10.640413
2025-10-18 00:11:01.568,106404.12,0.01,1064.0412
2025-10-18 00:11:01.570,106404.12,0.01,1064.0412
2025-10-18 00:11:01.620,106404.12,9e-05,9.5763708
2025-10-18 00:11:02.357,106404.13,0.00041,43.6256933
2025-10-18 00:11:02.484,106404.12,9e-05,9.5763708
2025-10-18 00:11:02.544,106404.12,9e-05,9.5763708
2025-10-18 00:11:02.882,106404.12,9e-05,9.5763708
2025-10-18 00:11:02.897,106404.12,0.0001,10.640412
2025-10-18 00:11:02.926,106404.12,9e-05,9.5763708
2025-10-18 00:11:02.933,106404.12,8e-05,8.512329600000001
2025-10-18 00:11:03.202,106404.12,9e-05,9.5763708
2025-10-18 00:11:03.392,106404.13,0.00199,211.7442187
2025-10-18 00:11:03.433,106404.13,0.004,425.61652000000004
2025-10-18 00:11:03.573,106404.12,0.07478,7956.900093599999
2025-10-18 00:11:03.725,106404.12,9e-05,9.5763708
2025-10-18 00:11:03.727,106404.13,0.00018,19.152743400000002
2025-10-18 00:11:04.102,106404.13,0.01,1064.0413
2025-10-18 00:11:04.832,106404.12,0.005,532.0206
2025-10-18 00:11:05.589,106404.12,0.07429,7904.762074799999
2025-10-18 00:11:05.634,106404.12,8e-05,8.512329600000001
2025-10-18 00:11:05.884,106404.12,0.00017,18.0887004
2025-10-18 00:11:05.920,106404.12,0.00037,39.369524399999996
2025-10-18 00:11:06.274,106404.12,0.00052,55.33014239999999
2025-10-18 00:11:06.285,106404.12,9e-05,9.5763708
2025-10-18 00:11:06.469,106404.12,0.00072,76.6109664
2025-10-18 00:11:06.996,106404.12,0.00018,19.1527416
2025-10-18 00:11:07.435,106404.13,0.0006,63.842478
2025-10-18 00:11:07.807,106404.13,0.00024,25.536991200000003
2025-10-18 00:11:08.239,106404.13,0.00204,217.06442520000002
2025-10-18 00:11:08.517,106404.13,0.00096,102.14796480000001
2025-10-18 00:11:08.573,106404.12,0.03229,3435.7890347999996
2025-10-18 00:11:09.554,106404.12,8e-05,8.512329600000001
2025-10-18 00:11:09.700,106404.13,0.01,1064.0413
2025-10-18 00:11:09.892,106404.13,0.00188,200.0397644
2025-10-18 00:11:10.596,106404.12,0.06091,6481.0749491999995
2025-10-18 00:11:11.182,106404.13,0.00359,381.9908267
2025-10-18 00:11:11.466,106404.13,0.00048,51.073982400000006
2025-10-18 00:11:11.951,106404.12,0.00056,59.58630719999999
2025-10-18 00:11:12.274,106404.12,9e-05,9.5763708
2025-10-18 00:11:12.294,106404.13,6e-05,6.384247800000001
2025-10-18 00:11:12.437,106404.13,0.00376,400.0795288
2025-10-18 00:11:12.470,106404.12,8e-05,8.512329600000001
2025-10-18 00:11:13.430,106404.12,0.00027,28.729112399999998
2025-10-18 00:11:13.431,106404.12,0.0001,10.640412
2025-10-18 00:11:13.792,106404.13,0.00526,559.6857238
2025-10-18 00:11:13.892,106404.12,0.00045,47.881854
2025-10-18 00:11:14.571,106404.12,9e-05,9.5763708
2025-10-18 00:11:14.743,106404.13,0.00087,92.5715931
2025-10-18 00:11:14.788,106404.12,0.0001,10.640412
2025-10-18 00:11:14.863,106404.12,9e-05,9.5763708
2025-10-18 00:11:14.975,106404.13,5e-05,5.3202065
2025-10-18 00:11:15.635,106404.13,0.00047,50.0099411
2025-10-18 00:11:15.748,106404.13,8e-05,8.512330400000002
2025-10-18 00:11:15.954,106404.12,9e-05,9.5763708
2025-10-18 00:11:16.021,106404.12,9e-05,9.5763708
2025-10-18 00:11:16.054,106404.12,9e-05,9.5763708
2025-10-18 00:11:16.491,106404.12,0.00055,58.522266
2025-10-18 00:11:17.829,106404.12,9e-05,9.5763708
2025-10-18 00:11:17.843,106404.12,0.00046,48.9458952
2025-10-18 00:11:17.952,106404.12,9e-05,9.5763708
2025-10-18 00:11:18.505,106404.12,9e-05,9.5763708
2025-10-18 00:11:18.731,106404.12,0.00038,40.4335656
2025-10-18 00:11:18.879,106404.12,8e-05,8.512329600000001
2025-10-18 00:11:18.892,106404.12,0.00024,25.5369888
2025-10-18 00:11:19.911,106404.13,0.01,1064.0413
2025-10-18 00:11:20.209,106404.12,9e-05,9.5763708
2025-10-18 00:11:20.581,106404.12,0.07331,7800.486037199999
2025-10-18 00:11:21.518,106404.12,0.055,5852.2266
2025-10-18 00:11:21.589,106404.13,0.00838,891.6666094000001
2025-10-18 00:11:21.753,106404.12,0.0001,10.640412
2025-10-18 00:11:22.057,106404.12,0.0001,10.640412
2025-10-18 00:11:22.110,106404.13,0.00047,50.0099411
2025-10-18 00:11:22.748,106404.12,8e-05,8.512329600000001
2025-10-18 00:11:22.801,106404.12,0.00045,47.881854
2025-10-18 00:11:22.992,106404.12,0.00189,201.1037868
2025-10-18 00:11:23.075,106404.13,0.0015,159.606195
2025-10-18 00:11:23.222,106404.12,8e-05,8.512329600000001
2025-10-18 00:11:23.480,106404.12,0.00048,51.0739776
2025-10-18 00:11:23.576,106404.13,6e-05,6.384247800000001
2025-10-18 00:11:24.159,106404.12,5e-05,5.320206
2025-10-18 00:11:24.190,106404.13,0.0185,1968.4764049999999
2025-10-18 00:11:26.787,106404.12,0.005,532.0206
2025-10-18 00:11:26.849,106404.12,0.00369,392.6312028
2025-10-18 00:11:26.979,106404.13,0.01,1064.0413
2025-10-18 00:11:27.969,106404.12,0.00094,100.01987279999999
2025-10-18 00:11:28.236,106404.12,0.00017,18.0887004
2025-10-18 00:11:28.341,106404.13,8e-05,8.512330400000002
2025-10-18 00:11:29.054,106401.99,0.02354,2504.7028446
2025-10-18 00:11:29.056,106401.98,0.0001,10.640198
2025-10-18 00:11:29.057,106400.34,0.0002,21.280068
2025-10-18 00:11:29.059,106399.96,0.00084,89.37596640000001
2025-10-18 00:11:29.060,106399.95,0.0001,10.639995
2025-10-18 00:11:29.064,106397.53,5e-05,5.3198765
2025-10-18 00:11:29.066,106390.42,0.013,1383.07546
2025-10-18 00:11:29.096,106390.42,0.00185,196.822277
2025-10-18 00:11:29.180,106390.42,0.0188,2000.1398960000001
2025-10-18 00:11:29.256,106390.43,0.00093,98.94309989999999
2025-10-18 00:11:29.510,106390.42,9e-05,9.5751378
2025-10-18 00:11:29.615,106390.42,0.00752,800.0559584
2025-10-18 00:11:29.694,106390.43,0.00015,15.958564499999998
2025-10-18 00:11:30.171,106390.42,0.01255,1335.199771
2025-10-18 00:11:30.605,106390.42,0.00123,130.8602166
2025-10-18 00:11:31.337,106390.43,0.00908,966.0251043999999
2025-10-18 00:11:31.560,106390.42,7e-05,7.447329399999999
2025-10-18 00:11:31.651,106390.42,9e-05,9.5751378
2025-10-18 00:11:31.655,106390.42,0.00015,15.958562999999998
2025-10-18 00:11:32.617,106390.42,0.00044,46.8117848
2025-10-18 00:11:32.673,106390.42,0.00109,115.9655578
2025-10-18 00:11:33.037,106390.42,9e-05,9.5751378
2025-10-18 00:11:33.226,106390.42,0.00026,27.661509199999998
2025-10-18 00:11:33.352,106390.43,0.00187,198.95010409999998
2025-10-18 00:11:33.500,106390.42,0.00053,56.3869226
2025-10-18 00:11:34.066,106390.43,0.00485,515.9935855
2025-10-18 00:11:34.183,106390.42,0.00173,184.0554266
2025-10-18 00:11:34.692,106390.42,0.0001,10.639042
2025-10-18 00:11:35.395,106390.43,0.00093,98.94309989999999
2025-10-18 00:11:35.589,106390.42,0.06224,6621.7397408
2025-10-18 00:11:35.866,106390.42,9e-05,9.5751378
2025-10-18 00:11:36.130,106390.42,0.00018,19.1502756
2025-10-18 00:11:36.578,106390.42,9e-05,9.5751378
2025-10-18 00:11:36.915,106388.22,0.00015,15.958232999999998
2025-10-18 00:11:37.026,106388.21,0.00011,11.7027031
2025-10-18 00:11:37.162,106388.22,0.00049,52.1302278
2025-10-18 00:11:37.529,106388.21,0.013,1383.04673
2025-10-18 00:11:37.530,106388.21,0.013,1383.04673
2025-10-18 00:11:37.641,106388.22,0.0001,10.638822000000001
2025-10-18 00:11:37.703,106388.22,0.00047,50.002463399999996
2025-10-18 00:11:37.995,106388.21,9e-05,9.574938900000001
2025-10-18 00:11:38.405,106388.21,0.00048,51.066340800000006
2025-10-18 00:11:38.406,106388.21,0.00048,51.066340800000006
2025-10-18 00:11:39.027,106388.21,0.013,1383.04673
2025-10-18 00:11:39.238,106388.21,0.013,1383.04673
2025-10-18 00:11:39.239,106388.21,0.05538,5891.7790698
2025-10-18 00:11:39.240,106388.2,0.00105,111.70760999999999
2025-10-18 00:11:39.242,106386.85,0.0031,329.799235
2025-10-18 00:11:39.257,106386.17,0.00555,590.4432435
2025-10-18 00:11:39.271,106386.16,0.00245,260.646092
2025-10-18 00:11:39.315,106379.0,6e-05,6.38274
2025-10-18 00:11:39.319,106375.75,6e-05,6.382545
2025-10-18 00:11:39.391,106375.41,0.0009,95.737869
2025-10-18 00:11:40.351,106375.08,0.05508,5859.1394064
2025-10-18 00:11:40.581,106375.08,0.00039,41.4862812
2025-10-18 00:11:40.622,106375.07,0.06377,6783.538213899999
2025-10-18 00:11:41.018,106375.08,0.00028,29.7850224
2025-10-18 00:11:41.588,106375.07,0.002,212.75014000000002
2025-10-18 00:11:41.845,106375.08,5e-05,5.318754
2025-10-18 00:11:42.712,106375.07,0.0093,989.288151
2025-10-18 00:11:43.201,106375.07,0.00468,497.8353276
2025-10-18 00:11:43.535,106375.08,0.00037,39.3587796
2025-10-18 00:11:44.717,106375.08,0.00018,19.147514400000002
2025-10-18 00:11:44.810,106375.08,0.00079,84.03631320000001
2025-10-18 00:11:45.589,106375.08,0.00047,49.9962876
2025-10-18 00:11:45.743,106375.07,0.00047,49.996282900000004
2025-10-18 00:11:46.541,106375.07,0.013,1382.87591
2025-10-18 00:11:46.542,106375.07,0.013,1382.87591
2025-10-18 00:11:46.582,106375.08,0.00028,29.7850224
2025-10-18 00:11:46.584,106375.08,0.00028,29.7850224
2025-10-18 00:11:46.595,106375.08,0.00047,49.9962876
2025-10-18 00:11:46.866,106375.08,0.00339,360.61152119999997
2025-10-18 00:11:47.563,106375.08,9e-05,9.573757200000001
2025-10-18 00:11:47.781,106375.07,0.01987,2113.6726409
2025-10-18 00:11:47.931,106375.07,9e-05,9.573756300000001
2025-10-18 00:11:49.183,106375.08,0.00047,49.9962876
2025-10-18 00:11:49.546,106375.08,0.00025,26.59377
2025-10-18 00:11:49.886,106375.08,0.00018,19.147514400000002
2025-10-18 00:11:50.040,106375.07,0.01575,1675.4073525000001
2025-10-18 00:11:50.367,106375.08,0.0003,31.912523999999998
2025-10-18 00:11:50.592,106375.07,0.05106,5431.511074200001
2025-10-18 00:11:51.220,106375.07,0.013,1382.87591
2025-10-18 00:11:51.221,106375.07,0.013,1382.87591
2025-10-18 00:11:51.656,106375.08,0.00776,825.4706208
2025-10-18 00:11:52.987,106375.08,0.00026,27.657520799999997
2025-10-18 00:11:53.264,106375.07,9e-05,9.573756300000001
2025-10-18 00:11:53.717,106375.08,0.00018,19.147514400000002
2025-10-18 00:11:53.762,106375.08,0.0009,95.737572
2025-10-18 00:11:54.431,106375.07,9e-05,9.573756300000001
2025-10-18 00:11:54.558,106375.07,0.00021,22.338764700000002
2025-10-18 00:11:54.825,106375.08,0.00018,19.147514400000002
2025-10-18 00:11:54.860,106375.07,0.013,1382.87591
2025-10-18 00:11:54.861,106375.07,0.013,1382.87591
2025-10-18 00:11:55.589,106375.07,0.06099,6487.815519300001
2025-10-18 00:11:56.219,106375.07,0.00183,194.6663781
2025-10-18 00:11:56.361,106375.08,0.00816,868.0206528000001
2025-10-18 00:11:56.956,106375.07,8e-05,8.510005600000001
2025-10-18 00:11:57.910,106375.08,0.00064,68.0800512
2025-10-18 00:11:58.718,106375.08,0.0001,10.637508
2025-10-18 00:11:59.570,106375.07,8e-05,8.510005600000001
2025-10-18 00:11:59.806,106375.08,0.00062,65.9525496
2025-10-18 00:12:00.122,106375.08,0.0094,999.9257520000001
2025-10-18 00:12:00.282,106375.08,0.0001,10.637508
2025-10-18 00:12:00.512,106375.08,7e-05,7.4462556
2025-10-18 00:12:00.747,106375.08,0.00258,274.44770639999996
2025-10-18 00:12:01.273,106375.08,0.27965,29747.791122000002
2025-10-18 00:12:01.274,106375.09,0.00719,764.8368971
2025-10-18 00:12:01.275,106375.21,0.07333,7800.4941493000015
2025-10-18 00:12:01.277,106375.43,0.00046,48.9326978
2025-10-18 00:12:01.282,106376.86,0.00569,605.2843333999999
2025-10-18 00:12:01.289,106376.95,0.03484,3706.172938
2025-10-18 00:12:01.308,106378.68,0.00015,15.956801999999998
2025-10-18 00:12:01.316,106385.5,6e-05,6.38313
2025-10-18 00:12:01.337,106389.8,0.028,2978.9144
2025-10-18 00:12:02.022,106389.79,0.00012,12.7667748
2025-10-18 00:12:02.747,106389.79,6e-05,6.3833874
2025-10-18 00:12:03.001,106389.8,0.00059,62.769982000000006
2025-10-18 00:12:03.213,106389.79,0.0922,9809.138638
2025-10-18 00:12:04.553,106389.8,0.00246,261.718908
2025-10-18 00:12:05.032,106389.8,0.01727,1837.351846
2025-10-18 00:12:05.275,106389.8,0.00105,111.70929
2025-10-18 00:12:05.597,106389.79,0.06638,7062.154260199999
2025-10-18 00:12:05.994,106389.8,0.00012,12.766776
2025-10-18 00:12:06.254,106389.79,0.03,3191.6937
2025-10-18 00:12:06.401,106389.8,0.00098,104.262004
2025-10-18 00:12:07.811,106389.79,0.00047,50.00320129999999
2025-10-18 00:12:08.617,106389.79,0.00021,22.3418559
2025-10-18 00:12:08.922,106389.8,0.00047,50.003206
2025-10-18 00:12:09.738,106389.79,0.00212,225.5463548
2025-10-18 00:12:10.017,106389.8,0.00936,995.808528
2025-10-18 00:12:10.391,106389.8,0.00047,50.003206
2025-10-18 00:12:10.418,106389.8,0.00084,89.36743200000001
2025-10-18 00:12:10.446,106389.79,0.00017,18.0862643
2025-10-18 00:12:10.870,106389.8,0.0005,53.194900000000004
2025-10-18 00:12:11.539,106389.8,7e-05,7.447285999999999
2025-10-18 00:12:11.581,106389.8,6e-05,6.383388
2025-10-18 00:12:11.949,106389.8,0.00018,19.150164
2025-10-18 00:12:11.953,106389.79,0.00026,27.661345399999995
2025-10-18 00:12:12.091,106389.79,0.00011,11.7028769
2025-10-18 00:12:12.138,106389.79,0.00073,77.66454669999999
2025-10-18 00:12:12.371,106389.8,0.00469,498.968162
2025-10-18 00:12:12.834,106389.8,0.01142,1214.971516
2025-10-18 00:12:13.091,106389.8,0.00025,26.597450000000002
2025-10-18 00:12:13.372,106389.8,0.002,212.77960000000002
2025-10-18 00:12:13.573,106389.8,0.002,212.77960000000002
2025-10-18 00:12:13.725,106389.8,0.005,531.9490000000001
2025-10-18 00:12:14.118,106389.8,0.009,957.5082
2025-10-18 00:12:14.158,106389.8,0.01,1063.8980000000001
2025-10-18 00:12:15.334,106389.8,0.00014,14.894571999999998
2025-10-18 00:12:15.509,106389.8,0.00018,19.150164
2025-10-18 00:12:15.596,106389.79,0.0722,7681.342838
2025-10-18 00:12:15.696,106389.79,0.00047,50.00320129999999
2025-10-18 00:12:16.133,106389.8,0.00079,84.047942
2025-10-18 00:12:16.138,106389.8,0.00028,29.789143999999997
2025-10-18 00:12:16.233,106389.79,0.00048,51.0670992
2025-10-18 00:12:16.555,106389.79,0.00032,34.0447328
2025-10-18 00:12:16.578,106389.79,9e-05,9.5750811
2025-10-18 00:12:17.591,106389.8,0.0001,10.63898
2025-10-18 00:12:17.691,106389.8,8e-05,8.511184
2025-10-18 00:12:17.717,106389.8,0.00015,15.958469999999998
2025-10-18 00:12:17.877,106389.8,0.00094,100.006412
2025-10-18 00:12:17.892,106389.8,0.00024,25.533552
2025-10-18 00:12:17.918,106389.8,0.00012,12.766776
2025-10-18 00:12:17.976,106389.8,0.0001,10.63898
2025-10-18 00:12:18.113,106389.8,0.00057,60.642186
2025-10-18 00:12:18.175,106389.8,0.00047,50.003206
2025-10-18 00:12:18.220,106389.8,0.0001,10.63898
2025-10-18 00:12:18.283,106389.8,0.0001,10.63898
2025-10-18 00:12:18.514,106389.8,0.00066,70.217268
2025-10-18 00:12:18.715,106389.8,0.00018,19.150164
2025-10-18 00:12:19.091,106389.79,0.00015,15.958468499999997
2025-10-18 00:12:19.291,106389.79,0.00047,50.00320129999999
2025-10-18 00:12:19.417,106389.8,0.00113,120.220474
2025-10-18 00:12:19.675,106389.8,7e-05,7.447285999999999
2025-10-18 00:12:19.724,106389.8,0.00047,50.003206
2025-10-18 00:12:19.762,106389.8,0.00015,15.958469999999998
2025-10-18 00:12:19.881,106389.8,0.00019,20.214062000000002
2025-10-18 00:12:20.164,106389.79,0.00286,304.2747994
2025-10-18 00:12:21.790,106389.79,0.00028,29.789141199999996
2025-10-18 00:12:22.137,106389.79,0.00027,28.7252433
2025-10-18 00:12:22.775,106389.8,0.00022,23.405756
2025-10-18 00:12:22.782,106389.79,0.00048,51.0670992
2025-10-18 00:12:22.857,106389.8,0.00019,20.214062000000002
2025-10-18 00:12:22.918,106389.79,0.00026,27.661345399999995
2025-10-18 00:12:23.328,106389.8,1.40991,150000.042918
2025-10-18 00:12:25.491,106389.79,0.00018,19.1501622
2025-10-18 00:12:25.587,106389.79,0.05424,5770.582209599999
2025-10-18 00:12:25.730,106389.8,0.00115,122.34827
2025-10-18 00:12:27.004,106389.8,0.00372,395.770056
2025-10-18 00:12:27.182,106389.79,8e-05,8.5111832
2025-10-18 00:12:27.948,106389.8,0.0001,10.63898
2025-10-18 00:12:28.923,106389.79,0.00048,51.0670992
2025-10-18 00:12:29.099,106389.8,0.00047,50.003206
2025-10-18 00:12:29.576,106389.79,0.00178,189.37382619999997
2025-10-18 00:12:29.918,106389.8,9e-05,9.575082
2025-10-18 00:12:31.119,106389.79,0.00289,307.4664931
2025-10-18 00:12:31.153,106389.8,0.00939,999.0002220000001
2025-10-18 00:12:31.816,106389.79,8e-05,8.5111832
2025-10-18 00:12:32.225,106389.8,0.00018,19.150164
2025-10-18 00:12:32.317,106389.8,0.00168,178.73486400000002
2025-10-18 00:12:32.386,106389.8,0.00102,108.51759600000001
2025-10-18 00:12:32.510,106389.8,0.00011,11.702878
2025-10-18 00:12:33.143,106389.79,0.00343,364.91697969999996
2025-10-18 00:12:33.246,106389.79,0.0002,21.277957999999998
2025-10-18 00:12:33.294,106389.8,6e-05,6.383388
2025-10-18 00:12:33.376,106389.8,0.00025,26.597450000000002
2025-10-18 00:12:34.009,106389.79,0.1518,16149.970121999999
2025-10-18 00:12:34.022,106389.78,0.00155,164.904159
2025-10-18 00:12:34.027,106389.77,0.001,106.38977000000001
2025-10-18 00:12:34.033,106384.79,0.03008,3200.0544831999996
2025-10-18 00:12:34.048,106384.79,0.013,1383.00227
2025-10-18 00:12:34.049,106384.79,0.013,1383.00227
2025-10-18 00:12:34.890,106384.8,0.00015,15.957719999999998
2025-10-18 00:12:35.515,106384.79,0.00395,420.2199205
2025-10-18 00:12:35.518,106384.79,0.00014,14.893870599999998
2025-10-18 00:12:35.594,106384.79,0.0565,6010.740635
2025-10-18 00:12:36.646,106384.79,0.00019,20.2131101
2025-10-18 00:12:36.917,106384.8,0.028,2978.7744000000002
2025-10-18 00:12:37.019,106384.79,0.00215,228.7272985
2025-10-18 00:12:37.078,106384.79,0.00027,28.7238933
2025-10-18 00:12:37.596,106384.8,0.0003,31.915439999999997
2025-10-18 00:12:37.597,106384.8,0.0003,31.915439999999997
2025-10-18 00:12:37.598,106384.8,0.0003,31.915439999999997
2025-10-18 00:12:38.036,106384.79,0.00037,39.3623723
2025-10-18 00:12:39.029,106384.79,0.00047,50.000851299999994
2025-10-18 00:12:39.422,106384.79,8e-05,8.5107832
2025-10-18 00:12:39.676,106384.79,0.00037,39.3623723
2025-10-18 00:12:40.320,106384.8,9e-05,9.574632000000001
2025-10-18 00:12:40.324,106384.79,0.00037,39.3623723
2025-10-18 00:12:40.607,106384.79,0.07343,7811.835129699999
2025-10-18 00:12:40.644,106384.8,4e-05,4.2553920000000005
2025-10-18 00:12:40.909,106384.8,0.00047,50.000856
2025-10-18 00:12:41.638,106384.79,9e-05,9.5746311
2025-10-18 00:12:41.871,106384.79,0.00019,20.2131101
2025-10-18 00:12:42.789,106384.79,0.00027,28.7238933
2025-10-18 00:12:42.802,106384.8,0.0001,10.638480000000001
2025-10-18 00:12:43.015,106384.79,0.05638,5997.974460199999
2025-10-18 00:12:43.174,106381.66,0.00187,198.9337042
2025-10-18 00:12:43.475,106381.67,0.00036,38.2974012
2025-10-18 00:12:43.709,106381.66,0.00177,188.2955382
2025-10-18 00:12:43.713,106381.65,0.002,212.7633
2025-10-18 00:12:44.257,106380.7,0.00019,20.212333
2025-10-18 00:12:45.539,106380.71,0.00014,14.8932994
2025-10-18 00:12:45.817,106380.7,0.00036,38.297052
2025-10-18 00:12:45.997,106380.7,8e-05,8.510456
2025-10-18 00:12:46.009,106380.7,0.00013,13.829490999999999
2025-10-18 00:12:46.032,106380.7,0.00017,18.084719
2025-10-18 00:12:46.170,106380.7,0.00902,959.553914
2025-10-18 00:12:46.410,106380.7,0.003,319.14209999999997
2025-10-18 00:12:46.492,106380.7,0.02916,3102.0612119999996
2025-10-18 00:12:47.220,106380.7,0.00052,55.317963999999996
2025-10-18 00:12:47.635,106380.71,0.00048,51.06274080000001
2025-10-18 00:12:47.849,106380.7,0.00331,352.120117
2025-10-18 00:12:48.027,106380.7,0.00022,23.403754
2025-10-18 00:12:48.442,106380.71,0.028,2978.65988
2025-10-18 00:12:48.936,106380.7,0.00032,34.041824
2025-10-18 00:12:48.985,106380.71,0.00188,199.9957348
2025-10-18 00:12:49.045,106380.7,0.00027,28.722789
2025-10-18 00:12:49.632,106380.7,0.0001,10.63807
2025-10-18 00:12:49.827,106380.7,0.00052,55.317963999999996
2025-10-18 00:12:49.832,106380.7,0.00047,49.998929
2025-10-18 00:12:49.861,106380.7,0.00018,19.148526
2025-10-18 00:12:50.113,106380.71,0.00245,260.6327395
2025-10-18 00:12:50.225,106380.7,0.00043,45.743700999999994
2025-10-18 00:12:50.587,106380.7,0.06644,7067.933708
2025-10-18 00:12:50.910,106380.7,0.00018,19.148526
2025-10-18 00:12:51.535,106380.7,0.00141,149.99678699999998
2025-10-18 00:12:51.582,106380.7,0.0001,10.63807
2025-10-18 00:12:51.748,106380.71,5e-05,5.319035500000001
2025-10-18 00:12:51.933,106380.71,0.00026,27.6589846
2025-10-18 00:12:51.947,106380.7,0.00026,27.658981999999998
2025-10-18 00:12:52.189,106380.71,0.0008,85.10456800000001
2025-10-18 00:12:52.614,106380.71,9e-05,9.574263900000002
2025-10-18 00:12:52.869,106380.71,0.00018,19.148527800000004
2025-10-18 00:12:53.062,106380.7,0.00886,942.533002
2025-10-18 00:12:53.553,106380.7,9e-05,9.574263
2025-10-18 00:12:53.730,106380.7,0.00362,385.09813399999996
2025-10-18 00:12:53.881,106380.71,0.00032,34.04182720000001
2025-10-18 00:12:53.882,106380.71,0.00187,198.93192770000002
2025-10-18 00:12:53.938,106380.7,0.00027,28.722789
2025-10-18 00:12:54.001,106380.71,0.00399,424.4590329
2025-10-18 00:12:54.002,106380.71,0.00163,173.4005573
2025-10-18 00:12:54.857,106380.7,9e-05,9.574263
2025-10-18 00:12:55.615,106380.7,0.0173,1840.38611
2025-10-18 00:12:55.732,106380.7,8e-05,8.510456
2025-10-18 00:12:56.122,106380.7,0.00027,28.722789
2025-10-18 00:12:56.813,106380.71,0.00018,19.148527800000004
2025-10-18 00:12:57.328,106380.71,0.006,638.28426
2025-10-18 00:12:57.786,106380.71,0.002,212.76142000000002
2025-10-18 00:12:58.128,106380.71,0.27054,28780.2372834
2025-10-18 00:12:58.134,106380.71,0.23943,25470.7333953
2025-10-18 00:12:58.170,106380.71,0.05215,5547.754026500001
2025-10-18 00:12:58.174,106381.0,0.00015,15.957149999999999
2025-10-18 00:12:58.196,106381.66,0.02,2127.6332
2025-10-18 00:12:58.199,106381.67,0.0004,42.552668000000004
2025-10-18 00:12:58.202,106381.67,0.00165,175.5297555
2025-10-18 00:12:58.232,106383.01,0.0018,191.48941799999997
2025-10-18 00:12:58.748,106383.02,0.00047,50.0000194
2025-10-18 00:12:59.076,106383.01,7e-05,7.446810699999999
2025-10-18 00:12:59.341,106383.02,0.0162,1723.404924
2025-10-18 00:13:00.009,106383.01,0.00028,29.787242799999994
2025-10-18 00:13:00.594,106383.01,0.05586,5942.554938599999
2025-10-18 00:13:00.699,106383.02,0.00182,193.6170964
2025-10-18 00:13:00.817,106383.01,0.00037,39.361713699999996
2025-10-18 00:13:01.318,106383.01,0.00014,14.893621399999997
2025-10-18 00:13:01.753,106383.01,0.00037,39.361713699999996
2025-10-18 00:13:02.215,106392.82,0.00165,175.548153
2025-10-18 00:13:02.333,106392.88,6e-05,6.3835728000000005
2025-10-18 00:13:02.553,106392.89,0.00211,224.4889979
2025-10-18 00:13:03.394,106392.89,0.00055,58.51608950000001
2025-10-18 00:13:03.418,106392.89,0.00347,369.18332829999997
2025-10-18 00:13:05.273,106392.89,0.00112,119.16003679999999
2025-10-18 00:13:05.589,106392.88,0.06371,6778.2903848000005
2025-10-18 00:13:06.583,106392.89,0.00031,32.9817959
2025-10-18 00:13:06.673,106392.88,0.00028,29.7900064
2025-10-18 00:13:07.012,106392.88,9e-05,9.575359200000001
2025-10-18 00:13:07.419,106392.88,0.00075,79.79466000000001
2025-10-18 00:13:07.578,106392.89,0.006,638.35734
2025-10-18 00:13:07.676,106392.89,0.022,2340.64358
2025-10-18 00:13:08.747,106392.88,0.00018,19.150718400000002
2025-10-18 00:13:08.802,106392.88,0.00018,19.150718400000002
2025-10-18 00:13:08.926,106392.88,0.00019,20.2146472
2025-10-18 00:13:09.809,106392.88,0.0009,95.753592
2025-10-18 00:13:09.810,106392.89,0.0134,1425.664726
2025-10-18 00:13:09.885,106392.89,0.00097,103.2011033
2025-10-18 00:13:09.923,106392.89,0.00016,17.0228624
2025-10-18 00:13:09.957,106392.88,0.00037,39.365365600000004
2025-10-18 00:13:09.982,106392.89,0.00015,15.958933499999999
2025-10-18 00:13:10.064,106392.88,0.00019,20.2146472
2025-10-18 00:13:10.225,106392.89,0.0002,21.278578
2025-10-18 00:13:10.559,106392.89,1.40986,149999.07989539998
2025-10-18 00:13:10.771,106392.88,0.00159,169.16467920000002
2025-10-18 00:13:11.017,106392.88,0.00047,50.0046536
2025-10-18 00:13:12.316,106392.89,9e-05,9.575360100000001
2025-10-18 00:13:12.734,106392.89,0.003,319.17867
2025-10-18 00:13:12.997,106392.89,0.004,425.57156000000003
2025-10-18 00:13:13.121,106392.89,0.35247,37500.3019383
2025-10-18 00:13:13.369,106392.88,0.00018,19.150718400000002
2025-10-18 00:13:13.457,106392.89,0.021,2234.2506900000003
2025-10-18 00:13:14.365,106392.88,0.0001,10.639288
2025-10-18 00:13:14.649,106392.89,0.028,2979.00092
2025-10-18 00:13:14.915,106399.01,6e-05,6.3839406
2025-10-18 00:13:14.918,106399.15,6e-05,6.383948999999999
2025-10-18 00:13:15.189,106399.14,0.00037,39.3676818
2025-10-18 00:13:15.602,106399.14,0.06975,7421.340015000001
2025-10-18 00:13:16.647,106399.14,9e-05,9.5759226
2025-10-18 00:13:16.683,106399.15,0.00027,28.7277705
2025-10-18 00:13:16.796,106399.15,0.00021,22.3438215
2025-10-18 00:13:17.267,106399.15,0.001,106.39914999999999
2025-10-18 00:13:17.882,106399.15,0.0016,170.23864
2025-10-18 00:13:18.245,106399.15,4e-05,4.255966
2025-10-18 00:13:18.753,106399.14,0.03244,3451.5881016
2025-10-18 00:13:18.932,106399.15,0.00025,26.599787499999998
2025-10-18 00:13:19.318,106399.14,0.0001,10.639914000000001
2025-10-18 00:13:19.380,106399.14,1.27806,135984.4848684
2025-10-18 00:13:19.381,106396.3,0.00015,15.959444999999999
2025-10-18 00:13:19.382,106391.4,0.15069,16032.120065999998
2025-10-18 00:13:19.383,106391.27,5e-05,5.3195635
2025-10-18 00:13:19.386,106392.47,0.00015,15.958870499999998
2025-10-18 00:13:19.394,106383.01,5e-05,5.3191505
2025-10-18 00:13:19.396,106380.71,9e-05,9.574263900000002
2025-10-18 00:13:19.401,106385.7,0.00939,998.961723
2025-10-18 00:13:19.402,106385.7,0.013,1383.0140999999999
2025-10-18 00:13:19.409,106385.7,0.013,1383.0140999999999
2025-10-18 00:13:19.410,106385.7,0.013,1383.0140999999999
2025-10-18 00:13:19.447,106385.7,5e-05,5.319285
2025-10-18 00:13:19.457,106383.01,5e-05,5.3191505
2025-10-18 00:13:19.458,106380.7,0.015,1595.7105
2025-10-18 00:13:19.882,106380.71,0.028,2978.65988
2025-10-18 00:13:20.258,106380.71,0.0003,31.914213
2025-10-18 00:13:20.259,106380.71,0.0005,53.190355000000004
2025-10-18 00:13:20.315,106391.35,0.00048,51.067848000000005
2025-10-18 00:13:20.497,106391.81,0.00191,203.2083571
2025-10-18 00:13:20.617,106391.81,0.00339,360.66823589999996
2025-10-18 00:13:21.456,106391.81,0.00409,435.14250289999995
2025-10-18 00:13:21.559,106391.82,0.00282,300.0249324
2025-10-18 00:13:21.807,106391.81,0.00036,38.3010516
2025-10-18 00:13:21.838,106391.82,0.00123,130.8619386
2025-10-18 00:13:22.727,106391.82,0.00047,50.0041554
2025-10-18 00:13:23.021,106391.81,0.00019,20.2144439
2025-10-18 00:13:23.340,106391.82,0.00013,13.8309366
2025-10-18 00:13:23.578,106391.82,0.00056,59.5794192
2025-10-18 00:13:23.769,106391.81,0.00037,39.364969699999996
2025-10-18 00:13:23.916,106391.81,0.00027,28.7257887
2025-10-18 00:13:24.140,106391.81,0.00037,39.364969699999996
2025-10-18 00:13:24.511,106391.81,0.00063,67.0268403
2025-10-18 00:13:25.587,106391.81,0.06759,7191.022437899999
2025-10-18 00:13:26.083,106391.82,0.07996,8507.0899272
2025-10-18 00:13:26.884,106391.81,0.00028,29.789706799999998
2025-10-18 00:13:27.000,106391.81,0.00037,39.364969699999996
2025-10-18 00:13:27.038,106391.81,0.00032,34.0453792
2025-10-18 00:13:27.059,106391.81,8e-05,8.5113448
2025-10-18 00:13:27.424,106391.82,0.00026,27.6618732
2025-10-18 00:13:27.615,106382.28,0.13769,14647.776133200001
2025-10-18 00:13:27.739,106382.28,0.00026,27.659392799999996
2025-10-18 00:13:27.833,106382.28,0.01393,1481.9051603999999
2025-10-18 00:13:28.081,106382.28,0.00013,13.829696399999998
2025-10-18 00:13:28.335,106382.27,0.00189,201.0624903
2025-10-18 00:13:28.742,106382.28,0.00141,149.9990148
2025-10-18 00:13:28.817,106382.1,0.001,106.38210000000001
2025-10-18 00:13:28.999,106379.0,6e-05,6.38274
2025-10-18 00:13:29.000,106378.01,0.01499,1594.6063699
2025-10-18 00:13:29.001,106378.01,0.00015,15.956701499999998
2025-10-18 00:13:29.002,106378.01,0.0001,10.637801
2025-10-18 00:13:29.003,106376.37,5e-05,5.3188185
2025-10-18 00:13:29.515,106375.46,0.00223,237.21727580000004
2025-10-18 00:13:29.851,106371.84,0.00014,14.892057599999998
2025-10-18 00:13:29.861,106371.84,0.00017,18.083212800000002
2025-10-18 00:13:30.576,106371.84,9e-05,9.5734656
2025-10-18 00:13:30.585,106371.84,7e-05,7.446028799999999
2025-10-18 00:13:30.674,106371.84,0.00282,299.9685888
2025-10-18 00:13:31.121,106371.84,9e-05,9.5734656
2025-10-18 00:13:31.261,106371.83,0.1,10637.183
2025-10-18 00:13:31.424,106371.84,9e-05,9.5734656
2025-10-18 00:13:31.583,106371.83,9e-05,9.5734647
2025-10-18 00:13:31.948,106371.84,0.00053,56.37707519999999
2025-10-18 00:13:32.937,106371.84,0.00209,222.31714559999998
2025-10-18 00:13:32.965,106371.84,0.00282,299.9685888
2025-10-18 00:13:33.418,106371.83,0.0018,191.469294
2025-10-18 00:13:33.900,106371.83,0.00465,494.6290095
2025-10-18 00:13:34.366,106371.84,0.01,1063.7184
2025-10-18 00:13:34.541,106371.84,0.028,2978.41152
2025-10-18 00:13:34.542,106371.84,0.018,1914.6931199999997
2025-10-18 00:13:35.111,106371.84,0.00146,155.30288639999998
2025-10-18 00:13:35.428,106371.83,9e-05,9.5734647
2025-10-18 00:13:35.495,106371.83,0.01504,1599.8323232
2025-10-18 00:13:35.581,106371.83,0.07502,7980.0146866000005
2025-10-18 00:13:36.188,106371.84,0.00255,271.248192
2025-10-18 00:13:36.913,106371.83,0.00011,11.7009013
2025-10-18 00:13:37.383,106371.83,0.00026,27.6566758
2025-10-18 00:13:37.672,106371.83,0.00059,62.759379700000004
2025-10-18 00:13:37.680,106371.83,0.00179,190.40557569999999
2025-10-18 00:13:37.699,106371.83,0.00023,24.4655209
2025-10-18 00:13:37.916,106371.83,0.00028,29.784112399999998
2025-10-18 00:13:38.277,106371.83,0.00028,29.784112399999998
2025-10-18 00:13:38.523,106371.84,0.0002,21.274368
2025-10-18 00:13:38.602,106371.83,0.00037,39.3575771
2025-10-18 00:13:38.800,106371.84,0.00087,92.5435008
2025-10-18 00:13:38.845,106371.84,0.00685,728.647104
2025-10-18 00:13:38.858,106371.84,0.00685,728.647104
2025-10-18 00:13:39.021,106371.84,0.003,319.11552
2025-10-18 00:13:39.162,106371.84,0.002,212.74367999999998
2025-10-18 00:13:39.324,106371.83,0.00022,23.4018026
2025-10-18 00:13:39.384,106371.84,0.01,1063.7184
2025-10-18 00:13:39.404,106371.84,0.00031,32.9752704
2025-10-18 00:13:39.547,106371.83,0.00019,20.210647700000003
2025-10-18 00:13:39.573,106371.83,0.00538,572.2804454000001
2025-10-18 00:13:39.685,106371.84,0.00866,921.1801343999999
2025-10-18 00:13:39.847,106371.84,0.00059,62.7593856
2025-10-18 00:13:39.932,106371.83,0.00525,558.4521075
2025-10-18 00:13:40.070,106371.84,0.009,957.3465599999998
2025-10-18 00:13:40.091,106371.84,0.004,425.48735999999997
2025-10-18 00:13:40.329,106371.84,0.00319,339.3261696
2025-10-18 00:13:40.500,106371.84,0.01,1063.7184
2025-10-18 00:13:40.559,106371.84,0.00056,59.56823039999999
2025-10-18 00:13:40.614,106371.83,0.06255,6653.5579665
2025-10-18 00:13:40.782,106371.83,0.30347,32280.6592501
2025-10-18 00:13:41.519,106371.84,0.003,319.11552
2025-10-18 00:13:41.529,106371.84,0.01,1063.7184
2025-10-18 00:13:41.558,106371.83,9e-05,9.5734647
2025-10-18 00:13:41.675,106371.84,0.002,212.74367999999998
2025-10-18 00:13:43.118,106371.84,0.00299,318.0518016
2025-10-18 00:13:43.232,106371.83,0.0001,10.637183
2025-10-18 00:13:44.550,106371.84,0.004,425.48735999999997
2025-10-18 00:13:44.842,106371.84,0.0001,10.637184
2025-10-18 00:13:45.440,106371.84,0.002,212.74367999999998
2025-10-18 00:13:45.476,106371.84,0.01,1063.7184
2025-10-18 00:13:45.493,106371.84,8e-05,8.5097472
2025-10-18 00:13:45.632,106371.84,0.012,1276.46208
2025-10-18 00:13:45.638,106371.84,0.028,2978.41152
2025-10-18 00:13:45.648,106371.84,0.028,2978.41152
2025-10-18 00:13:45.734,106371.84,0.20171,21456.2638464
2025-10-18 00:13:45.736,106374.86,0.0001,10.637486
2025-10-18 00:13:45.744,106375.47,0.01969,2094.5330043
2025-10-18 00:13:45.746,106375.47,0.00011,11.7013017
2025-10-18 00:13:45.915,106383.61,0.0007,74.468527
2025-10-18 00:13:46.518,106386.31,0.00575,611.7212825
2025-10-18 00:13:46.586,106386.32,0.005,531.9316
2025-10-18 00:13:46.587,106386.32,0.023,2446.88536
2025-10-18 00:13:46.714,106386.31,0.01826,1942.6140205999998
2025-10-18 00:13:46.808,106386.31,9e-05,9.574767900000001
2025-10-18 00:13:47.550,106386.32,0.001,106.38632000000001
2025-10-18 00:13:48.319,106386.32,0.00093,98.93927760000001
2025-10-18 00:13:48.759,106386.32,0.0006,63.831792
2025-10-18 00:13:48.853,106386.31,0.00199,211.7087569
2025-10-18 00:13:48.863,106386.31,0.00047,50.0015657
2025-10-18 00:13:49.556,106386.32,0.00031,32.979759200000004
2025-10-18 00:13:49.871,106386.32,0.00018,19.149537600000002
2025-10-18 00:13:50.324,106386.32,0.02819,2999.0303608000004
2025-10-18 00:13:50.588,106386.31,0.05299,5637.4105669
2025-10-18 00:13:50.816,106386.31,5e-05,5.3193155
2025-10-18 00:13:51.288,106386.32,9e-05,9.574768800000001
2025-10-18 00:13:51.572,106386.32,7e-05,7.4470424
2025-10-18 00:13:51.681,106386.32,0.017,1808.5674400000003
2025-10-18 00:13:51.776,106386.32,0.011,1170.24952
2025-10-18 00:13:52.836,106386.31,0.00047,50.0015657
2025-10-18 00:13:53.062,106386.31,0.00019,20.2133989
2025-10-18 00:13:53.721,106386.31,0.00434,461.7165854
2025-10-18 00:13:54.223,106386.31,0.00031,32.979756099999996
2025-10-18 00:13:54.789,106386.32,0.00047,50.0015704
2025-10-18 00:13:54.939,106386.32,0.00468,497.88797760000006
2025-10-18 00:13:55.245,106386.31,0.00561,596.8271991
2025-10-18 00:13:55.347,106386.32,0.04699,4999.0931768
2025-10-18 00:13:55.588,106386.31,0.0738,7851.3096780000005
2025-10-18 00:13:56.181,106386.32,0.02679,2850.0895128
2025-10-18 00:13:56.467,106386.31,0.00016,17.0218096
2025-10-18 00:13:57.650,106386.31,0.00018,19.149535800000002
2025-10-18 00:13:58.524,106386.32,0.01784,1897.9319488000003
2025-10-18 00:13:59.031,106386.31,0.00581,618.1044611
2025-10-18 00:13:59.716,106386.32,0.00939,998.9675448000002
2025-10-18 00:14:00.025,106386.31,0.00111,118.0888041
2025-10-18 00:14:00.141,106386.32,0.0001,10.638632000000001
2025-10-18 00:14:00.398,106386.31,0.0002,21.277262
2025-10-18 00:14:00.673,106386.32,0.027,2872.43064
2025-10-18 00:14:00.730,106386.32,0.001,106.38632000000001
2025-10-18 00:14:01.139,106386.31,0.00675,718.1075925
2025-10-18 00:14:01.258,106386.32,0.00105,111.705636
2025-10-18 00:14:01.449,106386.32,0.00028,29.7881696
2025-10-18 00:14:01.631,106386.32,0.00019,20.213400800000002
2025-10-18 00:14:01.863,106386.32,0.00082,87.23678240000001
2025-10-18 00:14:01.999,106386.31,0.01437,1528.7712747
2025-10-18 00:14:02.000,106386.31,0.14137,15039.8326447
2025-10-18 00:14:02.002,106386.31,0.10634,11313.1202054
2025-10-18 00:14:02.003,106385.22,0.0001,10.638522
2025-10-18 00:14:02.019,106383.01,5e-05,5.3191505
2025-10-18 00:14:02.028,106382.06,8e-05,8.510564800000001
2025-10-18 00:14:02.039,106372.52,0.00895,952.034054
2025-10-18 00:14:02.040,106372.52,0.02915,3100.758958
2025-10-18 00:14:02.052,106372.5,6e-05,6.38235
2025-10-18 00:14:02.054,106372.2,0.00174,185.087628
2025-10-18 00:14:02.057,106371.83,0.00351,373.3651233
2025-10-18 00:14:02.068,106371.83,0.00012,12.764619600000001
2025-10-18 00:14:02.071,106371.83,0.00025,26.5929575
2025-10-18 00:14:02.074,106371.83,0.00432,459.5263056
2025-10-18 00:14:02.113,106371.83,0.013,1382.83379
2025-10-18 00:14:02.115,106371.83,0.013,1382.83379
2025-10-18 00:14:02.188,106371.83,0.00117,124.4550411
2025-10-18 00:14:02.822,106371.84,7e-05,7.446028799999999
2025-10-18 00:14:03.944,106371.84,0.00936,995.6404224
2025-10-18 00:14:04.031,106371.83,0.00294,312.7331802
2025-10-18 00:14:04.045,106371.83,8e-05,8.509746400000001
2025-10-18 00:14:04.950,106371.83,0.007,744.60281
2025-10-18 00:14:04.951,106371.83,0.007,744.60281
2025-10-18 00:14:04.952,106371.83,0.007,744.60281
2025-10-18 00:14:05.348,106371.84,0.00048,51.0584832
2025-10-18 00:14:05.600,106371.83,0.07572,8054.474967599999
2025-10-18 00:14:05.652,106371.83,0.013,1382.83379
2025-10-18 00:14:05.653,106371.83,0.013,1382.83379
2025-10-18 00:14:06.565,106371.83,0.013,1382.83379
2025-10-18 00:14:07.057,106371.83,0.00102,108.49926660000001
2025-10-18 00:14:07.061,106371.84,0.00021,22.3380864
2025-10-18 00:14:07.083,106371.84,0.00045,47.867328
2025-10-18 00:14:07.692,106371.84,0.00098,104.2444032
2025-10-18 00:14:07.969,106371.83,0.003,319.11549
2025-10-18 00:14:07.970,106371.83,0.003,319.11549
2025-10-18 00:14:07.987,106371.83,0.00838,891.3959354000001
2025-10-18 00:14:08.077,106371.84,4e-05,4.2548736
2025-10-18 00:14:08.695,106371.83,8e-05,8.509746400000001
2025-10-18 00:14:09.778,106371.83,0.013,1382.83379
2025-10-18 00:14:09.815,106366.94,0.00047,49.9924618
2025-10-18 00:14:09.850,106362.21,9e-05,9.572598900000001
2025-10-18 00:14:10.258,106362.22,0.00146,155.2888412
2025-10-18 00:14:10.281,106362.21,0.01128,1199.7657288
2025-10-18 00:14:10.408,106362.22,0.00031,32.9722882
2025-10-18 00:14:10.559,106362.21,0.0001,10.636221
2025-10-18 00:14:11.342,106362.21,0.00019,20.2088199
2025-10-18 00:14:12.043,106362.22,0.00011,11.699844200000001
2025-10-18 00:14:12.296,106362.21,0.00047,49.9902387
2025-10-18 00:14:12.489,106362.21,0.07483,7959.0841743
2025-10-18 00:14:12.495,106362.21,0.00028,29.7814188
2025-10-18 00:14:12.623,106362.22,0.00015,15.954332999999998
2025-10-18 00:14:13.600,106362.21,0.0023,244.633083
2025-10-18 00:14:14.221,106362.21,0.03811,4053.4638231
2025-10-18 00:14:14.303,106362.22,0.00051,54.2447322
2025-10-18 00:14:15.331,106362.22,0.00083,88.28064260000001
2025-10-18 00:14:15.333,106362.21,0.00053,56.3719713
2025-10-18 00:14:15.601,106362.21,0.05766,6132.845028600001
2025-10-18 00:14:16.332,106362.22,0.0001,10.636222
2025-10-18 00:14:16.577,106362.21,9e-05,9.572598900000001
2025-10-18 00:14:16.626,106362.22,0.00094,99.9804868
2025-10-18 00:14:16.683,106362.22,0.00029,30.8450438
2025-10-18 00:14:16.818,106362.22,0.0001,10.636222
2025-10-18 00:14:16.832,106362.22,9e-05,9.5725998
2025-10-18 00:14:16.840,106362.22,0.00048,51.0538656
2025-10-18 00:14:16.891,106362.22,0.0001,10.636222
2025-10-18 00:14:16.976,106362.22,0.00019,20.208821800000003
2025-10-18 00:14:16.983,106362.22,0.00066,70.1990652
2025-10-18 00:14:16.991,106362.22,0.00025,26.590555000000002
2025-10-18 00:14:17.025,106362.22,0.00024,25.5269328
2025-10-18 00:14:17.032,106362.22,0.01881,2000.6733582000002
2025-10-18 00:14:17.082,106362.22,0.0001,10.636222
2025-10-18 00:14:17.320,106362.22,0.00029,30.8450438
2025-10-18 00:14:17.363,106362.22,0.00226,240.37861719999998
2025-10-18 00:14:17.364,106362.22,0.00562,597.7556764
2025-10-18 00:14:17.367,106362.22,0.00222,236.12412840000002
2025-10-18 00:14:17.425,106362.22,0.00019,20.208821800000003
2025-10-18 00:14:17.544,106362.22,0.00013,13.8270886
2025-10-18 00:14:17.675,106362.22,0.00048,51.0538656
2025-10-18 00:14:18.132,106362.22,0.0001,10.636222
2025-10-18 00:14:18.444,106362.22,0.0001,10.636222
2025-10-18 00:14:18.539,106362.22,0.00017,18.0815774
2025-10-18 00:14:18.581,106362.22,0.00044,46.799376800000005
2025-10-18 00:14:18.584,106362.22,0.00048,51.0538656
2025-10-18 00:14:19.669,106362.22,9e-05,9.5725998
2025-10-18 00:14:19.670,106362.22,0.00172,182.9430184
2025-10-18 00:14:20.162,106362.22,9e-05,9.5725998
2025-10-18 00:14:20.255,106362.22,8e-05,8.508977600000001
2025-10-18 00:14:20.581,106362.21,0.07126,7579.371084600001
2025-10-18 00:14:21.863,106362.22,0.09632,10244.8090304
2025-10-18 00:14:23.054,106362.22,0.00094,99.9804868
2025-10-18 00:14:23.142,106362.21,0.00017,18.081575700000002
2025-10-18 00:14:23.524,106362.21,0.03083,3279.1469343000003
2025-10-18 00:14:24.723,106362.21,0.00012,12.7634652
2025-10-18 00:14:24.769,106362.22,0.00019,20.208821800000003
2025-10-18 00:14:24.898,106362.21,0.00047,49.9902387
2025-10-18 00:14:24.940,106362.22,0.0001,10.636222
2025-10-18 00:14:25.132,106362.21,1.4985,159383.771685
2025-10-18 00:14:25.681,106362.22,0.00025,26.590555000000002
2025-10-18 00:14:26.051,106362.22,0.00782,831.7525604000001
2025-10-18 00:14:26.076,106362.22,0.00022,23.399688400000002
2025-10-18 00:14:26.475,106362.21,0.00035,37.2267735
2025-10-18 00:14:26.819,106362.22,0.00144,153.1615968
2025-10-18 00:14:27.734,106362.22,0.00047,49.9902434
2025-10-18 00:14:28.624,106362.21,0.00012,12.7634652
2025-10-18 00:14:29.089,106362.21,9e-05,9.572598900000001
2025-10-18 00:14:30.280,106362.22,0.00027,28.7177994
2025-10-18 00:14:30.766,106362.21,9e-05,9.572598900000001
2025-10-18 00:14:31.431,106362.22,0.00182,193.5792404
2025-10-18 00:14:32.155,106362.21,1.4172,150736.524012
2025-10-18 00:14:32.570,106362.16,0.00017,18.081567200000002
2025-10-18 00:14:33.579,106362.16,7e-05,7.445351199999999
2025-10-18 00:14:33.798,106362.16,0.00011,11.6998376
2025-10-18 00:14:35.516,106362.16,0.00112,119.12561919999999
2025-10-18 00:14:35.582,106362.15,0.05267,5602.0944405
2025-10-18 00:14:35.621,106362.16,0.00025,26.59054
2025-10-18 00:14:36.270,106362.16,0.00027,28.717783200000003
2025-10-18 00:14:36.472,106362.16,0.00069,73.3898904
2025-10-18 00:14:37.632,106362.16,0.00052,55.3083232
2025-10-18 00:14:38.219,106362.16,0.00109,115.9347544
2025-10-18 00:14:38.443,106362.16,0.00214,227.61502240000002
2025-10-18 00:14:38.515,106362.16,0.00131,139.3344296
2025-10-18 00:14:40.245,106362.16,0.01222,1299.7455952
2025-10-18 00:14:40.471,106362.15,9e-05,9.5725935
2025-10-18 00:14:40.607,106362.15,0.06598,7017.774656999999
2025-10-18 00:14:41.023,106362.16,9e-05,9.572594400000002
2025-10-18 00:14:41.027,106362.16,0.00017,18.081567200000002
2025-10-18 00:14:41.583,106362.15,8e-05,8.508972
2025-10-18 00:14:41.794,106362.16,0.00056,59.562809599999994
2025-10-18 00:14:43.625,106362.16,0.00098,104.2349168
2025-10-18 00:14:43.824,106362.16,0.0003,31.908648
2025-10-18 00:14:44.174,106362.16,0.028,2978.14048
2025-10-18 00:14:44.178,106362.16,0.028,2978.14048
2025-10-18 00:14:44.312,106362.16,0.00424,450.9755584
2025-10-18 00:14:44.785,106362.15,0.00052,55.30831799999999
2025-10-18 00:14:44.995,106362.15,0.00104,110.61663599999999
2025-10-18 00:14:45.023,106362.15,0.00028,29.781401999999996
2025-10-18 00:14:45.870,106362.15,0.0001,10.636215
2025-10-18 00:14:46.358,106362.16,5e-05,5.3181080000000005
2025-10-18 00:14:47.348,106362.15,0.0033,350.995095
2025-10-18 00:14:47.525,106362.16,0.0026,276.541616
2025-10-18 00:14:48.475,106362.15,0.00017,18.0815655
2025-10-18 00:14:50.353,106362.16,0.0003,31.908648
2025-10-18 00:14:50.587,106362.15,0.05217,5548.9133655
2025-10-18 00:14:51.023,106362.15,0.00017,18.0815655
2025-10-18 00:14:51.959,106362.16,0.00328,348.8678848
2025-10-18 00:14:52.318,106362.15,0.00028,29.781401999999996
2025-10-18 00:14:52.869,106362.16,0.00026,27.6541616
2025-10-18 00:14:53.370,106362.16,0.0001,10.636216000000001
2025-10-18 00:14:53.581,106362.16,0.00094,99.9804304
2025-10-18 00:14:54.625,106362.16,0.00047,49.9902152
2025-10-18 00:14:55.587,106362.15,0.06298,6698.688206999999
2025-10-18 00:14:55.744,106362.16,0.00014,14.890702399999999
2025-10-18 00:14:55.932,106362.15,5e-05,5.3181075
2025-10-18 00:14:56.589,106362.16,0.00235,249.95107600000003
2025-10-18 00:14:56.959,106362.15,0.00027,28.7177805
2025-10-18 00:14:57.842,106362.15,0.00047,49.990210499999996
2025-10-18 00:14:58.192,106362.16,0.00141,149.9706456
2025-10-18 00:14:58.440,106362.16,0.00058,61.690052800000004
2025-10-18 00:14:58.791,106362.15,0.00201,213.78792149999998
2025-10-18 00:14:58.900,106362.15,0.00058,61.690047
2025-10-18 00:14:59.460,106362.15,0.00015,15.954322499999998
2025-10-18 00:14:59.783,106362.15,0.00502,533.937993
2025-10-18 00:15:00.046,106362.15,0.013,1382.7079499999998
2025-10-18 00:15:00.049,106362.15,0.003,319.08645
2025-10-18 00:15:00.153,106362.15,0.013,1382.7079499999998
2025-10-18 00:15:00.154,106362.15,0.013,1382.7079499999998
2025-10-18 00:15:00.158,106362.15,0.013,1382.7079499999998
2025-10-18 00:15:00.694,106362.16,6e-05,6.381729600000001
2025-10-18 00:15:00.832,106362.16,0.00217,230.8058872
2025-10-18 00:15:01.992,106362.15,6e-05,6.381729
2025-10-18 00:15:02.976,106362.16,0.00159,169.1158344
2025-10-18 00:15:03.253,106362.16,0.00018,19.145188800000003
2025-10-18 00:15:03.410,106362.15,8e-05,8.508972
2025-10-18 00:15:03.559,106362.15,7e-05,7.445350499999999
2025-10-18 00:15:03.810,106362.16,9e-05,9.572594400000002
2025-10-18 00:15:04.614,106362.15,9e-05,9.5725935
2025-10-18 00:15:04.948,106362.16,0.00048,51.053836800000006
2025-10-18 00:15:05.590,106362.15,0.0575,6115.823625
2025-10-18 00:15:06.118,106362.16,0.00036,38.29037760000001
2025-10-18 00:15:06.324,106362.15,0.00033,35.099509499999996
2025-10-18 00:15:07.035,106362.16,7e-05,7.445351199999999
2025-10-18 00:15:08.437,106362.15,9e-05,9.5725935
2025-10-18 00:15:08.645,106362.16,0.0002,21.272432000000002
2025-10-18 00:15:08.936,106362.15,7e-05,7.445350499999999
2025-10-18 00:15:09.618,106362.16,0.00076,80.8352416
2025-10-18 00:15:10.599,106362.15,0.04911,5223.4451865
2025-10-18 00:15:11.684,106362.15,5e-05,5.3181075
2025-10-18 00:15:11.971,106362.15,0.1,10636.215
2025-10-18 00:15:13.191,106362.16,8e-05,8.5089728
2025-10-18 00:15:15.596,106362.16,0.00521,554.1468536
2025-10-18 00:15:15.604,106362.15,0.05224,5556.358716
2025-10-18 00:15:16.354,106362.16,6e-05,6.381729600000001
2025-10-18 00:15:16.779,106362.16,6e-05,6.381729600000001
2025-10-18 00:15:16.869,106362.15,0.00086,91.47144899999999
2025-10-18 00:15:16.930,106362.15,0.00035,37.226752499999996
2025-10-18 00:15:17.843,106362.15,0.0001,10.636215
2025-10-18 00:15:18.585,106362.16,0.00224,238.25123839999998
2025-10-18 00:15:18.608,106362.16,0.00026,27.6541616
2025-10-18 00:15:19.120,106362.16,0.00093,98.91680880000001
2025-10-18 00:15:20.706,106362.15,0.00025,26.5905375
2025-10-18 00:15:21.084,106362.15,0.00255,271.2234825
2025-10-18 00:15:21.402,106362.15,8e-05,8.508972
2025-10-18 00:15:21.582,106362.15,0.0001,10.636215
2025-10-18 00:15:21.686,106362.16,0.00054,57.435566400000006
2025-10-18 00:15:22.023,106362.15,5e-05,5.3181075
2025-10-18 00:15:22.795,106362.16,0.00065,69.135404
2025-10-18 00:15:22.801,106362.16,0.00025,26.59054
2025-10-18 00:15:23.298,106362.16,0.00028,29.781404799999997
2025-10-18 00:15:25.509,106362.16,0.14304,15214.043366400001
2025-10-18 00:15:25.587,106362.15,0.06385,6791.2232775
2025-10-18 00:15:25.869,106362.16,0.00077,81.8988632
2025-10-18 00:15:25.878,106362.16,0.00025,26.59054
2025-10-18 00:15:25.884,106362.16,0.00025,26.59054
2025-10-18 00:15:27.242,106362.15,0.00056,59.56280399999999
2025-10-18 00:15:27.539,106362.16,0.00076,80.8352416
2025-10-18 00:15:29.459,106362.16,0.00044,46.7993504
2025-10-18 00:15:29.841,106362.16,0.0001,10.636216000000001
2025-10-18 00:15:30.213,106362.16,0.00048,51.053836800000006
2025-10-18 00:15:31.515,106362.15,0.22504,23935.738235999997
2025-10-18 00:15:31.518,106362.12,0.466,49564.74792
2025-10-18 00:15:31.519,106362.12,0.40451,43024.541161199995
2025-10-18 00:15:31.521,106360.01,0.00015,15.954001499999999
2025-10-18 00:15:31.522,106360.01,0.00015,15.954001499999999
2025-10-18 00:15:31.540,106360.01,0.0015,159.54001499999998
2025-10-18 00:15:31.553,106360.01,0.00047,49.989204699999995
2025-10-18 00:15:31.640,106360.0,0.00024,25.526400000000002
2025-10-18 00:15:32.022,106360.0,0.00104,110.61439999999999
2025-10-18 00:15:32.067,106360.01,0.00089,94.6604089
2025-10-18 00:15:32.150,106360.01,0.00017,18.0812017
2025-10-18 00:15:32.531,106360.01,0.00203,215.9108203
2025-10-18 00:15:32.535,106360.0,0.0047,499.892
2025-10-18 00:15:32.796,106360.01,0.00071,75.5156071
2025-10-18 00:15:33.407,106360.01,0.00013,13.826801299999998
2025-10-18 00:15:33.537,106360.0,0.5175,55041.299999999996
2025-10-18 00:15:34.010,106360.0,0.0047,499.892
2025-10-18 00:15:34.788,106360.0,0.013,1382.6799999999998
2025-10-18 00:15:35.331,106360.01,0.00012,12.7632012
2025-10-18 00:15:35.445,106360.0,0.0042,446.712
2025-10-18 00:15:35.486,106360.0,0.00119,126.56840000000001
2025-10-18 00:15:35.580,106360.0,0.05041,5361.6076
2025-10-18 00:15:35.986,106360.01,0.00025,26.5900025
2025-10-18 00:15:36.104,106360.01,0.00188,199.95681879999998
2025-10-18 00:15:36.111,106360.0,0.00011,11.6996
2025-10-18 00:15:36.861,106360.01,0.0094,999.784094
2025-10-18 00:15:36.981,106360.01,0.00612,650.9232612
2025-10-18 00:15:37.216,106360.0,0.00027,28.717200000000002
2025-10-18 00:15:37.698,106360.01,0.01126,1197.6137125999999
2025-10-18 00:15:37.798,106360.01,0.00028,29.780802799999996
2025-10-18 00:15:38.794,106360.0,9e-05,9.5724
2025-10-18 00:15:39.070,106360.0,0.00589,626.4604
2025-10-18 00:15:39.408,106360.01,0.0094,999.784094
2025-10-18 00:15:40.605,106360.0,0.05948,6326.2928
2025-10-18 00:15:40.658,106360.0,0.013,1382.6799999999998
2025-10-18 00:15:40.928,106360.0,9e-05,9.5724
2025-10-18 00:15:40.962,106360.0,0.00396,421.1856
2025-10-18 00:15:41.182,106360.0,0.00148,157.4128
2025-10-18 00:15:41.225,106360.01,0.00383,407.3588383
2025-10-18 00:15:41.586,106360.01,0.0322,3424.792322
2025-10-18 00:15:43.115,106360.01,0.00028,29.780802799999996
2025-10-18 00:15:43.575,106360.01,5e-05,5.3180005
2025-10-18 00:15:44.801,106360.01,0.00028,29.780802799999996
2025-10-18 00:15:44.900,106360.0,0.00012,12.763200000000001
2025-10-18 00:15:45.348,106360.01,9e-05,9.5724009
2025-10-18 00:15:46.003,106360.01,0.00038,40.4168038
2025-10-18 00:15:46.420,106360.0,0.13768,14643.6448
2025-10-18 00:15:46.421,106360.0,0.00994,1057.2184
2025-10-18 00:15:47.284,106360.01,0.00075,79.77000749999999
2025-10-18 00:15:47.461,106360.0,0.0001,10.636000000000001
2025-10-18 00:15:48.099,106360.01,0.00018,19.1448018
2025-10-18 00:15:48.121,106360.0,0.0094,999.784
2025-10-18 00:15:48.249,106360.01,8e-05,8.5088008
2025-10-18 00:15:48.953,106360.0,0.0001,10.636000000000001
2025-10-18 00:15:49.894,106360.01,0.00011,11.6996011
2025-10-18 00:15:50.588,106360.0,0.06238,6634.7368
2025-10-18 00:15:51.069,106360.0,0.00029,30.8444
2025-10-18 00:15:51.654,106360.0,0.00937,996.5932
2025-10-18 00:15:51.690,106360.0,0.00911,968.9396
2025-10-18 00:15:51.815,106360.0,0.27486,29234.1096
2025-10-18 00:15:52.641,106359.99,5e-05,5.317999500000001
2025-10-18 00:15:52.825,106359.99,9e-05,9.572399100000002
2025-10-18 00:15:53.503,106359.98,0.013,1382.6797399999998
2025-10-18 00:15:53.504,106359.98,0.013,1382.6797399999998
2025-10-18 00:15:53.548,106359.98,0.002,212.71996
2025-10-18 00:15:53.615,106359.97,0.00205,218.03793850000002
2025-10-18 00:15:53.682,106359.95,0.00356,378.641422
2025-10-18 00:15:53.992,106359.95,9e-05,9.5723955
2025-10-18 00:15:54.285,106359.95,0.00131,139.3315345
2025-10-18 00:15:54.518,106358.0,0.002,212.716
2025-10-18 00:15:54.717,106357.75,0.0001,10.635775
2025-10-18 00:15:55.587,106357.74,0.00362,385.0150188
2025-10-18 00:15:56.135,106356.56,0.001,106.35656
2025-10-18 00:15:56.136,106356.56,0.001,106.35656
2025-10-18 00:15:57.852,106356.56,8e-05,8.5085248
2025-10-18 00:15:59.048,106356.57,0.03431,3649.0939167
2025-10-18 00:15:59.482,106356.57,0.00026,27.6527082
2025-10-18 00:16:00.072,106356.56,0.00244,259.5100064
2025-10-18 00:16:00.124,106356.56,0.00303,322.2603768
2025-10-18 00:16:00.127,106356.01,0.02155,2291.9720155
2025-10-18 00:16:00.427,106356.0,0.00371,394.58076
2025-10-18 00:16:00.442,106356.0,0.001,106.35600000000001
2025-10-18 00:16:00.443,106356.0,0.00019,20.20764
2025-10-18 00:16:00.445,106355.99,0.001,106.35599
2025-10-18 00:16:00.675,106355.99,5e-05,5.3177995000000005
2025-10-18 00:16:01.033,106356.0,0.00941,1000.80996
2025-10-18 00:16:01.581,106355.99,6e-05,6.381359400000001
2025-10-18 00:16:01.662,106355.99,0.00047,49.9873153
2025-10-18 00:16:02.313,106356.0,0.00188,199.94928
2025-10-18 00:16:02.354,106355.99,0.00021,22.334757900000003
2025-10-18 00:16:03.155,106356.0,0.00241,256.31795999999997
2025-10-18 00:16:03.368,106355.99,0.00024,25.525437600000004
2025-10-18 00:16:03.689,106356.0,0.00077,81.89412
2025-10-18 00:16:03.727,106355.99,0.00802,852.9750398
2025-10-18 00:16:03.937,106356.0,0.00147,156.34332
2025-10-18 00:16:04.347,106355.99,0.00466,495.61891340000005
2025-10-18 00:16:04.623,106355.91,0.0013,138.262683
2025-10-18 00:16:04.624,106355.91,0.0013,138.262683
2025-10-18 00:16:04.715,106355.91,0.0014,148.89827400000001
2025-10-18 00:16:05.595,106355.9,0.05483,5831.493997
2025-10-18 00:16:05.616,106355.91,0.00015,15.953386499999999
2025-10-18 00:16:06.325,106355.91,0.012,1276.2709200000002
2025-10-18 00:16:07.364,106355.27,0.00015,15.9532905
2025-10-18 00:16:07.367,106355.26,0.00125,132.944075
2025-10-18 00:16:07.374,106354.0,0.001,106.354
2025-10-18 00:16:07.375,106354.0,0.001,106.354
2025-10-18 00:16:07.376,106354.0,0.001,106.354
2025-10-18 00:16:07.397,106354.0,0.00095,101.0363
2025-10-18 00:16:07.415,106351.84,0.00011,11.6987024
2025-10-18 00:16:07.557,106351.47,0.00164,174.4164108
2025-10-18 00:16:07.872,106351.46,0.013,1382.56898
2025-10-18 00:16:07.873,106351.46,0.013,1382.56898
2025-10-18 00:16:07.874,106351.46,0.013,1382.56898
2025-10-18 00:16:07.923,106351.45,0.07464,7938.072228
2025-10-18 00:16:07.925,106350.05,0.0004,42.540020000000005
2025-10-18 00:16:07.933,106345.74,0.00405,430.700247
2025-10-18 00:16:07.934,106344.58,0.00015,15.951687
2025-10-18 00:16:07.935,106344.21,5e-05,5.317210500000001
2025-10-18 00:16:07.938,106344.0,0.0028,297.7632
2025-10-18 00:16:07.989,106343.84,0.0001,10.634384
2025-10-18 00:16:07.992,106343.28,7e-05,7.4440295999999995
2025-10-18 00:16:08.400,106343.15,0.00082,87.20138299999999
2025-10-18 00:16:08.515,106343.14,0.0039,414.738246
2025-10-18 00:16:08.811,106342.5,0.013,1382.4524999999999
2025-10-18 00:16:08.813,106342.5,0.013,1382.4524999999999
2025-10-18 00:16:08.915,106342.33,0.00015,15.9513495
2025-10-18 00:16:09.115,106342.32,0.00157,166.95744240000002
2025-10-18 00:16:09.315,106342.25,0.00134,142.498615
2025-10-18 00:16:09.411,106342.22,0.00098,104.2153756
2025-10-18 00:16:09.487,106342.21,9e-05,9.570798900000002
2025-10-18 00:16:09.514,106342.22,9e-05,9.570799800000001
2025-10-18 00:16:09.515,106342.21,0.00213,226.5089073
2025-10-18 00:16:09.719,106342.2,0.00149,158.44987799999998
2025-10-18 00:16:10.032,106342.19,0.013,1382.44847
2025-10-18 00:16:10.033,106342.19,0.013,1382.44847
2025-10-18 00:16:10.058,106342.2,0.00345,366.88059
2025-10-18 00:16:10.580,106342.2,0.01411,1500.4884419999998
2025-10-18 00:16:11.196,106342.2,0.00164,174.401208
2025-10-18 00:16:11.501,106342.19,0.0001,10.634219
2025-10-18 00:16:12.584,106342.2,0.00082,87.200604
2025-10-18 00:16:12.864,106342.2,0.00025,26.58555
2025-10-18 00:16:13.495,106342.2,5e-05,5.3171100000000004
2025-10-18 00:16:13.623,106342.2,0.00058,61.678475999999996
2025-10-18 00:16:14.227,106342.2,0.00164,174.401208
2025-10-18 00:16:14.553,106342.19,0.013,1382.44847
2025-10-18 00:16:14.554,106342.19,0.013,1382.44847
2025-10-18 00:16:14.555,106342.19,0.013,1382.44847
2025-10-18 00:16:14.963,106342.2,0.00063,66.995586
2025-10-18 00:16:15.308,106342.2,0.0002,21.268440000000002
2025-10-18 00:16:15.340,106342.19,0.013,1382.44847
2025-10-18 00:16:15.341,106342.19,0.013,1382.44847
2025-10-18 00:16:15.342,106342.19,0.013,1382.44847
2025-10-18 00:16:15.567,106342.2,0.00283,300.948426
2025-10-18 00:16:15.593,106342.19,0.06724,7150.4488556
2025-10-18 00:16:15.832,106342.2,0.00132,140.371704
2025-10-18 00:16:15.833,106342.19,7e-05,7.4439532999999996
2025-10-18 00:16:15.924,106342.19,0.28428,30230.9577732
2025-10-18 00:16:16.015,106342.19,0.04947,5260.7481393
2025-10-18 00:16:16.156,106342.18,0.013,1382.44834
2025-10-18 00:16:16.158,106342.18,0.013,1382.44834
2025-10-18 00:16:16.683,106342.18,0.00023,24.4587014
2025-10-18 00:16:16.920,106342.18,0.00247,262.6651846
2025-10-18 00:16:17.048,106342.1,0.0189,2009.86569
2025-10-18 00:16:17.055,106332.76,0.00019,20.2032244
2025-10-18 00:16:17.067,106328.39,6e-05,6.3797034
2025-10-18 00:16:17.095,106328.39,0.013,1382.2690699999998
2025-10-18 00:16:17.096,106328.39,0.013,1382.2690699999998
2025-10-18 00:16:17.113,106328.39,0.013,1382.2690699999998
2025-10-18 00:16:17.336,106328.4,0.101,10739.1684
2025-10-18 00:16:17.347,106328.4,0.101,10739.1684
2025-10-18 00:16:17.368,106328.4,0.00024,25.518815999999998
2025-10-18 00:16:17.376,106328.39,0.0094,999.4868660000001
2025-10-18 00:16:17.390,106328.4,0.0001,10.63284
2025-10-18 00:16:17.396,106328.4,8e-05,8.506272000000001
2025-10-18 00:16:17.440,106328.4,0.101,10739.1684
2025-10-18 00:16:17.543,106328.4,0.00048,51.037631999999995
2025-10-18 00:16:17.725,106328.4,0.00029,30.835236
2025-10-18 00:16:17.840,106328.4,0.0001,10.63284
2025-10-18 00:16:17.919,106328.4,7e-05,7.442987999999999
2025-10-18 00:16:17.933,106328.4,0.00014,14.885975999999998
2025-10-18 00:16:18.069,106328.4,0.00029,30.835236
2025-10-18 00:16:18.208,106328.4,0.00036,38.278224
2025-10-18 00:16:19.262,106328.4,0.0001,10.63284
2025-10-18 00:16:19.310,106328.4,0.00029,30.835236
2025-10-18 00:16:19.419,106328.4,0.0001,10.63284
2025-10-18 00:16:19.424,106328.4,0.0001,10.63284
2025-10-18 00:16:19.462,106328.4,0.0001,10.63284
2025-10-18 00:16:19.491,106328.39,0.00113,120.1510807
2025-10-18 00:16:19.633,106328.4,0.0001,10.63284
2025-10-18 00:16:19.690,106328.4,0.00082,87.18928799999999
2025-10-18 00:16:19.696,106328.4,0.02538,2698.614792
2025-10-18 00:16:19.748,106328.4,7e-05,7.442987999999999
2025-10-18 00:16:19.770,106328.39,0.013,1382.2690699999998
2025-10-18 00:16:19.771,106328.39,0.013,1382.2690699999998
2025-10-18 00:16:19.772,106328.39,0.013,1382.2690699999998
2025-10-18 00:16:20.120,106328.4,0.00066,70.176744
2025-10-18 00:16:20.418,106328.4,9e-05,9.569556
2025-10-18 00:16:20.699,106328.4,0.00082,87.18928799999999
2025-10-18 00:16:21.175,106328.39,0.013,1382.2690699999998
2025-10-18 00:16:21.176,106328.39,0.013,1382.2690699999998
2025-10-18 00:16:21.215,106328.39,0.03673,3905.4417647
2025-10-18 00:16:21.292,106328.18,0.00164,174.37821519999997
2025-10-18 00:16:21.466,106328.18,0.101,10739.14618
2025-10-18 00:16:21.561,106328.18,0.101,10739.14618
2025-10-18 00:16:21.691,106328.17,0.00115,122.2773955
2025-10-18 00:16:21.791,106328.18,9e-05,9.5695362
2025-10-18 00:16:21.856,106328.18,0.00023,24.4554814
2025-10-18 00:16:22.335,106328.17,0.00064,68.0500288
2025-10-18 00:16:22.341,106325.36,0.0001,10.632536
2025-10-18 00:16:22.359,106322.2,0.00941,1000.491902
2025-10-18 00:16:22.618,106322.21,0.101,10738.543210000002
2025-10-18 00:16:22.625,106322.21,0.101,10738.543210000002
2025-10-18 00:16:22.643,106322.2,0.0002,21.26444
2025-10-18 00:16:22.683,106322.21,0.101,10738.543210000002
2025-10-18 00:16:22.706,106322.21,0.101,10738.543210000002
2025-10-18 00:16:22.707,106322.21,0.101,10738.543210000002
2025-10-18 00:16:22.709,106322.21,0.101,10738.543210000002
2025-10-18 00:16:22.712,106322.21,0.101,10738.543210000002
2025-10-18 00:16:23.076,106322.21,0.00053,56.3507713
2025-10-18 00:16:23.118,106322.21,0.00012,12.758665200000001
2025-10-18 00:16:23.123,106322.21,7e-05,7.4425547
2025-10-18 00:16:23.548,106322.21,0.23739,25239.8294319
2025-10-18 00:16:23.589,106322.24,0.00188,199.8858112
2025-10-18 00:16:23.597,106322.24,0.07631,8113.450134400001
2025-10-18 00:16:23.598,106322.31,0.0001,10.632231
2025-10-18 00:16:23.610,106323.68,0.0014,148.853152
2025-10-18 00:16:23.623,106323.91,0.00019,20.201542900000003
2025-10-18 00:16:23.625,106323.92,0.028,2977.06976
2025-10-18 00:16:23.630,106323.92,0.028,2977.06976
2025-10-18 00:16:23.634,106323.92,0.03781,4020.1074152
2025-10-18 00:16:23.636,106328.4,0.01185,1259.9915399999998
2025-10-18 00:16:23.641,106328.4,0.00238,253.061592
2025-10-18 00:16:23.708,106328.4,0.00133,141.41677199999998
2025-10-18 00:16:23.715,106335.15,0.0001,10.633515
2025-10-18 00:16:23.799,106337.62,0.101,10740.09962
2025-10-18 00:16:23.810,106337.62,0.00304,323.2663648
2025-10-18 00:16:23.858,106338.12,0.08797,9354.5644164
2025-10-18 00:16:23.875,106338.13,0.05537,5887.942258100001
2025-10-18 00:16:23.887,106338.14,0.0048,510.42307199999993
2025-10-18 00:16:23.896,106338.15,0.0046,489.15549
2025-10-18 00:16:23.913,106338.16,0.00455,483.838628
2025-10-18 00:16:23.920,106338.17,0.0026,276.479242
2025-10-18 00:16:23.937,106338.18,0.0026,276.479268
2025-10-18 00:16:23.953,106339.04,0.00405,430.67311199999995
2025-10-18 00:16:23.956,106339.05,0.00015,15.9508575
2025-10-18 00:16:23.957,106339.04,0.02046,2175.6967584
2025-10-18 00:16:23.983,106339.05,0.05167,5494.5387135
2025-10-18 00:16:23.999,106341.94,0.00015,15.951291
2025-10-18 00:16:24.015,106343.87,0.0001,10.634387
2025-10-18 00:16:24.029,106347.02,0.101,10741.04902
2025-10-18 00:16:24.047,106347.02,0.101,10741.04902
2025-10-18 00:16:24.747,106347.02,0.00026,27.650225199999998
2025-10-18 00:16:25.586,106347.01,0.05775,6141.5398275
2025-10-18 00:16:26.576,106347.01,0.00011,11.6981711
2025-10-18 00:16:27.086,106347.02,0.028,2977.7165600000003
2025-10-18 00:16:27.087,106350.22,0.0001,10.635022000000001
2025-10-18 00:16:27.211,106350.83,6e-05,6.3810498
2025-10-18 00:16:27.573,106350.83,0.03528,3752.0572824
2025-10-18 00:16:27.748,106350.84,0.00011,11.6985924
2025-10-18 00:16:28.576,106350.83,0.0003,31.905248999999998
2025-10-18 00:16:29.545,106350.84,0.001,106.35084
2025-10-18 00:16:31.924,106350.84,5e-05,5.317542
2025-10-18 00:16:32.179,106350.84,0.00047,49.9848948
2025-10-18 00:16:32.211,106350.83,5e-05,5.3175415
2025-10-18 00:16:32.647,106350.84,0.00125,132.93855
2025-10-18 00:16:33.101,106350.84,0.0002,21.270168
2025-10-18 00:16:33.518,106350.83,0.00478,508.35696740000003
2025-10-18 00:16:33.912,106350.84,0.00939,998.6343876000001
2025-10-18 00:16:34.215,106356.97,0.1458,15506.846226000001
2025-10-18 00:16:34.924,106356.97,5e-05,5.3178485
2025-10-18 00:16:34.985,106356.98,0.0005,53.17849
2025-10-18 00:16:35.068,106356.98,0.00011,11.6992678
2025-10-18 00:16:35.115,106356.98,9e-05,9.5721282
2025-10-18 00:16:35.338,106356.98,0.0002,21.271396
2025-10-18 00:16:35.580,106356.97,0.06176,6568.6064672
2025-10-18 00:16:36.226,106356.97,0.00376,399.9022072
2025-10-18 00:16:36.827,106356.97,9e-05,9.5721273
2025-10-18 00:16:37.676,106356.97,9e-05,9.5721273
2025-10-18 00:16:37.710,106356.98,8e-05,8.5085584
2025-10-18 00:16:37.899,106356.98,0.02414,2567.4574972
2025-10-18 00:16:37.905,106359.19,0.0003,31.907756999999997
2025-10-18 00:16:37.917,106360.0,0.00046,48.9256
2025-10-18 00:16:37.937,106360.01,0.00148,157.41281479999998
2025-10-18 00:16:38.144,106360.01,0.00135,143.5860135
2025-10-18 00:16:38.842,106360.01,0.00451,479.6836451
2025-10-18 00:16:39.454,106360.01,0.00067,71.2612067
2025-10-18 00:16:39.555,106360.02,0.01505,1600.7183009999999
2025-10-18 00:16:39.715,106360.17,5e-05,5.3180085
2025-10-18 00:16:39.718,106360.37,6e-05,6.3816222
2025-10-18 00:16:39.728,106360.37,0.00141,149.96812169999998
2025-10-18 00:16:40.048,106360.63,0.00063,67.00719690000001
2025-10-18 00:16:40.588,106360.62,0.06129,6518.8423998
2025-10-18 00:16:40.628,106360.63,0.00298,316.95467740000004
2025-10-18 00:16:40.847,106360.63,0.00101,107.4242363
2025-10-18 00:16:40.966,106360.63,0.00049,52.116708700000004
2025-10-18 00:16:41.143,106362.2,0.0001,10.63622
2025-10-18 00:16:41.144,106362.88,5e-05,5.318144
2025-10-18 00:16:41.145,106364.27,6e-05,6.3818562000000005
2025-10-18 00:16:41.151,106364.27,0.00424,450.9845048
2025-10-18 00:16:41.179,106367.92,0.00941,1000.9221272
2025-10-18 00:16:41.183,106367.92,0.00353,375.4787576
2025-10-18 00:16:41.204,106367.92,0.00076,80.8396192
2025-10-18 00:16:41.205,106369.27,0.00025,26.5923175
2025-10-18 00:16:41.207,106370.28,0.0003,31.911083999999995
2025-10-18 00:16:41.210,106370.32,0.0001,10.637032000000001
2025-10-18 00:16:41.211,106370.32,0.00195,207.422124
2025-10-18 00:16:41.215,106370.33,0.00121,128.7080993
2025-10-18 00:16:41.225,106371.46,5e-05,5.318573000000001
2025-10-18 00:16:41.228,106371.67,0.00075,79.7787525
2025-10-18 00:16:41.231,106371.85,0.00135,143.6019975
2025-10-18 00:16:41.236,106372.56,0.0002,21.274512
2025-10-18 00:16:41.241,106372.93,0.0001,10.637293
2025-10-18 00:16:41.243,106372.93,0.00055,58.5051115
2025-10-18 00:16:41.247,106372.94,0.0008,85.098352
2025-10-18 00:16:41.250,106376.0,0.002,212.752
2025-10-18 00:16:41.252,106376.46,0.0003,31.912938
2025-10-18 00:16:41.253,106376.46,5e-05,5.318823000000001
2025-10-18 00:16:41.255,106376.46,0.0001,10.637646000000002
2025-10-18 00:16:41.257,106376.46,0.0005,53.188230000000004
2025-10-18 00:16:41.263,106376.46,0.00161,171.26610060000002
2025-10-18 00:16:41.265,106377.62,0.0001,10.637762
2025-10-18 00:16:41.267,106378.79,0.00055,58.5083345
2025-10-18 00:16:41.270,106381.42,0.00015,15.957212999999998
2025-10-18 00:16:41.273,106382.0,0.00206,219.14692000000002
2025-10-18 00:16:41.275,106382.47,0.00015,15.957370499999998
2025-10-18 00:16:41.277,106383.02,0.0001,10.638302000000001
2025-10-18 00:16:41.278,106384.0,0.00011,11.70224
2025-10-18 00:16:41.279,106385.48,0.00015,15.957821999999998
2025-10-18 00:16:41.280,106385.52,0.00015,15.957828
2025-10-18 00:16:41.283,106385.53,0.01505,1601.1022265
2025-10-18 00:16:41.300,106385.53,0.00025,26.5963825
2025-10-18 00:16:41.301,106386.0,0.00215,228.7299
2025-10-18 00:16:41.306,106386.3,0.00015,15.957944999999999
2025-10-18 00:16:41.961,106386.31,0.01456,1548.9846736
2025-10-18 00:16:41.996,106386.31,0.01967,2092.6187177
2025-10-18 00:16:41.998,106388.72,5e-05,5.3194360000000005
2025-10-18 00:16:42.104,106388.75,0.00146,155.327575
2025-10-18 00:16:42.395,106389.0,8e-05,8.51112
2025-10-18 00:16:44.103,106389.01,0.00028,29.788922799999995
2025-10-18 00:16:44.352,106389.0,9e-05,9.57501
2025-10-18 00:16:44.417,106389.01,0.00087,92.5584387
2025-10-18 00:16:45.620,106389.01,0.00065,69.1528565
2025-10-18 00:16:45.747,106389.01,0.00019,20.2139119
2025-10-18 00:16:45.823,106389.0,0.00639,679.82571
2025-10-18 00:16:45.915,106393.48,0.00015,15.959021999999997
2025-10-18 00:16:46.417,106393.49,0.0018,191.508282
2025-10-18 00:16:47.943,106393.49,0.00045,47.8770705
2025-10-18 00:16:48.081,106393.48,0.00025,26.59837
2025-10-18 00:16:48.203,106393.49,0.00034,36.17378660000001
2025-10-18 00:16:48.319,106393.49,0.0001,10.639349000000001
2025-10-18 00:16:48.819,106393.48,9e-05,9.5754132
2025-10-18 00:16:49.028,106393.49,0.0022,234.06567800000002
2025-10-18 00:16:49.248,106393.49,0.01504,1600.1580896
2025-10-18 00:16:50.279,106393.49,0.00029,30.854112100000002
2025-10-18 00:16:50.318,106393.49,0.00019,20.214763100000003
2025-10-18 00:16:50.587,106393.48,0.05935,6314.453038
2025-10-18 00:16:51.752,106393.49,0.0077,819.2298730000001
2025-10-18 00:16:51.832,106393.49,0.00019,20.214763100000003
2025-10-18 00:16:52.162,106393.49,0.028,2979.0177200000003
2025-10-18 00:16:52.210,106393.49,0.003,319.18047
2025-10-18 00:16:52.223,106393.49,0.003,319.18047
2025-10-18 00:16:52.283,106393.49,0.00029,30.854112100000002
2025-10-18 00:16:52.654,106393.49,0.00112,119.1607088
2025-10-18 00:16:52.868,106393.49,6e-05,6.3836094
2025-10-18 00:16:52.975,106394.15,0.00214,227.68348099999997
2025-10-18 00:16:54.274,106394.15,0.003,319.18245
2025-10-18 00:16:54.705,106394.15,0.002,212.7883
2025-10-18 00:16:54.708,106394.15,0.001,106.39415
2025-10-18 00:16:54.712,106394.15,0.003,319.18245
2025-10-18 00:16:55.014,106394.15,0.00014,14.895180999999997
2025-10-18 00:16:55.046,106394.98,5e-05,5.319749
2025-10-18 00:16:55.049,106397.2,5e-05,5.31986
2025-10-18 00:16:55.052,106398.5,6e-05,6.38391
2025-10-18 00:16:55.063,106399.13,0.0003,31.919739
2025-10-18 00:16:55.073,106399.14,0.01034,1100.1671076
2025-10-18 00:16:55.075,106399.13,0.00068,72.35140840000001
2025-10-18 00:16:55.091,106399.14,0.025,2659.9785
2025-10-18 00:16:55.109,106399.14,0.003,319.19742
2025-10-18 00:16:55.116,106399.14,0.00086,91.5032604
2025-10-18 00:16:55.119,106399.22,0.028,2979.17816
2025-10-18 00:16:55.124,106400.0,0.01773,1886.472
2025-10-18 00:16:55.741,106400.0,0.00047,50.007999999999996
2025-10-18 00:16:56.162,106400.0,0.00094,100.01599999999999
2025-10-18 00:16:57.117,106399.99,0.00016,17.023998400000004
2025-10-18 00:16:57.323,106400.0,0.028,2979.2000000000003
2025-10-18 00:16:57.348,106400.0,0.028,2979.2000000000003
2025-10-18 00:16:57.411,106400.0,0.00857,911.848
2025-10-18 00:16:57.420,106400.0,0.00028,29.791999999999998
2025-10-18 00:16:57.512,106400.0,0.00092,97.888
2025-10-18 00:16:57.820,106401.54,0.03427,3646.3807758
2025-10-18 00:16:58.375,106401.54,0.01292,1374.7078967999998
2025-10-18 00:16:58.530,106402.0,0.00074,78.73748
2025-10-18 00:16:58.549,106402.0,0.00188,200.03575999999998
2025-10-18 00:16:58.582,106402.0,0.00192,204.29184
2025-10-18 00:16:58.670,106402.0,0.00011,11.704220000000001
2025-10-18 00:16:58.782,106402.0,0.00058,61.71316
2025-10-18 00:16:58.960,106401.99,0.02984,3175.0353816
2025-10-18 00:16:59.160,106402.0,0.00014,14.896279999999999
2025-10-18 00:16:59.506,106404.0,0.0029,308.5716
2025-10-18 00:16:59.509,106404.13,6e-05,6.384247800000001
2025-10-18 00:16:59.511,106409.45,0.0015,159.614175
2025-10-18 00:16:59.520,106412.0,0.028,2979.536
2025-10-18 00:16:59.575,106412.0,0.01504,1600.4364799999998
2025-10-18 00:16:59.679,106412.0,0.0094,1000.2728000000001
2025-10-18 00:16:59.681,106412.01,0.001,106.41201
2025-10-18 00:16:59.716,106413.6,0.00186,197.92929600000002
2025-10-18 00:16:59.874,106413.61,0.0022,234.10994200000002
2025-10-18 00:16:59.910,106413.62,0.00119,126.6322078
2025-10-18 00:16:59.912,106413.62,6e-05,6.3848172
2025-10-18 00:16:59.916,106413.62,0.00075,79.810215
2025-10-18 00:16:59.957,106413.65,5e-05,5.3206825
2025-10-18 00:16:59.959,106413.65,6e-05,6.384819
2025-10-18 00:16:59.995,106413.65,0.00189,201.12179849999998
2025-10-18 00:17:00.003,106414.94,0.0001,10.641494000000002
2025-10-18 00:17:00.006,106415.45,0.00154,163.87979299999998
2025-10-18 00:17:00.009,106416.0,0.00295,313.92719999999997
2025-10-18 00:17:00.012,106416.21,0.00011,11.705783100000001
2025-10-18 00:17:00.014,106416.21,0.0002,21.283242
2025-10-18 00:17:00.058,106416.2,7e-05,7.449133999999999
2025-10-18 00:17:00.081,106416.2,6e-05,6.384972
2025-10-18 00:17:00.593,106416.2,0.06371,6779.776102
2025-10-18 00:17:00.604,106416.21,0.0002,21.283242
2025-10-18 00:17:00.765,106416.2,9e-05,9.577458
2025-10-18 00:17:00.984,106416.2,0.02046,2177.275452
2025-10-18 00:17:01.057,106416.2,0.00426,453.333012
2025-10-18 00:17:01.662,106416.23,0.00033,35.1173559
2025-10-18 00:17:01.679,106418.0,0.00296,314.99728
2025-10-18 00:17:02.015,106424.5,6e-05,6.38547
2025-10-18 00:17:02.038,106427.27,0.01322,1406.9685094000001
2025-10-18 00:17:02.288,106427.26,0.00047,50.020812199999995
2025-10-18 00:17:02.352,106427.26,0.00023,24.4782698
2025-10-18 00:17:02.418,106427.26,0.00054,57.4707204
2025-10-18 00:17:02.936,106427.27,0.00015,15.9640905
2025-10-18 00:17:03.032,106427.27,0.0024,255.425448
2025-10-18 00:17:03.215,106432.18,5e-05,5.321609
2025-10-18 00:17:03.525,106434.9,0.00163,173.48888699999998
2025-10-18 00:17:03.810,106434.9,0.00026,27.673073999999996
2025-10-18 00:17:04.039,106434.9,0.00012,12.772188
2025-10-18 00:17:04.693,106434.89,0.00024,25.5443736
2025-10-18 00:17:05.539,106434.9,0.00022,23.415678
2025-10-18 00:17:05.559,106434.9,9e-05,9.579141
2025-10-18 00:17:06.208,106434.9,0.00093,98.984457
2025-10-18 00:17:06.224,106435.64,0.00015,15.965345999999998
2025-10-18 00:17:06.225,106442.25,0.03353,3569.0086424999995
2025-10-18 00:17:06.226,106454.58,5e-05,5.322729000000001
2025-10-18 00:17:06.227,106456.67,0.07989,8504.823366300001
2025-10-18 00:17:06.232,106457.53,0.00041,43.6475873
2025-10-18 00:17:06.234,106457.39,6e-05,6.3874434
2025-10-18 00:17:06.236,106457.4,9e-05,9.581166
2025-10-18 00:17:06.237,106458.09,0.00896,953.8644863999999
2025-10-18 00:17:06.240,106459.83,0.00053,56.4237099
2025-10-18 00:17:06.243,106459.6,0.0001,10.64596
2025-10-18 00:17:06.254,106459.99,0.0001,10.645999000000002
2025-10-18 00:17:06.258,106459.99,0.00035,37.260996500000005
2025-10-18 00:17:06.259,106460.0,6e-05,6.3876
2025-10-18 00:17:06.265,106460.0,0.00025,26.615000000000002
2025-10-18 00:17:06.296,106460.0,0.002,212.92000000000002
2025-10-18 00:17:06.300,106460.0,0.00939,999.6594000000001
2025-10-18 00:17:06.331,106460.0,0.0019,202.274
2025-10-18 00:17:06.338,106460.0,0.00939,999.6594000000001
2025-10-18 00:17:06.345,106460.32,0.00015,15.969047999999999
2025-10-18 00:17:06.407,106469.48,5e-05,5.323474
2025-10-18 00:17:06.438,106469.5,0.06108,6503.1570600000005
2025-10-18 00:17:06.445,106469.5,0.00828,881.5674599999999
2025-10-18 00:17:06.450,106469.5,0.00112,119.24583999999999
2025-10-18 00:17:06.451,106469.5,0.00022,23.42329
2025-10-18 00:17:06.461,106469.5,0.00281,299.179295
2025-10-18 00:17:06.529,106469.5,0.00939,999.7486050000001
2025-10-18 00:17:06.586,106469.49,8e-05,8.5175592
2025-10-18 00:17:07.012,106469.5,0.00109,116.051755
2025-10-18 00:17:07.021,106469.5,0.01504,1601.30128
2025-10-18 00:17:07.028,106469.99,0.00051,54.299694900000006
2025-10-18 00:17:07.187,106470.0,0.007,745.29
2025-10-18 00:17:07.249,106469.99,0.00104,110.7287896
2025-10-18 00:17:07.279,106470.0,0.003,319.41
2025-10-18 00:17:07.569,106470.0,0.005,532.35
2025-10-18 00:17:07.570,106470.0,0.01,1064.7
2025-10-18 00:17:07.807,106470.0,0.00125,133.0875
2025-10-18 00:17:08.915,106474.78,0.00015,15.971216999999998
2025-10-18 00:17:08.918,106479.98,6e-05,6.3887988
2025-10-18 00:17:08.958,106479.98,0.028,2981.43944
2025-10-18 00:17:09.073,106479.98,0.00281,299.2087438
2025-10-18 00:17:09.074,106479.98,0.00216,229.99675679999999
2025-10-18 00:17:09.106,106479.98,0.005,532.3999
2025-10-18 00:17:09.109,106479.98,0.00281,299.2087438
2025-10-18 00:17:09.283,106479.98,0.00265,282.171947
2025-10-18 00:17:09.521,106479.98,0.01,1064.7998
2025-10-18 00:17:10.603,106479.97,0.07029,7484.4770913
2025-10-18 00:17:10.715,106479.98,9e-05,9.5831982
2025-10-18 00:17:10.717,106479.98,7e-05,7.453598599999999
2025-10-18 00:17:10.718,106479.98,0.01202,1279.8893595999998
2025-10-18 00:17:10.727,106479.98,0.00011,11.7127978
2025-10-18 00:17:10.730,106479.98,0.00033,35.1383934
2025-10-18 00:17:10.731,106479.98,0.0007,74.535986
2025-10-18 00:17:10.735,106479.98,0.00012,12.7775976
2025-10-18 00:17:10.737,106479.97,8e-05,8.5183976
2025-10-18 00:17:10.742,106479.98,9e-05,9.5831982
2025-10-18 00:17:10.802,106479.98,0.00022,23.4255956
2025-10-18 00:17:10.806,106479.98,9e-05,9.5831982
2025-10-18 00:17:10.809,106479.98,0.00014,14.907197199999999
2025-10-18 00:17:10.813,106479.98,0.00225,239.57995499999998
2025-10-18 00:17:10.815,106479.98,9e-05,9.5831982
2025-10-18 00:17:10.822,106479.98,9e-05,9.5831982
2025-10-18 00:17:10.823,106479.98,7e-05,7.453598599999999
2025-10-18 00:17:10.825,106479.98,0.00011,11.7127978
2025-10-18 00:17:10.826,106479.98,0.00093,99.0263814
2025-10-18 00:17:10.828,106479.98,9e-05,9.5831982
2025-10-18 00:17:10.830,106479.98,7e-05,7.453598599999999
2025-10-18 00:17:10.833,106479.98,0.00022,23.4255956
2025-10-18 00:17:10.834,106479.98,0.00018,19.1663964
2025-10-18 00:17:10.835,106479.98,9e-05,9.5831982
2025-10-18 00:17:10.841,106479.98,9e-05,9.5831982
2025-10-18 00:17:10.847,106479.98,0.00018,19.1663964
2025-10-18 00:17:10.848,106479.98,9e-05,9.5831982
2025-10-18 00:17:10.849,106479.98,0.00014,14.907197199999999
2025-10-18 00:17:10.858,106479.98,0.00187,199.11756259999999
2025-10-18 00:17:10.928,106479.98,0.00014,14.907197199999999
2025-10-18 00:17:10.931,106479.98,9e-05,9.5831982
2025-10-18 00:17:10.937,106479.98,7e-05,7.453598599999999
2025-10-18 00:17:10.938,106479.98,0.0014,149.071972
2025-10-18 00:17:10.944,106479.98,9e-05,9.5831982
2025-10-18 00:17:10.946,106479.98,7e-05,7.453598599999999
2025-10-18 00:17:11.275,106479.98,0.0003,31.943993999999996
2025-10-18 00:17:11.520,106479.98,0.38894,41414.3234212
2025-10-18 00:17:11.885,106479.98,0.02649,2820.6546702
2025-10-18 00:17:12.524,106479.98,0.00012,12.7775976
2025-10-18 00:17:13.078,106479.98,0.00019,20.2311962
2025-10-18 00:17:13.230,106479.98,0.00685,729.387863
2025-10-18 00:17:13.268,106479.98,0.00159,169.3031682
2025-10-18 00:17:13.289,106480.06,0.0001,10.648006
2025-10-18 00:17:13.314,106480.61,0.00157,167.1745577
2025-10-18 00:17:13.315,106480.61,0.00085,90.5085185
2025-10-18 00:17:13.337,106484.24,0.0001,10.648424
2025-10-18 00:17:13.347,106488.0,0.00025,26.622
2025-10-18 00:17:13.669,106488.0,0.00088,93.70944
2025-10-18 00:17:13.743,106488.0,0.00289,307.75032000000004
2025-10-18 00:17:13.745,106488.01,0.00115,122.46121149999999
2025-10-18 00:17:13.749,106489.5,0.00066,70.28307
2025-10-18 00:17:13.845,106489.5,0.00191,203.394945
2025-10-18 00:17:14.028,106490.62,0.00063,67.0890906
2025-10-18 00:17:14.286,106490.62,0.01309,1393.9622158
2025-10-18 00:17:14.314,106490.61,0.00047,50.0505867
2025-10-18 00:17:14.432,106490.62,0.00145,154.411399
2025-10-18 00:17:15.474,106490.62,0.00938,998.8820155999999
2025-10-18 00:17:15.776,106490.61,0.05012,5337.3093732
2025-10-18 00:17:15.786,106490.61,0.00789,840.2109128999999
2025-10-18 00:17:15.852,106490.62,0.00012,12.7788744
2025-10-18 00:17:16.766,106490.61,8e-05,8.519248800000002
2025-10-18 00:17:17.624,106490.61,0.00025,26.6226525
2025-10-18 00:17:18.903,106490.62,0.00012,12.7788744
2025-10-18 00:17:19.061,106490.62,0.00063,67.0890906
2025-10-18 00:17:19.968,106490.61,0.001,106.49061
2025-10-18 00:17:20.439,106490.62,0.00897,955.2208614
2025-10-18 00:17:20.579,106490.61,0.05928,6312.7633608
2025-10-18 00:17:20.941,106490.62,2.0,212981.24
2025-10-18 00:17:22.154,106490.62,0.00012,12.7788744
2025-10-18 00:17:22.432,106490.61,0.0001,10.649061000000001
2025-10-18 00:17:22.584,106490.62,0.0003,31.947185999999995
2025-10-18 00:17:22.992,106490.61,7e-05,7.4543427
2025-10-18 00:17:23.604,106490.62,4e-05,4.2596248
2025-10-18 00:17:23.917,106490.62,0.00657,699.6433734
2025-10-18 00:17:23.962,106490.62,0.0001,10.649062
2025-10-18 00:17:24.086,106490.61,0.013,1384.3779299999999
2025-10-18 00:17:24.087,106490.61,0.013,1384.3779299999999
2025-10-18 00:17:24.115,106490.61,0.04361,4644.0555021
2025-10-18 00:17:24.118,106487.99,6e-05,6.3892794
2025-10-18 00:17:24.220,106487.99,0.026,2768.68774
2025-10-18 00:17:24.445,106488.0,0.0031,330.1128
2025-10-18 00:17:24.532,106488.0,0.00024,25.55712
2025-10-18 00:17:24.840,106488.0,0.00253,269.41464
2025-10-18 00:17:25.465,106487.99,0.0063,670.8743370000001
2025-10-18 00:17:25.466,106487.99,0.1518,16164.876882
2025-10-18 00:17:25.469,106487.99,0.013,1384.34387
2025-10-18 00:17:25.470,106487.99,0.013,1384.34387
2025-10-18 00:17:25.471,106487.99,0.013,1384.34387
2025-10-18 00:17:25.525,106487.98,0.03506,3733.4685788
2025-10-18 00:17:25.527,106485.85,0.0001,10.648585
2025-10-18 00:17:25.530,106484.23,0.00711,757.1028752999999
2025-10-18 00:17:25.563,106480.08,5e-05,5.324004
2025-10-18 00:17:25.573,106473.74,0.00789,840.0778086
2025-10-18 00:17:25.585,106473.74,0.04394,4678.4561356
2025-10-18 00:17:25.849,106473.74,0.00047,50.0426578
2025-10-18 00:17:26.360,106473.74,0.01987,2115.6332138
2025-10-18 00:17:26.558,106473.74,8e-05,8.5178992
2025-10-18 00:17:26.652,106473.75,0.00951,1012.5653624999999
2025-10-18 00:17:27.205,106473.74,0.00078,83.0495172
2025-10-18 00:17:27.256,106473.75,0.00616,655.8783
2025-10-18 00:17:27.340,106473.75,0.00597,635.6482874999999
2025-10-18 00:17:27.538,106473.75,0.00019,20.2300125
2025-10-18 00:17:28.049,106473.75,0.00155,165.0343125
2025-10-18 00:17:28.513,106473.74,0.00016,17.0357984
2025-10-18 00:17:28.735,106473.75,0.0004,42.5895
2025-10-18 00:17:28.915,106473.75,8e-05,8.517900000000001
2025-10-18 00:17:30.518,106473.75,0.00094,100.085325
2025-10-18 00:17:31.453,106480.0,5e-05,5.324
2025-10-18 00:17:31.481,106484.4,0.00033,35.139852
2025-10-18 00:17:31.513,106484.4,0.028,2981.5632
2025-10-18 00:17:31.517,106484.4,0.028,2981.5632
2025-10-18 00:17:31.544,106484.4,0.028,2981.5632
2025-10-18 00:17:32.550,106484.39,0.00272,289.6375408
2025-10-18 00:17:33.047,106484.4,0.00025,26.6211
2025-10-18 00:17:33.262,106484.4,0.00052,55.37188799999999
2025-10-18 00:17:33.518,106484.4,0.0006,63.89063999999999
2025-10-18 00:17:33.873,106484.4,0.00258,274.72975199999996
2025-10-18 00:17:34.909,106484.4,0.00013,13.842971999999998
2025-10-18 00:17:35.580,106484.39,0.06001,6390.1282439
2025-10-18 00:17:36.010,106484.4,0.028,2981.5632
2025-10-18 00:17:36.020,106484.4,0.028,2981.5632
2025-10-18 00:17:36.022,106484.4,0.028,2981.5632
2025-10-18 00:17:36.578,106484.39,6e-05,6.3890634
2025-10-18 00:17:38.441,106484.4,4e-05,4.2593760000000005
2025-10-18 00:17:38.723,106484.39,0.00323,343.94457969999996
2025-10-18 00:17:38.986,106484.4,7e-05,7.453907999999999
2025-10-18 00:17:39.957,106484.4,0.00266,283.24850399999997
2025-10-18 00:17:40.589,106484.39,0.07135,7597.661226499999
2025-10-18 00:17:40.869,106484.39,0.00187,199.1258093
2025-10-18 00:17:40.929,106484.4,0.00013,13.842971999999998
2025-10-18 00:17:40.968,106484.4,0.00019,20.232036
2025-10-18 00:17:41.345,106484.39,0.00075,79.8632925
2025-10-18 00:17:41.588,106484.4,6e-05,6.389063999999999
2025-10-18 00:17:41.700,106484.4,0.01078,1147.901832
2025-10-18 00:17:42.020,106484.39,0.00014,14.907814599999998
2025-10-18 00:17:42.032,106484.4,0.00014,14.907815999999999
2025-10-18 00:17:42.756,106484.39,0.00012,12.7781268
2025-10-18 00:17:42.773,106484.4,0.00073,77.733612
2025-10-18 00:17:43.026,106484.39,0.00039,41.5289121
2025-10-18 00:17:43.524,106484.4,7e-05,7.453907999999999
2025-10-18 00:17:44.180,106484.4,0.00025,26.6211
2025-10-18 00:17:44.643,106484.4,0.0003,31.945319999999995
2025-10-18 00:17:44.773,106484.4,0.00347,369.50086799999997
2025-10-18 00:17:45.033,106484.39,0.00563,599.5071157
2025-10-18 00:17:45.101,106484.39,8e-05,8.5187512
2025-10-18 00:17:45.212,106484.4,0.00599,637.841556
2025-10-18 00:17:45.489,106484.4,0.00742,790.114248
2025-10-18 00:17:45.951,106484.4,0.003,319.4532
2025-10-18 00:17:45.952,106484.39,0.00019,20.2320341
2025-10-18 00:17:45.977,106484.4,0.002,212.9688
2025-10-18 00:17:46.156,106484.4,0.001,106.4844
2025-10-18 00:17:46.175,106484.39,0.00011,11.713282900000001
2025-10-18 00:17:46.266,106484.4,0.022,2342.6567999999997
2025-10-18 00:17:46.267,106484.4,0.007,745.3908
2025-10-18 00:17:46.421,106484.4,0.01,1064.844
2025-10-18 00:17:46.885,106484.4,0.01,1064.844
2025-10-18 00:17:46.903,106484.4,0.002,212.9688
2025-10-18 00:17:47.009,106484.4,0.001,106.4844
2025-10-18 00:17:47.013,106484.4,0.01287,1370.4542279999998
2025-10-18 00:17:47.877,106484.39,0.00018,19.1671902
2025-10-18 00:17:48.176,106484.4,0.00184,195.931296
2025-10-18 00:17:49.355,106484.4,0.04918,5236.902792
2025-10-18 00:17:49.918,106484.4,9e-05,9.583596
2025-10-18 00:17:50.109,106484.4,0.0024,255.56255999999996
2025-10-18 00:17:50.327,106484.39,0.00026,27.685941399999997
2025-10-18 00:17:50.409,106484.4,0.00124,132.04065599999998
2025-10-18 00:17:50.589,106484.39,0.05747,6119.6578933
2025-10-18 00:17:50.829,106484.4,0.02817,2999.665548
2025-10-18 00:17:50.901,106484.39,0.00024,25.5562536
2025-10-18 00:17:50.949,106484.4,0.00472,502.606368
2025-10-18 00:17:51.424,106484.39,0.00049,52.177351099999996
2025-10-18 00:17:51.680,106484.39,0.00036,38.3343804
2025-10-18 00:17:51.926,106484.4,0.0047,500.47668
2025-10-18 00:17:52.021,106484.39,0.00025,26.6210975
2025-10-18 00:17:52.217,106484.4,0.0002,21.29688
2025-10-18 00:17:54.283,106484.4,6e-05,6.389063999999999
2025-10-18 00:17:54.701,106484.39,0.00028,29.815629199999997
2025-10-18 00:17:55.284,106484.39,0.00019,20.2320341
2025-10-18 00:17:55.391,106484.4,0.00448,477.05011199999996
2025-10-18 00:17:55.598,106484.39,0.05547,5906.6891133
2025-10-18 00:17:55.736,106484.39,0.00091,96.9007949
2025-10-18 00:17:56.008,106484.4,0.01,1064.844
2025-10-18 00:17:56.379,106484.39,8e-05,8.5187512
2025-10-18 00:17:56.664,106484.4,0.00071,75.60392399999999
2025-10-18 00:17:57.574,106484.4,9e-05,9.583596
2025-10-18 00:17:57.577,106484.4,0.03048,3245.644512
2025-10-18 00:17:57.678,106484.4,0.00093,99.030492
2025-10-18 00:17:57.827,106484.4,0.00318,338.620392
2025-10-18 00:17:57.885,106484.4,0.00188,200.19067199999998
2025-10-18 00:17:58.001,106484.39,0.00048,51.1125072
2025-10-18 00:17:58.143,106484.39,0.00019,20.2320341
2025-10-18 00:17:59.040,106484.39,0.00198,210.8390922
2025-10-18 00:17:59.442,106484.4,0.00129,137.36487599999998
2025-10-18 00:17:59.494,106484.4,4e-05,4.2593760000000005
2025-10-18 00:17:59.804,106484.39,0.21097,22465.0117583
2025-10-18 00:17:59.812,106484.39,0.06377,6790.509550299999
2025-10-18 00:17:59.813,106484.39,0.07708,8207.8167812
2025-10-18 00:17:59.815,106484.39,0.03199,3406.4356360999996
2025-10-18 00:17:59.819,106483.34,0.00085,90.51083899999999
2025-10-18 00:17:59.820,106482.8,0.02817,2999.620476
2025-10-18 00:17:59.824,106482.8,0.013,1384.2764
2025-10-18 00:17:59.825,106482.8,0.013,1384.2764
2025-10-18 00:17:59.826,106482.8,0.18638,19846.264264
2025-10-18 00:17:59.831,106482.79,0.0016,170.372464
2025-10-18 00:17:59.835,106478.7,0.00015,15.971804999999998
2025-10-18 00:17:59.840,106478.01,0.00664,707.0139864
2025-10-18 00:17:59.843,106474.37,5e-05,5.3237185
2025-10-18 00:17:59.847,106473.82,0.0007,74.53167400000001
2025-10-18 00:17:59.850,106471.27,8e-05,8.5177016
2025-10-18 00:17:59.851,106470.18,9e-05,9.5823162
2025-10-18 00:17:59.853,106470.18,0.00519,552.5802342
2025-10-18 00:17:59.888,106470.18,0.04857,5171.2566426
2025-10-18 00:17:59.889,106470.11,0.0001,10.647011000000001
2025-10-18 00:17:59.890,106470.07,0.00015,15.9705105
2025-10-18 00:17:59.892,106469.13,0.32895,35023.020313500005
2025-10-18 00:17:59.896,106465.92,0.00216,229.96638719999999
2025-10-18 00:17:59.901,106465.93,0.02,2129.3186
2025-10-18 00:18:00.388,106465.93,0.0369,3928.592817
2025-10-18 00:18:00.588,106465.92,0.05684,6051.5228928
2025-10-18 00:18:01.306,106465.93,0.02932,3121.5810675999996
2025-10-18 00:18:01.581,106465.92,9e-05,9.5819328
2025-10-18 00:18:01.748,106465.92,0.00567,603.6617663999999
2025-10-18 00:18:02.338,106465.92,0.00187,199.09127039999998
2025-10-18 00:18:02.518,106465.93,0.02025,2155.9350825
2025-10-18 00:18:03.055,106465.92,0.00752,800.6237183999999
2025-10-18 00:18:03.315,106458.48,0.15024,15994.3220352
2025-10-18 00:18:03.368,106458.47,0.00017,18.0979399
2025-10-18 00:18:03.482,106458.47,0.006,638.75082
2025-10-18 00:18:03.483,106458.47,0.006,638.75082
2025-10-18 00:18:04.501,106455.28,0.00146,155.4247088
2025-10-18 00:18:04.553,106455.28,0.001,106.45528
2025-10-18 00:18:04.556,106455.28,0.001,106.45528
2025-10-18 00:18:04.604,106455.28,0.00109,116.0362552
2025-10-18 00:18:04.615,106450.86,5e-05,5.3225430000000005
2025-10-18 00:18:05.385,106447.89,0.00055,58.5463395
2025-10-18 00:18:06.496,106447.88,0.01503,1599.9116364000001
2025-10-18 00:18:06.651,106442.25,0.00215,228.8508375
2025-10-18 00:18:06.823,106442.25,0.01503,1599.8270175
2025-10-18 00:18:06.987,106442.25,0.01503,1599.8270175
2025-10-18 00:18:07.133,106442.25,0.00216,229.91526
2025-10-18 00:18:07.143,106442.25,0.00752,800.4457199999999
2025-10-18 00:18:07.197,106442.25,0.00751,799.3812975000001
2025-10-18 00:18:07.581,106442.25,0.04965,5284.8577125
2025-10-18 00:18:07.683,106442.26,8e-05,8.5153808
2025-10-18 00:18:07.759,106442.26,0.0181,1926.604906
2025-10-18 00:18:07.818,106442.26,0.00029,30.8682554
2025-10-18 00:18:08.112,106442.26,0.0023,244.817198
2025-10-18 00:18:08.517,106442.26,9e-05,9.5798034
2025-10-18 00:18:09.153,106442.26,0.00033,35.1259458
2025-10-18 00:18:09.218,106442.26,0.00011,11.7086486
2025-10-18 00:18:09.243,106442.26,0.00045,47.89901699999999
2025-10-18 00:18:09.246,106442.26,0.00029,30.8682554
2025-10-18 00:18:09.938,106442.25,0.00072,76.63842000000001
2025-10-18 00:18:10.168,106442.26,0.00537,571.5949361999999
2025-10-18 00:18:10.594,106442.25,0.05391,5738.3016975
2025-10-18 00:18:10.775,106442.25,0.00191,203.3046975
2025-10-18 00:18:11.577,106442.26,0.02134,2271.4778284
2025-10-18 00:18:11.804,106442.25,0.00392,417.25362
2025-10-18 00:18:12.040,106442.26,0.00061,64.92977859999999
2025-10-18 00:18:12.215,106438.0,0.00581,618.40478
2025-10-18 00:18:12.888,106437.18,0.01,1064.3718
2025-10-18 00:18:13.410,106437.18,8e-05,8.5149744
2025-10-18 00:18:13.672,106437.18,0.00082,87.27848759999999
2025-10-18 00:18:14.413,106437.18,0.00256,272.4791808
2025-10-18 00:18:14.836,106437.18,0.00051,54.2829618
2025-10-18 00:18:15.595,106437.17,0.06664,7092.973008800001
2025-10-18 00:18:15.785,106437.18,0.00897,954.7415046
2025-10-18 00:18:16.032,106437.18,0.00076,80.8922568
2025-10-18 00:18:16.115,106434.0,0.00215,228.8331
2025-10-18 00:18:16.133,106430.86,0.00046,48.9581956
2025-10-18 00:18:16.782,106430.79,0.0001,10.643079
2025-10-18 00:18:16.792,106430.48,0.01074,1143.0633552
2025-10-18 00:18:16.823,106430.48,0.00274,291.61951519999997
2025-10-18 00:18:17.015,106430.47,0.00267,284.16935490000003
2025-10-18 00:18:17.027,106430.46,0.00247,262.8832362
2025-10-18 00:18:17.157,106430.01,0.01,1064.3001
2025-10-18 00:18:17.540,106430.01,0.00024,25.5432024
2025-10-18 00:18:17.632,106430.01,0.00047,50.02210469999999
2025-10-18 00:18:17.766,106430.0,0.02703,2876.8028999999997
2025-10-18 00:18:17.768,106429.41,0.0001,10.642941
2025-10-18 00:18:17.783,106429.38,0.00215,228.823167
2025-10-18 00:18:17.914,106428.0,0.00398,423.58344
2025-10-18 00:18:17.915,106427.99,0.00015,15.9641985
2025-10-18 00:18:17.916,106427.23,5e-05,5.3213615
2025-10-18 00:18:17.921,106426.99,0.0014,148.99778600000002
2025-10-18 00:18:17.922,106422.01,0.0001,10.642201
2025-10-18 00:18:18.040,106422.01,0.0001,10.642201
2025-10-18 00:18:18.048,106422.01,0.00015,15.963301499999998
2025-10-18 00:18:18.191,106422.01,0.0001,10.642201
2025-10-18 00:18:18.210,106422.01,0.00019,20.2201819
2025-10-18 00:18:18.317,106422.01,7e-05,7.449540699999999
2025-10-18 00:18:18.418,106415.94,0.003,319.24782
2025-10-18 00:18:18.498,106413.64,0.00541,575.6977924
2025-10-18 00:18:18.517,106413.64,0.00029,30.8599556
2025-10-18 00:18:18.576,106413.63,0.01503,1599.3968589
2025-10-18 00:18:18.994,106413.64,0.00033,35.1165012
2025-10-18 00:18:19.018,106413.64,0.00057,60.655774799999996
2025-10-18 00:18:19.021,106413.64,0.00094,100.0288216
2025-10-18 00:18:19.118,106413.64,0.00012,12.7696368
2025-10-18 00:18:19.132,106413.64,0.00013,13.8337732
2025-10-18 00:18:19.168,106413.64,0.00047,50.0144108
2025-10-18 00:18:19.282,106413.64,0.0001,10.641364000000001
2025-10-18 00:18:19.532,106413.64,0.0001,10.641364000000001
2025-10-18 00:18:19.625,106413.64,0.00011,11.7055004
2025-10-18 00:18:19.822,106413.63,0.09931,10567.9375953
2025-10-18 00:18:19.899,106413.64,0.0003,31.924091999999998
2025-10-18 00:18:19.987,106413.63,7e-05,7.4489541
2025-10-18 00:18:20.024,106413.63,0.03255,3463.7636565000003
2025-10-18 00:18:20.090,106413.64,0.00026,27.6675464
2025-10-18 00:18:20.148,106413.64,0.0004,42.565456000000005
2025-10-18 00:18:20.165,106413.64,0.0019,202.185916
2025-10-18 00:18:20.524,106413.63,9e-05,9.5772267
2025-10-18 00:18:20.581,106413.63,0.06041,6428.4473883
2025-10-18 00:18:20.645,106413.64,0.00073,77.6819572
2025-10-18 00:18:20.941,106413.63,0.01886,2006.9610618
2025-10-18 00:18:22.148,106413.64,0.01,1064.1364
2025-10-18 00:18:22.543,106413.64,0.00021,22.3468644
2025-10-18 00:18:22.754,106413.63,0.00397,422.46211109999996
2025-10-18 00:18:23.110,106413.63,0.00029,30.8599527
2025-10-18 00:18:23.133,106413.63,0.00039,41.5013157
2025-10-18 00:18:23.276,106413.63,0.00014,14.8979082
2025-10-18 00:18:24.037,106413.64,0.00056,59.591638399999994
2025-10-18 00:18:24.591,106413.64,9e-05,9.5772276
2025-10-18 00:18:25.311,106413.64,0.04,4256.5456
2025-10-18 00:18:25.357,106413.63,9e-05,9.5772267
2025-10-18 00:18:25.492,106413.63,5e-05,5.3206815
2025-10-18 00:18:25.582,106413.64,0.00047,50.0144108
2025-10-18 00:18:25.720,106413.64,0.00017,18.090318800000002
2025-10-18 00:18:25.762,106413.64,0.00024,25.5392736
2025-10-18 00:18:25.831,106413.64,0.06,6384.8184
2025-10-18 00:18:26.619,106413.63,0.08037,8552.4634431
2025-10-18 00:18:26.714,106413.64,0.382,40650.01048
2025-10-18 00:18:26.715,106413.99,0.00146,155.3644254
2025-10-18 00:18:26.721,106416.46,0.0007,74.491522
2025-10-18 00:18:26.724,106416.47,0.00085,90.4539995
2025-10-18 00:18:26.725,106416.46,5e-05,5.320823000000001
2025-10-18 00:18:26.739,106418.11,0.00025,26.6045275
2025-10-18 00:18:26.747,106421.05,5e-05,5.3210525
2025-10-18 00:18:26.829,106420.02,0.0017,180.914034
2025-10-18 00:18:26.941,106420.03,0.00215,228.8030645
2025-10-18 00:18:26.944,106420.04,0.12999,13833.540999599998
2025-10-18 00:18:26.946,106420.04,0.00045,47.88901799999999
2025-10-18 00:18:26.949,106420.04,0.00115,122.383046
2025-10-18 00:18:26.952,106420.05,0.10402,11069.813601
2025-10-18 00:18:26.967,106420.05,0.0013,138.346065
2025-10-18 00:18:27.315,106428.5,5e-05,5.3214250000000005
2025-10-18 00:18:27.488,106433.0,0.03631,3864.5822300000004
2025-10-18 00:18:28.732,106432.99,0.00353,375.70845470000006
2025-10-18 00:18:29.413,106432.99,0.00039,41.5088661
2025-10-18 00:18:30.033,106433.0,0.01,1064.33
2025-10-18 00:18:30.293,106433.0,0.00108,114.94764
2025-10-18 00:18:30.382,106432.99,0.0088,936.6103120000001
2025-10-18 00:18:30.585,106433.0,0.00094,100.04702
2025-10-18 00:18:32.750,106432.99,0.00627,667.3348473000001
2025-10-18 00:18:32.785,106433.0,0.0011,117.0763
2025-10-18 00:18:33.291,106433.0,0.00171,182.00043
2025-10-18 00:18:33.844,106433.0,0.00378,402.31674
2025-10-18 00:18:34.220,106433.0,0.00345,367.19385
2025-10-18 00:18:35.273,106433.0,4e-05,4.25732
2025-10-18 00:18:35.518,106432.99,0.00063,67.0527837
2025-10-18 00:18:35.580,106432.99,0.05543,5899.5806357
2025-10-18 00:18:35.739,106433.0,9e-05,9.57897
2025-10-18 00:18:36.344,106432.99,0.00011,11.707628900000001
2025-10-18 00:18:36.379,106432.99,0.00773,822.7270127
2025-10-18 00:18:36.418,106433.0,0.00117,124.52661
2025-10-18 00:18:36.971,106433.0,0.00102,108.56166
2025-10-18 00:18:39.034,106432.99,0.00072,76.63175280000002
2025-10-18 00:18:39.418,106433.0,0.00016,17.02928
2025-10-18 00:18:39.863,106432.99,0.06893,7336.426000700001
2025-10-18 00:18:40.369,106432.99,0.00951,1012.1777349
2025-10-18 00:18:40.591,106432.99,0.06161,6557.3365139
2025-10-18 00:18:40.950,106433.0,0.00042,44.70186
2025-10-18 00:18:40.975,106432.99,0.40028,42602.997237200005
2025-10-18 00:18:41.025,106432.99,0.0002,21.286598
2025-10-18 00:18:41.059,106433.0,0.00065,69.18145
2025-10-18 00:18:41.178,106432.99,5e-05,5.3216495
2025-10-18 00:18:41.577,106432.99,6e-05,6.3859794
2025-10-18 00:18:42.349,106432.99,0.00773,822.7270127
2025-10-18 00:18:43.192,106433.0,0.0005,53.2165
2025-10-18 00:18:43.818,106433.0,0.00047,50.02351
2025-10-18 00:18:44.924,106433.0,0.00189,201.15837
2025-10-18 00:18:45.132,106432.99,0.005,532.1649500000001
2025-10-18 00:18:45.749,106433.0,0.00301,320.36333
2025-10-18 00:18:45.809,106432.99,0.00054,57.473814600000004
2025-10-18 00:18:46.193,106433.0,0.00834,887.65122
2025-10-18 00:18:46.682,106432.99,0.00295,313.9773205
2025-10-18 00:18:47.002,106432.99,0.02284,2430.9294916
2025-10-18 00:18:47.639,106433.0,9e-05,9.57897
2025-10-18 00:18:48.218,106432.99,9e-05,9.578969100000002
2025-10-18 00:18:49.033,106433.0,0.00011,11.70763
2025-10-18 00:18:49.582,106432.99,0.13237,14088.5348863
2025-10-18 00:18:49.587,106429.35,0.00015,15.9644025
2025-10-18 00:18:49.605,106429.06,0.00155,164.96504299999998
2025-10-18 00:18:49.613,106424.5,6e-05,6.38547
2025-10-18 00:18:49.617,106423.32,0.34552,36771.3855264
2025-10-18 00:18:49.622,106423.32,0.001,106.42332
2025-10-18 00:18:49.627,106423.32,0.0003,31.926996
2025-10-18 00:18:49.651,106422.36,0.00015,15.963353999999999
2025-10-18 00:18:49.785,106422.36,0.00075,79.81677
2025-10-18 00:18:50.100,106422.35,0.0517,5502.035495000001
2025-10-18 00:18:50.515,106414.87,0.00015,15.962230499999999
2025-10-18 00:18:50.588,106414.86,0.05825,6198.665595
2025-10-18 00:18:50.957,106414.86,0.01739,1850.5544154
2025-10-18 00:18:52.001,106414.87,7e-05,7.449040899999999
2025-10-18 00:18:52.865,106414.87,0.00056,59.59232719999999
2025-10-18 00:18:54.195,106414.86,0.02814,2994.5141604
2025-10-18 00:18:54.801,106414.86,0.0152,1617.505872
2025-10-18 00:18:54.877,106414.87,9e-05,9.577338300000001
2025-10-18 00:18:55.468,106414.87,0.00038,40.4376506
2025-10-18 00:18:55.588,106414.86,0.05409,5755.9797774
2025-10-18 00:18:56.512,106414.87,8e-05,8.5131896
2025-10-18 00:18:56.688,106414.87,0.00093,98.96582910000001
2025-10-18 00:18:56.732,106414.87,0.0056,595.923272
2025-10-18 00:18:56.981,106414.87,0.00035,37.2452045
2025-10-18 00:18:57.198,106414.86,0.00013,13.833931799999998
2025-10-18 00:18:57.559,106414.87,0.001,106.41487
2025-10-18 00:18:57.697,106414.87,0.023,2447.5420099999997
2025-10-18 00:18:57.712,106414.86,0.00043,45.758389799999996
2025-10-18 00:18:57.715,106422.83,0.00015,15.963424499999999
2025-10-18 00:18:57.729,106422.83,0.00922,981.2184926000001
2025-10-18 00:18:59.341,106422.84,0.0001,10.642284
2025-10-18 00:18:59.815,106424.5,6e-05,6.38547
2025-10-18 00:19:00.043,106426.69,0.00031,32.9922739
2025-10-18 00:19:00.128,106426.7,0.00023,24.478141
2025-10-18 00:19:00.220,106426.69,0.00215,228.8173835
2025-10-18 00:19:00.315,106432.22,5e-05,5.321611
2025-10-18 00:19:01.059,106432.95,0.01242,1321.8972390000001
2025-10-18 00:19:01.201,106432.95,0.0001,10.643295
2025-10-18 00:19:01.346,106432.95,6e-05,6.385977
2025-10-18 00:19:01.582,106432.94,0.0001,10.643294000000001
2025-10-18 00:19:01.773,106432.95,0.001,106.43295
2025-10-18 00:19:02.193,106432.94,8e-05,8.5146352
2025-10-18 00:19:02.218,106432.95,0.00053,56.409463499999994
2025-10-18 00:19:02.344,106432.95,0.00077,81.95337149999999
2025-10-18 00:19:02.459,106432.94,0.00522,555.5799468
2025-10-18 00:19:02.929,106432.95,0.01,1064.3295
2025-10-18 00:19:02.977,106432.95,0.00853,907.8730635
2025-10-18 00:19:03.188,106432.94,0.00318,338.4567492
2025-10-18 00:19:04.023,106432.95,0.00013,13.836283499999999
2025-10-18 00:19:04.608,106432.95,0.009,957.8965499999999
2025-10-18 00:19:04.631,106432.95,0.00256,272.46835200000004
2025-10-18 00:19:04.706,106432.95,0.00026,27.672566999999997
2025-10-18 00:19:05.597,106432.94,0.06365,6774.456631
2025-10-18 00:19:07.577,106432.94,0.04,4257.3176
2025-10-18 00:19:07.822,106432.94,0.00097,103.23995180000001
2025-10-18 00:19:08.179,106432.94,0.013,1383.62822
2025-10-18 00:19:08.180,106432.94,0.013,1383.62822
2025-10-18 00:19:08.216,106432.19,0.00015,15.9648285
2025-10-18 00:19:08.233,106432.19,0.00093,98.9819367
2025-10-18 00:19:08.475,106432.18,0.00024,25.5437232
2025-10-18 00:19:09.014,106432.18,0.00043,45.765837399999995
2025-10-18 00:19:09.200,106432.18,0.0001,10.643218
2025-10-18 00:19:09.348,106432.18,0.00086,91.53167479999999
2025-10-18 00:19:10.981,106432.19,0.00037,39.3799103
2025-10-18 00:19:11.042,106432.18,0.00882,938.7318275999999
2025-10-18 00:19:11.082,106432.19,0.0005,53.216095
2025-10-18 00:19:11.215,106426.04,5e-05,5.321302
2025-10-18 00:19:12.131,106425.99,9e-05,9.5783391
2025-10-18 00:19:12.509,106425.99,0.00047,50.020215300000004
2025-10-18 00:19:12.691,106425.99,0.00025,26.606497500000003
2025-10-18 00:19:13.084,106425.98,9e-05,9.578338200000001
2025-10-18 00:19:13.203,106425.98,0.0001,10.642598
2025-10-18 00:19:13.315,106430.44,5e-05,5.321522000000001
2025-10-18 00:19:13.367,106432.17,0.028,2980.10076
2025-10-18 00:19:14.620,106432.16,0.2257,24021.738512000004
2025-10-18 00:19:14.675,106432.16,0.00226,240.53668159999998
2025-10-18 00:19:14.801,106432.17,0.00016,17.0291472
2025-10-18 00:19:15.594,106432.16,0.05997,6382.736635200001
2025-10-18 00:19:15.974,106432.17,0.02189,2329.8002013
2025-10-18 00:19:16.362,106432.16,5e-05,5.321608
2025-10-18 00:19:16.992,106432.16,0.01194,1270.7999904
2025-10-18 00:19:18.087,106432.16,5e-05,5.321608
2025-10-18 00:19:18.369,106432.17,0.00017,18.0934689
2025-10-18 00:19:18.438,106432.17,0.00093,98.9819181
2025-10-18 00:19:19.321,106432.17,0.0001,10.643217
2025-10-18 00:19:19.423,106432.16,0.0001,10.643216
2025-10-18 00:19:19.652,106432.16,0.03309,3521.8401744000003
2025-10-18 00:19:19.841,106432.17,0.00019,20.2221123
2025-10-18 00:19:19.910,106432.16,0.00075,79.82412000000001
2025-10-18 00:19:20.580,106432.16,0.04821,5131.0944336
2025-10-18 00:19:20.662,106432.17,0.00345,367.1909865
2025-10-18 00:19:21.085,106432.17,0.00662,704.5809654
2025-10-18 00:19:21.100,106432.34,0.0011,117.075574
2025-10-18 00:19:21.102,106432.95,0.00155,164.9710725
2025-10-18 00:19:21.119,106432.96,0.00019,20.2222624
2025-10-18 00:19:21.141,106432.96,0.0329,3501.644384
2025-10-18 00:19:21.144,106433.66,5e-05,5.321683
2025-10-18 00:19:21.145,106437.18,0.01974,2101.0699332
2025-10-18 00:19:21.150,106437.18,0.05555,5912.585349
2025-10-18 00:19:21.151,106437.18,0.20671,22001.629477799997
2025-10-18 00:19:21.154,106437.18,0.46599,49598.6615082
2025-10-18 00:19:21.155,106437.19,0.0008,85.149752
2025-10-18 00:19:21.157,106437.18,0.0012,127.72461599999998
2025-10-18 00:19:21.158,106438.8,0.00015,15.965819999999999
2025-10-18 00:19:21.159,106439.67,5e-05,5.3219835
2025-10-18 00:19:21.163,106440.0,5e-05,5.322
2025-10-18 00:19:21.165,106442.26,0.00849,903.6947873999999
2025-10-18 00:19:21.212,106442.26,0.028,2980.38328
2025-10-18 00:19:21.213,106442.26,0.00087,92.6047662
2025-10-18 00:19:21.214,106442.81,0.00762,811.0942122
2025-10-18 00:19:21.236,106447.89,0.00015,15.967183499999999
2025-10-18 00:19:21.537,106447.9,0.00469,499.24065099999996
2025-10-18 00:19:21.659,106447.9,0.00218,232.056422
2025-10-18 00:19:21.931,106447.91,0.00093,98.99655630000001
2025-10-18 00:19:22.750,106447.91,0.00062,65.9977042
2025-10-18 00:19:23.132,106447.9,0.11,11709.269
2025-10-18 00:19:23.576,106447.91,7e-05,7.451353699999999
2025-10-18 00:19:24.684,106447.9,0.0494,5258.52626
2025-10-18 00:19:25.285,106447.91,0.00019,20.225102900000003
2025-10-18 00:19:27.153,106447.9,0.00189,201.18653099999997
2025-10-18 00:19:27.535,106447.91,0.00118,125.6085338
2025-10-18 00:19:27.902,106447.91,0.003,319.34373
2025-10-18 00:19:28.122,106454.06,0.00611,650.4343066
2025-10-18 00:19:28.905,106454.05,0.00042,44.710701
2025-10-18 00:19:29.039,106454.06,0.00236,251.2315816
2025-10-18 00:19:29.040,106455.62,5e-05,5.322781
2025-10-18 00:19:29.063,106455.62,0.0018,191.620116
2025-10-18 00:19:29.081,106457.45,0.0011,117.103195
2025-10-18 00:19:29.101,106458.31,0.0009,95.812479
2025-10-18 00:19:29.113,106458.54,0.00047,50.0355138
2025-10-18 00:19:29.118,106458.54,0.00836,889.9933943999998
2025-10-18 00:19:29.121,106465.75,5e-05,5.3232875
2025-10-18 00:19:29.455,106467.73,0.00315,335.3733495
2025-10-18 00:19:29.712,106467.74,0.001,106.46774
2025-10-18 00:19:29.822,106467.74,0.002,212.93548
2025-10-18 00:19:30.029,106467.74,0.0094,1000.7967560000001
2025-10-18 00:19:30.591,106467.73,0.00049,52.169187699999995
2025-10-18 00:19:31.217,106467.74,0.00014,14.9054836
2025-10-18 00:19:31.239,106467.73,0.00036,38.3283828
2025-10-18 00:19:31.282,106467.74,0.004,425.87096
2025-10-18 00:19:31.389,106467.74,0.00047,50.0398378
2025-10-18 00:19:31.504,106467.74,0.002,212.93548
2025-10-18 00:19:31.554,106467.74,0.00025,26.616935
2025-10-18 00:19:32.016,106467.73,0.00018,19.1641914
2025-10-18 00:19:32.091,106467.73,0.00037,39.3930601
2025-10-18 00:19:32.277,106467.74,0.002,212.93548
2025-10-18 00:19:32.615,106472.0,0.002,212.94400000000002
2025-10-18 00:19:33.374,106477.76,5e-05,5.323888
2025-10-18 00:19:33.550,106477.75,0.0003,31.943324999999998
2025-10-18 00:19:34.185,106477.76,0.00025,26.61944
2025-10-18 00:19:34.310,106477.76,0.00059,62.8218784
2025-10-18 00:19:34.330,106477.84,0.0001,10.647784
2025-10-18 00:19:34.331,106478.0,0.00235,250.22330000000002
2025-10-18 00:19:34.351,106479.75,6e-05,6.388785
2025-10-18 00:19:34.352,106480.01,0.0002,21.296002
2025-10-18 00:19:34.416,106484.92,0.00036,38.3345712
2025-10-18 00:19:35.051,106487.99,0.07715,8215.5484285
2025-10-18 00:19:35.133,106488.0,0.00012,12.77856
2025-10-18 00:19:35.585,106487.99,0.06327,6737.495127300001
2025-10-18 00:19:35.651,106487.99,0.00121,128.85046789999998
2025-10-18 00:19:35.671,106487.97,0.00251,267.2848047
2025-10-18 00:19:35.672,106487.97,0.00145,154.4075565
2025-10-18 00:19:35.673,106483.47,0.00296,315.1910712
2025-10-18 00:19:35.730,106483.47,6e-05,6.3890082
2025-10-18 00:19:35.876,106483.47,0.00046,48.982396200000004
2025-10-18 00:19:36.523,106483.48,0.01853,1973.1388844
2025-10-18 00:19:36.678,106483.48,0.00025,26.62087
2025-10-18 00:19:36.876,106483.47,0.00098,104.3538006
2025-10-18 00:19:37.015,106486.43,0.00015,15.972964499999998
2025-10-18 00:19:37.249,106487.96,0.00359,382.2917764
2025-10-18 00:19:37.374,106487.96,0.00014,14.9083144
2025-10-18 00:19:37.555,106487.97,0.02468,2628.1230996
2025-10-18 00:19:38.054,106487.97,0.00062,66.0225414
2025-10-18 00:19:38.374,106487.97,0.00164,174.6402708
2025-10-18 00:19:38.576,106487.97,5e-05,5.3243985
2025-10-18 00:19:39.023,106487.96,0.00235,250.24670600000002
2025-10-18 00:19:40.033,106487.96,0.00545,580.359382
2025-10-18 00:19:40.592,106487.96,0.07159,7623.4730564
2025-10-18 00:19:41.657,106487.97,0.06,6389.2782
2025-10-18 00:19:42.617,106487.96,0.00047,50.0493412
2025-10-18 00:19:42.763,106487.97,0.0003,31.946391
2025-10-18 00:19:43.471,106487.97,0.01,1064.8797
2025-10-18 00:19:43.639,106487.97,0.00215,228.9491355
2025-10-18 00:19:43.819,106487.97,0.00011,11.7136767
2025-10-18 00:19:43.857,106487.96,0.00088,93.70940480000002
2025-10-18 00:19:43.914,106487.97,0.75056,79925.6107632
2025-10-18 00:19:44.061,106487.96,0.00424,451.5089504
2025-10-18 00:19:44.443,106487.96,0.00018,19.167832800000003
2025-10-18 00:19:44.556,106487.96,8e-05,8.519036800000002
2025-10-18 00:19:45.420,106487.96,0.00081,86.2552476
2025-10-18 00:19:45.479,106487.96,0.00019,20.232712400000004
2025-10-18 00:19:46.202,106487.97,0.027,2875.17519
2025-10-18 00:19:46.286,106487.96,0.00036,38.335665600000006
2025-10-18 00:19:46.578,106487.96,7e-05,7.4541572
2025-10-18 00:19:46.614,106487.97,0.09,9583.9173
2025-10-18 00:19:46.827,106487.97,0.001,106.48797
2025-10-18 00:19:46.901,106487.97,0.0001,10.648797
2025-10-18 00:19:47.325,106487.96,7e-05,7.4541572
2025-10-18 00:19:48.022,106487.97,0.00011,11.7136767
2025-10-18 00:19:48.286,106487.97,0.00141,150.1480377
2025-10-18 00:19:48.326,106487.96,0.00408,434.47087680000004
2025-10-18 00:19:49.092,106487.97,0.00029,30.8815113
2025-10-18 00:19:50.507,106487.97,0.00012,12.778556400000001
2025-10-18 00:19:50.586,106487.96,0.06535,6958.988186000001
2025-10-18 00:19:50.779,106487.96,0.00106,112.8772376
2025-10-18 00:19:51.086,106487.97,0.00288,306.68535360000004
2025-10-18 00:19:51.532,106487.97,0.00191,203.3920227
2025-10-18 00:19:52.161,106487.97,0.00108,115.00700760000001
2025-10-18 00:19:52.232,106487.97,0.0001,10.648797
2025-10-18 00:19:52.544,106487.97,0.01,1064.8797
2025-10-18 00:19:52.869,106487.97,7e-05,7.454157899999999
2025-10-18 00:19:52.896,106487.96,0.00019,20.232712400000004
2025-10-18 00:19:53.468,106487.96,9e-05,9.583916400000001
2025-10-18 00:19:53.624,106487.97,0.00012,12.778556400000001
2025-10-18 00:19:54.583,106487.96,0.00736,783.7513856
2025-10-18 00:19:55.080,106487.97,0.00024,25.557112800000002
2025-10-18 00:19:55.506,106487.97,0.00469,499.42857929999997
2025-10-18 00:19:56.625,106487.96,0.0005,53.24398000000001
2025-10-18 00:19:56.908,106487.97,0.00012,12.778556400000001
2025-10-18 00:19:58.354,106487.97,0.00939,999.9220383
2025-10-18 00:19:59.310,106487.96,0.01596,1699.5478415999999
2025-10-18 00:19:59.443,106487.97,0.00012,12.778556400000001
2025-10-18 00:19:59.669,106487.96,0.0125,1331.0995000000003
2025-10-18 00:19:59.916,106487.96,0.035,3727.0786000000007
2025-10-18 00:19:59.917,106485.79,5e-05,5.3242895
2025-10-18 00:19:59.923,106483.72,0.00012,12.778046400000001
2025-10-18 00:19:59.928,106480.67,5e-05,5.3240335000000005
2025-10-18 00:19:59.951,106477.32,0.00751,799.6446732
2025-10-18 00:20:00.627,106475.53,0.05839,6217.1061967
2025-10-18 00:20:00.847,106475.54,0.00141,150.1305114
2025-10-18 00:20:01.087,106475.54,9e-05,9.5827986
2025-10-18 00:20:01.266,106475.54,9e-05,9.5827986
2025-10-18 00:20:01.482,106475.54,0.001,106.47554
2025-10-18 00:20:01.497,106475.53,0.00047,50.0434991
2025-10-18 00:20:01.585,106475.53,0.00014,14.906574199999998
2025-10-18 00:20:02.249,106475.54,0.00093,99.0222522
2025-10-18 00:20:02.451,106475.53,0.0503,5355.719158999999
2025-10-18 00:20:02.580,106475.54,0.00614,653.7598155999999
2025-10-18 00:20:02.826,106475.53,0.013,1384.1818899999998
2025-10-18 00:20:03.151,106475.53,0.00404,430.16114120000003
2025-10-18 00:20:04.104,106475.53,0.00017,18.100840100000003
2025-10-18 00:20:05.022,106475.54,0.00093,99.0222522
2025-10-18 00:20:05.603,106475.53,0.06605,7032.708756499999
2025-10-18 00:20:05.622,106475.53,0.00034,36.201680200000006
2025-10-18 00:20:05.752,106475.53,0.013,1384.1818899999998
2025-10-18 00:20:06.003,106475.53,0.0002,21.295106
2025-10-18 00:20:06.413,106475.53,5e-05,5.3237765
2025-10-18 00:20:07.011,106475.54,0.00021,22.3598634
2025-10-18 00:20:07.185,106475.54,0.03265,3476.4263809999998
2025-10-18 00:20:07.205,106475.54,0.00052,55.36728079999999
2025-10-18 00:20:07.278,106475.53,0.00042,44.719722600000004
2025-10-18 00:20:07.492,106475.54,0.19194,20436.915147599997
2025-10-18 00:20:07.493,106475.54,0.382,40673.656279999996
2025-10-18 00:20:07.494,106475.54,0.0084,894.3945359999999
2025-10-18 00:20:07.497,106475.54,0.0218,2321.166772
2025-10-18 00:20:07.522,106475.54,0.04138,4405.9578452
2025-10-18 00:20:07.523,106477.62,5e-05,5.323881
2025-10-18 00:20:07.615,106487.93,0.00015,15.973189499999998
2025-10-18 00:20:08.331,106487.94,0.00188,200.1973272
2025-10-18 00:20:08.370,106487.93,0.10117,10773.3838781
2025-10-18 00:20:08.765,106487.94,0.01879,2000.9083926
2025-10-18 00:20:08.817,106487.94,0.00054,57.5034876
2025-10-18 00:20:09.069,106487.94,0.00025,26.621985000000002
2025-10-18 00:20:09.084,106487.94,0.00025,26.621985000000002
2025-10-18 00:20:09.106,106487.94,0.00025,26.621985000000002
2025-10-18 00:20:09.116,106487.99,0.00015,15.973198499999999
2025-10-18 00:20:09.317,106487.99,0.00061,64.9576739
2025-10-18 00:20:09.483,106487.99,0.00014,14.9083186
2025-10-18 00:20:10.338,106487.99,0.00159,169.3159041
2025-10-18 00:20:11.186,106488.0,0.00065,69.21719999999999
2025-10-18 00:20:11.577,106487.99,0.0001,10.648799
2025-10-18 00:20:11.794,106487.99,0.0001,10.648799
2025-10-18 00:20:11.969,106487.99,0.00256,272.60925440000005
2025-10-18 00:20:12.708,106487.99,0.00027,28.7517573
2025-10-18 00:20:12.850,106488.0,8e-05,8.51904
2025-10-18 00:20:12.900,106487.99,0.00194,206.58670060000003
2025-10-18 00:20:13.127,106488.0,0.00109,116.07192
2025-10-18 00:20:13.500,106487.99,9e-05,9.583919100000001
2025-10-18 00:20:14.000,106487.99,0.03272,3484.2870328
2025-10-18 00:20:14.248,106487.99,9e-05,9.583919100000001
2025-10-18 00:20:15.148,106488.0,0.008,851.904
2025-10-18 00:20:15.491,106488.0,0.004,425.952
2025-10-18 00:20:15.555,106488.0,0.016,1703.808
2025-10-18 00:20:15.584,106487.99,0.00043,45.7898357
2025-10-18 00:20:15.592,106487.99,0.06342,6753.4683258000005
2025-10-18 00:20:15.639,106488.0,0.0092,979.6895999999999
2025-10-18 00:20:15.641,106488.0,0.15141,16123.348079999998
2025-10-18 00:20:15.644,106488.0,0.23482,25005.51216
2025-10-18 00:20:15.646,106488.0,0.22129,23564.729519999997
2025-10-18 00:20:15.648,106489.5,6e-05,6.38937
2025-10-18 00:20:15.676,106495.74,0.00015,15.974361
2025-10-18 00:20:15.681,106498.64,6e-05,6.3899184
2025-10-18 00:20:15.688,106498.64,0.028,2981.96192
2025-10-18 00:20:15.709,106499.93,0.00015,15.974989499999998
2025-10-18 00:20:15.712,106500.0,0.01184,1260.96
2025-10-18 00:20:15.915,106504.0,0.0028,298.2112
2025-10-18 00:20:16.106,106506.5,0.00025,26.626625
2025-10-18 00:20:16.813,106506.49,0.04,4260.2596
2025-10-18 00:20:18.015,106508.72,5e-05,5.325436000000001
2025-10-18 00:20:18.468,106511.71,4.0,426046.84
2025-10-18 00:20:20.332,106511.72,0.0011,117.16289200000001
2025-10-18 00:20:20.384,106511.72,0.00047,50.060508399999996
2025-10-18 00:20:20.432,106511.71,0.00015,15.976756499999999
2025-10-18 00:20:20.579,106511.71,0.06023,6415.2002933
2025-10-18 00:20:20.704,106511.72,0.00093,99.0558996
2025-10-18 00:20:20.993,106514.21,5e-05,5.3257105000000005
2025-10-18 00:20:20.996,106515.43,0.03664,3902.7253551999997
2025-10-18 00:20:21.058,106517.15,0.00307,327.00765049999995
2025-10-18 00:20:21.062,106517.15,0.00544,579.453296
2025-10-18 00:20:21.064,106518.75,6e-05,6.391125
2025-10-18 00:20:21.066,106519.1,0.02203,2346.6157730000004
2025-10-18 00:20:21.068,106519.1,0.0011,117.17101000000001
2025-10-18 00:20:21.070,106519.1,0.00061,64.976651
2025-10-18 00:20:21.071,106519.11,0.0002,21.303822
2025-10-18 00:20:21.073,106519.11,0.00105,111.84506549999999
2025-10-18 00:20:21.076,106520.0,0.00195,207.714
2025-10-18 00:20:21.078,106520.0,0.00275,292.93
2025-10-18 00:20:21.080,106520.0,0.10205,10870.366
2025-10-18 00:20:21.083,106520.0,0.00025,26.63
2025-10-18 00:20:21.117,106520.0,0.00221,235.40920000000003
2025-10-18 00:20:21.215,106527.76,0.00015,15.979163999999997
2025-10-18 00:20:21.875,106527.77,0.00347,369.65136190000004
2025-10-18 00:20:21.938,106527.77,0.00885,942.7707645
2025-10-18 00:20:22.779,106527.77,0.00098,104.3972146
2025-10-18 00:20:22.972,106527.76,0.00033,35.1541608
2025-10-18 00:20:23.973,106527.76,0.00274,291.88606239999996
2025-10-18 00:20:24.379,106527.76,7e-05,7.456943199999999
2025-10-18 00:20:25.844,106527.77,0.00047,50.0680519
2025-10-18 00:20:25.955,106527.76,0.003,319.58328
2025-10-18 00:20:26.018,106527.76,0.00019,20.2402744
2025-10-18 00:20:26.126,106527.77,0.00012,12.7833324
2025-10-18 00:20:26.215,106527.33,0.0001,10.652733000000001
2025-10-18 00:20:26.226,106526.8,0.24143,25718.765324
2025-10-18 00:20:26.228,106526.8,0.05475,5832.3423
2025-10-18 00:20:26.234,106525.88,0.002,213.05176
2025-10-18 00:20:26.246,106519.26,0.00046,48.998859599999996
2025-10-18 00:20:26.250,106519.26,0.00103,109.71483780000001
2025-10-18 00:20:26.718,106519.26,0.00014,14.912696399999998
2025-10-18 00:20:28.482,106519.27,0.0001,10.651927
2025-10-18 00:20:28.567,106519.27,0.00976,1039.6280752
2025-10-18 00:20:28.791,106519.27,8e-05,8.5215416
2025-10-18 00:20:28.805,106519.27,0.00177,188.5391079
2025-10-18 00:20:28.861,106519.27,0.00123,131.0187021
2025-10-18 00:20:28.868,106519.27,7e-05,7.4563489
2025-10-18 00:20:28.917,106519.27,0.0001,10.651927
2025-10-18 00:20:29.043,106519.27,0.00021,22.369046700000002
2025-10-18 00:20:29.071,106519.27,0.0001,10.651927
2025-10-18 00:20:29.214,106519.27,0.00033,35.1513591
2025-10-18 00:20:29.281,106519.27,0.00016,17.0430832
2025-10-18 00:20:29.318,106519.27,0.00011,11.717119700000001
2025-10-18 00:20:30.048,106519.27,0.00016,17.0430832
2025-10-18 00:20:30.098,106519.26,0.00017,18.1082742
2025-10-18 00:20:30.239,106519.27,0.00473,503.8361471
2025-10-18 00:20:30.394,106519.27,0.00023,24.4994321
2025-10-18 00:20:30.463,106519.27,0.0001,10.651927
2025-10-18 00:20:30.575,106519.26,0.00215,229.01640899999998
2025-10-18 00:20:30.825,106519.27,0.00024,25.5646248
2025-10-18 00:20:31.019,106519.27,0.00075,79.8894525
2025-10-18 00:20:31.084,106519.26,0.11419,12163.4342994
2025-10-18 00:20:32.462,106519.27,0.00017,18.108275900000002
2025-10-18 00:20:32.517,106519.27,0.00019,20.2386613
2025-10-18 00:20:32.518,106519.27,6e-05,6.3911562
2025-10-18 00:20:32.585,106519.27,0.0001,10.651927
2025-10-18 00:20:32.718,106519.27,0.00057,60.7159839
2025-10-18 00:20:32.770,106519.27,0.0751,7999.597177000001
2025-10-18 00:20:32.963,106519.27,0.00167,177.8871809
2025-10-18 00:20:33.149,106519.26,0.00054,57.5204004
2025-10-18 00:20:33.185,106519.27,0.00603,642.3111981
2025-10-18 00:20:33.462,106519.27,0.00469,499.5753763
2025-10-18 00:20:33.595,106519.27,0.03034,3231.7946518
2025-10-18 00:20:34.018,106519.27,0.00047,50.0640569
2025-10-18 00:20:34.083,106519.26,0.00082,87.34579319999999
2025-10-18 00:20:34.537,106519.26,0.03146,3351.0959196
2025-10-18 00:20:34.571,106519.1,0.00337,358.96936700000003
2025-10-18 00:20:34.577,106514.63,0.013,1384.69019
2025-10-18 00:20:35.669,106514.63,0.00065,69.2345095
2025-10-18 00:20:36.103,106514.63,0.013,1384.69019
2025-10-18 00:20:36.104,106514.63,0.013,1384.69019
2025-10-18 00:20:36.152,106514.64,5e-05,5.325732
2025-10-18 00:20:36.546,106514.64,0.001,106.51464
2025-10-18 00:20:36.915,106511.33,0.00015,15.976699499999999
2025-10-18 00:20:37.028,106511.32,0.00014,14.9115848
2025-10-18 00:20:37.130,106511.33,0.02062,2196.2636246
2025-10-18 00:20:37.609,106511.32,0.00011,11.716245200000001
2025-10-18 00:20:38.875,106511.33,0.00685,729.6026105000001
2025-10-18 00:20:39.152,106511.33,4e-05,4.260453200000001
2025-10-18 00:20:39.287,106511.33,0.01,1065.1133
2025-10-18 00:20:40.281,106511.33,0.00028,29.823172399999997
2025-10-18 00:20:40.465,106511.33,0.00013,13.846472899999998
2025-10-18 00:20:40.947,106511.33,0.00018,19.172039400000003
2025-10-18 00:20:41.676,106511.33,0.04,4260.4532
2025-10-18 00:20:41.683,106511.33,0.00012,12.7813596
2025-10-18 00:20:41.984,106511.33,0.00094,100.1206502
2025-10-18 00:20:42.621,106511.33,0.0056,596.463448
2025-10-18 00:20:42.935,106511.33,0.00064,68.16725120000001
2025-10-18 00:20:43.163,106511.33,0.01,1065.1133
2025-10-18 00:20:43.401,106511.33,0.00143,152.31120190000001
2025-10-18 00:20:43.560,106511.33,0.00012,12.7813596
2025-10-18 00:20:43.662,106511.33,0.0002,21.302266000000003
2025-10-18 00:20:44.112,106511.32,0.00025,26.627830000000003
2025-10-18 00:20:44.403,106511.33,0.00668,711.4956844000001
2025-10-18 00:20:44.694,106511.33,0.01,1065.1133
2025-10-18 00:20:45.514,106511.33,0.00012,12.7813596
2025-10-18 00:20:46.016,106511.33,0.01371,1460.2703343
2025-10-18 00:20:46.526,106511.33,0.00014,14.911586199999999
2025-10-18 00:20:46.778,106511.32,9e-05,9.586018800000002
2025-10-18 00:20:47.015,106518.72,0.00015,15.977808
2025-10-18 00:20:47.163,106518.73,0.00012,12.7822476
2025-10-18 00:20:47.262,106518.72,0.00052,55.389734399999995
2025-10-18 00:20:47.851,106518.72,9e-05,9.5866848
2025-10-18 00:20:47.887,106518.72,0.00687,731.7836064
2025-10-18 00:20:47.946,106518.72,0.0001,10.651872000000001
2025-10-18 00:20:47.998,106518.72,9e-05,9.5866848
2025-10-18 00:20:48.547,106518.72,8e-05,8.5214976
2025-10-18 00:20:49.020,106518.73,0.00012,12.7822476
2025-10-18 00:20:49.083,106518.73,0.00074,78.8238602
2025-10-18 00:20:49.739,106518.72,0.0002,21.303744000000002
2025-10-18 00:20:50.439,106518.73,0.10733,11432.655290899998
2025-10-18 00:20:50.491,106518.72,0.00047,50.063798399999996
2025-10-18 00:20:50.820,106518.72,8e-05,8.5214976
2025-10-18 00:20:50.876,106518.73,0.00012,12.7822476
2025-10-18 00:20:51.023,106518.72,8e-05,8.5214976
2025-10-18 00:20:51.589,106518.72,6e-05,6.3911232
2025-10-18 00:20:51.632,106518.73,0.00014,14.912622199999998
2025-10-18 00:20:51.703,106518.72,9e-05,9.5866848
2025-10-18 00:20:51.945,106518.73,0.00047,50.063803099999994
2025-10-18 00:20:52.124,106518.72,0.00141,150.19139520000002
2025-10-18 00:20:52.255,106518.72,5e-05,5.3259360000000004
2025-10-18 00:20:52.349,106518.72,0.00481,512.3550432
2025-10-18 00:20:52.523,106518.72,0.01706,1817.2093631999999
2025-10-18 00:20:52.544,106518.73,0.00217,231.1456441
2025-10-18 00:20:52.594,106518.73,0.00012,12.7822476
2025-10-18 00:20:52.910,106518.72,8e-05,8.5214976
2025-10-18 00:20:53.409,106518.73,0.00356,379.20667879999996
2025-10-18 00:20:53.917,106518.73,0.00013,13.847434899999998
2025-10-18 00:20:54.002,106518.73,0.01,1065.1873
2025-10-18 00:20:54.028,106518.72,0.00024,25.5644928
2025-10-18 00:20:54.605,106518.73,0.00181,192.79890129999998
2025-10-18 00:20:54.836,106518.72,8e-05,8.5214976
2025-10-18 00:20:55.178,106518.72,0.01011,1076.9042591999998
2025-10-18 00:20:55.792,106518.72,0.001,106.51872
2025-10-18 00:20:55.951,106518.72,0.00047,50.063798399999996
2025-10-18 00:20:56.056,106518.73,0.00047,50.063803099999994
2025-10-18 00:20:56.488,106518.72,0.00074,78.8238528
2025-10-18 00:20:56.613,106518.72,0.06102,6499.7722944
2025-10-18 00:20:56.818,106518.73,0.00035,37.281555499999996
2025-10-18 00:20:56.832,106518.73,0.00012,12.7822476
2025-10-18 00:20:57.235,106518.73,0.01,1065.1873
2025-10-18 00:20:59.143,106518.73,0.00018,19.1733714
2025-10-18 00:20:59.332,106518.73,0.00011,11.7170603
2025-10-18 00:21:00.409,106518.73,0.01163,1238.8128299
2025-10-18 00:21:00.819,106518.72,0.00019,20.2385568
2025-10-18 00:21:01.174,106518.72,0.00788,839.3675135999999
2025-10-18 00:21:01.838,106518.73,0.01,1065.1873
2025-10-18 00:21:02.067,106520.05,5e-05,5.3260025
2025-10-18 00:21:02.068,106530.94,0.0007,74.571658
2025-10-18 00:21:02.069,106543.13,0.04535,4831.7309455
2025-10-18 00:21:02.070,106545.77,0.037,3942.19349
2025-10-18 00:21:02.071,106561.0,6e-05,6.393660000000001
2025-10-18 00:21:02.072,106566.0,0.0028,298.3848
2025-10-18 00:21:02.075,106567.84,0.00975,1039.0364399999999
2025-10-18 00:21:02.076,106570.68,0.026,2770.8376799999996
2025-10-18 00:21:02.078,106570.68,0.026,2770.8376799999996
2025-10-18 00:21:02.079,106570.68,0.026,2770.8376799999996
2025-10-18 00:21:02.080,106572.28,0.01715,1827.7146019999998
2025-10-18 00:21:02.081,106572.28,0.026,2770.8792799999997
2025-10-18 00:21:02.083,106572.28,0.037,3943.17436
2025-10-18 00:21:02.084,106572.28,0.024,2557.73472
2025-10-18 00:21:02.085,106566.35,6e-05,6.393981
2025-10-18 00:21:02.086,106575.9,0.0733,7812.01347
2025-10-18 00:21:02.088,106575.9,0.024,2557.8215999999998
2025-10-18 00:21:02.089,106575.9,0.02442,2602.583478
2025-10-18 00:21:02.090,106575.9,0.09388,10005.345492
2025-10-18 00:21:02.091,106575.9,0.02442,2602.583478
2025-10-18 00:21:02.094,106578.0,0.0028,298.4184
2025-10-18 00:21:02.096,106579.39,0.00969,1032.7542891
2025-10-18 00:21:02.101,106575.39,0.005,532.87695
2025-10-18 00:21:02.102,106579.74,0.02624,2796.6523776
2025-10-18 00:21:02.103,106579.74,0.00939,1000.7837586000002
2025-10-18 00:21:02.107,106579.74,0.03113,3317.8273062000003
2025-10-18 00:21:02.109,106579.74,0.00469,499.8589806
2025-10-18 00:21:02.115,106580.0,0.00563,600.0454
2025-10-18 00:21:02.120,106581.05,0.0002,21.31621
2025-10-18 00:21:02.123,106579.22,0.0049,522.238178
2025-10-18 00:21:02.126,106580.47,0.0049,522.244303
2025-10-18 00:21:02.135,106581.09,0.0038,405.00814199999996
2025-10-18 00:21:02.140,106581.31,0.0005,53.290655
2025-10-18 00:21:02.143,106581.31,0.0144,1534.7708639999998
2025-10-18 00:21:02.159,106581.31,0.00939,1000.7985009
2025-10-18 00:21:02.161,106581.31,0.01876,1999.4653755999998
2025-10-18 00:21:02.162,106581.31,0.00939,1000.7985009
2025-10-18 00:21:02.163,106581.31,0.02731,2910.7355761
2025-10-18 00:21:02.195,106581.99,0.00472,503.06699280000004
2025-10-18 00:21:02.214,106584.0,0.00185,197.18040000000002
2025-10-18 00:21:02.216,106584.0,0.00095,101.2548
2025-10-18 00:21:02.239,106583.47,6e-05,6.3950082
2025-10-18 00:21:02.284,106583.47,0.00014,14.921685799999999
2025-10-18 00:21:02.300,106585.58,0.00025,26.646395000000002
2025-10-18 00:21:02.583,106588.0,0.00284,302.70992
2025-10-18 00:21:02.584,106588.0,0.00016,17.054080000000003
2025-10-18 00:21:02.589,106590.9,5e-05,5.3295449999999995
2025-10-18 00:21:02.592,106591.31,0.0034,362.41045399999996
2025-10-18 00:21:02.673,106592.0,0.00046,49.03232
2025-10-18 00:21:02.674,106592.0,0.35003,37310.39776
2025-10-18 00:21:02.678,106592.0,0.21987,23436.38304
2025-10-18 00:21:02.765,106592.0,0.05628,5998.997759999999
2025-10-18 00:21:02.770,106592.02,0.0017,181.206434
2025-10-18 00:21:02.790,106593.78,0.00396,422.1113688
2025-10-18 00:21:02.822,106593.78,0.2571,27405.260838
2025-10-18 00:21:02.852,106593.78,0.0553,5894.636034
2025-10-18 00:21:02.870,106593.78,9e-05,9.5934402
2025-10-18 00:21:02.940,106593.77,8e-05,8.5275016
2025-10-18 00:21:03.025,106593.78,0.00012,12.791253600000001
2025-10-18 00:21:03.284,106593.77,0.00248,264.35254960000003
2025-10-18 00:21:03.576,106593.77,0.00131,139.6378387
2025-10-18 00:21:03.732,106593.77,0.00038,40.505632600000006
2025-10-18 00:21:03.799,106593.77,0.00556,592.6613612
2025-10-18 00:21:03.867,106593.77,7e-05,7.4615639
2025-10-18 00:21:03.896,106593.77,0.17241,18377.8318857
2025-10-18 00:21:03.900,106593.77,0.00028,29.8462556
2025-10-18 00:21:03.908,106593.77,9e-05,9.593439300000002
2025-10-18 00:21:03.915,106587.0,0.00015,15.98805
2025-10-18 00:21:03.920,106587.0,0.03024,3223.19088
2025-10-18 00:21:03.923,106586.99,0.21783,23217.844031700002
2025-10-18 00:21:03.975,106584.05,0.00075,79.93803750000001
2025-10-18 00:21:03.984,106584.04,0.00205,218.497282
2025-10-18 00:21:04.127,106584.03,0.00047,50.0944941
2025-10-18 00:21:04.526,106584.03,0.00096,102.3206688
2025-10-18 00:21:05.218,106584.03,0.00426,454.0479678
2025-10-18 00:21:05.618,106584.03,0.00103,109.78155090000001
2025-10-18 00:21:05.921,106584.04,0.01,1065.8404
2025-10-18 00:21:06.021,106584.04,0.005,532.9202
2025-10-18 00:21:06.133,106584.04,0.00532,567.0270928
2025-10-18 00:21:06.142,106584.04,0.01,1065.8404
2025-10-18 00:21:06.262,106584.04,0.00129,137.49341159999997
2025-10-18 00:21:06.546,106584.03,0.00106,112.9790718
2025-10-18 00:21:06.827,106584.03,0.00674,718.3763622
2025-10-18 00:21:06.829,106584.03,0.01216,1296.0618048000001
2025-10-18 00:21:07.070,106584.03,0.00023,24.5143269
2025-10-18 00:21:07.138,106584.03,0.00053,56.4895359
2025-10-18 00:21:07.335,106584.03,0.00847,902.7667341
2025-10-18 00:21:07.597,106584.03,0.00277,295.2377631
2025-10-18 00:21:08.666,106584.03,9e-05,9.5925627
2025-10-18 00:21:08.995,106584.04,0.00029,30.9093716
2025-10-18 00:21:09.006,106584.03,0.00016,17.0534448
2025-10-18 00:21:09.049,106584.04,0.81586,86957.6548744
2025-10-18 00:21:09.157,106584.03,0.00018,19.1851254
2025-10-18 00:21:09.587,106584.04,0.00058,61.8187432
2025-10-18 00:21:10.452,106584.03,0.00453,482.8256559
2025-10-18 00:21:11.034,106584.04,0.0006,63.95042399999999
2025-10-18 00:21:11.152,106584.04,0.00029,30.9093716
2025-10-18 00:21:11.174,106584.04,0.00163,173.7319852
2025-10-18 00:21:11.670,106584.04,0.028,2984.3531199999998
2025-10-18 00:21:11.678,106584.04,0.028,2984.3531199999998
2025-10-18 00:21:12.148,106584.03,0.0002,21.316806
2025-10-18 00:21:12.344,106584.04,0.00049,52.226179599999995
2025-10-18 00:21:12.378,106584.04,0.0005,53.29202
2025-10-18 00:21:13.022,106584.04,0.00078,83.1355512
2025-10-18 00:21:13.415,106584.13,0.0001,10.658413000000001
2025-10-18 00:21:13.466,106584.2,0.00145,154.54709
2025-10-18 00:21:13.483,106584.21,0.0026,277.118946
2025-10-18 00:21:13.488,106586.99,0.028,2984.4357200000004
2025-10-18 00:21:13.767,106586.98,8e-05,8.5269584
2025-10-18 00:21:13.913,106586.98,0.00052,55.425229599999994
2025-10-18 00:21:14.021,106586.98,0.00014,14.922177199999998
2025-10-18 00:21:14.085,106586.99,0.00018,19.185658200000002
2025-10-18 00:21:14.821,106586.98,9e-05,9.5928282
2025-10-18 00:21:14.825,106586.99,0.00215,229.16202850000002
2025-10-18 00:21:15.454,106586.99,0.01,1065.8699000000001
2025-10-18 00:21:15.673,106586.98,0.00017,18.1197866
2025-10-18 00:21:16.111,106586.98,9e-05,9.5928282
2025-10-18 00:21:16.598,106586.99,0.06,6395.2194
2025-10-18 00:21:16.833,106586.99,0.0008,85.269592
2025-10-18 00:21:16.962,106586.98,0.01771,1887.6554158
2025-10-18 00:21:17.024,106586.98,5e-05,5.329349
2025-10-18 00:21:17.089,106586.99,0.00223,237.68898770000004
2025-10-18 00:21:17.258,106586.98,0.0001,10.658698
2025-10-18 00:21:17.424,106586.98,6e-05,6.3952188
2025-10-18 00:21:17.792,106586.99,0.00108,115.11394920000001
2025-10-18 00:21:17.932,106586.98,7e-05,7.461088599999999
2025-10-18 00:21:18.210,106586.98,0.00492,524.4079416
2025-10-18 00:21:18.244,106586.98,0.10007,10666.1590886
2025-10-18 00:21:18.591,106586.99,0.00094,100.1917706
2025-10-18 00:21:19.346,106586.99,7e-05,7.461089299999999
2025-10-18 00:21:20.468,106586.98,0.00084,89.5330632
2025-10-18 00:21:21.418,106586.98,0.01202,1281.1754996
2025-10-18 00:21:21.964,106586.99,0.01,1065.8699000000001
2025-10-18 00:21:22.018,106586.98,0.29826,31790.6326548
2025-10-18 00:21:22.053,106586.98,0.00047,50.095880599999994
2025-10-18 00:21:22.865,106586.99,0.17499,18651.6573801
2025-10-18 00:21:23.832,106587.0,0.00094,100.19178
2025-10-18 00:21:24.023,106586.99,0.00028,29.844357199999997
2025-10-18 00:21:25.269,106586.65,0.0001,10.658665
2025-10-18 00:21:25.270,106582.72,0.00375,399.6852
2025-10-18 00:21:25.271,106582.52,5e-05,5.3291260000000005
2025-10-18 00:21:25.272,106581.34,5e-05,5.329067
2025-10-18 00:21:25.273,106580.0,5e-05,5.329000000000001
2025-10-18 00:21:25.274,106577.01,0.048,5115.69648
2025-10-18 00:21:25.299,106577.01,0.0003,31.973102999999995
2025-10-18 00:21:25.309,106577.0,0.0007,74.6039
2025-10-18 00:21:25.351,106572.54,5e-05,5.328627
2025-10-18 00:21:25.353,106573.38,0.03056,3256.8824928000004
2025-10-18 00:21:25.515,106567.12,8e-05,8.5253696
2025-10-18 00:21:25.580,106562.7,0.00014,14.918777999999998
2025-10-18 00:21:26.094,106562.7,0.00012,12.787524
2025-10-18 00:21:26.163,106562.69,0.00047,50.0844643
2025-10-18 00:21:26.673,106562.69,0.01501,1599.5059769000002
2025-10-18 00:21:26.834,106562.69,0.01501,1599.5059769000002
2025-10-18 00:21:26.993,106562.69,0.01501,1599.5059769000002
2025-10-18 00:21:27.026,106562.69,0.00016,17.0500304
2025-10-18 00:21:27.733,106557.14,5e-05,5.327857
2025-10-18 00:21:27.739,106557.14,0.03569,3803.0243265999998
2025-10-18 00:21:28.120,106557.13,5e-05,5.3278565
2025-10-18 00:21:28.455,106557.14,0.0007,74.589998
2025-10-18 00:21:28.572,106557.13,0.00024,25.5737112
2025-10-18 00:21:28.721,106557.13,0.30431,32426.400230300005
2025-10-18 00:21:28.815,106557.11,0.0009,95.901399
2025-10-18 00:21:28.915,106552.62,0.00023,24.5071026
2025-10-18 00:21:29.282,106552.12,0.005,532.7606
2025-10-18 00:21:29.671,106552.12,7e-05,7.458648399999999
2025-10-18 00:21:29.840,106552.12,9e-05,9.5896908
2025-10-18 00:21:30.371,106552.12,8e-05,8.5241696
2025-10-18 00:21:30.787,106552.12,9e-05,9.5896908
2025-10-18 00:21:30.825,106552.13,0.0001,10.655213000000002
2025-10-18 00:21:31.383,106552.13,0.00135,143.84537550000002
2025-10-18 00:21:31.583,106552.12,7e-05,7.458648399999999
2025-10-18 00:21:31.829,106552.13,0.00015,15.9828195
2025-10-18 00:21:32.014,106552.13,0.01553,1654.7545789
2025-10-18 00:21:32.215,106552.12,1.11998,119336.24335759999
2025-10-18 00:21:32.236,106552.12,0.04243,4521.0064516
2025-10-18 00:21:32.277,106552.12,0.00026,27.703551199999996
2025-10-18 00:21:32.355,106552.13,5e-05,5.327606500000001
2025-10-18 00:21:32.542,106552.12,9e-05,9.5896908
2025-10-18 00:21:32.891,106552.13,0.12402,13214.5951626
2025-10-18 00:21:32.892,106552.13,0.03942,4200.2849645999995
2025-10-18 00:21:32.893,106552.13,0.09153,9752.7164589
2025-10-18 00:21:32.896,106552.13,0.11919,12699.948374700001
2025-10-18 00:21:32.897,106552.13,0.03721,3964.8047573000003
2025-10-18 00:21:32.901,106554.31,5e-05,5.3277155
2025-10-18 00:21:32.903,106556.0,0.00015,15.983399999999998
2025-10-18 00:21:32.940,106557.15,0.0002,21.31143
2025-10-18 00:21:32.942,106560.0,0.0002,21.312
2025-10-18 00:21:32.952,106565.73,5e-05,5.3282865
2025-10-18 00:21:32.964,106566.96,0.028,2983.8748800000003
2025-10-18 00:21:32.984,106567.8,5e-05,5.328390000000001
2025-10-18 00:21:33.032,106569.02,0.00582,620.2316964
2025-10-18 00:21:33.099,106570.75,0.27703,29523.2948725
2025-10-18 00:21:33.103,106573.43,0.00015,15.986014499999998
2025-10-18 00:21:33.105,106576.01,0.0001,10.657601
2025-10-18 00:21:33.118,106577.09,0.01894,2018.5700845999997
2025-10-18 00:21:33.143,106577.09,0.00938,999.6931041999999
2025-10-18 00:21:33.190,106577.08,9e-05,9.5919372
2025-10-18 00:21:33.200,106583.54,0.00015,15.987530999999997
2025-10-18 00:21:33.332,106583.78,0.00019,20.2509182
2025-10-18 00:21:33.619,106583.79,0.00129,137.4930891
2025-10-18 00:21:33.669,106583.79,9e-05,9.5925411
2025-10-18 00:21:33.691,106583.78,0.00126,134.2955628
2025-10-18 00:21:34.011,106583.78,0.00012,12.7900536
2025-10-18 00:21:34.183,106583.79,0.00159,169.46822609999998
2025-10-18 00:21:34.192,106583.79,0.0002,21.316758
2025-10-18 00:21:34.233,106583.79,0.00076,81.0036804
2025-10-18 00:21:34.234,106583.78,0.00011,11.7242158
2025-10-18 00:21:34.240,106583.79,0.00253,269.6569887
2025-10-18 00:21:34.241,106583.79,0.00043,45.831029699999995
2025-10-18 00:21:34.242,106583.79,0.00248,264.32779919999996
2025-10-18 00:21:34.245,106583.79,0.00049,52.2260571
2025-10-18 00:21:34.246,106583.79,0.00241,256.8669339
2025-10-18 00:21:34.482,106583.78,0.18722,19954.6152916
2025-10-18 00:21:34.483,106581.18,0.00015,15.987176999999997
2025-10-18 00:21:34.484,106581.16,0.0001,10.658116000000001
2025-10-18 00:21:34.487,106579.73,0.0001,10.657973
2025-10-18 00:21:34.489,106577.25,6e-05,6.394635
2025-10-18 00:21:34.507,106577.1,0.04742,5053.886082
2025-10-18 00:21:34.508,106577.09,0.03081,3283.6401429
2025-10-18 00:21:34.520,106567.79,0.00058,61.8093182
2025-10-18 00:21:34.529,106567.0,0.04017,4280.7963899999995
2025-10-18 00:21:34.543,106566.99,0.02114,2252.8261686
2025-10-18 00:21:34.619,106561.04,0.0017,181.15376799999999
2025-10-18 00:21:35.333,106561.03,9e-05,9.5904927
2025-10-18 00:21:35.427,106561.04,0.00012,12.7873248
2025-10-18 00:21:36.403,106561.03,0.00012,12.7873236
2025-10-18 00:21:36.589,106561.04,0.09384,9999.6879936
2025-10-18 00:21:37.049,106561.04,0.00398,424.11293919999997
2025-10-18 00:21:37.064,106561.04,0.29711,31660.350594399995
2025-10-18 00:21:37.865,106561.03,9e-05,9.5904927
2025-10-18 00:21:38.062,106561.03,9e-05,9.5904927
2025-10-18 00:21:38.147,106561.04,0.00012,12.7873248
2025-10-18 00:21:38.331,106561.04,0.01,1065.6104
2025-10-18 00:21:38.457,106561.04,8e-05,8.5248832
2025-10-18 00:21:39.032,106561.03,0.00012,12.7873236
2025-10-18 00:21:39.489,106561.04,0.00186,198.2035344
2025-10-18 00:21:39.868,106561.03,0.00955,1017.6578364999999
2025-10-18 00:21:39.950,106561.04,0.00089,94.8393256
2025-10-18 00:21:40.461,106561.04,0.00012,12.7873248
2025-10-18 00:21:41.456,106561.04,0.00047,50.0836888
2025-10-18 00:21:41.459,106561.03,0.00012,12.7873236
2025-10-18 00:21:41.667,106561.04,0.00281,299.4365224
2025-10-18 00:21:41.707,106561.04,9e-05,9.5904936
2025-10-18 00:21:42.116,106561.04,0.0003,31.968311999999994
2025-10-18 00:21:42.455,106561.04,0.00063,67.1334552
2025-10-18 00:21:42.874,106561.04,0.01225,1305.37274
2025-10-18 00:21:42.882,106561.04,0.00012,12.7873248
2025-10-18 00:21:43.132,106561.04,0.02046,2180.2388784
2025-10-18 00:21:43.802,106561.04,0.01,1065.6104
2025-10-18 00:21:43.985,106561.03,0.00012,12.7873236
2025-10-18 00:21:44.273,106561.04,0.00047,50.0836888
2025-10-18 00:21:45.094,106561.03,9e-05,9.5904927
2025-10-18 00:21:45.398,106561.04,0.00012,12.7873248
2025-10-18 00:21:45.655,106561.03,8e-05,8.524882400000001
2025-10-18 00:21:45.699,106561.04,0.00027,28.7714808
2025-10-18 00:21:46.221,106561.03,0.0001,10.656103
2025-10-18 00:21:46.316,106561.03,0.00026,27.705867799999996
2025-10-18 00:21:46.836,106561.03,9e-05,9.5904927
2025-10-18 00:21:47.017,106561.04,0.00938,999.5425551999999
2025-10-18 00:21:47.675,106561.03,9e-05,9.5904927
2025-10-18 00:21:47.785,106561.04,0.00043,45.821247199999995
2025-10-18 00:21:47.800,106561.03,0.0038,404.931914
2025-10-18 00:21:47.820,106561.03,0.00115,122.54518449999999
2025-10-18 00:21:48.007,106561.03,9e-05,9.5904927
2025-10-18 00:21:48.692,106561.04,0.00233,248.2872232
2025-10-18 00:21:48.845,106561.03,0.00681,725.6806143
2025-10-18 00:21:49.259,106561.03,8e-05,8.524882400000001
2025-10-18 00:21:49.480,106561.03,0.00042,44.7556326
2025-10-18 00:21:49.651,106561.04,0.00239,254.6808856
2025-10-18 00:21:49.671,106561.03,0.00012,12.7873236
2025-10-18 00:21:49.742,106561.04,0.00446,475.2622384
2025-10-18 00:21:50.041,106561.03,0.00696,741.6647688
2025-10-18 00:21:50.352,106561.03,0.00141,150.2510523
2025-10-18 00:21:50.770,106561.04,0.00548,583.9544991999999
2025-10-18 00:21:50.901,106561.04,0.00028,29.837091199999996
2025-10-18 00:21:51.233,106561.04,0.00243,258.9433272
2025-10-18 00:21:51.754,106561.04,0.00739,787.4860855999999
2025-10-18 00:21:52.131,106561.04,0.01,1065.6104
2025-10-18 00:21:52.655,106561.04,0.00391,416.6536664
2025-10-18 00:21:53.682,106561.04,0.23716,25272.0162464
2025-10-18 00:21:53.704,106561.04,0.00559,595.6762136
2025-10-18 00:21:53.708,106561.05,0.00186,198.20355300000003
2025-10-18 00:21:53.721,106561.3,0.0009,95.90517
2025-10-18 00:21:53.723,106561.47,0.0011,117.217617
2025-10-18 00:21:53.726,106561.47,0.0004,42.624588
2025-10-18 00:21:53.727,106561.48,5e-05,5.328074
2025-10-18 00:21:53.732,106564.35,0.00156,166.240386
2025-10-18 00:21:53.815,106570.66,0.00015,15.985598999999999
2025-10-18 00:21:54.745,106571.69,9e-05,9.591452100000001
2025-10-18 00:21:54.890,106571.69,0.01599,1704.0813231000002
2025-10-18 00:21:54.911,106571.68,0.00016,17.0514688
2025-10-18 00:21:55.282,106571.69,0.0001,10.657169000000001
2025-10-18 00:21:56.010,106571.69,0.00531,565.8956739
2025-10-18 00:21:56.283,106571.68,0.00163,173.71183839999998
2025-10-18 00:21:56.381,106571.68,0.00015,15.985751999999998
2025-10-18 00:21:56.508,106571.69,0.00104,110.8345576
2025-10-18 00:21:56.915,106571.69,0.00274,292.0064306
2025-10-18 00:21:57.196,106579.73,0.00013,13.855364899999998
2025-10-18 00:21:57.740,106579.73,0.00436,464.6876228
2025-10-18 00:21:58.262,106579.72,0.00045,47.960874
2025-10-18 00:21:58.318,106579.73,0.00532,567.0041636
2025-10-18 00:21:58.624,106579.72,0.00015,15.986958
2025-10-18 00:21:58.758,106579.72,9e-05,9.5921748
2025-10-18 00:21:59.839,106579.72,5e-05,5.3289860000000004
2025-10-18 00:22:00.138,106579.72,8e-05,8.5263776
2025-10-18 00:22:00.386,106579.73,0.10801,11511.6766373
2025-10-18 00:22:00.387,106580.9,0.0003,31.974269999999997
2025-10-18 00:22:00.393,106586.12,0.00497,529.7330163999999
2025-10-18 00:22:00.396,106587.68,0.00165,175.86967199999998
2025-10-18 00:22:00.830,106587.95,0.09238,9846.594821
2025-10-18 00:22:00.832,106587.79,0.0002,21.317558
2025-10-18 00:22:00.834,106586.12,0.0004,42.634448
2025-10-18 00:22:01.032,106586.12,0.01072,1142.6032064
2025-10-18 00:22:01.163,106586.11,0.0001,10.658611
2025-10-18 00:22:01.304,106586.12,0.00131,139.62781719999998
2025-10-18 00:22:01.364,106586.12,0.00023,24.5148076
2025-10-18 00:22:01.911,106586.11,0.01407,1499.6665676999999
2025-10-18 00:22:01.975,106586.11,0.00012,12.790333200000001
2025-10-18 00:22:02.536,106586.12,0.00046,49.0296152
2025-10-18 00:22:02.537,106587.95,0.11206,11944.245677
2025-10-18 00:22:02.543,106591.46,0.11996,12786.7115416
2025-10-18 00:22:02.548,106591.46,0.00939,1000.8938094000001
2025-10-18 00:22:02.579,106591.46,0.004,426.36584000000005
2025-10-18 00:22:02.580,106591.46,0.009,959.32314
2025-10-18 00:22:02.582,106591.46,0.0197,2099.851762
2025-10-18 00:22:02.583,106591.46,0.0034,362.410964
2025-10-18 00:22:02.608,106591.46,0.028,2984.5608800000005
2025-10-18 00:22:02.731,106591.46,0.00163,173.7440798
2025-10-18 00:22:03.332,106591.45,8e-05,8.527316
2025-10-18 00:22:03.493,106591.46,0.00077,82.0754242
2025-10-18 00:22:03.494,106591.46,0.00059,62.88896140000001
2025-10-18 00:22:03.597,106591.46,0.00187,199.3260302
2025-10-18 00:22:03.655,106591.46,0.00337,359.2132202
2025-10-18 00:22:04.170,106591.45,9e-05,9.5932305
2025-10-18 00:22:04.361,106591.45,0.00042,44.768409
2025-10-18 00:22:04.448,106591.45,0.00535,570.2642575
2025-10-18 00:22:04.483,106591.45,8e-05,8.527316
2025-10-18 00:22:05.662,106591.46,0.00017,18.1205482
2025-10-18 00:22:05.881,106591.45,0.0008,85.27316
2025-10-18 00:22:06.594,106591.45,0.00011,11.7250595
2025-10-18 00:22:06.781,106591.46,0.3372,35942.640312
2025-10-18 00:22:06.782,106595.71,0.0001,10.659571000000001
2025-10-18 00:22:06.783,106595.72,0.00165,175.882938
2025-10-18 00:22:06.784,106599.98,0.0001,10.659998
2025-10-18 00:22:06.791,106600.0,0.00153,163.09799999999998
2025-10-18 00:22:06.802,106600.0,0.01333,1420.978
2025-10-18 00:22:06.804,106600.0,0.00785,836.81
2025-10-18 00:22:06.805,106600.0,0.00809,862.394
2025-10-18 00:22:06.814,106600.0,0.00938,999.9079999999999
2025-10-18 00:22:06.817,106600.0,0.00938,999.9079999999999
2025-10-18 00:22:07.251,106600.0,9e-05,9.594000000000001
2025-10-18 00:22:07.257,106599.99,9e-05,9.593999100000001
2025-10-18 00:22:07.365,106600.0,0.0001,10.66
2025-10-18 00:22:07.422,106600.0,0.00026,27.715999999999998
2025-10-18 00:22:07.767,106600.0,0.00928,989.248
2025-10-18 00:22:07.884,106599.99,0.00032,34.11199680000001
2025-10-18 00:22:08.183,106600.0,0.0938,9999.08
2025-10-18 00:22:08.220,106599.99,0.0175,1865.4998250000003
2025-10-18 00:22:08.574,106599.99,8e-05,8.527999200000002
2025-10-18 00:22:08.644,106599.99,0.00698,744.0679302000001
2025-10-18 00:22:09.059,106599.99,0.00019,20.2539981
2025-10-18 00:22:09.849,106600.0,0.00264,281.424
2025-10-18 00:22:10.067,106600.0,0.00228,243.048
2025-10-18 00:22:10.544,106599.99,9e-05,9.593999100000001
2025-10-18 00:22:11.020,106600.0,0.00019,20.254
2025-10-18 00:22:11.212,106600.0,0.00938,999.9079999999999
2025-10-18 00:22:11.564,106599.99,0.00047,50.1019953
2025-10-18 00:22:11.818,106600.0,0.0038,405.08
2025-10-18 00:22:11.962,106600.0,0.00106,112.996
2025-10-18 00:22:12.255,106600.0,0.00023,24.518
2025-10-18 00:22:12.717,106599.99,0.00047,50.1019953
2025-10-18 00:22:12.975,106599.99,0.013,1385.79987
2025-10-18 00:22:12.976,106599.99,0.013,1385.79987
2025-10-18 00:22:13.076,106600.0,0.00605,644.93
2025-10-18 00:22:13.607,106599.99,0.02729,2909.1137271
2025-10-18 00:22:13.722,106600.0,0.00016,17.056
2025-10-18 00:22:13.782,106599.99,0.082,8741.199180000001
2025-10-18 00:22:14.463,106600.0,0.0071,756.86
2025-10-18 00:22:14.718,106600.0,0.00087,92.742
2025-10-18 00:22:14.924,106599.99,0.00029,30.913997100000003
2025-10-18 00:22:15.245,106600.0,0.0001,10.66
2025-10-18 00:22:15.632,106600.0,0.00045,47.97
2025-10-18 00:22:15.662,106599.99,0.00094,100.2039906
2025-10-18 00:22:15.733,106599.99,0.00037,39.4419963
2025-10-18 00:22:16.429,106600.0,5e-05,5.33
2025-10-18 00:22:16.570,106600.0,9e-05,9.594000000000001
2025-10-18 00:22:16.682,106600.0,0.00094,100.204
2025-10-18 00:22:16.718,106600.0,0.00015,15.989999999999998
2025-10-18 00:22:16.969,106600.0,0.00066,70.356
2025-10-18 00:22:17.132,106600.0,8e-05,8.528
2025-10-18 00:22:17.276,106600.0,0.00094,100.204
2025-10-18 00:22:17.291,106600.0,0.0001,10.66
2025-10-18 00:22:17.415,106602.02,5e-05,5.330101000000001
2025-10-18 00:22:17.416,106605.5,0.06038,6436.840090000001
2025-10-18 00:22:17.419,106608.55,5e-05,5.330427500000001
2025-10-18 00:22:17.420,106610.65,0.00765,815.5714724999999
2025-10-18 00:22:17.421,106612.0,0.00295,314.5054
2025-10-18 00:22:17.423,106612.09,0.00937,998.9552832999999
2025-10-18 00:22:17.429,106612.09,0.00938,1000.0214041999999
2025-10-18 00:22:17.440,106612.09,0.00029,30.9175061
2025-10-18 00:22:17.444,106612.09,0.00276,294.2493684
2025-10-18 00:22:17.447,106613.59,0.00015,15.992038499999998
2025-10-18 00:22:17.458,106615.41,0.00015,15.9923115
2025-10-18 00:22:17.618,106616.53,0.0001,10.661653000000001
2025-10-18 00:22:17.623,106616.52,0.00453,482.97283560000005
2025-10-18 00:22:17.658,106616.52,0.20165,21499.221258
2025-10-18 00:22:17.659,106616.52,0.03958,4219.8818616
2025-10-18 00:22:17.675,106616.52,0.14435,15390.094662000001
2025-10-18 00:22:17.677,106614.0,0.0002,21.3228
2025-10-18 00:22:17.678,106614.0,0.0004,42.6456
2025-10-18 00:22:17.747,106614.0,0.39375,41979.2625
2025-10-18 00:22:18.024,106612.09,0.00047,50.10768229999999
2025-10-18 00:22:18.151,106612.08,0.00118,125.80225440000001
2025-10-18 00:22:18.255,106612.09,0.00093,99.1492437
2025-10-18 00:22:18.290,106612.09,0.00094,100.21536459999999
2025-10-18 00:22:18.462,106612.09,0.00071,75.6945839
2025-10-18 00:22:18.725,106612.09,0.00101,107.6782109
2025-10-18 00:22:18.843,106612.09,0.00047,50.10768229999999
2025-10-18 00:22:19.517,106612.08,0.00062,66.0994896
2025-10-18 00:22:20.024,106612.08,0.05897,6286.914357600001
2025-10-18 00:22:20.175,106612.09,0.00015,15.991813499999997
2025-10-18 00:22:20.625,106612.09,0.00019,20.2562971
2025-10-18 00:22:20.647,106612.09,0.00145,154.58753049999999
2025-10-18 00:22:20.917,106611.41,5e-05,5.3305705
2025-10-18 00:22:20.918,106608.46,5e-05,5.330423000000001
2025-10-18 00:22:20.920,106606.75,0.13171,14041.1750425
2025-10-18 00:22:20.925,106605.69,0.00386,411.4979634
2025-10-18 00:22:20.928,106605.69,0.00246,262.2499974
2025-10-18 00:22:20.930,106604.84,0.0295,3144.84278
2025-10-18 00:22:20.972,106603.71,6e-05,6.396222600000001
2025-10-18 00:22:20.974,106603.71,6e-05,6.396222600000001
2025-10-18 00:22:20.976,106603.71,0.0011,117.26408100000002
2025-10-18 00:22:20.979,106603.71,0.00116,123.6603036
2025-10-18 00:22:20.980,106603.7,0.00085,90.61314499999999
2025-10-18 00:22:20.982,106601.44,0.03657,3898.4146608
2025-10-18 00:22:21.013,106601.45,0.00111,118.32760950000001
2025-10-18 00:22:21.019,106601.44,0.00086,91.6772384
2025-10-18 00:22:21.102,106601.44,0.00085,90.61122399999999
2025-10-18 00:22:23.251,106601.45,0.00093,99.1393485
2025-10-18 00:22:23.740,106601.45,0.00628,669.457106
2025-10-18 00:22:23.988,106601.45,0.00012,12.792174
2025-10-18 00:22:24.024,106601.44,0.00048,51.168691200000005
2025-10-18 00:22:24.179,106601.44,0.00171,182.2884624
2025-10-18 00:22:24.809,106601.44,0.38547,41091.6570768
2025-10-18 00:22:24.914,106601.45,0.00018,19.188261
2025-10-18 00:22:25.097,106601.45,0.02232,2379.344364
2025-10-18 00:22:25.484,106601.45,0.00047,50.102681499999996
2025-10-18 00:22:25.637,106601.45,0.00059,62.8948555
2025-10-18 00:22:26.251,106601.45,0.00933,994.5915285
2025-10-18 00:22:26.810,106601.45,0.02205,2350.5619725
2025-10-18 00:22:26.879,106601.45,0.00111,118.32760950000001
2025-10-18 00:22:27.079,106601.45,0.00115,122.5916675
2025-10-18 00:22:27.468,106601.44,7e-05,7.462100799999999
2025-10-18 00:22:27.590,106601.45,0.00055,58.6307975
2025-10-18 00:22:28.249,106601.44,0.00177,188.68454880000002
2025-10-18 00:22:28.441,106601.45,0.04798,5114.737571
2025-10-18 00:22:28.509,106601.45,0.02345,2499.8040024999996
2025-10-18 00:22:29.032,106601.45,0.00012,12.792174
2025-10-18 00:22:29.171,106601.45,0.00297,316.6063065
2025-10-18 00:22:29.405,106601.44,0.00077,82.08310879999999
2025-10-18 00:22:30.216,106601.45,0.02345,2499.8040024999996
2025-10-18 00:22:30.238,106601.45,0.03207,3418.7085015000002
2025-10-18 00:22:30.340,106601.45,0.16462,17548.730699
2025-10-18 00:22:30.341,106603.73,0.00019,20.254708700000002
2025-10-18 00:22:30.350,106604.82,0.0006,63.962892
2025-10-18 00:22:30.357,106606.74,0.00015,15.991010999999999
2025-10-18 00:22:30.382,106606.75,0.03169,3378.3679075000005
2025-10-18 00:22:30.426,106606.75,0.05288,5637.36494
2025-10-18 00:22:30.427,106606.75,0.0111,1183.334925
2025-10-18 00:22:30.616,106606.75,0.00473,504.24992749999996
2025-10-18 00:22:30.934,106606.75,0.00012,12.792810000000001
2025-10-18 00:22:31.015,106606.75,8e-05,8.528540000000001
2025-10-18 00:22:31.125,106606.74,7e-05,7.462471799999999
2025-10-18 00:22:31.174,106606.75,0.00336,358.19868
2025-10-18 00:22:31.466,106606.74,0.01506,1605.4975044
2025-10-18 00:22:31.599,106606.74,7e-05,7.462471799999999
2025-10-18 00:22:31.924,106606.75,0.02345,2499.9282875
2025-10-18 00:22:32.127,106609.75,6e-05,6.396585
2025-10-18 00:22:32.705,106612.32,0.00012,12.793478400000001
2025-10-18 00:22:32.983,106612.31,0.001,106.61231
2025-10-18 00:22:33.625,106612.32,0.02344,2498.9927808
2025-10-18 00:22:34.313,106612.31,0.00224,238.81157439999998
2025-10-18 00:22:34.483,106612.32,0.00012,12.793478400000001
2025-10-18 00:22:34.617,106612.31,0.00026,27.719200599999997
2025-10-18 00:22:34.627,106612.31,0.01548,1650.3585588
2025-10-18 00:22:35.115,106612.31,0.01089,1161.0080559
2025-10-18 00:22:35.301,106612.31,0.00373,397.6639163
2025-10-18 00:22:35.334,106612.31,0.00392,417.9202552
2025-10-18 00:22:35.336,106612.32,0.02344,2498.9927808
2025-10-18 00:22:36.301,106612.32,0.00012,12.793478400000001
2025-10-18 00:22:36.331,106612.31,0.00093,99.1494483
2025-10-18 00:22:36.642,106612.31,0.00015,15.991846499999998
2025-10-18 00:22:36.874,106612.31,0.00037,39.4465547
2025-10-18 00:22:37.045,106612.32,0.02344,2498.9927808
2025-10-18 00:22:37.171,106612.31,0.00026,27.719200599999997
2025-10-18 00:22:37.439,106612.31,0.00052,55.438401199999994
2025-10-18 00:22:37.532,106612.32,0.00068,72.49637760000002
2025-10-18 00:22:37.533,106612.32,0.00039,41.5788048
2025-10-18 00:22:37.534,106612.32,0.00039,41.5788048
2025-10-18 00:22:37.536,106612.32,0.00033,35.1820656
2025-10-18 00:22:37.547,106612.32,0.00023,24.520833600000003
2025-10-18 00:22:38.000,106613.0,6e-05,6.396780000000001
2025-10-18 00:22:38.001,106614.91,5e-05,5.330745500000001
2025-10-18 00:22:38.002,106617.42,0.0003,31.985225999999997
2025-10-18 00:22:38.004,106617.42,0.00048,51.1763616
2025-10-18 00:22:38.006,106619.5,0.00046,49.04497
2025-10-18 00:22:38.007,106619.5,0.00046,49.04497
2025-10-18 00:22:38.008,106619.5,0.01057,1126.968115
2025-10-18 00:22:38.009,106619.5,0.03944,4205.07308
2025-10-18 00:22:38.011,106621.99,0.00898,957.4654702
2025-10-18 00:22:38.020,106621.99,0.00378,403.0311222
2025-10-18 00:22:38.021,106621.99,0.01642,1750.7330758
2025-10-18 00:22:38.022,106622.0,0.00316,336.92552
2025-10-18 00:22:38.026,106622.76,5e-05,5.331138
2025-10-18 00:22:38.034,106622.98,5e-05,5.331149
2025-10-18 00:22:38.050,106628.54,5e-05,5.331427
2025-10-18 00:22:38.061,106630.0,0.00938,1000.1894
2025-10-18 00:22:38.064,106630.0,0.028,2985.64
2025-10-18 00:22:38.065,106630.0,0.028,2985.64
2025-10-18 00:22:38.075,106629.99,0.0172,1834.035828
2025-10-18 00:22:38.139,106630.0,0.00012,12.7956
2025-10-18 00:22:38.582,106629.99,0.03266,3482.5354734000002
2025-10-18 00:22:38.750,106630.0,0.02344,2499.4072
2025-10-18 00:22:38.878,106629.99,0.00493,525.6858507000001
2025-10-18 00:22:38.917,106629.99,0.00011,11.729298900000002
2025-10-18 00:22:38.976,106629.99,7e-05,7.4640993
2025-10-18 00:22:39.285,106630.0,0.00937,999.1231
2025-10-18 00:22:40.188,106629.99,0.0007,74.64099300000001
2025-10-18 00:22:40.445,106630.0,0.02344,2499.4072
2025-10-18 00:22:41.840,106629.89,0.0001,10.662989
2025-10-18 00:22:41.846,106628.54,0.0009,95.96568599999999
2025-10-18 00:22:41.852,106625.73,0.0039,415.84034699999995
2025-10-18 00:22:41.853,106621.54,0.00014,14.927015599999997
2025-10-18 00:22:41.860,106619.49,0.00015,15.9929235
2025-10-18 00:22:41.864,106619.34,0.03704,3949.1803535999993
2025-10-18 00:22:41.866,106619.33,0.00186,198.31195380000003
2025-10-18 00:22:41.876,106619.03,0.00876,933.9827028000001
2025-10-18 00:22:42.145,106619.04,0.02344,2499.1502975999997
2025-10-18 00:22:42.237,106619.03,0.01567,1670.7202001
2025-10-18 00:22:42.604,106619.04,0.00047,50.110948799999996
2025-10-18 00:22:42.668,106619.03,0.007,746.33321
2025-10-18 00:22:42.840,106619.03,9e-05,9.5957127
2025-10-18 00:22:43.410,106619.03,0.00198,211.10567939999999
2025-10-18 00:22:43.692,106619.03,0.02186,2330.6919958
2025-10-18 00:22:43.856,106619.04,0.02344,2499.1502975999997
2025-10-18 00:22:44.352,106619.03,0.00025,26.6547575
2025-10-18 00:22:44.762,106619.03,0.00046,49.0447538
2025-10-18 00:22:45.061,106619.04,7e-05,7.463332799999999
2025-10-18 00:22:45.091,106619.03,0.00018,19.1914254
2025-10-18 00:22:45.352,106619.04,0.01339,1427.6289456
2025-10-18 00:22:45.567,106619.04,0.02344,2499.1502975999997
2025-10-18 00:22:45.811,106619.04,0.0027,287.871408
2025-10-18 00:22:46.450,106619.04,0.00234,249.4885536
2025-10-18 00:22:46.482,106619.04,0.00281,299.5995024
2025-10-18 00:22:47.279,106619.04,0.00672,716.4799488
2025-10-18 00:22:47.973,106619.04,0.14071,15002.3651184
2025-10-18 00:22:48.567,106619.03,9e-05,9.5957127
2025-10-18 00:22:49.080,106619.03,0.00018,19.1914254
2025-10-18 00:22:49.529,106619.04,0.00037,39.449044799999996
2025-10-18 00:22:49.750,106619.04,0.00028,29.853331199999996
2025-10-18 00:22:49.913,106619.04,1.04607,111530.9791728
2025-10-18 00:22:50.680,106619.05,0.013,1386.04765
2025-10-18 00:22:50.704,106619.05,0.004,426.4762
2025-10-18 00:22:50.794,106619.05,0.017,1812.5238500000003
2025-10-18 00:22:50.809,106619.05,0.011,1172.80955
2025-10-18 00:22:50.843,106619.04,0.00027,28.7871408
2025-10-18 00:22:50.865,106619.05,0.001,106.61905
2025-10-18 00:22:50.923,106619.05,0.003,319.85715
2025-10-18 00:22:51.059,106619.05,0.007,746.33335
2025-10-18 00:22:51.849,106619.05,0.0001,10.661905
2025-10-18 00:22:51.953,106619.04,0.00035,37.316663999999996
2025-10-18 00:22:52.095,106619.04,0.00028,29.853331199999996
2025-10-18 00:22:52.117,106619.04,7e-05,7.463332799999999
2025-10-18 00:22:52.184,106619.04,0.00127,135.4061808
2025-10-18 00:22:52.330,106619.05,0.11885,12671.6740925
2025-10-18 00:22:52.991,106619.04,0.00036,38.3828544
2025-10-18 00:22:53.014,106619.04,0.00028,29.853331199999996
2025-10-18 00:22:53.283,106619.05,0.00034,36.250477000000004
2025-10-18 00:22:53.371,106619.05,0.0569,6066.623945
2025-10-18 00:22:54.112,106619.21,0.0002,21.323842000000003
2025-10-18 00:22:54.113,106620.0,5e-05,5.331
2025-10-18 00:22:54.114,106622.83,5e-05,5.3311415
2025-10-18 00:22:54.115,106623.3,0.0005,53.31165
2025-10-18 00:22:54.116,106626.71,5e-05,5.331335500000001
2025-10-18 00:22:54.126,106627.43,0.00075,79.9705725
2025-10-18 00:22:54.132,106627.43,0.0014,149.278402
2025-10-18 00:22:54.181,106629.7,0.028,2985.6316
2025-10-18 00:22:54.185,106629.7,0.028,2985.6316
2025-10-18 00:22:55.594,106629.69,0.00047,50.1159543
2025-10-18 00:22:56.216,106629.69,0.00135,143.9500815
2025-10-18 00:22:57.754,106629.69,0.0078,831.711582
2025-10-18 00:22:58.750,106629.69,0.00019,20.259641100000003
2025-10-18 00:22:58.762,106629.7,0.0107,1140.93779
2025-10-18 00:22:58.837,106629.69,0.00017,18.1270473
2025-10-18 00:22:58.986,106629.69,0.0002,21.325938
2025-10-18 00:22:59.292,106629.7,0.00017,18.127049
2025-10-18 00:22:59.326,106629.7,0.0033,351.87800999999996
2025-10-18 00:22:59.375,106634.38,5e-05,5.3317190000000005
2025-10-18 00:22:59.379,106636.01,5e-05,5.3318005
2025-10-18 00:22:59.381,106636.5,0.0285,3039.14025
2025-10-18 00:22:59.382,106638.0,2e-05,2.13276
2025-10-18 00:22:59.383,106637.59,5e-05,5.3318795
2025-10-18 00:22:59.384,106642.0,0.00122,130.10324
2025-10-18 00:22:59.391,106643.03,0.00759,809.4205977
2025-10-18 00:22:59.405,106643.03,0.02938,3133.1722214
2025-10-18 00:22:59.408,106643.03,0.02,2132.8606
2025-10-18 00:22:59.411,106643.03,0.01634,1742.5471102
2025-10-18 00:22:59.412,106643.6,0.00015,15.99654
2025-10-18 00:22:59.433,106644.0,0.0028,298.6032
2025-10-18 00:22:59.434,106644.09,0.00015,15.996613499999999
2025-10-18 00:22:59.437,106646.0,0.00255,271.94730000000004
2025-10-18 00:22:59.445,106646.0,0.00025,26.6615
2025-10-18 00:22:59.467,106648.0,0.00556,592.9628799999999
2025-10-18 00:22:59.475,106648.0,0.01136,1211.52128
2025-10-18 00:22:59.480,106648.0,0.00084,89.58432
2025-10-18 00:22:59.515,106648.0,0.00369,393.53112
2025-10-18 00:22:59.516,106648.0,0.00432,460.71936
2025-10-18 00:22:59.517,106648.0,0.00788,840.3862399999999
2025-10-18 00:23:00.110,106648.0,0.0024,255.9552
2025-10-18 00:23:00.215,106647.99,0.00335,357.27076650000004
2025-10-18 00:23:00.338,106647.99,0.19288,20570.2643112
2025-10-18 00:23:00.592,106648.0,0.00188,200.49823999999998
2025-10-18 00:23:01.446,106648.0,8e-05,8.53184
2025-10-18 00:23:02.374,106648.0,0.00344,366.86912
2025-10-18 00:23:02.715,106652.0,0.00286,305.02472
2025-10-18 00:23:02.796,106656.98,0.00027,28.7973846
2025-10-18 00:23:02.955,106656.98,0.0041,437.29361800000004
2025-10-18 00:23:03.144,106656.98,0.30602,32639.1690196
2025-10-18 00:23:03.220,106656.99,0.101,10772.355990000002
2025-10-18 00:23:03.233,106656.98,0.00019,20.2648262
2025-10-18 00:23:03.241,106656.99,0.101,10772.355990000002
2025-10-18 00:23:03.265,106656.99,0.101,10772.355990000002
2025-10-18 00:23:03.287,106656.98,0.00035,37.329943
2025-10-18 00:23:03.383,106656.98,0.00028,29.863954399999997
2025-10-18 00:23:03.770,106656.98,9e-05,9.5991282
2025-10-18 00:23:03.852,106656.98,0.00892,951.3802616
2025-10-18 00:23:03.969,106656.99,0.00029,30.930527100000003
2025-10-18 00:23:04.068,106656.99,0.00778,829.7913822
2025-10-18 00:23:04.072,106657.0,0.00398,424.49486
2025-10-18 00:23:04.077,106658.5,0.0106,1130.5801
2025-10-18 00:23:04.078,106658.5,0.0296,3157.0916
2025-10-18 00:23:04.085,106658.5,0.01098,1171.11033
2025-10-18 00:23:04.092,106658.5,0.00938,1000.45673
2025-10-18 00:23:04.099,106658.5,0.02282,2433.94697
2025-10-18 00:23:04.107,106660.19,0.0001,10.666019
2025-10-18 00:23:04.111,106660.3,0.0001,10.666030000000001
2025-10-18 00:23:04.120,106660.3,0.00058,61.862974
2025-10-18 00:23:04.131,106660.3,0.00191,203.72117300000002
2025-10-18 00:23:04.146,106660.3,0.00011,11.732633
2025-10-18 00:23:04.181,106660.3,0.00158,168.52327400000001
2025-10-18 00:23:04.267,106660.3,0.00163,173.856289
2025-10-18 00:23:04.575,106660.29,0.00214,228.25302059999999
2025-10-18 00:23:04.874,106660.29,0.00027,28.7982783
2025-10-18 00:23:05.096,106660.29,0.00441,470.37187889999996
2025-10-18 00:23:05.117,106660.3,0.00047,50.130341
2025-10-18 00:23:05.580,106660.29,0.00015,15.999043499999997
2025-10-18 00:23:06.416,106660.29,0.00036,38.3977044
2025-10-18 00:23:06.511,106660.3,0.00011,11.732633
2025-10-18 00:23:06.594,106660.29,9e-05,9.5994261
2025-10-18 00:23:06.734,106660.3,0.0056,597.29768
2025-10-18 00:23:07.043,106660.3,0.00241,257.05132299999997
2025-10-18 00:23:07.081,106660.38,0.00151,161.05717380000002
2025-10-18 00:23:07.093,106663.14,0.00025,26.665785
2025-10-18 00:23:07.157,106664.0,0.00937,999.44168
2025-10-18 00:23:07.300,106664.0,0.0006,63.9984
2025-10-18 00:23:07.415,106667.16,5e-05,5.3333580000000005
2025-10-18 00:23:07.620,106670.43,0.4,42668.172
2025-10-18 00:23:07.786,106670.44,0.00609,649.6229796
2025-10-18 00:23:08.319,106670.44,0.101,10773.714440000002
2025-10-18 00:23:08.337,106670.44,0.101,10773.714440000002
2025-10-18 00:23:08.355,106670.44,0.101,10773.714440000002
2025-10-18 00:23:08.377,106670.44,0.101,10773.714440000002
2025-10-18 00:23:08.406,106670.44,0.101,10773.714440000002
2025-10-18 00:23:08.425,106670.44,0.101,10773.714440000002
2025-10-18 00:23:08.448,106670.44,0.101,10773.714440000002
2025-10-18 00:23:08.798,106670.43,0.24749,26399.864720699996
2025-10-18 00:23:09.008,106670.43,0.0001,10.667043
2025-10-18 00:23:09.109,106670.43,0.00028,29.867720399999996
2025-10-18 00:23:09.171,106670.43,0.01055,1125.3730365
2025-10-18 00:23:09.187,106670.43,9e-05,9.6003387
2025-10-18 00:23:09.384,106670.43,0.00168,179.2063224
2025-10-18 00:23:09.757,106670.43,0.00801,854.4301442999999
2025-10-18 00:23:10.737,106670.43,0.00028,29.867720399999996
2025-10-18 00:23:10.892,106670.43,0.01309,1396.3159286999999
2025-10-18 00:23:11.666,106670.43,0.00013,13.867155899999998
2025-10-18 00:23:11.712,106670.43,0.00027,28.8010161
2025-10-18 00:23:12.578,106670.43,0.00015,16.000564499999996
2025-10-18 00:23:12.630,106670.43,0.00017,18.1339731
2025-10-18 00:23:12.934,106670.44,0.0014,149.338616
2025-10-18 00:23:13.038,106670.43,0.00017,18.1339731
2025-10-18 00:23:13.120,106670.44,0.04946,5275.919962399999
2025-10-18 00:23:13.226,106670.43,0.00028,29.867720399999996
2025-10-18 00:23:13.283,106670.44,0.65511,69880.8719484
2025-10-18 00:23:13.541,106670.44,0.00082,87.4697608
2025-10-18 00:23:13.575,106670.44,6e-05,6.4002264
2025-10-18 00:23:13.692,106670.43,0.00028,29.867720399999996
2025-10-18 00:23:13.962,106670.43,0.00206,219.7410858
2025-10-18 00:23:14.167,106670.44,0.00019,20.267383600000002
2025-10-18 00:23:14.922,106670.44,0.00036,38.40135840000001
2025-10-18 00:23:15.210,106670.43,0.00027,28.8010161
2025-10-18 00:23:15.462,106670.44,0.00062,66.1356728
2025-10-18 00:23:15.650,106670.43,9e-05,9.6003387
2025-10-18 00:23:15.667,106670.43,0.00659,702.9581337
2025-10-18 00:23:15.745,106670.44,9e-05,9.600339600000002
2025-10-18 00:23:16.591,106670.44,8e-05,8.5336352
2025-10-18 00:23:17.019,106670.43,0.00028,29.867720399999996
2025-10-18 00:23:17.363,106670.44,0.00081,86.4030564
2025-10-18 00:23:17.768,106670.44,0.00029,30.9344276
2025-10-18 00:23:18.304,106670.43,0.00036,38.4013548
2025-10-18 00:23:19.945,106670.43,0.013,1386.7155899999998
2025-10-18 00:23:19.946,106670.43,0.013,1386.7155899999998
2025-10-18 00:23:20.006,106670.43,1.09345,116638.7816835
2025-10-18 00:23:20.008,106670.29,0.0002,21.334058
2025-10-18 00:23:20.020,106670.0,0.00848,904.5616
2025-10-18 00:23:20.025,106668.51,0.00115,122.6687865
2025-10-18 00:23:20.026,106667.44,5e-05,5.333372000000001
2025-10-18 00:23:20.033,106666.17,0.00404,430.9313268
2025-10-18 00:23:20.041,106666.17,0.00126,134.3993742
2025-10-18 00:23:20.050,106664.04,0.03735,3983.901894
2025-10-18 00:23:20.067,106664.04,9e-05,9.5997636
2025-10-18 00:23:20.126,106661.51,0.00015,15.999226499999997
2025-10-18 00:23:20.140,106661.5,8e-05,8.53292
2025-10-18 00:23:20.147,106661.5,0.00028,29.865219999999997
2025-10-18 00:23:20.207,106661.51,6e-05,6.3996906
2025-10-18 00:23:20.283,106661.5,0.00326,347.71648999999996
2025-10-18 00:23:20.296,106661.5,0.00204,217.58946
2025-10-18 00:23:20.310,106661.42,0.0001,10.666142
2025-10-18 00:23:20.374,106660.3,0.00164,174.922892
2025-10-18 00:23:20.415,106653.02,5e-05,5.332651
2025-10-18 00:23:20.876,106651.09,0.00013,13.864641699999998
2025-10-18 00:23:21.004,106651.09,0.00082,87.45389379999999
2025-10-18 00:23:21.287,106651.09,0.05422,5782.6220998
2025-10-18 00:23:21.559,106651.09,0.0002,21.330218
2025-10-18 00:23:21.560,106651.08,0.00925,986.52249
2025-10-18 00:23:21.561,106648.67,0.00015,15.997300499999998
2025-10-18 00:23:21.615,106641.01,0.0291,3103.2533909999997
2025-10-18 00:23:21.690,106641.01,0.0005,53.320505
2025-10-18 00:23:21.704,106641.0,0.00638,680.36958
2025-10-18 00:23:22.015,106635.08,0.0015,159.95262
2025-10-18 00:23:22.774,106635.07,0.00419,446.80094330000003
2025-10-18 00:23:22.808,106635.06,6e-05,6.3981036
2025-10-18 00:23:22.865,106635.06,0.00027,28.7914662
2025-10-18 00:23:23.194,106635.07,0.00636,678.1990452000001
2025-10-18 00:23:23.598,106635.06,0.00027,28.7914662
2025-10-18 00:23:23.975,106635.06,0.00027,28.7914662
2025-10-18 00:23:24.036,106635.06,0.00018,19.1943108
2025-10-18 00:23:24.215,106629.91,5e-05,5.331495500000001
2025-10-18 00:23:24.360,106626.08,0.013,1386.13904
2025-10-18 00:23:24.361,106626.08,0.013,1386.13904
2025-10-18 00:23:24.363,106626.08,0.013,1386.13904
2025-10-18 00:23:25.243,106626.09,0.00011,11.7288699
2025-10-18 00:23:25.261,106626.08,9e-05,9.5963472
2025-10-18 00:23:25.643,106626.08,7e-05,7.4638256
2025-10-18 00:23:25.956,106626.08,0.013,1386.13904
2025-10-18 00:23:26.015,106626.08,9e-05,9.5963472
2025-10-18 00:23:26.267,106626.08,0.00186,198.32450880000002
2025-10-18 00:23:26.688,106626.09,4e-05,4.2650436
2025-10-18 00:23:26.788,106626.08,0.013,1386.13904
2025-10-18 00:23:26.789,106626.08,0.013,1386.13904
2025-10-18 00:23:26.790,106626.08,0.015,1599.3912
2025-10-18 00:23:26.948,106626.08,0.015,1599.3912
2025-10-18 00:23:27.083,106626.08,0.013,1386.13904
2025-10-18 00:23:27.084,106626.08,0.013,1386.13904
2025-10-18 00:23:27.107,106626.08,0.015,1599.3912
2025-10-18 00:23:27.207,106626.08,0.013,1386.13904
2025-10-18 00:23:27.208,106626.08,0.013,1386.13904
2025-10-18 00:23:27.231,106625.99,0.0002,21.325198
2025-10-18 00:23:27.241,106621.33,5e-05,5.3310665
2025-10-18 00:23:27.283,106620.01,0.00564,601.3368564
2025-10-18 00:23:27.487,106620.01,0.00023,24.5226023
2025-10-18 00:23:27.533,106619.03,0.06203,6613.5784309
2025-10-18 00:23:27.534,106619.03,0.03132,3339.3080196
2025-10-18 00:23:27.537,106618.99,0.0004,42.64759600000001
2025-10-18 00:23:27.538,106617.99,0.0002,21.323598
2025-10-18 00:23:27.543,106617.12,5e-05,5.330856
2025-10-18 00:23:27.551,106616.0,0.0022,234.5552
2025-10-18 00:23:27.552,106609.0,9e-05,9.59481
2025-10-18 00:23:27.562,106607.02,0.00794,846.4597388
2025-10-18 00:23:27.564,106607.02,0.00659,702.5402618
2025-10-18 00:23:27.577,106604.21,6e-05,6.3962526
2025-10-18 00:23:27.601,106604.22,0.0263,2803.690986
2025-10-18 00:23:27.810,106604.22,0.00021,22.386886200000003
2025-10-18 00:23:28.285,106604.22,0.00026,27.717097199999998
2025-10-18 00:23:28.640,106604.22,0.00047,50.1039834
2025-10-18 00:23:28.805,106604.22,0.00012,12.7925064
2025-10-18 00:23:28.930,106604.21,0.02259,2408.1891039
2025-10-18 00:23:29.194,106604.21,0.00027,28.783136700000004
2025-10-18 00:23:29.406,106604.21,0.013,1385.85473
2025-10-18 00:23:29.408,106604.21,0.013,1385.85473
2025-10-18 00:23:29.829,106604.21,0.00686,731.3048806
2025-10-18 00:23:29.911,106604.21,0.00036,38.3775156
2025-10-18 00:23:30.066,106604.22,0.00078,83.1512916
2025-10-18 00:23:30.100,106604.21,0.013,1385.85473
2025-10-18 00:23:30.269,106604.22,0.00609,649.2196998
2025-10-18 00:23:30.710,106604.21,0.00137,146.0477677
2025-10-18 00:23:30.840,106604.21,0.00081,86.3494101
2025-10-18 00:23:30.962,106604.21,0.00027,28.783136700000004
2025-10-18 00:23:31.026,106604.21,0.00605,644.9554705
2025-10-18 00:23:31.250,106604.22,0.02038,2172.5940035999997
2025-10-18 00:23:31.305,106604.21,0.00037,39.4435577
2025-10-18 00:23:31.419,106604.21,0.013,1385.85473
2025-10-18 00:23:31.423,106604.21,0.013,1385.85473
2025-10-18 00:23:31.424,106604.21,0.013,1385.85473
2025-10-18 00:23:31.643,106604.21,0.013,1385.85473
2025-10-18 00:23:31.644,106604.21,0.013,1385.85473
2025-10-18 00:23:32.017,106604.22,0.0001,10.660422
2025-10-18 00:23:32.125,106604.21,0.00028,29.8491788
2025-10-18 00:23:32.895,106604.22,0.00022,23.4529284
2025-10-18 00:23:32.949,106604.21,0.00686,731.3048806
2025-10-18 00:23:33.313,106604.22,0.00044,46.9058568
2025-10-18 00:23:33.517,106604.22,0.00027,28.7831394
2025-10-18 00:23:33.869,106604.21,0.00017,18.122715700000004
2025-10-18 00:23:33.978,106604.21,0.00028,29.8491788
2025-10-18 00:23:35.060,106604.21,0.00027,28.783136700000004
2025-10-18 00:23:35.171,106604.22,0.00219,233.46324180000002
2025-10-18 00:23:35.224,106604.21,0.00047,50.1039787
2025-10-18 00:23:35.233,106604.21,0.00011,11.726463100000002
2025-10-18 00:23:35.389,106604.22,0.00207,220.67073539999998
2025-10-18 00:23:35.429,106604.21,0.00508,541.5493868000001
2025-10-18 00:23:35.497,106604.21,0.00027,28.783136700000004
2025-10-18 00:23:36.463,106604.22,0.00469,499.97379179999996
2025-10-18 00:23:36.542,106604.21,0.00179,190.82153590000001
2025-10-18 00:23:36.587,106604.21,6e-05,6.3962526
2025-10-18 00:23:36.597,106604.21,0.01322,1409.3076562
2025-10-18 00:23:36.793,106604.21,0.00427,455.1999767000001
2025-10-18 00:23:36.824,106604.22,0.00047,50.1039834
2025-10-18 00:23:37.456,106604.21,0.00028,29.8491788
2025-10-18 00:23:37.519,106604.21,0.00027,28.783136700000004
2025-10-18 00:23:38.416,106604.21,0.00028,29.8491788
2025-10-18 00:23:39.166,106604.21,0.00018,19.1887578
2025-10-18 00:23:39.802,106604.21,0.00715,762.2201015
2025-10-18 00:23:39.910,106604.22,0.15477,16499.135129399998
2025-10-18 00:23:39.941,106604.22,0.00156,166.3025832
2025-10-18 00:23:39.999,106604.21,0.00019,20.254799900000002
2025-10-18 00:23:40.919,106604.21,0.00053,56.5002313
2025-10-18 00:23:42.336,106604.21,0.00028,29.8491788
2025-10-18 00:23:43.170,106604.21,0.00937,998.8814477000001
2025-10-18 00:23:43.915,106604.21,0.00447,476.5208187
2025-10-18 00:23:45.944,106604.21,0.00742,791.0032382
2025-10-18 00:23:46.031,106603.99,0.0002,21.320798000000003
2025-10-18 00:23:46.033,106601.04,0.00015,15.990155999999997
2025-10-18 00:23:46.037,106599.43,0.0015,159.899145
2025-10-18 00:23:46.039,106595.77,0.00091,97.0021507
2025-10-18 00:23:46.040,106589.5,0.0001,10.65895
2025-10-18 00:23:46.047,106584.0,0.0026,277.1184
2025-10-18 00:23:46.049,106585.5,0.013,1385.6115
2025-10-18 00:23:46.050,106585.75,6e-05,6.395145
2025-10-18 00:23:46.067,106585.76,0.00046,49.0294496
2025-10-18 00:23:47.285,106585.75,0.00027,28.7781525
2025-10-18 00:23:47.777,106585.75,0.00023,24.5147225
2025-10-18 00:23:48.149,106585.75,0.00027,28.7781525
2025-10-18 00:23:48.327,106585.75,0.00144,153.48348000000001
2025-10-18 00:23:49.847,106585.76,0.00203,216.3690928
2025-10-18 00:23:50.748,106585.76,0.1876,19995.488575999996
2025-10-18 00:23:51.689,106585.75,0.01853,1975.0339475
2025-10-18 00:23:52.097,106585.75,0.00018,19.185435000000002
2025-10-18 00:23:52.371,106585.75,0.00027,28.7781525
2025-10-18 00:23:52.468,106585.75,9e-05,9.592717500000001
2025-10-18 00:23:54.201,106585.75,0.00018,19.185435000000002
2025-10-18 00:23:54.489,106585.76,0.00058,61.8197408
2025-10-18 00:23:55.031,106585.75,0.00028,29.844009999999997
2025-10-18 00:23:55.165,106585.75,0.00037,39.436727499999996
2025-10-18 00:23:55.409,106585.75,0.00042,44.766015
2025-10-18 00:23:55.508,106585.76,0.00298,317.6255648
2025-10-18 00:23:57.375,106585.76,0.0003,31.975727999999997
2025-10-18 00:23:57.582,106585.75,0.00234,249.41065500000002
2025-10-18 00:23:57.691,106585.75,0.01229,1309.9388675
2025-10-18 00:23:58.220,106585.75,0.00211,224.8959325
2025-10-18 00:23:58.747,106585.75,0.00047,50.095302499999995
2025-10-18 00:23:59.512,106585.76,8e-05,8.5268608
2025-10-18 00:23:59.541,106585.76,0.00908,967.7987007999999
2025-10-18 00:23:59.613,106585.76,7e-05,7.461003199999999
2025-10-18 00:23:59.870,106585.76,0.00328,349.60129279999995
2025-10-18 00:24:00.231,106585.76,0.01086,1157.5213535999999
2025-10-18 00:24:00.305,106585.75,0.00019,20.2512925
2025-10-18 00:24:00.992,106585.75,0.00023,24.5147225
2025-10-18 00:24:01.168,106585.76,0.0001,10.658576
2025-10-18 00:24:01.386,106585.75,0.00018,19.185435000000002
2025-10-18 00:24:01.392,106585.76,0.00115,122.573624
2025-10-18 00:24:01.449,106585.75,0.44305,47222.8165375
2025-10-18 00:24:01.590,106585.75,6e-05,6.395145
2025-10-18 00:24:01.819,106585.75,6e-05,6.395145
2025-10-18 00:24:02.218,106585.76,0.0003,31.975727999999997
2025-10-18 00:24:02.326,106585.75,0.00263,280.3205225
2025-10-18 00:24:02.378,106585.75,0.00028,29.844009999999997
2025-10-18 00:24:02.592,106585.76,0.01875,1998.4829999999997
2025-10-18 00:24:03.301,106585.75,0.0001,10.658575
2025-10-18 00:24:03.675,106585.75,0.00055,58.6221625
2025-10-18 00:24:04.231,106585.76,0.1944,20720.271743999998
2025-10-18 00:24:04.248,106588.08,0.0009,95.929272
2025-10-18 00:24:04.258,106588.45,0.04103,4373.324103499999
2025-10-18 00:24:04.277,106589.83,0.0013,138.566779
2025-10-18 00:24:04.305,106590.02,0.00374,398.64667479999997
2025-10-18 00:24:04.311,106590.02,0.00047,50.0973094
2025-10-18 00:24:04.313,106590.02,0.00073,77.8107146
2025-10-18 00:24:04.315,106593.5,2e-05,2.13187
2025-10-18 00:24:04.316,106593.5,4e-05,4.26374
2025-10-18 00:24:04.417,106596.75,6e-05,6.395805
2025-10-18 00:24:04.624,106602.02,0.00018,19.188363600000002
2025-10-18 00:24:04.813,106602.02,8e-05,8.5281616
2025-10-18 00:24:04.846,106602.02,0.00674,718.4976148000001
2025-10-18 00:24:05.417,106602.03,0.00019,20.2543857
2025-10-18 00:24:05.742,106602.02,0.00492,524.4819384
2025-10-18 00:24:06.405,106602.02,6e-05,6.3961212000000005
2025-10-18 00:24:06.443,106602.02,0.00031,33.0466262
2025-10-18 00:24:06.932,106602.02,0.00047,50.1029494
2025-10-18 00:24:07.937,106602.03,0.00015,15.990304499999999
2025-10-18 00:24:07.957,106602.02,0.00026,27.7165252
2025-10-18 00:24:08.124,106602.02,0.001,106.60202000000001
2025-10-18 00:24:08.493,106602.03,0.00518,552.1985154
2025-10-18 00:24:08.631,106602.02,5e-05,5.330101000000001
2025-10-18 00:24:08.924,106602.02,0.001,106.60202000000001
2025-10-18 00:24:09.017,106602.02,0.00019,20.254383800000003
2025-10-18 00:24:09.079,106602.02,0.00015,15.990302999999999
2025-10-18 00:24:09.169,106602.02,0.01405,1497.758381
2025-10-18 00:24:09.346,106602.02,0.0019,202.543838
2025-10-18 00:24:09.708,106602.02,0.00282,300.6176964
2025-10-18 00:24:10.227,106602.02,0.00069,73.5553938
2025-10-18 00:24:10.624,106602.03,0.00081,86.3476443
2025-10-18 00:24:10.700,106602.02,0.00648,690.7810896
2025-10-18 00:24:11.092,106602.02,0.0741,7899.209682000001
2025-10-18 00:24:11.843,106602.02,0.05264,5611.5303328
2025-10-18 00:24:11.847,106602.02,0.00046,49.0369292
2025-10-18 00:24:11.964,106602.03,0.0017,181.22345099999998
2025-10-18 00:24:12.470,106602.02,0.00011,11.7262222
2025-10-18 00:24:13.833,106602.03,0.038,4050.87714
2025-10-18 00:24:14.614,106602.02,0.01579,1683.2458958
2025-10-18 00:24:14.891,106602.02,0.00217,231.32638340000003
2025-10-18 00:24:15.067,106602.02,0.0006,63.961211999999996
2025-10-18 00:24:15.405,106602.03,0.0082,874.136646
2025-10-18 00:24:15.579,106602.02,0.00019,20.254383800000003
2025-10-18 00:24:15.834,106602.02,0.00059,62.895191800000006
2025-10-18 00:24:15.835,106602.03,0.0007,74.621421
2025-10-18 00:24:16.320,106602.02,0.0285,3038.1575700000003
2025-10-18 00:24:16.426,106602.02,0.00019,20.254383800000003
2025-10-18 00:24:16.430,106602.02,0.0285,3038.1575700000003
2025-10-18 00:24:16.511,106602.02,0.00017,18.122343400000002
2025-10-18 00:24:16.515,106602.03,0.00976,1040.4358128
2025-10-18 00:24:16.541,106602.02,0.0285,3038.1575700000003
2025-10-18 00:24:16.792,106602.03,0.00125,133.2525375
2025-10-18 00:24:16.808,106602.02,0.01,1066.0202000000002
2025-10-18 00:24:16.818,106602.02,0.00081,86.3476362
2025-10-18 00:24:17.305,106602.03,0.0002,21.320406000000002
2025-10-18 00:24:17.643,106602.03,8e-05,8.528162400000001
2025-10-18 00:24:17.646,106602.03,0.00013,13.858263899999999
2025-10-18 00:24:17.662,106602.03,0.0001,10.660203000000001
2025-10-18 00:24:17.832,106602.03,0.0001,10.660203000000001
2025-10-18 00:24:18.118,106602.03,0.00057,60.763157099999994
2025-10-18 00:24:18.332,106602.03,0.0001,10.660203000000001
2025-10-18 00:24:18.391,106602.03,7e-05,7.4621420999999994
2025-10-18 00:24:18.432,106602.03,0.0001,10.660203000000001
2025-10-18 00:24:18.591,106602.03,0.0001,10.660203000000001
2025-10-18 00:24:18.939,106602.02,0.00692,737.6859784000001
2025-10-18 00:24:18.996,106602.02,0.07852,8370.390610400002
2025-10-18 00:24:18.997,106602.02,0.0555,5916.41211
2025-10-18 00:24:19.000,106602.02,0.013,1385.82626
2025-10-18 00:24:19.001,106602.02,0.013,1385.82626
2025-10-18 00:24:19.004,106602.02,0.08995,9588.851699
2025-10-18 00:24:19.005,106601.99,0.3137,33441.044262999996
2025-10-18 00:24:19.007,106601.99,0.18241,19445.268995899998
2025-10-18 00:24:19.012,106600.03,0.00025,26.6500075
2025-10-18 00:24:19.047,106599.56,0.0007,74.619692
2025-10-18 00:24:19.049,106597.77,0.00215,229.1852055
2025-10-18 00:24:19.051,106597.76,0.00465,495.6795839999999
2025-10-18 00:24:19.065,106596.26,0.0009,95.936634
2025-10-18 00:24:19.067,106595.63,0.00563,600.1333969
2025-10-18 00:24:19.069,106595.63,0.00025,26.6489075
2025-10-18 00:24:19.071,106595.63,0.0007,74.616941
2025-10-18 00:24:19.073,106595.63,0.0001,10.659563
2025-10-18 00:24:19.075,106595.62,0.0007,74.616934
2025-10-18 00:24:19.076,106595.62,0.00045,47.968028999999994
2025-10-18 00:24:19.077,106595.62,0.00035,37.308467
2025-10-18 00:24:19.078,106595.61,0.00044,46.902068400000005
2025-10-18 00:24:19.079,106595.61,0.00091,97.0020051
2025-10-18 00:24:19.081,106593.5,6e-05,6.3956100000000005
2025-10-18 00:24:19.089,106591.37,0.2,21318.274
2025-10-18 00:24:19.294,106591.37,0.00019,20.2523603
2025-10-18 00:24:19.376,106591.37,0.0001,10.659137
2025-10-18 00:24:19.386,106591.37,7e-05,7.461395899999999
2025-10-18 00:24:19.409,106591.37,0.00045,47.9661165
2025-10-18 00:24:19.832,106591.36,0.00441,470.0678976
2025-10-18 00:24:20.111,106591.37,0.00081,86.33900969999999
2025-10-18 00:24:20.124,106591.37,7e-05,7.461395899999999
2025-10-18 00:24:21.618,106591.36,0.00152,162.01886720000002
2025-10-18 00:24:21.824,106591.37,5e-05,5.3295685
2025-10-18 00:24:21.856,106591.37,0.00468,498.8476116
2025-10-18 00:24:22.468,106591.37,0.0001,10.659137
2025-10-18 00:24:22.946,106591.36,0.00213,227.0395968
2025-10-18 00:24:22.983,106591.37,0.00082,87.4049234
2025-10-18 00:24:23.393,106591.36,0.00018,19.1864448
2025-10-18 00:24:23.576,106591.37,7e-05,7.461395899999999
2025-10-18 00:24:24.115,106591.37,0.00046,49.0320302
2025-10-18 00:24:24.546,106591.37,0.00141,150.2938317
2025-10-18 00:24:24.597,106591.36,0.01499,1597.8044864
2025-10-18 00:24:25.291,106591.36,0.00013,13.856876799999998
2025-10-18 00:24:25.822,106591.37,0.0304,3240.3776479999997
2025-10-18 00:24:25.944,106591.37,0.00093,99.1299741
2025-10-18 00:24:26.151,106591.37,9e-05,9.5932233
2025-10-18 00:24:26.593,106591.36,0.00033,35.1751488
2025-10-18 00:24:27.174,106591.37,0.0183,1950.622071
2025-10-18 00:24:27.785,106591.37,0.0001,10.659137
2025-10-18 00:24:27.940,106591.36,5e-05,5.329568
2025-10-18 00:24:28.179,106591.37,0.509,54255.00733
2025-10-18 00:24:28.781,106591.37,0.00061,65.02073569999999
2025-10-18 00:24:29.341,106591.37,0.00281,299.5217497
2025-10-18 00:24:29.718,106591.36,0.00611,651.2732096
2025-10-18 00:24:29.730,106591.36,0.00328,349.6196608
2025-10-18 00:24:30.026,106591.36,9e-05,9.5932224
2025-10-18 00:24:30.465,106591.37,0.00012,12.7909644
2025-10-18 00:24:30.503,106591.37,0.00574,611.8344638
2025-10-18 00:24:30.504,106591.36,0.00011,11.7250496
2025-10-18 00:24:31.211,106591.37,0.00685,730.1508845
2025-10-18 00:24:31.598,106591.36,8e-05,8.5273088
2025-10-18 00:24:32.429,106591.37,0.00078,83.14126859999999
2025-10-18 00:24:32.996,106591.37,9e-05,9.5932233
2025-10-18 00:24:33.592,106591.37,0.00087,92.7344919
2025-10-18 00:24:33.925,106591.37,0.00017,18.1205329
2025-10-18 00:24:34.040,106591.36,0.00119,126.84371840000001
2025-10-18 00:24:34.313,106591.37,0.00056,59.691167199999995
2025-10-18 00:24:34.419,106591.36,0.00047,50.0979392
2025-10-18 00:24:34.622,106591.36,0.0022,234.50099200000002
2025-10-18 00:24:35.133,106591.37,0.0047,500.979439
2025-10-18 00:24:35.869,106591.37,7e-05,7.461395899999999
2025-10-18 00:24:36.414,106591.36,0.00019,20.252358400000002
2025-10-18 00:24:36.564,106591.37,9e-05,9.5932233
2025-10-18 00:24:37.261,106591.36,0.00018,19.1864448
2025-10-18 00:24:39.014,106591.36,9e-05,9.5932224
2025-10-18 00:24:40.040,106591.37,0.00469,499.91352529999995
2025-10-18 00:24:40.205,106591.36,0.00011,11.7250496
2025-10-18 00:24:40.583,106591.37,0.00188,200.3917756
2025-10-18 00:24:42.601,106591.36,6e-05,6.3954816
2025-10-18 00:24:43.062,106591.36,0.00082,87.4049152
2025-10-18 00:24:43.128,106591.36,0.00187,199.32584319999998
2025-10-18 00:24:43.283,106591.37,0.00047,50.0979439
2025-10-18 00:24:43.686,106591.36,0.00499,531.8908864
2025-10-18 00:24:44.633,106591.37,0.00469,499.91352529999995
2025-10-18 00:24:44.734,106591.36,0.07275,7754.5214399999995
2025-10-18 00:24:45.310,106591.37,0.00204,217.4463948
2025-10-18 00:24:45.505,106591.36,9e-05,9.5932224
2025-10-18 00:24:45.968,106591.37,0.00523,557.4728651
2025-10-18 00:24:46.273,106591.36,8e-05,8.5273088
2025-10-18 00:24:46.354,106591.36,0.00027,28.779667200000002
2025-10-18 00:24:46.797,106591.36,0.06581,7014.777401599999
2025-10-18 00:24:47.748,106591.37,0.03349,3569.7449813
2025-10-18 00:24:48.408,106591.36,0.00094,100.1958784
2025-10-18 00:24:48.420,106591.37,0.00028,29.845583599999998
2025-10-18 00:24:48.662,106591.37,0.0009,95.932233
2025-10-18 00:24:48.859,106591.36,0.00019,20.252358400000002
2025-10-18 00:24:48.936,106591.36,0.00211,224.9077696
2025-10-18 00:24:49.102,106591.37,0.00046,49.0320302
2025-10-18 00:24:49.189,106591.37,0.00469,499.91352529999995
2025-10-18 00:24:49.314,106591.37,0.0066,703.5030419999999
2025-10-18 00:24:49.478,106591.37,0.0014,149.227918
2025-10-18 00:24:50.017,106591.56,0.00015,15.988734
2025-10-18 00:24:50.026,106595.28,0.0012,127.91433599999999
2025-10-18 00:24:50.029,106595.29,0.03,3197.8586999999998
2025-10-18 00:24:50.080,106595.28,0.00047,50.0997816
2025-10-18 00:24:50.115,106598.0,0.00015,15.9897
2025-10-18 00:24:50.124,106602.0,0.00198,211.07196
2025-10-18 00:24:50.848,106602.01,0.01777,1894.3177177
2025-10-18 00:24:51.405,106602.01,0.00861,917.8433061
2025-10-18 00:24:52.327,106602.01,0.00418,445.59640179999997
2025-10-18 00:24:52.510,106602.01,0.00164,174.8272964
2025-10-18 00:24:52.970,106602.0,0.00041,43.70682
2025-10-18 00:24:53.097,106602.01,0.00441,470.1148641
2025-10-18 00:24:53.391,106602.0,8e-05,8.528160000000002
2025-10-18 00:24:53.566,106602.0,0.00102,108.73404000000001
2025-10-18 00:24:53.883,106602.01,0.00012,12.7922412
2025-10-18 00:24:54.070,106602.0,0.0042,447.72839999999997
2025-10-18 00:24:54.158,106602.0,0.0129,1375.1658
2025-10-18 00:24:54.219,106602.0,0.00027,28.78254
2025-10-18 00:24:54.724,106602.01,0.00697,743.0160096999999
2025-10-18 00:24:55.156,106602.0,0.0278,2963.5355999999997
2025-10-18 00:24:55.158,106602.01,0.019,2025.4381899999998
2025-10-18 00:24:55.201,106602.0,0.00037,39.44274
2025-10-18 00:24:55.295,106602.0,0.00026,27.71652
2025-10-18 00:24:55.302,106602.01,0.01405,1497.7582404999998
2025-10-18 00:24:55.812,106602.0,0.013,1385.826
2025-10-18 00:24:55.813,106602.0,0.013,1385.826
2025-10-18 00:24:55.814,106602.0,0.013,1385.826
2025-10-18 00:24:55.916,106602.0,0.1397,14892.2994
2025-10-18 00:24:55.918,106602.0,0.74335,79242.5967
2025-10-18 00:24:55.919,106599.87,0.0001,10.659987
2025-10-18 00:24:55.949,106597.74,0.00485,516.999039
2025-10-18 00:24:55.951,106593.57,0.00015,15.9890355
2025-10-18 00:24:56.188,106593.57,0.00094,100.1979558
2025-10-18 00:24:56.215,106591.37,0.00874,931.6085737999999
2025-10-18 00:24:56.439,106591.36,0.013,1385.68768
2025-10-18 00:24:56.440,106591.36,0.013,1385.68768
2025-10-18 00:24:56.464,106591.37,0.00734,782.3806558
2025-10-18 00:24:56.948,106591.37,0.03634,3873.5303857999997
2025-10-18 00:24:57.641,106591.37,0.00213,227.03961809999998
2025-10-18 00:24:58.025,106591.37,0.00562,599.0434994
2025-10-18 00:24:58.552,106591.36,0.00014,14.922790399999998
2025-10-18 00:24:59.726,106591.36,0.00913,973.1791168
2025-10-18 00:24:59.741,106591.37,0.00012,12.7909644
2025-10-18 00:25:00.356,106591.37,0.00033,35.1751521
2025-10-18 00:25:00.881,106591.36,0.013,1385.68768
2025-10-18 00:25:00.960,106591.36,0.36864,39293.8389504
2025-10-18 00:25:00.961,106591.36,0.10237,10911.7575232
2025-10-18 00:25:00.962,106590.25,6e-05,6.395415
2025-10-18 00:25:00.964,106588.57,0.0001,10.658857000000001
2025-10-18 00:25:00.965,106585.86,5e-05,5.329293000000001
2025-10-18 00:25:00.975,106583.9,0.04416,4706.745024
2025-10-18 00:25:00.982,106583.36,0.11619,12383.9205984
2025-10-18 00:25:01.007,106583.36,0.00937,998.6860832
2025-10-18 00:25:01.008,106583.36,0.11805,12582.165648
2025-10-18 00:25:01.017,106583.35,0.002,213.16670000000002
2025-10-18 00:25:01.032,106583.35,0.0001,10.658335000000001
2025-10-18 00:25:01.034,106583.34,0.002,213.16667999999999
2025-10-18 00:25:01.082,106582.33,0.00276,294.16723079999997
2025-10-18 00:25:01.215,106581.99,5e-05,5.329099500000001
2025-10-18 00:25:01.257,106582.0,0.00025,26.645500000000002
2025-10-18 00:25:01.271,106582.0,0.00105,111.91109999999999
2025-10-18 00:25:01.361,106580.73,0.00334,355.9796382
2025-10-18 00:25:01.443,106580.73,0.00126,134.2917198
2025-10-18 00:25:01.544,106580.73,0.00391,416.7306543
2025-10-18 00:25:01.746,106580.72,7e-05,7.4606504
2025-10-18 00:25:01.819,106580.73,0.00093,99.1200789
2025-10-18 00:25:02.072,106580.73,6e-05,6.3948438
2025-10-18 00:25:02.234,106580.72,0.0002,21.316144
2025-10-18 00:25:02.254,106580.73,0.0033,351.716409
2025-10-18 00:25:03.130,106580.72,0.001,106.58072
2025-10-18 00:25:03.131,106580.72,0.001,106.58072
2025-10-18 00:25:03.132,106580.72,0.001,106.58072
2025-10-18 00:25:03.246,106580.73,0.0003,31.974218999999994
2025-10-18 00:25:03.876,106580.73,0.00354,377.2957842
2025-10-18 00:25:04.116,106580.73,0.02124,2263.7747052
2025-10-18 00:25:04.513,106580.73,0.00693,738.6044589
2025-10-18 00:25:05.005,106580.73,0.0009,95.92265699999999
2025-10-18 00:25:05.128,106580.72,0.00027,28.7767944
2025-10-18 00:25:05.138,106580.73,0.01454,1549.6838142000001
2025-10-18 00:25:05.857,106580.72,0.00014,14.9213008
2025-10-18 00:25:06.014,106580.72,0.0158,1683.975376
2025-10-18 00:25:06.216,106580.72,6e-05,6.3948432
2025-10-18 00:25:06.387,106580.72,0.00507,540.3642504
2025-10-18 00:25:06.762,106580.72,0.00042,44.7639024
2025-10-18 00:25:06.804,106580.73,0.00371,395.4145083
2025-10-18 00:25:07.634,106580.72,9e-05,9.5922648
2025-10-18 00:25:07.790,106579.51,5e-05,5.3289755
2025-10-18 00:25:07.791,106574.64,0.0004,42.629856000000004
2025-10-18 00:25:07.793,106568.0,0.0028,298.3904
2025-10-18 00:25:07.795,106561.03,0.00123,131.0700669
2025-10-18 00:25:07.799,106561.03,0.0007,74.592721
2025-10-18 00:25:07.801,106560.0,0.02162,2303.8272
2025-10-18 00:25:07.802,106558.38,0.0001,10.655838000000001
2025-10-18 00:25:07.805,106557.5,0.08,8524.6
2025-10-18 00:25:07.806,106557.5,6e-05,6.3934500000000005
2025-10-18 00:25:07.807,106552.09,0.00418,445.38773619999995
2025-10-18 00:25:07.812,106557.51,0.00015,15.983626499999998
2025-10-18 00:25:07.814,106557.35,0.00015,15.9836025
2025-10-18 00:25:07.835,106555.6,0.00015,15.98334
2025-10-18 00:25:07.836,106553.61,0.013,1385.1969299999998
2025-10-18 00:25:07.844,106553.58,0.00015,15.983037
2025-10-18 00:25:07.847,106551.25,6e-05,6.3930750000000005
2025-10-18 00:25:07.848,106551.04,0.0852,9078.148608
2025-10-18 00:25:07.849,106548.75,0.04691,4998.2018625
2025-10-18 00:25:07.852,106548.6,5e-05,5.3274300000000006
2025-10-18 00:25:07.907,106548.78,0.01281,1364.8898718
2025-10-18 00:25:07.908,106548.78,0.02815,2999.348157
2025-10-18 00:25:07.909,106548.78,0.01501,1599.2971878
2025-10-18 00:25:07.928,106550.96,0.01501,1599.3299096000003
2025-10-18 00:25:07.979,106550.97,0.01081,1151.8159857
2025-10-18 00:25:07.989,106550.96,0.00172,183.26765120000002
2025-10-18 00:25:08.021,106550.89,0.05707,6080.859292300001
2025-10-18 00:25:08.022,106550.89,0.00599,638.2398311
2025-10-18 00:25:08.025,106550.89,0.05417,5771.8617113
2025-10-18 00:25:08.027,106550.89,0.00518,551.9336102
2025-10-18 00:25:08.044,106550.89,0.00127,135.3196303
2025-10-18 00:25:08.050,106549.82,0.00192,204.57565440000002
2025-10-18 00:25:08.055,106548.81,0.00175,186.4604175
2025-10-18 00:25:08.058,106548.79,0.0011,117.203669
2025-10-18 00:25:08.059,106548.78,0.00095,101.221341
2025-10-18 00:25:08.061,106548.78,0.0007,74.584146
2025-10-18 00:25:08.062,106548.77,0.0007,74.58413900000001
2025-10-18 00:25:08.065,106548.76,0.00036,38.3575536
2025-10-18 00:25:08.066,106548.76,0.0018,191.78776799999997
2025-10-18 00:25:08.068,106548.6,0.00015,15.982289999999999
2025-10-18 00:25:08.069,106548.6,0.00015,15.982289999999999
2025-10-18 00:25:08.070,106548.6,0.0002,21.309720000000002
2025-10-18 00:25:08.072,106548.6,0.00045,47.946870000000004
2025-10-18 00:25:08.074,106546.7,0.00093,99.088431
2025-10-18 00:25:08.076,106546.7,0.0004,42.61868
2025-10-18 00:25:08.077,106546.7,0.0001,10.65467
2025-10-18 00:25:08.078,106546.69,0.00025,26.6366725
2025-10-18 00:25:08.080,106546.69,0.00015,15.9820035
2025-10-18 00:25:08.081,106546.69,0.00055,58.600679500000005
2025-10-18 00:25:08.083,106546.69,0.00035,37.2913415
2025-10-18 00:25:08.085,106544.77,0.00044,46.87969880000001
2025-10-18 00:25:08.086,106544.77,0.00044,46.87969880000001
2025-10-18 00:25:08.087,106544.0,0.00088,93.75872
2025-10-18 00:25:08.089,106544.0,0.0009,95.8896
2025-10-18 00:25:08.093,106540.34,0.00042,44.7469428
2025-10-18 00:25:08.094,106540.0,0.02162,2303.3948
2025-10-18 00:25:08.095,106540.01,0.002,213.08002
2025-10-18 00:25:08.097,106538.62,0.0001,10.653862
2025-10-18 00:25:08.100,106537.18,5e-05,5.326859
2025-10-18 00:25:08.102,106538.0,0.0006,63.922799999999995
2025-10-18 00:25:08.105,106536.0,0.15898,16937.09328
2025-10-18 00:25:09.029,106536.0,0.00851,906.62136
2025-10-18 00:25:09.065,106536.01,0.00127,135.3007327
2025-10-18 00:25:09.091,106536.01,0.03733,3976.9892533
2025-10-18 00:25:09.109,106536.01,0.00057,60.72552569999999
2025-10-18 00:25:09.112,106536.0,0.003,319.608
2025-10-18 00:25:09.328,106536.01,0.02815,2998.9886815
2025-10-18 00:25:09.657,106536.01,0.00702,747.8827901999999
2025-10-18 00:25:09.842,106536.01,0.00093,99.0784893
2025-10-18 00:25:10.234,106536.01,0.02201,2344.8575800999997
2025-10-18 00:25:10.813,106536.01,0.00065,69.24840649999999
2025-10-18 00:25:10.844,106536.01,0.01549,1650.2427949
2025-10-18 00:25:11.047,106536.0,0.021,2237.2560000000003
2025-10-18 00:25:11.507,106536.0,8e-05,8.52288
2025-10-18 00:25:11.675,106536.01,0.00129,137.43145289999998
2025-10-18 00:25:11.685,106536.01,0.00578,615.7781378
2025-10-18 00:25:11.943,106536.01,0.00028,29.830082799999996
2025-10-18 00:25:12.963,106536.0,0.00476,507.11136000000005
2025-10-18 00:25:13.180,106536.0,0.01501,1599.10536
2025-10-18 00:25:13.436,106536.0,0.01501,1599.10536
2025-10-18 00:25:13.463,106536.0,0.00091,96.94776
2025-10-18 00:25:13.745,106536.01,0.00389,414.42507889999996
2025-10-18 00:25:14.287,106536.01,0.14383,15323.074318300001
2025-10-18 00:25:14.302,106536.01,0.00017,18.1111217
2025-10-18 00:25:14.482,106536.01,0.00046,49.0065646
2025-10-18 00:25:14.724,106536.01,0.00298,317.4773098
2025-10-18 00:25:14.789,106536.01,0.1964,20923.672364
2025-10-18 00:25:14.863,106540.27,0.00118,125.7175186
2025-10-18 00:25:15.341,106540.27,0.00229,243.9772183
2025-10-18 00:25:15.415,106543.5,0.0001,10.65435
2025-10-18 00:25:16.003,106548.81,0.00067,71.3877027
2025-10-18 00:25:16.007,106548.81,0.00119,126.79308390000001
2025-10-18 00:25:16.415,106548.81,0.00082,87.3700242
2025-10-18 00:25:16.416,106549.35,0.03312,3528.914472
2025-10-18 00:25:16.443,106552.06,0.00021,22.3759326
2025-10-18 00:25:16.690,106552.06,0.00048,51.1449888
2025-10-18 00:25:16.805,106552.05,9e-05,9.5896845
2025-10-18 00:25:16.963,106552.05,0.03932,4189.626606
2025-10-18 00:25:17.051,106552.06,0.00047,50.0794682
2025-10-18 00:25:17.202,106552.06,0.00046,49.0139476
2025-10-18 00:25:17.315,106556.11,0.00015,15.983416499999999
2025-10-18 00:25:17.424,106556.12,0.00024,25.5734688
2025-10-18 00:25:17.719,106556.12,0.0047,500.813764
2025-10-18 00:25:18.609,106556.11,0.00015,15.983416499999999
2025-10-18 00:25:19.506,106556.11,0.00036,38.3601996
2025-10-18 00:25:19.869,106556.11,0.55079,58690.0398269
2025-10-18 00:25:20.311,106556.12,0.00459,489.09259080000004
2025-10-18 00:25:20.314,106556.12,0.00049,52.2124988
2025-10-18 00:25:20.964,106556.11,0.01007,1073.0200277000001
2025-10-18 00:25:21.049,106556.12,8e-05,8.5244896
2025-10-18 00:25:21.485,106556.11,6e-05,6.3933666
2025-10-18 00:25:21.723,106556.12,0.02869,3057.0950828
2025-10-18 00:25:22.803,106556.12,0.00047,50.081376399999996
2025-10-18 00:25:22.819,106556.12,0.00854,909.9892648
2025-10-18 00:25:23.068,106556.11,7e-05,7.458927699999999
2025-10-18 00:25:23.117,106558.7,0.00015,15.983804999999998
2025-10-18 00:25:23.384,106558.71,0.03891,4146.1994061000005
2025-10-18 00:25:23.463,106558.7,0.00027,28.770849
2025-10-18 00:25:23.617,106558.71,0.0008,85.24696800000001
2025-10-18 00:25:23.825,106558.71,0.00081,86.3125551
2025-10-18 00:25:24.066,106558.7,0.00306,326.069622
2025-10-18 00:25:24.291,106558.7,0.00034,36.229958
2025-10-18 00:25:24.740,106558.71,0.00103,109.75547130000001
2025-10-18 00:25:25.057,106558.71,0.0006,63.935226
2025-10-18 00:25:25.104,106558.71,0.01518,1617.5612178000001
2025-10-18 00:25:25.180,106558.7,0.00053,56.476110999999996
2025-10-18 00:25:25.947,106558.71,0.01039,1107.1449969
2025-10-18 00:25:26.029,106558.71,0.01305,1390.5911655000002
2025-10-18 00:25:26.468,106558.71,0.00047,50.082593700000004
2025-10-18 00:25:26.474,106558.7,9e-05,9.590283000000001
2025-10-18 00:25:27.152,106558.7,0.00066,70.32874199999999
2025-10-18 00:25:27.392,106558.7,0.013,1385.2631
2025-10-18 00:25:27.393,106558.7,0.013,1385.2631
2025-10-18 00:25:27.637,106558.71,0.00076,80.98461960000002
2025-10-18 00:25:29.646,106558.71,0.00193,205.6583103
2025-10-18 00:25:29.671,106558.71,0.00122,130.0016262
2025-10-18 00:25:29.700,106558.7,0.00261,278.118207
2025-10-18 00:25:30.005,106558.71,0.00375,399.5951625
2025-10-18 00:25:30.013,106558.71,0.0047,500.82593700000007
2025-10-18 00:25:30.915,106558.71,0.41731,44468.015270100004
2025-10-18 00:25:30.961,106558.71,0.00103,109.75547130000001
2025-10-18 00:25:31.134,106561.57,0.03312,3529.3191984
2025-10-18 00:25:31.140,106562.12,0.0006,63.93727199999999
2025-10-18 00:25:31.150,106562.69,0.0001,10.656269
2025-10-18 00:25:31.151,106567.13,8e-05,8.525370400000002
2025-10-18 00:25:31.152,106569.08,0.00015,15.985361999999999
2025-10-18 00:25:31.153,106569.09,0.1496,15942.735864
2025-10-18 00:25:31.161,106569.09,0.0038,404.962542
2025-10-18 00:25:31.162,106569.36,0.00761,810.9928295999999
2025-10-18 00:25:31.175,106569.84,0.00274,292.0013616
2025-10-18 00:25:31.182,106569.85,0.0021,223.796685
2025-10-18 00:25:31.188,106570.65,0.00115,122.5562475
2025-10-18 00:25:31.190,106570.66,0.001,106.57066
2025-10-18 00:25:31.191,106570.75,0.00016,17.05132
2025-10-18 00:25:31.192,106570.78,0.0001,10.657078
2025-10-18 00:25:31.194,106572.18,0.00015,15.985826999999997
2025-10-18 00:25:31.195,106572.24,0.00315,335.702556
2025-10-18 00:25:31.197,106573.17,0.25677,27364.7928609
2025-10-18 00:25:31.202,106573.17,0.00166,176.9114622
2025-10-18 00:25:31.216,106576.05,0.00015,15.986407499999999
2025-10-18 00:25:31.218,106577.78,8e-05,8.5262224
2025-10-18 00:25:31.249,106579.21,0.0009,95.921289
2025-10-18 00:25:31.255,106581.33,5e-05,5.329066500000001
2025-10-18 00:25:31.271,106581.63,0.00125,133.2270375
2025-10-18 00:25:31.289,106585.09,0.30436,32440.2379924
2025-10-18 00:25:31.293,106585.09,0.00035,37.3047815
2025-10-18 00:25:31.294,106585.09,0.00035,37.3047815
2025-10-18 00:25:31.315,106588.16,0.00015,15.988223999999999
2025-10-18 00:25:31.405,106588.16,0.00018,19.1858688
2025-10-18 00:25:31.432,106588.17,0.0001,10.658817
2025-10-18 00:25:31.599,106588.16,5e-05,5.329408000000001
2025-10-18 00:25:31.714,106588.16,0.00039,41.5693824
2025-10-18 00:25:31.772,106588.17,0.00012,12.7905804
2025-10-18 00:25:31.875,106588.16,0.00013,13.856460799999999
2025-10-18 00:25:32.007,106588.17,0.01972,2101.9187124
2025-10-18 00:25:32.110,106588.16,0.035,3730.5856000000003
2025-10-18 00:25:32.402,106588.16,0.02043,2177.5961088
2025-10-18 00:25:32.415,106588.16,0.07573,8071.9213568000005
2025-10-18 00:25:32.592,106583.26,7e-05,7.460828199999999
2025-10-18 00:25:34.838,106583.27,0.0009,95.924943
2025-10-18 00:25:35.148,106583.27,0.00076,81.00328520000001
2025-10-18 00:25:35.783,106583.26,0.00032,34.1066432
2025-10-18 00:25:35.921,106583.26,0.08573,9137.3828798
2025-10-18 00:25:36.887,106583.27,0.00163,173.7307301
2025-10-18 00:25:36.901,106583.26,0.00649,691.7253574
2025-10-18 00:25:36.922,106583.26,0.00244,260.0631544
2025-10-18 00:25:37.187,106583.27,0.33923,36156.2426821
2025-10-18 00:25:38.592,106583.27,0.00021,22.3824867
2025-10-18 00:25:38.616,106583.26,0.00175,186.520705
2025-10-18 00:25:39.234,106583.27,0.00012,12.789992400000001
2025-10-18 00:25:39.310,106583.27,0.00936,997.6194072000001
2025-10-18 00:25:39.329,106583.27,0.00938,999.7510725999999
2025-10-18 00:25:39.648,106583.26,0.00661,704.5153486
2025-10-18 00:25:40.197,106583.27,0.00047,50.0941369
2025-10-18 00:25:40.840,106583.27,0.10887,11603.7206049
2025-10-18 00:25:41.826,106583.26,0.0013,138.558238
2025-10-18 00:25:42.656,106583.26,0.00037,39.435806199999995
2025-10-18 00:25:43.656,106583.26,0.00388,413.5430488
2025-10-18 00:25:45.314,106586.0,0.00015,15.987899999999998
2025-10-18 00:25:45.315,106593.5,0.00156,166.28585999999999
2025-10-18 00:25:45.321,106594.5,0.00045,47.967525
2025-10-18 00:25:45.338,106595.42,0.03734,3980.2729827999997
2025-10-18 00:25:45.346,106595.43,0.04764,5078.2062852
2025-10-18 00:25:45.349,106595.43,0.0028,298.467204
2025-10-18 00:25:45.379,106595.43,0.028,2984.67204
2025-10-18 00:25:45.383,106595.44,0.00034,36.2424496
2025-10-18 00:25:45.385,106598.0,0.00215,229.1857
2025-10-18 00:25:45.691,106598.73,0.00044,46.9034412
2025-10-18 00:25:46.576,106598.72,7e-05,7.4619104
2025-10-18 00:25:46.681,106598.72,0.001,106.59872
2025-10-18 00:25:47.158,106598.72,0.00047,50.1013984
2025-10-18 00:25:48.091,106598.72,0.01066,1136.3423552
2025-10-18 00:25:48.769,106598.73,0.00029,30.9136317
2025-10-18 00:25:48.821,106598.73,0.00047,50.1014031
2025-10-18 00:25:48.976,106598.73,0.0075,799.490475
2025-10-18 00:25:49.323,106598.83,0.00335,357.1060805
2025-10-18 00:25:49.326,106599.87,0.0009,95.939883
2025-10-18 00:25:49.327,106600.0,0.02147,2288.7019999999998
2025-10-18 00:25:49.333,106601.54,0.00015,15.990230999999998
2025-10-18 00:25:49.342,106601.55,0.05145,5484.649747500001
2025-10-18 00:25:49.366,106609.32,0.00039,41.5776348
2025-10-18 00:25:49.372,106612.12,0.01042,1110.8982904
2025-10-18 00:25:49.378,106612.12,0.002,213.22424
2025-10-18 00:25:49.540,106612.12,0.002,213.22424
2025-10-18 00:25:49.669,106612.12,0.0002,21.322424
2025-10-18 00:25:49.868,106612.12,0.0001,10.661212
2025-10-18 00:25:50.157,106614.16,0.0015,159.92124
2025-10-18 00:25:50.215,106617.12,5e-05,5.330856
2025-10-18 00:25:52.185,106619.03,0.00543,578.9413329
2025-10-18 00:25:52.294,106619.03,0.00312,332.6513736
2025-10-18 00:25:52.518,106619.03,0.0011,117.280933
2025-10-18 00:25:52.615,106622.39,0.00568,605.6151752000001
2025-10-18 00:25:52.738,106628.35,0.31396,33477.036766000005
2025-10-18 00:25:53.839,106628.35,0.0024,255.90804
2025-10-18 00:25:54.033,106628.35,0.00121,129.0203035
2025-10-18 00:25:54.363,106628.35,0.00633,674.9574555
2025-10-18 00:25:54.415,106628.79,0.00015,15.994318499999997
2025-10-18 00:25:54.418,106629.03,0.13196,14070.7667988
2025-10-18 00:25:54.516,106634.25,5e-05,5.3317125
2025-10-18 00:25:54.648,106637.64,0.00673,717.6713172
2025-10-18 00:25:54.715,106637.65,0.83596,89144.809894
2025-10-18 00:25:54.716,106639.32,0.0001,10.663932
2025-10-18 00:25:54.837,106642.01,9e-05,9.5977809
2025-10-18 00:25:55.183,106642.38,8e-05,8.531390400000001
2025-10-18 00:25:56.115,106647.05,5e-05,5.332352500000001
2025-10-18 00:25:56.568,106649.96,0.00013,13.8644948
2025-10-18 00:25:56.964,106649.97,0.00012,12.7979964
2025-10-18 00:25:57.714,106649.96,0.00015,15.997494
2025-10-18 00:25:58.057,106650.0,0.08623,9196.4295
2025-10-18 00:25:58.059,106650.44,0.00036,38.3941584
2025-10-18 00:25:58.060,106651.79,0.00015,15.997768499999998
2025-10-18 00:25:58.103,106652.0,0.00012,12.79824
2025-10-18 00:25:58.279,106651.99,0.00356,379.6810844
2025-10-18 00:25:58.815,106657.76,0.00015,15.998663999999998
2025-10-18 00:25:58.819,106662.86,6e-05,6.3997716
2025-10-18 00:25:59.029,106662.85,0.00012,12.799542
2025-10-18 00:25:59.242,106662.85,6e-05,6.399771
2025-10-18 00:25:59.379,106662.85,0.00269,286.9230665
2025-10-18 00:25:59.703,106662.85,0.00469,500.2487665
2025-10-18 00:25:59.716,106669.36,0.00015,16.000404
2025-10-18 00:25:59.783,106669.37,0.002,213.33874
2025-10-18 00:25:59.792,106669.37,0.00116,123.7364692
2025-10-18 00:25:59.910,106669.37,0.00012,12.8003244
2025-10-18 00:25:59.932,106669.37,0.00011,11.733630699999999
2025-10-18 00:26:00.216,106677.1,0.00074,78.94105400000001
2025-10-18 00:26:00.352,106679.98,0.0006,64.007988
2025-10-18 00:26:00.530,106679.97,0.00012,12.801596400000001
2025-10-18 00:26:00.598,106679.97,0.00368,392.5822896
2025-10-18 00:26:01.308,106679.98,0.00011,11.7347978
2025-10-18 00:26:01.364,106679.98,0.00012,12.8015976
2025-10-18 00:26:01.439,106679.98,0.00131,139.7507738
2025-10-18 00:26:01.715,106683.62,0.00011,11.7351982
2025-10-18 00:26:01.720,106685.96,6e-05,6.4011576
2025-10-18 00:26:01.723,106686.79,5e-05,5.3343395
2025-10-18 00:26:01.857,106689.96,0.00254,270.99249840000004
2025-10-18 00:26:01.874,106689.96,0.00022,23.471791200000002
2025-10-18 00:26:01.885,106689.96,0.00339,361.6789644
2025-10-18 00:26:02.046,106689.96,0.00012,12.8027952
2025-10-18 00:26:02.226,106689.97,0.0001,10.668997000000001
2025-10-18 00:26:02.227,106689.97,9e-05,9.6020973
2025-10-18 00:26:02.398,106689.97,0.0001,10.668997000000001
2025-10-18 00:26:02.408,106689.97,0.0035,373.414895
2025-10-18 00:26:02.417,106690.01,0.0008,85.352008
2025-10-18 00:26:02.443,106692.3,0.00225,240.057675
2025-10-18 00:26:02.458,106692.3,0.00805,858.873015
2025-10-18 00:26:02.461,106692.3,0.00408,435.30458400000003
2025-10-18 00:26:02.478,106692.3,0.00095,101.357685
2025-10-18 00:26:02.482,106696.68,0.0033,352.099044
2025-10-18 00:26:02.484,106699.01,0.00015,16.004851499999997
2025-10-18 00:26:02.507,106699.02,0.00246,262.4795892
2025-10-18 00:26:02.508,106703.51,0.00015,16.0055265
2025-10-18 00:26:02.514,106707.75,0.00723,771.4970325
2025-10-18 00:26:02.531,106706.51,0.003,320.11953
2025-10-18 00:26:02.836,106706.52,0.00724,772.5552048000001
2025-10-18 00:26:02.838,106707.89,0.00015,16.0061835
2025-10-18 00:26:02.847,106708.0,0.0047,501.5276
2025-10-18 00:26:02.875,106708.01,0.00012,12.8049612
2025-10-18 00:26:02.891,106708.24,0.00014,14.9391536
2025-10-18 00:26:02.892,106708.48,5e-05,5.335424
2025-10-18 00:26:03.045,106708.48,0.0024,256.100352
2025-10-18 00:26:03.047,106709.85,0.0002,21.341970000000003
2025-10-18 00:26:03.052,106710.0,0.00518,552.7578
2025-10-18 00:26:03.211,106712.01,5e-05,5.3356005
2025-10-18 00:26:03.213,106713.99,0.00015,16.007098499999998
2025-10-18 00:26:03.215,106714.46,0.0002,21.342892000000003
2025-10-18 00:26:03.221,106723.06,0.00012,12.8067672
2025-10-18 00:26:03.227,106724.38,0.00182,194.23837160000002
2025-10-18 00:26:03.229,106724.38,0.00044,46.958727200000006
2025-10-18 00:26:03.274,106724.37,0.00026,27.748336199999997
2025-10-18 00:26:03.316,106726.74,0.00015,16.009011
2025-10-18 00:26:03.394,106726.74,0.00012,12.807208800000002
2025-10-18 00:26:03.459,106726.74,0.00627,669.1766598
2025-10-18 00:26:03.584,106726.75,0.01849,1973.3776074999998
2025-10-18 00:26:04.015,106731.32,5e-05,5.336566
2025-10-18 00:26:04.079,106733.8,0.42142,44979.757996
2025-10-18 00:26:04.380,106733.8,0.00012,12.808056
2025-10-18 00:26:04.532,106733.79,9e-05,9.6060411
2025-10-18 00:26:05.049,106733.8,0.00228,243.353064
2025-10-18 00:26:05.050,106734.64,0.0001,10.673464000000001
2025-10-18 00:26:05.051,106737.49,8e-05,8.538999200000001
2025-10-18 00:26:05.055,106738.75,0.00026,27.752074999999998
2025-10-18 00:26:05.058,106738.75,0.0005,53.369375
2025-10-18 00:26:05.072,106739.99,0.00012,12.808798800000002
2025-10-18 00:26:05.086,106740.0,0.00062,66.1788
2025-10-18 00:26:05.115,106743.82,0.00015,16.011573
2025-10-18 00:26:05.228,106744.2,0.03924,4188.642408
2025-10-18 00:26:05.229,106744.2,0.00871,929.741982
2025-10-18 00:26:05.230,106744.2,0.02145,2289.66309
2025-10-18 00:26:05.294,106744.2,0.03864,4124.595888
2025-10-18 00:26:05.297,106744.2,0.00395,421.63959000000006
2025-10-18 00:26:05.526,106744.2,0.40964,43726.694088
2025-10-18 00:26:05.527,106744.21,0.0002,21.348842
2025-10-18 00:26:05.528,106744.91,0.11542,12320.4975122
2025-10-18 00:26:05.529,106744.91,1.00335,107102.5054485
2025-10-18 00:26:05.530,106744.92,0.00037,39.4956204
2025-10-18 00:26:05.531,106745.77,0.0019,202.81696300000002
2025-10-18 00:26:05.532,106746.18,0.00569,607.3857641999999
2025-10-18 00:26:05.534,106746.18,0.00035,37.361163
2025-10-18 00:26:05.535,106746.19,0.00043,45.9008617
2025-10-18 00:26:05.536,106746.19,0.00029,30.9563951
2025-10-18 00:26:05.537,106748.0,0.00053,56.57644
2025-10-18 00:26:05.539,106748.25,0.00036,38.429370000000006
2025-10-18 00:26:05.541,106748.25,0.00025,26.6870625
2025-10-18 00:26:05.542,106748.25,0.00043,45.9017475
2025-10-18 00:26:05.543,106748.26,0.0009,96.07343399999999
2025-10-18 00:26:05.546,106748.26,0.00105,112.08567299999999
2025-10-18 00:26:05.548,106748.26,0.0003,32.024477999999995
2025-10-18 00:26:05.549,106748.27,0.00196,209.2266092
2025-10-18 00:26:05.551,106748.27,0.0009,96.073443
2025-10-18 00:26:05.552,106748.28,0.00084,89.6685552
2025-10-18 00:26:05.555,106748.45,0.00025,26.6871125
2025-10-18 00:26:05.556,106748.45,0.00025,26.6871125
2025-10-18 00:26:05.557,106748.45,0.0001,10.674845
2025-10-18 00:26:05.559,106748.46,0.0009,96.073614
2025-10-18 00:26:05.561,106748.46,0.0003,32.024538
2025-10-18 00:26:05.563,106748.47,0.0009,96.073623
2025-10-18 00:26:05.564,106748.98,6e-05,6.4049388
2025-10-18 00:26:05.567,106748.99,6e-05,6.404939400000001
2025-10-18 00:26:05.687,106748.98,0.00034,36.2946532
2025-10-18 00:26:05.738,106748.99,0.00271,289.2897629
2025-10-18 00:26:05.969,106749.0,0.00012,12.80988
2025-10-18 00:26:06.028,106758.94,0.15221,16249.778257400001
2025-10-18 00:26:06.029,106772.0,0.0028,298.9616
2025-10-18 00:26:06.033,106775.62,6e-05,6.4065372
2025-10-18 00:26:06.036,106775.62,0.00937,1000.4875593999999
2025-10-18 00:26:06.038,106775.62,0.02717,2901.0935953999997
2025-10-18 00:26:06.048,106775.62,6e-05,6.4065372
2025-10-18 00:26:06.049,106775.62,0.00937,1000.4875593999999
2025-10-18 00:26:06.072,106775.62,6e-05,6.4065372
2025-10-18 00:26:06.112,106775.61,0.03007,3210.7425927
2025-10-18 00:26:06.124,106775.61,0.01122,1198.0223442000001
2025-10-18 00:26:06.208,106775.61,0.00033,35.2359513
2025-10-18 00:26:06.267,106775.62,0.006,640.65372
2025-10-18 00:26:06.347,106775.61,0.3132,33442.121051999995
2025-10-18 00:26:06.348,106775.47,0.0002,21.355094
2025-10-18 00:26:06.351,106771.35,0.00255,272.2669425
2025-10-18 00:26:06.355,106771.35,0.00255,272.2669425
2025-10-18 00:26:06.371,106771.35,0.0002,21.354270000000003
2025-10-18 00:26:06.380,106771.33,0.0002,21.354266000000003
2025-10-18 00:26:06.382,106770.23,0.00073,77.94226789999999
2025-10-18 00:26:06.390,106770.22,0.00201,214.6081422
2025-10-18 00:26:06.397,106768.53,0.0002,21.353706000000003
2025-10-18 00:26:06.410,106767.42,0.00045,48.045339
2025-10-18 00:26:06.455,106767.17,5e-05,5.3383585
2025-10-18 00:26:06.575,106764.95,0.00012,12.811794
2025-10-18 00:26:07.017,106764.95,0.00313,334.1742935
2025-10-18 00:26:07.034,106764.96,0.00046,49.111881600000004
2025-10-18 00:26:07.036,106764.95,0.00451,481.5099245
2025-10-18 00:26:07.041,106764.96,0.09563,10209.933124800002
2025-10-18 00:26:07.104,106764.97,0.00012,12.8117964
2025-10-18 00:26:07.105,106765.58,5e-05,5.338279
2025-10-18 00:26:07.115,106771.38,6e-05,6.4062828000000005
2025-10-18 00:26:07.117,106775.62,0.00457,487.9645834
2025-10-18 00:26:07.118,106775.62,0.00457,487.9645834
2025-10-18 00:26:07.282,106775.61,4.0,427102.44
2025-10-18 00:26:07.537,106775.62,0.00012,12.8130744
2025-10-18 00:26:07.942,106775.61,0.00019,20.2873659
2025-10-18 00:26:08.104,106775.62,0.00562,600.0789844
2025-10-18 00:26:08.172,106775.61,0.00017,18.1518537
2025-10-18 00:26:08.182,106775.61,0.00195,208.2124395
2025-10-18 00:26:08.213,106775.62,0.00351,374.7824262
2025-10-18 00:26:08.256,106775.61,0.00028,29.897170799999998
2025-10-18 00:26:08.305,106775.61,0.00012,12.8130732
2025-10-18 00:26:08.737,106775.62,0.03185,3400.8034970000003
2025-10-18 00:26:08.939,106775.62,0.00187,199.67040939999998
2025-10-18 00:26:09.103,106775.62,0.44075,47061.35451499999
2025-10-18 00:26:09.104,106775.7,0.0001,10.67757
2025-10-18 00:26:09.156,106776.0,0.0066,704.7216
2025-10-18 00:26:09.157,106776.01,0.00035,37.3716035
2025-10-18 00:26:09.184,106776.23,0.00458,489.03513339999995
2025-10-18 00:26:09.186,106776.27,0.0011,117.45389700000001
2025-10-18 00:26:09.187,106776.27,0.0003,32.032880999999996
2025-10-18 00:26:09.188,106776.27,0.0003,32.032880999999996
2025-10-18 00:26:09.189,106776.27,0.00037,39.5072199
2025-10-18 00:26:09.190,106776.28,0.0011,117.45390800000001
2025-10-18 00:26:09.192,106776.28,0.00105,112.11509399999998
2025-10-18 00:26:09.195,106776.28,0.00026,27.761832799999997
2025-10-18 00:26:09.199,106776.28,0.0003,32.032883999999996
2025-10-18 00:26:09.200,106777.47,0.00189,201.8094183
2025-10-18 00:26:09.215,106782.71,5e-05,5.3391355
2025-10-18 00:26:09.645,106786.98,0.00066,70.47940679999999
2025-10-18 00:26:09.653,106786.98,0.00123,131.3479854
2025-10-18 00:26:09.717,106786.85,0.0002,21.357370000000003
2025-10-18 00:26:09.718,106786.0,0.0027,288.3222
2025-10-18 00:26:09.719,106785.88,5e-05,5.339294000000001
2025-10-18 00:26:09.720,106785.88,0.0001,10.678588000000001
2025-10-18 00:26:09.730,106782.86,0.00012,12.8139432
2025-10-18 00:26:10.305,106782.86,0.00047,50.1879442
2025-10-18 00:26:10.719,106782.87,0.00047,50.187948899999995
2025-10-18 00:26:11.619,106782.86,0.00019,20.2887434
2025-10-18 00:26:11.725,106782.86,0.00036,38.441829600000005
2025-10-18 00:26:11.858,106782.86,0.02201,2350.2907486
2025-10-18 00:26:12.187,106782.86,0.10803,11535.752365800001
2025-10-18 00:26:12.440,106782.86,0.00089,95.0367454
2025-10-18 00:26:12.509,106782.86,0.07545,8056.7667870000005
2025-10-18 00:26:12.697,106782.87,0.001,106.78287
2025-10-18 00:26:12.831,106782.88,0.00258,275.4998304
2025-10-18 00:26:12.834,106782.88,0.00025,26.69572
2025-10-18 00:26:12.835,106782.88,0.00025,26.69572
2025-10-18 00:26:12.837,106782.89,0.00115,122.80032349999999
2025-10-18 00:26:12.847,106782.89,0.0013,138.817757
2025-10-18 00:26:12.851,106782.9,0.0007,74.74803
2025-10-18 00:26:12.871,106782.9,0.0004,42.71316
2025-10-18 00:26:12.873,106785.39,0.0001,10.678539
2025-10-18 00:26:13.029,106787.14,0.00686,732.5597804
2025-10-18 00:26:13.215,106793.1,0.00035,37.377585
2025-10-18 00:26:13.444,106795.49,0.0031,331.066019
2025-10-18 00:26:14.030,106795.5,0.00028,29.902739999999998
2025-10-18 00:26:14.438,106795.49,0.00341,364.1726209
2025-10-18 00:26:15.105,106795.5,0.54318,58009.17969
2025-10-18 00:26:15.182,106795.49,9e-05,9.611594100000001
2025-10-18 00:26:15.304,106795.5,0.01845,1970.3769750000001
2025-10-18 00:26:15.532,106795.5,0.00104,111.06732
2025-10-18 00:26:15.537,106795.5,0.00011,11.747505
2025-10-18 00:26:15.632,106795.49,0.00059,63.009339100000005
2025-10-18 00:26:15.700,106795.5,0.00023,24.562965000000002
2025-10-18 00:26:15.899,106795.49,7e-05,7.475684299999999
2025-10-18 00:26:16.024,106795.49,6e-05,6.407729400000001
2025-10-18 00:26:16.576,106795.49,7e-05,7.475684299999999
2025-10-18 00:26:16.583,106795.5,0.00024,25.63092
2025-10-18 00:26:16.708,106795.5,0.00014,14.951369999999999
2025-10-18 00:26:16.710,106795.5,0.0001,10.67955
2025-10-18 00:26:16.747,106795.49,8e-05,8.543639200000001
2025-10-18 00:26:16.818,106795.5,0.0001,10.67955
2025-10-18 00:26:16.921,106795.49,0.0042,448.541058
2025-10-18 00:26:17.018,106795.5,0.00169,180.484395
2025-10-18 00:26:17.025,106795.5,0.0001,10.67955
2025-10-18 00:26:17.082,106795.5,9e-05,9.611595000000001
2025-10-18 00:26:17.084,106795.5,0.00211,225.338505
2025-10-18 00:26:17.117,106795.5,0.0001,10.67955
2025-10-18 00:26:17.291,106795.5,8e-05,8.54364
2025-10-18 00:26:17.525,106795.5,0.0001,10.67955
2025-10-18 00:26:17.537,106795.5,0.00024,25.63092
2025-10-18 00:26:17.739,106795.49,0.00534,570.2879166
2025-10-18 00:26:17.910,106795.5,0.00113,120.67891499999999
2025-10-18 00:26:18.009,106795.49,0.00317,338.54170330000005
2025-10-18 00:26:18.018,106795.49,0.082,8757.23018
2025-10-18 00:26:18.210,106795.5,0.0001,10.67955
2025-10-18 00:26:18.881,106795.5,0.00019,20.291145
2025-10-18 00:26:18.892,106795.5,0.0001,10.67955
2025-10-18 00:26:18.929,106795.49,0.00047,50.193880300000004
2025-10-18 00:26:18.937,106795.5,0.0001,10.67955
2025-10-18 00:26:18.948,106795.49,0.00446,476.3078854000001
2025-10-18 00:26:19.183,106795.49,0.00018,19.223188200000003
2025-10-18 00:26:19.260,106795.5,0.00019,20.291145
2025-10-18 00:26:19.767,106795.5,0.00082,87.57231
2025-10-18 00:26:19.945,106795.49,0.00017,18.155233300000003
2025-10-18 00:26:20.000,106795.49,0.0001,10.679549000000002
2025-10-18 00:26:21.025,106795.49,0.00035,37.3784215
2025-10-18 00:26:21.031,106795.5,0.0076,811.6458
2025-10-18 00:26:21.032,106795.5,0.00046,49.125930000000004
2025-10-18 00:26:21.033,106795.5,0.00046,49.125930000000004
2025-10-18 00:26:21.038,106795.5,0.00159,169.804845
2025-10-18 00:26:21.044,106795.5,0.00684,730.48122
2025-10-18 00:26:21.054,106795.5,0.00252,269.12466
2025-10-18 00:26:21.540,106795.5,0.01316,1405.42878
2025-10-18 00:26:21.542,106795.9,7e-05,7.475712999999999
2025-10-18 00:26:21.549,106796.01,0.0011,117.475611
2025-10-18 00:26:21.570,106798.52,0.0001,10.679852
2025-10-18 00:26:21.573,106800.26,0.0004,42.720104
2025-10-18 00:26:21.575,106802.0,0.0028,299.0456
2025-10-18 00:26:21.576,106803.49,5e-05,5.340174500000001
2025-10-18 00:26:21.578,106805.41,0.00015,16.0208115
2025-10-18 00:26:21.581,106805.42,0.00045,48.062439
2025-10-18 00:26:21.619,106812.43,0.00012,12.8174916
2025-10-18 00:26:22.125,106814.02,0.00103,110.01844060000002
2025-10-18 00:26:22.188,106814.02,0.00573,612.0443346
2025-10-18 00:26:22.189,106814.68,0.00143,152.7449924
2025-10-18 00:26:22.191,106814.68,0.00039,41.657725199999994
2025-10-18 00:26:22.193,106814.69,0.0011,117.496159
2025-10-18 00:26:22.197,106814.75,0.0003,32.044425
2025-10-18 00:26:22.198,106814.75,0.00025,26.7036875
2025-10-18 00:26:22.199,106814.75,5e-05,5.3407375
2025-10-18 00:26:22.200,106814.76,0.0011,117.496236
2025-10-18 00:26:22.202,106814.76,0.00035,37.385166
2025-10-18 00:26:22.203,106814.76,0.00075,80.11107
2025-10-18 00:26:22.204,106814.76,0.00025,26.703689999999998
2025-10-18 00:26:22.225,106814.77,0.00245,261.6961865
2025-10-18 00:26:22.248,106814.78,0.0022,234.99251600000002
2025-10-18 00:26:22.249,106814.79,0.0011,117.496269
2025-10-18 00:26:22.321,106817.77,0.00038,40.5907526
2025-10-18 00:26:22.807,106819.99,0.00015,16.0229985
2025-10-18 00:26:22.812,106823.02,0.00835,891.972217
2025-10-18 00:26:22.814,106822.77,0.0004,42.729108000000004
2025-10-18 00:26:22.816,106824.15,0.0001,10.682415
2025-10-18 00:26:22.884,106824.21,0.002,213.64842000000002
2025-10-18 00:26:22.988,106824.25,0.04198,4484.4820150000005
2025-10-18 00:26:22.990,106824.25,0.00065,69.4357625
2025-10-18 00:26:22.992,106824.25,0.00035,37.3884875
2025-10-18 00:26:22.994,106824.26,0.0011,117.506686
2025-10-18 00:26:22.995,106825.33,0.0002,21.365066000000002
2025-10-18 00:26:22.996,106825.99,0.00272,290.56669280000006
2025-10-18 00:26:23.117,106828.02,0.0002,21.365604
2025-10-18 00:26:23.118,106828.39,5e-05,5.341419500000001
2025-10-18 00:26:23.128,106829.07,0.00125,133.5363375
2025-10-18 00:26:23.131,106829.07,0.0003,32.048721
2025-10-18 00:26:23.188,106830.0,0.00505,539.4915
2025-10-18 00:26:23.190,106830.01,0.0012,128.196012
2025-10-18 00:26:23.194,106830.04,0.0009,96.14703599999999
2025-10-18 00:26:23.197,106830.04,0.00025,26.70751
2025-10-18 00:26:23.199,106830.04,0.00015,16.024506
2025-10-18 00:26:23.200,106830.05,0.0011,117.51305500000001
2025-10-18 00:26:23.202,106830.05,0.0012,128.19606
2025-10-18 00:26:23.205,106830.05,0.00038,40.59541900000001
2025-10-18 00:26:23.207,106830.06,0.00011,11.7513066
2025-10-18 00:26:23.208,106830.06,0.00061,65.1663366
2025-10-18 00:26:23.216,106834.46,7e-05,7.4784122
2025-10-18 00:26:23.219,106839.94,6e-05,6.410396400000001
2025-10-18 00:26:23.251,106839.93,0.00093,99.3611349
2025-10-18 00:26:23.578,106839.94,0.04346,4643.2637924
2025-10-18 00:26:23.618,106839.94,0.00388,414.53896720000006
2025-10-18 00:26:23.620,106840.0,0.00936,1000.0224000000001
2025-10-18 00:26:23.650,106840.0,0.01273,1360.0732
2025-10-18 00:26:23.652,106840.01,0.0011,117.524011
2025-10-18 00:26:24.013,106840.45,0.0001,10.684045
2025-10-18 00:26:24.071,106840.45,0.00936,1000.026612
2025-10-18 00:26:24.221,106840.45,0.00094,100.43002299999999
2025-10-18 00:26:24.706,106840.44,0.12605,13467.237462
2025-10-18 00:26:24.715,106840.43,0.0002,21.368085999999998
2025-10-18 00:26:24.716,106840.36,0.0001,10.684036
2025-10-18 00:26:24.724,106834.97,0.00015,16.0252455
2025-10-18 00:26:24.726,106834.96,0.03642,3890.9292432
2025-10-18 00:26:24.860,106829.77,0.00015,16.024465499999998
2025-10-18 00:26:25.044,106829.77,9e-05,9.6146793
2025-10-18 00:26:25.063,106829.77,8e-05,8.546381600000002
2025-10-18 00:26:25.353,106829.77,6e-05,6.4097862
2025-10-18 00:26:25.673,106829.76,5e-05,5.341488
2025-10-18 00:26:26.296,106829.76,0.00015,16.024464
2025-10-18 00:26:26.325,106829.76,0.0003,32.048928
2025-10-18 00:26:26.365,106829.76,8e-05,8.5463808
2025-10-18 00:26:26.425,106829.77,0.00361,385.6554697
2025-10-18 00:26:26.462,106829.76,8e-05,8.5463808
2025-10-18 00:26:26.670,106829.76,0.00837,894.1650912
2025-10-18 00:26:26.904,106829.77,0.00039,41.6636103
2025-10-18 00:26:26.905,106829.77,0.00039,41.6636103
2025-10-18 00:26:27.965,106829.76,0.03797,4056.3259871999994
2025-10-18 00:26:27.969,106829.76,0.12494,13347.310214399999
2025-10-18 00:26:27.973,106828.39,0.0002,21.365678000000003
2025-10-18 00:26:27.976,106828.38,0.0011,117.51121800000001
2025-10-18 00:26:28.644,106827.57,0.00234,249.97651380000002
2025-10-18 00:26:28.675,106827.56,0.14745,15751.723721999999
2025-10-18 00:26:28.811,106827.56,0.13368,14280.7082208
2025-10-18 00:26:28.812,106825.49,0.00394,420.8924306
2025-10-18 00:26:28.814,106823.77,0.00545,582.1895465
2025-10-18 00:26:28.818,106823.77,0.0008,85.459016
2025-10-18 00:26:30.303,106823.37,0.00024,25.6376088
2025-10-18 00:26:30.610,106823.37,0.00019,20.2964403
2025-10-18 00:26:30.639,106823.37,0.00028,29.910543599999997
2025-10-18 00:26:30.650,106823.37,0.00026,27.774076199999996
2025-10-18 00:26:30.968,106823.36,0.00044,47.0022784
2025-10-18 00:26:31.568,106823.36,0.0063,672.987168
2025-10-18 00:26:31.631,106823.36,0.00014,14.955270399999998
2025-10-18 00:26:31.659,106823.36,0.00015,16.023504
2025-10-18 00:26:32.152,106823.36,0.00014,14.955270399999998
2025-10-18 00:26:32.175,106823.36,0.00017,18.1599712
2025-10-18 00:26:32.211,106823.36,0.00019,20.2964384
2025-10-18 00:26:32.573,106823.36,0.02184,2333.0221824
2025-10-18 00:26:32.621,106823.36,0.00012,12.8188032
2025-10-18 00:26:32.659,106823.36,0.0002,21.364672000000002
2025-10-18 00:26:33.184,106823.37,0.00824,880.2245688
2025-10-18 00:26:33.860,106823.36,0.00023,24.5693728
2025-10-18 00:26:34.227,106823.37,0.00046,49.1387502
2025-10-18 00:26:34.440,106823.37,0.00082,87.59516339999999
2025-10-18 00:26:36.129,106823.36,0.00157,167.7126752
2025-10-18 00:26:36.397,106823.36,0.00019,20.2964384
2025-10-18 00:26:36.703,106823.37,0.0003,32.047011
2025-10-18 00:26:36.783,106823.36,6e-05,6.4094016
2025-10-18 00:26:37.082,106823.37,0.00052,55.54815239999999
2025-10-18 00:26:37.489,106823.37,0.05311,5673.389180699999
2025-10-18 00:26:37.495,106827.01,0.00158,168.78667579999998
2025-10-18 00:26:37.498,106827.58,0.00259,276.68343219999997
2025-10-18 00:26:37.507,106827.57,0.00794,848.2109058
2025-10-18 00:26:37.520,106827.57,0.00012,12.8193084
2025-10-18 00:26:38.132,106827.57,0.00014,14.955859799999999
2025-10-18 00:26:38.285,106827.58,0.0001,10.682758000000002
2025-10-18 00:26:38.305,106827.57,0.00038,40.59447660000001
2025-10-18 00:26:38.347,106827.58,0.00016,17.0924128
2025-10-18 00:26:38.534,106827.58,0.00012,12.8193096
2025-10-18 00:26:39.849,106827.58,0.0614,6559.213412
2025-10-18 00:26:39.923,106827.58,4e-05,4.2731032
2025-10-18 00:26:40.244,106827.57,5e-05,5.3413785
2025-10-18 00:26:40.852,106827.57,0.00281,300.1854717
2025-10-18 00:26:40.889,106827.58,0.09948,10627.2076584
2025-10-18 00:26:40.903,106827.58,0.00177,189.0848166
2025-10-18 00:26:40.999,106827.59,0.00047,50.2089673
2025-10-18 00:26:41.141,106827.58,0.00022,23.5020676
2025-10-18 00:26:41.162,106827.59,0.00014,14.955862599999998
2025-10-18 00:26:41.482,106827.58,0.00011,11.7510338
2025-10-18 00:26:41.577,106827.58,5e-05,5.341379000000001
2025-10-18 00:26:42.509,106827.59,0.00187,199.7675933
2025-10-18 00:26:42.585,106827.59,0.00015,16.0241385
2025-10-18 00:26:42.968,106827.59,0.03744,3999.6249696
2025-10-18 00:26:43.223,106827.59,0.0252,2692.055268
2025-10-18 00:26:43.349,106827.59,0.00015,16.0241385
2025-10-18 00:26:43.434,106827.58,0.02549,2723.0350141999998
2025-10-18 00:26:43.435,106827.4,0.0009,96.14465999999999
2025-10-18 00:26:43.436,106827.03,0.03288,3512.4727464
2025-10-18 00:26:43.439,106823.91,0.0001,10.682391
2025-10-18 00:26:43.451,106821.18,0.02877,3073.2453486
2025-10-18 00:26:43.461,106821.18,0.01438,1536.0885684
2025-10-18 00:26:43.501,106821.18,0.012,1281.8541599999999
2025-10-18 00:26:43.503,106821.18,0.012,1281.8541599999999
2025-10-18 00:26:44.182,106821.19,4.30565,459934.6567235
2025-10-18 00:26:45.206,106821.19,0.00021,22.4324499
2025-10-18 00:26:45.347,106821.19,0.00013,13.8867547
2025-10-18 00:26:45.348,106821.19,0.00018,19.2278142
2025-10-18 00:26:45.721,106821.18,0.004,427.28472
2025-10-18 00:26:46.048,106821.19,4e-05,4.2728476
2025-10-18 00:26:46.074,106821.18,0.00197,210.4377246
2025-10-18 00:26:46.119,106821.19,0.00031,33.1145689
2025-10-18 00:26:47.495,106821.19,0.02405,2569.0496195
2025-10-18 00:26:48.680,106821.19,0.0094,1004.119186
2025-10-18 00:26:48.806,106821.18,0.00073,77.97946139999999
2025-10-18 00:26:48.961,106821.19,0.00117,124.9807923
2025-10-18 00:26:49.434,106821.19,0.00054,57.6834426
2025-10-18 00:26:49.480,106821.18,0.00301,321.5317518
2025-10-18 00:26:50.999,106821.19,5e-05,5.3410595
2025-10-18 00:26:51.217,106821.19,0.0002,21.364238
2025-10-18 00:26:51.349,106821.19,0.00017,18.159602300000003
2025-10-18 00:26:51.718,106821.18,0.00022,23.5006596
2025-10-18 00:26:51.859,106821.19,0.00614,655.8821065999999
2025-10-18 00:26:51.866,106821.19,0.00049,52.3423831
2025-10-18 00:26:51.943,106821.2,0.00372,397.374864
2025-10-18 00:26:51.945,106821.21,0.00105,112.1622705
2025-10-18 00:26:51.947,106821.31,0.0018,192.278358
2025-10-18 00:26:51.951,106822.69,0.0011,117.50495900000001
2025-10-18 00:26:51.953,106823.21,0.00105,112.1643705
2025-10-18 00:26:51.954,106823.37,0.0003,32.047011
2025-10-18 00:26:51.969,106825.45,0.0005,53.412725
2025-10-18 00:26:52.079,106825.75,8e-05,8.54606
2025-10-18 00:26:52.115,106833.08,0.00015,16.024962
2025-10-18 00:26:52.611,106834.99,0.00094,100.4248906
2025-10-18 00:26:52.615,106840.0,5e-05,5.3420000000000005
2025-10-18 00:26:52.868,106841.17,7e-05,7.478881899999999
2025-10-18 00:26:54.259,106841.17,7e-05,7.478881899999999
2025-10-18 00:26:54.393,106841.16,0.00013,13.889350799999999
2025-10-18 00:26:54.644,106841.16,5e-05,5.342058000000001
2025-10-18 00:26:54.920,106841.17,0.00024,25.6418808
2025-10-18 00:26:55.032,106841.16,0.00048,51.283756800000006
2025-10-18 00:26:55.314,106841.16,0.012,1282.09392
2025-10-18 00:26:55.315,106841.16,0.012,1282.09392
2025-10-18 00:26:55.316,106841.16,0.02173,2321.6584068
2025-10-18 00:26:55.318,106841.16,0.02165,2313.111114
2025-10-18 00:26:55.320,106841.16,0.04534,4844.1781944
2025-10-18 00:26:55.321,106841.16,0.01201,1283.1623316
2025-10-18 00:26:55.322,106841.16,0.04777,5103.802213200001
2025-10-18 00:26:55.323,106837.94,5e-05,5.341897
2025-10-18 00:26:55.325,106831.56,5e-05,5.341578
2025-10-18 00:26:55.336,106830.49,0.03533,3774.3212117000003
2025-10-18 00:26:56.047,106830.48,5e-05,5.341524
2025-10-18 00:26:56.115,106827.5,6e-05,6.40965
2025-10-18 00:26:57.045,106824.89,0.00071,75.8456719
2025-10-18 00:26:57.144,106824.89,0.00021,22.4332269
2025-10-18 00:26:58.025,106824.88,4e-05,4.2729952
2025-10-18 00:26:58.327,106824.88,0.00595,635.6080360000001
2025-10-18 00:26:58.328,106821.17,0.04189,4474.7388113
2025-10-18 00:26:58.335,106817.13,0.04416,4717.0444608
2025-10-18 00:26:58.339,106817.13,0.011,1174.9884299999999
2025-10-18 00:26:58.341,106816.58,0.00533,569.3323713999999
2025-10-18 00:26:58.345,106812.07,8e-05,8.544965600000001
2025-10-18 00:26:58.352,106811.68,0.00168,179.4436224
2025-10-18 00:26:58.356,106811.68,0.00769,821.3818191999999
2025-10-18 00:26:58.414,106811.69,0.003,320.43507
2025-10-18 00:26:58.429,106808.0,6e-05,6.40848
2025-10-18 00:26:58.825,106807.39,0.16506,17629.627793400003
2025-10-18 00:26:58.827,106803.63,5e-05,5.340181500000001
2025-10-18 00:26:58.833,106798.22,0.00157,167.6732054
2025-10-18 00:26:58.837,106798.22,0.012,1281.57864
2025-10-18 00:26:58.839,106798.22,0.012,1281.57864
2025-10-18 00:26:58.865,106796.89,0.00015,16.019533499999998
2025-10-18 00:26:58.916,106796.13,0.00631,673.8835803
2025-10-18 00:26:58.955,106794.36,0.00235,250.966746
2025-10-18 00:26:59.687,106794.36,0.00927,989.9837172
2025-10-18 00:26:59.699,106792.78,0.00015,16.018917
2025-10-18 00:26:59.704,106792.78,0.0031,331.057618
2025-10-18 00:26:59.705,106792.78,0.2,21358.556
2025-10-18 00:26:59.707,106792.77,0.001,106.79277
2025-10-18 00:26:59.709,106792.77,0.001,106.79277
2025-10-18 00:26:59.916,106792.77,0.0002,21.358554
2025-10-18 00:27:00.118,106792.77,0.01498,1599.7556946000002
2025-10-18 00:27:00.280,106792.77,0.01498,1599.7556946000002
2025-10-18 00:27:00.605,106792.77,7e-05,7.4754939
2025-10-18 00:27:00.866,106792.78,9e-05,9.6113502
2025-10-18 00:27:01.022,106792.77,0.00116,123.87961320000001
2025-10-18 00:27:01.222,106792.78,0.0002,21.358556
2025-10-18 00:27:01.235,106792.77,6e-05,6.407566200000001
2025-10-18 00:27:01.327,106792.77,0.012,1281.51324
2025-10-18 00:27:01.329,106792.77,0.012,1281.51324
2025-10-18 00:27:01.968,106792.78,0.00128,136.6947584
2025-10-18 00:27:02.425,106792.77,0.00153,163.39293809999998
2025-10-18 00:27:02.659,106792.77,0.00012,12.815132400000001
2025-10-18 00:27:03.534,106792.78,0.00024,25.6302672
2025-10-18 00:27:04.188,106792.78,0.00635,678.134153
2025-10-18 00:27:04.189,106794.13,5e-05,5.3397065
2025-10-18 00:27:04.194,106795.5,0.0009,96.11595
2025-10-18 00:27:04.215,106799.18,0.00567,605.5513506
2025-10-18 00:27:04.315,106805.82,5e-05,5.340291000000001
2025-10-18 00:27:04.416,106812.6,0.0001,10.681260000000002
2025-10-18 00:27:04.419,106813.32,0.00586,625.9260552000001
2025-10-18 00:27:04.607,106813.31,9e-05,9.613197900000001
2025-10-18 00:27:04.871,106813.32,0.00104,111.0858528
2025-10-18 00:27:05.036,106813.31,0.00411,439.00270409999996
2025-10-18 00:27:05.050,106805.02,0.00015,16.020753
2025-10-18 00:27:05.115,106797.29,0.0015,160.195935
2025-10-18 00:27:05.917,106792.81,0.00065,69.41532649999999
2025-10-18 00:27:06.010,106792.82,0.00024,25.6302768
2025-10-18 00:27:06.025,106792.81,0.00334,356.6879854
2025-10-18 00:27:06.521,106792.81,0.0002,21.358562
2025-10-18 00:27:06.585,106792.81,8e-05,8.5434248
2025-10-18 00:27:06.784,106792.81,0.00087,92.9097447
2025-10-18 00:27:06.993,106792.82,0.00309,329.9898138
2025-10-18 00:27:07.089,106792.81,0.012,1281.51372
2025-10-18 00:27:07.092,106792.81,0.012,1281.51372
2025-10-18 00:27:07.094,106792.81,0.012,1281.51372
2025-10-18 00:27:07.279,106792.81,0.00099,105.7248819
2025-10-18 00:27:07.725,106792.81,0.00453,483.7714293
2025-10-18 00:27:07.859,106792.82,0.00058,61.9398356
2025-10-18 00:27:07.936,106792.82,0.00936,999.5807952000001
2025-10-18 00:27:08.332,106792.81,0.00133,142.0344373
2025-10-18 00:27:08.542,106791.76,0.00213,227.4664488
2025-10-18 00:27:08.546,106791.76,0.00262,279.79441119999996
2025-10-18 00:27:08.554,106791.76,0.07381,7882.2998056
2025-10-18 00:27:08.556,106791.76,0.012,1281.50112
2025-10-18 00:27:08.557,106791.75,0.00116,123.87843
2025-10-18 00:27:08.558,106790.76,5e-05,5.339538
2025-10-18 00:27:08.559,106782.87,0.00487,520.0325769
2025-10-18 00:27:08.621,106782.87,0.00167,178.3273929
2025-10-18 00:27:08.650,106782.87,0.00025,26.6957175
2025-10-18 00:27:08.862,106782.88,0.00038,40.577494400000006
2025-10-18 00:27:08.865,106782.88,0.00046,49.120124800000006
2025-10-18 00:27:09.499,106782.87,0.00744,794.4645528
2025-10-18 00:27:09.563,106782.87,0.0014,149.496018
2025-10-18 00:27:09.572,106782.87,0.00033,35.2383471
2025-10-18 00:27:09.605,106782.87,0.02188,2336.4091955999997
2025-10-18 00:27:09.608,106776.0,0.002,213.552
2025-10-18 00:27:09.621,106775.61,0.00487,519.9972207000001
2025-10-18 00:27:09.770,106775.62,0.00174,185.7895788
2025-10-18 00:27:09.977,106775.61,0.00027,28.8294147
2025-10-18 00:27:10.038,106775.61,0.01471,1570.6692231000002
2025-10-18 00:27:10.178,106775.61,0.01664,1776.7461503999998
2025-10-18 00:27:10.215,106769.0,6e-05,6.40614
2025-10-18 00:27:10.415,106760.77,0.003,320.28231
2025-10-18 00:27:10.480,106758.9,0.01498,1599.248322
2025-10-18 00:27:10.615,106758.91,9e-05,9.6083019
2025-10-18 00:27:11.107,106758.9,0.00047,50.176683
2025-10-18 00:27:11.149,106758.91,0.18636,19895.5904676
2025-10-18 00:27:12.076,106758.91,0.028,2989.24948
2025-10-18 00:27:12.110,106758.91,0.0121,1291.782811
2025-10-18 00:27:12.113,106765.31,0.0002,21.353062
2025-10-18 00:27:12.215,106770.92,0.00015,16.015638
2025-10-18 00:27:12.837,106770.79,0.0002,21.354157999999998
2025-10-18 00:27:12.843,106768.09,0.00125,133.4601125
2025-10-18 00:27:12.866,106765.51,0.00015,16.014826499999998
2025-10-18 00:27:12.870,106765.38,0.00015,16.014806999999998
2025-10-18 00:27:12.876,106765.31,0.00105,112.10357549999999
2025-10-18 00:27:12.878,106765.3,0.00115,122.780095
2025-10-18 00:27:12.881,106764.06,0.012,1281.16872
2025-10-18 00:27:12.883,106764.06,0.012,1281.16872
2025-10-18 00:27:13.139,106764.06,0.42385,45251.946831
2025-10-18 00:27:13.140,106764.04,0.0001,10.676404
2025-10-18 00:27:13.144,106758.9,0.00695,741.974355
2025-10-18 00:27:13.147,106758.9,0.00904,965.1004559999999
2025-10-18 00:27:13.148,106754.16,5e-05,5.337708
2025-10-18 00:27:13.173,106752.5,0.00187,199.627175
2025-10-18 00:27:13.185,106752.42,0.0001,10.675242
2025-10-18 00:27:13.375,106752.0,0.00436,465.43872
2025-10-18 00:27:13.381,106749.47,5e-05,5.337473500000001
2025-10-18 00:27:13.382,106749.0,0.013,1387.7369999999999
2025-10-18 00:27:13.383,106749.0,0.013,1387.7369999999999
2025-10-18 00:27:13.478,106749.0,0.00012,12.80988
2025-10-18 00:27:13.664,106749.01,0.0486,5188.001885999999
2025-10-18 00:27:13.729,106749.01,0.00022,23.484782199999998
2025-10-18 00:27:13.745,106749.01,0.00053,56.576975299999994
2025-10-18 00:27:13.822,106749.01,0.0047,501.720347
2025-10-18 00:27:13.974,106749.01,0.0008,85.399208
2025-10-18 00:27:14.147,106749.0,0.013,1387.7369999999999
2025-10-18 00:27:14.148,106749.0,0.013,1387.7369999999999
2025-10-18 00:27:14.215,106744.0,0.0028,298.8832
2025-10-18 00:27:14.218,106737.52,6e-05,6.4042512
2025-10-18 00:27:14.302,106737.52,0.005,533.6876
2025-10-18 00:27:14.305,106737.52,0.005,533.6876
2025-10-18 00:27:14.312,106737.52,0.005,533.6876
2025-10-18 00:27:14.617,106737.52,0.00533,568.9109816
2025-10-18 00:27:14.620,106737.5,0.0011,117.41125000000001
2025-10-18 00:27:14.635,106732.99,0.00022,23.4812578
2025-10-18 00:27:14.715,106732.99,0.00258,275.3711142
2025-10-18 00:27:14.825,106732.98,0.00215,229.47590699999998
2025-10-18 00:27:14.837,106732.97,0.002,213.46594000000002
2025-10-18 00:27:14.884,106732.91,0.012,1280.79492
2025-10-18 00:27:14.915,106725.61,5e-05,5.3362805
2025-10-18 00:27:15.263,106718.07,0.00951,1014.8888457
2025-10-18 00:27:15.276,106718.06,0.0001,10.671806
2025-10-18 00:27:15.818,106718.07,0.04668,4981.5995076
2025-10-18 00:27:15.991,106718.06,0.00019,20.2764314
2025-10-18 00:27:16.086,106718.07,0.00047,50.1574929
2025-10-18 00:27:16.153,106718.06,0.00102,108.85242120000001
2025-10-18 00:27:16.769,106718.07,0.00024,25.6123368
2025-10-18 00:27:16.959,106718.06,0.02707,2888.8578842
2025-10-18 00:27:17.032,106718.07,0.00019,20.2764333
2025-10-18 00:27:17.151,106718.06,0.013,1387.33478
2025-10-18 00:27:17.152,106718.06,0.013,1387.33478
2025-10-18 00:27:17.306,106718.07,0.00069,73.6354683
2025-10-18 00:27:17.832,106718.07,0.00028,29.8810596
2025-10-18 00:27:17.917,106718.07,8e-05,8.537445600000002
2025-10-18 00:27:18.160,106718.06,0.006,640.30836
2025-10-18 00:27:18.161,106718.06,0.006,640.30836
2025-10-18 00:27:18.215,106714.19,5e-05,5.3357095
2025-10-18 00:27:18.820,106711.17,0.00074,78.9662658
2025-10-18 00:27:19.062,106711.16,0.00055,58.691138
2025-10-18 00:27:19.315,106708.48,5e-05,5.335424
2025-10-18 00:27:19.879,106704.51,0.00242,258.22491419999994
2025-10-18 00:27:19.932,106704.51,0.01256,1340.2086456
2025-10-18 00:27:19.940,106704.51,0.00628,670.1043228
2025-10-18 00:27:19.976,106704.52,6e-05,6.4022712
2025-10-18 00:27:20.020,106704.51,0.013,1387.15863
2025-10-18 00:27:20.022,106704.51,0.013,1387.15863
2025-10-18 00:27:20.028,106704.52,0.00046,49.084079200000005
2025-10-18 00:27:20.091,106704.51,0.00695,741.5963444999999
2025-10-18 00:27:20.209,106704.51,0.013,1387.15863
2025-10-18 00:27:20.579,106704.52,0.00016,17.072723200000002
2025-10-18 00:27:20.916,106704.51,0.03694,3941.6645994
2025-10-18 00:27:21.210,106704.51,0.013,1387.15863
2025-10-18 00:27:21.211,106704.51,0.013,1387.15863
2025-10-18 00:27:21.244,106704.51,0.00224,239.01810239999998
2025-10-18 00:27:21.246,106704.5,0.00075,80.028375
2025-10-18 00:27:21.615,106697.04,5e-05,5.334852
2025-10-18 00:27:21.720,106692.31,0.001,106.69231
2025-10-18 00:27:21.721,106692.31,0.001,106.69231
2025-10-18 00:27:21.722,106692.31,0.001,106.69231
2025-10-18 00:27:21.791,106692.32,8e-05,8.535385600000001
2025-10-18 00:27:21.825,106692.32,0.00014,14.9369248
2025-10-18 00:27:21.942,106692.32,0.00842,898.3493344000001
2025-10-18 00:27:21.978,106692.32,0.01872,1997.2802304000002
2025-10-18 00:27:21.988,106692.32,0.01872,1997.2802304000002
2025-10-18 00:27:22.031,106692.31,0.013,1387.00003
2025-10-18 00:27:22.032,106692.31,0.013,1387.00003
2025-10-18 00:27:22.402,106692.31,0.013,1387.00003
2025-10-18 00:27:22.403,106692.31,0.013,1387.00003
2025-10-18 00:27:22.404,106692.31,0.013,1387.00003
2025-10-18 00:27:22.733,106692.32,0.00011,11.7361552
2025-10-18 00:27:22.768,106692.31,0.3346,35699.246926
2025-10-18 00:27:23.453,106692.32,0.14274,15229.261756800002
2025-10-18 00:27:23.455,106692.32,0.00936,998.6401152000001
2025-10-18 00:27:23.525,106692.31,0.013,1387.00003
2025-10-18 00:27:23.526,106692.31,0.013,1387.00003
2025-10-18 00:27:23.740,106692.32,0.00028,29.8738496
2025-10-18 00:27:24.177,106692.31,1.05808,112888.9993648
2025-10-18 00:27:24.185,106692.3,0.013,1386.9999
2025-10-18 00:27:24.186,106692.3,0.013,1386.9999
2025-10-18 00:27:24.411,106691.99,0.0002,21.338398
2025-10-18 00:27:24.412,106691.35,5e-05,5.3345675
2025-10-18 00:27:24.414,106690.74,0.00037,39.4755738
2025-10-18 00:27:24.422,106690.0,0.001,106.69
2025-10-18 00:27:24.424,106690.0,0.001,106.69
2025-10-18 00:27:24.425,106689.96,5e-05,5.334498000000001
2025-10-18 00:27:24.715,106685.64,5e-05,5.334282
2025-10-18 00:27:25.119,106682.24,0.0002,21.336448
2025-10-18 00:27:25.147,106682.25,8e-05,8.53458
2025-10-18 00:27:25.710,106682.25,0.00059,62.942527500000004
2025-10-18 00:27:25.764,106682.24,0.001,106.68224000000001
2025-10-18 00:27:25.766,106682.24,0.001,106.68224000000001
2025-10-18 00:27:25.815,106674.17,0.00015,16.001125499999997
2025-10-18 00:27:25.848,106674.17,0.00467,498.16837389999995
2025-10-18 00:27:26.210,106674.16,0.013,1386.76408
2025-10-18 00:27:26.211,106674.16,0.013,1386.76408
2025-10-18 00:27:26.212,106674.16,0.013,1386.76408
2025-10-18 00:27:26.220,106674.16,0.00187,199.4806792
2025-10-18 00:27:26.410,106674.17,0.00047,50.1368599
2025-10-18 00:27:26.734,106674.16,0.013,1386.76408
2025-10-18 00:27:26.736,106674.16,0.013,1386.76408
2025-10-18 00:27:26.851,106674.16,0.00187,199.4806792
2025-10-18 00:27:26.856,106674.16,0.00025,26.66854
2025-10-18 00:27:26.915,106669.26,0.00015,16.000389
2025-10-18 00:27:28.022,106669.25,5e-05,5.3334625
2025-10-18 00:27:29.024,106669.25,0.008,853.354
2025-10-18 00:27:29.025,106669.25,0.008,853.354
2025-10-18 00:27:29.665,106669.25,0.013,1386.7002499999999
2025-10-18 00:27:29.666,106669.25,0.013,1386.7002499999999
2025-10-18 00:27:29.715,106669.25,0.01473,1571.2380525
2025-10-18 00:27:29.790,106664.04,0.00451,481.0548204
2025-10-18 00:27:29.812,106664.05,0.00019,20.2661695
2025-10-18 00:27:29.816,106664.04,0.013,1386.6325199999999
2025-10-18 00:27:29.818,106664.04,0.013,1386.6325199999999
2025-10-18 00:27:29.819,106664.04,0.013,1386.6325199999999
2025-10-18 00:27:29.844,106664.04,0.006,639.98424
2025-10-18 00:27:30.162,106664.04,0.01499,1598.8939595999998
2025-10-18 00:27:31.681,106664.05,9e-05,9.599764500000001
2025-10-18 00:27:31.996,106664.04,0.0044,469.321776
2025-10-18 00:27:32.032,106664.05,0.18747,19996.309453500002
2025-10-18 00:27:33.322,106664.05,0.00281,299.7259805
2025-10-18 00:27:33.576,106664.05,7e-05,7.4664835
2025-10-18 00:27:34.170,106664.04,0.00093,99.1975572
2025-10-18 00:27:34.172,106664.04,0.013,1386.6325199999999
2025-10-18 00:27:34.173,106664.04,0.013,1386.6325199999999
2025-10-18 00:27:35.175,106664.04,0.013,1386.6325199999999
2025-10-18 00:27:35.179,106664.04,0.013,1386.6325199999999
2025-10-18 00:27:35.415,106657.65,0.00562,599.415993
2025-10-18 00:27:35.419,106656.96,0.0034,362.633664
2025-10-18 00:27:35.511,106656.97,0.0003,31.997090999999998
2025-10-18 00:27:35.581,106656.96,0.01875,1999.818
2025-10-18 00:27:35.725,106656.97,0.00051,54.3950547
2025-10-18 00:27:36.239,106656.97,0.00093,99.19098210000001
2025-10-18 00:27:36.263,106656.96,0.006,639.94176
2025-10-18 00:27:36.264,106656.96,0.006,639.94176
2025-10-18 00:27:36.443,106656.97,0.0052,554.6162439999999
2025-10-18 00:27:36.486,106656.96,0.00573,611.1443808
2025-10-18 00:27:36.489,106656.01,0.00093,99.1900893
2025-10-18 00:27:36.491,106656.0,0.00592,631.40352
2025-10-18 00:27:36.494,106656.0,0.013,1386.528
2025-10-18 00:27:36.498,106656.0,0.00144,153.58464
2025-10-18 00:27:36.515,106649.99,0.00015,15.997498499999999
2025-10-18 00:27:36.586,106648.75,8e-05,8.5319
2025-10-18 00:27:36.797,106647.99,0.0001,10.664799
2025-10-18 00:27:36.804,106647.39,0.013,1386.41607
2025-10-18 00:27:36.808,106647.39,0.013,1386.41607
2025-10-18 00:27:36.809,106647.39,0.013,1386.41607
2025-10-18 00:27:37.028,106647.39,0.013,1386.41607
2025-10-18 00:27:37.030,106647.39,0.013,1386.41607
2025-10-18 00:27:37.189,106647.39,0.001,106.64739
2025-10-18 00:27:37.191,106647.39,0.001,106.64739
2025-10-18 00:27:37.194,106647.38,0.001,106.64738000000001
2025-10-18 00:27:37.215,106636.82,0.00283,301.7822006
2025-10-18 00:27:37.219,106636.68,0.18807,20055.160407599997
2025-10-18 00:27:37.382,106636.67,0.01876,2000.5039292
2025-10-18 00:27:37.504,106636.67,0.013,1386.2767099999999
2025-10-18 00:27:37.505,106636.67,0.013,1386.2767099999999
2025-10-18 00:27:37.699,106636.67,0.013,1386.2767099999999
2025-10-18 00:27:37.701,106636.67,0.013,1386.2767099999999
2025-10-18 00:27:38.164,106636.67,0.00025,26.6591675
2025-10-18 00:27:38.191,106636.68,0.00061,65.04837479999999
2025-10-18 00:27:38.470,106636.68,0.00469,500.12602919999995
2025-10-18 00:27:38.496,106636.68,0.00114,121.56581519999999
2025-10-18 00:27:38.609,106636.68,0.23781,25359.2688708
2025-10-18 00:27:38.610,106636.68,0.00135,143.959518
2025-10-18 00:27:38.618,106636.8,0.0008,85.30944000000001
2025-10-18 00:27:38.619,106636.8,0.0002,21.327360000000002
2025-10-18 00:27:38.624,106638.31,0.00065,69.31490149999999
2025-10-18 00:27:38.653,106643.66,0.00061,65.0526326
2025-10-18 00:27:38.657,106647.34,0.00584,622.8204655999999
2025-10-18 00:27:38.866,106647.34,0.002,213.29468
2025-10-18 00:27:38.901,106647.34,0.00166,177.0345844
2025-10-18 00:27:38.915,106652.72,0.00086,91.7213392
2025-10-18 00:27:39.026,106654.18,0.00014,14.931585199999997
2025-10-18 00:27:39.374,106654.18,0.0001,10.665417999999999
2025-10-18 00:27:40.677,106654.19,0.00027,28.7966313
2025-10-18 00:27:41.232,106654.19,9e-05,9.598877100000001
2025-10-18 00:27:41.260,106654.18,0.00105,111.98688899999999
2025-10-18 00:27:44.381,106654.18,0.00365,389.287757
2025-10-18 00:27:45.215,106647.37,0.00015,15.997105499999998
2025-10-18 00:27:45.357,106647.37,0.00014,14.930631799999999
2025-10-18 00:27:45.374,106647.36,0.015,1599.7104
2025-10-18 00:27:45.588,106647.22,0.00015,15.997082999999998
2025-10-18 00:27:45.953,106647.22,0.00941,1003.5503402
2025-10-18 00:27:46.052,106647.22,0.00046,49.0577212
2025-10-18 00:27:46.194,106647.21,0.00047,50.124188700000005
2025-10-18 00:27:46.388,106647.22,0.00061,65.05480419999999
2025-10-18 00:27:47.023,106647.22,0.00086,91.7166092
2025-10-18 00:27:47.464,106647.22,5e-05,5.332361000000001
2025-10-18 00:27:47.526,106647.22,0.0002,21.329444000000002
2025-10-18 00:27:48.082,106647.21,0.00318,339.1381278
2025-10-18 00:27:48.163,106647.21,0.00019,20.2629699
2025-10-18 00:27:48.208,106647.21,5e-05,5.332360500000001
2025-10-18 00:27:49.786,106647.22,0.00047,50.124193399999996
2025-10-18 00:27:49.806,106647.22,0.00182,194.0979404
2025-10-18 00:27:49.876,106647.22,0.00012,12.7976664
2025-10-18 00:27:50.154,106647.22,0.00032,34.12711040000001
2025-10-18 00:27:50.252,106647.21,0.013,1386.41373
2025-10-18 00:27:50.253,106647.21,0.013,1386.41373
2025-10-18 00:27:50.254,106647.21,0.013,1386.41373
2025-10-18 00:27:51.251,106647.21,0.013,1386.41373
2025-10-18 00:27:51.252,106647.21,0.013,1386.41373
2025-10-18 00:27:51.253,106647.21,0.013,1386.41373
2025-10-18 00:27:51.496,106647.21,0.013,1386.41373
2025-10-18 00:27:51.497,106647.21,0.013,1386.41373
2025-10-18 00:27:51.498,106647.21,0.013,1386.41373
2025-10-18 00:27:52.291,106647.21,0.013,1386.41373
2025-10-18 00:27:52.292,106647.21,0.013,1386.41373
2025-10-18 00:27:52.358,106647.21,0.00021,22.395914100000002
2025-10-18 00:27:52.383,106647.21,0.013,1386.41373
2025-10-18 00:27:52.385,106647.21,0.013,1386.41373
2025-10-18 00:27:52.489,106647.22,0.005,533.2361
2025-10-18 00:27:52.511,106647.22,0.00044,46.924776800000004
2025-10-18 00:27:53.049,106647.21,0.00087,92.7830727
2025-10-18 00:27:53.400,106647.21,0.013,1386.41373
2025-10-18 00:27:53.401,106647.21,0.013,1386.41373
2025-10-18 00:27:53.756,106647.21,0.0001,10.664721000000002
2025-10-18 00:27:54.320,106647.22,0.0027,287.947494
2025-10-18 00:27:54.838,106647.21,0.00012,12.7976652
2025-10-18 00:27:56.211,106647.21,0.013,1386.41373
2025-10-18 00:27:56.296,106647.21,0.00612,652.6809252
2025-10-18 00:27:56.517,106647.21,0.00047,50.124188700000005
2025-10-18 00:27:56.535,106647.21,0.013,1386.41373
2025-10-18 00:27:56.541,106647.21,0.013,1386.41373
2025-10-18 00:27:57.058,106647.21,0.00056,59.7224376
2025-10-18 00:27:57.286,106647.22,0.0011,117.311942
2025-10-18 00:27:57.373,106647.22,0.00022,23.462388400000002
2025-10-18 00:27:57.501,106647.21,6e-05,6.3988326
2025-10-18 00:27:58.331,106647.22,9e-05,9.598249800000001
2025-10-18 00:27:58.600,106647.21,0.00805,858.5100405000001
2025-10-18 00:27:58.790,106647.22,0.00029,30.9276938
2025-10-18 00:27:59.372,106647.22,0.00242,258.0862724
2025-10-18 00:27:59.396,106647.21,0.013,1386.41373
2025-10-18 00:27:59.397,106647.21,0.013,1386.41373
2025-10-18 00:27:59.575,106647.22,0.01772,1889.7887384
2025-10-18 00:27:59.655,106647.21,0.013,1386.41373
2025-10-18 00:27:59.656,106647.21,0.013,1386.41373
2025-10-18 00:27:59.671,106647.21,0.10632,11338.7313672
2025-10-18 00:27:59.672,106647.21,0.21936,23394.1319856
2025-10-18 00:27:59.853,106647.21,0.00338,360.46756980000004
2025-10-18 00:28:00.325,106647.22,0.0014,149.306108
2025-10-18 00:28:00.643,106647.22,0.001,106.64722
2025-10-18 00:28:00.662,106647.21,0.013,1386.41373
2025-10-18 00:28:00.663,106647.21,0.013,1386.41373
2025-10-18 00:28:00.664,106647.21,0.013,1386.41373
2025-10-18 00:28:00.805,106647.21,0.002,213.29442000000003
2025-10-18 00:28:00.806,106647.21,0.002,213.29442000000003
2025-10-18 00:28:00.807,106647.21,0.002,213.29442000000003
2025-10-18 00:28:00.864,106647.21,0.04083,4354.4055843
2025-10-18 00:28:00.878,106643.65,0.00938,1000.3174369999999
2025-10-18 00:28:00.907,106643.65,0.00162,172.762713
2025-10-18 00:28:00.917,106632.99,0.00015,15.9949485
2025-10-18 00:28:01.024,106632.99,0.0003,31.989897
2025-10-18 00:28:01.099,106632.98,0.015,1599.4947
2025-10-18 00:28:01.300,106632.99,0.0002,21.326598
2025-10-18 00:28:01.345,106632.99,0.00021,22.392927900000004
2025-10-18 00:28:01.675,106632.98,0.00022,23.4592556
2025-10-18 00:28:01.800,106632.98,0.007,746.4308599999999
2025-10-18 00:28:01.801,106632.98,0.007,746.4308599999999
2025-10-18 00:28:01.802,106632.98,0.007,746.4308599999999
2025-10-18 00:28:02.297,106632.99,6e-05,6.3979794000000005
2025-10-18 00:28:02.448,106632.91,0.0001,10.663291000000001
2025-10-18 00:28:02.455,106632.42,0.00217,231.3923514
2025-10-18 00:28:02.457,106628.13,0.00057,60.7780341
2025-10-18 00:28:02.534,106628.13,0.013,1386.16569
2025-10-18 00:28:02.541,106628.13,0.013,1386.16569
2025-10-18 00:28:02.578,106628.13,0.015,1599.42195
2025-10-18 00:28:02.592,106627.89,0.0001,10.662789
2025-10-18 00:28:02.615,106622.0,0.0028,298.5416
2025-10-18 00:28:02.709,106620.7,0.00093,99.157251
2025-10-18 00:28:02.804,106620.69,0.015,1599.31035
2025-10-18 00:28:02.834,106620.69,0.015,1599.31035
2025-10-18 00:28:02.839,106620.69,0.015,1599.31035
2025-10-18 00:28:03.073,106620.7,0.025,2665.5175
2025-10-18 00:28:03.303,106620.7,0.00035,37.317245
2025-10-18 00:28:03.341,106620.7,0.00343,365.709001
2025-10-18 00:28:03.469,106620.7,0.0144,1535.33808
2025-10-18 00:28:03.906,106620.69,0.013,1386.06897
2025-10-18 00:28:03.907,106620.69,0.013,1386.06897
2025-10-18 00:28:03.908,106620.69,0.013,1386.06897
2025-10-18 00:28:03.969,106620.7,0.00017,18.125519
2025-10-18 00:28:04.113,106620.7,0.00053,56.508970999999995
2025-10-18 00:28:04.547,106620.7,0.00011,11.728277
2025-10-18 00:28:04.595,106620.7,5e-05,5.331035
2025-10-18 00:28:05.428,106620.7,0.00093,99.157251
2025-10-18 00:28:05.604,106620.69,0.00747,796.4565543
2025-10-18 00:28:05.705,106620.7,0.00656,699.431792
2025-10-18 00:28:05.840,106620.69,0.013,1386.06897
2025-10-18 00:28:05.841,106620.69,0.013,1386.06897
2025-10-18 00:28:05.842,106620.69,0.013,1386.06897
2025-10-18 00:28:06.228,106620.7,0.0144,1535.33808
2025-10-18 00:28:06.317,106620.69,0.013,1386.06897
2025-10-18 00:28:06.319,106620.69,0.013,1386.06897
2025-10-18 00:28:06.323,106620.61,0.0001,10.662061000000001
2025-10-18 00:28:06.415,106618.65,5e-05,5.3309325
2025-10-18 00:28:06.778,106617.19,0.01873,1996.9399687
2025-10-18 00:28:06.788,106617.19,0.01873,1996.9399687
2025-10-18 00:28:06.797,106617.19,0.01873,1996.9399687
2025-10-18 00:28:06.805,106617.19,0.01874,1998.0061406
2025-10-18 00:28:07.232,106617.19,0.00031,33.0513289
2025-10-18 00:28:07.319,106617.18,0.013,1386.0233399999997
2025-10-18 00:28:07.321,106617.18,0.013,1386.0233399999997
2025-10-18 00:28:07.359,106617.18,0.00517,551.2108205999999
2025-10-18 00:28:07.364,106616.0,0.00638,680.2100800000001
2025-10-18 00:28:07.367,106616.0,0.013,1386.008
2025-10-18 00:28:07.415,106614.3,0.00563,600.238509
2025-10-18 00:28:07.438,106613.07,0.00538,573.5783166000001
2025-10-18 00:28:07.562,106613.08,0.00017,18.1242236
2025-10-18 00:28:08.181,106613.07,0.00014,14.925829799999999
2025-10-18 00:28:08.263,106613.08,0.02796,2980.9017168
2025-10-18 00:28:08.427,106613.07,0.00427,455.23780890000006
2025-10-18 00:28:08.646,106613.07,0.00633,674.8607331000001
2025-10-18 00:28:08.786,106613.07,0.00014,14.925829799999999
2025-10-18 00:28:08.855,106613.07,0.0027,287.855289
2025-10-18 00:28:09.246,106613.07,0.09652,10290.293516400001
2025-10-18 00:28:09.249,106613.07,0.00686,731.3656602
2025-10-18 00:28:09.254,106613.07,0.013,1385.96991
2025-10-18 00:28:09.256,106613.07,0.013,1385.96991
2025-10-18 00:28:09.257,106613.07,0.013,1385.96991
2025-10-18 00:28:09.486,106613.07,0.013,1385.96991
2025-10-18 00:28:09.498,106613.08,0.00093,99.15016440000001
2025-10-18 00:28:09.548,106613.08,0.02856,3044.8695648
2025-10-18 00:28:09.615,106608.0,0.0028,298.5024
2025-10-18 00:28:09.618,106602.41,6e-05,6.3961446
2025-10-18 00:28:09.722,106602.41,0.00312,332.59951920000003
2025-10-18 00:28:09.737,106602.41,0.008,852.81928
2025-10-18 00:28:09.738,106602.41,0.013,1385.83133
2025-10-18 00:28:09.926,106602.41,0.013,1385.83133
2025-10-18 00:28:09.927,106602.41,0.013,1385.83133
2025-10-18 00:28:10.043,106602.41,0.013,1385.83133
2025-10-18 00:28:10.550,106602.42,0.0011,117.262662
2025-10-18 00:28:10.679,106602.42,0.00469,499.96534979999996
2025-10-18 00:28:10.744,106602.41,3.06714,326964.51580740005
2025-10-18 00:28:10.911,106602.41,0.013,1385.83133
2025-10-18 00:28:10.912,106602.41,0.013,1385.83133
2025-10-18 00:28:10.920,106602.41,0.013,1385.83133
2025-10-18 00:28:11.691,106602.41,0.00606,646.0106046000001
2025-10-18 00:28:12.222,106602.41,0.013,1385.83133
2025-10-18 00:28:12.223,106602.41,0.013,1385.83133
2025-10-18 00:28:12.243,106602.42,0.01276,1360.2468792
2025-10-18 00:28:12.716,106602.41,0.00014,14.924337399999999
2025-10-18 00:28:12.724,106602.41,0.00011,11.7262651
2025-10-18 00:28:13.613,106602.42,6e-05,6.3961452
2025-10-18 00:28:13.878,106602.41,0.013,1385.83133
2025-10-18 00:28:13.879,106602.41,0.013,1385.83133
2025-10-18 00:28:14.486,106602.42,0.00015,15.990362999999999
2025-10-18 00:28:14.850,106602.41,0.00096,102.3383136
2025-10-18 00:28:15.425,106604.16,5e-05,5.330208000000001
2025-10-18 00:28:15.428,106606.68,0.0039,415.76605199999995
2025-10-18 00:28:15.430,106608.54,0.11635,12403.903628999999
2025-10-18 00:28:15.438,106609.09,0.00025,26.6522725
2025-10-18 00:28:15.444,106611.0,0.001,106.611
2025-10-18 00:28:15.458,106612.82,0.03856,4110.9903392
2025-10-18 00:28:15.462,106613.06,0.00015,15.991958999999998
2025-10-18 00:28:15.465,106613.07,0.00186,198.3003102
2025-10-18 00:28:15.632,106613.08,0.00079,84.2243332
2025-10-18 00:28:15.633,106613.07,7e-05,7.4629148999999995
2025-10-18 00:28:16.065,106613.08,0.00023,24.5210084
2025-10-18 00:28:16.183,106613.08,0.0001,10.661308
2025-10-18 00:28:16.261,106613.08,0.02496,2661.0624768
2025-10-18 00:28:16.440,106613.08,0.00034,36.2484472
2025-10-18 00:28:16.577,106613.07,0.0001,10.661307
2025-10-18 00:28:16.616,106613.07,0.00351,374.2118757
2025-10-18 00:28:16.732,106613.08,0.0001,10.661308
2025-10-18 00:28:16.745,106613.07,0.0002,21.322614
2025-10-18 00:28:16.884,106612.77,0.0001,10.661277
2025-10-18 00:28:16.962,106612.77,0.0001,10.661277
2025-10-18 00:28:17.002,106611.55,0.0002,21.32231
2025-10-18 00:28:17.005,106611.41,0.0005,53.305705
2025-10-18 00:28:17.017,106605.7,5e-05,5.330285
2025-10-18 00:28:17.482,106602.44,0.00015,15.990365999999998
2025-10-18 00:28:17.533,106602.44,9e-05,9.5942196
2025-10-18 00:28:17.918,106602.44,0.00012,12.7922928
2025-10-18 00:28:17.932,106602.44,0.00029,30.9147076
2025-10-18 00:28:17.938,106602.44,0.00057,60.763390799999996
2025-10-18 00:28:17.983,106602.44,0.00012,12.7922928
2025-10-18 00:28:18.343,106602.44,0.0001,10.660244
2025-10-18 00:28:18.462,106602.44,0.00011,11.7262684
2025-10-18 00:28:18.491,106602.44,0.00019,20.2544636
2025-10-18 00:28:18.525,106602.44,0.00019,20.2544636
2025-10-18 00:28:18.832,106602.44,0.0001,10.660244
2025-10-18 00:28:19.006,106602.44,0.00243,259.0439292
2025-10-18 00:28:19.075,106602.44,0.00038,40.5089272
2025-10-18 00:28:19.214,106602.43,0.11873,12656.9065139
2025-10-18 00:28:19.515,106606.3,5e-05,5.330315000000001
2025-10-18 00:28:19.895,106609.42,0.00047,50.1064274
2025-10-18 00:28:20.383,106609.42,0.00018,19.1896956
2025-10-18 00:28:20.706,106609.43,0.00047,50.10643209999999
2025-10-18 00:28:21.380,106609.43,0.00012,12.793131599999999
2025-10-18 00:28:21.503,106609.43,0.0015,159.914145
2025-10-18 00:28:23.135,106609.43,0.02813,2998.9232658999995
2025-10-18 00:28:24.018,106609.42,0.00043,45.8420506
2025-10-18 00:28:24.340,106609.43,0.0002,21.321886
2025-10-18 00:28:24.556,106609.43,0.00047,50.10643209999999
2025-10-18 00:28:24.750,106609.42,6e-05,6.3965652
2025-10-18 00:28:24.919,106609.43,0.0001,10.660943
2025-10-18 00:28:25.611,106609.42,0.00012,12.7931304
2025-10-18 00:28:25.662,106609.43,0.00176,187.6325968
2025-10-18 00:28:26.035,106609.43,0.0144,1535.1757919999998
2025-10-18 00:28:26.192,106610.55,0.0001,10.661055000000001
2025-10-18 00:28:26.196,106611.02,0.0001,10.661102000000001
2025-10-18 00:28:26.197,106611.45,0.00015,15.991717499999998
2025-10-18 00:28:26.212,106613.0,0.0012,127.9356
2025-10-18 00:28:26.315,106613.01,0.0027,287.855127
2025-10-18 00:28:27.238,106613.02,0.00181,192.9695662
2025-10-18 00:28:27.240,106613.02,0.00636,678.0588072
2025-10-18 00:28:27.275,106613.01,0.0002,21.322602
2025-10-18 00:28:27.369,106613.02,0.00096,102.3484992
2025-10-18 00:28:27.428,106613.07,0.001,106.61307000000001
2025-10-18 00:28:27.537,106613.06,0.00041,43.7113546
2025-10-18 00:28:27.632,106613.07,0.00096,102.34854720000001
2025-10-18 00:28:27.824,106613.07,0.00011,11.727437700000001
2025-10-18 00:28:27.825,106613.06,0.00093,99.1501458
2025-10-18 00:28:27.943,106613.07,0.00706,752.6882742000001
2025-10-18 00:28:28.150,106613.07,0.00014,14.925829799999999
2025-10-18 00:28:28.184,106613.07,0.00047,50.108142900000004
2025-10-18 00:28:28.598,106613.07,0.03956,4217.6130492
2025-10-18 00:28:28.602,106617.12,5e-05,5.330856
2025-10-18 00:28:28.637,106617.34,8e-05,8.5293872
2025-10-18 00:28:28.825,106622.37,5e-05,5.3311185
2025-10-18 00:28:28.826,106626.05,0.01715,1828.6367575
2025-10-18 00:28:29.016,106630.93,0.0001,10.663093
2025-10-18 00:28:29.120,106632.03,0.00311,331.6256133
2025-10-18 00:28:29.240,106632.03,0.00023,24.5253669
2025-10-18 00:28:29.305,106632.03,7e-05,7.464242099999999
2025-10-18 00:28:29.577,106632.5,6e-05,6.39795
2025-10-18 00:28:29.580,106632.05,0.0006,63.979229999999994
2025-10-18 00:28:29.583,106632.05,0.00166,177.009203
2025-10-18 00:28:29.615,106633.53,0.00175,186.6086775
2025-10-18 00:28:29.619,106634.25,5e-05,5.3317125
2025-10-18 00:28:29.645,106634.39,0.0015,159.951585
2025-10-18 00:28:29.706,106637.79,0.00015,15.995668499999997
2025-10-18 00:28:29.769,106637.8,0.00295,314.58151
2025-10-18 00:28:29.775,106641.05,0.00015,15.996157499999999
2025-10-18 00:28:29.793,106641.98,0.00255,271.937049
2025-10-18 00:28:29.794,106641.99,0.0021,223.948179
2025-10-18 00:28:29.800,106643.29,0.00225,239.94740249999998
2025-10-18 00:28:30.117,106648.13,5e-05,5.3324065
2025-10-18 00:28:30.284,106653.59,0.00015,15.998038499999998
2025-10-18 00:28:30.311,106653.6,0.0144,1535.81184
2025-10-18 00:28:30.334,106653.6,0.00163,173.845368
2025-10-18 00:28:30.515,106653.61,0.0013,138.64969299999998
2025-10-18 00:28:30.519,106653.68,0.0001,10.665367999999999
2025-10-18 00:28:30.614,106654.0,0.0036,383.95439999999996
2025-10-18 00:28:30.615,106656.0,0.0026,277.30559999999997
2025-10-18 00:28:30.616,106656.0,0.0008,85.32480000000001
2025-10-18 00:28:30.617,106656.4,0.0001,10.66564
2025-10-18 00:28:30.628,106658.0,0.00359,382.90222
2025-10-18 00:28:30.630,106658.03,0.00015,15.998704499999999
2025-10-18 00:28:30.631,106659.17,0.0003,31.997750999999997
2025-10-18 00:28:30.635,106659.17,0.0023,245.316091
2025-10-18 00:28:31.283,106659.82,0.00042,44.7971244
2025-10-18 00:28:31.469,106659.83,9e-05,9.5993847
2025-10-18 00:28:31.602,106659.82,0.02812,2999.2741384
2025-10-18 00:28:31.615,106666.22,0.00567,604.7974674
2025-10-18 00:28:31.618,106669.08,6e-05,6.4001448000000005
2025-10-18 00:28:31.629,106669.07,0.00158,168.5371306
2025-10-18 00:28:32.177,106669.08,0.00704,750.9503232000001
2025-10-18 00:28:32.179,106671.12,0.00015,16.000667999999997
2025-10-18 00:28:33.168,106672.0,7e-05,7.467039999999999
2025-10-18 00:28:33.329,106671.99,0.00045,48.0023955
2025-10-18 00:28:33.715,106670.87,0.00035,37.3348045
2025-10-18 00:28:33.774,106669.07,0.03061,3265.1402327
2025-10-18 00:28:33.793,106663.79,0.0008,85.331032
2025-10-18 00:28:33.899,106663.78,0.00201,214.3941978
2025-10-18 00:28:33.915,106659.83,0.00015,15.9989745
2025-10-18 00:28:34.975,106658.03,0.013,1386.55439
2025-10-18 00:28:34.976,106658.03,0.013,1386.55439
2025-10-18 00:28:35.999,106658.04,0.00163,173.85260519999997
2025-10-18 00:28:36.341,106658.01,0.0002,21.331602
2025-10-18 00:28:36.347,106657.79,0.00127,135.4553933
2025-10-18 00:28:36.351,106653.43,0.013,1386.4945899999998
2025-10-18 00:28:36.520,106653.43,0.013,1386.4945899999998
2025-10-18 00:28:36.521,106653.41,0.0002,21.330682000000003
2025-10-18 00:28:36.527,106647.78,0.0015,159.97167
2025-10-18 00:28:36.529,106647.43,0.00937,999.2864190999999
2025-10-18 00:28:37.433,106647.43,0.00084,89.5838412
2025-10-18 00:28:37.647,106647.44,0.00111,118.3786584
2025-10-18 00:28:37.735,106647.44,0.00046,49.0578224
2025-10-18 00:28:37.995,106647.44,0.03334,3555.6256496
2025-10-18 00:28:38.761,106647.44,0.00029,30.9277576
2025-10-18 00:28:39.614,106647.44,0.00271,289.01456240000005
2025-10-18 00:28:39.876,106647.43,0.00022,23.462434599999998
2025-10-18 00:28:40.238,106647.43,0.013,1386.4165899999998
2025-10-18 00:28:40.241,106647.43,0.013,1386.4165899999998
2025-10-18 00:28:40.546,106647.44,0.0056,597.225664
2025-10-18 00:28:40.548,106650.27,5e-05,5.3325135
2025-10-18 00:28:40.562,106653.43,0.0009,95.988087
2025-10-18 00:28:40.609,106653.45,0.0171,1823.773995
2025-10-18 00:28:40.615,106658.41,0.03313,3533.5931233
2025-10-18 00:28:40.618,106661.81,0.00213,227.1896553
2025-10-18 00:28:40.774,106661.63,0.0001,10.666163000000001
2025-10-18 00:28:41.165,106661.63,5e-05,5.3330815000000005
2025-10-18 00:28:41.515,106661.64,0.02461,2624.9429604
2025-10-18 00:28:41.822,106670.85,0.00937,999.5058645
2025-10-18 00:28:41.902,106673.63,8e-05,8.5338904
2025-10-18 00:28:42.385,106674.68,0.54517,58155.8352956
2025-10-18 00:28:42.434,106674.68,0.00141,150.4112988
2025-10-18 00:28:42.740,106674.68,0.00034,36.2693912
2025-10-18 00:28:42.758,106674.68,0.00011,11.7342148
2025-10-18 00:28:42.837,106674.69,0.62675,66858.3619575
2025-10-18 00:28:42.893,106674.77,0.0001,10.667477000000002
2025-10-18 00:28:42.907,106675.42,0.00165,176.014443
2025-10-18 00:28:42.908,106675.43,0.00135,144.0118305
2025-10-18 00:28:42.909,106675.43,0.00015,16.001314499999996
2025-10-18 00:28:42.915,106679.99,0.00015,16.0019985
2025-10-18 00:28:43.120,106680.0,0.11234,11984.431199999999
2025-10-18 00:28:43.121,106680.02,0.0002,21.336004000000003
2025-10-18 00:28:43.122,106686.85,0.00125,133.3585625
2025-10-18 00:28:43.123,106686.9,0.00015,16.003034999999997
2025-10-18 00:28:43.130,106686.91,0.00215,229.3768565
2025-10-18 00:28:43.131,106687.64,0.0002,21.337528000000002
2025-10-18 00:28:43.215,106689.82,0.0001,10.668982000000002
2025-10-18 00:28:43.797,106689.99,0.0001,10.668999000000001
2025-10-18 00:28:44.806,106689.99,0.006,640.13994
2025-10-18 00:28:44.976,106690.0,1.00956,107709.9564
2025-10-18 00:28:44.978,106690.01,0.00175,186.7075175
2025-10-18 00:28:45.001,106691.36,0.0011,117.36049600000001
2025-10-18 00:28:45.097,106692.0,0.00032,34.14144
2025-10-18 00:28:45.115,106695.87,0.0001,10.669587
2025-10-18 00:28:45.175,106699.98,0.00163,173.9209674
2025-10-18 00:28:45.381,106699.97,0.00042,44.8139874
2025-10-18 00:28:45.476,106700.75,6e-05,6.402045
2025-10-18 00:28:45.513,106702.75,0.00035,37.3459625
2025-10-18 00:28:45.574,106702.76,0.00276,294.49961759999997
2025-10-18 00:28:45.615,106709.99,0.00025,26.6774975
2025-10-18 00:28:45.923,106708.48,5e-05,5.335424
2025-10-18 00:28:45.930,106703.92,0.04416,4712.0451072
2025-10-18 00:28:46.002,106703.92,0.00081,86.4301752
2025-10-18 00:28:46.015,106699.98,0.00015,16.004997
2025-10-18 00:28:46.018,106699.97,0.2378,25373.252866000003
2025-10-18 00:28:46.019,106699.31,0.0002,21.339862
2025-10-18 00:28:46.022,106698.04,0.01168,1246.2331072
2025-10-18 00:28:46.025,106696.15,0.00069,73.62034349999999
2025-10-18 00:28:46.037,106693.98,0.013,1387.02174
2025-10-18 00:28:46.190,106693.98,0.001,106.69398
2025-10-18 00:28:46.415,106700.0,5e-05,5.335
2025-10-18 00:28:46.458,106703.89,0.00506,539.9216834
2025-10-18 00:28:46.459,106703.89,0.0016,170.726224
2025-10-18 00:28:46.478,106706.78,0.011,1173.77458
2025-10-18 00:28:46.596,106706.78,0.00124,132.3164072
2025-10-18 00:28:47.902,106706.77,0.00047,50.1521819
2025-10-18 00:28:48.615,106708.48,5e-05,5.335424
2025-10-18 00:28:50.059,106710.0,0.00047,50.1537
2025-10-18 00:28:50.813,106709.99,0.00047,50.1536953
2025-10-18 00:28:50.857,106709.99,0.31012,33092.902098800005
2025-10-18 00:28:50.929,106710.0,4e-05,4.268400000000001
2025-10-18 00:28:51.412,106710.0,0.31059,33143.058899999996
2025-10-18 00:28:51.478,106710.0,0.028,2987.88
2025-10-18 00:28:51.590,106709.99,7e-05,7.469699299999999
2025-10-18 00:28:51.706,106710.0,0.25487,27197.1777
2025-10-18 00:28:52.238,106709.99,0.00025,26.6774975
2025-10-18 00:28:52.451,106710.0,0.0003,32.013
2025-10-18 00:28:52.883,106710.0,0.00936,998.8056
2025-10-18 00:28:53.307,106710.0,0.015,1600.6499999999999
2025-10-18 00:28:53.656,106710.11,0.0001,10.671011
2025-10-18 00:28:53.657,106711.97,5e-05,5.335598500000001
2025-10-18 00:28:53.659,106713.92,0.00037,39.4841504
2025-10-18 00:28:53.663,106714.0,0.00287,306.26918
2025-10-18 00:28:53.664,106714.6,0.0077,821.7024200000001
2025-10-18 00:28:53.666,106716.0,0.00119,126.99204
2025-10-18 00:28:53.670,106716.4,0.00592,631.761088
2025-10-18 00:28:53.672,106719.06,0.00041,43.754814599999996
2025-10-18 00:28:53.996,106719.06,6e-05,6.4031436
2025-10-18 00:28:54.070,106719.05,0.00017,18.1422385
2025-10-18 00:28:54.317,106719.06,0.0027,288.141462
2025-10-18 00:28:54.603,106719.06,0.00016,17.0750496
2025-10-18 00:28:55.152,106719.06,0.00669,713.9505114
2025-10-18 00:28:56.550,106719.06,0.00937,999.9575921999999
2025-10-18 00:28:57.023,106719.06,0.00051,54.4267206
2025-10-18 00:28:58.152,106719.05,6e-05,6.403143
2025-10-18 00:28:58.291,106719.05,0.00047,50.1579535
2025-10-18 00:28:59.490,106719.05,0.00018,19.209429
2025-10-18 00:28:59.523,106719.06,0.00204,217.7068824
2025-10-18 00:29:00.254,106720.0,0.06359,6786.324799999999
2025-10-18 00:29:00.255,106720.0,0.09741,10395.5952
2025-10-18 00:29:00.257,106720.08,0.0001,10.672008
2025-10-18 00:29:00.315,106723.5,6e-05,6.40341
2025-10-18 00:29:00.334,106727.67,0.028,2988.37476
2025-10-18 00:29:00.457,106727.67,0.0017,181.437039
2025-10-18 00:29:00.469,106727.79,0.00163,173.96629769999998
2025-10-18 00:29:00.515,106729.99,0.00015,16.0094985
2025-10-18 00:29:01.041,106729.99,6e-05,6.4037994000000005
2025-10-18 00:29:01.134,106730.0,0.00047,50.1631
2025-10-18 00:29:01.366,106730.0,0.00012,12.8076
2025-10-18 00:29:03.169,106729.99,0.00282,300.9785718
2025-10-18 00:29:03.860,106730.0,0.028,2988.44
2025-10-18 00:29:04.281,106730.0,0.015,1600.95
2025-10-18 00:29:04.422,106730.0,0.13022,13898.3806
2025-10-18 00:29:04.423,106731.32,5e-05,5.336566
2025-10-18 00:29:04.428,106734.79,0.00266,283.91454139999996
2025-10-18 00:29:04.431,106737.03,5e-05,5.3368515
2025-10-18 00:29:04.437,106738.47,0.00937,1000.1394639
2025-10-18 00:29:04.470,106738.47,0.001,106.73847
2025-10-18 00:29:04.475,106738.47,0.00922,984.1286934000001
2025-10-18 00:29:04.502,106738.47,0.004,426.95388
2025-10-18 00:29:04.510,106738.47,0.00121,129.1535487
2025-10-18 00:29:04.544,106738.47,0.008,853.90776
2025-10-18 00:29:05.349,106738.47,0.00015,16.0107705
2025-10-18 00:29:05.483,106738.46,0.00073,77.9190758
2025-10-18 00:29:05.905,106738.47,0.028,2988.67716
2025-10-18 00:29:05.932,106738.46,0.21563,23016.0141298
2025-10-18 00:29:06.252,106738.47,0.00023,24.549848100000002
2025-10-18 00:29:06.505,106738.47,0.028,2988.67716
2025-10-18 00:29:06.856,106738.46,0.01438,1534.8990548000002
2025-10-18 00:29:07.562,106738.47,0.00017,18.145539900000003
2025-10-18 00:29:07.571,106740.68,0.0001,10.674068
2025-10-18 00:29:07.573,106741.42,5e-05,5.337071
2025-10-18 00:29:07.615,106748.45,5e-05,5.3374225
2025-10-18 00:29:07.621,106753.6,0.00029,30.958544000000003
2025-10-18 00:29:07.920,106753.6,0.00051,54.44433600000001
2025-10-18 00:29:08.262,106753.6,0.00032,34.161152
2025-10-18 00:29:08.515,106759.97,0.0001,10.675997
2025-10-18 00:29:08.952,106762.04,0.00236,251.9584144
2025-10-18 00:29:09.079,106762.03,0.00449,479.3615147
2025-10-18 00:29:09.572,106762.03,0.00157,167.6163871
2025-10-18 00:29:10.688,106762.04,9e-05,9.6085836
2025-10-18 00:29:11.137,106762.03,9e-05,9.608582700000001
2025-10-18 00:29:11.242,106762.04,0.03419,3650.1941475999997
2025-10-18 00:29:11.500,106762.03,0.00013,13.879063899999998
2025-10-18 00:29:11.981,106762.03,0.00071,75.8010413
2025-10-18 00:29:13.079,106762.04,0.01214,1296.0911655999998
2025-10-18 00:29:13.081,106762.04,0.00018,19.2171672
2025-10-18 00:29:13.987,106762.03,0.00012,12.8114436
2025-10-18 00:29:14.079,106762.04,0.00031,33.0962324
2025-10-18 00:29:14.433,106762.03,0.00158,168.6840074
2025-10-18 00:29:14.632,106762.03,0.00744,794.3095032
2025-10-18 00:29:14.705,106762.03,6e-05,6.4057218
2025-10-18 00:29:15.070,106762.04,0.00087,92.8829748
2025-10-18 00:29:16.577,106762.03,9e-05,9.608582700000001
2025-10-18 00:29:17.013,106762.04,0.00024,25.6228896
2025-10-18 00:29:17.164,106762.04,0.00539,575.4473955999999
2025-10-18 00:29:17.420,106762.04,0.01439,1536.3057555999999
2025-10-18 00:29:17.831,106762.04,0.00046,49.110538399999996
2025-10-18 00:29:20.172,106762.03,0.00047,50.1781541
2025-10-18 00:29:20.351,106762.04,6e-05,6.4057224
2025-10-18 00:29:20.663,106762.04,5e-05,5.338102
2025-10-18 00:29:20.898,106762.03,0.00472,503.91678160000004
2025-10-18 00:29:21.118,106762.04,0.00049,52.3133996
2025-10-18 00:29:21.147,106762.03,0.00244,260.4993532
2025-10-18 00:29:21.771,106762.04,0.00343,366.19379719999995
2025-10-18 00:29:21.781,106762.04,0.0001,10.676204
2025-10-18 00:29:21.847,106762.04,0.00047,50.1781588
2025-10-18 00:29:22.167,106762.04,0.00163,174.02212519999998
2025-10-18 00:29:22.832,106762.04,0.00019,20.2847876
2025-10-18 00:29:22.913,106761.95,0.0001,10.676195
2025-10-18 00:29:22.914,106761.86,0.00015,16.014279
2025-10-18 00:29:22.916,106758.45,0.02761,2947.6008045
2025-10-18 00:29:22.922,106758.45,0.0009,96.082605
2025-10-18 00:29:22.928,106754.76,0.00184,196.4287584
2025-10-18 00:29:22.929,106754.76,0.013,1387.81188
2025-10-18 00:29:22.933,106754.76,0.013,1387.81188
2025-10-18 00:29:22.992,106754.76,0.01103,1177.5050027999998
2025-10-18 00:29:23.142,106754.77,0.00047,50.1747419
2025-10-18 00:29:24.282,106754.77,8e-05,8.540381600000002
2025-10-18 00:29:25.166,106754.77,0.0061,651.204097
2025-10-18 00:29:25.388,106754.77,0.00059,62.985314300000006
2025-10-18 00:29:25.656,106754.77,0.0002,21.350954
2025-10-18 00:29:26.375,106754.77,0.01439,1536.2011403000001
2025-10-18 00:29:26.618,106754.77,0.00016,17.080763200000003
2025-10-18 00:29:26.900,106754.77,0.01121,1196.7209717
2025-10-18 00:29:27.044,106754.76,0.00983,1049.3992908
2025-10-18 00:29:27.392,106754.77,0.00087,92.8766499
2025-10-18 00:29:27.576,106754.76,0.00015,16.013213999999998
2025-10-18 00:29:28.162,106754.76,0.0002,21.350952
2025-10-18 00:29:28.164,106754.76,0.06527,6967.883185199999
2025-10-18 00:29:28.325,106754.77,0.00014,14.945667799999999
2025-10-18 00:29:28.575,106754.77,6e-05,6.405286200000001
2025-10-18 00:29:28.593,106754.76,0.2758,29442.962807999997
2025-10-18 00:29:28.597,106754.0,0.0002,21.3508
2025-10-18 00:29:28.602,106752.12,0.00015,16.012818
2025-10-18 00:29:28.607,106749.15,0.00015,16.012372499999998
2025-10-18 00:29:28.609,106748.36,0.00502,535.8767672
2025-10-18 00:29:28.691,106746.77,0.00015,16.0120155
2025-10-18 00:29:28.695,106746.76,0.00045,48.036041999999995
2025-10-18 00:29:28.698,106745.92,0.0004,42.698368
2025-10-18 00:29:28.704,106745.91,0.00055,58.71025050000001
2025-10-18 00:29:28.710,106742.45,0.00015,16.0113675
2025-10-18 00:29:28.712,106739.28,0.00441,470.7202248
2025-10-18 00:29:28.934,106739.29,0.00035,37.3587515
2025-10-18 00:29:29.102,106733.48,0.01002,1069.4694696
2025-10-18 00:29:30.815,106725.61,5e-05,5.3362805
2025-10-18 00:29:30.892,106721.53,0.0144,1536.7900319999999
2025-10-18 00:29:31.021,106721.52,0.001,106.72152000000001
2025-10-18 00:29:31.032,106721.53,0.00281,299.8874993
2025-10-18 00:29:31.223,106721.52,0.0009,96.049368
2025-10-18 00:29:31.243,106721.52,0.00047,50.1591144
2025-10-18 00:29:32.342,106721.52,0.008,853.7721600000001
2025-10-18 00:29:32.343,106721.52,0.008,853.7721600000001
2025-10-18 00:29:32.984,106721.53,0.15182,16202.462684600001
2025-10-18 00:29:33.997,106721.53,0.04212,4495.1108435999995
2025-10-18 00:29:34.095,106721.52,0.0014,149.41012800000001
2025-10-18 00:29:34.515,106725.61,5e-05,5.3362805
2025-10-18 00:29:35.213,106729.98,0.00011,11.7402978
2025-10-18 00:29:35.312,106729.98,0.00873,931.7527253999999
2025-10-18 00:29:35.674,106729.99,0.0082,875.1859180000001
2025-10-18 00:29:35.678,106729.99,0.00103,109.93188970000001
2025-10-18 00:29:36.025,106729.99,0.0041,437.59295900000006
2025-10-18 00:29:36.375,106731.7,0.00015,16.009755
2025-10-18 00:29:36.376,106736.45,0.03612,3855.320574
2025-10-18 00:29:36.377,106736.45,0.01933,2063.2155785
2025-10-18 00:29:36.378,106739.27,5e-05,5.3369635
2025-10-18 00:29:36.386,106739.77,5e-05,5.3369885
2025-10-18 00:29:36.391,106739.99,0.00025,26.6849975
2025-10-18 00:29:36.392,106747.55,0.0018,192.14559
2025-10-18 00:29:36.395,106751.91,0.00951,1015.2106640999999
2025-10-18 00:29:36.424,106752.75,0.00936,999.20574
2025-10-18 00:29:36.713,106752.75,0.00018,19.215495
2025-10-18 00:29:37.412,106752.75,9e-05,9.6077475
2025-10-18 00:29:38.275,106752.75,0.01133,1209.5086575
2025-10-18 00:29:38.397,106752.75,0.00937,1000.2732675
2025-10-18 00:29:38.494,106752.75,0.00094,100.347585
2025-10-18 00:29:38.533,106752.75,0.00344,367.22946
2025-10-18 00:29:38.912,106752.74,1.0,106752.74
2025-10-18 00:29:39.317,106752.74,0.04189,4471.8722786
2025-10-18 00:29:40.214,106752.74,0.00132,140.9136168
2025-10-18 00:29:40.917,106752.75,0.00294,313.85308499999996
2025-10-18 00:29:41.573,106752.74,0.00013,13.8778562
2025-10-18 00:29:41.848,106752.74,0.00402,429.14601480000005
2025-10-18 00:29:41.947,106752.75,6e-05,6.405165
2025-10-18 00:29:43.140,106752.75,0.00011,11.7428025
2025-10-18 00:29:43.477,106752.75,0.00094,100.347585
2025-10-18 00:29:43.701,106752.75,6e-05,6.405165
2025-10-18 00:29:44.662,106752.75,0.00033,35.2284075
2025-10-18 00:29:46.503,106752.75,0.01021,1089.9455775000001
2025-10-18 00:29:46.529,106752.74,0.78785,84105.14620900001
2025-10-18 00:29:46.531,106752.74,0.013,1387.78562
2025-10-18 00:29:46.532,106752.74,0.013,1387.78562
2025-10-18 00:29:46.534,106752.74,0.28134,30033.8158716
2025-10-18 00:29:46.546,106752.73,0.00995,1062.1896635
2025-10-18 00:29:46.548,106752.6,0.00125,133.44075
2025-10-18 00:29:46.550,106752.47,0.0003,32.025741
2025-10-18 00:29:46.555,106752.46,0.24155,25786.056713
2025-10-18 00:29:46.570,106752.46,0.00254,271.15124840000004
2025-10-18 00:29:46.572,106748.35,0.00015,16.0122525
2025-10-18 00:29:46.585,106747.41,0.04725,5043.8151225
2025-10-18 00:29:46.587,106747.41,0.09577,10223.1994557
2025-10-18 00:29:46.588,106747.41,0.00015,16.0121115
2025-10-18 00:29:46.589,106747.4,0.0002,21.34948
2025-10-18 00:29:46.592,106746.18,0.0005,53.37309
2025-10-18 00:29:46.594,106745.73,0.00015,16.011859499999996
2025-10-18 00:29:46.596,106745.73,0.0002,21.349146
2025-10-18 00:29:46.609,106745.44,0.0015,160.11816000000002
2025-10-18 00:29:46.612,106744.02,6e-05,6.4046412
2025-10-18 00:29:46.614,106743.5,0.00012,12.80922
2025-10-18 00:29:47.009,106744.04,0.00013,13.876725199999997
2025-10-18 00:29:47.610,106744.03,0.11636,12420.7353308
2025-10-18 00:29:47.933,106744.03,0.00015,16.011604499999997
2025-10-18 00:29:47.954,106744.03,0.00087,92.8673061
2025-10-18 00:29:48.396,106744.04,0.00121,129.16028839999998
2025-10-18 00:29:49.732,106744.04,0.00012,12.8092848
2025-10-18 00:29:50.119,106744.04,0.0004,42.697616
2025-10-18 00:29:51.229,106744.04,0.00353,376.8064612
2025-10-18 00:29:51.481,106744.04,0.00288,307.4228352
2025-10-18 00:29:51.955,106744.03,0.00047,50.1696941
2025-10-18 00:29:52.187,106744.04,0.01212,1293.7377648
2025-10-18 00:29:52.212,106744.04,0.00545,581.755018
2025-10-18 00:29:52.869,106744.04,0.00011,11.7418444
2025-10-18 00:29:53.221,106744.04,0.08888,9487.4102752
2025-10-18 00:29:53.250,106744.03,0.00047,50.1696941
2025-10-18 00:29:53.272,106744.04,0.00242,258.32057679999997
2025-10-18 00:29:55.647,106744.04,0.00861,919.0661843999999
2025-10-18 00:29:55.967,106744.03,0.00036,38.4278508
2025-10-18 00:29:56.327,106744.04,0.07325,7819.000929999999
2025-10-18 00:29:56.576,106744.03,9e-05,9.6069627
2025-10-18 00:29:58.775,106744.04,0.00046,49.1022584
2025-10-18 00:29:59.805,106744.04,0.00055,58.709222
2025-10-18 00:30:00.188,106744.04,0.0002,21.348808
2025-10-18 00:30:00.414,106744.04,0.00516,550.7992463999999
2025-10-18 00:30:00.474,106744.04,5e-05,5.337202
2025-10-18 00:30:00.564,106744.04,0.0281,2999.5075239999996
2025-10-18 00:30:00.568,106742.04,0.0003,32.022611999999995
2025-10-18 00:30:00.577,106739.75,6e-05,6.404385
2025-10-18 00:30:00.590,106737.85,5e-05,5.3368925
2025-10-18 00:30:00.592,106735.63,0.013,1387.56319
2025-10-18 00:30:00.610,106735.63,0.013,1387.56319
2025-10-18 00:30:01.070,106735.64,0.00017,18.1450588
2025-10-18 00:30:01.229,106735.64,0.0001,10.673564
2025-10-18 00:30:01.615,106735.63,0.09478,10116.403011400002
2025-10-18 00:30:01.873,106734.65,0.005,533.6732499999999
2025-10-18 00:30:02.207,106734.65,0.23975,25589.6323375
2025-10-18 00:30:02.209,106733.5,0.00015,16.010025
2025-10-18 00:30:02.218,106733.48,0.005,533.6674
2025-10-18 00:30:02.219,106733.48,0.005,533.6674
2025-10-18 00:30:02.221,106733.48,0.00031,33.087378799999996
2025-10-18 00:30:02.222,106733.46,0.0002,21.346692
2025-10-18 00:30:02.223,106725.06,0.0098,1045.9055879999999
2025-10-18 00:30:02.269,106725.06,0.00263,280.6869078
2025-10-18 00:30:02.639,106723.5,0.00024,25.61364
2025-10-18 00:30:02.717,106723.51,0.01,1067.2350999999999
2025-10-18 00:30:04.267,106723.51,0.00047,50.160049699999995
2025-10-18 00:30:04.353,106723.51,0.00502,535.7520202
2025-10-18 00:30:04.403,106723.51,0.00046,49.0928146
2025-10-18 00:30:04.568,106723.51,0.17553,18733.1777103
2025-10-18 00:30:04.768,106723.51,0.00468,499.4660268
2025-10-18 00:30:04.792,106723.51,0.00691,737.4594541
2025-10-18 00:30:04.883,106723.5,0.00087,92.849445
2025-10-18 00:30:05.049,106723.5,0.00079,84.311565
2025-10-18 00:30:05.076,106723.51,0.00014,14.941291399999997
2025-10-18 00:30:05.375,106723.51,0.0005,53.361754999999995
2025-10-18 00:30:05.427,106723.51,7e-05,7.470645699999999
2025-10-18 00:30:06.124,106723.51,0.00087,92.8494537
2025-10-18 00:30:06.220,106723.51,0.00046,49.0928146
2025-10-18 00:30:06.592,106723.51,0.00847,903.9481297
2025-10-18 00:30:06.828,106723.51,0.044,4695.83444
2025-10-18 00:30:07.183,106723.5,0.00167,178.22824500000002
2025-10-18 00:30:07.926,106723.51,9e-05,9.6051159
2025-10-18 00:30:08.274,106723.5,0.00021,22.411935
2025-10-18 00:30:08.393,106723.51,0.0012,128.068212
2025-10-18 00:30:08.526,106723.5,0.01499,1599.785265
2025-10-18 00:30:08.685,106723.5,0.01499,1599.785265
2025-10-18 00:30:08.925,106723.51,0.00055,58.6979305
2025-10-18 00:30:09.554,106723.51,7e-05,7.470645699999999
2025-10-18 00:30:09.624,106723.5,0.013,1387.4054999999998
2025-10-18 00:30:09.625,106723.5,0.013,1387.4054999999998
2025-10-18 00:30:09.626,106723.5,0.0077,821.77095
2025-10-18 00:30:09.627,106721.82,0.09481,10118.2957542
2025-10-18 00:30:09.632,106721.0,5e-05,5.33605
2025-10-18 00:30:09.635,106719.42,0.00015,16.007913
2025-10-18 00:30:09.648,106718.41,0.00085,90.7106485
2025-10-18 00:30:09.660,106717.1,0.05562,5935.605102
2025-10-18 00:30:09.668,106716.17,0.00015,16.0074255
2025-10-18 00:30:09.676,106716.17,0.0006,64.029702
2025-10-18 00:30:09.691,106713.99,0.02341,2498.1745059
2025-10-18 00:30:09.693,106713.99,0.1061,11322.354339000001
2025-10-18 00:30:09.694,106713.99,0.112,11951.96688
2025-10-18 00:30:09.697,106713.99,0.05499,5868.2023101
2025-10-18 00:30:09.699,106712.47,0.00015,16.006870499999998
2025-10-18 00:30:09.710,106711.67,0.00015,16.0067505
2025-10-18 00:30:09.727,106711.57,0.0009,96.040413
2025-10-18 00:30:09.729,106711.56,0.0006,64.02693599999999
2025-10-18 00:30:09.780,106705.99,0.00357,380.9403843
2025-10-18 00:30:09.782,106700.47,0.00226,241.14306219999997
2025-10-18 00:30:09.783,106700.47,0.01874,1999.5668077999999
2025-10-18 00:30:10.196,106700.47,9e-05,9.6030423
2025-10-18 00:30:10.272,106700.48,0.00015,16.005072
2025-10-18 00:30:10.437,106700.48,0.00103,109.9014944
2025-10-18 00:30:10.516,106700.47,0.00013,13.871061099999999
2025-10-18 00:30:10.763,106700.48,8e-05,8.5360384
2025-10-18 00:30:10.808,106700.47,0.00923,984.8453381
2025-10-18 00:30:10.810,106700.47,0.04467,4766.3099949
2025-10-18 00:30:10.812,106700.45,0.00025,26.6751125
2025-10-18 00:30:10.827,106700.03,0.00251,267.8170753
2025-10-18 00:30:10.842,106700.01,0.00156,166.45201559999998
2025-10-18 00:30:10.856,106697.07,0.00187,199.5235209
2025-10-18 00:30:11.381,106697.06,0.01875,2000.569875
2025-10-18 00:30:11.475,106697.07,0.00011,11.736677700000001
2025-10-18 00:30:11.515,106690.61,0.00015,16.0035915
2025-10-18 00:30:11.824,106690.61,0.00018,19.2043098
2025-10-18 00:30:12.093,106690.6,0.03503,3737.371718
2025-10-18 00:30:12.171,106690.61,0.00108,115.2258588
2025-10-18 00:30:12.754,106690.6,0.0001,10.669060000000002
2025-10-18 00:30:12.782,106690.61,0.00229,244.3214969
2025-10-18 00:30:13.466,106690.61,9e-05,9.6021549
2025-10-18 00:30:13.793,106690.61,0.00056,59.74674159999999
2025-10-18 00:30:14.075,106690.61,5e-05,5.3345305000000005
2025-10-18 00:30:14.373,106690.61,0.0044,469.438684
2025-10-18 00:30:14.732,106690.61,9e-05,9.6021549
2025-10-18 00:30:14.790,106690.6,0.00387,412.892622
2025-10-18 00:30:14.817,106690.61,0.00018,19.2043098
2025-10-18 00:30:15.239,106690.61,0.00281,299.8006141
2025-10-18 00:30:15.423,106690.61,0.0144,1536.344784
2025-10-18 00:30:16.038,106690.6,9e-05,9.602154
2025-10-18 00:30:16.121,106690.61,0.00026,27.7395586
2025-10-18 00:30:16.312,106690.6,0.0009,96.02154
2025-10-18 00:30:16.813,106690.61,0.0014,149.366854
2025-10-18 00:30:18.199,106690.61,0.00299,319.0049239
2025-10-18 00:30:18.288,106690.61,0.00015,16.0035915
2025-10-18 00:30:18.700,106690.61,0.00434,463.0372474
2025-10-18 00:30:18.704,106690.61,0.00434,463.0372474
2025-10-18 00:30:18.705,106690.61,0.05766,6151.780572600001
2025-10-18 00:30:18.707,106690.61,0.12481,13316.0550341
2025-10-18 00:30:18.708,106690.61,0.33483,35723.2169463
2025-10-18 00:30:18.710,106690.61,0.03823,4078.7820203
2025-10-18 00:30:18.711,106690.61,0.0019,202.712159
2025-10-18 00:30:18.715,106690.61,0.0632,6742.846552000001
2025-10-18 00:30:18.716,106690.61,0.11317,12074.176333700001
2025-10-18 00:30:18.724,106690.61,0.7079,75526.282819
2025-10-18 00:30:18.741,106690.7,0.0011,117.35977
2025-10-18 00:30:18.751,106690.71,0.0003,32.007213
2025-10-18 00:30:18.752,106691.75,0.00015,16.003762499999997
2025-10-18 00:30:18.771,106691.76,0.03617,3859.0409592
2025-10-18 00:30:18.781,106691.77,0.00035,37.3421195
2025-10-18 00:30:18.798,106694.49,0.0003,32.008347
2025-10-18 00:30:18.817,106696.55,0.00015,16.004482499999998
2025-10-18 00:30:18.819,106704.24,0.0006,64.022544
2025-10-18 00:30:18.832,106707.73,0.0015,160.061595
2025-10-18 00:30:18.853,106710.01,0.00934,996.6714933999999
2025-10-18 00:30:18.964,106710.01,0.00471,502.6041471
2025-10-18 00:30:19.115,106719.44,5e-05,5.335972
2025-10-18 00:30:19.748,106721.83,0.00392,418.3495736
2025-10-18 00:30:19.776,106721.69,0.0002,21.344338
2025-10-18 00:30:19.777,106721.01,0.0002,21.344202
2025-10-18 00:30:19.780,106720.0,0.00025,26.68
2025-10-18 00:30:19.815,106716.5,0.0002,21.3433
2025-10-18 00:30:19.828,106715.47,0.0002,21.343094
2025-10-18 00:30:20.053,106710.77,0.00015,16.0066155
2025-10-18 00:30:20.054,106710.76,0.00035,37.348766
2025-10-18 00:30:20.415,106709.15,0.0004,42.68366
2025-10-18 00:30:21.132,106708.32,0.00036,38.41499520000001
2025-10-18 00:30:21.169,106708.33,0.00014,14.939166199999999
2025-10-18 00:30:21.532,106708.32,0.00018,19.207497600000004
2025-10-18 00:30:21.534,106708.32,1.08414,115686.75804480002
2025-10-18 00:30:21.969,106708.32,0.00044,46.951660800000006
2025-10-18 00:30:22.126,106708.32,0.00281,299.8503792
2025-10-18 00:30:22.691,106708.32,0.00018,19.207497600000004
2025-10-18 00:30:23.192,106708.2,0.00125,133.38524999999998
2025-10-18 00:30:23.194,106705.57,8e-05,8.5364456
2025-10-18 00:30:23.195,106700.25,0.00015,16.0050375
2025-10-18 00:30:23.206,106699.48,0.013,1387.09324
2025-10-18 00:30:23.208,106699.48,0.013,1387.09324
2025-10-18 00:30:23.212,106699.48,0.00386,411.8599928
2025-10-18 00:30:23.220,106695.46,0.36545,38991.855857
2025-10-18 00:30:23.221,106695.45,0.00155,165.37794749999998
2025-10-18 00:30:23.230,106695.46,0.0001,10.669546
2025-10-18 00:30:23.260,106695.47,0.0049,522.807803
2025-10-18 00:30:24.025,106695.46,0.00024,25.606910400000004
2025-10-18 00:30:24.216,106695.47,9e-05,9.602592300000001
2025-10-18 00:30:24.365,106695.47,0.00028,29.874731599999997
2025-10-18 00:30:24.470,106695.47,0.00015,16.0043205
2025-10-18 00:30:24.575,106695.47,0.0004,42.678188000000006
2025-10-18 00:30:24.628,106695.46,0.00807,861.0323622000001
2025-10-18 00:30:24.818,106695.46,0.00099,105.62850540000001
2025-10-18 00:30:25.376,106695.46,0.45983,49061.7733718
2025-10-18 00:30:25.377,106695.0,0.00015,16.00425
2025-10-18 00:30:25.396,106692.31,0.00015,16.003846499999998
2025-10-18 00:30:25.399,106690.61,0.00118,125.89491980000001
2025-10-18 00:30:25.415,106690.21,0.0001,10.669021
2025-10-18 00:30:25.418,106690.0,0.0028,298.73199999999997
2025-10-18 00:30:25.731,106690.0,0.00553,589.9957
2025-10-18 00:30:25.750,106690.0,0.00017,18.1373
2025-10-18 00:30:25.981,106690.0,0.01179,1257.8751
2025-10-18 00:30:26.149,106690.0,8e-05,8.535200000000001
2025-10-18 00:30:26.318,106690.0,0.00035,37.341499999999996
2025-10-18 00:30:26.617,106690.0,0.00087,92.8203
2025-10-18 00:30:27.162,106689.99,0.013,1386.96987
2025-10-18 00:30:27.266,106689.99,0.013,1386.96987
2025-10-18 00:30:27.271,106689.99,0.013,1386.96987
2025-10-18 00:30:27.273,106689.99,0.00613,654.0096387
2025-10-18 00:30:27.583,106689.99,0.00018,19.2041982
2025-10-18 00:30:28.583,106690.0,0.00014,14.936599999999999
2025-10-18 00:30:28.597,106690.0,0.00034,36.2746
2025-10-18 00:30:28.677,106690.0,0.00936,998.6184000000001
2025-10-18 00:30:28.862,106689.99,0.11239,11990.8879761
2025-10-18 00:30:28.863,106689.99,0.0077,821.5129230000001
2025-10-18 00:30:28.864,106689.99,0.28709,30629.629229100003
2025-10-18 00:30:28.872,106687.31,0.00058,61.8786398
2025-10-18 00:30:28.873,106685.67,5e-05,5.3342835
2025-10-18 00:30:28.914,106684.57,0.00011,11.735302700000002
2025-10-18 00:30:29.292,106684.57,0.00037,39.4732909
2025-10-18 00:30:29.915,106679.93,5e-05,5.3339965
2025-10-18 00:30:30.182,106679.68,0.01875,2000.2439999999997
2025-10-18 00:30:30.908,106679.68,0.013,1386.8358399999997
2025-10-18 00:30:30.909,106679.68,0.013,1386.8358399999997
2025-10-18 00:30:31.208,106679.69,0.00408,435.25313520000003
2025-10-18 00:30:31.319,106679.68,7e-05,7.4675775999999985
2025-10-18 00:30:31.400,106679.69,0.10692,11406.1924548
2025-10-18 00:30:31.404,106679.69,0.13557,14462.5655733
2025-10-18 00:30:31.414,106681.38,0.00165,176.024277
2025-10-18 00:30:31.472,106681.39,0.00212,226.16454679999998
2025-10-18 00:30:31.476,106682.19,0.0004,42.672876
2025-10-18 00:30:31.477,106684.21,0.00015,16.0026315
2025-10-18 00:30:31.481,106687.75,0.00031,33.0732025
2025-10-18 00:30:31.485,106688.17,0.0006,64.012902
2025-10-18 00:30:31.487,106689.15,0.00543,579.3220845
2025-10-18 00:30:31.490,106689.15,0.00075,80.0168625
2025-10-18 00:30:31.492,106689.15,0.00055,58.6790325
2025-10-18 00:30:31.494,106689.15,0.00025,26.6722875
2025-10-18 00:30:31.495,106689.15,0.0001,10.668915
2025-10-18 00:30:31.497,106689.16,0.0007,74.682412
2025-10-18 00:30:31.499,106689.99,0.00015,16.0034985
2025-10-18 00:30:31.513,106690.0,0.01651,1761.4519
2025-10-18 00:30:31.514,106690.0,5e-05,5.3345
2025-10-18 00:30:31.515,106690.08,0.00015,16.003512
2025-10-18 00:30:31.554,106695.47,0.01299,1385.9741553
2025-10-18 00:30:31.815,106700.4,5e-05,5.33502
2025-10-18 00:30:31.856,106702.21,0.14874,15870.886715400002
2025-10-18 00:30:32.175,106702.22,0.00149,158.9863078
2025-10-18 00:30:32.415,106702.21,0.03779,4032.2765159
2025-10-18 00:30:32.417,106702.21,2.06924,220792.48102040004
2025-10-18 00:30:32.430,106702.2,0.01125,1200.3997499999998
2025-10-18 00:30:32.610,106702.2,0.00011,11.737242
2025-10-18 00:30:32.707,106702.21,0.0038,405.46839800000004
2025-10-18 00:30:33.048,106702.2,0.00015,16.005329999999997
2025-10-18 00:30:33.068,106702.2,0.00022,23.474484
2025-10-18 00:30:33.110,106702.21,0.0001,10.670221000000002
2025-10-18 00:30:33.137,106702.21,0.00019,20.273419900000004
2025-10-18 00:30:33.140,106702.21,0.00012,12.804265200000001
2025-10-18 00:30:33.277,106702.21,0.00019,20.273419900000004
2025-10-18 00:30:33.362,106702.21,0.00019,20.273419900000004
2025-10-18 00:30:33.364,106702.21,0.00066,70.4234586
2025-10-18 00:30:33.370,106702.21,0.00047,50.1500387
2025-10-18 00:30:33.469,106702.21,0.00469,500.4333649
2025-10-18 00:30:33.524,106702.21,0.00019,20.273419900000004
2025-10-18 00:30:33.713,106702.21,0.0001,10.670221000000002
2025-10-18 00:30:33.781,106702.21,0.00094,100.3000774
2025-10-18 00:30:33.868,106702.21,0.0001,10.670221000000002
2025-10-18 00:30:33.925,106702.2,0.00064,68.28940800000001
2025-10-18 00:30:33.981,106702.21,9e-05,9.6031989
2025-10-18 00:30:34.192,106702.21,0.00017,18.139375700000002
2025-10-18 00:30:34.375,106702.2,0.00047,50.150034
2025-10-18 00:30:34.392,106702.21,0.00024,25.608530400000003
2025-10-18 00:30:34.470,106702.21,0.00019,20.273419900000004
2025-10-18 00:30:34.486,106702.21,0.00015,16.0053315
2025-10-18 00:30:34.524,106702.21,0.00016,17.072353600000003
2025-10-18 00:30:34.832,106702.21,0.0001,10.670221000000002
2025-10-18 00:30:34.891,106702.21,7e-05,7.4691547
2025-10-18 00:30:34.982,106702.21,9e-05,9.6031989
2025-10-18 00:30:35.085,106702.21,0.0001,10.670221000000002
2025-10-18 00:30:35.190,106702.21,0.00139,148.3160719
2025-10-18 00:30:35.292,106702.21,7e-05,7.4691547
2025-10-18 00:30:35.382,106702.21,0.0001,10.670221000000002
2025-10-18 00:30:35.562,106702.21,0.00019,20.273419900000004
2025-10-18 00:30:36.024,106702.2,0.1067,11385.12474
2025-10-18 00:30:36.382,106702.21,0.00094,100.3000774
2025-10-18 00:30:36.587,106702.2,8e-05,8.536176000000001
2025-10-18 00:30:36.709,106702.21,0.00093,99.23305530000002
2025-10-18 00:30:37.137,106702.21,0.00273,291.2970333
2025-10-18 00:30:37.424,106702.2,0.38206,40766.642532
2025-10-18 00:30:37.425,106702.1,0.00125,133.37762500000002
2025-10-18 00:30:37.427,106700.79,0.0002,21.340158
2025-10-18 00:30:37.432,106700.01,0.0001,10.670001
2025-10-18 00:30:37.434,106700.0,0.0013,138.70999999999998
2025-10-18 00:30:37.438,106699.31,0.00045,48.014689499999996
2025-10-18 00:30:37.439,106699.31,0.00045,48.014689499999996
2025-10-18 00:30:37.441,106699.31,0.00025,26.6748275
2025-10-18 00:30:37.442,106699.31,0.00034,36.2777654
2025-10-18 00:30:37.470,106699.31,0.00722,770.3690181999999
2025-10-18 00:30:37.611,106699.32,0.01832,1954.7315424
2025-10-18 00:30:38.105,106699.32,4e-05,4.267972800000001
2025-10-18 00:30:38.138,106699.32,0.00016,17.071891200000003
2025-10-18 00:30:38.557,106699.32,0.00011,11.736925200000002
2025-10-18 00:30:38.635,106699.32,0.00936,998.7056352000001
2025-10-18 00:30:39.192,106699.32,6e-05,6.4019592
2025-10-18 00:30:39.418,106699.32,8e-05,8.535945600000002
2025-10-18 00:30:39.545,106699.31,0.00257,274.21722669999997
2025-10-18 00:30:39.617,106699.32,0.00026,27.7418232
2025-10-18 00:30:39.652,106699.31,0.00266,283.8201646
2025-10-18 00:30:39.663,106699.32,0.0013,138.709116
2025-10-18 00:30:40.724,106699.32,0.00071,75.7565172
2025-10-18 00:30:40.752,106699.31,0.005,533.49655
2025-10-18 00:30:40.783,106699.32,0.00188,200.5947216
2025-10-18 00:30:40.839,106699.32,0.00188,200.5947216
2025-10-18 00:30:40.918,106699.32,0.0001,10.669932000000001
2025-10-18 00:30:40.925,106699.32,0.0001,10.669932000000001
2025-10-18 00:30:40.952,106699.32,0.00234,249.67640880000002
2025-10-18 00:30:40.970,106699.32,0.0001,10.669932000000001
2025-10-18 00:30:41.081,106699.32,0.00015,16.004898
2025-10-18 00:30:41.086,106699.32,0.00015,16.004898
2025-10-18 00:30:41.091,106699.32,0.00047,50.1486804
2025-10-18 00:30:41.142,106699.32,0.00029,30.942802800000003
2025-10-18 00:30:41.282,106699.32,8e-05,8.535945600000002
2025-10-18 00:30:41.370,106699.31,0.00011,11.7369241
2025-10-18 00:30:41.425,106699.32,0.00015,16.004898
2025-10-18 00:30:41.580,106699.32,7e-05,7.4689524
2025-10-18 00:30:41.586,106699.32,7e-05,7.4689524
2025-10-18 00:30:41.710,106699.32,0.00029,30.942802800000003
2025-10-18 00:30:41.744,106699.32,0.0001,10.669932000000001
2025-10-18 00:30:41.781,106699.31,5e-05,5.3349655
2025-10-18 00:30:42.010,106699.32,8e-05,8.535945600000002
2025-10-18 00:30:42.216,106699.32,0.00019,20.272870800000003
2025-10-18 00:30:42.283,106699.32,0.0001,10.669932000000001
2025-10-18 00:30:42.324,106699.32,0.0001,10.669932000000001
2025-10-18 00:30:42.415,106699.31,0.00408,435.3331848
2025-10-18 00:30:42.416,106695.8,0.00562,599.630396
2025-10-18 00:30:42.417,106695.45,0.00066,70.418997
2025-10-18 00:30:42.420,106693.81,0.0005,53.346905
2025-10-18 00:30:42.422,106690.66,0.0004,42.676264
2025-10-18 00:30:42.423,106690.66,0.01299,1385.9116734
2025-10-18 00:30:42.431,106690.66,0.07636,8146.8987976
2025-10-18 00:30:42.432,106685.64,0.00015,16.002845999999998
2025-10-18 00:30:42.433,106683.61,0.013,1386.88693
2025-10-18 00:30:42.437,106683.61,0.013,1386.88693
2025-10-18 00:30:42.509,106683.61,0.00442,471.54155620000006
2025-10-18 00:30:42.582,106683.62,0.00288,307.24882560000003
2025-10-18 00:30:43.102,106683.62,0.00023,24.5372326
2025-10-18 00:30:43.315,106693.11,0.13655,14568.9441705
2025-10-18 00:30:43.414,106693.12,0.028,2987.40736
2025-10-18 00:30:43.531,106693.12,0.21211,22630.6776832
2025-10-18 00:30:43.946,106693.11,0.00019,20.271690900000003
2025-10-18 00:30:44.041,106693.11,0.00011,11.7362421
2025-10-18 00:30:44.118,106693.12,9e-05,9.6023808
2025-10-18 00:30:44.574,106693.12,0.05374,5733.6882688000005
2025-10-18 00:30:44.678,106693.31,0.0002,21.338662
2025-10-18 00:30:44.680,106695.0,0.00075,80.02125
2025-10-18 00:30:44.681,106695.6,0.0407,4342.510920000001
2025-10-18 00:30:44.688,106697.04,0.0019,202.72437599999998
2025-10-18 00:30:44.718,106697.37,0.04909,5237.7738933
2025-10-18 00:30:44.817,106697.38,0.00558,595.3713804
2025-10-18 00:30:44.841,106697.38,0.00065,69.353297
2025-10-18 00:30:44.845,106697.4,0.00245,261.40862999999996
2025-10-18 00:30:44.894,106697.6,0.00013,13.870688
2025-10-18 00:30:44.967,106697.61,0.00821,875.9873781
2025-10-18 00:30:44.968,106699.31,0.00015,16.004896499999997
2025-10-18 00:30:45.315,106705.31,0.00015,16.0057965
2025-10-18 00:30:45.342,106708.63,0.00299,319.0588037
2025-10-18 00:30:45.351,106710.09,0.00015,16.006513499999997
2025-10-18 00:30:45.365,106710.5,0.00115,122.717075
2025-10-18 00:30:45.366,106710.5,0.00011,11.738155
2025-10-18 00:30:45.367,106711.34,0.00116,123.7851544
2025-10-18 00:30:45.377,106711.34,0.00896,956.1336063999998
2025-10-18 00:30:45.379,106711.34,0.00061,65.0939174
2025-10-18 00:30:45.380,106711.34,0.00015,16.006701
2025-10-18 00:30:45.384,106712.54,0.0001,10.671254
2025-10-18 00:30:45.394,106712.79,0.0102,1088.470458
2025-10-18 00:30:45.399,106713.6,0.00125,133.392
2025-10-18 00:30:45.401,106713.61,0.0018,192.084498
2025-10-18 00:30:45.402,106713.8,0.00015,16.00707
2025-10-18 00:30:45.406,106716.23,8e-05,8.537298400000001
2025-10-18 00:30:45.409,106718.7,0.00015,16.007804999999998
2025-10-18 00:30:45.412,106721.51,0.00698,744.9161398
2025-10-18 00:30:45.432,106723.24,0.05073,5414.0699652
2025-10-18 00:30:45.464,106723.23,0.00015,16.008484499999998
2025-10-18 00:30:46.137,106723.23,9e-05,9.6050907
2025-10-18 00:30:47.077,106723.24,0.01222,1304.1579928
2025-10-18 00:30:47.143,106723.23,0.00958,1022.4085434
2025-10-18 00:30:47.791,106723.23,9e-05,9.6050907
2025-10-18 00:30:47.909,106723.23,0.001,106.72323
2025-10-18 00:30:47.915,106726.41,5e-05,5.3363205
2025-10-18 00:30:47.931,106731.99,0.00266,283.9070934
2025-10-18 00:30:48.123,106731.99,0.0014,149.424786
2025-10-18 00:30:48.139,106731.98,0.00017,18.144436600000002
2025-10-18 00:30:48.993,106731.99,0.015,1600.97985
2025-10-18 00:30:49.132,106731.99,0.00044,46.962075600000006
2025-10-18 00:30:49.150,106731.99,0.015,1600.97985
2025-10-18 00:30:49.217,106731.99,0.00323,344.7443277
2025-10-18 00:30:49.274,106731.98,0.00013,13.875157399999999
2025-10-18 00:30:49.475,106731.99,0.00097,103.5300303
2025-10-18 00:30:49.737,106731.99,6e-05,6.4039194
2025-10-18 00:30:49.747,106731.99,0.00079,84.3182721
2025-10-18 00:30:49.832,106731.98,0.005,533.6599
2025-10-18 00:30:50.790,106731.98,0.00029,30.952274199999998
2025-10-18 00:30:51.227,106731.99,0.0034,362.888766
2025-10-18 00:30:51.940,106731.99,0.00047,50.1640353
2025-10-18 00:30:52.683,106731.99,0.01413,1508.1230187
2025-10-18 00:30:54.016,106731.99,0.00468,499.50571320000006
2025-10-18 00:30:54.406,106731.99,0.00936,999.0114264000001
2025-10-18 00:30:54.670,106731.98,0.00421,449.3416358
2025-10-18 00:30:55.047,106731.99,0.00044,46.962075600000006
2025-10-18 00:30:55.738,106731.98,0.00751,801.5571698
2025-10-18 00:30:55.961,106731.99,0.00027,28.8176373
2025-10-18 00:30:56.216,106731.99,0.03035,3239.3158965
2025-10-18 00:30:56.218,106733.25,6e-05,6.403995
2025-10-18 00:30:56.233,106733.92,0.0045,480.30263999999994
2025-10-18 00:30:56.237,106734.0,0.0022,234.81480000000002
2025-10-18 00:30:56.240,106738.39,0.00562,599.8697518
2025-10-18 00:30:56.244,106738.39,0.00135,144.09682650000002
2025-10-18 00:30:56.247,106742.0,0.00073,77.92166
2025-10-18 00:30:56.618,106742.0,0.00936,999.10512
2025-10-18 00:30:56.813,106741.99,0.00183,195.3378417
2025-10-18 00:30:56.937,106742.0,0.00398,424.83316
2025-10-18 00:30:57.112,106742.0,0.01475,1574.4444999999998
2025-10-18 00:30:57.233,106742.66,0.00789,842.1995873999999
2025-10-18 00:30:57.235,106744.0,0.00275,293.546
2025-10-18 00:30:57.302,106744.04,0.028,2988.83312
2025-10-18 00:30:57.354,106744.2,0.00015,16.011629999999997
2025-10-18 00:30:57.357,106748.45,5e-05,5.3374225
2025-10-18 00:30:57.635,106751.94,0.00356,380.03690639999996
2025-10-18 00:30:57.968,106751.95,0.00528,563.650296
2025-10-18 00:30:58.262,106751.95,0.00014,14.945272999999998
2025-10-18 00:30:58.446,106751.95,0.015,1601.2792499999998
2025-10-18 00:30:58.604,106751.95,0.01499,1600.2117305
2025-10-18 00:30:59.066,106751.94,0.09421,10057.100267400001
2025-10-18 00:30:59.067,106751.64,0.04996,5333.3119344
2025-10-18 00:30:59.069,106751.64,0.07847,8376.801190799999
2025-10-18 00:30:59.071,106751.64,0.05879,6275.9289156
2025-10-18 00:30:59.072,106751.64,0.00015,16.012746
2025-10-18 00:30:59.073,106747.67,0.004,426.99068
2025-10-18 00:30:59.079,106745.76,0.00125,133.4322
2025-10-18 00:30:59.093,106745.75,0.0015,160.118625
2025-10-18 00:30:59.095,106745.59,0.00065,69.38463349999999
2025-10-18 00:30:59.153,106745.54,0.00762,813.4010148
2025-10-18 00:30:59.154,106745.53,0.00085,90.7337005
2025-10-18 00:30:59.162,106743.75,0.03012,3215.1217500000002
2025-10-18 00:30:59.167,106743.33,0.0014,149.440662
2025-10-18 00:30:59.169,106743.32,0.0763,8144.515316000001
2025-10-18 00:30:59.171,106743.32,0.00014,14.9440648
2025-10-18 00:30:59.172,106743.32,0.0003,32.022996
2025-10-18 00:30:59.173,106735.93,0.00125,133.41991249999998
2025-10-18 00:30:59.175,106735.93,0.00025,26.6839825
2025-10-18 00:30:59.176,106731.98,0.02059,2197.6114681999998
2025-10-18 00:30:59.408,106731.99,0.00047,50.1640353
2025-10-18 00:31:00.627,106731.99,0.00014,14.9424786
2025-10-18 00:31:01.163,106731.99,0.0001,10.673199
2025-10-18 00:31:01.259,106731.99,0.00022,23.481037800000003
2025-10-18 00:31:01.582,106731.98,8e-05,8.538558400000001
2025-10-18 00:31:01.982,106731.98,0.00937,1000.0786525999999
2025-10-18 00:31:01.983,106731.98,0.46934,50093.58749319999
2025-10-18 00:31:01.985,106731.98,0.03392,3620.3487615999998
2025-10-18 00:31:01.988,106731.98,0.05396,5759.2576407999995
2025-10-18 00:31:01.997,106730.96,0.00015,16.009643999999998
2025-10-18 00:31:02.002,106730.58,0.00365,389.566617
2025-10-18 00:31:02.010,106727.72,0.0039,416.238108
2025-10-18 00:31:02.015,106726.98,0.0011,117.39967800000001
2025-10-18 00:31:02.022,106726.87,0.00031,33.085329699999996
2025-10-18 00:31:02.065,106726.87,0.00252,268.9517124
2025-10-18 00:31:02.115,106721.8,5e-05,5.33609
2025-10-18 00:31:02.116,106720.8,0.13276,14168.253407999999
2025-10-18 00:31:02.644,106720.79,0.04976,5310.4265104
2025-10-18 00:31:02.645,106720.13,0.00015,16.0080195
2025-10-18 00:31:02.672,106717.0,0.00105,112.05284999999999
2025-10-18 00:31:02.680,106717.0,0.0001,10.671700000000001
2025-10-18 00:31:02.696,106717.0,0.0009,96.0453
2025-10-18 00:31:02.715,106714.98,0.0001,10.671498
2025-10-18 00:31:02.780,106712.94,0.00055,58.692117
2025-10-18 00:31:02.782,106712.93,0.00065,69.36340449999999
2025-10-18 00:31:02.906,106712.57,0.00165,176.07574050000002
2025-10-18 00:31:03.016,106705.18,0.00015,16.005777
2025-10-18 00:31:03.218,106702.94,0.00043,45.8822642
2025-10-18 00:31:03.232,106702.93,0.001,106.70293
2025-10-18 00:31:03.233,106702.93,0.001,106.70293
2025-10-18 00:31:03.333,106702.93,0.07153,7632.460582899999
2025-10-18 00:31:03.334,106702.93,0.0001,10.670293
2025-10-18 00:31:03.382,106702.0,0.0007,74.6914
2025-10-18 00:31:03.383,106698.4,0.00015,16.004759999999997
2025-10-18 00:31:03.411,106693.17,5e-05,5.3346585
2025-10-18 00:31:03.412,106690.66,0.01015,1082.910199
2025-10-18 00:31:03.413,106690.66,0.013,1386.97858
2025-10-18 00:31:03.541,106690.66,0.00613,654.0137458
2025-10-18 00:31:03.545,106690.66,0.00082,87.4863412
2025-10-18 00:31:03.741,106688.98,1e-05,1.0668898
2025-10-18 00:31:03.742,106688.0,0.0022,234.7136
2025-10-18 00:31:03.746,106684.35,5e-05,5.3342175
2025-10-18 00:31:03.754,106684.26,0.00712,759.5919311999999
2025-10-18 00:31:03.843,106684.0,9e-05,9.601560000000001
2025-10-18 00:31:04.068,106684.01,0.04686,4999.2127086
2025-10-18 00:31:04.247,106684.0,6e-05,6.40104
2025-10-18 00:31:04.340,106684.0,0.013,1386.8919999999998
2025-10-18 00:31:04.341,106684.0,0.013,1386.8919999999998
2025-10-18 00:31:04.383,106684.01,0.00094,100.2829694
2025-10-18 00:31:04.570,106684.0,0.00137,146.15707999999998
2025-10-18 00:31:04.862,106684.01,0.00234,249.6405834
2025-10-18 00:31:05.639,106684.01,9e-05,9.6015609
2025-10-18 00:31:05.920,106684.0,0.013,1386.8919999999998
2025-10-18 00:31:05.921,106684.0,0.013,1386.8919999999998
2025-10-18 00:31:06.013,106684.01,0.00074,78.9461674
2025-10-18 00:31:06.073,106684.0,0.00179,190.96436
2025-10-18 00:31:07.524,106684.01,0.0132,1408.228932
2025-10-18 00:31:08.140,106684.01,0.01124,1199.1282724
2025-10-18 00:31:09.769,106684.01,0.00018,19.2031218
2025-10-18 00:31:09.932,106684.01,0.0002,21.336802
2025-10-18 00:31:10.558,106684.01,0.00249,265.6431849
2025-10-18 00:31:11.637,106684.0,0.00037,39.473079999999996
2025-10-18 00:31:11.761,106684.0,0.013,1386.8919999999998
2025-10-18 00:31:11.762,106684.0,0.013,1386.8919999999998
2025-10-18 00:31:12.038,106684.0,0.26174,27923.470159999997
2025-10-18 00:31:12.040,106684.0,0.00899,959.08916
2025-10-18 00:31:12.041,106683.75,0.0002,21.336750000000002
2025-10-18 00:31:12.043,106682.44,0.0029,309.379076
2025-10-18 00:31:12.048,106681.17,0.00114,121.6165338
2025-10-18 00:31:12.050,106681.17,0.00051,54.4073967
2025-10-18 00:31:12.615,106676.23,0.00266,283.7587718
2025-10-18 00:31:12.703,106671.78,0.01499,1599.0099822
2025-10-18 00:31:13.593,106671.79,0.0007,74.67025299999999
2025-10-18 00:31:13.637,106671.79,0.001,106.67179
2025-10-18 00:31:14.690,106671.79,0.18746,19996.6937534
2025-10-18 00:31:14.790,106671.79,0.00046,49.0690234
2025-10-18 00:31:14.883,106671.79,0.00066,70.4033814
2025-10-18 00:31:15.083,106671.79,0.0006,64.00307399999998
2025-10-18 00:31:15.181,106671.79,8e-05,8.5337432
2025-10-18 00:31:15.534,106671.78,0.01752,1868.8895856000001
2025-10-18 00:31:15.535,106671.78,2.43584,259835.38859519997
2025-10-18 00:31:15.823,106671.78,0.013,1386.7331399999998
2025-10-18 00:31:15.824,106671.78,0.013,1386.7331399999998
2025-10-18 00:31:15.976,106671.79,0.00061,65.0697919
2025-10-18 00:31:17.439,106671.79,0.00306,326.41567739999994
2025-10-18 00:31:17.743,106671.79,5e-05,5.3335894999999995
2025-10-18 00:31:18.240,106671.78,0.01,1066.7178
2025-10-18 00:31:18.310,106671.79,0.00061,65.0697919
2025-10-18 00:31:18.672,106671.78,0.00015,16.000767
2025-10-18 00:31:18.961,106671.79,0.09315,9936.4772385
2025-10-18 00:31:19.051,106671.79,0.0001,10.667178999999999
2025-10-18 00:31:19.374,106671.79,0.0002,21.334357999999998
2025-10-18 00:31:20.228,106671.78,0.013,1386.7331399999998
2025-10-18 00:31:20.229,106671.78,0.013,1386.7331399999998
2025-10-18 00:31:20.230,106671.78,0.013,1386.7331399999998
2025-10-18 00:31:20.528,106671.79,0.00029,30.9348191
2025-10-18 00:31:20.759,106671.78,0.0002,21.334356
2025-10-18 00:31:20.865,106671.79,0.00204,217.6104516
2025-10-18 00:31:21.663,106671.79,0.00011,11.7338969
2025-10-18 00:31:21.692,106671.78,0.00954,1017.6487812
2025-10-18 00:31:21.952,106671.79,5e-05,5.3335894999999995
2025-10-18 00:31:22.733,106671.79,0.02076,2214.5063603999997
2025-10-18 00:31:23.623,106671.79,7e-05,7.467025299999999
2025-10-18 00:31:23.896,106671.79,0.00996,1062.4510284
2025-10-18 00:31:24.682,106671.79,0.00034,36.2684086
2025-10-18 00:31:25.185,106671.79,0.09374,9999.4135946
2025-10-18 00:31:25.210,106671.79,0.00119,126.9394301
2025-10-18 00:31:25.737,106671.78,0.00014,14.934049199999999
2025-10-18 00:31:25.799,106671.79,0.00714,761.6365805999999
2025-10-18 00:31:26.422,106671.79,0.0113,1205.3912269999998
2025-10-18 00:31:26.987,106671.79,0.00151,161.0744029
2025-10-18 00:31:28.391,106671.79,0.00344,366.9509576
2025-10-18 00:31:28.945,106671.78,0.00094,100.2714732
2025-10-18 00:31:28.995,106671.79,0.39997,42665.5158463
2025-10-18 00:31:28.997,106671.79,0.00014,14.934050599999997
2025-10-18 00:31:28.999,106671.79,0.01697,1810.2202762999998
2025-10-18 00:31:29.032,106671.78,0.00052,55.4693256
2025-10-18 00:31:29.187,106671.79,0.01874,1999.0293445999998
2025-10-18 00:31:29.517,106671.78,0.00047,50.1357366
2025-10-18 00:31:29.709,106671.79,0.004,426.68716
2025-10-18 00:31:29.871,106671.79,0.00106,113.07209739999999
2025-10-18 00:31:30.184,106671.79,0.01873,1997.9626266999999
2025-10-18 00:31:30.550,106671.78,0.06195,6608.316771
2025-10-18 00:31:30.711,106671.79,5e-05,5.3335894999999995
2025-10-18 00:31:32.447,106671.79,0.00094,100.27148259999998
2025-10-18 00:31:32.908,106671.79,0.00037,39.468562299999995
2025-10-18 00:31:33.762,106671.79,0.00016,17.0674864
2025-10-18 00:31:34.057,106671.79,0.0038,405.352802
2025-10-18 00:31:34.059,106676.05,0.00375,400.0351875
2025-10-18 00:31:34.060,106678.19,0.00192,204.8221248
2025-10-18 00:31:34.065,106678.34,0.00045,48.005252999999996
2025-10-18 00:31:34.075,106678.35,0.00205,218.69061750000003
2025-10-18 00:31:34.087,106679.4,0.0013,138.68321999999998
2025-10-18 00:31:34.100,106680.53,0.00015,16.002079499999997
2025-10-18 00:31:34.106,106680.54,0.00115,122.682621
2025-10-18 00:31:34.115,106683.28,0.0001,10.668328
2025-10-18 00:31:34.124,106683.8,0.00196,209.100248
2025-10-18 00:31:34.129,106683.8,0.00211,225.10281799999998
2025-10-18 00:31:34.131,106684.0,0.00191,203.76644
2025-10-18 00:31:34.159,106684.0,0.005,533.42
2025-10-18 00:31:34.240,106684.0,0.00038,40.53992
2025-10-18 00:31:36.220,106684.0,0.00093,99.21612
2025-10-18 00:31:36.584,106683.99,7e-05,7.4678793
2025-10-18 00:31:37.542,106684.0,0.00025,26.671
2025-10-18 00:31:37.646,106684.0,0.0041,437.4044
2025-10-18 00:31:38.107,106684.0,0.00012,12.80208
2025-10-18 00:31:38.585,106683.99,0.05624,5999.9075976
2025-10-18 00:31:38.857,106683.99,0.00186,198.43222140000003
2025-10-18 00:31:39.218,106683.99,0.00013,13.8689187
2025-10-18 00:31:39.405,106684.0,0.00093,99.21612
2025-10-18 00:31:39.791,106684.0,0.00018,19.203120000000002
2025-10-18 00:31:40.397,106683.99,0.00966,1030.5673434
2025-10-18 00:31:40.821,106684.0,0.00578,616.6335200000001
2025-10-18 00:31:41.673,106684.0,0.01221,1302.61164
2025-10-18 00:31:41.727,106684.0,0.0275,2933.81
2025-10-18 00:31:41.729,106684.0,0.00526,561.15784
2025-10-18 00:31:41.919,106684.0,0.00012,12.80208
2025-10-18 00:31:42.169,106683.99,0.00027,28.8046773
2025-10-18 00:31:42.687,106684.0,0.00015,16.002599999999997
2025-10-18 00:31:43.218,106684.0,0.00014,14.935759999999998
2025-10-18 00:31:44.294,106684.0,0.0014,149.3576
2025-10-18 00:31:45.580,106684.0,0.00036,38.406240000000004
2025-10-18 00:31:45.810,106684.0,0.00011,11.735240000000001
2025-10-18 00:31:46.893,106683.99,0.00341,363.7924059
2025-10-18 00:31:47.376,106684.0,0.00138,147.22392
2025-10-18 00:31:47.790,106684.0,0.01046,1115.91464
2025-10-18 00:31:48.308,106683.99,0.00046,49.074635400000005
2025-10-18 00:31:48.938,106683.99,0.00488,520.6178712
2025-10-18 00:31:49.563,106684.0,0.00019,20.26996
2025-10-18 00:31:50.227,106684.0,0.00328,349.92352
2025-10-18 00:31:50.713,106683.99,0.5,53341.995
2025-10-18 00:31:50.718,106683.99,0.00318,339.25508820000005
2025-10-18 00:31:50.828,106684.0,0.0007,74.6788
2025-10-18 00:31:50.876,106684.0,0.0075,800.13
2025-10-18 00:31:50.910,106684.0,0.00048,51.20832
2025-10-18 00:31:50.917,106683.99,0.0006,64.01039399999999
2025-10-18 00:31:50.960,106684.0,0.0007,74.6788
2025-10-18 00:31:51.784,106684.0,0.00018,19.203120000000002
2025-10-18 00:31:51.956,106684.0,0.00753,803.33052
2025-10-18 00:31:51.999,106684.0,0.00501,534.4868399999999
2025-10-18 00:31:52.641,106683.99,0.00093,99.21611070000002
2025-10-18 00:31:53.054,106683.99,0.013,1386.89187
2025-10-18 00:31:53.134,106683.99,0.00031,33.0720369
2025-10-18 00:31:53.489,106683.99,0.00775,826.8009225000001
2025-10-18 00:31:53.691,106684.0,8e-05,8.53472
2025-10-18 00:31:53.780,106684.0,0.00724,772.39216
2025-10-18 00:31:56.958,106684.0,0.0006,64.01039999999999
2025-10-18 00:31:58.918,106684.0,0.00015,16.002599999999997
2025-10-18 00:31:59.611,106683.99,0.0022,234.70477800000003
2025-10-18 00:32:00.025,106683.99,0.01,1066.8399000000002
2025-10-18 00:32:00.386,106684.0,0.05624,5999.90816
2025-10-18 00:32:00.434,106684.0,0.00937,999.6290799999999
2025-10-18 00:32:00.547,106684.0,0.0001,10.6684
2025-10-18 00:32:00.601,106683.99,0.06195,6609.0731805000005
2025-10-18 00:32:01.384,106684.0,0.0002,21.3368
2025-10-18 00:32:01.505,106684.0,0.028,2987.152
2025-10-18 00:32:01.515,106689.56,5e-05,5.334478
2025-10-18 00:32:01.573,106690.0,0.00015,16.0035
2025-10-18 00:32:01.586,106689.99,0.0007,74.682993
2025-10-18 00:32:01.590,106689.99,9e-05,9.6020991
2025-10-18 00:32:01.961,106690.0,6e-05,6.4014
2025-10-18 00:32:02.260,106690.0,0.26831,28625.993899999998
2025-10-18 00:32:02.261,106690.0,0.00986,1051.9634
2025-10-18 00:32:02.262,106690.4,0.00587,626.272648
2025-10-18 00:32:02.264,106692.09,5e-05,5.3346045
2025-10-18 00:32:02.265,106697.5,6e-05,6.4018500000000005
2025-10-18 00:32:02.269,106700.75,6e-05,6.402045
2025-10-18 00:32:02.270,106703.79,6e-05,6.4022274
2025-10-18 00:32:02.274,106703.79,0.00938,1000.8815501999999
2025-10-18 00:32:02.288,106703.79,0.00937,999.8145122999999
2025-10-18 00:32:02.418,106703.79,0.00018,19.2066822
2025-10-18 00:32:03.866,106703.79,0.00054,57.620046599999995
2025-10-18 00:32:03.968,106703.79,0.00049,52.284857099999996
2025-10-18 00:32:03.996,106703.79,0.00047,50.1507813
2025-10-18 00:32:04.028,106703.79,0.0005,53.351895
2025-10-18 00:32:04.066,106703.79,0.00989,1055.3004830999998
2025-10-18 00:32:04.601,106703.79,0.00019,20.2737201
2025-10-18 00:32:06.414,106703.79,0.09601,10244.6308779
2025-10-18 00:32:06.502,106703.78,0.00044,46.9496632
2025-10-18 00:32:06.515,106711.67,0.00015,16.0067505
2025-10-18 00:32:07.115,106718.93,0.00015,16.007839499999996
2025-10-18 00:32:08.376,106718.94,0.00225,240.117615
2025-10-18 00:32:09.257,106718.94,0.01466,1564.4996604
2025-10-18 00:32:09.484,106718.93,0.02425,2587.9340525
2025-10-18 00:32:10.843,106718.94,0.00088,93.9126672
2025-10-18 00:32:10.982,106718.94,0.00025,26.679735
2025-10-18 00:32:12.687,106718.94,0.01124,1199.5208856
2025-10-18 00:32:14.637,106718.93,0.073,7790.481889999999
2025-10-18 00:32:14.835,106718.94,0.015,1600.7841
2025-10-18 00:32:14.960,106718.94,0.00283,302.0146002
2025-10-18 00:32:15.753,106718.94,0.00401,427.9429494
2025-10-18 00:32:15.780,106718.93,0.01973,2105.5644889
2025-10-18 00:32:16.296,106718.94,0.0031,330.828714
2025-10-18 00:32:16.370,106718.93,0.00176,187.8253168
2025-10-18 00:32:16.610,106718.94,8e-05,8.537515200000001
2025-10-18 00:32:16.613,106718.94,0.0001,10.671894
2025-10-18 00:32:16.647,106718.94,0.00047,50.1579018
2025-10-18 00:32:16.762,106718.94,0.00015,16.007841
2025-10-18 00:32:16.875,106718.94,0.00063,67.23293220000001
2025-10-18 00:32:16.937,106718.94,7e-05,7.4703257999999995
2025-10-18 00:32:17.233,106718.94,0.00172,183.5565768
2025-10-18 00:32:17.281,106718.94,0.00031,33.0828714
2025-10-18 00:32:17.332,106718.93,0.00043,45.889139899999996
2025-10-18 00:32:17.392,106718.94,0.00094,100.3158036
2025-10-18 00:32:17.404,106718.93,0.00092,98.1814156
2025-10-18 00:32:17.562,106718.94,0.00328,350.0381232
2025-10-18 00:32:17.632,106718.94,0.00094,100.3158036
2025-10-18 00:32:17.661,106718.94,0.00024,25.6125456
2025-10-18 00:32:17.924,106718.94,0.00164,175.0190616
2025-10-18 00:32:17.961,106718.94,0.0001,10.671894
2025-10-18 00:32:18.192,106718.94,0.00024,25.6125456
2025-10-18 00:32:18.437,106718.94,0.00188,200.6316072
2025-10-18 00:32:18.576,106718.94,0.00024,25.6125456
2025-10-18 00:32:18.618,106718.94,0.0001,10.671894
2025-10-18 00:32:18.623,106718.94,0.00024,25.6125456
2025-10-18 00:32:18.639,106718.94,0.00019,20.2765986
2025-10-18 00:32:18.728,106718.93,0.02023,2158.9239539
2025-10-18 00:32:18.839,106718.94,0.0001,10.671894
2025-10-18 00:32:18.844,106718.93,0.00046,49.0907078
2025-10-18 00:32:18.917,106718.94,0.00019,20.2765986
2025-10-18 00:32:19.084,106718.94,0.00014,14.940651599999999
2025-10-18 00:32:19.125,106718.94,0.04628,4938.9525432
2025-10-18 00:32:19.219,106718.94,0.08696,9280.2790224
2025-10-18 00:32:19.589,106718.93,0.00143,152.6080699
2025-10-18 00:32:19.963,106719.42,0.00015,16.007913
2025-10-18 00:32:19.970,106719.9,0.0007,74.70393
2025-10-18 00:32:20.000,106720.0,0.00649,692.6128
2025-10-18 00:32:20.001,106720.0,0.01593,1700.0496
2025-10-18 00:32:20.002,106721.62,0.00015,16.008242999999997
2025-10-18 00:32:20.005,106721.63,0.0015,160.082445
2025-10-18 00:32:20.010,106721.99,0.00131,139.8058069
2025-10-18 00:32:20.015,106726.62,0.0001,10.672662
2025-10-18 00:32:20.397,106730.0,0.00187,199.58509999999998
2025-10-18 00:32:21.937,106729.99,0.01708,1822.9482292000002
2025-10-18 00:32:22.748,106730.0,0.0058,619.034
2025-10-18 00:32:23.081,106730.0,0.001,106.73
2025-10-18 00:32:23.105,106729.99,0.00076,81.11479240000001
2025-10-18 00:32:23.148,106730.0,0.001,106.73
2025-10-18 00:32:23.162,106730.0,5e-05,5.3365
2025-10-18 00:32:23.278,106730.0,0.028,2988.44
2025-10-18 00:32:23.280,106730.0,0.026,2774.98
2025-10-18 00:32:24.355,106730.0,0.0006,64.038
2025-10-18 00:32:24.656,106729.99,0.00159,169.70068410000002
2025-10-18 00:32:26.183,106729.99,0.554,59128.41446000001
2025-10-18 00:32:26.184,106728.65,0.0025,266.821625
2025-10-18 00:32:26.217,106725.58,0.03319,3542.2220002
2025-10-18 00:32:26.222,106724.38,0.00265,282.819607
2025-10-18 00:32:26.289,106723.18,5e-05,5.336159
2025-10-18 00:32:26.292,106718.93,0.04567,4873.8535331
2025-10-18 00:32:26.433,106715.72,0.00057,60.827960399999995
2025-10-18 00:32:26.585,106715.71,0.08392,8955.5823832
2025-10-18 00:32:26.586,106715.6,0.0009,96.04404000000001
2025-10-18 00:32:26.596,106714.72,0.00106,113.11760319999999
2025-10-18 00:32:26.600,106714.67,0.0001,10.671467
2025-10-18 00:32:26.601,106713.19,0.00015,16.0069785
2025-10-18 00:32:26.606,106711.68,0.00095,101.37609599999999
2025-10-18 00:32:26.634,106711.67,0.00699,745.9145732999999
2025-10-18 00:32:26.636,106710.5,0.00031,33.080255
2025-10-18 00:32:26.642,106710.49,0.0008,85.36839200000001
2025-10-18 00:32:26.643,106708.84,0.00015,16.006325999999998
2025-10-18 00:32:26.666,106708.83,0.30228,32255.9451324
2025-10-18 00:32:26.773,106705.01,0.00015,16.0057515
2025-10-18 00:32:26.901,106705.0,0.00105,112.04024999999999
2025-10-18 00:32:27.218,106705.01,0.00112,119.50961119999998
2025-10-18 00:32:27.347,106705.0,0.0002,21.341
2025-10-18 00:32:27.494,106705.0,0.07314,7804.4037
2025-10-18 00:32:27.495,106704.99,0.0001,10.670499000000001
2025-10-18 00:32:27.496,106702.74,0.00015,16.005411
2025-10-18 00:32:27.615,106701.58,0.00228,243.2796024
2025-10-18 00:32:28.256,106701.57,0.00267,284.89319190000003
2025-10-18 00:32:28.257,106697.5,6e-05,6.4018500000000005
2025-10-18 00:32:28.262,106697.06,0.4293,45805.047858
2025-10-18 00:32:28.263,106693.07,0.00015,16.003960499999998
2025-10-18 00:32:28.315,106687.87,0.00015,16.0031805
2025-10-18 00:32:28.474,106687.86,0.00257,274.18780019999997
2025-10-18 00:32:29.682,106687.86,0.02834,3023.5339524
2025-10-18 00:32:30.190,106687.86,0.00018,19.2038148
2025-10-18 00:32:30.215,106687.85,0.00049,52.277046500000004
2025-10-18 00:32:30.297,106687.86,0.00079,84.2834094
2025-10-18 00:32:30.343,106687.85,0.00017,18.136934500000002
2025-10-18 00:32:30.367,106687.86,0.0006,64.012716
2025-10-18 00:32:30.429,106687.86,0.0006,64.012716
2025-10-18 00:32:30.868,106683.99,0.16713,17830.0952487
2025-10-18 00:32:30.890,106680.0,0.0022,234.69600000000003
2025-10-18 00:32:31.015,106678.0,0.00025,26.6695
2025-10-18 00:32:31.016,106677.21,0.00015,16.0015815
2025-10-18 00:32:31.020,106677.2,0.002,213.3544
2025-10-18 00:32:31.236,106677.19,0.55954,59690.1548926
2025-10-18 00:32:31.240,106677.19,0.0006,64.00631399999999
2025-10-18 00:32:31.276,106676.01,5e-05,5.3338005
2025-10-18 00:32:31.359,106676.0,0.00187,199.48412
2025-10-18 00:32:31.365,106676.0,0.00026,27.73576
2025-10-18 00:32:31.482,106676.01,0.00094,100.27544939999999
2025-10-18 00:32:31.955,106676.01,0.00296,315.76098959999996
2025-10-18 00:32:32.011,106676.01,8e-05,8.5340808
2025-10-18 00:32:32.457,106676.01,0.34411,36708.2818011
2025-10-18 00:32:32.459,106676.01,0.0083,885.410883
2025-10-18 00:32:32.464,106676.1,0.04945,5275.133145000001
2025-10-18 00:32:32.469,106677.0,0.00015,16.001549999999998
2025-10-18 00:32:32.494,106677.21,0.00499,532.3192779
2025-10-18 00:32:32.516,106692.33,0.0001,10.669233
2025-10-18 00:32:32.579,106693.67,0.0045,480.12151499999993
2025-10-18 00:32:33.018,106693.66,0.00421,449.18030860000005
2025-10-18 00:32:33.612,106693.66,0.0028,298.742248
2025-10-18 00:32:33.783,106693.67,0.00156,166.4421252
2025-10-18 00:32:34.105,106693.66,0.00047,50.1460202
2025-10-18 00:32:34.320,106693.66,0.00019,20.271795400000002
2025-10-18 00:32:34.347,106693.67,0.00346,369.1600982
2025-10-18 00:32:34.369,106693.67,0.00053,56.5476451
2025-10-18 00:32:35.058,106693.66,0.00089,94.95735739999999
2025-10-18 00:32:35.358,106693.65,0.0001,10.669364999999999
2025-10-18 00:32:35.360,106693.0,0.00015,16.00395
2025-10-18 00:32:35.386,106691.35,0.00035,37.341972500000004
2025-10-18 00:32:35.387,106687.34,0.00015,16.003100999999997
2025-10-18 00:32:35.422,106686.86,0.00153,163.23089579999998
2025-10-18 00:32:35.529,106686.85,0.002,213.3737
2025-10-18 00:32:35.548,106686.84,0.00094,100.2856296
2025-10-18 00:32:35.683,106686.84,0.00131,139.7597604
2025-10-18 00:32:35.684,106685.64,5e-05,5.334282
2025-10-18 00:32:35.689,106683.04,0.00085,90.680584
2025-10-18 00:32:35.816,106671.39,0.00015,16.0007085
2025-10-18 00:32:37.188,106671.39,9e-05,9.6004251
2025-10-18 00:32:37.738,106671.39,0.00938,1000.5776381999999
2025-10-18 00:32:38.146,106671.39,0.00544,580.2923616
2025-10-18 00:32:38.287,106671.39,6e-05,6.4002834
2025-10-18 00:32:38.288,106671.39,0.00048,51.2022672
2025-10-18 00:32:38.433,106671.39,0.01304,1390.9949256
2025-10-18 00:32:38.576,106671.39,7e-05,7.466997299999999
2025-10-18 00:32:38.656,106671.38,0.00014,14.9339932
2025-10-18 00:32:38.878,106681.0,0.00015,16.00215
2025-10-18 00:32:39.115,106681.01,0.37349,39844.2904249
2025-10-18 00:32:39.118,106681.01,0.04338,4627.8222138
2025-10-18 00:32:39.597,106681.0,0.00282,300.84042
2025-10-18 00:32:40.926,106681.01,0.00048,51.2068848
2025-10-18 00:32:40.993,106681.01,0.00033,35.2047333
2025-10-18 00:32:41.163,106681.01,0.00094,100.2801494
2025-10-18 00:32:43.569,106677.4,0.00015,16.00161
2025-10-18 00:32:43.570,106671.4,5e-05,5.33357
2025-10-18 00:32:43.574,106670.07,0.00015,16.0005105
2025-10-18 00:32:43.583,106664.66,0.00015,15.999699
2025-10-18 00:32:43.584,106660.72,0.0003,31.998215999999996
2025-10-18 00:32:43.602,106660.58,6e-05,6.3996348
2025-10-18 00:32:43.617,106660.73,9e-05,9.5994657
2025-10-18 00:32:43.727,106660.72,0.00064,68.26286080000001
2025-10-18 00:32:44.593,106660.72,0.00053,56.5301816
2025-10-18 00:32:45.063,106660.73,0.00029,30.931611699999998
2025-10-18 00:32:45.470,106660.73,0.00074,78.9289402
2025-10-18 00:32:45.516,106660.72,0.0042,447.97502399999996
2025-10-18 00:32:45.904,106660.91,0.0001,10.666091000000002
2025-10-18 00:32:45.905,106660.91,0.0001,10.666091000000002
2025-10-18 00:32:45.906,106661.28,0.00015,15.999191999999999
2025-10-18 00:32:45.907,106661.31,0.0002,21.332262
2025-10-18 00:32:45.914,106663.45,0.0006,63.99806999999999
2025-10-18 00:32:45.915,106668.99,5e-05,5.3334495
2025-10-18 00:32:45.943,106670.35,0.028,2986.7698
2025-10-18 00:32:45.950,106670.35,0.00101,107.73705350000002
2025-10-18 00:32:46.115,106676.0,0.01908,2035.37808
2025-10-18 00:32:46.584,106676.67,7e-05,7.467366899999999
2025-10-18 00:32:46.719,106676.68,7e-05,7.467367599999998
2025-10-18 00:32:46.994,106676.68,0.00014,14.934735199999997
2025-10-18 00:32:47.027,106676.67,5e-05,5.3338335
2025-10-18 00:32:47.470,106676.67,0.00567,604.8567188999999
2025-10-18 00:32:47.496,106676.67,0.00063,67.2063021
2025-10-18 00:32:47.715,106670.38,0.00015,16.000557
2025-10-18 00:32:47.817,106670.37,0.00178,189.87325859999999
2025-10-18 00:32:48.023,106670.38,0.09374,9999.281421200001
2025-10-18 00:32:48.323,106670.38,0.04521,4822.5678798
2025-10-18 00:32:49.590,106670.37,0.00511,545.0855907
2025-10-18 00:32:49.763,106670.38,0.01983,2115.2736354000003
2025-10-18 00:32:49.882,106670.37,7e-05,7.466925899999999
2025-10-18 00:32:49.992,106670.46,0.0002,21.334092000000002
2025-10-18 00:32:49.994,106674.22,0.0001,10.667422
2025-10-18 00:32:50.024,106676.65,0.00033,35.2032945
2025-10-18 00:32:50.091,106676.66,0.01215,1296.121419
2025-10-18 00:32:50.667,106676.66,0.00048,51.204796800000004
2025-10-18 00:32:51.073,106676.65,0.0058,618.72457
2025-10-18 00:32:51.316,106676.65,6e-05,6.400599
2025-10-18 00:32:52.450,106676.65,0.00094,100.276051
2025-10-18 00:32:52.869,106676.66,0.00012,12.801199200000001
2025-10-18 00:32:53.000,106676.65,0.013,1386.7964499999998
2025-10-18 00:32:53.125,106676.65,0.02689,2868.5351185
2025-10-18 00:32:53.127,106671.39,0.00058,61.8694062
2025-10-18 00:32:53.133,106671.17,0.00542,578.1577414000001
2025-10-18 00:32:53.138,106671.17,0.013,1386.7252099999998
2025-10-18 00:32:53.215,106671.17,0.00994,1060.3114297999998
2025-10-18 00:32:53.407,106671.17,0.00163,173.8740071
2025-10-18 00:32:53.759,106671.16,0.02621,2795.8511036
2025-10-18 00:32:53.982,106671.16,0.01658,1768.6078328
2025-10-18 00:32:54.625,106671.16,0.01627,1735.5397732000001
2025-10-18 00:32:54.719,106671.17,0.00033,35.2014861
2025-10-18 00:32:55.102,106671.16,0.00037,39.4683292
2025-10-18 00:32:55.562,106671.17,0.00012,12.800540400000001
2025-10-18 00:32:57.418,106671.16,0.00124,132.2722384
2025-10-18 00:32:57.479,106671.17,0.24367,25992.5639939
2025-10-18 00:32:57.480,106671.17,0.06129,6537.876009299999
2025-10-18 00:32:57.891,106671.17,0.00075,80.0033775
2025-10-18 00:32:58.698,106671.16,0.00014,14.933962399999999
2025-10-18 00:32:59.220,106671.16,0.01751,1867.8120116000002
2025-10-18 00:32:59.237,106671.17,0.0064,682.6954880000001
2025-10-18 00:32:59.243,106671.17,0.0001,10.667117000000001
2025-10-18 00:32:59.322,106671.17,0.0007,74.669819
2025-10-18 00:32:59.803,106671.17,0.00464,494.9542288
2025-10-18 00:33:00.165,106671.16,0.00042,44.8018872
2025-10-18 00:33:00.308,106671.17,0.00136,145.0727912
2025-10-18 00:33:01.071,106671.17,0.01874,1999.0177257999999
2025-10-18 00:33:01.183,106671.17,0.00012,12.800540400000001
2025-10-18 00:33:01.563,106671.16,0.06581,7020.029039599999
2025-10-18 00:33:01.569,106670.37,0.013,1386.71481
2025-10-18 00:33:01.590,106670.38,0.0005,53.335190000000004
2025-10-18 00:33:01.671,106670.37,0.12522,13357.263731399999
2025-10-18 00:33:01.672,106669.58,5e-05,5.3334790000000005
2025-10-18 00:33:01.676,106666.17,0.00015,15.999925499999998
2025-10-18 00:33:01.691,106666.16,0.013,1386.6600799999999
2025-10-18 00:33:01.763,106666.16,0.00584,622.9303744
2025-10-18 00:33:01.765,106665.98,0.00087,92.7994026
2025-10-18 00:33:01.810,106663.96,0.0002,21.332792
2025-10-18 00:33:01.816,106661.29,0.0002,21.332258
2025-10-18 00:33:02.078,106660.93,0.00231,246.3867483
2025-10-18 00:33:02.370,106660.92,0.0007,74.662644
2025-10-18 00:33:02.371,106660.92,0.00165,175.990518
2025-10-18 00:33:02.376,106658.04,0.11978,12775.5000312
2025-10-18 00:33:02.377,106658.04,0.04416,4710.0190464
2025-10-18 00:33:02.384,106655.64,0.00291,310.36791239999997
2025-10-18 00:33:02.516,106650.45,0.00015,15.997567499999999
2025-10-18 00:33:02.581,106650.44,0.01875,1999.6957499999999
2025-10-18 00:33:02.660,106650.44,0.0024,255.96105599999999
2025-10-18 00:33:02.849,106650.45,0.01555,1658.4144975
2025-10-18 00:33:03.685,106650.45,0.0071,757.218195
2025-10-18 00:33:03.782,106650.45,6e-05,6.399027
2025-10-18 00:33:04.659,106650.45,0.00089,94.91890049999999
2025-10-18 00:33:04.662,106650.44,0.01489,1588.0250516
2025-10-18 00:33:05.914,106650.45,0.00139,148.2441255
2025-10-18 00:33:05.947,106650.45,0.00316,337.015422
2025-10-18 00:33:06.211,106650.45,0.01,1066.5045
2025-10-18 00:33:06.376,106650.45,0.00043,45.8596935
2025-10-18 00:33:06.563,106650.45,5e-05,5.3325225000000005
2025-10-18 00:33:06.586,106650.44,8e-05,8.532035200000001
2025-10-18 00:33:07.781,106650.44,0.001,106.65044
2025-10-18 00:33:07.793,106650.45,0.00047,50.125711499999994
2025-10-18 00:33:08.022,106650.44,7e-05,7.4655308
2025-10-18 00:33:08.193,106650.45,0.00013,13.864558499999998
2025-10-18 00:33:08.398,106650.45,9e-05,9.5985405
2025-10-18 00:33:09.192,106650.45,0.00073,77.8548285
2025-10-18 00:33:09.892,106650.44,0.00034,36.2611496
2025-10-18 00:33:10.713,106650.44,0.03238,3453.3412472
2025-10-18 00:33:11.090,106650.45,0.01713,1826.9222085
2025-10-18 00:33:12.069,106650.45,0.04688,4999.773096
2025-10-18 00:33:13.101,106650.45,0.00598,637.769691
2025-10-18 00:33:13.663,106650.44,0.00449,478.86047560000003
2025-10-18 00:33:13.880,106650.45,0.00164,174.906738
2025-10-18 00:33:13.978,106650.44,2.11,225032.4284
2025-10-18 00:33:14.127,106650.45,0.00047,50.125711499999994
2025-10-18 00:33:14.555,106650.44,0.05899,6291.309455600001
2025-10-18 00:33:14.702,106650.44,0.013,1386.45572
2025-10-18 00:33:14.703,106650.44,0.013,1386.45572
2025-10-18 00:33:14.705,106650.44,0.00285,303.953754
2025-10-18 00:33:14.706,106650.02,0.00015,15.997503
2025-10-18 00:33:14.707,106650.01,0.00045,47.992504499999995
2025-10-18 00:33:14.708,106648.67,0.00015,15.997300499999998
2025-10-18 00:33:14.711,106648.66,0.0003,31.994598
2025-10-18 00:33:14.712,106648.0,0.00295,314.6116
2025-10-18 00:33:14.822,106647.21,0.00154,164.2367034
2025-10-18 00:33:14.970,106647.21,0.00021,22.395914100000002
2025-10-18 00:33:15.026,106643.19,0.03241,3456.3057879000003
2025-10-18 00:33:15.597,106643.19,0.00061,65.05234589999999
2025-10-18 00:33:15.644,106643.19,0.00057,60.7866183
2025-10-18 00:33:15.773,106643.19,0.003,319.92957
2025-10-18 00:33:15.774,106643.19,0.003,319.92957
2025-10-18 00:33:16.244,106643.2,0.00093,99.17817600000001
2025-10-18 00:33:16.618,106643.19,0.00548,584.4046812
2025-10-18 00:33:17.808,106643.2,0.00245,261.27583999999996
2025-10-18 00:33:17.885,106643.19,0.00081,86.3809839
2025-10-18 00:33:17.975,106643.19,0.00059,62.9194821
2025-10-18 00:33:18.016,106643.19,0.013,1386.36147
2025-10-18 00:33:18.026,106643.19,0.00021,22.395069900000003
2025-10-18 00:33:18.495,106643.19,0.013,1386.36147
2025-10-18 00:33:18.496,106643.19,0.013,1386.36147
2025-10-18 00:33:18.497,106643.19,0.013,1386.36147
2025-10-18 00:33:18.592,106643.11,0.0001,10.664311000000001
2025-10-18 00:33:18.597,106641.84,0.00063,67.1843592
2025-10-18 00:33:18.600,106641.84,0.013,1386.3439199999998
2025-10-18 00:33:18.601,106641.84,0.013,1386.3439199999998
2025-10-18 00:33:18.609,106641.84,0.00093,99.1769112
2025-10-18 00:33:18.987,106640.0,0.00019,20.2616
2025-10-18 00:33:19.257,106640.01,6e-05,6.3984005999999995
2025-10-18 00:33:20.067,106640.0,0.00022,23.460800000000003
2025-10-18 00:33:21.282,106640.01,0.00014,14.929601399999997
2025-10-18 00:33:21.742,106640.01,0.0006,63.984005999999994
2025-10-18 00:33:22.008,106640.01,0.00084,89.5776084
2025-10-18 00:33:22.154,106640.01,0.0006,63.984005999999994
2025-10-18 00:33:22.331,106640.01,0.00029,30.925602899999998
2025-10-18 00:33:22.587,106640.01,0.00098,104.5072098
2025-10-18 00:33:22.628,106640.01,0.00937,999.2168936999999
2025-10-18 00:33:22.823,106640.01,0.00018,19.1952018
2025-10-18 00:33:23.003,106640.0,0.013,1386.32
2025-10-18 00:33:23.006,106640.0,0.013,1386.32
2025-10-18 00:33:23.515,106640.0,0.00012,12.796800000000001
2025-10-18 00:33:23.522,106640.0,0.013,1386.32
2025-10-18 00:33:25.330,106640.0,0.00012,12.796800000000001
2025-10-18 00:33:25.462,106640.01,0.00081,86.37840809999999
2025-10-18 00:33:25.958,106640.0,0.00017,18.128800000000002
2025-10-18 00:33:26.375,106640.0,0.013,1386.32
2025-10-18 00:33:26.378,106640.0,0.00829,884.0456
2025-10-18 00:33:26.380,106639.56,0.0002,21.327912
2025-10-18 00:33:26.385,106636.55,0.00419,446.80714450000005
2025-10-18 00:33:26.386,106636.55,0.00361,384.9579455
2025-10-18 00:33:26.678,106636.55,0.00648,691.0048439999999
2025-10-18 00:33:26.685,106636.55,0.00015,15.9954825
2025-10-18 00:33:26.686,106636.48,0.0001,10.663648
2025-10-18 00:33:27.129,106636.01,0.00524,558.7726924
2025-10-18 00:33:27.235,106636.01,0.00305,325.2398305
2025-10-18 00:33:27.954,106636.0,0.0002,21.3272
2025-10-18 00:33:27.969,106636.01,0.00103,109.8350903
2025-10-18 00:33:28.331,106636.0,0.00591,630.2187600000001
2025-10-18 00:33:28.333,106635.92,0.00055,58.649756000000004
2025-10-18 00:33:28.338,106635.64,0.00153,163.15252919999998
2025-10-18 00:33:28.340,106635.64,0.01185,1263.632334
2025-10-18 00:33:28.385,106635.65,0.06439,6866.2695035
2025-10-18 00:33:28.510,106635.64,0.04148,4423.2463472
2025-10-18 00:33:28.511,106634.7,0.0001,10.66347
2025-10-18 00:33:28.513,106634.44,0.00105,111.966162
2025-10-18 00:33:28.523,106632.0,0.00045,47.9844
2025-10-18 00:33:28.792,106632.01,0.00215,229.25882149999998
2025-10-18 00:33:29.066,106632.0,0.013,1386.216
2025-10-18 00:33:29.067,106632.0,0.013,1386.216
2025-10-18 00:33:29.069,106632.0,0.013,1386.216
2025-10-18 00:33:29.372,106632.01,0.04083,4353.7849682999995
2025-10-18 00:33:29.555,106632.0,0.00833,888.2445600000001
2025-10-18 00:33:29.630,106632.0,0.0026,277.2432
2025-10-18 00:33:29.784,106632.01,0.02168,2311.7819768
2025-10-18 00:33:29.925,106632.01,0.01,1066.3201
2025-10-18 00:33:30.270,106632.0,0.23807,25385.88024
2025-10-18 00:33:30.271,106632.0,0.26401,28151.914320000003
2025-10-18 00:33:30.272,106632.0,0.05358,5713.34256
2025-10-18 00:33:30.330,106632.0,0.00168,179.14176
2025-10-18 00:33:30.332,106631.99,0.00155,165.2795845
2025-10-18 00:33:30.478,106631.98,0.00235,250.585153
2025-10-18 00:33:30.479,106630.64,0.0001,10.663064
2025-10-18 00:33:30.480,106630.0,0.0028,298.564
2025-10-18 00:33:30.482,106629.99,0.00015,15.994498499999999
2025-10-18 00:33:30.485,106629.25,0.00044,46.91687
2025-10-18 00:33:30.486,106626.09,0.00975,1039.6043775
2025-10-18 00:33:30.490,106622.83,5e-05,5.3311415
2025-10-18 00:33:30.680,106622.01,0.00066,70.37052659999999
2025-10-18 00:33:30.906,106609.09,0.0025,266.522725
2025-10-18 00:33:30.911,106604.17,6e-05,6.3962502
2025-10-18 00:33:30.915,106604.17,0.00938,999.9471146
2025-10-18 00:33:30.923,106604.17,0.013,1385.85421
2025-10-18 00:33:30.925,106604.17,0.013,1385.85421
2025-10-18 00:33:31.081,106604.18,0.0002,21.320836
2025-10-18 00:33:31.144,106604.18,0.00051,54.3681318
2025-10-18 00:33:31.281,106604.17,0.00767,817.6539839
2025-10-18 00:33:31.567,106604.18,0.00051,54.3681318
2025-10-18 00:33:31.891,106604.18,0.00434,462.6621412
2025-10-18 00:33:32.731,106604.18,0.0005,53.30209
2025-10-18 00:33:32.967,106604.18,0.00049,52.23604819999999
2025-10-18 00:33:34.563,106604.18,0.00046,49.0379228
2025-10-18 00:33:34.910,106604.17,0.00011,11.7264587
2025-10-18 00:33:35.057,106604.17,0.00011,11.7264587
2025-10-18 00:33:35.775,106604.17,0.00018,19.188750600000002
2025-10-18 00:33:36.062,106604.18,0.00428,456.2658904
2025-10-18 00:33:36.376,106604.18,0.00095,101.27397099999999
2025-10-18 00:33:36.717,106604.18,0.00066,70.35875879999999
2025-10-18 00:33:37.188,106604.18,0.00098,104.47209639999998
2025-10-18 00:33:37.671,106604.3,0.00125,133.25537500000002
2025-10-18 00:33:37.673,106605.7,5e-05,5.330285
2025-10-18 00:33:37.674,106611.18,5e-05,5.330559
2025-10-18 00:33:37.684,106611.41,0.00095,101.2808395
2025-10-18 00:33:37.694,106614.6,0.00015,15.992189999999999
2025-10-18 00:33:37.711,106614.85,0.00284,302.786174
2025-10-18 00:33:37.713,106614.85,0.00121,129.00396849999998
2025-10-18 00:33:37.716,106624.46,0.00015,15.993668999999999
2025-10-18 00:33:37.720,106624.47,0.0026,277.223622
2025-10-18 00:33:37.768,106624.47,0.00305,325.2046335
2025-10-18 00:33:37.902,106624.46,0.00047,50.1134962
2025-10-18 00:33:37.976,106624.47,0.00279,297.4822713
2025-10-18 00:33:38.907,106624.46,0.00016,17.0599136
2025-10-18 00:33:39.270,106624.47,0.00473,504.3337431
2025-10-18 00:33:39.601,106624.47,0.00186,198.32151420000002
2025-10-18 00:33:39.806,106624.47,0.00054,57.5772138
2025-10-18 00:33:39.830,106624.47,0.00085,90.6307995
2025-10-18 00:33:41.578,106624.47,0.0142,1514.0674740000002
2025-10-18 00:33:42.024,106624.47,0.00633,674.9328951
2025-10-18 00:33:42.111,106624.46,0.01711,1824.3445106000001
2025-10-18 00:33:43.465,106624.46,0.00459,489.40627140000004
2025-10-18 00:33:43.979,106624.46,0.09343,9961.9232978
2025-10-18 00:33:43.980,106624.29,0.0001,10.662429
2025-10-18 00:33:43.982,106622.83,5e-05,5.3311415
2025-10-18 00:33:43.984,106618.71,0.0006,63.971226
2025-10-18 00:33:43.985,106618.37,0.0006,63.97102199999999
2025-10-18 00:33:43.988,106614.63,0.013,1385.99019
2025-10-18 00:33:43.992,106614.63,0.013,1385.99019
2025-10-18 00:33:44.016,106613.0,6e-05,6.396780000000001
2025-10-18 00:33:44.235,106612.56,0.00047,50.107903199999996
2025-10-18 00:33:45.492,106612.57,0.19043,20302.2317051
2025-10-18 00:33:45.718,106612.57,0.00035,37.3143995
2025-10-18 00:33:46.099,106612.56,0.00271,288.9200376
2025-10-18 00:33:46.177,106612.56,0.92985,99133.688916
2025-10-18 00:33:46.179,106612.56,0.02059,2195.1526104
2025-10-18 00:33:46.255,106612.56,0.0002,21.322512
2025-10-18 00:33:46.615,106611.12,0.00015,15.991667999999997
2025-10-18 00:33:47.384,106611.11,0.013,1385.94443
2025-10-18 00:33:47.385,106611.11,0.013,1385.94443
2025-10-18 00:33:47.559,106611.12,0.00033,35.1816696
2025-10-18 00:33:47.953,106611.11,0.00019,20.2561109
2025-10-18 00:33:48.003,106611.11,0.013,1385.94443
2025-10-18 00:33:48.004,106611.11,0.3489,37196.616279
2025-10-18 00:33:48.006,106611.1,0.00115,122.602765
2025-10-18 00:33:48.016,106607.02,0.00015,15.991052999999999
2025-10-18 00:33:48.021,106607.01,0.013,1385.89113
2025-10-18 00:33:48.022,106607.01,0.013,1385.89113
2025-10-18 00:33:48.215,106604.17,0.0026,277.170842
2025-10-18 00:33:48.269,106602.42,0.00037,39.4428954
2025-10-18 00:33:48.576,106602.42,7e-05,7.4621694
2025-10-18 00:33:49.474,106602.42,0.04216,4494.3580272
2025-10-18 00:33:49.794,106602.42,0.00098,104.4703716
2025-10-18 00:33:49.877,106602.41,0.19349,20626.5003109
2025-10-18 00:33:49.879,106601.47,0.01896,2021.1638712000001
2025-10-18 00:33:49.883,106598.2,0.0004,42.63928
2025-10-18 00:33:49.884,106598.2,0.00251,267.561482
2025-10-18 00:33:49.928,106598.0,5e-05,5.3299
2025-10-18 00:33:49.929,106596.0,0.00035,37.3086
2025-10-18 00:33:49.949,106593.68,0.00015,15.989051999999997
2025-10-18 00:33:49.950,106592.73,0.013,1385.7054899999998
2025-10-18 00:33:49.974,106589.96,0.00023,24.5156908
2025-10-18 00:33:50.149,106589.97,0.00423,450.87557310000005
2025-10-18 00:33:50.615,106585.41,0.0001,10.658541000000001
2025-10-18 00:33:51.115,106584.09,0.08368,8918.9566512
2025-10-18 00:33:51.144,106584.07,0.00026,27.711858199999998
2025-10-18 00:33:51.241,106584.07,0.00201,214.23398070000002
2025-10-18 00:33:51.293,106584.05,0.00089,94.8598045
2025-10-18 00:33:51.578,106584.05,0.0001,10.658405
2025-10-18 00:33:52.021,106584.05,0.00159,169.46863950000002
2025-10-18 00:33:52.083,106584.06,0.0028,298.435368
2025-10-18 00:33:52.099,106584.06,0.00059,62.8845954
2025-10-18 00:33:52.648,106584.06,0.00305,325.081383
2025-10-18 00:33:52.958,106584.06,0.00023,24.5143338
2025-10-18 00:33:53.244,106584.06,0.00029,30.9093774
2025-10-18 00:33:54.305,106584.05,0.0008,85.26724
2025-10-18 00:33:54.307,106584.05,0.39624,42232.863972
2025-10-18 00:33:55.031,106584.05,0.00181,192.9171305
2025-10-18 00:33:55.075,106584.06,0.00325,346.398195
2025-10-18 00:33:55.244,106584.05,0.00081,86.3330805
2025-10-18 00:33:55.510,106584.06,0.00347,369.8466882
2025-10-18 00:33:55.814,106584.05,0.0052,554.23706
2025-10-18 00:33:55.816,106584.05,0.03469,3697.4006945
2025-10-18 00:33:56.050,106584.05,0.0013,138.559265
2025-10-18 00:33:56.651,106584.05,0.00011,11.7242455
2025-10-18 00:33:56.816,106584.06,0.00141,150.2835246
2025-10-18 00:33:56.911,106584.06,0.00046,49.0286676
2025-10-18 00:33:57.462,106584.06,0.00021,22.3826526
2025-10-18 00:33:57.569,106584.06,0.00402,428.4679212
2025-10-18 00:33:58.011,106584.05,0.00051,54.3578655
2025-10-18 00:33:58.069,106584.05,0.00094,100.189007
2025-10-18 00:33:58.772,106584.05,0.00086,91.662283
2025-10-18 00:33:58.992,106584.06,0.00039,41.567783399999996
2025-10-18 00:33:59.113,106584.05,0.00078,83.135559
2025-10-18 00:33:59.217,106584.06,0.0082,873.9892920000001
2025-10-18 00:33:59.856,106584.05,0.00795,847.3431975000001
2025-10-18 00:34:00.080,106584.06,0.00395,421.007037
2025-10-18 00:34:00.206,106584.06,0.00066,70.3454796
2025-10-18 00:34:00.311,106584.06,0.0007,74.608842
2025-10-18 00:34:00.730,106584.06,0.001,106.58406
2025-10-18 00:34:01.198,106584.06,0.00361,384.7684566
2025-10-18 00:34:01.213,106584.06,0.00015,15.987608999999999
2025-10-18 00:34:01.690,106584.06,0.00187,199.3121922
2025-10-18 00:34:01.993,106584.06,0.00324,345.3323544
2025-10-18 00:34:02.501,106584.06,0.00527,561.6979962
2025-10-18 00:34:02.843,106584.06,0.0014,149.217684
2025-10-18 00:34:04.077,106584.06,0.00243,258.9992658
2025-10-18 00:34:04.217,106584.06,0.00094,100.1890164
2025-10-18 00:34:04.475,106584.05,0.00082,87.398921
2025-10-18 00:34:05.118,106584.05,0.00018,19.185129000000003
2025-10-18 00:34:05.770,106584.05,0.00118,125.76917900000001
2025-10-18 00:34:06.275,106584.06,0.00193,205.7072358
2025-10-18 00:34:06.340,106584.06,0.00087,92.7281322
2025-10-18 00:34:06.358,106584.05,0.0151,1609.419155
2025-10-18 00:34:06.381,106584.06,0.00051,54.357870600000005
2025-10-18 00:34:07.582,106584.06,0.0004,42.633624000000005
2025-10-18 00:34:07.976,106584.05,0.00108,115.110774
2025-10-18 00:34:08.189,106584.06,6e-05,6.3950436
2025-10-18 00:34:08.758,106584.05,0.013,1385.59265
2025-10-18 00:34:08.759,106584.05,0.013,1385.59265
2025-10-18 00:34:08.760,106584.05,0.013,1385.59265
2025-10-18 00:34:09.914,106584.06,0.00074,78.8722044
2025-10-18 00:34:09.936,106584.06,0.00064,68.2137984
2025-10-18 00:34:10.020,106584.06,0.00056,59.68707359999999
2025-10-18 00:34:10.044,106584.05,0.00077,82.0697185
2025-10-18 00:34:10.209,106584.06,0.00023,24.5143338
2025-10-18 00:34:10.758,106584.05,0.013,1385.59265
2025-10-18 00:34:10.760,106584.05,0.013,1385.59265
2025-10-18 00:34:10.774,106584.05,0.013,1385.59265
2025-10-18 00:34:10.917,106584.05,0.00018,19.185129000000003
2025-10-18 00:34:11.447,106584.05,0.00057,60.7529085
2025-10-18 00:34:12.215,106584.05,0.00082,87.398921
2025-10-18 00:34:13.624,106584.06,0.00182,193.9829892
2025-10-18 00:34:15.733,106584.05,0.00039,41.5677795
2025-10-18 00:34:15.737,106584.06,0.0005,53.29203
2025-10-18 00:34:16.304,106584.06,0.00055,58.621233000000004
2025-10-18 00:34:16.420,106584.06,0.00015,15.987608999999999
2025-10-18 00:34:16.532,106584.06,0.00029,30.9093774
2025-10-18 00:34:16.542,106584.06,7e-05,7.460884199999999
2025-10-18 00:34:16.562,106584.06,0.0001,10.658406000000001
2025-10-18 00:34:16.615,106584.06,0.00016,17.0534496
2025-10-18 00:34:16.782,106584.06,0.00047,50.0945082
2025-10-18 00:34:16.847,106584.06,0.00047,50.0945082
2025-10-18 00:34:16.918,106584.06,0.00038,40.5019428
2025-10-18 00:34:16.954,106584.06,0.00524,558.5004744
2025-10-18 00:34:17.024,106584.06,0.00029,30.9093774
2025-10-18 00:34:17.039,106584.06,0.0001,10.658406000000001
2025-10-18 00:34:17.143,106584.06,0.00094,100.1890164
2025-10-18 00:34:17.238,106584.06,0.00031,33.0410586
2025-10-18 00:34:17.268,106584.06,0.00094,100.1890164
2025-10-18 00:34:17.883,106584.06,0.00017,18.119290200000002
2025-10-18 00:34:17.891,106584.06,6e-05,6.3950436
2025-10-18 00:34:17.939,106584.06,0.00057,60.7529142
2025-10-18 00:34:17.970,106584.06,0.00019,20.2509714
2025-10-18 00:34:18.047,106584.06,0.0001,10.658406000000001
2025-10-18 00:34:18.133,106584.05,0.00052,55.423705999999996
2025-10-18 00:34:18.134,106584.06,0.00019,20.2509714
2025-10-18 00:34:18.162,106584.06,0.00019,20.2509714
2025-10-18 00:34:18.212,106584.06,0.00235,250.472541
2025-10-18 00:34:18.385,106584.06,0.00027,28.7776962
2025-10-18 00:34:18.610,106584.06,0.00047,50.0945082
2025-10-18 00:34:18.632,106584.06,0.0002,21.316812000000002
2025-10-18 00:34:18.762,106584.06,7e-05,7.460884199999999
2025-10-18 00:34:18.913,106584.06,0.00019,20.2509714
2025-10-18 00:34:18.982,106584.06,8e-05,8.5267248
2025-10-18 00:34:18.984,106584.06,7e-05,7.460884199999999
2025-10-18 00:34:19.023,106584.06,7e-05,7.460884199999999
2025-10-18 00:34:19.318,106584.06,0.00038,40.5019428
2025-10-18 00:34:19.509,106584.06,0.32988,35159.9497128
2025-10-18 00:34:19.510,106584.06,0.0084,895.3061039999999
2025-10-18 00:34:19.512,106584.06,0.01376,1466.5966655999998
2025-10-18 00:34:19.513,106584.06,0.0002,21.316812000000002
2025-10-18 00:34:19.514,106584.06,0.02339,2493.0011634
2025-10-18 00:34:19.527,106584.06,0.03047,3247.6163082
2025-10-18 00:34:19.556,106584.2,0.0009,95.92577999999999
2025-10-18 00:34:19.560,106586.32,5e-05,5.329316
2025-10-18 00:34:19.565,106586.33,0.00175,186.5260775
2025-10-18 00:34:19.615,106588.57,5e-05,5.329428500000001
2025-10-18 00:34:19.725,106589.05,0.13378,14259.483109
2025-10-18 00:34:19.726,106589.05,0.07369,7854.547094500001
2025-10-18 00:34:19.727,106589.05,0.07547,8044.275603499999
2025-10-18 00:34:19.729,106589.05,0.06301,6716.1760404999995
2025-10-18 00:34:19.730,106589.05,0.11877,12659.5814685
2025-10-18 00:34:19.731,106589.05,0.06764,7209.683342000001
2025-10-18 00:34:19.733,106589.05,0.04708,5018.212474
2025-10-18 00:34:19.777,106589.05,0.00024,25.581372
2025-10-18 00:34:19.778,106589.05,9e-05,9.5930145
2025-10-18 00:34:19.779,106589.05,8e-05,8.527124
2025-10-18 00:34:19.780,106589.05,0.0002,21.31781
2025-10-18 00:34:19.781,106589.05,0.00021,22.3837005
2025-10-18 00:34:19.782,106589.05,0.00014,14.922467
2025-10-18 00:34:19.783,106589.05,0.00012,12.790686
2025-10-18 00:34:19.784,106589.05,0.00012,12.790686
2025-10-18 00:34:19.920,106589.05,0.00532,567.053746
2025-10-18 00:34:20.159,106589.05,0.0011,117.247955
2025-10-18 00:34:20.773,106589.05,0.001,106.58905
2025-10-18 00:34:21.573,106589.04,0.00033,35.1743832
2025-10-18 00:34:21.682,106589.04,0.00495,527.615748
2025-10-18 00:34:21.731,106589.05,0.00316,336.821398
2025-10-18 00:34:22.248,106589.05,0.0009,95.930145
2025-10-18 00:34:23.112,106589.05,0.00047,50.0968535
2025-10-18 00:34:23.806,106589.05,0.00011,11.7247955
2025-10-18 00:34:24.677,106589.04,0.00082,87.4030128
2025-10-18 00:34:24.680,106589.04,0.0012,127.90684799999998
2025-10-18 00:34:24.837,106589.05,0.00218,232.36412900000002
2025-10-18 00:34:24.927,106589.04,0.00045,47.965067999999995
2025-10-18 00:34:26.166,106589.04,0.01129,1203.3902615999998
2025-10-18 00:34:26.171,106589.05,0.0001,10.658905
2025-10-18 00:34:26.237,106589.05,0.00018,19.186029
2025-10-18 00:34:26.417,106589.05,0.00188,200.387414
2025-10-18 00:34:26.513,106589.05,0.00057,60.7557585
2025-10-18 00:34:26.517,106589.05,0.0001,10.658905
2025-10-18 00:34:26.578,106589.04,8e-05,8.5271232
2025-10-18 00:34:27.027,106589.04,0.00013,13.856575199999998
2025-10-18 00:34:27.203,106589.05,0.00093,99.12781650000001
2025-10-18 00:34:28.085,106589.05,0.0375,3997.089375
2025-10-18 00:34:28.086,106589.05,0.06079,6479.5483495
2025-10-18 00:34:28.104,106589.05,1.79635,191471.2399675
2025-10-18 00:34:28.108,106589.05,0.92094,98162.119707
2025-10-18 00:34:28.110,106589.98,0.0001,10.658998
2025-10-18 00:34:28.111,106591.08,0.00025,26.64777
2025-10-18 00:34:28.112,106594.36,0.0002,21.318872000000002
2025-10-18 00:34:28.116,106594.38,0.00015,15.989156999999999
2025-10-18 00:34:28.117,106597.04,0.00015,15.989555999999997
2025-10-18 00:34:28.126,106599.08,8e-05,8.5279264
2025-10-18 00:34:28.141,106603.71,0.00015,15.9905565
2025-10-18 00:34:28.143,106607.37,0.00946,1008.5057201999999
2025-10-18 00:34:28.167,106607.37,0.02815,3000.9974655
2025-10-18 00:34:28.213,106609.43,6e-05,6.396565799999999
2025-10-18 00:34:28.228,106613.09,0.00335,357.1538515
2025-10-18 00:34:28.231,106613.27,0.00038,40.513042600000006
2025-10-18 00:34:28.232,106613.27,0.00038,40.513042600000006
2025-10-18 00:34:28.326,106613.27,0.00281,299.5832887
2025-10-18 00:34:28.421,106618.64,5e-05,5.330932000000001
2025-10-18 00:34:29.041,106618.72,0.00444,473.38711680000006
2025-10-18 00:34:29.765,106618.71,0.0016,170.58993600000002
2025-10-18 00:34:30.591,106618.71,0.01128,1202.6590488000002
2025-10-18 00:34:30.988,106618.72,0.00093,99.15540960000001
2025-10-18 00:34:31.586,106618.72,0.00028,29.853241599999997
2025-10-18 00:34:32.119,106618.71,0.0285,3038.6332350000002
2025-10-18 00:34:32.684,106618.72,0.01501,1600.3469872
2025-10-18 00:34:32.844,106618.72,0.01501,1600.3469872
2025-10-18 00:34:33.001,106618.72,0.01501,1600.3469872
2025-10-18 00:34:33.160,106618.72,0.01501,1600.3469872
2025-10-18 00:34:33.194,106618.71,0.00047,50.1107937
2025-10-18 00:34:33.319,106618.72,0.01501,1600.3469872
2025-10-18 00:34:33.483,106618.72,0.00884,942.5094848000001
2025-10-18 00:34:33.540,106618.72,0.00617,657.8375024000001
2025-10-18 00:34:33.702,106618.72,0.01501,1600.3469872
2025-10-18 00:34:34.669,106618.72,0.00217,231.36262240000002
2025-10-18 00:34:35.324,106618.71,0.00016,17.0589936
2025-10-18 00:34:35.343,106618.71,0.00018,19.191367800000002
2025-10-18 00:34:36.218,106618.71,0.00293,312.3928203
2025-10-18 00:34:36.236,106618.72,0.00012,12.7942464
2025-10-18 00:34:38.270,106618.72,5e-05,5.330936
2025-10-18 00:34:38.783,106618.71,0.002,213.23742000000001
2025-10-18 00:34:38.837,106618.71,0.00388,413.68059480000005
2025-10-18 00:34:39.683,106618.71,9e-05,9.595683900000001
2025-10-18 00:34:40.462,106618.72,0.0001,10.661872
2025-10-18 00:34:40.536,106618.71,0.00096,102.3539616
2025-10-18 00:34:41.502,106618.72,0.00093,99.15540960000001
2025-10-18 00:34:42.279,106618.71,5e-05,5.330935500000001
2025-10-18 00:34:42.492,106618.71,0.00083,88.4935293
2025-10-18 00:34:42.703,106618.72,0.01534,1635.5311648
2025-10-18 00:34:43.063,106618.71,0.01974,2104.6533354000003
2025-10-18 00:34:43.651,106620.0,0.00216,230.2992
2025-10-18 00:34:44.010,106619.99,0.00505,538.4309495
2025-10-18 00:34:45.070,106619.99,0.00026,27.721197399999998
2025-10-18 00:34:46.815,106623.37,0.0001,10.662337
2025-10-18 00:34:47.792,106625.14,0.00018,19.192525200000002
2025-10-18 00:34:48.762,106625.13,0.00068,72.5050884
2025-10-18 00:34:49.071,106625.13,0.01861,1984.2936693000001
2025-10-18 00:34:49.207,106625.14,0.00012,12.7950168
2025-10-18 00:34:49.275,106625.14,0.1,10662.514000000001
2025-10-18 00:34:49.647,106625.14,0.00094,100.2276316
2025-10-18 00:34:49.986,106625.14,0.01874,1998.1551236
2025-10-18 00:34:50.264,106625.14,0.00012,12.7950168
2025-10-18 00:34:50.402,106625.14,0.01026,1093.9739364
2025-10-18 00:34:50.870,106625.14,0.00013,13.8612682
2025-10-18 00:34:51.173,106625.14,0.00012,12.7950168
2025-10-18 00:34:51.462,106625.13,0.0013,138.612669
2025-10-18 00:34:52.095,106625.14,0.00012,12.7950168
2025-10-18 00:34:52.404,106625.14,0.00011,11.7287654
2025-10-18 00:34:52.624,106625.14,0.00047,50.1138158
2025-10-18 00:34:52.644,106625.14,0.0004,42.650056
2025-10-18 00:34:53.007,106625.14,0.00012,12.7950168
2025-10-18 00:34:53.272,106625.14,0.00039,41.5838046
2025-10-18 00:34:53.954,106625.14,0.00012,12.7950168
2025-10-18 00:34:53.980,106625.14,4e-05,4.2650056
2025-10-18 00:34:53.989,106625.14,0.00519,553.3844766
2025-10-18 00:34:54.004,106625.14,0.01596,1701.7372343999998
2025-10-18 00:34:54.024,106625.14,0.00149,158.8714586
2025-10-18 00:34:54.838,106625.14,0.00012,12.7950168
2025-10-18 00:34:54.975,106625.14,0.00061,65.0413354
2025-10-18 00:34:55.015,106625.13,0.0186,1983.227418
2025-10-18 00:34:55.456,106625.14,0.00036,38.385050400000004
2025-10-18 00:34:55.504,106625.14,0.0002,21.325028
2025-10-18 00:34:55.728,106625.14,0.00012,12.7950168
2025-10-18 00:34:56.517,106625.14,0.00012,12.7950168
2025-10-18 00:34:56.570,106625.13,0.00011,11.728764300000002
2025-10-18 00:34:56.588,106625.13,7e-05,7.4637591
2025-10-18 00:34:56.746,106625.14,0.2778,29620.463892
2025-10-18 00:34:56.772,106625.14,0.00098,104.49263719999999
2025-10-18 00:34:57.481,106625.14,0.00094,100.2276316
2025-10-18 00:34:57.539,106625.14,0.00012,12.7950168
2025-10-18 00:34:58.444,106625.14,0.00012,12.7950168
2025-10-18 00:34:59.062,106625.13,0.00013,13.861266899999999
2025-10-18 00:34:59.249,106625.14,0.00012,12.7950168
2025-10-18 00:35:00.313,106625.14,0.00012,12.7950168
2025-10-18 00:35:00.777,106625.13,0.0004,42.650052
2025-10-18 00:35:01.075,106625.13,0.01589,1694.2733157000002
2025-10-18 00:35:01.193,106625.14,0.38634,41193.556587600004
2025-10-18 00:35:01.295,106625.14,0.00023,24.5237822
2025-10-18 00:35:01.717,106625.14,0.00296,315.61041439999997
2025-10-18 00:35:01.777,106625.14,0.01852,1974.6975927999997
2025-10-18 00:35:01.787,106625.14,0.06545,6978.6154129999995
2025-10-18 00:35:01.805,106625.14,0.04926,5252.3543964
2025-10-18 00:35:01.815,106629.38,0.00755,805.051819
2025-10-18 00:35:02.230,106634.61,0.0001,10.663461
2025-10-18 00:35:02.573,106634.61,9e-05,9.597114900000001
2025-10-18 00:35:02.825,106634.6,0.0003,31.99038
2025-10-18 00:35:02.861,106634.6,0.00054,57.582684
2025-10-18 00:35:03.119,106634.61,0.00187,199.4067207
2025-10-18 00:35:03.575,106634.61,0.02933,3127.5931112999997
2025-10-18 00:35:03.615,106635.75,0.00163,173.8162725
2025-10-18 00:35:03.755,106640.0,0.00284,302.8576
2025-10-18 00:35:03.915,106650.0,0.00215,229.2975
2025-10-18 00:35:03.918,106655.25,6e-05,6.3993150000000005
2025-10-18 00:35:04.194,106655.25,0.01501,1600.8953025
2025-10-18 00:35:04.353,106655.25,0.00163,173.84805749999998
2025-10-18 00:35:04.410,106655.25,0.01338,1427.047245
2025-10-18 00:35:05.324,106655.25,0.00016,17.06484
2025-10-18 00:35:06.023,106655.25,0.00014,14.931734999999998
2025-10-18 00:35:06.418,106655.24,0.00956,1019.6240944000001
2025-10-18 00:35:06.752,106655.25,0.00019,20.2644975
2025-10-18 00:35:07.028,106655.25,0.0054,575.93835
2025-10-18 00:35:07.160,106655.24,0.01898,2024.3164552
2025-10-18 00:35:07.335,106655.24,0.00019,20.264495600000004
2025-10-18 00:35:07.516,106655.25,0.005,533.27625
2025-10-18 00:35:07.683,106655.25,0.0008,85.3242
2025-10-18 00:35:08.075,106655.25,0.00011,11.7320775
2025-10-18 00:35:08.214,106655.25,0.00631,672.9946275
2025-10-18 00:35:08.981,106655.25,0.00122,130.119405
2025-10-18 00:35:09.290,106655.25,5e-05,5.3327625
2025-10-18 00:35:10.665,106655.25,0.01934,2062.712535
2025-10-18 00:35:10.666,106656.0,0.0028,298.6368
2025-10-18 00:35:10.668,106659.51,0.00132,140.7905532
2025-10-18 00:35:10.672,106659.51,0.00044,46.9301844
2025-10-18 00:35:10.675,106659.51,0.00299,318.9119349
2025-10-18 00:35:10.680,106660.0,0.00171,182.3886
2025-10-18 00:35:10.687,106660.0,0.00767,818.0822
2025-10-18 00:35:10.700,106660.0,0.0088,938.6080000000001
2025-10-18 00:35:10.706,106660.0,0.00011,11.7326
2025-10-18 00:35:10.716,106667.4,0.00025,26.66685
2025-10-18 00:35:10.731,106667.75,0.01875,2000.0203124999998
2025-10-18 00:35:10.846,106667.75,0.01,1066.6775
2025-10-18 00:35:11.095,106667.75,0.00869,926.9427475
2025-10-18 00:35:11.371,106672.64,0.00015,16.000895999999997
2025-10-18 00:35:12.230,106678.19,0.00015,16.0017285
2025-10-18 00:35:12.256,106679.59,9e-05,9.6011631
2025-10-18 00:35:12.257,106679.59,9e-05,9.6011631
2025-10-18 00:35:12.258,106679.59,0.00022,23.4695098
2025-10-18 00:35:12.260,106679.59,0.00046,49.0726114
2025-10-18 00:35:12.261,106679.59,0.00032,34.1374688
2025-10-18 00:35:12.262,106679.59,0.00042,44.805427800000004
2025-10-18 00:35:12.264,106679.59,0.00032,34.1374688
2025-10-18 00:35:12.265,106679.59,0.00037,39.4714483
2025-10-18 00:35:12.266,106679.59,0.0359,3829.797281
2025-10-18 00:35:12.657,106679.59,0.0006,64.00775399999999
2025-10-18 00:35:13.053,106679.58,0.00387,412.84997460000005
2025-10-18 00:35:13.762,106679.58,6e-05,6.400774800000001
2025-10-18 00:35:14.675,106679.59,0.01501,1601.2606459
2025-10-18 00:35:14.838,106679.59,0.015,1600.1938499999999
2025-10-18 00:35:14.962,106679.59,0.00094,100.27881459999999
2025-10-18 00:35:15.492,106679.59,0.00094,100.27881459999999
2025-10-18 00:35:16.225,106679.58,0.51704,55157.61004320001
2025-10-18 00:35:16.226,106679.39,0.0002,21.335878
2025-10-18 00:35:16.230,106677.45,0.02903,3096.8463735
2025-10-18 00:35:16.232,106677.45,0.0009,96.009705
2025-10-18 00:35:16.240,106674.68,0.24385,26012.620718
2025-10-18 00:35:16.252,106671.5,6e-05,6.40029
2025-10-18 00:35:16.382,106671.43,0.00026,27.734571799999994
2025-10-18 00:35:18.524,106671.42,0.01878,2003.2892676000001
2025-10-18 00:35:18.558,106671.43,0.00023,24.534428899999998
2025-10-18 00:35:18.886,106671.43,0.0006,64.00285799999999
2025-10-18 00:35:18.891,106671.42,0.00122,130.1391324
2025-10-18 00:35:19.091,106671.43,0.06181,6593.361088299999
2025-10-18 00:35:19.392,106671.43,0.00058,61.869429399999994
2025-10-18 00:35:19.490,106671.43,0.0006,64.00285799999999
2025-10-18 00:35:19.526,106671.42,0.0084,896.0399279999999
2025-10-18 00:35:19.530,106668.51,0.0001,10.666851
2025-10-18 00:35:19.531,106667.65,0.00015,16.000147499999997
2025-10-18 00:35:19.541,106667.64,0.013,1386.67932
2025-10-18 00:35:19.545,106665.02,0.00238,253.86274760000003
2025-10-18 00:35:19.546,106662.28,0.00015,15.999341999999999
2025-10-18 00:35:19.575,106660.05,0.003,319.98015000000004
2025-10-18 00:35:19.840,106660.04,0.013,1386.5805199999998
2025-10-18 00:35:19.841,106660.04,0.013,1386.5805199999998
2025-10-18 00:35:19.843,106660.04,0.013,1386.5805199999998
2025-10-18 00:35:19.852,106660.04,9e-05,9.5994036
2025-10-18 00:35:20.390,106660.05,0.00186,198.387693
2025-10-18 00:35:20.520,106660.05,0.00094,100.260447
2025-10-18 00:35:20.553,106660.05,0.00103,109.85985150000002
2025-10-18 00:35:21.193,106660.04,0.00019,20.2654076
2025-10-18 00:35:21.289,106660.05,0.00014,14.932407
2025-10-18 00:35:21.573,106660.05,0.00056,59.729628
2025-10-18 00:35:21.991,106660.05,0.00661,705.0229305
2025-10-18 00:35:22.103,106660.05,0.0006,63.99603
2025-10-18 00:35:22.343,106660.05,0.00046,49.063623
2025-10-18 00:35:23.072,106660.05,0.0005,53.330025
2025-10-18 00:35:23.866,106660.05,0.00274,292.248537
2025-10-18 00:35:23.936,106660.04,0.0005,53.33002
2025-10-18 00:35:24.152,106660.05,0.00047,50.1302235
2025-10-18 00:35:24.352,106660.05,0.00012,12.799206
2025-10-18 00:35:24.982,106660.05,0.00302,322.113351
2025-10-18 00:35:26.084,106660.05,9e-05,9.5994045
2025-10-18 00:35:26.437,106660.05,0.00014,14.932407
2025-10-18 00:35:26.577,106660.04,0.0001,10.666004
2025-10-18 00:35:26.688,106660.05,0.00154,164.256477
2025-10-18 00:35:28.740,106660.05,0.05253,5602.852426500001
2025-10-18 00:35:28.780,106660.05,0.00187,199.4542935
2025-10-18 00:35:28.944,106660.04,0.00583,621.8280331999999
2025-10-18 00:35:29.632,106660.05,0.0004,42.66402
2025-10-18 00:35:29.862,106660.04,0.00206,219.7196824
2025-10-18 00:35:30.019,106660.05,0.00019,20.2654095
2025-10-18 00:35:30.098,106660.05,0.00057,60.7962285
2025-10-18 00:35:30.138,106660.05,0.0006,63.99603
2025-10-18 00:35:30.800,106660.05,0.00386,411.70779300000004
2025-10-18 00:35:31.810,106660.05,0.00012,12.799206
2025-10-18 00:35:31.813,106660.04,0.02102,2241.9940407999998
2025-10-18 00:35:32.932,106660.05,0.00015,15.9990075
2025-10-18 00:35:33.399,106660.05,6e-05,6.399603
2025-10-18 00:35:34.450,106660.05,0.00011,11.7326055
2025-10-18 00:35:35.249,106660.04,0.013,1386.5805199999998
2025-10-18 00:35:35.250,106660.04,0.013,1386.5805199999998
2025-10-18 00:35:35.426,106660.04,0.19527,20827.5060108
2025-10-18 00:35:35.428,106657.97,0.0001,10.665797000000001
2025-10-18 00:35:35.615,106657.79,0.00203,216.5153137
2025-10-18 00:35:36.297,106657.78,0.00174,185.5845372
2025-10-18 00:35:36.318,106657.79,0.00035,37.330226499999995
2025-10-18 00:35:36.593,106657.78,0.00292,311.44071759999997
2025-10-18 00:35:36.599,106657.09,0.00893,952.4478137
2025-10-18 00:35:36.972,106657.09,0.00013,13.865421699999999
2025-10-18 00:35:37.424,106657.09,9e-05,9.599138100000001
2025-10-18 00:35:38.013,106657.09,0.013,1386.54217
2025-10-18 00:35:38.014,106657.09,0.013,1386.54217
2025-10-18 00:35:38.468,106657.1,0.00024,25.597704000000004
2025-10-18 00:35:39.674,106657.09,0.00937,999.3769332999999
2025-10-18 00:35:39.807,106657.1,0.00465,495.955515
2025-10-18 00:35:40.127,106657.1,0.00025,26.664275000000004
2025-10-18 00:35:40.291,106657.09,0.0014,149.31992599999998
2025-10-18 00:35:41.525,106657.1,8e-05,8.532568000000001
2025-10-18 00:35:41.832,106657.1,0.00695,741.266845
2025-10-18 00:35:41.984,106657.23,0.00181,193.0495863
2025-10-18 00:35:41.998,106657.78,0.00015,15.998667
2025-10-18 00:35:42.015,106661.95,0.00015,15.999292499999997
2025-10-18 00:35:42.107,106661.96,0.00041,43.7314036
2025-10-18 00:35:42.531,106661.96,0.00078,83.1963288
2025-10-18 00:35:42.614,106663.04,0.00015,15.999455999999997
2025-10-18 00:35:42.615,106666.36,5e-05,5.333318
2025-10-18 00:35:42.619,106666.6,0.00015,15.999989999999999
2025-10-18 00:35:42.631,106668.51,5e-05,5.3334255
2025-10-18 00:35:42.662,106669.64,0.00233,248.5402612
2025-10-18 00:35:42.715,106674.94,5e-05,5.333747000000001
2025-10-18 00:35:42.722,106677.45,0.0001,10.667745
2025-10-18 00:35:42.723,106677.45,0.0001,10.667745
2025-10-18 00:35:42.917,106677.45,0.00124,132.280038
2025-10-18 00:35:43.016,106677.45,0.02,2133.549
2025-10-18 00:35:43.017,106677.45,0.00062,66.140019
2025-10-18 00:35:43.229,106677.46,0.00095,101.343587
2025-10-18 00:35:43.242,106677.47,0.0014,149.348458
2025-10-18 00:35:43.442,106679.59,0.00055,58.6737745
2025-10-18 00:35:43.535,106679.59,0.00012,12.8015508
2025-10-18 00:35:43.962,106679.58,0.00873,931.3127334
2025-10-18 00:35:44.017,106679.59,0.03938,4201.0422542
2025-10-18 00:35:44.061,106679.59,0.015,1600.1938499999999
2025-10-18 00:35:44.115,106682.87,0.00015,16.0024305
2025-10-18 00:35:44.346,106682.88,0.015,1600.2432000000001
2025-10-18 00:35:44.381,106682.88,0.015,1600.2432000000001
2025-10-18 00:35:44.439,106682.88,0.00012,12.801945600000002
2025-10-18 00:35:44.539,106682.88,0.015,1600.2432000000001
2025-10-18 00:35:44.925,106682.87,0.0001,10.668287
2025-10-18 00:35:45.352,106682.88,0.00012,12.801945600000002
2025-10-18 00:35:46.247,106682.88,0.00012,12.801945600000002
2025-10-18 00:35:46.902,106682.88,6e-05,6.400972800000001
2025-10-18 00:35:47.030,106682.87,0.00064,68.2770368
2025-10-18 00:35:47.047,106682.88,0.00012,12.801945600000002
2025-10-18 00:35:47.955,106682.88,0.00012,12.801945600000002
2025-10-18 00:35:48.855,106682.88,0.00095,101.348736
2025-10-18 00:35:48.860,106682.88,0.00012,12.801945600000002
2025-10-18 00:35:49.058,106682.87,0.00093,99.21506910000001
2025-10-18 00:35:49.765,106682.88,0.00012,12.801945600000002
2025-10-18 00:35:49.903,106682.88,0.00054,57.608755200000004
2025-10-18 00:35:50.613,106682.88,0.00012,12.801945600000002
2025-10-18 00:35:51.217,106682.87,0.00307,327.5164109
2025-10-18 00:35:51.575,106682.88,0.00012,12.801945600000002
2025-10-18 00:35:52.602,106682.88,0.00012,12.801945600000002
2025-10-18 00:35:53.595,106682.88,0.00012,12.801945600000002
2025-10-18 00:35:54.044,106682.87,0.03024,3226.0899888
2025-10-18 00:35:54.260,106682.87,0.00047,50.1409489
2025-10-18 00:35:54.440,106682.87,0.00065,69.34386549999999
2025-10-18 00:35:54.926,106682.88,0.015,1600.2432000000001
2025-10-18 00:35:55.673,106682.88,0.00296,315.7813248
2025-10-18 00:35:56.449,106682.88,0.04021,4289.7186048
2025-10-18 00:35:56.562,106682.88,0.00469,500.3427072
2025-10-18 00:35:57.022,106682.87,0.00091,97.08141169999999
2025-10-18 00:35:57.053,106682.88,0.00046,49.07412480000001
2025-10-18 00:35:57.158,106682.88,0.00243,259.23939839999997
2025-10-18 00:35:57.438,106682.88,0.00029,30.9380352
2025-10-18 00:35:57.463,106682.88,0.00395,421.39737600000007
2025-10-18 00:35:57.469,106682.87,0.00316,337.1178692
2025-10-18 00:35:57.695,106682.88,0.00104,110.9501952
2025-10-18 00:35:57.819,106682.87,8e-05,8.5346296
2025-10-18 00:35:57.823,106682.88,0.00014,14.9356032
2025-10-18 00:35:58.522,106682.88,9e-05,9.6014592
2025-10-18 00:35:59.685,106682.88,0.0025,266.7072
2025-10-18 00:36:00.273,106682.88,0.00121,129.0862848
2025-10-18 00:36:00.328,106682.88,0.00011,11.7351168
2025-10-18 00:36:00.367,106682.88,9e-05,9.6014592
2025-10-18 00:36:00.823,106682.87,0.00028,29.871203599999998
2025-10-18 00:36:01.219,106682.88,0.00012,12.801945600000002
2025-10-18 00:36:01.379,106682.88,0.0001,10.668288
2025-10-18 00:36:01.596,106682.87,8e-05,8.5346296
2025-10-18 00:36:02.232,106682.88,0.0015,160.02432000000002
2025-10-18 00:36:02.725,106682.88,0.0001,10.668288
2025-10-18 00:36:02.756,106682.88,0.00047,50.1409536
2025-10-18 00:36:03.491,106682.88,0.00037,39.4726656
2025-10-18 00:36:04.079,106682.88,0.32807,34999.4524416
2025-10-18 00:36:05.933,106682.88,0.0009,96.01459200000001
2025-10-18 00:36:06.635,106682.88,0.0005,53.341440000000006
2025-10-18 00:36:06.903,106682.88,0.00058,61.8760704
2025-10-18 00:36:06.934,106682.88,0.0005,53.341440000000006
2025-10-18 00:36:06.979,106682.88,0.0005,53.341440000000006
2025-10-18 00:36:07.376,106682.87,0.00042,44.8068054
2025-10-18 00:36:07.389,106682.87,0.00239,254.9720593
2025-10-18 00:36:08.483,106682.88,0.00025,26.670720000000003
2025-10-18 00:36:10.048,106682.88,0.00989,1055.0936832
2025-10-18 00:36:10.086,106682.88,0.03178,3390.3819264000003
2025-10-18 00:36:10.092,106682.88,0.03415,3643.2203520000003
2025-10-18 00:36:10.457,106682.88,0.00118,125.88579840000001
2025-10-18 00:36:11.833,106682.88,0.00014,14.9356032
2025-10-18 00:36:12.179,106682.87,0.00018,19.202916600000002
2025-10-18 00:36:12.383,106682.88,0.00028,29.8712064
2025-10-18 00:36:12.695,106682.87,0.0017,181.36087899999998
2025-10-18 00:36:12.737,106682.88,9e-05,9.6014592
2025-10-18 00:36:13.629,106682.88,0.00237,252.83842560000002
2025-10-18 00:36:14.686,106682.88,0.00011,11.7351168
2025-10-18 00:36:14.920,106682.88,0.00015,16.002432
2025-10-18 00:36:15.832,106682.87,0.0002,21.336574
2025-10-18 00:36:15.833,106682.88,0.00108,115.21751040000001
2025-10-18 00:36:17.245,106682.88,0.00097,103.48239360000001
2025-10-18 00:36:17.324,106682.87,0.00066,70.4106942
2025-10-18 00:36:17.618,106682.88,0.00118,125.88579840000001
2025-10-18 00:36:17.626,106682.88,0.00031,33.0716928
2025-10-18 00:36:17.632,106682.88,0.00015,16.002432
2025-10-18 00:36:17.825,106682.88,0.00012,12.801945600000002
2025-10-18 00:36:17.886,106682.88,0.0001,10.668288
2025-10-18 00:36:17.908,106682.88,0.00137,146.1555456
2025-10-18 00:36:17.987,106682.88,0.00094,100.2819072
2025-10-18 00:36:17.992,106682.88,0.00028,29.8712064
2025-10-18 00:36:18.084,106682.88,0.00015,16.002432
2025-10-18 00:36:18.137,106682.88,0.0001,10.668288
2025-10-18 00:36:18.262,106682.88,0.00022,23.4702336
2025-10-18 00:36:18.263,106682.88,0.00019,20.2697472
2025-10-18 00:36:18.313,106682.88,7e-05,7.4678016
2025-10-18 00:36:18.739,106682.88,0.08476,9042.440908800001
2025-10-18 00:36:18.742,106683.23,0.0003,32.004968999999996
2025-10-18 00:36:18.743,106684.26,0.0002,21.336852
2025-10-18 00:36:18.747,106685.73,0.00025,26.671432499999998
2025-10-18 00:36:18.758,106687.9,0.00015,16.003185
2025-10-18 00:36:18.759,106688.0,0.00085,90.6848
2025-10-18 00:36:18.769,106688.0,0.00095,101.3536
2025-10-18 00:36:18.783,106688.01,0.0025,266.72002499999996
2025-10-18 00:36:18.817,106688.4,0.00019,20.270796
2025-10-18 00:36:18.874,106688.41,0.00085,90.6851485
2025-10-18 00:36:18.876,106688.52,0.00015,16.003277999999998
2025-10-18 00:36:18.878,106691.35,5e-05,5.3345675
2025-10-18 00:36:19.014,106692.74,0.00062,66.1494988
2025-10-18 00:36:19.218,106692.74,0.00019,20.271620600000002
2025-10-18 00:36:19.324,106692.74,0.0001,10.669274000000001
2025-10-18 00:36:19.415,106694.24,5e-05,5.334712000000001
2025-10-18 00:36:19.432,106696.26,0.01883,2009.0905758
2025-10-18 00:36:19.447,106696.26,0.00028,29.874952799999996
2025-10-18 00:36:19.504,106696.25,0.00318,339.294075
2025-10-18 00:36:19.592,106696.26,0.0001,10.669626
2025-10-18 00:36:19.615,106698.0,0.0028,298.7544
2025-10-18 00:36:19.715,106699.77,0.0001,10.669977000000001
2025-10-18 00:36:19.747,106699.77,0.00017,18.1389609
2025-10-18 00:36:19.762,106699.77,0.00094,100.2977838
2025-10-18 00:36:19.770,106699.77,0.0011,117.36974700000002
2025-10-18 00:36:19.775,106699.76,0.02062,2200.1490512
2025-10-18 00:36:19.776,106699.77,8e-05,8.535981600000001
2025-10-18 00:36:19.833,106699.77,0.00017,18.1389609
2025-10-18 00:36:19.904,106699.77,0.00039,41.6129103
2025-10-18 00:36:20.064,106699.88,0.00015,16.004982
2025-10-18 00:36:20.074,106699.99,0.01209,1290.0028791
2025-10-18 00:36:20.615,106699.99,0.00058,61.885994200000006
2025-10-18 00:36:20.926,106699.99,0.00061,65.0869939
2025-10-18 00:36:21.040,106699.99,0.00047,50.1489953
2025-10-18 00:36:21.090,106699.99,0.03465,3697.1546535
2025-10-18 00:36:21.235,106699.99,0.00014,14.9379986
2025-10-18 00:36:21.592,106699.99,0.0001,10.669999
2025-10-18 00:36:21.707,106699.99,0.00114,121.6379886
2025-10-18 00:36:22.283,106699.99,0.00055,58.68499450000001
2025-10-18 00:36:22.424,106699.99,0.0001,10.669999
2025-10-18 00:36:22.433,106699.99,8e-05,8.535999200000001
2025-10-18 00:36:22.584,106699.99,8e-05,8.535999200000001
2025-10-18 00:36:22.820,106699.98,0.00047,50.1489906
2025-10-18 00:36:22.878,106703.13,0.0015,160.054695
2025-10-18 00:36:22.879,106704.86,0.01294,1380.7608884
2025-10-18 00:36:22.883,106705.75,5e-05,5.335287500000001
2025-10-18 00:36:22.917,106709.93,0.00015,16.006489499999997
2025-10-18 00:36:23.215,106711.9,0.00015,16.006784999999997
2025-10-18 00:36:24.011,106714.99,0.00028,29.880197199999998
2025-10-18 00:36:24.114,106714.99,0.011,1173.86489
2025-10-18 00:36:24.388,106714.99,0.00121,129.1251379
2025-10-18 00:36:24.629,106714.99,0.00097,103.51354030000002
2025-10-18 00:36:24.693,106714.99,0.00118,125.92368820000002
2025-10-18 00:36:25.815,106714.99,0.08139,8685.533036100001
2025-10-18 00:36:26.013,106715.0,0.015,1600.725
2025-10-18 00:36:26.162,106714.99,0.00042,44.820295800000004
2025-10-18 00:36:26.168,106715.0,0.015,1600.725
2025-10-18 00:36:27.381,106714.99,0.00993,1059.6798507
2025-10-18 00:36:28.560,106714.99,0.00011,11.738648900000001
2025-10-18 00:36:29.593,106714.99,0.00436,465.27735640000003
2025-10-18 00:36:29.601,106714.98,0.00432,461.00871359999996
2025-10-18 00:36:29.715,106714.98,0.00544,580.5294912
2025-10-18 00:36:29.770,106714.94,0.00032,34.148780800000004
2025-10-18 00:36:30.334,106714.79,0.0001,10.671479
2025-10-18 00:36:30.343,106714.19,0.00845,901.7349055
2025-10-18 00:36:30.344,106709.57,0.00015,16.0064355
2025-10-18 00:36:30.345,106709.56,0.013,1387.22428
2025-10-18 00:36:30.816,106709.57,0.02167,2312.3963819
2025-10-18 00:36:31.882,106709.57,0.00025,26.677392500000003
2025-10-18 00:36:31.948,106709.57,0.0004,42.683828000000005
2025-10-18 00:36:32.125,106709.57,0.00051,54.42188070000001
2025-10-18 00:36:32.168,106709.56,0.00415,442.844674
2025-10-18 00:36:32.311,106709.57,0.00023,24.5432011
2025-10-18 00:36:32.507,106709.57,0.00024,25.610296800000004
2025-10-18 00:36:32.668,106709.57,0.00021,22.409009700000002
2025-10-18 00:36:32.835,106709.57,0.0006,64.025742
2025-10-18 00:36:32.865,106709.56,0.00047,50.1534932
2025-10-18 00:36:33.234,106709.57,0.0004,42.683828000000005
2025-10-18 00:36:33.468,106709.57,0.00479,511.1388403
2025-10-18 00:36:35.348,106709.57,8e-05,8.5367656
2025-10-18 00:36:36.779,106709.56,8e-05,8.5367648
2025-10-18 00:36:38.148,106709.57,0.00014,14.939339799999999
2025-10-18 00:36:38.160,106709.57,0.00047,50.153497900000005
2025-10-18 00:36:38.575,106709.57,0.00025,26.677392500000003
2025-10-18 00:36:38.874,106709.57,0.00212,226.2242884
2025-10-18 00:36:39.611,106709.57,0.00066,70.4283162
2025-10-18 00:36:39.832,106709.56,0.00266,283.8474296
2025-10-18 00:36:40.124,106709.56,0.0001,10.670956
2025-10-18 00:36:41.410,106709.56,0.00112,119.51470719999999
2025-10-18 00:36:41.577,106709.56,8e-05,8.5367648
2025-10-18 00:36:41.792,106709.57,9e-05,9.603861300000002
2025-10-18 00:36:42.028,106709.56,0.00011,11.7380516
2025-10-18 00:36:43.125,106709.57,6e-05,6.402574200000001
2025-10-18 00:36:44.232,106709.57,0.0018,192.077226
2025-10-18 00:36:44.457,106709.56,0.00138,147.2591928
2025-10-18 00:36:44.659,106709.56,0.02809,2997.4715404
2025-10-18 00:36:44.965,106709.57,0.20842,22240.408579400002
2025-10-18 00:36:45.212,106709.57,0.00041,43.7509237
2025-10-18 00:36:46.523,106709.57,0.00029,30.9457753
2025-10-18 00:36:47.541,106709.57,0.00046,49.0864022
2025-10-18 00:36:47.752,106709.57,0.01822,1944.2483654000002
2025-10-18 00:36:48.482,106709.56,0.0002,21.341912
2025-10-18 00:36:50.825,106709.57,0.00093,99.23990010000001
2025-10-18 00:36:51.310,106709.56,0.00018,19.2077208
2025-10-18 00:36:51.954,106709.57,0.00718,766.1747126
2025-10-18 00:36:52.792,106709.56,0.01081,1153.5303436
2025-10-18 00:36:53.240,106709.56,0.00105,112.04503799999999
2025-10-18 00:36:53.955,106709.56,0.0212,2262.242672
2025-10-18 00:36:54.398,106709.56,0.00017,18.140625200000002
2025-10-18 00:36:54.791,106709.56,0.00011,11.7380516
2025-10-18 00:36:55.448,106709.57,0.00026,27.7444882
2025-10-18 00:36:55.916,106709.57,0.00129,137.6553453
2025-10-18 00:36:56.369,106709.56,0.00937,999.8685772
2025-10-18 00:36:56.439,106709.57,0.00026,27.7444882
2025-10-18 00:36:56.682,106709.57,0.00049,52.287689300000004
2025-10-18 00:36:57.539,106709.56,0.00051,54.4218756
2025-10-18 00:36:58.146,106709.57,0.04682,4996.1420674
2025-10-18 00:36:58.662,106709.57,0.00197,210.2178529
2025-10-18 00:36:59.691,106709.56,0.004,426.83824
2025-10-18 00:36:59.849,106709.57,0.00937,999.8686709000001
2025-10-18 00:37:00.424,106709.57,0.04225,4508.479332500001
2025-10-18 00:37:01.111,106709.57,9e-05,9.603861300000002
2025-10-18 00:37:01.171,106709.57,0.00011,11.7380527
2025-10-18 00:37:01.892,106709.56,0.002,213.41912
2025-10-18 00:37:02.640,106709.57,0.00679,724.5579803
2025-10-18 00:37:02.722,106709.56,0.00082,87.50183919999999
2025-10-18 00:37:03.219,106709.57,0.00083,88.56894310000001
2025-10-18 00:37:03.605,106709.56,0.013,1387.22428
2025-10-18 00:37:03.606,106709.56,0.013,1387.22428
2025-10-18 00:37:03.607,106709.56,0.013,1387.22428
2025-10-18 00:37:04.491,106709.57,0.00028,29.878679599999998
2025-10-18 00:37:04.747,106709.57,0.00014,14.939339799999999
2025-10-18 00:37:04.817,106709.57,0.0007,74.69669900000001
2025-10-18 00:37:05.843,106709.57,0.00013,13.8722441
2025-10-18 00:37:05.915,106709.68,0.00015,16.006451999999996
2025-10-18 00:37:06.594,106709.68,8e-05,8.5367744
2025-10-18 00:37:06.672,106709.68,0.00019,20.2748392
2025-10-18 00:37:06.786,106709.69,0.17209,18363.6705521
2025-10-18 00:37:06.788,106709.91,0.0001,10.670991
2025-10-18 00:37:06.790,106715.0,0.29028,30977.230199999998
2025-10-18 00:37:06.795,106715.0,0.0009,96.0435
2025-10-18 00:37:06.800,106715.38,0.0002,21.343076000000003
2025-10-18 00:37:07.030,106715.97,0.00092,98.1786924
2025-10-18 00:37:08.115,106723.28,0.00015,16.008491999999997
2025-10-18 00:37:08.209,106726.64,0.00097,103.5248408
2025-10-18 00:37:08.269,106726.64,0.00047,50.1615208
2025-10-18 00:37:09.361,106726.64,0.00124,132.3410336
2025-10-18 00:37:09.728,106726.65,0.00104,110.99571599999999
2025-10-18 00:37:10.015,106726.65,0.22745,24274.9765425
2025-10-18 00:37:10.034,106726.64,0.00016,17.0762624
2025-10-18 00:37:10.948,106726.65,0.00047,50.161525499999996
2025-10-18 00:37:11.582,106726.65,6e-05,6.403599
2025-10-18 00:37:11.738,106726.65,0.0001,10.672665
2025-10-18 00:37:12.068,106726.65,0.00446,476.000859
2025-10-18 00:37:12.401,106726.65,0.00593,632.8890345
2025-10-18 00:37:14.094,106726.65,0.35603,37997.8891995
2025-10-18 00:37:14.655,106726.64,0.00132,140.8791648
2025-10-18 00:37:15.981,106726.64,0.00098,104.5921072
2025-10-18 00:37:16.121,106726.65,0.00093,99.2557845
2025-10-18 00:37:16.664,106726.65,5e-05,5.3363325
2025-10-18 00:37:16.763,106726.65,0.02591,2765.2875015
2025-10-18 00:37:17.594,106726.65,0.00093,99.2557845
2025-10-18 00:37:17.920,106726.64,0.00142,151.5518288
2025-10-18 00:37:18.069,106726.65,0.00094,100.32305099999999
2025-10-18 00:37:18.073,106726.65,0.00309,329.78534849999994
2025-10-18 00:37:18.227,106726.65,0.65588,69999.875202
2025-10-18 00:37:18.315,106729.99,0.00015,16.0094985
2025-10-18 00:37:18.450,106730.0,0.01855,1979.8415
2025-10-18 00:37:19.010,106729.99,0.00224,239.0751776
2025-10-18 00:37:19.047,106729.99,0.0002,21.345998
2025-10-18 00:37:19.292,106729.99,0.00213,227.33487870000002
2025-10-18 00:37:19.642,106730.0,0.01,1067.3
2025-10-18 00:37:19.733,106730.0,0.00279,297.7767
2025-10-18 00:37:20.545,106729.99,0.06191,6607.6536809
2025-10-18 00:37:20.770,106730.0,0.00022,23.480600000000003
2025-10-18 00:37:20.815,106726.65,0.00184,196.377036
2025-10-18 00:37:20.972,106726.64,0.01244,1327.6794016
2025-10-18 00:37:21.443,106726.64,0.03,3201.7992
2025-10-18 00:37:22.334,106726.49,0.0002,21.345298000000003
2025-10-18 00:37:22.366,106724.68,0.00195,208.11312599999997
2025-10-18 00:37:22.446,106722.38,0.00535,570.964733
2025-10-18 00:37:22.447,106722.36,0.0002,21.344472
2025-10-18 00:37:22.797,106722.37,0.00751,801.4849987
2025-10-18 00:37:23.366,106722.37,0.00071,75.7728827
2025-10-18 00:37:23.643,106722.38,0.00028,29.8822664
2025-10-18 00:37:23.732,106722.38,0.00128,136.6046464
2025-10-18 00:37:23.769,106722.37,0.00063,67.2350931
2025-10-18 00:37:24.421,106717.11,0.01229,1311.5532819
2025-10-18 00:37:24.706,106717.12,0.00016,17.0747392
2025-10-18 00:37:25.245,106717.12,9e-05,9.6045408
2025-10-18 00:37:26.422,106717.12,0.00187,199.56101439999998
2025-10-18 00:37:28.674,106717.12,0.01,1067.1712
2025-10-18 00:37:29.182,106717.12,0.00481,513.3093471999999
2025-10-18 00:37:29.702,106717.12,0.00488,520.7795456
2025-10-18 00:37:29.717,106717.12,0.02811,2999.8182432
2025-10-18 00:37:29.740,106717.12,0.00155,165.41153599999998
2025-10-18 00:37:30.252,106717.11,0.00479,511.1749569
2025-10-18 00:37:30.596,106717.12,0.00021,22.4105952
2025-10-18 00:37:30.826,106717.12,0.00065,69.36612799999999
2025-10-18 00:37:30.860,106717.12,0.00234,249.7180608
2025-10-18 00:37:31.913,106717.12,0.00187,199.56101439999998
2025-10-18 00:37:32.341,106717.12,0.0006,64.030272
2025-10-18 00:37:35.267,106717.11,0.00025,26.6792775
2025-10-18 00:37:36.775,106717.12,0.00059,62.9631008
2025-10-18 00:37:36.821,106717.12,0.00066,70.4332992
2025-10-18 00:37:38.647,106717.12,0.00047,50.1570464
2025-10-18 00:37:38.665,106717.11,0.007,747.01977
2025-10-18 00:37:38.988,106717.11,0.00029,30.9479619
2025-10-18 00:37:39.092,106717.12,0.00086,91.77672319999999
2025-10-18 00:37:39.357,106717.11,0.00075,80.03783250000001
2025-10-18 00:37:39.661,106717.12,0.00017,18.1419104
2025-10-18 00:37:40.437,106717.12,0.00215,229.44180799999998
2025-10-18 00:37:41.057,106717.11,0.00047,50.1570417
2025-10-18 00:37:41.543,106717.12,0.00188,200.6281856
2025-10-18 00:37:41.792,106717.12,0.00132,140.8665984
2025-10-18 00:37:41.883,106717.12,0.00047,50.1570464
2025-10-18 00:37:42.317,106717.12,0.00227,242.24786239999997
2025-10-18 00:37:42.625,106717.11,0.00094,100.3140834
2025-10-18 00:37:42.932,106717.11,0.00076,81.1050036
2025-10-18 00:37:43.011,106717.12,0.00091,97.1125792
2025-10-18 00:37:43.577,106717.12,5e-05,5.335856
2025-10-18 00:37:44.378,106717.11,0.0024,256.121064
2025-10-18 00:37:45.462,106717.12,0.00018,19.2090816
2025-10-18 00:37:45.838,106717.11,0.00043,45.888357299999996
2025-10-18 00:37:45.856,106717.11,0.00213,227.3074443
2025-10-18 00:37:46.579,106717.12,0.00261,278.5316832
2025-10-18 00:37:46.592,106717.11,0.0001,10.671711
2025-10-18 00:37:49.562,106717.11,6e-05,6.4030266000000005
2025-10-18 00:37:49.877,106717.11,0.0092,981.797412
2025-10-18 00:37:51.148,106717.11,0.00718,766.2288497999999
2025-10-18 00:37:51.289,106717.11,0.09236,9856.3922796
2025-10-18 00:37:51.674,106717.12,0.00286,305.2109632
2025-10-18 00:37:51.912,106717.12,0.00131,139.7994272
2025-10-18 00:37:52.751,106717.12,0.00012,12.806054399999999
2025-10-18 00:37:52.784,106717.11,0.00015,16.0075665
2025-10-18 00:37:54.249,106717.12,0.00211,225.1731232
2025-10-18 00:37:55.309,106717.12,0.03748,3999.7576575999997
2025-10-18 00:37:55.570,106717.12,6e-05,6.4030271999999995
2025-10-18 00:37:55.581,106717.12,0.00087,92.8438944
2025-10-18 00:37:55.997,106717.12,0.0015,160.07568
2025-10-18 00:37:56.825,106717.12,9e-05,9.6045408
2025-10-18 00:37:56.830,106717.12,0.01106,1180.2913472
2025-10-18 00:37:57.168,106717.11,0.00469,500.50324589999997
2025-10-18 00:37:57.170,106717.12,0.0001,10.671712
2025-10-18 00:37:58.348,106717.12,0.00037,39.4853344
2025-10-18 00:37:58.837,106717.12,6e-05,6.4030271999999995
2025-10-18 00:37:59.234,106717.12,0.00047,50.1570464
2025-10-18 00:37:59.241,106717.12,9e-05,9.6045408
2025-10-18 00:37:59.862,106717.11,0.00191,203.8296801
2025-10-18 00:38:00.580,106717.11,0.0005,53.358555
2025-10-18 00:38:00.699,106717.11,0.06192,6607.9234512
2025-10-18 00:38:01.378,106717.12,0.00051,54.4257312
2025-10-18 00:38:02.787,106717.12,0.28109,29997.1152608
2025-10-18 00:38:04.494,106717.12,0.00028,29.880793599999997
2025-10-18 00:38:04.519,106717.11,0.00018,19.2090798
2025-10-18 00:38:04.910,106717.11,0.00021,22.4105931
2025-10-18 00:38:04.914,106717.12,0.00026,27.746451199999996
2025-10-18 00:38:05.393,106717.12,0.00014,14.940396799999998
2025-10-18 00:38:06.038,106717.12,0.00078,83.2393536
2025-10-18 00:38:06.040,106717.12,0.00079,84.30652479999999
2025-10-18 00:38:06.334,106717.12,0.00012,12.806054399999999
2025-10-18 00:38:07.675,106717.12,0.00069,73.63481279999999
2025-10-18 00:38:08.224,106717.11,0.00096,102.44842560000001
2025-10-18 00:38:08.754,106717.11,0.00047,50.1570417
2025-10-18 00:38:09.063,106717.12,0.00093,99.24692160000001
2025-10-18 00:38:09.910,106717.11,0.00027,28.8136197
2025-10-18 00:38:10.700,106717.11,0.06192,6607.9234512
2025-10-18 00:38:11.410,106717.12,0.00047,50.1570464
2025-10-18 00:38:11.992,106717.11,0.00047,50.1570417
2025-10-18 00:38:12.575,106717.12,0.00468,499.4361216
2025-10-18 00:38:12.656,106717.12,0.01,1067.1712
2025-10-18 00:38:14.375,106717.12,0.00016,17.0747392
2025-10-18 00:38:15.632,106717.11,0.00025,26.6792775
2025-10-18 00:38:16.348,106717.12,0.00113,120.59034559999999
2025-10-18 00:38:16.532,106717.12,0.00024,25.612108799999998
2025-10-18 00:38:16.726,106717.12,7e-05,7.470198399999999
2025-10-18 00:38:17.456,106717.12,9e-05,9.6045408
2025-10-18 00:38:17.618,106717.12,9e-05,9.6045408
2025-10-18 00:38:17.724,106717.12,0.0001,10.671712
2025-10-18 00:38:18.070,106717.12,0.00023,24.5449376
2025-10-18 00:38:18.239,106717.12,0.00094,100.3140928
2025-10-18 00:38:18.713,106717.12,0.00087,92.8438944
2025-10-18 00:38:18.825,106717.11,0.00019,20.2762509
2025-10-18 00:38:20.143,106717.12,9e-05,9.6045408
2025-10-18 00:38:20.163,106717.11,0.00022,23.4777642
2025-10-18 00:38:20.446,106717.12,4e-05,4.2686848
2025-10-18 00:38:20.669,106717.11,0.001,106.71711
2025-10-18 00:38:20.740,106717.11,0.06192,6607.9234512
2025-10-18 00:38:20.895,106717.12,7e-05,7.470198399999999
2025-10-18 00:38:21.579,106717.12,0.00047,50.1570464
2025-10-18 00:38:22.180,106717.12,0.00101,107.7842912
2025-10-18 00:38:23.711,106717.12,0.00011,11.7388832
2025-10-18 00:38:23.831,106717.12,0.00019,20.2762528
2025-10-18 00:38:23.917,106717.12,0.00469,500.50329279999994
2025-10-18 00:38:23.969,106717.12,0.00557,594.4143584
2025-10-18 00:38:24.488,106717.12,8e-05,8.5373696
2025-10-18 00:38:25.517,106717.12,0.00159,169.6802208
2025-10-18 00:38:26.578,106717.11,8e-05,8.537368800000001
2025-10-18 00:38:26.682,106717.11,0.16944,18082.1471184
2025-10-18 00:38:26.689,106717.11,0.12921,13788.9177831
2025-10-18 00:38:26.690,106717.11,0.05636,6014.5763196
2025-10-18 00:38:26.691,106717.11,0.013,1387.32243
2025-10-18 00:38:26.692,106717.11,0.013,1387.32243
2025-10-18 00:38:26.693,106717.11,0.013,1387.32243
2025-10-18 00:38:26.697,106716.99,0.0002,21.343398
2025-10-18 00:38:26.699,106715.71,5e-05,5.335785500000001
2025-10-18 00:38:26.705,106714.94,0.00093,99.2448942
2025-10-18 00:38:26.706,106712.85,0.00254,271.05063900000005
2025-10-18 00:38:26.708,106712.86,0.00203,216.6271058
2025-10-18 00:38:26.713,106712.85,0.00161,171.8076885
2025-10-18 00:38:26.729,106712.82,0.0022,234.76820400000003
2025-10-18 00:38:27.668,106712.82,0.00179,191.0159478
2025-10-18 00:38:27.706,106712.82,0.00079,84.30312780000001
2025-10-18 00:38:28.083,106712.82,0.00035,37.349487
2025-10-18 00:38:28.133,106712.81,0.00031,33.0809711
2025-10-18 00:38:28.146,106712.81,0.013,1387.2665299999999
2025-10-18 00:38:28.276,106712.82,0.00093,99.24292260000001
2025-10-18 00:38:29.341,106712.81,0.00047,50.155020699999994
2025-10-18 00:38:29.391,106712.81,0.00011,11.7384091
2025-10-18 00:38:29.516,106712.82,0.00023,24.543948600000004
2025-10-18 00:38:29.743,106712.82,0.0029,309.467178
2025-10-18 00:38:30.261,106712.81,0.013,1387.2665299999999
2025-10-18 00:38:30.383,106712.81,0.013,1387.2665299999999
2025-10-18 00:38:30.401,106712.82,0.00054,57.62492280000001
2025-10-18 00:38:30.415,106707.68,0.02822,3011.2907296
2025-10-18 00:38:30.467,106706.63,0.00256,273.1689728
2025-10-18 00:38:30.897,106706.62,0.06192,6607.2739104
2025-10-18 00:38:30.902,106706.62,0.00517,551.6732254
2025-10-18 00:38:31.603,106706.63,0.00091,97.1030333
2025-10-18 00:38:32.021,106706.63,0.00047,50.1521161
2025-10-18 00:38:32.147,106706.62,0.013,1387.1860599999998
2025-10-18 00:38:32.207,106706.63,0.00046,49.0850498
2025-10-18 00:38:32.736,106706.63,0.0005,53.353315
2025-10-18 00:38:32.912,106706.63,0.00049,52.2862487
2025-10-18 00:38:32.986,106706.62,0.013,1387.1860599999998
2025-10-18 00:38:33.084,106706.62,0.013,1387.1860599999998
2025-10-18 00:38:33.085,106706.62,0.013,1387.1860599999998
2025-10-18 00:38:33.143,106706.62,0.13062,13938.018704400001
2025-10-18 00:38:33.144,106705.7,0.0001,10.67057
2025-10-18 00:38:33.145,106704.72,0.00015,16.005708
2025-10-18 00:38:33.276,106704.3,0.01499,1599.497457
2025-10-18 00:38:33.278,106704.3,0.01499,1599.497457
2025-10-18 00:38:33.279,106704.3,0.01499,1599.497457
2025-10-18 00:38:33.720,106704.3,0.03424,3653.555232
2025-10-18 00:38:33.969,106704.31,7e-05,7.469301699999999
2025-10-18 00:38:34.125,106704.31,0.00081,86.4304911
2025-10-18 00:38:35.743,106704.31,0.18743,19999.5888233
2025-10-18 00:38:36.043,106704.31,0.0005,53.352155
2025-10-18 00:38:36.282,106704.31,0.0148,1579.223788
2025-10-18 00:38:36.762,106704.31,0.0005,53.352155
2025-10-18 00:38:36.824,106704.31,0.0005,53.352155
2025-10-18 00:38:37.975,106704.31,0.03701,3949.1265131
2025-10-18 00:38:38.291,106704.31,6e-05,6.4022586
2025-10-18 00:38:38.859,106704.31,4e-05,4.2681724
2025-10-18 00:38:39.067,106704.31,0.00562,599.6782221999999
2025-10-18 00:38:39.189,106704.3,0.00048,51.218064000000005
2025-10-18 00:38:39.252,106704.3,0.02067,2205.577881
2025-10-18 00:38:39.270,106704.31,0.00087,92.8327497
2025-10-18 00:38:39.800,106704.31,0.00047,50.1510257
2025-10-18 00:38:40.117,106704.3,0.00083,88.564569
2025-10-18 00:38:40.268,106704.31,0.00187,199.5370597
2025-10-18 00:38:41.792,106704.31,0.00044,46.9498964
2025-10-18 00:38:41.881,106704.31,0.00024,25.6090344
2025-10-18 00:38:41.947,106704.31,0.00187,199.5370597
2025-10-18 00:38:42.777,106704.31,0.0009,96.033879
2025-10-18 00:38:42.984,106704.31,0.01741,1857.7220370999999
2025-10-18 00:38:43.031,106705.76,0.00015,16.005864
2025-10-18 00:38:43.037,106706.61,0.0005,53.353305
2025-10-18 00:38:43.043,106706.62,0.01074,1146.0290988
2025-10-18 00:38:43.051,106708.18,0.00065,69.360317
2025-10-18 00:38:43.055,106708.57,0.0039,416.163423
2025-10-18 00:38:43.058,106708.57,0.00015,16.0062855
2025-10-18 00:38:43.068,106710.25,0.0001,10.671025
2025-10-18 00:38:43.215,106713.75,6e-05,6.402825
2025-10-18 00:38:43.360,106717.11,0.00023,24.544935300000002
2025-10-18 00:38:43.569,106717.12,0.00821,876.1475551999999
2025-10-18 00:38:43.776,106717.12,0.00014,14.940396799999998
2025-10-18 00:38:44.898,106717.12,0.00047,50.1570464
2025-10-18 00:38:45.702,106717.11,0.00013,13.873224299999999
2025-10-18 00:38:48.775,106717.12,0.00094,100.3140928
2025-10-18 00:38:49.741,106717.12,0.01,1067.1712
2025-10-18 00:38:50.118,106717.12,0.00143,152.6054816
2025-10-18 00:38:50.339,106717.11,0.0001,10.671711
2025-10-18 00:38:51.292,106717.11,7e-05,7.470197699999999
2025-10-18 00:38:52.216,106717.12,0.00046,49.0898752
2025-10-18 00:38:53.576,106717.12,6e-05,6.4030271999999995
2025-10-18 00:38:53.640,106717.12,0.00891,950.8495391999999
2025-10-18 00:38:54.451,106717.12,0.0001,10.671712
2025-10-18 00:38:54.708,106717.11,0.013,1387.32243
2025-10-18 00:38:55.959,106717.11,0.013,1387.32243
2025-10-18 00:38:56.769,106717.12,0.0061,650.974432
2025-10-18 00:38:57.233,106717.12,0.00159,169.6802208
2025-10-18 00:38:57.292,106717.11,0.00018,19.2090798
2025-10-18 00:38:57.552,106717.11,0.013,1387.32243
2025-10-18 00:38:57.553,106717.11,0.013,1387.32243
2025-10-18 00:38:59.324,106717.12,0.00208,221.97160959999997
2025-10-18 00:39:00.615,106717.12,0.00225,240.11351999999997
2025-10-18 00:39:00.626,106717.11,0.06191,6606.8562801
2025-10-18 00:39:01.234,106717.12,8e-05,8.5373696
2025-10-18 00:39:01.238,106717.12,0.00018,19.2090816
2025-10-18 00:39:01.245,106717.12,0.00017,18.1419104
2025-10-18 00:39:02.128,106717.11,0.00047,50.1570417
2025-10-18 00:39:02.182,106717.12,0.00035,37.350992
2025-10-18 00:39:02.948,106717.12,0.00019,20.2762528
2025-10-18 00:39:03.157,106717.11,0.05225,5575.9689975
2025-10-18 00:39:03.623,106717.12,0.0005,53.35856
2025-10-18 00:39:03.762,106717.12,0.00015,16.007568
2025-10-18 00:39:04.238,106717.12,0.00368,392.7190016
2025-10-18 00:39:04.261,106717.12,0.00098,104.58277759999999
2025-10-18 00:39:04.410,106717.12,0.00141,150.47113919999998
2025-10-18 00:39:05.997,106717.12,0.00033,35.2166496
2025-10-18 00:39:06.230,106717.12,0.00144,153.6726528
2025-10-18 00:39:06.406,106717.12,0.006,640.30272
2025-10-18 00:39:06.411,106717.12,0.004,426.86848
2025-10-18 00:39:06.590,106717.11,0.00011,11.7388821
2025-10-18 00:39:07.040,106717.12,0.001,106.71712
2025-10-18 00:39:07.252,106717.12,0.001,106.71712
2025-10-18 00:39:07.601,106717.12,0.002,213.43424
2025-10-18 00:39:07.615,106722.51,0.0001,10.672251
2025-10-18 00:39:07.659,106722.52,0.002,213.44504
2025-10-18 00:39:08.274,106722.52,0.005,533.6126
2025-10-18 00:39:08.824,106722.51,0.00844,900.7379844
2025-10-18 00:39:09.058,106722.52,0.00093,99.2519436
2025-10-18 00:39:09.890,106722.51,0.00021,22.4117271
2025-10-18 00:39:09.910,106722.51,0.00047,50.159579699999995
2025-10-18 00:39:10.116,106727.47,0.03302,3524.1410594
2025-10-18 00:39:10.120,106727.73,0.0078,832.4762939999999
2025-10-18 00:39:10.121,106727.73,0.0078,832.4762939999999
2025-10-18 00:39:10.630,106727.72,0.00021,22.4128212
2025-10-18 00:39:10.675,106727.72,0.06191,6607.5131452
2025-10-18 00:39:11.339,106727.73,0.06,6403.663799999999
2025-10-18 00:39:11.504,106727.73,4e-05,4.2691092
2025-10-18 00:39:11.862,106727.72,0.00046,49.094751200000005
2025-10-18 00:39:12.100,106727.72,0.00279,297.7703388
2025-10-18 00:39:12.484,106727.73,0.00282,300.9721986
2025-10-18 00:39:12.498,106728.28,0.00155,165.428834
2025-10-18 00:39:12.513,106728.92,0.00133,141.9494636
2025-10-18 00:39:12.515,106729.99,0.00045,48.0284955
2025-10-18 00:39:13.382,106730.0,0.00047,50.1631
2025-10-18 00:39:13.554,106730.0,5e-05,5.3365
2025-10-18 00:39:14.924,106730.0,0.0012,128.076
2025-10-18 00:39:15.006,106729.99,0.00047,50.1630953
2025-10-18 00:39:15.438,106730.0,0.0002,21.346
2025-10-18 00:39:15.647,106729.99,0.00051,54.43229490000001
2025-10-18 00:39:15.860,106730.0,0.00071,75.7783
2025-10-18 00:39:16.212,106730.0,0.00027,28.8171
2025-10-18 00:39:16.554,106730.0,0.00141,150.48930000000001
2025-10-18 00:39:17.251,106730.0,0.00082,87.51859999999999
2025-10-18 00:39:18.546,106730.0,0.0019,202.787
2025-10-18 00:39:18.592,106730.0,0.00628,670.2644
2025-10-18 00:39:19.411,106729.99,0.00311,331.9302689
2025-10-18 00:39:19.882,106730.0,7e-05,7.471099999999999
2025-10-18 00:39:20.070,106729.99,0.01299,1386.4225701
2025-10-18 00:39:20.328,106730.0,0.00937,1000.0601
2025-10-18 00:39:20.744,106729.99,0.06191,6607.6536809
2025-10-18 00:39:21.526,106730.0,4e-05,4.2692000000000005
2025-10-18 00:39:22.283,106729.99,0.00033,35.220896700000004
2025-10-18 00:39:22.662,106729.99,0.00021,22.413297900000003
2025-10-18 00:39:22.860,106729.99,0.013,1387.48987
2025-10-18 00:39:22.861,106729.99,0.013,1387.48987
2025-10-18 00:39:22.863,106729.99,0.013,1387.48987
2025-10-18 00:39:23.116,106730.0,0.00051,54.432300000000005
2025-10-18 00:39:23.538,106730.0,0.00147,156.8931
2025-10-18 00:39:24.227,106730.0,0.00016,17.076800000000002
2025-10-18 00:39:24.699,106730.0,0.00093,99.25890000000001
2025-10-18 00:39:25.118,106729.99,0.0001,10.672999
2025-10-18 00:39:26.591,106729.99,0.0083,885.858917
2025-10-18 00:39:26.912,106730.0,0.00103,109.93190000000001
2025-10-18 00:39:26.950,106730.0,9e-05,9.6057
2025-10-18 00:39:27.040,106730.0,7e-05,7.471099999999999
2025-10-18 00:39:27.117,106730.0,0.00073,77.9129
2025-10-18 00:39:27.187,106730.0,0.0001,10.673
2025-10-18 00:39:27.489,106730.0,0.00025,26.6825
2025-10-18 00:39:27.654,106729.99,0.00282,300.9785718
2025-10-18 00:39:27.686,106730.0,0.00443,472.8139
2025-10-18 00:39:28.015,106730.0,0.00281,299.9113
2025-10-18 00:39:28.055,106730.0,0.01001,1068.3673
2025-10-18 00:39:30.743,106730.0,0.00136,145.1528
2025-10-18 00:39:31.038,106729.99,0.00034,36.288196600000006
2025-10-18 00:39:31.558,106729.99,0.00385,410.91046150000005
2025-10-18 00:39:31.625,106730.0,0.00067,71.5091
2025-10-18 00:39:32.025,106730.0,0.03825,4082.4225
2025-10-18 00:39:32.172,106730.0,0.00468,499.4964
2025-10-18 00:39:32.326,106730.0,0.41839,44654.7647
2025-10-18 00:39:32.327,106732.0,0.0031,330.8692
2025-10-18 00:39:32.329,106732.83,5e-05,5.336641500000001
2025-10-18 00:39:32.335,106732.84,0.00195,208.12903799999998
2025-10-18 00:39:32.427,106733.05,0.00022,23.481271000000003
2025-10-18 00:39:32.668,106733.06,0.00114,121.6756884
2025-10-18 00:39:32.675,106733.06,0.00469,500.57805139999994
2025-10-18 00:39:33.283,106733.06,0.00013,13.875297799999998
2025-10-18 00:39:33.829,106733.05,0.26138,27897.884609
2025-10-18 00:39:34.391,106733.06,0.00282,300.9872292
2025-10-18 00:39:34.449,106733.05,0.0002,21.346610000000002
2025-10-18 00:39:35.375,106733.06,6e-05,6.4039836
2025-10-18 00:39:36.770,106733.05,0.00549,585.9644445
2025-10-18 00:39:37.115,106737.34,0.00142,151.5670228
2025-10-18 00:39:37.120,106741.95,6e-05,6.404517
2025-10-18 00:39:37.139,106741.94,0.00018,19.213549200000003
2025-10-18 00:39:37.200,106741.95,0.00802,856.0704389999999
2025-10-18 00:39:37.202,106745.44,0.00184,196.41160960000002
2025-10-18 00:39:37.203,106746.67,0.00015,16.0120005
2025-10-18 00:39:37.207,106746.68,0.00038,40.5637384
2025-10-18 00:39:38.193,106746.68,0.00031,33.091470799999996
2025-10-18 00:39:39.592,106746.68,0.00094,100.3418792
2025-10-18 00:39:40.540,106746.67,0.00237,252.9896079
2025-10-18 00:39:40.740,106746.67,8e-05,8.5397336
2025-10-18 00:39:41.576,106746.67,9e-05,9.6072003
2025-10-18 00:39:41.960,106746.67,0.00047,50.1709349
2025-10-18 00:39:42.012,106746.68,7e-05,7.472267599999999
2025-10-18 00:39:42.065,106746.68,0.0002,21.349336
2025-10-18 00:39:42.462,106746.67,0.00121,129.16347069999998
2025-10-18 00:39:42.576,106746.68,0.0144,1537.1521919999998
2025-10-18 00:39:42.752,106746.68,0.00065,69.385342
2025-10-18 00:39:43.491,106746.67,0.00047,50.1709349
2025-10-18 00:39:43.809,106746.68,7e-05,7.472267599999999
2025-10-18 00:39:44.285,106746.67,0.00085,90.7346695
2025-10-18 00:39:44.569,106746.68,9e-05,9.6072012
2025-10-18 00:39:48.448,106746.68,0.00018,19.2144024
2025-10-18 00:39:48.662,106746.68,0.00094,100.3418792
2025-10-18 00:39:49.091,106746.68,0.00026,27.754136799999994
2025-10-18 00:39:50.532,106746.67,0.00018,19.2144006
2025-10-18 00:39:51.462,106746.68,0.00074,78.9925432
2025-10-18 00:39:52.096,106746.68,0.00027,28.8216036
2025-10-18 00:39:52.645,106746.68,0.00058,61.9130744
2025-10-18 00:39:53.331,106746.68,0.00117,124.89361559999999
2025-10-18 00:39:54.661,106746.68,0.00016,17.0794688
2025-10-18 00:39:55.259,106746.68,0.00022,23.484269599999998
2025-10-18 00:39:55.804,106746.68,0.003,320.24003999999996
2025-10-18 00:39:55.835,106746.68,0.015,1601.2001999999998
2025-10-18 00:39:56.067,106746.68,0.006,640.4800799999999
2025-10-18 00:39:56.592,106746.68,0.013,1387.7068399999998
2025-10-18 00:39:56.597,106746.68,0.004,426.98672
2025-10-18 00:39:57.116,106746.67,0.00021,22.4168007
2025-10-18 00:39:57.962,106746.68,0.015,1601.2001999999998
2025-10-18 00:39:57.992,106746.67,0.00103,109.94907010000001
2025-10-18 00:39:58.399,106746.67,0.0013,138.770671
2025-10-18 00:39:58.503,106746.68,0.00271,289.2835028
2025-10-18 00:39:58.912,106746.68,0.00053,56.575740399999994
2025-10-18 00:39:58.983,106746.68,0.00021,22.4168028
2025-10-18 00:39:59.383,106746.67,0.0042,448.336014
2025-10-18 00:39:59.892,106746.67,0.00036,38.4288012
2025-10-18 00:40:00.121,106746.68,0.0009,96.07201199999999
2025-10-18 00:40:00.220,106746.68,7e-05,7.472267599999999
2025-10-18 00:40:00.223,106746.68,0.00109,116.3538812
2025-10-18 00:40:00.294,106746.67,0.0047,501.70934900000003
2025-10-18 00:40:00.314,106746.68,0.021,2241.68028
2025-10-18 00:40:00.695,106746.67,0.00021,22.4168007
2025-10-18 00:40:00.767,106746.67,0.00312,333.0496104
2025-10-18 00:40:01.048,106746.68,0.006,640.4800799999999
2025-10-18 00:40:01.062,106746.67,0.00018,19.2144006
2025-10-18 00:40:01.098,106746.68,0.001,106.74668
2025-10-18 00:40:01.110,106746.68,0.028,2988.90704
2025-10-18 00:40:01.167,106746.67,0.0619,6607.618872999999
2025-10-18 00:40:01.275,106746.68,0.00018,19.2144024
2025-10-18 00:40:02.584,106746.68,0.00021,22.4168028
2025-10-18 00:40:02.694,106746.68,0.002,213.49336
2025-10-18 00:40:02.853,106746.68,0.026,2775.4136799999997
2025-10-18 00:40:02.859,106746.68,0.028,2988.90704
2025-10-18 00:40:03.477,106748.45,5e-05,5.3374225
2025-10-18 00:40:03.480,106748.45,0.00015,16.012267499999997
2025-10-18 00:40:03.488,106751.99,0.00015,16.0127985
2025-10-18 00:40:03.534,106752.0,0.002,213.504
2025-10-18 00:40:03.554,106756.59,0.00398,424.8912282
2025-10-18 00:40:03.607,106756.59,0.026,2775.67134
2025-10-18 00:40:03.629,106757.64,0.01584,1691.0410176
2025-10-18 00:40:03.631,106757.64,0.01584,1691.0410176
2025-10-18 00:40:03.677,106757.93,0.00015,16.013689499999998
2025-10-18 00:40:03.734,106757.94,0.00131,139.8529014
2025-10-18 00:40:03.753,106758.0,0.002,213.516
2025-10-18 00:40:04.280,106757.99,0.00021,22.4191779
2025-10-18 00:40:04.582,106757.99,0.00011,11.743378900000002
2025-10-18 00:40:04.760,106758.0,0.00026,27.75708
2025-10-18 00:40:04.818,106758.0,0.04403,4700.55474
2025-10-18 00:40:04.820,106759.87,5e-05,5.3379935
2025-10-18 00:40:05.000,106760.0,0.02283,2437.3308
2025-10-18 00:40:05.002,106760.66,0.00015,16.014098999999998
2025-10-18 00:40:05.003,106763.09,0.00015,16.014463499999998
2025-10-18 00:40:05.181,106763.09,0.00555,592.5351495
2025-10-18 00:40:05.751,106763.09,6e-05,6.4057854
2025-10-18 00:40:05.973,106763.1,0.00047,50.178657
2025-10-18 00:40:06.032,106763.1,0.18084,19307.039004000002
2025-10-18 00:40:06.033,106763.1,0.28715,30657.024165000003
2025-10-18 00:40:06.034,106763.1,0.0084,896.81004
2025-10-18 00:40:06.035,106768.67,0.00544,580.8215648
2025-10-18 00:40:06.038,106770.57,0.13349,14252.803389300001
2025-10-18 00:40:06.039,106770.57,0.02879,3073.9247103000002
2025-10-18 00:40:06.052,106772.09,0.00015,16.015813499999997
2025-10-18 00:40:06.074,106772.95,0.00025,26.6932375
2025-10-18 00:40:06.077,106772.96,0.00936,999.3949056000001
2025-10-18 00:40:06.091,106772.96,5e-05,5.338648000000001
2025-10-18 00:40:06.102,106772.96,0.00177,188.98813920000003
2025-10-18 00:40:06.211,106772.96,0.09362,9996.0845152
2025-10-18 00:40:06.309,106772.96,0.00021,22.422321600000004
2025-10-18 00:40:06.318,106772.96,0.00011,11.745025600000002
2025-10-18 00:40:06.338,106776.0,0.00159,169.77384
2025-10-18 00:40:06.817,106776.0,0.00728,777.32928
2025-10-18 00:40:07.816,106776.0,0.00727,776.26152
2025-10-18 00:40:07.818,106776.01,0.0011,117.453611
2025-10-18 00:40:07.995,106776.47,0.00021,22.423058700000002
2025-10-18 00:40:08.192,106776.47,0.00037,39.5072939
2025-10-18 00:40:08.324,106778.01,0.0002,21.355602
2025-10-18 00:40:08.329,106779.99,0.00015,16.0169985
2025-10-18 00:40:08.465,106780.0,0.02283,2437.7874
2025-10-18 00:40:08.466,106780.02,0.0002,21.356004000000002
2025-10-18 00:40:08.482,106780.93,0.00152,162.3070136
2025-10-18 00:40:08.615,106782.0,0.0011,117.4602
2025-10-18 00:40:08.829,106782.0,0.00381,406.83942
2025-10-18 00:40:08.892,106782.71,0.00106,113.18967260000001
2025-10-18 00:40:08.906,106783.29,0.00015,16.017493499999997
2025-10-18 00:40:09.045,106783.3,0.00025,26.695825000000003
2025-10-18 00:40:09.262,106783.3,0.00048,51.255984000000005
2025-10-18 00:40:09.313,106783.3,0.01874,2001.119042
2025-10-18 00:40:09.804,106783.3,0.00046,49.120318000000005
2025-10-18 00:40:10.226,106783.3,0.00021,22.424493000000002
2025-10-18 00:40:10.547,106783.3,0.025,2669.5825000000004
2025-10-18 00:40:10.687,106783.29,0.0003,32.034986999999994
2025-10-18 00:40:10.862,106783.29,0.00129,137.75044409999998
2025-10-18 00:40:11.187,106785.66,0.00035,37.374981
2025-10-18 00:40:11.510,106787.56,0.00185,197.556986
2025-10-18 00:40:11.972,106787.55,0.00021,22.4253855
2025-10-18 00:40:12.201,106787.56,0.01,1067.8756
2025-10-18 00:40:12.700,106787.56,0.00038,40.5792728
2025-10-18 00:40:12.788,106787.56,0.00233,248.8150148
2025-10-18 00:40:12.815,106792.02,0.00165,176.20683300000002
2025-10-18 00:40:13.691,106795.59,0.0836,8928.111324
2025-10-18 00:40:13.765,106795.59,5e-05,5.3397795
2025-10-18 00:40:14.055,106795.59,0.00021,22.4270739
2025-10-18 00:40:14.331,106795.58,0.03749,4003.7662942
2025-10-18 00:40:14.782,106795.59,0.00013,13.883426699999998
2025-10-18 00:40:15.014,106795.58,0.0001,10.679558
2025-10-18 00:40:15.071,106795.59,9e-05,9.6116031
2025-10-18 00:40:16.332,106795.58,0.00021,22.4270718
2025-10-18 00:40:16.354,106795.59,0.00025,26.6988975
2025-10-18 00:40:16.538,106795.58,0.944,100815.02752
2025-10-18 00:40:17.438,106795.59,0.01,1067.9559
2025-10-18 00:40:17.702,106795.58,0.31451,33588.2778658
2025-10-18 00:40:18.228,106795.59,0.00047,50.1939273
2025-10-18 00:40:18.469,106795.59,0.1,10679.559000000001
2025-10-18 00:40:20.532,106795.59,0.00038,40.5823242
2025-10-18 00:40:20.533,106795.58,0.00039,41.6502762
2025-10-18 00:40:20.662,106795.58,0.00028,29.902762399999997
2025-10-18 00:40:21.070,106795.59,0.00021,22.4270739
2025-10-18 00:40:21.188,106795.58,0.06188,6608.5104904
2025-10-18 00:40:21.576,106795.58,7e-05,7.475690599999999
2025-10-18 00:40:21.587,106795.59,6e-05,6.4077354
2025-10-18 00:40:21.777,106795.59,0.00011,11.7475149
2025-10-18 00:40:22.233,106795.58,0.00369,394.0756902
2025-10-18 00:40:22.808,106795.59,0.09325,9958.6887675
2025-10-18 00:40:22.926,106795.58,0.00021,22.4270718
2025-10-18 00:40:23.444,106795.59,5e-05,5.3397795
2025-10-18 00:40:24.019,106795.59,0.00024,25.6309416
2025-10-18 00:40:24.143,106795.58,0.00088,93.9801104
2025-10-18 00:40:24.371,106795.58,0.00135,144.174033
2025-10-18 00:40:24.589,106795.58,0.02294,2449.8906051999998
2025-10-18 00:40:24.629,106795.57,0.00043,45.9220951
2025-10-18 00:40:24.693,106795.58,0.00021,22.4270718
2025-10-18 00:40:24.855,106793.65,5e-05,5.3396825
2025-10-18 00:40:24.858,106791.77,0.00015,16.0187655
2025-10-18 00:40:24.867,106791.31,0.0053,565.993943
2025-10-18 00:40:24.872,106789.18,0.00232,247.75089759999997
2025-10-18 00:40:24.873,106788.1,0.03508,3746.126548
2025-10-18 00:40:24.875,106787.62,0.00015,16.018143
2025-10-18 00:40:24.877,106786.0,5e-05,5.339300000000001
2025-10-18 00:40:24.879,106783.85,0.00069,73.6808565
2025-10-18 00:40:24.893,106783.81,0.00245,261.6203345
2025-10-18 00:40:24.894,106781.12,0.00717,765.6206304
2025-10-18 00:40:25.004,106777.0,5e-05,5.33885
2025-10-18 00:40:25.126,106776.9,0.0039,416.42990999999995
2025-10-18 00:40:25.127,106775.99,0.0001,10.677599
2025-10-18 00:40:25.145,106772.08,0.00023,24.5575784
2025-10-18 00:40:25.215,106766.36,0.00015,16.014954
2025-10-18 00:40:25.686,106761.92,0.0002,21.352384
2025-10-18 00:40:25.690,106761.85,0.001,106.76185000000001
2025-10-18 00:40:25.692,106760.73,5e-05,5.3380365
2025-10-18 00:40:25.694,106760.0,0.01903,2031.6427999999999
2025-10-18 00:40:25.710,106756.0,6e-05,6.40536
2025-10-18 00:40:25.712,106754.21,0.00015,16.0131315
2025-10-18 00:40:25.801,106754.2,0.002,213.5084
2025-10-18 00:40:26.339,106752.96,0.00021,22.418121600000003
2025-10-18 00:40:27.039,106752.96,0.00949,1013.0855904000001
2025-10-18 00:40:27.671,106752.96,0.00021,22.418121600000003
2025-10-18 00:40:28.270,106752.97,0.00047,50.1738959
2025-10-18 00:40:28.292,106752.97,0.00021,22.418123700000002
2025-10-18 00:40:28.337,106752.97,0.0001,10.675297
2025-10-18 00:40:28.417,106752.97,0.0001,10.675297
2025-10-18 00:40:28.440,106752.96,0.00922,984.2622912000002
2025-10-18 00:40:28.491,106752.97,0.00022,23.4856534
2025-10-18 00:40:28.510,106752.97,0.00019,20.283064300000003
2025-10-18 00:40:28.538,106752.97,0.0001,10.675297
2025-10-18 00:40:28.662,106752.97,0.0001,10.675297
2025-10-18 00:40:28.670,106752.97,0.0001,10.675297
2025-10-18 00:40:28.682,106752.97,0.00013,13.8778861
2025-10-18 00:40:28.683,106752.97,0.00013,13.8778861
2025-10-18 00:40:29.018,106752.97,0.00012,12.8103564
2025-10-18 00:40:29.183,106752.97,0.00121,129.1710937
2025-10-18 00:40:29.239,106752.97,0.00281,299.9758457
2025-10-18 00:40:29.310,106752.96,0.00096,102.48284160000001
2025-10-18 00:40:29.614,106752.97,0.0001,10.675297
2025-10-18 00:40:29.979,106752.96,0.00021,22.418121600000003
2025-10-18 00:40:30.018,106752.97,0.00019,20.283064300000003
2025-10-18 00:40:30.133,106752.97,0.00047,50.1738959
2025-10-18 00:40:30.247,106752.97,0.00016,17.080475200000002
2025-10-18 00:40:30.266,106752.97,0.00188,200.6955836
2025-10-18 00:40:30.384,106752.97,0.0001,10.675297
2025-10-18 00:40:30.433,106752.97,0.0015,160.129455
2025-10-18 00:40:30.510,106752.97,0.00054,57.6466038
2025-10-18 00:40:30.517,106752.97,0.0001,10.675297
2025-10-18 00:40:30.718,106752.97,0.0001,10.675297
2025-10-18 00:40:30.785,106752.97,0.0001,10.675297
2025-10-18 00:40:30.818,106752.97,0.00011,11.7428267
2025-10-18 00:40:30.971,106752.96,0.00087,92.87507520000001
2025-10-18 00:40:31.666,106752.97,0.00021,22.418123700000002
2025-10-18 00:40:32.205,106752.96,0.00477,509.21161920000003
2025-10-18 00:40:32.572,106752.97,0.5,53376.485
2025-10-18 00:40:33.254,106752.96,0.00021,22.418121600000003
2025-10-18 00:40:33.534,106752.96,0.01498,1599.1593408
2025-10-18 00:40:33.694,106752.96,0.01498,1599.1593408
2025-10-18 00:40:34.510,106756.33,0.01572,1678.2095076000003
2025-10-18 00:40:34.515,106758.6,0.00015,16.01379
2025-10-18 00:40:34.760,106758.61,0.00518,553.0095997999999
2025-10-18 00:40:34.924,106758.61,0.00021,22.419308100000002
2025-10-18 00:40:35.253,106758.61,0.00075,80.0689575
2025-10-18 00:40:35.337,106758.61,0.00024,25.6220664
2025-10-18 00:40:35.519,106758.61,0.0001,10.675861000000001
2025-10-18 00:40:35.762,106758.61,0.0001,10.675861000000001
2025-10-18 00:40:35.879,106759.22,0.00015,16.013883
2025-10-18 00:40:36.015,106764.97,5e-05,5.338248500000001
2025-10-18 00:40:36.081,106768.16,0.00047,50.1810352
2025-10-18 00:40:36.318,106768.17,4e-05,4.2707268
2025-10-18 00:40:36.539,106768.16,0.00021,22.4213136
2025-10-18 00:40:36.963,106768.17,0.00093,99.29439810000001
2025-10-18 00:40:37.220,106768.17,0.0109,1163.773053
2025-10-18 00:40:37.512,106768.16,0.00015,16.015224
2025-10-18 00:40:37.933,106772.62,0.12816,13683.9789792
2025-10-18 00:40:37.934,106778.66,5e-05,5.338933000000001
2025-10-18 00:40:37.935,106785.79,0.01826,1949.9085253999997
2025-10-18 00:40:37.938,106791.31,0.04,4271.6524
2025-10-18 00:40:37.939,106791.31,0.00937,1000.6345746999999
2025-10-18 00:40:37.940,106791.31,0.09361,9996.7345291
2025-10-18 00:40:37.948,106791.31,0.04683,5001.037047299999
2025-10-18 00:40:37.951,106791.31,6e-05,6.4074786
2025-10-18 00:40:37.959,106791.31,0.09366,10002.074094599999
2025-10-18 00:40:37.971,106791.31,0.01873,2000.2012363
2025-10-18 00:40:37.990,106791.31,0.00937,1000.6345746999999
2025-10-18 00:40:37.997,106791.31,0.00936,999.5666616
2025-10-18 00:40:38.022,106791.3,0.02978,3180.2449140000003
2025-10-18 00:40:38.079,106791.31,0.02809,2999.7678978999998
2025-10-18 00:40:38.127,106791.31,0.00163,174.0698353
2025-10-18 00:40:38.154,106791.31,0.00021,22.426175100000002
2025-10-18 00:40:38.805,106791.31,0.00011,11.7470441
2025-10-18 00:40:38.806,106791.31,0.00094,100.38383139999999
2025-10-18 00:40:39.057,106791.3,0.33203,35457.915339
2025-10-18 00:40:39.194,106791.3,0.0002,21.35826
2025-10-18 00:40:39.491,106791.31,0.00233,248.8237523
2025-10-18 00:40:39.628,106791.3,0.00379,404.739027
2025-10-18 00:40:40.020,106791.31,0.01,1067.9131
2025-10-18 00:40:40.021,106791.31,0.005,533.95655
2025-10-18 00:40:40.024,106791.31,0.00017,18.1545227
2025-10-18 00:40:40.647,106791.3,0.00021,22.426173000000002
2025-10-18 00:40:41.939,106791.31,7e-05,7.475391699999999
2025-10-18 00:40:42.097,106791.3,0.00368,392.991984
2025-10-18 00:40:42.462,106791.31,0.00025,26.6978275
2025-10-18 00:40:42.579,106791.3,0.01617,1726.815321
2025-10-18 00:40:42.884,106791.3,0.91082,97267.651866
2025-10-18 00:40:42.915,106787.03,0.00317,338.5148851
2025-10-18 00:40:42.917,106782.97,5e-05,5.3391485
2025-10-18 00:40:42.931,106782.72,0.014,1494.95808
2025-10-18 00:40:43.210,106782.72,0.0005,53.39136
2025-10-18 00:40:43.575,106782.72,0.00013,13.8817536
2025-10-18 00:40:43.644,106782.72,0.00021,22.4243712
2025-10-18 00:40:44.077,106782.72,0.00027,28.8313344
2025-10-18 00:40:44.762,106782.72,0.00094,100.3757568
2025-10-18 00:40:44.816,106782.71,0.00024,25.627850400000003
2025-10-18 00:40:45.008,106782.72,0.01,1067.8272
2025-10-18 00:40:45.161,106782.72,0.00034,36.306124800000006
2025-10-18 00:40:45.218,106782.72,0.00047,50.1878784
2025-10-18 00:40:45.242,106782.71,0.00021,22.424369100000003
2025-10-18 00:40:45.262,106782.71,0.00093,99.3079203
2025-10-18 00:40:45.525,106782.72,0.00025,26.69568
2025-10-18 00:40:46.132,106782.71,9e-05,9.610443900000002
2025-10-18 00:40:46.682,106782.72,0.00014,14.9495808
2025-10-18 00:40:48.015,106782.72,0.00021,22.4243712
2025-10-18 00:40:48.336,106782.71,0.00047,50.187873700000004
2025-10-18 00:40:49.568,106782.72,0.00033,35.2382976
2025-10-18 00:40:49.615,106782.71,0.00021,22.424369100000003
2025-10-18 00:40:49.855,106782.72,0.00051,54.4591872
2025-10-18 00:40:49.938,106782.71,0.0002,21.356542
2025-10-18 00:40:50.149,106782.71,0.0063,672.731073
2025-10-18 00:40:51.284,106782.72,0.00021,22.4243712
2025-10-18 00:40:52.456,106782.72,0.0008,85.426176
2025-10-18 00:40:52.818,106782.72,0.00024,25.6278528
2025-10-18 00:40:52.833,106782.72,0.00087,92.9009664
2025-10-18 00:40:52.839,106782.72,0.00036,38.441779200000006
2025-10-18 00:40:52.854,106782.72,5e-05,5.339136
2025-10-18 00:40:52.868,106782.72,8e-05,8.542617600000002
2025-10-18 00:40:52.876,106782.71,0.00021,22.424369100000003
2025-10-18 00:40:53.343,106782.72,0.00019,20.288716800000003
2025-10-18 00:40:54.454,106782.72,0.00021,22.4243712
2025-10-18 00:40:54.627,106782.71,0.00012,12.813925200000002
2025-10-18 00:40:54.967,106782.72,0.0008,85.426176
2025-10-18 00:40:55.318,106782.72,0.00242,258.41418239999996
2025-10-18 00:40:55.413,106782.72,9e-05,9.610444800000002
2025-10-18 00:40:55.781,106782.71,0.03058,3265.4152718
2025-10-18 00:40:56.085,106782.71,0.00021,22.424369100000003
2025-10-18 00:40:56.283,106782.71,0.00018,19.220887800000003
2025-10-18 00:40:56.549,106782.71,0.00082,87.56182220000001
2025-10-18 00:40:56.725,106782.71,0.00018,19.220887800000003
2025-10-18 00:40:57.032,106782.71,0.00014,14.9495794
2025-10-18 00:40:57.107,106784.72,0.00015,16.017708
2025-10-18 00:40:57.108,106787.0,0.00015,16.01805
2025-10-18 00:40:57.109,106787.69,5e-05,5.3393845
2025-10-18 00:40:57.110,106788.06,0.00017,18.1539702
2025-10-18 00:40:57.112,106789.0,6e-05,6.4073400000000005
2025-10-18 00:40:57.114,106795.58,0.0039,416.50276199999996
2025-10-18 00:40:57.116,106796.0,0.0028,299.0288
2025-10-18 00:40:57.122,106796.7,5e-05,5.339835
2025-10-18 00:40:57.128,106799.27,0.00608,649.3395616
2025-10-18 00:40:57.164,106800.0,0.00936,999.648
2025-10-18 00:40:57.186,106800.0,0.07068,7548.624000000001
2025-10-18 00:40:57.391,106799.99,0.01201,1282.6678799000001
2025-10-18 00:40:57.410,106800.0,0.01386,1480.248
2025-10-18 00:40:57.864,106800.0,0.00018,19.224
2025-10-18 00:40:58.375,106800.0,0.0039,416.52
2025-10-18 00:40:58.514,106800.0,0.00021,22.428
2025-10-18 00:40:59.032,106799.99,0.00018,19.2239982
2025-10-18 00:40:59.558,106799.99,0.00068,72.62399320000002
2025-10-18 00:41:00.152,106799.99,0.00021,22.4279979
2025-10-18 00:41:00.211,106799.99,0.012,1281.59988
2025-10-18 00:41:00.213,106799.99,0.012,1281.59988
2025-10-18 00:41:00.306,106799.99,0.07068,7548.623293200001
2025-10-18 00:41:00.319,106799.98,0.0007,74.759986
2025-10-18 00:41:00.322,106799.98,0.00145,154.85997099999997
2025-10-18 00:41:00.331,106799.9,0.00125,133.499875
2025-10-18 00:41:00.335,106795.72,0.0011,117.47529200000001
2025-10-18 00:41:00.415,106791.75,6e-05,6.4075050000000005
2025-10-18 00:41:00.935,106788.75,6e-05,6.407325
2025-10-18 00:41:02.012,106788.75,0.00021,22.4256375
2025-10-18 00:41:02.130,106788.75,0.0012,128.14649999999997
2025-10-18 00:41:02.233,106788.75,0.00028,29.90085
2025-10-18 00:41:02.501,106788.75,0.00338,360.94597500000003
2025-10-18 00:41:02.966,106788.75,0.00011,11.7467625
2025-10-18 00:41:04.261,106788.74,0.00021,22.4256354
2025-10-18 00:41:04.815,106784.78,0.0002,21.356956
2025-10-18 00:41:04.840,106784.78,0.00079,84.3599762
2025-10-18 00:41:04.896,106784.77,0.012,1281.41724
2025-10-18 00:41:04.898,106784.77,0.012,1281.41724
2025-10-18 00:41:04.901,106784.77,0.012,1281.41724
2025-10-18 00:41:05.213,106784.7,0.0001,10.67847
2025-10-18 00:41:05.219,106783.97,0.0017,181.532749
2025-10-18 00:41:05.221,106782.71,0.00455,485.86133050000007
2025-10-18 00:41:05.315,106782.71,0.3824,40833.70830400001
2025-10-18 00:41:05.344,106782.72,0.09364,9999.1339008
2025-10-18 00:41:05.533,106782.72,0.00011,11.7460992
2025-10-18 00:41:05.635,106782.71,6e-05,6.406962600000001
2025-10-18 00:41:05.715,106782.71,0.31821,33979.3261491
2025-10-18 00:41:05.734,106775.8,0.012,1281.3096
2025-10-18 00:41:05.737,106775.8,0.012,1281.3096
2025-10-18 00:41:05.738,106775.8,0.012,1281.3096
2025-10-18 00:41:06.027,106775.81,0.00021,22.4229201
2025-10-18 00:41:06.315,106775.8,0.00303,323.53067400000003
2025-10-18 00:41:06.492,106774.69,0.012,1281.29628
2025-10-18 00:41:06.847,106774.7,0.01433,1530.081451
2025-10-18 00:41:07.024,106774.7,0.0246,2626.65762
2025-10-18 00:41:07.776,106774.69,0.00021,22.4226849
2025-10-18 00:41:07.796,106774.69,0.012,1281.29628
2025-10-18 00:41:07.797,106774.69,0.012,1281.29628
2025-10-18 00:41:08.487,106774.69,0.012,1281.29628
2025-10-18 00:41:08.488,106774.69,0.012,1281.29628
2025-10-18 00:41:08.489,106774.69,0.012,1281.29628
2025-10-18 00:41:09.484,106774.7,0.00028,29.896915999999997
2025-10-18 00:41:09.513,106774.7,0.00021,22.422687
2025-10-18 00:41:09.684,106774.7,0.00096,102.503712
2025-10-18 00:41:10.695,106774.7,0.00028,29.896915999999997
2025-10-18 00:41:10.745,106774.7,0.0028,298.96916
2025-10-18 00:41:11.131,106774.69,0.012,1281.29628
2025-10-18 00:41:11.173,106774.69,0.00021,22.4226849
2025-10-18 00:41:11.582,106774.69,7e-05,7.474228299999999
2025-10-18 00:41:12.060,106774.69,0.012,1281.29628
2025-10-18 00:41:12.061,106774.69,0.012,1281.29628
2025-10-18 00:41:12.075,106774.69,0.00018,19.2194442
2025-10-18 00:41:12.711,106774.7,0.00089,95.029483
2025-10-18 00:41:13.420,106774.69,0.00366,390.79536540000004
2025-10-18 00:41:13.569,106774.7,0.00015,16.016205
2025-10-18 00:41:13.925,106774.7,0.00021,22.422687
2025-10-18 00:41:14.230,106774.69,0.012,1281.29628
2025-10-18 00:41:14.232,106774.67,0.00025,26.6936675
2025-10-18 00:41:14.239,106772.25,0.012,1281.267
2025-10-18 00:41:15.044,106772.25,0.00378,403.599105
2025-10-18 00:41:15.049,106769.0,6e-05,6.40614
2025-10-18 00:41:15.050,106764.81,0.012,1281.17772
2025-10-18 00:41:15.159,106764.82,9e-05,9.608833800000001
2025-10-18 00:41:15.177,106764.81,0.01498,1599.3368538
2025-10-18 00:41:15.437,106764.81,0.00188,200.7178428
2025-10-18 00:41:15.471,106764.81,0.00021,22.4206101
2025-10-18 00:41:15.609,106764.81,0.012,1281.17772
2025-10-18 00:41:15.610,106764.81,0.012,1281.17772
2025-10-18 00:41:16.430,106764.82,4e-05,4.2705928
2025-10-18 00:41:17.097,106764.82,0.00021,22.4206122
2025-10-18 00:41:17.216,106764.82,0.0002,21.352964000000004
2025-10-18 00:41:17.418,106764.82,0.00047,50.179465400000005
2025-10-18 00:41:18.044,106764.82,0.01278,1364.4543996
2025-10-18 00:41:19.011,106764.82,0.00187,199.6502134
2025-10-18 00:41:19.054,106764.82,0.00028,29.8941496
2025-10-18 00:41:19.188,106764.81,0.00021,22.4206101
2025-10-18 00:41:20.251,106764.82,0.03746,3999.4101572000004
2025-10-18 00:41:20.269,106764.82,0.00655,699.3095710000001
2025-10-18 00:41:21.473,106764.82,0.00021,22.4206122
2025-10-18 00:41:21.796,106764.81,0.012,1281.17772
2025-10-18 00:41:22.308,106764.82,0.01311,1399.6867902000001
2025-10-18 00:41:22.717,106764.82,0.00475,507.132895
2025-10-18 00:41:22.907,106764.82,0.01424,1520.3310368
2025-10-18 00:41:23.007,106764.81,0.00021,22.4206101
2025-10-18 00:41:23.574,106764.82,7e-05,7.4735374
2025-10-18 00:41:24.650,106764.82,0.00021,22.4206122
2025-10-18 00:41:25.379,106764.82,0.02586,2760.9382452000004
2025-10-18 00:41:25.514,106764.82,0.00087,92.88539340000001
2025-10-18 00:41:25.650,106764.82,0.00039,41.6382798
2025-10-18 00:41:25.787,106764.81,0.00187,199.6501947
2025-10-18 00:41:26.206,106764.82,0.00047,50.179465400000005
2025-10-18 00:41:26.448,106764.81,0.00021,22.4206101
2025-10-18 00:41:26.774,106764.82,6e-05,6.405889200000001
2025-10-18 00:41:26.918,106764.82,0.00175,186.838435
2025-10-18 00:41:27.144,106764.82,0.00018,19.217667600000002
2025-10-18 00:41:27.380,106764.81,0.013,1387.9425299999998
2025-10-18 00:41:27.381,106764.81,0.013,1387.9425299999998
2025-10-18 00:41:27.603,106764.82,0.0184,1964.472688
2025-10-18 00:41:27.647,106764.81,8e-05,8.5411848
2025-10-18 00:41:27.680,106764.81,5e-05,5.3382405
2025-10-18 00:41:27.773,106764.81,0.00036,38.435331600000005
2025-10-18 00:41:27.925,106764.81,0.0014,149.470734
2025-10-18 00:41:27.984,106764.82,0.00014,14.9470748
2025-10-18 00:41:28.121,106764.82,0.00021,22.4206122
2025-10-18 00:41:28.160,106764.82,0.00018,19.217667600000002
2025-10-18 00:41:28.832,106764.81,0.006,640.58886
2025-10-18 00:41:28.833,106764.81,0.006,640.58886
2025-10-18 00:41:29.138,106764.81,0.006,640.58886
2025-10-18 00:41:29.189,106764.81,0.00278,296.80617179999996
2025-10-18 00:41:29.314,106764.8,0.002,213.52960000000002
2025-10-18 00:41:29.338,106764.8,0.00187,199.650176
2025-10-18 00:41:29.339,106764.79,0.00215,229.5442985
2025-10-18 00:41:29.692,106764.02,0.00021,22.420444200000002
2025-10-18 00:41:31.767,106764.03,0.00046,49.1114538
2025-10-18 00:41:31.830,106764.03,0.0017,181.498851
2025-10-18 00:41:32.320,106764.02,0.0003,32.029205999999995
2025-10-18 00:41:32.851,106764.02,0.0057,608.554914
2025-10-18 00:41:33.407,106764.03,0.0231,2466.249093
2025-10-18 00:41:33.888,106764.02,0.00598,638.4488396
2025-10-18 00:41:33.891,106764.01,0.00163,174.0253363
2025-10-18 00:41:33.915,106756.9,0.0001,10.67569
2025-10-18 00:41:34.103,106753.34,0.01498,1599.1650332
2025-10-18 00:41:34.967,106753.34,0.006,640.52004
2025-10-18 00:41:34.969,106753.34,0.013,1387.79342
2025-10-18 00:41:35.142,106753.35,0.00769,820.9332615000001
2025-10-18 00:41:35.598,106753.34,0.03215,3432.1198809999996
2025-10-18 00:41:37.625,106753.34,0.0025,266.88335
2025-10-18 00:41:39.162,106753.35,0.00282,301.044447
2025-10-18 00:41:39.287,106753.34,0.00026,27.755868399999997
2025-10-18 00:41:39.539,106753.34,0.013,1387.79342
2025-10-18 00:41:39.540,106753.34,0.013,1387.79342
2025-10-18 00:41:39.879,106753.34,0.00072,76.86240480000001
2025-10-18 00:41:40.036,106753.34,0.013,1387.79342
2025-10-18 00:41:40.038,106753.34,0.013,1387.79342
2025-10-18 00:41:40.309,106753.35,0.00056,59.781876
2025-10-18 00:41:41.328,106753.35,0.00093,99.28061550000001
2025-10-18 00:41:41.576,106753.34,5e-05,5.337667
2025-10-18 00:41:41.948,106753.35,0.01822,1945.046037
2025-10-18 00:41:42.105,106753.35,0.0009,96.07801500000001
2025-10-18 00:41:42.981,106753.35,0.00793,846.5540655
2025-10-18 00:41:43.156,106753.34,0.013,1387.79342
2025-10-18 00:41:44.088,106753.34,0.013,1387.79342
2025-10-18 00:41:44.089,106753.34,0.013,1387.79342
2025-10-18 00:41:44.357,106753.35,0.00017,18.148069500000002
2025-10-18 00:41:44.586,106753.35,0.01873,1999.4902455000001
2025-10-18 00:41:44.670,106753.34,0.013,1387.79342
2025-10-18 00:41:45.072,106753.35,0.00082,87.537747
2025-10-18 00:41:45.292,106753.35,0.00409,436.6212015
2025-10-18 00:41:45.592,106753.35,0.00015,16.0130025
2025-10-18 00:41:46.003,106753.35,0.01411,1506.2897685
2025-10-18 00:41:46.412,106753.35,0.00018,19.215603
2025-10-18 00:41:46.582,106753.35,0.00093,99.28061550000001
2025-10-18 00:41:46.790,106753.35,5e-05,5.3376675
2025-10-18 00:41:48.462,106753.35,0.00043,45.903940500000004
2025-10-18 00:41:48.746,106753.34,0.013,1387.79342
2025-10-18 00:41:48.747,106753.34,0.013,1387.79342
2025-10-18 00:41:48.748,106753.34,0.013,1387.79342
2025-10-18 00:41:48.912,106753.35,0.00062,66.187077
2025-10-18 00:41:48.956,106753.34,0.00022,23.4857348
2025-10-18 00:41:49.207,106753.35,0.00036,38.431206
2025-10-18 00:41:50.290,106753.35,0.00028,29.890938
2025-10-18 00:41:50.439,106753.35,0.00089,95.0104815
2025-10-18 00:41:50.444,106753.35,0.0008,85.40268
2025-10-18 00:41:50.724,106753.35,0.0001,10.675335
2025-10-18 00:41:52.056,106753.35,0.00754,804.920259
2025-10-18 00:41:52.140,106753.34,0.007,747.27338
2025-10-18 00:41:52.746,106753.34,0.013,1387.79342
2025-10-18 00:41:52.747,106753.34,0.013,1387.79342
2025-10-18 00:41:52.966,106753.35,0.03035,3239.9641725
2025-10-18 00:41:53.586,106753.35,0.0001,10.675335
2025-10-18 00:41:53.827,106753.34,0.013,1387.79342
2025-10-18 00:41:53.879,106753.34,0.00029,30.9584686
2025-10-18 00:41:54.322,106753.35,0.00364,388.582194
2025-10-18 00:41:54.825,106753.35,0.00055,58.71434250000001
2025-10-18 00:41:54.918,106753.34,9e-05,9.607800600000001
2025-10-18 00:41:55.019,106753.34,9e-05,9.607800600000001
2025-10-18 00:41:56.220,106753.35,7e-05,7.4727345
2025-10-18 00:41:56.314,106753.34,0.00047,50.1740698
2025-10-18 00:41:56.371,106753.35,0.00036,38.431206
2025-10-18 00:41:56.574,106753.35,0.00056,59.781876
2025-10-18 00:41:57.127,106753.35,0.00047,50.1740745
2025-10-18 00:41:57.267,106753.34,0.013,1387.79342
2025-10-18 00:41:57.281,106753.34,0.013,1387.79342
2025-10-18 00:41:57.806,106752.37,0.00015,16.012855499999997
2025-10-18 00:41:57.807,106752.0,0.00247,263.67744
2025-10-18 00:41:57.809,106751.08,5e-05,5.337554
2025-10-18 00:41:57.811,106746.98,0.00015,16.012047
2025-10-18 00:41:57.813,106746.68,0.05928,6327.943190399999
2025-10-18 00:41:57.819,106743.8,6e-05,6.404628000000001
2025-10-18 00:41:57.822,106743.3,0.00015,16.011495
2025-10-18 00:41:57.823,106743.29,0.013,1387.66277
2025-10-18 00:41:57.825,106743.29,0.013,1387.66277
2025-10-18 00:41:57.835,106743.29,0.00082,87.52949779999999
2025-10-18 00:41:57.892,106743.29,0.01088,1161.3669952
2025-10-18 00:41:57.924,106743.29,0.0041,437.647489
2025-10-18 00:41:58.013,106743.29,0.00472,503.8283288
2025-10-18 00:41:58.018,106743.29,0.0014,149.440606
2025-10-18 00:41:58.020,106743.29,8e-05,8.5394632
2025-10-18 00:41:58.021,106743.3,0.0031,330.90423
2025-10-18 00:41:58.023,106743.29,0.00756,806.9792723999999
2025-10-18 00:41:58.026,106743.29,0.00557,594.5601253
2025-10-18 00:41:58.043,106743.29,0.00942,1005.5217917999998
2025-10-18 00:41:58.128,106743.29,0.006,640.45974
2025-10-18 00:41:58.134,106743.29,0.00238,254.0490302
2025-10-18 00:41:58.141,106743.29,0.00743,793.1026446999999
2025-10-18 00:41:58.589,106743.29,0.013,1387.66277
2025-10-18 00:41:58.590,106743.29,0.013,1387.66277
2025-10-18 00:41:59.991,106743.29,9e-05,9.6068961
2025-10-18 00:42:00.833,106743.3,0.00029,30.955557000000002
2025-10-18 00:42:01.226,106743.3,0.00018,19.213794
2025-10-18 00:42:02.099,106743.29,0.00045,48.034480499999994
2025-10-18 00:42:04.394,106743.29,0.00056,59.776242399999994
2025-10-18 00:42:04.694,106743.3,0.01,1067.433
2025-10-18 00:42:04.762,106743.3,0.00047,50.169351
2025-10-18 00:42:05.578,106743.29,0.09637,10286.8508573
2025-10-18 00:42:06.850,106743.3,0.01742,1859.4682860000003
2025-10-18 00:42:06.856,106743.3,0.006,640.4598000000001
2025-10-18 00:42:06.859,106743.3,0.01,1067.433
2025-10-18 00:42:06.861,106743.3,0.02498,2666.447634
2025-10-18 00:42:06.862,106744.64,5e-05,5.337232
2025-10-18 00:42:06.864,106745.46,0.00015,16.011819
2025-10-18 00:42:06.868,106746.5,0.0001,10.67465
2025-10-18 00:42:06.880,106746.68,0.0008,85.397344
2025-10-18 00:42:06.995,106749.32,5e-05,5.337466000000001
2025-10-18 00:42:07.001,106749.45,0.01925,2054.9269125
2025-10-18 00:42:07.019,106749.45,0.00151,161.1916695
2025-10-18 00:42:07.105,106749.7,0.00483,515.601051
2025-10-18 00:42:07.127,106749.7,0.00454,484.64363799999995
2025-10-18 00:42:08.590,106749.7,0.00178,190.01446599999997
2025-10-18 00:42:08.675,106749.7,0.00178,190.01446599999997
2025-10-18 00:42:09.029,106749.7,0.001,106.7497
2025-10-18 00:42:09.170,106749.71,0.0007,74.72479700000001
2025-10-18 00:42:09.381,106751.88,0.00172,183.6132336
2025-10-18 00:42:09.744,106751.87,0.00167,178.2756229
2025-10-18 00:42:09.796,106751.88,0.00364,388.57684320000004
2025-10-18 00:42:09.797,106754.08,0.17905,19114.318024
2025-10-18 00:42:09.798,106754.08,0.01362,1453.9905696
2025-10-18 00:42:09.802,106754.33,0.07465,7969.2107344999995
2025-10-18 00:42:09.803,106754.33,0.1686,17998.780038
2025-10-18 00:42:09.804,106754.34,0.0001,10.675434000000001
2025-10-18 00:42:09.808,106757.62,0.0039,416.35471799999993
2025-10-18 00:42:09.812,106763.94,5e-05,5.338197
2025-10-18 00:42:09.831,106764.03,0.11419,12191.3845857
2025-10-18 00:42:09.841,106764.03,0.05288,5645.6819064
2025-10-18 00:42:09.847,106764.03,0.01874,2000.7579222
2025-10-18 00:42:09.856,106764.03,0.01873,1999.6902819
2025-10-18 00:42:09.869,106764.03,0.028,2989.39284
2025-10-18 00:42:09.874,106764.03,0.00937,1000.3789611
2025-10-18 00:42:09.875,106764.03,0.00936,999.3113208
2025-10-18 00:42:09.887,106764.03,0.028,2989.39284
2025-10-18 00:42:09.894,106765.75,5e-05,5.3382875
2025-10-18 00:42:09.918,106765.75,0.0019,202.854925
2025-10-18 00:42:09.959,106765.76,0.00138,147.33674879999998
2025-10-18 00:42:09.983,106765.76,0.00031,33.097385599999996
2025-10-18 00:42:09.995,106765.85,0.00073,77.9390705
2025-10-18 00:42:09.996,106768.74,0.00015,16.015311
2025-10-18 00:42:09.998,106772.29,0.00015,16.0158435
2025-10-18 00:42:09.999,106772.3,0.00075,80.07922500000001
2025-10-18 00:42:10.135,106773.59,0.00937,1000.4685383
2025-10-18 00:42:10.206,106773.59,5e-05,5.3386795000000005
2025-10-18 00:42:10.263,106773.59,0.00163,174.0409517
2025-10-18 00:42:10.519,106773.59,0.00026,27.761133399999995
2025-10-18 00:42:10.569,106773.59,0.00773,825.3598506999999
2025-10-18 00:42:10.597,106773.59,0.18682,19947.4420838
2025-10-18 00:42:10.598,106774.89,0.0001,10.677489000000001
2025-10-18 00:42:10.600,106775.5,0.00021,22.422855000000002
2025-10-18 00:42:10.601,106782.0,6e-05,6.40692
2025-10-18 00:42:10.611,106784.44,0.00844,901.2606736
2025-10-18 00:42:10.634,106784.44,0.00093,99.30952920000001
2025-10-18 00:42:10.651,106784.45,0.0009,96.106005
2025-10-18 00:42:10.652,106785.99,0.0002,21.357198
2025-10-18 00:42:12.263,106786.21,0.00046,49.1216566
2025-10-18 00:42:13.470,106786.21,0.00051,54.460967100000005
2025-10-18 00:42:13.862,106786.21,0.00495,528.5917395000001
2025-10-18 00:42:14.055,106786.2,0.00184,196.486608
2025-10-18 00:42:14.437,106786.2,0.0006,64.07172
2025-10-18 00:42:14.515,106786.21,0.02822,3013.5068462
2025-10-18 00:42:14.523,106796.0,0.00936,999.6105600000001
2025-10-18 00:42:14.535,106796.0,0.00239,255.24244000000002
2025-10-18 00:42:14.548,106798.25,0.00265,283.0153625
2025-10-18 00:42:14.562,106799.07,0.00181,193.3063167
2025-10-18 00:42:14.565,106799.08,0.00085,90.779218
2025-10-18 00:42:14.589,106799.08,0.00075,80.09931
2025-10-18 00:42:14.615,106799.62,0.00135,144.179487
2025-10-18 00:42:14.629,106799.9,0.00055,58.739945
2025-10-18 00:42:14.630,106799.9,0.00073,77.963927
2025-10-18 00:42:14.655,106799.9,0.00156,166.607844
2025-10-18 00:42:14.715,106799.91,0.00227,242.4357957
2025-10-18 00:42:14.750,106799.92,0.00225,240.29981999999998
2025-10-18 00:42:14.782,106800.0,0.00088,93.98400000000001
2025-10-18 00:42:15.336,106800.0,0.00312,333.216
2025-10-18 00:42:15.353,106800.0,0.00074,79.032
2025-10-18 00:42:15.508,106800.0,0.00848,905.664
2025-10-18 00:42:15.512,106799.99,0.02764,2951.9517236
2025-10-18 00:42:15.631,106800.0,0.00111,118.54800000000002
2025-10-18 00:42:15.632,106799.99,0.00044,46.9919956
2025-10-18 00:42:15.751,106800.0,0.0001,10.68
2025-10-18 00:42:16.025,106802.19,0.00215,229.6247085
2025-10-18 00:42:16.026,106802.19,0.00715,763.6356585
2025-10-18 00:42:16.317,106805.55,5e-05,5.3402775
2025-10-18 00:42:16.333,106810.75,0.00015,16.0216125
2025-10-18 00:42:16.576,106810.75,7e-05,7.476752499999999
2025-10-18 00:42:16.745,106810.76,5e-05,5.340538
2025-10-18 00:42:17.271,106810.76,0.00047,50.201057199999994
2025-10-18 00:42:17.612,106810.76,7e-05,7.476753199999999
2025-10-18 00:42:17.662,106810.76,0.00047,50.201057199999994
2025-10-18 00:42:17.882,106810.76,7e-05,7.476753199999999
2025-10-18 00:42:17.970,106810.76,0.0001,10.681076
2025-10-18 00:42:18.175,106810.76,0.00019,20.2940444
2025-10-18 00:42:18.392,106810.75,0.00014,14.953504999999998
2025-10-18 00:42:18.775,106810.76,0.00023,24.566474799999998
2025-10-18 00:42:18.937,106810.76,0.00039,41.6561964
2025-10-18 00:42:19.223,106810.75,0.00048,51.26916
2025-10-18 00:42:19.240,106810.76,0.0001,10.681076
2025-10-18 00:42:19.284,106810.76,0.00029,30.975120399999998
2025-10-18 00:42:19.583,106810.76,0.00469,500.94246439999995
2025-10-18 00:42:19.681,106810.76,0.0001,10.681076
2025-10-18 00:42:19.778,106810.76,0.00088,93.9934688
2025-10-18 00:42:19.781,106810.76,0.0003,32.043228
2025-10-18 00:42:19.870,106810.76,0.00049,52.337272399999996
2025-10-18 00:42:19.881,106810.76,0.00092,98.26589919999999
2025-10-18 00:42:20.284,106810.76,0.00025,26.70269
2025-10-18 00:42:20.332,106810.76,0.00076,81.1761776
2025-10-18 00:42:20.677,106810.76,0.00696,743.4028896
2025-10-18 00:42:21.397,106810.76,0.03794,4052.4002344
2025-10-18 00:42:21.399,106810.76,0.00102,108.9469752
2025-10-18 00:42:21.400,106810.76,0.00127,135.64966520000002
2025-10-18 00:42:22.089,106810.76,0.00014,14.953506399999998
2025-10-18 00:42:22.757,106810.76,0.00217,231.77934919999998
2025-10-18 00:42:23.548,106810.75,0.01,1068.1075
2025-10-18 00:42:24.003,106810.76,0.02773,2961.8623748
2025-10-18 00:42:24.315,106810.76,0.00235,251.00528599999998
2025-10-18 00:42:24.685,106810.76,0.01872,1999.4974272
2025-10-18 00:42:24.892,106810.75,5e-05,5.3405375
2025-10-18 00:42:25.003,106810.76,0.00047,50.201057199999994
2025-10-18 00:42:25.246,106810.76,0.00163,174.1015388
2025-10-18 00:42:25.329,106810.75,0.00027,28.8389025
2025-10-18 00:42:25.367,106810.75,0.24729,26413.2303675
2025-10-18 00:42:25.609,106810.75,0.2639,28187.356925000004
2025-10-18 00:42:25.641,106810.75,0.03985,4256.4083875
2025-10-18 00:42:25.642,106810.74,0.00732,781.8546168
2025-10-18 00:42:25.643,106810.59,0.00015,16.021588499999996
2025-10-18 00:42:25.652,106810.27,9e-05,9.612924300000001
2025-10-18 00:42:25.671,106810.27,0.03788,4045.9730276
2025-10-18 00:42:25.706,106810.27,0.09207,9834.0215589
2025-10-18 00:42:25.742,106810.27,0.07388,7891.142747600001
2025-10-18 00:42:25.766,106810.27,0.11476,12257.5465852
2025-10-18 00:42:25.768,106807.92,5e-05,5.340396
2025-10-18 00:42:25.772,106806.48,0.00305,325.759764
2025-10-18 00:42:25.808,106806.48,0.00226,241.38264479999998
2025-10-18 00:42:25.843,106804.33,0.0002,21.360866
2025-10-18 00:42:25.886,106800.06,0.25414,27142.167248399997
2025-10-18 00:42:25.917,106799.61,0.00068,72.62373480000001
2025-10-18 00:42:25.922,106798.36,0.012,1281.58032
2025-10-18 00:42:25.923,106798.36,0.012,1281.58032
2025-10-18 00:42:25.957,106798.36,0.12599,13455.525376399999
2025-10-18 00:42:25.996,106798.36,0.07445,7951.137902
2025-10-18 00:42:26.985,106798.37,0.00091,97.1865167
2025-10-18 00:42:27.235,106798.36,0.00047,50.1952292
2025-10-18 00:42:27.594,106798.37,0.01105,1180.1219885
2025-10-18 00:42:28.713,106798.36,0.00045,48.059262
2025-10-18 00:42:28.827,106798.37,0.00055,58.7391035
2025-10-18 00:42:29.138,106798.36,0.00101,107.86634360000001
2025-10-18 00:42:29.319,106798.37,0.01573,1679.9383601
2025-10-18 00:42:29.368,106798.37,9e-05,9.6118533
2025-10-18 00:42:31.581,106798.36,0.0001,10.679836
2025-10-18 00:42:31.683,106798.36,0.02401,2564.2286236
2025-10-18 00:42:31.715,106797.19,5e-05,5.3398595
2025-10-18 00:42:31.718,106797.19,0.0002,21.359438
2025-10-18 00:42:31.719,106797.19,0.0002,21.359438
2025-10-18 00:42:31.777,106797.2,0.04681,4999.176931999999
2025-10-18 00:42:32.117,106797.2,0.00253,270.196916
2025-10-18 00:42:32.148,106797.19,0.012,1281.56628
2025-10-18 00:42:32.149,106797.19,0.012,1281.56628
2025-10-18 00:42:32.338,106797.19,0.06656,7108.420966399999
2025-10-18 00:42:32.339,106797.18,0.00095,101.457321
2025-10-18 00:42:32.375,106795.0,0.24219,25864.68105
2025-10-18 00:42:32.415,106795.0,0.00263,280.87085
2025-10-18 00:42:32.441,106794.13,5e-05,5.3397065
2025-10-18 00:42:32.445,106793.95,0.00095,101.4542525
2025-10-18 00:42:32.451,106793.95,0.00108,115.33746599999999
2025-10-18 00:42:32.462,106793.94,0.0023,245.626062
2025-10-18 00:42:32.486,106791.96,0.00488,521.1447648
2025-10-18 00:42:32.488,106791.96,0.00098,104.6561208
2025-10-18 00:42:32.490,106791.96,0.00102,108.92779920000001
2025-10-18 00:42:32.493,106791.96,0.00076,81.16188960000001
2025-10-18 00:42:32.501,106791.07,0.0009,96.111963
2025-10-18 00:42:32.503,106789.31,0.00325,347.0652575
2025-10-18 00:42:32.505,106789.31,0.0003,32.036792999999996
2025-10-18 00:42:32.506,106789.31,0.0009,96.110379
2025-10-18 00:42:32.508,106789.3,0.001,106.78930000000001
2025-10-18 00:42:32.510,106788.4,0.0001,10.67884
2025-10-18 00:42:32.512,106787.69,0.00772,824.4009668000001
2025-10-18 00:42:32.513,106787.69,0.05585,5964.0924865
2025-10-18 00:42:32.514,106787.69,0.05274,5631.982770600001
2025-10-18 00:42:32.553,106787.61,0.0001,10.678761
2025-10-18 00:42:32.559,106787.33,0.012,1281.44796
2025-10-18 00:42:32.560,106787.33,0.012,1281.44796
2025-10-18 00:42:32.608,106787.33,0.01498,1599.6742034000001
2025-10-18 00:42:32.698,106787.33,0.00106,113.1945698
2025-10-18 00:42:32.700,106785.3,0.04375,4671.8568749999995
2025-10-18 00:42:32.701,106785.29,0.0002,21.357058
2025-10-18 00:42:32.704,106782.76,0.00015,16.017414
2025-10-18 00:42:32.717,106782.71,0.03118,3329.4848978
2025-10-18 00:42:32.731,106782.71,0.00925,987.7400675
2025-10-18 00:42:32.736,106782.14,0.00025,26.695535
2025-10-18 00:42:32.745,106779.23,0.0003,32.033769
2025-10-18 00:42:32.763,106776.87,8e-05,8.5421496
2025-10-18 00:42:32.786,106775.52,0.28852,30806.873030400002
2025-10-18 00:42:32.816,106775.52,0.05257,5613.1890864
2025-10-18 00:42:32.849,106775.52,0.00231,246.6514512
2025-10-18 00:42:32.878,106772.25,6e-05,6.406335
2025-10-18 00:42:32.896,106769.0,6e-05,6.40614
2025-10-18 00:42:32.920,106768.88,0.00156,166.5594528
2025-10-18 00:42:32.944,106768.88,0.0002,21.353776000000003
2025-10-18 00:42:33.526,106768.88,0.00503,537.0474664
2025-10-18 00:42:33.685,106768.88,0.00465,496.47529199999997
2025-10-18 00:42:33.969,106768.89,0.00355,379.0295595
2025-10-18 00:42:35.056,106768.89,0.00145,154.8148905
2025-10-18 00:42:36.506,106768.89,0.0002,21.353778000000002
2025-10-18 00:42:37.770,106768.89,0.0006,64.06133399999999
2025-10-18 00:42:38.421,106768.89,0.00188,200.7255132
2025-10-18 00:42:38.596,106768.89,0.00468,499.6784052
2025-10-18 00:42:41.577,106768.88,8e-05,8.541510400000002
2025-10-18 00:42:41.579,106768.89,7e-05,7.473822299999999
2025-10-18 00:42:41.779,106768.88,0.01498,1599.3978224
2025-10-18 00:42:41.917,106768.88,0.012,1281.22656
2025-10-18 00:42:42.339,106768.89,0.00173,184.7101797
2025-10-18 00:42:43.506,106768.89,0.00096,102.4981344
2025-10-18 00:42:43.522,106768.89,0.0095,1014.304455
2025-10-18 00:42:43.587,106768.88,0.00052,55.519817599999996
2025-10-18 00:42:44.471,106768.88,0.03056,3262.8569728
2025-10-18 00:42:46.904,106768.89,0.00012,12.8122668
2025-10-18 00:42:47.335,106768.88,0.24134,25767.601499200002
2025-10-18 00:42:47.337,106768.88,0.013,1387.99544
2025-10-18 00:42:47.375,106768.88,0.02364,2524.0163232000004
2025-10-18 00:42:47.382,106768.88,0.00047,50.1813736
2025-10-18 00:42:47.408,106768.88,0.01921,2051.0301848000004
2025-10-18 00:42:47.415,106766.16,0.00015,16.014924
2025-10-18 00:42:48.125,106766.16,0.00047,50.1800952
2025-10-18 00:42:48.355,106766.15,0.013,1387.95995
2025-10-18 00:42:48.501,106766.15,0.00012,12.811938
2025-10-18 00:42:49.391,106766.16,0.00029,30.9621864
2025-10-18 00:42:49.539,106766.15,0.013,1387.95995
2025-10-18 00:42:49.540,106766.15,0.013,1387.95995
2025-10-18 00:42:49.668,106766.15,0.0004,42.70646
2025-10-18 00:42:50.702,106766.15,0.013,1387.95995
2025-10-18 00:42:50.886,106766.16,0.00892,952.3541472000002
2025-10-18 00:42:50.938,106766.16,0.00012,12.811939200000001
2025-10-18 00:42:51.079,106766.16,0.00042,44.841787200000006
2025-10-18 00:42:52.811,106766.15,8e-05,8.541292
2025-10-18 00:42:53.597,106766.15,0.0409,4366.735535
2025-10-18 00:42:53.617,106766.16,0.0007,74.736312
2025-10-18 00:42:54.614,106766.15,0.00029,30.9621835
2025-10-18 00:42:55.111,106766.15,0.00047,50.1800905
2025-10-18 00:42:55.884,106766.16,0.00047,50.1800952
2025-10-18 00:42:55.891,106766.16,0.01429,1525.6884264
2025-10-18 00:42:56.677,106766.15,0.00016,17.082584
2025-10-18 00:42:58.870,106766.15,0.01361,1453.0873015
2025-10-18 00:42:59.111,106766.15,0.0036,384.35814
2025-10-18 00:42:59.283,106766.16,0.00013,13.879600799999999
2025-10-18 00:42:59.762,106766.16,0.00103,109.96914480000001
2025-10-18 00:42:59.827,106766.16,0.00093,99.29252880000001
2025-10-18 00:43:00.133,106766.15,0.002,213.5323
2025-10-18 00:43:00.271,106766.16,0.00159,169.7581944
2025-10-18 00:43:01.166,106766.15,0.00017,18.1502455
2025-10-18 00:43:01.264,106766.16,0.0001,10.676616000000001
2025-10-18 00:43:02.690,106766.16,0.00014,14.9472624
2025-10-18 00:43:03.244,106766.16,0.01311,1399.7043576
2025-10-18 00:43:04.715,106771.98,0.00015,16.015797
2025-10-18 00:43:04.789,106771.99,0.00029,30.9638771
2025-10-18 00:43:04.838,106771.98,0.00655,699.356469
2025-10-18 00:43:04.915,106775.55,0.00015,16.0163325
2025-10-18 00:43:05.715,106779.57,0.003,320.33871000000005
2025-10-18 00:43:06.283,106780.14,0.00027,28.8306378
2025-10-18 00:43:07.181,106780.14,9e-05,9.6102126
2025-10-18 00:43:07.822,106780.13,0.23712,25319.7044256
2025-10-18 00:43:07.855,106780.13,0.07342,7839.7971446
2025-10-18 00:43:08.033,106780.14,0.00029,30.9662406
2025-10-18 00:43:08.197,106780.13,0.00699,746.3931087
2025-10-18 00:43:08.945,106780.13,0.0004,42.71205200000001
2025-10-18 00:43:09.001,106780.14,0.00011,11.7458154
2025-10-18 00:43:09.303,106780.13,0.00017,18.152622100000002
2025-10-18 00:43:09.381,106780.14,0.0055,587.29077
2025-10-18 00:43:10.988,106780.13,0.01873,1999.9918349000002
2025-10-18 00:43:12.024,106780.13,0.00606,647.0875878
2025-10-18 00:43:12.215,106777.0,5e-05,5.33885
2025-10-18 00:43:12.586,106776.47,0.00034,36.3039998
2025-10-18 00:43:13.123,106776.47,0.0197,2103.496459
2025-10-18 00:43:13.575,106776.47,7e-05,7.4743528999999995
2025-10-18 00:43:14.762,106776.46,0.012,1281.31752
2025-10-18 00:43:15.561,106776.46,0.00378,403.61501880000003
2025-10-18 00:43:15.566,106774.6,0.00025,26.69365
2025-10-18 00:43:15.567,106774.59,0.14934,15945.7172706
2025-10-18 00:43:15.570,106766.14,0.00406,433.47052840000003
2025-10-18 00:43:15.571,106766.14,0.00547,584.0107858
2025-10-18 00:43:16.576,106766.14,7e-05,7.473629799999999
2025-10-18 00:43:16.935,106766.15,0.00075,80.0746125
2025-10-18 00:43:17.729,106766.15,0.0011,117.442765
2025-10-18 00:43:18.233,106766.14,0.00047,50.1800858
2025-10-18 00:43:18.589,106766.15,0.00073,77.93928949999999
2025-10-18 00:43:18.696,106766.14,8e-05,8.5412912
2025-10-18 00:43:18.720,106766.15,0.00606,647.002869
2025-10-18 00:43:19.544,106766.14,0.0005,53.383070000000004
2025-10-18 00:43:20.053,106766.15,9e-05,9.6089535
2025-10-18 00:43:20.925,106766.15,0.00093,99.2925195
2025-10-18 00:43:22.002,106766.15,0.00284,303.215866
2025-10-18 00:43:22.032,106766.15,0.00018,19.217907
2025-10-18 00:43:22.033,106766.15,0.00187,199.65270049999998
2025-10-18 00:43:22.965,106766.15,0.01763,1882.2872244999999
2025-10-18 00:43:23.243,106766.14,8e-05,8.5412912
2025-10-18 00:43:23.569,106766.15,0.0068,726.0098199999999
2025-10-18 00:43:23.652,106766.15,0.00026,27.759198999999995
2025-10-18 00:43:24.362,106766.15,8e-05,8.541292
2025-10-18 00:43:24.862,106766.15,0.00094,100.360181
2025-10-18 00:43:25.693,106766.14,0.01,1067.6614
2025-10-18 00:43:25.770,106766.15,0.00075,80.0746125
2025-10-18 00:43:25.991,106766.14,0.00047,50.1800858
2025-10-18 00:43:26.332,106766.14,0.00025,26.691535000000002
2025-10-18 00:43:26.940,106766.15,0.0003,32.029844999999995
2025-10-18 00:43:27.153,106766.14,0.00022,23.488550800000002
2025-10-18 00:43:27.924,106766.15,0.00178,190.04374699999997
2025-10-18 00:43:28.138,106766.15,0.09446,10085.130529
2025-10-18 00:43:30.575,106766.14,0.001,106.76614000000001
2025-10-18 00:43:31.919,106766.15,0.09363,9996.5146245
2025-10-18 00:43:32.037,106766.15,0.00936,999.331164
2025-10-18 00:43:32.306,106766.15,0.00135,144.1343025
2025-10-18 00:43:32.307,106766.15,0.00057,60.8567055
2025-10-18 00:43:32.747,106766.14,0.02461,2627.5147054
2025-10-18 00:43:33.592,106766.14,0.00085,90.75121899999999
2025-10-18 00:43:34.152,106766.14,0.00376,401.4406864
2025-10-18 00:43:34.178,106766.14,0.013,1387.95982
2025-10-18 00:43:34.197,106766.14,0.009,960.8952599999999
2025-10-18 00:43:34.237,106766.14,0.0011,117.44275400000001
2025-10-18 00:43:34.601,106766.15,0.00047,50.1800905
2025-10-18 00:43:34.661,106766.15,9e-05,9.6089535
2025-10-18 00:43:34.677,106766.15,0.00026,27.759198999999995
2025-10-18 00:43:35.119,106766.15,0.00023,24.5562145
2025-10-18 00:43:36.118,106766.15,0.00535,571.1989024999999
2025-10-18 00:43:36.553,106766.15,0.05207,5559.313430499999
2025-10-18 00:43:36.554,106766.15,0.00937,1000.3988254999999
2025-10-18 00:43:36.607,106766.14,0.013,1387.95982
2025-10-18 00:43:36.608,106766.14,0.013,1387.95982
2025-10-18 00:43:38.345,106766.15,0.00343,366.20789449999995
2025-10-18 00:43:38.775,106766.14,0.00913,974.7748581999999
2025-10-18 00:43:38.943,106766.15,4e-05,4.270646
2025-10-18 00:43:39.059,106766.15,5e-05,5.3383075
2025-10-18 00:43:39.481,106766.15,0.00015,16.014922499999997
2025-10-18 00:43:39.785,106766.15,0.00019,20.2855685
2025-10-18 00:43:40.861,106766.15,0.00031,33.0975065
2025-10-18 00:43:40.863,106766.15,0.00256,273.321344
2025-10-18 00:43:42.524,106766.15,0.00771,823.1670164999999
2025-10-18 00:43:42.893,106766.15,0.00089,95.02187349999998
2025-10-18 00:43:44.885,106766.15,0.00056,59.78904399999999
2025-10-18 00:43:45.238,106766.14,0.00563,601.0933682
2025-10-18 00:43:45.641,106766.15,0.00284,303.215866
2025-10-18 00:43:47.323,106766.14,0.02667,2847.4529537999997
2025-10-18 00:43:47.416,106766.15,0.00019,20.2855685
2025-10-18 00:43:48.063,106766.14,0.00019,20.285566600000003
2025-10-18 00:43:49.024,106766.14,0.00019,20.285566600000003
2025-10-18 00:43:49.616,106766.14,0.00076,81.14226640000001
2025-10-18 00:43:50.028,106766.14,7e-05,7.473629799999999
2025-10-18 00:43:50.706,106766.15,0.00944,1007.8724559999999
2025-10-18 00:43:51.347,106766.14,0.0029,309.621806
2025-10-18 00:43:53.571,106766.15,4e-05,4.270646
2025-10-18 00:43:54.039,106766.15,0.00488,521.0188119999999
2025-10-18 00:43:54.485,106766.15,0.00035,37.3681525
2025-10-18 00:43:55.395,106766.14,0.00147,156.9462258
2025-10-18 00:43:56.138,106766.15,0.00859,917.1212285
2025-10-18 00:43:56.578,106766.14,8e-05,8.5412912
2025-10-18 00:43:57.177,106766.14,0.70735,75521.029129
2025-10-18 00:43:57.372,106766.14,0.00465,496.46255099999996
2025-10-18 00:43:58.069,106766.15,0.00066,70.465659
2025-10-18 00:44:00.118,106766.15,6e-05,6.405969
2025-10-18 00:44:01.239,106766.15,0.00013,13.879599499999998
2025-10-18 00:44:01.388,106766.15,0.00059,62.992028499999996
2025-10-18 00:44:03.213,106766.15,0.00018,19.217907
2025-10-18 00:44:03.281,106766.15,0.0002,21.35323
2025-10-18 00:44:03.799,106766.15,0.00121,129.1870415
2025-10-18 00:44:03.917,106766.15,0.00102,108.901473
2025-10-18 00:44:04.322,106766.15,0.00115,122.7810725
2025-10-18 00:44:04.710,106766.14,0.00047,50.1800858
2025-10-18 00:44:05.547,106766.15,0.0499,5327.630885
2025-10-18 00:44:05.549,106766.15,0.00833,889.3620295000001
2025-10-18 00:44:05.551,106771.74,5e-05,5.338587
2025-10-18 00:44:05.563,106772.49,0.00015,16.015873499999998
2025-10-18 00:44:05.565,106777.65,0.00597,637.4625705
2025-10-18 00:44:05.593,106777.65,0.028,2989.7742
2025-10-18 00:44:05.618,106777.65,0.027,2882.99655
2025-10-18 00:44:06.148,106777.65,0.00024,25.626635999999998
2025-10-18 00:44:06.466,106778.75,6e-05,6.406725
2025-10-18 00:44:07.131,106780.0,0.00019,20.2882
2025-10-18 00:44:08.113,106780.0,0.00062,66.2036
2025-10-18 00:44:08.418,106780.0,0.0001,10.678
2025-10-18 00:44:08.948,106779.99,0.00046,49.1187954
2025-10-18 00:44:10.538,106779.99,0.00187,199.6785813
2025-10-18 00:44:10.719,106780.0,0.00026,27.7628
2025-10-18 00:44:11.031,106779.99,0.00015,16.0169985
2025-10-18 00:44:11.297,106779.99,0.0068,726.103932
2025-10-18 00:44:11.358,106779.99,0.00138,147.3563862
2025-10-18 00:44:11.777,106780.0,0.00015,16.017
2025-10-18 00:44:12.025,106779.99,0.00011,11.7457989
2025-10-18 00:44:12.112,106780.0,0.00104,111.0512
2025-10-18 00:44:12.638,106780.0,0.00023,24.5594
2025-10-18 00:44:13.274,106780.0,0.00281,300.0518
2025-10-18 00:44:14.007,106780.0,0.00855,912.969
2025-10-18 00:44:14.136,106780.0,0.03436,3668.9608000000003
2025-10-18 00:44:14.178,106780.0,0.00281,300.0518
2025-10-18 00:44:14.978,106779.99,0.0039,416.441961
2025-10-18 00:44:15.112,106780.0,0.028,2989.84
2025-10-18 00:44:15.127,106780.0,0.028,2989.84
2025-10-18 00:44:15.287,106780.0,0.00281,300.0518
2025-10-18 00:44:15.740,106779.99,8e-05,8.542399200000002
2025-10-18 00:44:15.932,106780.0,0.00056,59.7968
2025-10-18 00:44:15.943,106780.0,0.00057,60.864599999999996
2025-10-18 00:44:16.033,106779.99,0.00048,51.254395200000005
2025-10-18 00:44:16.348,106780.0,0.00281,300.0518
2025-10-18 00:44:16.482,106780.0,4e-05,4.2712
2025-10-18 00:44:16.681,106780.0,0.00017,18.1526
2025-10-18 00:44:16.726,106780.0,7e-05,7.4746
2025-10-18 00:44:16.948,106780.0,0.0013,138.814
2025-10-18 00:44:16.969,106780.0,0.00094,100.3732
2025-10-18 00:44:16.992,106780.0,7e-05,7.4746
2025-10-18 00:44:17.010,106780.0,0.0001,10.678
2025-10-18 00:44:17.025,106780.0,0.0001,10.678
2025-10-18 00:44:17.032,106780.0,0.00029,30.9662
2025-10-18 00:44:17.123,106780.0,0.0001,10.678
2025-10-18 00:44:17.159,106780.0,0.00281,300.0518
2025-10-18 00:44:17.182,106780.0,0.00047,50.1866
2025-10-18 00:44:17.220,106780.0,0.00018,19.2204
2025-10-18 00:44:17.297,106780.0,0.00458,489.0524
2025-10-18 00:44:17.319,106780.0,0.0001,10.678
2025-10-18 00:44:17.431,106780.0,0.00094,100.3732
2025-10-18 00:44:17.871,106780.0,8e-05,8.5424
2025-10-18 00:44:17.943,106780.0,0.00019,20.2882
2025-10-18 00:44:17.981,106780.0,9e-05,9.6102
2025-10-18 00:44:18.113,106780.0,0.00188,200.7464
2025-10-18 00:44:18.133,106780.0,0.00015,16.017
2025-10-18 00:44:18.160,106780.0,0.0001,10.678
2025-10-18 00:44:18.222,106780.0,0.00018,19.2204
2025-10-18 00:44:18.225,106780.0,0.00094,100.3732
2025-10-18 00:44:18.269,106780.0,0.0001,10.678
2025-10-18 00:44:18.283,106780.0,0.00012,12.813600000000001
2025-10-18 00:44:18.345,106780.0,0.006,640.6800000000001
2025-10-18 00:44:18.364,106779.99,0.006,640.6799400000001
2025-10-18 00:44:18.573,106780.0,0.009,961.02
2025-10-18 00:44:18.638,106780.0,0.00094,100.3732
2025-10-18 00:44:18.691,106780.0,0.00011,11.745800000000001
2025-10-18 00:44:18.770,106780.0,0.00225,240.255
2025-10-18 00:44:18.841,106780.0,0.001,106.78
2025-10-18 00:44:19.075,106780.0,0.0001,10.678
2025-10-18 00:44:19.112,106780.0,0.012,1281.3600000000001
2025-10-18 00:44:19.120,106780.0,0.028,2989.84
2025-10-18 00:44:19.123,106780.0,0.00013,13.8814
2025-10-18 00:44:19.209,106780.0,0.00015,16.017
2025-10-18 00:44:19.607,106780.0,0.00281,300.0518
2025-10-18 00:44:19.713,106780.0,0.00033,35.2374
2025-10-18 00:44:20.596,106780.0,0.00281,300.0518
2025-10-18 00:44:21.124,106780.0,0.001,106.78
2025-10-18 00:44:21.260,106779.99,0.006,640.6799400000001
2025-10-18 00:44:21.286,106780.0,0.04682,4999.4396
2025-10-18 00:44:21.332,106780.0,5e-05,5.339
2025-10-18 00:44:21.568,106780.0,0.00448,478.3744
2025-10-18 00:44:21.582,106779.99,8e-05,8.542399200000002
2025-10-18 00:44:21.795,106780.0,0.00018,19.2204
2025-10-18 00:44:21.817,106780.0,0.00282,301.1196
2025-10-18 00:44:21.934,106780.0,0.00281,300.0518
2025-10-18 00:44:21.938,106779.99,0.00061,65.1357939
2025-10-18 00:44:22.820,106779.99,0.0001,10.677999000000002
2025-10-18 00:44:22.879,106780.0,0.00468,499.73040000000003
2025-10-18 00:44:23.081,106780.0,0.00281,300.0518
2025-10-18 00:44:23.215,106780.0,0.00113,120.66139999999999
2025-10-18 00:44:23.634,106780.0,0.00013,13.8814
2025-10-18 00:44:23.703,106780.0,0.00079,84.3562
2025-10-18 00:44:24.070,106779.99,0.006,640.6799400000001
2025-10-18 00:44:25.736,106779.99,0.00687,733.5785313
2025-10-18 00:44:25.951,106780.0,0.00253,270.15340000000003
2025-10-18 00:44:26.014,106780.0,0.00187,199.6786
2025-10-18 00:44:26.982,106779.99,0.006,640.6799400000001
2025-10-18 00:44:27.115,106779.33,0.00015,16.016899499999997
2025-10-18 00:44:27.236,106779.32,0.00459,490.11707880000006
2025-10-18 00:44:27.239,106779.31,0.0009,96.101379
2025-10-18 00:44:27.263,106777.65,0.00015,16.016647499999998
2025-10-18 00:44:27.385,106777.64,0.00032,34.1688448
2025-10-18 00:44:27.916,106777.64,0.003,320.33292
2025-10-18 00:44:27.917,106777.64,0.003,320.33292
2025-10-18 00:44:28.132,106777.65,0.00047,50.185495499999995
2025-10-18 00:44:28.511,106777.65,0.00103,109.9809795
2025-10-18 00:44:28.839,106777.65,0.00017,18.1522005
2025-10-18 00:44:29.215,106777.37,0.00045,48.0498165
2025-10-18 00:44:29.305,106777.37,0.00084,89.6929908
2025-10-18 00:44:29.840,106777.37,0.00937,1000.5039568999999
2025-10-18 00:44:29.859,106777.37,0.00019,20.2877003
2025-10-18 00:44:29.927,106777.36,0.006,640.66416
2025-10-18 00:44:30.461,106777.37,0.00631,673.7652046999999
2025-10-18 00:44:30.682,106777.37,0.00016,17.0843792
2025-10-18 00:44:30.894,106777.36,0.00016,17.0843776
2025-10-18 00:44:32.019,106777.36,0.00012,12.8132832
2025-10-18 00:44:32.710,106777.36,0.006,640.66416
2025-10-18 00:44:34.047,106777.36,0.012,1281.32832
2025-10-18 00:44:34.048,106777.36,0.012,1281.32832
2025-10-18 00:44:34.858,106777.36,0.00582,621.4442352
2025-10-18 00:44:35.390,106777.36,0.006,640.66416
2025-10-18 00:44:35.397,106777.36,0.00067,71.5408312
2025-10-18 00:44:36.260,106777.37,0.00017,18.1521529
2025-10-18 00:44:36.358,106777.37,0.01873,1999.9401401
2025-10-18 00:44:36.621,106777.37,0.00037,39.5076269
2025-10-18 00:44:36.622,106777.37,0.00037,39.5076269
2025-10-18 00:44:36.646,106777.37,0.0008,85.421896
2025-10-18 00:44:36.914,106777.37,4e-05,4.2710948
2025-10-18 00:44:37.591,106777.37,0.00786,839.2701282
2025-10-18 00:44:37.737,106777.37,0.00187,199.6736819
2025-10-18 00:44:37.748,106777.37,0.00169,180.4537553
2025-10-18 00:44:37.809,106777.36,0.012,1281.32832
2025-10-18 00:44:38.149,106777.36,0.012,1281.32832
2025-10-18 00:44:38.150,106777.36,0.012,1281.32832
2025-10-18 00:44:38.219,106777.36,0.006,640.66416
2025-10-18 00:44:38.273,106777.37,0.00616,657.7485992
2025-10-18 00:44:38.344,106777.37,0.00047,50.1853639
2025-10-18 00:44:39.204,106777.36,0.00018,19.2199248
2025-10-18 00:44:39.278,106777.37,0.00047,50.1853639
2025-10-18 00:44:40.996,106777.36,0.012,1281.32832
2025-10-18 00:44:41.108,106777.36,0.006,640.66416
2025-10-18 00:44:42.324,106777.36,9e-05,9.6099624
2025-10-18 00:44:42.426,106777.37,0.00016,17.0843792
2025-10-18 00:44:43.016,106777.36,0.012,1281.32832
2025-10-18 00:44:43.483,106777.36,0.01012,1080.5868832
2025-10-18 00:44:43.849,106777.36,0.006,640.66416
2025-10-18 00:44:43.970,106777.36,0.012,1281.32832
2025-10-18 00:44:44.331,106777.37,0.00029,30.965437299999998
2025-10-18 00:44:45.185,106777.37,0.00024,25.6265688
2025-10-18 00:44:45.203,106777.37,0.04966,5302.5641942
2025-10-18 00:44:45.579,106777.37,0.0003,32.033210999999994
2025-10-18 00:44:45.826,106777.37,0.00028,29.897663599999998
2025-10-18 00:44:46.184,106777.37,0.0175,1868.603975
2025-10-18 00:44:46.299,106777.36,0.00329,351.2975144
2025-10-18 00:44:46.302,106777.36,0.00456,486.9047616
2025-10-18 00:44:46.305,106777.36,0.00456,486.9047616
2025-10-18 00:44:46.306,106777.36,0.00287,306.4510232
2025-10-18 00:44:46.307,106777.36,0.00277,295.77328719999997
2025-10-18 00:44:46.616,106777.36,0.006,640.66416
2025-10-18 00:44:47.277,106777.37,0.00264,281.8922568
2025-10-18 00:44:48.392,106777.37,0.00814,869.1677917999999
2025-10-18 00:44:48.474,106777.36,0.00012,12.8132832
2025-10-18 00:44:49.606,106777.36,0.006,640.66416
2025-10-18 00:44:49.640,106777.37,0.00046,49.1175902
2025-10-18 00:44:50.756,106777.37,0.001,106.77736999999999
2025-10-18 00:44:50.832,106777.37,0.00013,13.881058099999999
2025-10-18 00:44:51.583,106777.36,7e-05,7.474415199999999
2025-10-18 00:44:52.068,106777.36,0.00045,48.049811999999996
2025-10-18 00:44:52.335,106777.37,0.00082,87.5574434
2025-10-18 00:44:52.337,106777.37,0.00046,49.1175902
2025-10-18 00:44:52.462,106777.36,0.00028,29.897660799999997
2025-10-18 00:44:52.466,106777.36,0.006,640.66416
2025-10-18 00:44:52.868,106777.37,7e-05,7.4744158999999994
2025-10-18 00:44:53.095,106777.37,0.0001,10.677737
2025-10-18 00:44:53.275,106777.37,0.00168,179.3859816
2025-10-18 00:44:53.462,106777.37,0.009,960.9963299999998
2025-10-18 00:44:54.139,106777.37,0.00012,12.8132844
2025-10-18 00:44:54.162,106777.37,0.00548,585.1399875999999
2025-10-18 00:44:54.600,106779.75,0.00479,511.4750025
2025-10-18 00:44:54.659,106779.75,6e-05,6.406785
2025-10-18 00:44:55.345,106779.74,0.006,640.67844
2025-10-18 00:44:55.943,106779.75,7e-05,7.4745824999999995
2025-10-18 00:44:56.585,106779.74,0.00011,11.7457714
2025-10-18 00:44:57.363,106779.75,0.00468,499.72923000000003
2025-10-18 00:44:57.524,106779.74,6e-05,6.4067844
2025-10-18 00:44:57.645,106779.75,0.02826,3017.595735
2025-10-18 00:44:58.125,106779.74,0.006,640.67844
2025-10-18 00:44:58.240,106779.74,0.00047,50.1864778
2025-10-18 00:44:58.455,106779.75,0.00198,211.423905
2025-10-18 00:44:58.918,106779.75,0.00017,18.1525575
2025-10-18 00:44:59.224,106779.75,0.00047,50.1864825
2025-10-18 00:44:59.318,106779.75,0.028,2989.833
2025-10-18 00:45:00.369,106779.75,7e-05,7.4745824999999995
2025-10-18 00:45:00.485,106779.75,5e-05,5.3389875
2025-10-18 00:45:00.519,106779.75,0.00064,68.33904000000001
2025-10-18 00:45:00.669,106779.75,0.05613,5993.5473675
2025-10-18 00:45:00.677,106779.74,0.00034,36.305111600000004
2025-10-18 00:45:01.000,106779.74,0.006,640.67844
2025-10-18 00:45:01.007,106779.75,1.46646,156588.232185
2025-10-18 00:45:01.010,106779.75,2.07001,221035.1502975
2025-10-18 00:45:01.241,106779.74,0.00025,26.694935
2025-10-18 00:45:03.548,106779.75,7e-05,7.4745824999999995
2025-10-18 00:45:03.850,106779.74,0.006,640.67844
2025-10-18 00:45:04.375,106779.75,0.00041,43.7796975
2025-10-18 00:45:04.686,106779.75,0.0003,32.033924999999996
2025-10-18 00:45:05.016,106779.74,7e-05,7.474581799999999
2025-10-18 00:45:05.769,106779.74,0.00052,55.525464799999995
2025-10-18 00:45:05.865,106779.75,0.00012,12.81357
2025-10-18 00:45:05.886,106779.74,0.012,1281.35688
2025-10-18 00:45:05.888,106779.74,0.012,1281.35688
2025-10-18 00:45:06.747,106779.74,0.006,640.67844
2025-10-18 00:45:07.087,106779.75,0.01873,1999.9847175
2025-10-18 00:45:08.367,106779.75,6e-05,6.406785
2025-10-18 00:45:08.441,106779.75,0.00197,210.3561075
2025-10-18 00:45:08.452,106779.74,0.00047,50.1864778
2025-10-18 00:45:08.704,106779.75,0.0003,32.033924999999996
2025-10-18 00:45:09.386,106779.74,0.00047,50.1864778
2025-10-18 00:45:09.601,106779.74,0.00091,97.1695634
2025-10-18 00:45:09.820,106779.74,0.006,640.67844
2025-10-18 00:45:10.218,106779.74,0.00018,19.2203532
2025-10-18 00:45:11.119,106779.74,6e-05,6.4067844
2025-10-18 00:45:11.447,106779.75,0.00375,400.4240625
2025-10-18 00:45:12.501,106779.74,0.00467,498.6613858
2025-10-18 00:45:12.512,106779.75,0.0002,21.35595
2025-10-18 00:45:12.756,106779.74,0.006,640.67844
2025-10-18 00:45:12.770,106779.74,8e-05,8.542379200000001
2025-10-18 00:45:13.382,106779.75,0.00043,45.9152925
2025-10-18 00:45:13.419,106779.75,8e-05,8.542380000000001
2025-10-18 00:45:13.521,106779.75,0.01466,1565.3911349999998
2025-10-18 00:45:13.607,106779.74,0.00085,90.762779
2025-10-18 00:45:14.487,106779.75,0.01873,1999.9847175
2025-10-18 00:45:14.818,106779.75,7e-05,7.4745824999999995
2025-10-18 00:45:14.825,106779.75,0.00065,69.4068375
2025-10-18 00:45:14.895,106779.74,0.0055,587.28857
2025-10-18 00:45:16.235,106779.74,0.00016,17.084758400000002
2025-10-18 00:45:16.575,106779.74,0.0001,10.677974
2025-10-18 00:45:17.198,106779.75,0.00065,69.4068375
2025-10-18 00:45:17.710,106779.74,7e-05,7.474581799999999
2025-10-18 00:45:18.041,106779.74,6e-05,6.4067844
2025-10-18 00:45:18.179,106779.75,0.00026,27.762735
2025-10-18 00:45:18.918,106779.75,0.00124,132.40689
2025-10-18 00:45:20.201,106779.75,6e-05,6.406785
2025-10-18 00:45:20.431,106779.75,0.00048,51.25428
2025-10-18 00:45:20.573,106779.75,0.06556,7000.480409999999
2025-10-18 00:45:20.904,106779.75,0.00409,436.7291775
2025-10-18 00:45:21.071,106779.75,0.00937,1000.5262574999999
2025-10-18 00:45:21.310,106779.74,0.012,1281.35688
2025-10-18 00:45:21.311,106779.74,0.012,1281.35688
2025-10-18 00:45:22.340,106779.74,0.00103,109.98313220000001
2025-10-18 00:45:22.809,106779.74,0.00023,24.5593402
2025-10-18 00:45:22.986,106779.75,7e-05,7.4745824999999995
2025-10-18 00:45:23.091,106779.75,0.00031,33.1017225
2025-10-18 00:45:23.149,106779.74,0.00095,101.440753
2025-10-18 00:45:23.200,106779.75,0.00455,485.8478625
2025-10-18 00:45:23.232,106779.75,8e-05,8.542380000000001
2025-10-18 00:45:23.811,106779.74,0.00382,407.89860680000004
2025-10-18 00:45:24.168,106779.74,0.012,1281.35688
2025-10-18 00:45:24.789,106779.74,6e-05,6.4067844
2025-10-18 00:45:25.353,106779.74,0.012,1281.35688
2025-10-18 00:45:25.642,106779.75,0.00667,712.2209325
2025-10-18 00:45:25.763,106779.74,0.012,1281.35688
2025-10-18 00:45:25.982,106779.75,0.00468,499.72923000000003
2025-10-18 00:45:26.098,106779.74,0.0001,10.677974
2025-10-18 00:45:27.762,106779.75,0.0001,10.677975
2025-10-18 00:45:27.951,106779.75,6e-05,6.406785
2025-10-18 00:45:28.203,106779.75,0.00144,153.76284
2025-10-18 00:45:29.333,106779.74,0.00047,50.1864778
2025-10-18 00:45:29.610,106779.74,0.00028,29.898327199999997
2025-10-18 00:45:30.276,106779.75,0.00047,50.1864825
2025-10-18 00:45:30.611,106779.75,0.00664,709.01754
2025-10-18 00:45:31.020,106779.74,6e-05,6.4067844
2025-10-18 00:45:31.374,106779.75,0.0006,64.06784999999999
2025-10-18 00:45:31.483,106779.74,0.00936,999.4583664
2025-10-18 00:45:32.376,106779.75,0.00046,49.118685
2025-10-18 00:45:33.046,106779.75,0.0005,53.389875
2025-10-18 00:45:34.657,106779.75,0.00459,490.1190525
2025-10-18 00:45:35.536,106779.74,0.00368,392.9494432
2025-10-18 00:45:35.538,106779.75,0.01718,1834.4761050000002
2025-10-18 00:45:35.837,106779.74,0.00038,40.5763012
2025-10-18 00:45:37.715,106779.75,0.00025,26.6949375
2025-10-18 00:45:37.724,106779.75,0.00087,92.8983825
2025-10-18 00:45:37.792,106779.74,0.00123,131.3390802
2025-10-18 00:45:38.424,106779.75,0.00126,134.542485
2025-10-18 00:45:38.704,106779.75,0.00094,100.372965
2025-10-18 00:45:40.471,106779.75,0.00183,195.4069425
2025-10-18 00:45:41.162,106779.75,7e-05,7.4745824999999995
2025-10-18 00:45:41.710,106779.75,0.00461,492.25464750000003
2025-10-18 00:45:42.026,106779.74,0.00013,13.881366199999999
2025-10-18 00:45:43.050,106779.74,0.012,1281.35688
2025-10-18 00:45:43.052,106779.74,0.012,1281.35688
2025-10-18 00:45:43.538,106779.74,9e-05,9.6101766
2025-10-18 00:45:44.646,106779.75,6e-05,6.406785
2025-10-18 00:45:44.683,106779.75,0.00188,200.74593
2025-10-18 00:45:45.291,106779.75,0.00016,17.084760000000003
2025-10-18 00:45:47.218,106779.75,0.00171,182.5933725
2025-10-18 00:45:47.526,106779.75,0.00936,999.4584600000001
2025-10-18 00:45:47.927,106779.75,0.17793,18999.3209175
2025-10-18 00:45:48.394,106779.74,0.00085,90.762779
2025-10-18 00:45:51.181,106779.75,0.00019,20.288152500000002
2025-10-18 00:45:51.458,106779.75,0.011,1174.5772499999998
2025-10-18 00:45:51.656,106779.75,0.01317,1406.2893075
2025-10-18 00:45:53.518,106779.74,0.012,1281.35688
2025-10-18 00:45:53.522,106779.75,0.00046,49.118685
2025-10-18 00:45:53.914,106779.75,0.00084,89.69499
2025-10-18 00:45:56.575,106779.74,7e-05,7.474581799999999
2025-10-18 00:45:57.774,106779.74,7e-05,7.474581799999999
2025-10-18 00:45:58.548,106779.75,0.00015,16.016962499999998
2025-10-18 00:45:58.774,106779.75,0.00074,79.017015
2025-10-18 00:45:58.933,106779.75,0.00046,49.118685
2025-10-18 00:45:59.391,106779.75,0.00213,227.4408675
2025-10-18 00:46:00.385,106779.74,0.00047,50.1864778
2025-10-18 00:46:00.700,106779.75,4e-05,4.271190000000001
2025-10-18 00:46:01.125,106779.75,0.00469,500.79702749999996
2025-10-18 00:46:01.128,106779.75,0.0002,21.35595
2025-10-18 00:46:01.156,106779.75,0.00018,19.220355
2025-10-18 00:46:01.718,106779.75,0.00506,540.3055350000001
2025-10-18 00:46:02.250,106779.75,0.00019,20.288152500000002
2025-10-18 00:46:02.357,106779.75,0.34049,36357.4370775
2025-10-18 00:46:02.358,106779.75,0.00025,26.6949375
2025-10-18 00:46:02.404,106779.76,0.01749,1867.5780023999998
2025-10-18 00:46:02.409,106780.02,0.0001,10.678002000000001
2025-10-18 00:46:02.410,106780.2,0.00015,16.01703
2025-10-18 00:46:02.412,106782.0,6e-05,6.40692
2025-10-18 00:46:02.416,106786.15,0.00427,455.9768605
2025-10-18 00:46:02.417,106788.66,0.00015,16.018299
2025-10-18 00:46:02.434,106789.99,0.0162,1729.997838
2025-10-18 00:46:02.456,106790.0,0.00936,999.5544
2025-10-18 00:46:03.058,106790.0,0.00022,23.4938
2025-10-18 00:46:03.825,106790.0,0.00019,20.290100000000002
2025-10-18 00:46:03.982,106790.0,0.0004,42.716
2025-10-18 00:46:04.031,106790.0,9e-05,9.6111
2025-10-18 00:46:04.884,106790.0,7e-05,7.475299999999999
2025-10-18 00:46:06.555,106790.0,0.0028,299.012
2025-10-18 00:46:06.924,106789.99,0.00654,698.4065346
2025-10-18 00:46:06.937,106790.0,9e-05,9.6111
2025-10-18 00:46:07.867,106790.0,0.028,2990.12
2025-10-18 00:46:07.886,106790.0,0.028,2990.12
2025-10-18 00:46:08.081,106790.0,0.00161,171.9319
2025-10-18 00:46:08.084,106789.99,0.00043,45.9196957
2025-10-18 00:46:08.085,106789.99,0.00043,45.9196957
2025-10-18 00:46:08.086,106789.99,0.00043,45.9196957
2025-10-18 00:46:08.121,106789.99,0.00259,276.5860741
2025-10-18 00:46:08.238,106789.99,0.00128,136.69118720000003
2025-10-18 00:46:08.240,106789.99,0.00194,207.17258060000003
2025-10-18 00:46:08.775,106790.0,0.00021,22.425900000000002
2025-10-18 00:46:09.383,106790.0,0.00937,1000.6223
2025-10-18 00:46:09.985,106790.0,0.00863,921.5977
2025-10-18 00:46:10.503,106789.99,0.01903,2032.2135097
2025-10-18 00:46:11.044,106789.99,0.00186,198.62938140000003
2025-10-18 00:46:11.236,106789.99,0.37456,39999.2586544
2025-10-18 00:46:11.567,106804.04,0.00332,354.5894128
2025-10-18 00:46:11.574,106807.4,6e-05,6.408444
2025-10-18 00:46:11.577,106807.4,0.01873,2000.5026019999998
2025-10-18 00:46:11.701,106807.4,0.028,2990.6072
2025-10-18 00:46:12.268,106807.4,0.0749,7999.874259999999
2025-10-18 00:46:12.448,106807.4,9e-05,9.612666
2025-10-18 00:46:12.583,106807.4,7e-05,7.476517999999999
2025-10-18 00:46:13.014,106807.4,0.00093,99.330882
2025-10-18 00:46:13.490,106807.4,0.0061,651.52514
2025-10-18 00:46:13.638,106807.4,0.00121,129.236954
2025-10-18 00:46:14.001,106807.39,8e-05,8.544591200000001
2025-10-18 00:46:14.514,106807.4,0.00566,604.5298839999999
2025-10-18 00:46:14.515,106816.21,0.00015,16.0224315
2025-10-18 00:46:15.498,106816.21,9e-05,9.613458900000001
2025-10-18 00:46:15.716,106818.39,0.0001,10.681839
2025-10-18 00:46:15.719,106821.62,0.0005,53.41081
2025-10-18 00:46:15.740,106821.63,0.00468,499.92522840000004
2025-10-18 00:46:15.884,106821.63,0.00255,272.39515650000004
2025-10-18 00:46:15.922,106821.63,8e-05,8.545730400000002
2025-10-18 00:46:15.942,106821.63,0.00023,24.5689749
2025-10-18 00:46:16.150,106821.64,0.0003,32.04649199999999
2025-10-18 00:46:16.217,106821.64,0.00171,182.6650044
2025-10-18 00:46:16.232,106821.64,0.00108,115.3673712
2025-10-18 00:46:16.332,106821.63,0.00019,20.296109700000002
2025-10-18 00:46:16.376,106821.63,0.01721,1838.4002523000001
2025-10-18 00:46:16.488,106821.63,0.00099,105.75341370000001
2025-10-18 00:46:16.639,106821.63,9e-05,9.613946700000001
2025-10-18 00:46:17.018,106821.63,0.00019,20.296109700000002
2025-10-18 00:46:17.305,106821.64,0.00015,16.023245999999997
2025-10-18 00:46:17.519,106821.64,8e-05,8.5457312
2025-10-18 00:46:17.832,106821.64,0.0001,10.682164
2025-10-18 00:46:17.890,106821.64,9e-05,9.613947600000001
2025-10-18 00:46:17.983,106821.64,0.0001,10.682164
2025-10-18 00:46:18.004,106821.63,9e-05,9.613946700000001
2025-10-18 00:46:18.124,106821.64,0.00015,16.023245999999997
2025-10-18 00:46:18.146,106821.63,0.00031,33.114705300000004
2025-10-18 00:46:18.218,106821.64,0.0001,10.682164
2025-10-18 00:46:18.224,106821.64,0.00043,45.9333052
2025-10-18 00:46:18.225,106821.64,0.0001,10.682164
2025-10-18 00:46:18.274,106821.64,0.00085,90.79839399999999
2025-10-18 00:46:18.310,106821.64,0.00012,12.8185968
2025-10-18 00:46:18.392,106821.64,0.00071,75.8433644
2025-10-18 00:46:18.424,106821.63,8e-05,8.545730400000002
2025-10-18 00:46:18.533,106821.64,0.00033,35.2511412
2025-10-18 00:46:18.615,106821.63,0.0001,10.682163000000001
2025-10-18 00:46:18.616,106821.64,0.0001,10.682164
2025-10-18 00:46:18.762,106821.64,0.0001,10.682164
2025-10-18 00:46:18.875,106821.64,0.00019,20.2961116
2025-10-18 00:46:18.878,106821.63,8e-05,8.545730400000002
2025-10-18 00:46:18.882,106821.64,0.0001,10.682164
2025-10-18 00:46:18.983,106821.64,8e-05,8.5457312
2025-10-18 00:46:18.991,106821.64,0.00037,39.5240068
2025-10-18 00:46:19.389,106821.64,0.00014,14.955029599999998
2025-10-18 00:46:19.537,106821.64,0.0001,10.682164
2025-10-18 00:46:19.575,106821.63,0.0001,10.682163000000001
2025-10-18 00:46:19.670,106821.64,0.00019,20.2961116
2025-10-18 00:46:19.717,106821.64,0.46531,49705.1773084
2025-10-18 00:46:19.837,106821.64,0.00029,30.9782756
2025-10-18 00:46:19.840,106821.64,9e-05,9.613947600000001
2025-10-18 00:46:20.118,106821.64,8e-05,8.5457312
2025-10-18 00:46:20.414,106821.63,8e-05,8.545730400000002
2025-10-18 00:46:20.533,106821.63,8e-05,8.545730400000002
2025-10-18 00:46:21.341,106821.63,9e-05,9.613946700000001
2025-10-18 00:46:21.424,106821.63,9e-05,9.613946700000001
2025-10-18 00:46:21.869,106821.63,9e-05,9.613946700000001
2025-10-18 00:46:22.171,106821.64,0.00561,599.2694004
2025-10-18 00:46:22.560,106821.64,0.00013,13.886813199999999
2025-10-18 00:46:22.692,106821.64,5e-05,5.341082
2025-10-18 00:46:23.215,106826.1,0.00288,307.659168
2025-10-18 00:46:23.219,106830.2,0.00015,16.02453
2025-10-18 00:46:23.310,106830.2,0.00019,20.297738
2025-10-18 00:46:23.444,106830.19,8e-05,8.5464152
2025-10-18 00:46:23.574,106830.2,6e-05,6.409812
2025-10-18 00:46:23.784,106830.19,8e-05,8.5464152
2025-10-18 00:46:24.419,106830.19,8e-05,8.5464152
2025-10-18 00:46:24.526,106830.22,0.0002,21.366044000000002
2025-10-18 00:46:24.529,106830.75,0.00111,118.58213250000001
2025-10-18 00:46:24.545,106830.78,0.0026,277.760028
2025-10-18 00:46:24.584,106831.94,0.00224,239.30354559999998
2025-10-18 00:46:24.587,106832.24,0.00015,16.024836
2025-10-18 00:46:24.589,106832.32,0.00244,260.6708608
2025-10-18 00:46:24.590,106832.32,0.00083,88.6708256
2025-10-18 00:46:24.591,106833.91,0.00015,16.0250865
2025-10-18 00:46:24.593,106834.0,0.00301,321.57034
2025-10-18 00:46:24.595,106834.15,0.0001,10.683415
2025-10-18 00:46:24.597,106836.35,0.0004,42.73454
2025-10-18 00:46:24.598,106836.6,0.00567,605.763522
2025-10-18 00:46:24.599,106836.7,0.0001,10.68367
2025-10-18 00:46:24.600,106837.36,0.0003,32.051207999999995
2025-10-18 00:46:24.601,106837.95,0.03326,3553.4302169999996
2025-10-18 00:46:24.625,106837.94,0.00026,27.7778644
2025-10-18 00:46:24.627,106837.94,0.00204,217.94939760000003
2025-10-18 00:46:24.628,106837.94,0.00026,27.7778644
2025-10-18 00:46:24.696,106837.95,0.00512,547.010304
2025-10-18 00:46:25.057,106837.94,9e-05,9.615414600000001
2025-10-18 00:46:25.283,106837.95,0.01055,1127.1403725
2025-10-18 00:46:25.482,106837.95,0.00274,292.735983
2025-10-18 00:46:26.084,106837.96,0.002,213.67592000000002
2025-10-18 00:46:26.335,106837.95,0.09017,9633.5779515
2025-10-18 00:46:26.576,106837.95,0.0001,10.683795
2025-10-18 00:46:27.222,106837.96,0.028,2991.46288
2025-10-18 00:46:27.949,106837.96,0.23399,24999.014260400003
2025-10-18 00:46:28.126,106837.96,0.00019,20.299212400000002
2025-10-18 00:46:29.425,106837.95,0.1,10683.795
2025-10-18 00:46:30.392,106837.96,0.00301,321.58225960000004
2025-10-18 00:46:30.993,106837.96,0.01162,1241.4570952000001
2025-10-18 00:46:31.079,106837.96,0.028,2991.46288
2025-10-18 00:46:31.139,106837.96,0.002,213.67592000000002
2025-10-18 00:46:31.521,106837.96,0.006,641.0277600000001
2025-10-18 00:46:31.591,106837.95,0.04354,4651.724343
2025-10-18 00:46:31.732,106837.96,0.016,1709.4073600000002
2025-10-18 00:46:31.789,106837.96,0.004,427.35184000000004
2025-10-18 00:46:31.942,106837.95,9e-05,9.615415500000001
2025-10-18 00:46:32.172,106837.95,9e-05,9.615415500000001
2025-10-18 00:46:32.722,106837.95,8e-05,8.547036
2025-10-18 00:46:32.870,106837.95,0.00027,28.8462465
2025-10-18 00:46:33.011,106837.95,8e-05,8.547036
2025-10-18 00:46:33.667,106837.95,0.00012,12.820554
2025-10-18 00:46:33.696,106837.95,9e-05,9.615415500000001
2025-10-18 00:46:34.238,106837.96,0.00569,607.9079924
2025-10-18 00:46:34.342,106837.95,9e-05,9.615415500000001
2025-10-18 00:46:34.644,106837.95,0.00017,18.1624515
2025-10-18 00:46:34.646,106837.95,9e-05,9.615415500000001
2025-10-18 00:46:35.082,106837.95,8e-05,8.547036
2025-10-18 00:46:35.490,106837.95,0.00024,25.641108
2025-10-18 00:46:35.802,106837.95,9e-05,9.615415500000001
2025-10-18 00:46:36.189,106837.95,0.00506,540.6000270000001
2025-10-18 00:46:36.339,106837.95,0.00017,18.1624515
2025-10-18 00:46:36.493,106837.96,0.01871,1998.9382316
2025-10-18 00:46:36.687,106837.95,9e-05,9.615415500000001
2025-10-18 00:46:36.953,106837.95,0.00017,18.1624515
2025-10-18 00:46:36.985,106837.95,0.01,1068.3795
2025-10-18 00:46:37.620,106837.95,6e-05,6.410277
2025-10-18 00:46:38.082,106837.95,0.02376,2538.469692
2025-10-18 00:46:38.453,106837.95,7e-05,7.478656499999999
2025-10-18 00:46:38.526,106837.95,8e-05,8.547036
2025-10-18 00:46:38.541,106837.96,0.028,2991.46288
2025-10-18 00:46:38.544,106837.96,0.028,2991.46288
2025-10-18 00:46:38.545,106837.95,0.00017,18.1624515
2025-10-18 00:46:38.585,106837.95,0.00018,19.230831000000002
2025-10-18 00:46:38.612,106837.95,9e-05,9.615415500000001
2025-10-18 00:46:39.033,106837.95,8e-05,8.547036
2025-10-18 00:46:39.091,106837.95,0.00016,17.094072
2025-10-18 00:46:39.493,106837.95,0.00017,18.1624515
2025-10-18 00:46:39.526,106837.95,9e-05,9.615415500000001
2025-10-18 00:46:39.556,106837.96,0.00861,919.8748356
2025-10-18 00:46:39.821,106837.95,0.0001,10.683795
2025-10-18 00:46:40.163,106837.96,9e-05,9.6154164
2025-10-18 00:46:40.242,106837.96,0.00936,1000.0033056000001
2025-10-18 00:46:40.330,106837.95,9e-05,9.615415500000001
2025-10-18 00:46:40.609,106837.96,4e-05,4.2735184
2025-10-18 00:46:40.710,106837.95,9e-05,9.615415500000001
2025-10-18 00:46:41.140,106837.96,0.00047,50.213841200000005
2025-10-18 00:46:41.725,106837.96,0.00046,49.145461600000004
2025-10-18 00:46:42.194,106837.96,0.0001,10.683796000000001
2025-10-18 00:46:42.448,106837.96,0.00836,893.1653456
2025-10-18 00:46:42.590,106837.96,0.00023,24.572730800000002
2025-10-18 00:46:42.870,106837.95,0.00145,154.91502749999998
2025-10-18 00:46:43.463,106837.96,0.028,2991.46288
2025-10-18 00:46:43.469,106842.12,0.02525,2697.76353
2025-10-18 00:46:43.473,106842.12,0.00035,37.394742
2025-10-18 00:46:43.477,106842.12,0.028,2991.5793599999997
2025-10-18 00:46:44.141,106842.11,0.01871,1999.0158781
2025-10-18 00:46:44.847,106842.12,0.00051,54.4894812
2025-10-18 00:46:44.976,106842.12,0.02012,2149.6634544
2025-10-18 00:46:45.517,106842.12,0.00173,184.83686759999998
2025-10-18 00:46:45.541,106842.12,0.00036,38.463163200000004
2025-10-18 00:46:45.743,106842.12,0.00036,38.463163200000004
2025-10-18 00:46:46.015,106842.12,0.23399,24999.9876588
2025-10-18 00:46:46.042,106842.12,0.00036,38.463163200000004
2025-10-18 00:46:47.391,106842.11,8e-05,8.547368800000001
2025-10-18 00:46:47.502,106842.11,9e-05,9.615789900000001
2025-10-18 00:46:47.649,106842.11,0.00018,19.231579800000002
2025-10-18 00:46:47.734,106842.11,9e-05,9.615789900000001
2025-10-18 00:46:47.810,106842.12,0.00101,107.9105412
2025-10-18 00:46:47.821,106842.11,0.00017,18.1631587
2025-10-18 00:46:48.664,106842.12,0.00012,12.8210544
2025-10-18 00:46:48.980,106842.11,0.00467,498.9526537
2025-10-18 00:46:50.151,106842.11,9e-05,9.615789900000001
2025-10-18 00:46:50.587,106842.12,0.00047,50.215796399999995
2025-10-18 00:46:50.662,106842.11,0.00017,18.1631587
2025-10-18 00:46:51.352,106842.12,0.00047,50.215796399999995
2025-10-18 00:46:51.616,106842.12,0.00067,71.58422039999999
2025-10-18 00:46:52.056,106842.12,0.00778,831.2316936
2025-10-18 00:46:52.168,106842.11,0.00028,29.915790799999996
2025-10-18 00:46:52.291,106842.11,0.0001,10.684211000000001
2025-10-18 00:46:53.525,106842.11,9e-05,9.615789900000001
2025-10-18 00:46:53.536,106842.11,9e-05,9.615789900000001
2025-10-18 00:46:54.553,106842.12,0.00093,99.3631716
2025-10-18 00:46:55.155,106842.12,0.0009,96.15790799999999
2025-10-18 00:46:55.775,106842.11,0.012,1282.1053200000001
2025-10-18 00:46:55.776,106842.11,0.012,1282.1053200000001
2025-10-18 00:46:55.777,106842.11,0.012,1282.1053200000001
2025-10-18 00:46:55.824,106842.11,0.00452,482.9263372
2025-10-18 00:46:55.903,106842.11,0.16787,17935.5850057
2025-10-18 00:46:55.976,106842.11,0.13191,14093.5427301
2025-10-18 00:46:55.977,106842.11,0.0795,8493.947745
2025-10-18 00:46:55.990,106842.11,0.38107,40714.322857700005
2025-10-18 00:46:55.992,106842.11,0.10151,10845.5425861
2025-10-18 00:46:55.993,106842.1,0.07405,7911.657505000001
2025-10-18 00:46:55.994,106842.1,0.07807,8341.162747
2025-10-18 00:46:55.995,106842.1,0.0506,5406.21026
2025-10-18 00:46:56.042,106842.1,0.49835,53244.760535
2025-10-18 00:46:56.043,106842.1,0.07208,7701.178568000001
2025-10-18 00:46:56.383,106842.11,0.00584,623.9579223999999
2025-10-18 00:46:56.393,106842.1,0.02874,3070.641954
2025-10-18 00:46:57.086,106842.1,9e-05,9.615789000000001
2025-10-18 00:46:57.208,106842.1,0.00098,104.705258
2025-10-18 00:46:58.984,106842.11,0.0001,10.684211000000001
2025-10-18 00:46:59.491,106842.1,0.00187,199.794727
2025-10-18 00:47:00.072,106842.1,9e-05,9.615789000000001
2025-10-18 00:47:00.288,106842.1,0.00544,581.221024
2025-10-18 00:47:00.888,106842.1,0.00615,657.078915
2025-10-18 00:47:00.931,106842.11,6e-05,6.4105266
2025-10-18 00:47:01.184,106842.11,0.00012,12.8210532
2025-10-18 00:47:01.348,106842.11,0.00017,18.1631587
2025-10-18 00:47:02.437,106842.1,0.00017,18.163157
2025-10-18 00:47:02.943,106842.11,0.00601,642.1210811
2025-10-18 00:47:03.370,106842.1,9e-05,9.615789000000001
2025-10-18 00:47:04.320,106842.11,0.0144,1538.526384
2025-10-18 00:47:05.156,106842.11,0.14039,14999.563822899998
2025-10-18 00:47:05.174,106842.1,9e-05,9.615789000000001
2025-10-18 00:47:05.867,106842.1,0.00019,20.299999000000003
2025-10-18 00:47:06.392,106842.1,0.01438,1536.389398
2025-10-18 00:47:06.395,106842.1,0.0063,673.10523
2025-10-18 00:47:06.408,106842.1,0.14152,15120.293992
2025-10-18 00:47:06.435,106841.29,0.01438,1536.3777502
2025-10-18 00:47:06.495,106841.29,0.2246,23996.553733999997
2025-10-18 00:47:06.499,106840.74,0.00015,16.026111
2025-10-18 00:47:06.534,106837.95,0.01538,1643.167671
2025-10-18 00:47:06.587,106837.95,0.00191,204.0604845
2025-10-18 00:47:06.631,106837.95,0.00109,116.4533655
2025-10-18 00:47:06.675,106837.95,0.01247,1332.2692365
2025-10-18 00:47:06.677,106837.95,0.04,4273.518
2025-10-18 00:47:06.680,106837.91,0.07482,7993.6124262
2025-10-18 00:47:06.682,106837.91,0.29997,32048.167862700004
2025-10-18 00:47:06.687,106835.7,0.00602,643.1509140000001
2025-10-18 00:47:06.689,106832.31,0.00012,12.8198772
2025-10-18 00:47:06.693,106832.0,0.001,106.83200000000001
2025-10-18 00:47:06.700,106827.26,0.00027,28.8433602
2025-10-18 00:47:06.705,106824.59,0.0004,42.729836
2025-10-18 00:47:06.716,106820.5,0.00015,16.023075
2025-10-18 00:47:06.719,106815.56,6e-05,6.4089336
2025-10-18 00:47:06.771,106815.56,0.00935,998.725486
2025-10-18 00:47:06.784,106815.56,0.056,5981.67136
2025-10-18 00:47:06.841,106815.56,0.00131,139.9283836
2025-10-18 00:47:06.862,106815.57,4e-05,4.272622800000001
2025-10-18 00:47:08.616,106815.71,0.0001,10.681571000000002
2025-10-18 00:47:08.619,106816.97,5e-05,5.3408485
2025-10-18 00:47:08.643,106816.97,0.00035,37.3859395
2025-10-18 00:47:08.647,106818.67,0.00046,49.1365882
2025-10-18 00:47:08.716,106824.46,0.02635,2814.824521
2025-10-18 00:47:08.736,106826.95,0.01284,1371.658038
2025-10-18 00:47:08.815,106826.95,0.00277,295.9106515
2025-10-18 00:47:09.013,106828.38,0.00093,99.35039340000002
2025-10-18 00:47:09.215,106836.91,0.12956,13841.790059600002
2025-10-18 00:47:09.381,106836.91,0.00035,37.3929185
2025-10-18 00:47:10.487,106836.91,0.00017,18.1622747
2025-10-18 00:47:10.864,106836.91,8e-05,8.546952800000001
2025-10-18 00:47:11.248,106836.91,0.00047,50.2133477
2025-10-18 00:47:11.576,106836.91,8e-05,8.546952800000001
2025-10-18 00:47:11.591,106836.91,0.0002,21.367382000000003
2025-10-18 00:47:11.610,106836.91,0.012,1282.04292
2025-10-18 00:47:11.611,106836.91,0.012,1282.04292
2025-10-18 00:47:11.664,106836.91,8e-05,8.546952800000001
2025-10-18 00:47:11.670,106836.92,0.00019,20.299014800000002
2025-10-18 00:47:12.207,106836.91,0.012,1282.04292
2025-10-18 00:47:12.208,106836.91,0.012,1282.04292
2025-10-18 00:47:12.644,106836.91,9e-05,9.615321900000001
2025-10-18 00:47:12.652,106836.92,0.00039,41.666398799999996
2025-10-18 00:47:12.716,106836.91,0.00686,732.9012026
2025-10-18 00:47:12.737,106836.91,0.012,1282.04292
2025-10-18 00:47:12.738,106836.91,0.012,1282.04292
2025-10-18 00:47:12.854,106836.91,0.00729,778.8410739
2025-10-18 00:47:13.184,106836.91,0.00093,99.35832630000002
2025-10-18 00:47:13.734,106836.92,0.00026,27.777599199999997
2025-10-18 00:47:14.211,106836.91,0.012,1282.04292
2025-10-18 00:47:14.213,106836.91,0.012,1282.04292
2025-10-18 00:47:14.214,106836.91,0.012,1282.04292
2025-10-18 00:47:15.200,106836.91,0.012,1282.04292
2025-10-18 00:47:15.201,106836.91,0.012,1282.04292
2025-10-18 00:47:15.418,106836.92,0.00026,27.777599199999997
2025-10-18 00:47:16.055,106836.91,0.012,1282.04292
2025-10-18 00:47:16.098,106836.92,9e-05,9.615322800000001
2025-10-18 00:47:16.177,106836.92,0.00148,158.1186416
2025-10-18 00:47:16.770,106836.92,0.00019,20.299014800000002
2025-10-18 00:47:16.848,106836.91,0.00018,19.230643800000003
2025-10-18 00:47:17.718,106836.92,0.00242,258.54534639999997
2025-10-18 00:47:18.298,106836.91,0.012,1282.04292
2025-10-18 00:47:19.181,106836.91,0.0002,21.367382000000003
2025-10-18 00:47:19.723,106836.91,9e-05,9.615321900000001
2025-10-18 00:47:19.944,106836.91,0.012,1282.04292
2025-10-18 00:47:19.955,106836.91,0.00304,324.7842064
2025-10-18 00:47:20.202,106836.91,0.012,1282.04292
2025-10-18 00:47:20.203,106836.91,0.012,1282.04292
2025-10-18 00:47:20.694,106836.91,0.00047,50.2133477
2025-10-18 00:47:20.701,106836.91,0.06186,6608.9312526
2025-10-18 00:47:20.952,106831.56,5e-05,5.341578
2025-10-18 00:47:20.962,106826.22,0.012,1281.91464
2025-10-18 00:47:20.977,106826.22,0.012,1281.91464
2025-10-18 00:47:20.986,106826.22,0.012,1281.91464
2025-10-18 00:47:21.061,106826.22,0.00524,559.7693928
2025-10-18 00:47:21.062,106826.2,0.0002,21.36524
2025-10-18 00:47:21.073,106824.45,0.07266,7761.864537
2025-10-18 00:47:21.075,106824.44,0.00095,101.48321800000001
2025-10-18 00:47:21.081,106820.24,0.0009,96.138216
2025-10-18 00:47:21.082,106820.24,0.04416,4717.1817984
2025-10-18 00:47:21.087,106820.24,0.001,106.82024000000001
2025-10-18 00:47:21.088,106820.24,0.00031,33.1142744
2025-10-18 00:47:21.089,106820.24,0.0001,10.682024
2025-10-18 00:47:21.260,106820.0,0.0048,512.736
2025-10-18 00:47:21.277,106816.97,5e-05,5.3408485
2025-10-18 00:47:21.279,106816.97,5e-05,5.3408485
2025-10-18 00:47:21.286,106816.79,0.0015,160.22518499999998
2025-10-18 00:47:21.432,106814.51,0.00047,50.2028197
2025-10-18 00:47:21.461,106814.5,0.00047,50.202815
2025-10-18 00:47:21.792,106814.51,0.0415,4432.802165
2025-10-18 00:47:22.197,106814.5,0.006,640.8870000000001
2025-10-18 00:47:22.893,106814.51,0.00362,386.6685262
2025-10-18 00:47:23.299,106814.51,0.00936,999.7838136
2025-10-18 00:47:23.584,106814.51,0.00028,29.908062799999996
2025-10-18 00:47:23.645,106814.5,0.00318,339.67011
2025-10-18 00:47:24.112,106814.5,0.00019,20.294755000000002
2025-10-18 00:47:24.138,106814.51,0.00083,88.6560433
2025-10-18 00:47:25.537,106814.5,0.00542,578.9345900000001
2025-10-18 00:47:25.783,106814.5,9e-05,9.613305
2025-10-18 00:47:26.062,106814.51,0.00011,11.7495961
2025-10-18 00:47:26.471,106814.5,0.00032,34.180640000000004
2025-10-18 00:47:26.887,106814.5,0.012,1281.7740000000001
2025-10-18 00:47:26.891,106814.5,0.012,1281.7740000000001
2025-10-18 00:47:27.575,106814.51,0.0004,42.725804
2025-10-18 00:47:28.388,106814.51,0.47696,50946.2486896
2025-10-18 00:47:28.406,106814.5,0.012,1281.7740000000001
2025-10-18 00:47:28.407,106814.5,0.012,1281.7740000000001
2025-10-18 00:47:28.680,106814.5,0.01498,1600.08121
2025-10-18 00:47:28.845,106814.5,0.01498,1600.08121
2025-10-18 00:47:29.002,106814.5,0.01498,1600.08121
2025-10-18 00:47:29.099,106814.51,0.00138,147.40402379999998
2025-10-18 00:47:29.132,106814.5,0.00277,295.876165
2025-10-18 00:47:29.162,106814.5,0.01498,1600.08121
2025-10-18 00:47:29.318,106814.5,0.01498,1600.08121
2025-10-18 00:47:29.478,106814.5,0.01498,1600.08121
2025-10-18 00:47:30.015,106814.51,0.00083,88.6560433
2025-10-18 00:47:30.018,106814.5,0.00015,16.022174999999997
2025-10-18 00:47:30.185,106814.5,0.00019,20.294755000000002
2025-10-18 00:47:30.233,106814.51,0.00132,140.9951532
2025-10-18 00:47:30.603,106814.51,0.0748,7989.725348
2025-10-18 00:47:30.622,106814.51,0.28086,29999.9232786
2025-10-18 00:47:31.022,106814.51,0.00013,13.885886299999997
2025-10-18 00:47:31.484,106814.51,0.00755,806.4495505
2025-10-18 00:47:32.145,106814.51,0.41951,44809.7550901
2025-10-18 00:47:32.243,106814.51,0.00936,999.7838136
2025-10-18 00:47:32.292,106814.5,0.00037,39.521365
2025-10-18 00:47:33.034,106814.5,0.00038,40.589510000000004
2025-10-18 00:47:33.071,106814.51,0.00685,731.6793935
2025-10-18 00:47:33.432,106814.51,0.0618,6601.136718
2025-10-18 00:47:35.202,106814.61,0.0002,21.362922
2025-10-18 00:47:35.208,106815.41,0.00035,37.3853935
2025-10-18 00:47:35.210,106817.1,0.0001,10.68171
2025-10-18 00:47:35.222,106817.09,0.00025,26.7042725
2025-10-18 00:47:35.223,106818.79,0.0002,21.363758
2025-10-18 00:47:35.224,106819.5,0.0001,10.68195
2025-10-18 00:47:35.596,106819.99,8e-05,8.545599200000002
2025-10-18 00:47:35.715,106830.7,0.003,320.4921
2025-10-18 00:47:35.746,106833.08,4e-05,4.2733232
2025-10-18 00:47:35.777,106833.81,0.00015,16.0250715
2025-10-18 00:47:35.877,106834.08,0.00281,300.2037648
2025-10-18 00:47:36.400,106834.07,0.00212,226.4882284
2025-10-18 00:47:36.403,106834.07,0.00022,23.503495400000002
2025-10-18 00:47:36.583,106834.07,8e-05,8.546725600000002
2025-10-18 00:47:36.747,106834.07,0.0002,21.366814
2025-10-18 00:47:36.837,106834.07,0.00531,567.2889117
2025-10-18 00:47:36.933,106834.08,0.00331,353.62080480000003
2025-10-18 00:47:36.944,106834.08,0.0004,42.733632
2025-10-18 00:47:36.962,106834.07,0.00331,353.62077170000003
2025-10-18 00:47:37.150,106834.08,0.00796,850.3992768
2025-10-18 00:47:37.636,106834.08,0.0001,10.683408
2025-10-18 00:47:37.915,106834.07,0.00013,13.8884291
2025-10-18 00:47:38.108,106834.08,0.0014,149.567712
2025-10-18 00:47:38.134,106834.07,0.00655,699.7631585
2025-10-18 00:47:38.570,106834.08,0.00108,115.3808064
2025-10-18 00:47:39.498,106834.08,0.00093,99.3556944
2025-10-18 00:47:39.645,106834.08,0.0016,170.934528
2025-10-18 00:47:39.793,106834.08,0.00076,81.19390080000001
2025-10-18 00:47:39.794,106834.08,0.00076,81.19390080000001
2025-10-18 00:47:39.854,106834.08,0.00095,101.49237600000001
2025-10-18 00:47:39.912,106834.07,0.01872,1999.9337904000001
2025-10-18 00:47:40.835,106834.08,0.03203,3421.8955824000004
2025-10-18 00:47:41.182,106834.07,0.00963,1028.8120941
2025-10-18 00:47:41.315,106836.35,0.00015,16.0254525
2025-10-18 00:47:42.092,106836.35,0.00413,441.2341255
2025-10-18 00:47:42.717,106836.35,0.0252,2692.2760200000002
2025-10-18 00:47:44.244,106836.36,0.00012,12.820363200000001
2025-10-18 00:47:44.256,106836.35,0.00136,145.297436
2025-10-18 00:47:44.609,106836.36,0.01141,1219.0028676
2025-10-18 00:47:45.105,106836.36,0.00047,50.2130892
2025-10-18 00:47:45.616,106836.11,0.0001,10.683611
2025-10-18 00:47:45.738,106835.96,6e-05,6.410157600000001
2025-10-18 00:47:46.031,106835.95,0.00068,72.648446
2025-10-18 00:47:46.210,106835.96,0.00214,228.6289544
2025-10-18 00:47:46.324,106835.95,0.00252,269.226594
2025-10-18 00:47:46.713,106835.95,0.013,1388.86735
2025-10-18 00:47:46.719,106835.94,0.00648,692.2968912
2025-10-18 00:47:46.866,106835.95,0.02289,2445.4748955
2025-10-18 00:47:46.982,106835.94,0.00023,24.5722662
2025-10-18 00:47:47.454,106835.95,0.1067,11399.395865
2025-10-18 00:47:47.955,106835.94,0.00021,22.4355474
2025-10-18 00:47:48.941,106835.94,0.00019,20.2988286
2025-10-18 00:47:49.248,106835.94,0.00595,635.673843
2025-10-18 00:47:50.688,106835.95,0.00022,23.503909
2025-10-18 00:47:50.885,106835.94,0.0031,331.191414
2025-10-18 00:47:51.203,106835.94,0.00116,123.9296904
2025-10-18 00:47:51.540,106835.94,0.00047,50.2128918
2025-10-18 00:47:52.546,106835.94,7e-05,7.478515799999999
2025-10-18 00:47:52.583,106835.94,7e-05,7.478515799999999
2025-10-18 00:47:52.775,106835.95,0.00021,22.4355495
2025-10-18 00:47:52.991,106835.95,4e-05,4.2734380000000005
2025-10-18 00:47:53.692,106835.95,0.00145,154.9121275
2025-10-18 00:47:53.700,106835.94,0.00055,58.759767000000004
2025-10-18 00:47:53.919,106835.95,0.00031,33.1191445
2025-10-18 00:47:54.267,106835.94,9e-05,9.6152346
2025-10-18 00:47:54.522,106835.94,0.12791,13665.3850854
2025-10-18 00:47:54.523,106835.93,0.019,2029.8826699999997
2025-10-18 00:47:54.524,106835.93,0.02056,2196.5467207999995
2025-10-18 00:47:54.525,106835.93,0.02051,2191.2049243
2025-10-18 00:47:54.526,106835.93,0.03846,4108.9098678
2025-10-18 00:47:54.527,106835.93,0.00686,732.8944797999999
2025-10-18 00:47:54.528,106835.93,0.012,1282.03116
2025-10-18 00:47:54.529,106835.93,5e-05,5.3417965
2025-10-18 00:47:54.530,106835.93,0.02647,2827.9470671
2025-10-18 00:47:54.531,106835.93,0.00517,552.3417581
2025-10-18 00:47:54.532,106835.93,0.03683,3934.7673019
2025-10-18 00:47:54.533,106835.93,0.00175,186.9628775
2025-10-18 00:47:54.535,106835.93,0.01728,1846.1248704
2025-10-18 00:47:54.537,106834.08,0.01151,1229.6602608
2025-10-18 00:47:54.538,106834.08,0.00936,999.9669888000001
2025-10-18 00:47:54.540,106832.37,0.00015,16.024855499999997
2025-10-18 00:47:54.541,106831.56,5e-05,5.341578
2025-10-18 00:47:54.579,106830.05,0.34744,37117.032572000004
2025-10-18 00:47:54.581,106828.88,0.00015,16.024331999999998
2025-10-18 00:47:54.584,106828.39,0.00065,69.4384535
2025-10-18 00:47:54.587,106828.39,0.05468,5841.3763652
2025-10-18 00:47:54.777,106828.39,0.00015,16.0242585
2025-10-18 00:47:54.924,106828.4,8e-05,8.546272
2025-10-18 00:47:55.595,106828.39,9e-05,9.6145551
2025-10-18 00:47:56.572,106828.39,9e-05,9.6145551
2025-10-18 00:47:56.638,106828.39,8e-05,8.546271200000001
2025-10-18 00:47:57.033,106828.39,8e-05,8.546271200000001
2025-10-18 00:47:57.329,106828.39,0.00035,37.3899365
2025-10-18 00:47:57.867,106828.4,0.00189,201.905676
2025-10-18 00:47:57.972,106828.39,0.00404,431.58669560000004
2025-10-18 00:47:58.478,106828.39,0.00387,413.42586930000004
2025-10-18 00:47:59.100,106828.4,0.0001,10.68284
2025-10-18 00:47:59.254,106828.39,0.02127,2272.2398553000003
2025-10-18 00:47:59.521,106828.39,6e-05,6.4097034
2025-10-18 00:47:59.539,106828.39,0.0001,10.682839000000001
2025-10-18 00:48:00.218,106828.39,0.00012,12.8194068
2025-10-18 00:48:01.106,106828.4,0.00018,19.229112
2025-10-18 00:48:01.206,106828.39,0.00377,402.7430303
2025-10-18 00:48:01.278,106828.4,0.00491,524.5274440000001
2025-10-18 00:48:01.410,106828.4,0.3,32048.519999999997
2025-10-18 00:48:01.442,106828.39,9e-05,9.6145551
2025-10-18 00:48:01.634,106828.39,9e-05,9.6145551
2025-10-18 00:48:01.717,106828.4,0.0011,117.51124
2025-10-18 00:48:02.065,106828.39,0.00026,27.775381399999997
2025-10-18 00:48:02.515,106829.62,0.00025,26.707404999999998
2025-10-18 00:48:02.617,106829.62,0.00118,126.0589516
2025-10-18 00:48:02.618,106829.62,0.00105,112.171101
2025-10-18 00:48:03.075,106829.63,0.00629,671.9583727
2025-10-18 00:48:03.326,106829.62,9e-05,9.614665800000001
2025-10-18 00:48:03.402,106829.63,0.00279,298.0546677
2025-10-18 00:48:04.088,106829.62,0.0001,10.682962
2025-10-18 00:48:04.290,106829.62,0.00216,230.7519792
2025-10-18 00:48:05.221,106829.62,0.012,1281.95544
2025-10-18 00:48:05.223,106829.62,0.012,1281.95544
2025-10-18 00:48:05.648,106829.63,0.00804,858.9102252
2025-10-18 00:48:06.587,106829.62,9e-05,9.614665800000001
2025-10-18 00:48:06.725,106829.63,0.00016,17.0927408
2025-10-18 00:48:07.060,106829.62,0.00492,525.6017304
2025-10-18 00:48:08.143,106829.63,0.00121,129.2638523
2025-10-18 00:48:08.433,106829.63,9e-05,9.6146667
2025-10-18 00:48:09.046,106829.62,8e-05,8.5463696
2025-10-18 00:48:09.300,106829.62,6e-05,6.4097772
2025-10-18 00:48:09.830,106829.63,0.00031,33.1171853
2025-10-18 00:48:10.784,106829.62,7e-05,7.478073399999999
2025-10-18 00:48:10.892,106829.63,0.00467,498.8943721
2025-10-18 00:48:11.137,106829.62,8e-05,8.5463696
2025-10-18 00:48:11.397,106829.62,0.00096,102.5564352
2025-10-18 00:48:11.908,106829.62,0.012,1281.95544
2025-10-18 00:48:11.909,106829.62,0.012,1281.95544
2025-10-18 00:48:11.912,106829.62,0.24585,26264.062077
2025-10-18 00:48:11.945,106829.62,0.10185,10880.596796999998
2025-10-18 00:48:11.980,106829.62,0.0622,6644.802363999999
2025-10-18 00:48:12.015,106829.62,0.08827,9429.8505574
2025-10-18 00:48:12.046,106829.49,0.00015,16.0244235
2025-10-18 00:48:12.047,106829.49,5e-05,5.3414745
2025-10-18 00:48:12.060,106828.8,0.0014,149.56032
2025-10-18 00:48:12.082,106828.4,0.01081,1154.815004
2025-10-18 00:48:12.108,106827.14,0.00015,16.024071
2025-10-18 00:48:12.122,106825.65,0.0002,21.36513
2025-10-18 00:48:12.162,106824.08,5e-05,5.341204
2025-10-18 00:48:12.318,106823.39,0.0003,32.047017
2025-10-18 00:48:12.940,106823.38,0.00021,22.4329098
2025-10-18 00:48:14.253,106823.38,0.00397,424.08881859999997
2025-10-18 00:48:14.689,106823.38,8e-05,8.545870400000002
2025-10-18 00:48:14.791,106823.38,9e-05,9.614104200000002
2025-10-18 00:48:14.968,106823.39,0.00281,300.1737259
2025-10-18 00:48:15.213,106823.38,0.00047,50.2069886
2025-10-18 00:48:15.633,106823.39,0.00125,133.5292375
2025-10-18 00:48:15.733,106823.38,0.00027,28.842312600000003
2025-10-18 00:48:15.806,106823.37,0.00075,80.1175275
2025-10-18 00:48:15.811,106822.68,0.0044,470.019792
2025-10-18 00:48:15.812,106822.68,0.012,1281.87216
2025-10-18 00:48:15.913,106822.68,9e-05,9.6140412
2025-10-18 00:48:15.945,106822.68,9e-05,9.6140412
2025-10-18 00:48:16.082,106822.68,0.001,106.82267999999999
2025-10-18 00:48:16.394,106822.68,9e-05,9.6140412
2025-10-18 00:48:16.464,106822.69,0.00163,174.1209847
2025-10-18 00:48:16.503,106822.69,0.00192,205.0995648
2025-10-18 00:48:16.575,106822.68,0.012,1281.87216
2025-10-18 00:48:16.576,106822.68,0.012,1281.87216
2025-10-18 00:48:16.577,106822.68,0.012,1281.87216
2025-10-18 00:48:16.671,106815.69,0.00015,16.022353499999998
2025-10-18 00:48:17.207,106815.68,8e-05,8.545254400000001
2025-10-18 00:48:17.644,106815.69,0.00014,14.9541966
2025-10-18 00:48:17.713,106815.69,0.0001,10.681569000000001
2025-10-18 00:48:17.775,106815.69,0.0001,10.681569000000001
2025-10-18 00:48:17.817,106815.69,0.00375,400.5588375
2025-10-18 00:48:17.975,106815.69,0.0001,10.681569000000001
2025-10-18 00:48:18.126,106815.69,0.0001,10.681569000000001
2025-10-18 00:48:18.517,106815.69,0.00015,16.022353499999998
2025-10-18 00:48:18.576,106815.69,7e-05,7.4770983
2025-10-18 00:48:18.875,106815.69,0.00013,13.8860397
2025-10-18 00:48:19.249,106815.68,0.012,1281.7881599999998
2025-10-18 00:48:19.250,106815.68,0.012,1281.7881599999998
2025-10-18 00:48:19.318,106815.69,0.00066,70.4983554
2025-10-18 00:48:19.620,106815.69,7e-05,7.4770983
2025-10-18 00:48:19.685,106815.69,0.0001,10.681569000000001
2025-10-18 00:48:19.775,106815.69,0.0001,10.681569000000001
2025-10-18 00:48:19.791,106815.69,0.00047,50.2033743
2025-10-18 00:48:19.830,106815.68,0.00022,23.4994496
2025-10-18 00:48:20.185,106815.69,0.0001,10.681569000000001
2025-10-18 00:48:20.241,106815.69,5e-05,5.340784500000001
2025-10-18 00:48:20.354,106815.68,9e-05,9.6134112
2025-10-18 00:48:20.698,106815.69,0.01872,1999.5897168000001
2025-10-18 00:48:21.743,106815.69,0.00106,113.22463139999999
2025-10-18 00:48:21.939,106815.68,8e-05,8.545254400000001
2025-10-18 00:48:22.120,106815.69,0.00015,16.022353499999998
2025-10-18 00:48:22.210,106815.69,0.0001,10.681569000000001
2025-10-18 00:48:22.239,106815.69,0.56164,59991.964131600005
2025-10-18 00:48:22.373,106815.69,0.00065,69.4301985
2025-10-18 00:48:22.679,106815.68,0.00099,105.74752319999999
2025-10-18 00:48:22.754,106815.69,0.0004,42.726276000000006
2025-10-18 00:48:22.940,106815.68,0.012,1281.7881599999998
2025-10-18 00:48:22.941,106815.68,0.012,1281.7881599999998
2025-10-18 00:48:24.120,106815.69,4e-05,4.272627600000001
2025-10-18 00:48:24.299,106815.69,0.00014,14.9541966
2025-10-18 00:48:24.731,106815.69,0.00046,49.1352174
2025-10-18 00:48:24.734,106815.69,5e-05,5.340784500000001
2025-10-18 00:48:24.815,106815.69,0.00024,25.635765600000003
2025-10-18 00:48:24.865,106815.69,0.00856,914.3423064
2025-10-18 00:48:25.051,106815.68,0.00898,959.2048063999999
2025-10-18 00:48:25.126,106815.69,0.00046,49.1352174
2025-10-18 00:48:25.207,106815.69,7e-05,7.4770983
2025-10-18 00:48:25.313,106815.68,8e-05,8.545254400000001
2025-10-18 00:48:25.552,106815.68,0.00187,199.74532159999998
2025-10-18 00:48:25.986,106815.68,0.0029,309.76547199999993
2025-10-18 00:48:26.021,106815.68,0.00601,641.9622367999999
2025-10-18 00:48:26.039,106815.68,0.0029,309.76547199999993
2025-10-18 00:48:26.053,106815.69,0.01026,1095.9289794000001
2025-10-18 00:48:26.097,106815.68,0.00318,339.67386239999996
2025-10-18 00:48:26.398,106815.69,0.00047,50.2033743
2025-10-18 00:48:26.880,106815.68,0.012,1281.7881599999998
2025-10-18 00:48:26.881,106815.68,0.012,1281.7881599999998
2025-10-18 00:48:28.700,106815.69,0.00027,28.8402363
2025-10-18 00:48:28.714,106815.68,0.00059,63.0212512
2025-10-18 00:48:28.746,106815.69,0.0002,21.363138000000003
2025-10-18 00:48:28.939,106815.68,0.012,1281.7881599999998
2025-10-18 00:48:28.940,106815.68,0.012,1281.7881599999998
2025-10-18 00:48:29.443,106815.68,0.00108,115.36093439999999
2025-10-18 00:48:29.970,106815.68,0.00134,143.1330112
2025-10-18 00:48:30.682,106815.69,0.00022,23.499451800000003
2025-10-18 00:48:31.017,106815.68,0.00019,20.2949792
2025-10-18 00:48:31.485,106815.69,0.00018,19.226824200000003
2025-10-18 00:48:31.603,106815.68,0.012,1281.7881599999998
2025-10-18 00:48:31.604,106815.68,0.012,1281.7881599999998
2025-10-18 00:48:31.605,106815.68,0.012,1281.7881599999998
2025-10-18 00:48:31.993,106815.69,0.00028,29.9083932
2025-10-18 00:48:32.016,106815.69,0.00093,99.33859170000001
2025-10-18 00:48:32.031,106815.69,0.00134,143.1330246
2025-10-18 00:48:32.190,106815.68,0.00499,533.0102431999999
2025-10-18 00:48:33.536,106815.68,0.00468,499.89738239999997
2025-10-18 00:48:33.543,106815.69,0.00066,70.4983554
2025-10-18 00:48:33.685,106815.68,5e-05,5.340784
2025-10-18 00:48:33.729,106815.69,0.05165,5517.0303885
2025-10-18 00:48:34.031,106815.68,0.0001,10.681568
2025-10-18 00:48:34.118,106815.68,0.00011,11.7497248
2025-10-18 00:48:34.172,106815.68,9e-05,9.6134112
2025-10-18 00:48:34.234,106815.68,0.00105,112.15646399999999
2025-10-18 00:48:34.711,106815.69,0.00018,19.226824200000003
2025-10-18 00:48:35.928,106815.68,0.00018,19.2268224
2025-10-18 00:48:36.090,106815.69,0.00069,73.7028261
2025-10-18 00:48:36.091,106815.69,0.00069,73.7028261
2025-10-18 00:48:36.557,106815.68,8e-05,8.545254400000001
2025-10-18 00:48:37.154,106815.69,0.00201,214.6995369
2025-10-18 00:48:37.362,106815.69,0.00017,18.1586673
2025-10-18 00:48:37.486,106815.68,0.00553,590.6907104
2025-10-18 00:48:37.786,106815.68,0.00028,29.908390399999995
2025-10-18 00:48:38.032,106815.69,0.00023,24.5676087
2025-10-18 00:48:38.211,106815.69,0.00163,174.1095747
2025-10-18 00:48:38.443,106815.68,0.00019,20.2949792
2025-10-18 00:48:39.228,106815.68,0.05309,5670.8444512
2025-10-18 00:48:39.473,106815.68,0.00019,20.2949792
2025-10-18 00:48:40.302,106815.69,0.00093,99.33859170000001
2025-10-18 00:48:40.448,106815.68,0.00255,272.379984
2025-10-18 00:48:40.627,106815.68,0.00019,20.2949792
2025-10-18 00:48:41.272,106815.69,0.00024,25.635765600000003
2025-10-18 00:48:41.709,106815.69,0.00154,164.4961626
2025-10-18 00:48:41.892,106815.68,7e-05,7.477097599999999
2025-10-18 00:48:43.674,106815.69,0.01201,1282.8564369
2025-10-18 00:48:43.863,106815.68,9e-05,9.6134112
2025-10-18 00:48:43.956,106815.69,0.2,21363.138000000003
2025-10-18 00:48:44.244,106815.68,0.00337,359.9688416
2025-10-18 00:48:45.412,106815.68,9e-05,9.6134112
2025-10-18 00:48:45.784,106815.69,0.00012,12.817882800000001
2025-10-18 00:48:45.899,106815.68,0.00435,464.64820799999995
2025-10-18 00:48:46.405,106815.69,0.00936,999.7948584000001
2025-10-18 00:48:46.584,106815.68,7e-05,7.477097599999999
2025-10-18 00:48:46.714,106815.68,0.00112,119.63356159999998
2025-10-18 00:48:46.746,106815.69,0.0081,865.207089
2025-10-18 00:48:46.891,106815.68,0.00045,48.067055999999994
2025-10-18 00:48:47.894,106815.68,0.0468,4998.973824
2025-10-18 00:48:47.969,106815.69,0.011,1174.9725899999999
2025-10-18 00:48:48.072,106815.68,0.00063,67.2938784
2025-10-18 00:48:48.100,106815.69,5e-05,5.340784500000001
2025-10-18 00:48:48.141,106815.68,0.00687,733.8237216
2025-10-18 00:48:48.824,106815.69,0.00187,199.7453403
2025-10-18 00:48:49.120,106815.69,0.00086,91.8614934
2025-10-18 00:48:49.234,106815.68,0.00803,857.7299104
2025-10-18 00:48:49.817,106815.69,0.00033,35.2491777
2025-10-18 00:48:50.026,106815.69,0.00031,33.1128639
2025-10-18 00:48:50.203,106815.68,0.00019,20.2949792
2025-10-18 00:48:50.490,106815.69,0.00093,99.33859170000001
2025-10-18 00:48:50.599,106815.68,9e-05,9.6134112
2025-10-18 00:48:50.792,106815.69,0.00303,323.6515407
2025-10-18 00:48:50.828,106815.68,0.04734,5056.6542911999995
2025-10-18 00:48:50.878,106820.0,5e-05,5.341
2025-10-18 00:48:50.882,106820.77,0.0001,10.682077000000001
2025-10-18 00:48:50.888,106821.26,0.0005,53.41063
2025-10-18 00:48:50.908,106821.71,0.0009,96.139539
2025-10-18 00:48:50.915,106821.94,0.0013,138.86852199999998
2025-10-18 00:48:50.916,106821.95,0.0009,96.139755
2025-10-18 00:48:50.918,106822.09,0.00587,627.0456683
2025-10-18 00:48:50.923,106824.07,5e-05,5.341203500000001
2025-10-18 00:48:50.926,106824.27,0.00065,69.4357755
2025-10-18 00:48:50.930,106826.37,0.00904,965.7103847999999
2025-10-18 00:48:50.938,106829.23,0.0001,10.682923
2025-10-18 00:48:51.577,106829.41,0.00019,20.297587900000003
2025-10-18 00:48:52.067,106829.41,9e-05,9.6146469
2025-10-18 00:48:52.200,106829.42,0.00042,44.8683564
2025-10-18 00:48:52.618,106829.42,0.00064,68.3708288
2025-10-18 00:48:53.068,106829.42,0.00047,50.209827399999995
2025-10-18 00:48:53.521,106829.41,0.03326,3553.1461765999998
2025-10-18 00:48:55.089,106829.41,0.00018,19.2292938
2025-10-18 00:48:55.108,106829.42,0.00093,99.3513606
2025-10-18 00:48:55.464,106829.41,8e-05,8.546352800000001
2025-10-18 00:48:56.507,106829.41,0.00047,50.2098227
2025-10-18 00:48:57.007,106829.42,0.00093,99.3513606
2025-10-18 00:48:57.732,106829.41,0.00011,11.7512351
2025-10-18 00:48:58.183,106829.42,0.00052,55.55129839999999
2025-10-18 00:48:58.557,106829.42,0.00011,11.751236200000001
2025-10-18 00:48:58.720,106829.41,0.012,1281.9529200000002
2025-10-18 00:48:58.910,106829.42,0.00047,50.209827399999995
2025-10-18 00:48:58.961,106829.42,0.001,106.82942
2025-10-18 00:48:59.178,106829.41,0.00033,35.2537053
2025-10-18 00:48:59.263,106829.42,0.00024,25.6390608
2025-10-18 00:48:59.428,106829.41,0.00751,802.2888691
2025-10-18 00:48:59.429,106829.41,0.00019,20.297587900000003
2025-10-18 00:49:00.053,106829.41,0.00214,228.6149374
2025-10-18 00:49:00.147,106829.41,0.00028,29.912234799999997
2025-10-18 00:49:00.314,106829.41,0.00028,29.912234799999997
2025-10-18 00:49:00.399,106829.41,9e-05,9.6146469
2025-10-18 00:49:00.630,106829.42,0.00507,541.6251594
2025-10-18 00:49:00.632,106829.42,0.00019,20.2975898
2025-10-18 00:49:00.633,106829.42,0.0001,10.682942
2025-10-18 00:49:00.956,106829.41,8e-05,8.546352800000001
2025-10-18 00:49:01.004,106829.42,0.0002,21.365884
2025-10-18 00:49:01.240,106829.42,0.00015,16.024413
2025-10-18 00:49:01.381,106829.42,0.00937,1000.9916654
2025-10-18 00:49:01.438,106829.41,0.012,1281.9529200000002
2025-10-18 00:49:01.668,106829.41,0.00019,20.297587900000003
2025-10-18 00:49:02.276,106829.41,9e-05,9.6146469
2025-10-18 00:49:02.617,106829.41,0.0001,10.682941000000001
2025-10-18 00:49:02.897,106829.42,0.00122,130.3318924
2025-10-18 00:49:04.769,106829.41,0.012,1281.9529200000002
2025-10-18 00:49:04.771,106829.41,0.012,1281.9529200000002
2025-10-18 00:49:05.087,106829.42,0.00243,259.5954906
2025-10-18 00:49:05.355,106829.41,9e-05,9.6146469
2025-10-18 00:49:05.506,106829.41,0.008,854.6352800000001
2025-10-18 00:49:05.994,106829.41,0.012,1281.9529200000002
2025-10-18 00:49:05.995,106829.41,0.012,1281.9529200000002
2025-10-18 00:49:05.996,106829.41,0.23518,25124.1406438
2025-10-18 00:49:06.002,106829.41,0.02898,3095.9163018
2025-10-18 00:49:06.004,106829.41,0.1479,15800.069739
2025-10-18 00:49:06.030,106829.41,0.10243,10942.5364663
2025-10-18 00:49:06.115,106828.35,0.0001,10.682835
2025-10-18 00:49:06.200,106823.88,0.00109,116.4380292
2025-10-18 00:49:06.305,106823.88,0.00226,241.4219688
2025-10-18 00:49:06.371,106823.87,0.00255,272.4008685
2025-10-18 00:49:06.473,106823.86,0.00245,261.718457
2025-10-18 00:49:06.515,106823.85,0.0024,256.37724
2025-10-18 00:49:06.622,106823.84,0.00255,272.400792
2025-10-18 00:49:06.634,106823.83,0.0024,256.377192
2025-10-18 00:49:07.001,106823.02,0.0587,6270.511274
2025-10-18 00:49:07.332,106823.01,0.00824,880.2216024
2025-10-18 00:49:07.334,106823.01,0.0002,21.364602
2025-10-18 00:49:07.460,106821.89,0.012,1281.86268
2025-10-18 00:49:07.463,106821.89,0.012,1281.86268
2025-10-18 00:49:07.476,106815.69,0.00194,207.2224386
2025-10-18 00:49:07.808,106815.7,0.0001,10.68157
2025-10-18 00:49:08.033,106815.69,0.00017,18.1586673
2025-10-18 00:49:08.734,106815.7,0.00161,171.973277
2025-10-18 00:49:08.960,106815.69,0.00018,19.226824200000003
2025-10-18 00:49:09.246,106815.69,0.02298,2454.6245562
2025-10-18 00:49:09.326,106815.69,0.05917,6320.2843773
2025-10-18 00:49:10.546,106815.69,0.00018,19.226824200000003
2025-10-18 00:49:11.153,106815.7,0.31896,34069.935672
2025-10-18 00:49:11.198,106815.69,0.00086,91.8614934
2025-10-18 00:49:11.482,106815.7,0.00066,70.498362
2025-10-18 00:49:11.527,106815.69,0.00018,19.226824200000003
2025-10-18 00:49:11.581,106815.7,5e-05,5.340785
2025-10-18 00:49:11.692,106815.69,0.00138,147.4056522
2025-10-18 00:49:12.337,106815.69,0.00014,14.9541966
2025-10-18 00:49:12.655,106815.69,0.00029,30.9765501
2025-10-18 00:49:13.432,106815.7,0.00014,14.954197999999998
2025-10-18 00:49:13.505,106815.69,0.00018,19.226824200000003
2025-10-18 00:49:14.499,106815.69,0.03109,3320.8998021
2025-10-18 00:49:14.638,106815.69,8e-05,8.545255200000001
2025-10-18 00:49:15.368,106815.69,0.0001,10.681569000000001
2025-10-18 00:49:15.460,106815.69,9e-05,9.613412100000001
2025-10-18 00:49:15.747,106815.7,0.00305,325.787885
2025-10-18 00:49:16.576,106815.69,8e-05,8.545255200000001
2025-10-18 00:49:16.837,106815.7,0.0001,10.68157
2025-10-18 00:49:16.880,106815.69,0.00019,20.2949811
2025-10-18 00:49:16.901,106815.7,4e-05,4.272628
2025-10-18 00:49:16.993,106815.7,0.00019,20.294983000000002
2025-10-18 00:49:17.049,106815.7,0.00011,11.749727
2025-10-18 00:49:17.066,106815.69,0.00427,456.10299630000003
2025-10-18 00:49:17.321,106815.69,0.2985,31884.483465
2025-10-18 00:49:17.338,106815.7,0.00049,52.339693
2025-10-18 00:49:17.442,106815.69,9e-05,9.613412100000001
2025-10-18 00:49:17.963,106815.69,0.0008,85.45255200000001
2025-10-18 00:49:18.069,106815.7,0.00121,129.246997
2025-10-18 00:49:18.917,106815.69,9e-05,9.613412100000001
2025-10-18 00:49:19.557,106815.69,0.00017,18.1586673
2025-10-18 00:49:19.710,106815.69,0.00093,99.33859170000001
2025-10-18 00:49:20.269,106815.69,0.00468,499.89742920000003
2025-10-18 00:49:20.272,106815.69,9e-05,9.613412100000001
2025-10-18 00:49:20.344,106815.7,0.011,1174.9726999999998
2025-10-18 00:49:20.790,106815.69,0.00019,20.2949811
2025-10-18 00:49:20.827,106815.7,0.01,1068.157
2025-10-18 00:49:20.989,106815.69,0.00017,18.1586673
2025-10-18 00:49:21.534,106815.7,0.00093,99.338601
2025-10-18 00:49:22.390,106815.69,9e-05,9.613412100000001
2025-10-18 00:49:22.729,106815.7,0.0161,1719.7327699999998
2025-10-18 00:49:22.996,106815.69,0.00079,84.3843951
2025-10-18 00:49:23.177,106815.69,0.00047,50.2033743
2025-10-18 00:49:23.255,106815.7,0.10811,11547.845326999999
2025-10-18 00:49:23.564,106815.69,0.00017,18.1586673
2025-10-18 00:49:23.675,106815.69,0.00019,20.2949811
2025-10-18 00:49:24.201,106815.69,9e-05,9.613412100000001
2025-10-18 00:49:25.419,106815.69,0.00366,390.94542540000003
2025-10-18 00:49:25.517,106815.69,0.00019,20.2949811
2025-10-18 00:49:25.769,106815.69,0.00046,49.1352174
2025-10-18 00:49:25.781,106815.69,0.0018,192.268242
2025-10-18 00:49:25.848,106815.69,0.00016,17.090510400000003
2025-10-18 00:49:26.125,106815.69,0.00095,101.4749055
2025-10-18 00:49:26.281,106815.7,0.00093,99.338601
2025-10-18 00:49:26.613,106815.7,0.04936,5272.422952
2025-10-18 00:49:27.562,106815.7,0.00029,30.976553
2025-10-18 00:49:27.646,106815.69,0.00234,249.94871460000002
2025-10-18 00:49:28.320,106815.7,0.00011,11.749727
2025-10-18 00:49:29.019,106815.69,0.00047,50.2033743
2025-10-18 00:49:29.361,106815.69,0.03769,4025.8833561
2025-10-18 00:49:29.575,106815.69,9e-05,9.613412100000001
2025-10-18 00:49:29.775,106815.7,0.00384,410.172288
2025-10-18 00:49:30.312,106815.69,0.15858,16938.8321202
2025-10-18 00:49:30.720,106815.7,0.00018,19.226826
2025-10-18 00:49:30.855,106815.7,0.00046,49.135222
2025-10-18 00:49:31.692,106815.7,0.00047,50.203379
2025-10-18 00:49:31.915,106815.7,6e-05,6.408942
2025-10-18 00:49:32.669,106815.7,0.00016,17.090512
2025-10-18 00:49:32.718,106815.7,0.01217,1299.947069
2025-10-18 00:49:33.317,106815.69,0.00083,88.6570227
2025-10-18 00:49:33.865,106815.7,4e-05,4.272628
2025-10-18 00:49:34.041,106815.7,8e-05,8.545256
2025-10-18 00:49:34.159,106815.69,0.00486,519.1242533999999
2025-10-18 00:49:35.509,106815.69,0.00018,19.226824200000003
2025-10-18 00:49:35.937,106815.69,0.00144,153.81459360000002
2025-10-18 00:49:36.348,106815.7,0.02374,2535.804718
2025-10-18 00:49:36.676,106815.7,0.11017,11767.885669
2025-10-18 00:49:37.047,106815.7,0.00024,25.635768
2025-10-18 00:49:37.361,106815.69,0.00139,148.4738091
2025-10-18 00:49:37.518,106815.7,0.00377,402.69518899999997
2025-10-18 00:49:37.821,106815.69,8e-05,8.545255200000001
2025-10-18 00:49:38.136,106815.69,0.00363,387.74095470000003
2025-10-18 00:49:38.493,106815.69,0.00019,20.2949811
2025-10-18 00:49:38.763,106815.7,0.0748,7989.81436
2025-10-18 00:49:38.813,106815.7,7e-05,7.477098999999999
2025-10-18 00:49:39.098,106815.69,0.00018,19.226824200000003
2025-10-18 00:49:39.555,106815.7,0.00016,17.090512
2025-10-18 00:49:42.040,106815.7,0.00172,183.723004
2025-10-18 00:49:43.357,106815.7,0.00144,153.814608
2025-10-18 00:49:43.368,106815.69,0.00079,84.3843951
2025-10-18 00:49:43.448,106815.69,9e-05,9.613412100000001
2025-10-18 00:49:43.568,106815.69,9e-05,9.613412100000001
2025-10-18 00:49:43.631,106815.7,0.015,1602.2355
2025-10-18 00:49:44.234,106815.7,0.00031,33.112867
2025-10-18 00:49:44.279,106815.69,0.0042,448.625898
2025-10-18 00:49:45.637,106815.69,0.00018,19.226824200000003
2025-10-18 00:49:45.654,106815.69,0.012,1281.78828
2025-10-18 00:49:45.734,106815.69,6e-05,6.408941400000001
2025-10-18 00:49:45.830,106815.69,0.012,1281.78828
2025-10-18 00:49:46.056,106815.69,0.0001,10.681569000000001
2025-10-18 00:49:46.561,106815.69,0.005,534.07845
2025-10-18 00:49:46.582,106815.69,8e-05,8.545255200000001
2025-10-18 00:49:46.623,106815.7,0.0002,21.36314
2025-10-18 00:49:46.671,106815.7,0.006,640.8942
2025-10-18 00:49:46.977,106815.69,0.012,1281.78828
2025-10-18 00:49:46.980,106815.69,0.012,1281.78828
2025-10-18 00:49:46.983,106815.69,0.012,1281.78828
2025-10-18 00:49:47.029,106815.69,0.0005,53.407845
2025-10-18 00:49:47.038,106815.69,0.00294,314.0381286
2025-10-18 00:49:47.616,106815.69,9e-05,9.613412100000001
2025-10-18 00:49:47.735,106815.69,0.00023,24.5676087
2025-10-18 00:49:47.930,106815.7,0.00234,249.948738
2025-10-18 00:49:49.117,106815.69,0.00017,18.1586673
2025-10-18 00:49:49.199,106815.69,0.00025,26.7039225
2025-10-18 00:49:49.437,106815.69,0.00025,26.7039225
2025-10-18 00:49:49.460,106815.69,0.012,1281.78828
2025-10-18 00:49:49.461,106815.69,0.15391,16440.0028479
2025-10-18 00:49:49.462,106815.68,0.012,1281.7881599999998
2025-10-18 00:49:49.483,106815.68,0.01228,1311.6965503999998
2025-10-18 00:49:49.493,106815.69,0.00985,1052.1345465
2025-10-18 00:49:49.527,106815.68,0.01235,1319.173648
2025-10-18 00:49:50.054,106815.69,0.00078,83.3162382
2025-10-18 00:49:50.218,106815.69,0.00012,12.817882800000001
2025-10-18 00:49:50.453,106815.68,0.005,534.0784
2025-10-18 00:49:50.455,106815.68,0.005,534.0784
2025-10-18 00:49:50.456,106815.68,0.005,534.0784
2025-10-18 00:49:50.849,106815.69,0.00011,11.749725900000001
2025-10-18 00:49:51.261,106815.68,0.00028,29.908390399999995
2025-10-18 00:49:51.317,106815.68,0.00027,28.840233599999998
2025-10-18 00:49:51.323,106815.69,0.00011,11.749725900000001
2025-10-18 00:49:52.731,106815.68,0.0047,502.03369599999996
2025-10-18 00:49:53.167,106815.69,0.00064,68.36204160000001
2025-10-18 00:49:53.176,106815.69,4e-05,4.272627600000001
2025-10-18 00:49:53.335,106815.68,0.00018,19.2268224
2025-10-18 00:49:53.417,106815.68,0.00018,19.2268224
2025-10-18 00:49:55.121,106815.69,0.0598,6387.578262
2025-10-18 00:49:55.398,106815.68,9e-05,9.6134112
2025-10-18 00:49:55.724,106815.68,0.0002,21.363136
2025-10-18 00:49:55.987,106815.68,0.00017,18.1586656
2025-10-18 00:49:56.520,106815.68,0.0001,10.681568
2025-10-18 00:49:56.587,106815.68,0.012,1281.7881599999998
2025-10-18 00:49:56.588,106815.68,0.012,1281.7881599999998
2025-10-18 00:49:56.589,106815.68,0.012,1281.7881599999998
2025-10-18 00:49:56.600,106815.68,0.00025,26.70392
2025-10-18 00:49:57.592,106815.68,0.00916,978.4316287999999
2025-10-18 00:49:58.342,106815.69,0.00093,99.33859170000001
2025-10-18 00:49:58.737,106815.69,0.00595,635.5533555000001
2025-10-18 00:49:59.117,106815.69,9e-05,9.613412100000001
2025-10-18 00:49:59.212,106815.68,0.00093,99.33858239999999
2025-10-18 00:50:00.109,106815.69,0.0043,459.30746700000003
2025-10-18 00:50:00.970,106815.68,0.00063,67.2938784
2025-10-18 00:50:01.220,106815.68,0.0001,10.681568
2025-10-18 00:50:01.543,106815.69,0.00035,37.3854915
2025-10-18 00:50:01.552,106815.68,0.00019,20.2949792
2025-10-18 00:50:01.800,106815.68,0.00047,50.203369599999995
2025-10-18 00:50:02.221,106815.68,0.00011,11.7497248
2025-10-18 00:50:02.289,106815.68,0.00036,38.4536448
2025-10-18 00:50:02.637,106815.69,0.00047,50.2033743
2025-10-18 00:50:03.275,106815.68,0.00185,197.609008
2025-10-18 00:50:04.018,106815.68,0.00094,100.40673919999999
2025-10-18 00:50:04.161,106815.69,0.0022,234.99451800000003
2025-10-18 00:50:04.564,106815.68,0.00685,731.687408
2025-10-18 00:50:04.613,106815.68,0.00025,26.70392
2025-10-18 00:50:04.619,106815.68,0.06228,6652.4805504
2025-10-18 00:50:04.621,106815.68,0.03179,3395.6704671999996
2025-10-18 00:50:04.622,106815.68,0.012,1281.7881599999998
2025-10-18 00:50:04.624,106815.67,0.012,1281.78804
2025-10-18 00:50:04.629,106815.67,0.01082,1155.7455493999998
2025-10-18 00:50:04.636,106815.67,0.00019,20.2949773
2025-10-18 00:50:04.643,106815.67,0.01459,1558.4406253
2025-10-18 00:50:04.648,106815.67,0.02137,2282.6508679
2025-10-18 00:50:04.652,106815.67,0.03591,3835.7507097
2025-10-18 00:50:04.655,106815.67,0.01859,1985.7033052999998
2025-10-18 00:50:04.661,106815.67,0.01857,1983.5669919
2025-10-18 00:50:04.667,106815.67,0.01209,1291.4014503
2025-10-18 00:50:04.683,106815.67,0.02707,2891.5001869
2025-10-18 00:50:04.715,106810.49,0.00015,16.0215735
2025-10-18 00:50:04.754,106805.41,0.00048,51.2665968
2025-10-18 00:50:04.907,106805.4,0.00071,75.831834
2025-10-18 00:50:04.910,106805.4,0.01427,1524.113058
2025-10-18 00:50:05.001,106805.4,0.01498,1599.944892
2025-10-18 00:50:05.006,106805.4,0.01498,1599.944892
2025-10-18 00:50:05.115,106805.4,0.00251,268.081554
2025-10-18 00:50:05.538,106805.39,0.00027,28.8374553
2025-10-18 00:50:05.833,106805.4,0.00141,150.59561399999998
2025-10-18 00:50:06.267,106805.39,0.00041,43.7902099
2025-10-18 00:50:06.305,106805.4,9e-05,9.612486
2025-10-18 00:50:06.538,106805.39,0.00817,872.6000363
2025-10-18 00:50:06.547,106805.39,0.012,1281.66468
2025-10-18 00:50:06.549,106805.39,0.012,1281.66468
2025-10-18 00:50:06.855,106805.4,0.00054,57.674915999999996
2025-10-18 00:50:07.571,106805.4,0.01873,2000.465142
2025-10-18 00:50:07.653,106805.4,0.00468,499.849272
2025-10-18 00:50:08.339,106805.4,0.00018,19.224972
2025-10-18 00:50:08.490,106805.4,0.00018,19.224972
2025-10-18 00:50:09.686,106805.4,0.00023,24.565241999999998
2025-10-18 00:50:10.237,106805.4,0.00067,71.559618
2025-10-18 00:50:10.239,106805.4,0.0748,7989.04392
2025-10-18 00:50:10.913,106805.4,6e-05,6.4083239999999995
2025-10-18 00:50:11.768,106805.4,0.00281,300.123174
2025-10-18 00:50:11.840,106805.4,0.0072,768.99888
2025-10-18 00:50:12.581,106805.4,8e-05,8.544432
2025-10-18 00:50:13.838,106805.4,8e-05,8.544432
2025-10-18 00:50:13.883,106805.4,0.00751,802.108554
2025-10-18 00:50:14.376,106805.4,0.00065,69.42351
2025-10-18 00:50:15.084,106805.4,0.00895,955.9083299999999
2025-10-18 00:50:15.459,106805.4,5e-05,5.34027
2025-10-18 00:50:15.747,106805.37,0.0002,21.361074
2025-10-18 00:50:15.765,106805.01,0.00889,949.4965389
2025-10-18 00:50:15.766,106805.0,4e-05,4.272200000000001
2025-10-18 00:50:15.767,106804.36,0.00035,37.381526
2025-10-18 00:50:15.768,106804.36,0.00087,92.9197932
2025-10-18 00:50:15.778,106804.35,0.00165,176.2271775
2025-10-18 00:50:15.780,106804.35,0.0001,10.680435000000001
2025-10-18 00:50:15.808,106800.8,0.00379,404.775032
2025-10-18 00:50:15.812,106800.01,0.00015,16.0200015
2025-10-18 00:50:16.115,106795.28,0.00015,16.019292
2025-10-18 00:50:16.233,106795.28,0.00018,19.2231504
2025-10-18 00:50:18.048,106795.28,0.00428,457.0837984
2025-10-18 00:50:18.216,106795.27,0.00089,95.0477903
2025-10-18 00:50:18.256,106795.27,0.012,1281.54324
2025-10-18 00:50:18.257,106795.27,0.012,1281.54324
2025-10-18 00:50:18.258,106795.27,0.012,1281.54324
2025-10-18 00:50:18.461,106795.28,0.001,106.79528
2025-10-18 00:50:19.721,106795.27,0.00076,81.1644052
2025-10-18 00:50:20.002,106795.27,9e-05,9.611574300000001
2025-10-18 00:50:20.151,106795.27,0.00086,91.8439322
2025-10-18 00:50:20.152,106795.27,0.00214,228.5418778
2025-10-18 00:50:20.431,106795.27,0.00066,70.4848782
2025-10-18 00:50:20.434,106795.26,0.00023,24.5629098
2025-10-18 00:50:21.086,106795.26,0.00102,108.93116520000001
2025-10-18 00:50:21.576,106795.26,9e-05,9.6115734
2025-10-18 00:50:21.610,106795.27,0.01872,1999.2074544000002
2025-10-18 00:50:21.758,106795.26,0.02877,3072.4996302
2025-10-18 00:50:22.776,106795.27,0.00127,135.62999290000002
2025-10-18 00:50:24.687,106795.26,0.002,213.59052
2025-10-18 00:50:25.153,106795.26,0.0001,10.679526
2025-10-18 00:50:25.491,106791.93,0.00015,16.018789499999997
2025-10-18 00:50:25.493,106791.75,6e-05,6.4075050000000005
2025-10-18 00:50:25.499,106790.96,0.00015,16.018644
2025-10-18 00:50:25.502,106786.0,0.00215,229.5899
2025-10-18 00:50:25.520,106785.28,0.012,1281.42336
2025-10-18 00:50:25.578,106785.28,0.01498,1599.6434944
2025-10-18 00:50:25.973,106785.28,9e-05,9.610675200000001
2025-10-18 00:50:26.119,106785.29,0.00108,115.32811319999999
2025-10-18 00:50:26.314,106785.29,0.0749,7998.218220999999
2025-10-18 00:50:27.210,106785.28,0.00088,93.9710464
2025-10-18 00:50:27.897,106785.29,0.0001,10.678529
2025-10-18 00:50:27.917,106785.29,0.00038,40.5784102
2025-10-18 00:50:27.969,106785.29,8e-05,8.5428232
2025-10-18 00:50:28.071,106785.29,0.01088,1161.8239552
2025-10-18 00:50:28.162,106785.29,9e-05,9.6106761
2025-10-18 00:50:28.181,106785.29,0.00012,12.8142348
2025-10-18 00:50:28.470,106785.29,0.00057,60.8676153
2025-10-18 00:50:28.648,106785.29,0.0002,21.357058
2025-10-18 00:50:28.736,106785.29,0.00033,35.239145699999995
2025-10-18 00:50:28.892,106785.29,0.00469,500.8230100999999
2025-10-18 00:50:29.010,106785.29,0.00045,48.053380499999996
2025-10-18 00:50:29.017,106785.29,0.00071,75.8175559
2025-10-18 00:50:29.250,106785.29,0.00019,20.2892051
2025-10-18 00:50:29.275,106785.29,0.00015,16.017793499999996
2025-10-18 00:50:29.440,106785.29,0.00024,25.6284696
2025-10-18 00:50:29.547,106785.29,0.00029,30.967734099999998
2025-10-18 00:50:29.733,106785.28,7e-05,7.4749696
2025-10-18 00:50:29.952,106785.29,9e-05,9.6106761
2025-10-18 00:50:30.214,106785.28,0.00187,199.68847359999998
2025-10-18 00:50:30.220,106785.28,0.00026,27.764172799999997
2025-10-18 00:50:30.223,106784.6,0.00045,48.05307
2025-10-18 00:50:30.247,106784.61,0.00028,29.8996908
2025-10-18 00:50:30.362,106784.6,0.00101,107.85244600000001
2025-10-18 00:50:30.660,106784.6,0.00252,269.097192
2025-10-18 00:50:30.820,106784.6,0.012,1281.4152000000001
2025-10-18 00:50:30.821,106784.6,0.012,1281.4152000000001
2025-10-18 00:50:31.786,106784.0,0.0022,234.9248
2025-10-18 00:50:31.789,106783.99,0.00085,90.7663915
2025-10-18 00:50:31.790,106779.75,0.002,213.5595
2025-10-18 00:50:31.792,106779.75,0.00132,140.94927
2025-10-18 00:50:31.794,106779.74,0.002,213.55948
2025-10-18 00:50:31.815,106779.74,0.01242,1326.2043708
2025-10-18 00:50:31.993,106774.68,0.14051,15002.910286799999
2025-10-18 00:50:32.210,106774.67,0.003,320.32401
2025-10-18 00:50:32.211,106774.67,0.003,320.32401
2025-10-18 00:50:32.462,106774.67,0.012,1281.29604
2025-10-18 00:50:32.464,106774.67,0.012,1281.29604
2025-10-18 00:50:32.746,106774.67,0.00047,50.1840949
2025-10-18 00:50:33.522,106774.68,0.00303,323.5272804
2025-10-18 00:50:34.432,106774.67,6e-05,6.4064802
2025-10-18 00:50:34.541,106774.68,0.00437,466.60535159999995
2025-10-18 00:50:34.678,106774.68,0.0013,138.80708399999997
2025-10-18 00:50:34.821,106774.67,0.00018,19.219440600000002
2025-10-18 00:50:35.565,106774.68,0.00084,89.6907312
2025-10-18 00:50:36.082,106774.68,8e-05,8.5419744
2025-10-18 00:50:36.089,106774.68,0.5006,53451.404808
2025-10-18 00:50:36.560,106774.67,0.3,32032.400999999998
2025-10-18 00:50:36.675,106774.68,0.00043,45.913112399999996
2025-10-18 00:50:37.110,106774.67,0.00025,26.6936675
2025-10-18 00:50:37.117,106774.67,0.00045,48.0486015
2025-10-18 00:50:37.991,106774.67,0.012,1281.29604
2025-10-18 00:50:37.992,106774.67,0.012,1281.29604
2025-10-18 00:50:38.331,106774.68,0.00047,50.184099599999996
2025-10-18 00:50:38.786,106774.67,0.00581,620.3608327
2025-10-18 00:50:39.234,106774.67,0.00025,26.6936675
2025-10-18 00:50:39.347,106774.68,0.00014,14.948455199999998
2025-10-18 00:50:39.355,106774.68,0.00081,86.48749079999999
2025-10-18 00:50:39.835,106774.68,0.00017,18.1516956
2025-10-18 00:50:40.448,106774.68,0.00188,200.73639839999998
2025-10-18 00:50:40.591,106774.68,0.00011,11.7452148
2025-10-18 00:50:40.625,106774.68,0.00038,40.5743784
2025-10-18 00:50:40.711,106774.68,0.00049,52.31959319999999
2025-10-18 00:50:41.968,106774.67,0.012,1281.29604
2025-10-18 00:50:41.970,106774.67,0.012,1281.29604
2025-10-18 00:50:42.317,106774.68,0.0749,7997.423531999999
2025-10-18 00:50:42.834,106774.67,7e-05,7.474226899999999
2025-10-18 00:50:42.895,106774.67,0.01363,1455.3387521
2025-10-18 00:50:43.564,106774.67,8e-05,8.5419736
2025-10-18 00:50:44.047,106774.67,0.00468,499.7054556
2025-10-18 00:50:44.255,106774.67,9e-05,9.609720300000001
2025-10-18 00:50:44.830,106774.68,6e-05,6.4064808
2025-10-18 00:50:45.680,106774.68,9e-05,9.6097212
2025-10-18 00:50:46.293,106774.67,8e-05,8.5419736
2025-10-18 00:50:47.013,106774.68,0.00011,11.7452148
2025-10-18 00:50:47.560,106774.67,6e-05,6.4064802
2025-10-18 00:50:47.654,106774.68,0.001,106.77467999999999
2025-10-18 00:50:47.728,106774.67,0.012,1281.29604
2025-10-18 00:50:47.729,106774.67,0.012,1281.29604
2025-10-18 00:50:48.446,106774.68,5e-05,5.338734
2025-10-18 00:50:48.460,106774.68,0.00015,16.016201999999996
2025-10-18 00:50:48.575,106774.68,6e-05,6.4064808
2025-10-18 00:50:49.052,106774.67,9e-05,9.609720300000001
2025-10-18 00:50:49.588,106774.68,0.0003,32.03240399999999
2025-10-18 00:50:50.350,106774.68,0.00161,171.9072348
2025-10-18 00:50:50.844,106774.67,0.012,1281.29604
2025-10-18 00:50:50.944,106774.68,0.0007,74.74227599999999
2025-10-18 00:50:51.069,106774.68,7e-05,7.474227599999999
2025-10-18 00:50:52.203,106774.67,0.012,1281.29604
2025-10-18 00:50:52.663,106774.67,6e-05,6.4064802
2025-10-18 00:50:52.752,106774.67,0.012,1281.29604
2025-10-18 00:50:53.193,106774.68,0.00034,36.3033912
2025-10-18 00:50:53.702,106774.67,7e-05,7.474226899999999
2025-10-18 00:50:54.441,106774.68,0.00022,23.4904296
2025-10-18 00:50:54.645,106774.68,0.00034,36.3033912
2025-10-18 00:50:55.286,106774.67,0.00051,54.4550817
2025-10-18 00:50:55.462,106774.68,0.00171,182.58470279999997
2025-10-18 00:50:55.883,106774.68,0.00378,403.6082904
2025-10-18 00:50:56.471,106774.68,0.0001,10.677468
2025-10-18 00:50:56.531,106774.68,9e-05,9.6097212
2025-10-18 00:50:57.182,106774.68,6e-05,6.4064808
2025-10-18 00:50:57.396,106774.67,8e-05,8.5419736
2025-10-18 00:50:58.142,106774.67,0.00955,1019.6980984999999
2025-10-18 00:50:58.408,106774.68,0.00173,184.7201964
2025-10-18 00:50:58.422,106774.68,0.0749,7997.423531999999
2025-10-18 00:50:58.703,106774.68,0.0001,10.677468
2025-10-18 00:50:59.136,106774.68,0.0749,7997.423531999999
2025-10-18 00:50:59.166,106774.67,9e-05,9.609720300000001
2025-10-18 00:50:59.221,106774.67,7e-05,7.474226899999999
2025-10-18 00:51:00.693,106774.67,6e-05,6.4064802
2025-10-18 00:51:00.855,106774.67,7e-05,7.474226899999999
2025-10-18 00:51:01.241,106774.68,0.00013,13.880708399999998
2025-10-18 00:51:01.581,106774.67,7e-05,7.474226899999999
2025-10-18 00:51:02.683,106774.67,9e-05,9.609720300000001
2025-10-18 00:51:03.188,106774.68,0.00029,30.964657199999998
2025-10-18 00:51:04.032,106774.68,0.01158,1236.4507944
2025-10-18 00:51:05.714,106774.68,8e-05,8.5419744
2025-10-18 00:51:06.132,106774.67,6e-05,6.4064802
2025-10-18 00:51:06.630,106774.67,7e-05,7.474226899999999
2025-10-18 00:51:07.746,106774.67,0.10789,11519.9191463
2025-10-18 00:51:08.112,106774.68,0.0001,10.677468
2025-10-18 00:51:08.441,106774.67,0.00047,50.1840949
2025-10-18 00:51:08.853,106774.68,0.01462,1561.0458215999997
2025-10-18 00:51:08.864,106774.67,0.00016,17.0839472
2025-10-18 00:51:09.203,106774.67,0.012,1281.29604
2025-10-18 00:51:09.204,106774.67,0.012,1281.29604
2025-10-18 00:51:09.258,106774.67,8e-05,8.5419736
2025-10-18 00:51:09.272,106774.67,0.00025,26.6936675
2025-10-18 00:51:09.338,106774.67,9e-05,9.609720300000001
2025-10-18 00:51:09.341,106774.68,0.00093,99.3004524
2025-10-18 00:51:09.366,106774.67,0.0615,6566.642205
2025-10-18 00:51:10.303,106774.67,0.00024,25.6259208
2025-10-18 00:51:10.564,106774.68,0.00028,29.896910399999996
2025-10-18 00:51:10.565,106774.68,0.00028,29.896910399999996
2025-10-18 00:51:10.566,106774.68,0.00074,79.0132632
2025-10-18 00:51:10.567,106774.68,0.00074,79.0132632
2025-10-18 00:51:11.425,106774.67,0.00063,67.2680421
2025-10-18 00:51:12.100,106774.67,0.0149,1590.942583
2025-10-18 00:51:12.124,106774.68,0.00018,19.2194424
2025-10-18 00:51:12.638,106774.68,0.00093,99.3004524
2025-10-18 00:51:12.655,106774.68,0.00055,58.726074
2025-10-18 00:51:13.720,106774.68,0.00333,355.5596844
2025-10-18 00:51:13.725,106774.67,8e-05,8.5419736
2025-10-18 00:51:13.814,106774.68,7e-05,7.474227599999999
2025-10-18 00:51:13.836,106774.68,0.00017,18.1516956
2025-10-18 00:51:14.569,106774.68,0.0749,7997.423531999999
2025-10-18 00:51:15.291,106774.68,0.00011,11.7452148
2025-10-18 00:51:15.635,106774.68,0.00024,25.6259232
2025-10-18 00:51:16.204,106774.67,7e-05,7.474226899999999
2025-10-18 00:51:16.905,106774.67,0.012,1281.29604
2025-10-18 00:51:16.906,106774.67,0.012,1281.29604
2025-10-18 00:51:16.977,106774.67,9e-05,9.609720300000001
2025-10-18 00:51:18.118,106774.68,0.00107,114.2489076
2025-10-18 00:51:18.153,106774.68,0.00046,49.1163528
2025-10-18 00:51:18.713,106774.68,0.00013,13.880708399999998
2025-10-18 00:51:18.915,106774.68,6e-05,6.4064808
2025-10-18 00:51:18.970,106774.68,0.0006,64.06480799999999
2025-10-18 00:51:19.159,106774.68,6e-05,6.4064808
2025-10-18 00:51:19.205,106774.68,0.00234,249.8527512
2025-10-18 00:51:19.650,106774.67,9e-05,9.609720300000001
2025-10-18 00:51:19.833,106774.67,8e-05,8.5419736
2025-10-18 00:51:19.869,106774.67,0.03,3203.2401
2025-10-18 00:51:19.918,106774.67,9e-05,9.609720300000001
2025-10-18 00:51:20.031,106774.67,0.03887,4150.3314229
2025-10-18 00:51:20.048,106774.67,8e-05,8.5419736
2025-10-18 00:51:20.532,106774.68,0.00188,200.73639839999998
2025-10-18 00:51:20.945,106774.67,8e-05,8.5419736
2025-10-18 00:51:20.960,106774.68,0.00093,99.3004524
2025-10-18 00:51:22.004,106774.67,0.0001,10.677467
2025-10-18 00:51:22.362,106774.68,0.0011,117.452148
2025-10-18 00:51:22.557,106774.67,0.0001,10.677467
2025-10-18 00:51:23.811,106774.67,9e-05,9.609720300000001
2025-10-18 00:51:23.890,106774.67,8e-05,8.5419736
2025-10-18 00:51:23.973,106774.67,6e-05,6.4064802
2025-10-18 00:51:24.230,106774.67,0.00112,119.58763039999998
2025-10-18 00:51:24.985,106774.67,0.00021,22.4226807
2025-10-18 00:51:25.250,106774.68,0.00013,13.880708399999998
2025-10-18 00:51:25.392,106774.67,0.00098,104.6391766
2025-10-18 00:51:25.928,106774.68,0.00243,259.46247239999997
2025-10-18 00:51:26.576,106774.67,7e-05,7.474226899999999
2025-10-18 00:51:26.933,106774.67,0.3,32032.400999999998
2025-10-18 00:51:27.027,106774.67,0.00021,22.4226807
2025-10-18 00:51:27.417,106774.67,7e-05,7.474226899999999
2025-10-18 00:51:27.497,106774.67,0.00126,134.5360842
2025-10-18 00:51:27.532,106774.67,0.00045,48.0486015
2025-10-18 00:51:28.010,106774.67,8e-05,8.5419736
2025-10-18 00:51:28.612,106774.68,9e-05,9.6097212
2025-10-18 00:51:28.623,106774.68,9e-05,9.6097212
2025-10-18 00:51:28.643,106774.68,0.0001,10.677468
2025-10-18 00:51:28.670,106774.68,0.0001,10.677468
2025-10-18 00:51:28.710,106774.67,0.00012,12.8129604
2025-10-18 00:51:28.730,106774.67,0.00026,27.761414199999997
2025-10-18 00:51:28.817,106774.68,9e-05,9.6097212
2025-10-18 00:51:28.918,106774.67,0.01456,1554.6391952
2025-10-18 00:51:29.138,106774.67,0.0012,128.129604
2025-10-18 00:51:29.355,106774.68,6e-05,6.4064808
2025-10-18 00:51:29.902,106774.67,7e-05,7.474226899999999
2025-10-18 00:51:30.342,106774.67,0.005,533.87335
2025-10-18 00:51:30.723,106774.68,0.0749,7997.423531999999
2025-10-18 00:51:30.768,106774.67,8e-05,8.5419736
2025-10-18 00:51:30.882,106774.67,0.00093,99.30044310000001
2025-10-18 00:51:31.009,106774.68,0.00303,323.5272804
2025-10-18 00:51:31.193,106774.67,0.00046,49.1163482
2025-10-18 00:51:31.226,106774.67,8e-05,8.5419736
2025-10-18 00:51:32.410,106774.67,0.00992,1059.2047264
2025-10-18 00:51:33.107,106774.68,0.0028,298.96910399999996
2025-10-18 00:51:33.119,106774.68,0.03926,4191.9739368
2025-10-18 00:51:33.399,106774.67,0.00571,609.6833657
2025-10-18 00:51:33.620,106774.68,0.00031,33.100150799999994
2025-10-18 00:51:33.682,106774.67,9e-05,9.609720300000001
2025-10-18 00:51:34.687,106774.67,0.003,320.32401
2025-10-18 00:51:34.832,106774.68,0.00024,25.6259232
2025-10-18 00:51:35.033,106774.67,0.00029,30.9646543
2025-10-18 00:51:35.034,106774.67,0.00029,30.9646543
2025-10-18 00:51:35.035,106774.67,0.0014,149.484538
2025-10-18 00:51:35.075,106774.68,0.0001,10.677468
2025-10-18 00:51:35.333,106774.67,0.01,1067.7467
2025-10-18 00:51:35.730,106774.68,0.0247,2637.3345959999997
2025-10-18 00:51:35.980,106774.68,0.00014,14.948455199999998
2025-10-18 00:51:37.383,106774.68,0.00018,19.2194424
2025-10-18 00:51:38.779,106774.68,0.00016,17.0839488
2025-10-18 00:51:39.407,106774.68,9e-05,9.6097212
2025-10-18 00:51:39.431,106774.67,0.00353,376.9145851
2025-10-18 00:51:39.713,106774.68,0.00655,699.374154
2025-10-18 00:51:40.402,106774.67,0.00781,833.9101727
2025-10-18 00:51:40.986,106774.67,0.0001,10.677467
2025-10-18 00:51:41.968,106774.68,0.00082,87.5552376
2025-10-18 00:51:42.295,106774.67,9e-05,9.609720300000001
2025-10-18 00:51:42.413,106774.68,0.0002,21.354936
2025-10-18 00:51:42.512,106774.67,0.0002,21.354934
2025-10-18 00:51:43.012,106774.67,9e-05,9.609720300000001
2025-10-18 00:51:43.638,106774.67,0.00037,39.5066279
2025-10-18 00:51:43.666,106774.68,0.00051,54.455086800000004
2025-10-18 00:51:44.058,106774.67,7e-05,7.474226899999999
2025-10-18 00:51:44.243,106774.68,0.00053,56.59058039999999
2025-10-18 00:51:44.715,106774.68,0.02592,2767.5997055999997
2025-10-18 00:51:44.909,106774.68,0.00076,81.1487568
2025-10-18 00:51:45.624,106774.67,0.04753,5075.0000651
2025-10-18 00:51:45.692,106774.67,0.00061,65.1325487
2025-10-18 00:51:45.958,106774.68,0.0501,5349.411467999999
2025-10-18 00:51:46.082,106774.68,0.01131,1207.6216308
2025-10-18 00:51:46.743,106774.67,0.00968,1033.5788056
2025-10-18 00:51:46.777,106774.67,0.00027,28.8291609
2025-10-18 00:51:47.266,106774.67,8e-05,8.5419736
2025-10-18 00:51:47.383,106774.68,0.00094,100.36819919999999
2025-10-18 00:51:47.471,106774.67,9e-05,9.609720300000001
2025-10-18 00:51:47.557,106774.67,0.0007,74.742269
2025-10-18 00:51:48.002,106774.67,0.00026,27.761414199999997
2025-10-18 00:51:48.343,106774.67,0.00026,27.761414199999997
2025-10-18 00:51:48.674,106774.68,6e-05,6.4064808
2025-10-18 00:51:49.062,106774.68,0.00012,12.8129616
2025-10-18 00:51:50.148,106774.68,0.00719,767.7099492
2025-10-18 00:51:51.368,106774.68,0.00019,20.2871892
2025-10-18 00:51:51.576,106774.67,8e-05,8.5419736
2025-10-18 00:51:51.577,106774.67,0.00694,741.0162098
2025-10-18 00:51:51.691,106774.67,9e-05,9.609720300000001
2025-10-18 00:51:51.759,106774.67,0.00015,16.0162005
2025-10-18 00:51:52.410,106774.67,0.0007,74.742269
2025-10-18 00:51:53.004,106774.67,7e-05,7.474226899999999
2025-10-18 00:51:53.092,106774.68,0.00069,73.6745292
2025-10-18 00:51:53.238,106774.68,0.00021,22.4226828
2025-10-18 00:51:54.121,106774.67,0.00037,39.5066279
2025-10-18 00:51:54.169,106774.67,5e-05,5.3387335
2025-10-18 00:51:54.389,106774.68,0.09365,9999.448782
2025-10-18 00:51:54.992,106774.67,0.00036,38.438881200000004
2025-10-18 00:51:55.024,106774.68,0.00155,165.50075399999997
2025-10-18 00:51:55.491,106774.67,0.00031,33.1001477
2025-10-18 00:51:55.535,106774.67,0.00043,45.913108099999995
2025-10-18 00:51:55.718,106774.68,0.00118,125.9941224
2025-10-18 00:51:56.182,106774.67,0.0006,64.064802
2025-10-18 00:51:56.185,106774.68,0.00121,129.19736279999998
2025-10-18 00:51:56.214,106774.67,0.11006,11751.6201802
2025-10-18 00:51:56.487,106774.67,0.00028,29.896907599999995
2025-10-18 00:51:56.595,106774.67,0.00102,108.9101634
2025-10-18 00:51:56.643,106774.68,0.00018,19.2194424
2025-10-18 00:51:57.022,106774.67,9e-05,9.609720300000001
2025-10-18 00:51:58.118,106774.67,0.00108,115.3166436
2025-10-18 00:51:59.168,106774.67,9e-05,9.609720300000001
2025-10-18 00:51:59.490,106774.68,0.00086,91.82622479999999
2025-10-18 00:51:59.860,106774.68,8e-05,8.5419744
2025-10-18 00:51:59.862,106774.68,8e-05,8.5419744
2025-10-18 00:51:59.938,106774.68,8e-05,8.5419744
2025-10-18 00:52:00.940,106774.68,0.34669,37017.713809199995
2025-10-18 00:52:00.943,106776.81,5e-05,5.3388405
2025-10-18 00:52:00.947,106781.72,0.00015,16.017257999999998
2025-10-18 00:52:00.960,106783.84,0.13269,14169.1477296
2025-10-18 00:52:00.977,106783.83,0.00788,841.4565804
2025-10-18 00:52:01.118,106783.83,0.00018,19.2210894
2025-10-18 00:52:01.141,106783.84,8e-05,8.5427072
2025-10-18 00:52:01.187,106783.83,0.00022,23.4924426
2025-10-18 00:52:01.188,106783.84,9e-05,9.6105456
2025-10-18 00:52:01.190,106783.84,9e-05,9.6105456
2025-10-18 00:52:01.203,106783.84,0.00064,68.3416576
2025-10-18 00:52:01.270,106783.84,0.01644,1755.5263295999998
2025-10-18 00:52:01.272,106785.0,0.00015,16.01775
2025-10-18 00:52:01.274,106786.0,0.00015,16.017899999999997
2025-10-18 00:52:01.284,106786.34,0.00114,121.73642759999998
2025-10-18 00:52:01.286,106786.34,6e-05,6.4071804
2025-10-18 00:52:01.287,106790.43,0.00113,120.67318589999998
2025-10-18 00:52:01.289,106792.9,0.0002,21.35858
2025-10-18 00:52:02.198,106792.89,0.00028,29.9020092
2025-10-18 00:52:02.635,106792.9,0.00129,137.76284099999998
2025-10-18 00:52:02.793,106792.89,9e-05,9.6113601
2025-10-18 00:52:02.818,106792.9,0.00015,16.018935
2025-10-18 00:52:03.008,106792.9,0.0749,7998.788209999999
2025-10-18 00:52:03.260,106793.05,0.0002,21.358610000000002
2025-10-18 00:52:03.262,106793.97,5e-05,5.3396985
2025-10-18 00:52:03.263,106796.72,0.00015,16.019508
2025-10-18 00:52:03.283,106797.18,0.00393,419.7129174
2025-10-18 00:52:03.285,106799.9,8e-05,8.543992
2025-10-18 00:52:03.291,106799.99,0.00145,154.8599855
2025-10-18 00:52:04.318,106800.0,0.00066,70.488
2025-10-18 00:52:04.403,106799.99,0.00017,18.155998300000004
2025-10-18 00:52:04.915,106801.5,6e-05,6.4080900000000005
2025-10-18 00:52:05.083,106803.47,0.00046,49.1295962
2025-10-18 00:52:05.117,106803.48,8e-05,8.5442784
2025-10-18 00:52:06.293,106803.47,0.00255,272.34884850000003
2025-10-18 00:52:06.934,106803.47,0.00103,110.00757410000001
2025-10-18 00:52:07.014,106803.47,8e-05,8.544277600000001
2025-10-18 00:52:07.833,106803.48,0.00281,300.1177788
2025-10-18 00:52:08.135,106803.47,0.18725,19998.9497575
2025-10-18 00:52:08.348,106803.48,0.01498,1599.9161304
2025-10-18 00:52:08.459,106803.48,0.01498,1599.9161304
2025-10-18 00:52:08.587,106803.48,0.0079,843.7474920000001
2025-10-18 00:52:08.619,106803.48,0.01498,1599.9161304
2025-10-18 00:52:08.632,106803.47,0.00054,57.6738738
2025-10-18 00:52:08.779,106803.48,0.01498,1599.9161304
2025-10-18 00:52:08.862,106803.47,0.00016,17.088555200000002
2025-10-18 00:52:08.937,106803.48,0.01498,1599.9161304
2025-10-18 00:52:09.095,106803.48,0.01498,1599.9161304
2025-10-18 00:52:09.256,106803.48,0.01498,1599.9161304
2025-10-18 00:52:09.417,106803.48,0.01498,1599.9161304
2025-10-18 00:52:09.574,106803.48,0.01498,1599.9161304
2025-10-18 00:52:10.015,106805.73,0.00015,16.020859499999997
2025-10-18 00:52:10.597,106805.73,7e-05,7.4764010999999995
2025-10-18 00:52:10.615,106808.21,0.00015,16.0212315
2025-10-18 00:52:10.788,106808.21,9e-05,9.612738900000002
2025-10-18 00:52:12.385,106808.22,0.00047,50.1998634
2025-10-18 00:52:13.548,106808.21,0.00019,20.2935599
2025-10-18 00:52:13.657,106808.22,8e-05,8.5446576
2025-10-18 00:52:14.440,106808.21,0.00749,799.9934929000001
2025-10-18 00:52:14.759,106808.22,0.08999,9611.6717178
2025-10-18 00:52:14.784,106808.21,0.00037,39.5190377
2025-10-18 00:52:14.797,106808.22,0.00318,339.6501396
2025-10-18 00:52:15.332,106808.22,0.00067,71.5615074
2025-10-18 00:52:15.433,106808.21,0.00022,23.497806200000003
2025-10-18 00:52:16.326,106808.22,8e-05,8.5446576
2025-10-18 00:52:16.564,106808.22,8e-05,8.5446576
2025-10-18 00:52:16.643,106808.22,0.0001,10.680822000000001
2025-10-18 00:52:16.809,106808.22,0.0001,10.680822000000001
2025-10-18 00:52:16.818,106808.22,0.00029,30.974383800000002
2025-10-18 00:52:16.868,106808.22,0.00015,16.021233
2025-10-18 00:52:16.984,106808.22,0.0001,10.680822000000001
2025-10-18 00:52:17.075,106808.22,0.01405,1500.655491
2025-10-18 00:52:17.082,106808.22,0.00094,100.3997268
2025-10-18 00:52:17.091,106808.22,0.00019,20.293561800000003
2025-10-18 00:52:17.111,106808.22,0.00128,136.7145216
2025-10-18 00:52:17.184,106808.22,0.0001,10.680822000000001
2025-10-18 00:52:18.044,106808.22,0.0749,7999.935678
2025-10-18 00:52:18.113,106808.22,0.00029,30.974383800000002
2025-10-18 00:52:18.275,106808.22,0.0001,10.680822000000001
2025-10-18 00:52:18.290,106808.22,9e-05,9.6127398
2025-10-18 00:52:18.294,106808.21,0.00028,29.9062988
2025-10-18 00:52:18.459,106808.21,0.00035,37.3828735
2025-10-18 00:52:18.790,106808.21,0.00017,18.157395700000002
2025-10-18 00:52:18.917,106808.22,0.0001,10.680822000000001
2025-10-18 00:52:19.019,106808.22,0.00057,60.8806854
2025-10-18 00:52:19.041,106808.22,0.00057,60.8806854
2025-10-18 00:52:19.221,106808.21,0.00018,19.225477800000004
2025-10-18 00:52:19.332,106808.21,0.00018,19.225477800000004
2025-10-18 00:52:19.589,106808.21,0.00042,44.8594482
2025-10-18 00:52:20.174,106808.22,0.00018,19.2254796
2025-10-18 00:52:21.150,106808.22,0.00021,22.4297262
2025-10-18 00:52:21.506,106808.21,0.0001,10.680821000000002
2025-10-18 00:52:21.578,106808.21,7e-05,7.4765747
2025-10-18 00:52:21.598,106808.22,0.02386,2548.4441292
2025-10-18 00:52:21.696,106812.56,0.00015,16.021884
2025-10-18 00:52:21.707,106812.57,0.00635,678.2598195
2025-10-18 00:52:22.392,106812.57,0.00012,12.817508400000001
2025-10-18 00:52:23.269,106812.58,8e-05,8.5450064
2025-10-18 00:52:23.563,106812.57,0.00085,90.7906845
2025-10-18 00:52:23.636,106812.57,0.00082,87.58630740000001
2025-10-18 00:52:23.663,106812.57,0.00046,49.133782200000006
2025-10-18 00:52:24.021,106812.58,0.00935,998.6976230000001
2025-10-18 00:52:24.022,106812.58,0.0006,64.087548
2025-10-18 00:52:24.023,106812.58,0.00935,998.6976230000001
2025-10-18 00:52:24.912,106812.58,0.00047,50.2019126
2025-10-18 00:52:26.637,106812.58,0.00048,51.270038400000004
2025-10-18 00:52:26.882,106812.57,0.00018,19.226262600000002
2025-10-18 00:52:27.194,106812.58,0.005,534.0629
2025-10-18 00:52:27.196,106812.58,0.00158,168.76387640000002
2025-10-18 00:52:27.540,106812.74,0.00173,184.7860402
2025-10-18 00:52:29.234,106812.74,0.001,106.81274
2025-10-18 00:52:29.375,106815.12,0.00015,16.022267999999997
2025-10-18 00:52:29.378,106816.97,5e-05,5.3408485
2025-10-18 00:52:29.386,106817.75,0.00076,81.18149000000001
2025-10-18 00:52:29.515,106821.0,6e-05,6.40926
2025-10-18 00:52:29.800,106822.79,0.00093,99.3451947
2025-10-18 00:52:30.663,106822.78,0.01315,1404.7195570000001
2025-10-18 00:52:30.837,106822.79,0.00032,34.183292800000004
2025-10-18 00:52:30.845,106822.8,0.001,106.8228
2025-10-18 00:52:30.846,106823.75,0.00186,198.69217500000002
2025-10-18 00:52:31.051,106823.74,0.00018,19.228273200000004
2025-10-18 00:52:31.269,106823.75,0.01872,1999.7406
2025-10-18 00:52:32.343,106823.74,0.00018,19.228273200000004
2025-10-18 00:52:32.681,106823.74,0.00028,29.9106472
2025-10-18 00:52:32.713,106823.75,0.00013,13.887087499999998
2025-10-18 00:52:32.915,106827.5,6e-05,6.40965
2025-10-18 00:52:32.925,106827.61,0.00176,188.01659360000002
2025-10-18 00:52:32.926,106827.61,0.00089,95.0765729
2025-10-18 00:52:33.366,106827.62,0.00191,204.04075419999998
2025-10-18 00:52:33.532,106827.61,0.00028,29.911730799999997
2025-10-18 00:52:33.637,106827.62,0.0748,7990.705976
2025-10-18 00:52:33.704,106827.62,0.00151,161.3097062
2025-10-18 00:52:34.024,106827.8,0.00027,28.843506
2025-10-18 00:52:34.538,106827.81,0.00363,387.7849503
2025-10-18 00:52:34.558,106827.81,0.00014,14.955893399999999
2025-10-18 00:52:34.720,106827.81,0.00046,49.1407926
2025-10-18 00:52:34.914,106827.81,0.00279,298.0495899
2025-10-18 00:52:35.521,106827.82,0.00291,310.8689562
2025-10-18 00:52:35.535,106827.83,0.00253,270.2744099
2025-10-18 00:52:35.540,106827.9,0.00145,154.900455
2025-10-18 00:52:35.643,106828.0,0.00019,20.297320000000003
2025-10-18 00:52:35.871,106827.99,0.00028,29.911837199999997
2025-10-18 00:52:36.006,106827.99,0.00028,29.911837199999997
2025-10-18 00:52:36.725,106828.0,4e-05,4.2731200000000005
2025-10-18 00:52:37.450,106827.99,0.00027,28.8435573
2025-10-18 00:52:38.223,106827.99,0.00046,49.140875400000006
2025-10-18 00:52:38.525,106827.99,0.00028,29.911837199999997
2025-10-18 00:52:38.858,106827.99,0.00096,102.55487040000001
2025-10-18 00:52:39.823,106828.0,0.00173,184.81244
2025-10-18 00:52:39.993,106827.99,0.00028,29.911837199999997
2025-10-18 00:52:40.079,106827.99,0.00532,568.3249068
2025-10-18 00:52:40.112,106828.0,0.00239,255.31892000000002
2025-10-18 00:52:40.882,106827.99,0.08456,9033.3748344
2025-10-18 00:52:40.968,106827.99,0.00013,13.8876387
2025-10-18 00:52:41.063,106827.99,9e-05,9.6145191
2025-10-18 00:52:41.472,106828.0,9e-05,9.61452
2025-10-18 00:52:41.912,106828.0,0.00029,30.98012
2025-10-18 00:52:42.032,106828.0,0.00099,105.75972
2025-10-18 00:52:42.221,106828.0,0.01465,1565.0302
2025-10-18 00:52:42.323,106828.0,0.00167,178.40276
2025-10-18 00:52:42.494,106827.99,0.00047,50.2091553
2025-10-18 00:52:42.647,106828.0,0.00644,687.9723200000001
2025-10-18 00:52:42.690,106827.99,0.00027,28.8435573
2025-10-18 00:52:43.262,106828.0,0.00094,100.41832
2025-10-18 00:52:43.263,106828.0,0.00235,251.0458
2025-10-18 00:52:44.041,106828.01,0.00025,26.707002499999998
2025-10-18 00:52:44.473,106828.0,0.00027,28.84356
2025-10-18 00:52:44.580,106828.01,0.00046,49.1408846
2025-10-18 00:52:44.882,106828.01,0.00016,17.0924816
2025-10-18 00:52:45.403,106828.0,0.00016,17.092480000000002
2025-10-18 00:52:45.876,106828.0,0.00027,28.84356
2025-10-18 00:52:46.364,106828.0,0.00019,20.297320000000003
2025-10-18 00:52:46.553,106828.01,0.00011,11.7510811
2025-10-18 00:52:46.856,106828.0,0.00028,29.911839999999998
2025-10-18 00:52:47.063,106828.01,0.00065,69.43820649999999
2025-10-18 00:52:47.281,106828.0,0.00036,38.45808
2025-10-18 00:52:47.327,106828.0,0.00028,29.911839999999998
2025-10-18 00:52:47.943,106828.0,0.00027,28.84356
2025-10-18 00:52:49.690,106828.0,0.00144,153.83232
2025-10-18 00:52:49.880,106828.0,0.012,1281.936
2025-10-18 00:52:49.881,106828.0,0.012,1281.936
2025-10-18 00:52:50.945,106828.0,0.00019,20.297320000000003
2025-10-18 00:52:51.554,106828.0,0.00018,19.22904
2025-10-18 00:52:51.576,106828.0,0.00037,39.52636
2025-10-18 00:52:51.735,106828.01,0.00221,236.08990210000002
2025-10-18 00:52:52.029,106828.0,0.00025,26.707
2025-10-18 00:52:52.445,106828.0,0.00028,29.911839999999998
2025-10-18 00:52:52.659,106828.0,0.00019,20.297320000000003
2025-10-18 00:52:52.863,106828.0,0.00027,28.84356
2025-10-18 00:52:53.731,106828.0,0.00036,38.45808
2025-10-18 00:52:53.781,106828.01,0.00181,193.3586981
2025-10-18 00:52:53.820,106828.0,7e-05,7.4779599999999995
2025-10-18 00:52:54.143,106828.01,0.00029,30.980122899999998
2025-10-18 00:52:54.807,106828.01,0.00118,126.0570518
2025-10-18 00:52:55.240,106828.01,0.0066,705.0648659999999
2025-10-18 00:52:55.520,106828.0,0.00014,14.955919999999999
2025-10-18 00:52:55.846,106828.0,0.012,1281.936
2025-10-18 00:52:55.847,106828.0,0.012,1281.936
2025-10-18 00:52:55.885,106828.01,0.00028,29.911842799999995
2025-10-18 00:52:55.917,106828.0,0.00027,28.84356
2025-10-18 00:52:56.196,106828.01,0.00047,50.209164699999995
2025-10-18 00:52:56.441,106828.01,0.00187,199.76837869999997
2025-10-18 00:52:56.577,106828.0,8e-05,8.546240000000001
2025-10-18 00:52:56.579,106828.0,0.06922,7394.6341600000005
2025-10-18 00:52:56.618,106828.0,0.00027,28.84356
2025-10-18 00:52:56.762,106828.01,0.00022,23.5021622
2025-10-18 00:52:57.038,106828.0,0.0001,10.6828
2025-10-18 00:52:57.039,106827.6,0.0056,598.23456
2025-10-18 00:52:57.040,106827.6,0.03114,3326.611464
2025-10-18 00:52:57.041,106823.63,0.03654,3903.3354402000004
2025-10-18 00:52:57.046,106823.63,0.00356,380.2921228
2025-10-18 00:52:57.049,106822.93,0.0002,21.364586
2025-10-18 00:52:57.050,106821.48,0.00339,362.12481719999994
2025-10-18 00:52:57.057,106821.48,0.16397,17515.5180756
2025-10-18 00:52:57.059,106821.48,0.00469,500.99274119999995
2025-10-18 00:52:57.063,106821.48,0.012,1281.8577599999999
2025-10-18 00:52:57.065,106821.48,0.012,1281.8577599999999
2025-10-18 00:52:57.067,106821.48,0.00936,999.8490528
2025-10-18 00:52:57.089,106821.48,0.00936,999.8490528
2025-10-18 00:52:57.097,106821.48,0.00928,991.3033343999999
2025-10-18 00:52:57.109,106821.48,0.0086,918.664728
2025-10-18 00:52:57.110,106820.0,5e-05,5.341
2025-10-18 00:52:57.177,106818.75,0.00015,16.022812499999997
2025-10-18 00:52:57.186,106818.74,0.00922,984.8687828000001
2025-10-18 00:52:57.271,106818.75,0.00012,12.81825
2025-10-18 00:52:57.298,106818.75,0.00011,11.7500625
2025-10-18 00:52:57.353,106818.74,0.05173,5525.7334202
2025-10-18 00:52:57.544,106818.74,0.09184,9810.233081600001
2025-10-18 00:52:57.596,106818.74,0.09851,10522.7140774
2025-10-18 00:52:57.599,106818.74,0.14373,15353.0575002
2025-10-18 00:52:57.601,106818.74,0.13156,14053.073434400001
2025-10-18 00:52:57.603,106818.74,0.01145,1223.074573
2025-10-18 00:52:57.604,106817.31,0.00015,16.0225965
2025-10-18 00:52:57.605,106817.31,5e-05,5.3408655000000005
2025-10-18 00:52:57.606,106812.14,0.00015,16.021821
2025-10-18 00:52:57.608,106811.26,2e-05,2.1362252
2025-10-18 00:52:57.613,106812.09,0.04416,4716.8218944
2025-10-18 00:52:57.614,106808.61,0.00594,634.4431434
2025-10-18 00:52:57.615,106808.61,0.00936,999.7285896000001
2025-10-18 00:52:57.616,106808.61,0.01185,1265.6820285
2025-10-18 00:52:57.617,106802.86,5e-05,5.340143
2025-10-18 00:52:57.622,106800.66,0.00936,999.6541776
2025-10-18 00:52:57.803,106800.66,0.00236,252.0495576
2025-10-18 00:52:57.962,106800.66,0.00014,14.9520924
2025-10-18 00:52:58.238,106800.65,0.00043,45.9242795
2025-10-18 00:52:58.853,106800.65,0.0001,10.680065
2025-10-18 00:52:58.916,106802.25,0.00015,16.0203375
2025-10-18 00:52:59.004,106803.89,0.00046,49.1297894
2025-10-18 00:52:59.385,106803.88,0.002,213.60776
2025-10-18 00:53:00.178,106803.89,0.00092,98.2595788
2025-10-18 00:53:00.515,106810.29,0.00567,605.6143443
2025-10-18 00:53:00.555,106812.09,0.00022,23.4986598
2025-10-18 00:53:00.559,106812.09,0.00022,23.4986598
2025-10-18 00:53:00.571,106812.09,0.00186,198.6704874
2025-10-18 00:53:00.573,106812.09,0.00022,23.4986598
2025-10-18 00:53:00.575,106812.09,0.00015,16.021813499999997
2025-10-18 00:53:00.915,106812.09,0.03946,4214.8050714
2025-10-18 00:53:00.937,106814.09,0.00194,207.2193346
2025-10-18 00:53:00.951,106814.3,0.00015,16.022145
2025-10-18 00:53:01.043,106814.31,0.00263,280.9216353
2025-10-18 00:53:01.044,106814.32,0.00025,26.703580000000002
2025-10-18 00:53:01.058,106814.32,0.00205,218.96935600000003
2025-10-18 00:53:01.073,106814.7,0.00024,25.635528
2025-10-18 00:53:01.074,106814.7,0.00061,65.156967
2025-10-18 00:53:01.084,106814.7,0.0018,192.26646
2025-10-18 00:53:01.115,106816.69,0.00025,26.704172500000002
2025-10-18 00:53:01.447,106816.69,0.02776,2965.2313144
2025-10-18 00:53:01.485,106816.7,0.00014,14.954337999999998
2025-10-18 00:53:01.536,106816.69,0.00017,18.158837300000002
2025-10-18 00:53:02.798,106816.7,0.0002,21.36334
2025-10-18 00:53:03.206,106816.7,0.00164,175.179388
2025-10-18 00:53:03.252,106816.69,0.24998,26702.036166200003
2025-10-18 00:53:03.261,106816.05,0.00015,16.0224075
2025-10-18 00:53:03.284,106816.04,0.002,213.63208
2025-10-18 00:53:03.326,106812.09,0.00035,37.3842315
2025-10-18 00:53:03.367,106812.07,0.0008,85.449656
2025-10-18 00:53:03.372,106812.08,0.00171,182.6486568
2025-10-18 00:53:03.387,106811.26,0.00135,144.195201
2025-10-18 00:53:03.389,106809.85,6e-05,6.408591
2025-10-18 00:53:03.390,106809.85,0.0001,10.680985000000002
2025-10-18 00:53:04.043,106809.86,0.00106,113.2184516
2025-10-18 00:53:04.317,106809.85,0.00028,29.906758
2025-10-18 00:53:04.748,106809.86,0.23406,24999.9158316
2025-10-18 00:53:05.475,106809.86,0.00156,166.6233816
2025-10-18 00:53:05.723,106809.86,0.0006,64.085916
2025-10-18 00:53:06.093,106809.85,0.00028,29.906758
2025-10-18 00:53:06.845,106809.86,0.00093,99.33316980000001
2025-10-18 00:53:06.883,106809.85,0.00028,29.906758
2025-10-18 00:53:07.545,106809.86,0.0749,8000.058513999999
2025-10-18 00:53:07.744,106809.86,8e-05,8.544788800000001
2025-10-18 00:53:08.350,106809.85,8e-05,8.544788
2025-10-18 00:53:08.686,106809.85,0.03814,4073.727679
2025-10-18 00:53:09.070,106809.86,0.00082,87.5840852
2025-10-18 00:53:09.268,106809.85,0.00342,365.289687
2025-10-18 00:53:09.545,106809.86,0.00103,110.01415580000001
2025-10-18 00:53:09.862,106809.86,6e-05,6.4085916
2025-10-18 00:53:10.253,106809.85,7e-05,7.4766895
2025-10-18 00:53:10.724,106809.85,0.00173,184.78104050000002
2025-10-18 00:53:10.975,106809.85,0.01085,1158.8868725
2025-10-18 00:53:11.592,106809.86,0.00011,11.7490846
2025-10-18 00:53:11.779,106809.86,0.00082,87.5840852
2025-10-18 00:53:12.355,106809.85,7e-05,7.4766895
2025-10-18 00:53:12.957,106809.85,0.00018,19.225773000000004
2025-10-18 00:53:13.866,106809.86,0.00082,87.5840852
2025-10-18 00:53:14.140,106809.86,9e-05,9.6128874
2025-10-18 00:53:15.414,106809.85,0.00028,29.906758
2025-10-18 00:53:17.090,106809.85,0.00097,103.60555450000001
2025-10-18 00:53:17.538,106809.85,0.00408,435.78418800000003
2025-10-18 00:53:18.079,106809.85,0.0353,3770.387705
2025-10-18 00:53:18.101,106809.86,0.0468,4998.701448
2025-10-18 00:53:18.450,106809.86,0.0001,10.680986
2025-10-18 00:53:18.483,106809.85,8e-05,8.544788
2025-10-18 00:53:19.038,106809.85,0.00125,133.5123125
2025-10-18 00:53:19.630,106809.85,0.01,1068.0985
2025-10-18 00:53:20.284,106809.86,0.00173,184.7810578
2025-10-18 00:53:20.439,106809.86,0.0001,10.680986
2025-10-18 00:53:20.972,106809.86,0.00011,11.7490846
2025-10-18 00:53:21.036,106809.86,0.00654,698.5364844
2025-10-18 00:53:22.584,106809.85,0.00016,17.089576
2025-10-18 00:53:22.596,106809.86,0.00011,11.7490846
2025-10-18 00:53:22.832,106809.85,0.00442,472.09953700000005
2025-10-18 00:53:22.846,106809.85,8e-05,8.544788
2025-10-18 00:53:22.880,106809.86,0.02146,2292.1395956
2025-10-18 00:53:23.170,106809.86,0.00024,25.6343664
2025-10-18 00:53:23.311,106809.86,0.00104,111.0822544
2025-10-18 00:53:23.525,106809.85,8e-05,8.544788
2025-10-18 00:53:23.576,106809.86,7e-05,7.476690199999999
2025-10-18 00:53:23.951,106809.86,0.0748,7989.377528000001
2025-10-18 00:53:24.190,106809.86,0.00686,732.7156396
2025-10-18 00:53:24.598,106809.86,0.00093,99.33316980000001
2025-10-18 00:53:25.261,106809.85,0.00051,54.473023500000004
2025-10-18 00:53:25.347,106809.85,0.00027,28.838659500000002
2025-10-18 00:53:25.415,106809.86,0.0006,64.085916
2025-10-18 00:53:25.938,106809.85,0.00046,49.13253100000001
2025-10-18 00:53:26.305,106809.85,0.00047,50.2006295
2025-10-18 00:53:26.739,106809.86,0.00046,49.132535600000004
2025-10-18 00:53:27.274,106809.86,0.01616,1726.0473376
2025-10-18 00:53:27.538,106809.85,0.00022,23.498167000000002
2025-10-18 00:53:27.610,106809.86,0.00021,22.4300706
2025-10-18 00:53:27.718,106809.86,0.0004,42.723944
2025-10-18 00:53:27.768,106809.86,0.10099,10786.7277614
2025-10-18 00:53:29.199,106809.86,0.00764,816.0273304
2025-10-18 00:53:29.718,106809.85,0.0004,42.723940000000006
2025-10-18 00:53:29.967,106809.85,0.00932,995.4678020000001
2025-10-18 00:53:30.875,106809.86,0.0001,10.680986
2025-10-18 00:53:31.581,106809.85,8e-05,8.544788
2025-10-18 00:53:31.906,106809.86,0.00021,22.4300706
2025-10-18 00:53:32.510,106809.86,0.00013,13.8852818
2025-10-18 00:53:32.537,106809.86,9e-05,9.6128874
2025-10-18 00:53:33.886,106809.86,0.00104,111.0822544
2025-10-18 00:53:33.922,106809.86,0.00795,849.1383870000001
2025-10-18 00:53:33.926,106809.86,7e-05,7.476690199999999
2025-10-18 00:53:34.356,106809.86,0.05,5340.493
2025-10-18 00:53:34.862,106809.86,8e-05,8.544788800000001
2025-10-18 00:53:36.339,106809.86,0.0001,10.680986
2025-10-18 00:53:36.767,106809.86,0.00046,49.132535600000004
2025-10-18 00:53:38.620,106809.86,0.00116,123.8994376
2025-10-18 00:53:39.709,106809.86,0.002,213.61972
2025-10-18 00:53:39.988,106809.86,0.0742,7925.291612
2025-10-18 00:53:40.483,106809.85,0.00268,286.250398
2025-10-18 00:53:40.732,106809.85,0.00438,467.82714300000004
2025-10-18 00:53:41.032,106809.85,0.31645,33799.977032500006
2025-10-18 00:53:41.944,106809.86,4e-05,4.2723944000000005
2025-10-18 00:53:42.690,106809.85,0.00046,49.13253100000001
2025-10-18 00:53:42.883,106809.85,0.013,1388.5280500000001
2025-10-18 00:53:44.861,106809.86,0.00253,270.2289458
2025-10-18 00:53:44.950,106809.86,0.00032,34.179155200000004
2025-10-18 00:53:45.362,106809.86,0.00018,19.2257748
2025-10-18 00:53:45.384,106809.86,0.00011,11.7490846
2025-10-18 00:53:45.636,106809.86,8e-05,8.544788800000001
2025-10-18 00:53:46.118,106809.86,0.01475,1575.4454349999999
2025-10-18 00:53:47.164,106809.86,0.00047,50.200634199999996
2025-10-18 00:53:47.876,106809.85,0.00825,881.1812625000001
2025-10-18 00:53:48.315,106812.08,0.00015,16.021812
2025-10-18 00:53:49.175,106812.95,0.01,1068.1295
2025-10-18 00:53:49.178,106813.64,0.00125,133.51705
2025-10-18 00:53:49.213,106814.78,0.00015,16.022216999999998
2025-10-18 00:53:49.215,106814.79,0.0012,128.17774799999998
2025-10-18 00:53:49.231,106815.5,0.0021,224.31255
2025-10-18 00:53:49.498,106816.26,0.00198,211.49619479999998
2025-10-18 00:53:49.515,106816.28,0.0023,245.67744399999998
2025-10-18 00:53:50.799,106816.29,0.00037,39.5220273
2025-10-18 00:53:50.957,106816.29,4e-05,4.2726516
2025-10-18 00:53:51.311,106816.28,9e-05,9.6134652
2025-10-18 00:53:51.580,106816.29,7e-05,7.4771402999999985
2025-10-18 00:53:51.719,106816.29,0.00011,11.7497919
2025-10-18 00:53:51.725,106816.29,0.00011,11.7497919
2025-10-18 00:53:53.378,106816.29,0.00011,11.7497919
2025-10-18 00:53:53.540,106816.29,0.001,106.81629
2025-10-18 00:53:54.220,106816.28,8e-05,8.5453024
2025-10-18 00:53:55.532,106816.29,0.0034,363.17538599999995
2025-10-18 00:53:56.009,106816.29,0.0748,7989.858492
2025-10-18 00:53:56.278,106816.28,0.00156,166.63339679999999
2025-10-18 00:53:57.374,106816.29,0.00084,89.7256836
2025-10-18 00:53:57.412,106816.28,0.00121,129.2476988
2025-10-18 00:53:58.972,106816.29,0.00061,65.1579369
2025-10-18 00:54:00.264,106816.29,0.33614,35905.2277206
2025-10-18 00:54:00.298,106816.29,0.00055,58.7489595
2025-10-18 00:54:01.264,106817.58,0.23404,24999.5864232
2025-10-18 00:54:01.584,106817.57,0.0001,10.681757000000001
2025-10-18 00:54:01.970,106817.58,0.0097,1036.1305260000001
2025-10-18 00:54:02.312,106817.58,0.03956,4225.7034648
2025-10-18 00:54:02.338,106817.58,0.00094,100.4085252
2025-10-18 00:54:03.426,106817.58,0.00184,196.5443472
2025-10-18 00:54:03.525,106817.58,0.00013,13.886285399999998
2025-10-18 00:54:03.556,106817.57,9e-05,9.613581300000002
2025-10-18 00:54:03.590,106817.58,0.00093,99.34034940000001
2025-10-18 00:54:04.011,106817.58,9e-05,9.613582200000002
2025-10-18 00:54:04.499,106817.58,0.00011,11.7499338
2025-10-18 00:54:04.696,106817.58,0.00276,294.8165208
2025-10-18 00:54:04.844,106820.4,0.00015,16.023059999999997
2025-10-18 00:54:04.845,106821.96,0.01499,1601.2611804
2025-10-18 00:54:04.846,106821.96,0.0084,897.304464
2025-10-18 00:54:04.851,106824.95,0.00015,16.023742499999997
2025-10-18 00:54:04.876,106825.15,0.0014,149.55521
2025-10-18 00:54:04.915,106828.25,0.00015,16.024237499999998
2025-10-18 00:54:04.944,106828.4,0.00015,16.024259999999998
2025-10-18 00:54:05.425,106828.41,0.0002,21.365682000000003
2025-10-18 00:54:07.478,106828.4,0.00782,835.398088
2025-10-18 00:54:07.587,106828.41,6e-05,6.4097046
2025-10-18 00:54:09.217,106828.4,0.00485,518.11774
2025-10-18 00:54:10.023,106828.41,6e-05,6.4097046
2025-10-18 00:54:10.313,106828.4,6e-05,6.409704
2025-10-18 00:54:10.318,106828.41,9e-05,9.6145569
2025-10-18 00:54:10.580,106828.41,0.00018,19.2291138
2025-10-18 00:54:11.230,106828.4,0.00182,194.427688
2025-10-18 00:54:11.765,106828.41,0.0746,7969.399386
2025-10-18 00:54:11.924,106828.4,0.00082,87.59928799999999
2025-10-18 00:54:12.817,106828.4,6e-05,6.409704
2025-10-18 00:54:14.023,106828.4,0.00011,11.751123999999999
2025-10-18 00:54:14.257,106828.41,0.00018,19.2291138
2025-10-18 00:54:14.579,106828.41,0.0001,10.682841000000002
2025-10-18 00:54:15.420,106828.4,0.00936,999.913824
2025-10-18 00:54:15.832,106828.41,0.00067,71.5750347
2025-10-18 00:54:15.925,106828.41,9e-05,9.6145569
2025-10-18 00:54:16.150,106828.41,6e-05,6.4097046
2025-10-18 00:54:16.892,106828.4,0.00303,323.690052
2025-10-18 00:54:17.274,106828.4,0.00047,50.209348
2025-10-18 00:54:17.276,106828.41,0.00047,50.2093527
2025-10-18 00:54:17.382,106828.41,8e-05,8.5462728
2025-10-18 00:54:17.470,106828.41,0.0001,10.682841000000002
2025-10-18 00:54:17.628,106828.41,0.00094,100.4187054
2025-10-18 00:54:17.662,106828.41,0.00188,200.8374108
2025-10-18 00:54:17.740,106828.41,0.0001,10.682841000000002
2025-10-18 00:54:17.741,106828.41,0.00142,151.6963422
2025-10-18 00:54:17.839,106828.41,0.0001,10.682841000000002
2025-10-18 00:54:17.882,106828.41,0.00508,542.6883228
2025-10-18 00:54:17.932,106828.41,0.0001,10.682841000000002
2025-10-18 00:54:17.943,106828.41,0.00167,178.40344470000002
2025-10-18 00:54:18.091,106828.41,0.00038,40.59479580000001
2025-10-18 00:54:18.092,106828.41,9e-05,9.6145569
2025-10-18 00:54:18.218,106828.41,0.0001,10.682841000000002
2025-10-18 00:54:18.384,106828.41,0.00015,16.024261499999998
2025-10-18 00:54:18.398,106828.4,6e-05,6.409704
2025-10-18 00:54:18.596,106828.41,0.00011,11.751125100000001
2025-10-18 00:54:18.668,106828.41,0.00019,20.297397900000004
2025-10-18 00:54:18.983,106828.41,0.00011,11.751125100000001
2025-10-18 00:54:19.176,106828.41,0.00075,80.1213075
2025-10-18 00:54:19.233,106828.41,0.00076,81.18959160000001
2025-10-18 00:54:19.243,106828.41,0.00094,100.4187054
2025-10-18 00:54:19.491,106828.41,0.00024,25.6388184
2025-10-18 00:54:19.509,106828.41,0.00057,60.8921937
2025-10-18 00:54:19.525,106828.41,0.00029,30.9802389
2025-10-18 00:54:19.543,106828.4,0.00711,759.5499239999999
2025-10-18 00:54:20.291,106828.41,5e-05,5.341420500000001
2025-10-18 00:54:21.069,106828.41,7e-05,7.477988699999999
2025-10-18 00:54:21.485,106828.41,0.00093,99.35042130000001
2025-10-18 00:54:22.357,106828.41,0.00074,79.0530234
2025-10-18 00:54:22.533,106828.41,0.00049,52.3459209
2025-10-18 00:54:23.075,106828.41,0.00012,12.8194092
2025-10-18 00:54:24.456,106828.41,0.23402,24999.984508200003
2025-10-18 00:54:26.356,106828.41,0.00046,49.141068600000004
2025-10-18 00:54:26.943,106828.41,8e-05,8.5462728
2025-10-18 00:54:27.013,106828.4,7e-05,7.477987999999999
2025-10-18 00:54:27.446,106828.4,0.00233,248.910172
2025-10-18 00:54:27.788,106828.41,0.0748,7990.765068000001
2025-10-18 00:54:28.713,106828.41,0.01481,1582.1287521000002
2025-10-18 00:54:29.840,106828.41,0.00072,76.9164552
2025-10-18 00:54:30.562,106828.41,6e-05,6.4097046
2025-10-18 00:54:30.651,106828.4,6e-05,6.409704
2025-10-18 00:54:30.847,106828.41,0.0468,4999.569588
2025-10-18 00:54:31.547,106828.41,0.01271,1357.7890911000002
2025-10-18 00:54:31.714,106828.41,0.23,24570.534300000003
2025-10-18 00:54:31.970,106828.4,5e-05,5.34142
2025-10-18 00:54:32.432,106828.4,0.00098,104.69183199999999
2025-10-18 00:54:32.450,106828.4,0.01144,1222.116896
2025-10-18 00:54:32.749,106828.4,0.01922,2053.241848
2025-10-18 00:54:33.701,106828.4,6e-05,6.409704
2025-10-18 00:54:33.893,106828.41,0.00047,50.2093527
2025-10-18 00:54:35.201,106828.41,0.00616,658.0630056
2025-10-18 00:54:36.232,106828.41,0.00023,24.570534300000002
2025-10-18 00:54:36.481,106828.41,6e-05,6.4097046
2025-10-18 00:54:36.543,106828.41,0.00014,14.955977399999998
2025-10-18 00:54:36.576,106828.4,6e-05,6.409704
2025-10-18 00:54:38.020,106828.41,0.0002,21.365682000000003
2025-10-18 00:54:38.024,106828.4,8e-05,8.546272
2025-10-18 00:54:38.165,106828.41,0.0001,10.682841000000002
2025-10-18 00:54:38.516,106828.4,0.00108,115.37467199999999
2025-10-18 00:54:39.571,106828.41,0.00013,13.887693299999999
2025-10-18 00:54:40.125,106828.4,0.18717,19995.071627999998
2025-10-18 00:54:40.520,106828.4,0.00027,28.843667999999997
2025-10-18 00:54:40.582,106828.4,0.00015,16.024259999999998
2025-10-18 00:54:40.663,106828.41,0.00033,35.2533753
2025-10-18 00:54:40.713,106828.41,0.00262,279.8904342
2025-10-18 00:54:41.386,106828.4,0.0048,512.7763199999999
2025-10-18 00:54:41.500,106828.4,6e-05,6.409704
2025-10-18 00:54:42.949,106828.41,0.00018,19.2291138
2025-10-18 00:54:43.081,106828.41,0.0748,7990.765068000001
2025-10-18 00:54:43.114,106828.41,0.09359,9998.0708919
2025-10-18 00:54:43.617,106828.4,0.00041,43.799643999999994
2025-10-18 00:54:44.924,106828.41,0.00472,504.23009520000005
2025-10-18 00:54:47.384,106828.4,0.00047,50.209348
2025-10-18 00:54:48.075,106828.4,0.00043,45.936212
2025-10-18 00:54:48.343,106828.4,0.00085,90.80413999999999
2025-10-18 00:54:48.533,106828.4,0.0008,85.46272
2025-10-18 00:54:49.718,106828.41,0.0015,160.242615
2025-10-18 00:54:49.968,106828.4,0.00094,100.418696
2025-10-18 00:54:50.284,106828.41,0.0014,149.559774
2025-10-18 00:54:52.455,106828.41,0.06271,6699.209591100001
2025-10-18 00:54:52.519,106828.41,6e-05,6.4097046
2025-10-18 00:54:52.837,106828.41,0.06927,7400.0039607
2025-10-18 00:54:52.868,106828.41,0.0001,10.682841000000002
2025-10-18 00:54:53.733,106828.4,5e-05,5.34142
2025-10-18 00:54:54.940,106828.41,0.0001,10.682841000000002
2025-10-18 00:54:55.013,106828.4,0.00035,37.389939999999996
2025-10-18 00:54:55.182,106828.41,0.00047,50.2093527
2025-10-18 00:54:55.718,106828.4,0.00271,289.50496400000003
2025-10-18 00:54:56.083,106828.4,0.00214,228.612776
2025-10-18 00:54:57.162,106828.41,0.00072,76.9164552
2025-10-18 00:54:58.610,106828.41,5e-05,5.341420500000001
2025-10-18 00:54:58.668,106828.4,0.012,1281.9407999999999
2025-10-18 00:54:58.669,106828.4,0.012,1281.9407999999999
2025-10-18 00:54:58.788,106828.41,0.0748,7990.765068000001
2025-10-18 00:54:59.154,106828.41,0.06716,7174.5960156
2025-10-18 00:54:59.506,106828.41,0.00304,324.75836640000006
2025-10-18 00:54:59.768,106828.41,0.00468,499.95695880000005
2025-10-18 00:55:01.137,106828.4,0.00055,58.75562
2025-10-18 00:55:01.328,106828.41,0.00013,13.887693299999999
2025-10-18 00:55:01.764,106828.4,5e-05,5.34142
2025-10-18 00:55:01.947,106828.41,0.0084,897.358644
2025-10-18 00:55:02.287,106828.41,0.01189,1270.1897949
2025-10-18 00:55:03.071,106828.41,0.001,106.82841
2025-10-18 00:55:03.433,106828.4,7e-05,7.477987999999999
2025-10-18 00:55:04.002,106828.4,0.00047,50.209348
2025-10-18 00:55:04.088,106828.41,0.00097,103.6235577
2025-10-18 00:55:04.732,106828.41,0.0003,32.048522999999996
2025-10-18 00:55:04.804,106828.41,0.00842,899.4952122000001
2025-10-18 00:55:04.817,106828.41,0.00101,107.8966941
2025-10-18 00:55:05.848,106828.41,0.00029,30.9802389
2025-10-18 00:55:06.953,106828.41,0.0013,138.876933
2025-10-18 00:55:07.408,106828.4,0.1992,21280.217279999997
2025-10-18 00:55:07.469,106828.4,0.00941,1005.255244
2025-10-18 00:55:08.575,106828.41,7e-05,7.477988699999999
2025-10-18 00:55:08.661,106828.41,0.00056,59.82390959999999
2025-10-18 00:55:09.411,106828.41,0.00216,230.7493656
2025-10-18 00:55:09.639,106828.41,0.00056,59.82390959999999
2025-10-18 00:55:09.952,106828.41,0.00065,69.4384665
2025-10-18 00:55:10.599,106828.4,0.00219,233.954196
2025-10-18 00:55:10.771,106828.41,0.00061,65.1653301
2025-10-18 00:55:10.845,106828.41,0.001,106.82841
2025-10-18 00:55:11.117,106828.41,8e-05,8.5462728
2025-10-18 00:55:11.573,106828.41,0.0187,1997.6912670000002
2025-10-18 00:55:11.574,106828.41,0.1404,14998.708764
2025-10-18 00:55:11.576,106828.41,0.016,1709.25456
2025-10-18 00:55:11.759,106828.4,3.11213,332463.868492
2025-10-18 00:55:11.829,106828.41,9e-05,9.6145569
2025-10-18 00:55:11.845,106828.4,0.00069,73.71159599999999
2025-10-18 00:55:12.242,106828.41,0.00018,19.2291138
2025-10-18 00:55:13.019,106828.41,0.00046,49.141068600000004
2025-10-18 00:55:13.224,106828.4,0.02183,2332.063972
2025-10-18 00:55:13.261,106828.4,0.012,1281.9407999999999
2025-10-18 00:55:13.263,106828.4,0.012,1281.9407999999999
2025-10-18 00:55:13.365,106828.4,0.00201,214.725084
2025-10-18 00:55:13.892,106828.41,0.00067,71.5750347
2025-10-18 00:55:13.977,106828.4,0.00455,486.06922
2025-10-18 00:55:14.049,106828.4,0.012,1281.9407999999999
2025-10-18 00:55:14.275,106828.41,8e-05,8.5462728
2025-10-18 00:55:14.996,106828.41,0.0748,7990.765068000001
2025-10-18 00:55:15.208,106828.41,0.00046,49.141068600000004
2025-10-18 00:55:16.624,106828.4,0.00021,22.433964
2025-10-18 00:55:16.731,106828.41,9e-05,9.6145569
2025-10-18 00:55:16.817,106828.41,0.00936,999.9139176000001
2025-10-18 00:55:18.900,106828.4,0.00046,49.141064
2025-10-18 00:55:19.420,106828.41,0.0748,7990.765068000001
2025-10-18 00:55:19.690,106828.4,9e-05,9.614556
2025-10-18 00:55:19.881,106828.41,0.00057,60.8921937
2025-10-18 00:55:20.735,106828.4,0.04352,4649.171968
2025-10-18 00:55:21.711,106828.41,0.0003,32.048522999999996
2025-10-18 00:55:22.015,106828.41,0.00014,14.955977399999998
2025-10-18 00:55:22.232,106828.4,0.012,1281.9407999999999
2025-10-18 00:55:22.618,106828.4,0.00046,49.141064
2025-10-18 00:55:22.745,106828.41,0.00063,67.3018983
2025-10-18 00:55:23.643,106828.41,0.00048,51.2776368
2025-10-18 00:55:23.829,106828.41,0.00123,131.3989443
2025-10-18 00:55:24.260,106828.41,6e-05,6.4097046
2025-10-18 00:55:24.324,106828.41,0.0002,21.365682000000003
2025-10-18 00:55:24.604,106828.4,0.00714,762.7547759999999
2025-10-18 00:55:24.938,106828.4,0.0004,42.73136
2025-10-18 00:55:25.768,106828.4,0.00017,18.160828
2025-10-18 00:55:26.144,106828.4,0.003,320.48519999999996
2025-10-18 00:55:26.707,106828.41,0.00065,69.4384665
2025-10-18 00:55:27.274,106828.4,0.012,1281.9407999999999
2025-10-18 00:55:27.275,106828.4,0.012,1281.9407999999999
2025-10-18 00:55:27.363,106828.4,0.00198,211.520232
2025-10-18 00:55:27.384,106828.4,0.08882,9488.498488
2025-10-18 00:55:27.385,106828.39,0.61504,65703.7329856
2025-10-18 00:55:27.386,106828.39,0.0006,64.097034
2025-10-18 00:55:27.392,106828.39,0.23843,25471.0930277
2025-10-18 00:55:27.398,106828.39,0.00895,956.1140905
2025-10-18 00:55:27.399,106828.39,0.00467,498.88858129999994
2025-10-18 00:55:27.401,106828.39,0.00104,111.10152559999999
2025-10-18 00:55:27.402,106828.39,0.01218,1301.1697902
2025-10-18 00:55:27.405,106828.39,0.00259,276.6855301
2025-10-18 00:55:27.425,106828.39,0.08722,9317.5721758
2025-10-18 00:55:27.457,106828.39,0.07438,7945.8956482
2025-10-18 00:55:27.460,106828.39,0.00205,218.99819950000003
2025-10-18 00:55:27.461,106828.39,0.0021,224.339619
2025-10-18 00:55:27.463,106828.39,0.05462,5834.9666618
2025-10-18 00:55:27.488,106828.39,0.06509,6953.4599051
2025-10-18 00:55:27.490,106828.39,0.0597,6377.654883
2025-10-18 00:55:27.491,106828.39,0.04745,5069.0071055
2025-10-18 00:55:27.514,106828.39,0.04788,5114.9433131999995
2025-10-18 00:55:27.516,106828.38,0.05278,5638.401896400001
2025-10-18 00:55:27.517,106828.38,0.08394,8967.174217200001
2025-10-18 00:55:27.518,106828.38,0.14391,15373.672165800002
2025-10-18 00:55:27.615,106819.0,0.00015,16.02285
2025-10-18 00:55:27.715,106812.36,0.0001,10.681236
2025-10-18 00:55:28.112,106809.86,0.0001,10.680986
2025-10-18 00:55:28.995,106809.85,0.00023,24.566265500000004
2025-10-18 00:55:30.649,106809.86,0.0748,7989.377528000001
2025-10-18 00:55:30.988,106809.86,6e-05,6.4085916
2025-10-18 00:55:31.329,106809.86,0.00969,1034.9875434
2025-10-18 00:55:32.079,106809.85,0.012,1281.7182
2025-10-18 00:55:32.080,106809.85,0.012,1281.7182
2025-10-18 00:55:32.546,106809.85,7e-05,7.4766895
2025-10-18 00:55:33.337,106809.85,0.012,1281.7182
2025-10-18 00:55:33.338,106809.85,0.012,1281.7182
2025-10-18 00:55:33.339,106809.85,0.012,1281.7182
2025-10-18 00:55:33.340,106809.85,0.1389,14835.888165
2025-10-18 00:55:33.903,106809.85,0.00011,11.749083500000001
2025-10-18 00:55:34.313,106809.85,0.00052,55.541122
2025-10-18 00:55:34.547,106809.84,0.012,1281.7180799999999
2025-10-18 00:55:34.549,106809.84,0.012,1281.7180799999999
2025-10-18 00:55:34.869,106809.85,0.00094,100.401259
2025-10-18 00:55:35.789,106809.85,0.00014,14.953379
2025-10-18 00:55:36.452,106809.84,0.00015,16.021476
2025-10-18 00:55:36.576,106809.84,9e-05,9.6128856
2025-10-18 00:55:37.092,106809.85,0.00317,338.58722450000005
2025-10-18 00:55:37.747,106809.85,9e-05,9.612886500000002
2025-10-18 00:55:37.795,106809.85,0.00162,173.031957
2025-10-18 00:55:37.808,106809.85,0.00031,33.111053500000004
2025-10-18 00:55:37.893,106809.84,0.00082,87.5840688
2025-10-18 00:55:38.069,106809.85,0.00055,58.74541750000001
2025-10-18 00:55:38.121,106809.85,0.00024,25.634364
2025-10-18 00:55:39.932,106809.85,0.00256,273.433216
2025-10-18 00:55:39.982,106809.85,0.00229,244.5945565
2025-10-18 00:55:40.010,106809.85,0.0019,202.938715
2025-10-18 00:55:40.475,106809.85,0.00017,18.157674500000002
2025-10-18 00:55:41.161,106809.84,0.00531,567.1602504
2025-10-18 00:55:42.036,106809.84,0.00396,422.9669664
2025-10-18 00:55:43.512,106809.85,0.0002,21.361970000000003
2025-10-18 00:55:44.003,106809.84,0.00277,295.8632568
2025-10-18 00:55:44.482,106809.84,0.00016,17.0895744
2025-10-18 00:55:44.587,106809.85,0.0002,21.361970000000003
2025-10-18 00:55:45.026,106809.85,0.00122,130.308017
2025-10-18 00:55:46.125,106809.85,0.00046,49.13253100000001
2025-10-18 00:55:46.536,106809.85,0.0748,7989.376780000001
2025-10-18 00:55:46.697,106809.84,8e-05,8.5447872
2025-10-18 00:55:48.192,106809.85,0.00049,52.3368265
2025-10-18 00:55:48.963,106809.85,0.00082,87.58407700000001
2025-10-18 00:55:49.374,106809.85,0.00035,37.3834475
2025-10-18 00:55:49.653,106809.84,0.0009,96.128856
2025-10-18 00:55:50.687,106809.84,0.00398,425.1031632
2025-10-18 00:55:51.606,106809.85,0.00093,99.3331605
2025-10-18 00:55:52.629,106809.85,9e-05,9.612886500000002
2025-10-18 00:55:53.221,106809.85,0.00029,30.9748565
2025-10-18 00:55:53.418,106809.84,0.00031,33.111050399999996
2025-10-18 00:55:53.753,106809.85,0.00256,273.433216
2025-10-18 00:55:53.859,106809.84,0.00012,12.8171808
2025-10-18 00:55:54.015,106809.84,0.34659,37019.2224456
2025-10-18 00:55:54.210,106809.84,0.00151,161.2828584
2025-10-18 00:55:54.229,106809.83,0.0001,10.680983000000001
2025-10-18 00:55:54.851,106809.84,0.00048,51.2687232
2025-10-18 00:55:54.910,106809.84,8e-05,8.5447872
2025-10-18 00:55:55.580,106809.83,0.00122,130.3079926
2025-10-18 00:55:55.715,106809.83,0.0131,1399.208773
2025-10-18 00:55:55.839,106809.79,0.00245,261.68398549999995
2025-10-18 00:55:56.013,106809.78,0.00013,13.885271399999999
2025-10-18 00:55:56.272,106809.79,0.00011,11.7490769
2025-10-18 00:55:56.610,106809.78,0.00032,34.1791296
2025-10-18 00:55:56.955,106809.78,0.0002,21.361956
2025-10-18 00:55:57.620,106809.79,1.21782,130075.09845779998
2025-10-18 00:55:59.123,106809.79,0.0306,3268.3795739999996
2025-10-18 00:55:59.969,106809.78,0.00147,157.0103766
2025-10-18 00:56:00.722,106809.78,5e-05,5.340489
2025-10-18 00:56:00.727,106809.79,4e-05,4.2723916
2025-10-18 00:56:00.910,106809.79,0.00057,60.881580299999996
2025-10-18 00:56:00.969,106809.79,0.0001,10.680979
2025-10-18 00:56:01.094,106809.78,0.012,1281.71736
2025-10-18 00:56:01.651,106809.79,0.00171,182.6447409
2025-10-18 00:56:01.707,106809.78,0.012,1281.71736
2025-10-18 00:56:01.881,106809.78,0.00701,748.7365578
2025-10-18 00:56:01.953,106809.77,0.0003,32.042930999999996
2025-10-18 00:56:01.999,106809.78,0.0442,4720.992276
2025-10-18 00:56:02.697,106809.77,0.00107,114.2864539
2025-10-18 00:56:03.334,106809.77,0.00275,293.72686749999997
2025-10-18 00:56:03.522,106809.77,0.00018,19.225758600000002
2025-10-18 00:56:04.175,106809.77,0.00082,87.58401140000001
2025-10-18 00:56:04.532,106809.77,0.00061,65.1539597
2025-10-18 00:56:04.878,106809.77,0.00024,25.6343448
2025-10-18 00:56:05.200,106809.77,0.00661,706.0125797000001
2025-10-18 00:56:06.171,106809.77,0.00082,87.58401140000001
2025-10-18 00:56:06.603,106809.77,0.00036,38.451517200000005
2025-10-18 00:56:07.392,106809.76,0.00018,19.2257568
2025-10-18 00:56:08.543,106809.77,0.00045,48.0643965
2025-10-18 00:56:09.763,106809.77,0.00069,73.6987413
2025-10-18 00:56:11.585,106809.76,0.00075,80.10732
2025-10-18 00:56:12.440,106809.77,1.0,106809.77
2025-10-18 00:56:12.561,106809.76,0.008,854.47808
2025-10-18 00:56:13.147,106809.77,0.00023,24.566247100000002
2025-10-18 00:56:13.244,106809.77,0.0001,10.680977
2025-10-18 00:56:13.783,106809.77,0.00047,50.2005919
2025-10-18 00:56:13.943,106809.76,0.00016,17.0895616
2025-10-18 00:56:14.998,106809.76,0.00266,284.1139616
2025-10-18 00:56:15.732,106809.77,0.00115,122.8312355
2025-10-18 00:56:15.736,106809.76,0.00016,17.0895616
2025-10-18 00:56:15.825,106809.77,1.0,106809.77
2025-10-18 00:56:16.208,106809.77,0.00033,35.247224100000004
2025-10-18 00:56:16.322,106809.77,9e-05,9.612879300000001
2025-10-18 00:56:16.710,106809.76,0.00033,35.2472208
2025-10-18 00:56:16.762,106809.77,0.0001,10.680977
2025-10-18 00:56:16.962,106809.77,0.0001,10.680977
2025-10-18 00:56:17.137,106809.77,7e-05,7.476683899999999
2025-10-18 00:56:17.162,106809.77,0.00017,18.157660900000003
2025-10-18 00:56:17.232,106809.77,0.00094,100.4011838
2025-10-18 00:56:17.238,106809.77,0.00015,16.021465499999998
2025-10-18 00:56:17.425,106809.77,0.00019,20.2938563
2025-10-18 00:56:17.716,106809.77,0.00019,20.2938563
2025-10-18 00:56:17.739,106809.76,0.00011,11.7490736
2025-10-18 00:56:17.810,106809.77,0.00017,18.157660900000003
2025-10-18 00:56:18.019,106809.77,0.0001,10.680977
2025-10-18 00:56:18.030,106809.77,0.0748,7989.370796000001
2025-10-18 00:56:18.292,106809.76,0.00293,312.9525968
2025-10-18 00:56:18.404,106809.77,0.02583,2758.8963591
2025-10-18 00:56:18.518,106809.77,7e-05,7.476683899999999
2025-10-18 00:56:18.545,106809.76,0.06264,6690.5633664
2025-10-18 00:56:18.818,106809.77,0.00024,25.6343448
2025-10-18 00:56:18.928,106809.77,0.00283,302.2716491
2025-10-18 00:56:19.083,106809.77,0.00188,200.8023676
2025-10-18 00:56:19.716,106809.77,1.0,106809.77
2025-10-18 00:56:20.073,106809.77,0.00011,11.749074700000001
2025-10-18 00:56:20.369,106809.76,0.00423,451.8052848
2025-10-18 00:56:20.398,106809.76,0.00087,92.92449119999999
2025-10-18 00:56:20.674,106809.76,0.00096,102.53736959999999
2025-10-18 00:56:21.577,106809.76,0.0001,10.680976
2025-10-18 00:56:21.755,106809.77,0.00075,80.10732750000001
2025-10-18 00:56:22.184,106809.76,0.00016,17.0895616
2025-10-18 00:56:22.773,106809.77,0.00082,87.58401140000001
2025-10-18 00:56:23.938,106809.77,0.0001,10.680977
2025-10-18 00:56:23.959,106809.76,0.00012,12.817171199999999
2025-10-18 00:56:25.780,106809.77,0.00044,46.996298800000005
2025-10-18 00:56:25.984,106809.76,0.00048,51.268684799999996
2025-10-18 00:56:26.632,106809.76,8e-05,8.5447808
2025-10-18 00:56:27.160,106809.76,0.0066,704.9444159999999
2025-10-18 00:56:27.810,106809.76,0.00938,1001.8755487999999
2025-10-18 00:56:29.140,106809.77,0.01,1068.0977
2025-10-18 00:56:29.212,106809.77,0.0001,10.680977
2025-10-18 00:56:29.340,106809.77,0.00047,50.2005919
2025-10-18 00:56:29.626,106809.76,0.37449,39999.187022399994
2025-10-18 00:56:30.804,106809.77,0.00015,16.021465499999998
2025-10-18 00:56:31.012,106809.77,0.00341,364.2213157
2025-10-18 00:56:31.512,106809.77,0.00184,196.52997680000001
2025-10-18 00:56:33.425,106809.77,0.00015,16.021465499999998
2025-10-18 00:56:33.770,106809.77,9e-05,9.612879300000001
2025-10-18 00:56:33.779,106809.77,0.0748,7989.370796000001
2025-10-18 00:56:34.273,106809.76,9e-05,9.6128784
2025-10-18 00:56:36.795,106809.77,0.00267,285.1820859
2025-10-18 00:56:37.299,106809.76,0.00017,18.1576592
2025-10-18 00:56:37.320,106809.76,0.0014,149.533664
2025-10-18 00:56:38.632,106809.77,0.00053,56.6091781
2025-10-18 00:56:38.861,106809.77,8e-05,8.5447816
2025-10-18 00:56:39.802,106809.77,6e-05,6.4085862
2025-10-18 00:56:40.242,106809.77,9e-05,9.612879300000001
2025-10-18 00:56:40.380,106809.76,0.00027,28.8386352
2025-10-18 00:56:40.617,106809.76,0.00013,13.885268799999999
2025-10-18 00:56:41.084,106809.76,0.0013,138.852688
2025-10-18 00:56:42.212,106809.77,0.00012,12.8171724
2025-10-18 00:56:42.426,106809.76,0.00016,17.0895616
2025-10-18 00:56:42.682,106809.76,0.00549,586.3855824
2025-10-18 00:56:42.959,106809.77,0.00148,158.0784596
2025-10-18 00:56:43.756,106809.76,0.00016,17.0895616
2025-10-18 00:56:44.115,106809.77,0.0001,10.680977
2025-10-18 00:56:44.517,106809.77,0.0005,53.404885
2025-10-18 00:56:44.607,106809.77,0.00047,50.2005919
2025-10-18 00:56:45.085,106809.77,0.00046,49.132494200000004
2025-10-18 00:56:45.718,106809.77,0.0004,42.723908
2025-10-18 00:56:46.856,106809.77,0.00199,212.55144230000002
2025-10-18 00:56:47.670,106809.77,0.0091,971.9689070000001
2025-10-18 00:56:48.600,106809.77,0.0005,53.404885
2025-10-18 00:56:48.805,106809.76,7e-05,7.476683199999999
2025-10-18 00:56:48.911,106809.76,0.00162,173.0318112
2025-10-18 00:56:49.733,106809.77,0.00374,399.4685398
2025-10-18 00:56:49.971,106809.77,0.0743,7935.965911000001
2025-10-18 00:56:50.258,106809.77,0.00753,804.2775681
2025-10-18 00:56:50.272,106809.77,0.00021,22.430051700000003
2025-10-18 00:56:50.446,106809.77,0.00013,13.8852701
2025-10-18 00:56:51.038,106809.77,0.00046,49.132494200000004
2025-10-18 00:56:51.203,106809.77,0.01075,1148.2050275
2025-10-18 00:56:51.576,106809.76,6e-05,6.408585599999999
2025-10-18 00:56:52.288,106809.77,9e-05,9.612879300000001
2025-10-18 00:56:52.325,106809.77,5e-05,5.3404885
2025-10-18 00:56:52.627,106809.77,0.00047,50.2005919
2025-10-18 00:56:52.761,106809.77,6e-05,6.4085862
2025-10-18 00:56:53.712,106809.77,0.00132,140.98889640000002
2025-10-18 00:56:54.648,106809.77,0.00496,529.7764592
2025-10-18 00:56:54.961,106809.77,0.00075,80.10732750000001
2025-10-18 00:56:55.209,106809.77,0.00166,177.3042182
2025-10-18 00:56:55.521,106809.76,0.02124,2268.6393024
2025-10-18 00:56:56.540,106809.77,0.01003,1071.3019931000001
2025-10-18 00:56:56.917,106809.76,0.0008,85.447808
2025-10-18 00:56:57.725,106809.76,0.02708,2892.4083008
2025-10-18 00:56:58.270,106809.76,0.00044,46.9962944
2025-10-18 00:56:58.347,106809.86,0.02665,2846.482769
2025-10-18 00:56:58.350,106809.86,0.11869,12677.262283400001
2025-10-18 00:56:58.351,106809.86,0.04573,4884.4148978
2025-10-18 00:56:58.352,106810.0,0.00015,16.0215
2025-10-18 00:56:58.353,106810.12,0.0001,10.681012
2025-10-18 00:56:58.354,106811.12,5e-05,5.340556
2025-10-18 00:56:58.356,106812.44,0.00015,16.021866
2025-10-18 00:56:58.358,106814.04,0.0039,416.574756
2025-10-18 00:56:58.360,106814.04,0.00915,977.3484659999999
2025-10-18 00:56:58.362,106814.05,0.00085,90.79194249999999
2025-10-18 00:56:58.363,106815.72,0.07089,7572.166390799999
2025-10-18 00:56:58.364,106815.72,0.01637,1748.5733364
2025-10-18 00:56:58.366,106815.72,0.22481,24013.2420132
2025-10-18 00:56:58.368,106817.04,0.00025,26.704259999999998
2025-10-18 00:56:58.373,106817.19,0.17791,19003.846272900002
2025-10-18 00:56:58.459,106817.19,0.00392,418.7233848
2025-10-18 00:56:59.063,106817.19,0.01209,1291.4198271
2025-10-18 00:56:59.448,106817.18,0.00047,50.2040746
2025-10-18 00:56:59.899,106817.19,0.00151,161.2939569
2025-10-18 00:57:00.213,106817.19,0.00047,50.2040793
2025-10-18 00:57:00.219,106817.18,0.00025,26.704295
2025-10-18 00:57:00.837,106817.18,0.00995,1062.830941
2025-10-18 00:57:01.231,106817.19,0.00012,12.8180628
2025-10-18 00:57:01.619,106817.19,0.00883,943.1957877
2025-10-18 00:57:01.931,106817.19,0.00011,11.7498909
2025-10-18 00:57:01.996,106817.19,0.00031,33.1133289
2025-10-18 00:57:03.237,106817.19,8e-05,8.5453752
2025-10-18 00:57:03.807,106817.19,0.00077,82.24923629999999
2025-10-18 00:57:04.324,106817.18,0.0002,21.363436
2025-10-18 00:57:04.817,106817.18,4e-05,4.2726872
2025-10-18 00:57:05.018,106817.18,0.00273,291.61090139999993
2025-10-18 00:57:05.286,106817.19,0.02563,2737.7245797
2025-10-18 00:57:05.436,106817.19,0.0001,10.681719000000001
2025-10-18 00:57:05.589,106817.19,0.0747,7979.244093
2025-10-18 00:57:05.642,106817.18,0.0002,21.363436
2025-10-18 00:57:05.968,106817.18,0.00103,110.0216954
2025-10-18 00:57:06.107,106817.19,0.0147,1570.212693
2025-10-18 00:57:06.176,106817.18,0.00093,99.3399774
2025-10-18 00:57:06.843,106817.19,0.00093,99.33998670000001
2025-10-18 00:57:07.986,106817.18,0.00814,869.4918452
2025-10-18 00:57:08.176,106817.19,0.00017,18.1589223
2025-10-18 00:57:08.962,106817.18,7e-05,7.477202599999999
2025-10-18 00:57:09.081,106817.19,0.0013,138.862347
2025-10-18 00:57:09.435,106817.18,5e-05,5.340859
2025-10-18 00:57:10.766,106817.18,0.0001,10.681718
2025-10-18 00:57:11.630,106817.18,0.00039,41.6587002
2025-10-18 00:57:11.669,106817.18,4.79816,512525.9203888
2025-10-18 00:57:11.671,106817.18,0.00119,127.1124442
2025-10-18 00:57:11.673,106816.99,0.0013,138.862087
2025-10-18 00:57:11.674,106815.72,0.00015,16.022358
2025-10-18 00:57:11.675,106815.42,5e-05,5.340771
2025-10-18 00:57:11.677,106815.71,0.0008,85.45256800000001
2025-10-18 00:57:11.680,106815.71,0.0004,42.72628400000001
2025-10-18 00:57:11.688,106814.03,0.012,1281.76836
2025-10-18 00:57:11.692,106814.03,0.0003,32.044208999999995
2025-10-18 00:57:11.790,106814.03,0.00196,209.3554988
2025-10-18 00:57:11.792,106813.95,0.0001,10.681395
2025-10-18 00:57:12.487,106812.92,0.00304,324.7112768
2025-10-18 00:57:12.975,106812.92,0.0086,918.591112
2025-10-18 00:57:13.396,106812.92,0.00129,137.7886668
2025-10-18 00:57:14.298,106812.91,0.02244,2396.8817004
2025-10-18 00:57:15.119,106812.92,0.00169,180.5138348
2025-10-18 00:57:15.740,106812.92,0.00343,366.36831559999996
2025-10-18 00:57:15.870,106812.91,0.05349,5713.422555900001
2025-10-18 00:57:15.887,106812.91,0.00074,79.0415534
2025-10-18 00:57:15.992,106812.92,0.00014,14.9538088
2025-10-18 00:57:16.040,106812.92,0.00047,50.2020724
2025-10-18 00:57:16.502,106812.91,0.00082,87.5865862
2025-10-18 00:57:16.691,106812.92,0.00028,29.9076176
2025-10-18 00:57:16.851,106812.92,0.00094,100.4041448
2025-10-18 00:57:17.088,106812.92,4e-05,4.2725168
2025-10-18 00:57:17.810,106812.92,0.0012,128.175504
2025-10-18 00:57:18.093,106812.92,0.26735,28556.434161999998
2025-10-18 00:57:18.432,106812.92,0.00119,127.1073748
2025-10-18 00:57:18.724,106812.92,0.00155,165.560026
2025-10-18 00:57:18.743,106812.92,0.00182,194.3995144
2025-10-18 00:57:18.877,106812.92,0.00025,26.70323
2025-10-18 00:57:19.243,106812.91,0.00239,255.28285490000002
2025-10-18 00:57:21.423,106812.92,0.001,106.81292
2025-10-18 00:57:21.500,106812.92,0.0748,7989.6064160000005
2025-10-18 00:57:21.694,106812.92,0.00018,19.2263256
2025-10-18 00:57:22.565,106812.92,0.04689,5008.4578188
2025-10-18 00:57:22.735,106812.91,0.00047,50.2020677
2025-10-18 00:57:22.786,106812.92,0.03745,4000.1438539999995
2025-10-18 00:57:22.825,106812.92,0.00022,23.4988424
2025-10-18 00:57:23.232,106812.92,0.00035,37.384522
2025-10-18 00:57:24.040,106812.92,0.00661,706.0334012000001
2025-10-18 00:57:24.384,106812.92,0.00047,50.2020724
2025-10-18 00:57:24.806,106812.91,0.00043,45.9295513
2025-10-18 00:57:25.027,106812.92,0.0028,299.076176
2025-10-18 00:57:25.038,106812.92,4e-05,4.2725168
2025-10-18 00:57:25.194,106812.91,0.00093,99.33600630000001
2025-10-18 00:57:25.586,106812.92,9e-05,9.6131628
2025-10-18 00:57:25.875,106812.92,0.01872,1999.5378624
2025-10-18 00:57:29.236,106812.92,0.00606,647.2862952
2025-10-18 00:57:29.685,106812.92,0.00019,20.2944548
2025-10-18 00:57:29.842,106812.91,0.00066,70.4965206
2025-10-18 00:57:29.853,106812.91,8e-05,8.545032800000001
2025-10-18 00:57:30.200,106812.92,4e-05,4.2725168
2025-10-18 00:57:30.330,106812.91,0.00047,50.2020677
2025-10-18 00:57:31.098,106812.91,0.001,106.81291
2025-10-18 00:57:31.850,106812.91,0.04468,4772.4008188
2025-10-18 00:57:32.654,106812.92,9e-05,9.6131628
2025-10-18 00:57:32.862,106812.92,0.00029,30.9757468
2025-10-18 00:57:33.240,106812.91,0.00044,46.9976804
2025-10-18 00:57:33.362,106812.92,0.00506,540.4733752
2025-10-18 00:57:33.853,106812.92,0.00093,99.33601560000001
2025-10-18 00:57:34.060,106812.91,0.08824,9425.1711784
2025-10-18 00:57:34.260,106812.91,0.04199,4485.0740909
2025-10-18 00:57:34.432,106812.91,0.00058,61.9514878
2025-10-18 00:57:35.300,106812.92,0.02,2136.2584
2025-10-18 00:57:35.523,106812.92,0.00014,14.9538088
2025-10-18 00:57:35.557,106812.92,0.00047,50.2020724
2025-10-18 00:57:36.579,106812.91,8e-05,8.545032800000001
2025-10-18 00:57:37.349,106812.92,0.0748,7989.6064160000005
2025-10-18 00:57:37.432,106812.92,0.00015,16.021938
2025-10-18 00:57:37.919,106812.92,5.0,534064.6
2025-10-18 00:57:37.955,106812.91,0.005,534.06455
2025-10-18 00:57:39.489,106812.91,0.01368,1461.2006088
2025-10-18 00:57:39.854,106812.91,0.00017,18.158194700000003
2025-10-18 00:57:40.023,106812.91,0.0984,10510.390344000001
2025-10-18 00:57:40.112,106812.92,0.00239,255.28287880000002
2025-10-18 00:57:40.166,106812.91,0.00025,26.7032275
2025-10-18 00:57:40.199,106812.91,0.00025,26.7032275
2025-10-18 00:57:42.266,106812.92,0.00468,499.8844656
2025-10-18 00:57:42.716,106812.92,0.00042,44.8614264
2025-10-18 00:57:43.430,106812.91,0.00575,614.1742325
2025-10-18 00:57:43.509,106812.92,8e-05,8.5450336
2025-10-18 00:57:44.898,106812.91,0.00029,30.9757439
2025-10-18 00:57:46.148,106812.91,0.00047,50.2020677
2025-10-18 00:57:46.780,106812.92,0.00552,589.6073183999999
2025-10-18 00:57:47.015,106812.91,0.00328,350.3463448
2025-10-18 00:57:48.058,106812.91,5e-05,5.340645500000001
2025-10-18 00:57:48.425,106812.92,0.00087,92.9272404
2025-10-18 00:57:48.487,106812.92,0.02916,3114.6647472
2025-10-18 00:57:48.872,106812.92,0.04658,4975.3458136
2025-10-18 00:57:49.238,106812.91,0.05143,5493.3879613
2025-10-18 00:57:49.690,106812.92,0.00028,29.9076176
2025-10-18 00:57:49.832,106812.92,0.08771,9368.561213199999
2025-10-18 00:57:50.990,106812.91,0.00018,19.226323800000003
2025-10-18 00:57:51.321,106812.92,0.00062,66.2240104
2025-10-18 00:57:51.509,106812.92,0.0067,715.646564
2025-10-18 00:57:51.576,106812.91,5e-05,5.340645500000001
2025-10-18 00:57:51.659,106812.92,0.0301,3215.068892
2025-10-18 00:57:52.618,106812.92,0.00518,553.2909255999999
2025-10-18 00:57:52.686,106812.92,0.00105,112.153566
2025-10-18 00:57:53.219,106812.92,0.0004,42.725168000000004
2025-10-18 00:57:53.635,106812.92,0.00414,442.20548879999996
2025-10-18 00:57:53.706,106812.91,0.00014,14.953807399999999
2025-10-18 00:57:54.493,106812.91,0.00047,50.2020677
2025-10-18 00:57:54.980,106812.92,0.02589,2765.3864988
2025-10-18 00:57:54.989,106812.92,0.00047,50.2020724
2025-10-18 00:57:55.343,106812.92,0.00087,92.9272404
2025-10-18 00:57:55.863,106812.91,0.00023,24.5669693
2025-10-18 00:57:56.456,106812.92,0.0014,149.538088
2025-10-18 00:57:56.518,106812.91,0.0093,993.360063
2025-10-18 00:57:56.716,106812.91,0.00017,18.158194700000003
2025-10-18 00:57:57.395,106812.91,0.03319,3545.1204829
2025-10-18 00:57:57.492,106812.92,0.0001,10.681292000000001
2025-10-18 00:57:57.512,106812.92,0.00193,206.14893560000002
2025-10-18 00:57:57.575,106812.91,0.00642,685.7388822
2025-10-18 00:57:57.630,106812.92,0.08798,9397.4007016
2025-10-18 00:57:59.101,106812.92,0.00425,453.95491000000004
2025-10-18 00:57:59.478,106812.92,0.00017,18.1581964
2025-10-18 00:57:59.502,106812.92,0.00018,19.2263256
2025-10-18 00:57:59.814,106807.57,0.31432,33571.7554024
2025-10-18 00:57:59.815,106802.05,5e-05,5.3401025
2025-10-18 00:57:59.817,106798.22,0.05975,6381.193644999999
2025-10-18 00:57:59.818,106798.01,0.0015,160.197015
2025-10-18 00:57:59.819,106795.74,0.00173,184.75663020000002
2025-10-18 00:57:59.821,106795.74,0.00392,418.6393008
2025-10-18 00:57:59.822,106795.74,0.04171,4454.450315399999
2025-10-18 00:57:59.823,106794.13,5e-05,5.3397065
2025-10-18 00:57:59.828,106793.38,0.0001,10.679338000000001
2025-10-18 00:57:59.829,106792.41,0.00329,351.3470289
2025-10-18 00:57:59.830,106788.39,0.003,320.36517
2025-10-18 00:57:59.835,106787.5,6e-05,6.40725
2025-10-18 00:57:59.837,106787.5,0.00936,999.5310000000001
2025-10-18 00:57:59.842,106791.53,0.04188,4472.4292764
2025-10-18 00:57:59.849,106781.7,0.00584,623.6051279999999
2025-10-18 00:57:59.858,106782.74,0.012,1281.39288
2025-10-18 00:57:59.859,106782.28,0.00546,583.0312488
2025-10-18 00:57:59.873,106783.05,0.0015,160.174575
2025-10-18 00:57:59.877,106780.87,0.00502,536.0399674
2025-10-18 00:57:59.878,106780.87,0.00434,463.4289758
2025-10-18 00:57:59.880,106780.87,0.00629,671.6516723
2025-10-18 00:57:59.895,106781.7,0.00307,327.819819
2025-10-18 00:57:59.896,106781.7,0.00937,1000.544529
2025-10-18 00:57:59.897,106781.7,0.00053,56.594300999999994
2025-10-18 00:57:59.902,106781.7,0.00085,90.764445
2025-10-18 00:57:59.905,106781.7,0.00936,999.476712
2025-10-18 00:57:59.907,106781.7,0.00937,1000.544529
2025-10-18 00:57:59.953,106781.71,0.02,2135.6342
2025-10-18 00:57:59.971,106771.02,0.0015,160.15653
2025-10-18 00:58:00.013,106775.8,6e-05,6.406548
2025-10-18 00:58:00.021,106775.8,0.0093,993.0149399999999
2025-10-18 00:58:00.023,106775.8,0.0001,10.67758
2025-10-18 00:58:00.024,106775.8,0.0001,10.67758
2025-10-18 00:58:00.064,106775.8,0.25688,27428.567504
2025-10-18 00:58:00.094,106775.8,0.00065,69.40427
2025-10-18 00:58:00.095,106773.82,0.00013,13.8805966
2025-10-18 00:58:00.096,106773.82,0.00014,14.9483348
2025-10-18 00:58:00.097,106773.82,0.00014,14.9483348
2025-10-18 00:58:00.100,106773.82,0.05568,5945.166297600001
2025-10-18 00:58:00.108,106773.82,0.24854,26537.565222800004
2025-10-18 00:58:00.112,106772.13,5e-05,5.338606500000001
2025-10-18 00:58:00.119,106772.13,5e-05,5.338606500000001
2025-10-18 00:58:00.125,106772.12,0.00015,16.015818
2025-10-18 00:58:00.126,106772.12,5e-05,5.338606
2025-10-18 00:58:00.131,106772.12,0.0001,10.677212
2025-10-18 00:58:00.141,106772.12,0.0004,42.708848
2025-10-18 00:58:00.147,106767.08,0.002,213.53416
2025-10-18 00:58:00.159,106767.07,0.18871,20148.0137797
2025-10-18 00:58:00.165,106767.07,0.00096,102.49638720000002
2025-10-18 00:58:00.167,106767.07,0.02407,2569.8833749000005
2025-10-18 00:58:00.169,106767.06,0.00055,58.721883000000005
2025-10-18 00:58:00.172,106765.68,0.02598,2773.7723663999996
2025-10-18 00:58:00.173,106765.68,0.00055,58.721124
2025-10-18 00:58:00.174,106765.68,0.02198,2346.7096463999997
2025-10-18 00:58:00.176,106765.68,0.36437,38902.2108216
2025-10-18 00:58:00.178,106765.68,0.32577,34781.055573599995
2025-10-18 00:58:00.181,106765.67,0.00056,59.788775199999996
2025-10-18 00:58:00.183,106763.78,0.0002,21.352756
2025-10-18 00:58:00.184,106764.6,0.0001,10.67646
2025-10-18 00:58:00.196,106764.28,0.02065,2204.682382
2025-10-18 00:58:00.241,106764.28,9e-05,9.6087852
2025-10-18 00:58:00.303,106764.29,0.00085,90.74964649999998
2025-10-18 00:58:00.373,106764.28,0.03908,4172.348062399999
2025-10-18 00:58:00.675,106764.28,0.005,533.8214
2025-10-18 00:58:00.685,106764.28,0.01,1067.6428
2025-10-18 00:58:00.956,106764.28,0.00021,22.4204988
2025-10-18 00:58:01.034,106764.29,0.00138,147.3347202
2025-10-18 00:58:01.312,106764.29,0.00093,99.2907897
2025-10-18 00:58:01.955,106764.28,0.00021,22.4204988
2025-10-18 00:58:02.169,106764.29,0.0002,21.352858
2025-10-18 00:58:02.357,106764.29,0.1,10676.429
2025-10-18 00:58:02.613,106764.29,0.00173,184.7022217
2025-10-18 00:58:04.327,106764.28,0.00094,100.35842319999999
2025-10-18 00:58:04.486,106764.29,0.00937,1000.3813972999999
2025-10-18 00:58:05.665,106764.28,0.00047,50.179211599999995
2025-10-18 00:58:05.959,106764.29,0.00085,90.74964649999998
2025-10-18 00:58:06.461,106764.29,0.07866,8398.079051399998
2025-10-18 00:58:06.564,106764.29,0.14026,14974.759315399999
2025-10-18 00:58:06.565,106764.29,0.05871,6268.131465899999
2025-10-18 00:58:06.597,106764.29,0.04908,5239.991353199999
2025-10-18 00:58:06.664,106764.29,0.04946,5280.5617833999995
2025-10-18 00:58:06.665,106764.6,0.04261,4549.239606
2025-10-18 00:58:06.667,106765.58,5e-05,5.338279
2025-10-18 00:58:06.669,106768.0,0.00015,16.0152
2025-10-18 00:58:06.672,106768.38,0.0001,10.676838000000002
2025-10-18 00:58:06.683,106769.59,0.00055,58.7232745
2025-10-18 00:58:06.705,106774.36,0.00015,16.016154
2025-10-18 00:58:07.465,106777.68,0.02172,2319.2112095999996
2025-10-18 00:58:07.816,106777.68,0.01498,1599.5296463999998
2025-10-18 00:58:07.970,106777.68,0.01498,1599.5296463999998
2025-10-18 00:58:08.064,106777.68,7e-05,7.474437599999999
2025-10-18 00:58:08.135,106777.68,0.00377,402.55185359999996
2025-10-18 00:58:08.188,106777.68,0.01121,1196.9777927999999
2025-10-18 00:58:08.349,106777.68,0.00012,12.8133216
2025-10-18 00:58:08.404,106777.68,0.01486,1586.7163248
2025-10-18 00:58:08.567,106777.68,0.01498,1599.5296463999998
2025-10-18 00:58:08.723,106777.68,0.01498,1599.5296463999998
2025-10-18 00:58:08.881,106777.68,0.01498,1599.5296463999998
2025-10-18 00:58:09.026,106777.68,0.23644,25246.5146592
2025-10-18 00:58:09.075,106777.68,0.11537,12318.9409416
2025-10-18 00:58:09.106,106777.68,0.09311,9942.0697848
2025-10-18 00:58:09.222,106777.69,0.00018,19.219984200000003
2025-10-18 00:58:09.530,106777.68,0.015,1601.6652
2025-10-18 00:58:10.341,106777.69,0.0067,715.410523
2025-10-18 00:58:10.353,106777.68,0.003,320.33304
2025-10-18 00:58:10.389,106777.69,0.0001,10.677769000000001
2025-10-18 00:58:11.009,106777.68,0.03,3203.3304
2025-10-18 00:58:11.284,106777.68,0.032,3416.8857599999997
2025-10-18 00:58:11.881,106777.68,0.00095,101.438796
2025-10-18 00:58:11.932,106777.68,0.005,533.8883999999999
2025-10-18 00:58:12.465,106777.68,0.005,533.8883999999999
2025-10-18 00:58:12.489,106777.68,0.005,533.8883999999999
2025-10-18 00:58:12.993,106778.5,0.0001,10.677850000000001
2025-10-18 00:58:12.996,106778.5,0.0003,32.03355
2025-10-18 00:58:12.997,106778.51,0.00055,58.7281805
2025-10-18 00:58:12.998,106778.52,7e-05,7.4744964
2025-10-18 00:58:13.002,106778.53,0.0009,96.10067699999999
2025-10-18 00:58:13.018,106779.32,0.0002,21.355864000000004
2025-10-18 00:58:13.064,106779.32,0.00579,618.2522628
2025-10-18 00:58:13.066,106781.64,0.0006,64.068984
2025-10-18 00:58:13.076,106783.22,0.0002,21.356644000000003
2025-10-18 00:58:13.078,106783.97,0.0011,117.46236700000001
2025-10-18 00:58:13.079,106784.09,0.0018,192.21136199999998
2025-10-18 00:58:13.082,106784.09,0.0009,96.10568099999999
2025-10-18 00:58:13.135,106784.1,0.00736,785.9309760000001
2025-10-18 00:58:13.144,106784.1,0.0005,53.392050000000005
2025-10-18 00:58:14.216,106784.11,0.36712,39202.5824632
2025-10-18 00:58:14.335,106784.12,9e-05,9.6105708
2025-10-18 00:58:15.168,106784.12,0.0003,32.035236
2025-10-18 00:58:15.533,106784.12,0.00048,51.2563776
2025-10-18 00:58:15.632,106784.11,0.00083,88.6308113
2025-10-18 00:58:15.957,106784.11,0.00046,49.1206906
2025-10-18 00:58:16.590,106784.12,0.00015,16.017618
2025-10-18 00:58:16.598,106784.11,6e-05,6.4070466
2025-10-18 00:58:16.718,106784.12,0.00019,20.2889828
2025-10-18 00:58:16.982,106784.12,7e-05,7.474888399999999
2025-10-18 00:58:16.985,106784.12,0.00019,20.2889828
2025-10-18 00:58:17.025,106784.12,0.00033,35.2387596
2025-10-18 00:58:17.037,106784.12,9e-05,9.6105708
2025-10-18 00:58:17.232,106784.12,0.00019,20.2889828
2025-10-18 00:58:17.335,106784.11,0.00514,548.8703254
2025-10-18 00:58:17.343,106784.12,0.00043,45.917171599999996
2025-10-18 00:58:17.471,106784.12,7e-05,7.474888399999999
2025-10-18 00:58:17.537,106784.12,0.0001,10.678412
2025-10-18 00:58:17.737,106784.12,0.00019,20.2889828
2025-10-18 00:58:17.782,106784.12,7e-05,7.474888399999999
2025-10-18 00:58:17.784,106784.12,0.0001,10.678412
2025-10-18 00:58:17.869,106784.12,0.00038,40.5779656
2025-10-18 00:58:18.183,106784.11,0.00062,66.2061482
2025-10-18 00:58:18.185,106784.12,0.00188,200.7541456
2025-10-18 00:58:18.343,106784.12,0.00012,12.8140944
2025-10-18 00:58:18.347,106784.12,0.00015,16.017618
2025-10-18 00:58:18.386,106784.11,0.01636,1746.9880395999999
2025-10-18 00:58:18.418,106784.12,0.00029,30.967394799999997
2025-10-18 00:58:18.611,106784.12,0.00047,50.1885364
2025-10-18 00:58:18.747,106784.12,8e-05,8.5427296
2025-10-18 00:58:18.769,106784.12,8e-05,8.5427296
2025-10-18 00:58:18.803,106784.11,0.00021,22.4246631
2025-10-18 00:58:18.910,106784.12,9e-05,9.6105708
2025-10-18 00:58:19.715,106787.56,0.0015,160.18134
2025-10-18 00:58:21.296,106789.41,0.00047,50.1910227
2025-10-18 00:58:22.132,106789.41,5e-05,5.3394705
2025-10-18 00:58:22.241,106789.41,0.00063,67.27732830000001
2025-10-18 00:58:22.582,106789.41,0.00113,120.6720333
2025-10-18 00:58:23.094,106789.41,0.00074,79.0241634
2025-10-18 00:58:23.122,106789.41,0.0001,10.678941
2025-10-18 00:58:23.493,106789.4,0.0124,1324.1885599999998
2025-10-18 00:58:24.331,106789.4,9e-05,9.611046
2025-10-18 00:58:24.383,106789.4,0.00068,72.616792
2025-10-18 00:58:25.099,106789.4,0.00047,50.19101799999999
2025-10-18 00:58:26.533,106789.41,0.0365,3897.8134649999997
2025-10-18 00:58:27.003,106789.41,0.00029,30.9689289
2025-10-18 00:58:28.042,106789.4,0.05247,5603.239818
2025-10-18 00:58:28.116,106789.4,0.012,1281.4728
2025-10-18 00:58:28.117,106789.4,0.012,1281.4728
2025-10-18 00:58:28.390,106789.41,0.00032,34.172611200000006
2025-10-18 00:58:28.575,106789.41,8e-05,8.543152800000001
2025-10-18 00:58:28.626,106789.4,0.00182,194.356708
2025-10-18 00:58:28.919,106789.41,0.00124,132.4188684
2025-10-18 00:58:29.035,106789.41,0.00047,50.1910227
2025-10-18 00:58:29.234,106789.41,0.00094,100.3820454
2025-10-18 00:58:29.707,106789.4,0.01426,1522.816844
2025-10-18 00:58:29.988,106789.4,0.00012,12.814727999999999
2025-10-18 00:58:30.214,106789.4,0.01069,1141.5786859999998
2025-10-18 00:58:30.424,106789.4,0.012,1281.4728
2025-10-18 00:58:30.425,106789.4,0.012,1281.4728
2025-10-18 00:58:31.083,106789.4,0.00015,16.01841
2025-10-18 00:58:31.443,106789.41,0.02193,2341.8917613000003
2025-10-18 00:58:32.343,106789.41,0.00018,19.222093800000003
2025-10-18 00:58:33.460,106789.4,0.00348,371.62711199999995
2025-10-18 00:58:33.608,106789.41,0.00028,29.901034799999998
2025-10-18 00:58:33.710,106789.41,0.00124,132.4188684
2025-10-18 00:58:33.769,106789.41,0.00017,18.154199700000003
2025-10-18 00:58:35.045,106789.41,7e-05,7.4752586999999995
2025-10-18 00:58:35.123,106789.41,0.00013,13.882623299999999
2025-10-18 00:58:35.442,106789.41,0.01872,1999.0977552000002
2025-10-18 00:58:35.588,106789.4,0.01857,1983.0791579999998
2025-10-18 00:58:35.775,106789.4,0.00235,250.95508999999998
2025-10-18 00:58:35.852,106789.4,0.00923,985.666162
2025-10-18 00:58:35.890,106789.4,0.012,1281.4728
2025-10-18 00:58:36.048,106789.4,0.00107,114.264658
2025-10-18 00:58:36.684,106789.4,0.012,1281.4728
2025-10-18 00:58:36.734,106789.4,0.00581,620.446414
2025-10-18 00:58:36.886,106789.41,0.0002,21.357882
2025-10-18 00:58:37.120,106789.41,0.00047,50.1910227
2025-10-18 00:58:38.215,106789.4,0.00516,551.0333039999999
2025-10-18 00:58:38.485,106789.4,0.012,1281.4728
2025-10-18 00:58:38.486,106789.4,0.012,1281.4728
2025-10-18 00:58:38.931,106789.41,0.0309,3299.792769
2025-10-18 00:58:39.758,106789.41,0.0001,10.678941
2025-10-18 00:58:42.029,106789.4,0.00772,824.414168
2025-10-18 00:58:42.297,106789.4,0.00709,757.136846
2025-10-18 00:58:43.040,106789.41,9e-05,9.611046900000002
2025-10-18 00:58:43.183,106789.41,0.00391,417.54659310000005
2025-10-18 00:58:43.623,106789.4,0.00667,712.2852979999999
2025-10-18 00:58:43.748,106789.41,0.00533,569.1875553
2025-10-18 00:58:44.082,106789.4,0.00434,463.46599599999996
2025-10-18 00:58:44.532,106789.41,0.00936,999.5488776000001
2025-10-18 00:58:44.738,106789.41,0.00011,11.7468351
2025-10-18 00:58:44.825,106789.4,0.00219,233.868786
2025-10-18 00:58:45.197,106789.4,0.00088,93.974672
2025-10-18 00:58:45.977,106789.4,0.00465,496.5707099999999
2025-10-18 00:58:46.479,106789.4,0.01062,1134.103428
2025-10-18 00:58:46.584,106789.4,9e-05,9.611046
2025-10-18 00:58:47.225,106789.41,0.003,320.36823000000004
2025-10-18 00:58:47.461,106789.41,0.00016,17.086305600000003
2025-10-18 00:58:48.360,106789.41,0.0001,10.678941
2025-10-18 00:58:49.429,106789.4,0.00059,63.005746
2025-10-18 00:58:49.669,106789.4,0.00999,1066.826106
2025-10-18 00:58:50.024,106789.4,0.00016,17.086304000000002
2025-10-18 00:58:51.028,106789.4,0.00366,390.849204
2025-10-18 00:58:51.275,106789.4,0.00012,12.814727999999999
2025-10-18 00:58:51.405,106789.4,0.00047,50.19101799999999
2025-10-18 00:58:51.489,106789.41,0.02809,2999.7145269000002
2025-10-18 00:58:51.706,106789.41,0.00177,189.01725570000002
2025-10-18 00:58:52.870,106789.41,0.00017,18.154199700000003
2025-10-18 00:58:54.224,106789.41,0.001,106.78941
2025-10-18 00:58:55.121,106789.41,0.00042,44.8515522
2025-10-18 00:58:55.626,106789.4,0.00063,67.277322
2025-10-18 00:58:56.108,106789.41,0.042,4485.155220000001
2025-10-18 00:58:56.575,106789.41,0.06796,7257.408303600001
2025-10-18 00:58:56.606,106789.41,0.00341,364.1518881
2025-10-18 00:58:57.931,106789.4,0.0044,469.87336
2025-10-18 00:58:59.143,106789.4,0.00047,50.19101799999999
2025-10-18 00:58:59.506,106789.41,0.0064,683.452224
2025-10-18 00:59:00.575,106789.4,0.02172,2319.465768
2025-10-18 00:59:01.239,106789.41,0.0001,10.678941
2025-10-18 00:59:01.332,106789.4,7e-05,7.475257999999999
2025-10-18 00:59:01.432,106789.4,0.00015,16.01841
2025-10-18 00:59:01.576,106789.41,0.0234,2498.872194
2025-10-18 00:59:02.542,106789.41,6e-05,6.4073646
2025-10-18 00:59:03.067,106789.41,0.00037,39.5120817
2025-10-18 00:59:04.232,106789.41,0.00023,24.5615643
2025-10-18 00:59:04.361,106789.41,0.01702,1817.5557582000001
2025-10-18 00:59:04.583,106789.4,0.00018,19.222092
2025-10-18 00:59:04.731,106789.4,0.00612,653.551128
2025-10-18 00:59:05.862,106789.4,0.00108,115.33255199999999
2025-10-18 00:59:05.951,106789.41,0.09486,10130.0434326
2025-10-18 00:59:05.953,106789.41,0.06459,6897.5279918999995
2025-10-18 00:59:05.963,106789.41,0.10802,11535.3920682
2025-10-18 00:59:05.964,106789.41,0.05522,5896.9112202
2025-10-18 00:59:05.966,106789.41,0.05388,5753.8134107999995
2025-10-18 00:59:05.967,106789.41,0.1719,18357.099579
2025-10-18 00:59:05.983,106789.41,0.0487,5200.644267000001
2025-10-18 00:59:05.985,106789.41,0.05227,5581.8824607
2025-10-18 00:59:06.045,106789.41,0.17297,18471.364247700003
2025-10-18 00:59:06.046,106789.41,0.06764,7223.2356924000005
2025-10-18 00:59:07.192,106789.4,0.00077,82.22783799999999
2025-10-18 00:59:07.228,106789.4,0.00047,50.19101799999999
2025-10-18 00:59:07.401,106789.41,0.4305,45972.841005
2025-10-18 00:59:07.406,106789.5,0.0496,5296.7591999999995
2025-10-18 00:59:07.407,106792.15,0.00015,16.0188225
2025-10-18 00:59:07.408,106794.13,5e-05,5.3397065
2025-10-18 00:59:07.409,106798.04,0.04173,4456.6822092
2025-10-18 00:59:07.410,106800.38,0.00038,40.58414440000001
2025-10-18 00:59:07.411,106802.96,0.0005,53.40148000000001
2025-10-18 00:59:07.412,106804.26,0.00015,16.020639
2025-10-18 00:59:07.415,106804.94,0.00728,777.5399632
2025-10-18 00:59:07.430,106807.56,0.02455,2622.1255979999996
2025-10-18 00:59:07.432,106807.55,0.02963,3164.7077065000003
2025-10-18 00:59:07.459,106807.56,0.0093,993.3103079999998
2025-10-18 00:59:07.464,106810.58,0.0005,53.40529
2025-10-18 00:59:07.465,106812.49,0.0002,21.362498000000002
2025-10-18 00:59:07.481,106812.9,0.00936,999.768744
2025-10-18 00:59:07.485,106812.9,0.01498,1600.0572419999999
2025-10-18 00:59:07.824,106812.9,0.0084,897.22836
2025-10-18 00:59:08.064,106812.9,0.01033,1103.377257
2025-10-18 00:59:08.099,106812.89,0.00079,84.3821831
2025-10-18 00:59:08.100,106812.9,0.00256,273.441024
2025-10-18 00:59:08.104,106812.91,0.0027,288.394857
2025-10-18 00:59:08.662,106812.92,0.00138,147.40182959999999
2025-10-18 00:59:08.909,106812.91,0.00859,917.5228969000001
2025-10-18 00:59:08.923,106812.92,0.0006,64.087752
2025-10-18 00:59:08.976,106812.92,0.00929,992.2920267999999
2025-10-18 00:59:09.017,106812.92,0.01033,1103.3774636
2025-10-18 00:59:09.036,106812.92,0.00264,281.9861088
2025-10-18 00:59:09.162,106812.93,0.00045,48.0658185
2025-10-18 00:59:09.584,106812.93,0.00854,912.1824222
2025-10-18 00:59:10.182,106812.93,0.00171,182.6501103
2025-10-18 00:59:10.568,106812.93,0.0003,32.043879
2025-10-18 00:59:10.658,106812.93,0.0161,1719.6881729999998
2025-10-18 00:59:11.007,106812.93,0.00052,55.54272359999999
2025-10-18 00:59:11.056,106812.93,0.0212,2264.434116
2025-10-18 00:59:11.162,106812.93,0.00141,150.6062313
2025-10-18 00:59:11.330,106812.92,9e-05,9.6131628
2025-10-18 00:59:11.331,106812.93,0.00144,153.8106192
2025-10-18 00:59:11.415,106816.66,0.00015,16.022499
2025-10-18 00:59:11.529,106816.67,0.00034,36.3176678
2025-10-18 00:59:11.576,106816.66,0.00014,14.954332399999998
2025-10-18 00:59:12.139,106816.67,0.00014,14.954333799999999
2025-10-18 00:59:13.358,106816.67,0.00818,873.7603606
2025-10-18 00:59:13.387,106816.67,0.00083,88.6578361
2025-10-18 00:59:13.450,106816.67,0.00173,184.7928391
2025-10-18 00:59:13.549,106816.67,0.0006,64.090002
2025-10-18 00:59:13.687,106816.67,0.00037,39.5221679
2025-10-18 00:59:13.852,106816.67,0.00719,768.0118573
2025-10-18 00:59:14.146,106816.67,0.00112,119.63467039999999
2025-10-18 00:59:14.372,106816.67,0.01498,1600.1137166
2025-10-18 00:59:14.530,106816.67,0.01498,1600.1137166
2025-10-18 00:59:14.690,106816.67,0.00344,367.4493448
2025-10-18 00:59:14.747,106816.67,0.01154,1232.6643718
2025-10-18 00:59:14.804,106816.67,0.00719,768.0118573
2025-10-18 00:59:14.902,106816.67,0.01498,1600.1137166
2025-10-18 00:59:15.067,106816.67,0.01498,1600.1137166
2025-10-18 00:59:15.220,106816.67,0.01498,1600.1137166
2025-10-18 00:59:15.325,106816.67,0.00455,486.0158485
2025-10-18 00:59:15.327,106816.68,0.0011,117.498348
2025-10-18 00:59:15.328,106817.2,0.0002,21.36344
2025-10-18 00:59:15.329,106817.19,0.00105,112.15804949999999
2025-10-18 00:59:15.330,106818.0,0.0022,234.99960000000002
2025-10-18 00:59:15.332,106819.31,0.0006,64.09158599999999
2025-10-18 00:59:15.335,106820.43,0.03353,3581.6890178999993
2025-10-18 00:59:15.337,106820.44,0.0009,96.138396
2025-10-18 00:59:15.339,106821.67,0.00015,16.0232505
2025-10-18 00:59:15.341,106822.68,5e-05,5.341134
2025-10-18 00:59:15.342,106822.68,0.0003,32.046803999999995
2025-10-18 00:59:15.343,106824.57,0.00038,40.59333660000001
2025-10-18 00:59:15.344,106824.0,0.00095,101.4828
2025-10-18 00:59:15.345,106826.0,0.00531,567.2460599999999
2025-10-18 00:59:15.347,106827.5,6e-05,6.40965
2025-10-18 00:59:15.349,106828.09,0.0006,64.096854
2025-10-18 00:59:15.350,106828.1,0.0001,10.682810000000002
2025-10-18 00:59:15.352,106828.21,0.04793,5120.2761053
2025-10-18 00:59:15.353,106828.22,0.0009,96.145398
2025-10-18 00:59:15.377,106828.28,0.01498,1600.2876344000001
2025-10-18 00:59:15.493,106828.27,6e-05,6.409696200000001
2025-10-18 00:59:15.559,106828.28,5e-05,5.341414
2025-10-18 00:59:15.857,106828.27,0.00072,76.9163544
2025-10-18 00:59:16.015,106829.42,0.00259,276.68819779999995
2025-10-18 00:59:16.433,106829.68,0.00072,76.9173696
2025-10-18 00:59:16.453,106829.69,0.00094,100.4199086
2025-10-18 00:59:16.538,106829.68,0.00018,19.2293424
2025-10-18 00:59:16.599,106829.68,0.0001,10.682968
2025-10-18 00:59:16.863,106829.69,0.00024,25.6391256
2025-10-18 00:59:16.907,106829.69,0.011,1175.1265899999999
2025-10-18 00:59:16.986,106829.68,0.00089,95.0784152
2025-10-18 00:59:17.571,106829.68,0.0008,85.463744
2025-10-18 00:59:17.573,106829.69,4e-05,4.273187600000001
2025-10-18 00:59:17.874,106829.68,0.0001,10.682968
2025-10-18 00:59:18.175,106829.69,0.00641,684.7783129000001
2025-10-18 00:59:18.222,106829.69,0.00177,189.0885513
2025-10-18 00:59:18.263,106829.69,0.00011,11.7512659
2025-10-18 00:59:18.278,106829.69,0.00481,513.8508089000001
2025-10-18 00:59:18.320,106829.69,0.00659,704.0076571000001
2025-10-18 00:59:18.370,106829.68,0.00044,47.0050592
2025-10-18 00:59:18.375,106829.69,0.0066,705.075954
2025-10-18 00:59:18.673,106829.69,0.00047,50.2099543
2025-10-18 00:59:18.774,106829.69,0.0066,705.075954
2025-10-18 00:59:19.011,106829.69,0.0008,85.463752
2025-10-18 00:59:19.082,106831.98,0.00015,16.024797
2025-10-18 00:59:19.259,106831.98,0.01365,1458.256527
2025-10-18 00:59:19.524,106831.98,0.00708,756.3704184000001
2025-10-18 00:59:19.618,106831.99,0.00799,853.5876001000001
2025-10-18 00:59:19.796,106831.99,0.00019,20.2980781
2025-10-18 00:59:20.024,106831.98,0.00013,13.888157399999999
2025-10-18 00:59:20.038,106831.98,0.00064,68.3724672
2025-10-18 00:59:20.772,106831.99,5e-05,5.341599500000001
2025-10-18 00:59:22.339,106831.99,0.0234,2499.868566
2025-10-18 00:59:22.455,106831.99,0.00196,209.39070040000001
2025-10-18 00:59:22.462,106831.99,0.0001,10.683199000000002
2025-10-18 00:59:22.672,106831.99,6e-05,6.409919400000001
2025-10-18 00:59:22.897,106831.98,0.00362,386.73176759999996
2025-10-18 00:59:22.992,106831.99,0.00036,38.459516400000005
2025-10-18 00:59:24.062,106831.98,0.00038,40.5961524
2025-10-18 00:59:24.248,106831.99,0.02981,3184.6616219000002
2025-10-18 00:59:24.270,106831.99,0.00074,79.05567260000001
2025-10-18 00:59:24.316,106831.99,0.00018,19.229758200000003
2025-10-18 00:59:24.407,106831.99,0.08797,9398.0101603
2025-10-18 00:59:24.590,106831.99,0.04989,5329.8479811
2025-10-18 00:59:24.656,106831.99,0.0103,1100.3694970000001
2025-10-18 00:59:24.808,106831.99,0.0099,1057.6367010000001
2025-10-18 00:59:24.836,106831.98,0.00877,936.9164645999999
2025-10-18 00:59:24.950,106831.99,0.00216,230.75709840000002
2025-10-18 00:59:24.991,106831.98,0.003,320.49594
2025-10-18 00:59:27.836,106831.98,5e-05,5.341599
2025-10-18 00:59:27.963,106831.99,0.02082,2224.2420318000004
2025-10-18 00:59:28.173,106831.99,0.0099,1057.6367010000001
2025-10-18 00:59:28.451,106831.99,0.04991,5331.984620900001
2025-10-18 00:59:28.498,106831.99,0.0103,1100.3694970000001
2025-10-18 00:59:29.120,106831.99,0.08805,9406.5567195
2025-10-18 00:59:29.577,106831.98,5e-05,5.341599
2025-10-18 00:59:30.239,106831.98,0.00013,13.888157399999999
2025-10-18 00:59:31.175,106831.99,0.02236,2388.7632964000004
2025-10-18 00:59:31.224,106831.99,0.00773,825.8112827
2025-10-18 00:59:31.791,106831.98,0.01216,1299.0768768
2025-10-18 00:59:31.919,106831.99,0.00014,14.956478599999999
2025-10-18 00:59:32.021,106831.98,9e-05,9.6148782
2025-10-18 00:59:32.574,106831.99,0.00067,71.57743330000001
2025-10-18 00:59:32.654,106831.99,0.00093,99.3537507
2025-10-18 00:59:32.803,106831.99,0.0019,202.980781
2025-10-18 00:59:33.079,106831.99,0.00011,11.7515189
2025-10-18 00:59:33.278,106831.99,0.01029,1099.3011771000001
2025-10-18 00:59:33.391,106831.99,7e-05,7.478239299999999
2025-10-18 00:59:35.496,106831.99,0.00468,499.9737132
2025-10-18 00:59:35.896,106831.98,0.07964,8508.0988872
2025-10-18 00:59:36.810,106831.98,0.00139,148.4964522
2025-10-18 00:59:36.922,106831.99,0.004,427.32796
2025-10-18 00:59:37.036,106831.99,0.25887,27655.5972513
2025-10-18 00:59:38.572,106831.98,0.00087,92.94382259999999
2025-10-18 00:59:38.872,106831.99,0.00216,230.75709840000002
2025-10-18 00:59:41.576,106831.98,7e-05,7.478238599999999
2025-10-18 00:59:41.731,106831.99,0.00019,20.2980781
2025-10-18 00:59:41.889,106831.99,0.00127,135.6766273
2025-10-18 00:59:43.834,106831.99,0.00093,99.3537507
2025-10-18 00:59:44.734,106831.98,0.00473,505.3152654
2025-10-18 00:59:46.663,106831.99,0.02059,2199.6706741000003
2025-10-18 00:59:47.704,106831.99,0.00047,50.2110353
2025-10-18 00:59:48.222,106831.99,0.00623,665.5632977
2025-10-18 00:59:48.292,106831.98,0.0016,170.931168
2025-10-18 00:59:50.024,106831.99,0.00085,90.8071915
2025-10-18 00:59:50.145,106831.99,1.5,160247.98500000002
2025-10-18 00:59:50.649,106831.99,0.00149,159.17966510000002
2025-10-18 00:59:51.020,106831.99,0.00022,23.5030378
2025-10-18 00:59:51.497,106831.99,0.00468,499.9737132
2025-10-18 00:59:52.058,106831.98,0.00131,139.94989379999998
2025-10-18 00:59:52.118,106831.98,0.00695,742.4822609999999
2025-10-18 00:59:52.502,106831.99,0.0015,160.247985
2025-10-18 00:59:52.800,106831.99,0.00046,49.14271540000001
2025-10-18 00:59:53.124,106831.99,4e-05,4.2732796
2025-10-18 00:59:53.172,106831.99,0.00015,16.0247985
2025-10-18 00:59:53.396,106831.99,0.00046,49.14271540000001
2025-10-18 00:59:54.228,106831.99,0.00057,60.8942343
2025-10-18 00:59:54.437,106831.99,0.00059,63.030874100000005
2025-10-18 00:59:55.024,106831.99,0.07638,8159.827396200001
2025-10-18 00:59:56.177,106842.67,0.00749,800.2515983
2025-10-18 00:59:56.507,106845.51,0.01188,1269.3246588
2025-10-18 00:59:57.235,106845.51,0.00059,63.0388509
2025-10-18 00:59:58.195,106845.52,0.00047,50.2173944
2025-10-18 00:59:59.006,106845.52,0.0748,7992.044896000001
2025-10-18 00:59:59.262,106845.51,0.00098,104.70859979999999
2025-10-18 00:59:59.369,106845.51,0.00055,58.7650305
2025-10-18 00:59:59.888,106845.52,0.08797,9399.2003944
2025-10-18 00:59:59.963,106845.52,0.04989,5330.5229928
2025-10-18 01:00:00.365,106845.52,0.0103,1100.5088560000002
2025-10-18 01:00:00.488,106845.52,8e-05,8.5476416
2025-10-18 01:00:00.770,106845.52,5e-05,5.342276
2025-10-18 01:00:00.883,106845.52,0.00022,23.5060144
2025-10-18 01:00:00.898,106845.52,0.00011,11.7530072
2025-10-18 01:00:00.906,106845.52,0.00056,59.8334912
2025-10-18 01:00:01.024,106845.51,0.00012,12.8214612
2025-10-18 01:00:01.074,106845.52,0.00015,16.026828
2025-10-18 01:00:01.274,106845.52,0.00018,19.232193600000002
2025-10-18 01:00:01.320,106845.52,0.00094,100.4347888
2025-10-18 01:00:01.720,106845.52,8e-05,8.5476416
2025-10-18 01:00:01.751,106845.52,0.00018,19.232193600000002
2025-10-18 01:00:01.757,106845.52,5e-05,5.342276
2025-10-18 01:00:01.773,106845.52,5e-05,5.342276
2025-10-18 01:00:01.786,106845.52,5e-05,5.342276
2025-10-18 01:00:01.865,106845.52,0.00041,43.8066632
2025-10-18 01:00:01.970,106845.79,0.0012,128.214948
2025-10-18 01:00:01.973,106845.79,0.00274,292.75746459999993
2025-10-18 01:00:02.296,106846.0,0.00116,123.94136
2025-10-18 01:00:02.614,106846.0,5e-05,5.3423
2025-10-18 01:00:02.774,106846.0,0.00317,338.70182
2025-10-18 01:00:02.775,106846.73,9e-05,9.6162057
2025-10-18 01:00:02.779,106847.96,0.00025,26.711990000000004
2025-10-18 01:00:02.984,106848.0,0.00606,647.49888
2025-10-18 01:00:02.988,106848.95,0.00015,16.0273425
2025-10-18 01:00:03.232,106850.0,0.00609,650.7165
2025-10-18 01:00:03.302,106850.01,0.0012,128.22001199999997
2025-10-18 01:00:03.306,106850.02,0.00235,251.09754700000002
2025-10-18 01:00:03.314,106850.23,0.00015,16.027534499999998
2025-10-18 01:00:03.415,106850.23,0.0016,170.960368
2025-10-18 01:00:03.483,106850.25,7e-05,7.479517499999999
2025-10-18 01:00:03.496,106850.25,0.00052,55.562129999999996
2025-10-18 01:00:03.753,106850.25,0.00117,125.0147925
2025-10-18 01:00:03.754,106850.54,0.00056,59.836302399999994
2025-10-18 01:00:03.770,106851.45,0.00015,16.027717499999998
2025-10-18 01:00:03.870,106851.92,0.00056,59.837075199999994
2025-10-18 01:00:03.881,106851.93,0.00194,207.2927442
2025-10-18 01:00:03.886,106851.93,0.00177,189.1279161
2025-10-18 01:00:03.887,106851.93,0.00481,513.9577833
2025-10-18 01:00:03.888,106851.93,0.00011,11.7537123
2025-10-18 01:00:03.918,106851.93,0.00635,678.5097555
2025-10-18 01:00:03.920,106851.99,0.00015,16.0277985
2025-10-18 01:00:03.977,106852.0,0.00094,100.44087999999999
2025-10-18 01:00:04.091,106851.99,0.00099,105.7834701
2025-10-18 01:00:04.136,106852.0,0.00094,100.44087999999999
2025-10-18 01:00:04.416,106852.0,0.00521,556.69892
2025-10-18 01:00:04.442,106852.0,0.00065,69.4538
2025-10-18 01:00:04.487,106852.0,0.04989,5330.84628
2025-10-18 01:00:04.616,106852.0,0.01091,1165.75532
2025-10-18 01:00:04.623,106852.0,0.08793,9395.49636
2025-10-18 01:00:04.974,106852.0,0.00093,99.37236
2025-10-18 01:00:05.122,106852.0,0.0005,53.426
2025-10-18 01:00:05.260,106852.0,0.00236,252.17072000000002
2025-10-18 01:00:05.363,106852.01,0.00053,56.6315653
2025-10-18 01:00:05.442,106852.0,0.00184,196.60768000000002
2025-10-18 01:00:05.914,106852.01,0.00022,23.5074422
2025-10-18 01:00:06.091,106852.0,0.00231,246.82812
2025-10-18 01:00:06.282,106853.5,6e-05,6.4112100000000005
2025-10-18 01:00:06.441,106854.0,5e-05,5.342700000000001
2025-10-18 01:00:06.576,106853.99,7e-05,7.4797793
2025-10-18 01:00:06.682,106854.0,0.00094,100.44275999999999
2025-10-18 01:00:06.780,106853.99,0.00477,509.6935323
2025-10-18 01:00:06.962,106854.0,0.00014,14.959559999999998
2025-10-18 01:00:07.300,106854.0,0.00023,24.576420000000002
2025-10-18 01:00:07.303,106854.0,0.00335,357.96090000000004
2025-10-18 01:00:07.649,106855.07,0.00102,108.99217140000002
2025-10-18 01:00:07.690,106855.1,3e-05,3.2056530000000003
2025-10-18 01:00:07.705,106855.1,0.00189,201.956139
2025-10-18 01:00:07.864,106855.43,0.00293,313.0864099
2025-10-18 01:00:07.868,106855.44,0.0024,256.453056
2025-10-18 01:00:08.007,106856.88,0.0001,10.685688
2025-10-18 01:00:08.059,106858.07,0.00234,250.04788380000002
2025-10-18 01:00:08.115,106858.08,0.00259,276.7624272
2025-10-18 01:00:08.144,106859.98,0.04949,5288.500410199999
2025-10-18 01:00:08.452,106859.98,0.01029,1099.5891942
2025-10-18 01:00:09.054,106859.98,0.00091,97.2425818
2025-10-18 01:00:09.560,106859.98,0.00083,88.6937834
2025-10-18 01:00:09.672,106859.98,0.00046,49.1555908
2025-10-18 01:00:10.238,106859.98,0.00228,243.6407544
2025-10-18 01:00:10.422,106859.98,0.00071,75.8705858
2025-10-18 01:00:10.435,106859.98,0.00011,11.754597799999999
2025-10-18 01:00:11.015,106860.33,0.00015,16.0290495
2025-10-18 01:00:11.030,106860.47,0.03507,3747.5966829
2025-10-18 01:00:11.051,106864.4,6e-05,6.411864
2025-10-18 01:00:11.087,106865.86,0.00093,99.38524980000001
2025-10-18 01:00:11.887,106865.87,0.04944,5283.4486128
2025-10-18 01:00:11.916,106865.87,0.00064,68.3941568
2025-10-18 01:00:12.115,106869.03,0.00023,24.579876900000002
2025-10-18 01:00:12.120,106871.96,0.0013,138.933548
2025-10-18 01:00:12.182,106871.97,0.01403,1499.4137391000002
2025-10-18 01:00:12.383,106871.97,0.00191,204.1254627
2025-10-18 01:00:12.385,106871.97,0.003,320.61591
2025-10-18 01:00:12.454,106871.97,0.00076,81.2226972
2025-10-18 01:00:12.457,106871.97,0.003,320.61591
2025-10-18 01:00:12.514,106871.97,0.00953,1018.4898741000001
2025-10-18 01:00:12.546,106871.96,7e-05,7.481037199999999
2025-10-18 01:00:13.089,106871.97,5e-05,5.343598500000001
2025-10-18 01:00:13.575,106871.97,5e-05,5.343598500000001
2025-10-18 01:00:13.616,106875.66,0.00015,16.031349
2025-10-18 01:00:14.297,106875.87,0.00062,66.2630394
2025-10-18 01:00:14.405,106875.87,0.00094,100.4633178
2025-10-18 01:00:14.515,106876.25,6e-05,6.412575
2025-10-18 01:00:14.519,106877.07,0.12849,13732.6347243
2025-10-18 01:00:14.520,106878.74,0.08324,8896.5863176
2025-10-18 01:00:14.525,106878.74,0.31865,34056.910501
2025-10-18 01:00:14.915,106878.74,0.11011,11768.4180614
2025-10-18 01:00:15.495,106878.75,0.00094,100.466025
2025-10-18 01:00:15.568,106878.75,0.0001,10.687875
2025-10-18 01:00:15.833,106878.75,0.00074,79.090275
2025-10-18 01:00:15.890,106878.75,0.01432,1530.5037
2025-10-18 01:00:15.947,106878.74,0.04366,4666.3257883999995
2025-10-18 01:00:16.461,106878.75,0.0044,470.2665
2025-10-18 01:00:16.565,106878.75,0.00094,100.466025
2025-10-18 01:00:16.617,106878.75,6e-05,6.412725
2025-10-18 01:00:16.742,106878.74,0.00406,433.92768440000003
2025-10-18 01:00:16.783,106878.75,0.00064,68.4024
2025-10-18 01:00:16.808,106878.75,0.00046,49.164225
2025-10-18 01:00:17.024,106878.74,0.00018,19.238173200000002
2025-10-18 01:00:17.729,106878.75,0.00094,100.466025
2025-10-18 01:00:17.812,106878.74,0.00047,50.2330078
2025-10-18 01:00:17.918,106878.74,0.00287,306.7419838
2025-10-18 01:00:18.582,106878.75,0.00021,22.444537500000003
2025-10-18 01:00:18.789,106878.75,0.00094,100.466025
2025-10-18 01:00:18.843,106878.75,0.0001,10.687875
2025-10-18 01:00:19.838,106878.74,0.00016,17.100598400000003
2025-10-18 01:00:19.848,106878.75,0.00094,100.466025
2025-10-18 01:00:20.055,106878.75,0.00021,22.444537500000003
2025-10-18 01:00:20.234,106878.74,0.00532,568.5948968
2025-10-18 01:00:20.919,106878.75,0.00094,100.466025
2025-10-18 01:00:21.212,106878.74,0.00022,23.5133228
2025-10-18 01:00:21.890,106878.75,5e-05,5.3439375
2025-10-18 01:00:21.958,106878.75,0.00467,499.12376249999994
2025-10-18 01:00:21.990,106878.75,0.00094,100.466025
2025-10-18 01:00:22.118,106878.74,0.56,59852.09440000001
2025-10-18 01:00:22.139,106878.75,0.00072,76.95270000000001
2025-10-18 01:00:22.232,106878.74,0.00036,38.476346400000004
2025-10-18 01:00:22.586,106878.75,0.001,106.87875
2025-10-18 01:00:22.617,106878.74,0.00019,20.306960600000004
2025-10-18 01:00:23.049,106878.75,0.00094,100.466025
2025-10-18 01:00:23.324,106878.74,0.00062,66.2648188
2025-10-18 01:00:23.390,106878.74,0.04422,4726.177882800001
2025-10-18 01:00:23.415,106878.75,0.01135,1213.0738125
2025-10-18 01:00:23.983,106878.74,0.00021,22.444535400000003
2025-10-18 01:00:24.118,106878.75,0.00094,100.466025
2025-10-18 01:00:24.398,106878.75,9e-05,9.619087500000001
2025-10-18 01:00:24.822,106878.75,0.00088,94.05330000000001
2025-10-18 01:00:25.209,106878.75,0.00094,100.466025
2025-10-18 01:00:25.428,106878.75,0.01029,1099.7823375
2025-10-18 01:00:25.660,106878.75,6e-05,6.412725
2025-10-18 01:00:25.926,106878.75,0.03975,4248.4303125
2025-10-18 01:00:25.985,106878.75,0.0002,21.37575
2025-10-18 01:00:26.094,106878.75,9e-05,9.619087500000001
2025-10-18 01:00:26.272,106878.75,0.00094,100.466025
2025-10-18 01:00:26.706,106878.75,0.00935,999.3163125000001
2025-10-18 01:00:26.752,106878.75,8e-05,8.5503
2025-10-18 01:00:27.333,106878.75,0.00094,100.466025
2025-10-18 01:00:27.678,106878.74,0.00073,78.0214802
2025-10-18 01:00:27.815,106878.75,0.0007,74.815125
2025-10-18 01:00:27.938,106878.74,0.00018,19.238173200000002
2025-10-18 01:00:27.999,106878.75,0.00011,11.756662500000001
2025-10-18 01:00:28.171,106878.75,0.00121,129.3232875
2025-10-18 01:00:28.251,106878.75,0.00058,61.989675
2025-10-18 01:00:28.302,106878.74,0.00047,50.2330078
2025-10-18 01:00:28.391,106878.75,0.00094,100.466025
2025-10-18 01:00:28.410,106878.74,0.00024,25.6508976
2025-10-18 01:00:28.967,106878.74,0.00014,14.9630236
2025-10-18 01:00:29.218,106878.74,0.00105,112.222677
2025-10-18 01:00:29.450,106878.75,0.00094,100.466025
2025-10-18 01:00:29.524,106878.74,0.00059,63.05845660000001
2025-10-18 01:00:29.814,106878.75,0.00114,121.841775
2025-10-18 01:00:30.006,106878.75,0.0753,8047.969875000001
2025-10-18 01:00:30.007,106879.99,0.00015,16.0319985
2025-10-18 01:00:30.008,106881.55,0.00013,13.894601499999998
2025-10-18 01:00:30.016,106884.58,0.00015,16.032687
2025-10-18 01:00:30.029,106884.01,0.0001,10.688401
2025-10-18 01:00:30.052,106885.71,6e-05,6.4131426000000005
2025-10-18 01:00:30.053,106886.0,0.0017,181.7062
2025-10-18 01:00:30.060,106886.0,0.00231,246.90666
2025-10-18 01:00:30.092,106886.78,0.00437,467.0952286
2025-10-18 01:00:30.102,106887.47,0.00503,537.6439740999999
2025-10-18 01:00:30.106,106887.47,0.028,2992.84916
2025-10-18 01:00:30.519,106887.47,0.00094,100.4742218
2025-10-18 01:00:30.725,106887.46,8e-05,8.550996800000002
2025-10-18 01:00:30.818,106887.47,0.00011,11.757621700000001
2025-10-18 01:00:31.115,106890.96,0.00015,16.033644
2025-10-18 01:00:31.222,106893.47,0.00962,1028.3151814
2025-10-18 01:00:31.586,106893.48,0.00094,100.47987119999999
2025-10-18 01:00:31.639,106893.47,0.00084,89.79051480000001
2025-10-18 01:00:31.939,106893.48,8e-05,8.5514784
2025-10-18 01:00:31.992,106893.48,7e-05,7.482543599999999
2025-10-18 01:00:32.022,106893.47,0.00013,13.896151099999999
2025-10-18 01:00:32.062,106893.48,8e-05,8.5514784
2025-10-18 01:00:32.075,106893.48,8e-05,8.5514784
2025-10-18 01:00:32.367,106893.48,0.00047,50.239935599999995
2025-10-18 01:00:32.382,106893.48,7e-05,7.482543599999999
2025-10-18 01:00:32.392,106893.48,8e-05,8.5514784
2025-10-18 01:00:32.432,106893.48,9e-05,9.6204132
2025-10-18 01:00:32.473,106893.47,0.00084,89.79051480000001
2025-10-18 01:00:32.483,106893.48,8e-05,8.5514784
2025-10-18 01:00:32.525,106893.48,7e-05,7.482543599999999
2025-10-18 01:00:32.585,106893.48,9e-05,9.6204132
2025-10-18 01:00:32.647,106893.48,0.00094,100.47987119999999
2025-10-18 01:00:32.675,106893.48,7e-05,7.482543599999999
2025-10-18 01:00:32.715,106893.48,0.00059,63.0671532
2025-10-18 01:00:32.738,106893.48,8e-05,8.5514784
2025-10-18 01:00:32.904,106893.48,0.00022,23.5165656
2025-10-18 01:00:32.918,106893.48,8e-05,8.5514784
2025-10-18 01:00:33.082,106893.48,9e-05,9.6204132
2025-10-18 01:00:33.224,106893.48,8e-05,8.5514784
2025-10-18 01:00:33.287,106893.48,0.00017,18.171891600000002
2025-10-18 01:00:33.644,106893.48,0.0005,53.44674
2025-10-18 01:00:33.707,106893.48,0.00094,100.47987119999999
2025-10-18 01:00:34.251,106893.48,0.00047,50.239935599999995
2025-10-18 01:00:34.342,106893.48,0.00019,20.3097612
2025-10-18 01:00:34.504,106893.48,0.0037,395.505876
2025-10-18 01:00:34.516,106893.47,0.00035,37.4127145
2025-10-18 01:00:34.752,106893.48,0.00285,304.646418
2025-10-18 01:00:34.765,106893.48,0.00094,100.47987119999999
2025-10-18 01:00:34.791,106893.48,0.00098,104.7556104
2025-10-18 01:00:35.442,106893.48,0.0007,74.825436
2025-10-18 01:00:35.825,106893.48,0.00094,100.47987119999999
2025-10-18 01:00:36.010,106893.48,0.00042,44.8952616
2025-10-18 01:00:36.170,106893.47,0.00026,27.792302199999998
2025-10-18 01:00:36.308,106893.47,1.92468,205735.7238396
2025-10-18 01:00:36.818,106893.47,0.00762,814.5282414
2025-10-18 01:00:36.847,106893.48,0.00054,57.722479199999995
2025-10-18 01:00:36.883,106893.48,0.00094,100.47987119999999
2025-10-18 01:00:37.576,106893.48,0.00046,49.1710008
2025-10-18 01:00:37.583,106893.48,0.0001,10.689348
2025-10-18 01:00:37.640,106893.48,0.00015,16.034021999999997
2025-10-18 01:00:37.657,106893.47,0.00043,45.9641921
2025-10-18 01:00:37.769,106893.48,0.00085,90.85945799999999
2025-10-18 01:00:37.791,106893.48,0.00019,20.3097612
2025-10-18 01:00:37.882,106893.48,0.00024,25.654435199999998
2025-10-18 01:00:37.943,106893.48,0.00094,100.47987119999999
2025-10-18 01:00:38.082,106893.48,0.0001,10.689348
2025-10-18 01:00:38.337,106893.47,0.00931,995.1782057
2025-10-18 01:00:38.572,106893.47,0.02063,2205.2122861
2025-10-18 01:00:38.574,106893.48,0.00031,33.1369788
2025-10-18 01:00:38.591,106893.47,0.00017,18.1718899
2025-10-18 01:00:38.632,106893.47,0.00011,11.758281700000001
2025-10-18 01:00:39.026,106893.48,0.00094,100.47987119999999
2025-10-18 01:00:39.226,106893.48,6e-05,6.4136087999999996
2025-10-18 01:00:39.370,106893.48,0.0001,10.689348
2025-10-18 01:00:39.513,106893.48,7e-05,7.482543599999999
2025-10-18 01:00:40.104,106893.48,0.00094,100.47987119999999
2025-10-18 01:00:40.111,106893.48,6e-05,6.4136087999999996
2025-10-18 01:00:40.183,106893.48,0.00091,97.2730668
2025-10-18 01:00:40.192,106893.48,9e-05,9.6204132
2025-10-18 01:00:40.220,106893.48,0.00019,20.3097612
2025-10-18 01:00:40.901,106893.47,0.00042,44.895257400000006
2025-10-18 01:00:41.019,106893.48,0.00029,30.9991092
2025-10-18 01:00:41.166,106893.48,0.00094,100.47987119999999
2025-10-18 01:00:41.183,106893.48,0.00015,16.034021999999997
2025-10-18 01:00:41.231,106893.48,8e-05,8.5514784
2025-10-18 01:00:41.242,106893.48,0.00088,94.0662624
2025-10-18 01:00:41.372,106893.48,0.02338,2499.1695624
2025-10-18 01:00:41.392,106893.48,8e-05,8.5514784
2025-10-18 01:00:41.662,106893.48,7e-05,7.482543599999999
2025-10-18 01:00:41.991,106893.47,0.00051,54.515669700000004
2025-10-18 01:00:42.049,106893.47,0.00121,129.3410987
2025-10-18 01:00:42.226,106893.48,0.00094,100.47987119999999
2025-10-18 01:00:42.784,106893.48,0.0001,10.689348
2025-10-18 01:00:43.108,106893.47,0.0001,10.689347000000001
2025-10-18 01:00:43.175,106893.48,0.0001,10.689348
2025-10-18 01:00:43.227,106893.48,0.0187,1998.9080760000002
2025-10-18 01:00:43.244,106893.48,0.0001,10.689348
2025-10-18 01:00:43.285,106893.48,0.00094,100.47987119999999
2025-10-18 01:00:43.522,106893.47,0.009,962.0412299999999
2025-10-18 01:00:43.656,106893.48,0.00599,640.2919452
2025-10-18 01:00:43.712,106893.48,0.00453,484.2274644
2025-10-18 01:00:44.256,106893.47,0.18031,19273.9615757
2025-10-18 01:00:44.345,106893.48,0.00094,100.47987119999999
2025-10-18 01:00:44.550,106893.48,9e-05,9.6204132
2025-10-18 01:00:44.568,106893.48,0.05026,5372.466304799999
2025-10-18 01:00:44.585,106893.48,0.001,106.89348
2025-10-18 01:00:44.918,106893.48,8e-05,8.5514784
2025-10-18 01:00:45.017,106893.48,0.00024,25.654435199999998
2025-10-18 01:00:45.116,106893.48,0.00046,49.1710008
2025-10-18 01:00:45.300,106893.47,0.009,962.0412299999999
2025-10-18 01:00:45.381,106893.47,0.0039,416.884533
2025-10-18 01:00:45.405,106893.48,0.00094,100.47987119999999
2025-10-18 01:00:45.584,106893.48,0.01029,1099.9339092
2025-10-18 01:00:45.821,106893.47,0.0116,1239.964252
2025-10-18 01:00:46.126,106893.48,0.00543,580.4315964
2025-10-18 01:00:46.224,106894.18,0.00015,16.034126999999998
2025-10-18 01:00:46.307,106894.19,0.00046,49.1713274
2025-10-18 01:00:46.391,106894.19,0.00214,228.7535666
2025-10-18 01:00:46.393,106894.31,0.0011,117.583741
2025-10-18 01:00:46.405,106895.75,6e-05,6.4137450000000005
2025-10-18 01:00:46.415,106899.29,0.00015,16.0348935
2025-10-18 01:00:46.420,106901.98,0.0001,10.690198
2025-10-18 01:00:46.421,106901.99,0.07228,7726.8758372
2025-10-18 01:00:46.469,106901.99,0.00094,100.48787060000001
2025-10-18 01:00:46.470,106901.99,0.00265,283.2902735
2025-10-18 01:00:46.737,106901.99,6e-05,6.414119400000001
2025-10-18 01:00:46.815,106902.63,0.0001,10.690263000000002
2025-10-18 01:00:47.534,106902.98,0.00094,100.4888012
2025-10-18 01:00:47.535,106902.98,0.00037,39.5541026
2025-10-18 01:00:47.590,106902.98,0.00022,23.5186556
2025-10-18 01:00:48.107,106902.98,0.46771,49999.592775799996
2025-10-18 01:00:48.269,106902.98,7e-05,7.483208599999999
2025-10-18 01:00:48.270,106902.98,0.0001,10.690298
2025-10-18 01:00:48.381,106902.98,0.00188,200.9776024
2025-10-18 01:00:48.382,106902.98,0.00023,24.5876854
2025-10-18 01:00:48.539,106902.98,0.00024,25.6567152
2025-10-18 01:00:48.600,106902.98,0.00094,100.4888012
2025-10-18 01:00:48.950,106902.98,0.00065,69.486937
2025-10-18 01:00:49.139,106902.98,8e-05,8.5522384
2025-10-18 01:00:49.660,106902.98,0.00094,100.4888012
2025-10-18 01:00:49.825,106902.97,0.00091,97.2817027
2025-10-18 01:00:49.963,106902.97,0.00269,287.5689893
2025-10-18 01:00:50.730,106902.98,0.00094,100.4888012
2025-10-18 01:00:50.965,106902.98,0.01002,1071.1678596
2025-10-18 01:00:50.987,106902.98,0.00064,68.4179072
2025-10-18 01:00:50.997,106902.98,0.00046,49.1753708
2025-10-18 01:00:51.117,106902.98,0.00012,12.8283576
2025-10-18 01:00:51.199,106902.98,0.01913,2045.0540074
2025-10-18 01:00:51.257,106902.98,0.00026,27.794774799999995
2025-10-18 01:00:51.576,106902.97,6e-05,6.4141782
2025-10-18 01:00:51.734,106902.98,0.02274,2430.9737652
2025-10-18 01:00:51.797,106902.98,0.00094,100.4888012
2025-10-18 01:00:52.395,106902.98,6e-05,6.4141788
2025-10-18 01:00:52.865,106902.98,0.00094,100.4888012
2025-10-18 01:00:52.902,106902.98,9e-05,9.6212682
2025-10-18 01:00:52.969,106902.98,7e-05,7.483208599999999
2025-10-18 01:00:53.169,106902.98,0.00022,23.5186556
2025-10-18 01:00:53.924,106902.98,0.00094,100.4888012
2025-10-18 01:00:54.984,106902.98,0.00094,100.4888012
2025-10-18 01:00:55.237,106902.97,0.00264,282.2238408
2025-10-18 01:00:55.417,106902.98,0.00011,11.7593278
2025-10-18 01:00:56.045,106902.98,0.00094,100.4888012
2025-10-18 01:00:56.064,106902.97,0.0005,53.451485000000005
2025-10-18 01:00:56.065,106902.97,0.39073,41770.1974681
2025-10-18 01:00:56.066,106902.97,0.02744,2933.4174967999998
2025-10-18 01:00:56.069,106902.97,0.012,1282.83564
2025-10-18 01:00:56.070,106902.97,0.012,1282.83564
2025-10-18 01:00:56.083,106902.97,0.02182,2332.6228054
2025-10-18 01:00:56.086,106902.97,0.01761,1882.5613017
2025-10-18 01:00:56.176,106902.97,0.012,1282.83564
2025-10-18 01:00:56.192,106902.97,0.012,1282.83564
2025-10-18 01:00:56.603,106902.97,0.99414,106276.51859580001
2025-10-18 01:00:56.607,106902.97,0.30442,32543.402127400004
2025-10-18 01:00:56.608,106902.97,0.012,1282.83564
2025-10-18 01:00:56.609,106902.0,0.00015,16.0353
2025-10-18 01:00:56.614,106901.88,0.0175,1870.7829000000002
2025-10-18 01:00:56.616,106897.11,0.00569,608.2445559
2025-10-18 01:00:56.621,106896.56,0.00218,233.0345008
2025-10-18 01:00:56.640,106893.47,0.012,1282.72164
2025-10-18 01:00:56.681,106893.47,0.05664,6054.446140800001
2025-10-18 01:00:56.683,106893.47,0.01065,1138.4154555
2025-10-18 01:00:56.685,106893.47,0.05727,6121.7890269
2025-10-18 01:00:56.687,106893.47,0.0303,3238.8721410000003
2025-10-18 01:00:56.688,106893.47,0.01975,2111.1460325
2025-10-18 01:00:56.689,106893.47,0.03609,3857.7853323
2025-10-18 01:00:56.691,106893.47,0.02284,2441.4468548
2025-10-18 01:00:56.692,106893.47,0.03772,4032.0216883999997
2025-10-18 01:00:56.694,106893.47,0.03289,3515.7262283000005
2025-10-18 01:00:56.696,106892.5,0.00036,38.481300000000005
2025-10-18 01:00:56.700,106891.28,0.00087,92.9954136
2025-10-18 01:00:56.704,106890.54,0.0003,32.067161999999996
2025-10-18 01:00:56.706,106890.54,0.00085,90.85695899999999
2025-10-18 01:00:56.708,106890.54,0.00047,50.2385538
2025-10-18 01:00:56.710,106890.53,0.00061,65.20322329999999
2025-10-18 01:00:56.711,106890.53,0.0004,42.756212000000005
2025-10-18 01:00:56.712,106890.53,0.001,106.89053
2025-10-18 01:00:56.714,106890.52,0.00152,162.4735904
2025-10-18 01:00:56.715,106890.52,0.00092,98.33927840000001
2025-10-18 01:00:56.719,106890.52,0.001,106.89052000000001
2025-10-18 01:00:56.733,106890.52,0.00205,219.12556600000002
2025-10-18 01:00:56.988,106889.25,0.00023,24.5845275
2025-10-18 01:00:57.056,106889.26,0.00627,670.1956602
2025-10-18 01:00:57.104,106889.26,0.00094,100.47590439999999
2025-10-18 01:00:57.350,106889.26,0.00057,60.9268782
2025-10-18 01:00:57.800,106889.26,0.00179,191.33177539999997
2025-10-18 01:00:57.815,106883.42,0.00015,16.032512999999998
2025-10-18 01:00:58.001,106883.42,6e-05,6.4130052
2025-10-18 01:00:58.011,106883.41,0.00015,16.0325115
2025-10-18 01:00:58.081,106883.41,0.012,1282.60092
2025-10-18 01:00:58.083,106883.41,0.012,1282.60092
2025-10-18 01:00:58.165,106883.42,0.00094,100.4704148
2025-10-18 01:00:58.281,106883.42,0.00049,52.372875799999996
2025-10-18 01:00:58.291,106883.42,0.05032,5378.373694399999
2025-10-18 01:00:59.171,106883.42,0.00018,19.239015600000002
2025-10-18 01:00:59.225,106883.42,0.00094,100.4704148
2025-10-18 01:00:59.347,106883.42,0.12137,12972.4406854
2025-10-18 01:00:59.455,106883.41,0.00096,102.60807360000001
2025-10-18 01:00:59.466,106883.41,0.00062,66.2677142
2025-10-18 01:00:59.512,106883.41,0.00129,137.8795989
2025-10-18 01:00:59.643,106883.42,0.00467,499.14557139999994
2025-10-18 01:01:00.285,106883.42,0.00094,100.4704148
2025-10-18 01:01:00.358,106883.42,0.0031,331.338602
2025-10-18 01:01:00.487,106883.41,0.012,1282.60092
2025-10-18 01:01:00.488,106883.41,0.012,1282.60092
2025-10-18 01:01:00.494,106883.41,0.012,1282.60092
2025-10-18 01:01:00.509,106883.41,0.23765,25400.8423865
2025-10-18 01:01:00.516,106878.42,0.00015,16.031762999999998
2025-10-18 01:01:00.769,106878.41,0.23461,25074.7437701
2025-10-18 01:01:00.778,106878.41,0.00797,851.8209277
2025-10-18 01:01:00.783,106878.41,0.02108,2252.9968828
2025-10-18 01:01:00.784,106878.41,0.0229,2447.515589
2025-10-18 01:01:00.840,106878.41,0.01076,1150.0116916000002
2025-10-18 01:01:00.846,106878.41,0.02,2137.5682
2025-10-18 01:01:00.853,106878.41,0.00822,878.5405302
2025-10-18 01:01:00.861,106878.41,0.00793,847.5457913
2025-10-18 01:01:00.870,106878.41,0.00765,817.6198365
2025-10-18 01:01:00.878,106878.41,0.00423,452.09567430000004
2025-10-18 01:01:01.125,106878.41,0.00091,97.2593531
2025-10-18 01:01:01.180,106878.41,0.022,2351.3250199999998
2025-10-18 01:01:01.181,106878.42,0.00014,14.962978799999998
2025-10-18 01:01:01.356,106878.42,0.00094,100.4657148
2025-10-18 01:01:01.579,106878.42,0.00028,29.925957599999997
2025-10-18 01:01:01.585,106878.42,0.00102,109.01598840000001
2025-10-18 01:01:01.917,106878.42,0.0002,21.375684
2025-10-18 01:01:01.970,106878.41,0.0002,21.375682
2025-10-18 01:01:02.018,106878.41,0.0003,32.063522999999996
2025-10-18 01:01:02.033,106878.41,0.00093,99.3969213
2025-10-18 01:01:02.356,106878.42,0.00094,100.4657148
2025-10-18 01:01:02.417,106878.42,0.00094,100.4657148
2025-10-18 01:01:02.475,106878.41,0.00047,50.2328527
2025-10-18 01:01:02.812,106878.42,0.00046,49.1640732
2025-10-18 01:01:02.883,106878.42,0.0005,53.43921
2025-10-18 01:01:03.112,106878.42,0.00014,14.962978799999998
2025-10-18 01:01:03.152,106878.42,0.00069,73.7461098
2025-10-18 01:01:03.217,106878.42,0.0005,53.43921
2025-10-18 01:01:03.281,106878.41,0.02117,2262.6159397
2025-10-18 01:01:03.294,106878.41,0.00399,426.4448559
2025-10-18 01:01:03.296,106878.41,0.08,8550.2728
2025-10-18 01:01:03.299,106878.41,0.012,1282.5409200000001
2025-10-18 01:01:03.300,106878.41,0.02808,3001.1457528
2025-10-18 01:01:03.301,106878.41,0.20772,22200.7833252
2025-10-18 01:01:03.302,106878.4,0.01351,1443.927184
2025-10-18 01:01:03.304,106876.44,5e-05,5.343822
2025-10-18 01:01:03.306,106876.25,0.00011,11.7563875
2025-10-18 01:01:03.308,106872.73,0.00586,626.2741977999999
2025-10-18 01:01:03.310,106872.72,0.0011,117.55999200000001
2025-10-18 01:01:03.345,106872.52,0.0011,117.55977200000001
2025-10-18 01:01:03.350,106872.51,0.0016,170.996016
2025-10-18 01:01:03.377,106871.95,0.01344,1436.3590080000001
2025-10-18 01:01:03.378,106871.94,0.0005,53.435970000000005
2025-10-18 01:01:03.383,106865.24,0.00035,37.402834
2025-10-18 01:01:03.386,106860.84,0.0001,10.686084000000001
2025-10-18 01:01:03.420,106860.84,0.00936,1000.2174624
2025-10-18 01:01:03.446,106860.85,0.00047,50.224599500000004
2025-10-18 01:01:03.471,106860.84,0.04893,5228.7009012
2025-10-18 01:01:03.477,106860.85,0.00094,100.44919900000001
2025-10-18 01:01:04.026,106860.84,9e-05,9.6174756
2025-10-18 01:01:04.332,106860.85,0.00187,199.8297895
2025-10-18 01:01:04.539,106860.85,0.00094,100.44919900000001
2025-10-18 01:01:04.892,106860.85,0.00936,1000.2175560000001
2025-10-18 01:01:05.373,106860.85,0.00022,23.509387000000004
2025-10-18 01:01:05.597,106860.85,0.00094,100.44919900000001
2025-10-18 01:01:05.954,106860.84,7e-05,7.480258799999999
2025-10-18 01:01:06.152,106860.84,0.008,854.88672
2025-10-18 01:01:06.153,106860.84,0.008,854.88672
2025-10-18 01:01:06.440,106860.85,0.08765,9366.353502500002
2025-10-18 01:01:06.658,106860.85,0.00094,100.44919900000001
2025-10-18 01:01:06.895,106860.85,0.01029,1099.5981465000002
2025-10-18 01:01:06.917,106860.84,0.01871,1999.3663164
2025-10-18 01:01:06.964,106860.85,0.04988,5330.219198000001
2025-10-18 01:01:07.717,106860.85,0.00094,100.44919900000001
2025-10-18 01:01:07.786,106860.84,0.00183,195.5553372
2025-10-18 01:01:08.154,106860.85,7e-05,7.4802595
2025-10-18 01:01:08.321,106860.85,0.09357,9998.9697345
2025-10-18 01:01:08.712,106860.84,0.00028,29.921035199999995
2025-10-18 01:01:08.777,106860.85,0.00094,100.44919900000001
2025-10-18 01:01:09.300,106860.84,0.00038,40.6071192
2025-10-18 01:01:09.393,106860.84,0.012,1282.33008
2025-10-18 01:01:09.395,106860.84,0.012,1282.33008
2025-10-18 01:01:09.650,106860.85,0.08801,9404.8234085
2025-10-18 01:01:09.839,106860.85,0.00094,100.44919900000001
2025-10-18 01:01:09.944,106860.85,7e-05,7.4802595
2025-10-18 01:01:10.154,106860.84,0.00021,22.4407764
2025-10-18 01:01:10.412,106860.84,0.00799,853.8181116000001
2025-10-18 01:01:10.797,106860.85,0.00026,27.783821
2025-10-18 01:01:10.898,106860.85,0.00094,100.44919900000001
2025-10-18 01:01:11.054,106860.84,0.00022,23.5093848
2025-10-18 01:01:11.466,106860.85,0.00247,263.9462995
2025-10-18 01:01:11.552,106860.85,0.00177,189.1437045
2025-10-18 01:01:11.576,106860.84,8e-05,8.5488672
2025-10-18 01:01:11.957,106860.85,0.00094,100.44919900000001
2025-10-18 01:01:12.199,106860.85,1.55,165634.3175
2025-10-18 01:01:12.254,106860.85,0.0103,1100.666755
2025-10-18 01:01:12.354,106860.84,5e-05,5.3430420000000005
2025-10-18 01:01:12.390,106860.84,0.00128,136.7818752
2025-10-18 01:01:13.001,106860.85,7e-05,7.4802595
2025-10-18 01:01:13.008,106860.84,0.00965,1031.207106
2025-10-18 01:01:13.016,106860.85,0.00094,100.44919900000001
2025-10-18 01:01:13.264,106860.85,0.088,9403.7548
2025-10-18 01:01:13.360,106860.85,7e-05,7.4802595
2025-10-18 01:01:13.391,106860.85,0.01871,1999.3665035000001
2025-10-18 01:01:13.982,106860.84,0.012,1282.33008
2025-10-18 01:01:13.983,106860.84,0.012,1282.33008
2025-10-18 01:01:13.984,106860.84,0.012,1282.33008
2025-10-18 01:01:14.045,106860.84,0.25336,27074.262422399996
2025-10-18 01:01:14.049,106860.0,0.01237,1321.8582000000001
2025-10-18 01:01:14.072,106860.0,0.00553,590.9358
2025-10-18 01:01:14.074,106859.06,0.00058,61.9782548
2025-10-18 01:01:14.075,106859.05,0.0002,21.37181
2025-10-18 01:01:14.078,106858.32,0.0006,64.114992
2025-10-18 01:01:14.080,106856.51,7e-05,7.479955699999999
2025-10-18 01:01:14.091,106855.35,0.00115,122.88365250000001
2025-10-18 01:01:14.142,106854.0,0.00265,283.1631
2025-10-18 01:01:14.162,106853.99,0.00065,69.4550935
2025-10-18 01:01:14.163,106853.99,0.00154,164.5551446
2025-10-18 01:01:14.193,106852.01,0.00118,126.0853718
2025-10-18 01:01:15.044,106852.01,0.00057,60.905645699999994
2025-10-18 01:01:15.134,106852.01,0.00094,100.44088939999999
2025-10-18 01:01:15.353,106852.01,0.00046,49.1519246
2025-10-18 01:01:15.376,106852.0,0.0001,10.6852
2025-10-18 01:01:15.711,106852.01,0.04989,5330.8467789
2025-10-18 01:01:15.913,106852.0,0.00023,24.575960000000002
2025-10-18 01:01:16.143,106852.01,0.0003,32.055603
2025-10-18 01:01:16.158,106852.01,0.0048,512.889648
2025-10-18 01:01:16.179,106852.01,0.02859,3054.8989659
2025-10-18 01:01:16.192,106852.01,0.00094,100.44088939999999
2025-10-18 01:01:16.274,106852.01,0.0103,1100.575703
2025-10-18 01:01:16.286,106852.01,0.05601,5984.7810801
2025-10-18 01:01:16.849,106852.01,0.01313,1402.9668912999998
2025-10-18 01:01:16.865,106852.0,0.001,106.852
2025-10-18 01:01:16.866,106852.0,0.001,106.852
2025-10-18 01:01:16.867,106851.92,0.0001,10.685192
2025-10-18 01:01:17.138,106851.35,7e-05,7.4795945
2025-10-18 01:01:17.253,106851.35,0.00094,100.440269
2025-10-18 01:01:17.554,106851.34,0.0023,245.758082
2025-10-18 01:01:17.715,106851.33,0.00165,176.3046945
2025-10-18 01:01:18.312,106851.32,0.00094,100.4402408
2025-10-18 01:01:18.362,106851.32,0.00046,49.15160720000001
2025-10-18 01:01:18.431,106850.25,6e-05,6.411015
2025-10-18 01:01:18.473,106850.16,0.0001,10.685016000000001
2025-10-18 01:01:18.847,106850.16,0.001,106.85016
2025-10-18 01:01:18.849,106850.16,0.001,106.85016
2025-10-18 01:01:18.851,106850.16,0.00266,284.22142560000003
2025-10-18 01:01:19.099,106850.15,0.00031,33.123546499999996
2025-10-18 01:01:19.372,106850.16,0.0004,42.740064000000004
2025-10-18 01:01:19.851,106850.16,6e-05,6.411009600000001
2025-10-18 01:01:20.618,106849.96,9e-05,9.6164964
2025-10-18 01:01:20.620,106848.0,0.00215,229.7232
2025-10-18 01:01:20.624,106847.99,0.00558,596.2117842
2025-10-18 01:01:20.625,106845.61,0.0006,64.107366
2025-10-18 01:01:20.866,106845.01,5e-05,5.3422505
2025-10-18 01:01:21.462,106845.01,0.00863,922.0724363
2025-10-18 01:01:22.310,106845.0,0.01569,1676.39805
2025-10-18 01:01:22.339,106845.01,9e-05,9.6160509
2025-10-18 01:01:22.911,106845.0,0.012,1282.14
2025-10-18 01:01:23.633,106845.01,0.00092,98.2974092
2025-10-18 01:01:23.915,106845.01,0.00044,47.0118044
2025-10-18 01:01:23.985,106845.0,0.012,1282.14
2025-10-18 01:01:23.986,106845.0,0.012,1282.14
2025-10-18 01:01:24.262,106845.0,0.00097,103.63965
2025-10-18 01:01:24.504,106845.0,0.02808,3000.2076
2025-10-18 01:01:24.506,106845.0,0.03389,3620.9770500000004
2025-10-18 01:01:24.507,106844.0,0.00255,272.4522
2025-10-18 01:01:24.520,106840.01,0.00015,16.0260015
2025-10-18 01:01:24.530,106835.97,0.0015,160.25395500000002
2025-10-18 01:01:24.531,106831.95,0.00056,59.825891999999996
2025-10-18 01:01:24.535,106831.95,0.14067,15028.050406499999
2025-10-18 01:01:24.555,106831.96,0.00026,27.776309599999998
2025-10-18 01:01:24.723,106831.96,0.00274,292.7195704
2025-10-18 01:01:25.639,106831.88,0.0001,10.683188000000001
2025-10-18 01:01:25.652,106830.75,0.012,1281.969
2025-10-18 01:01:25.653,106830.75,0.00328,350.40486
2025-10-18 01:01:25.700,106830.75,0.0009,96.14767499999999
2025-10-18 01:01:25.712,106830.01,0.0018,192.294018
2025-10-18 01:01:25.859,106830.0,0.00375,400.6125
2025-10-18 01:01:25.860,106829.98,0.0002,21.365996
2025-10-18 01:01:25.866,106829.95,0.025,2670.74875
2025-10-18 01:01:25.872,106829.95,0.00775,827.9321125
2025-10-18 01:01:25.878,106829.95,0.025,2670.74875
2025-10-18 01:01:25.887,106829.95,0.025,2670.74875
2025-10-18 01:01:25.888,106829.95,0.0316,3375.8264200000003
2025-10-18 01:01:25.889,106829.94,0.0007,74.780958
2025-10-18 01:01:25.891,106829.94,0.00089,95.0786466
2025-10-18 01:01:25.893,106829.94,0.0007,74.780958
2025-10-18 01:01:25.895,106829.93,0.00035,37.390475499999994
2025-10-18 01:01:25.897,106829.94,0.0012,128.19592799999998
2025-10-18 01:01:25.901,106829.26,0.0002,21.365852
2025-10-18 01:01:25.904,106828.29,0.00419,447.6105351
2025-10-18 01:01:26.215,106828.22,0.0001,10.682822
2025-10-18 01:01:26.391,106828.15,0.00047,50.2092305
2025-10-18 01:01:26.599,106828.16,0.00192,205.1100672
2025-10-18 01:01:27.399,106828.15,0.00654,698.6561009999999
2025-10-18 01:01:27.401,106828.13,0.00025,26.7070325
2025-10-18 01:01:27.404,106828.0,0.00375,400.60499999999996
2025-10-18 01:01:27.406,106827.22,5e-05,5.341361
2025-10-18 01:01:27.407,106827.99,5e-05,5.3413995000000005
2025-10-18 01:01:27.408,106827.99,0.00085,90.8037915
2025-10-18 01:01:27.422,106825.07,5e-05,5.3412535000000005
2025-10-18 01:01:28.070,106824.0,0.00093,99.34632
2025-10-18 01:01:28.343,106824.01,6e-05,6.4094406
2025-10-18 01:01:28.362,106824.01,0.01967,2101.2282766999997
2025-10-18 01:01:29.111,106824.01,0.00012,12.8188812
2025-10-18 01:01:29.801,106824.01,0.00936,999.8727336
2025-10-18 01:01:29.812,106824.01,0.00018,19.2283218
2025-10-18 01:01:30.066,106824.0,0.00035,37.3884
2025-10-18 01:01:30.212,106824.01,0.0001,10.682401
2025-10-18 01:01:30.423,106824.0,7e-05,7.477679999999999
2025-10-18 01:01:30.727,106824.0,0.0093,993.4631999999999
2025-10-18 01:01:30.799,106824.0,0.06186,6608.13264
2025-10-18 01:01:30.958,106824.0,0.012,1281.888
2025-10-18 01:01:31.750,106824.01,0.00049,52.3437649
2025-10-18 01:01:32.169,106824.0,0.00088,94.00512
2025-10-18 01:01:32.316,106824.0,0.012,1281.888
2025-10-18 01:01:32.618,106824.01,0.00037,39.5248837
2025-10-18 01:01:32.763,106824.01,1.00251,107092.1382651
2025-10-18 01:01:33.203,106824.01,0.00143,152.7583343
2025-10-18 01:01:33.260,106824.01,6e-05,6.4094406
2025-10-18 01:01:33.383,106824.0,0.001,106.824
2025-10-18 01:01:33.556,106824.0,0.00047,50.20728
2025-10-18 01:01:33.778,106824.0,0.05598,5980.00752
2025-10-18 01:01:34.170,106824.01,0.00013,13.887121299999999
2025-10-18 01:01:34.352,106824.01,0.00018,19.2283218
2025-10-18 01:01:34.370,106824.01,0.00018,19.2283218
2025-10-18 01:01:34.475,106824.01,0.00018,19.2283218
2025-10-18 01:01:34.881,106824.0,0.0025,267.06
2025-10-18 01:01:35.058,106824.01,0.00012,12.8188812
2025-10-18 01:01:35.615,106824.01,0.0341,3642.6987409999997
2025-10-18 01:01:35.709,106827.7,0.00015,16.024154999999997
2025-10-18 01:01:35.713,106828.17,0.0005,53.414085
2025-10-18 01:01:35.784,106828.97,0.0001,10.682897
2025-10-18 01:01:35.791,106829.28,0.00015,16.024392
2025-10-18 01:01:35.793,106829.63,0.00035,37.3903705
2025-10-18 01:01:36.170,106829.66,0.1,10682.966
2025-10-18 01:01:36.172,106831.46,0.0001,10.683146
2025-10-18 01:01:36.174,106832.23,0.00015,16.024834499999997
2025-10-18 01:01:36.176,106832.25,0.0002,21.36645
2025-10-18 01:01:36.177,106832.24,0.0002,21.366448000000002
2025-10-18 01:01:36.180,106833.58,0.03475,3712.466905
2025-10-18 01:01:36.190,106833.94,0.00205,219.00957700000004
2025-10-18 01:01:36.198,106834.1,5e-05,5.341705
2025-10-18 01:01:36.208,106834.33,0.00119,127.13285270000002
2025-10-18 01:01:36.214,106835.34,0.0002,21.367068
2025-10-18 01:01:36.392,106836.15,0.04832,5162.322768
2025-10-18 01:01:36.406,106836.15,0.05485,5859.9628275
2025-10-18 01:01:36.408,106836.15,0.00155,165.59603249999998
2025-10-18 01:01:36.476,106837.25,6e-05,6.410235
2025-10-18 01:01:36.517,106839.48,0.0032,341.88633600000003
2025-10-18 01:01:36.586,106839.95,7e-05,7.478796499999999
2025-10-18 01:01:36.669,106839.96,0.00024,25.641590400000002
2025-10-18 01:01:37.570,106839.95,0.00625,667.7496875
2025-10-18 01:01:37.731,106839.95,0.00014,14.957592999999997
2025-10-18 01:01:37.931,106839.96,0.00012,12.820795200000001
2025-10-18 01:01:38.209,106839.96,0.003,320.51988
2025-10-18 01:01:38.478,106839.96,9e-05,9.615596400000001
2025-10-18 01:01:38.948,106839.96,8e-05,8.547196800000002
2025-10-18 01:01:40.493,106839.96,0.0006,64.103976
2025-10-18 01:01:41.315,106843.75,6e-05,6.4106250000000005
2025-10-18 01:01:41.346,106844.95,0.00862,921.0034689999999
2025-10-18 01:01:42.346,106844.95,0.0003,32.053484999999995
2025-10-18 01:01:42.626,106844.95,0.14015,14974.3197425
2025-10-18 01:01:42.732,106844.95,7e-05,7.479146499999999
2025-10-18 01:01:42.917,106846.38,0.0001,10.684638000000001
2025-10-18 01:01:43.313,106847.75,0.06843,7311.5915325000005
2025-10-18 01:01:43.400,106847.75,0.00028,29.91737
2025-10-18 01:01:43.550,106847.74,0.00036,38.46518640000001
2025-10-18 01:01:44.023,106847.74,0.0003,32.054322
2025-10-18 01:01:45.013,106847.75,0.00135,144.2444625
2025-10-18 01:01:45.079,106847.74,7e-05,7.479341799999999
2025-10-18 01:01:45.101,106847.75,0.00059,63.040172500000004
2025-10-18 01:01:45.213,106847.75,0.00211,225.44875249999998
2025-10-18 01:01:45.290,106847.75,0.00398,425.254045
2025-10-18 01:01:45.519,106847.75,0.00018,19.232595
2025-10-18 01:01:45.717,106847.74,9e-05,9.616296600000002
2025-10-18 01:01:45.863,106847.74,0.00238,254.29762120000004
2025-10-18 01:01:46.033,106847.74,0.005,534.2387
2025-10-18 01:01:46.085,106847.75,0.00011,11.7532525
2025-10-18 01:01:46.669,106847.75,0.00018,19.232595
2025-10-18 01:01:46.810,106847.75,0.00016,17.095640000000003
2025-10-18 01:01:47.171,106847.74,0.00254,271.3932596
2025-10-18 01:01:47.443,106847.74,5e-05,5.342387
2025-10-18 01:01:47.486,106847.75,0.00022,23.506505
2025-10-18 01:01:47.649,106847.75,0.0034,363.28235
2025-10-18 01:01:47.716,106847.75,0.00016,17.095640000000003
2025-10-18 01:01:47.832,106847.75,0.00053,56.629307499999996
2025-10-18 01:01:47.881,106847.75,0.00011,11.7532525
2025-10-18 01:01:47.891,106847.74,0.00048,51.2869152
2025-10-18 01:01:47.990,106847.75,0.00011,11.7532525
2025-10-18 01:01:48.102,106847.75,0.0001,10.684775
2025-10-18 01:01:48.377,106847.75,0.0009,96.162975
2025-10-18 01:01:48.625,106847.74,0.0003,32.054322
2025-10-18 01:01:48.862,106847.75,0.00011,11.7532525
2025-10-18 01:01:49.024,106847.74,0.00041,43.8075734
2025-10-18 01:01:49.479,106847.74,9e-05,9.616296600000002
2025-10-18 01:01:49.516,106847.75,0.00023,24.5749825
2025-10-18 01:01:49.580,106847.75,0.00027,28.8488925
2025-10-18 01:01:49.837,106847.75,0.00032,34.191280000000006
2025-10-18 01:01:50.219,106847.75,0.00011,11.7532525
2025-10-18 01:01:50.352,106847.75,0.0078,833.4124499999999
2025-10-18 01:01:50.608,106847.74,0.01697,1813.2061478
2025-10-18 01:01:50.945,106847.74,5e-05,5.342387
2025-10-18 01:01:51.432,106847.75,0.00011,11.7532525
2025-10-18 01:01:51.925,106847.75,0.00027,28.8488925
2025-10-18 01:01:51.982,106847.75,0.00027,28.8488925
2025-10-18 01:01:52.782,106847.75,0.00053,56.629307499999996
2025-10-18 01:01:52.810,106847.75,0.0009,96.162975
2025-10-18 01:01:53.075,106847.75,0.00013,13.890207499999999
2025-10-18 01:01:53.162,106847.74,0.00329,351.5290646
2025-10-18 01:01:53.183,106847.75,0.00255,272.4617625
2025-10-18 01:01:53.525,106847.75,0.00014,14.958685
2025-10-18 01:01:53.629,106847.75,0.00607,648.5658425
2025-10-18 01:01:54.019,106847.75,0.00024,25.64346
2025-10-18 01:01:54.023,106847.74,0.00011,11.753251400000002
2025-10-18 01:01:54.062,106847.75,0.00106,113.25861499999999
2025-10-18 01:01:54.340,106847.75,0.00856,914.6167399999999
2025-10-18 01:01:55.048,106847.75,0.00233,248.95525750000002
2025-10-18 01:01:55.210,106847.75,0.00023,24.5749825
2025-10-18 01:01:55.280,106847.75,0.0006,64.10865
2025-10-18 01:01:55.911,106847.75,0.028,2991.737
2025-10-18 01:01:55.933,106847.74,0.00282,301.3106268
2025-10-18 01:01:56.322,106847.75,0.14038,14999.287145
2025-10-18 01:01:57.026,106847.74,0.00011,11.753251400000002
2025-10-18 01:01:57.262,106847.75,0.00401,428.4594775
2025-10-18 01:01:57.410,106847.74,0.02339,2499.1686386
2025-10-18 01:01:57.744,106847.75,5e-05,5.3423875
2025-10-18 01:01:58.485,106847.75,0.01659,1772.6041725
2025-10-18 01:01:58.576,106847.74,0.00073,77.9988502
2025-10-18 01:01:58.615,106847.75,0.00047,50.2184425
2025-10-18 01:01:59.412,106847.74,0.01656,1769.3985744
2025-10-18 01:01:59.800,106847.75,4e-05,4.273910000000001
2025-10-18 01:01:59.978,106849.73,5e-05,5.3424865
2025-10-18 01:01:59.979,106854.03,0.00015,16.028104499999998
2025-10-18 01:01:59.980,106868.29,0.072,7694.516879999999
2025-10-18 01:01:59.981,106870.74,0.091,9725.23734
2025-10-18 01:01:59.982,106871.76,0.00015,16.030763999999998
2025-10-18 01:01:59.983,106871.94,0.037,3954.26178
2025-10-18 01:01:59.984,106872.52,0.037,3954.2832399999998
2025-10-18 01:01:59.988,106872.52,0.03213,3433.8140676
2025-10-18 01:01:59.990,106873.27,0.00989,1056.9766402999999
2025-10-18 01:01:59.993,106882.76,0.0001,10.688276
2025-10-18 01:01:59.995,106883.39,0.01913,2044.6792507
2025-10-18 01:01:59.998,106883.39,0.02434,2601.5417126
2025-10-18 01:01:59.999,106872.1,0.0001,10.68721
2025-10-18 01:02:00.002,106883.39,0.0039,416.845221
2025-10-18 01:02:00.004,106883.39,0.01524,1628.9028636
2025-10-18 01:02:00.005,106883.39,0.02434,2601.5417126
2025-10-18 01:02:00.007,106883.39,0.06963,7442.2904456999995
2025-10-18 01:02:00.010,106883.39,0.02433,2600.4728787
2025-10-18 01:02:00.018,106883.39,0.04679,5001.0738181
2025-10-18 01:02:00.019,106883.39,0.06926,7402.7435914
2025-10-18 01:02:00.025,106883.39,0.00783,836.8969437000001
2025-10-18 01:02:00.027,106883.39,0.007,748.18373
2025-10-18 01:02:00.029,106883.39,0.02622,2802.4824858
2025-10-18 01:02:00.030,106883.39,0.09358,10002.1476362
2025-10-18 01:02:00.036,106883.39,0.00101,107.9522239
2025-10-18 01:02:00.043,106883.66,0.3419,36543.523354
2025-10-18 01:02:00.044,106883.66,0.30949,33079.4239334
2025-10-18 01:02:00.047,106883.66,0.00018,19.239058800000002
2025-10-18 01:02:00.050,106883.66,0.01439,1538.0558674000001
2025-10-18 01:02:00.052,106883.4,0.00015,16.03251
2025-10-18 01:02:00.055,106883.4,0.00015,16.03251
2025-10-18 01:02:00.058,106883.4,5e-05,5.34417
2025-10-18 01:02:00.061,106883.66,0.5069,54179.327254
2025-10-18 01:02:00.068,106883.65,0.00015,16.032547499999996
2025-10-18 01:02:00.069,106883.66,0.04871,5206.303078600001
2025-10-18 01:02:00.070,106883.66,0.03878,4144.9483348
2025-10-18 01:02:00.072,106883.66,0.18824,20119.7801584
2025-10-18 01:02:00.074,106892.0,0.0026,277.9192
2025-10-18 01:02:00.081,106892.99,0.00015,16.0339485
2025-10-18 01:02:00.122,106893.0,0.00936,1000.5184800000001
2025-10-18 01:02:00.125,106893.0,0.00936,1000.5184800000001
2025-10-18 01:02:00.127,106893.0,0.00248,265.09464
2025-10-18 01:02:00.129,106893.0,0.01013,1082.82609
2025-10-18 01:02:00.138,106893.0,0.01439,1538.19027
2025-10-18 01:02:00.149,106899.46,5e-05,5.344973
2025-10-18 01:02:00.172,106899.47,0.00915,978.1301505
2025-10-18 01:02:00.187,106899.47,0.0002,21.379894
2025-10-18 01:02:00.191,106900.49,0.00677,723.7163173
2025-10-18 01:02:00.224,106899.47,5e-05,5.3449735
2025-10-18 01:02:00.227,106900.49,0.04193,4482.3375457
2025-10-18 01:02:00.259,106900.49,0.25266,27009.4778034
2025-10-18 01:02:00.325,106904.32,0.00173,184.9444736
2025-10-18 01:02:00.448,106904.01,9e-05,9.6213609
2025-10-18 01:02:00.479,106904.0,0.08,8552.32
2025-10-18 01:02:01.117,106904.01,0.00094,100.48976939999999
2025-10-18 01:02:01.178,106904.01,6e-05,6.4142406
2025-10-18 01:02:01.197,106904.0,0.0072,769.7088
2025-10-18 01:02:01.217,106904.01,5e-05,5.3452005
2025-10-18 01:02:01.282,106904.0,0.05142,5497.00368
2025-10-18 01:02:01.283,106904.0,5e-05,5.3452
2025-10-18 01:02:01.297,106901.2,0.0053,566.57636
2025-10-18 01:02:01.335,106898.38,0.00015,16.034757
2025-10-18 01:02:01.562,106893.3,0.01877,2006.387241
2025-10-18 01:02:01.567,106892.63,0.0005,53.446315000000006
2025-10-18 01:02:01.569,106892.62,0.03308,3536.0078695999996
2025-10-18 01:02:01.583,106891.2,9e-05,9.620208
2025-10-18 01:02:01.615,106891.2,0.00026,27.791711999999997
2025-10-18 01:02:01.640,106891.19,0.00014,14.964766599999999
2025-10-18 01:02:01.650,106891.19,0.00031,33.1362689
2025-10-18 01:02:01.732,106883.88,0.0001,10.688388000000002
2025-10-18 01:02:01.810,106883.88,0.00925,988.67589
2025-10-18 01:02:01.817,106883.88,0.00045,48.097746
2025-10-18 01:02:01.869,106882.38,0.00778,831.5449164
2025-10-18 01:02:01.915,106882.39,0.005,534.41195
2025-10-18 01:02:01.917,106882.39,0.01,1068.8239
2025-10-18 01:02:02.027,106882.39,0.00077,82.2994403
2025-10-18 01:02:02.215,106882.38,0.02808,3001.2572304
2025-10-18 01:02:02.216,106879.78,5e-05,5.3439890000000005
2025-10-18 01:02:02.239,106877.49,0.00503,537.5937747
2025-10-18 01:02:02.306,106877.49,0.00018,19.2379482
2025-10-18 01:02:02.476,106877.49,0.09886,10565.9086614
2025-10-18 01:02:02.543,106877.49,0.00047,50.2324203
2025-10-18 01:02:02.803,106877.48,0.00228,243.68065439999998
2025-10-18 01:02:02.879,106876.99,0.0001,10.687699
2025-10-18 01:02:03.393,106875.15,0.0001,10.687515
2025-10-18 01:02:03.397,106874.07,6e-05,6.4124442
2025-10-18 01:02:03.399,106874.07,0.00109,116.49273630000002
2025-10-18 01:02:03.402,106871.85,0.012,1282.4622000000002
2025-10-18 01:02:03.550,106871.86,0.00093,99.3908298
2025-10-18 01:02:04.905,106871.86,0.0014,149.620604
2025-10-18 01:02:05.727,106871.86,0.02868,3065.0849448
2025-10-18 01:02:05.875,106871.85,0.00034,36.336429
2025-10-18 01:02:05.992,106871.85,0.00018,19.236933
2025-10-18 01:02:06.825,106871.86,0.0063,673.292718
2025-10-18 01:02:07.069,106871.86,0.00163,174.20113179999998
2025-10-18 01:02:07.356,106871.86,0.00047,50.2297742
2025-10-18 01:02:08.324,106871.85,9e-05,9.6184665
2025-10-18 01:02:08.540,106871.86,0.00467,499.0915862
2025-10-18 01:02:08.881,106871.86,0.00056,59.848241599999994
2025-10-18 01:02:09.738,106871.86,0.00011,11.755904600000001
2025-10-18 01:02:09.933,106871.86,8e-05,8.549748800000001
2025-10-18 01:02:10.129,106871.86,0.00047,50.2297742
2025-10-18 01:02:11.195,106871.86,0.00192,205.1939712
2025-10-18 01:02:11.365,106871.86,9e-05,9.6184674
2025-10-18 01:02:11.754,106871.85,0.012,1282.4622000000002
2025-10-18 01:02:11.755,106871.85,0.012,1282.4622000000002
2025-10-18 01:02:11.756,106871.85,0.00604,645.505974
2025-10-18 01:02:11.764,106871.6,0.0002,21.37432
2025-10-18 01:02:11.820,106871.6,0.00439,469.16632400000003
2025-10-18 01:02:11.826,106870.5,0.00125,133.588125
2025-10-18 01:02:11.839,106867.84,0.0001,10.686784
2025-10-18 01:02:11.908,106866.3,0.00554,592.039302
2025-10-18 01:02:11.912,106865.85,0.00554,592.0368090000001
2025-10-18 01:02:11.916,106865.44,0.00089,95.1102416
2025-10-18 01:02:11.919,106858.94,0.00133,142.1223902
2025-10-18 01:02:11.922,106858.94,6e-05,6.4115364
2025-10-18 01:02:11.991,106858.94,0.00935,999.1310890000001
2025-10-18 01:02:12.270,106858.93,0.0009,96.173037
2025-10-18 01:02:12.275,106858.86,0.00185,197.688891
2025-10-18 01:02:12.283,106855.1,5e-05,5.342755
2025-10-18 01:02:12.284,106853.31,0.011,1175.3864099999998
2025-10-18 01:02:12.305,106853.31,0.04,4274.1324
2025-10-18 01:02:12.311,106853.31,5e-05,5.3426655
2025-10-18 01:02:12.370,106853.31,0.12652,13519.080781199998
2025-10-18 01:02:12.432,106853.32,0.00019,20.302130800000004
2025-10-18 01:02:12.854,106853.32,8e-05,8.5482656
2025-10-18 01:02:12.910,106853.31,0.00057,60.9063867
2025-10-18 01:02:13.068,106853.32,0.003,320.55996000000005
2025-10-18 01:02:13.240,106853.31,0.0001,10.685331
2025-10-18 01:02:14.260,106853.31,0.00014,14.959463399999999
2025-10-18 01:02:14.548,106853.32,0.01704,1820.7805728
2025-10-18 01:02:15.112,106853.32,8e-05,8.5482656
2025-10-18 01:02:15.131,106853.32,0.00046,49.1525272
2025-10-18 01:02:15.680,106853.32,0.00039,41.672794800000005
2025-10-18 01:02:16.083,106853.32,0.005,534.2666
2025-10-18 01:02:16.249,106853.31,0.0002,21.370662
2025-10-18 01:02:16.374,106853.31,0.2396,25602.053076
2025-10-18 01:02:16.540,106853.31,8e-05,8.5482648
2025-10-18 01:02:16.632,106853.32,0.00079,84.4141228
2025-10-18 01:02:16.635,106853.31,0.00067,71.5917177
2025-10-18 01:02:16.843,106853.32,0.00029,30.987462800000003
2025-10-18 01:02:17.026,106853.31,0.00017,18.1650627
2025-10-18 01:02:17.032,106853.32,0.00094,100.4421208
2025-10-18 01:02:17.037,106853.32,0.00038,40.60426160000001
2025-10-18 01:02:17.075,106853.32,0.00019,20.302130800000004
2025-10-18 01:02:17.163,106853.32,0.00047,50.2210604
2025-10-18 01:02:17.270,106853.32,0.0002,21.370664
2025-10-18 01:02:18.445,106853.31,0.0009,96.16797899999999
2025-10-18 01:02:18.582,106853.32,0.00013,13.8909316
2025-10-18 01:02:18.643,106853.32,0.00094,100.4421208
2025-10-18 01:02:18.658,106853.32,0.00158,168.8282456
2025-10-18 01:02:18.818,106853.32,0.00034,36.330128800000004
2025-10-18 01:02:19.123,106853.31,0.04879,5213.3729949
2025-10-18 01:02:19.231,106853.31,0.00248,264.9962088
2025-10-18 01:02:19.382,106853.31,0.02083,2225.7544473000003
2025-10-18 01:02:19.416,106853.32,0.00013,13.8909316
2025-10-18 01:02:20.194,106853.32,0.009,961.67988
2025-10-18 01:02:20.243,106853.32,0.00074,79.0714568
2025-10-18 01:02:20.591,106853.31,6e-05,6.4111986
2025-10-18 01:02:20.630,106853.32,0.0028,299.189296
2025-10-18 01:02:22.042,106853.32,0.0011,117.53865200000001
2025-10-18 01:02:22.190,106853.32,7e-05,7.4797324
2025-10-18 01:02:22.408,106853.32,0.00021,22.439197200000002
2025-10-18 01:02:22.964,106853.32,0.0003,32.055996
2025-10-18 01:02:23.164,106853.31,0.012,1282.23972
2025-10-18 01:02:23.165,106853.31,0.012,1282.23972
2025-10-18 01:02:23.168,106853.31,0.012,1282.23972
2025-10-18 01:02:23.180,106849.97,5e-05,5.3424985000000005
2025-10-18 01:02:23.216,106847.0,0.00043,45.94421
2025-10-18 01:02:23.361,106845.01,0.00082,87.61290819999999
2025-10-18 01:02:23.416,106845.02,0.00035,37.395757
2025-10-18 01:02:23.582,106845.02,0.00093,99.36586860000001
2025-10-18 01:02:23.791,106845.02,0.00407,434.8592314
2025-10-18 01:02:23.980,106845.02,0.00012,12.8214024
2025-10-18 01:02:24.322,106845.01,0.00197,210.48466969999998
2025-10-18 01:02:24.459,106845.01,0.00015,16.026751499999996
2025-10-18 01:02:24.557,106845.02,0.00393,419.90092860000004
2025-10-18 01:02:24.582,106845.02,0.00305,325.877311
2025-10-18 01:02:24.883,106845.02,0.00049,52.3540598
2025-10-18 01:02:25.195,106845.02,0.01863,1990.5227226000002
2025-10-18 01:02:25.477,106845.02,0.00105,112.187271
2025-10-18 01:02:26.294,106845.02,0.00093,99.36586860000001
2025-10-18 01:02:26.715,106845.02,0.00025,26.711255
2025-10-18 01:02:26.949,106845.02,0.00012,12.8214024
2025-10-18 01:02:27.707,106845.02,0.00051,54.4909602
2025-10-18 01:02:27.972,106845.02,0.00064,68.38081280000002
2025-10-18 01:02:28.724,106845.01,0.00047,50.217154699999995
2025-10-18 01:02:29.318,106845.02,0.00047,50.2171594
2025-10-18 01:02:29.754,106845.01,0.00394,420.96933939999997
2025-10-18 01:02:30.110,106845.02,6e-05,6.4107012
2025-10-18 01:02:30.690,106845.02,0.0074,790.6531480000001
2025-10-18 01:02:30.839,106845.02,0.00043,45.9433586
2025-10-18 01:02:30.873,106845.01,0.001,106.84501
2025-10-18 01:02:32.262,106845.02,0.00062,66.2439124
2025-10-18 01:02:33.917,106845.02,0.20993,22429.9750486
2025-10-18 01:02:34.023,106845.02,0.00023,24.574354600000003
2025-10-18 01:02:34.145,106845.02,7e-05,7.479151399999999
2025-10-18 01:02:34.763,106845.02,0.00016,17.095203200000004
2025-10-18 01:02:35.770,106845.01,0.00042,44.8749042
2025-10-18 01:02:36.273,106845.01,0.00053,56.62785529999999
2025-10-18 01:02:36.290,106845.02,5e-05,5.342251
2025-10-18 01:02:36.418,106845.02,0.00018,19.232103600000002
2025-10-18 01:02:37.464,106845.01,0.00047,50.217154699999995
2025-10-18 01:02:37.938,106845.52,5e-05,5.342276
2025-10-18 01:02:37.939,106845.78,0.00113,120.73573139999999
2025-10-18 01:02:37.945,106847.75,0.0018,192.32595
2025-10-18 01:02:38.115,106853.5,6e-05,6.4112100000000005
2025-10-18 01:02:38.242,106856.47,7e-05,7.4799529
2025-10-18 01:02:38.790,106856.46,0.00315,336.597849
2025-10-18 01:02:39.265,106856.47,0.02426,2592.3379622
2025-10-18 01:02:40.237,106856.46,0.00047,50.2225362
2025-10-18 01:02:40.245,106856.46,0.00027,28.851244200000004
2025-10-18 01:02:40.354,106856.46,0.00086,91.8965556
2025-10-18 01:02:41.134,106856.47,0.00074,79.0737878
2025-10-18 01:02:41.438,106856.46,0.00038,40.605454800000004
2025-10-18 01:02:41.748,106856.46,0.05476,5851.459749600001
2025-10-18 01:02:42.609,106856.47,0.00043,45.9482821
2025-10-18 01:02:43.305,106856.47,0.01601,1710.7720847
2025-10-18 01:02:43.514,106856.46,0.00011,11.7542106
2025-10-18 01:02:46.018,106856.46,0.08102,8657.5103892
2025-10-18 01:02:46.576,106856.46,8e-05,8.548516800000002
2025-10-18 01:02:46.684,106856.46,0.00556,594.1219176000001
2025-10-18 01:02:46.734,106856.46,0.013,1389.13398
2025-10-18 01:02:47.282,106856.46,0.03042,3250.5735132
2025-10-18 01:02:47.992,106856.46,0.00018,19.234162800000004
2025-10-18 01:02:48.500,106856.47,0.00467,499.0197149
2025-10-18 01:02:50.069,106856.46,8e-05,8.548516800000002
2025-10-18 01:02:50.112,106856.47,0.00239,255.38696330000002
2025-10-18 01:02:50.301,106856.47,0.00077,82.2794819
2025-10-18 01:02:50.732,106856.46,1.89392,202377.58672320002
2025-10-18 01:02:51.101,106856.46,5e-05,5.342823000000001
2025-10-18 01:02:52.611,106856.47,0.0044,470.168468
2025-10-18 01:02:52.915,106850.05,0.00567,605.8397835
2025-10-18 01:02:52.927,106848.21,0.012,1282.1785200000002
2025-10-18 01:02:52.929,106848.21,0.012,1282.1785200000002
2025-10-18 01:02:53.024,106848.21,0.012,1282.1785200000002
2025-10-18 01:02:53.590,106848.22,0.00022,23.5066084
2025-10-18 01:02:54.542,106848.22,0.00105,112.190631
2025-10-18 01:02:54.981,106848.22,0.00374,399.61234279999996
2025-10-18 01:02:55.039,106848.21,0.00187,199.8061527
2025-10-18 01:02:55.184,106848.21,0.0002,21.369642000000002
2025-10-18 01:02:55.730,106848.22,0.00026,27.780537199999998
2025-10-18 01:02:56.915,106848.22,0.00467,498.98118739999995
2025-10-18 01:02:57.145,106848.22,0.00093,99.3688446
2025-10-18 01:02:58.091,106848.21,0.00036,38.4653556
2025-10-18 01:02:58.100,106848.21,0.012,1282.1785200000002
2025-10-18 01:02:58.148,106848.22,0.00019,20.301161800000003
2025-10-18 01:02:58.215,106848.22,0.005,534.2411
2025-10-18 01:02:58.307,106848.21,0.00272,290.62713120000006
2025-10-18 01:02:58.680,106848.22,0.00047,50.2186634
2025-10-18 01:02:59.618,106848.21,0.00029,30.9859809
2025-10-18 01:03:00.431,106848.22,0.01952,2085.6772544
2025-10-18 01:03:00.725,106848.22,0.0216,2307.9215520000002
2025-10-18 01:03:01.069,106848.21,0.012,1282.1785200000002
2025-10-18 01:03:01.246,106848.21,0.007,747.9374700000001
2025-10-18 01:03:01.251,106848.22,0.0001,10.684822
2025-10-18 01:03:01.255,106848.22,0.00029,30.9859838
2025-10-18 01:03:01.798,106848.22,0.00025,26.712055
2025-10-18 01:03:01.917,106848.21,0.01127,1204.1793267
2025-10-18 01:03:03.317,106848.21,0.00013,13.8902673
2025-10-18 01:03:03.670,106848.21,0.00021,22.438124100000003
2025-10-18 01:03:03.817,106848.22,0.00375,400.68082499999997
2025-10-18 01:03:05.332,106848.22,0.00015,16.027233
2025-10-18 01:03:05.902,106848.21,0.00172,183.7789212
2025-10-18 01:03:06.434,106848.21,0.0007,74.79374700000001
2025-10-18 01:03:06.460,106848.22,0.00093,99.3688446
2025-10-18 01:03:07.418,106848.22,0.0006,64.108932
2025-10-18 01:03:08.031,106848.22,0.09701,10365.3458222
2025-10-18 01:03:08.115,106851.19,0.0001,10.685119
2025-10-18 01:03:08.347,106856.48,0.0001,10.685648
2025-10-18 01:03:08.349,106856.75,6e-05,6.411405
2025-10-18 01:03:08.355,106856.94,0.04156,4440.9744264
2025-10-18 01:03:08.409,106856.94,0.00174,185.9310756
2025-10-18 01:03:08.411,106858.9,0.00701,749.080889
2025-10-18 01:03:08.412,106861.52,5e-05,5.343076000000001
2025-10-18 01:03:08.516,106866.26,0.00015,16.029939
2025-10-18 01:03:08.812,106866.27,0.00398,425.3277546
2025-10-18 01:03:08.815,106866.28,0.40802,43603.5795656
2025-10-18 01:03:08.818,106866.29,0.00105,112.20960449999998
2025-10-18 01:03:08.955,106866.42,0.00187,199.8402054
2025-10-18 01:03:09.073,106866.42,0.00131,139.9950102
2025-10-18 01:03:09.115,106871.59,0.00015,16.0307385
2025-10-18 01:03:09.325,106871.6,0.00047,50.229652
2025-10-18 01:03:09.437,106871.59,0.00018,19.2368862
2025-10-18 01:03:09.819,106876.54,5e-05,5.343827
2025-10-18 01:03:11.417,106876.98,0.16591,17731.9597518
2025-10-18 01:03:11.576,106876.97,5e-05,5.3438485
2025-10-18 01:03:12.015,106880.26,5e-05,5.344013
2025-10-18 01:03:12.020,106882.37,6e-05,6.4129422
2025-10-18 01:03:12.155,106882.37,0.00135,144.2911995
2025-10-18 01:03:12.871,106882.37,0.00252,269.3435724
2025-10-18 01:03:13.615,106885.49,5e-05,5.344274500000001
2025-10-18 01:03:14.009,106885.79,0.00018,19.2394422
2025-10-18 01:03:14.520,106885.78,0.00048,51.3051744
2025-10-18 01:03:14.839,106885.78,0.0001,10.688578
2025-10-18 01:03:14.912,106886.0,6e-05,6.41316
2025-10-18 01:03:14.914,106886.19,5e-05,5.3443095000000005
2025-10-18 01:03:14.916,106887.66,0.00773,826.2416118
2025-10-18 01:03:14.918,106887.66,0.0021,224.46408599999998
2025-10-18 01:03:14.920,106889.25,6e-05,6.413355
2025-10-18 01:03:15.015,106889.72,0.05288,5652.328393600001
2025-10-18 01:03:15.019,106889.72,0.0008,85.51177600000001
2025-10-18 01:03:15.703,106891.2,0.0007,74.82384
2025-10-18 01:03:15.762,106891.2,0.00049,52.376687999999994
2025-10-18 01:03:16.183,106891.19,0.00027,28.860621300000002
2025-10-18 01:03:16.428,106891.2,0.00017,18.171504000000002
2025-10-18 01:03:16.615,106895.54,0.00015,16.034330999999998
2025-10-18 01:03:16.727,106900.96,0.01427,1525.4766992
2025-10-18 01:03:17.071,106900.96,0.00075,80.17572000000001
2025-10-18 01:03:17.073,106900.96,0.00087,93.00383520000001
2025-10-18 01:03:17.121,106900.96,0.00091,97.2798736
2025-10-18 01:03:18.148,106900.95,0.00018,19.242171
2025-10-18 01:03:18.415,106900.95,0.00179,191.3527005
2025-10-18 01:03:18.437,106900.96,0.00013,13.8971248
2025-10-18 01:03:19.288,106900.96,0.00046,49.1744416
2025-10-18 01:03:19.681,106900.96,0.00047,50.2434512
2025-10-18 01:03:20.300,106900.96,0.00011,11.759105600000002
2025-10-18 01:03:20.455,106900.96,0.00013,13.8971248
2025-10-18 01:03:20.792,106900.96,0.00157,167.83450720000002
2025-10-18 01:03:20.992,106900.95,0.00094,100.486893
2025-10-18 01:03:21.664,106900.95,0.012,1282.8114
2025-10-18 01:03:21.743,106900.95,0.00702,750.444669
2025-10-18 01:03:21.781,106900.94,0.00894,955.6944036
2025-10-18 01:03:21.790,106900.94,0.0012,128.281128
2025-10-18 01:03:21.793,106900.92,0.00065,69.485598
2025-10-18 01:03:21.800,106900.79,0.00035,37.4152765
2025-10-18 01:03:21.806,106900.8,0.00128,136.83302400000002
2025-10-18 01:03:21.807,106900.79,0.0014,149.661106
2025-10-18 01:03:21.808,106896.68,0.00111,118.6553148
2025-10-18 01:03:21.827,106896.37,0.00015,16.034455499999996
2025-10-18 01:03:22.217,106896.36,0.00199,212.7237564
2025-10-18 01:03:22.254,106896.37,0.01871,2000.0310827
2025-10-18 01:03:22.847,106896.37,0.00188,200.96517559999998
2025-10-18 01:03:23.161,106896.37,0.00102,109.0342974
2025-10-18 01:03:23.271,106896.37,0.00066,70.5516042
2025-10-18 01:03:23.797,106896.36,0.00789,843.4122804
2025-10-18 01:03:23.802,106896.37,9e-05,9.6206733
2025-10-18 01:03:24.829,106901.19,0.0002,21.380238000000002
2025-10-18 01:03:25.056,106901.2,0.00148,158.213776
2025-10-18 01:03:25.113,106901.2,6e-05,6.414072
2025-10-18 01:03:25.833,106901.2,0.00025,26.7253
2025-10-18 01:03:25.847,106901.2,9e-05,9.621108
2025-10-18 01:03:26.195,106901.19,7e-05,7.4830833
2025-10-18 01:03:26.510,106901.19,0.0077,823.139163
2025-10-18 01:03:27.402,106901.2,0.24468,26156.585616
2025-10-18 01:03:27.404,106901.2,0.0001,10.69012
2025-10-18 01:03:27.405,106901.2,0.17311,18505.666732
2025-10-18 01:03:27.406,106901.2,0.01933,2066.400196
2025-10-18 01:03:27.407,106901.2,0.07782,8319.051384
2025-10-18 01:03:27.408,106901.2,0.02225,2378.5517
2025-10-18 01:03:27.409,106901.2,0.05089,5440.202068
2025-10-18 01:03:27.410,106901.2,0.24865,26580.98338
2025-10-18 01:03:27.411,106901.2,0.01981,2117.712772
2025-10-18 01:03:27.412,106901.2,0.23387,25000.983644
2025-10-18 01:03:27.413,106901.2,0.0144,1539.37728
2025-10-18 01:03:27.419,106901.2,0.1915,20471.5798
2025-10-18 01:03:27.421,106901.2,0.56641,60549.908692
2025-10-18 01:03:27.425,106901.21,0.00025,26.7253025
2025-10-18 01:03:27.439,106901.21,0.0007,74.830847
2025-10-18 01:03:27.441,106901.31,0.0002,21.380262000000002
2025-10-18 01:03:27.445,106901.82,0.00015,16.035273
2025-10-18 01:03:27.446,106901.99,7e-05,7.4831392999999995
2025-10-18 01:03:27.458,106902.0,0.0019,203.1138
2025-10-18 01:03:27.498,106902.62,0.0001,10.690262
2025-10-18 01:03:27.522,106903.34,5e-05,5.345167
2025-10-18 01:03:27.577,106909.09,0.00033,35.2799997
2025-10-18 01:03:27.903,106912.0,0.04882,5219.44384
2025-10-18 01:03:28.003,106911.99,9e-05,9.6220791
2025-10-18 01:03:28.048,106912.0,0.00093,99.42816
2025-10-18 01:03:28.615,106911.99,0.00679,725.9324121000001
2025-10-18 01:03:28.647,106911.99,0.02264,2420.4874536
2025-10-18 01:03:29.068,106912.0,0.00205,219.16960000000003
2025-10-18 01:03:29.146,106912.01,0.0013,138.985613
2025-10-18 01:03:29.334,106912.55,0.00084,89.80654200000001
2025-10-18 01:03:29.551,106912.55,0.00044,47.041522
2025-10-18 01:03:29.796,106912.55,4e-05,4.276502000000001
2025-10-18 01:03:30.210,106912.55,0.00011,11.7603805
2025-10-18 01:03:30.267,106912.54,0.0003,32.073761999999995
2025-10-18 01:03:30.427,106912.55,0.00019,20.3133845
2025-10-18 01:03:30.563,106912.54,0.00684,731.2817736
2025-10-18 01:03:30.747,106912.55,0.00869,929.0700595
2025-10-18 01:03:30.885,106912.54,0.007,748.38778
2025-10-18 01:03:30.914,106912.55,0.00112,119.74205599999999
2025-10-18 01:03:31.202,106912.55,0.00047,50.2488985
2025-10-18 01:03:31.245,106912.55,0.0006,64.14752999999999
2025-10-18 01:03:31.553,106912.55,0.00055,58.801902500000004
2025-10-18 01:03:31.874,106912.55,0.00124,132.571562
2025-10-18 01:03:32.224,106912.55,0.00093,99.42867150000001
2025-10-18 01:03:32.339,106912.55,0.00428,457.585714
2025-10-18 01:03:32.342,106912.56,0.0008,85.53004800000001
2025-10-18 01:03:32.343,106912.56,0.06729,7194.1461624
2025-10-18 01:03:32.345,106913.52,0.0002,21.382704
2025-10-18 01:03:32.347,106914.0,0.0001,10.6914
2025-10-18 01:03:32.350,106915.05,5e-05,5.345752500000001
2025-10-18 01:03:32.351,106915.72,0.00033,35.2821876
2025-10-18 01:03:32.352,106915.94,0.00846,904.5088524
2025-10-18 01:03:32.354,106915.94,0.00642,686.4003348000001
2025-10-18 01:03:32.356,106915.94,0.23684,25321.9712296
2025-10-18 01:03:32.358,106915.94,0.17602,18819.3437588
2025-10-18 01:03:32.376,106915.94,0.00084,89.8093896
2025-10-18 01:03:33.718,106915.94,0.00188,201.0019672
2025-10-18 01:03:33.892,106915.93,8e-05,8.5532744
2025-10-18 01:03:34.397,106915.94,0.00115,122.953331
2025-10-18 01:03:35.827,106915.94,0.00087,93.0168678
2025-10-18 01:03:36.026,106915.93,0.00121,129.3682753
2025-10-18 01:03:36.388,106915.94,0.00054,57.734607600000004
2025-10-18 01:03:36.584,106915.93,8e-05,8.5532744
2025-10-18 01:03:36.878,106915.93,0.012,1282.99116
2025-10-18 01:03:36.879,106915.93,0.012,1282.99116
2025-10-18 01:03:36.880,106915.93,0.012,1282.99116
2025-10-18 01:03:37.255,106915.94,0.00495,529.233903
2025-10-18 01:03:37.712,106915.93,0.00064,68.4261952
2025-10-18 01:03:37.819,106915.93,0.0001,10.691593
2025-10-18 01:03:37.880,106915.94,0.00013,13.899072199999999
2025-10-18 01:03:38.689,106915.94,0.00083,88.7402302
2025-10-18 01:03:38.820,106915.94,0.00244,260.8748936
2025-10-18 01:03:39.084,106915.94,0.00042,44.9046948
2025-10-18 01:03:39.432,106915.93,0.00047,50.250487099999994
2025-10-18 01:03:39.732,106915.94,0.00019,20.3140286
2025-10-18 01:03:40.769,106915.94,0.01818,1943.7317892000003
2025-10-18 01:03:40.811,106915.93,0.0007,74.841151
2025-10-18 01:03:41.412,106915.94,0.00067,71.63367980000001
2025-10-18 01:03:42.286,106915.94,0.00018,19.2448692
2025-10-18 01:03:42.981,106915.93,9e-05,9.6224337
2025-10-18 01:03:43.300,106915.94,0.00012,12.8299128
2025-10-18 01:03:44.351,106915.94,0.00363,388.1048622
2025-10-18 01:03:45.266,106915.94,0.00239,255.52909660000003
2025-10-18 01:03:45.547,106915.93,0.00098,104.77761139999998
2025-10-18 01:03:45.964,106915.94,0.00262,280.1197628
2025-10-18 01:03:47.019,106915.94,4e-05,4.276637600000001
2025-10-18 01:03:47.343,106915.93,0.00399,426.59456069999993
2025-10-18 01:03:47.708,106915.94,0.00935,999.6640390000001
2025-10-18 01:03:48.215,106915.94,0.00036,38.4897384
2025-10-18 01:03:48.290,106915.94,0.00748,799.7312312
2025-10-18 01:03:48.577,106915.94,7e-05,7.4841158
2025-10-18 01:03:49.787,106915.93,0.00047,50.250487099999994
2025-10-18 01:03:49.952,106915.94,0.00011,11.7607534
2025-10-18 01:03:50.563,106915.93,0.00239,255.5290727
2025-10-18 01:03:50.857,106915.94,5e-05,5.345797
2025-10-18 01:03:52.519,106915.93,0.00138,147.54398339999997
2025-10-18 01:03:52.551,106915.94,0.02706,2893.1453364000004
2025-10-18 01:03:53.784,106915.93,0.00247,264.0823471
2025-10-18 01:03:54.339,106915.94,0.00037,39.5588978
2025-10-18 01:03:54.420,106915.94,0.00052,55.596288799999996
2025-10-18 01:03:54.585,106915.94,0.00086,91.9477084
2025-10-18 01:03:54.600,106915.94,0.0654,6992.302476
2025-10-18 01:03:54.664,106915.95,0.00032,34.213104
2025-10-18 01:03:55.083,106915.94,0.00313,334.6468922
2025-10-18 01:03:55.490,106915.95,0.00029,31.0056255
2025-10-18 01:03:57.900,106915.95,0.00032,34.213104
2025-10-18 01:03:58.278,106915.95,0.00019,20.3140305
2025-10-18 01:03:59.570,106915.94,0.00162,173.20382279999998
2025-10-18 01:04:00.382,106915.94,9e-05,9.6224346
2025-10-18 01:04:00.910,106915.94,0.00054,57.734607600000004
2025-10-18 01:04:01.023,106915.95,0.00015,16.0373925
2025-10-18 01:04:01.310,106915.94,0.00047,50.2504918
2025-10-18 01:04:01.577,106915.94,0.012,1282.99128
2025-10-18 01:04:01.578,106915.94,0.012,1282.99128
2025-10-18 01:04:01.580,106915.94,0.012,1282.99128
2025-10-18 01:04:01.582,106915.94,9e-05,9.6224346
2025-10-18 01:04:01.740,106915.95,0.00386,412.695567
2025-10-18 01:04:02.192,106915.94,0.00014,14.9682316
2025-10-18 01:04:03.032,106915.94,0.00026,27.798144399999998
2025-10-18 01:04:03.624,106915.95,0.00018,19.244871
2025-10-18 01:04:04.020,106915.95,6e-05,6.414957
2025-10-18 01:04:04.113,106915.95,8e-05,8.553276
2025-10-18 01:04:04.208,106915.95,0.00187,199.93282649999998
2025-10-18 01:04:05.019,106915.95,0.0001,10.691595
2025-10-18 01:04:06.121,106915.95,9e-05,9.6224355
2025-10-18 01:04:07.103,106915.95,0.12762,13644.613539
2025-10-18 01:04:07.771,106915.95,0.03039,3249.1757205
2025-10-18 01:04:07.991,106915.94,0.005,534.5797
2025-10-18 01:04:09.280,106915.94,0.00021,22.4523474
2025-10-18 01:04:10.805,106915.94,0.0014,149.68231600000001
2025-10-18 01:04:10.967,106915.95,0.00024,25.659828
2025-10-18 01:04:11.051,106915.95,0.00748,799.7313059999999
2025-10-18 01:04:11.416,106915.94,0.05194,5553.2139236
2025-10-18 01:04:11.773,106915.95,0.00047,50.2504965
2025-10-18 01:04:12.139,106915.95,0.09914,10599.647283
2025-10-18 01:04:12.264,106915.95,8e-05,8.553276
2025-10-18 01:04:13.554,106915.95,0.01403,1500.0307785
2025-10-18 01:04:13.961,106915.94,0.0017,181.75709799999998
2025-10-18 01:04:14.153,106915.95,4e-05,4.276638
2025-10-18 01:04:14.342,106915.95,0.00024,25.659828
2025-10-18 01:04:14.494,106915.94,0.00018,19.2448692
2025-10-18 01:04:14.537,106915.95,0.00937,1001.8024515
2025-10-18 01:04:15.339,106915.95,0.00076,81.256122
2025-10-18 01:04:15.345,106915.95,0.00017,18.175711500000002
2025-10-18 01:04:15.396,106915.94,6e-05,6.4149564
2025-10-18 01:04:15.832,106915.95,0.0004,42.76638
2025-10-18 01:04:15.933,106915.94,0.00028,29.9364632
2025-10-18 01:04:16.275,106915.94,0.0014,149.68231600000001
2025-10-18 01:04:16.284,106915.94,0.00083,88.7402302
2025-10-18 01:04:16.332,106915.95,0.00012,12.829914
2025-10-18 01:04:16.382,106915.95,0.0001,10.691595
2025-10-18 01:04:16.608,106915.94,0.00069,73.7719986
2025-10-18 01:04:16.618,106915.95,8e-05,8.553276
2025-10-18 01:04:16.625,106915.95,0.00936,1000.733292
2025-10-18 01:04:16.670,106915.95,0.00043,45.9738585
2025-10-18 01:04:16.717,106915.95,0.00024,25.659828
2025-10-18 01:04:16.929,106915.95,0.00012,12.829914
2025-10-18 01:04:17.518,106915.95,8e-05,8.553276
2025-10-18 01:04:17.519,106915.95,0.0001,10.691595
2025-10-18 01:04:17.524,106915.95,0.0001,10.691595
2025-10-18 01:04:17.617,106915.95,0.00468,500.366646
2025-10-18 01:04:17.982,106915.95,7e-05,7.484116499999999
2025-10-18 01:04:18.412,106915.95,0.00019,20.3140305
2025-10-18 01:04:18.499,106915.95,6e-05,6.414957
2025-10-18 01:04:18.575,106915.95,7e-05,7.484116499999999
2025-10-18 01:04:18.618,106915.95,0.00019,20.3140305
2025-10-18 01:04:18.625,106915.95,0.00019,20.3140305
2025-10-18 01:04:18.861,106915.95,0.0001,10.691595
2025-10-18 01:04:18.891,106915.95,0.0023,245.90668499999998
2025-10-18 01:04:19.947,106915.95,0.00191,204.2094645
2025-10-18 01:04:20.050,106915.95,0.00062,66.28788899999999
2025-10-18 01:04:20.150,106915.95,0.00371,396.65817450000003
2025-10-18 01:04:20.239,106915.95,0.00029,31.0056255
2025-10-18 01:04:20.772,106915.95,0.00047,50.2504965
2025-10-18 01:04:20.841,106915.95,0.00037,39.5589015
2025-10-18 01:04:21.183,106915.95,0.0001,10.691595
2025-10-18 01:04:21.692,106915.95,0.00176,188.17207200000001
2025-10-18 01:04:21.749,106915.95,0.00431,460.80774449999996
2025-10-18 01:04:21.751,106917.89,7e-05,7.4842523
2025-10-18 01:04:21.754,106918.0,0.00325,347.4835
2025-10-18 01:04:21.786,106919.75,5e-05,5.345987500000001
2025-10-18 01:04:21.813,106920.0,0.00014,14.968799999999998
2025-10-18 01:04:22.568,106920.0,0.00037,39.5604
2025-10-18 01:04:23.046,106919.99,0.00371,396.6731629
2025-10-18 01:04:23.081,106920.0,0.01308,1398.5136
2025-10-18 01:04:23.171,106920.0,0.0014,149.688
2025-10-18 01:04:23.173,106920.0,0.01421,1519.3332
2025-10-18 01:04:23.175,106921.7,5e-05,5.346085
2025-10-18 01:04:23.343,106922.0,0.00019,20.31518
2025-10-18 01:04:23.902,106922.0,0.00032,34.21504
2025-10-18 01:04:24.412,106921.99,0.00023,24.5920577
2025-10-18 01:04:24.921,106921.99,0.00048,51.322555200000004
2025-10-18 01:04:25.084,106921.99,0.00336,359.2578864
2025-10-18 01:04:25.576,106921.99,0.00082,87.6760318
2025-10-18 01:04:25.789,106922.0,0.00012,12.83064
2025-10-18 01:04:26.672,106922.0,0.0001,10.6922
2025-10-18 01:04:26.807,106924.0,0.0028,299.3872
2025-10-18 01:04:26.810,106925.6,0.00015,16.03884
2025-10-18 01:04:26.812,106926.0,0.00295,315.4317
2025-10-18 01:04:26.819,106933.04,0.003,320.79911999999996
2025-10-18 01:04:26.855,106936.18,0.0514,5496.519652
2025-10-18 01:04:26.859,106936.17,0.00093,99.4506381
2025-10-18 01:04:27.027,106936.17,9e-05,9.6242553
2025-10-18 01:04:27.115,106936.18,0.0017,181.79150599999997
2025-10-18 01:04:27.183,106936.2,0.00017,18.179154
2025-10-18 01:04:27.220,106936.2,0.00268,286.589016
2025-10-18 01:04:27.316,106936.21,0.00106,113.3523826
2025-10-18 01:04:27.392,106936.23,0.0002,21.387246
2025-10-18 01:04:27.394,106936.5,0.0003,32.080949999999994
2025-10-18 01:04:27.515,106945.19,0.00015,16.0417785
2025-10-18 01:04:27.522,106945.19,0.0013,139.028747
2025-10-18 01:04:27.911,106945.2,6e-05,6.416712
2025-10-18 01:04:28.304,106945.19,0.00787,841.6586453
2025-10-18 01:04:28.317,106945.2,0.00011,11.763972
2025-10-18 01:04:28.782,106945.19,0.0006,64.167114
2025-10-18 01:04:29.844,106945.2,0.00039,41.708628
2025-10-18 01:04:30.755,106945.19,0.00028,29.944653199999998
2025-10-18 01:04:31.345,106945.2,0.00013,13.902876
2025-10-18 01:04:31.671,106945.2,0.00041,43.847532
2025-10-18 01:04:31.859,106945.19,0.00102,109.0840938
2025-10-18 01:04:31.885,106945.2,0.00012,12.833424
2025-10-18 01:04:32.084,106945.2,0.00015,16.04178
2025-10-18 01:04:32.207,106945.19,0.00093,99.45902670000001
2025-10-18 01:04:32.480,106945.2,0.01214,1298.3147279999998
2025-10-18 01:04:32.642,106945.2,6e-05,6.416712
2025-10-18 01:04:33.100,106945.2,0.00927,991.382004
2025-10-18 01:04:33.536,106945.2,9e-05,9.625068
2025-10-18 01:04:33.574,106945.2,0.00827,884.4368039999999
2025-10-18 01:04:34.714,106945.2,0.00086,91.972872
2025-10-18 01:04:34.844,106945.2,0.00047,50.264244
2025-10-18 01:04:35.352,106945.2,6e-05,6.416712
2025-10-18 01:04:35.732,106945.19,0.00037,39.5697203
2025-10-18 01:04:36.125,106945.2,0.06175,6603.8661
2025-10-18 01:04:36.482,106945.2,0.00118,126.195336
2025-10-18 01:04:36.889,106945.2,0.00062,66.306024
2025-10-18 01:04:36.959,106945.19,0.00225,240.6266775
2025-10-18 01:04:37.088,106945.2,0.35781,38266.062012
2025-10-18 01:04:37.142,106945.2,0.07968,8521.393536
2025-10-18 01:04:37.143,106946.0,0.0028,299.4488
2025-10-18 01:04:37.145,106950.13,0.00431,460.95506029999996
2025-10-18 01:04:37.151,106951.21,0.0001,10.695121
2025-10-18 01:04:37.173,106953.56,0.00015,16.043034
2025-10-18 01:04:37.196,106953.99,0.06601,7060.0328799
2025-10-18 01:04:37.316,106960.75,6e-05,6.417645
2025-10-18 01:04:37.322,106962.84,0.00012,12.8355408
2025-10-18 01:04:37.392,106962.85,0.00017,18.183684500000002
2025-10-18 01:04:37.848,106962.85,0.0018,192.53313
2025-10-18 01:04:38.009,106962.84,0.00053,56.6903052
2025-10-18 01:04:38.484,106962.84,0.00035,37.436994
2025-10-18 01:04:39.085,106962.84,0.00028,29.949595199999997
2025-10-18 01:04:39.709,106962.85,0.00018,19.253313000000002
2025-10-18 01:04:40.112,106962.84,0.00195,208.57753799999998
2025-10-18 01:04:40.119,106962.85,0.0266,2845.21181
2025-10-18 01:04:40.120,106962.87,0.00025,26.7407175
2025-10-18 01:04:40.169,106962.87,0.0028,299.496036
2025-10-18 01:04:40.170,106963.55,0.00015,16.0445325
2025-10-18 01:04:40.515,106972.46,0.0001,10.697246000000002
2025-10-18 01:04:40.518,106974.99,6e-05,6.418499400000001
2025-10-18 01:04:40.543,106974.99,0.0009,96.277491
2025-10-18 01:04:40.663,106974.99,0.00202,216.08947980000002
2025-10-18 01:04:41.487,106974.98,0.00077,82.37073459999999
2025-10-18 01:04:41.576,106974.98,7e-05,7.4882485999999995
2025-10-18 01:04:41.881,106974.98,0.00047,50.2782406
2025-10-18 01:04:43.356,106974.98,0.00369,394.7376762
2025-10-18 01:04:43.360,106974.99,0.00041,43.8597459
2025-10-18 01:04:43.748,106974.98,0.00186,198.9734628
2025-10-18 01:04:44.037,106974.98,0.00013,13.906747399999999
2025-10-18 01:04:44.381,106974.98,7e-05,7.4882485999999995
2025-10-18 01:04:45.125,106978.14,6e-05,6.4186884
2025-10-18 01:04:45.372,106980.72,0.01506,1611.1296432000001
2025-10-18 01:04:45.549,106980.72,0.00934,999.1999248
2025-10-18 01:04:45.559,106980.72,0.01321,1413.2153111999999
2025-10-18 01:04:46.349,106980.72,0.0001,10.698072
2025-10-18 01:04:46.762,106980.72,0.00019,20.3263368
2025-10-18 01:04:47.999,106980.71,0.00518,554.1600778
2025-10-18 01:04:48.084,106980.72,0.0001,10.698072
2025-10-18 01:04:48.310,106980.71,0.012,1283.76852
2025-10-18 01:04:48.311,106980.71,0.012,1283.76852
2025-10-18 01:04:48.312,106980.71,0.012,1283.76852
2025-10-18 01:04:48.478,106980.71,0.012,1283.76852
2025-10-18 01:04:48.479,106980.69,0.0002,21.396138
2025-10-18 01:04:48.480,106980.6,0.0011,117.67866000000001
2025-10-18 01:04:48.481,106980.0,5e-05,5.349
2025-10-18 01:04:48.487,106976.85,0.0012,128.37222
2025-10-18 01:04:48.488,106974.98,0.012,1283.69976
2025-10-18 01:04:48.552,106974.98,0.1645,17597.38421
2025-10-18 01:04:48.562,106974.98,0.38262,40930.7668476
2025-10-18 01:04:48.563,106974.98,0.0084,898.5898319999999
2025-10-18 01:04:48.564,106974.98,0.03424,3662.8233152
2025-10-18 01:04:48.565,106974.98,0.05065,5418.2827369999995
2025-10-18 01:04:48.636,106974.79,0.0002,21.394958
2025-10-18 01:04:48.639,106974.52,0.02399,2566.3187348
2025-10-18 01:04:48.972,106974.53,0.06853,7330.9645408999995
2025-10-18 01:04:48.973,106974.53,0.01091,1167.0921223
2025-10-18 01:04:49.215,106967.25,6e-05,6.418035000000001
2025-10-18 01:04:49.270,106961.47,0.00381,407.5232007
2025-10-18 01:04:49.350,106961.47,9e-05,9.626532300000001
2025-10-18 01:04:49.370,106961.46,5e-05,5.348073
2025-10-18 01:04:50.102,106961.46,0.00011,11.765760600000002
2025-10-18 01:04:50.880,106961.46,0.00047,50.271886200000004
2025-10-18 01:04:50.983,106961.46,0.00073,78.0818658
2025-10-18 01:04:51.388,106961.47,0.19038,20363.3246586
2025-10-18 01:04:52.363,106961.47,0.00042,44.923817400000004
2025-10-18 01:04:54.269,106961.46,0.00406,434.26352760000003
2025-10-18 01:04:55.610,106961.46,5e-05,5.348073
2025-10-18 01:04:56.154,106961.46,0.1,10696.146
2025-10-18 01:04:56.965,106961.46,0.012,1283.53752
2025-10-18 01:04:56.967,106961.46,0.012,1283.53752
2025-10-18 01:04:56.968,106961.46,0.012,1283.53752
2025-10-18 01:04:57.116,106961.47,0.00028,29.949211599999998
2025-10-18 01:04:57.682,106961.46,0.00046,49.2022716
2025-10-18 01:04:58.443,106961.47,9e-05,9.626532300000001
2025-10-18 01:04:58.679,106961.46,0.00029,31.018823400000002
2025-10-18 01:04:59.460,106961.46,0.0001,10.696146
2025-10-18 01:04:59.707,106961.47,0.00414,442.8204858
2025-10-18 01:05:00.121,106961.47,0.00187,200.0179489
2025-10-18 01:05:01.278,106961.46,0.012,1283.53752
2025-10-18 01:05:01.279,106961.46,0.012,1283.53752
2025-10-18 01:05:01.379,106961.46,0.16508,17657.197816800002
2025-10-18 01:05:01.382,106960.76,0.0002,21.392152
2025-10-18 01:05:01.384,106960.0,0.01885,2016.196
2025-10-18 01:05:01.392,106960.0,0.0011,117.656
2025-10-18 01:05:01.403,106958.09,0.00015,16.0437135
2025-10-18 01:05:01.412,106958.08,0.00085,90.914368
2025-10-18 01:05:01.415,106955.05,0.00566,605.365583
2025-10-18 01:05:01.420,106954.0,5e-05,5.347700000000001
2025-10-18 01:05:01.432,106952.14,0.00609,651.3385326
2025-10-18 01:05:01.502,106952.07,0.0001,10.695207000000002
2025-10-18 01:05:01.536,106950.77,0.00016,17.112123200000003
2025-10-18 01:05:01.702,106950.77,0.00025,26.7376925
2025-10-18 01:05:01.856,106950.78,0.00014,14.973109199999998
2025-10-18 01:05:02.080,106950.77,0.00844,902.6644988
2025-10-18 01:05:02.082,106948.3,5e-05,5.347415000000001
2025-10-18 01:05:02.086,106947.75,0.00111,118.71200250000001
2025-10-18 01:05:02.115,106940.01,0.00015,16.041001499999997
2025-10-18 01:05:02.118,106935.45,6e-05,6.416127
2025-10-18 01:05:02.151,106931.76,0.0001,10.693176
2025-10-18 01:05:02.246,106929.4,6e-05,6.415764
2025-10-18 01:05:02.269,106929.4,6e-05,6.415764
2025-10-18 01:05:02.284,106929.4,6e-05,6.415764
2025-10-18 01:05:02.294,106929.4,6e-05,6.415764
2025-10-18 01:05:02.308,106929.4,6e-05,6.415764
2025-10-18 01:05:02.314,106929.4,6e-05,6.415764
2025-10-18 01:05:02.337,106929.4,6e-05,6.415764
2025-10-18 01:05:02.348,106929.4,6e-05,6.415764
2025-10-18 01:05:02.406,106929.4,6e-05,6.415764
2025-10-18 01:05:02.490,106929.4,0.0028,299.40232
2025-10-18 01:05:02.653,106929.4,0.0348,3721.1431199999997
2025-10-18 01:05:02.670,106936.65,0.00075,80.2024875
2025-10-18 01:05:02.774,106938.71,0.0001,10.693871000000001
2025-10-18 01:05:03.015,106941.56,0.0002,21.388312
2025-10-18 01:05:03.127,106942.31,0.00035,37.4298085
2025-10-18 01:05:03.153,106942.31,0.01048,1120.7554088
2025-10-18 01:05:03.422,106942.31,0.00935,999.9105985000001
2025-10-18 01:05:03.675,106942.31,0.00935,999.9105985000001
2025-10-18 01:05:03.810,106942.31,6e-05,6.4165386
2025-10-18 01:05:03.921,106942.31,0.00935,999.9105985000001
2025-10-18 01:05:04.158,106942.31,0.00935,999.9105985000001
2025-10-18 01:05:04.394,106942.31,0.00935,999.9105985000001
2025-10-18 01:05:04.483,106942.3,0.00105,112.28941499999999
2025-10-18 01:05:04.685,106942.3,0.00513,548.613999
2025-10-18 01:05:04.693,106942.31,0.00118,126.1919258
2025-10-18 01:05:04.951,106942.3,0.00047,50.262881
2025-10-18 01:05:05.800,106942.31,0.00047,50.2628857
2025-10-18 01:05:06.175,106942.3,0.00217,232.064791
2025-10-18 01:05:07.073,106942.3,0.00013,13.902498999999999
2025-10-18 01:05:07.553,106942.31,0.00303,324.0351993
2025-10-18 01:05:07.676,106942.31,0.00935,999.9105985000001
2025-10-18 01:05:07.933,106942.31,0.0001,10.694231
2025-10-18 01:05:08.124,106942.3,0.0001,10.694230000000001
2025-10-18 01:05:08.609,106942.31,0.00034,36.3603854
2025-10-18 01:05:10.487,106942.3,6e-05,6.416538
2025-10-18 01:05:10.495,106942.3,0.012,1283.3076
2025-10-18 01:05:10.496,106942.3,0.012,1283.3076
2025-10-18 01:05:10.762,106942.31,0.00202,216.0234662
2025-10-18 01:05:11.180,106942.31,0.00131,140.0944261
2025-10-18 01:05:11.577,106942.3,6e-05,6.416538
2025-10-18 01:05:11.686,106942.3,0.012,1283.3076
2025-10-18 01:05:12.292,106942.3,0.012,1283.3076
2025-10-18 01:05:12.397,106942.3,0.012,1283.3076
2025-10-18 01:05:12.574,106942.3,0.0002,21.388460000000002
2025-10-18 01:05:12.717,106942.3,0.0412,4406.02276
2025-10-18 01:05:12.718,106942.3,0.16377,17513.940471
2025-10-18 01:05:12.721,106939.81,5e-05,5.3469905
2025-10-18 01:05:12.724,106936.18,0.00015,16.040426999999998
2025-10-18 01:05:12.728,106928.82,5e-05,5.346441
2025-10-18 01:05:12.736,106923.44,0.012,1283.08128
2025-10-18 01:05:12.738,106923.44,0.012,1283.08128
2025-10-18 01:05:12.744,106922.96,0.012,1283.07552
2025-10-18 01:05:13.202,106922.96,0.00317,338.94578320000005
2025-10-18 01:05:13.587,106922.97,9e-05,9.6230673
2025-10-18 01:05:13.614,106922.96,0.09357,10004.781367200001
2025-10-18 01:05:13.715,106927.41,0.00015,16.0391115
2025-10-18 01:05:13.915,106927.42,0.00175,187.122985
2025-10-18 01:05:14.105,106933.19,0.0002,21.386638
2025-10-18 01:05:14.195,106935.52,5e-05,5.346776
2025-10-18 01:05:14.541,106936.15,0.09357,10006.0155555
2025-10-18 01:05:14.588,106936.16,8e-05,8.554892800000001
2025-10-18 01:05:14.693,106936.16,0.00019,20.3178704
2025-10-18 01:05:14.850,106936.15,0.00067,71.6472205
2025-10-18 01:05:15.237,106936.16,0.00049,52.3987184
2025-10-18 01:05:15.679,106936.15,0.09357,10006.0155555
2025-10-18 01:05:15.876,106936.16,0.00044,47.051910400000004
2025-10-18 01:05:16.385,106936.16,0.00964,1030.8645824
2025-10-18 01:05:16.506,106936.16,0.00046,49.190633600000005
2025-10-18 01:05:16.717,106936.15,0.09357,10006.0155555
2025-10-18 01:05:16.797,106936.16,0.00013,13.901700799999999
2025-10-18 01:05:17.415,106925.9,0.00015,16.038884999999997
2025-10-18 01:05:17.696,106926.0,0.00125,133.6575
2025-10-18 01:05:17.709,106931.17,0.0015,160.396755
2025-10-18 01:05:17.720,106931.54,0.00035,37.426038999999996
2025-10-18 01:05:17.738,106931.56,0.0002,21.386312
2025-10-18 01:05:17.764,106934.75,0.00213,227.7710175
2025-10-18 01:05:17.917,106936.15,0.09357,10006.0155555
2025-10-18 01:05:18.218,106936.16,0.00032,34.219571200000004
2025-10-18 01:05:18.935,106936.15,0.09357,10006.0155555
2025-10-18 01:05:18.953,106936.16,5e-05,5.346808
2025-10-18 01:05:19.862,106936.16,0.00037,39.5663792
2025-10-18 01:05:19.942,106936.16,0.00037,39.5663792
2025-10-18 01:05:19.971,106936.15,0.09357,10006.0155555
2025-10-18 01:05:20.038,106936.15,5e-05,5.3468075
2025-10-18 01:05:20.190,106940.88,5e-05,5.347044
2025-10-18 01:05:20.418,106941.85,0.00284,303.714854
2025-10-18 01:05:20.715,106941.86,0.00503,537.9175558
2025-10-18 01:05:20.916,106944.32,0.0002,21.388864
2025-10-18 01:05:20.919,106946.03,0.0002,21.389206
2025-10-18 01:05:20.948,106946.03,0.002,213.89206000000001
2025-10-18 01:05:21.083,106946.03,0.00822,879.0963666
2025-10-18 01:05:21.115,106949.42,0.00015,16.042413
2025-10-18 01:05:21.118,106949.53,0.09356,10006.1980268
2025-10-18 01:05:21.121,106951.44,0.00015,16.042716
2025-10-18 01:05:21.183,106951.45,0.028,2994.6406
2025-10-18 01:05:21.232,106951.44,0.00183,195.72113520000002
2025-10-18 01:05:21.282,106951.85,5e-05,5.3475925
2025-10-18 01:05:21.425,106952.13,0.0003,32.085639
2025-10-18 01:05:21.715,106953.09,0.0002,21.390618
2025-10-18 01:05:21.749,106953.2,0.0009,96.25788
2025-10-18 01:05:21.822,106955.72,0.0001,10.695572
2025-10-18 01:05:22.117,106957.48,0.09355,10005.872254
2025-10-18 01:05:22.420,106957.48,0.001,106.95748
2025-10-18 01:05:22.839,106957.49,0.02,2139.1498
2025-10-18 01:05:23.120,106957.48,0.09355,10005.872254
2025-10-18 01:05:23.198,106957.49,0.00014,14.9740486
2025-10-18 01:05:24.116,106957.48,0.09355,10005.872254
2025-10-18 01:05:24.480,106957.49,0.00011,11.7653239
2025-10-18 01:05:24.519,106957.49,0.00015,16.0436235
2025-10-18 01:05:25.163,106957.49,0.00149,159.36666010000002
2025-10-18 01:05:25.175,106957.48,0.00047,50.270015599999994
2025-10-18 01:05:25.348,106957.48,0.09355,10005.872254
2025-10-18 01:05:25.860,106957.49,0.00017,18.1827733
2025-10-18 01:05:26.012,106957.48,0.00022,23.5306456
2025-10-18 01:05:26.063,106957.49,0.00046,49.20044540000001
2025-10-18 01:05:26.386,106957.49,0.00017,18.1827733
2025-10-18 01:05:26.398,106957.49,0.00046,49.20044540000001
2025-10-18 01:05:26.515,106957.49,0.00285,304.82884650000005
2025-10-18 01:05:26.516,106957.48,0.09355,10005.872254
2025-10-18 01:05:26.788,106957.49,0.00047,50.2700203
2025-10-18 01:05:26.875,106957.48,0.012,1283.48976
2025-10-18 01:05:26.876,106957.48,0.012,1283.48976
2025-10-18 01:05:26.877,106957.48,0.012,1283.48976
2025-10-18 01:05:27.523,106957.48,0.09355,10005.872254
2025-10-18 01:05:27.895,106957.48,0.0056,598.9618879999999
2025-10-18 01:05:27.898,106957.48,0.32906,35195.4283688
2025-10-18 01:05:27.900,106957.48,0.012,1283.48976
2025-10-18 01:05:27.901,106957.48,0.012,1283.48976
2025-10-18 01:05:27.902,106957.48,0.16866,18039.4485768
2025-10-18 01:05:27.904,106957.48,0.08374,8956.6193752
2025-10-18 01:05:27.905,106957.47,0.01007,1077.0617229000002
2025-10-18 01:05:27.907,106954.01,5e-05,5.3477005
2025-10-18 01:05:27.909,106951.28,5e-05,5.347564
2025-10-18 01:05:27.916,106951.24,0.00085,90.908554
2025-10-18 01:05:28.018,106945.85,0.00015,16.0418775
2025-10-18 01:05:28.117,106945.84,0.001,106.94584
2025-10-18 01:05:28.119,106945.84,0.001,106.94584
2025-10-18 01:05:28.515,106945.84,0.00388,414.9498592
2025-10-18 01:05:28.607,106942.41,0.012,1283.3089200000002
2025-10-18 01:05:28.610,106942.41,0.012,1283.3089200000002
2025-10-18 01:05:28.613,106942.41,0.00345,368.9513145
2025-10-18 01:05:29.508,106942.42,0.00039,41.707543799999996
2025-10-18 01:05:29.576,106942.41,0.00865,925.0518465
2025-10-18 01:05:29.617,106942.41,0.09356,10005.531879600001
2025-10-18 01:05:30.562,106942.42,0.00017,18.1802114
2025-10-18 01:05:30.635,106942.41,0.09356,10005.531879600001
2025-10-18 01:05:30.865,106942.41,0.00395,422.4225195000001
2025-10-18 01:05:31.581,106942.41,7e-05,7.4859687
2025-10-18 01:05:31.717,106942.41,0.09356,10005.531879600001
2025-10-18 01:05:31.918,106942.42,0.02597,2777.2946474
2025-10-18 01:05:31.942,106942.42,0.00077,82.34566339999999
2025-10-18 01:05:32.113,106942.42,0.00018,19.2496356
2025-10-18 01:05:32.294,106942.42,0.00074,79.13739079999999
2025-10-18 01:05:32.548,106942.42,0.00114,121.91435879999999
2025-10-18 01:05:32.703,106942.41,0.09356,10005.531879600001
2025-10-18 01:05:33.369,106942.42,8e-05,8.5553936
2025-10-18 01:05:33.632,106942.41,0.09356,10005.531879600001
2025-10-18 01:05:34.452,106942.42,7e-05,7.485969399999999
2025-10-18 01:05:34.619,106942.41,0.09356,10005.531879600001
2025-10-18 01:05:35.110,106942.42,0.00073,78.06796659999999
2025-10-18 01:05:35.817,106942.41,0.09356,10005.531879600001
2025-10-18 01:05:35.850,106942.41,3.3073,353690.632593
2025-10-18 01:05:35.907,106942.4,0.00047,50.262927999999995
2025-10-18 01:05:36.154,106942.41,0.01212,1296.1420092
2025-10-18 01:05:36.511,106942.41,0.00053,56.6794773
2025-10-18 01:05:36.943,106942.41,0.01871,2000.8924911000001
2025-10-18 01:05:36.951,106942.4,0.09356,10005.530944
2025-10-18 01:05:37.385,106942.4,0.0001,10.69424
2025-10-18 01:05:37.565,106942.41,0.0014,149.71937400000002
2025-10-18 01:05:37.919,106942.4,0.05808,6211.214591999999
2025-10-18 01:05:38.016,106942.4,0.09356,10005.530944
2025-10-18 01:05:38.111,106942.41,0.016,1711.0785600000002
2025-10-18 01:05:38.147,106942.41,0.012,1283.3089200000002
2025-10-18 01:05:39.117,106942.4,0.09356,10005.530944
2025-10-18 01:05:39.564,106942.41,0.00088,94.1093208
2025-10-18 01:05:40.216,106942.4,0.09356,10005.530944
2025-10-18 01:05:40.976,106942.41,0.00017,18.180209700000002
2025-10-18 01:05:41.013,106942.41,0.00014,14.9719374
2025-10-18 01:05:41.210,106942.4,0.00988,1056.590912
2025-10-18 01:05:41.253,106942.41,0.00013,13.902513299999999
2025-10-18 01:05:41.255,106940.89,5e-05,5.3470445
2025-10-18 01:05:41.257,106936.15,0.01544,1651.0941559999999
2025-10-18 01:05:41.275,106934.17,0.00442,472.6490314
2025-10-18 01:05:41.277,106934.17,0.012,1283.21004
2025-10-18 01:05:41.278,106934.17,0.012,1283.21004
2025-10-18 01:05:41.587,106934.1,0.0001,10.693410000000002
2025-10-18 01:05:41.592,106932.18,0.01065,1138.827717
2025-10-18 01:05:41.593,106932.18,0.00726,776.3276268
2025-10-18 01:05:41.594,106932.18,0.012,1283.18616
2025-10-18 01:05:41.596,106932.18,0.00487,520.7597165999999
2025-10-18 01:05:41.908,106930.51,0.012,1283.1661199999999
2025-10-18 01:05:41.909,106930.51,0.012,1283.1661199999999
2025-10-18 01:05:41.961,106930.51,0.00012,12.8316612
2025-10-18 01:05:42.209,106930.51,0.012,1283.1661199999999
2025-10-18 01:05:42.217,106930.51,0.09357,10005.4878207
2025-10-18 01:05:42.224,106930.51,5e-05,5.3465255
2025-10-18 01:05:42.331,106930.51,0.00069,73.7820519
2025-10-18 01:05:42.489,106930.51,8e-05,8.5544408
2025-10-18 01:05:43.047,106930.51,0.00031,33.1484581
2025-10-18 01:05:43.217,106930.51,0.09357,10005.4878207
2025-10-18 01:05:43.244,106930.52,0.00056,59.8810912
2025-10-18 01:05:43.349,106930.51,0.012,1283.1661199999999
2025-10-18 01:05:43.421,106930.52,0.00018,19.247493600000002
2025-10-18 01:05:43.508,106930.52,0.0008,85.54441600000001
2025-10-18 01:05:43.526,106930.51,0.00149,159.3264599
2025-10-18 01:05:43.979,106930.51,5e-05,5.3465255
2025-10-18 01:05:44.078,106930.52,0.00014,14.9702728
2025-10-18 01:05:44.217,106930.51,0.09357,10005.4878207
2025-10-18 01:05:44.388,106930.52,0.00598,639.4445096000001
2025-10-18 01:05:44.691,106930.52,0.00163,174.2967476
2025-10-18 01:05:45.247,106930.52,0.00054,57.7424808
2025-10-18 01:05:45.292,106930.51,0.012,1283.1661199999999
2025-10-18 01:05:45.417,106930.51,0.09357,10005.4878207
2025-10-18 01:05:45.579,106930.51,7e-05,7.485135699999999
2025-10-18 01:05:45.810,106930.52,0.028,2994.05456
2025-10-18 01:05:45.833,106930.52,0.00196,209.5838192
2025-10-18 01:05:45.886,106930.52,0.00667,713.2265684
2025-10-18 01:05:46.415,106937.79,0.00108,115.4928132
2025-10-18 01:05:46.423,106941.2,0.09357,10006.488084
2025-10-18 01:05:46.488,106941.21,0.00187,199.9800627
2025-10-18 01:05:46.715,106944.88,0.003,320.83464000000004
2025-10-18 01:05:46.839,106946.78,0.00018,19.2504204
2025-10-18 01:05:47.402,106946.77,0.09356,10005.9398012
2025-10-18 01:05:48.115,106950.28,0.0001,10.695028
2025-10-18 01:05:48.170,106953.48,0.00174,186.09905519999998
2025-10-18 01:05:48.416,106953.47,0.09355,10005.4971185
2025-10-18 01:05:48.573,106953.48,0.04026,4305.9471048
2025-10-18 01:05:48.648,106953.47,0.00411,439.5787617
2025-10-18 01:05:48.818,106953.48,0.00934,998.9455031999998
2025-10-18 01:05:48.848,106953.48,0.00024,25.6688352
2025-10-18 01:05:49.620,106953.47,0.09355,10005.4971185
2025-10-18 01:05:50.032,106953.48,6e-05,6.4172088
2025-10-18 01:05:50.436,106953.47,0.001,106.95347000000001
2025-10-18 01:05:50.717,106953.47,0.09355,10005.4971185
2025-10-18 01:05:50.957,106953.47,0.04688,5013.9786736
2025-10-18 01:05:51.225,106953.47,0.0006,64.17208199999999
2025-10-18 01:05:51.585,106953.48,8e-05,8.5562784
2025-10-18 01:05:51.825,106953.46,0.01192,1274.8852432
2025-10-18 01:05:51.911,106953.47,0.00065,69.5197555
2025-10-18 01:05:51.915,106953.46,0.03665,3919.8443090000005
2025-10-18 01:05:52.017,106947.54,0.09355,10004.942367
2025-10-18 01:05:52.032,106947.55,0.00096,102.66964800000001
2025-10-18 01:05:52.416,106947.54,0.00093,99.4612122
2025-10-18 01:05:52.536,106947.54,5e-05,5.347377
2025-10-18 01:05:52.913,106947.54,6e-05,6.4168524
2025-10-18 01:05:52.939,106947.54,5e-05,5.347377
2025-10-18 01:05:52.991,106947.54,0.09355,10004.942367
2025-10-18 01:05:53.524,106947.55,0.0006,64.16852999999999
2025-10-18 01:05:53.966,106947.55,0.13132,14044.352266
2025-10-18 01:05:53.975,106947.54,0.09355,10004.942367
2025-10-18 01:05:54.362,106947.54,7e-05,7.486327799999999
2025-10-18 01:05:54.609,106947.54,0.00809,865.2055985999999
2025-10-18 01:05:54.610,106947.4,0.00053,56.68212199999999
2025-10-18 01:05:54.617,106942.5,0.00345,368.951625
2025-10-18 01:05:54.917,106942.5,0.09356,10005.5403
2025-10-18 01:05:55.713,106942.51,0.00075,80.20688249999999
2025-10-18 01:05:55.763,106942.51,0.00057,60.9572307
2025-10-18 01:05:55.777,106942.51,0.0001,10.694251
2025-10-18 01:05:55.888,106942.5,0.09356,10005.5403
2025-10-18 01:05:56.120,106942.5,8e-05,8.5554
2025-10-18 01:05:56.213,106942.5,0.00275,294.09187499999996
2025-10-18 01:05:56.775,106942.5,0.0001,10.69425
2025-10-18 01:05:56.847,106942.5,0.01132,1210.5891
2025-10-18 01:05:57.117,106942.5,0.09356,10005.5403
2025-10-18 01:05:57.688,106942.5,0.00023,24.596775
2025-10-18 01:05:58.067,106942.5,0.09356,10005.5403
2025-10-18 01:05:58.458,106942.5,9e-05,9.624825000000001
2025-10-18 01:05:58.625,106942.5,0.00328,350.77139999999997
2025-10-18 01:05:58.683,106942.5,0.00117,125.122725
2025-10-18 01:05:58.953,106942.5,0.18794,20098.77345
2025-10-18 01:05:58.956,106936.75,0.00015,16.0405125
2025-10-18 01:05:58.966,106935.21,0.00015,16.0402815
2025-10-18 01:05:58.970,106932.56,5e-05,5.346628
2025-10-18 01:05:58.976,106930.52,0.012,1283.16624
2025-10-18 01:05:59.030,106930.52,0.00082,87.6830264
2025-10-18 01:05:59.117,106930.52,0.09357,10005.4887564
2025-10-18 01:05:59.212,106930.53,0.00054,57.7424862
2025-10-18 01:05:59.267,106930.52,0.00116,124.03940320000001
2025-10-18 01:05:59.659,106930.52,8e-05,8.5544416
2025-10-18 01:05:59.829,106930.52,0.00188,201.0293776
2025-10-18 01:06:00.148,106930.51,0.00078,83.40579779999999
2025-10-18 01:06:00.287,106922.0,0.00051,54.53022000000001
2025-10-18 01:06:00.587,106922.01,7e-05,7.484540699999999
2025-10-18 01:06:00.831,106922.01,7e-05,7.484540699999999
2025-10-18 01:06:01.336,106922.01,0.00013,13.899861299999998
2025-10-18 01:06:01.417,106922.0,0.09358,10005.76076
2025-10-18 01:06:01.581,106922.0,8e-05,8.55376
2025-10-18 01:06:02.417,106922.0,0.09358,10005.76076
2025-10-18 01:06:02.603,106922.01,0.0006,64.153206
2025-10-18 01:06:02.938,106922.01,0.00021,22.4536221
2025-10-18 01:06:03.320,106922.0,0.012,1283.064
2025-10-18 01:06:03.381,106922.0,0.02843,3039.79246
2025-10-18 01:06:03.382,106919.99,0.0001,10.691999000000001
2025-10-18 01:06:03.385,106919.43,5e-05,5.3459715
2025-10-18 01:06:03.387,106918.5,6e-05,6.41511
2025-10-18 01:06:03.395,106918.0,0.012,1283.016
2025-10-18 01:06:03.414,106918.0,0.012,1283.016
2025-10-18 01:06:03.443,106918.0,0.1207,12905.0026
2025-10-18 01:06:03.444,106915.93,0.0001,10.691593
2025-10-18 01:06:03.449,106915.71,0.00093,99.43161030000002
2025-10-18 01:06:03.479,106915.59,0.00745,796.5211455
2025-10-18 01:06:03.484,106915.58,0.00104,111.1922032
2025-10-18 01:06:03.487,106915.57,0.00105,112.2613485
2025-10-18 01:06:03.492,106914.68,0.00405,433.00445399999995
2025-10-18 01:06:03.493,106914.04,5e-05,5.345702
2025-10-18 01:06:03.496,106909.61,0.0001,10.690961
2025-10-18 01:06:03.655,106907.15,0.00254,271.544161
2025-10-18 01:06:03.793,106907.12,0.0002,21.381424
2025-10-18 01:06:03.821,106906.0,0.0038,406.2428
2025-10-18 01:06:03.828,106902.25,6e-05,6.414135
2025-10-18 01:06:03.829,106900.13,0.012,1282.80156
2025-10-18 01:06:03.832,106900.13,0.00705,753.6459165
2025-10-18 01:06:04.071,106900.13,0.00059,63.071076700000006
2025-10-18 01:06:04.080,106900.14,0.00022,23.518030800000002
2025-10-18 01:06:04.541,106900.13,0.09359,10004.783166700001
2025-10-18 01:06:04.547,106900.13,0.012,1282.80156
2025-10-18 01:06:04.549,106900.13,0.012,1282.80156
2025-10-18 01:06:05.037,106900.13,9e-05,9.6210117
2025-10-18 01:06:05.110,106900.13,0.012,1282.80156
2025-10-18 01:06:05.111,106900.13,0.012,1282.80156
2025-10-18 01:06:05.112,106900.13,0.012,1282.80156
2025-10-18 01:06:05.158,106900.14,0.00032,34.2080448
2025-10-18 01:06:05.208,106900.13,0.00421,450.04954730000003
2025-10-18 01:06:05.210,106899.0,0.00021,22.448790000000002
2025-10-18 01:06:05.211,106896.6,0.00011,11.758626000000001
2025-10-18 01:06:05.212,106896.6,9e-05,9.620694
2025-10-18 01:06:05.274,106896.36,0.019,2031.03084
2025-10-18 01:06:05.275,106893.99,0.0002,21.378798000000003
2025-10-18 01:06:05.279,106893.76,0.04966,5308.3441216
2025-10-18 01:06:05.281,106893.76,0.00186,198.8223936
2025-10-18 01:06:05.283,106891.2,5e-05,5.34456
2025-10-18 01:06:05.381,106886.0,0.00286,305.69396
2025-10-18 01:06:05.673,106884.0,0.09361,10005.41124
2025-10-18 01:06:05.783,106884.0,0.00187,199.87308
2025-10-18 01:06:06.136,106884.0,0.00364,389.05776
2025-10-18 01:06:06.280,106884.01,0.00048,51.304324799999996
2025-10-18 01:06:06.575,106884.01,0.0006,64.130406
2025-10-18 01:06:06.817,106884.0,0.09361,10005.41124
2025-10-18 01:06:06.891,106884.0,0.00086,91.92023999999999
2025-10-18 01:06:07.034,106884.01,0.012,1282.6081199999999
2025-10-18 01:06:07.575,106884.01,0.00253,270.4165453
2025-10-18 01:06:07.629,106884.01,0.03638,3888.4402838
2025-10-18 01:06:07.833,106884.0,0.00152,162.46368
2025-10-18 01:06:07.837,106884.0,0.09361,10005.41124
2025-10-18 01:06:08.293,106884.01,0.00216,230.8694616
2025-10-18 01:06:08.321,106884.0,0.00019,20.30796
2025-10-18 01:06:08.816,106884.0,0.09361,10005.41124
2025-10-18 01:06:09.817,106884.0,0.09361,10005.41124
2025-10-18 01:06:10.882,106884.01,0.00018,19.2391218
2025-10-18 01:06:11.116,106884.0,0.09361,10005.41124
2025-10-18 01:06:11.246,106884.01,0.02592,2770.4335392
2025-10-18 01:06:11.859,106884.0,0.00024,25.652160000000002
2025-10-18 01:06:12.216,106884.0,0.09361,10005.41124
2025-10-18 01:06:12.826,106884.0,0.028,2992.752
2025-10-18 01:06:12.871,106884.0,0.01352,1445.07168
2025-10-18 01:06:13.131,106884.0,0.09361,10005.41124
2025-10-18 01:06:13.532,106884.01,0.00087,92.9890887
2025-10-18 01:06:13.746,106884.01,0.25701,27470.2594101
2025-10-18 01:06:13.747,106884.01,0.3271,34961.759671
2025-10-18 01:06:13.748,106884.01,0.01423,1520.9594622999998
2025-10-18 01:06:13.749,106884.01,0.0228,2436.9554279999998
2025-10-18 01:06:13.750,106884.01,0.0007,74.81880699999999
2025-10-18 01:06:13.751,106884.01,0.12712,13587.0953512
2025-10-18 01:06:13.752,106886.19,5e-05,5.3443095000000005
2025-10-18 01:06:13.759,106888.0,0.00025,26.722
2025-10-18 01:06:13.805,106889.02,0.0001,10.688902
2025-10-18 01:06:13.811,106889.35,0.0014,149.64509
2025-10-18 01:06:13.814,106894.0,0.0002,21.378800000000002
2025-10-18 01:06:14.317,106896.96,0.0936,10005.555456
2025-10-18 01:06:14.461,106896.96,0.0007,74.827872
2025-10-18 01:06:14.915,106902.62,0.0001,10.690262
2025-10-18 01:06:14.919,106909.31,6e-05,6.4145586
2025-10-18 01:06:15.417,106909.3,0.0936,10006.71048
2025-10-18 01:06:15.732,106909.3,0.0002,21.381860000000003
2025-10-18 01:06:15.733,106909.31,0.00077,82.3201687
2025-10-18 01:06:15.858,106909.3,0.4048,43276.884640000004
2025-10-18 01:06:15.859,106909.3,0.1103,11792.09579
2025-10-18 01:06:15.860,106909.3,0.10138,10838.464834
2025-10-18 01:06:15.864,106908.33,0.00045,48.1087485
2025-10-18 01:06:15.979,106902.31,0.00015,16.0353465
2025-10-18 01:06:16.196,106902.31,0.08731,9333.6406861
2025-10-18 01:06:16.256,106902.31,0.00081,86.59087109999999
2025-10-18 01:06:16.289,106902.31,0.04987,5331.2181997
2025-10-18 01:06:16.416,106902.3,0.09359,10004.986257
2025-10-18 01:06:16.458,106902.31,0.01011,1080.7823540999998
2025-10-18 01:06:16.467,106896.91,5e-05,5.344845500000001
2025-10-18 01:06:16.613,106895.94,0.00656,701.2373664
2025-10-18 01:06:17.182,106895.94,0.00059,63.06860460000001
2025-10-18 01:06:17.314,106895.94,9e-05,9.6206346
2025-10-18 01:06:17.369,106895.94,0.00468,500.2729992
2025-10-18 01:06:17.370,106895.94,0.0001,10.689594000000001
2025-10-18 01:06:17.409,106895.93,0.0936,10005.459047999999
2025-10-18 01:06:17.509,106895.94,7e-05,7.482715799999999
2025-10-18 01:06:17.517,106895.94,0.00015,16.034391
2025-10-18 01:06:17.721,106895.94,8e-05,8.5516752
2025-10-18 01:06:17.915,106902.62,5e-05,5.345131
2025-10-18 01:06:18.489,106906.62,0.0936,10006.459632
2025-10-18 01:06:18.915,106912.0,6e-05,6.41472
2025-10-18 01:06:18.981,106914.55,0.0001,10.691455000000001
2025-10-18 01:06:19.069,106914.55,0.0001,10.691455000000001
2025-10-18 01:06:19.118,106914.55,0.00281,300.4298855
2025-10-18 01:06:19.418,106914.55,0.0001,10.691455000000001
2025-10-18 01:06:19.526,106914.54,0.09359,10006.1317986
2025-10-18 01:06:19.603,106914.55,0.00017,18.175473500000003
2025-10-18 01:06:19.802,106914.55,0.00092,98.36138600000001
2025-10-18 01:06:19.849,106914.55,0.00414,442.62623699999995
2025-10-18 01:06:20.078,106914.55,0.0013,138.988915
2025-10-18 01:06:20.202,106914.55,0.04989,5333.9668995
2025-10-18 01:06:20.466,106914.55,0.00029,31.005219500000003
2025-10-18 01:06:20.522,106914.55,0.0101,1079.836955
2025-10-18 01:06:20.556,106914.54,0.09359,10006.1317986
2025-10-18 01:06:21.531,106914.54,0.09359,10006.1317986
2025-10-18 01:06:21.897,106914.55,0.00092,98.36138600000001
2025-10-18 01:06:22.345,106914.55,0.00078,83.393349
2025-10-18 01:06:22.395,106914.55,0.00011,11.7606005
2025-10-18 01:06:22.616,106914.54,0.09358,10005.062653199999
2025-10-18 01:06:23.262,106914.55,0.00096,102.637968
2025-10-18 01:06:23.616,106914.54,0.09358,10005.062653199999
2025-10-18 01:06:23.753,106914.55,0.00935,999.6510425000001
2025-10-18 01:06:23.789,106914.55,0.00174,186.031317
2025-10-18 01:06:24.412,106914.55,0.00468,500.360094
2025-10-18 01:06:24.651,106914.54,0.09358,10005.062653199999
2025-10-18 01:06:25.243,106914.54,0.0002,21.382908
2025-10-18 01:06:25.389,106914.55,5e-05,5.345727500000001
2025-10-18 01:06:25.421,106914.54,0.012,1282.9744799999999
2025-10-18 01:06:25.483,106914.54,0.00011,11.7605994
2025-10-18 01:06:25.515,106914.54,0.11041,11804.434361399999
2025-10-18 01:06:25.681,106904.68,0.08177,8741.595683599999
2025-10-18 01:06:25.715,106904.68,0.012,1282.85616
2025-10-18 01:06:26.192,106904.69,0.00011,11.7595159
2025-10-18 01:06:26.688,106904.69,0.00046,49.1761574
2025-10-18 01:06:26.719,106904.68,0.09359,10005.2090012
2025-10-18 01:06:26.788,106904.69,0.00441,471.44968289999997
2025-10-18 01:06:27.025,106904.68,0.00013,13.897608399999998
2025-10-18 01:06:27.194,106904.68,0.00662,707.7089815999999
2025-10-18 01:06:28.097,106904.67,0.00606,647.8423002000001
2025-10-18 01:06:28.100,106900.0,5e-05,5.345000000000001
2025-10-18 01:06:28.115,106899.0,0.0021,224.4879
2025-10-18 01:06:28.615,106898.27,0.00014,14.965757799999999
2025-10-18 01:06:28.619,106898.24,0.0002,21.379648000000003
2025-10-18 01:06:28.620,106896.91,5e-05,5.344845500000001
2025-10-18 01:06:28.621,106896.17,0.00015,16.034425499999998
2025-10-18 01:06:28.630,106895.94,0.002,213.79188000000002
2025-10-18 01:06:28.632,106895.94,0.002,213.79188000000002
2025-10-18 01:06:28.698,106895.94,0.00187,199.8954078
2025-10-18 01:06:28.703,106895.94,0.00026,27.7929444
2025-10-18 01:06:28.724,106895.94,0.00315,336.722211
2025-10-18 01:06:28.792,106895.95,0.01,1068.9595
2025-10-18 01:06:29.029,106895.95,5e-05,5.3447975
2025-10-18 01:06:29.039,106895.95,0.00065,69.4823675
2025-10-18 01:06:29.061,106895.95,0.00027,28.8619065
2025-10-18 01:06:29.703,106895.94,0.09361,10006.5289434
2025-10-18 01:06:30.523,106895.95,0.00114,121.86138299999999
2025-10-18 01:06:30.881,106895.94,0.0114,1218.613716
2025-10-18 01:06:30.899,106895.94,0.09361,10006.5289434
2025-10-18 01:06:31.187,106895.94,0.00112,119.72345279999999
2025-10-18 01:06:31.189,106895.75,6e-05,6.4137450000000005
2025-10-18 01:06:31.220,106893.99,0.00047,50.240175300000004
2025-10-18 01:06:31.415,106885.94,0.03292,3518.6851447999998
2025-10-18 01:06:31.416,106881.72,0.00087,92.9870964
2025-10-18 01:06:32.087,106881.72,0.43405,46392.010566
2025-10-18 01:06:32.194,106881.71,0.09361,10005.1968731
2025-10-18 01:06:32.501,106881.72,0.00075,80.16129000000001
2025-10-18 01:06:32.570,106881.72,0.0006,64.129032
2025-10-18 01:06:32.721,106881.72,9e-05,9.6193548
2025-10-18 01:06:32.859,106881.72,0.04988,5331.2601936
2025-10-18 01:06:32.875,106881.72,0.00281,300.3376332
2025-10-18 01:06:32.915,106882.97,5e-05,5.3441485
2025-10-18 01:06:33.049,106892.34,0.01164,1244.2268376
2025-10-18 01:06:33.072,106893.97,0.00018,19.2409146
2025-10-18 01:06:33.121,106893.96,0.0936,10005.274656000001
2025-10-18 01:06:33.215,106900.0,5e-05,5.345000000000001
2025-10-18 01:06:33.955,106903.34,5e-05,5.345167
2025-10-18 01:06:34.219,106903.84,0.00037,39.554420799999995
2025-10-18 01:06:34.252,106903.83,0.09359,10005.129449700002
2025-10-18 01:06:34.451,106903.84,0.00013,13.897499199999999
2025-10-18 01:06:34.726,106903.83,0.00197,210.6005451
2025-10-18 01:06:34.842,106903.84,0.00998,1066.9003232
2025-10-18 01:06:34.874,106903.84,0.00057,60.9351888
2025-10-18 01:06:35.400,106903.83,0.09359,10005.129449700002
2025-10-18 01:06:35.438,106903.84,0.0005,53.45192
2025-10-18 01:06:35.761,106903.83,0.00018,19.242689400000003
2025-10-18 01:06:36.081,106903.84,0.04003,4279.3607152
2025-10-18 01:06:36.517,106903.83,0.09359,10005.129449700002
2025-10-18 01:06:36.592,106903.83,0.0001,10.690383
2025-10-18 01:06:36.779,106903.84,0.03074,3286.2240416
2025-10-18 01:06:37.115,106909.6,0.00015,16.03644
2025-10-18 01:06:37.179,106909.61,0.028,2993.4690800000003
2025-10-18 01:06:37.662,106909.61,0.00015,16.0364415
2025-10-18 01:06:37.730,106909.6,0.09359,10005.669464
2025-10-18 01:06:37.779,106909.61,0.028,2993.4690800000003
2025-10-18 01:06:38.766,106909.6,0.09359,10005.669464
2025-10-18 01:06:38.819,106909.61,0.028,2993.4690800000003
2025-10-18 01:06:38.823,106909.6,0.0038,406.25648
2025-10-18 01:06:38.832,106909.6,8e-05,8.552768
2025-10-18 01:06:39.582,106909.6,0.00017,18.174632000000003
2025-10-18 01:06:39.903,106909.6,0.09359,10005.669464
2025-10-18 01:06:40.731,106909.61,0.00049,52.3857089
2025-10-18 01:06:41.100,106909.6,0.09359,10005.669464
2025-10-18 01:06:41.468,106909.6,0.0002,21.38192
2025-10-18 01:06:41.678,106909.61,0.0102,1090.478022
2025-10-18 01:06:42.072,106909.61,0.006,641.45766
2025-10-18 01:06:42.222,106909.61,7e-05,7.4836727
2025-10-18 01:06:42.233,106909.61,0.00093,99.4259373
2025-10-18 01:06:42.296,106909.6,0.09359,10005.669464
2025-10-18 01:06:42.335,106909.61,0.00047,50.2475167
2025-10-18 01:06:42.426,106909.61,9e-05,9.6218649
2025-10-18 01:06:43.487,106909.6,0.09359,10005.669464
2025-10-18 01:06:43.927,106909.61,0.00519,554.8608759
2025-10-18 01:06:44.177,106909.6,0.00232,248.03027200000002
2025-10-18 01:06:44.573,106909.6,0.09359,10005.669464
2025-10-18 01:06:44.662,106909.6,0.0013,138.98248
2025-10-18 01:06:44.750,106909.61,0.00056,59.8693816
2025-10-18 01:06:45.562,106909.6,0.09359,10005.669464
2025-10-18 01:06:45.965,106909.6,5e-05,5.34548
2025-10-18 01:06:46.471,106909.61,0.00259,276.8958899
2025-10-18 01:06:46.651,106909.6,0.09359,10005.669464
2025-10-18 01:06:47.062,106909.61,0.00136,145.3970696
2025-10-18 01:06:47.717,106909.6,0.09359,10005.669464
2025-10-18 01:06:48.018,106909.61,0.00019,20.3128259
2025-10-18 01:06:48.023,106909.6,0.00116,124.01513600000001
2025-10-18 01:06:48.816,106909.6,0.09359,10005.669464
2025-10-18 01:06:48.931,106909.61,0.00094,100.4950334
2025-10-18 01:06:49.041,106909.6,0.00146,156.088016
2025-10-18 01:06:49.296,106909.6,0.00378,404.118288
2025-10-18 01:06:50.017,106909.6,0.09359,10005.669464
2025-10-18 01:06:50.262,106909.6,0.00031,33.141976
2025-10-18 01:06:50.344,106909.61,0.00722,771.8873842
2025-10-18 01:06:50.557,106909.61,0.013,1389.82493
2025-10-18 01:06:50.601,106909.61,0.00011,11.760057100000001
2025-10-18 01:06:50.798,106909.61,0.015,1603.6441499999999
2025-10-18 01:06:51.069,106909.6,0.09359,10005.669464
2025-10-18 01:06:51.210,106909.61,0.00557,595.4865277
2025-10-18 01:06:52.068,106909.61,0.00057,60.9384777
2025-10-18 01:06:52.206,106909.6,0.09359,10005.669464
2025-10-18 01:06:53.351,106909.6,0.09359,10005.669464
2025-10-18 01:06:53.742,106909.61,0.00032,34.2110752
2025-10-18 01:06:54.081,106909.61,0.028,2993.4690800000003
2025-10-18 01:06:54.387,106909.6,0.09359,10005.669464
2025-10-18 01:06:54.650,106909.61,0.028,2993.4690800000003
2025-10-18 01:06:55.075,106909.61,7e-05,7.4836727
2025-10-18 01:06:55.324,106909.6,0.09359,10005.669464
2025-10-18 01:06:55.496,106909.6,0.0001,10.69096
2025-10-18 01:06:55.671,106909.61,0.028,2993.4690800000003
2025-10-18 01:06:56.023,106909.61,0.0003,32.072883
2025-10-18 01:06:56.166,106909.6,0.00017,18.174632000000003
2025-10-18 01:06:56.262,106909.61,0.0014,149.673454
2025-10-18 01:06:56.310,106909.6,0.09359,10005.669464
2025-10-18 01:06:56.543,106909.61,0.0061,652.148621
2025-10-18 01:06:56.695,106909.6,0.00085,90.87316
2025-10-18 01:06:56.730,106909.6,0.00011,11.760056
2025-10-18 01:06:56.958,106909.61,0.028,2993.4690800000003
2025-10-18 01:06:57.085,106909.61,0.00078,83.3894958
2025-10-18 01:06:57.346,106909.6,0.09359,10005.669464
2025-10-18 01:06:57.596,106909.6,0.00046,49.178416000000006
2025-10-18 01:06:58.382,106909.6,0.09359,10005.669464
2025-10-18 01:06:59.322,106909.61,9e-05,9.6218649
2025-10-18 01:06:59.526,106909.6,0.09359,10005.669464
2025-10-18 01:06:59.862,106909.6,9e-05,9.621864
2025-10-18 01:07:00.037,106909.6,0.00023,24.589208000000003
2025-10-18 01:07:00.110,106909.61,0.00018,19.2437298
2025-10-18 01:07:00.120,106909.6,0.0001,10.69096
2025-10-18 01:07:00.298,106909.6,0.00066,70.560336
2025-10-18 01:07:00.371,106909.61,0.02503,2675.9475383
2025-10-18 01:07:00.559,106913.85,0.09358,10004.998083
2025-10-18 01:07:00.862,106913.85,0.00014,14.967939
2025-10-18 01:07:01.033,106913.85,6e-05,6.414831
2025-10-18 01:07:01.109,106913.85,0.00121,129.3657585
2025-10-18 01:07:01.328,106913.85,0.00047,50.2495095
2025-10-18 01:07:01.341,106913.85,0.0001,10.691385
2025-10-18 01:07:01.621,106913.86,0.02805,2998.9337729999997
2025-10-18 01:07:01.691,106913.85,0.012,1282.9662
2025-10-18 01:07:01.755,106913.39,0.06162,6588.0030918
2025-10-18 01:07:01.792,106913.4,0.02484,2655.728856
2025-10-18 01:07:01.895,106913.39,0.00467,499.28553129999995
2025-10-18 01:07:02.105,106913.4,0.00021,22.451814
2025-10-18 01:07:02.107,106913.39,0.00201,214.8959139
2025-10-18 01:07:02.110,106913.38,0.00195,208.481091
2025-10-18 01:07:02.123,106913.3,0.0022,235.20926000000003
2025-10-18 01:07:02.509,106913.3,0.00047,50.249251
2025-10-18 01:07:02.575,106913.29,0.0022,235.209238
2025-10-18 01:07:02.624,106913.28,0.0021,224.51788799999997
2025-10-18 01:07:02.754,106913.27,0.00205,219.17220350000002
2025-10-18 01:07:02.908,106913.26,7e-05,7.483928199999999
2025-10-18 01:07:02.915,106913.26,0.00203,217.0339178
2025-10-18 01:07:02.918,106913.25,0.00215,229.8634875
2025-10-18 01:07:02.960,106913.24,0.0023,245.900452
2025-10-18 01:07:02.961,106909.6,0.03829,4093.568584
2025-10-18 01:07:02.962,106909.6,0.14573,15579.936008
2025-10-18 01:07:02.964,106909.02,0.00374,399.8397348
2025-10-18 01:07:02.970,106905.46,0.00016,17.1048736
2025-10-18 01:07:02.971,106906.37,0.0001,10.690637
2025-10-18 01:07:02.972,106898.97,0.00025,26.7247425
2025-10-18 01:07:02.974,106897.28,0.0025,267.2432
2025-10-18 01:07:02.975,106896.91,0.012,1282.7629200000001
2025-10-18 01:07:03.018,106896.91,0.0936,10005.550776
2025-10-18 01:07:03.221,106896.92,0.3,32069.075999999997
2025-10-18 01:07:03.898,106896.91,0.0001,10.689691000000002
2025-10-18 01:07:04.017,106896.91,0.06543,6994.2648213
2025-10-18 01:07:04.269,106896.91,0.012,1282.7629200000001
2025-10-18 01:07:04.270,106896.91,0.012,1282.7629200000001
2025-10-18 01:07:04.701,106896.92,0.00041,43.8277372
2025-10-18 01:07:04.725,106896.92,0.00047,50.241552399999996
2025-10-18 01:07:04.843,106896.92,0.00018,19.241445600000002
2025-10-18 01:07:05.190,106896.92,0.00308,329.2425136
2025-10-18 01:07:05.250,106896.92,0.0001,10.689692
2025-10-18 01:07:05.347,106896.92,0.2,21379.384000000002
2025-10-18 01:07:05.686,106896.91,0.00023,24.5862893
2025-10-18 01:07:06.939,106896.91,0.0001,10.689691000000002
2025-10-18 01:07:07.154,106896.92,0.00055,58.793306
2025-10-18 01:07:07.367,106896.92,0.00026,27.793199199999997
2025-10-18 01:07:08.056,106896.91,0.012,1282.7629200000001
2025-10-18 01:07:08.075,106896.92,0.00027,28.8621684
2025-10-18 01:07:08.884,106896.92,0.00922,985.5896024000001
2025-10-18 01:07:09.315,106896.91,0.0001,10.689691000000002
2025-10-18 01:07:09.330,106896.92,0.00018,19.241445600000002
2025-10-18 01:07:09.470,106896.91,0.02307,2466.1117137
2025-10-18 01:07:09.685,106896.91,0.0019,203.104129
2025-10-18 01:07:10.554,106896.91,0.0077,823.106207
2025-10-18 01:07:10.558,106896.91,0.00525,561.2087775
2025-10-18 01:07:10.565,106893.6,0.00015,16.03404
2025-10-18 01:07:10.571,106893.59,0.0061,652.0508990000001
2025-10-18 01:07:10.572,106893.59,0.012,1282.72308
2025-10-18 01:07:10.573,106893.59,0.012,1282.72308
2025-10-18 01:07:10.706,106893.59,0.00187,199.8910133
2025-10-18 01:07:10.717,106893.59,0.00749,800.6329891
2025-10-18 01:07:10.915,106886.0,6e-05,6.41316
2025-10-18 01:07:11.820,106885.79,0.00409,437.16288109999994
2025-10-18 01:07:12.116,106885.79,0.00812,867.9126148
2025-10-18 01:07:12.643,106885.78,0.00047,50.236316599999995
2025-10-18 01:07:12.825,106885.79,0.00018,19.2394422
2025-10-18 01:07:12.945,106885.79,0.00023,24.583731699999998
2025-10-18 01:07:13.002,106885.78,0.00047,50.236316599999995
2025-10-18 01:07:13.817,106885.78,0.09361,10005.5778658
2025-10-18 01:07:13.994,106885.79,0.0015,160.328685
2025-10-18 01:07:14.005,106885.78,0.012,1282.62936
2025-10-18 01:07:14.006,106885.78,0.012,1282.62936
2025-10-18 01:07:14.356,106885.78,0.00041,43.823169799999995
2025-10-18 01:07:14.506,106885.79,0.00018,19.2394422
2025-10-18 01:07:14.916,106885.78,0.09361,10005.5778658
2025-10-18 01:07:15.903,106885.78,0.09361,10005.5778658
2025-10-18 01:07:16.056,106885.78,0.012,1282.62936
2025-10-18 01:07:16.144,106885.79,0.00562,600.6981397999999
2025-10-18 01:07:16.186,106885.78,8e-05,8.5508624
2025-10-18 01:07:16.363,106885.79,0.00019,20.3083001
2025-10-18 01:07:16.522,106885.79,9e-05,9.6197211
2025-10-18 01:07:16.990,106885.78,0.09361,10005.5778658
2025-10-18 01:07:17.978,106885.78,0.09361,10005.5778658
2025-10-18 01:07:18.216,106885.79,0.00013,13.895152699999999
2025-10-18 01:07:18.503,106885.79,0.00011,11.7574369
2025-10-18 01:07:19.017,106885.78,0.09361,10005.5778658
2025-10-18 01:07:19.053,106885.79,0.028,2992.80212
2025-10-18 01:07:19.615,106893.57,0.00015,16.034035499999998
2025-10-18 01:07:19.677,106893.57,0.00085,90.8595345
2025-10-18 01:07:20.017,106893.57,0.0936,10005.238152000002
2025-10-18 01:07:20.216,106893.58,0.0015,160.34037
2025-10-18 01:07:20.436,106893.58,0.028,2993.0202400000003
2025-10-18 01:07:20.958,106893.57,0.0936,10005.238152000002
2025-10-18 01:07:20.964,106893.57,0.00082,87.6527274
2025-10-18 01:07:21.028,106893.57,0.00168,179.58119760000002
2025-10-18 01:07:21.327,106893.57,0.40232,43005.421082400004
2025-10-18 01:07:22.016,106893.57,0.0936,10005.238152000002
2025-10-18 01:07:22.179,106893.58,0.00467,499.19301859999996
2025-10-18 01:07:22.617,106893.58,0.01122,1199.3459676
2025-10-18 01:07:22.675,106893.58,0.00014,14.9651012
2025-10-18 01:07:22.835,106893.57,0.00022,23.516585400000004
2025-10-18 01:07:23.015,106893.57,0.0936,10005.238152000002
2025-10-18 01:07:23.866,106893.58,0.0007,74.825506
2025-10-18 01:07:24.054,106893.57,0.0936,10005.238152000002
2025-10-18 01:07:24.170,106893.57,0.00026,27.7923282
2025-10-18 01:07:25.145,106893.57,0.0936,10005.238152000002
2025-10-18 01:07:25.218,106893.58,0.00029,30.9991382
2025-10-18 01:07:25.402,106893.58,0.00075,80.170185
2025-10-18 01:07:25.536,106893.58,0.01871,1999.9788818000002
2025-10-18 01:07:25.864,106893.57,0.0028,299.30199600000003
2025-10-18 01:07:26.217,106893.57,0.0936,10005.238152000002
2025-10-18 01:07:26.576,106893.57,7e-05,7.4825498999999995
2025-10-18 01:07:27.023,106893.58,0.028,2993.0202400000003
2025-10-18 01:07:27.271,106893.57,0.0936,10005.238152000002
2025-10-18 01:07:27.483,106893.57,9e-05,9.620421300000002
2025-10-18 01:07:28.167,106893.57,0.00082,87.6527274
2025-10-18 01:07:28.309,106893.57,0.0936,10005.238152000002
2025-10-18 01:07:28.950,106893.58,0.002,213.78716
2025-10-18 01:07:29.077,106893.58,0.026,2779.23308
2025-10-18 01:07:29.114,106893.58,0.01464,1564.9220112
2025-10-18 01:07:29.243,106893.57,0.0936,10005.238152000002
2025-10-18 01:07:30.283,106893.57,0.0936,10005.238152000002
2025-10-18 01:07:30.340,106893.58,0.028,2993.0202400000003
2025-10-18 01:07:31.147,106893.58,0.00024,25.6544592
2025-10-18 01:07:31.326,106893.57,0.0936,10005.238152000002
2025-10-18 01:07:31.656,106893.58,0.0001,10.689358
2025-10-18 01:07:31.865,106893.58,0.00025,26.723395
2025-10-18 01:07:31.869,106893.58,0.00044,47.0331752
2025-10-18 01:07:32.516,106893.57,0.0936,10005.238152000002
2025-10-18 01:07:32.617,106893.57,0.00047,50.2399779
2025-10-18 01:07:32.768,106893.58,0.00072,76.9633776
2025-10-18 01:07:33.617,106893.57,0.0936,10005.238152000002
2025-10-18 01:07:34.595,106893.58,0.00299,319.6118042
2025-10-18 01:07:34.717,106893.57,0.0936,10005.238152000002
2025-10-18 01:07:34.992,106893.58,0.00606,647.7750948
2025-10-18 01:07:35.682,106893.58,0.00015,16.034036999999998
2025-10-18 01:07:35.687,106893.57,0.0936,10005.238152000002
2025-10-18 01:07:35.694,106889.65,0.00015,16.033447499999998
2025-10-18 01:07:36.132,106889.65,0.00204,218.054886
2025-10-18 01:07:36.215,106889.64,0.00407,435.04083479999997
2025-10-18 01:07:36.270,106889.65,0.00116,123.99199399999999
2025-10-18 01:07:36.727,106889.64,0.0936,10004.870304
2025-10-18 01:07:37.028,106889.65,0.00012,12.826758
2025-10-18 01:07:37.615,106889.65,5e-05,5.3444825
2025-10-18 01:07:37.762,106889.64,0.0936,10004.870304
2025-10-18 01:07:37.861,106889.64,0.00015,16.033445999999998
2025-10-18 01:07:37.929,106889.65,0.00047,50.2381355
2025-10-18 01:07:38.239,106889.64,0.0001,10.688964
2025-10-18 01:07:38.803,106889.64,0.0936,10004.870304
2025-10-18 01:07:38.820,106889.64,0.0003,32.066891999999996
2025-10-18 01:07:39.592,106889.65,0.00067,71.6160655
2025-10-18 01:07:39.615,106885.62,0.00013,13.895130599999998
2025-10-18 01:07:39.817,106885.41,0.0936,10004.474376
2025-10-18 01:07:40.348,106885.42,9e-05,9.619687800000001
2025-10-18 01:07:40.559,106885.41,0.00088,94.0591608
2025-10-18 01:07:40.582,106885.42,0.02791,2983.1720722
2025-10-18 01:07:40.588,106885.41,0.012,1282.62492
2025-10-18 01:07:40.589,106885.41,0.012,1282.62492
2025-10-18 01:07:40.964,106885.41,0.09361,10005.5432301
2025-10-18 01:07:42.011,106885.41,0.09361,10005.5432301
2025-10-18 01:07:42.720,106885.42,4e-05,4.2754168
2025-10-18 01:07:43.216,106885.41,0.09361,10005.5432301
2025-10-18 01:07:43.262,106885.42,0.07885,8427.915367
2025-10-18 01:07:43.739,106885.42,0.00281,300.3480302
2025-10-18 01:07:44.141,106885.42,0.00028,29.927917599999997
2025-10-18 01:07:44.417,106885.41,0.09361,10005.5432301
2025-10-18 01:07:44.847,106885.41,0.00041,43.8230181
2025-10-18 01:07:44.906,106885.42,0.00267,285.3840714
2025-10-18 01:07:45.320,106885.42,0.00025,26.721355
2025-10-18 01:07:45.484,106885.41,0.09361,10005.5432301
2025-10-18 01:07:46.023,106885.42,0.00023,24.5836466
2025-10-18 01:07:46.444,106885.42,7e-05,7.481979399999999
2025-10-18 01:07:46.517,106885.41,0.09361,10005.5432301
2025-10-18 01:07:46.845,106885.42,0.00561,599.6272062
2025-10-18 01:07:47.506,106885.41,0.09361,10005.5432301
2025-10-18 01:07:48.061,106885.42,0.00023,24.5836466
2025-10-18 01:07:48.262,106885.41,0.02985,3190.5294885000003
2025-10-18 01:07:48.440,106885.41,0.09361,10005.5432301
2025-10-18 01:07:48.785,106885.42,9e-05,9.619687800000001
2025-10-18 01:07:49.519,106885.41,0.0936,10004.474376
2025-10-18 01:07:49.673,106885.42,7e-05,7.481979399999999
2025-10-18 01:07:49.764,106885.41,0.00046,49.167288600000006
2025-10-18 01:07:49.943,106885.41,0.00519,554.7352779
2025-10-18 01:07:50.110,106885.42,0.00239,255.4561538
2025-10-18 01:07:50.717,106885.41,0.0936,10004.474376
2025-10-18 01:07:50.929,106885.42,0.00112,119.71167039999999
2025-10-18 01:07:51.292,106885.42,0.21014,22460.9021588
2025-10-18 01:07:51.293,106885.42,0.1794,19175.244348
2025-10-18 01:07:51.294,106885.42,0.00046,49.1672932
2025-10-18 01:07:51.295,106888.72,0.0003,32.066615999999996
2025-10-18 01:07:51.299,106892.5,6e-05,6.41355
2025-10-18 01:07:51.302,106896.92,0.00115,122.93145799999999
2025-10-18 01:07:51.326,106897.47,0.01148,1227.1829556
2025-10-18 01:07:51.335,106897.47,0.00324,346.3478028
2025-10-18 01:07:51.336,106897.48,0.00056,59.86258879999999
2025-10-18 01:07:51.342,106897.48,0.00258,275.7954984
2025-10-18 01:07:51.363,106897.84,0.028,2993.13952
2025-10-18 01:07:51.577,106897.49,7e-05,7.4828243
2025-10-18 01:07:51.583,106897.49,0.00138,147.5185362
2025-10-18 01:07:51.585,106897.48,0.00115,122.93210199999999
2025-10-18 01:07:51.595,106897.47,0.0423,4521.762981
2025-10-18 01:07:51.600,106897.46,0.00245,261.898777
2025-10-18 01:07:51.606,106897.12,0.0015,160.34568
2025-10-18 01:07:51.620,106897.11,0.00225,240.5184975
2025-10-18 01:07:51.625,106896.75,0.0002,21.379350000000002
2025-10-18 01:07:51.647,106896.17,0.00245,261.89561649999996
2025-10-18 01:07:51.668,106891.2,0.00135,144.30312
2025-10-18 01:07:51.671,106889.1,0.00075,80.166825
2025-10-18 01:07:51.688,106887.27,5e-05,5.3443635
2025-10-18 01:07:51.748,106886.61,0.00232,247.9769352
2025-10-18 01:07:52.177,106882.98,5e-05,5.344149
2025-10-18 01:07:52.182,106876.61,0.00023,24.5816203
2025-10-18 01:07:52.218,106875.75,0.10904,11653.73178
2025-10-18 01:07:52.297,106875.75,0.00047,50.2316025
2025-10-18 01:07:52.382,106873.48,0.00061,65.19282279999999
2025-10-18 01:07:52.615,106870.7,0.0001,10.68707
2025-10-18 01:07:52.775,106868.28,0.09362,10005.0083736
2025-10-18 01:07:53.253,106868.28,7e-05,7.480779599999999
2025-10-18 01:07:53.810,106868.28,0.09362,10005.0083736
2025-10-18 01:07:54.261,106868.29,0.01382,1476.9197678
2025-10-18 01:07:54.370,106868.29,0.00051,54.5028279
2025-10-18 01:07:54.635,106868.29,0.00028,29.923121199999997
2025-10-18 01:07:54.817,106868.28,0.09362,10005.0083736
2025-10-18 01:07:55.004,106868.29,0.00187,199.8437023
2025-10-18 01:07:55.640,106868.29,0.00028,29.923121199999997
2025-10-18 01:07:55.917,106868.28,0.09362,10005.0083736
2025-10-18 01:07:55.962,106868.28,0.00592,632.6602176
2025-10-18 01:07:56.315,106877.14,0.15489,16554.2002146
2025-10-18 01:07:56.340,106877.16,5e-05,5.343858
2025-10-18 01:07:56.368,106877.16,0.028,2992.56048
2025-10-18 01:07:56.805,106877.15,0.00077,82.29540549999999
2025-10-18 01:07:56.855,106877.16,0.00126,134.66522160000002
2025-10-18 01:07:56.994,106882.76,0.00015,16.032414
2025-10-18 01:07:57.017,106882.76,0.09361,10005.2951636
2025-10-18 01:07:57.295,106882.77,0.00256,273.61989120000004
2025-10-18 01:07:57.315,106886.0,6e-05,6.41316
2025-10-18 01:07:57.999,106888.71,0.09361,10005.8521431
2025-10-18 01:07:58.067,106888.72,0.028,2992.88416
2025-10-18 01:07:58.134,106888.72,0.00015,16.033307999999998
2025-10-18 01:07:59.038,106888.71,0.09361,10005.8521431
2025-10-18 01:07:59.087,106888.72,0.028,2992.88416
2025-10-18 01:07:59.351,106888.72,0.002,213.77744
2025-10-18 01:07:59.655,106888.71,8e-05,8.551096800000002
2025-10-18 01:07:59.987,106888.72,0.00055,58.788796000000005
2025-10-18 01:08:00.108,106888.71,0.09361,10005.8521431
2025-10-18 01:08:00.154,106888.71,0.06626,7082.445924600001
2025-10-18 01:08:00.177,106888.72,0.026,2779.1067199999998
2025-10-18 01:08:01.265,106888.71,0.09361,10005.8521431
2025-10-18 01:08:01.370,106888.71,0.0004,42.755484
2025-10-18 01:08:01.636,106888.72,0.00504,538.7191488000001
2025-10-18 01:08:02.082,106888.72,0.00055,58.788796000000005
2025-10-18 01:08:02.307,106888.71,0.09361,10005.8521431
2025-10-18 01:08:02.362,106888.72,0.028,2992.88416
2025-10-18 01:08:02.855,106888.72,0.00935,999.4095320000001
2025-10-18 01:08:03.127,106888.72,0.0025,267.22180000000003
2025-10-18 01:08:03.205,106888.72,0.00046,49.1688112
2025-10-18 01:08:03.317,106888.71,0.09361,10005.8521431
2025-10-18 01:08:03.609,106888.72,0.00047,50.2376984
2025-10-18 01:08:03.901,106888.72,0.0386,4125.904592
2025-10-18 01:08:04.433,106888.71,0.09361,10005.8521431
2025-10-18 01:08:04.741,106888.71,0.00305,326.01056550000004
2025-10-18 01:08:05.318,106888.72,0.002,213.77744
2025-10-18 01:08:05.406,106888.72,0.01331,1422.6888632
2025-10-18 01:08:05.516,106888.71,0.09361,10005.8521431
2025-10-18 01:08:06.660,106888.71,0.09361,10005.8521431
2025-10-18 01:08:07.126,106888.72,0.00092,98.3376224
2025-10-18 01:08:07.176,106888.72,0.00147,157.1264184
2025-10-18 01:08:07.617,106888.71,0.09361,10005.8521431
2025-10-18 01:08:08.009,106888.72,0.00082,87.6487504
2025-10-18 01:08:08.064,106888.72,5e-05,5.344436
2025-10-18 01:08:08.575,106888.71,0.09361,10005.8521431
2025-10-18 01:08:08.640,106888.72,0.008,855.10976
2025-10-18 01:08:08.760,106888.72,0.00096,102.61317120000001
2025-10-18 01:08:08.761,106888.72,0.014,1496.44208
2025-10-18 01:08:09.181,106888.72,0.00093,99.4065096
2025-10-18 01:08:09.201,106888.72,0.001,106.88872
2025-10-18 01:08:09.325,106888.71,0.00012,12.826645200000002
2025-10-18 01:08:09.326,106888.71,0.0014,149.644194
2025-10-18 01:08:09.332,106888.71,0.00092,98.3376132
2025-10-18 01:08:09.334,106888.71,0.0007,74.822097
2025-10-18 01:08:09.335,106888.71,0.0007,74.822097
2025-10-18 01:08:09.614,106888.72,0.001,106.88872
2025-10-18 01:08:09.617,106888.71,0.09361,10005.8521431
2025-10-18 01:08:09.717,106888.72,0.004,427.55488
2025-10-18 01:08:09.799,106888.71,0.00017,18.1710807
2025-10-18 01:08:09.870,106888.71,0.00082,87.6487422
2025-10-18 01:08:09.871,106888.71,0.00082,87.6487422
2025-10-18 01:08:09.873,106888.71,0.00082,87.6487422
2025-10-18 01:08:10.026,106888.71,0.012,1282.66452
2025-10-18 01:08:10.757,106888.71,0.09361,10005.8521431
2025-10-18 01:08:10.991,106888.71,0.004,427.55484
2025-10-18 01:08:11.733,106888.72,0.09349,9993.026432800001
2025-10-18 01:08:11.743,106888.71,0.00018,19.239967800000002
2025-10-18 01:08:11.795,106888.71,0.09361,10005.8521431
2025-10-18 01:08:12.209,106888.72,0.0002,21.377744
2025-10-18 01:08:12.318,106888.71,0.00599,640.2633729
2025-10-18 01:08:12.887,106888.71,0.09361,10005.8521431
2025-10-18 01:08:13.516,106888.72,0.00267,285.3928824
2025-10-18 01:08:14.134,106888.71,0.09361,10005.8521431
2025-10-18 01:08:15.226,106888.71,0.09361,10005.8521431
2025-10-18 01:08:15.300,106888.72,0.00557,595.3701704
2025-10-18 01:08:15.481,106888.71,0.00853,911.7606963
2025-10-18 01:08:15.632,106888.72,0.00084,89.78652480000001
2025-10-18 01:08:16.164,106888.72,0.00406,433.9682032
2025-10-18 01:08:16.212,106888.71,0.09361,10005.8521431
2025-10-18 01:08:16.269,106888.72,0.00015,16.033307999999998
2025-10-18 01:08:16.632,106888.72,9e-05,9.619984800000001
2025-10-18 01:08:16.647,106888.72,0.00011,11.7577592
2025-10-18 01:08:16.739,106888.72,0.0001,10.688872
2025-10-18 01:08:16.765,106888.71,0.0005,53.444355
2025-10-18 01:08:16.769,106888.72,0.00016,17.1021952
2025-10-18 01:08:16.869,106888.71,0.00023,24.5844033
2025-10-18 01:08:17.027,106888.71,0.00047,50.2376937
2025-10-18 01:08:17.085,106888.72,0.0002,21.377744
2025-10-18 01:08:17.192,106888.72,0.00015,16.033307999999998
2025-10-18 01:08:17.213,106888.72,0.00057,60.926570399999996
2025-10-18 01:08:17.382,106888.72,0.0001,10.688872
2025-10-18 01:08:17.402,106888.71,0.09361,10005.8521431
2025-10-18 01:08:17.418,106888.72,0.0001,10.688872
2025-10-18 01:08:17.463,106888.71,0.0001,10.688871
2025-10-18 01:08:17.470,106888.72,0.00033,35.2732776
2025-10-18 01:08:17.483,106888.72,0.0001,10.688872
2025-10-18 01:08:17.513,106888.72,0.028,2992.88416
2025-10-18 01:08:17.862,106888.72,0.0001,10.688872
2025-10-18 01:08:17.909,106888.72,0.00015,16.033307999999998
2025-10-18 01:08:17.924,106888.72,0.00029,30.9977288
2025-10-18 01:08:18.092,106888.72,0.0001,10.688872
2025-10-18 01:08:18.093,106888.72,0.00026,27.791067199999997
2025-10-18 01:08:18.348,106888.72,0.0001,10.688872
2025-10-18 01:08:18.506,106888.71,0.00107,114.3709197
2025-10-18 01:08:18.515,106888.72,0.00066,70.5465552
2025-10-18 01:08:18.562,106888.72,0.00019,20.3088568
2025-10-18 01:08:18.616,106888.71,0.09361,10005.8521431
2025-10-18 01:08:19.048,106888.72,0.00047,50.2376984
2025-10-18 01:08:19.096,106888.72,0.04972,5314.5071584
2025-10-18 01:08:19.110,106888.72,0.00021,22.446631200000002
2025-10-18 01:08:19.617,106888.71,0.09361,10005.8521431
2025-10-18 01:08:19.683,106888.72,0.00448,478.8614656
2025-10-18 01:08:19.856,106888.71,0.00082,87.6487422
2025-10-18 01:08:20.631,106888.72,0.00558,596.4390576
2025-10-18 01:08:20.770,106888.71,0.09361,10005.8521431
2025-10-18 01:08:20.788,106888.72,0.028,2992.88416
2025-10-18 01:08:20.790,106888.72,0.028,2992.88416
2025-10-18 01:08:20.815,106893.71,0.00015,16.0340565
2025-10-18 01:08:20.900,106894.02,0.0028,299.30325600000003
2025-10-18 01:08:21.717,106894.03,0.00056,59.860656799999994
2025-10-18 01:08:21.851,106894.02,0.09361,10006.3492122
2025-10-18 01:08:22.406,106894.02,0.00047,50.2401894
2025-10-18 01:08:22.889,106894.02,0.09361,10006.3492122
2025-10-18 01:08:22.991,106894.02,0.0013,138.962226
2025-10-18 01:08:23.039,106894.03,5e-05,5.3447015
2025-10-18 01:08:24.017,106894.02,0.09361,10006.3492122
2025-10-18 01:08:24.055,106894.02,0.30786,32908.392997200004
2025-10-18 01:08:24.058,106894.01,0.0028,299.303228
2025-10-18 01:08:24.062,106893.89,0.00014,14.965144599999999
2025-10-18 01:08:24.074,106892.02,0.00015,16.033803
2025-10-18 01:08:24.075,106892.02,0.028,2992.97656
2025-10-18 01:08:24.112,106888.71,0.00351,375.1793721
2025-10-18 01:08:24.360,106888.71,0.012,1282.66452
2025-10-18 01:08:24.362,106888.71,0.005,534.4435500000001
2025-10-18 01:08:24.415,106886.24,5e-05,5.344312
2025-10-18 01:08:24.715,106882.3,0.00566,604.9538180000001
2025-10-18 01:08:24.887,106879.55,0.00691,738.5376905
2025-10-18 01:08:24.914,106879.55,0.00052,55.577366
2025-10-18 01:08:25.046,106879.54,0.09361,10004.993739399999
2025-10-18 01:08:25.718,106879.55,0.0001,10.687955
2025-10-18 01:08:25.788,106879.55,0.00046,49.164593
2025-10-18 01:08:25.866,106879.55,0.0664,7096.80212
2025-10-18 01:08:26.117,106879.54,0.09361,10004.993739399999
2025-10-18 01:08:26.387,106879.55,0.0179,1913.143945
2025-10-18 01:08:26.576,106879.54,7e-05,7.481567799999999
2025-10-18 01:08:27.183,106879.54,0.09361,10004.993739399999
2025-10-18 01:08:27.538,106879.55,0.0102,1090.1714100000002
2025-10-18 01:08:27.724,106879.55,0.00021,22.4447055
2025-10-18 01:08:27.951,106879.54,0.012,1282.55448
2025-10-18 01:08:27.952,106879.54,0.012,1282.55448
2025-10-18 01:08:27.953,106879.54,0.012,1282.55448
2025-10-18 01:08:28.162,106879.54,0.09361,10004.993739399999
2025-10-18 01:08:28.963,106879.54,0.012,1282.55448
2025-10-18 01:08:29.136,106879.55,0.00138,147.493779
2025-10-18 01:08:29.182,106879.55,0.0004,42.75182
2025-10-18 01:08:29.297,106879.54,0.09361,10004.993739399999
2025-10-18 01:08:29.656,106879.55,0.00078,83.366049
2025-10-18 01:08:29.846,106879.54,0.012,1282.55448
2025-10-18 01:08:30.104,106879.55,5e-05,5.3439775
2025-10-18 01:08:30.496,106879.54,0.09361,10004.993739399999
2025-10-18 01:08:30.548,106879.55,0.00431,460.65086049999996
2025-10-18 01:08:30.757,106879.54,0.00041,43.8206114
2025-10-18 01:08:30.758,106879.54,0.00015,16.031930999999997
2025-10-18 01:08:31.104,106879.54,0.012,1282.55448
2025-10-18 01:08:31.472,106879.54,0.00755,806.940527
2025-10-18 01:08:31.483,106879.54,0.00122,130.3930388
2025-10-18 01:08:31.587,106879.54,0.09361,10004.993739399999
2025-10-18 01:08:32.284,106879.55,0.0004,42.75182
2025-10-18 01:08:32.316,106879.54,3.35819,358921.8024326
2025-10-18 01:08:32.716,106879.54,0.09361,10004.993739399999
2025-10-18 01:08:32.910,106879.55,0.00056,59.852548
2025-10-18 01:08:33.088,106879.55,0.00062,66.265321
2025-10-18 01:08:33.640,106879.54,0.012,1282.55448
2025-10-18 01:08:33.643,106879.54,0.012,1282.55448
2025-10-18 01:08:33.717,106879.54,0.00047,50.2333838
2025-10-18 01:08:33.763,106879.54,0.09361,10004.993739399999
2025-10-18 01:08:33.815,106877.72,0.00015,16.031658
2025-10-18 01:08:34.145,106877.72,0.00079,84.4333988
2025-10-18 01:08:34.917,106877.71,0.09361,10004.8224331
2025-10-18 01:08:34.925,106877.72,7e-05,7.481440399999999
2025-10-18 01:08:35.650,106877.72,0.00047,50.2325284
2025-10-18 01:08:35.714,106877.72,0.0005,53.43886
2025-10-18 01:08:35.843,106877.71,0.09361,10004.8224331
2025-10-18 01:08:36.022,106877.72,0.0008,85.502176
2025-10-18 01:08:36.166,106877.72,0.00023,24.5818756
2025-10-18 01:08:36.354,106877.71,0.012,1282.5325200000002
2025-10-18 01:08:36.810,106877.72,0.00055,58.782746
2025-10-18 01:08:36.932,106877.72,8e-05,8.550217600000002
2025-10-18 01:08:37.084,106877.71,0.09361,10004.8224331
2025-10-18 01:08:37.222,106877.72,0.00102,109.01527440000001
2025-10-18 01:08:37.404,106877.72,0.0049,523.700828
2025-10-18 01:08:37.405,106877.72,0.02634,2815.1591448
2025-10-18 01:08:37.407,106877.72,0.04442,4747.5083224
2025-10-18 01:08:37.412,106877.72,0.02674,2857.9102328
2025-10-18 01:08:37.424,106877.72,0.02545,2720.037974
2025-10-18 01:08:37.437,106877.72,0.00413,441.4049836
2025-10-18 01:08:37.449,106877.72,0.00692,739.5938224
2025-10-18 01:08:37.451,106877.72,0.00281,300.3263932
2025-10-18 01:08:37.457,106879.78,5e-05,5.3439890000000005
2025-10-18 01:08:37.461,106882.78,0.00355,379.433869
2025-10-18 01:08:37.463,106886.43,0.00015,16.0329645
2025-10-18 01:08:37.475,106886.82,0.00104,111.1622928
2025-10-18 01:08:37.476,106886.83,0.0003,32.066049
2025-10-18 01:08:37.604,106886.82,0.00218,233.01326760000003
2025-10-18 01:08:38.167,106886.82,0.09361,10005.6752202
2025-10-18 01:08:38.241,106886.83,5e-05,5.3443415000000005
2025-10-18 01:08:38.294,106886.83,0.00062,66.2698346
2025-10-18 01:08:39.147,106886.82,0.09361,10005.6752202
2025-10-18 01:08:39.432,106886.82,0.0005,53.44341000000001
2025-10-18 01:08:39.684,106886.83,8e-05,8.5509464
2025-10-18 01:08:40.074,106886.82,0.09361,10005.6752202
2025-10-18 01:08:40.214,106886.83,9e-05,9.619814700000001
2025-10-18 01:08:41.119,106886.82,0.09361,10005.6752202
2025-10-18 01:08:41.475,106886.83,0.028,2992.83124
2025-10-18 01:08:41.487,106886.83,0.028,2992.83124
2025-10-18 01:08:41.509,106886.82,0.0309,3302.8027380000003
2025-10-18 01:08:41.510,106886.83,0.00136,145.3660888
2025-10-18 01:08:41.568,106887.0,0.00115,122.92005
2025-10-18 01:08:41.637,106890.22,0.00365,390.14930300000003
2025-10-18 01:08:42.217,106890.22,0.0936,10004.924592000001
2025-10-18 01:08:42.276,106893.2,0.01449,1548.8824679999998
2025-10-18 01:08:42.278,106893.2,0.028,2993.0096
2025-10-18 01:08:42.560,106893.2,0.00399,426.50386799999995
2025-10-18 01:08:43.025,106893.19,0.00012,12.827182800000001
2025-10-18 01:08:43.217,106893.19,0.0936,10005.202584
2025-10-18 01:08:44.017,106893.19,0.0595,6360.144805
2025-10-18 01:08:44.060,106893.19,5e-05,5.344659500000001
2025-10-18 01:08:44.338,106893.19,0.0936,10005.202584
2025-10-18 01:08:44.352,106893.19,0.00071,75.8941649
2025-10-18 01:08:44.379,106893.2,0.028,2993.0096
2025-10-18 01:08:44.384,106893.2,0.019,2030.9707999999998
2025-10-18 01:08:44.773,106893.2,0.002,213.7864
2025-10-18 01:08:44.833,106893.2,0.007,748.2524
2025-10-18 01:08:45.516,106893.19,0.0936,10005.202584
2025-10-18 01:08:46.361,106893.19,0.0595,6360.144805
2025-10-18 01:08:46.571,106893.19,0.0936,10005.202584
2025-10-18 01:08:47.387,106893.2,0.00936,1000.520352
2025-10-18 01:08:47.517,106893.19,0.0936,10005.202584
2025-10-18 01:08:47.829,106893.19,0.00112,119.72037279999999
2025-10-18 01:08:48.494,106893.19,0.0936,10005.202584
2025-10-18 01:08:49.018,106893.19,0.0297,3174.727743
2025-10-18 01:08:49.115,106887.48,0.00015,16.033122
2025-10-18 01:08:49.129,106884.15,0.00372,397.609038
2025-10-18 01:08:49.130,106884.15,0.012,1282.6098
2025-10-18 01:08:49.132,106884.15,0.012,1282.6098
2025-10-18 01:08:49.156,106884.15,0.00047,50.235550499999995
2025-10-18 01:08:49.516,106884.15,0.09361,10005.4252815
2025-10-18 01:08:49.517,106884.16,0.00111,118.64141760000001
2025-10-18 01:08:49.669,106884.16,0.00107,114.3660512
2025-10-18 01:08:50.597,106884.15,0.00404,431.811966
2025-10-18 01:08:50.602,106884.15,0.00047,50.235550499999995
2025-10-18 01:08:50.717,106884.15,0.09361,10005.4252815
2025-10-18 01:08:50.725,106884.15,0.009,961.9573499999999
2025-10-18 01:08:50.727,106884.15,0.009,961.9573499999999
2025-10-18 01:08:51.023,106884.15,7e-05,7.481890499999999
2025-10-18 01:08:51.175,106884.16,0.00093,99.40226880000002
2025-10-18 01:08:51.202,106884.16,0.04925,5264.04488
2025-10-18 01:08:51.249,106884.15,0.0307,3281.343405
2025-10-18 01:08:51.615,106884.16,0.0005,53.442080000000004
2025-10-18 01:08:51.915,106884.15,0.09361,10005.4252815
2025-10-18 01:08:51.969,106884.16,0.0006,64.130496
2025-10-18 01:08:52.232,106884.16,0.00214,228.7321024
2025-10-18 01:08:52.259,106884.15,0.01408,1504.928832
2025-10-18 01:08:52.594,106884.15,5e-05,5.3442074999999996
2025-10-18 01:08:52.680,106884.15,6e-05,6.413049
2025-10-18 01:08:52.720,106884.15,5e-05,5.3442074999999996
2025-10-18 01:08:52.776,106884.15,6e-05,6.413049
2025-10-18 01:08:52.791,106884.15,5e-05,5.3442074999999996
2025-10-18 01:08:52.880,106884.15,7e-05,7.481890499999999
2025-10-18 01:08:53.008,106884.15,0.09361,10005.4252815
2025-10-18 01:08:53.376,106884.16,0.00014,14.9637824
2025-10-18 01:08:53.575,106884.16,6e-05,6.413049600000001
2025-10-18 01:08:53.718,106884.16,0.00559,597.4824544
2025-10-18 01:08:53.747,106884.15,0.0595,6359.606924999999
2025-10-18 01:08:54.095,106884.15,0.09361,10005.4252815
2025-10-18 01:08:55.232,106884.16,0.00047,50.2355552
2025-10-18 01:08:55.235,106884.15,0.09361,10005.4252815
2025-10-18 01:08:55.771,106884.16,0.00188,200.9422208
2025-10-18 01:08:55.973,106884.15,0.009,961.9573499999999
2025-10-18 01:08:56.242,106884.15,0.0297,3174.4592549999998
2025-10-18 01:08:56.316,106884.15,0.09361,10005.4252815
2025-10-18 01:08:56.528,106884.15,0.00064,68.405856
2025-10-18 01:08:56.578,106884.15,6e-05,6.413049
2025-10-18 01:08:57.416,106884.15,0.09361,10005.4252815
2025-10-18 01:08:58.451,106884.15,0.09361,10005.4252815
2025-10-18 01:08:58.880,106884.16,0.00615,657.337584
2025-10-18 01:08:58.882,106889.4,5e-05,5.34447
2025-10-18 01:08:58.969,106891.3,0.0595,6360.0323499999995
2025-10-18 01:08:59.491,106891.3,0.0936,10005.02568
2025-10-18 01:09:00.052,106891.31,0.00022,23.5160882
2025-10-18 01:09:00.587,106891.3,0.08836,9444.915267999999
2025-10-18 01:09:00.650,106891.31,0.028,2992.95668
2025-10-18 01:09:01.258,106891.31,0.00013,13.895870299999999
2025-10-18 01:09:01.324,106899.06,0.00398,425.4582588
2025-10-18 01:09:01.342,106899.05,0.0297,3174.901785
2025-10-18 01:09:01.343,106903.59,0.0007,74.83251299999999
2025-10-18 01:09:01.349,106904.07,0.00935,999.5530545000001
2025-10-18 01:09:01.350,106904.07,0.41957,44853.740649900006
2025-10-18 01:09:01.484,106904.07,0.00213,227.70566910000002
2025-10-18 01:09:01.515,106904.08,0.00238,254.43171040000001
2025-10-18 01:09:01.644,106904.09,0.00226,241.60324339999997
2025-10-18 01:09:01.690,106907.05,0.0001,10.690705000000001
2025-10-18 01:09:02.675,106907.34,5e-05,5.345367
2025-10-18 01:09:03.539,106907.34,0.00166,177.4661844
2025-10-18 01:09:03.542,106909.6,0.00015,16.03644
2025-10-18 01:09:03.736,106909.79,0.00084,89.8042236
2025-10-18 01:09:03.761,106909.78,0.08,8552.7824
2025-10-18 01:09:04.062,106909.78,0.00019,20.3128582
2025-10-18 01:09:04.237,106909.79,0.00025,26.7274475
2025-10-18 01:09:04.249,106909.79,0.0007,74.83685299999999
2025-10-18 01:09:04.315,106918.0,0.00215,229.8737
2025-10-18 01:09:04.467,106929.27,0.0001,10.692927000000001
2025-10-18 01:09:04.506,106933.19,0.00025,26.733297500000003
2025-10-18 01:09:04.529,106933.19,0.00067,71.6452373
2025-10-18 01:09:04.943,106933.19,0.00019,20.317306100000003
2025-10-18 01:09:05.124,106933.19,0.00099,105.8638581
2025-10-18 01:09:05.254,106933.19,0.00077,82.3385563
2025-10-18 01:09:05.759,106933.18,0.00047,50.258594599999995
2025-10-18 01:09:05.783,106933.19,0.00047,50.2585993
2025-10-18 01:09:06.227,106933.18,0.016,1710.93088
2025-10-18 01:09:07.256,106933.19,0.00498,532.5272862
2025-10-18 01:09:07.794,106933.19,7e-05,7.485323299999999
2025-10-18 01:09:07.837,106933.18,6e-05,6.415990799999999
2025-10-18 01:09:08.724,106933.18,0.0032,342.186176
2025-10-18 01:09:08.769,106933.18,9e-05,9.6239862
2025-10-18 01:09:09.562,106933.19,0.00098,104.79452619999999
2025-10-18 01:09:09.615,106929.28,0.0001,10.692928
2025-10-18 01:09:09.618,106924.59,6e-05,6.4154754
2025-10-18 01:09:09.904,106924.6,0.00468,500.40712800000006
2025-10-18 01:09:10.210,106924.59,0.00014,14.969442599999999
2025-10-18 01:09:10.220,106924.59,0.00019,20.3156721
2025-10-18 01:09:10.334,106924.6,0.0056,598.7777600000001
2025-10-18 01:09:10.740,106924.6,0.00975,1042.51485
2025-10-18 01:09:11.183,106924.59,6e-05,6.4154754
2025-10-18 01:09:11.256,106924.59,0.0004,42.769836
2025-10-18 01:09:11.375,106924.59,8e-05,8.5539672
2025-10-18 01:09:11.775,106924.59,0.00072,76.98570480000001
2025-10-18 01:09:11.983,106924.6,5e-05,5.34623
2025-10-18 01:09:12.747,106924.6,0.00935,999.7450100000001
2025-10-18 01:09:13.925,106924.59,0.0001,10.692459
2025-10-18 01:09:13.979,106924.59,0.09357,10004.9338863
2025-10-18 01:09:14.340,106924.6,0.00056,59.877776
2025-10-18 01:09:14.710,106924.6,0.00468,500.40712800000006
2025-10-18 01:09:14.963,106924.59,0.09357,10004.9338863
2025-10-18 01:09:14.985,106924.6,0.00467,499.337882
2025-10-18 01:09:15.591,106924.59,0.012,1283.09508
2025-10-18 01:09:15.593,106924.59,0.012,1283.09508
2025-10-18 01:09:15.617,106920.29,0.00017,18.1764493
2025-10-18 01:09:15.620,106914.52,6e-05,6.4148712
2025-10-18 01:09:16.099,106914.52,0.09358,10005.0607816
2025-10-18 01:09:16.591,106914.52,7e-05,7.4840164
2025-10-18 01:09:16.743,106914.53,0.00119,127.2282907
2025-10-18 01:09:17.295,106914.52,0.09358,10005.0607816
2025-10-18 01:09:17.314,106914.53,0.0012,128.29743599999998
2025-10-18 01:09:17.390,106914.53,0.03853,4119.4168409
2025-10-18 01:09:17.999,106914.53,0.0099,1058.453847
2025-10-18 01:09:18.387,106914.52,0.09358,10005.0607816
2025-10-18 01:09:18.583,106914.52,0.0001,10.691452000000002
2025-10-18 01:09:19.035,106914.52,0.00188,200.9992976
2025-10-18 01:09:19.244,106914.52,0.00024,25.6594848
2025-10-18 01:09:19.317,106914.52,0.09358,10005.0607816
2025-10-18 01:09:19.496,106914.53,0.003,320.74359
2025-10-18 01:09:19.515,106925.22,0.00061,65.2243842
2025-10-18 01:09:19.588,106925.23,0.025,2673.1307500000003
2025-10-18 01:09:19.597,106925.23,0.028,2993.9064399999997
2025-10-18 01:09:19.859,106930.94,0.02184,2335.3717296
2025-10-18 01:09:19.862,106930.93,0.00082,87.6833626
2025-10-18 01:09:19.900,106930.94,0.028,2994.06632
2025-10-18 01:09:20.317,106930.93,0.09357,10005.5271201
2025-10-18 01:09:20.473,106930.94,0.028,2994.06632
2025-10-18 01:09:20.481,106930.94,0.016,1710.89504
2025-10-18 01:09:21.287,106930.93,0.09357,10005.5271201
2025-10-18 01:09:21.459,106930.94,0.028,2994.06632
2025-10-18 01:09:21.472,106930.94,0.028,2994.06632
2025-10-18 01:09:21.993,106930.94,7e-05,7.4851658
2025-10-18 01:09:22.275,106930.93,0.09357,10005.5271201
2025-10-18 01:09:22.557,106930.94,0.00029,31.0099726
2025-10-18 01:09:22.647,106930.94,0.00281,300.4759414
2025-10-18 01:09:22.745,106930.94,0.001,106.93094
2025-10-18 01:09:22.810,106930.94,0.00173,184.9905262
2025-10-18 01:09:22.838,106930.93,0.00014,14.970330199999998
2025-10-18 01:09:23.364,106930.93,0.09357,10005.5271201
2025-10-18 01:09:23.575,106930.94,5e-05,5.346547
2025-10-18 01:09:23.707,106930.94,0.10992,11753.8489248
2025-10-18 01:09:23.843,106930.93,0.00033,35.2872069
2025-10-18 01:09:24.077,106930.94,0.00716,765.6255304
2025-10-18 01:09:24.087,106931.74,0.028,2994.08872
2025-10-18 01:09:24.346,106931.73,0.09357,10005.601976099999
2025-10-18 01:09:24.571,106931.74,0.022,2352.49828
2025-10-18 01:09:24.572,106931.74,0.028,2994.08872
2025-10-18 01:09:24.600,106931.74,0.01,1069.3174000000001
2025-10-18 01:09:24.764,106931.74,0.006,641.5904400000001
2025-10-18 01:09:24.915,106931.74,0.00153,163.6055622
2025-10-18 01:09:25.338,106933.19,0.002,213.86638000000002
2025-10-18 01:09:25.363,106933.19,0.004,427.73276000000004
2025-10-18 01:09:25.515,106937.99,0.00015,16.040698499999998
2025-10-18 01:09:25.517,106938.77,0.09357,10006.260708900001
2025-10-18 01:09:25.518,106938.77,0.00082,87.6897914
2025-10-18 01:09:25.524,106938.77,0.00082,87.6897914
2025-10-18 01:09:25.527,106938.77,0.00105,112.2857085
2025-10-18 01:09:25.653,106938.78,0.008,855.51024
2025-10-18 01:09:25.668,106938.78,0.018,1924.8980399999998
2025-10-18 01:09:25.678,106938.78,0.028,2994.28584
2025-10-18 01:09:25.715,106939.99,0.00015,16.0409985
2025-10-18 01:09:26.438,106940.0,0.026,2780.44
2025-10-18 01:09:26.679,106939.99,0.09356,10005.3054644
2025-10-18 01:09:26.727,106940.0,0.002,213.88
2025-10-18 01:09:26.739,106940.0,0.028,2994.32
2025-10-18 01:09:27.285,106940.0,0.028,2994.32
2025-10-18 01:09:27.379,106940.0,0.00112,119.77279999999999
2025-10-18 01:09:27.817,106939.99,0.09356,10005.3054644
2025-10-18 01:09:28.198,106940.0,0.01,1069.4
2025-10-18 01:09:28.816,106939.99,0.09356,10005.3054644
2025-10-18 01:09:28.930,106940.0,0.00047,50.2618
2025-10-18 01:09:29.664,106940.0,0.00888,949.6272000000001
2025-10-18 01:09:29.823,106940.0,0.00074,79.1356
2025-10-18 01:09:30.047,106939.99,0.09356,10005.3054644
2025-10-18 01:09:30.108,106940.0,0.028,2994.32
2025-10-18 01:09:30.111,106940.0,0.028,2994.32
2025-10-18 01:09:30.398,106940.0,0.0123,1315.362
2025-10-18 01:09:30.515,106941.6,0.00218,233.13268800000003
2025-10-18 01:09:30.688,106941.6,0.00041,43.846056000000004
2025-10-18 01:09:30.991,106941.6,0.00837,895.1011920000001
2025-10-18 01:09:31.030,106941.61,0.00255,272.70110550000004
2025-10-18 01:09:31.047,106941.62,0.00192,205.3279104
2025-10-18 01:09:31.049,106942.0,0.00265,283.3963
2025-10-18 01:09:31.050,106942.0,0.00095,101.5949
2025-10-18 01:09:31.051,106944.0,0.00156,166.83264
2025-10-18 01:09:31.053,106944.0,0.00149,159.34656
2025-10-18 01:09:31.059,106945.07,0.00104,111.22287279999999
2025-10-18 01:09:31.061,106945.07,0.00108,115.50067560000001
2025-10-18 01:09:31.063,106946.41,0.00566,605.3166806
2025-10-18 01:09:31.066,106947.23,0.00015,16.042084499999998
2025-10-18 01:09:31.078,106947.23,0.09356,10005.9828388
2025-10-18 01:09:31.143,106947.24,0.002,213.89448000000002
2025-10-18 01:09:31.148,106949.55,0.00015,16.0424325
2025-10-18 01:09:31.647,106950.0,7e-05,7.4864999999999995
2025-10-18 01:09:32.217,106949.99,0.09355,10005.1715645
2025-10-18 01:09:32.632,106950.0,0.00075,80.2125
2025-10-18 01:09:33.180,106949.99,0.00035,37.4324965
2025-10-18 01:09:33.417,106949.99,0.09355,10005.1715645
2025-10-18 01:09:34.447,106949.99,0.09355,10005.1715645
2025-10-18 01:09:34.492,106950.0,0.00013,13.9035
2025-10-18 01:09:34.597,106950.0,0.00046,49.197
2025-10-18 01:09:34.789,106949.99,0.0028,299.459972
2025-10-18 01:09:35.517,106949.99,0.09355,10005.1715645
2025-10-18 01:09:35.890,106949.99,0.00047,50.2664953
2025-10-18 01:09:36.523,106949.99,0.09355,10005.1715645
2025-10-18 01:09:36.576,106949.99,7e-05,7.486499299999999
2025-10-18 01:09:36.785,106950.0,0.00013,13.9035
2025-10-18 01:09:37.494,106950.0,4e-05,4.2780000000000005
2025-10-18 01:09:37.557,106949.99,0.09355,10005.1715645
2025-10-18 01:09:38.110,106949.99,0.00018,19.2509982
2025-10-18 01:09:38.543,106949.99,0.09355,10005.1715645
2025-10-18 01:09:39.395,106950.0,0.028,2994.6
2025-10-18 01:09:39.418,106950.0,0.028,2994.6
2025-10-18 01:09:39.583,106950.0,0.00043,45.9885
2025-10-18 01:09:39.598,106949.99,0.09355,10005.1715645
2025-10-18 01:09:40.564,106950.0,0.20145,21545.0775
2025-10-18 01:09:40.616,106949.99,0.09355,10005.1715645
2025-10-18 01:09:40.675,106950.0,0.024,2566.8
2025-10-18 01:09:40.721,106950.0,0.004,427.8
2025-10-18 01:09:41.817,106949.99,0.09355,10005.1715645
2025-10-18 01:09:42.381,106950.0,0.04692,5018.094
2025-10-18 01:09:42.641,106949.99,0.00116,124.0619884
2025-10-18 01:09:42.835,106949.99,0.09355,10005.1715645
2025-10-18 01:09:42.887,106950.0,0.028,2994.6
2025-10-18 01:09:42.888,106950.0,0.02,2139.0
2025-10-18 01:09:43.718,106950.0,0.008,855.6
2025-10-18 01:09:43.871,106949.99,0.09355,10005.1715645
2025-10-18 01:09:44.199,106950.0,0.00078,83.42099999999999
2025-10-18 01:09:44.319,106949.99,0.00018,19.2509982
2025-10-18 01:09:44.607,106950.0,0.02312,2472.684
2025-10-18 01:09:44.906,106949.99,0.09355,10005.1715645
2025-10-18 01:09:45.184,106950.0,0.0051,545.445
2025-10-18 01:09:45.732,106950.0,0.01758,1880.1809999999998
2025-10-18 01:09:46.099,106949.99,0.09355,10005.1715645
2025-10-18 01:09:46.139,106949.99,0.012,1283.3998800000002
2025-10-18 01:09:46.270,106949.99,0.01,1069.4999
2025-10-18 01:09:46.466,106949.99,0.012,1283.3998800000002
2025-10-18 01:09:47.116,106949.99,0.09355,10005.1715645
2025-10-18 01:09:47.422,106949.99,0.01631,1744.3543369000004
2025-10-18 01:09:47.488,106950.0,0.02501,2674.8195
2025-10-18 01:09:47.806,106950.0,0.00187,199.9965
2025-10-18 01:09:47.881,106949.99,0.012,1283.3998800000002
2025-10-18 01:09:48.216,106949.99,0.09355,10005.1715645
2025-10-18 01:09:48.724,106949.99,0.00019,20.320498100000002
2025-10-18 01:09:49.216,106949.99,0.09355,10005.1715645
2025-10-18 01:09:50.288,106949.99,0.09355,10005.1715645
2025-10-18 01:09:50.466,106950.0,0.01327,1419.2265
2025-10-18 01:09:50.824,106950.0,0.00303,324.05850000000004
2025-10-18 01:09:50.910,106950.0,0.028,2994.6
2025-10-18 01:09:51.224,106949.99,0.09355,10005.1715645
2025-10-18 01:09:51.326,106949.99,0.00456,487.6919544
2025-10-18 01:09:51.435,106950.0,0.00852,911.2139999999999
2025-10-18 01:09:52.214,106950.0,0.55334,59179.713
2025-10-18 01:09:52.264,106949.99,0.09355,10005.1715645
2025-10-18 01:09:52.882,106949.99,9e-05,9.6254991
2025-10-18 01:09:53.216,106949.99,0.09355,10005.1715645
2025-10-18 01:09:53.261,106950.0,0.00025,26.7375
2025-10-18 01:09:53.887,106950.0,0.00069,73.79549999999999
2025-10-18 01:09:54.150,106949.99,0.00011,11.764498900000001
2025-10-18 01:09:54.290,106950.0,0.00012,12.834
2025-10-18 01:09:54.319,106950.0,0.00187,199.9965
2025-10-18 01:09:54.386,106949.99,0.09355,10005.1715645
2025-10-18 01:09:54.439,106950.0,0.00012,12.834
2025-10-18 01:09:54.467,106950.0,0.00012,12.834
2025-10-18 01:09:55.164,106950.0,0.00187,199.9965
2025-10-18 01:09:55.321,106949.99,0.09355,10005.1715645
2025-10-18 01:09:55.383,106950.0,0.00011,11.7645
2025-10-18 01:09:55.441,106949.99,0.00137,146.5214863
2025-10-18 01:09:56.074,106949.99,0.09,9625.4991
2025-10-18 01:09:56.357,106949.99,0.09355,10005.1715645
2025-10-18 01:09:56.366,106950.0,0.00018,19.251
2025-10-18 01:09:56.518,106949.99,0.00469,501.5954531
2025-10-18 01:09:56.807,106949.99,7e-05,7.486499299999999
2025-10-18 01:09:57.117,106949.99,0.00015,16.0424985
2025-10-18 01:09:57.516,106949.99,0.09355,10005.1715645
2025-10-18 01:09:57.687,106950.0,0.2,21390.0
2025-10-18 01:09:58.029,106949.99,4e-05,4.2779996
2025-10-18 01:09:58.419,106949.99,0.00014,14.972998599999999
2025-10-18 01:09:58.490,106949.99,0.09355,10005.1715645
2025-10-18 01:09:59.039,106949.99,0.00047,50.2664953
2025-10-18 01:09:59.182,106950.0,0.00092,98.394
2025-10-18 01:09:59.616,106949.99,0.09355,10005.1715645
2025-10-18 01:09:59.947,106950.0,0.00935,999.9825000000001
2025-10-18 01:10:00.104,106949.99,0.00024,25.667997600000003
2025-10-18 01:10:00.491,106949.99,0.00322,344.37896780000005
2025-10-18 01:10:00.594,106950.0,6e-05,6.417
2025-10-18 01:10:00.710,106950.0,5e-05,5.3475
2025-10-18 01:10:00.780,106949.99,0.07231,7733.5537769
2025-10-18 01:10:00.795,106950.0,0.00218,233.151
2025-10-18 01:10:00.974,106950.0,0.00561,599.9895
2025-10-18 01:10:01.298,106949.99,7e-05,7.486499299999999
2025-10-18 01:10:01.386,106949.99,0.00015,16.0424985
2025-10-18 01:10:01.602,106950.0,0.00102,109.08900000000001
2025-10-18 01:10:01.729,106950.0,0.028,2994.6
2025-10-18 01:10:01.762,106950.0,0.00445,475.9275
2025-10-18 01:10:01.779,106949.99,8e-05,8.5559992
2025-10-18 01:10:01.817,106949.99,0.09355,10005.1715645
2025-10-18 01:10:01.976,106950.0,0.0001,10.695
2025-10-18 01:10:02.104,106950.0,0.00037,39.5715
2025-10-18 01:10:02.297,106949.99,0.012,1283.3998800000002
2025-10-18 01:10:02.300,106949.99,0.012,1283.3998800000002
2025-10-18 01:10:02.589,106949.99,0.00467,499.45645329999996
2025-10-18 01:10:02.657,106950.0,0.00095,101.6025
2025-10-18 01:10:02.803,106949.99,0.09355,10005.1715645
2025-10-18 01:10:03.570,106949.99,0.0001,10.694999000000001
2025-10-18 01:10:03.791,106949.99,0.09355,10005.1715645
2025-10-18 01:10:03.946,106949.99,0.012,1283.3998800000002
2025-10-18 01:10:04.333,106950.0,0.0005,53.475
2025-10-18 01:10:04.779,106949.99,0.09355,10005.1715645
2025-10-18 01:10:04.896,106949.99,0.10166,10872.535983400001
2025-10-18 01:10:05.520,106950.0,0.00187,199.9965
2025-10-18 01:10:05.802,106950.0,0.00013,13.9035
2025-10-18 01:10:06.017,106949.99,0.09355,10005.1715645
2025-10-18 01:10:06.549,106949.99,0.3296,35250.716704
2025-10-18 01:10:06.650,106950.0,0.00105,112.2975
2025-10-18 01:10:07.015,106949.99,0.09355,10005.1715645
2025-10-18 01:10:07.589,106950.0,0.01295,1385.0025
2025-10-18 01:10:08.117,106949.99,0.09355,10005.1715645
2025-10-18 01:10:08.132,106950.0,5e-05,5.3475
2025-10-18 01:10:08.160,106950.0,0.028,2994.6
2025-10-18 01:10:08.672,106950.0,0.0001,10.695
2025-10-18 01:10:08.876,106950.0,0.01871,2001.0345000000002
2025-10-18 01:10:08.953,106949.99,0.0105,1122.974895
2025-10-18 01:10:09.117,106949.99,0.02785,2978.5572215
2025-10-18 01:10:10.229,106949.99,0.02847,3044.8662153
2025-10-18 01:10:10.450,106950.0,0.00205,219.24750000000003
2025-10-18 01:10:10.915,106950.0,5e-05,5.3475
2025-10-18 01:10:11.416,106949.99,0.08491,9081.123650900001
2025-10-18 01:10:12.128,106949.99,9e-05,9.6254991
2025-10-18 01:10:12.206,106950.0,0.0001,10.695
2025-10-18 01:10:12.369,106949.99,0.002,213.89998000000003
2025-10-18 01:10:12.617,106949.99,0.028,2994.59972
2025-10-18 01:10:13.444,106949.99,0.00048,51.335995200000006
2025-10-18 01:10:13.752,106949.06,0.0001,10.694906
2025-10-18 01:10:13.754,106948.39,5e-05,5.3474195
2025-10-18 01:10:13.757,106947.92,0.0001,10.694792
2025-10-18 01:10:13.759,106947.25,0.00025,26.7368125
2025-10-18 01:10:13.763,106946.84,0.00885,946.479534
2025-10-18 01:10:13.768,106946.84,0.009,962.5215599999999
2025-10-18 01:10:13.816,106946.84,0.09356,10005.9463504
2025-10-18 01:10:14.181,106944.18,0.00015,16.041627
2025-10-18 01:10:14.215,106942.26,0.0001,10.694226
2025-10-18 01:10:14.315,106940.0,0.04754,5083.9276
2025-10-18 01:10:14.817,106939.99,0.09356,10005.3054644
2025-10-18 01:10:15.782,106940.0,0.0031,331.514
2025-10-18 01:10:15.874,106939.99,0.09356,10005.3054644
2025-10-18 01:10:16.014,106939.99,6e-05,6.4163994
2025-10-18 01:10:16.109,106940.0,0.00061,65.2334
2025-10-18 01:10:16.748,106939.99,0.00306,327.2363694
2025-10-18 01:10:16.809,106939.99,0.09356,10005.3054644
2025-10-18 01:10:17.767,106940.0,0.01014,1084.3716
2025-10-18 01:10:17.769,106940.0,8e-05,8.555200000000001
2025-10-18 01:10:17.822,106939.99,9e-05,9.624599100000001
2025-10-18 01:10:17.903,106939.99,0.09356,10005.3054644
2025-10-18 01:10:18.543,106939.99,0.00167,178.58978330000002
2025-10-18 01:10:18.587,106940.0,0.00058,62.0252
2025-10-18 01:10:18.995,106939.99,0.09356,10005.3054644
2025-10-18 01:10:19.286,106940.0,0.00025,26.735
2025-10-18 01:10:19.374,106940.0,0.00163,174.3122
2025-10-18 01:10:20.016,106939.99,0.09356,10005.3054644
2025-10-18 01:10:20.532,106939.99,0.00029,31.0125971
2025-10-18 01:10:20.547,106939.99,0.01916,2048.9702084
2025-10-18 01:10:20.563,106939.99,0.00033,35.2901967
2025-10-18 01:10:20.613,106940.0,0.01315,1406.261
2025-10-18 01:10:20.627,106943.85,0.00015,16.0415775
2025-10-18 01:10:20.832,106943.86,0.09981,10674.0666666
2025-10-18 01:10:21.164,106943.85,0.09355,10004.5971675
2025-10-18 01:10:21.443,106943.86,0.00019,20.3193334
2025-10-18 01:10:21.615,106947.23,0.00015,16.042084499999998
2025-10-18 01:10:21.621,106949.83,0.004,427.79932
2025-10-18 01:10:21.655,106949.83,0.0006,64.16989799999999
2025-10-18 01:10:22.230,106949.84,0.05169,5528.237229599999
2025-10-18 01:10:22.247,106951.59,0.09355,10005.321244499999
2025-10-18 01:10:22.271,106951.6,0.028,2994.6448
2025-10-18 01:10:23.178,106951.6,0.028,2994.6448
2025-10-18 01:10:23.317,106951.59,0.09355,10005.321244499999
2025-10-18 01:10:24.471,106951.59,0.09355,10005.321244499999
2025-10-18 01:10:24.492,106951.6,5e-05,5.347580000000001
2025-10-18 01:10:24.517,106951.6,0.0001,10.695160000000001
2025-10-18 01:10:25.307,106951.59,0.00014,14.973222599999998
2025-10-18 01:10:25.520,106951.59,0.09355,10005.321244499999
2025-10-18 01:10:25.661,106951.6,0.0079,844.9176400000001
2025-10-18 01:10:26.621,106951.59,0.09355,10005.321244499999
2025-10-18 01:10:27.026,106951.59,0.00013,13.903706699999999
2025-10-18 01:10:27.382,106951.6,0.002,213.90320000000003
2025-10-18 01:10:27.675,106951.6,0.0001,10.695160000000001
2025-10-18 01:10:27.817,106951.59,0.09355,10005.321244499999
2025-10-18 01:10:27.872,106951.59,0.0032,342.245088
2025-10-18 01:10:27.992,106951.6,0.00016,17.112256000000002
2025-10-18 01:10:28.013,106951.59,0.00164,175.4006076
2025-10-18 01:10:28.037,106951.6,0.00053,56.684348
2025-10-18 01:10:28.062,106951.6,8e-05,8.556128000000001
2025-10-18 01:10:28.117,106951.6,0.00029,31.015964
2025-10-18 01:10:28.160,106951.6,0.00029,31.015964
2025-10-18 01:10:28.269,106951.6,0.00013,13.903708
2025-10-18 01:10:28.281,106951.6,0.00047,50.267252
2025-10-18 01:10:28.318,106951.6,0.00047,50.267252
2025-10-18 01:10:28.337,106951.6,0.0001,10.695160000000001
2025-10-18 01:10:28.662,106951.6,0.0012,128.34192
2025-10-18 01:10:28.743,106951.6,0.0001,10.695160000000001
2025-10-18 01:10:28.832,106951.6,0.00019,20.320804000000003
2025-10-18 01:10:28.862,106951.6,0.00019,20.320804000000003
2025-10-18 01:10:28.916,106951.59,0.09355,10005.321244499999
2025-10-18 01:10:29.294,106951.6,0.0008,85.56128000000001
2025-10-18 01:10:29.410,106951.6,0.00544,581.8167040000001
2025-10-18 01:10:29.592,106951.6,0.0001,10.695160000000001
2025-10-18 01:10:29.810,106951.6,0.0001,10.695160000000001
2025-10-18 01:10:29.848,106951.6,0.00057,60.962412
2025-10-18 01:10:29.918,106951.59,0.09355,10005.321244499999
2025-10-18 01:10:30.023,106951.59,9e-05,9.6256431
2025-10-18 01:10:30.085,106951.6,0.00015,16.04274
2025-10-18 01:10:30.190,106951.6,0.0001,10.695160000000001
2025-10-18 01:10:30.289,106951.59,0.00043,45.9891837
2025-10-18 01:10:31.002,106951.59,0.09355,10005.321244499999
2025-10-18 01:10:31.805,106951.6,0.01368,1463.097888
2025-10-18 01:10:32.251,106951.59,0.09355,10005.321244499999
2025-10-18 01:10:32.341,106951.6,4e-05,4.2780640000000005
2025-10-18 01:10:33.084,106951.6,0.03062,3274.857992
2025-10-18 01:10:33.417,106951.6,0.0001,10.695160000000001
2025-10-18 01:10:33.446,106951.59,0.09355,10005.321244499999
2025-10-18 01:10:33.643,106951.6,0.0003,32.08548
2025-10-18 01:10:34.002,106951.6,0.00374,399.998984
2025-10-18 01:10:34.433,106951.59,0.09355,10005.321244499999
2025-10-18 01:10:34.648,106951.59,0.00013,13.903706699999999
2025-10-18 01:10:35.016,106951.59,7e-05,7.486611299999999
2025-10-18 01:10:35.616,106951.59,0.09355,10005.321244499999
2025-10-18 01:10:35.873,106951.6,0.01139,1218.178724
2025-10-18 01:10:36.815,106951.59,0.09355,10005.321244499999
2025-10-18 01:10:37.043,106951.6,0.22324,23875.875184
2025-10-18 01:10:37.044,106951.6,0.3466,37069.42456000001
2025-10-18 01:10:37.046,106951.6,0.01113,1190.371308
2025-10-18 01:10:37.047,106951.6,0.07097,7590.355052000001
2025-10-18 01:10:37.048,106951.6,0.03844,4111.219504000001
2025-10-18 01:10:37.049,106951.6,0.01413,1511.226108
2025-10-18 01:10:37.050,106951.6,0.14472,15478.035552
2025-10-18 01:10:37.052,106951.6,0.04313,4612.822508
2025-10-18 01:10:37.056,106951.6,0.0093,994.6498799999999
2025-10-18 01:10:37.065,106951.6,4e-05,4.2780640000000005
2025-10-18 01:10:37.084,106951.6,0.02399,2565.768884
2025-10-18 01:10:37.085,106951.6,0.01719,1838.498004
2025-10-18 01:10:37.086,106951.6,0.01439,1539.0335240000002
2025-10-18 01:10:37.089,106951.6,0.00025,26.737900000000003
2025-10-18 01:10:37.090,106951.6,0.00374,399.998984
2025-10-18 01:10:37.116,106951.6,0.19282,20622.407512
2025-10-18 01:10:37.146,106951.85,0.19487,20841.707009499998
2025-10-18 01:10:37.147,106955.87,0.00374,400.01495379999994
2025-10-18 01:10:37.159,106958.0,0.00043,45.99194
2025-10-18 01:10:37.216,106964.43,0.0001,10.696443
2025-10-18 01:10:37.220,106965.08,6e-05,6.4179048000000005
2025-10-18 01:10:37.338,106965.08,0.028,2995.0222400000002
2025-10-18 01:10:37.339,106965.08,0.028,2995.0222400000002
2025-10-18 01:10:37.858,106965.07,0.09354,10005.5126478
2025-10-18 01:10:38.141,106965.08,9e-05,9.6268572
2025-10-18 01:10:38.823,106965.07,0.09354,10005.5126478
2025-10-18 01:10:39.505,106965.07,9e-05,9.626856300000002
2025-10-18 01:10:39.769,106965.07,0.00028,29.9502196
2025-10-18 01:10:39.827,106965.07,0.09354,10005.5126478
2025-10-18 01:10:40.262,106965.07,0.01055,1128.4814885
2025-10-18 01:10:40.407,106965.07,0.01144,1223.6804008000001
2025-10-18 01:10:40.542,106965.08,0.0024,256.716192
2025-10-18 01:10:40.591,106965.08,0.00329,351.9151132
2025-10-18 01:10:40.868,106965.07,0.09354,10005.5126478
2025-10-18 01:10:41.102,106965.07,0.00014,14.9751098
2025-10-18 01:10:41.225,106965.08,0.00151,161.5172708
2025-10-18 01:10:41.295,106965.07,0.0084,898.506588
2025-10-18 01:10:41.296,106964.89,0.0001,10.696489
2025-10-18 01:10:41.297,106964.05,0.00015,16.044607499999998
2025-10-18 01:10:41.305,106961.49,0.00845,903.8245905
2025-10-18 01:10:41.309,106961.47,0.0002,21.392294
2025-10-18 01:10:41.315,106961.01,0.00015,16.044151499999998
2025-10-18 01:10:41.319,106960.01,0.00015,16.044001499999997
2025-10-18 01:10:41.327,106958.46,0.0001,10.695846000000001
2025-10-18 01:10:41.329,106951.85,0.012,1283.4222000000002
2025-10-18 01:10:41.330,106951.85,0.012,1283.4222000000002
2025-10-18 01:10:41.350,106951.85,0.00321,343.3154385
2025-10-18 01:10:41.576,106951.6,5e-05,5.347580000000001
2025-10-18 01:10:41.650,106951.6,6e-05,6.417096000000001
2025-10-18 01:10:41.827,106951.61,8e-05,8.556128800000002
2025-10-18 01:10:42.017,106951.6,0.09355,10005.32218
2025-10-18 01:10:42.183,106951.61,0.00047,50.2672567
2025-10-18 01:10:43.190,106951.6,0.09355,10005.32218
2025-10-18 01:10:44.317,106951.6,0.09355,10005.32218
2025-10-18 01:10:44.353,106951.61,0.00071,75.93564310000001
2025-10-18 01:10:44.486,106951.61,0.0086,919.783846
2025-10-18 01:10:44.573,106951.61,0.011,1176.46771
2025-10-18 01:10:44.591,106951.61,0.028,2994.6450800000002
2025-10-18 01:10:45.058,106951.61,0.002,213.90322
2025-10-18 01:10:45.065,106951.61,0.009,962.56449
2025-10-18 01:10:45.214,106951.6,0.012,1283.4192
2025-10-18 01:10:45.215,106951.6,0.012,1283.4192
2025-10-18 01:10:45.216,106951.6,0.012,1283.4192
2025-10-18 01:10:45.283,106951.59,0.02146,2295.1811214
2025-10-18 01:10:45.285,106951.5,0.0011,117.64665000000001
2025-10-18 01:10:45.286,106950.54,5e-05,5.347527
2025-10-18 01:10:45.292,106948.45,0.00169,180.7428805
2025-10-18 01:10:45.412,106948.44,0.09355,10005.026562
2025-10-18 01:10:45.451,106948.45,0.005,534.74225
2025-10-18 01:10:45.792,106948.45,0.00081,86.6282445
2025-10-18 01:10:46.616,106948.44,0.09355,10005.026562
2025-10-18 01:10:46.820,106948.45,0.00387,413.8905015
2025-10-18 01:10:46.969,106948.44,0.07791,8332.3529604
2025-10-18 01:10:46.971,106948.3,0.00065,69.516395
2025-10-18 01:10:46.974,106947.31,0.00105,112.2946755
2025-10-18 01:10:46.978,106946.29,0.00145,155.07212049999998
2025-10-18 01:10:47.026,106945.19,0.0025,267.362975
2025-10-18 01:10:47.661,106945.19,0.09356,10005.7919764
2025-10-18 01:10:48.773,106945.19,0.09356,10005.7919764
2025-10-18 01:10:49.184,106945.19,0.00467,499.4340373
2025-10-18 01:10:49.322,106945.2,0.00099,105.875748
2025-10-18 01:10:49.537,106945.2,0.0005,53.4726
2025-10-18 01:10:49.967,106945.19,0.09356,10005.7919764
2025-10-18 01:10:50.368,106945.2,0.00239,255.599028
2025-10-18 01:10:50.430,106945.2,8e-05,8.555616
2025-10-18 01:10:50.634,106945.2,0.0001,10.69452
2025-10-18 01:10:50.672,106945.2,0.00093,99.459036
2025-10-18 01:10:51.050,106945.19,9e-05,9.6250671
2025-10-18 01:10:51.110,106945.19,0.09356,10005.7919764
2025-10-18 01:10:51.221,106945.2,0.00028,29.944655999999995
2025-10-18 01:10:51.393,106945.19,0.005,534.72595
2025-10-18 01:10:51.462,106945.19,0.00187,199.9875053
2025-10-18 01:10:51.978,106945.19,0.00536,573.2262184
2025-10-18 01:10:52.117,106945.19,0.09356,10005.7919764
2025-10-18 01:10:52.506,106945.19,0.35374,37830.7915106
2025-10-18 01:10:53.082,106945.18,0.09356,10005.7910408
2025-10-18 01:10:53.143,106945.18,0.00018,19.2501324
2025-10-18 01:10:54.065,106945.18,5e-05,5.347259
2025-10-18 01:10:54.072,106945.18,0.09356,10005.7910408
2025-10-18 01:10:54.170,106945.19,0.00934,998.8680746
2025-10-18 01:10:54.440,106945.19,0.00187,199.9875053
2025-10-18 01:10:54.473,106945.19,0.00037,39.5697203
2025-10-18 01:10:54.474,106945.19,0.003,320.83557
2025-10-18 01:10:54.937,106945.19,0.00029,31.014105100000002
2025-10-18 01:10:55.016,106945.18,0.06879,7356.7589322
2025-10-18 01:10:55.065,106945.19,0.028,2994.4653200000002
2025-10-18 01:10:55.072,106945.19,0.028,2994.4653200000002
2025-10-18 01:10:55.078,106945.19,0.025,2673.62975
2025-10-18 01:10:55.303,106945.18,0.012,1283.34216
2025-10-18 01:10:55.306,106945.18,0.012,1283.34216
2025-10-18 01:10:55.356,106945.19,0.09456,10112.7371664
2025-10-18 01:10:55.704,106945.18,0.005,534.7259
2025-10-18 01:10:55.721,106945.19,0.01,1069.4519
2025-10-18 01:10:56.047,106945.18,0.09356,10005.7910408
2025-10-18 01:10:56.511,106945.19,0.00046,49.1947874
2025-10-18 01:10:56.575,106945.18,9e-05,9.6250662
2025-10-18 01:10:57.291,106945.18,0.00494,528.3091892
2025-10-18 01:10:57.305,106943.73,0.00015,16.041559499999998
2025-10-18 01:10:57.315,106941.25,6e-05,6.416475
2025-10-18 01:10:57.469,106940.93,0.01028,1099.3527603999999
2025-10-18 01:10:58.205,106940.92,0.00577,617.0491084
2025-10-18 01:10:58.206,106940.9,0.0002,21.38818
2025-10-18 01:10:58.207,106940.9,0.0009,96.24681
2025-10-18 01:10:58.213,106940.01,0.0022,235.268022
2025-10-18 01:10:58.214,106940.0,0.0111,1187.034
2025-10-18 01:10:58.276,106939.01,0.00437,467.32347369999997
2025-10-18 01:10:58.289,106939.01,0.00279,298.3598379
2025-10-18 01:10:58.413,106939.01,0.00047,50.2613347
2025-10-18 01:10:58.940,106939.0,6e-05,6.41634
2025-10-18 01:10:58.993,106939.01,0.03115,3331.1501614999997
2025-10-18 01:10:59.368,106939.0,0.03631,3882.9550900000004
2025-10-18 01:10:59.650,106939.0,0.00031,33.15109
2025-10-18 01:11:00.170,106939.01,0.00014,14.971461399999997
2025-10-18 01:11:00.415,106939.0,0.00472,504.75208000000003
2025-10-18 01:11:00.617,106938.1,0.09357,10006.198017
2025-10-18 01:11:00.647,106938.1,0.011,1176.3191
2025-10-18 01:11:00.648,106935.79,0.0001,10.693579
2025-10-18 01:11:00.649,106935.12,0.00015,16.040267999999998
2025-10-18 01:11:00.650,106933.73,5e-05,5.3466865
2025-10-18 01:11:00.715,106928.68,5e-05,5.3464339999999995
2025-10-18 01:11:01.442,106924.8,0.00064,68.43187200000001
2025-10-18 01:11:01.615,106923.72,0.0002,21.384744
2025-10-18 01:11:01.634,106922.6,0.00535,572.0359100000001
2025-10-18 01:11:01.891,106922.61,0.00097,103.71493170000001
2025-10-18 01:11:01.909,106922.61,0.00025,26.7306525
2025-10-18 01:11:02.237,106922.6,0.00631,674.681606
2025-10-18 01:11:02.284,106922.6,0.002,213.8452
2025-10-18 01:11:02.286,106922.6,0.002,213.8452
2025-10-18 01:11:02.397,106922.61,0.00431,460.8364491
2025-10-18 01:11:02.575,106922.6,0.09357,10004.747682000001
2025-10-18 01:11:03.170,106922.61,0.00047,50.2536267
2025-10-18 01:11:03.547,106922.6,0.00052,55.599751999999995
2025-10-18 01:11:03.815,106922.6,0.09357,10004.747682000001
2025-10-18 01:11:03.950,106922.61,0.00134,143.2762974
2025-10-18 01:11:04.276,106922.61,0.00037,39.5613657
2025-10-18 01:11:04.571,106922.61,0.00151,161.4531411
2025-10-18 01:11:04.917,106922.6,0.09357,10004.747682000001
2025-10-18 01:11:05.331,106922.6,0.012,1283.0712
2025-10-18 01:11:05.541,106922.6,0.012,1283.0712
2025-10-18 01:11:05.555,106922.6,0.012,1283.0712
2025-10-18 01:11:05.556,106922.6,0.012,1283.0712
2025-10-18 01:11:05.883,106922.6,0.01012,1082.056712
2025-10-18 01:11:05.903,106922.6,0.00132,141.137832
2025-10-18 01:11:05.910,106919.54,0.00015,16.037930999999997
2025-10-18 01:11:05.912,106919.53,0.012,1283.03436
2025-10-18 01:11:05.916,106919.53,0.00319,341.0733007
2025-10-18 01:11:06.292,106919.07,0.0009,96.227163
2025-10-18 01:11:06.293,106919.07,0.00025,26.7297675
2025-10-18 01:11:06.294,106919.07,0.0004,42.767628
2025-10-18 01:11:06.299,106919.07,0.00875,935.5418625000002
2025-10-18 01:11:06.300,106919.07,0.00955,1021.0771185
2025-10-18 01:11:06.333,106919.07,0.00064,68.4282048
2025-10-18 01:11:06.339,106919.08,7e-05,7.4843356
2025-10-18 01:11:06.415,106916.22,0.0001,10.691622
2025-10-18 01:11:06.484,106916.22,0.00059,63.080569800000006
2025-10-18 01:11:06.914,106916.21,0.09358,10005.2189318
2025-10-18 01:11:07.179,106916.22,6e-05,6.4149732
2025-10-18 01:11:07.232,106916.22,8e-05,8.5532976
2025-10-18 01:11:07.947,106916.21,0.08098,8658.0746858
2025-10-18 01:11:08.313,106916.22,0.06942,7422.123992399999
2025-10-18 01:11:08.346,106916.22,0.00066,70.5647052
2025-10-18 01:11:09.455,106916.22,0.0007,74.841354
2025-10-18 01:11:09.526,106916.22,0.01618,1729.9044396
2025-10-18 01:11:09.959,106916.22,0.00099,105.8470578
2025-10-18 01:11:10.542,106916.21,0.00011,11.760783100000001
2025-10-18 01:11:10.616,106916.21,0.06181,6608.4909401
2025-10-18 01:11:10.758,106916.21,0.012,1282.9945200000002
2025-10-18 01:11:10.760,106916.21,0.012,1282.9945200000002
2025-10-18 01:11:10.815,106912.01,0.00015,16.0368015
2025-10-18 01:11:10.864,106912.0,0.00191,204.20192
2025-10-18 01:11:10.888,106912.0,0.01473,1574.81376
2025-10-18 01:11:10.895,106911.9,0.0009,96.22071
2025-10-18 01:11:10.904,106910.31,0.0009,96.219279
2025-10-18 01:11:10.912,106909.8,0.00666,712.019268
2025-10-18 01:11:10.923,106907.22,0.00155,165.706191
2025-10-18 01:11:10.929,106907.23,0.00464,496.0495472
2025-10-18 01:11:10.933,106907.23,0.0005,53.453615
2025-10-18 01:11:10.992,106906.0,0.00473,505.66537999999997
2025-10-18 01:11:10.995,106905.5,6e-05,6.4143300000000005
2025-10-18 01:11:10.998,106904.0,0.00335,358.1284
2025-10-18 01:11:11.015,106903.99,0.0023,245.879177
2025-10-18 01:11:11.128,106903.98,0.0026,277.95034799999996
2025-10-18 01:11:11.215,106903.97,0.00235,251.2243295
2025-10-18 01:11:11.364,106903.96,0.00235,251.224306
2025-10-18 01:11:11.415,106903.95,0.0023,245.87908499999998
2025-10-18 01:11:11.496,106903.95,0.00024,25.656948
2025-10-18 01:11:11.559,106903.94,0.0023,245.879062
2025-10-18 01:11:11.615,106903.93,0.0023,245.87903899999998
2025-10-18 01:11:11.915,106898.89,5e-05,5.3449445
2025-10-18 01:11:12.059,106897.71,0.01069,1142.7365199
2025-10-18 01:11:12.291,106897.7,0.00047,50.241918999999996
2025-10-18 01:11:12.380,106897.71,0.00017,18.172610700000003
2025-10-18 01:11:12.601,106897.71,0.0179,1913.4690090000001
2025-10-18 01:11:12.620,106897.71,0.00031,33.1382901
2025-10-18 01:11:12.867,106897.7,0.00011,11.758747
2025-10-18 01:11:12.906,106897.7,0.00011,11.758747
2025-10-18 01:11:12.956,106897.71,0.00203,217.00235130000002
2025-10-18 01:11:13.015,106894.83,0.00015,16.0342245
2025-10-18 01:11:14.122,106894.82,0.01,1068.9482
2025-10-18 01:11:14.144,106894.82,0.0936,10005.355152
2025-10-18 01:11:14.200,106894.82,0.00105,112.239561
2025-10-18 01:11:14.432,106894.82,0.0295,3153.39719
2025-10-18 01:11:14.517,106894.82,0.01,1068.9482
2025-10-18 01:11:14.519,106894.82,0.01,1068.9482
2025-10-18 01:11:15.236,106894.82,0.0936,10005.355152
2025-10-18 01:11:15.768,106894.83,0.00263,281.1334029
2025-10-18 01:11:15.787,106894.83,0.00059,63.06794970000001
2025-10-18 01:11:16.218,106894.82,0.0936,10005.355152
2025-10-18 01:11:16.340,106894.83,0.00116,123.99800280000001
2025-10-18 01:11:16.467,106894.83,6e-05,6.4136898
2025-10-18 01:11:16.586,106894.83,0.0187,1998.9333210000002
2025-10-18 01:11:16.795,106894.82,0.00053,56.6542546
2025-10-18 01:11:17.143,106894.82,0.00011,11.758430200000001
2025-10-18 01:11:17.303,106894.82,0.0936,10005.355152
2025-10-18 01:11:18.155,106894.83,0.00045,48.1026735
2025-10-18 01:11:18.217,106894.82,0.0936,10005.355152
2025-10-18 01:11:18.381,106894.83,0.0002,21.378966000000002
2025-10-18 01:11:18.818,106894.83,0.00086,91.9295538
2025-10-18 01:11:19.063,106894.82,0.0298,3185.4656360000004
2025-10-18 01:11:19.216,106894.82,0.0936,10005.355152
2025-10-18 01:11:19.734,106894.83,0.00041,43.8268803
2025-10-18 01:11:19.971,106894.82,7e-05,7.4826374
2025-10-18 01:11:20.000,106894.83,0.01,1068.9483
2025-10-18 01:11:20.258,106894.82,0.0936,10005.355152
2025-10-18 01:11:20.296,106894.82,0.012,1282.73784
2025-10-18 01:11:20.298,106894.82,0.012,1282.73784
2025-10-18 01:11:21.414,106894.83,0.00018,19.2410694
2025-10-18 01:11:21.455,106894.82,0.0936,10005.355152
2025-10-18 01:11:21.505,106894.82,0.052,5558.53064
2025-10-18 01:11:22.388,106894.82,0.0936,10005.355152
2025-10-18 01:11:22.747,106894.82,0.00036,38.4821352
2025-10-18 01:11:23.427,106894.82,0.0936,10005.355152
2025-10-18 01:11:23.710,106894.82,0.00042,44.8958244
2025-10-18 01:11:24.033,106894.82,0.0085,908.6059700000001
2025-10-18 01:11:24.061,106894.82,0.00013,13.8963266
2025-10-18 01:11:24.458,106894.83,0.00155,165.6869865
2025-10-18 01:11:24.520,106894.82,0.0936,10005.355152
2025-10-18 01:11:24.533,106894.83,0.0005,53.447415
2025-10-18 01:11:24.908,106894.83,0.24137,25801.205117100002
2025-10-18 01:11:24.938,106894.83,0.07375,7883.4937125
2025-10-18 01:11:24.958,106894.83,0.028,2993.05524
2025-10-18 01:11:24.969,106895.01,0.0001,10.689501
2025-10-18 01:11:24.973,106895.01,0.001,106.89501
2025-10-18 01:11:25.039,106897.8,0.0499,5334.20022
2025-10-18 01:11:25.041,106897.8,0.00105,112.24269
2025-10-18 01:11:25.074,106899.1,0.00474,506.70173400000004
2025-10-18 01:11:25.075,106901.0,0.00015,16.035149999999998
2025-10-18 01:11:25.080,106901.1,0.00205,219.14725500000003
2025-10-18 01:11:25.105,106901.24,0.00676,722.6523824000001
2025-10-18 01:11:25.115,106901.25,0.00149,159.2828625
2025-10-18 01:11:25.138,106901.26,0.00136,145.3857136
2025-10-18 01:11:25.152,106907.13,0.0002,21.381426
2025-10-18 01:11:25.396,106908.18,0.0006,64.14490799999999
2025-10-18 01:11:25.451,106908.18,0.0022,235.197996
2025-10-18 01:11:25.619,106908.74,0.09358,10004.5198892
2025-10-18 01:11:25.738,106908.74,0.00188,200.9884312
2025-10-18 01:11:25.910,106913.84,5e-05,5.345692
2025-10-18 01:11:26.149,106915.07,0.00031,33.1436717
2025-10-18 01:11:26.479,106915.06,0.0297,3175.377282
2025-10-18 01:11:26.485,106915.06,0.01078,1152.5443467999999
2025-10-18 01:11:26.631,106915.06,0.09358,10005.111314799999
2025-10-18 01:11:26.843,106915.07,0.002,213.83014000000003
2025-10-18 01:11:27.310,106915.07,0.01534,1640.0771738
2025-10-18 01:11:27.592,106915.06,0.00046,49.180927600000004
2025-10-18 01:11:27.601,106915.07,0.00056,59.872439199999995
2025-10-18 01:11:27.663,106915.06,0.09358,10005.111314799999
2025-10-18 01:11:27.793,106915.07,0.00892,953.6824244000002
2025-10-18 01:11:28.491,106915.07,8e-05,8.553205600000002
2025-10-18 01:11:28.522,106915.06,0.00047,50.2500782
2025-10-18 01:11:28.808,106915.06,0.09358,10005.111314799999
2025-10-18 01:11:29.033,106915.06,0.0061,652.181866
2025-10-18 01:11:29.152,106915.07,0.0061,652.1819270000001
2025-10-18 01:11:29.715,106915.07,0.00024,25.659616800000002
2025-10-18 01:11:29.882,106915.07,0.00625,668.2191875000001
2025-10-18 01:11:29.946,106915.06,0.09358,10005.111314799999
2025-10-18 01:11:30.059,106915.07,0.028,2993.6219600000004
2025-10-18 01:11:30.719,106915.07,0.01439,1538.5078573
2025-10-18 01:11:30.757,106915.7,0.01766,1888.1312619999999
2025-10-18 01:11:30.815,106917.58,5e-05,5.345879
2025-10-18 01:11:30.842,106918.85,0.00028,29.937278
2025-10-18 01:11:31.183,106918.85,0.09358,10005.465983
2025-10-18 01:11:31.481,106918.85,0.0057,609.437445
2025-10-18 01:11:31.580,106918.85,6e-05,6.415131000000001
2025-10-18 01:11:31.638,106918.86,0.00687,734.5325682
2025-10-18 01:11:31.654,106918.86,0.00025,26.729715000000002
2025-10-18 01:11:31.751,106918.85,0.03396,3630.964146
2025-10-18 01:11:32.112,106918.85,0.09358,10005.465983
2025-10-18 01:11:32.294,106918.86,6e-05,6.4151316000000005
2025-10-18 01:11:32.370,106919.35,0.00015,16.037902499999998
2025-10-18 01:11:32.547,106919.35,9e-05,9.622741500000002
2025-10-18 01:11:32.629,106919.35,0.0187,1999.3918450000003
2025-10-18 01:11:32.683,106919.35,0.00128,136.85676800000002
2025-10-18 01:11:32.989,106919.35,0.00608,650.069648
2025-10-18 01:11:33.248,106919.34,0.09358,10005.5118372
2025-10-18 01:11:33.279,106919.34,0.00047,50.2520898
2025-10-18 01:11:33.458,106919.35,4e-05,4.2767740000000005
2025-10-18 01:11:33.592,106919.34,0.00138,147.54868919999998
2025-10-18 01:11:33.695,106919.35,0.00028,29.937417999999997
2025-10-18 01:11:33.853,106919.34,0.08,8553.547199999999
2025-10-18 01:11:33.954,106919.35,0.00073,78.0511255
2025-10-18 01:11:34.290,106919.34,0.00011,11.7611274
2025-10-18 01:11:34.438,106919.34,0.09358,10005.5118372
2025-10-18 01:11:35.215,106919.19,0.0002,21.383838
2025-10-18 01:11:35.471,106918.76,0.09358,10005.4575608
2025-10-18 01:11:35.504,106918.76,0.00041,43.836691599999995
2025-10-18 01:11:36.264,106918.76,0.0007,74.843132
2025-10-18 01:11:36.554,106918.76,0.09358,10005.4575608
2025-10-18 01:11:37.006,106918.77,0.00224,239.49804479999997
2025-10-18 01:11:37.695,106918.76,0.09358,10005.4575608
2025-10-18 01:11:38.033,106918.77,0.00046,49.1826342
2025-10-18 01:11:38.631,106918.76,0.00018,19.2453768
2025-10-18 01:11:38.717,106918.76,0.09358,10005.4575608
2025-10-18 01:11:38.752,106918.76,0.016,1710.7001599999999
2025-10-18 01:11:38.968,106918.77,0.021,2245.29417
2025-10-18 01:11:38.983,106918.77,0.007,748.4313900000001
2025-10-18 01:11:39.082,106918.77,0.00093,99.4344561
2025-10-18 01:11:39.817,106918.76,0.09358,10005.4575608
2025-10-18 01:11:40.386,106918.77,0.09352,9999.0433704
2025-10-18 01:11:40.648,106918.76,0.05,5345.938
2025-10-18 01:11:40.657,106918.76,0.00041,43.836691599999995
2025-10-18 01:11:40.724,106918.76,0.00043,45.97506679999999
2025-10-18 01:11:40.766,106918.76,0.09358,10005.4575608
2025-10-18 01:11:40.867,106918.76,0.01881,2011.1418756
2025-10-18 01:11:41.553,106918.76,0.0832,8895.640832
2025-10-18 01:11:41.739,106918.77,0.001,106.91877000000001
2025-10-18 01:11:41.817,106918.76,0.09358,10005.4575608
2025-10-18 01:11:41.962,106918.77,0.028,2993.7255600000003
2025-10-18 01:11:42.170,106918.77,0.09352,9999.0433704
2025-10-18 01:11:42.241,106918.76,0.0002,21.383752
2025-10-18 01:11:42.266,106918.77,0.01,1069.1877
2025-10-18 01:11:42.423,106918.77,0.006,641.5126200000001
2025-10-18 01:11:42.899,106918.77,0.004,427.67508000000004
2025-10-18 01:11:42.999,106918.76,0.09358,10005.4575608
2025-10-18 01:11:43.152,106918.77,0.028,2993.7255600000003
2025-10-18 01:11:43.153,106918.77,0.018,1924.53786
2025-10-18 01:11:43.650,106918.76,0.00277,296.1649652
2025-10-18 01:11:43.667,106918.76,0.00575,614.78287
2025-10-18 01:11:43.676,106918.76,0.00026,27.798877599999997
2025-10-18 01:11:43.897,106918.77,0.00469,501.4490313
2025-10-18 01:11:43.988,106918.76,0.09358,10005.4575608
2025-10-18 01:11:44.002,106918.77,0.028,2993.7255600000003
2025-10-18 01:11:44.005,106918.76,0.0166,1774.851416
2025-10-18 01:11:44.021,106918.77,0.028,2993.7255600000003
2025-10-18 01:11:44.051,106918.76,0.00134,143.27113839999998
2025-10-18 01:11:44.201,106918.77,0.028,2993.7255600000003
2025-10-18 01:11:44.218,106918.77,0.028,2993.7255600000003
2025-10-18 01:11:44.513,106918.77,0.00051,54.528572700000005
2025-10-18 01:11:44.520,106918.77,0.003,320.75631000000004
2025-10-18 01:11:44.636,106918.76,0.00175,187.10783
2025-10-18 01:11:44.877,106918.77,0.00163,174.2775951
2025-10-18 01:11:45.071,106918.76,0.09358,10005.4575608
2025-10-18 01:11:45.114,106918.77,0.025,2672.96925
2025-10-18 01:11:45.128,106918.77,0.028,2993.7255600000003
2025-10-18 01:11:45.494,106918.76,0.01325,1416.67357
2025-10-18 01:11:45.564,106918.77,0.00028,29.937255599999997
2025-10-18 01:11:45.739,106918.77,0.00077,82.3274529
2025-10-18 01:11:45.779,106918.76,0.00026,27.798877599999997
2025-10-18 01:11:46.028,106918.77,0.00092,98.3652684
2025-10-18 01:11:46.108,106918.76,0.09358,10005.4575608
2025-10-18 01:11:46.568,106918.77,0.01,1069.1877
2025-10-18 01:11:46.573,106918.76,0.0033,352.831908
2025-10-18 01:11:47.026,106918.76,0.00176,188.1770176
2025-10-18 01:11:47.046,106918.77,0.0001,10.691877000000002
2025-10-18 01:11:47.152,106918.76,0.09358,10005.4575608
2025-10-18 01:11:47.482,106918.77,0.00019,20.314566300000003
2025-10-18 01:11:47.499,106918.77,0.0008,85.53501600000001
2025-10-18 01:11:47.500,106918.77,0.01439,1538.5611003000001
2025-10-18 01:11:47.502,106918.77,0.18329,19597.1413533
2025-10-18 01:11:47.504,106918.77,0.02879,3078.1913883
2025-10-18 01:11:47.505,106918.77,0.06751,7218.0861627
2025-10-18 01:11:47.506,106918.77,0.23004,24595.5938508
2025-10-18 01:11:47.507,106921.75,6e-05,6.415305
2025-10-18 01:11:47.530,106925.95,5e-05,5.3462975
2025-10-18 01:11:47.533,106926.94,0.00158,168.9445652
2025-10-18 01:11:47.536,106926.94,0.01439,1538.6786666
2025-10-18 01:11:47.555,106931.9,0.0146,1561.2057399999999
2025-10-18 01:11:47.560,106931.9,0.00145,155.05125499999997
2025-10-18 01:11:47.591,106934.22,0.0007,74.853954
2025-10-18 01:11:47.597,106935.15,0.02,2138.703
2025-10-18 01:11:47.598,106935.15,0.028,2994.1841999999997
2025-10-18 01:11:47.759,106935.15,0.00979,1046.8951184999999
2025-10-18 01:11:47.763,106935.15,0.13059,13964.6612385
2025-10-18 01:11:47.787,106935.15,0.02812,3007.0164179999997
2025-10-18 01:11:47.789,106935.15,0.0167,1785.8170049999999
2025-10-18 01:11:47.791,106935.15,0.01046,1118.541669
2025-10-18 01:11:47.792,106935.15,0.01621,1733.4187814999998
2025-10-18 01:11:47.794,106935.15,0.02278,2435.982717
2025-10-18 01:11:47.797,106935.15,0.0055,588.1433249999999
2025-10-18 01:11:47.799,106935.15,0.004,427.7406
2025-10-18 01:11:47.814,106935.15,0.00025,26.7337875
2025-10-18 01:11:47.867,106935.23,0.0001,10.693523
2025-10-18 01:11:47.922,106936.88,5e-05,5.346844000000001
2025-10-18 01:11:47.950,106937.99,8e-05,8.555039200000001
2025-10-18 01:11:47.992,106938.0,0.26553,28395.24714
2025-10-18 01:11:48.023,106940.58,0.00014,14.971681199999999
2025-10-18 01:11:48.029,106940.58,0.01036,1107.9044088
2025-10-18 01:11:48.217,106940.57,0.09356,10005.359729200001
2025-10-18 01:11:48.291,106940.57,0.00017,18.179896900000003
2025-10-18 01:11:48.305,106942.78,0.0717,7667.797326
2025-10-18 01:11:48.341,106942.78,0.22389,23943.4190142
2025-10-18 01:11:48.371,106942.78,0.0029,310.134062
2025-10-18 01:11:48.403,106942.79,0.00095,101.59565049999999
2025-10-18 01:11:48.434,106945.19,0.02802,2996.6042238
2025-10-18 01:11:48.707,106951.0,6e-05,6.41706
2025-10-18 01:11:48.720,106954.92,0.00123,131.5545516
2025-10-18 01:11:48.831,106954.92,0.00011,11.7650412
2025-10-18 01:11:48.876,106954.92,0.00059,63.103402800000005
2025-10-18 01:11:49.065,106954.91,0.0007,74.868437
2025-10-18 01:11:49.306,106954.91,0.09355,10005.6318305
2025-10-18 01:11:50.347,106954.91,0.09355,10005.6318305
2025-10-18 01:11:50.354,106954.92,0.00779,833.1788268
2025-10-18 01:11:50.908,106954.91,0.00601,642.7990091
2025-10-18 01:11:51.487,106954.91,0.09355,10005.6318305
2025-10-18 01:11:51.553,106954.91,0.0001,10.695491
2025-10-18 01:11:51.825,106954.91,6e-05,6.4172946
2025-10-18 01:11:52.527,106954.91,0.09355,10005.6318305
2025-10-18 01:11:52.539,106954.92,0.015,1604.3238
2025-10-18 01:11:52.546,106954.92,0.013,1390.4139599999999
2025-10-18 01:11:52.631,106954.91,0.00454,485.57529139999997
2025-10-18 01:11:52.678,106954.92,0.028,2994.73776
2025-10-18 01:11:52.679,106954.91,5e-05,5.3477455
2025-10-18 01:11:52.973,106954.92,0.0001,10.695492
2025-10-18 01:11:53.558,106954.91,0.09355,10005.6318305
2025-10-18 01:11:53.612,106954.92,0.007,748.68444
2025-10-18 01:11:53.663,106954.92,0.021,2246.05332
2025-10-18 01:11:53.666,106954.92,0.028,2994.73776
2025-10-18 01:11:53.865,106954.92,0.0144,1540.150848
2025-10-18 01:11:53.965,106954.91,0.00934,998.9588593999999
2025-10-18 01:11:54.724,106954.91,0.00068,72.72933880000001
2025-10-18 01:11:54.751,106954.91,0.09355,10005.6318305
2025-10-18 01:11:54.797,106954.92,0.028,2994.73776
2025-10-18 01:11:54.805,106954.92,0.028,2994.73776
2025-10-18 01:11:55.122,106954.91,0.0005,53.477455000000006
2025-10-18 01:11:55.164,106954.92,0.00047,50.268812399999995
2025-10-18 01:11:55.506,106954.91,0.012,1283.45892
2025-10-18 01:11:55.507,106954.91,0.012,1283.45892
2025-10-18 01:11:55.510,106954.91,0.012,1283.45892
2025-10-18 01:11:55.547,106954.91,0.0078,834.248298
2025-10-18 01:11:55.631,106945.91,0.02795,2989.1381845
2025-10-18 01:11:55.658,106945.55,0.012,1283.3466
2025-10-18 01:11:55.670,106945.55,0.00203,217.0994665
2025-10-18 01:11:55.940,106945.55,0.09356,10005.825658000002
2025-10-18 01:11:56.518,106945.39,0.0002,21.389078
2025-10-18 01:11:56.526,106945.39,0.00534,571.0883826
2025-10-18 01:11:56.884,106945.4,0.0077,823.4795799999999
2025-10-18 01:11:56.892,106945.4,0.01044,1116.5099759999998
2025-10-18 01:11:56.898,106945.4,0.00396,423.503784
2025-10-18 01:11:56.900,106945.4,0.0013,139.02901999999997
2025-10-18 01:11:56.906,106945.4,0.02067,2210.561418
2025-10-18 01:11:56.907,106945.4,0.01577,1686.5289579999999
2025-10-18 01:11:56.911,106945.4,0.08702,9306.388708
2025-10-18 01:11:56.912,106945.4,0.2485,26575.9319
2025-10-18 01:11:56.915,106945.56,0.0121,1294.041276
2025-10-18 01:11:56.919,106945.56,0.0144,1540.016064
2025-10-18 01:11:56.920,106948.3,5e-05,5.347415000000001
2025-10-18 01:11:56.944,106956.25,0.00165,176.4778125
2025-10-18 01:11:56.956,106960.03,0.00935,1000.0762805
2025-10-18 01:11:56.969,106960.03,0.028,2994.88084
2025-10-18 01:11:56.989,106960.03,0.00288,308.0448864
2025-10-18 01:11:57.117,106960.02,1.4902,159391.821804
2025-10-18 01:11:57.130,106960.02,0.09355,10006.109871
2025-10-18 01:11:57.242,106960.03,0.0009,96.264027
2025-10-18 01:11:57.302,106960.03,0.23703,25352.7359109
2025-10-18 01:11:57.333,106960.03,0.07995,8551.4543985
2025-10-18 01:11:57.341,106960.03,0.00935,1000.0762805
2025-10-18 01:11:57.382,106960.03,0.11384,12176.329815199999
2025-10-18 01:11:57.428,106960.03,0.11274,12058.673782200001
2025-10-18 01:11:57.516,106960.03,5e-05,5.3480015000000005
2025-10-18 01:11:57.701,106960.03,0.00934,999.0066801999999
2025-10-18 01:11:58.416,106960.02,0.09354,10005.0402708
2025-10-18 01:11:58.446,106960.03,0.00191,204.2936573
2025-10-18 01:11:58.590,106960.02,0.00989,1057.8345978
2025-10-18 01:11:59.447,106960.02,0.09354,10005.0402708
2025-10-18 01:12:00.093,106960.03,0.0733,7840.170199
2025-10-18 01:12:00.435,106960.02,0.09354,10005.0402708
2025-10-18 01:12:00.613,106960.02,0.012,1283.52024
2025-10-18 01:12:00.720,106960.03,0.00027,28.8792081
2025-10-18 01:12:00.726,106960.02,0.012,1283.52024
2025-10-18 01:12:00.741,106960.02,0.13776,14734.8123552
2025-10-18 01:12:00.742,106959.72,5e-05,5.347986000000001
2025-10-18 01:12:00.743,106959.26,0.00015,16.043888999999997
2025-10-18 01:12:00.853,106955.02,5e-05,5.347751000000001
2025-10-18 01:12:00.854,106952.13,0.01366,1460.9660958000002
2025-10-18 01:12:01.217,106952.14,0.0001,10.695214
2025-10-18 01:12:01.261,106952.14,0.0001,10.695214
2025-10-18 01:12:01.435,106952.14,0.00083,88.7702762
2025-10-18 01:12:01.481,106952.14,0.00097,103.7435758
2025-10-18 01:12:01.486,106952.14,0.00687,734.7612018
2025-10-18 01:12:01.517,106952.13,0.09355,10005.3717615
2025-10-18 01:12:01.583,106952.13,9e-05,9.6256917
2025-10-18 01:12:01.787,106952.14,0.0018,192.51385199999999
2025-10-18 01:12:01.861,106952.14,0.0018,192.51385199999999
2025-10-18 01:12:01.938,106952.14,9e-05,9.6256926
2025-10-18 01:12:02.617,106952.13,0.09355,10005.3717615
2025-10-18 01:12:02.960,106952.13,0.00427,456.68559510000006
2025-10-18 01:12:03.264,106952.14,0.00081,86.6312334
2025-10-18 01:12:03.272,106952.13,0.012,1283.4255600000001
2025-10-18 01:12:03.275,106952.13,0.012,1283.4255600000001
2025-10-18 01:12:03.582,106952.13,0.09355,10005.3717615
2025-10-18 01:12:04.053,106952.13,0.012,1283.4255600000001
2025-10-18 01:12:04.055,106952.13,0.012,1283.4255600000001
2025-10-18 01:12:04.674,106952.13,0.09355,10005.3717615
2025-10-18 01:12:04.979,106952.14,0.0018,192.51385199999999
2025-10-18 01:12:05.112,106952.14,0.02627,2809.6327178
2025-10-18 01:12:05.415,106949.86,0.00015,16.042479
2025-10-18 01:12:05.419,106949.86,0.0018,192.509748
2025-10-18 01:12:05.479,106949.86,0.00179,191.4402494
2025-10-18 01:12:05.758,106949.85,0.09355,10005.1584675
2025-10-18 01:12:05.915,106946.99,0.00025,26.736747500000003
2025-10-18 01:12:05.948,106945.91,0.00475,507.9930725
2025-10-18 01:12:05.949,106945.91,0.012,1283.35092
2025-10-18 01:12:05.975,106945.91,0.00164,175.3912924
2025-10-18 01:12:06.015,106941.15,5e-05,5.3470575
2025-10-18 01:12:06.240,106941.14,0.00963,1029.8431782
2025-10-18 01:12:06.484,106941.14,0.0012,128.329368
2025-10-18 01:12:06.634,106941.14,0.00642,686.5621188
2025-10-18 01:12:06.817,106941.13,0.09356,10005.4121228
2025-10-18 01:12:07.023,106941.14,0.0015,160.41171
2025-10-18 01:12:07.123,106941.13,0.09709,10382.9143117
2025-10-18 01:12:07.125,106940.69,0.03291,3519.4181079000005
2025-10-18 01:12:07.127,106938.0,6e-05,6.41628
2025-10-18 01:12:07.131,106937.37,0.04142,4429.3458654
2025-10-18 01:12:07.136,106935.8,0.00011,11.762938
2025-10-18 01:12:07.144,106934.75,6e-05,6.416085
2025-10-18 01:12:07.149,106932.56,5e-05,5.346628
2025-10-18 01:12:07.153,106932.16,0.01232,1317.4042112
2025-10-18 01:12:07.155,106932.16,0.0007,74.852512
2025-10-18 01:12:07.162,106932.08,0.0084,898.229472
2025-10-18 01:12:07.164,106931.07,0.04696,5021.4830472
2025-10-18 01:12:07.168,106931.07,0.00104,111.2083128
2025-10-18 01:12:07.169,106930.0,0.01472,1574.0096
2025-10-18 01:12:07.170,106927.39,0.01404,1501.2605556
2025-10-18 01:12:07.197,106928.19,0.01439,1538.6966541
2025-10-18 01:12:07.202,106928.19,0.01037,1108.8453303000001
2025-10-18 01:12:07.209,106927.54,0.00073,78.0571042
2025-10-18 01:12:07.215,106927.12,0.01842,1969.5975503999998
2025-10-18 01:12:07.228,106919.94,0.00137,146.4803178
2025-10-18 01:12:07.248,106919.92,6e-05,6.4151952
2025-10-18 01:12:07.258,106919.92,0.00442,472.58604640000004
2025-10-18 01:12:07.266,106918.77,0.012,1283.0252400000002
2025-10-18 01:12:07.319,106918.77,0.00111,118.67983470000001
2025-10-18 01:12:07.360,106919.95,0.00015,16.037992499999998
2025-10-18 01:12:07.368,106918.77,0.00015,16.0378155
2025-10-18 01:12:07.380,106918.76,0.00137,146.4787012
2025-10-18 01:12:07.432,106913.36,0.0015,160.37004000000002
2025-10-18 01:12:07.500,106910.0,0.002,213.82
2025-10-18 01:12:07.502,106909.69,0.04,4276.3876
2025-10-18 01:12:07.535,106909.69,0.00433,462.91895769999996
2025-10-18 01:12:07.625,106909.69,0.04,4276.3876
2025-10-18 01:12:07.674,106909.69,6e-05,6.4145814
2025-10-18 01:12:07.875,106909.69,0.04,4276.3876
2025-10-18 01:12:07.940,106909.69,0.09358,10004.6087902
2025-10-18 01:12:08.259,106909.7,0.00013,13.898260999999998
2025-10-18 01:12:08.975,106909.7,0.01638,1751.1808859999999
2025-10-18 01:12:09.016,106909.69,0.09358,10004.6087902
2025-10-18 01:12:09.297,106909.7,0.08736,9339.631392
2025-10-18 01:12:09.320,106909.7,0.00075,80.182275
2025-10-18 01:12:09.531,106909.7,0.0499,5334.79403
2025-10-18 01:12:09.554,106909.7,0.03095,3308.8552149999996
2025-10-18 01:12:09.651,106909.7,0.0103,1101.16991
2025-10-18 01:12:10.173,106909.69,0.09358,10004.6087902
2025-10-18 01:12:10.513,106909.69,0.0305,3260.745545
2025-10-18 01:12:11.018,106909.7,0.00028,29.934715999999998
2025-10-18 01:12:11.262,106909.69,0.09358,10004.6087902
2025-10-18 01:12:11.418,106909.7,9e-05,9.621873
2025-10-18 01:12:11.485,106909.69,0.0002,21.381938
2025-10-18 01:12:11.938,106909.7,0.00935,999.6056950000001
2025-10-18 01:12:12.030,106909.69,0.00082,87.6659458
2025-10-18 01:12:12.031,106909.69,0.00092,98.3569148
2025-10-18 01:12:12.032,106909.69,0.00088,94.0805272
2025-10-18 01:12:12.033,106909.69,0.00092,98.3569148
2025-10-18 01:12:12.034,106909.69,0.00088,94.0805272
2025-10-18 01:12:12.051,106909.69,0.00696,744.0914424
2025-10-18 01:12:12.056,106909.69,0.00026,27.796519399999998
2025-10-18 01:12:12.215,106904.02,0.00015,16.035603
2025-10-18 01:12:12.320,106901.41,0.0068,726.929588
2025-10-18 01:12:12.393,106901.41,0.00243,259.7704263
2025-10-18 01:12:12.415,106898.99,0.0001,10.689899
2025-10-18 01:12:12.483,106897.71,0.002,213.79542
2025-10-18 01:12:12.484,106897.71,0.002,213.79542
2025-10-18 01:12:12.510,106897.72,0.00013,13.896703599999999
2025-10-18 01:12:12.710,106897.72,0.00047,50.2419284
2025-10-18 01:12:12.739,106897.72,0.00093,99.4148796
2025-10-18 01:12:12.752,106897.72,6e-05,6.413863200000001
2025-10-18 01:12:12.762,106897.72,0.00085,90.863062
2025-10-18 01:12:12.967,106897.72,0.09353,9998.1437516
2025-10-18 01:12:13.077,106897.72,0.00049,52.3798828
2025-10-18 01:12:13.234,106897.72,0.0003,32.069316
2025-10-18 01:12:13.257,106897.72,0.00091,97.27692520000001
2025-10-18 01:12:13.287,106897.72,0.00467,499.2123524
2025-10-18 01:12:13.300,106897.72,0.01126,1203.6683272
2025-10-18 01:12:13.417,106897.71,0.09359,10004.5566789
2025-10-18 01:12:13.798,106897.72,0.00362,386.9697464
2025-10-18 01:12:14.415,106897.71,0.09359,10004.5566789
2025-10-18 01:12:15.241,106897.72,0.0062,662.765864
2025-10-18 01:12:15.555,106897.71,0.09359,10004.5566789
2025-10-18 01:12:15.733,106897.71,0.0784,8380.780464
2025-10-18 01:12:15.829,106897.72,0.00014,14.9656808
2025-10-18 01:12:15.962,106897.72,0.23386,24999.1007992
2025-10-18 01:12:16.232,106897.72,0.0008,85.51817600000001
2025-10-18 01:12:16.495,106897.72,0.00327,349.5555444
2025-10-18 01:12:16.750,106897.71,0.09359,10004.5566789
2025-10-18 01:12:16.774,106897.71,0.00023,24.5864733
2025-10-18 01:12:17.099,106897.72,0.00938,1002.7006136
2025-10-18 01:12:17.609,106897.72,0.00015,16.034658
2025-10-18 01:12:17.917,106897.72,0.00029,31.0003388
2025-10-18 01:12:17.943,106897.72,0.00094,100.4838568
2025-10-18 01:12:18.016,106897.71,0.09359,10004.5566789
2025-10-18 01:12:18.024,106897.72,0.0001,10.689772000000001
2025-10-18 01:12:18.066,106897.72,0.00724,773.9394928
2025-10-18 01:12:18.082,106897.72,0.00015,16.034658
2025-10-18 01:12:18.122,106897.72,0.00059,63.0696548
2025-10-18 01:12:18.191,106897.72,0.00043,45.9660196
2025-10-18 01:12:18.240,106897.72,0.0008,85.51817600000001
2025-10-18 01:12:18.301,106897.72,0.09354,9999.2127288
2025-10-18 01:12:18.310,106897.72,0.00106,113.3115832
2025-10-18 01:12:18.495,106897.71,0.0104,1111.736184
2025-10-18 01:12:18.538,106897.71,0.00018,19.2415878
2025-10-18 01:12:18.575,106897.72,0.00019,20.3105668
2025-10-18 01:12:18.718,106897.72,0.00066,70.5524952
2025-10-18 01:12:18.863,106897.72,0.00015,16.034658
2025-10-18 01:12:18.946,106897.72,0.0005,53.44886
2025-10-18 01:12:19.040,106897.72,0.00011,11.7587492
2025-10-18 01:12:19.129,106897.72,0.00575,614.66189
2025-10-18 01:12:19.170,106897.71,0.00022,23.517496200000004
2025-10-18 01:12:19.244,106897.71,0.09359,10004.5566789
2025-10-18 01:12:19.325,106897.71,0.00015,16.0346565
2025-10-18 01:12:19.410,106897.72,8e-05,8.551817600000001
2025-10-18 01:12:19.462,106897.72,0.0001,10.689772000000001
2025-10-18 01:12:20.162,106897.72,0.00044,47.0349968
2025-10-18 01:12:20.185,106897.72,0.00037,39.5521564
2025-10-18 01:12:20.335,106897.71,0.09359,10004.5566789
2025-10-18 01:12:20.415,106900.9,0.0001,10.69009
2025-10-18 01:12:20.499,106905.12,0.028,2993.34336
2025-10-18 01:12:20.542,106906.16,0.00015,16.035923999999998
2025-10-18 01:12:20.543,106906.17,0.0016,171.049872
2025-10-18 01:12:20.544,106906.87,0.0001,10.690687
2025-10-18 01:12:20.550,106908.0,0.0001,10.690800000000001
2025-10-18 01:12:20.553,106908.0,0.00031,33.14148
2025-10-18 01:12:20.606,106908.0,0.00135,144.32580000000002
2025-10-18 01:12:20.621,106909.69,0.02542,2717.6443198
2025-10-18 01:12:20.627,106910.39,0.0249,2662.068711
2025-10-18 01:12:20.750,106910.39,0.00055,58.800714500000005
2025-10-18 01:12:20.784,106910.39,0.00355,379.53188450000005
2025-10-18 01:12:21.317,106910.38,0.09358,10004.6733604
2025-10-18 01:12:21.378,106910.39,0.00517,552.7267163
2025-10-18 01:12:21.692,106910.39,0.00064,68.4226496
2025-10-18 01:12:22.020,106910.39,0.00014,14.967454599999998
2025-10-18 01:12:22.207,106910.38,0.00076,81.2518888
2025-10-18 01:12:22.345,106910.38,0.09358,10004.6733604
2025-10-18 01:12:22.418,106910.39,0.00411,439.4017029
2025-10-18 01:12:22.534,106910.38,0.00014,14.9674532
2025-10-18 01:12:22.547,106910.39,0.00054,57.7316106
2025-10-18 01:12:23.011,106910.39,0.0022,235.20285800000002
2025-10-18 01:12:23.284,106910.38,0.09358,10004.6733604
2025-10-18 01:12:23.543,106910.39,0.00049,52.3860911
2025-10-18 01:12:24.023,106910.39,0.05679,6071.4410480999995
2025-10-18 01:12:24.253,106910.39,0.01029,1100.1079131000001
2025-10-18 01:12:24.417,106910.38,0.09358,10004.6733604
2025-10-18 01:12:24.445,106910.38,0.012,1282.9245600000002
2025-10-18 01:12:24.447,106910.38,0.012,1282.9245600000002
2025-10-18 01:12:25.511,106910.38,0.09359,10005.7424642
2025-10-18 01:12:25.735,106910.39,0.0003,32.073116999999996
2025-10-18 01:12:26.252,106910.39,0.04988,5332.6902532
2025-10-18 01:12:26.331,106910.38,0.00054,57.731605200000004
2025-10-18 01:12:26.542,106910.38,0.09359,10005.7424642
2025-10-18 01:12:26.928,106910.39,0.028,2993.49092
2025-10-18 01:12:26.930,106910.39,0.006,641.46234
2025-10-18 01:12:26.931,106910.39,0.022,2352.0285799999997
2025-10-18 01:12:27.011,106910.39,0.00282,301.4872998
2025-10-18 01:12:27.606,106914.38,0.0001,10.691438000000002
2025-10-18 01:12:27.617,106917.57,0.09358,10005.3462006
2025-10-18 01:12:27.832,106917.58,0.00094,100.5025252
2025-10-18 01:12:27.833,106917.58,0.00094,100.5025252
2025-10-18 01:12:28.146,106917.58,0.00018,19.2451644
2025-10-18 01:12:28.200,106917.58,0.00105,112.263459
2025-10-18 01:12:28.223,106917.58,0.00269,287.6082902
2025-10-18 01:12:28.230,106917.57,0.00564,603.0150948
2025-10-18 01:12:28.821,106917.57,0.09358,10005.3462006
2025-10-18 01:12:29.159,106917.57,5e-05,5.3458785
2025-10-18 01:12:29.362,106917.58,0.0001,10.691758
2025-10-18 01:12:29.787,106917.57,0.1015,10852.133355000002
2025-10-18 01:12:29.868,106917.57,0.09358,10005.3462006
2025-10-18 01:12:29.950,106917.58,0.002,213.83516
2025-10-18 01:12:29.960,106917.58,0.002,213.83516
2025-10-18 01:12:30.179,106917.58,0.00028,29.936922399999997
2025-10-18 01:12:30.804,106917.58,0.37411,39998.9358538
2025-10-18 01:12:30.999,106917.57,0.09358,10005.3462006
2025-10-18 01:12:31.048,106917.57,0.06181,6608.5750017
2025-10-18 01:12:32.068,106917.57,0.01034,1105.5276738
2025-10-18 01:12:32.117,106917.57,0.09358,10005.3462006
2025-10-18 01:12:32.865,106917.58,0.00047,50.2512626
2025-10-18 01:12:33.217,106917.57,0.09358,10005.3462006
2025-10-18 01:12:33.262,106917.58,0.01866,1995.0820428
2025-10-18 01:12:33.325,106917.58,0.028,2993.6922400000003
2025-10-18 01:12:33.344,106917.58,0.028,2993.6922400000003
2025-10-18 01:12:33.929,106917.58,0.028,2993.6922400000003
2025-10-18 01:12:33.944,106917.58,0.028,2993.6922400000003
2025-10-18 01:12:33.945,106918.77,0.02275,2432.4020175
2025-10-18 01:12:33.948,106918.77,0.00188,201.0072876
2025-10-18 01:12:34.134,106918.78,0.00259,276.9196402
2025-10-18 01:12:34.232,106918.79,0.00023,24.591321699999998
2025-10-18 01:12:34.313,106918.78,0.09357,10004.3902446
2025-10-18 01:12:35.299,106918.78,0.09357,10004.3902446
2025-10-18 01:12:35.499,106918.78,0.077,8232.74606
2025-10-18 01:12:35.741,106918.78,0.00027,28.8680706
2025-10-18 01:12:36.115,106918.79,0.02365,2528.6293835
2025-10-18 01:12:36.223,106918.81,0.00014,14.968633399999998
2025-10-18 01:12:36.224,106918.81,6e-05,6.4151286
2025-10-18 01:12:36.227,106920.81,0.0005,53.460405
2025-10-18 01:12:36.238,106920.82,0.004,427.68328
2025-10-18 01:12:36.285,106924.69,0.00015,16.0387035
2025-10-18 01:12:36.298,106927.79,0.028,2993.9781199999998
2025-10-18 01:12:36.388,106927.78,0.09357,10005.2323746
2025-10-18 01:12:37.000,106927.79,0.02783,2975.8003957
2025-10-18 01:12:37.415,106933.62,0.0018,192.480516
2025-10-18 01:12:37.416,106936.04,0.09357,10006.0052628
2025-10-18 01:12:37.629,106936.05,0.028,2994.2094
2025-10-18 01:12:37.639,106936.04,0.00026,27.803370399999995
2025-10-18 01:12:37.753,106936.05,0.028,2994.2094
2025-10-18 01:12:37.780,106936.05,0.006,641.6163
2025-10-18 01:12:37.786,106936.05,0.022,2352.5931
2025-10-18 01:12:38.260,106936.04,0.016,1710.9766399999999
2025-10-18 01:12:38.607,106936.04,0.09357,10006.0052628
2025-10-18 01:12:39.171,106936.04,0.00748,799.8815791999999
2025-10-18 01:12:39.422,106936.05,5e-05,5.346802500000001
2025-10-18 01:12:39.617,106936.04,0.09357,10006.0052628
2025-10-18 01:12:40.436,106936.04,0.00018,19.2484872
2025-10-18 01:12:40.470,106936.05,0.00015,16.0404075
2025-10-18 01:12:40.685,106936.04,0.09357,10006.0052628
2025-10-18 01:12:40.759,106936.04,0.0032,342.195328
2025-10-18 01:12:41.078,106936.05,0.00056,59.884187999999995
2025-10-18 01:12:41.245,106936.04,9e-05,9.6242436
2025-10-18 01:12:41.576,106936.04,8e-05,8.5548832
2025-10-18 01:12:41.695,106936.05,0.00104,111.21349199999999
2025-10-18 01:12:41.779,106936.04,0.09357,10006.0052628
2025-10-18 01:12:42.744,106936.05,0.0007,74.85523500000001
2025-10-18 01:12:42.764,106936.04,0.03607,3857.1829627999996
2025-10-18 01:12:42.840,106936.04,0.00149,159.3346996
2025-10-18 01:12:43.039,106936.04,0.0006,64.16162399999999
2025-10-18 01:12:43.041,106936.04,0.00252,269.4788208
2025-10-18 01:12:43.850,106936.03,0.09357,10006.0043271
2025-10-18 01:12:44.536,106936.03,0.00046,49.1905738
2025-10-18 01:12:44.835,106936.03,0.09357,10006.0043271
2025-10-18 01:12:45.000,106936.03,0.0013,139.016839
2025-10-18 01:12:45.725,106936.03,0.0001,10.693603
2025-10-18 01:12:45.900,106936.03,0.09357,10006.0043271
2025-10-18 01:12:46.797,106936.04,0.00026,27.803370399999995
2025-10-18 01:12:46.823,106936.03,7e-05,7.485522099999999
2025-10-18 01:12:47.015,106936.03,0.09357,10006.0043271
2025-10-18 01:12:47.071,106936.03,0.0004,42.774412
2025-10-18 01:12:47.072,106936.03,0.0004,42.774412
2025-10-18 01:12:47.761,106936.03,0.00176,188.20741280000001
2025-10-18 01:12:47.948,106936.03,0.02403,2569.6728009
2025-10-18 01:12:48.917,106936.03,0.01689,1806.1495466999997
2025-10-18 01:12:49.703,106936.04,0.00047,50.25993879999999
2025-10-18 01:12:49.908,106936.03,0.01235,1320.6599704999999
2025-10-18 01:12:50.854,106936.03,0.00976,1043.6956527999998
2025-10-18 01:12:51.733,106936.04,0.028,2994.20912
2025-10-18 01:12:51.739,106936.04,0.028,2994.20912
2025-10-18 01:12:51.790,106936.03,0.09356,10004.9349668
2025-10-18 01:12:51.895,106936.03,0.01755,1876.7273265
2025-10-18 01:12:51.906,106935.89,0.0001,10.693589000000001
2025-10-18 01:12:51.923,106935.8,0.0007,74.85506
2025-10-18 01:12:51.926,106934.74,0.012,1283.2168800000002
2025-10-18 01:12:51.949,106932.31,5e-05,5.3466155
2025-10-18 01:12:52.374,106931.76,0.001,106.93176
2025-10-18 01:12:52.376,106931.76,0.001,106.93176
2025-10-18 01:12:52.380,106931.76,0.012,1283.18112
2025-10-18 01:12:52.381,106931.76,0.00176,188.19989759999999
2025-10-18 01:12:52.383,106931.75,0.0146,1561.20355
2025-10-18 01:12:52.394,106931.73,0.0011,117.624903
2025-10-18 01:12:52.510,106931.59,0.00245,261.9823955
2025-10-18 01:12:52.583,106931.58,5e-05,5.346579
2025-10-18 01:12:52.584,106931.58,0.00225,240.59605499999998
2025-10-18 01:12:52.644,106931.58,0.08435,9019.678773
2025-10-18 01:12:52.689,106931.57,0.0023,245.942611
2025-10-18 01:12:52.815,106931.56,0.00225,240.59600999999998
2025-10-18 01:12:52.870,106931.56,7e-05,7.485209199999999
2025-10-18 01:12:52.914,106931.55,0.00202,216.001731
2025-10-18 01:12:52.935,106931.13,0.00015,16.0396695
2025-10-18 01:12:53.159,106931.13,0.00861,920.6770293
2025-10-18 01:12:53.276,106931.12,0.00475,507.92281999999994
2025-10-18 01:12:53.615,106928.82,5e-05,5.346441
2025-10-18 01:12:53.669,106928.6,0.00365,390.28939
2025-10-18 01:12:53.670,106928.36,0.011,1176.2119599999999
2025-10-18 01:12:53.673,106928.36,0.011,1176.2119599999999
2025-10-18 01:12:53.917,106928.36,0.07809,8350.0356324
2025-10-18 01:12:54.025,106928.25,6e-05,6.415695
2025-10-18 01:12:54.031,106927.92,0.00191,204.2323272
2025-10-18 01:12:54.216,106925.46,5e-05,5.346273000000001
2025-10-18 01:12:54.315,106923.49,0.0002,21.384698000000004
2025-10-18 01:12:54.353,106922.79,0.0028,299.383812
2025-10-18 01:12:54.613,106922.78,0.012,1283.07336
2025-10-18 01:12:54.663,106922.79,9e-05,9.6230511
2025-10-18 01:12:54.977,106922.78,0.012,1283.07336
2025-10-18 01:12:54.999,106922.78,0.09357,10004.7645246
2025-10-18 01:12:55.074,106922.79,0.00442,472.5987318
2025-10-18 01:12:55.598,106922.79,0.00467,499.32942929999996
2025-10-18 01:12:56.088,106922.78,0.09357,10004.7645246
2025-10-18 01:12:56.543,106922.79,6e-05,6.4153674
2025-10-18 01:12:57.316,106922.78,0.09357,10004.7645246
2025-10-18 01:12:57.880,106922.79,0.0018,192.46102199999999
2025-10-18 01:12:58.317,106922.78,0.09357,10004.7645246
2025-10-18 01:12:58.576,106922.79,8e-05,8.5538232
2025-10-18 01:12:58.674,106922.79,7e-05,7.484595299999999
2025-10-18 01:12:59.417,106922.78,0.09357,10004.7645246
2025-10-18 01:12:59.783,106922.79,0.09351,9998.350092899998
2025-10-18 01:13:00.113,106922.79,0.00239,255.5454681
2025-10-18 01:13:00.450,106922.78,0.09357,10004.7645246
2025-10-18 01:13:00.487,106930.88,0.00854,913.1897152000001
2025-10-18 01:13:00.502,106933.48,0.00015,16.040021999999997
2025-10-18 01:13:00.509,106937.47,0.00015,16.0406205
2025-10-18 01:13:01.039,106940.06,0.0158,1689.6529480000002
2025-10-18 01:13:01.316,106942.79,0.0002,21.388558
2025-10-18 01:13:01.525,106945.9,0.09356,10005.858404
2025-10-18 01:13:01.583,106945.9,9e-05,9.625131
2025-10-18 01:13:02.022,106945.91,0.00018,19.250263800000003
2025-10-18 01:13:02.242,106945.9,6e-05,6.416754
2025-10-18 01:13:02.504,106945.9,0.09356,10005.858404
2025-10-18 01:13:02.972,106945.9,0.00047,50.264573
2025-10-18 01:13:02.991,106945.9,0.00345,368.963355
2025-10-18 01:13:03.033,106945.9,0.0013,139.02966999999998
2025-10-18 01:13:03.490,106945.9,0.09356,10005.858404
2025-10-18 01:13:03.990,106945.9,0.0001,10.69459
2025-10-18 01:13:04.444,106945.91,0.028,2994.4854800000003
2025-10-18 01:13:04.513,106945.91,0.003,320.83773
2025-10-18 01:13:04.523,106945.91,0.025,2673.64775
2025-10-18 01:13:04.581,106945.9,0.09356,10005.858404
2025-10-18 01:13:04.670,106945.91,9e-05,9.625131900000001
2025-10-18 01:13:05.111,106945.91,0.028,2994.4854800000003
2025-10-18 01:13:05.134,106945.9,0.00201,214.96125899999998
2025-10-18 01:13:05.714,106945.9,0.09355,10004.788944999998
2025-10-18 01:13:06.486,106945.9,0.01305,1395.643995
2025-10-18 01:13:06.697,106945.9,0.09187,9825.119832999999
2025-10-18 01:13:06.984,106945.91,0.0935,9999.442585
2025-10-18 01:13:07.034,106945.91,0.09517,10178.042254700002
2025-10-18 01:13:08.277,106945.9,0.00464,496.228976
2025-10-18 01:13:08.321,106945.9,0.00121,129.40453899999997
2025-10-18 01:13:08.625,106945.9,0.00052,55.611867999999994
2025-10-18 01:13:08.669,106945.91,8e-05,8.555672800000002
2025-10-18 01:13:09.499,106945.91,0.00074,79.1399734
2025-10-18 01:13:09.582,106945.91,0.00047,50.2645777
2025-10-18 01:13:09.731,106945.91,0.01,1069.4591
2025-10-18 01:13:09.860,106945.91,0.00013,13.9029683
2025-10-18 01:13:10.663,106945.91,0.24031,25700.171632100002
2025-10-18 01:13:10.678,106945.91,0.0086,919.734826
2025-10-18 01:13:10.795,106945.9,0.00012,12.833508
2025-10-18 01:13:11.425,106945.9,6e-05,6.416754
2025-10-18 01:13:12.470,106945.91,0.014,1497.2427400000001
2025-10-18 01:13:12.524,106945.91,0.014,1497.2427400000001
2025-10-18 01:13:13.018,106945.91,0.00029,31.0143139
2025-10-18 01:13:13.511,106945.91,0.00093,99.4596963
2025-10-18 01:13:13.575,106945.91,0.00016,17.111345600000003
2025-10-18 01:13:13.584,106945.91,6e-05,6.4167546
2025-10-18 01:13:13.694,106945.91,0.008,855.5672800000001
2025-10-18 01:13:14.006,106945.91,0.0028,299.448548
2025-10-18 01:13:14.245,106945.9,0.00397,424.57522299999994
2025-10-18 01:13:14.276,106945.91,0.001,106.94591000000001
2025-10-18 01:13:14.317,106945.9,0.09355,10004.788944999998
2025-10-18 01:13:14.386,106945.91,0.019,2031.97229
2025-10-18 01:13:14.810,106945.9,6e-05,6.416754
2025-10-18 01:13:15.317,106945.9,0.09355,10004.788944999998
2025-10-18 01:13:15.560,106945.91,0.028,2994.4854800000003
2025-10-18 01:13:16.416,106945.9,0.09355,10004.788944999998
2025-10-18 01:13:16.586,106945.91,6e-05,6.4167546
2025-10-18 01:13:16.616,106945.91,0.00365,390.3525715
2025-10-18 01:13:16.618,106945.9,0.00017,18.180803
2025-10-18 01:13:17.092,106945.9,0.00018,19.250262
2025-10-18 01:13:17.307,106945.91,0.00013,13.9029683
2025-10-18 01:13:17.349,106945.91,0.00108,115.50158280000001
2025-10-18 01:13:17.547,106945.9,0.09355,10004.788944999998
2025-10-18 01:13:17.854,106945.9,8e-05,8.555672
2025-10-18 01:13:18.551,106945.91,0.00026,27.8059366
2025-10-18 01:13:18.587,106945.9,0.09355,10004.788944999998
2025-10-18 01:13:19.410,106945.91,0.00015,16.0418865
2025-10-18 01:13:19.676,106945.9,0.09355,10004.788944999998
2025-10-18 01:13:19.764,106945.91,0.021,2245.8641100000004
2025-10-18 01:13:19.765,106945.91,0.00135,144.3769785
2025-10-18 01:13:19.799,106949.54,0.0002,21.389908
2025-10-18 01:13:19.802,106952.32,0.007,748.66624
2025-10-18 01:13:19.810,106952.31,0.00047,50.2675857
2025-10-18 01:13:20.156,106952.31,0.00131,140.1075261
2025-10-18 01:13:20.191,106952.31,0.00087,93.0485097
2025-10-18 01:13:20.364,106952.31,0.00111,118.7170641
2025-10-18 01:13:20.816,106952.31,0.09355,10005.388600499999
2025-10-18 01:13:21.073,106952.31,0.00026,27.807600599999997
2025-10-18 01:13:21.808,106956.6,0.00083,88.773978
2025-10-18 01:13:21.902,106956.59,0.09355,10005.788994499999
2025-10-18 01:13:21.985,106956.6,0.004,427.82640000000004
2025-10-18 01:13:22.021,106956.6,0.012,1283.4792
2025-10-18 01:13:22.026,106956.6,0.01,1069.566
2025-10-18 01:13:22.101,106956.6,0.016,1711.3056000000001
2025-10-18 01:13:22.172,106956.59,0.01354,1448.1922286
2025-10-18 01:13:22.194,106956.59,0.00047,50.269597299999994
2025-10-18 01:13:22.196,106956.6,0.00017,18.182622000000002
2025-10-18 01:13:22.891,106956.59,0.09355,10005.788994499999
2025-10-18 01:13:23.579,106956.59,0.005,534.78295
2025-10-18 01:13:23.791,106956.6,0.028,2994.7848000000004
2025-10-18 01:13:23.803,106956.6,0.028,2994.7848000000004
2025-10-18 01:13:23.878,106956.59,0.09355,10005.788994499999
2025-10-18 01:13:24.817,106956.59,0.09355,10005.788994499999
2025-10-18 01:13:25.029,106956.59,0.00019,20.3217521
2025-10-18 01:13:25.437,106956.6,0.001,106.95660000000001
2025-10-18 01:13:25.476,106956.6,0.023,2460.0018
2025-10-18 01:13:25.479,106956.6,0.027,2887.8282
2025-10-18 01:13:25.664,106956.6,0.005,534.783
2025-10-18 01:13:25.857,106956.6,0.00195,208.56537
2025-10-18 01:13:25.951,106956.59,0.09354,10004.7194286
2025-10-18 01:13:25.962,106956.6,0.026,2780.8716
2025-10-18 01:13:25.982,106956.6,0.002,213.91320000000002
2025-10-18 01:13:26.001,106956.6,0.028,2994.7848000000004
2025-10-18 01:13:26.908,106956.6,0.028,2994.7848000000004
2025-10-18 01:13:26.919,106956.6,0.028,2994.7848000000004
2025-10-18 01:13:27.035,106956.59,0.09354,10004.7194286
2025-10-18 01:13:27.241,106956.59,0.00096,102.6783264
2025-10-18 01:13:27.526,106956.59,0.0009,96.260931
2025-10-18 01:13:27.725,106956.6,0.00654,699.496164
2025-10-18 01:13:28.127,106956.59,0.09354,10004.7194286
2025-10-18 01:13:28.189,106956.6,0.00936,1001.113776
2025-10-18 01:13:28.309,106956.6,0.00303,324.078498
2025-10-18 01:13:28.588,106956.59,0.03,3208.6976999999997
2025-10-18 01:13:29.317,106956.59,0.09354,10004.7194286
2025-10-18 01:13:30.316,106956.59,0.09354,10004.7194286
2025-10-18 01:13:31.259,106956.59,0.00014,14.973922599999998
2025-10-18 01:13:31.489,106956.59,0.09354,10004.7194286
2025-10-18 01:13:31.797,106956.59,0.00014,14.973922599999998
2025-10-18 01:13:32.639,106956.59,0.09354,10004.7194286
2025-10-18 01:13:32.748,106956.59,8e-05,8.5565272
2025-10-18 01:13:32.934,106956.6,0.00014,14.973924
2025-10-18 01:13:33.382,106956.6,0.00102,109.09573200000001
2025-10-18 01:13:33.731,106956.59,0.09354,10004.7194286
2025-10-18 01:13:33.880,106956.59,0.00017,18.1826203
2025-10-18 01:13:34.429,106956.6,0.00014,14.973924
2025-10-18 01:13:34.443,106956.6,0.00467,499.487322
2025-10-18 01:13:34.558,106956.59,0.09412,10066.754250799999
2025-10-18 01:13:34.927,106956.59,0.09354,10004.7194286
2025-10-18 01:13:34.957,106956.6,0.00013,13.904358
2025-10-18 01:13:35.185,106956.6,0.00408,436.38292800000005
2025-10-18 01:13:35.437,106956.6,0.00093,99.46963800000002
2025-10-18 01:13:35.610,106956.6,7e-05,7.486962
2025-10-18 01:13:36.016,106956.59,0.09354,10004.7194286
2025-10-18 01:13:36.073,106956.6,0.00092,98.40007200000001
2025-10-18 01:13:36.173,106956.6,0.028,2994.7848000000004
2025-10-18 01:13:36.791,106956.6,0.00019,20.321754000000002
2025-10-18 01:13:37.017,106956.59,0.09354,10004.7194286
2025-10-18 01:13:37.031,106956.6,5e-05,5.347830000000001
2025-10-18 01:13:37.245,106956.6,0.00047,50.269602
2025-10-18 01:13:37.904,106956.6,0.02337,2499.575742
2025-10-18 01:13:38.017,106956.59,0.09354,10004.7194286
2025-10-18 01:13:38.071,106956.6,0.00015,16.04349
2025-10-18 01:13:38.265,106956.6,0.00544,581.8439040000001
2025-10-18 01:13:38.751,106956.59,6e-05,6.4173954
2025-10-18 01:13:39.031,106956.59,0.09354,10004.7194286
2025-10-18 01:13:39.924,106956.6,0.1,10695.660000000002
2025-10-18 01:13:40.032,106956.59,0.00094,100.53919459999999
2025-10-18 01:13:40.117,106956.59,0.09354,10004.7194286
2025-10-18 01:13:40.543,106956.6,0.00032,34.22611200000001
2025-10-18 01:13:41.206,106956.6,0.00401,428.895966
2025-10-18 01:13:41.316,106956.59,0.09354,10004.7194286
2025-10-18 01:13:41.665,106956.6,0.00033,35.295678
2025-10-18 01:13:42.043,106956.59,0.0003,32.086977
2025-10-18 01:13:42.138,106956.6,0.0001,10.695660000000002
2025-10-18 01:13:42.143,106956.59,0.05,5347.8295
2025-10-18 01:13:42.317,106956.59,0.09354,10004.7194286
2025-10-18 01:13:43.347,106956.59,0.09354,10004.7194286
2025-10-18 01:13:43.490,106956.59,0.00047,50.269597299999994
2025-10-18 01:13:43.631,106956.6,0.00018,19.252188000000004
2025-10-18 01:13:44.384,106956.59,0.09354,10004.7194286
2025-10-18 01:13:44.538,106956.59,0.05714,6111.4995526
2025-10-18 01:13:45.027,106956.6,0.00081,86.634846
2025-10-18 01:13:45.317,106956.59,0.09354,10004.7194286
2025-10-18 01:13:45.348,106956.6,0.00047,50.269602
2025-10-18 01:13:46.001,106956.59,0.00016,17.1130544
2025-10-18 01:13:46.463,106956.59,0.09354,10004.7194286
2025-10-18 01:13:46.576,106956.59,5e-05,5.3478295000000005
2025-10-18 01:13:46.735,106956.6,0.0835,8930.876100000001
2025-10-18 01:13:46.988,106956.59,0.0004,42.782636000000004
2025-10-18 01:13:47.086,106956.6,0.028,2994.7848000000004
2025-10-18 01:13:47.382,106956.59,0.0009,96.260931
2025-10-18 01:13:47.466,106956.59,0.00324,346.5393516
2025-10-18 01:13:47.503,106956.59,0.09354,10004.7194286
2025-10-18 01:13:48.264,106956.6,0.00023,24.600018000000002
2025-10-18 01:13:48.517,106956.59,0.09354,10004.7194286
2025-10-18 01:13:49.526,106956.59,0.09354,10004.7194286
2025-10-18 01:13:49.581,106956.59,0.00088,94.1217992
2025-10-18 01:13:50.531,106956.59,0.09354,10004.7194286
2025-10-18 01:13:51.616,106956.6,0.00057,60.965262
2025-10-18 01:13:51.617,106956.59,0.09354,10004.7194286
2025-10-18 01:13:51.968,106956.59,0.00014,14.973922599999998
2025-10-18 01:13:52.617,106956.59,0.09354,10004.7194286
2025-10-18 01:13:53.120,106956.59,0.0056,598.956904
2025-10-18 01:13:53.618,106956.59,0.09354,10004.7194286
2025-10-18 01:13:53.731,106956.59,0.01164,1244.9747075999999
2025-10-18 01:13:53.899,106956.6,0.00934,998.974644
2025-10-18 01:13:53.916,106956.59,0.00063,67.3826517
2025-10-18 01:13:53.935,106956.59,0.00546,583.9829814
2025-10-18 01:13:54.717,106956.59,0.09354,10004.7194286
2025-10-18 01:13:55.283,106956.59,0.00081,86.6348379
2025-10-18 01:13:55.717,106956.59,0.09354,10004.7194286
2025-10-18 01:13:56.642,106956.59,0.09354,10004.7194286
2025-10-18 01:13:57.418,106956.6,0.01263,1350.8618580000002
2025-10-18 01:13:57.431,106957.99,0.00366,391.46624340000005
2025-10-18 01:13:57.453,106958.0,0.028,2994.824
2025-10-18 01:13:57.702,106958.0,0.009,962.622
2025-10-18 01:13:57.729,106957.99,0.09354,10004.8503846
2025-10-18 01:13:57.765,106958.0,0.001,106.958
2025-10-18 01:13:58.038,106958.0,0.018,1925.244
2025-10-18 01:13:58.092,106958.0,0.00013,13.904539999999999
2025-10-18 01:13:58.816,106957.99,0.09354,10004.8503846
2025-10-18 01:13:59.200,106958.0,0.01463,1564.79554
2025-10-18 01:13:59.216,106958.0,0.00205,219.2639
2025-10-18 01:13:59.228,106958.0,0.00163,174.34153999999998
2025-10-18 01:13:59.798,106957.99,0.09354,10004.8503846
2025-10-18 01:14:00.403,106957.99,0.00634,678.1136566
2025-10-18 01:14:00.419,106958.0,0.00303,324.08274
2025-10-18 01:14:00.729,106957.99,0.00332,355.1005268
2025-10-18 01:14:00.820,106957.99,7e-05,7.487059299999999
2025-10-18 01:14:00.882,106957.99,0.09354,10004.8503846
2025-10-18 01:14:01.650,106958.0,7e-05,7.48706
2025-10-18 01:14:01.677,106958.0,0.00051,54.54858
2025-10-18 01:14:01.923,106957.99,0.09354,10004.8503846
2025-10-18 01:14:03.015,106957.99,0.09354,10004.8503846
2025-10-18 01:14:03.605,106958.0,0.00074,79.14892
2025-10-18 01:14:03.606,106958.0,0.00029,31.01782
2025-10-18 01:14:03.607,106958.0,0.02216,2370.18928
2025-10-18 01:14:03.623,106958.0,0.00061,65.24437999999999
2025-10-18 01:14:04.055,106957.99,0.09354,10004.8503846
2025-10-18 01:14:04.776,106958.0,0.00772,825.71576
2025-10-18 01:14:04.801,106958.0,0.00539,576.50362
2025-10-18 01:14:04.805,106958.0,0.005,534.79
2025-10-18 01:14:04.812,106958.0,0.005,534.79
2025-10-18 01:14:04.845,106958.0,0.028,2994.824
2025-10-18 01:14:05.104,106957.99,0.00051,54.548574900000006
2025-10-18 01:14:05.117,106957.99,0.09354,10004.8503846
2025-10-18 01:14:05.501,106958.0,0.028,2994.824
2025-10-18 01:14:05.712,106958.0,0.0224,2395.8592
2025-10-18 01:14:05.769,106958.0,0.01934,2068.56772
2025-10-18 01:14:06.067,106957.99,0.09353,10003.7808047
2025-10-18 01:14:06.390,106958.0,0.08072,8633.64976
2025-10-18 01:14:06.472,106963.01,0.00015,16.044451499999997
2025-10-18 01:14:06.477,106967.57,0.04609,4930.1353013
2025-10-18 01:14:06.479,106968.0,6e-05,6.41808
2025-10-18 01:14:06.488,106968.0,0.00847,906.01896
2025-10-18 01:14:06.489,106968.0,0.01669,1785.29592
2025-10-18 01:14:06.500,106968.0,0.00422,451.40495999999996
2025-10-18 01:14:06.501,106968.0,0.01,1069.68
2025-10-18 01:14:06.511,106968.0,0.00358,382.94543999999996
2025-10-18 01:14:06.512,106968.0,0.00935,1000.1508000000001
2025-10-18 01:14:06.517,106968.0,0.0014,149.7552
2025-10-18 01:14:06.520,106968.0,0.00088,94.13184
2025-10-18 01:14:06.521,106968.11,0.00015,16.0452165
2025-10-18 01:14:06.528,106968.36,5e-05,5.348418000000001
2025-10-18 01:14:06.534,106968.36,0.0016,171.14937600000002
2025-10-18 01:14:07.155,106969.99,0.09353,10004.903164700001
2025-10-18 01:14:07.354,106969.99,0.00047,50.2758953
2025-10-18 01:14:07.382,106969.99,9e-05,9.627299100000002
2025-10-18 01:14:08.230,106970.0,0.00013,13.906099999999999
2025-10-18 01:14:08.283,106969.99,0.08434,9021.8489566
2025-10-18 01:14:08.455,106969.99,0.09353,10004.903164700001
2025-10-18 01:14:09.517,106969.99,0.09353,10004.903164700001
2025-10-18 01:14:09.939,106970.0,0.00792,847.2024
2025-10-18 01:14:10.691,106969.99,0.09353,10004.903164700001
2025-10-18 01:14:11.217,106969.99,0.00015,16.0454985
2025-10-18 01:14:11.462,106970.0,0.00044,47.0668
2025-10-18 01:14:11.833,106969.99,0.09353,10004.903164700001
2025-10-18 01:14:12.425,106972.0,0.0019,203.2468
2025-10-18 01:14:12.756,106972.0,0.00445,476.0254
2025-10-18 01:14:12.758,106975.04,0.00166,177.5785664
2025-10-18 01:14:12.759,106975.19,5e-05,5.348759500000001
2025-10-18 01:14:12.760,106976.0,0.0028,299.5328
2025-10-18 01:14:12.761,106979.99,0.00015,16.0469985
2025-10-18 01:14:12.762,106980.0,0.00935,1000.263
2025-10-18 01:14:12.767,106980.0,0.00657,702.8586
2025-10-18 01:14:12.797,106983.33,0.05288,5657.2784904
2025-10-18 01:14:12.821,106983.32,0.09351,10004.0102532
2025-10-18 01:14:12.841,106983.33,0.028,2995.53324
2025-10-18 01:14:12.863,106983.33,0.028,2995.53324
2025-10-18 01:14:12.896,106983.33,0.00272,290.99465760000004
2025-10-18 01:14:13.022,106983.32,6e-05,6.418999200000001
2025-10-18 01:14:13.181,106983.32,0.00023,24.606163600000002
2025-10-18 01:14:13.301,106983.32,0.00914,977.8275448000002
2025-10-18 01:14:13.522,106983.32,0.02852,3051.1642864
2025-10-18 01:14:13.815,106983.33,0.00335,358.3941555
2025-10-18 01:14:13.899,106983.32,0.09351,10004.0102532
2025-10-18 01:14:14.554,106983.32,0.00016,17.117331200000002
2025-10-18 01:14:14.816,106983.32,0.09351,10004.0102532
2025-10-18 01:14:15.075,106983.33,0.13226,14149.615225799998
2025-10-18 01:14:15.076,106983.33,0.09835,10521.810505500001
2025-10-18 01:14:15.461,106983.32,0.00047,50.2821604
2025-10-18 01:14:15.833,106983.33,0.00095,101.6341635
2025-10-18 01:14:15.871,106983.32,0.09351,10004.0102532
2025-10-18 01:14:15.913,106983.33,0.00014,14.9776662
2025-10-18 01:14:15.932,106983.32,0.00019,20.326830800000003
2025-10-18 01:14:16.318,106983.33,0.0001,10.698333
2025-10-18 01:14:16.470,106983.33,0.0001,10.698333
2025-10-18 01:14:16.486,106983.33,0.0001,10.698333
2025-10-18 01:14:16.569,106983.33,0.00011,11.7681663
2025-10-18 01:14:16.570,106983.33,0.01402,1499.9062866
2025-10-18 01:14:16.584,106983.32,7e-05,7.4888324
2025-10-18 01:14:16.710,106983.33,0.00047,50.2821651
2025-10-18 01:14:16.818,106983.33,8e-05,8.558666400000002
2025-10-18 01:14:16.908,106983.32,0.09351,10004.0102532
2025-10-18 01:14:16.971,106983.33,0.00019,20.3268327
2025-10-18 01:14:17.010,106983.33,0.00024,25.6759992
2025-10-18 01:14:17.045,106983.33,0.00163,174.3828279
2025-10-18 01:14:17.064,106984.41,0.0001,10.698441
2025-10-18 01:14:17.070,106984.41,0.0187,2000.6084670000002
2025-10-18 01:14:17.173,106984.41,0.00204,218.2481964
2025-10-18 01:14:17.225,106987.39,0.00012,12.8384868
2025-10-18 01:14:17.240,106989.86,0.002,213.97972000000001
2025-10-18 01:14:17.310,106989.86,0.0001,10.698986000000001
2025-10-18 01:14:17.348,106989.86,0.0003,32.096958
2025-10-18 01:14:17.443,106989.86,0.00013,13.908681799999998
2025-10-18 01:14:17.462,106989.86,0.00019,20.3280734
2025-10-18 01:14:17.887,106989.85,0.09351,10004.6208735
2025-10-18 01:14:17.892,106989.86,0.00016,17.118377600000002
2025-10-18 01:14:18.435,106989.86,0.001,106.98986000000001
2025-10-18 01:14:18.503,106989.86,0.00046,49.2153356
2025-10-18 01:14:18.713,106989.86,0.00047,50.2852342
2025-10-18 01:14:18.917,106989.85,0.09351,10004.6208735
2025-10-18 01:14:19.555,106989.85,0.00482,515.691077
2025-10-18 01:14:19.915,106989.85,0.09351,10004.6208735
2025-10-18 01:14:20.227,106989.86,0.00011,11.7688846
2025-10-18 01:14:20.282,106989.86,6e-05,6.4193916
2025-10-18 01:14:20.948,106989.85,0.09351,10004.6208735
2025-10-18 01:14:21.200,106989.85,0.012,1283.8782
2025-10-18 01:14:21.201,106989.85,0.012,1283.8782
2025-10-18 01:14:21.219,106989.31,0.00015,16.0483965
2025-10-18 01:14:21.223,106984.97,0.00015,16.047745499999998
2025-10-18 01:14:21.224,106984.97,0.00015,16.047745499999998
2025-10-18 01:14:21.225,106984.97,0.00966,1033.4748102
2025-10-18 01:14:21.732,106983.49,0.00041,43.8632309
2025-10-18 01:14:21.818,106983.5,0.00654,699.67209
2025-10-18 01:14:21.830,106983.49,0.00059,63.120259100000006
2025-10-18 01:14:21.883,106983.49,0.09352,10005.0959848
2025-10-18 01:14:22.920,106983.49,0.09352,10005.0959848
2025-10-18 01:14:23.134,106983.49,0.17449,18667.549170100003
2025-10-18 01:14:23.394,106983.5,0.00109,116.612015
2025-10-18 01:14:23.852,106983.49,0.09352,10005.0959848
2025-10-18 01:14:24.424,106983.5,0.028,2995.538
2025-10-18 01:14:24.443,106983.5,0.028,2995.538
2025-10-18 01:14:24.551,106983.49,0.00329,351.97568210000003
2025-10-18 01:14:24.791,106983.5,0.00218,233.22403
2025-10-18 01:14:24.885,106983.49,0.09351,10004.0261499
2025-10-18 01:14:25.039,106983.5,0.02159,2309.7737650000004
2025-10-18 01:14:25.062,106983.59,0.00018,19.2570462
2025-10-18 01:14:25.081,106990.18,0.02017,2157.9919305999997
2025-10-18 01:14:25.113,106990.18,0.028,2995.72504
2025-10-18 01:14:25.334,106990.18,0.06446,6896.5870028
2025-10-18 01:14:25.791,106990.17,7e-05,7.489311899999999
2025-10-18 01:14:25.919,106990.17,0.09351,10004.6507967
2025-10-18 01:14:26.617,106990.18,0.00014,14.978625199999998
2025-10-18 01:14:27.028,106990.18,0.00195,208.63085099999998
2025-10-18 01:14:27.114,106990.17,0.09351,10004.6507967
2025-10-18 01:14:27.510,106990.17,0.00015,16.048525499999997
2025-10-18 01:14:28.203,106990.17,0.09351,10004.6507967
2025-10-18 01:14:28.537,106990.18,0.00047,50.28538459999999
2025-10-18 01:14:28.885,106990.18,0.00029,31.0271522
2025-10-18 01:14:28.970,106990.17,0.00438,468.6169446
2025-10-18 01:14:29.111,106990.17,0.00047,50.285379899999995
2025-10-18 01:14:29.125,106990.17,0.00018,19.2582306
2025-10-18 01:14:29.233,106990.18,0.01,1069.9017999999999
2025-10-18 01:14:29.295,106990.17,0.09351,10004.6507967
2025-10-18 01:14:29.418,106990.17,5e-05,5.3495085
2025-10-18 01:14:29.533,106990.17,0.00081,86.6620377
2025-10-18 01:14:30.127,106990.18,0.00126,134.8076268
2025-10-18 01:14:30.334,106990.17,0.09351,10004.6507967
2025-10-18 01:14:30.837,106990.18,0.02917,3120.9035506
2025-10-18 01:14:31.103,106990.18,0.00269,287.8035842
2025-10-18 01:14:31.232,106990.17,7e-05,7.489311899999999
2025-10-18 01:14:31.417,106990.17,0.09351,10004.6507967
2025-10-18 01:14:31.613,106990.18,0.00128,136.9474304
2025-10-18 01:14:32.179,106990.18,0.00106,113.40959079999999
2025-10-18 01:14:32.517,106990.17,0.09351,10004.6507967
2025-10-18 01:14:33.617,106990.17,0.09351,10004.6507967
2025-10-18 01:14:34.342,106990.18,0.00014,14.978625199999998
2025-10-18 01:14:34.585,106990.17,0.09351,10004.6507967
2025-10-18 01:14:35.715,106983.61,0.00015,16.047541499999998
2025-10-18 01:14:35.775,106983.6,0.06395,6841.601220000001
2025-10-18 01:14:36.118,106983.61,0.00051,54.5616411
2025-10-18 01:14:36.446,106983.61,0.00098,104.84393779999999
2025-10-18 01:14:36.582,106983.61,0.00013,13.907869299999998
2025-10-18 01:14:36.592,106983.61,0.00163,174.38328429999999
2025-10-18 01:14:36.817,106983.6,0.09352,10005.106272
2025-10-18 01:14:36.874,106983.61,0.0005,53.491805
2025-10-18 01:14:36.970,106983.61,5e-05,5.3491805
2025-10-18 01:14:37.341,106983.61,0.00019,20.3268859
2025-10-18 01:14:37.894,106983.6,0.09352,10005.106272
2025-10-18 01:14:37.921,106983.61,0.00093,99.4947573
2025-10-18 01:14:38.764,106983.61,0.00047,50.282296699999996
2025-10-18 01:14:38.917,106983.6,0.09352,10005.106272
2025-10-18 01:14:39.469,106983.61,0.00453,484.63575330000003
2025-10-18 01:14:39.920,106983.6,0.00021,22.466556
2025-10-18 01:14:40.023,106983.6,0.09352,10005.106272
2025-10-18 01:14:40.399,106983.6,0.00062,66.32983200000001
2025-10-18 01:14:40.515,106983.61,0.00467,499.61345869999997
2025-10-18 01:14:41.053,106983.61,0.00093,99.4947573
2025-10-18 01:14:41.063,106983.6,0.09352,10005.106272
2025-10-18 01:14:41.160,106983.61,0.00029,31.0252469
2025-10-18 01:14:41.579,106983.6,8e-05,8.558688000000002
2025-10-18 01:14:41.760,106983.61,0.00107,114.4724627
2025-10-18 01:14:42.116,106983.6,0.09352,10005.106272
2025-10-18 01:14:42.773,106983.61,5e-05,5.3491805
2025-10-18 01:14:42.915,106983.61,0.028,2995.54108
2025-10-18 01:14:42.928,106983.61,0.028,2995.54108
2025-10-18 01:14:43.117,106983.6,0.09352,10005.106272
2025-10-18 01:14:43.978,106983.6,6e-05,6.419016000000001
2025-10-18 01:14:44.056,106983.6,0.09352,10005.106272
2025-10-18 01:14:45.017,106983.6,0.09352,10005.106272
2025-10-18 01:14:45.151,106983.61,0.00142,151.9167262
2025-10-18 01:14:46.110,106983.61,0.014,1497.77054
2025-10-18 01:14:46.255,106983.6,0.09352,10005.106272
2025-10-18 01:14:46.271,106983.61,0.00094,100.56459339999999
2025-10-18 01:14:46.321,106983.61,0.028,2995.54108
2025-10-18 01:14:47.072,106983.61,0.01599,1710.6679239
2025-10-18 01:14:47.073,106983.6,0.00011,11.768196000000001
2025-10-18 01:14:47.317,106983.6,0.09352,10005.106272
2025-10-18 01:14:47.373,106983.61,0.028,2995.54108
2025-10-18 01:14:47.382,106983.61,0.028,2995.54108
2025-10-18 01:14:47.499,106983.61,0.00015,16.047541499999998
2025-10-18 01:14:47.612,106983.6,0.00189,202.199004
2025-10-18 01:14:48.435,106983.6,0.09352,10005.106272
2025-10-18 01:14:48.620,106983.61,0.00018,19.2570498
2025-10-18 01:14:49.422,106983.6,0.09352,10005.106272
2025-10-18 01:14:49.423,106983.6,0.02995,3204.15882
2025-10-18 01:14:49.918,106983.61,0.00216,231.0845976
2025-10-18 01:14:50.133,106983.61,0.00468,500.6832948
2025-10-18 01:14:50.616,106983.61,9e-05,9.6285249
2025-10-18 01:14:50.652,106983.6,0.03506,3750.845016
2025-10-18 01:14:51.231,106983.61,0.00035,37.4442635
2025-10-18 01:14:51.424,106983.6,0.0013,139.07868
2025-10-18 01:14:51.707,106983.6,0.09352,10005.106272
2025-10-18 01:14:51.856,106983.61,0.00028,29.9554108
2025-10-18 01:14:52.151,106983.6,0.00221,236.43375600000002
2025-10-18 01:14:52.421,106983.6,6e-05,6.419016000000001
2025-10-18 01:14:52.539,106983.6,5e-05,5.3491800000000005
2025-10-18 01:14:52.583,106983.6,9e-05,9.628524
2025-10-18 01:14:52.597,106983.6,5e-05,5.3491800000000005
2025-10-18 01:14:52.645,106983.61,8e-05,8.5586888
2025-10-18 01:14:52.679,106983.6,6e-05,6.419016000000001
2025-10-18 01:14:52.694,106983.6,0.09352,10005.106272
2025-10-18 01:14:52.716,106983.6,7e-05,7.488852
2025-10-18 01:14:52.791,106983.6,6e-05,6.419016000000001
2025-10-18 01:14:52.939,106983.6,7e-05,7.488852
2025-10-18 01:14:53.015,106983.6,0.06974,7461.036264
2025-10-18 01:14:53.017,106983.32,0.0306,3273.689592
2025-10-18 01:14:53.062,106983.33,0.00081,86.6564973
2025-10-18 01:14:53.337,106983.32,0.00069,73.8184908
2025-10-18 01:14:53.817,106983.32,0.09352,10005.080086400001
2025-10-18 01:14:54.157,106983.33,0.01301,1391.8531233
2025-10-18 01:14:54.205,106983.33,0.00093,99.4944969
2025-10-18 01:14:54.323,106983.33,9e-05,9.6284997
2025-10-18 01:14:54.362,106983.32,7e-05,7.4888324
2025-10-18 01:14:54.591,106983.32,0.00387,414.0254484000001
2025-10-18 01:14:54.873,106983.32,0.09352,10005.080086400001
2025-10-18 01:14:55.373,106983.33,0.00285,304.9024905
2025-10-18 01:14:55.415,106983.32,0.13053,13964.532759600002
2025-10-18 01:14:55.475,106983.32,0.00017,18.187164400000004
2025-10-18 01:14:55.540,106983.32,0.028,2995.5329600000005
2025-10-18 01:14:55.869,106983.32,0.0006,64.189992
2025-10-18 01:14:56.014,106983.31,0.09352,10005.0791512
2025-10-18 01:14:56.115,106983.31,0.01042,1114.7660902
2025-10-18 01:14:56.332,106983.3,0.00205,219.31576500000003
2025-10-18 01:14:56.415,106983.3,0.0058,620.50314
2025-10-18 01:14:56.615,106983.29,0.00497,531.7069512999999
2025-10-18 01:14:56.815,106983.27,0.008,855.86616
2025-10-18 01:14:57.216,106983.26,0.00568,607.6649168
2025-10-18 01:14:57.218,106983.26,0.00073,78.0977798
2025-10-18 01:14:57.489,106983.25,0.05997,6415.7855025
2025-10-18 01:14:57.674,106983.25,0.06693,7160.3889225
2025-10-18 01:14:57.868,106983.25,0.00088,94.14526000000001
2025-10-18 01:14:58.017,106983.24,0.00025,26.745810000000002
2025-10-18 01:14:58.115,106983.24,0.00772,825.9106128000001
2025-10-18 01:14:58.246,106983.22,0.09352,10005.0707344
2025-10-18 01:14:58.317,106983.23,0.00218,233.2234414
2025-10-18 01:14:59.217,106983.22,0.09352,10005.0707344
2025-10-18 01:14:59.630,106983.22,0.002,213.96644
2025-10-18 01:14:59.991,106983.23,0.00075,80.2374225
2025-10-18 01:15:00.102,106983.23,0.0058,620.5027339999999
2025-10-18 01:15:00.214,106983.22,0.09352,10005.0707344
2025-10-18 01:15:00.462,106983.23,5e-05,5.3491615
2025-10-18 01:15:00.579,106983.23,0.008,855.8658399999999
2025-10-18 01:15:00.945,106983.23,0.00648,693.2513303999999
2025-10-18 01:15:00.999,106983.23,0.001,106.98322999999999
2025-10-18 01:15:01.032,106983.22,0.00098,104.8435556
2025-10-18 01:15:01.074,106983.23,0.00024,25.6759752
2025-10-18 01:15:01.114,106983.23,0.00619,662.2261937
2025-10-18 01:15:01.161,106983.23,0.001,106.98322999999999
2025-10-18 01:15:01.273,106983.23,0.018,1925.6981399999997
2025-10-18 01:15:01.342,106983.22,0.00031,33.1647982
2025-10-18 01:15:01.462,106983.22,0.07997,8555.4481034
2025-10-18 01:15:01.667,106983.22,8e-05,8.5586576
2025-10-18 01:15:02.200,106983.23,9e-05,9.6284907
2025-10-18 01:15:02.968,106983.22,0.00055,58.840771000000004
2025-10-18 01:15:03.045,106983.23,0.00119,127.31004370000001
2025-10-18 01:15:03.076,106983.22,0.00508,543.4747576000001
2025-10-18 01:15:03.242,106983.23,0.00467,499.61168409999993
2025-10-18 01:15:03.387,106983.23,0.00028,29.955304399999996
2025-10-18 01:15:03.532,106983.23,0.001,106.98322999999999
2025-10-18 01:15:03.889,106983.22,0.00047,50.2821134
2025-10-18 01:15:03.948,106983.23,0.009,962.8490699999999
2025-10-18 01:15:03.949,106983.23,0.002,213.96645999999998
2025-10-18 01:15:04.249,106983.23,0.002,213.96645999999998
2025-10-18 01:15:04.305,106983.23,0.013,1390.78199
2025-10-18 01:15:04.467,106983.23,0.001,106.98322999999999
2025-10-18 01:15:04.718,106983.23,0.00012,12.8379876
2025-10-18 01:15:05.533,106983.23,0.00026,27.815639799999996
2025-10-18 01:15:05.556,106983.23,9e-05,9.6284907
2025-10-18 01:15:06.079,106983.23,0.18591,19889.2522893
2025-10-18 01:15:07.025,106983.22,0.03515,3760.460183
2025-10-18 01:15:08.242,106983.23,0.028,2995.53044
2025-10-18 01:15:08.872,106983.22,0.00047,50.2821134
2025-10-18 01:15:09.675,106983.23,0.009,962.8490699999999
2025-10-18 01:15:09.816,106983.22,0.01156,1236.7260232
2025-10-18 01:15:10.026,106983.23,0.003,320.94969
2025-10-18 01:15:10.032,106983.23,0.019,2032.6813699999998
2025-10-18 01:15:10.149,106983.22,0.00015,16.047483
2025-10-18 01:15:10.223,106983.23,0.002,213.96645999999998
2025-10-18 01:15:10.439,106983.22,6e-05,6.4189932
2025-10-18 01:15:10.667,106983.23,0.018,1925.6981399999997
2025-10-18 01:15:10.836,106983.23,0.005,534.91615
2025-10-18 01:15:11.576,106983.22,8e-05,8.5586576
2025-10-18 01:15:11.756,106983.23,6e-05,6.4189938
2025-10-18 01:15:12.224,106983.23,0.00018,19.2569814
2025-10-18 01:15:13.100,106983.22,5e-05,5.3491610000000005
2025-10-18 01:15:13.369,106983.23,0.00082,87.72624859999999
2025-10-18 01:15:13.506,106983.21,0.01032,1104.0667272
2025-10-18 01:15:13.510,106983.21,0.012,1283.79852
2025-10-18 01:15:13.511,106983.21,0.12662,13546.214050200002
2025-10-18 01:15:13.512,106983.21,0.00025,26.745802500000003
2025-10-18 01:15:13.548,106983.2,0.22962,24565.482384
2025-10-18 01:15:13.565,106983.0,0.00148,158.33483999999999
2025-10-18 01:15:13.567,106982.0,6e-05,6.41892
2025-10-18 01:15:13.568,106981.38,0.0001,10.698138
2025-10-18 01:15:13.570,106981.38,0.00026,27.8151588
2025-10-18 01:15:13.571,106981.38,0.00044,47.0718072
2025-10-18 01:15:13.572,106981.37,0.0001,10.698137000000001
2025-10-18 01:15:13.582,106981.38,0.00187,200.0551806
2025-10-18 01:15:13.585,106980.0,0.00189,202.19219999999999
2025-10-18 01:15:13.590,106978.95,0.0014,149.77053
2025-10-18 01:15:13.597,106976.59,0.00015,16.0464885
2025-10-18 01:15:13.611,106974.56,0.00289,309.1564784
2025-10-18 01:15:13.715,106973.68,0.00015,16.046051999999996
2025-10-18 01:15:14.194,106973.68,0.0028,299.526304
2025-10-18 01:15:14.414,106973.67,0.01728,1848.5050176
2025-10-18 01:15:14.517,106973.67,0.09353,10005.2473551
2025-10-18 01:15:15.228,106973.68,0.09325,9975.29566
2025-10-18 01:15:15.509,106973.68,0.00028,29.952630399999997
2025-10-18 01:15:15.512,106973.67,0.09353,10005.2473551
2025-10-18 01:15:15.583,106973.68,0.07926,8478.733876799999
2025-10-18 01:15:15.991,106973.68,0.00014,14.976315199999998
2025-10-18 01:15:16.291,106973.68,0.00029,31.022367199999998
2025-10-18 01:15:16.599,106973.67,0.09353,10005.2473551
2025-10-18 01:15:17.795,106973.67,0.09353,10005.2473551
2025-10-18 01:15:18.343,106973.67,0.00858,917.8340886000001
2025-10-18 01:15:18.900,106973.68,0.2,21394.736
2025-10-18 01:15:18.916,106973.67,0.09353,10005.2473551
2025-10-18 01:15:18.938,106973.68,0.00044,47.0684192
2025-10-18 01:15:19.483,106973.68,0.00088,94.1368384
2025-10-18 01:15:19.529,106973.6,0.00492,526.310112
2025-10-18 01:15:19.530,106973.6,0.012,1283.6832000000002
2025-10-18 01:15:19.535,106973.6,0.00165,176.50644
2025-10-18 01:15:19.574,106973.58,0.0011,117.670938
2025-10-18 01:15:19.575,106972.62,0.00315,336.963753
2025-10-18 01:15:19.576,106969.91,0.0001,10.696991
2025-10-18 01:15:19.577,106969.2,0.00015,16.045379999999998
2025-10-18 01:15:19.582,106969.19,0.00075,80.2268925
2025-10-18 01:15:19.586,106968.85,0.0004,42.78754000000001
2025-10-18 01:15:19.592,106968.32,0.00025,26.74208
2025-10-18 01:15:19.600,106968.32,0.00015,16.045248
2025-10-18 01:15:19.617,106968.32,0.00321,343.36830720000006
2025-10-18 01:15:19.635,106967.55,0.00223,238.53763650000002
2025-10-18 01:15:19.869,106967.26,0.00759,811.8815034
2025-10-18 01:15:19.914,106967.24,0.0002,21.393448000000003
2025-10-18 01:15:19.916,106965.43,5e-05,5.3482715
2025-10-18 01:15:19.917,106965.43,0.00085,90.92061549999998
2025-10-18 01:15:19.939,106963.79,0.0001,10.696379
2025-10-18 01:15:20.045,106963.51,0.00093,99.4760643
2025-10-18 01:15:20.415,106960.81,0.0001,10.696081
2025-10-18 01:15:20.588,106960.81,0.07171,7670.1596850999995
2025-10-18 01:15:20.904,106960.8,0.09354,10005.113232
2025-10-18 01:15:21.359,106960.81,6e-05,6.4176486
2025-10-18 01:15:21.745,106960.81,0.0006,64.176486
2025-10-18 01:15:22.049,106960.8,0.09354,10005.113232
2025-10-18 01:15:23.083,106960.8,0.09354,10005.113232
2025-10-18 01:15:23.333,106960.81,8e-05,8.556864800000001
2025-10-18 01:15:23.427,106960.03,0.0538,5754.449614
2025-10-18 01:15:23.439,106960.02,0.012,1283.52024
2025-10-18 01:15:23.440,106960.02,0.012,1283.52024
2025-10-18 01:15:23.441,106960.02,0.012,1283.52024
2025-10-18 01:15:23.477,106957.5,6e-05,6.4174500000000005
2025-10-18 01:15:23.483,106955.21,0.0005,53.477605000000004
2025-10-18 01:15:23.729,106955.22,6e-05,6.417313200000001
2025-10-18 01:15:24.147,106955.22,0.00933,997.8922026
2025-10-18 01:15:24.148,106955.22,0.00934,998.9617548
2025-10-18 01:15:24.171,106955.21,0.00527,563.6539567000001
2025-10-18 01:15:24.401,106955.22,0.00044,47.0602968
2025-10-18 01:15:25.155,106955.21,0.09354,10004.590343400001
2025-10-18 01:15:25.181,106955.21,0.00045,48.129844500000004
2025-10-18 01:15:25.505,106955.22,0.0022,235.30148400000002
2025-10-18 01:15:25.736,106955.22,0.00064,68.45134080000001
2025-10-18 01:15:25.966,106955.22,0.00081,86.6337282
2025-10-18 01:15:26.217,106955.21,0.09354,10004.590343400001
2025-10-18 01:15:26.540,106955.21,0.00142,151.8763982
2025-10-18 01:15:27.217,106955.21,0.09354,10004.590343400001
2025-10-18 01:15:28.020,106955.3,0.01733,1853.5353490000002
2025-10-18 01:15:28.031,106955.3,0.00486,519.802758
2025-10-18 01:15:28.090,106955.7,0.01717,1836.4293690000002
2025-10-18 01:15:28.092,106955.7,0.01625,1738.030125
2025-10-18 01:15:28.093,106956.0,0.0003,32.0868
2025-10-18 01:15:28.095,106957.15,0.0001,10.695715
2025-10-18 01:15:28.100,106957.92,0.0009,96.26212799999999
2025-10-18 01:15:28.101,106957.93,0.00105,112.30582649999998
2025-10-18 01:15:28.103,106957.98,0.00367,392.5357866
2025-10-18 01:15:28.110,106957.98,0.00366,391.4662068
2025-10-18 01:15:28.125,106959.5,5e-05,5.347975
2025-10-18 01:15:28.138,106959.5,0.0007,74.87165
2025-10-18 01:15:28.164,106959.51,0.00106,113.37708059999999
2025-10-18 01:15:28.165,106960.18,5e-05,5.348009
2025-10-18 01:15:28.171,106965.76,0.00015,16.044863999999997
2025-10-18 01:15:28.217,106968.84,0.09354,10005.8652936
2025-10-18 01:15:28.912,106968.84,0.00012,12.8362608
2025-10-18 01:15:29.118,106968.85,0.00973,1040.8069105000002
2025-10-18 01:15:29.220,106968.85,0.02804,2999.406554
2025-10-18 01:15:29.234,106968.84,0.00027,28.8815868
2025-10-18 01:15:29.250,106968.84,0.09353,10004.795605199999
2025-10-18 01:15:29.483,106968.84,0.00091,97.34164439999999
2025-10-18 01:15:30.317,106968.84,0.09354,10005.8652936
2025-10-18 01:15:30.348,106968.85,0.00046,49.205671
2025-10-18 01:15:30.352,106968.84,0.00036,38.5087824
2025-10-18 01:15:30.585,106968.85,0.07392,7907.137392000001
2025-10-18 01:15:30.817,106968.84,0.00064,68.4600576
2025-10-18 01:15:30.978,106968.84,0.012,1283.62608
2025-10-18 01:15:31.132,106968.85,0.00151,161.5229635
2025-10-18 01:15:31.236,106968.84,0.09354,10005.8652936
2025-10-18 01:15:31.580,106968.84,0.0001,10.696884
2025-10-18 01:15:31.661,106968.85,0.00014,14.975639
2025-10-18 01:15:32.064,106968.84,0.012,1283.62608
2025-10-18 01:15:32.416,106968.84,0.09354,10005.8652936
2025-10-18 01:15:32.591,106968.84,0.012,1283.62608
2025-10-18 01:15:32.602,106968.85,0.0015,160.45327500000002
2025-10-18 01:15:32.992,106968.85,0.002,213.9377
2025-10-18 01:15:33.016,106968.84,0.00083,88.7841372
2025-10-18 01:15:33.227,106968.85,0.008,855.7508
2025-10-18 01:15:33.443,106968.84,0.09354,10005.8652936
2025-10-18 01:15:33.455,106968.84,0.01087,1162.7512907999999
2025-10-18 01:15:33.678,106968.84,0.3082,32967.79648799999
2025-10-18 01:15:33.679,106967.78,0.00015,16.045167
2025-10-18 01:15:33.680,106967.54,0.0001,10.696754
2025-10-18 01:15:33.694,106965.43,5e-05,5.3482715
2025-10-18 01:15:33.701,106961.14,0.00035,37.436399
2025-10-18 01:15:33.702,106955.2,0.00528,564.7234559999999
2025-10-18 01:15:33.741,106955.2,0.00934,998.9615679999999
2025-10-18 01:15:34.081,106955.21,0.00064,68.45133440000001
2025-10-18 01:15:34.218,106955.21,0.0001,10.695521000000001
2025-10-18 01:15:34.402,106955.2,0.00014,14.973727999999998
2025-10-18 01:15:34.631,106955.2,0.09355,10005.658959999999
2025-10-18 01:15:34.782,106955.2,0.00116,124.068032
2025-10-18 01:15:35.437,106955.2,0.00025,26.7388
2025-10-18 01:15:35.689,106955.21,0.00093,99.46834530000001
2025-10-18 01:15:35.817,106955.2,0.09355,10005.658959999999
2025-10-18 01:15:36.732,106955.2,0.0003,32.08656
2025-10-18 01:15:36.812,106955.2,0.012,1283.4624
2025-10-18 01:15:36.813,106955.2,0.00718,767.9383359999999
2025-10-18 01:15:36.814,106953.59,0.0905,9679.299895
2025-10-18 01:15:36.822,106953.59,0.012,1283.44308
2025-10-18 01:15:36.824,106953.59,0.00347,371.12895729999997
2025-10-18 01:15:37.950,106953.59,0.09355,10005.508344499998
2025-10-18 01:15:38.432,106953.6,0.02887,3087.7504320000003
2025-10-18 01:15:38.991,106953.59,0.09355,10005.508344499998
2025-10-18 01:15:39.562,106953.6,0.00037,39.572832
2025-10-18 01:15:40.017,106953.59,0.09355,10005.508344499998
2025-10-18 01:15:40.075,106953.6,0.028,2994.7008
2025-10-18 01:15:40.600,106953.6,0.07837,8381.953632
2025-10-18 01:15:41.015,106953.59,0.09355,10005.508344499998
2025-10-18 01:15:41.091,106953.59,0.0028,299.470052
2025-10-18 01:15:41.143,106953.6,0.00017,18.182112000000004
2025-10-18 01:15:42.054,106953.59,0.09355,10005.508344499998
2025-10-18 01:15:42.217,106953.6,0.005,534.768
2025-10-18 01:15:42.543,106953.6,0.00442,472.73491200000007
2025-10-18 01:15:43.093,106953.59,0.09355,10005.508344499998
2025-10-18 01:15:43.150,106953.6,0.028,2994.7008
2025-10-18 01:15:43.239,106953.59,0.0082,877.019438
2025-10-18 01:15:43.888,106953.6,0.025,2673.84
2025-10-18 01:15:44.084,106953.59,0.09355,10005.508344499998
2025-10-18 01:15:44.141,106953.6,0.003,320.86080000000004
2025-10-18 01:15:44.369,106953.6,0.00967,1034.241312
2025-10-18 01:15:44.562,106953.6,0.028,2994.7008
2025-10-18 01:15:44.566,106953.6,0.028,2994.7008
2025-10-18 01:15:45.121,106953.59,0.09355,10005.508344499998
2025-10-18 01:15:45.185,106953.6,0.028,2994.7008
2025-10-18 01:15:45.199,106953.6,0.028,2994.7008
2025-10-18 01:15:45.421,106953.6,0.00013,13.903967999999999
2025-10-18 01:15:45.586,106953.6,0.06451,6899.576736
2025-10-18 01:15:45.896,106953.59,0.00264,282.3574776
2025-10-18 01:15:46.167,106953.59,0.09355,10005.508344499998
2025-10-18 01:15:46.226,106953.6,0.028,2994.7008
2025-10-18 01:15:46.231,106953.6,0.028,2994.7008
2025-10-18 01:15:46.389,106953.6,0.00584,624.609024
2025-10-18 01:15:47.216,106953.59,0.09355,10005.508344499998
2025-10-18 01:15:47.423,106953.6,0.017,1818.2112000000002
2025-10-18 01:15:47.430,106953.6,0.011,1176.4895999999999
2025-10-18 01:15:47.431,106953.6,0.028,2994.7008
2025-10-18 01:15:47.862,106953.59,0.00024,25.6688616
2025-10-18 01:15:47.942,106953.59,0.00227,242.78464929999998
2025-10-18 01:15:48.050,106953.6,0.00046,49.19865600000001
2025-10-18 01:15:48.216,106953.59,0.09355,10005.508344499998
2025-10-18 01:15:49.278,106953.59,0.09355,10005.508344499998
2025-10-18 01:15:49.340,106953.6,0.028,2994.7008
2025-10-18 01:15:49.350,106953.59,0.00064,68.4502976
2025-10-18 01:15:49.363,106953.6,0.028,2994.7008
2025-10-18 01:15:49.523,106953.59,0.00667,713.3804452999999
2025-10-18 01:15:49.707,106953.59,5e-05,5.3476795
2025-10-18 01:15:49.832,106953.6,0.00017,18.182112000000004
2025-10-18 01:15:50.311,106953.59,0.09355,10005.508344499998
2025-10-18 01:15:50.369,106953.6,0.028,2994.7008
2025-10-18 01:15:50.380,106953.6,0.028,2994.7008
2025-10-18 01:15:50.447,106953.59,0.0001,10.695359
2025-10-18 01:15:50.518,106953.6,5e-05,5.34768
2025-10-18 01:15:51.358,106953.6,0.00017,18.182112000000004
2025-10-18 01:15:51.603,106953.59,0.09355,10005.508344499998
2025-10-18 01:15:51.849,106953.59,0.00039,41.7119001
2025-10-18 01:15:51.862,106953.59,0.00345,368.98988549999996
2025-10-18 01:15:51.875,106953.6,0.02294,2453.5155839999998
2025-10-18 01:15:52.054,106953.6,0.00234,250.27142400000002
2025-10-18 01:15:52.056,106955.21,0.0004,42.782084000000005
2025-10-18 01:15:52.113,106955.25,0.028,2994.747
2025-10-18 01:15:52.120,106955.25,0.028,2994.747
2025-10-18 01:15:52.215,106955.25,0.00191,204.2845275
2025-10-18 01:15:52.241,106960.01,0.00185,197.8760185
2025-10-18 01:15:52.382,106960.01,8e-05,8.5568008
2025-10-18 01:15:52.437,106960.01,5e-05,5.3480005
2025-10-18 01:15:52.465,106964.29,0.0069,738.053601
2025-10-18 01:15:52.531,106964.29,9e-05,9.6267861
2025-10-18 01:15:52.589,106964.3,5e-05,5.348215000000001
2025-10-18 01:15:52.594,106964.29,7e-05,7.487500299999999
2025-10-18 01:15:52.679,106964.29,6e-05,6.4178574
2025-10-18 01:15:52.680,106964.29,8e-05,8.5571432
2025-10-18 01:15:52.720,106964.29,8e-05,8.5571432
2025-10-18 01:15:52.775,106964.29,9e-05,9.6267861
2025-10-18 01:15:52.778,106964.29,0.09354,10005.439686599999
2025-10-18 01:15:52.790,106964.29,7e-05,7.487500299999999
2025-10-18 01:15:52.880,106964.29,9e-05,9.6267861
2025-10-18 01:15:52.939,106964.29,5e-05,5.3482145
2025-10-18 01:15:53.241,106964.29,0.00111,118.7303619
2025-10-18 01:15:53.632,106964.29,0.00021,22.4625009
2025-10-18 01:15:53.776,106964.29,0.09354,10005.439686599999
2025-10-18 01:15:53.833,106964.3,0.028,2995.0004000000004
2025-10-18 01:15:54.331,106964.3,0.00089,95.198227
2025-10-18 01:15:54.362,106964.29,5e-05,5.3482145
2025-10-18 01:15:54.602,106964.3,0.00016,17.114288000000002
2025-10-18 01:15:54.712,106964.29,0.09354,10005.439686599999
2025-10-18 01:15:54.776,106964.3,0.02454,2624.903922
2025-10-18 01:15:54.777,106964.31,0.00205,219.2768355
2025-10-18 01:15:54.783,106969.95,0.02033,2174.6990835
2025-10-18 01:15:55.250,106969.94,0.00574,614.0074556000001
2025-10-18 01:15:55.577,106969.95,0.0635,6792.5918249999995
2025-10-18 01:15:55.817,106969.94,0.09354,10005.9681876
2025-10-18 01:15:55.873,106969.95,0.028,2995.1586
2025-10-18 01:15:55.881,106969.95,0.002,213.9399
2025-10-18 01:15:56.037,106969.94,0.00091,97.34264540000001
2025-10-18 01:15:56.881,106969.95,0.028,2995.1586
2025-10-18 01:15:56.893,106969.95,0.028,2995.1586
2025-10-18 01:15:57.017,106969.94,0.09354,10005.9681876
2025-10-18 01:15:57.063,106969.94,0.00034,36.3697796
2025-10-18 01:15:57.153,106969.95,0.00047,50.275876499999995
2025-10-18 01:15:58.080,106969.95,0.00046,49.206177
2025-10-18 01:15:58.140,106969.94,0.09354,10005.9681876
2025-10-18 01:15:58.496,106969.95,0.028,2995.1586
2025-10-18 01:15:58.506,106969.94,0.00374,400.0675756
2025-10-18 01:15:58.525,106969.95,0.028,2995.1586
2025-10-18 01:15:59.107,106969.95,0.00141,150.8276295
2025-10-18 01:15:59.173,106969.94,0.09354,10005.9681876
2025-10-18 01:16:00.051,106969.95,0.00602,643.959099
2025-10-18 01:16:00.055,106969.94,0.012,1283.63928
2025-10-18 01:16:00.056,106969.94,0.012,1283.63928
2025-10-18 01:16:00.059,106969.94,0.012,1283.63928
2025-10-18 01:16:00.585,106969.95,0.08426,9013.287987
2025-10-18 01:16:00.617,106969.94,0.09354,10005.9681876
2025-10-18 01:16:01.662,106969.95,0.01869,1999.2683654999998
2025-10-18 01:16:01.717,106969.94,0.09354,10005.9681876
2025-10-18 01:16:01.940,106969.95,0.00069,73.8092655
2025-10-18 01:16:02.197,106969.95,0.00063,67.3910685
2025-10-18 01:16:02.583,106969.95,0.00476,509.176962
2025-10-18 01:16:02.799,106969.94,0.09354,10005.9681876
2025-10-18 01:16:03.275,106969.94,0.0002,21.393988
2025-10-18 01:16:03.799,106969.94,0.09354,10005.9681876
2025-10-18 01:16:03.886,106969.95,0.00012,12.836394
2025-10-18 01:16:04.291,106969.94,0.00018,19.2545892
2025-10-18 01:16:04.382,106969.95,9e-05,9.6272955
2025-10-18 01:16:04.942,106969.94,0.09354,10005.9681876
2025-10-18 01:16:05.182,106969.94,0.00122,130.5033268
2025-10-18 01:16:06.098,106969.94,8e-05,8.557595200000002
2025-10-18 01:16:06.108,106969.95,0.00151,161.52462450000002
2025-10-18 01:16:06.121,106969.94,0.09354,10005.9681876
2025-10-18 01:16:07.116,106969.94,0.09354,10005.9681876
2025-10-18 01:16:07.867,106969.95,5e-05,5.3484975
2025-10-18 01:16:08.262,106969.94,0.09354,10005.9681876
2025-10-18 01:16:08.919,106969.95,0.00028,29.951585999999995
2025-10-18 01:16:08.947,106969.94,0.12404,13268.5513576
2025-10-18 01:16:09.021,106969.95,0.00077,82.3668615
2025-10-18 01:16:09.390,106969.94,0.09354,10005.9681876
2025-10-18 01:16:10.086,106969.95,0.00168,179.709516
2025-10-18 01:16:10.517,106969.94,0.09354,10005.9681876
2025-10-18 01:16:11.038,106969.95,0.028,2995.1586
2025-10-18 01:16:11.140,106969.95,0.00187,200.0338065
2025-10-18 01:16:11.636,106969.94,0.09354,10005.9681876
2025-10-18 01:16:11.932,106969.95,0.00027,28.8818865
2025-10-18 01:16:12.167,106969.95,0.0629,6728.409855
2025-10-18 01:16:12.273,106969.95,0.028,2995.1586
2025-10-18 01:16:12.494,106969.94,0.00028,29.951583199999998
2025-10-18 01:16:12.617,106969.94,0.09354,10005.9681876
2025-10-18 01:16:12.716,106969.95,0.00087,93.0638565
2025-10-18 01:16:12.851,106969.94,0.00914,977.7052516000001
2025-10-18 01:16:13.124,106969.94,0.00031,33.1606814
2025-10-18 01:16:13.130,106969.95,0.028,2995.1586
2025-10-18 01:16:13.233,106969.95,0.00049,52.4152755
2025-10-18 01:16:13.711,106969.94,0.09353,10004.8984882
2025-10-18 01:16:14.647,106969.94,0.09353,10004.8984882
2025-10-18 01:16:14.740,106969.95,0.006,641.8197
2025-10-18 01:16:14.835,106969.95,0.00047,50.275876499999995
2025-10-18 01:16:15.011,106969.95,0.00053,56.694073499999995
2025-10-18 01:16:15.192,106969.94,0.00205,219.28837700000003
2025-10-18 01:16:15.282,106969.94,0.00036,38.5091784
2025-10-18 01:16:15.302,106969.95,0.46719,49975.290940499995
2025-10-18 01:16:15.532,106969.95,0.00111,118.73664450000001
2025-10-18 01:16:15.584,106969.95,0.08663,9266.806768499999
2025-10-18 01:16:15.621,106969.95,0.015,1604.5492499999998
2025-10-18 01:16:15.632,106969.94,0.00028,29.951583199999998
2025-10-18 01:16:15.724,106969.94,0.09353,10004.8984882
2025-10-18 01:16:15.741,106969.95,0.007,748.78965
2025-10-18 01:16:15.774,106969.95,0.00011,11.7666945
2025-10-18 01:16:15.829,106982.88,0.0025,267.4572
2025-10-18 01:16:15.834,106986.77,5e-05,5.349338500000001
2025-10-18 01:16:15.836,106986.78,0.09345,9997.914591
2025-10-18 01:16:15.840,106986.77,6e-05,6.4192062000000005
2025-10-18 01:16:15.949,106990.8,0.00034,36.376872000000006
2025-10-18 01:16:16.397,106992.0,0.00399,426.89807999999994
2025-10-18 01:16:16.751,106991.99,0.09352,10005.8909048
2025-10-18 01:16:16.792,106992.0,8e-05,8.55936
2025-10-18 01:16:16.856,106992.0,0.003,320.976
2025-10-18 01:16:16.991,106992.0,7e-05,7.489439999999999
2025-10-18 01:16:17.083,106992.0,0.00029,31.02768
2025-10-18 01:16:17.825,106992.0,0.0001,10.699200000000001
2025-10-18 01:16:17.829,106991.99,0.09352,10005.8909048
2025-10-18 01:16:17.891,106992.0,0.00014,14.978879999999998
2025-10-18 01:16:17.912,106992.0,0.028,2995.776
2025-10-18 01:16:18.232,106992.0,0.00019,20.328480000000003
2025-10-18 01:16:18.275,106992.0,8e-05,8.55936
2025-10-18 01:16:18.470,106992.0,0.00019,20.328480000000003
2025-10-18 01:16:18.537,106992.0,0.0001,10.699200000000001
2025-10-18 01:16:18.762,106992.0,0.028,2995.776
2025-10-18 01:16:18.870,106992.0,0.0001,10.699200000000001
2025-10-18 01:16:18.882,106992.0,0.0001,10.699200000000001
2025-10-18 01:16:18.978,106991.99,0.09351,10004.8209849
2025-10-18 01:16:19.111,106992.0,0.00012,12.83904
2025-10-18 01:16:19.916,106991.99,0.09351,10004.8209849
2025-10-18 01:16:20.311,106992.0,0.03029,3240.78768
2025-10-18 01:16:20.591,106992.0,0.07919,8472.69648
2025-10-18 01:16:20.954,106991.99,0.00026,27.8179174
2025-10-18 01:16:21.043,106992.0,0.00019,20.328480000000003
2025-10-18 01:16:21.117,106991.99,0.09351,10004.8209849
2025-10-18 01:16:21.575,106991.99,0.0001,10.699199000000002
2025-10-18 01:16:21.920,106991.99,0.03342,3575.6723058
2025-10-18 01:16:22.216,106991.99,0.09351,10004.8209849
2025-10-18 01:16:22.392,106992.0,0.00135,144.4392
2025-10-18 01:16:23.032,106991.99,0.0002,21.398398000000004
2025-10-18 01:16:23.040,106991.99,0.00467,499.6525933
2025-10-18 01:16:23.152,106992.0,0.028,2995.776
2025-10-18 01:16:23.175,106992.0,0.017,1818.864
2025-10-18 01:16:23.198,106992.0,0.001,106.992
2025-10-18 01:16:23.317,106991.99,0.09351,10004.8209849
2025-10-18 01:16:23.378,106992.0,0.01,1069.92
2025-10-18 01:16:23.495,106991.99,0.012,1283.90388
2025-10-18 01:16:23.496,106991.99,0.012,1283.90388
2025-10-18 01:16:24.323,106991.99,0.09351,10004.8209849
2025-10-18 01:16:24.959,106992.0,0.00011,11.769120000000001
2025-10-18 01:16:25.312,106991.99,0.09351,10004.8209849
2025-10-18 01:16:25.695,106991.99,0.00251,268.5498949
2025-10-18 01:16:25.702,106991.98,0.0075,802.43985
2025-10-18 01:16:25.707,106990.29,0.002,213.98058
2025-10-18 01:16:25.709,106990.29,0.012,1283.88348
2025-10-18 01:16:25.710,106990.29,0.012,1283.88348
2025-10-18 01:16:25.721,106990.2,0.0009,96.29118
2025-10-18 01:16:25.815,106989.91,0.00634,678.3160294
2025-10-18 01:16:25.879,106986.79,0.0003,32.096036999999995
2025-10-18 01:16:25.956,106986.79,0.00024,25.676829599999998
2025-10-18 01:16:26.343,106986.78,0.09352,10005.4036656
2025-10-18 01:16:27.013,106986.79,0.00302,323.1001058
2025-10-18 01:16:27.260,106986.78,0.00047,50.2837866
2025-10-18 01:16:27.500,106986.79,0.00047,50.2837913
2025-10-18 01:16:27.534,106986.78,0.09352,10005.4036656
2025-10-18 01:16:27.689,106986.78,0.00628,671.8769784
2025-10-18 01:16:27.699,106986.35,0.00432,462.181032
2025-10-18 01:16:27.701,106986.35,0.012,1283.8362000000002
2025-10-18 01:16:27.702,106986.35,0.012,1283.8362000000002
2025-10-18 01:16:27.737,106986.33,0.0002,21.397266000000002
2025-10-18 01:16:28.317,106986.17,0.01745,1866.9086665
2025-10-18 01:16:28.465,106986.18,0.00013,13.908203399999998
2025-10-18 01:16:28.534,106986.18,0.00019,20.3273742
2025-10-18 01:16:28.667,106986.17,0.09352,10005.3466184
2025-10-18 01:16:29.046,106986.17,6e-05,6.4191702
2025-10-18 01:16:29.742,106986.18,0.28039,29997.855010199994
2025-10-18 01:16:29.807,106986.17,0.09352,10005.3466184
2025-10-18 01:16:29.870,106986.17,0.00012,12.8383404
2025-10-18 01:16:29.994,106986.17,0.00231,247.1380527
2025-10-18 01:16:30.063,106986.16,0.00178,190.4353648
2025-10-18 01:16:30.584,106986.17,0.08555,9152.6668435
2025-10-18 01:16:30.781,106986.16,0.00395,422.59533200000004
2025-10-18 01:16:30.782,106986.08,0.0001,10.698608
2025-10-18 01:16:30.792,106986.15,0.0013,139.08199499999998
2025-10-18 01:16:30.795,106985.59,0.012,1283.82708
2025-10-18 01:16:30.796,106985.59,0.012,1283.82708
2025-10-18 01:16:30.856,106985.59,0.09352,10005.2923768
2025-10-18 01:16:30.927,106985.59,0.00023,24.6066857
2025-10-18 01:16:31.237,106985.6,0.00138,147.640128
2025-10-18 01:16:31.483,106985.6,0.0002,21.39712
2025-10-18 01:16:31.589,106985.59,9e-05,9.628703100000001
2025-10-18 01:16:31.595,106984.89,0.0001,10.698489
2025-10-18 01:16:31.597,106983.5,6e-05,6.41901
2025-10-18 01:16:31.598,106982.08,0.0001,10.698208000000001
2025-10-18 01:16:31.600,106981.29,0.00075,80.2359675
2025-10-18 01:16:31.609,106974.24,7e-05,7.4881968
2025-10-18 01:16:31.610,106973.51,0.0004,42.789404
2025-10-18 01:16:31.621,106973.06,0.0003,32.091918
2025-10-18 01:16:31.623,106973.06,0.00055,58.835183
2025-10-18 01:16:31.820,106973.05,0.0001,10.697305
2025-10-18 01:16:31.825,106968.77,5e-05,5.3484385
2025-10-18 01:16:32.159,106967.85,9e-05,9.627106500000002
2025-10-18 01:16:32.189,106967.86,0.00015,16.045178999999997
2025-10-18 01:16:32.408,106967.86,0.02524,2699.8687864
2025-10-18 01:16:32.713,106967.85,0.012,1283.6142000000002
2025-10-18 01:16:32.715,106967.85,0.012,1283.6142000000002
2025-10-18 01:16:32.915,106967.85,0.09353,10004.703010500001
2025-10-18 01:16:33.916,106967.85,0.09353,10004.703010500001
2025-10-18 01:16:34.276,106967.85,0.01896,2028.1104360000002
2025-10-18 01:16:34.596,106967.85,0.3,32090.355
2025-10-18 01:16:34.940,106967.85,0.09353,10004.703010500001
2025-10-18 01:16:35.832,106967.86,0.0096,1026.8914559999998
2025-10-18 01:16:36.017,106967.85,0.09353,10004.703010500001
2025-10-18 01:16:36.232,106967.85,0.07925,8477.202112500001
2025-10-18 01:16:36.403,106967.85,0.0001,10.696785
2025-10-18 01:16:37.011,106967.85,0.09353,10004.703010500001
2025-10-18 01:16:38.154,106967.85,0.09353,10004.703010500001
2025-10-18 01:16:39.316,106967.85,0.09353,10004.703010500001
2025-10-18 01:16:39.487,106967.86,0.00071,75.9471806
2025-10-18 01:16:39.564,106967.86,0.00076,81.29557360000001
2025-10-18 01:16:40.316,106967.85,0.09353,10004.703010500001
2025-10-18 01:16:40.501,106967.85,0.01745,1866.5889825000002
2025-10-18 01:16:40.516,106967.85,0.0002,21.39357
2025-10-18 01:16:40.591,106967.86,0.07793,8336.0053298
2025-10-18 01:16:40.829,106967.86,0.00019,20.323893400000003
2025-10-18 01:16:41.270,106967.85,0.09353,10004.703010500001
2025-10-18 01:16:42.317,106967.85,0.09353,10004.703010500001
2025-10-18 01:16:42.394,106967.86,0.00022,23.5329292
2025-10-18 01:16:43.450,106967.85,0.09354,10005.772689
2025-10-18 01:16:43.615,106967.85,0.10329,11048.709226500001
2025-10-18 01:16:43.979,106967.65,5e-05,5.3483825
2025-10-18 01:16:44.261,106967.65,4e-05,4.278706
2025-10-18 01:16:44.543,106967.65,0.09354,10005.753981
2025-10-18 01:16:44.552,106967.65,0.00132,141.197298
2025-10-18 01:16:44.943,106967.65,0.00047,50.274795499999996
2025-10-18 01:16:45.189,106967.66,0.00046,49.2051236
2025-10-18 01:16:45.336,106967.66,0.00071,75.9470386
2025-10-18 01:16:45.530,106967.65,0.09354,10005.753981
2025-10-18 01:16:45.581,106967.65,0.00229,244.95591849999997
2025-10-18 01:16:45.587,106967.65,0.06186,6617.018829
2025-10-18 01:16:45.916,106965.78,0.03284,3512.7562152
2025-10-18 01:16:46.346,106963.55,0.00052,55.621046
2025-10-18 01:16:46.440,106963.56,0.00025,26.74089
2025-10-18 01:16:46.514,106963.55,0.09354,10005.370467
2025-10-18 01:16:46.903,106963.56,0.00015,16.044534
2025-10-18 01:16:46.966,106963.56,0.00075,80.22267
2025-10-18 01:16:46.998,106963.55,0.01744,1865.444312
2025-10-18 01:16:47.178,106963.55,8e-05,8.557084000000001
2025-10-18 01:16:47.427,106963.55,0.012,1283.5626
2025-10-18 01:16:47.428,106963.55,0.012,1283.5626
2025-10-18 01:16:47.435,106963.56,0.0001,10.696356
2025-10-18 01:16:47.468,106963.55,0.012,1283.5626
2025-10-18 01:16:47.634,106963.55,0.009,962.6719499999999
2025-10-18 01:16:47.699,106963.56,0.001,106.96356
2025-10-18 01:16:47.864,106963.55,0.0008,85.57084
2025-10-18 01:16:47.869,106962.54,0.00374,400.03989959999996
2025-10-18 01:16:47.870,106961.44,0.00155,165.790232
2025-10-18 01:16:48.184,106961.44,0.00046,49.2022624
2025-10-18 01:16:48.315,106957.5,6e-05,6.4174500000000005
2025-10-18 01:16:48.417,106956.72,0.06341,6782.1256152
2025-10-18 01:16:48.515,106952.37,0.00015,16.042855499999998
2025-10-18 01:16:48.592,106951.35,0.03179,3399.9834165
2025-10-18 01:16:48.771,106951.34,0.00013,13.903674199999998
2025-10-18 01:16:49.141,106951.34,0.001,106.95134
2025-10-18 01:16:49.142,106951.34,0.001,106.95134
2025-10-18 01:16:49.359,106951.34,0.09354,10004.2283436
2025-10-18 01:16:49.453,106951.34,0.00012,12.8341608
2025-10-18 01:16:50.459,106951.35,0.00719,768.9802065
2025-10-18 01:16:50.570,106951.35,0.04795,5128.3172325000005
2025-10-18 01:16:50.616,106951.34,0.09355,10005.297857
2025-10-18 01:16:50.816,106951.35,0.00049,52.4061615
2025-10-18 01:16:51.079,106951.35,0.00934,998.925609
2025-10-18 01:16:51.574,106951.34,0.0187,1999.990058
2025-10-18 01:16:51.617,106951.34,0.09355,10005.297857
2025-10-18 01:16:51.901,106951.34,0.00974,1041.7060516
2025-10-18 01:16:52.069,106951.35,0.00211,225.6673485
2025-10-18 01:16:52.283,106951.34,0.00065,69.51837099999999
2025-10-18 01:16:52.817,106951.34,0.09355,10005.297857
2025-10-18 01:16:52.915,106948.09,0.0003,32.084427
2025-10-18 01:16:53.175,106946.09,8e-05,8.555687200000001
2025-10-18 01:16:53.322,106946.08,0.012,1283.35296
2025-10-18 01:16:53.324,106946.08,0.012,1283.35296
2025-10-18 01:16:53.750,106946.08,0.09355,10004.805784
2025-10-18 01:16:54.011,106946.08,8e-05,8.5556864
2025-10-18 01:16:54.035,106946.09,0.0002,21.389218
2025-10-18 01:16:54.109,106946.09,0.02935,3138.8677415
2025-10-18 01:16:54.487,106946.09,0.00931,995.6680979
2025-10-18 01:16:54.630,106946.09,6e-05,6.4167654
2025-10-18 01:16:54.717,106946.08,0.09355,10004.805784
2025-10-18 01:16:55.174,106946.09,0.00082,87.69579379999999
2025-10-18 01:16:55.515,106946.09,0.0008,85.556872
2025-10-18 01:16:55.578,106946.09,0.07622,8151.4309797999995
2025-10-18 01:16:55.717,106946.08,0.09355,10004.805784
2025-10-18 01:16:55.899,106946.08,0.00396,423.50647680000003
2025-10-18 01:16:56.800,106946.09,0.00011,11.7640699
2025-10-18 01:16:56.908,106946.08,0.09355,10004.805784
2025-10-18 01:16:57.081,106946.08,0.00636,680.1770688
2025-10-18 01:16:57.292,106946.08,0.00575,614.93996
2025-10-18 01:16:57.327,106946.08,0.01744,1865.1396352000002
2025-10-18 01:16:57.525,106946.09,0.00057,60.9592713
2025-10-18 01:16:57.570,106946.09,0.00187,199.9891883
2025-10-18 01:16:57.608,106946.08,0.00047,50.2646576
2025-10-18 01:16:57.791,106946.08,0.00035,37.431128
2025-10-18 01:16:57.905,106946.08,0.09355,10004.805784
2025-10-18 01:16:58.056,106946.08,8e-05,8.5556864
2025-10-18 01:16:58.245,106946.08,0.00542,579.6477536000001
2025-10-18 01:16:58.532,106946.09,0.00392,419.22867279999997
2025-10-18 01:16:58.733,106946.08,8e-05,8.5556864
2025-10-18 01:16:58.795,106946.08,8e-05,8.5556864
2025-10-18 01:16:58.891,106946.08,0.00019,20.319755200000003
2025-10-18 01:16:58.914,106946.08,0.012,1283.35296
2025-10-18 01:16:58.915,106946.08,0.012,1283.35296
2025-10-18 01:16:58.945,106946.08,8e-05,8.5556864
2025-10-18 01:16:59.144,106945.96,0.00015,16.041894
2025-10-18 01:16:59.150,106945.9,8e-05,8.555672
2025-10-18 01:16:59.511,106945.9,0.0027,288.75393
2025-10-18 01:16:59.645,106945.9,8e-05,8.555672
2025-10-18 01:16:59.723,106945.91,0.00075,80.2094325
2025-10-18 01:17:00.254,106945.9,0.00094,100.529146
2025-10-18 01:17:00.587,106945.91,0.07589,8116.1251099
2025-10-18 01:17:00.706,106945.9,0.09356,10005.858404
2025-10-18 01:17:00.728,106945.9,7e-05,7.486212999999999
2025-10-18 01:17:00.793,106945.9,8e-05,8.555672
2025-10-18 01:17:00.796,106945.91,0.00012,12.8335092
2025-10-18 01:17:01.211,106945.91,8e-05,8.555672800000002
2025-10-18 01:17:01.342,106945.91,0.0001,10.694591
2025-10-18 01:17:01.583,106945.9,5e-05,5.347295
2025-10-18 01:17:01.717,106945.9,0.07755,8293.654545
2025-10-18 01:17:02.703,106945.9,8e-05,8.555672
2025-10-18 01:17:02.921,106945.9,0.00185,197.849915
2025-10-18 01:17:03.289,106942.0,0.002,213.88400000000001
2025-10-18 01:17:03.621,106940.0,8e-05,8.555200000000001
2025-10-18 01:17:03.980,106940.0,0.09356,10005.306400000001
2025-10-18 01:17:04.523,106940.01,0.00045,48.12300449999999
2025-10-18 01:17:04.804,106940.0,8e-05,8.555200000000001
2025-10-18 01:17:04.816,106940.0,5e-05,5.347
2025-10-18 01:17:04.868,106940.0,9e-05,9.624600000000001
2025-10-18 01:17:04.925,106940.0,0.09356,10005.306400000001
2025-10-18 01:17:05.383,106940.01,0.06466,6914.741046599999
2025-10-18 01:17:05.728,106940.01,0.00985,1053.3590984999998
2025-10-18 01:17:05.764,106940.01,0.00074,79.1356074
2025-10-18 01:17:05.927,106940.0,0.09356,10005.306400000001
2025-10-18 01:17:06.021,106940.0,8e-05,8.555200000000001
2025-10-18 01:17:06.139,106940.01,0.00271,289.8074271
2025-10-18 01:17:06.840,106940.0,7e-05,7.485799999999999
2025-10-18 01:17:06.996,106940.0,0.02589,2768.6766
2025-10-18 01:17:07.444,106940.0,0.00025,26.735
2025-10-18 01:17:08.100,106940.01,0.011,1176.3401099999999
2025-10-18 01:17:08.330,106940.01,0.002,213.88002
2025-10-18 01:17:08.544,106940.01,0.00017,18.1798017
2025-10-18 01:17:08.568,106940.01,0.008,855.52008
2025-10-18 01:17:09.259,106940.01,0.006,641.64006
2025-10-18 01:17:09.260,106940.01,0.007,748.58007
2025-10-18 01:17:09.376,106940.01,0.022,2352.6802199999997
2025-10-18 01:17:09.661,106940.0,0.00056,59.886399999999995
2025-10-18 01:17:10.111,106940.01,0.00406,434.1764406
2025-10-18 01:17:10.408,106940.01,0.00064,68.4416064
2025-10-18 01:17:10.810,106940.01,0.00076,81.2744076
2025-10-18 01:17:11.191,106940.01,0.005,534.70005
2025-10-18 01:17:11.368,106940.0,8e-05,8.555200000000001
2025-10-18 01:17:11.530,106940.01,0.00032,34.2208032
2025-10-18 01:17:11.886,106940.01,0.008,855.52008
2025-10-18 01:17:11.900,106940.01,0.00053,56.678205299999995
2025-10-18 01:17:12.013,106940.01,0.007,748.58007
2025-10-18 01:17:12.255,106940.01,0.00014,14.971601399999997
2025-10-18 01:17:12.302,106940.01,0.008,855.52008
2025-10-18 01:17:12.854,106940.01,0.007,748.58007
2025-10-18 01:17:12.953,106940.01,0.017,1817.98017
2025-10-18 01:17:13.960,106940.01,0.004,427.76004
2025-10-18 01:17:14.192,106940.01,0.00177,189.28381770000001
2025-10-18 01:17:14.490,106940.0,0.01068,1142.1192
2025-10-18 01:17:14.679,106940.0,0.09356,10005.306400000001
2025-10-18 01:17:14.775,106940.01,0.00345,368.94303449999995
2025-10-18 01:17:14.974,106940.0,0.06008,6424.9552
2025-10-18 01:17:15.363,106940.0,0.00018,19.249200000000002
2025-10-18 01:17:15.583,106940.01,0.07487,8006.5985487
2025-10-18 01:17:15.771,106940.0,0.09356,10005.306400000001
2025-10-18 01:17:15.867,106940.0,8e-05,8.555200000000001
2025-10-18 01:17:16.563,106940.01,0.0001,10.694001
2025-10-18 01:17:16.816,106940.0,0.09356,10005.306400000001
2025-10-18 01:17:17.351,106940.01,0.00467,499.40984669999995
2025-10-18 01:17:17.514,106940.01,0.06042,6461.3154042
2025-10-18 01:17:17.515,106940.01,0.06641,7101.886064099999
2025-10-18 01:17:17.516,106940.01,0.04691,5016.5558691
2025-10-18 01:17:17.517,106940.01,0.061,6523.340609999999
2025-10-18 01:17:17.518,106940.01,0.04949,5292.4610949
2025-10-18 01:17:17.519,106940.01,0.0584,6245.296584
2025-10-18 01:17:17.522,106940.01,0.05002,5349.1393001999995
2025-10-18 01:17:17.524,106942.98,0.00015,16.041446999999998
2025-10-18 01:17:17.582,106942.99,0.008,855.5439200000001
2025-10-18 01:17:17.613,106946.0,0.00015,16.0419
2025-10-18 01:17:17.618,106949.28,0.02304,2464.1114112
2025-10-18 01:17:17.846,106949.27,0.09355,10005.104208499999
2025-10-18 01:17:18.116,106954.63,0.00151,161.50149130000003
2025-10-18 01:17:18.175,106956.79,0.027,2887.83333
2025-10-18 01:17:18.199,106956.79,0.0134,1433.220986
2025-10-18 01:17:18.207,106957.13,0.001,106.95713
2025-10-18 01:17:18.247,106957.12,0.00892,954.0575104000001
2025-10-18 01:17:18.576,106957.12,0.33746,36093.7497152
2025-10-18 01:17:18.578,106957.12,0.399,42675.89088
2025-10-18 01:17:18.580,106955.9,5e-05,5.347795
2025-10-18 01:17:18.582,106955.7,0.00095,101.60791499999999
2025-10-18 01:17:18.585,106955.45,0.00105,112.30322249999999
2025-10-18 01:17:18.587,106954.7,0.00115,122.99790499999999
2025-10-18 01:17:18.607,106954.35,0.0014,149.73609000000002
2025-10-18 01:17:18.609,106953.85,0.00015,16.0430775
2025-10-18 01:17:18.612,106952.0,0.0001,10.6952
2025-10-18 01:17:18.616,106952.0,0.00135,144.3852
2025-10-18 01:17:18.716,106948.3,0.00168,179.673144
2025-10-18 01:17:18.732,106948.29,8e-05,8.555863200000001
2025-10-18 01:17:18.785,106948.3,0.00373,398.91715899999997
2025-10-18 01:17:18.817,106948.29,0.002,213.89658
2025-10-18 01:17:18.876,106948.29,0.00072,77.0027688
2025-10-18 01:17:18.877,106946.99,0.00045,48.1261455
2025-10-18 01:17:18.891,106946.42,0.00467,499.43978139999996
2025-10-18 01:17:19.015,106941.25,6e-05,6.416475
2025-10-18 01:17:19.043,106938.18,0.00327,349.68784859999994
2025-10-18 01:17:19.068,106938.18,8e-05,8.5550544
2025-10-18 01:17:19.154,106938.18,8e-05,8.5550544
2025-10-18 01:17:19.175,106938.18,0.00235,251.304723
2025-10-18 01:17:19.179,106938.18,0.01871,2000.8133478
2025-10-18 01:17:19.426,106938.18,8e-05,8.5550544
2025-10-18 01:17:19.517,106938.18,0.00079,84.4811622
2025-10-18 01:17:19.594,106938.19,6e-05,6.4162914
2025-10-18 01:17:19.676,106938.18,9e-05,9.6244362
2025-10-18 01:17:19.754,106938.19,0.00048,51.3303312
2025-10-18 01:17:19.850,106938.18,0.03675,3929.9781149999994
2025-10-18 01:17:19.896,106938.18,0.00012,12.8325816
2025-10-18 01:17:19.915,106935.6,5e-05,5.346780000000001
2025-10-18 01:17:19.974,106935.59,0.17253,18449.5973427
2025-10-18 01:17:20.155,106935.59,8e-05,8.554847200000001
2025-10-18 01:17:20.474,106935.6,0.00467,499.389252
2025-10-18 01:17:20.585,106935.6,0.06392,6835.323552000001
2025-10-18 01:17:20.958,106935.59,0.09356,10004.8938004
2025-10-18 01:17:21.311,106935.59,8e-05,8.554847200000001
2025-10-18 01:17:21.509,106935.59,8e-05,8.554847200000001
2025-10-18 01:17:21.916,106935.59,0.09356,10004.8938004
2025-10-18 01:17:22.834,106935.59,0.00017,18.1790503
2025-10-18 01:17:23.017,106935.59,0.09356,10004.8938004
2025-10-18 01:17:23.276,106935.6,0.00082,87.687192
2025-10-18 01:17:23.354,106935.59,0.00102,109.0743018
2025-10-18 01:17:23.355,106935.59,0.00092,98.3807428
2025-10-18 01:17:23.604,106935.6,0.0006,64.16136
2025-10-18 01:17:23.627,106935.59,0.00344,367.85842959999997
2025-10-18 01:17:24.017,106935.59,0.09356,10004.8938004
2025-10-18 01:17:24.062,106935.59,0.00019,20.3177621
2025-10-18 01:17:24.187,106935.59,0.00055,58.8145745
2025-10-18 01:17:25.012,106935.6,0.0001,10.693560000000002
2025-10-18 01:17:25.099,106935.59,0.09356,10004.8938004
2025-10-18 01:17:25.278,106935.6,0.0008,85.54848000000001
2025-10-18 01:17:25.295,106935.6,7e-05,7.485492
2025-10-18 01:17:25.584,106935.6,0.06778,7248.094968000001
2025-10-18 01:17:25.848,106935.6,0.00225,240.6051
2025-10-18 01:17:26.020,106935.6,0.00935,999.8478600000001
2025-10-18 01:17:26.085,106935.59,0.09356,10004.8938004
2025-10-18 01:17:26.439,106935.6,8e-05,8.554848000000002
2025-10-18 01:17:26.536,106935.59,0.01933,2067.0649547
2025-10-18 01:17:26.575,106935.59,0.00011,11.7629149
2025-10-18 01:17:27.050,106935.59,0.00033,35.288744699999995
2025-10-18 01:17:27.174,106935.59,0.09356,10004.8938004
2025-10-18 01:17:27.396,106935.59,8e-05,8.554847200000001
2025-10-18 01:17:28.217,106935.59,0.09356,10004.8938004
2025-10-18 01:17:28.894,106935.6,0.00012,12.832272000000001
2025-10-18 01:17:29.063,106935.6,0.028,2994.1968
2025-10-18 01:17:29.068,106935.6,0.018,1924.8408
2025-10-18 01:17:29.189,106935.59,8e-05,8.554847200000001
2025-10-18 01:17:29.349,106935.59,0.09356,10004.8938004
2025-10-18 01:17:29.417,106935.6,0.002,213.87120000000002
2025-10-18 01:17:29.435,106935.59,6e-05,6.4161354
2025-10-18 01:17:29.531,106935.59,0.0011,117.629149
2025-10-18 01:17:29.657,106935.59,0.00013,13.901626699999998
2025-10-18 01:17:29.817,106935.59,8e-05,8.554847200000001
2025-10-18 01:17:29.883,106935.59,8e-05,8.554847200000001
2025-10-18 01:17:29.896,106935.6,0.006,641.6136
2025-10-18 01:17:29.927,106935.59,8e-05,8.554847200000001
2025-10-18 01:17:29.987,106935.59,0.00018,19.2484062
2025-10-18 01:17:30.148,106935.59,0.00885,946.3799715
2025-10-18 01:17:30.176,106935.6,0.002,213.87120000000002
2025-10-18 01:17:30.462,106935.59,8e-05,8.554847200000001
2025-10-18 01:17:30.481,106935.6,0.00122,130.461432
2025-10-18 01:17:30.491,106935.59,0.09356,10004.8938004
2025-10-18 01:17:30.697,106935.6,0.00082,87.687192
2025-10-18 01:17:31.026,106935.59,9e-05,9.6242031
2025-10-18 01:17:31.072,106935.59,8e-05,8.554847200000001
2025-10-18 01:17:31.595,106935.59,8e-05,8.554847200000001
2025-10-18 01:17:31.634,106935.59,0.09356,10004.8938004
2025-10-18 01:17:31.688,106935.6,0.00016,17.109696000000003
2025-10-18 01:17:32.717,106935.59,0.09356,10004.8938004
2025-10-18 01:17:33.575,106935.59,8e-05,8.554847200000001
2025-10-18 01:17:33.576,106935.6,7e-05,7.485492
2025-10-18 01:17:33.763,106935.59,0.09356,10004.8938004
2025-10-18 01:17:33.772,106935.59,8e-05,8.554847200000001
2025-10-18 01:17:33.968,106935.59,7e-05,7.485491299999999
2025-10-18 01:17:34.326,106935.6,0.00082,87.687192
2025-10-18 01:17:34.803,106935.59,0.09356,10004.8938004
2025-10-18 01:17:35.578,106935.6,0.08402,8984.729112
2025-10-18 01:17:35.916,106935.59,0.09356,10004.8938004
2025-10-18 01:17:35.917,106935.6,0.00047,50.259732
2025-10-18 01:17:36.580,106935.6,9e-05,9.624204
2025-10-18 01:17:36.934,106935.59,0.09356,10004.8938004
2025-10-18 01:17:37.109,106935.6,0.00111,118.69851600000001
2025-10-18 01:17:37.347,106935.59,0.00052,55.60650679999999
2025-10-18 01:17:37.394,106935.6,4e-05,4.277424000000001
2025-10-18 01:17:37.923,106935.59,0.09356,10004.8938004
2025-10-18 01:17:38.087,106935.59,0.0002,21.387118
2025-10-18 01:17:38.886,106935.59,0.00114,121.90657259999999
2025-10-18 01:17:38.995,106935.59,0.09356,10004.8938004
2025-10-18 01:17:39.037,106935.59,0.00708,757.1039772
2025-10-18 01:17:39.144,106935.6,7e-05,7.485492
2025-10-18 01:17:39.738,106935.59,0.00017,18.1790503
2025-10-18 01:17:39.997,106935.59,0.09356,10004.8938004
2025-10-18 01:17:40.472,106935.59,0.00023,24.5951857
2025-10-18 01:17:40.591,106935.6,0.0475,5079.441000000001
2025-10-18 01:17:41.043,106935.59,0.09356,10004.8938004
2025-10-18 01:17:41.193,106935.59,0.00017,18.1790503
2025-10-18 01:17:41.343,106935.6,0.00014,14.970984
2025-10-18 01:17:41.481,106935.59,0.00025,26.7338975
2025-10-18 01:17:41.715,106935.59,0.00022,23.5258298
2025-10-18 01:17:41.890,106935.6,0.00157,167.888892
2025-10-18 01:17:42.016,106935.59,0.09356,10004.8938004
2025-10-18 01:17:42.152,106935.59,8e-05,8.554847200000001
2025-10-18 01:17:42.868,106935.6,0.026,2780.3256
2025-10-18 01:17:42.951,106935.59,9e-05,9.6242031
2025-10-18 01:17:42.967,106935.59,0.09356,10004.8938004
2025-10-18 01:17:43.393,106935.59,0.0057,609.532863
2025-10-18 01:17:43.445,106935.59,7e-05,7.485491299999999
2025-10-18 01:17:43.460,106935.59,0.00398,425.6036482
2025-10-18 01:17:43.843,106935.6,0.002,213.87120000000002
2025-10-18 01:17:44.052,106935.59,0.00131,140.0856229
2025-10-18 01:17:44.107,106935.59,0.09356,10004.8938004
2025-10-18 01:17:44.138,106935.59,8e-05,8.554847200000001
2025-10-18 01:17:44.834,106935.59,0.03201,3423.0082358999994
2025-10-18 01:17:45.196,106935.59,0.09356,10004.8938004
2025-10-18 01:17:46.217,106935.59,0.09356,10004.8938004
2025-10-18 01:17:46.359,106935.59,9e-05,9.6242031
2025-10-18 01:17:46.518,106935.59,8e-05,8.554847200000001
2025-10-18 01:17:46.697,106935.6,0.00062,66.300072
2025-10-18 01:17:46.768,106935.59,0.002,213.87118
2025-10-18 01:17:47.025,106935.59,6e-05,6.4161354
2025-10-18 01:17:47.216,106935.59,0.09356,10004.8938004
2025-10-18 01:17:47.526,106935.59,8e-05,8.554847200000001
2025-10-18 01:17:47.612,106935.59,7e-05,7.485491299999999
2025-10-18 01:17:47.706,106935.59,8e-05,8.554847200000001
2025-10-18 01:17:47.758,106935.59,0.00017,18.1790503
2025-10-18 01:17:48.216,106935.59,0.09356,10004.8938004
2025-10-18 01:17:48.339,106935.59,9e-05,9.6242031
2025-10-18 01:17:48.712,106935.6,0.00934,998.778504
2025-10-18 01:17:48.719,106935.6,0.00934,998.778504
2025-10-18 01:17:48.725,106935.6,0.00934,998.778504
2025-10-18 01:17:48.732,106935.6,0.00934,998.778504
2025-10-18 01:17:48.739,106935.6,0.00934,998.778504
2025-10-18 01:17:48.745,106935.6,0.00934,998.778504
2025-10-18 01:17:48.748,106935.6,0.23388,25010.098128
2025-10-18 01:17:48.750,106935.6,0.02547,2723.6497320000003
2025-10-18 01:17:48.751,106935.65,0.03291,3519.2522415
2025-10-18 01:17:48.752,106935.65,0.10406,11127.723739
2025-10-18 01:17:48.761,106939.87,0.00394,421.3430878
2025-10-18 01:17:48.764,106939.99,9e-05,9.624599100000001
2025-10-18 01:17:48.814,106940.78,0.028,2994.34184
2025-10-18 01:17:48.894,106940.78,0.028,2994.34184
2025-10-18 01:17:48.938,106940.78,0.00436,466.2618008
2025-10-18 01:17:49.217,106940.77,0.09355,10004.3090335
2025-10-18 01:17:49.543,106940.78,0.002,213.88156
2025-10-18 01:17:49.675,106940.78,0.002,213.88156
2025-10-18 01:17:49.683,106940.78,0.02,2138.8156
2025-10-18 01:17:49.705,106940.78,0.0001,10.694078000000001
2025-10-18 01:17:49.741,106940.78,0.01034,1105.7676652
2025-10-18 01:17:49.835,106940.78,0.002,213.88156
2025-10-18 01:17:50.317,106940.77,0.09355,10004.3090335
2025-10-18 01:17:50.347,106940.78,0.00366,391.4032548
2025-10-18 01:17:50.386,106940.78,0.002,213.88156
2025-10-18 01:17:51.075,106940.78,0.01907,2039.3606746
2025-10-18 01:17:51.147,106940.78,0.00336,359.3210208
2025-10-18 01:17:51.422,106940.77,0.09355,10004.3090335
2025-10-18 01:17:51.428,106940.78,0.005,534.7039
2025-10-18 01:17:51.433,106940.8,0.0002,21.388160000000003
2025-10-18 01:17:51.474,106940.9,0.00205,219.228845
2025-10-18 01:17:51.846,106947.51,9e-05,9.6252759
2025-10-18 01:17:52.207,106947.52,0.0006,64.16851199999999
2025-10-18 01:17:52.233,106947.52,0.0006,64.16851199999999
2025-10-18 01:17:52.367,106947.52,0.002,213.89504000000002
2025-10-18 01:17:52.380,106947.52,0.028,2994.53056
2025-10-18 01:17:52.445,106947.51,8e-05,8.5558008
2025-10-18 01:17:52.457,106947.51,0.09355,10004.939560499999
2025-10-18 01:17:52.496,106947.52,0.0006,64.16851199999999
2025-10-18 01:17:52.515,106956.94,0.0015,160.43541000000002
2025-10-18 01:17:52.819,106962.69,0.028,2994.95532
2025-10-18 01:17:52.917,106962.68,0.00017,18.1836556
2025-10-18 01:17:53.007,106962.69,0.00393,420.3633717000001
2025-10-18 01:17:53.010,106962.69,0.0003,32.088806999999996
2025-10-18 01:17:53.483,106962.68,0.09354,10005.289087199999
2025-10-18 01:17:54.247,106962.69,0.0065,695.257485
2025-10-18 01:17:54.249,106972.08,0.00015,16.045811999999998
2025-10-18 01:17:54.251,106973.33,0.1964,21009.562012
2025-10-18 01:17:54.255,106976.11,0.00029,31.0230719
2025-10-18 01:17:54.264,106983.94,0.00935,1000.2998390000001
2025-10-18 01:17:54.321,106983.94,0.028,2995.5503200000003
2025-10-18 01:17:54.400,106983.94,0.00934,999.2299995999999
2025-10-18 01:17:54.419,106983.94,0.00934,999.2299995999999
2025-10-18 01:17:54.429,106983.94,0.00934,999.2299995999999
2025-10-18 01:17:54.436,106983.94,0.00934,999.2299995999999
2025-10-18 01:17:54.444,106983.94,0.00934,999.2299995999999
2025-10-18 01:17:54.450,106983.94,0.00934,999.2299995999999
2025-10-18 01:17:54.464,106983.94,0.00934,999.2299995999999
2025-10-18 01:17:54.472,106983.94,0.00727,777.7732438
2025-10-18 01:17:54.480,106989.29,0.00022,23.537643799999998
2025-10-18 01:17:54.517,106989.28,0.09352,10005.6374656
2025-10-18 01:17:54.982,106989.29,0.00243,259.9839747
2025-10-18 01:17:55.077,106989.29,0.02717,2906.8990092999998
2025-10-18 01:17:55.265,106989.28,0.0001,10.698928
2025-10-18 01:17:55.534,106989.28,5e-05,5.349464
2025-10-18 01:17:55.651,106989.28,0.09352,10005.6374656
2025-10-18 01:17:56.550,106989.28,0.00482,515.6883296
2025-10-18 01:17:56.630,106989.28,0.00028,29.956998399999996
2025-10-18 01:17:56.639,106989.28,0.09352,10005.6374656
2025-10-18 01:17:56.960,106989.28,0.04144,4433.6357632
2025-10-18 01:17:57.161,106989.28,0.0001,10.698928
2025-10-18 01:17:57.677,106989.28,0.09352,10005.6374656
2025-10-18 01:17:58.768,106989.28,0.09352,10005.6374656
2025-10-18 01:17:59.544,106989.28,0.00486,519.9679007999999
2025-10-18 01:17:59.553,106989.29,0.00247,264.2635463
2025-10-18 01:17:59.554,106989.29,0.00222,237.5162238
2025-10-18 01:17:59.558,106989.29,0.00894,956.4842526
2025-10-18 01:17:59.560,106989.29,0.0052,556.344308
2025-10-18 01:17:59.590,106989.29,0.02333,2496.0601357
2025-10-18 01:17:59.614,106989.29,0.028,2995.70012
2025-10-18 01:17:59.619,106989.29,0.028,2995.70012
2025-10-18 01:17:59.630,106989.29,0.028,2995.70012
2025-10-18 01:17:59.828,106989.28,0.09351,10004.567572799999
2025-10-18 01:18:00.114,106989.29,0.00239,255.7044031
2025-10-18 01:18:00.702,106989.29,0.0028,299.57001199999996
2025-10-18 01:18:00.715,106989.29,0.00152,162.6237208
2025-10-18 01:18:00.762,106989.56,0.00351,375.5333556
2025-10-18 01:18:00.789,106989.56,0.00196,209.69953759999999
2025-10-18 01:18:00.790,106991.99,0.00202,216.1238198
2025-10-18 01:18:00.798,106992.0,0.00346,370.19232
2025-10-18 01:18:00.800,106993.46,0.00142,151.9307132
2025-10-18 01:18:00.801,106993.46,0.00059,63.12614140000001
2025-10-18 01:18:00.838,106993.46,0.028,2995.8168800000003
2025-10-18 01:18:00.848,106993.46,0.02128,2276.8208288
2025-10-18 01:18:00.860,106994.09,0.028,2995.83452
2025-10-18 01:18:00.876,106994.08,0.09351,10005.0164208
2025-10-18 01:18:00.944,106994.08,7e-05,7.4895856
2025-10-18 01:18:01.189,106994.08,0.0187,2000.7892960000001
2025-10-18 01:18:01.298,106994.09,0.00151,161.5610759
2025-10-18 01:18:01.527,106994.08,0.00055,58.846744
2025-10-18 01:18:01.843,106994.08,0.09351,10005.0164208
2025-10-18 01:18:02.219,106994.08,0.34796,37229.6600768
2025-10-18 01:18:02.540,106994.08,0.00065,69.54615199999999
2025-10-18 01:18:02.547,106994.09,8e-05,8.5595272
2025-10-18 01:18:02.995,106994.08,0.09351,10005.0164208
2025-10-18 01:18:04.031,106994.08,0.09351,10005.0164208
2025-10-18 01:18:04.362,106994.08,0.00298,318.8423584
2025-10-18 01:18:04.699,106994.08,0.34796,37229.6600768
2025-10-18 01:18:05.297,106994.08,0.00692,740.3990336
2025-10-18 01:18:05.298,106994.07,0.00799,854.8826193000001
2025-10-18 01:18:05.299,106994.05,0.012,1283.9286
2025-10-18 01:18:05.315,106992.99,0.0001,10.699299000000002
2025-10-18 01:18:05.317,106989.78,0.03221,3446.1408138
2025-10-18 01:18:05.423,106989.78,0.00135,144.436203
2025-10-18 01:18:05.515,106989.42,0.0001,10.698942
2025-10-18 01:18:05.715,106989.16,0.00125,133.73645000000002
2025-10-18 01:18:05.922,106988.87,0.0015,160.483305
2025-10-18 01:18:05.925,106988.86,0.01667,1783.5042962
2025-10-18 01:18:05.937,106988.85,0.0026,278.17101
2025-10-18 01:18:06.016,106985.77,0.00015,16.0478655
2025-10-18 01:18:06.026,106985.76,0.00047,50.283307199999996
2025-10-18 01:18:06.346,106985.76,0.09352,10005.308275200001
2025-10-18 01:18:06.441,106985.77,8e-05,8.5588616
2025-10-18 01:18:06.575,106985.76,7e-05,7.489003199999999
2025-10-18 01:18:07.163,106985.77,0.00036,38.5148772
2025-10-18 01:18:07.383,106985.76,0.09352,10005.308275200001
2025-10-18 01:18:07.896,106985.77,0.00467,499.6235459
2025-10-18 01:18:08.058,106985.77,0.00098,104.8460546
2025-10-18 01:18:08.417,106985.76,0.09352,10005.308275200001
2025-10-18 01:18:08.728,106985.76,0.00013,13.908148799999998
2025-10-18 01:18:09.416,106985.76,0.09175,9815.94348
2025-10-18 01:18:09.813,106985.77,0.00515,550.9767155000001
2025-10-18 01:18:10.451,106985.76,0.09352,10005.308275200001
2025-10-18 01:18:10.615,106983.04,0.0003,32.094911999999994
2025-10-18 01:18:11.024,106982.44,0.00015,16.047366
2025-10-18 01:18:11.451,106981.36,9e-05,9.6283224
2025-10-18 01:18:11.486,106981.36,0.09352,10004.896787200001
2025-10-18 01:18:11.532,106981.37,0.00014,14.977391799999998
2025-10-18 01:18:12.617,106981.36,0.09352,10004.896787200001
2025-10-18 01:18:12.775,106981.37,0.00109,116.6096933
2025-10-18 01:18:13.219,106981.36,0.00041,43.8623576
2025-10-18 01:18:13.355,106981.37,0.028,2995.47836
2025-10-18 01:18:13.356,106981.37,0.028,2995.47836
2025-10-18 01:18:13.365,106981.37,0.028,2995.47836
2025-10-18 01:18:13.368,106981.37,0.015,1604.7205499999998
2025-10-18 01:18:13.370,106981.5,0.00085,90.934275
2025-10-18 01:18:13.372,106981.5,0.0009,96.28335
2025-10-18 01:18:13.381,106983.04,0.0032,342.345728
2025-10-18 01:18:13.455,106983.05,0.00055,58.840677500000005
2025-10-18 01:18:13.468,106983.05,0.0012,128.37966
2025-10-18 01:18:13.525,106983.97,0.00241,257.8313677
2025-10-18 01:18:13.817,106983.97,0.09351,10004.0710347
2025-10-18 01:18:13.882,106983.98,0.00934,999.2303731999999
2025-10-18 01:18:14.070,106983.98,0.01148,1228.1760904
2025-10-18 01:18:14.107,106983.97,9e-05,9.6285573
2025-10-18 01:18:14.133,106983.97,9e-05,9.6285573
2025-10-18 01:18:14.428,106983.98,6e-05,6.4190388
2025-10-18 01:18:14.592,106983.97,0.0003,32.095191
2025-10-18 01:18:14.893,106983.97,0.09351,10004.0710347
2025-10-18 01:18:15.185,106983.97,8e-05,8.558717600000001
2025-10-18 01:18:15.425,106983.98,0.00031,33.165033799999996
2025-10-18 01:18:15.632,106983.98,0.00074,79.1681452
2025-10-18 01:18:15.634,106983.97,0.00024,25.6761528
2025-10-18 01:18:16.017,106983.97,0.09351,10004.0710347
2025-10-18 01:18:16.920,106983.97,0.00018,19.2571146
2025-10-18 01:18:17.017,106983.97,0.09351,10004.0710347
2025-10-18 01:18:17.214,106983.98,8e-05,8.5587184
2025-10-18 01:18:17.232,106983.98,0.00021,22.4666358
2025-10-18 01:18:17.616,106983.98,0.00047,50.282470599999996
2025-10-18 01:18:17.662,106983.98,0.00047,50.282470599999996
2025-10-18 01:18:17.670,106983.97,9e-05,9.6285573
2025-10-18 01:18:17.683,106983.98,0.00029,31.0253542
2025-10-18 01:18:17.813,106983.98,0.00187,200.06004259999997
2025-10-18 01:18:17.926,106983.98,0.00443,473.9390314
2025-10-18 01:18:17.940,106983.97,8e-05,8.558717600000001
2025-10-18 01:18:17.984,106983.98,0.00094,100.56494119999999
2025-10-18 01:18:18.129,106983.98,0.04674,5000.431225199999
2025-10-18 01:18:18.172,106983.97,0.09351,10004.0710347
2025-10-18 01:18:18.218,106983.98,0.00024,25.6761552
2025-10-18 01:18:18.624,106983.97,0.00036,38.5142292
2025-10-18 01:18:18.775,106983.98,0.00013,13.907917399999999
2025-10-18 01:18:18.791,106983.98,0.00047,50.282470599999996
2025-10-18 01:18:19.132,106983.98,0.00012,12.8380776
2025-10-18 01:18:19.217,106983.97,0.09351,10004.0710347
2025-10-18 01:18:19.270,106983.98,0.028,2995.5514399999997
2025-10-18 01:18:19.286,106983.98,0.028,2995.5514399999997
2025-10-18 01:18:19.296,106983.98,0.00017,18.1872766
2025-10-18 01:18:19.432,106983.98,0.00094,100.56494119999999
2025-10-18 01:18:19.518,106983.98,0.0004,42.793592000000004
2025-10-18 01:18:19.674,106983.97,0.00044,47.072946800000004
2025-10-18 01:18:19.770,106983.98,0.00017,18.1872766
2025-10-18 01:18:19.979,106983.98,0.00018,19.2571164
2025-10-18 01:18:19.987,106983.98,0.00035,37.444393
2025-10-18 01:18:20.118,106983.98,0.01681,1798.4007037999997
2025-10-18 01:18:20.298,106983.97,0.09351,10004.0710347
2025-10-18 01:18:20.383,106983.98,0.00152,162.6156496
2025-10-18 01:18:20.592,106983.98,0.00094,100.56494119999999
2025-10-18 01:18:21.450,106983.97,7e-05,7.488877899999999
2025-10-18 01:18:21.452,106983.97,9e-05,9.6285573
2025-10-18 01:18:21.543,106983.97,0.09351,10004.0710347
2025-10-18 01:18:21.685,106983.98,0.00706,755.3068988
2025-10-18 01:18:22.584,106983.98,0.00065,69.539587
2025-10-18 01:18:22.616,106983.97,0.09351,10004.0710347
2025-10-18 01:18:22.986,106983.98,0.0001,10.698398000000001
2025-10-18 01:18:23.095,106983.97,9e-05,9.6285573
2025-10-18 01:18:23.269,106983.98,0.028,2995.5514399999997
2025-10-18 01:18:23.566,106983.97,0.09351,10004.0710347
2025-10-18 01:18:23.715,106983.98,0.00131,140.14901379999998
2025-10-18 01:18:24.711,106983.97,0.09351,10004.0710347
2025-10-18 01:18:24.775,106983.97,9e-05,9.6285573
2025-10-18 01:18:25.648,106983.97,0.09351,10004.0710347
2025-10-18 01:18:26.717,106983.97,0.09351,10004.0710347
2025-10-18 01:18:27.917,106983.97,0.09351,10004.0710347
2025-10-18 01:18:29.121,106983.97,0.00018,19.2571146
2025-10-18 01:18:29.179,106983.97,0.09351,10004.0710347
2025-10-18 01:18:29.301,106983.98,0.00014,14.977757199999997
2025-10-18 01:18:29.455,106983.98,0.0002,21.396796000000002
2025-10-18 01:18:30.107,106983.97,0.00025,26.7459925
2025-10-18 01:18:30.117,106983.97,0.09351,10004.0710347
2025-10-18 01:18:30.416,106983.97,8e-05,8.558717600000001
2025-10-18 01:18:30.454,106983.98,0.00028,29.955514399999995
2025-10-18 01:18:30.819,106983.98,0.00934,999.2303731999999
2025-10-18 01:18:31.172,106983.97,0.0001,10.698397
2025-10-18 01:18:31.205,106983.97,0.09351,10004.0710347
2025-10-18 01:18:31.398,106983.98,0.00317,339.1392166
2025-10-18 01:18:32.051,106983.97,7e-05,7.488877899999999
2025-10-18 01:18:32.290,106983.97,0.09351,10004.0710347
2025-10-18 01:18:32.446,106983.97,0.01998,2137.5397206000002
2025-10-18 01:18:32.722,106983.97,8e-05,8.558717600000001
2025-10-18 01:18:32.782,106983.97,0.00079,84.5173363
2025-10-18 01:18:33.149,106983.97,8e-05,8.558717600000001
2025-10-18 01:18:33.178,106983.97,8e-05,8.558717600000001
2025-10-18 01:18:33.317,106983.97,0.09351,10004.0710347
2025-10-18 01:18:33.322,106983.97,9e-05,9.6285573
2025-10-18 01:18:33.323,106983.98,0.00065,69.539587
2025-10-18 01:18:33.466,106983.97,8e-05,8.558717600000001
2025-10-18 01:18:33.831,106983.97,0.00017,18.187274900000002
2025-10-18 01:18:34.242,106983.97,9e-05,9.6285573
2025-10-18 01:18:34.517,106983.97,0.09351,10004.0710347
2025-10-18 01:18:35.156,106983.97,9e-05,9.6285573
2025-10-18 01:18:35.213,106983.91,0.00015,16.047586499999998
2025-10-18 01:18:35.215,106983.9,0.00085,90.936315
2025-10-18 01:18:35.347,106983.9,0.01022,1093.375458
2025-10-18 01:18:35.610,106983.9,0.02143,2292.664977
2025-10-18 01:18:35.617,106983.89,0.09352,10005.1333928
2025-10-18 01:18:36.264,106983.9,0.025,2674.5975
2025-10-18 01:18:36.308,106983.89,0.00046,49.2125894
2025-10-18 01:18:36.578,106983.89,6e-05,6.4190334
2025-10-18 01:18:36.716,106983.89,0.09352,10005.1333928
2025-10-18 01:18:36.917,106983.9,0.00047,50.282433
2025-10-18 01:18:37.356,106983.9,0.028,2995.5492
2025-10-18 01:18:37.373,106983.9,0.028,2995.5492
2025-10-18 01:18:37.778,106983.89,0.09352,10005.1333928
2025-10-18 01:18:38.010,106983.9,0.028,2995.5492
2025-10-18 01:18:38.217,106983.89,9e-05,9.6285501
2025-10-18 01:18:38.819,106983.89,0.09351,10004.0635539
2025-10-18 01:18:39.173,106983.89,0.00017,18.187261300000003
2025-10-18 01:18:39.241,106983.9,0.19677,21051.222003
2025-10-18 01:18:39.433,106983.89,9e-05,9.6285501
2025-10-18 01:18:39.717,106983.9,0.1,10698.39
2025-10-18 01:18:39.817,106983.89,0.09351,10004.0635539
2025-10-18 01:18:40.492,106983.89,0.00019,20.3269391
2025-10-18 01:18:40.917,106983.89,0.09351,10004.0635539
2025-10-18 01:18:41.030,106983.9,0.00065,69.53953499999999
2025-10-18 01:18:41.038,106983.9,0.00056,59.91098399999999
2025-10-18 01:18:41.069,106983.89,8e-05,8.558711200000001
2025-10-18 01:18:41.878,106983.89,0.00107,114.4727623
2025-10-18 01:18:42.127,106983.89,0.09351,10004.0635539
2025-10-18 01:18:42.218,106983.89,0.00108,115.54260120000001
2025-10-18 01:18:42.384,106983.89,0.00939,1004.5787271
2025-10-18 01:18:42.706,106983.89,0.01804,1929.9893756000001
2025-10-18 01:18:42.881,106983.89,0.00107,114.4727623
2025-10-18 01:18:42.906,106983.89,0.00154,164.7551906
2025-10-18 01:18:42.920,106983.89,0.00147,157.2663183
2025-10-18 01:18:43.135,106983.89,0.00114,121.9616346
2025-10-18 01:18:43.182,106983.9,0.00146,156.19649399999997
2025-10-18 01:18:43.185,106983.89,0.09351,10004.0635539
2025-10-18 01:18:43.274,106983.89,0.00104,111.26324559999999
2025-10-18 01:18:43.275,106983.89,0.00104,111.26324559999999
2025-10-18 01:18:43.291,106983.89,0.00151,161.5456739
2025-10-18 01:18:43.643,106983.9,0.0004,42.79356
2025-10-18 01:18:44.213,106983.89,0.00104,111.26324559999999
2025-10-18 01:18:44.214,106983.89,0.00104,111.26324559999999
2025-10-18 01:18:44.225,106983.89,0.09351,10004.0635539
2025-10-18 01:18:44.228,106983.89,0.00151,161.5456739
2025-10-18 01:18:44.233,106983.89,0.00139,148.7076071
2025-10-18 01:18:44.460,106983.89,0.00047,50.2824283
2025-10-18 01:18:44.490,106983.89,0.00129,138.0092181
2025-10-18 01:18:45.371,106983.89,0.09351,10004.0635539
2025-10-18 01:18:46.411,106983.89,0.09351,10004.0635539
2025-10-18 01:18:47.519,106983.89,0.00011,11.768227900000001
2025-10-18 01:18:47.552,106983.89,0.09351,10004.0635539
2025-10-18 01:18:48.303,106983.89,0.00101,108.05372890000001
2025-10-18 01:18:48.518,106983.89,0.0003,32.095167
2025-10-18 01:18:48.539,106983.89,0.09351,10004.0635539
2025-10-18 01:18:48.575,106983.9,6e-05,6.419034
2025-10-18 01:18:48.837,106983.9,0.00364,389.42139599999996
2025-10-18 01:18:48.899,106983.89,0.00047,50.2824283
2025-10-18 01:18:49.561,106983.9,0.00109,116.612451
2025-10-18 01:18:49.683,106983.89,0.09351,10004.0635539
2025-10-18 01:18:49.739,106983.9,0.014,1497.7746
2025-10-18 01:18:49.837,106983.9,0.014,1497.7746
2025-10-18 01:18:50.218,106983.89,0.00014,14.9777446
2025-10-18 01:18:50.715,106983.89,0.09351,10004.0635539
2025-10-18 01:18:50.771,106983.9,0.028,2995.5492
2025-10-18 01:18:51.460,106983.89,0.0002,21.396778
2025-10-18 01:18:51.543,106983.89,0.00073,78.0982397
2025-10-18 01:18:51.596,106983.9,7e-05,7.488872999999999
2025-10-18 01:18:51.661,106983.9,0.028,2995.5492
2025-10-18 01:18:51.857,106983.89,0.09351,10004.0635539
2025-10-18 01:18:51.869,106983.89,0.00093,99.4950177
2025-10-18 01:18:52.702,106983.89,0.00018,19.2571002
2025-10-18 01:18:52.847,106983.89,0.09351,10004.0635539
2025-10-18 01:18:52.858,106983.9,0.012,1283.8068
2025-10-18 01:18:52.897,106983.9,0.016,1711.7423999999999
2025-10-18 01:18:52.906,106983.9,0.028,2995.5492
2025-10-18 01:18:53.375,106983.9,0.0187,2000.59893
2025-10-18 01:18:53.666,106983.9,5e-05,5.349195
2025-10-18 01:18:53.835,106983.89,0.09351,10004.0635539
2025-10-18 01:18:53.873,106983.9,0.028,2995.5492
2025-10-18 01:18:54.114,106983.9,0.00017,18.187263
2025-10-18 01:18:54.257,106983.9,0.03035,3246.9613649999997
2025-10-18 01:18:54.572,106983.89,0.00026,27.815811399999998
2025-10-18 01:18:54.916,106983.89,0.09351,10004.0635539
2025-10-18 01:18:56.017,106983.89,0.09351,10004.0635539
2025-10-18 01:18:56.210,106983.9,0.00047,50.282433
2025-10-18 01:18:57.156,106983.89,0.09351,10004.0635539
2025-10-18 01:18:57.203,106983.89,0.00582,622.6462398
2025-10-18 01:18:57.452,106983.89,0.00271,289.9263419
2025-10-18 01:18:58.137,106983.89,0.00017,18.187261300000003
2025-10-18 01:18:58.300,106983.89,0.09351,10004.0635539
2025-10-18 01:18:58.763,106983.89,0.00026,27.815811399999998
2025-10-18 01:18:59.015,106983.03,0.00015,16.047454499999997
2025-10-18 01:18:59.073,106983.02,0.0002,21.396604000000004
2025-10-18 01:18:59.116,106982.78,0.0002,21.396556
2025-10-18 01:18:59.216,106981.77,0.01778,1902.1358706
2025-10-18 01:18:59.313,106981.77,0.00068,72.7476036
2025-10-18 01:18:59.417,106981.76,0.09352,10004.9341952
2025-10-18 01:18:59.488,106981.76,8e-05,8.5585408
2025-10-18 01:19:00.218,106981.77,0.00057,60.9796089
2025-10-18 01:19:00.417,106981.76,0.09352,10004.9341952
2025-10-18 01:19:00.421,106981.76,0.00046,49.211609599999996
2025-10-18 01:19:00.967,106981.77,0.00495,529.5597615
2025-10-18 01:19:01.115,106981.77,0.00029,31.024713300000002
2025-10-18 01:19:01.209,106981.76,8e-05,8.5585408
2025-10-18 01:19:01.238,106981.77,0.00093,99.49304610000002
2025-10-18 01:19:01.417,106981.77,0.00033,35.3039841
2025-10-18 01:19:01.516,106981.76,0.00016,17.1170816
2025-10-18 01:19:02.181,106981.77,0.00041,43.8625257
2025-10-18 01:19:02.693,106981.76,0.09352,10004.9341952
2025-10-18 01:19:03.017,106981.76,0.00019,20.3265344
2025-10-18 01:19:03.646,106981.76,0.012,1283.7811199999999
2025-10-18 01:19:03.735,106981.76,0.02215,2369.6459839999998
2025-10-18 01:19:04.116,106981.76,0.00035,37.443616
2025-10-18 01:19:04.706,106981.76,0.02634,2817.8995584
2025-10-18 01:19:04.872,106981.77,0.00016,17.117083200000003
2025-10-18 01:19:05.523,106981.76,0.00129,138.00647039999998
2025-10-18 01:19:06.145,106981.76,0.0064,684.683264
2025-10-18 01:19:06.327,106981.77,5e-05,5.349088500000001
2025-10-18 01:19:06.576,106981.76,0.0001,10.698176
2025-10-18 01:19:07.711,106981.76,8e-05,8.5585408
2025-10-18 01:19:07.764,106981.76,0.00017,18.1868992
2025-10-18 01:19:08.048,106981.76,0.00027,28.8850752
2025-10-18 01:19:08.567,106981.77,0.0055,588.399735
2025-10-18 01:19:08.715,106981.76,0.00348,372.2965248
2025-10-18 01:19:08.754,106981.76,0.00021,22.4661696
2025-10-18 01:19:09.186,106981.63,0.20247,21660.5706261
2025-10-18 01:19:09.187,106978.6,0.48694,52092.159484
2025-10-18 01:19:09.190,106975.76,0.48013,51362.2716488
2025-10-18 01:19:09.191,106975.76,0.51987,55613.4883512
2025-10-18 01:19:09.195,106973.25,5e-05,5.3486625000000005
2025-10-18 01:19:09.209,106973.24,0.00105,112.321902
2025-10-18 01:19:09.327,106972.76,0.10273,10989.3116348
2025-10-18 01:19:09.328,106972.76,0.05209,5572.211068399999
2025-10-18 01:19:09.342,106972.76,0.05125,5482.35395
2025-10-18 01:19:09.344,106972.76,0.11952,12785.3842752
2025-10-18 01:19:09.345,106972.76,0.3378,36135.398327999996
2025-10-18 01:19:09.347,106969.47,0.00015,16.0454205
2025-10-18 01:19:09.348,106969.46,0.00784,838.6405664
2025-10-18 01:19:09.370,106969.46,0.00273,292.0266258
2025-10-18 01:19:09.398,106965.31,0.00166,177.5624146
2025-10-18 01:19:09.615,106962.07,0.0021,224.620347
2025-10-18 01:19:10.685,106962.06,0.00018,19.2531708
2025-10-18 01:19:10.824,106962.06,0.01532,1638.6587592
2025-10-18 01:19:11.143,106962.06,0.00181,193.6013286
2025-10-18 01:19:11.166,106962.07,0.00373,398.96852110000003
2025-10-18 01:19:11.254,106962.07,0.00126,134.77220820000002
2025-10-18 01:19:11.402,106962.06,0.00074,79.1519244
2025-10-18 01:19:11.463,106962.06,0.00238,254.56970280000002
2025-10-18 01:19:11.464,106957.19,0.00015,16.0435785
2025-10-18 01:19:12.000,106956.97,0.00049,52.4089153
2025-10-18 01:19:13.077,106956.97,0.00606,648.1592382
2025-10-18 01:19:13.624,106956.96,0.001,106.95696000000001
2025-10-18 01:19:13.626,106956.96,0.001,106.95696000000001
2025-10-18 01:19:13.627,106956.96,0.00115,123.000504
2025-10-18 01:19:13.787,106956.96,0.00991,1059.9434736
2025-10-18 01:19:14.104,106956.95,0.001,106.95695
2025-10-18 01:19:14.105,106956.95,0.001,106.95695
2025-10-18 01:19:14.254,106951.85,5e-05,5.3475925
2025-10-18 01:19:14.265,106949.33,0.0006,64.169598
2025-10-18 01:19:14.266,106948.33,0.00894,956.1180702
2025-10-18 01:19:14.331,106948.33,0.00234,250.2590922
2025-10-18 01:19:14.429,106943.03,5e-05,5.3471515
2025-10-18 01:19:14.439,106941.26,0.00128,136.8848128
2025-10-18 01:19:14.559,106941.26,1.0,106941.26
2025-10-18 01:19:14.869,106941.25,0.09356,10005.423350000001
2025-10-18 01:19:15.854,106941.25,0.09356,10005.423350000001
2025-10-18 01:19:15.884,106941.26,0.00047,50.262392199999994
2025-10-18 01:19:15.987,106941.26,9e-05,9.624713400000001
2025-10-18 01:19:16.007,106941.25,0.00026,27.804724999999998
2025-10-18 01:19:16.505,106941.25,0.00027,28.8741375
2025-10-18 01:19:16.718,106941.25,0.00017,18.1800125
2025-10-18 01:19:16.731,106941.25,0.00033,35.2906125
2025-10-18 01:19:16.806,106941.25,0.00784,838.4194
2025-10-18 01:19:16.891,106941.25,0.09356,10005.423350000001
2025-10-18 01:19:17.519,106941.26,0.0006,64.164756
2025-10-18 01:19:17.612,106941.25,0.00017,18.1800125
2025-10-18 01:19:17.797,106941.25,9e-05,9.624712500000001
2025-10-18 01:19:17.916,106941.25,0.09356,10005.423350000001
2025-10-18 01:19:18.183,106941.26,0.00093,99.4553718
2025-10-18 01:19:18.971,106941.25,0.09356,10005.423350000001
2025-10-18 01:19:19.039,106941.26,1.0,106941.26
2025-10-18 01:19:19.743,106941.26,0.00049,52.40121739999999
2025-10-18 01:19:20.057,106941.25,0.09356,10005.423350000001
2025-10-18 01:19:20.277,106941.26,0.00048,51.3318048
2025-10-18 01:19:20.291,106941.25,0.00055,58.817687500000005
2025-10-18 01:19:20.932,106941.25,0.00019,20.3188375
2025-10-18 01:19:21.169,106941.25,0.00017,18.1800125
2025-10-18 01:19:21.196,106941.25,0.09356,10005.423350000001
2025-10-18 01:19:21.789,106941.26,0.00809,865.1547933999999
2025-10-18 01:19:22.090,106941.26,5e-05,5.347063
2025-10-18 01:19:22.340,106941.25,0.09356,10005.423350000001
2025-10-18 01:19:22.641,106941.25,5e-05,5.3470625
2025-10-18 01:19:22.816,106941.25,0.01743,1863.9859875000002
2025-10-18 01:19:22.998,106941.25,0.00019,20.3188375
2025-10-18 01:19:23.257,106941.25,0.00092,98.38595000000001
2025-10-18 01:19:23.258,106941.25,0.00105,112.28831249999999
2025-10-18 01:19:23.259,106941.25,0.00043,45.9847375
2025-10-18 01:19:23.327,106941.25,0.09356,10005.423350000001
2025-10-18 01:19:24.220,106941.26,6e-05,6.4164756
2025-10-18 01:19:24.408,106941.26,0.028,2994.3552799999998
2025-10-18 01:19:24.416,106941.25,0.09356,10005.423350000001
2025-10-18 01:19:24.425,106941.26,0.028,2994.3552799999998
2025-10-18 01:19:25.192,106941.26,0.00632,675.8687632
2025-10-18 01:19:25.503,106941.25,0.09355,10004.3539375
2025-10-18 01:19:26.077,106942.59,5e-05,5.3471295
2025-10-18 01:19:26.079,106944.36,0.0003,32.083307999999995
2025-10-18 01:19:26.086,106945.17,0.0013,139.028721
2025-10-18 01:19:26.134,106945.53,0.028,2994.47484
2025-10-18 01:19:26.535,106945.52,0.09355,10004.753396
2025-10-18 01:19:26.557,106945.53,0.00012,12.8334636
2025-10-18 01:19:27.562,106945.53,0.00357,381.7955421
2025-10-18 01:19:27.623,106945.52,0.09355,10004.753396
2025-10-18 01:19:27.768,106945.52,0.00035,37.430932
2025-10-18 01:19:28.302,106945.52,0.00461,493.01884720000004
2025-10-18 01:19:28.303,106945.51,0.012,1283.34612
2025-10-18 01:19:28.304,106945.51,0.012,1283.34612
2025-10-18 01:19:28.613,106945.52,0.0006,64.167312
2025-10-18 01:19:28.742,106945.51,0.01743,1864.0602393
2025-10-18 01:19:28.763,106942.79,0.0001,10.694279
2025-10-18 01:19:28.910,106941.7,0.00017,18.180089000000002
2025-10-18 01:19:29.659,106941.7,0.00308,329.380436
2025-10-18 01:19:29.803,106941.7,0.09356,10005.465452
2025-10-18 01:19:30.502,106941.71,0.01639,1752.7746269
2025-10-18 01:19:30.565,106941.7,0.00017,18.180089000000002
2025-10-18 01:19:30.723,106941.7,0.00025,26.735425
2025-10-18 01:19:30.807,106941.7,0.00026,27.804841999999997
2025-10-18 01:19:30.947,106941.7,0.09356,10005.465452
2025-10-18 01:19:31.580,106941.7,5e-05,5.347085
2025-10-18 01:19:31.890,106941.7,0.00018,19.249506
2025-10-18 01:19:31.935,106941.7,0.09356,10005.465452
2025-10-18 01:19:32.231,106941.71,0.00599,640.5808429
2025-10-18 01:19:32.910,106941.71,0.00051,54.54027210000001
2025-10-18 01:19:32.971,106941.7,0.09356,10005.465452
2025-10-18 01:19:33.408,106941.71,0.00069,73.7897799
2025-10-18 01:19:33.728,106941.7,0.00607,649.136119
2025-10-18 01:19:34.011,106941.7,0.09356,10005.465452
2025-10-18 01:19:34.631,106941.7,0.00018,19.249506
2025-10-18 01:19:35.101,106941.7,0.09356,10005.465452
2025-10-18 01:19:36.106,106941.71,0.1948,20832.245108000003
2025-10-18 01:19:36.109,106941.71,0.10046,10743.3641866
2025-10-18 01:19:36.110,106942.05,0.00015,16.0413075
2025-10-18 01:19:36.111,106942.07,0.0001,10.694207
2025-10-18 01:19:36.117,106942.6,0.001,106.94260000000001
2025-10-18 01:19:36.119,106943.54,0.028,2994.41912
2025-10-18 01:19:36.121,106943.54,0.00139,148.6515206
2025-10-18 01:19:36.122,106945.99,0.0001,10.694599
2025-10-18 01:19:36.215,106952.21,0.00015,16.0428315
2025-10-18 01:19:36.218,106952.21,0.09355,10005.3792455
2025-10-18 01:19:36.307,106952.22,0.00011,11.7647442
2025-10-18 01:19:36.377,106952.21,0.00247,264.1719587
2025-10-18 01:19:37.015,106959.72,5e-05,5.347986000000001
2025-10-18 01:19:37.018,106962.91,0.0002,21.392582
2025-10-18 01:19:37.317,106962.9,0.09354,10005.309666
2025-10-18 01:19:37.415,106969.98,5e-05,5.348499
2025-10-18 01:19:37.964,106973.6,0.00018,19.255248
2025-10-18 01:19:38.300,106973.6,0.09353,10005.240808
2025-10-18 01:19:38.592,106973.61,0.0005,53.486805000000004
2025-10-18 01:19:38.622,106973.61,0.0005,53.486805000000004
2025-10-18 01:19:38.680,106973.61,0.0005,53.486805000000004
2025-10-18 01:19:39.391,106973.6,0.09353,10005.240808
2025-10-18 01:19:40.529,106973.61,0.028,2995.26108
2025-10-18 01:19:40.534,106973.6,0.09353,10005.240808
2025-10-18 01:19:40.536,106973.61,0.00213,227.8537893
2025-10-18 01:19:40.661,106973.61,0.02184,2336.3036423999997
2025-10-18 01:19:40.795,106973.62,0.00185,197.901197
2025-10-18 01:19:40.797,106977.0,6e-05,6.41862
2025-10-18 01:19:40.800,106977.47,0.0001,10.697747000000001
2025-10-18 01:19:40.802,106977.47,0.001,106.97747
2025-10-18 01:19:40.824,106977.89,0.00204,218.23489560000002
2025-10-18 01:19:40.931,106977.9,0.00234,250.328286
2025-10-18 01:19:40.934,106977.91,0.00185,197.90913350000002
2025-10-18 01:19:41.030,106977.93,0.01,1069.7793
2025-10-18 01:19:41.032,106978.95,0.00015,16.046842499999997
2025-10-18 01:19:41.146,106980.6,0.0009,96.28254
2025-10-18 01:19:41.156,106980.6,0.01969,2106.448014
2025-10-18 01:19:41.215,106980.61,0.0021,224.659281
2025-10-18 01:19:41.248,106983.5,6e-05,6.41901
2025-10-18 01:19:41.517,106983.89,0.09352,10005.1333928
2025-10-18 01:19:41.839,106983.89,0.00027,28.885650300000002
2025-10-18 01:19:42.095,106983.9,0.0017,181.87263
2025-10-18 01:19:42.097,106983.9,0.00214,228.94554599999998
2025-10-18 01:19:42.098,106987.17,0.00015,16.0480755
2025-10-18 01:19:42.106,106988.2,0.0056,599.13392
2025-10-18 01:19:42.143,106988.25,0.0011,117.68707500000001
2025-10-18 01:19:42.148,106988.26,0.00075,80.241195
2025-10-18 01:19:42.186,106989.66,0.00035,37.446381
2025-10-18 01:19:42.189,106990.0,0.00208,222.5392
2025-10-18 01:19:42.227,106990.0,0.00025,26.747500000000002
2025-10-18 01:19:42.240,106990.0,8e-05,8.5592
2025-10-18 01:19:42.262,106995.44,0.00022,23.5389968
2025-10-18 01:19:42.617,106998.89,0.09351,10005.4662039
2025-10-18 01:19:42.749,106998.89,9e-05,9.6299001
2025-10-18 01:19:42.817,106998.9,0.00028,29.959691999999997
2025-10-18 01:19:42.889,106998.89,0.00093,99.5089677
2025-10-18 01:19:42.937,106998.89,0.00023,24.6097447
2025-10-18 01:19:43.782,106998.89,0.09351,10005.4662039
2025-10-18 01:19:43.843,106998.89,0.0015,160.498335
2025-10-18 01:19:44.979,106998.89,0.09351,10005.4662039
2025-10-18 01:19:45.901,106998.89,9e-05,9.6299001
2025-10-18 01:19:45.993,106998.89,0.00047,50.2894783
2025-10-18 01:19:46.124,106998.89,0.09351,10005.4662039
2025-10-18 01:19:46.244,106998.89,0.00026,27.819711399999996
2025-10-18 01:19:46.473,106998.9,0.00262,280.337118
2025-10-18 01:19:46.572,106998.89,9e-05,9.6299001
2025-10-18 01:19:47.216,106998.89,0.09351,10005.4662039
2025-10-18 01:19:47.472,106998.89,0.01969,2106.8081441
2025-10-18 01:19:47.767,106998.89,0.00034,36.379622600000005
2025-10-18 01:19:48.076,106998.9,0.54516,58331.520324
2025-10-18 01:19:48.132,106998.9,0.00011,11.769879
2025-10-18 01:19:48.267,106998.9,0.00564,603.473796
2025-10-18 01:19:48.304,106998.89,0.09351,10005.4662039
2025-10-18 01:19:48.791,106998.89,0.00025,26.7497225
2025-10-18 01:19:48.834,106998.89,8e-05,8.5599112
2025-10-18 01:19:49.154,106998.89,0.00518,554.2542502
2025-10-18 01:19:49.291,106998.89,0.09351,10005.4662039
2025-10-18 01:19:49.840,106998.9,0.00035,37.449614999999994
2025-10-18 01:19:50.017,106998.89,0.00035,37.449611499999996
2025-10-18 01:19:50.070,106998.89,0.00026,27.819711399999996
2025-10-18 01:19:50.316,106998.89,0.09351,10005.4662039
2025-10-18 01:19:50.970,106998.89,0.00149,159.4283461
2025-10-18 01:19:51.031,106998.9,0.00167,178.688163
2025-10-18 01:19:51.469,106998.89,0.09351,10005.4662039
2025-10-18 01:19:52.537,106998.9,0.00054,57.779405999999994
2025-10-18 01:19:52.564,106998.89,0.09351,10005.4662039
2025-10-18 01:19:53.094,106998.9,0.00034,36.379626
2025-10-18 01:19:53.126,106998.89,0.00025,26.7497225
2025-10-18 01:19:53.234,106998.89,0.00026,27.819711399999996
2025-10-18 01:19:53.257,106998.89,6e-05,6.419933400000001
2025-10-18 01:19:53.484,106998.9,0.00047,50.289483
2025-10-18 01:19:53.516,106998.89,0.09351,10005.4662039
2025-10-18 01:19:53.869,106998.89,0.00018,19.2598002
2025-10-18 01:19:54.221,106998.9,0.0028,299.59691999999995
2025-10-18 01:19:54.432,106998.9,0.00488,522.154632
2025-10-18 01:19:54.616,106998.89,0.09351,10005.4662039
2025-10-18 01:19:55.073,106998.9,0.0003,32.099669999999996
2025-10-18 01:19:55.266,106998.9,0.00024,25.679736
2025-10-18 01:19:55.574,106998.9,0.00586,627.0135539999999
2025-10-18 01:19:55.631,106998.89,0.09351,10005.4662039
2025-10-18 01:19:55.657,106998.9,0.00934,999.3697259999999
2025-10-18 01:19:55.725,106998.89,0.00022,23.539755800000002
2025-10-18 01:19:56.717,106998.89,0.09351,10005.4662039
2025-10-18 01:19:56.827,106998.89,0.00027,28.8897003
2025-10-18 01:19:57.424,106998.89,0.00063,67.4093007
2025-10-18 01:19:57.602,106998.89,0.00294,314.5767366
2025-10-18 01:19:57.759,106998.89,0.09351,10005.4662039
2025-10-18 01:19:57.856,106998.89,0.00504,539.2744056
2025-10-18 01:19:58.816,106998.89,0.09351,10005.4662039
2025-10-18 01:19:58.851,106998.89,0.00026,27.819711399999996
2025-10-18 01:19:58.948,106998.9,0.00017,18.189813
2025-10-18 01:19:59.321,106998.89,0.0103,1102.088567
2025-10-18 01:19:59.780,106998.89,0.09351,10005.4662039
2025-10-18 01:20:00.917,106998.89,0.09351,10005.4662039
2025-10-18 01:20:01.287,106998.9,0.00398,425.855622
2025-10-18 01:20:01.301,106998.9,0.00029,31.029681
2025-10-18 01:20:01.620,106998.9,6e-05,6.419934
2025-10-18 01:20:01.671,106998.9,0.00327,349.886403
2025-10-18 01:20:01.756,106998.89,8e-05,8.5599112
2025-10-18 01:20:02.017,106998.89,0.09351,10005.4662039
2025-10-18 01:20:02.728,106998.9,0.00093,99.508977
2025-10-18 01:20:02.956,106998.89,0.09351,10005.4662039
2025-10-18 01:20:03.243,106998.9,0.00013,13.909856999999999
2025-10-18 01:20:03.786,106998.9,0.00024,25.679736
2025-10-18 01:20:03.821,106998.89,0.00108,115.5588012
2025-10-18 01:20:03.883,106998.89,0.00017,18.189811300000002
2025-10-18 01:20:03.916,106998.89,0.09351,10005.4662039
2025-10-18 01:20:04.470,106998.9,0.00341,364.866249
2025-10-18 01:20:04.848,106998.89,0.00326,348.8163814
2025-10-18 01:20:05.017,106998.89,0.09351,10005.4662039
2025-10-18 01:20:05.083,106998.89,0.00283,302.8068587
2025-10-18 01:20:05.507,106998.9,0.00175,187.248075
2025-10-18 01:20:06.119,106998.89,0.09351,10005.4662039
2025-10-18 01:20:06.666,106998.9,0.0005,53.499449999999996
2025-10-18 01:20:07.081,106998.9,0.0028,299.59691999999995
2025-10-18 01:20:07.108,106998.89,0.09351,10005.4662039
2025-10-18 01:20:07.163,106998.9,0.00027,28.889702999999997
2025-10-18 01:20:07.367,106998.9,0.00151,161.568339
2025-10-18 01:20:07.882,106998.89,0.00037,39.5895893
2025-10-18 01:20:07.883,106998.89,0.00234,250.3774026
2025-10-18 01:20:07.934,106998.9,0.01699,1817.911311
2025-10-18 01:20:07.984,106998.9,0.00014,14.979845999999998
2025-10-18 01:20:08.302,106998.89,0.09351,10005.4662039
2025-10-18 01:20:08.391,106998.9,0.1,10699.89
2025-10-18 01:20:08.440,106998.9,0.0003,32.099669999999996
2025-10-18 01:20:08.707,106998.89,0.00093,99.5089677
2025-10-18 01:20:08.807,106998.89,0.0001,10.699889
2025-10-18 01:20:09.033,106998.9,0.0187,2000.87943
2025-10-18 01:20:09.317,106998.89,0.09351,10005.4662039
2025-10-18 01:20:09.607,106998.89,0.00016,17.1198224
2025-10-18 01:20:09.632,106998.9,0.00019,20.329791
2025-10-18 01:20:10.280,106998.89,8e-05,8.5599112
2025-10-18 01:20:10.307,106998.89,0.09351,10005.4662039
2025-10-18 01:20:10.520,106998.9,0.00934,999.3697259999999
2025-10-18 01:20:10.549,106998.9,0.00934,999.3697259999999
2025-10-18 01:20:10.561,106998.9,0.00934,999.3697259999999
2025-10-18 01:20:10.574,106998.9,0.00934,999.3697259999999
2025-10-18 01:20:10.582,106998.9,0.00934,999.3697259999999
2025-10-18 01:20:10.594,106998.9,0.00934,999.3697259999999
2025-10-18 01:20:10.608,106998.9,0.00934,999.3697259999999
2025-10-18 01:20:10.614,106998.9,0.00934,999.3697259999999
2025-10-18 01:20:10.626,106998.9,0.00934,999.3697259999999
2025-10-18 01:20:10.632,106998.9,0.00934,999.3697259999999
2025-10-18 01:20:10.640,106998.9,0.00934,999.3697259999999
2025-10-18 01:20:10.653,106998.9,0.00934,999.3697259999999
2025-10-18 01:20:10.666,106998.9,0.00934,999.3697259999999
2025-10-18 01:20:10.678,106998.9,0.00934,999.3697259999999
2025-10-18 01:20:10.690,106998.9,0.00934,999.3697259999999
2025-10-18 01:20:10.696,106998.9,0.00934,999.3697259999999
2025-10-18 01:20:10.710,106998.9,0.00934,999.3697259999999
2025-10-18 01:20:10.716,106998.9,0.00934,999.3697259999999
2025-10-18 01:20:10.722,106998.9,0.00934,999.3697259999999
2025-10-18 01:20:10.728,106998.9,0.00934,999.3697259999999
2025-10-18 01:20:10.733,106998.89,0.00017,18.189811300000002
2025-10-18 01:20:10.740,106998.9,0.00934,999.3697259999999
2025-10-18 01:20:10.747,106998.9,0.00934,999.3697259999999
2025-10-18 01:20:10.752,106998.9,0.00934,999.3697259999999
2025-10-18 01:20:10.759,106998.9,0.00934,999.3697259999999
2025-10-18 01:20:10.764,106998.9,0.00934,999.3697259999999
2025-10-18 01:20:10.770,106998.9,0.00582,622.7335979999999
2025-10-18 01:20:10.777,106998.9,0.00934,999.3697259999999
2025-10-18 01:20:10.783,106998.9,0.00934,999.3697259999999
2025-10-18 01:20:10.789,106998.9,0.00934,999.3697259999999
2025-10-18 01:20:10.794,106998.9,0.00934,999.3697259999999
2025-10-18 01:20:10.800,106998.9,0.00934,999.3697259999999
2025-10-18 01:20:11.362,106998.89,0.09351,10005.4662039
2025-10-18 01:20:11.814,106998.9,0.00934,999.3697259999999
2025-10-18 01:20:11.825,106998.9,0.00934,999.3697259999999
2025-10-18 01:20:11.831,106998.9,0.00934,999.3697259999999
2025-10-18 01:20:11.837,106998.9,0.00934,999.3697259999999
2025-10-18 01:20:11.843,106998.9,0.00934,999.3697259999999
2025-10-18 01:20:11.849,106998.9,0.00934,999.3697259999999
2025-10-18 01:20:11.856,106998.9,0.00934,999.3697259999999
2025-10-18 01:20:11.862,106998.9,0.00934,999.3697259999999
2025-10-18 01:20:11.867,106998.9,0.00934,999.3697259999999
2025-10-18 01:20:11.879,106998.9,0.00934,999.3697259999999
2025-10-18 01:20:11.884,106998.9,0.00934,999.3697259999999
2025-10-18 01:20:11.890,106998.9,0.00934,999.3697259999999
2025-10-18 01:20:11.896,106998.9,0.00934,999.3697259999999
2025-10-18 01:20:11.903,106998.9,0.00934,999.3697259999999
2025-10-18 01:20:11.909,106998.9,0.00934,999.3697259999999
2025-10-18 01:20:11.915,106998.9,0.00934,999.3697259999999
2025-10-18 01:20:11.920,106998.9,0.00934,999.3697259999999
2025-10-18 01:20:11.927,106998.9,0.00934,999.3697259999999
2025-10-18 01:20:11.934,106998.9,0.00692,740.432388
2025-10-18 01:20:11.940,106998.9,0.00934,999.3697259999999
2025-10-18 01:20:11.946,106998.9,0.00934,999.3697259999999
2025-10-18 01:20:11.953,106998.9,0.00934,999.3697259999999
2025-10-18 01:20:11.956,106999.69,5e-05,5.349984500000001
2025-10-18 01:20:11.957,106999.99,0.00025,26.749997500000003
2025-10-18 01:20:11.959,107000.0,0.00934,999.3799999999999
2025-10-18 01:20:11.966,107000.0,0.0021,224.7
2025-10-18 01:20:11.969,107000.0,0.0055,588.5
2025-10-18 01:20:11.970,107000.0,0.00361,386.27
2025-10-18 01:20:11.973,107000.0,0.00934,999.3799999999999
2025-10-18 01:20:11.976,107000.0,0.00739,790.73
2025-10-18 01:20:11.979,107000.0,0.00934,999.3799999999999
2025-10-18 01:20:11.985,107000.0,0.00934,999.3799999999999
2025-10-18 01:20:11.993,107000.0,0.00934,999.3799999999999
2025-10-18 01:20:12.000,107000.0,0.00934,999.3799999999999
2025-10-18 01:20:12.007,107000.0,0.00934,999.3799999999999
2025-10-18 01:20:12.013,107000.0,0.00934,999.3799999999999
2025-10-18 01:20:12.021,107000.0,0.00934,999.3799999999999
2025-10-18 01:20:12.027,107000.0,0.00934,999.3799999999999
2025-10-18 01:20:12.031,107000.0,0.028,2996.0
2025-10-18 01:20:12.033,107000.0,0.00934,999.3799999999999
2025-10-18 01:20:12.039,107000.0,0.00934,999.3799999999999
2025-10-18 01:20:12.046,107000.0,0.00934,999.3799999999999
2025-10-18 01:20:12.051,107000.0,0.00934,999.3799999999999
2025-10-18 01:20:12.057,107000.0,0.00934,999.3799999999999
2025-10-18 01:20:12.064,107000.0,0.00934,999.3799999999999
2025-10-18 01:20:12.070,107000.0,0.00934,999.3799999999999
2025-10-18 01:20:12.076,107000.0,0.00934,999.3799999999999
2025-10-18 01:20:12.082,107000.0,0.00684,731.88
2025-10-18 01:20:12.090,107000.0,0.00934,999.3799999999999
2025-10-18 01:20:12.097,107000.0,0.00934,999.3799999999999
2025-10-18 01:20:12.103,107000.0,0.00934,999.3799999999999
2025-10-18 01:20:12.110,107000.0,0.00934,999.3799999999999
2025-10-18 01:20:12.116,107000.0,0.00934,999.3799999999999
2025-10-18 01:20:12.122,107000.0,0.00934,999.3799999999999
2025-10-18 01:20:12.127,107000.0,0.00934,999.3799999999999
2025-10-18 01:20:12.135,107000.0,0.00934,999.3799999999999
2025-10-18 01:20:12.141,107000.0,0.00934,999.3799999999999
2025-10-18 01:20:12.148,107000.0,0.00193,206.51000000000002
2025-10-18 01:20:12.312,106999.99,0.0935,10004.499065
2025-10-18 01:20:12.369,107000.0,0.00051,54.57000000000001
2025-10-18 01:20:12.548,107000.0,0.00702,751.14
2025-10-18 01:20:12.565,107000.0,0.00934,999.3799999999999
2025-10-18 01:20:12.572,107000.0,0.00934,999.3799999999999
2025-10-18 01:20:12.578,107000.0,0.00934,999.3799999999999
2025-10-18 01:20:12.585,107000.0,0.00934,999.3799999999999
2025-10-18 01:20:12.592,107000.0,0.00934,999.3799999999999
2025-10-18 01:20:12.597,107000.0,0.00934,999.3799999999999
2025-10-18 01:20:12.603,107000.0,0.00934,999.3799999999999
2025-10-18 01:20:12.609,107000.0,0.00934,999.3799999999999
2025-10-18 01:20:12.616,107000.0,0.00934,999.3799999999999
2025-10-18 01:20:12.622,107000.0,0.00934,999.3799999999999
2025-10-18 01:20:12.628,107000.0,0.00923,987.61
2025-10-18 01:20:12.796,106999.99,0.00015,16.0499985
2025-10-18 01:20:13.032,107000.0,0.04863,5203.41
2025-10-18 01:20:13.034,107000.0,0.00739,790.73
2025-10-18 01:20:13.041,107000.0,0.00934,999.3799999999999
2025-10-18 01:20:13.048,107000.0,0.00934,999.3799999999999
2025-10-18 01:20:13.055,107000.0,0.00245,262.15
2025-10-18 01:20:13.063,107000.0,0.00934,999.3799999999999
2025-10-18 01:20:13.070,107000.0,0.00934,999.3799999999999
2025-10-18 01:20:13.076,107000.0,0.00934,999.3799999999999
2025-10-18 01:20:13.077,107000.0,0.00516,552.12
2025-10-18 01:20:13.078,107000.0,0.00275,294.25
2025-10-18 01:20:13.080,107000.01,0.00126,134.8200126
2025-10-18 01:20:13.082,107000.1,0.00207,221.490207
2025-10-18 01:20:13.087,107000.1,0.005,535.0005
2025-10-18 01:20:13.088,107000.1,0.00499,533.9304989999999
2025-10-18 01:20:13.224,107000.1,0.00549,587.430549
2025-10-18 01:20:13.225,107000.93,5e-05,5.3500464999999995
2025-10-18 01:20:13.226,107001.44,0.00088,94.16126720000001
2025-10-18 01:20:13.230,107001.47,0.00125,133.7518375
2025-10-18 01:20:13.232,107002.0,0.00087,93.09174
2025-10-18 01:20:13.239,107002.0,0.00038,40.66076
2025-10-18 01:20:13.273,107002.0,0.00014,14.980279999999999
2025-10-18 01:20:13.274,107002.0,0.00261,279.27522
2025-10-18 01:20:13.317,107002.05,0.0935,10004.691675
2025-10-18 01:20:13.453,107002.05,0.00035,37.4507175
2025-10-18 01:20:13.540,107002.05,0.00075,80.2515375
2025-10-18 01:20:14.045,107002.06,0.00025,26.750515
2025-10-18 01:20:14.511,107002.05,0.0935,10004.691675
2025-10-18 01:20:14.627,107002.06,0.00649,694.4433694
2025-10-18 01:20:14.635,107002.06,0.00034,36.3807004
2025-10-18 01:20:14.636,107003.18,0.00015,16.050476999999997
2025-10-18 01:20:15.537,107003.21,0.0001,10.700321
2025-10-18 01:20:15.599,107003.2,0.0935,10004.7992
2025-10-18 01:20:15.873,107003.21,0.00014,14.9804494
2025-10-18 01:20:16.582,107003.2,0.0935,10004.7992
2025-10-18 01:20:16.616,107003.42,0.00109,116.6337278
2025-10-18 01:20:17.142,107003.45,0.00672,719.063184
2025-10-18 01:20:17.202,107003.45,0.009,963.0310499999999
2025-10-18 01:20:17.370,107003.45,0.006,642.0207
2025-10-18 01:20:17.672,107003.44,0.0935,10004.82164
2025-10-18 01:20:18.134,107003.45,0.013,1391.04485
2025-10-18 01:20:18.154,107003.45,0.028,2996.0966
2025-10-18 01:20:18.914,107003.44,0.0935,10004.82164
2025-10-18 01:20:19.852,107003.44,0.0935,10004.82164
2025-10-18 01:20:20.037,107003.45,0.00934,999.4122229999999
2025-10-18 01:20:20.043,107003.45,0.00934,999.4122229999999
2025-10-18 01:20:20.050,107003.45,0.00934,999.4122229999999
2025-10-18 01:20:20.060,107003.45,0.01441,1541.9197144999998
2025-10-18 01:20:20.061,107003.45,0.03383,3619.9267135
2025-10-18 01:20:20.063,107003.45,0.01441,1541.9197144999998
2025-10-18 01:20:20.067,107003.45,0.028,2996.0966
2025-10-18 01:20:20.068,107003.45,0.05266,5634.8016769999995
2025-10-18 01:20:20.069,107003.45,0.00287,307.0999015
2025-10-18 01:20:20.101,107003.45,0.00407,435.50404149999997
2025-10-18 01:20:20.104,107003.45,0.00025,26.7508625
2025-10-18 01:20:20.108,107003.45,0.01731,1852.2297194999999
2025-10-18 01:20:20.121,107003.45,0.04324,4626.829178
2025-10-18 01:20:20.124,107003.45,0.00934,999.4122229999999
2025-10-18 01:20:20.130,107003.45,0.00081,86.6727945
2025-10-18 01:20:20.142,107003.45,0.0666,7126.429770000001
2025-10-18 01:20:20.153,107003.45,0.00934,999.4122229999999
2025-10-18 01:20:20.166,107003.45,0.00934,999.4122229999999
2025-10-18 01:20:20.179,107003.45,0.00934,999.4122229999999
2025-10-18 01:20:20.186,107003.45,0.00934,999.4122229999999
2025-10-18 01:20:20.193,107003.45,0.00934,999.4122229999999
2025-10-18 01:20:20.201,107003.45,0.00934,999.4122229999999
2025-10-18 01:20:20.208,107003.45,0.00934,999.4122229999999
2025-10-18 01:20:20.215,107003.45,0.00934,999.4122229999999
2025-10-18 01:20:20.222,107003.45,0.00934,999.4122229999999
2025-10-18 01:20:20.228,107003.45,0.00934,999.4122229999999
2025-10-18 01:20:20.233,107003.45,0.00934,999.4122229999999
2025-10-18 01:20:20.240,107003.45,0.00934,999.4122229999999
2025-10-18 01:20:20.247,107003.45,0.00934,999.4122229999999
2025-10-18 01:20:20.253,107003.45,0.00934,999.4122229999999
2025-10-18 01:20:20.258,107003.45,0.00934,999.4122229999999
2025-10-18 01:20:20.264,107003.45,0.00934,999.4122229999999
2025-10-18 01:20:20.270,107003.45,0.00934,999.4122229999999
2025-10-18 01:20:20.277,107003.45,0.00934,999.4122229999999
2025-10-18 01:20:20.284,107003.45,0.00934,999.4122229999999
2025-10-18 01:20:20.291,107003.45,0.00934,999.4122229999999
2025-10-18 01:20:20.297,107003.45,0.00934,999.4122229999999
2025-10-18 01:20:20.303,107003.45,0.00934,999.4122229999999
2025-10-18 01:20:20.309,107003.45,0.00934,999.4122229999999
2025-10-18 01:20:20.311,107003.45,1.7095,182922.397775
2025-10-18 01:20:20.314,107003.45,0.00934,999.4122229999999
2025-10-18 01:20:20.320,107003.45,0.00934,999.4122229999999
2025-10-18 01:20:20.327,107003.45,0.00934,999.4122229999999
2025-10-18 01:20:20.333,107003.45,0.00934,999.4122229999999
2025-10-18 01:20:20.338,107003.45,0.00934,999.4122229999999
2025-10-18 01:20:20.343,107003.45,0.00934,999.4122229999999
2025-10-18 01:20:20.350,107003.45,0.00934,999.4122229999999
2025-10-18 01:20:20.356,107003.45,0.00934,999.4122229999999
2025-10-18 01:20:20.362,107003.45,0.00934,999.4122229999999
2025-10-18 01:20:20.368,107003.45,0.00934,999.4122229999999
2025-10-18 01:20:20.374,107003.45,0.00934,999.4122229999999
2025-10-18 01:20:20.381,107003.45,0.00934,999.4122229999999
2025-10-18 01:20:20.388,107003.45,0.00934,999.4122229999999
2025-10-18 01:20:20.394,107003.45,0.00934,999.4122229999999
2025-10-18 01:20:20.400,107003.45,0.00934,999.4122229999999
2025-10-18 01:20:20.407,107003.45,0.00934,999.4122229999999
2025-10-18 01:20:20.413,107003.45,0.00934,999.4122229999999
2025-10-18 01:20:20.419,107003.45,0.00934,999.4122229999999
2025-10-18 01:20:20.426,107003.45,0.00934,999.4122229999999
2025-10-18 01:20:20.432,107003.45,0.00934,999.4122229999999
2025-10-18 01:20:20.438,107003.45,0.00934,999.4122229999999
2025-10-18 01:20:20.446,107003.45,0.00934,999.4122229999999
2025-10-18 01:20:20.453,107003.45,0.00934,999.4122229999999
2025-10-18 01:20:20.459,107003.45,0.00934,999.4122229999999
2025-10-18 01:20:20.465,107003.45,0.00934,999.4122229999999
2025-10-18 01:20:20.472,107003.45,0.00934,999.4122229999999
2025-10-18 01:20:20.479,107003.45,0.00934,999.4122229999999
2025-10-18 01:20:20.485,107003.45,0.00934,999.4122229999999
2025-10-18 01:20:20.492,107003.45,0.00222,237.547659
2025-10-18 01:20:20.532,107003.45,0.00097,103.7933465
2025-10-18 01:20:20.632,107003.44,0.00039,41.7313416
2025-10-18 01:20:20.865,107003.45,0.01965,2102.6177925
2025-10-18 01:20:20.907,107003.45,0.03281,3510.7831945
2025-10-18 01:20:20.911,107003.45,0.4455,47670.036975
2025-10-18 01:20:20.919,107003.99,0.00024,25.680957600000003
2025-10-18 01:20:20.923,107004.0,0.00025,26.751
2025-10-18 01:20:20.924,107005.47,0.00035,37.4519145
2025-10-18 01:20:20.925,107008.12,7e-05,7.490568399999999
2025-10-18 01:20:20.926,107015.2,0.0001,10.70152
2025-10-18 01:20:20.928,107017.69,0.00469,501.9129661
2025-10-18 01:20:20.943,107017.69,0.00285,305.00041650000003
2025-10-18 01:20:20.983,107017.68,0.09349,10005.0829032
2025-10-18 01:20:20.990,107017.69,0.00351,375.63209190000003
2025-10-18 01:20:21.089,107017.69,0.04836,5175.3754884
2025-10-18 01:20:21.217,107017.69,0.00584,624.9833096
2025-10-18 01:20:21.774,107017.69,0.00151,161.5967119
2025-10-18 01:20:21.932,107017.69,0.00023,24.6140687
2025-10-18 01:20:22.117,107017.68,0.09349,10005.0829032
2025-10-18 01:20:22.136,107017.68,0.00099,105.94750319999999
2025-10-18 01:20:22.404,107017.69,0.00025,26.7544225
2025-10-18 01:20:22.847,107017.69,0.00067,71.7018523
2025-10-18 01:20:23.250,107017.68,0.09349,10005.0829032
2025-10-18 01:20:23.592,107017.68,0.00047,50.298309599999996
2025-10-18 01:20:23.983,107017.69,0.00264,282.5267016
2025-10-18 01:20:24.116,107017.69,0.00036,38.5263684
2025-10-18 01:20:24.284,107017.68,0.09349,10005.0829032
2025-10-18 01:20:24.708,107017.69,0.0006,64.21061399999999
2025-10-18 01:20:25.216,107017.68,0.09349,10005.0829032
2025-10-18 01:20:26.414,107017.68,0.09349,10005.0829032
2025-10-18 01:20:27.161,107017.68,0.012,1284.21216
2025-10-18 01:20:27.162,107017.68,0.012,1284.21216
2025-10-18 01:20:27.166,107017.68,0.012,1284.21216
2025-10-18 01:20:27.399,107017.68,0.09349,10005.0829032
2025-10-18 01:20:27.818,107017.68,0.00027,28.894773599999997
2025-10-18 01:20:27.983,107017.69,7e-05,7.491238299999999
2025-10-18 01:20:28.018,107017.69,8e-05,8.5614152
2025-10-18 01:20:28.047,107017.69,0.00094,100.5966286
2025-10-18 01:20:28.147,107017.69,7e-05,7.491238299999999
2025-10-18 01:20:28.161,107017.69,7e-05,7.491238299999999
2025-10-18 01:20:28.224,107017.69,0.00019,20.3333611
2025-10-18 01:20:28.344,107017.68,0.09349,10005.0829032
2025-10-18 01:20:28.513,107017.68,0.00172,184.07040959999998
2025-10-18 01:20:29.061,107017.69,0.0001,10.701769
2025-10-18 01:20:29.110,107017.69,0.00018,19.2631842
2025-10-18 01:20:29.155,107017.68,0.012,1284.21216
2025-10-18 01:20:29.156,107017.68,0.012,1284.21216
2025-10-18 01:20:29.428,107017.69,9e-05,9.6315921
2025-10-18 01:20:29.575,107017.68,0.09349,10005.0829032
2025-10-18 01:20:29.591,107017.68,0.00052,55.64919359999999
2025-10-18 01:20:29.733,107017.69,0.00024,25.6842456
2025-10-18 01:20:29.944,107017.69,0.00047,50.2983143
2025-10-18 01:20:29.962,107017.69,0.00036,38.5263684
2025-10-18 01:20:30.018,107017.69,0.00029,31.0351301
2025-10-18 01:20:30.083,107017.69,0.00027,28.8947763
2025-10-18 01:20:30.191,107017.69,9e-05,9.6315921
2025-10-18 01:20:30.375,107017.69,0.00065,69.5614985
2025-10-18 01:20:30.427,107017.68,0.00039,41.7368952
2025-10-18 01:20:30.539,107017.68,0.00127,135.9124536
2025-10-18 01:20:30.917,107017.68,0.09349,10005.0829032
2025-10-18 01:20:31.124,107017.69,0.00015,16.052653499999998
2025-10-18 01:20:31.333,107017.69,0.00669,715.9483461
2025-10-18 01:20:31.591,107017.69,0.02805,3001.8462045
2025-10-18 01:20:31.692,107017.69,0.00057,61.0000833
2025-10-18 01:20:31.832,107017.69,0.00142,151.9651198
2025-10-18 01:20:31.959,107017.68,0.09349,10005.0829032
2025-10-18 01:20:32.401,107017.69,0.1,10701.769
2025-10-18 01:20:32.415,107017.77,0.0001,10.701777000000002
2025-10-18 01:20:32.761,107018.0,0.00224,239.72032
2025-10-18 01:20:33.024,107018.0,0.00214,229.01852
2025-10-18 01:20:33.048,107019.16,5e-05,5.350958
2025-10-18 01:20:33.117,107019.99,0.09349,10005.298865100001
2025-10-18 01:20:33.133,107020.0,0.00321,343.5342
2025-10-18 01:20:33.687,107020.0,0.00072,77.0544
2025-10-18 01:20:33.720,107020.0,0.00099,105.9498
2025-10-18 01:20:33.741,107019.99,8e-05,8.561599200000002
2025-10-18 01:20:34.084,107019.99,0.09349,10005.298865100001
2025-10-18 01:20:34.223,107019.99,0.00026,27.8251974
2025-10-18 01:20:34.343,107020.0,0.00065,69.563
2025-10-18 01:20:34.985,107019.99,8e-05,8.561599200000002
2025-10-18 01:20:35.116,107019.99,0.09349,10005.298865100001
2025-10-18 01:20:35.262,107020.0,0.00038,40.6676
2025-10-18 01:20:35.719,107019.99,0.00238,254.70757620000003
2025-10-18 01:20:35.939,107020.0,0.00041,43.8782
2025-10-18 01:20:35.940,107020.0,0.00041,43.8782
2025-10-18 01:20:36.155,107019.99,0.09349,10005.298865100001
2025-10-18 01:20:36.575,107019.99,7e-05,7.491399299999999
2025-10-18 01:20:37.088,107020.0,0.01868,1999.1336
2025-10-18 01:20:37.220,107019.99,0.09349,10005.298865100001
2025-10-18 01:20:37.247,107020.0,0.028,2996.56
2025-10-18 01:20:37.264,107020.0,0.0002,21.404
2025-10-18 01:20:38.231,107020.28,0.09349,10005.3259772
2025-10-18 01:20:38.384,107020.28,0.00476,509.4165328
2025-10-18 01:20:39.082,107020.29,0.00201,215.1107829
2025-10-18 01:20:39.317,107020.28,0.09349,10005.3259772
2025-10-18 01:20:39.344,107020.28,0.00012,12.8424336
2025-10-18 01:20:39.717,107020.28,0.00018,19.2636504
2025-10-18 01:20:39.814,107020.29,0.00093,99.5288697
2025-10-18 01:20:40.358,107020.28,0.09349,10005.3259772
2025-10-18 01:20:40.525,107020.29,0.00152,162.6708408
2025-10-18 01:20:40.837,107020.29,0.00675,722.3869575
2025-10-18 01:20:41.339,107020.28,0.09349,10005.3259772
2025-10-18 01:20:41.365,107020.28,0.00166,177.6536648
2025-10-18 01:20:41.575,107020.29,0.00047,50.29953629999999
2025-10-18 01:20:41.583,107020.29,0.00151,161.6006379
2025-10-18 01:20:41.638,107020.3,0.002,214.0406
2025-10-18 01:20:42.373,107020.29,0.09349,10005.3269121
2025-10-18 01:20:42.824,107020.3,7e-05,7.491421
2025-10-18 01:20:42.916,107020.3,0.00014,14.982842
2025-10-18 01:20:42.995,107020.29,8e-05,8.5616232
2025-10-18 01:20:43.314,107020.3,0.00105,112.371315
2025-10-18 01:20:43.364,107020.29,0.09349,10005.3269121
2025-10-18 01:20:43.664,107020.29,0.00042,44.9485218
2025-10-18 01:20:44.252,107020.3,0.00059,63.141977000000004
2025-10-18 01:20:44.297,107020.3,0.0058,620.7177399999999
2025-10-18 01:20:44.346,107020.29,0.09349,10005.3269121
2025-10-18 01:20:44.386,107020.3,0.028,2996.5684
2025-10-18 01:20:44.389,107020.3,0.003,321.0609
2025-10-18 01:20:44.609,107020.29,0.18962,20293.1873898
2025-10-18 01:20:44.901,107020.3,5e-05,5.351015
2025-10-18 01:20:44.932,107020.29,0.0001,10.702029
2025-10-18 01:20:44.981,107020.29,9e-05,9.6318261
2025-10-18 01:20:45.317,107020.29,0.09349,10005.3269121
2025-10-18 01:20:45.371,107020.29,0.00324,346.7457396
2025-10-18 01:20:45.373,107020.29,9e-05,9.6318261
2025-10-18 01:20:45.639,107020.29,0.00115,123.07333349999999
2025-10-18 01:20:45.817,107020.3,0.00934,999.5696019999999
2025-10-18 01:20:45.970,107020.3,0.00056,59.931368
2025-10-18 01:20:46.095,107020.29,8e-05,8.5616232
2025-10-18 01:20:46.221,107024.0,0.00295,315.7208
2025-10-18 01:20:46.238,107026.26,0.028,2996.73528
2025-10-18 01:20:46.416,107026.25,0.09349,10005.8841125
2025-10-18 01:20:46.475,107026.25,0.00017,18.1944625
2025-10-18 01:20:46.916,107026.25,8e-05,8.562100000000001
2025-10-18 01:20:47.124,107026.26,0.00014,14.983676399999998
2025-10-18 01:20:47.262,107026.26,0.00019,20.3349894
2025-10-18 01:20:47.302,107026.26,0.12147,13000.4798022
2025-10-18 01:20:47.350,107026.25,0.09349,10005.8841125
2025-10-18 01:20:47.404,107026.26,0.028,2996.73528
2025-10-18 01:20:47.416,107026.26,0.002,214.05252
2025-10-18 01:20:47.655,107026.25,9e-05,9.632362500000001
2025-10-18 01:20:48.228,107026.25,9e-05,9.632362500000001
2025-10-18 01:20:48.391,107026.25,0.09349,10005.8841125
2025-10-18 01:20:48.632,107026.25,8e-05,8.562100000000001
2025-10-18 01:20:48.927,107026.26,0.01,1070.2626
2025-10-18 01:20:49.401,107026.25,0.0001,10.702625000000001
2025-10-18 01:20:49.478,107026.25,0.09349,10005.8841125
2025-10-18 01:20:49.664,107026.26,0.09344,10000.533734399998
2025-10-18 01:20:50.218,107026.25,0.00019,20.3349875
2025-10-18 01:20:50.318,107026.26,0.00596,637.8765096
2025-10-18 01:20:50.322,107026.25,9e-05,9.632362500000001
2025-10-18 01:20:50.410,107026.25,9e-05,9.632362500000001
2025-10-18 01:20:50.456,107026.25,0.09349,10005.8841125
2025-10-18 01:20:51.516,107026.25,0.09349,10005.8841125
2025-10-18 01:20:51.737,107026.26,0.00014,14.983676399999998
2025-10-18 01:20:52.375,107026.25,8e-05,8.562100000000001
2025-10-18 01:20:52.631,107026.25,0.09349,10005.8841125
2025-10-18 01:20:52.801,107026.26,5e-05,5.351313
2025-10-18 01:20:52.867,107026.26,0.00026,27.826827599999998
2025-10-18 01:20:53.110,107026.26,0.00055,58.864443
2025-10-18 01:20:53.140,107026.26,8e-05,8.5621008
2025-10-18 01:20:53.496,107026.25,0.00035,37.4591875
2025-10-18 01:20:53.511,107026.25,9e-05,9.632362500000001
2025-10-18 01:20:53.878,107026.25,0.09349,10005.8841125
2025-10-18 01:20:53.973,107026.26,0.01442,1543.3186692
2025-10-18 01:20:54.005,107026.26,0.028,2996.73528
2025-10-18 01:20:54.012,107026.26,0.2369,25354.520994
2025-10-18 01:20:54.019,107026.26,0.00121,129.50177459999998
2025-10-18 01:20:54.026,107026.26,0.028,2996.73528
2025-10-18 01:20:54.045,107026.26,0.00025,26.756565
2025-10-18 01:20:54.097,107026.25,0.00093,99.5344125
2025-10-18 01:20:54.160,107026.26,0.00354,378.8729604
2025-10-18 01:20:54.374,107026.25,0.0001,10.702625000000001
2025-10-18 01:20:54.505,107026.26,0.06465,6919.247708999999
2025-10-18 01:20:54.929,107026.25,0.00016,17.124200000000002
2025-10-18 01:20:55.110,107026.25,0.09348,10004.813849999999
2025-10-18 01:20:56.194,107026.25,0.09348,10004.813849999999
2025-10-18 01:20:56.704,107026.25,0.00033,35.3186625
2025-10-18 01:20:56.741,107026.26,0.00014,14.983676399999998
2025-10-18 01:20:56.886,107026.25,0.00175,187.2959375
2025-10-18 01:20:57.217,107026.25,0.09348,10004.813849999999
2025-10-18 01:20:57.640,107026.26,0.00016,17.1242016
2025-10-18 01:20:58.375,107026.25,0.09348,10004.813849999999
2025-10-18 01:20:58.504,107026.25,0.00426,455.931825
2025-10-18 01:20:59.150,107026.26,0.00069,73.84811939999999
2025-10-18 01:20:59.249,107026.25,9e-05,9.632362500000001
2025-10-18 01:20:59.415,107026.25,0.09348,10004.813849999999
2025-10-18 01:20:59.482,107026.26,0.00028,29.967352799999997
2025-10-18 01:20:59.549,107026.26,0.00037,39.599716199999996
2025-10-18 01:20:59.816,107026.25,0.00038,40.669975
2025-10-18 01:21:00.363,107026.25,0.0001,10.702625000000001
2025-10-18 01:21:00.508,107026.25,0.09348,10004.813849999999
2025-10-18 01:21:00.845,107026.26,0.00043,46.02129179999999
2025-10-18 01:21:01.110,107026.26,0.00014,14.983676399999998
2025-10-18 01:21:01.499,107026.25,0.00043,46.0212875
2025-10-18 01:21:01.572,107026.26,0.00028,29.967352799999997
2025-10-18 01:21:01.577,107026.26,0.00348,372.45138479999997
2025-10-18 01:21:01.581,107026.25,0.0001,10.702625000000001
2025-10-18 01:21:01.598,107026.26,0.00159,170.1717534
2025-10-18 01:21:01.716,107026.26,9e-05,9.632363400000001
2025-10-18 01:21:01.752,107026.25,0.01196,1280.03395
2025-10-18 01:21:01.902,107026.25,0.00041,43.880762499999996
2025-10-18 01:21:02.087,107026.26,0.00541,579.0120665999999
2025-10-18 01:21:02.854,107026.25,0.00021,22.4755125
2025-10-18 01:21:03.180,107026.25,0.00092,98.46415
2025-10-18 01:21:03.182,107026.25,0.00092,98.46415
2025-10-18 01:21:03.183,107026.25,0.00107,114.5180875
2025-10-18 01:21:03.217,107026.26,0.00093,99.5344218
2025-10-18 01:21:03.411,107026.26,0.00147,157.32860219999998
2025-10-18 01:21:03.872,107026.26,0.00222,237.59829720000002
2025-10-18 01:21:04.481,107026.26,0.00099,105.9559974
2025-10-18 01:21:04.667,107026.26,0.00934,999.6252683999999
2025-10-18 01:21:05.432,107026.26,0.00029,31.0376154
2025-10-18 01:21:06.131,107026.25,8e-05,8.562100000000001
2025-10-18 01:21:06.309,107026.26,0.13616,14572.6955616
2025-10-18 01:21:06.541,107026.26,0.02878,3080.2157628
2025-10-18 01:21:06.633,107026.26,0.00012,12.8431512
2025-10-18 01:21:06.732,107026.25,0.00014,14.983674999999998
2025-10-18 01:21:06.961,107026.26,0.00014,14.983676399999998
2025-10-18 01:21:06.985,107026.26,0.00045,48.161817
2025-10-18 01:21:08.022,107026.25,0.00116,124.15045
2025-10-18 01:21:08.200,107026.26,0.00015,16.053938999999996
2025-10-18 01:21:08.265,107026.26,0.00071,75.9886446
2025-10-18 01:21:09.110,107026.25,9e-05,9.632362500000001
2025-10-18 01:21:09.165,107026.26,0.00121,129.50177459999998
2025-10-18 01:21:09.781,107026.26,0.00077,82.4102202
2025-10-18 01:21:09.984,107026.25,0.01777,1901.8564625000001
2025-10-18 01:21:10.613,107026.26,0.00035,37.459191
2025-10-18 01:21:10.673,107026.26,0.01,1070.2626
2025-10-18 01:21:10.802,107026.26,0.00019,20.3349894
2025-10-18 01:21:10.991,107026.26,0.00014,14.983676399999998
2025-10-18 01:21:11.791,107026.25,0.00029,31.0376125
2025-10-18 01:21:12.234,107026.26,0.03022,3234.3335772
2025-10-18 01:21:12.935,107026.25,0.02843,3042.7562875
2025-10-18 01:21:12.936,107025.56,0.10053,10759.279546799999
2025-10-18 01:21:12.937,107024.69,0.04824,5162.8710456
2025-10-18 01:21:12.938,107024.69,0.06528,6986.5717632000005
2025-10-18 01:21:12.939,107021.4,5e-05,5.35107
2025-10-18 01:21:12.945,107020.9,0.00025,26.755225
2025-10-18 01:21:12.957,107020.28,0.012,1284.24336
2025-10-18 01:21:12.970,107020.28,0.012,1284.24336
2025-10-18 01:21:12.980,107020.28,0.012,1284.24336
2025-10-18 01:21:12.994,107020.28,0.26827,28710.330515600002
2025-10-18 01:21:12.999,107018.68,5e-05,5.350934
2025-10-18 01:21:13.004,107018.12,0.00164,175.50971679999998
2025-10-18 01:21:13.015,107017.03,0.00015,16.0525545
2025-10-18 01:21:13.074,107017.02,0.05936,6352.530307200001
2025-10-18 01:21:13.114,107017.02,0.12512,13389.969542400002
2025-10-18 01:21:13.422,107017.03,0.05437,5818.5159211
2025-10-18 01:21:14.023,107017.02,0.00032,34.245446400000006
2025-10-18 01:21:14.725,107017.02,9e-05,9.631531800000001
2025-10-18 01:21:15.012,107017.03,0.00143,153.03435290000002
2025-10-18 01:21:15.080,107017.02,0.0935,10006.09137
2025-10-18 01:21:15.616,107017.02,0.44913,48064.5541926
2025-10-18 01:21:15.664,107017.02,0.04083,4369.5049266
2025-10-18 01:21:15.783,107017.03,0.02906,3109.9148918
2025-10-18 01:21:15.881,107017.03,0.00014,14.982384199999998
2025-10-18 01:21:15.946,107017.02,0.00035,37.455957
2025-10-18 01:21:16.003,107017.02,0.0935,10006.09137
2025-10-18 01:21:16.004,107017.02,0.05217,5583.0779334
2025-10-18 01:21:16.005,107017.02,0.05553,5942.6551206
2025-10-18 01:21:16.006,107016.89,0.0002,21.403378
2025-10-18 01:21:16.007,107016.0,0.00016,17.12256
2025-10-18 01:21:16.011,107015.55,0.00945,1011.2969475
2025-10-18 01:21:16.012,107015.02,0.00025,26.753755
2025-10-18 01:21:16.013,107014.02,0.0112,1198.557024
2025-10-18 01:21:16.393,107014.02,0.00092,98.45289840000001
2025-10-18 01:21:16.395,107014.02,0.00108,115.57514160000001
2025-10-18 01:21:17.017,107014.02,0.0935,10005.810870000001
2025-10-18 01:21:17.151,107014.03,0.01,1070.1403
2025-10-18 01:21:17.597,107014.02,0.00464,496.5450528
2025-10-18 01:21:17.613,107014.02,9e-05,9.6312618
2025-10-18 01:21:18.117,107014.02,0.0935,10005.810870000001
2025-10-18 01:21:18.123,107014.03,0.08344,8929.2506632
2025-10-18 01:21:18.288,107014.02,0.00124,132.6973848
2025-10-18 01:21:18.462,107014.02,0.018,1926.25236
2025-10-18 01:21:18.653,107014.03,0.0001,10.701403
2025-10-18 01:21:19.282,107014.02,0.0024,256.833648
2025-10-18 01:21:19.379,107014.02,0.0935,10005.810870000001
2025-10-18 01:21:19.462,107014.02,0.00082,87.75149640000001
2025-10-18 01:21:19.463,107014.02,0.00108,115.57514160000001
2025-10-18 01:21:19.465,107014.02,0.00155,165.871731
2025-10-18 01:21:19.467,107014.02,0.00219,234.3607038
2025-10-18 01:21:19.547,107014.03,0.01862,1992.6012386
2025-10-18 01:21:20.469,107014.02,0.0935,10005.810870000001
2025-10-18 01:21:20.475,107014.03,0.09344,9999.3909632
2025-10-18 01:21:20.659,107014.03,0.00693,741.6072279
2025-10-18 01:21:20.714,107014.05,0.00249,266.4649845
2025-10-18 01:21:20.985,107014.05,0.00014,14.981967
2025-10-18 01:21:21.413,107014.05,0.00017,18.192388500000003
2025-10-18 01:21:21.455,107014.04,9e-05,9.6312636
2025-10-18 01:21:21.657,107014.04,0.09349,10004.7425996
2025-10-18 01:21:21.681,107014.05,0.02788,2983.5517139999997
2025-10-18 01:21:21.683,107014.06,0.00058,62.0681548
2025-10-18 01:21:22.746,107014.09,9e-05,9.6312681
2025-10-18 01:21:22.793,107014.09,0.09349,10004.7472741
2025-10-18 01:21:22.815,107014.1,0.0003,32.10423
2025-10-18 01:21:22.840,107014.1,0.00394,421.635554
2025-10-18 01:21:22.871,107017.01,5e-05,5.3508505
2025-10-18 01:21:22.922,107019.42,0.0001,10.701942
2025-10-18 01:21:23.312,107019.43,0.0044,470.885492
2025-10-18 01:21:23.507,107019.42,8e-05,8.5615536
2025-10-18 01:21:23.917,107019.42,0.09349,10005.2455758
2025-10-18 01:21:24.375,107019.42,0.0167,1787.2243139999998
2025-10-18 01:21:25.021,107019.42,0.09349,10005.2455758
2025-10-18 01:21:25.303,107019.43,0.00037,39.597189099999994
2025-10-18 01:21:25.317,107019.42,9e-05,9.631747800000001
2025-10-18 01:21:25.406,107019.43,0.06124,6553.8698932
2025-10-18 01:21:25.869,107019.43,0.00014,14.982720199999997
2025-10-18 01:21:26.061,107019.42,0.00736,787.6629312
2025-10-18 01:21:26.213,107019.42,0.09349,10005.2455758
2025-10-18 01:21:26.261,107019.43,0.002,214.03886
2025-10-18 01:21:26.803,107019.43,6e-05,6.4211658
2025-10-18 01:21:26.916,107019.43,0.00019,20.3336917
2025-10-18 01:21:27.138,107019.43,0.00094,100.59826419999999
2025-10-18 01:21:27.163,107019.42,0.00069,73.8433998
2025-10-18 01:21:27.305,107019.42,0.09349,10005.2455758
2025-10-18 01:21:27.689,107019.43,0.02005,2145.7395715
2025-10-18 01:21:27.896,107019.42,0.00036,38.526991200000005
2025-10-18 01:21:28.299,107019.42,0.00506,541.5182652
2025-10-18 01:21:28.416,107019.42,0.09349,10005.2455758
2025-10-18 01:21:28.513,107019.43,0.00034,36.3866062
2025-10-18 01:21:29.416,107019.42,0.09349,10005.2455758
2025-10-18 01:21:29.434,107019.42,9e-05,9.631747800000001
2025-10-18 01:21:30.115,107018.1,5e-05,5.350905000000001
2025-10-18 01:21:30.246,107014.12,9e-05,9.6312708
2025-10-18 01:21:30.473,107014.11,0.09349,10004.7491439
2025-10-18 01:21:30.582,107014.12,7e-05,7.490988399999999
2025-10-18 01:21:31.484,107014.12,0.00038,40.6653656
2025-10-18 01:21:31.514,107014.11,0.09349,10004.7491439
2025-10-18 01:21:31.957,107014.12,0.0001,10.701412
2025-10-18 01:21:32.070,107014.11,9e-05,9.631269900000001
2025-10-18 01:21:32.617,107014.11,0.09349,10004.7491439
2025-10-18 01:21:32.907,107014.11,0.19763,21149.1985593
2025-10-18 01:21:33.038,107014.11,0.00444,475.14264840000004
2025-10-18 01:21:33.250,107014.12,0.00049,52.436918799999994
2025-10-18 01:21:33.592,107014.11,0.012,1284.16932
2025-10-18 01:21:33.593,107014.11,0.012,1284.16932
2025-10-18 01:21:33.594,107014.11,0.012,1284.16932
2025-10-18 01:21:33.610,107014.11,0.00024,25.6833864
2025-10-18 01:21:34.319,107014.12,0.00354,378.8299848
2025-10-18 01:21:34.577,107014.12,0.09833,10522.6984196
2025-10-18 01:21:34.615,107014.11,0.08181,8754.8243391
2025-10-18 01:21:34.765,107014.03,0.00015,16.0521045
2025-10-18 01:21:35.619,107014.02,0.00025,26.753505
2025-10-18 01:21:35.670,107014.03,0.00028,29.963928399999997
2025-10-18 01:21:35.671,107014.02,0.0935,10005.810870000001
2025-10-18 01:21:35.878,107014.03,0.00014,14.981964199999998
2025-10-18 01:21:36.707,107014.02,0.0935,10005.810870000001
2025-10-18 01:21:36.723,107014.03,0.00818,875.3747654
2025-10-18 01:21:37.139,107014.02,0.00434,464.44084680000003
2025-10-18 01:21:37.694,107014.02,0.0935,10005.810870000001
2025-10-18 01:21:38.062,107014.03,0.00061,65.2785583
2025-10-18 01:21:38.817,107014.02,0.0935,10005.810870000001
2025-10-18 01:21:39.014,107014.02,9e-05,9.6312618
2025-10-18 01:21:39.052,107014.03,0.0322,3445.8517659999998
2025-10-18 01:21:39.246,107014.03,0.00028,29.963928399999997
2025-10-18 01:21:39.527,107014.02,5e-05,5.350701000000001
2025-10-18 01:21:39.574,107014.03,0.00149,159.4509047
2025-10-18 01:21:39.585,107014.03,0.0937,10027.214611000001
2025-10-18 01:21:39.744,107014.03,0.00081,86.6813643
2025-10-18 01:21:39.761,107014.03,0.00035,37.4549105
2025-10-18 01:21:39.930,107014.02,0.0935,10005.810870000001
2025-10-18 01:21:40.095,107014.02,5e-05,5.350701000000001
2025-10-18 01:21:40.286,107014.02,0.00049,52.436869800000004
2025-10-18 01:21:40.546,107014.02,0.00017,18.1923834
2025-10-18 01:21:40.969,107014.02,0.0935,10005.810870000001
2025-10-18 01:21:41.190,107014.02,0.00434,464.44084680000003
2025-10-18 01:21:41.193,107014.02,0.012,1284.16824
2025-10-18 01:21:41.194,107014.02,0.012,1284.16824
2025-10-18 01:21:41.197,107014.02,0.06711,7181.710882200001
2025-10-18 01:21:41.208,107014.01,0.00434,464.4408034
2025-10-18 01:21:41.214,107013.46,0.00119,127.34601740000002
2025-10-18 01:21:41.215,107009.03,0.00025,26.7522575
2025-10-18 01:21:41.403,107009.03,0.09344,9998.923763199999
2025-10-18 01:21:41.583,107009.02,7e-05,7.4906314
2025-10-18 01:21:41.613,107009.02,0.00014,14.9812628
2025-10-18 01:21:41.686,107009.03,0.24028,25712.1297284
2025-10-18 01:21:42.017,107009.02,0.0935,10005.34337
2025-10-18 01:21:42.376,107009.05,0.014,1498.1267
2025-10-18 01:21:43.083,107009.04,0.0935,10005.345239999999
2025-10-18 01:21:43.115,107013.8,5e-05,5.35069
2025-10-18 01:21:43.701,107014.0,0.00031,33.17434
2025-10-18 01:21:43.886,107014.01,0.00035,37.4549035
2025-10-18 01:21:44.116,107014.0,0.0935,10005.809
2025-10-18 01:21:44.322,107014.0,9e-05,9.631260000000001
2025-10-18 01:21:44.825,107014.01,0.00458,490.12416579999996
2025-10-18 01:21:45.155,107014.01,0.09349,10004.7397949
2025-10-18 01:21:45.215,107019.23,0.14192,15188.169121599998
2025-10-18 01:21:45.221,107019.23,9e-05,9.6317307
2025-10-18 01:21:45.482,107019.24,0.00081,86.6855844
2025-10-18 01:21:45.732,107019.24,0.00079,84.5451996
2025-10-18 01:21:45.891,107019.23,9e-05,9.6317307
2025-10-18 01:21:45.921,107019.23,9e-05,9.6317307
2025-10-18 01:21:46.140,107019.23,0.09349,10005.2278127
2025-10-18 01:21:46.174,107019.24,0.01238,1324.8981912000002
2025-10-18 01:21:47.123,107019.23,0.09349,10005.2278127
2025-10-18 01:21:47.466,107019.24,0.08345,8930.755578
2025-10-18 01:21:47.763,107019.24,0.00297,317.84714280000003
2025-10-18 01:21:48.116,107019.23,0.09349,10005.2278127
2025-10-18 01:21:48.262,107019.24,0.00662,708.4673688
2025-10-18 01:21:49.041,107019.23,0.00058,62.0711534
2025-10-18 01:21:49.112,107019.24,0.00092,98.45770080000001
2025-10-18 01:21:49.203,107019.23,0.09349,10005.2278127
2025-10-18 01:21:49.548,107019.23,6e-05,6.4211538
2025-10-18 01:21:49.585,107019.24,0.08883,9506.519089200001
2025-10-18 01:21:49.713,107019.24,0.00047,50.2990428
2025-10-18 01:21:50.243,107019.23,0.09349,10005.2278127
2025-10-18 01:21:50.558,107019.24,0.00765,818.697186
2025-10-18 01:21:50.586,107019.24,0.00975,1043.43759
2025-10-18 01:21:51.024,107019.24,0.00042,44.94808080000001
2025-10-18 01:21:51.175,107019.23,0.09349,10005.2278127
2025-10-18 01:21:51.723,107019.23,9e-05,9.6317307
2025-10-18 01:21:51.777,107019.24,8e-05,8.5615392
2025-10-18 01:21:51.842,107019.23,9e-05,9.6317307
2025-10-18 01:21:51.844,107019.23,9e-05,9.6317307
2025-10-18 01:21:52.008,107019.23,0.03517,3763.8663191
2025-10-18 01:21:52.178,107019.24,0.00057,61.0009668
2025-10-18 01:21:52.320,107019.23,0.09349,10005.2278127
2025-10-18 01:21:52.372,107019.24,0.028,2996.53872
2025-10-18 01:21:52.425,107019.24,0.00011,11.772116400000002
2025-10-18 01:21:52.714,107019.24,0.00291,311.4259884
2025-10-18 01:21:52.867,107019.24,8e-05,8.5615392
2025-10-18 01:21:53.334,107019.24,0.027,2889.51948
2025-10-18 01:21:53.342,107019.24,0.001,107.01924000000001
2025-10-18 01:21:53.351,107019.24,0.028,2996.53872
2025-10-18 01:21:53.386,107019.23,0.00018,19.2634614
2025-10-18 01:21:53.417,107019.23,0.09349,10005.2278127
2025-10-18 01:21:53.465,107019.24,0.00186,199.05578640000002
2025-10-18 01:21:54.417,107019.23,0.09349,10005.2278127
2025-10-18 01:21:55.233,107019.24,0.00092,98.45770080000001
2025-10-18 01:21:55.292,107019.24,0.00013,13.9125012
2025-10-18 01:21:55.527,107019.23,0.09349,10005.2278127
2025-10-18 01:21:55.741,107019.24,0.00102,109.15962480000002
2025-10-18 01:21:56.816,107019.23,0.09349,10005.2278127
2025-10-18 01:21:56.935,107019.24,0.02427,2597.3569548
2025-10-18 01:21:57.276,107019.24,0.02092,2238.8425008000004
2025-10-18 01:21:57.681,107019.24,0.00462,494.42888880000004
2025-10-18 01:21:57.808,107019.23,0.09349,10005.2278127
2025-10-18 01:21:57.884,107019.24,7e-05,7.4913468
2025-10-18 01:21:58.159,107024.83,0.00023,24.6157109
2025-10-18 01:21:58.172,107024.83,0.028,2996.69524
2025-10-18 01:21:58.515,107026.99,0.0001,10.702699
2025-10-18 01:21:58.843,107027.25,0.09348,10004.90733
2025-10-18 01:21:58.881,107027.26,0.00082,87.76235319999999
2025-10-18 01:21:59.028,107027.25,0.0009,96.324525
2025-10-18 01:21:59.119,107027.26,9e-05,9.6324534
2025-10-18 01:21:59.152,107027.25,0.00513,549.0497925
2025-10-18 01:21:59.161,107027.25,0.00017,18.1946325
2025-10-18 01:21:59.577,107027.26,0.0772,8262.504472
2025-10-18 01:21:59.711,107027.25,0.00018,19.264905000000002
2025-10-18 01:21:59.979,107027.25,0.09348,10004.90733
2025-10-18 01:22:00.383,107027.25,8e-05,8.562180000000001
2025-10-18 01:22:00.563,107027.26,0.0012,128.43271199999998
2025-10-18 01:22:00.925,107027.26,0.1,10702.726
2025-10-18 01:22:01.019,107027.25,0.09348,10004.90733
2025-10-18 01:22:01.566,107027.26,8e-05,8.5621808
2025-10-18 01:22:01.581,107027.25,7e-05,7.491907499999999
2025-10-18 01:22:01.817,107027.26,0.00046,49.2325396
2025-10-18 01:22:02.096,107027.25,9e-05,9.632452500000001
2025-10-18 01:22:02.106,107027.25,0.09348,10004.90733
2025-10-18 01:22:02.232,107027.26,0.028,2996.76328
2025-10-18 01:22:02.245,107027.26,0.003,321.08178
2025-10-18 01:22:03.199,107027.25,0.09348,10004.90733
2025-10-18 01:22:03.550,107027.26,0.00047,50.3028122
2025-10-18 01:22:04.216,107027.25,0.09348,10004.90733
2025-10-18 01:22:04.330,107027.25,0.00017,18.1946325
2025-10-18 01:22:04.577,107027.26,0.09965,10665.266459
2025-10-18 01:22:05.225,107027.25,0.01065,1139.8402125
2025-10-18 01:22:05.241,107027.25,0.00027,28.897357500000002
2025-10-18 01:22:05.372,107027.25,9e-05,9.632452500000001
2025-10-18 01:22:05.479,107027.25,0.09348,10004.90733
2025-10-18 01:22:05.493,107027.26,5e-05,5.351363
2025-10-18 01:22:06.416,107027.25,0.00018,19.264905000000002
2025-10-18 01:22:06.516,107027.25,0.09348,10004.90733
2025-10-18 01:22:06.555,107027.25,9e-05,9.632452500000001
2025-10-18 01:22:06.873,107027.25,0.0001,10.702725000000001
2025-10-18 01:22:06.957,107029.87,5e-05,5.3514935
2025-10-18 01:22:06.975,107032.0,0.028,2996.896
2025-10-18 01:22:07.250,107032.0,9e-05,9.63288
2025-10-18 01:22:07.256,107031.99,9e-05,9.6328791
2025-10-18 01:22:07.630,107031.99,0.00013,13.9141587
2025-10-18 01:22:07.717,107031.99,0.09348,10005.3504252
2025-10-18 01:22:08.085,107032.0,0.00119,127.36808
2025-10-18 01:22:08.129,107031.99,0.00105,112.3835895
2025-10-18 01:22:08.744,107031.99,0.09348,10005.3504252
2025-10-18 01:22:09.596,107032.0,9e-05,9.63288
2025-10-18 01:22:09.783,107031.99,0.09348,10005.3504252
2025-10-18 01:22:10.203,107031.99,0.00046,49.234715400000006
2025-10-18 01:22:10.204,107031.99,0.00015,16.0547985
2025-10-18 01:22:10.205,107031.99,0.00046,49.234715400000006
2025-10-18 01:22:10.771,107031.99,0.09348,10005.3504252
2025-10-18 01:22:11.208,107031.99,0.0001,10.703199000000001
2025-10-18 01:22:11.600,107032.0,0.00747,799.52904
2025-10-18 01:22:11.706,107031.99,0.09348,10005.3504252
2025-10-18 01:22:11.834,107031.99,0.0001,10.703199000000001
2025-10-18 01:22:12.700,107032.0,0.07132,7633.522239999999
2025-10-18 01:22:12.717,107031.99,0.09348,10005.3504252
2025-10-18 01:22:12.954,107031.99,0.00018,19.2657582
2025-10-18 01:22:13.734,107031.99,0.09348,10005.3504252
2025-10-18 01:22:13.932,107031.99,0.00199,212.9936601
2025-10-18 01:22:14.586,107032.0,0.08954,9583.645279999999
2025-10-18 01:22:14.816,107031.99,0.09348,10005.3504252
2025-10-18 01:22:15.029,107032.0,0.00086,92.04751999999999
2025-10-18 01:22:15.275,107032.0,0.00079,84.55528
2025-10-18 01:22:15.633,107031.99,0.00031,33.1799169
2025-10-18 01:22:15.970,107031.99,0.09348,10005.3504252
2025-10-18 01:22:16.570,107032.0,0.00015,16.0548
2025-10-18 01:22:16.624,107032.0,9e-05,9.63288
2025-10-18 01:22:16.818,107032.0,7e-05,7.492239999999999
2025-10-18 01:22:16.953,107031.99,0.09348,10005.3504252
2025-10-18 01:22:16.981,107032.0,8e-05,8.562560000000001
2025-10-18 01:22:17.118,107032.0,8e-05,8.562560000000001
2025-10-18 01:22:17.339,107032.0,0.00029,31.03928
2025-10-18 01:22:17.383,107032.0,0.00047,50.30504
2025-10-18 01:22:17.481,107032.0,0.0001,10.7032
2025-10-18 01:22:17.517,107032.0,0.00184,196.93888
2025-10-18 01:22:17.533,107032.0,0.00057,61.00824
2025-10-18 01:22:17.537,107031.99,0.00155,165.8995845
2025-10-18 01:22:17.570,107032.0,0.0001,10.7032
2025-10-18 01:22:17.690,107032.0,0.00016,17.125120000000003
2025-10-18 01:22:17.810,107032.0,0.00029,31.03928
2025-10-18 01:22:17.983,107032.0,0.00132,141.28224
2025-10-18 01:22:18.017,107031.99,0.09348,10005.3504252
2025-10-18 01:22:18.182,107032.0,0.00094,100.61008
2025-10-18 01:22:18.283,107032.0,0.09343,9999.99976
2025-10-18 01:22:18.285,107032.0,0.0001,10.7032
2025-10-18 01:22:18.494,107032.0,0.00242,259.01743999999997
2025-10-18 01:22:19.179,107031.99,0.09348,10005.3504252
2025-10-18 01:22:19.387,107031.99,0.012,1284.38388
2025-10-18 01:22:19.388,107031.99,0.012,1284.38388
2025-10-18 01:22:19.389,107031.99,0.012,1284.38388
2025-10-18 01:22:19.578,107032.0,0.07404,7924.64928
2025-10-18 01:22:19.594,107031.99,0.02291,2452.1028909
2025-10-18 01:22:19.768,107032.0,0.00013,13.914159999999999
2025-10-18 01:22:19.822,107031.99,0.00047,50.3050353
2025-10-18 01:22:20.086,107031.99,0.00374,400.2996426
2025-10-18 01:22:20.214,107031.99,0.09348,10005.3504252
2025-10-18 01:22:20.513,107032.0,0.07343,7859.359759999999
2025-10-18 01:22:21.205,107031.99,0.00698,747.0832902000001
2025-10-18 01:22:21.217,107031.99,0.09348,10005.3504252
2025-10-18 01:22:21.611,107031.99,8e-05,8.5625592
2025-10-18 01:22:21.622,107032.0,0.028,2996.896
2025-10-18 01:22:21.636,107032.0,0.028,2996.896
2025-10-18 01:22:22.340,107031.99,0.09348,10005.3504252
2025-10-18 01:22:22.715,107031.99,0.00038,40.6721562
2025-10-18 01:22:23.050,107032.0,9e-05,9.63288
2025-10-18 01:22:23.317,107031.99,0.09348,10005.3504252
2025-10-18 01:22:23.880,107031.99,0.012,1284.38388
2025-10-18 01:22:23.881,107031.99,0.012,1284.38388
2025-10-18 01:22:24.274,107031.98,0.01065,1139.8905869999999
2025-10-18 01:22:24.276,107031.98,0.012,1284.38376
2025-10-18 01:22:24.415,107025.47,0.00015,16.0538205
2025-10-18 01:22:24.567,107020.58,0.09349,10005.3540242
2025-10-18 01:22:24.579,107020.59,0.10891,11655.6124569
2025-10-18 01:22:24.983,107020.58,0.00273,292.16618339999997
2025-10-18 01:22:25.406,107020.58,0.00016,17.1232928
2025-10-18 01:22:25.589,107020.58,0.09349,10005.3540242
2025-10-18 01:22:26.220,107020.58,0.00027,28.895556600000003
2025-10-18 01:22:26.717,107020.58,0.09349,10005.3540242
2025-10-18 01:22:27.070,107020.59,0.00859,919.3068681
2025-10-18 01:22:27.429,107029.7,0.022,2354.6533999999997
2025-10-18 01:22:27.451,107029.7,0.028,2996.8316
2025-10-18 01:22:27.453,107029.7,0.006,642.1782
2025-10-18 01:22:27.833,107029.69,0.09348,10005.135421199999
2025-10-18 01:22:28.006,107029.69,0.00215,230.1138335
2025-10-18 01:22:28.916,107029.69,0.09348,10005.135421199999
2025-10-18 01:22:29.005,107029.69,0.08106,8675.8266714
2025-10-18 01:22:29.867,107029.7,0.0151,1616.14847
2025-10-18 01:22:29.916,107029.69,0.09348,10005.135421199999
2025-10-18 01:22:30.046,107029.7,0.00093,99.537621
2025-10-18 01:22:30.169,107029.7,0.0002,21.40594
2025-10-18 01:22:30.903,107029.69,0.09348,10005.135421199999
2025-10-18 01:22:30.991,107029.7,8e-05,8.562376
2025-10-18 01:22:31.582,107029.7,0.07652,8189.912644
2025-10-18 01:22:32.094,107029.69,0.09348,10005.135421199999
2025-10-18 01:22:33.187,107029.69,0.09348,10005.135421199999
2025-10-18 01:22:33.247,107029.69,0.003,321.08907
2025-10-18 01:22:33.633,107029.7,0.04518,4835.601846
2025-10-18 01:22:33.659,107029.69,0.00047,50.3039543
2025-10-18 01:22:33.732,107029.7,0.00047,50.303959
2025-10-18 01:22:34.116,107029.69,0.00018,19.2653442
2025-10-18 01:22:34.275,107029.69,0.09348,10005.135421199999
2025-10-18 01:22:34.342,107029.7,0.09337,9993.363088999999
2025-10-18 01:22:34.578,107029.7,0.09051,9687.258146999999
2025-10-18 01:22:34.755,107029.7,0.00084,89.904948
2025-10-18 01:22:35.383,107029.69,0.00111,118.80295590000001
2025-10-18 01:22:35.416,107029.69,0.09348,10005.135421199999
2025-10-18 01:22:36.342,107029.69,9e-05,9.6326721
2025-10-18 01:22:36.510,107029.69,0.09348,10005.135421199999
2025-10-18 01:22:36.576,107029.69,9e-05,9.6326721
2025-10-18 01:22:36.810,107029.7,0.00051,54.585147
2025-10-18 01:22:37.498,107029.69,0.09348,10005.135421199999
2025-10-18 01:22:37.670,107029.7,0.00038,40.671286
2025-10-18 01:22:37.781,107029.7,0.00021,22.476237
2025-10-18 01:22:38.008,107029.69,0.00434,464.5088546
2025-10-18 01:22:38.035,107029.7,0.00014,14.984157999999999
2025-10-18 01:22:38.420,107029.7,0.028,2996.8316
2025-10-18 01:22:38.575,107029.7,5e-05,5.351485
2025-10-18 01:22:38.634,107029.69,0.09348,10005.135421199999
2025-10-18 01:22:38.690,107029.7,0.00144,154.122768
2025-10-18 01:22:39.409,107029.7,0.04671,4999.357287
2025-10-18 01:22:39.461,107029.7,0.00014,14.984157999999999
2025-10-18 01:22:39.568,107029.69,0.09348,10005.135421199999
2025-10-18 01:22:39.925,107029.69,6e-05,6.4217814
2025-10-18 01:22:40.517,107029.69,0.09348,10005.135421199999
2025-10-18 01:22:40.762,107029.7,0.00568,607.928696
2025-10-18 01:22:40.897,107029.7,0.0013,139.13861
2025-10-18 01:22:41.473,107029.7,0.00105,112.38118499999999
2025-10-18 01:22:41.617,107029.69,0.09348,10005.135421199999
2025-10-18 01:22:41.797,107029.7,0.00365,390.658405
2025-10-18 01:22:41.799,107029.7,0.00743,795.230671
2025-10-18 01:22:41.809,107029.69,0.01044,1117.3899635999999
2025-10-18 01:22:42.687,107029.69,0.09348,10005.135421199999
2025-10-18 01:22:43.761,107029.7,8e-05,8.562376
2025-10-18 01:22:43.774,107029.69,0.09348,10005.135421199999
2025-10-18 01:22:43.848,107029.7,0.0001,10.70297
2025-10-18 01:22:44.088,107029.7,5e-05,5.351485
2025-10-18 01:22:44.763,107029.69,0.09348,10005.135421199999
2025-10-18 01:22:45.169,107029.69,0.57097,61110.7420993
2025-10-18 01:22:45.377,107029.69,0.0001,10.702969000000001
2025-10-18 01:22:45.774,107029.7,0.024,2568.7128
2025-10-18 01:22:45.802,107029.69,0.09348,10005.135421199999
2025-10-18 01:22:46.481,107029.7,0.00302,323.229694
2025-10-18 01:22:46.779,107029.7,0.004,428.1188
2025-10-18 01:22:46.791,107029.69,0.09348,10005.135421199999
2025-10-18 01:22:47.780,107029.69,0.09348,10005.135421199999
2025-10-18 01:22:48.266,107029.7,0.00041,43.882177
2025-10-18 01:22:48.916,107029.69,0.09348,10005.135421199999
2025-10-18 01:22:49.261,107029.7,0.02,2140.594
2025-10-18 01:22:49.352,107029.7,0.00333,356.408901
2025-10-18 01:22:49.443,107029.7,0.0001,10.70297
2025-10-18 01:22:49.530,107029.7,8e-05,8.562376
2025-10-18 01:22:49.916,107029.69,0.09348,10005.135421199999
2025-10-18 01:22:49.971,107029.69,0.00357,382.0959933
2025-10-18 01:22:50.185,107029.69,0.00029,31.0386101
2025-10-18 01:22:50.995,107029.69,0.09348,10005.135421199999
2025-10-18 01:22:51.203,107029.69,0.00023,24.616828700000003
2025-10-18 01:22:52.134,107029.69,0.09348,10005.135421199999
2025-10-18 01:22:52.310,107029.7,0.028,2996.8316
2025-10-18 01:22:52.337,107029.7,0.00094,100.607918
2025-10-18 01:22:53.191,107029.7,0.01,1070.297
2025-10-18 01:22:53.217,107029.69,0.09348,10005.135421199999
2025-10-18 01:22:53.406,107029.7,0.08343,8929.487871
2025-10-18 01:22:53.518,107029.7,0.00021,22.476237
2025-10-18 01:22:53.880,107029.7,0.02,2140.594
2025-10-18 01:22:53.925,107029.7,0.00025,26.757425
2025-10-18 01:22:54.038,107029.7,0.0072,770.61384
2025-10-18 01:22:54.051,107029.7,0.00287,307.17523900000003
2025-10-18 01:22:54.059,107029.7,0.01536,1643.976192
2025-10-18 01:22:54.086,107033.42,0.00015,16.055013
2025-10-18 01:22:54.127,107033.43,0.028,2996.93604
2025-10-18 01:22:54.146,107033.43,0.00219,234.40321169999999
2025-10-18 01:22:54.217,107033.97,0.09348,10005.535515599999
2025-10-18 01:22:54.450,107033.97,0.00794,849.8497217999999
2025-10-18 01:22:55.106,107033.98,0.002,214.06796
2025-10-18 01:22:55.228,107033.97,0.09348,10005.535515599999
2025-10-18 01:22:55.723,107033.98,0.00027,28.8991746
2025-10-18 01:22:55.728,107033.98,0.00284,303.9765032
2025-10-18 01:22:56.217,107033.98,0.09348,10005.536450399999
2025-10-18 01:22:57.256,107033.98,0.09348,10005.536450399999
2025-10-18 01:22:58.255,107033.99,0.07342,7858.4355458
2025-10-18 01:22:58.451,107033.98,0.09348,10005.536450399999
2025-10-18 01:22:58.853,107033.99,0.00298,318.9612902
2025-10-18 01:22:58.915,107039.25,0.00193,206.5857525
2025-10-18 01:22:58.921,107043.01,0.00725,776.0618225
2025-10-18 01:22:58.928,107043.01,0.00307,328.62204069999996
2025-10-18 01:22:58.934,107043.02,0.028,2997.20456
2025-10-18 01:22:59.375,107043.02,0.00058,62.084951600000004
2025-10-18 01:22:59.540,107043.01,0.09347,10005.310144699999
2025-10-18 01:22:59.802,107043.01,0.00397,424.96074969999995
2025-10-18 01:23:00.067,107043.01,0.0002,21.408602
2025-10-18 01:23:00.100,107043.02,0.028,2997.20456
2025-10-18 01:23:00.121,107043.02,0.00111,118.81775220000002
2025-10-18 01:23:00.125,107043.94,7e-05,7.4930758
2025-10-18 01:23:00.273,107043.46,4.35242,465898.09617320006
2025-10-18 01:23:00.516,107043.46,0.09066,9704.560083600001
2025-10-18 01:23:01.179,107043.46,0.00519,555.5555574
2025-10-18 01:23:01.343,107043.47,0.0001,10.704347
2025-10-18 01:23:01.803,107043.46,6e-05,6.422607600000001
2025-10-18 01:23:01.897,107043.46,0.00718,768.5720428
2025-10-18 01:23:01.910,107043.13,0.0001,10.704313
2025-10-18 01:23:02.429,107043.01,0.02802,2999.3451401999996
2025-10-18 01:23:02.432,107037.45,5e-05,5.3518725
2025-10-18 01:23:02.433,107037.04,0.00581,621.8852024
2025-10-18 01:23:02.436,107035.99,0.00045,48.1661955
2025-10-18 01:23:02.447,107033.03,0.00025,26.7582575
2025-10-18 01:23:02.460,107031.9,0.012,1284.3827999999999
2025-10-18 01:23:02.820,107031.9,0.0001,10.70319
2025-10-18 01:23:02.858,107031.21,0.00015,16.0546815
2025-10-18 01:23:03.286,107030.85,0.02,2140.617
2025-10-18 01:23:03.358,107030.85,4e-05,4.281234
2025-10-18 01:23:03.526,107030.85,0.00467,499.8340695
2025-10-18 01:23:03.733,107030.85,0.00141,150.9134985
2025-10-18 01:23:03.839,107030.85,0.00049,52.445116500000005
2025-10-18 01:23:03.841,107030.84,0.00047,50.30449479999999
2025-10-18 01:23:06.576,107030.84,8e-05,8.5624672
2025-10-18 01:23:06.895,107030.84,0.00032,34.2498688
2025-10-18 01:23:07.675,107030.85,0.00056,59.937276
2025-10-18 01:23:07.829,107030.84,0.005,535.1542
2025-10-18 01:23:07.830,107030.84,0.005,535.1542
2025-10-18 01:23:08.152,107030.85,0.06974,7464.331479
2025-10-18 01:23:08.328,107030.84,0.00163,174.4602692
2025-10-18 01:23:08.575,107030.85,7e-05,7.4921595
2025-10-18 01:23:08.818,107041.55,0.00762,815.656611
2025-10-18 01:23:08.863,107041.56,0.028,2997.16368
2025-10-18 01:23:10.016,107041.56,0.00925,990.13443
2025-10-18 01:23:10.258,107041.56,0.0071,759.995076
2025-10-18 01:23:10.738,107041.55,0.00611,654.0238705
2025-10-18 01:23:10.783,107041.56,0.00022,23.5491432
2025-10-18 01:23:11.070,107041.55,0.00098,104.900719
2025-10-18 01:23:11.470,107041.56,9e-05,9.6337404
2025-10-18 01:23:11.827,107046.34,0.01044,1117.5637895999998
2025-10-18 01:23:11.865,107046.33,0.00093,99.55308690000001
2025-10-18 01:23:12.629,107046.34,0.01924,2059.5715816
2025-10-18 01:23:13.022,107046.33,0.00337,360.7461321
2025-10-18 01:23:13.121,107046.33,0.00014,14.986486199999998
2025-10-18 01:23:13.517,107055.0,6e-05,6.4233
2025-10-18 01:23:13.592,107055.54,0.028,2997.55512
2025-10-18 01:23:13.602,107055.54,0.028,2997.55512
2025-10-18 01:23:13.832,107055.54,0.00045,48.17499299999999
2025-10-18 01:23:14.517,107055.54,0.00543,581.3115822
2025-10-18 01:23:15.283,107055.53,0.09346,10005.4098338
2025-10-18 01:23:15.897,107055.54,0.0042,449.63326799999993
2025-10-18 01:23:15.974,107055.53,0.00112,119.90219359999999
2025-10-18 01:23:15.976,107055.53,0.0012,128.466636
2025-10-18 01:23:15.977,107055.53,0.00119,127.39608070000001
2025-10-18 01:23:16.043,107055.53,0.00014,14.987774199999999
2025-10-18 01:23:16.184,107055.53,8e-05,8.5644424
2025-10-18 01:23:16.217,107055.53,0.09346,10005.4098338
2025-10-18 01:23:16.768,107055.53,0.00052,55.66887559999999
2025-10-18 01:23:16.851,107055.54,0.00046,49.2455484
2025-10-18 01:23:17.359,107055.53,0.09346,10005.4098338
2025-10-18 01:23:17.891,107055.54,0.0056,599.5110239999999
2025-10-18 01:23:17.893,107055.54,0.028,2997.55512
2025-10-18 01:23:17.909,107055.54,0.028,2997.55512
2025-10-18 01:23:18.240,107055.54,0.0001,10.705554
2025-10-18 01:23:18.448,107055.53,0.09346,10005.4098338
2025-10-18 01:23:19.536,107055.53,0.09346,10005.4098338
2025-10-18 01:23:20.022,107055.53,8e-05,8.5644424
2025-10-18 01:23:20.219,107055.54,0.1,10705.554
2025-10-18 01:23:20.470,107055.53,0.09346,10005.4098338
2025-10-18 01:23:20.711,107055.54,0.03017,3229.8656417999996
2025-10-18 01:23:21.030,107055.54,0.0055,588.8054699999999
2025-10-18 01:23:21.032,107055.54,0.0055,588.8054699999999
2025-10-18 01:23:21.050,107055.54,0.0055,588.8054699999999
2025-10-18 01:23:21.078,107055.54,0.0055,588.8054699999999
2025-10-18 01:23:21.085,107055.54,0.00075,80.29165499999999
2025-10-18 01:23:21.140,107055.54,0.0055,588.8054699999999
2025-10-18 01:23:21.183,107055.54,0.0055,588.8054699999999
2025-10-18 01:23:21.241,107055.54,0.0005,53.52777
2025-10-18 01:23:21.457,107055.53,0.09346,10005.4098338
2025-10-18 01:23:22.203,107055.53,0.0001,10.705553
2025-10-18 01:23:22.494,107055.53,0.09346,10005.4098338
2025-10-18 01:23:22.729,107055.54,2.9709,318051.30378599995
2025-10-18 01:23:23.483,107055.53,0.09346,10005.4098338
2025-10-18 01:23:24.191,107055.79,0.00014,14.987810599999998
2025-10-18 01:23:24.192,107056.29,0.00044,47.1047676
2025-10-18 01:23:24.195,107058.0,0.0028,299.7624
2025-10-18 01:23:24.203,107059.99,6e-05,6.4235994000000005
2025-10-18 01:23:24.215,107060.0,0.00206,220.54360000000003
2025-10-18 01:23:24.220,107060.0,0.00028,29.976799999999997
2025-10-18 01:23:24.238,107060.01,0.00175,187.3550175
2025-10-18 01:23:24.257,107060.69,0.028,2997.69932
2025-10-18 01:23:24.366,107060.69,0.00641,686.2590229
2025-10-18 01:23:24.379,107060.69,0.01149,1230.1273281
2025-10-18 01:23:24.380,107060.69,0.02458,2631.5517602
2025-10-18 01:23:24.392,107060.69,0.01148,1229.0567212
2025-10-18 01:23:24.617,107060.68,0.09345,10004.820545999999
2025-10-18 01:23:24.875,107060.68,0.00025,26.765169999999998
2025-10-18 01:23:25.079,107060.69,0.005,535.30345
2025-10-18 01:23:25.088,107060.69,0.005,535.30345
2025-10-18 01:23:25.089,107060.69,0.023,2462.39587
2025-10-18 01:23:25.111,107061.8,0.00016,17.129888
2025-10-18 01:23:25.117,107061.81,0.00329,352.2333549
2025-10-18 01:23:25.120,107061.96,0.004,428.24784000000005
2025-10-18 01:23:25.151,107061.95,0.00147,157.3810665
2025-10-18 01:23:25.682,107061.96,0.00086,92.0732856
2025-10-18 01:23:25.706,107061.99,0.09345,10004.9429655
2025-10-18 01:23:26.143,107061.99,0.00065,69.5902935
2025-10-18 01:23:26.247,107062.0,0.00052,55.672239999999995
2025-10-18 01:23:26.371,107062.0,0.016,1712.992
2025-10-18 01:23:26.543,107062.0,0.028,2997.736
2025-10-18 01:23:26.587,107062.0,0.00343,367.22265999999996
2025-10-18 01:23:26.717,107061.99,0.09345,10004.9429655
2025-10-18 01:23:26.841,107066.0,0.00165,176.6589
2025-10-18 01:23:27.340,107066.87,0.0001,10.706687
2025-10-18 01:23:27.341,107068.96,7e-05,7.4948272
2025-10-18 01:23:27.343,107070.0,0.00424,453.97679999999997
2025-10-18 01:23:27.344,107071.25,6e-05,6.424275
2025-10-18 01:23:27.345,107073.61,0.03471,3716.5250030999996
2025-10-18 01:23:27.385,107073.6,0.00093,99.57844800000001
2025-10-18 01:23:27.391,107073.61,0.028,2998.06108
2025-10-18 01:23:27.409,107073.61,0.028,2998.06108
2025-10-18 01:23:27.724,107073.6,0.00026,27.839136
2025-10-18 01:23:27.811,107073.6,0.09343,10003.886448000001
2025-10-18 01:23:27.833,107073.6,0.00143,153.115248
2025-10-18 01:23:27.874,107073.6,0.00095,101.71992
2025-10-18 01:23:27.923,107073.61,0.00041,43.9001801
2025-10-18 01:23:28.090,107073.61,0.007,749.51527
2025-10-18 01:23:28.241,107073.61,0.00156,167.0348316
2025-10-18 01:23:28.360,107073.61,0.00285,305.1597885
2025-10-18 01:23:28.485,107073.6,0.00326,349.059936
2025-10-18 01:23:28.506,107073.61,0.00778,833.0326858
2025-10-18 01:23:28.845,107073.61,0.0005,53.536805
2025-10-18 01:23:28.895,107073.6,0.09343,10003.886448000001
2025-10-18 01:23:29.837,107073.61,0.00673,720.6053952999999
2025-10-18 01:23:29.921,107075.11,0.0001,10.707511
2025-10-18 01:23:29.981,107076.28,0.09343,10004.1368404
2025-10-18 01:23:30.026,107076.28,0.0014,149.906792
2025-10-18 01:23:30.112,107076.29,0.14008,14999.2467032
2025-10-18 01:23:30.451,107076.28,0.00309,330.8657052
2025-10-18 01:23:30.767,107076.28,0.0001,10.707628
2025-10-18 01:23:30.967,107076.28,0.0002,21.415256
2025-10-18 01:23:30.969,107076.29,0.00034,36.4059386
2025-10-18 01:23:30.977,107076.28,0.02471,2645.8548788
2025-10-18 01:23:31.015,107076.29,0.007,749.5340299999999
2025-10-18 01:23:31.017,107076.28,0.09343,10004.1368404
2025-10-18 01:23:31.777,107076.29,0.0001,10.707629
2025-10-18 01:23:31.839,107076.29,0.00025,26.7690725
2025-10-18 01:23:31.845,107076.29,0.00025,26.7690725
2025-10-18 01:23:31.937,107076.29,0.00127,135.9868883
2025-10-18 01:23:32.116,107076.28,0.09343,10004.1368404
2025-10-18 01:23:32.157,107076.29,0.00209,223.78944609999996
2025-10-18 01:23:32.261,107076.29,0.00137,146.69451729999997
2025-10-18 01:23:32.268,107076.29,0.0001,10.707629
2025-10-18 01:23:33.217,107076.28,0.09343,10004.1368404
2025-10-18 01:23:33.633,107076.29,0.0001,10.707629
2025-10-18 01:23:34.217,107076.28,0.09343,10004.1368404
2025-10-18 01:23:34.301,107076.29,0.00285,305.1674265
2025-10-18 01:23:34.362,107076.28,0.00043,46.0428004
2025-10-18 01:23:34.713,107076.29,0.00919,984.0311051
2025-10-18 01:23:35.000,107076.29,0.00861,921.9268568999998
2025-10-18 01:23:35.215,107076.28,0.09343,10004.1368404
2025-10-18 01:23:36.317,107076.28,0.09343,10004.1368404
2025-10-18 01:23:36.633,107076.29,0.028,2998.1361199999997
2025-10-18 01:23:36.641,107076.29,0.028,2998.1361199999997
2025-10-18 01:23:36.793,107076.29,0.0004,42.830516
2025-10-18 01:23:36.864,107076.29,0.00147,157.4021463
2025-10-18 01:23:37.082,107076.29,0.0015,160.614435
2025-10-18 01:23:37.317,107076.28,0.09343,10004.1368404
2025-10-18 01:23:37.737,107076.29,0.00029,31.052124099999997
2025-10-18 01:23:37.819,107076.29,0.00014,14.990680599999997
2025-10-18 01:23:38.120,107076.29,0.00023,24.6275467
2025-10-18 01:23:38.388,107076.28,0.09344,10005.207603199999
2025-10-18 01:23:39.007,107076.28,0.02801,2999.2066028
2025-10-18 01:23:39.523,107076.28,0.09344,10005.207603199999
2025-10-18 01:23:39.607,107076.28,0.012,1284.91536
2025-10-18 01:23:39.608,107076.28,0.012,1284.91536
2025-10-18 01:23:40.497,107076.28,0.03965,4245.5745019999995
2025-10-18 01:23:40.659,107076.28,0.09344,10005.207603199999
2025-10-18 01:23:40.837,107076.28,0.00041,43.901274799999996
2025-10-18 01:23:41.263,107076.28,0.012,1284.91536
2025-10-18 01:23:41.655,107076.29,0.00047,50.3258563
2025-10-18 01:23:41.693,107076.28,0.00956,1023.6492368
2025-10-18 01:23:41.716,107076.28,0.09344,10005.207603199999
2025-10-18 01:23:41.927,107076.28,0.012,1284.91536
2025-10-18 01:23:42.115,107076.29,0.00095,101.72247549999999
2025-10-18 01:23:42.676,107076.28,0.00017,18.2029676
2025-10-18 01:23:42.719,107076.28,0.00018,19.2737304
2025-10-18 01:23:42.787,107076.28,0.09344,10005.207603199999
2025-10-18 01:23:43.116,107076.29,0.02991,3202.6518339
2025-10-18 01:23:43.917,107076.28,0.09344,10005.207603199999
2025-10-18 01:23:44.382,107076.29,0.01871,2003.3973859
2025-10-18 01:23:44.614,107076.28,0.00048,51.396614400000004
2025-10-18 01:23:44.914,107076.28,0.09344,10005.207603199999
2025-10-18 01:23:44.959,107076.29,0.028,2998.1361199999997
2025-10-18 01:23:44.962,107076.29,0.028,2998.1361199999997
2025-10-18 01:23:45.748,107076.28,9e-05,9.6368652
2025-10-18 01:23:46.162,107076.28,0.09344,10005.207603199999
2025-10-18 01:23:46.171,107076.28,0.00048,51.396614400000004
2025-10-18 01:23:46.576,107076.28,7e-05,7.495339599999999
2025-10-18 01:23:46.831,107076.29,0.00024,25.698309599999998
2025-10-18 01:23:47.099,107076.28,0.09344,10005.207603199999
2025-10-18 01:23:47.680,107076.29,0.00961,1029.0031469
2025-10-18 01:23:47.818,107076.29,0.00094,100.6517126
2025-10-18 01:23:48.240,107076.28,0.09344,10005.207603199999
2025-10-18 01:23:48.484,107076.29,0.00235,251.6292815
2025-10-18 01:23:48.666,107076.28,0.00027,28.9105956
2025-10-18 01:23:48.962,107076.29,0.00035,37.4767015
2025-10-18 01:23:49.217,107076.28,0.09344,10005.207603199999
2025-10-18 01:23:50.181,107076.29,0.00187,200.2326623
2025-10-18 01:23:50.307,107076.28,0.09344,10005.207603199999
2025-10-18 01:23:50.337,107076.29,0.0004,42.830516
2025-10-18 01:23:50.392,107076.28,0.00012,12.849153600000001
2025-10-18 01:23:50.729,107076.29,0.00684,732.4018236
2025-10-18 01:23:51.317,107076.28,0.09344,10005.207603199999
2025-10-18 01:23:52.022,107076.29,0.028,2998.1361199999997
2025-10-18 01:23:52.060,107076.29,0.46695,49999.273615499995
2025-10-18 01:23:52.317,107076.28,0.09344,10005.207603199999
2025-10-18 01:23:52.520,107076.28,0.02976,3186.5900928
2025-10-18 01:23:52.583,107076.28,6e-05,6.4245768000000005
2025-10-18 01:23:52.898,107076.29,0.028,2998.1361199999997
2025-10-18 01:23:53.227,107076.29,0.01,1070.7629
2025-10-18 01:23:53.358,107076.28,0.09344,10005.207603199999
2025-10-18 01:23:53.964,107076.29,0.00025,26.7690725
2025-10-18 01:23:54.283,107076.28,0.00112,119.92543359999999
2025-10-18 01:23:54.345,107076.28,0.09344,10005.207603199999
2025-10-18 01:23:54.354,107076.29,0.00437,467.92338729999994
2025-10-18 01:23:54.622,107076.28,0.00559,598.5564052000001
2025-10-18 01:23:55.387,107076.28,0.09344,10005.207603199999
2025-10-18 01:23:55.995,107076.29,0.08339,8929.0918231
2025-10-18 01:23:56.479,107076.28,0.09344,10005.207603199999
2025-10-18 01:23:56.661,107076.28,0.00176,188.4542528
2025-10-18 01:23:57.440,107076.29,0.00017,18.2029693
2025-10-18 01:23:57.617,107076.28,0.09344,10005.207603199999
2025-10-18 01:23:57.863,107076.29,0.00046,49.2550934
2025-10-18 01:23:58.659,107076.28,0.09344,10005.207603199999
2025-10-18 01:23:59.220,107076.29,0.00121,129.56231089999997
2025-10-18 01:23:59.399,107076.29,0.02395,2564.4771454999996
2025-10-18 01:23:59.643,107076.29,0.00015,16.0614435
2025-10-18 01:23:59.752,107076.28,0.09344,10005.207603199999
2025-10-18 01:24:00.050,107076.28,0.00014,14.990679199999999
2025-10-18 01:24:00.313,107076.29,0.00018,19.2737322
2025-10-18 01:24:00.323,107076.29,0.09339,9999.8547231
2025-10-18 01:24:00.445,107076.29,0.00026,27.839835399999995
2025-10-18 01:24:00.542,107076.28,0.00462,494.6924136
2025-10-18 01:24:00.716,107076.28,0.09344,10005.207603199999
2025-10-18 01:24:00.854,107076.29,0.028,2998.1361199999997
2025-10-18 01:24:00.885,107076.29,0.00094,100.6517126
2025-10-18 01:24:01.618,107076.29,0.00115,123.1377335
2025-10-18 01:24:01.828,107076.28,0.09344,10005.207603199999
2025-10-18 01:24:01.975,107076.29,0.00038,40.6889902
2025-10-18 01:24:02.023,107076.28,5e-05,5.353814
2025-10-18 01:24:02.262,107076.28,0.00328,351.21019839999997
2025-10-18 01:24:02.276,107076.29,0.0002,21.415258
2025-10-18 01:24:02.311,107076.29,0.0056,599.627224
2025-10-18 01:24:02.811,107076.28,0.09344,10005.207603199999
2025-10-18 01:24:03.019,107076.28,0.00016,17.1322048
2025-10-18 01:24:03.185,107076.29,0.00031,33.1936499
2025-10-18 01:24:04.007,107076.28,0.09344,10005.207603199999
2025-10-18 01:24:04.167,107076.29,1.0,107076.29
2025-10-18 01:24:05.150,107076.28,0.09344,10005.207603199999
2025-10-18 01:24:06.415,107076.29,0.00134,143.48222859999998
2025-10-18 01:24:06.499,107076.28,0.09344,10005.207603199999
2025-10-18 01:24:07.587,107076.28,0.09344,10005.207603199999
2025-10-18 01:24:07.935,107076.29,0.00172,184.1712188
2025-10-18 01:24:07.965,107076.29,0.028,2998.1361199999997
2025-10-18 01:24:07.974,107078.31,8e-05,8.5662648
2025-10-18 01:24:08.517,107079.99,0.09343,10004.483465700001
2025-10-18 01:24:09.398,107079.99,0.02993,3204.9041007
2025-10-18 01:24:09.653,107079.99,0.09343,10004.483465700001
2025-10-18 01:24:10.798,107079.99,0.09343,10004.483465700001
2025-10-18 01:24:11.533,107080.0,0.00023,24.6284
2025-10-18 01:24:11.576,107079.99,6e-05,6.4247994
2025-10-18 01:24:11.848,107080.0,0.007,749.5600000000001
2025-10-18 01:24:11.991,107080.0,0.001,107.08
2025-10-18 01:24:12.054,107080.0,0.02,2141.6
2025-10-18 01:24:12.059,107080.0,0.028,2998.2400000000002
2025-10-18 01:24:12.612,107079.99,0.001,107.07999000000001
2025-10-18 01:24:13.075,107079.99,0.09343,10004.483465700001
2025-10-18 01:24:13.992,107080.0,0.028,2998.2400000000002
2025-10-18 01:24:14.115,107079.99,0.09343,10004.483465700001
2025-10-18 01:24:14.186,107080.0,0.004,428.32
2025-10-18 01:24:14.464,107080.0,0.001,107.08
2025-10-18 01:24:14.605,107079.99,0.00034,36.407196600000006
2025-10-18 01:24:14.643,107080.0,0.00172,184.17759999999998
2025-10-18 01:24:14.691,107079.99,0.00018,19.274398200000004
2025-10-18 01:24:14.927,107080.0,0.006,642.48
2025-10-18 01:24:15.117,107079.99,0.09343,10004.483465700001
2025-10-18 01:24:15.146,107080.0,0.09338,9999.1304
2025-10-18 01:24:15.204,107080.0,0.003,321.24
2025-10-18 01:24:15.430,107080.0,0.014,1499.1200000000001
2025-10-18 01:24:15.443,107080.0,0.00028,29.9824
2025-10-18 01:24:15.632,107080.0,0.00044,47.1152
2025-10-18 01:24:15.634,107079.99,0.00025,26.769997500000002
2025-10-18 01:24:16.143,107079.99,0.09343,10004.483465700001
2025-10-18 01:24:16.869,107079.99,0.0285,3051.779715
2025-10-18 01:24:16.979,107079.99,0.0285,3051.779715
2025-10-18 01:24:16.985,107080.0,0.00088,94.2304
2025-10-18 01:24:17.090,107079.99,0.0285,3051.779715
2025-10-18 01:24:17.116,107079.99,0.09343,10004.483465700001
2025-10-18 01:24:17.364,107080.0,0.02173,2326.8484
2025-10-18 01:24:17.732,107080.0,0.00196,209.8768
2025-10-18 01:24:17.826,107080.0,7e-05,7.4956
2025-10-18 01:24:18.012,107079.99,0.00105,112.4339895
2025-10-18 01:24:18.217,107080.0,0.00013,13.920399999999999
2025-10-18 01:24:18.221,107080.0,0.0001,10.708
2025-10-18 01:24:18.232,107080.0,8e-05,8.566400000000002
2025-10-18 01:24:18.250,107080.0,0.00011,11.7788
2025-10-18 01:24:18.317,107079.99,0.09343,10004.483465700001
2025-10-18 01:24:18.426,107080.0,0.00102,109.22160000000001
2025-10-18 01:24:18.481,107080.0,0.00745,797.746
2025-10-18 01:24:18.496,107079.99,0.00021,22.486797900000003
2025-10-18 01:24:18.632,107080.0,0.00057,61.035599999999995
2025-10-18 01:24:18.793,107079.99,0.00107,114.5755893
2025-10-18 01:24:18.794,107079.99,0.00152,162.7615848
2025-10-18 01:24:18.797,107079.99,0.0014,149.911986
2025-10-18 01:24:18.851,107080.0,0.025,2677.0
2025-10-18 01:24:19.100,107080.0,0.003,321.24
2025-10-18 01:24:19.112,107080.0,0.00019,20.345200000000002
2025-10-18 01:24:19.192,107080.0,0.00019,20.345200000000002
2025-10-18 01:24:19.317,107079.99,0.09343,10004.483465700001
2025-10-18 01:24:19.475,107080.0,0.00029,31.0532
2025-10-18 01:24:20.417,107079.99,0.09343,10004.483465700001
2025-10-18 01:24:20.626,107079.99,0.00214,229.1511786
2025-10-18 01:24:20.656,107080.0,0.00015,16.061999999999998
2025-10-18 01:24:21.163,107080.0,0.006,642.48
2025-10-18 01:24:21.273,107080.0,0.022,2355.7599999999998
2025-10-18 01:24:21.435,107079.99,0.09343,10004.483465700001
2025-10-18 01:24:21.626,107080.0,0.00699,748.4892
2025-10-18 01:24:22.626,107079.99,0.09343,10004.483465700001
2025-10-18 01:24:22.831,107080.0,0.0001,10.708
2025-10-18 01:24:22.840,107080.0,0.00015,16.061999999999998
2025-10-18 01:24:22.895,107080.0,0.00055,58.894000000000005
2025-10-18 01:24:23.032,107080.0,0.00011,11.7788
2025-10-18 01:24:23.060,107080.0,0.0001,10.708
2025-10-18 01:24:23.110,107080.0,0.0187,2002.3960000000002
2025-10-18 01:24:23.616,107079.99,0.09343,10004.483465700001
2025-10-18 01:24:24.187,107080.0,9e-05,9.6372
2025-10-18 01:24:24.216,107081.25,0.02069,2215.5110625
2025-10-18 01:24:24.363,107082.35,0.0004,42.83294000000001
2025-10-18 01:24:24.686,107082.7,0.09343,10004.736660999999
2025-10-18 01:24:25.618,107082.71,7e-05,7.4957896999999996
2025-10-18 01:24:25.717,107082.7,0.09343,10004.736660999999
2025-10-18 01:24:25.782,107082.71,0.00024,25.699850400000003
2025-10-18 01:24:26.613,107082.7,0.00028,29.983155999999997
2025-10-18 01:24:26.629,107084.0,0.00167,178.83028000000002
2025-10-18 01:24:26.808,107083.99,0.09343,10004.8571857
2025-10-18 01:24:27.136,107085.12,7e-05,7.495958399999999
2025-10-18 01:24:27.137,107085.93,5e-05,5.3542965
2025-10-18 01:24:27.140,107088.0,0.00196,209.89248
2025-10-18 01:24:27.145,107091.01,0.00015,16.0636515
2025-10-18 01:24:27.156,107093.41,0.00059,63.1851119
2025-10-18 01:24:27.205,107093.41,0.003,321.28023
2025-10-18 01:24:27.402,107093.43,0.0002,21.418686
2025-10-18 01:24:27.403,107093.49,0.00045,48.1920705
2025-10-18 01:24:27.615,107096.96,0.0001,10.709696000000001
2025-10-18 01:24:27.837,107099.99,0.09342,10005.281065800002
2025-10-18 01:24:28.544,107099.99,0.0226,2420.459774
2025-10-18 01:24:28.769,107099.99,0.09342,10005.281065800002
2025-10-18 01:24:28.840,107100.0,0.00095,101.745
2025-10-18 01:24:28.875,107100.0,0.01867,1999.557
2025-10-18 01:24:29.057,107100.0,0.00192,205.632
2025-10-18 01:24:29.111,107100.0,0.00025,26.775000000000002
2025-10-18 01:24:29.817,107099.99,0.09341,10004.2100659
2025-10-18 01:24:29.918,107100.0,0.00029,31.059
2025-10-18 01:24:30.022,107099.99,9e-05,9.638999100000001
2025-10-18 01:24:30.817,107099.99,0.00229,245.2589771
2025-10-18 01:24:30.880,107099.99,0.09341,10004.2100659
2025-10-18 01:24:31.046,107099.99,0.00688,736.8479312000001
2025-10-18 01:24:31.375,107100.0,0.00019,20.349
2025-10-18 01:24:31.631,107100.0,7e-05,7.496999999999999
2025-10-18 01:24:31.915,107099.99,0.09341,10004.2100659
2025-10-18 01:24:32.062,107099.99,2.77158,296836.1902842
2025-10-18 01:24:32.063,107093.99,0.01951,2089.4037449
2025-10-18 01:24:32.065,107091.27,0.00015,16.0636905
2025-10-18 01:24:32.067,107089.87,5e-05,5.3544935
2025-10-18 01:24:32.069,107089.31,0.0021,224.88755099999997
2025-10-18 01:24:32.070,107089.31,0.30548,32713.6424188
2025-10-18 01:24:32.071,107084.17,0.14189,15194.172881299999
2025-10-18 01:24:32.074,107084.17,0.00777,832.0440009
2025-10-18 01:24:32.075,107084.17,0.02619,2804.5344123
2025-10-18 01:24:32.076,107084.17,0.2917,31236.452389000002
2025-10-18 01:24:32.077,107085.29,0.03317,3552.0190692999995
2025-10-18 01:24:32.091,107084.17,0.00933,999.0953060999999
2025-10-18 01:24:32.096,107084.02,0.00015,16.062603
2025-10-18 01:24:32.109,107083.05,0.00015,16.0624575
2025-10-18 01:24:32.127,107080.02,0.01095,1172.526219
2025-10-18 01:24:32.162,107079.99,0.00246,263.4167754
2025-10-18 01:24:32.180,107079.89,0.002,214.15978
2025-10-18 01:24:32.197,107079.9,0.04,4283.196
2025-10-18 01:24:32.203,107079.9,0.00014,14.991185999999997
2025-10-18 01:24:32.216,107079.9,0.00272,291.25732800000003
2025-10-18 01:24:32.246,107079.89,0.00933,999.0553737
2025-10-18 01:24:32.300,107079.89,0.18508,19818.3460412
2025-10-18 01:24:32.379,107079.9,0.04669,4999.560531
2025-10-18 01:24:32.420,107079.89,0.00015,16.0619835
2025-10-18 01:24:32.530,107079.89,0.00659,705.6564751000001
2025-10-18 01:24:32.627,107079.9,4e-05,4.283196
2025-10-18 01:24:32.759,107079.89,0.00707,757.0548223
2025-10-18 01:24:32.891,107079.89,0.09345,10006.6157205
2025-10-18 01:24:33.356,107079.9,0.004,428.3196
2025-10-18 01:24:33.515,107079.9,0.001,107.0799
2025-10-18 01:24:33.532,107079.9,0.00918,982.993482
2025-10-18 01:24:33.857,107079.9,0.001,107.0799
2025-10-18 01:24:33.988,107079.9,0.004,428.3196
2025-10-18 01:24:34.050,107079.9,0.006,642.4793999999999
2025-10-18 01:24:34.052,107079.9,0.004,428.3196
2025-10-18 01:24:34.053,107079.9,0.008,856.6392
2025-10-18 01:24:34.083,107079.89,0.09345,10006.6157205
2025-10-18 01:24:34.140,107079.9,0.005,535.3995
2025-10-18 01:24:34.216,107079.9,0.023,2462.8377
2025-10-18 01:24:34.500,107079.9,0.005,535.3995
2025-10-18 01:24:34.510,107079.9,0.01,1070.799
2025-10-18 01:24:34.981,107079.89,0.00047,50.3275483
2025-10-18 01:24:35.020,107079.9,0.00349,373.708851
2025-10-18 01:24:35.117,107079.89,0.09345,10006.6157205
2025-10-18 01:24:35.178,107079.9,0.013,1392.0386999999998
2025-10-18 01:24:35.481,107079.9,0.013,1392.0386999999998
2025-10-18 01:24:35.816,107079.89,0.00298,319.0980722
2025-10-18 01:24:35.818,107079.89,0.10906,11678.1328034
2025-10-18 01:24:35.838,107079.9,0.00749,802.028451
2025-10-18 01:24:35.840,107079.9,0.009,963.7190999999999
2025-10-18 01:24:36.022,107079.9,0.006,642.4793999999999
2025-10-18 01:24:36.203,107079.89,0.09345,10006.6157205
2025-10-18 01:24:36.576,107079.89,8e-05,8.5663912
2025-10-18 01:24:36.968,107079.89,0.0005,53.539945
2025-10-18 01:24:37.031,107079.89,0.00025,26.7699725
2025-10-18 01:24:37.235,107079.89,0.09345,10006.6157205
2025-10-18 01:24:37.237,107079.89,1.78448,191081.9221072
2025-10-18 01:24:38.210,107079.88,0.00043,46.044348400000004
2025-10-18 01:24:38.277,107079.88,0.04448,4762.9130624
2025-10-18 01:24:38.279,107079.88,0.00434,464.72667920000004
2025-10-18 01:24:39.472,107079.88,0.041,4390.27508
2025-10-18 01:24:39.645,107079.89,0.028,2998.23692
2025-10-18 01:24:40.561,107079.89,8e-05,8.5663912
2025-10-18 01:24:40.563,107079.88,0.00788,843.7894544000001
2025-10-18 01:24:40.845,107079.88,0.0004,42.831952
2025-10-18 01:24:41.110,107079.89,0.00094,100.6550966
2025-10-18 01:24:41.306,107079.89,0.028,2998.23692
2025-10-18 01:24:41.320,107079.89,0.028,2998.23692
2025-10-18 01:24:41.700,107079.88,0.09344,10005.5439872
2025-10-18 01:24:42.021,107079.89,0.00186,199.16859540000002
2025-10-18 01:24:42.088,107079.89,0.00105,112.43388449999999
2025-10-18 01:24:42.216,107079.89,0.028,2998.23692
2025-10-18 01:24:42.717,107079.88,0.09343,10004.473188400001
2025-10-18 01:24:43.469,107079.89,0.04759,5095.9319651
2025-10-18 01:24:43.716,107079.88,0.09343,10004.473188400001
2025-10-18 01:24:44.088,107079.88,0.00035,37.477958
2025-10-18 01:24:44.764,107079.88,0.09343,10004.473188400001
2025-10-18 01:24:45.881,107079.88,0.00054,57.8231352
2025-10-18 01:24:45.903,107079.88,0.09343,10004.473188400001
2025-10-18 01:24:45.959,107080.0,0.00095,101.726
2025-10-18 01:24:45.962,107083.24,0.00085,91.020754
2025-10-18 01:24:45.965,107085.97,0.028,2998.40716
2025-10-18 01:24:46.016,107087.85,0.00015,16.0631775
2025-10-18 01:24:46.088,107087.86,0.00212,227.0262632
2025-10-18 01:24:46.817,107087.85,0.09343,10005.2178255
2025-10-18 01:24:47.124,107087.85,0.00128,137.072448
2025-10-18 01:24:47.379,107087.85,0.00111,118.86751350000002
2025-10-18 01:24:47.821,107087.85,0.09343,10005.2178255
2025-10-18 01:24:47.938,107087.86,0.002,214.17572
2025-10-18 01:24:47.940,107087.86,0.002,214.17572
2025-10-18 01:24:48.195,107087.85,0.0002,21.41757
2025-10-18 01:24:48.882,107087.85,0.012,1285.0542
2025-10-18 01:24:48.883,107087.85,0.012,1285.0542
2025-10-18 01:24:48.884,107087.85,0.00149,159.5608965
2025-10-18 01:24:48.915,107082.0,0.00015,16.062299999999997
2025-10-18 01:24:49.011,107079.88,0.00302,323.3812376
2025-10-18 01:24:49.375,107079.89,0.0001,10.707989000000001
2025-10-18 01:24:49.575,107079.89,0.00093,99.58429770000001
2025-10-18 01:24:49.911,107079.89,0.01867,1999.1815462999998
2025-10-18 01:24:49.994,107079.88,0.09344,10005.5439872
2025-10-18 01:24:50.562,107079.89,0.00156,167.0446284
2025-10-18 01:24:50.642,107079.89,0.00765,819.1611584999999
2025-10-18 01:24:50.840,107079.89,0.00157,168.1154273
2025-10-18 01:24:51.019,107079.88,0.012,1284.95856
2025-10-18 01:24:51.034,107079.88,0.09344,10005.5439872
2025-10-18 01:24:51.121,107079.89,0.00515,551.4614335
2025-10-18 01:24:51.425,107079.89,0.00026,27.840771399999998
2025-10-18 01:24:51.454,107079.88,0.00057,61.0355316
2025-10-18 01:24:51.742,107079.89,0.00129,138.1330581
2025-10-18 01:24:51.757,107079.88,0.012,1284.95856
2025-10-18 01:24:51.917,107079.89,0.02801,2999.3077189
2025-10-18 01:24:52.082,107079.88,0.00178,190.6021864
2025-10-18 01:24:52.117,107079.88,0.09344,10005.5439872
2025-10-18 01:24:52.119,107079.88,2.2339,239205.74393200004
2025-10-18 01:24:52.310,107079.89,0.00046,49.256749400000004
2025-10-18 01:24:52.375,107079.88,0.00123,131.7082524
2025-10-18 01:24:52.376,107079.88,0.00123,131.7082524
2025-10-18 01:24:52.476,107079.89,0.09195,9845.9958855
2025-10-18 01:24:52.543,107079.88,0.0022,235.57573600000003
2025-10-18 01:24:53.309,107079.88,0.09344,10005.5439872
2025-10-18 01:24:53.461,107079.88,0.00023,24.628372400000003
2025-10-18 01:24:54.347,107079.88,0.09344,10005.5439872
2025-10-18 01:24:54.791,107079.88,0.00574,614.6385112
2025-10-18 01:24:54.840,107079.89,0.02889,3093.5380221
2025-10-18 01:24:55.487,107079.88,0.09344,10005.5439872
2025-10-18 01:24:55.539,107079.89,0.00013,13.920385699999999
2025-10-18 01:24:55.799,107079.89,0.00114,122.07107459999999
2025-10-18 01:24:56.058,107079.88,0.07735,8282.628718
2025-10-18 01:24:56.582,107079.89,0.0001,10.707989000000001
2025-10-18 01:24:56.616,107079.88,0.09344,10005.5439872
2025-10-18 01:24:56.840,107079.89,0.00153,163.8322317
2025-10-18 01:24:57.690,107079.88,0.00013,13.9203844
2025-10-18 01:24:57.692,107079.88,0.53237,57006.115715600004
2025-10-18 01:24:57.716,107079.88,0.09344,10005.5439872
2025-10-18 01:24:57.758,107079.89,0.00024,25.6991736
2025-10-18 01:24:57.944,107079.88,0.00332,355.5052016
2025-10-18 01:24:57.946,107079.88,0.02845,3046.422586
2025-10-18 01:24:57.947,107079.88,0.00332,355.5052016
2025-10-18 01:24:57.950,107079.88,0.00087,93.1594956
2025-10-18 01:24:57.998,107079.88,0.00345,369.425586
2025-10-18 01:24:57.999,107079.88,0.00344,368.35478720000003
2025-10-18 01:24:58.495,107079.88,0.00093,99.5842884
2025-10-18 01:24:58.816,107079.88,0.09344,10005.5439872
2025-10-18 01:24:59.024,107079.88,0.012,1284.95856
2025-10-18 01:24:59.053,107079.89,0.04669,4999.5600641
2025-10-18 01:24:59.155,107079.89,0.00059,63.1771351
2025-10-18 01:24:59.652,107079.89,9e-05,9.6371901
2025-10-18 01:24:59.850,107079.88,0.09344,10005.5439872
2025-10-18 01:25:00.458,107079.88,0.00027,28.9115676
2025-10-18 01:25:01.093,107079.89,0.00024,25.6991736
2025-10-18 01:25:01.133,107079.89,0.00028,29.982369199999997
2025-10-18 01:25:01.230,107079.88,0.00527,564.3109676
2025-10-18 01:25:01.532,107079.88,0.00011,11.7787868
2025-10-18 01:25:01.534,107079.89,0.00173,185.2482097
2025-10-18 01:25:02.133,107079.88,0.00013,13.9203844
2025-10-18 01:25:02.436,107079.89,0.00082,87.8055098
2025-10-18 01:25:02.557,107079.89,0.01867,1999.1815462999998
2025-10-18 01:25:02.678,107079.89,0.00162,173.4694218
2025-10-18 01:25:02.953,107079.89,0.00015,16.0619835
2025-10-18 01:25:03.023,107079.89,0.00023,24.628374700000002
2025-10-18 01:25:03.228,107079.89,0.0002,21.415978000000003
2025-10-18 01:25:05.130,107079.89,0.00302,323.3812678
2025-10-18 01:25:06.359,107079.88,0.00092,98.51348960000001
2025-10-18 01:25:06.361,107079.88,0.00092,98.51348960000001
2025-10-18 01:25:06.362,107079.88,0.00107,114.5754716
2025-10-18 01:25:06.363,107079.88,0.00071,76.02671480000001
2025-10-18 01:25:06.576,107079.88,8e-05,8.566390400000001
2025-10-18 01:25:06.900,107079.88,0.012,1284.95856
2025-10-18 01:25:07.335,107079.89,0.00084,89.94710760000001
2025-10-18 01:25:07.337,107079.89,0.00047,50.3275483
2025-10-18 01:25:07.707,107079.89,0.028,2998.23692
2025-10-18 01:25:08.051,107079.89,0.05684,6086.4209476000005
2025-10-18 01:25:08.125,107079.89,0.028,2998.23692
2025-10-18 01:25:08.646,107079.89,0.70997,76023.5095033
2025-10-18 01:25:08.648,107080.0,0.00115,123.142
2025-10-18 01:25:08.731,107084.17,0.00828,886.6569275999999
2025-10-18 01:25:08.850,107085.2,0.00151,161.698652
2025-10-18 01:25:09.110,107085.2,0.00197,210.957844
2025-10-18 01:25:09.324,107085.21,0.00621,664.9991541
2025-10-18 01:25:10.086,107085.21,0.0005,53.542605
2025-10-18 01:25:10.532,107085.21,0.00368,394.0735728
2025-10-18 01:25:11.881,107085.21,0.02917,3123.6755757000005
2025-10-18 01:25:12.027,107085.21,0.0002,21.417042000000002
2025-10-18 01:25:13.026,107085.2,6e-05,6.425112
2025-10-18 01:25:13.620,107085.2,0.00076,81.384752
2025-10-18 01:25:13.621,107085.2,0.00076,81.384752
2025-10-18 01:25:13.623,107085.2,0.0017,182.04484
2025-10-18 01:25:13.645,107085.21,0.01444,1546.3104324
2025-10-18 01:25:14.294,107085.21,0.00019,20.346189900000002
2025-10-18 01:25:14.968,107086.31,0.00565,605.0376514999999
2025-10-18 01:25:14.969,107086.32,0.0001,10.708632000000001
2025-10-18 01:25:14.972,107089.55,0.11266,12064.708703
2025-10-18 01:25:14.973,107089.85,0.03496,3743.861156
2025-10-18 01:25:14.974,107089.95,0.00265,283.7883675
2025-10-18 01:25:14.976,107089.95,5e-05,5.3544975
2025-10-18 01:25:14.978,107095.91,0.00324,346.9907484
2025-10-18 01:25:14.989,107095.91,0.00609,652.2140919
2025-10-18 01:25:15.011,107095.91,0.00934,1000.2757994
2025-10-18 01:25:15.019,107095.91,0.23396,25056.159103600003
2025-10-18 01:25:15.033,107095.91,0.028,2998.68548
2025-10-18 01:25:15.040,107095.91,0.00025,26.7739775
2025-10-18 01:25:15.049,107095.91,0.09666,10351.8906606
2025-10-18 01:25:15.054,107097.25,6e-05,6.425835
2025-10-18 01:25:15.082,107099.36,0.00025,26.77484
2025-10-18 01:25:15.192,107099.36,0.00246,263.46442559999997
2025-10-18 01:25:15.644,107100.0,0.02365,2532.915
2025-10-18 01:25:15.716,107099.99,0.01408,1507.9678592
2025-10-18 01:25:15.816,107100.0,0.00483,517.293
2025-10-18 01:25:16.172,107100.0,0.00099,106.029
2025-10-18 01:25:16.578,107100.0,7e-05,7.496999999999999
2025-10-18 01:25:17.064,107100.0,0.00316,338.436
2025-10-18 01:25:18.092,107100.0,0.00065,69.615
2025-10-18 01:25:18.093,107100.0,0.00035,37.485
2025-10-18 01:25:18.704,107099.99,0.00038,40.697996200000006
2025-10-18 01:25:19.372,107100.0,0.04402,4714.5419999999995
2025-10-18 01:25:19.373,107100.0,0.00364,389.844
2025-10-18 01:25:19.591,107100.0,0.00093,99.60300000000001
2025-10-18 01:25:19.791,107100.0,0.00372,398.41200000000003
2025-10-18 01:25:20.394,107100.0,0.04701,5034.771000000001
2025-10-18 01:25:20.397,107100.0,0.2388,25575.48
2025-10-18 01:25:20.398,107100.08,0.00015,16.065012
2025-10-18 01:25:20.399,107101.7,0.0001,10.71017
2025-10-18 01:25:20.435,107101.99,0.00093,99.60485070000001
2025-10-18 01:25:20.471,107106.0,0.00442,473.40852
2025-10-18 01:25:20.474,107109.39,0.0001,10.710939
2025-10-18 01:25:20.481,107110.36,0.0013,139.243468
2025-10-18 01:25:20.523,107110.37,0.00141,151.0256217
2025-10-18 01:25:20.524,107110.37,0.00141,151.0256217
2025-10-18 01:25:20.620,107110.37,0.00052,55.69739239999999
2025-10-18 01:25:20.735,107110.36,0.00014,14.9954504
2025-10-18 01:25:20.750,107110.37,0.00081,86.75939969999999
2025-10-18 01:25:20.802,107110.36,0.0014,149.954504
2025-10-18 01:25:21.350,107110.37,0.00084,89.9727108
2025-10-18 01:25:21.367,107110.36,0.00187,200.2963732
2025-10-18 01:25:21.789,107110.36,0.00944,1011.1217984000001
2025-10-18 01:25:22.103,107110.37,0.028,2999.09036
2025-10-18 01:25:22.348,107110.37,0.00343,367.3885691
2025-10-18 01:25:22.427,107110.37,0.00025,26.7775925
2025-10-18 01:25:22.917,107110.37,0.00011,11.7821407
2025-10-18 01:25:22.932,107110.37,0.00028,29.990903599999996
2025-10-18 01:25:23.737,107110.37,0.00027,28.919799899999997
2025-10-18 01:25:24.114,107110.37,0.00051,54.6262887
2025-10-18 01:25:24.213,107110.37,0.14004,14999.7362148
2025-10-18 01:25:24.716,107116.1,5e-05,5.355805
2025-10-18 01:25:25.527,107119.99,7e-05,7.4983993
2025-10-18 01:25:25.608,107119.98,5e-05,5.355999
2025-10-18 01:25:26.049,107119.98,0.00756,809.8270488
2025-10-18 01:25:26.117,107119.99,0.00028,29.9935972
2025-10-18 01:25:26.507,107119.99,0.0075,803.399925
2025-10-18 01:25:26.614,107119.98,9e-05,9.6407982
2025-10-18 01:25:28.198,107119.99,0.00017,18.2103983
2025-10-18 01:25:28.227,107119.98,0.00171,183.17516579999997
2025-10-18 01:25:28.247,107119.99,0.00466,499.1791534
2025-10-18 01:25:28.543,107119.99,9e-05,9.6407991
2025-10-18 01:25:28.955,107119.99,0.028,2999.3597200000004
2025-10-18 01:25:29.084,107119.98,0.00049,52.4887902
2025-10-18 01:25:29.327,107119.98,0.0025,267.79994999999997
2025-10-18 01:25:29.425,107119.98,0.0004,42.847992
2025-10-18 01:25:29.463,107119.98,0.00129,138.1847742
2025-10-18 01:25:30.029,107119.98,0.012,1285.43976
2025-10-18 01:25:30.160,107119.98,0.16817,18014.367036599997
2025-10-18 01:25:30.208,107116.16,0.00487,521.6556992000001
2025-10-18 01:25:30.215,107113.89,5e-05,5.3556945
2025-10-18 01:25:30.425,107113.86,0.00437,468.08756819999996
2025-10-18 01:25:30.696,107113.87,7e-05,7.497970899999999
2025-10-18 01:25:31.762,107113.86,0.00069,73.90856339999999
2025-10-18 01:25:32.726,107113.86,0.00037,39.6321282
2025-10-18 01:25:32.957,107113.86,9e-05,9.6402474
2025-10-18 01:25:33.038,107113.87,0.0069,739.085703
2025-10-18 01:25:33.207,107113.87,9e-05,9.6402483
2025-10-18 01:25:33.532,107113.86,0.00656,702.6669216
2025-10-18 01:25:33.762,107113.87,0.00373,399.5347351
2025-10-18 01:25:34.255,107113.87,0.009,964.0248299999998
2025-10-18 01:25:34.408,107113.87,0.00046,49.2723802
2025-10-18 01:25:34.499,107113.87,0.00014,14.995941799999999
2025-10-18 01:25:34.535,107113.87,0.012,1285.36644
2025-10-18 01:25:34.542,107113.86,0.00711,761.5795446
2025-10-18 01:25:35.383,107113.86,0.0001,10.711386000000001
2025-10-18 01:25:35.459,107113.87,0.007,749.79709
2025-10-18 01:25:35.828,107113.87,0.0028,299.918836
2025-10-18 01:25:35.829,107113.87,0.0047,503.435189
2025-10-18 01:25:35.833,107113.87,0.23339,24999.306119299996
2025-10-18 01:25:35.835,107113.87,0.01592,1705.2528104
2025-10-18 01:25:35.839,107113.87,0.01027,1100.0594449
2025-10-18 01:25:35.865,107113.87,0.0328,3513.334936
2025-10-18 01:25:35.873,107114.0,0.00708,758.36712
2025-10-18 01:25:35.903,107114.0,0.028,2999.192
2025-10-18 01:25:35.916,107114.0,0.00136,145.67504000000002
2025-10-18 01:25:36.023,107118.16,0.0002,21.423632
2025-10-18 01:25:36.029,107118.16,0.01445,1547.857412
2025-10-18 01:25:36.030,107118.16,0.01445,1547.857412
2025-10-18 01:25:36.128,107118.16,0.0021,224.948136
2025-10-18 01:25:36.164,107118.17,0.00211,226.0193387
2025-10-18 01:25:36.184,107121.26,0.00029,31.065165399999998
2025-10-18 01:25:36.191,107123.27,0.001,107.12327
2025-10-18 01:25:36.192,107123.34,6e-05,6.4274004
2025-10-18 01:25:36.215,107132.0,0.0028,299.9696
2025-10-18 01:25:36.219,107140.0,0.02252,2412.7927999999997
2025-10-18 01:25:36.223,107140.72,0.00934,1000.6943247999999
2025-10-18 01:25:36.394,107140.72,0.00933,999.6229175999999
2025-10-18 01:25:36.397,107140.72,0.00933,999.6229175999999
2025-10-18 01:25:36.510,107140.72,9e-05,9.6426648
2025-10-18 01:25:36.527,107140.72,0.00124,132.8544928
2025-10-18 01:25:36.919,107140.71,0.0028,299.993988
2025-10-18 01:25:37.091,107140.72,0.00028,29.9994016
2025-10-18 01:25:38.350,107140.72,4e-05,4.2856288000000005
2025-10-18 01:25:39.022,107140.72,0.23649,25337.7088728
2025-10-18 01:25:39.103,107140.72,0.00093,99.6408696
2025-10-18 01:25:39.249,107140.72,0.00055,58.927396
2025-10-18 01:25:39.282,107140.72,0.0085,910.6961200000001
2025-10-18 01:25:39.431,107140.72,0.00025,26.78518
2025-10-18 01:25:39.486,107140.72,0.00106,113.56916319999999
2025-10-18 01:25:39.494,107140.72,0.00106,113.56916319999999
2025-10-18 01:25:39.495,107140.72,0.00051,54.641767200000004
2025-10-18 01:25:39.526,107140.74,0.01329,1423.9004346000002
2025-10-18 01:25:39.687,107140.73,0.00012,12.8568876
2025-10-18 01:25:39.844,107140.73,0.00014,14.999702199999998
2025-10-18 01:25:39.981,107140.73,0.00093,99.6408789
2025-10-18 01:25:40.001,107140.73,0.16735,17930.001165499998
2025-10-18 01:25:40.067,107140.74,0.01445,1548.183693
2025-10-18 01:25:40.453,107140.73,0.00074,79.2841402
2025-10-18 01:25:40.496,107140.74,0.00031,33.2136294
2025-10-18 01:25:40.806,107140.74,0.00152,162.85392480000002
2025-10-18 01:25:41.239,107140.74,0.00042,44.999110800000004
2025-10-18 01:25:41.269,107140.74,0.00081,86.7839994
2025-10-18 01:25:41.436,107140.74,0.00026,27.8565924
2025-10-18 01:25:41.437,107140.74,0.00026,27.8565924
2025-10-18 01:25:41.439,107140.74,0.00186,199.2817764
2025-10-18 01:25:41.585,107140.73,7e-05,7.499851099999999
2025-10-18 01:25:41.588,107140.74,5e-05,5.357037000000001
2025-10-18 01:25:42.062,107140.74,0.01445,1548.183693
2025-10-18 01:25:42.145,107140.74,0.00407,436.0628118
2025-10-18 01:25:42.543,107140.73,0.00062,66.4272526
2025-10-18 01:25:42.723,107140.73,0.02015,2158.8857095
2025-10-18 01:25:43.015,107140.74,0.00373,399.6349602
2025-10-18 01:25:43.613,107140.73,0.00093,99.6408789
2025-10-18 01:25:44.060,107140.73,7e-05,7.499851099999999
2025-10-18 01:25:44.321,107140.74,0.00306,327.85066439999997
2025-10-18 01:25:44.854,107140.74,0.3,32142.222
2025-10-18 01:25:45.233,107140.74,0.01445,1548.183693
2025-10-18 01:25:45.554,107140.74,0.0029,310.708146
2025-10-18 01:25:45.706,107140.73,9e-05,9.6426657
2025-10-18 01:25:45.730,107140.74,0.0001,10.714074000000002
2025-10-18 01:25:46.106,107140.74,0.00278,297.8512572
2025-10-18 01:25:46.696,107140.74,0.0289,3096.367386
2025-10-18 01:25:46.697,107140.74,0.05781,6193.8061794000005
2025-10-18 01:25:46.936,107140.74,0.05781,6193.8061794000005
2025-10-18 01:25:46.979,107143.28,0.00042,45.0001776
2025-10-18 01:25:46.983,107146.18,0.00045,48.21578099999999
2025-10-18 01:25:48.150,107146.18,0.028,3000.0930399999997
2025-10-18 01:25:48.324,107146.18,5e-05,5.357309
2025-10-18 01:25:48.331,107146.18,0.01,1071.4618
2025-10-18 01:25:48.336,107146.18,0.00246,263.5796028
2025-10-18 01:25:48.364,107146.18,0.01,1071.4618
2025-10-18 01:25:48.884,107146.18,0.00018,19.2863124
2025-10-18 01:25:49.360,107146.18,0.01445,1548.2623009999998
2025-10-18 01:25:49.361,107146.18,0.00516,552.8742887999999
2025-10-18 01:25:50.361,107146.18,0.00013,13.929003399999997
2025-10-18 01:25:50.752,107146.18,0.00759,813.2395061999999
2025-10-18 01:25:50.927,107146.17,0.0001,10.714617
2025-10-18 01:25:51.802,107146.18,0.00125,133.932725
2025-10-18 01:25:52.491,107146.18,0.0289,3096.5246019999995
2025-10-18 01:25:52.531,107146.17,0.0001,10.714617
2025-10-18 01:25:52.583,107146.17,0.00021,22.5006957
2025-10-18 01:25:52.594,107146.17,9e-05,9.6431553
2025-10-18 01:25:52.663,107146.17,6e-05,6.4287702
2025-10-18 01:25:52.679,107146.17,6e-05,6.4287702
2025-10-18 01:25:52.708,107146.18,0.016,1714.33888
2025-10-18 01:25:52.720,107146.17,0.00015,16.0719255
2025-10-18 01:25:52.775,107146.17,8e-05,8.5716936
2025-10-18 01:25:52.831,107146.17,6e-05,6.4287702
2025-10-18 01:25:52.880,107146.17,5e-05,5.3573085
2025-10-18 01:25:52.907,107146.18,0.00025,26.786545
2025-10-18 01:25:52.939,107146.17,5e-05,5.3573085
2025-10-18 01:25:53.023,107146.18,0.002,214.29236
2025-10-18 01:25:53.506,107146.18,0.002,214.29236
2025-10-18 01:25:53.596,107146.18,0.001,107.14618
2025-10-18 01:25:53.689,107146.18,0.007,750.0232599999999
2025-10-18 01:25:53.700,107146.18,0.0578,6193.049203999999
2025-10-18 01:25:53.939,107146.18,0.0289,3096.5246019999995
2025-10-18 01:25:54.178,107146.18,0.0289,3096.5246019999995
2025-10-18 01:25:54.428,107146.18,0.0289,3096.5246019999995
2025-10-18 01:25:54.680,107146.18,0.00074,79.28817319999999
2025-10-18 01:25:54.822,107146.18,0.00037,39.644086599999994
2025-10-18 01:25:56.267,107146.18,0.00081,86.78840579999999
2025-10-18 01:25:56.305,107146.17,0.00266,285.0088122
2025-10-18 01:25:56.832,107146.18,0.04335,4644.786902999999
2025-10-18 01:25:57.051,107146.17,9e-05,9.6431553
2025-10-18 01:25:57.099,107146.17,0.0003,32.143851
2025-10-18 01:25:57.186,107146.18,0.01445,1548.2623009999998
2025-10-18 01:25:59.149,107146.18,0.00094,100.71740919999999
2025-10-18 01:25:59.259,107146.18,0.00747,800.3819646
2025-10-18 01:25:59.269,107146.17,5e-05,5.3573085
2025-10-18 01:25:59.659,107146.17,0.00052,55.71600839999999
2025-10-18 01:26:00.706,107146.18,0.00014,15.000465199999997
2025-10-18 01:26:00.725,107146.18,0.00933,999.6738593999999
2025-10-18 01:26:01.002,107146.17,0.00014,15.000463799999999
2025-10-18 01:26:01.024,107146.17,5e-05,5.3573085
2025-10-18 01:26:01.896,107146.18,0.00055,58.930399
2025-10-18 01:26:01.898,107146.18,0.028,3000.0930399999997
2025-10-18 01:26:01.901,107146.18,0.02,2142.9236
2025-10-18 01:26:02.023,107146.17,0.00563,603.2329371
2025-10-18 01:26:02.257,107146.18,0.00013,13.929003399999997
2025-10-18 01:26:02.716,107146.18,0.02707,2900.4470926
2025-10-18 01:26:02.787,107146.18,0.008,857.16944
2025-10-18 01:26:02.831,107146.18,0.01445,1548.2623009999998
2025-10-18 01:26:02.832,107146.18,0.0289,3096.5246019999995
2025-10-18 01:26:02.888,107146.18,0.01445,1548.2623009999998
2025-10-18 01:26:03.263,107146.18,0.001,107.14618
2025-10-18 01:26:03.283,107146.18,0.01445,1548.2623009999998
2025-10-18 01:26:03.524,107146.18,0.02891,3097.5960638
2025-10-18 01:26:03.622,107146.18,0.00032,34.2867776
2025-10-18 01:26:03.676,107146.18,0.00133,142.5044194
2025-10-18 01:26:04.361,107146.17,0.00045,48.2157765
2025-10-18 01:26:05.531,107146.17,0.3148,33729.614316
2025-10-18 01:26:05.947,107146.18,0.00027,28.9294686
2025-10-18 01:26:06.577,107146.17,9e-05,9.6431553
2025-10-18 01:26:06.670,107146.18,0.04797,5139.802254599999
2025-10-18 01:26:06.933,107146.18,0.028,3000.0930399999997
2025-10-18 01:26:06.992,107146.18,0.00051,54.6445518
2025-10-18 01:26:07.069,107146.18,0.02799,2999.0215782
2025-10-18 01:26:07.886,107146.17,0.00046,49.2872382
2025-10-18 01:26:08.392,107146.17,0.0001,10.714617
2025-10-18 01:26:09.065,107146.18,0.00028,30.000930399999994
2025-10-18 01:26:09.129,107146.18,0.028,3000.0930399999997
2025-10-18 01:26:09.769,107146.17,0.00072,77.1452424
2025-10-18 01:26:09.804,107146.17,0.00133,142.5044061
2025-10-18 01:26:10.024,107146.17,0.00012,12.8575404
2025-10-18 01:26:10.059,107146.18,0.04666,4999.4407587999995
2025-10-18 01:26:10.828,107146.18,0.04996,5353.0231527999995
2025-10-18 01:26:10.832,107146.18,0.02891,3097.5960638
2025-10-18 01:26:10.902,107146.18,0.00019,20.3577742
2025-10-18 01:26:11.397,107146.18,0.00832,891.4562175999998
2025-10-18 01:26:11.399,107146.17,0.00085,91.07424449999999
2025-10-18 01:26:12.585,107146.18,0.001,107.14618
2025-10-18 01:26:12.611,107146.18,0.00111,118.9322598
2025-10-18 01:26:12.637,107146.18,0.00023,24.6436214
2025-10-18 01:26:12.785,107146.17,0.0003,32.143851
2025-10-18 01:26:14.232,107146.17,0.0003,32.143851
2025-10-18 01:26:15.520,107146.18,0.00047,50.358704599999996
2025-10-18 01:26:15.732,107146.18,0.01445,1548.2623009999998
2025-10-18 01:26:15.755,107146.18,0.00014,15.000465199999997
2025-10-18 01:26:15.832,107146.17,0.0004,42.858468
2025-10-18 01:26:15.833,107146.18,0.00123,131.7898014
2025-10-18 01:26:15.917,107146.17,9e-05,9.6431553
2025-10-18 01:26:16.218,107146.17,8e-05,8.5716936
2025-10-18 01:26:16.486,107146.18,0.00019,20.3577742
2025-10-18 01:26:16.518,107146.18,0.00019,20.3577742
2025-10-18 01:26:16.560,107146.18,0.00024,25.7150832
2025-10-18 01:26:16.962,107146.18,0.0014,150.004652
2025-10-18 01:26:17.014,107146.18,0.02753,2949.7343353999995
2025-10-18 01:26:17.015,107146.19,0.0021,225.00699899999998
2025-10-18 01:26:17.088,107146.19,0.028,3000.09332
2025-10-18 01:26:17.110,107146.19,0.0001,10.714619
2025-10-18 01:26:17.117,107146.19,0.028,3000.09332
2025-10-18 01:26:17.312,107146.19,0.2564,27472.283116000002
2025-10-18 01:26:17.314,107146.21,0.0002,21.429242000000002
2025-10-18 01:26:17.316,107146.31,0.00252,270.0087012
2025-10-18 01:26:17.323,107146.66,0.0015,160.71999
2025-10-18 01:26:17.370,107147.37,0.0014,150.006318
2025-10-18 01:26:17.494,107147.99,0.00026,27.858477399999998
2025-10-18 01:26:17.510,107148.0,0.0001,10.7148
2025-10-18 01:26:17.541,107147.99,0.00278,297.8714122
2025-10-18 01:26:17.739,107148.0,0.00012,12.85776
2025-10-18 01:26:17.770,107148.0,0.0001,10.7148
2025-10-18 01:26:17.870,107148.0,0.00368,394.30464
2025-10-18 01:26:17.938,107150.0,0.09933,10643.2095
2025-10-18 01:26:18.081,107150.0,0.00108,115.72200000000001
2025-10-18 01:26:18.147,107150.0,0.00024,25.716
2025-10-18 01:26:18.219,107150.0,0.00019,20.3585
2025-10-18 01:26:18.258,107149.99,0.00021,22.5014979
2025-10-18 01:26:18.456,107150.0,0.00047,50.3605
2025-10-18 01:26:18.532,107150.0,0.00032,34.288000000000004
2025-10-18 01:26:18.575,107150.0,6e-05,6.429
2025-10-18 01:26:18.617,107150.0,0.00038,40.717
2025-10-18 01:26:18.713,107150.0,0.0001,10.715
2025-10-18 01:26:18.785,107150.0,0.00023,24.6445
2025-10-18 01:26:19.032,107150.0,0.02374,2543.741
2025-10-18 01:26:19.074,107151.26,0.028,3000.23528
2025-10-18 01:26:19.331,107151.26,0.0027,289.308402
2025-10-18 01:26:19.714,107151.27,0.0006,64.290762
2025-10-18 01:26:20.346,107151.26,0.0001,10.715126
2025-10-18 01:26:20.428,107151.27,0.01445,1548.3358515
2025-10-18 01:26:20.990,107151.27,0.01445,1548.3358515
2025-10-18 01:26:21.785,107151.27,0.00092,98.5791684
2025-10-18 01:26:21.954,107151.27,0.02891,3097.7432157000003
2025-10-18 01:26:21.955,107151.27,0.01445,1548.3358515
2025-10-18 01:26:22.194,107151.27,0.01445,1548.3358515
2025-10-18 01:26:22.256,107151.26,0.00046,49.289579599999996
2025-10-18 01:26:22.955,107151.27,0.00182,195.0153114
2025-10-18 01:26:23.074,107151.27,0.00321,343.95557670000005
2025-10-18 01:26:23.501,107151.27,7e-05,7.5005888999999994
2025-10-18 01:26:23.668,107153.26,0.01187,1271.9091962
2025-10-18 01:26:23.752,107153.95,0.0001,10.715395000000001
2025-10-18 01:26:23.754,107155.89,0.00011,11.7871479
2025-10-18 01:26:23.756,107158.62,0.00012,12.8590344
2025-10-18 01:26:24.087,107159.95,0.0011,117.875945
2025-10-18 01:26:24.462,107159.96,0.0027,289.33189200000004
2025-10-18 01:26:25.062,107159.95,0.00042,45.007179
2025-10-18 01:26:25.242,107159.96,7e-05,7.5011972
2025-10-18 01:26:25.817,107159.95,0.00011,11.7875945
2025-10-18 01:26:27.318,107159.96,0.0005,53.579980000000006
2025-10-18 01:26:27.592,107159.96,0.00069,73.9403724
2025-10-18 01:26:29.060,107159.95,5e-05,5.3579975
2025-10-18 01:26:29.648,107159.96,0.01445,1548.461422
2025-10-18 01:26:29.866,107159.96,0.002,214.31992000000002
2025-10-18 01:26:30.644,107159.96,0.00027,28.9331892
2025-10-18 01:26:30.755,107159.96,0.00051,54.651579600000005
2025-10-18 01:26:30.791,107159.96,0.00019,20.360392400000002
2025-10-18 01:26:30.851,107159.95,0.00013,13.930793499999998
2025-10-18 01:26:31.675,107159.96,0.00072,77.15517120000001
2025-10-18 01:26:32.543,107159.96,8e-05,8.5727968
2025-10-18 01:26:33.750,107159.95,0.00034,36.434383000000004
2025-10-18 01:26:34.022,107159.95,0.00213,228.25069349999998
2025-10-18 01:26:34.023,107159.96,0.0001,10.715996
2025-10-18 01:26:34.579,107159.96,0.00204,218.60631840000002
2025-10-18 01:26:34.580,107159.96,0.00204,218.60631840000002
2025-10-18 01:26:34.585,107159.95,0.2,21431.99
2025-10-18 01:26:34.619,107159.96,0.01445,1548.461422
2025-10-18 01:26:34.946,107159.95,0.00028,30.004785999999996
2025-10-18 01:26:34.947,107159.96,0.00011,11.787595600000001
2025-10-18 01:26:35.276,107159.96,0.00011,11.787595600000001
2025-10-18 01:26:35.279,107159.96,0.00279,298.9762884
2025-10-18 01:26:35.306,107159.96,0.00013,13.9307948
2025-10-18 01:26:35.963,107159.96,0.00021,22.503591600000004
2025-10-18 01:26:37.026,107159.95,6e-05,6.429597
2025-10-18 01:26:37.737,107159.96,4e-05,4.2863984
2025-10-18 01:26:38.733,107159.96,0.00295,316.121882
2025-10-18 01:26:38.823,107159.96,0.00046,49.2935816
2025-10-18 01:26:38.932,107159.96,0.00011,11.787595600000001
2025-10-18 01:26:39.601,107159.95,0.03498,3748.4550509999995
2025-10-18 01:26:39.604,107159.95,0.02806,3006.908197
2025-10-18 01:26:39.723,107159.96,0.00017,18.217193200000004
2025-10-18 01:26:40.222,107159.96,0.00067,71.7971732
2025-10-18 01:26:41.221,107159.96,0.2,21431.992000000002
2025-10-18 01:26:41.270,107159.95,0.012,1285.9194
2025-10-18 01:26:41.271,107159.95,0.012,1285.9194
2025-10-18 01:26:41.417,107159.96,0.0001,10.715996
2025-10-18 01:26:41.984,107159.96,0.30406,32583.0574376
2025-10-18 01:26:42.722,107159.96,0.01445,1548.461422
2025-10-18 01:26:43.183,107159.96,0.00025,26.789990000000003
2025-10-18 01:26:44.177,107159.96,0.0006,64.295976
2025-10-18 01:26:44.392,107159.96,0.00923,989.0864308000001
2025-10-18 01:26:44.414,107159.96,0.0003,32.147988
2025-10-18 01:26:44.564,107159.96,0.01095,1173.401562
2025-10-18 01:26:44.790,107159.96,7e-05,7.5011972
2025-10-18 01:26:44.878,107159.95,0.00011,11.7875945
2025-10-18 01:26:45.248,107159.96,0.00025,26.789990000000003
2025-10-18 01:26:45.268,107159.96,0.00934,1000.8740263999999
2025-10-18 01:26:45.288,107160.0,0.00592,634.3872
2025-10-18 01:26:45.295,107161.62,0.00052,55.724042399999995
2025-10-18 01:26:45.315,107170.0,0.0038,407.246
2025-10-18 01:26:45.352,107172.06,0.0012,128.606472
2025-10-18 01:26:46.312,107172.07,0.00094,100.7417458
2025-10-18 01:26:46.315,107172.07,0.00373,399.75182110000003
2025-10-18 01:26:46.577,107172.06,7e-05,7.502044199999999
2025-10-18 01:26:46.932,107172.07,0.00018,19.290972600000003
2025-10-18 01:26:46.953,107172.07,0.00012,12.8606484
2025-10-18 01:26:47.439,107172.07,0.01,1071.7207
2025-10-18 01:26:47.454,107172.07,0.00062,66.4466834
2025-10-18 01:26:47.662,107172.07,0.0623,6676.819961
2025-10-18 01:26:48.431,107172.06,0.00042,45.0122652
2025-10-18 01:26:48.501,107172.06,0.00029,31.0798974
2025-10-18 01:26:48.863,107172.07,0.10013,10731.139369100001
2025-10-18 01:26:49.162,107172.07,0.00186,199.34005020000004
2025-10-18 01:26:49.419,107172.06,0.00042,45.0122652
2025-10-18 01:26:49.438,107172.07,0.02253,2414.5867371000004
2025-10-18 01:26:49.543,107172.06,0.00042,45.0122652
2025-10-18 01:26:49.586,107172.07,0.028,3000.8179600000003
2025-10-18 01:26:49.663,107172.06,0.00042,45.0122652
2025-10-18 01:26:49.958,107172.06,0.00293,314.01413579999996
2025-10-18 01:26:49.968,107172.07,0.00019,20.362693300000004
2025-10-18 01:26:50.554,107172.07,0.00736,788.7864352
2025-10-18 01:26:50.566,107172.07,0.00047,50.3708729
2025-10-18 01:26:50.644,107172.07,0.00073,78.2356111
2025-10-18 01:26:50.760,107172.06,0.00066,70.73355959999999
2025-10-18 01:26:50.859,107172.07,0.00024,25.7212968
2025-10-18 01:26:50.877,107172.07,0.00046,49.2991522
2025-10-18 01:26:51.003,107172.07,0.00025,26.7930175
2025-10-18 01:26:51.025,107172.07,0.00025,26.7930175
2025-10-18 01:26:51.153,107173.01,0.01282,1373.9579881999998
2025-10-18 01:26:51.155,107173.01,0.00084,90.02532839999999
2025-10-18 01:26:51.166,107173.13,0.00016,17.147700800000003
2025-10-18 01:26:51.292,107174.75,0.0043,460.851425
2025-10-18 01:26:51.879,107176.0,0.00247,264.72472
2025-10-18 01:26:51.889,107176.0,0.00364,390.12064
2025-10-18 01:26:52.077,107176.47,0.00041,43.9423527
2025-10-18 01:26:52.081,107176.46,0.00018,19.2917628
2025-10-18 01:26:52.129,107176.47,0.00467,500.5141149
2025-10-18 01:26:52.144,107176.47,0.0005,53.588235000000005
2025-10-18 01:26:52.217,107176.47,0.00019,20.3635293
2025-10-18 01:26:52.868,107176.47,7e-05,7.502352899999999
2025-10-18 01:26:53.048,107176.46,0.00022,23.578821200000004
2025-10-18 01:26:53.827,107176.49,0.0002,21.435298000000003
2025-10-18 01:26:53.828,107176.69,0.00734,786.6769046000001
2025-10-18 01:26:53.956,107176.7,9e-05,9.645903
2025-10-18 01:26:54.059,107176.69,0.004,428.70676000000003
2025-10-18 01:26:54.072,107176.69,0.00042,45.0142098
2025-10-18 01:26:54.178,107176.69,0.00042,45.0142098
2025-10-18 01:26:54.286,107176.69,0.00042,45.0142098
2025-10-18 01:26:54.315,107176.7,0.01446,1549.775082
2025-10-18 01:26:54.392,107176.69,0.00042,45.0142098
2025-10-18 01:26:54.458,107176.72,0.0002,21.435344
2025-10-18 01:26:54.463,107176.92,0.06046,6479.9165832
2025-10-18 01:26:54.466,107176.92,0.00081,86.81330519999999
2025-10-18 01:26:54.468,107177.89,0.0001,10.717789
2025-10-18 01:26:54.500,107177.99,0.00042,45.0147558
2025-10-18 01:26:54.522,107178.0,0.002,214.356
2025-10-18 01:26:54.608,107177.99,0.00084,90.0295116
2025-10-18 01:26:54.716,107177.99,0.00084,90.0295116
2025-10-18 01:26:54.837,107177.99,0.00042,45.0147558
2025-10-18 01:26:54.944,107177.99,0.00084,90.0295116
2025-10-18 01:26:54.990,107179.59,0.01446,1549.8168714
2025-10-18 01:26:55.091,107179.58,0.00095,101.820601
2025-10-18 01:26:55.160,107179.58,0.00042,45.015423600000005
2025-10-18 01:26:55.282,107179.58,0.00084,90.03084720000001
2025-10-18 01:26:55.388,107179.58,0.00084,90.03084720000001
2025-10-18 01:26:55.495,107179.58,0.00084,90.03084720000001
2025-10-18 01:26:55.710,107179.58,0.00084,90.03084720000001
2025-10-18 01:26:55.780,107179.59,7e-05,7.502571299999999
2025-10-18 01:26:56.324,107179.58,0.00042,45.015423600000005
2025-10-18 01:26:56.432,107179.58,0.00084,90.03084720000001
2025-10-18 01:26:56.433,107179.59,0.01446,1549.8168714
2025-10-18 01:26:56.438,107179.59,0.02596,2782.3821564
2025-10-18 01:26:56.440,107179.6,0.0008,85.74368000000001
2025-10-18 01:26:56.480,107180.0,0.0245,2625.9100000000003
2025-10-18 01:26:56.482,107180.04,0.00065,69.66702599999999
2025-10-18 01:26:56.483,107181.08,0.00015,16.077161999999998
2025-10-18 01:26:56.485,107181.75,0.00013,13.933627499999998
2025-10-18 01:26:56.489,107182.36,0.00034,36.4420024
2025-10-18 01:26:56.496,107183.92,0.0001,10.718392
2025-10-18 01:26:56.516,107191.82,5e-05,5.359591000000001
2025-10-18 01:26:56.520,107198.54,0.04664,4999.7399055999995
2025-10-18 01:26:56.553,107198.53,0.00084,90.0467652
2025-10-18 01:26:56.660,107198.53,0.00084,90.0467652
2025-10-18 01:26:56.832,107198.53,0.00441,472.74551729999996
2025-10-18 01:26:56.930,107198.53,5e-05,5.3599265
2025-10-18 01:26:57.327,107198.54,0.00025,26.799635
2025-10-18 01:26:57.536,107198.53,5e-05,5.3599265
2025-10-18 01:26:57.551,107198.54,0.01446,1550.0908884
2025-10-18 01:26:57.552,107198.54,0.02892,3100.1817768
2025-10-18 01:26:58.041,107198.53,0.00353,378.4108109
2025-10-18 01:26:58.042,107198.54,0.00025,26.799635
2025-10-18 01:26:58.398,107198.54,0.00304,325.8835616
2025-10-18 01:26:58.511,107198.53,0.006,643.19118
2025-10-18 01:26:58.586,107198.53,0.00042,45.0233826
2025-10-18 01:26:58.840,107198.54,0.00025,26.799635
2025-10-18 01:26:59.343,107198.53,0.00032,34.303529600000005
2025-10-18 01:27:00.055,107198.54,0.00664,711.7983055999999
2025-10-18 01:27:00.285,107198.54,0.00036,38.5914744
2025-10-18 01:27:00.635,107198.53,0.006,643.19118
2025-10-18 01:27:00.789,107198.54,0.00013,13.935810199999999
2025-10-18 01:27:00.917,107198.54,0.00018,19.2957372
2025-10-18 01:27:01.158,107198.54,0.00338,362.3310652
2025-10-18 01:27:01.726,107198.54,0.00051,54.6712554
2025-10-18 01:27:02.454,107198.54,0.00025,26.799635
2025-10-18 01:27:02.606,107198.53,0.0001,10.719853
2025-10-18 01:27:02.731,107198.53,0.00452,484.53735559999996
2025-10-18 01:27:03.280,107198.54,0.00084,90.0467736
2025-10-18 01:27:03.476,107198.54,0.00025,26.799635
2025-10-18 01:27:03.503,107198.54,0.00025,26.799635
2025-10-18 01:27:03.743,107198.53,0.00055,58.9591915
2025-10-18 01:27:03.845,107198.53,0.00011,11.7918383
2025-10-18 01:27:04.324,107198.54,0.0002,21.439708
2025-10-18 01:27:04.515,107198.53,0.04,4287.9412
2025-10-18 01:27:04.951,107198.53,0.00054,57.8872062
2025-10-18 01:27:05.806,107198.54,0.02994,3209.5242875999998
2025-10-18 01:27:05.892,107198.54,0.00086,92.19074439999999
2025-10-18 01:27:06.129,107198.53,0.012,1286.38236
2025-10-18 01:27:06.130,107198.53,0.012,1286.38236
2025-10-18 01:27:06.218,107198.54,0.00047,50.383313799999996
2025-10-18 01:27:07.702,107198.54,5e-05,5.359927
2025-10-18 01:27:07.995,107198.53,0.012,1286.38236
2025-10-18 01:27:07.997,107198.53,0.012,1286.38236
2025-10-18 01:27:07.998,107198.53,0.012,1286.38236
2025-10-18 01:27:08.535,107198.54,0.00186,199.3892844
2025-10-18 01:27:08.725,107198.53,0.186,19938.92658
2025-10-18 01:27:08.743,107198.54,0.00033,35.375518199999995
2025-10-18 01:27:08.932,107198.53,0.102,10934.250059999998
2025-10-18 01:27:08.937,107198.54,0.00187,200.46126979999997
2025-10-18 01:27:08.964,107198.53,0.02495,2674.6033235
2025-10-18 01:27:09.238,107198.53,0.012,1286.38236
2025-10-18 01:27:09.239,107198.53,0.012,1286.38236
2025-10-18 01:27:09.801,107198.54,0.1,10719.854
2025-10-18 01:27:10.148,107198.53,0.066,7075.102980000001
2025-10-18 01:27:10.211,107196.36,0.0003,32.158908
2025-10-18 01:27:10.215,107194.82,0.0009,96.47533800000001
2025-10-18 01:27:10.241,107194.81,0.0006,64.316886
2025-10-18 01:27:10.245,107194.81,0.012,1286.33772
2025-10-18 01:27:10.256,107194.81,0.00929,995.8397848999999
2025-10-18 01:27:10.265,107192.09,0.0002,21.438418
2025-10-18 01:27:10.729,107191.27,0.018,1929.4428599999999
2025-10-18 01:27:11.576,107191.26,6e-05,6.4314756
2025-10-18 01:27:11.816,107191.27,0.00047,50.3798969
2025-10-18 01:27:11.911,107191.27,0.00018,19.294428600000003
2025-10-18 01:27:12.015,107191.27,0.00301,322.6457227
2025-10-18 01:27:13.129,107191.26,0.00024,25.7259024
2025-10-18 01:27:13.169,107191.26,0.00018,19.2944268
2025-10-18 01:27:13.680,107191.26,0.00293,314.0703918
2025-10-18 01:27:13.681,107191.26,0.00383,410.54252579999996
2025-10-18 01:27:13.682,107191.26,0.0018,192.944268
2025-10-18 01:27:13.683,107191.26,0.00453,485.57640779999997
2025-10-18 01:27:13.684,107191.26,0.00454,486.64832039999993
2025-10-18 01:27:13.685,107191.26,0.00549,588.4800174
2025-10-18 01:27:13.687,107191.26,0.00106,113.62273559999998
2025-10-18 01:27:13.688,107191.26,0.00453,485.57640779999997
2025-10-18 01:27:13.689,107191.26,0.00183,196.1600058
2025-10-18 01:27:13.839,107191.26,0.012,1286.29512
2025-10-18 01:27:13.840,107191.26,0.012,1286.29512
2025-10-18 01:27:13.841,107191.26,0.012,1286.29512
2025-10-18 01:27:13.940,107191.26,0.00589,631.3565214
2025-10-18 01:27:13.960,107191.27,9e-05,9.647214300000002
2025-10-18 01:27:14.135,107190.74,0.04479,4801.0732446
2025-10-18 01:27:14.136,107190.0,0.00893,957.2067000000001
2025-10-18 01:27:14.137,107190.0,0.00118,126.4842
2025-10-18 01:27:14.141,107190.0,0.00531,569.1789
2025-10-18 01:27:14.145,107188.6,5e-05,5.359430000000001
2025-10-18 01:27:14.148,107185.0,6e-05,6.4311
2025-10-18 01:27:14.202,107184.83,0.0862,9239.332346
2025-10-18 01:27:14.207,107184.83,0.045,4823.31735
2025-10-18 01:27:14.208,107183.61,5e-05,5.3591805
2025-10-18 01:27:14.211,107183.6,0.0002,21.43672
2025-10-18 01:27:14.212,107183.6,0.00105,112.54278
2025-10-18 01:27:14.214,107183.6,0.0001,10.71836
2025-10-18 01:27:14.215,107183.6,0.00015,16.07754
2025-10-18 01:27:14.327,107180.0,0.0002,21.436
2025-10-18 01:27:14.381,107179.99,0.00022,23.579597800000002
2025-10-18 01:27:14.639,107180.0,4e-05,4.2872
2025-10-18 01:27:14.654,107180.0,0.00044,47.1592
2025-10-18 01:27:14.665,107179.99,0.00016,17.148798400000004
2025-10-18 01:27:14.690,107179.99,0.00535,573.4129465
2025-10-18 01:27:15.400,107180.0,0.00933,999.9893999999999
2025-10-18 01:27:16.053,107180.0,9e-05,9.6462
2025-10-18 01:27:16.651,107180.0,0.00448,480.16639999999995
2025-10-18 01:27:16.835,107179.99,0.00012,12.861598800000001
2025-10-18 01:27:17.612,107180.0,0.02831,3034.2657999999997
2025-10-18 01:27:17.634,107179.99,0.49697,53265.239630300006
2025-10-18 01:27:18.217,107180.0,0.00079,84.6722
2025-10-18 01:27:18.228,107180.0,0.00786,842.4348000000001
2025-10-18 01:27:18.418,107180.0,0.00051,54.66180000000001
2025-10-18 01:27:18.521,107180.0,0.00081,86.8158
2025-10-18 01:27:18.551,107180.0,0.00024,25.723200000000002
2025-10-18 01:27:18.580,107179.99,0.001,107.17999
2025-10-18 01:27:18.625,107179.99,0.09477,10157.4476523
2025-10-18 01:27:18.633,107179.99,0.03643,3904.5670357
2025-10-18 01:27:18.635,107179.99,0.07411,7943.1090589
2025-10-18 01:27:18.637,107179.92,0.0001,10.717992
2025-10-18 01:27:18.652,107178.5,6e-05,6.43071
2025-10-18 01:27:18.655,107177.66,0.00015,16.076649
2025-10-18 01:27:18.685,107177.09,0.0129,1382.584461
2025-10-18 01:27:18.694,107176.47,0.00185,198.27646950000002
2025-10-18 01:27:18.696,107176.47,0.00016,17.148235200000002
2025-10-18 01:27:18.699,107176.46,0.2228,23878.915288
2025-10-18 01:27:18.705,107176.46,0.01883,2018.1327418
2025-10-18 01:27:18.716,107176.46,0.05568,5967.5852928
2025-10-18 01:27:19.129,107176.47,0.17536,18794.4657792
2025-10-18 01:27:19.328,107176.46,0.00689,738.4458094
2025-10-18 01:27:19.335,107176.46,0.012,1286.11752
2025-10-18 01:27:19.336,107176.46,0.012,1286.11752
2025-10-18 01:27:19.352,107176.46,0.00055,58.947053000000004
2025-10-18 01:27:19.358,107176.46,0.01108,1187.5151768
2025-10-18 01:27:19.367,107176.46,0.00187,200.4199802
2025-10-18 01:27:19.615,107170.99,5e-05,5.3585495000000005
2025-10-18 01:27:19.619,107164.59,0.04665,4999.228123499999
2025-10-18 01:27:19.632,107164.58,0.002,214.32916
2025-10-18 01:27:19.633,107164.58,0.002,214.32916
2025-10-18 01:27:19.939,107164.58,0.999,107057.41542
2025-10-18 01:27:20.426,107164.58,0.00123,131.8124334
2025-10-18 01:27:20.614,107164.59,0.00093,99.6630687
2025-10-18 01:27:20.643,107164.59,0.00186,199.3261374
2025-10-18 01:27:21.687,107164.58,0.012,1285.97496
2025-10-18 01:27:21.791,107164.58,0.012,1285.97496
2025-10-18 01:27:22.232,107164.59,0.00186,199.3261374
2025-10-18 01:27:22.671,107164.58,0.012,1285.97496
2025-10-18 01:27:22.672,107164.58,0.012,1285.97496
2025-10-18 01:27:22.673,107164.58,0.012,1285.97496
2025-10-18 01:27:23.291,107164.59,0.00038,40.7225442
2025-10-18 01:27:23.983,107164.59,9e-05,9.6448131
2025-10-18 01:27:23.989,107164.59,5e-05,5.3582295
2025-10-18 01:27:24.338,107164.59,0.00048,51.4390032
2025-10-18 01:27:24.570,107164.59,0.00012,12.8597508
2025-10-18 01:27:25.182,107164.59,0.00011,11.7881049
2025-10-18 01:27:25.911,107164.58,0.0003,32.149373999999995
2025-10-18 01:27:26.448,107164.59,0.00023,24.6478557
2025-10-18 01:27:27.067,107164.58,0.00034,36.435957200000004
2025-10-18 01:27:28.031,107164.59,0.0052,557.255868
2025-10-18 01:27:29.005,107164.59,0.00181,193.9679079
2025-10-18 01:27:29.573,107164.58,0.012,1285.97496
2025-10-18 01:27:29.575,107164.58,0.012,1285.97496
2025-10-18 01:27:29.576,107164.58,0.012,1285.97496
2025-10-18 01:27:30.726,107164.59,0.00102,109.3078818
2025-10-18 01:27:31.045,107164.58,0.012,1285.97496
2025-10-18 01:27:31.046,107164.58,0.012,1285.97496
2025-10-18 01:27:31.047,107164.58,0.012,1285.97496
2025-10-18 01:27:31.092,107164.59,0.00093,99.6630687
2025-10-18 01:27:31.813,107164.59,0.00059,63.2271081
2025-10-18 01:27:32.207,107164.59,0.00671,719.0743989
2025-10-18 01:27:32.411,107164.58,0.0002,21.432916000000002
2025-10-18 01:27:32.956,107164.59,0.00047,50.367357299999995
2025-10-18 01:27:33.227,107164.59,0.00065,69.6569835
2025-10-18 01:27:33.834,107164.59,0.00017,18.2179803
2025-10-18 01:27:34.803,107164.58,0.012,1285.97496
2025-10-18 01:27:34.804,107164.58,0.012,1285.97496
2025-10-18 01:27:35.271,107164.58,0.012,1285.97496
2025-10-18 01:27:35.272,107164.58,0.012,1285.97496
2025-10-18 01:27:36.457,107164.58,0.00019,20.3612702
2025-10-18 01:27:36.575,107164.58,8e-05,8.573166400000002
2025-10-18 01:27:36.769,107164.59,0.00151,161.8185309
2025-10-18 01:27:36.989,107164.59,0.00093,99.6630687
2025-10-18 01:27:37.398,107164.59,0.02757,2954.5277462999998
2025-10-18 01:27:38.703,107164.58,0.00651,697.6414158
2025-10-18 01:27:39.244,107164.59,0.00941,1008.4187919
2025-10-18 01:27:39.773,107164.58,0.012,1285.97496
2025-10-18 01:27:39.863,107164.59,0.00029,31.077731099999998
2025-10-18 01:27:40.165,107164.58,0.012,1285.97496
2025-10-18 01:27:40.168,107164.58,0.012,1285.97496
2025-10-18 01:27:40.857,107164.58,0.00084,90.0182472
2025-10-18 01:27:42.131,107164.58,9e-05,9.6448122
2025-10-18 01:27:42.585,107164.58,0.00014,15.003041199999998
2025-10-18 01:27:43.609,107164.59,8e-05,8.5731672
2025-10-18 01:27:43.873,107164.59,5e-05,5.3582295
2025-10-18 01:27:45.091,107164.59,0.00024,25.7195016
2025-10-18 01:27:45.369,107164.58,0.00996,1067.3592168
2025-10-18 01:27:46.213,107164.58,8e-05,8.573166400000002
2025-10-18 01:27:46.687,107164.58,0.00018,19.2896244
2025-10-18 01:27:46.815,107164.58,0.00019,20.3612702
2025-10-18 01:27:47.413,107164.58,9e-05,9.6448122
2025-10-18 01:27:47.704,107164.59,0.00933,999.8456246999999
2025-10-18 01:27:48.376,107164.58,0.00086,92.1615388
2025-10-18 01:27:48.691,107164.58,0.012,1285.97496
2025-10-18 01:27:49.260,107164.59,0.0005,53.582295
2025-10-18 01:27:49.289,107164.59,0.00034,36.4359606
2025-10-18 01:27:49.451,107164.59,0.01209,1295.6198931
2025-10-18 01:27:49.817,107164.59,0.00033,35.3643147
2025-10-18 01:27:50.290,107164.59,0.00046,49.2957114
2025-10-18 01:27:50.664,107164.58,0.00013,13.9313954
2025-10-18 01:27:50.983,107164.58,0.012,1285.97496
2025-10-18 01:27:50.984,107164.58,0.012,1285.97496
2025-10-18 01:27:50.985,107164.58,0.012,1285.97496
2025-10-18 01:27:51.176,107164.59,0.00326,349.35656339999997
2025-10-18 01:27:52.001,107164.58,0.012,1285.97496
2025-10-18 01:27:52.002,107164.58,0.012,1285.97496
2025-10-18 01:27:52.221,107164.58,0.012,1285.97496
2025-10-18 01:27:52.222,107164.58,0.012,1285.97496
2025-10-18 01:27:52.223,107164.58,0.012,1285.97496
2025-10-18 01:27:52.249,107164.58,0.00016,17.146332800000003
2025-10-18 01:27:52.431,107164.58,0.00074,79.3017892
2025-10-18 01:27:52.532,107164.58,6e-05,6.4298748
2025-10-18 01:27:52.624,107164.58,0.0003,32.149373999999995
2025-10-18 01:27:52.913,107164.58,5e-05,5.358229000000001
2025-10-18 01:27:53.148,107164.59,0.00125,133.9557375
2025-10-18 01:27:53.412,107164.58,0.009,964.4812199999999
2025-10-18 01:27:53.744,107164.58,0.009,964.4812199999999
2025-10-18 01:27:54.348,107164.58,0.0191,2046.843478
2025-10-18 01:27:54.349,107164.58,0.0055,589.40519
2025-10-18 01:27:54.351,107162.06,0.00015,16.074309
2025-10-18 01:27:54.355,107161.01,0.0015,160.741515
2025-10-18 01:27:54.356,107156.67,0.01008,1080.1392336000001
2025-10-18 01:27:54.361,107153.03,0.0007,75.007121
2025-10-18 01:27:54.363,107149.89,0.00606,649.3283334
2025-10-18 01:27:54.366,107146.58,0.0001,10.714658
2025-10-18 01:27:54.376,107143.23,0.03625,3883.9420874999996
2025-10-18 01:27:54.377,107143.22,0.00018,19.2857796
2025-10-18 01:27:54.383,107143.22,6e-05,6.4285932
2025-10-18 01:27:54.390,107143.22,0.00093,99.6431946
2025-10-18 01:27:54.395,107143.22,0.012,1285.71864
2025-10-18 01:27:54.396,107143.22,0.012,1285.71864
2025-10-18 01:27:54.401,107143.22,0.01444,1547.1480968
2025-10-18 01:27:54.438,107143.22,9e-05,9.6428898
2025-10-18 01:27:54.470,107143.23,0.00027,28.9286721
2025-10-18 01:27:54.491,107143.22,0.00339,363.2155158
2025-10-18 01:27:54.518,107143.22,0.00187,200.3578214
2025-10-18 01:27:54.562,107143.23,0.00458,490.71599339999995
2025-10-18 01:27:54.594,107143.22,0.00407,436.07290539999997
2025-10-18 01:27:55.641,107143.22,0.0001,10.714322000000001
2025-10-18 01:27:55.789,107143.23,0.00026,27.857239799999995
2025-10-18 01:27:56.086,107143.23,0.0006,64.28593799999999
2025-10-18 01:27:56.087,107143.23,0.00021,22.5000783
2025-10-18 01:27:56.888,107143.23,0.0006,64.28593799999999
2025-10-18 01:27:57.024,107143.22,9e-05,9.6428898
2025-10-18 01:27:57.041,107143.22,0.012,1285.71864
2025-10-18 01:27:57.042,107143.22,0.012,1285.71864
2025-10-18 01:27:57.044,107143.22,0.012,1285.71864
2025-10-18 01:27:57.412,107143.23,0.00046,49.2858858
2025-10-18 01:27:58.022,107143.22,9e-05,9.6428898
2025-10-18 01:27:58.337,107143.22,0.012,1285.71864
2025-10-18 01:27:58.338,107143.22,0.012,1285.71864
2025-10-18 01:27:58.827,107143.22,5e-05,5.3571610000000005
2025-10-18 01:27:58.964,107143.22,0.00082,87.8574404
2025-10-18 01:28:00.384,107143.23,0.00057,61.071641099999994
2025-10-18 01:28:00.751,107143.23,0.00012,12.8571876
2025-10-18 01:28:00.802,107143.23,0.00153,163.9291419
2025-10-18 01:28:01.118,107143.22,0.00023,24.6429406
2025-10-18 01:28:01.310,107143.23,0.00016,17.142916800000002
2025-10-18 01:28:01.509,107143.22,0.012,1285.71864
2025-10-18 01:28:01.511,107143.22,0.012,1285.71864
2025-10-18 01:28:01.684,107143.23,0.00068,72.8573964
2025-10-18 01:28:03.401,107143.22,0.00379,406.0728038
2025-10-18 01:28:03.624,107143.23,8e-05,8.571458400000001
2025-10-18 01:28:04.597,107143.23,0.00039,41.785859699999996
2025-10-18 01:28:04.890,107143.22,0.00013,13.928618599999998
2025-10-18 01:28:06.775,107143.23,0.0033,353.572659
2025-10-18 01:28:06.917,107143.23,8e-05,8.571458400000001
2025-10-18 01:28:06.960,107143.22,0.00211,226.07219419999998
2025-10-18 01:28:07.129,107143.22,0.012,1285.71864
2025-10-18 01:28:07.130,107143.22,0.012,1285.71864
2025-10-18 01:28:07.131,107143.22,0.012,1285.71864
2025-10-18 01:28:07.198,107143.22,0.004,428.57288
2025-10-18 01:28:07.607,107143.23,0.00649,695.3595627
2025-10-18 01:28:07.961,107143.23,0.00904,968.5747991999999
2025-10-18 01:28:09.063,107143.23,0.00239,256.07231970000004
2025-10-18 01:28:10.109,107143.23,0.00238,255.0008874
2025-10-18 01:28:10.552,107143.22,0.00261,279.6438042
2025-10-18 01:28:10.766,107143.22,0.00257,275.35807539999996
2025-10-18 01:28:10.948,107143.22,0.00013,13.928618599999998
2025-10-18 01:28:11.555,107143.23,0.0015,160.714845
2025-10-18 01:28:12.243,107143.23,6e-05,6.4285938
2025-10-18 01:28:12.888,107143.22,0.0028,300.001016
2025-10-18 01:28:12.889,107143.22,0.0028,300.001016
2025-10-18 01:28:13.576,107143.23,7e-05,7.5000260999999995
2025-10-18 01:28:13.696,107143.23,0.00026,27.857239799999995
2025-10-18 01:28:15.018,107143.23,0.00287,307.5010701
2025-10-18 01:28:15.108,107143.23,0.00093,99.6432039
2025-10-18 01:28:15.164,107143.22,0.00045,48.214449
2025-10-18 01:28:15.208,107143.22,0.00049,52.500177799999996
2025-10-18 01:28:15.355,107143.22,0.00068,72.8573896
2025-10-18 01:28:15.544,107143.23,0.0599,6417.879477
2025-10-18 01:28:15.632,107143.23,0.00077,82.5002871
2025-10-18 01:28:15.635,107143.22,0.00015,16.071482999999997
2025-10-18 01:28:15.880,107143.23,0.00011,11.7857553
2025-10-18 01:28:16.485,107143.23,8e-05,8.571458400000001
2025-10-18 01:28:16.534,107143.23,0.00047,50.35731809999999
2025-10-18 01:28:16.539,107143.23,0.0002,21.428646
2025-10-18 01:28:16.648,107143.23,0.00047,50.35731809999999
2025-10-18 01:28:16.781,107143.23,0.00066,70.7145318
2025-10-18 01:28:16.936,107143.22,0.00095,101.786059
2025-10-18 01:28:17.013,107143.23,0.0001,10.714323
2025-10-18 01:28:17.043,107143.23,0.00018,19.2857814
2025-10-18 01:28:17.082,107143.23,0.0001,10.714323
2025-10-18 01:28:17.243,107143.23,0.00112,120.00041759999999
2025-10-18 01:28:17.292,107143.23,0.00014,15.000052199999999
2025-10-18 01:28:17.583,107143.23,0.00029,31.0715367
2025-10-18 01:28:17.885,107143.22,0.00023,24.6429406
2025-10-18 01:28:17.969,107143.23,9e-05,9.6428907
2025-10-18 01:28:17.975,107143.23,0.0001,10.714323
2025-10-18 01:28:18.132,107143.23,0.00019,20.3572137
2025-10-18 01:28:18.375,107143.22,0.00222,237.85794840000003
2025-10-18 01:28:18.444,107143.22,0.00035,37.500127
2025-10-18 01:28:18.770,107143.23,0.00934,1000.7177681999999
2025-10-18 01:28:18.825,107143.23,0.00011,11.7857553
2025-10-18 01:28:18.980,107143.23,0.0003,32.142968999999994
2025-10-18 01:28:19.577,107143.23,0.00047,50.35731809999999
2025-10-18 01:28:20.359,107143.23,0.00094,100.71463619999999
2025-10-18 01:28:20.747,107143.23,0.00093,99.6432039
2025-10-18 01:28:21.152,107143.23,0.00279,298.9296117
2025-10-18 01:28:21.228,107143.23,0.00018,19.2857814
2025-10-18 01:28:22.389,107143.23,0.0062,664.288026
2025-10-18 01:28:22.391,107143.23,0.09791,10490.3936493
2025-10-18 01:28:22.393,107143.23,0.1375,14732.194125
2025-10-18 01:28:22.394,107143.23,0.06283,6731.809140899999
2025-10-18 01:28:22.397,107143.23,0.37323,39989.0677329
2025-10-18 01:28:22.398,107143.23,0.1236,13242.903228
2025-10-18 01:28:22.404,107147.51,0.00213,228.2241963
2025-10-18 01:28:22.408,107147.51,0.0016,171.436016
2025-10-18 01:28:22.420,107148.59,2e-05,2.1429718
2025-10-18 01:28:22.436,107149.0,0.06105,6541.44645
2025-10-18 01:28:22.440,107149.65,0.00565,605.3955225
2025-10-18 01:28:22.442,107152.5,6e-05,6.42915
2025-10-18 01:28:22.458,107153.94,0.10584,11341.173009600001
2025-10-18 01:28:22.465,107153.94,0.07349,7874.7430506
2025-10-18 01:28:22.466,107153.94,0.06155,6595.325007
2025-10-18 01:28:22.468,107153.94,0.08051,8626.9637094
2025-10-18 01:28:22.475,107153.94,0.11145,11942.306612999999
2025-10-18 01:28:22.482,107164.06,0.00164,175.7490584
2025-10-18 01:28:22.495,107156.22,0.00015,16.073432999999998
2025-10-18 01:28:22.543,107158.07,0.00015,16.0737105
2025-10-18 01:28:22.548,107164.59,0.0088,943.048392
2025-10-18 01:28:22.570,107164.59,0.00093,99.6630687
2025-10-18 01:28:22.578,107165.85,5e-05,5.3582925
2025-10-18 01:28:22.580,107175.31,0.048,5144.41488
2025-10-18 01:28:22.581,107175.31,0.04666,5000.7999646
2025-10-18 01:28:22.597,107164.57,0.00107,114.6660899
2025-10-18 01:28:22.683,107164.58,6e-05,6.4298748
2025-10-18 01:28:22.710,107164.58,0.00161,172.53497380000002
2025-10-18 01:28:22.715,107164.85,0.05288,5666.877268000001
2025-10-18 01:28:22.769,107167.61,0.01995,2137.9938195
2025-10-18 01:28:22.788,107164.85,0.00051,54.65407350000001
2025-10-18 01:28:22.814,107164.85,5e-05,5.3582425
2025-10-18 01:28:22.847,107171.78,0.00704,754.4893312
2025-10-18 01:28:22.984,107171.78,0.00925,991.3389649999999
2025-10-18 01:28:23.121,107171.78,0.00273,292.5789594
2025-10-18 01:28:23.123,107175.39,0.0002,21.435078
2025-10-18 01:28:23.124,107176.0,0.00509,545.52584
2025-10-18 01:28:23.184,107175.99,0.00327,350.4654873
2025-10-18 01:28:23.641,107176.0,0.00142,152.18992
2025-10-18 01:28:23.732,107175.99,0.0001,10.717599000000002
2025-10-18 01:28:23.975,107176.0,0.00051,54.659760000000006
2025-10-18 01:28:24.511,107175.99,0.00013,13.9328787
2025-10-18 01:28:25.468,107176.7,5e-05,5.358835
2025-10-18 01:28:25.474,107181.75,6e-05,6.430905
2025-10-18 01:28:25.479,107181.78,0.001,107.18178
2025-10-18 01:28:25.485,107181.79,0.00105,112.54087949999999
2025-10-18 01:28:25.516,107191.1,5e-05,5.359555
2025-10-18 01:28:25.519,107194.08,6e-05,6.4316448
2025-10-18 01:28:25.520,107194.08,0.028,3001.43424
2025-10-18 01:28:25.656,107194.08,7e-05,7.503585599999999
2025-10-18 01:28:25.890,107194.08,0.00016,17.151052800000002
2025-10-18 01:28:26.007,107194.08,0.00012,12.8632896
2025-10-18 01:28:26.012,107194.07,0.00017,18.222991900000004
2025-10-18 01:28:26.295,107194.08,0.00574,615.2940192000001
2025-10-18 01:28:27.182,107198.37,0.00095,101.83845149999999
2025-10-18 01:28:27.286,107198.37,7e-05,7.503885899999999
2025-10-18 01:28:28.170,107198.38,8e-05,8.575870400000001
2025-10-18 01:28:28.724,107198.38,0.00168,180.0932784
2025-10-18 01:28:28.831,107198.37,0.00093,99.6944841
2025-10-18 01:28:28.898,107198.37,9e-05,9.6478533
2025-10-18 01:28:29.008,107198.37,0.00024,25.7276088
2025-10-18 01:28:29.880,107198.37,0.00197,211.18078889999998
2025-10-18 01:28:30.029,107198.37,0.00043,46.0952991
2025-10-18 01:28:30.387,107198.38,0.03288,3524.6827344000003
2025-10-18 01:28:31.581,107198.37,8e-05,8.5758696
2025-10-18 01:28:32.933,107198.38,0.00081,86.83068779999999
2025-10-18 01:28:33.190,107198.37,0.00012,12.8638044
2025-10-18 01:28:34.489,107198.38,0.35669,38236.5901622
2025-10-18 01:28:34.491,107198.38,0.00367,393.4180546
2025-10-18 01:28:34.555,107200.0,0.01036,1110.5919999999999
2025-10-18 01:28:34.563,107200.0,0.028,3001.6
2025-10-18 01:28:34.638,107201.24,0.00023,24.656285200000003
2025-10-18 01:28:34.640,107203.78,5e-05,5.360189
2025-10-18 01:28:34.641,107204.0,0.00285,305.5314
2025-10-18 01:28:34.646,107203.99,0.00012,12.8644788
2025-10-18 01:28:34.648,107204.0,0.04156,4455.3982399999995
2025-10-18 01:28:34.680,107203.99,0.00093,99.69971070000001
2025-10-18 01:28:34.687,107204.0,0.00153,164.02212
2025-10-18 01:28:34.716,107205.17,0.00048,51.4584816
2025-10-18 01:28:34.719,107205.88,0.1517,16263.131996
2025-10-18 01:28:34.723,107205.88,0.00932,999.1588016000001
2025-10-18 01:28:34.746,107209.09,0.00242,259.4459978
2025-10-18 01:28:35.163,107209.08,0.00042,45.0278136
2025-10-18 01:28:35.215,107200.89,0.00015,16.0801335
2025-10-18 01:28:35.807,107200.88,0.00168,180.09747840000003
2025-10-18 01:28:35.844,107200.89,0.0002,21.440178
2025-10-18 01:28:36.148,107200.89,0.00018,19.296160200000003
2025-10-18 01:28:36.710,107200.88,0.00222,237.98595360000002
2025-10-18 01:28:36.983,107200.89,0.00162,173.6654418
2025-10-18 01:28:37.423,107200.89,0.01074,1151.3375586
2025-10-18 01:28:39.519,107200.88,0.00074,79.3286512
2025-10-18 01:28:40.422,107200.89,0.0009,96.480801
2025-10-18 01:28:40.661,107200.88,0.00059,63.248519200000004
2025-10-18 01:28:41.232,107200.88,0.00775,830.80682
2025-10-18 01:28:41.585,107200.88,9e-05,9.648079200000002
2025-10-18 01:28:42.390,107200.88,0.00027,28.9442376
2025-10-18 01:28:42.469,107200.89,0.028,3001.62492
2025-10-18 01:28:42.640,107200.89,0.00047,50.3844183
2025-10-18 01:28:43.795,107200.89,0.028,3001.62492
2025-10-18 01:28:44.539,107200.89,0.028,3001.62492
2025-10-18 01:28:45.417,107200.89,0.00047,50.3844183
2025-10-18 01:28:45.602,107200.89,0.00086,92.1927654
2025-10-18 01:28:45.613,107200.88,0.00563,603.5409544
2025-10-18 01:28:46.262,107200.88,0.00033,35.3762904
2025-10-18 01:28:46.987,107200.89,0.00032,34.304284800000005
2025-10-18 01:28:47.181,107200.89,0.02115,2267.2988235
2025-10-18 01:28:47.552,107200.88,0.00753,807.2226264000001
2025-10-18 01:28:48.097,107200.89,0.00159,170.4494151
2025-10-18 01:28:48.445,107200.88,0.00126,135.0731088
2025-10-18 01:28:48.758,107200.89,1.00856,108118.52961839999
2025-10-18 01:28:49.201,107200.89,0.00027,28.9442403
2025-10-18 01:28:49.239,107200.88,0.0046,493.124048
2025-10-18 01:28:49.412,107200.89,0.30301,32482.9416789
2025-10-18 01:28:49.414,107200.89,0.48768,52279.7300352
2025-10-18 01:28:49.416,107200.89,0.31517,33786.5045013
2025-10-18 01:28:49.418,107209.19,0.00015,16.0813785
2025-10-18 01:28:49.422,107212.86,2e-05,2.1442572
2025-10-18 01:28:49.424,107212.86,5e-05,5.3606430000000005
2025-10-18 01:28:49.436,107213.37,0.01373,1472.0395700999998
2025-10-18 01:28:49.439,107213.37,0.0004,42.885348
2025-10-18 01:28:49.441,107213.37,0.0289,3098.4663929999997
2025-10-18 01:28:49.454,107213.37,0.01288,1380.9082056
2025-10-18 01:28:49.458,107213.37,0.01446,1550.3053302
2025-10-18 01:28:49.470,107213.37,0.01991,2134.6181966999998
2025-10-18 01:28:49.475,107213.37,0.04472,4794.5819064
2025-10-18 01:28:49.478,107216.0,0.0028,300.2048
2025-10-18 01:28:49.487,107219.14,0.00094,100.7859916
2025-10-18 01:28:49.512,107219.15,0.00019,20.3716385
2025-10-18 01:28:49.522,107219.15,0.00025,26.8047875
2025-10-18 01:28:49.578,107219.44,0.00672,720.5146368000001
2025-10-18 01:28:49.705,107220.0,0.01865,1999.653
2025-10-18 01:28:49.714,107220.0,0.02712,2907.8064
2025-10-18 01:28:49.801,107220.0,0.00025,26.805
2025-10-18 01:28:50.062,107220.0,0.00521,558.6162
2025-10-18 01:28:50.182,107219.99,0.00094,100.7867906
2025-10-18 01:28:51.073,107219.99,0.00058,62.18759420000001
2025-10-18 01:28:51.378,107219.99,0.00293,314.1545707
2025-10-18 01:28:51.691,107219.99,0.11112,11914.2852888
2025-10-18 01:28:52.983,107220.0,0.00081,86.84819999999999
2025-10-18 01:28:52.988,107220.0,0.00038,40.7436
2025-10-18 01:28:52.989,107220.0,0.00932,999.2904
2025-10-18 01:28:53.298,107220.0,0.00162,173.69639999999998
2025-10-18 01:28:53.785,107219.99,0.00027,28.9493973
2025-10-18 01:28:54.322,107219.99,0.00023,24.6605977
2025-10-18 01:28:54.373,107220.0,0.01962,2103.6564
2025-10-18 01:28:54.388,107219.99,0.0009,96.497991
2025-10-18 01:28:54.430,107228.09,5e-05,5.3614045
2025-10-18 01:28:54.662,107231.1,0.00057,61.121727
2025-10-18 01:28:55.025,107231.11,0.00143,153.3404873
2025-10-18 01:28:55.070,107231.1,0.01315,1410.0889650000001
2025-10-18 01:28:55.143,107231.1,0.00038,40.747818
2025-10-18 01:28:55.599,107231.11,0.00019,20.373910900000002
2025-10-18 01:28:56.311,107231.1,0.00046,49.326306
2025-10-18 01:28:56.319,107231.11,7e-05,7.506177699999999
2025-10-18 01:28:57.668,107231.1,0.00185,198.37753500000002
2025-10-18 01:28:58.399,107231.11,0.04663,5000.1866592999995
2025-10-18 01:28:58.456,107231.1,0.00015,16.084665
2025-10-18 01:28:58.481,107231.11,0.028,3002.4710800000003
2025-10-18 01:28:58.692,107231.11,0.00032,34.3139552
2025-10-18 01:28:58.872,107231.1,0.00426,456.804486
2025-10-18 01:28:58.992,107231.11,0.962,103156.32781999999
2025-10-18 01:28:59.119,107235.0,0.00015,16.08525
2025-10-18 01:28:59.154,107235.01,0.028,3002.58028
2025-10-18 01:28:59.157,107235.0,0.00093,99.72855000000001
2025-10-18 01:28:59.398,107235.0,0.00432,463.2552
2025-10-18 01:28:59.613,107235.0,0.00153,164.06955
2025-10-18 01:29:00.417,107235.01,0.00302,323.8497302
2025-10-18 01:29:00.606,107235.01,6e-05,6.4341006
2025-10-18 01:29:00.777,107235.0,8e-05,8.578800000000001
2025-10-18 01:29:01.124,107235.0,0.00011,11.79585
2025-10-18 01:29:01.595,107235.01,0.028,3002.58028
2025-10-18 01:29:01.832,107235.0,7e-05,7.506449999999999
2025-10-18 01:29:02.113,107235.0,0.02972,3187.0242
2025-10-18 01:29:02.861,107235.0,0.00855,916.8592500000001
2025-10-18 01:29:04.027,107235.0,0.00457,490.06395000000003
2025-10-18 01:29:04.744,107235.01,0.74348,79727.0852348
2025-10-18 01:29:05.027,107235.01,0.028,3002.58028
2025-10-18 01:29:05.315,107238.09,8e-05,8.5790472
2025-10-18 01:29:05.319,107241.73,0.0425,4557.7735250000005
2025-10-18 01:29:05.344,107241.73,0.028,3002.76844
2025-10-18 01:29:05.371,107241.72,0.00093,99.7347996
2025-10-18 01:29:06.215,107241.73,0.01175,1260.0903275
2025-10-18 01:29:06.322,107241.72,0.00714,765.7058807999999
2025-10-18 01:29:06.422,107241.73,0.028,3002.76844
2025-10-18 01:29:07.025,107241.72,0.00042,45.041522400000005
2025-10-18 01:29:07.784,107241.73,0.01207,1294.4076811
2025-10-18 01:29:07.849,107241.72,0.0001,10.724172000000001
2025-10-18 01:29:07.898,107241.72,0.00063,67.5622836
2025-10-18 01:29:08.231,107241.72,0.00047,50.403608399999996
2025-10-18 01:29:08.532,107241.72,0.00243,260.5973796
2025-10-18 01:29:08.659,107241.73,0.028,3002.76844
2025-10-18 01:29:09.069,107241.72,0.00047,50.403608399999996
2025-10-18 01:29:09.124,107241.73,0.028,3002.76844
2025-10-18 01:29:09.138,107241.73,0.00188,201.61445239999998
2025-10-18 01:29:09.159,107241.73,0.00931,998.4205063
2025-10-18 01:29:09.161,107241.73,0.00038,40.7518574
2025-10-18 01:29:09.181,107241.73,0.23615,25325.1345395
2025-10-18 01:29:09.206,107241.73,0.004,428.96692
2025-10-18 01:29:09.215,107245.22,5e-05,5.362261
2025-10-18 01:29:09.691,107247.82,0.00035,37.536737
2025-10-18 01:29:10.101,107247.82,0.01052,1128.2470664
2025-10-18 01:29:10.510,107247.81,0.012,1286.97372
2025-10-18 01:29:10.650,107247.81,0.00073,78.29090129999999
2025-10-18 01:29:10.654,107247.81,0.00234,250.95987540000002
2025-10-18 01:29:10.746,107247.82,0.00045,48.261519
2025-10-18 01:29:11.059,107247.81,0.012,1286.97372
2025-10-18 01:29:12.138,107247.82,0.00502,538.3840564000001
2025-10-18 01:29:12.234,107247.82,0.01055,1131.4645010000002
2025-10-18 01:29:12.508,107247.82,9e-05,9.652303800000002
2025-10-18 01:29:13.370,107247.47,0.0001,10.724747
2025-10-18 01:29:13.371,107246.67,0.00015,16.0870005
2025-10-18 01:29:13.372,107245.54,5e-05,5.362277
2025-10-18 01:29:13.374,107245.22,5e-05,5.362261
2025-10-18 01:29:13.376,107241.73,0.03565,3823.1676745
2025-10-18 01:29:13.378,107235.01,5e-05,5.3617505
2025-10-18 01:29:13.385,107224.26,0.012,1286.69112
2025-10-18 01:29:13.389,107224.26,0.012,1286.69112
2025-10-18 01:29:13.390,107224.26,0.012,1286.69112
2025-10-18 01:29:13.479,107224.27,0.01037,1111.9156799000002
2025-10-18 01:29:13.716,107224.27,7e-05,7.5056989
2025-10-18 01:29:13.748,107224.27,0.0167,1790.645309
2025-10-18 01:29:13.882,107224.27,7e-05,7.5056989
2025-10-18 01:29:15.650,107224.26,0.012,1286.69112
2025-10-18 01:29:15.652,107224.26,0.012,1286.69112
2025-10-18 01:29:16.029,107224.26,0.012,1286.69112
2025-10-18 01:29:16.030,107224.26,0.012,1286.69112
2025-10-18 01:29:16.576,107224.26,0.0001,10.722426
2025-10-18 01:29:17.508,107224.27,0.00022,23.5893394
2025-10-18 01:29:17.867,107224.27,0.00047,50.3954069
2025-10-18 01:29:18.261,107224.27,0.01071,1148.3719317000002
2025-10-18 01:29:19.169,107224.27,0.00017,18.228125900000002
2025-10-18 01:29:19.609,107224.26,0.00017,18.2281242
2025-10-18 01:29:20.515,107229.83,0.02764,2963.8325012
2025-10-18 01:29:20.848,107230.7,0.00172,184.436804
2025-10-18 01:29:21.337,107230.7,6e-05,6.433842
2025-10-18 01:29:21.435,107230.7,0.028,3002.4596
2025-10-18 01:29:21.443,107230.7,0.008,857.8456
2025-10-18 01:29:21.516,107230.7,0.00017,18.229219
2025-10-18 01:29:21.548,107230.7,0.008,857.8456
2025-10-18 01:29:21.619,107230.7,0.012,1286.7684
2025-10-18 01:29:23.066,107230.7,0.00337,361.367459
2025-10-18 01:29:23.143,107230.7,0.00014,15.012297999999998
2025-10-18 01:29:23.192,107230.7,0.0109,1168.8146299999999
2025-10-18 01:29:23.215,107238.11,5e-05,5.361905500000001
2025-10-18 01:29:23.259,107241.73,0.028,3002.76844
2025-10-18 01:29:23.267,107241.73,0.028,3002.76844
2025-10-18 01:29:23.536,107241.73,0.00093,99.7348089
2025-10-18 01:29:23.736,107241.72,0.00099,106.1693028
2025-10-18 01:29:24.437,107241.73,0.00059,63.2726207
2025-10-18 01:29:24.841,107241.73,0.00049,52.5484477
2025-10-18 01:29:25.200,107241.73,0.11032,11830.9076536
2025-10-18 01:29:25.287,107241.72,0.00375,402.15645
2025-10-18 01:29:25.830,107241.73,0.00372,398.9392356
2025-10-18 01:29:27.688,107241.72,0.00116,124.4003952
2025-10-18 01:29:28.066,107241.72,0.00434,465.4290648
2025-10-18 01:29:28.516,107241.73,0.028,3002.76844
2025-10-18 01:29:28.790,107241.73,0.00302,323.8700246
2025-10-18 01:29:29.682,107241.73,0.00878,941.5823893999999
2025-10-18 01:29:30.592,107241.72,0.00026,27.882847199999997
2025-10-18 01:29:30.727,107241.72,0.0027,289.55264400000004
2025-10-18 01:29:31.243,107241.73,0.00166,178.0212718
2025-10-18 01:29:32.737,107241.72,0.00141,151.21082520000002
2025-10-18 01:29:33.046,107241.73,0.00014,15.013842199999997
2025-10-18 01:29:33.123,107241.73,0.028,3002.76844
2025-10-18 01:29:33.214,107241.73,0.00011,11.7965903
2025-10-18 01:29:33.375,107241.72,5e-05,5.362086000000001
2025-10-18 01:29:33.399,107241.73,0.06045,6482.762578499999
2025-10-18 01:29:33.883,107241.72,0.0001,10.724172000000001
2025-10-18 01:29:33.971,107241.73,0.00475,509.3982175
2025-10-18 01:29:34.255,107241.72,5e-05,5.362086000000001
2025-10-18 01:29:35.205,107241.73,0.0008,85.793384
2025-10-18 01:29:35.369,107241.72,0.0007,75.069204
2025-10-18 01:29:35.503,107241.73,0.028,3002.76844
2025-10-18 01:29:35.697,107241.73,0.01,1072.4173
2025-10-18 01:29:36.031,107241.73,0.00054,57.9105342
2025-10-18 01:29:36.358,107241.73,0.1,10724.173
2025-10-18 01:29:37.026,107241.72,7e-05,7.506920399999999
2025-10-18 01:29:37.397,107241.73,0.00559,599.4812707
2025-10-18 01:29:37.617,107241.73,0.00061,65.4174553
2025-10-18 01:29:38.060,107241.73,0.02579,2765.7642167
2025-10-18 01:29:38.730,107241.73,0.02477,2656.3776521
2025-10-18 01:29:39.537,107241.72,0.00017,18.2310924
2025-10-18 01:29:39.580,107241.73,0.028,3002.76844
2025-10-18 01:29:39.839,107241.73,0.028,3002.76844
2025-10-18 01:29:40.029,107241.72,0.00554,594.1191288
2025-10-18 01:29:40.917,107241.72,0.01635,1753.402122
2025-10-18 01:29:41.241,107241.73,0.00279,299.2044267
2025-10-18 01:29:42.414,107241.73,0.00466,499.74646179999996
2025-10-18 01:29:43.520,107241.73,0.00093,99.7348089
2025-10-18 01:29:44.240,107241.73,0.0019,203.759287
2025-10-18 01:29:45.174,107241.72,0.00186,199.4695992
2025-10-18 01:29:45.190,107246.76,0.0001,10.724676
2025-10-18 01:29:45.445,107248.44,0.028,3002.9563200000002
2025-10-18 01:29:45.741,107248.43,0.00317,339.9775231
2025-10-18 01:29:46.027,107248.43,0.00097,104.0309771
2025-10-18 01:29:46.555,107248.44,0.00324,347.4849456
2025-10-18 01:29:47.038,107248.44,0.028,3002.9563200000002
2025-10-18 01:29:47.443,107248.43,0.00057,61.131605099999994
2025-10-18 01:29:48.209,107248.44,0.00466,499.7777304
2025-10-18 01:29:48.931,107248.44,0.005,536.2422
2025-10-18 01:29:49.069,107248.44,0.007,750.7390800000001
2025-10-18 01:29:49.096,107248.44,0.013,1394.22972
2025-10-18 01:29:49.199,107248.43,0.0013,139.422959
2025-10-18 01:29:49.431,107248.43,0.00318,341.05000739999997
2025-10-18 01:29:49.446,107248.44,6e-05,6.4349064
2025-10-18 01:29:49.598,107248.44,0.001,107.24844
2025-10-18 01:29:49.700,107248.44,0.002,214.49688
2025-10-18 01:29:50.746,107248.43,0.00191,204.8445013
2025-10-18 01:29:51.053,107248.44,0.002,214.49688
2025-10-18 01:29:51.115,107249.7,5e-05,5.362485
2025-10-18 01:29:51.200,107249.71,0.001,107.24971000000001
2025-10-18 01:29:51.735,107249.96,8e-05,8.579996800000002
2025-10-18 01:29:51.915,107249.99,0.00264,283.1399736
2025-10-18 01:29:51.965,107250.0,0.018,1930.4999999999998
2025-10-18 01:29:52.434,107249.99,0.00188,201.6299812
2025-10-18 01:29:52.583,107249.99,6e-05,6.434999400000001
2025-10-18 01:29:52.717,107250.0,0.00044,47.190000000000005
2025-10-18 01:29:52.791,107249.99,5e-05,5.3624995
2025-10-18 01:29:52.877,107250.0,0.00344,368.94
2025-10-18 01:29:53.412,107250.0,0.12446,13348.335000000001
2025-10-18 01:29:53.416,107251.62,0.00274,293.86943879999995
2025-10-18 01:29:53.417,107259.16,0.00897,962.1146652000001
2025-10-18 01:29:53.454,107262.76,0.00093,99.7543668
2025-10-18 01:29:53.464,107262.76,0.00487,522.3696412
2025-10-18 01:29:53.475,107262.77,0.028,3003.3575600000004
2025-10-18 01:29:53.482,107262.77,0.022,2359.78094
2025-10-18 01:29:53.542,107262.77,0.00092,98.6817484
2025-10-18 01:29:54.176,107262.76,0.00193,207.0171268
2025-10-18 01:29:54.642,107262.77,0.028,3003.3575600000004
2025-10-18 01:29:54.657,107262.77,0.028,3003.3575600000004
2025-10-18 01:29:54.744,107262.76,0.00756,810.9064655999999
2025-10-18 01:29:54.882,107262.76,0.00047,50.413497199999995
2025-10-18 01:29:54.973,107262.76,0.00318,341.0955768
2025-10-18 01:29:55.399,107262.76,0.0031,332.51455599999997
2025-10-18 01:29:56.238,107262.77,0.0003,32.178830999999995
2025-10-18 01:29:56.836,107262.77,0.13103,14054.6407531
2025-10-18 01:29:56.837,107262.77,0.0035,375.41969500000005
2025-10-18 01:29:56.844,107262.79,0.0002,21.452558
2025-10-18 01:29:56.850,107262.85,8e-05,8.581028000000002
2025-10-18 01:29:56.851,107264.08,0.00042,45.0509136
2025-10-18 01:29:56.907,107264.24,5e-05,5.363212000000001
2025-10-18 01:29:56.913,107266.66,0.0002,21.453332000000003
2025-10-18 01:29:56.926,107267.92,0.028,3003.50176
2025-10-18 01:29:57.011,107267.92,0.00173,185.5735016
2025-10-18 01:29:57.105,107268.92,0.00187,200.59288039999998
2025-10-18 01:29:57.109,107270.0,0.00415,445.1705
2025-10-18 01:29:57.114,107270.74,0.00059,63.289736600000005
2025-10-18 01:29:57.118,107271.99,0.00075,80.45399250000001
2025-10-18 01:29:57.215,107277.92,0.00013,13.946129599999999
2025-10-18 01:29:57.638,107277.99,0.00367,393.71022330000005
2025-10-18 01:29:57.949,107278.0,0.00142,152.33476000000002
2025-10-18 01:29:57.965,107277.99,6e-05,6.4366794
2025-10-18 01:29:58.053,107278.0,0.23532,25244.65896
2025-10-18 01:29:58.115,107278.0,0.14161,15191.637580000002
2025-10-18 01:29:58.183,107278.0,0.47238,50675.981640000005
2025-10-18 01:29:58.185,107278.0,0.0043,461.2954
2025-10-18 01:29:58.220,107278.0,0.00028,30.037839999999996
2025-10-18 01:29:58.375,107278.0,0.16763,17983.01114
2025-10-18 01:29:58.379,107281.8,0.0002,21.45636
2025-10-18 01:29:58.962,107281.99,0.00013,13.946658699999999
2025-10-18 01:29:59.054,107282.0,0.00047,50.42254
2025-10-18 01:29:59.317,107281.99,0.00317,340.0839083
2025-10-18 01:29:59.577,107282.15,0.0002,21.45643
2025-10-18 01:29:59.580,107282.92,0.00064,68.66106880000001
2025-10-18 01:29:59.584,107283.53,0.00075,80.4626475
2025-10-18 01:29:59.931,107283.61,8e-05,8.582688800000001
2025-10-18 01:30:00.046,107283.62,0.01169,1254.1455178
2025-10-18 01:30:00.048,107283.66,0.0002,21.456732000000002
2025-10-18 01:30:00.051,107283.99,0.02508,2690.6824692000005
2025-10-18 01:30:00.197,107283.99,0.75053,80519.85301470001
2025-10-18 01:30:00.254,107283.99,0.09327,10006.377747300001
2025-10-18 01:30:00.526,107284.0,5e-05,5.3642
2025-10-18 01:30:00.572,107283.99,0.00084,90.1185516
2025-10-18 01:30:00.621,107284.0,0.002,214.568
2025-10-18 01:30:00.665,107283.99,7e-05,7.5098793
2025-10-18 01:30:00.834,107284.0,0.00933,1000.95972
2025-10-18 01:30:01.700,107284.0,0.00904,969.84736
2025-10-18 01:30:01.874,107284.0,0.00014,15.019759999999998
2025-10-18 01:30:01.979,107283.99,8e-05,8.582719200000001
2025-10-18 01:30:02.276,107283.99,0.00019,20.3839581
2025-10-18 01:30:02.388,107283.99,0.00076,81.5358324
2025-10-18 01:30:04.232,107284.0,0.00028,30.039519999999996
2025-10-18 01:30:04.272,107283.99,0.00853,915.1324347
2025-10-18 01:30:04.274,107283.98,0.00203,217.78647940000002
2025-10-18 01:30:04.275,107283.65,0.00035,37.549277499999995
2025-10-18 01:30:04.277,107283.61,0.04035,4328.8936635
2025-10-18 01:30:04.280,107282.0,0.00822,881.85804
2025-10-18 01:30:04.282,107282.01,0.03032,3252.7905432
2025-10-18 01:30:04.733,107282.0,0.012,1287.384
2025-10-18 01:30:04.734,107282.0,0.012,1287.384
2025-10-18 01:30:04.744,107282.0,0.06079,6521.67278
2025-10-18 01:30:04.745,107281.92,0.0001,10.728192
2025-10-18 01:30:04.747,107280.0,5e-05,5.364
2025-10-18 01:30:04.751,107278.14,0.00931,998.7594834
2025-10-18 01:30:04.757,107278.14,0.00932,999.8322648
2025-10-18 01:30:04.759,107271.37,5e-05,5.3635685
2025-10-18 01:30:04.774,107267.26,0.00318,341.10988679999997
2025-10-18 01:30:04.881,107267.27,0.0009,96.540543
2025-10-18 01:30:05.049,107267.27,0.00016,17.1627632
2025-10-18 01:30:05.087,107267.27,0.02888,3097.8787576
2025-10-18 01:30:05.143,107267.26,0.012,1287.20712
2025-10-18 01:30:05.144,107267.26,0.012,1287.20712
2025-10-18 01:30:05.148,107264.31,0.03162,3391.6974822
2025-10-18 01:30:05.149,107262.22,0.0002,21.452444
2025-10-18 01:30:05.150,107262.15,5e-05,5.3631075
2025-10-18 01:30:05.152,107261.53,0.01031,1105.8663743
2025-10-18 01:30:05.154,107262.22,5e-05,5.363111
2025-10-18 01:30:05.155,107259.68,0.0001,10.725968
2025-10-18 01:30:05.158,107252.8,0.00021,22.523088
2025-10-18 01:30:05.164,107252.8,0.012,1287.0336
2025-10-18 01:30:05.178,107252.8,0.15108,16203.753024
2025-10-18 01:30:05.183,107252.8,0.05568,5971.8359040000005
2025-10-18 01:30:05.207,107252.8,0.00352,377.52985600000005
2025-10-18 01:30:05.211,107252.8,0.00499,535.191472
2025-10-18 01:30:05.216,107252.03,0.00011,11.7977233
2025-10-18 01:30:05.229,107252.03,0.0007,75.076421
2025-10-18 01:30:05.522,107250.01,4e-05,4.2900004
2025-10-18 01:30:05.699,107250.0,0.00317,339.9825
2025-10-18 01:30:06.019,107250.0,0.00932,999.57
2025-10-18 01:30:06.195,107249.8,0.00191,204.847118
2025-10-18 01:30:06.231,107249.81,0.1,10724.981
2025-10-18 01:30:06.240,107249.81,0.00932,999.5682292
2025-10-18 01:30:06.304,107249.81,0.00011,11.7974791
2025-10-18 01:30:06.733,107249.8,0.00255,273.48699000000005
2025-10-18 01:30:07.015,107246.35,0.00373,400.0288855
2025-10-18 01:30:08.036,107241.64,0.00466,499.7460424
2025-10-18 01:30:08.184,107241.65,0.00028,30.027661999999996
2025-10-18 01:30:08.424,107241.65,7e-05,7.506915499999999
2025-10-18 01:30:08.666,107241.64,0.012,1286.89968
2025-10-18 01:30:08.668,107241.64,0.012,1286.89968
2025-10-18 01:30:08.669,107241.64,0.012,1286.89968
2025-10-18 01:30:09.744,107241.64,0.00318,341.0284152
2025-10-18 01:30:09.961,107241.65,0.02797,2999.5489504999996
2025-10-18 01:30:10.055,107241.64,0.00466,499.7460424
2025-10-18 01:30:10.334,107241.65,0.00046,49.331159
2025-10-18 01:30:10.360,107241.65,1.0,107241.65
2025-10-18 01:30:10.439,107241.64,0.0745,7989.5021799999995
2025-10-18 01:30:10.519,107241.64,3.23969,347429.6686916
2025-10-18 01:30:10.575,107241.64,0.00149,159.7900436
2025-10-18 01:30:10.699,107241.65,0.00016,17.158664
2025-10-18 01:30:11.191,107241.64,0.012,1286.89968
2025-10-18 01:30:11.195,107241.64,0.012,1286.89968
2025-10-18 01:30:11.717,107241.65,0.00012,12.868998
2025-10-18 01:30:12.058,107241.65,0.12594,13506.013400999998
2025-10-18 01:30:12.059,107241.65,0.0692,7421.122179999999
2025-10-18 01:30:12.061,107245.9,0.00015,16.086885
2025-10-18 01:30:12.078,107246.98,0.01527,1637.6613846
2025-10-18 01:30:12.115,107252.47,0.0001,10.725247000000001
2025-10-18 01:30:12.132,107258.6,0.00932,999.650152
2025-10-18 01:30:12.167,107258.61,0.028,3003.2410800000002
2025-10-18 01:30:12.228,107258.61,0.00588,630.6806268
2025-10-18 01:30:12.232,107258.6,0.00214,229.53340400000002
2025-10-18 01:30:12.329,107258.61,4e-05,4.2903444
2025-10-18 01:30:12.580,107258.61,0.00532,570.6158052000001
2025-10-18 01:30:12.582,107258.64,0.00025,26.81466
2025-10-18 01:30:12.615,107267.61,0.0001,10.726761
2025-10-18 01:30:12.840,107268.92,0.0685,7347.921020000001
2025-10-18 01:30:12.881,107268.92,0.00125,134.08615
2025-10-18 01:30:13.032,107268.92,0.04194,4498.8585047999995
2025-10-18 01:30:14.687,107268.91,0.00317,340.04244470000003
2025-10-18 01:30:15.111,107268.92,0.00094,100.8327848
2025-10-18 01:30:15.216,107268.92,0.00063,67.57941960000001
2025-10-18 01:30:15.354,107268.91,0.0041,439.80253100000004
2025-10-18 01:30:16.074,107268.91,9e-05,9.6542019
2025-10-18 01:30:16.282,107268.91,0.00041,43.9802531
2025-10-18 01:30:16.417,107268.92,0.29837,32005.827660400002
2025-10-18 01:30:16.419,107268.92,0.00113,121.21387959999998
2025-10-18 01:30:16.422,107268.94,0.0002,21.453788000000003
2025-10-18 01:30:17.280,107273.52,0.06205,6656.321916000001
2025-10-18 01:30:17.437,107273.51,0.00087,93.3279537
2025-10-18 01:30:17.818,107273.52,4e-05,4.2909408
2025-10-18 01:30:17.819,107273.51,0.001,107.27351
2025-10-18 01:30:17.869,107273.52,0.00013,13.945557599999999
2025-10-18 01:30:18.122,107273.51,0.00069,74.01872189999999
2025-10-18 01:30:18.380,107273.51,0.00044,47.2003444
2025-10-18 01:30:18.843,107273.51,0.00085,91.18248349999999
2025-10-18 01:30:19.646,107273.51,0.00318,341.1297618
2025-10-18 01:30:19.762,107273.51,0.00861,923.6249210999999
2025-10-18 01:30:19.818,107273.51,0.00204,218.83796040000001
2025-10-18 01:30:19.982,107273.51,0.00245,262.82009949999997
2025-10-18 01:30:20.002,107273.52,0.00049,52.5640248
2025-10-18 01:30:20.029,107273.51,7e-05,7.509145699999999
2025-10-18 01:30:20.090,107273.51,0.01236,1325.9005836
2025-10-18 01:30:20.113,107273.51,0.00261,279.98386109999996
2025-10-18 01:30:20.239,107273.51,0.00015,16.091026499999998
2025-10-18 01:30:20.244,107273.52,6e-05,6.4364112
2025-10-18 01:30:20.283,107273.51,0.00037,39.691198699999994
2025-10-18 01:30:20.328,107273.51,0.00261,279.98386109999996
2025-10-18 01:30:20.352,107273.51,0.00016,17.1637616
2025-10-18 01:30:20.368,107273.51,0.00041,43.9821391
2025-10-18 01:30:20.541,107273.51,0.00253,271.4019803
2025-10-18 01:30:20.591,107273.52,0.00201,215.61977520000002
2025-10-18 01:30:20.815,107273.51,5e-05,5.3636755
2025-10-18 01:30:20.918,107273.51,0.00563,603.9498613
2025-10-18 01:30:20.983,107273.52,0.00011,11.8000872
2025-10-18 01:30:21.032,107273.52,0.00079,84.7460808
2025-10-18 01:30:21.132,107273.51,0.00084,90.1097484
2025-10-18 01:30:21.223,107273.51,0.00045,48.273079499999994
2025-10-18 01:30:21.317,107273.51,0.0017,182.36496699999998
2025-10-18 01:30:21.369,107273.51,0.00198,212.4015498
2025-10-18 01:30:21.673,107273.51,0.00075,80.4551325
2025-10-18 01:30:21.791,107273.52,0.00014,15.0182928
2025-10-18 01:30:22.094,107273.51,0.00055,59.0004305
2025-10-18 01:30:22.169,107273.51,0.00032,34.3275232
2025-10-18 01:30:22.186,107273.52,0.00088,94.4006976
2025-10-18 01:30:22.439,107273.51,0.00018,19.3092318
2025-10-18 01:30:23.039,107273.51,0.00018,19.3092318
2025-10-18 01:30:23.265,107281.18,2e-05,2.1456236
2025-10-18 01:30:23.614,107281.18,0.00028,30.038730399999995
2025-10-18 01:30:23.639,107291.61,0.00084,90.1249524
2025-10-18 01:30:23.672,107294.73,6e-05,6.4376838
2025-10-18 01:30:23.674,107294.72,0.0013,139.483136
2025-10-18 01:30:23.705,107294.72,0.0012,128.753664
2025-10-18 01:30:23.834,107294.73,0.028,3004.2524399999998
2025-10-18 01:30:24.046,107294.72,6e-05,6.4376832
2025-10-18 01:30:24.282,107294.72,0.00044,47.209676800000004
2025-10-18 01:30:24.283,107294.73,0.00154,165.23388419999998
2025-10-18 01:30:24.285,107294.73,0.00154,165.23388419999998
2025-10-18 01:30:24.287,107294.73,0.00114,122.3159922
2025-10-18 01:30:24.362,107294.72,0.00252,270.3826944
2025-10-18 01:30:24.579,107294.72,0.00317,340.1242624
2025-10-18 01:30:24.737,107294.72,0.0002,21.458944000000002
2025-10-18 01:30:25.170,107294.73,0.00016,17.1671568
2025-10-18 01:30:25.706,107294.73,0.00019,20.385998700000002
2025-10-18 01:30:25.839,107294.73,0.05,5364.7365
2025-10-18 01:30:26.125,107294.72,6e-05,6.4376832
2025-10-18 01:30:26.644,107294.72,5e-05,5.364736000000001
2025-10-18 01:30:26.715,107302.13,0.001,107.30213
2025-10-18 01:30:26.732,107306.06,0.028,3004.56968
2025-10-18 01:30:27.070,107306.05,0.00046,49.360783000000005
2025-10-18 01:30:27.419,107306.06,0.0005,53.65303
2025-10-18 01:30:27.986,107306.06,0.00018,19.3150908
2025-10-18 01:30:28.021,107306.05,0.00063,67.6028115
2025-10-18 01:30:28.181,107306.05,0.00079,84.77177950000001
2025-10-18 01:30:28.638,107306.06,0.01164,1249.0425383999998
2025-10-18 01:30:28.986,107306.06,0.00364,390.5940584
2025-10-18 01:30:29.066,107306.06,0.00012,12.8767272
2025-10-18 01:30:29.362,107306.06,0.005,536.5303
2025-10-18 01:30:29.635,107306.06,0.00046,49.3607876
2025-10-18 01:30:29.738,107306.06,6e-05,6.4383636
2025-10-18 01:30:29.848,107306.05,0.00318,341.233239
2025-10-18 01:30:30.121,107306.05,0.00458,491.461709
2025-10-18 01:30:30.488,107306.05,0.00028,30.045693999999997
2025-10-18 01:30:30.658,107306.06,0.00012,12.8767272
2025-10-18 01:30:30.853,107306.05,0.00046,49.360783000000005
2025-10-18 01:30:30.920,107306.06,0.00088,94.4293328
2025-10-18 01:30:30.929,107306.05,0.00018,19.315089
2025-10-18 01:30:31.135,107306.06,0.00025,26.826515
2025-10-18 01:30:31.417,107306.05,0.0023,246.803915
2025-10-18 01:30:31.581,107306.05,6e-05,6.438363000000001
2025-10-18 01:30:31.846,107306.05,0.0005,53.653025
2025-10-18 01:30:31.939,107306.05,0.00125,134.1325625
2025-10-18 01:30:32.443,107306.05,0.0004,42.92242
2025-10-18 01:30:32.583,107306.05,0.00035,37.557117500000004
2025-10-18 01:30:32.951,107306.06,0.00601,644.9094206
2025-10-18 01:30:33.127,107306.06,0.00012,12.8767272
2025-10-18 01:30:33.132,107306.06,0.00047,50.4338482
2025-10-18 01:30:33.162,107306.06,0.0001,10.730606
2025-10-18 01:30:33.237,107306.06,0.00056,60.091393599999996
2025-10-18 01:30:33.340,107306.06,6e-05,6.4383636
2025-10-18 01:30:33.482,107306.06,7e-05,7.5114241999999996
2025-10-18 01:30:33.791,107306.06,7e-05,7.5114241999999996
2025-10-18 01:30:33.819,107306.06,7e-05,7.5114241999999996
2025-10-18 01:30:33.915,107306.06,7e-05,7.5114241999999996
2025-10-18 01:30:34.126,107306.06,0.00559,599.8408754000001
2025-10-18 01:30:34.209,107306.05,0.00044,47.214662000000004
2025-10-18 01:30:34.283,107306.05,0.00026,27.899572999999997
2025-10-18 01:30:34.521,107306.06,7e-05,7.5114241999999996
2025-10-18 01:30:34.773,107306.05,0.00317,340.16017850000003
2025-10-18 01:30:35.285,107306.06,0.00035,37.557121
2025-10-18 01:30:35.316,107306.05,0.00016,17.168968000000003
2025-10-18 01:30:35.332,107306.05,0.0001,10.730605
2025-10-18 01:30:35.482,107306.06,0.0001,10.730606
2025-10-18 01:30:35.651,107306.06,0.00081,86.91790859999999
2025-10-18 01:30:36.082,107306.06,0.00013,13.9497878
2025-10-18 01:30:36.218,107306.06,0.0001,10.730606
2025-10-18 01:30:36.383,107306.06,0.0001,10.730606
2025-10-18 01:30:36.770,107306.06,0.028,3004.56968
2025-10-18 01:30:36.781,107306.06,0.028,3004.56968
2025-10-18 01:30:37.437,107306.06,0.00014,15.022848399999999
2025-10-18 01:30:37.732,107306.06,8e-05,8.5844848
2025-10-18 01:30:37.838,107306.05,0.012,1287.6726
2025-10-18 01:30:37.839,107306.05,0.012,1287.6726
2025-10-18 01:30:37.840,107306.05,0.012,1287.6726
2025-10-18 01:30:38.015,107297.63,0.00015,16.094644499999998
2025-10-18 01:30:38.090,107297.62,0.012,1287.57144
2025-10-18 01:30:38.093,107297.62,0.012,1287.57144
2025-10-18 01:30:38.094,107297.62,0.012,1287.57144
2025-10-18 01:30:38.575,107297.63,7e-05,7.510834099999999
2025-10-18 01:30:38.617,107297.63,0.00047,50.4298861
2025-10-18 01:30:38.939,107297.62,0.012,1287.57144
2025-10-18 01:30:38.940,107297.62,0.012,1287.57144
2025-10-18 01:30:38.969,107297.63,0.19711,21149.4358493
2025-10-18 01:30:39.285,107297.63,7e-05,7.510834099999999
2025-10-18 01:30:39.700,107297.62,0.00318,341.2064316
2025-10-18 01:30:39.721,107297.62,0.012,1287.57144
2025-10-18 01:30:39.722,107297.62,0.012,1287.57144
2025-10-18 01:30:39.732,107297.62,0.012,1287.57144
2025-10-18 01:30:40.125,107297.63,0.00017,18.240597100000002
2025-10-18 01:30:40.718,107297.63,0.0001,10.729763
2025-10-18 01:30:41.079,107297.62,0.00046,49.3569052
2025-10-18 01:30:41.142,107297.63,8e-05,8.5838104
2025-10-18 01:30:41.367,107297.62,0.0001,10.729762000000001
2025-10-18 01:30:41.429,107297.63,0.00604,648.0776852
2025-10-18 01:30:41.927,107297.62,9e-05,9.6567858
2025-10-18 01:30:42.015,107297.63,0.00016,17.1676208
2025-10-18 01:30:42.032,107297.62,0.00012,12.8757144
2025-10-18 01:30:42.417,107297.63,0.00233,250.0034779
2025-10-18 01:30:42.446,107297.63,0.028,3004.3336400000003
2025-10-18 01:30:42.453,107297.63,0.028,3004.3336400000003
2025-10-18 01:30:42.513,107297.63,0.0001,10.729763
2025-10-18 01:30:42.515,107297.63,0.0001,10.729763
2025-10-18 01:30:42.532,107297.63,0.00028,30.043336399999998
2025-10-18 01:30:42.667,107297.63,0.00093,99.78679590000002
2025-10-18 01:30:42.718,107297.63,0.0001,10.729763
2025-10-18 01:30:42.782,107297.63,0.00466,500.0069558
2025-10-18 01:30:42.832,107297.63,0.00028,30.043336399999998
2025-10-18 01:30:42.913,107297.63,6e-05,6.437857800000001
2025-10-18 01:30:42.918,107297.63,0.0001,10.729763
2025-10-18 01:30:43.075,107297.63,0.0001,10.729763
2025-10-18 01:30:43.181,107297.63,8e-05,8.5838104
2025-10-18 01:30:43.383,107297.63,0.0001,10.729763
2025-10-18 01:30:44.237,107297.63,0.00097,104.0787011
2025-10-18 01:30:44.327,107297.62,7e-05,7.510833399999999
2025-10-18 01:30:44.639,107297.62,0.00317,340.1334554
2025-10-18 01:30:44.725,107297.63,0.00358,384.1255154
2025-10-18 01:30:44.796,107297.63,0.00025,26.824407500000003
2025-10-18 01:30:44.910,107297.62,0.00018,19.3135716
2025-10-18 01:30:46.400,107297.63,0.02518,2701.7543234000004
2025-10-18 01:30:47.342,107297.62,0.01035,1110.5303669999998
2025-10-18 01:30:47.420,107297.63,0.00559,599.7937517
2025-10-18 01:30:47.625,107297.63,9e-05,9.656786700000001
2025-10-18 01:30:47.911,107297.63,8e-05,8.5838104
2025-10-18 01:30:49.108,107297.63,0.028,3004.3336400000003
2025-10-18 01:30:49.897,107297.62,0.00318,341.2064316
2025-10-18 01:30:50.094,107297.63,0.00324,347.6443212
2025-10-18 01:30:50.488,107297.86,7e-05,7.510850199999999
2025-10-18 01:30:50.610,107297.87,0.00094,100.85999779999999
2025-10-18 01:30:50.944,107297.87,0.028,3004.34036
2025-10-18 01:30:51.254,107297.86,0.00046,49.357015600000004
2025-10-18 01:30:51.273,107297.87,0.00017,18.2406379
2025-10-18 01:30:51.648,107297.87,0.00079,84.76531729999999
2025-10-18 01:30:52.888,107297.87,0.00122,130.90340139999998
2025-10-18 01:30:52.910,107297.87,0.00083,89.0572321
2025-10-18 01:30:53.919,107297.86,0.00018,19.3136148
2025-10-18 01:30:54.431,107297.86,0.003,321.89358
2025-10-18 01:30:54.826,107297.86,0.00317,340.1342162
2025-10-18 01:30:54.920,107297.86,0.00188,201.71997679999998
2025-10-18 01:30:55.401,107297.86,0.00037,39.7002082
2025-10-18 01:30:55.917,107297.87,0.00021,22.5325527
2025-10-18 01:30:56.384,107297.87,8e-05,8.5838296
2025-10-18 01:30:56.785,107297.87,0.00014,15.021701799999999
2025-10-18 01:30:56.905,107297.86,0.39582,42470.6389452
2025-10-18 01:30:56.906,107297.86,0.0084,901.302024
2025-10-18 01:30:56.907,107297.63,0.00058,62.2326254
2025-10-18 01:30:56.908,107297.62,0.06269,6726.4877977999995
2025-10-18 01:30:56.918,107297.0,0.0011,118.0267
2025-10-18 01:30:56.922,107296.54,0.0004,42.918616
2025-10-18 01:30:56.948,107295.83,0.00125,134.1197875
2025-10-18 01:30:56.964,107295.32,0.00866,929.1774712
2025-10-18 01:30:56.965,107294.76,5e-05,5.364738
2025-10-18 01:30:56.967,107294.6,0.0006,64.37676
2025-10-18 01:30:56.970,107292.62,0.3535,37927.94117
2025-10-18 01:30:57.004,107292.62,3.30775,354897.16380499996
2025-10-18 01:30:57.006,107292.24,0.0053,568.648872
2025-10-18 01:30:57.007,107292.24,0.023,2467.72152
2025-10-18 01:30:57.048,107291.2,0.00023,24.676976
2025-10-18 01:30:57.854,107289.0,6e-05,6.43734
2025-10-18 01:30:58.003,107288.69,0.00081,86.9038389
2025-10-18 01:30:58.140,107288.68,0.001,107.28868
2025-10-18 01:30:58.142,107288.68,0.001,107.28868
2025-10-18 01:30:58.145,107288.68,0.001,107.28868
2025-10-18 01:30:58.463,107288.68,0.01133,1215.5807444
2025-10-18 01:30:58.621,107286.97,0.0374,4012.5326780000005
2025-10-18 01:30:59.757,107286.96,0.012,1287.44352
2025-10-18 01:30:59.758,107286.96,0.012,1287.44352
2025-10-18 01:30:59.760,107286.96,0.012,1287.44352
2025-10-18 01:30:59.856,107286.96,0.00318,341.17253280000006
2025-10-18 01:30:59.999,107286.96,0.00091,97.63113360000001
2025-10-18 01:31:00.074,107286.91,0.01013,1086.8163983
2025-10-18 01:31:00.115,107281.41,0.00015,16.092211499999998
2025-10-18 01:31:00.134,107281.4,0.00025,26.820349999999998
2025-10-18 01:31:00.147,107280.53,0.00204,218.85228120000002
2025-10-18 01:31:00.150,107280.53,0.012,1287.36636
2025-10-18 01:31:00.152,107280.53,0.012,1287.36636
2025-10-18 01:31:00.692,107280.54,0.00559,599.6982186
2025-10-18 01:31:00.707,107279.99,0.0001,10.727999
2025-10-18 01:31:00.711,107277.54,0.03511,3766.5144294
2025-10-18 01:31:00.713,107277.53,5e-05,5.3638765
2025-10-18 01:31:00.717,107274.32,5e-05,5.363716000000001
2025-10-18 01:31:00.720,107273.77,0.0002,21.454754
2025-10-18 01:31:00.723,107273.51,0.002,214.54702
2025-10-18 01:31:00.725,107273.51,0.012,1287.28212
2025-10-18 01:31:00.816,107268.06,5e-05,5.363403
2025-10-18 01:31:01.085,107264.53,0.00195,209.1658335
2025-10-18 01:31:01.215,107264.53,0.04831,5181.949444299999
2025-10-18 01:31:01.218,107260.85,0.00081,86.8812885
2025-10-18 01:31:01.222,107260.85,0.00081,86.8812885
2025-10-18 01:31:01.542,107260.84,0.00065,69.719546
2025-10-18 01:31:01.683,107260.84,0.0001,10.726084
2025-10-18 01:31:02.479,107260.84,0.0003,32.17825199999999
2025-10-18 01:31:02.588,107260.85,0.00027,28.960429500000004
2025-10-18 01:31:04.348,107260.84,0.00406,435.4790104
2025-10-18 01:31:04.481,107260.51,0.00139,149.0921089
2025-10-18 01:31:04.821,107260.5,0.00317,340.015785
2025-10-18 01:31:05.662,107260.5,0.00097,104.042685
2025-10-18 01:31:05.857,107260.5,0.00281,301.402005
2025-10-18 01:31:05.871,107260.01,0.00015,16.0890015
2025-10-18 01:31:05.917,107260.0,0.012,1287.1200000000001
2025-10-18 01:31:05.924,107258.0,0.002,214.516
2025-10-18 01:31:06.727,107255.84,0.00081,86.87723039999999
2025-10-18 01:31:06.974,107255.85,7e-05,7.507909499999999
2025-10-18 01:31:07.315,107249.31,0.00015,16.087396499999997
2025-10-18 01:31:07.318,107249.3,6e-05,6.434958
2025-10-18 01:31:07.321,107249.31,0.03656,3921.0347736000003
2025-10-18 01:31:07.467,107249.3,0.012,1286.9916
2025-10-18 01:31:07.469,107249.3,0.012,1286.9916
2025-10-18 01:31:07.632,107249.31,0.00052,55.769641199999995
2025-10-18 01:31:07.745,107249.3,0.00027,28.957311
2025-10-18 01:31:07.999,107249.3,0.012,1286.9916
2025-10-18 01:31:08.000,107249.3,0.012,1286.9916
2025-10-18 01:31:08.079,107249.3,0.012,1286.9916
2025-10-18 01:31:08.155,107243.12,1e-05,1.0724312
2025-10-18 01:31:08.156,107243.12,0.00014,15.014036799999998
2025-10-18 01:31:08.207,107242.34,0.00092,98.6629528
2025-10-18 01:31:08.209,107242.34,0.00588,630.5849592
2025-10-18 01:31:08.214,107242.34,0.01716,1840.2785544
2025-10-18 01:31:08.327,107242.35,0.00022,23.593317000000003
2025-10-18 01:31:08.831,107242.35,0.00025,26.8105875
2025-10-18 01:31:08.833,107242.34,0.01406,1507.8273004
2025-10-18 01:31:09.090,107242.34,0.001,107.24234
2025-10-18 01:31:09.091,107242.34,0.001,107.24234
2025-10-18 01:31:09.092,107242.34,0.001,107.24234
2025-10-18 01:31:09.304,107242.35,0.00078,83.649033
2025-10-18 01:31:09.375,107242.35,0.00029,31.1002815
2025-10-18 01:31:09.566,107242.34,0.00173,185.52924819999998
2025-10-18 01:31:09.583,107242.35,0.10021,10746.7558935
2025-10-18 01:31:09.701,107242.34,0.012,1286.90808
2025-10-18 01:31:09.703,107242.34,0.012,1286.90808
2025-10-18 01:31:09.800,107242.34,0.00318,341.0306412
2025-10-18 01:31:10.670,107242.35,0.05592,5996.992212
2025-10-18 01:31:11.732,107242.35,7e-05,7.5069645
2025-10-18 01:31:12.488,107242.34,6e-05,6.4345404
2025-10-18 01:31:12.572,107242.35,0.00021,22.520893500000003
2025-10-18 01:31:12.680,107242.35,0.00019,20.3760465
2025-10-18 01:31:12.884,107242.34,0.00021,22.5208914
2025-10-18 01:31:13.183,107242.34,7e-05,7.506963799999999
2025-10-18 01:31:13.396,107242.35,0.00094,100.807809
2025-10-18 01:31:13.782,107242.35,0.02625,2815.1116875000002
2025-10-18 01:31:13.906,107242.34,7e-05,7.506963799999999
2025-10-18 01:31:13.914,107242.34,0.00995,1067.061283
2025-10-18 01:31:13.959,107242.35,0.00559,599.4847365
2025-10-18 01:31:14.234,107242.34,0.012,1286.90808
2025-10-18 01:31:14.236,107242.34,0.012,1286.90808
2025-10-18 01:31:14.376,107242.35,0.00022,23.593317000000003
2025-10-18 01:31:15.057,107242.34,0.00317,339.9582178
2025-10-18 01:31:16.401,107242.35,0.00026,27.883011
2025-10-18 01:31:16.489,107242.35,0.028,3002.7858
2025-10-18 01:31:16.576,107242.34,8e-05,8.579387200000001
2025-10-18 01:31:16.660,107242.35,0.00051,54.69359850000001
2025-10-18 01:31:16.669,107242.35,0.00466,499.74935100000005
2025-10-18 01:31:16.951,107242.35,1.14314,122593.019979
2025-10-18 01:31:17.171,107242.35,0.00024,25.738164
2025-10-18 01:31:17.190,107242.34,0.006,643.45404
2025-10-18 01:31:17.560,107242.35,0.00094,100.807809
2025-10-18 01:31:17.672,107241.27,0.00015,16.0861905
2025-10-18 01:31:17.674,107226.31,0.096,10293.72576
2025-10-18 01:31:17.675,107216.0,0.0028,300.2048
2025-10-18 01:31:17.676,107211.39,0.0025,268.028475
2025-10-18 01:31:17.677,107210.5,5e-05,5.360525
2025-10-18 01:31:17.678,107207.1,0.0025,268.01775000000004
2025-10-18 01:31:17.680,107200.97,0.00933,1000.1850501
2025-10-18 01:31:17.682,107198.53,0.00094,100.7666182
2025-10-18 01:31:17.683,107198.53,0.06295,6748.1474635
2025-10-18 01:31:17.688,107198.53,0.03912,4193.6064936
2025-10-18 01:31:17.692,107210.41,0.00028,30.018914799999997
2025-10-18 01:31:17.695,107199.04,0.01854,1987.4702015999999
2025-10-18 01:31:17.698,107200.8,4e-05,4.288032
2025-10-18 01:31:17.700,107198.53,0.0541,5799.440473000001
2025-10-18 01:31:17.708,107196.0,0.0028,300.1488
2025-10-18 01:31:17.709,107198.53,5e-05,5.3599265
2025-10-18 01:31:17.712,107198.53,5e-05,5.3599265
2025-10-18 01:31:17.715,107194.15,0.02052,2199.6239579999997
2025-10-18 01:31:17.717,107193.39,7e-05,7.5035373
2025-10-18 01:31:17.718,107193.05,0.01126,1206.993743
2025-10-18 01:31:17.732,107192.6,0.00036,38.589336
2025-10-18 01:31:17.736,107188.33,0.012,1286.25996
2025-10-18 01:31:17.742,107188.33,0.02181,2337.7774773
2025-10-18 01:31:17.747,107188.33,0.06061,6496.6846813
2025-10-18 01:31:17.748,107188.33,0.04664,4999.2637112
2025-10-18 01:31:17.752,107188.33,0.00933,1000.0671189
2025-10-18 01:31:17.786,107188.33,0.012,1286.25996
2025-10-18 01:31:17.787,107188.33,0.04441,4760.2337353
2025-10-18 01:31:17.805,107188.33,0.00933,1000.0671189
2025-10-18 01:31:17.807,107188.33,6e-05,6.431299800000001
2025-10-18 01:31:17.823,107188.33,0.00552,591.6795816
2025-10-18 01:31:17.829,107188.33,0.00933,1000.0671189
2025-10-18 01:31:17.831,107188.33,0.0007,75.031831
2025-10-18 01:31:17.839,107188.33,0.00596,638.8424468000001
2025-10-18 01:31:17.885,107188.33,0.00337,361.2246721
2025-10-18 01:31:17.907,107188.33,0.0007,75.031831
2025-10-18 01:31:17.924,107188.33,0.00195,209.0172435
2025-10-18 01:31:17.942,107181.36,0.00265,284.030604
2025-10-18 01:31:17.944,107172.88,0.0983,10535.094104
2025-10-18 01:31:17.945,107172.88,0.0225,2411.3898
2025-10-18 01:31:17.955,107172.88,0.00434,465.1302992
2025-10-18 01:31:17.996,107172.88,0.02,2143.4576
2025-10-18 01:31:17.998,107172.88,0.00933,999.9229704
2025-10-18 01:31:18.004,107174.01,0.002,214.34802
2025-10-18 01:31:18.049,107172.89,0.0006,64.30373399999999
2025-10-18 01:31:18.085,107172.89,0.00023,24.649764700000002
2025-10-18 01:31:18.099,107172.89,0.02,2143.4578
2025-10-18 01:31:18.121,107172.89,1.19563,128139.1224707
2025-10-18 01:31:18.591,107172.88,0.00011,11.7890168
2025-10-18 01:31:18.595,107172.89,0.81689,87548.4621121
2025-10-18 01:31:18.597,107172.89,0.01499,1606.5216211
2025-10-18 01:31:18.602,107172.89,0.0796,8530.962044
2025-10-18 01:31:18.603,107173.0,0.0007,75.0211
2025-10-18 01:31:18.605,107173.0,0.0004,42.8692
2025-10-18 01:31:18.703,107173.01,0.13448,14412.626384799998
2025-10-18 01:31:18.707,107173.01,0.00025,26.793252499999998
2025-10-18 01:31:18.712,107176.54,0.00025,26.794135
2025-10-18 01:31:18.740,107183.62,0.0001,10.718362
2025-10-18 01:31:18.890,107187.25,0.00093,99.68414250000001
2025-10-18 01:31:18.916,107187.26,0.00093,99.6841518
2025-10-18 01:31:18.994,107187.25,0.00093,99.68414250000001
2025-10-18 01:31:19.110,107187.26,0.00028,30.012432799999996
2025-10-18 01:31:19.332,107187.25,0.012,1286.247
2025-10-18 01:31:19.334,107187.25,0.012,1286.247
2025-10-18 01:31:19.376,107187.26,0.00018,19.2937068
2025-10-18 01:31:19.792,107187.25,0.24446,26202.995135
2025-10-18 01:31:19.794,107187.25,0.12112,12982.51972
2025-10-18 01:31:19.823,107187.25,0.08713,9339.2250925
2025-10-18 01:31:19.858,107187.25,0.07672,8223.40582
2025-10-18 01:31:19.903,107187.25,0.11387,12205.412157499999
2025-10-18 01:31:19.940,107187.25,0.00202,216.518245
2025-10-18 01:31:19.942,107187.25,0.09264,9929.82684
2025-10-18 01:31:19.972,107187.25,0.08099,8681.0953775
2025-10-18 01:31:20.010,107187.25,0.07436,7970.44391
2025-10-18 01:31:20.048,107187.25,0.08201,8790.4263725
2025-10-18 01:31:20.051,107187.25,0.00037,39.659282499999996
2025-10-18 01:31:20.098,107187.24,0.03803,4076.3307372000004
2025-10-18 01:31:20.101,107187.09,0.0011,117.905799
2025-10-18 01:31:20.105,107187.09,0.0002,21.437418
2025-10-18 01:31:20.110,107187.09,0.00135,144.7025715
2025-10-18 01:31:20.205,107187.08,0.00019,20.3655452
2025-10-18 01:31:20.206,107187.08,0.00116,124.3370128
2025-10-18 01:31:20.207,107187.07,0.00074,79.3184318
2025-10-18 01:31:20.208,107187.07,0.0002,21.437414000000004
2025-10-18 01:31:20.215,107187.07,0.00196,210.08665720000002
2025-10-18 01:31:20.405,107187.06,0.012,1286.24472
2025-10-18 01:31:20.406,107187.06,0.012,1286.24472
2025-10-18 01:31:20.407,107187.06,0.012,1286.24472
2025-10-18 01:31:20.562,107187.06,0.00256,274.3988736
2025-10-18 01:31:20.598,107187.06,0.00194,207.9428964
2025-10-18 01:31:20.732,107187.06,0.002,214.37412
2025-10-18 01:31:20.733,107187.07,0.00027,28.9405089
2025-10-18 01:31:20.777,107187.06,0.00253,271.1832618
2025-10-18 01:31:21.032,107187.06,0.012,1286.24472
2025-10-18 01:31:21.034,107187.05,0.012,1286.2446
2025-10-18 01:31:21.041,107187.05,0.00707,757.8124435
2025-10-18 01:31:21.043,107187.05,0.00257,275.4707185
2025-10-18 01:31:21.111,107186.9,0.00692,741.733348
2025-10-18 01:31:21.115,107186.89,0.00338,362.2916882
2025-10-18 01:31:21.147,107186.88,0.00391,419.1007008
2025-10-18 01:31:21.179,107186.87,0.00319,341.9261153
2025-10-18 01:31:21.183,107181.7,0.0002,21.43634
2025-10-18 01:31:21.392,107180.85,0.012,1286.1702
2025-10-18 01:31:21.397,107180.81,0.0001,10.718081
2025-10-18 01:31:21.399,107180.81,0.0001,10.718081
2025-10-18 01:31:21.415,107177.07,0.0013,139.330191
2025-10-18 01:31:21.420,107176.54,0.00253,271.1566462
2025-10-18 01:31:21.579,107176.55,0.00723,774.8864565
2025-10-18 01:31:21.626,107176.55,0.07641,8189.360185500001
2025-10-18 01:31:21.634,107176.54,0.00253,271.1566462
2025-10-18 01:31:21.655,107176.54,0.004,428.70616
2025-10-18 01:31:21.657,107176.54,0.004,428.70616
2025-10-18 01:31:21.691,107176.54,0.004,428.70616
2025-10-18 01:31:21.819,107176.54,0.00361,386.9073094
2025-10-18 01:31:21.849,107176.54,0.00253,271.1566462
2025-10-18 01:31:21.865,107176.54,0.00428,458.71559119999995
2025-10-18 01:31:21.871,107172.78,0.00327,350.4549906
2025-10-18 01:31:21.879,107172.78,0.012,1286.07336
2025-10-18 01:31:21.883,107172.78,0.012,1286.07336
2025-10-18 01:31:22.063,107172.78,0.00253,271.14713340000003
2025-10-18 01:31:22.116,107172.78,0.005,535.8639000000001
2025-10-18 01:31:22.342,107172.78,0.012,1286.07336
2025-10-18 01:31:22.344,107172.78,0.012,1286.07336
2025-10-18 01:31:22.787,107172.76,0.0002,21.434552
2025-10-18 01:31:22.789,107172.0,0.00371,397.60812000000004
2025-10-18 01:31:22.794,107171.44,0.00492,527.2834848
2025-10-18 01:31:23.290,107171.44,0.012,1286.05728
2025-10-18 01:31:23.291,107171.44,0.012,1286.05728
2025-10-18 01:31:23.293,107171.44,0.012,1286.05728
2025-10-18 01:31:23.294,107171.44,0.00102,109.31486880000001
2025-10-18 01:31:23.942,107171.44,0.00082,87.8805808
2025-10-18 01:31:24.056,107171.45,0.32463,34791.0678135
2025-10-18 01:31:24.140,107171.45,0.022,2357.7718999999997
2025-10-18 01:31:24.145,107171.45,0.00305,326.8729225
2025-10-18 01:31:24.150,107171.46,0.0015,160.75719
2025-10-18 01:31:24.170,107172.05,0.0002,21.434410000000003
2025-10-18 01:31:24.173,107172.77,0.0001,10.717277000000001
2025-10-18 01:31:24.177,107172.77,0.00095,101.8141315
2025-10-18 01:31:24.178,107175.73,0.00388,415.8418324
2025-10-18 01:31:24.191,107180.77,0.004,428.72308000000004
2025-10-18 01:31:24.204,107180.77,0.002,214.36154000000002
2025-10-18 01:31:24.218,107180.77,0.00259,277.5981943
2025-10-18 01:31:24.268,107184.0,0.02368,2538.11712
2025-10-18 01:31:24.506,107183.99,0.00349,374.07212510000005
2025-10-18 01:31:24.604,107183.99,0.02967,3180.1489833
2025-10-18 01:31:25.170,107183.99,0.00601,644.1757799
2025-10-18 01:31:25.598,107184.0,0.00072,77.17248000000001
2025-10-18 01:31:26.317,107184.0,0.00059,63.23856
2025-10-18 01:31:26.576,107183.99,9e-05,9.646559100000001
2025-10-18 01:31:26.577,107183.99,1.7213,184495.801987
2025-10-18 01:31:26.579,107184.0,0.002,214.368
2025-10-18 01:31:26.662,107184.0,0.00014,15.005759999999999
2025-10-18 01:31:27.091,107183.99,0.0273,2926.1229270000003
2025-10-18 01:31:27.093,107182.41,0.0007,75.027687
2025-10-18 01:31:27.116,107170.99,5e-05,5.3585495000000005
2025-10-18 01:31:27.228,107166.24,0.00559,599.0592816000001
2025-10-18 01:31:27.731,107166.24,0.00099,106.09457760000001
2025-10-18 01:31:27.760,107166.23,7e-05,7.501636099999999
2025-10-18 01:31:27.946,107166.23,0.012,1285.99476
2025-10-18 01:31:27.947,107166.23,0.012,1285.99476
2025-10-18 01:31:27.948,107166.23,0.012,1285.99476
2025-10-18 01:31:27.957,107166.24,0.0006,64.299744
2025-10-18 01:31:27.985,107166.24,0.00085,91.091304
2025-10-18 01:31:28.319,107166.24,0.00217,232.55074080000003
2025-10-18 01:31:28.383,107166.23,0.012,1285.99476
2025-10-18 01:31:28.385,107166.23,0.012,1285.99476
2025-10-18 01:31:28.386,107166.23,0.012,1285.99476
2025-10-18 01:31:28.430,107166.23,0.012,1285.99476
2025-10-18 01:31:28.431,107166.23,0.012,1285.99476
2025-10-18 01:31:28.432,107166.23,0.012,1285.99476
2025-10-18 01:31:28.812,107166.24,0.00067,71.8013808
2025-10-18 01:31:29.424,107166.24,0.01283,1374.9428592
2025-10-18 01:31:29.577,107166.23,0.00485,519.7562154999999
2025-10-18 01:31:29.610,107166.24,0.00062,66.4430688
2025-10-18 01:31:30.184,107166.24,0.00932,998.7893568000001
2025-10-18 01:31:30.253,107166.24,0.0007,75.016368
2025-10-18 01:31:30.440,107166.24,0.00046,49.296470400000004
2025-10-18 01:31:30.492,107166.24,0.0007,75.016368
2025-10-18 01:31:30.852,107166.24,0.00107,114.6678768
2025-10-18 01:31:31.215,107161.65,0.00025,26.7904125
2025-10-18 01:31:31.251,107161.64,0.00188,201.4638832
2025-10-18 01:31:31.382,107161.64,0.012,1285.93968
2025-10-18 01:31:31.393,107161.64,0.012,1285.93968
2025-10-18 01:31:31.558,107161.64,0.012,1285.93968
2025-10-18 01:31:32.079,107161.65,0.0001,10.716165
2025-10-18 01:31:32.116,107161.65,0.00025,26.7904125
2025-10-18 01:31:32.547,107161.65,0.0006,64.29699
2025-10-18 01:31:32.548,107161.64,0.012,1285.93968
2025-10-18 01:31:32.549,107161.64,0.012,1285.93968
2025-10-18 01:31:32.550,107161.64,0.012,1285.93968
2025-10-18 01:31:32.703,107161.64,0.00848,908.7307072
2025-10-18 01:31:33.589,107161.64,0.012,1285.93968
2025-10-18 01:31:33.591,107161.64,0.012,1285.93968
2025-10-18 01:31:34.129,107161.65,0.08712,9335.922948
2025-10-18 01:31:34.143,107161.65,0.00069,73.9415385
2025-10-18 01:31:34.491,107161.65,0.01029,1102.6933785
2025-10-18 01:31:34.578,107161.64,0.012,1285.93968
2025-10-18 01:31:34.580,107161.64,0.012,1285.93968
2025-10-18 01:31:34.582,107161.64,0.012,1285.93968
2025-10-18 01:31:34.607,107161.65,0.04988,5345.223102
2025-10-18 01:31:35.106,107161.65,0.00093,99.6603345
2025-10-18 01:31:35.154,107161.65,0.00051,54.6524415
2025-10-18 01:31:35.155,107161.64,0.0124,1328.804336
2025-10-18 01:31:35.586,107161.64,0.00615,659.044086
2025-10-18 01:31:35.604,107158.2,0.012,1285.8984
2025-10-18 01:31:35.605,107158.2,0.012,1285.8984
2025-10-18 01:31:35.608,107158.2,0.012,1285.8984
2025-10-18 01:31:35.919,107158.21,0.00018,19.288477800000003
2025-10-18 01:31:36.093,107158.21,0.0002,21.431642000000004
2025-10-18 01:31:36.232,107158.2,0.00045,48.22119
2025-10-18 01:31:36.729,107158.2,0.012,1285.8984
2025-10-18 01:31:36.731,107158.2,0.012,1285.8984
2025-10-18 01:31:36.958,107158.21,0.00466,499.3572586
2025-10-18 01:31:37.028,107158.2,0.012,1285.8984
2025-10-18 01:31:37.029,107158.2,0.012,1285.8984
2025-10-18 01:31:37.030,107158.2,0.012,1285.8984
2025-10-18 01:31:37.494,107158.21,0.00073,78.2254933
2025-10-18 01:31:37.539,107158.21,0.08656,9275.614657600001
2025-10-18 01:31:37.621,107158.21,0.00119,127.51826990000002
2025-10-18 01:31:38.026,107158.2,0.00011,11.787402
2025-10-18 01:31:38.201,107158.21,6e-05,6.429492600000001
2025-10-18 01:31:38.493,107158.21,0.0103,1103.729563
2025-10-18 01:31:38.562,107158.2,0.012,1285.8984
2025-10-18 01:31:38.563,107158.2,0.012,1285.8984
2025-10-18 01:31:38.564,107158.2,0.012,1285.8984
2025-10-18 01:31:38.771,107158.2,0.012,1285.8984
2025-10-18 01:31:38.774,107158.2,0.012,1285.8984
2025-10-18 01:31:38.873,107158.21,0.0042,450.064482
2025-10-18 01:31:39.027,107158.21,0.0003,32.147463
2025-10-18 01:31:39.028,107158.21,0.0003,32.147463
2025-10-18 01:31:39.057,107158.21,0.03587,3843.7649927
2025-10-18 01:31:39.455,107158.2,0.00469,502.57195799999994
2025-10-18 01:31:39.462,107157.99,0.00265,283.9686735
2025-10-18 01:31:39.489,107157.98,0.012,1285.8957599999999
2025-10-18 01:31:39.501,107157.99,0.00039,41.7916161
2025-10-18 01:31:39.508,107157.98,0.012,1285.8957599999999
2025-10-18 01:31:39.708,107157.99,0.00123,131.80432770000002
2025-10-18 01:31:39.756,107157.99,0.00344,368.6234856
2025-10-18 01:31:39.774,107158.0,0.0012,128.5896
2025-10-18 01:31:39.783,107161.88,0.0001,10.716188
2025-10-18 01:31:39.873,107161.88,0.04728,5066.613686400001
2025-10-18 01:31:40.361,107161.88,0.01269,1359.8842572
2025-10-18 01:31:40.479,107161.89,0.00559,599.0349651
2025-10-18 01:31:40.500,107161.89,6e-05,6.4297134
2025-10-18 01:31:41.345,107161.88,0.00158,169.31577040000002
2025-10-18 01:31:41.424,107161.89,0.00078,83.58627419999999
2025-10-18 01:31:41.473,107161.89,0.00133,142.5253137
2025-10-18 01:31:41.831,107161.89,0.038,4072.15182
2025-10-18 01:31:42.019,107161.89,0.00261,279.6925329
2025-10-18 01:31:42.713,107161.89,0.00039,41.793137099999996
2025-10-18 01:31:43.035,107161.88,0.00481,515.4486428
2025-10-18 01:31:43.417,107161.89,0.00062,66.4403718
2025-10-18 01:31:43.756,107161.89,0.00028,30.0053292
2025-10-18 01:31:43.853,107161.88,0.04578,4905.8708664000005
2025-10-18 01:31:44.683,107161.89,4e-05,4.2864756
2025-10-18 01:31:44.772,107161.89,0.00463,496.15955069999995
2025-10-18 01:31:44.793,107161.89,0.00113,121.0929357
2025-10-18 01:31:45.776,107161.88,0.00088,94.3024544
2025-10-18 01:31:46.457,107161.89,0.00014,15.0026646
2025-10-18 01:31:46.512,107161.88,8e-05,8.572950400000002
2025-10-18 01:31:46.585,107161.89,6e-05,6.4297134
2025-10-18 01:31:46.911,107161.89,0.00581,622.6105809000001
2025-10-18 01:31:47.732,107161.89,0.01009,1081.2634701
2025-10-18 01:31:47.900,107161.89,0.00203,217.5386367
2025-10-18 01:31:48.013,107161.88,6e-05,6.429712800000001
2025-10-18 01:31:48.368,107161.89,4e-05,4.2864756
2025-10-18 01:31:48.475,107161.89,0.00047,50.3660883
2025-10-18 01:31:48.647,107161.89,0.00191,204.6792099
2025-10-18 01:31:49.081,107161.88,0.00018,19.289138400000002
2025-10-18 01:31:49.332,107161.89,0.001,107.16189
2025-10-18 01:31:49.582,107161.89,0.0004,42.864756
2025-10-18 01:31:50.182,107161.89,0.0001,10.716189
2025-10-18 01:31:50.340,107161.88,9e-05,9.644569200000001
2025-10-18 01:31:50.651,107161.89,0.00741,794.0696049
2025-10-18 01:31:50.923,107161.89,0.00122,130.73750579999998
2025-10-18 01:31:51.430,107161.89,0.01866,1999.6408674
2025-10-18 01:31:51.703,107161.89,0.00047,50.3660883
2025-10-18 01:31:52.368,107161.88,5e-05,5.358094
2025-10-18 01:31:52.594,107161.88,6e-05,6.429712800000001
2025-10-18 01:31:53.740,107161.89,0.00559,599.0349651
2025-10-18 01:31:54.342,107165.5,6e-05,6.429930000000001
2025-10-18 01:31:54.346,107165.93,0.028,3000.64604
2025-10-18 01:31:55.882,107165.92,0.00478,512.2530976
2025-10-18 01:31:56.259,107165.93,0.01652,1770.3811635999998
2025-10-18 01:31:56.464,107165.93,0.00082,87.8760626
2025-10-18 01:31:57.411,107165.92,0.00011,11.7882512
2025-10-18 01:31:58.061,107165.92,0.00039,41.794708799999995
2025-10-18 01:32:00.069,107165.93,0.00173,185.3970589
2025-10-18 01:32:00.315,107159.57,5e-05,5.357978500000001
2025-10-18 01:32:00.447,107159.26,0.012,1285.91112
2025-10-18 01:32:00.449,107159.1,0.0009,96.44319
2025-10-18 01:32:00.457,107159.0,0.0098,1050.1582
2025-10-18 01:32:00.459,107159.01,0.00012,12.8590812
2025-10-18 01:32:00.642,107159.01,7e-05,7.501130699999999
2025-10-18 01:32:00.865,107159.0,0.00046,49.29314
2025-10-18 01:32:01.590,107159.0,0.00037,39.64883
2025-10-18 01:32:01.653,107159.0,0.00141,151.09419
2025-10-18 01:32:02.135,107159.0,0.00933,999.79347
2025-10-18 01:32:02.277,107159.0,0.00956,1024.4400400000002
2025-10-18 01:32:02.285,107159.0,0.009,964.4309999999999
2025-10-18 01:32:02.292,107159.0,0.0195,2089.6005
2025-10-18 01:32:03.222,107159.0,6e-05,6.42954
2025-10-18 01:32:03.431,107159.01,0.0005,53.579505
2025-10-18 01:32:03.580,107159.01,0.00049,52.507914899999996
2025-10-18 01:32:03.676,107158.98,0.0002,21.431796
2025-10-18 01:32:03.677,107158.21,0.00015,16.0737315
2025-10-18 01:32:03.681,107157.5,0.0007,75.01025
2025-10-18 01:32:03.682,107156.14,0.00015,16.073421
2025-10-18 01:32:03.695,107156.13,0.00282,302.1802866
2025-10-18 01:32:03.707,107156.12,0.012,1285.87344
2025-10-18 01:32:03.710,107154.0,0.00093,99.65322
2025-10-18 01:32:03.712,107153.6,5e-05,5.35768
2025-10-18 01:32:03.723,107152.0,0.0046,492.8992
2025-10-18 01:32:03.731,107152.0,0.0149,1596.5648
2025-10-18 01:32:04.519,107152.01,0.00092,98.5798492
2025-10-18 01:32:05.495,107152.01,0.0041,439.323241
2025-10-18 01:32:05.784,107152.01,0.02,2143.0402
2025-10-18 01:32:06.537,107152.0,0.00057,61.07664
2025-10-18 01:32:06.576,107152.0,8e-05,8.57216
2025-10-18 01:32:06.612,107152.0,8e-05,8.57216
2025-10-18 01:32:06.683,107152.01,0.008,857.2160799999999
2025-10-18 01:32:06.693,107152.01,0.002,214.30401999999998
2025-10-18 01:32:06.830,107152.01,0.08727,9351.1559127
2025-10-18 01:32:06.836,107152.01,0.00081,86.79312809999999
2025-10-18 01:32:06.909,107157.85,0.00015,16.0736775
2025-10-18 01:32:06.920,107159.99,0.028,3000.4797200000003
2025-10-18 01:32:07.017,107159.99,0.00559,599.0243441000001
2025-10-18 01:32:07.236,107159.99,0.00019,20.3603981
2025-10-18 01:32:07.506,107159.98,0.00011,11.7875978
2025-10-18 01:32:08.052,107159.99,0.00102,109.30318980000001
2025-10-18 01:32:08.078,107159.99,0.00049,52.5083951
2025-10-18 01:32:08.516,107159.99,0.00106,113.58958940000001
2025-10-18 01:32:09.301,107159.99,0.02998,3212.6565002
2025-10-18 01:32:09.386,107159.98,0.001,107.15998
2025-10-18 01:32:09.551,107159.99,0.00211,226.1075789
2025-10-18 01:32:09.719,107160.49,0.00015,16.0740735
2025-10-18 01:32:09.766,107162.72,0.0006,64.297632
2025-10-18 01:32:09.830,107169.76,0.00015,16.075463999999997
2025-10-18 01:32:10.023,107169.77,0.00023,24.6490471
2025-10-18 01:32:10.072,107169.77,0.01556,1667.5616212
2025-10-18 01:32:10.073,107169.76,0.00122,130.7471072
2025-10-18 01:32:10.215,107169.77,0.0016,171.47163200000003
2025-10-18 01:32:10.248,107170.7,0.00573,614.0881109999999
2025-10-18 01:32:10.250,107170.7,0.00289,309.723323
2025-10-18 01:32:10.410,107170.7,0.00085,91.09509499999999
2025-10-18 01:32:10.476,107172.0,0.00101,108.24372000000001
2025-10-18 01:32:10.477,107175.84,0.0001,10.717584
2025-10-18 01:32:10.500,107176.05,0.0002,21.43521
2025-10-18 01:32:11.315,107181.75,6e-05,6.430905
2025-10-18 01:32:11.374,107186.75,0.01,1071.8675
2025-10-18 01:32:11.717,107186.74,0.00498,533.7899652
2025-10-18 01:32:11.813,107186.75,0.00053,56.8089775
2025-10-18 01:32:12.182,107186.75,0.0007,75.030725
2025-10-18 01:32:12.413,107186.74,0.00015,16.078011
2025-10-18 01:32:12.475,107186.75,0.00018,19.293615000000003
2025-10-18 01:32:12.671,107186.75,0.00023,24.6529525
2025-10-18 01:32:13.044,107186.74,0.009,964.68066
2025-10-18 01:32:13.742,107186.74,0.00048,51.4496352
2025-10-18 01:32:13.924,107186.74,0.04545,4871.637333
2025-10-18 01:32:13.925,107180.0,5e-05,5.359
2025-10-18 01:32:13.932,107179.25,0.0001,10.717925000000001
2025-10-18 01:32:13.933,107179.25,0.0001,10.717925000000001
2025-10-18 01:32:13.934,107179.25,0.04416,4733.03568
2025-10-18 01:32:13.939,107179.25,0.00326,349.404355
2025-10-18 01:32:13.962,107179.26,0.01698,1819.9038347999997
2025-10-18 01:32:13.963,107179.25,0.0003,32.153774999999996
2025-10-18 01:32:14.090,107179.26,0.00325,348.33259499999997
2025-10-18 01:32:14.311,107179.26,0.028,3001.01928
2025-10-18 01:32:14.954,107179.26,0.00012,12.861511199999999
2025-10-18 01:32:15.144,107179.26,7e-05,7.502548199999999
2025-10-18 01:32:15.512,107179.25,0.012,1286.151
2025-10-18 01:32:15.513,107179.25,0.012,1286.151
2025-10-18 01:32:15.514,107179.25,0.012,1286.151
2025-10-18 01:32:15.659,107179.26,0.00079,84.6716154
2025-10-18 01:32:15.678,107179.26,0.00933,999.9824957999999
2025-10-18 01:32:16.090,107179.26,0.00308,330.11212079999996
2025-10-18 01:32:16.142,107179.26,0.00103,110.39463780000001
2025-10-18 01:32:16.491,107179.26,0.00019,20.3640594
2025-10-18 01:32:16.510,107179.26,0.00134,143.6202084
2025-10-18 01:32:16.534,107179.25,0.012,1286.151
2025-10-18 01:32:16.535,107179.25,0.012,1286.151
2025-10-18 01:32:16.634,107179.26,0.00141,151.1227566
2025-10-18 01:32:16.684,107179.26,8e-05,8.5743408
2025-10-18 01:32:16.732,107179.25,0.00065,69.6665125
2025-10-18 01:32:17.018,107179.26,0.00019,20.3640594
2025-10-18 01:32:17.281,107179.25,0.00467,500.52709749999997
2025-10-18 01:32:17.287,107179.25,0.01367,1465.1403475
2025-10-18 01:32:17.543,107179.26,0.00094,100.74850439999999
2025-10-18 01:32:17.637,107179.26,0.00014,15.005096399999998
2025-10-18 01:32:18.039,107179.26,0.00016,17.1486816
2025-10-18 01:32:18.562,107179.26,0.74637,79995.38428619999
2025-10-18 01:32:18.890,107179.24,0.00045,48.230658
2025-10-18 01:32:18.891,107179.24,0.012,1286.1508800000001
2025-10-18 01:32:18.898,107176.8,5e-05,5.358840000000001
2025-10-18 01:32:18.900,107174.97,0.00388,415.83888360000003
2025-10-18 01:32:19.738,107172.78,0.00015,16.075916999999997
2025-10-18 01:32:19.741,107172.36,0.0003,32.151708
2025-10-18 01:32:19.745,107169.76,0.00855,916.3014479999999
2025-10-18 01:32:19.749,107165.62,0.00015,16.074842999999998
2025-10-18 01:32:19.752,107165.61,0.00036,38.5796196
2025-10-18 01:32:20.038,107165.62,0.00787,843.3934294
2025-10-18 01:32:20.328,107165.62,0.00559,599.0558158
2025-10-18 01:32:20.410,107165.61,0.00018,19.2898098
2025-10-18 01:32:20.681,107165.61,0.012,1285.98732
2025-10-18 01:32:20.762,107165.62,0.01209,1295.6323458
2025-10-18 01:32:20.771,107165.62,0.00494,529.3981628
2025-10-18 01:32:21.059,107165.61,0.012,1285.98732
2025-10-18 01:32:21.139,107165.62,0.00186,199.3280532
2025-10-18 01:32:21.164,107165.61,0.00016,17.1464976
2025-10-18 01:32:21.346,107165.62,0.00744,797.3122128
2025-10-18 01:32:21.458,107165.61,0.01,1071.6561
2025-10-18 01:32:21.472,107165.61,0.012,1285.98732
2025-10-18 01:32:21.591,107165.61,0.00016,17.1464976
2025-10-18 01:32:21.949,107165.62,0.02416,2589.1213792
2025-10-18 01:32:22.017,107165.61,8e-05,8.5732488
2025-10-18 01:32:22.045,107165.61,0.00995,1066.2978195
2025-10-18 01:32:22.519,107165.62,0.02391,2562.3299742
2025-10-18 01:32:23.101,107165.62,0.00504,540.1147248
2025-10-18 01:32:24.232,107165.61,0.00053,56.797773299999996
2025-10-18 01:32:24.446,107165.62,0.01445,1548.543209
2025-10-18 01:32:24.530,107165.62,0.4442,47602.968404
2025-10-18 01:32:24.542,107165.62,0.0013,139.315306
2025-10-18 01:32:24.544,107165.62,0.04417,4733.505435399999
2025-10-18 01:32:24.600,107173.22,0.00015,16.075982999999997
2025-10-18 01:32:24.821,107173.22,0.01093,1171.4032946
2025-10-18 01:32:25.159,107173.22,0.00535,573.376727
2025-10-18 01:32:26.253,107173.22,8e-05,8.5738576
2025-10-18 01:32:26.605,107173.23,0.00061,65.3756703
2025-10-18 01:32:26.873,107173.23,0.02338,2505.7101174
2025-10-18 01:32:27.001,107173.23,0.00102,109.3166946
2025-10-18 01:32:27.222,107173.23,0.02924,3133.7452451999998
2025-10-18 01:32:27.671,107173.23,0.00074,79.3081902
2025-10-18 01:32:27.712,107173.23,0.00279,299.0133117
2025-10-18 01:32:27.745,107173.23,0.00466,499.42725179999996
2025-10-18 01:32:28.024,107173.22,8e-05,8.5738576
2025-10-18 01:32:28.593,107173.22,0.00261,279.7221042
2025-10-18 01:32:29.383,107173.22,0.02814,3015.8544107999996
2025-10-18 01:32:29.469,107173.23,0.00055,58.9452765
2025-10-18 01:32:29.538,107173.23,4e-05,4.2869292
2025-10-18 01:32:30.625,107173.23,0.02999,3214.1251677
2025-10-18 01:32:31.381,107173.23,0.04988,5345.8007124
2025-10-18 01:32:31.857,107173.23,0.0004,42.869292
2025-10-18 01:32:32.189,107173.23,0.00093,99.6711039
2025-10-18 01:32:32.499,107173.22,0.0011,117.89054200000001
2025-10-18 01:32:32.797,107173.23,0.00027,28.9367721
2025-10-18 01:32:32.925,107173.22,0.00068,72.8777896
2025-10-18 01:32:33.639,107173.23,0.00559,599.0983557000001
2025-10-18 01:32:33.679,107173.22,0.00939,1006.3565358000001
2025-10-18 01:32:34.085,107173.23,0.00846,906.6855258
2025-10-18 01:32:34.785,107173.23,0.00023,24.6498429
2025-10-18 01:32:34.914,107173.22,0.00128,137.1817216
2025-10-18 01:32:34.960,107173.23,0.028,3000.85044
2025-10-18 01:32:34.965,107173.23,0.028,3000.85044
2025-10-18 01:32:35.769,107173.23,0.00032,34.2954336
2025-10-18 01:32:36.082,107173.22,0.00046,49.2996812
2025-10-18 01:32:36.557,107173.23,0.00083,88.9537809
2025-10-18 01:32:36.630,107173.22,0.00046,49.2996812
2025-10-18 01:32:36.632,107173.23,0.00051,54.6583473
2025-10-18 01:32:37.266,107173.22,0.009,964.5589799999999
2025-10-18 01:32:37.272,107173.22,0.009,964.5589799999999
2025-10-18 01:32:37.557,107173.23,0.00064,68.5908672
2025-10-18 01:32:37.661,107173.23,0.00094,100.7428362
2025-10-18 01:32:38.054,107173.23,0.00081,86.8103163
2025-10-18 01:32:38.362,107173.23,0.00017,18.219449100000002
2025-10-18 01:32:39.434,107173.22,0.00094,100.7428268
2025-10-18 01:32:39.770,107173.22,0.009,964.5589799999999
2025-10-18 01:32:39.778,107173.22,0.009,964.5589799999999
2025-10-18 01:32:39.874,107173.22,0.00011,11.7890542
2025-10-18 01:32:40.525,107173.23,0.001,107.17323
2025-10-18 01:32:40.581,107174.67,0.00259,277.5823953
2025-10-18 01:32:40.599,107174.88,0.0013,139.327344
2025-10-18 01:32:40.601,107176.34,0.00345,369.758373
2025-10-18 01:32:40.607,107177.15,0.0009,96.459435
2025-10-18 01:32:40.631,107177.16,0.0013,139.330308
2025-10-18 01:32:40.641,107183.57,0.01533,1643.1241281
2025-10-18 01:32:40.648,107185.14,0.01915,2052.595431
2025-10-18 01:32:40.812,107185.13,5e-05,5.359256500000001
2025-10-18 01:32:40.840,107185.13,0.00118,126.4784534
2025-10-18 01:32:41.240,107185.13,8e-05,8.5748104
2025-10-18 01:32:41.321,107185.13,0.00083,88.9636579
2025-10-18 01:32:41.976,107185.14,0.00056,60.023678399999994
2025-10-18 01:32:43.061,107185.14,0.00028,30.011839199999997
2025-10-18 01:32:43.922,107185.14,0.00151,161.8495614
2025-10-18 01:32:44.488,107185.14,0.00061,65.3829354
2025-10-18 01:32:44.833,107185.14,0.00062,66.4547868
2025-10-18 01:32:45.360,107185.14,0.00607,650.6137998
2025-10-18 01:32:45.550,107185.14,0.003,321.55542
2025-10-18 01:32:45.583,107185.14,0.00038,40.7303532
2025-10-18 01:32:46.119,107185.14,0.00018,19.2933252
2025-10-18 01:32:46.513,107185.14,0.00065,69.670341
2025-10-18 01:32:46.912,107185.14,0.00559,599.1649326
2025-10-18 01:32:47.723,107185.13,0.012,1286.2215600000002
2025-10-18 01:32:47.725,107185.13,0.012,1286.2215600000002
2025-10-18 01:32:48.028,107185.14,0.05422,5811.5782908
2025-10-18 01:32:48.518,107185.13,0.00073,78.2451449
2025-10-18 01:32:48.571,107185.13,0.012,1286.2215600000002
2025-10-18 01:32:48.754,107185.14,0.00195,209.011023
2025-10-18 01:32:49.585,107185.14,0.00212,227.23249679999998
2025-10-18 01:32:51.577,107185.13,8e-05,8.5748104
2025-10-18 01:32:51.746,107185.14,0.00027,28.9399878
2025-10-18 01:32:52.097,107185.13,0.01647,1765.3390911
2025-10-18 01:32:52.801,107185.14,9e-05,9.6466626
2025-10-18 01:32:53.066,107185.13,0.012,1286.2215600000002
2025-10-18 01:32:53.150,107185.13,0.012,1286.2215600000002
2025-10-18 01:32:53.732,107185.13,0.00047,50.3770111
2025-10-18 01:32:55.668,107185.14,0.002,214.37028
2025-10-18 01:32:56.081,107185.14,0.004,428.74056
2025-10-18 01:32:56.301,107185.14,0.002,214.37028
2025-10-18 01:32:56.575,107185.14,0.009,964.66626
2025-10-18 01:32:56.643,107185.14,0.004,428.74056
2025-10-18 01:32:57.138,107185.14,0.001,107.18514
2025-10-18 01:32:57.175,107185.14,0.002,214.37028
2025-10-18 01:32:57.205,107185.14,0.004,428.74056
2025-10-18 01:32:57.441,107185.14,0.00223,239.02286220000002
2025-10-18 01:32:57.879,107185.14,0.00284,304.4057976
2025-10-18 01:32:58.572,107185.13,3.0,321555.39
2025-10-18 01:32:58.600,107185.14,0.00025,26.796285
2025-10-18 01:32:58.661,107185.14,0.00035,37.514799
2025-10-18 01:32:58.962,107185.13,0.02102,2253.0314326000002
2025-10-18 01:32:59.866,107185.14,0.00932,998.9655048
2025-10-18 01:32:59.867,107185.14,0.00304,325.8428256
2025-10-18 01:33:00.162,107185.14,0.00175,187.573995
2025-10-18 01:33:00.201,107185.14,0.00559,599.1649326
2025-10-18 01:33:00.924,107185.14,0.00037,39.658501799999996
2025-10-18 01:33:01.255,107185.14,0.00011,11.7903654
2025-10-18 01:33:02.277,107185.14,0.04664,4999.1149296
2025-10-18 01:33:02.975,107185.13,0.00016,17.1496208
2025-10-18 01:33:03.201,107185.14,0.00122,130.7658708
2025-10-18 01:33:03.239,107185.14,0.00186,199.3643604
2025-10-18 01:33:03.432,107185.13,0.00399,427.66866869999996
2025-10-18 01:33:04.481,107185.14,0.00015,16.077771
2025-10-18 01:33:04.724,107185.13,0.00017,18.221472100000003
2025-10-18 01:33:06.133,107185.13,0.012,1286.2215600000002
2025-10-18 01:33:06.134,107185.13,0.012,1286.2215600000002
2025-10-18 01:33:06.297,107185.13,0.012,1286.2215600000002
2025-10-18 01:33:06.483,107185.13,6e-05,6.4311078
2025-10-18 01:33:06.802,107185.14,0.028,3001.18392
2025-10-18 01:33:06.915,107185.13,0.00082,87.8918066
2025-10-18 01:33:07.231,107185.14,0.0003,32.155542
2025-10-18 01:33:07.485,107185.14,0.00094,100.75403159999999
2025-10-18 01:33:07.817,107185.14,0.00932,998.9655048
2025-10-18 01:33:08.348,107185.13,0.012,1286.2215600000002
2025-10-18 01:33:08.350,107185.13,0.012,1286.2215600000002
2025-10-18 01:33:08.591,107185.14,0.00011,11.7903654
2025-10-18 01:33:09.246,107185.14,0.00135,144.699939
2025-10-18 01:33:09.804,107185.14,0.00748,801.7448472
2025-10-18 01:33:09.806,107185.14,0.00334,357.9983676
2025-10-18 01:33:10.112,107185.14,0.00238,255.1006332
2025-10-18 01:33:10.331,107185.13,0.012,1286.2215600000002
2025-10-18 01:33:10.512,107185.14,0.00035,37.514799
2025-10-18 01:33:10.543,107185.14,0.03,3215.5542
2025-10-18 01:33:10.653,107185.14,0.00933,1000.0373562
2025-10-18 01:33:10.792,107185.13,0.00012,12.8622156
2025-10-18 01:33:10.859,107185.13,0.23855,25569.012761500002
2025-10-18 01:33:11.262,107185.13,9e-05,9.646661700000001
2025-10-18 01:33:11.576,107185.13,8e-05,8.5748104
2025-10-18 01:33:11.919,107185.13,0.012,1286.2215600000002
2025-10-18 01:33:11.924,107185.13,0.012,1286.2215600000002
2025-10-18 01:33:12.038,107185.14,0.00302,323.6991228
2025-10-18 01:33:13.025,107185.13,0.00017,18.221472100000003
2025-10-18 01:33:13.533,107185.14,0.00559,599.1649326
2025-10-18 01:33:13.543,107185.14,0.00187,200.4362118
2025-10-18 01:33:13.577,107185.14,0.00472,505.9138608
2025-10-18 01:33:14.022,107185.13,0.00248,265.8191224
2025-10-18 01:33:14.556,107185.14,9e-05,9.6466626
2025-10-18 01:33:14.891,107185.14,0.00011,11.7903654
2025-10-18 01:33:14.912,107185.14,0.00098,105.04143719999999
2025-10-18 01:33:15.070,107185.14,0.00013,13.934068199999999
2025-10-18 01:33:15.081,107185.14,4e-05,4.2874056000000005
2025-10-18 01:33:16.419,107185.14,0.00071,76.1014494
2025-10-18 01:33:16.632,107185.13,0.00162,173.6399106
2025-10-18 01:33:17.200,107185.13,0.01557,1668.8724741
2025-10-18 01:33:17.618,107185.14,0.001,107.18514
2025-10-18 01:33:18.022,107185.13,8e-05,8.5748104
2025-10-18 01:33:18.181,107185.14,0.00062,66.4547868
2025-10-18 01:33:18.513,107185.14,0.00028,30.011839199999997
2025-10-18 01:33:18.612,107185.13,0.00012,12.8622156
2025-10-18 01:33:18.631,107185.13,0.012,1286.2215600000002
2025-10-18 01:33:18.637,107185.14,0.00223,239.02286220000002
2025-10-18 01:33:19.541,107185.13,0.012,1286.2215600000002
2025-10-18 01:33:19.935,107185.13,0.00011,11.7903643
2025-10-18 01:33:20.127,107185.14,0.06266,6716.220872399999
2025-10-18 01:33:20.425,107185.13,0.001,107.18513
2025-10-18 01:33:20.455,107185.13,0.012,1286.2215600000002
2025-10-18 01:33:20.456,107185.13,0.012,1286.2215600000002
2025-10-18 01:33:20.458,107185.13,0.012,1286.2215600000002
2025-10-18 01:33:20.637,107185.14,6e-05,6.4311084
2025-10-18 01:33:21.183,107185.14,0.00047,50.377015799999995
2025-10-18 01:33:21.425,107185.13,0.00089,95.3947657
2025-10-18 01:33:21.740,107185.13,0.012,1286.2215600000002
2025-10-18 01:33:21.742,107185.13,0.012,1286.2215600000002
2025-10-18 01:33:22.014,107185.13,0.012,1286.2215600000002
2025-10-18 01:33:22.281,107185.13,0.012,1286.2215600000002
2025-10-18 01:33:22.470,107185.14,7e-05,7.502959799999999
2025-10-18 01:33:22.591,107185.13,0.00011,11.7903643
2025-10-18 01:33:22.605,107185.13,0.009,964.66617
2025-10-18 01:33:22.606,107185.13,0.009,964.66617
2025-10-18 01:33:22.619,107185.14,0.018,1929.33252
2025-10-18 01:33:22.751,107185.14,0.00027,28.9399878
2025-10-18 01:33:23.640,107185.13,0.03642,3903.6824346000003
2025-10-18 01:33:23.784,107185.13,0.012,1286.2215600000002
2025-10-18 01:33:23.879,107184.99,0.0002,21.436998000000003
2025-10-18 01:33:23.882,107182.85,0.00382,409.438487
2025-10-18 01:33:23.884,107181.48,0.0001,10.718148
2025-10-18 01:33:23.889,107179.86,5e-05,5.358993
2025-10-18 01:33:23.894,107178.7,0.002,214.3574
2025-10-18 01:33:24.168,107178.7,0.17158,18389.721346000002
2025-10-18 01:33:25.057,107178.7,0.00014,15.005017999999998
2025-10-18 01:33:25.464,107178.7,0.012,1286.1444
2025-10-18 01:33:25.466,107178.7,0.012,1286.1444
2025-10-18 01:33:25.591,107178.71,0.0005,53.589355000000005
2025-10-18 01:33:25.809,107178.7,0.0043,460.86841
2025-10-18 01:33:25.971,107178.71,0.00054,57.876503400000004
2025-10-18 01:33:26.786,107178.71,0.00559,599.1289889000001
2025-10-18 01:33:28.473,107178.7,5e-05,5.358935
2025-10-18 01:33:29.579,107178.7,0.00011,11.789657
2025-10-18 01:33:29.623,107178.7,0.00044,47.158628
2025-10-18 01:33:31.591,107178.7,0.00025,26.794675
2025-10-18 01:33:31.770,107178.7,0.00559,599.1289330000001
2025-10-18 01:33:31.912,107178.71,0.00912,977.4698352
2025-10-18 01:33:32.531,107178.7,6e-05,6.430722
2025-10-18 01:33:32.535,107178.71,0.00016,17.1485936
2025-10-18 01:33:32.588,107178.7,0.00011,11.789657
2025-10-18 01:33:32.711,107178.71,0.08853,9488.5311963
2025-10-18 01:33:32.947,107178.71,0.00013,13.9332323
2025-10-18 01:33:33.148,107178.7,0.0008,85.74296
2025-10-18 01:33:34.390,107178.71,0.0049,525.1756790000001
2025-10-18 01:33:36.383,107178.71,0.09045,9694.314319500001
2025-10-18 01:33:36.579,107178.71,0.00101,108.25049710000002
2025-10-18 01:33:37.026,107178.7,0.0006,64.30721999999999
2025-10-18 01:33:39.125,107178.71,0.00026,27.8664646
2025-10-18 01:33:40.039,107178.71,0.00559,599.1289889000001
2025-10-18 01:33:40.440,107178.71,0.00036,38.5843356
2025-10-18 01:33:40.527,107178.7,0.0002,21.43574
2025-10-18 01:33:40.949,107178.71,0.00466,499.4527886
2025-10-18 01:33:40.975,107178.71,0.01058,1133.9507518000003
2025-10-18 01:33:41.596,107178.71,0.028,3001.00388
2025-10-18 01:33:44.045,107178.7,0.012,1286.1444
2025-10-18 01:33:44.046,107178.7,0.012,1286.1444
2025-10-18 01:33:45.048,107178.71,0.01283,1375.1028493000001
2025-10-18 01:33:45.283,107178.7,0.00011,11.789657
2025-10-18 01:33:45.509,107178.71,0.0034,364.407614
2025-10-18 01:33:45.597,107178.71,0.0026,278.664646
2025-10-18 01:33:46.145,107178.7,0.00097,103.963339
2025-10-18 01:33:47.195,107178.71,0.01394,1494.0712174
2025-10-18 01:33:48.360,107178.71,0.00127,136.11696170000002
2025-10-18 01:33:50.045,107178.7,0.012,1286.1444
2025-10-18 01:33:50.047,107178.7,0.012,1286.1444
2025-10-18 01:33:50.349,107178.7,0.00088,94.317256
2025-10-18 01:33:50.350,107178.7,0.00092,98.604404
2025-10-18 01:33:50.351,107178.7,0.00092,98.604404
2025-10-18 01:33:51.348,107178.7,6e-05,6.430722
2025-10-18 01:33:51.425,107178.7,0.00044,47.158628
2025-10-18 01:33:51.510,107178.71,0.0001,10.717871
2025-10-18 01:33:51.576,107178.7,6e-05,6.430722
2025-10-18 01:33:52.023,107178.7,0.00248,265.803176
2025-10-18 01:33:52.961,107178.71,0.00011,11.7896581
2025-10-18 01:33:53.327,107178.71,0.00559,599.1289889000001
2025-10-18 01:33:54.032,107178.71,7e-05,7.5025097
2025-10-18 01:33:55.181,107178.79,0.0001,10.717879
2025-10-18 01:33:55.182,107178.8,0.00021,22.507548
2025-10-18 01:33:55.186,107179.48,0.00085,91.10255799999999
2025-10-18 01:33:55.191,107183.23,5e-05,5.3591615
2025-10-18 01:33:55.196,107187.05,0.00015,16.0780575
2025-10-18 01:33:55.218,107187.06,0.018,1929.3670799999998
2025-10-18 01:33:55.219,107187.06,0.00017,18.2218002
2025-10-18 01:33:55.225,107187.06,0.00161,172.5711666
2025-10-18 01:33:55.940,107189.42,0.00129,138.27435179999998
2025-10-18 01:33:57.910,107189.41,0.00081,86.8234221
2025-10-18 01:33:57.911,107189.41,0.55284,59258.5934244
2025-10-18 01:33:57.912,107189.41,0.00151,161.85600910000002
2025-10-18 01:33:57.913,107189.41,0.00338,362.3002058
2025-10-18 01:33:57.917,107189.41,0.00338,362.3002058
2025-10-18 01:33:57.919,107189.41,0.00399,427.6857459
2025-10-18 01:33:57.929,107189.41,0.00068,72.8887988
2025-10-18 01:33:58.892,107189.42,0.00466,499.5026972
2025-10-18 01:34:00.062,107189.41,0.0013,139.346233
2025-10-18 01:34:00.224,107189.42,6e-05,6.4313652
2025-10-18 01:34:00.510,107189.42,0.00179,191.8690618
2025-10-18 01:34:00.572,107194.64,0.00015,16.079196
2025-10-18 01:34:00.579,107194.65,0.028,3001.4501999999998
2025-10-18 01:34:00.609,107194.64,0.00546,585.2827344
2025-10-18 01:34:00.656,107194.65,0.0025,267.986625
2025-10-18 01:34:00.914,107195.51,0.00046,49.3099346
2025-10-18 01:34:01.557,107195.5,0.00372,398.76726
2025-10-18 01:34:01.558,107195.5,0.00376,403.05508
2025-10-18 01:34:01.559,107195.5,0.00373,399.83921499999997
2025-10-18 01:34:01.668,107195.5,0.00046,49.30993
2025-10-18 01:34:02.143,107195.51,0.00366,392.3355666
2025-10-18 01:34:02.181,107195.51,0.00237,254.0533587
2025-10-18 01:34:02.190,107195.5,0.00094,100.76377
2025-10-18 01:34:03.911,107195.51,0.028,3001.47428
2025-10-18 01:34:03.917,107195.51,0.028,3001.47428
2025-10-18 01:34:04.555,107195.51,0.00332,355.8890932
2025-10-18 01:34:04.993,107195.5,0.00086,92.18813
2025-10-18 01:34:06.515,107192.83,0.0001,10.719283
2025-10-18 01:34:06.576,107191.24,6e-05,6.431474400000001
2025-10-18 01:34:06.596,107191.25,0.00559,599.1990875
2025-10-18 01:34:06.617,107191.25,0.0003,32.157374999999995
2025-10-18 01:34:06.647,107191.22,0.00137,146.8519714
2025-10-18 01:34:06.648,107191.22,0.00256,274.4095232
2025-10-18 01:34:06.654,107189.4,0.0001,10.71894
2025-10-18 01:34:06.655,107188.99,0.00834,893.9561766
2025-10-18 01:34:06.659,107188.99,0.0019,203.65908100000001
2025-10-18 01:34:06.674,107187.98,0.0112,1200.5053759999998
2025-10-18 01:34:06.715,107184.78,0.00035,37.514673
2025-10-18 01:34:06.739,107182.06,0.00111,118.97208660000001
2025-10-18 01:34:06.741,107182.05,0.00252,270.098766
2025-10-18 01:34:06.742,107182.05,0.00082,87.889281
2025-10-18 01:34:06.743,107182.05,0.00342,366.562611
2025-10-18 01:34:06.744,107182.05,0.00082,87.889281
2025-10-18 01:34:06.745,107182.05,0.00342,366.562611
2025-10-18 01:34:06.746,107182.05,0.00342,366.562611
2025-10-18 01:34:06.747,107182.05,0.00375,401.9326875
2025-10-18 01:34:06.748,107182.05,0.00342,366.562611
2025-10-18 01:34:06.749,107182.05,0.00342,366.562611
2025-10-18 01:34:06.750,107182.05,0.00043,46.0882815
2025-10-18 01:34:06.751,107182.05,0.00092,98.60748600000001
2025-10-18 01:34:06.752,107182.05,0.00092,98.60748600000001
2025-10-18 01:34:06.754,107182.05,0.00176,188.640408
2025-10-18 01:34:06.755,107182.05,0.00082,87.889281
2025-10-18 01:34:06.756,107182.05,0.00082,87.889281
2025-10-18 01:34:06.757,107182.05,0.00082,87.889281
2025-10-18 01:34:06.759,107182.05,0.00155,166.1321775
2025-10-18 01:34:06.795,107182.05,0.00088,94.320204
2025-10-18 01:34:06.796,107182.05,0.00092,98.60748600000001
2025-10-18 01:34:06.797,107182.05,0.00092,98.60748600000001
2025-10-18 01:34:06.798,107182.05,0.00295,316.1870475
2025-10-18 01:34:06.799,107182.05,0.00092,98.60748600000001
2025-10-18 01:34:06.800,107182.05,0.00193,206.86135650000003
2025-10-18 01:34:06.802,107182.05,0.00301,322.6179705
2025-10-18 01:34:06.816,107178.65,0.00015,16.076797499999998
2025-10-18 01:34:06.821,107178.64,0.0002,21.435728
2025-10-18 01:34:06.822,107178.64,0.00342,366.55094879999996
2025-10-18 01:34:06.823,107178.64,0.00381,408.3506184
2025-10-18 01:34:06.874,107178.64,0.00348,372.9816672
2025-10-18 01:34:06.968,107178.64,0.00913,978.5409831999999
2025-10-18 01:34:06.983,107178.64,0.0015,160.76796000000002
2025-10-18 01:34:07.051,107178.65,0.00348,372.981702
2025-10-18 01:34:07.306,107178.64,0.02322,2488.6880208000002
2025-10-18 01:34:07.488,107178.65,0.5,53589.325
2025-10-18 01:34:07.501,107178.65,0.00033,35.3689545
2025-10-18 01:34:08.115,107178.65,0.02513,2693.3994745
2025-10-18 01:34:08.907,107185.28,0.00354,379.4358912
2025-10-18 01:34:08.977,107185.28,0.00051,54.664492800000005
2025-10-18 01:34:09.473,107185.28,0.028,3001.18784
2025-10-18 01:34:11.747,107185.28,0.00414,443.74705919999997
2025-10-18 01:34:11.749,107189.8,0.01273,1364.5261540000001
2025-10-18 01:34:11.778,107189.79,0.2,21437.958
2025-10-18 01:34:11.815,107189.8,0.00255,273.33399000000003
2025-10-18 01:34:12.332,107189.81,0.01066,1142.6433746
2025-10-18 01:34:13.500,107189.81,0.00233,249.7522573
2025-10-18 01:34:13.501,107195.12,0.00382,409.4853584
2025-10-18 01:34:14.215,107202.0,0.002,214.404
2025-10-18 01:34:14.270,107205.84,0.028,3001.76352
2025-10-18 01:34:14.408,107206.01,0.0001,10.720601
2025-10-18 01:34:14.417,107206.23,0.00204,218.7007092
2025-10-18 01:34:15.498,107209.99,0.02964,3177.7041036
2025-10-18 01:34:15.532,107210.0,0.00069,73.97489999999999
2025-10-18 01:34:15.632,107209.99,0.00032,34.30719680000001
2025-10-18 01:34:16.520,107210.0,7e-05,7.5047
2025-10-18 01:34:16.570,107210.0,0.00016,17.1536
2025-10-18 01:34:16.584,107210.0,0.00162,173.68019999999999
2025-10-18 01:34:16.639,107210.0,9e-05,9.648900000000001
2025-10-18 01:34:16.717,107210.0,0.0001,10.721
2025-10-18 01:34:16.770,107210.0,0.00038,40.7398
2025-10-18 01:34:16.785,107210.0,0.00028,30.0188
2025-10-18 01:34:16.902,107210.0,0.00305,326.9905
2025-10-18 01:34:16.919,107211.0,6e-05,6.43266
2025-10-18 01:34:16.920,107211.11,5e-05,5.3605555
2025-10-18 01:34:16.923,107212.0,0.00265,284.1118
2025-10-18 01:34:16.924,107216.17,0.00015,16.0824255
2025-10-18 01:34:16.962,107216.18,0.00038,40.7421484
2025-10-18 01:34:16.969,107216.18,0.028,3002.05304
2025-10-18 01:34:16.974,107216.18,0.0001,10.721618
2025-10-18 01:34:17.023,107216.17,6e-05,6.4329702
2025-10-18 01:34:17.210,107216.18,0.0001,10.721618
2025-10-18 01:34:17.515,107221.92,0.00151,161.9050992
2025-10-18 01:34:17.781,107221.96,0.00019,20.372172400000004
2025-10-18 01:34:17.832,107221.96,0.00056,60.0442976
2025-10-18 01:34:17.992,107221.96,0.00234,250.89938640000003
2025-10-18 01:34:18.449,107221.96,0.028,3002.2148800000004
2025-10-18 01:34:18.510,107221.96,7e-05,7.5055372
2025-10-18 01:34:18.512,107221.96,7e-05,7.5055372
2025-10-18 01:34:18.632,107221.96,7e-05,7.5055372
2025-10-18 01:34:18.718,107221.96,0.00933,1000.3808868
2025-10-18 01:34:19.138,107221.96,0.00702,752.6981592000001
2025-10-18 01:34:19.492,107221.96,0.028,3002.2148800000004
2025-10-18 01:34:19.506,107223.69,0.00015,16.083553499999997
2025-10-18 01:34:19.525,107223.7,0.00195,209.08621499999998
2025-10-18 01:34:19.528,107223.71,0.00145,155.4743795
2025-10-18 01:34:19.825,107223.84,0.00559,599.3812656
2025-10-18 01:34:20.763,107223.84,0.03235,3468.6912239999997
2025-10-18 01:34:21.215,107228.09,5e-05,5.3614045
2025-10-18 01:34:21.320,107232.68,0.007,750.6287599999999
2025-10-18 01:34:22.352,107232.67,0.00013,13.940247099999999
2025-10-18 01:34:22.741,107232.68,0.001,107.23268
2025-10-18 01:34:23.072,107232.67,0.00081,86.85846269999999
2025-10-18 01:34:23.073,107232.67,0.00092,98.6540564
2025-10-18 01:34:23.074,107232.67,0.00081,86.85846269999999
2025-10-18 01:34:23.075,107232.67,0.00081,86.85846269999999
2025-10-18 01:34:23.076,107232.67,0.00356,381.74830519999995
2025-10-18 01:34:23.077,107232.67,0.00611,655.1916137
2025-10-18 01:34:23.079,107232.67,0.00268,287.3835556
2025-10-18 01:34:23.080,107232.67,0.00268,287.3835556
2025-10-18 01:34:23.081,107232.67,0.0002,21.446534
2025-10-18 01:34:23.082,107232.67,0.00088,94.3647496
2025-10-18 01:34:23.083,107232.67,0.00088,94.3647496
2025-10-18 01:34:23.084,107232.67,0.00155,166.2106385
2025-10-18 01:34:23.085,107232.67,0.00088,94.3647496
2025-10-18 01:34:23.086,107232.67,0.00155,166.2106385
2025-10-18 01:34:23.087,107232.67,0.00155,166.2106385
2025-10-18 01:34:23.092,107232.67,0.00155,166.2106385
2025-10-18 01:34:23.095,107232.67,0.00155,166.2106385
2025-10-18 01:34:23.099,107232.67,0.00092,98.6540564
2025-10-18 01:34:23.100,107232.67,0.00092,98.6540564
2025-10-18 01:34:23.101,107232.67,0.00088,94.3647496
2025-10-18 01:34:23.102,107232.67,0.00335,359.2294445
2025-10-18 01:34:23.103,107232.67,0.00088,94.3647496
2025-10-18 01:34:23.288,107232.67,0.01314,1409.0372838
2025-10-18 01:34:23.363,107232.68,0.006,643.39608
2025-10-18 01:34:23.392,107232.68,0.003,321.69804
2025-10-18 01:34:23.975,107232.67,0.00054,57.9056418
2025-10-18 01:34:24.058,107232.67,0.00093,99.7263831
2025-10-18 01:34:24.106,107232.68,0.00186,199.4527848
2025-10-18 01:34:24.455,107232.67,0.37075,39756.512402500004
2025-10-18 01:34:24.456,107232.5,0.0011,117.95575000000001
2025-10-18 01:34:24.458,107228.09,5e-05,5.3614045
2025-10-18 01:34:24.459,107221.97,0.00015,16.0832955
2025-10-18 01:34:24.465,107221.95,0.02132,2285.9719739999996
2025-10-18 01:34:24.515,107213.99,0.00038,40.74131620000001
2025-10-18 01:34:24.569,107211.22,0.00017,18.2259074
2025-10-18 01:34:24.789,107211.23,6e-05,6.4326738
2025-10-18 01:34:25.132,107211.23,0.005,536.05615
2025-10-18 01:34:26.461,107211.22,0.00451,483.5226022
2025-10-18 01:34:27.001,107211.23,0.00466,499.6043318
2025-10-18 01:34:27.368,107211.23,0.0001,10.721123
2025-10-18 01:34:27.432,107211.23,0.00319,342.0038237
2025-10-18 01:34:27.451,107211.23,0.00128,137.23037440000002
2025-10-18 01:34:30.780,107211.23,0.00072,77.1920856
2025-10-18 01:34:31.120,107211.23,0.0005,53.605615
2025-10-18 01:34:32.102,107211.22,0.00015,16.081682999999998
2025-10-18 01:34:32.663,107211.22,0.00081,86.8410882
2025-10-18 01:34:32.664,107211.22,0.00081,86.8410882
2025-10-18 01:34:32.665,107211.22,0.00092,98.6343224
2025-10-18 01:34:32.666,107211.22,0.00376,403.1141872
2025-10-18 01:34:32.667,107211.22,0.00149,159.7447178
2025-10-18 01:34:32.668,107211.22,0.0011,117.932342
2025-10-18 01:34:32.669,107211.22,0.00156,167.2495032
2025-10-18 01:34:32.742,107211.22,0.00139,149.0235958
2025-10-18 01:34:32.743,107211.22,0.00139,149.0235958
2025-10-18 01:34:32.744,107211.22,0.00354,379.5277188
2025-10-18 01:34:32.745,107211.22,0.00117,125.43712740000001
2025-10-18 01:34:32.831,107211.22,0.00086,92.2016492
2025-10-18 01:34:32.888,107211.22,0.00101,108.2833322
2025-10-18 01:34:33.088,107211.23,0.00559,599.3107757
2025-10-18 01:34:33.184,107211.23,0.00026,27.874919799999997
2025-10-18 01:34:33.703,107211.22,0.00289,309.84042580000005
2025-10-18 01:34:34.053,107211.23,0.00018,19.2980214
2025-10-18 01:34:34.444,107211.23,0.00096,102.9227808
2025-10-18 01:34:34.661,107211.23,0.00024,25.7306952
2025-10-18 01:34:34.881,107211.23,0.00175,187.6196525
2025-10-18 01:34:35.186,107211.23,0.00024,25.7306952
2025-10-18 01:34:36.184,107211.22,0.00469,502.82062179999997
2025-10-18 01:34:36.611,107211.22,0.00012,12.8653464
2025-10-18 01:34:36.616,107211.22,0.00218,233.7204596
2025-10-18 01:34:36.617,107211.22,0.00072,77.1920784
2025-10-18 01:34:37.027,107211.22,5e-05,5.360561000000001
2025-10-18 01:34:37.487,107211.22,0.00207,221.92722539999997
2025-10-18 01:34:37.488,107211.22,0.00031,33.2354782
2025-10-18 01:34:37.590,107211.22,0.0002,21.442244000000002
2025-10-18 01:34:38.252,107211.22,0.00092,98.6343224
2025-10-18 01:34:38.253,107211.22,0.00197,211.2061034
2025-10-18 01:34:38.256,107211.22,0.00013,13.9374586
2025-10-18 01:34:38.371,107211.23,4e-05,4.2884492000000005
2025-10-18 01:34:38.411,107211.22,0.012,1286.53464
2025-10-18 01:34:38.412,107211.22,0.012,1286.53464
2025-10-18 01:34:38.413,107211.23,0.00013,13.937459899999999
2025-10-18 01:34:38.653,107211.22,0.00081,86.8410882
2025-10-18 01:34:38.654,107211.22,0.00385,412.763197
2025-10-18 01:34:38.656,107211.22,0.00385,412.763197
2025-10-18 01:34:38.662,107211.22,0.00092,98.6343224
2025-10-18 01:34:38.664,107211.22,0.00092,98.6343224
2025-10-18 01:34:38.666,107211.22,0.00139,149.0235958
2025-10-18 01:34:38.682,107211.22,0.01656,1775.4178031999998
2025-10-18 01:34:38.711,107211.22,0.00081,86.8410882
2025-10-18 01:34:38.712,107211.22,0.00081,86.8410882
2025-10-18 01:34:38.713,107211.22,0.00564,604.6712808
2025-10-18 01:34:38.714,107211.22,0.00456,488.8831632
2025-10-18 01:34:38.777,107211.22,0.00048,51.4613856
2025-10-18 01:34:38.778,107211.22,0.00048,51.4613856
2025-10-18 01:34:38.779,107211.22,0.00276,295.9029672
2025-10-18 01:34:38.780,107211.22,0.00243,260.5232646
2025-10-18 01:34:38.889,107211.22,0.00342,366.6623724
2025-10-18 01:34:38.891,107211.22,0.00243,260.5232646
2025-10-18 01:34:38.893,107211.22,0.00043,46.1008246
2025-10-18 01:34:38.894,107211.22,0.00043,46.1008246
2025-10-18 01:34:38.895,107211.22,0.00043,46.1008246
2025-10-18 01:34:39.068,107211.22,0.00092,98.6343224
2025-10-18 01:34:39.069,107211.22,0.00149,159.7447178
2025-10-18 01:34:39.071,107211.22,0.00181,194.0523082
2025-10-18 01:34:39.166,107211.22,0.012,1286.53464
2025-10-18 01:34:39.167,107211.22,0.012,1286.53464
2025-10-18 01:34:39.698,107211.22,0.00906,971.3336532000001
2025-10-18 01:34:39.709,107211.22,0.00588,630.4019736
2025-10-18 01:34:39.715,107211.22,0.00805,863.0503209999999
2025-10-18 01:34:39.717,107211.21,0.00195,209.0618595
2025-10-18 01:34:39.757,107208.21,0.00015,16.0812315
2025-10-18 01:34:39.858,107208.2,0.012,1286.4984
2025-10-18 01:34:39.859,107208.2,0.012,1286.4984
2025-10-18 01:34:39.912,107208.2,0.00092,98.631544
2025-10-18 01:34:39.913,107208.2,0.00131,140.44274199999998
2025-10-18 01:34:39.915,107208.2,0.00065,69.68533
2025-10-18 01:34:40.027,107208.2,0.00107,114.712774
2025-10-18 01:34:40.210,107208.2,0.012,1286.4984
2025-10-18 01:34:40.630,107208.2,0.012,1286.4984
2025-10-18 01:34:41.020,107208.2,0.00278,298.038796
2025-10-18 01:34:41.021,107208.2,0.00092,98.631544
2025-10-18 01:34:41.022,107208.2,0.00564,604.6542479999999
2025-10-18 01:34:41.023,107208.2,0.00118,126.50567600000001
2025-10-18 01:34:41.402,107208.21,6e-05,6.432492600000001
2025-10-18 01:34:41.706,107208.2,0.012,1286.4984
2025-10-18 01:34:41.707,107208.2,0.012,1286.4984
2025-10-18 01:34:41.708,107208.2,0.012,1286.4984
2025-10-18 01:34:41.718,107208.21,0.00129,138.2985909
2025-10-18 01:34:42.005,107208.2,0.01565,1677.80833
2025-10-18 01:34:42.028,107208.2,0.00248,265.876336
2025-10-18 01:34:42.180,107208.2,0.00677,725.7995139999999
2025-10-18 01:34:42.199,107208.2,0.03411,3656.871702
2025-10-18 01:34:42.761,107208.2,0.01516,1625.276312
2025-10-18 01:34:42.763,107208.2,0.30746,32962.233172
2025-10-18 01:34:42.764,107206.12,5e-05,5.3603060000000005
2025-10-18 01:34:42.767,107204.79,0.0071,761.154009
2025-10-18 01:34:42.770,107202.4,0.02815,3017.74756
2025-10-18 01:34:42.772,107202.4,0.0001,10.72024
2025-10-18 01:34:42.775,107201.43,0.00011,11.7921573
2025-10-18 01:34:42.816,107201.43,0.00238,255.1394034
2025-10-18 01:34:42.817,107200.5,0.00771,826.515855
2025-10-18 01:34:44.100,107200.01,0.00011,11.7920011
2025-10-18 01:34:44.322,107200.0,0.032,3430.4
2025-10-18 01:34:44.347,107200.0,0.012,1286.4
2025-10-18 01:34:44.348,107200.0,0.012,1286.4
2025-10-18 01:34:44.617,107200.0,0.012,1286.4
2025-10-18 01:34:44.833,107200.0,0.03791,4063.9519999999998
2025-10-18 01:34:44.836,107200.0,0.00687,736.464
2025-10-18 01:34:44.841,107200.0,0.012,1286.4
2025-10-18 01:34:44.842,107200.0,0.012,1286.4
2025-10-18 01:34:44.869,107200.0,0.03096,3318.9120000000003
2025-10-18 01:34:45.208,107200.0,0.00081,86.832
2025-10-18 01:34:45.209,107200.0,0.00092,98.62400000000001
2025-10-18 01:34:45.277,107200.0,0.00092,98.62400000000001
2025-10-18 01:34:45.278,107200.0,0.00743,796.496
2025-10-18 01:34:45.280,107200.0,0.00186,199.39200000000002
2025-10-18 01:34:45.283,107200.0,0.00186,199.39200000000002
2025-10-18 01:34:45.286,107200.0,0.00087,93.264
2025-10-18 01:34:45.351,107200.0,0.00846,906.912
2025-10-18 01:34:45.460,107200.0,0.09,9648.0
2025-10-18 01:34:45.470,107200.0,0.00019,20.368000000000002
2025-10-18 01:34:45.527,107200.0,0.012,1286.4
2025-10-18 01:34:45.528,107200.0,0.012,1286.4
2025-10-18 01:34:45.529,107200.0,0.012,1286.4
2025-10-18 01:34:46.139,107200.0,6e-05,6.432
2025-10-18 01:34:46.326,107200.01,0.00559,599.2480559
2025-10-18 01:34:46.410,107200.01,0.00022,23.5840022
2025-10-18 01:34:46.578,107200.0,0.00011,11.792
2025-10-18 01:34:46.647,107200.0,0.00017,18.224
2025-10-18 01:34:46.875,107200.0,0.00481,515.632
2025-10-18 01:34:47.026,107200.0,0.00026,27.871999999999996
2025-10-18 01:34:47.081,107200.0,0.00615,659.28
2025-10-18 01:34:47.508,107200.01,0.00037,39.664003699999995
2025-10-18 01:34:47.511,107200.0,0.012,1286.4
2025-10-18 01:34:47.739,107200.0,0.00654,701.088
2025-10-18 01:34:48.176,107200.0,0.00561,601.392
2025-10-18 01:34:48.262,107200.0,0.012,1286.4
2025-10-18 01:34:48.387,107200.0,0.0081,868.3199999999999
2025-10-18 01:34:48.612,107200.0,0.00055,58.96
2025-10-18 01:34:48.613,107200.0,0.00055,58.96
2025-10-18 01:34:48.614,107200.0,0.00081,86.832
2025-10-18 01:34:48.615,107200.0,0.00055,58.96
2025-10-18 01:34:48.623,107200.0,0.00248,265.856
2025-10-18 01:34:48.715,107195.14,0.00165,176.871981
2025-10-18 01:34:49.106,107192.72,0.00513,549.8986536
2025-10-18 01:34:49.181,107192.73,0.00027,28.9420371
2025-10-18 01:34:49.184,107192.72,0.00884,947.5836448000001
2025-10-18 01:34:49.356,107192.72,0.00588,630.2931936
2025-10-18 01:34:49.361,107192.72,0.00457,489.8707304
2025-10-18 01:34:49.490,107192.72,0.00466,499.5180752
2025-10-18 01:34:49.673,107192.73,0.00186,199.3784778
2025-10-18 01:34:49.814,107192.73,0.0001,10.719273
2025-10-18 01:34:49.898,107192.72,0.012,1286.31264
2025-10-18 01:34:49.918,107192.72,0.00448,480.2233856
2025-10-18 01:34:49.993,107192.72,0.00877,940.0801544
2025-10-18 01:34:50.009,107192.72,0.00053,56.8121416
2025-10-18 01:34:50.014,107192.72,5e-05,5.359636
2025-10-18 01:34:50.016,107192.72,5e-05,5.359636
2025-10-18 01:34:50.205,107192.73,0.00973,1042.9852629
2025-10-18 01:34:50.835,107192.73,0.00019,20.3666187
2025-10-18 01:34:50.880,107192.73,0.01023,1096.5816278999998
2025-10-18 01:34:51.360,107192.73,0.0001,10.719273
2025-10-18 01:34:52.292,107192.72,0.012,1286.31264
2025-10-18 01:34:52.371,107192.72,6e-05,6.4315632
2025-10-18 01:34:52.373,107192.72,7e-05,7.5034904
2025-10-18 01:34:52.398,107192.72,0.00011,11.791199200000001
2025-10-18 01:34:52.403,107192.72,7e-05,7.5034904
2025-10-18 01:34:52.421,107192.72,6e-05,6.4315632
2025-10-18 01:34:52.434,107192.72,9e-05,9.6473448
2025-10-18 01:34:52.435,107192.72,0.0009,96.473448
2025-10-18 01:34:52.438,107192.72,6e-05,6.4315632
2025-10-18 01:34:52.454,107192.72,5e-05,5.359636
2025-10-18 01:34:52.455,107192.72,0.0001,10.719272
2025-10-18 01:34:52.469,107192.72,5e-05,5.359636
2025-10-18 01:34:52.486,107192.72,6e-05,6.4315632
2025-10-18 01:34:52.496,107192.72,0.00036,38.5893792
2025-10-18 01:34:52.514,107192.72,0.00014,15.0069808
2025-10-18 01:34:52.515,107192.72,0.00045,48.236724
2025-10-18 01:34:52.522,107192.72,6e-05,6.4315632
2025-10-18 01:34:52.542,107192.72,0.00012,12.8631264
2025-10-18 01:34:52.559,107192.72,7e-05,7.5034904
2025-10-18 01:34:52.562,107192.72,7e-05,7.5034904
2025-10-18 01:34:52.573,107192.72,7e-05,7.5034904
2025-10-18 01:34:52.585,107192.72,6e-05,6.4315632
2025-10-18 01:34:52.597,107192.72,5e-05,5.359636
2025-10-18 01:34:52.600,107192.72,7e-05,7.5034904
2025-10-18 01:34:52.604,107192.72,0.00013,13.9350536
2025-10-18 01:34:52.620,107192.72,5e-05,5.359636
2025-10-18 01:34:52.622,107192.72,5e-05,5.359636
2025-10-18 01:34:52.631,107192.72,8e-05,8.575417600000002
2025-10-18 01:34:52.633,107192.72,8e-05,8.575417600000002
2025-10-18 01:34:52.638,107192.72,0.012,1286.31264
2025-10-18 01:34:52.647,107192.72,5e-05,5.359636
2025-10-18 01:34:52.670,107192.72,0.00044,47.164796800000005
2025-10-18 01:34:52.700,107192.72,7e-05,7.5034904
2025-10-18 01:34:52.737,107192.72,6e-05,6.4315632
2025-10-18 01:34:52.747,107192.72,0.0001,10.719272
2025-10-18 01:34:52.754,107192.72,6e-05,6.4315632
2025-10-18 01:34:52.755,107192.72,7e-05,7.5034904
2025-10-18 01:34:52.758,107192.72,9e-05,9.6473448
2025-10-18 01:34:52.775,107192.72,5e-05,5.359636
2025-10-18 01:34:52.803,107192.72,0.00032,34.301670400000006
2025-10-18 01:34:52.833,107192.72,7e-05,7.5034904
2025-10-18 01:34:52.859,107192.72,0.00032,34.301670400000006
2025-10-18 01:34:52.861,107192.72,7e-05,7.5034904
2025-10-18 01:34:52.879,107192.72,0.00011,11.791199200000001
2025-10-18 01:34:52.897,107192.72,0.00022,23.582398400000002
2025-10-18 01:34:52.902,107192.72,0.00013,13.9350536
2025-10-18 01:34:52.918,107192.72,9e-05,9.6473448
2025-10-18 01:34:52.922,107192.72,0.012,1286.31264
2025-10-18 01:34:52.936,107192.72,5e-05,5.359636
2025-10-18 01:34:52.972,107192.72,0.012,1286.31264
2025-10-18 01:34:52.974,107192.72,0.012,1286.31264
2025-10-18 01:34:52.980,107192.72,0.0001,10.719272
2025-10-18 01:34:53.091,107192.72,0.012,1286.31264
2025-10-18 01:34:53.095,107192.72,8e-05,8.575417600000002
2025-10-18 01:34:53.148,107192.72,0.012,1286.31264
2025-10-18 01:34:53.341,107192.72,0.012,1286.31264
2025-10-18 01:34:53.953,107192.72,0.00083,88.9699576
2025-10-18 01:34:54.115,107192.72,0.00013,13.9350536
2025-10-18 01:34:54.203,107192.73,0.00046,49.3086558
2025-10-18 01:34:54.361,107192.72,6e-05,6.4315632
2025-10-18 01:34:54.412,107192.73,0.00081,86.8261113
2025-10-18 01:34:54.575,107192.72,7e-05,7.5034904
2025-10-18 01:34:55.551,107192.72,0.00715,766.427948
2025-10-18 01:34:55.560,107192.72,0.00448,480.2233856
2025-10-18 01:34:55.593,107192.72,0.03229,3461.2529288
2025-10-18 01:34:55.830,107192.73,0.0005,53.596365
2025-10-18 01:34:55.979,107192.72,0.012,1286.31264
2025-10-18 01:34:56.105,107192.72,0.012,1286.31264
2025-10-18 01:34:56.832,107192.72,5e-05,5.359636
2025-10-18 01:34:57.036,107192.72,0.00576,617.4300672
2025-10-18 01:34:57.037,107192.72,0.01103,1182.3357016
2025-10-18 01:34:57.210,107192.72,0.00082,87.8980304
2025-10-18 01:34:57.213,107192.72,0.0004,42.877088
2025-10-18 01:34:57.214,107192.72,0.00139,148.9978808
2025-10-18 01:34:57.215,107192.72,0.00012,12.8631264
2025-10-18 01:34:57.358,107192.73,0.00094,100.76116619999999
2025-10-18 01:34:58.281,107192.72,0.00037,39.6613064
2025-10-18 01:34:58.943,107192.73,0.00107,114.69622109999999
2025-10-18 01:34:59.297,107192.72,0.00411,440.56207919999997
2025-10-18 01:34:59.363,107192.72,0.0003,32.157816
2025-10-18 01:34:59.422,107192.72,0.00411,440.56207919999997
2025-10-18 01:34:59.626,107192.72,0.0101,1082.646472
2025-10-18 01:34:59.670,107192.72,0.00034,36.4455248
2025-10-18 01:35:00.072,107192.72,0.00411,440.56207919999997
2025-10-18 01:35:00.118,107192.72,0.00448,480.2233856
2025-10-18 01:35:00.120,107192.72,0.00373,399.82884559999997
2025-10-18 01:35:00.121,107192.72,0.0076,814.664672
2025-10-18 01:35:00.122,107192.72,0.0076,814.664672
2025-10-18 01:35:00.124,107192.72,0.00825,884.3399400000001
2025-10-18 01:35:00.125,107192.72,0.00082,87.8980304
2025-10-18 01:35:00.126,107192.72,0.00088,94.32959360000001
2025-10-18 01:35:00.127,107192.72,0.00377,404.1165544
2025-10-18 01:35:00.128,107192.72,0.00456,488.7988032
2025-10-18 01:35:00.129,107192.72,0.00377,404.1165544
2025-10-18 01:35:00.131,107192.72,0.00139,148.9978808
2025-10-18 01:35:00.132,107192.72,0.00014,15.0069808
2025-10-18 01:35:00.257,107192.72,0.00442,473.79182240000006
2025-10-18 01:35:00.449,107192.72,0.00092,98.6173024
2025-10-18 01:35:00.450,107192.72,0.00092,98.6173024
2025-10-18 01:35:00.451,107192.72,0.00157,168.2925704
2025-10-18 01:35:00.453,107192.72,0.0056,600.279232
2025-10-18 01:35:00.454,107192.72,0.00139,148.9978808
2025-10-18 01:35:00.819,107192.73,0.00094,100.76116619999999
2025-10-18 01:35:01.179,107192.73,0.00011,11.7912003
2025-10-18 01:35:01.429,107192.72,0.00082,87.8980304
2025-10-18 01:35:01.432,107192.72,0.00278,297.9957616
2025-10-18 01:35:01.434,107192.72,0.00139,148.9978808
2025-10-18 01:35:01.748,107192.72,7e-05,7.5034904
2025-10-18 01:35:01.775,107192.72,0.00082,87.8980304
2025-10-18 01:35:01.778,107192.72,0.0056,600.279232
2025-10-18 01:35:01.780,107192.72,0.00019,20.366616800000003
2025-10-18 01:35:01.828,107192.73,0.0003,32.157818999999996
2025-10-18 01:35:01.921,107192.72,0.00086,92.1857392
2025-10-18 01:35:01.943,107192.72,0.00296,317.2904512
2025-10-18 01:35:01.945,107192.72,0.00197,211.1696584
2025-10-18 01:35:01.946,107192.72,0.00197,211.1696584
2025-10-18 01:35:01.947,107192.72,0.00088,94.32959360000001
2025-10-18 01:35:01.950,107192.72,0.00031,33.2297432
2025-10-18 01:35:01.951,107192.72,0.00031,33.2297432
2025-10-18 01:35:01.952,107192.72,0.00031,33.2297432
2025-10-18 01:35:01.953,107192.72,0.00214,229.3924208
2025-10-18 01:35:01.954,107192.72,0.00186,199.3784592
2025-10-18 01:35:01.955,107192.72,0.00186,199.3784592
2025-10-18 01:35:02.028,107192.73,0.00123,131.84705789999998
2025-10-18 01:35:02.033,107192.73,0.00093,99.6892389
2025-10-18 01:35:02.151,107192.72,0.00387,414.83582640000003
2025-10-18 01:35:02.215,107192.72,0.10166,10897.2119152
2025-10-18 01:35:03.100,107192.72,0.00092,98.6173024
2025-10-18 01:35:03.102,107192.72,0.00032,34.301670400000006
2025-10-18 01:35:03.103,107192.72,0.00032,34.301670400000006
2025-10-18 01:35:03.104,107192.72,0.00139,148.9978808
2025-10-18 01:35:03.408,107192.72,0.00092,98.6173024
2025-10-18 01:35:03.409,107192.72,0.00088,94.32959360000001
2025-10-18 01:35:03.534,107192.73,0.00392,420.19550159999994
2025-10-18 01:35:03.538,107192.72,0.00013,13.9350536
2025-10-18 01:35:03.574,107192.72,0.00092,98.6173024
2025-10-18 01:35:03.575,107192.72,0.00092,98.6173024
2025-10-18 01:35:03.577,107192.72,0.00267,286.2045624
2025-10-18 01:35:03.578,107192.72,0.00021,22.5104712
2025-10-18 01:35:03.585,107192.72,0.00845,905.7784839999999
2025-10-18 01:35:03.840,107192.72,0.00501,537.0355271999999
2025-10-18 01:35:03.878,107192.73,0.00933,1000.1081708999999
2025-10-18 01:35:03.888,107192.72,0.01268,1359.2036896
2025-10-18 01:35:04.103,107192.72,0.02019,2164.2210168
2025-10-18 01:35:04.105,107192.72,0.01312,1406.3684864
2025-10-18 01:35:04.106,107192.72,0.02767,2966.0225624
2025-10-18 01:35:04.181,107192.72,0.01882,2017.3669904
2025-10-18 01:35:04.311,107192.72,0.00088,94.32959360000001
2025-10-18 01:35:04.312,107192.72,0.00088,94.32959360000001
2025-10-18 01:35:04.313,107192.72,0.00237,254.04674640000002
2025-10-18 01:35:04.314,107192.72,0.00377,404.1165544
2025-10-18 01:35:04.315,107192.72,0.00564,604.5669408
2025-10-18 01:35:04.496,107190.74,5e-05,5.359537
2025-10-18 01:35:04.508,107190.3,0.00015,16.078545
2025-10-18 01:35:04.510,107189.43,0.01439,1542.4558977
2025-10-18 01:35:04.514,107187.36,5e-05,5.359368
2025-10-18 01:35:04.517,107186.18,0.00354,379.4390772
2025-10-18 01:35:04.524,107186.02,0.00756,810.3263112
2025-10-18 01:35:04.526,107185.09,0.00166,177.9272494
2025-10-18 01:35:04.533,107185.09,0.00846,906.7858614
2025-10-18 01:35:04.540,107185.03,5e-05,5.3592515
2025-10-18 01:35:04.544,107182.71,7e-05,7.5027897
2025-10-18 01:35:04.559,107181.79,6e-05,6.4309074
2025-10-18 01:35:04.566,107181.36,0.00017,18.220831200000003
2025-10-18 01:35:04.597,107181.36,0.00248,265.8097728
2025-10-18 01:35:04.599,107179.86,5e-05,5.358993
2025-10-18 01:35:04.600,107179.71,0.00012,12.861565200000001
2025-10-18 01:35:04.601,107179.05,0.00088,94.317564
2025-10-18 01:35:04.611,107178.7,0.00018,19.292166
2025-10-18 01:35:04.616,107176.55,5e-05,5.3588275
2025-10-18 01:35:04.625,107176.18,0.00867,929.2174806
2025-10-18 01:35:04.682,107176.18,0.00132,141.4725576
2025-10-18 01:35:04.698,107176.18,0.00092,98.6020856
2025-10-18 01:35:04.710,107176.18,0.00564,604.4736551999999
2025-10-18 01:35:04.771,107176.18,0.00156,167.19484079999998
2025-10-18 01:35:04.774,107176.18,0.00688,737.3721184
2025-10-18 01:35:04.782,107176.18,0.00431,461.92933579999993
2025-10-18 01:35:04.791,107176.18,0.00012,12.8611416
2025-10-18 01:35:04.814,107176.18,0.00232,248.64873759999998
2025-10-18 01:35:04.833,107176.18,0.00088,94.31503839999999
2025-10-18 01:35:04.859,107176.18,0.00232,248.64873759999998
2025-10-18 01:35:04.867,107176.18,0.00056,60.01866079999999
2025-10-18 01:35:04.868,107176.18,0.00047,50.372804599999995
2025-10-18 01:35:04.870,107176.18,0.00081,86.81270579999999
2025-10-18 01:35:04.871,107176.18,0.00081,86.81270579999999
2025-10-18 01:35:04.872,107176.18,0.00081,86.81270579999999
2025-10-18 01:35:04.873,107176.18,0.0009,96.45856199999999
2025-10-18 01:35:04.876,107176.18,0.00088,94.31503839999999
2025-10-18 01:35:04.889,107176.18,0.00342,366.54253559999995
2025-10-18 01:35:04.891,107176.18,0.00088,94.31503839999999
2025-10-18 01:35:04.894,107176.18,0.00204,218.6394072
2025-10-18 01:35:04.895,107176.18,0.00088,94.31503839999999
2025-10-18 01:35:04.902,107176.18,0.0013,139.32903399999998
2025-10-18 01:35:04.904,107176.18,0.00082,87.8844676
2025-10-18 01:35:04.917,107176.18,0.00088,94.31503839999999
2025-10-18 01:35:04.918,107176.18,0.00092,98.6020856
2025-10-18 01:35:04.922,107176.18,0.0007,75.023326
2025-10-18 01:35:04.924,107176.18,0.00059,63.2339462
2025-10-18 01:35:04.926,107176.18,0.00059,63.2339462
2025-10-18 01:35:04.971,107176.18,0.00092,98.6020856
2025-10-18 01:35:05.047,107176.18,0.00048,51.4445664
2025-10-18 01:35:05.083,107176.18,0.00933,999.9537593999999
2025-10-18 01:35:05.084,107176.18,0.00934,1001.0255211999998
2025-10-18 01:35:05.483,107176.18,0.00054,57.8751372
2025-10-18 01:35:05.484,107176.18,0.00054,57.8751372
2025-10-18 01:35:05.485,107176.18,0.00092,98.6020856
2025-10-18 01:35:05.491,107176.18,0.00081,86.81270579999999
2025-10-18 01:35:05.492,107176.18,0.00092,98.6020856
2025-10-18 01:35:05.518,107176.18,0.09627,10317.8508486
2025-10-18 01:35:05.519,107176.18,0.00088,94.31503839999999
2025-10-18 01:35:05.520,107176.18,0.00082,87.8844676
2025-10-18 01:35:05.523,107176.18,0.00062,66.44923159999999
2025-10-18 01:35:05.524,107176.18,0.00062,66.44923159999999
2025-10-18 01:35:05.527,107176.18,0.00056,60.01866079999999
2025-10-18 01:35:05.535,107176.18,0.00372,398.6953896
2025-10-18 01:35:05.537,107176.18,0.00048,51.4445664
2025-10-18 01:35:05.551,107176.18,0.00109,116.8220362
2025-10-18 01:35:05.619,107176.18,0.00121,129.68317779999998
2025-10-18 01:35:05.623,107176.18,0.00148,158.6207464
2025-10-18 01:35:05.627,107176.18,0.00073,78.2386114
2025-10-18 01:35:05.629,107176.18,0.00073,78.2386114
2025-10-18 01:35:05.718,107176.18,0.00092,98.6020856
2025-10-18 01:35:05.719,107176.18,0.00092,98.6020856
2025-10-18 01:35:05.721,107176.18,0.00063,67.5209934
2025-10-18 01:35:05.723,107176.18,0.00082,87.8844676
2025-10-18 01:35:05.726,107176.18,0.00057,61.0904226
2025-10-18 01:35:05.793,107176.18,0.00063,67.5209934
2025-10-18 01:35:05.794,107176.18,0.00063,67.5209934
2025-10-18 01:35:05.799,107176.18,0.00048,51.4445664
2025-10-18 01:35:05.800,107176.18,0.00186,199.3476948
2025-10-18 01:35:05.804,107176.18,0.00092,98.6020856
2025-10-18 01:35:05.806,107176.18,0.00092,98.6020856
2025-10-18 01:35:05.986,107176.18,0.00069,73.95156419999999
2025-10-18 01:35:06.022,107176.17,0.00018,19.291710600000002
2025-10-18 01:35:06.116,107176.17,0.00092,98.6020764
2025-10-18 01:35:06.118,107176.17,0.00174,186.48653579999998
2025-10-18 01:35:06.119,107176.0,0.00082,87.88432
2025-10-18 01:35:06.122,107176.0,0.00092,98.60192
2025-10-18 01:35:06.123,107175.08,0.0001,10.717508
2025-10-18 01:35:06.125,107176.0,0.00342,366.54192
2025-10-18 01:35:06.126,107176.0,0.00363,389.04888
2025-10-18 01:35:06.127,107176.0,0.00088,94.31488
2025-10-18 01:35:06.134,107176.0,0.00048,51.44448
2025-10-18 01:35:06.138,107176.0,0.00092,98.60192
2025-10-18 01:35:06.143,107176.0,0.00048,51.44448
2025-10-18 01:35:06.146,107176.0,0.00092,98.60192
2025-10-18 01:35:06.147,107176.0,0.00046,49.30096
2025-10-18 01:35:06.163,107176.01,9e-05,9.6458409
2025-10-18 01:35:06.267,107176.0,0.00027,28.93752
2025-10-18 01:35:06.333,107176.0,0.00105,112.53479999999999
2025-10-18 01:35:06.334,107176.0,0.00088,94.31488
2025-10-18 01:35:06.338,107176.0,0.00098,105.03247999999999
2025-10-18 01:35:06.339,107176.0,0.00048,51.44448
2025-10-18 01:35:06.410,107176.0,0.00092,98.60192
2025-10-18 01:35:06.414,107176.0,0.00092,98.60192
2025-10-18 01:35:06.419,107176.0,0.00088,94.31488
2025-10-18 01:35:06.422,107176.0,0.00092,98.60192
2025-10-18 01:35:06.431,107176.0,0.00092,98.60192
2025-10-18 01:35:06.510,107176.0,0.00092,98.60192
2025-10-18 01:35:06.515,107176.0,0.00038,40.72688
2025-10-18 01:35:06.516,107176.0,0.00372,398.69472
2025-10-18 01:35:06.518,107176.0,0.0015,160.764
2025-10-18 01:35:06.582,107176.0,6e-05,6.43056
2025-10-18 01:35:06.617,107176.0,0.00092,98.60192
2025-10-18 01:35:06.659,107176.0,0.00283,303.30808
2025-10-18 01:35:06.662,107175.98,0.0018,192.916764
2025-10-18 01:35:06.667,107174.1,0.00092,98.60017200000001
2025-10-18 01:35:06.669,107174.1,0.012,1286.0892000000001
2025-10-18 01:35:06.670,107174.1,0.0076,814.5231600000001
2025-10-18 01:35:06.675,107174.1,0.012,1286.0892000000001
2025-10-18 01:35:06.679,107174.1,0.00092,98.60017200000001
2025-10-18 01:35:06.682,107174.1,0.00628,673.053348
2025-10-18 01:35:06.758,107174.1,0.00092,98.60017200000001
2025-10-18 01:35:06.767,107174.1,0.002,214.34820000000002
2025-10-18 01:35:07.164,107174.11,0.00286,306.5179546
2025-10-18 01:35:07.334,107174.08,0.0002,21.434816
2025-10-18 01:35:07.337,107174.0,0.00275,294.7285
2025-10-18 01:35:07.338,107173.99,0.0002,21.434798
2025-10-18 01:35:07.346,107170.25,0.00997,1068.4873925
2025-10-18 01:35:07.380,107170.25,0.00841,901.3018025000001
2025-10-18 01:35:07.413,107170.25,0.00468,501.55677000000003
2025-10-18 01:35:07.423,107170.25,0.01036,1110.28379
2025-10-18 01:35:07.428,107170.25,0.00458,490.839745
2025-10-18 01:35:07.445,107170.25,0.00462,495.126555
2025-10-18 01:35:07.530,107170.25,0.00608,651.5951200000001
2025-10-18 01:35:07.576,107170.25,0.00344,368.66566
2025-10-18 01:35:07.585,107170.25,0.0005,53.585125
2025-10-18 01:35:07.625,107170.24,0.00082,87.8795968
2025-10-18 01:35:07.629,107170.24,0.00178,190.7630272
2025-10-18 01:35:07.630,107168.75,6e-05,6.430125
2025-10-18 01:35:07.639,107168.49,0.0014,150.035886
2025-10-18 01:35:07.640,107168.49,0.00496,531.5557104000001
2025-10-18 01:35:07.641,107168.49,0.00237,253.98932130000003
2025-10-18 01:35:07.642,107168.49,0.0047,503.691903
2025-10-18 01:35:07.690,107168.49,0.00092,98.59501080000001
2025-10-18 01:35:07.692,107167.99,0.0002,21.433598000000003
2025-10-18 01:35:07.693,107165.62,0.0013,139.315306
2025-10-18 01:35:07.695,107165.62,0.00456,488.67522719999994
2025-10-18 01:35:07.696,107165.62,0.00124,132.88536879999998
2025-10-18 01:35:07.697,107165.62,0.00124,132.88536879999998
2025-10-18 01:35:07.774,107165.62,0.00092,98.5923704
2025-10-18 01:35:07.775,107165.62,0.00296,317.2102352
2025-10-18 01:35:07.780,107165.62,0.00248,265.77073759999996
2025-10-18 01:35:07.785,107165.62,0.00062,66.44268439999999
2025-10-18 01:35:07.927,107165.62,0.00092,98.5923704
2025-10-18 01:35:07.928,107165.62,0.00277,296.8487674
2025-10-18 01:35:07.930,107165.62,0.0014,150.031868
2025-10-18 01:35:07.931,107165.62,0.00295,316.138579
2025-10-18 01:35:07.932,107165.62,0.00074,79.3025588
2025-10-18 01:35:07.934,107165.62,0.00089,95.37740179999999
2025-10-18 01:35:07.935,107165.62,0.00089,95.37740179999999
2025-10-18 01:35:07.966,107165.62,0.00092,98.5923704
2025-10-18 01:35:07.969,107165.62,0.00125,133.957025
2025-10-18 01:35:07.971,107165.62,0.00134,143.6019308
2025-10-18 01:35:07.972,107165.62,0.00134,143.6019308
2025-10-18 01:35:08.309,107165.62,0.00011,11.7882182
2025-10-18 01:35:08.319,107165.62,0.012,1285.9874399999999
2025-10-18 01:35:08.320,107165.62,0.012,1285.9874399999999
2025-10-18 01:35:08.463,107165.62,0.00201,215.4028962
2025-10-18 01:35:08.821,107165.47,0.00412,441.52173640000007
2025-10-18 01:35:08.822,107165.47,0.0036,385.795692
2025-10-18 01:35:08.825,107165.47,0.0011,117.882017
2025-10-18 01:35:08.828,107163.94,5e-05,5.3581970000000005
2025-10-18 01:35:08.829,107162.07,0.012,1285.94484
2025-10-18 01:35:09.036,107162.07,0.00031,33.2202417
2025-10-18 01:35:09.037,107162.07,0.00456,488.6590392
2025-10-18 01:35:09.038,107162.07,0.0045,482.229315
2025-10-18 01:35:09.057,107162.08,0.00933,999.8222064
2025-10-18 01:35:09.701,107162.0,0.00285,305.4117
2025-10-18 01:35:09.714,107161.35,0.00062,66.440037
2025-10-18 01:35:09.718,107160.0,0.00031,33.2196
2025-10-18 01:35:09.719,107158.71,0.00897,961.2136287000001
2025-10-18 01:35:09.720,107158.71,0.012,1285.90452
2025-10-18 01:35:09.743,107160.0,0.01159,1241.9844
2025-10-18 01:35:09.744,107160.0,0.01159,1241.9844
2025-10-18 01:35:09.778,107159.99,0.00177,189.6731823
2025-10-18 01:35:09.783,107160.0,5e-05,5.3580000000000005
2025-10-18 01:35:09.784,107156.54,0.00015,16.073480999999997
2025-10-18 01:35:09.817,107156.53,0.00092,98.5840076
2025-10-18 01:35:09.818,107156.53,0.00031,33.2185243
2025-10-18 01:35:09.819,107156.53,0.00425,455.4152525
2025-10-18 01:35:09.821,107156.53,0.00177,189.66705810000002
2025-10-18 01:35:09.822,107156.53,0.00058,62.1507874
2025-10-18 01:35:09.973,107156.53,0.00374,400.7654222
2025-10-18 01:35:09.977,107156.53,0.00134,143.5897502
2025-10-18 01:35:10.012,107156.54,0.23092,24744.588216799995
2025-10-18 01:35:10.036,107152.99,0.0481,5154.058819
2025-10-18 01:35:10.309,107150.47,0.0225,2410.885575
2025-10-18 01:35:10.336,107150.47,0.00082,87.8633854
2025-10-18 01:35:10.337,107150.47,0.00205,219.6584635
2025-10-18 01:35:10.338,107150.47,0.00092,98.5784324
2025-10-18 01:35:10.340,107150.47,0.00031,33.2166457
2025-10-18 01:35:10.341,107150.47,0.0014,150.010658
2025-10-18 01:35:10.343,107150.47,0.00026,27.859122199999998
2025-10-18 01:35:10.468,107150.47,0.00086,92.14940419999999
2025-10-18 01:35:10.965,107150.47,0.00082,87.8633854
2025-10-18 01:35:10.966,107150.47,0.00309,331.0949523
2025-10-18 01:35:10.968,107150.47,0.00432,462.8900304
2025-10-18 01:35:11.209,107150.47,0.00191,204.65739770000002
2025-10-18 01:35:11.383,107150.48,0.0005,53.57524
2025-10-18 01:35:11.424,107150.48,0.00979,1049.0031992
2025-10-18 01:35:11.483,107150.48,0.04988,5344.6659424
2025-10-18 01:35:11.645,107150.47,0.0056,600.042632
2025-10-18 01:35:11.815,107150.47,0.00653,699.6925691
2025-10-18 01:35:11.849,107150.48,9e-05,9.6435432
2025-10-18 01:35:11.866,107150.48,0.0001,10.715048
2025-10-18 01:35:12.061,107150.47,0.00727,778.9839169
2025-10-18 01:35:12.083,107150.47,0.01,1071.5047
2025-10-18 01:35:12.201,107150.47,0.00746,799.3425062
2025-10-18 01:35:12.202,107150.47,0.01057,1132.5804679
2025-10-18 01:35:12.204,107150.47,0.02463,2639.1160761
2025-10-18 01:35:12.205,107150.47,0.00857,918.2795279
2025-10-18 01:35:12.206,107150.47,0.01038,1112.2218786
2025-10-18 01:35:12.207,107150.47,0.00082,87.8633854
2025-10-18 01:35:12.208,107150.47,0.00092,98.5784324
2025-10-18 01:35:12.209,107150.47,0.00092,98.5784324
2025-10-18 01:35:12.210,107150.47,0.00169,181.0842943
2025-10-18 01:35:12.211,107150.47,0.00077,82.5058619
2025-10-18 01:35:12.434,107150.47,0.00205,219.6584635
2025-10-18 01:35:12.435,107150.47,0.00088,94.2924136
2025-10-18 01:35:12.437,107150.47,0.0014,150.010658
2025-10-18 01:35:12.439,107150.47,0.0007,75.005329
2025-10-18 01:35:12.633,107150.47,0.00092,98.5784324
2025-10-18 01:35:12.634,107150.47,0.00458,490.7491526
2025-10-18 01:35:12.636,107150.47,0.00088,94.2924136
2025-10-18 01:35:12.638,107150.47,0.00106,113.5794982
2025-10-18 01:35:12.639,107150.47,0.00141,151.0821627
2025-10-18 01:35:12.640,107150.47,0.00031,33.2166457
2025-10-18 01:35:12.671,107150.47,1.0,107150.47
2025-10-18 01:35:12.895,107150.47,0.00031,33.2166457
2025-10-18 01:35:12.896,107150.47,0.00031,33.2166457
2025-10-18 01:35:12.898,107150.47,0.00093,99.6499371
2025-10-18 01:35:12.901,107150.47,0.00175,187.51332250000002
2025-10-18 01:35:12.960,107150.48,4e-05,4.2860192
2025-10-18 01:35:12.969,107150.47,0.00092,98.5784324
2025-10-18 01:35:12.970,107150.47,0.00092,98.5784324
2025-10-18 01:35:12.972,107150.47,0.00288,308.5933536
2025-10-18 01:35:12.977,107150.47,0.00382,409.31479540000004
2025-10-18 01:35:12.978,107150.47,0.00196,210.0149212
2025-10-18 01:35:12.979,107150.47,0.00261,279.6627267
2025-10-18 01:35:13.001,107150.47,0.00083,88.9348901
2025-10-18 01:35:13.103,107150.47,0.00092,98.5784324
2025-10-18 01:35:13.104,107150.47,0.00092,98.5784324
2025-10-18 01:35:13.106,107150.47,0.00088,94.2924136
2025-10-18 01:35:13.107,107150.47,0.0005,53.575235
2025-10-18 01:35:13.109,107150.48,0.00062,66.4332976
2025-10-18 01:35:13.173,107150.47,0.0012,128.58056399999998
2025-10-18 01:35:13.176,107150.47,0.0008,85.720376
2025-10-18 01:35:13.177,107150.47,0.00029,31.0736363
2025-10-18 01:35:13.178,107150.47,0.00029,31.0736363
2025-10-18 01:35:13.179,107150.47,0.00093,99.6499371
2025-10-18 01:35:13.181,107150.47,0.00014,15.0010658
2025-10-18 01:35:13.183,107150.47,0.00194,207.87191180000002
2025-10-18 01:35:13.184,107150.47,0.00064,68.57630080000001
2025-10-18 01:35:13.738,107150.48,0.00014,15.001067199999998
2025-10-18 01:35:13.773,107150.47,0.012,1285.80564
2025-10-18 01:35:14.028,107150.47,0.012,1285.80564
2025-10-18 01:35:14.033,107150.47,0.012,1285.80564
2025-10-18 01:35:14.237,107150.48,0.00093,99.6499464
2025-10-18 01:35:14.332,107150.47,0.0014,150.010658
2025-10-18 01:35:14.530,107150.47,0.012,1285.80564
2025-10-18 01:35:14.552,107150.48,0.08716,9339.2358368
2025-10-18 01:35:14.746,107150.47,0.01792,1920.1364224
2025-10-18 01:35:14.747,107150.47,0.01807,1936.2089928999999
2025-10-18 01:35:14.821,107150.47,0.00685,733.9807195000001
2025-10-18 01:35:15.009,107150.48,0.00279,298.9498392
2025-10-18 01:35:15.019,107150.47,0.012,1285.80564
2025-10-18 01:35:15.020,107150.47,0.012,1285.80564
2025-10-18 01:35:15.021,107150.47,0.012,1285.80564
2025-10-18 01:35:15.032,107150.48,0.00989,1059.7182472
2025-10-18 01:35:15.131,107150.47,0.012,1285.80564
2025-10-18 01:35:15.132,107150.47,0.012,1285.80564
2025-10-18 01:35:15.133,107150.47,0.012,1285.80564
2025-10-18 01:35:15.240,107150.47,0.00391,418.9583377
2025-10-18 01:35:15.261,107150.48,0.01806,1935.1376687999998
2025-10-18 01:35:15.374,107150.47,0.00048,51.4322256
2025-10-18 01:35:15.375,107150.47,0.00048,51.4322256
2025-10-18 01:35:15.376,107150.47,0.00048,51.4322256
2025-10-18 01:35:15.377,107150.47,0.00059,63.218777300000006
2025-10-18 01:35:15.542,107150.47,0.00125,133.9380875
2025-10-18 01:35:15.543,107150.47,0.00125,133.9380875
2025-10-18 01:35:15.549,107150.47,0.00375,401.8142625
2025-10-18 01:35:15.643,107150.47,0.012,1285.80564
2025-10-18 01:35:15.644,107150.47,0.012,1285.80564
2025-10-18 01:35:15.645,107150.47,0.012,1285.80564
2025-10-18 01:35:15.666,107150.47,0.27003,28933.8414141
2025-10-18 01:35:15.668,107150.0,0.00808,865.772
2025-10-18 01:35:15.712,107148.15,0.00208,222.86815199999998
2025-10-18 01:35:15.714,107148.15,0.00051,54.6455565
2025-10-18 01:35:15.721,107148.0,0.00082,87.86136
2025-10-18 01:35:15.722,107148.0,0.00082,87.86136
2025-10-18 01:35:15.723,107148.0,0.00132,141.43536
2025-10-18 01:35:15.732,107147.99,0.00024,25.715517600000002
2025-10-18 01:35:15.790,107147.99,0.00139,148.9357061
2025-10-18 01:35:15.791,107147.25,0.00139,148.9346775
2025-10-18 01:35:15.792,107147.25,0.00076,81.43191
2025-10-18 01:35:15.793,107147.24,0.0003,32.144172
2025-10-18 01:35:15.795,107147.24,0.00093,99.6469332
2025-10-18 01:35:15.797,107146.0,0.00175,187.5055
2025-10-18 01:35:15.799,107146.0,0.0013,139.28979999999999
2025-10-18 01:35:15.801,107144.73,0.00109,116.7877557
2025-10-18 01:35:15.802,107144.73,0.00109,116.7877557
2025-10-18 01:35:15.803,107144.73,0.00066,70.71552179999999
2025-10-18 01:35:15.804,107144.73,0.21781,23337.1936413
2025-10-18 01:35:15.806,107144.0,0.00295,316.0748
2025-10-18 01:35:15.809,107143.23,0.00496,531.4304208
2025-10-18 01:35:15.811,107143.22,0.0052,557.144744
2025-10-18 01:35:15.813,107143.01,0.01167,1250.3589267
2025-10-18 01:35:15.877,107143.02,4e-05,4.285720800000001
2025-10-18 01:35:16.531,107143.01,0.00109,116.7858809
2025-10-18 01:35:16.532,107143.01,0.00108,115.7144508
2025-10-18 01:35:16.883,107143.01,0.00108,115.7144508
2025-10-18 01:35:16.889,107143.01,0.00108,115.7144508
2025-10-18 01:35:16.891,107143.01,0.00155,166.0716655
2025-10-18 01:35:16.893,107143.01,0.00155,166.0716655
2025-10-18 01:35:17.210,107143.02,0.00412,441.4292424000001
2025-10-18 01:35:17.540,107143.02,0.00122,130.7144844
2025-10-18 01:35:17.781,107143.01,0.0001,10.714301
2025-10-18 01:35:17.827,107143.01,0.00161,172.5002461
2025-10-18 01:35:17.830,107143.01,0.00274,293.57184739999997
2025-10-18 01:35:17.839,107143.01,0.00273,292.5004173
2025-10-18 01:35:17.852,107143.02,0.00061,65.3572422
2025-10-18 01:35:17.869,107143.01,0.00144,154.2859344
2025-10-18 01:35:17.985,107143.01,0.00092,98.5715692
2025-10-18 01:35:17.986,107143.01,0.00092,98.5715692
2025-10-18 01:35:17.987,107143.01,0.00048,51.4286448
2025-10-18 01:35:17.988,107143.01,0.00238,255.0003638
2025-10-18 01:35:17.989,107143.01,0.00054,57.8572254
2025-10-18 01:35:18.010,107143.02,0.02921,3129.6476142
2025-10-18 01:35:18.102,107143.01,0.012,1285.71612
2025-10-18 01:35:18.184,107143.01,0.012,1285.71612
2025-10-18 01:35:18.190,107143.02,0.00064,68.57153280000001
2025-10-18 01:35:18.244,107143.02,0.00619,663.2152938
2025-10-18 01:35:18.537,107143.02,0.0006,64.28581199999999
2025-10-18 01:35:18.667,107143.01,0.012,1285.71612
2025-10-18 01:35:18.800,107143.01,0.012,1285.71612
2025-10-18 01:35:19.295,107143.01,0.00092,98.5715692
2025-10-18 01:35:19.297,107143.01,0.00364,390.0005564
2025-10-18 01:35:19.298,107143.01,0.00364,390.0005564
2025-10-18 01:35:19.299,107143.01,0.00455,487.5006955
2025-10-18 01:35:19.300,107143.01,0.002,214.28602
2025-10-18 01:35:19.301,107143.01,0.00376,402.85771759999994
2025-10-18 01:35:19.382,107143.02,0.00739,791.7869178
2025-10-18 01:35:19.722,107143.01,0.997,106821.58097
2025-10-18 01:35:19.726,107143.01,0.00192,205.7145792
2025-10-18 01:35:20.142,107141.06,0.00069,73.9273314
2025-10-18 01:35:20.185,107141.06,0.00913,978.1978777999999
2025-10-18 01:35:20.887,107141.06,0.00046,49.2848876
2025-10-18 01:35:21.020,107141.06,0.00046,49.2848876
2025-10-18 01:35:21.187,107141.06,0.01865,1998.180769
2025-10-18 01:35:21.256,107141.05,0.012,1285.6926
2025-10-18 01:35:21.415,107141.05,0.012,1285.6926
2025-10-18 01:35:21.416,107141.05,0.012,1285.6926
2025-10-18 01:35:21.435,107141.05,0.012,1285.6926
2025-10-18 01:35:21.436,107141.05,0.012,1285.6926
2025-10-18 01:35:21.437,107141.05,0.012,1285.6926
2025-10-18 01:35:21.576,107141.05,6e-05,6.428463000000001
2025-10-18 01:35:21.659,107141.06,0.00609,652.4890554
2025-10-18 01:35:22.167,107141.06,0.00119,127.4978614
2025-10-18 01:35:22.903,107141.06,0.01087,1164.6233221999998
2025-10-18 01:35:23.270,107141.05,9e-05,9.642694500000001
2025-10-18 01:35:23.295,107141.06,0.00157,168.2114642
2025-10-18 01:35:23.519,107141.05,0.24489,26237.771734500002
2025-10-18 01:35:23.979,107141.06,0.00582,623.5609691999999
2025-10-18 01:35:24.010,107141.06,0.0097,1039.268282
2025-10-18 01:35:24.811,107141.06,8e-05,8.5712848
2025-10-18 01:35:25.027,107141.06,0.03484,3732.7945304000004
2025-10-18 01:35:26.770,107141.06,0.00441,472.49207459999997
2025-10-18 01:35:27.120,107141.06,0.01029,1102.4815074
2025-10-18 01:35:27.121,107141.05,0.00567,607.4897535
2025-10-18 01:35:27.575,107141.06,0.01209,1295.3354153999999
2025-10-18 01:35:28.033,107141.06,5e-05,5.3570530000000005
2025-10-18 01:35:28.220,107141.05,0.00011,11.7855155
2025-10-18 01:35:28.322,107141.06,0.00893,956.7696658
2025-10-18 01:35:28.910,107141.06,8e-05,8.5712848
2025-10-18 01:35:29.716,107141.06,0.08758,9383.4140348
2025-10-18 01:35:29.813,107141.05,0.0042,449.99241
2025-10-18 01:35:29.923,107141.05,0.00022,23.571031
2025-10-18 01:35:30.104,107141.06,0.0002,21.428212000000002
2025-10-18 01:35:30.210,107140.0,0.02055,2201.727
2025-10-18 01:35:30.211,107139.97,0.00015,16.0709955
2025-10-18 01:35:30.214,107139.76,0.00065,69.64084399999999
2025-10-18 01:35:30.325,107138.95,0.00015,16.070842499999998
2025-10-18 01:35:30.326,107138.0,0.0031,332.1278
2025-10-18 01:35:30.328,107137.99,0.0002,21.427598000000003
2025-10-18 01:35:30.346,107137.99,0.00196,209.99046040000002
2025-10-18 01:35:30.348,107137.99,0.00044,47.14071560000001
2025-10-18 01:35:30.350,107137.99,0.0004,42.85519600000001
2025-10-18 01:35:30.351,107137.99,5e-05,5.356899500000001
2025-10-18 01:35:30.352,107136.59,0.00111,118.92161490000001
2025-10-18 01:35:30.971,107136.6,0.00048,51.425568000000005
2025-10-18 01:35:30.984,107136.6,0.00019,20.355954
2025-10-18 01:35:31.010,107136.6,0.00981,1051.0100459999999
2025-10-18 01:35:31.457,107136.59,0.00063,67.4960517
2025-10-18 01:35:31.831,107136.6,0.005,535.683
2025-10-18 01:35:31.876,107136.59,0.003,321.40977
2025-10-18 01:35:32.208,107136.59,0.04965,5319.331693499999
2025-10-18 01:35:32.292,107136.59,0.00045,48.211465499999996
2025-10-18 01:35:32.654,107136.59,0.0007,74.99561299999999
2025-10-18 01:35:32.737,107136.58,0.012,1285.63896
2025-10-18 01:35:32.741,107136.58,0.012,1285.63896
2025-10-18 01:35:32.928,107136.58,0.00274,293.5542292
2025-10-18 01:35:33.115,107131.76,5e-05,5.356588
2025-10-18 01:35:33.119,107125.88,6e-05,6.427552800000001
2025-10-18 01:35:33.203,107125.88,0.012,1285.5105600000002
2025-10-18 01:35:33.204,107125.88,0.012,1285.5105600000002
2025-10-18 01:35:33.205,107125.88,0.012,1285.5105600000002
2025-10-18 01:35:33.268,107125.89,0.00049,52.491686099999995
2025-10-18 01:35:33.411,107125.89,0.07157,7666.9999473
2025-10-18 01:35:33.638,107125.88,0.012,1285.5105600000002
2025-10-18 01:35:33.639,107125.88,0.012,1285.5105600000002
2025-10-18 01:35:34.256,107125.89,0.00024,25.7102136
2025-10-18 01:35:34.275,107125.89,0.001,107.12589
2025-10-18 01:35:35.067,107125.89,0.00046,49.2779094
2025-10-18 01:35:35.511,107125.89,0.00054,57.8479806
2025-10-18 01:35:35.768,107125.89,0.02998,3211.6341822
2025-10-18 01:35:36.056,107125.89,0.04989,5344.5106521
2025-10-18 01:35:36.179,107125.89,0.00989,1059.4750520999999
2025-10-18 01:35:36.358,107125.88,0.00129,138.1923852
2025-10-18 01:35:36.760,107125.89,0.00084,89.9857476
2025-10-18 01:35:36.986,107125.89,0.01638,1754.7220782
2025-10-18 01:35:37.632,107125.89,0.00659,705.9596151000001
2025-10-18 01:35:37.897,107125.89,0.00933,999.4845537
2025-10-18 01:35:38.717,107125.88,0.00082,87.8432216
2025-10-18 01:35:38.728,107125.89,0.0005,53.562945
2025-10-18 01:35:40.298,107125.89,0.00066,70.7030874
2025-10-18 01:35:40.363,107125.88,8e-05,8.5700704
2025-10-18 01:35:40.491,107125.88,0.00518,554.9120584
2025-10-18 01:35:41.970,107125.88,0.00037,39.6365756
2025-10-18 01:35:42.190,107125.88,0.00145,155.332526
2025-10-18 01:35:42.357,107125.89,0.00176,188.5415664
2025-10-18 01:35:42.414,107125.88,8e-05,8.5700704
2025-10-18 01:35:42.715,107123.91,0.00015,16.0685865
2025-10-18 01:35:42.718,107120.9,0.00032,34.278688
2025-10-18 01:35:43.024,107120.89,0.00012,12.854506800000001
2025-10-18 01:35:43.193,107120.9,0.0053,567.74077
2025-10-18 01:35:43.202,107120.9,0.00034,36.421106
2025-10-18 01:35:43.575,107120.9,6e-05,6.427254
2025-10-18 01:35:44.204,107120.89,0.012,1285.45068
2025-10-18 01:35:44.205,107120.89,0.012,1285.45068
2025-10-18 01:35:44.206,107120.89,0.012,1285.45068
2025-10-18 01:35:44.443,107120.89,8e-05,8.5696712
2025-10-18 01:35:45.221,107120.9,0.00533,570.954397
2025-10-18 01:35:46.119,107120.9,0.00075,80.34067499999999
2025-10-18 01:35:46.725,107120.9,0.04173,4470.155157
2025-10-18 01:35:48.518,107120.9,0.028,2999.3851999999997
2025-10-18 01:35:48.543,107120.9,0.028,2999.3851999999997
2025-10-18 01:35:48.781,107120.9,0.00053,56.774077
2025-10-18 01:35:49.596,107120.89,0.05626,6026.621271399999
2025-10-18 01:35:50.008,107120.89,6e-05,6.427253400000001
2025-10-18 01:35:50.009,107120.89,7e-05,7.498462299999999
2025-10-18 01:35:50.010,107120.89,5e-05,5.3560445
2025-10-18 01:35:50.012,107120.89,5e-05,5.3560445
2025-10-18 01:35:50.013,107120.89,0.00027,28.9226403
2025-10-18 01:35:50.014,107120.89,8e-05,8.5696712
2025-10-18 01:35:50.016,107120.89,5e-05,5.3560445
2025-10-18 01:35:50.017,107120.89,7e-05,7.498462299999999
2025-10-18 01:35:50.019,107120.89,5e-05,5.3560445
2025-10-18 01:35:50.022,107120.89,6e-05,6.427253400000001
2025-10-18 01:35:50.025,107120.89,0.00082,87.8391298
2025-10-18 01:35:50.027,107120.89,0.00015,16.0681335
2025-10-18 01:35:50.040,107120.89,7e-05,7.498462299999999
2025-10-18 01:35:50.318,107120.9,0.00276,295.65368399999994
2025-10-18 01:35:50.681,107120.9,0.00015,16.068134999999998
2025-10-18 01:35:50.685,107120.9,8e-05,8.569672
2025-10-18 01:35:51.419,107120.89,0.00019,20.3529691
2025-10-18 01:35:51.558,107120.9,0.3934,42141.36206
2025-10-18 01:35:51.559,107120.9,0.1794,19217.48946
2025-10-18 01:35:51.560,107123.71,0.02064,2211.0333744
2025-10-18 01:35:51.572,107125.9,0.0002,21.42518
2025-10-18 01:35:51.609,107130.0,0.0001,10.713000000000001
2025-10-18 01:35:51.620,107131.02,0.028,2999.66856
2025-10-18 01:35:51.624,107131.02,0.27346,29296.0487292
2025-10-18 01:35:51.626,107136.51,0.00015,16.070476499999998
2025-10-18 01:35:51.644,107136.52,0.028,2999.82256
2025-10-18 01:35:51.771,107136.52,0.00012,12.856382400000001
2025-10-18 01:35:52.371,107136.51,7e-05,7.499555699999999
2025-10-18 01:35:52.390,107136.51,5e-05,5.3568255
2025-10-18 01:35:52.398,107136.51,6e-05,6.4281906
2025-10-18 01:35:52.438,107136.51,5e-05,5.3568255
2025-10-18 01:35:52.539,107136.51,5e-05,5.3568255
2025-10-18 01:35:52.554,107136.51,8e-05,8.5709208
2025-10-18 01:35:52.597,107136.51,0.00013,13.927746299999997
2025-10-18 01:35:52.599,107136.51,6e-05,6.4281906
2025-10-18 01:35:52.600,107136.51,5e-05,5.3568255
2025-10-18 01:35:52.700,107136.51,6e-05,6.4281906
2025-10-18 01:35:52.859,107136.51,6e-05,6.4281906
2025-10-18 01:35:52.867,107136.52,5e-05,5.356826000000001
2025-10-18 01:35:52.991,107136.51,5e-05,5.3568255
2025-10-18 01:35:53.209,107136.51,0.0095,1017.796845
2025-10-18 01:35:54.014,107136.51,0.0001,10.713651
2025-10-18 01:35:54.062,107136.52,0.0039,417.832428
2025-10-18 01:35:54.066,107136.51,0.00017,18.2132067
2025-10-18 01:35:54.274,107136.51,0.00026,27.855492599999994
2025-10-18 01:35:54.527,107136.52,0.013,1392.77476
2025-10-18 01:35:55.103,107136.52,0.001,107.13652
2025-10-18 01:35:55.202,107136.52,0.002,214.27304
2025-10-18 01:35:55.300,107136.52,0.001,107.13652
2025-10-18 01:35:55.647,107136.52,0.028,2999.82256
2025-10-18 01:35:55.648,107136.52,0.011,1178.50172
2025-10-18 01:35:55.796,107136.51,0.05343,5724.3037293
2025-10-18 01:35:56.224,107136.52,0.028,2999.82256
2025-10-18 01:35:56.278,107136.52,0.028,2999.82256
2025-10-18 01:35:56.575,107136.51,8e-05,8.5709208
2025-10-18 01:35:56.597,107136.51,0.08537,9146.2438587
2025-10-18 01:35:57.315,107145.92,0.26437,28326.1668704
2025-10-18 01:35:57.351,107146.0,0.03063,3281.88198
2025-10-18 01:35:57.431,107145.99,0.00311,333.2240289
2025-10-18 01:35:57.432,107145.99,0.00311,333.2240289
2025-10-18 01:35:57.454,107146.0,0.001,107.146
2025-10-18 01:35:57.462,107146.0,0.021,2250.0660000000003
2025-10-18 01:35:57.946,107146.0,0.00933,999.67218
2025-10-18 01:35:58.069,107146.0,0.0007,75.0022
2025-10-18 01:35:58.143,107146.0,0.0001,10.7146
2025-10-18 01:35:58.959,107146.0,0.00125,133.9325
2025-10-18 01:35:59.067,107145.99,7e-05,7.5002192999999995
2025-10-18 01:36:00.348,107146.0,0.00063,67.50198
2025-10-18 01:36:00.579,107145.99,0.00269,288.2227131
2025-10-18 01:36:01.037,107145.99,0.00056,60.001754399999996
2025-10-18 01:36:01.243,107145.99,0.00015,16.0718985
2025-10-18 01:36:01.278,107146.0,0.00011,11.78606
2025-10-18 01:36:01.375,107146.0,0.0001,10.7146
2025-10-18 01:36:01.492,107146.0,0.00035,37.5011
2025-10-18 01:36:02.425,107145.99,5e-05,5.357299500000001
2025-10-18 01:36:02.759,107145.99,0.00187,200.3630013
2025-10-18 01:36:03.985,107145.99,6e-05,6.428759400000001
2025-10-18 01:36:05.099,107145.99,0.012,1285.75188
2025-10-18 01:36:05.100,107145.99,0.012,1285.75188
2025-10-18 01:36:05.109,107145.99,0.44846,48050.69067540001
2025-10-18 01:36:05.113,107145.94,0.00015,16.071890999999997
2025-10-18 01:36:05.114,107145.93,0.00075,80.3594475
2025-10-18 01:36:05.359,107145.92,0.006,642.87552
2025-10-18 01:36:05.360,107145.92,0.006,642.87552
2025-10-18 01:36:05.415,107145.92,0.002,214.29184
2025-10-18 01:36:05.422,107145.92,0.00266,285.0081472
2025-10-18 01:36:05.424,107143.56,5e-05,5.357178
2025-10-18 01:36:05.532,107142.83,0.0016,171.428528
2025-10-18 01:36:05.546,107142.44,0.001,107.14244000000001
2025-10-18 01:36:05.548,107142.44,0.00045,48.214098
2025-10-18 01:36:05.550,107142.43,0.001,107.14242999999999
2025-10-18 01:36:05.551,107141.83,0.00015,16.071274499999998
2025-10-18 01:36:05.715,107134.7,0.00015,16.070204999999998
2025-10-18 01:36:05.876,107134.68,0.001,107.13467999999999
2025-10-18 01:36:05.879,107134.68,0.001,107.13467999999999
2025-10-18 01:36:05.891,107134.68,0.001,107.13467999999999
2025-10-18 01:36:06.202,107134.69,0.001,107.13469
2025-10-18 01:36:06.388,107134.69,0.00023,24.6409787
2025-10-18 01:36:07.010,107134.68,0.004,428.53871999999996
2025-10-18 01:36:07.215,107134.69,7e-05,7.4994283
2025-10-18 01:36:07.521,107134.68,0.012,1285.61616
2025-10-18 01:36:07.522,107134.61,0.0001,10.713461
2025-10-18 01:36:07.529,107133.06,0.00974,1043.4760044
2025-10-18 01:36:07.530,107133.05,0.00108,115.703694
2025-10-18 01:36:07.532,107133.05,0.00012,12.855966
2025-10-18 01:36:07.579,107129.77,0.00014,14.9981678
2025-10-18 01:36:07.591,107129.76,0.00011,11.7842736
2025-10-18 01:36:07.616,107127.35,5e-05,5.3563675
2025-10-18 01:36:07.642,107124.25,0.012,1285.491
2025-10-18 01:36:07.643,107124.25,0.012,1285.491
2025-10-18 01:36:07.644,107124.25,0.012,1285.491
2025-10-18 01:36:07.876,107124.25,0.0014,149.97395
2025-10-18 01:36:08.262,107124.25,0.012,1285.491
2025-10-18 01:36:08.279,107123.05,5e-05,5.3561525
2025-10-18 01:36:08.630,107122.7,0.012,1285.4723999999999
2025-10-18 01:36:08.993,107122.7,0.012,1285.4723999999999
2025-10-18 01:36:10.126,107122.7,0.012,1285.4723999999999
2025-10-18 01:36:10.127,107122.7,0.012,1285.4723999999999
2025-10-18 01:36:10.128,107122.7,0.012,1285.4723999999999
2025-10-18 01:36:10.167,107122.71,0.0012,128.547252
2025-10-18 01:36:10.579,107122.7,0.00522,559.180494
2025-10-18 01:36:11.332,107122.71,0.006,642.73626
2025-10-18 01:36:11.575,107122.7,6e-05,6.427362
2025-10-18 01:36:12.412,107122.71,0.00028,29.9943588
2025-10-18 01:36:12.564,107122.7,0.012,1285.4723999999999
2025-10-18 01:36:12.565,107122.7,0.012,1285.4723999999999
2025-10-18 01:36:12.864,107122.71,0.0181,1938.9210510000003
2025-10-18 01:36:14.112,107122.71,0.00013,13.925952299999999
2025-10-18 01:36:14.844,107122.7,0.012,1285.4723999999999
2025-10-18 01:36:15.785,107122.71,0.00041,43.9203111
2025-10-18 01:36:15.932,107122.71,0.00084,89.98307640000002
2025-10-18 01:36:16.032,107122.7,0.00025,26.780675
2025-10-18 01:36:16.101,107122.71,9e-05,9.641043900000001
2025-10-18 01:36:16.194,107122.7,0.012,1285.4723999999999
2025-10-18 01:36:16.271,107122.71,0.00856,916.9703976000001
2025-10-18 01:36:16.405,107122.7,0.012,1285.4723999999999
2025-10-18 01:36:16.723,107122.7,0.00298,319.225646
2025-10-18 01:36:16.899,107122.7,0.012,1285.4723999999999
2025-10-18 01:36:16.982,107122.7,0.00014,14.997177999999998
2025-10-18 01:36:17.440,107122.71,0.00281,301.0148151
2025-10-18 01:36:17.532,107122.71,0.00015,16.0684065
2025-10-18 01:36:17.619,107122.71,0.0004,42.849084000000005
2025-10-18 01:36:17.737,107122.71,0.00047,50.3476737
2025-10-18 01:36:17.885,107122.71,0.0001,10.712271000000001
2025-10-18 01:36:17.918,107122.71,0.00019,20.3533149
2025-10-18 01:36:18.025,107122.71,0.00094,100.6953474
2025-10-18 01:36:18.083,107122.71,0.0003,32.136813
2025-10-18 01:36:18.118,107122.71,0.00032,34.27926720000001
2025-10-18 01:36:18.123,107122.71,0.0001,10.712271000000001
2025-10-18 01:36:18.581,107122.71,0.00069,73.9146699
2025-10-18 01:36:18.817,107122.71,8e-05,8.569816800000002
2025-10-18 01:36:18.990,107122.71,9e-05,9.641043900000001
2025-10-18 01:36:19.169,107122.71,0.00019,20.3533149
2025-10-18 01:36:19.275,107122.71,0.0001,10.712271000000001
2025-10-18 01:36:19.475,107122.71,0.0001,10.712271000000001
2025-10-18 01:36:19.925,107122.71,0.0001,10.712271000000001
2025-10-18 01:36:20.356,107122.7,0.00017,18.210859
2025-10-18 01:36:20.392,107122.71,0.00152,162.8265192
2025-10-18 01:36:20.724,107122.71,0.00075,80.3420325
2025-10-18 01:36:21.841,107122.71,0.00065,69.6297615
2025-10-18 01:36:22.813,107122.71,0.0248,2656.643208
2025-10-18 01:36:22.819,107130.79,0.0062,664.2108979999999
2025-10-18 01:36:22.822,107130.78,0.0019,203.548482
2025-10-18 01:36:23.332,107130.79,0.00014,14.998310599999998
2025-10-18 01:36:23.366,107130.79,0.0001,10.713079
2025-10-18 01:36:23.516,107138.59,5e-05,5.3569295
2025-10-18 01:36:24.402,107141.66,0.028,2999.96648
2025-10-18 01:36:24.554,107141.66,0.00105,112.49874299999999
2025-10-18 01:36:25.044,107141.66,0.00405,433.923723
2025-10-18 01:36:25.863,107141.66,0.028,2999.96648
2025-10-18 01:36:25.960,107141.66,0.00698,747.8487868000001
2025-10-18 01:36:25.974,107142.75,0.00081,86.78562749999999
2025-10-18 01:36:26.015,107152.91,0.00015,16.0729365
2025-10-18 01:36:26.038,107152.92,0.07032,7534.993334399999
2025-10-18 01:36:26.115,107155.75,6e-05,6.4293450000000005
2025-10-18 01:36:27.280,107157.13,0.0006,64.29427799999999
2025-10-18 01:36:27.695,107157.13,0.00255,273.25068150000004
2025-10-18 01:36:27.723,107157.12,0.00848,908.6923775999999
2025-10-18 01:36:27.751,107157.12,0.0055,589.36416
2025-10-18 01:36:29.183,107157.12,0.0028,300.039936
2025-10-18 01:36:29.283,107157.13,0.00389,416.84123569999997
2025-10-18 01:36:29.720,107157.12,0.00123,131.8032576
2025-10-18 01:36:30.204,107157.13,0.00186,199.31226180000002
2025-10-18 01:36:30.237,107157.13,0.00105,112.51498649999999
2025-10-18 01:36:30.378,107157.12,0.012,1285.88544
2025-10-18 01:36:30.515,107149.23,0.19404,20791.236589199998
2025-10-18 01:36:30.682,107149.22,0.00039,41.7881958
2025-10-18 01:36:30.981,107149.22,0.0001,10.714922000000001
2025-10-18 01:36:31.457,107149.23,0.00059,63.2180457
2025-10-18 01:36:31.825,107149.23,0.00094,100.72027619999999
2025-10-18 01:36:32.586,107149.22,0.00011,11.786414200000001
2025-10-18 01:36:32.887,107149.23,0.00746,799.3332558
2025-10-18 01:36:33.414,107149.23,9e-05,9.6434307
2025-10-18 01:36:33.939,107149.23,0.03348,3587.3562204
2025-10-18 01:36:34.783,107149.22,0.00025,26.787305
2025-10-18 01:36:34.889,107149.23,0.00169,181.0821987
2025-10-18 01:36:36.558,107149.23,0.00025,26.7873075
2025-10-18 01:36:36.576,107149.22,7e-05,7.500445399999999
2025-10-18 01:36:37.290,107149.22,0.002,214.29844
2025-10-18 01:36:37.291,107149.22,0.00184,197.1545648
2025-10-18 01:36:37.293,107149.21,0.00084,90.0053364
2025-10-18 01:36:37.720,107149.2,0.01,1071.492
2025-10-18 01:36:38.369,107149.21,0.00014,15.0008894
2025-10-18 01:36:38.514,107149.2,0.00141,151.080372
2025-10-18 01:36:38.586,107149.11,0.01866,1999.4023926
2025-10-18 01:36:38.832,107149.11,0.0001,10.714911
2025-10-18 01:36:39.192,107149.11,0.00257,275.37321269999995
2025-10-18 01:36:39.233,107146.01,0.00025,26.7865025
2025-10-18 01:36:39.238,107142.25,0.00015,16.0713375
2025-10-18 01:36:39.243,107142.24,0.0014,149.999136
2025-10-18 01:36:39.244,107141.06,0.012,1285.69272
2025-10-18 01:36:39.249,107141.06,0.012,1285.69272
2025-10-18 01:36:39.292,107141.06,0.00196,209.9964776
2025-10-18 01:36:39.885,107141.07,0.0005,53.57053500000001
2025-10-18 01:36:39.903,107141.07,9e-05,9.6426963
2025-10-18 01:36:40.322,107141.07,0.001,107.14107000000001
2025-10-18 01:36:41.922,107141.07,9e-05,9.6426963
2025-10-18 01:36:42.531,107141.06,0.00189,202.4966034
2025-10-18 01:36:43.257,107146.09,5e-05,5.3573045
2025-10-18 01:36:43.744,107148.45,0.01196,1281.495462
2025-10-18 01:36:44.191,107148.46,0.001,107.14846000000001
2025-10-18 01:36:45.525,107148.46,0.00015,16.072269
2025-10-18 01:36:45.580,107148.46,0.0007,75.003922
2025-10-18 01:36:46.193,107148.46,0.0006,64.289076
2025-10-18 01:36:46.721,107148.46,0.01399,1499.0069554000002
2025-10-18 01:36:47.023,107148.46,0.00067,71.7894682
2025-10-18 01:36:47.709,107148.46,0.003,321.44538
2025-10-18 01:36:48.315,107148.45,0.00018,19.286721
2025-10-18 01:36:49.037,107148.46,0.00259,277.5145114
2025-10-18 01:36:49.157,107148.46,9e-05,9.643361400000002
2025-10-18 01:36:49.617,107148.46,0.00916,981.4798936000001
2025-10-18 01:36:50.667,107148.46,0.00753,806.8279038000001
2025-10-18 01:36:50.838,107148.45,0.00027,28.9300815
2025-10-18 01:36:51.215,107148.46,0.02799,2999.0853954000004
2025-10-18 01:36:51.602,107148.46,0.07386,7913.9852556
2025-10-18 01:36:51.626,107148.46,0.025,2678.7115000000003
2025-10-18 01:36:52.582,107148.45,0.00011,11.7863295
2025-10-18 01:36:52.869,107148.46,5e-05,5.357423000000001
2025-10-18 01:36:53.218,107148.46,0.00085,91.076191
2025-10-18 01:36:53.509,107148.45,0.02333,2499.7733385
2025-10-18 01:36:55.825,107148.45,0.012,1285.7814
2025-10-18 01:36:56.149,107148.45,0.012,1285.7814
2025-10-18 01:36:56.150,107148.45,0.012,1285.7814
2025-10-18 01:36:56.715,107148.45,0.01984,2125.825248
2025-10-18 01:36:56.716,107141.15,0.00015,16.0711725
2025-10-18 01:36:57.019,107141.15,0.0033,353.565795
2025-10-18 01:36:57.343,107140.57,0.00015,16.0710855
2025-10-18 01:36:57.352,107139.5,6e-05,6.42837
2025-10-18 01:36:57.353,107138.51,0.002,214.27702
2025-10-18 01:36:57.508,107137.59,0.15858,16989.8790222
2025-10-18 01:36:57.690,107137.58,0.012,1285.65096
2025-10-18 01:36:57.691,107137.58,0.012,1285.65096
2025-10-18 01:36:57.692,107137.58,0.012,1285.65096
2025-10-18 01:36:57.834,107137.56,0.0002,21.427512
2025-10-18 01:36:57.847,107137.51,0.00145,155.34938949999997
2025-10-18 01:36:57.949,107137.25,0.00225,241.0588125
2025-10-18 01:36:58.120,107137.25,0.25896,27744.262260000003
2025-10-18 01:36:58.916,107137.24,0.00461,493.9026764000001
2025-10-18 01:36:58.969,107137.25,5e-05,5.3568625
2025-10-18 01:36:59.259,107137.25,0.028,2999.843
2025-10-18 01:36:59.475,107137.24,0.00939,1006.0186836000001
2025-10-18 01:37:00.389,107137.25,0.00063,67.49646750000001
2025-10-18 01:37:00.436,107137.25,0.0005,53.568625000000004
2025-10-18 01:37:00.591,107137.24,0.00594,636.3952056
2025-10-18 01:37:00.977,107137.25,9e-05,9.642352500000001
2025-10-18 01:37:01.018,107137.25,0.01465,1569.5607125
2025-10-18 01:37:01.100,107137.24,0.00027,28.9270548
2025-10-18 01:37:01.136,107137.25,0.001,107.13725000000001
2025-10-18 01:37:01.236,107137.24,0.00011,11.7850964
2025-10-18 01:37:02.147,107137.25,0.003,321.41175
2025-10-18 01:37:02.513,107137.25,0.00028,29.99843
2025-10-18 01:37:03.133,107137.24,5e-05,5.3568620000000005
2025-10-18 01:37:03.358,107137.25,0.00014,14.999215
2025-10-18 01:37:03.666,107137.25,0.00267,286.0564575
2025-10-18 01:37:04.076,107137.25,0.01115,1194.5803375
2025-10-18 01:37:04.110,107137.25,0.00018,19.284705000000002
2025-10-18 01:37:04.119,107137.24,0.54285,58159.450734000005
2025-10-18 01:37:04.808,107137.25,6e-05,6.428235
2025-10-18 01:37:04.907,107137.25,0.0021,224.988225
2025-10-18 01:37:05.215,107134.17,0.00015,16.0701255
2025-10-18 01:37:05.448,107130.1,0.00047,50.351147000000005
2025-10-18 01:37:05.754,107130.1,0.07386,7912.629186
2025-10-18 01:37:05.921,107130.09,0.007,749.91063
2025-10-18 01:37:06.782,107130.1,0.0364,3899.5356400000005
2025-10-18 01:37:07.732,107130.1,0.00013,13.926912999999999
2025-10-18 01:37:08.121,107130.1,0.00356,381.383156
2025-10-18 01:37:09.506,107130.1,0.00426,456.374226
2025-10-18 01:37:09.589,107130.1,0.00064,68.563264
2025-10-18 01:37:09.641,107130.1,0.00965,1033.8054650000001
2025-10-18 01:37:09.917,107130.09,0.012,1285.56108
2025-10-18 01:37:09.918,107130.09,0.012,1285.56108
2025-10-18 01:37:10.025,107130.09,5e-05,5.3565045
2025-10-18 01:37:10.052,107130.1,0.00162,173.550762
2025-10-18 01:37:10.151,107130.1,0.01404,1504.106604
2025-10-18 01:37:10.220,107130.09,0.00011,11.7843099
2025-10-18 01:37:11.267,107130.1,0.00046,49.279846000000006
2025-10-18 01:37:11.422,107130.1,0.001,107.13010000000001
2025-10-18 01:37:13.091,107130.09,0.00081,86.7753729
2025-10-18 01:37:13.272,107130.1,0.00331,354.600631
2025-10-18 01:37:13.568,107130.1,0.07387,7913.700487000001
2025-10-18 01:37:13.570,107130.1,0.0103,1103.44003
2025-10-18 01:37:13.940,107130.1,0.04988,5343.649388000001
2025-10-18 01:37:14.182,107130.09,0.00585,626.7110265
2025-10-18 01:37:14.740,107130.1,0.00761,815.260061
2025-10-18 01:37:14.871,107130.1,5e-05,5.356505
2025-10-18 01:37:14.873,107130.1,0.38237,40963.336337
2025-10-18 01:37:14.973,107138.47,0.00529,566.7625063
2025-10-18 01:37:14.997,107138.47,0.028,2999.87716
2025-10-18 01:37:15.982,107138.46,0.00374,400.6978404
2025-10-18 01:37:16.584,107138.46,7e-05,7.4996922
2025-10-18 01:37:16.740,107143.68,0.00849,909.6498431999999
2025-10-18 01:37:16.756,107144.41,0.00015,16.071661499999998
2025-10-18 01:37:16.762,107144.42,0.00268,287.1470456
2025-10-18 01:37:17.218,107147.13,0.00019,20.3579547
2025-10-18 01:37:17.511,107147.13,0.00055,58.930921500000004
2025-10-18 01:37:17.657,107147.13,0.01773,1899.7186149
2025-10-18 01:37:18.362,107147.12,5e-05,5.357356
2025-10-18 01:37:18.776,107147.13,0.0006,64.28827799999999
2025-10-18 01:37:19.491,107147.13,0.028,3000.1196400000003
2025-10-18 01:37:19.495,107147.13,0.028,3000.1196400000003
2025-10-18 01:37:19.515,107147.13,0.00091,97.5038883
2025-10-18 01:37:19.615,107152.67,0.0001,10.715267
2025-10-18 01:37:20.362,107157.12,0.00188,201.45538559999997
2025-10-18 01:37:20.481,107157.11,0.00934,1000.8474074
2025-10-18 01:37:20.976,107157.12,0.01865,1998.480288
2025-10-18 01:37:21.579,107157.12,6e-05,6.4294272
2025-10-18 01:37:21.773,107157.12,0.00249,266.8212288
2025-10-18 01:37:22.510,107157.11,0.001,107.15711
2025-10-18 01:37:22.702,107157.12,0.00013,13.930425599999998
2025-10-18 01:37:22.742,107157.11,0.00037,39.6481307
2025-10-18 01:37:23.143,107157.12,0.00102,109.30026240000001
2025-10-18 01:37:23.770,107157.11,0.00186,199.3122246
2025-10-18 01:37:24.619,107157.11,0.00186,199.3122246
2025-10-18 01:37:24.743,107157.12,0.00093,99.6561216
2025-10-18 01:37:25.625,107157.12,0.00186,199.3122432
2025-10-18 01:37:26.083,107157.11,0.00097,103.9423967
2025-10-18 01:37:27.178,107157.12,0.01531,1640.5755072
2025-10-18 01:37:28.319,107157.11,0.00424,454.3461464
2025-10-18 01:37:28.427,107157.11,0.00496,531.4992656000001
2025-10-18 01:37:28.825,107157.12,0.028,3000.39936
2025-10-18 01:37:29.192,107157.11,0.0023,246.461353
2025-10-18 01:37:29.367,107157.12,0.06249,6696.2484288
2025-10-18 01:37:30.040,107157.12,0.00184,197.1691008
2025-10-18 01:37:30.042,107157.11,0.01365,1462.6945515
2025-10-18 01:37:30.225,107157.12,0.00872,934.4100864
2025-10-18 01:37:31.170,107157.12,0.54866,58792.8254592
2025-10-18 01:37:31.591,107157.12,0.00137,146.8052544
2025-10-18 01:37:32.094,107157.11,0.00013,13.930424299999999
2025-10-18 01:37:32.321,107157.11,0.00466,499.3521326
2025-10-18 01:37:32.475,107157.11,0.00011,11.7872821
2025-10-18 01:37:32.514,107157.12,7e-05,7.500998399999999
2025-10-18 01:37:32.566,107157.12,7e-05,7.500998399999999
2025-10-18 01:37:32.711,107157.11,0.0002,21.431422
2025-10-18 01:37:32.868,107157.12,0.02164,2318.8800767999996
2025-10-18 01:37:33.055,107157.12,0.0002,21.431424
2025-10-18 01:37:33.718,107157.12,0.00014,15.001996799999999
2025-10-18 01:37:34.033,107157.12,0.04203,4503.8137535999995
2025-10-18 01:37:34.433,107157.11,0.00019,20.3598509
2025-10-18 01:37:34.483,107157.12,0.01085,1162.654752
2025-10-18 01:37:34.549,107157.12,0.00093,99.6561216
2025-10-18 01:37:34.703,107157.12,0.00151,161.8072512
2025-10-18 01:37:36.946,107157.12,5e-05,5.357856
2025-10-18 01:37:37.031,107157.11,0.00017,18.2167087
2025-10-18 01:37:37.343,107157.12,0.00013,13.930425599999998
2025-10-18 01:37:37.692,107157.11,0.00279,298.9683369
2025-10-18 01:37:38.301,107157.12,0.00022,23.5745664
2025-10-18 01:37:38.576,107157.12,7e-05,7.500998399999999
2025-10-18 01:37:39.254,107157.12,0.028,3000.39936
2025-10-18 01:37:41.575,107157.12,0.0008,85.725696
2025-10-18 01:37:42.154,107157.12,0.00181,193.95438719999999
2025-10-18 01:37:42.270,107157.12,0.00024,25.7177088
2025-10-18 01:37:44.440,107157.12,0.00098,105.01397759999999
2025-10-18 01:37:44.673,107157.12,0.00132,141.4473984
2025-10-18 01:37:44.912,107157.12,0.0004,42.862848
2025-10-18 01:37:45.033,107157.12,0.00015,16.073567999999998
2025-10-18 01:37:45.067,107157.12,0.0035,375.04992
2025-10-18 01:37:46.051,107157.12,0.01502,1609.4999424
2025-10-18 01:37:46.289,107157.12,0.00012,12.8588544
2025-10-18 01:37:46.577,107157.11,7e-05,7.500997699999999
2025-10-18 01:37:47.431,107157.12,0.0001,10.715712
2025-10-18 01:37:47.821,107157.12,0.00602,645.0858624
2025-10-18 01:37:48.089,107157.12,6e-05,6.4294272
2025-10-18 01:37:50.010,107157.11,0.00013,13.930424299999999
2025-10-18 01:37:51.273,107159.68,0.0001,10.715968
2025-10-18 01:37:51.274,107162.58,0.003,321.48774000000003
2025-10-18 01:37:51.275,107164.0,0.0101,1082.3564
2025-10-18 01:37:51.276,107168.66,0.00015,16.075298999999998
2025-10-18 01:37:51.277,107168.75,6e-05,6.430125
2025-10-18 01:37:51.278,107170.99,5e-05,5.3585495000000005
2025-10-18 01:37:51.280,107171.99,0.0001,10.717199
2025-10-18 01:37:51.281,107172.0,6e-05,6.43032
2025-10-18 01:37:51.284,107172.0,0.022,2357.7839999999997
2025-10-18 01:37:51.289,107171.99,5e-05,5.3585995
2025-10-18 01:37:51.290,107174.0,0.002,214.348
2025-10-18 01:37:51.295,107175.25,6e-05,6.430515
2025-10-18 01:37:51.296,107178.0,6e-05,6.43068
2025-10-18 01:37:51.298,107183.6,5e-05,5.35918
2025-10-18 01:37:51.299,107184.68,0.06347,6803.011639599999
2025-10-18 01:37:51.300,107184.68,0.09332,10002.474337599999
2025-10-18 01:37:51.302,107180.0,5e-05,5.359
2025-10-18 01:37:51.305,107184.68,0.085,9110.6978
2025-10-18 01:37:51.307,107184.68,0.09331,10001.4024908
2025-10-18 01:37:51.309,107184.68,0.235,25188.399799999996
2025-10-18 01:37:51.311,107184.68,0.08,8574.7744
2025-10-18 01:37:51.316,107183.57,0.01206,1292.6338542
2025-10-18 01:37:51.318,107184.68,0.0855,9164.290140000001
2025-10-18 01:37:51.323,107184.68,0.04665,5000.165321999999
2025-10-18 01:37:51.327,107184.68,0.0001,10.718468
2025-10-18 01:37:51.332,107184.68,9e-05,9.6466212
2025-10-18 01:37:51.333,107184.68,0.00485,519.845698
2025-10-18 01:37:51.338,107184.68,0.17325,18569.745809999997
2025-10-18 01:37:51.339,107186.0,0.002,214.372
2025-10-18 01:37:51.340,107189.4,0.02589,2775.133566
2025-10-18 01:37:51.351,107192.44,0.0001,10.719244000000002
2025-10-18 01:37:51.358,107193.9,0.02649,2839.566411
2025-10-18 01:37:51.361,107193.9,0.0062,664.60218
2025-10-18 01:37:51.366,107194.1,0.0011,117.91351000000002
2025-10-18 01:37:51.367,107194.1,0.0043,460.93463
2025-10-18 01:37:51.369,107194.1,0.00393,421.27281300000004
2025-10-18 01:37:51.375,107189.39,0.00015,16.0784085
2025-10-18 01:37:51.376,107194.09,0.0028,300.14345199999997
2025-10-18 01:37:51.387,107194.09,0.0009,96.47468099999999
2025-10-18 01:37:51.391,107194.09,0.00844,904.7181195999999
2025-10-18 01:37:51.392,107194.09,0.00933,1000.1208597
2025-10-18 01:37:51.395,107194.1,0.07985,8559.448885000002
2025-10-18 01:37:51.407,107194.13,0.00443,474.8699959
2025-10-18 01:37:51.414,107194.13,0.00933,1000.1212329
2025-10-18 01:37:51.446,107194.1,5e-05,5.359705000000001
2025-10-18 01:37:51.471,107198.57,0.0001,10.719857000000001
2025-10-18 01:37:51.529,107200.0,0.00064,68.608
2025-10-18 01:37:51.538,107200.0,0.01866,2000.3519999999999
2025-10-18 01:37:51.551,107202.49,0.01403,1504.0509347000002
2025-10-18 01:37:51.596,107210.96,5e-05,5.3605480000000005
2025-10-18 01:37:51.632,107210.99,9e-05,9.648989100000001
2025-10-18 01:37:51.657,107211.0,6e-05,6.43266
2025-10-18 01:37:51.675,107211.0,0.01411,1512.74721
2025-10-18 01:37:51.769,107211.0,0.05959,6388.70349
2025-10-18 01:37:51.928,107211.0,0.00131,140.44641
2025-10-18 01:37:52.001,107213.62,0.23695,25404.267258999997
2025-10-18 01:37:52.045,107213.62,0.00065,69.688853
2025-10-18 01:37:52.198,107213.99,0.00122,130.8010678
2025-10-18 01:37:52.242,107214.0,0.00474,508.19436
2025-10-18 01:37:52.939,107214.0,7e-05,7.50498
2025-10-18 01:37:53.212,107213.99,0.0002,21.442798000000003
2025-10-18 01:37:53.622,107214.0,0.01,1072.14
2025-10-18 01:37:54.747,107213.99,0.00476,510.33859240000004
2025-10-18 01:37:54.932,107214.0,0.00021,22.51494
2025-10-18 01:37:55.826,107213.99,0.01,1072.1399000000001
2025-10-18 01:37:56.142,107213.99,9e-05,9.649259100000002
2025-10-18 01:37:57.400,107214.0,0.00081,86.84334
2025-10-18 01:37:57.464,107214.0,0.0009,96.4926
2025-10-18 01:37:57.649,107214.0,0.16929,18150.25806
2025-10-18 01:37:57.654,107214.0,0.00375,402.0525
2025-10-18 01:37:57.734,107219.99,0.00015,16.0829985
2025-10-18 01:37:57.740,107220.0,0.028,3002.16
2025-10-18 01:37:57.868,107220.0,0.00019,20.3718
2025-10-18 01:37:58.441,107220.0,0.0014,150.108
2025-10-18 01:37:58.512,107226.0,0.00152,162.98352
2025-10-18 01:37:58.514,107226.0,0.01811,1941.8628600000002
2025-10-18 01:37:58.692,107239.51,5e-05,5.3619755
2025-10-18 01:37:58.693,107246.08,0.0001,10.724608
2025-10-18 01:37:58.694,107246.85,0.01038,1113.222303
2025-10-18 01:37:58.699,107244.4,5e-05,5.36222
2025-10-18 01:37:58.700,107249.01,0.0112,1201.1889119999998
2025-10-18 01:37:58.701,107249.01,0.01959,2101.0081059
2025-10-18 01:37:58.702,107251.45,1e-05,1.0725145
2025-10-18 01:37:58.703,107254.0,0.00292,313.18168
2025-10-18 01:37:58.704,107260.0,0.00296,317.4896
2025-10-18 01:37:58.706,107260.0,0.01849,1983.2374
2025-10-18 01:37:58.707,107260.58,0.0242,2595.706036
2025-10-18 01:37:58.708,107269.4,0.01083,1161.727602
2025-10-18 01:37:58.709,107270.46,0.01105,1185.3385830000002
2025-10-18 01:37:58.711,107270.46,0.00932,999.7606872000001
2025-10-18 01:37:58.712,107260.0,5e-05,5.363
2025-10-18 01:37:58.714,107270.46,0.00093,99.76152780000001
2025-10-18 01:37:58.723,107260.67,0.00028,30.0329876
2025-10-18 01:37:58.727,107270.84,0.09324,10001.9331216
2025-10-18 01:37:58.760,107267.5,0.01865,2000.538875
2025-10-18 01:37:58.766,107267.5,0.002,214.535
2025-10-18 01:37:58.800,107267.5,0.00932,999.7331
2025-10-18 01:37:58.803,107267.5,6e-05,6.43605
2025-10-18 01:37:58.835,107267.5,0.00015,16.090124999999997
2025-10-18 01:37:58.856,107267.49,0.002,214.53498000000002
2025-10-18 01:37:58.896,107267.5,0.00932,999.7331
2025-10-18 01:37:58.942,107267.5,0.02395,2569.0566249999997
2025-10-18 01:37:59.179,107267.5,0.00014,15.017449999999998
2025-10-18 01:37:59.443,107267.5,0.01526,1636.90205
2025-10-18 01:37:59.600,107267.5,0.00021,22.526175000000002
2025-10-18 01:38:00.111,107267.5,0.1775,19039.98125
2025-10-18 01:38:00.112,107267.5,0.07705,8264.960874999999
2025-10-18 01:38:00.115,107276.0,0.00286,306.80936
2025-10-18 01:38:00.118,107280.67,6e-05,6.4368402
2025-10-18 01:38:00.194,107280.67,0.028,3003.85876
2025-10-18 01:38:00.369,107280.67,0.00038,40.7666546
2025-10-18 01:38:00.413,107280.67,0.00932,999.8558444
2025-10-18 01:38:00.481,107280.67,0.00024,25.7473608
2025-10-18 01:38:00.597,107280.66,0.0001,10.728066
2025-10-18 01:38:01.581,107280.66,0.01865,2000.7843090000001
2025-10-18 01:38:01.697,107280.67,0.01806,1937.4889002
2025-10-18 01:38:01.778,107279.48,5e-05,5.363974
2025-10-18 01:38:01.782,107278.26,0.00015,16.091738999999997
2025-10-18 01:38:01.786,107275.68,0.00025,26.81892
2025-10-18 01:38:01.790,107267.53,5e-05,5.3633765
2025-10-18 01:38:01.793,107267.52,0.012,1287.21024
2025-10-18 01:38:01.794,107267.52,0.012,1287.21024
2025-10-18 01:38:01.797,107267.53,0.02894,3104.3223182
2025-10-18 01:38:01.922,107267.52,0.012,1287.21024
2025-10-18 01:38:01.925,107267.52,0.012,1287.21024
2025-10-18 01:38:01.927,107267.52,0.23343,25039.4571936
2025-10-18 01:38:01.969,107267.45,0.0001,10.726745000000001
2025-10-18 01:38:01.971,107267.4,0.00055,58.99707
2025-10-18 01:38:02.002,107267.12,0.04949,5308.6497688
2025-10-18 01:38:02.004,107262.15,5e-05,5.3631075
2025-10-18 01:38:02.005,107259.58,0.00055,58.992769
2025-10-18 01:38:02.019,107257.13,0.00015,16.0885695
2025-10-18 01:38:02.058,107256.93,0.14739,15808.598912699998
2025-10-18 01:38:02.091,107256.93,0.07859,8429.322128699998
2025-10-18 01:38:02.124,107256.93,0.06888,7387.857338399999
2025-10-18 01:38:02.156,107256.76,0.00315,337.858794
2025-10-18 01:38:02.187,107256.75,0.0003,32.177025
2025-10-18 01:38:02.192,107256.75,0.00165,176.9736375
2025-10-18 01:38:02.199,107256.64,0.0011,117.98230400000001
2025-10-18 01:38:02.214,107254.9,0.00145,155.51960499999998
2025-10-18 01:38:02.215,107248.03,0.00015,16.0872045
2025-10-18 01:38:02.218,107248.02,0.00095,101.885619
2025-10-18 01:38:03.110,107248.02,0.00486,521.2253772
2025-10-18 01:38:03.691,107248.01,0.00141,151.2196941
2025-10-18 01:38:03.868,107248.01,0.00031,33.2468831
2025-10-18 01:38:04.018,107248.01,0.012,1286.97612
2025-10-18 01:38:04.019,107248.01,0.012,1286.97612
2025-10-18 01:38:04.144,107246.42,0.00025,26.811605
2025-10-18 01:38:04.183,107243.11,0.00015,16.0864665
2025-10-18 01:38:04.197,107242.39,0.00865,927.6466735
2025-10-18 01:38:04.341,107242.39,0.00192,205.9053888
2025-10-18 01:38:04.418,107242.25,0.0001,10.724225
2025-10-18 01:38:04.523,107242.32,0.00933,1000.5708456
2025-10-18 01:38:04.526,107237.38,0.0001,10.723738
2025-10-18 01:38:04.530,107237.0,0.00931,998.37647
2025-10-18 01:38:04.669,107237.0,0.00207,221.98058999999998
2025-10-18 01:38:05.337,107237.01,0.00162,173.72395619999998
2025-10-18 01:38:06.533,107237.0,0.00349,374.25713
2025-10-18 01:38:07.014,107237.0,0.0328,3517.3736000000004
2025-10-18 01:38:07.015,107235.47,0.0032,343.153504
2025-10-18 01:38:07.017,107234.29,0.0001,10.723429
2025-10-18 01:38:07.018,107232.0,0.0012,128.67839999999998
2025-10-18 01:38:07.019,107232.01,0.03683,3949.3549282999998
2025-10-18 01:38:07.022,107230.0,0.002,214.46
2025-10-18 01:38:07.026,107228.0,0.01,1072.28
2025-10-18 01:38:07.029,107228.0,0.01,1072.28
2025-10-18 01:38:07.030,107228.0,0.01,1072.28
2025-10-18 01:38:07.091,107228.0,0.009,965.0519999999999
2025-10-18 01:38:07.093,107228.0,0.009,965.0519999999999
2025-10-18 01:38:07.113,107228.0,9e-05,9.65052
2025-10-18 01:38:07.167,107227.3,0.00025,26.806825
2025-10-18 01:38:07.174,107225.41,0.00015,16.0838115
2025-10-18 01:38:07.463,107224.76,0.00037,39.673161199999996
2025-10-18 01:38:07.835,107224.76,0.01517,1626.5996091999998
2025-10-18 01:38:08.209,107224.75,0.012,1286.6970000000001
2025-10-18 01:38:08.459,107224.75,0.012,1286.6970000000001
2025-10-18 01:38:08.460,107224.75,0.012,1286.6970000000001
2025-10-18 01:38:08.470,107224.75,0.00025,26.8061875
2025-10-18 01:38:08.569,107224.75,0.24524,26295.797690000003
2025-10-18 01:38:08.575,107224.67,0.0001,10.722467
2025-10-18 01:38:08.577,107224.25,0.00065,69.6957625
2025-10-18 01:38:08.580,107222.39,0.03281,3517.9666159
2025-10-18 01:38:08.606,107220.47,0.00176,188.7080272
2025-10-18 01:38:10.472,107220.47,7e-05,7.5054329
2025-10-18 01:38:10.617,107220.47,0.012,1286.64564
2025-10-18 01:38:10.662,107220.48,0.00343,367.7662464
2025-10-18 01:38:10.678,107220.47,0.00111,119.01472170000001
2025-10-18 01:38:10.679,107219.98,0.0001,10.721998
2025-10-18 01:38:10.683,107219.36,0.03064,3285.2011904
2025-10-18 01:38:10.685,107216.0,0.00074,79.33984
2025-10-18 01:38:10.688,107216.0,0.012,1286.592
2025-10-18 01:38:10.710,107216.01,0.00012,12.865921199999999
2025-10-18 01:38:10.726,107216.0,0.012,1286.592
2025-10-18 01:38:10.728,107216.0,0.012,1286.592
2025-10-18 01:38:11.015,107215.98,0.0002,21.443196
2025-10-18 01:38:11.017,107215.92,0.0001,10.721592000000001
2025-10-18 01:38:11.054,107215.6,0.00145,155.46262
2025-10-18 01:38:11.085,107215.6,0.0005,53.607800000000005
2025-10-18 01:38:11.111,107215.58,0.0011,117.937138
2025-10-18 01:38:11.349,107214.01,0.0002,21.442802
2025-10-18 01:38:11.350,107214.0,0.00107,114.71898
2025-10-18 01:38:11.352,107213.26,0.00015,16.081988999999997
2025-10-18 01:38:11.356,107213.26,0.01073,1150.3982798
2025-10-18 01:38:11.727,107213.27,0.00013,13.9377251
2025-10-18 01:38:11.799,107213.26,3.0842,330667.13649199996
2025-10-18 01:38:12.336,107213.26,0.00079,84.69847539999999
2025-10-18 01:38:12.386,107213.26,0.0192,2058.4945919999996
2025-10-18 01:38:12.918,107213.27,0.6058,64949.798966
2025-10-18 01:38:12.943,107213.27,0.00392,420.2760184
2025-10-18 01:38:13.450,107213.26,0.00471,504.97445459999994
2025-10-18 01:38:14.091,107213.27,0.00047,50.3902369
2025-10-18 01:38:15.257,107213.26,0.012,1286.55912
2025-10-18 01:38:15.259,107213.26,0.012,1286.55912
2025-10-18 01:38:15.273,107213.26,0.501,53713.843259999994
2025-10-18 01:38:15.455,107213.27,0.00025,26.803317500000002
2025-10-18 01:38:15.533,107213.27,0.00061,65.4000947
2025-10-18 01:38:15.712,107213.27,0.00018,19.298388600000003
2025-10-18 01:38:16.087,107213.25,0.0006,64.32795
2025-10-18 01:38:16.182,107213.24,0.00082,87.9148568
2025-10-18 01:38:16.273,107213.25,0.18029,19329.4768425
2025-10-18 01:38:16.274,107213.25,0.06703,7186.504147500001
2025-10-18 01:38:16.277,107213.25,0.00022,23.586915
2025-10-18 01:38:16.320,107213.25,0.028,3001.971
2025-10-18 01:38:16.515,107213.25,0.04556,4884.635670000001
2025-10-18 01:38:16.562,107224.0,0.00112,120.09087999999998
2025-10-18 01:38:16.585,107223.99,6e-05,6.4334394
2025-10-18 01:38:16.919,107224.0,7e-05,7.505679999999999
2025-10-18 01:38:16.932,107224.0,0.0001,10.7224
2025-10-18 01:38:16.985,107224.0,0.00012,12.86688
2025-10-18 01:38:17.032,107224.0,0.00014,15.011359999999998
2025-10-18 01:38:17.039,107224.0,0.00467,500.73607999999996
2025-10-18 01:38:17.162,107224.0,0.00014,15.011359999999998
2025-10-18 01:38:17.662,107224.0,0.00028,30.022719999999996
2025-10-18 01:38:17.669,107224.0,0.0001,10.7224
2025-10-18 01:38:17.785,107224.0,0.00019,20.37256
2025-10-18 01:38:17.988,107224.0,0.00011,11.794640000000001
2025-10-18 01:38:18.125,107224.0,8e-05,8.57792
2025-10-18 01:38:18.448,107224.0,0.0001,10.7224
2025-10-18 01:38:18.535,107224.0,0.04663,4999.85512
2025-10-18 01:38:18.543,107223.99,0.0004,42.889596000000004
2025-10-18 01:38:18.885,107224.0,0.0001,10.7224
2025-10-18 01:38:18.919,107223.99,0.00296,317.3830104
2025-10-18 01:38:19.048,107224.0,0.00024,25.73376
2025-10-18 01:38:19.083,107224.0,0.028,3002.272
2025-10-18 01:38:19.186,107224.0,0.00186,199.43664
2025-10-18 01:38:19.238,107224.0,0.00011,11.794640000000001
2025-10-18 01:38:19.312,107224.0,0.00489,524.32536
2025-10-18 01:38:19.320,107224.01,0.00367,393.5121167
2025-10-18 01:38:19.321,107229.76,0.00015,16.084463999999997
2025-10-18 01:38:19.328,107229.76,7e-05,7.506083199999999
2025-10-18 01:38:19.363,107229.77,0.00236,253.06225720000003
2025-10-18 01:38:19.368,107230.69,0.02089,2240.0491140999998
2025-10-18 01:38:19.382,107235.48,0.00723,775.3125204
2025-10-18 01:38:19.388,107235.48,0.00065,69.70306199999999
2025-10-18 01:38:19.819,107235.48,0.00033,35.3877084
2025-10-18 01:38:19.854,107235.48,0.00258,276.66753839999996
2025-10-18 01:38:20.109,107235.78,0.00243,260.58294539999997
2025-10-18 01:38:20.482,107235.78,0.00944,1012.3057632
2025-10-18 01:38:20.815,107235.78,0.0061,654.1382580000001
2025-10-18 01:38:21.361,107235.78,0.00103,110.45285340000001
2025-10-18 01:38:21.516,107235.77,0.00297,318.4902369
2025-10-18 01:38:23.219,107235.78,0.00046,49.3284588
2025-10-18 01:38:23.221,107235.78,0.00046,49.3284588
2025-10-18 01:38:23.222,107236.01,0.0002,21.447202
2025-10-18 01:38:23.223,107239.01,0.04042,4334.6007842
2025-10-18 01:38:23.227,107241.15,5e-05,5.3620575
2025-10-18 01:38:23.262,107243.63,0.00931,998.4381953000001
2025-10-18 01:38:23.263,107243.63,0.00422,452.5681186
2025-10-18 01:38:23.264,107243.63,0.00422,452.5681186
2025-10-18 01:38:23.284,107243.63,0.028,3002.82164
2025-10-18 01:38:23.286,107243.63,0.028,3002.82164
2025-10-18 01:38:23.348,107243.62,0.00247,264.8917414
2025-10-18 01:38:25.215,107243.63,0.0112,1201.128656
2025-10-18 01:38:25.314,107248.22,0.01588,1703.1017335999998
2025-10-18 01:38:25.323,107248.21,0.02972,3187.4168012
2025-10-18 01:38:25.452,107248.22,0.00032,34.3194304
2025-10-18 01:38:26.971,107248.22,0.001,107.24822
2025-10-18 01:38:27.285,107248.22,0.00073,78.2912006
2025-10-18 01:38:28.118,107248.22,0.00653,700.3308766
2025-10-18 01:38:29.016,107248.22,0.09324,9999.824032800001
2025-10-18 01:38:29.129,107248.21,0.00535,573.7779235
2025-10-18 01:38:29.160,107248.21,0.012,1286.9785200000001
2025-10-18 01:38:29.162,107248.21,0.012,1286.9785200000001
2025-10-18 01:38:29.317,107248.22,0.00256,274.5554432
2025-10-18 01:38:29.582,107248.21,0.00088,94.3784248
2025-10-18 01:38:30.024,107248.21,0.00018,19.304677800000004
2025-10-18 01:38:30.386,107248.22,0.028,3002.95016
2025-10-18 01:38:30.876,107248.22,0.03214,3446.9577908
2025-10-18 01:38:31.295,107248.21,0.00033,35.3919093
2025-10-18 01:38:31.389,107248.22,0.028,3002.95016
2025-10-18 01:38:31.392,107248.22,0.028,3002.95016
2025-10-18 01:38:31.577,107248.21,0.0001,10.724821
2025-10-18 01:38:31.832,107248.22,0.00028,30.029501599999996
2025-10-18 01:38:32.124,107248.22,0.00186,199.4816892
2025-10-18 01:38:32.253,107248.22,0.00182,195.1917604
2025-10-18 01:38:32.283,107248.22,0.00028,30.029501599999996
2025-10-18 01:38:32.419,107248.21,0.24263,26021.633192300003
2025-10-18 01:38:32.422,107248.21,0.012,1286.9785200000001
2025-10-18 01:38:32.423,107248.21,0.012,1286.9785200000001
2025-10-18 01:38:32.424,107248.21,0.012,1286.9785200000001
2025-10-18 01:38:32.455,107248.15,0.00352,377.513488
2025-10-18 01:38:32.465,107248.15,0.00155,166.23463249999998
2025-10-18 01:38:32.486,107246.52,0.00165,176.956758
2025-10-18 01:38:32.488,107246.0,0.00015,16.0869
2025-10-18 01:38:32.554,107245.87,0.0015,160.868805
2025-10-18 01:38:32.556,107242.67,0.00322,345.3213974
2025-10-18 01:38:32.593,107242.34,0.0002,21.448468000000002
2025-10-18 01:38:32.595,107241.78,0.00175,187.673115
2025-10-18 01:38:32.597,107239.45,0.03379,3623.6210155
2025-10-18 01:38:32.704,107239.44,0.002,214.47888
2025-10-18 01:38:32.860,107239.43,0.0001,10.723943
2025-10-18 01:38:33.119,107239.43,7e-05,7.506760099999999
2025-10-18 01:38:33.260,107239.42,0.00447,479.3602074
2025-10-18 01:38:33.419,107239.42,0.00588,630.5677896
2025-10-18 01:38:34.027,107239.42,0.01695,1817.708169
2025-10-18 01:38:34.031,107239.43,0.01523,1633.2565189
2025-10-18 01:38:35.237,107239.43,0.00038,40.7509834
2025-10-18 01:38:38.643,107239.43,5e-05,5.3619715
2025-10-18 01:38:39.534,107239.42,0.00025,26.809855
2025-10-18 01:38:40.723,107239.42,0.00056,60.05407519999999
2025-10-18 01:38:41.619,107239.43,0.003,321.71828999999997
2025-10-18 01:38:41.945,107239.42,0.00039,41.8233738
2025-10-18 01:38:42.553,107239.43,0.015,1608.59145
2025-10-18 01:38:43.219,107239.43,0.002,214.47886
2025-10-18 01:38:43.586,107239.43,0.008,857.91544
2025-10-18 01:38:44.001,107239.42,0.0002,21.447884000000002
2025-10-18 01:38:44.913,107239.43,0.00012,12.8687316
2025-10-18 01:38:46.030,107239.42,0.00184,197.3205328
2025-10-18 01:38:46.522,107239.43,0.028,3002.70404
2025-10-18 01:38:47.609,107239.43,0.00217,232.7095631
2025-10-18 01:38:48.018,107239.43,6e-05,6.4343658
2025-10-18 01:38:48.679,107239.43,0.00112,120.10816159999999
2025-10-18 01:38:48.761,107239.42,0.25081,26896.718930199997
2025-10-18 01:38:48.762,107239.42,0.012,1286.87304
2025-10-18 01:38:48.763,107239.42,0.012,1286.87304
2025-10-18 01:38:48.764,107239.42,0.012,1286.87304
2025-10-18 01:38:48.792,107239.42,0.02942,3154.9837364
2025-10-18 01:38:48.815,107232.56,0.0001,10.723256000000001
2025-10-18 01:38:48.839,107231.37,0.0009,96.50823299999999
2025-10-18 01:38:48.846,107230.5,1e-05,1.072305
2025-10-18 01:38:48.848,107230.5,5e-05,5.361525
2025-10-18 01:38:48.851,107228.7,0.003,321.6861
2025-10-18 01:38:48.958,107226.53,5e-05,5.3613265000000006
2025-10-18 01:38:48.989,107225.15,0.0002,21.44503
2025-10-18 01:38:49.067,107224.81,0.00265,284.1457465
2025-10-18 01:38:49.097,107224.71,0.0001,10.722471
2025-10-18 01:38:49.137,107222.83,0.00165,176.9176695
2025-10-18 01:38:49.138,107220.26,0.0001,10.722026
2025-10-18 01:38:49.176,107220.06,0.0015,160.83009
2025-10-18 01:38:49.217,107213.63,5e-05,5.3606815
2025-10-18 01:38:49.218,107213.51,0.00024,25.7312424
2025-10-18 01:38:49.262,107213.51,0.00011,11.793486099999999
2025-10-18 01:38:49.815,107213.51,0.01066,1142.8960166
2025-10-18 01:38:50.085,107219.77,0.00859,921.0178243
2025-10-18 01:38:50.304,107219.76,5e-05,5.360988
2025-10-18 01:38:50.511,107219.76,0.23613,25317.8019288
2025-10-18 01:38:50.542,107219.35,5e-05,5.3609675
2025-10-18 01:38:50.545,107219.0,0.0034,364.5446
2025-10-18 01:38:50.546,107219.0,0.0034,364.5446
2025-10-18 01:38:50.641,107219.0,0.24877,26672.870629999998
2025-10-18 01:38:50.838,107219.0,0.00385,412.79315
2025-10-18 01:38:50.845,107216.67,0.00535,573.6091845
2025-10-18 01:38:50.956,107216.67,0.012,1286.60004
2025-10-18 01:38:51.140,107216.67,0.012,1286.60004
2025-10-18 01:38:51.529,107216.68,0.01353,1450.6416804
2025-10-18 01:38:52.690,107216.68,0.028,3002.06704
2025-10-18 01:38:53.275,107216.68,0.00014,15.010335199999998
2025-10-18 01:38:53.899,107216.68,0.00037,39.670171599999996
2025-10-18 01:38:54.328,107216.68,0.00047,50.3918396
2025-10-18 01:38:54.615,107216.68,0.00519,556.4545692
2025-10-18 01:38:54.667,107220.0,5e-05,5.361000000000001
2025-10-18 01:38:54.715,107224.1,0.00015,16.083614999999998
2025-10-18 01:38:55.016,107228.09,5e-05,5.3614045
2025-10-18 01:38:55.364,107229.41,0.0007,75.060587
2025-10-18 01:38:55.366,107229.41,0.0001,10.722941
2025-10-18 01:38:55.412,107229.41,0.00025,26.8073525
2025-10-18 01:38:55.415,107237.04,0.0015,160.85556
2025-10-18 01:38:55.418,107239.43,6e-05,6.4343658
2025-10-18 01:38:55.807,107239.42,0.00233,249.8678486
2025-10-18 01:38:55.839,107239.43,0.00084,90.0811212
2025-10-18 01:38:56.134,107239.42,0.00013,13.941124599999998
2025-10-18 01:38:56.283,107239.43,0.00011,11.7963373
2025-10-18 01:38:56.525,107239.43,0.00264,283.1120952
2025-10-18 01:38:57.149,107239.42,0.00093,99.7326606
2025-10-18 01:38:57.785,107239.43,0.00315,337.80420449999997
2025-10-18 01:38:57.887,107239.42,5e-05,5.3619710000000005
2025-10-18 01:38:58.800,107239.43,0.00059,63.2712637
2025-10-18 01:38:58.941,107239.43,0.0025,268.098575
2025-10-18 01:38:59.214,107239.43,0.001,107.23943
2025-10-18 01:38:59.257,107239.42,0.0005,53.61971
2025-10-18 01:38:59.317,107239.43,0.00013,13.941125899999998
2025-10-18 01:38:59.661,107239.42,0.00045,48.257739
2025-10-18 01:38:59.773,107239.43,0.00075,80.42957249999999
2025-10-18 01:39:00.743,107239.43,0.00049,52.54732069999999
2025-10-18 01:39:00.864,107239.43,0.0006,64.34365799999999
2025-10-18 01:39:00.970,107239.43,0.00235,252.01266049999998
2025-10-18 01:39:01.093,107239.43,0.0003,32.171828999999995
2025-10-18 01:39:01.373,107239.43,0.00186,199.4653398
2025-10-18 01:39:01.421,107239.42,0.00018,19.303095600000002
2025-10-18 01:39:01.899,107239.43,0.00678,727.0833353999999
2025-10-18 01:39:01.901,107239.42,0.012,1286.87304
2025-10-18 01:39:01.902,107239.42,0.012,1286.87304
2025-10-18 01:39:01.910,107239.42,0.00013,13.941124599999998
2025-10-18 01:39:02.378,107239.43,0.00011,11.7963373
2025-10-18 01:39:03.365,107239.43,3.66429,392956.37095469993
2025-10-18 01:39:03.390,107239.44,0.00014,15.013521599999999
2025-10-18 01:39:03.965,107239.43,0.00019,20.3754917
2025-10-18 01:39:04.125,107239.44,9e-05,9.651549600000001
2025-10-18 01:39:04.710,107239.44,0.00932,999.4715808000001
2025-10-18 01:39:04.766,107239.44,0.028,3002.7043200000003
2025-10-18 01:39:04.904,107239.44,0.38588,41381.5551072
2025-10-18 01:39:05.424,107239.44,0.00259,277.7501496
2025-10-18 01:39:06.127,107239.43,0.04138,4437.5676134
2025-10-18 01:39:06.782,107239.43,9e-05,9.6515487
2025-10-18 01:39:06.986,107239.43,0.5061,54273.875522999995
2025-10-18 01:39:06.989,107239.43,0.012,1286.8731599999999
2025-10-18 01:39:06.990,107239.43,0.012,1286.8731599999999
2025-10-18 01:39:07.005,107239.29,0.0001,10.723929
2025-10-18 01:39:07.006,107236.73,0.00015,16.085509499999997
2025-10-18 01:39:07.014,107235.78,0.00095,101.873991
2025-10-18 01:39:07.180,107234.73,0.035,3753.2155500000003
2025-10-18 01:39:07.182,107234.73,0.0009,96.511257
2025-10-18 01:39:07.226,107232.99,0.0071,761.354229
2025-10-18 01:39:07.227,107230.41,0.0001,10.723041
2025-10-18 01:39:07.238,107228.7,0.02378,2549.898486
2025-10-18 01:39:07.441,107228.7,0.00028,30.024035999999995
2025-10-18 01:39:07.659,107228.7,0.0092,986.5040399999999
2025-10-18 01:39:07.776,107228.7,0.00014,15.012017999999998
2025-10-18 01:39:07.821,107228.69,0.02145,2300.0554005
2025-10-18 01:39:07.864,107228.7,0.00073,78.276951
2025-10-18 01:39:07.972,107224.03,0.00015,16.0836045
2025-10-18 01:39:08.015,107224.01,0.0001,10.722401
2025-10-18 01:39:09.232,107224.01,0.00086,92.2126486
2025-10-18 01:39:09.719,107224.01,0.00087,93.2848887
2025-10-18 01:39:09.720,107224.0,0.00018,19.300320000000003
2025-10-18 01:39:10.443,107224.01,0.37806,40537.109220599996
2025-10-18 01:39:10.469,107224.0,0.0002,21.4448
2025-10-18 01:39:10.998,107224.0,0.001,107.224
2025-10-18 01:39:10.999,107224.0,0.001,107.224
2025-10-18 01:39:11.532,107224.01,0.0002,21.444802
2025-10-18 01:39:11.579,107224.0,0.0001,10.7224
2025-10-18 01:39:12.079,107224.01,0.00085,91.14040849999999
2025-10-18 01:39:13.063,107224.01,5e-05,5.3612005
2025-10-18 01:39:13.125,107224.01,0.00013,13.939121299999998
2025-10-18 01:39:13.553,107224.0,5e-05,5.3612
2025-10-18 01:39:14.445,107224.01,0.00094,100.7905694
2025-10-18 01:39:15.011,107224.01,0.00046,49.323044599999996
2025-10-18 01:39:15.499,107224.01,5e-05,5.3612005
2025-10-18 01:39:15.820,107227.49,0.01218,1306.0308282
2025-10-18 01:39:15.821,107229.5,0.00015,16.084425
2025-10-18 01:39:15.887,107229.51,0.00014,15.012131399999998
2025-10-18 01:39:16.115,107238.4,0.00015,16.085759999999997
2025-10-18 01:39:16.187,107238.4,0.00032,34.316288
2025-10-18 01:39:16.282,107238.41,0.00038,40.750595800000006
2025-10-18 01:39:17.047,107238.41,0.001,107.23841
2025-10-18 01:39:17.413,107238.41,0.00016,17.1581456
2025-10-18 01:39:17.594,107238.41,0.00057,61.1258937
2025-10-18 01:39:17.767,107238.41,0.00046,49.329668600000005
2025-10-18 01:39:18.072,107238.41,0.00074,79.3564234
2025-10-18 01:39:18.425,107238.41,0.00467,500.8033747
2025-10-18 01:39:19.183,107238.41,0.00051,54.69158910000001
2025-10-18 01:39:21.115,107245.22,5e-05,5.362261
2025-10-18 01:39:21.904,107245.9,0.0001,10.72459
2025-10-18 01:39:21.913,107245.9,0.0001,10.72459
2025-10-18 01:39:22.239,107245.89,0.00232,248.8104648
2025-10-18 01:39:22.846,107245.9,0.0001,10.72459
2025-10-18 01:39:23.533,107245.89,0.00079,84.7242531
2025-10-18 01:39:23.611,107245.9,0.00015,16.086885
2025-10-18 01:39:23.618,107245.89,0.00166,178.0281774
2025-10-18 01:39:24.037,107245.9,0.0001,10.72459
2025-10-18 01:39:24.375,107245.89,0.00073,78.2894997
2025-10-18 01:39:25.006,107245.9,0.0001,10.72459
2025-10-18 01:39:25.224,107245.9,0.00186,199.477374
2025-10-18 01:39:25.483,107245.89,5e-05,5.3622945
2025-10-18 01:39:26.032,107245.9,0.0001,10.72459
2025-10-18 01:39:26.662,107245.89,0.00748,802.1992571999999
2025-10-18 01:39:26.742,107245.89,0.00092,98.6662188
2025-10-18 01:39:27.081,107245.9,0.00563,603.794417
2025-10-18 01:39:27.144,107245.9,0.0002,21.44918
2025-10-18 01:39:27.621,107245.89,5e-05,5.3622945
2025-10-18 01:39:27.836,107245.9,0.02917,3128.362903
2025-10-18 01:39:28.414,107245.9,0.0001,10.72459
2025-10-18 01:39:28.447,107245.9,0.00021,22.521639
2025-10-18 01:39:28.641,107245.9,0.0001,10.72459
2025-10-18 01:39:29.030,107245.9,0.028,3002.8851999999997
2025-10-18 01:39:29.060,107245.89,0.30439,32644.5764571
2025-10-18 01:39:29.062,107245.89,0.16681,17889.6869109
2025-10-18 01:39:29.064,107245.89,0.25741,27606.164544900003
2025-10-18 01:39:29.066,107245.89,0.13714,14707.701354600002
2025-10-18 01:39:29.067,107245.89,0.16041,17203.3132149
2025-10-18 01:39:29.069,107239.46,0.00565,605.902949
2025-10-18 01:39:29.073,107238.4,0.00091,97.58694399999999
2025-10-18 01:39:29.076,107238.4,0.004,428.9536
2025-10-18 01:39:29.090,107237.47,0.02886,3094.8733842
2025-10-18 01:39:29.095,107237.47,0.011,1179.6121699999999
2025-10-18 01:39:29.099,107237.47,0.01833,1965.6628251
2025-10-18 01:39:29.105,107237.47,0.01301,1395.1594847000001
2025-10-18 01:39:29.110,107237.0,6e-05,6.43422
2025-10-18 01:39:29.111,107232.57,0.00967,1036.9389519000001
2025-10-18 01:39:29.116,107232.58,0.03654,3918.2784732000005
2025-10-18 01:39:29.120,107232.57,0.01443,1547.3659851000002
2025-10-18 01:39:29.143,107229.69,0.00015,16.0844535
2025-10-18 01:39:29.152,107223.73,0.048,5146.7390399999995
2025-10-18 01:39:29.206,107219.64,0.0001,10.721964
2025-10-18 01:39:29.222,107216.67,0.012,1286.60004
2025-10-18 01:39:29.262,107216.67,6e-05,6.4330002
2025-10-18 01:39:29.342,107217.48,0.00125,134.02185
2025-10-18 01:39:29.636,107216.68,0.0001,10.721668
2025-10-18 01:39:29.703,107216.67,0.09634,10329.253987799999
2025-10-18 01:39:29.706,107216.49,0.0002,21.443298000000002
2025-10-18 01:39:29.708,107214.41,0.0004,42.885764
2025-10-18 01:39:29.864,107214.41,0.00019,20.3707379
2025-10-18 01:39:30.215,107210.45,0.0001,10.721045
2025-10-18 01:39:30.260,107204.9,9e-05,9.648441
2025-10-18 01:39:31.109,107204.9,0.0001,10.72049
2025-10-18 01:39:31.454,107204.9,0.03058,3278.3258419999997
2025-10-18 01:39:31.921,107204.9,0.00879,942.3310709999998
2025-10-18 01:39:32.089,107204.9,0.0001,10.72049
2025-10-18 01:39:32.169,107204.9,0.00084,90.052116
2025-10-18 01:39:32.242,107204.9,0.00059,63.250891
2025-10-18 01:39:32.288,107204.9,0.0006,64.32293999999999
2025-10-18 01:39:32.516,107204.9,0.0006,64.32293999999999
2025-10-18 01:39:32.641,107204.9,0.0006,64.32293999999999
2025-10-18 01:39:32.800,107204.89,0.00025,26.8012225
2025-10-18 01:39:33.046,107204.9,0.0001,10.72049
2025-10-18 01:39:33.223,107204.9,0.00035,37.521715
2025-10-18 01:39:33.733,107204.9,0.38172,40922.254428
2025-10-18 01:39:33.738,107206.46,0.00025,26.801615
2025-10-18 01:39:33.801,107212.92,5e-05,5.360646
2025-10-18 01:39:33.999,107213.16,0.0001,10.721316000000002
2025-10-18 01:39:34.323,107213.16,0.00055,58.96723800000001
2025-10-18 01:39:35.388,107213.16,0.00116,124.36726560000001
2025-10-18 01:39:35.546,107213.15,0.01352,1449.521788
2025-10-18 01:39:37.056,107213.16,0.00055,58.96723800000001
2025-10-18 01:39:37.139,107213.15,0.00081,86.84265149999999
2025-10-18 01:39:37.643,107213.16,0.0001,10.721316000000002
2025-10-18 01:39:37.747,107213.16,0.00467,500.6854572
2025-10-18 01:39:37.786,107213.15,0.0003,32.163945
2025-10-18 01:39:37.788,107213.15,0.00075,80.4098625
2025-10-18 01:39:38.914,107213.16,0.0006,64.327896
2025-10-18 01:39:39.506,107213.16,0.00747,800.8823052
2025-10-18 01:39:40.051,107213.16,0.00046,49.318053600000006
2025-10-18 01:39:40.397,107213.16,5e-05,5.360658000000001
2025-10-18 01:39:40.405,107213.16,0.0007,75.049212
2025-10-18 01:39:40.406,107214.25,6e-05,6.432855
2025-10-18 01:39:40.414,107215.63,0.00365,391.33704950000003
2025-10-18 01:39:40.419,107223.86,0.0001,10.722386
2025-10-18 01:39:40.482,107227.81,0.028,3002.37868
2025-10-18 01:39:41.085,107227.81,0.00088,94.3604728
2025-10-18 01:39:41.155,107227.81,0.00068,72.9149108
2025-10-18 01:39:41.381,107227.81,0.00051,54.6861831
2025-10-18 01:39:41.512,107227.81,6e-05,6.4336686
2025-10-18 01:39:41.766,107227.81,0.00061,65.40896409999999
2025-10-18 01:39:41.934,107227.8,0.00432,463.22409600000003
2025-10-18 01:39:41.977,107227.8,0.00016,17.156448
2025-10-18 01:39:42.450,107227.81,0.0299,3206.111519
2025-10-18 01:39:42.604,107227.81,0.00079,84.7099699
2025-10-18 01:39:42.654,107227.81,0.01626,1743.5241905999999
2025-10-18 01:39:43.599,107227.8,5e-05,5.36139
2025-10-18 01:39:43.637,107227.8,0.00052,55.758455999999995
2025-10-18 01:39:43.685,107227.81,0.028,3002.37868
2025-10-18 01:39:43.987,107227.81,0.00171,183.3595551
2025-10-18 01:39:46.576,107227.8,9e-05,9.650502000000001
2025-10-18 01:39:47.646,107227.8,0.0006,64.33668
2025-10-18 01:39:49.447,107227.8,0.00121,129.74563799999999
2025-10-18 01:39:49.603,107227.81,0.00387,414.9716247
2025-10-18 01:39:50.424,107227.81,0.00017,18.2287277
2025-10-18 01:39:50.981,107227.81,0.00067,71.8426327
2025-10-18 01:39:51.082,107227.81,0.00013,13.939615299999998
2025-10-18 01:39:53.224,107227.81,0.00093,99.72186330000001
2025-10-18 01:39:53.433,107227.81,0.00035,37.5297335
2025-10-18 01:39:53.611,107227.8,0.0004,42.89112
2025-10-18 01:39:53.986,107227.81,0.028,3002.37868
2025-10-18 01:39:53.994,107227.81,0.028,3002.37868
2025-10-18 01:39:54.247,107227.8,0.00051,54.686178000000005
2025-10-18 01:39:54.610,107227.81,0.00019,20.3732839
2025-10-18 01:39:55.025,107227.8,0.00014,15.011892
2025-10-18 01:39:55.843,107227.81,0.00046,49.3247926
2025-10-18 01:39:58.418,107227.8,0.00153,164.05853399999998
2025-10-18 01:39:59.137,107227.58,0.0001,10.722758
2025-10-18 01:39:59.138,107224.71,0.00015,16.083706499999998
2025-10-18 01:39:59.147,107221.78,0.00155,166.193759
2025-10-18 01:39:59.148,107221.37,0.0058,621.8839459999999
2025-10-18 01:39:59.151,107220.75,6e-05,6.433245
2025-10-18 01:39:59.429,107220.75,5e-05,5.3610375
2025-10-18 01:40:00.915,107217.5,6e-05,6.433050000000001
2025-10-18 01:40:01.015,107213.63,5e-05,5.3606815
2025-10-18 01:40:01.071,107210.43,0.0001,10.721043
2025-10-18 01:40:01.113,107210.43,0.0001,10.721043
2025-10-18 01:40:01.396,107210.43,0.00188,201.55560839999998
2025-10-18 01:40:01.560,107210.43,0.00065,69.68677949999999
2025-10-18 01:40:01.592,107210.42,8e-05,8.5768336
2025-10-18 01:40:02.072,107210.42,0.012,1286.52504
2025-10-18 01:40:02.074,107204.5,6e-05,6.43227
2025-10-18 01:40:02.193,107204.0,0.0028,300.1712
2025-10-18 01:40:02.199,107203.99,0.00187,200.4714613
2025-10-18 01:40:02.204,107202.49,0.00573,614.2702677
2025-10-18 01:40:02.205,107202.49,0.012,1286.4298800000001
2025-10-18 01:40:02.207,107202.49,0.012,1286.4298800000001
2025-10-18 01:40:02.491,107202.49,0.00933,1000.1992317
2025-10-18 01:40:02.715,107194.75,6e-05,6.431685
2025-10-18 01:40:02.733,107191.56,0.006,643.14936
2025-10-18 01:40:02.734,107191.56,0.006,643.14936
2025-10-18 01:40:02.912,107191.56,0.00809,867.1797204
2025-10-18 01:40:03.030,107190.0,0.0001,10.719000000000001
2025-10-18 01:40:03.055,107189.92,0.0001,10.718992
2025-10-18 01:40:03.062,107185.99,0.0001,10.718599000000001
2025-10-18 01:40:03.064,107186.0,0.012,1286.232
2025-10-18 01:40:03.348,107185.92,0.0001,10.718592000000001
2025-10-18 01:40:03.354,107185.22,0.00023,24.6526006
2025-10-18 01:40:03.355,107182.41,5e-05,5.3591205
2025-10-18 01:40:03.356,107180.0,0.01181,1265.7957999999999
2025-10-18 01:40:03.423,107180.0,0.012,1286.16
2025-10-18 01:40:03.425,107180.0,0.012,1286.16
2025-10-18 01:40:03.518,107176.0,0.00295,316.1692
2025-10-18 01:40:03.575,107171.98,7e-05,7.502038599999999
2025-10-18 01:40:04.080,107171.98,0.00498,533.7164604
2025-10-18 01:40:04.468,107171.98,9e-05,9.6454782
2025-10-18 01:40:04.492,107171.98,0.00046,49.2991108
2025-10-18 01:40:04.591,107171.98,0.0015,160.75797
2025-10-18 01:40:05.270,107171.98,0.004,428.68792
2025-10-18 01:40:05.569,107171.98,0.0006,64.30318799999999
2025-10-18 01:40:05.791,107171.98,0.0008,85.737584
2025-10-18 01:40:05.871,107171.98,0.0048,514.4255039999999
2025-10-18 01:40:06.001,107171.98,0.00526,563.7246147999999
2025-10-18 01:40:06.093,107171.98,0.00933,999.9145733999999
2025-10-18 01:40:06.754,107171.97,0.0002,21.434394
2025-10-18 01:40:06.847,107171.98,0.00953,1021.3489694
2025-10-18 01:40:06.920,107171.98,0.00348,372.95849039999996
2025-10-18 01:40:06.926,107171.98,0.00102,109.3154196
2025-10-18 01:40:06.947,107171.98,0.00034,36.438473200000004
2025-10-18 01:40:07.023,107171.97,0.00022,23.5778334
2025-10-18 01:40:07.411,107171.98,0.0307,3290.179786
2025-10-18 01:40:07.479,107171.98,0.00806,863.8061587999999
2025-10-18 01:40:07.834,107171.98,0.01269,1360.0124262
2025-10-18 01:40:08.078,107171.98,0.00019,20.3626762
2025-10-18 01:40:08.192,107171.98,0.0001,10.717198
2025-10-18 01:40:08.392,107171.98,0.00015,16.075796999999998
2025-10-18 01:40:08.818,107171.98,7e-05,7.502038599999999
2025-10-18 01:40:09.038,107171.98,0.00118,126.4629364
2025-10-18 01:40:09.191,107171.97,0.0265,2840.057205
2025-10-18 01:40:09.276,107171.98,0.00039,41.797072199999995
2025-10-18 01:40:09.465,107171.98,0.00529,566.9397742
2025-10-18 01:40:10.172,107171.98,0.1636,17533.335928
2025-10-18 01:40:10.183,107171.98,0.00343,367.5998914
2025-10-18 01:40:11.026,107171.98,0.00149,159.6862502
2025-10-18 01:40:11.233,107171.98,0.0001,10.717198
2025-10-18 01:40:12.298,107171.97,9e-05,9.645477300000001
2025-10-18 01:40:12.838,107171.97,0.01868,2001.9723995999998
2025-10-18 01:40:12.875,107171.98,0.00111,118.96089780000001
2025-10-18 01:40:13.804,107171.97,8e-05,8.5737576
2025-10-18 01:40:13.840,107171.97,8e-05,8.5737576
2025-10-18 01:40:13.932,107171.97,0.00066,70.7335002
2025-10-18 01:40:13.976,107171.97,0.002,214.34394
2025-10-18 01:40:14.009,107171.98,0.00046,49.2991108
2025-10-18 01:40:14.024,107171.98,0.00131,140.3952938
2025-10-18 01:40:14.725,107171.97,8e-05,8.5737576
2025-10-18 01:40:14.781,107171.98,0.00376,402.9666448
2025-10-18 01:40:14.972,107171.97,9e-05,9.645477300000001
2025-10-18 01:40:15.472,107171.97,0.01477,1582.9299969
2025-10-18 01:40:15.555,107171.98,0.00322,345.0937756
2025-10-18 01:40:15.723,107171.97,7e-05,7.5020378999999995
2025-10-18 01:40:16.463,107171.97,7e-05,7.5020378999999995
2025-10-18 01:40:16.655,107171.98,0.0127,1361.084146
2025-10-18 01:40:17.135,107171.97,9e-05,9.645477300000001
2025-10-18 01:40:17.742,107171.98,0.00077,82.5224246
2025-10-18 01:40:17.908,107171.97,8e-05,8.5737576
2025-10-18 01:40:18.202,107171.98,4e-05,4.2868792000000004
2025-10-18 01:40:18.528,107171.97,9e-05,9.645477300000001
2025-10-18 01:40:18.645,107171.98,0.02796,2996.5285608
2025-10-18 01:40:18.678,107171.97,8e-05,8.5737576
2025-10-18 01:40:18.843,107171.98,7e-05,7.502038599999999
2025-10-18 01:40:19.468,107171.97,0.00026,27.8647122
2025-10-18 01:40:19.736,107171.97,0.012,1286.06364
2025-10-18 01:40:19.737,107171.97,0.012,1286.06364
2025-10-18 01:40:20.190,107171.97,8e-05,8.5737576
2025-10-18 01:40:20.446,107171.98,0.00642,688.0441116000001
2025-10-18 01:40:20.735,107171.98,0.00011,11.7889178
2025-10-18 01:40:20.765,107171.97,8e-05,8.5737576
2025-10-18 01:40:20.832,107171.98,0.00047,50.3708306
2025-10-18 01:40:20.833,107171.97,0.00033,35.3667501
2025-10-18 01:40:21.015,107171.97,0.0001,10.717197
2025-10-18 01:40:21.482,107171.97,9e-05,9.645477300000001
2025-10-18 01:40:21.839,107171.98,0.00028,30.008154399999995
2025-10-18 01:40:21.870,107171.98,0.00061,65.37490779999999
2025-10-18 01:40:21.916,107171.98,0.00028,30.008154399999995
2025-10-18 01:40:21.992,107171.98,0.00028,30.008154399999995
2025-10-18 01:40:22.049,107171.97,8e-05,8.5737576
2025-10-18 01:40:22.211,107171.97,9e-05,9.645477300000001
2025-10-18 01:40:22.340,107171.97,0.00124,132.8932428
2025-10-18 01:40:22.496,107171.98,0.00019,20.3626762
2025-10-18 01:40:22.916,107171.97,8e-05,8.5737576
2025-10-18 01:40:22.995,107171.98,0.01528,1637.5878544
2025-10-18 01:40:23.274,107171.98,0.00596,638.7450008
2025-10-18 01:40:23.765,107171.97,0.00677,725.5542369
2025-10-18 01:40:23.965,107171.97,0.0001,10.717197
2025-10-18 01:40:24.528,107171.98,0.00199,213.2722402
2025-10-18 01:40:25.351,107171.97,9e-05,9.645477300000001
2025-10-18 01:40:25.774,107171.97,0.012,1286.06364
2025-10-18 01:40:25.775,107171.97,0.012,1286.06364
2025-10-18 01:40:26.562,107171.98,0.03074,3294.4666652
2025-10-18 01:40:26.576,107171.97,6e-05,6.4303182
2025-10-18 01:40:26.648,107171.97,8e-05,8.5737576
2025-10-18 01:40:26.847,107171.98,0.00606,649.4621988
2025-10-18 01:40:27.308,107171.97,0.012,1286.06364
2025-10-18 01:40:27.309,107171.97,0.012,1286.06364
2025-10-18 01:40:27.310,107171.97,0.012,1286.06364
2025-10-18 01:40:27.400,107171.97,8e-05,8.5737576
2025-10-18 01:40:27.504,107171.97,8e-05,8.5737576
2025-10-18 01:40:27.615,107167.57,0.00015,16.0751355
2025-10-18 01:40:27.872,107167.57,0.00013,13.9317841
2025-10-18 01:40:28.315,107165.53,0.0001,10.716553000000001
2025-10-18 01:40:28.332,107162.44,0.00028,30.005483199999997
2025-10-18 01:40:28.337,107162.44,0.0001,10.716244000000001
2025-10-18 01:40:28.383,107162.44,0.00028,30.005483199999997
2025-10-18 01:40:28.391,107162.44,0.00011,11.7878684
2025-10-18 01:40:28.482,107162.44,0.0001,10.716244000000001
2025-10-18 01:40:28.543,107162.44,0.0001,10.716244000000001
2025-10-18 01:40:28.581,107162.44,0.0001,10.716244000000001
2025-10-18 01:40:28.682,107162.44,0.0001,10.716244000000001
2025-10-18 01:40:28.708,107162.43,0.00209,223.96947869999997
2025-10-18 01:40:28.919,107162.44,0.00047,50.3663468
2025-10-18 01:40:28.943,107162.44,0.00041,43.9366004
2025-10-18 01:40:29.079,107162.44,0.00033,35.3636052
2025-10-18 01:40:29.352,107162.43,8e-05,8.5729944
2025-10-18 01:40:29.939,107162.44,0.00019,20.360863600000002
2025-10-18 01:40:30.028,107162.44,0.00258,276.47909519999996
2025-10-18 01:40:30.032,107162.44,0.00028,30.005483199999997
2025-10-18 01:40:30.084,107162.44,0.00019,20.360863600000002
2025-10-18 01:40:30.261,107162.43,9e-05,9.6446187
2025-10-18 01:40:30.270,107162.44,7e-05,7.501370799999999
2025-10-18 01:40:30.294,107162.43,0.00018,19.2892374
2025-10-18 01:40:30.319,107162.44,0.0001,10.716244000000001
2025-10-18 01:40:30.569,107162.44,0.00021,22.5041124
2025-10-18 01:40:30.722,107162.43,9e-05,9.6446187
2025-10-18 01:40:30.882,107162.44,0.0001,10.716244000000001
2025-10-18 01:40:31.074,107162.43,0.012,1285.94916
2025-10-18 01:40:31.075,107162.43,0.012,1285.94916
2025-10-18 01:40:31.076,107162.43,0.012,1285.94916
2025-10-18 01:40:31.218,107162.44,0.0001,10.716244000000001
2025-10-18 01:40:31.909,107162.43,0.012,1285.94916
2025-10-18 01:40:31.910,107162.43,0.012,1285.94916
2025-10-18 01:40:32.104,107162.43,0.00787,843.3683241
2025-10-18 01:40:32.210,107162.31,0.00058,62.154139799999996
2025-10-18 01:40:32.221,107161.26,0.00752,805.8526751999999
2025-10-18 01:40:32.228,107160.06,0.0001,10.716006
2025-10-18 01:40:32.415,107157.12,0.00149,159.66410879999998
2025-10-18 01:40:32.462,107154.06,0.00044,47.1477864
2025-10-18 01:40:33.375,107154.07,0.00098,105.0109886
2025-10-18 01:40:33.394,107154.07,0.00046,49.2908722
2025-10-18 01:40:33.613,107154.07,0.00617,661.1406119000001
2025-10-18 01:40:34.321,107154.06,9e-05,9.643865400000001
2025-10-18 01:40:35.089,107154.07,0.001,107.15407
2025-10-18 01:40:35.854,107154.07,0.0006,64.292442
2025-10-18 01:40:37.102,107154.06,8e-05,8.5723248
2025-10-18 01:40:39.352,107154.07,5e-05,5.3577035
2025-10-18 01:40:39.664,107154.07,0.00249,266.81363430000005
2025-10-18 01:40:39.715,107154.06,0.00117,125.3702502
2025-10-18 01:40:39.948,107154.07,0.001,107.15407
2025-10-18 01:40:40.648,107154.06,0.0001,10.715406
2025-10-18 01:40:41.203,107154.07,0.00012,12.8584884
2025-10-18 01:40:41.539,107154.06,0.00389,416.8292934
2025-10-18 01:40:41.590,107154.06,9e-05,9.643865400000001
2025-10-18 01:40:42.067,107154.06,0.0001,10.715406
2025-10-18 01:40:42.312,107154.07,0.0024,257.169768
2025-10-18 01:40:44.623,107154.06,9e-05,9.643865400000001
2025-10-18 01:40:45.115,107150.91,0.00015,16.072636499999998
2025-10-18 01:40:45.678,107150.9,0.012,1285.8108
2025-10-18 01:40:45.703,107150.91,0.00045,48.2179095
2025-10-18 01:40:45.912,107150.9,0.012,1285.8108
2025-10-18 01:40:45.914,107150.9,0.008,857.2072
2025-10-18 01:40:46.236,107150.88,0.0002,21.430176000000003
2025-10-18 01:40:46.243,107146.94,0.00089,95.3607766
2025-10-18 01:40:46.244,107146.94,0.00092,98.5751848
2025-10-18 01:40:46.246,107146.94,0.00771,826.1029074
2025-10-18 01:40:46.782,107146.95,0.00013,13.929103499999998
2025-10-18 01:40:47.017,107146.95,0.00192,205.722144
2025-10-18 01:40:47.110,107146.94,9e-05,9.643224600000002
2025-10-18 01:40:47.118,107146.95,0.0002,21.42939
2025-10-18 01:40:47.182,107146.94,8e-05,8.5717552
2025-10-18 01:40:47.462,107146.95,5e-05,5.3573475
2025-10-18 01:40:47.506,107146.95,0.00017,18.2149815
2025-10-18 01:40:47.527,107146.95,0.07488,8023.163616
2025-10-18 01:40:47.569,107146.95,0.00741,793.9588994999999
2025-10-18 01:40:47.716,107146.94,8e-05,8.5717552
2025-10-18 01:40:47.858,107146.95,0.01218,1305.049851
2025-10-18 01:40:49.415,107146.95,0.00031,33.215554499999996
2025-10-18 01:40:49.969,107146.94,0.00038,40.7158372
2025-10-18 01:40:50.166,107146.94,8e-05,8.5717552
2025-10-18 01:40:50.511,107146.95,0.00058,62.145230999999995
2025-10-18 01:40:50.843,107146.95,0.00094,100.718133
2025-10-18 01:40:51.151,107146.95,0.00463,496.09037849999993
2025-10-18 01:40:51.290,107146.94,0.00122,130.71926679999999
2025-10-18 01:40:51.603,107146.94,9e-05,9.643224600000002
2025-10-18 01:40:52.236,107146.95,0.00052,55.71641399999999
2025-10-18 01:40:52.317,107146.94,0.00054,57.8593476
2025-10-18 01:40:53.699,107146.94,0.012,1285.7632800000001
2025-10-18 01:40:53.700,107146.94,0.012,1285.7632800000001
2025-10-18 01:40:53.701,107146.94,0.012,1285.7632800000001
2025-10-18 01:40:53.769,107146.95,7e-05,7.500286499999999
2025-10-18 01:40:53.846,107146.94,9e-05,9.643224600000002
2025-10-18 01:40:53.918,107146.95,0.00033,35.3584935
2025-10-18 01:40:54.437,107146.94,0.005,535.7347
2025-10-18 01:40:56.460,107146.95,0.00039,41.7873105
2025-10-18 01:40:57.023,107146.94,0.00061,65.35963339999999
2025-10-18 01:40:57.076,107146.94,0.01682,1802.2115308000002
2025-10-18 01:40:57.090,107144.62,0.0001,10.714462
2025-10-18 01:40:57.093,107143.33,0.0333,3567.872889
2025-10-18 01:40:57.096,107142.75,6e-05,6.428565
2025-10-18 01:40:57.097,107142.44,5e-05,5.357122
2025-10-18 01:40:57.104,107142.0,0.00295,316.0689
2025-10-18 01:40:57.107,107140.01,0.00015,16.071001499999998
2025-10-18 01:40:57.115,107140.0,0.012,1285.68
2025-10-18 01:40:57.862,107138.43,0.00461,493.9081623
2025-10-18 01:40:57.929,107138.44,0.001,107.13844
2025-10-18 01:40:58.270,107138.44,7e-05,7.4996908
2025-10-18 01:40:59.002,107138.43,0.00684,732.8268611999999
2025-10-18 01:40:59.008,107138.0,0.00351,376.05438000000004
2025-10-18 01:40:59.031,107138.0,0.012,1285.656
2025-10-18 01:40:59.044,107136.0,0.00045,48.2112
2025-10-18 01:41:00.096,107136.01,0.00373,399.61731729999997
2025-10-18 01:41:01.024,107136.0,0.05248,5622.49728
2025-10-18 01:41:01.174,107136.01,0.00011,11.7849611
2025-10-18 01:41:01.423,107136.0,0.00098,104.99328
2025-10-18 01:41:01.585,107136.01,0.00577,618.1747776999999
2025-10-18 01:41:01.868,107136.0,0.00026,27.855359999999997
2025-10-18 01:41:02.140,107136.0,0.012,1285.632
2025-10-18 01:41:02.141,107136.0,0.012,1285.632
2025-10-18 01:41:02.227,107136.0,0.00095,101.7792
2025-10-18 01:41:02.528,107136.0,5e-05,5.356800000000001
2025-10-18 01:41:02.774,107136.0,0.012,1285.632
2025-10-18 01:41:03.019,107136.01,0.00932,998.5076131999999
2025-10-18 01:41:03.020,107136.01,0.00932,998.5076131999999
2025-10-18 01:41:03.021,107136.01,0.02091,2240.2139691
2025-10-18 01:41:03.022,107136.01,0.00932,998.5076131999999
2025-10-18 01:41:03.384,107136.01,0.00031,33.2121631
2025-10-18 01:41:03.504,107136.0,9e-05,9.642240000000001
2025-10-18 01:41:03.775,107136.01,0.0043,460.684843
2025-10-18 01:41:04.867,107136.01,0.0009,96.42240899999999
2025-10-18 01:41:05.585,107136.01,0.00174,186.4166574
2025-10-18 01:41:05.799,107136.0,0.0012,128.5632
2025-10-18 01:41:06.077,107136.0,0.012,1285.632
2025-10-18 01:41:06.078,107136.0,0.012,1285.632
2025-10-18 01:41:06.098,107136.01,0.00423,453.1853223
2025-10-18 01:41:06.508,107136.01,0.001,107.13601
2025-10-18 01:41:06.578,107136.0,8e-05,8.57088
2025-10-18 01:41:07.123,107136.01,0.02782,2980.5237982
2025-10-18 01:41:07.289,107136.01,0.00069,73.92384689999999
2025-10-18 01:41:07.338,107136.0,7e-05,7.4995199999999995
2025-10-18 01:41:07.632,107136.01,6e-05,6.4281606
2025-10-18 01:41:07.976,107136.0,0.012,1285.632
2025-10-18 01:41:07.977,107136.0,0.012,1285.632
2025-10-18 01:41:08.261,107136.01,0.00011,11.7849611
2025-10-18 01:41:08.263,107136.01,0.03586,3841.8973186000003
2025-10-18 01:41:08.447,107136.01,0.00012,12.8563212
2025-10-18 01:41:08.525,107136.0,0.028,2999.808
2025-10-18 01:41:08.697,107136.01,0.00047,50.35392469999999
2025-10-18 01:41:09.319,107136.01,0.00053,56.7820853
2025-10-18 01:41:09.758,107136.01,0.00018,19.284481800000002
2025-10-18 01:41:09.816,107136.01,8e-05,8.5708808
2025-10-18 01:41:10.541,107136.0,0.012,1285.632
2025-10-18 01:41:11.094,107136.0,0.012,1285.632
2025-10-18 01:41:11.095,107136.0,0.012,1285.632
2025-10-18 01:41:11.285,107136.0,9e-05,9.642240000000001
2025-10-18 01:41:11.486,107136.01,6e-05,6.4281606
2025-10-18 01:41:11.669,107136.0,0.04,4285.4400000000005
2025-10-18 01:41:11.971,107136.0,0.012,1285.632
2025-10-18 01:41:12.017,107136.01,0.00104,111.42145039999998
2025-10-18 01:41:12.031,107136.0,0.01053,1128.1420799999999
2025-10-18 01:41:12.166,107132.32,0.012,1285.5878400000001
2025-10-18 01:41:12.167,107132.32,0.012,1285.5878400000001
2025-10-18 01:41:12.168,107132.32,0.012,1285.5878400000001
2025-10-18 01:41:12.215,107128.88,0.00015,16.069332
2025-10-18 01:41:12.495,107128.88,0.00187,200.3310056
2025-10-18 01:41:12.696,107128.88,0.00318,340.6698384
2025-10-18 01:41:12.785,107128.88,0.00818,876.3142384
2025-10-18 01:41:13.134,107128.87,0.012,1285.54644
2025-10-18 01:41:13.135,107128.87,0.012,1285.54644
2025-10-18 01:41:14.031,107128.87,0.012,1285.54644
2025-10-18 01:41:14.183,107128.87,0.012,1285.54644
2025-10-18 01:41:14.184,107128.87,0.012,1285.54644
2025-10-18 01:41:14.937,107128.88,0.00094,100.70114720000001
2025-10-18 01:41:15.001,107128.87,0.00243,260.32315409999995
2025-10-18 01:41:15.003,107128.87,0.00657,703.8366759
2025-10-18 01:41:15.005,107128.87,0.00243,260.32315409999995
2025-10-18 01:41:15.009,107128.87,0.00243,260.32315409999995
2025-10-18 01:41:15.011,107128.87,0.00657,703.8366759
2025-10-18 01:41:15.014,107128.87,0.21194,22704.892707799998
2025-10-18 01:41:15.016,107128.87,0.00055,58.9208785
2025-10-18 01:41:15.019,107128.0,0.00041,43.92248
2025-10-18 01:41:15.020,107127.99,0.00026,27.8532774
2025-10-18 01:41:15.022,107128.0,0.00069,73.91832
2025-10-18 01:41:15.024,107127.99,0.00163,174.6186237
2025-10-18 01:41:15.027,107127.99,0.002,214.25598000000002
2025-10-18 01:41:15.029,107127.99,0.0003,32.138397
2025-10-18 01:41:15.032,107126.5,0.00096,102.84144
2025-10-18 01:41:15.036,107125.34,0.00015,16.068800999999997
2025-10-18 01:41:15.038,107125.32,0.0005,53.56266000000001
2025-10-18 01:41:15.039,107124.42,0.00083,88.9132686
2025-10-18 01:41:15.040,107124.42,0.012,1285.49304
2025-10-18 01:41:15.043,107124.42,0.04483,4802.3877486
2025-10-18 01:41:15.045,107124.42,0.01187,1271.5668654
2025-10-18 01:41:15.053,107124.42,0.00766,820.5730572
2025-10-18 01:41:15.059,107124.42,0.01884,2018.2240728
2025-10-18 01:41:15.065,107124.42,0.00984,1054.1042928
2025-10-18 01:41:15.071,107124.42,0.009,964.1197799999999
2025-10-18 01:41:15.077,107124.42,0.009,964.1197799999999
2025-10-18 01:41:15.083,107124.42,0.009,964.1197799999999
2025-10-18 01:41:15.089,107124.42,0.009,964.1197799999999
2025-10-18 01:41:15.094,107124.42,0.01343,1438.6809606
2025-10-18 01:41:15.102,107124.42,0.009,964.1197799999999
2025-10-18 01:41:16.137,107124.42,0.00017,18.211151400000002
2025-10-18 01:41:16.169,107124.42,0.00184,197.1089328
2025-10-18 01:41:16.215,107121.7,0.0001,10.71217
2025-10-18 01:41:16.399,107116.86,0.028,2999.27208
2025-10-18 01:41:16.938,107116.87,0.00733,785.1666571
2025-10-18 01:41:16.939,107116.87,0.00455,487.3817585
2025-10-18 01:41:16.940,107116.87,0.00733,785.1666571
2025-10-18 01:41:16.941,107116.87,0.00935,1001.5427345
2025-10-18 01:41:16.942,107116.87,0.00332,355.6280084
2025-10-18 01:41:16.943,107116.87,0.00258,276.3615246
2025-10-18 01:41:16.944,107116.87,0.00435,465.95838449999997
2025-10-18 01:41:16.945,107116.87,0.014,1499.63618
2025-10-18 01:41:16.946,107116.87,0.02796,2994.9876851999998
2025-10-18 01:41:16.947,107116.87,0.01864,1996.6584567999998
2025-10-18 01:41:16.948,107116.87,0.01363,1460.0029381
2025-10-18 01:41:16.949,107116.87,0.01363,1460.0029381
2025-10-18 01:41:16.951,107116.87,0.01066,1141.8658341999999
2025-10-18 01:41:16.962,107116.87,0.00081,86.7646647
2025-10-18 01:41:16.963,107116.87,0.02227,2385.4926949
2025-10-18 01:41:16.964,107116.87,0.00932,998.3292283999999
2025-10-18 01:41:17.030,107116.87,0.03869,4144.3517003
2025-10-18 01:41:17.179,107116.86,0.012,1285.4023200000001
2025-10-18 01:41:17.180,107116.86,0.012,1285.4023200000001
2025-10-18 01:41:17.322,107116.87,0.00014,14.996361799999997
2025-10-18 01:41:17.744,107116.86,0.00026,27.850383599999997
2025-10-18 01:41:18.349,107116.86,9e-05,9.6405174
2025-10-18 01:41:18.849,107116.87,0.00053,56.77194109999999
2025-10-18 01:41:19.001,107116.87,7e-05,7.498180899999999
2025-10-18 01:41:19.065,107116.87,0.00047,50.3449289
2025-10-18 01:41:19.460,107116.87,0.0249,2667.2100629999995
2025-10-18 01:41:20.236,107116.87,7e-05,7.498180899999999
2025-10-18 01:41:20.731,107116.87,9e-05,9.6405183
2025-10-18 01:41:21.141,107116.86,0.00031,33.2062266
2025-10-18 01:41:21.517,107116.86,0.00017,18.2098662
2025-10-18 01:41:21.736,107116.87,0.0006,64.27012199999999
2025-10-18 01:41:22.284,107116.87,0.00933,999.4003971
2025-10-18 01:41:22.989,107116.87,0.00932,998.3292283999999
2025-10-18 01:41:22.991,107116.87,0.00081,86.7646647
2025-10-18 01:41:22.993,107116.87,0.00444,475.5989028
2025-10-18 01:41:23.249,107116.86,5e-05,5.355843
2025-10-18 01:41:24.229,107116.87,0.00046,49.2737602
2025-10-18 01:41:24.468,107116.86,0.00081,86.7646566
2025-10-18 01:41:24.629,107116.87,0.0006,64.27012199999999
2025-10-18 01:41:24.632,107116.87,0.00178,190.66802859999999
2025-10-18 01:41:24.835,107116.87,0.00185,198.1662095
2025-10-18 01:41:24.837,107116.87,4e-05,4.2846748
2025-10-18 01:41:24.938,107116.87,0.00467,500.23578289999995
2025-10-18 01:41:25.018,107116.86,0.012,1285.4023200000001
2025-10-18 01:41:25.019,107116.86,0.012,1285.4023200000001
2025-10-18 01:41:25.050,107116.86,8e-05,8.5693488
2025-10-18 01:41:26.029,107116.87,0.0001,10.711687
2025-10-18 01:41:26.291,107116.86,0.06124,6559.8365064
2025-10-18 01:41:26.293,107116.87,0.00082,87.8358334
2025-10-18 01:41:26.332,107116.87,0.00195,208.8778965
2025-10-18 01:41:26.333,107116.87,0.00195,208.8778965
2025-10-18 01:41:26.531,107116.87,0.00093,99.6186891
2025-10-18 01:41:27.414,107116.87,0.00081,86.7646647
2025-10-18 01:41:27.415,107116.87,0.00932,998.3292283999999
2025-10-18 01:41:27.416,107116.87,0.01491,1597.1125316999999
2025-10-18 01:41:27.418,107116.87,0.00932,998.3292283999999
2025-10-18 01:41:27.475,107116.87,0.00081,86.7646647
2025-10-18 01:41:27.476,107116.87,0.00932,998.3292283999999
2025-10-18 01:41:27.477,107116.87,0.01125,1205.0647875
2025-10-18 01:41:27.479,107116.87,0.00932,998.3292283999999
2025-10-18 01:41:27.508,107116.87,0.04667,4999.1443229
2025-10-18 01:41:27.523,107116.86,8e-05,8.5693488
2025-10-18 01:41:27.644,107116.87,0.00081,86.7646647
2025-10-18 01:41:27.646,107116.87,0.01183,1267.1925721
2025-10-18 01:41:27.647,107116.87,0.00932,998.3292283999999
2025-10-18 01:41:28.093,107116.86,0.012,1285.4023200000001
2025-10-18 01:41:28.094,107116.86,0.012,1285.4023200000001
2025-10-18 01:41:28.097,107116.87,0.00932,998.3292283999999
2025-10-18 01:41:28.099,107116.87,0.00932,998.3292283999999
2025-10-18 01:41:28.132,107116.87,0.00436,467.0295532
2025-10-18 01:41:28.911,107116.87,0.00066,70.6971342
2025-10-18 01:41:29.074,107116.87,0.0108,1156.862196
2025-10-18 01:41:29.240,107116.87,0.00081,86.7646647
2025-10-18 01:41:29.242,107116.87,0.00932,998.3292283999999
2025-10-18 01:41:29.243,107116.87,0.00932,998.3292283999999
2025-10-18 01:41:29.770,107116.87,0.00011,11.7828557
2025-10-18 01:41:29.830,107116.87,0.00546,584.8581101999999
2025-10-18 01:41:30.256,107116.87,9e-05,9.6405183
2025-10-18 01:41:30.297,107116.87,0.00051,54.629603700000004
2025-10-18 01:41:30.361,107116.86,7e-05,7.498180199999999
2025-10-18 01:41:30.374,107116.86,0.00951,1018.6813385999999
2025-10-18 01:41:30.723,107116.87,0.00081,86.7646647
2025-10-18 01:41:30.724,107116.87,0.00172,184.24101639999998
2025-10-18 01:41:30.725,107116.87,0.01328,1422.5120336
2025-10-18 01:41:30.726,107116.87,0.02798,2997.1300226
2025-10-18 01:41:31.225,107116.86,0.00012,12.8540232
2025-10-18 01:41:31.425,107116.86,0.00086,92.1204996
2025-10-18 01:41:31.562,107116.86,0.00027,28.9215522
2025-10-18 01:41:31.697,107116.87,0.00028,29.992723599999994
2025-10-18 01:41:32.960,107116.86,9e-05,9.6405174
2025-10-18 01:41:33.275,107116.87,0.00081,86.7646647
2025-10-18 01:41:33.277,107116.87,0.00371,397.4035877
2025-10-18 01:41:33.278,107116.87,0.00365,390.97657549999997
2025-10-18 01:41:33.279,107116.87,0.00365,390.97657549999997
2025-10-18 01:41:33.280,107116.87,0.00436,467.0295532
2025-10-18 01:41:33.281,107116.87,0.00747,800.1630189
2025-10-18 01:41:33.282,107116.87,0.00686,734.8217281999999
2025-10-18 01:41:33.283,107116.87,0.00577,618.0643398999999
2025-10-18 01:41:33.284,107116.87,0.00377,403.8305999
2025-10-18 01:41:33.285,107116.87,0.00353,378.1225511
2025-10-18 01:41:33.286,107116.87,0.00247,264.57866889999997
2025-10-18 01:41:33.287,107116.87,0.00467,500.23578289999995
2025-10-18 01:41:33.288,107116.87,0.00293,313.8524291
2025-10-18 01:41:33.289,107116.87,0.00399,427.3963112999999
2025-10-18 01:41:33.290,107116.87,0.00284,304.2119108
2025-10-18 01:41:33.291,107116.87,0.00124,132.8249188
2025-10-18 01:41:33.292,107116.87,0.00483,517.3744821
2025-10-18 01:41:33.293,107116.87,0.00456,488.4529272
2025-10-18 01:41:33.294,107116.87,0.00432,462.7448784
2025-10-18 01:41:33.295,107116.87,0.00309,330.99112829999996
2025-10-18 01:41:33.297,107116.87,0.00588,629.8471956
2025-10-18 01:41:33.298,107116.87,0.00909,973.6923483
2025-10-18 01:41:33.300,107116.87,0.00668,715.5406916
2025-10-18 01:41:33.301,107116.87,0.00377,403.8305999
2025-10-18 01:41:33.302,107116.87,0.00448,479.8835775999999
2025-10-18 01:41:33.303,107116.87,0.00521,558.0788927
2025-10-18 01:41:33.304,107116.87,0.00486,520.5879881999999
2025-10-18 01:41:33.305,107116.87,0.00317,339.56047789999997
2025-10-18 01:41:33.306,107116.87,0.00317,339.56047789999997
2025-10-18 01:41:33.307,107116.87,0.00318,340.6316466
2025-10-18 01:41:33.308,107116.87,0.00317,339.56047789999997
2025-10-18 01:41:33.309,107116.87,0.00415,444.5350105
2025-10-18 01:41:33.310,107116.87,0.00301,322.4217787
2025-10-18 01:41:33.311,107116.87,0.00063,67.4836281
2025-10-18 01:41:33.312,107116.87,0.00934,1000.4715657999999
2025-10-18 01:41:33.313,107116.87,0.00293,313.8524291
2025-10-18 01:41:33.314,107116.87,0.00382,409.1864434
2025-10-18 01:41:33.315,107116.87,0.00382,409.1864434
2025-10-18 01:41:33.316,107116.87,0.00934,1000.4715657999999
2025-10-18 01:41:33.317,107116.87,0.00287,307.4254169
2025-10-18 01:41:33.318,107116.87,0.00747,800.1630189
2025-10-18 01:41:33.319,107116.87,0.00349,373.8378763
2025-10-18 01:41:33.320,107116.87,0.00268,287.0732116
2025-10-18 01:41:33.321,107116.87,0.00301,322.4217787
2025-10-18 01:41:33.322,107116.87,0.00434,464.8872158
2025-10-18 01:41:33.323,107116.87,0.00414,443.46384179999995
2025-10-18 01:41:33.324,107116.87,0.00934,1000.4715657999999
2025-10-18 01:41:33.325,107116.87,0.00551,590.2139536999999
2025-10-18 01:41:33.326,107116.87,0.00505,540.9401935
2025-10-18 01:41:33.327,107116.87,0.00415,444.5350105
2025-10-18 01:41:33.328,107116.87,0.00933,999.4003971
2025-10-18 01:41:33.329,107116.87,0.00505,540.9401935
2025-10-18 01:41:33.330,107116.87,0.0068,728.3947159999999
2025-10-18 01:41:33.331,107116.87,0.0068,728.3947159999999
2025-10-18 01:41:33.332,107116.87,0.00934,1000.4715657999999
2025-10-18 01:41:33.333,107116.87,0.00343,367.41086409999997
2025-10-18 01:41:33.334,107116.87,0.00284,304.2119108
2025-10-18 01:41:33.335,107116.87,0.00293,313.8524291
2025-10-18 01:41:33.336,107116.87,0.00614,657.6975818
2025-10-18 01:41:33.337,107116.87,0.00533,570.9329170999999
2025-10-18 01:41:33.338,107116.87,0.00284,304.2119108
2025-10-18 01:41:33.339,107116.87,0.00293,313.8524291
2025-10-18 01:41:33.340,107116.87,0.00382,409.1864434
2025-10-18 01:41:33.341,107116.87,0.00458,490.59526459999995
2025-10-18 01:41:33.342,107116.87,0.00293,313.8524291
2025-10-18 01:41:33.343,107116.87,0.00293,313.8524291
2025-10-18 01:41:33.344,107116.87,0.00276,295.6425612
2025-10-18 01:41:33.345,107116.87,0.00365,390.97657549999997
2025-10-18 01:41:33.346,107116.87,0.00285,305.2830795
2025-10-18 01:41:33.347,107116.87,0.00396,424.18280519999996
2025-10-18 01:41:33.348,107116.87,0.00419,448.8196853
2025-10-18 01:41:33.349,107116.87,0.00934,1000.4715657999999
2025-10-18 01:41:33.350,107116.87,0.00268,287.0732116
2025-10-18 01:41:33.351,107116.87,0.00266,284.9308742
2025-10-18 01:41:33.352,107116.87,0.00276,295.6425612
2025-10-18 01:41:33.353,107116.87,0.00276,295.6425612
2025-10-18 01:41:33.354,107116.87,0.00284,304.2119108
2025-10-18 01:41:33.355,107116.87,0.00365,390.97657549999997
2025-10-18 01:41:33.356,107116.87,0.00386,413.4711182
2025-10-18 01:41:33.357,107116.87,0.00284,304.2119108
2025-10-18 01:41:33.358,107116.99,0.00345,369.55361550000003
2025-10-18 01:41:33.359,107117.11,0.00276,295.6432236
2025-10-18 01:41:33.360,107117.11,0.00293,313.85313229999997
2025-10-18 01:41:33.361,107120.54,0.0001,10.712054
2025-10-18 01:41:33.362,107121.14,0.00747,800.1949158
2025-10-18 01:41:33.363,107121.14,0.00041,43.9196674
2025-10-18 01:41:33.364,107125.29,0.00015,16.068793499999998
2025-10-18 01:41:33.365,107125.3,0.00365,391.007345
2025-10-18 01:41:33.366,107125.3,0.00268,287.09580400000004
2025-10-18 01:41:33.367,107125.3,0.00284,304.235852
2025-10-18 01:41:33.368,107128.86,0.00015,16.069329
2025-10-18 01:41:33.369,107132.29,0.00739,791.7076231
2025-10-18 01:41:33.370,107132.29,0.00569,609.5827300999999
2025-10-18 01:41:33.372,107132.29,0.00282,302.1130578
2025-10-18 01:41:33.373,107132.29,0.00376,402.81741039999997
2025-10-18 01:41:33.374,107132.29,0.00192,205.69399679999998
2025-10-18 01:41:33.375,107132.29,0.00344,368.53507759999997
2025-10-18 01:41:33.377,107132.29,0.00358,383.5335982
2025-10-18 01:41:33.379,107132.29,0.00246,263.5454334
2025-10-18 01:41:33.380,107132.29,0.00468,501.3791172
2025-10-18 01:41:33.381,107132.29,0.00263,281.7579227
2025-10-18 01:41:33.382,107132.29,0.01863,1995.8745627
2025-10-18 01:41:33.384,107132.29,0.00271,290.3285059
2025-10-18 01:41:33.385,107132.29,0.00747,800.2782063
2025-10-18 01:41:33.386,107132.29,0.00271,290.3285059
2025-10-18 01:41:33.387,107132.29,0.00446,477.8100134
2025-10-18 01:41:33.388,107132.29,0.00446,477.8100134
2025-10-18 01:41:33.389,107132.29,0.01027,1100.2486182999999
2025-10-18 01:41:33.391,107132.29,0.00263,281.7579227
2025-10-18 01:41:33.392,107132.29,0.00339,363.17846309999993
2025-10-18 01:41:33.393,107132.29,0.00194,207.8366426
2025-10-18 01:41:33.394,107132.29,0.01602,1716.2592857999998
2025-10-18 01:41:33.395,107132.29,0.00133,142.4859457
2025-10-18 01:41:33.397,107132.29,0.02796,2995.4188283999997
2025-10-18 01:41:33.398,107132.29,0.01864,1996.9458855999999
2025-10-18 01:41:33.399,107132.29,0.00263,281.7579227
2025-10-18 01:41:33.402,107132.29,0.00024,25.711749599999997
2025-10-18 01:41:33.403,107132.29,0.02796,2995.4188283999997
2025-10-18 01:41:33.404,107132.29,0.00255,273.1873395
2025-10-18 01:41:33.405,107132.29,0.00263,281.7579227
2025-10-18 01:41:33.406,107132.29,0.00255,273.1873395
2025-10-18 01:41:33.407,107132.29,0.02796,2995.4188283999997
2025-10-18 01:41:33.408,107132.29,0.00238,254.9748502
2025-10-18 01:41:33.409,107132.29,0.00238,254.9748502
2025-10-18 01:41:33.410,107132.29,0.03799,4069.9556971
2025-10-18 01:41:33.424,107132.29,0.00794,850.6303825999998
2025-10-18 01:41:33.443,107134.4,0.00399,427.46625599999993
2025-10-18 01:41:33.448,107134.4,0.02,2142.688
2025-10-18 01:41:33.452,107134.4,0.028,2999.7632
2025-10-18 01:41:33.626,107134.4,0.0019,203.55535999999998
2025-10-18 01:41:33.659,107134.4,0.00246,263.55062399999997
2025-10-18 01:41:33.707,107134.39,0.63719,68264.9619641
2025-10-18 01:41:33.709,107134.38,0.0001,10.713438000000002
2025-10-18 01:41:33.711,107132.29,0.0003,32.139686999999995
2025-10-18 01:41:33.712,107132.28,0.11257,12059.8807596
2025-10-18 01:41:33.724,107132.27,0.0011,117.84549700000001
2025-10-18 01:41:33.726,107132.1,0.0009,96.41889
2025-10-18 01:41:33.789,107131.77,8e-05,8.5705416
2025-10-18 01:41:33.814,107131.76,0.0015,160.69764
2025-10-18 01:41:34.313,107128.29,0.0001,10.712829
2025-10-18 01:41:35.052,107128.28,0.00097,103.9144316
2025-10-18 01:41:35.576,107128.29,0.00315,337.4541135
2025-10-18 01:41:35.615,107122.5,0.02812,3012.2846999999997
2025-10-18 01:41:35.775,107121.15,0.00105,112.47720749999999
2025-10-18 01:41:35.839,107121.15,0.00576,617.017824
2025-10-18 01:41:36.006,107121.14,0.00058,62.1302612
2025-10-18 01:41:36.253,107121.14,0.012,1285.45368
2025-10-18 01:41:36.254,107121.14,0.012,1285.45368
2025-10-18 01:41:36.315,107116.75,6e-05,6.427005
2025-10-18 01:41:36.492,107114.16,0.0019,203.516904
2025-10-18 01:41:36.621,107114.17,9e-05,9.6402753
2025-10-18 01:41:36.732,107114.17,0.00047,50.3436599
2025-10-18 01:41:36.917,107114.16,0.00689,738.0165624000001
2025-10-18 01:41:36.927,107114.16,0.001,107.11416000000001
2025-10-18 01:41:37.505,107114.17,0.00151,161.7423967
2025-10-18 01:41:38.257,107114.16,0.00186,199.23233760000002
2025-10-18 01:41:38.261,107114.15,0.0024,257.07395999999994
2025-10-18 01:41:38.262,107113.99,5e-05,5.355699500000001
2025-10-18 01:41:38.267,107113.99,0.0019,203.516581
2025-10-18 01:41:38.268,107110.1,0.00036,38.559636000000005
2025-10-18 01:41:38.269,107110.1,0.01195,1279.965695
2025-10-18 01:41:38.303,107110.11,0.00054,57.8394594
2025-10-18 01:41:38.326,107110.11,0.0005,53.555055
2025-10-18 01:41:38.377,107110.11,6e-05,6.4266066
2025-10-18 01:41:38.429,107110.11,0.0005,53.555055
2025-10-18 01:41:38.935,107110.11,0.00241,258.1353651
2025-10-18 01:41:39.212,107110.1,0.012,1285.3212
2025-10-18 01:41:39.269,107110.11,0.01073,1149.2914803
2025-10-18 01:41:39.390,107110.1,0.012,1285.3212
2025-10-18 01:41:39.391,107110.1,0.012,1285.3212
2025-10-18 01:41:39.791,107110.11,0.00046,49.2706506
2025-10-18 01:41:40.423,107110.1,9e-05,9.639909000000001
2025-10-18 01:41:40.908,107110.11,0.001,107.11011
2025-10-18 01:41:41.074,107110.1,0.00019,20.350919
2025-10-18 01:41:41.576,107110.1,5e-05,5.355505000000001
2025-10-18 01:41:41.919,107110.1,0.02351,2518.1584510000002
2025-10-18 01:41:41.921,107105.58,0.00015,16.065837
2025-10-18 01:41:41.935,107105.57,0.012,1285.26684
2025-10-18 01:41:41.937,107105.57,0.012,1285.26684
2025-10-18 01:41:41.981,107105.58,0.00068,72.8317944
2025-10-18 01:41:42.207,107105.57,0.00397,425.2091129
2025-10-18 01:41:42.459,107105.57,0.00013,13.9237241
2025-10-18 01:41:42.711,107100.86,0.04213,4512.1592318
2025-10-18 01:41:42.851,107100.86,8e-05,8.5680688
2025-10-18 01:41:42.917,107100.86,0.00194,207.7756684
2025-10-18 01:41:42.966,107100.87,0.04667,4998.3976029000005
2025-10-18 01:41:43.171,107100.86,8e-05,8.5680688
2025-10-18 01:41:44.306,107100.86,8e-05,8.5680688
2025-10-18 01:41:44.741,107100.86,0.00017,18.2071462
2025-10-18 01:41:44.819,107100.86,6e-05,6.4260516
2025-10-18 01:41:44.823,107100.86,0.00011,11.781094600000001
2025-10-18 01:41:44.843,107100.87,0.00466,499.0900542
2025-10-18 01:41:45.215,107097.36,5e-05,5.354868000000001
2025-10-18 01:41:45.227,107095.33,0.03636,3893.9861988000002
2025-10-18 01:41:45.235,107095.32,9e-05,9.638578800000001
2025-10-18 01:41:45.578,107095.33,0.01864,1996.2569512
2025-10-18 01:41:45.648,107095.33,0.00576,616.8691008000001
2025-10-18 01:41:46.318,107095.32,0.00112,119.9467584
2025-10-18 01:41:46.357,107095.33,0.00056,59.9733848
2025-10-18 01:41:46.617,107095.32,0.012,1285.1438400000002
2025-10-18 01:41:46.618,107095.32,0.012,1285.1438400000002
2025-10-18 01:41:46.750,107095.32,9e-05,9.638578800000001
2025-10-18 01:41:46.820,107095.32,8e-05,8.567625600000001
2025-10-18 01:41:46.824,107095.33,0.00012,12.8514396
2025-10-18 01:41:47.332,107095.33,0.00013,13.922392899999998
2025-10-18 01:41:47.374,107095.32,0.0001,10.709532000000001
2025-10-18 01:41:47.612,107095.32,7e-05,7.4966724
2025-10-18 01:41:47.618,107095.32,0.0001,10.709532000000001
2025-10-18 01:41:47.665,107095.33,0.00046,49.263851800000005
2025-10-18 01:41:47.829,107079.06,0.00403,431.52861179999996
2025-10-18 01:41:47.850,107074.5,0.012,1284.894
2025-10-18 01:41:47.852,107074.5,0.012,1284.894
2025-10-18 01:41:47.860,107074.5,9e-05,9.636705000000001
2025-10-18 01:41:47.915,107074.51,0.00093,99.5792943
2025-10-18 01:41:48.022,107074.51,0.00093,99.5792943
2025-10-18 01:41:48.062,107074.51,0.0002,21.414902
2025-10-18 01:41:48.110,107074.5,0.00016,17.13192
2025-10-18 01:41:48.304,107074.51,0.00532,569.6363931999999
2025-10-18 01:41:48.709,107074.5,9e-05,9.636705000000001
2025-10-18 01:41:48.717,107074.51,0.0044,471.127844
2025-10-18 01:41:48.970,107074.5,9e-05,9.636705000000001
2025-10-18 01:41:49.168,107074.5,9e-05,9.636705000000001
2025-10-18 01:41:49.189,107074.5,9e-05,9.636705000000001
2025-10-18 01:41:49.238,107074.51,0.0048,513.957648
2025-10-18 01:41:49.295,107074.51,0.0006,64.244706
2025-10-18 01:41:49.343,107074.51,0.00139,148.8335689
2025-10-18 01:41:49.612,107074.5,9e-05,9.636705000000001
2025-10-18 01:41:49.748,107074.51,0.00756,809.4832955999999
2025-10-18 01:41:50.098,107074.5,8e-05,8.56596
2025-10-18 01:41:50.133,107074.5,8e-05,8.56596
2025-10-18 01:41:50.322,107074.5,0.00055,58.890975000000005
2025-10-18 01:41:50.510,107074.5,0.00099,106.003755
2025-10-18 01:41:50.753,107074.51,0.00761,814.8370210999999
2025-10-18 01:41:51.448,107074.5,9e-05,9.636705000000001
2025-10-18 01:41:51.658,107074.5,0.00019,20.344155
2025-10-18 01:41:51.951,107074.5,0.0028,299.8086
2025-10-18 01:41:52.062,107074.51,0.00045,48.1835295
2025-10-18 01:41:52.254,107074.51,9e-05,9.6367059
2025-10-18 01:41:52.501,107074.5,0.012,1284.894
2025-10-18 01:41:52.550,107074.5,0.012,1284.894
2025-10-18 01:41:52.551,107074.5,0.012,1284.894
2025-10-18 01:41:52.615,107074.51,6e-05,6.4244706
2025-10-18 01:41:52.641,107074.51,9e-05,9.6367059
2025-10-18 01:41:52.644,107074.51,0.0001,10.707451
2025-10-18 01:41:52.777,107074.51,0.00716,766.6534915999999
2025-10-18 01:41:52.871,107074.51,0.00105,112.42823549999999
2025-10-18 01:41:53.160,107074.61,0.0001,10.707461
2025-10-18 01:41:53.163,107076.0,0.0001,10.707600000000001
2025-10-18 01:41:53.165,107080.0,5e-05,5.354
2025-10-18 01:41:53.166,107080.93,0.00095,101.7268835
2025-10-18 01:41:53.169,107080.92,0.00287,307.3222404
2025-10-18 01:41:53.225,107084.93,0.0001,10.708492999999999
2025-10-18 01:41:53.495,107085.2,0.00063,67.463676
2025-10-18 01:41:53.842,107085.19,8e-05,8.5668152
2025-10-18 01:41:54.088,107085.2,0.0001,10.70852
2025-10-18 01:41:55.084,107085.2,0.0001,10.70852
2025-10-18 01:41:55.281,107085.2,0.00187,200.24932399999997
2025-10-18 01:41:55.744,107085.19,9e-05,9.637667100000002
2025-10-18 01:41:55.782,107085.2,0.00016,17.133632000000002
2025-10-18 01:41:55.901,107085.2,0.00048,51.400896
2025-10-18 01:41:55.961,107085.2,0.00143,153.131836
2025-10-18 01:41:56.067,107085.2,0.0001,10.70852
2025-10-18 01:41:56.215,107092.76,0.00015,16.063913999999997
2025-10-18 01:41:56.327,107092.76,0.00018,19.2766968
2025-10-18 01:41:57.649,107092.77,0.04668,4999.0905036
2025-10-18 01:41:57.732,107092.76,8e-05,8.5674208
2025-10-18 01:41:58.043,107092.76,0.0004,42.837104
2025-10-18 01:41:58.166,107092.76,8e-05,8.5674208
2025-10-18 01:41:58.383,107092.77,7e-05,7.4964939
2025-10-18 01:41:58.609,107092.77,0.0034,364.115418
2025-10-18 01:41:58.962,107092.77,0.00024,25.702264800000002
2025-10-18 01:41:59.545,107092.6,0.0009,96.38334
2025-10-18 01:41:59.547,107088.14,0.00316,338.3985224
2025-10-18 01:41:59.616,107076.02,5e-05,5.353801000000001
2025-10-18 01:41:59.762,107074.48,6e-05,6.4244688
2025-10-18 01:42:00.244,107074.48,0.012,1284.89376
2025-10-18 01:42:00.245,107074.48,0.012,1284.89376
2025-10-18 01:42:00.246,107074.48,0.012,1284.89376
2025-10-18 01:42:00.314,107074.49,0.0002,21.414898
2025-10-18 01:42:00.316,107070.0,0.0028,299.796
2025-10-18 01:42:00.318,107065.73,7e-05,7.494601099999999
2025-10-18 01:42:00.705,107065.73,0.0002,21.413146
2025-10-18 01:42:01.069,107065.72,0.0001,10.706572000000001
2025-10-18 01:42:01.118,107065.73,0.0001,10.706573
2025-10-18 01:42:01.431,107065.73,0.004,428.26292
2025-10-18 01:42:01.588,107065.72,0.00011,11.7772292
2025-10-18 01:42:01.852,107065.72,9e-05,9.6359148
2025-10-18 01:42:02.122,107065.73,0.024,2569.57752
2025-10-18 01:42:02.178,107065.73,0.00037,39.6143201
2025-10-18 01:42:02.236,107065.73,0.00046,49.2502358
2025-10-18 01:42:02.541,107065.73,0.00093,99.5711289
2025-10-18 01:42:02.557,107065.73,0.00451,482.8664423
2025-10-18 01:42:02.565,107070.71,0.0001,10.707071000000001
2025-10-18 01:42:02.593,107070.72,0.08393,8986.445529600001
2025-10-18 01:42:02.604,107070.72,0.016,1713.1315200000001
2025-10-18 01:42:02.616,107070.72,0.43162,46213.8641664
2025-10-18 01:42:02.635,107070.73,0.01058,1132.8083234
2025-10-18 01:42:02.669,107070.73,0.10351,11082.8912623
2025-10-18 01:42:02.670,107070.73,0.12651,13545.5180523
2025-10-18 01:42:02.671,107070.88,0.0027,289.091376
2025-10-18 01:42:02.673,107070.88,0.02418,2588.9738784
2025-10-18 01:42:02.675,107081.96,0.00168,179.89769280000002
2025-10-18 01:42:02.707,107081.96,0.04083,4372.1564268
2025-10-18 01:42:02.915,107081.95,8e-05,8.566556
2025-10-18 01:42:02.939,107081.96,0.00017,18.2039332
2025-10-18 01:42:03.027,107081.95,0.00033,35.3370435
2025-10-18 01:42:03.679,107081.96,0.039,4176.196440000001
2025-10-18 01:42:04.140,107081.96,0.00427,457.2399692000001
2025-10-18 01:42:05.082,107081.96,0.00654,700.3160184000001
2025-10-18 01:42:05.122,107081.96,0.15764,16880.4001744
2025-10-18 01:42:05.382,107086.11,5e-05,5.354305500000001
2025-10-18 01:42:05.384,107093.61,5e-05,5.354680500000001
2025-10-18 01:42:05.387,107097.85,0.00143,153.14992550000002
2025-10-18 01:42:05.390,107097.85,0.00157,168.14362450000002
2025-10-18 01:42:05.394,107098.58,0.00934,1000.3007372
2025-10-18 01:42:05.396,107098.57,8e-05,8.567885600000002
2025-10-18 01:42:05.398,107098.58,0.00177,189.5644866
2025-10-18 01:42:05.400,107098.58,0.00757,810.7362506000001
2025-10-18 01:42:05.418,107098.58,0.01467,1571.1361686
2025-10-18 01:42:05.452,107098.58,0.004,428.39432
2025-10-18 01:42:05.471,107098.58,0.028,2998.76024
2025-10-18 01:42:05.565,107098.58,0.15294,16379.6568252
2025-10-18 01:42:05.581,107098.58,0.00081,86.74984979999999
2025-10-18 01:42:05.660,107098.58,0.96923,103803.1566934
2025-10-18 01:42:05.661,107099.01,0.0002,21.419802
2025-10-18 01:42:05.663,107100.0,5e-05,5.355
2025-10-18 01:42:05.665,107102.81,9e-05,9.6392529
2025-10-18 01:42:05.666,107103.93,0.00113,121.02744089999999
2025-10-18 01:42:05.670,107104.4,9e-05,9.639396
2025-10-18 01:42:06.946,107104.41,0.00081,86.7545721
2025-10-18 01:42:06.948,107104.41,0.00091,97.46501310000001
2025-10-18 01:42:06.949,107104.41,0.00091,97.46501310000001
2025-10-18 01:42:06.950,107110.12,0.0001,10.711012
2025-10-18 01:42:07.255,107111.64,0.00095,101.756058
2025-10-18 01:42:07.441,107111.64,0.00078,83.5470792
2025-10-18 01:42:08.581,107111.63,0.00018,19.280093400000002
2025-10-18 01:42:08.702,107111.63,9e-05,9.640046700000001
2025-10-18 01:42:09.233,107111.63,0.00189,202.4409807
2025-10-18 01:42:09.972,107111.66,0.0002,21.422332
2025-10-18 01:42:09.986,107113.89,0.00086,92.1179454
2025-10-18 01:42:09.990,107114.0,0.00267,285.99438000000004
2025-10-18 01:42:10.008,107114.01,0.00108,115.6831308
2025-10-18 01:42:10.030,107116.86,0.00015,16.067529
2025-10-18 01:42:10.059,107119.2,0.028,2999.3376
2025-10-18 01:42:10.115,107125.03,5e-05,5.3562515
2025-10-18 01:42:10.405,107126.87,0.00011,11.7839557
2025-10-18 01:42:10.996,107126.87,0.00011,11.7839557
2025-10-18 01:42:11.569,107126.86,0.00021,22.496640600000003
2025-10-18 01:42:11.841,107126.89,0.0002,21.425378000000002
2025-10-18 01:42:11.843,107126.87,5e-05,5.3563435
2025-10-18 01:42:12.072,107129.27,0.00655,701.6967185000001
2025-10-18 01:42:12.252,107129.26,0.00017,18.2119742
2025-10-18 01:42:12.397,107129.26,0.01867,2000.1032841999997
2025-10-18 01:42:12.623,107129.26,8e-05,8.5703408
2025-10-18 01:42:13.092,107129.26,9e-05,9.6416334
2025-10-18 01:42:13.667,107129.26,0.00604,647.0607304
2025-10-18 01:42:13.700,107129.26,0.00018,19.2832668
2025-10-18 01:42:13.704,107130.98,0.05528,5922.2005744
2025-10-18 01:42:13.810,107131.45,0.0001,10.713145
2025-10-18 01:42:14.063,107131.44,9e-05,9.641829600000001
2025-10-18 01:42:14.070,107131.45,0.00305,326.7509225
2025-10-18 01:42:14.281,107131.45,0.028,2999.6806
2025-10-18 01:42:14.311,107131.45,0.00081,86.77647449999999
2025-10-18 01:42:14.874,107131.45,0.00566,606.364007
2025-10-18 01:42:14.875,107133.0,6e-05,6.42798
2025-10-18 01:42:14.876,107134.84,5e-05,5.356742
2025-10-18 01:42:14.888,107135.27,0.00236,252.8392372
2025-10-18 01:42:15.024,107136.0,0.00016,17.14176
2025-10-18 01:42:15.415,107136.0,0.00336,359.97696
2025-10-18 01:42:15.532,107136.0,0.0011,117.84960000000001
2025-10-18 01:42:15.632,107135.99,0.00027,28.926717300000004
2025-10-18 01:42:16.259,107136.0,0.0145,1553.472
2025-10-18 01:42:16.444,107136.0,5e-05,5.356800000000001
2025-10-18 01:42:16.611,107135.99,0.00034,36.4262366
2025-10-18 01:42:16.706,107135.99,0.13554,14521.2120846
2025-10-18 01:42:16.709,107135.99,0.02528,2708.3978272000004
2025-10-18 01:42:16.870,107136.0,0.00011,11.78496
2025-10-18 01:42:17.510,107135.99,9e-05,9.642239100000001
2025-10-18 01:42:17.526,107136.0,0.00047,50.353919999999995
2025-10-18 01:42:17.583,107136.0,0.00102,109.27872
2025-10-18 01:42:17.643,107136.0,7e-05,7.4995199999999995
2025-10-18 01:42:17.712,107136.0,0.0001,10.713600000000001
2025-10-18 01:42:17.818,107136.0,7e-05,7.4995199999999995
2025-10-18 01:42:17.892,107135.99,9e-05,9.642239100000001
2025-10-18 01:42:17.991,107136.0,0.0001,10.713600000000001
2025-10-18 01:42:18.017,107136.0,0.0001,10.713600000000001
2025-10-18 01:42:18.032,107136.0,0.0042,449.97119999999995
2025-10-18 01:42:18.120,107136.0,0.00011,11.78496
2025-10-18 01:42:18.125,107136.0,0.0001,10.713600000000001
2025-10-18 01:42:18.216,107135.99,0.012,1285.6318800000001
2025-10-18 01:42:18.511,107136.0,0.00028,29.998079999999998
2025-10-18 01:42:18.679,107136.0,0.00073,78.20927999999999
2025-10-18 01:42:18.812,107136.0,0.00039,41.78304
2025-10-18 01:42:18.855,107136.0,0.00011,11.78496
2025-10-18 01:42:18.882,107136.0,0.0001,10.713600000000001
2025-10-18 01:42:19.071,107136.0,0.00084,89.99424
2025-10-18 01:42:19.218,107136.0,0.00019,20.35584
2025-10-18 01:42:19.363,107136.0,0.00019,20.35584
2025-10-18 01:42:19.583,107136.0,0.00047,50.353919999999995
2025-10-18 01:42:19.629,107136.0,0.00606,649.2441600000001
2025-10-18 01:42:19.632,107135.99,9e-05,9.642239100000001
2025-10-18 01:42:20.050,107136.0,0.00011,11.78496
2025-10-18 01:42:20.932,107135.99,9e-05,9.642239100000001
2025-10-18 01:42:20.991,107136.0,7e-05,7.4995199999999995
2025-10-18 01:42:21.042,107136.0,0.00011,11.78496
2025-10-18 01:42:21.555,107136.0,0.00093,99.63648
2025-10-18 01:42:21.604,107135.99,5e-05,5.3567995
2025-10-18 01:42:21.636,107135.99,0.00091,97.49375090000001
2025-10-18 01:42:21.896,107136.0,0.06084,6518.15424
2025-10-18 01:42:22.796,107136.0,0.00029,31.06944
2025-10-18 01:42:22.833,107136.0,0.00011,11.78496
2025-10-18 01:42:22.953,107135.99,0.00117,125.34910830000001
2025-10-18 01:42:24.238,107135.99,0.00035,37.4975965
2025-10-18 01:42:24.341,107136.0,0.03077,3296.57472
2025-10-18 01:42:24.470,107135.99,0.0001,10.713599
2025-10-18 01:42:24.675,107135.99,8e-05,8.5708792
2025-10-18 01:42:25.143,107136.0,0.00235,251.7696
2025-10-18 01:42:25.240,107135.99,9e-05,9.642239100000001
2025-10-18 01:42:25.565,107136.0,0.00011,11.78496
2025-10-18 01:42:25.889,107135.99,0.0001,10.713599
2025-10-18 01:42:26.292,107135.99,8e-05,8.5708792
2025-10-18 01:42:26.365,107136.0,0.005,535.6800000000001
2025-10-18 01:42:26.497,107135.99,0.00019,20.355838100000003
2025-10-18 01:42:26.578,107135.99,6e-05,6.4281594
2025-10-18 01:42:26.603,107136.0,0.00011,11.78496
2025-10-18 01:42:26.952,107136.0,0.01461,1565.25696
2025-10-18 01:42:26.978,107136.0,0.00162,173.56032
2025-10-18 01:42:27.482,107136.0,0.01659,1777.38624
2025-10-18 01:42:27.634,107136.0,0.00011,11.78496
2025-10-18 01:42:27.867,107135.99,0.00466,499.25371340000004
2025-10-18 01:42:28.620,107136.0,0.00011,11.78496
2025-10-18 01:42:28.942,107136.0,0.00012,12.85632
2025-10-18 01:42:29.040,107135.99,0.00023,24.641277700000003
2025-10-18 01:42:29.239,107136.0,7e-05,7.4995199999999995
2025-10-18 01:42:29.398,107136.0,0.00081,86.78016
2025-10-18 01:42:29.409,107135.99,9e-05,9.642239100000001
2025-10-18 01:42:29.608,107136.0,0.00011,11.78496
2025-10-18 01:42:29.798,107136.0,0.01341,1436.69376
2025-10-18 01:42:30.120,107135.99,0.00012,12.8563188
2025-10-18 01:42:30.466,107136.0,0.00933,999.57888
2025-10-18 01:42:30.595,107136.0,0.00011,11.78496
2025-10-18 01:42:30.867,107136.0,0.00466,499.25376
2025-10-18 01:42:31.084,107136.0,0.00068,72.85248
2025-10-18 01:42:31.567,107136.0,0.00011,11.78496
2025-10-18 01:42:32.179,107135.99,0.00097,103.92191030000001
2025-10-18 01:42:32.303,107136.0,0.0001,10.713600000000001
2025-10-18 01:42:32.726,107135.99,0.00024,25.7126376
2025-10-18 01:42:32.820,107136.0,0.00011,11.78496
2025-10-18 01:42:33.092,107135.99,9e-05,9.642239100000001
2025-10-18 01:42:33.794,107136.0,0.00011,11.78496
2025-10-18 01:42:34.143,107136.0,0.00287,307.48032
2025-10-18 01:42:34.565,107135.99,0.0012,128.563188
2025-10-18 01:42:35.421,107136.0,0.00047,50.353919999999995
2025-10-18 01:42:35.586,107136.0,0.00011,11.78496
2025-10-18 01:42:35.625,107136.0,0.0017,182.13119999999998
2025-10-18 01:42:36.371,107136.0,0.00011,11.78496
2025-10-18 01:42:36.987,107135.99,0.00606,649.2440994000001
2025-10-18 01:42:37.010,107136.0,0.00012,12.85632
2025-10-18 01:42:37.329,107136.0,0.00011,11.78496
2025-10-18 01:42:37.342,107136.0,7e-05,7.4995199999999995
2025-10-18 01:42:37.903,107136.0,0.12228,13100.59008
2025-10-18 01:42:38.191,107136.0,0.00335,358.9056
2025-10-18 01:42:38.346,107135.99,9e-05,9.642239100000001
2025-10-18 01:42:38.584,107136.0,0.00059,63.210240000000006
2025-10-18 01:42:39.058,107136.0,0.00011,11.78496
2025-10-18 01:42:39.547,107136.0,9e-05,9.642240000000001
2025-10-18 01:42:39.559,107136.0,9e-05,9.642240000000001
2025-10-18 01:42:39.620,107135.99,0.01299,1391.6965101
2025-10-18 01:42:39.673,107136.0,0.0001,10.713600000000001
2025-10-18 01:42:39.762,107136.0,0.00018,19.284480000000002
2025-10-18 01:42:39.863,107136.0,9e-05,9.642240000000001
2025-10-18 01:42:40.068,107136.0,0.00011,11.78496
2025-10-18 01:42:40.109,107136.0,0.11871,12718.11456
2025-10-18 01:42:40.265,107135.99,0.012,1285.6318800000001
2025-10-18 01:42:40.268,107135.99,0.012,1285.6318800000001
2025-10-18 01:42:40.975,107135.99,0.00019,20.355838100000003
2025-10-18 01:42:41.075,107136.0,0.00011,11.78496
2025-10-18 01:42:41.462,107135.99,0.012,1285.6318800000001
2025-10-18 01:42:41.463,107135.99,0.012,1285.6318800000001
2025-10-18 01:42:42.048,107135.99,8e-05,8.5708792
2025-10-18 01:42:42.258,107135.99,9e-05,9.642239100000001
2025-10-18 01:42:42.396,107136.0,0.00011,11.78496
2025-10-18 01:42:42.443,107136.0,0.00116,124.27776
2025-10-18 01:42:42.866,107135.99,0.00358,383.5468442
2025-10-18 01:42:42.938,107136.0,0.00306,327.83615999999995
2025-10-18 01:42:43.401,107136.0,0.0028,299.9808
2025-10-18 01:42:43.576,107136.0,5e-05,5.356800000000001
2025-10-18 01:42:43.853,107136.0,0.00011,11.78496
2025-10-18 01:42:44.109,107136.0,0.00011,11.78496
2025-10-18 01:42:44.374,107135.99,0.01,1071.3599000000002
2025-10-18 01:42:44.478,107136.0,0.00081,86.78016
2025-10-18 01:42:44.731,107135.99,9e-05,9.642239100000001
2025-10-18 01:42:45.346,107136.0,0.00011,11.78496
2025-10-18 01:42:45.769,107136.0,0.00303,324.62208000000004
2025-10-18 01:42:45.843,107136.0,0.00011,11.78496
2025-10-18 01:42:46.335,107135.99,0.012,1285.6318800000001
2025-10-18 01:42:46.910,107136.0,0.00011,11.78496
2025-10-18 01:42:47.212,107135.99,0.00081,86.78015189999999
2025-10-18 01:42:47.379,107135.99,0.00144,154.27582560000002
2025-10-18 01:42:47.432,107135.99,0.00011,11.784958900000001
2025-10-18 01:42:47.826,107136.0,0.00106,113.56416
2025-10-18 01:42:48.584,107136.0,0.00011,11.78496
2025-10-18 01:42:48.979,107135.99,9e-05,9.642239100000001
2025-10-18 01:42:49.527,107136.0,0.0001,10.713600000000001
2025-10-18 01:42:49.568,107136.0,0.00011,11.78496
2025-10-18 01:42:49.587,107136.0,0.00047,50.353919999999995
2025-10-18 01:42:49.653,107135.99,0.00018,19.284478200000002
2025-10-18 01:42:49.771,107136.0,0.00053,56.78208
2025-10-18 01:42:49.855,107136.0,0.00079,84.63744
2025-10-18 01:42:50.591,107136.0,0.00011,11.78496
2025-10-18 01:42:50.707,107135.99,0.012,1285.6318800000001
2025-10-18 01:42:50.746,107135.99,9e-05,9.642239100000001
2025-10-18 01:42:50.807,107136.0,0.00048,51.42528
2025-10-18 01:42:51.000,107135.99,0.012,1285.6318800000001
2025-10-18 01:42:51.001,107135.99,0.012,1285.6318800000001
2025-10-18 01:42:51.589,107136.0,0.00011,11.78496
2025-10-18 01:42:51.682,107136.0,7e-05,7.4995199999999995
2025-10-18 01:42:51.689,107136.0,9e-05,9.642240000000001
2025-10-18 01:42:52.068,107135.99,0.0036,385.689564
2025-10-18 01:42:52.215,107135.99,9e-05,9.642239100000001
2025-10-18 01:42:52.531,107135.99,6e-05,6.4281594
2025-10-18 01:42:52.583,107135.99,6e-05,6.4281594
2025-10-18 01:42:52.600,107136.0,0.00011,11.78496
2025-10-18 01:42:52.720,107135.99,5e-05,5.3567995
2025-10-18 01:42:52.730,107135.99,9e-05,9.642239100000001
2025-10-18 01:42:52.803,107135.99,0.00025,26.7839975
2025-10-18 01:42:52.847,107136.0,0.00581,622.46016
2025-10-18 01:42:52.866,107136.0,7e-05,7.4995199999999995
2025-10-18 01:42:53.542,107135.99,0.012,1285.6318800000001
2025-10-18 01:42:53.543,107135.99,0.012,1285.6318800000001
2025-10-18 01:42:53.804,107136.0,0.00011,11.78496
2025-10-18 01:42:54.133,107135.99,0.0002,21.427198
2025-10-18 01:42:54.830,107136.0,0.00011,11.78496
2025-10-18 01:42:54.850,107135.99,0.00018,19.284478200000002
2025-10-18 01:42:55.825,107136.0,0.00011,11.78496
2025-10-18 01:42:56.460,107136.0,7e-05,7.4995199999999995
2025-10-18 01:42:56.578,107135.99,8e-05,8.5708792
2025-10-18 01:42:56.582,107136.0,6e-05,6.42816
2025-10-18 01:42:57.321,107136.0,0.00011,11.78496
2025-10-18 01:42:57.832,107136.0,0.01866,1999.15776
2025-10-18 01:42:58.043,107136.0,0.00011,11.78496
2025-10-18 01:42:59.063,107136.0,0.00011,11.78496
2025-10-18 01:42:59.553,107135.99,0.00132,141.4195068
2025-10-18 01:42:59.759,107135.99,0.00019,20.355838100000003
2025-10-18 01:43:00.114,107136.0,0.00046,49.282560000000004
2025-10-18 01:43:00.334,107135.99,0.012,1285.6318800000001
2025-10-18 01:43:00.533,107136.0,0.00011,11.78496
2025-10-18 01:43:00.606,107136.0,0.00034,36.42624
2025-10-18 01:43:00.732,107135.99,5e-05,5.3567995
2025-10-18 01:43:00.777,107135.99,0.012,1285.6318800000001
2025-10-18 01:43:01.010,107135.99,6e-05,6.4281594
2025-10-18 01:43:01.131,107136.0,0.00016,17.14176
2025-10-18 01:43:01.146,107136.0,0.00013,13.927679999999999
2025-10-18 01:43:01.229,107136.0,0.0001,10.713600000000001
2025-10-18 01:43:01.481,107135.99,0.00016,17.1417584
2025-10-18 01:43:01.484,107135.99,0.012,1285.6318800000001
2025-10-18 01:43:01.582,107136.0,0.00011,11.78496
2025-10-18 01:43:01.999,107135.99,0.00019,20.355838100000003
2025-10-18 01:43:02.231,107135.99,9e-05,9.642239100000001
2025-10-18 01:43:02.607,107136.0,0.00011,11.78496
2025-10-18 01:43:03.728,107135.99,6e-05,6.4281594
2025-10-18 01:43:03.835,107136.0,0.00011,11.78496
2025-10-18 01:43:04.605,107136.0,0.00011,11.78496
2025-10-18 01:43:04.922,107136.0,6e-05,6.42816
2025-10-18 01:43:05.608,107136.0,0.00011,11.78496
2025-10-18 01:43:06.836,107136.0,0.00011,11.78496
2025-10-18 01:43:07.305,107135.99,0.012,1285.6318800000001
2025-10-18 01:43:07.431,107135.99,0.06897,7389.169230300001
2025-10-18 01:43:07.433,107135.99,0.00636,681.3848964
2025-10-18 01:43:07.434,107135.99,0.01159,1241.7061241000001
2025-10-18 01:43:07.435,107134.99,0.0001,10.713499
2025-10-18 01:43:07.437,107134.17,0.0003,32.140251
2025-10-18 01:43:07.443,107131.71,0.00373,399.6012783
2025-10-18 01:43:07.474,107130.63,0.00235,251.75698050000003
2025-10-18 01:43:08.279,107130.36,0.00011,11.784339600000001
2025-10-18 01:43:08.687,107130.36,0.01639,1755.8666004
2025-10-18 01:43:08.801,107130.36,0.00199,213.1894164
2025-10-18 01:43:08.981,107130.36,0.00017,18.2121612
2025-10-18 01:43:09.535,107130.36,0.00093,99.6312348
2025-10-18 01:43:09.921,107130.36,0.0014,149.982504
2025-10-18 01:43:10.933,107130.36,0.00089,95.3460204
2025-10-18 01:43:11.725,107130.36,0.00218,233.5441848
2025-10-18 01:43:11.790,107130.36,0.00466,499.2274776
2025-10-18 01:43:13.535,107130.36,0.00281,301.0363116
2025-10-18 01:43:14.632,107130.36,0.00178,190.6920408
2025-10-18 01:43:14.647,107130.36,0.00221,236.75809560000002
2025-10-18 01:43:15.232,107130.35,0.00193,206.76157550000002
2025-10-18 01:43:15.924,107130.35,0.05141,5507.5712935
2025-10-18 01:43:16.314,107130.36,0.00082,87.84689519999999
2025-10-18 01:43:16.931,107130.35,0.012,1285.5642
2025-10-18 01:43:17.137,107130.35,0.012,1285.5642
2025-10-18 01:43:17.593,107130.36,0.00151,161.76684360000002
2025-10-18 01:43:18.118,107130.35,0.00076,81.41906600000002
2025-10-18 01:43:18.829,107130.36,7e-05,7.499125199999999
2025-10-18 01:43:19.088,107130.36,0.003,321.39108
2025-10-18 01:43:19.169,107130.36,0.01,1071.3036
2025-10-18 01:43:19.553,107130.35,0.00172,184.264202
2025-10-18 01:43:20.111,107130.36,0.00243,260.3267748
2025-10-18 01:43:21.244,107130.35,0.08667,9284.9874345
2025-10-18 01:43:21.502,107130.36,0.00021,22.4973756
2025-10-18 01:43:21.943,107130.36,0.00046,49.279965600000004
2025-10-18 01:43:21.994,107130.35,0.00031,33.2104085
2025-10-18 01:43:22.948,107130.35,0.00961,1029.5226635000001
2025-10-18 01:43:24.530,107130.36,0.0015,160.69554
2025-10-18 01:43:27.925,107130.36,0.028,2999.65008
2025-10-18 01:43:29.009,107130.36,0.00046,49.279965600000004
2025-10-18 01:43:29.291,107130.35,0.00017,18.212159500000002
2025-10-18 01:43:30.694,107130.36,0.00037,39.6382332
2025-10-18 01:43:31.518,107130.36,0.04667,4999.7739012
2025-10-18 01:43:32.265,107130.35,0.003,321.39105
2025-10-18 01:43:32.348,107130.35,0.00101,108.2016535
2025-10-18 01:43:32.352,107130.35,0.001,107.13035
2025-10-18 01:43:32.833,107130.36,9e-05,9.6417324
2025-10-18 01:43:32.907,107130.36,0.00181,193.9059516
2025-10-18 01:43:33.104,107130.36,0.01461,1565.1745596
2025-10-18 01:43:33.147,107130.36,0.04667,4999.7739012
2025-10-18 01:43:33.514,107130.36,0.00079,84.6329844
2025-10-18 01:43:34.087,107130.35,0.012,1285.5642
2025-10-18 01:43:34.130,107130.35,0.01432,1534.106612
2025-10-18 01:43:34.132,107129.1,0.00015,16.069365
2025-10-18 01:43:34.145,107126.86,0.0109,1167.682774
2025-10-18 01:43:34.150,107126.84,0.00085,91.057814
2025-10-18 01:43:34.154,107126.5,0.00106,113.55409
2025-10-18 01:43:34.156,107126.07,0.00393,421.00545510000006
2025-10-18 01:43:34.157,107125.59,0.00015,16.0688385
2025-10-18 01:43:34.159,107125.18,0.00035,37.493812999999996
2025-10-18 01:43:34.162,107125.0,0.0101,1081.9624999999999
2025-10-18 01:43:34.185,107124.57,0.00217,232.4603169
2025-10-18 01:43:34.207,107124.16,0.00249,266.7391584
2025-10-18 01:43:34.209,107123.93,0.00116,124.26375879999999
2025-10-18 01:43:34.215,107123.25,0.00011,11.7835575
2025-10-18 01:43:34.284,107122.61,0.00145,155.32778449999998
2025-10-18 01:43:34.383,107116.11,5e-05,5.355805500000001
2025-10-18 01:43:34.872,107114.05,0.00068,72.83755400000001
2025-10-18 01:43:35.706,107114.04,0.012,1285.3684799999999
2025-10-18 01:43:35.707,107114.04,0.012,1285.3684799999999
2025-10-18 01:43:36.092,107114.05,0.00939,1005.8009295000002
2025-10-18 01:43:36.582,107114.04,7e-05,7.497982799999999
2025-10-18 01:43:36.934,107114.05,8e-05,8.569124
2025-10-18 01:43:38.436,107114.05,0.00025,26.7785125
2025-10-18 01:43:38.492,107114.04,0.00018,19.2805272
2025-10-18 01:43:38.763,107114.04,0.0011,117.825444
2025-10-18 01:43:39.145,107114.05,5e-05,5.3557025000000005
2025-10-18 01:43:39.162,107114.05,0.04667,4999.0127135
2025-10-18 01:43:39.761,107114.05,0.00036,38.561058
2025-10-18 01:43:39.771,107114.05,0.04667,4999.0127135
2025-10-18 01:43:40.100,107114.05,0.00957,1025.0814585
2025-10-18 01:43:40.120,107114.04,0.1,10711.404
2025-10-18 01:43:40.408,107114.04,9e-05,9.6402636
2025-10-18 01:43:40.943,107114.05,0.00192,205.65897600000002
2025-10-18 01:43:41.122,107114.04,0.00099,106.0428996
2025-10-18 01:43:41.238,107114.04,0.00941,1007.9431163999999
2025-10-18 01:43:41.899,107114.05,0.00018,19.280529
2025-10-18 01:43:42.300,107114.05,0.0004,42.845620000000004
2025-10-18 01:43:43.499,107114.04,5e-05,5.355702
2025-10-18 01:43:43.523,107114.05,0.00022,23.565091000000002
2025-10-18 01:43:43.546,107114.04,0.00426,456.3058104
2025-10-18 01:43:43.749,107114.05,0.00081,86.76238049999999
2025-10-18 01:43:44.299,107114.05,0.03726,3991.069503
2025-10-18 01:43:44.318,107114.05,0.00032,34.276496
2025-10-18 01:43:44.332,107114.04,0.00018,19.2805272
2025-10-18 01:43:44.744,107114.05,0.0014,149.95967
2025-10-18 01:43:44.949,107114.05,0.0246,2635.00563
2025-10-18 01:43:46.822,107114.05,0.00046,49.272463
2025-10-18 01:43:46.927,107114.05,4e-05,4.284562
2025-10-18 01:43:47.060,107114.04,0.0105,1124.69742
2025-10-18 01:43:48.198,107114.05,0.00026,27.849653
2025-10-18 01:43:48.251,107114.04,0.00019,20.3516676
2025-10-18 01:43:49.302,107114.05,0.00231,247.4334555
2025-10-18 01:43:49.875,107114.04,0.00099,106.0428996
2025-10-18 01:43:49.896,107114.04,0.00106,113.54088239999999
2025-10-18 01:43:50.788,107114.05,0.0001,10.711405000000001
2025-10-18 01:43:51.331,107114.04,0.00156,167.09790239999998
2025-10-18 01:43:51.599,107114.04,0.00029,31.063071599999997
2025-10-18 01:43:51.650,107114.05,0.0001,10.711405000000001
2025-10-18 01:43:51.865,107114.04,9e-05,9.6402636
2025-10-18 01:43:52.344,107114.05,0.00244,261.358282
2025-10-18 01:43:52.823,107114.04,0.00093,99.6160572
2025-10-18 01:43:53.030,107114.05,0.40192,43051.278976
2025-10-18 01:43:53.524,107114.04,0.00018,19.2805272
2025-10-18 01:43:53.645,107114.04,0.012,1285.3684799999999
2025-10-18 01:43:53.646,107114.04,0.012,1285.3684799999999
2025-10-18 01:43:54.125,107114.04,0.004,428.45616
2025-10-18 01:43:55.158,107114.05,0.01521,1629.2047005
2025-10-18 01:43:56.513,107114.04,0.0003,32.134212
2025-10-18 01:43:57.422,107114.13,0.0001,10.711413
2025-10-18 01:43:57.424,107114.2,0.00105,112.46990999999998
2025-10-18 01:43:57.428,107114.21,0.00025,26.778552500000004
2025-10-18 01:43:57.438,107114.21,0.0014,149.95989400000002
2025-10-18 01:43:57.441,107115.67,5e-05,5.3557835
2025-10-18 01:43:57.483,107120.0,0.0002,21.424
2025-10-18 01:43:57.497,107120.01,0.0009,96.40800899999999
2025-10-18 01:43:57.515,107125.58,0.00015,16.068837
2025-10-18 01:43:57.559,107127.34,5e-05,5.356367
2025-10-18 01:43:58.377,107125.59,0.00495,530.2716705
2025-10-18 01:43:58.397,107125.62,0.0009,96.41305799999999
2025-10-18 01:43:58.405,107127.4,0.001,107.1274
2025-10-18 01:43:58.414,107127.42,0.00085,91.058307
2025-10-18 01:43:58.415,107134.46,5e-05,5.356723000000001
2025-10-18 01:43:59.562,107135.98,0.00015,16.070396999999996
2025-10-18 01:43:59.828,107135.98,0.01421,1522.4022758
2025-10-18 01:44:00.328,107135.98,0.00045,48.211191
2025-10-18 01:44:00.664,107135.98,0.00025,26.783995
2025-10-18 01:44:01.045,107135.98,0.00031,33.212153799999996
2025-10-18 01:44:01.105,107135.98,6e-05,6.4281588
2025-10-18 01:44:01.138,107135.98,0.00012,12.8563176
2025-10-18 01:44:01.355,107135.98,6e-05,6.4281588
2025-10-18 01:44:01.589,107135.97,7e-05,7.4995179
2025-10-18 01:44:01.650,107135.97,0.00023,24.6412731
2025-10-18 01:44:02.993,107135.97,0.04095,4387.2179715
2025-10-18 01:44:03.084,107135.97,0.00046,49.2825462
2025-10-18 01:44:03.364,107135.97,0.00036,38.568949200000006
2025-10-18 01:44:04.106,107135.98,0.00161,172.4889278
2025-10-18 01:44:04.295,107135.98,0.0502,5378.226196
2025-10-18 01:44:06.374,107135.97,0.00057,61.0675029
2025-10-18 01:44:06.838,107135.97,0.0003,32.140791
2025-10-18 01:44:06.950,107135.97,0.001,107.13597
2025-10-18 01:44:07.042,107135.97,0.0004,42.854388
2025-10-18 01:44:07.254,107135.97,0.00018,19.284474600000003
2025-10-18 01:44:07.368,107135.97,0.00018,19.284474600000003
2025-10-18 01:44:07.814,107135.98,6e-05,6.4281588
2025-10-18 01:44:08.517,107135.98,0.00224,239.98459519999997
2025-10-18 01:44:08.589,107135.98,0.00131,140.3481338
2025-10-18 01:44:09.700,107135.97,7e-05,7.4995179
2025-10-18 01:44:09.793,107135.98,0.00527,564.6066146000001
2025-10-18 01:44:10.630,107135.98,0.028,2999.80744
2025-10-18 01:44:10.669,107135.98,0.00553,592.4619694
2025-10-18 01:44:10.837,107136.0,0.00897,961.0099200000001
2025-10-18 01:44:11.551,107135.99,0.00142,152.1331058
2025-10-18 01:44:11.601,107136.0,0.00011,11.78496
2025-10-18 01:44:12.006,107136.0,0.00011,11.78496
2025-10-18 01:44:12.821,107136.0,0.00011,11.78496
2025-10-18 01:44:14.268,107136.0,0.00016,17.14176
2025-10-18 01:44:14.576,107136.0,0.01,1071.3600000000001
2025-10-18 01:44:14.808,107136.0,0.00011,11.78496
2025-10-18 01:44:14.823,107136.0,0.00011,11.78496
2025-10-18 01:44:15.532,107136.0,0.00092,98.56512000000001
2025-10-18 01:44:15.537,107135.99,0.00043,46.0684757
2025-10-18 01:44:15.807,107136.0,0.00025,26.784
2025-10-18 01:44:15.831,107136.0,0.00011,11.78496
2025-10-18 01:44:16.383,107136.0,0.00011,11.78496
2025-10-18 01:44:16.563,107135.99,0.00156,167.13214440000002
2025-10-18 01:44:16.582,107136.0,0.0001,10.713600000000001
2025-10-18 01:44:16.643,107136.0,0.00014,14.999039999999999
2025-10-18 01:44:16.825,107136.0,0.00028,29.998079999999998
2025-10-18 01:44:16.837,107136.0,7e-05,7.4995199999999995
2025-10-18 01:44:16.881,107136.0,8e-05,8.57088
2025-10-18 01:44:16.983,107136.0,0.00024,25.71264
2025-10-18 01:44:16.985,107136.0,0.00019,20.35584
2025-10-18 01:44:16.989,107136.0,0.00093,99.63648
2025-10-18 01:44:17.162,107136.0,4e-05,4.28544
2025-10-18 01:44:17.269,107136.0,0.00038,40.71168
2025-10-18 01:44:17.280,107136.0,0.00016,17.14176
2025-10-18 01:44:17.546,107136.0,0.00011,11.78496
2025-10-18 01:44:17.783,107136.0,9e-05,9.642240000000001
2025-10-18 01:44:17.825,107136.0,0.0007,74.9952
2025-10-18 01:44:18.134,107136.0,0.00015,16.0704
2025-10-18 01:44:18.175,107136.0,0.00038,40.71168
2025-10-18 01:44:18.290,107136.0,0.0001,10.713600000000001
2025-10-18 01:44:18.405,107135.99,0.00074,79.2806326
2025-10-18 01:44:18.410,107136.0,0.0001,10.713600000000001
2025-10-18 01:44:18.419,107136.0,0.00094,100.70783999999999
2025-10-18 01:44:18.491,107136.0,0.00047,50.353919999999995
2025-10-18 01:44:18.562,107136.0,0.00019,20.35584
2025-10-18 01:44:18.784,107136.0,0.00146,156.41855999999999
2025-10-18 01:44:18.788,107136.0,0.00011,11.78496
2025-10-18 01:44:19.836,107135.99,0.00091,97.49375090000001
2025-10-18 01:44:20.130,107136.0,0.00011,11.78496
2025-10-18 01:44:20.848,107136.0,0.00011,11.78496
2025-10-18 01:44:21.331,107135.99,9e-05,9.642239100000001
2025-10-18 01:44:21.643,107136.0,0.00011,11.78496
2025-10-18 01:44:21.723,107136.0,0.01421,1522.40256
2025-10-18 01:44:22.018,107136.0,0.00093,99.63648
2025-10-18 01:44:22.634,107136.0,0.00011,11.78496
2025-10-18 01:44:23.396,107135.19,0.0001,10.713519000000002
2025-10-18 01:44:23.402,107132.0,0.00135,144.62820000000002
2025-10-18 01:44:23.419,107125.59,0.0003,32.137677
2025-10-18 01:44:23.730,107125.59,0.00011,11.7838149
2025-10-18 01:44:23.972,107133.79,0.00423,453.1759317
2025-10-18 01:44:25.440,107133.78,0.01138,1219.1824164
2025-10-18 01:44:25.736,107135.81,0.00015,16.070371499999997
2025-10-18 01:44:25.737,107135.99,0.00015,16.0703985
2025-10-18 01:44:25.739,107137.85,5e-05,5.356892500000001
2025-10-18 01:44:25.765,107138.59,0.00029,31.0701911
2025-10-18 01:44:25.771,107138.59,6e-05,6.4283154
2025-10-18 01:44:25.773,107138.59,0.00035,37.4985065
2025-10-18 01:44:25.797,107140.0,0.00934,1000.6876
2025-10-18 01:44:25.799,107142.0,0.00231,247.49802
2025-10-18 01:44:25.816,107142.0,0.00029,31.071180000000002
2025-10-18 01:44:25.817,107142.01,0.0001,10.714201
2025-10-18 01:44:25.821,107142.0,0.5267,56431.691399999996
2025-10-18 01:44:26.576,107141.99,6e-05,6.428519400000001
2025-10-18 01:44:26.661,107142.0,0.00011,11.78562
2025-10-18 01:44:27.236,107142.0,0.00011,11.78562
2025-10-18 01:44:27.625,107142.0,0.00011,11.78562
2025-10-18 01:44:28.504,107142.0,4e-05,4.28568
2025-10-18 01:44:28.527,107141.99,0.00606,649.2804594
2025-10-18 01:44:28.611,107142.0,0.00011,11.78562
2025-10-18 01:44:29.849,107142.0,0.00011,11.78562
2025-10-18 01:44:30.894,107142.0,0.00011,11.78562
2025-10-18 01:44:31.101,107141.99,0.00103,110.35624970000002
2025-10-18 01:44:31.170,107142.0,0.01494,1600.70148
2025-10-18 01:44:31.425,107142.0,0.0007,74.9994
2025-10-18 01:44:31.697,107141.99,0.028,2999.9757200000004
2025-10-18 01:44:31.918,107142.0,0.00011,11.78562
2025-10-18 01:44:32.150,107141.99,0.00155,166.0700845
2025-10-18 01:44:32.361,107142.0,0.00485,519.6387
2025-10-18 01:44:32.692,107141.99,0.07787,8343.1467613
2025-10-18 01:44:33.167,107141.99,0.00196,209.9983004
2025-10-18 01:44:33.293,107142.0,0.00027,28.92834
2025-10-18 01:44:33.369,107142.0,0.00169,181.06998000000002
2025-10-18 01:44:33.377,107142.0,0.00011,11.78562
2025-10-18 01:44:33.619,107141.99,8e-05,8.571359200000002
2025-10-18 01:44:34.238,107141.99,0.00933,999.6347667
2025-10-18 01:44:34.389,107142.0,0.00011,11.78562
2025-10-18 01:44:34.843,107141.99,0.00056,59.999514399999995
2025-10-18 01:44:35.027,107142.0,0.0028,299.9976
2025-10-18 01:44:35.380,107141.99,0.00111,118.92760890000001
2025-10-18 01:44:35.415,107141.99,0.00077,82.4993323
2025-10-18 01:44:35.471,107142.0,0.00011,11.78562
2025-10-18 01:44:35.975,107142.0,0.00253,271.06926
2025-10-18 01:44:36.437,107142.0,0.00011,11.78562
2025-10-18 01:44:36.980,107141.99,0.00015,16.0712985
2025-10-18 01:44:37.714,107142.0,0.00011,11.78562
2025-10-18 01:44:38.053,107142.0,0.00012,12.85704
2025-10-18 01:44:38.081,107142.0,6e-05,6.42852
2025-10-18 01:44:38.442,107142.0,0.00011,11.78562
2025-10-18 01:44:39.426,107142.0,0.00014,14.99988
2025-10-18 01:44:39.434,107142.0,0.00011,11.78562
2025-10-18 01:44:39.456,107141.99,0.0014,149.998786
2025-10-18 01:44:39.709,107141.99,0.012,1285.70388
2025-10-18 01:44:39.710,107141.99,0.012,1285.70388
2025-10-18 01:44:39.752,107142.0,0.0836,8957.071199999998
2025-10-18 01:44:40.685,107142.0,0.00011,11.78562
2025-10-18 01:44:41.054,107142.0,0.00294,314.99748
2025-10-18 01:44:41.266,107141.99,0.012,1285.70388
2025-10-18 01:44:41.267,107141.99,0.012,1285.70388
2025-10-18 01:44:41.268,107141.99,0.012,1285.70388
2025-10-18 01:44:41.320,107141.99,0.012,1285.70388
2025-10-18 01:44:41.323,107141.99,0.50564,54175.2758236
2025-10-18 01:44:41.445,107142.0,0.00011,11.78562
2025-10-18 01:44:42.246,107142.0,0.0122,1307.1324000000002
2025-10-18 01:44:42.691,107142.0,0.00389,416.78238
2025-10-18 01:44:42.709,107142.0,0.00011,11.78562
2025-10-18 01:44:42.947,107141.99,0.012,1285.70388
2025-10-18 01:44:42.948,107141.99,0.012,1285.70388
2025-10-18 01:44:43.033,107141.99,0.0547,5860.666853
2025-10-18 01:44:43.034,107141.99,1.51442,162257.97249580003
2025-10-18 01:44:43.035,107141.42,5e-05,5.357071
2025-10-18 01:44:43.036,107140.0,5e-05,5.357
2025-10-18 01:44:43.038,107137.71,0.00414,443.55011939999997
2025-10-18 01:44:43.040,107136.54,0.00015,16.070480999999997
2025-10-18 01:44:43.044,107135.0,0.0011,117.8485
2025-10-18 01:44:43.060,107132.99,0.0009,96.419691
2025-10-18 01:44:43.697,107132.16,0.00011,11.7845376
2025-10-18 01:44:43.765,107132.15,0.00034,36.424931
2025-10-18 01:44:44.163,107132.15,0.012,1285.5858
2025-10-18 01:44:44.164,107132.15,0.012,1285.5858
2025-10-18 01:44:44.221,107132.15,0.00436,467.096174
2025-10-18 01:44:44.507,107132.15,5e-05,5.3566075
2025-10-18 01:44:44.714,107132.15,6e-05,6.427929
2025-10-18 01:44:46.381,107132.15,0.012,1285.5858
2025-10-18 01:44:46.382,107132.15,0.012,1285.5858
2025-10-18 01:44:46.576,107132.15,6e-05,6.427929
2025-10-18 01:44:46.585,107132.16,0.02535,2715.800256
2025-10-18 01:44:48.180,107132.15,0.00253,271.0443395
2025-10-18 01:44:48.227,107132.16,0.00067,71.7785472
2025-10-18 01:44:48.440,107132.16,0.00388,415.67278080000006
2025-10-18 01:44:48.592,107132.16,0.00047,50.3521152
2025-10-18 01:44:49.071,107132.16,9e-05,9.641894400000002
2025-10-18 01:44:49.081,107129.62,5e-05,5.356481
2025-10-18 01:44:49.087,107126.61,0.00154,164.9749794
2025-10-18 01:44:49.090,107126.61,0.02985,3197.7293085
2025-10-18 01:44:49.092,107120.0,0.00011,11.7832
2025-10-18 01:44:49.094,107118.5,0.012,1285.422
2025-10-18 01:44:49.095,107118.51,0.03562,3815.5613261999997
2025-10-18 01:44:49.100,107118.5,0.0166,1778.1671000000001
2025-10-18 01:44:49.128,107118.51,0.003,321.35553
2025-10-18 01:44:49.151,107118.5,0.00191,204.596335
2025-10-18 01:44:49.181,107118.51,0.00181,193.8845031
2025-10-18 01:44:49.218,107118.5,0.00207,221.73529499999998
2025-10-18 01:44:49.602,107118.5,0.00932,998.34442
2025-10-18 01:44:49.909,107118.5,0.00016,17.13896
2025-10-18 01:44:50.036,107118.5,0.02063,2209.854655
2025-10-18 01:44:50.096,107118.51,0.00025,26.7796275
2025-10-18 01:44:51.313,107118.51,0.00187,200.31161369999998
2025-10-18 01:44:51.419,107118.5,0.012,1285.422
2025-10-18 01:44:52.715,107118.5,0.012,1285.422
2025-10-18 01:44:52.716,107118.5,0.012,1285.422
2025-10-18 01:44:52.717,107118.5,0.0098,1049.7613
2025-10-18 01:44:53.017,107118.51,0.00094,100.6913994
2025-10-18 01:44:53.129,107118.5,0.00361,386.697785
2025-10-18 01:44:53.138,107118.5,0.00019,20.352515
2025-10-18 01:44:53.215,107118.41,0.00015,16.0677615
2025-10-18 01:44:53.315,107118.4,0.00243,260.297712
2025-10-18 01:44:54.587,107118.41,0.00072,77.12525520000001
2025-10-18 01:44:55.437,107118.41,0.02882,3087.1525762
2025-10-18 01:44:55.952,107118.41,0.0006,64.271046
2025-10-18 01:44:56.878,107118.41,0.00028,29.9931548
2025-10-18 01:44:57.443,107118.38,0.00682,730.5473516
2025-10-18 01:44:57.444,107118.38,0.012,1285.42056
2025-10-18 01:44:57.445,107118.38,0.13412,14366.7171256
2025-10-18 01:44:57.446,107118.38,0.012,1285.42056
2025-10-18 01:44:57.467,107118.39,0.0006,64.271034
2025-10-18 01:44:57.533,107118.38,0.00271,290.29080980000003
2025-10-18 01:44:57.951,107118.37,0.00029,31.0643273
2025-10-18 01:44:58.275,107118.35,0.0002,21.42367
2025-10-18 01:44:58.276,107118.25,0.012,1285.419
2025-10-18 01:44:59.019,107118.26,0.00017,18.2101042
2025-10-18 01:44:59.837,107118.25,0.04,4284.7300000000005
2025-10-18 01:45:00.015,107117.62,0.00015,16.067642999999997
2025-10-18 01:45:00.081,107117.61,0.001,107.11761
2025-10-18 01:45:00.086,107117.61,0.001,107.11761
2025-10-18 01:45:00.087,107117.61,0.001,107.11761
2025-10-18 01:45:00.114,107117.62,0.00018,19.2811716
2025-10-18 01:45:00.465,107117.62,0.00014,14.996466799999999
2025-10-18 01:45:00.513,107117.62,0.00886,949.0621131999999
2025-10-18 01:45:00.538,107117.62,5e-05,5.355881
2025-10-18 01:45:00.723,107117.62,0.00016,17.1388192
2025-10-18 01:45:00.925,107117.62,0.028,2999.29336
2025-10-18 01:45:01.084,107117.61,0.0001,10.711761000000001
2025-10-18 01:45:01.437,107117.62,0.0155,1660.3231099999998
2025-10-18 01:45:01.439,107117.8,0.001,107.1178
2025-10-18 01:45:01.440,107119.6,5e-05,5.355980000000001
2025-10-18 01:45:01.645,107121.32,0.0001,10.712132
2025-10-18 01:45:01.647,107121.89,0.0001,10.712189
2025-10-18 01:45:01.715,107126.55,0.0001,10.712655000000002
2025-10-18 01:45:03.219,107128.34,0.00358,383.5194572
2025-10-18 01:45:03.263,107128.33,0.00266,284.96135780000003
2025-10-18 01:45:03.897,107128.34,0.0028,299.95935199999997
2025-10-18 01:45:04.045,107128.34,0.00037,39.6374858
2025-10-18 01:45:05.535,107128.34,0.0028,299.95935199999997
2025-10-18 01:45:06.132,107128.34,0.0084,899.8780559999999
2025-10-18 01:45:08.215,107122.22,0.00015,16.068333
2025-10-18 01:45:08.233,107118.51,0.012,1285.42212
2025-10-18 01:45:08.234,107118.51,0.012,1285.42212
2025-10-18 01:45:08.235,107118.51,0.012,1285.42212
2025-10-18 01:45:08.574,107118.52,6e-05,6.427111200000001
2025-10-18 01:45:09.549,107118.51,0.012,1285.42212
2025-10-18 01:45:09.550,107118.51,0.00108,115.6879908
2025-10-18 01:45:09.551,107118.24,0.0001,10.711824000000002
2025-10-18 01:45:09.557,107117.61,0.012,1285.41132
2025-10-18 01:45:09.558,107117.61,0.00714,764.8197354
2025-10-18 01:45:09.559,107117.61,0.24086,25800.347544599997
2025-10-18 01:45:09.563,107117.61,0.00021,22.4946981
2025-10-18 01:45:09.809,107117.61,0.00154,164.9611194
2025-10-18 01:45:09.814,107116.81,0.012,1285.40172
2025-10-18 01:45:09.815,107116.81,0.00901,965.1224581
2025-10-18 01:45:09.816,107116.81,0.012,1285.40172
2025-10-18 01:45:10.330,107116.81,0.012,1285.40172
2025-10-18 01:45:10.331,107116.81,0.012,1285.40172
2025-10-18 01:45:10.627,107116.82,0.00279,298.8559278
2025-10-18 01:45:10.632,107116.81,0.00464,497.0219984
2025-10-18 01:45:11.362,107116.81,0.00095,101.7609695
2025-10-18 01:45:11.510,107116.82,0.0028,299.927096
2025-10-18 01:45:11.576,107116.81,8e-05,8.5693448
2025-10-18 01:45:12.110,107116.81,0.00116,124.2554996
2025-10-18 01:45:12.151,107116.81,0.012,1285.40172
2025-10-18 01:45:12.181,107116.81,0.00172,184.2409132
2025-10-18 01:45:12.649,107116.82,0.0028,299.927096
2025-10-18 01:45:12.654,107116.81,0.00164,175.67156839999998
2025-10-18 01:45:12.660,107116.37,0.0088,942.624056
2025-10-18 01:45:12.661,107116.37,0.00132,141.3936084
2025-10-18 01:45:13.569,107116.37,0.0028,299.925836
2025-10-18 01:45:13.715,107116.37,0.00013,13.925128099999998
2025-10-18 01:45:13.974,107116.36,0.00013,13.9251268
2025-10-18 01:45:14.269,107116.36,0.00298,319.2067528
2025-10-18 01:45:14.365,107116.37,8e-05,8.5693096
2025-10-18 01:45:14.644,107116.37,0.0028,299.925836
2025-10-18 01:45:14.992,107116.36,0.00031,33.2060716
2025-10-18 01:45:14.995,107116.37,0.00028,29.992583599999996
2025-10-18 01:45:16.214,107116.37,0.00017,18.2097829
2025-10-18 01:45:16.423,107116.37,0.00233,249.5811421
2025-10-18 01:45:16.959,107116.37,0.028,2999.25836
2025-10-18 01:45:17.398,107116.37,0.00093,99.6182241
2025-10-18 01:45:17.507,107116.37,0.00017,18.2097829
2025-10-18 01:45:17.657,107116.37,0.0028,299.925836
2025-10-18 01:45:17.885,107116.37,0.00039,41.7753843
2025-10-18 01:45:18.190,107116.37,0.00013,13.925128099999998
2025-10-18 01:45:18.862,107116.37,0.00047,50.344693899999996
2025-10-18 01:45:18.956,107116.37,0.0028,299.925836
2025-10-18 01:45:19.293,107116.37,0.0006,64.26982199999999
2025-10-18 01:45:19.339,107116.37,0.001,107.11637
2025-10-18 01:45:19.667,107116.37,7e-05,7.498145899999999
2025-10-18 01:45:19.772,107116.37,5e-05,5.3558185
2025-10-18 01:45:19.821,107116.37,5e-05,5.3558185
2025-10-18 01:45:20.325,107116.37,0.0028,299.925836
2025-10-18 01:45:20.860,107116.37,0.0028,299.925836
2025-10-18 01:45:21.307,107116.36,0.00218,233.51366480000002
2025-10-18 01:45:21.616,107116.37,0.00013,13.925128099999998
2025-10-18 01:45:22.345,107116.37,0.0028,299.925836
2025-10-18 01:45:22.956,107116.37,0.00046,49.273530199999996
2025-10-18 01:45:23.197,107116.37,0.0028,299.925836
2025-10-18 01:45:23.557,107116.37,0.00283,303.1393271
2025-10-18 01:45:23.731,107116.37,0.00011,11.7828007
2025-10-18 01:45:24.023,107116.36,0.0001,10.711636
2025-10-18 01:45:24.092,107116.37,0.0005,53.558185
2025-10-18 01:45:24.285,107116.37,0.001,107.11637
2025-10-18 01:45:24.333,107116.37,0.004,428.46548
2025-10-18 01:45:24.591,107116.36,6e-05,6.4269816
2025-10-18 01:45:24.722,107116.37,0.001,107.11637
2025-10-18 01:45:24.804,107116.37,0.0028,299.925836
2025-10-18 01:45:24.918,107116.36,0.00241,258.1504276
2025-10-18 01:45:25.118,107116.37,0.009,964.0473299999999
2025-10-18 01:45:25.186,107116.37,0.008,856.93096
2025-10-18 01:45:25.811,107116.37,5e-05,5.3558185
2025-10-18 01:45:26.127,107116.37,9e-05,9.6404733
2025-10-18 01:45:26.461,107116.37,0.0028,299.925836
2025-10-18 01:45:27.031,107116.37,0.01867,1999.8626278999998
2025-10-18 01:45:27.113,107116.36,8e-05,8.5693088
2025-10-18 01:45:27.382,107116.37,0.005,535.58185
2025-10-18 01:45:27.727,107116.37,0.0028,299.925836
2025-10-18 01:45:28.481,107116.37,0.0084,899.7775079999999
2025-10-18 01:45:28.660,107116.37,0.0028,299.925836
2025-10-18 01:45:29.093,107116.37,0.0001,10.711637
2025-10-18 01:45:29.767,107116.37,0.00122,130.68197139999998
2025-10-18 01:45:30.624,107116.37,0.30845,33040.0443265
2025-10-18 01:45:30.645,107116.37,0.00059,63.1986583
2025-10-18 01:45:31.008,107116.37,0.01744,1868.1094928
2025-10-18 01:45:32.245,107116.37,0.00033,35.3484021
2025-10-18 01:45:32.648,107116.37,0.00172,184.2401564
2025-10-18 01:45:33.524,107116.36,9e-05,9.6404724
2025-10-18 01:45:33.575,107116.36,0.00592,634.1288512
2025-10-18 01:45:34.335,107116.36,8e-05,8.5693088
2025-10-18 01:45:34.954,107116.37,0.00129,138.18011729999998
2025-10-18 01:45:35.208,107116.37,0.0746,7990.881202
2025-10-18 01:45:36.543,107116.37,0.00091,97.47589669999999
2025-10-18 01:45:38.019,107116.37,0.00042,44.9888754
2025-10-18 01:45:38.400,107116.37,0.00024,25.7079288
2025-10-18 01:45:39.125,107116.36,0.00045,48.202362
2025-10-18 01:45:40.024,107116.36,0.00046,49.2735256
2025-10-18 01:45:41.437,107116.36,0.00081,86.7642516
2025-10-18 01:45:41.447,107116.36,0.00046,49.2735256
2025-10-18 01:45:41.576,107116.36,6e-05,6.4269816
2025-10-18 01:45:42.024,107116.37,0.00027,28.9214199
2025-10-18 01:45:42.132,107116.37,8e-05,8.5693096
2025-10-18 01:45:42.243,107116.37,0.00044,47.1312028
2025-10-18 01:45:43.182,107116.36,0.0012,128.53963199999998
2025-10-18 01:45:44.380,107116.37,0.00587,628.7730918999999
2025-10-18 01:45:44.425,107116.37,0.00175,187.4536475
2025-10-18 01:45:44.818,107116.37,0.00032,34.2772384
2025-10-18 01:45:44.886,107116.36,0.00426,456.3156936
2025-10-18 01:45:46.518,107116.37,0.00047,50.344693899999996
2025-10-18 01:45:46.951,107116.37,0.00092,98.54706039999999
2025-10-18 01:45:47.624,107116.37,0.0001,10.711637
2025-10-18 01:45:48.023,107116.37,0.00187,200.30761189999998
2025-10-18 01:45:48.243,107116.36,0.00028,29.9925808
2025-10-18 01:45:48.370,107116.36,9e-05,9.6404724
2025-10-18 01:45:51.303,107116.37,0.01489,1594.9627493
2025-10-18 01:45:52.228,107116.36,0.00013,13.9251268
2025-10-18 01:45:52.625,107116.37,0.00171,183.1689927
2025-10-18 01:45:55.256,107116.37,0.00029,31.0637473
2025-10-18 01:45:55.403,107116.37,0.00043,46.0600391
2025-10-18 01:45:56.446,107116.36,0.00021,22.494435600000003
2025-10-18 01:45:57.687,107116.37,0.00015,16.067455499999998
2025-10-18 01:45:58.316,107116.37,0.00012,12.8539644
2025-10-18 01:45:58.409,107116.36,0.00042,44.988871200000006
2025-10-18 01:45:58.669,107116.36,0.0999,10700.924364
2025-10-18 01:45:59.143,107116.36,0.00293,313.8509348
2025-10-18 01:45:59.198,107116.36,0.00434,464.8850024
2025-10-18 01:45:59.316,107116.37,0.00033,35.3484021
2025-10-18 01:45:59.868,107116.36,0.00227,243.15413719999998
2025-10-18 01:45:59.943,107116.37,0.00466,499.1622842
2025-10-18 01:46:00.172,107116.37,0.00234,250.6523058
2025-10-18 01:46:01.074,107116.37,0.00013,13.925128099999998
2025-10-18 01:46:01.660,107116.36,0.00434,464.8850024
2025-10-18 01:46:02.079,107116.37,4e-05,4.2846548
2025-10-18 01:46:02.535,107116.37,6e-05,6.4269822
2025-10-18 01:46:04.355,107116.37,0.00046,49.273530199999996
2025-10-18 01:46:04.540,107116.36,0.003,321.34908
2025-10-18 01:46:04.705,107116.37,0.00303,324.5626011
2025-10-18 01:46:06.281,107116.37,8e-05,8.5693096
2025-10-18 01:46:07.256,107116.37,0.00093,99.6182241
2025-10-18 01:46:07.260,107116.37,0.00046,49.273530199999996
2025-10-18 01:46:08.278,107116.37,0.00605,648.0540384999999
2025-10-18 01:46:08.379,107116.37,0.00031,33.2060747
2025-10-18 01:46:11.519,107116.37,7e-05,7.498145899999999
2025-10-18 01:46:11.576,107116.36,6e-05,6.4269816
2025-10-18 01:46:11.670,107116.36,0.00098,104.9740328
2025-10-18 01:46:11.851,107116.36,0.05,5355.818
2025-10-18 01:46:13.077,107116.36,0.00912,976.9012031999999
2025-10-18 01:46:13.268,107116.37,0.00011,11.7828007
2025-10-18 01:46:14.291,107114.04,0.04327,4634.8245108
2025-10-18 01:46:14.292,107112.08,0.00373,399.52805839999996
2025-10-18 01:46:14.296,107109.94,0.00565,605.171161
2025-10-18 01:46:14.303,107108.01,0.00025,26.7770025
2025-10-18 01:46:14.306,107105.65,0.00615,658.6997475
2025-10-18 01:46:14.310,107105.65,0.00157,168.1558705
2025-10-18 01:46:14.311,107105.44,0.03369,3608.3822735999997
2025-10-18 01:46:14.338,107104.14,0.00015,16.065621
2025-10-18 01:46:14.785,107101.91,0.00025,26.7754775
2025-10-18 01:46:15.495,107101.83,0.0001,10.710183
2025-10-18 01:46:15.502,107100.5,0.012,1285.2060000000001
2025-10-18 01:46:15.503,107100.5,0.00086,92.10643
2025-10-18 01:46:15.505,107100.0,0.01579,1691.109
2025-10-18 01:46:15.508,107096.68,0.0001,10.709668
2025-10-18 01:46:15.632,107095.49,0.00069,73.8958881
2025-10-18 01:46:15.738,107095.48,0.00021,22.4900508
2025-10-18 01:46:15.869,107095.49,0.00016,17.1352784
2025-10-18 01:46:16.314,107095.49,0.0001,10.709549
2025-10-18 01:46:16.448,107095.48,0.001,107.09548
2025-10-18 01:46:16.612,107095.49,0.0001,10.709549
2025-10-18 01:46:16.620,107095.49,0.00047,50.3348803
2025-10-18 01:46:16.632,107095.49,0.0001,10.709549
2025-10-18 01:46:16.673,107095.49,0.01011,1082.7354039
2025-10-18 01:46:16.882,107095.49,0.00043,46.0510607
2025-10-18 01:46:16.943,107095.49,9e-05,9.6385941
2025-10-18 01:46:16.994,107095.49,0.04021,4306.3096529
2025-10-18 01:46:17.039,107095.49,0.00029,31.0576921
2025-10-18 01:46:17.232,107095.49,0.00033,35.3415117
2025-10-18 01:46:17.417,107095.49,7e-05,7.4966843
2025-10-18 01:46:17.418,107095.49,0.0001,10.709549
2025-10-18 01:46:17.443,107095.49,0.00015,16.0643235
2025-10-18 01:46:17.518,107095.49,0.00036,38.5543764
2025-10-18 01:46:18.116,107095.48,0.00016,17.1352768
2025-10-18 01:46:18.262,107095.49,0.00015,16.0643235
2025-10-18 01:46:18.392,107095.49,0.00047,50.3348803
2025-10-18 01:46:18.575,107095.49,7e-05,7.4966843
2025-10-18 01:46:18.592,107095.49,0.0001,10.709549
2025-10-18 01:46:19.894,107095.49,0.00201,215.26193490000003
2025-10-18 01:46:20.071,107095.48,0.012,1285.1457599999999
2025-10-18 01:46:20.110,107095.48,0.00253,270.9515644
2025-10-18 01:46:20.944,107095.48,0.00208,222.75859839999998
2025-10-18 01:46:21.683,107095.48,0.012,1285.1457599999999
2025-10-18 01:46:21.888,107095.49,0.00044,47.122015600000005
2025-10-18 01:46:22.214,107095.6,0.0009,96.38604000000001
2025-10-18 01:46:22.216,107096.76,5e-05,5.354838
2025-10-18 01:46:22.219,107103.65,0.01131,1211.3422815
2025-10-18 01:46:22.222,107103.65,0.01826,1955.7126489999998
2025-10-18 01:46:22.296,107103.65,0.00014,14.994510999999997
2025-10-18 01:46:22.371,107103.65,0.0002,21.42073
2025-10-18 01:46:22.372,107103.67,0.0001,10.710367
2025-10-18 01:46:24.613,107104.82,0.00012,12.8525784
2025-10-18 01:46:25.627,107104.82,0.00048,51.4103136
2025-10-18 01:46:26.474,107104.82,4e-05,4.2841928000000005
2025-10-18 01:46:28.121,107104.82,1.01017,108194.0760194
2025-10-18 01:46:28.832,107104.81,0.0018,192.788658
2025-10-18 01:46:28.946,107104.82,0.00096,102.8206272
2025-10-18 01:46:29.914,107104.81,9e-05,9.639432900000001
2025-10-18 01:46:29.920,107104.82,0.00068,72.8312776
2025-10-18 01:46:30.831,107104.82,0.00293,313.8171226
2025-10-18 01:46:31.576,107104.81,6e-05,6.4262886
2025-10-18 01:46:32.420,107104.81,0.00118,126.3836758
2025-10-18 01:46:33.260,107104.82,0.00799,855.7675118000001
2025-10-18 01:46:35.464,107104.82,0.00022,23.5630604
2025-10-18 01:46:35.503,107104.81,0.00999,1069.9770519
2025-10-18 01:46:35.579,107104.81,0.00051,54.623453100000006
2025-10-18 01:46:35.883,107104.81,0.1567,16783.323727
2025-10-18 01:46:35.892,107104.82,0.00094,100.6785308
2025-10-18 01:46:36.165,107104.81,0.00093,99.60747330000001
2025-10-18 01:46:36.282,107104.81,0.07317,7836.8589477
2025-10-18 01:46:36.918,107104.82,0.00044,47.1261208
2025-10-18 01:46:37.775,107104.81,0.00129,138.1652049
2025-10-18 01:46:37.918,107104.81,9e-05,9.639432900000001
2025-10-18 01:46:38.247,107104.82,0.00466,499.1084612
2025-10-18 01:46:38.694,107104.82,0.01177,1260.6237314
2025-10-18 01:46:39.056,107104.82,0.00104,111.3890128
2025-10-18 01:46:39.813,107104.82,0.00094,100.6785308
2025-10-18 01:46:40.032,107104.81,0.00028,29.989346799999996
2025-10-18 01:46:42.244,107104.81,0.06408,6863.2762248
2025-10-18 01:46:42.718,107104.81,0.00072,77.11546320000001
2025-10-18 01:46:44.044,107104.81,6e-05,6.4262886
2025-10-18 01:46:44.639,107104.82,0.00211,225.9911702
2025-10-18 01:46:44.993,107104.82,0.0011,117.81530200000002
2025-10-18 01:46:45.015,107108.02,5e-05,5.3554010000000005
2025-10-18 01:46:45.544,107108.02,0.00576,616.9421952
2025-10-18 01:46:46.064,107108.03,0.09,9639.7227
2025-10-18 01:46:46.513,107108.03,0.00026,27.8480878
2025-10-18 01:46:48.962,107108.03,0.00063,67.47805890000001
2025-10-18 01:46:49.080,107108.02,0.00018,19.2794436
2025-10-18 01:46:49.392,107108.03,0.00069,73.9045407
2025-10-18 01:46:50.026,107108.02,0.0001,10.710802000000001
2025-10-18 01:46:50.471,107108.03,0.00018,19.2794454
2025-10-18 01:46:50.663,107108.03,0.22347,23935.4314641
2025-10-18 01:46:50.664,107108.04,0.00072,77.1177888
2025-10-18 01:46:50.668,107109.55,0.00065,69.6212075
2025-10-18 01:46:50.669,107109.56,0.00055,58.910258
2025-10-18 01:46:50.683,107110.01,0.0008,85.688008
2025-10-18 01:46:50.705,107110.02,0.00186,199.22463720000002
2025-10-18 01:46:50.706,107111.09,0.00015,16.066663499999997
2025-10-18 01:46:50.708,107111.1,0.0004,42.844440000000006
2025-10-18 01:46:50.713,107111.42,0.00015,16.066713
2025-10-18 01:46:50.739,107111.43,0.028,2999.12004
2025-10-18 01:46:50.858,107111.43,0.00756,809.7624107999999
2025-10-18 01:46:51.917,107111.43,0.00667,714.4332380999999
2025-10-18 01:46:52.382,107111.43,0.01307,1399.9463901
2025-10-18 01:46:52.595,107111.42,5e-05,5.355571
2025-10-18 01:46:52.679,107111.42,5e-05,5.355571
2025-10-18 01:46:53.732,107111.42,0.0005,53.55571
2025-10-18 01:46:53.971,107111.43,0.00093,99.61362989999999
2025-10-18 01:46:54.250,107111.42,0.01291,1382.8084322
2025-10-18 01:46:57.576,107111.42,7e-05,7.497799399999999
2025-10-18 01:46:58.024,107111.43,0.00122,130.67594459999998
2025-10-18 01:47:00.635,107111.42,9e-05,9.6400278
2025-10-18 01:47:01.148,107111.43,9e-05,9.6400287
2025-10-18 01:47:01.508,107111.42,0.00104,111.39587679999998
2025-10-18 01:47:01.541,107111.43,0.0001,10.711143
2025-10-18 01:47:01.668,107111.42,0.00416,445.58350719999993
2025-10-18 01:47:01.758,107111.43,0.00466,499.1392638
2025-10-18 01:47:01.762,107111.42,0.00221,236.71623820000002
2025-10-18 01:47:02.338,107111.43,0.00496,531.2726928
2025-10-18 01:47:02.862,107111.43,0.00056,59.98240079999999
2025-10-18 01:47:03.259,107111.43,0.00047,50.3423721
2025-10-18 01:47:03.266,107111.42,0.00041,43.9156822
2025-10-18 01:47:03.989,107111.43,0.0178,1906.5834539999998
2025-10-18 01:47:04.074,107111.43,0.00361,386.67226229999994
2025-10-18 01:47:04.078,107113.5,0.00087,93.188745
2025-10-18 01:47:04.079,107113.89,5e-05,5.3556945
2025-10-18 01:47:04.115,107118.74,0.00752,805.5329248
2025-10-18 01:47:04.118,107122.14,6e-05,6.4273284
2025-10-18 01:47:05.633,107122.14,0.00929,995.1646806
2025-10-18 01:47:05.689,107122.13,0.01982,2123.1606166
2025-10-18 01:47:05.691,107122.05,0.0002,21.42441
2025-10-18 01:47:05.694,107120.0,5e-05,5.356
2025-10-18 01:47:05.696,107119.6,5e-05,5.355980000000001
2025-10-18 01:47:05.702,107118.9,0.0009,96.40700999999999
2025-10-18 01:47:05.703,107111.42,0.00536,574.1172112
2025-10-18 01:47:05.705,107111.42,0.00378,404.88116759999997
2025-10-18 01:47:05.706,107110.19,5e-05,5.3555095
2025-10-18 01:47:05.712,107108.79,0.03363,3602.0686077
2025-10-18 01:47:06.576,107108.78,7e-05,7.4976145999999995
2025-10-18 01:47:06.629,107108.78,0.012,1285.30536
2025-10-18 01:47:06.630,107108.78,0.012,1285.30536
2025-10-18 01:47:08.104,107108.78,0.08182,8763.6403796
2025-10-18 01:47:08.145,107108.79,5e-05,5.3554395
2025-10-18 01:47:08.482,107108.79,0.00123,131.74381169999998
2025-10-18 01:47:08.498,107108.79,0.00941,1007.8937139
2025-10-18 01:47:09.221,107108.78,0.004,428.43512
2025-10-18 01:47:09.223,107107.39,0.00015,16.0661085
2025-10-18 01:47:09.227,107107.14,0.0009,96.39642599999999
2025-10-18 01:47:09.228,107107.14,0.004,428.42856
2025-10-18 01:47:09.315,107100.74,0.0001,10.710074
2025-10-18 01:47:09.318,107097.27,6e-05,6.4258362
2025-10-18 01:47:09.770,107097.28,0.00018,19.2775104
2025-10-18 01:47:10.590,107097.28,0.00093,99.6004704
2025-10-18 01:47:10.620,107097.28,0.0014,149.936192
2025-10-18 01:47:11.397,107097.28,0.05602,5999.5896256
2025-10-18 01:47:11.790,107097.28,0.00286,306.2982208
2025-10-18 01:47:11.941,107097.27,0.00652,698.2742004
2025-10-18 01:47:11.948,107096.97,0.012,1285.16364
2025-10-18 01:47:11.950,107096.97,0.012,1285.16364
2025-10-18 01:47:12.348,107096.97,0.007,749.67879
2025-10-18 01:47:12.484,107096.97,0.012,1285.16364
2025-10-18 01:47:12.485,107096.97,0.012,1285.16364
2025-10-18 01:47:12.596,107096.98,9e-05,9.638728200000001
2025-10-18 01:47:12.634,107096.98,0.00048,51.4065504
2025-10-18 01:47:12.700,107096.98,0.0005,53.54849
2025-10-18 01:47:12.880,107096.98,0.0005,53.54849
2025-10-18 01:47:13.159,107096.97,0.012,1285.16364
2025-10-18 01:47:13.223,107096.97,0.012,1285.16364
2025-10-18 01:47:13.230,107096.97,0.012,1285.16364
2025-10-18 01:47:14.073,107096.97,0.00026,27.8452122
2025-10-18 01:47:14.179,107096.97,0.00038,40.6968486
2025-10-18 01:47:14.843,107096.97,0.00011,11.780666700000001
2025-10-18 01:47:15.055,107096.97,0.012,1285.16364
2025-10-18 01:47:15.056,107096.97,0.012,1285.16364
2025-10-18 01:47:15.175,107096.98,0.00102,109.2389196
2025-10-18 01:47:15.683,107096.97,0.00096,102.8130912
2025-10-18 01:47:15.884,107096.97,0.012,1285.16364
2025-10-18 01:47:15.885,107096.97,0.012,1285.16364
2025-10-18 01:47:15.915,107093.38,0.03617,3873.5675546
2025-10-18 01:47:16.233,107092.31,0.001,107.09231
2025-10-18 01:47:16.234,107092.31,0.001,107.09231
2025-10-18 01:47:17.432,107092.31,0.00026,27.844000599999998
2025-10-18 01:47:17.576,107092.32,9e-05,9.6383088
2025-10-18 01:47:18.179,107092.32,0.00062,66.3972384
2025-10-18 01:47:18.219,107092.31,0.01867,1999.4134276999998
2025-10-18 01:47:18.386,107092.32,0.00056,59.971699199999996
2025-10-18 01:47:18.401,107092.32,0.0006,64.255392
2025-10-18 01:47:18.798,107092.32,0.0084,899.575488
2025-10-18 01:47:20.126,107092.32,0.0001,10.709232000000002
2025-10-18 01:47:20.161,107092.31,0.001,107.09231
2025-10-18 01:47:20.361,107092.32,0.0004,42.83692800000001
2025-10-18 01:47:21.564,107092.32,0.00104,111.3760128
2025-10-18 01:47:21.958,107092.32,0.0028,299.858496
2025-10-18 01:47:22.312,107092.32,0.00402,430.5111264
2025-10-18 01:47:22.315,107092.32,0.0007,74.964624
2025-10-18 01:47:24.718,107092.31,0.00011,11.7801541
2025-10-18 01:47:24.888,107092.32,0.00634,678.9653088000001
2025-10-18 01:47:25.083,107092.32,0.00013,13.9220016
2025-10-18 01:47:25.938,107092.32,0.03011,3224.5497552
2025-10-18 01:47:26.423,107092.31,0.012,1285.10772
2025-10-18 01:47:26.576,107092.31,7e-05,7.496461699999999
2025-10-18 01:47:27.169,107092.31,0.012,1285.10772
2025-10-18 01:47:27.170,107092.31,0.012,1285.10772
2025-10-18 01:47:27.415,107089.94,5e-05,5.354497
2025-10-18 01:47:27.585,107085.41,0.00109,116.7230969
2025-10-18 01:47:28.239,107085.4,0.00021,22.487934
2025-10-18 01:47:28.543,107085.41,0.00026,27.842206599999997
2025-10-18 01:47:29.083,107085.41,0.00172,184.1869052
2025-10-18 01:47:29.239,107085.4,0.012,1285.0248
2025-10-18 01:47:29.240,107085.4,0.011,1177.9394
2025-10-18 01:47:29.257,107085.4,0.011,1177.9394
2025-10-18 01:47:29.637,107085.41,0.00261,279.4929201
2025-10-18 01:47:30.019,107085.4,0.00015,16.06281
2025-10-18 01:47:30.124,107085.41,0.01184,1267.8912544
2025-10-18 01:47:30.217,107085.4,0.012,1285.0248
2025-10-18 01:47:30.218,107085.4,0.012,1285.0248
2025-10-18 01:47:30.648,107085.4,0.012,1285.0248
2025-10-18 01:47:31.324,107085.41,0.01876,2008.9222915999999
2025-10-18 01:47:32.668,107085.41,0.00082,87.8100362
2025-10-18 01:47:32.877,107085.4,0.00466,499.017964
2025-10-18 01:47:34.066,107085.41,0.00072,77.1014952
2025-10-18 01:47:34.335,107085.41,0.00021,22.487936100000002
2025-10-18 01:47:35.323,107085.4,0.012,1285.0248
2025-10-18 01:47:35.324,107085.4,0.012,1285.0248
2025-10-18 01:47:35.408,107085.41,0.01424,1524.8962384
2025-10-18 01:47:35.890,107085.4,0.00037,39.621598
2025-10-18 01:47:36.354,107085.41,8e-05,8.5668328
2025-10-18 01:47:37.098,107085.41,0.0033,353.38185300000004
2025-10-18 01:47:37.139,107085.4,0.0033,353.38182
2025-10-18 01:47:37.884,107085.41,0.0003,32.125623
2025-10-18 01:47:38.763,107085.4,0.003,321.2562
2025-10-18 01:47:39.142,107085.41,8e-05,8.5668328
2025-10-18 01:47:39.237,107085.4,0.012,1285.0248
2025-10-18 01:47:39.238,107085.4,0.012,1285.0248
2025-10-18 01:47:40.472,107085.4,0.012,1285.0248
2025-10-18 01:47:40.621,107085.4,0.0016,171.33664
2025-10-18 01:47:41.624,107085.41,0.00605,647.8667305
2025-10-18 01:47:41.725,107085.4,0.00091,97.44771399999999
2025-10-18 01:47:42.023,107085.4,8e-05,8.566832
2025-10-18 01:47:42.834,107085.4,8e-05,8.566832
2025-10-18 01:47:42.862,107085.4,0.014,1499.1956
2025-10-18 01:47:42.994,107085.41,7e-05,7.495978699999999
2025-10-18 01:47:43.268,107085.4,0.012,1285.0248
2025-10-18 01:47:43.269,107085.4,0.012,1285.0248
2025-10-18 01:47:43.324,107085.41,0.00268,286.9888988
2025-10-18 01:47:44.870,107085.41,0.00043,46.0467263
2025-10-18 01:47:45.780,107085.4,0.012,1285.0248
2025-10-18 01:47:45.911,107085.41,0.00029,31.054768900000003
2025-10-18 01:47:46.201,107085.4,0.00426,456.18380399999995
2025-10-18 01:47:46.356,107085.4,0.012,1285.0248
2025-10-18 01:47:46.357,107085.4,0.012,1285.0248
2025-10-18 01:47:46.899,107085.4,0.012,1285.0248
2025-10-18 01:47:46.901,107085.4,0.012,1285.0248
2025-10-18 01:47:47.326,107085.4,0.012,1285.0248
2025-10-18 01:47:47.327,107085.4,0.012,1285.0248
2025-10-18 01:47:48.659,107085.41,0.01137,1217.5611117
2025-10-18 01:47:48.728,107085.4,0.012,1285.0248
2025-10-18 01:47:48.729,107085.4,0.012,1285.0248
2025-10-18 01:47:49.008,107085.4,0.012,1285.0248
2025-10-18 01:47:49.009,107085.4,0.012,1285.0248
2025-10-18 01:47:49.011,107085.4,0.012,1285.0248
2025-10-18 01:47:49.319,107085.4,0.00107,114.58137799999999
2025-10-18 01:47:49.399,107085.4,0.012,1285.0248
2025-10-18 01:47:49.401,107085.4,0.21885,23435.639789999997
2025-10-18 01:47:49.402,107084.09,0.00015,16.062613499999998
2025-10-18 01:47:49.408,107084.0,0.00335,358.7314
2025-10-18 01:47:50.603,107082.52,0.00011,11.779077200000001
2025-10-18 01:47:51.125,107082.51,0.005,535.41255
2025-10-18 01:47:51.578,107082.51,0.0001,10.708251
2025-10-18 01:47:51.616,107082.5,0.02901,3106.463325
2025-10-18 01:47:51.617,107082.5,0.04288,4591.6976
2025-10-18 01:47:51.619,107082.0,0.02129,2279.77578
2025-10-18 01:47:51.634,107082.0,0.005,535.41
2025-10-18 01:47:51.646,107082.0,0.012,1284.984
2025-10-18 01:47:52.191,107082.0,0.00171,183.11022
2025-10-18 01:47:52.281,107082.0,0.01082,1158.62724
2025-10-18 01:47:52.924,107082.0,0.00031,33.19542
2025-10-18 01:47:53.965,107082.01,0.00028,29.982962799999996
2025-10-18 01:47:54.147,107082.01,0.00057,61.0367457
2025-10-18 01:47:54.264,107082.01,0.00467,500.07298669999994
2025-10-18 01:47:54.719,107082.01,9e-05,9.6373809
2025-10-18 01:47:55.359,107082.01,0.00171,183.11023709999998
2025-10-18 01:47:55.641,107082.01,0.00058,62.107565799999996
2025-10-18 01:47:56.732,107082.01,8e-05,8.5665608
2025-10-18 01:47:58.167,107082.0,0.00037,39.62034
2025-10-18 01:47:58.182,107082.01,0.00036,38.5495236
2025-10-18 01:47:59.736,107082.0,0.02046,2190.89772
2025-10-18 01:48:00.004,107082.01,0.00046,49.257724599999996
2025-10-18 01:48:01.235,107082.01,0.00016,17.1331216
2025-10-18 01:48:01.305,107082.01,0.00012,12.8498412
2025-10-18 01:48:01.515,107075.51,5e-05,5.3537755
2025-10-18 01:48:02.837,107075.5,0.02801,2999.184755
2025-10-18 01:48:03.174,107075.51,0.00377,403.6746727
2025-10-18 01:48:03.332,107075.5,0.00031,33.193405
2025-10-18 01:48:06.689,107075.5,0.012,1284.906
2025-10-18 01:48:07.084,107075.5,0.012,1284.906
2025-10-18 01:48:07.547,107075.5,0.012,1284.906
2025-10-18 01:48:08.079,107075.5,0.00045,48.183975
2025-10-18 01:48:08.159,107075.51,0.00011,11.7783061
2025-10-18 01:48:08.448,107075.51,0.00948,1015.0758348
2025-10-18 01:48:09.319,107075.5,0.00253,270.90101500000003
2025-10-18 01:48:10.432,107075.5,0.00015,16.061325
2025-10-18 01:48:10.439,107075.51,6e-05,6.4245306
2025-10-18 01:48:10.916,107075.5,0.09978,10683.99339
2025-10-18 01:48:10.918,107075.5,0.04343,4650.288965000001
2025-10-18 01:48:10.925,107075.5,0.00434,464.70767
2025-10-18 01:48:10.926,107075.5,0.04897,5243.487235
2025-10-18 01:48:10.927,107075.48,0.0002,21.415096000000002
2025-10-18 01:48:10.948,107074.81,0.012,1284.89772
2025-10-18 01:48:10.949,107074.81,0.0106,1134.992986
2025-10-18 01:48:10.953,107074.81,0.00071,76.0231151
2025-10-18 01:48:10.986,107074.35,0.0014,149.90409
2025-10-18 01:48:10.987,107072.16,0.00015,16.060824
2025-10-18 01:48:11.064,107072.16,0.00014,14.9901024
2025-10-18 01:48:11.279,107072.15,0.00418,447.5615869999999
2025-10-18 01:48:11.414,107072.16,0.00028,29.9802048
2025-10-18 01:48:11.428,107072.15,0.0006,64.24328999999999
2025-10-18 01:48:12.014,107072.16,0.03068,3284.9738688
2025-10-18 01:48:12.783,107072.16,0.0001,10.707216
2025-10-18 01:48:12.812,107072.0,0.00169,180.95168
2025-10-18 01:48:12.813,107072.0,0.00248,265.53856
2025-10-18 01:48:12.815,107071.99,0.0007,74.950393
2025-10-18 01:48:12.818,107069.33,0.0002,21.413866000000002
2025-10-18 01:48:12.819,107065.35,0.00015,16.0598025
2025-10-18 01:48:12.822,107064.2,5e-05,5.35321
2025-10-18 01:48:12.833,107063.24,0.07009,7504.062491600001
2025-10-18 01:48:12.835,107060.98,0.0042,449.65611599999994
2025-10-18 01:48:12.845,107060.98,0.001,107.06098
2025-10-18 01:48:12.848,107060.98,0.001,107.06098
2025-10-18 01:48:12.861,107060.98,0.00934,999.9495531999999
2025-10-18 01:48:12.870,107060.98,0.00934,999.9495531999999
2025-10-18 01:48:12.873,107060.97,0.00095,101.7079215
2025-10-18 01:48:12.897,107060.18,0.00434,464.6411812
2025-10-18 01:48:13.167,107060.18,0.00036,38.5416648
2025-10-18 01:48:13.175,107060.19,0.00171,183.0729249
2025-10-18 01:48:13.271,107060.18,0.00018,19.2708324
2025-10-18 01:48:13.764,107060.19,0.00052,55.671298799999995
2025-10-18 01:48:13.812,107060.19,0.00011,11.776620900000001
2025-10-18 01:48:14.220,107060.19,0.00238,254.80325220000003
2025-10-18 01:48:14.262,107060.18,0.00144,154.1666592
2025-10-18 01:48:14.544,107060.19,0.00011,11.776620900000001
2025-10-18 01:48:14.925,107060.19,0.00023,24.623843700000002
2025-10-18 01:48:15.634,107060.19,6e-05,6.4236114
2025-10-18 01:48:15.932,107060.18,0.00055,58.883099
2025-10-18 01:48:16.357,107054.8,0.00015,16.05822
2025-10-18 01:48:16.439,107054.79,0.00075,80.29109249999999
2025-10-18 01:48:17.130,107054.8,0.00056,59.950688
2025-10-18 01:48:17.173,107054.8,0.0001,10.705480000000001
2025-10-18 01:48:17.619,107054.8,0.0002,21.410960000000003
2025-10-18 01:48:17.820,107054.8,0.00047,50.315756
2025-10-18 01:48:17.869,107054.8,0.00014,14.987672
2025-10-18 01:48:17.881,107054.8,0.0001,10.705480000000001
2025-10-18 01:48:18.012,107054.8,8e-05,8.564384
2025-10-18 01:48:18.025,107054.8,0.00045,48.17466
2025-10-18 01:48:18.061,107054.8,0.00108,115.619184
2025-10-18 01:48:18.194,107054.8,0.0001,10.705480000000001
2025-10-18 01:48:18.217,107054.8,0.00011,11.776028
2025-10-18 01:48:18.262,107054.8,0.00047,50.315756
2025-10-18 01:48:18.283,107054.8,0.0001,10.705480000000001
2025-10-18 01:48:18.332,107054.8,0.0001,10.705480000000001
2025-10-18 01:48:18.975,107054.8,0.0001,10.705480000000001
2025-10-18 01:48:18.987,107054.8,0.0001,10.705480000000001
2025-10-18 01:48:19.031,107054.79,0.012,1284.6574799999999
2025-10-18 01:48:19.032,107054.79,0.012,1284.6574799999999
2025-10-18 01:48:19.040,107054.79,0.012,1284.6574799999999
2025-10-18 01:48:19.170,107054.79,0.00264,282.6246456
2025-10-18 01:48:19.192,107054.8,8e-05,8.564384
2025-10-18 01:48:19.200,107054.8,0.0001,10.705480000000001
2025-10-18 01:48:19.345,107054.79,0.01,1070.5479
2025-10-18 01:48:19.524,107054.8,0.0001,10.705480000000001
2025-10-18 01:48:19.735,107054.79,0.012,1284.6574799999999
2025-10-18 01:48:19.785,107054.8,0.00015,16.05822
2025-10-18 01:48:19.786,107054.79,0.012,1284.6574799999999
2025-10-18 01:48:19.812,107054.8,0.00015,16.05822
2025-10-18 01:48:19.818,107054.8,0.00019,20.340412
2025-10-18 01:48:19.894,107054.79,0.012,1284.6574799999999
2025-10-18 01:48:20.117,107054.8,0.00262,280.483576
2025-10-18 01:48:20.284,107054.8,0.0001,10.705480000000001
2025-10-18 01:48:20.303,107054.8,0.01,1070.548
2025-10-18 01:48:20.310,107054.8,0.00057,61.021236
2025-10-18 01:48:20.312,107054.8,0.00019,20.340412
2025-10-18 01:48:20.676,107054.8,0.0001,10.705480000000001
2025-10-18 01:48:20.742,107054.79,0.012,1284.6574799999999
2025-10-18 01:48:20.744,107054.79,0.012,1284.6574799999999
2025-10-18 01:48:20.778,107054.8,9e-05,9.634932000000001
2025-10-18 01:48:21.033,107054.79,0.012,1284.6574799999999
2025-10-18 01:48:21.212,107054.79,0.012,1284.6574799999999
2025-10-18 01:48:21.213,107054.79,0.012,1284.6574799999999
2025-10-18 01:48:21.424,107054.8,0.0001,10.705480000000001
2025-10-18 01:48:21.762,107054.79,0.012,1284.6574799999999
2025-10-18 01:48:21.763,107054.79,0.012,1284.6574799999999
2025-10-18 01:48:21.819,107054.79,0.01104,1181.8848816
2025-10-18 01:48:22.291,107054.79,0.00351,375.7623129
2025-10-18 01:48:22.325,107054.8,0.00015,16.05822
2025-10-18 01:48:22.422,107054.8,0.0001,10.705480000000001
2025-10-18 01:48:22.491,107054.8,0.0001,10.705480000000001
2025-10-18 01:48:22.562,107054.8,0.00015,16.05822
2025-10-18 01:48:22.724,107054.8,0.00075,80.2911
2025-10-18 01:48:23.218,107054.79,0.00082,87.78492779999999
2025-10-18 01:48:23.428,107054.8,0.0001,10.705480000000001
2025-10-18 01:48:24.495,107054.8,0.00467,499.94591599999995
2025-10-18 01:48:24.633,107054.8,0.0001,10.705480000000001
2025-10-18 01:48:25.019,107054.8,0.00052,55.668496
2025-10-18 01:48:25.027,107054.79,0.00093,99.5609547
2025-10-18 01:48:25.707,107054.79,0.01016,1087.6766664
2025-10-18 01:48:25.710,107054.79,0.00051,54.5979429
2025-10-18 01:48:26.384,107054.8,0.0001,10.705480000000001
2025-10-18 01:48:26.579,107054.8,6e-05,6.423288
2025-10-18 01:48:27.026,107054.8,0.00018,19.269864000000002
2025-10-18 01:48:27.274,107054.8,0.00018,19.269864000000002
2025-10-18 01:48:27.427,107054.8,0.00096,102.772608
2025-10-18 01:48:27.518,107054.8,0.00054,57.809592
2025-10-18 01:48:28.087,107054.8,0.0001,10.705480000000001
2025-10-18 01:48:28.465,107054.8,0.00215,230.16782
2025-10-18 01:48:28.485,107054.8,0.0001,10.705480000000001
2025-10-18 01:48:28.512,107054.8,8e-05,8.564384
2025-10-18 01:48:29.031,107054.8,0.0001,10.705480000000001
2025-10-18 01:48:29.402,107054.79,0.00307,328.65820529999996
2025-10-18 01:48:29.801,107054.8,9e-05,9.634932000000001
2025-10-18 01:48:29.878,107054.79,0.00186,199.1219094
2025-10-18 01:48:30.032,107054.8,0.02802,2999.675496
2025-10-18 01:48:30.111,107054.8,0.00239,255.86097200000003
2025-10-18 01:48:30.200,107054.8,0.0001,10.705480000000001
2025-10-18 01:48:30.618,107054.79,0.11929,12770.565899099998
2025-10-18 01:48:30.924,107054.79,0.00143,153.0883497
2025-10-18 01:48:31.163,107054.8,0.00026,27.834248
2025-10-18 01:48:31.576,107054.79,7e-05,7.493835299999999
2025-10-18 01:48:31.949,107054.8,0.0001,10.705480000000001
2025-10-18 01:48:32.491,107054.8,0.00082,87.784936
2025-10-18 01:48:32.664,107054.8,0.0007,74.93836
2025-10-18 01:48:32.924,107054.8,0.0001,10.705480000000001
2025-10-18 01:48:33.024,107054.79,0.012,1284.6574799999999
2025-10-18 01:48:33.025,107054.79,0.012,1284.6574799999999
2025-10-18 01:48:33.027,107054.23,0.0001,10.705423
2025-10-18 01:48:33.082,107054.0,0.00589,630.5480600000001
2025-10-18 01:48:33.089,107053.03,0.0016,171.284848
2025-10-18 01:48:33.104,107053.01,0.0009,96.347709
2025-10-18 01:48:33.108,107052.79,0.0012,128.46334799999997
2025-10-18 01:48:33.111,107052.0,0.00131,140.23812
2025-10-18 01:48:33.197,107051.99,0.0012,128.462388
2025-10-18 01:48:33.250,107051.86,0.00159,170.2124574
2025-10-18 01:48:33.466,107051.86,0.01294,1385.2510684000001
2025-10-18 01:48:34.726,107051.86,0.00334,357.5532124
2025-10-18 01:48:35.019,107051.85,0.00349,373.61095650000004
2025-10-18 01:48:35.024,107051.75,0.00136,145.59038
2025-10-18 01:48:35.033,107049.48,0.00258,276.1876584
2025-10-18 01:48:35.115,107043.22,0.0001,10.704322000000001
2025-10-18 01:48:35.116,107038.13,0.00028,29.9706764
2025-10-18 01:48:35.355,107038.13,0.00046,49.2375398
2025-10-18 01:48:37.196,107038.13,0.00466,498.7976858
2025-10-18 01:48:37.274,107038.12,0.02046,2189.9999352
2025-10-18 01:48:37.745,107038.13,0.00025,26.759532500000002
2025-10-18 01:48:38.437,107038.13,0.00428,458.12319640000004
2025-10-18 01:48:38.962,107038.12,0.00096,102.75659519999999
2025-10-18 01:48:38.974,107038.12,0.00186,199.0909032
2025-10-18 01:48:39.243,107038.13,0.00056,59.9413528
2025-10-18 01:48:40.015,107041.32,5e-05,5.352066000000001
2025-10-18 01:48:40.070,107049.49,0.00141,150.93978090000002
2025-10-18 01:48:40.072,107049.49,6e-05,6.4229694
2025-10-18 01:48:43.374,107049.49,0.0006,64.229694
2025-10-18 01:48:43.454,107049.49,0.00095,101.6970155
2025-10-18 01:48:43.979,107049.48,8e-05,8.5639584
2025-10-18 01:48:44.147,107049.48,0.00287,307.23200760000003
2025-10-18 01:48:45.371,107049.48,0.00015,16.057422
2025-10-18 01:48:45.516,107049.48,0.00388,415.3519824
2025-10-18 01:48:45.878,107049.48,0.00187,200.1825276
2025-10-18 01:48:45.885,107049.48,0.00026,27.832864799999996
2025-10-18 01:48:46.949,107049.48,0.004,428.19792
2025-10-18 01:48:47.209,107049.48,0.00441,472.08820679999997
2025-10-18 01:48:48.010,107049.48,0.00035,37.467318
2025-10-18 01:48:49.066,107049.49,0.002,214.09898
2025-10-18 01:48:49.068,107049.49,0.001,107.04949
2025-10-18 01:48:49.081,107049.49,0.00024,25.6918776
2025-10-18 01:48:49.571,107049.49,5e-05,5.3524745000000005
2025-10-18 01:48:49.710,107049.48,0.05949,6368.3735652
2025-10-18 01:48:49.805,107049.49,0.00017,18.198413300000002
2025-10-18 01:48:50.791,107049.49,0.00119,127.38889310000002
2025-10-18 01:48:51.832,107049.49,0.00037,39.608311300000004
2025-10-18 01:48:51.853,107049.48,0.0008,85.639584
2025-10-18 01:48:52.058,107049.48,6e-05,6.4229688
2025-10-18 01:48:52.531,107049.48,6e-05,6.4229688
2025-10-18 01:48:52.583,107049.48,5e-05,5.352474
2025-10-18 01:48:53.026,107049.49,0.00056,59.947714399999995
2025-10-18 01:48:53.450,107049.49,0.025,2676.23725
2025-10-18 01:48:53.959,107049.48,0.00034,36.3968232
2025-10-18 01:48:54.814,107049.48,9e-05,9.6344532
2025-10-18 01:48:57.662,107049.48,0.00042,44.9607816
2025-10-18 01:48:58.760,107049.48,0.49929,53448.7348692
2025-10-18 01:48:58.988,107049.49,0.00467,499.9211183
2025-10-18 01:48:59.762,107049.49,0.00127,135.95285230000002
2025-10-18 01:49:01.092,107049.49,0.00013,13.916433699999999
2025-10-18 01:49:01.154,107049.48,0.00032,34.2558336
2025-10-18 01:49:01.588,107049.48,7e-05,7.493463599999999
2025-10-18 01:49:01.672,107049.49,0.0006,64.229694
2025-10-18 01:49:02.055,107049.49,9e-05,9.634454100000001
2025-10-18 01:49:02.266,107049.48,0.012,1284.59376
2025-10-18 01:49:02.267,107049.48,0.012,1284.59376
2025-10-18 01:49:02.386,107049.48,0.01126,1205.3771447999998
2025-10-18 01:49:03.258,107049.48,0.09341,9999.491926800001
2025-10-18 01:49:03.638,107049.48,7e-05,7.493463599999999
2025-10-18 01:49:03.840,107049.48,0.00186,199.1120328
2025-10-18 01:49:04.007,107049.49,0.00058,62.0887042
2025-10-18 01:49:04.251,107049.49,0.00058,62.0887042
2025-10-18 01:49:04.362,107049.48,0.00011,11.7754428
2025-10-18 01:49:04.620,107049.49,0.02541,2720.1275409
2025-10-18 01:49:05.468,107049.48,0.00022,23.5508856
2025-10-18 01:49:05.521,107049.49,0.00269,287.9631281
2025-10-18 01:49:05.533,107049.49,0.00035,37.467321500000004
2025-10-18 01:49:06.237,107049.49,0.01292,1383.0794108
2025-10-18 01:49:06.319,107049.99,0.00015,16.057498499999998
2025-10-18 01:49:06.323,107051.09,0.00055,58.878099500000005
2025-10-18 01:49:06.325,107054.19,0.0015,160.581285
2025-10-18 01:49:06.353,107054.8,0.00202,216.250696
2025-10-18 01:49:06.363,107060.19,0.02269,2429.1957110999997
2025-10-18 01:49:08.618,107060.19,0.00011,11.776620900000001
2025-10-18 01:49:09.061,107060.19,0.00511,547.0775709
2025-10-18 01:49:09.341,107060.19,0.001,107.06019
2025-10-18 01:49:10.766,107060.19,0.00013,13.917824699999999
2025-10-18 01:49:11.004,107060.19,0.00025,26.7650475
2025-10-18 01:49:11.176,107060.18,0.0467,4999.710405999999
2025-10-18 01:49:11.270,107060.18,7e-05,7.494212599999999
2025-10-18 01:49:11.922,107060.18,0.00186,199.1319348
2025-10-18 01:49:12.581,107060.18,0.00051,54.6006918
2025-10-18 01:49:13.152,107060.18,0.45695,48921.149251
2025-10-18 01:49:13.153,107060.18,0.09106,9748.899990799999
2025-10-18 01:49:13.155,107060.0,0.00115,123.119
2025-10-18 01:49:13.157,107060.11,0.00055,58.883060500000006
2025-10-18 01:49:13.158,107059.99,0.0005,53.52999500000001
2025-10-18 01:49:13.215,107059.99,0.0016,171.295984
2025-10-18 01:49:13.312,107059.99,0.00027,28.906197300000002
2025-10-18 01:49:13.320,107059.98,6e-05,6.4235988
2025-10-18 01:49:14.442,107059.99,9e-05,9.6353991
2025-10-18 01:49:14.669,107059.98,9e-05,9.635398200000001
2025-10-18 01:49:14.670,107059.98,0.00014,14.988397199999998
2025-10-18 01:49:14.999,107059.99,0.0028,299.767972
2025-10-18 01:49:15.085,107059.98,0.0001,10.705998
2025-10-18 01:49:15.426,107059.98,0.00182,194.8491636
2025-10-18 01:49:15.507,107059.99,0.028,2997.67972
2025-10-18 01:49:16.960,107059.99,0.028,2997.67972
2025-10-18 01:49:17.271,107059.98,0.00036,38.541592800000004
2025-10-18 01:49:17.699,107059.99,0.00093,99.56579070000001
2025-10-18 01:49:18.626,107059.98,0.00016,17.1295968
2025-10-18 01:49:18.851,107059.99,6e-05,6.4235994000000005
2025-10-18 01:49:19.802,107059.98,5e-05,5.352999
2025-10-18 01:49:20.610,107059.99,0.00467,499.9701533
2025-10-18 01:49:20.712,107059.98,0.0001,10.705998
2025-10-18 01:49:21.020,107059.98,0.00039,41.7533922
2025-10-18 01:49:21.772,107059.99,0.00031,33.1885969
2025-10-18 01:49:21.777,107059.98,0.00041,43.8945918
2025-10-18 01:49:22.021,107059.99,0.00046,49.2475954
2025-10-18 01:49:22.183,107059.98,9e-05,9.635398200000001
2025-10-18 01:49:22.560,107059.98,0.00043,46.035791399999994
2025-10-18 01:49:22.568,107059.98,8e-05,8.5647984
2025-10-18 01:49:22.895,107059.98,6e-05,6.4235988
2025-10-18 01:49:23.531,107059.99,0.00025,26.764997500000003
2025-10-18 01:49:24.315,107059.99,0.028,2997.67972
2025-10-18 01:49:24.458,107059.99,4e-05,4.282399600000001
2025-10-18 01:49:25.033,107059.98,0.00026,27.835594799999996
2025-10-18 01:49:25.190,107059.99,7e-05,7.4941993
2025-10-18 01:49:25.507,107059.99,0.00503,538.5117497
2025-10-18 01:49:25.995,107059.98,0.00564,603.8182872
2025-10-18 01:49:26.107,107059.99,1.0,107059.99
2025-10-18 01:49:26.244,107059.98,0.00081,86.71858379999999
2025-10-18 01:49:26.261,107059.99,0.004,428.23996000000005
2025-10-18 01:49:26.266,107059.99,0.024,2569.43976
2025-10-18 01:49:27.082,107059.98,0.0015,160.58997
2025-10-18 01:49:27.371,107059.99,7e-05,7.4941993
2025-10-18 01:49:28.576,107059.99,5e-05,5.3529995
2025-10-18 01:49:29.963,107059.98,0.00093,99.5657814
2025-10-18 01:49:30.763,107060.78,0.0001,10.706078
2025-10-18 01:49:30.765,107061.5,6e-05,6.423690000000001
2025-10-18 01:49:30.766,107061.5,0.0002,21.412300000000002
2025-10-18 01:49:30.813,107061.5,0.05288,5661.41212
2025-10-18 01:49:30.817,107061.51,0.00065,69.5899815
2025-10-18 01:49:31.015,107061.52,0.00188,201.2756576
2025-10-18 01:49:31.254,107061.54,0.00226,241.95908039999998
2025-10-18 01:49:31.269,107062.5,0.00135,144.534375
2025-10-18 01:49:31.575,107063.25,0.00037,39.6134025
2025-10-18 01:49:31.576,107063.24,0.0001,10.706324
2025-10-18 01:49:31.620,107063.25,0.0001,10.706325
2025-10-18 01:49:31.918,107063.24,0.0467,4999.853308
2025-10-18 01:49:32.516,107071.55,0.00015,16.0607325
2025-10-18 01:49:32.786,107071.55,6e-05,6.4242930000000005
2025-10-18 01:49:33.118,107071.55,6e-05,6.4242930000000005
2025-10-18 01:49:33.189,107071.55,0.01868,2000.096554
2025-10-18 01:49:34.531,107071.56,0.00406,434.7105336
2025-10-18 01:49:35.612,107071.56,0.00041,43.8993396
2025-10-18 01:49:36.045,107071.55,0.00099,106.0008345
2025-10-18 01:49:36.135,107071.56,9e-05,9.6364404
2025-10-18 01:49:36.800,107071.56,0.0014,149.900184
2025-10-18 01:49:37.277,107071.55,0.00116,124.20299800000001
2025-10-18 01:49:37.952,107071.55,0.00039,41.7579045
2025-10-18 01:49:38.037,107071.56,6e-05,6.4242936
2025-10-18 01:49:38.240,107071.55,0.00103,110.28369650000002
2025-10-18 01:49:38.242,107071.55,0.00103,110.28369650000002
2025-10-18 01:49:38.385,107071.56,0.00049,52.465064399999996
2025-10-18 01:49:39.219,107071.55,0.00093,99.5765415
2025-10-18 01:49:40.518,107071.56,0.00012,12.8485872
2025-10-18 01:49:42.981,107071.55,0.0001,10.707155
2025-10-18 01:49:45.244,107071.56,0.00933,998.9776548
2025-10-18 01:49:47.038,107071.55,0.49986,53520.784983000005
2025-10-18 01:49:47.039,107071.39,0.0002,21.414278
2025-10-18 01:49:47.041,107070.56,0.00015,16.060584
2025-10-18 01:49:47.043,107070.55,0.0003,32.121165
2025-10-18 01:49:47.046,107070.53,0.0005,53.535265
2025-10-18 01:49:47.048,107069.91,0.0003,32.120973
2025-10-18 01:49:47.049,107069.55,0.012,1284.8346000000001
2025-10-18 01:49:47.052,107066.17,0.00015,16.0599255
2025-10-18 01:49:47.074,107066.16,0.00117,125.26740720000001
2025-10-18 01:49:47.078,107065.53,0.00145,155.2450185
2025-10-18 01:49:47.094,107064.93,0.0004,42.825972
2025-10-18 01:49:47.096,107064.83,0.00015,16.059724499999998
2025-10-18 01:49:47.097,107064.82,0.0008,85.65185600000001
2025-10-18 01:49:47.098,107064.82,0.00011,11.777130200000002
2025-10-18 01:49:47.100,107064.56,0.00025,26.76614
2025-10-18 01:49:47.105,107064.01,0.0012,128.476812
2025-10-18 01:49:47.114,107064.01,0.00181,193.78585809999998
2025-10-18 01:49:47.117,107064.0,0.00221,236.61144000000002
2025-10-18 01:49:47.121,107063.99,0.0021,224.83437899999998
2025-10-18 01:49:47.136,107063.4,0.00315,337.24971
2025-10-18 01:49:47.230,107062.5,0.00181,193.78312499999998
2025-10-18 01:49:47.265,107062.42,0.0001,10.706242
2025-10-18 01:49:47.270,107061.53,0.00135,144.5330655
2025-10-18 01:49:47.271,107061.51,0.0088,942.141288
2025-10-18 01:49:47.272,107060.18,0.00022,23.553239599999998
2025-10-18 01:49:47.273,107059.99,0.00907,971.0341093000001
2025-10-18 01:49:47.370,107059.56,0.00228,244.0957968
2025-10-18 01:49:47.415,107053.62,0.03423,3664.4454125999996
2025-10-18 01:49:47.631,107049.83,0.00028,29.973952399999998
2025-10-18 01:49:47.980,107049.81,0.0002,21.409962
2025-10-18 01:49:47.988,107049.49,0.00465,497.7801285
2025-10-18 01:49:47.989,107049.49,0.012,1284.5938800000001
2025-10-18 01:49:48.544,107049.5,4e-05,4.281980000000001
2025-10-18 01:49:48.810,107049.5,0.0001,10.70495
2025-10-18 01:49:49.044,107049.49,0.00534,571.6442766
2025-10-18 01:49:49.776,107049.5,0.0001,10.70495
2025-10-18 01:49:50.029,107049.49,0.012,1284.5938800000001
2025-10-18 01:49:50.062,107049.49,0.012,1284.5938800000001
2025-10-18 01:49:50.133,107049.49,0.012,1284.5938800000001
2025-10-18 01:49:50.268,107049.49,0.00226,241.9318474
2025-10-18 01:49:50.269,107049.49,0.01598,1710.6508502000001
2025-10-18 01:49:50.275,107049.49,0.00798,854.2549302
2025-10-18 01:49:50.499,107049.5,0.005,535.2475000000001
2025-10-18 01:49:50.711,107049.5,0.0007,74.93465
2025-10-18 01:49:50.888,107049.5,0.0001,10.70495
2025-10-18 01:49:51.001,107049.5,0.00021,22.480395
2025-10-18 01:49:51.011,107049.5,0.009,963.4454999999999
2025-10-18 01:49:51.469,107049.5,0.004,428.19800000000004
2025-10-18 01:49:51.840,107049.5,0.00084,89.92158
2025-10-18 01:49:51.905,107049.5,0.0001,10.70495
2025-10-18 01:49:52.665,107049.5,0.01,1070.4950000000001
2025-10-18 01:49:52.941,107049.5,0.00032,34.255840000000006
2025-10-18 01:49:52.947,107049.5,0.0001,10.70495
2025-10-18 01:49:53.148,107049.5,0.00062,66.37069
2025-10-18 01:49:53.181,107049.49,6e-05,6.4229694
2025-10-18 01:49:53.934,107049.5,0.00018,19.26891
2025-10-18 01:49:53.963,107049.5,0.00012,12.84594
2025-10-18 01:49:54.193,107049.5,0.0001,10.70495
2025-10-18 01:49:55.225,107049.5,0.0001,10.70495
2025-10-18 01:49:55.832,107049.5,0.0084,899.2158
2025-10-18 01:49:56.223,107049.5,0.0001,10.70495
2025-10-18 01:49:57.041,107049.49,0.00027,28.9033623
2025-10-18 01:49:57.272,107049.5,0.0001,10.70495
2025-10-18 01:49:58.268,107049.5,0.0001,10.70495
2025-10-18 01:49:58.371,107049.49,0.00854,914.2026446000001
2025-10-18 01:49:59.272,107049.5,0.0001,10.70495
2025-10-18 01:49:59.386,107049.5,0.00343,367.179785
2025-10-18 01:50:00.780,107049.5,0.0001,10.70495
2025-10-18 01:50:00.937,107049.5,0.02419,2589.527405
2025-10-18 01:50:00.994,107049.5,0.0003,32.11485
2025-10-18 01:50:01.118,107049.5,0.00014,14.98693
2025-10-18 01:50:01.331,107049.5,0.0001,10.70495
2025-10-18 01:50:01.599,107049.5,0.00022,23.550890000000003
2025-10-18 01:50:02.457,107049.49,0.00165,176.63165850000001
2025-10-18 01:50:02.592,107049.5,0.00468,500.99166
2025-10-18 01:50:02.645,107049.5,0.028,2997.386
2025-10-18 01:50:02.916,107049.5,0.0001,10.70495
2025-10-18 01:50:05.781,107049.49,0.00018,19.268908200000002
2025-10-18 01:50:06.671,107049.49,0.00014,14.986928599999999
2025-10-18 01:50:07.158,107049.49,0.00446,477.4407254000001
2025-10-18 01:50:07.233,107049.5,0.0001,10.70495
2025-10-18 01:50:07.509,107049.5,0.0001,10.70495
2025-10-18 01:50:07.510,107049.5,0.0001,10.70495
2025-10-18 01:50:07.514,107049.5,0.0001,10.70495
2025-10-18 01:50:07.978,107049.5,9e-05,9.634455
2025-10-18 01:50:08.400,107049.5,0.0001,10.70495
2025-10-18 01:50:08.445,107049.5,0.01869,2000.7551549999998
2025-10-18 01:50:08.514,107049.5,0.01527,1634.645865
2025-10-18 01:50:09.313,107049.5,0.00025,26.762375000000002
2025-10-18 01:50:09.337,107049.5,0.0001,10.70495
2025-10-18 01:50:09.882,107049.5,0.00019,20.339405000000003
2025-10-18 01:50:10.062,107049.49,7e-05,7.493464299999999
2025-10-18 01:50:10.338,107049.5,0.0001,10.70495
2025-10-18 01:50:10.648,107049.49,0.04485,4801.1696265
2025-10-18 01:50:11.067,107049.5,0.00093,99.55603500000001
2025-10-18 01:50:11.281,107049.5,0.0001,10.70495
2025-10-18 01:50:11.595,107049.5,0.00011,11.775445000000001
2025-10-18 01:50:11.962,107049.5,0.00037,39.608315
2025-10-18 01:50:12.533,107049.5,7e-05,7.493465
2025-10-18 01:50:12.548,107049.5,0.0001,10.70495
2025-10-18 01:50:13.300,107049.49,0.08974,9606.6212326
2025-10-18 01:50:13.301,107049.49,0.20191,21614.3625259
2025-10-18 01:50:13.303,107047.32,0.0001,10.704732000000002
2025-10-18 01:50:13.309,107047.05,0.0007,74.932935
2025-10-18 01:50:13.316,107044.39,0.0002,21.408878
2025-10-18 01:50:13.317,107042.99,0.00512,548.0601088000001
2025-10-18 01:50:13.318,107042.99,0.012,1284.5158800000002
2025-10-18 01:50:13.333,107043.0,0.0001,10.7043
2025-10-18 01:50:13.335,107041.15,5e-05,5.3520575
2025-10-18 01:50:13.574,107040.0,0.0006,64.22399999999999
2025-10-18 01:50:13.625,107040.01,0.0028,299.712028
2025-10-18 01:50:14.338,107040.0,0.00875,936.6000000000001
2025-10-18 01:50:14.421,107040.01,0.00072,77.0688072
2025-10-18 01:50:14.516,107036.3,0.00015,16.055445
2025-10-18 01:50:14.527,107033.9,0.00018,19.266102
2025-10-18 01:50:15.317,107033.89,0.012,1284.40668
2025-10-18 01:50:15.525,107033.9,0.0001,10.70339
2025-10-18 01:50:15.829,107033.9,0.00011,11.773729
2025-10-18 01:50:16.090,107033.9,0.00671,718.197469
2025-10-18 01:50:16.217,107033.9,6e-05,6.422034
2025-10-18 01:50:16.434,107033.9,0.00933,998.6262869999999
2025-10-18 01:50:16.435,107033.9,0.00872,933.335608
2025-10-18 01:50:16.642,107033.9,0.0001,10.70339
2025-10-18 01:50:16.800,107033.9,0.00302,323.242378
2025-10-18 01:50:16.862,107033.9,0.01994,2134.2559659999997
2025-10-18 01:50:16.975,107033.9,0.00022,23.547458
2025-10-18 01:50:17.029,107033.89,0.012,1284.40668
2025-10-18 01:50:17.646,107033.9,0.0001,10.70339
2025-10-18 01:50:17.661,107033.9,0.05165,5528.300935
2025-10-18 01:50:17.730,107033.89,0.0002,21.406778
2025-10-18 01:50:18.005,107033.89,0.012,1284.40668
2025-10-18 01:50:18.121,107033.89,0.00164,175.5355796
2025-10-18 01:50:18.403,107033.9,0.00018,19.266102
2025-10-18 01:50:18.423,107033.9,0.00051,54.587289
2025-10-18 01:50:18.710,107033.89,0.012,1284.40668
2025-10-18 01:50:18.948,107033.89,0.012,1284.40668
2025-10-18 01:50:19.027,107033.89,0.012,1284.40668
2025-10-18 01:50:19.412,107033.9,0.0001,10.70339
2025-10-18 01:50:19.430,107033.9,0.00018,19.266102
2025-10-18 01:50:19.579,107033.9,0.00093,99.541527
2025-10-18 01:50:19.880,107033.89,0.049,5244.66061
2025-10-18 01:50:20.319,107033.9,6e-05,6.422034
2025-10-18 01:50:20.361,107033.89,0.012,1284.40668
2025-10-18 01:50:20.362,107033.89,0.012,1284.40668
2025-10-18 01:50:20.532,107033.9,0.00107,114.52627299999999
2025-10-18 01:50:20.632,107033.89,0.00062,66.3610118
2025-10-18 01:50:20.667,107033.89,0.012,1284.40668
2025-10-18 01:50:20.669,107033.89,0.012,1284.40668
2025-10-18 01:50:20.712,107033.89,0.00934,999.6965326
2025-10-18 01:50:21.171,107033.9,0.0001,10.70339
2025-10-18 01:50:21.569,107033.9,0.0001,10.70339
2025-10-18 01:50:21.577,107033.89,0.0001,10.703389
2025-10-18 01:50:22.271,107033.89,0.012,1284.40668
2025-10-18 01:50:22.277,107033.89,0.012,1284.40668
2025-10-18 01:50:22.294,107033.89,0.00017,18.1957613
2025-10-18 01:50:22.353,107033.89,0.00025,26.7584725
2025-10-18 01:50:22.380,107033.89,0.00034,36.3915226
2025-10-18 01:50:22.691,107033.9,0.0001,10.70339
2025-10-18 01:50:22.808,107033.89,0.42552,45545.0608728
2025-10-18 01:50:22.923,107033.9,0.028,2996.9492
2025-10-18 01:50:23.943,107033.9,0.0001,10.70339
2025-10-18 01:50:24.348,107033.89,0.00019,20.3364391
2025-10-18 01:50:24.744,107033.9,0.0001,10.70339
2025-10-18 01:50:24.807,107033.9,0.02097,2244.5008829999997
2025-10-18 01:50:25.110,107033.9,0.00373,399.23644699999994
2025-10-18 01:50:25.369,107033.89,6e-05,6.4220334
2025-10-18 01:50:25.501,107033.9,0.00028,29.969491999999995
2025-10-18 01:50:25.617,107033.9,0.00027,28.899153
2025-10-18 01:50:25.782,107033.9,0.0001,10.70339
2025-10-18 01:50:26.819,107033.9,0.0001,10.70339
2025-10-18 01:50:27.539,107033.9,9e-05,9.633051
2025-10-18 01:50:27.608,107033.9,0.0001,10.70339
2025-10-18 01:50:27.619,107033.89,0.00068,72.7830452
2025-10-18 01:50:27.784,107033.9,0.00057,61.009322999999995
2025-10-18 01:50:28.029,107033.9,0.41381,44291.698159
2025-10-18 01:50:28.707,107033.9,0.0001,10.70339
2025-10-18 01:50:28.743,107033.9,0.00024,25.688136
2025-10-18 01:50:28.870,107033.9,0.00029,31.039831
2025-10-18 01:50:29.219,107033.9,0.0001,10.70339
2025-10-18 01:50:29.343,107033.9,0.00019,20.336441
2025-10-18 01:50:29.369,107033.9,0.00015,16.055085
2025-10-18 01:50:29.438,107033.9,0.01869,2000.4635909999997
2025-10-18 01:50:29.511,107033.9,7e-05,7.492372999999999
2025-10-18 01:50:29.547,107033.9,0.00057,61.009322999999995
2025-10-18 01:50:29.662,107033.9,0.0001,10.70339
2025-10-18 01:50:29.722,107033.9,0.0001,10.70339
2025-10-18 01:50:30.787,107033.9,0.0001,10.70339
2025-10-18 01:50:30.828,107033.89,0.00031,33.1805059
2025-10-18 01:50:31.887,107033.9,0.0001,10.70339
2025-10-18 01:50:32.673,107033.9,0.0001,10.70339
2025-10-18 01:50:32.737,107033.89,7e-05,7.4923722999999995
2025-10-18 01:50:33.701,107033.9,0.0001,10.70339
2025-10-18 01:50:33.810,107033.89,6e-05,6.4220334
2025-10-18 01:50:34.432,107033.89,0.00165,176.6059185
2025-10-18 01:50:34.916,107033.89,0.00012,12.8440668
2025-10-18 01:50:35.103,107033.89,0.00303,324.31268670000003
2025-10-18 01:50:35.313,107033.89,0.00039,41.7432171
2025-10-18 01:50:35.396,107033.89,0.00059,63.149995100000005
2025-10-18 01:50:35.482,107033.9,0.0001,10.70339
2025-10-18 01:50:35.844,107033.89,0.00049,52.4466061
2025-10-18 01:50:36.354,107033.9,0.0001,10.70339
2025-10-18 01:50:36.424,107033.9,0.01813,1940.5246069999998
2025-10-18 01:50:36.918,107033.9,0.0001,10.70339
2025-10-18 01:50:37.282,107033.89,0.00013,13.914405699999998
2025-10-18 01:50:37.547,107033.9,0.0001,10.70339
2025-10-18 01:50:37.716,107033.89,0.00025,26.7584725
2025-10-18 01:50:38.593,107033.9,0.0001,10.70339
2025-10-18 01:50:38.947,107033.9,0.00301,322.172039
2025-10-18 01:50:39.538,107033.89,0.00102,109.1745678
2025-10-18 01:50:39.612,107033.9,0.0001,10.70339
2025-10-18 01:50:39.637,107033.9,6e-05,6.422034
2025-10-18 01:50:39.643,107033.9,0.00187,200.153393
2025-10-18 01:50:39.881,107033.89,0.00016,17.1254224
2025-10-18 01:50:40.058,107033.9,4e-05,4.281356
2025-10-18 01:50:40.095,107033.9,0.1835,19640.72065
2025-10-18 01:50:40.096,107034.62,0.0001,10.703462
2025-10-18 01:50:40.098,107035.15,0.0001,10.703515
2025-10-18 01:50:40.099,107035.55,6e-05,6.4221330000000005
2025-10-18 01:50:40.104,107035.55,0.00119,127.37230450000001
2025-10-18 01:50:40.107,107036.96,0.0275,2943.5164
2025-10-18 01:50:40.108,107036.61,0.00012,12.8443932
2025-10-18 01:50:40.112,107036.63,0.00035,37.4628205
2025-10-18 01:50:40.118,107036.96,0.00076,81.34808960000001
2025-10-18 01:50:40.121,107042.0,6e-05,6.4225200000000005
2025-10-18 01:50:40.122,107040.32,0.0001,10.704032000000002
2025-10-18 01:50:40.130,107042.81,0.0002,21.408562
2025-10-18 01:50:40.242,107043.87,0.00227,242.98958489999998
2025-10-18 01:50:40.690,107043.87,0.0001,10.704387
2025-10-18 01:50:41.242,107043.87,0.001,107.04387
2025-10-18 01:50:41.319,107043.87,0.00461,493.47224070000004
2025-10-18 01:50:41.779,107043.87,0.00161,172.3406307
2025-10-18 01:50:43.196,107043.87,0.00074,79.2124638
2025-10-18 01:50:43.301,107043.87,0.00136,145.5796632
2025-10-18 01:50:44.376,107043.86,0.0001,10.704386000000001
2025-10-18 01:50:44.564,107043.87,7e-05,7.493070899999999
2025-10-18 01:50:44.892,107043.86,0.00036,38.5357896
2025-10-18 01:50:46.362,107043.86,0.0003,32.113158
2025-10-18 01:50:47.174,107043.87,0.00025,26.7609675
2025-10-18 01:50:47.232,107043.86,8e-05,8.563508800000001
2025-10-18 01:50:48.622,107043.86,0.00046,49.2401756
2025-10-18 01:50:48.791,107043.86,0.0001,10.704386000000001
2025-10-18 01:50:50.073,107043.86,0.01149,1229.9339514
2025-10-18 01:50:50.242,107043.87,0.003,321.13160999999997
2025-10-18 01:50:50.862,107043.86,0.00037,39.6062282
2025-10-18 01:50:51.576,107043.86,7e-05,7.493070199999999
2025-10-18 01:50:52.023,107043.87,0.23957,25644.4999359
2025-10-18 01:50:52.024,107043.86,0.00086,92.0577196
2025-10-18 01:50:53.665,107043.87,0.00017,18.1974579
2025-10-18 01:50:53.825,107043.86,0.00117,125.2413162
2025-10-18 01:50:54.764,107043.86,0.00168,179.83368480000001
2025-10-18 01:50:56.028,107043.87,6e-05,6.4226322
2025-10-18 01:50:58.114,107043.86,0.00012,12.8452632
2025-10-18 01:50:58.534,107043.87,0.03406,3645.9142122
2025-10-18 01:50:58.538,107046.23,0.00035,37.4661805
2025-10-18 01:50:58.541,107046.79,0.1284,13744.807835999998
2025-10-18 01:50:58.542,107046.79,0.04156,4448.864592399999
2025-10-18 01:50:58.554,107046.79,0.00125,133.80848749999998
2025-10-18 01:50:58.603,107046.8,0.00229,245.137172
2025-10-18 01:50:58.609,107047.67,0.0016,171.276272
2025-10-18 01:50:58.615,107049.91,0.0008,85.63992800000001
2025-10-18 01:50:58.843,107049.92,0.00345,369.322224
2025-10-18 01:50:58.899,107049.92,0.00314,336.1367488
2025-10-18 01:50:58.901,107049.92,0.01899,2032.8779808
2025-10-18 01:50:58.902,107049.93,0.00065,69.5824545
2025-10-18 01:50:58.903,107056.09,0.00015,16.058413499999997
2025-10-18 01:50:59.368,107056.09,0.00013,13.917291699999998
2025-10-18 01:50:59.688,107056.09,0.016,1712.89744
2025-10-18 01:51:00.180,107056.1,0.0001,10.705610000000002
2025-10-18 01:51:00.240,107056.1,0.00025,26.764025000000004
2025-10-18 01:51:00.570,107056.1,0.02803,3000.782483
2025-10-18 01:51:00.977,107056.1,0.0001,10.705610000000002
2025-10-18 01:51:01.049,107056.1,0.00013,13.917292999999999
2025-10-18 01:51:01.718,107056.1,0.00056,59.951415999999995
2025-10-18 01:51:01.825,107056.1,0.0001,10.705610000000002
2025-10-18 01:51:02.111,107056.1,0.00934,999.903974
2025-10-18 01:51:02.510,107056.1,0.00025,26.764025000000004
2025-10-18 01:51:02.512,107056.1,0.04952,5301.418072
2025-10-18 01:51:02.565,107056.1,0.00074,79.221514
2025-10-18 01:51:02.585,107058.7,0.00098,104.917526
2025-10-18 01:51:02.663,107058.7,0.01029,1101.634023
2025-10-18 01:51:02.814,107058.7,0.0001,10.70587
2025-10-18 01:51:03.175,107058.69,0.19142,20493.1744398
2025-10-18 01:51:03.471,107058.69,5e-05,5.352934500000001
2025-10-18 01:51:03.496,107058.69,0.19736,21129.1030584
2025-10-18 01:51:03.758,107058.7,0.0001,10.70587
2025-10-18 01:51:03.770,107058.69,0.00015,16.0588035
2025-10-18 01:51:04.720,107058.7,0.0001,10.70587
2025-10-18 01:51:04.770,107058.7,0.00668,715.152116
2025-10-18 01:51:04.902,107058.7,0.00631,675.540397
2025-10-18 01:51:04.903,107058.7,0.00933,998.857671
2025-10-18 01:51:04.904,107058.7,0.028,2997.6436
2025-10-18 01:51:04.905,107058.7,0.028,2997.6436
2025-10-18 01:51:04.907,107058.7,0.00061,65.305807
2025-10-18 01:51:05.018,107058.7,0.00062,66.376394
2025-10-18 01:51:05.136,107058.7,0.01777,1902.433099
2025-10-18 01:51:07.247,107058.71,0.00011,11.776458100000001
2025-10-18 01:51:07.662,107058.7,0.00035,37.470545
2025-10-18 01:51:08.177,107058.7,0.00014,14.988217999999998
2025-10-18 01:51:08.417,107058.7,7.79704,834740.9662479999
2025-10-18 01:51:08.862,107058.7,0.01145,1225.822115
2025-10-18 01:51:09.331,107058.7,0.00113,120.97633099999999
2025-10-18 01:51:09.412,107058.7,0.0001,10.70587
2025-10-18 01:51:10.112,107058.69,0.00022,23.5529118
2025-10-18 01:51:10.409,107058.7,0.0001,10.70587
2025-10-18 01:51:11.243,107058.7,0.00179,191.63507299999998
2025-10-18 01:51:11.419,107058.7,0.0001,10.70587
2025-10-18 01:51:12.164,107058.69,0.00037,39.6117153
2025-10-18 01:51:12.433,107058.7,0.0001,10.70587
2025-10-18 01:51:12.754,107058.69,0.00011,11.7764559
2025-10-18 01:51:12.943,107058.7,0.00019,20.341153000000002
2025-10-18 01:51:13.553,107058.69,0.00934,999.9281646
2025-10-18 01:51:13.595,107058.7,0.007,749.4109
2025-10-18 01:51:13.641,107058.7,0.0001,10.70587
2025-10-18 01:51:13.840,107058.7,0.003,321.1761
2025-10-18 01:51:14.310,107058.7,0.00033,35.329371
2025-10-18 01:51:14.601,107058.69,0.00186,199.1291634
2025-10-18 01:51:14.629,107058.7,0.011,1177.6456999999998
2025-10-18 01:51:15.242,107058.7,0.001,107.0587
2025-10-18 01:51:15.324,107058.7,7e-05,7.494108999999999
2025-10-18 01:51:15.556,107058.7,0.0001,10.70587
2025-10-18 01:51:15.865,107058.7,0.00184,196.988008
2025-10-18 01:51:16.150,107058.69,0.00011,11.7764559
2025-10-18 01:51:16.472,107058.7,0.006,642.3522
2025-10-18 01:51:16.486,107058.7,0.00106,113.482222
2025-10-18 01:51:16.714,107058.69,0.00173,185.2115337
2025-10-18 01:51:16.724,107058.7,0.0001,10.70587
2025-10-18 01:51:16.970,107058.7,0.00794,850.0460779999999
2025-10-18 01:51:17.126,107058.69,0.00275,294.41139749999996
2025-10-18 01:51:17.191,107058.69,8e-05,8.564695200000001
2025-10-18 01:51:17.445,107058.7,0.0001,10.70587
2025-10-18 01:51:18.038,107058.69,0.00095,101.7057555
2025-10-18 01:51:18.632,107058.69,0.00015,16.0588035
2025-10-18 01:51:18.641,107058.7,0.0001,10.70587
2025-10-18 01:51:19.034,107058.69,0.00011,11.7764559
2025-10-18 01:51:19.662,107058.7,0.0001,10.70587
2025-10-18 01:51:20.670,107058.7,0.0001,10.70587
2025-10-18 01:51:20.773,107058.69,0.0467,4999.640823
2025-10-18 01:51:21.643,107058.7,0.0001,10.70587
2025-10-18 01:51:22.248,107058.69,8e-05,8.564695200000001
2025-10-18 01:51:22.509,107058.7,9e-05,9.635283000000001
2025-10-18 01:51:22.649,107058.7,0.0001,10.70587
2025-10-18 01:51:23.576,107058.7,6e-05,6.423522
2025-10-18 01:51:23.681,107058.7,0.00326,349.01136199999996
2025-10-18 01:51:23.684,107058.7,0.0001,10.70587
2025-10-18 01:51:24.663,107058.7,0.0001,10.70587
2025-10-18 01:51:24.716,107058.7,0.012,1284.7044
2025-10-18 01:51:24.718,107058.7,0.016,1712.9392
2025-10-18 01:51:25.045,107058.7,4e-05,4.282348
2025-10-18 01:51:25.087,107058.7,0.01,1070.587
2025-10-18 01:51:25.400,107058.7,0.004,428.2348
2025-10-18 01:51:25.650,107058.7,0.0001,10.70587
2025-10-18 01:51:25.924,107058.7,0.00172,184.140964
2025-10-18 01:51:26.849,107058.7,0.0001,10.70587
2025-10-18 01:51:27.213,107058.7,0.00019,20.341153000000002
2025-10-18 01:51:27.596,107058.69,0.00099,105.9881031
2025-10-18 01:51:27.619,107058.7,0.00119,127.39985300000001
2025-10-18 01:51:27.804,107058.7,0.0005,53.52935
2025-10-18 01:51:28.380,107058.7,0.0001,10.70587
2025-10-18 01:51:28.385,107058.7,0.00094,100.635178
2025-10-18 01:51:28.803,107058.7,0.014,1498.8218
2025-10-18 01:51:28.850,107058.7,0.0001,10.70587
2025-10-18 01:51:29.191,107058.69,0.00065,69.5881485
2025-10-18 01:51:29.378,107058.69,0.00102,109.19986380000002
2025-10-18 01:51:29.880,107058.7,0.0001,10.70587
2025-10-18 01:51:29.883,107058.7,0.00018,19.270566000000002
2025-10-18 01:51:30.405,107058.69,0.00165,176.6468385
2025-10-18 01:51:31.366,107058.7,0.0001,10.70587
2025-10-18 01:51:31.584,107058.69,0.00011,11.7764559
2025-10-18 01:51:31.628,107058.7,0.028,2997.6436
2025-10-18 01:51:32.434,107058.7,0.05933,6351.792671
2025-10-18 01:51:32.583,107058.69,0.00011,11.7764559
2025-10-18 01:51:32.590,107058.7,0.0001,10.70587
2025-10-18 01:51:33.104,107058.7,0.00341,365.07016699999997
2025-10-18 01:51:33.211,107058.7,0.00125,133.823375
2025-10-18 01:51:33.332,107058.69,7e-05,7.4941083
2025-10-18 01:51:33.339,107058.7,0.00105,112.41163499999999
2025-10-18 01:51:33.537,107058.7,0.0001,10.70587
2025-10-18 01:51:33.592,107058.7,0.00098,104.917526
2025-10-18 01:51:34.520,107058.7,0.0001,10.70587
2025-10-18 01:51:35.324,107058.7,0.00023,24.623501
2025-10-18 01:51:35.382,107058.7,0.00022,23.552914
2025-10-18 01:51:35.474,107058.7,0.0001,10.70587
2025-10-18 01:51:35.821,107058.7,4e-05,4.282348
2025-10-18 01:51:36.461,107058.7,0.0001,10.70587
2025-10-18 01:51:37.235,107058.69,0.00014,14.9882166
2025-10-18 01:51:37.654,107058.7,0.0001,10.70587
2025-10-18 01:51:38.218,107058.69,0.00041,43.8940629
2025-10-18 01:51:38.574,107058.7,0.028,2997.6436
2025-10-18 01:51:38.672,107058.7,0.0001,10.70587
2025-10-18 01:51:39.065,107058.69,0.00014,14.9882166
2025-10-18 01:51:39.324,107058.7,0.003,321.1761
2025-10-18 01:51:39.650,107058.7,0.0001,10.70587
2025-10-18 01:51:39.731,107058.7,7e-05,7.494108999999999
2025-10-18 01:51:39.843,107058.7,0.00059,63.164633
2025-10-18 01:51:40.022,107058.69,8e-05,8.564695200000001
2025-10-18 01:51:40.028,107058.7,0.025,2676.4675
2025-10-18 01:51:40.177,107058.7,0.0001,10.70587
2025-10-18 01:51:40.187,107058.7,0.00037,39.611719
2025-10-18 01:51:40.190,107058.69,0.00035,37.4705415
2025-10-18 01:51:40.641,107058.7,0.0001,10.70587
2025-10-18 01:51:41.244,107058.7,0.00059,63.164633
2025-10-18 01:51:42.320,107058.7,0.0001,10.70587
2025-10-18 01:51:42.524,107058.7,0.00012,12.847044
2025-10-18 01:51:42.618,107058.69,0.002,214.11738
2025-10-18 01:51:42.798,107058.7,0.0001,10.70587
2025-10-18 01:51:43.762,107058.7,0.0001,10.70587
2025-10-18 01:51:43.792,107058.7,0.00016,17.129392
2025-10-18 01:51:44.624,107058.7,9e-05,9.635283000000001
2025-10-18 01:51:44.777,107058.7,0.0001,10.70587
2025-10-18 01:51:45.339,107058.69,0.00023,24.623498700000003
2025-10-18 01:51:45.620,107058.69,0.00029,31.0470201
2025-10-18 01:51:45.746,107058.7,0.0001,10.70587
2025-10-18 01:51:46.720,107058.7,0.00079,84.576373
2025-10-18 01:51:46.962,107058.7,0.0001,10.70587
2025-10-18 01:51:47.287,107058.7,0.00093,99.56459100000001
2025-10-18 01:51:48.326,107058.69,0.00355,380.0583495
2025-10-18 01:51:48.420,107058.7,0.0001,10.70587
2025-10-18 01:51:49.276,107058.7,0.002,214.1174
2025-10-18 01:51:49.333,107058.7,0.00018,19.270566000000002
2025-10-18 01:51:50.025,107058.7,0.00025,26.764675
2025-10-18 01:51:50.161,107058.7,0.0001,10.70587
2025-10-18 01:51:50.438,107058.7,0.0001,10.70587
2025-10-18 01:51:50.531,107058.7,0.026,2783.5262
2025-10-18 01:51:50.852,107058.7,0.00728,779.387336
2025-10-18 01:51:51.452,107058.7,0.0001,10.70587
2025-10-18 01:51:51.932,107058.7,0.00083,88.858721
2025-10-18 01:51:52.177,107058.69,0.0022,235.529118
2025-10-18 01:51:52.513,107058.7,5e-05,5.352935
2025-10-18 01:51:53.165,107058.7,0.0001,10.70587
2025-10-18 01:51:53.347,107058.69,0.00011,11.7764559
2025-10-18 01:51:53.685,107058.69,0.0047,503.17584300000004
2025-10-18 01:51:54.150,107058.7,0.0001,10.70587
2025-10-18 01:51:55.020,107058.7,0.016,1712.9392
2025-10-18 01:51:55.069,107058.7,0.00028,29.976435999999996
2025-10-18 01:51:55.072,107058.7,0.0025,267.64675
2025-10-18 01:51:55.168,107058.7,0.0001,10.70587
2025-10-18 01:51:55.771,107058.7,0.001,107.0587
2025-10-18 01:51:55.819,107058.7,0.005,535.2935
2025-10-18 01:51:56.141,107058.7,0.0001,10.70587
2025-10-18 01:51:56.180,107058.7,0.001,107.0587
2025-10-18 01:51:56.185,107058.7,0.001,107.0587
2025-10-18 01:51:56.663,107058.7,0.004,428.2348
2025-10-18 01:51:57.087,107058.7,0.00335,358.646645
2025-10-18 01:51:57.221,107058.7,0.0001,10.70587
2025-10-18 01:51:57.310,107058.69,0.00335,358.6466115
2025-10-18 01:51:58.170,107058.7,0.0001,10.70587
2025-10-18 01:51:58.224,107058.7,0.02615,2799.585005
2025-10-18 01:51:58.336,107058.7,0.00018,19.270566000000002
2025-10-18 01:51:59.163,107058.7,0.0001,10.70587
2025-10-18 01:51:59.174,107058.7,5e-05,5.352935
2025-10-18 01:52:00.034,107058.7,0.00109,116.693983
2025-10-18 01:52:00.394,107058.7,0.0001,10.70587
2025-10-18 01:52:00.558,107058.7,0.005,535.2935
2025-10-18 01:52:00.669,107058.7,0.003,321.1761
2025-10-18 01:52:00.678,107058.7,0.013,1391.7631
2025-10-18 01:52:00.709,107058.7,0.007,749.4109
2025-10-18 01:52:00.775,107058.7,0.17723,18974.013401
2025-10-18 01:52:00.776,107058.7,2.07019,221631.850153
2025-10-18 01:52:00.778,107058.7,0.0971,10395.39977
2025-10-18 01:52:00.779,107060.01,0.0001,10.706001
2025-10-18 01:52:00.782,107069.4,0.00752,805.161888
2025-10-18 01:52:00.817,107072.94,0.0001,10.707294000000001
2025-10-18 01:52:01.300,107074.71,0.00017,18.2027007
2025-10-18 01:52:01.375,107074.71,0.0001,10.707471000000002
2025-10-18 01:52:01.515,107079.63,5e-05,5.353981500000001
2025-10-18 01:52:01.518,107081.99,6e-05,6.4249194
2025-10-18 01:52:01.715,107085.42,0.0001,10.708542
2025-10-18 01:52:01.835,107088.01,0.02988,3199.7897387999997
2025-10-18 01:52:01.987,107088.02,0.00024,25.701124800000002
2025-10-18 01:52:02.365,107088.01,0.00074,79.2451274
2025-10-18 01:52:02.381,107088.02,0.00281,300.9173362
2025-10-18 01:52:02.585,107088.01,0.00011,11.7796811
2025-10-18 01:52:02.648,107088.01,7e-05,7.496160699999999
2025-10-18 01:52:03.215,107097.59,0.00015,16.064638499999997
2025-10-18 01:52:04.179,107097.6,8e-05,8.567808000000001
2025-10-18 01:52:04.363,107097.6,0.0001,10.709760000000001
2025-10-18 01:52:04.885,107097.6,0.00023,24.632448000000004
2025-10-18 01:52:05.133,107097.6,0.00061,65.329536
2025-10-18 01:52:05.232,107097.6,0.00279,298.802304
2025-10-18 01:52:05.345,107097.59,0.00608,651.1533472
2025-10-18 01:52:05.516,107097.6,0.0002,21.419520000000002
2025-10-18 01:52:05.686,107097.6,0.0001,10.709760000000001
2025-10-18 01:52:06.308,107097.59,0.02334,2499.6577506
2025-10-18 01:52:06.416,107097.59,0.00014,14.993662599999999
2025-10-18 01:52:06.445,107097.6,0.0001,10.709760000000001
2025-10-18 01:52:06.576,107097.59,0.0001,10.709759
2025-10-18 01:52:07.454,107097.6,0.0001,10.709760000000001
2025-10-18 01:52:07.724,107097.59,0.00474,507.64257660000004
2025-10-18 01:52:07.783,107097.59,5e-05,5.3548795
2025-10-18 01:52:07.809,107097.59,0.0327,3502.0911929999997
2025-10-18 01:52:08.119,107097.6,0.00093,99.60076800000002
2025-10-18 01:52:08.448,107097.6,0.0001,10.709760000000001
2025-10-18 01:52:08.504,107097.6,0.00454,486.223104
2025-10-18 01:52:08.715,107101.94,0.00015,16.065291
2025-10-18 01:52:08.718,107101.95,6e-05,6.426117
2025-10-18 01:52:08.915,107104.43,0.0001,10.710443
2025-10-18 01:52:09.299,107107.12,0.01736,1859.3796032
2025-10-18 01:52:09.574,107107.13,0.0001,10.710713
2025-10-18 01:52:09.586,107107.12,0.00217,232.4224504
2025-10-18 01:52:10.113,107107.12,0.00034,36.416420800000004
2025-10-18 01:52:10.475,107107.12,0.0004,42.842848000000004
2025-10-18 01:52:12.135,107107.12,0.1,10710.712
2025-10-18 01:52:12.625,107107.13,8e-05,8.5685704
2025-10-18 01:52:13.832,107107.13,5e-05,5.3553565
2025-10-18 01:52:14.602,107107.13,0.00019,20.3503547
2025-10-18 01:52:15.574,107107.12,0.2,21421.424
2025-10-18 01:52:15.732,107107.13,0.00102,109.24927260000001
2025-10-18 01:52:16.001,107107.12,0.0028,299.89993599999997
2025-10-18 01:52:16.138,107107.13,0.00289,309.53960570000004
2025-10-18 01:52:16.624,107107.12,0.00018,19.2792816
2025-10-18 01:52:16.718,107107.13,0.0001,10.710713
2025-10-18 01:52:16.747,107107.13,7e-05,7.4974991
2025-10-18 01:52:16.818,107107.13,0.0001,10.710713
2025-10-18 01:52:16.971,107107.13,7e-05,7.4974991
2025-10-18 01:52:16.983,107107.13,0.00019,20.3503547
2025-10-18 01:52:17.076,107107.13,0.00038,40.7007094
2025-10-18 01:52:17.119,107107.13,0.00011,11.781784300000002
2025-10-18 01:52:17.171,107107.13,0.0001,10.710713
2025-10-18 01:52:17.375,107107.13,0.00039,41.7717807
2025-10-18 01:52:17.570,107107.13,0.00047,50.3403511
2025-10-18 01:52:18.024,107107.13,0.00029,31.061067700000002
2025-10-18 01:52:18.070,107107.13,0.00043,46.0560659
2025-10-18 01:52:18.724,107107.13,9e-05,9.6396417
2025-10-18 01:52:19.013,107107.13,0.00014,14.9949982
2025-10-18 01:52:19.509,107107.13,8e-05,8.5685704
2025-10-18 01:52:20.576,107107.13,0.0001,10.710713
2025-10-18 01:52:23.185,107107.13,0.00011,11.781784300000002
2025-10-18 01:52:23.586,107107.13,0.01461,1564.8351693
2025-10-18 01:52:23.892,107107.13,0.00011,11.781784300000002
2025-10-18 01:52:24.191,107107.13,0.00027,28.918925100000003
2025-10-18 01:52:24.884,107107.13,0.00448,479.8399424
2025-10-18 01:52:24.885,107107.13,0.00554,593.3735002
2025-10-18 01:52:25.285,107107.12,0.00051,54.6246312
2025-10-18 01:52:26.328,107107.12,0.00036,38.5585632
2025-10-18 01:52:26.515,107108.81,0.00403,431.64850429999996
2025-10-18 01:52:26.516,107114.0,0.0026,278.4964
2025-10-18 01:52:26.517,107117.82,0.00015,16.067673
2025-10-18 01:52:26.521,107117.84,6e-05,6.4270704
2025-10-18 01:52:26.526,107120.15,0.003,321.36045
2025-10-18 01:52:26.544,107124.22,0.0001,10.712422
2025-10-18 01:52:26.556,107124.22,0.00039,41.7784458
2025-10-18 01:52:26.573,107124.22,0.00894,957.6905268
2025-10-18 01:52:26.576,107124.22,0.00933,999.4689726
2025-10-18 01:52:26.593,107124.22,0.00934,1000.5402148
2025-10-18 01:52:26.596,107124.22,0.003,321.37266
2025-10-18 01:52:26.603,107124.22,0.00113,121.0503686
2025-10-18 01:52:27.019,107124.21,0.00022,23.567326200000004
2025-10-18 01:52:27.547,107124.21,0.00057,61.060799700000004
2025-10-18 01:52:27.606,107124.22,0.03058,3275.8586476
2025-10-18 01:52:27.722,107124.21,0.00046,49.277136600000006
2025-10-18 01:52:28.090,107124.22,0.028,2999.47816
2025-10-18 01:52:28.223,107124.22,0.00625,669.526375
2025-10-18 01:52:29.665,107124.22,0.00019,20.3536018
2025-10-18 01:52:32.632,107124.22,0.00094,100.69676679999999
2025-10-18 01:52:33.141,107124.22,0.028,2999.47816
2025-10-18 01:52:33.847,107124.22,0.003,321.37266
2025-10-18 01:52:33.942,107124.22,0.006,642.74532
2025-10-18 01:52:34.119,107124.22,0.019,2035.36018
2025-10-18 01:52:34.418,107124.21,9e-05,9.641178900000002
2025-10-18 01:52:34.517,107124.22,0.00016,17.139875200000002
2025-10-18 01:52:34.669,107124.21,0.0001,10.712421
2025-10-18 01:52:35.589,107124.22,0.14002,14999.5332844
2025-10-18 01:52:35.624,107124.21,8e-05,8.5699368
2025-10-18 01:52:35.798,107124.22,0.00092,98.5542824
2025-10-18 01:52:35.903,107124.21,0.00046,49.277136600000006
2025-10-18 01:52:35.962,107124.21,7e-05,7.4986947
2025-10-18 01:52:36.521,107124.21,0.00016,17.1398736
2025-10-18 01:52:36.538,107124.22,0.00897,960.9042534
2025-10-18 01:52:37.118,107124.22,0.00282,302.0903004
2025-10-18 01:52:37.469,107124.22,0.01869,2002.1516717999998
2025-10-18 01:52:38.020,107124.22,0.04376,4687.7558672000005
2025-10-18 01:52:40.115,107115.73,0.00015,16.0673595
2025-10-18 01:52:40.119,107115.72,6e-05,6.4269432
2025-10-18 01:52:40.944,107115.72,0.00024,25.7077728
2025-10-18 01:52:41.062,107115.73,0.00143,153.1754939
2025-10-18 01:52:41.064,107115.72,0.00049,52.486702799999996
2025-10-18 01:52:41.471,107115.72,0.00092,98.54646240000001
2025-10-18 01:52:41.573,107115.72,0.012,1285.3886400000001
2025-10-18 01:52:41.574,107115.72,0.012,1285.3886400000001
2025-10-18 01:52:41.716,107108.85,0.00015,16.0663275
2025-10-18 01:52:42.475,107108.84,0.007,749.76188
2025-10-18 01:52:42.476,107108.84,0.007,749.76188
2025-10-18 01:52:42.477,107108.84,0.007,749.76188
2025-10-18 01:52:43.250,107108.85,5e-05,5.3554425000000005
2025-10-18 01:52:43.888,107108.85,0.00397,425.2221345
2025-10-18 01:52:44.228,107108.85,0.00093,99.6112305
2025-10-18 01:52:44.369,107108.85,0.00238,254.91906300000002
2025-10-18 01:52:46.018,107108.84,8e-05,8.5687072
2025-10-18 01:52:46.219,107108.85,0.00018,19.279593000000002
2025-10-18 01:52:46.234,107108.85,8e-05,8.568708
2025-10-18 01:52:46.378,107108.85,0.00022,23.563947000000002
2025-10-18 01:52:47.428,107108.85,0.06068,6499.365018
2025-10-18 01:52:48.893,107108.85,0.09337,10000.7533245
2025-10-18 01:52:49.072,107108.84,0.00574,614.8047416
2025-10-18 01:52:50.967,107108.84,0.00074,79.2605416
2025-10-18 01:52:51.421,107108.85,0.0001,10.710885000000001
2025-10-18 01:52:51.577,107108.84,8e-05,8.5687072
2025-10-18 01:52:52.408,107108.84,0.00122,130.6727848
2025-10-18 01:52:52.868,107108.85,8e-05,8.568708
2025-10-18 01:52:53.091,107108.85,0.00161,172.44524850000002
2025-10-18 01:52:53.211,107108.85,0.00028,29.990478
2025-10-18 01:52:57.343,107108.85,0.00018,19.279593000000002
2025-10-18 01:52:57.715,107108.84,0.57866,61979.601354399994
2025-10-18 01:52:57.803,107108.85,0.00012,12.853062000000001
2025-10-18 01:52:59.120,107108.85,0.00068,72.83401800000001
2025-10-18 01:52:59.238,107108.85,0.05372,5753.887422
2025-10-18 01:52:59.699,107108.85,0.00011,11.781973500000001
2025-10-18 01:52:59.717,107108.84,0.01867,1999.7220427999998
2025-10-18 01:53:00.319,107108.84,0.00029,31.0615636
2025-10-18 01:53:01.392,107108.84,0.07546,8082.4330664
2025-10-18 01:53:01.403,107107.1,5e-05,5.355355
2025-10-18 01:53:01.473,107104.56,0.00372,398.4289632
2025-10-18 01:53:01.474,107104.55,0.0002,21.420910000000003
2025-10-18 01:53:01.487,107103.75,0.00211,225.9889125
2025-10-18 01:53:01.775,107102.43,0.00012,12.8522916
2025-10-18 01:53:02.190,107102.43,0.00018,19.2784374
2025-10-18 01:53:02.448,107102.43,0.00081,86.75296829999999
2025-10-18 01:53:03.576,107102.43,7e-05,7.497170099999999
2025-10-18 01:53:04.133,107102.42,0.00806,863.2455051999999
2025-10-18 01:53:04.564,107102.43,0.02937,3145.5983690999997
2025-10-18 01:53:04.594,107102.42,0.02856,3058.8451152
2025-10-18 01:53:04.958,107102.43,0.00033,35.343801899999995
2025-10-18 01:53:05.614,107102.42,0.00933,999.2655785999999
2025-10-18 01:53:06.790,107102.42,0.00116,124.2388072
2025-10-18 01:53:06.795,107099.89,0.00537,575.1264093
2025-10-18 01:53:06.798,107099.89,0.012,1285.19868
2025-10-18 01:53:06.815,107098.0,0.03293,3526.73714
2025-10-18 01:53:06.819,107096.68,0.00187,200.27079159999997
2025-10-18 01:53:07.927,107096.69,0.0001,10.709669
2025-10-18 01:53:08.707,107096.69,9e-05,9.638702100000001
2025-10-18 01:53:09.286,107096.68,0.01657,1774.5919876
2025-10-18 01:53:10.716,107090.92,0.00015,16.063637999999997
2025-10-18 01:53:10.720,107090.91,0.12368,13245.0037488
2025-10-18 01:53:11.287,107090.92,0.00021,22.4890932
2025-10-18 01:53:11.469,107090.91,0.012,1285.09092
2025-10-18 01:53:11.471,107090.89,0.0002,21.418178
2025-10-18 01:53:11.478,107090.37,0.0014,149.926518
2025-10-18 01:53:11.637,107090.36,0.012,1285.08432
2025-10-18 01:53:11.640,107090.36,0.012,1285.08432
2025-10-18 01:53:12.369,107090.36,0.00164,175.6281904
2025-10-18 01:53:12.410,107090.34,0.0001,10.709034
2025-10-18 01:53:12.880,107090.34,5e-05,5.354517
2025-10-18 01:53:13.138,107090.35,0.00013,13.9217455
2025-10-18 01:53:13.582,107090.34,0.00016,17.1344544
2025-10-18 01:53:13.901,107090.34,0.012,1285.08408
2025-10-18 01:53:13.902,107090.34,0.012,1285.08408
2025-10-18 01:53:13.903,107090.34,0.012,1285.08408
2025-10-18 01:53:14.226,107090.34,0.00093,99.5940162
2025-10-18 01:53:15.099,107090.35,0.00482,516.175487
2025-10-18 01:53:16.090,107090.34,7e-05,7.496323799999999
2025-10-18 01:53:16.495,107090.34,8e-05,8.5672272
2025-10-18 01:53:16.577,107090.34,8e-05,8.5672272
2025-10-18 01:53:16.791,107090.35,9e-05,9.638131500000002
2025-10-18 01:53:17.295,107090.35,0.18675,19999.1228625
2025-10-18 01:53:17.647,107090.35,0.00037,39.6234295
2025-10-18 01:53:18.292,107090.35,0.0001,10.709035000000002
2025-10-18 01:53:19.894,107090.35,0.0093,995.940255
2025-10-18 01:53:19.988,107090.35,0.00024,25.701684000000004
2025-10-18 01:53:20.111,107090.34,0.00248,265.5840432
2025-10-18 01:53:20.410,107090.34,0.00065,69.60872099999999
2025-10-18 01:53:20.980,107090.35,0.00578,618.9822230000001
2025-10-18 01:53:22.277,107090.35,0.00165,176.69907750000002
2025-10-18 01:53:22.418,107090.35,0.00083,88.8849905
2025-10-18 01:53:22.480,107090.35,0.00055,58.89969250000001
2025-10-18 01:53:24.810,107090.35,0.0034,364.10719
2025-10-18 01:53:26.531,107090.34,8e-05,8.5672272
2025-10-18 01:53:27.868,107090.35,7e-05,7.4963245
2025-10-18 01:53:28.315,107090.35,0.00056,59.970596
2025-10-18 01:53:28.331,107090.34,0.00397,425.14864979999993
2025-10-18 01:53:28.526,107090.35,0.02557,2738.3002495
2025-10-18 01:53:29.376,107090.35,0.00551,590.0678285
2025-10-18 01:53:29.858,107090.35,0.00093,99.59402550000001
2025-10-18 01:53:30.109,107090.35,0.00239,255.94593650000004
2025-10-18 01:53:30.569,107090.35,0.00102,109.23215700000002
2025-10-18 01:53:32.975,107090.34,0.00032,34.2689088
2025-10-18 01:53:33.257,107090.35,0.00244,261.300454
2025-10-18 01:53:35.202,107090.35,0.99915,106999.3232025
2025-10-18 01:53:37.030,107090.34,0.00044,47.1197496
2025-10-18 01:53:37.259,107090.34,0.00043,46.0488462
2025-10-18 01:53:37.422,107090.35,0.00426,456.20489100000003
2025-10-18 01:53:37.439,107090.35,0.00029,31.0562015
2025-10-18 01:53:37.620,107090.35,0.00055,58.89969250000001
2025-10-18 01:53:38.130,107090.34,0.00947,1014.1455197999999
2025-10-18 01:53:38.564,107090.35,0.00035,37.4816225
2025-10-18 01:53:38.957,107090.35,0.00058,62.112403
2025-10-18 01:53:41.569,107090.35,0.01308,1400.741778
2025-10-18 01:53:41.585,107090.35,0.10446,11186.657961
2025-10-18 01:53:41.599,107090.36,0.03948,4227.9274128
2025-10-18 01:53:41.601,107092.86,0.00135,144.57536100000002
2025-10-18 01:53:41.605,107092.86,0.0012,128.51143199999999
2025-10-18 01:53:41.612,107092.87,0.00145,155.28466149999997
2025-10-18 01:53:41.616,107093.92,0.0009,96.38452799999999
2025-10-18 01:53:41.652,107094.63,0.00454,486.2096202
2025-10-18 01:53:41.653,107094.64,0.00026,27.844606399999996
2025-10-18 01:53:41.654,107094.64,0.00025,26.77366
2025-10-18 01:53:41.655,107096.69,0.00019,20.3483711
2025-10-18 01:53:41.656,107097.25,0.0063,674.712675
2025-10-18 01:53:41.657,107097.25,6e-05,6.425835
2025-10-18 01:53:41.658,107097.25,0.00011,11.7806975
2025-10-18 01:53:41.659,107097.25,0.17283,18509.6177175
2025-10-18 01:53:41.660,107097.25,0.00061,65.3293225
2025-10-18 01:53:41.663,107100.0,0.01068,1143.828
2025-10-18 01:53:41.664,107100.0,0.28689,30725.918999999998
2025-10-18 01:53:41.666,107100.0,0.22819,24439.149
2025-10-18 01:53:41.668,107102.01,0.18756,20088.0529956
2025-10-18 01:53:44.970,107102.47,0.0001,10.710247
2025-10-18 01:53:45.696,107102.47,0.38771,41524.6986437
2025-10-18 01:53:45.719,107103.75,6e-05,6.4262250000000005
2025-10-18 01:53:46.606,107107.0,0.00011,11.78177
2025-10-18 01:53:46.945,107107.0,0.09251,9908.468569999999
2025-10-18 01:53:47.635,107107.0,0.00011,11.78177
2025-10-18 01:53:48.230,107107.0,0.00093,99.60951
2025-10-18 01:53:48.674,107107.0,0.00011,11.78177
2025-10-18 01:53:49.330,107106.99,0.00023,24.634607700000004
2025-10-18 01:53:49.736,107107.0,0.00011,11.78177
2025-10-18 01:53:49.814,107106.99,0.00549,588.0173751000001
2025-10-18 01:53:50.213,107107.0,7e-05,7.497489999999999
2025-10-18 01:53:50.951,107107.0,0.0003,32.132099999999994
2025-10-18 01:53:51.082,107107.0,0.00013,13.92391
2025-10-18 01:53:51.262,107107.0,0.00932,998.23724
2025-10-18 01:53:51.453,107107.0,0.00016,17.137120000000003
2025-10-18 01:53:51.532,107107.0,0.00011,11.78177
2025-10-18 01:53:51.577,107106.99,7e-05,7.4974893
2025-10-18 01:53:52.254,107106.99,0.24749,26507.9089551
2025-10-18 01:53:52.420,107106.99,0.00029,31.0610271
2025-10-18 01:53:52.564,107107.0,0.00011,11.78177
2025-10-18 01:53:52.975,107106.99,9e-05,9.6396291
2025-10-18 01:53:53.380,107107.0,0.00011,11.78177
2025-10-18 01:53:54.052,107106.89,0.0002,21.421378
2025-10-18 01:53:54.055,107104.7,0.0009,96.39423
2025-10-18 01:53:54.063,107102.87,0.012,1285.23444
2025-10-18 01:53:54.402,107102.88,0.00011,11.7813168
2025-10-18 01:53:54.488,107102.88,0.00016,17.136460800000002
2025-10-18 01:53:54.879,107102.87,0.00239,255.9758593
2025-10-18 01:53:55.116,107102.88,0.00038,40.69909440000001
2025-10-18 01:53:55.335,107102.87,0.00461,493.7442307
2025-10-18 01:53:55.341,107102.7,0.0011,117.81297
2025-10-18 01:53:55.344,107102.47,0.00015,16.0653705
2025-10-18 01:53:55.345,107102.46,0.00551,590.1345546
2025-10-18 01:53:55.349,107102.09,0.00101,108.1731109
2025-10-18 01:53:55.351,107102.09,0.012,1285.22508
2025-10-18 01:53:55.353,107102.09,0.00914,978.9131026
2025-10-18 01:53:55.354,107102.09,0.01079,1155.6315510999998
2025-10-18 01:53:55.356,107100.08,0.02286,2448.3078287999997
2025-10-18 01:53:55.358,107100.0,0.001,107.10000000000001
2025-10-18 01:53:55.361,107100.0,0.0003,32.129999999999995
2025-10-18 01:53:58.417,107100.0,0.012,1285.2
2025-10-18 01:53:58.737,107100.01,0.00069,73.89900689999999
2025-10-18 01:53:58.766,107100.0,0.012,1285.2
2025-10-18 01:53:58.767,107100.0,0.012,1285.2
2025-10-18 01:53:58.768,107100.0,0.012,1285.2
2025-10-18 01:53:59.084,107100.01,0.00149,159.5790149
2025-10-18 01:53:59.518,107100.0,7e-05,7.496999999999999
2025-10-18 01:53:59.615,107090.36,0.00015,16.063554
2025-10-18 01:53:59.732,107090.35,0.00154,164.919139
2025-10-18 01:53:59.916,107090.35,0.00019,20.347166500000004
2025-10-18 01:54:00.326,107090.35,0.012,1285.0842
2025-10-18 01:54:00.511,107090.35,0.00011,11.779938500000002
2025-10-18 01:54:00.817,107090.35,0.012,1285.0842
2025-10-18 01:54:00.818,107090.35,0.012,1285.0842
2025-10-18 01:54:00.819,107090.35,0.012,1285.0842
2025-10-18 01:54:01.129,107090.36,7e-05,7.496325199999999
2025-10-18 01:54:01.132,107090.36,0.00014,14.992650399999999
2025-10-18 01:54:01.379,107090.36,0.00836,895.2754096
2025-10-18 01:54:01.437,107090.36,0.0175,1874.0813000000003
2025-10-18 01:54:01.591,107090.36,0.00012,12.8508432
2025-10-18 01:54:01.718,107090.35,9e-05,9.638131500000002
2025-10-18 01:54:02.284,107090.35,0.00045,48.1906575
2025-10-18 01:54:03.173,107090.36,0.00082,87.8140952
2025-10-18 01:54:03.228,107087.5,6e-05,6.42525
2025-10-18 01:54:03.229,107076.39,0.01065,1140.3635535
2025-10-18 01:54:03.230,107069.06,0.048,5139.31488
2025-10-18 01:54:03.232,107060.54,0.16,17129.6864
2025-10-18 01:54:03.234,107060.54,6e-05,6.4236324
2025-10-18 01:54:03.235,107060.54,0.21341,22847.789841399997
2025-10-18 01:54:03.236,107055.83,0.00304,325.44972320000005
2025-10-18 01:54:03.237,107065.99,5e-05,5.3532995
2025-10-18 01:54:03.239,107053.64,0.02852,3053.1698128
2025-10-18 01:54:03.246,107053.64,0.02292,2453.6694288
2025-10-18 01:54:03.254,107053.42,0.0036,385.392312
2025-10-18 01:54:03.255,107053.42,0.0007,74.937394
2025-10-18 01:54:03.257,107053.42,0.0014,149.874788
2025-10-18 01:54:03.261,107053.42,0.40656,43523.638435199995
2025-10-18 01:54:03.265,107053.23,0.04668,4997.2447764
2025-10-18 01:54:03.268,107048.37,0.0025,267.620925
2025-10-18 01:54:03.282,107053.42,0.0001,10.705342
2025-10-18 01:54:03.283,107050.4,0.01868,1999.7014719999997
2025-10-18 01:54:03.284,107050.4,0.0007,74.93527999999999
2025-10-18 01:54:03.287,107050.4,0.22266,23835.842063999997
2025-10-18 01:54:03.288,107050.4,0.26121,27962.634983999997
2025-10-18 01:54:03.291,107046.45,0.00069,73.8620505
2025-10-18 01:54:03.292,107046.42,0.031,3318.43902
2025-10-18 01:54:03.294,107046.42,0.077,8242.57434
2025-10-18 01:54:03.295,107046.42,0.13084,14005.9535928
2025-10-18 01:54:03.303,107046.42,0.00764,817.8346488
2025-10-18 01:54:03.304,107050.0,0.00015,16.057499999999997
2025-10-18 01:54:03.316,107046.42,0.00689,737.5498338
2025-10-18 01:54:03.318,107046.43,5e-05,5.3523214999999995
2025-10-18 01:54:03.320,107046.42,0.012,1284.55704
2025-10-18 01:54:03.329,107044.9,5e-05,5.352245
2025-10-18 01:54:03.333,107044.0,8e-05,8.56352
2025-10-18 01:54:03.341,107044.01,0.003,321.13203
2025-10-18 01:54:03.343,107044.01,0.003,321.13203
2025-10-18 01:54:03.346,107044.0,0.00096,102.76224
2025-10-18 01:54:03.373,107042.81,0.00015,16.0564215
2025-10-18 01:54:03.380,107042.73,0.00934,999.7790981999999
2025-10-18 01:54:03.536,107043.4,0.00934,999.7853559999999
2025-10-18 01:54:03.538,107043.4,0.00925,990.1514499999998
2025-10-18 01:54:03.565,107043.41,0.00046,49.239968600000005
2025-10-18 01:54:03.593,107043.4,0.05306,5679.722804
2025-10-18 01:54:03.594,107043.4,0.02182,2335.686988
2025-10-18 01:54:03.624,107043.4,0.00297,317.91889799999996
2025-10-18 01:54:03.641,107043.4,0.00458,490.25877199999996
2025-10-18 01:54:03.656,107043.4,0.00046,49.239964
2025-10-18 01:54:03.661,107043.4,0.2237,23945.60858
2025-10-18 01:54:03.691,107043.3,0.00142,152.001486
2025-10-18 01:54:03.702,107043.3,0.00196,209.804868
2025-10-18 01:54:03.711,107042.98,0.06127,6558.523384599999
2025-10-18 01:54:03.714,107042.74,0.0002,21.408548000000003
2025-10-18 01:54:03.718,107042.0,0.00266,284.73172
2025-10-18 01:54:03.719,107040.51,0.00015,16.056076499999996
2025-10-18 01:54:03.721,107039.44,0.00116,124.16575040000001
2025-10-18 01:54:03.723,107039.44,0.03788,4054.6539872
2025-10-18 01:54:03.724,107039.44,0.00911,975.1292984
2025-10-18 01:54:03.725,107039.44,0.00095,101.687468
2025-10-18 01:54:03.726,107036.81,0.03833,4102.7209273
2025-10-18 01:54:03.729,107036.01,0.00015,16.0554015
2025-10-18 01:54:03.730,107034.0,0.00295,315.7503
2025-10-18 01:54:03.732,107033.89,0.25276,27053.8860364
2025-10-18 01:54:03.734,107032.0,0.0028,299.6896
2025-10-18 01:54:03.737,107031.21,0.00055,58.867165500000006
2025-10-18 01:54:03.739,107029.69,0.00593,634.6860617000001
2025-10-18 01:54:03.741,107029.52,0.00136,145.56014720000002
2025-10-18 01:54:03.743,107028.0,0.0028,299.6784
2025-10-18 01:54:03.746,107026.0,0.0382,4088.3932
2025-10-18 01:54:03.748,107026.0,0.00048,51.37248
2025-10-18 01:54:03.881,107026.01,0.00082,87.7613282
2025-10-18 01:54:04.213,107026.0,0.00047,50.30222
2025-10-18 01:54:04.352,107026.0,0.01,1070.26
2025-10-18 01:54:04.353,107026.0,0.005,535.13
2025-10-18 01:54:04.840,107026.0,0.005,535.13
2025-10-18 01:54:05.014,107026.0,0.00844,903.29944
2025-10-18 01:54:05.074,107026.01,0.0006,64.215606
2025-10-18 01:54:06.282,107026.01,0.02306,2468.0197906
2025-10-18 01:54:06.342,107026.01,0.01779,1903.9927179
2025-10-18 01:54:06.812,107026.01,0.00193,206.5601993
2025-10-18 01:54:07.132,107026.0,0.012,1284.3120000000001
2025-10-18 01:54:07.380,107026.0,7e-05,7.49182
2025-10-18 01:54:07.613,107026.01,0.00172,184.08473719999998
2025-10-18 01:54:08.120,107026.01,0.00047,50.3022247
2025-10-18 01:54:08.406,107026.01,0.00012,12.8431212
2025-10-18 01:54:08.475,107026.01,0.00022,23.5457222
2025-10-18 01:54:08.544,107026.01,0.00018,19.2646818
2025-10-18 01:54:09.305,107026.01,0.00032,34.2483232
2025-10-18 01:54:09.730,107026.01,0.028,2996.72828
2025-10-18 01:54:09.771,107031.09,0.00015,16.054663499999997
2025-10-18 01:54:13.176,107036.72,0.00373,399.2469656
2025-10-18 01:54:13.671,107036.71,0.0007,74.925697
2025-10-18 01:54:13.689,107036.72,0.00012,12.8444064
2025-10-18 01:54:14.948,107036.72,0.00022,23.5480784
2025-10-18 01:54:15.633,107036.71,0.0004,42.81468400000001
2025-10-18 01:54:15.990,107036.72,0.00186,199.08829920000002
2025-10-18 01:54:16.576,107036.71,9e-05,9.633303900000001
2025-10-18 01:54:17.083,107036.72,0.00187,200.1586664
2025-10-18 01:54:17.310,107036.72,0.0001,10.703672000000001
2025-10-18 01:54:17.519,107036.72,0.00167,178.75132240000002
2025-10-18 01:54:17.673,107036.72,0.00046,49.2368912
2025-10-18 01:54:17.789,107036.72,0.04562,4883.0151664
2025-10-18 01:54:18.067,107036.72,0.00082,87.7701104
2025-10-18 01:54:18.363,107036.72,0.0001,10.703672000000001
2025-10-18 01:54:18.404,107036.72,0.00011,11.7740392
2025-10-18 01:54:18.416,107036.72,0.0001,10.703672000000001
2025-10-18 01:54:18.563,107036.72,0.00374,400.3173328
2025-10-18 01:54:18.810,107036.72,0.028,2997.0281600000003
2025-10-18 01:54:18.818,107036.72,0.00015,16.055508
2025-10-18 01:54:18.819,107036.72,0.00057,61.0109304
2025-10-18 01:54:19.182,107036.72,0.0001,10.703672000000001
2025-10-18 01:54:19.548,107036.71,7e-05,7.4925697
2025-10-18 01:54:19.594,107036.72,0.00087,93.1219464
2025-10-18 01:54:19.918,107036.72,0.0012,128.444064
2025-10-18 01:54:19.958,107036.72,0.001,107.03672
2025-10-18 01:54:20.070,107036.72,0.00082,87.7701104
2025-10-18 01:54:20.543,107036.72,0.00892,954.7675424000001
2025-10-18 01:54:20.849,107036.71,0.00092,98.47377320000001
2025-10-18 01:54:21.069,107036.72,0.0001,10.703672000000001
2025-10-18 01:54:22.510,107036.72,0.028,2997.0281600000003
2025-10-18 01:54:22.512,107036.72,0.01194,1278.0184368
2025-10-18 01:54:22.514,107036.74,0.0002,21.407348000000002
2025-10-18 01:54:22.516,107036.9,0.00115,123.092435
2025-10-18 01:54:22.518,107038.76,9e-05,9.633488400000001
2025-10-18 01:54:22.526,107038.77,0.001,107.03877
2025-10-18 01:54:22.528,107039.66,5e-05,5.351983000000001
2025-10-18 01:54:23.544,107041.0,0.00011,11.774510000000001
2025-10-18 01:54:23.615,107043.82,5e-05,5.352191
2025-10-18 01:54:24.336,107048.22,0.00038,40.678323600000006
2025-10-18 01:54:24.385,107048.22,7e-05,7.4933754
2025-10-18 01:54:24.712,107048.21,0.00094,100.6253174
2025-10-18 01:54:25.514,107048.22,0.00047,50.3126634
2025-10-18 01:54:26.390,107048.22,0.00173,185.1934206
2025-10-18 01:54:27.558,107048.22,0.00047,50.3126634
2025-10-18 01:54:27.591,107048.21,0.0017,181.981957
2025-10-18 01:54:28.717,107048.22,0.00014,14.9867508
2025-10-18 01:54:30.984,107048.21,0.0002,21.409642
2025-10-18 01:54:31.151,107048.21,8e-05,8.563856800000002
2025-10-18 01:54:31.283,107048.22,0.00262,280.4663364
2025-10-18 01:54:32.536,107048.22,0.0169,1809.1149179999998
2025-10-18 01:54:32.561,107048.21,0.09342,10000.4437782
2025-10-18 01:54:32.808,107048.22,0.00087,93.1319514
2025-10-18 01:54:35.318,107048.22,0.00935,1000.9008570000001
2025-10-18 01:54:35.975,107048.22,0.0008,85.638576
2025-10-18 01:54:37.626,107048.22,0.00019,20.339161800000003
2025-10-18 01:54:40.186,107048.21,0.00018,19.268677800000003
2025-10-18 01:54:40.478,107048.22,0.00093,99.55484460000001
2025-10-18 01:54:40.839,107048.22,9e-05,9.634339800000001
2025-10-18 01:54:40.959,107048.22,0.1,10704.822
2025-10-18 01:54:41.455,107048.22,0.01401,1499.7455622
2025-10-18 01:54:42.132,107048.21,0.00018,19.268677800000003
2025-10-18 01:54:42.438,107048.22,0.00093,99.55484460000001
2025-10-18 01:54:43.943,107048.22,0.00187,200.1801714
2025-10-18 01:54:44.699,107048.21,0.012,1284.57852
2025-10-18 01:54:44.701,107048.21,0.012,1284.57852
2025-10-18 01:54:45.162,107048.21,0.012,1284.57852
2025-10-18 01:54:45.964,107048.22,0.01,1070.4822
2025-10-18 01:54:48.024,107048.22,0.00093,99.55484460000001
2025-10-18 01:54:48.073,107048.22,0.04408,4718.6855376
2025-10-18 01:54:48.837,107048.21,0.00534,571.6374414000001
2025-10-18 01:54:49.070,107048.22,0.00024,25.6915728
2025-10-18 01:54:50.482,107048.21,0.0047,503.12658700000003
2025-10-18 01:54:51.740,107048.22,0.00061,65.2994142
2025-10-18 01:54:52.146,107048.22,0.0001,10.704822
2025-10-18 01:54:52.151,107048.21,4e-05,4.281928400000001
2025-10-18 01:54:52.365,107048.22,0.03251,3480.1376321999996
2025-10-18 01:54:52.395,107048.22,0.00105,112.40063099999999
2025-10-18 01:54:52.512,107048.22,7e-05,7.4933754
2025-10-18 01:54:52.533,107048.22,0.01868,1999.6607496
2025-10-18 01:54:52.641,107048.22,7e-05,7.4933754
2025-10-18 01:54:52.678,107048.22,0.00013,13.916268599999999
2025-10-18 01:54:52.868,107048.22,7e-05,7.4933754
2025-10-18 01:54:53.269,107048.21,0.00029,31.0439809
2025-10-18 01:54:54.284,107048.22,7e-05,7.4933754
2025-10-18 01:54:54.637,107048.21,0.08735,9350.6611435
2025-10-18 01:54:54.957,107048.22,0.04698,5029.125375600001
2025-10-18 01:54:56.101,107048.22,0.00023,24.621090600000002
2025-10-18 01:54:56.583,107048.21,9e-05,9.634338900000001
2025-10-18 01:54:57.578,107048.22,0.00547,585.5537634
2025-10-18 01:54:57.741,107048.22,0.00192,205.5325824
2025-10-18 01:54:57.880,107048.22,0.00082,87.7795404
2025-10-18 01:54:58.067,107048.22,0.0017,181.98197399999998
2025-10-18 01:54:58.738,107048.22,0.00019,20.339161800000003
2025-10-18 01:54:58.765,107048.22,9e-05,9.634339800000001
2025-10-18 01:54:59.101,107048.22,0.01076,1151.8388472000001
2025-10-18 01:54:59.311,107048.21,0.00014,14.986749399999999
2025-10-18 01:54:59.670,107048.22,6e-05,6.4228932
2025-10-18 01:55:00.928,107048.22,0.028,2997.35016
2025-10-18 01:55:01.470,107048.22,0.08769,9387.0584118
2025-10-18 01:55:03.369,107048.22,0.00059,63.15844980000001
2025-10-18 01:55:03.524,107048.22,0.00194,207.67354680000003
2025-10-18 01:55:04.411,107048.22,0.00885,947.376747
2025-10-18 01:55:04.650,107048.22,0.00014,14.9867508
2025-10-18 01:55:04.901,107048.21,0.00015,16.0572315
2025-10-18 01:55:05.092,107048.22,0.00076,81.35664720000001
2025-10-18 01:55:05.282,107048.22,0.00162,173.4181164
2025-10-18 01:55:06.642,107048.22,0.00015,16.057233
2025-10-18 01:55:06.825,107048.22,9e-05,9.634339800000001
2025-10-18 01:55:07.148,107048.21,0.00033,35.3259093
2025-10-18 01:55:07.314,107048.21,0.00169,180.91147490000003
2025-10-18 01:55:07.315,107048.21,0.00021,22.4801241
2025-10-18 01:55:07.619,107048.22,0.0031,331.84948199999997
2025-10-18 01:55:07.666,107048.22,0.40592,43453.0134624
2025-10-18 01:55:07.668,107048.3,0.0001,10.704830000000001
2025-10-18 01:55:07.670,107051.75,6e-05,6.4231050000000005
2025-10-18 01:55:07.671,107052.5,0.00394,421.78685
2025-10-18 01:55:07.675,107055.0,6e-05,6.4233
2025-10-18 01:55:07.676,107055.33,0.01075,1150.8447975
2025-10-18 01:55:07.688,107055.33,0.01336,1430.2592088000001
2025-10-18 01:55:07.698,107056.8,0.0004,42.822720000000004
2025-10-18 01:55:07.700,107057.24,0.0001,10.705724000000002
2025-10-18 01:55:07.702,107058.12,0.003,321.17436
2025-10-18 01:55:07.703,107056.79,0.00025,26.764197499999998
2025-10-18 01:55:07.713,107059.51,0.17196,18409.9533396
2025-10-18 01:55:07.714,107062.74,0.00069,73.8732906
2025-10-18 01:55:07.758,107069.42,0.0001,10.706942
2025-10-18 01:55:07.828,107069.63,0.37345,39985.1533235
2025-10-18 01:55:07.880,107069.62,0.00112,119.91797439999998
2025-10-18 01:55:08.098,107069.62,0.16344,17499.4586928
2025-10-18 01:55:08.731,107069.71,0.0001,10.706971000000001
2025-10-18 01:55:08.747,107070.63,0.00188,201.29278440000002
2025-10-18 01:55:08.816,107074.87,5e-05,5.3537435
2025-10-18 01:55:11.026,107076.41,7e-05,7.495348699999999
2025-10-18 01:55:11.121,107076.41,0.03736,4000.3746776
2025-10-18 01:55:11.662,107076.42,0.00751,804.1439142
2025-10-18 01:55:11.665,107077.06,0.00015,16.061559
2025-10-18 01:55:11.673,107077.06,0.00189,202.3756434
2025-10-18 01:55:11.676,107077.07,0.00175,187.38487250000003
2025-10-18 01:55:11.683,107077.08,0.00165,176.677182
2025-10-18 01:55:11.686,107077.75,0.00076,81.37909
2025-10-18 01:55:12.058,107081.99,0.0001,10.708199
2025-10-18 01:55:13.055,107085.33,0.00558,597.5361414
2025-10-18 01:55:13.511,107085.33,0.08514,9117.2449962
2025-10-18 01:55:14.491,107085.33,0.00032,34.2673056
2025-10-18 01:55:15.591,107085.33,0.00011,11.7793863
2025-10-18 01:55:16.339,107085.33,7e-05,7.4959731
2025-10-18 01:55:17.206,107085.33,8e-05,8.5668264
2025-10-18 01:55:17.887,107085.34,0.028,2998.38952
2025-10-18 01:55:18.107,107085.34,0.01,1070.8534
2025-10-18 01:55:18.375,107085.34,0.0015,160.62801
2025-10-18 01:55:18.803,107085.34,0.005,535.4267
2025-10-18 01:55:18.828,107085.34,0.013,1392.10942
2025-10-18 01:55:19.192,107085.34,0.00031,33.1964554
2025-10-18 01:55:19.333,107085.33,0.00043,46.0466919
2025-10-18 01:55:21.849,107085.33,0.02997,3209.3473401
2025-10-18 01:55:22.535,107085.34,0.00016,17.1336544
2025-10-18 01:55:23.625,107085.33,0.00057,61.0386381
2025-10-18 01:55:23.983,107085.34,0.00023,24.6296282
2025-10-18 01:55:24.352,107085.34,0.00046,49.2592564
2025-10-18 01:55:24.685,107085.34,9e-05,9.6376806
2025-10-18 01:55:24.864,107085.34,5e-05,5.354267
2025-10-18 01:55:25.510,107085.34,0.00075,80.314005
2025-10-18 01:55:26.053,107085.34,0.0005,53.54267
2025-10-18 01:55:26.140,107085.34,0.00074,79.24315159999999
2025-10-18 01:55:26.526,107085.33,0.00041,43.9049853
2025-10-18 01:55:26.831,107085.34,0.00018,19.2753612
2025-10-18 01:55:26.877,107085.34,0.00082,87.8099788
2025-10-18 01:55:27.388,107085.34,0.00093,99.5893662
2025-10-18 01:55:27.397,107085.34,0.00337,360.8775958
2025-10-18 01:55:27.409,107085.33,0.03272,3503.8319976
2025-10-18 01:55:29.196,107085.34,0.0112,1199.355808
2025-10-18 01:55:30.027,107085.33,0.00021,22.4879193
2025-10-18 01:55:30.747,107085.34,0.00022,23.5587748
2025-10-18 01:55:31.575,107085.33,5e-05,5.3542665000000005
2025-10-18 01:55:32.286,107085.34,0.00023,24.6296282
2025-10-18 01:55:32.318,107085.33,0.04669,4999.8140577
2025-10-18 01:55:32.504,107085.34,0.00569,609.3155846
2025-10-18 01:55:32.584,107085.33,0.00011,11.7793863
2025-10-18 01:55:33.232,107085.34,5e-05,5.354267
2025-10-18 01:55:35.501,107085.34,0.01393,1491.6987861999999
2025-10-18 01:55:36.085,107085.34,8e-05,8.5668272
2025-10-18 01:55:36.503,107085.34,0.00047,50.330109799999995
2025-10-18 01:55:38.347,107085.34,0.00373,399.4283182
2025-10-18 01:55:38.431,107085.34,0.84046,90000.94485639999
2025-10-18 01:55:38.896,107085.34,0.00036,38.5507224
2025-10-18 01:55:39.147,107085.34,0.00022,23.5587748
2025-10-18 01:55:39.200,107085.34,0.00019,20.3462146
2025-10-18 01:55:39.256,107085.34,0.00012,12.8502408
2025-10-18 01:55:39.285,107085.34,9e-05,9.6376806
2025-10-18 01:55:41.672,107085.34,0.03676,3936.4570984
2025-10-18 01:55:42.066,107085.34,0.00012,12.8502408
2025-10-18 01:55:43.122,107085.33,0.00055,58.89693150000001
2025-10-18 01:55:43.575,107085.34,5e-05,5.354267
2025-10-18 01:55:45.603,107085.34,0.001,107.08534
2025-10-18 01:55:45.714,107085.34,0.00111,118.8647274
2025-10-18 01:55:46.029,107085.34,0.02385,2553.985359
2025-10-18 01:55:46.069,107085.34,0.005,535.4267
2025-10-18 01:55:47.310,107085.33,0.0001,10.708533000000001
2025-10-18 01:55:48.210,107085.34,0.00021,22.4879214
2025-10-18 01:55:48.978,107085.34,0.00046,49.2592564
2025-10-18 01:55:49.494,107085.34,0.00012,12.8502408
2025-10-18 01:55:50.440,107085.34,0.00013,13.921094199999999
2025-10-18 01:55:50.652,107085.33,0.00377,403.7116941
2025-10-18 01:55:50.767,107085.34,0.00072,77.1014448
2025-10-18 01:55:51.026,107085.33,0.01873,2005.7082309
2025-10-18 01:55:51.142,107085.33,0.00458,490.4508114
2025-10-18 01:55:51.487,107085.34,0.00093,99.5893662
2025-10-18 01:55:51.890,107085.33,0.00575,615.7406475
2025-10-18 01:55:52.109,107085.34,0.005,535.4267
2025-10-18 01:55:52.320,107085.34,9e-05,9.6376806
2025-10-18 01:55:52.382,107085.34,0.0001,10.708534
2025-10-18 01:55:52.485,107085.34,0.00093,99.5893662
2025-10-18 01:55:52.679,107085.34,5e-05,5.354267
2025-10-18 01:55:52.868,107085.34,7e-05,7.495973799999999
2025-10-18 01:55:52.870,107086.01,0.0001,10.708601
2025-10-18 01:55:52.875,107087.5,6e-05,6.42525
2025-10-18 01:55:52.877,107087.5,0.00055,58.898125
2025-10-18 01:55:52.915,107093.49,0.0001,10.709349000000001
2025-10-18 01:55:52.918,107096.83,6e-05,6.425809800000001
2025-10-18 01:55:53.032,107096.83,0.00022,23.5613026
2025-10-18 01:55:54.827,107096.82,0.00069,73.8968058
2025-10-18 01:55:55.020,107096.83,0.00093,99.60005190000001
2025-10-18 01:55:55.455,107096.82,7e-05,7.4967774
2025-10-18 01:55:56.162,107096.83,0.00934,1000.2843922
2025-10-18 01:55:58.825,107096.82,0.00033,35.341950600000004
2025-10-18 01:56:01.134,107096.83,0.00014,14.993556199999999
2025-10-18 01:56:01.588,107096.82,8e-05,8.567745600000002
2025-10-18 01:56:02.752,107096.83,0.00014,14.993556199999999
2025-10-18 01:56:03.559,107096.83,7e-05,7.496778099999999
2025-10-18 01:56:03.738,107096.83,0.00085,91.03230549999999
2025-10-18 01:56:04.181,107096.83,0.00047,50.3355101
2025-10-18 01:56:04.335,107096.82,0.00026,27.845173199999998
2025-10-18 01:56:05.207,107096.82,0.00039,41.7677598
2025-10-18 01:56:05.625,107096.83,4e-05,4.2838732
2025-10-18 01:56:05.666,107096.83,0.00808,865.3423864
2025-10-18 01:56:05.777,107096.83,0.001,107.09683
2025-10-18 01:56:08.777,107096.83,0.00081,86.74843229999999
2025-10-18 01:56:08.835,107096.83,0.00056,59.974224799999995
2025-10-18 01:56:09.081,107096.82,0.06629,7099.4481978
2025-10-18 01:56:09.162,107096.83,0.0677,7250.4553909999995
2025-10-18 01:56:09.575,107096.83,0.14741,15787.143710300003
2025-10-18 01:56:09.697,107096.82,0.00013,13.922586599999999
2025-10-18 01:56:10.107,107096.82,0.00052,55.690346399999996
2025-10-18 01:56:10.368,107096.83,0.02801,2999.7822083
2025-10-18 01:56:11.202,107096.83,5e-05,5.3548415
2025-10-18 01:56:12.092,107096.82,6e-05,6.425809200000001
2025-10-18 01:56:12.482,107096.82,0.00258,276.3097956
2025-10-18 01:56:12.742,107096.82,0.001,107.09682000000001
2025-10-18 01:56:13.232,107096.83,0.00644,689.7035852
2025-10-18 01:56:13.234,107096.82,0.001,107.09682000000001
2025-10-18 01:56:14.310,107096.83,0.00173,185.2775159
2025-10-18 01:56:15.732,107096.82,0.00046,49.26453720000001
2025-10-18 01:56:15.734,107096.83,0.00039,41.7677637
2025-10-18 01:56:15.913,107096.83,0.0002,21.419366
2025-10-18 01:56:16.007,107096.83,9e-05,9.638714700000001
2025-10-18 01:56:16.317,107096.83,0.00039,41.7677637
2025-10-18 01:56:16.417,107096.83,0.00047,50.3355101
2025-10-18 01:56:16.491,107096.83,0.0001,10.709683
2025-10-18 01:56:16.562,107096.83,0.00047,50.3355101
2025-10-18 01:56:16.569,107096.83,0.0001,10.709683
2025-10-18 01:56:16.582,107096.83,0.00131,140.2968473
2025-10-18 01:56:16.619,107096.83,0.0001,10.709683
2025-10-18 01:56:16.620,107096.83,0.00157,168.1420231
2025-10-18 01:56:16.662,107096.84,0.00014,14.993557599999999
2025-10-18 01:56:16.676,107096.84,0.0001,10.709684
2025-10-18 01:56:16.732,107096.84,7e-05,7.4967787999999995
2025-10-18 01:56:16.812,107096.84,0.00024,25.7032416
2025-10-18 01:56:16.937,107097.64,0.00129,138.1559556
2025-10-18 01:56:16.940,107097.64,6e-05,6.4258584
2025-10-18 01:56:16.962,107097.64,0.00094,100.6717816
2025-10-18 01:56:16.982,107097.64,0.00012,12.8517168
2025-10-18 01:56:17.015,107100.5,6e-05,6.42603
2025-10-18 01:56:17.018,107103.73,6e-05,6.4262238
2025-10-18 01:56:17.282,107103.73,0.00019,20.3497087
2025-10-18 01:56:17.463,107103.73,8e-05,8.5682984
2025-10-18 01:56:17.524,107103.72,0.08854,9482.9633688
2025-10-18 01:56:18.019,107103.73,7e-05,7.497261099999999
2025-10-18 01:56:18.021,107103.72,0.02801,2999.9751972
2025-10-18 01:56:18.132,107103.73,0.0001,10.710373
2025-10-18 01:56:18.161,107103.73,8e-05,8.5682984
2025-10-18 01:56:18.294,107103.73,0.04668,4999.602116399999
2025-10-18 01:56:18.525,107103.73,0.00094,100.6775062
2025-10-18 01:56:19.669,107103.73,0.00011,11.7814103
2025-10-18 01:56:19.822,107103.73,0.028,2998.90444
2025-10-18 01:56:19.968,107103.73,0.01867,1999.6266391
2025-10-18 01:56:20.565,107103.72,0.00014,14.994520799999998
2025-10-18 01:56:20.708,107103.72,7e-05,7.497260399999999
2025-10-18 01:56:21.098,107103.73,0.0001,10.710373
2025-10-18 01:56:22.074,107103.73,9e-05,9.6393357
2025-10-18 01:56:22.840,107103.72,0.00247,264.5461884
2025-10-18 01:56:24.165,107103.73,0.00186,199.2129378
2025-10-18 01:56:26.576,107103.72,6e-05,6.4262232
2025-10-18 01:56:26.773,107103.73,0.00933,999.2778009
2025-10-18 01:56:26.958,107103.72,0.04668,4999.6016496
2025-10-18 01:56:27.685,107103.72,0.00013,13.923483599999999
2025-10-18 01:56:27.936,107103.73,0.00046,49.2677158
2025-10-18 01:56:28.743,107103.72,0.00251,268.83033720000003
2025-10-18 01:56:29.435,107103.72,0.00043,46.054599599999996
2025-10-18 01:56:29.771,107103.73,0.00046,49.2677158
2025-10-18 01:56:29.970,107103.73,0.0003,32.131119
2025-10-18 01:56:30.515,107103.73,9e-05,9.6393357
2025-10-18 01:56:30.526,107103.73,0.028,2998.90444
2025-10-18 01:56:31.267,107103.73,0.00037,39.6283801
2025-10-18 01:56:32.052,107103.73,0.028,2998.90444
2025-10-18 01:56:32.157,107103.72,0.04359,4668.6511548
2025-10-18 01:56:33.017,107103.72,0.00084,89.96712480000001
2025-10-18 01:56:33.790,107103.73,0.0001,10.710373
2025-10-18 01:56:35.595,107103.72,0.09336,9999.2032992
2025-10-18 01:56:35.631,107103.73,0.022,2356.2820599999995
2025-10-18 01:56:35.774,107103.73,0.00046,49.2677158
2025-10-18 01:56:36.443,107103.73,0.006,642.62238
2025-10-18 01:56:36.448,107107.09,0.18524,19840.5173516
2025-10-18 01:56:36.449,107110.0,0.0026,278.486
2025-10-18 01:56:36.451,107111.62,5e-05,5.355581
2025-10-18 01:56:36.452,107112.63,5e-05,5.3556315
2025-10-18 01:56:36.453,107114.44,0.00747,800.1448668
2025-10-18 01:56:36.465,107115.45,0.0007,74.98081499999999
2025-10-18 01:56:36.491,107115.5,6e-05,6.4269300000000005
2025-10-18 01:56:36.503,107115.5,0.05288,5664.26764
2025-10-18 01:56:36.555,107120.0,0.01287,1378.6344
2025-10-18 01:56:37.335,107120.0,0.0001,10.712
2025-10-18 01:56:37.515,107120.0,9e-05,9.6408
2025-10-18 01:56:37.937,107120.0,0.00276,295.65119999999996
2025-10-18 01:56:38.067,107120.0,0.00084,89.9808
2025-10-18 01:56:38.068,107120.0,0.00074,79.2688
2025-10-18 01:56:38.085,107120.0,0.0033,353.496
2025-10-18 01:56:38.203,107120.0,0.00034,36.4208
2025-10-18 01:56:38.399,107119.99,0.00888,951.2255112000001
2025-10-18 01:56:38.606,107119.99,0.04334,4642.5803666
2025-10-18 01:56:38.611,107120.0,0.00401,429.55119999999994
2025-10-18 01:56:39.006,107119.99,0.00046,49.2751954
2025-10-18 01:56:39.252,107119.99,0.00824,882.6687176000002
2025-10-18 01:56:39.799,107119.99,7e-05,7.4983993
2025-10-18 01:56:40.821,107119.99,0.00137,146.7543863
2025-10-18 01:56:41.482,107119.99,0.00033,35.3495967
2025-10-18 01:56:41.755,107120.0,0.04667,4999.290400000001
2025-10-18 01:56:41.789,107119.99,0.0474,5077.487526
2025-10-18 01:56:42.314,107120.0,0.00031,33.2072
2025-10-18 01:56:42.782,107120.0,0.00075,80.34
2025-10-18 01:56:42.858,107120.0,0.00285,305.29200000000003
2025-10-18 01:56:42.912,107120.0,0.0028,299.936
2025-10-18 01:56:43.808,107120.0,0.00093,99.6216
2025-10-18 01:56:45.529,107120.0,0.00115,123.188
2025-10-18 01:56:45.865,107119.99,0.00213,228.1655787
2025-10-18 01:56:46.418,107120.0,0.00209,223.8808
2025-10-18 01:56:46.463,107120.0,7e-05,7.498399999999999
2025-10-18 01:56:46.759,107119.99,0.028,2999.3597200000004
2025-10-18 01:56:48.386,107119.99,0.01986,2127.4030014
2025-10-18 01:56:48.878,107120.0,0.00186,199.2432
2025-10-18 01:56:48.956,107119.99,0.00046,49.2751954
2025-10-18 01:56:49.586,107120.0,0.00152,162.82240000000002
2025-10-18 01:56:49.863,107120.0,0.00093,99.6216
2025-10-18 01:56:50.934,107120.0,9e-05,9.6408
2025-10-18 01:56:50.961,107120.0,0.0075,803.4
2025-10-18 01:56:51.821,107119.99,0.00557,596.6583443000001
2025-10-18 01:56:52.183,107119.99,5e-05,5.3559995
2025-10-18 01:56:52.382,107120.0,6e-05,6.4272
2025-10-18 01:56:52.472,107119.99,0.01969,2109.1926031
2025-10-18 01:56:52.942,107119.99,0.01214,1300.4366786
2025-10-18 01:56:53.053,107119.99,0.00014,14.9967986
2025-10-18 01:56:53.270,107120.0,0.00011,11.7832
2025-10-18 01:56:53.576,107119.99,0.09335,9999.6510665
2025-10-18 01:56:53.585,107120.0,0.00172,184.2464
2025-10-18 01:56:54.414,107120.0,0.00065,69.628
2025-10-18 01:56:54.922,107119.99,0.00068,72.8415932
2025-10-18 01:56:54.991,107119.99,0.00033,35.3495967
2025-10-18 01:56:56.089,107119.99,0.00025,26.7799975
2025-10-18 01:56:56.332,107120.0,0.00466,499.1792
2025-10-18 01:56:56.582,107119.99,9e-05,9.6407991
2025-10-18 01:56:56.591,107120.0,0.01234,1321.8608
2025-10-18 01:56:57.547,107119.99,0.00411,440.2631589
2025-10-18 01:56:57.768,107120.0,0.00014,14.996799999999999
2025-10-18 01:56:57.780,107119.99,0.00047,50.3463953
2025-10-18 01:56:58.347,107120.0,0.00025,26.78
2025-10-18 01:56:59.079,107119.99,0.00322,344.92636780000004
2025-10-18 01:56:59.813,107120.0,0.00321,343.8552
2025-10-18 01:56:59.860,107119.99,0.1867,19999.302133
2025-10-18 01:57:00.141,107120.0,0.02928,3136.4736000000003
2025-10-18 01:57:00.581,107120.0,0.0028,299.936
2025-10-18 01:57:01.094,107120.0,0.00016,17.139200000000002
2025-10-18 01:57:01.308,107120.0,0.00017,18.2104
2025-10-18 01:57:01.826,107120.0,0.0028,299.936
2025-10-18 01:57:01.883,107119.99,7e-05,7.4983993
2025-10-18 01:57:02.321,107120.0,0.0027,289.224
2025-10-18 01:57:02.684,107119.99,0.01112,1191.1742888
2025-10-18 01:57:02.766,107119.99,0.00012,12.8543988
2025-10-18 01:57:02.777,107120.0,0.00011,11.7832
2025-10-18 01:57:02.968,107120.0,0.0028,299.936
2025-10-18 01:57:03.001,107119.99,0.00019,20.3527981
2025-10-18 01:57:03.406,107120.0,0.00081,86.76719999999999
2025-10-18 01:57:03.766,107119.99,0.00065,69.6279935
2025-10-18 01:57:04.729,107120.0,0.00229,245.3048
2025-10-18 01:57:04.781,107119.99,0.00019,20.3527981
2025-10-18 01:57:05.361,107119.99,0.28005,29998.953199500003
2025-10-18 01:57:05.843,107119.99,0.0003,32.135996999999996
2025-10-18 01:57:06.010,107119.99,9e-05,9.6407991
2025-10-18 01:57:06.012,107120.0,0.00093,99.6216
2025-10-18 01:57:06.580,107120.0,0.00041,43.9192
2025-10-18 01:57:07.019,107120.0,0.00096,102.8352
2025-10-18 01:57:07.043,107120.0,0.00107,114.6184
2025-10-18 01:57:07.044,107120.0,0.00215,230.308
2025-10-18 01:57:07.045,107120.0,0.00246,263.5152
2025-10-18 01:57:07.046,107120.0,0.00215,230.308
2025-10-18 01:57:07.047,107120.0,0.00268,287.08160000000004
2025-10-18 01:57:07.048,107120.0,0.00374,400.62879999999996
2025-10-18 01:57:07.343,107119.99,0.00057,61.0583943
2025-10-18 01:57:07.383,107119.99,0.00034,36.4207966
2025-10-18 01:57:07.408,107120.0,0.00095,101.764
2025-10-18 01:57:07.809,107120.0,0.00099,106.0488
2025-10-18 01:57:07.982,107119.99,0.00098,104.97759020000001
2025-10-18 01:57:08.035,107120.0,7e-05,7.498399999999999
2025-10-18 01:57:08.119,107120.0,0.01494,1600.3728
2025-10-18 01:57:08.401,107119.99,0.00015,16.067998499999998
2025-10-18 01:57:08.502,107120.0,0.0023,246.376
2025-10-18 01:57:08.656,107119.99,0.00072,77.1263928
2025-10-18 01:57:09.279,107119.99,0.0029,310.647971
2025-10-18 01:57:10.829,107120.0,0.00116,124.2592
2025-10-18 01:57:10.843,107120.0,0.23058,24699.729600000002
2025-10-18 01:57:12.070,107119.99,0.00229,245.3047771
2025-10-18 01:57:12.075,107120.0,0.00041,43.9192
2025-10-18 01:57:12.141,107119.99,0.00016,17.1391984
2025-10-18 01:57:12.730,107119.99,0.00028,29.9935972
2025-10-18 01:57:13.800,107120.0,0.00136,145.6832
2025-10-18 01:57:14.387,107120.0,0.00011,11.7832
2025-10-18 01:57:14.535,107119.99,0.00993,1063.7015007
2025-10-18 01:57:14.665,107119.99,0.00333,356.70956670000004
2025-10-18 01:57:14.889,107120.0,0.00933,999.4295999999999
2025-10-18 01:57:14.925,107119.99,0.00047,50.3463953
2025-10-18 01:57:15.066,107120.0,0.00023,24.6376
2025-10-18 01:57:16.020,107119.99,0.28005,29998.953199500003
2025-10-18 01:57:16.266,107120.0,0.13069,13999.5128
2025-10-18 01:57:16.444,107120.0,0.00142,152.1104
2025-10-18 01:57:16.607,107120.0,0.2512,26908.543999999998
2025-10-18 01:57:17.024,107119.99,0.00013,13.9255987
2025-10-18 01:57:17.618,107120.0,0.00099,106.0488
2025-10-18 01:57:17.939,107120.0,0.00016,17.139200000000002
2025-10-18 01:57:18.222,107120.0,0.0005,53.56
2025-10-18 01:57:19.906,107120.0,0.00932,998.3584
2025-10-18 01:57:19.907,107120.0,0.00932,998.3584
2025-10-18 01:57:19.924,107120.0,0.02764,2960.7968
2025-10-18 01:57:20.560,107120.0,6e-05,6.4272
2025-10-18 01:57:21.958,107120.0,0.00028,29.993599999999997
2025-10-18 01:57:23.019,107119.99,0.00012,12.8543988
2025-10-18 01:57:24.182,107120.0,0.00018,19.2816
2025-10-18 01:57:24.933,107120.0,0.00322,344.9264
2025-10-18 01:57:26.576,107119.99,0.0001,10.711999
2025-10-18 01:57:26.882,107120.0,0.00049,52.4888
2025-10-18 01:57:28.242,107120.0,0.00046,49.2752
2025-10-18 01:57:28.268,107119.99,4e-05,4.2847996
2025-10-18 01:57:28.275,107120.0,0.00116,124.2592
2025-10-18 01:57:28.412,107120.0,0.0001,10.712
2025-10-18 01:57:28.763,107120.0,0.02987,3199.6744
2025-10-18 01:57:29.218,107120.0,0.00091,97.4792
2025-10-18 01:57:29.272,107120.0,0.00014,14.996799999999999
2025-10-18 01:57:29.624,107120.0,0.00023,24.6376
2025-10-18 01:57:30.098,107120.0,0.00933,999.4295999999999
2025-10-18 01:57:31.070,107120.0,0.00019,20.352800000000002
2025-10-18 01:57:31.286,107120.0,0.00894,957.6528
2025-10-18 01:57:31.971,107120.0,0.00093,99.6216
2025-10-18 01:57:32.177,107120.0,0.00023,24.6376
2025-10-18 01:57:32.499,107120.0,0.00029,31.0648
2025-10-18 01:57:33.027,107119.99,0.003,321.35997000000003
2025-10-18 01:57:34.025,107119.99,0.00053,56.773594700000004
2025-10-18 01:57:34.482,107120.0,0.00012,12.8544
2025-10-18 01:57:36.672,107120.0,7e-05,7.498399999999999
2025-10-18 01:57:37.191,107120.0,0.00018,19.2816
2025-10-18 01:57:38.280,107120.0,8e-05,8.569600000000001
2025-10-18 01:57:38.891,107119.99,0.00326,349.2111674
2025-10-18 01:57:39.523,107119.99,0.03417,3660.2900583
2025-10-18 01:57:40.899,107119.99,0.0001,10.711999
2025-10-18 01:57:41.292,107119.99,0.00049,52.488795100000004
2025-10-18 01:57:42.089,107119.99,0.04014,4299.7963986
2025-10-18 01:57:42.334,107119.99,4e-05,4.2847996
2025-10-18 01:57:43.576,107119.99,0.00186,199.24318140000003
2025-10-18 01:57:44.469,107120.0,0.00051,54.63120000000001
2025-10-18 01:57:44.549,107120.0,4e-05,4.284800000000001
2025-10-18 01:57:44.766,107120.0,0.01112,1191.1743999999999
2025-10-18 01:57:44.898,107120.0,0.00061,65.3432
2025-10-18 01:57:46.103,107119.99,0.0804,8612.447196000001
2025-10-18 01:57:47.144,107119.99,0.00033,35.3495967
2025-10-18 01:57:48.038,107120.0,0.028,2999.36
2025-10-18 01:57:48.326,107119.99,0.00012,12.8543988
2025-10-18 01:57:48.689,107119.99,0.158,16924.958420000003
2025-10-18 01:57:49.784,107119.99,0.00084,89.9807916
2025-10-18 01:57:49.987,107119.99,0.06446,6904.954555400001
2025-10-18 01:57:50.051,107120.0,0.00247,264.58639999999997
2025-10-18 01:57:50.061,107120.0,0.00567,607.3704
2025-10-18 01:57:50.180,107120.0,0.00016,17.139200000000002
2025-10-18 01:57:50.621,107119.99,0.0004,42.847996
2025-10-18 01:57:51.012,107119.99,0.00332,355.63836680000003
2025-10-18 01:57:51.176,107120.0,0.02091,2239.8792000000003
2025-10-18 01:57:51.562,107120.0,0.01628,1743.9135999999999
2025-10-18 01:57:52.022,107119.99,0.08437,9037.713556300001
2025-10-18 01:57:52.531,107119.99,0.0139,1488.967861
2025-10-18 01:57:52.548,107119.99,0.00542,580.5903458
2025-10-18 01:57:52.648,107119.99,0.00132,141.3983868
2025-10-18 01:57:52.690,107119.99,0.06298,6746.4169702
2025-10-18 01:57:53.542,107120.0,0.00011,11.7832
2025-10-18 01:57:55.530,107119.99,0.00947,1014.4263053
2025-10-18 01:57:55.768,107120.0,0.01,1071.2
2025-10-18 01:57:55.785,107120.0,0.003,321.36
2025-10-18 01:57:56.081,107120.0,9e-05,9.6408
2025-10-18 01:57:56.130,107120.0,0.00868,929.8016
2025-10-18 01:57:56.947,107119.99,0.00054,57.8447946
2025-10-18 01:57:57.220,107120.0,0.001,107.12
2025-10-18 01:57:57.231,107120.0,0.002,214.24
2025-10-18 01:57:57.422,107120.0,0.012,1285.44
2025-10-18 01:57:58.055,107120.0,0.00474,507.7488
2025-10-18 01:57:58.229,107119.99,0.00058,62.12959420000001
2025-10-18 01:57:59.770,107120.0,0.00041,43.9192
2025-10-18 01:58:00.537,107119.99,0.0617,6609.303383
2025-10-18 01:58:00.545,107120.0,0.00018,19.2816
2025-10-18 01:58:01.167,107119.99,0.06993,7490.900900700001
2025-10-18 01:58:01.258,107120.0,0.00019,20.352800000000002
2025-10-18 01:58:01.976,107120.0,0.00011,11.7832
2025-10-18 01:58:02.462,107120.0,0.00098,104.9776
2025-10-18 01:58:02.490,107120.0,0.00105,112.476
2025-10-18 01:58:02.838,107120.0,0.003,321.36
2025-10-18 01:58:03.390,107119.99,0.00025,26.7799975
2025-10-18 01:58:03.853,107120.0,0.003,321.36
2025-10-18 01:58:05.027,107120.0,0.009,964.0799999999999
2025-10-18 01:58:05.085,107120.0,0.00933,999.4295999999999
2025-10-18 01:58:05.148,107120.0,0.00933,999.4295999999999
2025-10-18 01:58:05.162,107120.0,0.00933,999.4295999999999
2025-10-18 01:58:05.172,107120.0,0.00506,542.0272
2025-10-18 01:58:05.547,107120.0,0.022,2356.64
2025-10-18 01:58:05.660,107119.99,0.07284,7802.6200716
2025-10-18 01:58:05.754,107120.0,0.00042,44.9904
2025-10-18 01:58:05.915,107124.64,0.00015,16.068696
2025-10-18 01:58:05.918,107124.65,6e-05,6.427479
2025-10-18 01:58:05.938,107126.41,0.00811,868.7951850999999
2025-10-18 01:58:05.950,107126.42,0.00049,52.491945799999996
2025-10-18 01:58:06.015,107129.75,6e-05,6.427785
2025-10-18 01:58:06.081,107131.44,0.05,5356.572
2025-10-18 01:58:06.576,107131.44,8e-05,8.570515200000001
2025-10-18 01:58:06.762,107131.44,0.00055,58.922292000000006
2025-10-18 01:58:07.497,107131.45,0.0017,182.12346499999998
2025-10-18 01:58:07.584,107131.45,0.00018,19.283661000000002
2025-10-18 01:58:07.708,107131.45,0.0001,10.713145
2025-10-18 01:58:08.284,107131.45,0.00025,26.7828625
2025-10-18 01:58:08.575,107131.45,5e-05,5.3565725
2025-10-18 01:58:08.687,107131.44,0.00076,81.4198944
2025-10-18 01:58:09.237,107131.44,0.00466,499.2325104
2025-10-18 01:58:09.417,107131.44,0.00464,497.0898816
2025-10-18 01:58:09.519,107131.44,0.00943,1010.2494791999999
2025-10-18 01:58:09.735,107131.45,9e-05,9.641830500000001
2025-10-18 01:58:09.937,107131.44,0.00012,12.8557728
2025-10-18 01:58:10.054,107131.45,0.00113,121.05853849999998
2025-10-18 01:58:10.328,107131.46,0.0004,42.85258400000001
2025-10-18 01:58:10.330,107131.47,0.00287,307.4673189
2025-10-18 01:58:10.332,107132.0,0.00612,655.64784
2025-10-18 01:58:10.334,107132.0,0.00094,100.70407999999999
2025-10-18 01:58:10.336,107134.01,0.00025,26.7835025
2025-10-18 01:58:10.339,107135.99,0.0033,353.548767
2025-10-18 01:58:10.341,107134.01,0.0004,42.853604
2025-10-18 01:58:10.531,107134.0,0.27953,29947.16702
2025-10-18 01:58:10.566,107134.01,0.00011,11.7847411
2025-10-18 01:58:10.585,107134.0,0.06169,6609.09646
2025-10-18 01:58:11.028,107136.01,0.0001,10.713601
2025-10-18 01:58:11.518,107137.79,0.00444,475.6917876
2025-10-18 01:58:11.668,107137.79,0.02322,2487.7394838
2025-10-18 01:58:11.695,107137.79,0.07284,7803.9166236
2025-10-18 01:58:12.021,107137.8,4e-05,4.285512000000001
2025-10-18 01:58:12.055,107137.8,0.0001,10.713780000000002
2025-10-18 01:58:12.430,107137.8,9e-05,9.642402
2025-10-18 01:58:13.075,107137.8,0.0001,10.713780000000002
2025-10-18 01:58:13.838,107137.8,0.00038,40.712364
2025-10-18 01:58:13.871,107137.8,0.0001,10.713780000000002
2025-10-18 01:58:13.918,107137.8,0.00081,86.781618
2025-10-18 01:58:13.980,107137.8,0.00117,125.35122600000001
2025-10-18 01:58:13.981,107137.8,0.00117,125.35122600000001
2025-10-18 01:58:13.982,107137.8,0.00058,62.139924
2025-10-18 01:58:13.983,107137.8,0.00058,62.139924
2025-10-18 01:58:14.032,107137.8,0.00081,86.781618
2025-10-18 01:58:14.033,107137.8,0.00035,37.49823
2025-10-18 01:58:14.034,107137.8,0.00035,37.49823
2025-10-18 01:58:14.035,107137.8,0.00035,37.49823
2025-10-18 01:58:14.147,107137.8,0.00122,130.708116
2025-10-18 01:58:14.148,107137.8,0.00192,205.704576
2025-10-18 01:58:14.215,107142.16,0.00752,805.7090432
2025-10-18 01:58:14.297,107145.91,0.1,10714.591
2025-10-18 01:58:14.548,107145.91,0.00017,18.214804700000002
2025-10-18 01:58:14.846,107145.91,0.0081,867.8818709999999
2025-10-18 01:58:14.991,107145.91,0.009,964.31319
2025-10-18 01:58:15.080,107145.92,0.002,214.29184
2025-10-18 01:58:15.322,107145.92,0.026,2785.7939199999996
2025-10-18 01:58:15.432,107145.92,0.00082,87.8596544
2025-10-18 01:58:15.533,107145.91,0.00022,23.5721002
2025-10-18 01:58:15.637,107145.92,0.0012,128.57510399999998
2025-10-18 01:58:16.432,107145.92,0.0001,10.714592
2025-10-18 01:58:16.441,107145.92,0.00047,50.358582399999996
2025-10-18 01:58:16.618,107145.92,0.00014,15.000428799999998
2025-10-18 01:58:16.625,107145.92,0.00094,100.71716479999999
2025-10-18 01:58:16.670,107145.92,0.00019,20.3577248
2025-10-18 01:58:16.685,107145.92,0.00012,12.8575104
2025-10-18 01:58:16.762,107145.92,0.00028,30.000857599999996
2025-10-18 01:58:16.839,107145.92,0.0001,10.714592
2025-10-18 01:58:17.040,107145.92,0.028,3000.08576
2025-10-18 01:58:17.579,107145.92,0.00013,13.928969599999999
2025-10-18 01:58:17.725,107145.92,0.00011,11.786051200000001
2025-10-18 01:58:17.738,107145.91,0.00022,23.5721002
2025-10-18 01:58:17.791,107145.92,0.0001,10.714592
2025-10-18 01:58:18.070,107145.92,7e-05,7.500214399999999
2025-10-18 01:58:18.138,107145.92,0.00047,50.358582399999996
2025-10-18 01:58:18.338,107145.92,0.00094,100.71716479999999
2025-10-18 01:58:18.490,107145.92,0.0001,10.714592
2025-10-18 01:58:18.617,107145.91,0.00021,22.500641100000003
2025-10-18 01:58:18.725,107145.92,0.00047,50.358582399999996
2025-10-18 01:58:19.008,107145.92,0.00037,39.6439904
2025-10-18 01:58:19.071,107145.91,0.00488,522.8720408
2025-10-18 01:58:20.580,107145.91,0.004,428.58364
2025-10-18 01:58:20.642,107145.92,0.00192,205.7201664
2025-10-18 01:58:20.815,107155.21,0.00015,16.0732815
2025-10-18 01:58:21.129,107155.21,0.00021,22.502594100000003
2025-10-18 01:58:22.625,107155.22,0.00054,57.863818800000004
2025-10-18 01:58:22.775,107155.22,8e-05,8.572417600000001
2025-10-18 01:58:23.648,107155.22,0.08215,8802.801323
2025-10-18 01:58:23.774,107155.21,0.06495,6959.7308895
2025-10-18 01:58:24.013,107155.22,0.00094,100.7259068
2025-10-18 01:58:24.419,107155.21,0.00019,20.359489900000003
2025-10-18 01:58:24.788,107155.21,0.00064,68.57933440000001
2025-10-18 01:58:24.835,107155.22,0.02833,3035.7073826
2025-10-18 01:58:25.777,107155.21,6e-05,6.4293126
2025-10-18 01:58:25.843,107155.21,0.00543,581.8527903
2025-10-18 01:58:25.881,107155.21,0.00011,11.7870731
2025-10-18 01:58:25.966,107155.22,0.00023,24.6457006
2025-10-18 01:58:25.982,107155.22,0.0001,10.715522
2025-10-18 01:58:26.389,107155.22,0.00018,19.2879396
2025-10-18 01:58:26.610,107155.21,5e-05,5.3577605
2025-10-18 01:58:26.748,107155.21,0.00023,24.645698300000003
2025-10-18 01:58:26.846,107155.22,0.00047,50.3629534
2025-10-18 01:58:27.085,107155.22,6e-05,6.4293132
2025-10-18 01:58:27.659,107155.21,0.00035,37.504323500000005
2025-10-18 01:58:28.894,107155.22,9e-05,9.6439698
2025-10-18 01:58:29.001,107155.22,0.00389,416.8338058
2025-10-18 01:58:29.166,107155.22,0.00262,280.7466764
2025-10-18 01:58:29.340,107156.0,0.0028,300.03679999999997
2025-10-18 01:58:29.341,107156.02,5e-05,5.357801
2025-10-18 01:58:29.415,107162.81,0.0001,10.716281
2025-10-18 01:58:29.843,107165.94,0.06498,6963.6427812
2025-10-18 01:58:30.110,107165.95,0.00238,255.05496100000002
2025-10-18 01:58:30.416,107165.95,0.00374,400.80065299999995
2025-10-18 01:58:30.715,107170.99,5e-05,5.3585495000000005
2025-10-18 01:58:30.740,107176.67,0.00468,501.5868156
2025-10-18 01:58:30.930,107176.67,0.12783,13700.3937261
2025-10-18 01:58:31.017,107176.66,0.00023,24.650631800000003
2025-10-18 01:58:31.207,107176.66,0.00045,48.229497
2025-10-18 01:58:31.290,107176.67,0.00031,33.2247677
2025-10-18 01:58:31.320,107176.66,0.00018,19.291798800000002
2025-10-18 01:58:31.717,107176.66,0.02635,2824.1049909999997
2025-10-18 01:58:33.079,107176.67,0.001,107.17667
2025-10-18 01:58:33.153,107176.66,0.00181,193.9897546
2025-10-18 01:58:33.191,107176.67,0.00108,115.7508036
2025-10-18 01:58:33.246,107176.67,0.00067,71.8083689
2025-10-18 01:58:33.354,107176.67,0.02597,2783.3781199
2025-10-18 01:58:34.452,107176.67,0.00249,266.8699083
2025-10-18 01:58:34.514,107176.68,0.00241,258.29579879999994
2025-10-18 01:58:34.715,107176.69,0.00135,144.6885315
2025-10-18 01:58:35.073,107177.25,0.001,107.17725
2025-10-18 01:58:35.223,107177.25,0.00094,100.74661499999999
2025-10-18 01:58:35.684,107177.26,0.00139,148.97639139999998
2025-10-18 01:58:36.105,107177.26,0.00193,206.8521118
2025-10-18 01:58:37.028,107177.25,0.0001,10.717725
2025-10-18 01:58:38.094,107177.26,0.02245,2406.129487
2025-10-18 01:58:38.503,107177.26,0.014,1500.48164
2025-10-18 01:58:38.999,107177.25,0.00439,470.5081275
2025-10-18 01:58:39.445,107177.26,0.00043,46.0862218
2025-10-18 01:58:39.675,107177.25,0.00174,186.488415
2025-10-18 01:58:39.825,107177.26,0.00406,435.13967560000003
2025-10-18 01:58:40.015,107177.28,0.0001,10.717728000000001
2025-10-18 01:58:40.860,107177.33,0.00017,18.2201461
2025-10-18 01:58:41.160,107177.34,0.00188,201.4933992
2025-10-18 01:58:41.318,107178.8,0.00015,16.076819999999998
2025-10-18 01:58:41.323,107178.81,0.01528,1637.6922168
2025-10-18 01:58:41.325,107178.81,7e-05,7.502516699999999
2025-10-18 01:58:41.326,107178.82,0.0004,42.871528000000005
2025-10-18 01:58:41.327,107178.82,0.00035,37.512587
2025-10-18 01:58:41.328,107179.76,0.02206,2364.3855055999998
2025-10-18 01:58:41.329,107180.01,0.00015,16.077001499999998
2025-10-18 01:58:41.332,107181.75,0.0044,471.59970000000004
2025-10-18 01:58:41.334,107183.6,5e-05,5.35918
2025-10-18 01:58:41.336,107184.0,0.01455,1559.5272
2025-10-18 01:58:41.337,107184.0,0.0028,300.1152
2025-10-18 01:58:41.339,107184.0,0.38556,41325.863040000004
2025-10-18 01:58:41.340,107184.0,0.13881,14878.211039999998
2025-10-18 01:58:41.342,107185.99,0.00025,26.7964975
2025-10-18 01:58:41.344,107187.38,0.00901,965.7582938000002
2025-10-18 01:58:41.762,107187.38,5e-05,5.359369
2025-10-18 01:58:42.588,107187.38,0.2,21437.476000000002
2025-10-18 01:58:43.305,107187.38,6e-05,6.431242800000001
2025-10-18 01:58:43.518,107187.38,0.00093,99.6842634
2025-10-18 01:58:44.024,107187.37,0.0001,10.718737
2025-10-18 01:58:44.087,107187.38,0.00055,58.953059
2025-10-18 01:58:44.137,107187.38,0.0146,1564.935748
2025-10-18 01:58:44.482,107187.37,0.01865,1999.0444504999998
2025-10-18 01:58:44.734,107187.38,0.0013,139.343594
2025-10-18 01:58:45.073,107187.99,0.00081,86.8222719
2025-10-18 01:58:45.074,107187.99,0.00092,98.61295080000001
2025-10-18 01:58:45.075,107187.99,0.0025,267.96997500000003
2025-10-18 01:58:45.758,107188.0,0.007,750.316
2025-10-18 01:58:45.817,107188.0,0.0006,64.3128
2025-10-18 01:58:45.972,107188.0,0.00011,11.79068
2025-10-18 01:58:46.143,107188.0,0.00235,251.89180000000002
2025-10-18 01:58:46.191,107187.99,0.00044,47.162715600000006
2025-10-18 01:58:46.272,107187.99,0.00014,15.0063186
2025-10-18 01:58:46.577,107187.99,7e-05,7.5031593
2025-10-18 01:58:46.599,107188.0,0.00011,11.79068
2025-10-18 01:58:47.644,107188.0,0.00011,11.79068
2025-10-18 01:58:47.734,107188.0,0.02423,2597.1652400000003
2025-10-18 01:58:49.239,107188.0,0.00011,11.79068
2025-10-18 01:58:49.425,107188.0,0.0013,139.3444
2025-10-18 01:58:49.622,107188.0,0.00011,11.79068
2025-10-18 01:58:49.639,107187.99,0.00033,35.3720367
2025-10-18 01:58:49.972,107187.99,0.00056,60.0252744
2025-10-18 01:58:50.015,107187.99,5e-05,5.3593995
2025-10-18 01:58:50.191,107188.0,0.00019,20.36572
2025-10-18 01:58:50.370,107187.99,0.00367,393.37992330000003
2025-10-18 01:58:50.703,107188.0,0.00011,11.79068
2025-10-18 01:58:51.325,107187.99,0.00018,19.293838200000003
2025-10-18 01:58:51.562,107188.0,0.00019,20.36572
2025-10-18 01:58:51.726,107188.0,0.00011,11.79068
2025-10-18 01:58:52.605,107187.99,0.00046,49.306475400000004
2025-10-18 01:58:52.816,107188.0,0.00011,11.79068
2025-10-18 01:58:53.207,107187.99,0.00426,456.6208374
2025-10-18 01:58:53.761,107188.0,0.00035,37.5158
2025-10-18 01:58:53.861,107188.0,0.00011,11.79068
2025-10-18 01:58:54.010,107187.99,0.06808,7297.3583592
2025-10-18 01:58:55.105,107188.0,0.00011,11.79068
2025-10-18 01:58:55.942,107188.0,0.00011,11.79068
2025-10-18 01:58:56.875,107187.99,0.00187,200.4415413
2025-10-18 01:58:57.123,107188.0,0.00011,11.79068
2025-10-18 01:58:57.308,107188.0,0.02286,2450.3176799999997
2025-10-18 01:58:57.792,107188.0,0.00012,12.86256
2025-10-18 01:58:57.919,107188.0,0.0043,460.9084
2025-10-18 01:58:57.923,107188.0,0.00011,11.79068
2025-10-18 01:58:58.110,107187.99,0.09,9646.919100000001
2025-10-18 01:58:58.959,107188.0,0.00011,11.79068
2025-10-18 01:58:59.075,107188.0,0.00025,26.797
2025-10-18 01:58:59.174,107187.99,0.00085,91.1097915
2025-10-18 01:58:59.410,107187.99,0.00013,13.9344387
2025-10-18 01:58:59.723,107187.99,0.00223,239.02921770000003
2025-10-18 01:58:59.945,107187.99,0.00024,25.7251176
2025-10-18 01:59:00.079,107187.99,0.02989,3203.8490211000003
2025-10-18 01:59:00.080,107187.99,0.012,1286.2558800000002
2025-10-18 01:59:00.082,107187.99,0.012,1286.2558800000002
2025-10-18 01:59:00.086,107187.99,0.13969,14973.090323100001
2025-10-18 01:59:00.115,107187.99,0.53219,57044.37639810001
2025-10-18 01:59:00.215,107187.38,0.00108,115.76237040000001
2025-10-18 01:59:00.370,107187.37,0.00181,194.0091397
2025-10-18 01:59:00.576,107187.38,0.00011,11.7906118
2025-10-18 01:59:00.985,107187.37,0.00279,299.0527623
2025-10-18 01:59:01.134,107187.38,0.00022,23.5812236
2025-10-18 01:59:01.232,107187.38,9e-05,9.646864200000001
2025-10-18 01:59:01.494,107187.37,0.00194,207.9434978
2025-10-18 01:59:01.609,107187.37,0.00012,12.8624844
2025-10-18 01:59:01.743,107187.38,0.05437,5827.7778506
2025-10-18 01:59:02.614,107187.37,7e-05,7.503115899999999
2025-10-18 01:59:03.272,107187.37,0.00225,241.17158249999997
2025-10-18 01:59:03.713,107187.37,0.00016,17.1499792
2025-10-18 01:59:04.429,107187.38,0.001,107.18738
2025-10-18 01:59:04.562,107187.37,0.005,535.9368499999999
2025-10-18 01:59:05.078,107187.38,0.005,535.9369
2025-10-18 01:59:05.491,107187.37,0.00035,37.5155795
2025-10-18 01:59:06.051,107187.37,0.02989,3203.8304893
2025-10-18 01:59:06.631,107187.38,6e-05,6.431242800000001
2025-10-18 01:59:08.169,107187.37,0.00049,52.521811299999996
2025-10-18 01:59:08.992,107187.37,0.0004,42.874948
2025-10-18 01:59:10.311,107187.37,6e-05,6.4312422
2025-10-18 01:59:10.348,107187.37,0.00301,322.6339837
2025-10-18 01:59:10.654,107187.37,0.06167,6610.2451079
2025-10-18 01:59:11.087,107187.38,0.00091,97.54051580000001
2025-10-18 01:59:11.576,107187.37,7e-05,7.503115899999999
2025-10-18 01:59:11.697,107187.37,0.00016,17.1499792
2025-10-18 01:59:11.813,107187.37,0.00811,869.2895706999999
2025-10-18 01:59:11.836,107187.38,0.00013,13.9343594
2025-10-18 01:59:11.960,107187.37,0.00026,27.868716199999998
2025-10-18 01:59:12.058,107187.37,0.0035,375.155795
2025-10-18 01:59:12.321,107187.38,0.00014,15.006233199999999
2025-10-18 01:59:12.624,107187.38,9e-05,9.646864200000001
2025-10-18 01:59:14.105,107187.37,0.00219,234.7403403
2025-10-18 01:59:14.348,107187.37,0.00048,51.4499376
2025-10-18 01:59:14.684,107187.37,0.00011,11.7906107
2025-10-18 01:59:14.919,107187.37,0.0002,21.437474
2025-10-18 01:59:15.081,107187.37,0.00018,19.2937266
2025-10-18 01:59:15.091,107187.38,0.00012,12.862485600000001
2025-10-18 01:59:15.169,107187.37,0.012,1286.24844
2025-10-18 01:59:15.170,107187.37,0.012,1286.24844
2025-10-18 01:59:15.403,107187.38,0.00186,199.3685268
2025-10-18 01:59:15.534,107187.38,0.0005,53.59369
2025-10-18 01:59:16.010,107187.37,0.00018,19.2937266
2025-10-18 01:59:16.782,107187.38,0.00033,35.3718354
2025-10-18 01:59:16.817,107187.37,0.00013,13.934358099999999
2025-10-18 01:59:17.931,107187.37,0.00246,263.6809302
2025-10-18 01:59:18.699,107187.37,0.00047,50.378063899999994
2025-10-18 01:59:18.874,107187.37,0.0001,10.718737
2025-10-18 01:59:19.689,107187.37,0.00135,144.7029495
2025-10-18 01:59:20.074,107187.37,0.00039,41.8030743
2025-10-18 01:59:20.186,107187.37,0.04686,5022.8001582
2025-10-18 01:59:20.595,107187.37,0.00552,591.6742823999999
2025-10-18 01:59:20.717,107187.37,0.06168,6611.3169816
2025-10-18 01:59:22.145,107187.38,0.01317,1411.6577946
2025-10-18 01:59:22.900,107187.37,0.0136,1457.748232
2025-10-18 01:59:22.949,107187.37,0.07512,8051.9152344
2025-10-18 01:59:23.541,107187.38,0.00279,299.0527902
2025-10-18 01:59:23.575,107187.38,7e-05,7.503116599999999
2025-10-18 01:59:23.737,107187.38,0.00014,15.006233199999999
2025-10-18 01:59:23.843,107187.38,0.00484,518.7869191999999
2025-10-18 01:59:24.336,107187.37,0.00105,112.54673849999999
2025-10-18 01:59:24.468,107187.38,0.00043,46.090573400000004
2025-10-18 01:59:25.790,107187.38,0.00013,13.9343594
2025-10-18 01:59:26.917,107187.37,0.0021,225.09347699999998
2025-10-18 01:59:27.062,107187.37,0.00466,499.49314419999996
2025-10-18 01:59:27.210,107187.37,0.00162,173.64353939999998
2025-10-18 01:59:27.742,107187.37,0.00012,12.8624844
2025-10-18 01:59:27.811,107187.38,0.00013,13.9343594
2025-10-18 01:59:27.968,107187.38,5e-05,5.359369
2025-10-18 01:59:28.924,107187.37,0.02799,3000.1744863
2025-10-18 01:59:29.217,107187.37,0.06809,7298.388023299999
2025-10-18 01:59:29.404,107187.37,0.00588,630.2617356
2025-10-18 01:59:29.628,107187.37,0.05,5359.3685000000005
2025-10-18 01:59:29.843,107187.38,0.0002,21.437476
2025-10-18 01:59:30.497,107187.37,9e-05,9.6468633
2025-10-18 01:59:30.521,107187.37,0.0011,117.906107
2025-10-18 01:59:30.796,107187.37,0.06168,6611.3169816
2025-10-18 01:59:31.276,107187.38,0.02453,2629.3064314000003
2025-10-18 01:59:31.818,107187.38,0.00035,37.515583
2025-10-18 01:59:32.229,107187.38,0.0028,300.124664
2025-10-18 01:59:32.294,107187.37,0.00372,398.7370164
2025-10-18 01:59:33.555,107187.37,0.00482,516.6431233999999
2025-10-18 01:59:33.615,107187.37,0.03101,3323.8803436999997
2025-10-18 01:59:33.617,107187.35,0.44185,47360.730597500005
2025-10-18 01:59:33.618,107186.99,0.0002,21.437398
2025-10-18 01:59:33.623,107182.96,0.0001,10.718296
2025-10-18 01:59:33.628,107182.41,5e-05,5.3591205
2025-10-18 01:59:33.629,107181.06,0.02355,2524.1139630000002
2025-10-18 01:59:33.630,107180.94,0.00565,605.572311
2025-10-18 01:59:33.638,107178.5,6e-05,6.43071
2025-10-18 01:59:33.641,107178.5,0.012,1286.142
2025-10-18 01:59:33.642,107178.5,0.00716,767.39806
2025-10-18 01:59:33.648,107178.5,0.3287,35229.57295
2025-10-18 01:59:33.651,107177.0,0.00046,49.30142
2025-10-18 01:59:33.659,107176.77,0.012,1286.1212400000002
2025-10-18 01:59:33.667,107176.77,0.012,1286.1212400000002
2025-10-18 01:59:33.681,107176.77,0.0133,1425.451041
2025-10-18 01:59:33.715,107171.92,5e-05,5.358596
2025-10-18 01:59:34.191,107169.18,0.00353,378.3072054
2025-10-18 01:59:35.334,107169.18,0.0299,3204.3584819999996
2025-10-18 01:59:35.563,107169.19,9e-05,9.645227100000001
2025-10-18 01:59:35.817,107169.18,0.00019,20.3621442
2025-10-18 01:59:36.575,107169.18,0.00206,220.7685108
2025-10-18 01:59:37.972,107169.19,0.00466,499.4084254
2025-10-18 01:59:38.138,107169.19,0.00932,998.8168508
2025-10-18 01:59:38.310,107169.18,0.00125,133.961475
2025-10-18 01:59:38.312,107169.18,0.36366,38973.1439988
2025-10-18 01:59:38.313,107169.17,0.00115,123.2445455
2025-10-18 01:59:38.325,107168.75,0.00141,151.1079375
2025-10-18 01:59:39.530,107165.95,0.0006,64.29956999999999
2025-10-18 01:59:39.669,107165.95,0.00526,563.692897
2025-10-18 01:59:40.232,107165.92,0.0002,21.433184
2025-10-18 01:59:40.244,107165.61,0.012,1285.98732
2025-10-18 01:59:40.246,107165.61,0.02737,2933.1227457
2025-10-18 01:59:40.247,107165.6,0.0009,96.44904
2025-10-18 01:59:40.260,107162.25,6e-05,6.429735
2025-10-18 01:59:40.370,107160.01,0.00559,599.0244559
2025-10-18 01:59:40.831,107160.01,0.00346,370.7736346
2025-10-18 01:59:41.085,107160.0,0.0001,10.716000000000001
2025-10-18 01:59:41.249,107160.0,0.03952,4234.9632
2025-10-18 01:59:41.583,107160.0,9e-05,9.644400000000001
2025-10-18 01:59:41.951,107160.01,0.00151,161.8116151
2025-10-18 01:59:42.348,107160.01,5e-05,5.3580005
2025-10-18 01:59:42.446,107160.0,0.00342,366.4872
2025-10-18 01:59:42.517,107160.0,0.00017,18.217200000000002
2025-10-18 01:59:42.674,107160.0,0.002,214.32
2025-10-18 01:59:42.675,107160.0,0.002,214.32
2025-10-18 01:59:45.508,107160.0,0.00591,633.3156
2025-10-18 01:59:45.587,107160.0,0.012,1285.92
2025-10-18 01:59:45.781,107160.0,0.012,1285.92
2025-10-18 01:59:45.783,107160.0,0.14329,15354.956400000001
2025-10-18 01:59:45.784,107159.57,5e-05,5.357978500000001
2025-10-18 01:59:45.789,107159.0,0.00105,112.51695
2025-10-18 01:59:45.844,107155.15,5e-05,5.3577575
2025-10-18 01:59:46.061,107153.98,0.00094,100.7247412
2025-10-18 01:59:46.067,107149.3,0.00015,16.072395
2025-10-18 01:59:46.076,107149.29,0.012,1285.7914799999999
2025-10-18 01:59:46.077,107149.29,0.012,1285.7914799999999
2025-10-18 01:59:46.262,107149.29,0.00018,19.2868722
2025-10-18 01:59:46.879,107149.3,5e-05,5.357465
2025-10-18 01:59:47.442,107149.3,0.0001,10.71493
2025-10-18 01:59:47.526,107149.3,0.00018,19.286874
2025-10-18 01:59:47.589,107149.29,0.03952,4234.539940799999
2025-10-18 01:59:47.946,107149.3,0.0001,10.71493
2025-10-18 01:59:48.924,107149.3,0.0001,10.71493
2025-10-18 01:59:49.703,107149.29,0.00132,141.43706279999998
2025-10-18 01:59:50.013,107149.3,0.0001,10.71493
2025-10-18 01:59:50.983,107149.3,0.0001,10.71493
2025-10-18 01:59:51.137,107149.29,0.00127,136.0795983
2025-10-18 01:59:51.183,107149.29,0.0009,96.434361
2025-10-18 01:59:52.007,107149.3,0.01865,1998.334445
2025-10-18 01:59:52.063,107149.3,0.0001,10.71493
2025-10-18 01:59:53.003,107149.3,0.00046,49.288678000000004
2025-10-18 01:59:53.049,107149.3,0.0001,10.71493
2025-10-18 01:59:53.260,107149.3,0.00101,108.22079300000001
2025-10-18 01:59:53.428,107149.29,0.03954,4236.6829265999995
2025-10-18 01:59:53.429,107149.29,0.02283,2446.2182906999997
2025-10-18 01:59:53.490,107149.3,0.00014,15.000902
2025-10-18 01:59:53.594,107149.3,0.00128,137.151104
2025-10-18 01:59:53.804,107149.3,0.00891,954.700263
2025-10-18 01:59:53.868,107149.29,0.00442,473.5998618
2025-10-18 01:59:53.882,107149.3,0.00018,19.286874
2025-10-18 01:59:54.091,107149.29,0.00164,175.72483559999998
2025-10-18 01:59:54.276,107149.3,0.0001,10.71493
2025-10-18 01:59:54.590,107149.29,0.00133,142.5085557
2025-10-18 01:59:55.275,107149.3,0.0001,10.71493
2025-10-18 01:59:56.263,107149.3,0.0001,10.71493
2025-10-18 01:59:56.668,107149.29,0.00093,99.6488397
2025-10-18 01:59:57.539,107149.3,0.0001,10.71493
2025-10-18 01:59:57.928,107149.29,0.00027,28.9303083
2025-10-18 01:59:57.955,107149.3,0.00011,11.786423000000001
2025-10-18 01:59:58.569,107149.3,0.0001,10.71493
2025-10-18 01:59:59.563,107149.3,0.0001,10.71493
2025-10-18 01:59:59.797,107149.29,0.03955,4237.7544195
2025-10-18 01:59:59.803,107149.29,0.02284,2447.2897835999997
2025-10-18 01:59:59.825,107149.3,0.00187,200.369191
2025-10-18 02:00:00.114,107149.3,0.02282,2445.147026
2025-10-18 02:00:00.132,107149.29,0.00365,391.0949085
2025-10-18 02:00:00.485,107149.3,0.09225,9884.522925
2025-10-18 02:00:00.602,107149.3,5e-05,5.357465
2025-10-18 02:00:00.604,107149.3,0.07426,7956.907018000001
2025-10-18 02:00:00.607,107149.31,0.00122,130.7221582
2025-10-18 02:00:00.611,107153.96,0.00015,16.073094
2025-10-18 02:00:00.612,107153.96,0.00116,124.2985936
2025-10-18 02:00:00.645,107153.97,0.028,3000.31116
2025-10-18 02:00:00.682,107153.97,0.00138,147.8724786
2025-10-18 02:00:00.687,107153.96,0.00023,24.6454108
2025-10-18 02:00:00.831,107153.97,0.00018,19.2877146
2025-10-18 02:00:00.842,107153.97,0.05661,6065.9862417
2025-10-18 02:00:00.856,107153.97,0.3816,40889.954952
2025-10-18 02:00:00.857,107154.05,0.0001,10.715405
2025-10-18 02:00:00.858,107154.1,0.001,107.15410000000001
2025-10-18 02:00:00.861,107155.72,0.0001,10.715572
2025-10-18 02:00:00.862,107155.72,0.0001,10.715572
2025-10-18 02:00:00.866,107159.57,5e-05,5.357978500000001
2025-10-18 02:00:00.968,107160.01,0.03985,4270.326398499999
2025-10-18 02:00:00.970,107162.25,0.00031,33.2202975
2025-10-18 02:00:00.975,107164.69,0.00095,101.8064555
2025-10-18 02:00:01.017,107164.7,0.0001,10.716470000000001
2025-10-18 02:00:01.335,107164.69,0.00067,71.8003423
2025-10-18 02:00:01.347,107164.7,0.00013,13.931410999999999
2025-10-18 02:00:01.915,107164.7,0.0399,4275.871529999999
2025-10-18 02:00:02.135,107171.99,0.00073,78.2355527
2025-10-18 02:00:02.463,107172.0,0.00116,124.31952
2025-10-18 02:00:02.731,107172.0,0.0001,10.7172
2025-10-18 02:00:02.951,107171.99,0.00059,63.23147410000001
2025-10-18 02:00:02.985,107172.0,0.00014,15.004079999999998
2025-10-18 02:00:03.287,107172.0,0.00012,12.86064
2025-10-18 02:00:03.597,107171.99,0.22414,24021.529838600003
2025-10-18 02:00:03.599,107170.37,5e-05,5.3585185
2025-10-18 02:00:03.615,107170.05,0.00025,26.7925125
2025-10-18 02:00:03.686,107166.97,7e-05,7.501687899999999
2025-10-18 02:00:03.715,107157.35,5e-05,5.3578675
2025-10-18 02:00:04.178,107154.12,5e-05,5.357706
2025-10-18 02:00:05.213,107154.12,0.00011,11.7869532
2025-10-18 02:00:05.219,107154.11,0.00157,168.2319527
2025-10-18 02:00:05.226,107154.12,0.00011,11.7869532
2025-10-18 02:00:05.420,107154.12,0.00047,50.36243639999999
2025-10-18 02:00:06.051,107154.11,0.03952,4234.7304272
2025-10-18 02:00:06.222,107154.12,0.00025,26.788529999999998
2025-10-18 02:00:07.476,107154.12,0.15625,16742.83125
2025-10-18 02:00:07.662,107154.12,0.00041,43.933189199999994
2025-10-18 02:00:09.159,107154.11,0.00765,819.7289415
2025-10-18 02:00:09.976,107154.11,0.00019,20.3592809
2025-10-18 02:00:11.092,107154.11,0.06169,6610.3370459
2025-10-18 02:00:11.576,107154.11,8e-05,8.572328800000001
2025-10-18 02:00:11.675,107154.12,0.0004,42.861648
2025-10-18 02:00:12.190,107154.11,0.02283,2446.3283313
2025-10-18 02:00:12.199,107154.11,0.03954,4236.8735094
2025-10-18 02:00:12.905,107154.11,0.00093,99.6533223
2025-10-18 02:00:13.373,107154.12,0.00933,999.7479395999999
2025-10-18 02:00:13.399,107154.12,0.00933,999.7479395999999
2025-10-18 02:00:13.411,107154.12,0.00933,999.7479395999999
2025-10-18 02:00:13.419,107154.12,0.00933,999.7479395999999
2025-10-18 02:00:13.421,107154.12,0.00186,199.3066632
2025-10-18 02:00:13.424,107154.12,0.00327,350.3939724
2025-10-18 02:00:13.430,107154.12,0.00933,999.7479395999999
2025-10-18 02:00:13.437,107154.12,0.00933,999.7479395999999
2025-10-18 02:00:13.449,107154.12,0.00633,678.2855795999999
2025-10-18 02:00:14.222,107154.12,0.00043,46.0762716
2025-10-18 02:00:14.473,107154.11,0.01191,1276.2054501
2025-10-18 02:00:17.036,107154.11,0.006,642.92466
2025-10-18 02:00:18.352,107154.12,0.00933,999.7479395999999
2025-10-18 02:00:18.366,107154.12,0.00933,999.7479395999999
2025-10-18 02:00:18.374,107154.11,0.00019,20.3592809
2025-10-18 02:00:18.608,107154.12,0.00137,146.80114439999997
2025-10-18 02:00:18.610,107154.12,0.00198,212.1651576
2025-10-18 02:00:18.656,107154.11,0.03954,4236.8735094
2025-10-18 02:00:18.663,107154.11,0.02283,2446.3283313
2025-10-18 02:00:18.703,107154.12,0.00706,756.5080872
2025-10-18 02:00:18.788,107154.11,0.00023,24.645445300000002
2025-10-18 02:00:18.803,107154.12,0.0014,150.01576799999998
2025-10-18 02:00:19.996,107154.12,0.00017,18.2162004
2025-10-18 02:00:20.112,107154.11,0.00248,265.7421928
2025-10-18 02:00:20.163,107154.11,0.00421,451.11880310000004
2025-10-18 02:00:20.489,107154.11,0.00186,199.3066446
2025-10-18 02:00:20.641,107154.12,0.00568,608.6354016
2025-10-18 02:00:20.642,107154.12,0.00161,172.5181332
2025-10-18 02:00:20.708,107154.12,0.00044,47.1478128
2025-10-18 02:00:21.573,107154.12,7e-05,7.500788399999999
2025-10-18 02:00:21.803,107154.12,0.00083,88.9379196
2025-10-18 02:00:21.811,107154.11,0.00117,125.37030870000001
2025-10-18 02:00:21.837,107154.11,0.00116,124.2987676
2025-10-18 02:00:21.935,107154.12,0.00047,50.36243639999999
2025-10-18 02:00:22.208,107154.12,0.00093,99.6533316
2025-10-18 02:00:22.332,107154.12,0.00072,77.1509664
2025-10-18 02:00:22.333,107154.11,0.00057,61.0778427
2025-10-18 02:00:22.621,107154.11,0.00011,11.7869521
2025-10-18 02:00:22.871,107154.11,5e-05,5.357705500000001
2025-10-18 02:00:22.890,107154.12,0.00021,22.5023652
2025-10-18 02:00:23.509,107154.12,0.00275,294.67382999999995
2025-10-18 02:00:24.021,107154.12,0.0001,10.715412
2025-10-18 02:00:24.081,107154.11,0.02286,2449.5429546
2025-10-18 02:00:24.760,107154.12,0.01866,1999.4958791999998
2025-10-18 02:00:24.860,107154.12,0.00024,25.7169888
2025-10-18 02:00:24.876,107154.11,5e-05,5.357705500000001
2025-10-18 02:00:25.133,107154.11,0.00115,123.2272265
2025-10-18 02:00:25.244,107154.12,0.0009,96.43870799999999
2025-10-18 02:00:25.493,107154.11,0.00012,12.8584932
2025-10-18 02:00:25.843,107154.12,0.00044,47.1478128
2025-10-18 02:00:26.126,107154.12,0.00013,13.930035599999998
2025-10-18 02:00:26.434,107154.12,0.00049,52.5055188
2025-10-18 02:00:26.535,107154.11,0.00028,30.003150799999997
2025-10-18 02:00:27.318,107154.12,0.00175,187.51971
2025-10-18 02:00:27.710,107154.12,0.00029,31.0746948
2025-10-18 02:00:27.715,107154.11,0.00045,48.2193495
2025-10-18 02:00:27.931,107154.12,0.00024,25.7169888
2025-10-18 02:00:28.750,107154.12,0.00022,23.5739064
2025-10-18 02:00:28.789,107154.12,0.2,21430.824
2025-10-18 02:00:29.528,107154.11,0.00237,253.95524070000002
2025-10-18 02:00:30.010,107154.11,0.03952,4234.7304272
2025-10-18 02:00:31.681,107154.11,0.00011,11.7869521
2025-10-18 02:00:31.733,107154.12,0.00012,12.8584944
2025-10-18 02:00:31.862,107154.12,0.00024,25.7169888
2025-10-18 02:00:32.275,107154.12,0.028,3000.31536
2025-10-18 02:00:32.318,107154.12,0.00187,200.3782044
2025-10-18 02:00:32.889,107154.11,0.00503,538.9851732999999
2025-10-18 02:00:32.900,107154.12,9e-05,9.6438708
2025-10-18 02:00:33.110,107154.11,0.00022,23.5739042
2025-10-18 02:00:33.291,107154.11,0.00021,22.5023631
2025-10-18 02:00:33.459,107154.12,0.00011,11.7869532
2025-10-18 02:00:33.469,107154.11,0.00018,19.2877398
2025-10-18 02:00:33.848,107154.11,0.00025,26.7885275
2025-10-18 02:00:34.047,107154.11,0.0002,21.430822000000003
2025-10-18 02:00:34.066,107154.12,9e-05,9.6438708
2025-10-18 02:00:34.738,107154.11,0.012,1285.84932
2025-10-18 02:00:34.839,107154.12,0.00021,22.5023652
2025-10-18 02:00:35.113,107154.12,8e-05,8.5723296
2025-10-18 02:00:35.317,107154.11,0.00562,602.2060982
2025-10-18 02:00:35.751,107154.12,0.00036,38.5754832
2025-10-18 02:00:36.093,107154.12,0.02047,2193.4448363999995
2025-10-18 02:00:36.154,107154.11,0.03958,4241.1596738
2025-10-18 02:00:36.164,107154.11,0.02286,2449.5429546
2025-10-18 02:00:36.970,107154.11,0.00044,47.1478084
2025-10-18 02:00:36.989,107154.11,0.012,1285.84932
2025-10-18 02:00:37.439,107154.12,0.00095,101.796414
2025-10-18 02:00:37.683,107154.12,0.00018,19.2877416
2025-10-18 02:00:37.710,107154.12,0.00028,30.003153599999997
2025-10-18 02:00:37.767,107154.11,0.012,1285.84932
2025-10-18 02:00:37.932,107154.12,0.00019,20.3592828
2025-10-18 02:00:38.090,107154.12,7e-05,7.500788399999999
2025-10-18 02:00:38.101,107154.12,0.08341,8937.7251492
2025-10-18 02:00:38.112,107154.12,0.00028,30.003153599999997
2025-10-18 02:00:38.162,107154.12,0.00024,25.7169888
2025-10-18 02:00:38.219,107154.12,0.00032,34.2893184
2025-10-18 02:00:39.210,107154.12,0.00028,30.003153599999997
2025-10-18 02:00:39.371,107154.11,7e-05,7.500787699999999
2025-10-18 02:00:39.810,107154.12,0.00109,116.7979908
2025-10-18 02:00:39.891,107154.12,0.0001,10.715412
2025-10-18 02:00:40.082,107154.12,0.0001,10.715412
2025-10-18 02:00:40.143,107154.12,7e-05,7.500788399999999
2025-10-18 02:00:40.519,107154.12,0.00033,35.3608596
2025-10-18 02:00:40.691,107154.12,7e-05,7.500788399999999
2025-10-18 02:00:40.823,107154.12,8e-05,8.5723296
2025-10-18 02:00:40.865,107154.12,0.0009,96.43870799999999
2025-10-18 02:00:41.032,107154.12,0.00337,361.1093844
2025-10-18 02:00:41.283,107154.12,0.00013,13.930035599999998
2025-10-18 02:00:41.313,107154.12,0.0001,10.715412
2025-10-18 02:00:41.375,107154.12,7e-05,7.500788399999999
2025-10-18 02:00:41.671,107154.12,0.00025,26.788529999999998
2025-10-18 02:00:41.743,107154.12,0.00208,222.88056959999997
2025-10-18 02:00:42.022,107154.11,9e-05,9.6438699
2025-10-18 02:00:42.182,107154.12,0.0004,42.861648
2025-10-18 02:00:42.427,107154.12,0.00093,99.6533316
2025-10-18 02:00:42.583,107154.11,0.00074,79.2940414
2025-10-18 02:00:42.587,107154.12,0.00035,37.503941999999995
2025-10-18 02:00:42.600,107154.12,0.0068,728.648016
2025-10-18 02:00:42.672,107154.11,0.03954,4236.8735094
2025-10-18 02:00:42.759,107154.12,0.06472,6935.0146464
2025-10-18 02:00:43.064,107154.11,0.00044,47.1478084
2025-10-18 02:00:43.588,107154.12,0.00015,16.073117999999997
2025-10-18 02:00:43.608,107154.11,0.00041,43.933185099999996
2025-10-18 02:00:43.815,107158.73,0.00015,16.0738095
2025-10-18 02:00:44.082,107158.74,0.00012,12.859048800000002
2025-10-18 02:00:44.115,107162.25,6e-05,6.429735
2025-10-18 02:00:44.131,107166.94,0.00119,127.52865860000001
2025-10-18 02:00:44.141,107168.75,0.028,3000.725
2025-10-18 02:00:44.165,107168.75,0.02992,3206.489
2025-10-18 02:00:44.236,107168.75,0.00197,211.1224375
2025-10-18 02:00:44.319,107169.97,0.00038,40.724588600000004
2025-10-18 02:00:44.865,107169.97,8e-05,8.573597600000001
2025-10-18 02:00:45.065,107169.97,0.00012,12.8603964
2025-10-18 02:00:45.579,107169.97,0.06984,7484.7507048
2025-10-18 02:00:45.617,107169.97,0.00094,100.7397718
2025-10-18 02:00:45.647,107170.52,0.00016,17.1472832
2025-10-18 02:00:45.770,107170.52,0.00049,52.5135548
2025-10-18 02:00:46.028,107170.53,0.00104,111.45735119999999
2025-10-18 02:00:46.104,107170.53,0.00025,26.7926325
2025-10-18 02:00:46.515,107176.7,5e-05,5.358835
2025-10-18 02:00:46.518,107180.56,6e-05,6.4308336
2025-10-18 02:00:46.576,107180.55,8e-05,8.574444000000002
2025-10-18 02:00:47.500,107180.55,0.00027,28.938748500000003
2025-10-18 02:00:48.022,107180.55,0.00014,15.005277
2025-10-18 02:00:48.055,107180.55,0.26126,28001.990493
2025-10-18 02:00:48.056,107180.35,0.0002,21.43607
2025-10-18 02:00:48.058,107179.48,0.00015,16.076922
2025-10-18 02:00:48.060,107178.47,5e-05,5.3589235
2025-10-18 02:00:48.062,107174.95,5e-05,5.3587475
2025-10-18 02:00:48.068,107168.74,0.0003,32.150622
2025-10-18 02:00:48.074,107164.47,0.00132,141.4571004
2025-10-18 02:00:48.132,107163.6,0.00055,58.939980000000006
2025-10-18 02:00:48.297,107163.6,0.00093,99.66214800000002
2025-10-18 02:00:48.597,107163.6,0.03954,4237.248744
2025-10-18 02:00:48.603,107163.6,0.02284,2447.6166240000002
2025-10-18 02:00:48.917,107163.61,0.00011,11.7879971
2025-10-18 02:00:49.192,107163.61,0.00024,25.719266400000002
2025-10-18 02:00:49.324,107163.6,0.00108,115.736688
2025-10-18 02:00:49.470,107163.61,0.00026,27.862538599999997
2025-10-18 02:00:49.588,107163.6,0.00058,62.15488800000001
2025-10-18 02:00:49.692,107163.6,0.0003,32.14908
2025-10-18 02:00:50.119,107163.61,0.00024,25.719266400000002
2025-10-18 02:00:50.738,107163.61,0.00037,39.6505357
2025-10-18 02:00:50.860,107163.61,0.00018,19.2894498
2025-10-18 02:00:50.907,107163.61,4e-05,4.2865444
2025-10-18 02:00:50.992,107163.61,0.00209,223.97194489999998
2025-10-18 02:00:52.570,107163.6,0.00024,25.719264000000003
2025-10-18 02:00:52.640,107163.6,0.00027,28.934172
2025-10-18 02:00:52.677,107159.91,0.00015,16.0739865
2025-10-18 02:00:52.765,107159.72,0.00017,18.2171524
2025-10-18 02:00:53.028,107159.71,0.008,857.27768
2025-10-18 02:00:53.029,107159.71,0.008,857.27768
2025-10-18 02:00:53.030,107159.71,0.008,857.27768
2025-10-18 02:00:53.141,107159.71,0.01706,1828.1446526
2025-10-18 02:00:53.142,107159.71,0.00025,26.7899275
2025-10-18 02:00:53.164,107159.24,0.00046,49.293250400000005
2025-10-18 02:00:53.222,107159.24,0.00093,99.65809320000001
2025-10-18 02:00:53.244,107159.24,0.00291,311.8333884
2025-10-18 02:00:53.246,107159.23,0.0012,128.591076
2025-10-18 02:00:53.258,107157.18,0.00236,252.8909448
2025-10-18 02:00:53.435,107157.18,0.07319,7842.8340042
2025-10-18 02:00:53.436,107155.36,0.0002,21.431072
2025-10-18 02:00:53.459,107155.01,0.00213,228.2401713
2025-10-18 02:00:53.544,107155.0,0.39817,42665.906350000005
2025-10-18 02:00:53.627,107155.01,7e-05,7.500850699999999
2025-10-18 02:00:54.384,107155.01,0.00092,98.5826092
2025-10-18 02:00:54.435,107155.01,0.00046,49.2913046
2025-10-18 02:00:54.535,107155.0,0.00484,518.6302
2025-10-18 02:00:54.555,107155.01,5e-05,5.3577505
2025-10-18 02:00:54.612,107155.0,0.005,535.775
2025-10-18 02:00:54.614,107155.0,0.005,535.775
2025-10-18 02:00:54.655,107155.01,5e-05,5.3577505
2025-10-18 02:00:54.796,107155.0,0.07889,8453.45795
2025-10-18 02:00:55.275,107155.01,0.00036,38.5758036
2025-10-18 02:00:56.465,107155.0,0.00413,442.55015
2025-10-18 02:00:58.528,107155.01,0.00678,726.5109677999999
2025-10-18 02:00:58.742,107155.0,0.012,1285.8600000000001
2025-10-18 02:00:59.281,107155.01,0.00256,274.3168256
2025-10-18 02:00:59.467,107155.0,0.00938,1005.1139
2025-10-18 02:00:59.685,107155.0,0.012,1285.8600000000001
2025-10-18 02:01:00.157,107155.0,0.012,1285.8600000000001
2025-10-18 02:01:00.190,107155.01,0.00045,48.21975449999999
2025-10-18 02:01:00.446,107155.01,9e-05,9.6439509
2025-10-18 02:01:00.819,107155.0,0.02286,2449.5633
2025-10-18 02:01:01.192,107155.01,0.00022,23.5741022
2025-10-18 02:01:01.226,107155.01,0.00104,111.44121039999999
2025-10-18 02:01:01.239,107155.01,0.00011,11.7870511
2025-10-18 02:01:01.247,107155.01,0.00021,22.5025521
2025-10-18 02:01:01.556,107155.0,0.00934,1000.8276999999999
2025-10-18 02:01:01.620,107155.0,0.00302,323.60810000000004
2025-10-18 02:01:01.893,107155.0,0.00435,466.12424999999996
2025-10-18 02:01:01.954,107155.01,0.00025,26.788752499999998
2025-10-18 02:01:02.297,107155.01,0.00128,137.1584128
2025-10-18 02:01:02.437,107155.01,0.00244,261.45822439999995
2025-10-18 02:01:03.498,107155.0,0.00013,13.93015
2025-10-18 02:01:04.023,107155.0,0.00095,101.79725
2025-10-18 02:01:04.632,107155.0,0.00327,350.39685
2025-10-18 02:01:04.777,107155.01,0.00034,36.4327034
2025-10-18 02:01:04.967,107155.0,0.00186,199.3083
2025-10-18 02:01:05.141,107155.01,0.00025,26.788752499999998
2025-10-18 02:01:05.448,107155.0,0.00068,72.86540000000001
2025-10-18 02:01:05.489,107155.0,0.00051,54.64905
2025-10-18 02:01:06.041,107155.01,0.002,214.31001999999998
2025-10-18 02:01:06.169,107155.0,0.00151,161.80405000000002
2025-10-18 02:01:06.390,107155.01,0.0004,42.862004
2025-10-18 02:01:06.718,107155.0,6e-05,6.4293000000000005
2025-10-18 02:01:06.832,107155.01,0.0017,182.16351699999998
2025-10-18 02:01:07.024,107155.0,9e-05,9.64395
2025-10-18 02:01:07.036,107155.0,0.007,750.085
2025-10-18 02:01:07.121,107155.0,0.00034,36.432700000000004
2025-10-18 02:01:07.126,107155.0,0.00033,35.36115
2025-10-18 02:01:07.255,107155.0,0.00099,106.08345
2025-10-18 02:01:07.683,107155.0,0.00067,71.79385
2025-10-18 02:01:07.685,107155.0,0.00115,123.22825
2025-10-18 02:01:07.706,107155.0,0.00934,1000.8276999999999
2025-10-18 02:01:08.910,107155.01,0.00516,552.9198515999999
2025-10-18 02:01:09.696,107155.01,0.00023,24.6456523
2025-10-18 02:01:09.885,107155.01,8e-05,8.5724008
2025-10-18 02:01:10.228,107155.01,6e-05,6.4293005999999995
2025-10-18 02:01:11.382,107155.0,0.00032,34.2896
2025-10-18 02:01:11.434,107155.01,8e-05,8.5724008
2025-10-18 02:01:11.492,107155.01,0.00078,83.58090779999999
2025-10-18 02:01:11.832,107155.01,0.00239,256.1004739
2025-10-18 02:01:11.946,107155.0,0.00039,41.79045
2025-10-18 02:01:12.224,107155.0,0.00534,572.2077
2025-10-18 02:01:12.618,107155.0,0.00012,12.858600000000001
2025-10-18 02:01:13.356,107155.01,0.00196,210.0238196
2025-10-18 02:01:13.847,107155.01,0.00466,499.3423466
2025-10-18 02:01:14.213,107155.01,0.00025,26.788752499999998
2025-10-18 02:01:14.582,107155.01,0.00026,27.860302599999997
2025-10-18 02:01:15.192,107155.01,0.00025,26.788752499999998
2025-10-18 02:01:15.209,107155.01,6e-05,6.4293005999999995
2025-10-18 02:01:15.746,107155.0,0.00186,199.3083
2025-10-18 02:01:16.356,107155.01,0.03397,3640.0556896999997
2025-10-18 02:01:16.675,107155.01,0.00018,19.2879018
2025-10-18 02:01:16.842,107155.01,9e-05,9.6439509
2025-10-18 02:01:17.491,107155.0,0.00045,48.21975
2025-10-18 02:01:17.908,107155.0,0.00021,22.50255
2025-10-18 02:01:18.063,107155.01,9e-05,9.6439509
2025-10-18 02:01:18.070,107155.0,0.02905,3112.85275
2025-10-18 02:01:18.749,107155.0,0.011,1178.705
2025-10-18 02:01:19.154,107155.0,0.00012,12.858600000000001
2025-10-18 02:01:19.211,107155.01,0.04666,4999.8527666
2025-10-18 02:01:19.232,107155.01,7e-05,7.500850699999999
2025-10-18 02:01:19.610,107155.0,0.16018,17164.0879
2025-10-18 02:01:19.806,107155.0,0.00425,455.40875000000005
2025-10-18 02:01:20.003,107155.0,0.01857,1989.86835
2025-10-18 02:01:20.021,107155.01,6e-05,6.4293005999999995
2025-10-18 02:01:20.108,107155.0,0.00248,265.7444
2025-10-18 02:01:20.201,107155.0,0.00019,20.359450000000002
2025-10-18 02:01:20.410,107155.0,0.01069,1145.48695
2025-10-18 02:01:20.432,107155.0,0.00068,72.86540000000001
2025-10-18 02:01:20.620,107155.01,0.00026,27.860302599999997
2025-10-18 02:01:21.576,107155.0,7e-05,7.500849999999999
2025-10-18 02:01:22.658,107155.0,0.0003,32.146499999999996
2025-10-18 02:01:23.917,107155.0,0.00046,49.2913
2025-10-18 02:01:23.947,107155.0,0.0034,364.327
2025-10-18 02:01:24.319,107155.0,0.00141,151.08855
2025-10-18 02:01:24.469,107155.0,8e-05,8.5724
2025-10-18 02:01:24.580,107155.01,6e-05,6.4293005999999995
2025-10-18 02:01:24.725,107155.0,0.00731,783.30305
2025-10-18 02:01:24.756,107155.01,0.02046,2192.3915045999997
2025-10-18 02:01:25.213,107155.01,0.00023,24.6456523
2025-10-18 02:01:25.518,107155.01,0.00291,311.82107909999996
2025-10-18 02:01:26.411,107155.01,0.00048,51.434404799999996
2025-10-18 02:01:26.998,107155.01,0.0001,10.715501
2025-10-18 02:01:27.118,107155.0,0.00172,184.3066
2025-10-18 02:01:27.213,107155.01,0.00052,55.720605199999994
2025-10-18 02:01:28.134,107155.01,0.00024,25.717202399999998
2025-10-18 02:01:28.607,107155.01,0.00025,26.788752499999998
2025-10-18 02:01:29.766,107155.01,0.09332,9999.7055332
2025-10-18 02:01:30.061,107155.01,6e-05,6.4293005999999995
2025-10-18 02:01:30.433,107155.0,7e-05,7.500849999999999
2025-10-18 02:01:31.059,107155.0,0.08832,9463.9296
2025-10-18 02:01:31.695,107155.0,0.00025,26.78875
2025-10-18 02:01:31.818,107155.01,0.00011,11.7870511
2025-10-18 02:01:32.366,107155.01,0.00018,19.2879018
2025-10-18 02:01:32.581,107155.01,7e-05,7.500850699999999
2025-10-18 02:01:32.716,107155.01,0.00018,19.2879018
2025-10-18 02:01:33.195,107155.01,0.00019,20.3594519
2025-10-18 02:01:34.050,107155.01,6e-05,6.4293005999999995
2025-10-18 02:01:34.368,107155.01,0.01385,1484.0968885
2025-10-18 02:01:35.176,107155.01,0.00279,298.96247789999995
2025-10-18 02:01:36.324,107155.0,0.00014,15.001699999999998
2025-10-18 02:01:36.854,107155.01,5e-05,5.3577505
2025-10-18 02:01:37.348,107155.01,0.00025,26.788752499999998
2025-10-18 02:01:37.427,107155.11,0.0001,10.715511000000001
2025-10-18 02:01:37.429,107156.42,0.00015,16.073462999999997
2025-10-18 02:01:37.432,107159.57,5e-05,5.357978500000001
2025-10-18 02:01:37.439,107161.02,0.028,3000.50856
2025-10-18 02:01:37.481,107161.02,0.01976,2117.5017552
2025-10-18 02:01:37.485,107161.03,0.00115,123.2351845
2025-10-18 02:01:37.492,107161.1,0.0008,85.72888
2025-10-18 02:01:37.558,107161.1,0.00124,132.879764
2025-10-18 02:01:37.572,107161.09,0.5,53580.545
2025-10-18 02:01:38.246,107161.1,0.0001,10.71611
2025-10-18 02:01:39.497,107161.1,0.0001,10.71611
2025-10-18 02:01:39.675,107161.1,0.00166,177.887426
2025-10-18 02:01:40.225,107161.1,0.00115,123.235265
2025-10-18 02:01:40.352,107161.1,0.0001,10.71611
2025-10-18 02:01:40.663,107161.09,0.00046,49.2941014
2025-10-18 02:01:40.857,107161.1,0.0006,64.29666
2025-10-18 02:01:41.493,107161.1,0.0001,10.71611
2025-10-18 02:01:41.906,107161.1,0.00023,24.647053000000003
2025-10-18 02:01:42.620,107161.1,0.00349,373.99223900000004
2025-10-18 02:01:42.729,107161.1,0.0001,10.71611
2025-10-18 02:01:42.891,107161.1,0.00161,172.52937100000003
2025-10-18 02:01:42.984,107161.09,0.00403,431.85919269999994
2025-10-18 02:01:43.210,107161.1,0.00106,113.590766
2025-10-18 02:01:43.447,107161.1,0.00028,30.005108
2025-10-18 02:01:43.458,107161.1,0.0001,10.71611
2025-10-18 02:01:44.129,107161.1,9e-05,9.644499000000001
2025-10-18 02:01:44.401,107161.1,0.0001,10.71611
2025-10-18 02:01:45.605,107161.1,0.0001,10.71611
2025-10-18 02:01:45.680,107161.09,8e-05,8.5728872
2025-10-18 02:01:45.697,107161.1,0.001,107.1611
2025-10-18 02:01:45.727,107161.1,0.00011,11.787721000000001
2025-10-18 02:01:45.758,107161.1,0.00134,143.595874
2025-10-18 02:01:46.338,107161.1,0.00023,24.647053000000003
2025-10-18 02:01:46.371,107161.09,0.0001,10.716109
2025-10-18 02:01:46.491,107161.1,0.00053,56.795383
2025-10-18 02:01:46.543,107161.1,0.08238,8827.931418
2025-10-18 02:01:46.610,107161.1,0.00011,11.787721000000001
2025-10-18 02:01:46.623,107161.1,0.0001,10.71611
2025-10-18 02:01:46.718,107161.1,0.00011,11.787721000000001
2025-10-18 02:01:46.763,107161.1,0.00049,52.508939
2025-10-18 02:01:47.062,107161.1,0.00014,15.002554
2025-10-18 02:01:47.078,107161.09,0.00047,50.3657123
2025-10-18 02:01:47.139,107161.09,6e-05,6.4296654
2025-10-18 02:01:47.315,107161.1,0.00011,11.787721000000001
2025-10-18 02:01:47.401,107161.1,0.00025,26.790275
2025-10-18 02:01:47.562,107161.1,0.00016,17.145776
2025-10-18 02:01:47.626,107161.1,0.0001,10.71611
2025-10-18 02:01:48.028,107161.09,6e-05,6.4296654
2025-10-18 02:01:48.227,107161.1,0.00093,99.65982300000002
2025-10-18 02:01:48.234,107161.1,0.00344,368.634184
2025-10-18 02:01:48.237,107161.1,0.00011,11.787721000000001
2025-10-18 02:01:48.460,107161.1,0.00328,351.488408
2025-10-18 02:01:48.515,107161.1,0.00011,11.787721000000001
2025-10-18 02:01:48.576,107161.1,6e-05,6.429666
2025-10-18 02:01:48.585,107161.09,0.001,107.16109
2025-10-18 02:01:48.648,107161.1,0.00037,39.649607
2025-10-18 02:01:48.682,107161.1,0.00081,86.800491
2025-10-18 02:01:48.791,107161.1,0.00039,41.792829000000005
2025-10-18 02:01:48.839,107161.1,0.0001,10.71611
2025-10-18 02:01:49.075,107161.1,0.00054,57.866994000000005
2025-10-18 02:01:49.143,107161.1,8e-05,8.572888
2025-10-18 02:01:49.760,107161.1,0.0001,10.71611
2025-10-18 02:01:50.001,107161.09,9e-05,9.6444981
2025-10-18 02:01:50.284,107161.1,0.00029,31.076719
2025-10-18 02:01:50.624,107161.1,0.00022,23.575442000000002
2025-10-18 02:01:50.825,107161.1,0.00011,11.787721000000001
2025-10-18 02:01:50.862,107161.09,0.01467,1572.0531903
2025-10-18 02:01:50.903,107161.1,0.0001,10.71611
2025-10-18 02:01:50.918,107161.1,0.00027,28.933497000000003
2025-10-18 02:01:51.051,107161.1,0.00765,819.782415
2025-10-18 02:01:51.160,107161.1,0.0001,10.71611
2025-10-18 02:01:51.412,107161.1,0.00022,23.575442000000002
2025-10-18 02:01:51.414,107161.1,0.00053,56.795383
2025-10-18 02:01:51.438,107161.1,0.00022,23.575442000000002
2025-10-18 02:01:51.628,107161.09,0.00066,70.7263194
2025-10-18 02:01:51.637,107161.1,0.00032,34.291552
2025-10-18 02:01:51.804,107161.1,0.0001,10.71611
2025-10-18 02:01:52.010,107161.1,0.00027,28.933497000000003
2025-10-18 02:01:52.173,107161.1,0.00011,11.787721000000001
2025-10-18 02:01:52.301,107161.09,5e-05,5.3580545
2025-10-18 02:01:52.418,107161.1,0.0009,96.44499
2025-10-18 02:01:52.423,107161.1,0.00022,23.575442000000002
2025-10-18 02:01:52.482,107161.1,0.00017,18.217387000000002
2025-10-18 02:01:52.560,107161.1,0.00018,19.288998000000003
2025-10-18 02:01:52.808,107161.1,0.0001,10.71611
2025-10-18 02:01:52.868,107161.1,6e-05,6.429666
2025-10-18 02:01:53.063,107161.1,0.00053,56.795383
2025-10-18 02:01:53.917,107161.1,0.00044,47.150884000000005
2025-10-18 02:01:54.058,107161.1,0.0001,10.71611
2025-10-18 02:01:54.979,107161.1,0.0001,10.71611
2025-10-18 02:01:55.183,107161.1,0.00021,22.503831
2025-10-18 02:01:55.198,107161.09,0.00576,617.2478784
2025-10-18 02:01:55.300,107161.09,0.00105,112.5191445
2025-10-18 02:01:55.780,107161.09,0.00211,226.1098999
2025-10-18 02:01:56.511,107161.09,0.00082,87.8720938
2025-10-18 02:01:56.564,107161.1,0.0001,10.71611
2025-10-18 02:01:56.588,107161.1,0.00025,26.790275
2025-10-18 02:01:56.963,107161.1,5e-05,5.358055
2025-10-18 02:01:57.511,107161.1,9e-05,9.644499000000001
2025-10-18 02:01:57.761,107161.1,0.0001,10.71611
2025-10-18 02:01:58.811,107161.1,0.0001,10.71611
2025-10-18 02:01:58.827,107161.1,0.13997,14999.339167000002
2025-10-18 02:01:58.945,107161.1,0.00015,16.074165
2025-10-18 02:01:59.462,107161.09,0.00036,38.5779924
2025-10-18 02:01:59.808,107161.1,0.0001,10.71611
2025-10-18 02:02:00.785,107161.09,0.00516,552.9512244
2025-10-18 02:02:00.808,107161.1,0.0001,10.71611
2025-10-18 02:02:01.185,107161.1,0.00012,12.859332
2025-10-18 02:02:01.448,107161.09,0.00715,766.2017935
2025-10-18 02:02:01.544,107161.09,0.00035,37.506381499999996
2025-10-18 02:02:01.591,107161.09,7e-05,7.501276299999999
2025-10-18 02:02:02.023,107161.1,4e-05,4.286444
2025-10-18 02:02:02.029,107161.1,0.0001,10.71611
2025-10-18 02:02:02.775,107161.1,0.0001,10.71611
2025-10-18 02:02:03.104,107161.1,0.01763,1889.250193
2025-10-18 02:02:03.417,107161.09,0.00091,97.5165919
2025-10-18 02:02:03.794,107161.1,7e-05,7.501277
2025-10-18 02:02:03.866,107161.1,9e-05,9.644499000000001
2025-10-18 02:02:04.094,107161.1,0.0001,10.71611
2025-10-18 02:02:04.520,107161.1,0.00011,11.787721000000001
2025-10-18 02:02:05.074,107161.09,5e-05,5.3580545
2025-10-18 02:02:05.196,107161.09,0.00142,152.1687478
2025-10-18 02:02:05.275,107161.1,0.00071,76.08438100000001
2025-10-18 02:02:05.942,107161.1,5e-05,5.358055
2025-10-18 02:02:06.073,107161.1,0.0001,10.71611
2025-10-18 02:02:06.282,107161.09,0.00103,110.3759227
2025-10-18 02:02:07.084,107161.1,0.0001,10.71611
2025-10-18 02:02:07.889,107161.1,0.00025,26.790275
2025-10-18 02:02:08.010,107161.1,0.00124,132.879764
2025-10-18 02:02:08.045,107161.1,0.0001,10.71611
2025-10-18 02:02:08.220,107161.09,0.0192,2057.4929279999997
2025-10-18 02:02:08.841,107161.1,0.02506,2685.457166
2025-10-18 02:02:10.293,107161.1,0.0001,10.71611
2025-10-18 02:02:10.638,107161.1,0.0001,10.71611
2025-10-18 02:02:10.982,107161.09,9e-05,9.6444981
2025-10-18 02:02:11.322,107161.1,0.0001,10.71611
2025-10-18 02:02:11.365,107161.1,0.00012,12.859332
2025-10-18 02:02:11.724,107161.1,0.31563,33823.25799300001
2025-10-18 02:02:12.574,107161.1,0.0001,10.71611
2025-10-18 02:02:13.478,107161.1,0.00012,12.859332
2025-10-18 02:02:13.830,107161.1,0.0001,10.71611
2025-10-18 02:02:13.913,107161.09,0.00911,976.2375299
2025-10-18 02:02:14.621,107161.1,0.0001,10.71611
2025-10-18 02:02:15.169,107161.09,0.02697,2890.1345973
2025-10-18 02:02:15.528,107161.1,0.0001,10.71611
2025-10-18 02:02:16.545,107161.1,0.0001,10.71611
2025-10-18 02:02:16.549,107161.09,0.012,1285.93308
2025-10-18 02:02:16.551,107161.09,0.012,1285.93308
2025-10-18 02:02:16.554,107161.09,0.26006,27868.3130654
2025-10-18 02:02:16.561,107161.09,0.08688,9310.1554992
2025-10-18 02:02:16.566,107161.09,0.1967,21078.586403
2025-10-18 02:02:16.569,107161.09,0.00305,326.8413245
2025-10-18 02:02:16.573,107159.65,5e-05,5.3579825
2025-10-18 02:02:16.594,107156.81,8e-05,8.572544800000001
2025-10-18 02:02:16.597,107156.82,0.00025,26.789205000000003
2025-10-18 02:02:17.025,107156.82,0.00028,30.0039096
2025-10-18 02:02:17.132,107156.82,0.00099,106.08525180000001
2025-10-18 02:02:17.185,107156.82,0.00038,40.71959160000001
2025-10-18 02:02:17.396,107156.82,0.00018,19.288227600000003
2025-10-18 02:02:17.682,107156.82,0.00015,16.073522999999998
2025-10-18 02:02:18.027,107156.81,0.00034,36.433315400000005
2025-10-18 02:02:18.318,107156.82,0.00033,35.3617506
2025-10-18 02:02:18.400,107156.82,0.00037,39.6480234
2025-10-18 02:02:18.501,107156.82,0.00159,170.37934380000002
2025-10-18 02:02:18.581,107156.82,0.0001,10.715682000000001
2025-10-18 02:02:18.617,107156.82,0.00038,40.71959160000001
2025-10-18 02:02:18.736,107156.81,0.01525,1634.1413525
2025-10-18 02:02:18.826,107156.82,0.00094,100.7274108
2025-10-18 02:02:19.393,107156.81,0.00028,30.003906799999996
2025-10-18 02:02:20.120,107156.82,0.0001,10.715682000000001
2025-10-18 02:02:21.454,107156.82,0.00029,31.0754778
2025-10-18 02:02:21.604,107156.82,0.00094,100.7274108
2025-10-18 02:02:21.697,107156.82,0.0082,878.6859240000001
2025-10-18 02:02:21.698,107156.82,0.0002,21.431364000000002
2025-10-18 02:02:21.700,107156.82,0.0035,375.04887
2025-10-18 02:02:21.706,107156.82,0.05778,6191.521059600001
2025-10-18 02:02:21.708,107156.82,0.02889,3095.7605298000003
2025-10-18 02:02:21.716,107156.82,0.02498,2676.7773636
2025-10-18 02:02:21.726,107156.82,0.01444,1547.3444808000002
2025-10-18 02:02:21.733,107156.82,0.01444,1547.3444808000002
2025-10-18 02:02:21.743,107156.82,0.06165,6606.217953000001
2025-10-18 02:02:21.744,107156.82,0.08807,9437.3011374
2025-10-18 02:02:21.749,107156.82,0.03177,3404.3721714000003
2025-10-18 02:02:21.777,107156.83,0.00055,58.936256500000006
2025-10-18 02:02:21.779,107156.85,0.01319,1413.3988515
2025-10-18 02:02:21.802,107156.85,0.00025,26.7892125
2025-10-18 02:02:21.834,107157.14,0.04056,4346.2935984
2025-10-18 02:02:21.933,107157.15,0.0003,32.147144999999995
2025-10-18 02:02:21.935,107157.62,0.0001,10.715762
2025-10-18 02:02:22.000,107161.1,9e-05,9.644499000000001
2025-10-18 02:02:22.202,107161.1,0.00817,875.5061870000001
2025-10-18 02:02:22.235,107161.1,0.02636,2824.7665960000004
2025-10-18 02:02:22.472,107161.1,0.00123,131.808153
2025-10-18 02:02:22.506,107161.1,0.00316,338.629076
2025-10-18 02:02:22.642,107161.1,9e-05,9.644499000000001
2025-10-18 02:02:22.761,107161.1,9e-05,9.644499000000001
2025-10-18 02:02:23.048,107161.1,0.0001,10.71611
2025-10-18 02:02:23.806,107161.09,0.00242,259.32983779999995
2025-10-18 02:02:23.869,107161.1,0.00121,129.664931
2025-10-18 02:02:23.922,107161.09,0.00011,11.7877199
2025-10-18 02:02:24.273,107161.09,0.01866,1999.6259393999999
2025-10-18 02:02:24.357,107161.1,0.00055,58.93860500000001
2025-10-18 02:02:24.618,107161.1,0.00017,18.217387000000002
2025-10-18 02:02:24.777,107161.1,0.00011,11.787721000000001
2025-10-18 02:02:24.796,107161.1,0.00921,986.953731
2025-10-18 02:02:24.824,107161.1,0.00159,170.38614900000002
2025-10-18 02:02:24.828,107161.11,0.00747,800.4934917
2025-10-18 02:02:24.829,107161.11,0.00184,197.1764424
2025-10-18 02:02:24.947,107161.16,0.00205,219.68037800000002
2025-10-18 02:02:24.948,107161.78,5e-05,5.3580890000000005
2025-10-18 02:02:25.025,107163.6,8e-05,8.573088000000002
2025-10-18 02:02:25.385,107163.61,0.0001,10.716361000000001
2025-10-18 02:02:25.418,107163.6,0.00177,189.679572
2025-10-18 02:02:25.515,107166.51,0.0001,10.716651
2025-10-18 02:02:25.659,107170.37,9e-05,9.6453333
2025-10-18 02:02:25.801,107170.38,0.00047,50.3700786
2025-10-18 02:02:25.928,107170.37,0.17289,18528.685269299996
2025-10-18 02:02:26.577,107170.37,7e-05,7.501925899999999
2025-10-18 02:02:26.902,107174.17,0.01319,1413.6273023
2025-10-18 02:02:26.978,107174.17,0.028,3000.87676
2025-10-18 02:02:27.015,107179.33,0.12757,13672.867128099999
2025-10-18 02:02:27.054,107179.34,8e-05,8.5743472
2025-10-18 02:02:28.030,107179.33,4e-05,4.287173200000001
2025-10-18 02:02:28.225,107179.34,0.01483,1589.4696121999998
2025-10-18 02:02:28.767,107179.34,0.00229,245.4406886
2025-10-18 02:02:29.990,107179.34,0.00018,19.2922812
2025-10-18 02:02:30.295,107184.38,7e-05,7.502906599999999
2025-10-18 02:02:30.448,107184.97,0.00093,99.68202210000001
2025-10-18 02:02:30.512,107184.98,0.00373,399.79997539999994
2025-10-18 02:02:30.710,107184.97,0.00428,458.7516716
2025-10-18 02:02:30.759,107184.98,0.00459,491.9790582
2025-10-18 02:02:30.775,107184.97,0.02584,2769.6596248
2025-10-18 02:02:31.497,107184.97,5e-05,5.3592485000000005
2025-10-18 02:02:31.625,107184.97,0.00047,50.3769359
2025-10-18 02:02:31.753,107184.98,0.0001,10.718498
2025-10-18 02:02:32.255,107184.98,0.00085,91.107233
2025-10-18 02:02:33.002,107184.98,0.00022,23.5806956
2025-10-18 02:02:33.642,107184.98,0.00284,304.4053432
2025-10-18 02:02:33.717,107184.97,0.03783,4054.8074151000005
2025-10-18 02:02:34.120,107184.97,0.00029,31.0836413
2025-10-18 02:02:34.785,107184.98,8e-05,8.5747984
2025-10-18 02:02:34.966,107184.98,9e-05,9.6466482
2025-10-18 02:02:35.385,107184.97,0.00022,23.5806934
2025-10-18 02:02:36.638,107184.98,0.00042,45.0176916
2025-10-18 02:02:36.666,107184.97,0.00348,373.0036956
2025-10-18 02:02:37.106,107184.97,0.01833,1964.7005001
2025-10-18 02:02:37.107,107184.98,0.00186,199.3640628
2025-10-18 02:02:37.789,107184.98,0.00466,499.48200679999997
2025-10-18 02:02:38.022,107184.97,0.00017,18.2214449
2025-10-18 02:02:38.394,107184.98,9e-05,9.6466482
2025-10-18 02:02:38.980,107184.98,0.00264,282.9683472
2025-10-18 02:02:39.236,107184.98,0.00046,49.3050908
2025-10-18 02:02:40.333,107184.97,9e-05,9.646647300000001
2025-10-18 02:02:40.543,107184.97,0.0045,482.332365
2025-10-18 02:02:40.852,107184.97,0.01,1071.8497
2025-10-18 02:02:41.123,107184.98,6e-05,6.4310988
2025-10-18 02:02:42.041,107184.97,0.012,1286.21964
2025-10-18 02:02:42.109,107184.98,8e-05,8.5747984
2025-10-18 02:02:42.370,107184.98,0.0001,10.718498
2025-10-18 02:02:42.789,107184.97,0.012,1286.21964
2025-10-18 02:02:42.817,107184.98,6e-05,6.4310988
2025-10-18 02:02:43.044,107184.97,0.012,1286.21964
2025-10-18 02:02:43.287,107184.98,0.0015,160.77747
2025-10-18 02:02:43.362,107184.98,0.00019,20.3651462
2025-10-18 02:02:45.986,107184.98,0.00197,211.15441059999998
2025-10-18 02:02:46.803,107184.98,0.00029,31.0836442
2025-10-18 02:02:47.165,107184.98,0.00113,121.1190274
2025-10-18 02:02:47.647,107184.97,0.00011,11.7903467
2025-10-18 02:02:48.148,107184.98,8e-05,8.5747984
2025-10-18 02:02:48.716,107184.98,0.00019,20.3651462
2025-10-18 02:02:49.182,107184.97,0.02584,2769.6596248
2025-10-18 02:02:49.925,107184.98,0.00015,16.077747
2025-10-18 02:02:50.582,107184.98,0.024,2572.43952
2025-10-18 02:02:52.001,107184.97,0.00049,52.5206353
2025-10-18 02:02:52.113,107184.98,0.004,428.73992
2025-10-18 02:02:52.467,107184.97,7e-05,7.5029479
2025-10-18 02:02:52.785,107184.98,0.00122,130.76567559999998
2025-10-18 02:02:53.343,107184.98,0.00093,99.6820314
2025-10-18 02:02:53.471,107184.97,0.007,750.29479
2025-10-18 02:02:54.466,107184.97,0.00049,52.5206353
2025-10-18 02:02:55.400,107184.98,9e-05,9.6466482
2025-10-18 02:02:55.488,107184.97,0.0213,2283.0398609999997
2025-10-18 02:02:55.504,107184.98,0.00128,137.1967744
2025-10-18 02:02:55.940,107184.98,0.02227,2387.0095046
2025-10-18 02:02:56.258,107184.97,0.00443,474.8294171
2025-10-18 02:02:56.584,107184.97,8e-05,8.5747976
2025-10-18 02:02:57.835,107184.97,0.012,1286.21964
2025-10-18 02:02:58.008,107184.97,0.012,1286.21964
2025-10-18 02:02:58.009,107184.97,0.012,1286.21964
2025-10-18 02:02:59.197,107184.98,0.00025,26.796245
2025-10-18 02:02:59.318,107184.97,0.00086,92.1790742
2025-10-18 02:02:59.523,107184.97,0.00018,19.293294600000003
2025-10-18 02:02:59.937,107184.98,0.00014,15.005897199999998
2025-10-18 02:03:01.142,107184.98,0.00011,11.7903478
2025-10-18 02:03:01.281,107184.98,0.00262,280.8246476
2025-10-18 02:03:01.512,107184.97,0.00927,993.6046719000001
2025-10-18 02:03:01.532,107184.97,0.00018,19.293294600000003
2025-10-18 02:03:01.732,107184.97,0.00548,587.3736356
2025-10-18 02:03:02.198,107184.98,0.00037,39.6584426
2025-10-18 02:03:02.232,107184.97,0.00567,607.7387798999999
2025-10-18 02:03:02.938,107184.97,0.012,1286.21964
2025-10-18 02:03:02.939,107184.97,0.012,1286.21964
2025-10-18 02:03:02.940,107184.97,0.012,1286.21964
2025-10-18 02:03:03.005,107184.97,0.01105,1184.3939185000002
2025-10-18 02:03:03.015,107184.97,0.487,52199.08039
2025-10-18 02:03:03.017,107183.63,0.00013,13.9338719
2025-10-18 02:03:03.019,107183.82,5e-05,5.359191000000001
2025-10-18 02:03:03.025,107182.16,0.00165,176.850564
2025-10-18 02:03:03.036,107180.0,0.00015,16.076999999999998
2025-10-18 02:03:03.039,107179.0,0.0009,96.4611
2025-10-18 02:03:03.927,107178.54,0.001,107.17854
2025-10-18 02:03:03.928,107178.54,0.001,107.17854
2025-10-18 02:03:03.932,107178.54,0.001,107.17854
2025-10-18 02:03:04.092,107178.54,0.02707,2901.3230777999997
2025-10-18 02:03:04.095,107178.54,0.00188,201.4956552
2025-10-18 02:03:04.176,107178.55,0.015,1607.67825
2025-10-18 02:03:04.177,107178.55,0.013,1393.32115
2025-10-18 02:03:04.406,107178.54,0.0017,182.20351799999997
2025-10-18 02:03:04.565,107178.55,0.00012,12.861426
2025-10-18 02:03:05.548,107178.54,0.00938,1005.3347051999999
2025-10-18 02:03:05.665,107178.55,0.00215,230.4338825
2025-10-18 02:03:05.917,107178.54,0.02004,2147.8579416
2025-10-18 02:03:06.832,107178.54,0.0006,64.30712399999999
2025-10-18 02:03:07.578,107178.54,0.0232,2486.5421279999996
2025-10-18 02:03:07.800,107178.55,0.00045,48.2303475
2025-10-18 02:03:08.120,107178.55,0.00143,153.26532650000001
2025-10-18 02:03:08.262,107178.55,0.00466,499.452043
2025-10-18 02:03:08.651,107178.54,0.012,1286.14248
2025-10-18 02:03:08.653,107178.54,0.012,1286.14248
2025-10-18 02:03:09.198,107178.54,0.012,1286.14248
2025-10-18 02:03:09.199,107178.54,0.012,1286.14248
2025-10-18 02:03:09.621,107178.54,0.012,1286.14248
2025-10-18 02:03:09.623,107178.54,0.012,1286.14248
2025-10-18 02:03:09.727,107178.55,0.00461,494.09311550000007
2025-10-18 02:03:09.972,107178.55,0.00023,24.651066500000002
2025-10-18 02:03:10.471,107178.55,0.00139,148.9781845
2025-10-18 02:03:11.026,107178.55,0.00212,227.218526
2025-10-18 02:03:11.117,107178.54,0.0047,503.73913799999997
2025-10-18 02:03:11.283,107178.54,0.00553,592.6973262
2025-10-18 02:03:11.329,107178.55,0.0038,407.27849000000003
2025-10-18 02:03:11.980,107178.54,0.08,8574.2832
2025-10-18 02:03:12.146,107178.55,8e-05,8.574284
2025-10-18 02:03:12.339,107178.55,4e-05,4.287142
2025-10-18 02:03:12.779,107178.55,0.00037,39.6560635
2025-10-18 02:03:13.232,107178.55,0.00029,31.0817795
2025-10-18 02:03:13.615,107178.54,0.00933,999.9757781999999
2025-10-18 02:03:13.989,107178.54,0.012,1286.14248
2025-10-18 02:03:15.425,107178.54,0.012,1286.14248
2025-10-18 02:03:16.071,107178.54,0.012,1286.14248
2025-10-18 02:03:16.251,107178.55,0.00047,50.3739185
2025-10-18 02:03:16.262,107178.54,0.00016,17.1485664
2025-10-18 02:03:16.275,107178.54,0.00126,135.0449604
2025-10-18 02:03:16.308,107178.55,0.00013,13.933211499999999
2025-10-18 02:03:16.584,107178.54,0.0001,10.717853999999999
2025-10-18 02:03:16.866,107178.55,0.00933,999.9758715
2025-10-18 02:03:17.076,107178.55,6e-05,6.430713
2025-10-18 02:03:18.288,107178.55,0.09329,9998.6869295
2025-10-18 02:03:19.576,107178.54,0.01013,1085.7186102
2025-10-18 02:03:19.763,107178.55,0.00012,12.861426
2025-10-18 02:03:20.636,107178.55,0.00777,832.7773335
2025-10-18 02:03:21.454,107178.55,0.00022,23.579281
2025-10-18 02:03:21.711,107178.55,0.00018,19.292139000000002
2025-10-18 02:03:21.797,107178.55,0.00016,17.148568
2025-10-18 02:03:21.817,107178.54,0.0002,21.435707999999998
2025-10-18 02:03:22.785,107178.55,8e-05,8.574284
2025-10-18 02:03:23.101,107178.55,5e-05,5.3589275
2025-10-18 02:03:23.290,107178.55,0.004,428.7142
2025-10-18 02:03:23.769,107178.55,0.00015,16.0767825
2025-10-18 02:03:23.856,107178.55,0.00019,20.363924500000003
2025-10-18 02:03:23.880,107178.55,5e-05,5.3589275
2025-10-18 02:03:23.882,107178.55,0.00093,99.67605150000001
2025-10-18 02:03:24.785,107178.55,0.00031,33.2253505
2025-10-18 02:03:25.533,107178.55,0.00021,22.5074955
2025-10-18 02:03:25.776,107178.54,0.01914,2051.3972556
2025-10-18 02:03:26.282,107178.54,0.00018,19.2921372
2025-10-18 02:03:27.537,107178.55,0.00037,39.6560635
2025-10-18 02:03:28.423,107178.55,0.0089,953.889095
2025-10-18 02:03:28.681,107178.54,0.00092,98.6042568
2025-10-18 02:03:28.912,107178.54,5e-05,5.3589269999999996
2025-10-18 02:03:29.061,107178.55,0.00123,131.82961650000001
2025-10-18 02:03:29.276,107178.54,0.00209,224.00314859999997
2025-10-18 02:03:29.722,107178.55,8e-05,8.574284
2025-10-18 02:03:30.930,107178.55,0.00046,49.302133000000005
2025-10-18 02:03:32.003,107178.54,0.00949,1017.1243446
2025-10-18 02:03:32.308,107178.54,0.012,1286.14248
2025-10-18 02:03:32.513,107178.55,0.00079,84.6710545
2025-10-18 02:03:32.877,107178.55,8e-05,8.574284
2025-10-18 02:03:33.035,107178.54,0.01487,1593.7448897999998
2025-10-18 02:03:33.560,107178.55,0.00013,13.933211499999999
2025-10-18 02:03:33.585,107178.55,0.00023,24.651066500000002
2025-10-18 02:03:34.324,107178.55,0.00013,13.933211499999999
2025-10-18 02:03:34.331,107178.54,0.00023,24.6510642
2025-10-18 02:03:34.480,107178.54,0.003,321.53562
2025-10-18 02:03:34.939,107178.55,0.00169,181.1317495
2025-10-18 02:03:34.995,107178.55,0.00046,49.302133000000005
2025-10-18 02:03:35.502,107178.55,9e-05,9.646069500000001
2025-10-18 02:03:35.693,107178.54,0.00028,30.009991199999995
2025-10-18 02:03:35.785,107178.55,0.00097,103.9631935
2025-10-18 02:03:35.933,107178.54,0.00265,284.023131
2025-10-18 02:03:36.343,107178.54,0.00033,35.368918199999996
2025-10-18 02:03:37.843,107178.55,0.00132,141.475686
2025-10-18 02:03:37.883,107178.54,0.00015,16.076780999999997
2025-10-18 02:03:38.616,107178.55,7e-05,7.5024985
2025-10-18 02:03:38.852,107178.54,0.01946,2085.6943884
2025-10-18 02:03:39.061,107178.54,0.012,1286.14248
2025-10-18 02:03:39.668,107178.54,9e-05,9.6460686
2025-10-18 02:03:39.971,107178.55,0.00013,13.933211499999999
2025-10-18 02:03:40.084,107178.54,0.00029,31.081776599999998
2025-10-18 02:03:40.112,107178.55,0.00238,255.08494900000002
2025-10-18 02:03:40.133,107178.55,9e-05,9.646069500000001
2025-10-18 02:03:40.461,107178.54,0.0006,64.30712399999999
2025-10-18 02:03:40.754,107178.55,0.001,107.17855
2025-10-18 02:03:40.932,107178.54,0.00045,48.230343
2025-10-18 02:03:41.204,107178.54,0.00057,61.09176779999999
2025-10-18 02:03:42.425,107178.55,0.00367,393.3452785
2025-10-18 02:03:43.170,107178.55,0.00088,94.317124
2025-10-18 02:03:43.242,107178.55,0.00093,99.67605150000001
2025-10-18 02:03:43.643,107178.55,0.00049,52.517489499999996
2025-10-18 02:03:44.746,107178.55,0.00026,27.866422999999998
2025-10-18 02:03:45.308,107178.55,0.01586,1699.851803
2025-10-18 02:03:45.734,107178.55,0.01085,1162.8872675
2025-10-18 02:03:45.747,107178.55,0.00125,133.9731875
2025-10-18 02:03:46.481,107178.55,0.00161,172.5574655
2025-10-18 02:03:46.913,107178.54,0.00011,11.7896394
2025-10-18 02:03:47.680,107178.54,0.00015,16.076780999999997
2025-10-18 02:03:48.038,107178.55,0.01866,1999.951743
2025-10-18 02:03:48.446,107178.55,0.00052,55.732845999999995
2025-10-18 02:03:48.651,107178.55,0.0933,9999.758715
2025-10-18 02:03:49.163,107178.54,0.00599,641.9994545999999
2025-10-18 02:03:51.263,107178.55,0.00073,78.2403415
2025-10-18 02:03:51.375,107178.54,0.0033,353.68918199999996
2025-10-18 02:03:52.040,107178.54,0.00111,118.9681794
2025-10-18 02:03:52.463,107178.54,8e-05,8.5742832
2025-10-18 02:03:53.390,107178.54,0.00046,49.3021284
2025-10-18 02:03:53.753,107178.55,0.00046,49.302133000000005
2025-10-18 02:03:54.079,107178.55,0.00093,99.67605150000001
2025-10-18 02:03:54.275,107178.55,0.00039,41.7996345
2025-10-18 02:03:54.466,107178.54,0.0002,21.435707999999998
2025-10-18 02:03:54.775,107178.55,0.00055,58.94820250000001
2025-10-18 02:03:55.217,107178.55,0.00029,31.0817795
2025-10-18 02:03:56.226,107178.54,0.01903,2039.6076161999997
2025-10-18 02:03:56.986,107178.54,0.00454,486.5905715999999
2025-10-18 02:03:57.563,107178.54,0.00052,55.73284079999999
2025-10-18 02:03:58.404,107178.55,0.00109,116.82461950000001
2025-10-18 02:03:59.243,107178.55,0.00069,73.9531995
2025-10-18 02:03:59.375,107178.55,0.00011,11.7896405
2025-10-18 02:03:59.824,107178.55,0.00016,17.148568
2025-10-18 02:04:00.168,107178.54,0.00139,148.9781706
2025-10-18 02:04:00.527,107178.55,0.00211,226.1467405
2025-10-18 02:04:00.676,107178.55,0.00844,904.586962
2025-10-18 02:04:00.817,107178.55,0.03893,4172.4609515
2025-10-18 02:04:00.870,107178.56,0.028,3000.99968
2025-10-18 02:04:00.872,107178.56,0.00146,156.48069759999998
2025-10-18 02:04:00.875,107179.89,0.00015,16.076983499999997
2025-10-18 02:04:00.877,107179.9,0.05084,5449.026116
2025-10-18 02:04:00.880,107179.9,0.0004,42.87196
2025-10-18 02:04:00.886,107179.91,0.00017,18.220584700000003
2025-10-18 02:04:00.888,107179.91,0.00083,88.9593253
2025-10-18 02:04:00.915,107182.83,0.00373,399.7919559
2025-10-18 02:04:01.112,107184.89,0.00014,15.005884599999998
2025-10-18 02:04:01.239,107184.88,0.0007,75.029416
2025-10-18 02:04:01.583,107184.88,8e-05,8.574790400000001
2025-10-18 02:04:04.075,107184.88,0.0005,53.59244
2025-10-18 02:04:05.954,107184.89,0.00105,112.5441345
2025-10-18 02:04:05.959,107184.89,0.00012,12.8621868
2025-10-18 02:04:06.862,107184.89,0.00021,22.508826900000003
2025-10-18 02:04:06.955,107184.89,0.00025,26.7962225
2025-10-18 02:04:07.355,107184.88,0.00063,67.52647440000001
2025-10-18 02:04:08.385,107184.88,0.00029,31.0836152
2025-10-18 02:04:08.651,107184.89,0.01025,1098.6451225
2025-10-18 02:04:10.481,107184.89,0.00105,112.5441345
2025-10-18 02:04:10.555,107184.89,0.027,2893.99203
2025-10-18 02:04:10.906,107184.89,0.00012,12.8621868
2025-10-18 02:04:11.894,107184.88,0.00554,593.8042352
2025-10-18 02:04:12.137,107184.88,0.00422,452.3201936
2025-10-18 02:04:12.138,107184.88,0.00339,363.3567432
2025-10-18 02:04:12.151,107184.88,6e-05,6.4310928
2025-10-18 02:04:12.169,107184.88,0.02802,3003.3203376
2025-10-18 02:04:12.332,107184.89,0.00066,70.7420274
2025-10-18 02:04:13.075,107184.88,0.00092,98.61008960000001
2025-10-18 02:04:13.998,107184.89,0.04554,4881.1998906
2025-10-18 02:04:14.579,107184.89,0.00012,12.8621868
2025-10-18 02:04:15.186,107184.88,0.00129,138.2684952
2025-10-18 02:04:15.732,107184.89,0.00038,40.7302582
2025-10-18 02:04:15.833,107184.88,0.00068,72.8857184
2025-10-18 02:04:16.060,107184.89,0.00018,19.2932802
2025-10-18 02:04:16.469,107184.89,0.00109,116.83153010000001
2025-10-18 02:04:16.475,107184.89,0.00012,12.8621868
2025-10-18 02:04:16.528,107184.89,0.00019,20.3651291
2025-10-18 02:04:16.532,107184.89,0.00019,20.3651291
2025-10-18 02:04:16.547,107184.89,0.00011,11.7903379
2025-10-18 02:04:16.793,107184.89,0.00047,50.3768983
2025-10-18 02:04:16.891,107184.89,0.00024,25.7243736
2025-10-18 02:04:16.925,107184.89,0.00047,50.3768983
2025-10-18 02:04:17.025,107184.89,0.00047,50.3768983
2025-10-18 02:04:17.124,107184.88,0.00396,424.45212480000004
2025-10-18 02:04:17.332,107184.89,0.00014,15.005884599999998
2025-10-18 02:04:17.481,107184.89,0.0001,10.718489
2025-10-18 02:04:17.585,107184.89,0.00028,30.011769199999996
2025-10-18 02:04:17.725,107184.89,0.0001,10.718489
2025-10-18 02:04:17.968,107184.89,0.005,535.92445
2025-10-18 02:04:18.132,107184.89,0.0001,10.718489
2025-10-18 02:04:18.224,107184.89,0.002,214.36978
2025-10-18 02:04:18.240,107184.89,6e-05,6.4310934
2025-10-18 02:04:18.274,107184.89,0.00186,199.36389540000002
2025-10-18 02:04:18.329,107184.89,0.001,107.18489
2025-10-18 02:04:18.383,107184.89,0.002,214.36978
2025-10-18 02:04:18.409,107184.89,0.002,214.36978
2025-10-18 02:04:18.438,107184.88,0.00927,993.6038376000001
2025-10-18 02:04:18.519,107184.89,0.007,750.29423
2025-10-18 02:04:18.691,107184.89,0.0001,10.718489
2025-10-18 02:04:18.738,107184.89,0.00028,30.011769199999996
2025-10-18 02:04:18.781,107184.89,0.00094,100.7537966
2025-10-18 02:04:18.862,107184.89,0.0001,10.718489
2025-10-18 02:04:18.925,107184.89,0.00019,20.3651291
2025-10-18 02:04:18.933,107184.89,0.009,964.66401
2025-10-18 02:04:18.949,107184.89,6e-05,6.4310934
2025-10-18 02:04:19.066,107184.89,0.00018,19.2932802
2025-10-18 02:04:19.233,107184.88,7e-05,7.5029416
2025-10-18 02:04:20.077,107184.89,0.00062,66.4546318
2025-10-18 02:04:20.201,107184.89,0.00093,99.68194770000001
2025-10-18 02:04:20.368,107184.89,0.00045,48.233200499999995
2025-10-18 02:04:20.578,107184.89,6e-05,6.4310934
2025-10-18 02:04:20.825,107184.88,0.0003,32.155464
2025-10-18 02:04:21.610,107184.89,6e-05,6.4310934
2025-10-18 02:04:21.613,107184.89,0.00406,435.17065340000005
2025-10-18 02:04:21.843,107184.89,0.00094,100.7537966
2025-10-18 02:04:22.717,107184.88,0.00046,49.305044800000005
2025-10-18 02:04:22.772,107184.89,0.01823,1953.9805446999999
2025-10-18 02:04:23.370,107184.89,0.00094,100.7537966
2025-10-18 02:04:23.385,107184.88,0.00018,19.293278400000002
2025-10-18 02:04:23.582,107184.89,7e-05,7.502942299999999
2025-10-18 02:04:24.002,107184.89,0.00466,499.4815874
2025-10-18 02:04:24.616,107184.89,0.00012,12.8621868
2025-10-18 02:04:25.168,107184.89,0.00013,13.934035699999999
2025-10-18 02:04:25.217,107184.88,0.00011,11.7903368
2025-10-18 02:04:25.332,107184.88,0.0259,2776.088392
2025-10-18 02:04:25.695,107184.89,9e-05,9.6466401
2025-10-18 02:04:25.732,107184.89,0.00245,262.6029805
2025-10-18 02:04:25.843,107184.88,0.00052,55.7361376
2025-10-18 02:04:26.325,107184.89,0.0001,10.718489
2025-10-18 02:04:26.381,107184.89,0.00085,91.10715649999999
2025-10-18 02:04:26.446,107184.89,0.00013,13.934035699999999
2025-10-18 02:04:26.694,107184.89,0.00093,99.68194770000001
2025-10-18 02:04:27.334,107184.89,0.027,2893.99203
2025-10-18 02:04:28.022,107184.88,9e-05,9.646639200000001
2025-10-18 02:04:28.143,107184.88,0.00062,66.4546256
2025-10-18 02:04:28.438,107184.89,0.0014,150.058846
2025-10-18 02:04:28.691,107184.89,7e-05,7.502942299999999
2025-10-18 02:04:28.789,107184.88,0.00154,165.0647152
2025-10-18 02:04:29.093,107184.89,0.001,107.18489
2025-10-18 02:04:29.137,107184.89,0.00019,20.3651291
2025-10-18 02:04:29.491,107184.88,0.00042,45.017649600000006
2025-10-18 02:04:29.867,107184.89,0.00014,15.005884599999998
2025-10-18 02:04:29.898,107184.89,0.00082,87.8916098
2025-10-18 02:04:30.038,107184.89,0.00065,69.67017849999999
2025-10-18 02:04:30.103,107184.89,0.00105,112.5441345
2025-10-18 02:04:30.313,107184.89,0.00093,99.68194770000001
2025-10-18 02:04:30.582,107184.89,0.00024,25.7243736
2025-10-18 02:04:30.590,107184.89,0.0001,10.718489
2025-10-18 02:04:30.722,107184.89,0.01907,2044.0158523
2025-10-18 02:04:31.578,107184.88,7e-05,7.5029416
2025-10-18 02:04:31.871,107184.88,0.00086,92.17899680000001
2025-10-18 02:04:32.023,107184.88,0.00016,17.149580800000003
2025-10-18 02:04:32.161,107184.89,0.0003,32.155466999999994
2025-10-18 02:04:32.387,107184.89,0.0005,53.592445
2025-10-18 02:04:32.731,107184.89,0.00047,50.3768983
2025-10-18 02:04:32.854,107184.88,8e-05,8.574790400000001
2025-10-18 02:04:33.580,107184.89,0.019,2036.51291
2025-10-18 02:04:33.590,107184.98,0.00897,961.4492706
2025-10-18 02:04:33.594,107184.98,0.00171,183.28631579999998
2025-10-18 02:04:33.989,107185.0,0.009,964.665
2025-10-18 02:04:34.792,107185.0,0.00011,11.79035
2025-10-18 02:04:35.815,107185.0,0.00027,28.93995
2025-10-18 02:04:35.835,107185.0,0.00011,11.79035
2025-10-18 02:04:35.910,107184.99,0.00021,22.508847900000003
2025-10-18 02:04:36.158,107185.0,0.00186,199.3641
2025-10-18 02:04:36.362,107184.99,0.00291,311.9083209
2025-10-18 02:04:36.731,107184.99,0.00014,15.0058986
2025-10-18 02:04:36.902,107185.0,0.00011,11.79035
2025-10-18 02:04:37.721,107184.99,0.00019,20.365148100000003
2025-10-18 02:04:37.793,107184.99,0.00041,43.9458459
2025-10-18 02:04:37.916,107185.0,0.00011,11.79035
2025-10-18 02:04:38.142,107185.0,0.00014,15.005899999999999
2025-10-18 02:04:38.232,107184.99,0.00108,115.7597892
2025-10-18 02:04:38.263,107185.0,0.015,1607.7749999999999
2025-10-18 02:04:38.389,107185.0,0.012,1286.22
2025-10-18 02:04:38.848,107185.0,0.00011,11.79035
2025-10-18 02:04:39.724,107185.0,0.00337,361.21345
2025-10-18 02:04:40.687,107185.0,0.00024,25.7244
2025-10-18 02:04:40.717,107185.0,0.0059,632.3915
2025-10-18 02:04:42.317,107185.0,6e-05,6.4311
2025-10-18 02:04:42.600,107185.0,0.131,14041.235
2025-10-18 02:04:42.601,107186.66,0.0001,10.718666
2025-10-18 02:04:42.604,107189.27,0.00171,183.2936517
2025-10-18 02:04:42.621,107196.01,5e-05,5.3598005
2025-10-18 02:04:42.661,107199.59,0.027,2894.38893
2025-10-18 02:04:42.763,107199.59,0.003,321.59877
2025-10-18 02:04:42.780,107199.58,0.00122,130.7834876
2025-10-18 02:04:42.806,107199.59,0.22694,24327.8749546
2025-10-18 02:04:42.808,107200.72,0.06217,6664.668762400001
2025-10-18 02:04:42.812,107200.72,0.0009,96.480648
2025-10-18 02:04:42.915,107206.31,0.00015,16.0809465
2025-10-18 02:04:43.164,107206.31,0.00024,25.7295144
2025-10-18 02:04:44.515,107210.31,0.0015,160.815465
2025-10-18 02:04:44.737,107212.06,0.00014,15.009688399999998
2025-10-18 02:04:45.641,107212.06,0.00025,26.803015
2025-10-18 02:04:46.566,107212.06,0.00036,38.5963416
2025-10-18 02:04:46.719,107212.05,0.0012,128.65446
2025-10-18 02:04:46.785,107212.06,0.00065,69.687839
2025-10-18 02:04:47.232,107212.06,0.00051,54.6781506
2025-10-18 02:04:47.317,107212.06,0.00018,19.2981708
2025-10-18 02:04:47.883,107212.05,0.00038,40.740579000000004
2025-10-18 02:04:48.715,107219.08,0.00015,16.082862
2025-10-18 02:04:49.372,107219.09,0.00017,18.2272453
2025-10-18 02:04:49.526,107219.08,0.05347,5733.0042076
2025-10-18 02:04:49.903,107219.08,0.00149,159.7564292
2025-10-18 02:04:50.164,107219.09,0.00017,18.2272453
2025-10-18 02:04:51.963,107219.08,0.00089,95.42498119999999
2025-10-18 02:04:52.676,107219.09,0.0028,300.21345199999996
2025-10-18 02:04:52.682,107219.08,9e-05,9.649717200000001
2025-10-18 02:04:54.154,107219.09,0.00861,923.1563649
2025-10-18 02:04:54.585,107219.17,0.00025,26.8047925
2025-10-18 02:04:54.665,107219.18,0.027,2894.9178599999996
2025-10-18 02:04:54.667,107219.18,0.01973,2115.4344214
2025-10-18 02:04:54.668,107219.19,0.00085,91.13631149999999
2025-10-18 02:04:54.704,107219.99,0.0058,621.875942
2025-10-18 02:04:54.788,107220.0,0.02283,2447.8326
2025-10-18 02:04:54.790,107220.76,0.00035,37.527266
2025-10-18 02:04:54.834,107225.52,0.00162,173.7053424
2025-10-18 02:04:55.887,107225.52,0.00025,26.80638
2025-10-18 02:04:56.382,107225.51,0.0003,32.167652999999994
2025-10-18 02:04:56.853,107225.52,0.027,2895.0890400000003
2025-10-18 02:04:57.062,107225.52,0.00025,26.80638
2025-10-18 02:04:57.257,107225.52,0.00025,26.80638
2025-10-18 02:04:57.325,107225.52,0.00467,500.7431784
2025-10-18 02:04:57.645,107225.51,0.00578,619.7634478
2025-10-18 02:04:57.724,107225.52,0.04664,5000.9982528
2025-10-18 02:04:57.862,107225.52,0.00119,127.59836880000002
2025-10-18 02:04:58.115,107230.5,6e-05,6.43383
2025-10-18 02:04:58.127,107234.87,0.027,2895.34149
2025-10-18 02:04:58.215,107237.46,0.00015,16.085619
2025-10-18 02:04:58.247,107238.62,0.00049,52.546923799999995
2025-10-18 02:04:58.439,107238.62,0.00029,31.099199799999997
2025-10-18 02:04:58.529,107238.62,0.00318,341.0188116
2025-10-18 02:04:58.581,107238.63,0.00011,11.796249300000001
2025-10-18 02:04:59.311,107238.63,0.03263,3499.1964969
2025-10-18 02:04:59.769,107238.62,0.00734,787.1314708
2025-10-18 02:05:00.818,107238.63,0.00086,92.2252218
2025-10-18 02:05:00.839,107238.62,0.002,214.47724
2025-10-18 02:05:01.014,107238.63,6e-05,6.4343178000000005
2025-10-18 02:05:01.219,107238.63,0.0002,21.447726000000003
2025-10-18 02:05:01.349,107238.63,0.0001,10.723863000000001
2025-10-18 02:05:01.682,107238.62,0.00776,832.1716912
2025-10-18 02:05:01.732,107238.63,7e-05,7.506704099999999
2025-10-18 02:05:01.773,107238.62,9e-05,9.6514758
2025-10-18 02:05:02.032,107238.62,0.00071,76.1394202
2025-10-18 02:05:02.223,107238.62,0.00318,341.0188116
2025-10-18 02:05:03.116,107238.62,0.01047,1122.7883514
2025-10-18 02:05:03.117,107238.62,0.00289,309.9196118
2025-10-18 02:05:03.316,107238.63,0.0049,525.469287
2025-10-18 02:05:04.587,107238.63,0.00073,78.2841999
2025-10-18 02:05:05.042,107238.62,0.00024,25.7372688
2025-10-18 02:05:05.493,107238.63,0.00046,49.3297698
2025-10-18 02:05:05.715,107245.72,0.00025,26.81143
2025-10-18 02:05:05.852,107245.73,0.08456,9068.698928799999
2025-10-18 02:05:05.915,107245.72,0.00028,30.028801599999998
2025-10-18 02:05:06.229,107247.34,0.00273,292.7852382
2025-10-18 02:05:06.950,107248.83,0.00023,24.6672309
2025-10-18 02:05:07.449,107248.82,0.00317,339.97875940000006
2025-10-18 02:05:07.851,107248.83,0.00044,47.1894852
2025-10-18 02:05:08.164,107248.82,0.00734,787.2063388
2025-10-18 02:05:08.200,107248.83,0.003,321.74649
2025-10-18 02:05:08.281,107248.82,0.0154,1651.6318280000003
2025-10-18 02:05:08.423,107248.82,0.00033,35.3921106
2025-10-18 02:05:08.502,107248.83,0.00325,348.5586975
2025-10-18 02:05:09.031,107248.83,0.00239,256.32470370000004
2025-10-18 02:05:09.107,107248.84,0.00195,209.135238
2025-10-18 02:05:09.111,107249.35,0.00866,928.779371
2025-10-18 02:05:09.114,107250.0,0.02398,2571.855
2025-10-18 02:05:09.176,107254.15,0.0001,10.725415
2025-10-18 02:05:09.184,107254.72,0.0006,64.35283199999999
2025-10-18 02:05:09.229,107254.95,0.0022,235.96089
2025-10-18 02:05:09.334,107254.96,0.00206,220.94521760000003
2025-10-18 02:05:09.569,107256.0,0.003,321.76800000000003
2025-10-18 02:05:09.570,107256.5,6e-05,6.43539
2025-10-18 02:05:09.571,107256.64,5e-05,5.362832
2025-10-18 02:05:09.575,107258.0,0.0013,139.4354
2025-10-18 02:05:09.615,107258.0,0.00245,262.7821
2025-10-18 02:05:09.623,107258.01,0.00135,144.7983135
2025-10-18 02:05:09.882,107260.0,0.00046,49.339600000000004
2025-10-18 02:05:10.015,107261.82,0.00171,183.4177122
2025-10-18 02:05:10.016,107262.0,0.09323,10000.036259999999
2025-10-18 02:05:10.464,107261.99,0.0023,246.70257700000002
2025-10-18 02:05:10.485,107262.0,0.00027,28.96074
2025-10-18 02:05:10.895,107262.0,0.04523,4851.46026
2025-10-18 02:05:10.897,107262.35,5e-05,5.3631175
2025-10-18 02:05:10.901,107263.01,0.0007,75.08410699999999
2025-10-18 02:05:11.123,107264.0,0.0044,471.96160000000003
2025-10-18 02:05:11.125,107264.19,0.00015,16.0896285
2025-10-18 02:05:11.126,107266.25,6e-05,6.435975
2025-10-18 02:05:11.361,107267.54,0.003,321.80262
2025-10-18 02:05:11.363,107267.55,0.0007,75.087285
2025-10-18 02:05:11.366,107267.56,0.00115,123.357694
2025-10-18 02:05:11.419,107268.0,0.002,214.536
2025-10-18 02:05:11.438,107268.0,9e-05,9.65412
2025-10-18 02:05:11.503,107267.99,0.07155,7675.024684500001
2025-10-18 02:05:11.571,107267.99,0.006,643.6079400000001
2025-10-18 02:05:11.704,107268.0,0.005,536.34
2025-10-18 02:05:11.868,107268.0,0.006,643.6080000000001
2025-10-18 02:05:11.932,107267.99,0.00112,120.14014879999999
2025-10-18 02:05:12.015,107273.77,5e-05,5.3636885
2025-10-18 02:05:12.403,107277.39,0.00318,341.1421002
2025-10-18 02:05:12.785,107277.4,0.00346,371.179804
2025-10-18 02:05:12.816,107277.4,0.00149,159.843326
2025-10-18 02:05:12.817,107277.4,0.00149,159.843326
2025-10-18 02:05:12.818,107277.4,0.00035,37.54709
2025-10-18 02:05:12.894,107277.39,0.00734,787.4160426
2025-10-18 02:05:13.349,107277.4,0.00168,180.226032
2025-10-18 02:05:13.354,107277.4,0.0025,268.1935
2025-10-18 02:05:13.462,107277.4,0.00342,366.88870799999995
2025-10-18 02:05:13.538,107277.4,0.00172,184.51712799999999
2025-10-18 02:05:13.542,107277.41,0.00152,163.06166320000003
2025-10-18 02:05:13.543,107280.98,0.0001,10.728098
2025-10-18 02:05:13.545,107280.97,0.005,536.40485
2025-10-18 02:05:13.574,107280.99,0.00186,199.5426414
2025-10-18 02:05:13.664,107280.99,0.00115,123.37313850000001
2025-10-18 02:05:13.682,107281.99,0.00984,1055.6547816
2025-10-18 02:05:14.032,107282.0,0.00932,999.86824
2025-10-18 02:05:14.673,107281.99,0.00036,38.621516400000004
2025-10-18 02:05:14.728,107281.99,0.14401,15449.6793799
2025-10-18 02:05:14.815,107282.0,0.05039,5405.93998
2025-10-18 02:05:14.821,107285.13,0.00137,146.9806281
2025-10-18 02:05:14.823,107285.13,0.00137,146.9806281
2025-10-18 02:05:15.031,107285.14,0.00464,497.8030496
2025-10-18 02:05:15.088,107285.13,0.09047,9706.0857111
2025-10-18 02:05:15.120,107285.14,6e-05,6.4371084000000005
2025-10-18 02:05:15.333,107285.13,0.003,321.85539
2025-10-18 02:05:15.437,107285.13,0.00092,98.70231960000001
2025-10-18 02:05:15.813,107285.14,0.00029,31.1126906
2025-10-18 02:05:15.891,107285.14,0.00048,51.496867200000004
2025-10-18 02:05:15.915,107287.84,0.00015,16.093176
2025-10-18 02:05:17.112,107289.98,0.00042,45.0617916
2025-10-18 02:05:17.319,107289.98,0.00317,340.1092366
2025-10-18 02:05:17.339,107289.99,0.00047,50.4262953
2025-10-18 02:05:18.422,107289.98,9e-05,9.6560982
2025-10-18 02:05:19.055,107289.99,0.00012,12.8747988
2025-10-18 02:05:19.276,107289.98,0.13623,14616.113975399998
2025-10-18 02:05:19.374,107289.98,0.00021,22.5308958
2025-10-18 02:05:19.510,107289.98,0.00024,25.749595199999998
2025-10-18 02:05:19.696,107289.99,0.00191,204.9238809
2025-10-18 02:05:20.197,107289.98,0.00022,23.6037956
2025-10-18 02:05:20.783,107289.99,0.00046,49.353395400000004
2025-10-18 02:05:21.055,107289.98,0.11001,11802.970699799998
2025-10-18 02:05:21.059,107289.98,0.012,1287.47976
2025-10-18 02:05:21.060,107289.98,0.012,1287.47976
2025-10-18 02:05:21.064,107289.98,0.012,1287.47976
2025-10-18 02:05:21.083,107289.98,0.00203,217.7986594
2025-10-18 02:05:21.097,107289.98,0.00363,389.4626274
2025-10-18 02:05:21.099,107289.98,3.0393,326086.436214
2025-10-18 02:05:21.101,107285.14,0.0001,10.728514
2025-10-18 02:05:21.107,107281.18,0.0004,42.912472
2025-10-18 02:05:21.109,107280.98,0.00015,16.092146999999997
2025-10-18 02:05:21.132,107280.7,0.00121,129.80964699999998
2025-10-18 02:05:21.140,107280.0,0.00115,123.372
2025-10-18 02:05:21.166,107278.7,0.00045,48.275414999999995
2025-10-18 02:05:21.444,107277.71,0.00018,19.309987800000002
2025-10-18 02:05:21.534,107277.71,9e-05,9.654993900000001
2025-10-18 02:05:21.740,107277.7,6e-05,6.436662
2025-10-18 02:05:21.788,107277.71,8e-05,8.582216800000001
2025-10-18 02:05:21.916,107277.7,0.00013,13.946100999999999
2025-10-18 02:05:21.925,107277.71,0.00046,49.34774660000001
2025-10-18 02:05:22.330,107277.71,9e-05,9.654993900000001
2025-10-18 02:05:22.551,107277.7,0.00318,341.143086
2025-10-18 02:05:22.616,107277.71,0.00093,99.76827030000001
2025-10-18 02:05:22.642,107277.7,0.00058,62.221066
2025-10-18 02:05:22.654,107277.71,6e-05,6.436662600000001
2025-10-18 02:05:22.862,107277.7,0.0001,10.72777
2025-10-18 02:05:23.390,107277.7,0.00088,94.404376
2025-10-18 02:05:23.447,107277.71,0.027,2896.4981700000003
2025-10-18 02:05:24.009,107277.71,0.01079,1157.5264909
2025-10-18 02:05:24.257,107277.71,0.55,59002.74050000001
2025-10-18 02:05:24.743,107277.71,8e-05,8.582216800000001
2025-10-18 02:05:24.768,107277.71,8e-05,8.582216800000001
2025-10-18 02:05:24.904,107277.7,0.00529,567.499033
2025-10-18 02:05:25.001,107277.7,0.00417,447.348009
2025-10-18 02:05:25.263,107277.7,0.00016,17.164432
2025-10-18 02:05:25.278,107277.71,0.00302,323.97868420000003
2025-10-18 02:05:26.278,107277.71,0.00061,65.4394031
2025-10-18 02:05:26.974,107277.7,0.0011,118.00547
2025-10-18 02:05:27.512,107277.7,0.00317,340.070309
2025-10-18 02:05:28.043,107277.71,0.00053,56.8571863
2025-10-18 02:05:28.688,107277.7,0.00515,552.480155
2025-10-18 02:05:28.781,107277.7,0.012,1287.3324
2025-10-18 02:05:28.783,107277.7,0.012,1287.3324
2025-10-18 02:05:29.172,107277.71,0.02925,3137.8730175000005
2025-10-18 02:05:29.822,107277.7,0.05927,6358.349279
2025-10-18 02:05:30.012,107277.71,0.00011,11.8005481
2025-10-18 02:05:30.101,107277.71,7e-05,7.5094397
2025-10-18 02:05:30.201,107277.71,0.01545,1657.4406195000001
2025-10-18 02:05:30.202,107279.65,0.00015,16.091947499999996
2025-10-18 02:05:30.205,107281.33,0.00012,12.873759600000001
2025-10-18 02:05:30.207,107281.33,0.03609,3871.7831997
2025-10-18 02:05:30.208,107283.55,5e-05,5.3641775
2025-10-18 02:05:30.247,107284.14,0.0001,10.728414
2025-10-18 02:05:30.251,107285.19,5e-05,5.3642595
2025-10-18 02:05:30.265,107285.49,0.00011,11.8014039
2025-10-18 02:05:30.268,107285.75,6e-05,6.437145
2025-10-18 02:05:30.291,107286.8,0.00075,80.4651
2025-10-18 02:05:30.316,107287.99,0.00242,259.6369358
2025-10-18 02:05:30.613,107290.0,0.00362,388.3898
2025-10-18 02:05:30.938,107290.0,0.00186,199.5594
2025-10-18 02:05:31.064,107290.0,0.00063,67.59270000000001
2025-10-18 02:05:31.443,107289.99,0.0014,150.205986
2025-10-18 02:05:32.440,107289.99,0.00318,341.18216820000004
2025-10-18 02:05:33.016,107290.0,0.00038,40.7702
2025-10-18 02:05:33.534,107290.0,0.00098,105.1442
2025-10-18 02:05:33.610,107289.99,0.00026,27.8953974
2025-10-18 02:05:33.916,107289.99,0.00557,597.6052443000001
2025-10-18 02:05:34.094,107290.0,0.00901,966.6829
2025-10-18 02:05:35.113,107290.0,0.00084,90.12360000000001
2025-10-18 02:05:35.282,107290.0,0.00061,65.4469
2025-10-18 02:05:35.806,107289.99,0.00029,31.114097100000002
2025-10-18 02:05:36.009,107290.0,0.00011,11.8019
2025-10-18 02:05:36.286,107290.0,0.00027,28.9683
2025-10-18 02:05:36.538,107289.99,0.00286,306.84937140000005
2025-10-18 02:05:36.748,107290.0,0.02067,2217.6843
2025-10-18 02:05:37.678,107289.99,0.00317,340.1092683
2025-10-18 02:05:37.736,107290.0,0.00477,511.7733
2025-10-18 02:05:38.023,107290.0,0.00186,199.5594
2025-10-18 02:05:38.445,107290.0,0.0932,9999.428
2025-10-18 02:05:38.586,107289.99,0.00521,558.9808479000001
2025-10-18 02:05:38.858,107289.99,0.01944,2085.7174056
2025-10-18 02:05:39.295,107290.0,7e-05,7.510299999999999
2025-10-18 02:05:39.627,107290.0,0.001,107.29
2025-10-18 02:05:40.249,107290.0,0.0001,10.729000000000001
2025-10-18 02:05:40.819,107289.99,0.00012,12.8747988
2025-10-18 02:05:41.138,107290.0,0.01621,1739.1708999999998
2025-10-18 02:05:41.842,107290.0,0.00119,127.67510000000001
2025-10-18 02:05:42.255,107289.99,0.00161,172.7368839
2025-10-18 02:05:42.380,107290.0,6e-05,6.4374
2025-10-18 02:05:42.587,107289.99,0.00317,340.1092683
2025-10-18 02:05:42.938,107290.0,0.02,2145.8
2025-10-18 02:05:43.257,107290.0,0.00109,116.9461
2025-10-18 02:05:43.405,107290.0,0.001,107.29
2025-10-18 02:05:43.481,107289.99,0.0001,10.728999000000002
2025-10-18 02:05:43.837,107290.0,0.0091,976.339
2025-10-18 02:05:43.910,107290.0,0.01,1072.9
2025-10-18 02:05:43.982,107290.0,5e-05,5.3645000000000005
2025-10-18 02:05:44.101,107290.0,0.003,321.87
2025-10-18 02:05:44.160,107290.0,0.00026,27.8954
2025-10-18 02:05:45.056,107289.99,0.00014,15.0205986
2025-10-18 02:05:45.236,107290.0,0.013,1394.77
2025-10-18 02:05:45.376,107290.0,9e-05,9.6561
2025-10-18 02:05:45.522,107290.0,0.00026,27.8954
2025-10-18 02:05:45.562,107290.0,7e-05,7.510299999999999
2025-10-18 02:05:46.228,107290.0,0.01416,1519.2264
2025-10-18 02:05:46.275,107290.0,0.00046,49.3534
2025-10-18 02:05:46.384,107290.0,0.00686,736.0094
2025-10-18 02:05:46.408,107290.0,0.00525,563.2725
2025-10-18 02:05:46.582,107289.99,0.00464,497.82555360000003
2025-10-18 02:05:46.590,107289.99,0.009,965.60991
2025-10-18 02:05:47.507,107289.99,0.00318,341.18216820000004
2025-10-18 02:05:47.668,107289.99,0.11392,12222.4756608
2025-10-18 02:05:48.069,107289.99,0.012,1287.47988
2025-10-18 02:05:48.070,107289.99,0.012,1287.47988
2025-10-18 02:05:48.135,107289.99,0.00926,993.5053074
2025-10-18 02:05:48.142,107289.99,0.009,965.60991
2025-10-18 02:05:48.255,107289.99,0.0047,504.26295300000004
2025-10-18 02:05:48.329,107289.99,0.00926,993.5053074
2025-10-18 02:05:48.334,107289.99,0.009,965.60991
2025-10-18 02:05:48.341,107289.99,0.009,965.60991
2025-10-18 02:05:48.396,107289.99,0.012,1287.47988
2025-10-18 02:05:48.397,107289.99,0.012,1287.47988
2025-10-18 02:05:48.407,107289.99,0.00926,993.5053074
2025-10-18 02:05:48.409,107289.99,0.58758,63041.4523242
2025-10-18 02:05:48.411,107289.99,0.00244,261.7875756
2025-10-18 02:05:48.413,107289.99,0.009,965.60991
2025-10-18 02:05:48.414,107289.99,0.02502,2684.3955498
2025-10-18 02:05:48.415,107289.99,0.2228,23904.209772000002
2025-10-18 02:05:48.417,107289.99,0.04517,4846.288848300001
2025-10-18 02:05:48.421,107289.99,0.00926,993.5053074
2025-10-18 02:05:48.427,107289.99,0.009,965.60991
2025-10-18 02:05:48.581,107289.99,0.00924,991.3595076
2025-10-18 02:05:48.587,107289.99,0.009,965.60991
2025-10-18 02:05:48.713,107289.99,0.00922,989.2137078000002
2025-10-18 02:05:48.717,107289.99,0.009,965.60991
2025-10-18 02:05:48.912,107289.99,0.00922,989.2137078000002
2025-10-18 02:05:48.918,107289.99,0.009,965.60991
2025-10-18 02:05:49.025,107289.99,0.0182,1952.6778180000001
2025-10-18 02:05:49.175,107289.99,0.009,965.60991
2025-10-18 02:05:49.277,107289.99,0.00918,984.9221082000001
2025-10-18 02:05:49.285,107289.99,0.009,965.60991
2025-10-18 02:05:49.292,107290.0,0.0011,118.019
2025-10-18 02:05:49.435,107289.99,0.00911,977.4118089000001
2025-10-18 02:05:49.442,107289.99,0.009,965.60991
2025-10-18 02:05:49.586,107290.0,0.00505,541.8145
2025-10-18 02:05:49.589,107289.99,0.00758,813.2581242
2025-10-18 02:05:49.595,107289.99,0.009,965.60991
2025-10-18 02:05:49.676,107289.99,0.012,1287.47988
2025-10-18 02:05:49.682,107289.99,0.0087,933.422913
2025-10-18 02:05:49.689,107289.99,0.009,965.60991
2025-10-18 02:05:49.695,107289.99,0.00585,627.6464415
2025-10-18 02:05:49.702,107289.99,0.009,965.60991
2025-10-18 02:05:49.911,107289.99,0.00574,615.8445426000001
2025-10-18 02:05:49.917,107289.99,0.009,965.60991
2025-10-18 02:05:49.918,107289.99,0.00219,234.96507810000003
2025-10-18 02:05:49.922,107289.98,0.00215,230.67345699999998
2025-10-18 02:05:49.923,107289.91,0.00118,126.6020938
2025-10-18 02:05:49.973,107289.9,0.0022,236.03778
2025-10-18 02:05:49.987,107286.35,0.0001,10.728635
2025-10-18 02:05:50.276,107285.71,0.001,107.28571000000001
2025-10-18 02:05:50.634,107285.7,0.012,1287.4284
2025-10-18 02:05:50.643,107285.71,0.00932,999.9028172000001
2025-10-18 02:05:50.700,107285.71,0.00184,197.4057064
2025-10-18 02:05:50.731,107285.7,0.012,1287.4284
2025-10-18 02:05:51.039,107285.7,7e-05,7.509998999999999
2025-10-18 02:05:51.575,107285.7,8e-05,8.582856
2025-10-18 02:05:51.676,107285.7,0.012,1287.4284
2025-10-18 02:05:52.339,107285.71,0.00027,28.967141700000003
2025-10-18 02:05:52.361,107285.71,0.0131,1405.4428010000001
2025-10-18 02:05:52.789,107285.7,0.00317,340.095669
2025-10-18 02:05:53.774,107285.7,0.012,1287.4284
2025-10-18 02:05:53.810,107285.7,0.012,1287.4284
2025-10-18 02:05:53.883,107285.7,0.00171,183.45854699999998
2025-10-18 02:05:53.929,107285.71,0.00546,585.7799765999999
2025-10-18 02:05:54.788,107285.7,0.00011,11.801427
2025-10-18 02:05:54.888,107285.7,0.19541,20964.698636999998
2025-10-18 02:05:54.889,107285.63,0.0001,10.728563000000001
2025-10-18 02:05:54.892,107281.12,0.00015,16.092167999999997
2025-10-18 02:05:54.898,107279.27,0.00077,82.6050379
2025-10-18 02:05:54.900,107277.7,0.04069,4365.129612999999
2025-10-18 02:05:54.902,107273.92,0.04778,5125.5478976
2025-10-18 02:05:54.916,107273.93,0.00032,34.3276576
2025-10-18 02:05:54.942,107273.92,0.04232,4539.8322944
2025-10-18 02:05:54.956,107273.92,0.12085,12964.053232
2025-10-18 02:05:54.979,107273.92,0.012,1287.28704
2025-10-18 02:05:54.989,107273.92,0.012,1287.28704
2025-10-18 02:05:55.000,107273.92,0.012,1287.28704
2025-10-18 02:05:55.011,107273.93,8e-05,8.5819144
2025-10-18 02:05:55.064,107273.92,0.00658,705.8623936
2025-10-18 02:05:55.166,107273.92,0.00278,298.22149759999996
2025-10-18 02:05:55.168,107273.9,0.0003,32.18216999999999
2025-10-18 02:05:55.302,107273.31,0.00224,240.29221439999998
2025-10-18 02:05:55.303,107273.3,0.00085,91.182305
2025-10-18 02:05:55.415,107272.75,0.00222,238.145505
2025-10-18 02:05:55.417,107272.74,0.00125,134.090925
2025-10-18 02:05:55.616,107272.73,0.00272,291.7818256
2025-10-18 02:05:56.615,107266.24,0.00015,16.089935999999998
2025-10-18 02:05:56.644,107266.24,0.01,1072.6624000000002
2025-10-18 02:05:56.782,107266.23,0.00138,148.02739739999998
2025-10-18 02:05:57.028,107266.24,0.00026,27.889222399999998
2025-10-18 02:05:57.587,107266.24,8e-05,8.581299200000002
2025-10-18 02:05:57.655,107266.24,0.00026,27.889222399999998
2025-10-18 02:05:57.726,107266.23,0.00318,341.1066114
2025-10-18 02:05:58.194,107266.24,0.00093,99.7576032
2025-10-18 02:05:58.196,107266.24,0.00058,62.2144192
2025-10-18 02:05:58.214,107266.24,0.00019,20.380585600000003
2025-10-18 02:05:58.241,107266.23,0.00011,11.7992853
2025-10-18 02:05:58.329,107266.23,0.00508,544.9124484
2025-10-18 02:05:58.348,107266.23,5e-05,5.3633115
2025-10-18 02:05:58.638,107266.23,0.00048,51.4877904
2025-10-18 02:05:59.677,107266.24,0.00023,24.6712352
2025-10-18 02:05:59.939,107266.24,0.00025,26.816560000000003
2025-10-18 02:05:59.994,107266.24,1.0196,109368.65830400001
2025-10-18 02:06:00.056,107266.23,0.012,1287.19476
2025-10-18 02:06:00.058,107266.23,0.012,1287.19476
2025-10-18 02:06:00.810,107266.23,0.00503,539.5491369
2025-10-18 02:06:01.318,107266.24,0.05592,5998.3281408
2025-10-18 02:06:01.336,107266.24,0.00041,43.9791584
2025-10-18 02:06:01.602,107266.23,0.00121,129.79213829999998
2025-10-18 02:06:02.259,107266.24,0.027,2896.1884800000003
2025-10-18 02:06:02.684,107266.23,0.00317,340.0339491
2025-10-18 02:06:03.239,107266.24,8e-05,8.581299200000002
2025-10-18 02:06:03.641,107266.24,0.00861,923.5623264
2025-10-18 02:06:03.642,107266.4,0.0011,117.99304000000001
2025-10-18 02:06:03.644,107268.06,5e-05,5.363403
2025-10-18 02:06:03.647,107271.57,0.0003,32.181471
2025-10-18 02:06:03.674,107272.67,0.00738,791.6723046
2025-10-18 02:06:03.681,107273.77,5e-05,5.3636885
2025-10-18 02:06:03.682,107273.77,0.00075,80.45532750000001
2025-10-18 02:06:03.685,107273.77,0.00015,16.0910655
2025-10-18 02:06:03.706,107276.61,0.00015,16.0914915
2025-10-18 02:06:03.724,107276.62,0.00264,283.2102768
2025-10-18 02:06:04.615,107280.17,0.0001,10.728017
2025-10-18 02:06:04.623,107284.09,0.00011,11.8012499
2025-10-18 02:06:04.646,107284.1,0.00019,20.383979000000004
2025-10-18 02:06:05.105,107284.1,0.00026,27.893866
2025-10-18 02:06:05.275,107284.1,0.0001,10.72841
2025-10-18 02:06:05.531,107284.09,0.00012,12.8740908
2025-10-18 02:06:05.937,107284.09,0.00896,961.2654463999999
2025-10-18 02:06:06.663,107284.09,0.00041,43.9864769
2025-10-18 02:06:06.666,107284.1,0.00304,326.14366400000006
2025-10-18 02:06:06.839,107284.1,7e-05,7.509887
2025-10-18 02:06:07.089,107284.1,0.0001,10.72841
2025-10-18 02:06:07.209,107284.1,0.01,1072.8410000000001
2025-10-18 02:06:07.604,107284.1,0.0001,10.72841
2025-10-18 02:06:07.635,107284.09,0.00318,341.1634062
2025-10-18 02:06:07.800,107284.1,0.01,1072.8410000000001
2025-10-18 02:06:07.848,107284.1,0.00118,126.59523800000001
2025-10-18 02:06:08.575,107284.1,6e-05,6.4370460000000005
2025-10-18 02:06:08.620,107284.1,0.0001,10.72841
2025-10-18 02:06:09.610,107284.09,7e-05,7.509886299999999
2025-10-18 02:06:09.838,107284.1,0.0001,10.72841
2025-10-18 02:06:10.572,107284.1,0.0001,10.72841
2025-10-18 02:06:11.184,107284.1,0.01,1072.8410000000001
2025-10-18 02:06:11.300,107284.1,0.01834,1967.590394
2025-10-18 02:06:11.577,107284.09,9e-05,9.6555681
2025-10-18 02:06:11.899,107284.1,0.0002,21.45682
2025-10-18 02:06:12.086,107284.1,0.0001,10.72841
2025-10-18 02:06:12.897,107284.09,0.00317,340.0905653
2025-10-18 02:06:13.055,107284.1,0.0001,10.72841
2025-10-18 02:06:13.266,107284.1,4.15907,446202.081787
2025-10-18 02:06:13.724,107284.1,0.00065,69.734665
2025-10-18 02:06:13.857,107284.11,0.0001,10.728411000000001
2025-10-18 02:06:14.092,107284.1,0.00019,20.383979000000004
2025-10-18 02:06:14.201,107284.11,0.00223,239.24356530000003
2025-10-18 02:06:14.292,107284.1,0.00083,89.045803
2025-10-18 02:06:14.628,107284.11,0.00043,46.1321673
2025-10-18 02:06:16.129,107284.11,0.00017,18.2382987
2025-10-18 02:06:16.232,107284.11,0.00086,92.2643346
2025-10-18 02:06:16.671,107284.1,9e-05,9.655569000000002
2025-10-18 02:06:16.729,107284.11,0.00915,981.6496065
2025-10-18 02:06:17.078,107284.11,0.00036,38.622279600000006
2025-10-18 02:06:17.619,107284.11,0.00015,16.0926165
2025-10-18 02:06:17.818,107284.11,0.00015,16.0926165
2025-10-18 02:06:17.820,107284.11,0.00019,20.3839809
2025-10-18 02:06:17.823,107284.11,0.0001,10.728411000000001
2025-10-18 02:06:17.832,107284.1,0.00028,30.039548
2025-10-18 02:06:17.837,107284.11,0.0001,10.728411000000001
2025-10-18 02:06:17.851,107284.1,0.00318,341.16343800000004
2025-10-18 02:06:17.883,107284.11,0.0001,10.728411000000001
2025-10-18 02:06:18.084,107284.11,7e-05,7.509887699999999
2025-10-18 02:06:18.238,107284.11,8e-05,8.5827288
2025-10-18 02:06:18.928,107284.1,5e-05,5.364205
2025-10-18 02:06:19.091,107284.11,0.0001,10.728411000000001
2025-10-18 02:06:19.170,107284.11,0.0001,10.728411000000001
2025-10-18 02:06:19.343,107284.1,0.0001,10.72841
2025-10-18 02:06:19.416,107284.11,0.00204,218.85958440000002
2025-10-18 02:06:19.435,107284.1,0.00025,26.821025000000002
2025-10-18 02:06:19.710,107284.11,0.00019,20.3839809
2025-10-18 02:06:19.782,107284.11,0.0001,10.728411000000001
2025-10-18 02:06:20.111,107284.1,0.00248,266.064568
2025-10-18 02:06:20.296,107284.11,0.01,1072.8411
2025-10-18 02:06:21.669,107284.1,0.00018,19.311138000000003
2025-10-18 02:06:22.426,107284.11,0.0065,697.346715
2025-10-18 02:06:22.427,107284.21,0.0002,21.456842
2025-10-18 02:06:22.435,107285.0,0.00378,405.5373
2025-10-18 02:06:22.792,107284.99,0.00317,340.09341830000005
2025-10-18 02:06:22.939,107284.99,7e-05,7.5099493
2025-10-18 02:06:22.977,107285.0,0.00081,86.90084999999999
2025-10-18 02:06:23.505,107285.0,0.00187,200.62295
2025-10-18 02:06:23.847,107284.99,7e-05,7.5099493
2025-10-18 02:06:24.118,107285.7,0.00199,213.49854299999998
2025-10-18 02:06:24.119,107289.99,5e-05,5.364499500000001
2025-10-18 02:06:24.121,107292.69,0.01181,1267.1266689
2025-10-18 02:06:24.122,107292.69,0.05539,5942.942099100001
2025-10-18 02:06:24.124,107293.38,0.0001,10.729338
2025-10-18 02:06:24.127,107294.82,0.00746,800.4193572
2025-10-18 02:06:24.177,107297.87,0.01928,2068.7029335999996
2025-10-18 02:06:24.192,107297.87,0.027,2897.04249
2025-10-18 02:06:24.219,107297.86,0.00017,18.2406362
2025-10-18 02:06:24.575,107297.87,8e-05,8.5838296
2025-10-18 02:06:24.685,107297.86,0.00186,199.5740196
2025-10-18 02:06:24.776,107297.86,8e-05,8.583828800000001
2025-10-18 02:06:25.317,107297.86,0.02857,3065.4998602
2025-10-18 02:06:25.436,107297.86,0.01598,1714.6198028000001
2025-10-18 02:06:25.499,107297.87,0.0001,10.729787
2025-10-18 02:06:25.507,107297.87,0.00027,28.970424899999998
2025-10-18 02:06:26.516,107297.86,0.00011,11.8027646
2025-10-18 02:06:27.050,107297.87,0.00022,23.6055314
2025-10-18 02:06:27.702,107297.86,0.00318,341.2071948
2025-10-18 02:06:27.719,107297.86,0.00018,19.3136148
2025-10-18 02:06:27.720,107297.87,0.002,214.59574
2025-10-18 02:06:28.008,107297.87,0.04785,5134.203079499999
2025-10-18 02:06:29.283,107297.86,0.00013,13.9487218
2025-10-18 02:06:29.369,107297.87,0.00025,26.8244675
2025-10-18 02:06:29.482,107297.86,0.01214,1302.5960204
2025-10-18 02:06:30.010,107297.87,0.00203,217.8146761
2025-10-18 02:06:30.539,107297.87,0.00812,871.2587044
2025-10-18 02:06:30.795,107297.87,0.00109,116.9546783
2025-10-18 02:06:31.915,107293.37,0.00035,37.552679499999996
2025-10-18 02:06:32.478,107293.36,0.00112,120.1685632
2025-10-18 02:06:32.615,107287.13,0.003,321.86139000000003
2025-10-18 02:06:32.813,107285.37,0.00625,670.5335625
2025-10-18 02:06:32.881,107285.37,0.00012,12.8742444
2025-10-18 02:06:32.929,107285.36,0.00317,340.0945912
2025-10-18 02:06:33.153,107285.36,0.012,1287.42432
2025-10-18 02:06:33.159,107285.36,0.012,1287.42432
2025-10-18 02:06:33.291,107285.36,0.00907,973.0782152
2025-10-18 02:06:33.932,107285.36,0.012,1287.42432
2025-10-18 02:06:34.770,107285.36,0.0001,10.728536
2025-10-18 02:06:34.859,107285.36,0.012,1287.42432
2025-10-18 02:06:34.860,107285.36,0.012,1287.42432
2025-10-18 02:06:35.783,107285.36,0.0002,21.457072
2025-10-18 02:06:36.410,107285.37,0.00057,61.152660899999994
2025-10-18 02:06:37.676,107285.37,0.00027,28.9670499
2025-10-18 02:06:37.882,107285.36,0.00318,341.1674448
2025-10-18 02:06:38.575,107285.37,0.00318,341.1674766
2025-10-18 02:06:38.576,107285.37,0.00318,341.1674766
2025-10-18 02:06:38.685,107285.36,0.00095,101.921092
2025-10-18 02:06:38.748,107285.37,0.51598,55357.1052126
2025-10-18 02:06:39.642,107285.37,8e-05,8.5828296
2025-10-18 02:06:39.750,107285.37,0.00245,262.8491565
2025-10-18 02:06:41.457,107285.36,0.00031,33.2584616
2025-10-18 02:06:41.507,107285.36,0.00171,183.4579656
2025-10-18 02:06:41.508,107285.36,0.00686,735.9775695999999
2025-10-18 02:06:41.509,107285.36,0.00041,43.9869976
2025-10-18 02:06:41.611,107285.37,0.00095,101.92110149999999
2025-10-18 02:06:42.813,107285.36,0.00317,340.0945912
2025-10-18 02:06:43.118,107285.37,0.0502,5385.725574
2025-10-18 02:06:43.396,107285.37,0.00247,264.9948639
2025-10-18 02:06:43.590,107285.36,0.02802,3006.1357872
2025-10-18 02:06:43.596,107285.37,0.00083,89.0468571
2025-10-18 02:06:44.042,107285.37,0.0027,289.670499
2025-10-18 02:06:44.999,107285.37,0.00466,499.94982419999997
2025-10-18 02:06:45.284,107285.37,0.00143,153.4180791
2025-10-18 02:06:45.569,107285.36,0.00018,19.3113648
2025-10-18 02:06:46.362,107285.37,0.00153,164.1466161
2025-10-18 02:06:46.378,107285.37,0.00046,49.3512702
2025-10-18 02:06:47.083,107285.37,0.01292,1386.1269803999999
2025-10-18 02:06:47.612,107285.37,0.00031,33.2584647
2025-10-18 02:06:47.792,107285.36,5e-05,5.364268
2025-10-18 02:06:48.053,107285.36,0.00318,341.1674448
2025-10-18 02:06:48.134,107285.36,0.00215,230.663524
2025-10-18 02:06:48.308,107285.36,0.0084,901.1970239999999
2025-10-18 02:06:48.310,107285.36,0.1683,18056.126088
2025-10-18 02:06:48.317,107284.1,0.0738,7917.566580000001
2025-10-18 02:06:48.322,107284.1,0.15967,17130.052247000003
2025-10-18 02:06:48.332,107282.5,0.00021,22.529325
2025-10-18 02:06:48.345,107280.7,0.0001,10.72807
2025-10-18 02:06:48.346,107279.9,0.00015,16.091984999999998
2025-10-18 02:06:48.351,107278.83,7e-05,7.509518099999999
2025-10-18 02:06:48.352,107276.96,0.08433,9046.666036800001
2025-10-18 02:06:48.356,107271.56,5e-05,5.363578
2025-10-18 02:06:48.357,107269.57,0.012,1287.23484
2025-10-18 02:06:48.359,107269.44,0.00179,192.01229759999998
2025-10-18 02:06:48.364,107269.45,0.03004,3222.374278
2025-10-18 02:06:48.365,107269.44,0.00015,16.090415999999998
2025-10-18 02:06:48.470,107268.61,0.0022,235.99094200000002
2025-10-18 02:06:50.066,107268.61,0.00122,130.8677042
2025-10-18 02:06:50.207,107268.6,0.00515,552.43329
2025-10-18 02:06:50.558,107268.6,5e-05,5.36343
2025-10-18 02:06:50.822,107268.6,0.012,1287.2232000000001
2025-10-18 02:06:50.824,107268.6,0.012,1287.2232000000001
2025-10-18 02:06:51.053,107268.61,0.00728,780.9154808
2025-10-18 02:06:52.075,107268.61,8e-05,8.5814888
2025-10-18 02:06:52.997,107268.6,0.00317,340.041462
2025-10-18 02:06:53.818,107268.61,0.00272,291.7706192
2025-10-18 02:06:54.133,107268.6,0.012,1287.2232000000001
2025-10-18 02:06:54.134,107268.6,0.012,1287.2232000000001
2025-10-18 02:06:54.135,107268.6,0.012,1287.2232000000001
2025-10-18 02:06:54.593,107268.61,0.00186,199.5196146
2025-10-18 02:06:55.914,107268.61,0.01398,1499.6151677999999
2025-10-18 02:06:55.915,107268.44,0.0001,10.726844000000002
2025-10-18 02:06:56.005,107268.38,0.012,1287.22056
2025-10-18 02:06:56.007,107268.38,0.25409,27255.8226742
2025-10-18 02:06:56.008,107268.38,0.0001,10.726838
2025-10-18 02:06:56.009,107264.6,0.0002,21.452920000000002
2025-10-18 02:06:56.013,107263.65,0.00681,730.4654565
2025-10-18 02:06:56.156,107263.66,0.04362,4678.8408492
2025-10-18 02:06:56.192,107263.65,0.00226,242.41584899999998
2025-10-18 02:06:56.481,107263.64,0.012,1287.16368
2025-10-18 02:06:56.582,107263.64,0.0001,10.726364
2025-10-18 02:06:56.697,107263.65,0.00067,71.8666455
2025-10-18 02:06:57.185,107263.64,0.00014,15.016909599999998
2025-10-18 02:06:57.242,107263.65,0.00273,292.82976449999995
2025-10-18 02:06:57.569,107263.64,0.012,1287.16368
2025-10-18 02:06:57.570,107263.64,0.012,1287.16368
2025-10-18 02:06:57.656,107263.65,0.02137,2292.2242005
2025-10-18 02:06:57.716,107263.64,0.012,1287.16368
2025-10-18 02:06:57.717,107263.64,0.012,1287.16368
2025-10-18 02:06:57.719,107263.64,0.012,1287.16368
2025-10-18 02:06:57.935,107263.64,0.00318,341.0983752
2025-10-18 02:06:58.039,107263.64,0.00159,170.5491876
2025-10-18 02:06:58.107,107263.64,0.012,1287.16368
2025-10-18 02:06:58.109,107263.64,0.012,1287.16368
2025-10-18 02:06:58.472,107263.64,0.012,1287.16368
2025-10-18 02:06:58.474,107263.64,0.012,1287.16368
2025-10-18 02:06:58.815,107260.01,0.00025,26.8150025
2025-10-18 02:06:59.027,107260.0,0.00514,551.3163999999999
2025-10-18 02:06:59.160,107260.01,0.00466,499.8316466
2025-10-18 02:06:59.169,107260.01,0.00016,17.1616016
2025-10-18 02:06:59.555,107260.0,0.012,1287.1200000000001
2025-10-18 02:06:59.556,107260.0,0.012,1287.1200000000001
2025-10-18 02:07:00.028,107260.0,0.012,1287.1200000000001
2025-10-18 02:07:00.187,107260.0,0.012,1287.1200000000001
2025-10-18 02:07:00.191,107260.0,0.012,1287.1200000000001
2025-10-18 02:07:00.856,107260.01,0.00047,50.4122047
2025-10-18 02:07:01.496,107260.0,0.00458,491.25079999999997
2025-10-18 02:07:01.744,107260.01,9e-05,9.6534009
2025-10-18 02:07:02.879,107260.0,0.00317,340.0142
2025-10-18 02:07:02.934,107260.0,8e-05,8.5808
2025-10-18 02:07:02.941,107260.01,0.00936,1003.9536936
2025-10-18 02:07:03.114,107260.0,0.00067,71.8642
2025-10-18 02:07:03.280,107260.0,0.18829,20195.9854
2025-10-18 02:07:03.282,107260.0,0.00914,980.3564
2025-10-18 02:07:03.284,107255.93,0.00015,16.088389499999998
2025-10-18 02:07:03.708,107255.92,0.00059,63.2809928
2025-10-18 02:07:03.992,107255.92,0.00036,38.6121312
2025-10-18 02:07:03.995,107255.92,0.012,1287.07104
2025-10-18 02:07:03.997,107255.92,0.012,1287.07104
2025-10-18 02:07:04.386,107255.93,0.00133,142.6503869
2025-10-18 02:07:04.415,107255.92,0.00491,526.6265672000001
2025-10-18 02:07:04.421,107250.0,0.0034,364.65
2025-10-18 02:07:04.429,107247.67,0.00529,567.3401743000001
2025-10-18 02:07:04.431,107247.67,0.012,1286.97204
2025-10-18 02:07:05.003,107247.68,0.00046,49.3339328
2025-10-18 02:07:05.570,107247.67,0.00031,33.2467777
2025-10-18 02:07:05.588,107247.67,0.00013,13.942197099999998
2025-10-18 02:07:05.883,107247.67,0.001,107.24767
2025-10-18 02:07:05.885,107247.67,0.001,107.24767
2025-10-18 02:07:05.999,107247.67,0.0003,32.174301
2025-10-18 02:07:06.224,107247.67,0.0001,10.724767
2025-10-18 02:07:06.329,107247.68,0.00983,1054.2446943999998
2025-10-18 02:07:07.021,107247.68,0.00264,283.1338752
2025-10-18 02:07:07.349,107247.68,0.00108,115.82749439999999
2025-10-18 02:07:07.960,107247.67,0.001,107.24767
2025-10-18 02:07:07.961,107247.67,0.001,107.24767
2025-10-18 02:07:08.122,107247.67,0.00169,181.2485623
2025-10-18 02:07:09.024,107247.68,0.01784,1913.2986112
2025-10-18 02:07:10.293,107247.7,0.0001,10.72477
2025-10-18 02:07:10.614,107247.7,0.00098,105.102746
2025-10-18 02:07:10.615,107247.7,0.00015,16.087155
2025-10-18 02:07:11.255,107247.7,0.0001,10.72477
2025-10-18 02:07:11.924,107247.69,0.00011,11.7972459
2025-10-18 02:07:12.173,107247.69,0.00158,169.4513502
2025-10-18 02:07:12.286,107247.7,0.0001,10.72477
2025-10-18 02:07:12.591,107247.69,0.00457,490.12194330000005
2025-10-18 02:07:13.265,107247.7,0.0001,10.72477
2025-10-18 02:07:13.724,107247.7,0.00055,58.986235
2025-10-18 02:07:14.021,107247.7,0.00014,15.014677999999998
2025-10-18 02:07:14.275,107247.7,0.0001,10.72477
2025-10-18 02:07:14.771,107247.69,0.00022,23.5944918
2025-10-18 02:07:15.031,107247.69,0.00225,241.3073025
2025-10-18 02:07:15.136,107247.7,0.00093,99.74036100000001
2025-10-18 02:07:15.598,107247.7,0.00081,86.87063699999999
2025-10-18 02:07:15.630,107247.7,0.027,2895.6879
2025-10-18 02:07:15.632,107247.7,0.027,2895.6879
2025-10-18 02:07:16.009,107247.69,7e-05,7.5073383
2025-10-18 02:07:16.012,107247.69,0.0001,10.724769
2025-10-18 02:07:16.051,107247.7,0.0001,10.72477
2025-10-18 02:07:16.052,107247.7,0.00278,298.148606
2025-10-18 02:07:16.442,107247.7,0.5351,57388.24427
2025-10-18 02:07:16.444,107247.71,0.0004,42.899084
2025-10-18 02:07:16.507,107247.75,0.00457,490.12221750000003
2025-10-18 02:07:16.509,107247.75,0.04713,5054.5864575
2025-10-18 02:07:16.515,107254.27,0.00015,16.088140499999998
2025-10-18 02:07:16.724,107254.28,0.07877,8448.419635600001
2025-10-18 02:07:16.995,107254.28,0.0001,10.725428
2025-10-18 02:07:17.541,107254.28,0.00032,34.321369600000004
2025-10-18 02:07:18.044,107254.28,0.026,2788.6112799999996
2025-10-18 02:07:18.047,107254.41,0.0002,21.450882
2025-10-18 02:07:18.049,107255.72,0.00015,16.088358
2025-10-18 02:07:18.051,107255.93,0.0142,1523.034206
2025-10-18 02:07:18.057,107264.69,0.0002,21.452938000000003
2025-10-18 02:07:18.115,107270.09,5e-05,5.3635045
2025-10-18 02:07:18.258,107270.24,0.00096,102.97943040000001
2025-10-18 02:07:18.618,107270.24,5e-05,5.363512000000001
2025-10-18 02:07:18.677,107270.25,0.00199,213.4677975
2025-10-18 02:07:18.887,107270.25,0.00013,13.945132499999998
2025-10-18 02:07:19.827,107270.25,0.00012,12.87243
2025-10-18 02:07:19.919,107270.24,0.00044,47.1989056
2025-10-18 02:07:19.998,107270.25,0.00023,24.6721575
2025-10-18 02:07:20.132,107270.24,9e-05,9.654321600000001
2025-10-18 02:07:20.601,107270.25,0.00012,12.87243
2025-10-18 02:07:20.632,107270.24,0.01,1072.7024000000001
2025-10-18 02:07:20.861,107270.24,0.00225,241.35804
2025-10-18 02:07:20.891,107270.24,0.01099,1178.8999376
2025-10-18 02:07:20.955,107270.24,0.012,1287.24288
2025-10-18 02:07:20.956,107270.09,0.0002,21.454018
2025-10-18 02:07:20.958,107269.03,5e-05,5.3634515
2025-10-18 02:07:20.962,107267.05,0.00045,48.2701725
2025-10-18 02:07:20.964,107263.97,0.00034,36.4697498
2025-10-18 02:07:21.084,107263.97,0.00257,275.6684029
2025-10-18 02:07:21.110,107263.96,0.00253,271.37781880000006
2025-10-18 02:07:21.112,107262.26,0.0001,10.726226
2025-10-18 02:07:21.117,107261.51,0.00133,142.6578083
2025-10-18 02:07:21.118,107259.75,6e-05,6.4355850000000006
2025-10-18 02:07:21.123,107258.33,0.00135,144.79874550000002
2025-10-18 02:07:21.124,107256.64,5e-05,5.362832
2025-10-18 02:07:21.673,107258.34,4e-05,4.2903336
2025-10-18 02:07:23.016,107258.34,0.04654,4991.803143599999
2025-10-18 02:07:23.227,107258.33,0.02325,2493.7561725
2025-10-18 02:07:23.250,107258.34,0.0001,10.725834
2025-10-18 02:07:24.469,107258.33,0.01524,1634.6169492000001
2025-10-18 02:07:24.471,107258.32,0.00075,80.44374
2025-10-18 02:07:24.474,107256.1,0.0001,10.725610000000001
2025-10-18 02:07:24.475,107250.79,0.0001,10.725079
2025-10-18 02:07:24.482,107247.7,0.012,1286.9723999999999
2025-10-18 02:07:24.486,107247.7,0.012,1286.9723999999999
2025-10-18 02:07:24.487,107247.7,0.012,1286.9723999999999
2025-10-18 02:07:24.718,107247.71,0.00142,152.2917482
2025-10-18 02:07:27.925,107247.71,0.02829,3034.0377159
2025-10-18 02:07:28.057,107247.7,0.01801,1931.531077
2025-10-18 02:07:28.837,107247.71,0.55505,59527.841435500006
2025-10-18 02:07:28.900,107247.71,0.0001,10.724771
2025-10-18 02:07:29.184,107247.71,0.05019,5382.7625649
2025-10-18 02:07:29.185,107252.49,0.04108,4405.9322892
2025-10-18 02:07:29.197,107260.52,0.00341,365.7583732
2025-10-18 02:07:29.269,107266.72,0.027,2896.20144
2025-10-18 02:07:29.274,107266.72,0.027,2896.20144
2025-10-18 02:07:30.817,107266.72,0.00094,100.8307168
2025-10-18 02:07:31.217,107266.71,7e-05,7.5086697
2025-10-18 02:07:31.576,107266.71,5e-05,5.363335500000001
2025-10-18 02:07:34.555,107266.72,0.027,2896.20144
2025-10-18 02:07:34.559,107266.72,0.027,2896.20144
2025-10-18 02:07:35.183,107266.71,9e-05,9.654003900000001
2025-10-18 02:07:36.075,107266.72,0.00025,26.81668
2025-10-18 02:07:36.408,107266.72,4e-05,4.290668800000001
2025-10-18 02:07:36.632,107266.71,0.00016,17.1626736
2025-10-18 02:07:39.018,107266.71,0.00014,15.0173394
2025-10-18 02:07:39.215,107270.72,5e-05,5.363536000000001
2025-10-18 02:07:39.380,107270.73,0.00686,735.8772078
2025-10-18 02:07:40.118,107270.72,0.00037,39.6901664
2025-10-18 02:07:41.300,107270.72,0.0204,2188.322688
2025-10-18 02:07:41.413,107270.73,0.00026,27.890389799999998
2025-10-18 02:07:41.679,107270.72,8e-05,8.581657600000002
2025-10-18 02:07:41.756,107270.72,0.37078,39773.8375616
2025-10-18 02:07:44.765,107270.73,0.00069,74.0168037
2025-10-18 02:07:44.771,107270.73,0.00233,249.9408009
2025-10-18 02:07:45.576,107270.73,0.04,4290.8292
2025-10-18 02:07:46.088,107270.73,0.1,10727.073
2025-10-18 02:07:46.576,107270.72,9e-05,9.654364800000002
2025-10-18 02:07:48.850,107270.73,0.00053,56.85348689999999
2025-10-18 02:07:48.876,107270.73,0.00024,25.7449752
2025-10-18 02:07:49.037,107270.72,0.0001,10.727072000000001
2025-10-18 02:07:49.639,107270.73,0.02122,2276.2848906
2025-10-18 02:07:50.410,107270.72,0.01995,2140.050864
2025-10-18 02:07:50.488,107270.73,0.03262,3499.1712126
2025-10-18 02:07:51.403,107270.72,0.01068,1145.6512896
2025-10-18 02:07:51.813,107270.73,4e-05,4.2908292
2025-10-18 02:07:51.974,107270.72,0.00317,340.04818240000003
2025-10-18 02:07:52.188,107270.72,0.10283,11030.648137600001
2025-10-18 02:07:52.399,107270.72,0.01007,1080.2161504
2025-10-18 02:07:52.819,107270.73,0.00082,87.9619986
2025-10-18 02:07:52.868,107270.73,8e-05,8.5816584
2025-10-18 02:07:54.413,107270.72,0.00016,17.163315200000003
2025-10-18 02:07:55.001,107270.73,0.00137,146.96090009999998
2025-10-18 02:07:56.016,107270.73,0.00014,15.017902199999998
2025-10-18 02:07:57.832,107270.72,0.00165,176.996688
2025-10-18 02:07:59.663,107270.72,8e-05,8.581657600000002
2025-10-18 02:07:59.832,107270.72,0.00481,515.9721632
2025-10-18 02:08:03.657,107270.73,0.00047,50.41724309999999
2025-10-18 02:08:04.059,107270.73,0.00078,83.6711694
2025-10-18 02:08:04.738,107270.73,0.002,214.54146
2025-10-18 02:08:04.832,107270.72,0.00811,869.9655392
2025-10-18 02:08:05.928,107270.73,0.027,2896.30971
2025-10-18 02:08:07.026,107270.72,0.00057,61.144310399999995
2025-10-18 02:08:07.862,107270.72,0.25808,27684.427417599996
2025-10-18 02:08:08.603,107270.73,0.00038,40.7628774
2025-10-18 02:08:08.710,107275.7,0.00581,623.2718169999999
2025-10-18 02:08:08.734,107275.7,0.027,2896.4438999999998
2025-10-18 02:08:09.913,107275.7,0.0001,10.72757
2025-10-18 02:08:10.333,107275.7,9e-05,9.654813
2025-10-18 02:08:10.885,107275.7,0.0001,10.72757
2025-10-18 02:08:10.942,107275.69,0.00145,155.5497505
2025-10-18 02:08:11.364,107275.7,0.00339,363.66462299999995
2025-10-18 02:08:12.071,107275.7,0.0001,10.72757
2025-10-18 02:08:12.767,107275.7,0.00491,526.723687
2025-10-18 02:08:12.780,107275.69,0.00014,15.018596599999999
2025-10-18 02:08:12.859,107275.69,0.00012,12.8730828
2025-10-18 02:08:12.958,107275.69,0.00028,30.037193199999997
2025-10-18 02:08:13.047,107275.7,0.0001,10.72757
2025-10-18 02:08:13.861,107275.7,0.0001,10.72757
2025-10-18 02:08:13.912,107275.69,0.00015,16.0913535
2025-10-18 02:08:14.841,107275.7,0.0001,10.72757
2025-10-18 02:08:15.532,107275.7,0.00019,20.382383
2025-10-18 02:08:15.632,107275.69,0.00026,27.891679399999997
2025-10-18 02:08:15.809,107275.7,0.0001,10.72757
2025-10-18 02:08:15.953,107275.69,0.0004,42.910276
2025-10-18 02:08:16.186,107275.69,6e-05,6.4365414
2025-10-18 02:08:16.470,107275.7,0.00014,15.018597999999999
2025-10-18 02:08:16.537,107275.7,0.00093,99.766401
2025-10-18 02:08:16.829,107275.7,0.0001,10.72757
2025-10-18 02:08:16.892,107275.7,0.0001,10.72757
2025-10-18 02:08:16.990,107275.7,0.00094,100.839158
2025-10-18 02:08:17.013,107275.7,0.00014,15.018597999999999
2025-10-18 02:08:17.315,107275.7,7e-05,7.5092989999999995
2025-10-18 02:08:17.348,107275.7,0.0001,10.72757
2025-10-18 02:08:17.375,107275.7,0.00056,60.074391999999996
2025-10-18 02:08:17.392,107275.7,0.00028,30.037195999999998
2025-10-18 02:08:17.526,107275.7,0.00011,11.800327
2025-10-18 02:08:17.629,107275.7,0.0005,53.63785
2025-10-18 02:08:17.664,107275.7,0.00047,50.419579
2025-10-18 02:08:17.824,107275.7,0.0001,10.72757
2025-10-18 02:08:17.862,107275.7,0.00026,27.891681999999996
2025-10-18 02:08:18.126,107275.7,0.00028,30.037195999999998
2025-10-18 02:08:18.139,107275.7,0.0001,10.72757
2025-10-18 02:08:18.482,107275.7,0.00024,25.746168
2025-10-18 02:08:18.564,107275.7,0.00019,20.382383
2025-10-18 02:08:18.575,107275.7,0.00014,15.018597999999999
2025-10-18 02:08:18.824,107275.7,0.0001,10.72757
2025-10-18 02:08:18.836,107275.69,0.37445,40169.3821205
2025-10-18 02:08:18.837,107268.08,0.00015,16.090211999999998
2025-10-18 02:08:18.838,107260.54,0.03874,4155.273319599999
2025-10-18 02:08:18.839,107257.32,0.02457,2635.3123524000002
2025-10-18 02:08:18.841,107263.66,0.00091,97.6099306
2025-10-18 02:08:18.845,107256.5,6e-05,6.43539
2025-10-18 02:08:18.855,107256.15,0.00015,16.088422499999997
2025-10-18 02:08:18.861,107253.2,0.0001,10.72532
2025-10-18 02:08:18.879,107253.92,0.00136,145.8653312
2025-10-18 02:08:18.881,107253.92,0.00933,1000.6790735999999
2025-10-18 02:08:18.949,107253.92,0.00931,998.5339952
2025-10-18 02:08:19.044,107253.92,0.00177,189.8394384
2025-10-18 02:08:19.046,107253.91,0.01934,2074.2906194
2025-10-18 02:08:19.669,107253.92,0.00011,11.7979312
2025-10-18 02:08:20.168,107253.91,0.00045,48.2642595
2025-10-18 02:08:20.302,107253.92,0.00025,26.81348
2025-10-18 02:08:20.539,107253.92,0.00123,131.9223216
2025-10-18 02:08:20.735,107253.92,0.00119,127.63216480000001
2025-10-18 02:08:20.992,107253.91,0.00018,19.305703800000003
2025-10-18 02:08:22.153,107253.92,0.04,4290.1568
2025-10-18 02:08:23.583,107253.91,8e-05,8.580312800000002
2025-10-18 02:08:24.681,107253.91,0.00121,129.7772311
2025-10-18 02:08:24.910,107253.91,0.00109,116.9067619
2025-10-18 02:08:24.982,107253.92,0.00022,23.5958624
2025-10-18 02:08:25.078,107253.91,0.00106,113.6891446
2025-10-18 02:08:26.481,107253.91,8e-05,8.580312800000002
2025-10-18 02:08:26.922,107253.92,0.00015,16.088088
2025-10-18 02:08:27.060,107253.92,0.00052,55.77203839999999
2025-10-18 02:08:27.084,107253.92,0.0001,10.725392000000001
2025-10-18 02:08:27.447,107253.92,0.00042,45.0466464
2025-10-18 02:08:27.739,107253.91,0.00094,100.8186754
2025-10-18 02:08:27.803,107253.91,0.00011,11.7979301
2025-10-18 02:08:27.987,107253.91,0.00112,120.12437919999999
2025-10-18 02:08:28.968,107253.92,0.00015,16.088088
2025-10-18 02:08:29.881,107253.92,0.00098,105.10884159999999
2025-10-18 02:08:29.939,107253.92,7e-05,7.507774399999999
2025-10-18 02:08:30.267,107253.91,0.00013,13.943008299999999
2025-10-18 02:08:31.091,107253.92,0.00672,720.7463424
2025-10-18 02:08:31.376,107253.92,0.00058,62.2072736
2025-10-18 02:08:31.504,107253.92,0.00961,1030.7101712
2025-10-18 02:08:31.534,107253.91,4e-05,4.290156400000001
2025-10-18 02:08:31.566,107253.92,0.02037,2184.7623504
2025-10-18 02:08:31.768,107253.92,0.00046,49.3368032
2025-10-18 02:08:31.782,107253.92,0.0088,943.8344960000001
2025-10-18 02:08:33.315,107253.92,0.00025,26.81348
2025-10-18 02:08:33.344,107253.92,0.0009,96.528528
2025-10-18 02:08:33.628,107253.92,0.00038,40.7564896
2025-10-18 02:08:33.810,107253.91,0.00026,27.886016599999998
2025-10-18 02:08:34.517,107255.28,0.0001,10.725528
2025-10-18 02:08:34.561,107264.65,0.00695,745.4893175
2025-10-18 02:08:34.569,107265.55,0.02274,2439.2186070000002
2025-10-18 02:08:34.601,107265.55,0.00189,202.7318895
2025-10-18 02:08:34.615,107270.02,0.00151,161.97773020000002
2025-10-18 02:08:34.769,107270.09,0.00276,296.0654484
2025-10-18 02:08:35.115,107275.7,0.00543,582.5070509999999
2025-10-18 02:08:35.271,107277.65,9e-05,9.6549885
2025-10-18 02:08:35.604,107277.66,0.00038,40.7655108
2025-10-18 02:08:36.582,107277.65,5e-05,5.3638825
2025-10-18 02:08:36.624,107277.65,0.01866,2001.800949
2025-10-18 02:08:37.119,107277.65,0.00017,18.2372005
2025-10-18 02:08:37.332,107277.65,0.00012,12.873318
2025-10-18 02:08:37.569,107277.66,0.00691,741.2886306
2025-10-18 02:08:37.575,107277.66,0.00038,40.7655108
2025-10-18 02:08:37.632,107277.65,0.10794,11579.549540999998
2025-10-18 02:08:38.029,107277.66,0.00691,741.2886306
2025-10-18 02:08:38.226,107277.66,0.00013,13.946095799999998
2025-10-18 02:08:38.594,107277.66,0.0017,182.372022
2025-10-18 02:08:39.095,107279.48,5e-05,5.363974
2025-10-18 02:08:39.097,107279.99,0.00015,16.0919985
2025-10-18 02:08:39.100,107280.0,0.0001,10.728
2025-10-18 02:08:39.128,107282.5,0.00252,270.3519
2025-10-18 02:08:39.130,107282.52,0.0002,21.456504000000002
2025-10-18 02:08:39.145,107283.4,0.0019,203.83846
2025-10-18 02:08:39.155,107284.09,0.00713,764.9355617
2025-10-18 02:08:39.215,107285.36,0.00162,173.8022832
2025-10-18 02:08:39.249,107285.36,0.00734,787.4745424
2025-10-18 02:08:40.113,107285.37,0.00238,255.33918060000002
2025-10-18 02:08:40.304,107285.36,0.00293,314.3461048
2025-10-18 02:08:40.310,107285.36,0.00093,99.77538480000001
2025-10-18 02:08:41.545,107285.37,0.00038,40.7684406
2025-10-18 02:08:41.568,107285.36,0.00091,97.6296776
2025-10-18 02:08:41.601,107285.37,0.0579,6211.822923
2025-10-18 02:08:41.603,107285.75,6e-05,6.437145
2025-10-18 02:08:41.616,107288.39,0.0001,10.728839
2025-10-18 02:08:41.662,107294.36,0.00607,651.2767652
2025-10-18 02:08:41.739,107294.35,0.01353,1451.6925555
2025-10-18 02:08:41.952,107294.36,0.00039,41.8448004
2025-10-18 02:08:42.740,107294.36,0.0023,246.777028
2025-10-18 02:08:43.513,107294.35,0.03852,4132.978362
2025-10-18 02:08:43.514,107294.35,0.08593,9219.8034955
2025-10-18 02:08:43.515,107294.35,0.14397,15447.1675695
2025-10-18 02:08:43.516,107292.94,0.0001,10.729294000000001
2025-10-18 02:08:43.519,107292.62,5e-05,5.364631
2025-10-18 02:08:43.530,107285.37,0.00015,16.092805499999997
2025-10-18 02:08:43.532,107280.17,0.0094,1008.4335980000001
2025-10-18 02:08:43.975,107280.01,7e-05,7.509600699999999
2025-10-18 02:08:44.204,107280.01,0.00102,109.42561020000001
2025-10-18 02:08:44.274,107280.01,0.00066,70.80480659999999
2025-10-18 02:08:45.023,107280.0,0.00042,45.0576
2025-10-18 02:08:45.327,107280.01,0.0006,64.368006
2025-10-18 02:08:45.383,107280.0,0.005,536.4
2025-10-18 02:08:45.558,107280.0,0.0003,32.184
2025-10-18 02:08:45.708,107280.01,0.04692,5033.5780692
2025-10-18 02:08:45.803,107280.01,0.00046,49.3488046
2025-10-18 02:08:46.208,107280.0,0.00047,50.4216
2025-10-18 02:08:46.341,107280.0,6e-05,6.4368
2025-10-18 02:08:46.517,107280.0,0.00065,69.732
2025-10-18 02:08:46.576,107280.0,0.0001,10.728
2025-10-18 02:08:46.713,107280.0,0.00548,587.8943999999999
2025-10-18 02:08:47.268,107280.01,0.002,214.56001999999998
2025-10-18 02:08:47.288,107280.01,0.00233,249.96242329999998
2025-10-18 02:08:48.436,107280.02,0.00276,296.0928552
2025-10-18 02:08:48.540,107280.01,0.00011,11.8008011
2025-10-18 02:08:50.032,107280.02,0.00026,27.892805199999998
2025-10-18 02:08:50.278,107280.02,0.00205,219.92404100000002
2025-10-18 02:08:51.035,107280.02,0.02845,3052.1165690000003
2025-10-18 02:08:52.392,107280.01,0.00022,23.6016022
2025-10-18 02:08:52.870,107280.02,7e-05,7.509601399999999
2025-10-18 02:08:53.559,107280.02,0.00416,446.28488319999997
2025-10-18 02:08:54.283,107280.02,6e-05,6.4368012000000006
2025-10-18 02:08:54.650,107280.02,0.00244,261.7632488
2025-10-18 02:08:55.331,107280.01,0.00029,31.1112029
2025-10-18 02:08:55.376,107280.02,0.00156,167.35683120000002
2025-10-18 02:08:56.092,107280.02,0.01605,1721.8443209999998
2025-10-18 02:08:57.482,107280.02,7e-05,7.509601399999999
2025-10-18 02:08:58.176,107280.02,0.00932,999.8497864000001
2025-10-18 02:08:58.548,107280.02,0.0001,10.728002
2025-10-18 02:08:58.975,107280.01,0.00205,219.9240205
2025-10-18 02:09:00.247,107280.01,0.00092,98.6976092
2025-10-18 02:09:00.415,107288.4,0.16428,17625.338352
2025-10-18 02:09:00.497,107288.41,0.018,1931.19138
2025-10-18 02:09:00.511,107288.41,0.009,965.59569
2025-10-18 02:09:00.820,107288.41,0.00035,37.5509435
2025-10-18 02:09:00.910,107288.4,0.00012,12.874608
2025-10-18 02:09:01.242,107288.41,0.0002,21.457682000000002
2025-10-18 02:09:01.571,107288.41,0.01357,1455.9037237
2025-10-18 02:09:01.874,107288.41,0.00249,267.1481409
2025-10-18 02:09:01.915,107288.42,0.0016,171.661472
2025-10-18 02:09:02.105,107290.73,0.00014,15.020702199999999
2025-10-18 02:09:02.106,107290.72,8e-05,8.583257600000001
2025-10-18 02:09:02.213,107290.72,0.00021,22.5310512
2025-10-18 02:09:02.855,107290.73,0.00017,18.2394241
2025-10-18 02:09:02.946,107290.73,8e-05,8.5832584
2025-10-18 02:09:03.426,107290.73,0.00013,13.947794899999998
2025-10-18 02:09:04.186,107290.73,0.00065,69.7389745
2025-10-18 02:09:04.381,107290.73,0.00047,50.4266431
2025-10-18 02:09:04.546,107290.73,0.0063,675.931599
2025-10-18 02:09:05.662,107290.73,9e-05,9.6561657
2025-10-18 02:09:07.989,107290.73,0.00093,99.7803789
2025-10-18 02:09:08.336,107290.73,0.00186,199.5607578
2025-10-18 02:09:08.829,107290.73,0.11167,11981.1558191
2025-10-18 02:09:09.997,107290.72,0.00162,173.81096639999998
2025-10-18 02:09:11.028,107290.72,0.00092,98.7074624
2025-10-18 02:09:11.611,107290.73,0.00224,240.33123519999998
2025-10-18 02:09:12.182,107290.72,0.07254,7782.868828799999
2025-10-18 02:09:13.116,107290.73,0.00011,11.8019803
2025-10-18 02:09:14.327,107290.72,0.01694,1817.5047968000001
2025-10-18 02:09:15.287,107290.73,0.00383,410.9234959
2025-10-18 02:09:16.309,107290.72,9e-05,9.6561648
2025-10-18 02:09:17.032,107290.72,0.00021,22.5310512
2025-10-18 02:09:17.300,107290.73,4e-05,4.2916292
2025-10-18 02:09:17.841,107290.73,0.00046,49.3537358
2025-10-18 02:09:18.202,107290.73,0.01907,2046.0342211
2025-10-18 02:09:18.581,107290.72,8e-05,8.583257600000001
2025-10-18 02:09:18.618,107290.72,0.00426,457.0584672
2025-10-18 02:09:18.719,107290.72,0.00175,187.75876
2025-10-18 02:09:19.590,107292.84,0.00959,1028.9383355999998
2025-10-18 02:09:19.863,107292.83,9e-05,9.656354700000001
2025-10-18 02:09:19.970,107292.84,0.00025,26.82321
2025-10-18 02:09:20.064,107292.84,0.00025,26.82321
2025-10-18 02:09:21.497,107292.84,0.00299,320.8055916
2025-10-18 02:09:21.577,107292.83,6e-05,6.4375698
2025-10-18 02:09:22.137,107292.84,0.03808,4085.7113472
2025-10-18 02:09:22.237,107292.84,0.00688,738.1747392
2025-10-18 02:09:22.329,107292.84,0.00029,31.1149236
2025-10-18 02:09:23.759,107292.84,0.00021,22.5314964
2025-10-18 02:09:23.855,107292.83,9e-05,9.656354700000001
2025-10-18 02:09:24.256,107292.84,0.00025,26.82321
2025-10-18 02:09:24.406,107292.83,0.00121,129.8243243
2025-10-18 02:09:25.903,107292.84,0.00035,37.552493999999996
2025-10-18 02:09:26.374,107292.84,0.00155,166.303902
2025-10-18 02:09:26.852,107292.83,0.00014,15.020996199999999
2025-10-18 02:09:27.612,107292.84,0.00084,90.1259856
2025-10-18 02:09:27.679,107292.83,9e-05,9.656354700000001
2025-10-18 02:09:28.578,107292.84,6e-05,6.4375704
2025-10-18 02:09:28.771,107292.84,0.03355,3599.674782
2025-10-18 02:09:29.380,107292.83,0.0013,139.480679
2025-10-18 02:09:30.361,107292.84,0.0001,10.729284
2025-10-18 02:09:30.365,107292.84,0.00016,17.166854400000002
2025-10-18 02:09:30.538,107292.83,0.00023,24.6773509
2025-10-18 02:09:30.588,107292.84,0.00268,287.5448112
2025-10-18 02:09:30.765,107292.83,0.00093,99.7823319
2025-10-18 02:09:31.454,107292.84,0.00043,46.1359212
2025-10-18 02:09:32.528,107292.83,0.00017,18.239781100000002
2025-10-18 02:09:32.633,107292.84,0.00027,28.9690668
2025-10-18 02:09:33.261,107292.83,0.00013,13.9480679
2025-10-18 02:09:33.362,107292.84,0.00092,98.7094128
2025-10-18 02:09:33.555,107292.83,0.00462,495.6928746
2025-10-18 02:09:33.600,107292.84,0.00012,12.8751408
2025-10-18 02:09:35.619,107292.83,0.0001,10.729283
2025-10-18 02:09:35.770,107292.83,9e-05,9.656354700000001
2025-10-18 02:09:36.832,107292.84,0.00012,12.8751408
2025-10-18 02:09:38.455,107292.84,0.027,2896.90668
2025-10-18 02:09:38.585,107292.84,0.00023,24.6773532
2025-10-18 02:09:38.763,107292.84,0.00017,18.2397828
2025-10-18 02:09:39.441,107292.83,0.00744,798.2586552
2025-10-18 02:09:40.023,107292.83,5e-05,5.3646415
2025-10-18 02:09:40.719,107292.84,0.13584,14574.659385599998
2025-10-18 02:09:41.000,107292.84,0.02735,2934.4591739999996
2025-10-18 02:09:41.238,107292.83,0.00011,11.8022113
2025-10-18 02:09:41.893,107292.83,0.00111,119.0950413
2025-10-18 02:09:41.936,107292.84,0.0466,4999.8463440000005
2025-10-18 02:09:42.735,107292.84,0.00024,25.7502816
2025-10-18 02:09:43.173,107292.83,8e-05,8.5834264
2025-10-18 02:09:43.192,107292.83,0.00035,37.5524905
2025-10-18 02:09:43.939,107292.84,8e-05,8.583427200000001
2025-10-18 02:09:44.949,107292.84,0.00604,648.0487536
2025-10-18 02:09:44.959,107292.83,0.012,1287.51396
2025-10-18 02:09:44.960,107292.83,0.012,1287.51396
2025-10-18 02:09:45.143,107292.84,0.00033,35.4066372
2025-10-18 02:09:45.274,107292.81,5e-05,5.3646405
2025-10-18 02:09:45.276,107292.81,0.0002,21.458562
2025-10-18 02:09:45.281,107291.54,0.00161,172.7393794
2025-10-18 02:09:45.291,107288.33,5e-05,5.3644165
2025-10-18 02:09:45.525,107282.71,0.00279,299.31876090000003
2025-10-18 02:09:45.560,107282.7,0.012,1287.3924
2025-10-18 02:09:46.256,107282.7,6e-05,6.436962
2025-10-18 02:09:46.426,107282.71,0.001,107.28271000000001
2025-10-18 02:09:46.576,107282.7,6e-05,6.436962
2025-10-18 02:09:46.715,107275.7,0.00657,704.801349
2025-10-18 02:09:47.502,107274.46,0.00542,581.4275732000001
2025-10-18 02:09:47.858,107274.46,6e-05,6.4364676
2025-10-18 02:09:48.401,107274.45,0.012,1287.2934
2025-10-18 02:09:48.402,107274.45,0.012,1287.2934
2025-10-18 02:09:48.462,107274.45,0.00018,19.309401
2025-10-18 02:09:48.966,107274.46,0.00093,99.76524780000001
2025-10-18 02:09:49.026,107274.46,0.01211,1299.0937106
2025-10-18 02:09:49.042,107274.46,7e-05,7.5092121999999994
2025-10-18 02:09:49.477,107274.46,5e-05,5.363723
2025-10-18 02:09:50.687,107274.46,0.00046,49.3462516
2025-10-18 02:09:51.015,107274.46,0.00017,18.2366582
2025-10-18 02:09:51.874,107274.46,0.00855,917.1966330000001
2025-10-18 02:09:53.370,107274.46,0.00135,144.820521
2025-10-18 02:09:53.406,107274.46,0.1969,21122.341174
2025-10-18 02:09:53.409,107274.46,0.0971,10416.350066
2025-10-18 02:09:53.411,107276.32,0.04103,4401.5474096
2025-10-18 02:09:53.412,107282.45,0.02894,3104.7541029999998
2025-10-18 02:09:53.420,107282.5,6e-05,6.43695
2025-10-18 02:09:53.422,107282.71,0.05788,6209.5232548
2025-10-18 02:09:53.434,107276.79,5e-05,5.3638395
2025-10-18 02:09:53.445,107285.19,0.00013,13.9470747
2025-10-18 02:09:53.448,107287.77,0.01444,1549.2353988
2025-10-18 02:09:53.452,107290.55,0.00131,140.5506205
2025-10-18 02:09:53.469,107292.25,6e-05,6.4375350000000005
2025-10-18 02:09:53.522,107294.96,0.00993,1065.4389528
2025-10-18 02:09:53.551,107295.92,0.00925,992.4872599999999
2025-10-18 02:09:53.564,107295.92,0.00287,307.9392904
2025-10-18 02:09:53.591,107295.92,0.00409,438.8403128
2025-10-18 02:09:53.659,107295.92,0.55872,59948.3764224
2025-10-18 02:09:53.761,107295.91,0.00734,787.5519794
2025-10-18 02:09:53.793,107295.92,0.00596,639.4836832
2025-10-18 02:09:53.845,107295.92,5e-05,5.364796
2025-10-18 02:09:54.057,107295.92,0.00602,645.9214384
2025-10-18 02:09:54.147,107295.92,0.00069,74.03418479999999
2025-10-18 02:09:54.148,107295.92,0.00069,74.03418479999999
2025-10-18 02:09:54.839,107295.92,0.00022,23.6051024
2025-10-18 02:09:55.923,107295.92,0.0007,75.10714399999999
2025-10-18 02:09:58.241,107295.92,6e-05,6.4377552
2025-10-18 02:09:58.694,107295.92,0.00857,919.5260344
2025-10-18 02:09:59.528,107295.91,0.00046,49.3561186
2025-10-18 02:10:00.082,107295.92,0.00075,80.47194
2025-10-18 02:10:00.263,107295.92,0.02654,2847.6337168
2025-10-18 02:10:00.833,107295.92,0.06494,6967.7970448
2025-10-18 02:10:00.938,107295.92,0.00039,41.8454088
2025-10-18 02:10:01.002,107295.92,0.00466,499.9989872
2025-10-18 02:10:01.165,107295.91,0.00533,571.8872003
2025-10-18 02:10:01.773,107295.92,5e-05,5.364796
2025-10-18 02:10:01.898,107295.91,0.012,1287.5509200000001
2025-10-18 02:10:01.899,107295.91,0.012,1287.5509200000001
2025-10-18 02:10:01.901,107295.91,0.012,1287.5509200000001
2025-10-18 02:10:03.419,107295.92,0.00197,211.3729624
2025-10-18 02:10:03.536,107295.92,0.05256,5639.4735552
2025-10-18 02:10:04.386,107295.91,0.00978,1049.3539998
2025-10-18 02:10:04.469,107295.92,0.02673,2868.0199416
2025-10-18 02:10:04.903,107295.91,0.012,1287.5509200000001
2025-10-18 02:10:04.904,107295.91,0.012,1287.5509200000001
2025-10-18 02:10:05.448,107295.92,0.41867,44921.5828264
2025-10-18 02:10:05.631,107295.91,0.01464,1570.8121224000001
2025-10-18 02:10:06.119,107295.92,0.00046,49.3561232
2025-10-18 02:10:06.192,107295.91,0.00011,11.802550100000001
2025-10-18 02:10:06.298,107295.91,0.00331,355.1494621
2025-10-18 02:10:06.323,107295.91,0.00023,24.6780593
2025-10-18 02:10:06.432,107295.92,0.00932,999.9979744
2025-10-18 02:10:06.834,107295.92,0.00514,551.5010288
2025-10-18 02:10:06.966,107295.92,0.0003,32.188776
2025-10-18 02:10:07.026,107295.91,0.00074,79.3989734
2025-10-18 02:10:07.179,107295.92,0.00011,11.8025512
2025-10-18 02:10:07.409,107295.92,0.0002,21.459184
2025-10-18 02:10:08.435,107295.92,5e-05,5.364796
2025-10-18 02:10:08.485,107295.92,0.03331,3574.0270952
2025-10-18 02:10:08.754,107295.92,0.00031,33.2617352
2025-10-18 02:10:09.338,107295.91,0.00246,263.9479386
2025-10-18 02:10:09.864,107295.92,0.00034,36.4806128
2025-10-18 02:10:10.480,107295.92,0.00305,327.252556
2025-10-18 02:10:10.688,107295.92,0.02517,2700.6383064
2025-10-18 02:10:11.697,107295.91,0.012,1287.5509200000001
2025-10-18 02:10:11.698,107295.79,0.0002,21.459158
2025-10-18 02:10:11.700,107295.02,0.00175,187.766285
2025-10-18 02:10:11.701,107295.02,0.0003,32.188506
2025-10-18 02:10:11.702,107294.65,0.0003,32.18839499999999
2025-10-18 02:10:11.706,107294.0,0.00492,527.88648
2025-10-18 02:10:11.708,107293.43,0.00494,530.0295441999999
2025-10-18 02:10:11.995,107292.35,0.00055,59.01079250000001
2025-10-18 02:10:11.996,107287.0,0.00015,16.093049999999998
2025-10-18 02:10:12.000,107285.38,0.0001,10.728538
2025-10-18 02:10:12.002,107283.55,0.0002,21.45671
2025-10-18 02:10:12.020,107282.52,0.02626,2817.2389752
2025-10-18 02:10:12.031,107282.52,0.00932,999.8730864
2025-10-18 02:10:12.160,107282.52,0.001,107.28252
2025-10-18 02:10:12.162,107282.52,0.001,107.28252
2025-10-18 02:10:12.163,107282.52,0.001,107.28252
2025-10-18 02:10:12.164,107282.53,0.00104,111.57383119999999
2025-10-18 02:10:12.222,107282.52,7e-05,7.5097764
2025-10-18 02:10:12.257,107282.52,0.00047,50.4227844
2025-10-18 02:10:13.226,107282.52,0.00556,596.4908112
2025-10-18 02:10:13.286,107282.53,0.0932,9998.731796
2025-10-18 02:10:13.462,107282.52,0.00011,11.801077200000002
2025-10-18 02:10:13.971,107282.52,0.00082,87.9716664
2025-10-18 02:10:14.239,107282.52,0.005,536.4126
2025-10-18 02:10:14.458,107282.53,0.00182,195.2542046
2025-10-18 02:10:14.891,107282.52,0.00023,24.6749796
2025-10-18 02:10:15.013,107282.53,0.0101,1083.553553
2025-10-18 02:10:15.220,107282.53,0.0004,42.913012
2025-10-18 02:10:15.305,107282.53,0.0024,257.478072
2025-10-18 02:10:15.806,107282.53,0.00047,50.422789099999996
2025-10-18 02:10:16.043,107282.52,0.012,1287.3902400000002
2025-10-18 02:10:16.046,107282.52,0.012,1287.3902400000002
2025-10-18 02:10:16.064,107282.35,0.00015,16.0923525
2025-10-18 02:10:16.068,107282.34,0.12219,13108.829124599999
2025-10-18 02:10:16.071,107282.34,0.0001,10.728234
2025-10-18 02:10:16.115,107280.53,0.0001,10.728053000000001
2025-10-18 02:10:16.146,107278.96,9e-05,9.655106400000001
2025-10-18 02:10:17.016,107278.95,0.012,1287.3473999999999
2025-10-18 02:10:17.018,107278.95,0.012,1287.3473999999999
2025-10-18 02:10:17.081,107278.96,0.00603,646.8921288
2025-10-18 02:10:17.419,107278.96,8e-05,8.582316800000001
2025-10-18 02:10:18.315,107276.0,6e-05,6.43656
2025-10-18 02:10:18.808,107275.63,0.012,1287.3075600000002
2025-10-18 02:10:18.809,107275.63,0.012,1287.3075600000002
2025-10-18 02:10:18.811,107275.63,0.012,1287.3075600000002
2025-10-18 02:10:18.875,107275.63,0.00187,200.6054281
2025-10-18 02:10:18.877,107275.63,0.01425,1528.6777275000002
2025-10-18 02:10:18.879,107275.61,0.00055,59.001585500000004
2025-10-18 02:10:18.941,107275.31,0.00027,28.9643337
2025-10-18 02:10:19.440,107275.31,6e-05,6.4365186
2025-10-18 02:10:19.650,107275.31,0.01424,1527.6004143999999
2025-10-18 02:10:19.669,107275.32,0.00168,180.2225376
2025-10-18 02:10:19.905,107275.31,0.00188,201.67758279999998
2025-10-18 02:10:20.094,107275.29,0.0002,21.455058
2025-10-18 02:10:20.104,107274.46,0.00262,281.0590852
2025-10-18 02:10:20.197,107274.46,0.01175,1260.474905
2025-10-18 02:10:20.198,107274.46,0.01175,1260.474905
2025-10-18 02:10:20.199,107273.47,0.00015,16.0910205
2025-10-18 02:10:20.361,107273.46,0.012,1287.28152
2025-10-18 02:10:20.362,107273.46,0.012,1287.28152
2025-10-18 02:10:20.363,107273.46,0.012,1287.28152
2025-10-18 02:10:20.479,107273.47,0.00055,59.000408500000006
2025-10-18 02:10:20.703,107273.47,6e-05,6.4364082
2025-10-18 02:10:20.732,107273.47,0.00048,51.4912656
2025-10-18 02:10:20.808,107273.47,0.00016,17.1637552
2025-10-18 02:10:20.832,107273.46,0.00022,23.600161200000002
2025-10-18 02:10:20.862,107273.47,0.15209,16315.2220523
2025-10-18 02:10:20.995,107273.47,0.027,2896.38369
2025-10-18 02:10:21.495,107278.96,0.75068,80532.1696928
2025-10-18 02:10:21.575,107279.47,6e-05,6.4367682
2025-10-18 02:10:21.773,107279.48,0.00207,222.06852359999996
2025-10-18 02:10:21.802,107279.49,0.0021,225.286929
2025-10-18 02:10:21.915,107279.6,0.00252,270.34459200000003
2025-10-18 02:10:21.921,107279.61,0.00014,15.0191454
2025-10-18 02:10:21.928,107279.61,0.00196,210.2680356
2025-10-18 02:10:22.044,107279.64,0.00196,210.2680944
2025-10-18 02:10:22.059,107279.65,0.0021,225.28726499999996
2025-10-18 02:10:22.215,107279.7,0.00141,151.264377
2025-10-18 02:10:22.279,107279.78,0.0021,225.28753799999998
2025-10-18 02:10:22.303,107279.8,0.003,321.8394
2025-10-18 02:10:22.305,107279.8,0.0001,10.72798
2025-10-18 02:10:22.315,107287.71,0.0673,7220.462883
2025-10-18 02:10:22.317,107287.75,0.03184,3416.04196
2025-10-18 02:10:23.142,107287.76,0.0028,300.405728
2025-10-18 02:10:23.153,107287.75,0.0916,9827.5579
2025-10-18 02:10:23.351,107287.76,5e-05,5.364388
2025-10-18 02:10:23.378,107287.76,0.001,107.28775999999999
2025-10-18 02:10:23.562,107287.76,0.00034,36.4778384
2025-10-18 02:10:23.938,107287.75,0.00012,12.87453
2025-10-18 02:10:24.023,107287.76,0.00205,219.939908
2025-10-18 02:10:24.428,107287.75,0.05759,6178.7015225000005
2025-10-18 02:10:24.433,107287.76,0.00011,11.8016536
2025-10-18 02:10:24.782,107287.76,0.00046,49.352369599999996
2025-10-18 02:10:25.418,107287.76,0.00047,50.425247199999994
2025-10-18 02:10:25.571,107287.76,0.02404,2579.1977503999997
2025-10-18 02:10:25.704,107287.76,6e-05,6.4372656
2025-10-18 02:10:25.870,107287.75,8e-05,8.583020000000001
2025-10-18 02:10:25.967,107287.75,0.01,1072.8775
2025-10-18 02:10:26.034,107287.76,5e-05,5.364388
2025-10-18 02:10:27.291,107287.76,0.00011,11.8016536
2025-10-18 02:10:27.416,107287.75,0.0592,6351.4348
2025-10-18 02:10:27.552,107287.76,0.00053,56.8625128
2025-10-18 02:10:27.563,107287.76,8e-05,8.5830208
2025-10-18 02:10:27.651,107287.76,0.05674,6087.5075024
2025-10-18 02:10:27.692,107287.76,0.00019,20.3846744
2025-10-18 02:10:27.763,107287.76,0.0001,10.728776
2025-10-18 02:10:27.914,107287.75,0.04925,5283.9216875
2025-10-18 02:10:27.918,107287.76,0.0007,75.101432
2025-10-18 02:10:27.933,107287.76,9e-05,9.6558984
2025-10-18 02:10:28.093,107287.76,0.00038,40.7693488
2025-10-18 02:10:28.148,107287.76,0.0001,10.728776
2025-10-18 02:10:28.170,107290.09,0.02102,2255.2376918
2025-10-18 02:10:28.184,107290.08,0.02211,2372.1836688000003
2025-10-18 02:10:28.396,107290.08,0.00042,45.0618336
2025-10-18 02:10:28.462,107290.09,0.00047,50.426342299999995
2025-10-18 02:10:28.529,107290.09,0.00031,33.2599279
2025-10-18 02:10:28.575,107290.09,8e-05,8.5832072
2025-10-18 02:10:29.032,107290.09,0.00019,20.385117100000002
2025-10-18 02:10:29.074,107290.08,0.00011,11.801908800000001
2025-10-18 02:10:29.343,107290.09,0.00056,60.08245039999999
2025-10-18 02:10:29.690,107290.09,0.00014,15.020612599999998
2025-10-18 02:10:30.220,107290.08,0.00013,13.947710399999998
2025-10-18 02:10:30.243,107290.09,0.00114,122.31070259999998
2025-10-18 02:10:30.558,107290.08,0.00734,787.5091872
2025-10-18 02:10:30.756,107290.09,5e-05,5.3645045
2025-10-18 02:10:31.717,107290.09,0.00218,233.8923962
2025-10-18 02:10:31.785,107290.08,0.07975,8556.38388
2025-10-18 02:10:31.865,107290.09,0.04154,4456.8303386
2025-10-18 02:10:32.261,107290.09,0.01813,1945.1693317
2025-10-18 02:10:32.282,107290.09,0.00234,251.0588106
2025-10-18 02:10:32.773,107290.09,0.00016,17.1664144
2025-10-18 02:10:32.831,107290.09,0.00477,511.77372929999996
2025-10-18 02:10:32.877,107290.09,0.00699,749.9577290999999
2025-10-18 02:10:32.961,107290.09,0.0001,10.729009
2025-10-18 02:10:33.059,107290.08,0.00018,19.312214400000002
2025-10-18 02:10:33.116,107290.09,0.00059,63.3011531
2025-10-18 02:10:33.140,107290.09,0.0003,32.18702699999999
2025-10-18 02:10:33.359,107290.09,0.00014,15.020612599999998
2025-10-18 02:10:33.742,107290.09,0.09321,10000.5092889
2025-10-18 02:10:34.072,107290.09,0.02477,2657.5755292999997
2025-10-18 02:10:34.468,107290.09,0.00047,50.426342299999995
2025-10-18 02:10:35.072,107290.08,0.00011,11.801908800000001
2025-10-18 02:10:35.074,107290.08,0.00774,830.4252192
2025-10-18 02:10:35.215,107291.78,0.00055,59.010479000000004
2025-10-18 02:10:35.285,107291.78,0.00021,22.5312738
2025-10-18 02:10:35.440,107291.78,0.04925,5284.120165
2025-10-18 02:10:35.445,107292.82,0.00015,16.093923
2025-10-18 02:10:35.446,107296.35,5e-05,5.364817500000001
2025-10-18 02:10:35.453,107296.61,0.00075,80.4724575
2025-10-18 02:10:35.498,107297.86,0.00015,16.094679
2025-10-18 02:10:35.698,107297.87,5e-05,5.3648935
2025-10-18 02:10:36.780,107297.87,6e-05,6.4378722
2025-10-18 02:10:36.960,107297.86,0.00734,787.5662924000001
2025-10-18 02:10:37.263,107297.87,0.00025,26.8244675
2025-10-18 02:10:37.582,107297.87,0.01308,1403.4561396
2025-10-18 02:10:38.030,107297.87,0.00027,28.970424899999998
2025-10-18 02:10:39.404,107297.86,0.00456,489.2782416
2025-10-18 02:10:40.418,107297.86,0.00333,357.3018738
2025-10-18 02:10:40.628,107297.7,0.0011,118.02747000000001
2025-10-18 02:10:40.629,107294.99,0.00015,16.0942485
2025-10-18 02:10:40.715,107292.0,0.00015,16.093799999999998
2025-10-18 02:10:40.819,107291.82,0.00013,13.9479366
2025-10-18 02:10:41.062,107291.82,0.00171,183.4690122
2025-10-18 02:10:41.290,107291.81,0.09888,10609.0141728
2025-10-18 02:10:41.314,107291.81,0.00463,496.76108029999995
2025-10-18 02:10:41.316,107286.67,0.00015,16.0930005
2025-10-18 02:10:41.554,107285.37,0.04994,5357.831377799999
2025-10-18 02:10:41.915,107282.57,0.00015,16.0923855
2025-10-18 02:10:41.993,107282.57,0.00038,40.767376600000006
2025-10-18 02:10:42.454,107282.57,9e-05,9.655431300000002
2025-10-18 02:10:42.644,107282.56,0.00036,38.6217216
2025-10-18 02:10:43.347,107282.57,7e-05,7.5097799
2025-10-18 02:10:44.051,107282.54,0.0002,21.456508
2025-10-18 02:10:44.052,107277.44,5e-05,5.363872000000001
2025-10-18 02:10:44.053,107269.5,6e-05,6.43617
2025-10-18 02:10:44.054,107258.5,0.06,6435.509999999999
2025-10-18 02:10:44.055,107243.48,0.048,5147.68704
2025-10-18 02:10:44.056,107235.55,0.01066,1143.130963
2025-10-18 02:10:44.057,107231.8,0.00666,714.1637880000001
2025-10-18 02:10:44.058,107230.0,0.026,2787.98
2025-10-18 02:10:44.059,107227.34,0.036,3860.1842399999996
2025-10-18 02:10:44.060,107220.06,0.03398,3643.3376388
2025-10-18 02:10:44.061,107220.01,0.028,3002.16028
2025-10-18 02:10:44.062,107218.19,9e-05,9.649637100000001
2025-10-18 02:10:44.063,107218.0,0.0026,278.7668
2025-10-18 02:10:44.064,107214.78,0.024,2573.15472
2025-10-18 02:10:44.065,107214.78,0.028,3002.01384
2025-10-18 02:10:44.066,107247.66,5e-05,5.362383
2025-10-18 02:10:44.067,107210.79,0.02049,2196.7490871
2025-10-18 02:10:44.068,107235.22,0.024,2573.64528
2025-10-18 02:10:44.069,107235.22,0.02264,2427.8053808
2025-10-18 02:10:44.070,107210.0,0.00075,80.4075
2025-10-18 02:10:44.071,107234.74,0.12168,13048.3231632
2025-10-18 02:10:44.072,107210.96,5e-05,5.3605480000000005
2025-10-18 02:10:44.076,107206.58,0.03527,3781.1760766
2025-10-18 02:10:44.080,107206.58,0.02423,2597.6154334000003
2025-10-18 02:10:44.081,107219.35,0.02424,2598.997044
2025-10-18 02:10:44.082,107219.35,0.02423,2597.9248505000005
2025-10-18 02:10:44.083,107219.35,0.02423,2597.9248505000005
2025-10-18 02:10:44.084,107220.02,0.024,2573.2804800000004
2025-10-18 02:10:44.085,107220.02,0.04662,4998.597332400001
2025-10-18 02:10:44.086,107220.02,0.01102,1181.5646204
2025-10-18 02:10:44.088,107220.02,0.02423,2597.9410846
2025-10-18 02:10:44.089,107220.02,0.02423,2597.9410846
2025-10-18 02:10:44.091,107220.02,0.08165,8754.514633
2025-10-18 02:10:44.093,107218.0,0.00932,999.27176
2025-10-18 02:10:44.098,107212.49,0.04,4288.4996
2025-10-18 02:10:44.099,107212.49,0.02423,2597.7586327000004
2025-10-18 02:10:44.100,107214.79,6e-05,6.432887399999999
2025-10-18 02:10:44.102,107212.49,0.01538,1648.9280962
2025-10-18 02:10:44.103,107206.12,0.04211,4514.4497132
2025-10-18 02:10:44.107,107214.78,0.00119,127.5855882
2025-10-18 02:10:44.108,107214.7,0.0001,10.72147
2025-10-18 02:10:44.109,107212.49,0.01771,1898.7331979
2025-10-18 02:10:44.110,107213.67,0.056,6003.96552
2025-10-18 02:10:44.111,107213.67,0.01771,1898.7540956999999
2025-10-18 02:10:44.112,107213.67,0.022,2358.7007399999998
2025-10-18 02:10:44.113,107210.35,0.11946,12807.348411
2025-10-18 02:10:44.115,107214.15,0.12088,12960.046451999999
2025-10-18 02:10:44.116,107208.64,0.02976,3190.5291264
2025-10-18 02:10:44.118,107209.98,0.12449,13346.5704102
2025-10-18 02:10:44.119,107210.96,0.17087,18319.1367352
2025-10-18 02:10:44.121,107210.35,0.03798,4071.8490930000003
2025-10-18 02:10:44.122,107211.04,0.02051,2198.8984304
2025-10-18 02:10:44.123,107211.04,0.0021,225.14318399999996
2025-10-18 02:10:44.126,107211.04,0.09842,10551.710556799999
2025-10-18 02:10:44.127,107209.98,0.12207,13087.122258599999
2025-10-18 02:10:44.128,107208.64,0.31877,34174.8981728
2025-10-18 02:10:44.141,107209.98,9e-05,9.6488982
2025-10-18 02:10:44.142,107209.98,0.01229,1317.6106542
2025-10-18 02:10:44.149,107209.98,0.11211,12019.3108578
2025-10-18 02:10:44.153,107208.64,0.1119,11996.646816
2025-10-18 02:10:44.161,107206.91,0.01691,1812.8688481000002
2025-10-18 02:10:44.162,107206.12,0.02797,2998.5551763999997
2025-10-18 02:10:44.163,107204.19,0.01425,1527.6597075000002
2025-10-18 02:10:44.164,107204.07,0.00014,15.0085698
2025-10-18 02:10:44.167,107202.37,0.02774,2973.7937438
2025-10-18 02:10:44.178,107202.37,0.04,4288.0948
2025-10-18 02:10:44.186,107202.37,0.04788,5132.8494756
2025-10-18 02:10:44.190,107202.37,0.00933,1000.1981120999999
2025-10-18 02:10:44.203,107202.37,0.00932,999.1260884
2025-10-18 02:10:44.209,107202.37,0.00436,467.4023332
2025-10-18 02:10:44.230,107202.37,0.00108,115.7785596
2025-10-18 02:10:44.238,107202.37,0.00691,740.7683767
2025-10-18 02:10:44.247,107202.37,6e-05,6.4321421999999995
2025-10-18 02:10:44.248,107202.37,0.01866,2000.3962241999998
2025-10-18 02:10:44.261,107202.37,0.00933,1000.1981120999999
2025-10-18 02:10:44.277,107198.42,0.00604,647.4784568
2025-10-18 02:10:44.321,107198.42,0.00015,16.079763
2025-10-18 02:10:44.546,107198.63,0.00034,36.44753420000001
2025-10-18 02:10:44.747,107198.62,0.00973,1043.0425726
2025-10-18 02:10:44.785,107198.62,0.00053,56.815268599999996
2025-10-18 02:10:44.913,107198.63,0.0002,21.439726
2025-10-18 02:10:44.965,107198.62,0.15,16079.792999999998
2025-10-18 02:10:45.276,107198.62,0.00045,48.239379
2025-10-18 02:10:45.291,107198.62,0.00299,320.5238738
2025-10-18 02:10:45.307,107198.62,0.00152,162.9419024
2025-10-18 02:10:45.443,107198.63,0.00453,485.60979390000006
2025-10-18 02:10:45.531,107198.63,0.00032,34.3035616
2025-10-18 02:10:45.625,107198.63,0.09286,9954.4647818
2025-10-18 02:10:45.674,107198.62,0.04664,4999.7436368
2025-10-18 02:10:45.704,107198.63,0.00047,50.3833561
2025-10-18 02:10:46.240,107198.63,0.00046,49.3113698
2025-10-18 02:10:46.575,107198.62,7e-05,7.503903399999999
2025-10-18 02:10:46.650,107198.62,0.0054,578.872548
2025-10-18 02:10:46.705,107198.62,0.01,1071.9862
2025-10-18 02:10:46.720,107198.62,0.005,535.9931
2025-10-18 02:10:46.970,107198.62,0.00428,458.81009359999996
2025-10-18 02:10:47.021,107198.63,0.06017,6450.1415671
2025-10-18 02:10:47.042,107198.63,0.00445,477.0339035
2025-10-18 02:10:47.624,107198.63,9e-05,9.647876700000001
2025-10-18 02:10:47.912,107198.63,0.00064,68.6071232
2025-10-18 02:10:48.188,107198.62,0.03267,3502.1789154
2025-10-18 02:10:48.189,107198.63,9e-05,9.647876700000001
2025-10-18 02:10:48.505,107198.63,0.04973,5330.987869900001
2025-10-18 02:10:48.558,107198.63,0.01029,1103.0739027000002
2025-10-18 02:10:49.461,107198.62,0.03674,3938.4772988
2025-10-18 02:10:49.598,107198.63,0.00118,126.49438340000002
2025-10-18 02:10:49.823,107198.62,0.22989,24643.8907518
2025-10-18 02:10:49.824,107196.0,0.00046,49.31016
2025-10-18 02:10:49.825,107178.25,6e-05,6.430695
2025-10-18 02:10:49.826,107168.0,0.0628,6730.1503999999995
2025-10-18 02:10:49.827,107159.65,0.01315,1409.1493974999998
2025-10-18 02:10:49.828,107146.95,0.024,2571.5268
2025-10-18 02:10:49.829,107135.44,0.03229,3459.4033576
2025-10-18 02:10:49.830,107133.0,6e-05,6.42798
2025-10-18 02:10:49.831,107129.75,0.037,3963.80075
2025-10-18 02:10:49.833,107129.75,0.01397,1496.6026075
2025-10-18 02:10:49.834,107124.95,6e-05,6.427497
2025-10-18 02:10:49.836,107124.44,0.037,3963.60428
2025-10-18 02:10:49.837,107154.89,0.00284,304.3198876
2025-10-18 02:10:49.839,107123.64,0.01679,1798.6059156
2025-10-18 02:10:49.840,107122.04,0.037,3963.5154799999996
2025-10-18 02:10:49.841,107122.04,0.02519,2698.4041876
2025-10-18 02:10:49.845,107122.0,0.0028,299.9416
2025-10-18 02:10:49.846,107146.08,5e-05,5.357304
2025-10-18 02:10:49.847,107142.43,0.0112,1199.9952159999998
2025-10-18 02:10:49.855,107142.43,0.14218,15233.5106974
2025-10-18 02:10:49.857,107146.08,0.00081,86.7883248
2025-10-18 02:10:49.858,107129.31,0.02146,2298.9949926
2025-10-18 02:10:49.861,107129.31,0.009,964.16379
2025-10-18 02:10:49.862,107126.26,0.00023,24.6390398
2025-10-18 02:10:49.867,107124.44,0.07385,7911.139894
2025-10-18 02:10:49.871,107124.44,0.01866,1998.9420504
2025-10-18 02:10:49.878,107124.44,0.01679,1798.6193476
2025-10-18 02:10:49.880,107124.44,0.04668,5000.5688592
2025-10-18 02:10:49.885,107124.44,0.012,1285.4932800000001
2025-10-18 02:10:49.886,107124.44,0.01021,1093.7405324000001
2025-10-18 02:10:49.888,107124.44,0.34132,36563.7138608
2025-10-18 02:10:49.895,107123.64,0.012,1285.48368
2025-10-18 02:10:49.896,107123.64,0.00933,999.4635612
2025-10-18 02:10:49.903,107123.67,0.01279,1370.1117393
2025-10-18 02:10:49.914,107123.64,0.0002,21.424728
2025-10-18 02:10:49.924,107123.67,0.11093,11883.2287131
2025-10-18 02:10:49.927,107123.64,0.0276,2956.612464
2025-10-18 02:10:49.930,107120.73,7e-05,7.498451099999999
2025-10-18 02:10:49.940,107120.73,0.012,1285.44876
2025-10-18 02:10:49.961,107120.73,0.00046,49.2755358
2025-10-18 02:10:49.962,107120.73,0.0186,1992.4455779999998
2025-10-18 02:10:49.977,107120.73,0.06,6427.243799999999
2025-10-18 02:10:49.978,107120.73,9e-05,9.6408657
2025-10-18 02:10:49.996,107120.89,0.00091,97.4800099
2025-10-18 02:10:50.027,107120.69,0.00068,72.84206920000001
2025-10-18 02:10:50.078,107120.69,0.00081,86.7677589
2025-10-18 02:10:50.099,107120.68,0.03027,3242.5429835999994
2025-10-18 02:10:50.115,107120.68,0.00934,1000.5071511999998
2025-10-18 02:10:50.134,107120.68,0.0009,96.40861199999999
2025-10-18 02:10:50.142,107120.0,0.018,1928.1599999999999
2025-10-18 02:10:50.243,107120.0,0.00351,375.9912
2025-10-18 02:10:50.276,107117.99,0.0001,10.711799000000001
2025-10-18 02:10:50.283,107109.41,0.00015,16.066411499999997
2025-10-18 02:10:50.296,107108.2,0.06103,6536.813446
2025-10-18 02:10:50.325,107108.19,0.00092,98.5395348
2025-10-18 02:10:50.326,107108.19,0.00092,98.5395348
2025-10-18 02:10:50.334,107108.18,0.00126,134.9563068
2025-10-18 02:10:50.339,107108.18,0.0019,203.505542
2025-10-18 02:10:50.362,107108.19,2.32572,249103.65964680002
2025-10-18 02:10:50.382,107108.18,0.0002,21.421636
2025-10-18 02:10:50.398,107108.18,0.00019,20.3505542
2025-10-18 02:10:50.399,107108.19,0.86896,93072.7327824
2025-10-18 02:10:50.418,107108.18,0.00021,22.4927178
2025-10-18 02:10:50.425,107108.19,0.02986,3198.2505534
2025-10-18 02:10:50.470,107108.19,0.4999,53543.384181
2025-10-18 02:10:50.484,107108.19,0.01231,1318.5018189
2025-10-18 02:10:50.600,107108.18,0.00162,173.51525159999997
2025-10-18 02:10:50.683,107108.27,0.0001,10.710827
2025-10-18 02:10:50.693,107114.89,0.00062,66.4112318
2025-10-18 02:10:50.706,107114.89,0.00129,138.17820809999998
2025-10-18 02:10:50.707,107115.5,0.0003,32.13465
2025-10-18 02:10:50.709,107116.04,0.0001,10.711604
2025-10-18 02:10:50.710,107116.12,0.03397,3638.7345963999996
2025-10-18 02:10:50.716,107116.12,0.01231,1318.5994372
2025-10-18 02:10:50.723,107116.11,0.005,535.58055
2025-10-18 02:10:50.724,107116.11,0.01,1071.1611
2025-10-18 02:10:50.779,107116.12,0.01864,1996.6444768
2025-10-18 02:10:50.831,107116.12,0.00112,119.97005439999998
2025-10-18 02:10:50.851,107118.92,0.27563,29525.187919599997
2025-10-18 02:10:50.917,107118.91,0.09234,9891.360149400001
2025-10-18 02:10:50.964,107118.92,0.01231,1318.6339051999998
2025-10-18 02:10:52.287,107118.91,0.01546,1656.0583486
2025-10-18 02:10:52.495,107118.91,0.00107,114.6172337
2025-10-18 02:10:52.840,107118.91,0.06,6427.1346
2025-10-18 02:10:53.057,107118.92,0.02246,2405.8909432
2025-10-18 02:10:53.289,107118.91,0.01334,1428.9662594
2025-10-18 02:10:53.704,107118.92,0.00031,33.2068652
2025-10-18 02:10:53.867,107118.91,0.012,1285.42692
2025-10-18 02:10:53.868,107118.91,0.012,1285.42692
2025-10-18 02:10:53.920,107118.92,0.00045,48.203514
2025-10-18 02:10:54.058,107118.91,0.00158,169.2478778
2025-10-18 02:10:54.139,107118.91,0.00049,52.4882659
2025-10-18 02:10:54.289,107118.91,0.01151,1232.9386541
2025-10-18 02:10:54.382,107118.92,0.02326,2491.5860792
2025-10-18 02:10:54.385,107118.92,0.00616,659.8525472
2025-10-18 02:10:54.403,107118.91,0.00034,36.4204294
2025-10-18 02:10:54.482,107118.92,0.00342,366.34670639999996
2025-10-18 02:10:54.843,107118.91,0.012,1285.42692
2025-10-18 02:10:54.845,107118.91,0.012,1285.42692
2025-10-18 02:10:54.896,107118.91,0.012,1285.42692
2025-10-18 02:10:55.290,107118.91,0.00994,1064.7619654
2025-10-18 02:10:55.333,107118.91,0.00365,390.98402150000004
2025-10-18 02:10:55.635,107118.92,0.02273,2434.8130516
2025-10-18 02:10:55.911,107118.91,0.00036,38.562807600000006
2025-10-18 02:10:56.147,107118.92,0.00021,22.4949732
2025-10-18 02:10:56.291,107118.91,0.00858,919.0802478000002
2025-10-18 02:10:56.409,107118.92,0.46266,49559.6395272
2025-10-18 02:10:56.412,107118.91,0.00021,22.4949711
2025-10-18 02:10:56.501,107118.92,0.00122,130.6850824
2025-10-18 02:10:56.601,107118.92,0.0018,192.814056
2025-10-18 02:10:56.707,107117.85,0.0001,10.711785
2025-10-18 02:10:56.708,107096.0,0.0028,299.8688
2025-10-18 02:10:56.710,107088.86,0.0106,1135.141916
2025-10-18 02:10:56.713,107084.88,6e-05,6.425092800000001
2025-10-18 02:10:56.715,107078.9,0.03785,4052.936365
2025-10-18 02:10:56.717,107078.9,0.16,17132.624
2025-10-18 02:10:56.718,107073.93,0.0005,53.536964999999995
2025-10-18 02:10:56.723,107086.78,6e-05,6.4252068
2025-10-18 02:10:56.726,107086.78,0.04658,4988.1022124
2025-10-18 02:10:56.727,107080.12,0.0069,738.8528279999999
2025-10-18 02:10:56.729,107071.96,0.00267,285.8821332
2025-10-18 02:10:56.734,107078.91,5e-05,5.3539455
2025-10-18 02:10:56.736,107078.67,0.01214,1299.9350537999999
2025-10-18 02:10:56.738,107078.67,0.00046,49.256188200000004
2025-10-18 02:10:56.739,107078.67,0.00046,49.256188200000004
2025-10-18 02:10:56.743,107078.9,0.00687,735.632043
2025-10-18 02:10:56.745,107072.1,0.02521,2699.2876410000003
2025-10-18 02:10:56.751,107073.04,6e-05,6.4243824
2025-10-18 02:10:56.752,107072.1,0.02986,3197.1729060000002
2025-10-18 02:10:56.767,107072.03,0.01913,2048.2879339
2025-10-18 02:10:56.768,107072.03,6e-05,6.4243218
2025-10-18 02:10:56.769,107073.04,0.00529,566.4163816
2025-10-18 02:10:56.770,107072.03,0.00933,998.9820399
2025-10-18 02:10:56.778,107072.03,0.012,1284.86436
2025-10-18 02:10:56.783,107072.03,0.012,1284.86436
2025-10-18 02:10:56.785,107072.03,0.00975,1043.9522924999999
2025-10-18 02:10:56.789,107072.03,0.02867,3069.7551001
2025-10-18 02:10:56.807,107072.1,0.0045,481.82445
2025-10-18 02:10:56.813,107072.1,0.00099,106.001379
2025-10-18 02:10:56.818,107072.0,6e-05,6.42432
2025-10-18 02:10:56.821,107072.0,0.13233,14168.83776
2025-10-18 02:10:56.829,107072.0,0.00046,49.25312
2025-10-18 02:10:56.862,107072.03,0.00092,98.5062676
2025-10-18 02:10:56.866,107072.03,0.00073,78.16258189999999
2025-10-18 02:10:56.877,107072.03,0.012,1284.86436
2025-10-18 02:10:56.883,107072.03,0.00487,521.4407861
2025-10-18 02:10:56.978,107070.0,0.00276,295.5132
2025-10-18 02:10:56.980,107070.0,0.00184,197.0088
2025-10-18 02:10:56.988,107069.63,0.0002,21.413926000000004
2025-10-18 02:10:56.994,107067.72,0.00991,1061.0411052
2025-10-18 02:10:57.011,107067.72,0.00476,509.6423472
2025-10-18 02:10:57.035,107066.0,0.00021,22.48386
2025-10-18 02:10:57.041,107066.0,0.03309,3542.81394
2025-10-18 02:10:57.072,107066.0,0.0028,299.7848
2025-10-18 02:10:57.074,107066.0,0.00814,871.51724
2025-10-18 02:10:57.075,107066.0,0.00443,474.30237999999997
2025-10-18 02:10:57.076,107066.0,0.00694,743.03804
2025-10-18 02:10:57.077,107066.0,0.00599,641.32534
2025-10-18 02:10:57.078,107066.0,0.004,428.264
2025-10-18 02:10:57.081,107066.0,0.01963,2101.7055800000003
2025-10-18 02:10:57.087,107066.0,0.24333,26052.369779999997
2025-10-18 02:10:57.117,107066.0,0.07249,7761.2143399999995
2025-10-18 02:10:57.143,107066.0,0.00096,102.78336
2025-10-18 02:10:57.145,107065.99,0.0012,128.479188
2025-10-18 02:10:57.147,107061.82,6e-05,6.4237092
2025-10-18 02:10:57.192,107061.82,0.03314,3548.0287148000007
2025-10-18 02:10:57.204,107061.82,0.01448,1550.2551536
2025-10-18 02:10:57.261,107061.82,0.09714,10399.985194800001
2025-10-18 02:10:57.342,107061.8,0.00176,188.42876800000002
2025-10-18 02:10:57.384,107061.8,0.27409,29344.568762000003
2025-10-18 02:10:57.415,107061.8,0.07085,7585.32853
2025-10-18 02:10:57.462,107061.8,0.00091,97.426238
2025-10-18 02:10:57.464,107061.78,0.0016,171.298848
2025-10-18 02:10:57.707,107060.69,0.00196,209.8389524
2025-10-18 02:10:58.070,107060.69,0.00093,99.56644170000001
2025-10-18 02:10:58.346,107060.61,0.0001,10.706061
2025-10-18 02:10:58.348,107060.01,0.00025,26.765002499999998
2025-10-18 02:10:58.353,107060.0,0.00913,977.4577999999999
2025-10-18 02:10:58.368,107060.0,0.01363,1459.2278
2025-10-18 02:10:58.371,107059.54,0.00195,208.766103
2025-10-18 02:10:58.372,107058.85,5e-05,5.3529425
2025-10-18 02:10:58.391,107058.71,0.00276,295.4820396
2025-10-18 02:10:58.413,107058.7,0.0002,21.41174
2025-10-18 02:10:58.433,107058.7,0.0002,21.41174
2025-10-18 02:10:58.490,107058.7,0.00019,20.341153000000002
2025-10-18 02:10:58.499,107058.7,0.00875,936.763625
2025-10-18 02:10:58.511,107058.7,0.0002,21.41174
2025-10-18 02:10:58.524,107058.7,0.00019,20.341153000000002
2025-10-18 02:10:58.549,107058.7,0.0002,21.41174
2025-10-18 02:10:58.617,107058.7,0.00019,20.341153000000002
2025-10-18 02:10:58.643,107058.71,7e-05,7.4941097
2025-10-18 02:10:58.802,107058.7,0.02802,2999.7847739999997
2025-10-18 02:10:58.917,107058.7,0.00053,56.741111
2025-10-18 02:10:59.292,107058.7,0.0074,792.23438
2025-10-18 02:10:59.348,107058.71,0.00033,35.329374300000005
2025-10-18 02:10:59.357,107058.7,0.00218,233.387966
2025-10-18 02:10:59.415,107058.7,0.01806,1933.480122
2025-10-18 02:10:59.448,107058.7,0.00491,525.658217
2025-10-18 02:10:59.537,107058.71,0.00532,569.5523372
2025-10-18 02:11:00.121,107058.71,0.41429,44353.352965900005
2025-10-18 02:11:00.122,107061.79,0.00705,754.7856194999999
2025-10-18 02:11:00.167,107061.78,0.13941,14925.482749800001
2025-10-18 02:11:00.286,107061.79,0.38494,41212.3654426
2025-10-18 02:11:00.290,107061.99,0.03191,3416.3481009
2025-10-18 02:11:00.293,107061.99,0.0064,685.1967360000001
2025-10-18 02:11:00.377,107061.99,0.0005,53.530995000000004
2025-10-18 02:11:00.500,107062.0,0.02172,2325.38664
2025-10-18 02:11:00.615,107062.0,8e-05,8.564960000000001
2025-10-18 02:11:00.620,107062.0,0.00049,52.46038
2025-10-18 02:11:00.682,107062.0,0.0092,984.9703999999999
2025-10-18 02:11:00.742,107062.0,0.00051,54.601620000000004
2025-10-18 02:11:00.854,107062.0,0.013,1391.806
2025-10-18 02:11:00.860,107062.0,0.0106,1134.8572
2025-10-18 02:11:00.862,107062.0,0.00613,656.29006
2025-10-18 02:11:00.863,107062.0,0.00197,210.91214
2025-10-18 02:11:01.219,107062.0,0.00038,40.68356
2025-10-18 02:11:01.233,107062.0,0.00025,26.7655
2025-10-18 02:11:01.238,107062.0,0.00025,26.7655
2025-10-18 02:11:01.294,107061.99,0.00551,589.9115649
2025-10-18 02:11:01.384,107062.0,0.00011,11.77682
2025-10-18 02:11:01.640,107062.0,0.00055,58.884100000000004
2025-10-18 02:11:01.775,107062.0,0.04244,4543.7112799999995
2025-10-18 02:11:01.838,107061.99,0.00014,14.9886786
2025-10-18 02:11:01.873,107061.99,0.0049,524.603751
2025-10-18 02:11:02.206,107062.0,0.00011,11.77682
2025-10-18 02:11:02.294,107061.99,0.00476,509.6150724000001
2025-10-18 02:11:02.306,107061.99,0.00487,521.3918913
2025-10-18 02:11:02.816,107062.0,4e-05,4.2824800000000005
2025-10-18 02:11:03.187,107062.0,0.01238,1325.42756
2025-10-18 02:11:03.295,107061.99,0.00467,499.9794933
2025-10-18 02:11:03.332,107062.0,0.00011,11.77682
2025-10-18 02:11:03.913,107062.0,0.00019,20.34178
2025-10-18 02:11:04.037,107062.0,0.00051,54.601620000000004
2025-10-18 02:11:04.110,107061.99,0.13054,13975.8721746
2025-10-18 02:11:04.139,107061.99,0.00044,47.1072756
2025-10-18 02:11:04.296,107061.99,0.00467,499.9794933
2025-10-18 02:11:04.537,107062.0,0.00083,88.86146
2025-10-18 02:11:04.622,107062.0,0.00011,11.77682
2025-10-18 02:11:04.644,107061.99,0.02175,2328.5982825
2025-10-18 02:11:04.723,107061.99,0.00028,29.9773572
2025-10-18 02:11:04.838,107062.0,0.00021,22.48302
2025-10-18 02:11:05.297,107061.99,0.00467,499.9794933
2025-10-18 02:11:05.433,107061.99,0.00021,22.483017900000004
2025-10-18 02:11:05.625,107062.0,0.00011,11.77682
2025-10-18 02:11:05.664,107061.99,0.00038,40.683556200000005
2025-10-18 02:11:06.297,107061.99,0.00467,499.9794933
2025-10-18 02:11:06.653,107062.0,0.00011,11.77682
2025-10-18 02:11:06.970,107061.99,0.00053,56.7428547
2025-10-18 02:11:07.298,107061.99,0.00467,499.9794933
2025-10-18 02:11:07.587,107062.0,8e-05,8.564960000000001
2025-10-18 02:11:07.889,107062.0,0.00011,11.77682
2025-10-18 02:11:08.299,107061.99,0.00467,499.9794933
2025-10-18 02:11:08.534,107061.99,8e-05,8.5649592
2025-10-18 02:11:08.922,107062.0,0.00011,11.77682
2025-10-18 02:11:09.000,107061.99,0.00228,244.1013372
2025-10-18 02:11:09.044,107061.99,0.00097,103.8501303
2025-10-18 02:11:09.094,107061.99,0.00198,211.98274020000002
2025-10-18 02:11:09.386,107061.99,0.00252,269.79621480000003
2025-10-18 02:11:09.964,107061.99,0.00352,376.8582048
2025-10-18 02:11:10.322,107061.99,0.09572,10247.9736828
2025-10-18 02:11:10.323,107061.99,0.0014,149.886786
2025-10-18 02:11:10.324,107061.99,0.0658,7044.6789420000005
2025-10-18 02:11:10.325,107058.71,0.05774,6181.5699154
2025-10-18 02:11:10.333,107057.71,0.00374,400.3958354
2025-10-18 02:11:10.334,107055.57,0.00565,604.8639705
2025-10-18 02:11:10.337,107051.29,0.1109,11871.988061
2025-10-18 02:11:10.339,107051.29,0.02166,2318.7309413999997
2025-10-18 02:11:10.342,107051.28,0.0243,2601.3461039999997
2025-10-18 02:11:10.346,107048.65,5e-05,5.3524325
2025-10-18 02:11:10.356,107048.4,0.02893,3096.910212
2025-10-18 02:11:10.367,107048.4,0.01447,1548.990348
2025-10-18 02:11:10.372,107048.4,0.00934,999.8320559999999
2025-10-18 02:11:10.375,107048.4,0.01186,1269.594024
2025-10-18 02:11:10.380,107048.4,0.02,2140.968
2025-10-18 02:11:10.382,107045.2,0.0001,10.70452
2025-10-18 02:11:10.389,107039.26,0.00096,102.75768959999999
2025-10-18 02:11:10.391,107039.26,0.00204,218.36009040000002
2025-10-18 02:11:10.395,107034.16,0.00929,994.3473464
2025-10-18 02:11:10.408,107034.0,0.00021,22.477140000000002
2025-10-18 02:11:10.415,107034.0,0.0001,10.7034
2025-10-18 02:11:10.433,107041.04,0.00462,494.52960479999996
2025-10-18 02:11:10.458,107031.24,0.00238,254.73435120000002
2025-10-18 02:11:10.459,107031.24,0.00731,782.3983644
2025-10-18 02:11:10.466,107032.62,0.00048,51.3756576
2025-10-18 02:11:10.483,107032.62,6e-05,6.4219572
2025-10-18 02:11:10.513,107034.04,0.00055,58.868722
2025-10-18 02:11:10.542,107032.62,0.00097,103.8216414
2025-10-18 02:11:10.558,107024.0,0.00045,48.1608
2025-10-18 02:11:10.560,107022.0,0.0028,299.6616
2025-10-18 02:11:10.602,107030.29,5e-05,5.3515144999999995
2025-10-18 02:11:10.654,107030.04,0.02,2140.6007999999997
2025-10-18 02:11:10.684,107030.28,0.11648,12466.8870144
2025-10-18 02:11:10.690,107030.28,0.11648,12466.8870144
2025-10-18 02:11:10.745,107030.28,0.27584,29523.232435199996
2025-10-18 02:11:10.751,107030.03,0.00094,100.6082282
2025-10-18 02:11:10.761,107030.03,0.0084,899.052252
2025-10-18 02:11:10.767,107030.03,6e-05,6.4218018
2025-10-18 02:11:10.771,107027.26,0.00078,83.4812628
2025-10-18 02:11:11.028,107027.25,0.00141,150.9084225
2025-10-18 02:11:11.290,107027.26,0.00268,286.8330568
2025-10-18 02:11:11.390,107027.26,0.00081,86.6920806
2025-10-18 02:11:11.576,107027.25,9e-05,9.632452500000001
2025-10-18 02:11:11.807,107027.25,0.0001,10.702725000000001
2025-10-18 02:11:12.383,107027.26,0.0001,10.702726
2025-10-18 02:11:12.712,107027.26,0.00013,13.913543799999998
2025-10-18 02:11:12.813,107027.26,0.0264,2825.519664
2025-10-18 02:11:12.833,107027.26,0.00732,783.4395432
2025-10-18 02:11:13.002,107027.25,0.00264,282.55194
2025-10-18 02:11:13.648,107027.26,0.00962,1029.6022412
2025-10-18 02:11:13.810,107027.25,0.00104,111.30833999999999
2025-10-18 02:11:13.833,107027.25,0.00481,514.8010725
2025-10-18 02:11:14.082,107027.26,1.15346,123451.66331959999
2025-10-18 02:11:14.084,107027.27,0.00781,835.8829787000001
2025-10-18 02:11:14.085,107027.27,0.001,107.02727
2025-10-18 02:11:14.086,107027.27,0.00487,521.2228049
2025-10-18 02:11:14.087,107027.28,0.00065,69.56773199999999
2025-10-18 02:11:14.088,107028.04,0.03101,3318.9395203999998
2025-10-18 02:11:14.089,107028.05,0.00185,198.00189250000003
2025-10-18 02:11:14.091,107028.06,0.0006,64.21683599999999
2025-10-18 02:11:14.094,107028.06,0.00055,58.865433
2025-10-18 02:11:14.100,107028.06,0.00035,37.459821
2025-10-18 02:11:14.106,107028.06,0.00025,26.757015
2025-10-18 02:11:14.115,107030.03,0.0015,160.545045
2025-10-18 02:11:14.157,107030.21,0.00039,41.7417819
2025-10-18 02:11:14.297,107030.22,0.00074,79.2023628
2025-10-18 02:11:14.460,107030.21,0.01271,1360.3539691
2025-10-18 02:11:14.605,107030.21,0.0018,192.654378
2025-10-18 02:11:14.675,107030.21,0.00795,850.8901695000001
2025-10-18 02:11:15.142,107030.21,0.00287,307.1767027
2025-10-18 02:11:15.638,107030.22,0.00315,337.145193
2025-10-18 02:11:16.459,107030.22,0.00259,277.2082698
2025-10-18 02:11:17.533,107030.22,0.00093,99.53810460000001
2025-10-18 02:11:17.771,107030.21,0.00253,270.7864313
2025-10-18 02:11:18.099,107030.21,0.00016,17.124833600000002
2025-10-18 02:11:19.326,107030.21,0.0007,74.921147
2025-10-18 02:11:19.331,107030.21,0.06432,6884.1831072
2025-10-18 02:11:19.341,107030.21,0.01638,1753.1548398
2025-10-18 02:11:19.351,107030.21,0.23595,25253.7780495
2025-10-18 02:11:19.382,107030.21,0.02955,3162.7427055000003
2025-10-18 02:11:19.383,107030.22,0.00046,49.233901200000005
2025-10-18 02:11:19.389,107030.2,0.00176,188.373152
2025-10-18 02:11:19.434,107026.01,0.05047,5401.6027247
2025-10-18 02:11:19.435,107022.53,5e-05,5.3511265
2025-10-18 02:11:19.464,107016.0,0.00286,306.06576
2025-10-18 02:11:19.684,107013.9,0.00093,99.522927
2025-10-18 02:11:19.709,107013.89,9e-05,9.6312501
2025-10-18 02:11:19.741,107013.9,0.00048,51.366672
2025-10-18 02:11:19.831,107013.9,0.00018,19.262502
2025-10-18 02:11:19.989,107013.9,0.00569,608.909091
2025-10-18 02:11:20.021,107013.89,0.00652,697.7305627999999
2025-10-18 02:11:20.111,107013.89,0.00249,266.4645861
2025-10-18 02:11:20.215,107013.89,0.01225,1310.9201525
2025-10-18 02:11:20.305,107013.9,9e-05,9.631251
2025-10-18 02:11:20.423,107013.9,0.0001,10.70139
2025-10-18 02:11:20.428,107013.9,0.19132,20473.899348
2025-10-18 02:11:20.433,107013.9,0.22154,23707.859405999996
2025-10-18 02:11:20.439,107013.9,0.10665,11413.032435
2025-10-18 02:11:20.448,107013.9,0.33975,36357.972525
2025-10-18 02:11:20.450,107013.92,0.0002,21.402784
2025-10-18 02:11:20.454,107013.9,0.00095,101.66320499999999
2025-10-18 02:11:20.457,107013.9,0.2224,23799.891359999998
2025-10-18 02:11:20.458,107013.9,0.2233,23896.203869999998
2025-10-18 02:11:20.460,107013.9,0.0002,21.40278
2025-10-18 02:11:20.515,107016.82,0.00196,209.7529672
2025-10-18 02:11:20.577,107016.83,0.00013,13.9121879
2025-10-18 02:11:20.715,107016.83,0.00187,200.1214721
2025-10-18 02:11:20.738,107016.84,0.0084,898.9414559999999
2025-10-18 02:11:20.815,107016.85,0.04595,4917.4242575
2025-10-18 02:11:21.318,107019.98,0.00019,20.333796200000002
2025-10-18 02:11:22.473,107019.98,0.00133,142.3365734
2025-10-18 02:11:22.904,107019.97,0.00016,17.1231952
2025-10-18 02:11:23.296,107019.97,0.25151,26916.5926547
2025-10-18 02:11:23.299,107019.97,0.012,1284.23964
2025-10-18 02:11:23.300,107019.97,0.012,1284.23964
2025-10-18 02:11:23.328,107019.97,0.11289,12081.4844133
2025-10-18 02:11:23.359,107019.97,0.08684,9293.6141948
2025-10-18 02:11:23.393,107019.97,0.02148,2298.7889556
2025-10-18 02:11:23.422,107019.97,0.00042,44.9483874
2025-10-18 02:11:23.441,107015.95,5e-05,5.3507975000000005
2025-10-18 02:11:23.467,107016.83,0.0001,10.701683000000001
2025-10-18 02:11:23.562,107013.89,7e-05,7.490972299999999
2025-10-18 02:11:23.725,107013.9,0.00013,13.911806999999998
2025-10-18 02:11:23.726,107013.89,0.00013,13.911805699999999
2025-10-18 02:11:23.900,107013.89,0.00034,36.3847226
2025-10-18 02:11:23.975,107013.89,0.00501,536.1395888999999
2025-10-18 02:11:24.143,107013.89,0.00035,37.4548615
2025-10-18 02:11:24.243,107013.89,0.00232,248.2722248
2025-10-18 02:11:24.337,107013.9,0.0001,10.70139
2025-10-18 02:11:24.405,107013.89,0.23393,25033.7592877
2025-10-18 02:11:24.408,107013.89,0.012,1284.16668
2025-10-18 02:11:24.409,107013.89,0.012,1284.16668
2025-10-18 02:11:24.410,107013.89,0.03283,3513.2660087
2025-10-18 02:11:24.411,107013.89,0.27219,29128.110719099997
2025-10-18 02:11:24.412,107011.99,0.0001,10.701199
2025-10-18 02:11:24.414,107009.04,0.00015,16.051356
2025-10-18 02:11:24.416,107009.03,0.0002,21.401806
2025-10-18 02:11:24.417,107009.03,0.00081,86.67731429999999
2025-10-18 02:11:24.436,107009.02,0.08431,9021.9304762
2025-10-18 02:11:24.479,107009.03,0.00488,522.2040664
2025-10-18 02:11:24.579,107009.02,0.23564,25215.605472799998
2025-10-18 02:11:24.609,107009.02,0.07378,7895.1254956
2025-10-18 02:11:24.654,107009.02,0.11108,11886.5619416
2025-10-18 02:11:24.657,107009.02,0.012,1284.10824
2025-10-18 02:11:24.658,107009.02,0.012,1284.10824
2025-10-18 02:11:24.659,107009.02,0.012,1284.10824
2025-10-18 02:11:24.698,107009.02,0.12134,12984.474486800002
2025-10-18 02:11:24.729,107009.02,0.07393,7911.1768486
2025-10-18 02:11:24.753,107009.02,0.00028,29.9625256
2025-10-18 02:11:24.762,107009.03,0.00092,98.4483076
2025-10-18 02:11:24.763,107009.02,0.09611,10284.6369122
2025-10-18 02:11:24.794,107009.02,0.06991,7481.0005882000005
2025-10-18 02:11:24.796,107008.7,0.00015,16.051305
2025-10-18 02:11:24.805,107008.69,0.012,1284.10428
2025-10-18 02:11:24.808,107008.69,0.012,1284.10428
2025-10-18 02:11:24.829,107008.69,0.06902,7385.7397838
2025-10-18 02:11:24.881,107008.69,0.11692,12511.4560348
2025-10-18 02:11:24.915,107008.69,0.10324,11047.5771556
2025-10-18 02:11:24.934,107008.69,0.01013,1083.9980297
2025-10-18 02:11:24.987,107008.0,0.003,321.024
2025-10-18 02:11:24.990,107003.44,0.00093,99.5131992
2025-10-18 02:11:25.043,107003.24,0.1282,13717.815368000001
2025-10-18 02:11:25.047,107003.24,0.012,1284.03888
2025-10-18 02:11:25.048,107003.24,0.012,1284.03888
2025-10-18 02:11:25.049,107003.24,0.012,1284.03888
2025-10-18 02:11:25.619,107003.25,0.0001,10.700325000000001
2025-10-18 02:11:26.623,107003.25,0.00012,12.840390000000001
2025-10-18 02:11:26.837,107003.25,0.00151,161.5749075
2025-10-18 02:11:26.838,107003.24,0.00106,113.4234344
2025-10-18 02:11:27.794,107003.24,0.23639,25294.4959036
2025-10-18 02:11:27.830,107003.24,0.08816,9433.405638400001
2025-10-18 02:11:27.860,107003.24,0.07722,8262.7901928
2025-10-18 02:11:27.876,107003.25,0.00012,12.840390000000001
2025-10-18 02:11:27.913,107003.24,0.12644,13529.4896656
2025-10-18 02:11:27.940,107003.24,0.0002,21.400648
2025-10-18 02:11:27.959,107003.24,0.10753,11506.0583972
2025-10-18 02:11:27.998,107003.24,0.09255,9903.149862
2025-10-18 02:11:28.030,107003.24,0.07413,7932.150181200001
2025-10-18 02:11:28.083,107003.25,0.00114,121.983705
2025-10-18 02:11:28.085,107002.0,0.00223,238.61446000000004
2025-10-18 02:11:28.115,107002.0,0.13526,14473.09052
2025-10-18 02:11:28.145,107002.0,0.07513,8039.06026
2025-10-18 02:11:28.161,107002.0,0.00199,212.93398
2025-10-18 02:11:28.176,107001.0,0.05812,6218.89812
2025-10-18 02:11:28.215,107000.29,0.00053,56.71015369999999
2025-10-18 02:11:28.373,107000.24,0.00021,22.4700504
2025-10-18 02:11:28.381,107000.24,0.00914,977.9821936000001
2025-10-18 02:11:28.489,107000.24,0.012,1284.00288
2025-10-18 02:11:28.490,107000.24,0.012,1284.00288
2025-10-18 02:11:28.630,107000.25,0.00072,77.04018
2025-10-18 02:11:28.684,107000.25,0.00529,566.0313225000001
2025-10-18 02:11:28.773,107000.24,0.00159,170.13038160000002
2025-10-18 02:11:29.090,107000.25,0.00012,12.84003
2025-10-18 02:11:29.526,107000.25,9e-05,9.6300225
2025-10-18 02:11:29.587,107000.24,0.24331,26034.2283944
2025-10-18 02:11:29.594,107000.24,0.012,1284.00288
2025-10-18 02:11:29.618,107000.24,0.09485,10148.972764
2025-10-18 02:11:29.649,107000.24,0.08267,8845.7098408
2025-10-18 02:11:29.666,107000.24,0.00498,532.8611952
2025-10-18 02:11:29.680,107000.24,0.05561,5950.2833464000005
2025-10-18 02:11:29.714,107000.24,0.0863,9234.120712
2025-10-18 02:11:29.746,107000.24,0.08065,8629.569356
2025-10-18 02:11:29.775,107000.24,0.11764,12587.5082336
2025-10-18 02:11:29.815,107000.0,0.03274,3503.18
2025-10-18 02:11:29.819,107000.0,1.0275,109942.50000000001
2025-10-18 02:11:29.821,107000.0,0.13881,14852.669999999998
2025-10-18 02:11:29.823,107000.0,0.00025,26.75
2025-10-18 02:11:29.848,107000.0,0.0009,96.3
2025-10-18 02:11:29.862,106998.21,0.00015,16.0497315
2025-10-18 02:11:29.879,106998.2,0.12633,13517.082606
2025-10-18 02:11:29.880,106998.2,0.46599,49860.091218
2025-10-18 02:11:29.882,106998.2,0.466,49861.1612
2025-10-18 02:11:29.883,106998.2,0.28689,30696.713598
2025-10-18 02:11:29.884,106998.2,2.65669,284261.04795800004
2025-10-18 02:11:29.886,106998.03,0.00015,16.049704499999997
2025-10-18 02:11:29.908,106998.0,0.00395,422.6421
2025-10-18 02:11:29.909,106996.5,6e-05,6.41979
2025-10-18 02:11:29.910,106993.98,5e-05,5.349699
2025-10-18 02:11:29.915,106988.77,0.00015,16.048315499999998
2025-10-18 02:11:29.947,106988.76,0.07248,7754.5453248
2025-10-18 02:11:29.987,106988.76,0.09809,10494.5274684
2025-10-18 02:11:30.003,106988.76,0.00417,446.1431292
2025-10-18 02:11:30.011,106988.76,0.0187,2000.689812
2025-10-18 02:11:30.017,106988.76,0.06647,7111.5428772
2025-10-18 02:11:30.056,106988.76,0.09345,9998.099622
2025-10-18 02:11:30.318,106988.77,0.00019,20.3278663
2025-10-18 02:11:30.339,106988.77,0.00012,12.8386524
2025-10-18 02:11:30.395,106988.76,0.00047,50.284717199999996
2025-10-18 02:11:30.897,106988.77,0.00186,198.9991122
2025-10-18 02:11:30.938,106988.77,0.00178,190.4400106
2025-10-18 02:11:31.045,106988.76,0.00935,1000.344906
2025-10-18 02:11:31.087,106988.76,0.00063,67.4029188
2025-10-18 02:11:31.089,106988.76,0.23703,25359.545782799996
2025-10-18 02:11:31.093,106988.76,0.01294,1384.4345544
2025-10-18 02:11:31.109,106988.76,0.00025,26.74719
2025-10-18 02:11:31.120,106988.76,0.07357,7871.163073199999
2025-10-18 02:11:31.124,106988.76,0.0069,738.222444
2025-10-18 02:11:31.142,106988.76,0.00934,999.2750183999999
2025-10-18 02:11:31.160,106988.76,0.09617,10289.1090492
2025-10-18 02:11:31.196,106988.76,0.08244,8820.153374399999
2025-10-18 02:11:31.208,106988.76,0.01537,1644.4172411999998
2025-10-18 02:11:31.218,106988.76,0.01872,2002.8295871999999
2025-10-18 02:11:31.227,106988.76,0.09105,9741.326598
2025-10-18 02:11:31.240,106988.75,0.00095,101.6393125
2025-10-18 02:11:31.249,106988.49,0.00247,264.2615703
2025-10-18 02:11:31.260,106988.49,0.00073,78.1015977
2025-10-18 02:11:31.274,106987.45,6e-05,6.419247
2025-10-18 02:11:31.290,106987.45,0.00151,161.5510495
2025-10-18 02:11:31.296,106986.0,0.00897,959.6644200000001
2025-10-18 02:11:31.299,106984.94,0.0001,10.698494
2025-10-18 02:11:31.300,106971.14,5e-05,5.3485570000000004
2025-10-18 02:11:31.301,106965.51,0.04806,5140.762410599999
2025-10-18 02:11:31.302,106962.9,0.07299,7807.222070999999
2025-10-18 02:11:31.303,106962.57,0.00046,49.2027822
2025-10-18 02:11:31.305,106958.05,0.00059,63.105249500000006
2025-10-18 02:11:31.306,106955.6,0.00934,998.965304
2025-10-18 02:11:31.307,106955.6,6e-05,6.417336000000001
2025-10-18 02:11:31.317,106954.62,0.00043,45.9904866
2025-10-18 02:11:31.341,106953.52,0.00934,998.9458768
2025-10-18 02:11:31.346,106953.52,0.00981,1049.2140312
2025-10-18 02:11:31.357,106946.04,0.00115,122.987946
2025-10-18 02:11:31.367,106940.06,5e-05,5.347003
2025-10-18 02:11:31.370,106938.56,0.0041,438.448096
2025-10-18 02:11:31.396,106938.56,6e-05,6.4163136
2025-10-18 02:11:31.420,106938.56,0.0001,10.693856
2025-10-18 02:11:31.450,106938.56,0.00935,999.875536
2025-10-18 02:11:31.455,106938.56,0.00058,62.0243648
2025-10-18 02:11:31.456,106938.57,0.0031,331.509567
2025-10-18 02:11:31.483,106938.57,0.00407,435.23997990000004
2025-10-18 02:11:31.610,106938.56,0.00955,1021.263248
2025-10-18 02:11:31.636,106938.57,0.00016,17.110171200000003
2025-10-18 02:11:31.638,106938.57,0.0001,10.693857000000001
2025-10-18 02:11:31.644,106938.57,0.0001,10.693857000000001
2025-10-18 02:11:31.645,106938.57,0.00056,59.8855992
2025-10-18 02:11:32.045,106938.57,0.00065,69.5100705
2025-10-18 02:11:32.195,106938.56,0.00054,57.7468224
2025-10-18 02:11:32.222,106938.56,0.012,1283.26272
2025-10-18 02:11:32.224,106938.56,0.012,1283.26272
2025-10-18 02:11:32.225,106938.56,0.012,1283.26272
2025-10-18 02:11:32.305,106938.56,0.05923,6333.9709088
2025-10-18 02:11:32.316,106936.77,0.00015,16.040515499999998
2025-10-18 02:11:32.465,106936.76,0.23406,25029.618045599997
2025-10-18 02:11:32.471,106935.2,0.10005,10698.866759999999
2025-10-18 02:11:32.516,106929.26,0.0003,32.07877799999999
2025-10-18 02:11:32.630,106926.77,0.0001,10.692677000000002
2025-10-18 02:11:32.683,106926.76,0.012,1283.12112
2025-10-18 02:11:32.685,106926.76,0.012,1283.12112
2025-10-18 02:11:32.688,106926.76,0.012,1283.12112
2025-10-18 02:11:32.872,106926.77,4e-05,4.277070800000001
2025-10-18 02:11:33.929,106926.77,0.00161,172.1520997
2025-10-18 02:11:34.229,106926.76,2.24775,240344.62478999997
2025-10-18 02:11:34.338,106926.77,0.00052,55.6019204
2025-10-18 02:11:34.433,106926.77,0.00091,97.3033607
2025-10-18 02:11:34.453,106926.77,0.00081,86.6106837
2025-10-18 02:11:34.679,106926.76,0.0009,96.234084
2025-10-18 02:11:34.692,106926.76,0.09499,10156.9729324
2025-10-18 02:11:34.705,106926.76,0.0041,438.399716
2025-10-18 02:11:34.760,106926.77,0.00234,250.2086418
2025-10-18 02:11:34.762,106926.77,0.0083,887.492191
2025-10-18 02:11:34.781,106926.76,0.00028,29.939492799999996
2025-10-18 02:11:34.899,106926.76,0.01082,1156.9475432
2025-10-18 02:11:34.950,106926.76,0.096,10264.96896
2025-10-18 02:11:35.030,106926.76,0.012,1283.12112
2025-10-18 02:11:35.031,106926.76,0.012,1283.12112
2025-10-18 02:11:35.032,106926.76,0.012,1283.12112
2025-10-18 02:11:35.039,106926.76,0.00025,26.73169
2025-10-18 02:11:35.099,106926.76,0.00908,970.8949807999999
2025-10-18 02:11:35.115,106922.79,0.0001,10.692279
2025-10-18 02:11:35.119,106918.85,6e-05,6.415131000000001
2025-10-18 02:11:35.452,106918.85,0.012,1283.0262
2025-10-18 02:11:35.455,106918.85,0.012,1283.0262
2025-10-18 02:11:36.259,106918.86,0.00935,999.6913410000001
2025-10-18 02:11:36.607,106918.85,0.012,1283.0262
2025-10-18 02:11:36.618,106918.85,0.012,1283.0262
2025-10-18 02:11:36.641,106918.86,0.00379,405.2224794
2025-10-18 02:11:36.757,106918.85,0.00834,891.703209
2025-10-18 02:11:36.928,106918.85,0.74925,80108.9483625
2025-10-18 02:11:36.944,106918.85,0.00101,107.98803850000002
2025-10-18 02:11:37.015,106916.77,0.00015,16.037515499999998
2025-10-18 02:11:37.034,106916.76,0.012,1283.00112
2025-10-18 02:11:37.037,106916.76,0.012,1283.00112
2025-10-18 02:11:37.043,106916.76,0.00024,25.6600224
2025-10-18 02:11:37.579,106916.77,0.12306,13157.177716200002
2025-10-18 02:11:37.631,106916.77,0.00468,500.37048360000006
2025-10-18 02:11:37.648,106916.76,0.005,534.5838
2025-10-18 02:11:37.649,106916.76,0.005,534.5838
2025-10-18 02:11:38.263,106916.76,0.2,21383.352
2025-10-18 02:11:38.329,106916.77,0.00058,62.0117266
2025-10-18 02:11:39.492,106916.76,0.00023,24.5908548
2025-10-18 02:11:39.565,106916.76,0.01798,1922.3633447999998
2025-10-18 02:11:39.910,106916.76,0.00016,17.1066816
2025-10-18 02:11:40.365,106916.76,9e-05,9.622508400000001
2025-10-18 02:11:40.393,106916.77,0.00545,582.6963965
2025-10-18 02:11:40.480,106916.76,0.012,1283.00112
2025-10-18 02:11:40.481,106916.76,0.012,1283.00112
2025-10-18 02:11:40.527,106916.76,0.012,1283.00112
2025-10-18 02:11:40.622,106916.77,0.00056,59.8733912
2025-10-18 02:11:41.123,106916.77,0.00041,43.8358757
2025-10-18 02:11:41.330,106916.77,0.0002,21.383354
2025-10-18 02:11:41.413,106916.76,0.00049,52.3892124
2025-10-18 02:11:41.489,106916.77,8e-05,8.553341600000001
2025-10-18 02:11:41.510,106916.76,9e-05,9.622508400000001
2025-10-18 02:11:41.632,106916.76,0.09971,10660.670139599999
2025-10-18 02:11:42.020,106916.77,0.0003,32.075030999999996
2025-10-18 02:11:42.170,106916.77,0.00019,20.314186300000003
2025-10-18 02:11:42.241,106916.77,0.00011,11.760844700000002
2025-10-18 02:11:42.577,106916.77,0.12265,13113.3418405
2025-10-18 02:11:42.630,106916.77,0.00388,414.8370676
2025-10-18 02:11:42.706,106916.77,0.00973,1040.3001721
2025-10-18 02:11:42.908,106916.76,0.012,1283.00112
2025-10-18 02:11:42.909,106916.76,0.012,1283.00112
2025-10-18 02:11:42.911,106916.76,0.012,1283.00112
2025-10-18 02:11:43.029,106916.76,0.00022,23.5216872
2025-10-18 02:11:43.030,106916.77,0.00018,19.2450186
2025-10-18 02:11:43.347,106916.76,0.00028,29.936692799999996
2025-10-18 02:11:43.419,106916.76,0.00437,467.22624119999995
2025-10-18 02:11:43.809,106916.77,1.2594,134650.980138
2025-10-18 02:11:43.812,106916.77,0.30173,32259.9970121
2025-10-18 02:11:43.813,106917.2,0.032,3421.3504
2025-10-18 02:11:43.814,106920.0,5e-05,5.346
2025-10-18 02:11:43.815,106921.04,0.00374,399.88468959999994
2025-10-18 02:11:43.818,106921.7,0.01329,1420.9893929999998
2025-10-18 02:11:43.819,106921.7,0.02013,2152.3338209999997
2025-10-18 02:11:43.821,106921.69,0.03505,3747.6052345
2025-10-18 02:11:43.823,106921.7,0.01602,1712.885634
2025-10-18 02:11:43.824,106922.26,0.00015,16.038338999999997
2025-10-18 02:11:43.831,106922.27,0.39046,41748.869544199995
2025-10-18 02:11:43.839,106922.95,8e-05,8.553836
2025-10-18 02:11:43.840,106922.96,0.0002,21.384592
2025-10-18 02:11:44.032,106923.18,4e-05,4.2769272
2025-10-18 02:11:44.915,106931.17,5e-05,5.3465585
2025-10-18 02:11:44.983,106937.4,0.00339,362.51778599999994
2025-10-18 02:11:45.024,106937.41,0.027,2887.31007
2025-10-18 02:11:45.747,106937.41,0.00101,108.0067841
2025-10-18 02:11:46.025,106937.4,9e-05,9.624366
2025-10-18 02:11:46.577,106937.4,0.0001,10.69374
2025-10-18 02:11:47.152,106937.4,0.00259,276.96786599999996
2025-10-18 02:11:47.382,106937.4,7e-05,7.485617999999999
2025-10-18 02:11:47.469,106937.41,0.00373,398.8765393
2025-10-18 02:11:47.552,106937.4,0.00092,98.382408
2025-10-18 02:11:48.243,106937.41,0.00046,49.1912086
2025-10-18 02:11:48.312,106937.4,0.00093,99.451782
2025-10-18 02:11:49.787,106937.4,0.0005,53.4687
2025-10-18 02:11:49.813,106937.41,0.00011,11.7631151
2025-10-18 02:11:50.725,106937.41,0.0018,192.487338
2025-10-18 02:11:51.147,106937.41,0.00774,827.6955534000001
2025-10-18 02:11:51.733,106937.4,0.00242,258.788508
2025-10-18 02:11:52.099,106937.4,0.00372,397.807128
2025-10-18 02:11:52.105,106937.41,9e-05,9.6243669
2025-10-18 02:11:52.497,106937.41,0.00054,57.746201400000004
2025-10-18 02:11:52.577,106937.41,0.13282,14203.4267962
2025-10-18 02:11:52.584,106937.4,6e-05,6.416244
2025-10-18 02:11:52.681,106937.4,5e-05,5.34687
2025-10-18 02:11:52.775,106937.4,5e-05,5.34687
2025-10-18 02:11:52.791,106937.4,5e-05,5.34687
2025-10-18 02:11:52.868,106937.41,0.0001,10.693741000000001
2025-10-18 02:11:52.939,106937.4,5e-05,5.34687
2025-10-18 02:11:53.062,106937.41,0.0077,823.4180570000001
2025-10-18 02:11:53.063,106937.41,0.04333,4633.5979753
2025-10-18 02:11:53.065,106937.86,0.0001,10.693786000000001
2025-10-18 02:11:53.070,106938.5,0.0001,10.693850000000001
2025-10-18 02:11:53.071,106940.77,0.0001,10.694077
2025-10-18 02:11:53.073,106943.29,0.00025,26.735822499999998
2025-10-18 02:11:53.100,106943.81,0.02923,3125.9675663
2025-10-18 02:11:53.104,106943.82,6e-05,6.416629200000001
2025-10-18 02:11:53.133,106943.81,0.05212,5573.9113772
2025-10-18 02:11:53.176,106943.82,0.00761,813.8424702
2025-10-18 02:11:53.185,106947.75,6e-05,6.4168650000000005
2025-10-18 02:11:53.284,106947.9,0.05288,5655.404952
2025-10-18 02:11:53.287,106947.9,0.40326,43127.810154
2025-10-18 02:11:53.298,106947.9,0.00077,82.34988299999999
2025-10-18 02:11:53.330,106947.89,0.01,1069.4789
2025-10-18 02:11:53.641,106947.9,9e-05,9.625311
2025-10-18 02:11:54.166,106947.9,7e-05,7.486352999999999
2025-10-18 02:11:54.339,106947.9,0.00035,37.431765
2025-10-18 02:11:54.385,106947.9,7e-05,7.486352999999999
2025-10-18 02:11:54.398,106947.9,0.0001,10.69479
2025-10-18 02:11:55.322,106947.9,0.0001,10.69479
2025-10-18 02:11:56.339,106947.9,0.0001,10.69479
2025-10-18 02:11:56.421,106947.89,0.00092,98.3920588
2025-10-18 02:11:56.422,106947.89,0.00093,99.46153770000001
2025-10-18 02:11:56.423,106947.89,0.0029,310.14888099999996
2025-10-18 02:11:56.424,106947.89,0.0029,310.14888099999996
2025-10-18 02:11:56.832,106947.89,0.00054,57.7518606
2025-10-18 02:11:57.334,106947.9,0.0001,10.69479
2025-10-18 02:11:58.362,106947.9,0.0001,10.69479
2025-10-18 02:11:58.769,106947.89,0.00022,23.5285358
2025-10-18 02:11:58.926,106947.9,0.0001,10.69479
2025-10-18 02:11:59.189,106947.9,0.00203,217.104237
2025-10-18 02:11:59.220,106947.89,0.12148,12992.0296772
2025-10-18 02:11:59.347,106947.9,0.0001,10.69479
2025-10-18 02:11:59.489,106947.9,0.01668,1783.890972
2025-10-18 02:11:59.564,106947.9,0.00467,499.4466929999999
2025-10-18 02:12:00.665,106947.9,0.0001,10.69479
2025-10-18 02:12:01.136,106947.9,0.00013,13.903226999999998
2025-10-18 02:12:01.235,106947.9,0.00011,11.764269
2025-10-18 02:12:01.291,106947.89,0.0085,909.0570650000001
2025-10-18 02:12:01.417,106947.89,0.05512,5894.9676968
2025-10-18 02:12:01.656,106947.9,0.0001,10.69479
2025-10-18 02:12:02.247,106947.89,0.00121,129.40694689999998
2025-10-18 02:12:02.583,106947.9,0.10019,10715.110101
2025-10-18 02:12:02.633,106947.9,0.0001,10.69479
2025-10-18 02:12:02.668,106947.89,0.00442,472.7096738
2025-10-18 02:12:03.069,106947.9,0.00093,99.461547
2025-10-18 02:12:03.390,106947.89,0.0129,1379.627781
2025-10-18 02:12:03.428,106947.9,0.13803,14762.018637000001
2025-10-18 02:12:03.430,106954.32,0.0002,21.390864000000004
2025-10-18 02:12:03.431,106955.26,0.0017,181.823942
2025-10-18 02:12:03.433,106955.57,0.0332,3550.9249240000004
2025-10-18 02:12:03.628,106955.58,0.0001,10.695558
2025-10-18 02:12:03.889,106955.57,0.00467,499.4825119
2025-10-18 02:12:04.075,106955.57,0.04,4278.2228000000005
2025-10-18 02:12:04.209,106955.58,0.00034,36.3648972
2025-10-18 02:12:04.866,106955.58,0.00035,37.434453
2025-10-18 02:12:05.340,106955.58,0.0092,983.991336
2025-10-18 02:12:06.182,106955.57,0.00025,26.738892500000002
2025-10-18 02:12:06.311,106955.57,0.22215,23760.1798755
2025-10-18 02:12:06.317,106955.57,0.012,1283.46684
2025-10-18 02:12:06.318,106955.57,0.012,1283.46684
2025-10-18 02:12:06.328,106955.57,0.0213,2278.153641
2025-10-18 02:12:06.334,106955.56,0.00205,219.25889800000002
2025-10-18 02:12:06.357,106955.47,0.0009,96.259923
2025-10-18 02:12:06.415,106954.28,0.0009,96.25885199999999
2025-10-18 02:12:06.416,106954.01,5e-05,5.3477005
2025-10-18 02:12:06.420,106952.99,0.00147,157.2208953
2025-10-18 02:12:06.428,106951.3,0.00479,512.296727
2025-10-18 02:12:06.504,106949.17,0.00479,512.2865243
2025-10-18 02:12:07.583,106949.17,0.11419,12212.525722299999
2025-10-18 02:12:07.608,106949.16,0.00093,99.4627188
2025-10-18 02:12:08.199,106949.16,0.08423,9008.3277468
2025-10-18 02:12:08.217,106949.17,0.00028,29.945767599999996
2025-10-18 02:12:08.712,106949.17,6e-05,6.4169502000000005
2025-10-18 02:12:08.820,106949.16,0.004,427.79664
2025-10-18 02:12:08.821,106949.16,0.004,427.79664
2025-10-18 02:12:08.823,106949.16,0.004,427.79664
2025-10-18 02:12:09.432,106949.16,0.00357,381.80850119999997
2025-10-18 02:12:09.516,106949.17,0.01402,1499.4273633999999
2025-10-18 02:12:09.576,106949.16,6e-05,6.416949600000001
2025-10-18 02:12:10.402,106949.0,9e-05,9.62541
2025-10-18 02:12:10.403,106949.0,0.00116,124.06084
2025-10-18 02:12:10.405,106948.99,0.001,106.94899000000001
2025-10-18 02:12:10.410,106947.9,0.00273,291.967767
2025-10-18 02:12:10.414,106947.89,0.0116,1240.5955239999998
2025-10-18 02:12:10.667,106947.89,0.01067,1141.1339863
2025-10-18 02:12:10.668,106947.89,0.002,213.89578
2025-10-18 02:12:10.676,106947.89,0.002,213.89578
2025-10-18 02:12:10.884,106947.89,0.00018,19.2506202
2025-10-18 02:12:10.911,106947.89,0.00061,65.2382129
2025-10-18 02:12:11.101,106947.89,0.02067,2210.6128863
2025-10-18 02:12:11.102,106946.48,0.0003,32.083943999999995
2025-10-18 02:12:11.108,106944.88,0.00593,634.1831384000001
2025-10-18 02:12:11.112,106937.39,0.00696,744.2842344
2025-10-18 02:12:11.114,106936.6,0.00872,932.487152
2025-10-18 02:12:11.126,106935.8,1e-05,1.069358
2025-10-18 02:12:11.128,106936.61,0.00303,324.0179283
2025-10-18 02:12:11.133,106936.6,0.001,106.93660000000001
2025-10-18 02:12:11.134,106936.6,0.001,106.93660000000001
2025-10-18 02:12:11.161,106936.6,0.00229,244.884814
2025-10-18 02:12:11.195,106935.26,0.00012,12.832231199999999
2025-10-18 02:12:11.215,106927.24,0.00119,127.24341560000002
2025-10-18 02:12:11.261,106927.25,0.0001,10.692725000000001
2025-10-18 02:12:11.703,106927.24,0.012,1283.12688
2025-10-18 02:12:11.766,106927.24,0.012,1283.12688
2025-10-18 02:12:11.781,106927.25,0.00035,37.4245375
2025-10-18 02:12:11.994,106927.24,0.00469,501.4887556
2025-10-18 02:12:11.996,106927.24,0.00015,16.039086
2025-10-18 02:12:11.997,106919.21,0.00015,16.0378815
2025-10-18 02:12:12.000,106919.2,0.00636,680.006112
2025-10-18 02:12:12.002,106919.2,0.0117,1250.95464
2025-10-18 02:12:12.005,106919.2,0.012,1283.0304
2025-10-18 02:12:12.046,106919.21,0.00014,14.968689399999999
2025-10-18 02:12:12.108,106919.2,0.0652,6971.131839999999
2025-10-18 02:12:12.109,106916.93,0.00025,26.7292325
2025-10-18 02:12:12.110,106916.76,0.10273,10983.5587548
2025-10-18 02:12:12.111,106916.76,0.09077,9704.8343052
2025-10-18 02:12:12.112,106916.76,0.06359,6798.836768399999
2025-10-18 02:12:12.113,106916.75,0.002,213.83350000000002
2025-10-18 02:12:12.114,106916.75,0.0014,149.68345
2025-10-18 02:12:12.115,106916.75,0.19847,21219.767372500002
2025-10-18 02:12:12.116,106913.85,5e-05,5.3456925
2025-10-18 02:12:12.117,106913.64,0.00024,25.6592736
2025-10-18 02:12:12.128,106907.88,0.00015,16.036182
2025-10-18 02:12:12.130,106905.86,0.00089,95.14621539999999
2025-10-18 02:12:12.155,106905.85,0.00104,111.182084
2025-10-18 02:12:12.187,106904.0,0.00295,315.3668
2025-10-18 02:12:12.189,106902.95,0.00015,16.0354425
2025-10-18 02:12:12.222,106902.0,0.00356,380.57111999999995
2025-10-18 02:12:12.234,106901.77,0.00012,12.8282124
2025-10-18 02:12:12.236,106901.76,0.0451,4821.269376
2025-10-18 02:12:12.241,106901.77,0.00012,12.8282124
2025-10-18 02:12:12.255,106901.76,0.24084,25746.2198784
2025-10-18 02:12:12.584,106901.77,0.09946,10632.4500442
2025-10-18 02:12:12.628,106901.76,0.005,534.5088
2025-10-18 02:12:12.637,106901.77,0.0001,10.690177
2025-10-18 02:12:12.656,106901.77,0.00047,50.2438319
2025-10-18 02:12:12.667,106901.77,0.00017,18.1733009
2025-10-18 02:12:12.896,106901.77,0.00013,13.8972301
2025-10-18 02:12:13.420,106901.76,0.45,48105.792
2025-10-18 02:12:13.549,106901.76,0.00086,91.9355136
2025-10-18 02:12:14.079,106901.76,0.00025,26.72544
2025-10-18 02:12:14.819,106901.77,0.00034,36.3466018
2025-10-18 02:12:14.919,106901.77,0.00057,60.9340089
2025-10-18 02:12:15.327,106901.76,0.00331,353.8448256
2025-10-18 02:12:15.648,106901.76,0.0608,6499.6270079999995
2025-10-18 02:12:15.726,106901.76,0.00096,102.6256896
2025-10-18 02:12:15.732,106901.76,0.00028,29.932492799999995
2025-10-18 02:12:16.051,106901.77,5e-05,5.3450885
2025-10-18 02:12:16.132,106901.76,0.00026,27.794457599999998
2025-10-18 02:12:16.133,106901.77,0.00075,80.1763275
2025-10-18 02:12:16.178,106901.77,5e-05,5.3450885
2025-10-18 02:12:16.396,106901.76,0.00121,129.35112959999998
2025-10-18 02:12:16.448,106901.77,0.00153,163.5597081
2025-10-18 02:12:16.548,106901.77,9e-05,9.6211593
2025-10-18 02:12:17.284,106901.77,0.00018,19.2423186
2025-10-18 02:12:17.576,106901.77,0.00141,150.7314957
2025-10-18 02:12:17.664,106902.62,5e-05,5.345131
2025-10-18 02:12:17.666,106904.62,0.0001,10.690462
2025-10-18 02:12:17.669,106905.86,0.00015,16.035878999999998
2025-10-18 02:12:17.670,106910.72,0.02879,3077.9596288
2025-10-18 02:12:17.686,106910.73,0.00084,89.8050132
2025-10-18 02:12:17.917,106912.47,7e-05,7.4838729
2025-10-18 02:12:17.943,106912.47,0.00038,40.6267386
2025-10-18 02:12:18.081,106914.4,5e-05,5.34572
2025-10-18 02:12:18.085,106919.78,0.0033,352.83527399999997
2025-10-18 02:12:18.091,106921.64,0.36881,39433.7700484
2025-10-18 02:12:18.092,106921.75,6e-05,6.415305
2025-10-18 02:12:18.113,106925.46,5e-05,5.346273000000001
2025-10-18 02:12:18.124,106926.89,0.0001,10.692689
2025-10-18 02:12:18.131,106933.86,0.11652,12459.9333672
2025-10-18 02:12:18.137,106940.6,0.0001,10.69406
2025-10-18 02:12:18.164,106934.6,0.0001,10.693460000000002
2025-10-18 02:12:18.188,106934.6,0.00936,1000.907856
2025-10-18 02:12:18.194,106940.85,0.00717,766.7658945000001
2025-10-18 02:12:18.296,106933.35,0.02458,2628.4217430000003
2025-10-18 02:12:18.325,106933.35,0.00029,31.0106715
2025-10-18 02:12:18.668,106933.35,0.00082,87.68534700000001
2025-10-18 02:12:18.747,106933.35,0.00072,76.992012
2025-10-18 02:12:18.748,106933.35,0.0008,85.54668000000001
2025-10-18 02:12:18.754,106933.35,0.00061,65.2293435
2025-10-18 02:12:18.961,106933.35,0.00066,70.57601100000001
2025-10-18 02:12:18.976,106933.35,0.0001,10.693335000000001
2025-10-18 02:12:18.992,106933.34,0.00015,16.040000999999997
2025-10-18 02:12:19.069,106933.35,0.0001,10.693335000000001
2025-10-18 02:12:19.073,106933.35,0.0004,42.773340000000005
2025-10-18 02:12:19.083,106933.35,0.00019,20.317336500000003
2025-10-18 02:12:19.738,106933.35,0.00018,19.248003
2025-10-18 02:12:20.159,106933.35,0.01016,1086.4428360000002
2025-10-18 02:12:22.290,106933.35,0.0001,10.693335000000001
2025-10-18 02:12:22.576,106933.34,0.12315,13168.840821
2025-10-18 02:12:22.577,106933.35,0.11841,12661.977973500001
2025-10-18 02:12:23.538,106933.34,0.00012,12.8320008
2025-10-18 02:12:23.773,106933.34,0.00096,102.6560064
2025-10-18 02:12:23.782,106933.34,0.00059,63.0906706
2025-10-18 02:12:24.519,106933.19,0.0011,117.62650900000001
2025-10-18 02:12:24.521,106933.19,0.0002,21.386638
2025-10-18 02:12:24.528,106925.73,0.00178,190.32779939999998
2025-10-18 02:12:24.986,106925.74,9e-05,9.6233166
2025-10-18 02:12:25.066,106925.74,0.00014,14.9696036
2025-10-18 02:12:25.465,106925.74,1.21002,129382.28391480002
2025-10-18 02:12:26.577,106925.73,8e-05,8.5540584
2025-10-18 02:12:26.885,106925.73,0.00024,25.6621752
2025-10-18 02:12:27.575,106925.73,0.11149,11921.1496377
2025-10-18 02:12:27.576,106925.74,0.11191,11966.0595634
2025-10-18 02:12:27.708,106925.73,0.01015,1085.2961595
2025-10-18 02:12:27.821,106925.73,0.00258,275.86838339999997
2025-10-18 02:12:27.823,106925.73,0.00089,95.16389969999999
2025-10-18 02:12:27.824,106925.73,0.00019,20.3158887
2025-10-18 02:12:28.502,106925.74,0.00848,906.7302752
2025-10-18 02:12:28.919,106925.73,0.00056,59.878408799999995
2025-10-18 02:12:29.016,106925.74,0.0004,42.770296
2025-10-18 02:12:29.022,106925.9,0.00155,165.735145
2025-10-18 02:12:29.031,106932.48,0.00015,16.039872
2025-10-18 02:12:29.115,106935.8,5e-05,5.34679
2025-10-18 02:12:29.943,106939.46,0.00145,155.062217
2025-10-18 02:12:30.350,106939.47,0.00011,11.7633417
2025-10-18 02:12:31.625,106939.46,0.0002,21.387892
2025-10-18 02:12:31.868,106939.46,0.00126,134.74371960000002
2025-10-18 02:12:32.046,106939.47,9e-05,9.624552300000001
2025-10-18 02:12:33.644,106939.47,0.00051,54.539129700000004
2025-10-18 02:12:34.184,106939.47,0.01645,1759.1542815
2025-10-18 02:12:34.190,106939.46,0.0001,10.693946
2025-10-18 02:12:34.537,106939.47,0.00595,636.2898465000001
2025-10-18 02:12:34.767,106939.47,0.01362,1456.5155814
2025-10-18 02:12:34.964,106939.46,0.00397,424.54965619999996
2025-10-18 02:12:34.997,106939.47,0.01386,1482.1810542
2025-10-18 02:12:35.026,106939.46,0.00041,43.845178600000004
2025-10-18 02:12:35.258,106939.47,0.00587,627.7346889
2025-10-18 02:12:35.585,106939.46,0.00173,185.00526580000002
2025-10-18 02:12:35.845,106939.46,0.00038,40.636994800000004
2025-10-18 02:12:36.257,106939.47,0.00027,28.8736569
2025-10-18 02:12:36.763,106939.46,0.00027,28.8736542
2025-10-18 02:12:37.577,106939.46,0.11483,12279.858191800002
2025-10-18 02:12:37.578,106939.47,0.12263,13113.9872061
2025-10-18 02:12:38.167,106939.46,0.00106,113.3558276
2025-10-18 02:12:38.195,106939.46,0.0009,96.245514
2025-10-18 02:12:38.213,106939.46,0.00093,99.45369780000001
2025-10-18 02:12:38.372,106939.46,0.00021,22.457286600000003
2025-10-18 02:12:38.632,106939.47,0.00107,114.4252329
2025-10-18 02:12:39.173,106939.46,0.00069,73.7882274
2025-10-18 02:12:40.304,106939.46,0.00101,108.0088546
2025-10-18 02:12:40.821,106939.47,0.002,213.87894
2025-10-18 02:12:41.677,106939.47,0.04382,4686.0875754
2025-10-18 02:12:42.515,106945.99,5e-05,5.3472995
2025-10-18 02:12:42.525,106950.16,0.0011,117.645176
2025-10-18 02:12:42.576,106950.16,0.00133,142.2437128
2025-10-18 02:12:42.577,106950.17,0.12184,13030.8087128
2025-10-18 02:12:43.315,106953.97,0.00015,16.0430955
2025-10-18 02:12:43.542,106953.98,0.00749,801.0853102
2025-10-18 02:12:44.511,106953.98,0.00193,206.4211814
2025-10-18 02:12:45.925,106953.98,0.00035,37.433893
2025-10-18 02:12:46.345,106953.99,9e-05,9.625859100000001
2025-10-18 02:12:47.582,106953.98,0.09923,10613.043435399999
2025-10-18 02:12:51.832,106953.98,0.00152,162.5700496
2025-10-18 02:12:52.291,106953.98,0.00096,102.6758208
2025-10-18 02:12:52.576,106953.98,0.11568,12372.4364064
2025-10-18 02:12:52.577,106953.99,0.10571,11306.1062829
2025-10-18 02:12:53.337,106953.99,0.00056,59.894234399999995
2025-10-18 02:12:53.343,106953.98,0.00106,113.3712188
2025-10-18 02:12:54.115,106963.96,0.00015,16.044594
2025-10-18 02:12:55.347,106963.97,0.06059,6480.9469423
2025-10-18 02:12:55.875,106963.97,0.00011,11.7660367
2025-10-18 02:12:56.293,106963.97,0.0005,53.481985
2025-10-18 02:12:56.456,106963.96,0.00054,57.7605384
2025-10-18 02:12:56.781,106963.96,0.00375,401.11485
2025-10-18 02:12:57.364,106963.96,0.01907,2039.8027172000002
2025-10-18 02:12:57.447,106963.97,0.00019,20.323154300000002
2025-10-18 02:12:57.490,106963.96,0.00082,87.7104472
2025-10-18 02:12:57.681,106963.96,5e-05,5.348198000000001
2025-10-18 02:12:58.792,106963.96,0.02804,2999.2694384
2025-10-18 02:12:58.973,106963.96,0.00267,285.59377320000004
2025-10-18 02:13:00.393,106963.96,0.00159,170.0726964
2025-10-18 02:13:00.452,106963.97,0.00025,26.7409925
2025-10-18 02:13:00.620,106963.97,0.00214,228.9028958
2025-10-18 02:13:00.734,106963.97,0.00216,231.0421752
2025-10-18 02:13:00.797,106963.96,0.00093,99.47648280000001
2025-10-18 02:13:00.798,106963.96,0.00082,87.7104472
2025-10-18 02:13:00.800,106963.96,0.00153,163.6548588
2025-10-18 02:13:00.802,106963.96,0.0014,149.74954400000001
2025-10-18 02:13:01.167,106963.97,0.00011,11.7660367
2025-10-18 02:13:01.330,106963.96,0.00657,702.7532172000001
2025-10-18 02:13:01.726,106963.96,0.01024,1095.3109504000001
2025-10-18 02:13:01.779,106963.97,0.00154,164.72451379999998
2025-10-18 02:13:01.841,106963.96,0.00092,98.40684320000001
2025-10-18 02:13:02.583,106963.96,0.12604,13481.737518400003
2025-10-18 02:13:02.687,106963.97,0.0003,32.089191
2025-10-18 02:13:02.707,106963.97,0.00935,1000.1131195
2025-10-18 02:13:03.202,106963.97,5e-05,5.3481985000000005
2025-10-18 02:13:03.341,106963.96,0.00477,510.2180892
2025-10-18 02:13:03.463,106963.97,0.00094,100.5461318
2025-10-18 02:13:04.038,106963.97,0.00075,80.2229775
2025-10-18 02:13:04.459,106963.97,0.00605,647.1320185
2025-10-18 02:13:04.775,106963.97,0.00388,415.0202036
2025-10-18 02:13:05.309,106963.96,0.00674,720.9370904000001
2025-10-18 02:13:06.576,106963.96,6e-05,6.4178376
2025-10-18 02:13:06.713,106963.97,0.00023,24.6017131
2025-10-18 02:13:07.488,106963.97,0.00467,499.52173989999994
2025-10-18 02:13:07.586,106963.97,0.10068,10769.1324996
2025-10-18 02:13:09.469,106963.96,0.00764,817.2046544000001
2025-10-18 02:13:09.982,106963.96,0.00144,154.02810240000002
2025-10-18 02:13:11.263,106963.97,0.94064,100614.5887408
2025-10-18 02:13:11.985,106963.97,0.00194,207.5101018
2025-10-18 02:13:12.143,106963.96,0.00041,43.8552236
2025-10-18 02:13:12.584,106963.96,0.09172,9810.734411200001
2025-10-18 02:13:12.683,106963.96,0.09568,10234.3116928
2025-10-18 02:13:12.785,106963.97,0.0002,21.392794000000002
2025-10-18 02:13:12.952,106963.97,0.02231,2386.3661707
2025-10-18 02:13:13.214,106963.97,0.01812,1938.1871364
2025-10-18 02:13:14.169,106963.97,0.00029,31.0195513
2025-10-18 02:13:14.429,106963.96,0.00695,743.399522
2025-10-18 02:13:14.610,106963.96,0.00092,98.40684320000001
2025-10-18 02:13:14.611,106963.96,0.00086,91.9890056
2025-10-18 02:13:14.612,106963.96,0.00086,91.9890056
2025-10-18 02:13:15.913,106963.97,0.00084,89.84973480000001
2025-10-18 02:13:16.096,106963.97,0.0014,149.749558
2025-10-18 02:13:17.017,106963.97,0.00048,51.3427056
2025-10-18 02:13:17.183,106963.97,0.00235,251.3653295
2025-10-18 02:13:17.314,106963.97,0.46744,49999.238136800006
2025-10-18 02:13:17.593,106963.97,0.1151,12311.552947
2025-10-18 02:13:17.918,106963.96,0.00031,33.1588276
2025-10-18 02:13:18.250,106963.96,0.0004,42.78558400000001
2025-10-18 02:13:18.588,106963.97,0.01215,1299.6122355
2025-10-18 02:13:18.677,106963.96,0.00856,915.6114976
2025-10-18 02:13:20.738,106963.97,0.00546,584.0232761999999
2025-10-18 02:13:20.741,106966.61,5e-05,5.3483305
2025-10-18 02:13:20.743,106967.25,0.00021,22.4631225
2025-10-18 02:13:20.755,106968.76,5e-05,5.348438
2025-10-18 02:13:20.764,106970.0,0.0006,64.18199999999999
2025-10-18 02:13:20.773,106970.0,0.35219,37673.7643
2025-10-18 02:13:20.946,106970.23,0.0002,21.394046
2025-10-18 02:13:20.947,106970.38,4e-05,4.2788152
2025-10-18 02:13:20.948,106971.97,5e-05,5.3485985000000005
2025-10-18 02:13:21.015,106976.85,5e-05,5.348842500000001
2025-10-18 02:13:21.126,106980.64,1.06504,113938.6608256
2025-10-18 02:13:21.540,106980.65,0.00017,18.1867105
2025-10-18 02:13:21.815,106986.75,6e-05,6.419205
2025-10-18 02:13:22.239,106988.0,0.00025,26.747
2025-10-18 02:13:22.463,106988.0,0.00395,422.60260000000005
2025-10-18 02:13:22.576,106987.99,0.11789,12612.8141411
2025-10-18 02:13:22.913,106988.0,0.00011,11.76868
2025-10-18 02:13:23.289,106988.0,0.00065,69.5422
2025-10-18 02:13:23.649,106987.99,0.00241,257.8410559
2025-10-18 02:13:24.362,106988.0,0.00011,11.76868
2025-10-18 02:13:24.405,106987.99,6e-05,6.419279400000001
2025-10-18 02:13:25.656,106988.0,0.00011,11.76868
2025-10-18 02:13:25.864,106987.99,3.50512,375005.7435088
2025-10-18 02:13:25.867,106987.99,0.96563,103310.8127837
2025-10-18 02:13:25.873,106986.95,0.0001,10.698695
2025-10-18 02:13:25.880,106981.58,0.00561,600.1666638
2025-10-18 02:13:25.893,106980.64,0.02225,2380.31924
2025-10-18 02:13:25.907,106980.64,0.00935,1000.268984
2025-10-18 02:13:25.908,106980.64,0.02,2139.6128
2025-10-18 02:13:25.927,106980.64,0.02166,2317.2006624
2025-10-18 02:13:25.929,106978.63,0.0001,10.697863000000002
2025-10-18 02:13:25.932,106977.0,6e-05,6.41862
2025-10-18 02:13:25.955,106974.24,0.01087,1162.8099888
2025-10-18 02:13:26.055,106969.93,0.0001,10.696992999999999
2025-10-18 02:13:26.056,106967.67,0.00019,20.3238573
2025-10-18 02:13:26.670,106967.27,0.00011,11.766399700000001
2025-10-18 02:13:27.205,106967.27,0.00186,198.95912220000002
2025-10-18 02:13:27.266,106967.26,0.00467,499.53710419999993
2025-10-18 02:13:27.581,106967.27,0.09626,10296.6694102
2025-10-18 02:13:27.913,106967.27,0.00038,40.6475626
2025-10-18 02:13:28.110,106967.26,0.00017,18.184434200000002
2025-10-18 02:13:28.362,106967.27,0.00019,20.3237813
2025-10-18 02:13:29.021,106967.27,5e-05,5.3483635000000005
2025-10-18 02:13:29.222,106967.27,0.00861,920.9881947
2025-10-18 02:13:29.469,106967.27,0.01869,1999.2182762999998
2025-10-18 02:13:29.571,106967.27,0.00015,16.0450905
2025-10-18 02:13:29.776,106967.25,0.0004,42.7869
2025-10-18 02:13:29.815,106966.59,0.00169,180.7735371
2025-10-18 02:13:29.816,106966.59,0.012,1283.59908
2025-10-18 02:13:29.871,106964.88,0.00015,16.044732
2025-10-18 02:13:29.891,106963.95,0.0041,438.55219500000004
2025-10-18 02:13:29.893,106956.19,0.00015,16.043428499999997
2025-10-18 02:13:29.904,106954.65,0.0001,10.695465
2025-10-18 02:13:30.170,106954.65,0.00011,11.7650115
2025-10-18 02:13:30.482,106954.64,0.012,1283.45568
2025-10-18 02:13:30.666,106954.65,0.0001,10.695465
2025-10-18 02:13:30.781,106954.64,0.00052,55.61641279999999
2025-10-18 02:13:31.259,106954.64,0.00619,662.0492216
2025-10-18 02:13:31.261,106954.64,5e-05,5.347732000000001
2025-10-18 02:13:31.266,106954.25,0.00042,44.920785
2025-10-18 02:13:31.268,106954.63,5e-05,5.3477315
2025-10-18 02:13:31.274,106954.0,0.01195,1278.1003
2025-10-18 02:13:31.844,106954.0,0.00097,103.74538000000001
2025-10-18 02:13:32.415,106954.0,0.005,534.77
2025-10-18 02:13:32.418,106953.97,0.05611,6001.1872567
2025-10-18 02:13:32.484,106953.98,0.00025,26.738495
2025-10-18 02:13:32.488,106953.98,0.00013,13.904017399999999
2025-10-18 02:13:32.515,106942.46,0.00015,16.041369
2025-10-18 02:13:32.518,106942.45,6e-05,6.416547
2025-10-18 02:13:32.534,106942.45,0.012,1283.3094
2025-10-18 02:13:32.535,106942.45,0.012,1283.3094
2025-10-18 02:13:32.584,106942.45,0.012,1283.3094
2025-10-18 02:13:32.586,106942.45,0.012,1283.3094
2025-10-18 02:13:32.587,106942.45,0.012,1283.3094
2025-10-18 02:13:32.687,106940.16,0.00015,16.041024
2025-10-18 02:13:32.693,106940.14,0.00015,16.041020999999997
2025-10-18 02:13:32.730,106940.0,0.019,2031.86
2025-10-18 02:13:32.954,106940.01,0.00125,133.6750125
2025-10-18 02:13:33.335,106940.01,5e-05,5.3470005
2025-10-18 02:13:33.934,106940.0,0.00507,542.1858
2025-10-18 02:13:33.939,106939.47,0.00593,634.1510571
2025-10-18 02:13:33.943,106939.47,0.012,1283.2736400000001
2025-10-18 02:13:34.252,106939.48,0.00083,88.7597684
2025-10-18 02:13:34.498,106939.47,0.00066,70.5800502
2025-10-18 02:13:34.513,106939.48,0.00025,26.73487
2025-10-18 02:13:35.048,106939.47,0.00172,183.9358884
2025-10-18 02:13:36.477,106939.48,0.01937,2071.4177275999996
2025-10-18 02:13:36.532,106939.48,7e-05,7.485763599999999
2025-10-18 02:13:36.663,106939.48,0.62691,67041.42940679999
2025-10-18 02:13:36.813,106939.47,0.001,106.93947
2025-10-18 02:13:36.961,106939.47,0.012,1283.2736400000001
2025-10-18 02:13:36.962,106939.47,0.012,1283.2736400000001
2025-10-18 02:13:37.576,106939.47,0.1084,11592.238548
2025-10-18 02:13:37.577,106939.48,0.12036,12871.2358128
2025-10-18 02:13:38.283,106939.48,0.00017,18.1797116
2025-10-18 02:13:38.479,106939.48,8e-05,8.5551584
2025-10-18 02:13:39.619,106939.47,0.00319,341.1369093
2025-10-18 02:13:39.786,106939.48,0.0001,10.693948
2025-10-18 02:13:40.144,106939.48,5e-05,5.346974
2025-10-18 02:13:40.430,106939.47,0.012,1283.2736400000001
2025-10-18 02:13:40.431,106939.47,0.012,1283.2736400000001
2025-10-18 02:13:40.527,106939.47,0.00029,31.0124463
2025-10-18 02:13:41.084,106939.47,0.00042,44.9145774
2025-10-18 02:13:41.712,106939.47,0.0064,684.4126080000001
2025-10-18 02:13:41.713,106939.46,0.01031,1102.5458326
2025-10-18 02:13:41.715,106939.46,0.012,1283.2735200000002
2025-10-18 02:13:41.716,106939.46,0.012,1283.2735200000002
2025-10-18 02:13:41.719,106938.0,0.00222,237.40236000000002
2025-10-18 02:13:41.721,106933.78,0.00015,16.040066999999997
2025-10-18 02:13:41.722,106933.35,0.00247,264.1253745
2025-10-18 02:13:41.744,106932.0,0.02094,2239.15608
2025-10-18 02:13:41.801,106926.39,8e-05,8.554111200000001
2025-10-18 02:13:42.014,106926.0,0.00046,49.18596
2025-10-18 02:13:42.015,106918.0,0.00275,294.0245
2025-10-18 02:13:42.016,106913.46,0.002,213.82692000000003
2025-10-18 02:13:42.022,106913.46,0.02588,2766.9203448000003
2025-10-18 02:13:42.028,106913.46,0.001,106.91346000000001
2025-10-18 02:13:42.029,106913.46,6e-05,6.4148076000000005
2025-10-18 02:13:42.033,106913.46,0.00935,999.6408510000001
2025-10-18 02:13:42.043,106913.46,0.01,1069.1346
2025-10-18 02:13:42.053,106913.46,0.01,1069.1346
2025-10-18 02:13:42.071,106913.46,0.01,1069.1346
2025-10-18 02:13:42.074,106913.46,0.00167,178.54547820000002
2025-10-18 02:13:42.096,106913.46,0.00544,581.6092224
2025-10-18 02:13:42.097,106913.46,0.225,24055.5285
2025-10-18 02:13:42.390,106913.47,0.0001,10.691347
2025-10-18 02:13:42.576,106913.46,0.10564,11294.337914400001
2025-10-18 02:13:42.577,106913.47,0.11219,11994.6221993
2025-10-18 02:13:42.739,106913.47,0.00035,37.4197145
2025-10-18 02:13:42.958,106913.47,0.01,1069.1347
2025-10-18 02:13:43.569,106913.46,1.0,106913.46
2025-10-18 02:13:44.337,106913.47,0.09428,10079.8019516
2025-10-18 02:13:46.171,106913.47,0.00158,168.9232826
2025-10-18 02:13:46.576,106913.46,0.00011,11.760480600000001
2025-10-18 02:13:46.764,106913.47,0.0093,994.295271
2025-10-18 02:13:46.842,106913.47,0.00058,62.009812600000004
2025-10-18 02:13:46.991,106913.47,0.25,26728.3675
2025-10-18 02:13:47.445,106913.46,0.00343,366.7131678
2025-10-18 02:13:47.820,106913.46,0.19019,20333.870957400002
2025-10-18 02:13:48.577,106913.47,6e-05,6.4148082
2025-10-18 02:13:49.180,106913.47,0.00093,99.4295271
2025-10-18 02:13:50.115,106913.47,0.00239,255.52319330000003
2025-10-18 02:13:50.432,106913.47,0.00035,37.4197145
2025-10-18 02:13:51.307,106913.47,0.0017,181.75289899999999
2025-10-18 02:13:52.576,106913.46,0.10623,11357.416855800002
2025-10-18 02:13:52.577,106913.47,0.10232,10939.386250399999
2025-10-18 02:13:52.593,106913.47,6e-05,6.4148082
2025-10-18 02:13:54.136,106913.46,0.09114,9744.0927444
2025-10-18 02:13:54.176,106913.47,0.00025,26.7283675
2025-10-18 02:13:54.213,106913.47,0.73362,78433.85986140001
2025-10-18 02:13:55.400,106913.47,0.0005,53.456735
2025-10-18 02:13:55.764,106913.47,0.0001,10.691347
2025-10-18 02:13:55.838,106913.47,0.08069,8626.8478943
2025-10-18 02:13:55.939,106913.46,0.00014,14.967884399999999
2025-10-18 02:13:56.017,106913.47,0.00014,14.9678858
2025-10-18 02:13:56.205,106913.46,0.00768,821.0953728000001
2025-10-18 02:13:58.594,106913.47,0.00077,82.3233719
2025-10-18 02:13:58.876,106913.47,0.00047,50.2493309
2025-10-18 02:13:59.355,106913.46,0.00151,161.43932460000002
2025-10-18 02:14:00.078,106913.47,0.00087,93.0147189
2025-10-18 02:14:00.575,106913.47,0.00058,62.009812600000004
2025-10-18 02:14:01.172,106913.47,0.00014,14.9678858
2025-10-18 02:14:01.592,106913.46,9e-05,9.622211400000001
2025-10-18 02:14:01.666,106913.47,0.0007,74.839429
2025-10-18 02:14:02.582,106913.46,0.11533,12330.329341800001
2025-10-18 02:14:02.583,106913.47,0.11856,12675.6610032
2025-10-18 02:14:02.740,106913.46,0.23993,25651.746457800004
2025-10-18 02:14:02.776,106913.46,0.0007,74.839422
2025-10-18 02:14:02.814,106913.46,0.00936,1000.7099856000001
2025-10-18 02:14:02.880,106913.46,0.23914,25567.2848244
2025-10-18 02:14:02.882,106913.46,0.65796,70344.7801416
2025-10-18 02:14:02.902,106913.46,0.06389,6830.700959400001
2025-10-18 02:14:02.903,106913.46,0.0006,64.148076
2025-10-18 02:14:02.904,106913.46,0.00045,48.111057
2025-10-18 02:14:02.905,106913.46,0.0432,4618.661472000001
2025-10-18 02:14:02.906,106913.46,0.0202,2159.651892
2025-10-18 02:14:02.907,106913.46,0.04385,4688.155221
2025-10-18 02:14:02.909,106913.46,0.01928,2061.2915088
2025-10-18 02:14:02.910,106913.46,0.0012,128.296152
2025-10-18 02:14:02.911,106913.46,0.04112,4396.2814751999995
2025-10-18 02:14:02.912,106913.46,0.00065,69.493749
2025-10-18 02:14:02.913,106913.46,0.05202,5561.6381892
2025-10-18 02:14:02.914,106913.46,0.0006,64.148076
2025-10-18 02:14:02.915,106913.46,0.00847,905.5570062
2025-10-18 02:14:02.916,106913.45,0.0001,10.691345
2025-10-18 02:14:02.948,106913.11,0.00566,605.1282026
2025-10-18 02:14:02.972,106913.1,0.00137,146.470947
2025-10-18 02:14:02.978,106912.15,0.00115,122.9489725
2025-10-18 02:14:03.030,106912.0,0.00286,305.76832
2025-10-18 02:14:03.047,106911.99,0.00242,258.7270158
2025-10-18 02:14:03.081,106911.98,0.00245,261.934351
2025-10-18 02:14:03.083,106911.97,0.0011,117.60316700000001
2025-10-18 02:14:03.389,106910.0,0.87156,93178.4796
2025-10-18 02:14:03.392,106910.0,0.0006,64.146
2025-10-18 02:14:03.394,106909.99,0.0017,181.746983
2025-10-18 02:14:03.514,106909.98,0.00275,294.00244499999997
2025-10-18 02:14:03.516,106909.97,0.14143,15120.2770571
2025-10-18 02:14:03.669,106909.97,0.00175,187.09244750000002
2025-10-18 02:14:03.682,106909.02,0.00012,12.8290824
2025-10-18 02:14:03.913,106909.03,0.00027,28.8654381
2025-10-18 02:14:03.933,106909.02,0.00016,17.105443200000003
2025-10-18 02:14:03.941,106909.02,0.00919,982.4938938
2025-10-18 02:14:04.040,106908.95,0.00843,901.2424485
2025-10-18 02:14:04.041,106908.8,0.00015,16.03632
2025-10-18 02:14:04.046,106908.0,0.00827,884.12916
2025-10-18 02:14:04.049,106904.43,5e-05,5.3452215
2025-10-18 02:14:04.052,106904.0,0.00187,199.91047999999998
2025-10-18 02:14:04.082,106902.77,0.01073,1147.0667221
2025-10-18 02:14:04.112,106902.76,0.00209,223.4267684
2025-10-18 02:14:04.117,106902.76,0.00124,132.5594224
2025-10-18 02:14:04.567,106902.0,5e-05,5.3451
2025-10-18 02:14:05.113,106902.0,0.05846,6249.49092
2025-10-18 02:14:06.007,106902.0,0.00107,114.38513999999999
2025-10-18 02:14:06.062,106902.0,0.00052,55.58904
2025-10-18 02:14:06.564,106902.0,0.00066,70.55532
2025-10-18 02:14:06.590,106902.01,0.00054,57.7270854
2025-10-18 02:14:07.584,106902.0,0.09977,10665.61254
2025-10-18 02:14:07.688,106902.0,0.00478,510.99156000000005
2025-10-18 02:14:08.209,106902.01,0.00012,12.828241199999999
2025-10-18 02:14:08.943,106902.01,0.00028,29.932562799999996
2025-10-18 02:14:09.932,106902.0,0.0007,74.8314
2025-10-18 02:14:11.047,106902.01,0.0014,149.662814
2025-10-18 02:14:11.522,106902.0,0.00763,815.66226
2025-10-18 02:14:11.580,106902.0,0.00187,199.90673999999999
2025-10-18 02:14:11.701,106902.0,0.00802,857.3540399999999
2025-10-18 02:14:11.967,106901.98,0.00509,544.1310781999999
2025-10-18 02:14:12.196,106901.98,0.002,213.80396
2025-10-18 02:14:12.772,106901.96,0.00157,167.8360772
2025-10-18 02:14:13.261,106901.97,0.04632,4951.6992504
2025-10-18 02:14:13.306,106901.96,0.00019,20.311372400000003
2025-10-18 02:14:13.415,106901.96,0.09973,10661.3324708
2025-10-18 02:14:13.653,106901.93,5e-05,5.3450964999999995
2025-10-18 02:14:14.374,106901.94,8e-05,8.552155200000001
2025-10-18 02:14:14.713,106901.93,0.00065,69.48625449999999
2025-10-18 02:14:15.350,106901.94,0.01453,1553.2851882
2025-10-18 02:14:15.369,106901.93,0.08986,9606.207429799999
2025-10-18 02:14:15.533,106901.94,0.00067,71.6242998
2025-10-18 02:14:15.632,106901.93,0.00016,17.104308800000002
2025-10-18 02:14:16.320,106901.93,0.00064,68.41723520000001
2025-10-18 02:14:16.443,106901.93,0.09699,10368.4181907
2025-10-18 02:14:16.583,106901.94,0.00066,70.5552804
2025-10-18 02:14:16.762,106901.94,0.00019,20.3113686
2025-10-18 02:14:16.882,106901.94,0.00028,29.932543199999998
2025-10-18 02:14:16.920,106901.94,0.0001,10.690194
2025-10-18 02:14:16.925,106901.94,0.00019,20.3113686
2025-10-18 02:14:16.932,106901.94,0.00012,12.8282328
2025-10-18 02:14:17.069,106901.94,0.01871,2000.1352974000001
2025-10-18 02:14:17.238,106901.94,0.00281,300.3944514
2025-10-18 02:14:17.519,106901.94,0.00019,20.3113686
2025-10-18 02:14:17.593,106901.94,0.10912,11665.1396928
2025-10-18 02:14:18.437,106901.94,7e-05,7.4831357999999994
2025-10-18 02:14:18.497,106901.93,0.0042,448.98810599999996
2025-10-18 02:14:18.618,106901.93,0.10688,11425.678278399999
2025-10-18 02:14:18.619,106888.63,0.04642,4961.7702046
2025-10-18 02:14:18.628,106883.55,6e-05,6.413013
2025-10-18 02:14:18.635,106883.55,0.00936,1000.4300280000001
2025-10-18 02:14:18.637,106883.56,0.0013,138.94862799999999
2025-10-18 02:14:18.647,106883.55,0.00935,999.3611925000001
2025-10-18 02:14:18.651,106883.55,0.012,1282.6026000000002
2025-10-18 02:14:18.654,106883.55,0.012,1282.6026000000002
2025-10-18 02:14:18.656,106883.55,0.012,1282.6026000000002
2025-10-18 02:14:18.661,106883.56,0.00177,189.1839012
2025-10-18 02:14:18.715,106883.56,0.00047,50.235273199999995
2025-10-18 02:14:18.719,106883.56,0.00056,59.854793599999994
2025-10-18 02:14:18.870,106883.56,0.00011,11.7571916
2025-10-18 02:14:18.872,106883.55,0.00165,176.3578575
2025-10-18 02:14:18.972,106883.56,0.00142,151.7746552
2025-10-18 02:14:19.406,106883.55,0.00059,63.0612945
2025-10-18 02:14:19.736,106883.55,0.00021,22.4455455
2025-10-18 02:14:19.785,106883.55,0.012,1282.6026000000002
2025-10-18 02:14:19.810,106883.55,0.012,1282.6026000000002
2025-10-18 02:14:19.858,106883.56,7e-05,7.481849199999999
2025-10-18 02:14:19.861,106883.56,0.00422,451.04862319999995
2025-10-18 02:14:20.720,106883.56,0.0011,117.571916
2025-10-18 02:14:21.829,106883.56,0.00021,22.4455476
2025-10-18 02:14:22.417,106883.56,0.01802,1926.0417512000001
2025-10-18 02:14:22.577,106883.55,0.12032,12860.228736
2025-10-18 02:14:22.822,106883.55,0.012,1282.6026000000002
2025-10-18 02:14:22.824,106883.55,0.012,1282.6026000000002
2025-10-18 02:14:23.426,106883.56,0.00083,88.7133548
2025-10-18 02:14:23.457,106883.55,0.00028,29.927394
2025-10-18 02:14:24.599,106883.55,0.00186,198.803403
2025-10-18 02:14:24.711,106883.55,0.012,1282.6026000000002
2025-10-18 02:14:24.713,106883.55,0.012,1282.6026000000002
2025-10-18 02:14:25.260,106883.56,5e-05,5.344178
2025-10-18 02:14:25.359,106883.55,0.00021,22.4455455
2025-10-18 02:14:25.875,106883.56,0.00035,37.409245999999996
2025-10-18 02:14:25.981,106883.55,0.00016,17.101368
2025-10-18 02:14:25.992,106883.56,0.00018,19.2390408
2025-10-18 02:14:26.217,106883.56,0.00468,500.2150608
2025-10-18 02:14:26.690,106883.56,0.00026,27.789725599999997
2025-10-18 02:14:27.027,106883.55,0.00055,58.78595250000001
2025-10-18 02:14:27.362,106886.15,0.0001,10.688615
2025-10-18 02:14:27.363,106886.66,0.00015,16.032999
2025-10-18 02:14:27.366,106889.19,0.0002,21.377838
2025-10-18 02:14:27.374,106889.2,0.00095,101.54473999999999
2025-10-18 02:14:27.415,106889.8,0.00191,204.15951800000002
2025-10-18 02:14:27.416,106894.26,0.0001,10.689426
2025-10-18 02:14:27.580,106896.01,0.09443,10094.1902243
2025-10-18 02:14:27.582,106896.02,0.1162,12421.317524
2025-10-18 02:14:27.694,106896.01,0.00046,49.1721646
2025-10-18 02:14:28.408,106896.02,0.00046,49.172169200000006
2025-10-18 02:14:28.428,106896.02,0.0001,10.689602
2025-10-18 02:14:28.818,106896.01,0.00027,28.861922699999997
2025-10-18 02:14:29.064,106896.01,0.00095,101.5512095
2025-10-18 02:14:30.669,106896.02,0.00028,29.9308856
2025-10-18 02:14:31.044,106896.01,0.04677,4999.5263877
2025-10-18 02:14:31.353,106896.01,0.03908,4177.4960708
2025-10-18 02:14:31.354,106896.01,1.2045,128756.24404499998
2025-10-18 02:14:31.355,106896.01,0.28837,30825.6024037
2025-10-18 02:14:31.636,106896.02,0.00011,11.7585622
2025-10-18 02:14:31.690,106896.01,0.00102,109.0339302
2025-10-18 02:14:31.952,106896.01,0.03212,3433.4998412
2025-10-18 02:14:31.985,106896.02,0.0187,1998.9555740000003
2025-10-18 02:14:32.174,106896.01,0.00095,101.5512095
2025-10-18 02:14:32.190,106896.02,0.0016,171.033632
2025-10-18 02:14:32.223,106896.01,0.00012,12.8275212
2025-10-18 02:14:32.516,106896.01,0.00011,11.7585611
2025-10-18 02:14:32.663,106896.02,0.04654,4974.9407708
2025-10-18 02:14:33.358,106896.01,0.00017,18.1723217
2025-10-18 02:14:33.538,106896.01,0.05612,5999.0040812
2025-10-18 02:14:35.296,106896.01,0.03221,3443.1204821
2025-10-18 02:14:35.341,106896.01,0.00914,977.0295314
2025-10-18 02:14:35.435,106896.02,0.00025,26.724005000000002
2025-10-18 02:14:35.705,106896.01,5e-05,5.3448005
2025-10-18 02:14:36.019,106896.02,0.00059,63.068651800000005
2025-10-18 02:14:36.582,106896.01,9e-05,9.6206409
2025-10-18 02:14:36.939,106896.02,0.00375,400.860075
2025-10-18 02:14:37.119,106896.02,0.00046,49.172169200000006
2025-10-18 02:14:37.221,106896.01,0.02067,2209.5405267
2025-10-18 02:14:37.402,106896.01,0.00444,474.6182844
2025-10-18 02:14:37.576,106896.01,0.10389,11105.426478899999
2025-10-18 02:14:38.077,106896.02,0.00093,99.4132986
2025-10-18 02:14:38.204,106896.01,0.00388,414.7565188
2025-10-18 02:14:38.258,106896.02,0.00018,19.241283600000003
2025-10-18 02:14:38.304,106896.02,0.00467,499.20441339999996
2025-10-18 02:14:38.373,106896.02,0.00065,69.482413
2025-10-18 02:14:39.275,106896.01,0.00306,327.10179059999996
2025-10-18 02:14:40.556,106896.01,0.02806,2999.5020406
2025-10-18 02:14:42.299,106896.02,0.00819,875.4784037999999
2025-10-18 02:14:42.491,106896.02,0.00018,19.241283600000003
2025-10-18 02:14:42.576,106896.01,0.12631,13502.0350231
2025-10-18 02:14:42.857,106896.01,0.00048,51.3100848
2025-10-18 02:14:43.868,106896.02,0.00336,359.1706272
2025-10-18 02:14:45.116,106896.02,0.00476,508.82505520000007
2025-10-18 02:14:45.125,106896.02,0.00458,489.5837716
2025-10-18 02:14:45.191,106896.02,0.00035,37.413607
2025-10-18 02:14:45.322,106896.02,7e-05,7.4827214
2025-10-18 02:14:45.348,106896.02,0.027,2886.19254
2025-10-18 02:14:45.385,106896.02,5e-05,5.344801
2025-10-18 02:14:45.429,106896.02,0.40463,43253.3365726
2025-10-18 02:14:45.430,106896.02,0.06603,7058.3442006000005
2025-10-18 02:14:45.431,106896.02,0.00865,924.650573
2025-10-18 02:14:45.432,106896.02,0.19137,20456.691347400003
2025-10-18 02:14:45.433,106896.21,5e-05,5.3448105
2025-10-18 02:14:45.434,106896.21,0.00015,16.0344315
2025-10-18 02:14:45.435,106897.98,0.03364,3596.0480472000004
2025-10-18 02:14:45.437,106897.98,0.00015,16.034696999999998
2025-10-18 02:14:45.438,106897.99,0.00095,101.55309050000001
2025-10-18 02:14:46.080,106900.29,0.0078,833.8222619999999
2025-10-18 02:14:46.330,106900.28,0.00132,141.1083696
2025-10-18 02:14:46.438,106900.29,7e-05,7.483020299999999
2025-10-18 02:14:46.932,106900.29,0.01534,1639.8504486
2025-10-18 02:14:47.318,106900.28,0.00012,12.8280336
2025-10-18 02:14:47.641,106900.28,0.00085,90.86523799999999
2025-10-18 02:14:48.940,106900.29,0.02301,2459.7756729
2025-10-18 02:14:49.126,106900.29,0.00375,400.8760875
2025-10-18 02:14:49.401,106900.29,0.00324,346.3569396
2025-10-18 02:14:49.469,106900.29,0.0002,21.380058
2025-10-18 02:14:50.263,106900.28,0.00018,19.2420504
2025-10-18 02:14:50.726,106900.29,0.00167,178.5234843
2025-10-18 02:14:51.821,106900.29,4e-05,4.2760116
2025-10-18 02:14:52.187,106900.29,0.00025,26.7250725
2025-10-18 02:14:52.575,106900.29,0.09967,10654.7519043
2025-10-18 02:14:53.210,106900.29,0.01029,1100.0039841
2025-10-18 02:14:53.484,106900.29,0.0001,10.690029
2025-10-18 02:14:53.902,106900.28,0.00044,47.0361232
2025-10-18 02:14:54.092,106900.28,0.00019,20.3110532
2025-10-18 02:14:54.117,106900.29,0.02537,2712.0603573
2025-10-18 02:14:54.215,106900.3,0.0019,203.11057
2025-10-18 02:14:54.415,106900.31,0.0022,235.18068200000002
2025-10-18 02:14:54.428,106901.93,0.00015,16.035289499999998
2025-10-18 02:14:54.677,106901.94,0.027,2886.35238
2025-10-18 02:14:56.018,106901.94,0.00033,35.2776402
2025-10-18 02:14:56.677,106901.94,0.00054,57.7270476
2025-10-18 02:14:57.310,106901.93,0.00594,634.9974642
2025-10-18 02:14:57.315,106905.12,0.00015,16.035767999999997
2025-10-18 02:14:57.575,106905.13,0.10828,11575.6874764
2025-10-18 02:14:57.641,106905.13,0.00153,163.5648489
2025-10-18 02:14:57.836,106905.13,0.00035,37.4167955
2025-10-18 02:14:57.868,106905.12,0.01538,1644.2007456
2025-10-18 02:14:58.810,106905.13,0.00541,578.3567533
2025-10-18 02:14:58.944,106907.63,0.00042,44.90120460000001
2025-10-18 02:14:59.491,106907.63,0.00301,321.7919663
2025-10-18 02:14:59.492,106907.65,0.0002,21.38153
2025-10-18 02:14:59.494,106911.19,0.00015,16.036678499999997
2025-10-18 02:14:59.498,106912.0,6e-05,6.41472
2025-10-18 02:14:59.515,106918.35,5e-05,5.3459175000000005
2025-10-18 02:14:59.518,106921.65,0.00526,562.407879
2025-10-18 02:14:59.919,106922.12,0.00812,868.2076144
2025-10-18 02:15:00.150,106922.13,0.00017,18.1767621
2025-10-18 02:15:00.454,106922.13,5e-05,5.3461065
2025-10-18 02:15:00.673,106922.13,0.00013,13.899876899999999
2025-10-18 02:15:00.767,106922.13,0.00019,20.315204700000002
2025-10-18 02:15:00.849,106922.13,0.00015,16.0383195
2025-10-18 02:15:00.973,106922.12,0.00139,148.62174679999998
2025-10-18 02:15:01.195,106922.13,0.00012,12.8306556
2025-10-18 02:15:01.267,106922.13,0.00012,12.8306556
2025-10-18 02:15:01.674,106922.12,0.00374,399.88872879999997
2025-10-18 02:15:01.783,106922.12,0.00075,80.19159
2025-10-18 02:15:02.609,106922.12,0.10979,11738.9795548
2025-10-18 02:15:02.718,106922.13,0.00096,102.6452448
2025-10-18 02:15:03.149,106922.13,0.0002,21.384426
2025-10-18 02:15:03.448,106922.13,0.00058,62.0148354
2025-10-18 02:15:03.955,106922.12,5e-05,5.346106
2025-10-18 02:15:04.976,106922.13,0.00094,100.5068022
2025-10-18 02:15:05.021,106922.12,0.00071,75.9147052
2025-10-18 02:15:05.098,106922.12,0.00012,12.8306544
2025-10-18 02:15:05.896,106922.12,0.00061,65.22249319999999
2025-10-18 02:15:06.916,106922.13,0.00011,11.761434300000001
2025-10-18 02:15:07.585,106922.12,0.00027,28.8689724
2025-10-18 02:15:07.588,106922.12,0.09077,9705.3208324
2025-10-18 02:15:07.589,106922.13,0.13114,14021.768128200001
2025-10-18 02:15:08.390,106922.13,0.00074,79.1223762
2025-10-18 02:15:08.887,106922.13,0.12427,13287.213095100002
2025-10-18 02:15:09.102,106922.12,0.00365,390.265738
2025-10-18 02:15:09.453,106922.13,9e-05,9.622991700000002
2025-10-18 02:15:11.360,106922.13,0.00987,1055.3214231000002
2025-10-18 02:15:11.583,106922.13,0.00016,17.107540800000002
2025-10-18 02:15:12.210,106922.13,0.0001,10.692213
2025-10-18 02:15:12.220,106922.13,0.00935,999.7219155000001
2025-10-18 02:15:12.584,106922.12,0.1243,13290.419515999998
2025-10-18 02:15:12.956,106922.13,0.00014,14.9690982
2025-10-18 02:15:12.997,106922.13,5e-05,5.3461065
2025-10-18 02:15:13.799,106922.13,0.00272,290.8281936
2025-10-18 02:15:14.417,106922.13,8e-05,8.553770400000001
2025-10-18 02:15:14.827,106922.13,4e-05,4.276885200000001
2025-10-18 02:15:15.765,106922.12,0.0187,1999.443644
2025-10-18 02:15:15.885,106922.13,0.00431,460.83438029999996
2025-10-18 02:15:16.965,106922.12,0.01189,1271.3040067999998
2025-10-18 02:15:17.628,106922.13,0.00017,18.1767621
2025-10-18 02:15:18.959,106922.12,0.012,1283.06544
2025-10-18 02:15:18.961,106922.12,0.012,1283.06544
2025-10-18 02:15:18.962,106922.12,0.012,1283.06544
2025-10-18 02:15:19.164,106922.12,0.374,39988.872879999995
2025-10-18 02:15:19.165,106920.83,0.0001,10.692083
2025-10-18 02:15:19.167,106920.51,5e-05,5.3460255
2025-10-18 02:15:19.181,106915.71,0.00389,415.9021119
2025-10-18 02:15:19.184,106915.71,0.00177,189.2408067
2025-10-18 02:15:19.188,106915.71,0.00051,54.52701210000001
2025-10-18 02:15:19.206,106915.0,0.00015,16.03725
2025-10-18 02:15:19.219,106914.62,0.00225,240.55789499999997
2025-10-18 02:15:19.223,106914.61,0.00225,240.55787249999997
2025-10-18 02:15:19.262,106910.39,9e-05,9.6219351
2025-10-18 02:15:19.266,106909.02,0.0002,21.381804000000002
2025-10-18 02:15:19.280,106908.33,5e-05,5.345416500000001
2025-10-18 02:15:19.295,106908.26,0.03973,4247.4651698
2025-10-18 02:15:19.301,106908.25,0.03768,4028.30286
2025-10-18 02:15:19.314,106908.25,0.00186,198.849345
2025-10-18 02:15:19.317,106908.25,0.00146,156.08604499999998
2025-10-18 02:15:19.415,106907.48,0.0011,117.598228
2025-10-18 02:15:19.639,106906.23,0.00046,49.1768658
2025-10-18 02:15:19.756,106906.23,0.00089,95.14654469999999
2025-10-18 02:15:19.985,106906.23,0.14444,15441.5358612
2025-10-18 02:15:20.473,106906.24,0.00088,94.07749120000001
2025-10-18 02:15:20.479,106906.23,0.00093,99.4227939
2025-10-18 02:15:21.320,106906.24,0.00034,36.348121600000006
2025-10-18 02:15:21.865,106906.23,0.00523,559.1195829
2025-10-18 02:15:21.877,106905.84,0.00015,16.035876
2025-10-18 02:15:21.881,106904.97,0.00011,11.759546700000001
2025-10-18 02:15:21.882,106901.92,0.00189,202.0446288
2025-10-18 02:15:21.886,106901.92,0.012,1282.82304
2025-10-18 02:15:21.887,106901.92,0.012,1282.82304
2025-10-18 02:15:21.922,106901.92,0.20906,22348.915395199998
2025-10-18 02:15:21.958,106900.28,0.00012,12.8280336
2025-10-18 02:15:22.340,106900.28,0.00175,187.07549
2025-10-18 02:15:22.575,106900.28,0.09845,10524.332566
2025-10-18 02:15:22.576,106900.29,0.09103,9731.1333987
2025-10-18 02:15:22.657,106900.28,0.012,1282.80336
2025-10-18 02:15:22.658,106900.28,0.012,1282.80336
2025-10-18 02:15:22.659,106900.28,0.012,1282.80336
2025-10-18 02:15:22.752,106900.28,0.00935,999.5176180000001
2025-10-18 02:15:22.756,106900.28,0.00321,343.1498988
2025-10-18 02:15:22.871,106900.29,0.00627,670.2648183
2025-10-18 02:15:24.073,106900.28,0.0006,64.14016799999999
2025-10-18 02:15:24.075,106899.99,0.0002,21.379998
2025-10-18 02:15:24.079,106899.82,0.00631,674.5378642000001
2025-10-18 02:15:24.080,106899.82,0.0005,53.44991
2025-10-18 02:15:24.084,106896.92,0.00015,16.034537999999998
2025-10-18 02:15:24.089,106896.02,0.012,1282.75224
2025-10-18 02:15:24.115,106887.66,5e-05,5.3443830000000005
2025-10-18 02:15:24.116,106883.56,6e-05,6.4130136
2025-10-18 02:15:24.164,106883.57,0.003,320.65071
2025-10-18 02:15:24.224,106883.56,0.004,427.53424
2025-10-18 02:15:24.227,106883.56,0.004,427.53424
2025-10-18 02:15:24.228,106883.56,0.004,427.53424
2025-10-18 02:15:25.043,106883.56,0.04994,5337.7649863999995
2025-10-18 02:15:25.062,106883.57,8e-05,8.550685600000001
2025-10-18 02:15:26.050,106881.32,0.001,106.88132
2025-10-18 02:15:26.062,106881.31,0.012,1282.57572
2025-10-18 02:15:26.063,106881.31,0.012,1282.57572
2025-10-18 02:15:26.094,106881.31,0.012,1282.57572
2025-10-18 02:15:26.246,106881.32,0.00013,13.894571599999999
2025-10-18 02:15:26.576,106881.31,0.00011,11.7569441
2025-10-18 02:15:26.849,106881.32,0.00033,35.270835600000005
2025-10-18 02:15:26.957,106881.32,0.00078,83.36742960000001
2025-10-18 02:15:27.295,106881.32,0.00071,75.88573720000001
2025-10-18 02:15:27.580,106881.31,0.10579,11306.9737849
2025-10-18 02:15:28.329,106881.32,0.00086,91.9179352
2025-10-18 02:15:28.508,106881.32,0.00044,47.0277808
2025-10-18 02:15:28.602,106881.31,0.01888,2017.9191328000002
2025-10-18 02:15:29.838,106881.31,0.002,213.76262
2025-10-18 02:15:29.905,106881.32,4e-05,4.2752528000000005
2025-10-18 02:15:30.210,106881.32,0.00013,13.894571599999999
2025-10-18 02:15:30.270,106881.32,0.00086,91.9179352
2025-10-18 02:15:31.252,106881.31,0.04914,5252.1475734000005
2025-10-18 02:15:31.445,106881.31,0.01935,2068.1533485
2025-10-18 02:15:31.583,106881.31,0.00029,30.9955799
2025-10-18 02:15:31.597,106881.31,0.012,1282.57572
2025-10-18 02:15:31.599,106881.31,0.012,1282.57572
2025-10-18 02:15:31.906,106881.31,0.00491,524.7872321
2025-10-18 02:15:32.485,106881.31,0.13571,14504.8625801
2025-10-18 02:15:33.110,106881.32,0.00062,66.2664184
2025-10-18 02:15:33.590,106881.32,0.00172,183.8358704
2025-10-18 02:15:33.629,106881.32,0.0001,10.688132000000001
2025-10-18 02:15:34.070,106881.32,0.0009,96.193188
2025-10-18 02:15:34.219,106881.32,0.00021,22.445077200000004
2025-10-18 02:15:34.439,106881.31,0.48715,52067.230166500005
2025-10-18 02:15:35.082,106881.31,0.00038,40.6148978
2025-10-18 02:15:35.773,106881.32,0.00026,27.789143199999998
2025-10-18 02:15:35.783,106881.31,0.01871,1999.7493101
2025-10-18 02:15:37.084,106881.32,0.00017,18.169824400000003
2025-10-18 02:15:37.140,106881.31,8e-05,8.5505048
2025-10-18 02:15:37.575,106881.31,0.09441,10090.6644771
2025-10-18 02:15:37.576,106881.32,0.0802,8571.881863999999
2025-10-18 02:15:37.783,106881.31,0.00187,199.8680497
2025-10-18 02:15:37.879,106881.32,0.00041,43.8213412
2025-10-18 02:15:37.918,106881.32,0.00634,677.6275688000001
2025-10-18 02:15:38.755,106881.32,0.10337,11048.322048400001
2025-10-18 02:15:38.756,106881.32,0.21452,22928.1807664
2025-10-18 02:15:38.757,106881.33,0.0006,64.12879799999999
2025-10-18 02:15:38.759,106881.32,0.00035,37.408462
2025-10-18 02:15:38.762,106881.33,0.0004,42.752532
2025-10-18 02:15:38.763,106883.51,0.0001,10.688351
2025-10-18 02:15:38.786,106884.04,0.00158,168.8767832
2025-10-18 02:15:38.964,106885.58,0.0002,21.377116
2025-10-18 02:15:39.970,106885.58,0.00644,688.3431352
2025-10-18 02:15:40.633,106885.58,6e-05,6.4131348
2025-10-18 02:15:40.644,106885.58,0.00018,19.2394044
2025-10-18 02:15:40.832,106885.58,0.00568,607.1100944
2025-10-18 02:15:42.332,106885.58,0.00034,36.3410972
2025-10-18 02:15:42.576,106885.59,0.07904,8448.2370336
2025-10-18 02:15:43.979,106885.58,5e-05,5.344279
2025-10-18 02:15:44.723,106885.58,0.00268,286.4533544
2025-10-18 02:15:45.236,106885.58,0.012,1282.62696
2025-10-18 02:15:45.239,106885.58,0.012,1282.62696
2025-10-18 02:15:45.696,106885.58,0.00029,30.9968182
2025-10-18 02:15:45.747,106885.58,8e-05,8.550846400000001
2025-10-18 02:15:46.008,106885.59,0.00303,323.8633377
2025-10-18 02:15:46.436,106885.58,0.00022,23.5148276
2025-10-18 02:15:47.307,106885.58,0.00025,26.721395
2025-10-18 02:15:47.333,106885.58,8e-05,8.550846400000001
2025-10-18 02:15:47.580,106885.58,0.07594,8116.8909452
2025-10-18 02:15:47.581,106885.59,0.07549,8068.7931891
2025-10-18 02:15:48.242,106885.58,0.00016,17.101692800000002
2025-10-18 02:15:48.826,106885.59,0.00607,648.7955313
2025-10-18 02:15:49.575,106885.58,0.00031,33.1345298
2025-10-18 02:15:49.651,106885.58,0.00032,34.203385600000004
2025-10-18 02:15:49.846,106885.58,0.00048,51.3050784
2025-10-18 02:15:49.993,106885.59,0.00284,303.5550756
2025-10-18 02:15:50.190,106885.58,0.00059,63.0624922
2025-10-18 02:15:50.226,106885.58,0.00465,497.017947
2025-10-18 02:15:51.876,106885.58,0.0001,10.688558
2025-10-18 02:15:52.356,106885.58,9e-05,9.6197022
2025-10-18 02:15:52.531,106885.58,6e-05,6.4131348
2025-10-18 02:15:52.575,106885.58,0.09834,10511.127937199999
2025-10-18 02:15:52.679,106885.58,5e-05,5.344279
2025-10-18 02:15:52.720,106885.58,6e-05,6.4131348
2025-10-18 02:15:52.879,106885.58,5e-05,5.344279
2025-10-18 02:15:53.825,106885.59,0.00556,594.2838803999999
2025-10-18 02:15:53.847,106885.59,0.00025,26.7213975
2025-10-18 02:15:53.910,106885.58,6e-05,6.4131348
2025-10-18 02:15:54.035,106885.59,0.00018,19.2394062
2025-10-18 02:15:54.090,106885.59,0.00012,12.8262708
2025-10-18 02:15:54.141,106882.41,0.0511,5461.691151
2025-10-18 02:15:54.144,106881.3,0.16158,17269.880454000002
2025-10-18 02:15:54.145,106881.3,0.16908,18071.490204
2025-10-18 02:15:54.147,106881.3,0.00936,1000.4089680000001
2025-10-18 02:15:54.148,106881.3,0.2498,26698.94874
2025-10-18 02:15:54.149,106881.3,2.69723,288283.448799
2025-10-18 02:15:54.152,106880.16,0.00015,16.032024
2025-10-18 02:15:54.155,106880.0,0.0001,10.688
2025-10-18 02:15:54.158,106878.91,0.00062,66.2649242
2025-10-18 02:15:54.160,106877.73,0.00015,16.031659499999996
2025-10-18 02:15:54.161,106874.9,0.00596,636.9744039999999
2025-10-18 02:15:54.166,106873.18,0.00302,322.7570036
2025-10-18 02:15:54.167,106872.87,0.0004,42.749148
2025-10-18 02:15:54.436,106872.88,0.0001,10.687288
2025-10-18 02:15:54.467,106872.88,0.00819,875.2888872
2025-10-18 02:15:54.468,106872.88,0.00142,151.75948960000002
2025-10-18 02:15:54.667,106872.88,5e-05,5.343644
2025-10-18 02:15:54.857,106872.88,0.00015,16.030932
2025-10-18 02:15:56.187,106872.87,0.13295,14208.7480665
2025-10-18 02:15:56.188,106872.87,0.07172,7664.922236400001
2025-10-18 02:15:56.190,106871.29,0.00015,16.030693499999998
2025-10-18 02:15:56.195,106870.0,0.00619,661.5253
2025-10-18 02:15:56.198,106866.66,0.0011,117.55332600000001
2025-10-18 02:15:56.199,106864.84,0.0001,10.686484
2025-10-18 02:15:56.208,106863.9,0.00161,172.050879
2025-10-18 02:15:56.321,106863.9,0.00774,827.126586
2025-10-18 02:15:56.450,106863.91,7e-05,7.480473699999999
2025-10-18 02:15:57.119,106863.91,0.00017,18.1668647
2025-10-18 02:15:57.474,106863.9,0.012,1282.3668
2025-10-18 02:15:57.477,106863.9,0.012,1282.3668
2025-10-18 02:15:57.478,106863.9,0.012,1282.3668
2025-10-18 02:15:57.548,106863.9,0.04772,5099.545308
2025-10-18 02:15:57.551,106860.9,5e-05,5.343045
2025-10-18 02:15:57.553,106860.91,0.00386,412.4831126
2025-10-18 02:15:57.554,106860.51,0.00015,16.0290765
2025-10-18 02:15:57.559,106857.29,0.00509,543.9036060999999
2025-10-18 02:15:57.575,106857.3,0.00097,103.65158100000001
2025-10-18 02:15:57.576,106857.3,0.08575,9163.013475000002
2025-10-18 02:15:57.593,106857.29,0.00145,154.94307049999998
2025-10-18 02:15:57.597,106856.64,0.00882,942.4755647999999
2025-10-18 02:15:57.919,106856.64,0.00026,27.782726399999998
2025-10-18 02:15:57.928,106856.64,0.0091,972.395424
2025-10-18 02:15:58.351,106856.65,0.00098,104.719517
2025-10-18 02:15:58.418,106856.64,0.012,1282.27968
2025-10-18 02:15:58.427,106856.64,0.012,1282.27968
2025-10-18 02:15:58.428,106856.64,0.012,1282.27968
2025-10-18 02:15:58.484,106856.65,7e-05,7.479965499999999
2025-10-18 02:15:58.540,106856.64,0.00063,67.3196832
2025-10-18 02:15:58.690,106856.64,9e-05,9.617097600000001
2025-10-18 02:15:59.356,106856.65,0.00037,39.5369605
2025-10-18 02:15:59.406,106856.64,0.00859,917.8985376
2025-10-18 02:15:59.585,106856.64,0.00049,52.3597536
2025-10-18 02:16:00.028,106856.46,0.0002,21.371292000000004
2025-10-18 02:16:00.030,106856.0,0.0031,331.2536
2025-10-18 02:16:00.035,106855.99,0.0016,170.96958400000003
2025-10-18 02:16:00.038,106855.99,0.012,1282.27188
2025-10-18 02:16:00.039,106855.99,0.012,1282.27188
2025-10-18 02:16:00.042,106855.99,0.00222,237.22029780000003
2025-10-18 02:16:00.045,106855.98,0.00936,1000.1719727999999
2025-10-18 02:16:00.091,106855.98,0.00191,204.0949218
2025-10-18 02:16:00.093,106855.41,0.0002,21.371082
2025-10-18 02:16:00.115,106849.1,0.00015,16.027365
2025-10-18 02:16:00.362,106845.07,9e-05,9.616056300000002
2025-10-18 02:16:00.433,106845.07,0.0001,10.684507000000002
2025-10-18 02:16:00.506,106845.06,0.00534,570.5526204
2025-10-18 02:16:00.507,106845.06,0.01026,1096.2303156
2025-10-18 02:16:00.520,106845.07,0.00025,26.7112675
2025-10-18 02:16:00.623,106845.07,0.00045,48.080281500000005
2025-10-18 02:16:01.029,106845.07,0.00012,12.821408400000001
2025-10-18 02:16:01.419,106845.06,0.0006,64.107036
2025-10-18 02:16:02.278,106845.07,0.00018,19.232112600000004
2025-10-18 02:16:02.581,106845.06,0.09502,10152.417601199999
2025-10-18 02:16:02.582,106845.07,0.09709,10373.5878463
2025-10-18 02:16:02.662,106845.07,0.00936,1000.0698552000001
2025-10-18 02:16:02.715,106855.14,0.15826,16910.8944564
2025-10-18 02:16:03.578,106855.14,0.0201,2147.788314
2025-10-18 02:16:03.701,106855.15,0.00012,12.822618
2025-10-18 02:16:03.762,106855.15,0.0003,32.05654499999999
2025-10-18 02:16:04.753,106855.14,0.1,10685.514000000001
2025-10-18 02:16:06.077,106855.15,0.00029,30.987993499999998
2025-10-18 02:16:06.183,106855.15,0.001,106.85515
2025-10-18 02:16:07.414,106855.15,0.00023,24.5766845
2025-10-18 02:16:07.431,106855.14,0.01485,1586.798829
2025-10-18 02:16:07.485,106855.15,0.01329,1420.1049435
2025-10-18 02:16:07.494,106855.31,0.0002,21.371062000000002
2025-10-18 02:16:07.513,106857.73,5e-05,5.3428865
2025-10-18 02:16:07.514,106858.65,0.0235,2511.1782749999998
2025-10-18 02:16:07.521,106861.47,5e-05,5.3430735
2025-10-18 02:16:07.544,106862.65,0.00205,219.0684325
2025-10-18 02:16:07.583,106865.82,0.00074,79.0807068
2025-10-18 02:16:07.788,106865.85,0.0002,21.373170000000002
2025-10-18 02:16:07.789,106865.91,0.0001,10.686591000000002
2025-10-18 02:16:07.791,106866.5,6e-05,6.41199
2025-10-18 02:16:07.796,106869.89,0.0015,160.304835
2025-10-18 02:16:07.801,106872.4,0.0003,32.061719999999994
2025-10-18 02:16:08.170,106872.99,0.00011,11.7560289
2025-10-18 02:16:08.742,106873.0,0.00387,413.59851000000003
2025-10-18 02:16:08.930,106873.0,0.00011,11.75603
2025-10-18 02:16:09.342,106873.0,0.00674,720.32402
2025-10-18 02:16:09.712,106873.0,0.00011,11.75603
2025-10-18 02:16:09.767,106873.0,0.00242,258.63266
2025-10-18 02:16:09.889,106873.0,0.00467,499.09691
2025-10-18 02:16:10.697,106873.0,0.00011,11.75603
2025-10-18 02:16:11.107,106873.0,0.00374,399.70502
2025-10-18 02:16:11.578,106872.99,7e-05,7.4811093
2025-10-18 02:16:11.715,106873.0,0.00233,249.01409
2025-10-18 02:16:11.730,106873.0,0.00384,410.39232
2025-10-18 02:16:11.911,106873.0,0.00011,11.75603
2025-10-18 02:16:12.586,106872.99,0.09066,9689.1052734
2025-10-18 02:16:12.590,106873.0,6e-05,6.41238
2025-10-18 02:16:12.931,106873.0,0.00011,11.75603
2025-10-18 02:16:13.063,106873.0,0.00352,376.19296
2025-10-18 02:16:13.235,106873.0,0.00237,253.28901000000002
2025-10-18 02:16:13.332,106873.0,0.00058,61.98634
2025-10-18 02:16:13.532,106873.0,0.00163,174.20299
2025-10-18 02:16:14.129,106873.0,0.00011,11.75603
2025-10-18 02:16:14.216,106873.0,0.0002,21.3746
2025-10-18 02:16:14.372,106873.0,0.15426,16486.22898
2025-10-18 02:16:14.473,106873.0,0.00384,410.39232
2025-10-18 02:16:15.087,106873.0,0.026,2778.698
2025-10-18 02:16:15.302,106873.0,0.001,106.873
2025-10-18 02:16:15.420,106873.0,0.01105,1180.94665
2025-10-18 02:16:15.422,106875.24,0.0017,181.687908
2025-10-18 02:16:15.428,106875.46,0.00935,999.2855510000002
2025-10-18 02:16:15.436,106875.46,0.0013,138.938098
2025-10-18 02:16:15.449,106880.17,5e-05,5.3440085
2025-10-18 02:16:15.450,106885.6,0.00439,469.227784
2025-10-18 02:16:15.454,106885.88,0.00421,449.98955480000006
2025-10-18 02:16:15.467,106887.65,0.00201,214.8441765
2025-10-18 02:16:15.523,106889.03,0.027,2886.00381
2025-10-18 02:16:15.531,106889.04,0.0011,117.577944
2025-10-18 02:16:15.691,106889.11,0.00011,11.757802100000001
2025-10-18 02:16:15.910,106889.1,0.004,427.55640000000005
2025-10-18 02:16:16.032,106889.11,0.0007,74.822377
2025-10-18 02:16:16.033,106889.1,0.00029,30.997839000000003
2025-10-18 02:16:16.121,106889.11,0.00011,11.757802100000001
2025-10-18 02:16:16.586,106889.1,0.003,320.6673
2025-10-18 02:16:16.619,106889.11,8e-05,8.5511288
2025-10-18 02:16:16.832,106889.11,0.0001,10.688911000000001
2025-10-18 02:16:16.912,106889.11,0.00015,16.0333665
2025-10-18 02:16:17.147,106889.11,0.00044,47.031208400000004
2025-10-18 02:16:17.362,106889.11,0.00197,210.5715467
2025-10-18 02:16:17.462,106889.11,0.00012,12.826693200000001
2025-10-18 02:16:17.962,106889.11,0.00029,30.9978419
2025-10-18 02:16:18.075,106889.11,0.0003,32.066733
2025-10-18 02:16:18.097,106892.31,0.01745,1865.2708095
2025-10-18 02:16:18.103,106893.5,0.01412,1509.3362200000001
2025-10-18 02:16:18.115,106896.91,5e-05,5.344845500000001
2025-10-18 02:16:18.284,106899.63,0.00019,20.310929700000003
2025-10-18 02:16:18.318,106899.63,0.00057,60.9327891
2025-10-18 02:16:18.339,106899.63,0.00024,25.655911200000002
2025-10-18 02:16:18.462,106899.63,0.00047,50.2428261
2025-10-18 02:16:18.575,106899.63,6e-05,6.4139778000000005
2025-10-18 02:16:18.618,106899.63,0.0001,10.689963
2025-10-18 02:16:18.632,106899.63,0.0001,10.689963
2025-10-18 02:16:18.792,106899.63,0.00016,17.103940800000004
2025-10-18 02:16:18.963,106899.63,0.0001,10.689963
2025-10-18 02:16:20.084,106899.63,0.00093,99.41665590000001
2025-10-18 02:16:20.688,106902.0,0.002,213.804
2025-10-18 02:16:20.689,106903.7,5e-05,5.345185
2025-10-18 02:16:20.695,106905.5,6e-05,6.4143300000000005
2025-10-18 02:16:20.702,106906.36,5e-05,5.345318000000001
2025-10-18 02:16:20.707,106908.0,0.00029,31.00332
2025-10-18 02:16:20.744,106906.24,0.00335,358.13590400000004
2025-10-18 02:16:20.833,106908.75,0.00024,25.6581
2025-10-18 02:16:21.664,106908.75,0.00012,12.82905
2025-10-18 02:16:22.305,106908.74,0.00912,975.0077088
2025-10-18 02:16:22.370,106908.74,0.00372,397.70051280000007
2025-10-18 02:16:22.391,106908.75,0.00046,49.178025
2025-10-18 02:16:22.486,106908.74,0.00103,110.11600220000001
2025-10-18 02:16:22.516,106908.75,0.00053,56.6616375
2025-10-18 02:16:22.576,106908.74,0.09816,10494.161918400001
2025-10-18 02:16:22.577,106908.75,0.09593,10255.7563875
2025-10-18 02:16:22.747,106908.74,0.0001,10.690874
2025-10-18 02:16:22.751,106908.75,0.00012,12.82905
2025-10-18 02:16:22.786,106908.74,0.00719,768.6738406000001
2025-10-18 02:16:22.933,106908.75,0.02,2138.175
2025-10-18 02:16:23.643,106908.74,0.00121,129.3595754
2025-10-18 02:16:23.710,106908.74,0.00281,300.4135594
2025-10-18 02:16:23.771,106908.75,0.00012,12.82905
2025-10-18 02:16:23.782,106908.74,0.00093,99.42512820000002
2025-10-18 02:16:24.748,106908.75,0.00012,12.82905
2025-10-18 02:16:25.699,106908.75,0.00012,12.82905
2025-10-18 02:16:25.963,106908.74,0.00053,56.6616322
2025-10-18 02:16:26.688,106908.75,0.00012,12.82905
2025-10-18 02:16:26.893,106908.75,0.00025,26.7271875
2025-10-18 02:16:27.581,106908.74,0.08726,9328.856652400002
2025-10-18 02:16:27.698,106908.74,0.00107,114.3923518
2025-10-18 02:16:27.700,106908.74,0.00107,114.3923518
2025-10-18 02:16:27.707,106908.74,0.00034,36.348971600000006
2025-10-18 02:16:27.750,106908.75,0.00016,17.105400000000003
2025-10-18 02:16:27.823,106908.75,0.00035,37.4180625
2025-10-18 02:16:28.029,106908.75,0.00012,12.82905
2025-10-18 02:16:28.306,106908.74,0.00011,11.759961400000002
2025-10-18 02:16:28.723,106908.74,0.00892,953.6259608000001
2025-10-18 02:16:28.751,106908.75,0.00012,12.82905
2025-10-18 02:16:29.416,106908.75,0.00017,18.1744875
2025-10-18 02:16:29.684,106908.75,0.01,1069.0875
2025-10-18 02:16:29.993,106908.75,0.00012,12.82905
2025-10-18 02:16:30.246,106908.74,0.00029,31.003534600000002
2025-10-18 02:16:30.391,106908.74,0.01871,2000.2625254000002
2025-10-18 02:16:30.407,106908.75,0.0012,128.29049999999998
2025-10-18 02:16:30.424,106908.74,0.00127,135.77409980000002
2025-10-18 02:16:30.455,106908.74,0.00257,274.7554618
2025-10-18 02:16:31.218,106908.75,0.0001,10.690875
2025-10-18 02:16:31.313,106908.74,0.00065,69.490681
2025-10-18 02:16:31.583,106908.74,0.0001,10.690874
2025-10-18 02:16:31.694,106908.75,0.00012,12.82905
2025-10-18 02:16:32.037,106908.75,9e-05,9.6217875
2025-10-18 02:16:32.283,106908.75,0.0002,21.38175
2025-10-18 02:16:32.375,106908.74,0.01243,1328.8756382000001
2025-10-18 02:16:32.391,106908.74,0.00316,337.8316184
2025-10-18 02:16:32.577,106908.74,0.09581,10242.926379400002
2025-10-18 02:16:32.705,106908.75,0.00012,12.82905
2025-10-18 02:16:32.918,106908.75,0.00011,11.7599625
2025-10-18 02:16:33.147,106908.75,0.00134,143.257725
2025-10-18 02:16:33.225,106908.75,0.00302,322.86442500000004
2025-10-18 02:16:33.472,106908.75,0.00012,12.82905
2025-10-18 02:16:33.473,106908.75,0.00034,36.348975
2025-10-18 02:16:34.699,106908.75,0.00012,12.82905
2025-10-18 02:16:35.557,106908.74,0.01027,1097.9527598
2025-10-18 02:16:35.718,106908.75,0.00012,12.82905
2025-10-18 02:16:35.881,106908.74,0.00016,17.105398400000002
2025-10-18 02:16:36.921,106908.75,0.00012,12.82905
2025-10-18 02:16:36.953,106908.33,5e-05,5.345416500000001
2025-10-18 02:16:36.955,106907.46,0.00088,94.07856480000001
2025-10-18 02:16:36.960,106905.06,0.0011,117.595566
2025-10-18 02:16:36.962,106905.04,0.0008,85.524032
2025-10-18 02:16:36.965,106904.47,0.00294,314.2991418
2025-10-18 02:16:36.966,106900.27,0.012,1282.8032400000002
2025-10-18 02:16:37.042,106898.24,0.00015,16.034736
2025-10-18 02:16:37.182,106894.39,0.01871,1999.9940369
2025-10-18 02:16:37.249,106894.4,0.00025,26.723599999999998
2025-10-18 02:16:37.578,106894.4,0.07535,8054.493039999999
2025-10-18 02:16:37.943,106894.4,0.0001,10.68944
2025-10-18 02:16:38.787,106894.39,0.00171,182.7894069
2025-10-18 02:16:38.931,106894.39,7e-05,7.4826073
2025-10-18 02:16:38.968,106894.4,0.0001,10.68944
2025-10-18 02:16:38.980,106894.4,0.04677,4999.451088
2025-10-18 02:16:39.429,106894.4,0.0007,74.82607999999999
2025-10-18 02:16:39.675,106894.39,0.012,1282.73268
2025-10-18 02:16:39.676,106894.39,0.012,1282.73268
2025-10-18 02:16:39.956,106894.4,0.0001,10.68944
2025-10-18 02:16:40.515,106899.48,0.00015,16.034921999999998
2025-10-18 02:16:40.712,106899.49,0.00055,58.79471950000001
2025-10-18 02:16:40.724,106899.49,0.00958,1024.0971142
2025-10-18 02:16:40.772,106901.56,0.02295,2453.3908020000003
2025-10-18 02:16:40.774,106902.25,6e-05,6.414135
2025-10-18 02:16:41.097,106902.84,0.00034,36.346965600000004
2025-10-18 02:16:41.191,106902.85,0.0001,10.690285000000001
2025-10-18 02:16:41.539,106902.85,9e-05,9.621256500000001
2025-10-18 02:16:41.687,106902.85,0.00093,99.41965050000002
2025-10-18 02:16:41.810,106902.84,0.00024,25.6566816
2025-10-18 02:16:41.947,106902.84,0.02806,2999.6936904
2025-10-18 02:16:41.953,106902.84,0.015,1603.5426
2025-10-18 02:16:41.958,106902.84,0.00023,24.5876532
2025-10-18 02:16:41.964,106902.84,0.00029,31.001823599999998
2025-10-18 02:16:41.970,106902.84,0.00016,17.1044544
2025-10-18 02:16:41.977,106902.84,0.0004,42.761136
2025-10-18 02:16:41.987,106902.84,0.00036,38.4850224
2025-10-18 02:16:41.989,106902.84,0.0035,374.15994
2025-10-18 02:16:41.993,106902.84,0.00016,17.1044544
2025-10-18 02:16:41.999,106902.84,0.00029,31.001823599999998
2025-10-18 02:16:42.005,106902.84,0.00016,17.1044544
2025-10-18 02:16:42.011,106902.84,0.00036,38.4850224
2025-10-18 02:16:42.019,106902.84,0.00036,38.4850224
2025-10-18 02:16:42.110,106902.84,0.00347,370.9528548
2025-10-18 02:16:42.193,106902.84,0.0035,374.15994
2025-10-18 02:16:42.575,106902.85,0.09689,10357.817136500002
2025-10-18 02:16:42.725,106902.85,0.0001,10.690285000000001
2025-10-18 02:16:43.752,106902.85,6e-05,6.4141710000000005
2025-10-18 02:16:45.544,106902.85,0.00093,99.41965050000002
2025-10-18 02:16:45.662,106902.84,0.0001,10.690284
2025-10-18 02:16:46.556,106902.85,0.0021,224.495985
2025-10-18 02:16:47.580,106902.84,0.07974,8524.4324616
2025-10-18 02:16:48.280,106902.84,0.00025,26.72571
2025-10-18 02:16:48.324,106902.85,0.0003,32.070855
2025-10-18 02:16:48.792,106902.85,9e-05,9.621256500000001
2025-10-18 02:16:49.296,106902.84,0.00073,78.03907319999999
2025-10-18 02:16:49.772,106902.84,0.07324,7829.5640016
2025-10-18 02:16:49.817,106902.85,0.00609,651.0383565000001
2025-10-18 02:16:50.251,106902.85,0.03505,3746.9448925
2025-10-18 02:16:50.532,106902.84,0.0017,181.734828
2025-10-18 02:16:51.247,106902.85,0.0075,801.771375
2025-10-18 02:16:51.358,106902.85,0.00099,105.8338215
2025-10-18 02:16:51.621,106902.84,8e-05,8.5522272
2025-10-18 02:16:52.013,106902.84,0.00739,790.0119876
2025-10-18 02:16:52.122,106902.85,0.00048,51.313368000000004
2025-10-18 02:16:52.238,106902.84,0.00193,206.3224812
2025-10-18 02:16:52.531,106902.84,5e-05,5.345142
2025-10-18 02:16:52.575,106902.85,0.07694,8225.105279
2025-10-18 02:16:52.583,106902.84,8e-05,8.5522272
2025-10-18 02:16:52.594,106902.84,8e-05,8.5522272
2025-10-18 02:16:52.679,106902.84,6e-05,6.4141704
2025-10-18 02:16:52.775,106902.84,7e-05,7.483198799999999
2025-10-18 02:16:52.790,106902.84,0.0001,10.690284
2025-10-18 02:16:52.836,106902.84,0.08447,9030.0828948
2025-10-18 02:16:52.879,106902.84,6e-05,6.4141704
2025-10-18 02:16:53.132,106902.85,0.00036,38.485026000000005
2025-10-18 02:16:53.418,106902.85,0.00094,100.488679
2025-10-18 02:16:53.763,106902.85,0.00023,24.5876555
2025-10-18 02:16:54.362,106902.84,0.00012,12.8283408
2025-10-18 02:16:55.527,106902.85,0.00112,119.731192
2025-10-18 02:16:55.629,106902.85,0.00401,428.6804285
2025-10-18 02:16:56.282,106902.85,0.00026,27.794741
2025-10-18 02:16:56.683,106902.85,0.00486,519.547851
2025-10-18 02:16:57.575,106902.84,0.09379,10026.4173636
2025-10-18 02:16:58.786,106902.85,0.00093,99.41965050000002
2025-10-18 02:17:00.320,106902.85,0.00214,228.772099
2025-10-18 02:17:00.479,106902.84,0.02172,2321.9296848
2025-10-18 02:17:00.715,106905.49,5e-05,5.3452745
2025-10-18 02:17:01.086,106906.02,0.00028,29.933685599999997
2025-10-18 02:17:01.136,106906.02,0.00015,16.035902999999998
2025-10-18 02:17:01.162,106906.01,0.00446,476.80080460000005
2025-10-18 02:17:01.673,106906.02,0.027,2886.46254
2025-10-18 02:17:01.684,106907.75,0.0001,10.690775
2025-10-18 02:17:01.919,106908.2,0.00018,19.243476
2025-10-18 02:17:02.224,106908.2,0.01315,1405.84283
2025-10-18 02:17:04.783,106908.21,0.00654,699.1796934
2025-10-18 02:17:05.673,106908.21,0.00069,73.7666649
2025-10-18 02:17:06.557,106908.2,6e-05,6.414492
2025-10-18 02:17:06.618,106908.21,0.00173,184.9512033
2025-10-18 02:17:06.880,106908.21,0.00013,13.8980673
2025-10-18 02:17:06.987,106908.21,0.0038,406.25119800000004
2025-10-18 02:17:07.024,106908.21,0.01,1069.0821
2025-10-18 02:17:07.045,106908.21,0.001,106.90821000000001
2025-10-18 02:17:07.125,106908.21,7e-05,7.4835747
2025-10-18 02:17:07.159,106908.21,0.001,106.90821000000001
2025-10-18 02:17:07.166,106908.21,0.002,213.81642000000002
2025-10-18 02:17:07.507,106908.21,0.013,1389.80673
2025-10-18 02:17:07.583,106908.21,0.07823,8363.4292683
2025-10-18 02:17:07.685,106908.2,0.00191,204.194662
2025-10-18 02:17:07.963,106908.21,0.00047,50.246858700000004
2025-10-18 02:17:09.203,106908.21,0.00014,14.9671494
2025-10-18 02:17:09.506,106908.2,0.00027,28.865213999999998
2025-10-18 02:17:10.118,106908.2,0.00171,182.813022
2025-10-18 02:17:10.312,106908.2,0.00112,119.73718399999998
2025-10-18 02:17:10.383,106908.21,7e-05,7.4835747
2025-10-18 02:17:10.550,106908.21,0.00013,13.8980673
2025-10-18 02:17:10.783,106908.2,0.00038,40.625116
2025-10-18 02:17:11.576,106908.2,7e-05,7.483573999999999
2025-10-18 02:17:11.624,106908.21,0.0006,64.144926
2025-10-18 02:17:12.570,106908.2,0.00012,12.828984
2025-10-18 02:17:12.582,106908.2,0.05416,5790.148112
2025-10-18 02:17:13.243,106908.2,6e-05,6.414492
2025-10-18 02:17:14.523,106908.21,0.00955,1020.9734055
2025-10-18 02:17:15.184,106908.21,0.027,2886.52167
2025-10-18 02:17:16.049,106908.21,0.00049,52.3850229
2025-10-18 02:17:16.373,106908.21,0.00178,190.2966138
2025-10-18 02:17:16.791,106908.2,0.00022,23.519804
2025-10-18 02:17:17.026,106908.2,0.00024,25.657968
2025-10-18 02:17:17.081,106908.21,0.00012,12.828985200000002
2025-10-18 02:17:17.530,106908.21,0.00061,65.2140081
2025-10-18 02:17:17.575,106908.21,0.09425,10076.0987925
2025-10-18 02:17:17.918,106908.2,0.012,1282.8984
2025-10-18 02:17:17.920,106908.2,0.012,1282.8984
2025-10-18 02:17:17.921,106908.2,0.012,1282.8984
2025-10-18 02:17:18.515,106908.2,0.02,2138.1639999999998
2025-10-18 02:17:18.534,106908.21,0.00093,99.4246353
2025-10-18 02:17:18.664,106908.2,7e-05,7.483573999999999
2025-10-18 02:17:18.691,106908.2,0.001,106.9082
2025-10-18 02:17:20.773,106908.21,0.09353,9999.1248813
2025-10-18 02:17:22.575,106908.21,0.07429,7942.2109209
2025-10-18 02:17:23.360,106908.2,0.0019,203.12557999999999
2025-10-18 02:17:23.725,106908.21,0.00049,52.3850229
2025-10-18 02:17:24.169,106908.2,0.00062,66.283084
2025-10-18 02:17:25.655,106908.2,0.00341,364.556962
2025-10-18 02:17:26.085,106908.2,0.00019,20.312558
2025-10-18 02:17:26.449,106908.21,0.00078,83.3884038
2025-10-18 02:17:26.511,106908.2,0.00114,121.87534799999999
2025-10-18 02:17:27.583,106908.2,0.00186,198.849252
2025-10-18 02:17:27.837,106908.21,0.00046,49.1777766
2025-10-18 02:17:28.022,106908.2,0.00013,13.898065999999998
2025-10-18 02:17:29.138,106908.21,0.0018,192.434778
2025-10-18 02:17:29.191,106908.21,0.0187,1999.1835270000004
2025-10-18 02:17:29.348,106908.21,0.00267,285.4449207
2025-10-18 02:17:29.624,106908.2,6e-05,6.414492
2025-10-18 02:17:30.353,106908.2,0.00848,906.5815359999999
2025-10-18 02:17:31.522,106908.2,0.00206,220.230892
2025-10-18 02:17:31.838,106908.21,0.00045,48.1086945
2025-10-18 02:17:31.932,106908.21,0.00011,11.7599031
2025-10-18 02:17:31.935,106908.2,0.0002,21.38164
2025-10-18 02:17:33.014,106908.2,0.05263,5626.578566
2025-10-18 02:17:33.792,106908.2,0.00023,24.588886
2025-10-18 02:17:33.923,106908.21,0.00074,79.11207540000001
2025-10-18 02:17:34.236,106908.2,0.00012,12.828984
2025-10-18 02:17:34.287,106908.2,0.00031,33.141542
2025-10-18 02:17:34.505,106908.2,0.00064,68.421248
2025-10-18 02:17:34.905,106906.01,0.00644,688.4747044000001
2025-10-18 02:17:34.928,106906.01,0.00499,533.4609899
2025-10-18 02:17:34.929,106902.85,0.00025,26.725712500000004
2025-10-18 02:17:35.797,106902.85,0.0002,21.380570000000002
2025-10-18 02:17:36.720,106902.85,8e-05,8.552228000000001
2025-10-18 02:17:37.575,106902.85,0.06365,6804.3664025
2025-10-18 02:17:37.647,106902.84,0.00137,146.4568908
2025-10-18 02:17:38.149,106902.85,0.00025,26.725712500000004
2025-10-18 02:17:38.325,106902.84,0.00073,78.03907319999999
2025-10-18 02:17:38.610,106902.85,0.00481,514.2027085000001
2025-10-18 02:17:39.915,106905.06,0.00015,16.035759
2025-10-18 02:17:39.976,106905.07,0.00451,482.14186570000004
2025-10-18 02:17:39.977,106905.08,0.001,106.90508
2025-10-18 02:17:39.979,106905.08,0.00129,137.9075532
2025-10-18 02:17:39.981,106905.49,0.00045,48.1074705
2025-10-18 02:17:39.983,106907.12,0.00394,421.2140528
2025-10-18 02:17:39.985,106909.05,5e-05,5.3454525
2025-10-18 02:17:39.986,106909.99,6e-05,6.4145994
2025-10-18 02:17:39.988,106910.0,0.04206,4496.6346
2025-10-18 02:17:39.990,106910.0,0.24968,26693.288800000002
2025-10-18 02:17:39.991,106910.07,0.00071,75.9061497
2025-10-18 02:17:39.994,106910.49,0.0035,374.18671500000005
2025-10-18 02:17:39.996,106914.04,5e-05,5.345702
2025-10-18 02:17:39.999,106914.37,0.00236,252.3179132
2025-10-18 02:17:40.090,106914.37,0.027,2886.68799
2025-10-18 02:17:40.565,106914.37,0.00057,60.941190899999995
2025-10-18 02:17:42.170,106914.36,0.00075,80.18577
2025-10-18 02:17:42.575,106914.37,0.07044,7531.0482228
2025-10-18 02:17:42.991,106914.37,0.00155,165.71727349999998
2025-10-18 02:17:43.639,106914.37,0.00074,79.1166338
2025-10-18 02:17:43.923,106914.36,0.16147,17263.4617092
2025-10-18 02:17:43.978,106914.36,5e-05,5.345718000000001
2025-10-18 02:17:44.004,106914.36,0.00024,25.6594464
2025-10-18 02:17:44.154,106914.37,8e-05,8.553149600000001
2025-10-18 02:17:45.332,106914.37,8e-05,8.553149600000001
2025-10-18 02:17:46.318,106914.36,7e-05,7.4840051999999995
2025-10-18 02:17:46.577,106914.36,7e-05,7.4840051999999995
2025-10-18 02:17:47.580,106914.37,0.0765,8178.949304999999
2025-10-18 02:17:48.341,106914.37,0.00428,457.59350359999996
2025-10-18 02:17:51.194,106914.37,0.0084,898.080708
2025-10-18 02:17:51.195,106916.0,0.0028,299.3648
2025-10-18 02:17:51.196,106916.97,0.00015,16.0375455
2025-10-18 02:17:51.197,106918.0,0.0026,277.98679999999996
2025-10-18 02:17:51.204,106918.5,0.00016,17.10696
2025-10-18 02:17:51.261,106920.0,0.00018,19.2456
2025-10-18 02:17:52.843,106920.0,0.01216,1300.1472
2025-10-18 02:17:53.099,106920.0,0.00032,34.214400000000005
2025-10-18 02:17:55.212,106920.0,0.00281,300.4452
2025-10-18 02:17:55.582,106920.0,0.0004,42.768
2025-10-18 02:17:55.997,106919.99,0.0001,10.691999000000001
2025-10-18 02:17:57.577,106920.0,0.06901,7378.5492
2025-10-18 02:17:58.720,106920.0,0.00029,31.006800000000002
2025-10-18 02:17:59.653,106920.0,0.00015,16.038
2025-10-18 02:17:59.872,106920.0,0.18705,19999.386
2025-10-18 02:18:00.082,106919.99,0.00128,136.8575872
2025-10-18 02:18:00.424,106920.0,0.00225,240.57
2025-10-18 02:18:00.890,106920.0,0.00089,95.1588
2025-10-18 02:18:01.037,106920.0,0.0001,10.692
2025-10-18 02:18:01.261,106920.0,0.01095,1170.774
2025-10-18 02:18:02.308,106919.99,0.004,427.67996000000005
2025-10-18 02:18:02.490,106919.99,0.00046,49.1831954
2025-10-18 02:18:02.585,106920.0,0.08124,8686.1808
2025-10-18 02:18:02.940,106920.0,0.00011,11.7612
2025-10-18 02:18:03.848,106920.0,0.0098,1047.816
2025-10-18 02:18:03.991,106920.0,6e-05,6.4152000000000005
2025-10-18 02:18:04.024,106919.99,7e-05,7.4843993
2025-10-18 02:18:05.762,106919.99,0.00038,40.6295962
2025-10-18 02:18:06.031,106920.0,0.00093,99.43560000000001
2025-10-18 02:18:06.185,106919.99,0.24932,26657.2919068
2025-10-18 02:18:06.217,106919.99,0.03266,3492.0068734
2025-10-18 02:18:06.220,106919.99,0.01095,1170.7738905
2025-10-18 02:18:06.241,106919.99,0.00115,122.9579885
2025-10-18 02:18:06.242,106919.99,0.0383,4095.0356170000005
2025-10-18 02:18:06.243,106919.99,0.001,106.91999000000001
2025-10-18 02:18:06.244,106919.99,0.0137,1464.803863
2025-10-18 02:18:06.245,106919.99,0.03588,3836.2892412000006
2025-10-18 02:18:06.247,106919.44,5e-05,5.345972000000001
2025-10-18 02:18:06.251,106916.92,0.00015,16.037537999999998
2025-10-18 02:18:06.293,106916.91,0.00225,240.56304749999998
2025-10-18 02:18:06.458,106915.72,0.00187,199.9323964
2025-10-18 02:18:07.033,106915.72,0.00287,306.84811640000004
2025-10-18 02:18:07.125,106915.72,5e-05,5.345786
2025-10-18 02:18:07.567,106915.73,0.00467,499.29645909999994
2025-10-18 02:18:08.424,106915.73,0.00935,999.6620755
2025-10-18 02:18:09.670,106915.72,7e-05,7.484100399999999
2025-10-18 02:18:09.725,106915.73,0.0017,181.75674099999998
2025-10-18 02:18:09.821,106915.73,0.0028,299.364044
2025-10-18 02:18:10.446,106915.72,0.00937,1001.8002964
2025-10-18 02:18:10.448,106915.72,0.01813,1938.3820036
2025-10-18 02:18:10.666,106915.72,0.0004,42.766288
2025-10-18 02:18:10.667,106915.72,8e-05,8.5532576
2025-10-18 02:18:10.686,106915.73,0.00093,99.4316289
2025-10-18 02:18:10.901,106915.72,0.00935,999.6619820000001
2025-10-18 02:18:12.117,106915.72,0.03409,3644.7568948000003
2025-10-18 02:18:12.356,106915.73,0.00014,14.968202199999999
2025-10-18 02:18:12.927,106915.73,0.00047,50.2503931
2025-10-18 02:18:12.974,106915.72,0.00135,144.33622200000002
2025-10-18 02:18:13.007,106915.73,0.00029,31.005561699999998
2025-10-18 02:18:13.276,106915.72,0.00014,14.968200799999998
2025-10-18 02:18:13.331,106915.73,0.00046,49.181235799999996
2025-10-18 02:18:13.575,106915.73,8e-05,8.5532584
2025-10-18 02:18:13.961,106915.72,0.00012,12.829886400000001
2025-10-18 02:18:14.356,106915.73,0.00982,1049.9124686
2025-10-18 02:18:14.723,106915.72,0.00056,59.87280319999999
2025-10-18 02:18:15.127,106915.72,0.00403,430.8703516
2025-10-18 02:18:15.320,106915.73,0.0002,21.383146
2025-10-18 02:18:15.391,106915.73,0.0008,85.532584
2025-10-18 02:18:15.715,106915.72,0.0013,138.990436
2025-10-18 02:18:15.731,106914.36,0.03236,3459.7486896
2025-10-18 02:18:15.732,106913.85,5e-05,5.3456925
2025-10-18 02:18:15.733,106913.49,0.00015,16.0370235
2025-10-18 02:18:15.734,106913.48,0.0228,2437.627344
2025-10-18 02:18:15.735,106913.48,0.00029,31.0049092
2025-10-18 02:18:15.739,106912.0,0.00016,17.10592
2025-10-18 02:18:15.740,106910.09,0.00015,16.036513499999998
2025-10-18 02:18:15.743,106902.84,0.00865,924.7095659999999
2025-10-18 02:18:15.746,106902.85,0.03153,3370.6468605000005
2025-10-18 02:18:15.750,106902.84,0.012,1282.83408
2025-10-18 02:18:15.753,106902.84,0.012,1282.83408
2025-10-18 02:18:15.788,106902.84,0.00187,199.90831079999998
2025-10-18 02:18:15.825,106902.85,0.00019,20.3115415
2025-10-18 02:18:15.832,106902.84,0.00019,20.3115396
2025-10-18 02:18:15.836,106902.85,0.00059,63.07268150000001
2025-10-18 02:18:15.846,106902.84,0.00026,27.794738399999996
2025-10-18 02:18:15.888,106902.84,0.00722,771.8385048
2025-10-18 02:18:16.576,106902.84,7e-05,7.483198799999999
2025-10-18 02:18:16.786,106902.84,0.012,1282.83408
2025-10-18 02:18:16.788,106902.84,0.012,1282.83408
2025-10-18 02:18:16.789,106902.84,0.012,1282.83408
2025-10-18 02:18:16.799,106902.84,0.03688,3942.5767392000002
2025-10-18 02:18:16.800,106901.21,5e-05,5.345060500000001
2025-10-18 02:18:16.815,106900.59,0.00281,300.3906579
2025-10-18 02:18:16.883,106900.59,0.00986,1054.0398174
2025-10-18 02:18:17.448,106900.59,0.00047,50.243277299999995
2025-10-18 02:18:17.500,106900.59,0.0001,10.690059
2025-10-18 02:18:17.522,106900.59,0.00038,40.6222242
2025-10-18 02:18:17.524,106900.59,8e-05,8.5520472
2025-10-18 02:18:17.548,106900.59,0.00057,60.93333629999999
2025-10-18 02:18:17.690,106900.59,8e-05,8.5520472
2025-10-18 02:18:17.692,106900.59,0.00047,50.243277299999995
2025-10-18 02:18:17.718,106900.59,0.00094,100.48655459999999
2025-10-18 02:18:17.932,106900.59,7e-05,7.483041299999999
2025-10-18 02:18:18.138,106900.59,0.00024,25.6561416
2025-10-18 02:18:18.162,106900.59,0.00047,50.243277299999995
2025-10-18 02:18:18.379,106900.58,0.02867,3064.8396286
2025-10-18 02:18:18.511,106900.59,0.00015,16.035088499999997
2025-10-18 02:18:18.632,106900.58,0.00234,250.14735720000002
2025-10-18 02:18:18.738,106900.59,0.00749,800.6854191
2025-10-18 02:18:19.037,106900.56,0.0002,21.380112
2025-10-18 02:18:19.237,106900.51,0.00122,130.4186222
2025-10-18 02:18:19.310,106900.51,0.00016,17.1040816
2025-10-18 02:18:19.660,106900.52,0.00012,12.8280624
2025-10-18 02:18:19.766,106900.52,0.00056,59.8642912
2025-10-18 02:18:21.034,106900.51,0.06182,6608.589528199999
2025-10-18 02:18:21.035,106900.51,9e-05,9.6210459
2025-10-18 02:18:21.156,106900.52,0.0064,684.1633280000001
2025-10-18 02:18:22.609,106900.51,9e-05,9.6210459
2025-10-18 02:18:22.932,106900.51,0.00056,59.864285599999995
2025-10-18 02:18:23.339,106900.51,0.00015,16.0350765
2025-10-18 02:18:23.408,106900.51,0.00066,70.5543366
2025-10-18 02:18:23.455,106900.51,0.00243,259.76823929999995
2025-10-18 02:18:23.769,106900.52,0.00019,20.311098800000003
2025-10-18 02:18:23.821,106900.51,0.012,1282.80612
2025-10-18 02:18:23.822,106900.51,0.012,1282.80612
2025-10-18 02:18:23.979,106900.52,0.00014,14.9660728
2025-10-18 02:18:24.213,106900.51,0.0003,32.070153
2025-10-18 02:18:24.480,106900.51,0.03977,4251.4332827
2025-10-18 02:18:25.277,106900.52,0.0004,42.760208000000006
2025-10-18 02:18:26.318,106900.52,0.00031,33.139161200000004
2025-10-18 02:18:26.708,106900.52,0.00061,65.2093172
2025-10-18 02:18:27.683,106900.51,0.00093,99.4174743
2025-10-18 02:18:28.054,106900.52,9e-05,9.6210468
2025-10-18 02:18:28.374,106900.51,0.00191,204.17997409999998
2025-10-18 02:18:28.484,106900.52,0.00552,590.0908704
2025-10-18 02:18:28.916,106900.51,0.00118,126.1426018
2025-10-18 02:18:29.489,106900.52,0.0001,10.690052000000001
2025-10-18 02:18:30.323,106900.52,0.00098,104.7625096
2025-10-18 02:18:30.433,106900.52,0.24558,26252.6297016
2025-10-18 02:18:31.140,106900.52,0.001,106.90052
2025-10-18 02:18:33.268,106900.51,6e-05,6.4140306
2025-10-18 02:18:34.200,106900.52,0.00011,11.7590572
2025-10-18 02:18:35.337,106900.51,0.00016,17.1040816
2025-10-18 02:18:35.375,106900.52,0.0068,726.923536
2025-10-18 02:18:35.888,106900.52,0.00058,62.0023016
2025-10-18 02:18:36.389,106900.52,0.00368,393.3939136
2025-10-18 02:18:36.616,106900.52,4e-05,4.2760208
2025-10-18 02:18:37.586,106900.52,0.00467,499.2254284
2025-10-18 02:18:38.356,106900.51,6e-05,6.4140306
2025-10-18 02:18:39.120,106900.52,9e-05,9.6210468
2025-10-18 02:18:39.887,106900.52,0.1,10690.052000000001
2025-10-18 02:18:42.469,106900.51,0.04774,5103.4303474
2025-10-18 02:18:42.762,106900.52,0.00014,14.9660728
2025-10-18 02:18:43.318,106900.51,0.00103,110.1075253
2025-10-18 02:18:43.874,106900.52,0.00022,23.5181144
2025-10-18 02:18:44.160,106900.51,0.00032,34.2081632
2025-10-18 02:18:44.782,106900.51,0.00302,322.8395402
2025-10-18 02:18:45.651,106900.51,0.00121,129.3496171
2025-10-18 02:18:46.105,106900.52,0.00015,16.035078
2025-10-18 02:18:46.576,106900.51,8e-05,8.5520408
2025-10-18 02:18:48.791,106900.51,0.03977,4251.4332827
2025-10-18 02:18:48.895,106900.52,0.0005,53.45026
2025-10-18 02:18:49.222,106900.51,0.00258,275.80331579999995
2025-10-18 02:18:51.732,106900.52,0.00017,18.1730884
2025-10-18 02:18:52.028,106900.52,0.00143,152.8677436
2025-10-18 02:18:52.134,106900.52,0.00039,41.6912028
2025-10-18 02:18:52.210,106900.52,0.00094,100.4864888
2025-10-18 02:18:52.259,106900.51,0.02782,2973.9721882
2025-10-18 02:18:52.376,106900.52,0.00016,17.1040832
2025-10-18 02:18:52.418,106900.51,0.01034,1105.3512734
2025-10-18 02:18:52.619,106900.52,0.00093,99.41748360000001
2025-10-18 02:18:53.248,106900.51,0.0018,192.42091799999997
2025-10-18 02:18:53.732,106900.52,0.00029,31.0011508
2025-10-18 02:18:54.456,106900.51,0.00809,864.8251259
2025-10-18 02:18:54.647,106900.51,0.02898,3097.9767798
2025-10-18 02:18:54.648,106900.51,0.012,1282.80612
2025-10-18 02:18:54.649,106900.51,0.012,1282.80612
2025-10-18 02:18:54.650,106900.51,0.012,1282.80612
2025-10-18 02:18:54.657,106900.51,0.00977,1044.4179826999998
2025-10-18 02:18:54.659,106900.51,0.0074,791.063774
2025-10-18 02:18:54.715,106900.51,0.03826,4090.0135126
2025-10-18 02:18:54.717,106900.5,0.05955,6365.9247749999995
2025-10-18 02:18:54.718,106900.5,0.0003,32.07015
2025-10-18 02:18:54.719,106900.5,0.03519,3761.828595
2025-10-18 02:18:54.720,106900.5,0.0003,32.07015
2025-10-18 02:18:54.721,106900.5,0.02154,2302.63677
2025-10-18 02:18:54.722,106900.5,0.02426,2593.40613
2025-10-18 02:18:54.724,106895.75,6e-05,6.4137450000000005
2025-10-18 02:18:54.750,106893.26,0.00131,140.0301706
2025-10-18 02:18:54.815,106891.93,0.43845,46866.7667085
2025-10-18 02:18:54.894,106891.94,0.00016,17.102710400000003
2025-10-18 02:18:54.933,106891.93,0.00166,177.4406038
2025-10-18 02:18:54.936,106891.91,0.001,106.89191000000001
2025-10-18 02:18:54.937,106891.91,0.001,106.89191000000001
2025-10-18 02:18:54.938,106891.91,0.001,106.89191000000001
2025-10-18 02:18:55.117,106891.91,0.02829,3023.9721339
2025-10-18 02:18:55.182,106891.91,0.00178,190.2675998
2025-10-18 02:18:55.755,106891.92,0.00527,563.3204184
2025-10-18 02:18:56.051,106891.92,0.00093,99.40948560000001
2025-10-18 02:18:56.291,106891.92,6e-05,6.4135152
2025-10-18 02:18:58.065,106891.83,0.0001,10.689183
2025-10-18 02:18:58.071,106891.2,0.00157,167.819184
2025-10-18 02:18:58.074,106887.7,0.0001,10.68877
2025-10-18 02:18:58.078,106886.96,0.012,1282.64352
2025-10-18 02:18:58.177,106883.59,0.00023,24.5832257
2025-10-18 02:18:58.180,106882.89,0.00415,443.5639935
2025-10-18 02:18:58.181,106881.97,0.02808,3001.2457176000003
2025-10-18 02:18:58.184,106877.52,5e-05,5.343876000000001
2025-10-18 02:18:58.357,106874.5,0.00093,99.393285
2025-10-18 02:18:59.081,106874.49,0.00641,685.0654809
2025-10-18 02:18:59.088,106874.5,0.0001,10.68745
2025-10-18 02:18:59.313,106874.49,0.00295,315.2797455
2025-10-18 02:18:59.378,106874.5,0.00025,26.718625
2025-10-18 02:18:59.618,106874.49,0.012,1282.49388
2025-10-18 02:18:59.620,106874.49,0.012,1282.49388
2025-10-18 02:18:59.940,106874.5,0.0001,10.68745
2025-10-18 02:19:00.448,106874.49,9e-05,9.6187041
2025-10-18 02:19:01.032,106874.49,7e-05,7.4812142999999995
2025-10-18 02:19:01.146,106874.5,0.0001,10.68745
2025-10-18 02:19:01.167,106874.5,0.00019,20.306155
2025-10-18 02:19:01.292,106874.5,0.001,106.8745
2025-10-18 02:19:01.337,106874.49,0.02867,3064.0916283
2025-10-18 02:19:01.768,106874.5,0.0014,149.6243
2025-10-18 02:19:01.871,106874.49,0.00327,349.4795823
2025-10-18 02:19:01.993,106874.5,0.0001,10.68745
2025-10-18 02:19:02.051,106874.5,4e-05,4.27498
2025-10-18 02:19:03.130,106874.49,0.00437,467.0415213
2025-10-18 02:19:03.153,106874.5,0.06063,6479.800935
2025-10-18 02:19:03.229,106874.5,0.0001,10.68745
2025-10-18 02:19:03.314,106874.61,0.0001,10.687461
2025-10-18 02:19:03.317,106875.66,0.00015,16.031349
2025-10-18 02:19:03.323,106875.67,0.0018,192.376206
2025-10-18 02:19:03.347,106878.34,0.00125,133.597925
2025-10-18 02:19:03.350,106878.35,0.0008,85.50268000000001
2025-10-18 02:19:03.354,106878.36,0.0019,203.068884
2025-10-18 02:19:03.382,106884.58,0.01419,1516.6921902
2025-10-18 02:19:03.575,106884.58,0.00019,20.308070200000003
2025-10-18 02:19:03.663,106884.57,9e-05,9.6196113
2025-10-18 02:19:03.686,106884.57,0.00019,20.308068300000002
2025-10-18 02:19:03.748,106884.58,0.00416,444.63985279999997
2025-10-18 02:19:03.997,106884.57,0.00059,63.06189630000001
2025-10-18 02:19:04.333,106884.58,0.00394,421.1252452
2025-10-18 02:19:04.376,106884.57,0.00133,142.15647810000002
2025-10-18 02:19:04.740,106884.58,0.00073,78.0257434
2025-10-18 02:19:05.863,106884.57,0.00033,35.271908100000005
2025-10-18 02:19:06.102,106884.57,0.0001,10.688457000000001
2025-10-18 02:19:06.840,106884.57,0.00099,105.8157243
2025-10-18 02:19:07.225,106884.57,0.00039,41.6849823
2025-10-18 02:19:07.382,106884.57,0.03187,3406.4112459000003
2025-10-18 02:19:09.990,106884.58,0.00093,99.4026594
2025-10-18 02:19:10.696,106884.58,0.00026,27.789990799999998
2025-10-18 02:19:10.771,106884.57,0.00028,29.927679599999998
2025-10-18 02:19:11.077,106884.57,0.00344,367.68292080000003
2025-10-18 02:19:11.117,106884.58,0.00102,109.02227160000001
2025-10-18 02:19:11.331,106884.57,0.00081,86.5765017
2025-10-18 02:19:11.362,106884.58,0.00019,20.308070200000003
2025-10-18 02:19:11.576,106884.57,8e-05,8.550765600000002
2025-10-18 02:19:12.295,106884.58,0.00207,221.2510806
2025-10-18 02:19:13.297,106885.68,0.01985,2121.6807479999998
2025-10-18 02:19:13.303,106885.68,0.00161,172.0859448
2025-10-18 02:19:13.330,106885.69,0.00259,276.8339371
2025-10-18 02:19:13.362,106885.98,0.0002,21.377196
2025-10-18 02:19:13.365,106885.99,0.00186,198.80794140000003
2025-10-18 02:19:13.368,106885.99,0.0007,74.820193
2025-10-18 02:19:13.370,106885.99,0.00029,30.9969371
2025-10-18 02:19:13.372,106885.99,6e-05,6.4131594000000005
2025-10-18 02:19:13.504,106886.0,0.00378,404.02908
2025-10-18 02:19:13.671,106885.99,0.03282,3507.9981918000003
2025-10-18 02:19:14.419,106886.0,0.00011,11.75746
2025-10-18 02:19:14.484,106885.99,0.00101,107.95484990000001
2025-10-18 02:19:14.510,106886.0,0.00084,89.78424
2025-10-18 02:19:14.751,106886.0,5e-05,5.3443000000000005
2025-10-18 02:19:15.402,106886.0,0.00011,11.75746
2025-10-18 02:19:16.643,106886.0,0.00011,11.75746
2025-10-18 02:19:16.786,106886.0,9e-05,9.61974
2025-10-18 02:19:17.186,106885.99,0.012,1282.6318800000001
2025-10-18 02:19:17.188,106885.9,0.0011,117.57449
2025-10-18 02:19:17.190,106885.16,0.00015,16.032774
2025-10-18 02:19:17.194,106885.15,0.00225,240.49158749999998
2025-10-18 02:19:17.195,106884.57,0.00035,37.4095995
2025-10-18 02:19:17.197,106884.57,0.03733,3990.0009981000003
2025-10-18 02:19:17.208,106881.62,0.00015,16.032242999999998
2025-10-18 02:19:17.378,106881.62,0.00011,11.7569782
2025-10-18 02:19:18.319,106881.61,0.00036,38.477379600000006
2025-10-18 02:19:19.451,106881.61,0.03338,3567.7081418
2025-10-18 02:19:19.932,106881.62,7e-05,7.481713399999999
2025-10-18 02:19:20.113,106881.61,1.0,106881.61
2025-10-18 02:19:20.117,106881.62,0.00018,19.2386916
2025-10-18 02:19:20.210,106881.61,0.00011,11.7569771
2025-10-18 02:19:20.346,106881.62,0.00014,14.963426799999999
2025-10-18 02:19:20.862,106881.61,0.00055,58.7848855
2025-10-18 02:19:21.463,106881.62,0.03258,3482.2031795999997
2025-10-18 02:19:21.648,106881.62,0.00251,268.2728662
2025-10-18 02:19:22.592,106881.62,0.00078,83.3676636
2025-10-18 02:19:24.135,106881.61,0.03,3206.4483
2025-10-18 02:19:24.961,106881.61,0.10291,10999.186485100001
2025-10-18 02:19:24.962,106881.54,0.0001,10.688153999999999
2025-10-18 02:19:24.963,106880.0,5e-05,5.344
2025-10-18 02:19:24.965,106879.78,5e-05,5.3439890000000005
2025-10-18 02:19:24.967,106879.78,0.0015,160.31967
2025-10-18 02:19:24.968,106876.56,0.00846,904.1756976
2025-10-18 02:19:24.973,106876.57,0.00046,49.16322220000001
2025-10-18 02:19:24.975,106873.51,0.00107,114.3546557
2025-10-18 02:19:24.976,106872.68,0.00015,16.030901999999998
2025-10-18 02:19:24.978,106870.93,0.00664,709.6229751999999
2025-10-18 02:19:24.998,106870.47,0.00187,199.84777889999998
2025-10-18 02:19:25.090,106870.47,0.00026,27.786322199999997
2025-10-18 02:19:25.100,106870.47,0.00722,771.6047934
2025-10-18 02:19:25.525,106870.47,0.03338,3567.3362886
2025-10-18 02:19:25.591,106870.48,0.00061,65.19099279999999
2025-10-18 02:19:25.844,106870.48,0.0014,149.618672
2025-10-18 02:19:26.668,106870.48,7e-05,7.480933599999999
2025-10-18 02:19:26.766,106870.48,0.00194,207.3287312
2025-10-18 02:19:26.905,106870.47,1.0,106870.47
2025-10-18 02:19:29.003,106870.47,0.00264,282.1380408
2025-10-18 02:19:29.301,106870.47,0.00422,450.99338339999997
2025-10-18 02:19:29.461,106870.48,0.00454,485.19197919999993
2025-10-18 02:19:29.591,106870.47,0.00069,73.7406243
2025-10-18 02:19:29.774,106870.48,0.00274,292.82511519999997
2025-10-18 02:19:30.160,106870.48,0.00027,28.855029599999998
2025-10-18 02:19:31.400,106870.47,0.00936,1000.3075992
2025-10-18 02:19:31.455,106870.47,0.00026,27.786322199999997
2025-10-18 02:19:31.521,106870.47,0.03338,3567.3362886
2025-10-18 02:19:31.599,106870.48,0.00012,12.8244576
2025-10-18 02:19:32.902,106870.47,1.0,106870.47
2025-10-18 02:19:33.741,106870.47,0.40164,42923.4555708
2025-10-18 02:19:33.844,106870.48,0.0001,10.687048
2025-10-18 02:19:34.024,106870.48,0.00116,123.9697568
2025-10-18 02:19:34.779,106870.48,0.00467,499.08514159999993
2025-10-18 02:19:34.817,106870.47,8e-05,8.5496376
2025-10-18 02:19:34.927,106870.48,0.00093,99.3895464
2025-10-18 02:19:35.188,106870.48,0.00047,50.229125599999996
2025-10-18 02:19:35.826,106870.47,0.00884,944.7349548000001
2025-10-18 02:19:36.154,106870.47,0.00052,55.572644399999994
2025-10-18 02:19:36.194,106870.47,0.03923,4192.5285381
2025-10-18 02:19:36.464,106870.48,5e-05,5.343524
2025-10-18 02:19:36.556,106870.48,9e-05,9.6183432
2025-10-18 02:19:37.660,106870.47,0.03338,3567.3362886
2025-10-18 02:19:37.919,106870.47,0.0001,10.687047
2025-10-18 02:19:38.665,106870.48,0.00017,18.1679816
2025-10-18 02:19:38.913,106870.47,0.00072,76.9467384
2025-10-18 02:19:39.048,106866.0,0.00215,229.7619
2025-10-18 02:19:39.051,106862.27,6e-05,6.4117362
2025-10-18 02:19:39.720,106862.28,0.00044,47.0194032
2025-10-18 02:19:40.022,106862.27,0.00014,14.9607178
2025-10-18 02:19:40.066,106862.28,4e-05,4.2744912
2025-10-18 02:19:40.790,106862.28,0.00543,580.2621804
2025-10-18 02:19:40.917,106862.28,0.00028,29.921438399999996
2025-10-18 02:19:41.015,106862.28,0.03743,3999.8551403999995
2025-10-18 02:19:42.433,106862.28,0.00023,24.5783244
2025-10-18 02:19:42.816,106862.28,0.003,320.58684
2025-10-18 02:19:42.836,106862.27,0.00294,314.1750738
2025-10-18 02:19:43.181,106862.27,0.0001,10.686227
2025-10-18 02:19:43.485,106862.27,0.00894,955.3486938000001
2025-10-18 02:19:44.185,106862.27,0.03338,3567.0625726000003
2025-10-18 02:19:44.521,106862.27,1.0,106862.27
2025-10-18 02:19:45.663,106862.28,0.00053,56.6370084
2025-10-18 02:19:45.752,106862.27,0.04746,5071.6833342
2025-10-18 02:19:45.817,106862.28,0.00025,26.71557
2025-10-18 02:19:45.962,106862.28,0.00087,92.9701836
2025-10-18 02:19:46.576,106862.27,9e-05,9.617604300000002
2025-10-18 02:19:47.291,106862.27,0.00096,102.5877792
2025-10-18 02:19:47.522,106862.28,0.00468,500.1154704
2025-10-18 02:19:47.539,106862.27,0.00015,16.0293405
2025-10-18 02:19:48.632,106862.28,0.00484,517.2134351999999
2025-10-18 02:19:48.738,106862.28,0.00025,26.71557
2025-10-18 02:19:48.740,106862.27,0.00011,11.754849700000001
2025-10-18 02:19:49.564,106862.28,6e-05,6.4117368
2025-10-18 02:19:49.941,106862.27,1.0,106862.27
2025-10-18 02:19:49.956,106862.28,0.00025,26.71557
2025-10-18 02:19:50.586,106862.28,0.00035,37.401798
2025-10-18 02:19:51.625,106862.28,0.00026,27.784192799999996
2025-10-18 02:19:52.097,106862.28,0.00028,29.921438399999996
2025-10-18 02:19:52.141,106862.28,0.00018,19.2352104
2025-10-18 02:19:52.536,106862.28,0.00025,26.71557
2025-10-18 02:19:52.587,106862.28,0.00011,11.7548508
2025-10-18 02:19:52.720,106862.27,5e-05,5.3431135
2025-10-18 02:19:52.815,106862.28,0.00028,29.921438399999996
2025-10-18 02:19:53.054,106862.27,8e-05,8.548981600000001
2025-10-18 02:19:53.174,106862.28,0.02571,2747.4292188
2025-10-18 02:19:54.125,106862.28,9e-05,9.6176052
2025-10-18 02:19:54.213,106862.28,0.03741,3997.7178947999996
2025-10-18 02:19:54.215,106869.56,0.00015,16.030434
2025-10-18 02:19:54.254,106869.57,0.027,2885.47839
2025-10-18 02:19:55.114,106869.56,0.005,534.3478
2025-10-18 02:19:55.411,106869.57,0.02437,2604.4114209
2025-10-18 02:19:55.562,106869.59,0.0001,10.686959
2025-10-18 02:19:55.563,106869.58,5e-05,5.343479
2025-10-18 02:19:55.565,106869.7,0.0012,128.24364
2025-10-18 02:19:55.567,106869.7,0.0008,85.49576
2025-10-18 02:19:55.570,106869.7,5e-05,5.343485
2025-10-18 02:19:55.593,106870.47,0.00015,16.0305705
2025-10-18 02:19:55.611,106877.03,0.00048,51.3009744
2025-10-18 02:19:55.629,106877.02,1.0,106877.02
2025-10-18 02:19:56.416,106877.02,0.03338,3567.5549276
2025-10-18 02:19:57.425,106877.03,8e-05,8.550162400000001
2025-10-18 02:19:57.719,106877.03,0.00064,68.40129920000001
2025-10-18 02:19:58.033,106877.02,9e-05,9.6189318
2025-10-18 02:19:58.587,106877.03,0.00019,20.3066357
2025-10-18 02:19:59.283,106877.03,0.00021,22.444176300000002
2025-10-18 02:19:59.821,106881.62,0.01809,1933.4885057999998
2025-10-18 02:19:59.824,106881.62,0.01306,1395.8739572
2025-10-18 02:19:59.961,106881.62,0.00118,126.1203116
2025-10-18 02:20:00.581,106881.61,0.00047,50.2343567
2025-10-18 02:20:01.047,106881.62,0.00025,26.720405
2025-10-18 02:20:01.079,106881.62,0.04678,4999.9221836
2025-10-18 02:20:01.279,106881.62,0.00011,11.7569782
2025-10-18 02:20:01.884,106881.62,0.00032,34.2021184
2025-10-18 02:20:01.939,106881.61,0.02701,2886.8722861
2025-10-18 02:20:01.941,106881.59,0.0002,21.376318
2025-10-18 02:20:01.953,106877.04,0.00015,16.031556
2025-10-18 02:20:01.957,106877.03,0.00255,272.5364265
2025-10-18 02:20:02.016,106873.74,0.0001,10.687374
2025-10-18 02:20:02.062,106872.81,0.00883,943.6869122999999
2025-10-18 02:20:02.215,106866.34,0.00015,16.029950999999997
2025-10-18 02:20:02.392,106866.33,0.00487,520.4390271
2025-10-18 02:20:02.448,106866.34,0.00467,499.06580779999996
2025-10-18 02:20:03.309,106864.25,0.0001,10.686425
2025-10-18 02:20:03.789,106862.64,0.00411,439.2054504
2025-10-18 02:20:04.143,106862.64,9e-05,9.6176376
2025-10-18 02:20:05.972,106862.65,0.00169,180.5978785
2025-10-18 02:20:06.190,106862.65,0.0001,10.686265
2025-10-18 02:20:06.351,106862.65,0.00069,73.73522849999999
2025-10-18 02:20:07.469,106862.65,0.00014,14.960770999999998
2025-10-18 02:20:07.592,106862.65,6e-05,6.411759
2025-10-18 02:20:09.129,106862.64,0.00496,530.0386943999999
2025-10-18 02:20:09.832,106862.65,0.00079,84.4214935
2025-10-18 02:20:10.497,106862.64,0.00082,87.6273648
2025-10-18 02:20:11.080,106862.64,0.00479,511.8720456
2025-10-18 02:20:11.408,106862.64,0.00149,159.2253336
2025-10-18 02:20:11.409,106862.63,0.00719,768.3423097000001
2025-10-18 02:20:11.415,106862.29,0.0017,181.66589299999998
2025-10-18 02:20:11.417,106862.28,0.00667,712.7714076
2025-10-18 02:20:11.418,106862.27,0.012,1282.34724
2025-10-18 02:20:12.419,106862.28,0.0001,10.686228
2025-10-18 02:20:12.666,106862.27,0.00093,99.38191110000001
2025-10-18 02:20:12.984,106862.28,0.00015,16.029342
2025-10-18 02:20:13.289,106862.28,5e-05,5.343114
2025-10-18 02:20:13.326,106862.28,7e-05,7.480359599999999
2025-10-18 02:20:13.725,106862.27,0.012,1282.34724
2025-10-18 02:20:13.728,106862.27,0.012,1282.34724
2025-10-18 02:20:14.003,106862.28,0.00474,506.5272072
2025-10-18 02:20:14.059,106862.27,0.012,1282.34724
2025-10-18 02:20:14.087,106862.27,0.0329,3515.768683
2025-10-18 02:20:15.164,106862.27,0.036,3847.0417199999997
2025-10-18 02:20:16.575,106862.27,8e-05,8.548981600000001
2025-10-18 02:20:17.701,106862.27,0.012,1282.34724
2025-10-18 02:20:17.702,106862.27,0.012,1282.34724
2025-10-18 02:20:17.703,106862.27,0.012,1282.34724
2025-10-18 02:20:17.762,106862.27,0.13681,14619.8271587
2025-10-18 02:20:17.763,106862.27,0.13301,14213.7505327
2025-10-18 02:20:17.794,106862.27,0.10759,11497.3116293
2025-10-18 02:20:18.627,106862.27,0.012,1282.34724
2025-10-18 02:20:18.628,106862.27,0.012,1282.34724
2025-10-18 02:20:18.629,106862.27,0.012,1282.34724
2025-10-18 02:20:18.653,106862.28,0.0004,42.744912
2025-10-18 02:20:18.902,106862.27,0.0004,42.744908
2025-10-18 02:20:19.012,106862.27,7e-05,7.4803589
2025-10-18 02:20:19.020,106862.27,0.00028,29.9214356
2025-10-18 02:20:19.224,106862.28,0.00093,99.3819204
2025-10-18 02:20:19.345,106862.27,0.00389,415.6942303
2025-10-18 02:20:19.587,106862.28,0.0076,812.153328
2025-10-18 02:20:19.706,106862.28,0.01299,1388.1410171999999
2025-10-18 02:20:19.898,106862.27,0.00114,121.82298779999999
2025-10-18 02:20:19.918,106862.27,0.00822,878.4078594
2025-10-18 02:20:20.038,106862.27,0.12504,13362.058240800001
2025-10-18 02:20:20.039,106862.27,0.12504,13362.058240800001
2025-10-18 02:20:20.040,106862.27,0.12044,12870.491798800002
2025-10-18 02:20:20.041,106862.27,0.01646,1758.9529642
2025-10-18 02:20:20.042,106862.0,0.0023,245.7826
2025-10-18 02:20:20.043,106860.0,0.00125,133.575
2025-10-18 02:20:20.046,106860.0,0.00135,144.261
2025-10-18 02:20:20.047,106860.0,0.00081,86.55659999999999
2025-10-18 02:20:20.049,106858.76,0.00015,16.028813999999997
2025-10-18 02:20:20.050,106856.42,0.0003,32.056926
2025-10-18 02:20:20.054,106856.22,0.0006,64.113732
2025-10-18 02:20:20.101,106856.01,0.00157,167.7639357
2025-10-18 02:20:20.103,106856.0,0.00315,336.5964
2025-10-18 02:20:20.105,106855.61,0.00075,80.1417075
2025-10-18 02:20:20.107,106851.96,0.00754,805.6637784000001
2025-10-18 02:20:20.109,106851.96,0.0001,10.685196000000001
2025-10-18 02:20:20.111,106850.25,6e-05,6.411015
2025-10-18 02:20:20.112,106849.92,0.00015,16.027487999999998
2025-10-18 02:20:20.114,106848.57,0.02859,3054.8006163000005
2025-10-18 02:20:20.216,106847.51,0.0001,10.684751
2025-10-18 02:20:20.317,106847.04,0.012,1282.16448
2025-10-18 02:20:20.318,106847.04,0.012,1282.16448
2025-10-18 02:20:20.321,106847.04,0.012,1282.16448
2025-10-18 02:20:20.632,106847.05,0.00084,89.75152200000001
2025-10-18 02:20:21.099,106847.05,0.00125,133.55881250000002
2025-10-18 02:20:21.219,106847.04,0.02988,3192.5895551999997
2025-10-18 02:20:22.801,106847.04,0.012,1282.16448
2025-10-18 02:20:22.803,106847.04,0.012,1282.16448
2025-10-18 02:20:22.804,106847.04,0.012,1282.16448
2025-10-18 02:20:24.799,106847.04,0.00012,12.8216448
2025-10-18 02:20:25.628,106847.05,0.00151,161.3390455
2025-10-18 02:20:26.038,106847.05,0.00146,155.996693
2025-10-18 02:20:27.786,106847.05,8e-05,8.547764
2025-10-18 02:20:27.883,106847.05,0.0001,10.684705000000001
2025-10-18 02:20:27.933,106847.05,7e-05,7.4792935
2025-10-18 02:20:28.032,106847.04,0.00013,13.890115199999999
2025-10-18 02:20:28.210,106847.05,0.0001,10.684705000000001
2025-10-18 02:20:28.340,106847.05,0.00047,50.2181135
2025-10-18 02:20:29.020,106847.05,0.00094,100.436227
2025-10-18 02:20:29.085,106847.05,0.0001,10.684705000000001
2025-10-18 02:20:29.170,106847.05,0.00022,23.506351000000002
2025-10-18 02:20:29.275,106847.05,0.00047,50.2181135
2025-10-18 02:20:29.517,106847.05,0.0001,10.684705000000001
2025-10-18 02:20:29.518,106847.05,7e-05,7.4792935
2025-10-18 02:20:29.581,106847.05,0.00022,23.506351000000002
2025-10-18 02:20:29.683,106847.05,0.00024,25.643292000000002
2025-10-18 02:20:31.283,106847.04,0.0001,10.684704
2025-10-18 02:20:31.572,106847.05,0.00103,110.0524615
2025-10-18 02:20:31.788,106847.04,0.23738,25363.3503552
2025-10-18 02:20:31.842,106847.04,5e-05,5.342352
2025-10-18 02:20:32.333,106847.04,0.00527,563.0839008
2025-10-18 02:20:33.401,106847.05,0.01783,1905.0829015
2025-10-18 02:20:33.568,106847.04,0.02771,2960.7314783999996
2025-10-18 02:20:33.919,106847.05,0.0001,10.684705000000001
2025-10-18 02:20:33.924,106847.05,0.00057,60.9028185
2025-10-18 02:20:33.932,106847.05,0.00094,100.436227
2025-10-18 02:20:34.823,106847.04,0.00093,99.3677472
2025-10-18 02:20:36.238,106847.05,8e-05,8.547764
2025-10-18 02:20:36.560,106847.05,0.0007,74.792935
2025-10-18 02:20:37.359,106847.05,6e-05,6.410823000000001
2025-10-18 02:20:38.543,106847.04,0.00041,43.807286399999995
2025-10-18 02:20:38.573,106847.05,7e-05,7.4792935
2025-10-18 02:20:40.763,106847.05,0.00029,30.9856445
2025-10-18 02:20:41.351,106847.05,0.00093,99.36775650000001
2025-10-18 02:20:41.441,106847.04,0.29805,31845.760271999996
2025-10-18 02:20:41.923,106847.05,0.00047,50.2181135
2025-10-18 02:20:42.377,106847.05,0.00467,498.97572349999996
2025-10-18 02:20:42.615,106847.05,0.00078,83.340699
2025-10-18 02:20:42.672,106847.05,0.0014,149.58587
2025-10-18 02:20:43.584,106847.04,8e-05,8.5477632
2025-10-18 02:20:43.872,106847.04,0.00042,44.8757568
2025-10-18 02:20:43.888,106847.05,0.00409,437.0044345
2025-10-18 02:20:44.370,106847.05,0.01506,1609.116573
2025-10-18 02:20:44.969,106847.05,0.0072,769.29876
2025-10-18 02:20:45.143,106847.04,8e-05,8.5477632
2025-10-18 02:20:45.218,106847.05,0.00024,25.643292000000002
2025-10-18 02:20:45.585,106847.04,0.02009,2146.5570336
2025-10-18 02:20:45.666,106847.05,0.00171,182.70845549999999
2025-10-18 02:20:45.721,106847.05,8e-05,8.547764
2025-10-18 02:20:46.317,106847.04,0.00018,19.2324672
2025-10-18 02:20:46.357,106847.04,9e-05,9.6162336
2025-10-18 02:20:46.579,106847.04,8e-05,8.5477632
2025-10-18 02:20:46.633,106847.04,0.00016,17.0955264
2025-10-18 02:20:46.762,106847.05,0.00015,16.027057499999998
2025-10-18 02:20:47.327,106847.04,0.11859,12670.990473599999
2025-10-18 02:20:47.566,106847.04,8e-05,8.5477632
2025-10-18 02:20:47.853,106847.05,0.01688,1803.578204
2025-10-18 02:20:48.072,106847.04,8e-05,8.5477632
2025-10-18 02:20:49.500,106847.04,9e-05,9.6162336
2025-10-18 02:20:50.262,106847.04,0.00376,401.74487039999997
2025-10-18 02:20:50.387,106847.04,9e-05,9.6162336
2025-10-18 02:20:51.136,106847.04,9e-05,9.6162336
2025-10-18 02:20:51.404,106847.04,9e-05,9.6162336
2025-10-18 02:20:51.512,106847.04,9e-05,9.6162336
2025-10-18 02:20:51.548,106847.04,9e-05,9.6162336
2025-10-18 02:20:51.574,106847.04,0.0001,10.684704
2025-10-18 02:20:52.859,106847.05,0.01,1068.4705000000001
2025-10-18 02:20:53.214,106847.04,0.03375,3606.0876
2025-10-18 02:20:54.082,106847.05,0.00544,581.247952
2025-10-18 02:20:55.967,106847.05,6e-05,6.410823000000001
2025-10-18 02:20:56.340,106847.04,9e-05,9.6162336
2025-10-18 02:20:56.848,106847.05,0.00046,49.149643000000005
2025-10-18 02:20:57.118,106847.04,0.00792,846.2285568
2025-10-18 02:20:57.349,106847.04,0.02029,2167.9264415999996
2025-10-18 02:20:57.372,106847.04,0.045,4808.1168
2025-10-18 02:20:58.520,106847.04,0.00019,20.3009376
2025-10-18 02:20:58.895,106847.05,0.0028,299.17174
2025-10-18 02:20:58.998,106847.04,0.012,1282.16448
2025-10-18 02:20:59.000,106847.04,0.012,1282.16448
2025-10-18 02:20:59.001,106847.04,0.20446,21845.9457984
2025-10-18 02:20:59.004,106847.04,0.03289,3514.1991456
2025-10-18 02:20:59.005,106847.04,0.00026,27.780230399999997
2025-10-18 02:20:59.006,106847.04,0.01335,1426.407984
2025-10-18 02:20:59.007,106847.04,0.00026,27.780230399999997
2025-10-18 02:20:59.008,106847.04,0.04741,5065.6181664
2025-10-18 02:20:59.009,106847.04,0.00981,1048.1694624
2025-10-18 02:20:59.010,106847.04,0.07954,8498.6135616
2025-10-18 02:20:59.011,106847.04,0.00026,27.780230399999997
2025-10-18 02:20:59.012,106847.04,0.12308,13150.733683199998
2025-10-18 02:20:59.013,106847.04,0.00026,27.780230399999997
2025-10-18 02:20:59.014,106847.04,0.00026,27.780230399999997
2025-10-18 02:20:59.015,106847.04,0.02635,2815.4195039999995
2025-10-18 02:20:59.016,106847.04,0.00024,25.6432896
2025-10-18 02:20:59.017,106847.03,0.00026,27.7802278
2025-10-18 02:20:59.018,106847.03,0.02532,2705.3667996
2025-10-18 02:20:59.019,106847.03,0.02665,2847.4733495
2025-10-18 02:20:59.020,106847.03,0.00026,27.7802278
2025-10-18 02:20:59.021,106847.03,0.04416,4718.364844799999
2025-10-18 02:20:59.022,106847.03,0.02626,2805.8030077999997
2025-10-18 02:20:59.023,106847.03,0.02286,2442.5231058
2025-10-18 02:20:59.024,106847.03,0.0193,2062.147679
2025-10-18 02:20:59.027,106844.85,0.00288,307.71316800000005
2025-10-18 02:20:59.029,106844.85,0.00055,58.76466750000001
2025-10-18 02:20:59.031,106842.9,0.0001,10.68429
2025-10-18 02:20:59.032,106842.87,0.00015,16.026430499999996
2025-10-18 02:20:59.034,106841.36,6e-05,6.4104816
2025-10-18 02:20:59.035,106842.29,0.00055,58.7632595
2025-10-18 02:20:59.036,106842.29,0.00015,16.0263435
2025-10-18 02:20:59.037,106840.95,0.00023,24.5734185
2025-10-18 02:20:59.121,106840.95,0.00187,199.7925765
2025-10-18 02:20:59.155,106840.95,0.00218,232.913271
2025-10-18 02:20:59.294,106840.94,9e-05,9.615684600000002
2025-10-18 02:20:59.418,106840.94,0.00025,26.710235
2025-10-18 02:20:59.482,106840.94,0.00911,973.3209634
2025-10-18 02:20:59.572,106840.92,0.0002,21.368184
2025-10-18 02:20:59.801,106840.63,9e-05,9.6156567
2025-10-18 02:21:00.738,106840.63,0.00527,563.0501201000001
2025-10-18 02:21:00.915,106840.63,0.11161,11924.4827143
2025-10-18 02:21:01.108,106840.64,0.0001,10.684064000000001
2025-10-18 02:21:02.531,106840.63,6e-05,6.4104378
2025-10-18 02:21:02.556,106840.64,0.00093,99.3617952
2025-10-18 02:21:02.601,106840.63,0.00294,314.11145220000003
2025-10-18 02:21:03.332,106840.63,0.00013,13.889281899999999
2025-10-18 02:21:03.404,106840.63,0.01708,1824.8379604000002
2025-10-18 02:21:03.411,106840.64,0.00013,13.8892832
2025-10-18 02:21:03.974,106840.63,0.00044,47.009877200000005
2025-10-18 02:21:04.420,106840.63,0.00573,612.1968099000001
2025-10-18 02:21:04.987,106840.64,0.00012,12.8208768
2025-10-18 02:21:05.058,106840.63,0.00467,498.94574209999996
2025-10-18 02:21:05.243,106840.64,0.00063,67.3096032
2025-10-18 02:21:05.633,106840.64,0.0001,10.684064000000001
2025-10-18 02:21:06.924,106840.63,9e-05,9.6156567
2025-10-18 02:21:07.484,106840.64,0.00417,445.5254688
2025-10-18 02:21:08.002,106840.64,0.0028,299.153792
2025-10-18 02:21:08.567,106840.63,0.00265,283.1276695
2025-10-18 02:21:08.569,106840.2,0.00015,16.02603
2025-10-18 02:21:08.597,106840.0,6e-05,6.4104
2025-10-18 02:21:08.748,106840.0,0.00213,227.5692
2025-10-18 02:21:09.835,106840.0,0.01708,1824.8272000000002
2025-10-18 02:21:09.867,106840.01,0.00016,17.0944016
2025-10-18 02:21:12.905,106840.01,0.03394,3626.1499393999998
2025-10-18 02:21:13.103,106840.01,0.00034,36.3256034
2025-10-18 02:21:14.025,106840.0,0.0003,32.052
2025-10-18 02:21:14.435,106840.01,0.00094,100.42960939999999
2025-10-18 02:21:14.523,106840.0,0.00502,536.3368
2025-10-18 02:21:14.988,106839.99,8e-05,8.547199200000001
2025-10-18 02:21:14.990,106839.99,0.002,213.67998000000003
2025-10-18 02:21:15.263,106839.98,9e-05,9.6155982
2025-10-18 02:21:15.601,106839.98,9e-05,9.6155982
2025-10-18 02:21:15.743,106839.73,0.01269,1355.7961736999998
2025-10-18 02:21:15.820,106839.73,0.00023,24.5731379
2025-10-18 02:21:16.260,106839.73,9e-05,9.6155757
2025-10-18 02:21:16.306,106839.73,9e-05,9.6155757
2025-10-18 02:21:16.315,106839.74,0.11505,12291.912087
2025-10-18 02:21:16.491,106839.73,0.0008,85.471784
2025-10-18 02:21:16.724,106839.73,0.0001,10.683973
2025-10-18 02:21:17.290,106839.74,0.00093,99.36095820000001
2025-10-18 02:21:17.539,106839.74,5e-05,5.3419870000000005
2025-10-18 02:21:17.821,106839.74,0.00057,60.8986518
2025-10-18 02:21:17.977,106839.74,0.00017,18.162755800000003
2025-10-18 02:21:18.011,106839.74,9e-05,9.6155766
2025-10-18 02:21:18.086,106839.73,8e-05,8.5471784
2025-10-18 02:21:18.132,106839.74,0.10464,11179.7103936
2025-10-18 02:21:18.357,106839.73,9e-05,9.6155757
2025-10-18 02:21:19.291,106839.73,9e-05,9.6155757
2025-10-18 02:21:19.722,106839.73,9e-05,9.6155757
2025-10-18 02:21:19.835,106839.73,9e-05,9.6155757
2025-10-18 02:21:20.015,106839.73,8e-05,8.5471784
2025-10-18 02:21:20.184,106839.73,9e-05,9.6155757
2025-10-18 02:21:20.552,106839.73,8e-05,8.5471784
2025-10-18 02:21:21.179,106839.73,0.0001,10.683973
2025-10-18 02:21:21.286,106839.74,0.00215,229.705441
2025-10-18 02:21:21.690,106839.74,0.00121,129.2760854
2025-10-18 02:21:21.794,106839.73,0.01839,1964.7826347
2025-10-18 02:21:21.914,106839.74,0.00024,25.641537600000003
2025-10-18 02:21:22.273,106839.74,0.00016,17.0943584
2025-10-18 02:21:22.825,106839.74,0.00017,18.162755800000003
2025-10-18 02:21:23.275,106839.74,8e-05,8.5471792
2025-10-18 02:21:23.776,106839.74,5e-05,5.3419870000000005
2025-10-18 02:21:24.474,106839.73,9e-05,9.6155757
2025-10-18 02:21:24.847,106839.73,0.01443,1541.6973039
2025-10-18 02:21:25.481,106839.73,0.00066,70.5142218
2025-10-18 02:21:27.028,106839.73,7e-05,7.478781099999999
2025-10-18 02:21:27.162,106839.73,0.00371,396.37539830000003
2025-10-18 02:21:27.166,106839.73,0.00107,114.3185111
2025-10-18 02:21:27.167,106839.73,0.00107,114.3185111
2025-10-18 02:21:27.168,106839.73,0.00107,114.3185111
2025-10-18 02:21:27.806,106839.74,0.00087,92.9505738
2025-10-18 02:21:28.070,106839.73,0.00016,17.0943568
2025-10-18 02:21:28.614,106839.74,0.00166,177.3539684
2025-10-18 02:21:29.837,106839.74,0.00468,500.0099832
2025-10-18 02:21:29.855,106839.73,0.00058,61.9670434
2025-10-18 02:21:30.054,106839.73,0.00172,183.76433559999998
2025-10-18 02:21:30.801,106839.74,0.00021,22.4363454
2025-10-18 02:21:30.968,106839.73,5e-05,5.3419865
2025-10-18 02:21:32.687,106839.73,7e-05,7.478781099999999
2025-10-18 02:21:32.721,106839.74,5e-05,5.3419870000000005
2025-10-18 02:21:33.077,106839.73,9e-05,9.6155757
2025-10-18 02:21:34.370,106839.73,9e-05,9.6155757
2025-10-18 02:21:34.587,106839.73,8e-05,8.5471784
2025-10-18 02:21:34.623,106839.74,0.00019,20.299550600000003
2025-10-18 02:21:35.360,106839.74,0.00014,14.9575636
2025-10-18 02:21:36.085,106839.73,0.00102,108.9765246
2025-10-18 02:21:36.109,106839.74,0.00051,54.488267400000005
2025-10-18 02:21:36.575,106839.73,6e-05,6.4103838
2025-10-18 02:21:36.691,106839.73,0.00018,19.2311514
2025-10-18 02:21:37.026,106839.73,0.00128,136.7548544
2025-10-18 02:21:37.043,106839.73,8e-05,8.5471784
2025-10-18 02:21:37.044,106839.73,0.0001,10.683973
2025-10-18 02:21:37.225,106839.74,0.0001,10.683974000000001
2025-10-18 02:21:37.375,106839.73,0.012,1282.07676
2025-10-18 02:21:37.377,106837.35,0.00015,16.025602499999998
2025-10-18 02:21:37.383,106837.34,0.00494,527.7764596
2025-10-18 02:21:38.041,106837.34,0.00116,123.93131439999999
2025-10-18 02:21:38.194,106837.35,0.00017,18.1623495
2025-10-18 02:21:38.732,106837.34,0.00011,11.7521074
2025-10-18 02:21:38.962,106837.34,0.00029,30.982828599999998
2025-10-18 02:21:39.275,106837.33,0.00017,18.1623461
2025-10-18 02:21:39.370,106837.33,0.00016,17.093972800000003
2025-10-18 02:21:39.393,106837.33,0.00051,54.4870383
2025-10-18 02:21:41.732,106837.34,0.00043,45.9400562
2025-10-18 02:21:43.211,106837.34,0.00303,323.7171402
2025-10-18 02:21:44.115,106837.33,8e-05,8.546986400000002
2025-10-18 02:21:44.364,106837.34,0.03849,4112.1692166
2025-10-18 02:21:44.543,106837.34,0.00082,87.60661879999999
2025-10-18 02:21:44.773,106837.34,0.00195,208.332813
2025-10-18 02:21:44.828,106837.33,0.0126,1346.150358
2025-10-18 02:21:45.292,106837.32,9e-05,9.615358800000001
2025-10-18 02:21:45.511,106837.33,0.00136,145.2987688
2025-10-18 02:21:45.769,106837.32,6e-05,6.4102392
2025-10-18 02:21:45.867,106837.32,9e-05,9.615358800000001
2025-10-18 02:21:45.950,106837.32,9e-05,9.615358800000001
2025-10-18 02:21:46.617,106837.33,0.00187,199.7858071
2025-10-18 02:21:46.775,106837.33,0.00123,131.4099159
2025-10-18 02:21:47.023,106837.32,9e-05,9.615358800000001
2025-10-18 02:21:47.129,106837.33,0.00233,248.9309789
2025-10-18 02:21:47.469,106837.32,8e-05,8.546985600000001
2025-10-18 02:21:47.992,106837.33,6e-05,6.4102398
2025-10-18 02:21:49.913,106837.32,0.00525,560.89593
2025-10-18 02:21:50.384,106837.32,9e-05,9.615358800000001
2025-10-18 02:21:50.687,106837.32,8e-05,8.546985600000001
2025-10-18 02:21:50.705,106834.76,0.00289,308.7524564
2025-10-18 02:21:50.715,106831.57,8e-05,8.5465256
2025-10-18 02:21:51.110,106831.58,0.00046,49.1425268
2025-10-18 02:21:51.258,106831.58,0.00742,792.6903236
2025-10-18 02:21:51.794,106831.57,0.00096,102.55830720000002
2025-10-18 02:21:52.023,106831.57,0.00025,26.707892500000003
2025-10-18 02:21:52.594,106831.58,0.00024,25.6395792
2025-10-18 02:21:53.039,106831.58,0.00019,20.2980002
2025-10-18 02:21:54.425,106831.57,0.0001,10.683157000000001
2025-10-18 02:21:54.807,106831.57,0.2,21366.314000000002
2025-10-18 02:21:54.925,106831.58,4.73376,505715.0601408
2025-10-18 02:21:54.929,106832.66,0.0002,21.366532000000003
2025-10-18 02:21:54.933,106834.77,0.0001,10.683477000000002
2025-10-18 02:21:54.997,106837.33,0.027,2884.60791
2025-10-18 02:21:56.856,106837.33,0.00014,14.9572262
2025-10-18 02:21:57.088,106837.32,0.00442,472.22095440000004
2025-10-18 02:21:57.292,106837.33,0.0152,1623.927416
2025-10-18 02:21:57.293,106837.33,0.0575,6143.1464750000005
2025-10-18 02:21:57.294,106837.34,0.0007,74.786138
2025-10-18 02:21:57.295,106837.34,0.00268,286.3240712
2025-10-18 02:21:57.303,106840.0,0.00143,152.7812
2025-10-18 02:21:57.308,106842.77,5e-05,5.342138500000001
2025-10-18 02:21:57.347,106845.86,0.00015,16.026878999999997
2025-10-18 02:21:57.416,106847.04,0.00196,209.42019839999998
2025-10-18 02:21:57.432,106847.03,0.09361,10001.9504783
2025-10-18 02:21:57.450,106847.04,0.012,1282.16448
2025-10-18 02:21:57.715,106853.5,6e-05,6.4112100000000005
2025-10-18 02:21:57.759,106853.86,0.09361,10002.5898346
2025-10-18 02:21:58.317,106857.33,0.00015,16.0285995
2025-10-18 02:21:58.400,106859.14,0.0936,10002.015504
2025-10-18 02:21:58.492,106859.14,0.00928,991.6528192
2025-10-18 02:21:58.506,106871.6,0.00276,294.965616
2025-10-18 02:21:58.509,106871.83,6e-05,6.4123098
2025-10-18 02:21:58.660,106871.81,0.00245,261.8359345
2025-10-18 02:21:59.494,106871.82,0.00071,75.87899220000001
2025-10-18 02:21:59.670,106871.81,9e-05,9.6184629
2025-10-18 02:21:59.844,106871.81,9e-05,9.6184629
2025-10-18 02:22:00.280,106871.82,0.00031,33.1302642
2025-10-18 02:22:00.497,106871.81,9e-05,9.6184629
2025-10-18 02:22:00.582,106871.81,0.00131,140.0020711
2025-10-18 02:22:01.152,106873.46,0.1801,19247.910146000002
2025-10-18 02:22:01.153,106874.53,0.00015,16.031179499999997
2025-10-18 02:22:01.156,106874.54,0.0004,42.749816
2025-10-18 02:22:01.157,106879.5,6e-05,6.41277
2025-10-18 02:22:01.163,106879.88,0.00015,16.031982
2025-10-18 02:22:01.164,106879.89,0.0001,10.687989
2025-10-18 02:22:01.169,106879.89,0.07458,7971.1021961999995
2025-10-18 02:22:01.177,106882.4,8e-05,8.550592
2025-10-18 02:22:01.201,106882.4,0.04156,4442.032544
2025-10-18 02:22:01.774,106882.4,0.00392,418.97900799999996
2025-10-18 02:22:01.775,106884.01,0.0001,10.688401
2025-10-18 02:22:01.791,106885.49,0.00238,254.38746620000003
2025-10-18 02:22:01.818,106890.01,0.0001,10.689001
2025-10-18 02:22:02.219,106893.03,0.00494,528.0515682
2025-10-18 02:22:02.474,106893.04,0.0001,10.689304
2025-10-18 02:22:02.932,106893.03,0.0006,64.135818
2025-10-18 02:22:02.954,106893.03,9e-05,9.6203727
2025-10-18 02:22:03.184,106893.03,0.00258,275.7840174
2025-10-18 02:22:03.217,106893.03,0.00024,25.6543272
2025-10-18 02:22:03.468,106893.04,0.00026,27.792190399999996
2025-10-18 02:22:03.625,106893.03,5e-05,5.3446515
2025-10-18 02:22:03.961,106893.04,0.00051,54.5154504
2025-10-18 02:22:04.238,106893.04,0.0035,374.12564
2025-10-18 02:22:04.255,106893.03,8e-05,8.5514424
2025-10-18 02:22:04.423,106893.03,0.00251,268.30150530000003
2025-10-18 02:22:04.678,106893.04,0.00459,490.6390536
2025-10-18 02:22:05.104,106893.03,0.00516,551.5680348
2025-10-18 02:22:06.839,106893.04,0.00024,25.6543296
2025-10-18 02:22:07.140,106893.03,0.00912,974.8644336
2025-10-18 02:22:07.239,106893.04,9e-05,9.6203736
2025-10-18 02:22:07.243,106893.03,9e-05,9.6203727
2025-10-18 02:22:08.109,106893.03,0.00029,30.9989787
2025-10-18 02:22:08.123,106893.04,9e-05,9.6203736
2025-10-18 02:22:09.053,106893.04,0.68125,72820.8835
2025-10-18 02:22:09.071,106893.04,0.00122,130.4095088
2025-10-18 02:22:09.712,106893.03,0.00023,24.5853969
2025-10-18 02:22:10.463,106893.04,0.00012,12.8271648
2025-10-18 02:22:11.018,106893.03,0.0013,138.960939
2025-10-18 02:22:11.574,106893.03,7e-05,7.482512099999999
2025-10-18 02:22:11.665,106893.03,0.00037,39.5504211
2025-10-18 02:22:11.696,106893.03,0.00046,49.1707938
2025-10-18 02:22:11.721,106893.03,0.0003,32.067909
2025-10-18 02:22:11.836,106893.03,0.012,1282.7163600000001
2025-10-18 02:22:11.837,106893.03,0.012,1282.7163600000001
2025-10-18 02:22:11.838,106893.03,0.012,1282.7163600000001
2025-10-18 02:22:11.885,106892.94,0.0001,10.689294
2025-10-18 02:22:11.888,106891.75,6e-05,6.413505
2025-10-18 02:22:11.891,106889.39,0.00015,16.0334085
2025-10-18 02:22:11.916,106888.76,0.00535,571.8548659999999
2025-10-18 02:22:11.919,106887.47,0.0001,10.688747000000001
2025-10-18 02:22:11.943,106886.02,0.0014,149.640428
2025-10-18 02:22:12.061,106886.01,0.0023,245.837823
2025-10-18 02:22:12.087,106886.0,0.00221,236.21806
2025-10-18 02:22:12.115,106884.73,0.00226,241.55948979999997
2025-10-18 02:22:12.135,106882.39,0.00015,16.032358499999997
2025-10-18 02:22:12.526,106882.35,0.01268,1355.2681980000002
2025-10-18 02:22:12.533,106877.0,0.00175,187.03475
2025-10-18 02:22:12.541,106876.85,0.012,1282.5222
2025-10-18 02:22:12.543,106876.85,0.012,1282.5222
2025-10-18 02:22:12.641,106875.55,0.0004,42.750220000000006
2025-10-18 02:22:12.646,106875.54,0.012,1282.50648
2025-10-18 02:22:12.648,106873.2,0.00015,16.03098
2025-10-18 02:22:12.650,106871.34,3e-05,3.2061402
2025-10-18 02:22:12.653,106869.43,0.012,1282.43316
2025-10-18 02:22:13.823,106869.43,0.012,1282.43316
2025-10-18 02:22:13.824,106869.29,0.0001,10.686929
2025-10-18 02:22:13.830,106868.36,0.0014,149.615704
2025-10-18 02:22:13.831,106868.29,0.00878,938.3035861999999
2025-10-18 02:22:13.834,106868.11,0.0001,10.686811
2025-10-18 02:22:13.875,106867.98,0.00099,105.79930019999999
2025-10-18 02:22:13.915,106864.74,0.03297,3523.3304778
2025-10-18 02:22:13.969,106863.78,0.00147,157.0897566
2025-10-18 02:22:14.015,106863.78,0.00194,207.3157332
2025-10-18 02:22:14.155,106863.76,0.00115,122.89332399999999
2025-10-18 02:22:14.162,106863.25,0.00093,99.3828225
2025-10-18 02:22:14.250,106863.25,0.001,106.86325000000001
2025-10-18 02:22:14.251,106863.25,0.0003,32.058975
2025-10-18 02:22:14.810,106860.82,0.001,106.86082
2025-10-18 02:22:14.811,106860.82,0.001,106.86082
2025-10-18 02:22:14.813,106860.82,0.00134,143.19349880000001
2025-10-18 02:22:14.985,106860.83,0.00693,740.5455519000001
2025-10-18 02:22:15.632,106860.83,0.00108,115.4096964
2025-10-18 02:22:16.016,106860.82,0.012,1282.32984
2025-10-18 02:22:16.124,106860.83,0.00011,11.754691300000001
2025-10-18 02:22:16.245,106860.83,0.0001,10.686083
2025-10-18 02:22:16.343,106860.83,7e-05,7.4802580999999995
2025-10-18 02:22:16.520,106860.83,0.00118,126.09577940000001
2025-10-18 02:22:16.617,106860.83,9e-05,9.6174747
2025-10-18 02:22:16.638,106860.83,8e-05,8.548866400000001
2025-10-18 02:22:16.692,106860.83,0.00047,50.2245901
2025-10-18 02:22:16.713,106860.83,0.0001,10.686083
2025-10-18 02:22:16.881,106860.83,8e-05,8.548866400000001
2025-10-18 02:22:16.915,106851.23,5e-05,5.3425615
2025-10-18 02:22:16.947,106847.73,0.012,1282.17276
2025-10-18 02:22:16.952,106847.73,0.012,1282.17276
2025-10-18 02:22:17.092,106847.74,0.00047,50.218437800000004
2025-10-18 02:22:17.143,106847.74,0.00029,30.9858446
2025-10-18 02:22:17.277,106847.73,0.00025,26.7119325
2025-10-18 02:22:17.343,106847.74,9e-05,9.616296600000002
2025-10-18 02:22:17.562,106847.74,0.00015,16.027161
2025-10-18 02:22:17.582,106847.74,0.00029,30.9858446
2025-10-18 02:22:17.613,106847.74,0.00052,55.5608248
2025-10-18 02:22:17.848,106847.74,0.0001,10.684774
2025-10-18 02:22:17.882,106847.74,0.00094,100.43687560000001
2025-10-18 02:22:18.111,106847.74,0.00094,100.43687560000001
2025-10-18 02:22:18.117,106847.74,0.0001,10.684774
2025-10-18 02:22:18.215,106847.73,0.00462,493.6365126
2025-10-18 02:22:18.218,106847.0,6e-05,6.41082
2025-10-18 02:22:18.222,106847.0,0.012,1282.164
2025-10-18 02:22:18.223,106847.0,0.00642,685.9577400000001
2025-10-18 02:22:18.382,106847.0,0.00113,120.73710999999999
2025-10-18 02:22:18.383,106846.41,0.00051,54.4916691
2025-10-18 02:22:18.423,106843.27,0.00392,418.8256184
2025-10-18 02:22:18.425,106842.56,0.00015,16.026383999999997
2025-10-18 02:22:18.426,106842.55,6e-05,6.410553
2025-10-18 02:22:18.475,106842.55,0.00855,913.5038025
2025-10-18 02:22:18.516,106842.55,0.00154,164.53752699999998
2025-10-18 02:22:18.524,106842.56,0.0001,10.684256
2025-10-18 02:22:19.032,106842.55,0.00011,11.7526805
2025-10-18 02:22:19.383,106842.56,0.0056,598.3183359999999
2025-10-18 02:22:20.061,106842.56,0.00127,135.6900512
2025-10-18 02:22:21.046,106842.55,9e-05,9.6158295
2025-10-18 02:22:21.076,106842.55,0.00025,26.7106375
2025-10-18 02:22:22.042,106842.55,0.00082,87.610891
2025-10-18 02:22:22.362,106842.55,0.24067,25713.7965085
2025-10-18 02:22:22.481,106842.56,0.00187,199.7955872
2025-10-18 02:22:22.587,106842.56,0.17755,18969.896528
2025-10-18 02:22:22.592,106842.56,0.31054,33178.888582399995
2025-10-18 02:22:22.595,106842.56,0.07301,7800.5753056
2025-10-18 02:22:22.596,106842.56,0.28171,30098.617577600002
2025-10-18 02:22:22.600,106842.56,0.20616,22026.6621696
2025-10-18 02:22:22.601,106842.56,0.34728,37104.2842368
2025-10-18 02:22:22.602,106842.56,0.0429,4583.545824
2025-10-18 02:22:22.603,106843.27,0.00025,26.7108175
2025-10-18 02:22:22.609,106844.7,0.00086,91.88644199999999
2025-10-18 02:22:22.613,106844.7,0.01343,1434.924321
2025-10-18 02:22:22.637,106844.7,0.01444,1542.837468
2025-10-18 02:22:22.638,106844.7,0.0018,192.32046
2025-10-18 02:22:22.640,106848.97,0.00488,521.4229736
2025-10-18 02:22:22.721,106848.97,0.00074,79.0682378
2025-10-18 02:22:22.773,106849.96,0.00015,16.027494
2025-10-18 02:22:22.821,106854.49,0.0001,10.685449
2025-10-18 02:22:22.980,106860.76,0.24313,25981.0565788
2025-10-18 02:22:23.024,106860.76,0.00292,312.03341919999997
2025-10-18 02:22:23.204,106860.81,0.01158,1237.4481798
2025-10-18 02:22:23.655,106860.82,0.00071,75.8711822
2025-10-18 02:22:23.912,106860.82,0.25464,27211.0392048
2025-10-18 02:22:23.913,106860.82,0.00339,362.2581798
2025-10-18 02:22:23.925,106860.83,0.0003,32.058248999999996
2025-10-18 02:22:23.927,106860.83,0.0008,85.488664
2025-10-18 02:22:23.933,106865.02,0.0002,21.373004
2025-10-18 02:22:23.956,106865.09,0.00018,19.2357162
2025-10-18 02:22:24.107,106865.09,0.00502,536.4627518
2025-10-18 02:22:24.115,106874.17,0.0001,10.687417
2025-10-18 02:22:24.118,106880.23,6e-05,6.4128138
2025-10-18 02:22:24.654,106880.23,0.00018,19.2384414
2025-10-18 02:22:27.147,106880.23,0.01117,1193.8521690999999
2025-10-18 02:22:27.384,106880.23,0.00118,126.1186714
2025-10-18 02:22:27.779,106880.22,0.00025,26.720055000000002
2025-10-18 02:22:30.569,106880.23,0.00147,157.11393809999998
2025-10-18 02:22:30.797,106880.23,0.00082,87.6417886
2025-10-18 02:22:33.615,106880.23,0.00288,307.8150624
2025-10-18 02:22:33.655,106880.22,0.00027,28.8576594
2025-10-18 02:22:34.827,106880.23,0.0308,3291.911084
2025-10-18 02:22:35.047,106880.23,0.00018,19.2384414
2025-10-18 02:22:35.300,106880.23,0.0011,117.568253
2025-10-18 02:22:37.259,106880.23,0.08422,9001.4529706
2025-10-18 02:22:38.668,106880.22,0.00011,11.7568242
2025-10-18 02:22:39.119,106880.23,0.00022,23.5136506
2025-10-18 02:22:39.439,106880.23,0.027,2885.76621
2025-10-18 02:22:39.666,106880.22,0.00028,29.926461599999996
2025-10-18 02:22:40.314,106880.23,0.00014,14.963232199999998
2025-10-18 02:22:40.316,106883.03,0.00015,16.0324545
2025-10-18 02:22:40.415,106885.21,0.00015,16.0327815
2025-10-18 02:22:41.436,106885.79,0.00594,634.9015926
2025-10-18 02:22:41.903,106885.79,0.00467,499.15663929999994
2025-10-18 02:22:42.079,106885.78,0.00035,37.410023
2025-10-18 02:22:42.243,106885.78,0.0001,10.688578
2025-10-18 02:22:42.317,106885.79,0.00321,343.1033859
2025-10-18 02:22:42.333,106885.79,0.00094,100.47264259999999
2025-10-18 02:22:43.024,106885.78,0.00122,130.4006516
2025-10-18 02:22:43.025,106885.78,0.00014,14.964009199999998
2025-10-18 02:22:43.633,106885.78,0.00139,148.5712342
2025-10-18 02:22:43.697,106885.78,0.00012,12.8262936
2025-10-18 02:22:43.925,106885.79,0.00087,92.99063729999999
2025-10-18 02:22:44.085,106885.78,0.0027,288.591606
2025-10-18 02:22:45.014,106885.78,0.00028,29.928018399999996
2025-10-18 02:22:45.309,106885.79,9e-05,9.6197211
2025-10-18 02:22:46.468,106885.78,0.00027,28.8591606
2025-10-18 02:22:46.544,106885.78,0.00028,29.928018399999996
2025-10-18 02:22:46.575,106885.78,0.00011,11.7574358
2025-10-18 02:22:47.523,106885.79,0.00141,150.7089639
2025-10-18 02:22:47.819,106885.78,0.00023,24.5837294
2025-10-18 02:22:49.015,106885.78,0.00011,11.7574358
2025-10-18 02:22:49.266,106885.78,0.00135,144.295803
2025-10-18 02:22:50.790,106885.79,0.0002,21.377158
2025-10-18 02:22:53.691,106885.78,0.00018,19.2394404
2025-10-18 02:22:55.024,106885.78,0.00018,19.2394404
2025-10-18 02:22:55.265,106885.78,0.00018,19.2394404
2025-10-18 02:22:55.915,106891.86,0.0001,10.689186000000001
2025-10-18 02:22:55.919,106894.45,6e-05,6.413667
2025-10-18 02:22:56.218,106894.44,0.00027,28.8614988
2025-10-18 02:22:56.569,106894.44,0.00018,19.2409992
2025-10-18 02:22:57.433,106894.45,0.0018,192.41001
2025-10-18 02:22:57.645,106894.45,0.00034,36.344113
2025-10-18 02:22:58.077,106894.44,0.00028,29.9304432
2025-10-18 02:22:59.048,106894.44,0.00075,80.17083000000001
2025-10-18 02:22:59.130,106894.44,0.00018,19.2409992
2025-10-18 02:22:59.219,106894.44,0.00026,27.792554399999997
2025-10-18 02:22:59.987,106894.44,0.00018,19.2409992
2025-10-18 02:23:01.106,106894.45,0.00011,11.7583895
2025-10-18 02:23:01.117,106894.44,0.00018,19.2409992
2025-10-18 02:23:01.921,106894.45,0.01194,1276.3197329999998
2025-10-18 02:23:01.988,106894.44,0.08658,9254.9206152
2025-10-18 02:23:02.569,106894.44,0.01991,2128.2683004
2025-10-18 02:23:03.447,106894.44,0.00019,20.3099436
2025-10-18 02:23:04.445,106894.45,0.00046,49.171447
2025-10-18 02:23:04.498,106894.45,0.00181,193.4789545
2025-10-18 02:23:05.659,106894.44,0.00024,25.6546656
2025-10-18 02:23:05.764,106894.44,0.00489,522.7138116
2025-10-18 02:23:06.258,106894.44,0.00025,26.72361
2025-10-18 02:23:06.421,106894.44,0.00026,27.792554399999997
2025-10-18 02:23:06.576,106894.44,6e-05,6.4136664
2025-10-18 02:23:06.650,106894.44,0.00027,28.8614988
2025-10-18 02:23:07.263,106894.44,0.06017,6431.8384548
2025-10-18 02:23:07.650,106894.45,0.0025,267.236125
2025-10-18 02:23:07.667,106894.45,0.00467,499.19708149999997
2025-10-18 02:23:07.695,106894.45,0.00046,49.171447
2025-10-18 02:23:07.822,106894.44,0.00133,142.1696052
2025-10-18 02:23:08.017,106894.45,0.00118,126.135451
2025-10-18 02:23:08.074,106894.44,0.00027,28.8614988
2025-10-18 02:23:09.087,106894.44,0.00027,28.8614988
2025-10-18 02:23:09.201,106894.44,0.00025,26.72361
2025-10-18 02:23:09.413,106894.45,0.00011,11.7583895
2025-10-18 02:23:10.110,106894.45,0.00239,255.47773550000002
2025-10-18 02:23:10.125,106894.44,0.00027,28.8614988
2025-10-18 02:23:10.983,106894.44,0.00014,14.9652216
2025-10-18 02:23:11.664,106894.44,0.00027,28.8614988
2025-10-18 02:23:12.080,106894.45,0.00046,49.171447
2025-10-18 02:23:12.110,106894.44,0.00036,38.4819984
2025-10-18 02:23:12.238,106894.44,0.00027,28.8614988
2025-10-18 02:23:14.984,106894.44,0.00036,38.4819984
2025-10-18 02:23:15.201,106894.44,6e-05,6.4136664
2025-10-18 02:23:16.317,106897.12,0.01581,1690.0434672000001
2025-10-18 02:23:17.209,106897.12,0.00187,199.89761439999998
2025-10-18 02:23:17.438,106897.11,0.00026,27.7932486
2025-10-18 02:23:17.532,106897.12,0.0005,53.44856
2025-10-18 02:23:17.638,106897.12,0.0057,609.313584
2025-10-18 02:23:17.984,106897.11,0.00314,335.6569254
2025-10-18 02:23:18.069,106897.11,0.00029,31.000161900000002
2025-10-18 02:23:18.901,106897.11,0.00014,14.965595399999998
2025-10-18 02:23:19.238,106897.12,0.00577,616.7963824
2025-10-18 02:23:19.319,106897.11,0.00018,19.2414798
2025-10-18 02:23:19.513,106897.11,0.00027,28.8622197
2025-10-18 02:23:19.709,106897.12,0.00288,307.8637056
2025-10-18 02:23:20.015,106897.13,0.01171,1251.7653923
2025-10-18 02:23:20.016,106897.13,0.01171,1251.7653923
2025-10-18 02:23:20.934,106897.12,0.00018,19.2414816
2025-10-18 02:23:21.092,106897.13,0.01403,1499.7667339000002
2025-10-18 02:23:21.159,106897.12,0.00028,29.931193599999997
2025-10-18 02:23:21.597,106897.12,0.00027,28.8622224
2025-10-18 02:23:21.742,106897.12,0.00027,28.8622224
2025-10-18 02:23:22.436,106897.13,0.00129,137.8972977
2025-10-18 02:23:22.458,106897.13,0.0006,64.138278
2025-10-18 02:23:22.793,106897.13,0.00328,350.6225864
2025-10-18 02:23:22.808,106898.06,0.00254,271.52107240000004
2025-10-18 02:23:22.969,106898.84,0.00027,28.8626868
2025-10-18 02:23:23.062,106898.84,0.00028,29.931675199999997
2025-10-18 02:23:23.387,106898.85,0.0009,96.208965
2025-10-18 02:23:23.532,106898.85,0.05609,5995.956496500001
2025-10-18 02:23:23.984,106900.0,0.01024,1094.6560000000002
2025-10-18 02:23:24.016,106902.62,0.0001,10.690262
2025-10-18 02:23:24.487,106907.77,0.00028,29.9341756
2025-10-18 02:23:24.511,106907.78,0.00058,62.0065124
2025-10-18 02:23:25.790,106907.78,0.00017,18.1743226
2025-10-18 02:23:25.793,106907.77,9e-05,9.621699300000001
2025-10-18 02:23:25.803,106907.78,0.00093,99.4242354
2025-10-18 02:23:25.948,106907.78,0.00051,54.5229678
2025-10-18 02:23:26.415,106912.0,0.00281,300.42272
2025-10-18 02:23:27.012,106914.4,0.00019,20.313736
2025-10-18 02:23:27.583,106914.39,0.00037,39.5583243
2025-10-18 02:23:27.773,106914.4,0.0001,10.69144
2025-10-18 02:23:28.768,106914.4,0.0001,10.69144
2025-10-18 02:23:29.016,106914.39,0.00017,18.1754463
2025-10-18 02:23:29.266,106914.4,0.00108,115.467552
2025-10-18 02:23:29.987,106914.39,0.00042,44.904043800000004
2025-10-18 02:23:30.468,106914.4,0.0001,10.69144
2025-10-18 02:23:30.474,106914.4,0.0001,10.69144
2025-10-18 02:23:30.617,106914.4,0.00017,18.175448
2025-10-18 02:23:31.483,106914.4,0.0001,10.69144
2025-10-18 02:23:31.563,106914.39,0.0036,384.891804
2025-10-18 02:23:31.575,106914.39,6e-05,6.4148634
2025-10-18 02:23:31.939,106914.4,0.38519,41182.357736
2025-10-18 02:23:31.944,106914.79,0.00015,16.037218499999998
2025-10-18 02:23:31.954,106914.8,0.0008,85.53184
2025-10-18 02:23:31.973,106914.81,0.00081,86.60099609999999
2025-10-18 02:23:31.974,106914.81,0.00081,86.60099609999999
2025-10-18 02:23:31.986,106914.81,0.00063,67.3563303
2025-10-18 02:23:32.002,106915.73,0.0004,42.766292
2025-10-18 02:23:32.003,106916.0,0.0013,138.9908
2025-10-18 02:23:32.014,106916.0,0.0015,160.374
2025-10-18 02:23:32.016,106916.36,0.00025,26.72909
2025-10-18 02:23:32.023,106921.0,0.00015,16.038149999999998
2025-10-18 02:23:32.031,106925.09,6e-05,6.4155054
2025-10-18 02:23:32.067,106925.08,9e-05,9.623257200000001
2025-10-18 02:23:32.082,106925.09,0.03629,3880.3115161
2025-10-18 02:23:32.133,106925.09,0.00057,60.94730129999999
2025-10-18 02:23:32.229,106925.08,7e-05,7.4847556
2025-10-18 02:23:32.492,106925.09,0.0001,10.692509
2025-10-18 02:23:32.561,106925.08,0.0087,930.248196
2025-10-18 02:23:32.710,106925.09,0.0001,10.692509
2025-10-18 02:23:32.749,106925.08,0.01615,1726.840042
2025-10-18 02:23:33.832,106925.08,0.00027,28.8697716
2025-10-18 02:23:33.875,106925.09,0.00159,170.0108931
2025-10-18 02:23:34.060,106925.08,0.00027,28.8697716
2025-10-18 02:23:34.343,106925.08,0.00145,155.04136599999998
2025-10-18 02:23:34.638,106925.08,0.00023,24.5927684
2025-10-18 02:23:34.790,106925.08,0.00842,900.3091736
2025-10-18 02:23:35.590,106925.09,0.00047,50.2547923
2025-10-18 02:23:36.248,106925.08,0.00171,182.8418868
2025-10-18 02:23:36.809,106925.08,0.00018,19.246514400000002
2025-10-18 02:23:37.106,106925.09,0.00174,186.0496566
2025-10-18 02:23:37.575,106925.08,0.011,1176.17588
2025-10-18 02:23:37.791,106925.08,9e-05,9.623257200000001
2025-10-18 02:23:38.958,106925.08,0.00027,28.8697716
2025-10-18 02:23:39.525,106925.08,0.00023,24.5927684
2025-10-18 02:23:39.715,106928.0,0.0028,299.3984
2025-10-18 02:23:40.009,106929.98,0.00027,28.8710946
2025-10-18 02:23:40.030,106929.98,0.00031,33.1482938
2025-10-18 02:23:40.075,106929.99,0.00019,20.316698100000004
2025-10-18 02:23:40.163,106929.99,0.0001,10.692999
2025-10-18 02:23:40.451,106929.98,0.00064,68.4351872
2025-10-18 02:23:41.363,106929.99,0.027,2887.10973
2025-10-18 02:23:42.534,106929.98,0.00018,19.2473964
2025-10-18 02:23:42.607,106929.98,0.01899,2030.6003202
2025-10-18 02:23:42.994,106929.99,0.0054,577.421946
2025-10-18 02:23:43.067,106929.99,0.00143,152.90988570000002
2025-10-18 02:23:43.166,106930.0,0.001,106.93
2025-10-18 02:23:43.530,106930.0,0.008,855.44
2025-10-18 02:23:43.714,106930.0,0.006,641.58
2025-10-18 02:23:43.735,106930.0,0.00082,87.6826
2025-10-18 02:23:44.031,106930.0,0.004,427.72
2025-10-18 02:23:44.044,106930.0,0.00187,199.95909999999998
2025-10-18 02:23:44.248,106929.99,0.00064,68.4351936
2025-10-18 02:23:44.277,106929.99,0.00016,17.1087984
2025-10-18 02:23:44.386,106930.0,0.008,855.44
2025-10-18 02:23:45.890,106929.99,0.00129,137.9396871
2025-10-18 02:23:47.199,106930.0,0.00458,489.7394
2025-10-18 02:23:47.682,106930.0,0.00069,73.7817
2025-10-18 02:23:48.496,106929.99,0.57784,61788.425421600004
2025-10-18 02:23:48.499,106929.99,0.31298,33466.9482702
2025-10-18 02:23:48.501,106929.98,0.2546,27224.372907999998
2025-10-18 02:23:48.568,106929.98,0.05,5346.499
2025-10-18 02:23:48.660,106929.91,0.00015,16.0394865
2025-10-18 02:23:48.662,106926.65,0.00015,16.038997499999997
2025-10-18 02:23:48.666,106925.08,0.00246,263.0356968
2025-10-18 02:23:48.669,106925.08,0.00669,715.3287852
2025-10-18 02:23:48.671,106925.08,0.00239,255.5509412
2025-10-18 02:23:48.674,106919.29,0.00123,131.5107267
2025-10-18 02:23:48.719,106919.29,0.01871,2000.4599159
2025-10-18 02:23:49.126,106919.29,0.0001,10.691929
2025-10-18 02:23:49.158,106919.29,8e-05,8.5535432
2025-10-18 02:23:49.215,106914.38,0.00315,336.780297
2025-10-18 02:23:49.238,106910.6,0.04432,4738.277792
2025-10-18 02:23:49.254,106910.6,0.00161,172.126066
2025-10-18 02:23:49.724,106910.6,9e-05,9.621954
2025-10-18 02:23:49.751,106910.61,0.0001,10.691061000000001
2025-10-18 02:23:50.407,106910.61,0.0006,64.146366
2025-10-18 02:23:50.605,106910.61,0.00018,19.2439098
2025-10-18 02:23:51.013,106910.6,0.00309,330.353754
2025-10-18 02:23:51.159,106910.61,0.003,320.73183
2025-10-18 02:23:51.407,106910.61,0.00613,655.3620393
2025-10-18 02:23:51.520,106910.6,8e-05,8.552848000000001
2025-10-18 02:23:51.582,106910.6,0.00012,12.829272000000001
2025-10-18 02:23:51.617,106910.61,0.00102,109.0488222
2025-10-18 02:23:52.242,106910.6,0.00012,12.829272000000001
2025-10-18 02:23:53.166,106910.61,0.487,52065.46707
2025-10-18 02:23:53.170,106917.02,0.00566,605.1503332
2025-10-18 02:23:53.192,106917.01,0.5,53458.505
2025-10-18 02:23:53.199,106917.02,0.05288,5653.7720176
2025-10-18 02:23:53.215,106918.5,6e-05,6.41511
2025-10-18 02:23:53.227,106919.28,0.027,2886.82056
2025-10-18 02:23:53.231,106919.28,0.00827,884.2224455999999
2025-10-18 02:23:53.294,106919.28,0.00026,27.799012799999996
2025-10-18 02:23:53.971,106919.28,0.00028,29.937398399999996
2025-10-18 02:23:54.772,106919.28,0.00044,47.0444832
2025-10-18 02:23:54.894,106919.27,0.00016,17.1070832
2025-10-18 02:23:54.920,106919.28,0.00128,136.85667840000002
2025-10-18 02:23:54.962,106919.28,0.00467,499.3130376
2025-10-18 02:23:54.988,106919.28,0.00235,251.260308
2025-10-18 02:23:55.115,106928.99,0.00015,16.0393485
2025-10-18 02:23:55.158,106929.93,0.00019,20.316686699999998
2025-10-18 02:23:55.949,106929.92,0.00015,16.039488
2025-10-18 02:23:56.724,106929.92,0.00022,23.5245824
2025-10-18 02:23:56.749,106929.92,0.0001,10.692992
2025-10-18 02:23:56.782,106929.92,0.00012,12.8315904
2025-10-18 02:23:56.805,106929.92,0.00029,31.0096768
2025-10-18 02:23:57.273,106929.92,0.00013,13.9008896
2025-10-18 02:23:57.577,106929.93,7e-05,7.485095099999999
2025-10-18 02:23:57.967,106929.92,0.01526,1631.7505792
2025-10-18 02:23:58.574,106929.93,6e-05,6.4157958
2025-10-18 02:23:58.736,106929.92,0.00027,28.8710784
2025-10-18 02:23:59.437,106929.93,0.00018,19.2473874
2025-10-18 02:23:59.573,106929.92,0.00167,178.5729664
2025-10-18 02:23:59.734,106929.92,0.00807,862.9244544000001
2025-10-18 02:23:59.965,106929.92,0.04,4277.1968
2025-10-18 02:23:59.966,106925.65,0.00374,399.90193099999993
2025-10-18 02:23:59.967,106919.28,0.39328,42049.2144384
2025-10-18 02:23:59.969,106917.39,0.00074,79.1188686
2025-10-18 02:23:59.971,106917.08,0.34647,37043.5607076
2025-10-18 02:23:59.973,106917.6,0.02935,3138.0315600000004
2025-10-18 02:23:59.974,106914.04,5e-05,5.345702
2025-10-18 02:23:59.982,106910.61,0.02,2138.2122
2025-10-18 02:24:00.010,106910.61,0.00025,26.7276525
2025-10-18 02:24:00.024,106910.61,0.00017,18.174803700000002
2025-10-18 02:24:00.061,106910.61,0.00756,808.2442116
2025-10-18 02:24:00.066,106910.6,9e-05,9.621954
2025-10-18 02:24:00.076,106910.6,0.00491,524.931046
2025-10-18 02:24:00.121,106910.6,0.00017,18.174802000000003
2025-10-18 02:24:00.142,106910.61,0.00093,99.42686730000001
2025-10-18 02:24:00.585,106910.61,0.00034,36.349607400000004
2025-10-18 02:24:01.370,106910.6,0.012,1282.9272
2025-10-18 02:24:01.372,106910.6,0.012,1282.9272
2025-10-18 02:24:01.373,106910.6,0.012,1282.9272
2025-10-18 02:24:01.626,106910.61,0.00067,71.63010870000001
2025-10-18 02:24:01.883,106910.61,0.0002,21.382122000000003
2025-10-18 02:24:02.983,106910.61,0.00065,69.4918965
2025-10-18 02:24:03.224,106910.61,0.01866,1994.9519826
2025-10-18 02:24:03.528,106910.6,0.00027,28.865862000000003
2025-10-18 02:24:04.121,106910.6,0.005,534.553
2025-10-18 02:24:04.169,106910.61,6e-05,6.414636600000001
2025-10-18 02:24:04.312,106910.6,0.00029,31.004074000000003
2025-10-18 02:24:06.477,106910.61,7e-05,7.4837427
2025-10-18 02:24:06.524,106910.61,0.0002,21.382122000000003
2025-10-18 02:24:06.757,106910.6,8e-05,8.552848000000001
2025-10-18 02:24:06.816,106910.6,0.00441,471.475746
2025-10-18 02:24:07.272,106910.61,0.00417,445.8172437
2025-10-18 02:24:07.381,106910.62,0.00026,27.796761199999995
2025-10-18 02:24:07.515,106914.04,5e-05,5.345702
2025-10-18 02:24:07.880,106914.87,0.00915,978.2710605
2025-10-18 02:24:08.845,106914.87,4e-05,4.2765948
2025-10-18 02:24:10.797,106914.86,0.00205,219.175463
2025-10-18 02:24:11.575,106914.86,8e-05,8.553188800000001
2025-10-18 02:24:12.072,106914.87,0.00046,49.1808402
2025-10-18 02:24:12.131,106914.87,7e-05,7.484040899999999
2025-10-18 02:24:12.687,106914.87,0.00022,23.5212714
2025-10-18 02:24:12.706,106914.86,0.08,8553.1888
2025-10-18 02:24:12.709,106914.86,0.012,1282.97832
2025-10-18 02:24:12.711,106914.86,0.012,1282.97832
2025-10-18 02:24:12.712,106914.86,0.012,1282.97832
2025-10-18 02:24:13.776,106914.87,0.0006,64.14892199999998
2025-10-18 02:24:13.780,106914.87,0.00187,199.9308069
2025-10-18 02:24:13.915,106910.61,0.02741,2930.4198201
2025-10-18 02:24:14.254,106910.6,0.00099,105.84149400000001
2025-10-18 02:24:14.284,106910.61,0.00091,97.2886551
2025-10-18 02:24:14.849,106910.61,0.00935,999.6142035
2025-10-18 02:24:14.981,106910.6,0.00174,186.02444400000002
2025-10-18 02:24:15.741,106910.61,0.08285,8857.5440385
2025-10-18 02:24:15.832,106910.6,0.00027,28.865862000000003
2025-10-18 02:24:16.222,106910.61,0.00031,33.1422891
2025-10-18 02:24:16.394,106910.6,0.00101,107.97970600000001
2025-10-18 02:24:16.742,106910.6,0.0285,3046.9521000000004
2025-10-18 02:24:16.853,106910.6,0.0285,3046.9521000000004
2025-10-18 02:24:16.964,106910.6,0.0285,3046.9521000000004
2025-10-18 02:24:17.374,106910.6,6e-05,6.414636000000001
2025-10-18 02:24:17.481,106910.61,0.00036,38.4878196
2025-10-18 02:24:17.570,106910.61,0.00019,20.3130159
2025-10-18 02:24:17.621,106910.61,0.00019,20.3130159
2025-10-18 02:24:17.687,106910.61,0.02338,2499.5700618
2025-10-18 02:24:17.825,106910.61,0.00012,12.829273200000001
2025-10-18 02:24:17.870,106910.61,0.00066,70.5610026
2025-10-18 02:24:17.882,106910.61,0.00023,24.5894403
2025-10-18 02:24:17.924,106910.61,0.00015,16.0365915
2025-10-18 02:24:17.937,106910.61,8e-05,8.552848800000001
2025-10-18 02:24:18.318,106910.61,7e-05,7.4837427
2025-10-18 02:24:18.463,106910.61,0.00047,50.2479867
2025-10-18 02:24:19.222,106910.6,0.00223,238.41063800000003
2025-10-18 02:24:19.348,106910.61,0.00011,11.7601671
2025-10-18 02:24:19.362,106910.61,0.0001,10.691061000000001
2025-10-18 02:24:19.492,106910.61,0.0002,21.382122000000003
2025-10-18 02:24:19.637,106910.61,0.00467,499.27254869999996
2025-10-18 02:24:19.647,106910.61,0.00018,19.2439098
2025-10-18 02:24:23.022,106910.61,0.00013,13.898379299999998
2025-10-18 02:24:23.219,106910.6,0.00093,99.42685800000001
2025-10-18 02:24:23.338,106910.6,0.00557,595.4920420000001
2025-10-18 02:24:23.827,106910.61,0.00016,17.105697600000003
2025-10-18 02:24:24.033,106910.61,0.00107,114.3943527
2025-10-18 02:24:24.507,106910.61,0.0012,128.292732
2025-10-18 02:24:24.670,106910.61,0.21362,22838.2445082
2025-10-18 02:24:24.774,106910.61,0.00011,11.7601671
2025-10-18 02:24:24.798,106910.61,0.0001,10.691061000000001
2025-10-18 02:24:25.094,106910.6,0.00026,27.796756
2025-10-18 02:24:25.389,106910.6,0.00194,207.40656400000003
2025-10-18 02:24:26.466,106910.61,0.00028,29.9349708
2025-10-18 02:24:27.657,106910.61,0.00063,67.3536843
2025-10-18 02:24:29.373,106910.6,0.0046,491.78876
2025-10-18 02:24:30.144,106910.61,0.0001,10.691061000000001
2025-10-18 02:24:30.554,106910.6,0.00448,478.95948799999996
2025-10-18 02:24:31.543,106910.61,0.0001,10.691061000000001
2025-10-18 02:24:32.323,106910.61,0.00028,29.9349708
2025-10-18 02:24:32.815,106910.6,0.47118,50374.136508
2025-10-18 02:24:33.057,106910.61,0.00187,199.9228407
2025-10-18 02:24:33.092,106910.61,0.0001,10.691061000000001
2025-10-18 02:24:33.181,106910.61,0.00117,125.0854137
2025-10-18 02:24:34.839,106918.38,0.00096,102.64164480000001
2025-10-18 02:24:37.877,106918.37,0.0047,502.516339
2025-10-18 02:24:37.940,106918.38,0.00278,297.2330964
2025-10-18 02:24:37.941,106918.38,0.0016,171.069408
2025-10-18 02:24:37.953,106923.26,0.00252,269.4466152
2025-10-18 02:24:38.415,106929.06,5e-05,5.346453
2025-10-18 02:24:39.381,106929.07,0.00094,100.5133258
2025-10-18 02:24:41.262,106929.06,0.00112,119.76054719999999
2025-10-18 02:24:41.679,106929.06,0.00022,23.5243932
2025-10-18 02:24:41.925,106929.06,6e-05,6.4157436
2025-10-18 02:24:41.953,106929.06,7e-05,7.485034199999999
2025-10-18 02:24:42.286,106929.07,4e-05,4.277162800000001
2025-10-18 02:24:43.872,106929.07,0.00013,13.9007791
2025-10-18 02:24:44.036,106929.07,0.00495,529.2988965000001
2025-10-18 02:24:44.447,106929.99,0.0019,203.16698100000002
2025-10-18 02:24:45.037,106930.0,0.00165,176.43449999999999
2025-10-18 02:24:45.753,106929.99,0.00332,355.0075668
2025-10-18 02:24:45.769,106929.99,0.00024,25.6631976
2025-10-18 02:24:45.810,106929.99,0.00013,13.900898699999999
2025-10-18 02:24:46.319,106930.0,0.00818,874.6874
2025-10-18 02:24:46.533,106930.0,0.00013,13.900899999999998
2025-10-18 02:24:46.575,106929.99,6e-05,6.4157994
2025-10-18 02:24:47.139,106930.0,0.00014,14.970199999999998
2025-10-18 02:24:48.918,106930.0,0.00519,554.9667000000001
2025-10-18 02:24:48.941,106929.99,0.999,106823.06001
2025-10-18 02:24:51.633,106929.99,0.00702,750.6485298
2025-10-18 02:24:52.112,106930.0,0.00018,19.247400000000003
2025-10-18 02:24:52.199,106930.0,0.0001,10.693000000000001
2025-10-18 02:24:52.518,106930.0,0.04948,5290.8964000000005
2025-10-18 02:24:52.947,106929.99,7e-05,7.4850993
2025-10-18 02:24:53.262,106929.99,0.00115,122.9694885
2025-10-18 02:24:53.558,106930.0,0.07281,7785.5733
2025-10-18 02:24:53.825,106930.0,0.04676,5000.0468
2025-10-18 02:24:55.154,106930.0,0.00085,90.89049999999999
2025-10-18 02:24:56.369,106930.0,0.00012,12.8316
2025-10-18 02:24:57.144,106929.99,0.00026,27.801797399999998
2025-10-18 02:24:57.210,106929.99,0.00016,17.1087984
2025-10-18 02:24:58.439,106930.0,5e-05,5.346500000000001
2025-10-18 02:24:58.632,106930.0,0.00012,12.8316
2025-10-18 02:24:58.842,106930.0,0.00218,233.1074
2025-10-18 02:24:59.282,106929.99,0.00046,49.187795400000006
2025-10-18 02:25:00.817,106930.0,0.00223,238.45390000000003
2025-10-18 02:25:01.086,106930.0,0.00468,500.43240000000003
2025-10-18 02:25:01.240,106930.0,0.00014,14.970199999999998
2025-10-18 02:25:01.641,106930.0,0.00035,37.4255
2025-10-18 02:25:01.762,106929.99,0.01029,1100.3095971
2025-10-18 02:25:01.823,106930.0,0.05086,5438.4598000000005
2025-10-18 02:25:02.303,106930.0,0.00375,400.9875
2025-10-18 02:25:02.358,106930.0,7e-05,7.485099999999999
2025-10-18 02:25:02.524,106929.99,0.00995,1063.9534005
2025-10-18 02:25:02.680,106930.0,0.03,3207.9
2025-10-18 02:25:02.962,106930.0,9e-05,9.623700000000001
2025-10-18 02:25:03.932,106930.0,0.00022,23.5246
2025-10-18 02:25:04.371,106930.0,0.00935,999.7955000000001
2025-10-18 02:25:04.750,106929.99,0.0001,10.692999
2025-10-18 02:25:05.107,106930.0,0.00022,23.5246
2025-10-18 02:25:05.122,106930.0,0.00929,993.3797
2025-10-18 02:25:05.275,106929.99,7e-05,7.4850993
2025-10-18 02:25:05.563,106929.99,0.00028,29.9403972
2025-10-18 02:25:05.564,106930.0,0.0001,10.693000000000001
2025-10-18 02:25:06.722,106929.99,0.0007,74.850993
2025-10-18 02:25:07.069,106930.0,0.00046,49.1878
2025-10-18 02:25:07.291,106930.0,0.30705,32832.8565
2025-10-18 02:25:07.329,106930.0,0.00693,741.0249
2025-10-18 02:25:07.450,106930.0,0.1243,13291.399
2025-10-18 02:25:07.451,106930.0,0.07018,7504.347400000001
2025-10-18 02:25:07.453,106930.0,0.21538,23030.5834
2025-10-18 02:25:07.454,106930.0,0.0521,5571.053
2025-10-18 02:25:07.455,106930.0,0.10885,11639.3305
2025-10-18 02:25:07.456,106930.3,0.0002,21.38606
2025-10-18 02:25:07.458,106931.17,5e-05,5.3465585
2025-10-18 02:25:07.460,106933.35,0.0001,10.693335000000001
2025-10-18 02:25:07.464,106934.0,0.00225,240.6015
2025-10-18 02:25:07.469,106934.0,0.00129,137.94485999999998
2025-10-18 02:25:07.473,106936.0,0.00139,148.64104
2025-10-18 02:25:07.477,106936.0,0.00211,225.63495999999998
2025-10-18 02:25:07.479,106936.88,0.00055,58.815284000000005
2025-10-18 02:25:07.481,106939.76,0.00753,805.2563928
2025-10-18 02:25:07.552,106939.99,0.0056,598.8639440000001
2025-10-18 02:25:07.908,106940.0,0.027,2887.38
2025-10-18 02:25:07.981,106940.0,0.00066,70.5804
2025-10-18 02:25:09.962,106940.0,9e-05,9.624600000000001
2025-10-18 02:25:10.482,106940.0,0.00016,17.110400000000002
2025-10-18 02:25:13.017,106939.99,0.00772,825.5767228000001
2025-10-18 02:25:13.540,106940.0,0.00044,47.0536
2025-10-18 02:25:13.617,106940.0,0.0001,10.694
2025-10-18 02:25:15.493,106940.0,0.00019,20.3186
2025-10-18 02:25:16.575,106939.99,7e-05,7.4857993
2025-10-18 02:25:16.983,106939.99,0.02487,2659.5975513000003
2025-10-18 02:25:17.092,106939.99,0.231,24703.137690000003
2025-10-18 02:25:17.123,106940.0,0.00163,174.3122
2025-10-18 02:25:17.354,106940.0,0.00103,110.14820000000002
2025-10-18 02:25:17.743,106939.99,8e-05,8.5551992
2025-10-18 02:25:17.832,106940.0,0.0001,10.694
2025-10-18 02:25:18.850,106939.99,0.00052,55.6087948
2025-10-18 02:25:19.555,106940.0,0.00093,99.4542
2025-10-18 02:25:19.586,106940.0,8e-05,8.555200000000001
2025-10-18 02:25:19.604,106939.99,0.00753,805.2581247
2025-10-18 02:25:19.750,106940.0,0.00164,175.3816
2025-10-18 02:25:20.703,106940.0,0.00015,16.041
2025-10-18 02:25:21.902,106940.0,0.02423,2591.1562000000004
2025-10-18 02:25:22.420,106939.99,0.00018,19.249198200000002
2025-10-18 02:25:23.308,106939.99,0.012,1283.27988
2025-10-18 02:25:23.309,106939.99,0.012,1283.27988
2025-10-18 02:25:23.310,106939.99,0.35485,37947.6554515
2025-10-18 02:25:23.311,106939.99,0.487,52079.77513
2025-10-18 02:25:23.313,106935.02,0.0001,10.693502
2025-10-18 02:25:23.318,106934.0,0.0004,42.7736
2025-10-18 02:25:23.319,106931.5,6e-05,6.41589
2025-10-18 02:25:23.320,106929.99,0.08,8554.3992
2025-10-18 02:25:23.772,106929.99,0.23992,25654.6432008
2025-10-18 02:25:23.773,106929.99,0.04597,4915.5716403
2025-10-18 02:25:23.774,106929.99,0.16298,17427.4497702
2025-10-18 02:25:23.775,106929.99,0.3142,33597.402858
2025-10-18 02:25:23.780,106929.99,0.012,1283.1598800000002
2025-10-18 02:25:23.781,106929.99,0.012,1283.1598800000002
2025-10-18 02:25:23.782,106929.99,0.00935,999.7954065000001
2025-10-18 02:25:23.840,106930.0,0.00014,14.970199999999998
2025-10-18 02:25:23.889,106929.99,0.00024,25.6631976
2025-10-18 02:25:24.287,106930.0,0.00102,109.0686
2025-10-18 02:25:24.381,106930.0,0.00159,170.0187
2025-10-18 02:25:24.462,106929.99,0.0054,577.421946
2025-10-18 02:25:24.546,106929.99,0.06414,6858.4895586
2025-10-18 02:25:24.551,106929.99,0.007,748.50993
2025-10-18 02:25:24.554,106929.99,0.012,1283.1598800000002
2025-10-18 02:25:24.555,106929.99,0.012,1283.1598800000002
2025-10-18 02:25:24.557,106929.99,0.00115,122.9694885
2025-10-18 02:25:24.561,106929.89,0.0002,21.385978
2025-10-18 02:25:24.629,106929.3,0.00014,14.970101999999999
2025-10-18 02:25:24.631,106929.06,0.00686,733.5333516
2025-10-18 02:25:24.759,106929.06,0.00109,116.5526754
2025-10-18 02:25:25.015,106918.37,5e-05,5.3459185
2025-10-18 02:25:25.081,106914.38,0.008,855.3150400000001
2025-10-18 02:25:25.085,106914.38,0.008,855.3150400000001
2025-10-18 02:25:25.086,106914.38,0.008,855.3150400000001
2025-10-18 02:25:25.445,106914.39,0.00025,26.7285975
2025-10-18 02:25:26.547,106914.38,0.012,1282.9725600000002
2025-10-18 02:25:26.549,106914.38,0.84696,90552.20328480001
2025-10-18 02:25:26.551,106913.87,0.00015,16.0370805
2025-10-18 02:25:26.555,106913.45,0.0015,160.370175
2025-10-18 02:25:26.556,106910.6,0.00594,635.0489640000001
2025-10-18 02:25:26.557,106908.75,6e-05,6.414525
2025-10-18 02:25:26.615,106906.77,0.00099,105.8377023
2025-10-18 02:25:27.206,106906.18,0.00028,29.933730399999995
2025-10-18 02:25:27.239,106906.18,5e-05,5.345309
2025-10-18 02:25:27.296,106906.17,0.012,1282.87404
2025-10-18 02:25:27.990,106906.18,6e-05,6.4143707999999995
2025-10-18 02:25:27.994,106906.17,0.012,1282.87404
2025-10-18 02:25:27.996,106906.17,0.012,1282.87404
2025-10-18 02:25:28.165,106906.17,0.012,1282.87404
2025-10-18 02:25:28.687,106906.17,0.012,1282.87404
2025-10-18 02:25:28.688,106906.17,0.012,1282.87404
2025-10-18 02:25:28.689,106906.17,0.012,1282.87404
2025-10-18 02:25:30.021,106906.17,0.012,1282.87404
2025-10-18 02:25:30.023,106906.17,0.00423,452.2130991
2025-10-18 02:25:30.030,106904.25,0.00015,16.0356375
2025-10-18 02:25:30.031,106903.69,0.00015,16.0355535
2025-10-18 02:25:31.575,106901.16,8e-05,8.5520928
2025-10-18 02:25:32.189,106901.16,0.00028,29.9323248
2025-10-18 02:25:32.243,106901.16,0.00209,223.4234244
2025-10-18 02:25:32.937,106901.16,0.00017,18.1731972
2025-10-18 02:25:33.087,106901.17,0.0003,32.070350999999995
2025-10-18 02:25:33.088,106901.17,0.0003,32.070350999999995
2025-10-18 02:25:33.315,106907.96,0.00015,16.036194
2025-10-18 02:25:33.452,106907.97,0.01,1069.0797
2025-10-18 02:25:36.296,106907.97,5e-05,5.3453985
2025-10-18 02:25:37.006,106907.96,0.004,427.63184
2025-10-18 02:25:37.008,106907.96,0.004,427.63184
2025-10-18 02:25:37.344,106907.97,0.00028,29.934231599999997
2025-10-18 02:25:37.921,106907.96,0.0027,288.651492
2025-10-18 02:25:41.325,106907.97,0.00049,52.3849053
2025-10-18 02:25:42.640,106907.96,0.00689,736.5958444
2025-10-18 02:25:43.015,106907.96,0.00249,266.2008204
2025-10-18 02:25:43.574,106907.97,7e-05,7.483557899999999
2025-10-18 02:25:43.586,106907.96,0.00015,16.036194
2025-10-18 02:25:46.442,106910.52,0.00015,16.036578
2025-10-18 02:25:46.446,106910.53,5e-05,5.3455265
2025-10-18 02:25:46.566,106912.0,0.00303,323.94336000000004
2025-10-18 02:25:46.650,106912.0,0.00084,89.80608000000001
2025-10-18 02:25:47.195,106912.24,0.00011,11.760346400000001
2025-10-18 02:25:48.151,106912.24,0.00046,49.1796304
2025-10-18 02:25:48.353,106912.23,7e-05,7.483856099999999
2025-10-18 02:25:48.404,106912.24,0.00037,39.5575288
2025-10-18 02:25:48.686,106912.24,0.0024,256.589376
2025-10-18 02:25:49.743,106912.24,0.06636,7094.696246400001
2025-10-18 02:25:50.513,106912.24,0.00024,25.6589376
2025-10-18 02:25:51.823,106912.24,0.00031,33.1427944
2025-10-18 02:25:52.115,106915.14,5e-05,5.345757
2025-10-18 02:25:52.404,106915.25,0.00026,27.797964999999998
2025-10-18 02:25:53.010,106915.24,0.00048,51.319315200000005
2025-10-18 02:25:53.018,106915.24,0.29918,31986.901503200002
2025-10-18 02:25:53.088,106915.25,0.00012,12.829830000000001
2025-10-18 02:25:54.022,106915.25,0.00012,12.829830000000001
2025-10-18 02:25:54.249,106915.24,0.0001,10.691524000000001
2025-10-18 02:25:55.044,106915.25,0.05711,6105.9299275
2025-10-18 02:25:55.072,106915.25,0.00012,12.829830000000001
2025-10-18 02:25:55.434,106915.24,0.0013,138.989812
2025-10-18 02:25:55.634,106917.8,0.00015,16.03767
2025-10-18 02:25:55.723,106917.81,0.00068,72.70411080000001
2025-10-18 02:25:56.010,106917.81,0.00012,12.8301372
2025-10-18 02:25:56.547,106917.8,0.00041,43.836298
2025-10-18 02:25:56.582,106917.8,8e-05,8.553424000000001
2025-10-18 02:25:57.993,106917.81,0.00121,129.3705501
2025-10-18 02:25:58.464,106917.81,0.00412,440.50137720000004
2025-10-18 02:25:58.466,106917.83,0.0001,10.691783000000001
2025-10-18 02:25:58.467,106917.82,0.0003,32.075345999999996
2025-10-18 02:25:59.545,106919.75,0.00051,54.529072500000005
2025-10-18 02:25:59.604,106919.75,0.00936,1000.76886
2025-10-18 02:25:59.647,106919.75,0.00264,282.26814
2025-10-18 02:25:59.707,106919.74,0.00034,36.352711600000006
2025-10-18 02:25:59.823,106919.75,0.00012,12.83037
2025-10-18 02:26:00.041,106923.05,0.00066,70.569213
2025-10-18 02:26:00.726,106923.05,5e-05,5.3461525000000005
2025-10-18 02:26:01.451,106923.04,0.004,427.69216
2025-10-18 02:26:01.810,106923.05,0.00012,12.830766
2025-10-18 02:26:01.972,106923.04,7e-05,7.484612799999999
2025-10-18 02:26:02.020,106923.04,0.012,1283.07648
2025-10-18 02:26:02.021,106922.9,0.00029,31.007641
2025-10-18 02:26:02.022,106922.9,0.00061,65.22296899999999
2025-10-18 02:26:02.029,106919.75,0.00227,242.7078325
2025-10-18 02:26:02.094,106917.81,0.0002,21.383562
2025-10-18 02:26:02.115,106912.03,0.00015,16.0368045
2025-10-18 02:26:02.293,106912.02,0.00324,346.3949448
2025-10-18 02:26:02.457,106912.02,8e-05,8.552961600000001
2025-10-18 02:26:02.861,106912.03,0.00019,20.3132857
2025-10-18 02:26:03.030,106912.03,7e-05,7.4838420999999995
2025-10-18 02:26:03.117,106912.03,4e-05,4.2764812
2025-10-18 02:26:03.647,106912.02,0.012,1282.94424
2025-10-18 02:26:03.648,106912.02,0.012,1282.94424
2025-10-18 02:26:03.950,106912.03,6e-05,6.4147218
2025-10-18 02:26:04.819,106912.03,0.00051,54.5251353
2025-10-18 02:26:04.948,106912.03,7e-05,7.4838420999999995
2025-10-18 02:26:05.883,106912.03,0.00031,33.1427293
2025-10-18 02:26:06.329,106912.02,0.012,1282.94424
2025-10-18 02:26:06.330,106912.02,0.012,1282.94424
2025-10-18 02:26:06.331,106912.02,0.012,1282.94424
2025-10-18 02:26:06.570,106912.03,8e-05,8.5529624
2025-10-18 02:26:07.476,106912.03,0.00056,59.870736799999996
2025-10-18 02:26:08.409,106912.02,0.00532,568.7719464
2025-10-18 02:26:08.512,106912.03,0.00117,125.0870751
2025-10-18 02:26:09.474,106912.03,0.00467,499.27918009999996
2025-10-18 02:26:09.544,106912.03,0.00271,289.7316013
2025-10-18 02:26:10.382,106912.03,0.0028,299.353684
2025-10-18 02:26:10.596,106912.03,0.00935,999.6274805
2025-10-18 02:26:13.088,106912.03,0.00105,112.25763149999999
2025-10-18 02:26:13.809,106912.02,9e-05,9.6220818
2025-10-18 02:26:13.918,106912.03,0.00015,16.0368045
2025-10-18 02:26:14.380,106912.03,0.00026,27.7971278
2025-10-18 02:26:15.118,106912.02,0.00012,12.829442400000001
2025-10-18 02:26:15.332,106912.03,0.00063,67.3545789
2025-10-18 02:26:15.432,106912.02,0.00028,29.935365599999997
2025-10-18 02:26:16.299,106912.03,0.00079,84.4605037
2025-10-18 02:26:16.476,106912.03,0.00015,16.0368045
2025-10-18 02:26:16.685,106912.03,0.0001,10.691203
2025-10-18 02:26:16.862,106912.03,0.00211,225.58438329999998
2025-10-18 02:26:16.884,106912.03,0.00028,29.935368399999998
2025-10-18 02:26:16.919,106912.03,0.00141,150.7459623
2025-10-18 02:26:16.938,106912.03,0.00169,180.68133070000002
2025-10-18 02:26:16.970,106912.03,0.00094,100.49730819999999
2025-10-18 02:26:17.017,106912.03,7e-05,7.4838420999999995
2025-10-18 02:26:17.032,106912.02,9e-05,9.6220818
2025-10-18 02:26:17.913,106912.03,7e-05,7.4838420999999995
2025-10-18 02:26:18.091,106912.03,0.00024,25.6588872
2025-10-18 02:26:18.125,106912.03,0.07523,8042.992016900001
2025-10-18 02:26:18.432,106912.03,0.00047,50.248654099999996
2025-10-18 02:26:18.444,106912.03,0.00019,20.3132857
2025-10-18 02:26:18.561,106912.03,0.00861,920.5125783
2025-10-18 02:26:18.582,106912.03,0.00016,17.1059248
2025-10-18 02:26:18.691,106912.03,0.0001,10.691203
2025-10-18 02:26:19.067,106912.03,0.00033,35.2809699
2025-10-18 02:26:19.291,106912.03,0.00054,57.7324962
2025-10-18 02:26:19.922,106912.02,0.00104,111.1885008
2025-10-18 02:26:20.045,106912.03,6e-05,6.4147218
2025-10-18 02:26:20.062,106912.03,0.00037,39.5574511
2025-10-18 02:26:20.089,106912.03,0.00094,100.49730819999999
2025-10-18 02:26:20.282,106912.03,0.00025,26.7280075
2025-10-18 02:26:20.491,106912.03,7e-05,7.4838420999999995
2025-10-18 02:26:21.494,106916.3,0.00374,399.866962
2025-10-18 02:26:22.239,106921.33,0.00093,99.4368369
2025-10-18 02:26:22.582,106921.32,0.01326,1417.7767032
2025-10-18 02:26:22.899,106921.32,0.00021,22.453477200000002
2025-10-18 02:26:22.986,106921.32,0.00083,88.7446956
2025-10-18 02:26:23.032,106921.33,0.00468,500.3918244
2025-10-18 02:26:23.186,106921.33,0.00066,70.5680778
2025-10-18 02:26:24.767,106926.71,0.00015,16.0390065
2025-10-18 02:26:24.810,106930.0,0.00324,346.4532
2025-10-18 02:26:24.829,106930.0,0.09353,10001.1629
2025-10-18 02:26:24.919,106930.01,0.00047,50.2571047
2025-10-18 02:26:25.442,106930.0,0.00034,36.3562
2025-10-18 02:26:25.509,106930.01,0.00379,405.2647379
2025-10-18 02:26:26.139,106930.01,0.00957,1023.3201957
2025-10-18 02:26:26.574,106930.0,8e-05,8.554400000000001
2025-10-18 02:26:29.351,106930.0,0.00238,254.4934
2025-10-18 02:26:30.317,106930.01,0.00019,20.3167019
2025-10-18 02:26:30.585,106930.01,0.00984,1052.1912983999998
2025-10-18 02:26:30.920,106930.01,9e-05,9.6237009
2025-10-18 02:26:31.682,106930.01,0.00015,16.039501499999997
2025-10-18 02:26:32.877,106930.01,0.00046,49.1878046
2025-10-18 02:26:34.771,106930.0,0.00014,14.970199999999998
2025-10-18 02:26:35.024,106930.01,0.00084,89.8212084
2025-10-18 02:26:35.068,106930.0,0.00037,39.564099999999996
2025-10-18 02:26:35.083,106930.01,0.00016,17.1088016
2025-10-18 02:26:35.085,106930.01,0.0011,117.623011
2025-10-18 02:26:35.163,106930.01,0.00094,100.5142094
2025-10-18 02:26:35.205,106930.0,0.00016,17.108800000000002
2025-10-18 02:26:37.015,106934.54,0.00015,16.040180999999997
2025-10-18 02:26:38.010,106934.55,0.00018,19.248219000000002
2025-10-18 02:26:38.011,106936.59,5e-05,5.3468295
2025-10-18 02:26:38.442,106939.41,0.00117,125.11910970000001
2025-10-18 02:26:38.447,106939.41,0.00045,48.1227345
2025-10-18 02:26:38.848,106939.42,8e-05,8.5551536
2025-10-18 02:26:39.030,106939.41,6e-05,6.4163646000000005
2025-10-18 02:26:39.475,106939.41,7e-05,7.4857587
2025-10-18 02:26:40.228,106939.41,0.00051,54.53909910000001
2025-10-18 02:26:40.317,106939.42,0.00605,646.983491
2025-10-18 02:26:41.498,106939.41,8e-05,8.5551528
2025-10-18 02:26:42.490,106939.42,0.00467,499.40709139999996
2025-10-18 02:26:43.890,106939.42,0.00467,499.40709139999996
2025-10-18 02:26:44.550,106939.41,0.00014,14.9715174
2025-10-18 02:26:44.554,106939.41,0.0001,10.693941
2025-10-18 02:26:44.854,106939.42,0.00168,179.6582256
2025-10-18 02:26:45.512,106939.41,7e-05,7.4857587
2025-10-18 02:26:46.099,106939.41,0.00069,73.7881929
2025-10-18 02:26:46.232,106939.42,0.00015,16.040913
2025-10-18 02:26:46.235,106939.42,0.43345,46352.891599
2025-10-18 02:26:48.295,106940.0,0.00306,327.2364
2025-10-18 02:26:49.884,106939.99,0.0129,1379.525871
2025-10-18 02:26:50.135,106939.99,0.00284,303.7095716
2025-10-18 02:26:51.346,106940.0,0.00739,790.2866
2025-10-18 02:26:52.786,106939.99,0.0187,1999.7778130000002
2025-10-18 02:26:53.888,106940.0,0.00935,999.8890000000001
2025-10-18 02:26:53.918,106939.99,6e-05,6.4163994
2025-10-18 02:26:54.090,106940.0,0.00021,22.4574
2025-10-18 02:26:54.732,106939.99,0.06419,6864.4779581
2025-10-18 02:26:56.187,106940.0,0.00923,987.0562
2025-10-18 02:26:57.072,106940.0,0.00012,12.8328
2025-10-18 02:26:57.882,106940.0,0.00187,199.9778
2025-10-18 02:26:58.756,106939.99,0.004,427.75996000000004
2025-10-18 02:26:59.086,106940.0,0.09353,10002.0982
2025-10-18 02:26:59.237,106940.0,0.06499,6950.030600000001
2025-10-18 02:26:59.327,106940.0,0.00011,11.7634
2025-10-18 02:26:59.381,106939.99,0.01444,1544.2134556
2025-10-18 02:26:59.382,106939.99,0.02888,3088.4269112
2025-10-18 02:26:59.383,106939.99,0.03537,3782.4674463
2025-10-18 02:26:59.384,106939.99,0.02239,2394.3863761000002
2025-10-18 02:26:59.386,106939.99,0.0021,224.573979
2025-10-18 02:26:59.395,106939.99,0.0003,32.081997
2025-10-18 02:26:59.399,106939.99,0.02888,3088.4269112
2025-10-18 02:26:59.401,106939.99,0.012,1283.27988
2025-10-18 02:26:59.408,106939.99,0.012,1283.27988
2025-10-18 02:26:59.427,106939.99,1.25616,134333.7378384
2025-10-18 02:26:59.490,106939.99,0.10315,11030.8599685
2025-10-18 02:26:59.494,106939.99,0.1143,12223.240857
2025-10-18 02:26:59.499,106939.99,0.04357,4659.3753643
2025-10-18 02:26:59.502,106939.99,0.0222,2374.067778
2025-10-18 02:26:59.509,106939.99,0.031,3315.13969
2025-10-18 02:26:59.538,106939.99,0.22316,23864.7281684
2025-10-18 02:26:59.545,106939.99,0.00658,703.6651342
2025-10-18 02:26:59.553,106939.99,0.00782,836.2707218
2025-10-18 02:26:59.562,106939.99,0.01142,1221.2546858
2025-10-18 02:26:59.570,106939.99,0.08682,9284.5299318
2025-10-18 02:26:59.577,106939.99,0.02368,2532.3389632000003
2025-10-18 02:26:59.932,106939.99,8e-05,8.5551992
2025-10-18 02:26:59.975,106940.0,0.0002,21.388
2025-10-18 02:27:00.098,106940.0,0.00467,499.40979999999996
2025-10-18 02:27:00.476,106939.99,0.0192,2053.247808
2025-10-18 02:27:00.548,106939.99,5e-05,5.346999500000001
2025-10-18 02:27:00.680,106940.0,0.00229,244.8926
2025-10-18 02:27:00.746,106940.0,0.19505,20858.647
2025-10-18 02:27:00.823,106939.99,0.00024,25.6655976
2025-10-18 02:27:01.067,106940.0,0.00218,233.1292
2025-10-18 02:27:01.128,106940.0,0.00018,19.249200000000002
2025-10-18 02:27:01.491,106940.0,0.0002,21.388
2025-10-18 02:27:01.583,106939.99,9e-05,9.624599100000001
2025-10-18 02:27:01.985,106940.0,0.04084,4367.4296
2025-10-18 02:27:02.412,106940.0,0.00044,47.0536
2025-10-18 02:27:02.460,106939.99,0.00032,34.2207968
2025-10-18 02:27:02.516,106939.99,0.00012,12.8327988
2025-10-18 02:27:03.008,106940.0,5.1327,548890.938
2025-10-18 02:27:05.206,106940.01,7e-05,7.485800699999999
2025-10-18 02:27:05.996,106940.0,0.00042,44.9148
2025-10-18 02:27:08.253,106940.01,0.04567,4883.9502567
2025-10-18 02:27:08.891,106940.01,0.0001,10.694001
2025-10-18 02:27:09.141,106940.0,0.00437,467.32779999999997
2025-10-18 02:27:09.217,106940.01,0.00081,86.6214081
2025-10-18 02:27:09.219,106940.01,0.00176,188.2144176
2025-10-18 02:27:09.220,106940.01,0.00175,187.1450175
2025-10-18 02:27:09.221,106940.01,0.00096,102.6624096
2025-10-18 02:27:09.222,106940.01,0.00096,102.6624096
2025-10-18 02:27:09.223,106940.01,0.00097,103.7318097
2025-10-18 02:27:09.682,106940.01,0.00467,499.40984669999995
2025-10-18 02:27:10.517,106940.01,0.00375,401.02503749999994
2025-10-18 02:27:11.622,106940.01,0.00094,100.5236094
2025-10-18 02:27:11.685,106940.0,0.00039,41.7066
2025-10-18 02:27:11.711,106940.1,0.0002,21.38802
2025-10-18 02:27:11.716,106940.7,0.0035,374.29245
2025-10-18 02:27:11.719,106942.59,5e-05,5.3471295
2025-10-18 02:27:11.790,106943.24,0.00204,218.16420960000002
2025-10-18 02:27:12.015,106946.0,0.0028,299.4488
2025-10-18 02:27:12.252,106949.98,0.00089,95.1854822
2025-10-18 02:27:12.274,106949.98,0.00059,63.1004882
2025-10-18 02:27:14.872,106949.97,0.00017,18.1814949
2025-10-18 02:27:15.702,106949.98,0.00025,26.737495
2025-10-18 02:27:15.834,106949.97,0.01625,1737.9370125
2025-10-18 02:27:16.613,106949.98,0.00086,91.97698279999999
2025-10-18 02:27:17.248,106949.97,0.00011,11.7644967
2025-10-18 02:27:17.270,106949.98,0.04675,4999.911564999999
2025-10-18 02:27:17.786,106949.97,0.0028,299.459916
2025-10-18 02:27:18.234,106949.98,0.00019,20.3204962
2025-10-18 02:27:19.244,106949.97,0.00079,84.4904763
2025-10-18 02:27:19.518,106949.98,0.00081,86.62948379999999
2025-10-18 02:27:19.519,106949.98,0.00934,998.9128131999998
2025-10-18 02:27:19.520,106949.98,0.0071,759.344858
2025-10-18 02:27:19.718,106949.98,0.00094,100.5329812
2025-10-18 02:27:20.872,106949.98,5e-05,5.347499
2025-10-18 02:27:22.066,106949.97,0.0005,53.474985000000004
2025-10-18 02:27:22.770,106949.98,0.03741,4000.9987518
2025-10-18 02:27:23.366,106949.97,0.012,1283.39964
2025-10-18 02:27:23.368,106949.97,0.012,1283.39964
2025-10-18 02:27:24.058,106949.98,0.00423,452.39841540000003
2025-10-18 02:27:24.472,106949.98,0.00012,12.8339976
2025-10-18 02:27:25.047,106949.97,0.01814,1940.0724558
2025-10-18 02:27:25.159,106949.98,0.00051,54.5444898
2025-10-18 02:27:25.347,106949.97,0.00016,17.111995200000003
2025-10-18 02:27:25.491,106949.97,0.012,1283.39964
2025-10-18 02:27:25.993,106949.97,0.02618,2799.9502146
2025-10-18 02:27:26.339,106949.98,0.04636,4958.2010728
2025-10-18 02:27:26.501,106949.98,9e-05,9.625498200000001
2025-10-18 02:27:27.234,106949.97,0.012,1283.39964
2025-10-18 02:27:27.389,106949.97,0.00019,20.3204943
2025-10-18 02:27:27.895,106949.97,0.0028,299.459916
2025-10-18 02:27:27.930,106949.97,0.012,1283.39964
2025-10-18 02:27:27.997,106949.97,0.00175,187.1624475
2025-10-18 02:27:28.843,106949.97,0.00016,17.111995200000003
2025-10-18 02:27:29.713,106949.97,0.0069,737.954793
2025-10-18 02:27:29.855,106949.98,0.00019,20.3204962
2025-10-18 02:27:31.020,106949.98,0.00374,399.99292519999995
2025-10-18 02:27:31.395,106949.98,0.00561,599.9893878
2025-10-18 02:27:32.983,106949.98,0.00015,16.042496999999997
2025-10-18 02:27:33.219,106949.98,0.00015,16.042496999999997
2025-10-18 02:27:33.745,106949.97,0.012,1283.39964
2025-10-18 02:27:33.948,106949.98,0.00024,25.6679952
2025-10-18 02:27:33.965,106949.98,0.00046,49.1969908
2025-10-18 02:27:34.154,106949.97,0.012,1283.39964
2025-10-18 02:27:35.194,106949.97,0.00082,87.6989754
2025-10-18 02:27:35.394,106949.97,0.00016,17.111995200000003
2025-10-18 02:27:35.663,106949.98,0.00149,159.35547019999998
2025-10-18 02:27:37.131,106949.98,0.00018,19.250996400000002
2025-10-18 02:27:37.996,106949.98,0.00093,99.4634814
2025-10-18 02:27:38.352,106949.98,0.00047,50.2664906
2025-10-18 02:27:38.604,106949.97,9e-05,9.625497300000001
2025-10-18 02:27:39.314,106949.97,0.00018,19.250994600000002
2025-10-18 02:27:40.727,106949.98,0.00628,671.6458744
2025-10-18 02:27:41.575,106949.97,8e-05,8.555997600000001
2025-10-18 02:27:41.625,106949.97,0.00075,80.2124775
2025-10-18 02:27:42.081,106949.98,0.00014,14.972997199999998
2025-10-18 02:27:42.133,106949.97,0.04416,4722.9106752
2025-10-18 02:27:44.332,106949.98,5e-05,5.347499
2025-10-18 02:27:44.470,106949.97,7e-05,7.4864979
2025-10-18 02:27:44.822,106949.97,0.0187,1999.964439
2025-10-18 02:27:44.825,106949.97,9e-05,9.625497300000001
2025-10-18 02:27:45.035,106949.97,0.00025,26.737492500000002
2025-10-18 02:27:45.286,106949.97,0.00018,19.250994600000002
2025-10-18 02:27:45.600,106949.97,7e-05,7.4864979
2025-10-18 02:27:47.181,106949.98,0.00468,500.5259064
2025-10-18 02:27:47.192,106949.98,0.0002,21.389996
2025-10-18 02:27:47.617,106949.98,0.00747,798.9163506
2025-10-18 02:27:47.915,106949.98,9e-05,9.625498200000001
2025-10-18 02:27:49.267,106949.98,0.00093,99.4634814
2025-10-18 02:27:50.877,106949.98,7e-05,7.486498599999999
2025-10-18 02:27:50.975,106949.98,0.00011,11.7644978
2025-10-18 02:27:52.655,106949.97,0.00733,783.9432800999999
2025-10-18 02:27:52.866,106949.98,6e-05,6.4169988
2025-10-18 02:27:53.805,106951.49,0.00015,16.0427235
2025-10-18 02:27:53.806,106952.26,5e-05,5.347613
2025-10-18 02:27:53.809,106952.67,5e-05,5.347633500000001
2025-10-18 02:27:53.813,106952.67,0.00328,350.80475759999996
2025-10-18 02:27:53.915,106954.25,0.0038,406.42615
2025-10-18 02:27:54.385,106955.15,0.00032,34.225648
2025-10-18 02:27:54.549,106955.15,9e-05,9.6259635
2025-10-18 02:27:54.906,106955.14,0.00233,249.2054762
2025-10-18 02:27:55.518,106955.15,0.00116,124.06797399999999
2025-10-18 02:27:56.020,106955.14,0.00055,58.825327
2025-10-18 02:27:57.849,106955.14,8e-05,8.556411200000001
2025-10-18 02:27:58.454,106955.15,0.003,320.86545
2025-10-18 02:27:58.462,106955.14,0.00094,100.53783159999999
2025-10-18 02:27:58.515,106955.15,0.00011,11.7650665
2025-10-18 02:27:59.582,106955.15,0.00094,100.53784099999999
2025-10-18 02:28:00.168,106955.15,0.002,213.9103
2025-10-18 02:28:00.215,106963.75,0.00015,16.044562499999998
2025-10-18 02:28:00.364,106963.76,0.00093,99.4762968
2025-10-18 02:28:00.479,106963.76,0.00165,176.49020399999998
2025-10-18 02:28:01.282,106963.76,0.00024,25.6713024
2025-10-18 02:28:02.317,106963.75,0.02697,2884.8123375
2025-10-18 02:28:03.172,106963.76,0.00091,97.3370216
2025-10-18 02:28:03.535,106965.84,0.00753,805.4527752
2025-10-18 02:28:03.548,106966.0,0.1631,17446.154599999998
2025-10-18 02:28:03.616,106966.46,0.0001,10.696646000000001
2025-10-18 02:28:04.479,106967.06,0.00239,255.6512734
2025-10-18 02:28:04.843,106967.05,0.011,1176.63755
2025-10-18 02:28:05.031,106967.46,0.16005,17120.141973
2025-10-18 02:28:05.032,106967.76,0.0084,898.5291839999999
2025-10-18 02:28:05.033,106972.0,0.06091,6515.66452
2025-10-18 02:28:05.035,106972.0,0.03499,3742.95028
2025-10-18 02:28:05.036,106972.0,0.0172,1839.9184
2025-10-18 02:28:05.039,106975.81,0.03285,3514.1553584999997
2025-10-18 02:28:05.040,106976.61,0.03451,3691.7628111
2025-10-18 02:28:05.043,106977.0,0.00011,11.767470000000001
2025-10-18 02:28:05.080,106977.12,0.00045,48.139703999999995
2025-10-18 02:28:05.244,106977.36,0.00218,233.2106448
2025-10-18 02:28:05.303,106977.81,0.00085,90.93113849999999
2025-10-18 02:28:05.435,106977.82,0.00165,176.513403
2025-10-18 02:28:05.437,106978.0,0.003,320.934
2025-10-18 02:28:05.615,106978.01,0.00271,289.9104071
2025-10-18 02:28:05.619,106978.02,0.0012,128.373624
2025-10-18 02:28:05.633,106978.03,0.00017,18.1862651
2025-10-18 02:28:05.815,106978.03,0.00123,131.5829769
2025-10-18 02:28:06.037,106980.0,0.02235,2391.0029999999997
2025-10-18 02:28:06.052,106980.62,0.0001,10.698062
2025-10-18 02:28:06.054,106982.0,0.003,320.946
2025-10-18 02:28:06.058,106982.01,0.0014,149.774814
2025-10-18 02:28:06.089,106984.13,0.00025,26.746032500000002
2025-10-18 02:28:06.090,106988.27,5e-05,5.349413500000001
2025-10-18 02:28:06.091,106990.0,0.00286,305.9914
2025-10-18 02:28:06.095,106991.34,0.00069,73.82402459999999
2025-10-18 02:28:06.100,106991.91,0.0007,74.89433700000001
2025-10-18 02:28:06.105,106995.66,0.0007,74.896962
2025-10-18 02:28:06.119,106996.0,0.00934,999.34264
2025-10-18 02:28:06.152,106996.0,0.0005,53.498000000000005
2025-10-18 02:28:06.748,106996.0,0.0105,1123.458
2025-10-18 02:28:06.815,106998.0,0.00397,424.78205999999994
2025-10-18 02:28:08.018,106999.0,0.00022,23.53978
2025-10-18 02:28:08.185,106999.0,0.00146,156.21854
2025-10-18 02:28:08.419,106999.0,0.00458,490.05541999999997
2025-10-18 02:28:09.132,106998.99,0.00019,20.3298081
2025-10-18 02:28:09.812,106998.99,0.00351,375.56645490000005
2025-10-18 02:28:10.230,106998.99,0.00026,27.819737399999998
2025-10-18 02:28:10.309,106999.0,0.00082,87.73918
2025-10-18 02:28:10.583,106999.0,0.00052,55.63947999999999
2025-10-18 02:28:10.775,106999.0,0.01375,1471.23625
2025-10-18 02:28:11.575,106998.99,6e-05,6.4199394000000005
2025-10-18 02:28:11.719,106999.69,5e-05,5.349984500000001
2025-10-18 02:28:12.200,107000.0,0.00026,27.819999999999997
2025-10-18 02:28:12.399,107000.0,0.00011,11.77
2025-10-18 02:28:12.613,107000.0,0.00011,11.77
2025-10-18 02:28:13.524,107000.0,0.00056,59.919999999999995
2025-10-18 02:28:13.870,106999.99,0.08984,9612.879101600001
2025-10-18 02:28:13.934,107000.0,0.0001,10.700000000000001
2025-10-18 02:28:14.727,106999.99,0.00454,485.7799546
2025-10-18 02:28:14.925,106999.99,0.012,1283.99988
2025-10-18 02:28:15.030,106999.99,0.012,1283.99988
2025-10-18 02:28:15.031,106999.99,0.012,1283.99988
2025-10-18 02:28:15.274,107000.0,0.00017,18.19
2025-10-18 02:28:15.572,107000.0,3.39004,362734.27999999997
2025-10-18 02:28:15.832,106999.99,0.00025,26.749997500000003
2025-10-18 02:28:15.834,107000.0,0.00075,80.25
2025-10-18 02:28:16.726,107000.0,0.00509,544.63
2025-10-18 02:28:16.783,107001.76,0.00047,50.290827199999995
2025-10-18 02:28:16.791,107001.76,0.0002,21.400352
2025-10-18 02:28:16.920,107001.76,0.0001,10.700176
2025-10-18 02:28:17.082,107001.76,0.00021,22.4703696
2025-10-18 02:28:17.437,107001.76,0.00015,16.050264
2025-10-18 02:28:18.020,107001.76,0.01846,1975.2524896
2025-10-18 02:28:18.132,107001.76,9e-05,9.630158400000001
2025-10-18 02:28:18.517,107001.76,0.00019,20.3303344
2025-10-18 02:28:18.574,107001.76,6e-05,6.420105599999999
2025-10-18 02:28:18.625,107001.76,6e-05,6.420105599999999
2025-10-18 02:28:18.917,107001.76,7e-05,7.490123199999999
2025-10-18 02:28:19.132,107001.76,0.00141,150.8724816
2025-10-18 02:28:19.163,107001.76,0.0001,10.700176
2025-10-18 02:28:19.243,107001.75,0.00074,79.181295
2025-10-18 02:28:19.712,107001.75,0.00018,19.260315000000002
2025-10-18 02:28:20.114,107001.76,0.00239,255.7342064
2025-10-18 02:28:20.341,107006.41,0.00566,605.6562806000001
2025-10-18 02:28:20.346,107010.01,6e-05,6.4206006
2025-10-18 02:28:21.275,107010.01,0.0001,10.701001
2025-10-18 02:28:21.619,107010.0,0.00704,753.3504
2025-10-18 02:28:23.631,107010.01,9e-05,9.6309009
2025-10-18 02:28:23.889,107014.92,5e-05,5.350746
2025-10-18 02:28:24.150,107019.64,0.00608,650.6794112
2025-10-18 02:28:25.835,107019.65,0.00059,63.1415935
2025-10-18 02:28:26.086,107019.65,0.00058,62.071397
2025-10-18 02:28:27.437,107019.65,0.67095,71804.8341675
2025-10-18 02:28:27.589,107020.01,8e-05,8.5616008
2025-10-18 02:28:28.329,107020.0,0.00011,11.7722
2025-10-18 02:28:28.982,107020.01,0.00078,83.47560779999999
2025-10-18 02:28:29.368,107020.01,0.00716,766.2632715999999
2025-10-18 02:28:29.921,107020.01,0.0001,10.702001
2025-10-18 02:28:31.147,107020.01,0.00467,499.78344669999996
2025-10-18 02:28:31.864,107020.01,0.00012,12.8424012
2025-10-18 02:28:31.889,107020.0,0.00186,199.05720000000002
2025-10-18 02:28:32.285,107020.0,8e-05,8.5616
2025-10-18 02:28:32.743,107020.01,6e-05,6.4212006
2025-10-18 02:28:35.237,107020.01,6e-05,6.4212006
2025-10-18 02:28:35.307,107020.01,9e-05,9.6318009
2025-10-18 02:28:35.903,107020.01,0.0012,128.42401199999998
2025-10-18 02:28:36.316,107020.01,0.00011,11.7722011
2025-10-18 02:28:36.524,107020.0,0.00059,63.1418
2025-10-18 02:28:36.575,107020.0,5e-05,5.351
2025-10-18 02:28:37.409,107020.01,0.00011,11.7722011
2025-10-18 02:28:39.658,107020.01,0.00034,36.3868034
2025-10-18 02:28:40.057,107020.0,5e-05,5.351
2025-10-18 02:28:41.221,107020.01,0.00131,140.1962131
2025-10-18 02:28:41.302,107020.0,0.00355,379.92100000000005
2025-10-18 02:28:41.398,107020.01,0.00046,49.229204599999996
2025-10-18 02:28:41.575,107020.0,0.00316,338.1832
2025-10-18 02:28:41.832,107020.01,0.00612,654.9624611999999
2025-10-18 02:28:41.917,107020.01,0.00047,50.2994047
2025-10-18 02:28:42.262,107020.0,0.012,1284.24
2025-10-18 02:28:42.265,107020.0,0.012,1284.24
2025-10-18 02:28:43.950,107020.0,0.02193,2346.9486
2025-10-18 02:28:44.268,107020.0,0.00168,179.7936
2025-10-18 02:28:45.936,107020.0,5e-05,5.351
2025-10-18 02:28:45.992,107020.0,0.00021,22.4742
2025-10-18 02:28:47.265,107020.0,9e-05,9.6318
2025-10-18 02:28:48.285,107020.0,0.012,1284.24
2025-10-18 02:28:48.288,107020.0,0.012,1284.24
2025-10-18 02:28:48.311,107020.01,0.00025,26.7550025
2025-10-18 02:28:48.314,107020.0,0.012,1284.24
2025-10-18 02:28:48.598,107020.01,0.00025,26.7550025
2025-10-18 02:28:48.647,107020.01,0.00018,19.2636018
2025-10-18 02:28:48.778,107020.0,0.00419,448.41380000000004
2025-10-18 02:28:48.980,107020.0,0.0115,1230.73
2025-10-18 02:28:49.280,107020.01,0.00262,280.3924262
2025-10-18 02:28:49.631,107020.01,0.00075,80.2650075
2025-10-18 02:28:51.242,107020.01,0.00025,26.7550025
2025-10-18 02:28:51.248,107020.01,0.00691,739.5082691
2025-10-18 02:28:51.310,107020.0,4e-05,4.2808
2025-10-18 02:28:51.755,107020.0,0.00013,13.9126
2025-10-18 02:28:51.802,107020.0,0.00017,18.1934
2025-10-18 02:28:52.314,107020.0,0.0006,64.21199999999999
2025-10-18 02:28:52.868,107020.01,5e-05,5.3510005
2025-10-18 02:28:52.981,107020.01,0.00025,26.7550025
2025-10-18 02:28:53.216,107020.01,5e-05,5.3510005
2025-10-18 02:28:54.014,107020.0,0.15,16053.0
2025-10-18 02:28:54.241,107020.0,0.0003,32.105999999999995
2025-10-18 02:28:54.774,107020.0,0.00047,50.2994
2025-10-18 02:28:55.349,107020.96,0.16307,17451.9079472
2025-10-18 02:28:55.355,107020.96,0.0004,42.808384000000004
2025-10-18 02:28:55.357,107022.0,0.00025,26.7555
2025-10-18 02:28:55.362,107022.0,0.00265,283.6083
2025-10-18 02:28:55.400,107022.51,0.00065,69.56463149999999
2025-10-18 02:28:55.434,107023.32,0.00181,193.71220920000002
2025-10-18 02:28:55.503,107024.0,0.0036,385.2864
2025-10-18 02:28:55.556,107024.0,0.00072,77.05728
2025-10-18 02:28:55.561,107025.46,0.00299,320.00612540000003
2025-10-18 02:28:56.194,107026.06,0.00012,12.8431272
2025-10-18 02:28:56.624,107026.05,0.00101,108.0963105
2025-10-18 02:28:57.248,107026.06,0.00053,56.7238118
2025-10-18 02:28:57.317,107026.06,0.00094,100.60449639999999
2025-10-18 02:28:57.603,107026.05,0.00012,12.843126
2025-10-18 02:28:57.820,107026.06,0.00023,24.615993800000002
2025-10-18 02:28:59.297,107026.05,0.001,107.02605000000001
2025-10-18 02:28:59.419,107026.06,9e-05,9.6323454
2025-10-18 02:28:59.435,107026.06,0.00046,49.231987600000004
2025-10-18 02:29:00.152,107026.06,0.00093,99.5342358
2025-10-18 02:29:00.576,107026.05,6e-05,6.421563
2025-10-18 02:29:00.931,107026.05,0.01483,1587.1963215
2025-10-18 02:29:01.082,107026.05,0.00154,164.82011699999998
2025-10-18 02:29:01.264,107026.06,0.00014,14.983648399999998
2025-10-18 02:29:01.582,107026.05,0.0001,10.702605
2025-10-18 02:29:01.749,107026.05,6e-05,6.421563
2025-10-18 02:29:01.896,107026.06,5e-05,5.351303
2025-10-18 02:29:02.013,107026.06,0.00011,11.7728666
2025-10-18 02:29:02.044,107026.06,0.00075,80.269545
2025-10-18 02:29:02.768,107026.06,0.00018,19.2646908
2025-10-18 02:29:02.790,107026.05,0.00011,11.7728655
2025-10-18 02:29:04.781,107026.05,0.00017,18.1944285
2025-10-18 02:29:04.846,107026.06,0.00186,199.0684716
2025-10-18 02:29:04.964,107026.06,0.00032,34.248339200000004
2025-10-18 02:29:05.112,107026.06,0.00012,12.8431272
2025-10-18 02:29:05.320,107026.06,0.00916,980.3587096
2025-10-18 02:29:05.782,107026.06,0.0009,96.323454
2025-10-18 02:29:06.220,107026.05,0.0015,160.539075
2025-10-18 02:29:06.630,107026.06,5e-05,5.351303
2025-10-18 02:29:08.248,107026.06,0.00029,31.0375574
2025-10-18 02:29:09.736,107026.05,0.00051,54.5832855
2025-10-18 02:29:10.177,107026.05,0.00018,19.264689
2025-10-18 02:29:10.281,107026.06,0.00494,528.7087364
2025-10-18 02:29:10.469,107026.05,0.00454,485.898267
2025-10-18 02:29:11.070,107026.05,0.00018,19.264689
2025-10-18 02:29:12.544,107026.06,0.0144,1541.175264
2025-10-18 02:29:12.818,107026.05,8e-05,8.562084
2025-10-18 02:29:13.113,107026.05,0.00012,12.843126
2025-10-18 02:29:16.119,107026.05,0.0023,246.159915
2025-10-18 02:29:17.417,107026.05,9e-05,9.6323445
2025-10-18 02:29:18.115,107026.06,0.00046,49.231987600000004
2025-10-18 02:29:18.650,107026.05,0.00088,94.182924
2025-10-18 02:29:19.486,107026.06,0.09,9632.3454
2025-10-18 02:29:20.204,107026.05,0.25672,27475.727556
2025-10-18 02:29:20.205,107025.0,0.00015,16.053749999999997
2025-10-18 02:29:20.207,107020.01,0.00507,542.5914507
2025-10-18 02:29:20.208,107020.0,0.13467,14412.3834
2025-10-18 02:29:20.209,107020.0,0.02027,2169.2954
2025-10-18 02:29:20.210,107020.0,0.08,8561.6
2025-10-18 02:29:20.212,107020.0,0.386,41309.72
2025-10-18 02:29:20.213,107020.0,0.041,4387.820000000001
2025-10-18 02:29:20.215,107020.0,0.00933,998.4966
2025-10-18 02:29:20.219,107020.0,0.00691,739.5082
2025-10-18 02:29:20.220,107020.0,0.00665,711.683
2025-10-18 02:29:20.221,107020.0,0.382,40881.64
2025-10-18 02:29:20.222,107020.0,0.03055,3269.4610000000002
2025-10-18 02:29:20.223,107020.0,0.012,1284.24
2025-10-18 02:29:20.224,107020.0,0.02815,3012.6130000000003
2025-10-18 02:29:20.225,107020.0,0.26162,27998.5724
2025-10-18 02:29:20.228,107020.0,0.00731,782.3162
2025-10-18 02:29:20.229,107020.01,0.03691,3950.1085691
2025-10-18 02:29:20.233,107020.0,0.012,1284.24
2025-10-18 02:29:20.234,107020.0,0.012,1284.24
2025-10-18 02:29:20.235,107020.0,0.0513,5490.126
2025-10-18 02:29:20.237,107020.0,0.00848,907.5296
2025-10-18 02:29:20.247,107020.0,0.03012,3223.4424
2025-10-18 02:29:20.249,107020.0,0.03686,3944.7571999999996
2025-10-18 02:29:20.250,107020.0,0.2999,32095.298
2025-10-18 02:29:20.251,107020.0,0.01185,1268.187
2025-10-18 02:29:20.254,107020.0,0.08963,9592.2026
2025-10-18 02:29:20.259,107020.0,0.02312,2474.3024
2025-10-18 02:29:20.266,107020.0,0.0333,3563.7660000000005
2025-10-18 02:29:20.287,107018.9,0.0003,32.105669999999996
2025-10-18 02:29:20.301,107012.67,0.0001,10.701267
2025-10-18 02:29:20.303,107007.86,0.00015,16.051178999999998
2025-10-18 02:29:20.316,107006.95,0.02,2140.139
2025-10-18 02:29:20.927,107006.95,0.00946,1012.2857469999999
2025-10-18 02:29:21.214,107006.96,5e-05,5.350348
2025-10-18 02:29:21.617,107006.95,0.001,107.00695
2025-10-18 02:29:21.958,107006.95,0.001,107.00695
2025-10-18 02:29:23.018,107006.95,0.06492,6946.891194000001
2025-10-18 02:29:23.019,107006.95,0.09347,10001.9396165
2025-10-18 02:29:23.022,107003.7,5e-05,5.350185
2025-10-18 02:29:23.023,106998.99,0.04721,5051.4223179
2025-10-18 02:29:23.024,106996.75,0.16,17119.48
2025-10-18 02:29:23.025,106996.75,0.058,6205.811500000001
2025-10-18 02:29:23.027,106996.9,0.03121,3339.373249
2025-10-18 02:29:23.035,106996.75,0.012,1283.961
2025-10-18 02:29:23.039,106996.75,0.012,1283.961
2025-10-18 02:29:23.042,106996.75,0.00144,154.07532
2025-10-18 02:29:23.192,106996.75,6e-05,6.419805
2025-10-18 02:29:23.765,106996.75,0.04575,4895.1013125
2025-10-18 02:29:24.048,106996.76,0.00049,52.4284124
2025-10-18 02:29:24.195,106996.75,0.012,1283.961
2025-10-18 02:29:24.196,106996.75,0.012,1283.961
2025-10-18 02:29:24.198,106996.75,0.012,1283.961
2025-10-18 02:29:24.265,106996.75,0.03272,3500.9336599999997
2025-10-18 02:29:24.579,106996.75,0.00187,200.0839225
2025-10-18 02:29:24.584,106996.75,0.00026,27.819155
2025-10-18 02:29:24.597,106996.75,0.00721,771.4465675
2025-10-18 02:29:25.709,106996.76,0.00011,11.7696436
2025-10-18 02:29:25.764,106996.75,0.00012,12.83961
2025-10-18 02:29:25.991,106996.76,4e-05,4.2798704
2025-10-18 02:29:27.218,106996.76,0.00267,285.6813492
2025-10-18 02:29:27.433,106996.76,0.00089,95.22711639999999
2025-10-18 02:29:27.736,106996.75,0.012,1283.961
2025-10-18 02:29:28.175,106996.76,0.00238,254.6522888
2025-10-18 02:29:28.966,106996.76,0.00156,166.91494559999998
2025-10-18 02:29:29.118,106996.76,0.00054,57.7782504
2025-10-18 02:29:29.718,106996.75,8e-05,8.559740000000001
2025-10-18 02:29:29.763,106996.75,0.012,1283.961
2025-10-18 02:29:29.765,106996.75,0.012,1283.961
2025-10-18 02:29:31.389,106996.76,0.00015,16.049514
2025-10-18 02:29:32.027,106996.76,0.0001,10.699676
2025-10-18 02:29:32.387,106996.75,0.01181,1263.6316175
2025-10-18 02:29:32.977,106996.75,0.0458,4900.45115
2025-10-18 02:29:33.813,106996.76,0.00029,31.0290604
2025-10-18 02:29:34.177,106996.76,0.00101,108.0667276
2025-10-18 02:29:34.785,106996.76,0.00065,69.547894
2025-10-18 02:29:35.364,106996.75,8e-05,8.559740000000001
2025-10-18 02:29:35.738,106996.75,0.00076,81.31753
2025-10-18 02:29:35.774,106996.76,0.00037,39.5888012
2025-10-18 02:29:36.053,106996.76,0.01152,1232.6026752
2025-10-18 02:29:36.575,106996.75,7e-05,7.489772499999999
2025-10-18 02:29:36.949,106996.75,0.00569,608.8115075
2025-10-18 02:29:38.029,106996.76,0.00468,500.7448368
2025-10-18 02:29:38.133,106996.76,0.00187,200.08394119999997
2025-10-18 02:29:38.307,106996.76,0.0019,203.29384399999998
2025-10-18 02:29:38.580,106996.75,0.00234,250.372395
2025-10-18 02:29:38.799,106996.75,0.00021,22.469317500000002
2025-10-18 02:29:39.191,106996.76,0.01092,1168.4046191999998
2025-10-18 02:29:39.324,106996.76,0.00015,16.049514
2025-10-18 02:29:41.161,106996.76,0.00019,20.3293844
2025-10-18 02:29:41.238,106996.76,0.00041,43.8686716
2025-10-18 02:29:41.481,106996.76,0.027,2888.91252
2025-10-18 02:29:41.636,106996.76,0.00018,19.2594168
2025-10-18 02:29:41.875,106996.76,0.00018,19.2594168
2025-10-18 02:29:43.245,106996.76,0.00802,858.1140151999999
2025-10-18 02:29:44.405,106996.76,0.01684,1801.8254384
2025-10-18 02:29:44.475,106996.75,0.00011,11.7696425
2025-10-18 02:29:46.166,106996.75,0.012,1283.961
2025-10-18 02:29:46.167,106996.75,0.012,1283.961
2025-10-18 02:29:47.615,106996.75,0.00212,226.83311
2025-10-18 02:29:48.117,106996.76,0.00017,18.189449200000002
2025-10-18 02:29:49.577,106996.75,0.007,748.97725
2025-10-18 02:29:50.009,106996.76,0.00082,87.7373432
2025-10-18 02:29:51.720,106996.75,0.01121,1199.4335675
2025-10-18 02:29:52.548,106996.75,0.00041,43.8686675
2025-10-18 02:29:52.583,106996.76,0.0068,727.5779679999999
2025-10-18 02:29:52.606,106996.75,0.0001,10.699675000000001
2025-10-18 02:29:53.524,106996.75,7e-05,7.489772499999999
2025-10-18 02:29:54.187,106996.75,8e-05,8.559740000000001
2025-10-18 02:29:54.284,106996.76,6e-05,6.4198056
2025-10-18 02:29:54.449,106996.76,6e-05,6.4198056
2025-10-18 02:29:56.475,106996.76,0.00678,725.4380328
2025-10-18 02:29:56.551,106996.75,0.00819,876.3033824999999
2025-10-18 02:29:56.625,106996.75,0.00016,17.119480000000003
2025-10-18 02:29:56.763,106996.76,0.00029,31.0290604
2025-10-18 02:29:57.208,106996.75,0.00034,36.378895
2025-10-18 02:29:58.589,106996.75,0.00709,758.6069575
2025-10-18 02:29:59.224,106996.76,0.00122,130.53604719999998
2025-10-18 02:29:59.595,106996.76,0.00059,63.1280884
2025-10-18 02:30:00.490,106996.76,5e-05,5.349838
2025-10-18 02:30:00.582,106996.76,0.00095,101.64692199999999
2025-10-18 02:30:00.703,106996.75,0.00131,140.1657425
2025-10-18 02:30:00.818,106996.76,0.08631,9234.890355599999
2025-10-18 02:30:01.065,106996.76,0.00229,245.02258039999998
2025-10-18 02:30:01.080,106996.91,0.0001,10.699691000000001
2025-10-18 02:30:01.083,106999.12,0.0007,74.899384
2025-10-18 02:30:01.084,106999.12,0.0001,10.699912
2025-10-18 02:30:01.254,107001.03,0.00018,19.2601854
2025-10-18 02:30:01.777,107001.02,6e-05,6.4200612
2025-10-18 02:30:01.915,107005.4,5e-05,5.35027
2025-10-18 02:30:02.917,107007.01,9e-05,9.6306309
2025-10-18 02:30:02.918,107007.01,0.0657,7030.360556999999
2025-10-18 02:30:02.920,107007.03,0.0003,32.102109
2025-10-18 02:30:03.026,107007.36,0.0009,96.306624
2025-10-18 02:30:04.517,107007.45,0.027,2889.20115
2025-10-18 02:30:04.753,107007.45,0.0001,10.700745
2025-10-18 02:30:05.887,107007.45,0.00011,11.7708195
2025-10-18 02:30:07.174,107007.45,0.00048,51.363576
2025-10-18 02:30:08.104,107007.44,0.00014,14.9810416
2025-10-18 02:30:08.881,107007.44,0.10839,11598.5364216
2025-10-18 02:30:09.415,107008.68,0.0001,10.700868
2025-10-18 02:30:09.843,107010.12,0.00037,39.5937444
2025-10-18 02:30:10.287,107010.12,0.01301,1392.2016612
2025-10-18 02:30:10.415,107013.82,0.00015,16.052073
2025-10-18 02:30:10.717,107013.83,9e-05,9.6312447
2025-10-18 02:30:11.130,107013.82,0.00362,387.3900284
2025-10-18 02:30:11.815,107016.05,5e-05,5.3508025
2025-10-18 02:30:12.269,107016.46,0.0001,10.701646000000002
2025-10-18 02:30:12.283,107016.45,0.00012,12.841974
2025-10-18 02:30:12.841,107016.45,8e-05,8.561316
2025-10-18 02:30:13.657,107016.45,0.00731,782.2902495
2025-10-18 02:30:13.743,107016.45,0.00012,12.841974
2025-10-18 02:30:13.817,107018.46,0.00015,16.052768999999998
2025-10-18 02:30:13.825,107018.47,0.0002,21.403694
2025-10-18 02:30:14.028,107019.3,0.00013,13.912509
2025-10-18 02:30:14.208,107022.49,0.05352,5727.8436648
2025-10-18 02:30:15.202,107024.71,0.00021,22.4751891
2025-10-18 02:30:15.203,107024.71,0.00029,31.0371659
2025-10-18 02:30:15.364,107024.7,0.56,59933.832
2025-10-18 02:30:15.476,107024.7,0.00013,13.913210999999999
2025-10-18 02:30:15.769,107024.71,0.00591,632.5160361000001
2025-10-18 02:30:15.895,107025.77,0.00015,16.0538655
2025-10-18 02:30:16.332,107025.77,0.56,59934.431200000006
2025-10-18 02:30:17.288,107025.77,0.56,59934.431200000006
2025-10-18 02:30:17.978,107025.78,0.0005,53.51289
2025-10-18 02:30:18.195,107025.77,0.388,41525.99876
2025-10-18 02:30:18.819,107025.77,0.00162,173.3817474
2025-10-18 02:30:19.817,107025.78,0.00061,65.2857258
2025-10-18 02:30:20.131,107025.77,0.00042,44.950823400000004
2025-10-18 02:30:20.390,107025.78,0.00797,852.9954666
2025-10-18 02:30:20.532,107026.05,0.00069,73.84797449999999
2025-10-18 02:30:20.582,107026.05,0.00083,88.8316215
2025-10-18 02:30:21.033,107026.06,0.00088,94.1829328
2025-10-18 02:30:21.133,107026.05,0.00047,50.3022435
2025-10-18 02:30:21.583,107026.06,0.00062,66.3561572
2025-10-18 02:30:21.691,107026.06,0.00031,33.1780786
2025-10-18 02:30:22.867,107026.06,0.00037,39.5996422
2025-10-18 02:30:22.919,107026.06,0.00047,50.302248199999994
2025-10-18 02:30:23.391,107026.05,5e-05,5.3513025
2025-10-18 02:30:23.470,107026.06,0.00065,69.56693899999999
2025-10-18 02:30:23.709,107026.06,0.00234,250.4409804
2025-10-18 02:30:23.892,107026.06,0.00163,174.4524778
2025-10-18 02:30:24.386,107026.06,0.00019,20.3349514
2025-10-18 02:30:25.563,107026.05,0.00094,100.604487
2025-10-18 02:30:26.377,107026.05,0.00363,388.5045615
2025-10-18 02:30:26.787,107026.06,0.0001,10.702606
2025-10-18 02:30:28.020,107026.06,0.00033,35.3185998
2025-10-18 02:30:28.219,107026.05,0.00038,40.669899
2025-10-18 02:30:28.385,107026.06,0.00172,184.0848232
2025-10-18 02:30:28.470,107026.05,0.00029,31.037554500000002
2025-10-18 02:30:29.460,107026.05,7e-05,7.4918235
2025-10-18 02:30:29.684,107026.06,0.00094,100.60449639999999
2025-10-18 02:30:30.010,107026.05,0.00028,29.967294
2025-10-18 02:30:30.116,107026.05,0.00093,99.5342265
2025-10-18 02:30:30.597,107026.05,0.00051,54.5832855
2025-10-18 02:30:31.835,107026.06,0.00183,195.8576898
2025-10-18 02:30:31.837,107026.05,9e-05,9.6323445
2025-10-18 02:30:31.839,107026.06,0.00029,31.0375574
2025-10-18 02:30:32.227,107026.06,0.0034,363.888604
2025-10-18 02:30:32.990,107026.06,8e-05,8.562084800000001
2025-10-18 02:30:33.047,107026.06,0.00024,25.6862544
2025-10-18 02:30:33.075,107026.06,0.00019,20.3349514
2025-10-18 02:30:33.086,107026.06,0.00047,50.302248199999994
2025-10-18 02:30:33.132,107026.06,0.00047,50.302248199999994
2025-10-18 02:30:33.182,107026.06,0.0001,10.702606
2025-10-18 02:30:33.319,107026.06,0.00038,40.6699028
2025-10-18 02:30:33.691,107026.06,0.00017,18.1944302
2025-10-18 02:30:33.870,107026.06,0.00015,16.053908999999997
2025-10-18 02:30:34.382,107026.06,7e-05,7.491824199999999
2025-10-18 02:30:34.542,107026.05,0.00047,50.3022435
2025-10-18 02:30:34.839,107026.06,0.00013,13.913387799999999
2025-10-18 02:30:35.283,107026.06,0.00029,31.0375574
2025-10-18 02:30:35.875,107026.05,0.012,1284.3126
2025-10-18 02:30:36.114,107026.05,0.00034,36.388857
2025-10-18 02:30:36.118,107026.06,8e-05,8.562084800000001
2025-10-18 02:30:36.163,107026.06,0.0001,10.702606
2025-10-18 02:30:36.306,107026.06,2.3282,249178.07289199997
2025-10-18 02:30:36.334,107026.06,0.00042,44.9509452
2025-10-18 02:30:36.336,107026.05,0.003,321.07815
2025-10-18 02:30:36.575,107026.05,7e-05,7.4918235
2025-10-18 02:30:36.727,107026.06,0.00081,86.69110859999999
2025-10-18 02:30:36.742,107026.06,0.00346,370.3101676
2025-10-18 02:30:37.473,107026.06,0.00015,16.053908999999997
2025-10-18 02:30:37.591,107026.06,0.0001,10.702606
2025-10-18 02:30:37.891,107026.06,8e-05,8.562084800000001
2025-10-18 02:30:37.973,107026.06,0.00095,101.674757
2025-10-18 02:30:38.343,107026.06,0.00612,654.9994872
2025-10-18 02:30:38.346,107026.05,8e-05,8.562084
2025-10-18 02:30:38.865,107026.06,0.00011,11.7728666
2025-10-18 02:30:39.015,107026.05,0.00972,1040.293206
2025-10-18 02:30:39.533,107030.0,0.03442,3683.9726
2025-10-18 02:30:40.025,107030.33,0.00013,13.913942899999999
2025-10-18 02:30:41.562,107030.33,0.00044,47.0933452
2025-10-18 02:30:42.313,107030.33,9e-05,9.6327297
2025-10-18 02:30:42.427,107030.33,0.00691,739.5795803000001
2025-10-18 02:30:43.124,107030.34,0.00074,79.20245159999999
2025-10-18 02:30:43.391,107030.34,5e-05,5.351517
2025-10-18 02:30:43.493,107030.33,0.00478,511.60497740000005
2025-10-18 02:30:43.652,107035.36,0.36096,38635.4835456
2025-10-18 02:30:43.658,107038.66,0.00126,134.8687116
2025-10-18 02:30:43.693,107038.66,0.09951,10651.417056600001
2025-10-18 02:30:43.708,107038.66,0.06722,7195.1387252
2025-10-18 02:30:43.744,107038.67,0.00013,13.915027099999998
2025-10-18 02:30:43.931,107038.66,0.00101,108.10904660000001
2025-10-18 02:30:43.935,107038.66,0.32,34252.3712
2025-10-18 02:30:43.936,107036.86,0.03252,3480.8386872
2025-10-18 02:30:43.940,107030.0,0.00313,335.0039
2025-10-18 02:30:43.941,107024.47,0.00073,78.1278631
2025-10-18 02:30:44.052,107020.31,0.02297,2458.2565207000002
2025-10-18 02:30:44.202,107020.0,5e-05,5.351
2025-10-18 02:30:44.204,107016.82,5e-05,5.350841000000001
2025-10-18 02:30:44.213,107016.0,0.012,1284.192
2025-10-18 02:30:44.215,107013.84,0.00015,16.052076
2025-10-18 02:30:44.226,107013.83,0.012,1284.16596
2025-10-18 02:30:44.271,107013.84,9e-05,9.6312456
2025-10-18 02:30:44.324,107013.83,0.0002,21.402766
2025-10-18 02:30:44.586,107013.83,0.00015,16.0520745
2025-10-18 02:30:44.681,107013.83,0.006,642.08298
2025-10-18 02:30:44.684,107012.75,0.1767,18909.152925
2025-10-18 02:30:44.686,107012.72,0.0002,21.402544000000002
2025-10-18 02:30:44.688,107012.32,0.00465,497.607288
2025-10-18 02:30:44.689,107012.32,0.012,1284.14784
2025-10-18 02:30:44.691,107012.32,0.012,1284.14784
2025-10-18 02:30:44.715,107012.32,0.00111,118.78367520000002
2025-10-18 02:30:44.824,107011.64,0.00201,215.09339640000002
2025-10-18 02:30:44.915,107011.63,0.00225,240.77616749999999
2025-10-18 02:30:45.015,107006.25,6e-05,6.420375
2025-10-18 02:30:45.998,107003.82,0.00163,174.41622660000002
2025-10-18 02:30:47.087,107013.0,0.06,6420.78
2025-10-18 02:30:47.192,107020.01,0.01012,1083.0425012
2025-10-18 02:30:47.217,107020.0,9e-05,9.6318
2025-10-18 02:30:47.662,107020.0,0.005,535.1
2025-10-18 02:30:47.663,107020.0,0.01,1070.2
2025-10-18 02:30:47.981,107020.0,9e-05,9.6318
2025-10-18 02:30:48.575,107020.01,7e-05,7.491400699999999
2025-10-18 02:30:49.662,107020.01,0.00933,998.4966933
2025-10-18 02:30:50.040,107020.01,0.00064,68.4928064
2025-10-18 02:30:50.654,107020.01,0.01041,1114.0783041
2025-10-18 02:30:50.661,107020.01,0.0028,299.656028
2025-10-18 02:30:50.851,107020.01,0.00052,55.650405199999994
2025-10-18 02:30:51.218,107020.0,0.0014,149.828
2025-10-18 02:30:51.225,107020.01,0.00018,19.2636018
2025-10-18 02:30:52.024,107020.0,0.00014,14.9828
2025-10-18 02:30:52.108,107024.95,0.01854,1984.242573
2025-10-18 02:30:52.112,107028.34,6e-05,6.4217004
2025-10-18 02:30:52.215,107028.34,0.00093,99.5363562
2025-10-18 02:30:52.321,107028.34,0.0126,1348.557084
2025-10-18 02:30:53.048,107028.34,0.01066,1140.9221043999999
2025-10-18 02:30:53.153,107028.33,0.00014,14.9839662
2025-10-18 02:30:53.705,107028.34,0.00588,629.3266391999999
2025-10-18 02:30:54.153,107028.34,0.00279,298.6090686
2025-10-18 02:30:56.286,107028.33,0.05032,5385.665565599999
2025-10-18 02:30:56.445,107028.33,0.00061,65.2872813
2025-10-18 02:30:56.465,107028.34,0.00093,99.5363562
2025-10-18 02:30:56.576,107028.33,0.0001,10.702833
2025-10-18 02:30:57.132,107028.33,0.00045,48.1627485
2025-10-18 02:30:57.437,107028.33,0.0028,299.679324
2025-10-18 02:30:57.511,107028.34,0.00049,52.4438866
2025-10-18 02:30:57.706,107028.34,2.50806,268433.49842039996
2025-10-18 02:30:57.709,107029.58,0.00069,73.8504102
2025-10-18 02:30:57.827,107029.58,0.00019,20.3356202
2025-10-18 02:30:58.659,107029.58,0.00042,44.9524236
2025-10-18 02:31:00.556,107029.58,0.00212,226.9027096
2025-10-18 02:31:00.978,107029.58,0.00214,229.0433012
2025-10-18 02:31:01.231,107029.58,0.0003,32.108874
2025-10-18 02:31:01.341,107029.58,0.00017,18.1950286
2025-10-18 02:31:01.580,107029.58,0.0003,32.108874
2025-10-18 02:31:01.981,107029.58,0.00238,254.73040040000004
2025-10-18 02:31:02.030,107029.57,0.00372,398.15000040000007
2025-10-18 02:31:02.435,107029.57,0.16,17124.731200000002
2025-10-18 02:31:02.437,107029.57,0.81821,87572.6644697
2025-10-18 02:31:02.438,107029.56,0.0011,117.732516
2025-10-18 02:31:02.440,107026.07,0.00039,41.7401673
2025-10-18 02:31:02.445,107025.78,0.0094,1006.042332
2025-10-18 02:31:02.449,107025.78,0.012,1284.30936
2025-10-18 02:31:02.450,107025.78,0.012,1284.30936
2025-10-18 02:31:02.472,107025.79,0.00467,499.8104392999999
2025-10-18 02:31:02.715,107020.01,0.00015,16.053001499999997
2025-10-18 02:31:02.813,107020.01,0.00018,19.2636018
2025-10-18 02:31:03.120,107020.01,0.00022,23.5444022
2025-10-18 02:31:03.152,107020.01,0.79423,84998.50254229999
2025-10-18 02:31:03.220,107020.0,0.00049,52.4398
2025-10-18 02:31:03.232,107020.01,0.0001,10.702001
2025-10-18 02:31:03.283,107020.01,0.00019,20.3338019
2025-10-18 02:31:03.291,107020.01,0.0001,10.702001
2025-10-18 02:31:03.318,107020.01,0.00281,300.72622809999996
2025-10-18 02:31:03.391,107020.01,0.0001,10.702001
2025-10-18 02:31:03.419,107020.01,0.00094,100.5988094
2025-10-18 02:31:03.517,107020.01,0.00019,20.3338019
2025-10-18 02:31:03.531,107020.01,0.00019,20.3338019
2025-10-18 02:31:03.662,107020.01,7e-05,7.491400699999999
2025-10-18 02:31:03.674,107020.01,0.00013,13.912601299999999
2025-10-18 02:31:03.753,107020.01,0.01049,1122.6399049
2025-10-18 02:31:04.011,107020.01,0.04989,5339.2282989
2025-10-18 02:31:04.032,107020.01,0.0001,10.702001
2025-10-18 02:31:04.091,107020.01,0.09989,10690.2287989
2025-10-18 02:31:04.355,107020.01,0.00022,23.5444022
2025-10-18 02:31:05.362,107020.01,0.00066,70.6332066
2025-10-18 02:31:05.615,107027.3,0.00015,16.054095
2025-10-18 02:31:05.715,107029.69,0.00015,16.054453499999997
2025-10-18 02:31:05.882,107029.7,8e-05,8.562376
2025-10-18 02:31:06.229,107029.7,0.00068,72.780196
2025-10-18 02:31:06.337,107029.69,0.00015,16.054453499999997
2025-10-18 02:31:06.488,107029.69,9e-05,9.6326721
2025-10-18 02:31:06.552,107029.7,0.00221,236.535637
2025-10-18 02:31:06.556,107029.71,0.0017,181.950507
2025-10-18 02:31:07.318,107029.81,0.00333,356.4092673
2025-10-18 02:31:08.082,107033.6,9e-05,9.633024
2025-10-18 02:31:08.415,107033.61,0.02736,2928.4395695999997
2025-10-18 02:31:08.971,107035.25,0.00091,97.4020775
2025-10-18 02:31:09.009,107035.25,0.00958,1025.3976949999999
2025-10-18 02:31:09.095,107035.25,0.01508,1614.09157
2025-10-18 02:31:09.150,107035.25,0.03481,3725.8970525
2025-10-18 02:31:09.437,107035.25,0.00012,12.84423
2025-10-18 02:31:10.212,107035.24,0.00056,59.9397344
2025-10-18 02:31:10.436,107035.25,0.05689,6089.2353725
2025-10-18 02:31:10.481,107035.25,0.03686,3945.3193149999997
2025-10-18 02:31:10.670,107035.25,0.00012,12.84423
2025-10-18 02:31:10.675,107035.25,0.0061,652.915025
2025-10-18 02:31:11.634,107035.25,0.00012,12.84423
2025-10-18 02:31:11.789,107035.24,0.00566,605.8194584
2025-10-18 02:31:12.464,107035.24,0.00011,11.7738764
2025-10-18 02:31:12.612,107035.25,1.48784,159251.32636
2025-10-18 02:31:12.721,107035.25,0.00012,12.84423
2025-10-18 02:31:12.770,107035.24,8e-05,8.562819200000002
2025-10-18 02:31:13.220,107035.55,0.0004,42.814220000000006
2025-10-18 02:31:13.415,107035.55,0.00199,213.0007445
2025-10-18 02:31:13.615,107038.09,0.00015,16.0557135
2025-10-18 02:31:13.939,107038.09,0.0002,21.407618
2025-10-18 02:31:14.693,107038.75,0.00021,22.478137500000003
2025-10-18 02:31:14.898,107038.75,7e-05,7.4927125
2025-10-18 02:31:15.074,107038.76,0.00186,199.0920936
2025-10-18 02:31:15.629,107038.95,0.00264,282.582828
2025-10-18 02:31:15.935,107039.73,0.01031,1103.5796163
2025-10-18 02:31:15.990,107039.73,0.00086,92.05416779999999
2025-10-18 02:31:16.130,107039.73,0.01395,1493.2042335
2025-10-18 02:31:16.180,107039.73,0.00368,393.9062064
2025-10-18 02:31:16.864,107039.73,0.00102,109.1805246
2025-10-18 02:31:16.986,107041.98,0.05352,5728.8867696
2025-10-18 02:31:17.029,107041.98,0.00151,161.6333898
2025-10-18 02:31:17.104,107041.98,0.00109,116.6757582
2025-10-18 02:31:19.054,107044.39,0.00015,16.056658499999998
2025-10-18 02:31:19.136,107045.93,0.00061,65.2980173
2025-10-18 02:31:19.598,107045.93,0.01009,1080.0934336999999
2025-10-18 02:31:19.827,107045.93,0.04989,5340.521447699999
2025-10-18 02:31:20.217,107045.93,0.00027,28.9024011
2025-10-18 02:31:20.521,107045.93,0.08096,8666.4384928
2025-10-18 02:31:20.564,107045.93,0.002,214.09186
2025-10-18 02:31:21.475,107050.0,0.00907,970.9435
2025-10-18 02:31:21.615,107052.13,0.0001,10.705213
2025-10-18 02:31:21.733,107054.41,0.00025,26.7636025
2025-10-18 02:31:21.735,107054.4,0.0028,299.75232
2025-10-18 02:31:22.141,107054.41,0.0001,10.705441
2025-10-18 02:31:22.393,107054.4,0.00526,563.106144
2025-10-18 02:31:22.607,107054.4,5e-05,5.35272
2025-10-18 02:31:23.033,107054.4,0.00019,20.340336
2025-10-18 02:31:23.387,107054.41,0.01025,1097.3077025
2025-10-18 02:31:23.414,107054.41,0.00067,71.7264547
2025-10-18 02:31:23.727,107054.4,0.00048,51.386112
2025-10-18 02:31:23.728,107054.4,0.00048,51.386112
2025-10-18 02:31:23.954,107054.4,0.00011,11.775984
2025-10-18 02:31:24.181,107054.41,0.0499,5342.015059
2025-10-18 02:31:25.270,107054.4,0.00018,19.269792
2025-10-18 02:31:25.881,107055.53,0.09753,10441.1258409
2025-10-18 02:31:26.075,107055.53,0.00016,17.1288848
2025-10-18 02:31:26.891,107055.53,0.00021,22.4816613
2025-10-18 02:31:27.132,107055.53,0.01123,1202.2336019
2025-10-18 02:31:27.450,107055.54,7e-05,7.493887799999999
2025-10-18 02:31:27.997,107055.54,0.00014,14.987775599999997
2025-10-18 02:31:28.042,107059.19,0.12113,12968.0796847
2025-10-18 02:31:28.944,107060.0,0.00018,19.2708
2025-10-18 02:31:29.084,107060.01,9e-05,9.6354009
2025-10-18 02:31:29.345,107060.01,0.00053,56.741805299999996
2025-10-18 02:31:29.359,107060.0,0.00045,48.177
2025-10-18 02:31:29.414,107060.01,0.0005,53.530004999999996
2025-10-18 02:31:30.667,107060.0,0.00275,294.41499999999996
2025-10-18 02:31:30.668,107060.0,0.00031,33.1886
2025-10-18 02:31:31.184,107060.0,0.01539,1647.6534
2025-10-18 02:31:31.375,107060.0,0.0004,42.824000000000005
2025-10-18 02:31:31.507,107064.52,8e-05,8.565161600000001
2025-10-18 02:31:31.514,107069.69,0.00154,164.8873226
2025-10-18 02:31:31.578,107069.7,0.01474,1578.2073779999998
2025-10-18 02:31:31.779,107069.69,0.00021,22.4846349
2025-10-18 02:31:32.232,107069.7,0.0001,10.70697
2025-10-18 02:31:32.842,107069.69,0.0093,995.748117
2025-10-18 02:31:32.849,107069.69,0.02482,2657.4697057999997
2025-10-18 02:31:32.852,107068.62,7e-05,7.4948033999999994
2025-10-18 02:31:32.853,107068.62,0.00032,34.261958400000005
2025-10-18 02:31:32.873,107068.62,0.00076,81.3721512
2025-10-18 02:31:32.880,107068.61,0.00011,11.7775471
2025-10-18 02:31:32.915,107068.61,0.00254,271.95426940000004
2025-10-18 02:31:32.916,107068.6,0.00105,112.42202999999999
2025-10-18 02:31:33.205,107064.84,0.00184,196.99930559999999
2025-10-18 02:31:33.510,107064.84,0.0001,10.706484
2025-10-18 02:31:34.485,107064.84,0.00018,19.2716712
2025-10-18 02:31:35.572,107064.84,0.00278,297.64025519999996
2025-10-18 02:31:36.539,107064.84,9e-05,9.6358356
2025-10-18 02:31:36.575,107064.83,7e-05,7.4945381
2025-10-18 02:31:36.639,107064.84,0.00552,590.9979168
2025-10-18 02:31:37.600,107064.84,9e-05,9.6358356
2025-10-18 02:31:38.125,107064.84,0.00224,239.82524159999997
2025-10-18 02:31:38.215,107064.83,0.16,17130.3728
2025-10-18 02:31:38.217,107064.76,0.0001,10.706476
2025-10-18 02:31:38.218,107056.64,0.00025,26.76416
2025-10-18 02:31:38.226,107049.0,0.012,1284.588
2025-10-18 02:31:38.231,107049.0,0.012,1284.588
2025-10-18 02:31:38.424,107049.01,5e-05,5.3524505
2025-10-18 02:31:39.335,107049.01,0.00338,361.8256538
2025-10-18 02:31:40.920,107049.0,0.012,1284.588
2025-10-18 02:31:40.921,107049.0,0.012,1284.588
2025-10-18 02:31:41.281,107049.01,4.31607,462031.0205907
2025-10-18 02:31:41.600,107049.01,0.00047,50.313034699999996
2025-10-18 02:31:42.128,107049.0,0.00023,24.62127
2025-10-18 02:31:42.297,107049.0,0.012,1284.588
2025-10-18 02:31:42.298,107049.0,0.012,1284.588
2025-10-18 02:31:42.880,107049.01,0.00046,49.2425446
2025-10-18 02:31:43.351,107049.01,0.00028,29.973722799999997
2025-10-18 02:31:43.372,107049.01,0.00189,202.32262889999998
2025-10-18 02:31:43.574,107049.0,0.1288,13787.9112
2025-10-18 02:31:43.605,107049.0,0.012,1284.588
2025-10-18 02:31:44.309,107049.01,0.00013,13.916371299999998
2025-10-18 02:31:44.890,107049.01,0.0006,64.229406
2025-10-18 02:31:44.962,107049.01,0.00025,26.7622525
2025-10-18 02:31:45.509,107049.0,8e-05,8.563920000000001
2025-10-18 02:31:45.747,107049.24,0.02056,2200.9323744
2025-10-18 02:31:46.564,107049.23,0.00086,92.0623378
2025-10-18 02:31:46.818,107049.24,0.0034,363.967416
2025-10-18 02:31:47.821,107049.24,0.00094,100.6262856
2025-10-18 02:31:48.069,107049.23,0.012,1284.59076
2025-10-18 02:31:48.071,107049.23,0.012,1284.59076
2025-10-18 02:31:48.073,107049.23,0.012,1284.59076
2025-10-18 02:31:48.089,107049.23,6e-05,6.4229538
2025-10-18 02:31:48.582,107049.23,0.10154,10869.7788142
2025-10-18 02:31:48.858,107049.24,1.38647,148420.5597828
2025-10-18 02:31:49.187,107049.23,0.012,1284.59076
2025-10-18 02:31:49.188,107049.23,0.012,1284.59076
2025-10-18 02:31:49.189,107049.23,0.012,1284.59076
2025-10-18 02:31:49.643,107049.24,0.00015,16.057386
2025-10-18 02:31:50.050,107049.24,0.00093,99.55579320000001
2025-10-18 02:31:50.743,107049.23,9e-05,9.634430700000001
2025-10-18 02:31:50.962,107049.23,0.012,1284.59076
2025-10-18 02:31:50.964,107049.23,0.012,1284.59076
2025-10-18 02:31:51.041,107049.24,0.00059,63.159051600000005
2025-10-18 02:31:51.345,107049.24,0.00765,818.926686
2025-10-18 02:31:51.718,107049.23,0.012,1284.59076
2025-10-18 02:31:51.719,107049.23,0.012,1284.59076
2025-10-18 02:31:51.725,107049.23,0.0175,1873.361525
2025-10-18 02:31:52.304,107049.23,0.0099,1059.787377
2025-10-18 02:31:52.715,107049.23,0.00024,25.6918152
2025-10-18 02:31:52.754,107049.23,5e-05,5.3524615
2025-10-18 02:31:52.795,107049.23,0.012,1284.59076
2025-10-18 02:31:52.796,107049.23,0.012,1284.59076
2025-10-18 02:31:52.939,107049.23,0.0056,599.475688
2025-10-18 02:31:53.111,107049.23,5e-05,5.3524615
2025-10-18 02:31:53.738,107049.24,0.00138,147.7279512
2025-10-18 02:31:54.032,107049.24,0.00186,199.11158640000002
2025-10-18 02:31:55.279,107049.24,0.00304,325.4296896
2025-10-18 02:31:56.575,107049.24,0.00019,20.3393556
2025-10-18 02:31:57.396,107049.24,0.00016,17.127878400000004
2025-10-18 02:31:57.991,107049.24,0.0006,64.229544
2025-10-18 02:31:58.576,107049.23,0.11719,12545.0992637
2025-10-18 02:31:59.534,107049.24,0.00014,14.9868936
2025-10-18 02:32:00.636,107049.23,0.06173,6608.1489679
2025-10-18 02:32:00.929,107049.24,0.00018,19.268863200000002
2025-10-18 02:32:02.906,107049.24,0.0013,139.164012
2025-10-18 02:32:02.941,107049.24,0.05604,5999.0394096
2025-10-18 02:32:03.162,107049.23,0.00016,17.1278768
2025-10-18 02:32:03.183,107049.24,0.00036,38.537726400000004
2025-10-18 02:32:03.333,107049.23,7e-05,7.493446099999999
2025-10-18 02:32:03.528,107049.24,0.01806,1933.3092744
2025-10-18 02:32:03.575,107049.23,0.09985,10688.865615499999
2025-10-18 02:32:04.164,107049.23,0.0008,85.639384
2025-10-18 02:32:04.692,107049.24,0.00195,208.746018
2025-10-18 02:32:05.592,107049.24,0.00046,49.2426504
2025-10-18 02:32:06.421,107049.23,0.00037,39.608215099999995
2025-10-18 02:32:06.575,107049.23,9e-05,9.634430700000001
2025-10-18 02:32:06.741,107049.24,0.0001,10.704924000000002
2025-10-18 02:32:07.965,107049.24,0.00599,641.2249476
2025-10-18 02:32:08.383,107049.24,0.0004,42.81969600000001
2025-10-18 02:32:08.574,107049.23,0.10108,10820.5361684
2025-10-18 02:32:08.937,107049.24,0.00119,127.38859560000002
2025-10-18 02:32:09.185,107049.23,0.00014,14.986892199999998
2025-10-18 02:32:10.749,107049.24,0.00324,346.83953759999997
2025-10-18 02:32:11.047,107049.24,0.00046,49.2426504
2025-10-18 02:32:11.094,107049.24,0.00018,19.268863200000002
2025-10-18 02:32:11.657,107049.23,0.00013,13.916399899999998
2025-10-18 02:32:11.670,107049.24,0.00014,14.9868936
2025-10-18 02:32:11.784,107049.24,0.00054,57.8065896
2025-10-18 02:32:13.058,107049.23,0.00422,451.74775059999996
2025-10-18 02:32:13.234,107049.24,0.01373,1469.7860652
2025-10-18 02:32:13.311,107049.24,0.15,16057.386
2025-10-18 02:32:14.267,107049.24,0.00054,57.8065896
2025-10-18 02:32:14.590,107049.24,9e-05,9.634431600000001
2025-10-18 02:32:14.629,107049.24,8e-05,8.563939200000002
2025-10-18 02:32:14.880,107049.23,0.00013,13.916399899999998
2025-10-18 02:32:14.962,107049.23,0.0057,610.180611
2025-10-18 02:32:15.076,107049.24,0.00608,650.8593792
2025-10-18 02:32:15.478,107049.24,0.00053,56.7360972
2025-10-18 02:32:15.632,107049.23,0.00099,105.9787377
2025-10-18 02:32:15.963,107049.24,0.00145,155.221398
2025-10-18 02:32:15.964,107049.23,0.04699,5030.243317699999
2025-10-18 02:32:16.505,107049.24,0.02472,2646.2572128
2025-10-18 02:32:16.506,107049.24,0.003,321.14772000000005
2025-10-18 02:32:16.670,107049.24,0.00015,16.057386
2025-10-18 02:32:16.772,107049.24,9e-05,9.634431600000001
2025-10-18 02:32:17.082,107049.24,0.00094,100.6262856
2025-10-18 02:32:17.133,107049.24,0.00203,217.3099572
2025-10-18 02:32:17.175,107049.24,0.0001,10.704924000000002
2025-10-18 02:32:17.210,107049.24,0.00281,300.8083644
2025-10-18 02:32:17.232,107049.24,0.00132,141.3049968
2025-10-18 02:32:17.281,107049.24,0.00094,100.6262856
2025-10-18 02:32:17.318,107049.24,0.0001,10.704924000000002
2025-10-18 02:32:17.532,107049.24,0.00024,25.6918176
2025-10-18 02:32:17.543,107049.24,0.00094,100.6262856
2025-10-18 02:32:17.925,107049.24,0.00094,100.6262856
2025-10-18 02:32:18.225,107049.24,0.0001,10.704924000000002
2025-10-18 02:32:18.378,107049.23,0.00028,29.973784399999996
2025-10-18 02:32:18.574,107049.23,0.1179,12621.104217
2025-10-18 02:32:18.585,107049.23,0.00018,19.268861400000002
2025-10-18 02:32:18.813,107049.24,0.00015,16.057386
2025-10-18 02:32:18.924,107049.24,0.00038,40.6787112
2025-10-18 02:32:18.970,107049.24,0.00609,651.9298716000001
2025-10-18 02:32:19.159,107049.24,0.0025,267.6231
2025-10-18 02:32:19.597,107049.23,0.01391,1489.0547893
2025-10-18 02:32:20.288,107049.24,0.00013,13.9164012
2025-10-18 02:32:20.726,107049.24,0.00182,194.8296168
2025-10-18 02:32:20.996,107049.23,0.018,1926.8861399999998
2025-10-18 02:32:21.927,107049.24,0.00018,19.268863200000002
2025-10-18 02:32:22.339,107049.24,9e-05,9.634431600000001
2025-10-18 02:32:23.582,107049.23,0.13018,13935.668761399998
2025-10-18 02:32:24.982,107049.23,0.00934,999.8398081999999
2025-10-18 02:32:24.984,107049.23,0.02,2140.9846
2025-10-18 02:32:25.588,107049.24,0.00934,999.8399016
2025-10-18 02:32:25.625,107049.23,0.00061,65.30003029999999
2025-10-18 02:32:25.643,107049.23,8e-05,8.5639384
2025-10-18 02:32:26.591,107049.23,0.00013,13.916399899999998
2025-10-18 02:32:26.762,107049.24,0.00057,61.0180668
2025-10-18 02:32:26.859,107049.24,0.00021,22.480340400000003
2025-10-18 02:32:27.917,107049.24,0.00033,35.3262492
2025-10-18 02:32:28.396,107049.24,0.00075,80.28693000000001
2025-10-18 02:32:29.594,107049.24,0.00045,48.172158
2025-10-18 02:32:30.793,107049.23,0.06173,6608.1489679
2025-10-18 02:32:31.210,107049.23,0.012,1284.59076
2025-10-18 02:32:31.211,107049.23,0.012,1284.59076
2025-10-18 02:32:31.575,107049.24,0.00722,772.8955128
2025-10-18 02:32:31.885,107049.24,0.0003,32.114772
2025-10-18 02:32:32.163,107049.23,0.00051,54.5951073
2025-10-18 02:32:32.821,107049.24,0.00093,99.55579320000001
2025-10-18 02:32:32.985,107049.24,0.0467,4999.199508
2025-10-18 02:32:33.209,107049.24,5e-05,5.352462000000001
2025-10-18 02:32:33.475,107049.23,0.00024,25.6918152
2025-10-18 02:32:33.575,107049.23,0.06786,7264.3607478
2025-10-18 02:32:33.723,107049.23,0.0001,10.704923
2025-10-18 02:32:35.208,107049.24,0.00093,99.55579320000001
2025-10-18 02:32:35.735,107049.23,0.00971,1039.4480233
2025-10-18 02:32:36.440,107049.23,0.00668,715.0888563999999
2025-10-18 02:32:37.203,107049.23,0.00494,528.8231962
2025-10-18 02:32:37.305,107049.23,0.00092,98.4852916
2025-10-18 02:32:37.709,107049.23,0.07105,7605.8477915
2025-10-18 02:32:38.295,107049.23,0.00033,35.326245899999996
2025-10-18 02:32:38.578,107049.24,0.00012,12.8459088
2025-10-18 02:32:38.968,107049.23,0.00124,132.7410452
2025-10-18 02:32:39.754,107049.24,0.01049,1122.9465276
2025-10-18 02:32:39.932,107049.24,0.04988,5339.6160912000005
2025-10-18 02:32:40.079,107049.24,0.11404,12207.8953296
2025-10-18 02:32:40.120,107049.23,0.00012,12.8459076
2025-10-18 02:32:40.221,107049.24,0.0189,2023.230636
2025-10-18 02:32:40.225,107049.23,0.00011,11.7754153
2025-10-18 02:32:41.482,107049.24,0.00018,19.268863200000002
2025-10-18 02:32:41.575,107049.23,7e-05,7.493446099999999
2025-10-18 02:32:42.153,107049.24,0.0042,449.606808
2025-10-18 02:32:42.238,107049.24,0.00028,29.9737872
2025-10-18 02:32:42.409,107049.23,0.00334,357.54442819999997
2025-10-18 02:32:42.658,107049.23,0.00672,719.3708256
2025-10-18 02:32:42.771,107049.23,0.01294,1385.2170362
2025-10-18 02:32:42.781,107049.24,0.00065,69.582006
2025-10-18 02:32:42.805,107049.24,0.001,107.04924000000001
2025-10-18 02:32:43.270,107049.24,0.00027,28.9032948
2025-10-18 02:32:43.575,107049.24,6e-05,6.4229544
2025-10-18 02:32:43.941,107049.24,6e-05,6.4229544
2025-10-18 02:32:44.297,107049.24,0.00023,24.6213252
2025-10-18 02:32:44.932,107049.24,0.00022,23.550832800000002
2025-10-18 02:32:44.943,107049.23,8e-05,8.5639384
2025-10-18 02:32:46.931,107049.24,0.00013,13.9164012
2025-10-18 02:32:47.580,107049.24,9e-05,9.634431600000001
2025-10-18 02:32:48.324,107049.24,0.00023,24.6213252
2025-10-18 02:32:48.575,107049.24,0.00067,71.7229908
2025-10-18 02:32:49.148,107049.24,0.0009,96.344316
2025-10-18 02:32:51.715,107049.24,4e-05,4.281969600000001
2025-10-18 02:32:51.810,107049.24,0.00305,326.50018200000005
2025-10-18 02:32:52.583,107049.23,7e-05,7.493446099999999
2025-10-18 02:32:52.976,107049.24,8e-05,8.563939200000002
2025-10-18 02:32:53.736,107049.24,0.00033,35.3262492
2025-10-18 02:32:56.489,107049.24,0.00022,23.550832800000002
2025-10-18 02:32:57.493,107049.23,9e-05,9.634430700000001
2025-10-18 02:32:57.785,107049.23,0.00133,142.3754759
2025-10-18 02:32:58.024,107049.24,0.00935,1000.9103940000001
2025-10-18 02:32:58.255,107049.24,0.00021,22.480340400000003
2025-10-18 02:32:58.581,107049.23,0.00209,223.73289069999998
2025-10-18 02:32:58.890,107049.24,0.00057,61.0180668
2025-10-18 02:33:00.658,107049.24,9e-05,9.634431600000001
2025-10-18 02:33:00.836,107049.24,0.0001,10.704924000000002
2025-10-18 02:33:02.424,107049.23,8e-05,8.5639384
2025-10-18 02:33:03.851,107049.23,0.00054,57.806584199999996
2025-10-18 02:33:04.298,107049.23,0.00186,199.11156780000002
2025-10-18 02:33:04.492,107049.23,0.00067,71.7229841
2025-10-18 02:33:04.802,107049.24,0.00182,194.8296168
2025-10-18 02:33:04.904,107049.24,0.0001,10.704924000000002
2025-10-18 02:33:05.256,107049.23,8e-05,8.5639384
2025-10-18 02:33:05.361,107049.24,0.00344,368.2493856
2025-10-18 02:33:08.412,107049.24,0.00017,18.198370800000003
2025-10-18 02:33:08.803,107049.23,0.00032,34.2557536
2025-10-18 02:33:09.034,107049.24,0.00024,25.6918176
2025-10-18 02:33:09.976,107049.23,0.00408,436.7608584
2025-10-18 02:33:10.270,107049.23,0.00116,124.17710679999999
2025-10-18 02:33:10.390,107049.23,0.00135,144.5164605
2025-10-18 02:33:10.507,107049.24,9e-05,9.634431600000001
2025-10-18 02:33:10.519,107049.24,0.00014,14.9868936
2025-10-18 02:33:11.043,107049.24,0.00011,11.775416400000001
2025-10-18 02:33:11.262,107049.24,0.00089,95.2738236
2025-10-18 02:33:11.696,107049.24,0.00089,95.2738236
2025-10-18 02:33:12.189,107049.23,0.04813,5152.2794398999995
2025-10-18 02:33:12.783,107049.23,0.00196,209.8164908
2025-10-18 02:33:13.254,107049.24,0.00375,401.43465
2025-10-18 02:33:13.719,107049.23,0.00469,502.06088869999996
2025-10-18 02:33:13.826,107049.24,0.01049,1122.9465276
2025-10-18 02:33:15.148,107049.23,0.01704,1824.1188791999998
2025-10-18 02:33:15.975,107049.23,0.00064,68.5115072
2025-10-18 02:33:16.065,107049.23,0.012,1284.59076
2025-10-18 02:33:16.067,107049.23,0.012,1284.59076
2025-10-18 02:33:16.068,107049.23,0.012,1284.59076
2025-10-18 02:33:16.072,107049.23,0.08,8563.9384
2025-10-18 02:33:16.074,107049.23,0.0226,2419.312598
2025-10-18 02:33:16.075,107049.23,1.08946,116625.8541158
2025-10-18 02:33:16.088,107049.23,0.02,2140.9846
2025-10-18 02:33:16.097,107049.23,0.00363,388.5887049
2025-10-18 02:33:16.098,107049.23,0.035,3746.72305
2025-10-18 02:33:16.101,107049.23,0.25655,27463.4799565
2025-10-18 02:33:16.104,107049.23,0.02,2140.9846
2025-10-18 02:33:16.111,107049.23,0.0226,2419.312598
2025-10-18 02:33:16.113,107049.23,0.34514,36946.9712422
2025-10-18 02:33:16.118,107049.23,0.02,2140.9846
2025-10-18 02:33:16.120,107049.23,0.15426,16513.4142198
2025-10-18 02:33:16.125,107049.23,0.02522,2699.7815806
2025-10-18 02:33:16.133,107049.23,0.01182,1265.3218986
2025-10-18 02:33:16.134,107049.23,0.08012,8576.784307599999
2025-10-18 02:33:16.142,107049.23,0.02802,2999.5194245999996
2025-10-18 02:33:16.149,107049.23,0.02802,2999.5194245999996
2025-10-18 02:33:16.153,107049.23,0.03629,3884.8165567
2025-10-18 02:33:16.157,107049.23,0.02392,2560.6175816
2025-10-18 02:33:16.163,107049.23,0.01005,1075.8447615
2025-10-18 02:33:16.165,107049.23,0.08511,9110.9599653
2025-10-18 02:33:16.171,107049.23,0.00212,226.9443676
2025-10-18 02:33:16.178,107049.23,0.02377,2544.5601970999996
2025-10-18 02:33:16.180,107049.23,0.006,642.29538
2025-10-18 02:33:16.184,107049.23,0.00423,452.81824290000003
2025-10-18 02:33:16.193,107049.23,0.02006,2147.4075538
2025-10-18 02:33:16.199,107049.23,0.01577,1688.1663571
2025-10-18 02:33:16.246,107049.23,0.51342,54961.215666599994
2025-10-18 02:33:16.247,107049.23,0.15376,16459.8896048
2025-10-18 02:33:16.248,107049.23,0.10032,10739.178753600001
2025-10-18 02:33:16.272,107049.23,0.02086,2233.0469378
2025-10-18 02:33:16.295,107049.23,0.0168,1798.4270639999997
2025-10-18 02:33:16.577,107049.23,8e-05,8.5639384
2025-10-18 02:33:16.666,107049.23,0.02683,2872.1308409
2025-10-18 02:33:16.687,107049.23,0.02802,2999.5194245999996
2025-10-18 02:33:16.977,107049.23,0.0315,3372.050745
2025-10-18 02:33:17.318,107049.23,0.009,963.4430699999999
2025-10-18 02:33:17.338,107049.23,0.002,214.09846
2025-10-18 02:33:17.616,107049.23,0.00205,219.45092150000002
2025-10-18 02:33:17.889,107049.23,0.0004,42.819692
2025-10-18 02:33:18.099,107049.23,0.006,642.29538
2025-10-18 02:33:18.760,107049.23,0.029,3104.42767
2025-10-18 02:33:19.113,107049.23,0.006,642.29538
2025-10-18 02:33:19.401,107049.23,0.001,107.04923
2025-10-18 02:33:19.431,107049.24,0.00054,57.8065896
2025-10-18 02:33:19.517,107049.23,7e-05,7.493446099999999
2025-10-18 02:33:19.630,107049.23,0.007,749.34461
2025-10-18 02:33:20.038,107049.23,0.1,10704.923
2025-10-18 02:33:20.110,107049.24,0.00239,255.84768360000004
2025-10-18 02:33:20.168,107049.23,0.004,428.19692
2025-10-18 02:33:20.817,107049.23,0.001,107.04923
2025-10-18 02:33:20.852,107049.23,0.009,963.4430699999999
2025-10-18 02:33:21.580,107049.23,0.003,321.14769
2025-10-18 02:33:21.701,107049.24,7e-05,7.4934468
2025-10-18 02:33:21.753,107049.24,0.00018,19.268863200000002
2025-10-18 02:33:22.111,107049.23,0.006,642.29538
2025-10-18 02:33:22.445,107049.24,0.00128,137.02302720000003
2025-10-18 02:33:22.775,107049.24,7e-05,7.4934468
2025-10-18 02:33:23.102,107049.23,0.006,642.29538
2025-10-18 02:33:23.970,107049.23,0.12,12845.907599999999
2025-10-18 02:33:23.971,107049.23,0.025,2676.23075
2025-10-18 02:33:24.301,107049.23,0.001,107.04923
2025-10-18 02:33:24.503,107049.24,0.00049,52.4541276
2025-10-18 02:33:25.010,107049.23,0.01502,1607.8794346
2025-10-18 02:33:25.112,107049.23,0.006,642.29538
2025-10-18 02:33:25.356,107049.23,0.004,428.19692
2025-10-18 02:33:25.363,107049.23,0.00082,87.78036859999999
2025-10-18 02:33:25.474,107049.23,0.016,1712.78768
2025-10-18 02:33:25.560,107049.23,0.036,3853.7722799999997
2025-10-18 02:33:25.649,107049.23,0.108,11561.31684
2025-10-18 02:33:26.742,107049.23,0.00069,73.86396869999999
2025-10-18 02:33:27.156,107049.23,0.00043,46.0311689
2025-10-18 02:33:27.410,107049.24,6e-05,6.4229544
2025-10-18 02:33:28.539,107049.23,0.0002,21.409846
2025-10-18 02:33:29.197,107049.23,0.11668,12490.5041564
2025-10-18 02:33:29.230,107049.24,0.00079,84.56889960000001
2025-10-18 02:33:29.691,107049.23,9e-05,9.634430700000001
2025-10-18 02:33:30.750,107049.24,0.00028,29.9737872
2025-10-18 02:33:31.148,107049.23,7e-05,7.493446099999999
2025-10-18 02:33:31.269,107049.24,0.0002,21.409848000000004
2025-10-18 02:33:31.587,107049.24,0.00018,19.268863200000002
2025-10-18 02:33:31.696,107049.24,0.00359,384.3067716
2025-10-18 02:33:31.720,107049.24,0.00204,218.38044960000002
2025-10-18 02:33:31.864,107049.23,0.0011,117.754153
2025-10-18 02:33:32.156,107049.24,0.00089,95.2738236
2025-10-18 02:33:32.581,107049.24,5e-05,5.352462000000001
2025-10-18 02:33:33.683,107049.24,7e-05,7.4934468
2025-10-18 02:33:34.352,107049.24,5e-05,5.352462000000001
2025-10-18 02:33:35.216,107049.23,0.00054,57.806584199999996
2025-10-18 02:33:35.457,107049.24,0.00056,59.9475744
2025-10-18 02:33:36.883,107049.23,0.00277,296.52636709999996
2025-10-18 02:33:37.072,107049.24,0.00037,39.6082188
2025-10-18 02:33:37.755,107049.24,0.02909,3114.0623916000004
2025-10-18 02:33:37.884,107049.24,0.00047,50.3131428
2025-10-18 02:33:38.692,107049.24,0.00457,489.21502680000003
2025-10-18 02:33:39.032,107049.23,0.0102,1091.9021460000001
2025-10-18 02:33:39.396,107049.23,0.00234,250.4951982
2025-10-18 02:33:39.547,107049.24,0.00025,26.762310000000003
2025-10-18 02:33:39.998,107049.24,0.003,321.14772000000005
2025-10-18 02:33:40.272,107049.24,0.00025,26.762310000000003
2025-10-18 02:33:40.838,107049.24,0.00467,499.9199508
2025-10-18 02:33:40.870,107049.23,6e-05,6.4229538
2025-10-18 02:33:41.638,107049.23,0.00131,140.2344913
2025-10-18 02:33:41.933,107049.24,5e-05,5.352462000000001
2025-10-18 02:33:42.178,107049.23,0.08,8563.9384
2025-10-18 02:33:42.276,107049.23,0.00045,48.1721535
2025-10-18 02:33:42.356,107049.23,0.02802,2999.5194245999996
2025-10-18 02:33:42.362,107049.23,0.00338,361.8263974
2025-10-18 02:33:42.374,107049.23,0.02802,2999.5194245999996
2025-10-18 02:33:42.380,107049.23,0.02802,2999.5194245999996
2025-10-18 02:33:42.387,107049.23,0.02802,2999.5194245999996
2025-10-18 02:33:42.393,107049.23,0.02591,2773.6455493
2025-10-18 02:33:42.399,107049.23,0.02802,2999.5194245999996
2025-10-18 02:33:42.405,107049.23,0.0237,2537.066751
2025-10-18 02:33:42.427,107049.23,0.02802,2999.5194245999996
2025-10-18 02:33:42.433,107049.23,0.02727,2919.2325020999997
2025-10-18 02:33:42.438,107049.23,0.02802,2999.5194245999996
2025-10-18 02:33:42.957,107049.24,0.0028,299.73787200000004
2025-10-18 02:33:43.021,107049.24,0.00112,119.8951488
2025-10-18 02:33:43.063,107049.23,0.0002,21.409846
2025-10-18 02:33:43.100,107049.23,0.006,642.29538
2025-10-18 02:33:43.109,107049.23,0.006,642.29538
2025-10-18 02:33:43.186,107049.23,0.02443,2615.2126889
2025-10-18 02:33:43.332,107049.23,0.011,1177.54153
2025-10-18 02:33:44.225,107049.23,0.00029,31.044276699999998
2025-10-18 02:33:44.466,107049.23,0.00119,127.3885837
2025-10-18 02:33:46.052,107049.24,0.01147,1227.8547828
2025-10-18 02:33:46.148,107049.23,0.02383,2550.9831509
2025-10-18 02:33:46.154,107049.23,0.02491,2666.5963193000002
2025-10-18 02:33:46.160,107049.23,0.02,2140.9846
2025-10-18 02:33:46.211,107049.23,0.00218,233.3673214
2025-10-18 02:33:46.221,107049.23,0.02802,2999.5194245999996
2025-10-18 02:33:46.227,107049.23,0.02,2140.9846
2025-10-18 02:33:46.233,107049.23,0.00172,184.1246756
2025-10-18 02:33:46.240,107049.23,0.00011,11.7754153
2025-10-18 02:33:46.576,107049.23,7e-05,7.493446099999999
2025-10-18 02:33:47.338,107049.23,0.00081,86.70987629999999
2025-10-18 02:33:47.668,107049.23,0.09593,10269.2326339
2025-10-18 02:33:47.669,107049.23,0.10024,10730.614815199999
2025-10-18 02:33:47.670,107049.0,0.10743,11500.27407
2025-10-18 02:33:47.671,107036.52,0.00023,24.6183996
2025-10-18 02:33:47.672,107032.1,5e-05,5.351605
2025-10-18 02:33:47.674,107031.96,0.00298,318.9552408
2025-10-18 02:33:47.675,107031.87,0.0202,2162.0437739999998
2025-10-18 02:33:47.676,107029.28,0.06186,6620.8312608
2025-10-18 02:33:47.677,107029.28,0.046,4923.34688
2025-10-18 02:33:47.678,107029.28,0.077,8241.25456
2025-10-18 02:33:47.681,107031.99,6e-05,6.4219194
2025-10-18 02:33:47.683,107031.99,0.05,5351.5995
2025-10-18 02:33:47.684,107031.99,0.01,1070.3199
2025-10-18 02:33:47.685,107031.99,0.02802,2999.0363598
2025-10-18 02:33:47.691,107031.99,0.01,1070.3199
2025-10-18 02:33:47.694,107031.99,0.1,10703.199
2025-10-18 02:33:47.695,107031.99,0.016,1712.5118400000001
2025-10-18 02:33:47.697,107031.99,0.08,8562.5592
2025-10-18 02:33:47.700,107031.99,0.007,749.22393
2025-10-18 02:33:47.705,107031.99,0.00933,998.6084667
2025-10-18 02:33:47.713,107029.29,0.00015,16.054393499999996
2025-10-18 02:33:47.727,107029.28,8e-05,8.5623424
2025-10-18 02:33:47.746,107029.28,0.00019,20.3355632
2025-10-18 02:33:48.049,107029.28,0.00935,1000.7237680000001
2025-10-18 02:33:48.313,107029.0,6e-05,6.42174
2025-10-18 02:33:48.316,107021.58,0.0015,160.53237000000001
2025-10-18 02:33:48.366,107019.28,0.00373,399.1819144
2025-10-18 02:33:48.772,107019.28,0.0061,652.8176080000001
2025-10-18 02:33:48.868,107019.28,0.00011,11.7721208
2025-10-18 02:33:50.060,107019.27,0.00018,19.263468600000003
2025-10-18 02:33:50.134,107019.28,0.09989,10690.155879200001
2025-10-18 02:33:50.266,107019.28,7e-05,7.4913495999999995
2025-10-18 02:33:50.351,107019.28,0.0499,5340.2620719999995
2025-10-18 02:33:50.404,107019.28,0.0105,1123.70244
2025-10-18 02:33:50.413,107019.27,0.00015,16.0528905
2025-10-18 02:33:50.709,107019.27,6e-05,6.4211562
2025-10-18 02:33:50.863,107019.27,0.012,1284.23124
2025-10-18 02:33:50.864,107019.27,0.012,1284.23124
2025-10-18 02:33:51.305,107019.27,0.012,1284.23124
2025-10-18 02:33:51.556,107019.28,6e-05,6.4211568
2025-10-18 02:33:51.636,107019.28,0.0001,10.701928
2025-10-18 02:33:51.920,107019.27,0.012,1284.23124
2025-10-18 02:33:51.921,107019.27,0.012,1284.23124
2025-10-18 02:33:51.923,107019.27,0.012,1284.23124
2025-10-18 02:33:52.014,107019.27,0.00167,178.7221809
2025-10-18 02:33:52.030,107019.27,0.00767,820.8378009
2025-10-18 02:33:52.365,107019.27,9e-05,9.631734300000002
2025-10-18 02:33:52.386,107019.28,0.00213,227.9510664
2025-10-18 02:33:52.471,107019.27,7e-05,7.491348899999999
2025-10-18 02:33:52.563,107019.27,0.012,1284.23124
2025-10-18 02:33:52.565,107019.27,0.012,1284.23124
2025-10-18 02:33:52.937,107019.27,0.012,1284.23124
2025-10-18 02:33:52.990,107019.27,0.012,1284.23124
2025-10-18 02:33:52.991,107019.27,0.012,1284.23124
2025-10-18 02:33:53.057,107019.28,0.00029,31.0355912
2025-10-18 02:33:53.113,107019.27,0.00012,12.8423124
2025-10-18 02:33:53.807,107019.27,0.012,1284.23124
2025-10-18 02:33:53.809,107019.27,0.012,1284.23124
2025-10-18 02:33:54.243,107019.28,0.00428,458.0425184
2025-10-18 02:33:54.319,107019.27,0.00017,18.193275900000003
2025-10-18 02:33:54.362,107019.28,0.0258,2761.097424
2025-10-18 02:33:54.837,107019.28,0.00018,19.263470400000003
2025-10-18 02:33:55.249,107019.27,0.00022,23.544239400000002
2025-10-18 02:33:55.976,107019.28,7e-05,7.4913495999999995
2025-10-18 02:33:56.361,107019.27,0.012,1284.23124
2025-10-18 02:33:56.364,107019.27,0.012,1284.23124
2025-10-18 02:33:56.774,107019.28,0.00393,420.58577040000006
2025-10-18 02:33:57.133,107019.27,0.00018,19.263468600000003
2025-10-18 02:33:57.409,107019.28,0.0039,417.37519199999997
2025-10-18 02:33:57.926,107019.28,0.00027,28.8952056
2025-10-18 02:33:58.230,107019.27,0.25,26754.8175
2025-10-18 02:33:59.267,107019.28,8e-05,8.5615424
2025-10-18 02:33:59.467,107019.28,7e-05,7.4913495999999995
2025-10-18 02:34:00.248,107019.28,0.00234,250.4251152
2025-10-18 02:34:00.633,107019.28,0.00222,237.5828016
2025-10-18 02:34:00.951,107019.28,0.00234,250.4251152
2025-10-18 02:34:00.983,107019.28,6e-05,6.4211568
2025-10-18 02:34:01.161,107019.28,0.00014,14.982699199999999
2025-10-18 02:34:01.339,107019.27,0.0001,10.701927000000001
2025-10-18 02:34:01.867,107019.28,7e-05,7.4913495999999995
2025-10-18 02:34:02.024,107019.27,0.00099,105.9490773
2025-10-18 02:34:02.703,107019.28,0.00021,22.474048800000002
2025-10-18 02:34:02.972,107019.28,0.0002,21.403856
2025-10-18 02:34:03.412,107019.28,0.00069,73.8433032
2025-10-18 02:34:04.054,107019.27,0.0013,139.12505099999998
2025-10-18 02:34:04.115,107019.28,0.86455,92523.518524
2025-10-18 02:34:04.117,107019.28,0.07593,8125.9739303999995
2025-10-18 02:34:04.129,107020.0,5e-05,5.351
2025-10-18 02:34:04.132,107020.36,0.0001,10.702036000000001
2025-10-18 02:34:04.134,107021.44,0.19102,20443.2354688
2025-10-18 02:34:04.141,107021.44,0.00141,150.9002304
2025-10-18 02:34:04.143,107022.53,5e-05,5.3511265
2025-10-18 02:34:04.144,107025.7,0.00566,605.765462
2025-10-18 02:34:04.150,107026.16,5e-05,5.351308
2025-10-18 02:34:04.157,107026.16,0.00072,77.0588352
2025-10-18 02:34:04.165,107028.5,0.0001,10.70285
2025-10-18 02:34:04.192,107029.98,0.00015,16.054496999999998
2025-10-18 02:34:04.245,107031.98,0.00026,27.828314799999998
2025-10-18 02:34:06.191,107031.98,0.00046,49.2347108
2025-10-18 02:34:06.475,107031.98,0.00016,17.1251168
2025-10-18 02:34:06.754,107031.98,0.08249,8829.068030199998
2025-10-18 02:34:06.755,107031.98,0.18665,19977.519067
2025-10-18 02:34:06.859,107031.99,0.00243,260.0877357
2025-10-18 02:34:07.441,107031.98,0.00034,36.3908732
2025-10-18 02:34:10.410,107031.99,0.00244,261.1580556
2025-10-18 02:34:10.481,107031.98,0.02378,2545.2204844
2025-10-18 02:34:11.070,107031.99,0.00019,20.3360781
2025-10-18 02:34:11.973,107031.99,0.006,642.19194
2025-10-18 02:34:12.625,107031.98,0.00014,14.984477199999999
2025-10-18 02:34:12.651,107031.98,0.00038,40.6721524
2025-10-18 02:34:12.830,107031.99,0.07185,7690.2484815
2025-10-18 02:34:13.617,107031.99,0.00138,147.7041462
2025-10-18 02:34:14.378,107031.98,0.00527,564.0585346
2025-10-18 02:34:15.432,107031.99,0.00078,83.48495220000001
2025-10-18 02:34:16.324,107031.99,0.00029,31.039277100000003
2025-10-18 02:34:16.432,107031.99,0.00016,17.1251184
2025-10-18 02:34:16.440,107031.99,7e-05,7.4922393
2025-10-18 02:34:16.577,107031.98,6e-05,6.4219188
2025-10-18 02:34:16.582,107031.99,0.00012,12.8438388
2025-10-18 02:34:16.583,107031.99,0.00029,31.039277100000003
2025-10-18 02:34:16.691,107031.99,0.00038,40.6721562
2025-10-18 02:34:16.748,107031.99,0.00047,50.3050353
2025-10-18 02:34:16.813,107031.99,0.0001,10.703199000000001
2025-10-18 02:34:16.948,107031.99,0.00078,83.48495220000001
2025-10-18 02:34:17.140,107031.98,0.00467,499.83934659999994
2025-10-18 02:34:17.422,107031.99,0.07416,7937.492378400001
2025-10-18 02:34:17.461,107031.99,0.56737,60726.740166300006
2025-10-18 02:34:17.462,107032.25,6e-05,6.421935
2025-10-18 02:34:17.466,107033.4,0.10456,11191.412304
2025-10-18 02:34:17.468,107033.95,0.02399,2567.7444605
2025-10-18 02:34:17.470,107034.06,0.00654,700.0027524
2025-10-18 02:34:17.471,107033.95,0.0002,21.40679
2025-10-18 02:34:17.487,107036.27,0.04454,4767.3954658
2025-10-18 02:34:17.494,107037.57,0.0009,96.333813
2025-10-18 02:34:17.504,107038.41,0.00565,604.7670165
2025-10-18 02:34:17.507,107038.75,0.00061,65.2936375
2025-10-18 02:34:17.508,107038.75,0.0001,10.703875
2025-10-18 02:34:17.513,107039.66,0.00065,69.575779
2025-10-18 02:34:17.534,107040.0,0.00077,82.4208
2025-10-18 02:34:17.584,107040.01,0.00085,90.98400849999999
2025-10-18 02:34:17.590,107041.14,0.0015,160.56171
2025-10-18 02:34:17.598,107042.21,0.05788,6195.6031148
2025-10-18 02:34:17.600,107042.21,0.12101,12953.177832100002
2025-10-18 02:34:17.606,107042.21,0.04998,5349.9696558
2025-10-18 02:34:17.612,107042.69,0.00772,826.3695668
2025-10-18 02:34:17.615,107043.75,0.0001,10.704375
2025-10-18 02:34:17.622,107043.75,0.1497,16024.449375
2025-10-18 02:34:17.623,107043.75,0.07234,7743.5448750000005
2025-10-18 02:34:17.624,107043.75,0.00091,97.4098125
2025-10-18 02:34:17.627,107044.54,0.00065,69.57895099999999
2025-10-18 02:34:17.629,107045.25,6e-05,6.422715
2025-10-18 02:34:17.630,107045.95,0.09019,9654.4742305
2025-10-18 02:34:17.631,107045.95,0.05322,5696.985459
2025-10-18 02:34:17.634,107047.93,0.0001,10.704793
2025-10-18 02:34:17.638,107048.5,0.00051,54.59473500000001
2025-10-18 02:34:17.640,107050.49,0.00326,348.9845974
2025-10-18 02:34:17.643,107051.08,0.0003,32.115324
2025-10-18 02:34:17.681,107053.89,0.0001,10.705389
2025-10-18 02:34:17.792,107053.89,0.00019,20.3402391
2025-10-18 02:34:17.832,107053.89,7e-05,7.493772299999999
2025-10-18 02:34:18.124,107053.89,0.00234,250.50610260000002
2025-10-18 02:34:18.443,107053.89,7e-05,7.493772299999999
2025-10-18 02:34:18.592,107053.89,0.0001,10.705389
2025-10-18 02:34:18.625,107053.89,6e-05,6.4232334
2025-10-18 02:34:18.785,107053.89,0.00047,50.3153283
2025-10-18 02:34:19.033,107053.88,0.00051,54.597478800000005
2025-10-18 02:34:20.655,107053.88,0.00124,132.7468112
2025-10-18 02:34:20.689,107053.88,0.06173,6608.4360124
2025-10-18 02:34:21.900,107053.89,0.00029,31.0456281
2025-10-18 02:34:22.013,107053.89,0.00024,25.6929336
2025-10-18 02:34:22.279,107053.88,0.00018,19.269698400000003
2025-10-18 02:34:23.247,107053.88,0.00027,28.9045476
2025-10-18 02:34:23.367,107053.89,0.00093,99.5601177
2025-10-18 02:34:23.780,107053.89,0.00054,57.8091006
2025-10-18 02:34:24.029,107053.88,0.00061,65.3028668
2025-10-18 02:34:24.243,107053.89,1.0,107053.89
2025-10-18 02:34:24.612,107053.88,0.00085,90.995798
2025-10-18 02:34:25.072,107053.88,0.03061,3276.9192668
2025-10-18 02:34:25.124,107053.88,0.09341,9999.9029308
2025-10-18 02:34:25.214,107053.89,9e-05,9.634850100000001
2025-10-18 02:34:25.322,107065.76,0.00023,24.6251248
2025-10-18 02:34:25.327,107073.97,6e-05,6.4244382
2025-10-18 02:34:25.344,107073.96,0.003,321.22188
2025-10-18 02:34:26.567,107073.97,0.00211,225.92607669999998
2025-10-18 02:34:26.583,107073.96,0.00432,462.55950720000004
2025-10-18 02:34:26.994,107073.97,0.02,2141.4794
2025-10-18 02:34:26.995,107073.97,0.07454,7981.2937237999995
2025-10-18 02:34:27.282,107073.97,0.0001,10.707397
2025-10-18 02:34:27.500,107073.97,0.00033,35.3344101
2025-10-18 02:34:28.050,107073.96,9e-05,9.636656400000001
2025-10-18 02:34:28.073,107073.96,0.00905,969.0193380000002
2025-10-18 02:34:28.644,107073.97,0.00567,607.1094099
2025-10-18 02:34:28.720,107073.96,0.00064,68.52733440000002
2025-10-18 02:34:28.918,107073.96,0.00111,118.85209560000001
2025-10-18 02:34:28.961,107073.96,0.00057,61.0321572
2025-10-18 02:34:30.224,107073.97,0.0076,813.762172
2025-10-18 02:34:30.225,107073.97,0.33327,35684.5419819
2025-10-18 02:34:30.227,107075.05,0.0001,10.707505000000001
2025-10-18 02:34:30.232,107078.0,0.0028,299.8184
2025-10-18 02:34:30.316,107083.38,0.0001,10.708338000000001
2025-10-18 02:34:30.515,107085.99,0.01231,1318.2285369
2025-10-18 02:34:32.785,107085.99,0.00026,27.842357399999997
2025-10-18 02:34:32.909,107085.99,0.00257,275.2109943
2025-10-18 02:34:32.947,107085.99,0.0001,10.708599000000001
2025-10-18 02:34:33.270,107086.0,0.00321,343.74606
2025-10-18 02:34:34.418,107085.99,0.00014,14.992038599999999
2025-10-18 02:34:34.546,107085.99,5e-05,5.354299500000001
2025-10-18 02:34:34.576,107086.0,7e-05,7.49602
2025-10-18 02:34:34.608,107086.0,7e-05,7.49602
2025-10-18 02:34:34.918,107086.0,0.00468,501.16248
2025-10-18 02:34:34.921,107088.38,0.0001,10.708838000000002
2025-10-18 02:34:34.975,107094.0,0.00054,57.83076
2025-10-18 02:34:35.076,107094.0,0.00023,24.63162
2025-10-18 02:34:35.332,107093.99,8e-05,8.567519200000001
2025-10-18 02:34:35.615,107096.0,0.0028,299.8688
2025-10-18 02:34:35.828,107097.68,0.05602,5999.612033599999
2025-10-18 02:34:36.344,107097.67,0.00028,29.987347599999996
2025-10-18 02:34:36.836,107097.68,9e-05,9.6387912
2025-10-18 02:34:36.879,107097.68,0.00299,320.2220632
2025-10-18 02:34:36.905,107098.0,0.003,321.294
2025-10-18 02:34:36.915,107101.6,0.00015,16.06524
2025-10-18 02:34:37.263,107104.9,0.0023,246.34126999999998
2025-10-18 02:34:37.928,107104.9,0.04,4284.196
2025-10-18 02:34:37.929,107104.9,0.16,17136.784
2025-10-18 02:34:37.930,107102.35,5e-05,5.3551175
2025-10-18 02:34:37.936,107100.4,0.00015,16.06506
2025-10-18 02:34:37.937,107096.78,0.00015,16.064517
2025-10-18 02:34:37.938,107094.19,0.00025,26.7735475
2025-10-18 02:34:37.951,107094.19,0.00638,683.2609322000001
2025-10-18 02:34:37.954,107094.19,0.02,2141.8838
2025-10-18 02:34:37.955,107094.19,0.0001,10.709419
2025-10-18 02:34:37.957,107094.19,0.0001,10.709419
2025-10-18 02:34:37.958,107094.19,0.23619,25294.576736100003
2025-10-18 02:34:37.962,107094.19,0.02399,2569.1896181
2025-10-18 02:34:37.964,107094.19,0.20043,21464.8885017
2025-10-18 02:34:37.965,107094.19,0.01231,1318.3294789
2025-10-18 02:34:37.971,107094.19,0.0028,299.863732
2025-10-18 02:34:37.973,107094.19,0.00251,268.8064169
2025-10-18 02:34:37.975,107093.28,0.00015,16.063992
2025-10-18 02:34:37.986,107091.74,0.00015,16.063761
2025-10-18 02:34:37.995,107089.99,0.00055,58.8994945
2025-10-18 02:34:37.996,107089.99,0.01341,1436.0767659
2025-10-18 02:34:37.997,107088.65,0.00475,508.67108749999994
2025-10-18 02:34:37.999,107088.65,0.00598,640.390127
2025-10-18 02:34:38.029,107088.65,0.00013,13.921524499999999
2025-10-18 02:34:38.097,107088.65,0.07708,8254.393141999999
2025-10-18 02:34:38.112,107088.64,0.00177,189.5468928
2025-10-18 02:34:38.116,107086.97,0.01804,1931.8489388
2025-10-18 02:34:38.130,107086.97,0.28717,30752.165174899998
2025-10-18 02:34:38.149,107086.97,0.00126,134.9295822
2025-10-18 02:34:38.162,107086.96,0.0052,556.8521920000001
2025-10-18 02:34:38.193,107085.99,0.04794,5133.7023606
2025-10-18 02:34:38.228,107081.31,0.00017,18.2038227
2025-10-18 02:34:38.244,107081.31,0.1034,11072.207454000001
2025-10-18 02:34:38.280,107081.31,0.08582,9189.7180242
2025-10-18 02:34:38.483,107081.32,0.0011,117.78945200000001
2025-10-18 02:34:38.564,107081.31,0.00018,19.274635800000002
2025-10-18 02:34:38.669,107081.32,0.00052,55.682286399999995
2025-10-18 02:34:38.949,107081.32,0.00546,584.6640072
2025-10-18 02:34:39.169,107081.32,0.00011,11.7789452
2025-10-18 02:34:39.641,107081.31,0.0027,289.11953700000004
2025-10-18 02:34:39.691,107081.32,0.0122,1306.3921040000002
2025-10-18 02:34:40.024,107081.31,0.00012,12.8497572
2025-10-18 02:34:40.491,107081.32,0.03016,3229.5726112
2025-10-18 02:34:41.177,107081.31,0.012,1284.97572
2025-10-18 02:34:41.179,107081.31,0.012,1284.97572
2025-10-18 02:34:41.180,107081.31,0.012,1284.97572
2025-10-18 02:34:41.200,107081.31,0.00588,629.6381028
2025-10-18 02:34:41.215,107075.07,0.01089,1166.0475123
2025-10-18 02:34:41.220,107075.07,0.00934,1000.0811538
2025-10-18 02:34:41.321,107075.07,0.00187,200.2303809
2025-10-18 02:34:41.341,107075.07,0.00092,98.50906440000001
2025-10-18 02:34:41.638,107075.08,0.00012,12.8490096
2025-10-18 02:34:41.652,107075.07,0.02896,3100.8940272
2025-10-18 02:34:41.655,107075.05,0.00094,100.650547
2025-10-18 02:34:41.656,107075.04,0.0001,10.707504
2025-10-18 02:34:41.661,107074.5,0.00156,167.03622
2025-10-18 02:34:41.663,107073.96,0.012,1284.88752
2025-10-18 02:34:41.664,107073.96,0.012,1284.88752
2025-10-18 02:34:41.666,107069.77,0.02486,2661.7544822
2025-10-18 02:34:41.667,107068.49,0.00035,37.473971500000005
2025-10-18 02:34:41.693,107067.6,0.00934,1000.011384
2025-10-18 02:34:43.104,107067.61,0.00101,108.1382861
2025-10-18 02:34:43.219,107067.6,0.00141,150.965316
2025-10-18 02:34:43.482,107067.61,0.00028,29.978930799999997
2025-10-18 02:34:44.675,107067.6,0.00189,202.357764
2025-10-18 02:34:44.679,107067.6,0.00745,797.65362
2025-10-18 02:34:44.828,107067.61,0.00466,498.93506260000004
2025-10-18 02:34:45.344,107067.59,0.0003,32.120276999999994
2025-10-18 02:34:45.345,107059.33,0.00015,16.0588995
2025-10-18 02:34:45.346,107049.88,0.0001,10.704988
2025-10-18 02:34:45.348,107035.48,9e-05,9.633193200000001
2025-10-18 02:34:45.349,107031.99,0.024,2568.76776
2025-10-18 02:34:45.350,107031.99,0.088,9418.81512
2025-10-18 02:34:45.351,107031.99,5e-05,5.351599500000001
2025-10-18 02:34:45.352,107031.99,0.0003,32.109597
2025-10-18 02:34:45.353,107030.82,0.00186,199.07732520000002
2025-10-18 02:34:45.354,107024.0,0.0026,278.2624
2025-10-18 02:34:45.355,107021.13,0.026,2782.54938
2025-10-18 02:34:45.356,107021.13,0.089,9524.88057
2025-10-18 02:34:45.357,107019.27,0.07079,7575.8941233000005
2025-10-18 02:34:45.358,107019.27,0.088,9417.69576
2025-10-18 02:34:45.359,107019.27,0.0889,9514.013103000001
2025-10-18 02:34:45.360,107019.27,0.026,2782.50102
2025-10-18 02:34:45.361,107019.27,0.001,107.01927
2025-10-18 02:34:45.362,107019.27,0.06726,7198.1161002
2025-10-18 02:34:45.364,107031.99,6e-05,6.4219194
2025-10-18 02:34:45.366,107031.99,4e-05,4.2812796
2025-10-18 02:34:45.369,107019.58,0.04,4280.7832
2025-10-18 02:34:45.371,107019.27,0.01775,1899.5920425
2025-10-18 02:34:45.373,107020.0,5e-05,5.351
2025-10-18 02:34:45.374,107011.91,0.27848,29800.6766968
2025-10-18 02:34:45.375,107011.91,0.0001,10.701191000000001
2025-10-18 02:34:45.380,107021.13,5e-05,5.3510565
2025-10-18 02:34:45.381,107005.4,5e-05,5.35027
2025-10-18 02:34:45.386,107000.49,5e-05,5.350024500000001
2025-10-18 02:34:45.387,107000.49,5e-05,5.350024500000001
2025-10-18 02:34:45.388,107000.15,0.00764,817.481146
2025-10-18 02:34:45.391,106998.71,0.0028,299.596388
2025-10-18 02:34:45.393,106998.67,0.0045,481.49401499999993
2025-10-18 02:34:45.396,106996.75,0.01963,2100.3462025000003
2025-10-18 02:34:45.397,106996.75,0.00467,499.67482249999995
2025-10-18 02:34:45.400,106996.75,0.04671,4997.8181925
2025-10-18 02:34:45.401,106996.75,0.02616,2799.03498
2025-10-18 02:34:45.402,106996.75,0.0031,331.689925
2025-10-18 02:34:45.404,107007.31,0.01891,2023.5082321
2025-10-18 02:34:45.405,106996.75,0.00934,999.3496449999999
2025-10-18 02:34:45.407,106996.75,0.00934,999.3496449999999
2025-10-18 02:34:45.412,106996.75,0.02928,3132.86484
2025-10-18 02:34:45.414,106996.75,0.02429,2598.9510575
2025-10-18 02:34:45.418,106996.75,0.00934,999.3496449999999
2025-10-18 02:34:45.419,106996.75,0.27398,29314.969565
2025-10-18 02:34:45.420,107006.2,0.0001,10.70062
2025-10-18 02:34:45.425,106996.75,0.1883,20147.488025
2025-10-18 02:34:45.426,106996.75,0.27398,29314.969565
2025-10-18 02:34:45.428,106996.75,0.27398,29314.969565
2025-10-18 02:34:45.432,106996.75,0.04854,5193.622245
2025-10-18 02:34:45.436,106990.47,8e-05,8.559237600000001
2025-10-18 02:34:45.438,106984.75,0.01869,1999.5449774999997
2025-10-18 02:34:45.440,106981.0,0.024,2567.544
2025-10-18 02:34:45.443,106981.0,0.01128,1206.74568
2025-10-18 02:34:45.447,106971.24,9e-05,9.6274116
2025-10-18 02:34:45.448,106966.02,0.012,1283.5922400000002
2025-10-18 02:34:45.450,106966.02,0.089,9519.97578
2025-10-18 02:34:45.451,106966.02,0.024,2567.1844800000003
2025-10-18 02:34:45.452,106966.02,0.024,2567.1844800000003
2025-10-18 02:34:45.454,106966.02,0.038,4064.70876
2025-10-18 02:34:45.461,106966.02,0.01,1069.6602
2025-10-18 02:34:45.464,106966.02,0.01775,1898.646855
2025-10-18 02:34:45.467,106986.7,0.00023,24.606941
2025-10-18 02:34:45.473,106966.0,0.03863,4132.096579999999
2025-10-18 02:34:45.475,106966.0,0.038,4064.708
2025-10-18 02:34:45.477,106966.0,0.048,5134.368
2025-10-18 02:34:45.482,106980.0,5e-05,5.349
2025-10-18 02:34:45.484,106966.0,0.00082,87.71212
2025-10-18 02:34:45.485,106979.79,8e-05,8.5583832
2025-10-18 02:34:45.486,106966.0,0.039,4171.674
2025-10-18 02:34:45.489,106966.0,0.01775,1898.6464999999998
2025-10-18 02:34:45.491,106966.0,0.02148,2297.62968
2025-10-18 02:34:45.495,106966.0,0.4,42786.4
2025-10-18 02:34:45.498,106966.0,0.11217,11998.37622
2025-10-18 02:34:45.499,106966.0,0.012,1283.592
2025-10-18 02:34:45.501,106966.0,0.02148,2297.62968
2025-10-18 02:34:45.505,106979.08,0.01885,2016.555658
2025-10-18 02:34:45.506,106966.0,0.27398,29306.54468
2025-10-18 02:34:45.511,106971.14,5e-05,5.3485570000000004
2025-10-18 02:34:45.515,106969.69,0.0001,10.696969000000001
2025-10-18 02:34:45.516,106966.0,0.012,1283.592
2025-10-18 02:34:45.519,106966.0,0.038,4064.708
2025-10-18 02:34:45.520,106966.0,0.038,4064.708
2025-10-18 02:34:45.521,106966.0,0.02148,2297.62968
2025-10-18 02:34:45.522,106966.0,0.02994,3202.5620400000003
2025-10-18 02:34:45.524,106966.0,3.49327,373661.11882
2025-10-18 02:34:45.529,106966.0,0.02803,2998.25698
2025-10-18 02:34:45.530,106951.85,5e-05,5.3475925
2025-10-18 02:34:45.535,106941.72,0.00295,315.478074
2025-10-18 02:34:45.537,106941.72,0.008,855.53376
2025-10-18 02:34:45.540,106941.72,0.019,2031.89268
2025-10-18 02:34:45.542,106941.72,0.09351,10000.120237199999
2025-10-18 02:34:45.545,106941.72,0.02803,2997.5764116
2025-10-18 02:34:45.552,106941.72,0.00029,31.0130988
2025-10-18 02:34:45.571,106954.14,6e-05,6.4172484
2025-10-18 02:34:45.581,106954.14,0.0046,491.989044
2025-10-18 02:34:45.585,106948.49,0.02107,2253.4046843
2025-10-18 02:34:45.586,106943.98,0.0604,6459.416392
2025-10-18 02:34:45.612,106948.16,0.01776,1899.3993216000001
2025-10-18 02:34:45.670,106948.3,5e-05,5.347415000000001
2025-10-18 02:34:45.682,106942.59,0.01,1069.4259
2025-10-18 02:34:45.708,106942.59,0.004,427.77036
2025-10-18 02:34:45.731,106942.59,0.03995,4272.3564705
2025-10-18 02:34:45.739,106942.59,0.02431,2599.7743628999997
2025-10-18 02:34:45.749,106952.01,0.00078,83.4225678
2025-10-18 02:34:45.756,106952.01,0.0314,3358.2931139999996
2025-10-18 02:34:45.757,106952.01,0.00092,98.3958492
2025-10-18 02:34:45.763,106956.0,0.03642,3895.33752
2025-10-18 02:34:45.772,106956.0,0.21672,23179.50432
2025-10-18 02:34:45.782,106956.0,0.04901,5241.91356
2025-10-18 02:34:45.802,106956.0,0.00466,498.41496
2025-10-18 02:34:45.807,106954.13,0.0009,96.258717
2025-10-18 02:34:45.836,106943.98,0.00055,58.819189
2025-10-18 02:34:45.838,106941.75,0.00022,23.527185
2025-10-18 02:34:45.839,106939.42,9e-05,9.6245478
2025-10-18 02:34:45.856,106937.07,8e-05,8.554965600000001
2025-10-18 02:34:45.890,106928.0,0.0028,299.3984
2025-10-18 02:34:45.908,106934.64,0.00052,55.606012799999995
2025-10-18 02:34:45.914,106926.64,0.00354,378.52030560000003
2025-10-18 02:34:45.917,106926.64,6e-05,6.4155984
2025-10-18 02:34:46.008,106926.64,0.0262,2801.477968
2025-10-18 02:34:46.030,106924.76,0.00046,49.1853896
2025-10-18 02:34:46.032,106924.76,0.01886,2016.6009735999996
2025-10-18 02:34:46.066,106921.14,0.01388,1484.0654232
2025-10-18 02:34:46.086,106922.89,0.00554,592.3528106
2025-10-18 02:34:46.119,106930.0,0.0033,352.86899999999997
2025-10-18 02:34:46.128,106929.97,0.04173,4462.187648100001
2025-10-18 02:34:46.136,106929.97,0.00019,20.3166943
2025-10-18 02:34:46.139,106929.97,0.00362,387.0864914
2025-10-18 02:34:46.150,106926.64,0.00112,119.75783679999999
2025-10-18 02:34:46.209,106926.63,0.18894,20202.7174722
2025-10-18 02:34:46.238,106926.63,0.0002,21.385326000000003
2025-10-18 02:34:46.249,106926.63,0.00436,466.2001068
2025-10-18 02:34:46.268,106926.63,0.10643,11380.2012309
2025-10-18 02:34:46.269,106925.46,5e-05,5.346273000000001
2025-10-18 02:34:46.298,106920.39,0.00015,16.038058499999998
2025-10-18 02:34:46.330,106919.99,0.0001,10.691999000000001
2025-10-18 02:34:46.351,106918.01,0.05858,6263.2570258
2025-10-18 02:34:46.423,106918.0,0.22922,24507.74396
2025-10-18 02:34:46.425,106918.0,0.00587,627.60866
2025-10-18 02:34:46.427,106918.0,0.023,2459.114
2025-10-18 02:34:46.435,106918.0,0.00594,635.09292
2025-10-18 02:34:46.438,106918.0,0.00378,404.15004
2025-10-18 02:34:46.445,106918.0,0.00499,533.52082
2025-10-18 02:34:46.451,106918.0,0.00016,17.10688
2025-10-18 02:34:46.453,106918.0,0.01801,1925.59318
2025-10-18 02:34:46.459,106918.0,0.00662,707.79716
2025-10-18 02:34:46.464,106918.0,0.00309,330.37662
2025-10-18 02:34:46.465,106918.0,0.23499,25124.66082
2025-10-18 02:34:46.466,106918.0,5e-05,5.3459
2025-10-18 02:34:46.469,106918.0,0.00304,325.03072000000003
2025-10-18 02:34:46.471,106918.0,5e-05,5.3459
2025-10-18 02:34:46.474,106918.0,0.1178,12594.9404
2025-10-18 02:34:46.477,106918.0,0.01992,2129.80656
2025-10-18 02:34:46.480,106918.0,0.033,3528.2940000000003
2025-10-18 02:34:46.481,106918.0,0.01432,1531.06576
2025-10-18 02:34:46.484,106917.99,0.0011,117.609789
2025-10-18 02:34:46.526,106917.54,0.00015,16.037630999999998
2025-10-18 02:34:46.531,106917.8,0.00134,143.26985200000001
2025-10-18 02:34:46.536,106917.8,0.00382,408.425996
2025-10-18 02:34:46.537,106917.8,0.00306,327.16846799999996
2025-10-18 02:34:46.542,106917.8,0.00668,714.210904
2025-10-18 02:34:46.552,106917.8,0.00559,597.670502
2025-10-18 02:34:46.557,106917.8,0.00264,282.262992
2025-10-18 02:34:46.559,106917.8,0.00319,341.067782
2025-10-18 02:34:46.564,106917.8,0.00601,642.575978
2025-10-18 02:34:46.575,106915.94,0.00165,176.411301
2025-10-18 02:34:46.594,106915.93,0.03634,3885.3248961999993
2025-10-18 02:34:46.604,106915.93,0.00553,591.2450929
2025-10-18 02:34:46.608,106915.93,0.00416,444.77026879999994
2025-10-18 02:34:46.609,106915.93,0.00323,345.33845389999993
2025-10-18 02:34:46.610,106915.93,0.00035,37.4205755
2025-10-18 02:34:46.617,106915.93,0.00899,961.1742106999999
2025-10-18 02:34:46.619,106915.92,0.00095,101.57012399999999
2025-10-18 02:34:46.621,106913.01,5e-05,5.3456505
2025-10-18 02:34:46.628,106912.01,0.00035,37.419203499999995
2025-10-18 02:34:46.633,106909.11,0.00303,323.9346033
2025-10-18 02:34:46.636,106908.72,0.0001,10.690872
2025-10-18 02:34:46.637,106908.72,0.00287,306.8280264
2025-10-18 02:34:46.639,106908.72,0.0028,299.344416
2025-10-18 02:34:46.645,106908.72,0.00093,99.42510960000001
2025-10-18 02:34:46.662,106908.73,0.01074,1148.1997602
2025-10-18 02:34:46.674,106908.72,0.03568,3814.5031296
2025-10-18 02:34:46.731,106908.72,0.02661,2844.8410392
2025-10-18 02:34:46.741,106908.73,0.0353,3773.8781689999996
2025-10-18 02:34:46.775,106908.73,0.00053,56.661626899999995
2025-10-18 02:34:46.804,106908.72,0.006,641.45232
2025-10-18 02:34:46.838,106908.72,0.017,1817.4482400000002
2025-10-18 02:34:46.845,106908.72,0.0005,53.45436
2025-10-18 02:34:46.855,106908.72,0.386,41266.76592
2025-10-18 02:34:46.874,106908.72,0.016,1710.53952
2025-10-18 02:34:46.881,106908.72,0.0005,53.45436
2025-10-18 02:34:46.888,106908.72,0.065,6949.0668000000005
2025-10-18 02:34:46.904,106908.72,0.00048,51.316185600000004
2025-10-18 02:34:46.908,106908.72,0.007,748.36104
2025-10-18 02:34:46.928,106908.72,0.036,3848.7139199999997
2025-10-18 02:34:46.931,106908.72,0.075,8018.1539999999995
2025-10-18 02:34:46.933,106908.72,0.075,8018.1539999999995
2025-10-18 02:34:46.957,106908.72,0.00121,129.3595512
2025-10-18 02:34:47.009,106908.72,0.001,106.90872
2025-10-18 02:34:47.042,106908.73,0.01867,1995.9859890999999
2025-10-18 02:34:47.051,106908.73,0.01868,1997.0550763999997
2025-10-18 02:34:47.100,106908.72,0.05128,5482.2791616
2025-10-18 02:34:47.101,106908.71,0.00045,48.1089195
2025-10-18 02:34:47.102,106908.33,5e-05,5.345416500000001
2025-10-18 02:34:47.117,106908.0,0.00233,249.09564
2025-10-18 02:34:47.143,106906.0,0.00245,261.9197
2025-10-18 02:34:47.173,106906.0,0.23726,25364.51756
2025-10-18 02:34:47.281,106906.0,0.004,427.624
2025-10-18 02:34:47.302,106906.0,0.149,15928.993999999999
2025-10-18 02:34:47.304,106906.0,0.02399,2564.67494
2025-10-18 02:34:47.313,106906.0,0.23433,25051.28298
2025-10-18 02:34:47.441,106906.01,0.06115,6537.3025115
2025-10-18 02:34:47.557,106906.0,0.42348,45272.55288
2025-10-18 02:34:47.573,106906.0,0.00691,738.72046
2025-10-18 02:34:47.635,106906.0,0.0002,21.3812
2025-10-18 02:34:47.666,106899.89,0.0015,160.349835
2025-10-18 02:34:47.753,106897.74,0.09353,9998.145622200002
2025-10-18 02:34:47.795,106897.74,0.05228,5588.6138472
2025-10-18 02:34:48.021,106897.74,0.05001,5345.9559774
2025-10-18 02:34:48.026,106897.74,0.28558,30527.8565892
2025-10-18 02:34:48.027,106899.99,0.00015,16.0349985
2025-10-18 02:34:48.029,106900.01,5e-05,5.3450005
2025-10-18 02:34:48.033,106902.61,0.00467,499.2351887
2025-10-18 02:34:48.088,106902.62,0.12516,13379.931919199998
2025-10-18 02:34:48.090,106903.92,0.0002,21.380784000000002
2025-10-18 02:34:48.092,106905.99,0.0003,32.071797
2025-10-18 02:34:48.094,106906.0,0.00035,37.4171
2025-10-18 02:34:48.097,106907.79,0.07514,8033.051340599999
2025-10-18 02:34:48.100,106907.79,0.00025,26.726947499999998
2025-10-18 02:34:48.102,106907.79,0.01096,1171.7093783999999
2025-10-18 02:34:48.172,106908.33,6e-05,6.414499800000001
2025-10-18 02:34:48.343,106908.32,0.00467,499.2618544
2025-10-18 02:34:48.414,106908.33,0.00107,114.3919131
2025-10-18 02:34:48.654,106908.33,0.00331,353.86657230000003
2025-10-18 02:34:48.754,106908.33,0.05217,5577.4075761
2025-10-18 02:34:48.811,106908.72,0.00015,16.036308
2025-10-18 02:34:48.812,106911.15,0.0001,10.691115
2025-10-18 02:34:48.815,106911.15,0.0002,21.38223
2025-10-18 02:34:48.825,106914.1,0.0203,2170.35623
2025-10-18 02:34:48.828,106914.89,0.0019,203.138291
2025-10-18 02:34:48.862,106914.9,0.0019,203.13831
2025-10-18 02:34:48.881,106915.88,0.00107,114.3999916
2025-10-18 02:34:48.892,106915.9,0.0002,21.38318
2025-10-18 02:34:48.906,106915.93,0.46348,49553.3952364
2025-10-18 02:34:49.012,106915.92,7e-05,7.484114399999999
2025-10-18 02:34:49.128,106915.92,0.012,1282.99104
2025-10-18 02:34:49.130,106915.92,0.012,1282.99104
2025-10-18 02:34:49.400,106915.93,0.00478,511.0581454
2025-10-18 02:34:49.410,106915.93,0.0001,10.691593
2025-10-18 02:34:49.466,106915.93,0.0001,10.691593
2025-10-18 02:34:49.474,106915.93,0.0001,10.691593
2025-10-18 02:34:49.538,106915.93,8e-05,8.5532744
2025-10-18 02:34:49.624,106915.93,8e-05,8.5532744
2025-10-18 02:34:49.662,106915.93,0.00033,35.2822569
2025-10-18 02:34:49.669,106915.92,7e-05,7.484114399999999
2025-10-18 02:34:49.741,106915.93,0.00026,27.798141799999996
2025-10-18 02:34:49.861,106915.92,0.012,1282.99104
2025-10-18 02:34:49.862,106915.92,0.012,1282.99104
2025-10-18 02:34:49.863,106915.92,0.012,1282.99104
2025-10-18 02:34:49.872,106915.92,0.23412,25031.1551904
2025-10-18 02:34:50.025,106915.92,0.00026,27.798139199999998
2025-10-18 02:34:50.210,106915.92,0.012,1282.99104
2025-10-18 02:34:50.235,106915.92,0.012,1282.99104
2025-10-18 02:34:50.237,106915.92,0.012,1282.99104
2025-10-18 02:34:50.514,106915.92,0.07321,7827.314503199999
2025-10-18 02:34:50.521,106912.05,0.00138,147.538629
2025-10-18 02:34:50.523,106912.04,0.0002,21.382407999999998
2025-10-18 02:34:50.527,106908.32,0.012,1282.89984
2025-10-18 02:34:50.564,106908.32,0.06568,7021.7384576
2025-10-18 02:34:51.226,106908.32,0.00109,116.53006880000001
2025-10-18 02:34:51.315,106906.57,5e-05,5.345328500000001
2025-10-18 02:34:51.316,106897.11,5e-05,5.3448555
2025-10-18 02:34:51.322,106892.0,0.0028,299.2976
2025-10-18 02:34:51.324,106890.0,0.0028,299.292
2025-10-18 02:34:51.328,106889.4,0.02,2137.788
2025-10-18 02:34:51.357,106889.4,0.00936,1000.484784
2025-10-18 02:34:51.373,106889.41,0.005,534.44705
2025-10-18 02:34:51.408,106889.41,0.003,320.66823
2025-10-18 02:34:51.433,106889.4,0.02278,2434.940532
2025-10-18 02:34:51.449,106889.4,0.00015,16.033409999999996
2025-10-18 02:34:51.472,106889.4,0.00157,167.81635799999998
2025-10-18 02:34:51.482,106889.4,0.00092,98.338248
2025-10-18 02:34:51.654,106889.4,0.00096,102.613824
2025-10-18 02:34:51.736,106889.4,0.00234,250.121196
2025-10-18 02:34:51.775,106889.41,8e-05,8.5511528
2025-10-18 02:34:51.964,106889.4,0.001,106.8894
2025-10-18 02:34:51.970,106889.41,0.00011,11.757835100000001
2025-10-18 02:34:52.345,106889.4,0.02,2137.788
2025-10-18 02:34:52.943,106889.41,0.00051,54.51359910000001
2025-10-18 02:34:53.152,106889.4,0.09355,9999.503369999999
2025-10-18 02:34:53.379,106889.4,0.09355,9999.503369999999
2025-10-18 02:34:53.820,106889.4,0.64,68409.216
2025-10-18 02:34:53.828,106889.4,0.06,6413.364
2025-10-18 02:34:53.961,106889.4,0.004,427.5576
2025-10-18 02:34:53.963,106889.4,0.06,6413.364
2025-10-18 02:34:54.012,106889.4,0.076,8123.594399999999
2025-10-18 02:34:54.024,106889.4,0.00012,12.826728
2025-10-18 02:34:54.028,106889.4,0.008,855.1152
2025-10-18 02:34:54.029,106889.4,0.232,24798.340799999998
2025-10-18 02:34:54.031,106889.4,0.29178,31188.189131999996
2025-10-18 02:34:54.098,106889.4,0.0599,6402.67506
2025-10-18 02:34:54.306,106889.41,0.00531,567.5827671
2025-10-18 02:34:54.785,106889.4,0.00051,54.513594
2025-10-18 02:34:55.496,106887.15,0.044,4703.034599999999
2025-10-18 02:34:55.497,106887.15,0.51,54512.4465
2025-10-18 02:34:55.499,106887.15,0.21,22446.301499999998
2025-10-18 02:34:55.500,106887.15,0.436,46602.797399999996
2025-10-18 02:34:55.503,106887.15,0.012,1282.6458
2025-10-18 02:34:55.505,106887.15,0.0084,897.8520599999999
2025-10-18 02:34:55.506,106887.15,0.366,39120.696899999995
2025-10-18 02:34:55.507,106887.15,0.012,1282.6458
2025-10-18 02:34:55.511,106887.15,0.00937,1001.5325955
2025-10-18 02:34:55.536,106887.15,0.028,2992.8402
2025-10-18 02:34:55.537,106887.15,0.10445,11164.3628175
2025-10-18 02:34:55.538,106880.0,0.01972,2107.6736
2025-10-18 02:34:55.542,106880.0,6e-05,6.4128
2025-10-18 02:34:55.546,106880.0,0.01222,1306.0736
2025-10-18 02:34:55.558,106880.0,0.00936,1000.3968
2025-10-18 02:34:55.562,106880.0,0.04518,4828.8384
2025-10-18 02:34:55.567,106870.17,0.03348,3578.0132916000002
2025-10-18 02:34:55.573,106870.17,0.09361,10004.1166137
2025-10-18 02:34:55.596,106870.17,0.012,1282.44204
2025-10-18 02:34:55.599,106870.17,0.012,1282.44204
2025-10-18 02:34:55.608,106870.17,0.012,1282.44204
2025-10-18 02:34:55.670,106870.17,0.00021,22.4427357
2025-10-18 02:34:55.673,106870.17,0.0056,598.472952
2025-10-18 02:34:55.690,106870.17,0.0002,21.374034
2025-10-18 02:34:55.711,106870.17,0.00334,356.9463678
2025-10-18 02:34:55.782,106870.17,0.08,8549.6136
2025-10-18 02:34:55.801,106870.17,0.00167,178.4731839
2025-10-18 02:34:55.842,106870.17,0.00034,36.3358578
2025-10-18 02:34:55.848,106870.17,0.00028,29.923647599999995
2025-10-18 02:34:55.850,106870.17,0.00028,29.923647599999995
2025-10-18 02:34:55.879,106870.17,0.00028,29.923647599999995
2025-10-18 02:34:55.922,106870.18,0.0001,10.687018
2025-10-18 02:34:55.934,106870.18,0.00101,107.9388818
2025-10-18 02:34:56.029,106870.17,0.00028,29.923647599999995
2025-10-18 02:34:56.075,106870.17,0.00097,103.6640649
2025-10-18 02:34:56.219,106870.17,0.04,4274.8068
2025-10-18 02:34:56.223,106870.17,0.012,1282.44204
2025-10-18 02:34:56.224,106870.17,0.012,1282.44204
2025-10-18 02:34:56.575,106870.17,7e-05,7.480911899999999
2025-10-18 02:34:56.591,106870.17,7e-05,7.480911899999999
2025-10-18 02:34:56.673,106870.18,8e-05,8.5496144
2025-10-18 02:34:56.856,106870.17,0.012,1282.44204
2025-10-18 02:34:56.882,106870.18,0.04088,4368.8529584
2025-10-18 02:34:56.898,106870.17,0.012,1282.44204
2025-10-18 02:34:56.899,106870.17,0.012,1282.44204
2025-10-18 02:34:57.040,106870.18,0.00052,55.572493599999994
2025-10-18 02:34:58.130,106870.17,0.04,4274.8068
2025-10-18 02:34:58.131,106870.17,0.08,8549.6136
2025-10-18 02:34:58.134,106870.17,0.012,1282.44204
2025-10-18 02:34:58.135,106870.16,0.0009,96.183144
2025-10-18 02:34:58.635,106870.16,0.01806,1930.0750896
2025-10-18 02:34:58.933,106870.17,0.00028,29.923647599999995
2025-10-18 02:34:59.545,106870.17,0.00213,227.6334621
2025-10-18 02:35:00.452,106870.17,0.00264,282.1372488
2025-10-18 02:35:00.630,106870.16,0.00014,14.961822399999999
2025-10-18 02:35:00.750,106870.17,0.0114,1218.319938
2025-10-18 02:35:00.751,106870.17,0.09139,9766.8648363
2025-10-18 02:35:00.752,106870.17,0.186,19877.85162
2025-10-18 02:35:00.761,106870.17,0.10757,11496.0241869
2025-10-18 02:35:00.762,106870.17,0.58129,62122.56111929999
2025-10-18 02:35:00.765,106870.17,0.10116,10810.9863972
2025-10-18 02:35:00.766,106870.17,0.04884,5219.5391028
2025-10-18 02:35:00.776,106870.17,0.01089,1163.8161513
2025-10-18 02:35:00.778,106870.17,0.02158,2306.2582685999996
2025-10-18 02:35:00.780,106870.17,0.20001,21375.102701699998
2025-10-18 02:35:00.801,106870.18,0.04412,4715.1123416
2025-10-18 02:35:00.821,106871.6,0.0001,10.68716
2025-10-18 02:35:00.824,106872.85,0.0001,10.687285000000001
2025-10-18 02:35:00.836,106885.34,8e-05,8.5508272
2025-10-18 02:35:00.856,106884.43,0.01704,1821.3106871999998
2025-10-18 02:35:00.869,106883.01,0.00146,156.0491946
2025-10-18 02:35:00.872,106883.04,0.00128,136.8102912
2025-10-18 02:35:01.019,106883.04,0.09361,10005.321374399999
2025-10-18 02:35:01.081,106883.05,0.00463,494.8685215
2025-10-18 02:35:01.107,106883.05,0.03593,3840.3079865
2025-10-18 02:35:01.177,106883.05,0.12446,13302.664403
2025-10-18 02:35:01.447,106883.05,0.00259,276.8270995
2025-10-18 02:35:01.451,106886.22,0.00095,101.541909
2025-10-18 02:35:01.510,106891.01,0.01594,1703.8426994
2025-10-18 02:35:01.533,106896.02,8e-05,8.5516816
2025-10-18 02:35:01.549,106896.82,0.00161,172.10388020000002
2025-10-18 02:35:01.567,106898.35,5e-05,5.3449175
2025-10-18 02:35:01.577,106899.8,0.1045,11171.0291
2025-10-18 02:35:01.582,106899.8,0.00166,177.453668
2025-10-18 02:35:01.584,106899.82,0.00065,69.484883
2025-10-18 02:35:01.752,106903.67,0.0002,21.380734
2025-10-18 02:35:01.881,106903.68,0.00689,736.5663552
2025-10-18 02:35:02.013,106903.67,0.0936,10006.183512
2025-10-18 02:35:02.037,106903.68,0.035,3741.6288
2025-10-18 02:35:02.078,106903.67,0.00877,937.5451859
2025-10-18 02:35:02.372,106903.68,0.00013,13.897478399999997
2025-10-18 02:35:02.982,106903.67,0.00019,20.311697300000002
2025-10-18 02:35:03.119,106903.67,0.0936,10006.183512
2025-10-18 02:35:03.867,106903.67,0.00216,230.9119272
2025-10-18 02:35:03.909,106903.67,0.00215,229.8428905
2025-10-18 02:35:04.232,106903.67,0.08805,9412.8681435
2025-10-18 02:35:04.616,106906.82,0.00015,16.036023
2025-10-18 02:35:04.697,106914.73,0.00015,16.0372095
2025-10-18 02:35:04.700,106917.53,6e-05,6.4150518000000005
2025-10-18 02:35:04.787,106917.52,0.00454,485.4055408
2025-10-18 02:35:04.852,106917.52,0.00302,322.89091040000005
2025-10-18 02:35:04.853,106917.52,0.00119,127.23184880000001
2025-10-18 02:35:04.874,106917.52,0.00218,233.08019360000003
2025-10-18 02:35:05.226,106917.53,0.00184,196.7282552
2025-10-18 02:35:05.258,106917.53,3.26368,348944.60431039997
2025-10-18 02:35:05.546,106917.53,0.00132,141.1311396
2025-10-18 02:35:05.601,106917.53,0.00111,118.6784583
2025-10-18 02:35:05.611,106917.53,0.00115,122.9551595
2025-10-18 02:35:05.620,106917.54,0.00244,260.8787976
2025-10-18 02:35:05.650,106917.54,0.00132,141.1311528
2025-10-18 02:35:05.707,106921.57,5e-05,5.346078500000001
2025-10-18 02:35:05.710,106922.0,0.00478,511.08716000000004
2025-10-18 02:35:05.884,106921.99,0.0513,5485.098087
2025-10-18 02:35:06.150,106921.99,0.0118,1261.679482
2025-10-18 02:35:06.406,106921.99,0.041,4383.80159
2025-10-18 02:35:06.533,106922.0,0.00057,60.945539999999994
2025-10-18 02:35:06.679,106921.99,0.00753,805.1225847000001
2025-10-18 02:35:06.953,106921.99,0.06,6415.3194
2025-10-18 02:35:07.027,106921.99,0.0064,684.300736
2025-10-18 02:35:07.039,106921.99,0.23388,25006.915021200002
2025-10-18 02:35:07.073,106921.99,0.10317,11031.1417083
2025-10-18 02:35:07.213,106921.99,0.06,6415.3194
2025-10-18 02:35:08.166,106922.0,0.00011,11.761420000000001
2025-10-18 02:35:08.171,106922.0,0.00011,11.761420000000001
2025-10-18 02:35:08.707,106922.0,0.00011,11.761420000000001
2025-10-18 02:35:09.219,106921.99,0.00042,44.9072358
2025-10-18 02:35:09.466,106922.46,0.0001,10.692246
2025-10-18 02:35:09.550,106924.0,0.0275,2940.41
2025-10-18 02:35:09.552,106925.0,6e-05,6.4155
2025-10-18 02:35:09.554,106926.28,0.0001,10.692628000000001
2025-10-18 02:35:09.574,106927.99,0.00106,113.3436694
2025-10-18 02:35:09.616,106928.0,0.00381,407.39568
2025-10-18 02:35:09.651,106928.0,0.00328,350.72384
2025-10-18 02:35:09.686,106929.29,0.0001,10.692929
2025-10-18 02:35:09.942,106929.4,0.00011,11.762234
2025-10-18 02:35:10.244,106929.4,0.00014,14.970115999999997
2025-10-18 02:35:10.723,106929.39,0.1046,11184.814194
2025-10-18 02:35:10.724,106928.14,0.00085,90.888919
2025-10-18 02:35:10.725,106921.34,5e-05,5.346067
2025-10-18 02:35:10.726,106915.71,8e-05,8.553256800000002
2025-10-18 02:35:10.727,106898.33,0.073,7803.57809
2025-10-18 02:35:10.728,106895.14,5e-05,5.344757
2025-10-18 02:35:10.729,106893.18,0.024,2565.43632
2025-10-18 02:35:10.730,106911.58,0.01843,1970.3804194
2025-10-18 02:35:10.733,106893.18,0.027,2886.11586
2025-10-18 02:35:10.734,106893.18,0.10532,11257.9897176
2025-10-18 02:35:10.735,106890.09,0.027,2886.0324299999997
2025-10-18 02:35:10.736,106889.1,0.024,2565.3384
2025-10-18 02:35:10.737,106888.95,0.026,2779.1126999999997
2025-10-18 02:35:10.738,106883.33,0.00449,479.9061517
2025-10-18 02:35:10.739,106878.4,0.038,4061.3792
2025-10-18 02:35:10.740,106878.4,0.024,2565.0816
2025-10-18 02:35:10.742,106878.4,0.027,2885.7167999999997
2025-10-18 02:35:10.743,106878.4,6e-05,6.412704
2025-10-18 02:35:10.745,106876.56,0.01964,2099.0556384
2025-10-18 02:35:10.747,106876.0,0.0195,2084.082
2025-10-18 02:35:10.749,106872.86,0.0001,10.687286
2025-10-18 02:35:10.750,106867.7,0.02152,2299.792904
2025-10-18 02:35:10.751,106867.7,0.027,2885.4278999999997
2025-10-18 02:35:10.752,106867.7,0.04,4274.708
2025-10-18 02:35:10.753,106867.7,0.00934,998.1443179999999
2025-10-18 02:35:10.754,106855.42,0.00057,60.9075894
2025-10-18 02:35:10.757,106874.07,5e-05,5.3437035
2025-10-18 02:35:10.758,106852.0,0.0028,299.1856
2025-10-18 02:35:10.761,106867.34,0.04672,4992.8421247999995
2025-10-18 02:35:10.762,106850.19,0.027,2884.95513
2025-10-18 02:35:10.766,106884.68,0.01684,1799.9380112
2025-10-18 02:35:10.770,106850.19,0.038,4060.30722
2025-10-18 02:35:10.772,106850.19,0.075,8013.76425
2025-10-18 02:35:10.773,106850.19,0.01777,1898.7278763000002
2025-10-18 02:35:10.775,106850.19,0.18859,20150.8773321
2025-10-18 02:35:10.778,106806.41,0.02439,2605.0083399
2025-10-18 02:35:10.781,106801.67,0.02246,2398.7655082
2025-10-18 02:35:10.782,106859.89,0.00051,54.4985439
2025-10-18 02:35:10.783,106804.96,0.012,1281.6595200000002
2025-10-18 02:35:10.784,106804.96,0.04678,4996.3360288
2025-10-18 02:35:10.792,106852.51,6e-05,6.4111506
2025-10-18 02:35:10.800,106867.69,0.0001,10.686769
2025-10-18 02:35:10.804,106863.6,0.01884,2013.310224
2025-10-18 02:35:10.805,106863.68,5e-05,5.343184
2025-10-18 02:35:10.806,106854.0,0.0001,10.685400000000001
2025-10-18 02:35:10.814,106843.37,0.0005,53.421685
2025-10-18 02:35:10.815,106835.29,0.02,2136.7057999999997
2025-10-18 02:35:10.826,106835.29,0.00936,999.9783143999999
2025-10-18 02:35:10.833,106835.29,0.01599,1708.2962871
2025-10-18 02:35:10.860,106828.7,0.0012,128.19444
2025-10-18 02:35:10.861,106828.7,0.00936,999.916632
2025-10-18 02:35:10.869,106828.7,0.01446,1544.743002
2025-10-18 02:35:10.876,106828.7,0.00085,90.804395
2025-10-18 02:35:10.888,106828.7,6e-05,6.409722
2025-10-18 02:35:10.892,106826.16,0.0001,10.682616000000001
2025-10-18 02:35:10.893,106820.91,0.01577,1684.5657507
2025-10-18 02:35:10.897,106827.38,0.0069,737.108922
2025-10-18 02:35:10.899,106821.56,0.0201,2147.113356
2025-10-18 02:35:10.913,106822.04,0.00883,943.2386131999999
2025-10-18 02:35:10.924,106808.99,0.00199,212.5498901
2025-10-18 02:35:10.930,106808.99,0.00771,823.4973129
2025-10-18 02:35:10.932,106805.54,0.01676,1790.0608504
2025-10-18 02:35:10.958,106814.2,0.00081,86.51950199999999
2025-10-18 02:35:10.981,106814.2,0.00081,86.51950199999999
2025-10-18 02:35:10.987,106811.26,5e-05,5.340563
2025-10-18 02:35:11.038,106814.2,0.00758,809.6516359999999
2025-10-18 02:35:11.092,106814.07,0.003,320.44221000000005
2025-10-18 02:35:11.130,106811.69,0.011,1174.92859
2025-10-18 02:35:11.135,106811.26,0.0008,85.449008
2025-10-18 02:35:11.152,106811.26,0.00488,521.2389488
2025-10-18 02:35:11.167,106811.26,5e-05,5.340563
2025-10-18 02:35:11.169,106808.67,0.00168,179.4385656
2025-10-18 02:35:11.227,106811.27,0.00748,798.9482996
2025-10-18 02:35:11.235,106808.67,6e-05,6.4085202
2025-10-18 02:35:11.244,106811.27,0.013,1388.54651
2025-10-18 02:35:11.258,106811.27,0.00251,268.0962877
2025-10-18 02:35:11.261,106811.27,0.01241,1325.5278607
2025-10-18 02:35:11.262,106811.27,0.0001,10.681127
2025-10-18 02:35:11.274,106811.27,0.00311,332.1830497
2025-10-18 02:35:11.275,106811.27,0.01555,1660.9152485
2025-10-18 02:35:11.276,106811.27,0.00311,332.1830497
2025-10-18 02:35:11.287,106811.26,0.00055,58.746193
2025-10-18 02:35:11.336,106811.26,0.24132,25775.6932632
2025-10-18 02:35:11.337,106811.26,0.12671,13534.054754599998
2025-10-18 02:35:11.339,106811.26,0.14807,15815.5432682
2025-10-18 02:35:11.351,106811.26,0.12039,12859.007591399999
2025-10-18 02:35:11.386,106811.26,0.0002,21.362252
2025-10-18 02:35:11.416,106811.27,0.00082,87.5852414
2025-10-18 02:35:11.418,106811.26,0.02427,2592.3092801999996
2025-10-18 02:35:11.429,106811.26,0.19852,21204.1713352
2025-10-18 02:35:11.437,106811.27,0.03678,3928.5185106000004
2025-10-18 02:35:11.463,106811.26,0.003,320.43378
2025-10-18 02:35:11.489,106811.27,0.01144,1221.9209288000002
2025-10-18 02:35:11.490,106811.26,0.1367,14601.099241999998
2025-10-18 02:35:11.605,106811.26,0.0005,53.405629999999995
2025-10-18 02:35:11.609,106811.27,3.64748,389591.9710996
2025-10-18 02:35:11.620,106811.27,0.14003,14956.7821381
2025-10-18 02:35:11.665,106811.26,0.013,1388.5463799999998
2025-10-18 02:35:11.687,106811.27,0.2449,26158.080023000002
2025-10-18 02:35:11.688,106811.7,0.00655,699.616635
2025-10-18 02:35:11.689,106811.7,0.0001,10.68117
2025-10-18 02:35:11.690,106811.7,0.01144,1221.925848
2025-10-18 02:35:11.693,106811.7,0.18813,20094.485120999998
2025-10-18 02:35:11.697,106812.55,0.00054,57.678777000000004
2025-10-18 02:35:11.699,106812.95,0.01607,1716.4841065
2025-10-18 02:35:11.702,106814.06,0.00015,16.022108999999997
2025-10-18 02:35:11.709,106815.78,0.00251,268.1076078
2025-10-18 02:35:11.714,106817.5,0.0601,6419.73175
2025-10-18 02:35:11.720,106818.5,0.06105,6521.269425
2025-10-18 02:35:11.743,106819.35,0.06492,6934.712202000001
2025-10-18 02:35:11.758,106820.0,0.00484,517.0088
2025-10-18 02:35:11.805,106820.0,0.09,9613.8
2025-10-18 02:35:11.816,106826.16,0.18666,19940.1710256
2025-10-18 02:35:11.819,106826.16,0.01858,1984.8300528
2025-10-18 02:35:11.821,106826.16,0.0001,10.682616000000001
2025-10-18 02:35:11.889,106826.15,0.01303,1391.9447344999999
2025-10-18 02:35:12.011,106826.16,0.00083,88.66571280000001
2025-10-18 02:35:12.012,106826.16,0.02802,2993.2690032
2025-10-18 02:35:12.069,106826.16,0.00354,378.1646064
2025-10-18 02:35:12.081,106826.16,0.00598,638.8204368
2025-10-18 02:35:12.085,106826.15,0.00758,809.742217
2025-10-18 02:35:12.117,106826.16,0.15426,16479.0034416
2025-10-18 02:35:12.121,106826.16,0.0003,32.047847999999995
2025-10-18 02:35:12.138,106828.21,0.00018,19.229077800000002
2025-10-18 02:35:12.149,106828.21,0.07032,7512.1597272
2025-10-18 02:35:12.181,106828.21,0.00517,552.3018457000001
2025-10-18 02:35:12.291,106828.39,5e-05,5.341419500000001
2025-10-18 02:35:12.370,106828.79,0.00035,37.3900765
2025-10-18 02:35:12.418,106828.79,0.28591,30543.4193489
2025-10-18 02:35:12.525,106828.79,0.00167,178.4040793
2025-10-18 02:35:12.742,106828.79,8e-05,8.5463032
2025-10-18 02:35:12.960,106828.78,0.24255,25911.320589
2025-10-18 02:35:13.286,106828.79,0.00035,37.3900765
2025-10-18 02:35:13.321,106828.79,0.05616,5999.5048464
2025-10-18 02:35:13.569,106828.78,0.005,534.1439
2025-10-18 02:35:13.570,106828.78,0.01,1068.2878
2025-10-18 02:35:13.684,106828.78,0.00187,199.76981859999998
2025-10-18 02:35:13.695,106828.78,0.0897,9582.541566
2025-10-18 02:35:13.700,106828.79,5e-05,5.3414395
2025-10-18 02:35:14.322,106828.78,0.00187,199.76981859999998
2025-10-18 02:35:14.323,106828.78,0.01123,1199.6871994
2025-10-18 02:35:14.505,106828.79,0.00058,61.960698199999996
2025-10-18 02:35:14.588,106828.78,0.0084,897.3617519999999
2025-10-18 02:35:14.589,106826.14,0.0001,10.682614000000001
2025-10-18 02:35:14.593,106822.68,5e-05,5.341134
2025-10-18 02:35:14.616,106822.68,0.0008,85.458144
2025-10-18 02:35:14.635,106821.44,0.03957,4226.9243808
2025-10-18 02:35:14.667,106821.44,0.00064,68.3657216
2025-10-18 02:35:14.697,106821.43,0.02986,3189.6878997999997
2025-10-18 02:35:14.752,106821.43,0.09643,10300.7904949
2025-10-18 02:35:14.784,106821.42,0.21335,22790.349957000002
2025-10-18 02:35:14.791,106821.43,0.01995,2131.0875284999997
2025-10-18 02:35:14.826,106821.42,0.10388,11096.6091096
2025-10-18 02:35:14.856,106821.42,0.0936,9998.484912
2025-10-18 02:35:14.874,106821.42,0.03551,3793.2286242
2025-10-18 02:35:14.896,106821.42,0.01305,1394.0195310000001
2025-10-18 02:35:14.899,106821.42,0.00546,583.2449531999999
2025-10-18 02:35:14.900,106821.42,0.00569,607.8138798
2025-10-18 02:35:14.905,106821.41,0.09539,10189.6942999
2025-10-18 02:35:15.579,106821.42,0.00412,440.1042504
2025-10-18 02:35:15.602,106821.41,0.00102,108.95783820000001
2025-10-18 02:35:15.858,106821.3,0.0011,117.50343000000001
2025-10-18 02:35:15.899,106821.28,0.00106,113.23055679999999
2025-10-18 02:35:15.917,106821.28,0.00121,129.25374879999998
2025-10-18 02:35:15.939,106821.28,0.00063,67.2974064
2025-10-18 02:35:15.941,106821.27,0.00126,134.5948002
2025-10-18 02:35:15.971,106818.75,5e-05,5.3409375
2025-10-18 02:35:16.010,106818.75,0.00235,251.0240625
2025-10-18 02:35:16.042,106818.74,0.00226,241.4103524
2025-10-18 02:35:16.060,106818.73,0.00028,29.909244399999995
2025-10-18 02:35:16.087,106818.73,0.00125,133.5234125
2025-10-18 02:35:16.107,106818.72,0.00155,165.569016
2025-10-18 02:35:16.161,106818.72,0.0358,3824.1101759999997
2025-10-18 02:35:16.209,106818.7,0.00135,144.205245
2025-10-18 02:35:16.240,106818.69,0.0023,245.682987
2025-10-18 02:35:16.277,106818.68,0.23809,25432.4595212
2025-10-18 02:35:16.310,106817.48,0.00027,28.8407196
2025-10-18 02:35:16.384,106817.48,0.0362,3866.7927760000002
2025-10-18 02:35:16.394,106817.47,0.0001,10.681747000000001
2025-10-18 02:35:16.423,106817.47,0.00184,196.5441448
2025-10-18 02:35:16.427,106816.22,0.00015,16.022433
2025-10-18 02:35:16.451,106813.13,0.0001,10.681313000000001
2025-10-18 02:35:16.469,106812.31,0.00023,24.5668313
2025-10-18 02:35:16.476,106812.31,0.00163,174.1040653
2025-10-18 02:35:16.481,106812.32,0.04753,5076.7895696000005
2025-10-18 02:35:16.489,106812.31,0.23416,25011.1705096
2025-10-18 02:35:16.543,106812.31,0.00774,826.7272794
2025-10-18 02:35:16.577,106812.31,9e-05,9.613107900000001
2025-10-18 02:35:16.579,106812.31,0.00021,22.430585100000002
2025-10-18 02:35:16.715,106812.31,0.0903,9645.151593
2025-10-18 02:35:16.815,106812.31,0.00976,1042.4881455999998
2025-10-18 02:35:16.946,106812.32,0.00012,12.8174784
2025-10-18 02:35:17.019,106812.31,0.09368,10006.177200799999
2025-10-18 02:35:17.029,106812.31,0.10087,10774.157709699999
2025-10-18 02:35:17.035,106806.05,0.00234,249.92615700000002
2025-10-18 02:35:17.038,106806.05,0.03375,3604.7041875000004
2025-10-18 02:35:17.044,106806.05,0.00936,999.7046280000001
2025-10-18 02:35:17.096,106806.05,0.00487,520.1454635
2025-10-18 02:35:17.168,106806.05,0.00517,552.1872785
2025-10-18 02:35:17.169,106802.0,0.002,213.604
2025-10-18 02:35:17.196,106802.0,0.00804,858.68808
2025-10-18 02:35:17.206,106802.01,0.00093,99.32586930000001
2025-10-18 02:35:17.237,106802.0,0.00489,522.26178
2025-10-18 02:35:17.244,106800.65,0.0003,32.040195
2025-10-18 02:35:17.254,106800.64,0.20323,21705.0940672
2025-10-18 02:35:17.265,106800.0,0.012,1281.6000000000001
2025-10-18 02:35:17.266,106797.73,5e-05,5.3398865
2025-10-18 02:35:17.271,106796.3,0.0002,21.359260000000003
2025-10-18 02:35:17.273,106796.31,0.0013,138.83520299999998
2025-10-18 02:35:17.573,106796.3,0.005,533.9815
2025-10-18 02:35:17.804,106796.31,0.00046,49.1263026
2025-10-18 02:35:17.894,106796.31,0.03865,4127.6773815
2025-10-18 02:35:18.027,106796.3,0.012,1281.5556000000001
2025-10-18 02:35:18.030,106796.3,0.012,1281.5556000000001
2025-10-18 02:35:18.219,106796.3,0.09369,10005.745347
2025-10-18 02:35:18.787,106796.31,7e-05,7.4757416999999995
2025-10-18 02:35:18.907,106796.31,0.80551,86025.49566809999
2025-10-18 02:35:18.909,106796.39,0.0001,10.679639
2025-10-18 02:35:18.910,106799.84,5e-05,5.3399920000000005
2025-10-18 02:35:18.912,106803.77,0.0002,21.360754000000004
2025-10-18 02:35:18.913,106803.76,0.03456,3691.1379456
2025-10-18 02:35:18.918,106807.17,0.00622,664.3405974
2025-10-18 02:35:18.952,106807.41,0.00115,122.82852150000001
2025-10-18 02:35:19.045,106812.74,0.00489,522.3142986
2025-10-18 02:35:19.124,106812.77,0.0002,21.362554000000003
2025-10-18 02:35:19.262,106813.92,0.00388,414.4380096
2025-10-18 02:35:19.263,106816.22,0.02443,2609.5202546
2025-10-18 02:35:19.315,106821.85,5e-05,5.3410925
2025-10-18 02:35:19.317,106823.47,0.09367,10006.1544349
2025-10-18 02:35:19.343,106823.48,0.01653,1765.7921244
2025-10-18 02:35:19.464,106823.47,0.00061,65.16231669999999
2025-10-18 02:35:19.468,106823.47,1.0,106823.47
2025-10-18 02:35:19.951,106823.48,0.00077,82.2540796
2025-10-18 02:35:20.436,106823.47,0.09367,10006.1544349
2025-10-18 02:35:20.618,106823.47,0.00014,14.955285799999999
2025-10-18 02:35:20.712,106823.48,0.00065,69.435262
2025-10-18 02:35:20.953,106823.48,0.00186,198.6916728
2025-10-18 02:35:20.974,106823.47,0.00049,52.3435003
2025-10-18 02:35:21.287,106823.47,0.00477,509.5479519
2025-10-18 02:35:21.315,106818.35,0.03337,3564.5283394999997
2025-10-18 02:35:21.390,106812.78,0.00028,29.9075784
2025-10-18 02:35:21.398,106812.78,0.24379,26039.8876362
2025-10-18 02:35:21.469,106812.78,0.09368,10006.2212304
2025-10-18 02:35:21.634,106808.91,8e-05,8.544712800000001
2025-10-18 02:35:21.828,106803.81,0.0017,181.566477
2025-10-18 02:35:22.551,106803.8,0.09368,10005.379984000001
2025-10-18 02:35:22.696,106803.81,0.0001,10.680381
2025-10-18 02:35:23.151,106803.81,0.00936,999.6836616
2025-10-18 02:35:23.539,106803.8,0.09368,10005.379984000001
2025-10-18 02:35:23.783,106803.81,8e-05,8.5443048
2025-10-18 02:35:23.823,106803.8,0.00108,115.348104
2025-10-18 02:35:24.118,106803.81,7e-05,7.476266699999999
2025-10-18 02:35:24.718,106803.8,0.09368,10005.379984000001
2025-10-18 02:35:24.899,106803.81,0.00029,30.9731049
2025-10-18 02:35:24.907,106803.81,0.005,534.01905
2025-10-18 02:35:24.914,106803.81,0.00143,152.7294483
2025-10-18 02:35:24.939,106803.81,0.0005,53.401905
2025-10-18 02:35:25.043,106803.8,0.00051,54.469938000000006
2025-10-18 02:35:25.827,106803.8,0.09368,10005.379984000001
2025-10-18 02:35:26.070,106803.8,0.00028,29.905064
2025-10-18 02:35:26.330,106803.81,0.00089,95.05539089999999
2025-10-18 02:35:26.333,106803.81,4e-05,4.2721524
2025-10-18 02:35:26.969,106803.8,0.09368,10005.379984000001
2025-10-18 02:35:27.651,106803.81,0.00187,199.7231247
2025-10-18 02:35:27.952,106803.8,0.09368,10005.379984000001
2025-10-18 02:35:28.042,106803.81,0.07408,7912.026244799999
2025-10-18 02:35:28.356,106803.8,0.00526,561.787988
2025-10-18 02:35:29.017,106803.81,0.00049,52.3338669
2025-10-18 02:35:29.117,106803.8,0.09368,10005.379984000001
2025-10-18 02:35:29.146,106803.81,0.0106,1132.120386
2025-10-18 02:35:29.453,106803.8,0.0475,5073.1805
2025-10-18 02:35:29.949,106803.8,0.25815,27571.40097
2025-10-18 02:35:29.953,106803.8,0.012,1281.6456
2025-10-18 02:35:29.954,106803.8,0.012,1281.6456
2025-10-18 02:35:29.959,106803.8,0.00937,1000.751606
2025-10-18 02:35:29.967,106803.8,0.02,2136.076
2025-10-18 02:35:29.980,106803.8,0.06919,7389.754922
2025-10-18 02:35:30.020,106803.0,0.09635,10290.46905
2025-10-18 02:35:30.051,106803.0,0.07249,7742.14947
2025-10-18 02:35:30.089,106803.0,0.07944,8484.43032
2025-10-18 02:35:30.120,106803.0,0.07631,8150.136930000001
2025-10-18 02:35:30.157,106803.0,0.09332,9966.85596
2025-10-18 02:35:30.187,106803.0,0.06461,6900.54183
2025-10-18 02:35:30.217,106803.0,0.09369,10006.37307
2025-10-18 02:35:30.218,106803.0,0.05501,5875.23303
2025-10-18 02:35:30.260,106802.09,0.1098,11726.869481999998
2025-10-18 02:35:30.301,106802.09,0.09868,10539.2302412
2025-10-18 02:35:30.352,106802.08,0.0006,64.081248
2025-10-18 02:35:30.389,106802.07,0.03581,3824.5821267000006
2025-10-18 02:35:30.460,106802.06,0.22514,24045.4157884
2025-10-18 02:35:30.513,106802.06,0.00106,113.2101836
2025-10-18 02:35:30.517,106802.06,0.00066,70.4893596
2025-10-18 02:35:30.557,106802.05,0.23387,24977.7954335
2025-10-18 02:35:30.613,106802.05,0.12091,12913.435865500001
2025-10-18 02:35:30.695,106802.06,0.00143,152.7269458
2025-10-18 02:35:30.701,106801.14,0.0001,10.680114
2025-10-18 02:35:30.760,106800.8,0.23788,25405.774304000002
2025-10-18 02:35:30.799,106800.8,0.00165,176.22132
2025-10-18 02:35:30.833,106800.79,0.00409,436.81523109999995
2025-10-18 02:35:30.876,106798.84,0.00015,16.019826
2025-10-18 02:35:31.055,106798.31,0.00089,95.05049589999999
2025-10-18 02:35:31.148,106798.83,0.00126,134.5665258
2025-10-18 02:35:31.156,106798.91,0.0009,96.119019
2025-10-18 02:35:31.158,106799.84,0.0002,21.359968000000002
2025-10-18 02:35:31.189,106803.81,0.0001,10.680381
2025-10-18 02:35:31.215,106810.88,0.0288,3076.153344
2025-10-18 02:35:31.262,106814.56,0.09368,10006.3879808
2025-10-18 02:35:31.316,106814.57,0.00162,173.0396034
2025-10-18 02:35:31.413,106818.08,0.0032,341.817856
2025-10-18 02:35:31.894,106818.09,0.00936,999.8173224
2025-10-18 02:35:31.997,106818.09,0.00369,394.1587521
2025-10-18 02:35:32.072,106818.08,0.0005,53.409040000000005
2025-10-18 02:35:32.295,106818.08,0.09367,10005.6495536
2025-10-18 02:35:32.786,106818.09,8e-05,8.5454472
2025-10-18 02:35:32.934,106818.09,0.00936,999.8173224
2025-10-18 02:35:33.215,106828.27,0.00015,16.024240499999998
2025-10-18 02:35:33.317,106828.27,0.09367,10006.604050900001
2025-10-18 02:35:33.865,106828.28,0.00607,648.4476596
2025-10-18 02:35:34.033,106828.27,9e-05,9.6145443
2025-10-18 02:35:34.136,106828.27,0.01552,1657.9747504000002
2025-10-18 02:35:34.307,106828.27,0.09367,10006.604050900001
2025-10-18 02:35:34.327,106828.27,0.23524,25130.2822348
2025-10-18 02:35:34.359,106828.27,0.08301,8867.8146927
2025-10-18 02:35:34.414,106828.27,0.12796,13669.7454292
2025-10-18 02:35:34.460,106828.27,0.10423,11134.7105821
2025-10-18 02:35:34.490,106828.27,0.07126,7612.5825202000005
2025-10-18 02:35:34.521,106828.27,0.07965,8508.8717055
2025-10-18 02:35:34.554,106828.27,0.09722,10385.8444094
2025-10-18 02:35:34.588,106828.27,0.0931,9945.711937
2025-10-18 02:35:34.618,106828.27,0.06843,7310.258516100001
2025-10-18 02:35:34.668,106826.99,0.00081,86.5298619
2025-10-18 02:35:34.708,106826.99,0.00197,210.44917030000002
2025-10-18 02:35:34.715,106818.1,0.00015,16.022714999999998
2025-10-18 02:35:35.024,106818.09,6e-05,6.4090854
2025-10-18 02:35:35.283,106818.1,0.00332,354.636092
2025-10-18 02:35:35.317,106818.09,0.09367,10005.6504903
2025-10-18 02:35:35.640,106818.1,0.0001,10.68181
2025-10-18 02:35:36.055,106818.09,0.09363,10001.3777667
2025-10-18 02:35:36.132,106827.0,0.00504,538.40808
2025-10-18 02:35:36.134,106829.49,0.2676,28587.571524000003
2025-10-18 02:35:36.271,106829.49,0.09367,10006.718328300001
2025-10-18 02:35:36.577,106829.49,6e-05,6.4097694
2025-10-18 02:35:36.658,106829.5,0.0001,10.68295
2025-10-18 02:35:37.252,106829.49,0.09367,10006.718328300001
2025-10-18 02:35:37.877,106829.5,0.0001,10.68295
2025-10-18 02:35:38.316,106829.49,0.09367,10006.718328300001
2025-10-18 02:35:38.461,106829.5,0.00047,50.209865
2025-10-18 02:35:38.626,106829.5,0.0001,10.68295
2025-10-18 02:35:38.632,106829.49,0.24389,26054.644316100002
2025-10-18 02:35:38.684,106829.49,0.12593,13453.0376757
2025-10-18 02:35:38.714,106829.49,0.10205,10901.949454500002
2025-10-18 02:35:38.762,106829.49,0.11569,12359.103698100002
2025-10-18 02:35:38.773,106829.5,5e-05,5.341475
2025-10-18 02:35:38.799,106828.79,0.00015,16.024318499999996
2025-10-18 02:35:38.843,106825.38,0.00015,16.023806999999998
2025-10-18 02:35:38.873,106825.22,0.11766,12569.0553852
2025-10-18 02:35:38.959,106825.22,0.20539,21940.8319358
2025-10-18 02:35:39.015,106825.22,0.13041,13931.0769402
2025-10-18 02:35:39.248,106825.22,0.00018,19.2285396
2025-10-18 02:35:39.316,106825.22,0.09367,10006.318357400001
2025-10-18 02:35:39.394,106825.22,0.03523,3763.4525006
2025-10-18 02:35:39.415,106818.51,0.00015,16.0227765
2025-10-18 02:35:39.418,106818.5,0.00035,37.386475
2025-10-18 02:35:39.732,106818.51,0.00033,35.2501083
2025-10-18 02:35:39.918,106818.5,0.00011,11.750035
2025-10-18 02:35:39.999,106818.51,8e-05,8.5454808
2025-10-18 02:35:40.431,106818.5,0.00067,71.568395
2025-10-18 02:35:40.444,106818.51,0.00164,175.18235639999997
2025-10-18 02:35:40.458,106818.5,0.09367,10005.688895000001
2025-10-18 02:35:41.243,106818.51,0.00093,99.3412143
2025-10-18 02:35:41.493,106818.5,0.09367,10005.688895000001
2025-10-18 02:35:42.177,106818.51,0.00343,366.38748929999997
2025-10-18 02:35:42.616,106818.5,0.09367,10005.688895000001
2025-10-18 02:35:42.761,106818.51,0.00014,14.954591399999998
2025-10-18 02:35:43.318,106818.51,0.00036,38.4546636
2025-10-18 02:35:43.617,106818.5,0.09367,10005.688895000001
2025-10-18 02:35:44.617,106818.5,0.09367,10005.688895000001
2025-10-18 02:35:45.014,106818.51,8e-05,8.5454808
2025-10-18 02:35:45.311,106818.51,9e-05,9.6136659
2025-10-18 02:35:45.616,106818.5,0.09367,10005.688895000001
2025-10-18 02:35:45.912,106818.5,0.00645,688.979325
2025-10-18 02:35:46.045,106818.5,0.00028,29.909179999999996
2025-10-18 02:35:46.679,106818.5,0.09367,10005.688895000001
2025-10-18 02:35:47.084,106818.5,0.26489,28295.152465000003
2025-10-18 02:35:47.085,106818.5,0.012,1281.8220000000001
2025-10-18 02:35:47.086,106818.5,0.012,1281.8220000000001
2025-10-18 02:35:47.087,106818.5,0.012,1281.8220000000001
2025-10-18 02:35:47.115,106818.5,0.08068,8618.11658
2025-10-18 02:35:47.146,106818.5,0.03725,3978.9891249999996
2025-10-18 02:35:47.187,106818.5,0.02207,2357.4842949999997
2025-10-18 02:35:47.217,106818.5,0.07452,7960.11462
2025-10-18 02:35:47.251,106818.09,0.02623,2801.8385006999997
2025-10-18 02:35:47.286,106817.58,0.0001,10.681758
2025-10-18 02:35:47.315,106815.42,5e-05,5.340771
2025-10-18 02:35:47.317,106815.91,0.0001,10.681591000000001
2025-10-18 02:35:47.318,106812.98,0.00023,24.5669854
2025-10-18 02:35:47.550,106810.11,0.0001,10.681011
2025-10-18 02:35:47.558,106807.83,0.011,1174.8861299999999
2025-10-18 02:35:47.562,106807.83,0.011,1174.8861299999999
2025-10-18 02:35:47.580,106807.84,0.00043,45.927371199999996
2025-10-18 02:35:47.712,106807.83,0.09368,10005.7575144
2025-10-18 02:35:47.875,106807.83,0.00364,388.7805012
2025-10-18 02:35:48.103,106806.04,0.00015,16.020905999999997
2025-10-18 02:35:48.104,106797.73,5e-05,5.3398865
2025-10-18 02:35:48.105,106794.34,0.32,34174.188799999996
2025-10-18 02:35:48.106,106777.41,9e-05,9.609966900000002
2025-10-18 02:35:48.109,106770.04,0.00936,999.3675744
2025-10-18 02:35:48.112,106777.44,0.0025,266.9436
2025-10-18 02:35:48.116,106770.04,0.00977,1043.1432908
2025-10-18 02:35:48.119,106767.58,0.02,2135.3516
2025-10-18 02:35:48.121,106767.58,6e-05,6.406054800000001
2025-10-18 02:35:48.137,106767.58,0.02321,2478.0755318
2025-10-18 02:35:48.138,106767.58,5e-05,5.338379000000001
2025-10-18 02:35:48.139,106767.57,0.14166,15124.693966200002
2025-10-18 02:35:48.141,106767.57,0.02929,3127.2221253000002
2025-10-18 02:35:48.144,106767.57,0.03795,4051.8292815
2025-10-18 02:35:48.148,106767.57,0.26533,28328.6393481
2025-10-18 02:35:48.152,106767.57,0.10736,11462.5663152
2025-10-18 02:35:48.154,106764.32,0.00153,163.3494096
2025-10-18 02:35:48.158,106764.33,0.0098,1046.290434
2025-10-18 02:35:48.184,106762.58,0.00781,833.8157498
2025-10-18 02:35:48.185,106762.58,0.012,1281.15096
2025-10-18 02:35:48.188,106762.58,0.00937,1000.3653746
2025-10-18 02:35:48.196,106762.58,0.00046,49.1107868
2025-10-18 02:35:48.220,106763.48,0.0123,1313.190804
2025-10-18 02:35:48.221,106763.48,0.0089,950.194972
2025-10-18 02:35:48.222,106762.58,0.0001,10.676258
2025-10-18 02:35:48.223,106762.57,0.02512,2681.8757584
2025-10-18 02:35:48.224,106762.57,0.04564,4872.6436948
2025-10-18 02:35:48.252,106762.57,0.01977,2110.6960089
2025-10-18 02:35:48.255,106760.32,0.00015,16.014048
2025-10-18 02:35:48.256,106758.0,0.00191,203.90778
2025-10-18 02:35:48.257,106756.04,0.00015,16.013405999999996
2025-10-18 02:35:48.268,106755.58,0.0002,21.351116
2025-10-18 02:35:48.288,106755.57,7e-05,7.4728899
2025-10-18 02:35:48.311,106755.57,0.00245,261.5511465
2025-10-18 02:35:48.317,106755.57,0.04574,4882.9997718
2025-10-18 02:35:48.319,106755.57,0.03268,3488.7720276000005
2025-10-18 02:35:48.320,106755.57,0.04062,4336.4112534000005
2025-10-18 02:35:48.339,106755.57,0.00692,738.7485444
2025-10-18 02:35:48.378,106755.57,0.32962,35188.770983400005
2025-10-18 02:35:48.380,106755.57,0.05022,5361.2647254
2025-10-18 02:35:48.382,106754.19,0.00015,16.0131285
2025-10-18 02:35:48.457,106754.18,0.01701,1815.8886018
2025-10-18 02:35:48.461,106754.18,0.00046,49.1069228
2025-10-18 02:35:48.462,106754.18,0.00046,49.1069228
2025-10-18 02:35:48.464,106754.18,0.01183,1262.9019494
2025-10-18 02:35:48.485,106754.18,0.00013,13.878043399999997
2025-10-18 02:35:48.491,106754.18,0.01188,1268.2396583999998
2025-10-18 02:35:48.496,106754.18,0.01188,1268.2396583999998
2025-10-18 02:35:48.527,106754.18,0.00802,856.1685235999998
2025-10-18 02:35:48.557,106754.17,0.00135,144.1181295
2025-10-18 02:35:48.560,106752.46,0.00015,16.012869
2025-10-18 02:35:48.575,106752.45,7e-05,7.472671499999999
2025-10-18 02:35:48.605,106752.44,0.02082,2222.5858008
2025-10-18 02:35:48.610,106752.44,0.2886,30808.754184000005
2025-10-18 02:35:48.616,106750.59,0.00015,16.0125885
2025-10-18 02:35:48.632,106750.58,0.00016,17.080092800000003
2025-10-18 02:35:48.643,106750.58,0.05459,5827.5141622
2025-10-18 02:35:48.674,106750.57,0.02633,2810.7425081
2025-10-18 02:35:48.705,106750.57,0.08049,8592.3533793
2025-10-18 02:35:48.736,106750.57,0.06388,6819.2264116000015
2025-10-18 02:35:48.750,106750.57,0.00066,70.4553762
2025-10-18 02:35:48.768,106750.57,0.13532,14445.4871324
2025-10-18 02:35:48.770,106750.58,0.22597,24122.428562600002
2025-10-18 02:35:48.786,106750.57,0.09374,10006.798431800002
2025-10-18 02:35:48.799,106750.57,0.03508,3744.8099956
2025-10-18 02:35:48.835,106750.57,0.07901,8434.3625357
2025-10-18 02:35:48.865,106750.57,0.00017,18.147596900000003
2025-10-18 02:35:49.079,106750.58,0.0001,10.675058
2025-10-18 02:35:49.355,106750.58,0.0281,2999.691298
2025-10-18 02:35:49.647,106750.71,0.0002,21.350142
2025-10-18 02:35:49.649,106752.13,0.0001,10.675213000000001
2025-10-18 02:35:49.863,106754.15,0.09373,10006.0664795
2025-10-18 02:35:49.956,106754.15,0.00026,27.756078999999996
2025-10-18 02:35:50.215,106754.16,0.14022,14969.068315200002
2025-10-18 02:35:50.239,106755.56,0.00013,13.878222799999998
2025-10-18 02:35:50.320,106755.57,0.00054,57.6480078
2025-10-18 02:35:50.497,106755.57,9e-05,9.608001300000002
2025-10-18 02:35:50.504,106755.56,0.02,2135.1112
2025-10-18 02:35:50.850,106755.56,0.15,16013.333999999999
2025-10-18 02:35:50.993,106755.56,0.09373,10006.198638799999
2025-10-18 02:35:51.121,106755.57,0.14411,15384.5451927
2025-10-18 02:35:51.164,106755.57,0.07409,7909.520181300001
2025-10-18 02:35:51.291,106755.56,0.005,533.7778
2025-10-18 02:35:51.292,106755.56,0.01,1067.5556
2025-10-18 02:35:51.339,106755.57,0.06624,7071.4889568
2025-10-18 02:35:51.470,106755.56,0.00015,16.013333999999997
2025-10-18 02:35:52.000,106755.57,0.16975,18121.758007500004
2025-10-18 02:35:52.002,106755.57,0.10354,11053.4717178
2025-10-18 02:35:52.003,106755.57,0.49713,53071.39651410001
2025-10-18 02:35:52.005,106755.57,0.29471,31461.934034700003
2025-10-18 02:35:52.006,106755.57,0.19992,21342.5735544
2025-10-18 02:35:52.007,106755.57,0.05039,5379.4131723
2025-10-18 02:35:52.008,106755.57,1.2179,130017.608703
2025-10-18 02:35:52.009,106755.57,0.06352,6781.1138064
2025-10-18 02:35:52.011,106755.57,0.2449,26144.439093
2025-10-18 02:35:52.012,106755.71,0.0002,21.351142000000003
2025-10-18 02:35:52.014,106756.7,0.0002,21.35134
2025-10-18 02:35:52.015,106757.32,0.0001,10.675732000000002
2025-10-18 02:35:52.049,106760.72,5e-05,5.338036000000001
2025-10-18 02:35:52.070,106761.97,0.00662,706.7642414000001
2025-10-18 02:35:52.073,106763.27,0.00449,479.36708230000005
2025-10-18 02:35:52.077,106764.41,0.1231,13142.698871
2025-10-18 02:35:52.078,106764.7,0.00163,174.02646099999998
2025-10-18 02:35:52.081,106764.69,0.00068,72.59998920000001
2025-10-18 02:35:52.182,106764.69,0.09371,10004.9190999
2025-10-18 02:35:52.186,106764.7,0.00181,193.24410699999999
2025-10-18 02:35:52.199,106764.71,0.0017,181.500007
2025-10-18 02:35:52.403,106764.87,0.00304,324.5652048
2025-10-18 02:35:52.515,106765.01,5e-05,5.3382505
2025-10-18 02:35:52.868,106766.24,0.00016,17.082598400000002
2025-10-18 02:35:53.107,106766.24,0.00234,249.83300160000002
2025-10-18 02:35:53.265,106766.23,0.09371,10005.0634133
2025-10-18 02:35:54.010,106771.29,5e-05,5.3385645
2025-10-18 02:35:54.176,106771.42,0.00162,172.9697004
2025-10-18 02:35:54.397,106771.42,0.09371,10005.5497682
2025-10-18 02:35:54.521,106771.42,0.00018,19.2188556
2025-10-18 02:35:54.861,106771.43,0.00361,385.44486229999995
2025-10-18 02:35:55.641,106771.42,0.09371,10005.5497682
2025-10-18 02:35:56.277,106771.43,0.00468,499.6902924
2025-10-18 02:35:56.415,106771.42,0.0007,74.739994
2025-10-18 02:35:56.526,106771.43,0.00505,539.1957215
2025-10-18 02:35:56.645,106771.43,0.0695,7420.614385
2025-10-18 02:35:56.717,106771.42,0.09371,10005.5497682
2025-10-18 02:35:57.003,106771.43,7e-05,7.474000099999999
2025-10-18 02:35:57.207,106771.43,0.0126,1345.320018
2025-10-18 02:35:57.265,106771.42,0.0048,512.5028159999999
2025-10-18 02:35:57.749,106771.42,0.0084,896.879928
2025-10-18 02:35:57.766,106771.42,0.09371,10005.5497682
2025-10-18 02:35:57.832,106771.42,0.0001,10.677142
2025-10-18 02:35:57.883,106771.42,9e-05,9.6094278
2025-10-18 02:35:58.336,106771.43,0.01,1067.7142999999999
2025-10-18 02:35:58.784,106771.42,0.09371,10005.5497682
2025-10-18 02:35:59.603,106771.43,0.00046,49.114857799999996
2025-10-18 02:35:59.828,106771.42,0.01025,1094.4070550000001
2025-10-18 02:35:59.894,106771.42,0.09371,10005.5497682
2025-10-18 02:36:00.085,106764.6,5e-05,5.33823
2025-10-18 02:36:00.086,106759.25,5e-05,5.337962500000001
2025-10-18 02:36:00.087,106754.16,5e-05,5.337708
2025-10-18 02:36:00.088,106748.32,0.16,17079.731200000002
2025-10-18 02:36:00.089,106748.32,0.64,68318.92480000001
2025-10-18 02:36:00.090,106742.0,0.0028,298.8776
2025-10-18 02:36:00.098,106748.32,0.00025,26.68708
2025-10-18 02:36:00.102,106732.8,0.00805,859.19904
2025-10-18 02:36:00.103,106733.33,5e-05,5.336666500000001
2025-10-18 02:36:00.106,106732.8,0.1319,14078.05632
2025-10-18 02:36:00.109,106730.76,5e-05,5.336538
2025-10-18 02:36:00.110,106728.35,0.00291,310.5794985
2025-10-18 02:36:00.111,106727.8,0.00937,1000.039486
2025-10-18 02:36:00.112,106727.8,0.0468,4994.861040000001
2025-10-18 02:36:00.117,106724.13,6e-05,6.4034478
2025-10-18 02:36:00.119,106723.8,0.00936,998.9347680000001
2025-10-18 02:36:00.120,106723.8,6e-05,6.403428
2025-10-18 02:36:00.124,106727.95,0.00765,816.4688175
2025-10-18 02:36:00.125,106723.8,0.04,4268.952
2025-10-18 02:36:00.129,106727.95,0.01763,1881.6137585
2025-10-18 02:36:00.133,106727.81,5e-05,5.3363905
2025-10-18 02:36:00.137,106724.0,0.00075,80.043
2025-10-18 02:36:00.139,106723.8,0.00193,205.976934
2025-10-18 02:36:00.140,106723.8,0.01422,1517.6124360000001
2025-10-18 02:36:00.148,106723.8,0.0002,21.34476
2025-10-18 02:36:00.151,106723.88,0.0013,138.741044
2025-10-18 02:36:00.166,106725.62,0.00093,99.2548266
2025-10-18 02:36:00.168,106723.81,5e-05,5.3361905
2025-10-18 02:36:00.173,106723.8,0.46599,49732.22356200001
2025-10-18 02:36:00.175,106723.8,0.00287,306.29730600000005
2025-10-18 02:36:00.178,106723.8,0.00373,398.079774
2025-10-18 02:36:00.201,106723.8,0.00464,495.198432
2025-10-18 02:36:00.219,106723.8,0.09753,10408.772214
2025-10-18 02:36:00.249,106721.44,0.00015,16.008215999999997
2025-10-18 02:36:00.268,106721.43,5e-05,5.3360715
2025-10-18 02:36:00.281,106720.0,0.00657,701.1504
2025-10-18 02:36:00.291,106718.38,0.00023,24.5452274
2025-10-18 02:36:00.307,106716.09,7e-05,7.470126299999999
2025-10-18 02:36:00.308,106716.01,0.0002,21.343202
2025-10-18 02:36:00.336,106715.95,0.028,2988.0466
2025-10-18 02:36:00.353,106715.95,5e-05,5.3357975
2025-10-18 02:36:00.363,106715.95,0.00932,994.592654
2025-10-18 02:36:00.370,106715.95,0.021,2241.03495
2025-10-18 02:36:00.382,106715.95,6e-05,6.402957
2025-10-18 02:36:00.392,106715.96,0.001,106.71596000000001
2025-10-18 02:36:00.433,106715.96,0.00222,236.90943120000003
2025-10-18 02:36:00.746,106715.96,0.00057,60.8280972
2025-10-18 02:36:00.756,106715.96,0.0544,5805.348224
2025-10-18 02:36:00.836,106715.96,0.0084,896.414064
2025-10-18 02:36:00.837,106715.96,0.07516,8020.7715536000005
2025-10-18 02:36:00.838,106716.95,0.0004,42.68678
2025-10-18 02:36:00.841,106720.01,0.02343,2500.4498343
2025-10-18 02:36:00.857,106720.02,0.0001,10.672002
2025-10-18 02:36:00.862,106720.02,0.09657,10305.9523314
2025-10-18 02:36:00.879,106720.02,0.14675,15661.162935
2025-10-18 02:36:00.880,106720.02,0.2922,31183.589844000002
2025-10-18 02:36:00.883,106725.61,5e-05,5.3362805
2025-10-18 02:36:00.921,106725.71,0.09375,10005.5353125
2025-10-18 02:36:00.922,106725.72,0.03796,4051.3083312000003
2025-10-18 02:36:00.923,106725.72,5e-05,5.336286
2025-10-18 02:36:00.925,106725.72,5e-05,5.336286
2025-10-18 02:36:00.932,106736.4,0.00808,862.430112
2025-10-18 02:36:01.067,106741.27,0.0793,8464.582711
2025-10-18 02:36:01.121,106743.01,0.0002,21.348602
2025-10-18 02:36:01.130,106743.08,0.00016,17.078892800000002
2025-10-18 02:36:01.132,106743.08,0.38346,40931.7014568
2025-10-18 02:36:01.135,106743.08,0.00025,26.68577
2025-10-18 02:36:01.275,106745.83,0.1201,12820.174183
2025-10-18 02:36:01.457,106745.83,0.0002,21.349166
2025-10-18 02:36:01.583,106745.82,8e-05,8.539665600000001
2025-10-18 02:36:01.890,106745.82,0.09374,10006.353166800001
2025-10-18 02:36:01.899,106745.83,0.30421,32473.1489443
2025-10-18 02:36:01.900,106745.83,0.19649,20974.4881367
2025-10-18 02:36:01.902,106745.83,0.05769,6158.1669327
2025-10-18 02:36:01.903,106745.83,0.05878,6274.5198874
2025-10-18 02:36:01.904,106745.83,0.08955,9559.0890765
2025-10-18 02:36:01.905,106745.83,0.00071,75.7895393
2025-10-18 02:36:01.908,106745.91,0.17697,18890.8236927
2025-10-18 02:36:01.909,106745.91,0.0001,10.674591000000001
2025-10-18 02:36:02.085,106747.98,0.0001,10.674798000000001
2025-10-18 02:36:02.834,106747.98,0.0039,416.317122
2025-10-18 02:36:02.917,106747.97,0.09374,10006.5547078
2025-10-18 02:36:03.342,106747.97,9e-05,9.6073173
2025-10-18 02:36:03.621,106747.97,0.00108,115.28780760000001
2025-10-18 02:36:04.015,106747.98,0.00082,87.5333436
2025-10-18 02:36:04.017,106747.97,0.09374,10006.5547078
2025-10-18 02:36:04.075,106747.98,0.01585,1691.955483
2025-10-18 02:36:04.118,106747.98,0.00014,14.944717199999998
2025-10-18 02:36:04.416,106747.98,0.00382,407.7772836
2025-10-18 02:36:04.428,106747.98,0.00224,239.11547519999996
2025-10-18 02:36:04.430,106747.98,0.00735,784.5976529999999
2025-10-18 02:36:04.431,106747.98,0.00162,172.9317276
2025-10-18 02:36:05.048,106747.97,0.09374,10006.5547078
2025-10-18 02:36:05.326,106747.98,0.00395,421.65452100000005
2025-10-18 02:36:05.450,106747.97,0.00078,83.2634166
2025-10-18 02:36:06.186,106747.97,0.09374,10006.5547078
2025-10-18 02:36:06.264,106747.98,0.00137,146.2447326
2025-10-18 02:36:06.333,106747.97,0.00011,11.7422767
2025-10-18 02:36:06.468,106747.97,0.0033,352.268301
2025-10-18 02:36:06.650,106747.98,0.01017,1085.6269566
2025-10-18 02:36:06.734,106747.98,0.09775,10434.615045
2025-10-18 02:36:07.017,106747.98,0.0041,437.666718
2025-10-18 02:36:07.021,106749.69,0.0007,74.724783
2025-10-18 02:36:07.022,106749.68,5e-05,5.337484
2025-10-18 02:36:07.052,106754.16,5e-05,5.337708
2025-10-18 02:36:07.062,106754.38,0.00632,674.6876816
2025-10-18 02:36:07.277,106756.19,0.09372,10005.1901268
2025-10-18 02:36:07.542,106756.19,0.02389,2550.4053791
2025-10-18 02:36:07.570,106756.2,0.0023,245.53925999999998
2025-10-18 02:36:07.908,106756.2,0.07414,7914.904667999999
2025-10-18 02:36:08.047,106756.19,0.00015,16.0134285
2025-10-18 02:36:08.105,106756.2,0.00735,784.65807
2025-10-18 02:36:08.149,106756.2,0.00936,999.238032
2025-10-18 02:36:08.183,106756.2,0.0001,10.67562
2025-10-18 02:36:08.214,106756.2,0.00372,397.133064
2025-10-18 02:36:08.516,106756.19,0.09372,10005.1901268
2025-10-18 02:36:08.850,106756.2,0.00811,865.7927819999999
2025-10-18 02:36:08.892,106756.2,0.00015,16.01343
2025-10-18 02:36:09.400,106756.2,0.0001,10.67562
2025-10-18 02:36:09.659,106756.19,0.09372,10005.1901268
2025-10-18 02:36:09.797,106756.2,0.00049,52.310537999999994
2025-10-18 02:36:10.246,106756.2,0.00713,761.171706
2025-10-18 02:36:10.433,106756.2,0.00014,14.945867999999999
2025-10-18 02:36:10.804,106756.19,0.09372,10005.1901268
2025-10-18 02:36:10.964,106756.2,0.0001,10.67562
2025-10-18 02:36:11.262,106756.2,0.0001,10.67562
2025-10-18 02:36:11.917,106756.19,0.09372,10005.1901268
2025-10-18 02:36:11.944,106756.2,0.0001,10.67562
2025-10-18 02:36:12.296,106756.2,0.00058,61.918596
2025-10-18 02:36:12.388,106756.2,0.00058,61.918596
2025-10-18 02:36:12.906,106756.2,0.0001,10.67562
2025-10-18 02:36:12.936,106756.19,0.09372,10005.1901268
2025-10-18 02:36:13.173,106756.19,0.013,1387.8304699999999
2025-10-18 02:36:13.176,106756.19,0.013,1387.8304699999999
2025-10-18 02:36:13.223,106756.2,0.00012,12.810744
2025-10-18 02:36:13.471,106756.19,1.0,106756.19
2025-10-18 02:36:13.653,106756.2,4e-05,4.2702480000000005
2025-10-18 02:36:13.958,106756.2,0.0001,10.67562
2025-10-18 02:36:14.019,106756.19,0.09373,10006.2576887
2025-10-18 02:36:14.021,106756.2,0.02914,3110.8756679999997
2025-10-18 02:36:14.049,106756.19,0.00122,130.2425518
2025-10-18 02:36:14.698,106756.2,0.00263,280.768806
2025-10-18 02:36:14.725,106756.2,0.0001,10.67562
2025-10-18 02:36:14.744,106756.2,0.57176,61038.924912
2025-10-18 02:36:14.745,106756.2,0.31042,33139.259604
2025-10-18 02:36:14.746,106756.28,0.0001,10.675628
2025-10-18 02:36:14.890,106756.9,0.00118,125.973142
2025-10-18 02:36:15.055,106756.9,0.09372,10005.256668
2025-10-18 02:36:15.109,106756.9,0.00089,95.01364099999999
2025-10-18 02:36:15.516,106756.9,0.004,427.0276
2025-10-18 02:36:15.533,106756.91,0.00082,87.5406662
2025-10-18 02:36:15.632,106756.9,0.00042,44.837898
2025-10-18 02:36:16.008,106756.9,0.00013,13.878396999999998
2025-10-18 02:36:16.096,106756.9,0.09372,10005.256668
2025-10-18 02:36:16.473,106756.91,0.0001,10.675691
2025-10-18 02:36:16.600,106756.9,7e-05,7.472982999999999
2025-10-18 02:36:16.695,106756.9,0.00468,499.62229199999996
2025-10-18 02:36:16.719,106756.91,0.00422,450.5141602
2025-10-18 02:36:16.720,106756.9,0.0001,10.67569
2025-10-18 02:36:16.914,106756.91,0.0097,1035.542027
2025-10-18 02:36:16.940,106756.91,0.00338,360.83835580000004
2025-10-18 02:36:17.146,106756.92,0.00065,69.391998
2025-10-18 02:36:17.217,106756.92,0.09372,10005.258542399999
2025-10-18 02:36:17.317,106756.93,0.0014,149.459702
2025-10-18 02:36:17.318,106756.93,0.0003,32.02707899999999
2025-10-18 02:36:17.319,106758.65,0.0001,10.675865
2025-10-18 02:36:17.321,106759.65,5e-05,5.3379825
2025-10-18 02:36:17.325,106759.72,0.0002,21.351944
2025-10-18 02:36:17.420,106760.62,0.00047,50.177491399999994
2025-10-18 02:36:17.518,106760.62,0.00015,16.014093
2025-10-18 02:36:17.591,106760.62,8e-05,8.5408496
2025-10-18 02:36:17.615,106760.63,0.0007,74.73244100000001
2025-10-18 02:36:17.617,106765.69,0.0015,160.148535
2025-10-18 02:36:17.619,106766.0,0.002,213.532
2025-10-18 02:36:17.805,106766.87,0.004,427.06748
2025-10-18 02:36:17.862,106766.87,0.00094,100.36085779999999
2025-10-18 02:36:17.912,106766.87,0.0001,10.676687
2025-10-18 02:36:18.017,106766.87,0.0001,10.676687
2025-10-18 02:36:18.123,106766.87,0.6499,69387.788813
2025-10-18 02:36:18.126,106768.01,0.38431,41032.0139231
2025-10-18 02:36:18.127,106768.01,5e-05,5.3384005
2025-10-18 02:36:18.157,106768.0,0.09371,10005.22928
2025-10-18 02:36:18.215,106774.0,0.002,213.548
2025-10-18 02:36:18.217,106774.0,0.00016,17.083840000000002
2025-10-18 02:36:18.632,106774.0,0.00075,80.0805
2025-10-18 02:36:18.718,106773.99,0.01403,1498.0390797000002
2025-10-18 02:36:18.956,106773.99,0.0135,1441.448865
2025-10-18 02:36:18.974,106773.99,0.00036,38.43863640000001
2025-10-18 02:36:19.118,106774.0,0.00029,30.96446
2025-10-18 02:36:19.190,106773.99,0.09371,10005.7906029
2025-10-18 02:36:19.380,106774.0,0.00011,11.745140000000001
2025-10-18 02:36:19.463,106774.0,0.00094,100.36756
2025-10-18 02:36:19.543,106774.0,0.00281,300.03494
2025-10-18 02:36:20.176,106773.99,0.09371,10005.7906029
2025-10-18 02:36:20.212,106774.0,0.00011,11.745140000000001
2025-10-18 02:36:20.569,106774.0,0.00088,93.96112000000001
2025-10-18 02:36:20.999,106773.99,0.00582,621.4246218
2025-10-18 02:36:21.071,106774.0,0.0016,170.8384
2025-10-18 02:36:21.206,106773.99,0.09371,10005.7906029
2025-10-18 02:36:21.379,106774.0,8e-05,8.541920000000001
2025-10-18 02:36:21.421,106774.0,0.00011,11.745140000000001
2025-10-18 02:36:21.489,106773.99,0.00047,50.1837753
2025-10-18 02:36:22.129,106773.99,0.00558,595.7988642
2025-10-18 02:36:22.294,106773.99,0.09371,10005.7906029
2025-10-18 02:36:22.340,106773.99,7e-05,7.474179299999999
2025-10-18 02:36:22.408,106774.0,0.00011,11.745140000000001
2025-10-18 02:36:22.896,106774.0,5e-05,5.3387
2025-10-18 02:36:23.193,106774.0,9e-05,9.60966
2025-10-18 02:36:23.427,106774.0,0.00011,11.745140000000001
2025-10-18 02:36:23.434,106773.99,0.09371,10005.7906029
2025-10-18 02:36:23.954,106773.99,0.00272,290.4252528
2025-10-18 02:36:24.043,106773.99,0.00042,44.845075800000004
2025-10-18 02:36:24.575,106773.99,0.09371,10005.7906029
2025-10-18 02:36:25.217,106774.0,0.00011,11.745140000000001
2025-10-18 02:36:25.506,106773.99,0.09371,10005.7906029
2025-10-18 02:36:25.515,106773.99,0.0001,10.677399000000001
2025-10-18 02:36:25.575,106774.0,0.00012,12.81288
2025-10-18 02:36:26.091,106774.0,0.00047,50.18378
2025-10-18 02:36:26.113,106774.0,0.00019,20.28706
2025-10-18 02:36:26.449,106774.0,0.00011,11.745140000000001
2025-10-18 02:36:26.491,106773.99,0.09371,10005.7906029
2025-10-18 02:36:26.686,106774.0,0.00028,29.89672
2025-10-18 02:36:26.963,106774.0,7e-05,7.47418
2025-10-18 02:36:27.437,106774.0,0.00011,11.745140000000001
2025-10-18 02:36:27.526,106773.99,0.09371,10005.7906029
2025-10-18 02:36:28.320,106774.0,0.00016,17.083840000000002
2025-10-18 02:36:28.515,106773.99,0.09371,10005.7906029
2025-10-18 02:36:28.678,106774.0,0.07412,7914.08888
2025-10-18 02:36:29.329,106774.0,0.00011,11.745140000000001
2025-10-18 02:36:29.334,106774.0,0.00011,11.745140000000001
2025-10-18 02:36:29.504,106773.99,0.09371,10005.7906029
2025-10-18 02:36:29.886,106773.99,0.00075,80.0804925
2025-10-18 02:36:29.952,106773.99,0.00045,48.0482955
2025-10-18 02:36:30.313,106774.0,0.00011,11.745140000000001
2025-10-18 02:36:30.491,106773.99,0.09371,10005.7906029
2025-10-18 02:36:31.288,106774.0,0.00011,11.745140000000001
2025-10-18 02:36:31.320,106773.99,0.00051,54.454734900000005
2025-10-18 02:36:31.475,106773.99,0.09371,10005.7906029
2025-10-18 02:36:32.398,106773.99,0.32642,34853.1658158
2025-10-18 02:36:32.399,106772.51,0.01656,1768.1527655999998
2025-10-18 02:36:32.400,106772.51,0.02876,3070.7773876
2025-10-18 02:36:32.401,106769.72,0.0039,416.401908
2025-10-18 02:36:32.403,106766.86,0.00111,118.51121460000002
2025-10-18 02:36:32.405,106762.5,6e-05,6.40575
2025-10-18 02:36:32.408,106762.16,0.00088,93.9507008
2025-10-18 02:36:32.409,106762.16,0.00088,93.9507008
2025-10-18 02:36:32.412,106762.16,0.02,2135.2432
2025-10-18 02:36:32.424,106762.16,0.00161,171.88707760000003
2025-10-18 02:36:32.432,106762.16,0.0002,21.352432
2025-10-18 02:36:32.435,106762.15,0.00071,75.8011265
2025-10-18 02:36:32.448,106760.67,0.0001,10.676067
2025-10-18 02:36:32.497,106759.88,0.00011,11.743586800000001
2025-10-18 02:36:32.532,106759.87,0.09373,10006.602615099999
2025-10-18 02:36:33.039,106759.88,0.00019,20.2843772
2025-10-18 02:36:33.482,106759.87,0.09372,10005.5350164
2025-10-18 02:36:33.571,106759.88,0.01266,1351.5800808
2025-10-18 02:36:33.619,106759.88,0.00058,61.920730400000004
2025-10-18 02:36:33.663,106759.88,0.00307,327.7528316
2025-10-18 02:36:34.025,106759.87,5e-05,5.3379935
2025-10-18 02:36:34.678,106759.87,0.09372,10005.5350164
2025-10-18 02:36:35.821,106759.87,0.09372,10005.5350164
2025-10-18 02:36:35.934,106759.88,0.00013,13.878784399999999
2025-10-18 02:36:36.290,106759.88,0.00766,817.7806808
2025-10-18 02:36:36.627,106759.88,0.0014,149.463832
2025-10-18 02:36:36.811,106759.87,0.09372,10005.5350164
2025-10-18 02:36:37.848,106759.87,0.09372,10005.5350164
2025-10-18 02:36:38.011,106759.88,0.00012,12.811185600000002
2025-10-18 02:36:38.193,106759.88,0.03034,3239.0947592
2025-10-18 02:36:38.507,106759.88,0.00112,119.5710656
2025-10-18 02:36:38.940,106759.87,0.09372,10005.5350164
2025-10-18 02:36:38.974,106759.88,1.10696,118178.9167648
2025-10-18 02:36:38.976,106759.9,0.20009,21361.588390999998
2025-10-18 02:36:38.977,106765.38,0.0086,918.182268
2025-10-18 02:36:38.978,106765.58,5e-05,5.338279
2025-10-18 02:36:38.982,106768.88,0.0025,266.92220000000003
2025-10-18 02:36:39.025,106770.55,0.4401,46989.719055
2025-10-18 02:36:39.026,106770.55,0.01945,2076.6871975
2025-10-18 02:36:39.027,106775.19,0.00013,13.8807747
2025-10-18 02:36:39.049,106776.61,0.00015,16.016491499999997
2025-10-18 02:36:39.053,106776.62,0.00028,29.897453599999995
2025-10-18 02:36:39.078,106776.61,5e-05,5.3388305
2025-10-18 02:36:39.097,106776.62,0.00018,19.2197916
2025-10-18 02:36:39.125,106776.62,0.0863,9214.822306
2025-10-18 02:36:39.131,106776.62,0.00015,16.016492999999997
2025-10-18 02:36:39.143,106776.62,0.00074,79.01469879999999
2025-10-18 02:36:39.171,106776.62,0.27748,29628.376517599998
2025-10-18 02:36:39.173,106776.62,0.24395,26048.156449
2025-10-18 02:36:39.174,106776.63,0.0005,53.388315000000006
2025-10-18 02:36:39.176,106777.0,0.17986,19204.911219999998
2025-10-18 02:36:39.177,106777.0,0.17981,19199.572369999998
2025-10-18 02:36:39.178,106777.0,0.43254,46185.32358
2025-10-18 02:36:39.179,106777.43,0.43123,46045.6311389
2025-10-18 02:36:39.180,106776.99,0.0003,32.033097
2025-10-18 02:36:39.181,106777.0,0.18587,19846.64099
2025-10-18 02:36:39.182,106781.24,0.003,320.34372
2025-10-18 02:36:39.184,106784.0,0.0026,277.6384
2025-10-18 02:36:39.185,106786.57,0.0015,160.179855
2025-10-18 02:36:39.188,106786.69,5e-05,5.3393345000000005
2025-10-18 02:36:39.549,106789.07,0.00218,232.80017260000002
2025-10-18 02:36:39.655,106789.07,0.00669,714.4188783000001
2025-10-18 02:36:39.966,106789.06,0.0937,10006.134922000001
2025-10-18 02:36:40.214,106789.07,0.00331,353.4718217
2025-10-18 02:36:41.106,106789.06,0.0937,10006.134922000001
2025-10-18 02:36:41.648,106789.06,9e-05,9.611015400000001
2025-10-18 02:36:41.715,106796.89,0.0001,10.679689
2025-10-18 02:36:41.718,106801.49,6e-05,6.408089400000001
2025-10-18 02:36:41.719,106801.49,0.00015,16.0202235
2025-10-18 02:36:41.875,106801.49,0.00012,12.816178800000001
2025-10-18 02:36:42.071,106801.49,0.00045,48.0606705
2025-10-18 02:36:42.135,106801.48,0.09369,10006.2306612
2025-10-18 02:36:42.873,106801.49,0.00121,129.2298029
2025-10-18 02:36:42.887,106801.48,8e-05,8.5441184
2025-10-18 02:36:43.227,106801.48,0.09369,10006.2306612
2025-10-18 02:36:44.216,106801.48,0.012,1281.61776
2025-10-18 02:36:44.218,106801.48,0.012,1281.61776
2025-10-18 02:36:44.260,106801.48,0.09369,10006.2306612
2025-10-18 02:36:45.192,106801.49,0.00067,71.5569983
2025-10-18 02:36:45.281,106801.49,0.0001,10.680149000000002
2025-10-18 02:36:45.416,106801.48,0.09369,10006.2306612
2025-10-18 02:36:45.451,106801.48,6e-05,6.4080888
2025-10-18 02:36:45.513,106801.49,0.00023,24.5643427
2025-10-18 02:36:45.658,106801.48,8e-05,8.5441184
2025-10-18 02:36:45.816,106801.49,0.00012,12.816178800000001
2025-10-18 02:36:46.057,106801.48,7e-05,7.476103599999999
2025-10-18 02:36:46.576,106801.48,7e-05,7.476103599999999
2025-10-18 02:36:46.581,106801.49,0.00343,366.3291107
2025-10-18 02:36:46.592,106801.48,0.09369,10006.2306612
2025-10-18 02:36:46.806,106801.48,0.00012,12.8161776
2025-10-18 02:36:47.594,106801.49,6e-05,6.408089400000001
2025-10-18 02:36:47.816,106801.48,0.09369,10006.2306612
2025-10-18 02:36:48.823,106801.48,0.09369,10006.2306612
2025-10-18 02:36:49.299,106801.49,5e-05,5.340074500000001
2025-10-18 02:36:49.640,106801.48,0.012,1281.61776
2025-10-18 02:36:49.641,106801.48,0.012,1281.61776
2025-10-18 02:36:49.642,106801.48,0.012,1281.61776
2025-10-18 02:36:49.817,106801.48,0.09369,10006.2306612
2025-10-18 02:36:50.848,106801.48,0.09369,10006.2306612
2025-10-18 02:36:51.453,106801.49,0.00739,789.2630111
2025-10-18 02:36:51.884,106801.48,0.09369,10006.2306612
2025-10-18 02:36:52.729,106797.19,5e-05,5.3398595
2025-10-18 02:36:52.730,106791.75,6e-05,6.4075050000000005
2025-10-18 02:36:52.731,106785.96,0.00069,73.6823124
2025-10-18 02:36:52.734,106783.72,0.00066,70.4772552
2025-10-18 02:36:52.735,106771.92,0.00935,998.317452
2025-10-18 02:36:52.736,106768.9,0.04,4270.755999999999
2025-10-18 02:36:52.742,106768.9,0.02,2135.3779999999997
2025-10-18 02:36:52.749,106778.78,0.0015,160.16817
2025-10-18 02:36:52.750,106775.01,0.04205,4489.8891705
2025-10-18 02:36:52.753,106763.72,0.00428,456.9487216
2025-10-18 02:36:52.756,106763.73,0.0305,3256.293765
2025-10-18 02:36:52.762,106763.72,0.012,1281.16464
2025-10-18 02:36:52.777,106766.24,0.00073,77.9393552
2025-10-18 02:36:52.787,106763.72,6e-05,6.4058232
2025-10-18 02:36:52.821,106763.73,0.0043,459.08403899999996
2025-10-18 02:36:52.869,106763.72,0.09373,10006.9634756
2025-10-18 02:36:52.926,106763.72,0.00018,19.2174696
2025-10-18 02:36:53.094,106763.73,0.00226,241.28602979999997
2025-10-18 02:36:53.694,106763.73,0.0028,298.938444
2025-10-18 02:36:53.917,106763.72,0.09372,10005.8958384
2025-10-18 02:36:54.054,106763.73,0.00028,29.893844399999995
2025-10-18 02:36:54.890,106763.72,0.09372,10005.8958384
2025-10-18 02:36:54.935,106763.73,0.00281,300.0060813
2025-10-18 02:36:55.674,106763.73,0.00935,998.2408755
2025-10-18 02:36:55.675,106763.73,0.00935,998.2408755
2025-10-18 02:36:55.917,106763.72,0.09372,10005.8958384
2025-10-18 02:36:55.963,106763.73,0.00025,26.6909325
2025-10-18 02:36:56.904,106763.72,0.00033,35.2320276
2025-10-18 02:36:56.964,106763.72,0.09372,10005.8958384
2025-10-18 02:36:57.505,106763.73,0.00025,26.6909325
2025-10-18 02:36:58.055,106763.72,0.09372,10005.8958384
2025-10-18 02:36:59.217,106763.72,0.09372,10005.8958384
2025-10-18 02:36:59.225,106763.73,0.00044,46.9760412
2025-10-18 02:37:00.107,106763.73,0.00044,46.9760412
2025-10-18 02:37:00.183,106763.72,0.09372,10005.8958384
2025-10-18 02:37:00.291,106763.73,0.0043,459.08403899999996
2025-10-18 02:37:00.885,106763.73,0.00212,226.33910759999998
2025-10-18 02:37:01.167,106763.72,0.09372,10005.8958384
2025-10-18 02:37:01.203,106763.73,0.00013,13.879284899999998
2025-10-18 02:37:01.236,106763.72,0.00937,1000.3760564
2025-10-18 02:37:01.487,106763.73,0.00145,154.80740849999998
2025-10-18 02:37:01.717,106763.73,5e-05,5.3381865
2025-10-18 02:37:02.025,106763.73,0.00113,120.64301489999998
2025-10-18 02:37:02.151,106763.72,0.08916,9519.0532752
2025-10-18 02:37:02.182,106763.73,0.00025,26.6909325
2025-10-18 02:37:02.375,106763.73,0.00094,100.35790619999999
2025-10-18 02:37:02.414,106763.73,0.0005,53.381865
2025-10-18 02:37:02.842,106763.73,0.0014,149.469222
2025-10-18 02:37:03.575,106763.73,7e-05,7.473461099999999
2025-10-18 02:37:03.589,106763.73,0.02933,3131.3802008999996
2025-10-18 02:37:03.635,106763.73,0.22888,24436.0825224
2025-10-18 02:37:03.636,106763.73,0.08059,8604.0890007
2025-10-18 02:37:03.645,106763.9,0.0009,96.08751
2025-10-18 02:37:03.648,106763.91,0.0002,21.352782
2025-10-18 02:37:03.650,106763.91,0.0002,21.352782
2025-10-18 02:37:03.651,106763.91,5e-05,5.3381955
2025-10-18 02:37:03.654,106766.01,0.00015,16.014901499999997
2025-10-18 02:37:03.667,106766.82,0.48685,51979.426317000005
2025-10-18 02:37:03.668,106766.82,0.035,3736.8387000000007
2025-10-18 02:37:03.669,106766.82,0.38025,40598.083305
2025-10-18 02:37:03.671,106768.0,0.00375,400.38
2025-10-18 02:37:03.673,106771.29,5e-05,5.3385645
2025-10-18 02:37:03.674,106771.5,5e-05,5.3385750000000005
2025-10-18 02:37:03.691,106774.4,0.0007,74.74208
2025-10-18 02:37:03.694,106774.41,0.0036,384.387876
2025-10-18 02:37:03.697,106775.48,5e-05,5.338774
2025-10-18 02:37:03.698,106775.7,0.00015,16.016354999999997
2025-10-18 02:37:03.703,106777.0,5e-05,5.33885
2025-10-18 02:37:03.707,106778.54,8e-05,8.5422832
2025-10-18 02:37:03.722,106784.66,0.00326,348.1179916
2025-10-18 02:37:04.115,106796.02,0.0015,160.19403
2025-10-18 02:37:04.251,106796.65,0.00016,17.087464
2025-10-18 02:37:04.915,106796.65,0.00011,11.747631499999999
2025-10-18 02:37:04.976,106796.65,0.00866,924.8589889999998
2025-10-18 02:37:05.504,106796.65,0.00281,300.0985865
2025-10-18 02:37:06.200,106796.65,0.00213,227.47686449999998
2025-10-18 02:37:06.576,106796.64,9e-05,9.611697600000001
2025-10-18 02:37:06.661,106796.64,0.01867,1993.8932688
2025-10-18 02:37:07.605,106796.65,0.05618,5999.835797
2025-10-18 02:37:07.853,106796.64,0.00087,92.9130768
2025-10-18 02:37:08.215,106801.5,6e-05,6.4080900000000005
2025-10-18 02:37:09.101,106804.0,0.00011,11.74844
2025-10-18 02:37:09.601,106804.0,5e-05,5.3402
2025-10-18 02:37:09.680,106804.0,0.00123,131.36892
2025-10-18 02:37:10.139,106804.0,0.00011,11.74844
2025-10-18 02:37:11.167,106804.0,0.00011,11.74844
2025-10-18 02:37:11.274,106803.99,0.00061,65.1504339
2025-10-18 02:37:12.212,106804.0,0.00011,11.74844
2025-10-18 02:37:13.198,106804.0,0.00011,11.74844
2025-10-18 02:37:13.932,106803.99,0.35322,37725.3053478
2025-10-18 02:37:13.933,106801.82,0.00679,725.1843578
2025-10-18 02:37:13.934,106801.82,0.01675,1788.9304850000003
2025-10-18 02:37:13.935,106796.7,5e-05,5.339835
2025-10-18 02:37:13.937,106796.65,5e-05,5.3398325
2025-10-18 02:37:13.938,106796.01,0.00015,16.019401499999997
2025-10-18 02:37:13.941,106795.0,0.00021,22.42695
2025-10-18 02:37:13.945,106794.19,0.03664,3912.9391216
2025-10-18 02:37:13.947,106794.18,0.0001,10.679418
2025-10-18 02:37:13.953,106793.31,0.00052,55.53252119999999
2025-10-18 02:37:13.956,106786.0,0.0047,501.8942
2025-10-18 02:37:14.218,106786.01,0.00011,11.7464611
2025-10-18 02:37:15.495,106786.01,0.0006,64.07160599999999
2025-10-18 02:37:16.114,106786.0,0.09371,10006.91606
2025-10-18 02:37:16.716,106786.0,0.02047,2185.90942
2025-10-18 02:37:16.777,106786.0,0.01666,1779.0547600000002
2025-10-18 02:37:16.914,106786.01,0.00187,199.68983869999997
2025-10-18 02:37:16.926,106786.01,0.00293,312.88300929999997
2025-10-18 02:37:17.043,106786.0,0.09371,10006.91606
2025-10-18 02:37:17.271,106786.01,0.0006,64.07160599999999
2025-10-18 02:37:17.856,106786.01,6e-05,6.4071606
2025-10-18 02:37:18.045,106786.01,0.00742,792.3521942
2025-10-18 02:37:18.117,106786.0,0.0937,10005.8482
2025-10-18 02:37:18.589,106786.01,0.00052,55.52872519999999
2025-10-18 02:37:18.784,106786.0,0.01,1067.8600000000001
2025-10-18 02:37:19.070,106786.0,0.0937,10005.8482
2025-10-18 02:37:19.151,106786.01,0.00615,656.7339615
2025-10-18 02:37:19.599,106786.01,0.0006,64.07160599999999
2025-10-18 02:37:19.684,106786.01,0.00462,493.3513662
2025-10-18 02:37:19.700,106786.01,0.03275,3497.2418275
2025-10-18 02:37:20.098,106786.01,0.00065,69.4109065
2025-10-18 02:37:20.218,106786.0,0.0937,10005.8482
2025-10-18 02:37:20.248,106786.0,6e-05,6.40716
2025-10-18 02:37:20.384,106786.01,0.0002,21.357202
2025-10-18 02:37:20.433,106786.01,0.00012,12.8143212
2025-10-18 02:37:20.515,106792.41,0.00562,600.1733442
2025-10-18 02:37:21.299,106792.48,0.0937,10006.455376
2025-10-18 02:37:21.855,106792.48,0.0054,576.679392
2025-10-18 02:37:22.070,106792.48,9e-05,9.611323200000001
2025-10-18 02:37:22.334,106792.48,0.0937,10006.455376
2025-10-18 02:37:23.354,106792.49,0.0005,53.396245
2025-10-18 02:37:23.475,106792.48,0.0937,10006.455376
2025-10-18 02:37:23.955,106792.49,0.00093,99.31701570000001
2025-10-18 02:37:24.567,106792.48,0.0937,10006.455376
2025-10-18 02:37:24.692,106792.49,0.00122,130.2868378
2025-10-18 02:37:24.734,106792.48,0.00031,33.1056688
2025-10-18 02:37:25.499,106792.48,0.0937,10006.455376
2025-10-18 02:37:25.625,106792.49,0.99984,106775.4032016
2025-10-18 02:37:25.757,106792.48,0.0007,74.754736
2025-10-18 02:37:26.643,106792.48,0.0937,10006.455376
2025-10-18 02:37:26.671,106792.49,0.00012,12.815098800000001
2025-10-18 02:37:26.775,106792.49,0.00257,274.45669929999997
2025-10-18 02:37:27.683,106792.48,0.0937,10006.455376
2025-10-18 02:37:28.618,106792.48,0.0937,10006.455376
2025-10-18 02:37:29.346,106792.48,0.00066,70.4830368
2025-10-18 02:37:29.439,106792.49,4e-05,4.271699600000001
2025-10-18 02:37:29.440,106792.49,0.00167,178.3434583
2025-10-18 02:37:29.863,106792.48,0.0937,10006.455376
2025-10-18 02:37:30.245,106792.48,0.00058,61.9396384
2025-10-18 02:37:30.653,106792.48,0.012,1281.50976
2025-10-18 02:37:30.654,106792.48,0.012,1281.50976
2025-10-18 02:37:30.655,106792.48,0.012,1281.50976
2025-10-18 02:37:30.817,106792.48,0.0937,10006.455376
2025-10-18 02:37:30.822,106792.48,0.0009,96.113232
2025-10-18 02:37:30.827,106792.3,0.0021,224.26382999999998
2025-10-18 02:37:30.839,106787.95,0.00015,16.018192499999998
2025-10-18 02:37:31.070,106787.95,0.00012,12.814554
2025-10-18 02:37:31.291,106787.95,0.00021,22.425469500000002
2025-10-18 02:37:31.734,106787.95,0.18974,20261.945633
2025-10-18 02:37:31.830,106787.94,0.0937,10006.029978
2025-10-18 02:37:32.198,106787.94,0.00012,12.814552800000001
2025-10-18 02:37:32.742,106787.94,0.00457,488.02088580000003
2025-10-18 02:37:32.917,106787.93,0.0937,10006.029041
2025-10-18 02:37:33.265,106787.92,0.00115,122.806108
2025-10-18 02:37:34.157,106787.91,0.00414,442.1019474
2025-10-18 02:37:34.159,106787.91,0.00076,81.1588116
2025-10-18 02:37:34.266,106787.8,0.00239,255.222842
2025-10-18 02:37:34.853,106787.8,7e-05,7.475146
2025-10-18 02:37:35.184,106787.79,0.0937,10006.015923
2025-10-18 02:37:35.211,106787.8,0.0001,10.678780000000001
2025-10-18 02:37:35.313,106787.8,0.00012,12.814536
2025-10-18 02:37:35.650,106787.79,0.012,1281.45348
2025-10-18 02:37:35.652,106787.79,0.012,1281.45348
2025-10-18 02:37:35.653,106787.79,0.012,1281.45348
2025-10-18 02:37:35.747,106787.8,0.00066,70.47994800000001
2025-10-18 02:37:35.932,106787.8,0.00029,30.968462000000002
2025-10-18 02:37:35.959,106787.79,0.00411,438.89781689999995
2025-10-18 02:37:36.167,106787.8,0.0001,10.678780000000001
2025-10-18 02:37:36.217,106787.79,0.01175,1254.7565324999998
2025-10-18 02:37:36.391,106787.79,0.00012,12.814534799999999
2025-10-18 02:37:36.855,106787.79,0.00433,462.39113069999996
2025-10-18 02:37:36.915,106787.78,0.00152,162.3174256
2025-10-18 02:37:36.978,106787.7,0.0024,256.29047999999995
2025-10-18 02:37:36.983,106786.08,0.00522,557.4233376
2025-10-18 02:37:37.016,106786.08,0.00234,249.8794272
2025-10-18 02:37:37.029,106786.07,0.00245,261.6258715
2025-10-18 02:37:37.225,106786.01,0.0001,10.678601
2025-10-18 02:37:37.287,106786.0,0.012,1281.432
2025-10-18 02:37:37.288,106786.0,0.012,1281.432
2025-10-18 02:37:37.307,106786.0,0.0937,10005.8482
2025-10-18 02:37:37.515,106786.01,0.00204,217.8434604
2025-10-18 02:37:38.417,106786.0,0.0028,299.00079999999997
2025-10-18 02:37:38.554,106786.0,0.0937,10005.8482
2025-10-18 02:37:39.319,106786.01,0.00012,12.8143212
2025-10-18 02:37:39.616,106786.0,0.0937,10005.8482
2025-10-18 02:37:40.282,106786.01,0.00046,49.1215646
2025-10-18 02:37:40.466,106786.0,0.00083,88.63238
2025-10-18 02:37:40.525,106786.0,0.012,1281.432
2025-10-18 02:37:40.527,106786.0,0.012,1281.432
2025-10-18 02:37:40.617,106786.0,0.0937,10005.8482
2025-10-18 02:37:40.619,106786.01,0.00046,49.1215646
2025-10-18 02:37:41.215,106786.0,0.00106,113.19315999999999
2025-10-18 02:37:41.571,106786.0,0.00936,999.51696
2025-10-18 02:37:41.574,106786.0,0.00582,621.49452
2025-10-18 02:37:41.577,106786.0,9e-05,9.61074
2025-10-18 02:37:41.622,106786.0,0.0937,10005.8482
2025-10-18 02:37:41.680,106786.01,0.01872,1999.0341071999999
2025-10-18 02:37:42.025,106786.01,9e-05,9.6107409
2025-10-18 02:37:42.225,106786.0,8e-05,8.54288
2025-10-18 02:37:42.359,106786.0,0.00012,12.81432
2025-10-18 02:37:42.659,106786.0,0.0937,10005.8482
2025-10-18 02:37:43.467,106786.0,0.03,3203.58
2025-10-18 02:37:43.745,106786.0,0.0937,10005.8482
2025-10-18 02:37:44.324,106786.0,0.00046,49.12156
2025-10-18 02:37:44.731,106786.0,0.0937,10005.8482
2025-10-18 02:37:45.659,106786.01,8e-05,8.5428808
2025-10-18 02:37:45.918,106786.0,0.0937,10005.8482
2025-10-18 02:37:46.481,106786.0,0.012,1281.432
2025-10-18 02:37:46.483,106786.0,0.012,1281.432
2025-10-18 02:37:46.773,106786.0,0.00084,89.70024000000001
2025-10-18 02:37:46.774,106786.0,0.00083,88.63238
2025-10-18 02:37:46.916,106786.0,0.0937,10005.8482
2025-10-18 02:37:47.047,106786.01,0.0001,10.678601
2025-10-18 02:37:47.916,106786.0,0.0937,10005.8482
2025-10-18 02:37:48.065,106786.0,0.014,1495.0040000000001
2025-10-18 02:37:48.987,106786.0,0.0937,10005.8482
2025-10-18 02:37:49.564,106786.0,0.014,1495.0040000000001
2025-10-18 02:37:50.161,106786.01,0.00459,490.14778590000003
2025-10-18 02:37:50.288,106786.0,0.0937,10005.8482
2025-10-18 02:37:50.481,106786.01,0.00019,20.2893419
2025-10-18 02:37:50.688,106786.01,0.00468,499.75852679999997
2025-10-18 02:37:51.035,106786.0,0.012,1281.432
2025-10-18 02:37:51.037,106786.0,0.012,1281.432
2025-10-18 02:37:51.072,106786.0,0.014,1495.0040000000001
2025-10-18 02:37:51.327,106786.0,0.0937,10005.8482
2025-10-18 02:37:51.740,106786.0,0.012,1281.432
2025-10-18 02:37:51.822,106786.0,7e-05,7.47502
2025-10-18 02:37:52.264,106786.0,0.0937,10005.8482
2025-10-18 02:37:52.562,106786.0,0.014,1495.0040000000001
2025-10-18 02:37:52.913,106786.0,5e-05,5.339300000000001
2025-10-18 02:37:53.351,106786.0,0.0937,10005.8482
2025-10-18 02:37:53.626,106786.0,0.06698,7152.52628
2025-10-18 02:37:53.627,106786.0,0.00158,168.72188
2025-10-18 02:37:54.056,106786.0,0.014,1495.0040000000001
2025-10-18 02:37:54.317,106786.0,0.0937,10005.8482
2025-10-18 02:37:55.329,106786.0,0.01,1067.8600000000001
2025-10-18 02:37:55.376,106786.0,0.0937,10005.8482
2025-10-18 02:37:55.546,106786.0,0.014,1495.0040000000001
2025-10-18 02:37:55.799,106786.0,0.012,1281.432
2025-10-18 02:37:55.800,106786.0,0.012,1281.432
2025-10-18 02:37:55.949,106786.0,0.012,1281.432
2025-10-18 02:37:56.466,106786.01,0.00012,12.8143212
2025-10-18 02:37:56.515,106786.0,0.0937,10005.8482
2025-10-18 02:37:57.043,106786.0,0.014,1495.0040000000001
2025-10-18 02:37:57.448,106786.0,0.0937,10005.8482
2025-10-18 02:37:57.527,106786.0,7e-05,7.47502
2025-10-18 02:37:58.113,106786.01,7e-05,7.475020699999999
2025-10-18 02:37:58.486,106786.0,0.0937,10005.8482
2025-10-18 02:37:59.455,106786.01,0.00571,609.7481171
2025-10-18 02:37:59.527,106786.0,0.0937,10005.8482
2025-10-18 02:37:59.998,106786.0,9e-05,9.61074
2025-10-18 02:38:00.132,106786.01,0.00052,55.52872519999999
2025-10-18 02:38:00.432,106786.0,0.00206,219.97916
2025-10-18 02:38:00.515,106786.0,0.0937,10005.8482
2025-10-18 02:38:01.238,106786.01,0.00188,200.7576988
2025-10-18 02:38:01.499,106786.0,0.0937,10005.8482
2025-10-18 02:38:02.439,106786.01,0.00281,300.0686881
2025-10-18 02:38:02.584,106786.0,0.148,15804.328
2025-10-18 02:38:02.734,106786.0,0.00173,184.73978
2025-10-18 02:38:02.736,106786.0,0.0937,10005.8482
2025-10-18 02:38:02.944,106786.0,0.012,1281.432
2025-10-18 02:38:02.945,106786.0,0.012,1281.432
2025-10-18 02:38:03.689,106786.0,0.02474,2641.88564
2025-10-18 02:38:03.729,106786.0,0.0937,10005.8482
2025-10-18 02:38:03.751,106786.0,0.012,1281.432
2025-10-18 02:38:04.024,106786.0,0.00011,11.74646
2025-10-18 02:38:04.769,106786.0,7e-05,7.47502
2025-10-18 02:38:05.092,106786.01,0.0325,3470.545325
2025-10-18 02:38:05.689,106786.0,0.00012,12.81432
2025-10-18 02:38:05.705,106786.01,0.0005,53.393004999999995
2025-10-18 02:38:05.717,106786.0,0.0937,10005.8482
2025-10-18 02:38:06.722,106786.01,0.00021,22.425062099999998
2025-10-18 02:38:06.894,106786.0,0.0937,10005.8482
2025-10-18 02:38:07.916,106786.0,0.0937,10005.8482
2025-10-18 02:38:08.223,106786.0,0.00949,1013.39914
2025-10-18 02:38:08.626,106786.0,0.00936,999.51696
2025-10-18 02:38:09.230,106786.0,0.0937,10005.8482
2025-10-18 02:38:10.131,106786.01,9e-05,9.6107409
2025-10-18 02:38:10.216,106786.0,0.0937,10005.8482
2025-10-18 02:38:10.714,106786.0,7e-05,7.47502
2025-10-18 02:38:11.307,106786.0,0.0937,10005.8482
2025-10-18 02:38:11.538,106786.0,0.00256,273.37216
2025-10-18 02:38:11.627,106786.0,0.01873,2000.10178
2025-10-18 02:38:11.669,106786.0,0.014,1495.0040000000001
2025-10-18 02:38:11.971,106786.01,0.00093,99.3109893
2025-10-18 02:38:12.191,106786.0,0.05,5339.3
2025-10-18 02:38:12.417,106786.0,0.0937,10005.8482
2025-10-18 02:38:13.017,106786.0,0.00185,197.5541
2025-10-18 02:38:13.192,106786.0,0.014,1495.0040000000001
2025-10-18 02:38:13.428,106786.0,0.0937,10005.8482
2025-10-18 02:38:14.118,106786.0,0.00311,332.10446
2025-10-18 02:38:14.517,106786.0,0.0937,10005.8482
2025-10-18 02:38:14.934,106786.0,0.014,1495.0040000000001
2025-10-18 02:38:15.432,106786.01,0.00134,143.0932534
2025-10-18 02:38:15.714,106786.0,0.0937,10005.8482
2025-10-18 02:38:16.019,106786.0,0.00093,99.31098
2025-10-18 02:38:16.284,106786.01,9e-05,9.6107409
2025-10-18 02:38:16.413,106786.01,9e-05,9.6107409
2025-10-18 02:38:16.433,106786.0,0.0003,32.035799999999995
2025-10-18 02:38:16.460,106786.0,0.014,1495.0040000000001
2025-10-18 02:38:16.467,106786.01,0.00071,75.8180671
2025-10-18 02:38:16.485,106786.01,0.00113,120.66819129999999
2025-10-18 02:38:16.670,106786.01,7e-05,7.475020699999999
2025-10-18 02:38:16.718,106786.01,0.0001,10.678601
2025-10-18 02:38:16.737,106786.01,0.00469,500.82638689999993
2025-10-18 02:38:16.767,106786.01,0.09364,9999.4419764
2025-10-18 02:38:16.790,106786.0,0.0937,10005.8482
2025-10-18 02:38:16.995,106786.01,0.06094,6507.5394494
2025-10-18 02:38:17.091,106786.01,0.00015,16.017901499999997
2025-10-18 02:38:17.319,106786.01,0.0001,10.678601
2025-10-18 02:38:17.344,106786.01,0.00044,46.9858444
2025-10-18 02:38:17.531,106786.01,0.00034,36.3072434
2025-10-18 02:38:17.642,106786.01,0.01872,1999.0341071999999
2025-10-18 02:38:17.770,106786.0,0.00026,27.764359999999996
2025-10-18 02:38:17.782,106786.01,0.00071,75.8180671
2025-10-18 02:38:17.800,106786.0,0.0937,10005.8482
2025-10-18 02:38:17.917,106786.01,0.00094,100.3788494
2025-10-18 02:38:18.098,106782.48,0.0018,192.208464
2025-10-18 02:38:18.099,106777.17,0.00015,16.0165755
2025-10-18 02:38:18.100,106773.98,0.00163,174.0415874
2025-10-18 02:38:18.101,106769.72,0.0008,85.41577600000001
2025-10-18 02:38:18.104,106766.67,0.0001,10.676667
2025-10-18 02:38:18.107,106766.19,0.00023,24.5562237
2025-10-18 02:38:18.115,106765.32,0.00034,36.30020880000001
2025-10-18 02:38:18.119,106764.07,6e-05,6.405844200000001
2025-10-18 02:38:18.134,106759.31,0.00015,16.013896499999998
2025-10-18 02:38:18.139,106757.6,0.01185,1265.07756
2025-10-18 02:38:18.162,106757.6,0.00045,48.04092
2025-10-18 02:38:18.187,106756.2,0.00187,199.63409399999998
2025-10-18 02:38:18.188,106756.2,0.00214,228.458268
2025-10-18 02:38:18.195,106756.0,0.00936,999.23616
2025-10-18 02:38:18.380,106756.0,0.01874,2000.60744
2025-10-18 02:38:18.384,106756.0,0.014,1494.584
2025-10-18 02:38:18.562,106756.01,0.00306,326.67339059999995
2025-10-18 02:38:18.612,106756.0,0.00046,49.10776
2025-10-18 02:38:18.861,106756.0,0.00105,112.09379999999999
2025-10-18 02:38:18.968,106756.01,0.0001,10.675601
2025-10-18 02:38:18.980,106756.0,0.09373,10006.23988
2025-10-18 02:38:19.448,106756.01,5e-05,5.3378005
2025-10-18 02:38:19.883,106756.0,0.00066,70.45896
2025-10-18 02:38:20.020,106756.0,0.09373,10006.23988
2025-10-18 02:38:21.059,106756.0,0.09373,10006.23988
2025-10-18 02:38:21.289,106756.01,0.00762,813.4807962
2025-10-18 02:38:21.389,106756.01,0.00258,275.4305058
2025-10-18 02:38:21.576,106756.0,8e-05,8.54048
2025-10-18 02:38:21.896,106756.0,0.012,1281.0720000000001
2025-10-18 02:38:21.898,106756.0,0.012,1281.0720000000001
2025-10-18 02:38:21.899,106756.0,0.012,1281.0720000000001
2025-10-18 02:38:22.117,106756.0,0.09373,10006.23988
2025-10-18 02:38:22.204,106756.01,0.00093,99.2830893
2025-10-18 02:38:22.515,106756.0,0.00474,506.02344000000005
2025-10-18 02:38:22.921,106756.01,0.00023,24.553882299999998
2025-10-18 02:38:23.078,106756.0,0.09373,10006.23988
2025-10-18 02:38:23.247,106756.01,0.00047,50.1753247
2025-10-18 02:38:23.638,106756.01,0.00094,100.3506494
2025-10-18 02:38:23.738,106756.01,0.00469,500.68568689999995
2025-10-18 02:38:24.115,106756.0,0.09373,10006.23988
2025-10-18 02:38:24.852,106756.01,0.00082,87.53992819999999
2025-10-18 02:38:25.156,106756.0,0.09373,10006.23988
2025-10-18 02:38:25.628,106756.01,0.00081,86.4723681
2025-10-18 02:38:25.761,106756.01,0.00046,49.107764599999996
2025-10-18 02:38:25.917,106756.0,0.013,1387.828
2025-10-18 02:38:25.918,106756.0,0.013,1387.828
2025-10-18 02:38:25.920,106756.0,0.013,1387.828
2025-10-18 02:38:26.005,106756.0,0.0055,587.158
2025-10-18 02:38:26.022,106756.0,0.00937,1000.30372
2025-10-18 02:38:26.150,106756.0,0.00041,43.76996
2025-10-18 02:38:26.242,106756.0,0.07024,7498.54144
2025-10-18 02:38:26.284,106756.0,0.00025,26.689
2025-10-18 02:38:26.339,106756.0,0.00016,17.08096
2025-10-18 02:38:26.377,106756.01,0.00046,49.107764599999996
2025-10-18 02:38:26.515,106752.62,0.00015,16.012893
2025-10-18 02:38:27.317,106748.21,0.09373,10005.5097233
2025-10-18 02:38:27.342,106748.22,0.0005,53.37411
2025-10-18 02:38:27.529,106748.22,0.00015,16.012233
2025-10-18 02:38:27.662,106748.22,0.00041,43.766770199999996
2025-10-18 02:38:27.820,106748.21,0.013,1387.72673
2025-10-18 02:38:27.822,106748.21,0.013,1387.72673
2025-10-18 02:38:27.824,106748.21,0.013,1387.72673
2025-10-18 02:38:27.994,106748.22,0.00118,125.96289960000001
2025-10-18 02:38:28.312,106748.21,0.09373,10005.5097233
2025-10-18 02:38:28.626,106748.22,0.00034,36.294394800000006
2025-10-18 02:38:29.083,106748.22,0.0001,10.674822
2025-10-18 02:38:29.192,106748.22,0.00266,283.9502652
2025-10-18 02:38:29.351,106748.21,0.09373,10005.5097233
2025-10-18 02:38:30.110,106748.22,0.00239,255.12824580000003
2025-10-18 02:38:30.339,106748.21,0.09373,10005.5097233
2025-10-18 02:38:31.149,106748.21,7e-05,7.4723747
2025-10-18 02:38:31.259,106748.22,0.00643,686.3910546
2025-10-18 02:38:31.417,106748.21,0.09373,10005.5097233
2025-10-18 02:38:32.416,106748.21,0.09373,10005.5097233
2025-10-18 02:38:33.163,106748.22,0.00048,51.2391456
2025-10-18 02:38:33.460,106748.21,0.09373,10005.5097233
2025-10-18 02:38:33.609,106748.21,0.00013,13.8772673
2025-10-18 02:38:33.775,106748.22,0.00029,30.9569838
2025-10-18 02:38:34.500,106748.21,0.09373,10005.5097233
2025-10-18 02:38:35.270,106748.22,0.01,1067.4822
2025-10-18 02:38:35.462,106748.21,9e-05,9.607338900000002
2025-10-18 02:38:35.487,106748.21,0.09373,10005.5097233
2025-10-18 02:38:36.571,106748.21,0.09373,10005.5097233
2025-10-18 02:38:37.171,106748.22,0.00025,26.687055
2025-10-18 02:38:37.657,106748.21,0.09373,10005.5097233
2025-10-18 02:38:37.870,106748.21,0.00058,61.9139618
2025-10-18 02:38:37.976,106748.22,7e-05,7.4723754
2025-10-18 02:38:38.081,106748.22,0.03702,3951.8191043999996
2025-10-18 02:38:38.148,106748.22,0.0736,7856.668992
2025-10-18 02:38:38.151,106754.62,0.00463,494.27389059999996
2025-10-18 02:38:38.152,106754.62,0.00099,105.6870738
2025-10-18 02:38:38.165,106756.01,0.00179,191.09325789999997
2025-10-18 02:38:38.172,106757.1,0.00164,175.081644
2025-10-18 02:38:38.185,106757.8,0.00015,16.013669999999998
2025-10-18 02:38:38.202,106757.81,0.00312,333.0843672
2025-10-18 02:38:38.206,106759.25,0.00071,75.7990675
2025-10-18 02:38:38.209,106760.0,0.01883,2010.2908
2025-10-18 02:38:38.211,106761.18,0.00435,464.41113299999995
2025-10-18 02:38:38.213,106761.18,0.00385,411.03054299999997
2025-10-18 02:38:38.410,106761.17,0.00031,33.0959627
2025-10-18 02:38:38.882,106761.17,0.09372,10005.6568524
2025-10-18 02:38:39.210,106761.18,0.18552,19806.334113599998
2025-10-18 02:38:39.868,106761.18,4e-05,4.2704472
2025-10-18 02:38:40.023,106761.17,0.00961,1025.9748437
2025-10-18 02:38:40.117,106761.17,0.09372,10005.6568524
2025-10-18 02:38:41.170,106761.17,0.09372,10005.6568524
2025-10-18 02:38:42.361,106761.17,0.09372,10005.6568524
2025-10-18 02:38:43.346,106761.17,0.09372,10005.6568524
2025-10-18 02:38:43.762,106761.17,0.00037,39.5016329
2025-10-18 02:38:43.882,106761.18,0.00188,200.71101839999997
2025-10-18 02:38:44.242,106761.18,0.00587,626.6881266
2025-10-18 02:38:44.386,106761.17,0.09372,10005.6568524
2025-10-18 02:38:45.092,106761.18,0.00033,35.2311894
2025-10-18 02:38:45.517,106761.17,0.09372,10005.6568524
2025-10-18 02:38:46.010,106761.17,0.00037,39.5016329
2025-10-18 02:38:46.108,106761.18,0.00038,40.5692484
2025-10-18 02:38:46.690,106761.17,0.00178,190.03488259999997
2025-10-18 02:38:46.721,106761.17,0.09372,10005.6568524
2025-10-18 02:38:46.808,106761.18,0.01573,1679.3533614
2025-10-18 02:38:47.104,106761.18,0.00415,443.058897
2025-10-18 02:38:47.105,106766.39,0.00015,16.0149585
2025-10-18 02:38:47.116,106769.0,0.00491,524.2357900000001
2025-10-18 02:38:47.215,106769.0,0.03858,4119.1480200000005
2025-10-18 02:38:47.219,106770.88,0.00205,218.88030400000002
2025-10-18 02:38:47.271,106771.45,5e-05,5.3385725
2025-10-18 02:38:47.273,106771.85,0.00547,584.0420195
2025-10-18 02:38:47.274,106771.85,0.00051,54.453643500000005
2025-10-18 02:38:47.332,106771.84,0.00065,69.401696
2025-10-18 02:38:47.695,106771.84,0.09371,10005.5891264
2025-10-18 02:38:47.799,106771.84,0.014,1494.80576
2025-10-18 02:38:48.131,106771.85,0.00012,12.812622000000001
2025-10-18 02:38:48.782,106771.84,0.09371,10005.5891264
2025-10-18 02:38:48.898,106771.85,0.00127,135.60024950000002
2025-10-18 02:38:49.302,106771.84,0.014,1494.80576
2025-10-18 02:38:49.434,106771.85,0.05151,5499.817993500001
2025-10-18 02:38:49.527,106771.84,0.04797,5121.8451648
2025-10-18 02:38:49.916,106780.65,5e-05,5.3390325
2025-10-18 02:38:49.919,106781.5,6e-05,6.40689
2025-10-18 02:38:49.977,106781.49,0.09371,10006.4934279
2025-10-18 02:38:50.415,106781.49,0.00463,494.3982987
2025-10-18 02:38:50.960,106781.49,0.09371,10006.4934279
2025-10-18 02:38:50.994,106781.5,0.0001,10.67815
2025-10-18 02:38:51.369,106781.49,0.00025,26.6953725
2025-10-18 02:38:51.769,106781.5,0.0001,10.67815
2025-10-18 02:38:52.017,106781.49,0.09371,10006.4934279
2025-10-18 02:38:52.987,106781.49,0.0937,10005.425613000001
2025-10-18 02:38:53.004,106781.5,0.0001,10.67815
2025-10-18 02:38:53.281,106781.49,0.00186,198.6135714
2025-10-18 02:38:53.687,106781.49,8e-05,8.542519200000001
2025-10-18 02:38:53.917,106781.49,0.0937,10005.425613000001
2025-10-18 02:38:53.980,106781.5,0.0001,10.67815
2025-10-18 02:38:54.662,106781.5,0.0003,32.03445
2025-10-18 02:38:55.014,106781.5,0.0001,10.67815
2025-10-18 02:38:55.112,106781.49,0.0937,10005.425613000001
2025-10-18 02:38:55.155,106781.5,0.08054,8600.18201
2025-10-18 02:38:55.287,106781.49,0.00999,1066.7470851
2025-10-18 02:38:55.963,106781.5,0.0001,10.67815
2025-10-18 02:38:56.041,106781.49,0.0937,10005.425613000001
2025-10-18 02:38:56.328,106778.96,5e-05,5.338948
2025-10-18 02:38:56.363,106776.08,0.00046,49.1169968
2025-10-18 02:38:56.577,106776.07,6e-05,6.406564200000001
2025-10-18 02:38:56.717,106776.08,0.0005,53.388040000000004
2025-10-18 02:38:57.013,106776.08,0.0001,10.677608000000001
2025-10-18 02:38:57.022,106776.07,0.0937,10004.917759000002
2025-10-18 02:38:57.338,106776.08,0.00012,12.8131296
2025-10-18 02:38:57.807,106776.08,0.00276,294.7019808
2025-10-18 02:38:58.105,106776.08,0.02809,2999.3400872
2025-10-18 02:38:58.218,106776.07,0.00018,19.219692600000002
2025-10-18 02:38:58.476,106776.07,0.00955,1019.7114685
2025-10-18 02:38:58.478,106776.07,0.00216,230.63631120000002
2025-10-18 02:38:58.488,106776.07,0.00056,59.7945992
2025-10-18 02:38:58.517,106776.06,0.03163,3377.3267778
2025-10-18 02:38:59.002,106771.85,0.0771,8232.109635
2025-10-18 02:38:59.516,106771.85,0.01996,2131.166126
2025-10-18 02:38:59.565,106771.86,9e-05,9.6094674
2025-10-18 02:39:00.379,106771.86,0.00014,14.9480604
2025-10-18 02:39:00.450,106771.86,0.00225,240.236685
2025-10-18 02:39:00.556,106771.85,0.00308,328.857298
2025-10-18 02:39:00.758,106771.86,8e-05,8.5417488
2025-10-18 02:39:01.592,106771.85,0.02423,2587.0819255
2025-10-18 02:39:01.912,106771.86,0.00016,17.0834976
2025-10-18 02:39:02.381,106771.86,0.00015,16.015779
2025-10-18 02:39:02.577,106771.85,0.09371,10005.5900635
2025-10-18 02:39:02.930,106771.86,0.00095,101.433267
2025-10-18 02:39:03.002,106771.86,7e-05,7.4740302
2025-10-18 02:39:03.562,106771.85,0.09371,10005.5900635
2025-10-18 02:39:04.391,106771.85,0.0005,53.38592500000001
2025-10-18 02:39:04.616,106771.85,0.09371,10005.5900635
2025-10-18 02:39:04.763,106771.86,0.1873,19998.369378
2025-10-18 02:39:05.032,106771.86,0.00012,12.8126232
2025-10-18 02:39:05.535,106771.85,0.09371,10005.5900635
2025-10-18 02:39:05.569,106771.85,0.00012,12.812622000000001
2025-10-18 02:39:05.825,106771.85,0.00011,11.744903500000001
2025-10-18 02:39:06.284,106771.86,0.01874,2000.9046564
2025-10-18 02:39:06.628,106771.85,0.09371,10005.5900635
2025-10-18 02:39:07.415,106771.57,0.00015,16.015735499999998
2025-10-18 02:39:07.667,106771.52,0.01904,2032.9297408000002
2025-10-18 02:39:08.432,106771.53,0.00014,14.9480142
2025-10-18 02:39:10.595,106771.53,0.00047,50.1826191
2025-10-18 02:39:11.270,106771.53,0.00156,166.5635868
2025-10-18 02:39:11.451,106771.53,0.03746,3999.6615138
2025-10-18 02:39:12.328,106771.52,0.00374,399.32548479999997
2025-10-18 02:39:13.125,106771.53,0.21906,23389.3713618
2025-10-18 02:39:13.126,106771.53,0.16141,17233.9926573
2025-10-18 02:39:13.127,106771.53,0.07147,7630.961249100001
2025-10-18 02:39:13.129,106771.53,0.21196,22631.2934988
2025-10-18 02:39:13.130,106771.53,0.00098,104.63609939999999
2025-10-18 02:39:13.131,106771.61,0.0001,10.677161
2025-10-18 02:39:13.132,106771.88,0.0001,10.677188000000001
2025-10-18 02:39:13.139,106775.8,0.00419,447.390602
2025-10-18 02:39:13.141,106775.8,0.00044,46.981352
2025-10-18 02:39:13.143,106776.08,0.00025,26.694020000000002
2025-10-18 02:39:13.156,106776.08,0.00078,83.2853424
2025-10-18 02:39:13.237,106781.47,0.00015,16.0172205
2025-10-18 02:39:14.140,106781.48,5e-05,5.339074
2025-10-18 02:39:15.119,106781.48,0.00016,17.0850368
2025-10-18 02:39:15.406,106781.48,0.00124,132.4090352
2025-10-18 02:39:15.970,106781.48,0.00256,273.3605888
2025-10-18 02:39:16.271,106781.48,0.00012,12.8137776
2025-10-18 02:39:16.316,106781.47,0.0937,10005.423739
2025-10-18 02:39:16.468,106781.48,4e-05,4.2712592
2025-10-18 02:39:16.576,106781.47,7e-05,7.4747029
2025-10-18 02:39:16.734,106781.48,0.00093,99.3067764
2025-10-18 02:39:17.268,106781.47,0.0937,10005.423739
2025-10-18 02:39:17.276,106781.47,0.00012,12.8137764
2025-10-18 02:39:18.113,106781.47,5e-05,5.3390735000000005
2025-10-18 02:39:18.132,106781.48,0.0007,74.747036
2025-10-18 02:39:18.299,106781.47,0.0937,10005.423739
2025-10-18 02:39:18.315,106788.42,5e-05,5.339421
2025-10-18 02:39:18.412,106792.14,0.00012,12.8150568
2025-10-18 02:39:19.321,106792.15,0.00092,98.248778
2025-10-18 02:39:19.322,106792.15,0.00092,98.248778
2025-10-18 02:39:19.323,106792.15,0.00125,133.4901875
2025-10-18 02:39:19.324,106792.15,0.00185,197.5654775
2025-10-18 02:39:19.325,106792.15,0.00666,711.235719
2025-10-18 02:39:19.326,106792.15,0.00261,278.7275115
2025-10-18 02:39:19.417,106792.14,0.0937,10006.423518000001
2025-10-18 02:39:19.979,106792.15,0.00012,12.815058
2025-10-18 02:39:20.475,106792.14,0.09369,10005.3555966
2025-10-18 02:39:20.817,106792.14,0.00054,57.6677556
2025-10-18 02:39:21.108,106792.14,0.00012,12.8150568
2025-10-18 02:39:21.616,106792.14,0.09369,10005.3555966
2025-10-18 02:39:21.673,106792.14,0.00044,46.988541600000005
2025-10-18 02:39:22.222,106792.14,0.00664,709.0998096
2025-10-18 02:39:22.616,106792.14,0.09369,10005.3555966
2025-10-18 02:39:22.649,106792.15,0.00014,14.950900999999998
2025-10-18 02:39:22.918,106792.14,6e-05,6.4075284
2025-10-18 02:39:23.236,106792.14,0.00568,606.5793552
2025-10-18 02:39:23.437,106792.15,0.00023,24.5621945
2025-10-18 02:39:23.617,106792.14,0.09369,10005.3555966
2025-10-18 02:39:23.831,106792.15,0.00012,12.815058
2025-10-18 02:39:24.616,106792.14,0.09369,10005.3555966
2025-10-18 02:39:24.816,106792.14,0.00012,12.8150568
2025-10-18 02:39:25.447,106792.14,0.00011,11.747135400000001
2025-10-18 02:39:25.617,106792.14,0.09369,10005.3555966
2025-10-18 02:39:25.891,106792.15,0.00043,45.920624499999995
2025-10-18 02:39:26.369,106792.15,0.00093,99.3166995
2025-10-18 02:39:26.603,106792.14,0.09369,10005.3555966
2025-10-18 02:39:26.697,106792.15,0.00093,99.3166995
2025-10-18 02:39:26.982,106792.15,0.00093,99.3166995
2025-10-18 02:39:27.717,106792.14,0.09369,10005.3555966
2025-10-18 02:39:28.225,106797.5,0.0015,160.19625
2025-10-18 02:39:28.229,106803.99,6e-05,6.4082394
2025-10-18 02:39:28.787,106803.98,0.09369,10006.4648862
2025-10-18 02:39:28.884,106803.99,0.00304,324.6841296
2025-10-18 02:39:28.906,106803.99,3.05314,326087.5340286
2025-10-18 02:39:29.245,106804.0,0.00502,536.15608
2025-10-18 02:39:29.370,106803.99,0.00339,362.0655261
2025-10-18 02:39:29.425,106803.99,0.014,1495.2558600000002
2025-10-18 02:39:29.438,106804.0,0.00936,999.68544
2025-10-18 02:39:29.676,106804.0,0.00011,11.74844
2025-10-18 02:39:29.875,106803.99,0.09369,10006.4658231
2025-10-18 02:39:29.914,106804.0,0.00093,99.32772
2025-10-18 02:39:30.232,106804.0,0.00109,116.41636
2025-10-18 02:39:30.458,106803.99,0.0031,331.092369
2025-10-18 02:39:30.811,106803.99,0.09369,10006.4658231
2025-10-18 02:39:30.909,106803.99,0.014,1495.2558600000002
2025-10-18 02:39:31.434,106804.0,0.00011,11.74844
2025-10-18 02:39:31.747,106803.99,0.09369,10006.4658231
2025-10-18 02:39:31.820,106803.99,0.00643,686.7496557000001
2025-10-18 02:39:32.036,106803.99,0.00016,17.0886384
2025-10-18 02:39:32.214,106803.99,0.00068,72.62671320000001
2025-10-18 02:39:32.394,106803.99,0.014,1495.2558600000002
2025-10-18 02:39:32.405,106804.0,0.00011,11.74844
2025-10-18 02:39:32.916,106803.99,0.09369,10006.4658231
2025-10-18 02:39:33.395,106804.0,0.00011,11.74844
2025-10-18 02:39:33.900,106803.99,0.014,1495.2558600000002
2025-10-18 02:39:34.023,106804.0,0.01029,1099.01316
2025-10-18 02:39:34.067,106804.0,0.00108,115.34832
2025-10-18 02:39:34.117,106803.99,0.09369,10006.4658231
2025-10-18 02:39:34.124,106802.68,0.00092,98.2584656
2025-10-18 02:39:34.125,106800.45,0.00046,49.128207
2025-10-18 02:39:34.126,106798.01,0.00015,16.019701499999996
2025-10-18 02:39:34.127,106788.5,6e-05,6.40731
2025-10-18 02:39:34.128,106782.76,0.08,8542.6208
2025-10-18 02:39:34.132,106782.76,0.02365,2525.412274
2025-10-18 02:39:34.135,106782.76,0.02,2135.6552
2025-10-18 02:39:34.136,106782.76,0.01674,1787.5434024
2025-10-18 02:39:34.144,106782.76,0.63605,67919.174498
2025-10-18 02:39:34.146,106782.2,0.00023,24.559906
2025-10-18 02:39:34.149,106780.11,0.0117,1249.327287
2025-10-18 02:39:34.155,106781.48,0.03086,3295.2764727999997
2025-10-18 02:39:34.157,106780.11,0.012,1281.36132
2025-10-18 02:39:34.159,106779.04,0.01196,1277.0773184
2025-10-18 02:39:34.168,106779.24,0.00585,624.6585540000001
2025-10-18 02:39:34.196,106776.87,8e-05,8.5421496
2025-10-18 02:39:34.212,106771.75,5e-05,5.3385875
2025-10-18 02:39:34.238,106771.58,0.00937,1000.4497046
2025-10-18 02:39:34.373,106771.59,0.00011,11.7448749
2025-10-18 02:39:34.506,106771.59,0.04181,4464.1201779
2025-10-18 02:39:35.266,106771.58,0.09371,10005.5647618
2025-10-18 02:39:35.701,106771.59,0.00015,16.015738499999998
2025-10-18 02:39:35.718,106771.59,0.00053,56.5889427
2025-10-18 02:39:36.306,106771.58,0.09371,10005.5647618
2025-10-18 02:39:36.309,106771.59,0.05619,5999.4956421
2025-10-18 02:39:36.655,106771.59,0.04663,4978.7592417
2025-10-18 02:39:37.398,106771.58,0.09371,10005.5647618
2025-10-18 02:39:37.673,106771.59,0.00086,91.8235674
2025-10-18 02:39:38.439,106771.58,0.09371,10005.5647618
2025-10-18 02:39:38.608,106771.59,0.00423,451.64382570000004
2025-10-18 02:39:38.799,106771.58,0.00087,92.8912746
2025-10-18 02:39:39.530,106771.58,0.09371,10005.5647618
2025-10-18 02:39:40.099,106771.59,0.00187,199.66287329999997
2025-10-18 02:39:40.375,106771.59,0.00106,113.1778854
2025-10-18 02:39:40.571,106771.58,0.09371,10005.5647618
2025-10-18 02:39:40.760,106771.59,0.0002,21.354318
2025-10-18 02:39:40.824,106771.58,0.00092,98.2298536
2025-10-18 02:39:41.135,106771.59,0.0003,32.031476999999995
2025-10-18 02:39:41.758,106771.59,0.00082,87.55270379999999
2025-10-18 02:39:41.759,106771.59,0.00079,84.3495561
2025-10-18 02:39:41.760,106771.59,0.00079,84.3495561
2025-10-18 02:39:41.783,106771.59,0.00026,27.760613399999997
2025-10-18 02:39:41.819,106771.58,0.09371,10005.5647618
2025-10-18 02:39:42.674,106771.59,0.00102,108.90702180000001
2025-10-18 02:39:42.916,106771.58,0.09371,10005.5647618
2025-10-18 02:39:43.210,106771.59,0.03459,3693.2292981
2025-10-18 02:39:43.462,106771.58,0.00063,67.2660954
2025-10-18 02:39:43.518,106771.58,9e-05,9.6094422
2025-10-18 02:39:44.050,106771.58,0.09371,10005.5647618
2025-10-18 02:39:44.296,106771.59,0.00018,19.2188862
2025-10-18 02:39:44.827,106771.59,0.00468,499.6910412
2025-10-18 02:39:44.891,106771.58,0.00015,16.015736999999998
2025-10-18 02:39:45.116,106771.58,0.09371,10005.5647618
2025-10-18 02:39:46.181,106771.58,0.09371,10005.5647618
2025-10-18 02:39:46.627,106771.59,8e-05,8.5417272
2025-10-18 02:39:47.214,106771.58,0.09371,10005.5647618
2025-10-18 02:39:48.206,106771.58,0.09371,10005.5647618
2025-10-18 02:39:48.373,106771.59,0.2731,29159.321229
2025-10-18 02:39:49.217,106771.58,0.09371,10005.5647618
2025-10-18 02:39:49.335,106771.58,0.00271,289.3509818
2025-10-18 02:39:49.388,106771.59,0.005,533.85795
2025-10-18 02:39:49.544,106771.58,0.00093,99.2975694
2025-10-18 02:39:49.610,106771.58,0.00018,19.2188844
2025-10-18 02:39:49.655,106771.58,0.00032,34.16690560000001
2025-10-18 02:39:50.157,106771.59,0.0006,64.06295399999999
2025-10-18 02:39:50.332,106771.58,0.09371,10005.5647618
2025-10-18 02:39:50.482,106771.59,0.00068,72.6046812
2025-10-18 02:39:50.733,106771.59,0.00649,692.9476191
2025-10-18 02:39:50.849,106771.59,0.00093,99.2975787
2025-10-18 02:39:51.128,106771.59,0.00163,174.03769169999998
2025-10-18 02:39:51.326,106771.58,0.09371,10005.5647618
2025-10-18 02:39:51.575,106771.58,9e-05,9.6094422
2025-10-18 02:39:51.637,106771.59,0.0002,21.354318
2025-10-18 02:39:51.729,106771.59,0.00033,35.2346247
2025-10-18 02:39:52.523,106771.58,0.09371,10005.5647618
2025-10-18 02:39:52.562,106771.59,0.00029,30.9637611
2025-10-18 02:39:52.594,106771.59,0.00468,499.6910412
2025-10-18 02:39:52.918,106771.58,0.00322,343.8044876
2025-10-18 02:39:53.250,106771.71,0.0002,21.354342000000003
2025-10-18 02:39:53.251,106772.11,0.0001,10.677211
2025-10-18 02:39:53.256,106774.66,0.00055,58.726063
2025-10-18 02:39:53.353,106779.99,0.00032,34.16959680000001
2025-10-18 02:39:53.516,106779.99,0.09371,10006.352862900001
2025-10-18 02:39:53.970,106780.0,0.00273,291.50939999999997
2025-10-18 02:39:53.989,106782.08,0.00015,16.017312
2025-10-18 02:39:53.993,106782.09,0.00085,90.7647765
2025-10-18 02:39:54.414,106782.26,0.00612,653.5074311999999
2025-10-18 02:39:54.695,106782.25,0.0937,10005.496825
2025-10-18 02:39:55.615,106782.26,0.00348,371.6022648
2025-10-18 02:39:55.715,106788.42,5e-05,5.339421
2025-10-18 02:39:55.717,106787.34,0.0937,10005.973758
2025-10-18 02:39:56.489,106787.34,0.31121,33233.288081399995
2025-10-18 02:39:56.490,106786.93,0.00015,16.018039499999997
2025-10-18 02:39:56.491,106782.71,5e-05,5.3391355
2025-10-18 02:39:56.498,106782.25,0.00162,172.987245
2025-10-18 02:39:56.504,106779.99,0.0002,21.355998000000003
2025-10-18 02:39:56.514,106777.99,0.03079,3287.6943121000004
2025-10-18 02:39:56.517,106772.1,0.00015,16.015815
2025-10-18 02:39:56.570,106771.6,0.00431,460.185596
2025-10-18 02:39:56.821,106771.59,0.09372,10006.633414799999
2025-10-18 02:39:56.915,106771.59,0.00513,547.7382567
2025-10-18 02:39:57.429,106771.6,0.0001,10.67716
2025-10-18 02:39:57.542,106771.59,0.00071,75.8078289
2025-10-18 02:39:58.019,106771.59,0.09372,10006.633414799999
2025-10-18 02:39:58.237,106771.6,0.00054,57.656664000000006
2025-10-18 02:39:58.238,106771.6,0.00054,57.656664000000006
2025-10-18 02:39:58.239,106771.6,0.00126,134.532216
2025-10-18 02:39:58.242,106771.6,0.00187,199.662892
2025-10-18 02:39:58.252,106771.6,0.00187,199.662892
2025-10-18 02:39:58.254,106771.6,0.00187,199.662892
2025-10-18 02:39:58.412,106771.6,0.0001,10.67716
2025-10-18 02:39:58.660,106771.6,0.00281,300.02819600000004
2025-10-18 02:39:58.943,106771.59,0.00259,276.5384181
2025-10-18 02:39:59.159,106771.59,0.09372,10006.633414799999
2025-10-18 02:39:59.325,106771.6,0.03747,4000.7318520000003
2025-10-18 02:39:59.404,106771.6,0.0001,10.67716
2025-10-18 02:39:59.816,106771.6,0.00029,30.963764
2025-10-18 02:39:59.896,106771.59,0.012,1281.25908
2025-10-18 02:39:59.962,106771.59,0.00132,140.9384988
2025-10-18 02:40:00.099,106771.59,7e-05,7.474011299999999
2025-10-18 02:40:00.316,106771.59,0.09372,10006.633414799999
2025-10-18 02:40:00.452,106771.6,0.0001,10.67716
2025-10-18 02:40:00.491,106771.6,0.02657,2836.921412
2025-10-18 02:40:00.973,106771.6,0.04572,4881.597552
2025-10-18 02:40:00.974,106771.6,0.03059,3266.143244
2025-10-18 02:40:01.015,106773.16,0.59349,63368.8027284
2025-10-18 02:40:01.041,106773.16,0.0007,74.741212
2025-10-18 02:40:01.122,106773.16,0.00019,20.2869004
2025-10-18 02:40:01.200,106773.17,0.00013,13.880512099999999
2025-10-18 02:40:01.231,106773.16,0.06191,6610.3263356
2025-10-18 02:40:01.317,106773.16,0.09371,10005.7128236
2025-10-18 02:40:01.345,106773.17,0.00013,13.880512099999999
2025-10-18 02:40:01.385,106773.17,0.00029,30.9642193
2025-10-18 02:40:01.708,106773.17,0.0001,10.677317
2025-10-18 02:40:01.798,106773.17,0.0001,10.677317
2025-10-18 02:40:02.002,106773.17,0.00011,11.7450487
2025-10-18 02:40:02.356,106773.17,0.00792,845.6435064
2025-10-18 02:40:02.357,106773.16,0.09371,10005.7128236
2025-10-18 02:40:03.351,106773.16,0.09371,10005.7128236
2025-10-18 02:40:03.408,106773.17,0.00129,137.7373893
2025-10-18 02:40:03.491,106773.17,0.0014,149.482438
2025-10-18 02:40:03.670,106773.18,0.00032,34.1674176
2025-10-18 02:40:03.715,106777.42,0.00015,16.016613
2025-10-18 02:40:03.973,106777.43,0.00256,273.3502208
2025-10-18 02:40:04.193,106777.43,0.00279,297.90902969999996
2025-10-18 02:40:04.361,106777.43,0.09371,10006.112965299999
2025-10-18 02:40:04.475,106777.43,0.00299,319.2645157
2025-10-18 02:40:05.496,106777.44,0.00082,87.5575008
2025-10-18 02:40:05.498,106777.44,0.002,213.55488
2025-10-18 02:40:05.499,106777.44,0.002,213.55488
2025-10-18 02:40:05.522,106777.44,0.00026,27.762134399999997
2025-10-18 02:40:05.531,106777.43,0.09371,10006.112965299999
2025-10-18 02:40:05.573,106777.43,0.00022,23.4910346
2025-10-18 02:40:06.161,106777.44,0.01795,1916.655048
2025-10-18 02:40:06.412,106777.44,0.00082,87.5575008
2025-10-18 02:40:06.518,106777.43,0.09371,10006.112965299999
2025-10-18 02:40:07.454,106777.43,0.09371,10006.112965299999
2025-10-18 02:40:07.738,106777.44,0.00185,197.53826400000003
2025-10-18 02:40:08.469,106785.81,0.01438,1535.5799478
2025-10-18 02:40:08.535,106785.82,0.00082,87.56437240000001
2025-10-18 02:40:08.537,106785.82,0.00099,105.71796180000001
2025-10-18 02:40:08.613,106785.82,0.00191,203.9609162
2025-10-18 02:40:08.617,106785.81,0.0937,10005.830397
2025-10-18 02:40:08.854,106792.35,0.00015,16.018852499999998
2025-10-18 02:40:08.925,106792.35,0.014,1495.0929
2025-10-18 02:40:09.570,106792.35,0.09369,10005.375271500001
2025-10-18 02:40:09.699,106792.36,0.00029,30.9697844
2025-10-18 02:40:10.200,106794.56,0.00015,16.019184
2025-10-18 02:40:10.555,106796.62,0.014,1495.15268
2025-10-18 02:40:10.603,106796.62,0.09369,10005.775327799998
2025-10-18 02:40:11.030,106796.62,0.06189,6609.642811799999
2025-10-18 02:40:11.716,106796.62,0.09369,10005.775327799998
2025-10-18 02:40:12.597,106796.62,0.014,1495.15268
2025-10-18 02:40:12.609,106796.63,0.0005,53.398315000000004
2025-10-18 02:40:12.782,106796.62,0.09369,10005.775327799998
2025-10-18 02:40:13.562,106796.63,0.00087,92.9130681
2025-10-18 02:40:13.927,106796.62,0.09369,10005.775327799998
2025-10-18 02:40:14.287,106796.62,0.014,1495.15268
2025-10-18 02:40:15.018,106796.62,0.09369,10005.775327799998
2025-10-18 02:40:16.001,106796.62,0.00328,350.29291359999996
2025-10-18 02:40:16.109,106796.62,0.09369,10005.775327799998
2025-10-18 02:40:16.191,106796.62,0.0758,8095.183796
2025-10-18 02:40:17.299,106796.62,0.09369,10005.775327799998
2025-10-18 02:40:17.322,106792.35,0.0038,405.81093000000004
2025-10-18 02:40:17.323,106788.77,0.00046,49.12283420000001
2025-10-18 02:40:17.324,106785.95,0.00562,600.137039
2025-10-18 02:40:17.326,106780.65,5e-05,5.3390325
2025-10-18 02:40:17.331,106780.1,0.00084,89.69528400000002
2025-10-18 02:40:17.332,106780.71,0.0001,10.678071000000001
2025-10-18 02:40:17.336,106777.55,0.0035,373.721425
2025-10-18 02:40:17.339,106777.46,5e-05,5.338873
2025-10-18 02:40:17.340,106775.3,5e-05,5.338765
2025-10-18 02:40:17.342,106777.45,0.0001,10.677745
2025-10-18 02:40:17.346,106777.44,5e-05,5.338872
2025-10-18 02:40:17.350,106771.59,0.00074,79.01097659999999
2025-10-18 02:40:17.352,106771.59,0.012,1281.25908
2025-10-18 02:40:17.364,106771.59,0.00935,998.3143665
2025-10-18 02:40:17.436,106771.59,0.0005,53.385795
2025-10-18 02:40:17.464,106771.59,0.0442,4719.3042780000005
2025-10-18 02:40:17.465,106771.59,0.0494,5274.516546
2025-10-18 02:40:17.486,106771.59,0.04005,4276.2021795
2025-10-18 02:40:17.496,106771.59,0.00419,447.3729621
2025-10-18 02:40:17.522,106771.59,0.00377,402.5288943
2025-10-18 02:40:17.523,106771.59,0.00443,472.99814369999996
2025-10-18 02:40:17.532,106771.59,0.04276,4565.5531884
2025-10-18 02:40:17.547,106771.59,0.00887,947.0640032999999
2025-10-18 02:40:18.305,106771.6,0.0001,10.67716
2025-10-18 02:40:18.483,106771.59,0.09372,10006.633414799999
2025-10-18 02:40:19.291,106771.6,0.0001,10.67716
2025-10-18 02:40:19.301,106771.6,0.09363,9997.024908000001
2025-10-18 02:40:19.463,106771.59,0.09372,10006.633414799999
2025-10-18 02:40:20.280,106771.6,0.0001,10.67716
2025-10-18 02:40:20.432,106771.6,0.00081,86.484996
2025-10-18 02:40:20.517,106771.59,0.09372,10006.633414799999
2025-10-18 02:40:20.532,106771.59,0.00032,34.1669088
2025-10-18 02:40:20.624,106771.6,0.00189,201.798324
2025-10-18 02:40:20.722,106771.6,0.00042,44.844072000000004
2025-10-18 02:40:21.229,106771.6,0.0001,10.67716
2025-10-18 02:40:21.375,106771.6,0.02275,2429.0539
2025-10-18 02:40:21.540,106771.59,0.09372,10006.633414799999
2025-10-18 02:40:21.575,106771.59,6e-05,6.4062954
2025-10-18 02:40:21.823,106771.6,0.00035,37.37006
2025-10-18 02:40:22.460,106771.6,0.0001,10.67716
2025-10-18 02:40:22.576,106771.59,0.05295,5653.555690499999
2025-10-18 02:40:22.732,106771.59,8e-05,8.5417272
2025-10-18 02:40:22.906,106771.6,0.01,1067.7160000000001
2025-10-18 02:40:23.465,106771.6,0.0001,10.67716
2025-10-18 02:40:23.617,106771.59,0.09372,10006.633414799999
2025-10-18 02:40:23.625,106771.6,0.00011,11.744876000000001
2025-10-18 02:40:23.901,106771.59,0.00472,503.9619048
2025-10-18 02:40:24.349,106771.59,0.33421,35684.133093899996
2025-10-18 02:40:24.350,106771.57,0.0228,2434.3917960000003
2025-10-18 02:40:24.356,106771.57,0.012,1281.2588400000002
2025-10-18 02:40:24.358,106771.57,0.07793,8320.7084501
2025-10-18 02:40:24.359,106771.57,0.00936,999.3818952000001
2025-10-18 02:40:24.378,106771.57,0.00167,178.30852190000002
2025-10-18 02:40:24.381,106771.57,0.04145,4425.6815765
2025-10-18 02:40:24.439,106771.57,0.14518,15501.0965326
2025-10-18 02:40:24.468,106771.58,0.0001,10.677158
2025-10-18 02:40:24.470,106771.57,0.07907,8442.4280399
2025-10-18 02:40:24.496,106771.57,0.08942,9547.5137894
2025-10-18 02:40:24.500,106771.57,0.07662,8180.8376934
2025-10-18 02:40:24.505,106771.57,0.08547,9125.766087900001
2025-10-18 02:40:24.509,106771.57,0.08031,8574.824786700001
2025-10-18 02:40:24.510,106771.49,0.0002,21.354298000000004
2025-10-18 02:40:24.525,106770.83,0.00086,91.8229138
2025-10-18 02:40:24.530,106770.82,0.0012,128.12498399999998
2025-10-18 02:40:24.563,106770.79,0.00427,455.9112733
2025-10-18 02:40:24.565,106765.19,0.00018,19.217734200000002
2025-10-18 02:40:24.660,106765.19,0.00343,366.2046017
2025-10-18 02:40:24.674,106763.91,0.00188,200.7161508
2025-10-18 02:40:24.680,106763.91,0.00028,29.893894799999998
2025-10-18 02:40:24.700,106763.91,0.0003,32.029173
2025-10-18 02:40:24.815,106763.91,0.00104,111.0344664
2025-10-18 02:40:24.822,106760.92,0.09384,10018.4447328
2025-10-18 02:40:24.828,106760.92,0.09366,9999.2277672
2025-10-18 02:40:24.917,106760.92,0.09373,10006.7010316
2025-10-18 02:40:25.226,106760.92,0.012,1281.13104
2025-10-18 02:40:25.365,106760.92,6e-05,6.4056552
2025-10-18 02:40:25.586,106760.93,0.00436,465.4776548
2025-10-18 02:40:25.667,106760.93,0.00023,24.5550139
2025-10-18 02:40:25.674,106760.92,0.0056,597.861152
2025-10-18 02:40:25.680,106758.27,0.00181,193.2324687
2025-10-18 02:40:25.682,106758.27,0.0104,1110.286008
2025-10-18 02:40:25.683,106758.27,0.012,1281.09924
2025-10-18 02:40:26.117,106758.27,0.09373,10006.452647099999
2025-10-18 02:40:26.128,106758.28,5.0,533791.4
2025-10-18 02:40:26.538,106758.27,0.013,1387.85751
2025-10-18 02:40:26.540,106758.27,0.013,1387.85751
2025-10-18 02:40:26.541,106758.27,0.013,1387.85751
2025-10-18 02:40:27.316,106758.27,0.09373,10006.452647099999
2025-10-18 02:40:27.629,106758.28,0.13217,14110.241867600002
2025-10-18 02:40:27.738,106758.28,0.0001,10.675828000000001
2025-10-18 02:40:27.739,106758.28,0.0001,10.675828000000001
2025-10-18 02:40:27.826,106758.28,4e-05,4.2703312
2025-10-18 02:40:27.864,106758.27,0.00118,125.97475860000002
2025-10-18 02:40:27.870,106758.28,0.0001,10.675828000000001
2025-10-18 02:40:27.907,106758.27,0.00819,874.3502313
2025-10-18 02:40:27.967,106758.27,0.00147,156.9346569
2025-10-18 02:40:27.968,106758.28,0.0001,10.675828000000001
2025-10-18 02:40:27.991,106758.28,0.00113,120.63685639999999
2025-10-18 02:40:28.018,106758.27,0.0325,3469.6437750000005
2025-10-18 02:40:28.323,106758.27,0.09373,10006.452647099999
2025-10-18 02:40:28.370,106758.28,0.00029,30.9599012
2025-10-18 02:40:28.746,106758.27,0.0059,629.873793
2025-10-18 02:40:28.749,106752.75,6e-05,6.405165
2025-10-18 02:40:28.758,106751.3,0.013,1387.7669
2025-10-18 02:40:28.759,106751.3,0.013,1387.7669
2025-10-18 02:40:28.774,106751.3,0.0057,608.4824100000001
2025-10-18 02:40:28.776,106751.3,0.01051,1121.956163
2025-10-18 02:40:28.851,106751.3,0.013,1387.7669
2025-10-18 02:40:28.854,106751.3,0.013,1387.7669
2025-10-18 02:40:28.866,106746.0,0.00215,229.5039
2025-10-18 02:40:28.867,106741.86,5e-05,5.337093
2025-10-18 02:40:28.879,106741.86,0.013,1387.64418
2025-10-18 02:40:28.881,106741.87,0.00047,50.168678899999996
2025-10-18 02:40:29.019,106741.87,0.0001,10.674187
2025-10-18 02:40:29.332,106741.87,0.00019,20.2809553
2025-10-18 02:40:29.391,106741.87,8e-05,8.5393496
2025-10-18 02:40:29.406,106741.86,0.09374,10005.9819564
2025-10-18 02:40:29.416,106741.86,0.00187,199.6072782
2025-10-18 02:40:29.424,106741.86,0.0075,800.56395
2025-10-18 02:40:29.500,106741.86,0.013,1387.64418
2025-10-18 02:40:29.501,106741.86,0.013,1387.64418
2025-10-18 02:40:29.502,106741.86,0.013,1387.64418
2025-10-18 02:40:29.512,106741.87,0.0001,10.674187
2025-10-18 02:40:29.882,106741.87,0.00109,116.3486383
2025-10-18 02:40:29.912,106741.87,0.0001,10.674187
2025-10-18 02:40:30.387,106741.86,0.09375,10007.049375
2025-10-18 02:40:30.397,106741.87,0.53244,56833.6412628
2025-10-18 02:40:30.398,106743.16,0.00015,16.011474
2025-10-18 02:40:30.424,106743.19,0.04151,4430.9098169
2025-10-18 02:40:30.435,106743.19,0.1285,13716.499915
2025-10-18 02:40:30.437,106745.44,0.0002,21.349088000000002
2025-10-18 02:40:30.438,106746.13,0.00395,421.6472135000001
2025-10-18 02:40:30.496,106751.28,0.00011,11.7426408
2025-10-18 02:40:30.594,106751.27,0.00178,190.0172606
2025-10-18 02:40:30.774,106751.28,0.00089,95.00863919999999
2025-10-18 02:40:31.192,106751.28,0.00024,25.6203072
2025-10-18 02:40:31.232,106751.27,0.0061,651.1827470000001
2025-10-18 02:40:31.278,106751.28,0.006,640.50768
2025-10-18 02:40:31.290,106751.27,0.0001,10.675127000000002
2025-10-18 02:40:31.318,106751.28,0.00035,37.362947999999996
2025-10-18 02:40:31.470,106751.27,0.09373,10005.7965371
2025-10-18 02:40:32.517,106751.27,0.09373,10005.7965371
2025-10-18 02:40:32.576,106751.28,0.01078,1150.7787984
2025-10-18 02:40:32.970,106751.28,0.00033,35.2279224
2025-10-18 02:40:33.013,106751.28,0.00014,14.945179199999998
2025-10-18 02:40:33.379,106751.28,0.00052,55.510665599999996
2025-10-18 02:40:33.590,106751.27,0.09373,10005.7965371
2025-10-18 02:40:34.303,106751.27,0.01383,1476.3700641
2025-10-18 02:40:34.632,106751.27,0.09373,10005.7965371
2025-10-18 02:40:35.319,106751.27,0.00401,428.0725927
2025-10-18 02:40:35.737,106751.28,0.0001,10.675128
2025-10-18 02:40:35.774,106751.27,0.09373,10005.7965371
2025-10-18 02:40:36.391,106751.27,8e-05,8.540101600000002
2025-10-18 02:40:36.917,106751.27,0.09373,10005.7965371
2025-10-18 02:40:36.921,106751.28,0.0007,74.72589599999999
2025-10-18 02:40:37.332,106751.28,0.00029,30.9578712
2025-10-18 02:40:37.578,106751.28,7e-05,7.472589599999999
2025-10-18 02:40:38.017,106751.27,0.09373,10005.7965371
2025-10-18 02:40:38.126,106751.28,0.00029,30.9578712
2025-10-18 02:40:38.899,106751.28,0.00029,30.9578712
2025-10-18 02:40:39.017,106751.27,0.09373,10005.7965371
2025-10-18 02:40:40.022,106751.28,0.00046,49.1055888
2025-10-18 02:40:40.139,106751.27,0.09373,10005.7965371
2025-10-18 02:40:40.383,106751.27,0.00328,350.1441656
2025-10-18 02:40:40.838,106751.28,0.02589,2763.7906392
2025-10-18 02:40:41.128,106751.27,0.09373,10005.7965371
2025-10-18 02:40:41.576,106751.27,7e-05,7.4725889
2025-10-18 02:40:41.814,106751.28,5e-05,5.337564
2025-10-18 02:40:42.319,106751.27,0.09373,10005.7965371
2025-10-18 02:40:42.386,106751.28,0.00014,14.945179199999998
2025-10-18 02:40:43.340,106751.28,0.00281,299.9710968
2025-10-18 02:40:43.464,106751.27,0.09373,10005.7965371
2025-10-18 02:40:43.612,106751.28,9e-05,9.6076152
2025-10-18 02:40:44.256,106751.27,0.00893,953.2888411000001
2025-10-18 02:40:44.319,106751.28,0.00029,30.9578712
2025-10-18 02:40:44.660,106751.27,0.09373,10005.7965371
2025-10-18 02:40:45.179,106751.28,0.01042,1112.3483376
2025-10-18 02:40:45.716,106751.27,0.09373,10005.7965371
2025-10-18 02:40:46.683,106751.27,0.09373,10005.7965371
2025-10-18 02:40:47.617,106751.27,0.09373,10005.7965371
2025-10-18 02:40:47.649,106751.28,0.00018,19.2152304
2025-10-18 02:40:48.376,106751.28,0.00066,70.4558448
2025-10-18 02:40:48.608,106751.27,0.09373,10005.7965371
2025-10-18 02:40:49.543,106751.27,0.09373,10005.7965371
2025-10-18 02:40:49.782,106751.28,0.00188,200.69240639999998
2025-10-18 02:40:50.171,106751.27,0.013,1387.76651
2025-10-18 02:40:50.172,106751.27,0.013,1387.76651
2025-10-18 02:40:50.175,106751.27,0.013,1387.76651
2025-10-18 02:40:50.365,106751.28,0.00026,27.755332799999998
2025-10-18 02:40:50.517,106751.27,0.09374,10006.8640498
2025-10-18 02:40:50.840,106751.27,0.00014,14.9451778
2025-10-18 02:40:50.952,106751.28,0.0002,21.350256
2025-10-18 02:40:51.247,106751.27,0.013,1387.76651
2025-10-18 02:40:51.250,106751.27,0.013,1387.76651
2025-10-18 02:40:51.385,106751.28,0.00093,99.2786904
2025-10-18 02:40:51.517,106751.27,0.09374,10006.8640498
2025-10-18 02:40:51.919,106751.27,0.0012,128.10152399999998
2025-10-18 02:40:52.261,106751.27,0.013,1387.76651
2025-10-18 02:40:52.517,106751.27,0.09374,10006.8640498
2025-10-18 02:40:52.575,106751.28,0.00023,24.5527944
2025-10-18 02:40:53.536,106751.27,0.09374,10006.8640498
2025-10-18 02:40:53.575,106751.28,6e-05,6.4050768
2025-10-18 02:40:54.671,106751.27,0.09374,10006.8640498
2025-10-18 02:40:54.802,106751.28,0.00057,60.848229599999996
2025-10-18 02:40:55.543,106751.27,8e-05,8.540101600000002
2025-10-18 02:40:55.762,106751.27,0.09374,10006.8640498
2025-10-18 02:40:56.665,106751.27,0.00883,942.6137140999999
2025-10-18 02:40:56.717,106751.27,0.09374,10006.8640498
2025-10-18 02:40:57.017,106751.28,0.00073,77.9284344
2025-10-18 02:40:57.816,106751.27,0.09374,10006.8640498
2025-10-18 02:40:58.167,106751.27,0.00011,11.742639700000002
2025-10-18 02:40:58.307,106751.28,0.01498,1599.1341744000001
2025-10-18 02:40:58.816,106751.27,0.09374,10006.8640498
2025-10-18 02:40:58.859,106751.27,0.03682,3930.5817614
2025-10-18 02:40:59.967,106751.27,0.09374,10006.8640498
2025-10-18 02:41:00.089,106751.27,0.01679,1792.3538233
2025-10-18 02:41:00.954,106751.27,0.09374,10006.8640498
2025-10-18 02:41:01.710,106751.28,0.00518,552.9716304
2025-10-18 02:41:02.091,106751.27,0.09374,10006.8640498
2025-10-18 02:41:02.264,106751.27,0.00054,57.6456858
2025-10-18 02:41:02.290,106751.28,0.0006,64.05076799999999
2025-10-18 02:41:03.131,106751.28,0.00053,56.5781784
2025-10-18 02:41:03.317,106751.27,0.03728,3979.6873456000003
2025-10-18 02:41:03.676,106751.27,0.14439,15413.815875299999
2025-10-18 02:41:04.019,106751.27,0.00057,60.8482239
2025-10-18 02:41:04.327,106751.28,0.00179,191.08479119999998
2025-10-18 02:41:05.005,106751.28,0.007,747.25896
2025-10-18 02:41:05.008,106751.28,0.0001,10.675128
2025-10-18 02:41:05.097,106751.28,0.06129,6542.7859511999995
2025-10-18 02:41:05.098,106751.32,0.0001,10.675132000000001
2025-10-18 02:41:05.099,106751.35,0.0503,5369.592905
2025-10-18 02:41:05.115,106757.68,0.00567,605.3160455999999
2025-10-18 02:41:05.778,106764.23,0.00014,14.946992199999999
2025-10-18 02:41:06.360,106764.22,0.014,1494.69908
2025-10-18 02:41:06.435,106764.23,0.00644,687.5616412
2025-10-18 02:41:06.948,106764.22,0.00141,150.5375502
2025-10-18 02:41:07.017,106764.23,0.00569,607.4884687
2025-10-18 02:41:07.555,106764.23,0.00061,65.1261803
2025-10-18 02:41:07.898,106764.22,0.014,1494.69908
2025-10-18 02:41:08.368,106764.22,0.00046,49.111541200000005
2025-10-18 02:41:08.715,106760.58,0.0001,10.676058000000001
2025-10-18 02:41:08.901,106751.42,0.013,1387.76846
2025-10-18 02:41:09.551,106751.42,0.00062,66.1858804
2025-10-18 02:41:09.771,106751.27,0.487,51987.86849
2025-10-18 02:41:09.772,106750.36,0.0001,10.675036
2025-10-18 02:41:09.782,106743.68,0.00086,91.79956479999998
2025-10-18 02:41:09.790,106743.68,5e-05,5.337184
2025-10-18 02:41:09.800,106743.67,0.013,1387.66771
2025-10-18 02:41:09.805,106740.62,0.013,1387.6280599999998
2025-10-18 02:41:09.829,106740.62,0.00937,1000.1596093999999
2025-10-18 02:41:09.846,106740.61,4e-05,4.2696244000000005
2025-10-18 02:41:10.117,106740.53,0.0001,10.674053
2025-10-18 02:41:10.122,106740.0,0.00721,769.5954
2025-10-18 02:41:10.126,106740.0,0.013,1387.62
2025-10-18 02:41:10.127,106740.0,0.013,1387.62
2025-10-18 02:41:10.131,106740.01,0.00028,29.887202799999997
2025-10-18 02:41:10.447,106740.0,0.00225,240.165
2025-10-18 02:41:10.818,106740.0,9e-05,9.6066
2025-10-18 02:41:11.568,106740.0,0.03573,3813.8201999999997
2025-10-18 02:41:11.575,106740.0,6e-05,6.4044
2025-10-18 02:41:11.794,106740.01,0.01873,1999.2403872999998
2025-10-18 02:41:11.838,106740.01,0.00011,11.7414011
2025-10-18 02:41:12.885,106740.0,0.00449,479.2626
2025-10-18 02:41:12.893,106736.48,0.00015,16.010471999999996
2025-10-18 02:41:12.896,106736.34,0.00416,444.02317439999996
2025-10-18 02:41:12.897,106735.55,0.013,1387.56215
2025-10-18 02:41:13.422,106735.41,0.00015,16.0103115
2025-10-18 02:41:13.427,106734.82,0.00231,246.55743420000002
2025-10-18 02:41:13.431,106732.25,0.00015,16.0098375
2025-10-18 02:41:13.432,106730.0,0.00187,199.58509999999998
2025-10-18 02:41:13.470,106729.53,0.00021,22.4132013
2025-10-18 02:41:14.599,106729.22,0.0002,21.345844
2025-10-18 02:41:15.029,106729.07,0.00105,112.0655235
2025-10-18 02:41:15.516,106729.06,0.02144,2288.2710464
2025-10-18 02:41:15.673,106729.06,0.16517,17628.4388402
2025-10-18 02:41:15.674,106723.47,8e-05,8.537877600000002
2025-10-18 02:41:15.675,106720.0,0.00265,282.808
2025-10-18 02:41:15.676,106719.56,0.04918,5248.4679608
2025-10-18 02:41:15.677,106719.14,0.0028,298.81359199999997
2025-10-18 02:41:15.680,106717.3,0.00641,684.057893
2025-10-18 02:41:15.683,106717.3,0.00937,999.941101
2025-10-18 02:41:15.688,106717.3,6e-05,6.4030380000000005
2025-10-18 02:41:15.690,106717.13,0.0002,21.343426
2025-10-18 02:41:15.694,106717.0,0.00036,38.41812
2025-10-18 02:41:15.698,106716.88,0.001,106.71688
2025-10-18 02:41:15.719,106714.71,5e-05,5.3357355
2025-10-18 02:41:15.720,106712.56,0.00439,468.4681384
2025-10-18 02:41:15.738,106712.56,0.00183,195.28398479999998
2025-10-18 02:41:15.746,106710.0,0.00403,430.0413
2025-10-18 02:41:15.750,106708.55,0.0029,309.454795
2025-10-18 02:41:15.815,106708.88,0.00937,999.8622056
2025-10-18 02:41:16.378,106708.89,0.00094,100.3063566
2025-10-18 02:41:16.517,106708.88,0.09377,10006.091677600001
2025-10-18 02:41:16.585,106708.88,0.004,426.83552000000003
2025-10-18 02:41:16.780,106708.89,5e-05,5.3354445
2025-10-18 02:41:16.823,106708.88,0.06,6402.5328
2025-10-18 02:41:17.008,106708.88,0.13532,14439.8456416
2025-10-18 02:41:17.354,106708.88,8e-05,8.5367104
2025-10-18 02:41:17.503,106708.88,0.09377,10006.091677600001
2025-10-18 02:41:17.959,106708.89,0.00186,198.4785354
2025-10-18 02:41:18.017,106706.77,0.00015,16.0060155
2025-10-18 02:41:18.018,106702.12,0.00046,49.0829752
2025-10-18 02:41:18.019,106696.55,0.0015,160.044825
2025-10-18 02:41:18.020,106692.77,0.04,4267.7108
2025-10-18 02:41:18.022,106687.53,0.003,320.06259
2025-10-18 02:41:18.025,106687.16,0.00129,137.6264364
2025-10-18 02:41:18.028,106692.77,6e-05,6.4015662
2025-10-18 02:41:18.038,106689.45,0.005,533.4472499999999
2025-10-18 02:41:18.040,106689.45,0.013,1386.96285
2025-10-18 02:41:18.050,106688.0,0.00938,1000.73344
2025-10-18 02:41:18.064,106690.0,0.01408,1502.1952
2025-10-18 02:41:18.067,106688.0,0.02017,2151.89696
2025-10-18 02:41:18.098,106688.0,0.03809,4063.74592
2025-10-18 02:41:18.129,106688.0,0.00078,83.21664
2025-10-18 02:41:18.187,106688.01,0.01873,1998.2664272999998
2025-10-18 02:41:18.278,106688.0,0.005,533.44
2025-10-18 02:41:18.286,106688.01,0.00305,325.3984305
2025-10-18 02:41:18.517,106688.0,0.0938,10007.3344
2025-10-18 02:41:18.850,106688.01,0.00045,48.009604499999995
2025-10-18 02:41:19.454,106688.0,0.0938,10007.3344
2025-10-18 02:41:19.573,106688.01,8e-05,8.5350408
2025-10-18 02:41:19.841,106688.0,0.01,1066.88
2025-10-18 02:41:19.842,106688.0,0.005,533.44
2025-10-18 02:41:20.410,106688.0,0.00327,348.86976
2025-10-18 02:41:20.539,106688.0,0.0938,10007.3344
2025-10-18 02:41:20.631,106688.01,0.00094,100.2867294
2025-10-18 02:41:20.715,106685.77,0.00015,16.0028655
2025-10-18 02:41:20.731,106685.76,0.00154,164.2960704
2025-10-18 02:41:21.617,106685.76,0.0938,10007.124287999999
2025-10-18 02:41:21.715,106685.76,0.01984,2116.6454784
2025-10-18 02:41:21.949,106685.75,0.013,1386.91475
2025-10-18 02:41:21.951,106685.75,0.013,1386.91475
2025-10-18 02:41:22.241,106685.76,0.02018,2152.9186368
2025-10-18 02:41:22.682,106685.76,6e-05,6.4011455999999995
2025-10-18 02:41:22.767,106685.75,0.0938,10007.12335
2025-10-18 02:41:23.315,106685.76,0.00221,235.7755296
2025-10-18 02:41:23.488,106685.76,0.00044,46.9417344
2025-10-18 02:41:23.682,106685.75,0.00137,146.15947749999998
2025-10-18 02:41:23.733,106685.75,0.0129,1376.246175
2025-10-18 02:41:23.810,106685.75,0.0938,10007.12335
2025-10-18 02:41:24.526,106685.75,0.0042,448.08014999999995
2025-10-18 02:41:24.880,106685.75,0.00037,39.4737275
2025-10-18 02:41:24.917,106685.75,0.0938,10007.12335
2025-10-18 02:41:25.088,106685.76,0.00887,946.3026911999999
2025-10-18 02:41:25.640,106685.75,0.013,1386.91475
2025-10-18 02:41:25.642,106685.75,0.013,1386.91475
2025-10-18 02:41:25.643,106685.75,0.013,1386.91475
2025-10-18 02:41:25.983,106685.75,0.0938,10007.12335
2025-10-18 02:41:26.902,106685.75,5e-05,5.3342875
2025-10-18 02:41:27.023,106685.75,0.0938,10007.12335
2025-10-18 02:41:27.682,106685.76,0.00032,34.1394432
2025-10-18 02:41:27.732,106685.76,0.00232,247.5109632
2025-10-18 02:41:27.794,106685.76,0.00263,280.58354879999996
2025-10-18 02:41:28.164,106685.75,0.0938,10007.12335
2025-10-18 02:41:28.312,106685.76,5e-05,5.334288
2025-10-18 02:41:28.752,106685.75,0.00093,99.2177475
2025-10-18 02:41:28.773,106685.75,0.00045,48.0085875
2025-10-18 02:41:28.798,106685.75,0.00094,100.284605
2025-10-18 02:41:28.857,106685.75,0.00022,23.470865
2025-10-18 02:41:29.251,106685.75,0.0938,10007.12335
2025-10-18 02:41:29.624,106685.75,0.00112,119.48803999999998
2025-10-18 02:41:29.790,106685.76,0.09373,9999.6562848
2025-10-18 02:41:29.828,106685.75,0.013,1386.91475
2025-10-18 02:41:29.830,106685.75,0.013,1386.91475
2025-10-18 02:41:29.869,106685.75,0.013,1386.91475
2025-10-18 02:41:30.333,106685.75,0.0938,10007.12335
2025-10-18 02:41:30.344,106685.75,0.00999,1065.7906425
2025-10-18 02:41:30.356,106685.76,0.00459,489.6876384
2025-10-18 02:41:30.975,106685.76,0.00012,12.802291199999999
2025-10-18 02:41:31.318,106685.76,0.00024,25.604582399999998
2025-10-18 02:41:31.471,106685.75,0.0938,10007.12335
2025-10-18 02:41:32.138,106685.75,0.00037,39.4737275
2025-10-18 02:41:32.474,106685.76,0.00046,49.0754496
2025-10-18 02:41:32.503,106685.75,0.09379,10006.0564925
2025-10-18 02:41:32.547,106685.76,0.35801,38194.5689376
2025-10-18 02:41:32.551,106688.01,0.00347,370.2073947
2025-10-18 02:41:32.579,106689.29,0.0013,138.69607699999997
2025-10-18 02:41:32.615,106692.3,5e-05,5.334615
2025-10-18 02:41:32.630,106694.19,0.00186,198.45119340000002
2025-10-18 02:41:32.720,106697.06,5e-05,5.334853
2025-10-18 02:41:33.254,106698.0,0.00089,94.96122
2025-10-18 02:41:33.639,106697.99,0.09378,10006.137502200001
2025-10-18 02:41:33.699,106698.0,0.00011,11.73678
2025-10-18 02:41:33.882,106698.0,0.00015,16.0047
2025-10-18 02:41:34.473,106698.0,0.00389,415.05521999999996
2025-10-18 02:41:34.726,106697.99,0.09378,10006.137502200001
2025-10-18 02:41:34.779,106698.0,0.0053,565.4994
2025-10-18 02:41:34.824,106698.0,0.00011,11.73678
2025-10-18 02:41:34.835,106697.99,0.0026,277.414774
2025-10-18 02:41:35.215,106701.1,0.0001,10.670110000000001
2025-10-18 02:41:35.520,106704.85,0.00011,11.737533500000001
2025-10-18 02:41:35.903,106704.84,0.09378,10006.7798952
2025-10-18 02:41:36.062,106704.85,0.02301,2455.2785985
2025-10-18 02:41:36.102,106706.92,0.00015,16.006037999999997
2025-10-18 02:41:36.135,106706.93,0.00187,199.54195909999999
2025-10-18 02:41:36.440,106706.93,0.00467,498.3213630999999
2025-10-18 02:41:36.478,106706.92,0.014,1493.89688
2025-10-18 02:41:36.733,106706.93,0.00467,498.3213630999999
2025-10-18 02:41:37.004,106706.92,0.09378,10006.9749576
2025-10-18 02:41:37.114,106706.92,0.2,21341.384000000002
2025-10-18 02:41:37.352,106706.93,0.00013,13.871900899999998
2025-10-18 02:41:37.420,106706.93,0.00187,199.54195909999999
2025-10-18 02:41:37.748,106706.93,0.00469,500.45550169999996
2025-10-18 02:41:37.951,106706.92,0.014,1493.89688
2025-10-18 02:41:38.017,106706.92,0.09378,10006.9749576
2025-10-18 02:41:39.080,106706.92,0.09378,10006.9749576
2025-10-18 02:41:39.437,106706.92,0.014,1493.89688
2025-10-18 02:41:39.864,106706.92,0.3,32012.075999999997
2025-10-18 02:41:40.118,106706.92,0.09378,10006.9749576
2025-10-18 02:41:40.210,106706.93,0.00267,284.9075031
2025-10-18 02:41:40.283,106706.93,0.0002,21.341386
2025-10-18 02:41:40.391,106706.93,0.0001,10.670693
2025-10-18 02:41:40.834,106706.93,0.00019,20.2743167
2025-10-18 02:41:40.928,106706.92,0.014,1493.89688
2025-10-18 02:41:41.254,106706.92,0.09378,10006.9749576
2025-10-18 02:41:41.576,106706.92,7e-05,7.469484399999999
2025-10-18 02:41:41.802,106706.93,0.00039,41.6157027
2025-10-18 02:41:42.239,106706.92,0.09378,10006.9749576
2025-10-18 02:41:42.320,106706.92,0.0009,96.036228
2025-10-18 02:41:42.410,106706.92,0.014,1493.89688
2025-10-18 02:41:43.216,106706.92,0.09378,10006.9749576
2025-10-18 02:41:43.681,106706.93,0.00023,24.5425939
2025-10-18 02:41:43.713,106706.93,0.00041,43.74984129999999
2025-10-18 02:41:43.885,106706.92,0.014,1493.89688
2025-10-18 02:41:44.110,106706.92,0.00036,38.4144912
2025-10-18 02:41:44.216,106706.92,0.09378,10006.9749576
2025-10-18 02:41:44.382,106706.93,0.00184,196.3407512
2025-10-18 02:41:44.400,106706.92,0.01824,1946.3342208
2025-10-18 02:41:44.526,106706.92,0.00108,115.2434736
2025-10-18 02:41:45.217,106706.92,0.09378,10006.9749576
2025-10-18 02:41:45.291,106706.93,0.00047,50.15225709999999
2025-10-18 02:41:45.386,106706.92,0.014,1493.89688
2025-10-18 02:41:45.414,106706.93,0.00156,166.4628108
2025-10-18 02:41:45.505,106706.93,0.0002,21.341386
2025-10-18 02:41:46.187,106706.92,0.09378,10006.9749576
2025-10-18 02:41:46.818,106706.93,0.00049,52.28639569999999
2025-10-18 02:41:46.858,106706.92,0.014,1493.89688
2025-10-18 02:41:46.868,106706.93,0.0065,693.5950449999999
2025-10-18 02:41:47.117,106706.92,0.09378,10006.9749576
2025-10-18 02:41:48.200,106706.92,0.00396,422.55940319999996
2025-10-18 02:41:48.267,106706.92,0.09378,10006.9749576
2025-10-18 02:41:49.300,106706.92,0.09378,10006.9749576
2025-10-18 02:41:50.376,106706.93,0.00034,36.2803562
2025-10-18 02:41:50.389,106706.92,0.09378,10006.9749576
2025-10-18 02:41:50.588,106706.92,0.00605,645.576866
2025-10-18 02:41:51.083,106706.92,0.00328,349.9986976
2025-10-18 02:41:51.323,106706.92,0.09378,10006.9749576
2025-10-18 02:41:51.458,106706.93,0.00747,797.1007671
2025-10-18 02:41:51.987,106706.93,4e-05,4.2682772
2025-10-18 02:41:52.307,106706.92,0.09378,10006.9749576
2025-10-18 02:41:52.610,106706.93,0.00082,87.49968259999999
2025-10-18 02:41:52.963,106706.92,0.0016,170.731072
2025-10-18 02:41:53.317,106706.92,0.09378,10006.9749576
2025-10-18 02:41:54.316,106706.92,0.09378,10006.9749576
2025-10-18 02:41:54.635,106706.93,0.0013,138.71900899999997
2025-10-18 02:41:55.013,106706.93,0.00043,45.88397989999999
2025-10-18 02:41:55.263,106706.92,0.09378,10006.9749576
2025-10-18 02:41:56.117,106706.92,0.013,1387.18996
2025-10-18 02:41:56.119,106706.92,0.013,1387.18996
2025-10-18 02:41:56.248,106706.92,0.09378,10006.9749576
2025-10-18 02:41:57.235,106706.92,0.09378,10006.9749576
2025-10-18 02:41:57.765,106706.93,0.00027,28.8108711
2025-10-18 02:41:58.126,106706.93,0.00046,49.0851878
2025-10-18 02:41:58.272,106706.92,0.09378,10006.9749576
2025-10-18 02:41:59.206,106706.92,0.09378,10006.9749576
2025-10-18 02:42:00.244,106706.92,0.09378,10006.9749576
2025-10-18 02:42:00.575,106706.92,0.1,10670.692000000001
2025-10-18 02:42:00.576,106706.93,0.00143,152.59090989999999
2025-10-18 02:42:01.169,106706.92,0.01874,1999.6876808
2025-10-18 02:42:01.237,106706.93,0.00148,157.9262564
2025-10-18 02:42:01.317,106706.92,0.09378,10006.9749576
2025-10-18 02:42:01.729,106706.93,8e-05,8.5365544
2025-10-18 02:42:01.994,106706.92,0.00021,22.4084532
2025-10-18 02:42:02.393,106706.92,0.00316,337.1938672
2025-10-18 02:42:02.480,106706.92,0.09378,10006.9749576
2025-10-18 02:42:02.527,106706.93,0.00049,52.28639569999999
2025-10-18 02:42:03.773,106706.92,0.09378,10006.9749576
2025-10-18 02:42:04.314,106706.92,0.64,68292.4288
2025-10-18 02:42:04.315,106695.75,0.07976,8510.05302
2025-10-18 02:42:04.316,106691.35,5e-05,5.3345675
2025-10-18 02:42:04.317,106685.76,0.0003,32.005728
2025-10-18 02:42:04.330,106685.75,0.3036,32389.7937
2025-10-18 02:42:04.331,106685.75,0.0007,74.680025
2025-10-18 02:42:04.334,106685.75,0.00937,999.6454775
2025-10-18 02:42:04.336,106685.75,0.00216,230.44122000000002
2025-10-18 02:42:04.338,106685.75,0.28627,30540.929652500003
2025-10-18 02:42:04.339,106685.75,0.02,2133.715
2025-10-18 02:42:04.341,106685.75,0.14963,15963.388772500002
2025-10-18 02:42:04.343,106685.75,0.013,1386.91475
2025-10-18 02:42:04.347,106685.75,0.013,1386.91475
2025-10-18 02:42:04.354,106685.75,0.21046,22453.082945000002
2025-10-18 02:42:04.363,106685.75,0.01875,2000.3578125
2025-10-18 02:42:04.365,106685.75,0.10397,11092.117427500001
2025-10-18 02:42:04.369,106685.75,0.49453,52759.303947500004
2025-10-18 02:42:04.370,106685.76,0.003,320.05728
2025-10-18 02:42:04.373,106685.75,0.02,2133.715
2025-10-18 02:42:04.396,106685.75,0.06251,6668.9262325
2025-10-18 02:42:04.409,106685.75,0.4279,45650.832425
2025-10-18 02:42:04.415,106685.75,0.466,49715.5595
2025-10-18 02:42:04.418,106685.75,0.07592,8099.58214
2025-10-18 02:42:04.420,106685.75,0.00995,1061.5232125
2025-10-18 02:42:04.423,106685.75,0.0114,1216.21755
2025-10-18 02:42:04.425,106685.75,0.002,213.3715
2025-10-18 02:42:04.426,106685.75,0.001,106.68575
2025-10-18 02:42:04.427,106685.75,0.04025,4294.1014375
2025-10-18 02:42:04.428,106685.75,0.01008,1075.39236
2025-10-18 02:42:04.429,106685.75,0.00236,251.77837000000002
2025-10-18 02:42:04.435,106685.75,0.00526,561.167045
2025-10-18 02:42:04.436,106685.75,0.0062,661.45165
2025-10-18 02:42:04.439,106685.64,5e-05,5.334282
2025-10-18 02:42:04.443,106685.57,0.00315,336.0595455
2025-10-18 02:42:04.448,106685.36,0.00246,262.4459856
2025-10-18 02:42:04.455,106685.19,0.00014,14.935926599999998
2025-10-18 02:42:04.457,106684.0,0.0005,53.342
2025-10-18 02:42:04.469,106684.0,0.00472,503.54848000000004
2025-10-18 02:42:04.472,106684.0,0.00304,324.31936
2025-10-18 02:42:04.476,106684.0,5e-05,5.3342
2025-10-18 02:42:04.478,106684.0,5e-05,5.3342
2025-10-18 02:42:04.490,106684.0,0.00199,212.30116
2025-10-18 02:42:04.499,106684.0,0.00053,56.542519999999996
2025-10-18 02:42:04.601,106684.0,0.00873,931.35132
2025-10-18 02:42:04.603,106683.98,0.00048,51.2083104
2025-10-18 02:42:04.614,106683.98,6e-05,6.4010388
2025-10-18 02:42:04.618,106683.98,0.00551,587.8287298
2025-10-18 02:42:04.620,106683.98,5e-05,5.334199
2025-10-18 02:42:04.888,106683.98,0.09381,10008.0241638
2025-10-18 02:42:05.242,106683.99,0.00093,99.21611070000002
2025-10-18 02:42:05.984,106683.98,0.09381,10008.0241638
2025-10-18 02:42:06.063,106683.98,0.00044,46.9409512
2025-10-18 02:42:07.033,106683.98,0.005,533.4199
2025-10-18 02:42:07.034,106683.98,0.01,1066.8398
2025-10-18 02:42:07.173,106683.98,0.0938,10006.957323999999
2025-10-18 02:42:08.018,106683.99,0.0001,10.668399
2025-10-18 02:42:08.214,106683.99,0.00059,62.94355410000001
2025-10-18 02:42:08.261,106683.98,0.0938,10006.957323999999
2025-10-18 02:42:08.576,106683.99,8e-05,8.534719200000001
2025-10-18 02:42:09.346,106683.98,0.0938,10006.957323999999
2025-10-18 02:42:09.792,106683.99,0.00403,429.9364797
2025-10-18 02:42:09.817,106683.99,0.0021,224.036379
2025-10-18 02:42:09.887,106685.85,0.02376,2534.8557960000003
2025-10-18 02:42:09.890,106685.85,0.02624,2799.436704
2025-10-18 02:42:09.893,106685.85,0.0006,64.01151
2025-10-18 02:42:09.895,106685.86,0.0006,64.011516
2025-10-18 02:42:09.902,106686.04,0.00097,103.4854588
2025-10-18 02:42:09.904,106686.05,0.0006,64.01163
2025-10-18 02:42:09.906,106686.05,0.0006,64.01163
2025-10-18 02:42:09.908,106686.05,0.0001,10.668605000000001
2025-10-18 02:42:09.910,106686.06,0.0004,42.674424
2025-10-18 02:42:09.911,106686.06,0.0003,32.005818
2025-10-18 02:42:09.912,106688.25,0.0024,256.05179999999996
2025-10-18 02:42:09.915,106688.25,0.00145,154.6979625
2025-10-18 02:42:09.975,106688.25,0.00177,188.83820250000002
2025-10-18 02:42:10.119,106688.25,0.00238,253.91803500000003
2025-10-18 02:42:10.424,106688.24,0.09379,10006.2900296
2025-10-18 02:42:10.803,106688.25,0.00012,12.80259
2025-10-18 02:42:10.996,106688.25,0.00276,294.45957
2025-10-18 02:42:11.113,106688.24,0.0089,949.525336
2025-10-18 02:42:11.333,106688.31,0.0001,10.668831
2025-10-18 02:42:11.335,106688.88,5e-05,5.334444
2025-10-18 02:42:11.411,106693.97,0.09378,10005.7605066
2025-10-18 02:42:11.413,106693.98,0.00072,76.81966560000001
2025-10-18 02:42:11.465,106694.25,6e-05,6.401655
2025-10-18 02:42:11.466,106694.65,0.0034,362.76180999999997
2025-10-18 02:42:11.467,106694.66,0.003,320.08398
2025-10-18 02:42:11.469,106694.66,0.0005,53.34733
2025-10-18 02:42:11.645,106696.83,0.00014,14.9375562
2025-10-18 02:42:11.951,106696.85,0.0001,10.669685000000001
2025-10-18 02:42:11.961,106697.06,0.00012,12.8036472
2025-10-18 02:42:11.967,106697.06,0.00093,99.2282658
2025-10-18 02:42:11.970,106697.06,0.00018,19.2054708
2025-10-18 02:42:11.971,106697.07,0.00024,25.607296800000004
2025-10-18 02:42:11.973,106697.06,0.00023,24.5403238
2025-10-18 02:42:11.974,106697.06,0.00046,49.0806476
2025-10-18 02:42:11.977,106697.06,0.0002,21.339412
2025-10-18 02:42:11.998,106697.07,0.00091,97.0943337
2025-10-18 02:42:12.003,106698.91,0.00795,848.2563345000001
2025-10-18 02:42:12.005,106700.01,0.0001,10.670001
2025-10-18 02:42:12.008,106703.78,8e-05,8.5363024
2025-10-18 02:42:12.009,106705.32,0.001,106.70532000000001
2025-10-18 02:42:12.011,106705.79,0.0004,42.682316
2025-10-18 02:42:12.014,106705.8,0.2806,29941.647480000003
2025-10-18 02:42:12.517,106706.92,0.09377,10005.907888400001
2025-10-18 02:42:12.892,106706.92,0.00037,39.4815604
2025-10-18 02:42:12.935,106706.93,0.00451,481.2482543
2025-10-18 02:42:13.584,106706.92,0.09377,10005.907888400001
2025-10-18 02:42:14.516,106706.92,0.09377,10005.907888400001
2025-10-18 02:42:14.993,106706.93,0.0034,362.80356199999994
2025-10-18 02:42:15.110,106707.09,9e-05,9.6036381
2025-10-18 02:42:15.597,106707.1,0.00063,67.22547300000001
2025-10-18 02:42:15.605,106707.09,0.09377,10005.9238293
2025-10-18 02:42:15.834,106707.09,0.00104,110.97537359999998
2025-10-18 02:42:16.032,106707.1,0.00082,87.49982200000001
2025-10-18 02:42:16.482,106707.09,0.01667,1778.8071903
2025-10-18 02:42:16.564,106707.1,0.0001,10.670710000000001
2025-10-18 02:42:16.576,106707.09,7e-05,7.469496299999999
2025-10-18 02:42:16.902,106707.09,0.09377,10005.9238293
2025-10-18 02:42:16.946,106707.09,0.0009,96.03638099999999
2025-10-18 02:42:16.958,106707.09,0.00095,101.3717355
2025-10-18 02:42:17.136,106707.09,0.00046,49.0852614
2025-10-18 02:42:17.283,106707.1,0.0001,10.670710000000001
2025-10-18 02:42:17.538,106707.1,0.00019,20.274349
2025-10-18 02:42:17.542,106707.1,0.00094,100.304674
2025-10-18 02:42:17.581,106707.1,0.0001,10.670710000000001
2025-10-18 02:42:17.643,106707.1,7e-05,7.469497
2025-10-18 02:42:17.825,106707.1,0.0001,10.670710000000001
2025-10-18 02:42:17.832,106707.1,0.0001,10.670710000000001
2025-10-18 02:42:17.868,106707.1,0.00015,16.006065
2025-10-18 02:42:17.875,106707.1,0.0001,10.670710000000001
2025-10-18 02:42:17.932,106707.1,0.00029,30.945059
2025-10-18 02:42:17.943,106707.1,7e-05,7.469497
2025-10-18 02:42:17.984,106707.1,0.0016,170.73136000000002
2025-10-18 02:42:18.068,106707.1,0.00155,165.396005
2025-10-18 02:42:18.073,106707.09,0.09377,10005.9238293
2025-10-18 02:42:18.142,106707.1,0.00029,30.945059
2025-10-18 02:42:18.148,106707.1,0.0001,10.670710000000001
2025-10-18 02:42:18.231,106707.1,0.0001,10.670710000000001
2025-10-18 02:42:18.462,106707.1,0.00078,83.231538
2025-10-18 02:42:18.588,106707.1,0.00023,24.542633000000002
2025-10-18 02:42:18.732,106707.1,0.0001,10.670710000000001
2025-10-18 02:42:18.912,106707.1,0.0004,42.682840000000006
2025-10-18 02:42:19.186,106707.1,0.00094,100.304674
2025-10-18 02:42:19.191,106707.1,0.0004,42.682840000000006
2025-10-18 02:42:19.217,106707.09,0.09377,10005.9238293
2025-10-18 02:42:19.224,106707.1,0.00022,23.475562000000004
2025-10-18 02:42:19.412,106707.1,0.0001,10.670710000000001
2025-10-18 02:42:19.442,106707.1,0.0001,10.670710000000001
2025-10-18 02:42:19.532,106707.1,0.0001,10.670710000000001
2025-10-18 02:42:19.789,106707.09,8e-05,8.5365672
2025-10-18 02:42:20.200,106707.1,0.0001,10.670710000000001
2025-10-18 02:42:20.217,106707.09,0.09377,10005.9238293
2025-10-18 02:42:20.266,106707.09,0.07497,7999.830537299999
2025-10-18 02:42:20.593,106707.1,0.00048,51.219408
2025-10-18 02:42:20.717,106707.1,0.00184,196.34106400000002
2025-10-18 02:42:20.725,106707.1,0.00468,499.38922800000006
2025-10-18 02:42:21.226,106707.09,8e-05,8.5365672
2025-10-18 02:42:21.403,106707.1,0.0001,10.670710000000001
2025-10-18 02:42:21.517,106707.09,0.09377,10005.9238293
2025-10-18 02:42:22.575,106707.09,0.00294,313.71884459999995
2025-10-18 02:42:22.670,106707.1,0.00027,28.810917000000003
2025-10-18 02:42:22.708,106707.09,0.09377,10005.9238293
2025-10-18 02:42:22.868,106707.09,0.00654,697.8643685999999
2025-10-18 02:42:23.321,106707.1,0.0001,10.670710000000001
2025-10-18 02:42:23.351,106707.09,0.00083,88.5668847
2025-10-18 02:42:23.366,106707.09,0.00096,102.4388064
2025-10-18 02:42:23.645,106707.1,0.01405,1499.2347550000002
2025-10-18 02:42:23.746,106707.09,0.09377,10005.9238293
2025-10-18 02:42:24.074,106707.1,0.001,106.70710000000001
2025-10-18 02:42:24.205,106707.09,0.00937,999.8454333
2025-10-18 02:42:24.236,106707.1,0.00171,182.469141
2025-10-18 02:42:24.298,106707.1,0.0001,10.670710000000001
2025-10-18 02:42:24.408,106707.1,0.00392,418.291832
2025-10-18 02:42:24.570,106707.1,0.00039,41.615769
2025-10-18 02:42:24.609,106707.1,3.24706,346484.356126
2025-10-18 02:42:24.612,106707.11,0.00336,358.5358896
2025-10-18 02:42:24.787,106707.1,0.09377,10005.924767
2025-10-18 02:42:25.261,106707.11,0.0001,10.670711
2025-10-18 02:42:25.271,106707.1,0.00579,617.834109
2025-10-18 02:42:25.917,106707.1,0.09377,10005.924767
2025-10-18 02:42:27.116,106707.1,0.09377,10005.924767
2025-10-18 02:42:28.111,106707.1,0.09377,10005.924767
2025-10-18 02:42:28.725,106707.1,0.00018,19.207278000000002
2025-10-18 02:42:29.255,106707.1,0.09377,10005.924767
2025-10-18 02:42:30.025,106707.1,0.00022,23.475562000000004
2025-10-18 02:42:30.288,106707.1,0.09377,10005.924767
2025-10-18 02:42:30.378,106707.1,0.013,1387.1923
2025-10-18 02:42:30.380,106707.1,0.013,1387.1923
2025-10-18 02:42:30.648,106707.11,0.00104,110.97539439999998
2025-10-18 02:42:31.323,106707.1,0.00011,11.737781000000002
2025-10-18 02:42:31.371,106707.1,0.09377,10005.924767
2025-10-18 02:42:31.724,106707.1,0.00792,845.120232
2025-10-18 02:42:32.411,106707.1,0.09377,10005.924767
2025-10-18 02:42:32.982,106707.11,0.00054,57.6218394
2025-10-18 02:42:33.091,106707.1,0.00018,19.207278000000002
2025-10-18 02:42:33.337,106707.11,0.00093,99.23761230000001
2025-10-18 02:42:33.429,106707.1,0.00016,17.073136
2025-10-18 02:42:33.654,106707.1,0.09377,10005.924767
2025-10-18 02:42:33.862,106707.1,6e-05,6.402426
2025-10-18 02:42:34.775,106707.1,0.00018,19.207278000000002
2025-10-18 02:42:34.799,106707.1,0.09377,10005.924767
2025-10-18 02:42:35.948,106707.1,0.09377,10005.924767
2025-10-18 02:42:36.108,106707.11,0.00011,11.7377821
2025-10-18 02:42:36.110,106707.1,0.00287,306.24937700000004
2025-10-18 02:42:36.576,106707.1,9e-05,9.603639000000001
2025-10-18 02:42:36.972,106707.1,0.09377,10005.924767
2025-10-18 02:42:37.301,106707.1,0.00047,50.152337
2025-10-18 02:42:37.591,106707.1,0.00356,379.877276
2025-10-18 02:42:38.059,106707.1,0.09377,10005.924767
2025-10-18 02:42:38.071,106707.1,0.00615,656.2486650000001
2025-10-18 02:42:39.099,106707.1,0.09377,10005.924767
2025-10-18 02:42:39.285,106707.11,0.00341,363.8712451
2025-10-18 02:42:39.352,106707.11,0.15,16006.066499999999
2025-10-18 02:42:39.353,106707.11,0.25527,27239.1239697
2025-10-18 02:42:39.359,106707.99,0.0003,32.012397
2025-10-18 02:42:39.623,106708.0,0.0177,1888.7316
2025-10-18 02:42:40.158,106707.99,0.09377,10006.0082223
2025-10-18 02:42:40.454,106708.0,0.00011,11.73788
2025-10-18 02:42:40.958,106707.99,0.00104,110.9763096
2025-10-18 02:42:41.172,106707.99,0.09377,10006.0082223
2025-10-18 02:42:41.632,106707.99,0.00023,24.542837700000003
2025-10-18 02:42:41.744,106708.0,0.00075,80.031
2025-10-18 02:42:41.932,106708.0,0.00011,11.73788
2025-10-18 02:42:42.217,106707.99,0.09377,10006.0082223
2025-10-18 02:42:42.412,106708.0,0.00011,11.73788
2025-10-18 02:42:42.741,106708.0,0.03,3201.24
2025-10-18 02:42:43.271,106708.0,0.00011,11.73788
2025-10-18 02:42:43.450,106707.99,0.09377,10006.0082223
2025-10-18 02:42:43.466,106707.99,0.00123,131.2508277
2025-10-18 02:42:43.562,106708.0,0.00018,19.207440000000002
2025-10-18 02:42:44.483,106707.99,0.00058,61.8906342
2025-10-18 02:42:44.496,106708.0,0.00011,11.73788
2025-10-18 02:42:44.516,106707.99,0.09377,10006.0082223
2025-10-18 02:42:44.921,106708.06,0.0002,21.341612
2025-10-18 02:42:44.923,106708.08,0.00045,48.018636
2025-10-18 02:42:44.924,106710.5,6e-05,6.40263
2025-10-18 02:42:44.925,106712.26,0.00395,421.51342700000004
2025-10-18 02:42:44.927,106712.27,0.00169,180.34373630000002
2025-10-18 02:42:44.929,106712.27,0.32453,34631.3329831
2025-10-18 02:42:44.932,106712.27,0.15176,16194.654095200001
2025-10-18 02:42:44.994,106712.27,0.00199,212.3574173
2025-10-18 02:42:44.996,106712.83,0.00045,48.0207735
2025-10-18 02:42:44.997,106712.84,5e-05,5.335642
2025-10-18 02:42:45.002,106713.75,0.00081,86.4381375
2025-10-18 02:42:45.004,106714.19,0.00035,37.3499665
2025-10-18 02:42:45.005,106714.2,5e-05,5.33571
2025-10-18 02:42:45.485,106714.19,0.00011,11.738560900000001
2025-10-18 02:42:45.576,106714.18,0.09376,10005.5215168
2025-10-18 02:42:46.128,106714.19,0.00012,12.8057028
2025-10-18 02:42:46.617,106714.18,0.09376,10005.5215168
2025-10-18 02:42:46.820,106714.21,0.0002,21.342842
2025-10-18 02:42:47.007,106714.4,5e-05,5.33572
2025-10-18 02:42:47.115,106722.18,0.00015,16.008326999999998
2025-10-18 02:42:47.807,106722.18,0.09376,10006.2715968
2025-10-18 02:42:47.916,106722.19,0.00012,12.8066628
2025-10-18 02:42:48.361,106722.18,0.00011,11.7394398
2025-10-18 02:42:48.716,106722.19,0.00489,521.8715091
2025-10-18 02:42:48.817,106724.89,0.09376,10006.5256864
2025-10-18 02:42:49.225,106724.9,0.00047,50.160703
2025-10-18 02:42:49.509,106724.9,0.0001,10.67249
2025-10-18 02:42:49.664,106724.89,0.014,1494.1484600000001
2025-10-18 02:42:49.899,106724.9,0.00012,12.806988
2025-10-18 02:42:49.939,106724.9,0.00053,56.56419699999999
2025-10-18 02:42:49.975,106724.89,0.09376,10006.5256864
2025-10-18 02:42:50.488,106724.89,0.00012,12.8069868
2025-10-18 02:42:50.729,106724.9,0.0001,10.67249
2025-10-18 02:42:50.907,106724.9,0.0009,96.05241
2025-10-18 02:42:50.973,106724.89,0.09376,10006.5256864
2025-10-18 02:42:51.165,106724.89,0.014,1494.1484600000001
2025-10-18 02:42:51.715,106724.9,0.0001,10.67249
2025-10-18 02:42:51.732,106724.9,0.00105,112.06114499999998
2025-10-18 02:42:51.938,106724.9,7e-05,7.470742999999999
2025-10-18 02:42:52.017,106724.89,6e-05,6.4034934
2025-10-18 02:42:52.062,106724.9,0.00012,12.806988
2025-10-18 02:42:52.071,106724.9,0.2,21344.98
2025-10-18 02:42:52.117,106724.89,0.09376,10006.5256864
2025-10-18 02:42:52.653,106724.9,0.0001,10.67249
2025-10-18 02:42:52.668,106724.89,0.014,1494.1484600000001
2025-10-18 02:42:52.744,106724.89,0.00012,12.8069868
2025-10-18 02:42:53.117,106724.89,0.09376,10006.5256864
2025-10-18 02:42:53.655,106724.9,0.0001,10.67249
2025-10-18 02:42:53.803,106724.89,0.00821,876.2113469000001
2025-10-18 02:42:54.090,106724.89,0.09376,10006.5256864
2025-10-18 02:42:54.174,106724.9,0.00012,12.806988
2025-10-18 02:42:54.183,106724.89,0.014,1494.1484600000001
2025-10-18 02:42:54.859,106724.89,0.00012,12.8069868
2025-10-18 02:42:55.003,106724.89,0.00026,27.748471399999996
2025-10-18 02:42:55.121,106724.89,0.09376,10006.5256864
2025-10-18 02:42:55.132,106724.9,0.00012,12.806988
2025-10-18 02:42:55.292,106724.9,0.0001,10.67249
2025-10-18 02:42:55.691,106724.89,0.014,1494.1484600000001
2025-10-18 02:42:55.831,106724.9,0.0001,10.67249
2025-10-18 02:42:56.260,106724.89,0.09376,10006.5256864
2025-10-18 02:42:56.290,106724.89,0.018,1921.04802
2025-10-18 02:42:56.373,106724.9,0.00012,12.806988
2025-10-18 02:42:56.791,106724.9,0.0001,10.67249
2025-10-18 02:42:56.877,106724.89,0.00012,12.8069868
2025-10-18 02:42:57.151,106724.9,0.00014,14.941485999999998
2025-10-18 02:42:57.178,106724.89,0.014,1494.1484600000001
2025-10-18 02:42:57.243,106724.89,0.09376,10006.5256864
2025-10-18 02:42:57.776,106724.9,0.0001,10.67249
2025-10-18 02:42:58.050,106724.9,0.00046,49.093454
2025-10-18 02:42:58.179,106724.89,0.09376,10006.5256864
2025-10-18 02:42:58.660,106724.89,0.014,1494.1484600000001
2025-10-18 02:42:58.974,106724.9,0.0001,10.67249
2025-10-18 02:42:58.990,106724.9,0.00015,16.008734999999998
2025-10-18 02:42:59.113,106724.89,0.00018,19.210480200000003
2025-10-18 02:42:59.219,106724.89,0.09376,10006.5256864
2025-10-18 02:42:59.988,106724.9,0.0001,10.67249
2025-10-18 02:42:59.994,106724.9,4e-05,4.2689960000000005
2025-10-18 02:43:00.182,106724.89,0.014,1494.1484600000001
2025-10-18 02:43:00.235,106724.89,0.09376,10006.5256864
2025-10-18 02:43:00.466,106724.9,0.00234,249.736266
2025-10-18 02:43:00.978,106724.9,0.0001,10.67249
2025-10-18 02:43:01.185,106724.89,0.09376,10006.5256864
2025-10-18 02:43:01.481,106724.9,0.00406,433.303094
2025-10-18 02:43:01.623,106724.9,0.00018,19.210482
2025-10-18 02:43:02.020,106724.9,0.0001,10.67249
2025-10-18 02:43:02.219,106724.89,0.08976,9579.6261264
2025-10-18 02:43:02.680,106724.89,0.00232,247.6017448
2025-10-18 02:43:03.000,106724.9,0.0001,10.67249
2025-10-18 02:43:03.075,106724.9,0.00141,150.48210899999998
2025-10-18 02:43:03.132,106724.9,0.00137,146.213113
2025-10-18 02:43:03.352,106724.9,0.00012,12.806988
2025-10-18 02:43:03.698,106724.9,5e-05,5.336245
2025-10-18 02:43:03.819,106724.9,0.00057,60.833192999999994
2025-10-18 02:43:04.237,106724.9,0.0001,10.67249
2025-10-18 02:43:05.013,106724.9,0.0001,10.67249
2025-10-18 02:43:06.011,106724.9,0.0001,10.67249
2025-10-18 02:43:06.084,106724.9,0.00019,20.277731
2025-10-18 02:43:07.054,106724.9,0.0001,10.67249
2025-10-18 02:43:07.099,106724.9,0.00038,40.555462
2025-10-18 02:43:07.684,106724.9,6e-05,6.403494
2025-10-18 02:43:07.965,106724.89,0.02895,3089.6855655
2025-10-18 02:43:08.291,106724.89,0.00155,165.4235795
2025-10-18 02:43:08.728,106724.9,0.0001,10.67249
2025-10-18 02:43:09.017,106724.9,0.00089,94.98516099999999
2025-10-18 02:43:09.251,106724.9,0.0001,10.67249
2025-10-18 02:43:10.237,106724.9,0.0001,10.67249
2025-10-18 02:43:10.765,106724.9,0.00082,87.51441799999999
2025-10-18 02:43:10.792,106724.89,0.00335,357.5283815
2025-10-18 02:43:11.251,106724.9,0.00651,694.779099
2025-10-18 02:43:11.577,106724.89,7e-05,7.4707422999999995
2025-10-18 02:43:11.958,106724.9,0.0001,10.67249
2025-10-18 02:43:11.963,106724.9,0.00569,607.264681
2025-10-18 02:43:11.967,106724.9,0.09369,9999.055880999998
2025-10-18 02:43:12.001,106724.9,0.00182,194.239318
2025-10-18 02:43:12.545,106724.9,0.00468,499.472532
2025-10-18 02:43:13.011,106724.9,0.0001,10.67249
2025-10-18 02:43:13.839,106724.89,0.01532,1635.0253148
2025-10-18 02:43:13.940,106724.9,0.02811,3000.0369389999996
2025-10-18 02:43:13.981,106724.9,0.0001,10.67249
2025-10-18 02:43:14.437,106724.89,5e-05,5.3362445
2025-10-18 02:43:15.016,106724.9,0.0001,10.67249
2025-10-18 02:43:15.077,106724.9,0.00288,307.367712
2025-10-18 02:43:15.842,106724.89,0.013,1387.42357
2025-10-18 02:43:15.843,106724.89,0.013,1387.42357
2025-10-18 02:43:15.846,106724.89,0.013,1387.42357
2025-10-18 02:43:15.922,106724.9,0.00018,19.210482
2025-10-18 02:43:16.261,106724.9,0.0001,10.67249
2025-10-18 02:43:16.502,106724.9,0.04684,4998.994315999999
2025-10-18 02:43:16.686,106724.89,0.09376,10006.5256864
2025-10-18 02:43:16.988,106724.89,0.00027,28.8157203
2025-10-18 02:43:17.188,106724.9,0.00375,400.218375
2025-10-18 02:43:17.235,106724.9,0.0001,10.67249
2025-10-18 02:43:17.621,106724.89,0.09376,10006.5256864
2025-10-18 02:43:17.998,106724.9,0.0001,10.67249
2025-10-18 02:43:18.018,106724.9,0.00036,38.420964
2025-10-18 02:43:18.192,106719.9,5e-05,5.335995
2025-10-18 02:43:18.193,106708.89,0.32161,34318.6461129
2025-10-18 02:43:18.194,106706.99,0.04182,4462.486321800001
2025-10-18 02:43:18.195,106706.99,0.04868,5194.4962732
2025-10-18 02:43:18.196,106704.0,6e-05,6.40224
2025-10-18 02:43:18.198,106703.72,0.00015,16.005557999999997
2025-10-18 02:43:18.201,106703.13,0.0083,885.635979
2025-10-18 02:43:18.209,106703.13,0.00046,49.0834398
2025-10-18 02:43:18.210,106701.22,5e-05,5.3350610000000005
2025-10-18 02:43:18.215,106700.92,0.00046,49.0824232
2025-10-18 02:43:18.220,106700.78,0.0005,53.35039
2025-10-18 02:43:18.224,106700.87,0.03189,3402.6907443
2025-10-18 02:43:18.234,106698.82,0.00015,16.004823
2025-10-18 02:43:18.235,106690.16,9e-05,9.602114400000001
2025-10-18 02:43:18.243,106690.06,0.00209,222.98222539999998
2025-10-18 02:43:18.246,106690.06,0.00227,242.18643619999997
2025-10-18 02:43:18.252,106690.06,0.02,2133.8012
2025-10-18 02:43:18.304,106691.55,0.0009,96.022395
2025-10-18 02:43:18.319,106690.17,0.00997,1063.7009948999998
2025-10-18 02:43:18.756,106690.16,0.09379,10006.4701064
2025-10-18 02:43:19.355,106690.17,0.04683,4996.300661099999
2025-10-18 02:43:19.703,106690.17,7e-05,7.468311899999999
2025-10-18 02:43:19.916,106690.16,0.09379,10006.4701064
2025-10-18 02:43:20.879,106690.16,0.00041,43.7429656
2025-10-18 02:43:21.027,106690.16,0.09379,10006.4701064
2025-10-18 02:43:21.120,106690.16,0.005,533.4508000000001
2025-10-18 02:43:21.121,106690.16,0.01,1066.9016000000001
2025-10-18 02:43:21.531,106690.16,0.005,533.4508000000001
2025-10-18 02:43:21.533,106690.16,0.01,1066.9016000000001
2025-10-18 02:43:21.609,106690.16,0.00313,333.9402008
2025-10-18 02:43:21.629,106690.17,0.00861,918.6023637
2025-10-18 02:43:21.708,106690.17,0.00051,54.4119867
2025-10-18 02:43:21.847,106690.17,0.00021,22.4049357
2025-10-18 02:43:22.116,106690.16,0.09379,10006.4701064
2025-10-18 02:43:22.459,106690.17,0.00018,19.204230600000002
2025-10-18 02:43:23.092,106690.17,8e-05,8.5352136
2025-10-18 02:43:23.247,106690.16,0.09379,10006.4701064
2025-10-18 02:43:23.505,106690.17,0.00037,39.4753629
2025-10-18 02:43:24.390,106690.16,0.09379,10006.4701064
2025-10-18 02:43:24.548,106690.17,0.00034,36.2746578
2025-10-18 02:43:24.561,106690.16,0.00017,18.1373272
2025-10-18 02:43:24.711,106690.16,0.1,10669.016000000001
2025-10-18 02:43:25.044,106690.16,0.01215,1296.2854439999999
2025-10-18 02:43:25.047,106689.42,0.0001,10.668942
2025-10-18 02:43:25.071,106689.36,0.0016,170.702976
2025-10-18 02:43:25.417,106688.02,0.09379,10006.2693958
2025-10-18 02:43:25.790,106688.02,5e-05,5.334401000000001
2025-10-18 02:43:25.941,106688.02,0.00472,503.56745440000003
2025-10-18 02:43:26.318,106688.02,0.0069,736.147338
2025-10-18 02:43:26.386,106688.02,0.00095,101.35361900000001
2025-10-18 02:43:26.415,106688.02,0.09379,10006.2693958
2025-10-18 02:43:27.074,106688.03,9e-05,9.601922700000001
2025-10-18 02:43:27.448,106688.03,0.00035,37.340810499999996
2025-10-18 02:43:27.663,106688.02,0.09379,10006.2693958
2025-10-18 02:43:27.686,106688.02,0.00048,51.210249600000004
2025-10-18 02:43:28.002,106688.02,0.00064,68.28033280000001
2025-10-18 02:43:28.713,106688.02,0.005,533.4401
2025-10-18 02:43:28.800,106688.02,0.09379,10006.2693958
2025-10-18 02:43:29.115,106688.03,0.00024,25.605127200000002
2025-10-18 02:43:29.947,106688.02,0.09379,10006.2693958
2025-10-18 02:43:30.113,106688.03,0.00239,254.98439170000003
2025-10-18 02:43:30.220,106688.02,0.013,1386.94426
2025-10-18 02:43:30.222,106688.02,0.013,1386.94426
2025-10-18 02:43:30.535,106688.02,0.013,1386.94426
2025-10-18 02:43:30.662,106688.02,8e-05,8.535041600000001
2025-10-18 02:43:30.883,106688.02,0.09379,10006.2693958
2025-10-18 02:43:30.915,106683.52,5e-05,5.334176
2025-10-18 02:43:31.726,106680.51,0.00071,75.74316209999999
2025-10-18 02:43:31.921,106680.5,0.0069,736.09545
2025-10-18 02:43:31.929,106680.5,0.013,1386.8464999999999
2025-10-18 02:43:31.931,106680.5,0.013,1386.8464999999999
2025-10-18 02:43:31.932,106680.5,0.013,1386.8464999999999
2025-10-18 02:43:31.961,106680.51,0.0005,53.340255
2025-10-18 02:43:31.976,106680.5,0.0938,10006.6309
2025-10-18 02:43:32.009,106680.5,0.00023,24.536515
2025-10-18 02:43:32.227,106680.51,0.00047,50.139839699999996
2025-10-18 02:43:32.615,106680.51,0.00141,150.4195191
2025-10-18 02:43:33.034,106680.5,0.0007,74.67635
2025-10-18 02:43:33.068,106680.51,0.00094,100.27967939999999
2025-10-18 02:43:33.117,106680.5,0.0938,10006.6309
2025-10-18 02:43:34.058,106680.51,0.00012,12.8016612
2025-10-18 02:43:34.255,106680.5,0.0938,10006.6309
2025-10-18 02:43:34.874,106680.51,0.00425,453.3921675
2025-10-18 02:43:35.264,106680.5,5e-05,5.3340250000000005
2025-10-18 02:43:35.291,106680.5,0.0938,10006.6309
2025-10-18 02:43:35.764,106680.5,0.10995,11729.520975000001
2025-10-18 02:43:36.316,106680.5,0.0938,10006.6309
2025-10-18 02:43:36.576,106680.5,9e-05,9.601245
2025-10-18 02:43:36.937,106680.51,0.00854,911.0515554
2025-10-18 02:43:36.943,106680.5,0.00046,49.07303
2025-10-18 02:43:37.317,106680.5,0.0938,10006.6309
2025-10-18 02:43:37.621,106680.5,0.00052,55.473859999999995
2025-10-18 02:43:37.967,106680.51,0.00028,29.870542799999996
2025-10-18 02:43:38.018,106680.51,0.00307,327.5091657
2025-10-18 02:43:38.355,106680.5,0.0938,10006.6309
2025-10-18 02:43:38.924,106680.51,0.00087,92.81204369999999
2025-10-18 02:43:39.395,106680.5,0.0938,10006.6309
2025-10-18 02:43:39.818,106680.5,0.013,1386.8464999999999
2025-10-18 02:43:39.820,106680.5,0.013,1386.8464999999999
2025-10-18 02:43:39.821,106680.5,0.013,1386.8464999999999
2025-10-18 02:43:40.431,106680.5,0.0938,10006.6309
2025-10-18 02:43:41.062,106680.5,0.00464,494.99752
2025-10-18 02:43:41.481,106680.51,0.00472,503.5320072
2025-10-18 02:43:41.523,106680.5,0.0938,10006.6309
2025-10-18 02:43:42.614,106680.5,0.0938,10006.6309
2025-10-18 02:43:42.918,106680.51,0.00106,113.08134059999999
2025-10-18 02:43:43.124,106680.51,0.0001,10.668051
2025-10-18 02:43:43.653,106680.5,0.0938,10006.6309
2025-10-18 02:43:43.908,106680.51,0.04686,4999.0486986
2025-10-18 02:43:44.460,106680.5,0.05418,5779.94949
2025-10-18 02:43:44.716,106680.5,0.0938,10006.6309
2025-10-18 02:43:45.443,106680.51,0.00067,71.47594169999999
2025-10-18 02:43:45.726,106680.5,0.0938,10006.6309
2025-10-18 02:43:46.079,106680.5,0.00066,70.40913
2025-10-18 02:43:46.717,106680.5,0.0938,10006.6309
2025-10-18 02:43:47.699,106680.5,0.0938,10006.6309
2025-10-18 02:43:48.557,106680.5,0.00055,58.674275
2025-10-18 02:43:48.600,106680.5,0.01,1066.805
2025-10-18 02:43:48.731,106680.5,0.00116,123.74938
2025-10-18 02:43:48.792,106680.5,0.0938,10006.6309
2025-10-18 02:43:49.727,106680.5,0.0938,10006.6309
2025-10-18 02:43:50.524,106680.51,0.00032,34.1377632
2025-10-18 02:43:50.711,106680.5,0.0938,10006.6309
2025-10-18 02:43:50.779,106680.51,0.00032,34.1377632
2025-10-18 02:43:51.037,106680.5,0.13983,14917.134315000001
2025-10-18 02:43:51.520,106680.51,0.00012,12.8016612
2025-10-18 02:43:51.567,106680.51,0.00014,14.935271399999998
2025-10-18 02:43:51.623,106680.5,0.00083,88.544815
2025-10-18 02:43:51.648,106680.5,0.0938,10006.6309
2025-10-18 02:43:51.907,106680.51,0.00061,65.0751111
2025-10-18 02:43:52.221,106680.51,0.00558,595.2772458
2025-10-18 02:43:52.469,106680.51,0.00018,19.2024918
2025-10-18 02:43:52.583,106680.5,5e-05,5.3340250000000005
2025-10-18 02:43:52.805,106680.5,0.013,1386.8464999999999
2025-10-18 02:43:52.806,106680.5,0.013,1386.8464999999999
2025-10-18 02:43:52.807,106680.5,0.013,1386.8464999999999
2025-10-18 02:43:52.845,106680.5,0.00167,178.15643500000002
2025-10-18 02:43:52.868,106680.51,0.00011,11.7348561
2025-10-18 02:43:52.895,106680.5,0.0938,10006.6309
2025-10-18 02:43:53.506,106680.5,0.00096,102.41328
2025-10-18 02:43:53.741,106680.51,0.00017,18.1356867
2025-10-18 02:43:53.817,106680.5,0.0938,10006.6309
2025-10-18 02:43:54.024,106680.5,6e-05,6.40083
2025-10-18 02:43:54.029,106680.51,9e-05,9.6012459
2025-10-18 02:43:54.375,106680.51,0.00175,186.6908925
2025-10-18 02:43:54.817,106680.5,0.0938,10006.6309
2025-10-18 02:43:55.857,106680.51,0.00122,130.1502222
2025-10-18 02:43:55.916,106680.5,0.0938,10006.6309
2025-10-18 02:43:56.538,106680.5,0.00173,184.557265
2025-10-18 02:43:56.998,106680.5,0.0938,10006.6309
2025-10-18 02:43:57.311,106680.51,0.00583,621.9473733
2025-10-18 02:43:57.782,106680.51,7e-05,7.467635699999999
2025-10-18 02:43:57.986,106680.5,0.0938,10006.6309
2025-10-18 02:43:58.632,106680.51,9e-05,9.6012459
2025-10-18 02:43:59.078,106680.5,0.0938,10006.6309
2025-10-18 02:43:59.284,106680.51,0.00018,19.2024918
2025-10-18 02:43:59.383,106680.5,0.00072,76.80996
2025-10-18 02:43:59.935,106680.51,0.0739,7883.689688999999
2025-10-18 02:44:00.317,106680.5,0.0938,10006.6309
2025-10-18 02:44:00.592,106680.51,0.00012,12.8016612
2025-10-18 02:44:00.629,106680.51,0.00019,20.2692969
2025-10-18 02:44:00.676,106680.51,0.00014,14.935271399999998
2025-10-18 02:44:01.311,106680.5,0.0938,10006.6309
2025-10-18 02:44:01.447,106680.5,0.00406,433.12283
2025-10-18 02:44:01.799,106680.51,9e-05,9.6012459
2025-10-18 02:44:01.879,106680.51,0.09498,10132.514839799998
2025-10-18 02:44:02.124,106680.51,0.0001,10.668051
2025-10-18 02:44:02.417,106680.5,0.0938,10006.6309
2025-10-18 02:44:02.928,106680.51,0.00014,14.935271399999998
2025-10-18 02:44:03.354,106680.51,0.00092,98.1460692
2025-10-18 02:44:03.355,106680.51,0.00465,496.06437149999994
2025-10-18 02:44:03.356,106680.51,0.00094,100.27967939999999
2025-10-18 02:44:03.358,106680.51,0.00082,87.4780182
2025-10-18 02:44:03.471,106680.51,0.00113,120.54897629999999
2025-10-18 02:44:03.616,106680.5,0.0938,10006.6309
2025-10-18 02:44:04.535,106680.5,0.00082,87.47801
2025-10-18 02:44:04.575,106680.5,0.0938,10006.6309
2025-10-18 02:44:05.539,106680.51,0.00011,11.7348561
2025-10-18 02:44:05.611,106680.5,0.0938,10006.6309
2025-10-18 02:44:05.720,106680.51,5e-05,5.3340255
2025-10-18 02:44:05.871,106680.5,0.00012,12.80166
2025-10-18 02:44:06.691,106680.5,0.0938,10006.6309
2025-10-18 02:44:06.732,106680.5,0.00842,898.24981
2025-10-18 02:44:06.829,106680.5,0.00223,237.89751500000003
2025-10-18 02:44:06.831,106680.5,0.00182,194.15851
2025-10-18 02:44:06.836,106680.5,0.00016,17.06888
2025-10-18 02:44:06.852,106680.5,0.00026,27.736929999999997
2025-10-18 02:44:06.995,106680.51,0.0005,53.340255
2025-10-18 02:44:07.616,106680.5,0.0938,10006.6309
2025-10-18 02:44:07.767,106680.51,0.00019,20.2692969
2025-10-18 02:44:07.972,106680.51,0.0003,32.004152999999995
2025-10-18 02:44:08.324,106680.5,0.00016,17.06888
2025-10-18 02:44:08.663,106680.5,0.0938,10006.6309
2025-10-18 02:44:09.743,106680.5,0.0938,10006.6309
2025-10-18 02:44:10.019,106680.5,9e-05,9.601245
2025-10-18 02:44:10.415,106680.51,0.0014,149.352714
2025-10-18 02:44:10.728,106680.5,0.0938,10006.6309
2025-10-18 02:44:11.090,106680.5,0.00011,11.734855
2025-10-18 02:44:11.644,106680.51,0.00028,29.870542799999996
2025-10-18 02:44:11.817,106680.5,0.0938,10006.6309
2025-10-18 02:44:12.552,106680.51,0.00094,100.27967939999999
2025-10-18 02:44:12.958,106680.5,0.0938,10006.6309
2025-10-18 02:44:13.324,106680.51,0.00187,199.49255369999997
2025-10-18 02:44:13.642,106680.51,0.00048,51.2066448
2025-10-18 02:44:13.999,106680.5,0.0938,10006.6309
2025-10-18 02:44:14.198,106680.5,0.02708,2888.90794
2025-10-18 02:44:14.253,106680.5,0.0001,10.668050000000001
2025-10-18 02:44:14.353,106680.51,0.00468,499.26478679999997
2025-10-18 02:44:14.384,106680.51,0.00151,161.0875701
2025-10-18 02:44:15.017,106680.5,0.0938,10006.6309
2025-10-18 02:44:15.332,106680.51,0.00121,129.0834171
2025-10-18 02:44:15.432,106680.5,0.00016,17.06888
2025-10-18 02:44:15.618,106680.51,5e-05,5.3340255
2025-10-18 02:44:16.279,106680.5,0.0938,10006.6309
2025-10-18 02:44:16.576,106680.5,9e-05,9.601245
2025-10-18 02:44:16.581,106680.51,0.00015,16.002076499999998
2025-10-18 02:44:16.625,106680.51,0.0001,10.668051
2025-10-18 02:44:16.732,106680.51,7e-05,7.467635699999999
2025-10-18 02:44:16.740,106680.51,0.00029,30.9373479
2025-10-18 02:44:17.042,106680.51,0.00024,25.6033224
2025-10-18 02:44:17.070,106680.51,0.00019,20.2692969
2025-10-18 02:44:17.090,106680.51,0.00024,25.6033224
2025-10-18 02:44:17.420,106680.5,0.0938,10006.6309
2025-10-18 02:44:17.610,106680.51,0.00011,11.7348561
2025-10-18 02:44:17.670,106680.51,9e-05,9.6012459
2025-10-18 02:44:17.682,106680.51,0.00027,28.8037377
2025-10-18 02:44:17.813,106680.5,0.0004,42.672200000000004
2025-10-18 02:44:18.018,106680.51,0.0001,10.668051
2025-10-18 02:44:18.034,106680.51,0.00756,806.5046556
2025-10-18 02:44:18.212,106680.51,0.00094,100.27967939999999
2025-10-18 02:44:18.275,106680.51,9e-05,9.6012459
2025-10-18 02:44:18.285,106680.51,0.00017,18.1356867
2025-10-18 02:44:18.287,106680.51,0.00081,86.4112131
2025-10-18 02:44:18.462,106680.51,0.00047,50.139839699999996
2025-10-18 02:44:18.482,106680.5,0.00127,135.484235
2025-10-18 02:44:18.615,106680.5,0.0938,10006.6309
2025-10-18 02:44:18.777,106680.51,0.10782,11502.2925882
2025-10-18 02:44:19.297,106680.5,0.02429,2591.2693449999997
2025-10-18 02:44:19.515,106680.5,0.0182,1941.5851
2025-10-18 02:44:19.605,106680.5,5e-05,5.3340250000000005
2025-10-18 02:44:19.655,106680.5,0.0938,10006.6309
2025-10-18 02:44:19.671,106680.5,0.00084,89.61162
2025-10-18 02:44:20.116,106680.5,6e-05,6.40083
2025-10-18 02:44:20.118,106680.51,0.00021,22.4029071
2025-10-18 02:44:20.361,106680.5,0.00269,286.970545
2025-10-18 02:44:20.691,106680.5,0.0938,10006.6309
2025-10-18 02:44:20.969,106680.51,7e-05,7.467635699999999
2025-10-18 02:44:21.769,106680.5,1.0,106680.5
2025-10-18 02:44:21.816,106680.5,0.0938,10006.6309
2025-10-18 02:44:21.839,106680.51,0.00454,484.32951539999993
2025-10-18 02:44:22.132,106680.5,0.00032,34.13776
2025-10-18 02:44:22.177,106680.51,0.00012,12.8016612
2025-10-18 02:44:22.718,106680.5,8e-05,8.53444
2025-10-18 02:44:22.872,106680.5,0.0938,10006.6309
2025-10-18 02:44:22.965,106680.51,0.00714,761.6988413999999
2025-10-18 02:44:23.430,106680.5,0.00763,813.972215
2025-10-18 02:44:23.763,106680.51,0.0007,74.676357
2025-10-18 02:44:23.845,106680.5,0.00075,80.010375
2025-10-18 02:44:23.960,106680.5,0.0938,10006.6309
2025-10-18 02:44:25.099,106680.5,0.0938,10006.6309
2025-10-18 02:44:26.080,106680.5,0.0938,10006.6309
2025-10-18 02:44:26.142,106678.52,0.02823,3011.5346196000005
2025-10-18 02:44:26.143,106678.16,0.00287,306.16631920000003
2025-10-18 02:44:26.147,106676.06,5e-05,5.3338030000000005
2025-10-18 02:44:26.153,106673.5,0.00012,12.80082
2025-10-18 02:44:26.160,106668.82,0.00153,163.2032946
2025-10-18 02:44:26.664,106668.82,0.00503,536.5441646
2025-10-18 02:44:27.062,106668.82,0.09381,10006.602004200002
2025-10-18 02:44:27.537,106668.82,0.00124,132.26933680000002
2025-10-18 02:44:28.240,106668.82,0.09381,10006.602004200002
2025-10-18 02:44:29.216,106668.82,0.09381,10006.602004200002
2025-10-18 02:44:29.778,106668.83,0.0059,629.346097
2025-10-18 02:44:29.869,106668.82,0.00013,13.8669466
2025-10-18 02:44:29.925,106668.83,0.00029,30.9339607
2025-10-18 02:44:30.154,106668.83,0.00045,48.0009735
2025-10-18 02:44:30.186,106668.83,0.00017,18.133701100000003
2025-10-18 02:44:30.317,106668.82,0.09381,10006.602004200002
2025-10-18 02:44:30.484,106668.83,0.00438,467.20947540000003
2025-10-18 02:44:31.099,106668.83,0.0001,10.666883
2025-10-18 02:44:31.316,106668.82,0.09381,10006.602004200002
2025-10-18 02:44:31.863,106668.82,0.0095,1013.35379
2025-10-18 02:44:32.287,106668.83,0.00048,51.2010384
2025-10-18 02:44:32.432,106668.83,0.00014,14.933636199999999
2025-10-18 02:44:32.444,106668.82,0.09381,10006.602004200002
2025-10-18 02:44:33.482,106668.82,0.09381,10006.602004200002
2025-10-18 02:44:34.102,106668.83,0.00034,36.26740220000001
2025-10-18 02:44:34.370,106668.83,0.00093,99.2020119
2025-10-18 02:44:34.600,106668.82,0.09381,10006.602004200002
2025-10-18 02:44:34.662,106668.83,0.00072,76.80155760000001
2025-10-18 02:44:34.663,106668.83,0.00075,80.0016225
2025-10-18 02:44:34.927,106668.83,0.00022,23.467142600000003
2025-10-18 02:44:34.944,106668.82,0.00504,537.6108528000001
2025-10-18 02:44:35.033,106667.03,0.00276,294.40100279999996
2025-10-18 02:44:35.034,106663.6,0.00023,24.532628000000003
2025-10-18 02:44:35.037,106662.42,0.00322,343.4529924
2025-10-18 02:44:35.040,106662.42,0.00255,271.989171
2025-10-18 02:44:35.041,106660.34,5e-05,5.333017
2025-10-18 02:44:35.043,106660.07,0.0013,138.658091
2025-10-18 02:44:35.048,106660.06,0.27042,28843.0134252
2025-10-18 02:44:35.058,106660.06,0.00296,315.7137776
2025-10-18 02:44:35.062,106660.0,0.00937,999.4042
2025-10-18 02:44:35.063,106660.0,0.00125,133.325
2025-10-18 02:44:35.067,106660.01,6e-05,6.399600599999999
2025-10-18 02:44:35.071,106660.01,0.00093,99.1938093
2025-10-18 02:44:35.316,106660.01,0.00029,30.9314029
2025-10-18 02:44:35.717,106660.0,0.09383,10007.907799999999
2025-10-18 02:44:35.947,106655.17,0.02658,2834.8944186
2025-10-18 02:44:35.993,106655.18,0.00016,17.0648288
2025-10-18 02:44:36.183,106655.17,0.01875,1999.7844375
2025-10-18 02:44:36.739,106655.17,0.09382,10006.3880494
2025-10-18 02:44:37.044,106655.17,0.00938,1000.4254946
2025-10-18 02:44:37.061,106655.17,0.02,2133.1034
2025-10-18 02:44:37.716,106655.17,0.09382,10006.3880494
2025-10-18 02:44:38.093,106655.18,0.0001,10.665518
2025-10-18 02:44:38.371,106655.17,0.013,1386.51721
2025-10-18 02:44:38.388,106655.17,0.013,1386.51721
2025-10-18 02:44:38.499,106655.17,0.013,1386.51721
2025-10-18 02:44:38.518,106655.17,0.00033,35.1962061
2025-10-18 02:44:38.739,106655.18,0.0034,362.62761199999994
2025-10-18 02:44:38.766,106655.17,0.09382,10006.3880494
2025-10-18 02:44:39.645,106655.18,0.00361,385.02519979999994
2025-10-18 02:44:39.681,106655.18,0.00188,200.51173839999998
2025-10-18 02:44:39.804,106655.17,0.09382,10006.3880494
2025-10-18 02:44:40.156,106655.17,0.013,1386.51721
2025-10-18 02:44:40.160,106655.17,0.013,1386.51721
2025-10-18 02:44:40.300,106655.18,0.00409,436.21968619999996
2025-10-18 02:44:40.307,106655.18,0.00368,392.4910624
2025-10-18 02:44:40.308,106655.18,0.00601,640.9976317999999
2025-10-18 02:44:40.518,106655.18,5e-05,5.332759
2025-10-18 02:44:40.727,106655.18,0.00046,49.0613828
2025-10-18 02:44:40.779,106655.18,0.00817,871.3728206
2025-10-18 02:44:41.009,106655.18,0.00023,24.5306914
2025-10-18 02:44:41.051,106655.17,0.09382,10006.3880494
2025-10-18 02:44:41.631,106655.17,0.00945,1007.8913565
2025-10-18 02:44:42.032,106655.17,0.09382,10006.3880494
2025-10-18 02:44:42.115,106652.75,7e-05,7.465692499999999
2025-10-18 02:44:42.479,106650.46,0.00713,760.4177798000001
2025-10-18 02:44:42.632,106650.46,0.00093,99.18492780000001
2025-10-18 02:44:42.789,106650.45,0.013,1386.4558499999998
2025-10-18 02:44:42.792,106650.45,0.013,1386.4558499999998
2025-10-18 02:44:42.980,106650.46,0.00409,436.2003814
2025-10-18 02:44:43.192,106650.45,0.09383,10007.0117235
2025-10-18 02:44:43.463,106650.45,0.00054,57.591243
2025-10-18 02:44:43.845,106650.45,0.01,1066.5045
2025-10-18 02:44:44.009,106650.46,0.0685,7305.556510000001
2025-10-18 02:44:44.216,106650.45,0.09383,10007.0117235
2025-10-18 02:44:44.341,106650.46,0.00093,99.18492780000001
2025-10-18 02:44:44.543,106650.46,0.01329,1417.3846134
2025-10-18 02:44:45.183,106650.46,0.01315,1402.453549
2025-10-18 02:44:45.346,106650.45,0.09383,10007.0117235
2025-10-18 02:44:45.475,106650.45,1.26204,134597.133918
2025-10-18 02:44:45.476,106647.73,0.0003,31.994318999999997
2025-10-18 02:44:45.477,106644.0,0.00086,91.71384
2025-10-18 02:44:45.478,106630.89,0.3825,40786.315425
2025-10-18 02:44:45.480,106619.05,0.00057,60.7728585
2025-10-18 02:44:45.482,106613.41,6e-05,6.3968046
2025-10-18 02:44:45.485,106612.0,0.0012,127.93439999999998
2025-10-18 02:44:45.486,106611.06,0.00024,25.5866544
2025-10-18 02:44:45.488,106617.63,0.0025,266.544075
2025-10-18 02:44:45.491,106620.0,5e-05,5.331
2025-10-18 02:44:45.492,106609.47,0.04689,4998.9180483
2025-10-18 02:44:45.493,106617.44,0.0001,10.661744
2025-10-18 02:44:45.494,106609.47,0.09379,9998.9021913
2025-10-18 02:44:45.500,106609.47,0.04,4264.3788
2025-10-18 02:44:45.502,106606.69,0.00171,182.2974399
2025-10-18 02:44:45.534,106603.65,0.0004,42.64146
2025-10-18 02:44:45.535,106601.04,0.00023,24.5182392
2025-10-18 02:44:45.536,106605.49,0.00112,119.3981488
2025-10-18 02:44:45.537,106600.01,0.013,1385.8001299999999
2025-10-18 02:44:45.543,106600.01,0.01876,1999.8161875999997
2025-10-18 02:44:45.550,106600.01,0.00938,999.9080937999998
2025-10-18 02:44:45.636,106600.02,0.00015,15.990003
2025-10-18 02:44:45.679,106600.03,0.00093,99.13802790000001
2025-10-18 02:44:45.725,106600.03,0.0002,21.320006
2025-10-18 02:44:45.763,106600.02,0.005,533.0001
2025-10-18 02:44:45.766,106600.02,0.00046,49.0360092
2025-10-18 02:44:45.970,106600.03,0.00334,356.0441002
2025-10-18 02:44:46.056,106600.02,0.005,533.0001
2025-10-18 02:44:46.130,106600.03,0.0122,1300.520366
2025-10-18 02:44:46.158,106600.02,0.00979,1043.6141958
2025-10-18 02:44:46.164,106600.03,0.10662,11365.6951986
2025-10-18 02:44:46.204,106600.03,6e-05,6.3960018000000005
2025-10-18 02:44:46.210,106600.03,0.04764,5078.4254292000005
2025-10-18 02:44:46.243,106600.03,0.03176,3385.6169527999996
2025-10-18 02:44:46.310,106600.03,0.00284,302.74408520000003
2025-10-18 02:44:46.505,106600.02,0.0275,2931.50055
2025-10-18 02:44:46.617,106600.02,0.09387,10006.5438774
2025-10-18 02:44:46.785,106600.02,0.0013,138.580026
2025-10-18 02:44:46.796,106600.02,0.01,1066.0002
2025-10-18 02:44:46.900,106600.02,0.0008,85.280016
2025-10-18 02:44:47.303,106600.03,0.005,533.00015
2025-10-18 02:44:47.304,106600.03,0.0001,10.660003
2025-10-18 02:44:47.373,106600.03,0.00035,37.3100105
2025-10-18 02:44:47.436,106600.02,0.00095,101.270019
2025-10-18 02:44:47.438,106600.02,0.00082,87.4120164
2025-10-18 02:44:47.682,106600.03,0.02151,2292.9666453
2025-10-18 02:44:47.816,106600.02,0.09387,10006.5438774
2025-10-18 02:44:48.283,106600.02,0.00124,132.1840248
2025-10-18 02:44:48.295,106600.03,0.00244,260.10407319999996
2025-10-18 02:44:48.337,106600.03,0.00093,99.13802790000001
2025-10-18 02:44:48.762,106600.03,0.03867,4122.2231601
2025-10-18 02:44:48.815,106600.02,0.00086,91.6760172
2025-10-18 02:44:48.846,106600.02,0.09387,10006.5438774
2025-10-18 02:44:48.975,106600.03,0.00018,19.1880054
2025-10-18 02:44:49.082,106600.03,0.00422,449.85212659999996
2025-10-18 02:44:49.700,106600.03,8e-05,8.5280024
2025-10-18 02:44:49.884,106600.02,0.09387,10006.5438774
2025-10-18 02:44:50.079,106600.03,0.00634,675.8441902
2025-10-18 02:44:50.382,106600.03,0.0059,628.940177
2025-10-18 02:44:50.392,106600.03,0.0033,351.780099
2025-10-18 02:44:50.393,106600.03,0.0101,1076.6603029999999
2025-10-18 02:44:50.784,106600.02,0.01218,1298.3882436000001
2025-10-18 02:44:51.004,106600.03,0.00381,406.1461143
2025-10-18 02:44:51.017,106600.02,0.09387,10006.5438774
2025-10-18 02:44:51.325,106600.02,0.00254,270.7640508
2025-10-18 02:44:51.576,106600.02,7e-05,7.462001399999999
2025-10-18 02:44:52.116,106600.02,0.09387,10006.5438774
2025-10-18 02:44:52.239,106600.03,0.00458,488.2281374
2025-10-18 02:44:52.361,106600.03,0.00186,198.27605580000002
2025-10-18 02:44:52.437,106600.03,0.00011,11.7260033
2025-10-18 02:44:52.512,106600.03,0.0001,10.660003
2025-10-18 02:44:52.638,106600.03,0.00424,451.9841272
2025-10-18 02:44:52.641,106600.03,9e-05,9.5940027
2025-10-18 02:44:52.679,106600.03,8e-05,8.5280024
2025-10-18 02:44:53.203,106600.02,0.09387,10006.5438774
2025-10-18 02:44:54.123,106600.02,0.00489,521.2740978
2025-10-18 02:44:54.135,106600.02,0.09387,10006.5438774
2025-10-18 02:44:54.237,106600.02,8e-05,8.528001600000001
2025-10-18 02:44:55.117,106600.03,0.05643,6015.4396929
2025-10-18 02:44:55.215,106600.03,0.07265,7744.492179500001
2025-10-18 02:44:55.273,106602.16,0.30419,32427.311050400003
2025-10-18 02:44:55.274,106602.17,0.0004,42.640868000000005
2025-10-18 02:44:55.316,106603.09,0.06218,6628.580136199999
2025-10-18 02:44:55.317,106603.08,0.09386,10005.7650888
2025-10-18 02:44:55.318,106603.09,0.00015,15.990463499999999
2025-10-18 02:44:55.323,106604.28,0.00039,41.5756692
2025-10-18 02:44:55.343,106604.71,0.01738,1852.7898598000002
2025-10-18 02:44:55.345,106604.71,0.00181,192.9545251
2025-10-18 02:44:55.376,106606.21,0.04868,5189.5903028
2025-10-18 02:44:55.385,106607.02,0.0002,21.321404
2025-10-18 02:44:55.410,106608.8,0.00047,50.106136
2025-10-18 02:44:55.991,106608.8,0.00055,58.634840000000004
2025-10-18 02:44:56.130,106608.79,0.00163,173.77232769999998
2025-10-18 02:44:56.245,106608.8,0.0001,10.66088
2025-10-18 02:44:56.255,106608.79,0.09386,10006.3010294
2025-10-18 02:44:56.347,106608.8,0.00517,551.167496
2025-10-18 02:44:56.714,106608.8,0.00082,87.419216
2025-10-18 02:44:57.143,106608.8,0.00328,349.676864
2025-10-18 02:44:57.416,106608.79,0.09386,10006.3010294
2025-10-18 02:44:57.593,106608.8,0.00441,470.144808
2025-10-18 02:44:58.009,106608.8,0.00328,349.676864
2025-10-18 02:44:58.079,106608.8,0.00949,1011.717512
2025-10-18 02:44:58.496,106608.8,5e-05,5.33044
2025-10-18 02:44:58.517,106608.79,0.09386,10006.3010294
2025-10-18 02:44:58.524,106608.8,0.00054,57.568752
2025-10-18 02:44:58.528,106608.8,0.0001,10.66088
2025-10-18 02:44:58.583,106608.8,0.00058,61.833104
2025-10-18 02:44:58.651,106608.8,0.0005,53.3044
2025-10-18 02:44:58.851,106608.8,0.01178,1255.851664
2025-10-18 02:44:59.014,106608.8,0.0001,10.66088
2025-10-18 02:44:59.141,106608.8,0.13442,14330.354896
2025-10-18 02:44:59.142,106608.81,0.0005,53.304405
2025-10-18 02:44:59.143,106608.91,0.0002,21.321782000000002
2025-10-18 02:44:59.148,106609.75,0.14071,15001.0579225
2025-10-18 02:44:59.150,106610.69,0.0034,362.476346
2025-10-18 02:44:59.151,106611.69,0.00855,911.5299495
2025-10-18 02:44:59.152,106611.69,0.00925,986.1581325
2025-10-18 02:44:59.153,106611.69,0.07961,8487.3566409
2025-10-18 02:44:59.156,106611.69,0.06278,6693.0818982
2025-10-18 02:44:59.158,106611.69,0.00051,54.3719619
2025-10-18 02:44:59.159,106611.69,0.0001,10.661169000000001
2025-10-18 02:44:59.161,106613.0,6e-05,6.396780000000001
2025-10-18 02:44:59.171,106614.61,0.00085,90.6224185
2025-10-18 02:44:59.175,106615.27,0.0005,53.307635000000005
2025-10-18 02:44:59.179,106615.26,0.0002,21.323052
2025-10-18 02:44:59.211,106616.25,0.0007,74.631375
2025-10-18 02:44:59.242,106616.85,0.05962,6356.496597
2025-10-18 02:44:59.252,106616.85,0.00098,104.484513
2025-10-18 02:44:59.254,106617.25,0.0722,7697.76545
2025-10-18 02:44:59.255,106617.86,0.0002,21.323572000000002
2025-10-18 02:44:59.262,106619.21,0.1407,15001.322847
2025-10-18 02:44:59.266,106620.0,0.0005,53.31
2025-10-18 02:44:59.268,106620.01,0.00015,15.993001499999998
2025-10-18 02:44:59.272,106622.11,0.00015,15.993316499999999
2025-10-18 02:44:59.292,106622.11,0.0004,42.648844000000004
2025-10-18 02:44:59.399,106625.04,0.00376,400.91015039999996
2025-10-18 02:44:59.616,106625.03,0.09384,10005.6928152
2025-10-18 02:44:59.903,106625.04,0.00886,944.6978543999999
2025-10-18 02:45:00.169,106625.04,0.0001,10.662504
2025-10-18 02:45:00.220,106625.03,0.04,4265.0012
2025-10-18 02:45:00.221,106620.0,5e-05,5.331
2025-10-18 02:45:00.222,106609.45,5e-05,5.3304725
2025-10-18 02:45:00.226,106601.17,0.048,5116.85616
2025-10-18 02:45:00.229,106599.07,0.00938,999.8992766
2025-10-18 02:45:00.240,106599.08,0.03135,3341.881158
2025-10-18 02:45:00.246,106599.08,0.00218,232.38599440000002
2025-10-18 02:45:00.259,106599.07,0.013,1385.78791
2025-10-18 02:45:00.262,106599.07,0.013,1385.78791
2025-10-18 02:45:00.265,106599.07,0.02,2131.9814
2025-10-18 02:45:00.278,106599.08,7e-05,7.4619355999999994
2025-10-18 02:45:00.291,106599.07,0.00025,26.649767500000003
2025-10-18 02:45:00.371,106599.08,6e-05,6.3959448000000005
2025-10-18 02:45:00.468,106599.08,0.0023,245.177884
2025-10-18 02:45:00.490,106599.07,0.001,106.59907000000001
2025-10-18 02:45:00.542,106599.08,6e-05,6.3959448000000005
2025-10-18 02:45:00.545,106599.08,0.00821,875.1784468000001
2025-10-18 02:45:00.576,106599.08,0.16252,17324.4824816
2025-10-18 02:45:00.577,106599.08,0.13773,14681.8912884
2025-10-18 02:45:00.578,106599.07,0.00035,37.3096745
2025-10-18 02:45:00.585,106599.08,0.08207,8748.5864956
2025-10-18 02:45:00.586,106599.08,0.1267,13506.103436000001
2025-10-18 02:45:00.587,106599.08,0.13377,14259.7589316
2025-10-18 02:45:00.589,106600.56,0.0002,21.320112
2025-10-18 02:45:00.591,106601.19,0.0001,10.660119
2025-10-18 02:45:00.599,106603.89,0.0006,63.96233399999999
2025-10-18 02:45:00.613,106603.9,0.0011,117.26429
2025-10-18 02:45:00.614,106603.9,0.0002,21.32078
2025-10-18 02:45:00.645,106608.44,0.00019,20.2556036
2025-10-18 02:45:00.699,106608.44,0.00209,222.81163959999998
2025-10-18 02:45:00.709,106608.44,0.00212,226.0098928
2025-10-18 02:45:00.754,106608.43,0.09386,10006.2672398
2025-10-18 02:45:00.934,106608.44,0.00015,15.991266
2025-10-18 02:45:00.948,106608.43,0.00365,389.1207695
2025-10-18 02:45:01.017,106608.43,0.00187,199.35776409999997
2025-10-18 02:45:01.043,106608.43,0.00212,226.00987159999997
2025-10-18 02:45:01.115,106608.42,0.00281,299.5696602
2025-10-18 02:45:01.117,106608.41,0.00433,461.61441529999996
2025-10-18 02:45:01.415,106603.23,0.0001,10.660323
2025-10-18 02:45:01.482,106601.85,0.0001,10.660185
2025-10-18 02:45:01.701,106601.85,9e-05,9.594166500000002
2025-10-18 02:45:01.717,106601.84,0.09387,10006.714720799999
2025-10-18 02:45:01.886,106601.85,0.00488,520.217028
2025-10-18 02:45:02.712,106601.84,0.08985,9578.175324
2025-10-18 02:45:03.108,106601.84,0.00206,219.59979040000002
2025-10-18 02:45:03.275,106601.84,0.01,1066.0184
2025-10-18 02:45:03.276,106601.84,0.005,533.0092
2025-10-18 02:45:03.314,106601.85,0.00468,498.89665800000006
2025-10-18 02:45:03.768,106601.84,0.01637,1745.0721207999998
2025-10-18 02:45:03.823,106601.84,0.01477,1574.5091768
2025-10-18 02:45:04.513,106601.85,0.00954,1016.9816490000001
2025-10-18 02:45:04.578,106601.85,0.00065,69.2912025
2025-10-18 02:45:04.620,106601.84,0.01047,1116.1212648
2025-10-18 02:45:04.683,106601.85,0.00187,199.3454595
2025-10-18 02:45:04.975,106601.85,0.00187,199.3454595
2025-10-18 02:45:05.224,106601.84,0.03082,3285.4687088
2025-10-18 02:45:05.519,106601.85,0.06397,6819.3203445
2025-10-18 02:45:05.620,106601.85,3.1342,334111.51827
2025-10-18 02:45:05.623,106601.86,0.00075,79.951395
2025-10-18 02:45:05.625,106601.86,0.25907,27617.343870200002
2025-10-18 02:45:05.626,106601.86,0.01152,1228.0534272
2025-10-18 02:45:05.638,106601.88,0.00065,69.291222
2025-10-18 02:45:05.676,106603.0,0.00181,192.95143
2025-10-18 02:45:05.678,106604.53,0.0003,31.981358999999998
2025-10-18 02:45:05.715,106605.7,0.0013,138.58740999999998
2025-10-18 02:45:05.716,106605.7,1e-05,1.066057
2025-10-18 02:45:05.723,106608.24,0.00583,621.5260392
2025-10-18 02:45:05.734,106609.43,0.00031,33.0489233
2025-10-18 02:45:05.735,106609.75,6e-05,6.396585
2025-10-18 02:45:05.786,106611.42,0.00111,118.33867620000001
2025-10-18 02:45:05.789,106614.03,0.01766,1882.8037697999998
2025-10-18 02:45:05.986,106614.02,0.00018,19.190523600000002
2025-10-18 02:45:06.226,106614.02,0.00133,141.7966466
2025-10-18 02:45:06.405,106614.02,0.0012,127.93682399999999
2025-10-18 02:45:06.625,106614.02,0.00182,194.03751640000002
2025-10-18 02:45:06.773,106614.03,0.00012,12.7936836
2025-10-18 02:45:07.097,106614.03,0.0001,10.661403
2025-10-18 02:45:07.299,106614.03,0.00349,372.0829647
2025-10-18 02:45:07.315,106620.41,0.00015,15.9930615
2025-10-18 02:45:07.565,106620.43,0.00075,79.9653225
2025-10-18 02:45:07.566,106620.44,0.00015,15.993065999999999
2025-10-18 02:45:07.569,106620.44,0.00055,58.641242000000005
2025-10-18 02:45:07.574,106620.45,0.0616,6567.81972
2025-10-18 02:45:07.583,106622.98,0.00015,15.993446999999998
2025-10-18 02:45:07.592,106623.71,7e-05,7.4636597
2025-10-18 02:45:07.710,106623.7,0.00154,164.20049799999998
2025-10-18 02:45:07.834,106623.71,0.02591,2762.6203261
2025-10-18 02:45:07.952,106623.71,0.00379,404.10386090000003
2025-10-18 02:45:07.990,106623.71,0.00047,50.1131437
2025-10-18 02:45:08.450,106623.71,0.0033,351.858243
2025-10-18 02:45:08.694,106623.7,0.00161,171.66415700000002
2025-10-18 02:45:08.717,106623.7,0.00186,198.320082
2025-10-18 02:45:08.913,106623.7,0.014,1492.7318
2025-10-18 02:45:09.046,106623.71,0.00056,59.7092776
2025-10-18 02:45:09.240,106623.71,0.01251,1333.8626121000002
2025-10-18 02:45:09.328,106623.71,0.00146,155.6706166
2025-10-18 02:45:09.905,106623.7,0.0017,181.26029
2025-10-18 02:45:10.081,106623.71,0.00376,400.9051496
2025-10-18 02:45:10.821,106623.71,0.00319,340.12963490000004
2025-10-18 02:45:10.833,106623.71,0.09655,10294.5192005
2025-10-18 02:45:10.844,106623.71,0.00047,50.1131437
2025-10-18 02:45:11.025,106623.71,9e-05,9.596133900000002
2025-10-18 02:45:11.232,106623.71,0.00271,288.95025410000005
2025-10-18 02:45:12.071,106623.7,7e-05,7.463658999999999
2025-10-18 02:45:12.552,106623.71,6e-05,6.3974226000000005
2025-10-18 02:45:12.724,106623.71,0.00046,49.04690660000001
2025-10-18 02:45:12.824,106623.71,0.01874,1998.1283254
2025-10-18 02:45:13.070,106623.71,0.00051,54.37809210000001
2025-10-18 02:45:13.599,106623.7,0.00089,94.89509299999999
2025-10-18 02:45:13.723,106623.7,0.00033,35.185821
2025-10-18 02:45:13.870,106623.71,0.00013,13.8610823
2025-10-18 02:45:14.250,106623.71,0.02794,2979.0664574
2025-10-18 02:45:14.345,106623.71,0.00017,18.1260307
2025-10-18 02:45:15.176,106623.71,0.01097,1169.6620987000001
2025-10-18 02:45:15.417,106623.71,0.00026,27.7221646
2025-10-18 02:45:15.425,106623.7,0.00375,399.838875
2025-10-18 02:45:15.436,106623.71,0.00014,14.9273194
2025-10-18 02:45:15.596,106623.71,0.00265,282.5528315
2025-10-18 02:45:15.900,106623.71,0.00013,13.8610823
2025-10-18 02:45:15.988,106623.7,0.01876,2000.2606119999998
2025-10-18 02:45:16.417,106623.71,5e-05,5.3311855
2025-10-18 02:45:16.847,106623.71,0.0229,2441.682959
2025-10-18 02:45:16.855,106623.7,0.09385,10006.634245
2025-10-18 02:45:16.948,106623.7,0.00022,23.457214
2025-10-18 02:45:17.314,106623.71,0.02057,2193.2497147000004
2025-10-18 02:45:17.427,106623.71,0.00033,35.1858243
2025-10-18 02:45:18.016,106623.7,0.09385,10006.634245
2025-10-18 02:45:18.257,106623.7,0.014,1492.7318
2025-10-18 02:45:18.544,106623.71,0.00021,22.390979100000003
2025-10-18 02:45:18.574,106623.71,6e-05,6.3974226000000005
2025-10-18 02:45:18.825,106623.71,0.03215,3427.9522765
2025-10-18 02:45:18.889,106623.7,0.00098,104.491226
2025-10-18 02:45:19.034,106623.7,0.09385,10006.634245
2025-10-18 02:45:19.750,106623.7,0.014,1492.7318
2025-10-18 02:45:20.019,106623.7,0.09385,10006.634245
2025-10-18 02:45:20.859,106623.71,0.00021,22.390979100000003
2025-10-18 02:45:20.968,106623.71,0.00048,51.179380800000004
2025-10-18 02:45:21.213,106623.7,0.09385,10006.634245
2025-10-18 02:45:21.225,106623.71,0.00021,22.390979100000003
2025-10-18 02:45:21.412,106623.7,0.014,1492.7318
2025-10-18 02:45:21.785,106623.7,0.00056,59.70927199999999
2025-10-18 02:45:22.193,106623.7,0.09385,10006.634245
2025-10-18 02:45:22.256,106623.71,9e-05,9.596133900000002
2025-10-18 02:45:22.924,106623.7,0.014,1492.7318
2025-10-18 02:45:22.967,106623.71,0.00049,52.2456179
2025-10-18 02:45:23.116,106623.71,0.00601,640.8084971
2025-10-18 02:45:23.229,106623.71,0.00872,929.7587512000001
2025-10-18 02:45:23.265,106623.71,0.00163,173.79664730000002
2025-10-18 02:45:23.283,106623.7,0.09385,10006.634245
2025-10-18 02:45:23.374,106623.7,3.88472,414203.219864
2025-10-18 02:45:23.458,106623.7,0.013,1386.1081
2025-10-18 02:45:23.460,106623.7,0.013,1386.1081
2025-10-18 02:45:23.515,106621.29,5e-05,5.3310645
2025-10-18 02:45:24.210,106617.25,0.00013,13.860242499999998
2025-10-18 02:45:24.365,106617.24,0.09385,10006.027974
2025-10-18 02:45:24.513,106617.25,6e-05,6.397035
2025-10-18 02:45:24.518,106617.24,0.00018,19.1911032
2025-10-18 02:45:24.532,106617.25,0.00012,12.79407
2025-10-18 02:45:24.780,106617.24,0.004,426.46896000000004
2025-10-18 02:45:24.781,106617.24,0.004,426.46896000000004
2025-10-18 02:45:24.782,106617.24,0.004,426.46896000000004
2025-10-18 02:45:24.816,106617.25,0.0092,980.8787
2025-10-18 02:45:24.903,106617.25,0.00012,12.79407
2025-10-18 02:45:24.982,106617.24,0.00288,307.0576512
2025-10-18 02:45:25.218,106617.24,0.00115,122.609826
2025-10-18 02:45:25.502,106617.24,0.09385,10006.027974
2025-10-18 02:45:25.513,106617.25,0.00012,12.79407
2025-10-18 02:45:25.581,106617.25,0.00323,344.3737175
2025-10-18 02:45:25.880,106617.24,0.283,30172.67892
2025-10-18 02:45:26.042,106617.24,0.2,21323.448000000004
2025-10-18 02:45:26.137,106617.25,0.00467,497.90255749999994
2025-10-18 02:45:26.540,106617.24,0.09385,10006.027974
2025-10-18 02:45:26.736,106617.25,0.00012,12.79407
2025-10-18 02:45:26.907,106617.25,0.00163,173.7861175
2025-10-18 02:45:27.072,106617.24,0.00023,24.5219652
2025-10-18 02:45:27.334,106617.24,0.00545,581.0639580000001
2025-10-18 02:45:27.362,106617.24,0.00018,19.1911032
2025-10-18 02:45:27.553,106617.25,0.00012,12.79407
2025-10-18 02:45:27.580,106617.24,0.09385,10006.027974
2025-10-18 02:45:27.736,106617.24,0.00128,136.47006720000002
2025-10-18 02:45:27.740,106617.25,0.00012,12.79407
2025-10-18 02:45:27.844,106617.25,0.02853,3041.7901425
2025-10-18 02:45:27.980,106617.24,7e-05,7.4632068
2025-10-18 02:45:28.618,106617.24,0.09385,10006.027974
2025-10-18 02:45:28.662,106617.24,0.00018,19.1911032
2025-10-18 02:45:28.692,106617.25,0.00192,204.70512
2025-10-18 02:45:28.720,106617.25,0.00012,12.79407
2025-10-18 02:45:28.860,106617.24,0.013,1386.02412
2025-10-18 02:45:28.862,106617.24,0.013,1386.02412
2025-10-18 02:45:28.864,106617.24,0.013,1386.02412
2025-10-18 02:45:28.865,106617.24,0.3,31985.172
2025-10-18 02:45:29.513,106617.25,0.00012,12.79407
2025-10-18 02:45:29.535,106617.25,0.00468,498.96873
2025-10-18 02:45:29.688,106617.25,0.00026,27.720484999999996
2025-10-18 02:45:29.710,106617.24,0.09385,10006.027974
2025-10-18 02:45:30.106,106617.24,0.00012,12.794068800000002
2025-10-18 02:45:30.606,106617.24,0.03686,3929.9114664
2025-10-18 02:45:30.665,106617.25,0.00012,12.79407
2025-10-18 02:45:30.796,106617.24,0.09385,10006.027974
2025-10-18 02:45:30.898,106617.24,0.04,4264.689600000001
2025-10-18 02:45:30.899,106614.72,0.00015,15.992207999999998
2025-10-18 02:45:30.900,106609.45,5e-05,5.3304725
2025-10-18 02:45:30.901,106607.05,0.048,5117.1384
2025-10-18 02:45:30.902,106596.0,0.0028,298.4688
2025-10-18 02:45:30.904,106585.25,0.003,319.75575000000003
2025-10-18 02:45:30.909,106596.11,5e-05,5.3298055
2025-10-18 02:45:30.915,106587.36,5e-05,5.3293680000000005
2025-10-18 02:45:30.918,106586.89,5e-05,5.3293445
2025-10-18 02:45:30.919,106582.86,5e-05,5.329143
2025-10-18 02:45:30.921,106581.8,0.50715,54052.95987
2025-10-18 02:45:30.922,106581.8,0.01875,1998.40875
2025-10-18 02:45:30.923,106581.8,0.00938,999.7372839999999
2025-10-18 02:45:30.928,106581.8,0.10443,11130.337374
2025-10-18 02:45:30.930,106581.8,6e-05,6.394908
2025-10-18 02:45:30.934,106581.8,0.04567,4867.590806
2025-10-18 02:45:30.936,106582.01,0.03706,3949.9292906
2025-10-18 02:45:30.942,106581.93,0.02029,2162.5473596999996
2025-10-18 02:45:30.952,106581.8,0.25001,26646.515818000003
2025-10-18 02:45:30.953,106581.8,0.049,5222.5082
2025-10-18 02:45:30.964,106581.8,0.013,1385.5634
2025-10-18 02:45:30.966,106581.8,0.013,1385.5634
2025-10-18 02:45:30.978,106581.81,0.00464,494.5395984
2025-10-18 02:45:30.995,106581.8,0.00938,999.7372839999999
2025-10-18 02:45:31.015,106581.8,0.00938,999.7372839999999
2025-10-18 02:45:31.046,106581.8,0.00048,51.159264
2025-10-18 02:45:31.074,106581.8,0.23477,25022.209186
2025-10-18 02:45:31.104,106581.8,0.08599,9164.968982
2025-10-18 02:45:31.106,106581.8,7e-05,7.460725999999999
2025-10-18 02:45:31.124,106581.8,0.45729,48738.791322
2025-10-18 02:45:31.125,106581.8,0.0639,6810.57702
2025-10-18 02:45:31.136,106581.8,0.09156,9758.629608000001
2025-10-18 02:45:31.140,106581.8,0.00163,173.728334
2025-10-18 02:45:31.170,106581.8,0.08571,9135.126078
2025-10-18 02:45:31.177,106581.8,0.24582,26199.938076000002
2025-10-18 02:45:31.202,106581.8,0.07215,7689.876870000001
2025-10-18 02:45:31.266,106581.8,0.00489,521.185002
2025-10-18 02:45:31.341,106581.8,0.02,2131.636
2025-10-18 02:45:31.364,106581.81,0.00467,497.73705269999994
2025-10-18 02:45:31.413,106581.8,0.00094,100.186892
2025-10-18 02:45:31.588,106581.81,0.08544,9106.3498464
2025-10-18 02:45:31.680,106581.81,1.12013,119385.4828353
2025-10-18 02:45:31.682,106581.81,0.16321,17395.2172101
2025-10-18 02:45:31.683,106581.81,0.01807,1925.9333066999998
2025-10-18 02:45:31.690,106581.81,1.59593,170097.1080333
2025-10-18 02:45:31.692,106582.86,5e-05,5.329143
2025-10-18 02:45:31.695,106587.38,9e-05,9.592864200000001
2025-10-18 02:45:31.726,106587.51,0.0002,21.317502
2025-10-18 02:45:31.727,106588.57,5e-05,5.329428500000001
2025-10-18 02:45:31.733,106596.28,0.00295,314.459026
2025-10-18 02:45:31.734,106596.55,0.00055,58.628102500000004
2025-10-18 02:45:31.745,106596.74,0.01163,1239.7200862
2025-10-18 02:45:31.919,106596.74,0.09387,10006.2359838
2025-10-18 02:45:32.228,106596.74,0.45774,48793.5917676
2025-10-18 02:45:32.536,106596.74,0.005,532.9837
2025-10-18 02:45:32.537,106596.74,0.01,1065.9674
2025-10-18 02:45:32.608,106596.75,0.00012,12.79161
2025-10-18 02:45:32.694,106596.75,0.00811,864.4996424999999
2025-10-18 02:45:32.943,106596.74,0.09387,10006.2359838
2025-10-18 02:45:33.245,106596.74,0.0275,2931.41035
2025-10-18 02:45:33.820,106596.75,0.00012,12.79161
2025-10-18 02:45:33.900,106596.75,0.00012,12.79161
2025-10-18 02:45:33.963,106596.75,0.00093,99.1349775
2025-10-18 02:45:34.217,106596.74,0.09387,10006.2359838
2025-10-18 02:45:34.315,106596.75,0.00408,434.91474000000005
2025-10-18 02:45:34.522,106596.74,0.00012,12.7916088
2025-10-18 02:45:34.776,106596.75,0.00012,12.79161
2025-10-18 02:45:34.956,106596.75,0.005,532.98375
2025-10-18 02:45:34.959,106596.75,0.01,1065.9675
2025-10-18 02:45:34.961,106596.75,0.005,532.98375
2025-10-18 02:45:34.965,106596.75,0.01,1065.9675
2025-10-18 02:45:35.236,106596.74,0.00015,15.989511
2025-10-18 02:45:35.241,106596.75,0.00014,14.923544999999999
2025-10-18 02:45:35.270,106596.74,0.00038,40.50676120000001
2025-10-18 02:45:35.362,106596.74,0.00018,19.1874132
2025-10-18 02:45:35.479,106591.22,0.0002,21.318244
2025-10-18 02:45:35.624,106591.23,0.03093,3296.8667438999996
2025-10-18 02:45:35.936,106591.23,0.00467,497.7810441
2025-10-18 02:45:35.946,106591.23,0.00012,12.790947599999999
2025-10-18 02:45:36.202,106591.22,0.027,2877.96294
2025-10-18 02:45:36.213,106591.22,0.01094,1166.1079468
2025-10-18 02:45:36.243,106591.23,0.00394,419.9694462
2025-10-18 02:45:36.250,106591.23,0.00148,157.75502039999998
2025-10-18 02:45:36.294,106591.23,0.00012,12.790947599999999
2025-10-18 02:45:36.617,106591.22,0.09388,10006.783733600001
2025-10-18 02:45:37.182,106591.23,0.00467,497.7810441
2025-10-18 02:45:37.649,106591.22,0.02257,2405.7638354
2025-10-18 02:45:37.651,106591.22,0.01632,1739.5687104
2025-10-18 02:45:37.763,106591.23,0.00467,497.7810441
2025-10-18 02:45:37.911,106591.22,0.00034,36.2410148
2025-10-18 02:45:38.027,106591.22,0.04,4263.6488
2025-10-18 02:45:38.028,106586.03,0.00015,15.987904499999999
2025-10-18 02:45:38.031,106586.01,0.00085,90.5981085
2025-10-18 02:45:38.035,106585.56,0.00938,999.7725528
2025-10-18 02:45:38.042,106585.56,0.0008,85.268448
2025-10-18 02:45:38.061,106585.56,0.00163,173.7344628
2025-10-18 02:45:38.115,106581.83,0.00015,15.987274499999998
2025-10-18 02:45:38.237,106581.82,0.00012,12.789818400000001
2025-10-18 02:45:38.380,106581.83,0.00467,497.73714609999996
2025-10-18 02:45:38.643,106581.83,0.00467,497.73714609999996
2025-10-18 02:45:38.684,106581.82,0.09389,10006.9670798
2025-10-18 02:45:38.960,106581.83,0.00467,497.73714609999996
2025-10-18 02:45:39.216,106581.83,0.00085,90.5945555
2025-10-18 02:45:39.292,106581.81,0.07668,8172.6931908
2025-10-18 02:45:39.295,106577.25,6e-05,6.394635
2025-10-18 02:45:39.296,106571.44,5e-05,5.328572
2025-10-18 02:45:39.299,106569.94,0.005,532.8497
2025-10-18 02:45:39.304,106569.95,0.00082,87.38735899999999
2025-10-18 02:45:39.305,106569.95,0.00092,98.044354
2025-10-18 02:45:39.314,106569.94,0.00939,1000.6917366000001
2025-10-18 02:45:39.316,106569.95,0.03658,3898.328771
2025-10-18 02:45:39.335,106569.95,0.02579,2748.4390104999998
2025-10-18 02:45:39.340,106569.95,0.00093,99.1100535
2025-10-18 02:45:39.348,106569.94,0.00028,29.839583199999996
2025-10-18 02:45:39.350,106569.94,0.00064,68.20476160000001
2025-10-18 02:45:39.366,106569.94,0.00187,199.2857878
2025-10-18 02:45:39.377,106569.94,0.00751,800.3402494000001
2025-10-18 02:45:39.470,106569.95,0.00467,497.68166649999995
2025-10-18 02:45:39.664,106569.94,0.0939,10006.917366
2025-10-18 02:45:39.697,106569.94,0.00025,26.642485
2025-10-18 02:45:39.772,106569.95,0.00467,497.68166649999995
2025-10-18 02:45:39.853,106569.95,0.0001,10.656995
2025-10-18 02:45:40.110,106569.95,0.00467,497.68166649999995
2025-10-18 02:45:40.432,106569.95,0.00032,34.102384
2025-10-18 02:45:40.547,106569.95,0.00575,612.7772125
2025-10-18 02:45:40.617,106569.94,0.0939,10006.917366
2025-10-18 02:45:40.972,106569.95,0.00313,333.5639435
2025-10-18 02:45:40.991,106569.94,0.00039,41.5622766
2025-10-18 02:45:41.454,106569.95,8e-05,8.525596
2025-10-18 02:45:41.473,106569.95,0.00333,354.8779335
2025-10-18 02:45:41.577,106569.94,6e-05,6.3941964
2025-10-18 02:45:41.591,106569.95,0.00094,100.175753
2025-10-18 02:45:41.682,106569.94,0.0939,10006.917366
2025-10-18 02:45:41.749,106569.94,2.029,216230.40826
2025-10-18 02:45:41.789,106569.94,0.0001,10.656994000000001
2025-10-18 02:45:42.281,106569.94,0.00633,674.5877202
2025-10-18 02:45:42.282,106569.94,0.00539,574.4119766
2025-10-18 02:45:42.747,106569.94,0.00016,17.051190400000003
2025-10-18 02:45:42.816,106569.93,0.0939,10006.916426999998
2025-10-18 02:45:43.856,106569.93,0.0939,10006.916426999998
2025-10-18 02:45:43.975,106569.94,0.0046,490.221724
2025-10-18 02:45:44.585,106569.94,9e-05,9.591294600000001
2025-10-18 02:45:44.873,106569.93,0.0939,10006.916426999998
2025-10-18 02:45:45.022,106569.94,0.00188,200.3514872
2025-10-18 02:45:45.476,106569.94,0.00051,54.35066940000001
2025-10-18 02:45:46.016,106569.93,0.09389,10005.850727699999
2025-10-18 02:45:46.140,106569.93,0.00188,200.3514684
2025-10-18 02:45:46.284,106569.93,1.85136,197299.30560479997
2025-10-18 02:45:46.319,106569.93,0.0005,53.284965
2025-10-18 02:45:46.453,106569.94,0.00388,413.4913672
2025-10-18 02:45:46.776,106569.93,0.59409,63312.1297137
2025-10-18 02:45:47.041,106569.94,5e-05,5.3284970000000005
2025-10-18 02:45:47.115,106569.93,0.09389,10005.850727699999
2025-10-18 02:45:47.175,106569.94,0.00046,49.0221724
2025-10-18 02:45:47.264,106569.94,0.00093,99.1100442
2025-10-18 02:45:47.355,106569.93,0.00016,17.051188800000002
2025-10-18 02:45:47.673,106569.94,0.00046,49.0221724
2025-10-18 02:45:47.907,106569.93,0.33339,35529.3489627
2025-10-18 02:45:48.116,106569.93,0.09389,10005.850727699999
2025-10-18 02:45:48.587,106569.94,0.00082,87.3873508
2025-10-18 02:45:48.632,106569.94,0.00129,137.4752226
2025-10-18 02:45:49.039,106569.93,0.09389,10005.850727699999
2025-10-18 02:45:49.509,106569.93,0.03,3197.0978999999998
2025-10-18 02:45:49.964,106569.94,5e-05,5.3284970000000005
2025-10-18 02:45:50.079,106569.93,0.09389,10005.850727699999
2025-10-18 02:45:50.512,106569.93,0.00092,98.0443356
2025-10-18 02:45:51.017,106569.93,0.09389,10005.850727699999
2025-10-18 02:45:51.262,106569.93,0.00172,183.30027959999998
2025-10-18 02:45:51.561,106569.94,0.00143,152.39501420000002
2025-10-18 02:45:51.575,106569.93,8e-05,8.525594400000001
2025-10-18 02:45:51.679,106569.93,0.00083,88.45304189999999
2025-10-18 02:45:51.685,106569.94,0.001,106.56994
2025-10-18 02:45:52.043,106569.93,0.09389,10005.850727699999
2025-10-18 02:45:52.344,106569.93,0.12412,13227.459711599999
2025-10-18 02:45:52.973,106569.92,0.09389,10005.8497888
2025-10-18 02:45:54.105,106569.93,9e-05,9.5912937
2025-10-18 02:45:54.117,106569.92,0.09389,10005.8497888
2025-10-18 02:45:54.339,106569.93,0.00552,588.2660136
2025-10-18 02:45:54.643,106569.93,0.00414,441.1995101999999
2025-10-18 02:45:54.946,106569.92,0.013,1385.40896
2025-10-18 02:45:54.949,106569.92,0.013,1385.40896
2025-10-18 02:45:55.004,106569.93,0.00048,51.153566399999995
2025-10-18 02:45:55.162,106569.93,0.01065,1134.9697545
2025-10-18 02:45:55.250,106569.92,0.09389,10005.8497888
2025-10-18 02:45:55.371,106569.93,0.0001,10.656993
2025-10-18 02:45:56.230,106569.92,0.09389,10005.8497888
2025-10-18 02:45:56.308,106569.93,0.01694,1805.2946141999998
2025-10-18 02:45:56.336,106569.92,0.00014,14.9197888
2025-10-18 02:45:56.878,106569.93,0.00021,22.3796853
2025-10-18 02:45:57.375,106569.92,0.09389,10005.8497888
2025-10-18 02:45:57.591,106569.92,0.013,1385.40896
2025-10-18 02:45:57.593,106569.92,0.013,1385.40896
2025-10-18 02:45:57.869,106569.93,0.00129,137.4752097
2025-10-18 02:45:57.920,106569.92,0.00028,29.8395776
2025-10-18 02:45:58.517,106569.92,0.09389,10005.8497888
2025-10-18 02:45:59.237,106569.93,0.00017,18.1168881
2025-10-18 02:45:59.558,106569.92,0.09389,10005.8497888
2025-10-18 02:45:59.586,106569.92,0.00027,28.7738784
2025-10-18 02:45:59.670,106569.92,0.14864,15840.552908799998
2025-10-18 02:46:00.018,106569.92,0.013,1385.40896
2025-10-18 02:46:00.020,106569.92,0.013,1385.40896
2025-10-18 02:46:00.041,106569.92,0.00885,943.143792
2025-10-18 02:46:00.505,106569.92,0.013,1385.40896
2025-10-18 02:46:00.507,106569.92,0.013,1385.40896
2025-10-18 02:46:00.508,106569.92,0.013,1385.40896
2025-10-18 02:46:00.650,106569.93,0.00016,17.051188800000002
2025-10-18 02:46:00.817,106569.92,0.07424,7911.7508608
2025-10-18 02:46:01.340,106569.92,0.00018,19.1825856
2025-10-18 02:46:01.441,106569.93,0.00058,61.810559399999995
2025-10-18 02:46:01.817,106569.92,0.0939,10006.915487999999
2025-10-18 02:46:02.034,106569.92,0.013,1385.40896
2025-10-18 02:46:02.035,106569.93,0.0063,671.3905589999999
2025-10-18 02:46:02.036,106569.92,0.013,1385.40896
2025-10-18 02:46:02.037,106569.92,0.013,1385.40896
2025-10-18 02:46:02.381,106569.92,0.00157,167.3147744
2025-10-18 02:46:02.863,106569.92,0.09389,10005.8497888
2025-10-18 02:46:03.010,106569.93,0.00046,49.0221678
2025-10-18 02:46:03.192,106569.92,0.03997,4259.5997024
2025-10-18 02:46:03.248,106569.92,0.013,1385.40896
2025-10-18 02:46:03.250,106569.92,0.013,1385.40896
2025-10-18 02:46:03.847,106569.92,0.09389,10005.8497888
2025-10-18 02:46:04.264,106569.92,0.013,1385.40896
2025-10-18 02:46:04.266,106569.92,0.013,1385.40896
2025-10-18 02:46:05.117,106569.92,0.07546,8041.7661632
2025-10-18 02:46:05.128,106569.92,0.02692,2868.8622464
2025-10-18 02:46:05.390,106569.92,0.00018,19.1825856
2025-10-18 02:46:05.454,106567.0,0.00015,15.98505
2025-10-18 02:46:06.243,106564.73,0.013,1385.3414899999998
2025-10-18 02:46:06.245,106564.73,0.013,1385.3414899999998
2025-10-18 02:46:06.316,106564.73,0.0939,10006.428146999999
2025-10-18 02:46:06.543,106564.73,0.06788,7233.613872399999
2025-10-18 02:46:07.125,106564.74,0.00467,497.6573358
2025-10-18 02:46:07.253,106564.74,0.0001,10.656474000000001
2025-10-18 02:46:07.260,106564.73,0.00198,210.9981654
2025-10-18 02:46:07.417,106564.73,0.0939,10006.428146999999
2025-10-18 02:46:07.538,106564.74,0.00041,43.6915434
2025-10-18 02:46:08.198,106564.73,0.24083,25663.983925899996
2025-10-18 02:46:08.383,106564.73,0.0013,138.53414899999999
2025-10-18 02:46:08.514,106564.73,0.00011,11.7221203
2025-10-18 02:46:08.517,106564.73,0.0939,10006.428146999999
2025-10-18 02:46:08.738,106564.74,0.04691,4998.9519534
2025-10-18 02:46:09.112,106564.73,0.00065,69.26707449999999
2025-10-18 02:46:09.144,106564.73,0.00016,17.0503568
2025-10-18 02:46:09.476,106564.73,0.013,1385.3414899999998
2025-10-18 02:46:09.478,106564.73,0.013,1385.3414899999998
2025-10-18 02:46:09.624,106564.74,5e-05,5.328237000000001
2025-10-18 02:46:09.659,106564.73,0.0939,10006.428146999999
2025-10-18 02:46:09.950,106564.73,0.00067,71.3983691
2025-10-18 02:46:10.816,106564.73,0.0939,10006.428146999999
2025-10-18 02:46:11.191,106564.74,0.00012,12.7877688
2025-10-18 02:46:11.210,106564.73,0.00463,493.3946998999999
2025-10-18 02:46:11.211,106564.73,0.00529,563.7274217
2025-10-18 02:46:11.752,106564.73,0.00473,504.0511729
2025-10-18 02:46:11.839,106564.73,0.0939,10006.428146999999
2025-10-18 02:46:11.958,106564.73,0.00582,620.2067285999999
2025-10-18 02:46:12.288,106564.74,0.00123,131.0746302
2025-10-18 02:46:12.380,106564.73,0.00378,402.8146794
2025-10-18 02:46:12.916,106564.73,0.0939,10006.428146999999
2025-10-18 02:46:13.389,106564.74,0.00283,301.57821420000005
2025-10-18 02:46:13.483,106564.74,0.00123,131.0746302
2025-10-18 02:46:13.632,106564.74,0.0051,543.480174
2025-10-18 02:46:13.671,106564.74,0.00013,13.8534162
2025-10-18 02:46:14.017,106564.73,0.0939,10006.428146999999
2025-10-18 02:46:14.757,106564.73,0.00019,20.2472987
2025-10-18 02:46:14.933,106564.74,0.01877,2000.2201698
2025-10-18 02:46:15.107,106564.73,0.0939,10006.428146999999
2025-10-18 02:46:15.732,106564.74,0.00096,102.3021504
2025-10-18 02:46:15.832,106564.73,0.00028,29.838124399999995
2025-10-18 02:46:15.843,106564.74,0.00012,12.7877688
2025-10-18 02:46:15.913,106564.74,0.00048,51.1510752
2025-10-18 02:46:16.042,106564.74,0.00608,647.9136192000001
2025-10-18 02:46:16.251,106564.73,0.0939,10006.428146999999
2025-10-18 02:46:16.539,106564.74,0.0001,10.656474000000001
2025-10-18 02:46:16.576,106564.73,6e-05,6.3938838
2025-10-18 02:46:16.775,106564.74,0.0001,10.656474000000001
2025-10-18 02:46:16.781,106564.74,0.00036,38.363306400000006
2025-10-18 02:46:16.971,106564.74,0.00043,45.8228382
2025-10-18 02:46:16.987,106564.74,0.0001,10.656474000000001
2025-10-18 02:46:17.104,106564.74,0.00011,11.7221214
2025-10-18 02:46:17.124,106564.74,0.00113,120.4181562
2025-10-18 02:46:17.153,106564.73,5e-05,5.3282365
2025-10-18 02:46:17.264,106564.74,0.00018,19.181653200000003
2025-10-18 02:46:17.318,106564.73,0.0939,10006.428146999999
2025-10-18 02:46:17.381,106564.74,0.00033,35.166364200000004
2025-10-18 02:46:17.543,106564.74,0.0001,10.656474000000001
2025-10-18 02:46:17.609,106564.73,9e-05,9.5908257
2025-10-18 02:46:17.670,106564.74,0.00037,39.4289538
2025-10-18 02:46:17.770,106564.74,8e-05,8.525179200000002
2025-10-18 02:46:17.882,106564.74,0.00015,15.984710999999999
2025-10-18 02:46:18.148,106564.74,0.0001,10.656474000000001
2025-10-18 02:46:18.247,106564.74,0.0001,10.656474000000001
2025-10-18 02:46:18.444,106564.74,0.00012,12.7877688
2025-10-18 02:46:18.480,106564.73,0.0939,10006.428146999999
2025-10-18 02:46:18.647,106564.74,7e-05,7.4595318
2025-10-18 02:46:19.130,106564.74,0.00093,99.1052082
2025-10-18 02:46:19.262,106564.74,0.00011,11.7221214
2025-10-18 02:46:19.623,106564.73,0.0939,10006.428146999999
2025-10-18 02:46:19.820,106564.74,0.00172,183.2913528
2025-10-18 02:46:19.993,106564.74,0.00012,12.7877688
2025-10-18 02:46:20.816,106564.73,0.0939,10006.428146999999
2025-10-18 02:46:21.673,106564.74,9e-05,9.590826600000002
2025-10-18 02:46:21.801,106564.74,0.00012,12.7877688
2025-10-18 02:46:21.855,106564.73,0.0939,10006.428146999999
2025-10-18 02:46:21.996,106564.74,0.00251,267.4774974
2025-10-18 02:46:22.895,106564.73,0.0939,10006.428146999999
2025-10-18 02:46:23.319,106564.74,0.00012,12.7877688
2025-10-18 02:46:23.538,106564.74,0.0009,95.908266
2025-10-18 02:46:23.916,106564.73,0.0939,10006.428146999999
2025-10-18 02:46:24.221,106564.74,0.04863,5182.2433062
2025-10-18 02:46:25.022,106564.74,0.00012,12.7877688
2025-10-18 02:46:25.074,106564.73,0.0939,10006.428146999999
2025-10-18 02:46:25.208,106564.74,0.01873,1995.9575802000002
2025-10-18 02:46:25.625,106564.73,0.00015,15.984709499999997
2025-10-18 02:46:26.216,106564.73,0.0939,10006.428146999999
2025-10-18 02:46:26.458,106564.73,0.13447,14329.7592431
2025-10-18 02:46:26.879,106564.74,0.00012,12.7877688
2025-10-18 02:46:26.932,106564.73,0.02,2131.2946
2025-10-18 02:46:27.203,106564.74,0.00035,37.297659
2025-10-18 02:46:27.207,106564.73,0.0939,10006.428146999999
2025-10-18 02:46:27.211,106564.74,0.0001,10.656474000000001
2025-10-18 02:46:27.510,106564.74,0.00469,499.7886306
2025-10-18 02:46:27.999,106564.73,0.00532,566.9243636
2025-10-18 02:46:28.075,106564.73,0.00024,25.5755352
2025-10-18 02:46:28.403,106564.73,0.0939,10006.428146999999
2025-10-18 02:46:28.648,106564.74,0.00012,12.7877688
2025-10-18 02:46:29.412,106564.74,0.00306,326.0881044
2025-10-18 02:46:29.417,106564.73,0.0939,10006.428146999999
2025-10-18 02:46:29.487,106564.74,0.00818,871.6995732
2025-10-18 02:46:29.541,106564.74,0.006,639.3884400000001
2025-10-18 02:46:30.516,106564.73,0.0939,10006.428146999999
2025-10-18 02:46:30.525,106564.74,0.04863,5182.2433062
2025-10-18 02:46:30.948,106564.73,0.00079,84.18613669999999
2025-10-18 02:46:30.998,106564.74,0.00086,91.6456764
2025-10-18 02:46:31.608,106564.73,0.0597,6361.9143810000005
2025-10-18 02:46:31.924,106564.73,8e-05,8.5251784
2025-10-18 02:46:32.412,106564.74,0.0003,31.969421999999998
2025-10-18 02:46:32.637,106564.73,0.0939,10006.428146999999
2025-10-18 02:46:33.716,106564.73,0.0939,10006.428146999999
2025-10-18 02:46:34.755,106564.74,0.00012,12.7877688
2025-10-18 02:46:34.815,106564.73,0.0939,10006.428146999999
2025-10-18 02:46:35.082,106564.74,0.00355,378.30482700000005
2025-10-18 02:46:35.731,106564.74,0.00029,30.903774600000002
2025-10-18 02:46:35.917,106564.73,0.0939,10006.428146999999
2025-10-18 02:46:36.227,106564.74,0.00092,98.0395608
2025-10-18 02:46:36.377,106564.74,0.04863,5182.2433062
2025-10-18 02:46:36.826,106564.74,0.00374,398.5521276
2025-10-18 02:46:36.960,106564.73,0.00938,999.5771673999999
2025-10-18 02:46:37.047,106564.73,0.0939,10006.428146999999
2025-10-18 02:46:37.751,106564.74,0.00046,49.0197804
2025-10-18 02:46:38.216,106564.73,0.0939,10006.428146999999
2025-10-18 02:46:38.908,106564.73,0.001,106.56473
2025-10-18 02:46:39.325,106564.73,0.07434,7922.0220282
2025-10-18 02:46:39.523,106564.74,0.00031,33.035069400000005
2025-10-18 02:46:40.148,106564.73,0.00093,99.1051989
2025-10-18 02:46:40.467,106564.73,0.0939,10006.428146999999
2025-10-18 02:46:40.806,106564.74,0.00178,189.6852372
2025-10-18 02:46:41.063,106564.74,0.03474,3702.0590676
2025-10-18 02:46:41.147,106564.74,0.00025,26.641185
2025-10-18 02:46:41.313,106564.73,0.00722,769.3973506
2025-10-18 02:46:41.507,106564.73,0.0939,10006.428146999999
2025-10-18 02:46:41.671,106564.73,0.00017,18.1160041
2025-10-18 02:46:41.706,106564.73,8e-05,8.5251784
2025-10-18 02:46:41.948,106564.73,0.09074,9669.6836002
2025-10-18 02:46:41.990,106564.74,0.0057,607.419018
2025-10-18 02:46:42.616,106564.73,0.0939,10006.428146999999
2025-10-18 02:46:42.786,106564.74,0.04863,5182.2433062
2025-10-18 02:46:43.278,106564.73,0.014,1491.90622
2025-10-18 02:46:43.647,106564.74,9e-05,9.590826600000002
2025-10-18 02:46:43.716,106564.73,0.0939,10006.428146999999
2025-10-18 02:46:43.915,106564.73,9e-05,9.5908257
2025-10-18 02:46:43.981,106564.73,0.075,7992.3547499999995
2025-10-18 02:46:44.719,106564.73,0.0939,10006.428146999999
2025-10-18 02:46:44.778,106564.74,9e-05,9.590826600000002
2025-10-18 02:46:44.794,106564.73,0.014,1491.90622
2025-10-18 02:46:44.983,106564.73,8e-05,8.5251784
2025-10-18 02:46:45.120,106564.73,0.0001,10.656473
2025-10-18 02:46:45.390,106564.73,8e-05,8.5251784
2025-10-18 02:46:45.589,106564.73,0.00196,208.8668708
2025-10-18 02:46:45.593,106564.73,8e-05,8.5251784
2025-10-18 02:46:45.653,106564.73,8e-05,8.5251784
2025-10-18 02:46:45.701,106564.73,0.0939,10006.428146999999
2025-10-18 02:46:45.759,106564.74,0.00046,49.0197804
2025-10-18 02:46:45.925,106564.74,0.00206,219.52336440000002
2025-10-18 02:46:46.202,106564.73,8e-05,8.5251784
2025-10-18 02:46:46.308,106564.73,0.014,1491.90622
2025-10-18 02:46:46.743,106564.73,0.0939,10006.428146999999
2025-10-18 02:46:47.556,106564.73,9e-05,9.5908257
2025-10-18 02:46:47.682,106564.73,0.0939,10006.428146999999
2025-10-18 02:46:47.828,106564.73,9e-05,9.5908257
2025-10-18 02:46:48.281,106564.73,5e-05,5.3282365
2025-10-18 02:46:48.543,106564.73,0.00129,137.4685017
2025-10-18 02:46:48.863,106564.73,0.0939,10006.428146999999
2025-10-18 02:46:49.796,106564.74,0.04863,5182.2433062
2025-10-18 02:46:49.916,106564.73,0.08012,8537.9661676
2025-10-18 02:46:49.947,106564.73,9e-05,9.5908257
2025-10-18 02:46:50.589,106564.73,0.00437,465.68787009999994
2025-10-18 02:46:50.704,106564.74,0.00286,304.7751564
2025-10-18 02:46:51.200,106564.73,0.04278,4558.8391494
2025-10-18 02:46:51.445,106564.73,0.001,106.56473
2025-10-18 02:46:51.507,106564.73,0.2092,22293.341516
2025-10-18 02:46:51.508,106563.23,0.03083,3285.3443809
2025-10-18 02:46:51.525,106562.38,0.0001,10.656238
2025-10-18 02:46:51.528,106560.83,0.00015,15.984124499999998
2025-10-18 02:46:51.538,106560.02,0.0001,10.656002
2025-10-18 02:46:51.539,106560.0,0.013,1385.28
2025-10-18 02:46:51.541,106558.34,0.00196,208.8543464
2025-10-18 02:46:51.543,106558.35,0.00747,795.9908745
2025-10-18 02:46:51.582,106558.34,0.00617,657.4649578
2025-10-18 02:46:51.585,106558.33,0.0006,63.93499799999999
2025-10-18 02:46:51.588,106557.57,0.0023,245.082411
2025-10-18 02:46:51.589,106557.57,0.00031,33.0328467
2025-10-18 02:46:51.590,106556.61,0.00015,15.9834915
2025-10-18 02:46:52.217,106556.3,6e-05,6.393378
2025-10-18 02:46:52.282,106556.29,0.0939,10005.635631
2025-10-18 02:46:52.382,106556.3,6e-05,6.393378
2025-10-18 02:46:52.432,106556.3,0.0001,10.65563
2025-10-18 02:46:52.479,106556.3,8e-05,8.524504
2025-10-18 02:46:52.531,106556.29,7e-05,7.458940299999999
2025-10-18 02:46:52.589,106556.3,0.0001,10.65563
2025-10-18 02:46:52.594,106556.29,6e-05,6.393377399999999
2025-10-18 02:46:52.614,106556.3,7e-05,7.458940999999999
2025-10-18 02:46:52.617,106556.3,8e-05,8.524504
2025-10-18 02:46:52.790,106556.3,0.00012,12.786756
2025-10-18 02:46:53.316,106556.29,0.0939,10005.635631
2025-10-18 02:46:53.506,106556.3,0.0001,10.65563
2025-10-18 02:46:53.945,106556.3,0.00013,13.852319
2025-10-18 02:46:54.383,106556.3,0.00037,39.425831
2025-10-18 02:46:54.485,106556.3,0.0002,21.31126
2025-10-18 02:46:54.512,106556.29,0.0939,10005.635631
2025-10-18 02:46:54.711,106556.3,0.0001,10.65563
2025-10-18 02:46:55.309,106556.3,0.04863,5181.832869
2025-10-18 02:46:55.493,106556.29,0.0002,21.311258
2025-10-18 02:46:55.530,106556.3,0.03601,3837.092363
2025-10-18 02:46:55.534,106556.3,5e-05,5.327815
2025-10-18 02:46:55.616,106556.29,0.0939,10005.635631
2025-10-18 02:46:55.772,106556.3,0.0001,10.65563
2025-10-18 02:46:55.811,106556.29,0.00011,11.721191899999999
2025-10-18 02:46:55.920,106556.29,8e-05,8.5245032
2025-10-18 02:46:56.578,106556.29,0.0001,10.655629
2025-10-18 02:46:56.703,106555.17,0.00099,105.4896183
2025-10-18 02:46:56.704,106552.18,0.0005,53.276089999999996
2025-10-18 02:46:56.706,106551.34,0.00055,58.603237
2025-10-18 02:46:56.707,106551.34,0.0011,117.206474
2025-10-18 02:46:56.708,106549.15,0.00011,11.7204065
2025-10-18 02:46:56.709,106549.15,0.0014,149.16880999999998
2025-10-18 02:46:56.726,106549.15,0.013,1385.1389499999998
2025-10-18 02:46:56.731,106549.15,0.00961,1023.9373315
2025-10-18 02:46:56.732,106548.99,0.0106,1129.419294
2025-10-18 02:46:56.743,106549.0,0.0001,10.654900000000001
2025-10-18 02:46:56.791,106548.99,7e-05,7.4584293
2025-10-18 02:46:56.794,106549.0,0.00046,49.01254
2025-10-18 02:46:56.803,106548.99,0.00109,116.13839910000002
2025-10-18 02:46:56.805,106548.79,0.0002,21.309758
2025-10-18 02:46:56.816,106546.63,0.00093,99.08836590000001
2025-10-18 02:46:56.820,106545.63,0.09396,10011.027394800001
2025-10-18 02:46:56.829,106544.75,6e-05,6.392685
2025-10-18 02:46:56.846,106544.11,0.00124,132.1146964
2025-10-18 02:46:56.853,106543.19,0.0883,9407.763677
2025-10-18 02:46:56.867,106543.2,0.00093,99.085176
2025-10-18 02:46:56.901,106543.19,0.09411,10026.779610900001
2025-10-18 02:46:56.909,106543.19,0.09387,10001.2092453
2025-10-18 02:46:57.032,106543.2,0.0011,117.19752
2025-10-18 02:46:57.734,106543.2,0.0001,10.65432
2025-10-18 02:46:57.816,106543.19,0.09392,10006.536404800001
2025-10-18 02:46:57.897,106543.19,0.02992,3187.7722448
2025-10-18 02:46:58.039,106543.19,0.00689,734.0825791000001
2025-10-18 02:46:58.280,106543.2,0.00034,36.224688
2025-10-18 02:46:58.478,106543.19,8e-05,8.5234552
2025-10-18 02:46:58.749,106543.2,0.0001,10.65432
2025-10-18 02:46:58.816,106543.19,0.09392,10006.536404800001
2025-10-18 02:46:59.031,106543.19,0.013,1385.0614699999999
2025-10-18 02:46:59.033,106543.19,0.013,1385.0614699999999
2025-10-18 02:46:59.034,106543.19,0.013,1385.0614699999999
2025-10-18 02:46:59.085,106543.19,9e-05,9.5888871
2025-10-18 02:46:59.500,106543.19,8e-05,8.5234552
2025-10-18 02:46:59.525,106543.2,8e-05,8.523456000000001
2025-10-18 02:46:59.682,106543.19,8e-05,8.5234552
2025-10-18 02:46:59.839,106543.19,0.07057,7518.7529183
2025-10-18 02:46:59.864,106539.99,0.00272,289.78877280000006
2025-10-18 02:46:59.868,106535.8,0.0001,10.653580000000002
2025-10-18 02:47:00.120,106535.81,0.00469,499.65294889999996
2025-10-18 02:47:00.200,106535.81,0.10051,10707.9142631
2025-10-18 02:47:00.202,106535.81,0.05866,6249.3906146
2025-10-18 02:47:00.206,106535.81,0.37073,39496.0208413
2025-10-18 02:47:00.228,106535.81,0.0001,10.653581
2025-10-18 02:47:00.238,106535.91,0.0002,21.307182
2025-10-18 02:47:00.240,106537.18,5e-05,5.326859
2025-10-18 02:47:00.253,106540.0,0.00105,111.86699999999999
2025-10-18 02:47:00.267,106543.21,0.0017,181.123457
2025-10-18 02:47:00.294,106547.46,0.00177,188.58900420000003
2025-10-18 02:47:00.415,106547.46,0.00563,599.8621998
2025-10-18 02:47:00.695,106561.31,0.00095,101.2332445
2025-10-18 02:47:00.819,106561.31,0.0939,10006.107009
2025-10-18 02:47:00.834,106561.32,0.00016,17.049811200000004
2025-10-18 02:47:00.907,106561.31,0.00018,19.1810358
2025-10-18 02:47:00.915,106561.31,0.014,1491.85834
2025-10-18 02:47:01.142,106561.31,9e-05,9.5905179
2025-10-18 02:47:01.512,106561.32,0.00011,11.7217452
2025-10-18 02:47:01.746,106561.32,0.04863,5182.0769916
2025-10-18 02:47:01.907,106561.31,0.0939,10006.107009
2025-10-18 02:47:02.517,106561.31,0.014,1491.85834
2025-10-18 02:47:02.738,106561.32,0.00072,76.72415040000001
2025-10-18 02:47:02.793,106561.31,0.2,21312.262000000002
2025-10-18 02:47:02.995,106561.31,0.0939,10006.107009
2025-10-18 02:47:02.996,106561.31,0.00082,87.3802742
2025-10-18 02:47:03.318,106561.32,0.00023,24.509103600000003
2025-10-18 02:47:03.841,106561.31,0.00253,269.60011430000003
2025-10-18 02:47:03.937,106561.32,0.00012,12.7873584
2025-10-18 02:47:03.986,106561.31,0.001,106.56131
2025-10-18 02:47:03.988,106561.31,0.014,1491.85834
2025-10-18 02:47:04.088,106561.31,0.0939,10006.107009
2025-10-18 02:47:04.819,106561.32,5e-05,5.328066000000001
2025-10-18 02:47:05.073,106561.31,0.0939,10006.107009
2025-10-18 02:47:05.262,106561.32,0.00094,100.1676408
2025-10-18 02:47:05.494,106561.31,0.014,1491.85834
2025-10-18 02:47:05.513,106561.31,9e-05,9.5905179
2025-10-18 02:47:05.642,106561.32,0.00082,87.3802824
2025-10-18 02:47:05.643,106561.32,0.00074,78.8553768
2025-10-18 02:47:05.644,106561.32,0.00092,98.03641440000001
2025-10-18 02:47:05.645,106561.32,0.00187,199.2696684
2025-10-18 02:47:05.646,106561.32,0.00191,203.5321212
2025-10-18 02:47:05.647,106561.32,0.00187,199.2696684
2025-10-18 02:47:05.648,106561.32,0.00213,226.9756116
2025-10-18 02:47:05.650,106561.32,0.0157,1673.012724
2025-10-18 02:47:05.713,106561.31,0.3,31968.392999999996
2025-10-18 02:47:06.041,106561.32,0.00127,135.3328764
2025-10-18 02:47:06.054,106561.31,0.0939,10006.107009
2025-10-18 02:47:06.081,106561.32,0.00075,79.92099
2025-10-18 02:47:06.269,106561.31,0.00094,100.16763139999999
2025-10-18 02:47:07.043,106561.31,0.014,1491.85834
2025-10-18 02:47:07.117,106561.31,0.0939,10006.107009
2025-10-18 02:47:07.170,106561.32,0.00063,67.1336316
2025-10-18 02:47:08.051,106561.32,0.04863,5182.0769916
2025-10-18 02:47:08.086,106561.31,0.1,10656.131000000001
2025-10-18 02:47:08.238,106561.31,0.0419,4464.918889
2025-10-18 02:47:08.688,106561.31,0.014,1491.85834
2025-10-18 02:47:09.578,106562.04,0.0001,10.656204
2025-10-18 02:47:09.581,106565.34,5e-05,5.328267
2025-10-18 02:47:09.586,106569.89,0.00015,15.985483499999999
2025-10-18 02:47:09.613,106569.9,0.0043,458.25057
2025-10-18 02:47:09.620,106569.93,0.00291,310.11849629999995
2025-10-18 02:47:09.626,106571.55,0.0002,21.314310000000003
2025-10-18 02:47:09.691,106571.97,0.00318,338.8988646
2025-10-18 02:47:09.782,106577.15,0.00398,424.177057
2025-10-18 02:47:09.880,106577.16,0.00151,160.93151160000002
2025-10-18 02:47:09.915,106577.25,0.0007,74.604075
2025-10-18 02:47:10.018,106582.84,0.00104,110.84615359999998
2025-10-18 02:47:10.258,106582.83,0.014,1492.1596200000001
2025-10-18 02:47:10.616,106582.83,0.06202,6610.2671166
2025-10-18 02:47:11.816,106582.83,0.014,1492.1596200000001
2025-10-18 02:47:13.163,106582.83,0.00024,25.5798792
2025-10-18 02:47:14.012,106582.83,0.00118,125.76773940000001
2025-10-18 02:47:14.090,106582.83,8e-05,8.526626400000001
2025-10-18 02:47:14.216,106582.83,0.1513,16125.982178999999
2025-10-18 02:47:14.705,106582.84,0.00075,79.93713
2025-10-18 02:47:15.843,106582.83,0.00502,535.0458066
2025-10-18 02:47:16.051,106582.83,9e-05,9.592454700000001
2025-10-18 02:47:16.296,106582.84,0.09507,10132.8305988
2025-10-18 02:47:16.377,106582.83,9e-05,9.592454700000001
2025-10-18 02:47:16.410,106582.83,0.001,106.58283
2025-10-18 02:47:16.626,106582.83,9e-05,9.592454700000001
2025-10-18 02:47:16.815,106588.79,5e-05,5.3294395
2025-10-18 02:47:16.819,106592.07,6e-05,6.3955242000000005
2025-10-18 02:47:17.044,106592.06,0.09388,10006.8625928
2025-10-18 02:47:18.116,106592.06,0.09388,10006.8625928
2025-10-18 02:47:18.225,106592.06,9e-05,9.593285400000001
2025-10-18 02:47:18.365,106592.06,7e-05,7.461444199999999
2025-10-18 02:47:18.505,106592.06,0.00017,18.1206502
2025-10-18 02:47:18.519,106592.06,9e-05,9.593285400000001
2025-10-18 02:47:18.836,106592.06,9e-05,9.593285400000001
2025-10-18 02:47:19.035,106592.07,0.00037,39.4390659
2025-10-18 02:47:19.132,106592.06,0.00027,28.7798562
2025-10-18 02:47:19.147,106592.07,0.00017,18.120651900000002
2025-10-18 02:47:19.169,106592.06,8e-05,8.5273648
2025-10-18 02:47:19.170,106592.06,0.09388,10006.8625928
2025-10-18 02:47:19.245,106592.06,9e-05,9.593285400000001
2025-10-18 02:47:19.729,106592.06,0.10772,11482.096703199999
2025-10-18 02:47:20.145,106592.06,8e-05,8.5273648
2025-10-18 02:47:20.216,106592.06,0.00672,716.2986432
2025-10-18 02:47:20.218,106592.06,0.00075,79.944045
2025-10-18 02:47:20.317,106591.9,9e-05,9.593271
2025-10-18 02:47:20.472,106591.91,0.00051,54.36187410000001
2025-10-18 02:47:20.515,106591.9,0.00131,139.63538899999998
2025-10-18 02:47:20.615,106591.8,0.0021,223.84278
2025-10-18 02:47:20.730,106591.79,0.00235,250.4907065
2025-10-18 02:47:20.757,106591.78,0.00205,218.51314900000003
2025-10-18 02:47:20.915,106591.7,0.00225,239.83132499999996
2025-10-18 02:47:21.015,106591.69,0.00215,229.1721335
2025-10-18 02:47:21.139,106591.68,0.00167,178.0081056
2025-10-18 02:47:21.140,106591.68,0.00043,45.834422399999994
2025-10-18 02:47:21.219,106591.67,0.00328,349.62067759999996
2025-10-18 02:47:21.315,106590.74,0.00201,214.2473874
2025-10-18 02:47:21.435,106590.73,0.00215,229.17006949999998
2025-10-18 02:47:21.516,106590.72,0.0021,223.840512
2025-10-18 02:47:21.624,106590.71,0.00215,229.1700265
2025-10-18 02:47:21.715,106590.7,0.0022,234.49954
2025-10-18 02:47:21.760,106590.7,0.0001,10.65907
2025-10-18 02:47:21.969,106590.7,4e-05,4.263628000000001
2025-10-18 02:47:22.065,106590.7,0.09381,9999.273567
2025-10-18 02:47:22.209,106590.69,0.0076,810.089244
2025-10-18 02:47:22.275,106590.69,0.05116,5453.1797004
2025-10-18 02:47:22.276,106585.66,0.0001,10.658566
2025-10-18 02:47:22.278,106585.67,0.01841,1962.2421846999998
2025-10-18 02:47:22.315,106585.67,8e-05,8.5268536
2025-10-18 02:47:22.498,106585.18,0.0001,10.658517999999999
2025-10-18 02:47:22.499,106582.52,0.0002,21.316504000000002
2025-10-18 02:47:22.513,106578.75,0.00165,175.8549375
2025-10-18 02:47:22.515,106578.75,0.002,213.1575
2025-10-18 02:47:22.517,106578.75,0.013,1385.5237499999998
2025-10-18 02:47:22.528,106578.74,0.0007,74.605118
2025-10-18 02:47:22.530,106578.57,0.00296,315.4725672
2025-10-18 02:47:22.531,106578.54,0.0009,95.92068599999999
2025-10-18 02:47:22.635,106577.45,0.00017,18.1181665
2025-10-18 02:47:23.077,106577.46,4e-05,4.2630984000000005
2025-10-18 02:47:23.410,106577.45,0.02612,2783.802994
2025-10-18 02:47:23.710,106577.46,0.00104,110.84055839999999
2025-10-18 02:47:23.817,106577.45,0.00982,1046.590559
2025-10-18 02:47:24.495,106577.45,0.09388,10005.491006
2025-10-18 02:47:24.779,106577.46,0.0014,149.20844400000001
2025-10-18 02:47:24.938,106577.45,0.00931,992.2360595
2025-10-18 02:47:25.430,106577.45,0.08831,9411.8546095
2025-10-18 02:47:25.584,106574.83,0.0001,10.657483000000001
2025-10-18 02:47:26.266,106572.24,0.075,7992.918
2025-10-18 02:47:26.470,106572.24,0.09388,10005.001891200001
2025-10-18 02:47:26.507,106572.24,0.00355,378.331452
2025-10-18 02:47:26.617,106572.25,0.00012,12.78867
2025-10-18 02:47:27.284,106572.24,0.00451,480.64080240000004
2025-10-18 02:47:27.381,106572.25,0.00012,12.78867
2025-10-18 02:47:27.556,106572.24,0.09388,10005.001891200001
2025-10-18 02:47:27.588,106572.24,0.1,10657.224000000002
2025-10-18 02:47:28.547,106572.24,0.09388,10005.001891200001
2025-10-18 02:47:28.667,106572.24,0.00432,460.39207680000004
2025-10-18 02:47:28.729,106572.25,0.00012,12.78867
2025-10-18 02:47:28.859,106572.24,0.001,106.57224000000001
2025-10-18 02:47:29.277,106572.25,0.00973,1036.9479925
2025-10-18 02:47:29.488,106572.24,9e-05,9.5915016
2025-10-18 02:47:29.791,106572.25,0.00012,12.78867
2025-10-18 02:47:29.817,106572.24,0.09388,10005.001891200001
2025-10-18 02:47:30.023,106572.24,8e-05,8.5257792
2025-10-18 02:47:30.118,106572.25,0.00021,22.3801725
2025-10-18 02:47:30.256,106572.25,0.00044,46.89179
2025-10-18 02:47:30.359,106572.25,0.00105,111.90086249999999
2025-10-18 02:47:30.493,106572.25,0.00047,50.0889575
2025-10-18 02:47:30.680,106572.25,0.02824,3009.60034
2025-10-18 02:47:30.682,106576.18,0.0001,10.657618
2025-10-18 02:47:30.683,106575.2,0.00035,37.30132
2025-10-18 02:47:30.715,106582.81,5e-05,5.3291405
2025-10-18 02:47:30.718,106587.17,0.01651,1759.7541767
2025-10-18 02:47:30.728,106587.16,0.06202,6610.5356632
2025-10-18 02:47:30.748,106587.17,0.027,2877.8535899999997
2025-10-18 02:47:30.766,106587.16,0.09388,10006.4025808
2025-10-18 02:47:31.644,106587.17,0.1,10658.717
2025-10-18 02:47:31.716,106587.16,0.09388,10006.4025808
2025-10-18 02:47:31.833,106587.17,0.00013,13.856332099999998
2025-10-18 02:47:31.900,106587.17,0.00023,24.5150491
2025-10-18 02:47:31.942,106587.16,9e-05,9.5928444
2025-10-18 02:47:32.097,106587.17,0.01016,1082.9256472
2025-10-18 02:47:32.655,106587.16,0.00016,17.053945600000002
2025-10-18 02:47:32.787,106587.16,0.09388,10006.4025808
2025-10-18 02:47:33.982,106587.16,0.09388,10006.4025808
2025-10-18 02:47:34.407,106587.16,9e-05,9.5928444
2025-10-18 02:47:34.564,106587.17,0.00018,19.1856906
2025-10-18 02:47:34.608,106587.16,7e-05,7.4611012
2025-10-18 02:47:34.847,106587.16,9e-05,9.5928444
2025-10-18 02:47:34.967,106587.16,0.09388,10006.4025808
2025-10-18 02:47:35.075,106587.17,0.00051,54.3594567
2025-10-18 02:47:35.374,106587.16,9e-05,9.5928444
2025-10-18 02:47:35.899,106587.16,0.09388,10006.4025808
2025-10-18 02:47:36.584,106587.16,7e-05,7.4611012
2025-10-18 02:47:36.912,106587.16,0.09388,10006.4025808
2025-10-18 02:47:37.403,106587.17,0.05629,5999.7917993
2025-10-18 02:47:37.485,106587.17,0.00332,353.8694044
2025-10-18 02:47:37.517,106587.16,0.00332,353.8693712
2025-10-18 02:47:37.949,106587.16,0.0002,21.317432
2025-10-18 02:47:38.029,106587.16,0.09388,10006.4025808
2025-10-18 02:47:39.174,106587.16,0.09388,10006.4025808
2025-10-18 02:47:39.907,106587.17,0.00046,49.0300982
2025-10-18 02:47:40.155,106587.16,0.09387,10005.336709199999
2025-10-18 02:47:40.428,106590.61,0.0001,10.659061000000001
2025-10-18 02:47:40.604,106591.3,0.00403,429.562939
2025-10-18 02:47:41.116,106591.3,0.09387,10005.725331
2025-10-18 02:47:42.217,106591.3,0.09387,10005.725331
2025-10-18 02:47:42.259,106591.31,0.00049,52.2297419
2025-10-18 02:47:42.693,106591.3,8e-05,8.527304
2025-10-18 02:47:42.745,106591.31,0.00018,19.1864358
2025-10-18 02:47:42.769,106591.3,0.00026,27.713738
2025-10-18 02:47:42.906,106591.3,0.02847,3034.654311
2025-10-18 02:47:43.225,106591.3,0.09387,10005.725331
2025-10-18 02:47:43.336,106591.31,9e-05,9.5932179
2025-10-18 02:47:43.424,106591.3,0.00012,12.790956000000001
2025-10-18 02:47:44.253,106591.3,0.09387,10005.725331
2025-10-18 02:47:44.942,106591.3,6e-05,6.395478000000001
2025-10-18 02:47:45.161,106591.3,9e-05,9.593217000000001
2025-10-18 02:47:45.182,106591.3,0.09387,10005.725331
2025-10-18 02:47:45.244,106591.3,9e-05,9.593217000000001
2025-10-18 02:47:45.991,106591.31,0.00019,20.2523489
2025-10-18 02:47:46.166,106591.3,0.09387,10005.725331
2025-10-18 02:47:46.570,106591.31,0.01085,1156.5157135
2025-10-18 02:47:47.259,106591.3,0.09387,10005.725331
2025-10-18 02:47:47.440,106591.3,9e-05,9.593217000000001
2025-10-18 02:47:48.217,106591.3,0.09387,10005.725331
2025-10-18 02:47:48.412,106591.3,0.0001,10.659130000000001
2025-10-18 02:47:48.414,106591.3,9e-05,9.593217000000001
2025-10-18 02:47:48.555,106591.3,0.00026,27.713738
2025-10-18 02:47:48.587,106591.31,0.03098,3302.1987838
2025-10-18 02:47:48.594,106591.3,9e-05,9.593217000000001
2025-10-18 02:47:48.670,106591.31,0.00047,50.097915699999994
2025-10-18 02:47:48.982,106591.3,0.00028,29.845564
2025-10-18 02:47:49.116,106591.3,9e-05,9.593217000000001
2025-10-18 02:47:49.244,106591.3,9e-05,9.593217000000001
2025-10-18 02:47:49.262,106591.31,0.00115,122.5800065
2025-10-18 02:47:49.362,106591.3,0.09387,10005.725331
2025-10-18 02:47:49.480,106591.3,9e-05,9.593217000000001
2025-10-18 02:47:50.000,106591.3,0.15,15988.695
2025-10-18 02:47:50.015,106591.3,9e-05,9.593217000000001
2025-10-18 02:47:50.381,106591.3,0.00026,27.713738
2025-10-18 02:47:50.419,106591.3,0.09387,10005.725331
2025-10-18 02:47:50.607,106591.3,9e-05,9.593217000000001
2025-10-18 02:47:50.935,106591.3,0.00064,68.218432
2025-10-18 02:47:50.936,106591.3,0.00064,68.218432
2025-10-18 02:47:51.041,106591.3,8e-05,8.527304
2025-10-18 02:47:51.267,106591.3,9e-05,9.593217000000001
2025-10-18 02:47:51.404,106591.3,0.09387,10005.725331
2025-10-18 02:47:51.529,106591.3,9e-05,9.593217000000001
2025-10-18 02:47:52.334,106591.3,0.09387,10005.725331
2025-10-18 02:47:52.444,106591.3,0.00017,18.120521
2025-10-18 02:47:52.583,106591.3,5e-05,5.3295650000000006
2025-10-18 02:47:52.629,106591.3,8e-05,8.527304
2025-10-18 02:47:52.941,106591.31,0.0003,31.977392999999996
2025-10-18 02:47:53.086,106591.3,0.00026,27.713738
2025-10-18 02:47:53.237,106591.31,0.00072,76.7457432
2025-10-18 02:47:53.273,106591.3,0.09387,10005.725331
2025-10-18 02:47:53.321,106591.3,0.0052,554.27476
2025-10-18 02:47:53.511,106591.31,0.00308,328.3012348
2025-10-18 02:47:53.575,106591.31,8e-05,8.527304800000001
2025-10-18 02:47:54.209,106591.31,0.00026,27.713740599999998
2025-10-18 02:47:54.282,106591.31,0.0001,10.659131
2025-10-18 02:47:54.330,106591.3,0.0001,10.659130000000001
2025-10-18 02:47:54.363,106591.3,0.09387,10005.725331
2025-10-18 02:47:54.428,106591.31,0.00038,40.5046978
2025-10-18 02:47:54.806,106591.31,0.00289,308.0488859
2025-10-18 02:47:55.149,106591.31,0.00043,45.834263299999996
2025-10-18 02:47:55.258,106591.3,0.00029,30.911477
2025-10-18 02:47:55.399,106591.3,0.09387,10005.725331
2025-10-18 02:47:55.482,106591.31,0.00031,33.0433061
2025-10-18 02:47:55.652,106591.31,0.00774,825.0167394
2025-10-18 02:47:56.485,106591.31,0.00072,76.7457432
2025-10-18 02:47:56.517,106591.3,0.09387,10005.725331
2025-10-18 02:47:56.519,106591.31,0.00061,65.0206991
2025-10-18 02:47:56.806,106591.31,0.01871,1994.3234101
2025-10-18 02:47:56.917,106591.31,0.00057,60.7570467
2025-10-18 02:47:57.439,106591.31,0.44903,47862.695929299996
2025-10-18 02:47:57.442,106591.31,0.00029,30.9114799
2025-10-18 02:47:57.477,106591.3,0.09387,10005.725331
2025-10-18 02:47:58.519,106591.3,0.09387,10005.725331
2025-10-18 02:47:58.731,106591.3,8e-05,8.527304
2025-10-18 02:47:58.966,106591.31,0.00469,499.91324389999994
2025-10-18 02:47:59.423,106591.3,0.00029,30.911477
2025-10-18 02:47:59.507,106591.3,0.09387,10005.725331
2025-10-18 02:48:00.191,106591.31,0.00038,40.5046978
2025-10-18 02:48:00.549,106591.3,0.00068,72.482084
2025-10-18 02:48:00.569,106591.3,0.02448,2609.355024
2025-10-18 02:48:00.597,106591.3,0.09387,10005.725331
2025-10-18 02:48:00.615,106591.3,0.06201,6609.7265130000005
2025-10-18 02:48:00.882,106591.3,8e-05,8.527304
2025-10-18 02:48:01.232,106591.31,0.00011,11.7250441
2025-10-18 02:48:01.338,106591.31,0.00011,11.7250441
2025-10-18 02:48:01.583,106591.3,8e-05,8.527304
2025-10-18 02:48:01.586,106591.3,0.00498,530.8246740000001
2025-10-18 02:48:01.716,106591.3,0.09387,10005.725331
2025-10-18 02:48:01.846,106591.31,0.00278,296.32384179999997
2025-10-18 02:48:02.087,106591.3,8e-05,8.527304
2025-10-18 02:48:02.193,106591.31,0.00709,755.7323878999999
2025-10-18 02:48:02.290,106591.31,0.00784,835.6758704
2025-10-18 02:48:02.465,106596.0,0.00235,250.50060000000002
2025-10-18 02:48:02.507,106597.14,0.00015,15.989570999999998
2025-10-18 02:48:02.708,106597.14,0.09386,10005.2075604
2025-10-18 02:48:02.903,106597.15,0.00012,12.791658
2025-10-18 02:48:03.216,106597.15,0.00011,11.7256865
2025-10-18 02:48:03.399,106597.15,0.05628,5999.287601999999
2025-10-18 02:48:03.414,106597.15,0.00023,24.5173445
2025-10-18 02:48:03.691,106597.14,0.09386,10005.2075604
2025-10-18 02:48:04.294,106597.15,0.00017,18.1215155
2025-10-18 02:48:04.324,106597.14,9e-05,9.5937426
2025-10-18 02:48:04.405,106597.15,0.00469,499.94063349999993
2025-10-18 02:48:04.784,106597.14,0.09386,10005.2075604
2025-10-18 02:48:05.027,106597.14,0.1,10659.714
2025-10-18 02:48:05.142,106597.15,0.00064,68.222176
2025-10-18 02:48:05.592,106597.15,0.00545,580.9544675
2025-10-18 02:48:05.974,106597.14,0.09386,10005.2075604
2025-10-18 02:48:06.737,106597.15,0.00134,142.840181
2025-10-18 02:48:06.751,106597.14,0.00038,40.5069132
2025-10-18 02:48:06.989,106597.14,0.0017,181.215138
2025-10-18 02:48:07.010,106597.14,0.09386,10005.2075604
2025-10-18 02:48:07.348,106597.15,0.00019,20.2534585
2025-10-18 02:48:07.485,106597.14,8e-05,8.5277712
2025-10-18 02:48:07.991,106597.14,0.09386,10005.2075604
2025-10-18 02:48:08.515,106605.68,0.00015,15.990851999999997
2025-10-18 02:48:08.755,106605.69,0.00029,30.9156501
2025-10-18 02:48:08.839,106607.38,5e-05,5.330369
2025-10-18 02:48:08.973,106608.47,0.09386,10006.2709942
2025-10-18 02:48:09.432,106608.48,0.03885,4141.739448
2025-10-18 02:48:09.524,106608.48,0.00141,150.3179568
2025-10-18 02:48:09.734,106608.48,0.0001,10.660848
2025-10-18 02:48:10.116,106608.47,0.09386,10006.2709942
2025-10-18 02:48:10.494,106608.48,0.00046,49.0399008
2025-10-18 02:48:10.584,106610.0,0.0007,74.627
2025-10-18 02:48:10.655,106609.99,0.062,6609.81938
2025-10-18 02:48:11.116,106609.99,0.09386,10006.4136614
2025-10-18 02:48:11.553,106614.0,5e-05,5.3307
2025-10-18 02:48:11.595,106614.8,0.02531,2698.420588
2025-10-18 02:48:11.927,106614.8,0.00125,133.26850000000002
2025-10-18 02:48:12.024,106614.79,0.0012,127.93774799999998
2025-10-18 02:48:12.133,106614.79,0.09385,10005.7980415
2025-10-18 02:48:12.733,106614.8,0.0001,10.661480000000001
2025-10-18 02:48:13.077,106614.79,0.00047,50.108951299999994
2025-10-18 02:48:13.116,106614.79,9e-05,9.5953311
2025-10-18 02:48:13.122,106614.79,0.09385,10005.7980415
2025-10-18 02:48:14.066,106614.8,0.0001,10.661480000000001
2025-10-18 02:48:14.315,106614.79,0.09385,10005.7980415
2025-10-18 02:48:14.338,106614.8,0.04861,5182.545428
2025-10-18 02:48:14.776,106614.8,0.0001,10.661480000000001
2025-10-18 02:48:14.918,106614.8,0.0009,95.95332
2025-10-18 02:48:15.054,106614.79,0.00612,652.4825147999999
2025-10-18 02:48:15.317,106614.79,0.09385,10005.7980415
2025-10-18 02:48:15.639,106614.79,0.00454,484.03114659999994
2025-10-18 02:48:15.733,106614.8,0.0011,117.27628000000001
2025-10-18 02:48:15.775,106614.8,0.0001,10.661480000000001
2025-10-18 02:48:15.787,106614.8,0.0001,10.661480000000001
2025-10-18 02:48:15.832,106614.79,0.00045,47.97665549999999
2025-10-18 02:48:16.417,106614.79,0.09385,10005.7980415
2025-10-18 02:48:16.546,106614.79,9e-05,9.5953311
2025-10-18 02:48:16.611,106614.79,9e-05,9.5953311
2025-10-18 02:48:16.767,106614.8,0.0001,10.661480000000001
2025-10-18 02:48:16.831,106614.8,0.00017,18.124516000000003
2025-10-18 02:48:17.586,106614.8,0.00398,424.326904
2025-10-18 02:48:17.610,106614.82,0.00015,15.992223
2025-10-18 02:48:17.617,106614.81,0.09385,10005.7999185
2025-10-18 02:48:17.733,106614.82,0.00014,14.9260748
2025-10-18 02:48:17.869,106614.82,0.00066,70.3657812
2025-10-18 02:48:17.891,106614.82,0.0001,10.661482000000001
2025-10-18 02:48:17.932,106614.82,0.00019,20.256815800000002
2025-10-18 02:48:17.975,106614.82,0.00026,27.7198532
2025-10-18 02:48:17.991,106614.82,0.0001,10.661482000000001
2025-10-18 02:48:18.032,106614.82,0.00033,35.1828906
2025-10-18 02:48:18.033,106614.82,0.00023,24.5214086
2025-10-18 02:48:18.132,106614.82,0.0001,10.661482000000001
2025-10-18 02:48:18.263,106614.82,0.00094,100.2179308
2025-10-18 02:48:18.265,106616.0,0.00254,270.80464
2025-10-18 02:48:18.617,106616.09,0.09385,10005.9200465
2025-10-18 02:48:18.618,106616.1,0.00029,30.918669
2025-10-18 02:48:18.639,106616.1,0.00095,101.285295
2025-10-18 02:48:18.932,106616.1,0.00023,24.521703000000002
2025-10-18 02:48:19.071,106616.1,0.0001,10.661610000000001
2025-10-18 02:48:19.362,106616.1,0.00047,50.109567
2025-10-18 02:48:19.417,106616.1,0.00015,15.992415
2025-10-18 02:48:19.462,106616.1,0.0001,10.661610000000001
2025-10-18 02:48:19.583,106616.1,0.0001,10.661610000000001
2025-10-18 02:48:19.650,106616.09,0.09385,10005.9200465
2025-10-18 02:48:19.737,106616.1,0.00263,280.400343
2025-10-18 02:48:19.743,106616.1,0.00047,50.109567
2025-10-18 02:48:19.911,106616.1,0.00017,18.124737000000003
2025-10-18 02:48:19.923,106616.1,0.00015,15.992415
2025-10-18 02:48:19.992,106616.1,0.00015,15.992415
2025-10-18 02:48:20.094,106616.1,0.0001,10.661610000000001
2025-10-18 02:48:20.638,106616.09,0.09385,10005.9200465
2025-10-18 02:48:20.699,106616.1,0.04861,5182.608621
2025-10-18 02:48:20.714,106616.09,0.062,6610.19758
2025-10-18 02:48:21.334,106616.1,0.0001,10.661610000000001
2025-10-18 02:48:21.387,106616.1,0.00141,150.32870100000002
2025-10-18 02:48:21.571,106616.09,0.09385,10005.9200465
2025-10-18 02:48:22.145,106616.09,0.00011,11.7277699
2025-10-18 02:48:22.294,106616.1,0.0001,10.661610000000001
2025-10-18 02:48:22.526,106616.09,0.00086,91.6898374
2025-10-18 02:48:22.583,106616.1,0.00051,54.37421100000001
2025-10-18 02:48:22.715,106616.09,0.09385,10005.9200465
2025-10-18 02:48:23.322,106616.1,0.0001,10.661610000000001
2025-10-18 02:48:23.807,106616.09,0.09385,10005.9200465
2025-10-18 02:48:24.015,106616.1,0.00272,289.99579200000005
2025-10-18 02:48:24.129,106616.09,0.00018,19.1908962
2025-10-18 02:48:24.170,106617.17,5e-05,5.330858500000001
2025-10-18 02:48:24.171,106621.19,5e-05,5.3310595
2025-10-18 02:48:24.176,106621.69,0.0015,159.932535
2025-10-18 02:48:24.178,106621.69,5e-05,5.3310845
2025-10-18 02:48:24.179,106622.75,6e-05,6.397365
2025-10-18 02:48:24.182,106624.0,0.0028,298.5472
2025-10-18 02:48:24.223,106627.16,0.0001,10.662716000000001
2025-10-18 02:48:24.291,106627.16,0.0001,10.662716000000001
2025-10-18 02:48:24.328,106627.16,0.00828,882.8728848
2025-10-18 02:48:24.330,106635.3,0.00025,26.658825
2025-10-18 02:48:24.515,106636.11,0.06145,6552.7889595
2025-10-18 02:48:24.709,106637.82,0.00014,14.9292948
2025-10-18 02:48:24.728,106637.82,0.09383,10005.8266506
2025-10-18 02:48:24.786,106637.82,0.00028,29.8585896
2025-10-18 02:48:25.455,106637.82,0.00418,445.7460876
2025-10-18 02:48:25.461,106637.83,0.00091,97.0404253
2025-10-18 02:48:25.706,106637.82,9e-05,9.5974038
2025-10-18 02:48:25.767,106637.82,0.09383,10005.8266506
2025-10-18 02:48:25.890,106637.83,0.00029,30.9249707
2025-10-18 02:48:26.542,106637.83,0.04861,5183.6649163
2025-10-18 02:48:26.554,106637.83,0.00686,731.5355138
2025-10-18 02:48:26.850,106637.82,0.09383,10005.8266506
2025-10-18 02:48:26.882,106637.83,0.00045,47.9870235
2025-10-18 02:48:27.033,106637.83,0.00016,17.0620528
2025-10-18 02:48:27.883,106637.82,0.09383,10005.8266506
2025-10-18 02:48:27.885,106637.83,6e-05,6.3982698000000005
2025-10-18 02:48:27.906,106637.82,0.02931,3125.5545042000003
2025-10-18 02:48:27.939,106637.82,0.00029,30.9249678
2025-10-18 02:48:28.594,106637.82,1.00245,106899.082659
2025-10-18 02:48:28.870,106637.82,0.09383,10005.8266506
2025-10-18 02:48:29.353,106637.82,0.00548,584.3752536
2025-10-18 02:48:29.362,106637.83,0.00048,51.186158400000004
2025-10-18 02:48:29.491,106637.82,0.00041,43.7215062
2025-10-18 02:48:29.637,106637.83,0.0007,74.646481
2025-10-18 02:48:29.828,106637.83,0.00029,30.9249707
2025-10-18 02:48:30.064,106637.82,0.09383,10005.8266506
2025-10-18 02:48:30.639,106637.82,9e-05,9.5974038
2025-10-18 02:48:30.749,106637.83,0.00019,20.2611877
2025-10-18 02:48:30.996,106637.82,0.09383,10005.8266506
2025-10-18 02:48:31.191,106637.83,0.00058,61.8499414
2025-10-18 02:48:31.206,106637.82,9e-05,9.5974038
2025-10-18 02:48:31.381,106637.82,8e-05,8.531025600000001
2025-10-18 02:48:31.576,106637.82,7e-05,7.4646474
2025-10-18 02:48:31.577,106637.82,0.00029,30.9249678
2025-10-18 02:48:31.838,106637.83,0.00946,1008.7938718
2025-10-18 02:48:32.080,106637.82,0.09383,10005.8266506
2025-10-18 02:48:32.333,106637.82,0.00027,28.792211400000003
2025-10-18 02:48:33.016,106637.82,0.09383,10005.8266506
2025-10-18 02:48:33.021,106637.83,0.04861,5183.6649163
2025-10-18 02:48:33.358,106637.83,0.00084,89.5757772
2025-10-18 02:48:33.517,106637.82,0.00027,28.792211400000003
2025-10-18 02:48:34.046,106637.82,0.09383,10005.8266506
2025-10-18 02:48:34.220,106637.83,0.00013,13.8629179
2025-10-18 02:48:35.084,106637.82,0.09383,10005.8266506
2025-10-18 02:48:35.190,106637.82,0.00014,14.9292948
2025-10-18 02:48:35.655,106637.83,0.00303,323.1126249
2025-10-18 02:48:35.999,106637.83,0.00747,796.5845901
2025-10-18 02:48:36.044,106637.99,0.00027,28.792257300000003
2025-10-18 02:48:36.205,106638.0,0.0025,266.595
2025-10-18 02:48:36.216,106645.67,5e-05,5.3322835
2025-10-18 02:48:36.217,106649.54,0.09382,10005.859842799999
2025-10-18 02:48:36.272,106650.0,0.027,2879.55
2025-10-18 02:48:36.361,106650.0,0.00028,29.862
2025-10-18 02:48:36.540,106650.0,0.00072,76.78800000000001
2025-10-18 02:48:36.927,106650.0,0.00031,33.0615
2025-10-18 02:48:37.011,106649.99,0.00027,28.7954973
2025-10-18 02:48:37.102,106650.0,0.00093,99.1845
2025-10-18 02:48:37.118,106649.99,6e-05,6.3989994
2025-10-18 02:48:37.216,106649.99,0.09382,10005.902061800001
2025-10-18 02:48:38.194,106650.0,0.13529,14428.6785
2025-10-18 02:48:38.416,106649.99,0.09382,10005.902061800001
2025-10-18 02:48:38.478,106650.0,0.00028,29.862
2025-10-18 02:48:38.922,106650.0,0.00018,19.197000000000003
2025-10-18 02:48:39.036,106650.0,0.05625,5999.0625
2025-10-18 02:48:39.066,106650.0,0.04861,5184.2565
2025-10-18 02:48:39.586,106649.99,0.09382,10005.902061800001
2025-10-18 02:48:39.777,106650.0,0.00062,66.123
2025-10-18 02:48:40.114,106650.0,0.0024,255.95999999999998
2025-10-18 02:48:40.154,106649.99,0.00026,27.728997399999997
2025-10-18 02:48:40.730,106649.99,0.09382,10005.902061800001
2025-10-18 02:48:40.818,106650.0,8e-05,8.532
2025-10-18 02:48:40.917,106649.99,0.00136,145.04398640000002
2025-10-18 02:48:40.990,106650.0,0.00217,231.4305
2025-10-18 02:48:41.282,106649.99,0.00281,299.6864719
2025-10-18 02:48:41.296,106650.0,0.00018,19.197000000000003
2025-10-18 02:48:41.720,106649.99,0.00018,19.196998200000003
2025-10-18 02:48:41.781,106650.0,0.0001,10.665000000000001
2025-10-18 02:48:41.817,106649.99,0.09382,10005.902061800001
2025-10-18 02:48:41.934,106650.0,0.0001,10.665000000000001
2025-10-18 02:48:42.562,106649.99,0.00315,335.9474685
2025-10-18 02:48:42.911,106649.99,0.09382,10005.902061800001
2025-10-18 02:48:43.397,106650.0,0.00061,65.0565
2025-10-18 02:48:43.943,106649.99,0.09381,10004.835561900001
2025-10-18 02:48:44.238,106649.99,0.00018,19.196998200000003
2025-10-18 02:48:44.315,106657.78,0.00015,15.998667
2025-10-18 02:48:45.005,106657.78,0.00034,36.2636452
2025-10-18 02:48:45.027,106657.79,0.0053,565.286287
2025-10-18 02:48:45.031,106657.78,0.09381,10005.5663418
2025-10-18 02:48:45.343,106657.79,0.00032,34.1304928
2025-10-18 02:48:45.433,106657.79,0.04861,5184.6351718999995
2025-10-18 02:48:45.580,106657.78,0.00228,243.1797384
2025-10-18 02:48:45.583,106657.78,0.00134,142.92142520000002
2025-10-18 02:48:45.718,106657.78,0.00037,39.4633786
2025-10-18 02:48:46.104,106657.78,0.00028,29.864178399999997
2025-10-18 02:48:46.123,106657.78,0.09381,10005.5663418
2025-10-18 02:48:47.019,106657.78,0.00197,210.1158266
2025-10-18 02:48:47.192,106657.79,9e-05,9.5992011
2025-10-18 02:48:47.216,106657.78,0.09381,10005.5663418
2025-10-18 02:48:47.375,106657.79,0.00426,454.3621854
2025-10-18 02:48:47.558,106657.78,0.00089,94.9254242
2025-10-18 02:48:48.147,106657.78,0.09381,10005.5663418
2025-10-18 02:48:48.426,106657.78,0.00027,28.7976006
2025-10-18 02:48:48.616,106657.78,9e-05,9.5992002
2025-10-18 02:48:49.080,106657.78,0.09381,10005.5663418
2025-10-18 02:48:50.086,106657.79,0.00531,566.3528648999999
2025-10-18 02:48:50.117,106657.78,0.09381,10005.5663418
2025-10-18 02:48:50.245,106657.78,0.00026,27.731022799999998
2025-10-18 02:48:50.840,106657.79,0.00049,52.2623171
2025-10-18 02:48:51.211,106657.78,0.09381,10005.5663418
2025-10-18 02:48:51.535,106657.78,0.00027,28.7976006
2025-10-18 02:48:52.313,106657.79,0.00018,19.1984022
2025-10-18 02:48:52.316,106657.78,0.09381,10005.5663418
2025-10-18 02:48:53.395,106657.78,0.09381,10005.5663418
2025-10-18 02:48:54.517,106657.78,0.09381,10005.5663418
2025-10-18 02:48:54.653,106657.79,0.0001,10.665779
2025-10-18 02:48:54.831,106657.78,0.00038,40.5299564
2025-10-18 02:48:54.849,106657.78,0.00027,28.7976006
2025-10-18 02:48:55.340,106657.78,0.00468,499.15841040000004
2025-10-18 02:48:55.527,106657.79,0.00916,976.9853563999999
2025-10-18 02:48:55.611,106657.79,4e-05,4.2663116
2025-10-18 02:48:55.716,106657.78,0.09381,10005.5663418
2025-10-18 02:48:55.762,106657.78,0.00027,28.7976006
2025-10-18 02:48:55.779,106657.78,0.00161,171.7190258
2025-10-18 02:48:55.853,106657.78,0.00018,19.1984004
2025-10-18 02:48:55.856,106657.78,0.00012,12.7989336
2025-10-18 02:48:56.157,106657.79,0.0005,53.328894999999996
2025-10-18 02:48:56.217,106657.78,0.00026,27.731022799999998
2025-10-18 02:48:56.578,106657.79,9e-05,9.5992011
2025-10-18 02:48:56.694,106657.78,0.00018,19.1984004
2025-10-18 02:48:56.817,106657.78,0.09381,10005.5663418
2025-10-18 02:48:56.850,106657.78,5e-05,5.332889
2025-10-18 02:48:57.878,106657.78,0.02673,2850.9624594
2025-10-18 02:48:57.998,106657.78,0.09381,10005.5663418
2025-10-18 02:48:59.116,106657.78,0.09381,10005.5663418
2025-10-18 02:48:59.752,106657.79,0.027,2879.7603299999996
2025-10-18 02:49:00.010,106657.78,0.00018,19.1984004
2025-10-18 02:49:00.075,106657.78,0.09381,10005.5663418
2025-10-18 02:49:00.246,106657.79,0.00105,111.99067949999998
2025-10-18 02:49:00.410,106657.78,0.00148,157.8535144
2025-10-18 02:49:00.670,106657.78,9e-05,9.5992002
2025-10-18 02:49:01.317,106657.78,0.09381,10005.5663418
2025-10-18 02:49:01.381,106657.79,0.00094,100.25832259999999
2025-10-18 02:49:01.569,106658.87,0.0123,1311.9041009999999
2025-10-18 02:49:01.570,106658.87,0.00938,1000.4602005999999
2025-10-18 02:49:01.572,106662.05,0.00375,399.9826875
2025-10-18 02:49:01.573,106664.18,0.00554,590.9195572
2025-10-18 02:49:01.575,106669.06,0.0056,597.346736
2025-10-18 02:49:01.602,106669.06,0.00937,999.4890922
2025-10-18 02:49:01.671,106669.06,0.00102,108.8024412
2025-10-18 02:49:01.672,106669.06,0.027,2880.06462
2025-10-18 02:49:01.696,106669.06,0.00938,1000.5557828
2025-10-18 02:49:01.704,106669.06,0.27158,28969.183314799997
2025-10-18 02:49:01.738,106669.06,0.06807,7260.9629142
2025-10-18 02:49:01.740,106669.06,0.04695,5008.112367
2025-10-18 02:49:01.748,106669.06,0.0525,5600.12565
2025-10-18 02:49:01.749,106669.06,0.01158,1235.2277148
2025-10-18 02:49:01.751,106670.0,0.003,320.01
2025-10-18 02:49:01.815,106672.79,5e-05,5.3336395
2025-10-18 02:49:01.833,106681.66,7e-05,7.4677162
2025-10-18 02:49:01.950,106681.67,0.32949,35150.5434483
2025-10-18 02:49:02.350,106681.66,0.09379,10005.6728914
2025-10-18 02:49:03.417,106681.66,0.09378,10004.6060748
2025-10-18 02:49:03.424,106681.66,0.00018,19.2026988
2025-10-18 02:49:03.793,106681.66,0.00275,293.374565
2025-10-18 02:49:04.123,106681.66,0.00629,671.0276414
2025-10-18 02:49:04.214,106681.67,0.00343,365.9181281
2025-10-18 02:49:04.229,106682.77,5e-05,5.334138500000001
2025-10-18 02:49:04.236,106683.59,0.00094,100.28257459999999
2025-10-18 02:49:04.244,106684.81,0.00023,24.5375063
2025-10-18 02:49:04.250,106684.82,0.14842,15834.160984400001
2025-10-18 02:49:04.285,106684.82,0.00105,112.019061
2025-10-18 02:49:04.381,106685.91,0.00058,61.877827800000006
2025-10-18 02:49:04.407,106685.91,0.00047,50.1423777
2025-10-18 02:49:04.417,106685.9,0.09378,10005.003702
2025-10-18 02:49:04.953,106686.0,0.003,320.058
2025-10-18 02:49:05.128,106688.0,0.003,320.064
2025-10-18 02:49:05.202,106688.01,0.0007,74.681607
2025-10-18 02:49:05.215,106697.5,6e-05,6.4018500000000005
2025-10-18 02:49:05.435,106700.78,0.01052,1122.4922056
2025-10-18 02:49:05.530,106700.79,0.00012,12.8040948
2025-10-18 02:49:06.156,106700.78,5e-05,5.335039
2025-10-18 02:49:06.525,106700.78,0.00027,28.8092106
2025-10-18 02:49:06.577,106700.78,8e-05,8.5360624
2025-10-18 02:49:07.176,106700.78,0.00021,22.4071638
2025-10-18 02:49:07.943,106700.79,0.00012,12.8040948
2025-10-18 02:49:08.757,106700.79,0.00025,26.6751975
2025-10-18 02:49:08.784,106700.79,0.05286,5640.203759399999
2025-10-18 02:49:08.786,106703.01,0.003,320.10903
2025-10-18 02:49:08.787,106703.89,5e-05,5.3351945
2025-10-18 02:49:08.969,106710.5,2e-05,2.1342100000000004
2025-10-18 02:49:08.972,106710.5,6e-05,6.40263
2025-10-18 02:49:09.686,106710.49,0.00027,28.811832300000003
2025-10-18 02:49:09.699,106710.5,0.00673,718.161665
2025-10-18 02:49:09.770,106710.5,0.0001,10.671050000000001
2025-10-18 02:49:10.122,106711.18,0.001,106.71118
2025-10-18 02:49:10.125,106712.0,6e-05,6.40272
2025-10-18 02:49:10.216,106716.9,0.00562,599.748978
2025-10-18 02:49:10.499,106721.14,0.04685,4999.885409
2025-10-18 02:49:10.656,106721.13,0.00682,727.8381066
2025-10-18 02:49:10.734,106721.14,0.0001,10.672114
2025-10-18 02:49:10.784,106721.13,0.02834,3024.4768242
2025-10-18 02:49:11.913,106721.13,7e-05,7.4704790999999995
2025-10-18 02:49:12.350,106721.13,0.0001,10.672113000000001
2025-10-18 02:49:12.351,106721.13,0.00021,22.411437300000003
2025-10-18 02:49:12.352,106721.13,0.00021,22.411437300000003
2025-10-18 02:49:12.353,106721.13,0.00021,22.411437300000003
2025-10-18 02:49:12.354,106721.13,0.00021,22.411437300000003
2025-10-18 02:49:12.878,106721.13,0.00018,19.209803400000002
2025-10-18 02:49:13.464,106721.13,0.00678,723.5692614
2025-10-18 02:49:14.132,106721.14,0.00013,13.873748199999998
2025-10-18 02:49:14.795,106721.13,0.21714,23173.4261682
2025-10-18 02:49:15.353,106721.13,0.07785,8308.2399705
2025-10-18 02:49:15.354,106721.13,0.0003,32.016339
2025-10-18 02:49:15.821,106721.13,7e-05,7.4704790999999995
2025-10-18 02:49:15.823,106721.12,0.00026,27.747491199999995
2025-10-18 02:49:15.850,106721.13,0.00011,11.739324300000002
2025-10-18 02:49:15.979,106721.13,0.01038,1107.7653294000002
2025-10-18 02:49:16.212,106721.12,0.00026,27.747491199999995
2025-10-18 02:49:16.420,106721.13,0.00094,100.31786220000001
2025-10-18 02:49:16.425,106721.13,0.0505,5389.417065000001
2025-10-18 02:49:17.086,106721.13,0.0005,53.360565
2025-10-18 02:49:17.217,106721.12,0.00228,243.3241536
2025-10-18 02:49:17.218,106721.12,0.00035,37.352391999999995
2025-10-18 02:49:17.221,106719.65,0.00015,16.007947499999997
2025-10-18 02:49:17.370,106719.64,7e-05,7.470374799999999
2025-10-18 02:49:18.160,106719.64,0.51852,55336.2677328
2025-10-18 02:49:18.163,106719.64,0.00091,97.1148724
2025-10-18 02:49:18.166,106718.84,0.0003,32.015651999999996
2025-10-18 02:49:18.170,106713.21,0.00065,69.3635865
2025-10-18 02:49:18.173,106713.2,0.00065,69.36358
2025-10-18 02:49:18.179,106710.47,0.02181,2327.3553507
2025-10-18 02:49:18.181,106710.47,0.009,960.39423
2025-10-18 02:49:18.184,106710.99,0.00055,58.691044500000004
2025-10-18 02:49:18.185,106710.47,0.009,960.39423
2025-10-18 02:49:18.215,106710.47,0.00147,156.8643909
2025-10-18 02:49:18.291,106709.83,0.0001,10.670983000000001
2025-10-18 02:49:18.292,106709.16,0.0001,10.670916
2025-10-18 02:49:18.293,106707.45,0.04667,4980.0366915
2025-10-18 02:49:18.295,106707.25,6e-05,6.4024350000000005
2025-10-18 02:49:18.296,106707.43,0.00065,69.35982949999999
2025-10-18 02:49:18.299,106704.52,0.0085,906.9884200000001
2025-10-18 02:49:18.300,106704.51,5e-05,5.3352255
2025-10-18 02:49:18.303,106704.51,0.00045,48.0170295
2025-10-18 02:49:18.336,106703.99,0.00055,58.687194500000004
2025-10-18 02:49:18.417,106703.67,0.00059,62.955165300000004
2025-10-18 02:49:18.432,106703.67,0.00026,27.742954199999996
2025-10-18 02:49:18.666,106703.67,0.00139,148.3181013
2025-10-18 02:49:18.798,106700.78,5e-05,5.335039
2025-10-18 02:49:18.801,106700.38,6e-05,6.4020228
2025-10-18 02:49:18.837,106700.36,0.0002,21.340072000000003
2025-10-18 02:49:18.850,106700.0,0.00085,90.695
2025-10-18 02:49:18.872,106697.06,5e-05,5.334853
2025-10-18 02:49:18.914,106696.96,0.00072,76.82181120000001
2025-10-18 02:49:18.915,106693.08,5e-05,5.3346540000000005
2025-10-18 02:49:19.477,106687.88,0.001,106.68788
2025-10-18 02:49:19.606,106687.87,0.09378,10005.1884486
2025-10-18 02:49:20.466,106687.87,0.00955,1018.8691584999999
2025-10-18 02:49:20.691,106687.87,0.09378,10005.1884486
2025-10-18 02:49:21.074,106687.88,0.00339,361.6719132
2025-10-18 02:49:21.676,106687.87,0.09378,10005.1884486
2025-10-18 02:49:21.990,106687.88,0.00749,799.0922212
2025-10-18 02:49:22.171,106687.87,0.00087,92.8184469
2025-10-18 02:49:22.704,106687.87,0.00027,28.805724899999998
2025-10-18 02:49:22.717,106687.87,0.09378,10005.1884486
2025-10-18 02:49:22.909,106687.87,0.00019,20.2706953
2025-10-18 02:49:23.122,106687.87,0.00027,28.805724899999998
2025-10-18 02:49:23.397,106687.87,0.00019,20.2706953
2025-10-18 02:49:23.854,106687.87,0.09378,10005.1884486
2025-10-18 02:49:24.216,106687.88,0.00681,726.5444628
2025-10-18 02:49:24.360,106687.87,8e-05,8.5350296
2025-10-18 02:49:24.397,106687.88,0.00354,377.67509520000004
2025-10-18 02:49:24.536,106687.87,0.00018,19.2038166
2025-10-18 02:49:24.945,106687.87,0.09378,10005.1884486
2025-10-18 02:49:24.957,106687.88,9e-05,9.601909200000001
2025-10-18 02:49:25.220,106687.88,0.00015,16.003182
2025-10-18 02:49:25.822,106687.87,0.00026,27.738846199999998
2025-10-18 02:49:25.931,106687.87,0.09378,10005.1884486
2025-10-18 02:49:26.576,106687.87,7e-05,7.468150899999999
2025-10-18 02:49:27.018,106687.87,0.09378,10005.1884486
2025-10-18 02:49:27.238,106687.87,0.0009,96.019083
2025-10-18 02:49:27.275,106687.87,0.00018,19.2038166
2025-10-18 02:49:27.903,106687.88,0.0001,10.668788000000001
2025-10-18 02:49:27.909,106687.87,0.0001,10.668787
2025-10-18 02:49:28.112,106687.87,0.09378,10005.1884486
2025-10-18 02:49:28.624,106687.87,0.00027,28.805724899999998
2025-10-18 02:49:28.700,106687.9,0.0001,10.66879
2025-10-18 02:49:28.701,106693.3,5e-05,5.334665
2025-10-18 02:49:28.702,106697.06,5e-05,5.334853
2025-10-18 02:49:28.708,106704.0,6e-05,6.40224
2025-10-18 02:49:28.761,106709.75,0.027,2881.16325
2025-10-18 02:49:28.991,106709.75,4e-05,4.26839
2025-10-18 02:49:29.217,106709.74,0.09376,10005.1052224
2025-10-18 02:49:29.715,106709.75,0.00012,12.80517
2025-10-18 02:49:30.034,106709.74,0.00414,441.77832359999996
2025-10-18 02:49:30.224,106709.75,0.00011,11.738072500000001
2025-10-18 02:49:30.286,106709.74,0.09376,10005.1052224
2025-10-18 02:49:30.433,106709.75,0.00094,100.307165
2025-10-18 02:49:30.664,106709.75,0.00099,105.6426525
2025-10-18 02:49:30.674,106709.75,0.00012,12.80517
2025-10-18 02:49:31.375,106709.74,0.09376,10005.1052224
2025-10-18 02:49:31.433,106709.75,6e-05,6.402585
2025-10-18 02:49:31.620,106709.75,0.00012,12.80517
2025-10-18 02:49:31.853,106709.74,0.00019,20.2748506
2025-10-18 02:49:32.170,106709.75,0.01219,1300.7918525
2025-10-18 02:49:32.359,106709.74,0.09376,10005.1052224
2025-10-18 02:49:32.422,106709.74,0.00019,20.2748506
2025-10-18 02:49:32.542,106709.75,0.0034,362.81315
2025-10-18 02:49:32.568,106709.75,0.00012,12.80517
2025-10-18 02:49:32.585,106709.75,7e-05,7.469682499999999
2025-10-18 02:49:32.782,106709.75,0.00011,11.738072500000001
2025-10-18 02:49:33.397,106709.74,0.09376,10005.1052224
2025-10-18 02:49:33.675,106709.75,0.00026,27.744535
2025-10-18 02:49:33.727,106709.75,0.00012,12.80517
2025-10-18 02:49:34.079,106709.75,0.00011,11.738072500000001
2025-10-18 02:49:34.617,106709.74,0.09376,10005.1052224
2025-10-18 02:49:34.728,106709.75,0.00012,12.80517
2025-10-18 02:49:34.730,106709.74,0.00122,130.1858828
2025-10-18 02:49:34.898,106709.74,0.00314,335.0685836
2025-10-18 02:49:35.727,106709.74,0.09376,10005.1052224
2025-10-18 02:49:35.748,106709.75,0.00012,12.80517
2025-10-18 02:49:36.049,106709.75,0.00234,249.700815
2025-10-18 02:49:36.291,106709.75,0.00188,200.61433
2025-10-18 02:49:36.407,106709.74,0.00035,37.348409000000004
2025-10-18 02:49:36.737,106709.75,0.00012,12.80517
2025-10-18 02:49:36.817,106709.74,0.09376,10005.1052224
2025-10-18 02:49:37.376,106709.74,0.00014,14.9393636
2025-10-18 02:49:37.729,106709.75,0.00012,12.80517
2025-10-18 02:49:37.801,106709.74,0.09376,10005.1052224
2025-10-18 02:49:38.258,106709.74,0.00341,363.8802134
2025-10-18 02:49:38.394,106709.74,0.00028,29.8787272
2025-10-18 02:49:38.575,106709.75,6e-05,6.402585
2025-10-18 02:49:38.767,106709.74,0.00026,27.7445324
2025-10-18 02:49:38.837,106709.74,0.09376,10005.1052224
2025-10-18 02:49:39.311,106709.75,0.00012,12.80517
2025-10-18 02:49:39.792,106709.75,0.04686,5000.418885
2025-10-18 02:49:39.917,106709.74,0.09376,10005.1052224
2025-10-18 02:49:40.284,106709.75,0.00012,12.80517
2025-10-18 02:49:40.481,106709.75,8e-05,8.53678
2025-10-18 02:49:40.965,106709.74,0.09376,10005.1052224
2025-10-18 02:49:41.360,106709.74,5e-05,5.3354870000000005
2025-10-18 02:49:41.367,106709.74,0.00018,19.207753200000003
2025-10-18 02:49:41.500,106709.75,0.00012,12.80517
2025-10-18 02:49:42.017,106709.74,0.09376,10005.1052224
2025-10-18 02:49:42.028,106709.17,0.0001,10.670917000000001
2025-10-18 02:49:42.029,106707.2,0.00015,16.006079999999997
2025-10-18 02:49:42.036,106705.73,0.00015,16.0058595
2025-10-18 02:49:42.042,106704.84,0.013,1387.16292
2025-10-18 02:49:42.044,106704.84,0.013,1387.16292
2025-10-18 02:49:42.070,106704.84,0.00171,182.4652764
2025-10-18 02:49:42.148,106704.81,0.0002,21.340962
2025-10-18 02:49:42.151,106703.68,0.02887,3080.5352415999996
2025-10-18 02:49:42.154,106702.77,5e-05,5.3351385
2025-10-18 02:49:42.155,106703.33,0.0002,21.340666000000002
2025-10-18 02:49:42.185,106702.35,0.0014,149.38329000000002
2025-10-18 02:49:42.387,106701.39,0.0001,10.670139
2025-10-18 02:49:42.463,106701.15,0.00034,36.278391
2025-10-18 02:49:42.464,106700.57,0.00015,16.0050855
2025-10-18 02:49:42.474,106695.71,0.00021,22.406099100000002
2025-10-18 02:49:42.475,106695.71,0.00562,599.6298902000001
2025-10-18 02:49:42.538,106695.72,0.00012,12.8034864
2025-10-18 02:49:42.981,106695.71,0.09377,10004.856726700002
2025-10-18 02:49:43.362,106695.72,0.00068,72.5530896
2025-10-18 02:49:43.407,106695.72,0.00223,237.93145560000002
2025-10-18 02:49:43.625,106695.71,0.00061,65.0843831
2025-10-18 02:49:44.017,106695.71,0.09377,10004.856726700002
2025-10-18 02:49:44.733,106695.72,0.00055,58.682646000000005
2025-10-18 02:49:44.879,106695.71,0.00027,28.8078417
2025-10-18 02:49:45.112,106695.71,0.09377,10004.856726700002
2025-10-18 02:49:45.343,106695.71,8e-05,8.535656800000002
2025-10-18 02:49:45.719,106695.72,0.0006,64.017432
2025-10-18 02:49:46.096,106695.71,1.07728,114941.15446880001
2025-10-18 02:49:46.137,106695.71,0.09377,10004.856726700002
2025-10-18 02:49:46.242,106695.72,0.00012,12.8034864
2025-10-18 02:49:46.362,106695.72,0.015,1600.4358
2025-10-18 02:49:46.923,106695.71,0.00028,29.8747988
2025-10-18 02:49:47.162,106695.71,0.09377,10004.856726700002
2025-10-18 02:49:47.233,106695.72,0.00248,264.6053856
2025-10-18 02:49:47.544,106695.72,0.00468,499.3359696
2025-10-18 02:49:47.717,106695.72,0.0001,10.669572
2025-10-18 02:49:48.219,106695.71,0.09377,10004.856726700002
2025-10-18 02:49:48.513,106695.72,0.00219,233.6636268
2025-10-18 02:49:48.633,106695.71,8e-05,8.535656800000002
2025-10-18 02:49:49.217,106695.71,0.09377,10004.856726700002
2025-10-18 02:49:49.689,106695.72,0.00019,20.2721868
2025-10-18 02:49:49.740,106695.72,0.00019,20.2721868
2025-10-18 02:49:49.926,106695.72,0.02151,2295.0249372000003
2025-10-18 02:49:50.316,106695.71,0.09377,10004.856726700002
2025-10-18 02:49:50.788,106695.72,0.00937,999.7388964
2025-10-18 02:49:51.267,106695.72,6e-05,6.4017432
2025-10-18 02:49:51.317,106695.71,0.09377,10004.856726700002
2025-10-18 02:49:51.485,106695.71,0.00019,20.272184900000003
2025-10-18 02:49:51.959,106695.72,1.0,106695.72
2025-10-18 02:49:52.427,106695.71,0.09377,10004.856726700002
2025-10-18 02:49:53.414,106695.71,0.09377,10004.856726700002
2025-10-18 02:49:53.483,106695.71,0.00103,109.89658130000002
2025-10-18 02:49:53.785,106695.72,0.00019,20.2721868
2025-10-18 02:49:54.133,106695.72,0.0006,64.017432
2025-10-18 02:49:54.558,106695.71,0.09377,10004.856726700002
2025-10-18 02:49:54.699,106695.71,0.32728,34919.371968800006
2025-10-18 02:49:55.365,106695.72,1.0,106695.72
2025-10-18 02:49:55.539,106695.71,0.09378,10005.923683800002
2025-10-18 02:49:56.015,106695.71,0.013,1387.04423
2025-10-18 02:49:56.017,106695.71,0.013,1387.04423
2025-10-18 02:49:56.019,106695.71,0.013,1387.04423
2025-10-18 02:49:56.149,106695.72,0.0003,32.008716
2025-10-18 02:49:56.165,106695.72,0.00093,99.2270196
2025-10-18 02:49:56.214,106695.72,0.0005,53.347860000000004
2025-10-18 02:49:56.270,106695.71,0.00487,519.6081077
2025-10-18 02:49:56.523,106695.71,0.09378,10005.923683800002
2025-10-18 02:49:56.585,106695.71,7e-05,7.4686997
2025-10-18 02:49:56.768,106695.71,0.03052,3256.3530692
2025-10-18 02:49:56.784,106695.72,0.00038,40.5443736
2025-10-18 02:49:57.483,106695.72,0.00031,33.0756732
2025-10-18 02:49:57.593,106695.72,0.00036,38.410459200000005
2025-10-18 02:49:57.643,106695.71,0.00027,28.8078417
2025-10-18 02:49:57.668,106695.71,0.09378,10005.923683800002
2025-10-18 02:49:57.716,106695.72,5e-05,5.334786
2025-10-18 02:49:57.725,106695.72,0.001,106.69572000000001
2025-10-18 02:49:57.792,106695.72,0.026,2774.0887199999997
2025-10-18 02:49:57.809,106695.72,0.00468,499.3359696
2025-10-18 02:49:58.004,106695.72,0.00081,86.4235332
2025-10-18 02:49:58.817,106695.71,0.09378,10005.923683800002
2025-10-18 02:49:58.834,106695.72,0.00093,99.2270196
2025-10-18 02:49:58.864,106695.71,0.00027,28.8078417
2025-10-18 02:49:58.949,106695.72,9e-05,9.602614800000001
2025-10-18 02:49:59.120,106695.71,7e-05,7.4686997
2025-10-18 02:49:59.362,106695.71,0.00063,67.2182973
2025-10-18 02:49:59.902,106695.71,0.09378,10005.923683800002
2025-10-18 02:50:00.917,106695.71,0.09378,10005.923683800002
2025-10-18 02:50:01.113,106695.72,0.0001,10.669572
2025-10-18 02:50:01.239,106695.72,0.00011,11.7365292
2025-10-18 02:50:01.645,106695.71,0.0492,5249.428932000001
2025-10-18 02:50:02.087,106695.71,0.09378,10005.923683800002
2025-10-18 02:50:02.534,106695.71,0.00091,97.09309610000001
2025-10-18 02:50:02.989,106695.71,0.00148,157.9096508
2025-10-18 02:50:03.126,106695.71,0.09378,10005.923683800002
2025-10-18 02:50:03.339,106695.71,0.0077,821.5569670000001
2025-10-18 02:50:03.342,106695.71,0.013,1387.04423
2025-10-18 02:50:03.343,106695.71,0.013,1387.04423
2025-10-18 02:50:03.344,106695.71,0.013,1387.04423
2025-10-18 02:50:03.348,106695.71,0.02521,2689.7988491
2025-10-18 02:50:03.555,106695.72,0.00152,162.1774944
2025-10-18 02:50:03.672,106695.71,0.28744,30668.614882399997
2025-10-18 02:50:03.673,106694.49,0.00091,97.09198590000001
2025-10-18 02:50:03.675,106693.17,5e-05,5.3346585
2025-10-18 02:50:03.688,106692.95,0.00173,184.5788035
2025-10-18 02:50:03.887,106691.45,7e-05,7.468401499999999
2025-10-18 02:50:03.975,106687.89,0.00015,16.0031835
2025-10-18 02:50:04.117,106685.22,0.00306,326.4567732
2025-10-18 02:50:04.215,106685.22,0.00197,210.1698834
2025-10-18 02:50:04.357,106685.2,0.00013,13.869075999999998
2025-10-18 02:50:04.720,106685.2,0.00187,199.50132399999998
2025-10-18 02:50:04.785,106685.2,0.0002,21.337040000000002
2025-10-18 02:50:04.819,106685.21,0.0003,32.005563
2025-10-18 02:50:04.837,106685.2,0.00012,12.802224
2025-10-18 02:50:04.848,106684.36,0.0223,2379.061228
2025-10-18 02:50:04.862,106682.56,0.0001,10.668256
2025-10-18 02:50:05.077,106681.67,0.00052,55.47446839999999
2025-10-18 02:50:05.182,106681.66,0.00838,893.9923108
2025-10-18 02:50:05.183,106681.38,5e-05,5.334069
2025-10-18 02:50:05.184,106681.07,0.00021,22.403024700000003
2025-10-18 02:50:05.609,106681.07,0.00026,27.7370782
2025-10-18 02:50:05.783,106681.08,0.00083,88.5452964
2025-10-18 02:50:05.815,106673.65,5e-05,5.3336825
2025-10-18 02:50:06.290,106670.41,0.00033,35.2012353
2025-10-18 02:50:06.316,106670.4,0.09379,10004.616816
2025-10-18 02:50:06.584,106670.4,0.001,106.6704
2025-10-18 02:50:06.585,106670.4,0.001,106.6704
2025-10-18 02:50:06.586,106670.4,0.001,106.6704
2025-10-18 02:50:07.085,106670.41,0.01223,1304.5791143
2025-10-18 02:50:07.306,106670.4,0.09379,10004.616816
2025-10-18 02:50:07.611,106670.4,0.0492,5248.18368
2025-10-18 02:50:08.162,106670.41,0.00028,29.867714799999998
2025-10-18 02:50:08.177,106670.41,0.00049,52.2685009
2025-10-18 02:50:08.212,106669.33,0.03324,3545.6885291999997
2025-10-18 02:50:08.500,106669.33,0.09379,10004.5164607
2025-10-18 02:50:09.162,106669.34,6e-05,6.4001604
2025-10-18 02:50:09.691,106669.33,0.04407,4700.9173731
2025-10-18 02:50:10.010,106669.34,0.01875,2000.0501249999998
2025-10-18 02:50:10.152,106669.34,0.00382,407.4768788
2025-10-18 02:50:10.162,106669.33,0.00082,87.4688506
2025-10-18 02:50:10.172,106669.33,0.00937,999.4916221
2025-10-18 02:50:10.530,106669.33,0.00257,274.14017809999996
2025-10-18 02:50:10.576,106669.32,0.0028,298.674096
2025-10-18 02:50:10.582,106668.92,0.0091,970.687172
2025-10-18 02:50:10.585,106668.92,0.013,1386.69596
2025-10-18 02:50:10.588,106668.92,0.013,1386.69596
2025-10-18 02:50:10.817,106668.92,0.0938,10005.544695999999
2025-10-18 02:50:10.869,106668.92,0.00235,250.671962
2025-10-18 02:50:10.878,106668.91,0.00092,98.1353972
2025-10-18 02:50:10.984,106668.91,0.00192,204.8043072
2025-10-18 02:50:11.015,106668.9,0.00253,269.872317
2025-10-18 02:50:11.165,106668.89,0.00273,291.2060697
2025-10-18 02:50:11.215,106668.88,0.00258,275.2057104
2025-10-18 02:50:11.324,106668.87,0.00262,279.4724394
2025-10-18 02:50:11.355,106668.86,0.00228,243.2050008
2025-10-18 02:50:11.570,106668.42,0.00317,338.1388914
2025-10-18 02:50:11.915,106668.41,0.03582,3820.8624462
2025-10-18 02:50:11.916,106668.42,0.00056,59.73431519999999
2025-10-18 02:50:12.083,106668.42,0.0001,10.666842
2025-10-18 02:50:12.160,106668.42,0.00093,99.2016306
2025-10-18 02:50:12.492,106668.42,0.00032,34.1338944
2025-10-18 02:50:12.835,106668.41,0.00397,423.4735877
2025-10-18 02:50:12.841,106666.02,0.00015,15.999903
2025-10-18 02:50:12.957,106666.01,0.001,106.66601
2025-10-18 02:50:12.958,106666.01,0.013,1386.6581299999998
2025-10-18 02:50:12.959,106666.01,0.013,1386.6581299999998
2025-10-18 02:50:12.964,106666.01,0.00206,219.7319806
2025-10-18 02:50:13.004,106663.44,5e-05,5.333172
2025-10-18 02:50:13.007,106660.66,0.00015,15.999099
2025-10-18 02:50:13.017,106660.65,0.09381,10005.8355765
2025-10-18 02:50:13.115,106660.65,0.00365,389.3113725
2025-10-18 02:50:13.117,106660.63,0.0003,31.998189
2025-10-18 02:50:13.463,106660.03,0.00681,726.3548043
2025-10-18 02:50:13.955,106660.02,0.001,106.66002
2025-10-18 02:50:13.956,106660.02,0.001,106.66002
2025-10-18 02:50:13.957,106660.01,0.00037,39.4642037
2025-10-18 02:50:13.959,106660.01,0.00173,184.52181729999998
2025-10-18 02:50:14.017,106660.0,0.0209,2229.194
2025-10-18 02:50:15.074,106660.0,0.00448,477.8368
2025-10-18 02:50:16.111,106660.0,0.09381,10005.7746
2025-10-18 02:50:17.254,106660.0,0.09381,10005.7746
2025-10-18 02:50:17.343,106660.01,0.0012,127.99201199999999
2025-10-18 02:50:18.024,106660.0,0.00032,34.1312
2025-10-18 02:50:18.417,106660.0,0.09381,10005.7746
2025-10-18 02:50:18.879,106660.0,0.02806,2992.8796
2025-10-18 02:50:19.385,106660.0,0.09381,10005.7746
2025-10-18 02:50:19.543,106660.0,0.00825,879.945
2025-10-18 02:50:19.855,106660.0,0.00018,19.198800000000002
2025-10-18 02:50:20.179,106660.01,0.0001,10.666001
2025-10-18 02:50:20.617,106660.0,0.09381,10005.7746
2025-10-18 02:50:20.932,106660.01,0.00108,115.19281079999999
2025-10-18 02:50:21.032,106660.0,0.00031,33.0646
2025-10-18 02:50:21.761,106660.0,0.01153,1229.7898
2025-10-18 02:50:21.816,106660.0,0.09381,10005.7746
2025-10-18 02:50:22.817,106660.0,0.09381,10005.7746
2025-10-18 02:50:23.604,106660.01,0.39321,41939.7825321
2025-10-18 02:50:23.605,106660.01,0.08539,9107.698253899998
2025-10-18 02:50:23.606,106660.01,0.01257,1340.7163257
2025-10-18 02:50:23.625,106660.65,0.0001,10.666065
2025-10-18 02:50:23.628,106664.42,0.04005,4271.910021000001
2025-10-18 02:50:23.643,106664.42,0.0004,42.665768
2025-10-18 02:50:23.713,106666.41,0.0003,31.999923
2025-10-18 02:50:23.727,106670.41,0.0012,128.004492
2025-10-18 02:50:23.900,106670.66,0.0938,10005.707908
2025-10-18 02:50:23.948,106670.67,0.00038,40.5348546
2025-10-18 02:50:24.030,106670.66,0.00013,13.8671858
2025-10-18 02:50:24.238,106670.67,0.00049,52.268628299999996
2025-10-18 02:50:24.662,106670.66,0.01378,1469.9216948
2025-10-18 02:50:24.850,106670.67,0.00012,12.8004804
2025-10-18 02:50:24.874,106670.66,0.16,17067.3056
2025-10-18 02:50:24.878,106670.66,0.0937,9995.040842
2025-10-18 02:50:24.917,106670.66,0.0938,10005.707908
2025-10-18 02:50:24.928,106670.66,0.40721,43437.3594586
2025-10-18 02:50:24.929,106670.66,0.27688,29534.972340800003
2025-10-18 02:50:24.930,106669.4,0.00092,98.135848
2025-10-18 02:50:24.932,106668.51,5e-05,5.3334255
2025-10-18 02:50:24.944,106667.03,0.0015,160.000545
2025-10-18 02:50:25.108,106666.4,0.00056,59.733183999999994
2025-10-18 02:50:25.292,106666.39,0.00072,76.7998008
2025-10-18 02:50:25.409,106659.99,0.00342,364.7771658
2025-10-18 02:50:25.410,106653.91,0.02284,2435.9753044
2025-10-18 02:50:25.415,106651.39,0.0001,10.665139
2025-10-18 02:50:25.419,106651.05,0.03246,3461.8930830000004
2025-10-18 02:50:25.421,106650.35,0.00046,49.059161
2025-10-18 02:50:25.428,106648.0,0.00051,54.390480000000004
2025-10-18 02:50:25.432,106648.0,0.001,106.648
2025-10-18 02:50:25.435,106648.0,0.001,106.648
2025-10-18 02:50:25.463,106648.0,0.05167,5510.50216
2025-10-18 02:50:25.917,106648.0,0.09383,10006.78184
2025-10-18 02:50:25.985,106648.01,0.01,1066.4801
2025-10-18 02:50:26.557,106648.01,0.00063,67.1882463
2025-10-18 02:50:26.617,106648.01,0.00656,699.6109455999999
2025-10-18 02:50:26.820,106648.0,6e-05,6.39888
2025-10-18 02:50:26.877,106648.0,0.09383,10006.78184
2025-10-18 02:50:27.486,106648.01,0.0005,53.324005
2025-10-18 02:50:28.071,106648.0,0.09383,10006.78184
2025-10-18 02:50:28.157,106648.01,0.0001,10.664801
2025-10-18 02:50:28.171,106648.0,0.0005,53.324
2025-10-18 02:50:28.218,106648.01,0.00057,60.7893657
2025-10-18 02:50:28.419,106648.01,0.00165,175.9692165
2025-10-18 02:50:28.846,106648.01,0.00054,57.5899254
2025-10-18 02:50:28.918,106648.01,0.0001,10.664801
2025-10-18 02:50:29.007,106648.0,0.09383,10006.78184
2025-10-18 02:50:29.139,106648.01,0.00024,25.5955224
2025-10-18 02:50:29.170,106648.01,0.00029,30.9279229
2025-10-18 02:50:29.248,106648.01,0.00054,57.5899254
2025-10-18 02:50:29.518,106648.01,0.00029,30.9279229
2025-10-18 02:50:29.794,106648.01,0.00513,547.1042913
2025-10-18 02:50:30.040,106648.0,0.00411,438.32328
2025-10-18 02:50:30.116,106648.0,0.09383,10006.78184
2025-10-18 02:50:30.137,106648.01,0.0001,10.664801
2025-10-18 02:50:30.220,106648.0,0.00364,388.19872
2025-10-18 02:50:30.699,106648.0,0.00357,380.73336
2025-10-18 02:50:31.061,106648.0,0.00022,23.46256
2025-10-18 02:50:31.293,106648.0,0.09383,10006.78184
2025-10-18 02:50:31.576,106648.0,7e-05,7.4653599999999996
2025-10-18 02:50:32.024,106648.0,6e-05,6.39888
2025-10-18 02:50:32.315,106648.0,0.09383,10006.78184
2025-10-18 02:50:32.362,106648.0,0.01102,1175.26096
2025-10-18 02:50:32.629,106648.01,0.00038,40.5262438
2025-10-18 02:50:33.092,106648.0,0.00216,230.35968
2025-10-18 02:50:33.129,106648.01,0.0001,10.664801
2025-10-18 02:50:33.371,106648.0,0.09383,10006.78184
2025-10-18 02:50:34.464,106648.0,0.09383,10006.78184
2025-10-18 02:50:34.775,106648.0,0.00053,56.52344
2025-10-18 02:50:35.621,106648.0,5e-05,5.332400000000001
2025-10-18 02:50:35.760,106648.0,0.09382,10005.71536
2025-10-18 02:50:36.524,106648.01,0.0001,10.664801
2025-10-18 02:50:36.691,106648.0,0.09382,10005.71536
2025-10-18 02:50:36.829,106648.01,0.00607,647.3534206999999
2025-10-18 02:50:37.717,106648.0,0.01529,1630.6479199999999
2025-10-18 02:50:38.141,106648.0,6e-05,6.39888
2025-10-18 02:50:38.318,106648.01,0.00078,83.18544779999999
2025-10-18 02:50:38.390,106648.01,0.00529,564.1679729
2025-10-18 02:50:38.633,106648.01,0.00074,78.91952739999999
2025-10-18 02:50:38.819,106648.0,0.00931,992.8928800000001
2025-10-18 02:50:38.822,106644.36,0.00015,15.996654
2025-10-18 02:50:39.206,106644.36,0.00025,26.66109
2025-10-18 02:50:39.817,106644.35,0.09382,10005.372917
2025-10-18 02:50:40.170,106644.36,0.00029,30.9268644
2025-10-18 02:50:40.282,106644.36,0.00038,40.5248568
2025-10-18 02:50:40.591,106644.35,0.03054,3256.9184490000002
2025-10-18 02:50:40.778,106644.35,0.0297,3167.337195
2025-10-18 02:50:40.896,106644.35,0.09382,10005.372917
2025-10-18 02:50:41.381,106644.35,0.00024,25.594644000000002
2025-10-18 02:50:41.464,106644.36,0.00338,360.4579368
2025-10-18 02:50:41.594,106644.36,5e-05,5.332218
2025-10-18 02:50:41.654,106644.36,0.00055,58.654398
2025-10-18 02:50:41.770,106644.36,0.0032,341.261952
2025-10-18 02:50:42.017,106644.35,0.09382,10005.372917
2025-10-18 02:50:43.079,106644.35,0.09382,10005.372917
2025-10-18 02:50:43.518,106644.36,0.00034,36.259082400000004
2025-10-18 02:50:43.738,106644.36,0.00491,523.6238076000001
2025-10-18 02:50:43.742,106644.36,0.00937,999.2576531999999
2025-10-18 02:50:44.117,106644.35,0.09382,10005.372917
2025-10-18 02:50:44.237,106644.35,0.00731,779.5701985000001
2025-10-18 02:50:44.571,106644.36,0.00313,333.7968468
2025-10-18 02:50:45.316,106644.35,0.09382,10005.372917
2025-10-18 02:50:45.437,106644.36,0.00045,47.989962
2025-10-18 02:50:46.042,106644.36,0.00278,296.4713208
2025-10-18 02:50:46.293,106644.36,0.00028,29.860420799999996
2025-10-18 02:50:46.416,106644.35,0.09382,10005.372917
2025-10-18 02:50:46.574,106644.36,0.00368,392.45124480000004
2025-10-18 02:50:46.939,106644.36,0.00699,745.4440764
2025-10-18 02:50:47.344,106644.36,0.00093,99.17925480000001
2025-10-18 02:50:47.417,106644.35,0.09382,10005.372917
2025-10-18 02:50:47.545,106644.36,0.00599,638.7997164
2025-10-18 02:50:48.617,106644.35,0.09382,10005.372917
2025-10-18 02:50:49.231,106644.35,0.11405,12162.7881175
2025-10-18 02:50:49.299,106644.36,0.0466,4969.627176
2025-10-18 02:50:49.684,106644.35,0.09382,10005.372917
2025-10-18 02:50:50.032,106644.36,0.00469,500.16204839999995
2025-10-18 02:50:50.817,106644.35,0.09382,10005.372917
2025-10-18 02:50:51.864,106644.35,0.09382,10005.372917
2025-10-18 02:50:51.957,106644.36,9e-05,9.5979924
2025-10-18 02:50:52.096,106644.35,0.00039,41.5912965
2025-10-18 02:50:52.221,106644.35,0.0008,85.31548000000001
2025-10-18 02:50:52.283,106644.36,0.00141,150.3685476
2025-10-18 02:50:52.458,106644.36,0.00398,424.4445528
2025-10-18 02:50:52.466,106644.35,0.00046,49.056401
2025-10-18 02:50:53.002,106644.35,0.09382,10005.372917
2025-10-18 02:50:54.005,106644.36,0.0024,255.946464
2025-10-18 02:50:54.091,106644.35,0.09382,10005.372917
2025-10-18 02:50:54.145,106644.36,5e-05,5.332218
2025-10-18 02:50:54.243,106644.35,0.11125,11864.1839375
2025-10-18 02:50:55.252,106644.36,0.00017,18.129541200000002
2025-10-18 02:50:55.267,106644.36,0.00047,50.1228492
2025-10-18 02:50:55.332,106644.35,0.00093,99.17924550000001
2025-10-18 02:50:55.339,106644.35,0.09382,10005.372917
2025-10-18 02:50:55.917,106644.36,0.00087,92.7805932
2025-10-18 02:50:56.407,106644.35,0.09382,10005.372917
2025-10-18 02:50:56.582,106644.35,7e-05,7.4651045
2025-10-18 02:50:57.817,106644.35,0.09382,10005.372917
2025-10-18 02:50:58.917,106644.35,0.09382,10005.372917
2025-10-18 02:50:58.979,106644.35,7e-05,7.4651045
2025-10-18 02:50:59.204,106644.36,6e-05,6.3986616000000005
2025-10-18 02:51:00.072,106644.35,0.09382,10005.372917
2025-10-18 02:51:00.238,106644.36,0.00047,50.1228492
2025-10-18 02:51:00.271,106644.35,0.00856,912.875636
2025-10-18 02:51:01.256,106644.36,0.00015,15.996654
2025-10-18 02:51:01.258,106644.35,0.09382,10005.372917
2025-10-18 02:51:01.309,106644.36,0.00163,173.8303068
2025-10-18 02:51:01.686,106644.35,0.013,1386.37655
2025-10-18 02:51:01.688,106644.35,0.013,1386.37655
2025-10-18 02:51:01.690,106644.35,0.013,1386.37655
2025-10-18 02:51:01.783,106644.35,0.00187,199.4249345
2025-10-18 02:51:01.790,106644.35,0.00025,26.6610875
2025-10-18 02:51:01.829,106644.36,0.00098,104.51147279999999
2025-10-18 02:51:02.109,106644.35,0.00925,986.4602375
2025-10-18 02:51:02.317,106644.35,0.06968,7430.978308000001
2025-10-18 02:51:02.637,106644.35,0.00187,199.4249345
2025-10-18 02:51:03.309,106644.35,0.07021,7487.4998135
2025-10-18 02:51:04.097,106643.92,0.0001,10.664392000000001
2025-10-18 02:51:04.098,106643.54,0.0001,10.664354
2025-10-18 02:51:04.099,106642.0,0.0026,277.2692
2025-10-18 02:51:04.100,106638.29,0.03368,3591.5776072
2025-10-18 02:51:04.101,106638.29,5e-05,5.3319145
2025-10-18 02:51:04.104,106638.0,0.00275,293.2545
2025-10-18 02:51:04.106,106636.0,0.00275,293.24899999999997
2025-10-18 02:51:04.119,106635.39,0.00345,367.8920955
2025-10-18 02:51:04.123,106634.0,0.00275,293.2435
2025-10-18 02:51:04.124,106630.0,0.00065,69.3095
2025-10-18 02:51:04.282,106630.0,0.001,106.63
2025-10-18 02:51:04.284,106630.0,0.001,106.63
2025-10-18 02:51:04.285,106630.0,0.001,106.63
2025-10-18 02:51:04.313,106630.01,0.00092,98.0996092
2025-10-18 02:51:04.362,106630.0,0.00352,375.3376
2025-10-18 02:51:04.518,106630.0,0.001,106.63
2025-10-18 02:51:04.519,106630.0,0.001,106.63
2025-10-18 02:51:04.520,106630.0,0.001,106.63
2025-10-18 02:51:04.714,106630.01,0.00046,49.0498046
2025-10-18 02:51:04.729,106630.0,0.00367,391.3321
2025-10-18 02:51:04.738,106629.24,0.0011,117.29216400000001
2025-10-18 02:51:04.788,106628.95,0.0001,10.662895
2025-10-18 02:51:04.825,106625.62,5e-05,5.331281
2025-10-18 02:51:04.842,106620.28,0.001,106.62028000000001
2025-10-18 02:51:04.845,106620.28,0.001,106.62028000000001
2025-10-18 02:51:04.846,106620.28,0.001,106.62028000000001
2025-10-18 02:51:05.282,106620.28,0.09385,10006.313278
2025-10-18 02:51:05.574,106620.29,0.00557,593.8750153
2025-10-18 02:51:05.576,106620.29,0.0486,5181.746093999999
2025-10-18 02:51:06.320,106620.28,0.05934,6326.8474152
2025-10-18 02:51:06.343,106620.29,0.00094,100.2230726
2025-10-18 02:51:06.709,106620.28,0.00188,200.4461264
2025-10-18 02:51:06.715,106616.12,0.0001,10.661612
2025-10-18 02:51:06.977,106610.19,0.01426,1520.2613094
2025-10-18 02:51:07.043,106610.19,0.00098,104.4779862
2025-10-18 02:51:07.143,106610.19,0.00335,357.1441365
2025-10-18 02:51:07.316,106610.18,0.09385,10005.365393
2025-10-18 02:51:08.132,106610.19,0.00345,367.8051555
2025-10-18 02:51:08.179,106610.18,0.013,1385.9323399999998
2025-10-18 02:51:08.283,106610.18,0.09385,10005.365393
2025-10-18 02:51:08.563,106610.19,0.00352,375.26786880000003
2025-10-18 02:51:08.724,106610.19,0.00035,37.3135665
2025-10-18 02:51:08.731,106610.19,0.00045,47.974585499999996
2025-10-18 02:51:08.785,106610.19,0.01874,1997.8749606000001
2025-10-18 02:51:08.817,106610.18,0.013,1385.9323399999998
2025-10-18 02:51:08.933,106610.19,0.0001,10.661019000000001
2025-10-18 02:51:09.348,106610.19,0.01023,1090.6222437
2025-10-18 02:51:09.408,106610.19,0.00073,77.82543869999999
2025-10-18 02:51:09.417,106610.18,0.09385,10005.365393
2025-10-18 02:51:09.725,106610.18,0.013,1385.9323399999998
2025-10-18 02:51:09.726,106610.18,0.013,1385.9323399999998
2025-10-18 02:51:09.851,106610.19,0.00057,60.7678083
2025-10-18 02:51:09.888,106610.18,0.00093,99.1474674
2025-10-18 02:51:09.903,106608.46,5e-05,5.330423000000001
2025-10-18 02:51:09.915,106603.99,0.00272,289.9628528
2025-10-18 02:51:09.918,106603.99,0.013,1385.85187
2025-10-18 02:51:09.919,106602.0,0.00295,314.47589999999997
2025-10-18 02:51:09.955,106600.53,0.12902,13753.600380599999
2025-10-18 02:51:10.522,106600.52,0.02161,2303.6372372
2025-10-18 02:51:10.884,106600.53,0.02968,3163.9037304000003
2025-10-18 02:51:11.108,106600.53,6e-05,6.3960318
2025-10-18 02:51:11.213,106600.52,5e-05,5.330026
2025-10-18 02:51:11.326,106600.53,0.00187,199.34299109999998
2025-10-18 02:51:11.396,106600.52,0.00019,20.2540988
2025-10-18 02:51:11.617,106600.52,0.09386,10005.5248072
2025-10-18 02:51:11.670,106600.53,0.00094,100.20449819999999
2025-10-18 02:51:11.767,106600.53,0.0007,74.62037099999999
2025-10-18 02:51:11.824,106600.53,0.00097,103.4025141
2025-10-18 02:51:11.875,106600.53,0.0486,5180.785758
2025-10-18 02:51:11.877,106600.53,0.0086,916.764558
2025-10-18 02:51:12.066,106600.53,0.00018,19.1880954
2025-10-18 02:51:12.207,106600.53,0.12867,13716.2901951
2025-10-18 02:51:12.581,106600.52,0.00093,99.13848360000001
2025-10-18 02:51:12.683,106600.52,0.09386,10005.5248072
2025-10-18 02:51:12.768,106600.53,0.00047,50.102249099999995
2025-10-18 02:51:13.065,106600.52,9e-05,9.594046800000001
2025-10-18 02:51:13.350,106600.53,6e-05,6.3960318
2025-10-18 02:51:13.436,106600.53,0.00607,647.0652170999999
2025-10-18 02:51:13.500,106600.52,0.00041,43.7062132
2025-10-18 02:51:13.608,106600.53,0.00053,56.4982809
2025-10-18 02:51:13.686,106600.53,0.0469,4999.564856999999
2025-10-18 02:51:13.768,106600.52,0.09386,10005.5248072
2025-10-18 02:51:14.133,106600.52,0.007,746.2036400000001
2025-10-18 02:51:14.241,106600.52,0.007,746.2036400000001
2025-10-18 02:51:14.243,106600.52,0.007,746.2036400000001
2025-10-18 02:51:14.285,106600.53,0.00062,66.0923286
2025-10-18 02:51:14.321,106600.53,0.00091,97.0064823
2025-10-18 02:51:14.475,106600.52,0.0001,10.660052
2025-10-18 02:51:15.017,106600.52,0.09386,10005.5248072
2025-10-18 02:51:15.123,106600.52,9e-05,9.594046800000001
2025-10-18 02:51:15.751,106600.53,0.00014,14.924074199999998
2025-10-18 02:51:15.768,106600.52,0.00074,78.8843848
2025-10-18 02:51:15.821,106600.52,0.00075,79.95039
2025-10-18 02:51:15.944,106600.52,0.09386,10005.5248072
2025-10-18 02:51:16.436,106600.53,5e-05,5.3300265
2025-10-18 02:51:16.576,106600.52,0.0001,10.660052
2025-10-18 02:51:16.938,106600.53,0.093,9913.84929
2025-10-18 02:51:17.017,106600.52,0.00376,400.81795520000003
2025-10-18 02:51:17.334,106600.52,0.00099,105.5345148
2025-10-18 02:51:17.335,106600.52,0.0011,117.26057200000001
2025-10-18 02:51:17.350,106600.53,0.00056,59.69629679999999
2025-10-18 02:51:17.562,106600.52,0.00063,67.1583276
2025-10-18 02:51:17.782,106600.53,0.0486,5180.785758
2025-10-18 02:51:17.944,106600.53,0.00414,441.3261942
2025-10-18 02:51:18.175,106600.52,8e-05,8.528041600000002
2025-10-18 02:51:18.260,106600.53,0.00015,15.990079499999998
2025-10-18 02:51:18.351,106600.53,0.00305,325.1316165
2025-10-18 02:51:19.065,106600.52,0.013,1385.80676
2025-10-18 02:51:19.067,106600.52,0.013,1385.80676
2025-10-18 02:51:19.118,106600.53,0.00013,13.8580689
2025-10-18 02:51:19.299,106600.52,8e-05,8.528041600000002
2025-10-18 02:51:19.326,106600.53,0.00055,58.630291500000006
2025-10-18 02:51:19.405,106600.53,0.00067,71.4223551
2025-10-18 02:51:19.540,106600.52,8e-05,8.528041600000002
2025-10-18 02:51:19.596,106600.53,0.002,213.20106
2025-10-18 02:51:19.986,106600.53,0.0001,10.660053
2025-10-18 02:51:20.250,106600.52,0.013,1385.80676
2025-10-18 02:51:20.252,106600.52,0.013,1385.80676
2025-10-18 02:51:21.220,106600.53,0.00682,727.0156145999999
2025-10-18 02:51:21.510,106600.53,0.00383,408.2800299
2025-10-18 02:51:21.845,106600.53,0.0006,63.960317999999994
2025-10-18 02:51:21.961,106600.52,8e-05,8.528041600000002
2025-10-18 02:51:22.171,106600.53,0.00058,61.8283074
2025-10-18 02:51:22.563,106600.53,0.00328,349.6497384
2025-10-18 02:51:23.013,106600.52,0.00154,164.1648008
2025-10-18 02:51:23.057,106600.52,0.00019,20.2540988
2025-10-18 02:51:23.323,106600.52,0.00183,195.0789516
2025-10-18 02:51:23.836,106600.01,0.0486,5180.760485999999
2025-10-18 02:51:23.921,106600.01,9e-05,9.5940009
2025-10-18 02:51:25.330,106600.01,0.00023,24.5180023
2025-10-18 02:51:25.694,106600.01,9e-05,9.5940009
2025-10-18 02:51:25.727,106600.01,0.00018,19.1880018
2025-10-18 02:51:26.241,106600.01,0.00051,54.3660051
2025-10-18 02:51:27.061,106600.0,0.01738,1852.7079999999999
2025-10-18 02:51:27.065,106599.21,0.00145,154.5688545
2025-10-18 02:51:27.072,106599.2,0.001,106.5992
2025-10-18 02:51:27.075,106599.2,0.001,106.5992
2025-10-18 02:51:27.078,106599.2,0.001,106.5992
2025-10-18 02:51:27.139,106599.2,0.0011,117.25912000000001
2025-10-18 02:51:27.141,106597.18,0.00015,15.989576999999997
2025-10-18 02:51:27.146,106596.28,0.0016,170.554048
2025-10-18 02:51:27.150,106596.26,0.00275,293.13971499999997
2025-10-18 02:51:27.182,106596.01,0.00018,19.1872818
2025-10-18 02:51:27.206,106595.99,0.0011,117.25558900000001
2025-10-18 02:51:27.267,106594.37,0.00049,52.23124129999999
2025-10-18 02:51:28.356,106594.36,9e-05,9.5934924
2025-10-18 02:51:28.592,106594.37,0.01407,1499.7827859
2025-10-18 02:51:29.089,106594.36,0.00613,653.4234268
2025-10-18 02:51:29.091,106592.57,0.00375,399.72213750000003
2025-10-18 02:51:29.092,106592.56,0.0001,10.659256000000001
2025-10-18 02:51:29.094,106590.95,0.00149,158.8205155
2025-10-18 02:51:29.096,106590.71,0.0005,53.29535500000001
2025-10-18 02:51:29.100,106590.7,0.001,106.5907
2025-10-18 02:51:29.101,106590.7,0.001,106.5907
2025-10-18 02:51:29.138,106590.32,0.00015,15.988548
2025-10-18 02:51:29.147,106588.57,5e-05,5.329428500000001
2025-10-18 02:51:29.153,106588.29,0.00321,342.1484109
2025-10-18 02:51:29.155,106586.0,0.00295,314.4287
2025-10-18 02:51:29.156,106585.07,5e-05,5.329253500000001
2025-10-18 02:51:29.158,106582.0,0.003,319.746
2025-10-18 02:51:29.183,106582.0,0.0024,255.7968
2025-10-18 02:51:29.191,106581.82,6e-05,6.394909200000001
2025-10-18 02:51:29.192,106581.82,0.00145,154.543639
2025-10-18 02:51:29.367,106581.37,0.00177,188.6490249
2025-10-18 02:51:29.371,106579.99,0.0002,21.315998
2025-10-18 02:51:29.572,106579.2,0.0001,10.65792
2025-10-18 02:51:29.608,106575.99,0.0001,10.657599000000001
2025-10-18 02:51:29.670,106574.0,0.00045,47.9583
2025-10-18 02:51:29.727,106574.01,0.00082,87.3906882
2025-10-18 02:51:29.965,106574.0,0.00424,451.87376
2025-10-18 02:51:30.004,106574.01,0.0486,5179.496886
2025-10-18 02:51:30.799,106568.0,0.0031,330.3608
2025-10-18 02:51:30.986,106568.0,0.00018,19.18224
2025-10-18 02:51:31.075,106568.0,0.00046,49.021280000000004
2025-10-18 02:51:31.319,106562.65,0.00015,15.984397499999998
2025-10-18 02:51:31.750,106562.65,0.0002,21.31253
2025-10-18 02:51:31.805,106562.64,0.013,1385.31432
2025-10-18 02:51:31.806,106562.64,0.013,1385.31432
2025-10-18 02:51:31.848,106562.64,0.001,106.56264
2025-10-18 02:51:31.849,106562.64,0.00045,47.953188
2025-10-18 02:51:31.852,106562.38,0.00105,111.89049899999999
2025-10-18 02:51:31.857,106561.86,0.001,106.56186
2025-10-18 02:51:31.880,106561.86,0.09589,10218.2167554
2025-10-18 02:51:31.898,106561.0,6e-05,6.393660000000001
2025-10-18 02:51:31.937,106559.99,0.0002,21.311998000000003
2025-10-18 02:51:31.973,106552.0,0.00445,474.1564
2025-10-18 02:51:32.008,106549.88,0.00046,49.01294480000001
2025-10-18 02:51:32.021,106549.87,0.013,1385.1483099999998
2025-10-18 02:51:32.651,106549.87,5e-05,5.3274935
2025-10-18 02:51:32.654,106549.87,0.562,59881.02694
2025-10-18 02:51:32.713,106549.88,0.0002,21.309976000000002
2025-10-18 02:51:33.118,106549.88,0.00011,11.720486800000002
2025-10-18 02:51:33.311,106542.89,5e-05,5.3271445
2025-10-18 02:51:33.313,106540.82,0.00082,87.3634724
2025-10-18 02:51:33.870,106540.81,9e-05,9.5886729
2025-10-18 02:51:33.928,106540.81,9e-05,9.5886729
2025-10-18 02:51:34.016,106540.82,0.00094,100.14837080000001
2025-10-18 02:51:34.032,106530.67,0.00315,335.5716105
2025-10-18 02:51:34.036,106526.94,0.00082,87.3520908
2025-10-18 02:51:34.038,106526.94,0.00022,23.4359268
2025-10-18 02:51:34.068,106526.94,0.00704,749.9496576
2025-10-18 02:51:34.127,106526.94,0.04693,4999.3092942
2025-10-18 02:51:34.230,106526.94,0.0002,21.305388
2025-10-18 02:51:34.688,106526.93,0.562,59868.13466
2025-10-18 02:51:34.995,106526.92,0.00078,83.0909976
2025-10-18 02:51:34.997,106526.92,0.00032,34.088614400000004
2025-10-18 02:51:35.353,106521.2,7e-05,7.456483999999999
2025-10-18 02:51:35.357,106514.77,6e-05,6.390886200000001
2025-10-18 02:51:35.370,106514.77,0.00016,17.0423632
2025-10-18 02:51:35.391,106514.78,0.00093,99.0587454
2025-10-18 02:51:35.579,106514.78,0.00394,419.6682332
2025-10-18 02:51:35.584,106514.78,0.00696,741.3428688
2025-10-18 02:51:35.965,106514.78,0.00065,69.234607
2025-10-18 02:51:35.974,106514.77,9e-05,9.586329300000001
2025-10-18 02:51:36.022,106514.77,0.562,59861.300740000006
2025-10-18 02:51:36.074,106514.78,0.0486,5176.618308
2025-10-18 02:51:36.076,106514.78,0.01428,1521.0310584
2025-10-18 02:51:36.269,106514.78,6e-05,6.3908868000000005
2025-10-18 02:51:36.306,106514.78,0.00608,647.6098624
2025-10-18 02:51:36.575,106514.77,7e-05,7.4560338999999995
2025-10-18 02:51:36.641,106514.77,8e-05,8.5211816
2025-10-18 02:51:36.680,106513.59,0.00469,499.5487371
2025-10-18 02:51:36.834,106513.6,0.0002,21.30272
2025-10-18 02:51:37.238,106513.59,0.00017,18.1073103
2025-10-18 02:51:37.273,106513.59,8e-05,8.5210872
2025-10-18 02:51:37.330,106513.59,0.562,59860.63758
2025-10-18 02:51:37.434,106513.59,8e-05,8.5210872
2025-10-18 02:51:37.567,106513.6,0.0001,10.65136
2025-10-18 02:51:37.970,106513.59,0.562,59860.63758
2025-10-18 02:51:38.101,106513.59,9e-05,9.5862231
2025-10-18 02:51:38.335,106513.6,0.00287,305.69403200000005
2025-10-18 02:51:38.337,106513.6,0.00393,418.5984480000001
2025-10-18 02:51:38.338,106513.6,0.00187,199.180432
2025-10-18 02:51:38.340,106513.6,0.00468,498.483648
2025-10-18 02:51:38.591,106513.6,0.0001,10.65136
2025-10-18 02:51:38.607,106513.59,0.562,59860.63758
2025-10-18 02:51:38.871,106513.59,7e-05,7.455951299999999
2025-10-18 02:51:39.208,106513.59,9e-05,9.5862231
2025-10-18 02:51:39.244,106513.59,0.562,59860.63758
2025-10-18 02:51:39.684,106513.6,0.00057,60.712752
2025-10-18 02:51:39.810,106513.6,0.00346,368.537056
2025-10-18 02:51:39.874,106513.59,0.562,59860.63758
2025-10-18 02:51:40.066,106513.6,7e-05,7.455952
2025-10-18 02:51:40.117,106513.6,0.0001,10.65136
2025-10-18 02:51:40.418,106513.59,0.00027,28.7586693
2025-10-18 02:51:40.451,106513.6,0.00246,262.023456
2025-10-18 02:51:40.452,106513.6,0.00246,262.023456
2025-10-18 02:51:40.503,106513.59,0.562,59860.63758
2025-10-18 02:51:40.613,106513.59,0.00133,141.6630747
2025-10-18 02:51:40.821,106513.59,9e-05,9.5862231
2025-10-18 02:51:41.121,106513.6,0.0001,10.65136
2025-10-18 02:51:41.159,106512.53,0.03233,3443.5500948999997
2025-10-18 02:51:41.337,106512.53,9e-05,9.5861277
2025-10-18 02:51:41.660,106512.53,7e-05,7.4558770999999995
2025-10-18 02:51:41.662,106512.53,6e-05,6.3907518
2025-10-18 02:51:41.807,106511.47,6e-05,6.3906882000000005
2025-10-18 02:51:41.958,106510.37,0.005,532.55185
2025-10-18 02:51:42.032,106510.37,0.00172,183.1978364
2025-10-18 02:51:42.257,106510.37,0.0486,5176.403982
2025-10-18 02:51:42.292,106510.36,0.00018,19.1718648
2025-10-18 02:51:42.426,106510.36,9e-05,9.5859324
2025-10-18 02:51:42.471,106508.84,0.00015,15.976325999999998
2025-10-18 02:51:42.788,106507.21,8e-05,8.5205768
2025-10-18 02:51:43.128,106507.21,0.562,59857.05202000001
2025-10-18 02:51:43.186,106507.22,0.0002,21.301444
2025-10-18 02:51:43.472,106507.21,0.00377,401.5321817
2025-10-18 02:51:43.556,106507.21,9e-05,9.5856489
2025-10-18 02:51:43.704,106507.21,9e-05,9.5856489
2025-10-18 02:51:43.785,106507.21,0.562,59857.05202000001
2025-10-18 02:51:43.863,106507.22,0.01831,1950.1471982
2025-10-18 02:51:44.434,106505.71,9e-05,9.5855139
2025-10-18 02:51:44.779,106503.24,0.0001,10.650324000000001
2025-10-18 02:51:44.905,106503.24,0.00502,534.6462648
2025-10-18 02:51:44.910,106503.23,0.0001,10.650323
2025-10-18 02:51:44.914,106503.24,0.00147,156.55976280000002
2025-10-18 02:51:45.083,106501.65,0.0001,10.650165
2025-10-18 02:51:45.089,106500.01,0.00534,568.7100534
2025-10-18 02:51:45.224,106500.01,0.00239,254.5350239
2025-10-18 02:51:45.621,106500.0,0.5,53250.0
2025-10-18 02:51:45.639,106500.01,6e-05,6.3900006
2025-10-18 02:51:45.643,106500.01,8e-05,8.5200008
2025-10-18 02:51:45.672,106500.01,6e-05,6.3900006
2025-10-18 02:51:45.714,106500.0,0.562,59853.00000000001
2025-10-18 02:51:45.864,106500.01,0.03473,3698.7453472999996
2025-10-18 02:51:46.369,106499.79,0.00807,859.4533053
2025-10-18 02:51:46.450,106499.8,0.00013,13.844973999999999
2025-10-18 02:51:46.660,106499.8,0.00309,329.084382
2025-10-18 02:51:47.017,106496.55,0.00165,175.7193075
2025-10-18 02:51:47.019,106495.76,0.00462,492.01041119999996
2025-10-18 02:51:47.020,106495.74,0.00015,15.974361
2025-10-18 02:51:47.095,106495.74,0.0001,10.649574000000001
2025-10-18 02:51:47.100,106495.74,0.17001,18105.3407574
2025-10-18 02:51:47.178,106495.74,0.00765,814.692411
2025-10-18 02:51:47.317,106495.73,8e-05,8.5196584
2025-10-18 02:51:47.669,106493.23,0.26526,28248.394189799998
2025-10-18 02:51:48.317,106493.23,0.562,59849.19526
2025-10-18 02:51:48.399,106493.24,0.0486,5175.571464
2025-10-18 02:51:48.402,106493.24,0.00405,431.297622
2025-10-18 02:51:48.574,106493.24,0.00098,104.36337520000001
2025-10-18 02:51:48.961,106493.23,0.562,59849.19526
2025-10-18 02:51:48.971,106493.24,0.01825,1943.50163
2025-10-18 02:51:49.081,106493.23,0.00093,99.0387039
2025-10-18 02:51:49.215,106493.24,0.15212,16199.751668800001
2025-10-18 02:51:49.220,106493.24,0.0006,63.895944
2025-10-18 02:51:49.524,106493.23,0.00272,289.6615856
2025-10-18 02:51:49.602,106493.23,0.562,59849.19526
2025-10-18 02:51:50.175,106493.23,0.00142,151.2203866
2025-10-18 02:51:50.241,106493.23,0.562,59849.19526
2025-10-18 02:51:50.459,106493.24,0.00035,37.272634000000004
2025-10-18 02:51:50.627,106493.24,0.00052,55.3764848
2025-10-18 02:51:50.895,106493.23,0.562,59849.19526
2025-10-18 02:51:50.913,106493.23,8e-05,8.5194584
2025-10-18 02:51:51.232,106493.23,0.01329,1415.2950266999999
2025-10-18 02:51:51.533,106493.23,0.562,59849.19526
2025-10-18 02:51:52.070,106493.24,0.00012,12.779188800000002
2025-10-18 02:51:52.171,106493.23,0.562,59849.19526
2025-10-18 02:51:52.235,106493.23,9e-05,9.5843907
2025-10-18 02:51:52.394,106493.23,9e-05,9.5843907
2025-10-18 02:51:52.661,106493.24,0.00193,205.53195320000003
2025-10-18 02:51:52.744,106493.24,0.00014,14.9090536
2025-10-18 02:51:52.814,106493.23,0.562,59849.19526
2025-10-18 02:51:53.216,106493.24,0.00735,782.725314
2025-10-18 02:51:53.394,106493.23,9e-05,9.5843907
2025-10-18 02:51:53.475,106493.23,0.562,59849.19526
2025-10-18 02:51:54.032,106493.24,0.00109,116.0776316
2025-10-18 02:51:54.120,106493.23,0.562,59849.19526
2025-10-18 02:51:54.237,106493.24,0.00014,14.9090536
2025-10-18 02:51:54.484,106493.24,0.00029,30.8830396
2025-10-18 02:51:54.778,106493.23,0.562,59849.19526
2025-10-18 02:51:55.414,106493.23,0.0001,10.649323
2025-10-18 02:51:55.421,106493.23,0.562,59849.19526
2025-10-18 02:51:55.576,106493.24,0.027,2875.31748
2025-10-18 02:51:55.681,106493.24,0.03236,3446.1212464
2025-10-18 02:51:55.771,106493.24,0.00059,62.831011600000004
2025-10-18 02:51:55.842,106493.24,0.27621,29414.497820400004
2025-10-18 02:51:56.081,106493.23,0.562,59849.19526
2025-10-18 02:51:56.166,106493.24,0.00469,499.4532956
2025-10-18 02:51:56.301,106493.24,0.00082,87.32445680000001
2025-10-18 02:51:56.580,106493.23,8e-05,8.5194584
2025-10-18 02:51:56.725,106493.23,0.562,59849.19526
2025-10-18 02:51:57.051,106493.24,0.00045,47.921958000000004
2025-10-18 02:51:57.128,106493.24,0.00677,720.9592348
2025-10-18 02:51:57.180,106493.24,0.00019,20.233715600000004
2025-10-18 02:51:57.263,106493.23,0.00011,11.7142553
2025-10-18 02:51:57.371,106493.23,0.51313,54644.87110989999
2025-10-18 02:51:57.382,106493.23,0.425,45259.622749999995
2025-10-18 02:51:57.499,106493.24,0.00144,153.35026560000003
2025-10-18 02:51:57.959,106493.23,9e-05,9.5843907
2025-10-18 02:51:58.489,106493.24,0.00093,99.0387132
2025-10-18 02:51:59.028,106493.23,0.00032,34.0778336
2025-10-18 02:51:59.034,106493.23,0.013,1384.4119899999998
2025-10-18 02:51:59.037,106493.23,0.013,1384.4119899999998
2025-10-18 02:51:59.038,106493.23,0.013,1384.4119899999998
2025-10-18 02:51:59.198,106493.23,0.00281,299.2459763
2025-10-18 02:51:59.430,106493.24,5e-05,5.324662000000001
2025-10-18 02:51:59.514,106493.24,0.00114,121.40229360000001
2025-10-18 02:52:00.474,106493.23,0.013,1384.4119899999998
2025-10-18 02:52:00.476,106493.23,0.013,1384.4119899999998
2025-10-18 02:52:00.694,106493.24,0.00237,252.38897880000002
2025-10-18 02:52:00.760,106493.24,9e-05,9.584391600000002
2025-10-18 02:52:00.827,106493.24,0.00496,528.2064704000001
2025-10-18 02:52:01.084,106493.24,0.00018,19.168783200000004
2025-10-18 02:52:01.190,106493.24,0.06304,6713.333849600001
2025-10-18 02:52:01.194,106493.24,0.00028,29.8181072
2025-10-18 02:52:01.382,106493.24,0.1253,13343.602972
2025-10-18 02:52:01.404,106493.23,9e-05,9.5843907
2025-10-18 02:52:02.395,106493.24,0.00516,549.5051184
2025-10-18 02:52:02.547,106493.24,0.02156,2295.9942544
2025-10-18 02:52:02.855,106493.24,0.44194,47063.622485600004
2025-10-18 02:52:02.865,106493.41,0.0001,10.649341000000002
2025-10-18 02:52:02.866,106493.52,0.00328,349.2987456
2025-10-18 02:52:02.869,106493.84,0.04027,4288.5069367999995
2025-10-18 02:52:02.870,106493.84,0.0002,21.298768
2025-10-18 02:52:02.873,106493.84,0.0001,10.649384
2025-10-18 02:52:02.876,106493.85,0.0002,21.29877
2025-10-18 02:52:02.882,106494.31,0.0002,21.298862
2025-10-18 02:52:02.887,106494.31,0.00015,15.974146499999998
2025-10-18 02:52:02.892,106494.31,6e-05,6.3896586
2025-10-18 02:52:02.903,106495.85,5e-05,5.324792500000001
2025-10-18 02:52:02.907,106496.44,0.0002,21.299288
2025-10-18 02:52:02.911,106497.32,0.0002,21.299464000000004
2025-10-18 02:52:02.912,106497.49,9e-05,9.5847741
2025-10-18 02:52:02.913,106497.49,7e-05,7.454824299999999
2025-10-18 02:52:02.917,106497.5,0.0002,21.299500000000002
2025-10-18 02:52:02.930,106499.62,0.00122,129.9295364
2025-10-18 02:52:02.933,106499.62,0.01362,1450.5248244
2025-10-18 02:52:02.940,106499.63,0.00055,58.574796500000005
2025-10-18 02:52:02.958,106499.81,0.0001,10.649981
2025-10-18 02:52:02.978,106499.81,0.00116,123.5397796
2025-10-18 02:52:03.087,106499.82,0.00546,581.4890172
2025-10-18 02:52:03.114,106499.82,0.00101,107.56481820000002
2025-10-18 02:52:03.164,106504.26,0.00014,14.910596399999998
2025-10-18 02:52:03.172,106504.26,0.00285,303.537141
2025-10-18 02:52:03.199,106504.26,0.00142,151.2360492
2025-10-18 02:52:03.317,106504.26,0.0001,10.650426
2025-10-18 02:52:03.326,106504.26,0.00635,676.3020509999999
2025-10-18 02:52:03.400,106504.26,0.0001,10.650426
2025-10-18 02:52:03.507,106504.26,0.04955,5277.286082999999
2025-10-18 02:52:03.514,106508.63,5e-05,5.3254315000000005
2025-10-18 02:52:03.527,106509.21,0.00255,271.59848550000004
2025-10-18 02:52:03.562,106511.54,0.00149,158.70219459999998
2025-10-18 02:52:03.774,106511.68,9e-05,9.5860512
2025-10-18 02:52:03.865,106511.68,0.00196,208.76289279999997
2025-10-18 02:52:03.918,106511.69,0.00172,183.2001068
2025-10-18 02:52:03.969,106511.68,5e-05,5.325584
2025-10-18 02:52:04.185,106511.69,0.0001,10.651169000000001
2025-10-18 02:52:04.429,106511.68,0.00027,28.7581536
2025-10-18 02:52:05.135,106511.69,0.00669,712.5632061
2025-10-18 02:52:05.279,106511.69,0.0047,500.60494300000005
2025-10-18 02:52:05.426,106511.69,9e-05,9.586052100000002
2025-10-18 02:52:05.667,106511.68,9e-05,9.5860512
2025-10-18 02:52:06.012,106511.69,0.00386,411.1351234
2025-10-18 02:52:06.449,106511.69,0.00046,48.9953774
2025-10-18 02:52:06.576,106511.68,8e-05,8.5209344
2025-10-18 02:52:07.314,106511.69,0.00048,51.1256112
2025-10-18 02:52:07.416,106511.69,0.0007,74.558183
2025-10-18 02:52:07.419,106511.68,8e-05,8.5209344
2025-10-18 02:52:08.547,106511.69,0.00417,444.1537473
2025-10-18 02:52:08.731,106511.68,8e-05,8.5209344
2025-10-18 02:52:08.822,106511.68,0.00025,26.62792
2025-10-18 02:52:09.450,106509.19,0.0001,10.650919
2025-10-18 02:52:09.457,106509.0,0.00986,1050.17874
2025-10-18 02:52:09.466,106508.63,0.0015,159.762945
2025-10-18 02:52:09.517,106507.0,0.00015,15.976049999999999
2025-10-18 02:52:09.518,106506.61,0.00015,15.9759915
2025-10-18 02:52:09.585,106505.3,2.0376,217015.19928
2025-10-18 02:52:09.629,106505.29,0.00718,764.7079822
2025-10-18 02:52:09.715,106505.28,0.00156,166.1482368
2025-10-18 02:52:09.914,106504.25,0.00014,14.910594999999999
2025-10-18 02:52:10.046,106504.26,0.03975,4233.544335
2025-10-18 02:52:10.344,106504.25,0.00012,12.78051
2025-10-18 02:52:10.528,106504.26,0.0001,10.650426
2025-10-18 02:52:10.675,106504.25,0.001,106.50425
2025-10-18 02:52:10.780,106504.25,0.06206,6609.653754999999
2025-10-18 02:52:10.854,106504.26,0.00187,199.16296619999997
2025-10-18 02:52:11.680,106504.26,0.00034,36.2114484
2025-10-18 02:52:12.093,106504.25,0.02963,3155.7209275
2025-10-18 02:52:12.291,106504.26,0.32739,34868.4296814
2025-10-18 02:52:12.297,106504.26,0.30858,32865.0845508
2025-10-18 02:52:12.306,106504.26,0.11676,12435.437397599999
2025-10-18 02:52:12.307,106504.26,5e-05,5.325213
2025-10-18 02:52:12.316,106504.26,0.00123,131.0002398
2025-10-18 02:52:12.333,106505.28,0.00015,15.975791999999998
2025-10-18 02:52:12.334,106505.29,0.00105,111.83055449999999
2025-10-18 02:52:12.351,106505.3,0.0415,4419.969950000001
2025-10-18 02:52:12.364,106505.5,0.00015,15.975824999999999
2025-10-18 02:52:12.371,106507.01,5e-05,5.3253505
2025-10-18 02:52:12.382,106510.48,5e-05,5.325524
2025-10-18 02:52:12.384,106510.65,0.01334,1420.8520709999998
2025-10-18 02:52:12.385,106510.65,0.01334,1420.8520709999998
2025-10-18 02:52:12.396,106510.65,0.00077,82.0132005
2025-10-18 02:52:12.413,106512.25,0.24637,26241.4230325
2025-10-18 02:52:12.511,106512.26,0.00045,47.930516999999995
2025-10-18 02:52:12.621,106513.59,9e-05,9.5862231
2025-10-18 02:52:12.902,106513.6,0.00392,417.533312
2025-10-18 02:52:13.153,106513.6,0.00012,12.781632000000002
2025-10-18 02:52:13.574,106513.6,0.0015,159.77040000000002
2025-10-18 02:52:13.605,106513.59,0.00796,847.8481763999999
2025-10-18 02:52:13.949,106513.59,0.0001,10.651359
2025-10-18 02:52:14.022,106513.59,0.00012,12.7816308
2025-10-18 02:52:14.173,106513.6,0.0001,10.65136
2025-10-18 02:52:14.825,106513.6,9e-05,9.586224000000001
2025-10-18 02:52:14.882,106513.59,0.00095,101.1879105
2025-10-18 02:52:15.168,106513.6,0.0001,10.65136
2025-10-18 02:52:15.423,106513.6,7e-05,7.455952
2025-10-18 02:52:15.533,106513.6,0.00134,142.728224
2025-10-18 02:52:15.545,106513.6,0.00014,14.911904
2025-10-18 02:52:15.594,106513.6,0.0002,21.30272
2025-10-18 02:52:15.632,106513.59,0.0001,10.651359
2025-10-18 02:52:16.107,106513.59,8e-05,8.5210872
2025-10-18 02:52:16.124,106513.59,0.00024,25.5632616
2025-10-18 02:52:16.175,106513.6,0.0001,10.65136
2025-10-18 02:52:16.466,106513.6,0.00098,104.383328
2025-10-18 02:52:16.639,106513.6,0.00346,368.537056
2025-10-18 02:52:16.743,106513.6,0.0001,10.65136
2025-10-18 02:52:16.768,106513.6,0.00187,199.180432
2025-10-18 02:52:16.820,106513.6,0.00029,30.888944000000002
2025-10-18 02:52:16.847,106513.6,0.00029,30.888944000000002
2025-10-18 02:52:16.939,106513.6,0.00019,20.237584000000002
2025-10-18 02:52:16.982,106513.6,0.00015,15.977039999999999
2025-10-18 02:52:17.026,106513.59,0.00011,11.7164949
2025-10-18 02:52:17.205,106513.6,0.0001,10.65136
2025-10-18 02:52:17.275,106513.6,0.00348,370.667328
2025-10-18 02:52:17.499,106513.59,0.09393,10004.821508699999
2025-10-18 02:52:17.894,106513.6,0.00499,531.502864
2025-10-18 02:52:17.971,106513.59,9e-05,9.5862231
2025-10-18 02:52:17.991,106513.6,6e-05,6.390816000000001
2025-10-18 02:52:18.010,106513.6,0.00029,30.888944000000002
2025-10-18 02:52:18.118,106513.6,0.00029,30.888944000000002
2025-10-18 02:52:18.191,106513.6,0.00028,29.823808
2025-10-18 02:52:18.210,106513.6,0.0001,10.65136
2025-10-18 02:52:18.261,106513.6,0.00013,13.846767999999999
2025-10-18 02:52:18.339,106513.6,6e-05,6.390816000000001
2025-10-18 02:52:18.352,106513.6,0.0001,10.65136
2025-10-18 02:52:18.498,106513.6,0.13501,14380.401136
2025-10-18 02:52:18.499,106514.55,0.0001,10.651455
2025-10-18 02:52:18.501,106520.16,0.0001,10.652016000000001
2025-10-18 02:52:18.512,106524.73,6e-05,6.3914838
2025-10-18 02:52:18.534,106524.73,0.00551,586.9512622999999
2025-10-18 02:52:18.563,106527.96,0.00035,37.284786000000004
2025-10-18 02:52:18.595,106530.89,0.00015,15.979633499999998
2025-10-18 02:52:18.618,106532.04,0.00036,38.3515344
2025-10-18 02:52:18.652,106532.05,0.0012,127.83846
2025-10-18 02:52:18.684,106534.03,0.00015,15.980104499999998
2025-10-18 02:52:18.709,106534.08,0.00065,69.247152
2025-10-18 02:52:18.781,106534.09,0.0004,42.613636
2025-10-18 02:52:18.804,106534.1,0.00123,131.036943
2025-10-18 02:52:18.938,106535.38,0.00168,178.97943840000002
2025-10-18 02:52:19.448,106535.37,0.00016,17.0456592
2025-10-18 02:52:19.616,106535.37,0.09391,10004.736596699999
2025-10-18 02:52:19.685,106535.37,9e-05,9.5881833
2025-10-18 02:52:20.702,106535.37,0.09391,10004.736596699999
2025-10-18 02:52:21.739,106535.37,0.09391,10004.736596699999
2025-10-18 02:52:21.950,106535.37,9e-05,9.5881833
2025-10-18 02:52:22.101,106535.38,0.00177,188.56762260000002
2025-10-18 02:52:22.377,106535.37,9e-05,9.5881833
2025-10-18 02:52:22.452,106535.37,0.0188,2002.864956
2025-10-18 02:52:22.465,106535.37,0.0014,149.149518
2025-10-18 02:52:22.678,106535.37,0.013,1384.9598099999998
2025-10-18 02:52:22.680,106535.37,0.013,1384.9598099999998
2025-10-18 02:52:22.817,106535.37,0.09391,10004.736596699999
2025-10-18 02:52:23.128,106535.38,0.0007,74.574766
2025-10-18 02:52:23.130,106535.38,0.00429,457.03678020000007
2025-10-18 02:52:23.132,106546.02,0.05602,5968.7080404
2025-10-18 02:52:23.137,106546.02,6e-05,6.392761200000001
2025-10-18 02:52:23.190,106546.01,0.21079,22458.8334479
2025-10-18 02:52:23.203,106546.02,0.027,2876.74254
2025-10-18 02:52:23.322,106546.02,0.00938,999.4016676
2025-10-18 02:52:23.328,106546.02,0.01868,1990.2796535999998
2025-10-18 02:52:23.336,106546.03,0.00085,90.56412549999999
2025-10-18 02:52:23.378,106548.01,0.0008,85.238408
2025-10-18 02:52:23.573,106550.0,9e-05,9.589500000000001
2025-10-18 02:52:23.592,106549.99,0.00839,893.9544161
2025-10-18 02:52:23.905,106549.99,0.0939,10005.044061
2025-10-18 02:52:24.923,106549.99,0.0939,10005.044061
2025-10-18 02:52:24.967,106550.0,0.00103,109.74650000000001
2025-10-18 02:52:25.054,106550.0,0.00236,251.45800000000003
2025-10-18 02:52:25.408,106551.24,0.10806,11513.9269944
2025-10-18 02:52:25.592,106551.24,0.0009,95.896116
2025-10-18 02:52:25.720,106551.24,9e-05,9.589611600000001
2025-10-18 02:52:25.909,106551.25,0.00012,12.786150000000001
2025-10-18 02:52:26.027,106551.24,0.0939,10005.161436
2025-10-18 02:52:26.086,106551.25,9e-05,9.589612500000001
2025-10-18 02:52:26.185,106551.24,0.07564,8059.5357936
2025-10-18 02:52:26.779,106551.25,7e-05,7.458587499999999
2025-10-18 02:52:26.897,106551.25,0.00012,12.786150000000001
2025-10-18 02:52:26.899,106551.25,0.00019,20.2447375
2025-10-18 02:52:27.015,106551.24,0.0939,10005.161436
2025-10-18 02:52:27.701,106556.35,0.00015,15.9834525
2025-10-18 02:52:27.813,106556.36,6e-05,6.3933816000000006
2025-10-18 02:52:27.916,106556.36,0.00012,12.786763200000001
2025-10-18 02:52:27.998,106556.35,0.0939,10005.641265
2025-10-18 02:52:28.295,106559.97,0.01416,1508.8891752000002
2025-10-18 02:52:28.515,106565.98,0.0015,159.84897
2025-10-18 02:52:28.518,106568.91,6e-05,6.3941346
2025-10-18 02:52:28.719,106568.91,0.00187,199.2838617
2025-10-18 02:52:28.815,106572.0,0.0026,277.0872
2025-10-18 02:52:28.917,106573.23,0.09389,10006.1605647
2025-10-18 02:52:29.084,106573.23,0.005,532.86615
2025-10-18 02:52:29.251,106573.23,8e-05,8.5258584
2025-10-18 02:52:29.336,106573.23,0.07052,7515.5441796
2025-10-18 02:52:29.338,106573.1,0.00125,133.216375
2025-10-18 02:52:29.341,106571.44,0.0002,21.314288
2025-10-18 02:52:29.347,106571.11,0.00055,58.6141105
2025-10-18 02:52:29.380,106569.88,0.0002,21.313976
2025-10-18 02:52:29.381,106568.91,0.00015,15.985336499999999
2025-10-18 02:52:29.385,106565.51,0.03352,3572.0758952
2025-10-18 02:52:29.393,106556.35,0.00528,562.617528
2025-10-18 02:52:30.735,106556.35,0.00126,134.26100100000002
2025-10-18 02:52:31.151,106556.35,0.01515,1614.3287025000002
2025-10-18 02:52:31.153,106556.35,0.00178,189.670303
2025-10-18 02:52:31.768,106556.34,8e-05,8.5245072
2025-10-18 02:52:32.117,106556.34,0.01091,1162.5296693999999
2025-10-18 02:52:32.502,106556.35,0.00019,20.2457065
2025-10-18 02:52:32.600,106541.5,6e-05,6.3924900000000004
2025-10-18 02:52:32.604,106536.13,6e-05,6.3921678
2025-10-18 02:52:32.625,106536.13,0.003,319.60839000000004
2025-10-18 02:52:32.992,106536.04,0.00445,474.085378
2025-10-18 02:52:32.993,106536.04,0.013,1384.96852
2025-10-18 02:52:33.013,106536.04,0.06161,6563.6854244
2025-10-18 02:52:33.015,106535.0,6e-05,6.3921
2025-10-18 02:52:33.030,106535.03,0.00379,403.7677637
2025-10-18 02:52:33.032,106534.55,0.00095,101.2078225
2025-10-18 02:52:33.165,106533.67,0.00394,419.7426598
2025-10-18 02:52:33.169,106533.67,0.00074,78.8349158
2025-10-18 02:52:33.274,106533.66,0.03516,3745.7234856
2025-10-18 02:52:33.277,106531.38,0.0001,10.653138
2025-10-18 02:52:33.290,106529.74,0.05,5326.487000000001
2025-10-18 02:52:33.291,106529.73,0.00145,154.46810849999997
2025-10-18 02:52:34.017,106527.49,0.01676,1785.4007324000002
2025-10-18 02:52:34.220,106527.5,0.00026,27.697149999999997
2025-10-18 02:52:34.349,106527.5,0.0001,10.652750000000001
2025-10-18 02:52:34.353,106527.49,0.00572,609.3372428
2025-10-18 02:52:34.544,106527.49,0.00255,271.6450995
2025-10-18 02:52:34.790,106527.49,0.00139,148.0732111
2025-10-18 02:52:34.934,106527.48,0.001,106.52748
2025-10-18 02:52:34.936,106527.48,0.001,106.52748
2025-10-18 02:52:34.938,106527.48,0.001,106.52748
2025-10-18 02:52:35.122,106527.49,0.00093,99.07056570000002
2025-10-18 02:52:35.317,106527.48,0.09392,10005.0609216
2025-10-18 02:52:35.321,106527.49,0.0001,10.652749000000002
2025-10-18 02:52:35.429,106527.49,0.00038,40.4804462
2025-10-18 02:52:35.915,106537.18,5e-05,5.326859
2025-10-18 02:52:36.085,106538.13,0.00965,1028.0929545000001
2025-10-18 02:52:36.363,106533.4,5e-05,5.32667
2025-10-18 02:52:37.277,106527.57,0.004,426.11028000000005
2025-10-18 02:52:37.279,106527.57,0.004,426.11028000000005
2025-10-18 02:52:37.417,106527.57,0.0913,9725.967141000001
2025-10-18 02:52:38.071,106527.57,9e-05,9.587481300000002
2025-10-18 02:52:38.091,106527.57,9e-05,9.587481300000002
2025-10-18 02:52:38.746,106521.67,5e-05,5.3260835
2025-10-18 02:52:39.092,106519.54,0.013,1384.7540199999999
2025-10-18 02:52:39.095,106519.54,0.013,1384.7540199999999
2025-10-18 02:52:39.876,106519.54,0.09393,10005.380392199999
2025-10-18 02:52:40.308,106519.54,8e-05,8.521563200000001
2025-10-18 02:52:40.572,106519.54,0.00036,38.3470344
2025-10-18 02:52:40.957,106519.54,0.09393,10005.380392199999
2025-10-18 02:52:41.325,106519.54,0.0001,10.651954
2025-10-18 02:52:41.577,106519.54,6e-05,6.391172399999999
2025-10-18 02:52:41.836,106519.54,0.00018,19.1735172
2025-10-18 02:52:41.947,106519.54,0.09393,10005.380392199999
2025-10-18 02:52:42.024,106519.55,0.00046,48.998993000000006
2025-10-18 02:52:42.355,106519.54,9e-05,9.5867586
2025-10-18 02:52:42.443,106519.55,0.00086,91.606813
2025-10-18 02:52:42.825,106519.54,0.09185,9783.819749
2025-10-18 02:52:43.016,106519.54,0.09392,10004.3151968
2025-10-18 02:52:43.292,106519.54,0.00059,62.8465286
2025-10-18 02:52:43.988,106519.55,0.00558,594.379089
2025-10-18 02:52:44.068,106519.54,0.09393,10005.380392199999
2025-10-18 02:52:44.196,106519.54,8e-05,8.521563200000001
2025-10-18 02:52:44.918,106519.55,0.00233,248.1905515
2025-10-18 02:52:44.989,106519.54,0.013,1384.7540199999999
2025-10-18 02:52:44.993,106519.54,0.013,1384.7540199999999
2025-10-18 02:52:45.185,106519.55,0.00016,17.043128000000003
2025-10-18 02:52:45.195,106519.54,0.013,1384.7540199999999
2025-10-18 02:52:45.264,106519.54,0.09393,10005.380392199999
2025-10-18 02:52:46.406,106519.54,0.09393,10005.380392199999
2025-10-18 02:52:46.461,106519.55,0.00187,199.19155849999999
2025-10-18 02:52:46.670,106519.55,0.00018,19.173519000000002
2025-10-18 02:52:46.683,106519.55,0.00011,11.7171505
2025-10-18 02:52:47.213,106519.54,0.00036,38.3470344
2025-10-18 02:52:47.331,106519.54,0.0001,10.651954
2025-10-18 02:52:47.546,106519.54,0.09393,10005.380392199999
2025-10-18 02:52:47.620,106519.55,5e-05,5.3259775000000005
2025-10-18 02:52:47.804,106519.55,0.00026,27.695082999999997
2025-10-18 02:52:48.413,106519.55,0.09483,10101.2489265
2025-10-18 02:52:48.534,106519.54,0.09393,10005.380392199999
2025-10-18 02:52:48.559,106519.55,0.00328,349.384124
2025-10-18 02:52:48.574,106519.55,0.00192,204.517536
2025-10-18 02:52:48.686,106519.55,0.0066,703.02903
2025-10-18 02:52:49.571,106519.54,0.09393,10005.380392199999
2025-10-18 02:52:49.806,106519.54,0.0072,766.9406879999999
2025-10-18 02:52:49.815,106531.44,5e-05,5.3265720000000005
2025-10-18 02:52:49.838,106531.44,0.003,319.59432000000004
2025-10-18 02:52:50.549,106531.44,0.00038,40.4819472
2025-10-18 02:52:50.808,106531.44,0.09392,10005.432844800001
2025-10-18 02:52:51.225,106531.45,0.0003,31.959434999999996
2025-10-18 02:52:51.389,106531.44,0.00279,297.2227176
2025-10-18 02:52:51.636,106531.44,8e-05,8.5225152
2025-10-18 02:52:51.843,106531.44,0.09392,10005.432844800001
2025-10-18 02:52:51.981,106531.44,9e-05,9.587829600000001
2025-10-18 02:52:52.029,106531.45,5e-05,5.3265725
2025-10-18 02:52:52.077,106531.45,0.00047,50.0697815
2025-10-18 02:52:52.381,106531.44,0.00112,119.3152128
2025-10-18 02:52:52.684,106531.45,0.0003,31.959434999999996
2025-10-18 02:52:52.887,106531.44,0.09392,10005.432844800001
2025-10-18 02:52:53.683,106531.44,0.0002,21.306288000000002
2025-10-18 02:52:53.977,106531.44,0.09392,10005.432844800001
2025-10-18 02:52:54.325,106531.44,0.02942,3134.1549648000005
2025-10-18 02:52:54.520,106531.44,9e-05,9.587829600000001
2025-10-18 02:52:54.533,106531.45,0.00038,40.481951
2025-10-18 02:52:55.019,106531.44,0.09392,10005.432844800001
2025-10-18 02:52:55.252,106531.45,7e-05,7.457201499999999
2025-10-18 02:52:56.041,106531.44,0.09392,10005.432844800001
2025-10-18 02:52:56.201,106531.44,0.0001,10.653144000000001
2025-10-18 02:52:56.518,106531.45,0.00057,60.72292649999999
2025-10-18 02:52:56.583,106531.44,8e-05,8.5225152
2025-10-18 02:52:56.853,106531.45,0.0003,31.959434999999996
2025-10-18 02:52:57.118,106531.44,0.09392,10005.432844800001
2025-10-18 02:52:57.195,106531.44,0.00051,54.33103440000001
2025-10-18 02:52:57.667,106531.44,0.00234,249.28356960000002
2025-10-18 02:52:58.238,106531.44,0.09392,10005.432844800001
2025-10-18 02:52:59.087,106531.44,9e-05,9.587829600000001
2025-10-18 02:52:59.317,106531.44,0.09392,10005.432844800001
2025-10-18 02:52:59.582,106531.45,0.00572,609.359894
2025-10-18 02:52:59.808,106531.44,0.01784,1900.5208896000001
2025-10-18 02:53:00.076,106531.44,0.00027,28.7634888
2025-10-18 02:53:00.129,106531.44,0.00132,140.6215008
2025-10-18 02:53:00.321,106531.45,0.017,1811.03465
2025-10-18 02:53:00.363,106531.44,0.09392,10005.432844800001
2025-10-18 02:53:00.427,106531.45,0.01,1065.3145
2025-10-18 02:53:00.587,106531.44,8e-05,8.5225152
2025-10-18 02:53:01.082,106531.44,0.00018,19.175659200000002
2025-10-18 02:53:01.151,106531.44,0.00112,119.3152128
2025-10-18 02:53:01.294,106531.45,0.00022,23.436919
2025-10-18 02:53:01.350,106531.44,0.09392,10005.432844800001
2025-10-18 02:53:01.408,106531.45,0.00016,17.045032000000003
2025-10-18 02:53:01.612,106531.45,6e-05,6.391887
2025-10-18 02:53:01.618,106531.45,0.027,2876.34915
2025-10-18 02:53:01.666,106531.45,0.02816,2999.925632
2025-10-18 02:53:01.668,106531.45,0.20837,22197.9582365
2025-10-18 02:53:01.669,106531.46,0.00035,37.286011
2025-10-18 02:53:01.682,106536.11,0.0001,10.653611
2025-10-18 02:53:01.715,106546.73,0.00015,15.982009499999998
2025-10-18 02:53:01.833,106546.73,9e-05,9.5892057
2025-10-18 02:53:01.903,106546.73,0.00093,99.0884589
2025-10-18 02:53:02.316,106551.34,0.0001,10.655134
2025-10-18 02:53:02.376,106555.57,9e-05,9.5900013
2025-10-18 02:53:02.526,106555.56,0.0939,10005.567084
2025-10-18 02:53:02.641,106555.57,7e-05,7.4588899
2025-10-18 02:53:03.772,106555.56,0.09389,10004.5015284
2025-10-18 02:53:04.019,106555.56,9e-05,9.590000400000001
2025-10-18 02:53:04.148,106555.57,0.00056,59.6711192
2025-10-18 02:53:04.705,106555.56,0.00201,214.1766756
2025-10-18 02:53:04.751,106555.56,0.09389,10004.5015284
2025-10-18 02:53:05.248,106555.57,0.00017,18.1144469
2025-10-18 02:53:05.818,106555.57,0.00031,33.0322267
2025-10-18 02:53:05.917,106555.56,0.09389,10004.5015284
2025-10-18 02:53:06.727,106555.56,0.00938,999.4911527999999
2025-10-18 02:53:07.085,106555.56,0.09389,10004.5015284
2025-10-18 02:53:07.164,106555.57,0.00118,125.73557260000001
2025-10-18 02:53:07.166,106557.73,0.02294,2444.4343261999998
2025-10-18 02:53:07.319,106557.72,9e-05,9.5901948
2025-10-18 02:53:08.117,106557.73,0.0003,31.967318999999996
2025-10-18 02:53:08.192,106557.72,0.00083,88.4429076
2025-10-18 02:53:08.284,106557.72,0.09389,10004.704330800001
2025-10-18 02:53:09.516,106557.72,0.09389,10004.704330800001
2025-10-18 02:53:09.981,106557.72,0.00096,102.2954112
2025-10-18 02:53:10.132,106564.83,0.02006,2137.6904898000003
2025-10-18 02:53:10.133,106564.83,0.00048,51.1511184
2025-10-18 02:53:10.479,106564.83,0.027,2877.25041
2025-10-18 02:53:10.644,106564.83,0.018,1918.1669399999998
2025-10-18 02:53:10.674,106564.82,0.09389,10005.3709498
2025-10-18 02:53:10.932,106564.83,0.001,106.56483
2025-10-18 02:53:11.190,106564.82,8e-05,8.525185600000002
2025-10-18 02:53:11.366,106564.83,0.00092,98.0396436
2025-10-18 02:53:11.380,106564.83,0.00092,98.0396436
2025-10-18 02:53:11.386,106564.83,0.00037,39.4289871
2025-10-18 02:53:11.447,106567.5,6e-05,6.39405
2025-10-18 02:53:11.512,106567.5,0.008,852.54
2025-10-18 02:53:11.576,106567.5,0.00249,265.353075
2025-10-18 02:53:11.578,106570.75,6e-05,6.394245
2025-10-18 02:53:12.609,106573.02,0.0001,10.657302000000001
2025-10-18 02:53:12.615,106573.01,9e-05,9.5915709
2025-10-18 02:53:12.738,106573.01,0.09388,10005.0741788
2025-10-18 02:53:12.998,106573.01,0.00979,1043.3497679
2025-10-18 02:53:13.383,106573.02,0.00052,55.417970399999994
2025-10-18 02:53:13.618,106573.02,0.00244,260.0381688
2025-10-18 02:53:13.735,106573.01,9e-05,9.5915709
2025-10-18 02:53:13.875,106573.01,0.09388,10005.0741788
2025-10-18 02:53:15.115,106573.01,0.09388,10005.0741788
2025-10-18 02:53:15.372,106573.01,0.00923,983.6688823
2025-10-18 02:53:15.485,106573.02,4e-05,4.262920800000001
2025-10-18 02:53:15.826,106573.01,0.02025,2158.1034525
2025-10-18 02:53:16.207,106573.01,0.09388,10005.0741788
2025-10-18 02:53:16.445,106573.01,6e-05,6.3943806
2025-10-18 02:53:16.777,106573.02,0.00084,89.5213368
2025-10-18 02:53:17.123,106573.01,0.00304,323.9819504
2025-10-18 02:53:17.168,106573.02,8e-05,8.525841600000001
2025-10-18 02:53:17.217,106573.01,0.09388,10005.0741788
2025-10-18 02:53:18.098,106573.02,0.027,2877.47154
2025-10-18 02:53:18.248,106573.01,0.00023,24.5117923
2025-10-18 02:53:18.416,106573.01,0.09388,10005.0741788
2025-10-18 02:53:19.280,106573.01,0.11667,12433.8730767
2025-10-18 02:53:19.418,106573.01,0.09388,10005.0741788
2025-10-18 02:53:19.902,106573.01,0.13175,14040.9940675
2025-10-18 02:53:19.903,106568.07,0.0312,3324.923784
2025-10-18 02:53:19.909,106567.55,0.00055,58.61215250000001
2025-10-18 02:53:19.912,106566.62,0.00568,605.2984016
2025-10-18 02:53:19.924,106560.02,5e-05,5.328001
2025-10-18 02:53:20.517,106556.36,0.0939,10005.642204
2025-10-18 02:53:20.704,106556.37,0.03593,3828.5703740999993
2025-10-18 02:53:20.873,106560.02,1e-05,1.0656002000000002
2025-10-18 02:53:21.258,106560.01,0.00053,56.476805299999995
2025-10-18 02:53:21.296,106560.02,0.00033,35.1648066
2025-10-18 02:53:21.535,106560.01,0.09389,10004.9193389
2025-10-18 02:53:21.989,106560.01,9e-05,9.5904009
2025-10-18 02:53:22.196,106560.02,0.00056,59.673611199999996
2025-10-18 02:53:22.522,106560.01,0.09389,10004.9193389
2025-10-18 02:53:22.592,106560.01,0.00014,14.918401399999999
2025-10-18 02:53:23.611,106559.38,0.07996,8520.4880248
2025-10-18 02:53:23.616,106559.38,0.00566,603.1260908
2025-10-18 02:53:23.632,106559.36,0.0006,63.935615999999996
2025-10-18 02:53:23.771,106559.36,0.00187,199.2660032
2025-10-18 02:53:23.844,106559.36,0.00185,197.134816
2025-10-18 02:53:24.764,106559.34,0.0008,85.247472
2025-10-18 02:53:24.881,106559.21,0.00093,99.10006530000001
2025-10-18 02:53:25.808,106559.2,0.00011,11.721512
2025-10-18 02:53:25.817,106559.2,0.08719,9290.896648
2025-10-18 02:53:26.576,106559.2,0.00011,11.721512
2025-10-18 02:53:27.179,106559.09,0.0002,21.311818
2025-10-18 02:53:27.185,106556.38,0.00548,583.9289623999999
2025-10-18 02:53:27.186,106556.38,0.013,1385.23294
2025-10-18 02:53:27.189,106554.31,5e-05,5.3277155
2025-10-18 02:53:27.217,106553.02,0.09389,10004.263047800001
2025-10-18 02:53:27.415,106553.02,0.00287,305.8071674
2025-10-18 02:53:27.449,106553.02,0.00173,184.3367246
2025-10-18 02:53:27.619,106553.01,8e-05,8.5242408
2025-10-18 02:53:27.670,106553.01,0.00406,432.6052206
2025-10-18 02:53:27.701,106552.99,0.00248,264.2514152
2025-10-18 02:53:27.822,106551.34,0.00026,27.703348399999996
2025-10-18 02:53:27.844,106551.33,0.00243,258.9197319
2025-10-18 02:53:27.859,106550.6,0.00015,15.98259
2025-10-18 02:53:28.060,106550.0,0.00387,412.3485
2025-10-18 02:53:28.062,106550.0,0.00015,15.982499999999998
2025-10-18 02:53:28.063,106549.99,0.0001,10.654999000000002
2025-10-18 02:53:28.066,106549.36,0.00248,264.2424128
2025-10-18 02:53:28.069,106547.58,0.0001,10.654758000000001
2025-10-18 02:53:28.081,106547.44,0.00145,154.493788
2025-10-18 02:53:28.105,106547.06,0.0047,500.771182
2025-10-18 02:53:28.107,106545.7,0.00165,175.80040499999998
2025-10-18 02:53:28.162,106544.75,0.00161,171.5370475
2025-10-18 02:53:28.217,106542.02,0.09391,10005.3610982
2025-10-18 02:53:28.510,106542.02,0.00938,999.3641476
2025-10-18 02:53:28.533,106542.03,0.00092,98.0186676
2025-10-18 02:53:28.970,106542.03,0.00019,20.242985700000002
2025-10-18 02:53:29.244,106542.02,0.09391,10005.3610982
2025-10-18 02:53:29.375,106542.03,5e-05,5.3271015
2025-10-18 02:53:29.658,106542.02,0.00549,584.9156898
2025-10-18 02:53:29.661,106542.02,0.00035,37.289707
2025-10-18 02:53:29.715,106541.66,0.00225,239.71873499999998
2025-10-18 02:53:29.874,106541.65,0.00235,250.3728775
2025-10-18 02:53:30.216,106541.64,0.09391,10005.3254124
2025-10-18 02:53:30.946,106541.65,0.00025,26.635412499999997
2025-10-18 02:53:31.416,106541.64,0.09391,10005.3254124
2025-10-18 02:53:31.516,106541.65,0.00049,52.2054085
2025-10-18 02:53:31.906,106541.65,0.00025,26.635412499999997
2025-10-18 02:53:32.020,106541.64,9e-05,9.588747600000001
2025-10-18 02:53:32.206,106542.44,0.00015,15.981366
2025-10-18 02:53:32.209,106542.45,0.00081,86.29938449999999
2025-10-18 02:53:32.212,106545.91,0.00232,247.1865112
2025-10-18 02:53:32.214,106545.91,0.00143,152.3606513
2025-10-18 02:53:32.357,106547.43,4e-05,4.2618972
2025-10-18 02:53:32.405,106547.42,0.0939,10004.802738
2025-10-18 02:53:32.473,106547.43,0.01116,1189.0693187999998
2025-10-18 02:53:32.533,106547.42,0.001,106.54742
2025-10-18 02:53:32.617,106547.43,7e-05,7.458320099999999
2025-10-18 02:53:32.799,106547.43,0.00046,49.011817799999996
2025-10-18 02:53:33.028,106547.43,0.00093,99.0891099
2025-10-18 02:53:33.562,106547.43,0.00056,59.66656079999999
2025-10-18 02:53:33.617,106547.42,0.0939,10004.802738
2025-10-18 02:53:33.752,106547.43,0.00026,27.702331799999996
2025-10-18 02:53:34.748,106547.42,0.0939,10004.802738
2025-10-18 02:53:34.910,106547.43,0.00188,200.30916839999998
2025-10-18 02:53:35.890,106547.42,0.0939,10004.802738
2025-10-18 02:53:36.827,106547.42,0.1,10654.742
2025-10-18 02:53:36.876,106547.42,0.0939,10004.802738
2025-10-18 02:53:37.837,106547.43,0.021,2237.49603
2025-10-18 02:53:37.931,106547.42,0.0939,10004.802738
2025-10-18 02:53:37.933,106547.43,0.00164,174.7377852
2025-10-18 02:53:38.009,106547.44,0.00469,499.70749359999996
2025-10-18 02:53:38.025,106547.61,0.00024,25.5714264
2025-10-18 02:53:38.145,106548.03,6e-05,6.3928818000000005
2025-10-18 02:53:38.477,106548.03,0.00568,605.1928104
2025-10-18 02:53:38.691,106548.04,0.00099,105.48255959999999
2025-10-18 02:53:38.815,106558.0,0.00025,26.6395
2025-10-18 02:53:38.933,106558.0,0.0939,10005.796199999999
2025-10-18 02:53:39.783,106558.01,0.00025,26.6395025
2025-10-18 02:53:39.935,106558.0,0.0939,10005.796199999999
2025-10-18 02:53:40.112,106558.01,0.0024,255.73922399999998
2025-10-18 02:53:40.617,106558.01,6e-05,6.3934806
2025-10-18 02:53:40.996,106558.01,0.00486,517.8719285999999
2025-10-18 02:53:41.113,106558.0,0.00017,18.11486
2025-10-18 02:53:41.116,106558.0,0.0939,10005.796199999999
2025-10-18 02:53:42.170,106558.0,0.0939,10005.796199999999
2025-10-18 02:53:42.272,106558.0,0.0294,3132.8052
2025-10-18 02:53:42.856,106558.01,0.00024,25.5739224
2025-10-18 02:53:42.961,106558.01,0.027,2877.06627
2025-10-18 02:53:43.307,106558.0,0.09389,10004.73062
2025-10-18 02:53:43.586,106558.01,8e-05,8.5246408
2025-10-18 02:53:43.615,106563.57,0.0001,10.656357000000002
2025-10-18 02:53:43.694,106570.12,0.0064,682.048768
2025-10-18 02:53:44.283,106570.12,0.09389,10005.8685668
2025-10-18 02:53:45.371,106570.12,0.09389,10005.8685668
2025-10-18 02:53:45.947,106570.12,0.00952,1014.5475424
2025-10-18 02:53:46.081,106570.13,0.00112,119.3585456
2025-10-18 02:53:46.415,106577.6,5e-05,5.328880000000001
2025-10-18 02:53:46.517,106577.97,0.09388,10005.5398236
2025-10-18 02:53:47.017,106577.97,0.01,1065.7797
2025-10-18 02:53:47.642,106577.97,0.09388,10005.5398236
2025-10-18 02:53:48.077,106577.97,0.00029,30.9076113
2025-10-18 02:53:48.120,106577.98,0.00061,65.0125678
2025-10-18 02:53:48.716,106577.97,0.09388,10005.5398236
2025-10-18 02:53:49.917,106577.97,0.09388,10005.5398236
2025-10-18 02:53:50.093,106577.98,0.00811,864.3474177999999
2025-10-18 02:53:50.519,106577.98,4e-05,4.2631192
2025-10-18 02:53:51.067,106577.97,0.09388,10005.5398236
2025-10-18 02:53:51.271,106577.98,0.00047,50.091650599999994
2025-10-18 02:53:51.894,106577.98,0.00011,11.7235778
2025-10-18 02:53:52.017,106577.97,0.09388,10005.5398236
2025-10-18 02:53:52.615,106581.33,5e-05,5.329066500000001
2025-10-18 02:53:52.977,106585.55,0.06802,7249.949111
2025-10-18 02:53:52.979,106585.55,0.36407,38804.601188500004
2025-10-18 02:53:52.980,106577.97,0.23696,25254.7157712
2025-10-18 02:53:52.981,106575.11,5e-05,5.328755500000001
2025-10-18 02:53:52.982,106573.02,0.003,319.71906
2025-10-18 02:53:52.990,106570.11,0.06235,6644.6463585
2025-10-18 02:53:52.991,106570.11,0.04,4262.8044
2025-10-18 02:53:52.992,106570.11,0.138,14706.675180000002
2025-10-18 02:53:52.993,106570.11,0.022,2344.5424199999998
2025-10-18 02:53:52.994,106564.24,0.03057,3257.6688168
2025-10-18 02:53:53.011,106563.74,0.013,1385.32862
2025-10-18 02:53:53.014,106564.24,0.013,1385.33512
2025-10-18 02:53:53.136,106564.24,0.09389,10005.316493600001
2025-10-18 02:53:53.365,106564.25,0.00174,185.421795
2025-10-18 02:53:53.368,106564.25,0.00059,62.872907500000004
2025-10-18 02:53:53.475,106564.24,0.00017,18.1159208
2025-10-18 02:53:53.657,106564.25,0.00018,19.181565000000003
2025-10-18 02:53:53.835,106564.25,0.00012,12.78771
2025-10-18 02:53:54.170,106564.24,0.09389,10005.316493600001
2025-10-18 02:53:54.817,106564.25,0.00012,12.78771
2025-10-18 02:53:54.833,106564.25,0.00723,770.4595275
2025-10-18 02:53:55.154,106564.24,0.09389,10005.316493600001
2025-10-18 02:53:55.785,106563.74,0.00015,15.984561
2025-10-18 02:53:55.790,106561.98,0.0023,245.09255399999998
2025-10-18 02:53:55.799,106559.25,0.0002,21.31185
2025-10-18 02:53:55.803,106558.0,0.013,1385.254
2025-10-18 02:53:55.805,106558.0,0.013,1385.254
2025-10-18 02:53:55.812,106558.01,7e-05,7.459060699999999
2025-10-18 02:53:56.116,106558.0,0.09389,10004.73062
2025-10-18 02:53:56.364,106558.01,0.00012,12.7869612
2025-10-18 02:53:56.462,106558.0,9e-05,9.59022
2025-10-18 02:53:56.606,106558.01,9e-05,9.5902209
2025-10-18 02:53:57.172,106558.0,0.09389,10004.73062
2025-10-18 02:53:58.042,106558.01,0.00501,533.8556301
2025-10-18 02:53:58.056,106560.0,0.0004,42.624
2025-10-18 02:53:58.215,106566.41,5e-05,5.3283205
2025-10-18 02:53:58.254,106568.63,0.09388,10004.662984400002
2025-10-18 02:53:58.575,106568.64,8e-05,8.525491200000001
2025-10-18 02:53:58.965,106568.64,0.61145,65161.394928
2025-10-18 02:53:59.343,106568.63,0.09388,10004.662984400002
2025-10-18 02:54:00.094,106568.63,0.00017,18.1166671
2025-10-18 02:54:00.237,106574.91,0.00338,360.22319580000004
2025-10-18 02:54:00.356,106574.94,0.00054,57.550467600000005
2025-10-18 02:54:00.430,106574.93,0.09388,10005.2544284
2025-10-18 02:54:00.653,106574.94,0.00011,11.723243400000001
2025-10-18 02:54:01.142,106574.94,0.00048,51.1559712
2025-10-18 02:54:01.356,106574.94,0.0001,10.657494000000002
2025-10-18 02:54:01.468,106574.93,0.09388,10005.2544284
2025-10-18 02:54:01.516,106574.94,0.00756,805.7065464
2025-10-18 02:54:01.518,106584.1,6e-05,6.395046000000001
2025-10-18 02:54:01.671,106584.09,0.00018,19.185136200000002
2025-10-18 02:54:02.075,106584.09,0.00011,11.7242499
2025-10-18 02:54:02.516,106584.09,0.09387,10005.0485283
2025-10-18 02:54:02.585,106584.1,0.00011,11.724251
2025-10-18 02:54:02.871,106584.1,0.0001,10.658410000000002
2025-10-18 02:54:03.375,106584.1,0.05629,5999.6189890000005
2025-10-18 02:54:03.695,106584.09,0.09387,10005.0485283
2025-10-18 02:54:03.788,106584.09,0.0035,373.044315
2025-10-18 02:54:04.258,106584.09,0.00354,377.30767860000003
2025-10-18 02:54:04.476,106584.1,0.00167,177.995447
2025-10-18 02:54:04.677,106587.66,0.09387,10005.3836442
2025-10-18 02:54:04.865,106587.67,0.0001,10.658767000000001
2025-10-18 02:54:05.713,106587.66,0.09387,10005.3836442
2025-10-18 02:54:05.763,106587.67,0.01566,1669.1629122
2025-10-18 02:54:05.764,106587.67,0.09377,9994.725815900001
2025-10-18 02:54:05.771,106587.67,5e-05,5.3293835000000005
2025-10-18 02:54:05.981,106587.99,0.0001,10.658799000000002
2025-10-18 02:54:06.215,106597.83,0.0001,10.659783000000001
2025-10-18 02:54:06.803,106599.94,0.09386,10005.4703684
2025-10-18 02:54:07.779,106599.95,0.00104,110.863948
2025-10-18 02:54:07.817,106599.94,0.09386,10005.4703684
2025-10-18 02:54:07.827,106599.95,0.00047,50.1019765
2025-10-18 02:54:08.051,106599.95,0.27485,29298.9962575
2025-10-18 02:54:08.052,106602.0,0.0028,298.4856
2025-10-18 02:54:08.053,106603.22,0.00015,15.990483
2025-10-18 02:54:08.054,106604.36,5e-05,5.330218
2025-10-18 02:54:08.073,106604.61,0.0003,31.981382999999997
2025-10-18 02:54:08.126,106605.53,0.027,2878.34931
2025-10-18 02:54:08.560,106605.53,4e-05,4.264221200000001
2025-10-18 02:54:08.917,106605.52,0.09384,10003.8619968
2025-10-18 02:54:09.039,106605.53,0.00014,14.924774199999998
2025-10-18 02:54:09.103,106605.53,0.00157,167.3706821
2025-10-18 02:54:09.916,106605.52,0.09384,10003.8619968
2025-10-18 02:54:10.220,106605.53,0.005,533.02765
2025-10-18 02:54:10.221,106605.53,0.009,959.44977
2025-10-18 02:54:10.571,106605.52,1.49719,159608.71848880002
2025-10-18 02:54:11.038,106605.52,0.09385,10004.928052000001
2025-10-18 02:54:11.576,106605.52,0.0001,10.660552000000001
2025-10-18 02:54:11.670,106605.53,0.0001,10.660553
2025-10-18 02:54:12.231,106605.52,0.06478,6905.9055856
2025-10-18 02:54:13.113,106605.53,0.00047,50.1045991
2025-10-18 02:54:13.416,106599.99,5e-05,5.3299995000000004
2025-10-18 02:54:13.421,106599.94,0.03005,3203.3281970000003
2025-10-18 02:54:13.576,106599.93,0.28492,30372.4520556
2025-10-18 02:54:13.578,106599.3,0.0004,42.639720000000004
2025-10-18 02:54:13.582,106598.42,0.00015,15.989762999999998
2025-10-18 02:54:13.588,106595.68,0.0001,10.659568
2025-10-18 02:54:13.599,106588.62,5e-05,5.329431
2025-10-18 02:54:13.605,106585.03,0.0007,74.609521
2025-10-18 02:54:13.608,106584.01,0.013,1385.5921299999998
2025-10-18 02:54:13.880,106583.98,0.00263,280.3158674
2025-10-18 02:54:14.318,106583.98,0.00037,39.436072599999996
2025-10-18 02:54:14.502,106583.98,0.013,1385.5917399999998
2025-10-18 02:54:14.505,106583.98,0.013,1385.5917399999998
2025-10-18 02:54:14.578,106583.98,0.05566,5932.4643268
2025-10-18 02:54:15.521,106583.99,0.00931,992.2969469000001
2025-10-18 02:54:15.695,106583.98,0.013,1385.5917399999998
2025-10-18 02:54:15.696,106583.98,0.013,1385.5917399999998
2025-10-18 02:54:15.733,106583.99,0.00095,101.2547905
2025-10-18 02:54:15.832,106583.98,0.00023,24.5143154
2025-10-18 02:54:16.453,106583.98,0.00293,312.2910614
2025-10-18 02:54:16.455,106583.91,0.006,639.50346
2025-10-18 02:54:16.615,106583.91,0.00079,84.20128890000001
2025-10-18 02:54:16.861,106583.45,0.00013,13.855848499999999
2025-10-18 02:54:17.348,106583.45,0.00015,15.987517499999997
2025-10-18 02:54:17.362,106583.45,0.00022,23.448359
2025-10-18 02:54:17.375,106583.45,0.00188,200.37688599999998
2025-10-18 02:54:17.419,106583.45,7e-05,7.460841499999999
2025-10-18 02:54:17.446,106583.45,0.00017,18.1191865
2025-10-18 02:54:17.581,106583.45,0.0001,10.658345
2025-10-18 02:54:17.613,106583.45,7e-05,7.460841499999999
2025-10-18 02:54:17.618,106583.45,0.00032,34.106704
2025-10-18 02:54:17.621,106583.45,0.00012,12.790014
2025-10-18 02:54:17.654,106583.44,0.09388,10006.0533472
2025-10-18 02:54:17.790,106583.45,0.00019,20.2508555
2025-10-18 02:54:17.791,106583.45,7e-05,7.460841499999999
2025-10-18 02:54:17.919,106583.45,0.00094,100.18844299999999
2025-10-18 02:54:17.983,106583.45,0.00188,200.37688599999998
2025-10-18 02:54:18.237,106583.45,0.00016,17.053352
2025-10-18 02:54:18.285,106583.45,0.0001,10.658345
2025-10-18 02:54:18.486,106583.45,0.00029,30.9092005
2025-10-18 02:54:18.572,106583.45,0.00021,22.3825245
2025-10-18 02:54:18.687,106583.44,0.09388,10006.0533472
2025-10-18 02:54:18.719,106583.45,8e-05,8.526676
2025-10-18 02:54:18.973,106583.44,0.00023,24.514191200000003
2025-10-18 02:54:19.032,106583.45,0.00057,60.75256649999999
2025-10-18 02:54:19.039,106583.45,0.00022,23.448359
2025-10-18 02:54:19.637,106583.45,0.00017,18.1191865
2025-10-18 02:54:19.675,106583.45,0.00019,20.2508555
2025-10-18 02:54:19.982,106583.44,0.09388,10006.0533472
2025-10-18 02:54:20.145,106583.44,8e-05,8.526675200000001
2025-10-18 02:54:20.432,106583.45,0.00507,540.3780915
2025-10-18 02:54:20.517,106583.45,0.00203,216.3644035
2025-10-18 02:54:20.936,106583.45,0.00014,14.921682999999998
2025-10-18 02:54:21.127,106583.44,0.09388,10006.0533472
2025-10-18 02:54:21.315,106583.44,0.0006,63.950064
2025-10-18 02:54:21.609,106583.42,9e-05,9.5925078
2025-10-18 02:54:21.792,106583.41,0.00196,208.9034836
2025-10-18 02:54:22.316,106583.41,0.09388,10006.050530800001
2025-10-18 02:54:22.318,106583.41,0.00894,952.8556854000001
2025-10-18 02:54:22.554,106583.39,0.013,1385.5840699999999
2025-10-18 02:54:22.677,106583.39,0.00206,219.56178340000002
2025-10-18 02:54:22.694,106583.38,0.00056,59.686692799999996
2025-10-18 02:54:22.715,106583.37,0.00185,197.1792345
2025-10-18 02:54:22.761,106583.35,0.013,1385.58355
2025-10-18 02:54:23.164,106583.36,0.00349,371.9759264
2025-10-18 02:54:23.287,106583.36,0.0001,10.658336
2025-10-18 02:54:23.290,106583.35,0.0477,5084.0257950000005
2025-10-18 02:54:23.317,106583.35,0.09058,9654.319843
2025-10-18 02:54:23.841,106583.36,0.00025,26.64584
2025-10-18 02:54:24.343,106583.35,0.0513,5467.725855
2025-10-18 02:54:25.028,106583.34,0.00035,37.304169
2025-10-18 02:54:25.317,106583.34,0.09388,10006.0439592
2025-10-18 02:54:26.234,106583.34,0.0288,3069.600192
2025-10-18 02:54:26.317,106583.34,0.09388,10006.0439592
2025-10-18 02:54:27.351,106583.34,0.09388,10006.0439592
2025-10-18 02:54:28.017,106583.34,0.007,746.08338
2025-10-18 02:54:28.021,106583.34,0.00019,20.2508346
2025-10-18 02:54:28.335,106583.34,0.09388,10006.0439592
2025-10-18 02:54:28.336,106583.34,0.00304,324.0133536
2025-10-18 02:54:28.403,106583.33,0.00039,41.5674987
2025-10-18 02:54:29.321,106583.32,0.09388,10006.0420816
2025-10-18 02:54:29.414,106583.32,0.00151,160.9408132
2025-10-18 02:54:29.448,106583.28,0.00022,23.4483216
2025-10-18 02:54:29.460,106583.27,0.013,1385.58251
2025-10-18 02:54:29.461,106583.27,0.013,1385.58251
2025-10-18 02:54:29.462,106583.27,0.013,1385.58251
2025-10-18 02:54:30.106,106583.28,0.01397,1488.9684216
2025-10-18 02:54:30.327,106583.27,0.00405,431.6622435
2025-10-18 02:54:30.417,106583.26,0.09388,10006.0364488
2025-10-18 02:54:30.611,106583.26,0.00151,160.9407226
2025-10-18 02:54:31.133,106583.26,0.00014,14.921656399999998
2025-10-18 02:54:31.502,106583.26,0.00154,164.1382204
2025-10-18 02:54:31.557,106583.25,0.09388,10006.03551
2025-10-18 02:54:32.490,106583.25,0.09388,10006.03551
2025-10-18 02:54:33.210,106583.25,0.00013,13.855822499999999
2025-10-18 02:54:33.266,106583.26,0.00607,646.9603882
2025-10-18 02:54:33.417,106583.25,0.09388,10006.03551
2025-10-18 02:54:33.939,106583.26,0.00402,428.46470519999997
2025-10-18 02:54:34.454,106583.25,0.09388,10006.03551
2025-10-18 02:54:34.469,106583.25,7e-05,7.4608275
2025-10-18 02:54:34.474,106583.26,0.00846,901.6943796
2025-10-18 02:54:35.274,106583.26,0.00469,499.87548939999994
2025-10-18 02:54:35.362,106583.26,0.00073,77.8057798
2025-10-18 02:54:35.435,106583.25,0.09388,10006.03551
2025-10-18 02:54:36.475,106583.25,0.09388,10006.03551
2025-10-18 02:54:36.562,106583.26,0.00042,44.7649692
2025-10-18 02:54:37.362,106583.26,0.00173,184.38903979999998
2025-10-18 02:54:37.617,106583.25,0.09388,10006.03551
2025-10-18 02:54:38.385,106583.26,0.00164,174.79654639999998
2025-10-18 02:54:38.605,106583.25,0.09388,10006.03551
2025-10-18 02:54:39.170,106583.26,0.00013,13.855823799999998
2025-10-18 02:54:39.648,106583.25,0.09388,10006.03551
2025-10-18 02:54:40.363,106583.26,0.00031,33.0408106
2025-10-18 02:54:40.617,106583.26,0.00012,12.7899912
2025-10-18 02:54:40.739,106583.25,0.09388,10006.03551
2025-10-18 02:54:41.829,106583.25,0.09388,10006.03551
2025-10-18 02:54:42.156,106583.26,0.0005,53.29163
2025-10-18 02:54:42.815,106583.25,0.09388,10006.03551
2025-10-18 02:54:43.847,106583.25,0.09387,10004.9696775
2025-10-18 02:54:45.079,106583.25,0.09387,10004.9696775
2025-10-18 02:54:45.152,106583.26,0.00155,165.204053
2025-10-18 02:54:45.855,106583.25,0.0002,21.316650000000003
2025-10-18 02:54:46.081,106583.25,0.09387,10004.9696775
2025-10-18 02:54:46.954,106583.25,0.0029,309.09142499999996
2025-10-18 02:54:47.119,106583.25,0.09387,10004.9696775
2025-10-18 02:54:48.315,106583.25,0.09387,10004.9696775
2025-10-18 02:54:48.593,106583.26,0.00509,542.5087934
2025-10-18 02:54:48.854,106583.26,0.00034,36.2383084
2025-10-18 02:54:49.246,106583.25,0.09387,10004.9696775
2025-10-18 02:54:49.843,106583.25,0.00049,52.2257925
2025-10-18 02:54:49.923,106583.25,0.001,106.58325
2025-10-18 02:54:50.316,106583.25,0.09387,10004.9696775
2025-10-18 02:54:50.773,106583.26,0.07512,8006.5344912
2025-10-18 02:54:51.427,106583.25,0.09387,10004.9696775
2025-10-18 02:54:52.513,106583.25,0.09387,10004.9696775
2025-10-18 02:54:53.451,106583.25,0.09387,10004.9696775
2025-10-18 02:54:53.505,106589.65,0.00379,403.97477349999997
2025-10-18 02:54:53.507,106589.65,0.00589,627.8130385
2025-10-18 02:54:53.817,106589.65,0.00076,81.008134
2025-10-18 02:54:54.504,106589.64,0.09387,10005.569506799999
2025-10-18 02:54:55.514,106589.65,0.00698,743.995757
2025-10-18 02:54:55.631,106589.64,0.09387,10005.569506799999
2025-10-18 02:54:56.576,106589.64,7e-05,7.461274799999999
2025-10-18 02:54:56.669,106589.64,0.09387,10005.569506799999
2025-10-18 02:54:56.806,106589.65,0.00131,139.6324415
2025-10-18 02:54:57.763,106589.64,0.09387,10005.569506799999
2025-10-18 02:54:58.610,106589.65,0.00991,1056.3034315
2025-10-18 02:54:58.804,106589.64,0.09387,10005.569506799999
2025-10-18 02:54:59.452,106589.65,0.099,10552.37535
2025-10-18 02:54:59.843,106589.64,0.09387,10005.569506799999
2025-10-18 02:55:00.350,106589.65,0.0022,234.49723
2025-10-18 02:55:00.891,106589.64,9e-05,9.593067600000001
2025-10-18 02:55:00.927,106589.64,0.09387,10005.569506799999
2025-10-18 02:55:01.064,106589.64,0.00186,198.2567304
2025-10-18 02:55:01.163,106589.65,0.00015,15.988447499999998
2025-10-18 02:55:01.167,106589.64,5e-05,5.3294820000000005
2025-10-18 02:55:01.205,106589.65,0.0023,245.15619499999997
2025-10-18 02:55:01.285,106589.65,0.00293,312.30767449999996
2025-10-18 02:55:01.918,106589.64,0.00178,189.72955919999998
2025-10-18 02:55:02.014,106589.64,0.09387,10005.569506799999
2025-10-18 02:55:02.946,106589.65,0.0003,31.976894999999995
2025-10-18 02:55:03.054,106589.64,0.09387,10005.569506799999
2025-10-18 02:55:03.781,106589.64,0.1046,11149.276344
2025-10-18 02:55:03.787,106589.64,0.0017,181.20238799999998
2025-10-18 02:55:03.788,106589.64,0.33849,36079.5272436
2025-10-18 02:55:03.792,106589.64,0.013,1385.6653199999998
2025-10-18 02:55:03.793,106589.64,0.013,1385.6653199999998
2025-10-18 02:55:03.794,106589.64,0.013,1385.6653199999998
2025-10-18 02:55:03.797,106589.64,0.03757,4004.5727748
2025-10-18 02:55:03.800,106589.16,5e-05,5.329458000000001
2025-10-18 02:55:03.802,106588.57,5e-05,5.329428500000001
2025-10-18 02:55:03.804,106588.57,5e-05,5.329428500000001
2025-10-18 02:55:03.815,106584.87,5e-05,5.3292435000000005
2025-10-18 02:55:04.017,106583.25,0.08442,8997.757964999999
2025-10-18 02:55:04.307,106583.26,0.00108,115.1099208
2025-10-18 02:55:04.482,106583.25,0.00373,397.5555225
2025-10-18 02:55:04.815,106583.25,0.20219,21550.0673175
2025-10-18 02:55:05.015,106583.24,0.09388,10006.034571200002
2025-10-18 02:55:05.304,106583.24,0.013,1385.58212
2025-10-18 02:55:05.306,106583.17,0.0001,10.658317
2025-10-18 02:55:05.313,106576.12,0.00334,355.96424079999997
2025-10-18 02:55:05.317,106576.12,0.01155,1230.954186
2025-10-18 02:55:05.329,106576.13,0.00069,73.5375297
2025-10-18 02:55:05.354,106575.85,0.05872,6258.133912
2025-10-18 02:55:05.355,106571.85,0.00015,15.9857775
2025-10-18 02:55:05.368,106567.5,1e-05,1.0656750000000001
2025-10-18 02:55:05.369,106564.57,0.00381,406.01101170000004
2025-10-18 02:55:05.370,106564.58,0.0371,3953.5459180000003
2025-10-18 02:55:05.376,106563.09,0.008,852.50472
2025-10-18 02:55:05.381,106562.66,0.00012,12.7875192
2025-10-18 02:55:05.572,106562.67,0.00061,65.0032287
2025-10-18 02:55:05.607,106562.67,0.0002,21.312534
2025-10-18 02:55:05.894,106562.67,0.00012,12.7875204
2025-10-18 02:55:06.017,106562.66,0.09389,10005.1681474
2025-10-18 02:55:06.437,106562.67,0.0006,63.93760199999999
2025-10-18 02:55:06.462,106562.67,0.00063,67.1344821
2025-10-18 02:55:06.927,106562.66,0.09389,10005.1681474
2025-10-18 02:55:08.016,106562.66,0.09389,10005.1681474
2025-10-18 02:55:08.019,106562.67,0.00314,334.6067838
2025-10-18 02:55:08.386,106562.67,0.00051,54.3469617
2025-10-18 02:55:08.639,106562.66,0.00021,22.378158600000003
2025-10-18 02:55:09.132,106562.66,0.0939,10006.233774
2025-10-18 02:55:09.393,106562.67,0.01049,1117.8424083
2025-10-18 02:55:09.783,106562.66,5e-05,5.328133
2025-10-18 02:55:09.988,106562.66,0.03776,4023.8060416000003
2025-10-18 02:55:10.249,106562.65,0.0939,10006.232834999999
2025-10-18 02:55:10.404,106562.66,0.00052,55.4125832
2025-10-18 02:55:10.551,106562.66,0.0019,202.469054
2025-10-18 02:55:10.660,106562.66,0.00084,89.51263440000001
2025-10-18 02:55:11.026,106562.66,0.00035,37.296931
2025-10-18 02:55:11.343,106562.65,0.0939,10006.232834999999
2025-10-18 02:55:12.125,106562.65,4e-05,4.262506
2025-10-18 02:55:12.203,106562.65,0.02827,3012.5261155
2025-10-18 02:55:12.431,106562.65,0.0939,10006.232834999999
2025-10-18 02:55:12.562,106562.66,0.00017,18.115652200000003
2025-10-18 02:55:12.891,106562.66,5e-05,5.328133
2025-10-18 02:55:13.239,106562.65,0.01595,1699.6742674999998
2025-10-18 02:55:13.292,106562.65,0.00379,403.8724435
2025-10-18 02:55:13.471,106562.64,0.0939,10006.231896
2025-10-18 02:55:13.615,106562.64,0.0058,618.063312
2025-10-18 02:55:14.263,106562.63,0.00015,15.984394499999999
2025-10-18 02:55:14.519,106562.64,0.00059,62.8719576
2025-10-18 02:55:14.664,106562.63,0.00594,632.9820222000001
2025-10-18 02:55:14.666,106562.63,0.00151,160.9095713
2025-10-18 02:55:14.824,106562.63,0.00029,30.903162700000003
2025-10-18 02:55:15.574,106562.63,0.00613,653.2289219
2025-10-18 02:55:15.717,106562.62,0.0939,10006.230017999998
2025-10-18 02:55:15.820,106562.62,0.00082,87.3813484
2025-10-18 02:55:15.822,106562.62,0.00093,99.1032366
2025-10-18 02:55:15.823,106562.61,0.00017,18.1156437
2025-10-18 02:55:15.824,106562.59,0.00234,249.3564606
2025-10-18 02:55:15.825,106562.59,0.00158,168.3688922
2025-10-18 02:55:15.826,106562.59,0.00158,168.3688922
2025-10-18 02:55:15.827,106562.59,0.0014,149.187626
2025-10-18 02:55:15.828,106562.59,0.00357,380.42844629999996
2025-10-18 02:55:15.892,106562.6,0.00187,199.272062
2025-10-18 02:55:16.059,106562.6,0.04677,4983.932802
2025-10-18 02:55:16.716,106562.59,0.0939,10006.227201
2025-10-18 02:55:16.852,106562.6,0.0001,10.656260000000001
2025-10-18 02:55:16.956,106562.6,0.00239,254.68461400000004
2025-10-18 02:55:16.982,106562.6,0.00047,50.084422
2025-10-18 02:55:17.234,106562.6,0.00076,80.987576
2025-10-18 02:55:17.816,106562.59,0.0939,10006.227201
2025-10-18 02:55:17.837,106562.6,0.0001,10.656260000000001
2025-10-18 02:55:17.851,106562.59,0.002,213.12518
2025-10-18 02:55:18.812,106562.6,0.0001,10.656260000000001
2025-10-18 02:55:18.922,106562.59,0.0939,10006.227201
2025-10-18 02:55:19.194,106562.6,0.00043,45.821918000000004
2025-10-18 02:55:19.325,106562.6,0.00031,33.034406000000004
2025-10-18 02:55:19.385,106562.6,0.01876,1999.114376
2025-10-18 02:55:19.855,106562.6,0.0001,10.656260000000001
2025-10-18 02:55:19.858,106562.6,0.0005,53.2813
2025-10-18 02:55:19.859,106562.59,0.0074,788.563166
2025-10-18 02:55:20.466,106562.59,8e-05,8.525007200000001
2025-10-18 02:55:20.787,106562.58,0.0939,10006.226262
2025-10-18 02:55:20.997,106562.58,0.00517,550.9285386
2025-10-18 02:55:21.115,106562.55,0.0023,245.093865
2025-10-18 02:55:21.576,106562.54,0.00011,11.721879399999999
2025-10-18 02:55:21.931,106562.54,0.00197,209.92820379999998
2025-10-18 02:55:22.499,106562.55,0.00049,52.2156495
2025-10-18 02:55:23.013,106562.55,0.00027,28.771888500000003
2025-10-18 02:55:23.019,106562.54,0.00257,273.86572779999995
2025-10-18 02:55:23.636,106562.55,0.00021,22.378135500000003
2025-10-18 02:55:23.843,106562.54,0.00046,49.0187684
2025-10-18 02:55:24.205,106562.54,0.09389,10005.1568806
2025-10-18 02:55:24.263,106562.55,0.00047,50.0843985
2025-10-18 02:55:24.302,106562.55,7e-05,7.4593785
2025-10-18 02:55:25.187,106562.54,0.09389,10005.1568806
2025-10-18 02:55:26.175,106562.54,0.09389,10005.1568806
2025-10-18 02:55:27.136,106562.54,0.00071,75.6594034
2025-10-18 02:55:27.217,106562.54,0.09389,10005.1568806
2025-10-18 02:55:27.739,106562.55,0.00016,17.050008000000002
2025-10-18 02:55:28.075,106562.55,0.00019,20.2468845
2025-10-18 02:55:28.111,106562.54,0.83652,89141.6959608
2025-10-18 02:55:28.113,106562.53,0.00075,79.9218975
2025-10-18 02:55:28.114,106562.53,0.00075,79.9218975
2025-10-18 02:55:28.454,106562.53,0.09389,10005.1559417
2025-10-18 02:55:29.231,106562.53,0.0001,10.656253
2025-10-18 02:55:29.383,106562.53,0.00057,60.740642099999995
2025-10-18 02:55:29.554,106562.54,0.00461,491.25330940000003
2025-10-18 02:55:29.616,106562.53,0.00478,509.36889340000005
2025-10-18 02:55:29.618,106562.52,0.0012,127.875024
2025-10-18 02:55:30.816,106562.51,0.09389,10005.1540639
2025-10-18 02:55:31.067,106562.52,0.00071,75.6593892
2025-10-18 02:55:31.710,106562.52,0.00625,666.01575
2025-10-18 02:55:31.934,106562.51,0.0013,138.531263
2025-10-18 02:55:32.444,106562.52,0.0001,10.656252
2025-10-18 02:55:32.871,106562.52,0.00026,27.706255199999998
2025-10-18 02:55:33.024,106562.51,0.00117,124.6781367
2025-10-18 02:55:34.111,106562.51,0.00172,183.2875172
2025-10-18 02:55:34.589,106562.51,0.00095,101.23438449999999
2025-10-18 02:55:34.590,106562.5,0.001,106.5625
2025-10-18 02:55:34.591,106562.49,0.0002,21.312498
2025-10-18 02:55:34.593,106562.25,0.00085,90.5779125
2025-10-18 02:55:34.594,106558.33,0.0003,31.967498999999997
2025-10-18 02:55:34.781,106558.01,0.01877,2000.0938476999997
2025-10-18 02:55:34.806,106558.02,0.00028,29.836245599999998
2025-10-18 02:55:34.910,106558.02,0.01509,1607.9605218
2025-10-18 02:55:35.171,106558.02,0.0003,31.967405999999997
2025-10-18 02:55:35.203,106558.01,0.09389,10004.731558899999
2025-10-18 02:55:35.792,106558.01,0.00039,41.557623899999996
2025-10-18 02:55:36.190,106558.01,0.09389,10004.731558899999
2025-10-18 02:55:37.189,106558.02,0.00051,54.344590200000006
2025-10-18 02:55:37.226,106558.02,0.01705,1816.814241
2025-10-18 02:55:37.317,106558.01,0.09389,10004.731558899999
2025-10-18 02:55:37.339,106555.99,0.0001,10.655599
2025-10-18 02:55:37.340,106554.16,0.00134,142.78257440000002
2025-10-18 02:55:37.341,106553.1,0.0034,362.28054
2025-10-18 02:55:37.351,106551.94,0.00478,509.3182732000001
2025-10-18 02:55:37.367,106551.94,0.001,106.55194
2025-10-18 02:55:37.369,106550.58,0.00073,77.7819234
2025-10-18 02:55:37.385,106550.0,0.013,1385.1499999999999
2025-10-18 02:55:38.294,106550.01,0.00071,75.6505071
2025-10-18 02:55:38.370,106550.0,0.06879,7329.574500000001
2025-10-18 02:55:38.388,106550.0,0.00015,15.982499999999998
2025-10-18 02:55:39.610,106550.0,0.01005,1070.8275
2025-10-18 02:55:39.696,106550.01,5e-05,5.3275005
2025-10-18 02:55:39.715,106550.0,0.00281,299.4055
2025-10-18 02:55:40.751,106549.99,0.09391,10006.1095609
2025-10-18 02:55:41.311,106550.0,0.00012,12.786
2025-10-18 02:55:41.642,106550.0,0.00053,56.4715
2025-10-18 02:55:41.678,106549.99,0.09391,10006.1095609
2025-10-18 02:55:41.989,106550.0,0.00011,11.720500000000001
2025-10-18 02:55:42.617,106549.99,0.09391,10006.1095609
2025-10-18 02:55:42.832,106549.99,0.00234,249.32697660000002
2025-10-18 02:55:43.617,106549.99,0.09391,10006.1095609
2025-10-18 02:55:43.746,106550.0,4e-05,4.2620000000000005
2025-10-18 02:55:43.859,106550.0,5e-05,5.327500000000001
2025-10-18 02:55:44.616,106549.99,0.09391,10006.1095609
2025-10-18 02:55:45.582,106549.99,0.00128,136.3839872
2025-10-18 02:55:45.617,106549.99,0.09391,10006.1095609
2025-10-18 02:55:46.328,106549.99,0.03758,4004.1486242000005
2025-10-18 02:55:46.665,106549.99,0.09391,10006.1095609
2025-10-18 02:55:47.229,106550.0,0.00029,30.8995
2025-10-18 02:55:47.806,106549.99,0.09391,10006.1095609
2025-10-18 02:55:48.010,106550.0,0.00037,39.4235
2025-10-18 02:55:48.525,106549.99,0.00017,18.113498300000003
2025-10-18 02:55:48.605,106550.0,0.00187,199.24849999999998
2025-10-18 02:55:48.842,106549.99,0.09391,10006.1095609
2025-10-18 02:55:49.179,106549.99,0.03713,3956.2011287000005
2025-10-18 02:55:49.831,106549.99,0.0939,10005.044061
2025-10-18 02:55:50.567,106550.0,0.00293,312.19149999999996
2025-10-18 02:55:50.734,106550.0,0.00061,64.99549999999999
2025-10-18 02:55:50.816,106549.99,0.0939,10005.044061
2025-10-18 02:55:51.008,106549.99,0.001,106.54999000000001
2025-10-18 02:55:51.067,106550.0,0.00025,26.6375
2025-10-18 02:55:52.014,106549.99,0.0939,10005.044061
2025-10-18 02:55:52.188,106549.99,0.03793,4041.4411207
2025-10-18 02:55:52.450,106550.0,0.00018,19.179000000000002
2025-10-18 02:55:52.476,106549.99,0.00212,225.8859788
2025-10-18 02:55:52.951,106549.99,0.0939,10005.044061
2025-10-18 02:55:53.916,106549.99,0.0939,10005.044061
2025-10-18 02:55:54.451,106549.99,0.00404,430.46195960000006
2025-10-18 02:55:54.924,106549.99,0.0939,10005.044061
2025-10-18 02:55:55.133,106550.0,0.00197,209.9035
2025-10-18 02:55:55.323,106550.0,0.00071,75.65050000000001
2025-10-18 02:55:55.364,106550.0,0.00774,824.697
2025-10-18 02:55:55.580,106549.99,0.00136,144.90798640000003
2025-10-18 02:55:55.917,106549.99,0.0939,10005.044061
2025-10-18 02:55:57.051,106549.99,0.0939,10005.044061
2025-10-18 02:55:57.179,106549.99,0.0288,3068.639712
2025-10-18 02:55:58.142,106549.99,0.0939,10005.044061
2025-10-18 02:55:58.389,106550.0,0.00069,73.5195
2025-10-18 02:55:58.869,106549.99,0.45417,48391.808958300004
2025-10-18 02:55:59.181,106549.99,0.06744,7185.731325600001
2025-10-18 02:56:00.264,106549.99,0.06534,6961.9763465999995
2025-10-18 02:56:00.963,106550.0,0.02831,3016.4305
2025-10-18 02:56:01.117,106550.0,0.00011,11.720500000000001
2025-10-18 02:56:01.317,106549.99,0.06996,7454.2373004
2025-10-18 02:56:02.191,106549.99,0.02626,2798.0027374
2025-10-18 02:56:02.394,106549.99,0.07137,7604.472786300001
2025-10-18 02:56:02.540,106550.0,0.00011,11.720500000000001
2025-10-18 02:56:03.435,106549.99,0.06502,6927.8803498
2025-10-18 02:56:03.758,106550.0,6e-05,6.393
2025-10-18 02:56:04.423,106550.0,0.00243,258.9165
2025-10-18 02:56:04.473,106549.99,0.09391,10006.1095609
2025-10-18 02:56:05.170,106550.0,0.00017,18.113500000000002
2025-10-18 02:56:05.281,106550.0,5e-05,5.327500000000001
2025-10-18 02:56:05.565,106549.99,0.09391,10006.1095609
2025-10-18 02:56:05.609,106550.0,0.26034,27739.227000000003
2025-10-18 02:56:06.176,106550.0,0.0005,53.275
2025-10-18 02:56:06.317,106550.0,5e-05,5.327500000000001
2025-10-18 02:56:06.355,106549.99,0.00098,104.4189902
2025-10-18 02:56:06.517,106549.99,0.01539,1639.8043461
2025-10-18 02:56:06.576,106549.99,7e-05,7.4584993
2025-10-18 02:56:06.617,106549.99,0.09391,10006.1095609
2025-10-18 02:56:07.616,106549.99,0.09391,10006.1095609
2025-10-18 02:56:07.639,106550.0,0.0005,53.275
2025-10-18 02:56:08.569,106550.0,0.0314,3345.6699999999996
2025-10-18 02:56:08.683,106550.0,0.00035,37.2925
2025-10-18 02:56:08.684,106549.99,0.0898,9568.189102
2025-10-18 02:56:09.260,106549.99,0.00041,43.6854959
2025-10-18 02:56:09.615,106545.11,0.00015,15.981766499999999
2025-10-18 02:56:09.618,106545.11,0.00872,929.0733592
2025-10-18 02:56:09.717,106545.1,0.09391,10005.650341
2025-10-18 02:56:10.707,106545.1,0.09391,10005.650341
2025-10-18 02:56:10.751,106545.11,0.0002,21.309022000000002
2025-10-18 02:56:11.770,106545.11,0.00019,20.2435709
2025-10-18 02:56:11.901,106545.1,0.09391,10005.650341
2025-10-18 02:56:12.828,106545.1,0.09391,10005.650341
2025-10-18 02:56:13.063,106545.11,0.00032,34.0944352
2025-10-18 02:56:13.068,106545.1,0.1358,14468.82458
2025-10-18 02:56:13.121,106545.1,0.1,10654.510000000002
2025-10-18 02:56:14.016,106545.1,0.00244,259.97004400000003
2025-10-18 02:56:15.196,106545.11,0.00102,108.6760122
2025-10-18 02:56:15.732,106545.11,0.00068,72.4506748
2025-10-18 02:56:16.359,106545.11,0.00092,98.0215012
2025-10-18 02:56:16.420,106545.1,6e-05,6.392706
2025-10-18 02:56:16.545,106545.11,8e-05,8.5236088
2025-10-18 02:56:16.570,106545.11,0.0001,10.654511000000001
2025-10-18 02:56:16.637,106545.1,0.00343,365.449693
2025-10-18 02:56:16.670,106545.04,8e-05,8.5236032
2025-10-18 02:56:16.681,106545.04,0.00132,140.6394528
2025-10-18 02:56:16.747,106545.04,0.0001,10.654504
2025-10-18 02:56:16.762,106545.04,0.0001,10.654504
2025-10-18 02:56:16.783,106545.04,0.00015,15.981755999999997
2025-10-18 02:56:16.848,106545.04,7e-05,7.458152799999999
2025-10-18 02:56:17.076,106545.04,0.00018,19.1781072
2025-10-18 02:56:17.139,106545.04,0.00094,100.1523376
2025-10-18 02:56:17.310,106545.04,8e-05,8.5236032
2025-10-18 02:56:17.318,106545.04,0.0001,10.654504
2025-10-18 02:56:17.319,106545.04,0.00939,1000.4579256000001
2025-10-18 02:56:17.588,106545.03,0.27207,28987.7063121
2025-10-18 02:56:17.589,106545.01,0.0002,21.309002
2025-10-18 02:56:17.591,106544.82,0.00045,47.945169
2025-10-18 02:56:17.593,106543.8,0.0002,21.308760000000003
2025-10-18 02:56:17.597,106543.18,0.00015,15.981476999999998
2025-10-18 02:56:17.599,106542.74,0.0001,10.654274000000001
2025-10-18 02:56:17.601,106542.45,0.00015,15.981367499999998
2025-10-18 02:56:17.604,106541.43,9e-05,9.5887287
2025-10-18 02:56:17.617,106541.43,0.00046,49.0090578
2025-10-18 02:56:17.619,106541.42,0.0004,42.616568
2025-10-18 02:56:17.623,106537.99,0.0002,21.307598000000002
2025-10-18 02:56:17.713,106535.51,0.0001,10.653551
2025-10-18 02:56:17.783,106534.0,0.00275,292.9685
2025-10-18 02:56:17.894,106533.56,0.001,106.53356
2025-10-18 02:56:17.895,106533.56,0.001,106.53356
2025-10-18 02:56:17.897,106533.56,0.00237,252.4845372
2025-10-18 02:56:17.909,106533.55,0.00297,316.4046435
2025-10-18 02:56:18.082,106533.55,9e-05,9.588019500000001
2025-10-18 02:56:18.169,106533.55,7e-05,7.457348499999999
2025-10-18 02:56:18.292,106533.55,0.00011,11.718690500000001
2025-10-18 02:56:18.424,106533.55,0.02347,2500.3424185000003
2025-10-18 02:56:18.547,106533.55,0.00047,50.0707685
2025-10-18 02:56:18.559,106533.55,0.00011,11.718690500000001
2025-10-18 02:56:18.643,106533.55,0.00019,20.241374500000003
2025-10-18 02:56:18.671,106533.55,0.00014,14.914696999999999
2025-10-18 02:56:18.792,106533.55,0.00011,11.718690500000001
2025-10-18 02:56:19.035,106533.54,0.09286,9892.7045244
2025-10-18 02:56:19.207,106533.55,0.00014,14.914696999999999
2025-10-18 02:56:19.208,106533.54,0.00091,96.94552139999999
2025-10-18 02:56:19.567,106531.99,0.0001,10.653199
2025-10-18 02:56:19.570,106531.75,0.00011,11.7184925
2025-10-18 02:56:19.574,106531.74,0.0011,117.184914
2025-10-18 02:56:19.584,106531.47,0.001,106.53147
2025-10-18 02:56:19.610,106530.68,0.00315,335.571642
2025-10-18 02:56:19.613,106528.75,0.00375,399.48281249999997
2025-10-18 02:56:19.615,106528.11,0.0001,10.652811
2025-10-18 02:56:19.616,106526.28,0.0001,10.652628
2025-10-18 02:56:20.172,106524.18,0.00567,603.9921006
2025-10-18 02:56:21.410,106524.18,0.08954,9538.1750772
2025-10-18 02:56:21.431,106524.18,0.00047,50.06636459999999
2025-10-18 02:56:21.581,106524.19,0.00094,100.1327386
2025-10-18 02:56:21.671,106524.19,0.00267,284.4195873
2025-10-18 02:56:21.710,106524.18,0.001,106.52418
2025-10-18 02:56:21.712,106524.18,0.001,106.52418
2025-10-18 02:56:21.713,106524.18,0.001,106.52418
2025-10-18 02:56:21.772,106524.19,0.0011,117.17660900000001
2025-10-18 02:56:22.616,106524.18,0.09392,10004.7509856
2025-10-18 02:56:23.083,106524.18,0.00187,199.20021659999998
2025-10-18 02:56:23.735,106524.18,0.00192,204.52642559999998
2025-10-18 02:56:23.738,106524.19,8e-05,8.521935200000001
2025-10-18 02:56:23.922,106523.43,0.00015,15.978514499999998
2025-10-18 02:56:24.370,106523.43,0.00017,18.1089831
2025-10-18 02:56:24.716,106523.42,0.00317,337.6792414
2025-10-18 02:56:25.858,106523.42,0.08593,9153.5574806
2025-10-18 02:56:27.017,106523.42,0.00081,86.2839702
2025-10-18 02:56:27.232,106523.03,0.0001,10.652303
2025-10-18 02:56:27.762,106522.9,0.00011,11.717519
2025-10-18 02:56:27.910,106522.9,0.00013,13.847976999999998
2025-10-18 02:56:28.095,106522.89,0.03873,4125.6315297
2025-10-18 02:56:28.352,106522.9,0.0001,10.65229
2025-10-18 02:56:28.404,106522.89,0.00205,218.3719245
2025-10-18 02:56:28.406,106522.87,5e-05,5.3261435
2025-10-18 02:56:29.134,106522.87,0.00084,89.4792108
2025-10-18 02:56:29.178,106522.86,0.09392,10004.6270112
2025-10-18 02:56:29.444,106522.86,0.28171,30008.5548906
2025-10-18 02:56:29.445,106522.67,5e-05,5.3261335
2025-10-18 02:56:29.446,106522.39,0.00015,15.978358499999999
2025-10-18 02:56:29.451,106522.13,0.01295,1379.4615835
2025-10-18 02:56:29.454,106519.88,0.00015,15.977981999999999
2025-10-18 02:56:29.587,106519.55,0.0001,10.651955000000001
2025-10-18 02:56:30.109,106519.54,0.00355,378.144367
2025-10-18 02:56:30.111,106519.52,0.0002,21.303904000000003
2025-10-18 02:56:31.248,106519.44,0.00352,374.94842880000004
2025-10-18 02:56:31.284,106519.45,0.00187,199.19137149999997
2025-10-18 02:56:32.179,106519.44,0.00081,86.2807464
2025-10-18 02:56:32.515,106519.44,0.001,106.51944
2025-10-18 02:56:32.715,106519.41,0.0002,21.303882
2025-10-18 02:56:33.317,106519.4,0.09394,10006.432436
2025-10-18 02:56:34.275,106519.4,0.00061,64.976834
2025-10-18 02:56:34.517,106519.4,0.09394,10006.432436
2025-10-18 02:56:34.615,106519.4,0.00275,292.92834999999997
2025-10-18 02:56:35.016,106519.4,0.00011,11.717134
2025-10-18 02:56:35.345,106519.4,8e-05,8.521552
2025-10-18 02:56:35.552,106519.39,0.09057,9647.4611523
2025-10-18 02:56:35.626,106519.4,0.00908,967.1961519999999
2025-10-18 02:56:35.881,106519.4,0.0001,10.65194
2025-10-18 02:56:36.106,106519.39,0.00025,26.6298475
2025-10-18 02:56:36.517,106519.39,0.00303,322.7537517
2025-10-18 02:56:36.520,106519.4,0.00012,12.782328
2025-10-18 02:56:36.581,106519.39,6e-05,6.3911634
2025-10-18 02:56:36.895,106519.4,0.0001,10.65194
2025-10-18 02:56:37.153,106519.4,0.00055,58.58567
2025-10-18 02:56:37.517,106519.39,0.00052,55.390082799999995
2025-10-18 02:56:37.615,106519.39,0.00051,54.324888900000005
2025-10-18 02:56:37.879,106519.38,0.0001,10.651938000000001
2025-10-18 02:56:38.084,106519.38,0.0001,10.651938000000001
2025-10-18 02:56:38.616,106519.37,0.09394,10006.429617799999
2025-10-18 02:56:38.647,106519.37,0.02906,3095.4528922
2025-10-18 02:56:39.075,106519.38,5e-05,5.325969000000001
2025-10-18 02:56:39.290,106519.38,9e-05,9.586744200000002
2025-10-18 02:56:39.364,106519.37,8e-05,8.5215496
2025-10-18 02:56:39.410,106519.37,0.02902,3091.1921174
2025-10-18 02:56:39.661,106519.37,0.00362,385.6001194
2025-10-18 02:56:39.663,106519.37,0.00055,58.5856535
2025-10-18 02:56:39.778,106519.37,0.00156,166.1702172
2025-10-18 02:56:40.031,106519.37,0.0051,543.248787
2025-10-18 02:56:40.698,106519.36,0.04021,4283.1434656
2025-10-18 02:56:41.079,106519.37,0.01902,2025.9984173999999
2025-10-18 02:56:41.716,106519.36,0.00311,331.2752096
2025-10-18 02:56:41.854,106519.37,0.00013,13.847518099999998
2025-10-18 02:56:42.154,106519.37,0.0041,436.729417
2025-10-18 02:56:42.474,106519.36,0.00065,69.237584
2025-10-18 02:56:42.716,106519.36,0.09394,10006.4286784
2025-10-18 02:56:43.807,106519.36,7e-05,7.456355199999999
2025-10-18 02:56:43.868,106519.36,0.09394,10006.4286784
2025-10-18 02:56:43.932,106519.37,0.03,3195.5811
2025-10-18 02:56:44.361,106519.36,0.00021,22.369065600000003
2025-10-18 02:56:44.917,106519.36,0.00332,353.6442752
2025-10-18 02:56:45.062,106519.37,0.00095,101.1934015
2025-10-18 02:56:45.463,106519.37,7e-05,7.456355899999999
2025-10-18 02:56:45.887,106519.37,0.00135,143.8011495
2025-10-18 02:56:45.893,106519.36,0.00083,88.4110688
2025-10-18 02:56:46.547,106519.37,0.0003,31.955810999999997
2025-10-18 02:56:46.931,106519.36,0.09394,10006.4286784
2025-10-18 02:56:47.035,106519.37,6e-05,6.3911622
2025-10-18 02:56:47.732,106519.37,0.0017,181.08292899999998
2025-10-18 02:56:47.917,106519.36,0.09394,10006.4286784
2025-10-18 02:56:48.461,106519.37,0.0001,10.651937
2025-10-18 02:56:48.585,106519.36,0.00028,29.825420799999996
2025-10-18 02:56:48.925,106519.37,0.00187,199.1912219
2025-10-18 02:56:49.109,106519.36,0.03212,3421.4018432000003
2025-10-18 02:56:50.074,106519.37,0.0353,3760.1337609999996
2025-10-18 02:56:50.216,106519.36,0.02354,2507.4657343999997
2025-10-18 02:56:51.334,106519.36,0.09392,10004.2982912
2025-10-18 02:56:51.617,106519.37,0.0159,1693.657983
2025-10-18 02:56:52.127,106519.37,0.00182,193.8652534
2025-10-18 02:56:52.139,106519.36,0.00248,264.1680128
2025-10-18 02:56:52.417,106519.36,0.09392,10004.2982912
2025-10-18 02:56:52.438,106519.37,0.00766,815.9383742
2025-10-18 02:56:52.954,106519.37,5e-05,5.3259685
2025-10-18 02:56:53.132,106519.36,0.00035,37.281776
2025-10-18 02:56:53.418,106519.36,0.09392,10004.2982912
2025-10-18 02:56:53.654,106519.37,0.00316,336.60120919999997
2025-10-18 02:56:53.748,106519.37,0.0001,10.651937
2025-10-18 02:56:53.803,106519.37,0.00131,139.5403747
2025-10-18 02:56:53.951,106519.37,8e-05,8.5215496
2025-10-18 02:56:54.511,106519.36,0.09392,10004.2982912
2025-10-18 02:56:55.076,106519.37,0.0001,10.651937
2025-10-18 02:56:55.115,106519.36,0.00581,618.8774816
2025-10-18 02:56:55.420,106519.36,0.02628,2799.3287808
2025-10-18 02:56:55.498,106519.36,0.09392,10004.2982912
2025-10-18 02:56:55.783,106519.36,0.00144,153.3878784
2025-10-18 02:56:55.963,106519.37,0.00012,12.7823244
2025-10-18 02:56:56.077,106519.36,0.01845,1965.2821920000001
2025-10-18 02:56:56.531,106519.36,0.09392,10004.2982912
2025-10-18 02:56:57.383,106519.37,0.00482,513.4233634
2025-10-18 02:56:57.675,106519.36,0.09392,10004.2982912
2025-10-18 02:56:58.632,106519.36,0.00044,46.8685184
2025-10-18 02:56:58.715,106519.36,0.09392,10004.2982912
2025-10-18 02:56:59.035,106519.36,9e-05,9.5867424
2025-10-18 02:56:59.648,106519.36,0.09392,10004.2982912
2025-10-18 02:56:59.674,106519.37,0.0007,74.563559
2025-10-18 02:56:59.809,106519.37,0.04693,4998.9540341
2025-10-18 02:56:59.992,106519.36,0.00014,14.912710399999998
2025-10-18 02:57:00.321,106519.37,0.0006,63.911621999999994
2025-10-18 02:57:00.634,106519.36,0.09392,10004.2982912
2025-10-18 02:57:00.787,106519.37,0.00065,69.2375905
2025-10-18 02:57:00.903,106519.37,0.39249,41807.7875313
2025-10-18 02:57:00.904,106519.41,0.0002,21.303882
2025-10-18 02:57:00.906,106527.04,0.03082,3283.1633727999997
2025-10-18 02:57:00.907,106527.04,0.01896,2019.7526784
2025-10-18 02:57:00.909,106529.31,0.04,4261.1724
2025-10-18 02:57:00.913,106530.02,0.00786,837.3259572000001
2025-10-18 02:57:00.921,106539.02,0.00363,386.73664260000004
2025-10-18 02:57:00.954,106537.9,0.00938,999.3255019999999
2025-10-18 02:57:00.955,106537.9,0.00702,747.8960579999999
2025-10-18 02:57:00.968,106537.9,0.0014,149.15305999999998
2025-10-18 02:57:01.006,106537.9,0.01151,1226.251229
2025-10-18 02:57:01.012,106537.9,0.027,2876.5233
2025-10-18 02:57:01.063,106537.9,0.00637,678.6464229999999
2025-10-18 02:57:01.086,106538.0,0.0009,95.88419999999999
2025-10-18 02:57:01.088,106538.98,0.0001,10.653898
2025-10-18 02:57:01.093,106540.77,0.00013,13.8503001
2025-10-18 02:57:01.096,106540.78,9e-05,9.588670200000001
2025-10-18 02:57:01.102,106540.78,0.00015,15.981116999999998
2025-10-18 02:57:01.111,106541.5,6e-05,6.3924900000000004
2025-10-18 02:57:01.153,106544.21,0.00016,17.0470736
2025-10-18 02:57:01.298,106544.21,0.0001,10.654421000000001
2025-10-18 02:57:01.451,106544.21,0.00312,332.4179352
2025-10-18 02:57:01.559,106544.2,0.09391,10005.565821999999
2025-10-18 02:57:01.832,106544.2,7e-05,7.458093999999999
2025-10-18 02:57:02.317,106544.21,0.00531,565.7497551
2025-10-18 02:57:02.642,106544.2,0.09391,10005.565821999999
2025-10-18 02:57:02.799,106544.2,0.013,1385.0746
2025-10-18 02:57:02.800,106544.2,0.013,1385.0746
2025-10-18 02:57:02.801,106544.2,0.013,1385.0746
2025-10-18 02:57:02.947,106544.2,0.84371,89892.406982
2025-10-18 02:57:02.948,106542.11,0.00015,15.981316499999998
2025-10-18 02:57:02.949,106540.06,0.0001,10.654006
2025-10-18 02:57:02.972,106538.0,0.00261,278.06417999999996
2025-10-18 02:57:03.007,106537.89,0.00026,27.699851399999996
2025-10-18 02:57:04.158,106537.9,0.0001,10.65379
2025-10-18 02:57:04.217,106537.89,0.03684,3924.8558676
2025-10-18 02:57:04.622,106537.9,0.02961,3154.587219
2025-10-18 02:57:04.888,106537.9,0.0001,10.65379
2025-10-18 02:57:05.216,106537.89,0.02764,2944.7072796
2025-10-18 02:57:05.415,106537.89,0.00352,375.0133728
2025-10-18 02:57:05.429,106537.87,0.00235,250.3639945
2025-10-18 02:57:05.860,106537.81,0.0001,10.653781
2025-10-18 02:57:05.918,106537.8,0.001,106.5378
2025-10-18 02:57:05.919,106537.8,0.001,106.5378
2025-10-18 02:57:05.920,106537.8,0.001,106.5378
2025-10-18 02:57:05.926,106537.81,4e-05,4.2615124
2025-10-18 02:57:05.931,106537.8,0.00054,57.530412000000005
2025-10-18 02:57:06.314,106537.8,0.00353,376.078434
2025-10-18 02:57:06.746,106537.81,0.0007,74.576467
2025-10-18 02:57:07.032,106537.81,9e-05,9.5884029
2025-10-18 02:57:07.303,106537.8,0.09392,10006.030176
2025-10-18 02:57:07.547,106537.81,0.00117,124.6492377
2025-10-18 02:57:07.563,106537.81,0.00012,12.7845372
2025-10-18 02:57:08.317,106537.8,0.09391,10004.964797999999
2025-10-18 02:57:08.828,106537.81,0.027,2876.52087
2025-10-18 02:57:09.374,106537.8,0.09391,10004.964797999999
2025-10-18 02:57:10.463,106537.8,0.09391,10004.964797999999
2025-10-18 02:57:10.591,106537.81,0.003,319.61343
2025-10-18 02:57:10.594,106537.81,0.00338,360.0977978
2025-10-18 02:57:10.595,106537.81,0.0001,10.653781
2025-10-18 02:57:10.609,106545.85,0.01076,1146.433346
2025-10-18 02:57:11.575,106545.84,7e-05,7.4582087999999995
2025-10-18 02:57:11.616,106545.84,0.09391,10005.719834399999
2025-10-18 02:57:12.097,106545.85,7e-05,7.4582095
2025-10-18 02:57:12.265,106545.85,0.003,319.63755000000003
2025-10-18 02:57:12.432,106545.84,0.00187,199.2407208
2025-10-18 02:57:12.587,106545.84,0.09391,10005.719834399999
2025-10-18 02:57:12.673,106545.85,0.024,2557.1004000000003
2025-10-18 02:57:13.728,106545.84,0.09391,10005.719834399999
2025-10-18 02:57:14.797,106545.85,0.00281,299.3938385
2025-10-18 02:57:14.867,106545.84,0.09391,10005.719834399999
2025-10-18 02:57:14.997,106545.84,0.00011,11.7200424
2025-10-18 02:57:15.981,106545.85,0.027,2876.73795
2025-10-18 02:57:16.011,106545.84,0.00631,672.3042503999999
2025-10-18 02:57:16.013,106545.83,0.00115,122.5277045
2025-10-18 02:57:16.032,106545.71,0.00282,300.4589022
2025-10-18 02:57:16.536,106545.71,7e-05,7.4581997
2025-10-18 02:57:17.029,106545.7,5e-05,5.327285
2025-10-18 02:57:17.088,106545.7,0.0015,159.81855
2025-10-18 02:57:17.115,106545.68,0.00195,207.764076
2025-10-18 02:57:17.218,106545.67,0.00207,220.54953689999996
2025-10-18 02:57:17.410,106545.6,0.0011,117.20016000000001
2025-10-18 02:57:17.424,106545.01,0.00015,15.981751499999998
2025-10-18 02:57:18.041,106542.9,5.0,532714.5
2025-10-18 02:57:18.236,106542.9,0.0001,10.65429
2025-10-18 02:57:18.255,106542.89,0.00252,268.48808280000003
2025-10-18 02:57:18.341,106542.89,0.028,2983.20092
2025-10-18 02:57:18.359,106542.9,0.00938,999.3724019999999
2025-10-18 02:57:18.512,106542.89,0.00023,24.5048647
2025-10-18 02:57:19.042,106542.89,6e-05,6.3925734
2025-10-18 02:57:19.307,106542.9,0.00118,125.720622
2025-10-18 02:57:19.317,106542.89,0.09391,10005.4427999
2025-10-18 02:57:19.512,106542.9,0.0001,10.65429
2025-10-18 02:57:20.109,106542.9,0.0001,10.65429
2025-10-18 02:57:20.117,106542.89,0.00482,513.5367298
2025-10-18 02:57:20.264,106542.89,0.09391,10005.4427999
2025-10-18 02:57:20.439,106542.9,0.00339,361.18043099999994
2025-10-18 02:57:20.568,106542.9,4e-05,4.261716
2025-10-18 02:57:20.915,106542.89,0.03096,3298.5678744
2025-10-18 02:57:20.917,106539.45,0.0003,31.961834999999997
2025-10-18 02:57:20.979,106539.46,5.0,532697.3
2025-10-18 02:57:21.104,106539.46,0.0001,10.653946000000001
2025-10-18 02:57:21.247,106539.45,0.09391,10005.1197495
2025-10-18 02:57:21.620,106539.46,0.0001,10.653946000000001
2025-10-18 02:57:21.830,106539.46,5e-05,5.326973000000001
2025-10-18 02:57:22.317,106539.45,0.09391,10005.1197495
2025-10-18 02:57:22.673,106539.46,0.00058,61.792886800000005
2025-10-18 02:57:23.292,106539.45,0.00469,499.67002049999996
2025-10-18 02:57:23.395,106539.45,0.09391,10005.1197495
2025-10-18 02:57:23.653,106539.46,0.00469,499.6700674
2025-10-18 02:57:24.138,106539.45,0.00036,38.354202
2025-10-18 02:57:24.452,106539.46,0.08688,9256.1482848
2025-10-18 02:57:24.515,106539.45,0.09391,10005.1197495
2025-10-18 02:57:25.120,106539.45,0.00037,39.4195965
2025-10-18 02:57:25.400,106539.46,7e-05,7.4577621999999995
2025-10-18 02:57:25.551,106539.45,0.09391,10005.1197495
2025-10-18 02:57:26.195,106539.45,0.002,213.0789
2025-10-18 02:57:26.372,106539.45,0.02799,2982.0392055
2025-10-18 02:57:26.618,106539.45,0.09391,10005.1197495
2025-10-18 02:57:26.951,106539.46,0.00019,20.2424974
2025-10-18 02:57:27.028,106539.46,7e-05,7.4577621999999995
2025-10-18 02:57:27.097,106539.46,0.00627,668.0024142000001
2025-10-18 02:57:27.233,106539.46,0.00018,19.177102800000004
2025-10-18 02:57:27.682,106539.46,7e-05,7.4577621999999995
2025-10-18 02:57:27.763,106539.46,0.00232,247.17154720000002
2025-10-18 02:57:27.816,106539.45,0.09391,10005.1197495
2025-10-18 02:57:28.098,106539.46,8e-05,8.5231568
2025-10-18 02:57:28.339,106539.45,0.00944,1005.7324080000001
2025-10-18 02:57:28.710,106539.45,0.00046,49.008147
2025-10-18 02:57:28.916,106539.45,0.09391,10005.1197495
2025-10-18 02:57:29.638,106539.46,9e-05,9.588551400000002
2025-10-18 02:57:29.746,106539.45,0.0002,21.30789
2025-10-18 02:57:29.865,106539.46,7e-05,7.4577621999999995
2025-10-18 02:57:29.866,106539.45,0.09391,10005.1197495
2025-10-18 02:57:30.019,106550.0,0.00021,22.375500000000002
2025-10-18 02:57:30.631,106552.97,0.21557,22969.623742900003
2025-10-18 02:57:30.882,106552.97,0.21143,22528.4944471
2025-10-18 02:57:30.899,106552.96,0.09391,10006.3884736
2025-10-18 02:57:31.575,106552.96,5e-05,5.327648000000001
2025-10-18 02:57:31.829,106552.97,0.00018,19.1795346
2025-10-18 02:57:32.043,106552.96,0.09391,10006.3884736
2025-10-18 02:57:32.282,106552.97,0.00038,40.490128600000006
2025-10-18 02:57:32.468,106552.97,0.00136,144.9120392
2025-10-18 02:57:32.723,106552.97,9e-05,9.5897673
2025-10-18 02:57:33.016,106552.96,0.09391,10006.3884736
2025-10-18 02:57:33.858,106552.97,0.00325,346.2971525
2025-10-18 02:57:33.891,106552.96,0.00704,750.1328384000001
2025-10-18 02:57:33.985,106552.96,0.00024,25.572710400000002
2025-10-18 02:57:34.071,106552.96,0.09391,10006.3884736
2025-10-18 02:57:35.060,106552.96,0.09391,10006.3884736
2025-10-18 02:57:35.620,106552.96,7e-05,7.4587072
2025-10-18 02:57:35.919,106552.96,0.00023,24.507180800000004
2025-10-18 02:57:36.098,106552.96,0.09391,10006.3884736
2025-10-18 02:57:36.262,106552.97,0.00122,129.9946234
2025-10-18 02:57:36.852,106552.96,0.0023,245.071808
2025-10-18 02:57:37.394,106552.96,0.09391,10006.3884736
2025-10-18 02:57:37.724,106552.96,0.0001,10.655296000000002
2025-10-18 02:57:38.379,106552.96,0.09391,10006.3884736
2025-10-18 02:57:38.955,106552.96,0.00649,691.5287104
2025-10-18 02:57:39.036,106552.97,0.00093,99.09426210000001
2025-10-18 02:57:39.037,106552.97,0.00937,998.4013289
2025-10-18 02:57:39.416,106552.96,0.09391,10006.3884736
2025-10-18 02:57:39.769,106552.97,0.00049,52.2109553
2025-10-18 02:57:40.146,106552.97,0.06081,6479.486105700001
2025-10-18 02:57:40.510,106552.96,0.09391,10006.3884736
2025-10-18 02:57:40.589,106552.96,0.00062,66.06283520000001
2025-10-18 02:57:41.548,106552.96,0.09391,10006.3884736
2025-10-18 02:57:42.002,106552.96,0.00096,102.29084160000001
2025-10-18 02:57:42.338,106552.96,0.01547,1648.3742912
2025-10-18 02:57:42.817,106552.96,0.09391,10006.3884736
2025-10-18 02:57:43.891,106552.96,0.09391,10006.3884736
2025-10-18 02:57:44.572,106552.96,0.01687,1797.5484352
2025-10-18 02:57:44.919,106552.96,0.09391,10006.3884736
2025-10-18 02:57:45.620,106552.97,7e-05,7.458707899999999
2025-10-18 02:57:45.966,106552.96,0.09391,10006.3884736
2025-10-18 02:57:46.070,106552.96,0.00192,204.58168320000001
2025-10-18 02:57:46.575,106552.96,7e-05,7.4587072
2025-10-18 02:57:47.059,106552.96,0.09391,10006.3884736
2025-10-18 02:57:47.598,106552.96,0.0025,266.3824
2025-10-18 02:57:48.150,106552.96,0.09391,10006.3884736
2025-10-18 02:57:48.549,106552.97,0.00311,331.37973669999997
2025-10-18 02:57:49.216,106552.96,0.09391,10006.3884736
2025-10-18 02:57:50.283,106552.96,0.09391,10006.3884736
2025-10-18 02:57:51.271,106552.96,0.09391,10006.3884736
2025-10-18 02:57:51.632,106552.97,0.00019,20.245064300000003
2025-10-18 02:57:52.317,106552.96,0.09391,10006.3884736
2025-10-18 02:57:52.326,106552.96,0.00046,49.01436160000001
2025-10-18 02:57:52.429,106552.96,5e-05,5.327648000000001
2025-10-18 02:57:52.738,106552.97,0.0009,95.897673
2025-10-18 02:57:52.868,106552.97,9e-05,9.5897673
2025-10-18 02:57:53.396,106552.97,0.00028,29.834831599999998
2025-10-18 02:57:53.417,106552.96,0.09391,10006.3884736
2025-10-18 02:57:54.386,106552.96,0.0939,10005.322944
2025-10-18 02:57:54.879,106552.97,0.00101,107.6184997
2025-10-18 02:57:55.416,106552.96,0.0939,10005.322944
2025-10-18 02:57:55.778,106552.96,0.00508,541.2890368000001
2025-10-18 02:57:56.621,106552.97,0.00013,13.8518861
2025-10-18 02:57:56.717,106552.96,0.0939,10005.322944
2025-10-18 02:57:57.557,106552.97,0.00056,59.669663199999995
2025-10-18 02:57:57.778,106552.97,9e-05,9.5897673
2025-10-18 02:57:57.911,106552.96,0.0939,10005.322944
2025-10-18 02:57:59.065,106552.96,0.00063,67.1283648
2025-10-18 02:57:59.210,106552.96,0.0939,10005.322944
2025-10-18 02:57:59.332,106552.96,0.0004,42.62118400000001
2025-10-18 02:58:00.248,106552.96,0.0939,10005.322944
2025-10-18 02:58:00.904,106552.97,0.00046,49.014366200000005
2025-10-18 02:58:01.162,106552.96,0.00487,518.9129152
2025-10-18 02:58:01.333,106552.96,0.0939,10005.322944
2025-10-18 02:58:01.620,106552.97,0.0001,10.655297000000001
2025-10-18 02:58:02.002,106552.96,0.00768,818.3267328000001
2025-10-18 02:58:02.076,106552.97,0.00188,200.3195836
2025-10-18 02:58:02.417,106552.96,0.0939,10005.322944
2025-10-18 02:58:03.370,106552.97,0.00015,15.9829455
2025-10-18 02:58:03.619,106552.96,0.0939,10005.322944
2025-10-18 02:58:03.671,106552.97,0.027,2876.93019
2025-10-18 02:58:04.466,106552.96,0.00238,253.59604480000004
2025-10-18 02:58:04.717,106552.96,0.0939,10005.322944
2025-10-18 02:58:05.012,106552.97,0.11721,12489.0736137
2025-10-18 02:58:05.090,106556.88,0.0001,10.655688000000001
2025-10-18 02:58:05.145,106557.95,0.00938,999.513571
2025-10-18 02:58:05.158,106560.67,0.00134,142.7912978
2025-10-18 02:58:05.175,106560.67,0.00938,999.5390845999999
2025-10-18 02:58:05.183,106560.67,0.00938,999.5390845999999
2025-10-18 02:58:05.200,106560.67,0.00938,999.5390845999999
2025-10-18 02:58:05.207,106560.67,0.00938,999.5390845999999
2025-10-18 02:58:05.214,106560.67,0.00776,826.9107992
2025-10-18 02:58:05.221,106560.67,0.00938,999.5390845999999
2025-10-18 02:58:05.228,106560.67,0.00506,539.1969902000001
2025-10-18 02:58:05.234,106560.8,0.02555,2722.62844
2025-10-18 02:58:05.235,106560.81,0.00722,769.3690482
2025-10-18 02:58:05.255,106560.81,0.0008,85.248648
2025-10-18 02:58:05.578,106561.17,4e-05,4.2624468
2025-10-18 02:58:05.586,106561.16,0.01877,2000.1529732
2025-10-18 02:58:05.717,106561.16,0.09389,10005.0273124
2025-10-18 02:58:05.892,106561.17,0.0019,202.46622299999999
2025-10-18 02:58:06.211,106561.18,0.00049,52.2149782
2025-10-18 02:58:06.558,106561.18,0.00149,158.7761582
2025-10-18 02:58:06.774,106561.17,0.09389,10005.0282513
2025-10-18 02:58:06.895,106561.18,0.00272,289.8464096
2025-10-18 02:58:06.896,106568.02,0.00015,15.985202999999998
2025-10-18 02:58:07.015,106572.2,5e-05,5.32861
2025-10-18 02:58:07.270,106573.48,0.00121,128.9539108
2025-10-18 02:58:07.817,106573.48,0.09388,10005.1183024
2025-10-18 02:58:08.886,106573.48,5e-05,5.328674
2025-10-18 02:58:09.000,106573.48,0.09388,10005.1183024
2025-10-18 02:58:09.439,106573.49,8e-05,8.5258792
2025-10-18 02:58:09.809,106573.49,0.00282,300.5372418
2025-10-18 02:58:10.082,106573.48,0.09388,10005.1183024
2025-10-18 02:58:10.574,106573.48,0.06201,6608.6214948
2025-10-18 02:58:11.375,106573.48,0.09388,10005.1183024
2025-10-18 02:58:11.580,106573.49,0.2,21314.698000000004
2025-10-18 02:58:11.894,106573.48,9e-05,9.5916132
2025-10-18 02:58:12.083,106573.49,0.00019,20.2489631
2025-10-18 02:58:12.168,106573.49,0.00212,225.93579880000001
2025-10-18 02:58:12.212,106573.51,0.001,106.57351
2025-10-18 02:58:12.315,106573.88,0.00055,58.61563400000001
2025-10-18 02:58:12.362,106573.99,0.09388,10005.1661812
2025-10-18 02:58:12.562,106573.99,0.00055,58.615694500000004
2025-10-18 02:58:12.791,106573.99,0.00028,29.8407172
2025-10-18 02:58:13.098,106574.0,0.027,2877.498
2025-10-18 02:58:13.191,106574.0,0.00096,102.31104
2025-10-18 02:58:13.395,106575.99,0.02945,3138.6629055000003
2025-10-18 02:58:13.476,106576.0,0.00011,11.72336
2025-10-18 02:58:13.490,106575.99,0.09388,10005.353941200001
2025-10-18 02:58:14.230,106578.01,0.0001,10.657801
2025-10-18 02:58:14.233,106579.88,0.05353,5705.2209764
2025-10-18 02:58:14.590,106579.87,0.09388,10005.7181956
2025-10-18 02:58:14.718,106579.88,0.00068,72.4743184
2025-10-18 02:58:14.722,106579.88,0.00011,11.723786800000001
2025-10-18 02:58:14.834,106579.88,0.026,2771.07688
2025-10-18 02:58:14.915,106584.14,0.00756,805.7760984
2025-10-18 02:58:15.632,106589.34,0.00097,103.3916598
2025-10-18 02:58:15.727,106589.33,0.09387,10005.5404071
2025-10-18 02:58:16.325,106589.34,0.00047,50.096989799999996
2025-10-18 02:58:16.432,106589.34,0.00093,99.1280862
2025-10-18 02:58:16.433,106589.34,0.00015,15.988400999999998
2025-10-18 02:58:16.618,106589.34,0.00016,17.0542944
2025-10-18 02:58:16.710,106589.34,0.00019,20.2519746
2025-10-18 02:58:16.813,106589.34,0.00026,27.7132284
2025-10-18 02:58:16.816,106589.33,0.09387,10005.5404071
2025-10-18 02:58:16.996,106589.34,0.00163,173.74062419999998
2025-10-18 02:58:16.997,106589.34,0.0001,10.658934
2025-10-18 02:58:17.311,106589.34,0.0002,21.317868
2025-10-18 02:58:17.554,106589.34,5e-05,5.329467
2025-10-18 02:58:17.686,106589.34,0.0001,10.658934
2025-10-18 02:58:17.859,106589.33,0.09387,10005.5404071
2025-10-18 02:58:17.868,106589.34,0.00047,50.096989799999996
2025-10-18 02:58:17.919,106589.34,0.00094,100.19397959999999
2025-10-18 02:58:18.092,106589.34,0.00047,50.096989799999996
2025-10-18 02:58:18.240,106589.34,0.0001,10.658934
2025-10-18 02:58:18.484,106589.34,0.00047,50.096989799999996
2025-10-18 02:58:18.680,106589.34,0.00244,260.07798959999997
2025-10-18 02:58:19.570,106589.33,0.09387,10005.5404071
2025-10-18 02:58:20.663,106589.33,0.09387,10005.5404071
2025-10-18 02:58:20.748,106589.34,0.00052,55.4264568
2025-10-18 02:58:21.047,106589.33,0.00019,20.251972700000003
2025-10-18 02:58:21.575,106589.33,0.0001,10.658933000000001
2025-10-18 02:58:21.716,106589.33,0.09387,10005.5404071
2025-10-18 02:58:22.897,106589.33,0.09387,10005.5404071
2025-10-18 02:58:23.209,106589.34,0.00656,699.2260703999999
2025-10-18 02:58:24.017,106589.33,0.09387,10005.5404071
2025-10-18 02:58:24.569,106589.34,0.00516,550.0009944
2025-10-18 02:58:24.633,106589.34,0.00172,183.33366479999998
2025-10-18 02:58:25.134,106589.33,0.09387,10005.5404071
2025-10-18 02:58:25.776,106589.33,6e-05,6.3953598000000005
2025-10-18 02:58:26.120,106589.33,0.09387,10005.5404071
2025-10-18 02:58:26.200,106589.34,0.00024,25.5814416
2025-10-18 02:58:26.736,106589.33,0.00076,81.00789080000001
2025-10-18 02:58:27.211,106589.33,0.09387,10005.5404071
2025-10-18 02:58:27.349,106589.33,9e-05,9.5930397
2025-10-18 02:58:28.199,106589.33,0.09387,10005.5404071
2025-10-18 02:58:30.228,106589.33,0.01901,2026.2631632999999
2025-10-18 02:58:30.431,106589.34,0.00016,17.0542944
2025-10-18 02:58:30.647,106589.34,0.00047,50.096989799999996
2025-10-18 02:58:31.437,106589.33,0.00037,39.4380521
2025-10-18 02:58:32.132,106589.34,0.00184,196.1243856
2025-10-18 02:58:32.363,106589.34,0.00744,793.0246896
2025-10-18 02:58:34.408,106589.33,0.21984,23432.5983072
2025-10-18 02:58:34.548,106589.33,0.00277,295.2524441
2025-10-18 02:58:36.125,106589.34,0.0001,10.658934
2025-10-18 02:58:36.492,106589.34,0.00187,199.3220658
2025-10-18 02:58:39.888,106589.34,0.0006,63.95360399999999
2025-10-18 02:58:39.961,106589.34,0.00203,216.3763602
2025-10-18 02:58:40.143,106589.34,0.0003,31.976801999999996
2025-10-18 02:58:40.614,106589.34,0.00028,29.845015199999995
2025-10-18 02:58:41.582,106589.34,0.00046,49.0310964
2025-10-18 02:58:42.033,106589.33,0.0012,127.90719599999998
2025-10-18 02:58:42.092,106589.33,0.00017,18.1201861
2025-10-18 02:58:45.565,106589.34,7e-05,7.461253799999999
2025-10-18 02:58:45.819,106589.34,0.00058,61.8218172
2025-10-18 02:58:49.149,106589.34,0.05641,6012.7046694
2025-10-18 02:58:49.592,106589.34,0.00103,109.7870202
2025-10-18 02:58:50.113,106589.34,0.0024,255.81441599999997
2025-10-18 02:58:50.810,106589.34,0.00265,282.461751
2025-10-18 02:58:50.993,106589.34,0.00187,199.3220658
2025-10-18 02:58:51.173,106589.33,0.0002,21.317866000000002
2025-10-18 02:58:52.869,106589.33,0.00023,24.515545900000003
2025-10-18 02:58:53.129,106589.33,0.0042,447.675186
2025-10-18 02:58:53.722,106589.34,0.00023,24.5155482
2025-10-18 02:58:53.812,106589.34,0.00071,75.6784314
2025-10-18 02:58:54.368,106589.33,0.00021,22.3837593
2025-10-18 02:58:54.962,106589.33,0.00119,126.84130270000001
2025-10-18 02:58:55.458,106589.34,0.05081,5415.8043654
2025-10-18 02:58:56.006,106589.34,0.00028,29.845015199999995
2025-10-18 02:58:56.411,106589.33,0.00468,498.8380644
2025-10-18 02:58:57.238,106589.34,0.13403,14286.1692402
2025-10-18 02:58:57.389,106589.33,0.02945,3139.0557685
2025-10-18 02:58:57.938,106589.34,0.00092,98.0621928
2025-10-18 02:58:58.380,106589.34,0.00018,19.1860812
2025-10-18 02:58:58.774,106589.33,7e-05,7.4612530999999995
2025-10-18 02:58:58.824,106589.34,0.012,1279.07208
2025-10-18 02:58:58.947,106589.34,0.014,1492.25076
2025-10-18 02:58:59.180,106589.34,0.001,106.58933999999999
2025-10-18 02:58:59.206,106589.34,0.02815,3000.489921
2025-10-18 02:58:59.662,106589.34,0.00011,11.7248274
2025-10-18 02:59:00.220,106589.34,0.00688,733.3346591999999
2025-10-18 02:59:00.746,106589.34,0.00023,24.5155482
2025-10-18 02:59:01.344,106589.34,0.05081,5415.8043654
2025-10-18 02:59:01.859,106589.33,0.00011,11.7248263
2025-10-18 02:59:02.416,106595.14,0.00015,15.989270999999999
2025-10-18 02:59:02.447,106596.98,8e-05,8.5277584
2025-10-18 02:59:03.299,106597.99,0.00609,649.1817591
2025-10-18 02:59:04.140,106597.98,0.00134,142.8412932
2025-10-18 02:59:04.823,106597.98,0.0002,21.319596
2025-10-18 02:59:06.433,106597.98,0.00021,22.3855758
2025-10-18 02:59:06.576,106597.98,7e-05,7.461858599999999
2025-10-18 02:59:06.589,106597.98,0.01877,2000.8440845999999
2025-10-18 02:59:07.183,106597.98,0.00188,200.40420239999997
2025-10-18 02:59:07.446,106597.99,0.0508,5415.177892
2025-10-18 02:59:10.596,106597.99,0.00093,99.13613070000001
2025-10-18 02:59:10.632,106597.99,0.05911,6301.007188900001
2025-10-18 02:59:10.738,106597.98,0.062,6609.0747599999995
2025-10-18 02:59:11.152,106597.99,0.00037,39.4412563
2025-10-18 02:59:11.513,106597.98,0.01022,1089.4313556
2025-10-18 02:59:12.512,106597.99,5e-05,5.329899500000001
2025-10-18 02:59:12.532,106597.99,0.00019,20.2536181
2025-10-18 02:59:13.323,106597.99,0.0005,53.298995000000005
2025-10-18 02:59:14.504,106597.99,0.027,2878.14573
2025-10-18 02:59:15.068,106597.99,0.05628,5999.3348772
2025-10-18 02:59:17.406,106597.98,0.00016,17.0556768
2025-10-18 02:59:17.970,106597.99,0.00019,20.2536181
2025-10-18 02:59:18.147,106597.98,0.09386,10005.2864028
2025-10-18 02:59:19.182,106597.98,0.09386,10005.2864028
2025-10-18 02:59:19.662,106597.98,0.01,1065.9798
2025-10-18 02:59:20.327,106597.98,0.09386,10005.2864028
2025-10-18 02:59:21.367,106597.98,0.09386,10005.2864028
2025-10-18 02:59:22.399,106597.98,0.09386,10005.2864028
2025-10-18 02:59:22.856,106597.99,0.027,2878.14573
2025-10-18 02:59:23.365,106597.98,0.02876,3065.7579048
2025-10-18 02:59:23.416,106597.98,0.09386,10005.2864028
2025-10-18 02:59:23.692,106597.99,0.00325,346.4434675
2025-10-18 02:59:24.007,106597.99,0.00062,66.0907538
2025-10-18 02:59:24.287,106597.99,0.00388,413.6002012
2025-10-18 02:59:24.617,106597.98,0.09386,10005.2864028
2025-10-18 02:59:24.619,106597.99,0.00029,30.9134171
2025-10-18 02:59:24.748,106597.98,0.00094,100.20210119999999
2025-10-18 02:59:25.292,106597.99,0.00024,25.5835176
2025-10-18 02:59:25.540,106597.99,0.00035,37.3092965
2025-10-18 02:59:25.597,106597.98,0.01,1065.9798
2025-10-18 02:59:25.610,106597.98,0.09386,10005.2864028
2025-10-18 02:59:26.650,106597.98,0.09386,10005.2864028
2025-10-18 02:59:27.805,106597.98,0.09386,10005.2864028
2025-10-18 02:59:28.575,106597.99,7e-05,7.4618592999999995
2025-10-18 02:59:28.817,106597.98,0.09386,10005.2864028
2025-10-18 02:59:29.200,106597.99,0.00046,49.035075400000004
2025-10-18 02:59:29.240,106597.99,0.00052,55.430954799999995
2025-10-18 02:59:29.248,106597.99,0.027,2878.14573
2025-10-18 02:59:29.875,106597.98,0.09386,10005.2864028
2025-10-18 02:59:30.964,106597.98,0.09386,10005.2864028
2025-10-18 02:59:31.339,106597.98,0.00186,198.27224280000001
2025-10-18 02:59:31.576,106597.98,8e-05,8.5278384
2025-10-18 02:59:32.002,106597.98,0.09386,10005.2864028
2025-10-18 02:59:32.168,106597.99,0.00046,49.035075400000004
2025-10-18 02:59:32.477,106597.98,0.00037,39.4412526
2025-10-18 02:59:33.018,106597.98,0.09386,10005.2864028
2025-10-18 02:59:33.548,106597.98,0.00048,51.1670304
2025-10-18 02:59:33.830,106597.98,7e-05,7.461858599999999
2025-10-18 02:59:34.016,106597.98,0.09386,10005.2864028
2025-10-18 02:59:34.420,106597.98,0.15702,16738.014819599997
2025-10-18 02:59:35.017,106597.98,0.09386,10005.2864028
2025-10-18 02:59:35.525,106597.98,0.00021,22.3855758
2025-10-18 02:59:35.819,106597.99,0.00044,46.90311560000001
2025-10-18 02:59:36.017,106597.98,0.09386,10005.2864028
2025-10-18 02:59:36.352,106597.99,0.00029,30.9134171
2025-10-18 02:59:36.594,106597.99,0.00198,211.06402020000002
2025-10-18 02:59:37.017,106597.98,0.09386,10005.2864028
2025-10-18 02:59:37.049,106597.99,0.00107,114.05984930000001
2025-10-18 02:59:37.059,106597.98,0.05,5329.899
2025-10-18 02:59:37.975,106597.98,0.09386,10005.2864028
2025-10-18 02:59:38.018,106597.99,0.05109,5446.0913091
2025-10-18 02:59:38.916,106597.98,0.09386,10005.2864028
2025-10-18 02:59:39.262,106597.99,0.00188,200.4042212
2025-10-18 02:59:39.950,106597.98,0.09386,10005.2864028
2025-10-18 02:59:40.821,106597.98,5e-05,5.329899
2025-10-18 02:59:41.117,106597.98,0.09386,10005.2864028
2025-10-18 02:59:42.187,106597.98,0.09386,10005.2864028
2025-10-18 02:59:42.877,106597.99,0.00301,320.8599499
2025-10-18 02:59:43.172,106597.98,0.09128,9730.263614399999
2025-10-18 02:59:43.541,106597.98,8e-05,8.5278384
2025-10-18 02:59:43.574,106597.98,7e-05,7.461858599999999
2025-10-18 02:59:44.211,106597.98,0.05108,5445.0248184
2025-10-18 02:59:44.264,106597.97,0.09386,10005.2854642
2025-10-18 02:59:44.324,106597.98,0.027,2878.1454599999997
2025-10-18 02:59:44.370,106597.97,0.0025,266.494925
2025-10-18 02:59:45.174,106597.97,0.02957,3152.1019729
2025-10-18 02:59:45.303,106597.97,0.09386,10005.2854642
2025-10-18 02:59:45.631,106597.98,0.03407,3631.7931786000004
2025-10-18 02:59:46.395,106597.97,0.09386,10005.2854642
2025-10-18 02:59:46.579,106597.97,6e-05,6.3958782
2025-10-18 02:59:46.612,106597.97,0.00018,19.187634600000003
2025-10-18 02:59:47.086,106597.98,0.0027,287.814546
2025-10-18 02:59:47.417,106597.97,0.09386,10005.2854642
2025-10-18 02:59:48.580,106597.97,0.06158,6564.3029926
2025-10-18 02:59:49.817,106597.97,0.00889,947.6559533000001
2025-10-18 02:59:50.334,106597.98,0.00353,376.2908694
2025-10-18 02:59:50.815,106597.97,0.06728,7171.911421600001
2025-10-18 02:59:51.004,106597.97,0.37156,39607.5417332
2025-10-18 02:59:51.009,106597.97,0.05129,5467.4098813
2025-10-18 02:59:51.010,106597.97,0.013,1385.77361
2025-10-18 02:59:51.011,106597.97,0.013,1385.77361
2025-10-18 02:59:51.243,106597.98,0.00057,60.760848599999996
2025-10-18 02:59:51.505,106597.97,0.009,959.38173
2025-10-18 02:59:51.506,106597.97,0.009,959.38173
2025-10-18 02:59:51.507,106597.97,0.009,959.38173
2025-10-18 02:59:51.817,106597.97,0.05828,6212.5296916
2025-10-18 02:59:52.297,106597.98,0.00019,20.2536162
2025-10-18 02:59:52.939,106597.97,0.06969,7428.8125293
2025-10-18 02:59:53.875,106597.97,0.06024,6421.4617128
2025-10-18 02:59:53.878,106597.97,0.00679,723.8002163
2025-10-18 02:59:54.491,106597.97,0.013,1385.77361
2025-10-18 02:59:54.816,106597.97,0.0365,3890.8259049999997
2025-10-18 02:59:55.727,106597.97,0.00992,1057.4518624
2025-10-18 02:59:56.003,106597.97,0.04442,4735.0818274
2025-10-18 02:59:56.004,106597.97,0.00499,531.9238703
2025-10-18 02:59:56.040,106597.97,0.013,1385.77361
2025-10-18 02:59:57.096,106597.98,8e-05,8.5278384
2025-10-18 02:59:57.116,106597.97,0.09386,10005.2854642
2025-10-18 02:59:57.169,106597.97,0.00507,540.4517079
2025-10-18 02:59:57.182,106597.97,0.013,1385.77361
2025-10-18 02:59:58.135,106597.97,0.05405,5761.6202785000005
2025-10-18 02:59:59.117,106597.97,0.05965,6358.5689105
2025-10-18 02:59:59.118,106597.97,0.00668,712.0744396
2025-10-18 02:59:59.832,106597.98,0.00174,185.4804852
2025-10-18 03:00:00.014,106597.97,0.0084,895.4229479999999
2025-10-18 03:00:00.015,106597.79,0.0001,10.659779
2025-10-18 03:00:00.016,106596.34,0.00015,15.989450999999997
2025-10-18 03:00:00.017,106591.58,0.00514,547.8807211999999
2025-10-18 03:00:00.018,106591.58,0.00084,89.53692720000001
2025-10-18 03:00:00.019,106589.83,5e-05,5.3294915000000005
2025-10-18 03:00:00.033,106589.34,0.0006,63.95360399999999
2025-10-18 03:00:00.035,106589.34,0.013,1385.66142
2025-10-18 03:00:00.041,106589.34,0.00326,347.48124839999997
2025-10-18 03:00:00.043,106589.33,0.013,1385.66129
2025-10-18 03:00:00.264,106589.33,0.09387,10005.5404071
2025-10-18 03:00:00.424,106589.34,0.00226,240.89190839999998
2025-10-18 03:00:00.586,106589.34,6e-05,6.3953604
2025-10-18 03:00:00.627,106589.33,0.00937,998.7420221
2025-10-18 03:00:00.913,106589.34,0.00056,59.69003039999999
2025-10-18 03:00:00.964,106589.34,0.00186,198.2561724
2025-10-18 03:00:01.121,106589.34,0.00209,222.77172059999998
2025-10-18 03:00:01.188,106589.34,0.0023,245.15548199999998
2025-10-18 03:00:01.243,106589.33,0.09387,10005.5404071
2025-10-18 03:00:02.181,106591.69,0.02815,3000.5560735000004
2025-10-18 03:00:02.183,106596.75,6e-05,6.395805
2025-10-18 03:00:02.282,106597.79,0.00264,281.4181656
2025-10-18 03:00:02.293,106597.79,0.00076,81.0143204
2025-10-18 03:00:02.317,106597.78,0.09386,10005.2676308
2025-10-18 03:00:02.349,106597.79,0.00117,124.7194143
2025-10-18 03:00:02.356,106597.79,0.00103,109.79572370000001
2025-10-18 03:00:02.627,106597.79,0.0003,31.979336999999994
2025-10-18 03:00:03.133,106597.79,0.00028,29.847381199999994
2025-10-18 03:00:03.316,106597.78,0.09386,10005.2676308
2025-10-18 03:00:03.487,106597.79,0.00047,50.100961299999994
2025-10-18 03:00:03.746,106597.79,0.00234,249.4388286
2025-10-18 03:00:04.450,106597.78,0.09386,10005.2676308
2025-10-18 03:00:05.163,106597.79,0.00599,638.5207621
2025-10-18 03:00:05.517,106597.78,0.09386,10005.2676308
2025-10-18 03:00:06.177,106597.79,0.00058,61.826718199999995
2025-10-18 03:00:06.288,106597.79,0.00194,206.7997126
2025-10-18 03:00:06.517,106597.78,0.09386,10005.2676308
2025-10-18 03:00:06.739,106597.79,0.00028,29.847381199999994
2025-10-18 03:00:06.958,106597.79,0.003,319.79337
2025-10-18 03:00:07.337,106597.79,0.00368,392.2798672
2025-10-18 03:00:07.338,106598.01,0.0001,10.659801
2025-10-18 03:00:07.347,106599.99,0.00095,101.2699905
2025-10-18 03:00:07.380,106600.0,0.0018,191.88
2025-10-18 03:00:07.382,106600.0,0.02489,2653.274
2025-10-18 03:00:07.534,106604.16,5e-05,5.330208000000001
2025-10-18 03:00:07.593,106605.53,0.02505,2670.4685265
2025-10-18 03:00:07.639,106605.52,0.0153,1631.064456
2025-10-18 03:00:07.663,106605.52,0.09385,10004.928052000001
2025-10-18 03:00:07.741,106605.53,0.00029,30.9156037
2025-10-18 03:00:07.933,106605.53,0.00321,342.2037513
2025-10-18 03:00:08.302,106605.52,0.00821,875.2313192
2025-10-18 03:00:08.644,106605.53,0.00047,50.1045991
2025-10-18 03:00:08.802,106605.52,0.09385,10004.928052000001
2025-10-18 03:00:08.990,106605.53,0.00105,111.9358065
2025-10-18 03:00:09.032,106605.53,0.00327,348.6000831
2025-10-18 03:00:09.036,106605.71,0.00045,47.9725695
2025-10-18 03:00:09.094,106606.0,0.00337,359.26222
2025-10-18 03:00:09.132,106605.99,0.00164,174.83382360000002
2025-10-18 03:00:09.161,106605.99,0.00015,15.9908985
2025-10-18 03:00:09.273,106606.0,0.02872,3061.72432
2025-10-18 03:00:09.389,106606.0,0.00047,50.10482
2025-10-18 03:00:09.752,106606.25,0.0001,10.660625000000001
2025-10-18 03:00:09.890,106606.24,0.09384,10003.929561600002
2025-10-18 03:00:10.153,106606.25,9e-05,9.5945625
2025-10-18 03:00:10.368,106606.24,0.00555,591.6646320000001
2025-10-18 03:00:10.433,106606.25,0.00075,79.9546875
2025-10-18 03:00:10.499,106606.25,0.0001,10.660625000000001
2025-10-18 03:00:10.515,106613.0,6e-05,6.396780000000001
2025-10-18 03:00:10.738,106617.82,0.00011,11.727960200000002
2025-10-18 03:00:11.017,106617.81,0.09384,10005.0152904
2025-10-18 03:00:11.575,106617.81,5e-05,5.3308905
2025-10-18 03:00:11.791,106619.5,6e-05,6.39717
2025-10-18 03:00:11.793,106620.0,0.00829,883.8798
2025-10-18 03:00:11.797,106626.1,5e-05,5.331305
2025-10-18 03:00:12.017,106626.28,0.09383,10004.743852399999
2025-10-18 03:00:12.263,106626.29,0.00468,499.0110372
2025-10-18 03:00:12.718,106626.29,0.00166,176.9996414
2025-10-18 03:00:12.971,106626.29,0.07785,8300.8566765
2025-10-18 03:00:13.017,106626.28,0.09383,10004.743852399999
2025-10-18 03:00:13.020,106626.28,0.00352,375.3245056
2025-10-18 03:00:14.016,106626.28,0.09383,10004.743852399999
2025-10-18 03:00:14.562,106626.28,8e-05,8.5301024
2025-10-18 03:00:14.950,106626.28,0.09383,10004.743852399999
2025-10-18 03:00:14.952,106626.29,0.0032,341.20412799999997
2025-10-18 03:00:15.581,106632.0,0.00019,20.260080000000002
2025-10-18 03:00:15.710,106631.99,0.00021,22.3927179
2025-10-18 03:00:15.903,106632.0,0.00011,11.72952
2025-10-18 03:00:16.016,106631.99,0.09383,10005.2796217
2025-10-18 03:00:16.239,106631.99,0.00352,375.3446048
2025-10-18 03:00:16.244,106632.0,0.00942,1004.47344
2025-10-18 03:00:16.283,106631.99,5e-05,5.3315995
2025-10-18 03:00:16.943,106632.0,0.00011,11.72952
2025-10-18 03:00:17.058,106631.99,0.0004,42.652796
2025-10-18 03:00:17.074,106631.99,0.09383,10005.2796217
2025-10-18 03:00:17.704,106632.0,0.002,213.264
2025-10-18 03:00:17.937,106632.0,0.00011,11.72952
2025-10-18 03:00:18.018,106632.0,5e-05,5.3316
2025-10-18 03:00:18.063,106631.99,0.09383,10005.2796217
2025-10-18 03:00:18.218,106632.0,0.00049,52.24968
2025-10-18 03:00:18.363,106632.0,0.00108,115.16256
2025-10-18 03:00:18.367,106631.99,0.19952,21275.214644800002
2025-10-18 03:00:18.369,106631.99,0.0003,31.989597
2025-10-18 03:00:18.373,106631.0,0.00015,15.994649999999998
2025-10-18 03:00:18.388,106629.54,0.00255,271.905327
2025-10-18 03:00:18.391,106627.01,0.0002,21.325402
2025-10-18 03:00:18.524,106625.62,5e-05,5.331281
2025-10-18 03:00:18.616,106618.39,0.0001,10.661839
2025-10-18 03:00:18.732,106609.52,0.013,1385.92376
2025-10-18 03:00:18.733,106609.52,0.013,1385.92376
2025-10-18 03:00:18.734,106609.52,0.013,1385.92376
2025-10-18 03:00:18.908,106609.53,0.0016,170.57524800000002
2025-10-18 03:00:19.041,106609.52,0.09385,10005.303452
2025-10-18 03:00:19.180,106609.53,0.00011,11.7270483
2025-10-18 03:00:19.866,106609.53,0.00093,99.1468629
2025-10-18 03:00:20.017,106609.52,0.09385,10005.303452
2025-10-18 03:00:20.464,106609.53,0.2091,22292.052723
2025-10-18 03:00:20.497,106609.53,0.00049,52.238669699999996
2025-10-18 03:00:21.095,106609.53,0.00133,141.7906749
2025-10-18 03:00:21.215,106609.52,0.09384,10004.2373568
2025-10-18 03:00:21.437,106609.52,0.05088,5424.292377600001
2025-10-18 03:00:21.575,106609.52,8e-05,8.528761600000001
2025-10-18 03:00:22.306,106609.52,0.09384,10004.2373568
2025-10-18 03:00:22.462,106609.52,0.00024,25.5862848
2025-10-18 03:00:22.632,106609.53,0.00073,77.82495689999999
2025-10-18 03:00:22.633,106609.52,0.00074,78.8910448
2025-10-18 03:00:23.317,106609.52,0.09385,10005.303452
2025-10-18 03:00:23.752,106609.52,0.1729,18432.786008
2025-10-18 03:00:23.834,106609.53,0.00071,75.6927663
2025-10-18 03:00:23.868,106609.53,7e-05,7.462667099999999
2025-10-18 03:00:24.317,106609.52,0.09385,10005.303452
2025-10-18 03:00:24.568,106609.52,0.00093,99.14685360000001
2025-10-18 03:00:25.398,106609.52,0.01528,1628.9934656
2025-10-18 03:00:25.415,106609.52,0.09385,10005.303452
2025-10-18 03:00:25.478,106609.53,0.0001,10.660953000000001
2025-10-18 03:00:25.915,106605.72,0.00015,15.990858
2025-10-18 03:00:26.115,106604.88,0.00025,26.651220000000002
2025-10-18 03:00:26.121,106604.88,0.02841,3028.6446408
2025-10-18 03:00:26.215,106603.51,0.0001,10.660351
2025-10-18 03:00:26.483,106602.05,0.00031,33.0466355
2025-10-18 03:00:26.517,106602.05,0.09385,10004.6023925
2025-10-18 03:00:27.193,106602.06,8e-05,8.5281648
2025-10-18 03:00:27.535,106602.05,0.09385,10004.6023925
2025-10-18 03:00:28.021,106602.06,0.0002,21.320412
2025-10-18 03:00:28.031,106602.05,0.00028,29.848574
2025-10-18 03:00:28.239,106602.05,6e-05,6.396123
2025-10-18 03:00:28.449,106602.05,0.02829,3015.7719945
2025-10-18 03:00:28.627,106602.05,0.09385,10004.6023925
2025-10-18 03:00:29.113,106602.06,5e-05,5.330103
2025-10-18 03:00:29.207,106602.05,0.0015,159.903075
2025-10-18 03:00:29.272,106602.06,0.00026,27.716535599999997
2025-10-18 03:00:29.667,106602.05,0.09385,10004.6023925
2025-10-18 03:00:30.222,106602.06,8e-05,8.5281648
2025-10-18 03:00:30.283,106602.06,8e-05,8.5281648
2025-10-18 03:00:30.817,106602.05,0.09385,10004.6023925
2025-10-18 03:00:31.132,106602.06,0.00173,184.4215638
2025-10-18 03:00:31.409,106602.05,0.1,10660.205000000002
2025-10-18 03:00:31.917,106602.05,0.09385,10004.6023925
2025-10-18 03:00:31.981,106602.06,0.00143,152.4409458
2025-10-18 03:00:32.428,106602.06,0.00013,13.858267799999998
2025-10-18 03:00:32.629,106602.06,0.00011,11.7262266
2025-10-18 03:00:32.661,106602.06,0.00317,337.9285302
2025-10-18 03:00:33.042,106602.05,0.09385,10004.6023925
2025-10-18 03:00:33.056,106602.06,0.00093,99.1399158
2025-10-18 03:00:33.647,106602.05,0.00012,12.792246
2025-10-18 03:00:34.016,106602.05,0.09385,10004.6023925
2025-10-18 03:00:34.068,106602.06,0.027,2878.25562
2025-10-18 03:00:34.912,106602.05,0.00026,27.716533
2025-10-18 03:00:35.123,106602.05,0.09385,10004.6023925
2025-10-18 03:00:35.992,106602.05,0.00059,62.89520950000001
2025-10-18 03:00:36.259,106602.05,0.09385,10004.6023925
2025-10-18 03:00:36.470,106602.06,0.00044,46.9049064
2025-10-18 03:00:36.991,106602.06,0.00085,90.611751
2025-10-18 03:00:37.119,106602.06,9e-05,9.5941854
2025-10-18 03:00:37.316,106602.05,0.09385,10004.6023925
2025-10-18 03:00:37.362,106602.06,0.027,2878.25562
2025-10-18 03:00:37.409,106602.06,8e-05,8.5281648
2025-10-18 03:00:37.616,106602.05,0.0003,31.980614999999997
2025-10-18 03:00:37.910,106602.06,7e-05,7.462144199999999
2025-10-18 03:00:37.938,106602.06,0.00017,18.1223502
2025-10-18 03:00:37.962,106602.06,0.0001,10.660206
2025-10-18 03:00:38.070,106602.06,0.0001,10.660206
2025-10-18 03:00:38.131,106602.06,0.0001,10.660206
2025-10-18 03:00:38.219,106602.06,0.00015,15.990308999999998
2025-10-18 03:00:38.282,106602.05,0.09385,10004.6023925
2025-10-18 03:00:38.319,106602.06,0.00019,20.2543914
2025-10-18 03:00:38.362,106602.06,7e-05,7.462144199999999
2025-10-18 03:00:38.470,106602.06,0.00019,20.2543914
2025-10-18 03:00:38.484,106602.06,0.00015,15.990308999999998
2025-10-18 03:00:38.518,106602.06,8e-05,8.5281648
2025-10-18 03:00:38.524,106602.06,0.00016,17.0563296
2025-10-18 03:00:38.750,106602.06,0.00011,11.7262266
2025-10-18 03:00:39.316,106602.05,0.09385,10004.6023925
2025-10-18 03:00:39.720,106602.06,0.0001,10.660206
2025-10-18 03:00:40.062,106602.05,0.00011,11.7262255
2025-10-18 03:00:40.113,106602.06,0.00015,15.990308999999998
2025-10-18 03:00:40.119,106602.06,0.0001,10.660206
2025-10-18 03:00:40.308,106602.05,0.09385,10004.6023925
2025-10-18 03:00:40.362,106602.06,0.017,1812.23502
2025-10-18 03:00:40.732,106602.06,0.008,852.81648
2025-10-18 03:00:40.770,106602.06,9e-05,9.5941854
2025-10-18 03:00:40.947,106602.05,0.02687,2864.3970835000005
2025-10-18 03:00:40.984,106602.06,0.00355,378.437313
2025-10-18 03:00:41.112,106602.06,0.0001,10.660206
2025-10-18 03:00:41.243,106602.05,0.09385,10004.6023925
2025-10-18 03:00:41.291,106602.06,0.002,213.20412
2025-10-18 03:00:41.592,106602.06,8e-05,8.5281648
2025-10-18 03:00:41.620,106602.06,7e-05,7.462144199999999
2025-10-18 03:00:41.769,106602.06,7e-05,7.462144199999999
2025-10-18 03:00:41.819,106602.06,0.0001,10.660206
2025-10-18 03:00:42.282,106602.05,0.09385,10004.6023925
2025-10-18 03:00:42.485,106602.06,0.00098,104.47001879999999
2025-10-18 03:00:42.543,106602.06,0.0005,53.30103
2025-10-18 03:00:42.923,106602.06,0.0001,10.660206
2025-10-18 03:00:43.416,106602.05,0.09385,10004.6023925
2025-10-18 03:00:43.802,106602.06,0.03804,4055.1423623999995
2025-10-18 03:00:43.821,106608.45,0.00568,605.535996
2025-10-18 03:00:43.932,106609.48,0.04718,5029.835266399999
2025-10-18 03:00:43.986,106609.48,9e-05,9.594853200000001
2025-10-18 03:00:44.132,106609.48,0.00038,40.5116024
2025-10-18 03:00:44.147,106609.47,0.15587,16617.2180889
2025-10-18 03:00:44.304,106609.48,0.00028,29.850654399999996
2025-10-18 03:00:44.619,106609.47,0.09385,10005.2987595
2025-10-18 03:00:44.679,106609.48,0.027,2878.45596
2025-10-18 03:00:45.219,106609.48,0.01069,1139.6553411999998
2025-10-18 03:00:45.376,106609.48,0.00013,13.859232399999998
2025-10-18 03:00:45.584,106609.48,0.007,746.26636
2025-10-18 03:00:45.658,106609.47,0.09385,10005.2987595
2025-10-18 03:00:45.732,106609.48,0.02,2132.1896
2025-10-18 03:00:46.366,106609.47,0.00046,49.040356200000005
2025-10-18 03:00:46.799,106609.47,0.09385,10005.2987595
2025-10-18 03:00:48.016,106609.47,0.06499,6928.549455300001
2025-10-18 03:00:48.766,106609.48,0.027,2878.45596
2025-10-18 03:00:49.217,106609.47,0.09385,10005.2987595
2025-10-18 03:00:49.523,106609.48,0.0004,42.643792
2025-10-18 03:00:50.317,106609.47,0.09385,10005.2987595
2025-10-18 03:00:50.810,106609.47,0.00058,61.8334926
2025-10-18 03:00:50.910,106609.47,0.00014,14.9253258
2025-10-18 03:00:51.351,106609.48,0.00082,87.4197736
2025-10-18 03:00:51.367,106609.47,0.09385,10005.2987595
2025-10-18 03:00:51.576,106609.47,7e-05,7.4626629
2025-10-18 03:00:51.834,106609.47,0.00017,18.1236099
2025-10-18 03:00:52.460,106609.47,0.03425,3651.3743475
2025-10-18 03:00:52.873,106609.47,9e-05,9.594852300000001
2025-10-18 03:00:53.168,106609.48,0.027,2878.45596
2025-10-18 03:00:53.362,106609.48,0.00056,59.70130879999999
2025-10-18 03:00:53.647,106609.47,0.00463,493.60184609999993
2025-10-18 03:00:53.735,106609.48,0.03682,3925.3610535999997
2025-10-18 03:00:54.617,106609.47,0.07159,7632.1719573
2025-10-18 03:00:55.675,106609.47,0.0156,1663.107732
2025-10-18 03:00:56.580,106609.48,0.00033,35.1811284
2025-10-18 03:00:56.617,106609.47,0.02265,2414.7044955
2025-10-18 03:00:57.413,106609.48,0.0001,10.660948
2025-10-18 03:00:57.699,106609.47,0.01413,1506.3918111
2025-10-18 03:00:57.826,106609.47,0.00552,588.4842744
2025-10-18 03:00:57.868,106609.48,0.0005,53.30474
2025-10-18 03:00:58.151,106609.48,0.00469,499.99846119999995
2025-10-18 03:00:58.687,106609.47,0.01062,1132.1925714
2025-10-18 03:00:59.338,106609.48,0.00093,99.1468164
2025-10-18 03:00:59.340,106609.48,6e-05,6.3965688
2025-10-18 03:00:59.607,106609.48,6e-05,6.3965688
2025-10-18 03:00:59.673,106609.47,0.01561,1664.1738267
2025-10-18 03:00:59.962,106609.48,0.00094,100.2129112
2025-10-18 03:01:00.224,106609.48,0.00212,226.01209759999998
2025-10-18 03:01:00.289,106609.47,0.013,1385.92311
2025-10-18 03:01:00.291,106609.47,0.013,1385.92311
2025-10-18 03:01:00.292,106609.47,0.006,639.65682
2025-10-18 03:01:00.294,106607.53,0.0001,10.660753
2025-10-18 03:01:00.296,106606.76,0.00222,236.6670072
2025-10-18 03:01:00.299,106606.08,0.00105,111.93638399999999
2025-10-18 03:01:00.301,106604.75,0.00015,15.990712499999999
2025-10-18 03:01:00.317,106604.74,0.0022,234.53042800000003
2025-10-18 03:01:00.320,106603.92,0.0003,31.981175999999998
2025-10-18 03:01:00.674,106603.09,0.00012,12.7923708
2025-10-18 03:01:00.726,106603.09,0.00012,12.7923708
2025-10-18 03:01:00.754,106603.09,0.00218,232.3947362
2025-10-18 03:01:00.756,106603.09,0.00218,232.3947362
2025-10-18 03:01:00.911,106603.08,0.00787,838.9662396
2025-10-18 03:01:00.913,106603.08,0.00112,119.39544959999999
2025-10-18 03:01:00.925,106602.06,0.002,213.20412
2025-10-18 03:01:00.943,106602.06,0.002,213.20412
2025-10-18 03:01:01.100,106602.07,8e-05,8.528165600000001
2025-10-18 03:01:01.235,106602.07,0.00012,12.792248400000002
2025-10-18 03:01:01.346,106602.07,0.00024,25.584496800000004
2025-10-18 03:01:01.410,106602.07,0.00029,30.914600300000004
2025-10-18 03:01:01.481,106602.06,0.15875,16923.077025
2025-10-18 03:01:01.483,106602.05,0.00578,616.159849
2025-10-18 03:01:01.484,106602.04,0.005,533.0101999999999
2025-10-18 03:01:01.486,106602.04,0.005,533.0101999999999
2025-10-18 03:01:01.488,106602.04,0.15869,16916.6777276
2025-10-18 03:01:01.495,106600.0,0.00032,34.112
2025-10-18 03:01:01.498,106600.0,0.15422,16439.852
2025-10-18 03:01:01.515,106600.0,0.00278,296.348
2025-10-18 03:01:01.773,106600.0,0.00012,12.792
2025-10-18 03:01:01.816,106594.6,0.00015,15.989189999999999
2025-10-18 03:01:01.820,106592.93,6e-05,6.3955758
2025-10-18 03:01:02.031,106592.94,0.00023,24.5163762
2025-10-18 03:01:02.049,106592.93,0.01377,1467.7846461
2025-10-18 03:01:03.217,106592.93,0.00603,642.7553678999999
2025-10-18 03:01:03.218,106592.93,0.00123,131.1093039
2025-10-18 03:01:04.280,106591.47,0.09386,10004.6753742
2025-10-18 03:01:04.744,106591.48,0.00023,24.5160404
2025-10-18 03:01:05.286,106591.48,9e-05,9.5932332
2025-10-18 03:01:05.417,106591.47,0.09386,10004.6753742
2025-10-18 03:01:05.849,106591.48,0.00124,132.1734352
2025-10-18 03:01:05.863,106591.48,0.00018,19.1864664
2025-10-18 03:01:06.390,106591.47,7e-05,7.4614028999999995
2025-10-18 03:01:06.575,106591.47,0.00508,541.4846676000001
2025-10-18 03:01:06.577,106591.47,0.00067,71.41628490000001
2025-10-18 03:01:06.669,106590.86,0.00037,39.4386182
2025-10-18 03:01:06.857,106590.86,0.00179,190.79763939999998
2025-10-18 03:01:06.910,106590.86,0.00023,24.5158978
2025-10-18 03:01:07.312,106590.86,0.00774,825.0132564
2025-10-18 03:01:07.470,106590.85,0.001,106.59085
2025-10-18 03:01:07.471,106590.85,0.001,106.59085
2025-10-18 03:01:07.472,106590.85,0.001,106.59085
2025-10-18 03:01:07.623,106590.85,0.00215,229.1703275
2025-10-18 03:01:07.692,106590.86,0.00026,27.7136236
2025-10-18 03:01:07.829,106590.86,0.0892,9507.904712
2025-10-18 03:01:08.447,106590.86,0.00398,424.2316228
2025-10-18 03:01:08.690,106590.86,0.00088,93.7999568
2025-10-18 03:01:08.715,106590.85,0.00108,115.11811800000001
2025-10-18 03:01:08.736,106590.85,0.00214,228.104419
2025-10-18 03:01:09.325,106590.85,0.00046,49.031791000000005
2025-10-18 03:01:09.399,106590.85,0.00028,29.845437999999998
2025-10-18 03:01:10.008,106587.1,0.00015,15.988064999999999
2025-10-18 03:01:10.021,106584.57,0.001,106.58457000000001
2025-10-18 03:01:10.023,106584.57,0.001,106.58457000000001
2025-10-18 03:01:10.027,106584.57,9e-05,9.592611300000002
2025-10-18 03:01:10.038,106584.57,0.001,106.58457000000001
2025-10-18 03:01:10.181,106584.57,0.0003,31.975371
2025-10-18 03:01:10.294,106584.58,0.00021,22.3827618
2025-10-18 03:01:10.355,106584.58,0.00013,13.8559954
2025-10-18 03:01:10.860,106584.58,0.00204,217.43254320000003
2025-10-18 03:01:10.906,106584.58,0.00024,25.580299200000002
2025-10-18 03:01:10.936,106584.58,0.0117,1247.039586
2025-10-18 03:01:11.116,106584.57,0.09386,10004.027740200001
2025-10-18 03:01:11.165,106584.58,0.00581,619.2564098
2025-10-18 03:01:11.331,106584.57,0.0074,788.7258180000001
2025-10-18 03:01:11.718,106584.58,0.00022,23.448607600000003
2025-10-18 03:01:11.874,106584.57,0.00171,182.25961470000001
2025-10-18 03:01:12.135,106584.57,0.09386,10004.027740200001
2025-10-18 03:01:12.593,106584.57,0.00436,464.70872520000006
2025-10-18 03:01:13.068,106584.57,0.02961,3155.9691177000004
2025-10-18 03:01:13.117,106584.57,0.09386,10004.027740200001
2025-10-18 03:01:13.775,106584.57,6e-05,6.395074200000001
2025-10-18 03:01:14.207,106584.57,0.00324,345.3340068
2025-10-18 03:01:14.275,106584.49,0.00015,15.9876735
2025-10-18 03:01:14.739,106582.57,0.00015,15.9873855
2025-10-18 03:01:15.317,106580.99,0.04037,4302.6745663
2025-10-18 03:01:15.385,106581.0,0.00026,27.711059999999996
2025-10-18 03:01:15.395,106581.0,5e-05,5.3290500000000005
2025-10-18 03:01:15.481,106581.0,0.00059,62.88279
2025-10-18 03:01:15.853,106581.0,0.00011,11.72391
2025-10-18 03:01:15.976,106581.0,0.00012,12.78972
2025-10-18 03:01:16.316,106580.99,0.09387,10004.7575313
2025-10-18 03:01:17.175,106581.0,0.00011,11.72391
2025-10-18 03:01:17.202,106581.0,0.00115,122.56815
2025-10-18 03:01:17.466,106580.99,0.09387,10004.7575313
2025-10-18 03:01:17.705,106581.0,0.00011,11.72391
2025-10-18 03:01:17.867,106580.99,0.00371,395.41547290000005
2025-10-18 03:01:18.560,106580.99,0.09387,10004.7575313
2025-10-18 03:01:18.728,106581.0,0.00011,11.72391
2025-10-18 03:01:19.052,106581.0,0.00024,25.57944
2025-10-18 03:01:19.123,106580.99,0.00625,666.1311875000001
2025-10-18 03:01:19.547,106580.99,0.09387,10004.7575313
2025-10-18 03:01:20.103,106581.0,0.00011,11.72391
2025-10-18 03:01:20.474,106580.99,0.00361,384.7573739
2025-10-18 03:01:20.635,106580.99,0.09387,10004.7575313
2025-10-18 03:01:20.813,106581.0,0.00062,66.08022
2025-10-18 03:01:21.295,106580.99,0.00019,20.250388100000002
2025-10-18 03:01:21.470,106581.0,0.00011,11.72391
2025-10-18 03:01:21.575,106580.99,9e-05,9.5922891
2025-10-18 03:01:21.820,106580.99,0.09387,10004.7575313
2025-10-18 03:01:22.006,106581.0,4e-05,4.263240000000001
2025-10-18 03:01:22.147,106581.0,0.00056,59.685359999999996
2025-10-18 03:01:22.442,106581.0,0.00011,11.72391
2025-10-18 03:01:22.489,106580.0,0.00033,35.1714
2025-10-18 03:01:22.602,106580.01,0.00132,140.6856132
2025-10-18 03:01:22.781,106580.01,0.00073,77.80340729999999
2025-10-18 03:01:22.817,106580.0,0.02322,2474.7876
2025-10-18 03:01:22.818,106580.0,0.00298,317.6084
2025-10-18 03:01:22.944,106580.0,0.00035,37.303
2025-10-18 03:01:23.286,106580.0,7e-05,7.4605999999999995
2025-10-18 03:01:23.398,106580.0,9e-05,9.5922
2025-10-18 03:01:23.575,106580.0,0.00187,199.3046
2025-10-18 03:01:23.859,106579.99,0.00254,270.7131746
2025-10-18 03:01:23.933,106580.0,0.00103,109.77740000000001
2025-10-18 03:01:24.165,106580.0,0.00037,39.434599999999996
2025-10-18 03:01:24.443,106580.0,0.00062,66.0796
2025-10-18 03:01:24.848,106579.99,0.00563,600.0453437
2025-10-18 03:01:25.939,106579.99,0.00237,252.59457630000003
2025-10-18 03:01:26.831,106580.0,0.00012,12.7896
2025-10-18 03:01:26.972,106580.0,0.001,106.58
2025-10-18 03:01:27.079,106579.99,0.00209,222.7521791
2025-10-18 03:01:27.517,106579.99,0.00026,27.7107974
2025-10-18 03:01:27.707,106579.99,0.00057,60.7505943
2025-10-18 03:01:27.820,106579.99,0.00035,37.3029965
2025-10-18 03:01:28.119,106579.98,0.00177,188.6465646
2025-10-18 03:01:28.121,106579.98,0.0004,42.631992000000004
2025-10-18 03:01:28.280,106579.89,0.00028,29.842369199999997
2025-10-18 03:01:28.548,106579.88,0.00027,28.7765676
2025-10-18 03:01:29.211,106579.88,0.04418,4708.6990983999995
2025-10-18 03:01:29.868,106579.89,0.00037,39.4345593
2025-10-18 03:01:29.884,106579.89,0.00133,141.7512537
2025-10-18 03:01:30.073,106579.89,0.00317,337.8582513
2025-10-18 03:01:30.155,106579.89,0.0046,490.267494
2025-10-18 03:01:30.402,106579.88,0.02246,2393.7841048
2025-10-18 03:01:30.423,106579.2,0.00285,303.75072
2025-10-18 03:01:30.424,106578.83,0.0002,21.315766
2025-10-18 03:01:30.442,106578.43,0.00255,271.7749965
2025-10-18 03:01:30.443,106578.01,8e-05,8.5262408
2025-10-18 03:01:30.740,106578.01,0.00351,374.0888151
2025-10-18 03:01:32.955,106578.0,0.00646,688.49388
2025-10-18 03:01:32.956,106578.0,0.0001,10.6578
2025-10-18 03:01:32.957,106576.94,0.00015,15.986540999999999
2025-10-18 03:01:33.752,106576.01,9e-05,9.5918409
2025-10-18 03:01:34.436,106576.01,0.00093,99.1156893
2025-10-18 03:01:34.451,106576.01,0.00012,12.7891212
2025-10-18 03:01:34.604,106576.01,0.00013,13.854881299999999
2025-10-18 03:01:34.837,106576.01,0.00035,37.3016035
2025-10-18 03:01:35.306,106576.01,9e-05,9.5918409
2025-10-18 03:01:35.870,106576.01,0.00088,93.7868888
2025-10-18 03:01:36.167,106576.01,0.00037,39.433123699999996
2025-10-18 03:01:36.688,106576.01,8e-05,8.5260808
2025-10-18 03:01:36.727,106576.01,0.00234,249.3878634
2025-10-18 03:01:37.118,106576.01,0.00098,104.44448979999999
2025-10-18 03:01:37.975,106576.01,0.00024,25.5782424
2025-10-18 03:01:38.717,106576.01,0.00045,47.9592045
2025-10-18 03:01:38.850,106576.01,0.00234,249.3878634
2025-10-18 03:01:40.735,106576.01,0.00169,180.1134569
2025-10-18 03:01:41.748,106575.64,0.00015,15.986346
2025-10-18 03:01:41.798,106575.63,0.00258,274.9651254
2025-10-18 03:01:42.045,106573.61,0.00024,25.577666400000002
2025-10-18 03:01:43.318,106573.61,0.00224,238.72488639999997
2025-10-18 03:01:43.448,106573.61,0.002,213.14722
2025-10-18 03:01:43.470,106573.6,0.005,532.868
2025-10-18 03:01:43.474,106573.6,0.00964,1027.369504
2025-10-18 03:01:43.707,106573.61,0.09083,9680.0809963
2025-10-18 03:01:44.556,106573.61,0.00093,99.11345730000001
2025-10-18 03:01:44.582,106573.61,0.00015,15.986041499999999
2025-10-18 03:01:44.970,106573.61,0.00022,23.4461942
2025-10-18 03:01:45.093,106573.61,0.00014,14.920305399999998
2025-10-18 03:01:45.327,106573.61,0.00093,99.11345730000001
2025-10-18 03:01:45.362,106573.61,0.00022,23.4461942
2025-10-18 03:01:45.713,106573.61,0.00029,30.9063469
2025-10-18 03:01:45.819,106573.61,0.00162,172.6492482
2025-10-18 03:01:45.912,106573.61,0.00011,11.7230971
2025-10-18 03:01:45.918,106573.61,0.00011,11.7230971
2025-10-18 03:01:45.938,106573.61,0.00011,11.7230971
2025-10-18 03:01:45.963,106573.61,0.00265,282.4200665
2025-10-18 03:01:46.010,106573.61,0.00027,28.7748747
2025-10-18 03:01:46.019,106573.6,0.013,1385.4568
2025-10-18 03:01:46.021,106573.6,0.013,1385.4568
2025-10-18 03:01:46.085,106573.61,0.00019,20.2489859
2025-10-18 03:01:46.110,106573.61,0.00022,23.4461942
2025-10-18 03:01:46.412,106573.6,0.00037,39.432232
2025-10-18 03:01:46.724,106573.61,0.00014,14.920305399999998
2025-10-18 03:01:46.834,106573.61,0.00037,39.4322357
2025-10-18 03:01:46.943,106573.61,0.00054,57.5497494
2025-10-18 03:01:47.018,106573.61,0.00016,17.0517776
2025-10-18 03:01:47.224,106573.61,0.00106,112.9680266
2025-10-18 03:01:47.401,106573.61,0.00093,99.11345730000001
2025-10-18 03:01:47.841,106573.61,0.00107,114.0337627
2025-10-18 03:01:47.875,106573.61,0.00014,14.920305399999998
2025-10-18 03:01:47.918,106573.61,0.00013,13.8545693
2025-10-18 03:01:47.962,106573.6,0.00318,338.90404800000005
2025-10-18 03:01:48.019,106573.61,0.00011,11.7230971
2025-10-18 03:01:48.183,106573.61,0.00016,17.0517776
2025-10-18 03:01:48.212,106573.61,0.00022,23.4461942
2025-10-18 03:01:48.281,106573.61,6e-05,6.3944166000000005
2025-10-18 03:01:48.629,106573.61,0.00011,11.7230971
2025-10-18 03:01:48.782,106573.61,0.00053,56.4840133
2025-10-18 03:01:49.085,106573.6,6e-05,6.3944160000000005
2025-10-18 03:01:49.408,106573.61,0.00303,322.91803830000003
2025-10-18 03:01:49.463,106573.61,0.0011,117.23097100000001
2025-10-18 03:01:49.492,106573.61,0.00032,34.1035552
2025-10-18 03:01:49.524,106573.61,0.00212,225.9360532
2025-10-18 03:01:50.069,106573.6,0.013,1385.4568
2025-10-18 03:01:50.071,106573.6,0.013,1385.4568
2025-10-18 03:01:50.113,106573.61,0.00028,29.840610799999997
2025-10-18 03:01:50.262,106573.61,0.00027,28.7748747
2025-10-18 03:01:50.319,106573.61,0.00106,112.9680266
2025-10-18 03:01:50.885,106573.61,0.00011,11.7230971
2025-10-18 03:01:51.548,106573.61,0.00188,200.3583868
2025-10-18 03:01:51.759,106573.61,0.00758,807.8279638
2025-10-18 03:01:52.414,106573.6,9e-05,9.591624000000001
2025-10-18 03:01:52.868,106573.61,5e-05,5.3286805
2025-10-18 03:01:53.482,106573.6,6e-05,6.3944160000000005
2025-10-18 03:01:54.447,106573.6,0.00011,11.723096000000002
2025-10-18 03:01:56.576,106573.6,8e-05,8.525888000000002
2025-10-18 03:01:57.418,106573.61,0.00053,56.4840133
2025-10-18 03:01:57.438,106573.61,0.00069,73.5357909
2025-10-18 03:01:57.710,106573.61,0.00086,91.6533046
2025-10-18 03:01:57.899,106573.61,0.00973,1036.9612253
2025-10-18 03:01:58.460,106573.6,0.00506,539.262416
2025-10-18 03:01:58.833,106573.61,0.04865,5184.8061265
2025-10-18 03:01:59.083,106573.6,0.02957,3151.381352
2025-10-18 03:01:59.099,106573.61,5e-05,5.3286805
2025-10-18 03:01:59.290,106573.61,0.00093,99.11345730000001
2025-10-18 03:02:00.182,106573.61,6e-05,6.3944166000000005
2025-10-18 03:02:00.575,106573.61,0.00046,49.0238606
2025-10-18 03:02:00.777,106573.61,0.00106,112.9680266
2025-10-18 03:02:00.822,106573.61,0.0002,21.314722
2025-10-18 03:02:01.187,106573.61,0.00213,227.00178929999998
2025-10-18 03:02:01.339,106573.61,0.00019,20.2489859
2025-10-18 03:02:01.378,106573.61,0.00046,49.0238606
2025-10-18 03:02:01.752,106573.61,0.00017,18.1175137
2025-10-18 03:02:01.857,106573.61,0.00187,199.2926507
2025-10-18 03:02:01.882,106573.61,0.00011,11.7230971
2025-10-18 03:02:02.636,106573.6,0.013,1385.4568
2025-10-18 03:02:02.637,106573.6,0.013,1385.4568
2025-10-18 03:02:02.638,106573.6,0.013,1385.4568
2025-10-18 03:02:03.153,106573.61,0.00093,99.11345730000001
2025-10-18 03:02:03.833,106573.61,0.00019,20.2489859
2025-10-18 03:02:04.378,106573.61,0.00562,598.9436882
2025-10-18 03:02:04.929,106573.6,0.00015,15.98604
2025-10-18 03:02:05.380,106573.61,0.02308,2459.7189188
2025-10-18 03:02:05.490,106573.61,0.00348,370.87616280000003
2025-10-18 03:02:05.607,106573.6,0.00937,998.594632
2025-10-18 03:02:06.350,106573.61,0.00187,199.2926507
2025-10-18 03:02:07.024,106573.6,0.00028,29.840608
2025-10-18 03:02:07.042,106573.6,8e-05,8.525888000000002
2025-10-18 03:02:07.364,106573.61,0.00093,99.11345730000001
2025-10-18 03:02:07.485,106573.61,0.0001,10.657361
2025-10-18 03:02:08.295,106573.61,0.00061,65.00990209999999
2025-10-18 03:02:09.266,106573.61,0.00019,20.2489859
2025-10-18 03:02:09.840,106573.61,0.00399,425.22870389999997
2025-10-18 03:02:09.866,106573.61,0.00046,49.0238606
2025-10-18 03:02:10.023,106573.6,6e-05,6.3944160000000005
2025-10-18 03:02:10.593,106573.61,0.00102,108.7050822
2025-10-18 03:02:11.024,106573.61,0.00446,475.31830060000004
2025-10-18 03:02:11.037,106573.61,0.0004,42.629444
2025-10-18 03:02:11.173,106573.61,0.00046,49.0238606
2025-10-18 03:02:11.359,106573.61,0.00067,71.4043187
2025-10-18 03:02:11.360,106573.61,0.00073,77.79873529999999
2025-10-18 03:02:11.361,106573.61,0.00072,76.73299920000001
2025-10-18 03:02:11.502,106573.61,0.00045,47.9581245
2025-10-18 03:02:11.503,106573.61,0.00045,47.9581245
2025-10-18 03:02:11.504,106573.61,0.00187,199.2926507
2025-10-18 03:02:11.505,106573.61,0.00213,227.00178929999998
2025-10-18 03:02:11.582,106573.6,8e-05,8.525888000000002
2025-10-18 03:02:11.632,106573.6,0.00036,38.366496000000005
2025-10-18 03:02:12.662,106573.61,0.00059,62.8784299
2025-10-18 03:02:12.925,106573.61,0.0001,10.657361
2025-10-18 03:02:12.983,106573.61,0.00138,147.0715818
2025-10-18 03:02:13.337,106573.61,0.00188,200.3583868
2025-10-18 03:02:13.481,106573.61,0.00044,46.8923884
2025-10-18 03:02:13.482,106573.61,0.00044,46.8923884
2025-10-18 03:02:13.483,106573.61,0.00044,46.8923884
2025-10-18 03:02:13.484,106573.61,0.00073,77.79873529999999
2025-10-18 03:02:13.502,106573.61,0.07423,7910.9590703
2025-10-18 03:02:14.486,106573.61,0.001,106.57361
2025-10-18 03:02:15.273,106573.6,0.00012,12.788832000000001
2025-10-18 03:02:15.618,106573.61,0.00047,50.0895967
2025-10-18 03:02:16.398,106573.6,0.00023,24.511928
2025-10-18 03:02:16.632,106573.61,0.00128,136.4142208
2025-10-18 03:02:16.733,106573.6,0.00044,46.89238400000001
2025-10-18 03:02:17.170,106573.61,0.00029,30.9063469
2025-10-18 03:02:17.240,106573.61,0.00047,50.0895967
2025-10-18 03:02:17.539,106573.61,0.00024,25.577666400000002
2025-10-18 03:02:17.881,106573.61,0.0001,10.657361
2025-10-18 03:02:18.024,106573.61,0.00026,27.7091386
2025-10-18 03:02:18.032,106573.61,0.00047,50.0895967
2025-10-18 03:02:18.244,106573.61,0.00137,146.00584569999998
2025-10-18 03:02:18.324,106573.61,0.00012,12.788833200000001
2025-10-18 03:02:18.416,106573.6,0.09388,10005.129568
2025-10-18 03:02:18.538,106573.61,0.00016,17.0517776
2025-10-18 03:02:18.573,106573.61,0.00096,102.31066560000001
2025-10-18 03:02:18.638,106573.61,0.00031,33.0378191
2025-10-18 03:02:18.718,106573.61,0.00019,20.2489859
2025-10-18 03:02:18.828,106573.61,0.0006,63.944165999999996
2025-10-18 03:02:18.833,106573.61,8e-05,8.5258888
2025-10-18 03:02:18.858,106573.61,0.01019,1085.9850858999998
2025-10-18 03:02:18.981,106573.61,0.0001,10.657361
2025-10-18 03:02:19.012,106573.61,0.00038,40.4979718
2025-10-18 03:02:19.040,106573.61,0.00029,30.9063469
2025-10-18 03:02:19.219,106573.61,0.00094,100.1791934
2025-10-18 03:02:19.317,106573.61,0.00029,30.9063469
2025-10-18 03:02:19.431,106573.6,0.09388,10005.129568
2025-10-18 03:02:19.539,106573.6,0.0068,724.70048
2025-10-18 03:02:19.916,106573.6,0.00013,13.854567999999999
2025-10-18 03:02:20.072,106573.61,0.00163,173.7149843
2025-10-18 03:02:20.471,106573.6,0.09388,10005.129568
2025-10-18 03:02:20.851,106573.61,0.08476,9033.179183600001
2025-10-18 03:02:21.245,106573.6,0.004,426.29440000000005
2025-10-18 03:02:21.518,106573.6,0.09388,10005.129568
2025-10-18 03:02:21.587,106573.61,0.00043,45.8266523
2025-10-18 03:02:21.588,106573.61,0.00043,45.8266523
2025-10-18 03:02:21.589,106573.61,0.00187,199.2926507
2025-10-18 03:02:21.590,106573.61,0.00043,45.8266523
2025-10-18 03:02:22.551,106573.6,0.09388,10005.129568
2025-10-18 03:02:23.370,106573.61,9e-05,9.591624900000001
2025-10-18 03:02:23.441,106573.61,0.00027,28.7748747
2025-10-18 03:02:23.442,106573.61,0.00027,28.7748747
2025-10-18 03:02:23.443,106573.61,0.00073,77.79873529999999
2025-10-18 03:02:23.444,106573.61,0.00027,28.7748747
2025-10-18 03:02:23.485,106573.61,0.01407,1499.4906927
2025-10-18 03:02:23.644,106573.6,0.09388,10005.129568
2025-10-18 03:02:24.355,106573.61,5e-05,5.3286805
2025-10-18 03:02:24.683,106573.6,0.09388,10005.129568
2025-10-18 03:02:25.827,106573.6,0.09388,10005.129568
2025-10-18 03:02:26.576,106573.6,8e-05,8.525888000000002
2025-10-18 03:02:26.618,106573.61,0.00011,11.7230971
2025-10-18 03:02:26.759,106573.6,0.09388,10005.129568
2025-10-18 03:02:27.534,106573.61,0.00426,454.00357859999997
2025-10-18 03:02:27.678,106573.61,0.00306,326.1152466
2025-10-18 03:02:27.853,106573.61,8e-05,8.5258888
2025-10-18 03:02:27.917,106573.6,0.09388,10005.129568
2025-10-18 03:02:28.138,106573.6,0.00013,13.854567999999999
2025-10-18 03:02:29.100,106573.6,0.09388,10005.129568
2025-10-18 03:02:29.149,106573.61,0.24931,26569.8667091
2025-10-18 03:02:29.163,106573.61,0.028,2984.06108
2025-10-18 03:02:29.165,106573.71,0.0002,21.314742000000003
2025-10-18 03:02:29.167,106574.21,0.0002,21.314842000000002
2025-10-18 03:02:29.179,106576.94,0.00114,121.4977116
2025-10-18 03:02:29.181,106577.63,0.0001,10.657763000000001
2025-10-18 03:02:29.216,106580.99,0.0002,21.316198000000004
2025-10-18 03:02:29.219,106581.0,0.00055,58.619550000000004
2025-10-18 03:02:29.662,106584.12,0.0301,3208.1820119999998
2025-10-18 03:02:29.842,106584.12,0.00065,69.27967799999999
2025-10-18 03:02:30.164,106584.11,0.09387,10005.0504057
2025-10-18 03:02:30.553,106584.12,0.04597,4899.671996399999
2025-10-18 03:02:30.889,106584.12,0.00014,14.921776799999998
2025-10-18 03:02:31.019,106584.12,0.00029,30.909394799999998
2025-10-18 03:02:31.040,106584.12,5e-05,5.329206
2025-10-18 03:02:31.073,106584.12,0.00348,370.9127376
2025-10-18 03:02:31.166,106584.11,0.09387,10005.0504057
2025-10-18 03:02:31.557,106584.12,0.01764,1880.1438767999998
2025-10-18 03:02:32.207,106584.11,0.09387,10005.0504057
2025-10-18 03:02:32.220,106584.12,0.00011,11.7242532
2025-10-18 03:02:32.413,106584.12,0.00187,199.3123044
2025-10-18 03:02:32.535,106584.12,0.00016,17.0534592
2025-10-18 03:02:32.871,106584.43,0.01698,1809.8036213999997
2025-10-18 03:02:32.873,106584.43,0.0002,21.316886
2025-10-18 03:02:32.877,106584.44,0.001,106.58444
2025-10-18 03:02:32.895,106586.3,0.00727,774.8824010000001
2025-10-18 03:02:32.935,106588.57,5e-05,5.329428500000001
2025-10-18 03:02:32.938,106589.11,0.028,2984.49508
2025-10-18 03:02:32.942,106589.11,0.007,746.12377
2025-10-18 03:02:32.969,106589.11,0.02,2131.7822
2025-10-18 03:02:33.099,106589.1,0.00046,49.030986000000006
2025-10-18 03:02:33.299,106589.11,0.00042,44.7674262
2025-10-18 03:02:33.300,106589.11,0.00042,44.7674262
2025-10-18 03:02:33.301,106589.11,0.00042,44.7674262
2025-10-18 03:02:33.302,106589.11,0.00042,44.7674262
2025-10-18 03:02:33.303,106589.11,0.00043,45.8333173
2025-10-18 03:02:33.317,106589.1,0.09387,10005.518817
2025-10-18 03:02:33.837,106589.1,0.00486,518.023026
2025-10-18 03:02:34.049,106589.1,0.013,1385.6583
2025-10-18 03:02:34.050,106589.1,0.013,1385.6583
2025-10-18 03:02:34.317,106589.1,0.09387,10005.518817
2025-10-18 03:02:35.314,106589.1,0.09387,10005.518817
2025-10-18 03:02:36.417,106589.1,0.09387,10005.518817
2025-10-18 03:02:37.259,106589.11,0.00071,75.6782681
2025-10-18 03:02:37.334,106589.1,0.09387,10005.518817
2025-10-18 03:02:37.659,106600.01,0.001,106.60001
2025-10-18 03:02:37.735,106603.21,0.028,2984.88988
2025-10-18 03:02:37.767,106603.21,0.027,2878.28667
2025-10-18 03:02:38.317,106603.2,0.09386,10005.776351999999
2025-10-18 03:02:39.163,106603.21,0.00184,196.14990640000002
2025-10-18 03:02:39.201,106603.21,6e-05,6.396192600000001
2025-10-18 03:02:39.316,106603.2,0.09386,10005.776351999999
2025-10-18 03:02:39.820,106603.21,0.00016,17.056513600000002
2025-10-18 03:02:40.384,106603.2,0.09386,10005.776351999999
2025-10-18 03:02:40.513,106614.0,0.06,6396.84
2025-10-18 03:02:40.582,106612.1,0.028,2985.1388
2025-10-18 03:02:41.419,106612.09,0.09386,10006.6107674
2025-10-18 03:02:41.517,106612.1,0.00047,50.107687
2025-10-18 03:02:41.577,106612.1,0.0001,10.66121
2025-10-18 03:02:42.095,106612.1,0.00051,54.37217100000001
2025-10-18 03:02:42.356,106612.1,0.0006,63.967259999999996
2025-10-18 03:02:42.393,106612.1,0.0001,10.66121
2025-10-18 03:02:42.507,106612.09,0.09386,10006.6107674
2025-10-18 03:02:42.776,106622.0,0.002,213.244
2025-10-18 03:02:42.838,106622.72,0.028,2985.43616
2025-10-18 03:02:42.979,106622.72,0.00042,44.7815424
2025-10-18 03:02:43.025,106622.72,0.00139,148.2055808
2025-10-18 03:02:43.324,106622.71,0.0359,3827.755289
2025-10-18 03:02:43.441,106622.72,0.028,2985.43616
2025-10-18 03:02:43.476,106622.72,0.0001,10.662272
2025-10-18 03:02:43.487,106622.71,0.09385,10006.541333500001
2025-10-18 03:02:43.783,106622.72,0.00024,25.5894528
2025-10-18 03:02:44.684,106622.71,0.09385,10006.541333500001
2025-10-18 03:02:44.741,106622.72,0.00163,173.79503359999998
2025-10-18 03:02:45.238,106635.44,0.01453,1549.4129432
2025-10-18 03:02:45.301,106638.87,0.028,2985.88836
2025-10-18 03:02:45.513,106638.86,7e-05,7.4647201999999995
2025-10-18 03:02:45.666,106638.86,0.09383,10005.9242338
2025-10-18 03:02:46.587,106638.86,0.014,1492.94404
2025-10-18 03:02:46.717,106638.86,0.09383,10005.9242338
2025-10-18 03:02:47.486,106638.86,0.00204,217.54327440000003
2025-10-18 03:02:47.797,106638.86,0.09383,10005.9242338
2025-10-18 03:02:48.591,106638.87,0.061,6504.97107
2025-10-18 03:02:48.656,106638.87,0.00093,99.17414910000001
2025-10-18 03:02:48.891,106638.86,0.09383,10005.9242338
2025-10-18 03:02:49.059,106638.87,0.008,853.11096
2025-10-18 03:02:49.124,106638.87,0.004,426.55548
2025-10-18 03:02:49.579,106638.87,0.002,213.27774
2025-10-18 03:02:49.953,106638.87,0.001,106.63887
2025-10-18 03:02:50.030,106638.86,0.09383,10005.9242338
2025-10-18 03:02:50.082,106638.87,0.013,1386.30531
2025-10-18 03:02:50.198,106638.86,0.00015,15.995828999999999
2025-10-18 03:02:50.221,106638.87,0.028,2985.88836
2025-10-18 03:02:51.205,106638.86,0.09383,10005.9242338
2025-10-18 03:02:52.162,106638.86,0.09383,10005.9242338
2025-10-18 03:02:52.663,106638.86,5e-05,5.331943
2025-10-18 03:02:52.699,106638.86,0.00351,374.3023986
2025-10-18 03:02:53.083,106638.86,0.00017,18.1286062
2025-10-18 03:02:53.118,106638.87,0.028,2985.88836
2025-10-18 03:02:53.201,106638.86,0.09383,10005.9242338
2025-10-18 03:02:53.823,106638.87,0.0129,1375.641423
2025-10-18 03:02:53.855,106639.96,0.028,2985.91888
2025-10-18 03:02:53.984,106639.96,0.0023,245.27190800000002
2025-10-18 03:02:54.181,106639.96,0.09382,10004.9610472
2025-10-18 03:02:54.263,106640.0,0.00763,813.6632
2025-10-18 03:02:54.596,106640.0,0.00012,12.796800000000001
2025-10-18 03:02:55.132,106639.99,9e-05,9.597599100000002
2025-10-18 03:02:55.323,106639.99,0.09382,10004.9638618
2025-10-18 03:02:56.417,106639.99,0.09382,10004.9638618
2025-10-18 03:02:56.806,106640.0,0.001,106.64
2025-10-18 03:02:57.068,106640.0,0.026,2772.64
2025-10-18 03:02:57.141,106640.0,0.00011,11.730400000000001
2025-10-18 03:02:57.466,106640.0,0.00024,25.593600000000002
2025-10-18 03:02:57.501,106639.99,0.09382,10004.9638618
2025-10-18 03:02:58.297,106640.0,0.14642,15614.228799999999
2025-10-18 03:02:58.370,106640.0,0.00013,13.863199999999999
2025-10-18 03:02:58.516,106639.99,0.09382,10004.9638618
2025-10-18 03:02:59.165,106639.99,0.00555,591.8519445000001
2025-10-18 03:02:59.235,106640.0,0.001,106.64
2025-10-18 03:02:59.386,106640.0,0.05626,5999.5664
2025-10-18 03:02:59.412,106642.43,0.00015,15.996364499999997
2025-10-18 03:02:59.485,106642.44,0.028,2985.98832
2025-10-18 03:02:59.495,106642.44,0.026,2772.70344
2025-10-18 03:02:59.622,106642.43,0.09382,10005.1927826
2025-10-18 03:02:59.662,106642.43,0.00017,18.1292131
2025-10-18 03:02:59.701,106642.44,0.028,2985.98832
2025-10-18 03:03:00.208,106642.44,0.015,1599.6366
2025-10-18 03:03:00.271,106642.44,0.00011,11.7306684
2025-10-18 03:03:00.315,106642.44,0.00012,12.797092800000001
2025-10-18 03:03:00.325,106642.44,0.0023,245.277612
2025-10-18 03:03:00.382,106642.44,0.00259,276.2039196
2025-10-18 03:03:00.412,106642.44,0.00235,250.609734
2025-10-18 03:03:00.536,106642.44,0.013,1386.35172
2025-10-18 03:03:00.763,106642.43,0.09382,10005.1927826
2025-10-18 03:03:01.160,106642.43,7e-05,7.464970099999999
2025-10-18 03:03:01.592,106642.43,7e-05,7.464970099999999
2025-10-18 03:03:01.593,106642.44,0.00092,98.1110448
2025-10-18 03:03:01.898,106642.43,0.09382,10005.1927826
2025-10-18 03:03:02.020,106655.52,0.096,10238.92992
2025-10-18 03:03:02.026,106650.35,6e-05,6.399021
2025-10-18 03:03:02.038,106650.35,6e-05,6.399021
2025-10-18 03:03:02.090,106650.35,0.028,2986.2098
2025-10-18 03:03:02.096,106650.35,0.00012,12.798042
2025-10-18 03:03:02.103,106650.35,0.0003,31.995105
2025-10-18 03:03:02.119,106650.36,0.00065,69.322734
2025-10-18 03:03:02.367,106654.58,0.0006,63.992748
2025-10-18 03:03:02.684,106654.58,0.00012,12.798549600000001
2025-10-18 03:03:02.797,106654.59,0.00014,14.931642599999998
2025-10-18 03:03:02.929,106654.59,0.013,1386.50967
2025-10-18 03:03:03.017,106654.58,0.09382,10006.3326956
2025-10-18 03:03:03.088,106654.59,0.014,1493.16426
2025-10-18 03:03:03.094,106654.59,0.001,106.65459
2025-10-18 03:03:03.585,106654.59,0.00012,12.7985508
2025-10-18 03:03:04.017,106654.58,0.09381,10005.2661498
2025-10-18 03:03:04.023,106654.59,0.01875,1999.7735624999998
2025-10-18 03:03:04.199,106654.58,0.00012,12.798549600000001
2025-10-18 03:03:04.993,106654.59,0.028,2986.32852
2025-10-18 03:03:05.010,106654.58,0.09381,10005.2661498
2025-10-18 03:03:05.012,106654.6,0.00035,37.32911
2025-10-18 03:03:05.013,106654.6,0.0001,10.665460000000001
2025-10-18 03:03:05.015,106659.76,0.00015,15.998963999999997
2025-10-18 03:03:05.098,106661.04,0.00012,12.799324799999999
2025-10-18 03:03:05.759,106661.03,0.00012,12.799323600000001
2025-10-18 03:03:06.017,106661.03,0.09381,10005.8712243
2025-10-18 03:03:06.525,106661.04,0.00012,12.799324799999999
2025-10-18 03:03:06.762,106661.03,0.0025,266.652575
2025-10-18 03:03:07.130,106661.03,0.00012,12.799323600000001
2025-10-18 03:03:07.212,106661.04,0.0774,8255.564495999999
2025-10-18 03:03:07.217,106661.03,0.09381,10005.8712243
2025-10-18 03:03:08.185,106661.04,0.00012,12.799324799999999
2025-10-18 03:03:08.294,106661.04,8e-05,8.5328832
2025-10-18 03:03:08.431,106661.03,0.09381,10005.8712243
2025-10-18 03:03:08.476,106661.04,0.00067,71.4628968
2025-10-18 03:03:08.748,106661.04,0.00176,187.72343039999998
2025-10-18 03:03:08.782,106661.04,0.00577,615.4342008
2025-10-18 03:03:09.023,106661.03,0.00012,12.799323600000001
2025-10-18 03:03:09.470,106661.03,0.09381,10005.8712243
2025-10-18 03:03:09.515,106661.04,0.028,2986.5091199999997
2025-10-18 03:03:09.686,106661.04,0.00011,11.732714399999999
2025-10-18 03:03:09.735,106661.04,0.00119,126.9266376
2025-10-18 03:03:09.953,106661.04,0.00012,12.799324799999999
2025-10-18 03:03:10.252,106661.04,0.028,2986.5091199999997
2025-10-18 03:03:10.325,106661.03,0.013,1386.59339
2025-10-18 03:03:10.451,106661.03,0.09381,10005.8712243
2025-10-18 03:03:10.601,106661.03,0.00012,12.799323600000001
2025-10-18 03:03:11.065,106661.04,0.00264,281.5851456
2025-10-18 03:03:11.436,106661.04,0.01909,2036.1592535999998
2025-10-18 03:03:11.517,106661.03,0.09381,10005.8712243
2025-10-18 03:03:11.574,106661.04,0.00096,102.39459839999999
2025-10-18 03:03:11.841,106661.04,0.00012,12.799324799999999
2025-10-18 03:03:12.279,106661.04,0.00052,55.46374079999999
2025-10-18 03:03:12.624,106661.03,0.00023,24.5320369
2025-10-18 03:03:12.741,106661.04,0.00175,186.65681999999998
2025-10-18 03:03:12.753,106661.03,0.00384,409.57835520000003
2025-10-18 03:03:12.815,106659.93,0.00245,261.3168285
2025-10-18 03:03:13.537,106659.93,0.00123,131.1917139
2025-10-18 03:03:13.816,106659.92,0.09381,10005.7670952
2025-10-18 03:03:14.194,106659.92,0.00131,139.7244952
2025-10-18 03:03:14.818,106659.92,0.00481,513.0342152
2025-10-18 03:03:15.149,106659.91,0.00438,467.1704058
2025-10-18 03:03:15.153,106656.64,0.0001,10.665664
2025-10-18 03:03:15.166,106655.64,0.001,106.65564
2025-10-18 03:03:15.167,106655.64,0.001,106.65564
2025-10-18 03:03:15.172,106654.58,0.00296,315.6975568
2025-10-18 03:03:15.217,106648.85,0.00073,77.8536605
2025-10-18 03:03:15.587,106644.22,0.013,1386.37486
2025-10-18 03:03:15.591,106644.22,0.013,1386.37486
2025-10-18 03:03:15.791,106654.9,0.3825,40795.49925
2025-10-18 03:03:15.987,106659.9,0.027,2879.8172999999997
2025-10-18 03:03:16.019,106659.9,0.00604,644.225796
2025-10-18 03:03:16.252,106659.89,0.09381,10005.7642809
2025-10-18 03:03:16.647,106659.9,0.0001,10.66599
2025-10-18 03:03:16.662,106659.89,8e-05,8.5327912
2025-10-18 03:03:17.339,106659.89,0.09381,10005.7642809
2025-10-18 03:03:17.771,106659.9,0.0001,10.66599
2025-10-18 03:03:18.151,106659.9,0.00131,139.724469
2025-10-18 03:03:18.432,106659.89,0.09381,10005.7642809
2025-10-18 03:03:18.461,106659.9,0.0001,10.66599
2025-10-18 03:03:18.759,106659.9,0.0002,21.33198
2025-10-18 03:03:18.855,106659.9,0.0014,149.32386
2025-10-18 03:03:19.471,106659.89,0.09381,10005.7642809
2025-10-18 03:03:19.549,106659.9,0.00391,417.040209
2025-10-18 03:03:19.750,106659.9,0.0001,10.66599
2025-10-18 03:03:20.558,106659.89,0.09381,10005.7642809
2025-10-18 03:03:20.598,106659.9,0.00046,49.063553999999996
2025-10-18 03:03:20.769,106659.9,0.0001,10.66599
2025-10-18 03:03:20.970,106659.89,0.0001,10.665989
2025-10-18 03:03:21.211,106659.9,0.03961,4224.798639
2025-10-18 03:03:21.534,106659.89,0.09381,10005.7642809
2025-10-18 03:03:21.757,106659.9,0.0001,10.66599
2025-10-18 03:03:22.575,106659.89,0.09381,10005.7642809
2025-10-18 03:03:22.722,106659.89,0.19736,21050.3958904
2025-10-18 03:03:22.796,106659.9,0.0001,10.66599
2025-10-18 03:03:23.716,106659.89,0.09381,10005.7642809
2025-10-18 03:03:23.838,106659.9,0.0001,10.66599
2025-10-18 03:03:23.904,106659.89,0.00112,119.45907679999999
2025-10-18 03:03:24.623,106659.9,0.00041,43.730559
2025-10-18 03:03:24.812,106659.89,0.09381,10005.7642809
2025-10-18 03:03:24.847,106659.9,0.0001,10.66599
2025-10-18 03:03:25.428,106659.9,0.02009,2142.797391
2025-10-18 03:03:25.643,106659.9,0.0001,10.66599
2025-10-18 03:03:25.847,106659.89,0.09381,10005.7642809
2025-10-18 03:03:26.616,106659.89,7e-05,7.4661922999999994
2025-10-18 03:03:26.816,106659.89,0.09381,10005.7642809
2025-10-18 03:03:26.910,106659.9,0.0001,10.66599
2025-10-18 03:03:27.382,106659.9,0.00032,34.131168
2025-10-18 03:03:27.539,106659.9,0.00107,114.126093
2025-10-18 03:03:27.587,106659.9,0.00014,14.932385999999997
2025-10-18 03:03:27.919,106659.89,0.09381,10005.7642809
2025-10-18 03:03:27.931,106659.9,0.0001,10.66599
2025-10-18 03:03:28.828,106659.89,0.00224,238.91815359999998
2025-10-18 03:03:28.848,106659.89,0.00032,34.1311648
2025-10-18 03:03:28.944,106659.9,0.0001,10.66599
2025-10-18 03:03:28.959,106659.89,0.09381,10005.7642809
2025-10-18 03:03:29.217,106659.89,0.00024,25.598373600000002
2025-10-18 03:03:29.948,106659.89,0.09381,10005.7642809
2025-10-18 03:03:29.969,106659.9,0.0001,10.66599
2025-10-18 03:03:30.421,106659.9,0.00048,51.196752
2025-10-18 03:03:30.953,106659.9,0.0001,10.66599
2025-10-18 03:03:31.036,106659.89,0.00024,25.598373600000002
2025-10-18 03:03:31.117,106659.89,0.09381,10005.7642809
2025-10-18 03:03:31.576,106659.89,7e-05,7.4661922999999994
2025-10-18 03:03:32.392,106659.89,0.09381,10005.7642809
2025-10-18 03:03:33.154,106659.89,0.01769,1886.8134541000002
2025-10-18 03:03:33.158,106659.9,0.33,35197.767
2025-10-18 03:03:33.211,106659.9,0.0001,10.66599
2025-10-18 03:03:33.329,106659.9,0.00015,15.998984999999998
2025-10-18 03:03:33.378,106659.89,0.09381,10005.7642809
2025-10-18 03:03:33.510,106659.9,0.00015,15.998984999999998
2025-10-18 03:03:33.648,106659.9,0.08446,9008.495153999998
2025-10-18 03:03:33.712,106659.9,6e-05,6.399594
2025-10-18 03:03:34.023,106659.89,0.00017,18.132181300000003
2025-10-18 03:03:34.025,106659.9,0.0001,10.66599
2025-10-18 03:03:34.465,106659.89,0.09381,10005.7642809
2025-10-18 03:03:35.062,106674.75,6e-05,6.400485
2025-10-18 03:03:35.128,106669.1,0.028,2986.7348
2025-10-18 03:03:35.179,106669.1,0.0001,10.666910000000001
2025-10-18 03:03:35.597,106669.09,0.09381,10006.6273329
2025-10-18 03:03:35.670,106669.09,8e-05,8.5335272
2025-10-18 03:03:35.910,106669.1,0.0001,10.666910000000001
2025-10-18 03:03:35.950,106669.09,0.05898,6291.3429282
2025-10-18 03:03:36.302,106669.1,7e-05,7.466837
2025-10-18 03:03:36.526,106669.09,0.09381,10006.6273329
2025-10-18 03:03:36.975,106669.1,0.0001,10.666910000000001
2025-10-18 03:03:37.099,106669.09,0.001,106.66909
2025-10-18 03:03:37.617,106669.09,0.09381,10006.6273329
2025-10-18 03:03:37.705,106669.1,0.00044,46.93440400000001
2025-10-18 03:03:38.222,106669.1,0.0001,10.666910000000001
2025-10-18 03:03:38.617,106669.09,0.09381,10006.6273329
2025-10-18 03:03:39.009,106669.1,0.0001,10.666910000000001
2025-10-18 03:03:39.487,106669.09,0.00113,120.5360717
2025-10-18 03:03:39.617,106669.09,0.09381,10006.6273329
2025-10-18 03:03:39.753,106669.09,0.00125,133.3363625
2025-10-18 03:03:40.322,106669.1,0.00083,88.535353
2025-10-18 03:03:40.335,106669.1,0.0001,10.666910000000001
2025-10-18 03:03:40.630,106669.09,0.09381,10006.6273329
2025-10-18 03:03:40.733,106669.09,0.01029,1097.6249361
2025-10-18 03:03:41.124,106669.1,0.0001,10.666910000000001
2025-10-18 03:03:41.377,106669.1,0.00122,130.136302
2025-10-18 03:03:41.758,106669.09,0.00093,99.2022537
2025-10-18 03:03:41.817,106669.09,0.09381,10006.6273329
2025-10-18 03:03:42.161,106669.1,0.0001,10.666910000000001
2025-10-18 03:03:42.751,106669.09,0.09381,10006.6273329
2025-10-18 03:03:43.225,106669.1,0.0001,10.666910000000001
2025-10-18 03:03:43.600,106669.09,0.0049,522.678541
2025-10-18 03:03:43.601,106663.44,5e-05,5.333172
2025-10-18 03:03:43.602,106660.58,0.00015,15.999087
2025-10-18 03:03:43.607,106658.07,0.00082,87.4596174
2025-10-18 03:03:43.615,106656.5,0.01175,1253.213875
2025-10-18 03:03:43.617,106655.63,0.0039,415.956957
2025-10-18 03:03:43.622,106655.46,0.0001,10.665546
2025-10-18 03:03:43.633,106655.46,0.08,8532.436800000001
2025-10-18 03:03:43.634,106655.46,0.16,17064.873600000003
2025-10-18 03:03:43.636,106655.46,0.01947,2076.5818062000003
2025-10-18 03:03:43.681,106655.46,0.00818,872.4416628
2025-10-18 03:03:43.690,106655.46,0.00019,20.264537400000002
2025-10-18 03:03:43.820,106655.44,0.0002,21.331088
2025-10-18 03:03:43.917,106655.3,0.09382,10006.400246000001
2025-10-18 03:03:44.015,106655.3,0.00291,310.366923
2025-10-18 03:03:44.072,106655.29,0.00337,359.4283273
2025-10-18 03:03:44.137,106651.77,0.00505,538.5914385
2025-10-18 03:03:44.192,106651.38,0.00254,270.8945052
2025-10-18 03:03:44.237,106648.52,0.0001,10.664852000000002
2025-10-18 03:03:44.639,106648.51,0.00093,99.1831143
2025-10-18 03:03:44.715,106648.52,7e-05,7.4653963999999995
2025-10-18 03:03:44.872,106648.51,0.09382,10005.7632082
2025-10-18 03:03:44.920,106648.51,0.00226,241.02563259999997
2025-10-18 03:03:45.240,106648.52,0.0004,42.659408000000006
2025-10-18 03:03:45.948,106648.52,0.00247,263.4218444
2025-10-18 03:03:46.063,106648.51,0.09382,10005.7632082
2025-10-18 03:03:46.741,106648.52,0.00173,184.50193960000001
2025-10-18 03:03:46.998,106648.51,0.09382,10005.7632082
2025-10-18 03:03:47.349,106648.51,0.00282,300.7487982
2025-10-18 03:03:47.352,106648.5,0.013,1386.4305
2025-10-18 03:03:47.353,106648.5,0.013,1386.4305
2025-10-18 03:03:47.354,106648.5,0.013,1386.4305
2025-10-18 03:03:47.371,106648.5,0.00936,998.22996
2025-10-18 03:03:47.372,106648.5,0.0535,5705.69475
2025-10-18 03:03:47.559,106648.51,0.00063,67.1885613
2025-10-18 03:03:47.927,106648.5,0.00878,936.37383
2025-10-18 03:03:48.107,106648.51,0.00093,99.1831143
2025-10-18 03:03:48.914,106648.5,0.09383,10006.828755
2025-10-18 03:03:49.043,106648.51,7e-05,7.465395699999999
2025-10-18 03:03:49.310,106648.5,0.013,1386.4305
2025-10-18 03:03:49.313,106648.5,0.013,1386.4305
2025-10-18 03:03:49.319,106648.5,0.02941,3136.532385
2025-10-18 03:03:49.882,106648.51,9e-05,9.598365900000001
2025-10-18 03:03:50.049,106648.5,0.09383,10006.828755
2025-10-18 03:03:50.111,106648.51,0.0024,255.95642399999997
2025-10-18 03:03:50.747,106648.51,0.04912,5238.574811199999
2025-10-18 03:03:50.887,106648.51,0.00032,34.1275232
2025-10-18 03:03:51.031,106648.5,0.09382,10005.76227
2025-10-18 03:03:51.073,106648.5,0.00011,11.731335
2025-10-18 03:03:51.711,106648.51,0.02127,2268.4138077
2025-10-18 03:03:51.753,106648.5,0.00068,72.52098000000001
2025-10-18 03:03:51.851,106648.51,0.00468,499.1150268
2025-10-18 03:03:52.017,106648.5,0.09382,10005.76227
2025-10-18 03:03:52.797,106648.51,0.00018,19.196731800000002
2025-10-18 03:03:53.107,106648.5,0.09382,10005.76227
2025-10-18 03:03:53.662,106648.5,0.00084,89.58474000000001
2025-10-18 03:03:54.303,106648.5,0.09382,10005.76227
2025-10-18 03:03:55.231,106648.5,0.09382,10005.76227
2025-10-18 03:03:55.435,106648.5,0.002,213.297
2025-10-18 03:03:55.540,106648.51,0.028,2986.15828
2025-10-18 03:03:56.416,106648.5,0.09382,10005.76227
2025-10-18 03:03:57.417,106648.5,0.09382,10005.76227
2025-10-18 03:03:57.512,106648.51,0.028,2986.15828
2025-10-18 03:03:57.523,106648.51,0.02264,2414.5222664
2025-10-18 03:03:57.524,106649.05,0.0001,10.664905000000001
2025-10-18 03:03:57.538,106651.34,0.00312,332.75218079999996
2025-10-18 03:03:57.558,106652.77,0.00029,30.9293033
2025-10-18 03:03:57.613,106652.77,0.00478,509.80024060000005
2025-10-18 03:03:57.615,106652.77,0.00041,43.7276357
2025-10-18 03:03:57.616,106653.49,5e-05,5.3326745
2025-10-18 03:03:58.417,106654.89,0.09381,10005.295230900001
2025-10-18 03:03:59.435,106654.89,0.09381,10005.295230900001
2025-10-18 03:03:59.656,106654.9,0.0001,10.66549
2025-10-18 03:03:59.806,106654.9,0.003,319.9647
2025-10-18 03:03:59.925,106654.89,0.00488,520.4758631999999
2025-10-18 03:03:59.970,106654.89,0.00034,36.262662600000006
2025-10-18 03:04:00.485,106654.9,0.0001,10.66549
2025-10-18 03:04:00.631,106654.89,0.09381,10005.295230900001
2025-10-18 03:04:01.115,106654.9,0.00013,13.865136999999997
2025-10-18 03:04:01.516,106655.25,6e-05,6.3993150000000005
2025-10-18 03:04:01.518,106655.96,5e-05,5.332798
2025-10-18 03:04:01.555,106657.09,0.0001,10.665709
2025-10-18 03:04:01.583,106657.08,8e-05,8.5325664
2025-10-18 03:04:01.625,106657.09,0.00173,184.51676569999998
2025-10-18 03:04:01.657,106659.43,0.01355,1445.2352764999998
2025-10-18 03:04:01.662,106659.43,0.02776,2960.8657768
2025-10-18 03:04:01.665,106659.43,0.0034,362.64206199999995
2025-10-18 03:04:01.720,106659.42,0.09381,10005.7201902
2025-10-18 03:04:02.017,106659.44,0.0007,74.661608
2025-10-18 03:04:02.174,106659.46,0.0006,63.995675999999996
2025-10-18 03:04:02.756,106659.45,0.09381,10005.7230045
2025-10-18 03:04:03.247,106659.46,7e-05,7.466162199999999
2025-10-18 03:04:03.699,106659.46,0.00028,29.864648799999998
2025-10-18 03:04:03.816,106659.45,0.09381,10005.7230045
2025-10-18 03:04:04.142,106659.46,0.0024,255.98270399999998
2025-10-18 03:04:04.145,106659.92,0.00055,58.662956
2025-10-18 03:04:04.173,106660.22,7e-05,7.466215399999999
2025-10-18 03:04:04.198,106660.22,0.00095,101.327209
2025-10-18 03:04:04.241,106663.83,0.00015,15.9995745
2025-10-18 03:04:04.297,106666.54,0.05625,5999.992875
2025-10-18 03:04:04.299,106666.54,0.04039,4308.2615506
2025-10-18 03:04:04.300,106666.54,0.0001,10.666654
2025-10-18 03:04:04.334,106668.25,0.00146,155.735645
2025-10-18 03:04:04.438,106669.1,0.0049,522.67859
2025-10-18 03:04:04.546,106671.5,6e-05,6.40029
2025-10-18 03:04:04.640,106671.82,7e-05,7.4670274
2025-10-18 03:04:04.817,106671.82,0.0938,10005.816716
2025-10-18 03:04:05.237,106671.83,0.00056,59.736224799999995
2025-10-18 03:04:05.720,106671.83,0.00104,110.93870319999999
2025-10-18 03:04:05.816,106671.82,0.08178,8723.621439600001
2025-10-18 03:04:06.904,106671.82,5e-05,5.333591
2025-10-18 03:04:07.877,106671.83,0.0002,21.334366000000003
2025-10-18 03:04:08.383,106671.83,0.00069,73.6035627
2025-10-18 03:04:09.495,106671.83,0.022,2346.78026
2025-10-18 03:04:09.566,106671.83,0.006,640.03098
2025-10-18 03:04:10.213,106671.83,0.01,1066.7183
2025-10-18 03:04:10.263,106671.83,0.018,1920.09294
2025-10-18 03:04:10.542,106671.83,0.017,1813.4211100000002
2025-10-18 03:04:11.014,106671.83,0.011,1173.39013
2025-10-18 03:04:12.316,106671.83,0.00307,327.4825181
2025-10-18 03:04:12.988,106671.83,0.00019,20.2676477
2025-10-18 03:04:13.293,106671.83,9e-05,9.600464700000002
2025-10-18 03:04:13.694,106671.82,0.00061,65.0698102
2025-10-18 03:04:14.309,106671.82,9e-05,9.600463800000002
2025-10-18 03:04:14.381,106671.83,0.00061,65.0698163
2025-10-18 03:04:14.868,106671.82,0.00018,19.200927600000004
2025-10-18 03:04:15.194,106671.82,0.00129,137.6066478
2025-10-18 03:04:15.360,106671.83,6e-05,6.4003098000000005
2025-10-18 03:04:15.832,106671.82,0.00034,36.268418800000006
2025-10-18 03:04:15.833,106671.83,0.00122,130.1396326
2025-10-18 03:04:16.670,106671.83,0.0001,10.667183000000001
2025-10-18 03:04:16.692,106671.83,0.00011,11.733901300000001
2025-10-18 03:04:16.707,106671.82,0.00669,713.6344758
2025-10-18 03:04:16.718,106671.83,8e-05,8.5337464
2025-10-18 03:04:16.891,106671.83,0.0001,10.667183000000001
2025-10-18 03:04:17.018,106671.82,0.00314,334.94951480000003
2025-10-18 03:04:17.088,106671.83,0.5,53335.915
2025-10-18 03:04:17.220,106671.83,0.00011,11.733901300000001
2025-10-18 03:04:17.238,106671.83,0.00033,35.2017039
2025-10-18 03:04:17.283,106671.83,8e-05,8.5337464
2025-10-18 03:04:17.483,106671.83,7e-05,7.467028099999999
2025-10-18 03:04:17.548,106671.83,0.00029,30.9348307
2025-10-18 03:04:17.583,106671.83,0.00044,46.935605200000005
2025-10-18 03:04:17.624,106671.83,0.0001,10.667183000000001
2025-10-18 03:04:17.632,106671.83,0.00029,30.9348307
2025-10-18 03:04:18.175,106671.83,0.00019,20.2676477
2025-10-18 03:04:18.217,106671.83,0.00011,11.733901300000001
2025-10-18 03:04:18.229,106671.82,0.00113,120.5391566
2025-10-18 03:04:18.582,106671.82,0.0938,10005.816716
2025-10-18 03:04:18.643,106671.83,0.0001,10.667183000000001
2025-10-18 03:04:18.762,106671.83,0.00242,258.1458286
2025-10-18 03:04:18.933,106671.83,0.00029,30.9348307
2025-10-18 03:04:19.584,106671.82,0.0938,10005.816716
2025-10-18 03:04:19.771,106671.83,0.5,53335.915
2025-10-18 03:04:19.775,106671.82,5e-05,5.333591
2025-10-18 03:04:19.980,106671.82,0.013,1386.73366
2025-10-18 03:04:20.358,106671.83,0.02812,2999.6118596
2025-10-18 03:04:20.591,106671.82,0.0938,10005.816716
2025-10-18 03:04:20.747,106671.82,0.00046,49.069037200000004
2025-10-18 03:04:21.574,106671.82,0.0938,10005.816716
2025-10-18 03:04:21.968,106671.83,0.00025,26.6679575
2025-10-18 03:04:22.717,106671.82,0.0938,10005.816716
2025-10-18 03:04:22.729,106671.82,0.013,1386.73366
2025-10-18 03:04:22.730,106671.82,0.013,1386.73366
2025-10-18 03:04:23.681,106671.83,0.00057,60.8029431
2025-10-18 03:04:23.692,106671.82,0.0938,10005.816716
2025-10-18 03:04:23.771,106671.83,0.28775,30694.819082500002
2025-10-18 03:04:23.912,106671.83,0.00024,25.601239200000002
2025-10-18 03:04:24.132,106671.83,0.0001,10.667183000000001
2025-10-18 03:04:24.183,106671.83,0.00019,20.2676477
2025-10-18 03:04:24.800,106671.83,0.0001,10.667183000000001
2025-10-18 03:04:24.827,106671.82,0.0938,10005.816716
2025-10-18 03:04:25.041,106671.83,0.0005,53.335915
2025-10-18 03:04:25.763,106671.82,0.0938,10005.816716
2025-10-18 03:04:26.803,106671.82,0.0938,10005.816716
2025-10-18 03:04:27.896,106671.82,0.0938,10005.816716
2025-10-18 03:04:28.615,106671.82,5e-05,5.333591
2025-10-18 03:04:28.831,106671.82,0.0938,10005.816716
2025-10-18 03:04:29.921,106671.82,0.0938,10005.816716
2025-10-18 03:04:30.510,106671.82,0.00021,22.4010822
2025-10-18 03:04:30.834,106671.82,0.011,1173.39002
2025-10-18 03:04:30.906,106671.82,0.0938,10005.816716
2025-10-18 03:04:31.718,106671.83,0.00011,11.733901300000001
2025-10-18 03:04:32.017,106671.82,0.0938,10005.816716
2025-10-18 03:04:33.082,106671.82,0.00023,24.534518600000002
2025-10-18 03:04:33.198,106671.82,0.0938,10005.816716
2025-10-18 03:04:33.575,106671.83,5e-05,5.333591500000001
2025-10-18 03:04:34.217,106671.82,0.0938,10005.816716
2025-10-18 03:04:34.534,106671.83,0.0008,85.33746400000001
2025-10-18 03:04:35.132,106671.83,0.00706,753.1031198000001
2025-10-18 03:04:35.331,106671.82,0.0938,10005.816716
2025-10-18 03:04:36.476,106671.82,0.0938,10005.816716
2025-10-18 03:04:36.576,106671.82,0.00011,11.7339002
2025-10-18 03:04:37.592,106671.83,0.00171,182.4088293
2025-10-18 03:04:37.617,106671.82,0.0938,10005.816716
2025-10-18 03:04:37.746,106671.83,0.05624,5999.2237192
2025-10-18 03:04:37.836,106671.83,0.00187,199.4763221
2025-10-18 03:04:37.936,106671.82,0.00012,12.800618400000001
2025-10-18 03:04:37.949,106671.83,0.00033,35.2017039
2025-10-18 03:04:37.995,106671.83,0.00044,46.935605200000005
2025-10-18 03:04:38.624,106671.82,0.0938,10005.816716
2025-10-18 03:04:39.315,106676.03,0.00015,16.0014045
2025-10-18 03:04:39.389,106676.1,0.0002,21.335220000000003
2025-10-18 03:04:39.391,106678.0,6e-05,6.40068
2025-10-18 03:04:39.396,106678.01,0.04156,4433.5380956
2025-10-18 03:04:39.456,106678.01,0.00272,290.1641872
2025-10-18 03:04:39.457,106680.0,5e-05,5.3340000000000005
2025-10-18 03:04:39.592,106679.44,0.00181,193.0897864
2025-10-18 03:04:39.717,106679.44,0.09379,10005.4646776
2025-10-18 03:04:40.334,106679.45,0.00409,436.31895049999997
2025-10-18 03:04:40.449,106679.45,0.00082,87.477149
2025-10-18 03:04:40.745,106679.44,0.00397,423.51737679999997
2025-10-18 03:04:40.883,106679.44,0.09379,10005.4646776
2025-10-18 03:04:41.162,106679.45,0.0018,192.02301
2025-10-18 03:04:41.334,106679.44,8e-05,8.5343552
2025-10-18 03:04:41.819,106679.44,0.09379,10005.4646776
2025-10-18 03:04:42.265,106679.45,0.10221,10903.7065845
2025-10-18 03:04:42.270,106679.45,0.04727,5042.7376015
2025-10-18 03:04:42.286,106679.45,0.08893,9487.003488499999
2025-10-18 03:04:42.911,106679.44,0.09379,10005.4646776
2025-10-18 03:04:43.038,106679.45,0.05688,6067.927116
2025-10-18 03:04:43.384,106679.45,0.00026,27.736656999999997
2025-10-18 03:04:43.614,106679.45,0.00016,17.068712
2025-10-18 03:04:43.900,106679.44,0.09379,10005.4646776
2025-10-18 03:04:44.145,106679.45,0.00023,24.5362735
2025-10-18 03:04:44.516,106679.44,2.19647,234318.1895768
2025-10-18 03:04:44.882,106679.44,0.09379,10005.4646776
2025-10-18 03:04:44.904,106679.45,0.002,213.3589
2025-10-18 03:04:45.867,106679.44,0.09379,10005.4646776
2025-10-18 03:04:46.854,106679.44,0.09379,10005.4646776
2025-10-18 03:04:46.908,106679.45,0.00462,492.859059
2025-10-18 03:04:47.120,106679.45,6e-05,6.400767
2025-10-18 03:04:47.900,106679.45,0.04972,5304.102253999999
2025-10-18 03:04:48.017,106679.44,0.09379,10005.4646776
2025-10-18 03:04:48.574,106679.45,5e-05,5.3339725
2025-10-18 03:04:49.143,106679.44,0.09379,10005.4646776
2025-10-18 03:04:49.988,106679.45,0.00101,107.7462445
2025-10-18 03:04:50.118,106679.44,0.09379,10005.4646776
2025-10-18 03:04:50.129,106679.45,0.00103,109.8798335
2025-10-18 03:04:50.155,106679.45,0.00029,30.9370405
2025-10-18 03:04:50.382,106679.45,0.00053,56.540108499999995
2025-10-18 03:04:50.737,106679.45,0.00936,998.519652
2025-10-18 03:04:50.857,106679.45,0.08702,9283.245739
2025-10-18 03:04:51.217,106679.44,0.09379,10005.4646776
2025-10-18 03:04:51.371,106679.45,0.00773,824.6321485
2025-10-18 03:04:51.673,106679.44,0.00025,26.66986
2025-10-18 03:04:52.206,106679.44,0.09379,10005.4646776
2025-10-18 03:04:52.454,106679.45,5e-05,5.3339725
2025-10-18 03:04:52.532,106679.45,0.00375,400.0479375
2025-10-18 03:04:53.217,106679.44,0.09379,10005.4646776
2025-10-18 03:04:53.990,106679.45,0.00023,24.5362735
2025-10-18 03:04:54.072,106679.44,6e-05,6.4007664
2025-10-18 03:04:54.176,106679.44,0.09379,10005.4646776
2025-10-18 03:04:54.370,106679.44,0.00014,14.935121599999999
2025-10-18 03:04:54.398,106679.45,0.00174,185.622243
2025-10-18 03:04:54.923,106679.45,0.00242,258.164269
2025-10-18 03:04:55.012,106679.45,0.00629,671.0137404999999
2025-10-18 03:04:55.176,106679.45,0.0004,42.67178
2025-10-18 03:04:55.215,106679.44,0.09379,10005.4646776
2025-10-18 03:04:55.585,106679.45,0.00469,500.32662049999993
2025-10-18 03:04:55.717,106679.45,6e-05,6.400767
2025-10-18 03:04:56.138,106679.45,0.00082,87.477149
2025-10-18 03:04:56.202,106679.44,0.09379,10005.4646776
2025-10-18 03:04:57.178,106679.44,0.09379,10005.4646776
2025-10-18 03:04:57.843,106679.44,0.00018,19.202299200000002
2025-10-18 03:04:57.995,106679.44,5e-05,5.333972
2025-10-18 03:04:58.055,106679.45,0.00185,197.35698250000002
2025-10-18 03:04:58.326,106679.44,0.09379,10005.4646776
2025-10-18 03:04:58.775,106679.44,0.00012,12.8015328
2025-10-18 03:04:58.932,106679.45,0.00071,75.7424095
2025-10-18 03:04:58.938,106679.45,0.00071,75.7424095
2025-10-18 03:04:59.517,106679.44,0.09379,10005.4646776
2025-10-18 03:05:00.003,106679.45,0.00468,499.259826
2025-10-18 03:05:00.022,106679.45,0.0439,4683.227855
2025-10-18 03:05:00.311,106679.45,0.00035,37.3378075
2025-10-18 03:05:00.314,106679.45,0.0006,64.00766999999999
2025-10-18 03:05:00.617,106679.44,0.09379,10005.4646776
2025-10-18 03:05:00.650,106679.45,0.01033,1101.9987185
2025-10-18 03:05:00.757,106679.44,0.00029,30.9370376
2025-10-18 03:05:00.841,106679.45,0.026,2773.6657
2025-10-18 03:05:00.863,106679.44,0.00574,612.3399856000001
2025-10-18 03:05:00.971,106679.45,0.001,106.67945
2025-10-18 03:05:00.993,106679.45,0.00028,29.870245999999998
2025-10-18 03:05:01.013,106679.44,0.013,1386.8327199999999
2025-10-18 03:05:01.066,106679.44,0.00937,999.5863528
2025-10-18 03:05:01.309,106679.45,0.00014,14.935122999999999
2025-10-18 03:05:01.716,106679.44,0.09379,10005.4646776
2025-10-18 03:05:01.745,106679.45,8e-05,8.534356
2025-10-18 03:05:02.162,106679.45,0.00012,12.801534
2025-10-18 03:05:02.316,106679.44,5e-05,5.333972
2025-10-18 03:05:02.489,106679.44,0.0972,10369.241568
2025-10-18 03:05:02.491,106679.44,0.02243,2392.8198392
2025-10-18 03:05:02.492,106679.44,0.013,1386.8327199999999
2025-10-18 03:05:02.597,106679.44,0.013,1386.8327199999999
2025-10-18 03:05:02.599,106679.44,0.013,1386.8327199999999
2025-10-18 03:05:02.672,106679.44,0.0938,10006.531471999999
2025-10-18 03:05:02.674,106679.44,1.20547,128598.86453680001
2025-10-18 03:05:02.715,106679.44,0.66079,70492.7071576
2025-10-18 03:05:02.815,106679.44,0.25662,27376.077892800004
2025-10-18 03:05:02.916,106679.44,0.00092,98.1450848
2025-10-18 03:05:03.518,106679.43,0.71086,75834.1396098
2025-10-18 03:05:03.527,106679.43,0.01351,1441.2390993
2025-10-18 03:05:03.528,106679.43,0.0011,117.347373
2025-10-18 03:05:03.530,106679.43,0.11893,12687.384609899998
2025-10-18 03:05:03.531,106679.43,0.09381,10007.5973283
2025-10-18 03:05:03.532,106673.04,0.00567,604.8361368
2025-10-18 03:05:03.534,106669.09,0.0142,1514.701078
2025-10-18 03:05:03.540,106669.09,0.00937,999.4893732999999
2025-10-18 03:05:03.542,106669.09,0.013,1386.69817
2025-10-18 03:05:03.545,106669.09,0.013,1386.69817
2025-10-18 03:05:03.674,106669.09,0.0938,10005.560641999999
2025-10-18 03:05:03.687,106669.09,0.00938,1000.5560641999999
2025-10-18 03:05:03.715,106669.09,0.07667,8178.3191303
2025-10-18 03:05:04.191,106662.59,0.00937,999.4284683
2025-10-18 03:05:04.265,106662.59,0.00143,152.5275037
2025-10-18 03:05:04.640,106662.59,0.00014,14.932762599999998
2025-10-18 03:05:04.816,106662.58,0.0938,10004.950004
2025-10-18 03:05:05.131,106662.59,0.02933,3128.4137647
2025-10-18 03:05:05.135,106662.59,0.0001,10.666259
2025-10-18 03:05:05.175,106662.59,0.00044,46.9315396
2025-10-18 03:05:05.898,106662.58,0.0938,10004.950004
2025-10-18 03:05:06.017,106662.59,9e-05,9.5996331
2025-10-18 03:05:06.565,106662.58,0.013,1386.61354
2025-10-18 03:05:06.567,106662.58,0.013,1386.61354
2025-10-18 03:05:06.568,106662.58,0.013,1386.61354
2025-10-18 03:05:06.619,106662.59,0.00014,14.932762599999998
2025-10-18 03:05:06.989,106662.59,0.00281,299.7218779
2025-10-18 03:05:06.992,106662.58,0.0938,10004.950004
2025-10-18 03:05:07.968,106662.59,0.00045,47.9981655
2025-10-18 03:05:08.022,106662.58,0.0938,10004.950004
2025-10-18 03:05:08.470,106662.58,0.00054,57.5977932
2025-10-18 03:05:09.112,106662.58,0.0938,10004.950004
2025-10-18 03:05:09.943,106662.58,0.00187,199.4590246
2025-10-18 03:05:10.155,106662.58,0.0938,10004.950004
2025-10-18 03:05:11.298,106662.58,0.0938,10004.950004
2025-10-18 03:05:11.583,106662.59,0.0018,191.992662
2025-10-18 03:05:12.391,106662.58,0.0938,10004.950004
2025-10-18 03:05:13.015,106662.58,0.18,19199.2644
2025-10-18 03:05:13.459,106662.59,9e-05,9.5996331
2025-10-18 03:05:13.509,106662.59,0.00048,51.1980432
2025-10-18 03:05:13.516,106662.58,0.0938,10004.950004
2025-10-18 03:05:14.026,106662.58,0.0001,10.666258000000001
2025-10-18 03:05:14.575,106662.58,0.0938,10004.950004
2025-10-18 03:05:14.786,106662.58,0.004,426.65032
2025-10-18 03:05:14.868,106662.58,0.00068,72.5305544
2025-10-18 03:05:15.507,106662.58,0.0938,10004.950004
2025-10-18 03:05:16.224,106662.59,0.00937,999.4284683
2025-10-18 03:05:16.312,106662.59,0.00106,113.0623454
2025-10-18 03:05:16.495,106662.58,0.0938,10004.950004
2025-10-18 03:05:16.510,106662.59,0.00047,50.131417299999995
2025-10-18 03:05:16.577,106662.58,7e-05,7.466380599999999
2025-10-18 03:05:17.009,106662.59,0.0056,597.3105039999999
2025-10-18 03:05:17.197,106662.58,0.00103,109.86245740000001
2025-10-18 03:05:17.516,106662.58,0.0938,10004.950004
2025-10-18 03:05:17.632,106662.59,0.00035,37.331906499999995
2025-10-18 03:05:17.724,106662.58,0.00937,999.4283746
2025-10-18 03:05:18.716,106662.58,0.0938,10004.950004
2025-10-18 03:05:19.362,106662.58,0.04257,4540.6260305999995
2025-10-18 03:05:19.706,106662.59,0.00281,299.7218779
2025-10-18 03:05:19.715,106662.58,0.0938,10004.950004
2025-10-18 03:05:20.320,106662.59,0.00148,157.8606332
2025-10-18 03:05:20.662,106662.59,0.00032,34.1320288
2025-10-18 03:05:20.806,106662.58,0.0938,10004.950004
2025-10-18 03:05:21.816,106662.58,0.0938,10004.950004
2025-10-18 03:05:22.130,106662.58,9e-05,9.5996322
2025-10-18 03:05:22.269,106662.59,0.002,213.32518
2025-10-18 03:05:22.300,106662.58,0.00187,199.4590246
2025-10-18 03:05:22.529,106662.58,0.00176,187.7261408
2025-10-18 03:05:22.836,106662.58,0.0938,10004.950004
2025-10-18 03:05:23.047,106662.58,0.00027,28.7988966
2025-10-18 03:05:23.823,106662.58,0.0938,10004.950004
2025-10-18 03:05:24.114,106662.59,6e-05,6.3997554
2025-10-18 03:05:24.909,106662.58,0.0938,10004.950004
2025-10-18 03:05:25.177,106662.58,0.00499,532.2462742
2025-10-18 03:05:25.887,106662.59,7e-05,7.466381299999999
2025-10-18 03:05:26.017,106662.58,0.00036,38.3985288
2025-10-18 03:05:26.496,106662.59,0.00018,19.1992662
2025-10-18 03:05:27.043,106662.58,0.0938,10004.950004
2025-10-18 03:05:27.320,106662.59,7e-05,7.466381299999999
2025-10-18 03:05:27.451,106662.58,0.0014,149.327612
2025-10-18 03:05:27.915,106662.59,0.00037,39.4651583
2025-10-18 03:05:27.981,106662.59,0.00028,29.865525199999997
2025-10-18 03:05:28.030,106662.58,0.0938,10004.950004
2025-10-18 03:05:29.119,106662.58,0.0938,10004.950004
2025-10-18 03:05:29.170,106662.59,0.00053,56.5311727
2025-10-18 03:05:30.086,106662.58,5e-05,5.3331290000000005
2025-10-18 03:05:30.259,106662.58,0.0938,10004.950004
2025-10-18 03:05:30.359,106662.58,0.19942,21270.6517036
2025-10-18 03:05:30.848,106662.59,0.00093,99.1962087
2025-10-18 03:05:31.317,106662.58,0.0938,10004.950004
2025-10-18 03:05:32.290,106662.58,0.0938,10004.950004
2025-10-18 03:05:33.416,106662.58,0.0938,10004.950004
2025-10-18 03:05:34.369,106662.58,0.0938,10004.950004
2025-10-18 03:05:35.355,106662.58,0.0938,10004.950004
2025-10-18 03:05:35.453,106662.59,0.00082,87.4633238
2025-10-18 03:05:36.447,106662.58,0.0938,10004.950004
2025-10-18 03:05:36.484,106662.59,0.00171,182.3930289
2025-10-18 03:05:37.318,106662.59,0.00017,18.132640300000002
2025-10-18 03:05:37.452,106662.59,0.00017,18.132640300000002
2025-10-18 03:05:37.617,106662.58,0.0938,10004.950004
2025-10-18 03:05:38.398,106662.59,0.01976,2107.6527784
2025-10-18 03:05:38.617,106662.58,0.0938,10004.950004
2025-10-18 03:05:38.827,106662.58,0.00092,98.1295736
2025-10-18 03:05:38.830,106662.58,0.0125,1333.2822500000002
2025-10-18 03:05:38.831,106662.58,0.01905,2031.9221490000002
2025-10-18 03:05:38.858,106662.58,0.00026,27.7322708
2025-10-18 03:05:38.994,106662.59,0.00082,87.4633238
2025-10-18 03:05:39.245,106662.59,0.00056,59.731050399999994
2025-10-18 03:05:39.445,106662.58,8e-05,8.533006400000001
2025-10-18 03:05:39.638,106662.59,0.00146,155.72738139999998
2025-10-18 03:05:39.667,106662.58,0.0938,10004.950004
2025-10-18 03:05:39.699,106662.59,0.00188,200.52566919999998
2025-10-18 03:05:39.976,106662.59,0.00018,19.1992662
2025-10-18 03:05:40.108,106662.59,0.00208,221.85818719999997
2025-10-18 03:05:40.109,106662.59,0.00013,13.866136699999998
2025-10-18 03:05:40.807,106662.58,0.0938,10004.950004
2025-10-18 03:05:41.433,106662.59,0.00095,101.3294605
2025-10-18 03:05:41.576,106662.58,7e-05,7.466380599999999
2025-10-18 03:05:41.684,106662.59,0.00047,50.131417299999995
2025-10-18 03:05:41.794,106662.58,0.0938,10004.950004
2025-10-18 03:05:41.970,106662.59,0.00018,19.1992662
2025-10-18 03:05:42.018,106662.59,0.00036,38.3985324
2025-10-18 03:05:42.480,106662.59,0.00026,27.732273399999997
2025-10-18 03:05:42.731,106662.58,0.0938,10004.950004
2025-10-18 03:05:43.612,106662.58,6e-05,6.3997548
2025-10-18 03:05:44.016,106662.58,0.0938,10004.950004
2025-10-18 03:05:44.160,106662.59,0.00028,29.865525199999997
2025-10-18 03:05:45.171,106662.58,0.0938,10004.950004
2025-10-18 03:05:46.029,106662.59,0.00031,33.0654029
2025-10-18 03:05:46.217,106662.58,0.0938,10004.950004
2025-10-18 03:05:47.303,106662.58,0.0938,10004.950004
2025-10-18 03:05:47.984,106662.58,0.00018,19.1992644
2025-10-18 03:05:48.291,106662.58,0.0938,10004.950004
2025-10-18 03:05:48.939,106662.59,0.00148,157.8606332
2025-10-18 03:05:49.417,106662.58,0.0938,10004.950004
2025-10-18 03:05:49.487,106662.59,0.00082,87.4633238
2025-10-18 03:05:50.144,106662.58,0.0046,490.647868
2025-10-18 03:05:50.416,106662.58,0.0938,10004.950004
2025-10-18 03:05:50.974,106662.59,0.0003,31.998776999999997
2025-10-18 03:05:51.412,106662.58,0.0938,10004.950004
2025-10-18 03:05:51.489,106662.59,0.00011,11.7328849
2025-10-18 03:05:52.399,106662.58,0.0938,10004.950004
2025-10-18 03:05:52.965,106662.59,0.00065,69.33068349999999
2025-10-18 03:05:53.516,106662.58,0.0938,10004.950004
2025-10-18 03:05:54.687,106662.58,0.0938,10004.950004
2025-10-18 03:05:55.248,106662.59,7e-05,7.466381299999999
2025-10-18 03:05:55.779,106662.58,0.0938,10004.950004
2025-10-18 03:05:56.506,106662.59,0.00044,46.9315396
2025-10-18 03:05:56.575,106662.59,0.01865,1989.2573035
2025-10-18 03:05:56.868,106662.58,0.0938,10004.950004
2025-10-18 03:05:58.115,106662.58,0.0938,10004.950004
2025-10-18 03:05:58.828,106662.59,0.00046,49.0647914
2025-10-18 03:05:58.901,106662.58,0.00012,12.7995096
2025-10-18 03:05:59.258,106662.58,0.0938,10004.950004
2025-10-18 03:05:59.875,106662.58,0.0001,10.666258000000001
2025-10-18 03:06:00.397,106662.58,0.0938,10004.950004
2025-10-18 03:06:00.832,106662.59,0.00119,126.92848210000001
2025-10-18 03:06:01.027,106662.59,0.00013,13.866136699999998
2025-10-18 03:06:01.070,106662.59,8e-05,8.5330072
2025-10-18 03:06:01.487,106662.58,0.0938,10004.950004
2025-10-18 03:06:01.540,106662.58,0.00425,453.31596500000006
2025-10-18 03:06:02.422,106662.58,0.0938,10004.950004
2025-10-18 03:06:03.334,106662.58,0.00049,52.2646642
2025-10-18 03:06:03.442,106662.58,0.09101,9707.3614058
2025-10-18 03:06:03.725,106662.58,0.013,1386.61354
2025-10-18 03:06:04.320,106662.59,0.00044,46.9315396
2025-10-18 03:06:04.392,106662.58,0.2,21332.516000000003
2025-10-18 03:06:04.884,106662.58,0.00019,20.2658902
2025-10-18 03:06:05.047,106662.58,0.013,1386.61354
2025-10-18 03:06:05.048,106662.58,0.013,1386.61354
2025-10-18 03:06:05.088,106662.58,0.0001,10.666258000000001
2025-10-18 03:06:05.215,106662.58,0.25908,27634.1412264
2025-10-18 03:06:05.315,106662.22,0.00035,37.331777
2025-10-18 03:06:05.438,106662.21,0.008,853.29768
2025-10-18 03:06:05.440,106662.21,0.008,853.29768
2025-10-18 03:06:05.441,106662.2,0.0011,117.32842000000001
2025-10-18 03:06:05.443,106661.75,6e-05,6.399705
2025-10-18 03:06:05.444,106661.74,0.001,106.66174000000001
2025-10-18 03:06:05.446,106660.33,0.00015,15.999049499999998
2025-10-18 03:06:05.448,106660.0,0.0066,703.956
2025-10-18 03:06:05.544,106660.0,0.013,1386.58
2025-10-18 03:06:05.545,106660.0,0.00414,441.57239999999996
2025-10-18 03:06:05.547,106658.42,0.00015,15.998762999999999
2025-10-18 03:06:05.551,106658.32,0.00505,538.624516
2025-10-18 03:06:05.552,106656.89,0.01243,1325.7451427
2025-10-18 03:06:05.573,106656.9,0.00014,14.931965999999997
2025-10-18 03:06:05.574,106656.89,0.00219,233.57858910000002
2025-10-18 03:06:06.455,106656.2,0.0001,10.66562
2025-10-18 03:06:06.897,106656.19,0.002,213.31238000000002
2025-10-18 03:06:06.899,106656.19,0.002,213.31238000000002
2025-10-18 03:06:06.962,106656.2,0.00141,150.385242
2025-10-18 03:06:06.963,106656.19,0.0025,266.64047500000004
2025-10-18 03:06:07.330,106656.19,0.00094,100.2568186
2025-10-18 03:06:07.434,106656.19,0.0001,10.665619000000001
2025-10-18 03:06:09.652,106656.19,0.00304,324.23481760000004
2025-10-18 03:06:10.915,106650.11,0.00015,15.997516499999998
2025-10-18 03:06:11.218,106650.11,0.00193,205.8347123
2025-10-18 03:06:11.241,106650.11,0.00728,776.4128008
2025-10-18 03:06:11.703,106650.1,0.00039,41.593539
2025-10-18 03:06:11.997,106650.1,0.00059,62.923559000000004
2025-10-18 03:06:12.118,106650.1,0.00028,29.862028
2025-10-18 03:06:12.245,106650.1,0.013,1386.4513
2025-10-18 03:06:12.562,106650.1,0.0001,10.66501
2025-10-18 03:06:12.860,106650.1,0.013,1386.4513
2025-10-18 03:06:13.047,106650.1,0.013,1386.4513
2025-10-18 03:06:13.092,106650.11,0.00023,24.5295253
2025-10-18 03:06:13.861,106650.11,0.00144,153.5761584
2025-10-18 03:06:13.865,106650.11,0.00455,485.25800050000004
2025-10-18 03:06:13.866,106650.11,0.00758,808.4078338
2025-10-18 03:06:13.988,106650.11,0.00088,93.8520968
2025-10-18 03:06:14.486,106650.11,0.00482,514.0535302
2025-10-18 03:06:14.525,106650.11,0.00037,39.4605407
2025-10-18 03:06:15.510,106650.1,0.00093,99.184593
2025-10-18 03:06:15.838,106650.11,0.01157,1233.9417727
2025-10-18 03:06:15.895,106650.1,0.013,1386.4513
2025-10-18 03:06:16.033,106650.11,0.00071,75.7215781
2025-10-18 03:06:16.132,106650.1,0.00028,29.862028
2025-10-18 03:06:16.575,106650.1,8e-05,8.532008000000001
2025-10-18 03:06:17.304,106650.1,0.013,1386.4513
2025-10-18 03:06:17.305,106650.1,0.013,1386.4513
2025-10-18 03:06:17.483,106650.1,0.00189,201.568689
2025-10-18 03:06:17.526,106650.1,0.00085,90.652585
2025-10-18 03:06:17.562,106650.11,0.0001,10.665011
2025-10-18 03:06:17.673,106650.11,0.00016,17.064017600000003
2025-10-18 03:06:17.718,106650.11,0.0001,10.665011
2025-10-18 03:06:17.820,106650.11,7e-05,7.465507699999999
2025-10-18 03:06:17.962,106650.11,0.00029,30.9285319
2025-10-18 03:06:18.373,106650.1,0.00012,12.798012000000002
2025-10-18 03:06:18.817,106650.1,0.09382,10005.912382
2025-10-18 03:06:19.043,106650.11,0.00235,250.6277585
2025-10-18 03:06:19.152,106650.11,0.00059,62.9235649
2025-10-18 03:06:19.581,106650.11,0.00047,50.125551699999995
2025-10-18 03:06:19.738,106650.11,0.00029,30.9285319
2025-10-18 03:06:19.826,106650.1,0.09382,10005.912382
2025-10-18 03:06:19.948,106650.11,0.00033,35.1945363
2025-10-18 03:06:20.524,106650.11,0.00024,25.5960264
2025-10-18 03:06:20.820,106650.1,0.01343,1432.310843
2025-10-18 03:06:20.966,106650.1,0.09382,10005.912382
2025-10-18 03:06:20.986,106650.11,0.00447,476.7259917
2025-10-18 03:06:22.058,106650.1,0.09382,10005.912382
2025-10-18 03:06:23.094,106650.1,0.09382,10005.912382
2025-10-18 03:06:23.184,106650.11,0.0001,10.665011
2025-10-18 03:06:23.330,106650.11,7e-05,7.465507699999999
2025-10-18 03:06:23.976,106650.1,0.00988,1053.702988
2025-10-18 03:06:24.216,106650.1,0.09382,10005.912382
2025-10-18 03:06:24.352,106650.1,0.01531,1632.8130310000001
2025-10-18 03:06:25.319,106650.11,0.00033,35.1945363
2025-10-18 03:06:25.416,106650.1,0.09382,10005.912382
2025-10-18 03:06:26.230,106650.1,0.0001,10.66501
2025-10-18 03:06:26.384,106650.11,0.00187,199.4357057
2025-10-18 03:06:26.416,106650.1,0.09382,10005.912382
2025-10-18 03:06:27.192,106650.11,4e-05,4.266004400000001
2025-10-18 03:06:27.217,106650.1,0.0023,245.29523
2025-10-18 03:06:27.541,106650.1,0.09382,10005.912382
2025-10-18 03:06:28.324,106650.11,0.0001,10.665011
2025-10-18 03:06:28.516,106650.1,0.09382,10005.912382
2025-10-18 03:06:29.127,106650.1,0.00098,104.517098
2025-10-18 03:06:29.517,106650.1,0.09382,10005.912382
2025-10-18 03:06:29.916,106650.11,0.0001,10.665011
2025-10-18 03:06:30.352,106650.1,0.00105,111.98260499999999
2025-10-18 03:06:30.517,106650.1,0.09382,10005.912382
2025-10-18 03:06:31.178,106650.11,0.0002,21.330022
2025-10-18 03:06:31.368,106650.11,0.00022,23.4630242
2025-10-18 03:06:31.527,106650.1,0.005,533.2505
2025-10-18 03:06:31.555,106650.1,0.09382,10005.912382
2025-10-18 03:06:32.358,106650.11,0.00123,131.1796353
2025-10-18 03:06:32.617,106650.1,0.09382,10005.912382
2025-10-18 03:06:32.718,106650.1,0.00272,290.088272
2025-10-18 03:06:33.015,106650.11,0.0645,6878.932095
2025-10-18 03:06:33.891,106650.1,0.09382,10005.912382
2025-10-18 03:06:34.979,106650.1,0.09382,10005.912382
2025-10-18 03:06:35.014,106650.1,0.02,2133.002
2025-10-18 03:06:35.041,106650.1,0.01214,1294.732214
2025-10-18 03:06:36.117,106650.1,0.09382,10005.912382
2025-10-18 03:06:37.048,106650.1,0.09382,10005.912382
2025-10-18 03:06:37.724,106650.11,0.00048,51.1920528
2025-10-18 03:06:37.994,106650.1,0.09382,10005.912382
2025-10-18 03:06:38.468,106650.11,0.00225,239.96274749999998
2025-10-18 03:06:38.919,106650.11,0.00024,25.5960264
2025-10-18 03:06:39.035,106650.1,0.09382,10005.912382
2025-10-18 03:06:39.246,106650.1,0.0021,223.96520999999998
2025-10-18 03:06:39.369,106650.11,0.00173,184.5046903
2025-10-18 03:06:40.127,106650.1,0.09382,10005.912382
2025-10-18 03:06:40.165,106650.11,0.00193,205.8347123
2025-10-18 03:06:40.192,106650.11,0.00258,275.15728379999996
2025-10-18 03:06:40.349,106650.1,0.04587,4892.040087
2025-10-18 03:06:40.715,106650.11,0.00014,14.931015399999998
2025-10-18 03:06:41.064,106650.1,0.09382,10005.912382
2025-10-18 03:06:41.209,106650.1,0.12431,13257.673931000001
2025-10-18 03:06:41.771,106650.09,0.00784,836.1367055999999
2025-10-18 03:06:42.362,106650.09,0.03559,3795.6767030999995
2025-10-18 03:06:42.423,106650.1,0.00018,19.197018000000003
2025-10-18 03:06:42.424,106650.1,0.00018,19.197018000000003
2025-10-18 03:06:42.645,106650.1,0.0001,10.66501
2025-10-18 03:06:43.146,106650.1,0.0001,10.66501
2025-10-18 03:06:43.462,106650.1,0.0644,6868.26644
2025-10-18 03:06:43.507,106650.09,0.03305,3524.7854745000004
2025-10-18 03:06:44.301,106650.1,0.01003,1069.700503
2025-10-18 03:06:44.320,106650.1,0.01,1066.501
2025-10-18 03:06:44.354,106650.1,0.0001,10.66501
2025-10-18 03:06:44.516,106650.09,0.00771,822.2721938999999
2025-10-18 03:06:44.549,106650.09,0.013,1386.4511699999998
2025-10-18 03:06:44.683,106650.09,0.00019,20.2635171
2025-10-18 03:06:44.783,106650.1,9e-05,9.598509000000002
2025-10-18 03:06:44.829,106650.1,0.0001,10.66501
2025-10-18 03:06:45.395,106650.1,0.00201,214.366701
2025-10-18 03:06:45.617,106650.09,0.04321,4608.350388899999
2025-10-18 03:06:45.652,106650.1,0.00198,211.167198
2025-10-18 03:06:45.850,106650.09,0.00974,1038.7718766
2025-10-18 03:06:45.963,106650.1,0.0001,10.66501
2025-10-18 03:06:46.030,106650.1,0.0001,10.66501
2025-10-18 03:06:46.180,106650.09,0.008,853.20072
2025-10-18 03:06:46.817,106650.09,0.08112,8651.4553008
2025-10-18 03:06:46.998,106650.1,0.0001,10.66501
2025-10-18 03:06:47.230,106650.1,0.03036,3237.8970360000003
2025-10-18 03:06:47.403,106650.09,0.00261,278.3567349
2025-10-18 03:06:47.869,106650.09,0.05396,5754.8388564
2025-10-18 03:06:47.971,106650.1,0.0001,10.66501
2025-10-18 03:06:48.342,106650.09,0.006,639.90054
2025-10-18 03:06:48.348,106650.09,0.003,319.95027
2025-10-18 03:06:48.490,106650.1,8e-05,8.532008000000001
2025-10-18 03:06:48.961,106650.1,0.0001,10.66501
2025-10-18 03:06:48.964,106650.09,0.06679,7123.1595111
2025-10-18 03:06:49.406,106650.1,0.00024,25.596024000000003
2025-10-18 03:06:49.539,106650.1,0.00029,30.928529
2025-10-18 03:06:49.793,106650.1,0.00057,60.790557
2025-10-18 03:06:50.055,106650.09,0.06033,6434.1999297
2025-10-18 03:06:50.182,106650.1,0.0001,10.66501
2025-10-18 03:06:50.472,106650.09,0.0496,5289.844464
2025-10-18 03:06:51.076,106650.09,0.09382,10005.9114438
2025-10-18 03:06:51.577,106650.09,5e-05,5.3325045
2025-10-18 03:06:51.673,106650.1,0.0001,10.66501
2025-10-18 03:06:51.753,106650.1,0.00719,766.8142190000001
2025-10-18 03:06:52.181,106650.09,0.08922,9515.3210298
2025-10-18 03:06:52.270,106650.09,0.00039,41.5935351
2025-10-18 03:06:52.428,106650.1,0.0001,10.66501
2025-10-18 03:06:52.479,106650.1,0.00028,29.862028
2025-10-18 03:06:52.929,106650.09,0.00046,49.0590414
2025-10-18 03:06:53.273,106650.09,0.07601,8106.473340899999
2025-10-18 03:06:54.107,106650.09,0.03156,3365.8768403999998
2025-10-18 03:06:54.224,106650.1,0.0001,10.66501
2025-10-18 03:06:54.494,106650.1,0.0001,10.66501
2025-10-18 03:06:54.517,106650.09,0.09382,10005.9114438
2025-10-18 03:06:55.617,106650.09,0.08272,8822.0954448
2025-10-18 03:06:55.698,106650.1,9e-05,9.598509000000002
2025-10-18 03:06:55.700,106650.1,0.0001,10.66501
2025-10-18 03:06:56.425,106650.1,0.0001,10.66501
2025-10-18 03:06:56.751,106650.09,0.05692,6070.523122799999
2025-10-18 03:06:57.664,106650.1,0.0001,10.66501
2025-10-18 03:06:57.739,106650.09,0.04861,5184.2608749
2025-10-18 03:06:57.845,106650.09,0.0001,10.665009
2025-10-18 03:06:58.475,106650.09,8e-05,8.5320072
2025-10-18 03:06:58.642,106650.09,0.0001,10.665009
2025-10-18 03:06:58.668,106650.1,0.0001,10.66501
2025-10-18 03:06:58.677,106650.1,0.00014,14.931014
2025-10-18 03:06:58.826,106650.09,0.04821,5141.6008389
2025-10-18 03:06:59.165,106650.1,0.00186,198.369186
2025-10-18 03:06:59.319,106650.09,0.00169,180.2386521
2025-10-18 03:06:59.351,106650.09,0.00025,26.6625225
2025-10-18 03:06:59.395,106650.09,0.0001,10.665009
2025-10-18 03:06:59.486,106650.09,0.0001,10.665009
2025-10-18 03:06:59.514,106650.09,0.0001,10.665009
2025-10-18 03:06:59.605,106650.1,0.00018,19.197018000000003
2025-10-18 03:06:59.671,106650.1,0.0001,10.66501
2025-10-18 03:06:59.915,106650.09,0.04773,5090.4087957
2025-10-18 03:07:00.049,106650.09,0.00011,11.7315099
2025-10-18 03:07:00.732,106650.09,7e-05,7.4655062999999995
2025-10-18 03:07:00.901,106650.09,0.04716,5029.6182444
2025-10-18 03:07:00.942,106650.1,0.0001,10.66501
2025-10-18 03:07:01.917,106650.09,0.05104,5443.4205936
2025-10-18 03:07:02.202,106650.1,0.0001,10.66501
2025-10-18 03:07:02.305,106650.09,0.005,533.25045
2025-10-18 03:07:02.623,106650.1,0.00014,14.931014
2025-10-18 03:07:02.817,106650.09,0.0014,149.310126
2025-10-18 03:07:02.978,106650.1,0.00285,303.952785
2025-10-18 03:07:03.116,106650.09,0.09382,10005.9114438
2025-10-18 03:07:03.177,106650.1,0.0001,10.66501
2025-10-18 03:07:03.215,106649.09,0.00015,15.997363499999999
2025-10-18 03:07:03.786,106649.08,0.00018,19.1968344
2025-10-18 03:07:04.048,106649.09,0.00052,55.4575268
2025-10-18 03:07:04.227,106649.08,0.09382,10005.8166856
2025-10-18 03:07:04.245,106649.09,0.0001,10.664909
2025-10-18 03:07:05.319,106649.08,0.09382,10005.8166856
2025-10-18 03:07:05.475,106649.08,0.0001,10.664908
2025-10-18 03:07:06.462,106649.08,0.09382,10005.8166856
2025-10-18 03:07:06.669,106649.08,0.0001,10.664908
2025-10-18 03:07:06.792,106649.09,0.00014,14.930872599999999
2025-10-18 03:07:07.184,106649.08,0.02211,2358.0111588
2025-10-18 03:07:07.553,106649.08,0.00149,158.9071292
2025-10-18 03:07:07.615,106649.06,0.0001,10.664906
2025-10-18 03:07:07.626,106649.06,0.0061,650.559266
2025-10-18 03:07:08.016,106649.06,0.0018,191.96830799999998
2025-10-18 03:07:08.079,106649.06,0.00844,900.1180664
2025-10-18 03:07:08.543,106649.05,0.09382,10005.813871
2025-10-18 03:07:08.580,106649.05,0.00187,199.43372349999999
2025-10-18 03:07:08.683,106649.06,0.00059,62.9229454
2025-10-18 03:07:09.617,106649.05,0.09382,10005.813871
2025-10-18 03:07:10.047,106649.05,0.00228,243.159834
2025-10-18 03:07:10.676,106649.05,0.09382,10005.813871
2025-10-18 03:07:11.358,106649.05,9e-05,9.5984145
2025-10-18 03:07:11.581,106649.06,0.04699,5011.439329399999
2025-10-18 03:07:11.716,106649.05,0.09382,10005.813871
2025-10-18 03:07:11.802,106649.06,0.01446,1542.1454076
2025-10-18 03:07:11.818,106649.05,5e-05,5.3324525000000005
2025-10-18 03:07:12.098,106651.38,5e-05,5.332569
2025-10-18 03:07:12.102,106653.01,0.01632,1740.5771232
2025-10-18 03:07:12.103,106653.49,5e-05,5.3326745
2025-10-18 03:07:12.171,106658.5,6e-05,6.39951
2025-10-18 03:07:12.215,106663.43,0.00015,15.999514499999998
2025-10-18 03:07:12.386,106664.92,0.00937,999.4503004
2025-10-18 03:07:12.722,106664.91,0.0938,10005.168558
2025-10-18 03:07:13.282,106664.91,0.00046,49.065858600000006
2025-10-18 03:07:13.417,106664.91,0.05194,5540.1754254
2025-10-18 03:07:13.557,106664.91,0.00504,537.5911464000001
2025-10-18 03:07:13.627,106664.91,0.0938,10005.168558
2025-10-18 03:07:14.120,106664.91,0.02641,2817.0202731
2025-10-18 03:07:14.165,106664.92,0.00113,120.53135959999999
2025-10-18 03:07:14.563,106664.91,0.01299,1385.5771809
2025-10-18 03:07:14.616,106664.91,0.0938,10005.168558
2025-10-18 03:07:14.783,106664.92,0.00024,25.599580800000002
2025-10-18 03:07:14.923,106664.91,0.0002,21.332982
2025-10-18 03:07:15.229,106664.92,0.01404,1497.5754768
2025-10-18 03:07:15.243,106664.91,0.00377,402.1267107
2025-10-18 03:07:15.734,106664.91,0.0938,10005.168558
2025-10-18 03:07:16.528,106664.92,0.06465,6895.887078
2025-10-18 03:07:16.576,106664.91,7e-05,7.4665437
2025-10-18 03:07:16.795,106664.91,0.0938,10005.168558
2025-10-18 03:07:17.174,106664.92,0.00046,49.0658632
2025-10-18 03:07:17.176,106664.92,0.00046,49.0658632
2025-10-18 03:07:17.177,106664.92,0.00046,49.0658632
2025-10-18 03:07:17.178,106664.92,0.00091,97.0650772
2025-10-18 03:07:17.782,106664.91,0.0938,10005.168558
2025-10-18 03:07:18.424,106664.91,0.00018,19.199683800000003
2025-10-18 03:07:18.539,106664.92,0.00047,50.132512399999996
2025-10-18 03:07:18.823,106664.91,0.0938,10005.168558
2025-10-18 03:07:18.894,106664.92,0.0066,703.988472
2025-10-18 03:07:19.404,106664.91,0.05192,5538.0421272
2025-10-18 03:07:19.914,106664.91,0.0938,10005.168558
2025-10-18 03:07:20.932,106664.91,7e-05,7.4665437
2025-10-18 03:07:20.955,106664.91,0.0938,10005.168558
2025-10-18 03:07:21.302,106664.92,0.00022,23.4662824
2025-10-18 03:07:21.748,106664.91,0.00067,71.4654897
2025-10-18 03:07:22.017,106664.91,0.0938,10005.168558
2025-10-18 03:07:22.210,106664.92,7e-05,7.466544399999999
2025-10-18 03:07:22.633,106664.92,0.00047,50.132512399999996
2025-10-18 03:07:23.116,106664.91,0.0938,10005.168558
2025-10-18 03:07:24.216,106664.91,0.0938,10005.168558
2025-10-18 03:07:24.315,106664.89,0.0002,21.332978
2025-10-18 03:07:24.319,106663.64,0.01161,1238.3648604
2025-10-18 03:07:24.415,106659.77,0.00015,15.998965499999999
2025-10-18 03:07:24.476,106659.76,0.00357,380.77534319999995
2025-10-18 03:07:24.489,106658.0,0.0003,31.9974
2025-10-18 03:07:24.490,106657.13,0.013,1386.54269
2025-10-18 03:07:24.508,106657.12,0.0009,95.99140799999999
2025-10-18 03:07:24.528,106657.02,0.00525,559.9493550000001
2025-10-18 03:07:24.868,106657.02,0.01406,1499.5977012
2025-10-18 03:07:25.032,106657.01,0.00018,19.1982618
2025-10-18 03:07:25.263,106657.01,0.02222,2369.9187622
2025-10-18 03:07:25.968,106655.64,0.00015,15.998345999999998
2025-10-18 03:07:26.115,106653.04,0.00025,26.663259999999998
2025-10-18 03:07:26.131,106653.02,0.00046,49.0603892
2025-10-18 03:07:26.132,106651.31,0.00015,15.997696499999998
2025-10-18 03:07:26.134,106651.3,0.007,746.5591000000001
2025-10-18 03:07:26.215,106649.1,0.00015,15.997365
2025-10-18 03:07:26.453,106649.09,0.00218,232.4950162
2025-10-18 03:07:26.634,106649.09,0.00084,89.5852356
2025-10-18 03:07:27.434,106649.04,0.00257,274.08803279999995
2025-10-18 03:07:28.243,106649.05,0.00275,293.28488749999997
2025-10-18 03:07:28.251,106649.05,0.0001,10.664905000000001
2025-10-18 03:07:28.527,106649.04,0.00229,244.22630159999997
2025-10-18 03:07:29.068,106649.04,0.00166,177.03740639999998
2025-10-18 03:07:29.568,106648.88,0.00158,168.50523040000002
2025-10-18 03:07:29.569,106648.83,0.00015,15.9973245
2025-10-18 03:07:30.036,106648.83,0.00091,97.0504353
2025-10-18 03:07:30.484,106648.83,0.01069,1140.0759927
2025-10-18 03:07:30.707,106648.82,0.09382,10005.792292400001
2025-10-18 03:07:30.816,106648.83,0.00093,99.18341190000001
2025-10-18 03:07:30.821,106648.82,0.00082,87.45203240000001
2025-10-18 03:07:31.577,106648.82,7e-05,7.4654174
2025-10-18 03:07:31.896,106648.82,0.00091,97.0504262
2025-10-18 03:07:32.315,106648.8,5e-05,5.33244
2025-10-18 03:07:32.714,106648.76,0.00052,55.457355199999995
2025-10-18 03:07:32.815,106648.75,0.00505,538.5761875
2025-10-18 03:07:32.923,106648.74,0.0005,53.32437
2025-10-18 03:07:32.934,106648.73,0.00284,302.8823932
2025-10-18 03:07:33.616,106648.73,0.00301,321.0126773
2025-10-18 03:07:33.976,106648.73,0.0001,10.664873
2025-10-18 03:07:34.017,106648.73,0.09382,10005.7838486
2025-10-18 03:07:34.177,106648.74,0.12592,13429.209340800002
2025-10-18 03:07:34.181,106648.74,0.00868,925.7110632
2025-10-18 03:07:35.068,106648.73,0.09382,10005.7838486
2025-10-18 03:07:35.116,106648.73,0.0051,543.9085230000001
2025-10-18 03:07:35.367,106648.73,0.01029,1097.4154317
2025-10-18 03:07:35.669,106648.73,0.0009,95.983857
2025-10-18 03:07:36.116,106648.51,0.09382,10005.7632082
2025-10-18 03:07:37.095,106648.51,0.09382,10005.7632082
2025-10-18 03:07:37.645,106648.51,0.00526,560.9711626
2025-10-18 03:07:37.882,106648.51,0.03866,4123.031396599999
2025-10-18 03:07:37.920,106648.52,0.00029,30.9280708
2025-10-18 03:07:38.041,106648.52,0.00021,22.396189200000002
2025-10-18 03:07:38.147,106648.52,9e-05,9.5983668
2025-10-18 03:07:38.192,106648.52,0.0011,117.31337200000002
2025-10-18 03:07:38.239,106648.51,0.09382,10005.7632082
2025-10-18 03:07:38.527,106648.52,0.00021,22.396189200000002
2025-10-18 03:07:39.317,106648.51,0.00356,379.6686956
2025-10-18 03:07:40.244,106648.51,0.00016,17.0637616
2025-10-18 03:07:40.416,106648.51,0.00084,89.5847484
2025-10-18 03:07:41.252,106648.51,0.00025,26.6621275
2025-10-18 03:07:41.507,106648.51,0.09382,10005.7632082
2025-10-18 03:07:42.023,106648.51,5e-05,5.3324255
2025-10-18 03:07:42.241,106648.51,0.00017,18.1302467
2025-10-18 03:07:42.496,106648.51,0.09382,10005.7632082
2025-10-18 03:07:42.561,106648.52,0.00047,50.1248044
2025-10-18 03:07:43.587,106648.51,0.09382,10005.7632082
2025-10-18 03:07:43.591,106648.51,0.0063,671.8856129999999
2025-10-18 03:07:44.272,106648.51,0.02544,2713.1380943999998
2025-10-18 03:07:44.524,106648.51,0.09382,10005.7632082
2025-10-18 03:07:45.584,106648.52,0.00081,86.3853012
2025-10-18 03:07:45.616,106648.51,0.09382,10005.7632082
2025-10-18 03:07:46.481,106648.51,0.00257,274.08667069999996
2025-10-18 03:07:46.574,106648.52,0.00058,61.8561416
2025-10-18 03:07:46.607,106648.51,0.09382,10005.7632082
2025-10-18 03:07:47.817,106648.51,0.09382,10005.7632082
2025-10-18 03:07:48.299,106648.52,0.08805,9390.402186000001
2025-10-18 03:07:48.352,106648.52,0.00607,647.3565164
2025-10-18 03:07:48.484,106648.52,0.05061,5397.481597200001
2025-10-18 03:07:48.486,106648.52,0.07179,7656.297250800001
2025-10-18 03:07:48.488,106648.52,0.0994,10600.862888000001
2025-10-18 03:07:48.496,106648.52,0.08752,9333.8784704
2025-10-18 03:07:48.497,106648.52,0.05736,6117.3591072
2025-10-18 03:07:48.498,106648.52,0.04849,5171.3867348
2025-10-18 03:07:48.524,106648.87,0.0001,10.664887
2025-10-18 03:07:48.529,106649.05,0.0047,501.250535
2025-10-18 03:07:48.648,106653.31,0.00455,485.2725605
2025-10-18 03:07:48.715,106655.25,6e-05,6.3993150000000005
2025-10-18 03:07:48.737,106655.43,0.00088,93.8567784
2025-10-18 03:07:48.990,106655.43,0.09381,10005.3458883
2025-10-18 03:07:49.225,106655.43,0.00037,39.4625091
2025-10-18 03:07:49.649,106655.43,0.00143,152.5172649
2025-10-18 03:07:49.732,106655.43,0.00469,500.21396669999996
2025-10-18 03:07:50.005,106655.43,0.00106,113.0547558
2025-10-18 03:07:50.027,106655.43,0.09381,10005.3458883
2025-10-18 03:07:50.064,106655.43,0.03461,3691.3444323
2025-10-18 03:07:51.192,106655.43,0.09381,10005.3458883
2025-10-18 03:07:52.119,106655.44,6e-05,6.3993264000000005
2025-10-18 03:07:52.123,106655.44,9e-05,9.598989600000001
2025-10-18 03:07:52.210,106655.43,0.09381,10005.3458883
2025-10-18 03:07:53.195,106655.44,0.00158,168.5155952
2025-10-18 03:07:53.299,106655.43,0.09381,10005.3458883
2025-10-18 03:07:53.877,106655.43,0.0106,1130.547558
2025-10-18 03:07:54.031,106655.43,0.00105,111.98820149999999
2025-10-18 03:07:54.286,106655.43,0.09381,10005.3458883
2025-10-18 03:07:54.947,106655.43,0.00178,189.84666539999998
2025-10-18 03:07:55.002,106655.44,0.0164,1749.1492160000003
2025-10-18 03:07:55.417,106655.43,0.09381,10005.3458883
2025-10-18 03:07:56.519,106655.43,0.09381,10005.3458883
2025-10-18 03:07:56.545,106655.43,0.002,213.31086
2025-10-18 03:07:57.386,106655.44,0.0001,10.665544
2025-10-18 03:07:57.507,106655.43,0.09381,10005.3458883
2025-10-18 03:07:57.572,106655.44,5e-05,5.332772
2025-10-18 03:07:57.957,106655.44,0.00163,173.84836719999998
2025-10-18 03:07:58.271,106655.44,0.00096,102.38922240000001
2025-10-18 03:07:58.278,106655.44,0.00037,39.4625128
2025-10-18 03:07:58.285,106655.44,0.00023,24.5307512
2025-10-18 03:07:58.301,106655.44,0.00019,20.2645336
2025-10-18 03:07:58.305,106655.44,0.00035,37.329404000000004
2025-10-18 03:07:58.647,106655.43,0.09381,10005.3458883
2025-10-18 03:07:59.731,106655.43,0.09381,10005.3458883
2025-10-18 03:08:00.306,106655.43,2.03556,217103.52709079997
2025-10-18 03:08:00.527,106655.43,0.06195,6607.3038885
2025-10-18 03:08:00.664,106655.43,0.09381,10005.3458883
2025-10-18 03:08:01.184,106655.43,8e-05,8.5324344
2025-10-18 03:08:01.591,106655.44,0.00011,11.7320984
2025-10-18 03:08:01.755,106655.43,0.09381,10005.3458883
2025-10-18 03:08:02.085,106655.43,0.006,639.9325799999999
2025-10-18 03:08:02.664,106655.44,0.00015,15.998315999999999
2025-10-18 03:08:02.847,106655.43,0.09381,10005.3458883
2025-10-18 03:08:03.137,106655.44,0.00044,46.9283936
2025-10-18 03:08:03.235,106655.43,0.00453,483.14909789999996
2025-10-18 03:08:03.762,106655.43,0.00938,1000.4279333999999
2025-10-18 03:08:03.834,106655.43,0.09381,10005.3458883
2025-10-18 03:08:04.822,106655.43,0.09381,10005.3458883
2025-10-18 03:08:05.149,106655.44,0.00113,120.5206472
2025-10-18 03:08:05.787,106655.44,0.00353,376.4937032
2025-10-18 03:08:05.916,106655.43,0.09381,10005.3458883
2025-10-18 03:08:05.999,106655.44,0.00074,78.9250256
2025-10-18 03:08:06.184,106655.44,0.00051,54.39427440000001
2025-10-18 03:08:06.577,106655.43,8e-05,8.5324344
2025-10-18 03:08:06.941,106655.43,0.09381,10005.3458883
2025-10-18 03:08:07.706,106655.44,0.0007,74.65880800000001
2025-10-18 03:08:07.966,106655.44,0.0005,53.32772
2025-10-18 03:08:08.024,106655.43,0.00054,57.5939322
2025-10-18 03:08:08.098,106655.43,0.09381,10005.3458883
2025-10-18 03:08:08.361,106655.44,0.00097,103.45577680000001
2025-10-18 03:08:08.362,106655.44,0.00048,51.194611200000004
2025-10-18 03:08:08.386,106655.44,0.00061,65.0598184
2025-10-18 03:08:08.515,106655.43,0.00067,71.4591381
2025-10-18 03:08:09.217,106655.43,0.09381,10005.3458883
2025-10-18 03:08:09.292,106655.44,0.00116,123.7203104
2025-10-18 03:08:09.869,106655.44,0.027,2879.69688
2025-10-18 03:08:09.876,106655.44,9e-05,9.598989600000001
2025-10-18 03:08:10.326,106655.43,0.09381,10005.3458883
2025-10-18 03:08:10.418,106655.44,0.00011,11.7320984
2025-10-18 03:08:10.526,106655.43,0.06195,6607.3038885
2025-10-18 03:08:10.801,106655.44,0.00059,62.9267096
2025-10-18 03:08:10.930,106661.83,0.00371,395.7153893
2025-10-18 03:08:11.416,106661.82,0.09381,10005.945334200002
2025-10-18 03:08:11.776,106661.82,7e-05,7.4663274
2025-10-18 03:08:12.087,106661.83,0.004,426.64732000000004
2025-10-18 03:08:12.088,106664.01,0.00015,15.999601499999997
2025-10-18 03:08:12.269,106664.01,0.02193,2339.1417393
2025-10-18 03:08:12.455,106664.01,0.0938,10005.084137999998
2025-10-18 03:08:13.575,106664.02,8e-05,8.533121600000001
2025-10-18 03:08:13.617,106664.01,0.0938,10005.084137999998
2025-10-18 03:08:13.668,106664.02,0.009,959.97618
2025-10-18 03:08:14.323,106664.02,0.018,1919.95236
2025-10-18 03:08:14.717,106664.01,0.0938,10005.084137999998
2025-10-18 03:08:15.217,106664.01,0.03312,3532.7120111999993
2025-10-18 03:08:15.332,106664.01,0.00033,35.1991233
2025-10-18 03:08:15.335,106664.02,0.00086,91.7310572
2025-10-18 03:08:15.774,106664.01,0.0938,10005.084137999998
2025-10-18 03:08:16.318,106664.02,0.00015,15.999602999999999
2025-10-18 03:08:16.521,106664.01,0.13472,14369.7754272
2025-10-18 03:08:16.524,106664.02,0.00013,13.8663226
2025-10-18 03:08:16.591,106664.02,0.027,2879.92854
2025-10-18 03:08:16.625,106664.02,7e-05,7.466481399999999
2025-10-18 03:08:16.768,106664.01,0.00218,232.5275418
2025-10-18 03:08:16.863,106664.01,0.0938,10005.084137999998
2025-10-18 03:08:16.900,106664.02,0.00084,89.5977768
2025-10-18 03:08:16.943,106664.02,7e-05,7.466481399999999
2025-10-18 03:08:17.010,106664.02,0.00328,349.8579856
2025-10-18 03:08:17.062,106664.02,8e-05,8.533121600000001
2025-10-18 03:08:17.182,106664.02,0.0001,10.666402000000001
2025-10-18 03:08:17.219,106664.02,0.00057,60.7984914
2025-10-18 03:08:17.438,106664.01,0.00058,61.865125799999994
2025-10-18 03:08:17.510,106664.02,0.00036,38.399047200000005
2025-10-18 03:08:17.524,106664.02,0.00018,19.199523600000003
2025-10-18 03:08:17.582,106664.02,0.00018,19.199523600000003
2025-10-18 03:08:17.810,106664.02,0.0001,10.666402000000001
2025-10-18 03:08:17.847,106664.01,0.0938,10005.084137999998
2025-10-18 03:08:18.162,106664.02,0.00029,30.932565800000003
2025-10-18 03:08:18.197,106664.02,0.003,319.99206000000004
2025-10-18 03:08:18.251,106664.02,0.002,213.32804000000002
2025-10-18 03:08:18.263,106664.02,0.00019,20.2661638
2025-10-18 03:08:18.277,106664.02,5e-05,5.333201000000001
2025-10-18 03:08:18.360,106664.02,0.003,319.99206000000004
2025-10-18 03:08:18.368,106664.02,0.014,1493.29628
2025-10-18 03:08:18.423,106664.02,7e-05,7.466481399999999
2025-10-18 03:08:18.609,106664.02,0.05625,5999.851125
2025-10-18 03:08:18.743,106664.02,0.00024,25.5993648
2025-10-18 03:08:18.747,106664.02,0.0001,10.666402000000001
2025-10-18 03:08:18.785,106664.02,0.0001,10.666402000000001
2025-10-18 03:08:18.917,106664.01,0.0938,10005.084137999998
2025-10-18 03:08:18.989,106664.02,0.005,533.3201
2025-10-18 03:08:19.140,106664.02,0.00021,22.3994442
2025-10-18 03:08:19.840,106664.02,0.00047,50.1320894
2025-10-18 03:08:19.926,106664.01,0.0938,10005.084137999998
2025-10-18 03:08:20.556,106664.01,0.06195,6607.835419499999
2025-10-18 03:08:20.595,106664.02,0.00187,199.4617174
2025-10-18 03:08:20.970,106664.01,0.00103,109.8639303
2025-10-18 03:08:21.019,106664.01,0.0938,10005.084137999998
2025-10-18 03:08:21.033,106664.02,0.00019,20.2661638
2025-10-18 03:08:21.070,106664.02,0.00122,130.1301044
2025-10-18 03:08:21.192,106664.02,0.0001,10.666402000000001
2025-10-18 03:08:21.741,106664.01,0.03318,3539.1118518
2025-10-18 03:08:22.016,106664.01,0.0938,10005.084137999998
2025-10-18 03:08:22.430,106664.02,0.00093,99.19753860000002
2025-10-18 03:08:23.041,106664.01,0.05905,6298.509790499999
2025-10-18 03:08:23.374,106664.02,0.00012,12.7996824
2025-10-18 03:08:23.471,106664.02,0.0007,74.664814
2025-10-18 03:08:23.551,106664.02,5e-05,5.333201000000001
2025-10-18 03:08:23.809,106664.01,8e-05,8.5331208
2025-10-18 03:08:24.064,106664.02,0.00046,49.0654492
2025-10-18 03:08:24.141,106666.92,0.00631,673.0682651999999
2025-10-18 03:08:24.215,106670.41,0.00562,599.4877042
2025-10-18 03:08:24.298,106673.33,0.00078,83.2051974
2025-10-18 03:08:24.354,106673.33,0.00046,49.0697318
2025-10-18 03:08:25.538,106673.33,0.00281,299.7520573
2025-10-18 03:08:25.606,106673.33,0.00281,299.7520573
2025-10-18 03:08:25.874,106673.33,0.00519,553.6345827
2025-10-18 03:08:26.172,106676.61,0.00012,12.8011932
2025-10-18 03:08:27.014,106676.62,0.00159,169.6158258
2025-10-18 03:08:27.210,106676.62,0.00025,26.669155
2025-10-18 03:08:27.992,106676.61,0.00056,59.7389016
2025-10-18 03:08:28.532,106676.62,0.00046,49.0712452
2025-10-18 03:08:28.575,106676.62,7e-05,7.467363399999999
2025-10-18 03:08:28.940,106676.62,0.00281,299.7613022
2025-10-18 03:08:29.024,106676.62,0.00141,150.4140342
2025-10-18 03:08:29.234,106676.62,0.00413,440.5744406
2025-10-18 03:08:29.243,106676.64,0.0003,32.002992
2025-10-18 03:08:29.407,106678.0,0.00012,12.80136
2025-10-18 03:08:29.415,106683.98,0.00015,16.002596999999998
2025-10-18 03:08:29.418,106687.33,6e-05,6.4012398
2025-10-18 03:08:29.461,106687.33,0.00011,11.7356063
2025-10-18 03:08:29.587,106687.32,0.00554,591.0477528
2025-10-18 03:08:29.597,106687.32,0.00554,591.0477528
2025-10-18 03:08:29.813,106687.33,0.00051,54.410538300000006
2025-10-18 03:08:30.159,106687.33,0.00231,246.4477323
2025-10-18 03:08:30.254,106687.33,0.00011,11.7356063
2025-10-18 03:08:30.515,106692.62,0.00149,158.97200379999998
2025-10-18 03:08:30.685,106692.82,6e-05,6.401569200000001
2025-10-18 03:08:31.181,106692.82,0.00018,19.204707600000003
2025-10-18 03:08:31.783,106692.81,0.00785,837.5385584999999
2025-10-18 03:08:32.854,106692.82,6e-05,6.401569200000001
2025-10-18 03:08:32.898,106692.82,0.00021,22.4054922
2025-10-18 03:08:32.994,106692.81,0.00012,12.8031372
2025-10-18 03:08:33.126,106692.82,0.00028,29.873989599999998
2025-10-18 03:08:34.520,106692.82,0.00029,30.9409178
2025-10-18 03:08:34.582,106692.82,0.00066,70.4172612
2025-10-18 03:08:35.123,106692.81,0.00215,229.3895415
2025-10-18 03:08:35.543,106692.81,8e-05,8.535424800000001
2025-10-18 03:08:35.948,106692.82,0.00048,51.21255360000001
2025-10-18 03:08:36.351,106692.81,0.00026,27.740130599999997
2025-10-18 03:08:38.143,106692.81,0.00047,50.145620699999995
2025-10-18 03:08:38.220,106692.82,0.05623,5999.3372686
2025-10-18 03:08:38.861,106692.82,0.00086,91.7558252
2025-10-18 03:08:38.992,106692.82,0.09372,9999.251090400001
2025-10-18 03:08:39.375,106692.81,0.00012,12.8031372
2025-10-18 03:08:39.564,106692.81,0.00079,84.2873199
2025-10-18 03:08:39.607,106692.81,0.00522,556.9364681999999
2025-10-18 03:08:40.236,106692.82,4e-05,4.267712800000001
2025-10-18 03:08:40.945,106692.82,6e-05,6.401569200000001
2025-10-18 03:08:41.576,106692.81,8e-05,8.535424800000001
2025-10-18 03:08:41.796,106692.82,0.00065,69.350333
2025-10-18 03:08:41.996,106692.81,0.02834,3023.6742354
2025-10-18 03:08:43.238,106692.82,0.01091,1164.0186662
2025-10-18 03:08:43.423,106692.81,8e-05,8.535424800000001
2025-10-18 03:08:44.093,106692.82,0.00013,13.8700666
2025-10-18 03:08:45.159,106692.82,0.00023,24.539348600000004
2025-10-18 03:08:45.354,106692.82,0.00529,564.4050178000001
2025-10-18 03:08:45.813,106692.82,0.0001,10.669282
2025-10-18 03:08:47.052,106695.46,0.01918,2046.4189228
2025-10-18 03:08:47.205,106698.76,0.00047,50.1484172
2025-10-18 03:08:47.592,106698.75,0.00865,922.9441875
2025-10-18 03:08:48.051,106698.75,0.00019,20.272762500000002
2025-10-18 03:08:49.810,106698.76,0.00098,104.5647848
2025-10-18 03:08:50.026,106698.75,0.0001,10.669875000000001
2025-10-18 03:08:50.118,106698.76,0.00239,255.01003640000002
2025-10-18 03:08:50.973,106698.76,5.0,533493.7999999999
2025-10-18 03:08:51.126,106698.76,0.0053,565.503428
2025-10-18 03:08:51.129,106700.0,0.00029,30.943
2025-10-18 03:08:51.482,106699.99,0.00227,242.2089773
2025-10-18 03:08:51.756,106700.0,0.00012,12.804
2025-10-18 03:08:52.782,106699.99,0.00028,29.8759972
2025-10-18 03:08:53.127,106700.0,0.00338,360.646
2025-10-18 03:08:53.183,106700.75,0.00105,112.0357875
2025-10-18 03:08:53.199,106703.53,0.01447,1544.0000791
2025-10-18 03:08:53.515,106711.23,0.00015,16.0066845
2025-10-18 03:08:53.518,106711.24,6e-05,6.4026744
2025-10-18 03:08:53.566,106711.24,0.00704,751.2471296000001
2025-10-18 03:08:53.902,106721.15,0.3825,40820.839875
2025-10-18 03:08:54.102,106729.11,0.0002,21.345822000000002
2025-10-18 03:08:54.237,106729.12,0.01861,1986.2289232
2025-10-18 03:08:54.482,106729.11,0.00017,18.143948700000003
2025-10-18 03:08:55.337,106729.11,0.00051,54.4318461
2025-10-18 03:08:55.573,106729.12,0.0049,522.972688
2025-10-18 03:08:57.052,106729.12,0.0053,565.6643359999999
2025-10-18 03:08:57.383,106729.11,0.00043,45.8935173
2025-10-18 03:08:58.250,106729.12,0.00022,23.4804064
2025-10-18 03:09:00.064,106729.11,0.00012,12.8074932
2025-10-18 03:09:00.327,106729.12,0.00222,236.9386464
2025-10-18 03:09:00.407,106729.11,0.03992,4260.626071199999
2025-10-18 03:09:00.419,106729.11,0.01817,1939.2679286999999
2025-10-18 03:09:00.670,106729.11,0.00143,152.6226273
2025-10-18 03:09:00.945,106729.12,0.00212,226.26573439999999
2025-10-18 03:09:02.223,106729.12,0.00531,566.7316271999999
2025-10-18 03:09:02.249,106729.12,0.03082,3289.3914784
2025-10-18 03:09:02.515,106733.83,0.00015,16.010074499999998
2025-10-18 03:09:03.194,106736.0,0.0028,298.8608
2025-10-18 03:09:03.259,106743.0,6e-05,6.40458
2025-10-18 03:09:03.316,106744.05,0.00661,705.5781705
2025-10-18 03:09:03.469,106744.2,0.008,853.9536
2025-10-18 03:09:03.736,106744.19,0.00015,16.0116285
2025-10-18 03:09:03.894,106744.2,0.0006,64.04651999999999
2025-10-18 03:09:03.926,106744.19,0.00512,546.5302528000001
2025-10-18 03:09:04.348,106744.19,0.00308,328.7721052
2025-10-18 03:09:04.350,106744.2,0.0001,10.67442
2025-10-18 03:09:04.575,106744.2,0.25814,27554.947787999998
2025-10-18 03:09:04.940,106744.19,0.00026,27.7534894
2025-10-18 03:09:05.034,106744.2,0.00034,36.293028
2025-10-18 03:09:05.091,106744.2,0.00075,80.05815
2025-10-18 03:09:05.153,106744.2,0.26277,28049.173434
2025-10-18 03:09:05.155,106746.0,0.0029,309.5634
2025-10-18 03:09:05.163,106746.98,0.01935,2065.554063
2025-10-18 03:09:05.220,106746.98,0.00121,129.1638458
2025-10-18 03:09:05.229,106749.02,0.0001,10.674902000000001
2025-10-18 03:09:05.237,106749.02,0.00154,164.3934908
2025-10-18 03:09:05.590,106749.5,0.00011,11.742445
2025-10-18 03:09:05.739,106749.49,0.00104,111.0194696
2025-10-18 03:09:06.056,106749.5,0.0016,170.7992
2025-10-18 03:09:06.058,106750.0,0.04822,5147.485
2025-10-18 03:09:06.061,106750.71,0.02333,2490.4940643
2025-10-18 03:09:06.159,106750.7,0.00327,349.07478899999995
2025-10-18 03:09:06.383,106750.71,7e-05,7.4725497
2025-10-18 03:09:06.384,106750.7,0.03989,4258.285423
2025-10-18 03:09:06.576,106750.7,6e-05,6.405042
2025-10-18 03:09:06.888,106750.71,0.00025,26.687677500000003
2025-10-18 03:09:06.901,106750.71,0.00377,402.45017670000004
2025-10-18 03:09:07.152,106750.7,0.00157,167.598599
2025-10-18 03:09:08.582,106750.71,0.01625,1734.6990375000003
2025-10-18 03:09:08.585,106750.71,0.02824,3014.6400504000003
2025-10-18 03:09:08.696,106750.73,0.00021,22.4176533
2025-10-18 03:09:08.713,106750.73,0.00042,44.8353066
2025-10-18 03:09:08.715,106750.73,0.00037,39.4977701
2025-10-18 03:09:08.720,106750.74,0.00025,26.687685000000002
2025-10-18 03:09:08.737,106750.74,0.00044,46.9703256
2025-10-18 03:09:08.928,106750.74,9e-05,9.607566600000002
2025-10-18 03:09:09.291,106750.75,0.00019,20.2826425
2025-10-18 03:09:09.548,106750.75,0.00115,122.7633625
2025-10-18 03:09:09.566,106750.74,0.00109,116.3583066
2025-10-18 03:09:09.627,106751.28,0.00011,11.7426408
2025-10-18 03:09:09.679,106751.28,9e-05,9.6076152
2025-10-18 03:09:10.439,106751.28,0.00012,12.8101536
2025-10-18 03:09:10.720,106751.27,0.00117,124.89898590000001
2025-10-18 03:09:11.006,106751.28,0.00025,26.68782
2025-10-18 03:09:11.156,106751.28,0.00686,732.3137808
2025-10-18 03:09:11.302,106751.28,0.00025,26.68782
2025-10-18 03:09:11.833,106751.27,0.0008,85.40101600000001
2025-10-18 03:09:11.862,106751.28,0.00199,212.43504719999999
2025-10-18 03:09:12.981,106751.27,0.00012,12.810152400000002
2025-10-18 03:09:13.109,106751.27,0.00093,99.27868110000001
2025-10-18 03:09:13.419,106751.27,0.00064,68.32081280000001
2025-10-18 03:09:13.489,106751.27,0.00064,68.32081280000001
2025-10-18 03:09:13.496,106751.27,0.00064,68.32081280000001
2025-10-18 03:09:13.499,106751.27,0.01083,1156.1162540999999
2025-10-18 03:09:13.500,106751.27,0.00167,178.2746209
2025-10-18 03:09:13.503,106751.27,0.00064,68.32081280000001
2025-10-18 03:09:13.510,106751.27,0.00064,68.32081280000001
2025-10-18 03:09:13.514,106751.27,0.00154,164.3969558
2025-10-18 03:09:13.516,106751.27,0.00154,164.3969558
2025-10-18 03:09:13.517,106751.27,0.00064,68.32081280000001
2025-10-18 03:09:13.518,106751.27,0.00154,164.3969558
2025-10-18 03:09:13.588,106751.28,0.00012,12.8101536
2025-10-18 03:09:13.696,106751.28,5e-05,5.337564
2025-10-18 03:09:13.710,106751.27,0.00078,83.2659906
2025-10-18 03:09:13.719,106751.27,0.00028,29.8903556
2025-10-18 03:09:14.359,106751.28,0.00503,536.9589384
2025-10-18 03:09:14.366,106751.28,0.00563,601.0097063999999
2025-10-18 03:09:15.279,106751.27,0.00124,132.37157480000002
2025-10-18 03:09:15.620,106751.28,0.00095,101.413716
2025-10-18 03:09:15.859,106751.27,0.00011,11.742639700000002
2025-10-18 03:09:16.179,106751.28,0.00049,52.3081272
2025-10-18 03:09:16.328,106751.28,0.00012,12.8101536
2025-10-18 03:09:17.031,106751.28,5e-05,5.337564
2025-10-18 03:09:17.382,106751.28,0.0001,10.675128
2025-10-18 03:09:17.648,106751.28,7e-05,7.472589599999999
2025-10-18 03:09:17.846,106751.28,0.0562,5999.421936
2025-10-18 03:09:17.975,106751.28,0.00036,38.4304608
2025-10-18 03:09:18.687,106751.27,0.00012,12.810152400000002
2025-10-18 03:09:18.718,106751.28,0.00086,91.8061008
2025-10-18 03:09:18.722,106751.28,0.00054,57.6456912
2025-10-18 03:09:18.734,106751.28,0.00092,98.2111776
2025-10-18 03:09:19.107,106751.27,0.09372,10004.7290244
2025-10-18 03:09:19.438,106751.28,0.00025,26.68782
2025-10-18 03:09:19.780,106751.28,0.02809,2998.6434552
2025-10-18 03:09:20.073,106751.27,0.00553,590.3345231000001
2025-10-18 03:09:20.198,106751.27,0.09372,10004.7290244
2025-10-18 03:09:20.419,106751.28,0.02722,2905.7698416000003
2025-10-18 03:09:21.217,106751.27,0.09372,10004.7290244
2025-10-18 03:09:21.569,106751.28,0.39058,41694.9149424
2025-10-18 03:09:22.165,106751.28,0.00012,12.8101536
2025-10-18 03:09:22.183,106751.28,0.00122,130.2365616
2025-10-18 03:09:22.216,106751.27,0.09372,10004.7290244
2025-10-18 03:09:23.170,106751.28,0.09374,10006.8649872
2025-10-18 03:09:23.316,106751.27,0.09372,10004.7290244
2025-10-18 03:09:24.082,106751.27,0.0002,21.350254000000003
2025-10-18 03:09:24.112,106751.28,0.00055,58.713204000000005
2025-10-18 03:09:24.516,106751.27,0.09372,10004.7290244
2025-10-18 03:09:24.836,106751.27,0.38565,41168.6272755
2025-10-18 03:09:25.283,106751.28,0.00239,255.13555920000002
2025-10-18 03:09:25.385,106751.27,0.013,1387.76651
2025-10-18 03:09:25.387,106751.27,0.013,1387.76651
2025-10-18 03:09:25.457,106751.27,5e-05,5.337563500000001
2025-10-18 03:09:25.546,106751.27,0.09373,10005.7965371
2025-10-18 03:09:25.578,106751.28,0.00047,50.173101599999995
2025-10-18 03:09:26.262,106751.28,0.00051,54.4431528
2025-10-18 03:09:26.616,106751.27,0.09373,10005.7965371
2025-10-18 03:09:26.930,106751.27,0.013,1387.76651
2025-10-18 03:09:26.990,106751.27,0.013,1387.76651
2025-10-18 03:09:26.991,106751.27,0.013,1387.76651
2025-10-18 03:09:27.760,106751.27,0.09373,10005.7965371
2025-10-18 03:09:28.218,106751.27,0.00019,20.2827413
2025-10-18 03:09:28.694,106751.27,0.09373,10005.7965371
2025-10-18 03:09:28.924,106751.28,0.00011,11.7426408
2025-10-18 03:09:28.950,106751.28,8e-05,8.5401024
2025-10-18 03:09:29.671,106751.27,0.00012,12.810152400000002
2025-10-18 03:09:29.817,106751.27,0.09373,10005.7965371
2025-10-18 03:09:30.771,106751.27,0.0321,3426.7157669999997
2025-10-18 03:09:30.981,106751.27,0.09373,10005.7965371
2025-10-18 03:09:31.099,106751.27,0.3045,32505.761715
2025-10-18 03:09:31.101,106751.27,0.013,1387.76651
2025-10-18 03:09:31.103,106751.27,0.013,1387.76651
2025-10-18 03:09:31.216,106751.27,0.03699,3948.7294773000003
2025-10-18 03:09:32.017,106751.27,0.09373,10005.7965371
2025-10-18 03:09:32.181,106751.28,0.00014,14.945179199999998
2025-10-18 03:09:33.016,106751.27,0.09373,10005.7965371
2025-10-18 03:09:33.268,106750.99,0.0001,10.675099000000001
2025-10-18 03:09:33.270,106750.69,0.0001,10.675069
2025-10-18 03:09:33.274,106748.45,0.0016,170.79752
2025-10-18 03:09:33.280,106744.87,0.00509,543.3313883
2025-10-18 03:09:33.281,106744.87,0.00058,61.912024599999995
2025-10-18 03:09:33.284,106744.17,0.00357,381.07668689999997
2025-10-18 03:09:33.848,106744.18,0.00422,450.4604396
2025-10-18 03:09:34.017,106744.17,0.09374,10006.1984958
2025-10-18 03:09:34.247,106743.99,0.0002,21.348798000000002
2025-10-18 03:09:34.250,106742.91,0.00015,16.0114365
2025-10-18 03:09:34.255,106740.92,0.0001,10.674092
2025-10-18 03:09:34.263,106738.13,5e-05,5.3369065
2025-10-18 03:09:34.268,106738.07,0.01049,1119.6823543
2025-10-18 03:09:34.269,106737.19,0.00857,914.7377183
2025-10-18 03:09:34.271,106737.19,0.00018,19.2126942
2025-10-18 03:09:34.301,106737.19,0.00013,13.875834699999999
2025-10-18 03:09:34.315,106729.16,0.0001,10.672916
2025-10-18 03:09:34.984,106729.15,0.013,1387.47895
2025-10-18 03:09:35.019,106729.15,0.09374,10004.790520999999
2025-10-18 03:09:35.216,106729.16,0.00093,99.2581188
2025-10-18 03:09:35.263,106729.15,0.013,1387.47895
2025-10-18 03:09:35.265,106729.15,0.013,1387.47895
2025-10-18 03:09:35.268,106729.15,0.013,1387.47895
2025-10-18 03:09:35.287,106729.16,0.0001,10.672916
2025-10-18 03:09:35.288,106729.16,0.00187,199.5835292
2025-10-18 03:09:35.316,106722.26,0.00015,16.008339
2025-10-18 03:09:35.340,106722.23,0.001,106.72223
2025-10-18 03:09:35.997,106722.22,0.09375,10005.208125000001
2025-10-18 03:09:36.225,106722.22,0.013,1387.38886
2025-10-18 03:09:36.226,106722.22,0.013,1387.38886
2025-10-18 03:09:36.227,106722.22,0.013,1387.38886
2025-10-18 03:09:36.368,106722.22,0.013,1387.38886
2025-10-18 03:09:36.583,106722.22,0.00011,11.739444200000001
2025-10-18 03:09:36.986,106722.22,0.09375,10005.208125000001
2025-10-18 03:09:36.988,106722.23,0.00015,16.008334499999997
2025-10-18 03:09:37.505,106722.22,0.05,5336.111000000001
2025-10-18 03:09:37.764,106722.22,0.00124,132.3355528
2025-10-18 03:09:38.016,106722.22,0.09375,10005.208125000001
2025-10-18 03:09:38.792,106722.22,0.00012,12.806666400000001
2025-10-18 03:09:39.007,106722.22,0.09375,10005.208125000001
2025-10-18 03:09:40.116,106722.22,0.09375,10005.208125000001
2025-10-18 03:09:40.639,106722.23,0.00106,113.1255638
2025-10-18 03:09:40.704,106722.22,0.00938,1001.0544236
2025-10-18 03:09:40.859,106722.23,0.00128,136.6044544
2025-10-18 03:09:41.189,106722.23,0.00464,495.1911472
2025-10-18 03:09:41.191,106722.22,0.00387,413.01499140000004
2025-10-18 03:09:41.290,106722.22,0.09375,10005.208125000001
2025-10-18 03:09:41.300,106722.2,0.0002,21.34444
2025-10-18 03:09:41.305,106721.8,0.00164,175.023752
2025-10-18 03:09:41.307,106720.0,0.013,1387.36
2025-10-18 03:09:41.308,106720.0,0.013,1387.36
2025-10-18 03:09:41.414,106720.0,0.00226,241.1872
2025-10-18 03:09:41.416,106719.83,0.0002,21.343966
2025-10-18 03:09:41.561,106717.85,9e-05,9.604606500000001
2025-10-18 03:09:42.271,106717.84,0.09376,10005.8646784
2025-10-18 03:09:43.309,106717.84,0.09376,10005.8646784
2025-10-18 03:09:43.415,106717.84,0.00269,287.0709896
2025-10-18 03:09:43.487,106715.96,0.01472,1570.8589312000001
2025-10-18 03:09:43.950,106715.97,0.00014,14.940235799999998
2025-10-18 03:09:44.249,106715.97,0.00163,173.9470311
2025-10-18 03:09:44.392,106715.96,0.09376,10005.6884096
2025-10-18 03:09:45.323,106715.96,0.09376,10005.6884096
2025-10-18 03:09:45.432,106715.97,7e-05,7.470117899999999
2025-10-18 03:09:45.439,106715.97,0.0001,10.671597
2025-10-18 03:09:45.449,106715.97,0.00044,46.9550268
2025-10-18 03:09:45.482,106715.97,0.00599,639.2286603
2025-10-18 03:09:46.032,106715.97,0.00025,26.6789925
2025-10-18 03:09:46.094,106715.96,0.01874,1999.8570904
2025-10-18 03:09:46.224,106715.96,0.00102,108.85027920000002
2025-10-18 03:09:46.317,106715.96,0.09376,10005.6884096
2025-10-18 03:09:46.770,106715.97,0.0026,277.461522
2025-10-18 03:09:47.081,106715.96,0.00022,23.477511200000002
2025-10-18 03:09:47.316,106715.96,0.09376,10005.6884096
2025-10-18 03:09:47.712,106715.97,0.00024,25.611832800000002
2025-10-18 03:09:48.206,106715.97,0.00021,22.4103537
2025-10-18 03:09:48.317,106715.96,0.09376,10005.6884096
2025-10-18 03:09:48.679,106715.96,0.013,1387.30748
2025-10-18 03:09:48.681,106715.96,0.013,1387.30748
2025-10-18 03:09:49.142,106715.97,0.00182,194.2230654
2025-10-18 03:09:49.376,106715.96,0.09376,10005.6884096
2025-10-18 03:09:50.317,106715.96,0.09376,10005.6884096
2025-10-18 03:09:51.346,106715.96,0.09376,10005.6884096
2025-10-18 03:09:52.282,106715.96,0.09376,10005.6884096
2025-10-18 03:09:52.736,106715.97,0.03304,3525.8956488
2025-10-18 03:09:53.298,106715.96,0.013,1387.30748
2025-10-18 03:09:53.375,106715.96,0.09376,10005.6884096
2025-10-18 03:09:53.388,106715.96,0.013,1387.30748
2025-10-18 03:09:53.456,106715.97,0.00936,998.8614792000001
2025-10-18 03:09:54.230,106715.96,0.013,1387.30748
2025-10-18 03:09:54.428,106715.97,0.00154,164.3425938
2025-10-18 03:09:54.602,106715.96,0.09376,10005.6884096
2025-10-18 03:09:54.724,106715.97,0.00095,101.3801715
2025-10-18 03:09:55.130,106715.97,0.00046,49.0893462
2025-10-18 03:09:55.656,106715.97,0.00029,30.9476313
2025-10-18 03:09:55.715,106715.96,0.09376,10005.6884096
2025-10-18 03:09:55.862,106715.96,0.0007,74.701172
2025-10-18 03:09:56.182,106715.96,0.01863,1988.1183348000002
2025-10-18 03:09:56.212,106715.96,0.00179,191.0215684
2025-10-18 03:09:56.345,106715.97,0.00283,302.0061951
2025-10-18 03:09:56.717,106715.96,0.09376,10005.6884096
2025-10-18 03:09:57.028,106715.96,0.00524,559.1916304
2025-10-18 03:09:57.800,106715.96,0.09376,10005.6884096
2025-10-18 03:09:58.312,106715.96,0.00032,34.1491072
2025-10-18 03:09:58.318,106715.96,0.00112,119.5218752
2025-10-18 03:09:58.839,106715.96,0.09376,10005.6884096
2025-10-18 03:09:58.840,106715.97,0.00093,99.24585210000001
2025-10-18 03:09:59.301,106715.97,0.00047,50.1565059
2025-10-18 03:09:59.338,106715.96,0.00112,119.5218752
2025-10-18 03:09:59.816,106715.96,0.09376,10005.6884096
2025-10-18 03:10:00.063,106715.96,0.00378,403.3863288
2025-10-18 03:10:00.513,106715.97,0.0001,10.671597
2025-10-18 03:10:00.916,106715.96,0.09376,10005.6884096
2025-10-18 03:10:02.103,106715.96,0.09376,10005.6884096
2025-10-18 03:10:03.195,106715.96,0.09376,10005.6884096
2025-10-18 03:10:03.710,106715.96,0.00023,24.544670800000002
2025-10-18 03:10:03.876,106715.96,0.0003,32.014787999999996
2025-10-18 03:10:04.285,106715.96,0.09376,10005.6884096
2025-10-18 03:10:04.355,106715.96,0.00019,20.276032400000002
2025-10-18 03:10:04.599,106715.96,0.00535,570.930386
2025-10-18 03:10:05.262,106715.97,0.00017,18.1417149
2025-10-18 03:10:05.536,106715.96,0.09376,10005.6884096
2025-10-18 03:10:05.877,106715.97,0.00026,27.746152199999997
2025-10-18 03:10:06.218,106715.97,0.00227,242.2452519
2025-10-18 03:10:06.832,106715.96,0.09376,10005.6884096
2025-10-18 03:10:07.548,106715.96,0.0002,21.343192000000002
2025-10-18 03:10:07.916,106715.96,0.09376,10005.6884096
2025-10-18 03:10:07.970,106715.97,0.027,2881.33119
2025-10-18 03:10:08.275,106715.97,0.00046,49.0893462
2025-10-18 03:10:08.909,106715.96,0.09376,10005.6884096
2025-10-18 03:10:08.933,106715.97,0.00141,150.4695177
2025-10-18 03:10:09.238,106715.97,0.01215,1296.5990355
2025-10-18 03:10:09.346,106715.97,0.00013,13.873076099999999
2025-10-18 03:10:09.397,106715.97,0.0001,10.671597
2025-10-18 03:10:09.917,106715.96,0.09376,10005.6884096
2025-10-18 03:10:10.695,106715.97,0.00262,279.5958414
2025-10-18 03:10:10.987,106715.96,0.09376,10005.6884096
2025-10-18 03:10:11.424,106715.97,0.0001,10.671597
2025-10-18 03:10:12.073,106715.96,0.09376,10005.6884096
2025-10-18 03:10:12.841,106715.96,0.01661,1772.5520956
2025-10-18 03:10:13.106,106715.96,0.09376,10005.6884096
2025-10-18 03:10:14.199,106715.96,0.09376,10005.6884096
2025-10-18 03:10:15.316,106715.96,0.09376,10005.6884096
2025-10-18 03:10:16.214,106715.97,0.00095,101.3801715
2025-10-18 03:10:16.377,106715.96,0.09376,10005.6884096
2025-10-18 03:10:16.575,106715.96,9e-05,9.6044364
2025-10-18 03:10:17.446,106715.96,0.09376,10005.6884096
2025-10-18 03:10:17.532,106715.97,0.00038,40.552068600000005
2025-10-18 03:10:18.417,106715.96,0.09376,10005.6884096
2025-10-18 03:10:19.417,106715.96,0.09376,10005.6884096
2025-10-18 03:10:20.417,106715.96,0.09376,10005.6884096
2025-10-18 03:10:20.426,106715.97,5e-05,5.3357985
2025-10-18 03:10:20.432,106715.97,0.00124,132.3278028
2025-10-18 03:10:20.896,106715.97,0.01037,1106.6446089
2025-10-18 03:10:20.981,106715.97,0.02214,2362.6915758
2025-10-18 03:10:21.461,106715.96,0.09376,10005.6884096
2025-10-18 03:10:21.554,106715.96,0.0106,1131.189176
2025-10-18 03:10:21.683,106715.97,0.0054,576.266238
2025-10-18 03:10:22.616,106715.96,0.09376,10005.6884096
2025-10-18 03:10:23.358,106715.96,0.00026,27.7461496
2025-10-18 03:10:23.658,106715.96,0.09376,10005.6884096
2025-10-18 03:10:23.837,106715.96,0.00469,500.4978524
2025-10-18 03:10:24.169,106715.97,0.027,2881.33119
2025-10-18 03:10:24.262,106715.97,0.00205,218.7677385
2025-10-18 03:10:24.280,106715.97,0.00226,241.17809219999998
2025-10-18 03:10:24.504,106715.96,0.00468,499.43069280000003
2025-10-18 03:10:24.693,106715.96,0.09376,10005.6884096
2025-10-18 03:10:24.923,106715.96,0.00223,237.97659080000003
2025-10-18 03:10:25.883,106715.96,0.09376,10005.6884096
2025-10-18 03:10:26.605,106715.96,0.00018,19.2088728
2025-10-18 03:10:26.815,106715.96,0.09376,10005.6884096
2025-10-18 03:10:27.210,106715.97,0.00038,40.552068600000005
2025-10-18 03:10:27.222,106715.97,0.0001,10.671597
2025-10-18 03:10:27.243,106715.97,0.00053,56.5594641
2025-10-18 03:10:27.293,106715.97,8e-05,8.537277600000001
2025-10-18 03:10:27.433,106715.97,0.0001,10.671597
2025-10-18 03:10:27.524,106715.97,0.00094,100.3130118
2025-10-18 03:10:27.666,106715.97,0.00092,98.1786924
2025-10-18 03:10:27.906,106715.96,0.09376,10005.6884096
2025-10-18 03:10:27.938,106715.97,0.0001,10.671597
2025-10-18 03:10:28.033,106715.97,0.0001,10.671597
2025-10-18 03:10:28.043,106715.97,0.00019,20.276034300000003
2025-10-18 03:10:28.948,106715.97,0.0001,10.671597
2025-10-18 03:10:29.016,106715.96,0.09376,10005.6884096
2025-10-18 03:10:29.232,106715.97,0.00029,30.9476313
2025-10-18 03:10:29.385,106715.97,0.00057,60.8281029
2025-10-18 03:10:29.893,106715.97,0.00061,65.0967417
2025-10-18 03:10:29.986,106715.96,0.09376,10005.6884096
2025-10-18 03:10:30.975,106715.96,0.09376,10005.6884096
2025-10-18 03:10:31.239,106715.97,0.00022,23.4775134
2025-10-18 03:10:32.008,106715.96,0.09376,10005.6884096
2025-10-18 03:10:32.777,106715.96,0.00175,186.75293000000002
2025-10-18 03:10:32.906,106715.97,0.06555,6995.2318335
2025-10-18 03:10:33.012,106715.97,0.0003,32.014790999999995
2025-10-18 03:10:33.047,106715.96,0.09376,10005.6884096
2025-10-18 03:10:33.076,106715.97,0.00015,16.007395499999998
2025-10-18 03:10:33.290,106715.97,0.00041,43.7535477
2025-10-18 03:10:33.381,106715.97,0.0001,10.671597
2025-10-18 03:10:33.937,106715.97,0.00012,12.805916400000001
2025-10-18 03:10:34.116,106715.96,0.09376,10005.6884096
2025-10-18 03:10:34.764,106715.97,0.36494,38944.9260918
2025-10-18 03:10:35.217,106715.96,0.09376,10005.6884096
2025-10-18 03:10:35.292,106715.96,0.0005,53.357980000000005
2025-10-18 03:10:35.364,106715.96,0.00363,387.3789348
2025-10-18 03:10:35.733,106715.97,0.00011,11.7387567
2025-10-18 03:10:36.078,106715.96,7e-05,7.4701172
2025-10-18 03:10:36.317,106715.96,0.09376,10005.6884096
2025-10-18 03:10:36.500,106715.97,0.06072,6479.793698400001
2025-10-18 03:10:37.366,106715.96,0.0006,64.02957599999999
2025-10-18 03:10:37.516,106715.96,0.09376,10005.6884096
2025-10-18 03:10:37.565,106715.97,0.02312,2467.2732264
2025-10-18 03:10:38.496,106715.97,0.00082,87.5070954
2025-10-18 03:10:38.516,106715.96,0.09376,10005.6884096
2025-10-18 03:10:39.486,106715.96,0.09376,10005.6884096
2025-10-18 03:10:40.318,106715.96,0.00055,58.69377800000001
2025-10-18 03:10:40.524,106715.96,0.09376,10005.6884096
2025-10-18 03:10:40.902,106715.97,0.00057,60.8281029
2025-10-18 03:10:40.998,106715.97,0.03499,3733.9917903
2025-10-18 03:10:41.197,106715.97,0.00234,249.71536980000002
2025-10-18 03:10:41.517,106715.96,0.09376,10005.6884096
2025-10-18 03:10:41.864,106715.96,0.013,1387.30748
2025-10-18 03:10:41.866,106715.96,0.013,1387.30748
2025-10-18 03:10:41.976,106715.97,0.00024,25.611832800000002
2025-10-18 03:10:42.108,106715.96,0.38985,41603.217006
2025-10-18 03:10:42.113,106715.96,0.39519,42173.0802324
2025-10-18 03:10:42.115,106715.96,0.1046,11162.489416
2025-10-18 03:10:42.116,106715.96,0.09376,10005.6884096
2025-10-18 03:10:42.117,106715.96,0.25462,27172.017735200003
2025-10-18 03:10:42.118,106715.96,0.0775,8270.4869
2025-10-18 03:10:42.119,106715.96,0.00269,287.0659324
2025-10-18 03:10:42.120,106715.96,0.2883,30766.211268000003
2025-10-18 03:10:42.121,106715.96,0.00354,377.7744984
2025-10-18 03:10:42.122,106715.64,0.00129,137.6631756
2025-10-18 03:10:42.123,106715.64,0.00155,165.409242
2025-10-18 03:10:42.124,106714.48,0.00281,299.8676888
2025-10-18 03:10:42.125,106714.48,0.0002,21.342896
2025-10-18 03:10:42.127,106713.14,0.00096,102.4446144
2025-10-18 03:10:42.128,106713.14,0.00025,26.678285
2025-10-18 03:10:42.130,106713.14,0.00035,37.349599
2025-10-18 03:10:42.317,106711.7,0.0053,565.57201
2025-10-18 03:10:42.415,106711.69,0.0022,234.76571800000002
2025-10-18 03:10:42.526,106711.68,0.00215,229.43011199999998
2025-10-18 03:10:42.615,106711.67,0.0021,224.094507
2025-10-18 03:10:42.647,106711.66,0.00185,197.416571
2025-10-18 03:10:42.754,106709.64,0.00015,16.006445999999997
2025-10-18 03:10:43.229,106709.56,0.00981,1046.8207836
2025-10-18 03:10:43.231,106707.26,0.00035,37.347541
2025-10-18 03:10:43.259,106707.26,0.0001,10.670726
2025-10-18 03:10:43.315,106702.77,5e-05,5.3351385
2025-10-18 03:10:43.577,106700.12,0.09377,10005.2702524
2025-10-18 03:10:44.041,106700.13,0.00012,12.804015600000001
2025-10-18 03:10:44.570,106700.13,0.0001,10.670013
2025-10-18 03:10:44.616,106700.12,0.00344,367.0484128
2025-10-18 03:10:44.619,106700.12,0.04612,4921.0095344
2025-10-18 03:10:45.699,106700.12,0.09377,10005.2702524
2025-10-18 03:10:45.743,106700.13,0.00054,57.618070200000005
2025-10-18 03:10:45.761,106700.13,0.00052,55.484067599999996
2025-10-18 03:10:46.069,106700.13,0.00085,90.6951105
2025-10-18 03:10:46.165,106700.12,0.013,1387.1015599999998
2025-10-18 03:10:46.166,106700.12,0.013,1387.1015599999998
2025-10-18 03:10:46.691,106700.12,0.09377,10005.2702524
2025-10-18 03:10:47.073,106700.12,0.013,1387.1015599999998
2025-10-18 03:10:47.074,106700.12,0.013,1387.1015599999998
2025-10-18 03:10:47.075,106700.12,0.013,1387.1015599999998
2025-10-18 03:10:47.797,106700.13,0.00013,13.871016899999999
2025-10-18 03:10:47.817,106700.12,0.01115,1189.706338
2025-10-18 03:10:47.994,106700.12,0.00226,241.14227119999998
2025-10-18 03:10:48.435,106700.13,0.00468,499.3566084
2025-10-18 03:10:48.870,106700.12,0.00891,950.6980692
2025-10-18 03:10:49.857,106700.12,0.01014,1081.9392168
2025-10-18 03:10:49.985,106700.12,0.01049,1119.2842587999999
2025-10-18 03:10:50.087,106700.12,0.0053,565.510636
2025-10-18 03:10:50.817,106700.11,0.0547,5836.4960169999995
2025-10-18 03:10:51.325,106700.11,0.00013,13.871014299999999
2025-10-18 03:10:51.337,106700.11,0.013,1387.10143
2025-10-18 03:10:51.449,106700.11,0.013,1387.10143
2025-10-18 03:10:51.783,106700.11,0.09377,10005.2693147
2025-10-18 03:10:52.618,106700.12,0.0008,85.360096
2025-10-18 03:10:52.694,106700.12,6e-05,6.4020072
2025-10-18 03:10:52.719,106700.11,0.09377,10005.2693147
2025-10-18 03:10:52.842,106700.12,0.0008,85.360096
2025-10-18 03:10:53.386,106700.12,0.00057,60.81906839999999
2025-10-18 03:10:53.462,106700.12,6e-05,6.4020072
2025-10-18 03:10:53.861,106700.11,0.03971,4237.0613681
2025-10-18 03:10:54.865,106700.11,0.013,1387.10143
2025-10-18 03:10:54.866,106700.11,0.013,1387.10143
2025-10-18 03:10:55.017,106700.11,0.0534,5697.785874
2025-10-18 03:10:55.171,106700.12,0.00028,29.876033599999996
2025-10-18 03:10:55.518,106700.12,0.01875,2000.6272499999998
2025-10-18 03:10:56.151,106700.11,0.08566,9139.9314226
2025-10-18 03:10:56.189,106700.11,0.013,1387.10143
2025-10-18 03:10:56.199,106700.12,0.00531,566.5776371999999
2025-10-18 03:10:56.332,106700.12,0.00937,999.7801244
2025-10-18 03:10:56.576,106700.11,9e-05,9.6030099
2025-10-18 03:10:57.217,106700.11,0.07982,8516.8027802
2025-10-18 03:10:58.317,106700.11,0.09377,10005.2693147
2025-10-18 03:10:59.016,106700.11,0.013,1387.10143
2025-10-18 03:10:59.374,106700.11,0.09377,10005.2693147
2025-10-18 03:10:59.650,106700.12,0.00101,107.7671212
2025-10-18 03:10:59.954,106700.11,0.013,1387.10143
2025-10-18 03:10:59.986,106700.12,0.00033,35.2110396
2025-10-18 03:11:00.069,106700.12,9e-05,9.6030108
2025-10-18 03:11:00.075,106700.12,0.00037,39.4790444
2025-10-18 03:11:00.237,106700.11,0.00013,13.871014299999999
2025-10-18 03:11:00.283,106700.11,0.00016,17.072017600000002
2025-10-18 03:11:00.300,106700.12,0.00028,29.876033599999996
2025-10-18 03:11:00.571,106700.11,0.09377,10005.2693147
2025-10-18 03:11:00.654,106700.11,0.15075,16085.0415825
2025-10-18 03:11:01.052,106700.1,0.013,1387.1013
2025-10-18 03:11:01.087,106700.11,0.00018,19.2060198
2025-10-18 03:11:01.717,106700.1,0.04568,4874.060568
2025-10-18 03:11:02.116,106700.1,0.013,1387.1013
2025-10-18 03:11:02.876,106700.11,7e-05,7.4690077
2025-10-18 03:11:02.917,106700.1,0.02069,2207.625069
2025-10-18 03:11:02.918,106700.1,0.01671,1782.958671
2025-10-18 03:11:02.919,106700.1,0.01902,2029.435902
2025-10-18 03:11:03.093,106700.1,0.013,1387.1013
2025-10-18 03:11:03.245,106700.11,0.00016,17.072017600000002
2025-10-18 03:11:03.470,106700.11,0.00304,324.36833440000004
2025-10-18 03:11:03.995,106700.1,0.01283,1368.962283
2025-10-18 03:11:04.280,106700.1,0.00157,167.519157
2025-10-18 03:11:05.239,106700.1,0.02874,3066.5608740000002
2025-10-18 03:11:05.296,106700.1,0.013,1387.1013
2025-10-18 03:11:05.297,106700.1,0.01,1067.001
2025-10-18 03:11:05.331,106700.1,0.00448,478.01644799999997
2025-10-18 03:11:05.536,106700.1,0.00415,442.80541500000004
2025-10-18 03:11:05.538,106700.0,0.00025,26.675
2025-10-18 03:11:05.539,106700.0,0.0004,42.68
2025-10-18 03:11:05.540,106699.99,0.0011,117.36998900000002
2025-10-18 03:11:05.541,106698.54,5e-05,5.3349269999999995
2025-10-18 03:11:05.544,106698.0,0.0022,234.7356
2025-10-18 03:11:05.546,106698.0,0.0003,32.0094
2025-10-18 03:11:05.547,106698.0,0.0003,32.0094
2025-10-18 03:11:05.549,106697.99,0.00075,80.0234925
2025-10-18 03:11:05.550,106697.99,0.0003,32.009397
2025-10-18 03:11:05.551,106697.06,5e-05,5.334853
2025-10-18 03:11:05.598,106695.99,0.0011,117.36558900000001
2025-10-18 03:11:05.692,106695.85,0.001,106.69585000000001
2025-10-18 03:11:05.693,106695.85,0.001,106.69585000000001
2025-10-18 03:11:06.188,106695.86,0.00013,13.8704618
2025-10-18 03:11:06.198,106695.86,0.0005,53.34793
2025-10-18 03:11:06.264,106695.85,0.00247,263.5387495
2025-10-18 03:11:07.408,106695.85,0.00149,158.9768165
2025-10-18 03:11:07.624,106695.85,0.00013,13.8704605
2025-10-18 03:11:08.166,106695.86,0.00082,87.4906052
2025-10-18 03:11:08.167,106695.86,0.00082,87.4906052
2025-10-18 03:11:08.169,106695.86,0.00088,93.8923568
2025-10-18 03:11:08.448,106695.85,0.0006,64.01751
2025-10-18 03:11:08.582,106695.86,0.00064,68.28535040000001
2025-10-18 03:11:08.718,106695.85,0.00014,14.937419
2025-10-18 03:11:09.052,106695.86,0.00011,11.7365446
2025-10-18 03:11:09.089,106695.86,0.00468,499.33662480000004
2025-10-18 03:11:09.616,106695.85,0.00095,101.3610575
2025-10-18 03:11:10.013,106695.85,0.0001,10.669585000000001
2025-10-18 03:11:10.023,106695.85,7e-05,7.4687095
2025-10-18 03:11:10.097,106695.86,0.04686,4999.7679996
2025-10-18 03:11:10.649,106695.85,0.00061,65.0844685
2025-10-18 03:11:11.750,106695.85,0.00096,102.42801600000001
2025-10-18 03:11:12.015,106690.52,0.00015,16.003578
2025-10-18 03:11:12.019,106687.87,7e-05,7.468150899999999
2025-10-18 03:11:12.816,106687.86,0.09378,10005.1875108
2025-10-18 03:11:12.962,106687.86,0.00056,59.745201599999994
2025-10-18 03:11:13.891,106687.86,0.09378,10005.1875108
2025-10-18 03:11:14.128,106687.86,0.013,1386.94218
2025-10-18 03:11:14.477,106687.86,0.013,1386.94218
2025-10-18 03:11:14.601,106687.87,0.0018,192.038166
2025-10-18 03:11:14.832,106687.86,0.013,1386.94218
2025-10-18 03:11:14.835,106687.87,0.01031,1099.9519397
2025-10-18 03:11:14.857,106687.87,0.00061,65.0796007
2025-10-18 03:11:15.034,106687.86,0.09378,10005.1875108
2025-10-18 03:11:15.048,106687.87,0.00142,151.4967754
2025-10-18 03:11:15.112,106687.86,0.013,1386.94218
2025-10-18 03:11:15.113,106687.87,0.09986,10653.8506982
2025-10-18 03:11:15.449,106687.86,0.00103,109.88849580000002
2025-10-18 03:11:15.498,106687.86,0.00071,75.7483806
2025-10-18 03:11:15.787,106687.86,0.0001,10.668786
2025-10-18 03:11:16.071,106687.86,0.09378,10005.1875108
2025-10-18 03:11:16.654,106687.87,0.04988,5321.5909556
2025-10-18 03:11:17.215,106687.86,0.09378,10005.1875108
2025-10-18 03:11:18.148,106687.86,0.09378,10005.1875108
2025-10-18 03:11:18.249,106687.87,0.0999,10658.118213
2025-10-18 03:11:18.453,106687.87,0.0105,1120.222635
2025-10-18 03:11:18.572,106687.86,0.013,1386.94218
2025-10-18 03:11:19.107,106687.87,0.00027,28.805724899999998
2025-10-18 03:11:19.129,106687.86,0.013,1386.94218
2025-10-18 03:11:19.130,106687.86,0.09378,10005.1875108
2025-10-18 03:11:20.117,106687.86,0.09378,10005.1875108
2025-10-18 03:11:20.762,106687.87,0.0499,5323.724713
2025-10-18 03:11:21.107,106687.86,0.00204,217.6432344
2025-10-18 03:11:21.604,106687.87,0.08753,9338.3892611
2025-10-18 03:11:21.794,106687.87,0.00065,69.34711549999999
2025-10-18 03:11:22.709,106687.87,0.01214,1295.1907417999998
2025-10-18 03:11:23.094,106687.87,8e-05,8.5350296
2025-10-18 03:11:23.408,106687.86,0.00011,11.7356646
2025-10-18 03:11:24.300,106687.86,0.00416,443.8214976
2025-10-18 03:11:24.597,106687.86,0.00023,24.538207800000002
2025-10-18 03:11:24.795,106687.86,0.00016,17.070057600000002
2025-10-18 03:11:25.249,106687.87,0.0001,10.668787
2025-10-18 03:11:26.578,106687.86,6e-05,6.4012716
2025-10-18 03:11:26.610,106687.87,5e-05,5.3343935
2025-10-18 03:11:27.223,106687.86,0.00691,737.2131126
2025-10-18 03:11:27.860,106687.87,7e-05,7.468150899999999
2025-10-18 03:11:27.914,106687.87,0.00062,66.1464794
2025-10-18 03:11:28.040,106687.86,0.00028,29.872600799999997
2025-10-18 03:11:28.832,106687.87,0.00024,25.6050888
2025-10-18 03:11:28.869,106687.87,0.00832,887.6430783999999
2025-10-18 03:11:28.995,106687.87,0.00354,377.6750598
2025-10-18 03:11:29.015,106684.1,0.0001,10.668410000000002
2025-10-18 03:11:29.057,106681.07,0.002,213.36214
2025-10-18 03:11:29.152,106681.08,0.0016,170.689728
2025-10-18 03:11:29.371,106681.08,0.00014,14.9353512
2025-10-18 03:11:29.447,106681.07,0.013,1386.85391
2025-10-18 03:11:29.828,106681.08,0.00042,44.806053600000006
2025-10-18 03:11:31.113,106681.07,0.013,1386.85391
2025-10-18 03:11:31.114,106681.07,0.013,1386.85391
2025-10-18 03:11:31.119,106681.08,0.00056,59.7414048
2025-10-18 03:11:32.485,106681.08,0.0026,277.370808
2025-10-18 03:11:33.206,106681.07,0.013,1386.85391
2025-10-18 03:11:33.324,106681.07,0.00171,182.4246297
2025-10-18 03:11:33.572,106681.07,0.013,1386.85391
2025-10-18 03:11:33.609,106681.07,0.013,1386.85391
2025-10-18 03:11:34.189,106681.08,0.0002,21.336216
2025-10-18 03:11:34.810,106681.08,0.00074,78.9439992
2025-10-18 03:11:34.897,106681.07,0.013,1386.85391
2025-10-18 03:11:35.624,106681.08,9e-05,9.601297200000001
2025-10-18 03:11:37.744,106681.07,0.02777,2962.5333139
2025-10-18 03:11:37.937,106681.07,0.01,1066.8107
2025-10-18 03:11:38.493,106681.07,0.00344,366.98288080000003
2025-10-18 03:11:39.079,106681.08,4e-05,4.2672432
2025-10-18 03:11:39.630,106681.08,0.09445,10076.028006
2025-10-18 03:11:39.631,106685.34,0.00375,400.070025
2025-10-18 03:11:39.639,106686.9,0.0006,64.01213999999999
2025-10-18 03:11:39.647,106686.93,0.0003,32.00607899999999
2025-10-18 03:11:39.655,106687.86,0.0001,10.668786
2025-10-18 03:11:39.674,106687.87,0.01877,2002.5313198999997
2025-10-18 03:11:39.677,106687.99,0.0005,53.34399500000001
2025-10-18 03:11:39.681,106688.0,0.0003,32.0064
2025-10-18 03:11:39.685,106694.2,0.01775,1893.8220499999998
2025-10-18 03:11:39.754,106694.2,0.00014,14.937187999999999
2025-10-18 03:11:39.755,106694.2,0.00032,34.142144
2025-10-18 03:11:39.756,106694.2,0.00032,34.142144
2025-10-18 03:11:39.757,106694.2,0.00018,19.204956
2025-10-18 03:11:39.758,106694.2,0.00011,11.736362
2025-10-18 03:11:39.759,106694.2,0.00011,11.736362
2025-10-18 03:11:39.760,106694.2,0.0002,21.33884
2025-10-18 03:11:39.762,106694.2,0.0005,53.3471
2025-10-18 03:11:40.375,106694.2,0.00094,100.292548
2025-10-18 03:11:40.720,106694.2,0.0001,10.66942
2025-10-18 03:11:41.419,106694.2,0.0269,2870.07398
2025-10-18 03:11:42.267,106694.2,0.0001,10.66942
2025-10-18 03:11:43.295,106694.2,0.0001,10.66942
2025-10-18 03:11:43.350,106694.2,0.05,5334.71
2025-10-18 03:11:43.515,106700.0,5e-05,5.335
2025-10-18 03:11:43.556,106701.14,0.028,2987.6319200000003
2025-10-18 03:11:43.853,106701.14,0.0001,10.670114
2025-10-18 03:11:44.625,106701.14,0.00151,161.1187214
2025-10-18 03:11:44.689,106701.14,0.00012,12.8041368
2025-10-18 03:11:46.174,106701.14,0.00046,49.082524400000004
2025-10-18 03:11:46.776,106701.14,6e-05,6.4020684
2025-10-18 03:11:47.648,106701.14,0.0048,512.1654719999999
2025-10-18 03:11:48.642,106701.14,0.00019,20.2732166
2025-10-18 03:11:49.262,106701.14,0.00037,39.4794218
2025-10-18 03:11:49.631,106701.13,0.00935,997.6555655000001
2025-10-18 03:11:49.983,106701.13,0.00018,19.206203400000003
2025-10-18 03:11:50.025,106701.13,0.0001,10.670113
2025-10-18 03:11:50.346,106701.14,7e-05,7.469079799999999
2025-10-18 03:11:50.516,106701.14,0.03286,3506.1994604
2025-10-18 03:11:51.555,106701.14,0.00237,252.8817018
2025-10-18 03:11:51.743,106701.14,0.00202,215.53630280000002
2025-10-18 03:11:51.862,106701.14,0.00751,801.3255614
2025-10-18 03:11:52.377,106701.14,0.0002,21.340228
2025-10-18 03:11:53.237,106701.14,0.00053,56.5516042
2025-10-18 03:11:54.865,106701.14,0.00108,115.2372312
2025-10-18 03:11:56.576,106701.13,7e-05,7.4690791
2025-10-18 03:11:56.585,106701.13,0.00033,35.2113729
2025-10-18 03:11:56.949,106701.14,0.01389,1482.0788346
2025-10-18 03:11:58.623,106701.13,0.00106,113.1031978
2025-10-18 03:12:00.093,106701.14,0.00054,57.6186156
2025-10-18 03:12:00.190,106701.14,0.00273,291.2941122
2025-10-18 03:12:00.399,106701.14,0.00358,381.99008119999996
2025-10-18 03:12:01.409,106701.14,0.01124,1199.3208136
2025-10-18 03:12:01.504,106701.14,0.0028,298.763192
2025-10-18 03:12:01.634,106701.14,0.00108,115.2372312
2025-10-18 03:12:02.212,106701.14,0.00199,212.3352686
2025-10-18 03:12:02.341,106701.14,0.04325,4614.824304999999
2025-10-18 03:12:02.549,106701.14,0.00287,306.23227180000004
2025-10-18 03:12:02.675,106701.14,0.00047,50.149535799999995
2025-10-18 03:12:02.908,106701.13,0.00068,72.55676840000001
2025-10-18 03:12:02.954,106701.13,0.00126,134.4434238
2025-10-18 03:12:03.612,106701.14,0.00312,332.9075568
2025-10-18 03:12:03.840,106701.13,0.00407,434.2735991
2025-10-18 03:12:04.041,106701.13,0.00022,23.474248600000003
2025-10-18 03:12:04.441,106701.13,0.00093,99.2320509
2025-10-18 03:12:04.804,106701.14,0.0024,256.08273599999995
2025-10-18 03:12:05.330,106701.14,0.028,2987.6319200000003
2025-10-18 03:12:05.647,106701.13,0.00093,99.2320509
2025-10-18 03:12:05.781,106701.14,0.00182,194.1960748
2025-10-18 03:12:06.024,106701.13,0.00359,383.0570567
2025-10-18 03:12:06.426,106701.14,0.00025,26.675285
2025-10-18 03:12:06.685,106701.14,0.00012,12.8041368
2025-10-18 03:12:06.812,106701.14,0.00164,174.9898696
2025-10-18 03:12:06.848,106701.14,0.028,2987.6319200000003
2025-10-18 03:12:06.850,106701.14,0.00304,324.3714656
2025-10-18 03:12:06.851,106701.15,0.00055,58.6856325
2025-10-18 03:12:06.915,106704.28,0.0001,10.670428000000001
2025-10-18 03:12:07.071,106704.72,0.00015,16.005708
2025-10-18 03:12:07.847,106704.72,0.00028,29.8773216
2025-10-18 03:12:07.926,106704.73,0.00139,148.3195747
2025-10-18 03:12:08.219,106704.73,0.00139,148.3195747
2025-10-18 03:12:09.314,106704.73,0.00486,518.5849877999999
2025-10-18 03:12:09.587,106704.73,0.00149,158.9900477
2025-10-18 03:12:10.002,106704.73,0.00017,18.1398041
2025-10-18 03:12:10.546,106704.73,0.00136,145.1184328
2025-10-18 03:12:11.347,106704.75,5e-05,5.3352375
2025-10-18 03:12:11.352,106704.75,0.00024,25.60914
2025-10-18 03:12:11.354,106704.75,0.00011,11.7375225
2025-10-18 03:12:11.358,106704.81,0.001,106.70481
2025-10-18 03:12:11.360,106707.79,0.001,106.70779
2025-10-18 03:12:11.374,106707.83,0.00125,133.38478750000002
2025-10-18 03:12:11.387,106709.31,0.00065,69.3610515
2025-10-18 03:12:11.389,106709.32,0.00036,38.41535520000001
2025-10-18 03:12:11.390,106709.32,5e-05,5.335466
2025-10-18 03:12:11.393,106709.32,0.00049,52.2875668
2025-10-18 03:12:11.409,106711.69,0.00015,16.0067535
2025-10-18 03:12:11.411,106711.91,0.0001,10.671191
2025-10-18 03:12:11.415,106712.64,0.0003,32.013791999999995
2025-10-18 03:12:11.425,106712.64,0.0056,597.590784
2025-10-18 03:12:11.426,106712.64,0.00035,37.349424
2025-10-18 03:12:11.428,106712.64,5e-05,5.335632
2025-10-18 03:12:11.440,106712.64,0.028,2987.95392
2025-10-18 03:12:11.448,106712.64,0.00035,37.349424
2025-10-18 03:12:11.456,106712.64,0.00035,37.349424
2025-10-18 03:12:11.467,106712.64,0.00035,37.349424
2025-10-18 03:12:11.483,106712.64,0.00304,324.40642560000003
2025-10-18 03:12:11.487,106712.64,0.00286,305.19815040000003
2025-10-18 03:12:11.493,106712.64,0.00466,497.2809024
2025-10-18 03:12:11.524,106712.63,0.00406,433.25327780000003
2025-10-18 03:12:11.602,106712.64,0.00198,211.2910272
2025-10-18 03:12:11.755,106712.64,0.00792,845.1641088
2025-10-18 03:12:12.258,106712.64,0.00981,1046.8509984
2025-10-18 03:12:12.359,106712.64,0.00429,457.79722560000005
2025-10-18 03:12:12.874,106712.63,0.00091,97.1084933
2025-10-18 03:12:12.904,106712.64,0.00046,49.0878144
2025-10-18 03:12:12.958,106712.64,0.01028,1097.0059391999998
2025-10-18 03:12:13.115,106712.64,0.00242,258.2445888
2025-10-18 03:12:13.398,106712.66,0.0007,74.698862
2025-10-18 03:12:13.400,106712.65,0.0001,10.671265
2025-10-18 03:12:13.412,106713.75,6e-05,6.402825
2025-10-18 03:12:13.794,106715.4,0.00025,26.67885
2025-10-18 03:12:13.836,106715.97,0.00099,105.6488103
2025-10-18 03:12:13.857,106719.99,0.00015,16.0079985
2025-10-18 03:12:14.024,106720.0,0.00288,307.35360000000003
2025-10-18 03:12:14.278,106719.99,6e-05,6.4031994
2025-10-18 03:12:14.724,106719.99,0.00046,49.091195400000004
2025-10-18 03:12:14.977,106720.0,0.00191,203.83520000000001
2025-10-18 03:12:15.770,106720.0,0.00094,100.3168
2025-10-18 03:12:15.933,106720.0,0.012,1280.64
2025-10-18 03:12:15.975,106720.0,0.00028,29.8816
2025-10-18 03:12:15.977,106720.0,0.00446,475.97120000000007
2025-10-18 03:12:15.980,106720.01,0.0006,64.032006
2025-10-18 03:12:16.000,106720.25,0.00066,70.435365
2025-10-18 03:12:16.015,106726.16,0.00324,345.79275839999997
2025-10-18 03:12:16.032,106726.45,0.00055,58.6995475
2025-10-18 03:12:16.033,106726.46,0.00156,166.4932776
2025-10-18 03:12:16.138,106726.46,0.00319,340.4574074
2025-10-18 03:12:16.378,106726.46,0.002,213.45292
2025-10-18 03:12:16.439,106726.46,0.0006,64.035876
2025-10-18 03:12:17.060,106726.46,0.00165,176.098659
2025-10-18 03:12:17.618,106726.46,0.00015,16.008969
2025-10-18 03:12:17.685,106726.46,0.00094,100.32287240000001
2025-10-18 03:12:17.732,106726.46,0.0001,10.672646
2025-10-18 03:12:17.768,106726.46,0.00015,16.008969
2025-10-18 03:12:17.781,106726.46,0.0001,10.672646
2025-10-18 03:12:17.870,106726.46,0.00019,20.278027400000003
2025-10-18 03:12:17.892,106726.46,0.00047,50.161436200000004
2025-10-18 03:12:17.918,106726.46,7e-05,7.4708521999999995
2025-10-18 03:12:18.132,106726.46,0.00043,45.8923778
2025-10-18 03:12:18.214,106726.46,0.00183,195.30942180000002
2025-10-18 03:12:18.237,106726.45,0.00014,14.941702999999999
2025-10-18 03:12:18.269,106726.46,0.00177,188.90583420000002
2025-10-18 03:12:18.418,106726.46,9e-05,9.6053814
2025-10-18 03:12:18.425,106726.46,0.00024,25.614350400000003
2025-10-18 03:12:18.532,106726.46,0.00066,70.43946360000001
2025-10-18 03:12:18.596,106726.45,0.0018,192.10761
2025-10-18 03:12:18.713,106726.46,0.0001,10.672646
2025-10-18 03:12:18.727,106726.46,8e-05,8.538116800000001
2025-10-18 03:12:18.862,106726.46,0.00024,25.614350400000003
2025-10-18 03:12:18.976,106726.46,0.0001,10.672646
2025-10-18 03:12:19.019,106726.46,0.00019,20.278027400000003
2025-10-18 03:12:19.047,106726.46,0.00019,20.278027400000003
2025-10-18 03:12:19.118,106726.45,0.00015,16.008967499999997
2025-10-18 03:12:19.158,106726.46,0.00166,177.1659236
2025-10-18 03:12:19.251,106726.46,0.00144,153.6861024
2025-10-18 03:12:19.287,106726.46,0.00082,87.5156972
2025-10-18 03:12:19.288,106726.46,0.00176,187.83856960000003
2025-10-18 03:12:19.362,106726.46,9e-05,9.6053814
2025-10-18 03:12:19.417,106726.45,0.09375,10005.6046875
2025-10-18 03:12:19.576,106726.46,0.05621,5999.094316600001
2025-10-18 03:12:19.612,106726.46,0.00014,14.941704399999999
2025-10-18 03:12:19.804,106726.46,0.01,1067.2646
2025-10-18 03:12:20.416,106726.45,0.09375,10005.6046875
2025-10-18 03:12:20.688,106726.46,0.00189,201.7130094
2025-10-18 03:12:21.537,106726.45,0.09375,10005.6046875
2025-10-18 03:12:21.576,106726.45,0.0001,10.672645000000001
2025-10-18 03:12:21.681,106726.46,7e-05,7.4708521999999995
2025-10-18 03:12:21.943,106726.45,0.00015,16.008967499999997
2025-10-18 03:12:21.976,106726.46,0.00149,159.0224254
2025-10-18 03:12:22.395,106726.46,0.00012,12.807175200000001
2025-10-18 03:12:22.717,106726.45,0.09375,10005.6046875
2025-10-18 03:12:22.846,106726.46,0.005,533.6323
2025-10-18 03:12:22.923,106726.46,0.023,2454.70858
2025-10-18 03:12:23.150,106726.45,0.004,426.9058
2025-10-18 03:12:23.817,106726.45,0.09375,10005.6046875
2025-10-18 03:12:24.048,106726.46,0.00208,221.9910368
2025-10-18 03:12:24.756,106726.45,0.00012,12.807174
2025-10-18 03:12:24.878,106726.45,0.00096,102.457392
2025-10-18 03:12:24.967,106726.45,0.09375,10005.6046875
2025-10-18 03:12:25.073,106726.46,0.00135,144.080721
2025-10-18 03:12:25.765,106726.45,0.00011,11.7399095
2025-10-18 03:12:26.059,106726.45,0.09375,10005.6046875
2025-10-18 03:12:26.080,106726.46,0.00198,211.3183908
2025-10-18 03:12:27.023,106726.46,0.0015,160.08969000000002
2025-10-18 03:12:27.089,106726.45,0.09375,10005.6046875
2025-10-18 03:12:27.547,106726.46,0.00031,33.0852026
2025-10-18 03:12:27.562,106726.46,7e-05,7.4708521999999995
2025-10-18 03:12:27.619,106726.46,0.0001,10.672646
2025-10-18 03:12:27.712,106726.46,7e-05,7.4708521999999995
2025-10-18 03:12:27.781,106726.45,0.00109,116.3318305
2025-10-18 03:12:27.786,106726.46,0.0001,10.672646
2025-10-18 03:12:28.117,106726.46,0.00012,12.807175200000001
2025-10-18 03:12:28.137,106726.45,0.09375,10005.6046875
2025-10-18 03:12:28.306,106726.46,0.00055,58.69955300000001
2025-10-18 03:12:28.566,106726.46,0.00049,52.2959654
2025-10-18 03:12:29.094,106726.45,0.09375,10005.6046875
2025-10-18 03:12:29.659,106726.46,0.00233,248.6726518
2025-10-18 03:12:30.096,106726.45,0.09375,10005.6046875
2025-10-18 03:12:30.416,106726.45,0.00012,12.807174
2025-10-18 03:12:31.317,106726.45,0.09375,10005.6046875
2025-10-18 03:12:31.977,106726.46,0.00031,33.0852026
2025-10-18 03:12:32.244,106726.45,0.09375,10005.6046875
2025-10-18 03:12:32.370,106726.46,0.00012,12.807175200000001
2025-10-18 03:12:33.316,106726.45,0.09375,10005.6046875
2025-10-18 03:12:33.782,106726.45,0.00019,20.278025500000002
2025-10-18 03:12:33.907,106726.45,0.00012,12.807174
2025-10-18 03:12:34.049,106726.46,0.00012,12.807175200000001
2025-10-18 03:12:34.082,106726.46,0.00164,175.0313944
2025-10-18 03:12:34.291,106726.46,0.00469,500.5470974
2025-10-18 03:12:34.426,106726.45,0.09375,10005.6046875
2025-10-18 03:12:34.832,106726.45,0.01368,1460.017836
2025-10-18 03:12:35.282,106726.46,0.00022,23.479821200000004
2025-10-18 03:12:35.302,106726.45,0.00094,100.322863
2025-10-18 03:12:35.417,106726.45,0.09375,10005.6046875
2025-10-18 03:12:35.483,106726.46,0.00468,499.47983280000005
2025-10-18 03:12:36.182,106726.45,0.0007,74.70851499999999
2025-10-18 03:12:36.417,106726.45,0.09375,10005.6046875
2025-10-18 03:12:37.517,106726.45,0.09375,10005.6046875
2025-10-18 03:12:37.932,106726.46,0.03669,3915.7938174
2025-10-18 03:12:38.527,106726.45,0.09375,10005.6046875
2025-10-18 03:12:39.450,106726.45,0.0003,32.017934999999994
2025-10-18 03:12:39.514,106726.45,0.09375,10005.6046875
2025-10-18 03:12:40.123,106726.46,0.00022,23.479821200000004
2025-10-18 03:12:40.301,106726.46,4e-05,4.2690584000000005
2025-10-18 03:12:40.817,106726.45,0.09375,10005.6046875
2025-10-18 03:12:41.816,106726.45,0.09375,10005.6046875
2025-10-18 03:12:42.179,106726.45,0.00012,12.807174
2025-10-18 03:12:42.223,106726.46,0.00937,1000.0269302
2025-10-18 03:12:42.715,106726.46,0.00441,470.6636886
2025-10-18 03:12:42.726,106726.45,0.00364,388.484278
2025-10-18 03:12:42.787,106726.45,0.09375,10005.6046875
2025-10-18 03:12:42.983,106726.46,0.24847,26518.323516200002
2025-10-18 03:12:42.989,106727.04,0.36584,39045.0203136
2025-10-18 03:12:42.997,106727.04,0.01152,1229.4955008
2025-10-18 03:12:42.998,106727.04,0.04246,4531.630118399999
2025-10-18 03:12:42.999,106727.04,0.023,2454.72192
2025-10-18 03:12:43.001,106727.04,0.01665,1777.005216
2025-10-18 03:12:43.010,106728.55,5e-05,5.3364275
2025-10-18 03:12:43.023,106729.62,5e-05,5.336481
2025-10-18 03:12:43.026,106729.63,0.0003,32.018889
2025-10-18 03:12:43.029,106730.72,0.00201,214.5287472
2025-10-18 03:12:43.040,106730.72,0.00115,122.740328
2025-10-18 03:12:43.044,106731.41,0.0002,21.346282000000002
2025-10-18 03:12:43.049,106732.0,0.00255,272.1666
2025-10-18 03:12:43.054,106736.5,6e-05,6.40419
2025-10-18 03:12:43.215,106739.75,6e-05,6.404385
2025-10-18 03:12:43.776,106746.45,0.00015,16.011967499999997
2025-10-18 03:12:43.820,106746.48,0.0002,21.349296
2025-10-18 03:12:43.833,106746.78,5e-05,5.337339
2025-10-18 03:12:43.917,106747.99,0.09373,10005.4891027
2025-10-18 03:12:44.016,106748.0,0.00316,337.32368
2025-10-18 03:12:44.030,106748.02,0.00165,176.134233
2025-10-18 03:12:44.615,106750.0,0.0075,800.625
2025-10-18 03:12:44.752,106750.0,0.00011,11.7425
2025-10-18 03:12:45.048,106749.99,0.09373,10005.6765627
2025-10-18 03:12:46.017,106749.99,0.09373,10005.6765627
2025-10-18 03:12:46.446,106750.0,0.00011,11.7425
2025-10-18 03:12:46.566,106750.0,0.00055,58.712500000000006
2025-10-18 03:12:46.833,106750.0,0.0001,10.675
2025-10-18 03:12:47.072,106749.99,0.09373,10005.6765627
2025-10-18 03:12:47.748,106750.0,0.00438,467.565
2025-10-18 03:12:47.749,106750.0,0.00011,11.7425
2025-10-18 03:12:47.752,106750.01,0.00318,339.4650318
2025-10-18 03:12:47.805,106750.02,0.00019,20.2825038
2025-10-18 03:12:47.915,106750.04,0.0002,21.350008
2025-10-18 03:12:48.109,106750.07,0.09373,10005.6840611
2025-10-18 03:12:48.111,106750.1,0.0002,21.35002
2025-10-18 03:12:48.164,106752.0,0.028,2989.056
2025-10-18 03:12:48.283,106752.0,0.01011,1079.26272
2025-10-18 03:12:48.969,106751.99,0.00056,59.7811144
2025-10-18 03:12:49.040,106752.0,0.00011,11.74272
2025-10-18 03:12:49.216,106751.99,0.09373,10005.8640227
2025-10-18 03:12:49.864,106752.0,0.00011,11.74272
2025-10-18 03:12:50.131,106752.0,0.028,2989.056
2025-10-18 03:12:50.216,106751.99,0.09372,10004.7965028
2025-10-18 03:12:50.796,106752.0,0.00011,11.74272
2025-10-18 03:12:51.319,106751.99,0.00188,200.6937412
2025-10-18 03:12:51.321,106751.99,0.09372,10004.7965028
2025-10-18 03:12:51.489,106752.0,0.0001,10.6752
2025-10-18 03:12:52.363,106751.99,0.09372,10004.7965028
2025-10-18 03:12:52.731,106751.99,0.00471,502.8018729
2025-10-18 03:12:52.775,106752.0,0.00029,30.95808
2025-10-18 03:12:53.503,106751.99,0.09372,10004.7965028
2025-10-18 03:12:53.527,106752.0,0.00221,235.92192000000003
2025-10-18 03:12:54.052,106757.16,0.00015,16.013574
2025-10-18 03:12:54.484,106757.16,0.00993,1060.0985988
2025-10-18 03:12:54.591,106757.16,0.09372,10005.2810352
2025-10-18 03:12:54.914,106757.17,0.00012,12.8108604
2025-10-18 03:12:55.683,106757.16,0.09372,10005.2810352
2025-10-18 03:12:56.206,106757.17,0.09367,9999.944113900001
2025-10-18 03:12:56.383,106757.17,0.0006,64.05430199999999
2025-10-18 03:12:56.617,106757.16,0.09372,10005.2810352
2025-10-18 03:12:57.619,106757.16,0.09372,10005.2810352
2025-10-18 03:12:57.624,106757.16,8e-05,8.540572800000001
2025-10-18 03:12:57.685,106757.16,0.0001,10.675716000000001
2025-10-18 03:12:57.945,106757.17,0.00112,119.56803039999998
2025-10-18 03:12:58.093,106757.16,0.00127,135.58159320000001
2025-10-18 03:12:58.451,106757.17,0.00103,109.95988510000001
2025-10-18 03:12:58.801,106757.16,0.09372,10005.2810352
2025-10-18 03:12:59.056,106757.17,0.00018,19.2162906
2025-10-18 03:12:59.062,106757.16,0.12032,12845.0214912
2025-10-18 03:12:59.499,106757.16,0.00433,462.2585028
2025-10-18 03:12:59.783,106757.16,0.05618,5997.6172488
2025-10-18 03:12:59.959,106757.17,0.00122,130.2437474
2025-10-18 03:13:00.164,106757.17,0.01314,1402.7892138
2025-10-18 03:13:00.241,106757.17,0.00381,406.7448177
2025-10-18 03:13:00.493,106755.86,0.00015,16.013378999999997
2025-10-18 03:13:00.494,106754.68,0.00015,16.013201999999996
2025-10-18 03:13:00.495,106754.16,5e-05,5.337708
2025-10-18 03:13:00.496,106751.99,0.04606,4916.9966594
2025-10-18 03:13:00.497,106750.83,0.09927,10597.1548941
2025-10-18 03:13:00.499,106750.83,0.0004,42.700332
2025-10-18 03:13:00.509,106750.43,0.25415,27130.621784499996
2025-10-18 03:13:00.518,106750.43,0.013,1387.7555899999998
2025-10-18 03:13:00.522,106750.0,0.0016,170.8
2025-10-18 03:13:00.532,106749.99,0.17728,18924.6382272
2025-10-18 03:13:00.534,106743.83,0.0001,10.674383
2025-10-18 03:13:00.565,106738.47,0.00015,16.0107705
2025-10-18 03:13:00.972,106738.46,0.09374,10005.663240400001
2025-10-18 03:13:01.216,106738.47,0.00281,299.9351007
2025-10-18 03:13:01.313,106738.47,0.00125,133.4230875
2025-10-18 03:13:01.315,106748.4,0.02225,2375.1519
2025-10-18 03:13:01.461,106750.04,0.028,2989.00112
2025-10-18 03:13:01.576,106750.03,0.0001,10.675003
2025-10-18 03:13:01.951,106750.03,0.09373,10005.6803119
2025-10-18 03:13:02.132,106750.04,0.00188,200.6900752
2025-10-18 03:13:02.808,106750.04,0.00053,56.57752119999999
2025-10-18 03:13:02.899,106750.04,8e-05,8.540003200000001
2025-10-18 03:13:03.117,106750.03,0.09373,10005.6803119
2025-10-18 03:13:03.469,106750.04,0.00099,105.6825396
2025-10-18 03:13:04.166,106750.03,0.09373,10005.6803119
2025-10-18 03:13:04.750,106748.85,0.01733,1849.9575705000002
2025-10-18 03:13:04.939,106748.86,0.00123,131.3010978
2025-10-18 03:13:04.976,106748.86,7e-05,7.472420199999999
2025-10-18 03:13:05.311,106748.85,0.09373,10005.5697105
2025-10-18 03:13:05.515,106748.85,0.05819,6211.715581500001
2025-10-18 03:13:05.633,106748.84,0.00012,12.8098608
2025-10-18 03:13:05.955,106748.84,0.00116,123.82865439999999
2025-10-18 03:13:06.008,106746.09,0.00015,16.0119135
2025-10-18 03:13:06.112,106746.08,0.00552,589.2383616
2025-10-18 03:13:06.215,106745.74,0.00035,37.361009
2025-10-18 03:13:06.456,106745.73,0.09373,10005.277272899999
2025-10-18 03:13:06.518,106745.74,0.00382,407.7687268
2025-10-18 03:13:06.624,106745.74,4e-05,4.2698296000000004
2025-10-18 03:13:06.692,106745.73,0.00207,220.96366109999997
2025-10-18 03:13:07.617,106745.72,0.00135,144.10672200000002
2025-10-18 03:13:08.341,106745.73,0.00083,88.59895589999999
2025-10-18 03:13:08.554,106745.73,0.0005,53.372865
2025-10-18 03:13:08.616,106745.72,0.00152,162.25349440000002
2025-10-18 03:13:08.742,106745.73,0.42491,45357.3281343
2025-10-18 03:13:09.548,106745.72,0.00422,450.4669384
2025-10-18 03:13:09.661,106745.72,0.00133,141.9718076
2025-10-18 03:13:09.727,106744.52,0.09373,10005.1638596
2025-10-18 03:13:10.526,106744.53,0.00173,184.6680369
2025-10-18 03:13:10.679,106744.52,0.00167,178.2633484
2025-10-18 03:13:10.916,106744.52,0.08741,9330.5384932
2025-10-18 03:13:11.916,106744.52,0.09373,10005.1638596
2025-10-18 03:13:11.988,106744.53,8e-05,8.539562400000001
2025-10-18 03:13:12.512,106744.53,0.00382,407.7641046
2025-10-18 03:13:12.950,106744.52,0.09373,10005.1638596
2025-10-18 03:13:13.876,106744.53,0.00047,50.1699291
2025-10-18 03:13:14.186,106744.52,0.09373,10005.1638596
2025-10-18 03:13:14.557,106744.52,0.03438,3669.8765976000004
2025-10-18 03:13:14.983,106744.53,0.09368,9999.8275704
2025-10-18 03:13:15.239,106744.52,0.09373,10005.1638596
2025-10-18 03:13:15.382,106750.04,0.0111,1184.925444
2025-10-18 03:13:15.383,106756.63,0.0007,74.729641
2025-10-18 03:13:15.384,106767.08,0.0025,266.9177
2025-10-18 03:13:15.385,106774.91,0.3825,40841.403075
2025-10-18 03:13:15.386,106778.79,0.0007,74.74515299999999
2025-10-18 03:13:15.387,106778.79,0.62257,66477.27129029999
2025-10-18 03:13:15.388,106778.79,0.04497,4801.8421863
2025-10-18 03:13:15.389,106780.65,5e-05,5.3390325
2025-10-18 03:13:15.391,106781.86,0.15945,17026.367577
2025-10-18 03:13:15.393,106784.93,0.0001,10.678493
2025-10-18 03:13:15.394,106792.7,0.0025,266.98175
2025-10-18 03:13:15.399,106795.07,6e-05,6.4077042
2025-10-18 03:13:15.401,106779.99,0.0001,10.677999000000002
2025-10-18 03:13:15.402,106795.07,0.00187,199.7067809
2025-10-18 03:13:15.404,106786.0,6e-05,6.40716
2025-10-18 03:13:15.406,106779.99,5e-05,5.338999500000001
2025-10-18 03:13:15.411,106795.07,0.04684,5002.281078800001
2025-10-18 03:13:15.414,106781.54,0.0001,10.678154
2025-10-18 03:13:15.415,106795.07,0.00933,996.3980031
2025-10-18 03:13:15.458,106795.07,0.028,2990.2619600000003
2025-10-18 03:13:15.480,106795.06,0.98856,105573.3245136
2025-10-18 03:13:15.485,106795.07,0.01592,1700.1775144
2025-10-18 03:13:15.486,106795.07,0.0309,3299.9676630000004
2025-10-18 03:13:15.624,106795.07,0.00012,12.8154084
2025-10-18 03:13:15.640,106795.07,0.00936,999.6018552
2025-10-18 03:13:15.672,106795.07,0.00937,1000.6698059
2025-10-18 03:13:15.708,106795.07,0.00311,332.1326677
2025-10-18 03:13:15.713,106795.07,0.00625,667.4691875000001
2025-10-18 03:13:15.726,106795.07,0.00711,759.3129477
2025-10-18 03:13:15.896,106795.07,0.00034,36.310323800000006
2025-10-18 03:13:15.915,106797.3,0.02132,2276.918436
2025-10-18 03:13:15.919,106797.3,0.00155,165.53581499999999
2025-10-18 03:13:15.969,106798.0,0.00421,449.61958000000004
2025-10-18 03:13:15.975,106798.01,0.0016,170.876816
2025-10-18 03:13:16.128,106800.0,0.00831,887.5079999999999
2025-10-18 03:13:16.138,106800.0,0.005,534.0
2025-10-18 03:13:16.163,106800.0,0.00089,95.05199999999999
2025-10-18 03:13:16.174,106800.0,0.00409,436.812
2025-10-18 03:13:16.191,106800.0,0.23901,25526.268
2025-10-18 03:13:16.247,106800.0,0.12616,13473.887999999999
2025-10-18 03:13:16.249,106800.0,0.00086,91.848
2025-10-18 03:13:16.251,106802.0,0.00123,131.36646
2025-10-18 03:13:16.259,106802.0,0.00288,307.58976
2025-10-18 03:13:16.260,106806.88,0.0001,10.680688000000002
2025-10-18 03:13:16.263,106810.13,0.09368,10005.972978400001
2025-10-18 03:13:16.580,106810.13,0.00024,25.6344312
2025-10-18 03:13:16.718,106810.13,0.00016,17.089620800000002
2025-10-18 03:13:17.189,106810.14,0.04184,4468.9362576
2025-10-18 03:13:17.395,106810.13,0.09367,10004.904877100002
2025-10-18 03:13:17.937,106810.13,0.0028,299.06836400000003
2025-10-18 03:13:18.028,106816.01,0.00287,306.5619487
2025-10-18 03:13:18.033,106820.0,6e-05,6.4092
2025-10-18 03:13:18.035,106820.0,0.05633,6017.1705999999995
2025-10-18 03:13:18.037,106820.0,0.00936,999.8352
2025-10-18 03:13:18.217,106819.99,0.00027,28.8413973
2025-10-18 03:13:18.487,106820.0,0.00382,408.0524
2025-10-18 03:13:18.528,106819.99,0.09367,10005.8284633
2025-10-18 03:13:19.036,106819.99,0.00014,14.9547986
2025-10-18 03:13:19.076,106820.0,0.00047,50.2054
2025-10-18 03:13:19.108,106819.99,5e-05,5.340999500000001
2025-10-18 03:13:19.610,106819.99,0.09367,10005.8284633
2025-10-18 03:13:19.791,106819.99,0.00027,28.8413973
2025-10-18 03:13:20.320,106820.0,0.005,534.1
2025-10-18 03:13:20.321,106820.0,0.01,1068.2
2025-10-18 03:13:20.695,106819.99,0.09367,10005.8284633
2025-10-18 03:13:20.844,106820.0,0.01532,1636.4824
2025-10-18 03:13:21.038,106820.0,0.00012,12.8184
2025-10-18 03:13:21.048,106819.99,0.05,5340.999500000001
2025-10-18 03:13:21.120,106819.99,0.18469,19728.583953100002
2025-10-18 03:13:21.124,106819.99,0.00045,48.0689955
2025-10-18 03:13:21.125,106819.97,0.0002,21.363994
2025-10-18 03:13:21.126,106819.89,0.0002,21.363978
2025-10-18 03:13:21.143,106818.78,0.00125,133.523475
2025-10-18 03:13:21.173,106818.18,0.0008,85.454544
2025-10-18 03:13:21.174,106817.92,0.0001,10.681792
2025-10-18 03:13:21.176,106816.16,0.03304,3529.2059264
2025-10-18 03:13:21.180,106816.15,0.00654,698.5776209999999
2025-10-18 03:13:21.183,106811.26,5e-05,5.340563
2025-10-18 03:13:21.197,106809.42,0.00015,16.021413
2025-10-18 03:13:21.198,106806.64,0.0001,10.680664
2025-10-18 03:13:21.200,106806.43,0.012,1281.67716
2025-10-18 03:13:21.515,106805.55,5e-05,5.3402775
2025-10-18 03:13:21.678,106805.14,0.00418,446.44548519999995
2025-10-18 03:13:21.717,106805.13,0.09368,10005.504578400001
2025-10-18 03:13:21.825,106805.13,0.00938,1001.8321194
2025-10-18 03:13:22.300,106805.13,0.00317,338.57226210000005
2025-10-18 03:13:22.324,106805.13,0.0003,32.041539
2025-10-18 03:13:22.710,106805.13,0.09368,10005.504578400001
2025-10-18 03:13:22.938,106805.14,0.00164,175.1604296
2025-10-18 03:13:23.636,106805.13,7e-05,7.4763591
2025-10-18 03:13:23.851,106805.13,0.09368,10005.504578400001
2025-10-18 03:13:24.423,106805.14,0.00382,407.9956348
2025-10-18 03:13:24.639,106805.14,0.00031,33.1095934
2025-10-18 03:13:24.871,106805.13,8e-05,8.5444104
2025-10-18 03:13:24.917,106805.13,0.09368,10005.504578400001
2025-10-18 03:13:24.969,106805.13,0.00132,140.9827716
2025-10-18 03:13:25.992,106805.13,0.006,640.83078
2025-10-18 03:13:25.994,106805.13,0.006,640.83078
2025-10-18 03:13:26.047,106805.14,0.00038,40.5859532
2025-10-18 03:13:26.074,106805.13,0.09368,10005.504578400001
2025-10-18 03:13:26.911,106805.14,0.00093,99.32878020000001
2025-10-18 03:13:26.937,106805.13,0.012,1281.66156
2025-10-18 03:13:26.938,106805.13,0.012,1281.66156
2025-10-18 03:13:26.957,106805.13,0.05,5340.2565
2025-10-18 03:13:26.962,106805.14,0.00141,150.5952474
2025-10-18 03:13:27.122,106805.14,0.00012,12.8166168
2025-10-18 03:13:27.159,106805.13,0.09369,10006.5726297
2025-10-18 03:13:27.327,106805.13,0.35977,38425.2816201
2025-10-18 03:13:27.328,106802.02,0.00015,16.020303
2025-10-18 03:13:27.329,106800.85,0.0001,10.680085000000002
2025-10-18 03:13:27.330,106793.8,0.05886,6285.883068
2025-10-18 03:13:27.331,106788.42,5e-05,5.339421
2025-10-18 03:13:27.332,106784.8,0.08,8542.784
2025-10-18 03:13:27.334,106786.15,6e-05,6.407169
2025-10-18 03:13:27.335,106785.79,0.00015,16.0178685
2025-10-18 03:13:27.338,106785.8,0.03456,3690.517248
2025-10-18 03:13:27.344,106785.79,0.01873,2000.0978467
2025-10-18 03:13:27.349,106785.79,0.00085,90.76792149999999
2025-10-18 03:13:27.353,106783.91,0.00048,51.2562768
2025-10-18 03:13:27.356,106783.84,0.012,1281.40608
2025-10-18 03:13:27.556,106783.85,0.4496,48010.01896
2025-10-18 03:13:27.557,106783.85,0.31828,33987.163778
2025-10-18 03:13:27.559,106783.85,0.02163,2309.7346755000003
2025-10-18 03:13:27.560,106788.42,5e-05,5.339421
2025-10-18 03:13:27.577,106791.57,0.00536,572.4028152000001
2025-10-18 03:13:27.580,106791.57,0.00545,582.0140565
2025-10-18 03:13:27.581,106791.57,0.03338,3564.7026066000003
2025-10-18 03:13:27.584,106791.57,0.0202,2157.189714
2025-10-18 03:13:27.587,106791.57,0.04292,4583.4941844
2025-10-18 03:13:27.589,106791.57,0.02061,2200.9742577
2025-10-18 03:13:27.737,106791.57,0.00163,174.07025910000002
2025-10-18 03:13:28.217,106791.56,0.09369,10005.3012564
2025-10-18 03:13:28.484,106791.57,0.01873,2000.2061061000002
2025-10-18 03:13:28.953,106791.56,0.00931,994.2294236
2025-10-18 03:13:29.321,106791.56,0.01796,1917.9764175999999
2025-10-18 03:13:29.323,106791.56,0.00165,176.206074
2025-10-18 03:13:29.415,106791.55,0.00255,272.31845250000003
2025-10-18 03:13:29.481,106791.55,0.00091,97.1803105
2025-10-18 03:13:29.615,106791.54,0.0026,277.65800399999995
2025-10-18 03:13:29.628,106791.53,0.0023,245.620519
2025-10-18 03:13:29.815,106791.4,0.0017,181.54537999999997
2025-10-18 03:13:29.915,106791.3,0.0023,245.61999
2025-10-18 03:13:29.924,106791.29,0.18304,19547.0777216
2025-10-18 03:13:30.085,106791.3,0.0003,32.037389999999995
2025-10-18 03:13:30.417,106791.29,0.00054,57.6672966
2025-10-18 03:13:30.596,106791.3,0.00382,407.942766
2025-10-18 03:13:31.094,106791.3,0.0004,42.71652
2025-10-18 03:13:31.325,106791.29,0.00177,189.0205833
2025-10-18 03:13:31.326,106791.28,0.00561,599.0990808
2025-10-18 03:13:31.515,106783.87,0.00015,16.017580499999998
2025-10-18 03:13:31.545,106783.86,0.00094,100.3768284
2025-10-18 03:13:31.590,106783.87,0.0006,64.07032199999999
2025-10-18 03:13:31.753,106783.87,0.00023,24.5602901
2025-10-18 03:13:32.368,106783.86,7e-05,7.4748702
2025-10-18 03:13:32.687,106783.86,0.09369,10004.579843399999
2025-10-18 03:13:33.576,106783.87,6e-05,6.4070322
2025-10-18 03:13:33.774,106783.86,0.09369,10004.579843399999
2025-10-18 03:13:33.925,106783.86,0.00257,274.4345202
2025-10-18 03:13:34.142,106783.87,0.00814,869.2207017999999
2025-10-18 03:13:34.251,106783.87,0.00223,238.12803010000002
2025-10-18 03:13:34.270,106783.87,0.00013,13.881903099999999
2025-10-18 03:13:34.648,106783.86,0.00011,11.7462246
2025-10-18 03:13:34.710,106783.86,0.09369,10004.579843399999
2025-10-18 03:13:35.858,106783.86,0.09369,10004.579843399999
2025-10-18 03:13:36.846,106783.86,0.09369,10004.579843399999
2025-10-18 03:13:37.184,106783.87,0.00382,407.91438339999996
2025-10-18 03:13:37.591,106783.87,0.00059,63.0024833
2025-10-18 03:13:37.886,106783.86,0.09369,10004.579843399999
2025-10-18 03:13:38.186,106783.87,0.0034,363.06515799999994
2025-10-18 03:13:39.027,106783.86,0.09369,10004.579843399999
2025-10-18 03:13:39.412,106783.86,5e-05,5.339193
2025-10-18 03:13:39.768,106783.86,0.01105,1179.961653
2025-10-18 03:13:40.216,106783.86,0.09369,10004.579843399999
2025-10-18 03:13:40.282,106783.86,0.00012,12.8140632
2025-10-18 03:13:41.309,106783.86,0.09369,10004.579843399999
2025-10-18 03:13:41.475,106783.87,0.00131,139.88686969999998
2025-10-18 03:13:41.670,106783.87,0.07581,8095.2851847
2025-10-18 03:13:42.332,106783.86,0.00423,451.69572780000004
2025-10-18 03:13:42.389,106783.86,0.00074,79.0200564
2025-10-18 03:13:42.452,106783.86,0.09369,10004.579843399999
2025-10-18 03:13:43.494,106783.86,0.09369,10004.579843399999
2025-10-18 03:13:43.586,106783.87,0.00382,407.91438339999996
2025-10-18 03:13:43.691,106783.87,0.00019,20.2889353
2025-10-18 03:13:43.718,106783.86,0.0006,64.07031599999999
2025-10-18 03:13:43.765,106783.87,9e-05,9.6105483
2025-10-18 03:13:44.516,106783.86,0.09369,10004.579843399999
2025-10-18 03:13:45.019,106783.87,0.00355,379.0827385
2025-10-18 03:13:45.514,106783.86,0.09369,10004.579843399999
2025-10-18 03:13:46.603,106783.86,0.001,106.78386
2025-10-18 03:13:46.607,106783.86,0.09369,10004.579843399999
2025-10-18 03:13:47.747,106783.86,0.09369,10004.579843399999
2025-10-18 03:13:47.785,106783.87,0.00468,499.7485116
2025-10-18 03:13:48.377,106783.87,0.00293,312.87673909999995
2025-10-18 03:13:48.842,106783.86,0.09369,10004.579843399999
2025-10-18 03:13:49.935,106783.86,0.09369,10004.579843399999
2025-10-18 03:13:50.870,106783.86,0.09369,10004.579843399999
2025-10-18 03:13:50.876,106783.86,0.16782,17920.4673852
2025-10-18 03:13:51.483,106783.87,0.00046,49.1205802
2025-10-18 03:13:51.586,106783.86,7e-05,7.4748702
2025-10-18 03:13:51.643,106783.86,0.0001,10.678386
2025-10-18 03:13:52.015,106783.86,0.09369,10004.579843399999
2025-10-18 03:13:53.091,106783.87,0.00032,34.1708384
2025-10-18 03:13:53.117,106783.86,0.09369,10004.579843399999
2025-10-18 03:13:53.386,106783.87,0.01872,1998.9940464
2025-10-18 03:13:53.669,106783.87,0.00299,319.2837713
2025-10-18 03:13:54.117,106783.86,0.09369,10004.579843399999
2025-10-18 03:13:55.115,106783.87,0.00146,155.90445019999999
2025-10-18 03:13:55.131,106783.86,0.09369,10004.579843399999
2025-10-18 03:13:55.761,106783.87,0.00093,99.30899910000001
2025-10-18 03:13:56.053,106783.86,0.012,1281.40632
2025-10-18 03:13:56.054,106783.86,0.012,1281.40632
2025-10-18 03:13:56.063,106782.71,5e-05,5.3391355
2025-10-18 03:13:56.065,106782.0,6e-05,6.40692
2025-10-18 03:13:56.067,106780.21,0.0001,10.678021000000001
2025-10-18 03:13:56.073,106780.01,0.00517,552.0526517
2025-10-18 03:13:56.161,106780.0,0.01888,2016.0064000000002
2025-10-18 03:13:56.318,106780.01,0.00014,14.949201399999998
2025-10-18 03:13:56.597,106780.0,0.00032,34.1696
2025-10-18 03:13:56.756,106780.01,0.00107,114.25461069999999
2025-10-18 03:13:57.117,106780.0,0.09371,10006.3538
2025-10-18 03:13:57.215,106780.0,0.0009,96.102
2025-10-18 03:13:58.283,106779.99,0.00301,321.4077699
2025-10-18 03:13:58.576,106780.0,6e-05,6.4068000000000005
2025-10-18 03:13:58.582,106780.0,0.00048,51.254400000000004
2025-10-18 03:13:58.757,106779.99,0.00065,69.4069935
2025-10-18 03:13:58.759,106779.95,0.006,640.6797
2025-10-18 03:13:58.781,106779.96,0.03278,3500.2470888
2025-10-18 03:13:59.416,106779.95,0.09371,10006.3491145
2025-10-18 03:14:00.111,106779.96,0.00239,255.20410440000003
2025-10-18 03:14:00.112,106779.92,0.00015,16.016987999999998
2025-10-18 03:14:00.519,106779.91,0.09256,9883.5484696
2025-10-18 03:14:00.520,106777.0,5e-05,5.33885
2025-10-18 03:14:00.715,106775.98,0.00211,225.29731779999997
2025-10-18 03:14:01.379,106775.98,0.00128,136.67325440000002
2025-10-18 03:14:01.607,106775.97,0.03156,3369.8496132
2025-10-18 03:14:01.609,106775.5,6e-05,6.40653
2025-10-18 03:14:02.250,106775.22,0.00018,19.2195396
2025-10-18 03:14:02.851,106775.21,0.09371,10005.904929100001
2025-10-18 03:14:03.225,106775.21,0.00054,57.65861340000001
2025-10-18 03:14:03.671,106775.22,0.00046,49.116601200000005
2025-10-18 03:14:03.944,106775.21,0.09371,10005.904929100001
2025-10-18 03:14:04.981,106775.21,0.09371,10005.904929100001
2025-10-18 03:14:06.017,106775.21,0.09371,10005.904929100001
2025-10-18 03:14:07.110,106775.21,0.09371,10005.904929100001
2025-10-18 03:14:07.830,106775.22,0.073,7794.59106
2025-10-18 03:14:07.982,106775.22,6e-05,6.4065132
2025-10-18 03:14:08.201,106775.22,0.23762,25371.9277764
2025-10-18 03:14:08.203,106775.21,0.0937,10004.837177000001
2025-10-18 03:14:08.240,106775.22,0.40442,43182.0344724
2025-10-18 03:14:08.243,106781.32,0.0001,10.678132000000002
2025-10-18 03:14:08.261,106784.4,0.00213,227.45077199999997
2025-10-18 03:14:08.262,106784.41,0.00045,48.0529845
2025-10-18 03:14:08.265,106784.41,0.00025,26.696102500000002
2025-10-18 03:14:08.270,106786.64,0.00015,16.017996
2025-10-18 03:14:08.296,106786.65,0.00549,586.2587085
2025-10-18 03:14:08.305,106786.65,0.028,2990.0262
2025-10-18 03:14:08.308,106786.73,0.0001,10.678673
2025-10-18 03:14:08.550,106788.5,0.00474,506.17749000000003
2025-10-18 03:14:08.907,106788.5,0.00154,164.45429
2025-10-18 03:14:09.116,106788.49,0.09369,10005.0136281
2025-10-18 03:14:09.820,106788.49,0.00371,396.1852979
2025-10-18 03:14:09.915,106791.8,0.00015,16.01877
2025-10-18 03:14:10.279,106791.8,0.09369,10005.323742
2025-10-18 03:14:10.534,106791.81,0.00046,49.1242326
2025-10-18 03:14:10.558,106791.81,0.00955,1019.8617854999999
2025-10-18 03:14:10.560,106791.8,0.00084,89.705112
2025-10-18 03:14:10.652,106791.8,0.06187,6607.208666
2025-10-18 03:14:10.805,106791.81,0.0014,149.508534
2025-10-18 03:14:11.054,106791.81,0.028,2990.17068
2025-10-18 03:14:11.319,106791.8,0.09369,10005.323742
2025-10-18 03:14:11.337,106791.81,0.01,1067.9181
2025-10-18 03:14:11.617,106791.81,0.00047,50.1921507
2025-10-18 03:14:11.732,106791.8,0.012,1281.5016
2025-10-18 03:14:11.733,106791.8,0.012,1281.5016
2025-10-18 03:14:11.734,106791.8,0.012,1281.5016
2025-10-18 03:14:11.995,106791.81,0.00516,551.0457395999999
2025-10-18 03:14:12.047,106791.81,0.00046,49.1242326
2025-10-18 03:14:12.416,106791.8,0.00582,621.528276
2025-10-18 03:14:12.515,106791.7,0.0009,96.11252999999999
2025-10-18 03:14:12.539,106791.35,0.00182,194.36025700000002
2025-10-18 03:14:12.547,106790.76,0.001,106.79075999999999
2025-10-18 03:14:12.549,106790.76,0.001,106.79075999999999
2025-10-18 03:14:12.550,106790.76,0.0003,32.037228
2025-10-18 03:14:12.608,106790.75,0.0028,299.0141
2025-10-18 03:14:12.612,106788.26,0.0001,10.678826
2025-10-18 03:14:12.683,106787.53,0.001,106.78753
2025-10-18 03:14:12.684,106787.53,0.001,106.78753
2025-10-18 03:14:12.685,106787.53,0.001,106.78753
2025-10-18 03:14:12.694,106787.53,0.0019,202.896307
2025-10-18 03:14:12.715,106787.52,0.00185,197.556912
2025-10-18 03:14:12.756,106786.47,5e-05,5.3393235
2025-10-18 03:14:12.866,106785.41,0.00936,999.5114376
2025-10-18 03:14:12.951,106785.4,0.00041,43.782014
2025-10-18 03:14:13.592,106785.4,0.00599,639.6445459999999
2025-10-18 03:14:13.686,106782.18,5e-05,5.339109
2025-10-18 03:14:14.291,106780.01,0.00381,406.83183809999997
2025-10-18 03:14:14.367,106780.01,0.00177,189.0006177
2025-10-18 03:14:14.599,106780.01,0.00936,999.4608936
2025-10-18 03:14:14.616,106780.0,0.00431,460.2218
2025-10-18 03:14:14.912,106780.01,7e-05,7.474600699999999
2025-10-18 03:14:15.476,106780.01,0.0015,160.170015
2025-10-18 03:14:15.671,106780.0,0.00209,223.1702
2025-10-18 03:14:15.932,106780.0,0.0002,21.356
2025-10-18 03:14:16.243,106780.01,0.0001,10.678001
2025-10-18 03:14:16.262,106780.01,0.0001,10.678001
2025-10-18 03:14:16.576,106780.0,0.0001,10.678
2025-10-18 03:14:16.638,106780.01,0.00075,80.0850075
2025-10-18 03:14:16.655,106780.0,0.00239,255.20420000000001
2025-10-18 03:14:16.681,106780.01,0.0001,10.678001
2025-10-18 03:14:16.748,106780.01,0.00019,20.2882019
2025-10-18 03:14:16.870,106780.01,9e-05,9.6102009
2025-10-18 03:14:16.871,106780.01,0.01873,1999.9895872999998
2025-10-18 03:14:16.918,106780.01,0.00024,25.627202399999998
2025-10-18 03:14:16.924,106780.01,0.00019,20.2882019
2025-10-18 03:14:16.962,106780.01,0.0001,10.678001
2025-10-18 03:14:17.048,106780.01,0.0005,53.390004999999995
2025-10-18 03:14:17.462,106780.01,0.00019,20.2882019
2025-10-18 03:14:17.576,106780.01,0.00388,414.3064388
2025-10-18 03:14:17.643,106780.0,0.00342,365.1876
2025-10-18 03:14:17.718,106780.01,0.00087,92.8986087
2025-10-18 03:14:17.919,106780.01,0.00174,185.7972174
2025-10-18 03:14:17.963,106780.01,0.00047,50.1866047
2025-10-18 03:14:18.186,106780.01,0.00019,20.2882019
2025-10-18 03:14:18.735,106780.0,0.00064,68.3392
2025-10-18 03:14:18.749,106780.0,0.0002,21.356
2025-10-18 03:14:18.892,106780.01,0.00032,34.169603200000005
2025-10-18 03:14:19.303,106780.01,0.0002,21.356002
2025-10-18 03:14:19.917,106780.0,0.00047,50.1866
2025-10-18 03:14:20.129,106778.1,2e-05,2.135562
2025-10-18 03:14:20.244,106778.1,0.00177,188.997237
2025-10-18 03:14:20.251,106777.42,0.00133,142.0139686
2025-10-18 03:14:20.254,106777.42,0.002,213.55484
2025-10-18 03:14:20.462,106777.43,0.00382,407.8897826
2025-10-18 03:14:20.620,106777.42,0.03592,3835.4449264
2025-10-18 03:14:20.724,106777.42,0.00015,16.016613
2025-10-18 03:14:20.783,106777.42,0.00047,50.185387399999996
2025-10-18 03:14:20.832,106777.42,8e-05,8.542193600000001
2025-10-18 03:14:20.918,106777.42,0.0001,10.677742
2025-10-18 03:14:20.982,106777.42,0.00022,23.4910324
2025-10-18 03:14:21.015,106777.41,0.0937,10005.043317000001
2025-10-18 03:14:21.083,106777.42,0.00019,20.287709800000002
2025-10-18 03:14:22.055,106777.41,0.0937,10005.043317000001
2025-10-18 03:14:23.034,106777.42,0.00019,20.287709800000002
2025-10-18 03:14:23.146,106777.41,0.03498,3735.0738017999997
2025-10-18 03:14:23.717,106777.41,0.00184,196.47043440000002
2025-10-18 03:14:24.897,106777.42,0.01198,1279.1934916
2025-10-18 03:14:26.212,106777.41,6e-05,6.406644600000001
2025-10-18 03:14:26.344,106777.41,5e-05,5.3388705000000005
2025-10-18 03:14:26.391,106777.41,0.00093,99.3029913
2025-10-18 03:14:26.743,106777.42,0.00382,407.8897444
2025-10-18 03:14:27.936,106777.41,0.01,1067.7741
2025-10-18 03:14:28.022,106777.42,0.00023,24.5588066
2025-10-18 03:14:28.505,106777.41,0.007,747.44187
2025-10-18 03:14:28.777,106777.41,0.00163,174.0471783
2025-10-18 03:14:29.662,106777.42,0.00039,41.6431938
2025-10-18 03:14:29.832,106777.41,0.00022,23.4910302
2025-10-18 03:14:31.655,106777.42,0.00029,30.9654518
2025-10-18 03:14:32.933,106777.42,0.00382,407.8897444
2025-10-18 03:14:33.565,106777.42,0.00069,73.67641979999999
2025-10-18 03:14:33.984,106777.41,0.00488,521.0737608
2025-10-18 03:14:34.719,106777.42,0.00424,452.73626079999997
2025-10-18 03:14:34.992,106777.42,0.00134,143.0817428
2025-10-18 03:14:35.801,106777.42,0.00067,71.5408714
2025-10-18 03:14:36.290,106777.42,0.00033,35.2365486
2025-10-18 03:14:36.297,106777.41,0.001,106.77741
2025-10-18 03:14:37.212,106777.41,9e-05,9.609966900000002
2025-10-18 03:14:38.322,106777.41,0.012,1281.3289200000002
2025-10-18 03:14:38.329,106777.42,0.0026,277.621292
2025-10-18 03:14:39.229,106777.42,0.00382,407.8897444
2025-10-18 03:14:39.656,106777.42,4e-05,4.2710968000000005
2025-10-18 03:14:39.902,106777.41,0.012,1281.3289200000002
2025-10-18 03:14:40.910,106777.41,0.012,1281.3289200000002
2025-10-18 03:14:40.912,106777.41,0.012,1281.3289200000002
2025-10-18 03:14:41.215,106777.0,5e-05,5.33885
2025-10-18 03:14:41.364,106776.85,0.012,1281.3222
2025-10-18 03:14:41.518,106776.85,0.0019,202.87601500000002
2025-10-18 03:14:42.574,106776.86,0.00013,13.880991799999999
2025-10-18 03:14:42.751,106776.86,6e-05,6.406611600000001
2025-10-18 03:14:43.256,106776.85,0.012,1281.3222
2025-10-18 03:14:43.257,106776.85,0.011,1174.54535
2025-10-18 03:14:43.259,106776.85,0.011,1174.54535
2025-10-18 03:14:43.315,106776.81,0.00015,16.0165215
2025-10-18 03:14:43.640,106776.81,0.00187,199.67263469999997
2025-10-18 03:14:45.123,106776.81,9e-05,9.609912900000001
2025-10-18 03:14:45.136,106776.81,0.00382,407.8874142
2025-10-18 03:14:45.151,106776.81,0.00381,406.8196461
2025-10-18 03:14:46.104,106776.81,0.00054,57.6594774
2025-10-18 03:14:46.439,106776.81,0.00217,231.7056777
2025-10-18 03:14:46.524,106776.81,0.03023,3227.8629662999997
2025-10-18 03:14:47.431,106776.8,0.008,854.2144000000001
2025-10-18 03:14:48.486,106776.81,0.00017,18.1520577
2025-10-18 03:14:49.165,106776.8,0.00072,76.87929600000001
2025-10-18 03:14:49.466,106776.81,0.001,106.77681
2025-10-18 03:14:51.328,106776.81,0.00146,155.89414259999998
2025-10-18 03:14:51.405,106776.81,0.00236,251.9932716
2025-10-18 03:14:51.584,106776.8,7e-05,7.4743759999999995
2025-10-18 03:14:51.609,106776.81,0.00382,407.8874142
2025-10-18 03:14:51.724,106776.81,4e-05,4.2710724
2025-10-18 03:14:53.007,106776.81,0.00093,99.3024333
2025-10-18 03:14:53.611,106776.81,0.0002,21.355362
2025-10-18 03:14:53.826,106776.81,0.01873,1999.9296513
2025-10-18 03:14:53.944,106776.81,5e-05,5.3388405
2025-10-18 03:14:54.342,106776.81,0.00037,39.5074197
2025-10-18 03:14:55.133,106776.81,0.00139,148.4197659
2025-10-18 03:14:56.392,106776.81,0.00014,14.948753399999998
2025-10-18 03:14:56.826,106776.81,0.18924,20206.443524399998
2025-10-18 03:14:57.576,106776.81,0.02804,2994.0217524
2025-10-18 03:14:57.982,106776.81,0.00382,407.8874142
2025-10-18 03:14:58.374,106776.81,0.09716,10374.4348596
2025-10-18 03:14:58.376,106776.81,0.04778,5101.7959818
2025-10-18 03:14:58.399,106776.81,0.05804,6197.3260524
2025-10-18 03:14:58.975,106776.81,0.00937,1000.4987097
2025-10-18 03:14:59.169,106776.81,0.15066,16086.994194599998
2025-10-18 03:14:59.171,106780.01,0.0001,10.678001
2025-10-18 03:14:59.245,106780.01,0.29177,31155.203517699996
2025-10-18 03:14:59.246,106781.25,0.0003,32.034375
2025-10-18 03:14:59.249,106781.26,0.00015,16.017189
2025-10-18 03:14:59.254,106782.71,0.00095,101.44357450000001
2025-10-18 03:14:59.259,106783.75,0.0007,74.748625
2025-10-18 03:14:59.260,106783.76,0.00065,69.409444
2025-10-18 03:14:59.267,106783.82,0.00175,186.871685
2025-10-18 03:14:59.292,106786.7,0.00279,297.934893
2025-10-18 03:14:59.313,106787.47,0.028,2990.04916
2025-10-18 03:14:59.315,106787.47,0.028,2990.04916
2025-10-18 03:14:59.318,106787.47,0.01174,1253.6848978
2025-10-18 03:14:59.324,106787.47,0.00447,477.33999090000003
2025-10-18 03:14:59.338,106787.48,0.0009,96.10873199999999
2025-10-18 03:14:59.404,106788.09,0.06013,6421.1678517
2025-10-18 03:14:59.478,106788.09,0.04978,5315.9111201999995
2025-10-18 03:14:59.484,106788.09,0.04726,5046.8051334
2025-10-18 03:14:59.493,106791.35,5e-05,5.3395675
2025-10-18 03:14:59.826,106791.81,0.00121,129.21809009999998
2025-10-18 03:15:00.430,106791.81,5e-05,5.3395905
2025-10-18 03:15:01.039,106791.81,0.00018,19.2225258
2025-10-18 03:15:01.048,106791.81,0.07525,8036.083702499999
2025-10-18 03:15:01.050,106791.81,0.37377,39915.5748237
2025-10-18 03:15:01.051,106791.81,0.07683,8204.814762299999
2025-10-18 03:15:01.052,106791.89,0.0001,10.679189000000001
2025-10-18 03:15:01.054,106792.89,5e-05,5.3396445
2025-10-18 03:15:01.059,106794.13,0.0002,21.358826
2025-10-18 03:15:01.066,106796.7,5e-05,5.339835
2025-10-18 03:15:01.102,106797.2,0.00205,218.93426000000002
2025-10-18 03:15:01.118,106798.25,6e-05,6.407895
2025-10-18 03:15:01.324,106799.76,0.00051,54.4678776
2025-10-18 03:15:01.640,106799.77,0.0042,448.559034
2025-10-18 03:15:02.129,106799.76,9e-05,9.6119784
2025-10-18 03:15:02.276,106799.77,0.00011,11.7479747
2025-10-18 03:15:02.351,106799.76,0.00579,618.3706103999999
2025-10-18 03:15:02.851,106799.77,0.00115,122.81973550000001
2025-10-18 03:15:03.235,106799.76,0.00018,19.2239568
2025-10-18 03:15:04.035,106799.77,0.00163,174.0836251
2025-10-18 03:15:04.229,106799.77,0.01,1067.9977000000001
2025-10-18 03:15:05.583,106799.77,7e-05,7.475983899999999
2025-10-18 03:15:06.211,106799.76,0.0007,74.75983199999999
2025-10-18 03:15:07.432,106799.77,0.00109,116.41174930000001
2025-10-18 03:15:08.246,106799.77,0.05913,6315.0704001
2025-10-18 03:15:08.247,106801.5,6e-05,6.4080900000000005
2025-10-18 03:15:08.251,106799.77,0.0001,10.679977000000001
2025-10-18 03:15:08.252,106803.12,5e-05,5.340156
2025-10-18 03:15:08.260,106803.12,0.0006,64.08187199999999
2025-10-18 03:15:08.266,106803.62,5e-05,5.340181
2025-10-18 03:15:08.276,106804.04,0.0007,74.762828
2025-10-18 03:15:08.293,106805.56,0.00095,101.465282
2025-10-18 03:15:08.314,106810.74,0.0001,10.681074
2025-10-18 03:15:08.320,106812.39,0.028,2990.74692
2025-10-18 03:15:08.478,106812.39,0.00012,12.817486800000001
2025-10-18 03:15:09.346,106812.38,0.00012,12.817485600000001
2025-10-18 03:15:09.824,106812.38,0.00071,75.8367898
2025-10-18 03:15:10.373,106812.39,0.00012,12.817486800000001
2025-10-18 03:15:10.486,106812.38,0.00366,390.9333108
2025-10-18 03:15:11.161,106812.38,0.00012,12.817485600000001
2025-10-18 03:15:11.392,106812.39,9e-05,9.6131151
2025-10-18 03:15:11.938,106812.39,0.00015,16.021858499999997
2025-10-18 03:15:12.069,106812.39,0.00012,12.817486800000001
2025-10-18 03:15:12.120,106812.39,7e-05,7.476867299999999
2025-10-18 03:15:12.189,106812.39,7e-05,7.476867299999999
2025-10-18 03:15:12.517,106812.39,0.00728,777.5941992
2025-10-18 03:15:12.518,106820.34,5e-05,5.341017
2025-10-18 03:15:12.520,106822.95,0.00998,1066.0930409999999
2025-10-18 03:15:12.524,106823.45,5e-05,5.3411725
2025-10-18 03:15:12.526,106828.03,0.048,5127.74544
2025-10-18 03:15:12.532,106830.0,0.0038,405.954
2025-10-18 03:15:12.565,106830.0,0.00194,207.2502
2025-10-18 03:15:12.598,106830.0,0.01872,1999.8576
2025-10-18 03:15:12.611,106829.99,0.00012,12.819598800000001
2025-10-18 03:15:12.616,106830.0,0.003,320.49
2025-10-18 03:15:12.627,106830.0,0.028,2991.2400000000002
2025-10-18 03:15:13.425,106829.9,0.0009,96.14690999999999
2025-10-18 03:15:13.436,106828.29,0.00015,16.024243499999997
2025-10-18 03:15:13.453,106828.39,0.0004,42.731356000000005
2025-10-18 03:15:13.605,106824.0,0.00015,16.0236
2025-10-18 03:15:13.612,106823.6,0.03383,3613.842388
2025-10-18 03:15:13.692,106823.59,0.00726,775.5392634
2025-10-18 03:15:13.710,106820.24,0.0016,170.912384
2025-10-18 03:15:13.717,106817.9,0.00153,163.43138699999997
2025-10-18 03:15:13.851,106812.4,0.00881,941.017244
2025-10-18 03:15:13.911,106817.08,0.00012,12.8180496
2025-10-18 03:15:13.915,106817.08,0.00273,291.6106284
2025-10-18 03:15:14.044,106812.44,6e-05,6.4087464
2025-10-18 03:15:14.270,106812.44,5e-05,5.340622000000001
2025-10-18 03:15:16.123,106812.43,0.0001,10.681243
2025-10-18 03:15:16.137,106812.43,0.00485,518.0402855
2025-10-18 03:15:16.658,106812.43,0.00096,102.5399328
2025-10-18 03:15:16.803,106812.44,7e-05,7.4768707999999995
2025-10-18 03:15:17.119,106812.43,0.0006,64.08745799999998
2025-10-18 03:15:17.290,106812.44,0.05031,5373.7338564
2025-10-18 03:15:17.293,106812.6,0.0005,53.4063
2025-10-18 03:15:17.306,106812.61,0.00065,69.4281965
2025-10-18 03:15:17.415,106818.61,0.00015,16.0227915
2025-10-18 03:15:18.445,106818.61,0.00123,131.3868903
2025-10-18 03:15:18.708,106818.62,9e-05,9.6136758
2025-10-18 03:15:18.813,106818.62,0.0337,3599.787494
2025-10-18 03:15:19.033,106818.61,0.00011,11.7500471
2025-10-18 03:15:19.259,106818.62,0.06976,7451.6669312
2025-10-18 03:15:19.260,106820.34,5e-05,5.341017
2025-10-18 03:15:19.262,106821.0,0.00689,735.9966900000001
2025-10-18 03:15:19.302,106821.0,0.0011,117.5031
2025-10-18 03:15:19.357,106825.02,0.028,2991.1005600000003
2025-10-18 03:15:19.376,106825.04,0.0002,21.365008
2025-10-18 03:15:19.416,106827.5,0.00175,186.948125
2025-10-18 03:15:19.685,106831.8,0.09366,10005.866388
2025-10-18 03:15:20.393,106831.81,8e-05,8.546544800000001
2025-10-18 03:15:20.618,106831.8,0.09366,10005.866388
2025-10-18 03:15:21.235,106831.8,0.00018,19.229724
2025-10-18 03:15:21.572,106831.81,7e-05,7.4782267
2025-10-18 03:15:21.664,106831.81,0.00935,998.8774235000001
2025-10-18 03:15:21.710,106831.8,0.09366,10005.866388
2025-10-18 03:15:21.773,106831.81,5e-05,5.341590500000001
2025-10-18 03:15:21.794,106831.81,0.0001,10.683181000000001
2025-10-18 03:15:22.357,106831.81,0.00486,519.2025966
2025-10-18 03:15:22.545,106831.81,0.00125,133.5397625
2025-10-18 03:15:22.558,106831.81,0.00012,12.8198172
2025-10-18 03:15:22.560,106831.81,0.00561,599.3264541
2025-10-18 03:15:22.817,106831.8,0.09366,10005.866388
2025-10-18 03:15:23.531,106829.79,0.03297,3522.1781763
2025-10-18 03:15:23.539,106824.25,0.0002,21.36485
2025-10-18 03:15:23.540,106824.25,0.0001,10.682425
2025-10-18 03:15:23.541,106824.25,0.04711,5032.4904175
2025-10-18 03:15:23.548,106824.26,0.03279,3502.7674853999997
2025-10-18 03:15:23.551,106824.25,0.00025,26.7060625
2025-10-18 03:15:23.558,106822.68,0.0001,10.682268
2025-10-18 03:15:23.566,106822.49,0.00015,16.023373499999998
2025-10-18 03:15:23.568,106822.03,0.0003,32.046609
2025-10-18 03:15:23.665,106821.12,0.00026,27.773491199999995
2025-10-18 03:15:23.688,106821.11,0.00252,269.1891972
2025-10-18 03:15:23.691,106820.0,0.0005,53.410000000000004
2025-10-18 03:15:23.695,106819.99,0.00155,165.5709845
2025-10-18 03:15:23.715,106818.45,0.00177,189.0686565
2025-10-18 03:15:23.736,106818.44,0.00168,179.45497920000003
2025-10-18 03:15:23.741,106816.97,0.0011,117.49866700000001
2025-10-18 03:15:23.743,106814.37,0.00015,16.022155499999997
2025-10-18 03:15:23.746,106814.37,0.00014,14.954011799999998
2025-10-18 03:15:23.758,106814.36,0.002,213.62872000000002
2025-10-18 03:15:23.829,106812.39,0.09367,10005.116571300001
2025-10-18 03:15:23.848,106812.39,5e-05,5.3406195
2025-10-18 03:15:23.910,106812.4,8e-05,8.544992
2025-10-18 03:15:24.959,106812.39,0.09367,10005.116571300001
2025-10-18 03:15:25.501,106812.4,0.00023,24.566852
2025-10-18 03:15:25.532,106812.4,0.00094,100.403656
2025-10-18 03:15:25.881,106812.39,0.0037,395.205843
2025-10-18 03:15:25.882,106811.26,5e-05,5.340563
2025-10-18 03:15:25.886,106811.12,0.00075,80.10834
2025-10-18 03:15:25.896,106810.42,0.00125,133.513025
2025-10-18 03:15:25.901,106809.0,0.012,1281.708
2025-10-18 03:15:25.905,106809.0,0.01152,1230.4396800000002
2025-10-18 03:15:25.906,106806.51,0.01174,1253.9084274
2025-10-18 03:15:25.908,106806.51,0.012,1281.67812
2025-10-18 03:15:26.100,106806.51,0.00356,380.2311756
2025-10-18 03:15:26.115,106806.51,0.00221,236.0423871
2025-10-18 03:15:26.515,106800.0,5e-05,5.34
2025-10-18 03:15:26.611,106799.81,0.00523,558.5630063
2025-10-18 03:15:26.614,106799.81,0.00016,17.0879696
2025-10-18 03:15:26.627,106799.8,0.001,106.7998
2025-10-18 03:15:26.628,106799.8,0.001,106.7998
2025-10-18 03:15:26.632,106799.8,0.00015,16.01997
2025-10-18 03:15:26.715,106799.79,0.0015,160.199685
2025-10-18 03:15:26.804,106799.04,0.0011,117.478944
2025-10-18 03:15:26.810,106799.0,0.00135,144.17865
2025-10-18 03:15:26.841,106796.77,0.0014,149.515478
2025-10-18 03:15:27.177,106796.76,0.03735,3988.8589859999997
2025-10-18 03:15:27.346,106796.77,5e-05,5.339838500000001
2025-10-18 03:15:27.896,106796.76,0.00109,116.4084684
2025-10-18 03:15:28.151,106796.77,0.00103,110.00067310000001
2025-10-18 03:15:28.263,106796.76,0.00293,312.91450679999997
2025-10-18 03:15:28.318,106796.76,0.012,1281.56112
2025-10-18 03:15:28.319,106796.76,0.012,1281.56112
2025-10-18 03:15:28.515,106793.44,0.00015,16.019016
2025-10-18 03:15:28.684,106793.44,0.00095,101.453768
2025-10-18 03:15:29.225,106793.44,0.30637,32718.3062128
2025-10-18 03:15:29.229,106793.52,0.0001,10.679352000000002
2025-10-18 03:15:29.232,106793.61,0.00025,26.6984025
2025-10-18 03:15:29.234,106794.13,5e-05,5.3397065
2025-10-18 03:15:29.266,106796.77,0.00292,311.8465684
2025-10-18 03:15:29.268,106796.78,0.00055,58.738229000000004
2025-10-18 03:15:29.279,106796.78,0.00055,58.738229000000004
2025-10-18 03:15:29.287,106799.14,0.02385,2547.159489
2025-10-18 03:15:29.417,106799.14,0.09368,10004.9434352
2025-10-18 03:15:29.646,106799.15,6e-05,6.4079489999999995
2025-10-18 03:15:29.762,106799.14,0.0003,32.039742
2025-10-18 03:15:29.930,106799.15,0.00103,110.0031245
2025-10-18 03:15:29.961,106799.15,6e-05,6.4079489999999995
2025-10-18 03:15:30.480,106799.14,0.09368,10004.9434352
2025-10-18 03:15:30.521,106799.15,0.0001,10.679915
2025-10-18 03:15:31.521,106799.14,0.00374,399.4287836
2025-10-18 03:15:31.575,106799.14,0.0001,10.679914
2025-10-18 03:15:31.616,106799.14,0.09368,10004.9434352
2025-10-18 03:15:31.828,106799.14,0.00044,46.9916216
2025-10-18 03:15:32.560,106799.15,0.00121,129.2269715
2025-10-18 03:15:32.706,106799.14,0.09368,10004.9434352
2025-10-18 03:15:32.835,106799.14,9e-05,9.6119226
2025-10-18 03:15:33.498,106799.15,9e-05,9.6119235
2025-10-18 03:15:33.817,106799.14,0.09368,10004.9434352
2025-10-18 03:15:33.899,106799.14,0.0005,53.399570000000004
2025-10-18 03:15:33.900,106799.14,0.00019,20.2918366
2025-10-18 03:15:34.074,106799.14,7e-05,7.475939799999999
2025-10-18 03:15:34.214,106799.15,0.01702,1817.721533
2025-10-18 03:15:34.772,106799.14,0.09368,10004.9434352
2025-10-18 03:15:35.304,106799.14,0.008,854.3931200000001
2025-10-18 03:15:35.349,106799.14,0.05,5339.957
2025-10-18 03:15:35.916,106799.14,0.09368,10004.9434352
2025-10-18 03:15:36.114,106799.15,0.00029,30.9717535
2025-10-18 03:15:36.410,106799.15,0.00047,50.1956005
2025-10-18 03:15:36.544,106799.15,0.01252,1337.125358
2025-10-18 03:15:37.170,106799.14,0.09368,10004.9434352
2025-10-18 03:15:37.375,106799.14,0.00644,687.7864616
2025-10-18 03:15:38.207,106799.14,0.09368,10004.9434352
2025-10-18 03:15:38.260,106799.15,0.00093,99.3232095
2025-10-18 03:15:38.347,106799.14,0.00092,98.2552088
2025-10-18 03:15:38.427,106799.15,0.00205,218.93825750000002
2025-10-18 03:15:38.505,106798.99,0.0001,10.679899
2025-10-18 03:15:38.513,106798.26,0.00122,130.2938772
2025-10-18 03:15:38.515,106798.26,0.00078,83.3026428
2025-10-18 03:15:38.521,106797.2,6e-05,6.407832
2025-10-18 03:15:38.542,106796.12,5e-05,5.339806
2025-10-18 03:15:38.544,106794.88,6e-05,6.4076928
2025-10-18 03:15:38.592,106794.87,0.00018,19.2230766
2025-10-18 03:15:38.715,106794.87,0.00556,593.7794772
2025-10-18 03:15:38.717,106794.86,5e-05,5.339743
2025-10-18 03:15:39.242,106794.86,0.09369,10005.6104334
2025-10-18 03:15:40.092,106794.86,6e-05,6.407691600000001
2025-10-18 03:15:40.276,106794.86,0.09369,10005.6104334
2025-10-18 03:15:40.938,106794.87,0.00327,349.2192249
2025-10-18 03:15:40.977,106794.86,0.001,106.79486
2025-10-18 03:15:40.980,106794.86,0.00344,367.3743184
2025-10-18 03:15:41.367,106794.13,0.0383,4090.2151790000003
2025-10-18 03:15:41.695,106794.13,0.00115,122.8132495
2025-10-18 03:15:41.899,106794.13,0.012,1281.5295600000002
2025-10-18 03:15:42.315,106794.13,0.012,1281.5295600000002
2025-10-18 03:15:42.612,106794.13,0.02575,2749.9488475
2025-10-18 03:15:42.647,106794.13,0.0061,651.444193
2025-10-18 03:15:42.661,106794.13,0.0008,85.435304
2025-10-18 03:15:43.617,106794.13,0.04011,4283.5125543
2025-10-18 03:15:44.317,106794.14,0.00039,41.649714599999996
2025-10-18 03:15:44.482,106794.13,0.012,1281.5295600000002
2025-10-18 03:15:44.483,106794.13,0.012,1281.5295600000002
2025-10-18 03:15:44.484,106794.13,0.008,854.3530400000001
2025-10-18 03:15:44.588,106794.14,9e-05,9.6114726
2025-10-18 03:15:44.716,106794.13,0.01654,1766.3749102
2025-10-18 03:15:44.819,106794.14,0.00937,1000.6610918
2025-10-18 03:15:45.281,106793.47,0.00611,652.5081017
2025-10-18 03:15:45.780,106793.47,0.02665,2846.0459755
2025-10-18 03:15:46.354,106793.47,0.005,533.96735
2025-10-18 03:15:46.356,106793.47,0.00169,180.4809643
2025-10-18 03:15:46.813,106793.36,0.02577,2752.0648872
2025-10-18 03:15:47.165,106793.36,0.003,320.38008
2025-10-18 03:15:47.167,106793.36,0.003,320.38008
2025-10-18 03:15:47.315,106790.44,5e-05,5.3395220000000005
2025-10-18 03:15:47.520,106790.44,0.0005,53.39522
2025-10-18 03:15:47.742,106790.43,0.09369,10005.1953867
2025-10-18 03:15:48.537,106793.49,0.0001,10.679349
2025-10-18 03:15:48.540,106794.13,0.0003,32.038239
2025-10-18 03:15:48.542,106794.71,0.00375,400.4801625
2025-10-18 03:15:48.546,106794.88,0.00045,48.057696
2025-10-18 03:15:48.549,106797.91,5e-05,5.339895500000001
2025-10-18 03:15:48.566,106798.41,0.0079,843.7074390000001
2025-10-18 03:15:48.573,106798.41,0.00937,1000.7011017
2025-10-18 03:15:48.577,106798.41,0.00481,513.7003521
2025-10-18 03:15:48.578,106798.41,0.00366,390.8821806
2025-10-18 03:15:48.579,106798.41,0.00468,499.81655880000005
2025-10-18 03:15:48.589,106798.41,0.00937,1000.7011017
2025-10-18 03:15:48.607,106800.54,0.00079,84.3724266
2025-10-18 03:15:48.612,106800.54,6e-05,6.4080324
2025-10-18 03:15:48.614,106807.4,0.00015,16.021109999999997
2025-10-18 03:15:48.879,106812.44,0.09368,10006.189379200001
2025-10-18 03:15:48.989,106812.45,0.00032,34.179984000000005
2025-10-18 03:15:49.699,106812.45,0.00015,16.0218675
2025-10-18 03:15:49.702,106812.45,0.1,10681.245
2025-10-18 03:15:49.872,106812.45,0.019,2029.43655
2025-10-18 03:15:49.938,106812.44,0.00016,17.0899904
2025-10-18 03:15:50.006,106812.44,0.09367,10005.1212548
2025-10-18 03:15:51.017,106812.44,0.09367,10005.1212548
2025-10-18 03:15:51.423,106812.45,0.0009,96.131205
2025-10-18 03:15:52.199,106812.44,0.09367,10005.1212548
2025-10-18 03:15:52.385,106812.45,0.00561,599.2178445000001
2025-10-18 03:15:52.855,106812.45,0.00132,140.992434
2025-10-18 03:15:53.067,106812.45,0.05617,5999.6553165
2025-10-18 03:15:53.256,106812.45,0.00487,520.1766315
2025-10-18 03:15:53.338,106812.44,0.09367,10005.1212548
2025-10-18 03:15:54.327,106812.44,0.09367,10005.1212548
2025-10-18 03:15:55.417,106812.44,0.09367,10005.1212548
2025-10-18 03:15:55.482,106812.44,0.00041,43.7931004
2025-10-18 03:15:56.261,106812.45,0.00174,185.85366299999998
2025-10-18 03:15:56.511,106812.44,0.09367,10005.1212548
2025-10-18 03:15:56.793,106812.45,0.00047,50.2018515
2025-10-18 03:15:56.845,106812.45,0.00224,239.25988799999996
2025-10-18 03:15:57.603,106812.44,0.09367,10005.1212548
2025-10-18 03:15:58.211,106812.45,0.00047,50.2018515
2025-10-18 03:15:58.691,106812.44,0.09367,10005.1212548
2025-10-18 03:15:59.184,106812.45,9e-05,9.6131205
2025-10-18 03:15:59.397,106812.45,0.00053,56.610598499999995
2025-10-18 03:15:59.716,106812.44,0.09367,10005.1212548
2025-10-18 03:15:59.815,106819.9,0.00015,16.022985
2025-10-18 03:16:00.443,106819.91,0.05,5340.995500000001
2025-10-18 03:16:00.736,106819.91,9e-05,9.6137919
2025-10-18 03:16:00.803,106819.91,0.00011,11.750190100000001
2025-10-18 03:16:00.826,106819.9,0.09367,10005.820033
2025-10-18 03:16:00.894,106819.91,0.00732,781.9217412
2025-10-18 03:16:00.934,106819.92,0.00201,214.7080392
2025-10-18 03:16:01.124,106819.93,0.0023,245.685839
2025-10-18 03:16:01.125,106819.94,0.00105,112.16093699999999
2025-10-18 03:16:01.185,106819.94,0.01068,1140.8369592000001
2025-10-18 03:16:01.187,106823.13,0.00642,685.8044946000001
2025-10-18 03:16:01.425,106823.13,0.00397,424.0878261
2025-10-18 03:16:01.816,106823.13,0.09366,10005.054355799999
2025-10-18 03:16:01.859,106823.14,0.00018,19.2281652
2025-10-18 03:16:02.983,106823.13,0.09366,10005.054355799999
2025-10-18 03:16:03.340,106823.14,0.01055,1126.984127
2025-10-18 03:16:03.860,106823.14,0.0001,10.682314
2025-10-18 03:16:03.971,106823.13,0.09366,10005.054355799999
2025-10-18 03:16:05.011,106823.13,0.09366,10005.054355799999
2025-10-18 03:16:06.017,106823.13,0.09366,10005.054355799999
2025-10-18 03:16:06.117,106823.13,0.00014,14.9552382
2025-10-18 03:16:06.917,106823.14,0.00085,90.799669
2025-10-18 03:16:07.017,106823.13,0.09366,10005.054355799999
2025-10-18 03:16:07.538,106823.14,0.00011,11.7505454
2025-10-18 03:16:08.018,106823.14,0.00133,142.0747762
2025-10-18 03:16:08.059,106823.13,0.09366,10005.054355799999
2025-10-18 03:16:08.416,106823.14,0.00011,11.7505454
2025-10-18 03:16:08.429,106823.13,9e-05,9.614081700000002
2025-10-18 03:16:08.978,106823.13,0.00924,987.0457212
2025-10-18 03:16:09.655,106823.13,0.00116,123.9148308
2025-10-18 03:16:09.816,106823.13,0.00586,625.9835418
2025-10-18 03:16:10.028,106823.14,9e-05,9.6140826
2025-10-18 03:16:10.917,106823.13,0.09366,10005.054355799999
2025-10-18 03:16:11.208,106823.13,0.00389,415.5419757
2025-10-18 03:16:11.248,106823.13,0.00014,14.9552382
2025-10-18 03:16:11.916,106823.13,0.09366,10005.054355799999
2025-10-18 03:16:12.147,106823.13,0.00076,81.1855788
2025-10-18 03:16:12.931,106823.13,0.09366,10005.054355799999
2025-10-18 03:16:13.310,106823.14,0.00015,16.023470999999997
2025-10-18 03:16:13.872,106823.14,0.00523,558.6850222
2025-10-18 03:16:13.920,106823.13,0.09366,10005.054355799999
2025-10-18 03:16:14.916,106823.13,0.09366,10005.054355799999
2025-10-18 03:16:15.576,106823.13,0.04317,4611.5545221
2025-10-18 03:16:15.715,106822.39,0.0001,10.682239000000001
2025-10-18 03:16:15.832,106822.36,0.00013,13.886906799999998
2025-10-18 03:16:15.894,106822.36,0.09366,10004.9822376
2025-10-18 03:16:16.478,106822.36,0.00013,13.886906799999998
2025-10-18 03:16:16.575,106822.36,7e-05,7.477565199999999
2025-10-18 03:16:16.582,106822.37,5e-05,5.3411185
2025-10-18 03:16:16.624,106822.37,8e-05,8.5457896
2025-10-18 03:16:16.918,106822.37,0.00094,100.4130278
2025-10-18 03:16:16.970,106822.36,0.00019,20.2962484
2025-10-18 03:16:16.987,106822.36,0.05687,6074.9876132
2025-10-18 03:16:16.989,106822.36,0.00569,607.8192283999999
2025-10-18 03:16:17.076,106822.37,0.00235,251.0325695
2025-10-18 03:16:17.181,106822.37,0.00043,45.933619099999994
2025-10-18 03:16:17.281,106822.37,6e-05,6.4093422
2025-10-18 03:16:17.371,106822.37,0.00024,25.6373688
2025-10-18 03:16:17.491,106822.37,0.00164,175.1886868
2025-10-18 03:16:17.624,106822.37,0.00381,406.9932297
2025-10-18 03:16:17.791,106822.37,0.0001,10.682237
2025-10-18 03:16:18.170,106822.37,0.00087,92.93546189999999
2025-10-18 03:16:18.281,106822.37,0.0001,10.682237
2025-10-18 03:16:18.317,106822.36,0.01196,1277.5954256
2025-10-18 03:16:18.384,106822.37,0.00019,20.2962503
2025-10-18 03:16:18.743,106822.37,0.0001,10.682237
2025-10-18 03:16:18.792,106822.37,0.0001,10.682237
2025-10-18 03:16:19.062,106822.37,0.0002,21.364474
2025-10-18 03:16:19.305,106822.37,0.0005,53.411184999999996
2025-10-18 03:16:19.316,106822.36,0.09366,10004.9822376
2025-10-18 03:16:19.382,106822.37,0.0118,1260.503966
2025-10-18 03:16:19.413,106822.37,0.00093,99.3448041
2025-10-18 03:16:19.847,106822.37,0.00094,100.4130278
2025-10-18 03:16:20.198,106822.37,0.00017,18.1598029
2025-10-18 03:16:20.556,106822.37,0.00071,75.8438827
2025-10-18 03:16:20.563,106822.36,0.09366,10004.9822376
2025-10-18 03:16:20.615,106822.37,0.0028,299.10263599999996
2025-10-18 03:16:21.126,106822.37,0.0001,10.682237
2025-10-18 03:16:21.282,106822.37,0.0001,10.682237
2025-10-18 03:16:21.536,106822.37,0.00012,12.8186844
2025-10-18 03:16:21.552,106822.36,0.0001,10.682236000000001
2025-10-18 03:16:21.618,106822.37,0.00033,35.2513821
2025-10-18 03:16:21.753,106822.36,0.09366,10004.9822376
2025-10-18 03:16:21.849,106822.37,0.028,2991.02636
2025-10-18 03:16:21.952,106822.37,0.01298,1386.5543625999999
2025-10-18 03:16:22.020,106822.37,0.00021,22.4326977
2025-10-18 03:16:22.559,106822.37,0.00087,92.93546189999999
2025-10-18 03:16:22.934,106822.37,0.00058,61.956974599999995
2025-10-18 03:16:23.022,106822.37,0.24228,25880.9238036
2025-10-18 03:16:23.028,106822.37,0.00092,98.2765804
2025-10-18 03:16:23.099,106822.36,0.09366,10004.9822376
2025-10-18 03:16:23.831,106822.37,5e-05,5.3411185
2025-10-18 03:16:24.122,106822.37,0.00382,408.0614534
2025-10-18 03:16:24.123,106822.37,0.01054,1125.9077798
2025-10-18 03:16:24.175,106822.36,0.0005,53.41118
2025-10-18 03:16:24.217,106822.36,0.09366,10004.9822376
2025-10-18 03:16:24.597,106822.37,0.00081,86.5261197
2025-10-18 03:16:25.006,106822.37,0.00348,371.74184759999997
2025-10-18 03:16:25.158,106822.37,0.00106,113.23171219999999
2025-10-18 03:16:25.373,106822.36,0.09366,10004.9822376
2025-10-18 03:16:25.694,106822.37,0.04005,4278.2359185000005
2025-10-18 03:16:26.185,106822.37,0.02381,2543.4406297
2025-10-18 03:16:26.213,106822.37,0.00093,99.3448041
2025-10-18 03:16:26.354,106822.36,0.09366,10004.9822376
2025-10-18 03:16:26.526,106822.36,0.29948,31991.160372800005
2025-10-18 03:16:26.527,106819.01,0.00015,16.022851499999998
2025-10-18 03:16:26.528,106815.96,0.00015,16.022394
2025-10-18 03:16:26.529,106814.5,6e-05,6.40887
2025-10-18 03:16:26.533,106812.87,5e-05,5.3406435
2025-10-18 03:16:26.535,106812.77,0.0341,3642.315457
2025-10-18 03:16:26.536,106811.0,0.0086,918.5746
2025-10-18 03:16:26.537,106811.0,0.00218,232.84798
2025-10-18 03:16:26.540,106807.65,0.0145,1548.710925
2025-10-18 03:16:26.553,106804.75,6e-05,6.408285
2025-10-18 03:16:26.557,106807.51,6e-05,6.4084506
2025-10-18 03:16:26.560,106807.51,0.00093,99.3309843
2025-10-18 03:16:26.578,106807.24,0.00015,16.021086
2025-10-18 03:16:26.584,106801.65,5e-05,5.3400825
2025-10-18 03:16:26.601,106799.5,6e-05,6.40797
2025-10-18 03:16:26.615,106799.51,6e-05,6.4079706
2025-10-18 03:16:26.672,106799.5,6e-05,6.40797
2025-10-18 03:16:26.686,106799.5,0.05568,5946.59616
2025-10-18 03:16:26.709,106799.5,0.00767,819.152165
2025-10-18 03:16:26.771,106799.49,0.0025,266.99872500000004
2025-10-18 03:16:26.772,106799.49,0.0025,266.99872500000004
2025-10-18 03:16:26.806,106799.49,0.00111,118.54743390000002
2025-10-18 03:16:26.807,106799.15,0.00028,29.903761999999997
2025-10-18 03:16:26.810,106796.17,6e-05,6.4077702
2025-10-18 03:16:26.813,106795.09,0.04202,4487.5296818
2025-10-18 03:16:26.821,106795.0,0.00051,54.465450000000004
2025-10-18 03:16:26.824,106794.13,5e-05,5.3397065
2025-10-18 03:16:26.829,106791.93,0.00015,16.018789499999997
2025-10-18 03:16:26.850,106791.81,0.00159,169.7989779
2025-10-18 03:16:27.076,106790.44,0.00013,13.882757199999999
2025-10-18 03:16:27.587,106790.43,0.09369,10005.1953867
2025-10-18 03:16:28.095,106790.44,0.26882,28707.4060808
2025-10-18 03:16:28.097,106790.44,0.0561,5990.943684
2025-10-18 03:16:28.098,106790.44,0.11608,12396.2342752
2025-10-18 03:16:28.099,106790.44,0.05218,5572.3251592
2025-10-18 03:16:28.100,106794.41,0.0002,21.358882
2025-10-18 03:16:28.114,106795.01,0.00046,49.1257046
2025-10-18 03:16:28.115,106806.13,0.00931,994.3650703000001
2025-10-18 03:16:28.199,106810.97,0.028,2990.70716
2025-10-18 03:16:28.487,106810.97,5e-05,5.340548500000001
2025-10-18 03:16:28.617,106810.96,0.09368,10006.0507328
2025-10-18 03:16:28.769,106810.97,0.00032,34.179510400000005
2025-10-18 03:16:28.869,106810.97,0.00015,16.021645499999998
2025-10-18 03:16:29.809,106810.96,0.09368,10006.0507328
2025-10-18 03:16:29.984,106810.96,0.01873,2000.5692808000001
2025-10-18 03:16:30.413,106810.97,0.00382,408.0179054
2025-10-18 03:16:30.510,106810.97,0.00065,69.4271305
2025-10-18 03:16:30.817,106810.96,0.09368,10006.0507328
2025-10-18 03:16:30.850,106810.97,0.0001,10.681097000000001
2025-10-18 03:16:31.221,106810.97,0.0002,21.362194000000002
2025-10-18 03:16:31.817,106810.96,0.09368,10006.0507328
2025-10-18 03:16:31.896,106810.97,0.00093,99.33420210000001
2025-10-18 03:16:32.341,106810.96,9e-05,9.6129864
2025-10-18 03:16:32.817,106810.96,0.09368,10006.0507328
2025-10-18 03:16:33.226,106810.97,0.05,5340.548500000001
2025-10-18 03:16:33.404,106810.96,0.005,534.0548
2025-10-18 03:16:34.017,106810.96,0.09368,10006.0507328
2025-10-18 03:16:34.179,106810.97,0.00207,221.0987079
2025-10-18 03:16:35.058,106810.96,0.09368,10006.0507328
2025-10-18 03:16:36.255,106810.96,0.09368,10006.0507328
2025-10-18 03:16:36.353,106810.97,0.0077,822.444469
2025-10-18 03:16:36.359,106810.97,0.00936,999.7506792
2025-10-18 03:16:36.370,106810.97,0.0001,10.681097000000001
2025-10-18 03:16:36.373,106811.69,0.0002,21.362338
2025-10-18 03:16:36.386,106812.75,0.00183,195.4673325
2025-10-18 03:16:36.410,106815.25,0.0002,21.36305
2025-10-18 03:16:36.416,106824.31,0.0001,10.682431000000001
2025-10-18 03:16:36.420,106826.96,6e-05,6.409617600000001
2025-10-18 03:16:36.446,106826.96,0.028,2991.15488
2025-10-18 03:16:36.550,106826.96,0.00382,408.07898720000003
2025-10-18 03:16:36.584,106826.95,9e-05,9.614425500000001
2025-10-18 03:16:36.820,106826.95,0.00203,216.8587085
2025-10-18 03:16:37.256,106826.96,0.00194,207.2443024
2025-10-18 03:16:37.316,106826.95,0.09366,10005.412137
2025-10-18 03:16:37.355,106826.96,0.00056,59.8230976
2025-10-18 03:16:37.524,106826.96,0.00017,18.1605832
2025-10-18 03:16:38.311,106826.95,0.09366,10005.412137
2025-10-18 03:16:38.382,106826.96,0.0001,10.682696000000002
2025-10-18 03:16:39.053,106826.96,0.00016,17.0923136
2025-10-18 03:16:39.095,106826.96,0.0092,982.808032
2025-10-18 03:16:39.228,106826.95,5e-05,5.3413475
2025-10-18 03:16:39.317,106826.95,0.09366,10005.412137
2025-10-18 03:16:39.977,106826.96,0.00062,66.2327152
2025-10-18 03:16:40.322,106826.96,0.0005,53.41348000000001
2025-10-18 03:16:40.417,106826.95,0.09366,10005.412137
2025-10-18 03:16:40.572,106826.96,6e-05,6.409617600000001
2025-10-18 03:16:41.013,106826.95,0.0005,53.413475
2025-10-18 03:16:41.374,106826.95,0.09366,10005.412137
2025-10-18 03:16:41.768,106826.96,0.00026,27.7750096
2025-10-18 03:16:42.078,106826.96,0.001,106.82696000000001
2025-10-18 03:16:42.467,106826.95,0.09366,10005.412137
2025-10-18 03:16:42.733,106826.96,0.00382,408.07898720000003
2025-10-18 03:16:43.077,106826.95,0.00093,99.3490635
2025-10-18 03:16:43.256,106826.96,0.00085,90.802916
2025-10-18 03:16:43.506,106826.95,0.09366,10005.412137
2025-10-18 03:16:44.015,106826.96,0.01031,1101.3859576
2025-10-18 03:16:44.289,106826.95,0.03392,3623.570144
2025-10-18 03:16:44.645,106826.95,0.09366,10005.412137
2025-10-18 03:16:45.638,106826.95,0.09366,10005.412137
2025-10-18 03:16:45.990,106826.96,0.00351,374.9626296
2025-10-18 03:16:46.218,106826.96,0.00076,81.18848960000001
2025-10-18 03:16:46.296,106826.95,0.012,1281.9234
2025-10-18 03:16:46.297,106826.95,0.012,1281.9234
2025-10-18 03:16:46.299,106826.95,0.012,1281.9234
2025-10-18 03:16:46.510,106826.96,0.00161,171.9914056
2025-10-18 03:16:46.617,106826.95,0.03067,3276.3825564999997
2025-10-18 03:16:46.898,106826.95,0.01,1068.2694999999999
2025-10-18 03:16:46.899,106826.95,0.01,1068.2694999999999
2025-10-18 03:16:46.900,106826.95,0.01,1068.2694999999999
2025-10-18 03:16:47.185,106826.96,0.0003,32.048088
2025-10-18 03:16:47.706,106826.95,0.09366,10005.412137
2025-10-18 03:16:47.739,106826.95,0.00352,376.030864
2025-10-18 03:16:47.803,106826.96,0.04753,5077.4854088
2025-10-18 03:16:48.792,106826.96,0.00382,408.07898720000003
2025-10-18 03:16:48.917,106826.95,0.09366,10005.412137
2025-10-18 03:16:49.218,106826.95,0.00012,12.819234
2025-10-18 03:16:49.314,106826.96,0.00163,174.1279448
2025-10-18 03:16:49.916,106826.95,0.09366,10005.412137
2025-10-18 03:16:50.546,106826.96,0.00242,258.5212432
2025-10-18 03:16:51.022,106826.95,0.09366,10005.412137
2025-10-18 03:16:51.085,106826.96,0.0096,1025.538816
2025-10-18 03:16:51.330,106831.55,5e-05,5.3415775000000005
2025-10-18 03:16:51.331,106833.36,0.00015,16.025004
2025-10-18 03:16:51.344,106833.97,6e-05,6.4100382
2025-10-18 03:16:51.501,106833.97,0.028,2991.35116
2025-10-18 03:16:51.735,106833.97,0.00175,186.9594475
2025-10-18 03:16:51.968,106833.97,0.00469,501.0513193
2025-10-18 03:16:52.017,106833.97,0.09366,10006.0696302
2025-10-18 03:16:52.040,106833.97,7e-05,7.478377899999999
2025-10-18 03:16:53.016,106833.97,0.09366,10006.0696302
2025-10-18 03:16:53.158,106833.98,0.028,2991.35144
2025-10-18 03:16:53.331,106833.98,0.00012,12.8200776
2025-10-18 03:16:53.894,106833.98,0.00052,55.55366959999999
2025-10-18 03:16:54.116,106833.97,0.09366,10006.0696302
2025-10-18 03:16:54.766,106833.98,0.007,747.83786
2025-10-18 03:16:55.117,106833.97,0.09366,10006.0696302
2025-10-18 03:16:55.205,106833.98,0.00382,408.1058036
2025-10-18 03:16:55.281,106833.98,0.021,2243.5135800000003
2025-10-18 03:16:55.589,106833.98,0.00195,208.326261
2025-10-18 03:16:55.772,106833.98,0.013,1388.8417399999998
2025-10-18 03:16:55.776,106833.98,0.015,1602.5096999999998
2025-10-18 03:16:56.317,106833.97,0.09366,10006.0696302
2025-10-18 03:16:56.685,106833.98,0.028,2991.35144
2025-10-18 03:16:57.417,106833.97,0.09366,10006.0696302
2025-10-18 03:16:57.527,106833.98,0.00936,999.9660527999999
2025-10-18 03:16:58.483,106833.97,0.09366,10006.0696302
2025-10-18 03:16:58.743,106833.98,0.028,2991.35144
2025-10-18 03:16:59.519,106833.97,0.09366,10006.0696302
2025-10-18 03:16:59.552,106833.98,6e-05,6.4100388
2025-10-18 03:16:59.570,106833.97,0.00048,51.2803056
2025-10-18 03:16:59.917,106833.98,0.00049,52.348650199999994
2025-10-18 03:17:00.607,106833.97,0.09366,10006.0696302
2025-10-18 03:17:00.636,106833.98,0.0003,32.050194
2025-10-18 03:17:01.090,106833.98,0.0023,245.718154
2025-10-18 03:17:01.308,106834.01,0.0002,21.366802
2025-10-18 03:17:01.310,106835.29,0.0001,10.683529
2025-10-18 03:17:01.311,106839.99,0.00015,16.0259985
2025-10-18 03:17:01.332,106840.0,0.0001,10.684000000000001
2025-10-18 03:17:01.572,106840.0,0.00382,408.1288
2025-10-18 03:17:01.788,106839.99,0.09365,10005.5650635
2025-10-18 03:17:01.811,106840.0,0.024,2564.16
2025-10-18 03:17:01.821,106840.0,0.004,427.36
2025-10-18 03:17:02.055,106839.99,0.00013,13.8891987
2025-10-18 03:17:02.319,106839.99,0.00037,39.5307963
2025-10-18 03:17:02.703,106840.0,0.00467,498.9428
2025-10-18 03:17:02.819,106839.99,0.09365,10005.5650635
2025-10-18 03:17:03.117,106840.0,0.00058,61.9672
2025-10-18 03:17:03.317,106840.0,0.00038,40.5992
2025-10-18 03:17:03.620,106840.0,0.0001,10.684000000000001
2025-10-18 03:17:03.817,106839.99,0.09365,10005.5650635
2025-10-18 03:17:04.916,106839.99,0.09365,10005.5650635
2025-10-18 03:17:05.260,106840.0,0.00012,12.8208
2025-10-18 03:17:05.630,106840.0,7e-05,7.4788
2025-10-18 03:17:05.818,106840.0,0.00024,25.6416
2025-10-18 03:17:05.960,106839.99,0.09365,10005.5650635
2025-10-18 03:17:06.282,106839.99,0.00016,17.094398400000003
2025-10-18 03:17:06.330,106840.0,0.00025,26.71
2025-10-18 03:17:06.342,106840.0,0.00025,26.71
2025-10-18 03:17:06.576,106839.99,8e-05,8.547199200000001
2025-10-18 03:17:06.912,106839.99,0.0003,32.051997
2025-10-18 03:17:06.917,106839.99,0.09365,10005.5650635
2025-10-18 03:17:07.481,106839.99,0.0012,128.207988
2025-10-18 03:17:07.618,106840.0,0.00052,55.556799999999996
2025-10-18 03:17:08.017,106839.99,0.09365,10005.5650635
2025-10-18 03:17:09.017,106839.99,0.09365,10005.5650635
2025-10-18 03:17:09.095,106840.0,0.00153,163.46519999999998
2025-10-18 03:17:09.130,106840.0,0.00163,174.1492
2025-10-18 03:17:09.139,106840.0,0.00773,825.8732
2025-10-18 03:17:09.637,106839.99,0.00011,11.752398900000001
2025-10-18 03:17:09.898,106840.0,0.00012,12.8208
2025-10-18 03:17:10.004,106840.57,0.0001,10.684057000000001
2025-10-18 03:17:10.008,106841.92,7e-05,7.478934399999999
2025-10-18 03:17:10.014,106844.0,0.0028,299.1632
2025-10-18 03:17:10.027,106846.74,0.08987,9602.316523800002
2025-10-18 03:17:10.034,106847.09,0.0001,10.684709
2025-10-18 03:17:10.060,106849.82,0.00146,156.0007372
2025-10-18 03:17:10.113,106849.92,0.028,2991.79776
2025-10-18 03:17:10.135,106849.91,0.09364,10005.425572400001
2025-10-18 03:17:10.227,106849.92,0.00246,262.8508032
2025-10-18 03:17:10.228,106850.25,6e-05,6.411015
2025-10-18 03:17:10.230,106850.68,0.00774,827.0242632
2025-10-18 03:17:10.265,106852.0,0.00415,443.43580000000003
2025-10-18 03:17:10.287,106853.5,6e-05,6.4112100000000005
2025-10-18 03:17:10.392,106855.42,0.00057,60.9075894
2025-10-18 03:17:10.395,106855.43,0.00045,48.084943499999994
2025-10-18 03:17:10.397,106858.0,0.0028,299.2024
2025-10-18 03:17:10.404,106859.26,0.0007,74.801482
2025-10-18 03:17:10.412,106859.26,0.00045,48.086667
2025-10-18 03:17:10.448,106860.0,0.00936,1000.2096
2025-10-18 03:17:10.918,106860.5,8e-05,8.54884
2025-10-18 03:17:10.919,106860.85,0.00069,73.7339865
2025-10-18 03:17:10.920,106863.67,0.0219,2340.3143729999997
2025-10-18 03:17:10.923,106865.85,0.00215,229.76157750000002
2025-10-18 03:17:10.924,106868.72,0.00015,16.030307999999998
2025-10-18 03:17:10.925,106868.73,0.0001,10.686873
2025-10-18 03:17:10.926,106870.34,0.00404,431.7561736
2025-10-18 03:17:10.929,106874.0,0.0028,299.2472
2025-10-18 03:17:10.932,106875.59,0.00936,1000.3555224
2025-10-18 03:17:11.054,106875.59,0.00011,11.7563149
2025-10-18 03:17:11.212,106875.58,0.09362,10005.6917996
2025-10-18 03:17:11.246,106875.58,0.0139,1485.5705619999999
2025-10-18 03:17:11.259,106875.58,0.0371,3965.084018
2025-10-18 03:17:11.519,106875.59,0.00047,50.231527299999996
2025-10-18 03:17:11.604,106875.59,0.00017,18.1688503
2025-10-18 03:17:12.055,106875.58,0.00552,589.9532015999999
2025-10-18 03:17:12.323,106875.58,0.09362,10005.6917996
2025-10-18 03:17:12.407,106875.59,0.0005,53.437795
2025-10-18 03:17:12.424,106875.59,0.00304,324.9017936
2025-10-18 03:17:12.606,106875.59,0.01,1068.7558999999999
2025-10-18 03:17:12.758,106875.58,0.00013,13.893825399999999
2025-10-18 03:17:13.313,106875.59,0.00065,69.4691335
2025-10-18 03:17:13.651,106875.59,0.08358,8932.6618122
2025-10-18 03:17:13.687,106875.58,0.09362,10005.6917996
2025-10-18 03:17:13.830,106875.59,0.01607,1717.4907313
2025-10-18 03:17:14.817,106875.58,0.09362,10005.6917996
2025-10-18 03:17:14.883,106875.59,0.00046,49.1627714
2025-10-18 03:17:15.096,106875.59,0.00014,14.962582599999998
2025-10-18 03:17:15.104,106875.59,0.0089,951.1927509999999
2025-10-18 03:17:15.543,106875.59,4e-05,4.2750236
2025-10-18 03:17:15.820,106875.58,0.09362,10005.6917996
2025-10-18 03:17:16.040,106875.58,0.1,10687.558
2025-10-18 03:17:16.134,106875.58,0.00012,12.8250696
2025-10-18 03:17:16.211,106875.59,0.00188,200.92610919999998
2025-10-18 03:17:16.806,106875.58,0.09362,10005.6917996
2025-10-18 03:17:16.979,106875.59,0.00025,26.7188975
2025-10-18 03:17:17.906,106875.59,0.00168,179.5509912
2025-10-18 03:17:17.916,106875.58,0.04943,5282.8599194
2025-10-18 03:17:18.267,106875.59,0.00936,1000.3555224
2025-10-18 03:17:18.583,106875.58,0.1,10687.558
2025-10-18 03:17:18.613,106875.58,0.00093,99.3942894
2025-10-18 03:17:19.091,106875.59,0.02784,2975.4164256
2025-10-18 03:17:19.868,106875.58,0.09362,10005.6917996
2025-10-18 03:17:20.924,106875.58,0.00093,99.3942894
2025-10-18 03:17:21.115,106875.58,0.09362,10005.6917996
2025-10-18 03:17:21.324,106875.58,0.2,21375.116
2025-10-18 03:17:21.401,106875.59,0.00028,29.925165199999995
2025-10-18 03:17:21.590,106875.59,0.00011,11.7563149
2025-10-18 03:17:22.155,106875.58,0.09362,10005.6917996
2025-10-18 03:17:22.203,106875.59,0.00025,26.7188975
2025-10-18 03:17:23.191,106875.58,0.09362,10005.6917996
2025-10-18 03:17:23.437,106875.59,5e-05,5.3437795
2025-10-18 03:17:23.936,106876.01,0.0001,10.687601
2025-10-18 03:17:23.939,106877.98,0.00415,443.543617
2025-10-18 03:17:23.973,106878.0,0.00175,187.03650000000002
2025-10-18 03:17:24.003,106878.0,0.00215,229.7877
2025-10-18 03:17:24.015,106878.01,0.00295,315.2901295
2025-10-18 03:17:24.041,106878.02,0.0025,267.19505000000004
2025-10-18 03:17:24.043,106878.02,5e-05,5.343901000000001
2025-10-18 03:17:24.044,106878.02,0.1,10687.802000000001
2025-10-18 03:17:24.076,106878.91,9e-05,9.6191019
2025-10-18 03:17:24.221,106879.99,0.00057,60.9215943
2025-10-18 03:17:24.225,106879.99,0.09361,10005.0358639
2025-10-18 03:17:24.419,106880.08,0.0001,10.688008
2025-10-18 03:17:24.423,106880.48,0.00126,134.6694048
2025-10-18 03:17:24.459,106882.0,0.00242,258.65443999999997
2025-10-18 03:17:24.474,106882.75,6e-05,6.412965
2025-10-18 03:17:24.615,106882.97,0.00165,176.3569005
2025-10-18 03:17:24.616,106882.98,0.00135,144.292023
2025-10-18 03:17:24.807,106884.88,0.0001,10.688488000000001
2025-10-18 03:17:24.809,106884.91,0.00309,330.2743719
2025-10-18 03:17:24.972,106884.92,0.0029,309.96626799999996
2025-10-18 03:17:24.976,106886.02,0.001,106.88602
2025-10-18 03:17:25.005,106886.27,0.00904,966.2518808
2025-10-18 03:17:25.044,106886.28,0.00162,173.15577359999997
2025-10-18 03:17:25.080,106888.0,0.25486,27241.475679999996
2025-10-18 03:17:25.110,106888.0,0.06598,7052.47024
2025-10-18 03:17:25.215,106888.51,0.0001,10.688851
2025-10-18 03:17:25.217,106888.0,0.0001,10.6888
2025-10-18 03:17:25.254,106888.69,0.0012,128.266428
2025-10-18 03:17:25.287,106888.7,0.0022,235.15514000000002
2025-10-18 03:17:25.304,106888.72,0.0011,117.57759200000001
2025-10-18 03:17:25.317,106889.24,0.09361,10005.9017564
2025-10-18 03:17:25.318,106891.62,0.0015,160.33742999999998
2025-10-18 03:17:25.366,106892.06,0.0001,10.689206
2025-10-18 03:17:25.483,106892.5,0.00225,240.50812499999998
2025-10-18 03:17:25.767,106892.51,0.00221,236.2324471
2025-10-18 03:17:25.808,106892.53,0.00229,244.7838937
2025-10-18 03:17:25.815,106892.54,0.0022,235.163588
2025-10-18 03:17:25.818,106892.55,0.002,213.7851
2025-10-18 03:17:25.868,106892.8,0.0001,10.68928
2025-10-18 03:17:26.380,106893.0,0.0936,10005.1848
2025-10-18 03:17:26.456,106893.01,0.00643,687.3220543
2025-10-18 03:17:26.519,106893.0,0.0001,10.689300000000001
2025-10-18 03:17:26.753,106893.01,0.00144,153.9259344
2025-10-18 03:17:26.905,106894.01,5e-05,5.3447005
2025-10-18 03:17:26.950,106894.01,0.00125,133.6175125
2025-10-18 03:17:26.984,106894.03,0.00125,133.6175375
2025-10-18 03:17:26.985,106896.0,0.003,320.688
2025-10-18 03:17:27.015,106898.0,0.0028,299.3144
2025-10-18 03:17:27.389,106899.99,0.09359,10004.770064100001
2025-10-18 03:17:28.088,106900.0,0.00012,12.828000000000001
2025-10-18 03:17:28.336,106899.99,0.0936,10005.839064000002
2025-10-18 03:17:29.474,106899.99,0.0936,10005.839064000002
2025-10-18 03:17:29.532,106900.0,0.00033,35.277
2025-10-18 03:17:30.463,106899.99,0.0936,10005.839064000002
2025-10-18 03:17:31.493,106899.99,0.0936,10005.839064000002
2025-10-18 03:17:31.643,106900.0,0.00015,16.035
2025-10-18 03:17:32.359,106900.0,0.00094,100.48599999999999
2025-10-18 03:17:32.417,106899.99,0.0936,10005.839064000002
2025-10-18 03:17:32.419,106900.0,0.00163,174.24699999999999
2025-10-18 03:17:32.587,106899.99,6e-05,6.413999400000001
2025-10-18 03:17:32.917,106899.99,0.28063,29999.3441937
2025-10-18 03:17:33.675,106899.99,0.0936,10005.839064000002
2025-10-18 03:17:34.273,106900.0,0.00013,13.896999999999998
2025-10-18 03:17:34.727,106899.99,0.012,1282.79988
2025-10-18 03:17:34.728,106899.99,0.012,1282.79988
2025-10-18 03:17:34.765,106899.99,0.0936,10005.839064000002
2025-10-18 03:17:35.517,106900.0,0.00054,57.726
2025-10-18 03:17:35.577,106900.0,0.00141,150.729
2025-10-18 03:17:35.946,106899.99,0.0936,10005.839064000002
2025-10-18 03:17:36.584,106899.99,0.00011,11.758998900000002
2025-10-18 03:17:36.878,106899.99,0.0052,555.879948
2025-10-18 03:17:37.024,106899.99,0.0936,10005.839064000002
2025-10-18 03:17:37.173,106899.99,0.00416,444.7039584
2025-10-18 03:17:37.181,106899.5,0.0001,10.689950000000001
2025-10-18 03:17:37.182,106898.9,0.00015,16.034834999999998
2025-10-18 03:17:37.186,106895.72,0.00389,415.8243508
2025-10-18 03:17:37.188,106895.47,6e-05,6.4137282
2025-10-18 03:17:37.190,106895.48,0.0306,3271.001688
2025-10-18 03:17:37.192,106895.47,0.00039,41.6892333
2025-10-18 03:17:37.194,106895.0,0.00015,16.03425
2025-10-18 03:17:37.204,106891.4,5e-05,5.34457
2025-10-18 03:17:37.206,106885.2,8e-05,8.550816000000001
2025-10-18 03:17:37.211,106884.13,6e-05,6.4130478
2025-10-18 03:17:37.216,106884.13,0.03117,3331.5783321
2025-10-18 03:17:37.223,106884.12,6e-05,6.4130472
2025-10-18 03:17:38.091,106884.13,0.00017,18.1703021
2025-10-18 03:17:38.093,106884.13,0.01871,1999.8020723000002
2025-10-18 03:17:38.116,106884.12,0.09361,10005.4224732
2025-10-18 03:17:38.530,106884.13,0.00163,174.2211319
2025-10-18 03:17:38.705,106884.13,0.00372,397.60896360000004
2025-10-18 03:17:39.095,106884.12,0.09361,10005.4224732
2025-10-18 03:17:39.162,106884.12,8e-05,8.5507296
2025-10-18 03:17:39.379,106884.13,0.03254,3478.0095902000003
2025-10-18 03:17:39.491,106884.12,0.0131,1400.181972
2025-10-18 03:17:39.927,106884.13,0.00019,20.307984700000002
2025-10-18 03:17:40.217,106884.12,0.09361,10005.4224732
2025-10-18 03:17:40.621,106884.12,0.00012,12.8260944
2025-10-18 03:17:41.032,106884.13,0.00028,29.9275564
2025-10-18 03:17:41.479,106884.12,0.09361,10005.4224732
2025-10-18 03:17:41.711,106884.13,0.00012,12.8260956
2025-10-18 03:17:41.886,106884.12,0.011,1175.7253199999998
2025-10-18 03:17:42.238,106884.13,0.27055,28917.501371500002
2025-10-18 03:17:42.240,106884.13,0.05847,6249.5150811
2025-10-18 03:17:42.242,106892.09,0.0001,10.689209
2025-10-18 03:17:42.308,106892.72,0.028,2992.99616
2025-10-18 03:17:42.434,106892.71,0.00012,12.827125200000001
2025-10-18 03:17:42.591,106894.7,0.00216,230.892552
2025-10-18 03:17:42.595,106894.7,0.00108,115.446276
2025-10-18 03:17:42.596,106894.71,0.00095,101.5499745
2025-10-18 03:17:42.617,106897.49,0.0936,10005.605064000001
2025-10-18 03:17:43.388,106897.5,0.00012,12.8277
2025-10-18 03:17:43.434,106899.99,0.00015,16.0349985
2025-10-18 03:17:43.533,106900.0,0.0005,53.45
2025-10-18 03:17:43.706,106899.99,0.0936,10005.839064000002
2025-10-18 03:17:43.711,106900.0,0.00125,133.625
2025-10-18 03:17:43.947,106899.99,0.00012,12.827998800000001
2025-10-18 03:17:44.436,106899.99,0.018,1924.19982
2025-10-18 03:17:44.773,106900.0,0.04677,4999.713
2025-10-18 03:17:44.844,106900.0,0.00012,12.828000000000001
2025-10-18 03:17:44.851,106899.99,0.0936,10005.839064000002
2025-10-18 03:17:45.293,106899.99,0.00012,12.827998800000001
2025-10-18 03:17:45.440,106900.0,0.02672,2856.368
2025-10-18 03:17:45.839,106899.99,0.0936,10005.839064000002
2025-10-18 03:17:45.941,106900.0,0.19009,20320.621
2025-10-18 03:17:45.942,106900.0,0.0002,21.380000000000003
2025-10-18 03:17:45.945,106900.08,6e-05,6.4140048
2025-10-18 03:17:45.967,106902.34,0.02217,2370.0248778
2025-10-18 03:17:45.970,106902.34,6e-05,6.4141404
2025-10-18 03:17:45.986,106902.34,0.00065,69.486521
2025-10-18 03:17:46.339,106902.34,0.00024,25.6565616
2025-10-18 03:17:46.362,106902.34,0.00012,12.8282808
2025-10-18 03:17:46.817,106902.33,0.09359,10004.989064700001
2025-10-18 03:17:46.987,106902.33,0.00012,12.8282796
2025-10-18 03:17:47.527,106902.57,0.00015,16.0353855
2025-10-18 03:17:47.530,106902.58,6e-05,6.4141548
2025-10-18 03:17:47.917,106902.57,0.09359,10005.0115263
2025-10-18 03:17:47.958,106902.58,0.00012,12.8283096
2025-10-18 03:17:48.696,106902.57,0.00012,12.828308400000001
2025-10-18 03:17:48.783,106902.58,5e-05,5.345129
2025-10-18 03:17:48.809,106902.58,0.00016,17.104412800000002
2025-10-18 03:17:49.004,106902.57,0.09359,10005.0115263
2025-10-18 03:17:49.030,106902.58,0.00011,11.7592838
2025-10-18 03:17:49.476,106902.57,0.0014,149.663598
2025-10-18 03:17:49.513,106902.58,0.00012,12.8283096
2025-10-18 03:17:49.847,106902.57,0.00238,254.42811660000004
2025-10-18 03:17:49.855,106902.57,0.01568,1676.2322976
2025-10-18 03:17:49.879,106902.58,0.00193,206.3219794
2025-10-18 03:17:50.117,106902.57,0.09359,10005.0115263
2025-10-18 03:17:50.167,106902.58,0.00028,29.9327224
2025-10-18 03:17:50.206,106902.57,0.00012,12.828308400000001
2025-10-18 03:17:50.283,106902.58,7e-05,7.4831806
2025-10-18 03:17:50.412,106902.58,0.00035,37.415903
2025-10-18 03:17:51.050,106902.58,9e-05,9.621232200000001
2025-10-18 03:17:51.073,106902.57,0.09359,10005.0115263
2025-10-18 03:17:51.226,106902.58,0.00012,12.8283096
2025-10-18 03:17:51.809,106902.57,0.00012,12.828308400000001
2025-10-18 03:17:52.158,106902.57,0.09359,10005.0115263
2025-10-18 03:17:52.367,106902.58,0.00164,175.3202312
2025-10-18 03:17:52.496,106902.58,0.00249,266.1874242
2025-10-18 03:17:52.583,106902.58,0.00094,100.4884252
2025-10-18 03:17:52.766,106902.57,9e-05,9.621231300000002
2025-10-18 03:17:52.780,106902.58,0.00012,12.8283096
2025-10-18 03:17:53.060,106902.58,0.0005,53.45129
2025-10-18 03:17:53.217,106902.57,0.09359,10005.0115263
2025-10-18 03:17:53.321,106902.57,0.0003,32.070771
2025-10-18 03:17:53.575,106902.58,5e-05,5.345129
2025-10-18 03:17:53.648,106902.57,0.1,10690.257000000001
2025-10-18 03:17:53.663,106902.58,0.00908,970.6754264
2025-10-18 03:17:54.014,106902.57,0.00093,99.41939010000002
2025-10-18 03:17:54.217,106902.57,0.09359,10005.0115263
2025-10-18 03:17:54.384,106902.58,0.028,2993.2722400000002
2025-10-18 03:17:55.317,106902.57,0.09359,10005.0115263
2025-10-18 03:17:55.410,106902.58,0.42908,45869.7590264
2025-10-18 03:17:55.424,106902.58,0.11374,12159.099449199999
2025-10-18 03:17:55.430,106902.58,0.21817,23322.9358786
2025-10-18 03:17:55.431,106902.58,0.15543,16615.8680094
2025-10-18 03:17:55.432,106902.58,0.09138,9768.7577604
2025-10-18 03:17:55.433,106902.66,0.0001,10.690266000000001
2025-10-18 03:17:55.434,106903.15,0.00015,16.035472499999997
2025-10-18 03:17:55.436,106904.0,0.00295,315.3668
2025-10-18 03:17:55.437,106904.01,0.00481,514.2082881
2025-10-18 03:17:55.443,106904.34,0.00431,460.75770539999996
2025-10-18 03:17:55.462,106906.77,0.00085,90.8707545
2025-10-18 03:17:55.499,106909.44,0.02199,2350.9385856
2025-10-18 03:17:55.516,106910.0,0.028,2993.48
2025-10-18 03:17:55.715,106910.0,0.00241,257.6531
2025-10-18 03:17:55.800,106910.01,0.016,1710.56016
2025-10-18 03:17:56.055,106910.0,0.016,1710.56
2025-10-18 03:17:56.354,106910.0,0.09358,10004.6378
2025-10-18 03:17:56.355,106910.01,0.00115,122.94651149999999
2025-10-18 03:17:56.494,106911.02,0.0001,10.691102
2025-10-18 03:17:56.530,106913.27,0.0073,780.4668710000001
2025-10-18 03:17:56.563,106913.27,0.00191,204.2043457
2025-10-18 03:17:56.936,106913.27,8e-05,8.553061600000001
2025-10-18 03:17:57.010,106913.27,0.00076,81.2540852
2025-10-18 03:17:57.239,106913.28,0.00214,228.7944192
2025-10-18 03:17:57.416,106913.27,0.09358,10004.9438066
2025-10-18 03:17:57.418,106913.54,0.00015,16.037031
2025-10-18 03:17:58.375,106913.63,0.09358,10004.9774954
2025-10-18 03:17:58.452,106913.64,0.5,53456.82
2025-10-18 03:17:58.652,106913.63,0.1,10691.363000000001
2025-10-18 03:17:59.305,106913.64,0.00601,642.5509764
2025-10-18 03:17:59.517,106913.63,0.09358,10004.9774954
2025-10-18 03:17:59.631,106913.63,0.00012,12.829635600000001
2025-10-18 03:17:59.685,106913.64,0.00303,323.9483292
2025-10-18 03:18:00.511,106913.63,0.09358,10004.9774954
2025-10-18 03:18:00.722,106913.64,0.00212,226.65691679999998
2025-10-18 03:18:00.988,106913.63,0.1,10691.363000000001
2025-10-18 03:18:01.144,106913.63,0.00085,90.8765855
2025-10-18 03:18:01.288,106913.63,0.0004,42.765452
2025-10-18 03:18:01.603,106913.63,0.09358,10004.9774954
2025-10-18 03:18:01.713,106913.64,0.028,2993.58192
2025-10-18 03:18:01.984,106913.64,0.00421,450.10642440000004
2025-10-18 03:18:02.557,106913.64,0.00311,332.5014204
2025-10-18 03:18:02.800,106913.63,0.09358,10004.9774954
2025-10-18 03:18:02.870,106913.64,0.00051,54.525956400000005
2025-10-18 03:18:03.595,106913.63,0.016,1710.6180800000002
2025-10-18 03:18:03.944,106913.63,0.09358,10004.9774954
2025-10-18 03:18:04.062,106913.63,0.00054,57.7333602
2025-10-18 03:18:04.732,106913.64,0.15194,16244.4584616
2025-10-18 03:18:04.733,106914.01,0.0002,21.382802
2025-10-18 03:18:04.739,106915.83,5e-05,5.345791500000001
2025-10-18 03:18:04.797,106916.0,0.028,2993.648
2025-10-18 03:18:05.035,106915.99,0.09358,10005.1983442
2025-10-18 03:18:05.040,106916.0,0.00091,97.29356
2025-10-18 03:18:05.072,106916.08,0.00191,204.2097128
2025-10-18 03:18:05.262,106917.84,0.0001,10.691784
2025-10-18 03:18:05.295,106917.91,0.00213,227.7351483
2025-10-18 03:18:05.327,106918.0,0.26224,28038.17632
2025-10-18 03:18:05.337,106919.75,3e-05,3.2075925
2025-10-18 03:18:05.359,106919.75,0.05299,5665.6775525
2025-10-18 03:18:05.389,106919.75,0.06841,7314.3800974999995
2025-10-18 03:18:05.573,106919.74,0.0187,1999.3991380000002
2025-10-18 03:18:06.027,106919.75,0.00253,270.50696750000003
2025-10-18 03:18:06.029,106919.99,0.0002,21.383998000000002
2025-10-18 03:18:06.040,106919.99,0.0675,7217.099325000001
2025-10-18 03:18:06.074,106920.0,0.00679,725.9868
2025-10-18 03:18:06.102,106920.0,0.002,213.84
2025-10-18 03:18:06.116,106920.0,0.02391,2556.4572000000003
2025-10-18 03:18:06.121,106920.0,0.00087,93.0204
2025-10-18 03:18:06.164,106920.06,0.00025,26.730015
2025-10-18 03:18:06.171,106920.06,0.0015,160.38009
2025-10-18 03:18:06.204,106921.1,0.00313,334.663043
2025-10-18 03:18:06.272,106921.09,0.09357,10004.6063913
2025-10-18 03:18:06.467,106921.09,0.00041,43.837646899999996
2025-10-18 03:18:06.468,106921.09,0.00014,14.968952599999998
2025-10-18 03:18:06.469,106921.09,0.00014,14.968952599999998
2025-10-18 03:18:06.534,106921.1,0.00337,360.324107
2025-10-18 03:18:06.628,106921.1,0.00467,499.321537
2025-10-18 03:18:06.994,106921.1,0.236,25233.3796
2025-10-18 03:18:07.029,106922.71,0.0001,10.692271000000002
2025-10-18 03:18:07.081,106922.98,0.20267,21670.0803566
2025-10-18 03:18:07.115,106923.07,0.07038,7525.245666600001
2025-10-18 03:18:07.156,106923.07,0.09507,10165.176264900001
2025-10-18 03:18:07.204,106923.08,0.00015,16.038462
2025-10-18 03:18:07.252,106923.08,0.0021,224.538468
2025-10-18 03:18:07.358,106923.08,0.09357,10004.7925956
2025-10-18 03:18:07.869,106923.09,0.0001,10.692309
2025-10-18 03:18:08.021,106923.09,0.00363,388.13081669999997
2025-10-18 03:18:08.024,106923.45,6e-05,6.415407
2025-10-18 03:18:08.393,106923.44,0.09357,10004.8262808
2025-10-18 03:18:08.594,106923.44,0.0079,844.6951760000001
2025-10-18 03:18:08.849,106923.45,0.00194,207.43149300000002
2025-10-18 03:18:08.852,106923.78,6e-05,6.4154268
2025-10-18 03:18:08.870,106923.78,0.00024,25.6617072
2025-10-18 03:18:08.904,106923.78,0.23399,25019.0952822
2025-10-18 03:18:08.954,106923.8,0.00026,27.800188
2025-10-18 03:18:08.956,106924.34,0.0001,10.692434
2025-10-18 03:18:08.957,106924.33,6e-05,6.4154598
2025-10-18 03:18:08.987,106924.33,0.00132,141.1401156
2025-10-18 03:18:09.017,106926.01,0.0002,21.385202
2025-10-18 03:18:09.019,106928.25,6e-05,6.415695
2025-10-18 03:18:09.029,106928.8,0.0467,4993.57496
2025-10-18 03:18:09.074,106928.81,0.003,320.78643
2025-10-18 03:18:09.473,106928.8,0.09357,10005.327816
2025-10-18 03:18:09.700,106928.81,0.00093,99.44379330000001
2025-10-18 03:18:09.902,106928.8,6e-05,6.4157280000000005
2025-10-18 03:18:10.462,106928.81,0.00593,634.0878433
2025-10-18 03:18:10.560,106928.8,0.09357,10005.327816
2025-10-18 03:18:11.076,106928.8,0.23914,25570.953232
2025-10-18 03:18:11.079,106928.8,0.37278,39860.918064
2025-10-18 03:18:11.080,106928.74,0.00012,12.8314488
2025-10-18 03:18:11.083,106928.73,0.0001,10.692873
2025-10-18 03:18:11.085,106928.69,0.00035,37.4250415
2025-10-18 03:18:11.098,106927.24,0.00165,176.429946
2025-10-18 03:18:11.115,106926.45,0.00225,240.5845125
2025-10-18 03:18:11.149,106926.44,0.00517,552.8096948
2025-10-18 03:18:11.154,106926.42,0.0017,181.774914
2025-10-18 03:18:11.610,106925.8,0.01525,1630.61845
2025-10-18 03:18:11.782,106925.8,0.00217,232.028986
2025-10-18 03:18:11.817,106925.8,0.03848,4114.504784
2025-10-18 03:18:11.820,106925.8,0.00487,520.728646
2025-10-18 03:18:11.881,106924.95,6e-05,6.415497
2025-10-18 03:18:12.400,106924.95,0.00124,132.586938
2025-10-18 03:18:12.725,106924.94,0.00495,529.278453
2025-10-18 03:18:12.978,106924.94,0.01546,1653.0595724
2025-10-18 03:18:13.035,106924.94,0.09358,10006.035885199999
2025-10-18 03:18:13.762,106924.95,0.00075,80.1937125
2025-10-18 03:18:14.062,106924.94,0.0998,10671.109012
2025-10-18 03:18:14.122,106924.94,0.09358,10006.035885199999
2025-10-18 03:18:14.570,106924.95,0.00014,14.969492999999998
2025-10-18 03:18:14.715,106924.95,0.00047,50.2547265
2025-10-18 03:18:14.731,106924.94,0.00084,89.8169496
2025-10-18 03:18:15.106,106924.94,0.09358,10006.035885199999
2025-10-18 03:18:15.323,106924.95,0.00162,173.21841899999998
2025-10-18 03:18:15.628,106924.95,0.00023,24.5927385
2025-10-18 03:18:15.774,106924.95,0.00093,99.44020350000001
2025-10-18 03:18:15.933,106924.95,0.00073,78.0552135
2025-10-18 03:18:16.026,106924.95,0.00064,68.431968
2025-10-18 03:18:16.033,106924.94,0.0004,42.769976
2025-10-18 03:18:16.217,106924.94,0.09358,10006.035885199999
2025-10-18 03:18:16.321,106924.95,0.0006,64.15496999999999
2025-10-18 03:18:16.562,106924.94,0.016,1710.79904
2025-10-18 03:18:16.647,106924.94,0.00249,266.2431006
2025-10-18 03:18:16.651,106924.93,0.00318,340.0212774
2025-10-18 03:18:16.652,106924.93,0.02812,3006.7290316
2025-10-18 03:18:16.710,106924.75,0.0002,21.38495
2025-10-18 03:18:16.712,106923.06,6e-05,6.4153836
2025-10-18 03:18:16.715,106922.39,6e-05,6.4153434
2025-10-18 03:18:16.718,106919.03,0.0033,352.83279899999997
2025-10-18 03:18:16.721,106916.93,0.00015,16.037539499999998
2025-10-18 03:18:16.812,106914.0,0.00427,456.52278
2025-10-18 03:18:16.818,106914.0,0.001,106.914
2025-10-18 03:18:16.820,106914.0,0.001,106.914
2025-10-18 03:18:16.821,106914.0,0.001,106.914
2025-10-18 03:18:17.317,106914.0,0.09358,10005.01212
2025-10-18 03:18:17.332,106914.01,0.00047,50.24958469999999
2025-10-18 03:18:17.491,106914.01,0.00047,50.24958469999999
2025-10-18 03:18:17.642,106914.01,0.00021,22.4519421
2025-10-18 03:18:17.824,106914.01,0.00034,36.3507634
2025-10-18 03:18:17.843,106914.01,0.00026,27.797642599999996
2025-10-18 03:18:17.870,106914.01,7e-05,7.483980699999999
2025-10-18 03:18:18.070,106914.01,0.00024,25.6593624
2025-10-18 03:18:18.092,106914.0,0.00029,31.00506
2025-10-18 03:18:18.217,106914.01,0.00019,20.3136619
2025-10-18 03:18:18.416,106914.0,0.09358,10005.01212
2025-10-18 03:18:18.418,106914.01,0.00015,16.0371015
2025-10-18 03:18:18.491,106914.01,0.0001,10.691401
2025-10-18 03:18:18.575,106914.01,8e-05,8.5531208
2025-10-18 03:18:18.599,106914.01,5e-05,5.3457005
2025-10-18 03:18:18.762,106914.01,0.0003,32.074203
2025-10-18 03:18:18.912,106914.01,0.00013,13.898821299999998
2025-10-18 03:18:18.962,106914.01,0.00109,116.5362709
2025-10-18 03:18:18.975,106914.01,0.00028,29.935922799999997
2025-10-18 03:18:19.032,106914.0,0.044,4704.215999999999
2025-10-18 03:18:19.190,106914.01,0.00044,47.0421644
2025-10-18 03:18:19.218,106914.01,0.0001,10.691401
2025-10-18 03:18:19.336,106914.01,0.0005,53.457004999999995
2025-10-18 03:18:19.362,106914.01,7e-05,7.483980699999999
2025-10-18 03:18:19.439,106914.0,0.001,106.914
2025-10-18 03:18:19.469,106914.01,0.00011,11.7605411
2025-10-18 03:18:19.516,106914.0,0.09358,10005.01212
2025-10-18 03:18:19.567,106914.01,0.00081,86.60034809999999
2025-10-18 03:18:19.669,106914.0,0.012,1282.968
2025-10-18 03:18:19.670,106914.0,0.012,1282.968
2025-10-18 03:18:19.671,106914.0,0.012,1282.968
2025-10-18 03:18:20.095,106914.0,0.012,1282.968
2025-10-18 03:18:20.096,106914.0,0.012,1282.968
2025-10-18 03:18:20.209,106914.0,0.012,1282.968
2025-10-18 03:18:20.527,106914.0,0.00296,316.46544
2025-10-18 03:18:20.592,106914.0,0.09358,10005.01212
2025-10-18 03:18:20.724,106914.01,0.00207,221.31200069999997
2025-10-18 03:18:21.042,106914.0,0.00012,12.82968
2025-10-18 03:18:21.429,106914.01,0.0144,1539.5617439999999
2025-10-18 03:18:21.568,106914.01,0.00077,82.3237877
2025-10-18 03:18:21.579,106914.0,7e-05,7.483979999999999
2025-10-18 03:18:21.582,106914.0,0.016,1710.624
2025-10-18 03:18:21.629,106914.0,0.09358,10005.01212
2025-10-18 03:18:22.562,106914.0,0.30026,32101.99764
2025-10-18 03:18:22.706,106914.0,0.02847,3043.84158
2025-10-18 03:18:22.771,106914.0,0.09358,10005.01212
2025-10-18 03:18:22.967,106914.0,0.00906,968.64084
2025-10-18 03:18:23.751,106914.0,0.09358,10005.01212
2025-10-18 03:18:24.021,106914.0,0.1,10691.400000000001
2025-10-18 03:18:24.332,106914.01,0.00047,50.24958469999999
2025-10-18 03:18:24.443,106914.01,0.0004,42.765604
2025-10-18 03:18:24.481,106914.01,0.0001,10.691401
2025-10-18 03:18:24.491,106914.01,0.00137,146.4721937
2025-10-18 03:18:24.716,106914.0,0.09358,10005.01212
2025-10-18 03:18:24.724,106914.01,0.00017,18.1753817
2025-10-18 03:18:24.942,106914.0,0.00019,20.313660000000002
2025-10-18 03:18:25.217,106914.01,0.0187,1999.291987
2025-10-18 03:18:25.722,106914.0,0.09358,10005.01212
2025-10-18 03:18:26.644,106914.0,0.008,855.312
2025-10-18 03:18:26.701,106914.0,0.09358,10005.01212
2025-10-18 03:18:26.833,106914.0,0.00026,27.797639999999998
2025-10-18 03:18:27.673,106914.01,0.027,2886.67827
2025-10-18 03:18:27.739,106914.01,0.00077,82.3237877
2025-10-18 03:18:27.808,106914.01,0.001,106.91400999999999
2025-10-18 03:18:27.844,106914.0,0.09358,10005.01212
2025-10-18 03:18:27.982,106914.0,0.07353,7861.38642
2025-10-18 03:18:28.567,106914.0,0.00082,87.66948
2025-10-18 03:18:28.568,106914.0,0.00138,147.54131999999998
2025-10-18 03:18:28.569,106914.0,0.00138,147.54131999999998
2025-10-18 03:18:28.674,106914.0,0.00235,251.24790000000002
2025-10-18 03:18:28.699,106914.0,0.00026,27.797639999999998
2025-10-18 03:18:29.056,106914.0,0.0014,149.6796
2025-10-18 03:18:29.133,106914.0,0.09358,10005.01212
2025-10-18 03:18:29.663,106914.0,6e-05,6.41484
2025-10-18 03:18:30.184,106914.0,0.09358,10005.01212
2025-10-18 03:18:30.291,106914.0,0.00018,19.24452
2025-10-18 03:18:30.781,106914.01,0.00163,174.26983629999998
2025-10-18 03:18:31.223,106914.0,0.09358,10005.01212
2025-10-18 03:18:31.262,106914.01,0.00269,287.5986869
2025-10-18 03:18:31.563,106914.0,0.0012,128.2968
2025-10-18 03:18:31.916,106914.0,0.01546,1652.89044
2025-10-18 03:18:32.125,106914.01,0.00016,17.1062416
2025-10-18 03:18:32.158,106914.0,0.09358,10005.01212
2025-10-18 03:18:32.266,106914.0,0.00432,461.86848000000003
2025-10-18 03:18:32.518,106914.01,0.00604,645.7606204
2025-10-18 03:18:33.011,106914.01,0.00093,99.4300293
2025-10-18 03:18:33.199,106914.0,0.09358,10005.01212
2025-10-18 03:18:33.599,106914.0,0.00113,120.81281999999999
2025-10-18 03:18:34.057,106914.0,0.0009,96.2226
2025-10-18 03:18:34.135,106914.0,0.09358,10005.01212
2025-10-18 03:18:34.357,106914.01,0.00012,12.8296812
2025-10-18 03:18:35.111,106914.0,0.00012,12.82968
2025-10-18 03:18:35.174,106914.0,0.09358,10005.01212
2025-10-18 03:18:35.442,106913.7,0.00015,16.037055
2025-10-18 03:18:35.443,106913.27,0.03135,3351.7310145000006
2025-10-18 03:18:35.444,106909.73,0.00374,399.84239019999995
2025-10-18 03:18:35.445,106907.0,0.01479,1581.15453
2025-10-18 03:18:35.447,106906.37,5e-05,5.3453185
2025-10-18 03:18:35.448,106905.84,0.00015,16.035876
2025-10-18 03:18:35.454,106903.71,0.03708,3963.9895668000004
2025-10-18 03:18:35.460,106903.7,0.0005,53.45185
2025-10-18 03:18:35.466,106902.99,0.00097,103.6959003
2025-10-18 03:18:35.467,106902.99,0.00053,56.6585847
2025-10-18 03:18:35.472,106902.58,0.012,1282.83096
2025-10-18 03:18:35.487,106902.36,0.00032,34.208755200000006
2025-10-18 03:18:35.513,106902.36,0.0027,288.636372
2025-10-18 03:18:36.207,106902.33,0.06637,7095.1076421
2025-10-18 03:18:36.458,106902.33,0.02707,2893.8460731
2025-10-18 03:18:36.459,106902.31,0.0002,21.380462
2025-10-18 03:18:36.460,106901.54,0.00015,16.035230999999996
2025-10-18 03:18:36.464,106900.01,0.03193,3413.3173193
2025-10-18 03:18:36.465,106900.0,0.02513,2686.397
2025-10-18 03:18:36.466,106895.75,6e-05,6.4137450000000005
2025-10-18 03:18:36.654,106894.76,5e-05,5.344738
2025-10-18 03:18:36.903,106894.76,0.00018,19.2410568
2025-10-18 03:18:37.550,106894.76,0.0936,10005.349536
2025-10-18 03:18:37.853,106893.71,0.01355,1448.4097705000001
2025-10-18 03:18:38.616,106893.71,0.0936,10005.251256000001
2025-10-18 03:18:38.962,106893.71,0.0998,10667.992258
2025-10-18 03:18:39.478,106893.71,0.012,1282.7245200000002
2025-10-18 03:18:39.479,106893.71,0.012,1282.7245200000002
2025-10-18 03:18:39.883,106893.71,0.0936,10005.251256000001
2025-10-18 03:18:40.808,106893.71,0.012,1282.7245200000002
2025-10-18 03:18:41.126,106893.72,0.17763,18987.5314836
2025-10-18 03:18:41.127,106893.72,4.44586,475234.51399919996
2025-10-18 03:18:41.128,106893.73,0.00104,111.16947919999998
2025-10-18 03:18:41.130,106894.77,0.00494,528.0601638
2025-10-18 03:18:41.134,106894.77,0.00316,337.7874732
2025-10-18 03:18:41.135,106900.01,0.00361,385.9090361
2025-10-18 03:18:41.149,106900.01,0.0009,96.210009
2025-10-18 03:18:41.150,106900.13,0.00566,605.0547358
2025-10-18 03:18:41.172,106900.13,0.0007,74.830091
2025-10-18 03:18:41.174,106902.0,0.00025,26.7255
2025-10-18 03:18:41.179,106902.24,0.09359,10004.980641600001
2025-10-18 03:18:41.183,106902.34,0.0002,21.380468
2025-10-18 03:18:41.188,106902.34,5e-05,5.345117
2025-10-18 03:18:41.194,106902.59,0.0008,85.522072
2025-10-18 03:18:41.197,106903.53,0.0011,117.593883
2025-10-18 03:18:41.215,106904.35,0.00231,246.9490485
2025-10-18 03:18:41.216,106908.75,6e-05,6.414525
2025-10-18 03:18:41.456,106911.86,0.00012,12.8294232
2025-10-18 03:18:41.527,106911.86,0.00287,306.8370382
2025-10-18 03:18:41.641,106911.85,0.1,10691.185000000001
2025-10-18 03:18:41.781,106911.86,0.00012,12.8294232
2025-10-18 03:18:42.257,106911.85,0.09359,10005.8800415
2025-10-18 03:18:42.455,106911.85,7e-05,7.4838295
2025-10-18 03:18:43.317,106911.85,0.09359,10005.8800415
2025-10-18 03:18:43.374,106911.86,0.00012,12.8294232
2025-10-18 03:18:43.440,106911.86,0.00025,26.727965
2025-10-18 03:18:43.889,106911.86,0.0436,4661.357096
2025-10-18 03:18:44.005,106911.85,0.0417,4458.224145
2025-10-18 03:18:44.143,106911.86,0.00094,100.4971484
2025-10-18 03:18:44.151,106911.85,0.00012,12.829422000000001
2025-10-18 03:18:44.275,106911.86,0.00048,51.3176928
2025-10-18 03:18:44.278,106911.86,0.01,1069.1186
2025-10-18 03:18:44.310,106911.85,0.09359,10005.8800415
2025-10-18 03:18:44.741,106911.86,0.00034,36.3500324
2025-10-18 03:18:44.851,106911.86,0.00012,12.8294232
2025-10-18 03:18:45.412,106911.85,0.00012,12.829422000000001
2025-10-18 03:18:45.417,106911.85,0.09359,10005.8800415
2025-10-18 03:18:45.682,106911.85,0.0083,887.3683550000001
2025-10-18 03:18:45.786,106911.85,0.096,10263.537600000001
2025-10-18 03:18:46.281,106911.86,0.02021,2160.6886906
2025-10-18 03:18:46.379,106911.85,0.09359,10005.8800415
2025-10-18 03:18:46.401,106911.85,0.00047,50.2485695
2025-10-18 03:18:46.465,106911.85,0.0748,7997.006380000001
2025-10-18 03:18:46.472,106911.85,0.05583,5968.8885855
2025-10-18 03:18:47.017,106911.86,0.00036,38.4882696
2025-10-18 03:18:47.168,106911.85,0.00088,94.08242800000001
2025-10-18 03:18:47.169,106911.85,0.02502,2674.934487
2025-10-18 03:18:47.170,106911.85,0.00065,69.49270250000001
2025-10-18 03:18:47.366,106911.85,0.09359,10005.8800415
2025-10-18 03:18:47.414,106911.85,0.0001,10.691185
2025-10-18 03:18:47.559,106911.85,0.00025,26.7279625
2025-10-18 03:18:47.651,106911.85,0.00014,14.967659
2025-10-18 03:18:47.833,106911.85,0.00125,133.6398125
2025-10-18 03:18:47.834,106911.85,0.00125,133.6398125
2025-10-18 03:18:48.614,106911.85,0.09359,10005.8800415
2025-10-18 03:18:48.631,106911.86,0.00022,23.520609200000003
2025-10-18 03:18:48.747,106911.85,0.00014,14.967659
2025-10-18 03:18:49.093,106911.85,0.0436,4661.35666
2025-10-18 03:18:49.252,106911.86,0.0004,42.764744
2025-10-18 03:18:49.270,106911.86,0.0001,10.691186
2025-10-18 03:18:49.916,106911.85,0.09359,10005.8800415
2025-10-18 03:18:50.020,106911.85,0.01526,1631.474831
2025-10-18 03:18:50.380,106911.86,0.0084,898.059624
2025-10-18 03:18:50.954,106911.85,0.09359,10005.8800415
2025-10-18 03:18:51.561,106911.85,0.1,10691.185000000001
2025-10-18 03:18:51.576,106911.85,7e-05,7.4838295
2025-10-18 03:18:52.016,106911.85,0.09359,10005.8800415
2025-10-18 03:18:52.210,106911.86,0.00122,130.43246919999999
2025-10-18 03:18:52.583,106911.85,5e-05,5.3455925
2025-10-18 03:18:52.786,106911.85,0.01712,1830.330872
2025-10-18 03:18:52.979,106911.85,0.09359,10005.8800415
2025-10-18 03:18:53.711,106911.85,0.00444,474.6886140000001
2025-10-18 03:18:54.052,106911.85,0.1,10691.185000000001
2025-10-18 03:18:54.117,106911.86,0.00019,20.3132534
2025-10-18 03:18:54.217,106911.85,0.09359,10005.8800415
2025-10-18 03:18:54.677,106911.85,0.00031,33.1426735
2025-10-18 03:18:55.188,106911.85,0.09359,10005.8800415
2025-10-18 03:18:56.117,106911.85,0.09359,10005.8800415
2025-10-18 03:18:56.187,106911.86,0.00019,20.3132534
2025-10-18 03:18:56.291,106911.85,0.0006,64.14711
2025-10-18 03:18:56.426,106911.85,0.00178,190.303093
2025-10-18 03:18:56.641,106911.85,0.0009,96.220665
2025-10-18 03:18:57.176,106911.85,0.03462,3701.288247
2025-10-18 03:18:57.177,106911.84,0.03484,3724.8085056
2025-10-18 03:18:57.179,106911.84,0.01402,1498.9039968
2025-10-18 03:18:57.183,106910.96,0.0011,117.60205600000002
2025-10-18 03:18:57.185,106910.97,0.0011,117.602067
2025-10-18 03:18:57.192,106902.25,6e-05,6.414135
2025-10-18 03:18:57.193,106898.85,0.012,1282.7862
2025-10-18 03:18:57.199,106898.86,0.00467,499.21767619999997
2025-10-18 03:18:57.221,106898.48,0.0002,21.379696
2025-10-18 03:18:57.224,106897.79,0.012,1282.77348
2025-10-18 03:18:57.416,106897.79,0.0936,10005.633144
2025-10-18 03:18:58.231,106897.8,0.00014,14.965691999999999
2025-10-18 03:18:58.474,106897.79,0.0936,10005.633144
2025-10-18 03:18:58.868,106897.79,0.00045,48.10400549999999
2025-10-18 03:18:59.004,106897.8,0.00057,60.931746
2025-10-18 03:18:59.271,106897.79,0.0009,96.20801099999998
2025-10-18 03:18:59.463,106897.79,0.0936,10005.633144
2025-10-18 03:18:59.745,106897.8,0.0001,10.68978
2025-10-18 03:19:00.113,106897.8,0.00239,255.48574200000002
2025-10-18 03:19:00.274,106897.8,0.00036,38.483208000000005
2025-10-18 03:19:00.612,106897.79,0.00531,567.6272648999999
2025-10-18 03:19:00.614,106896.91,0.17804,19031.9258564
2025-10-18 03:19:00.618,106895.79,0.00519,554.7891501
2025-10-18 03:19:00.620,106895.79,0.00221,236.23969590000002
2025-10-18 03:19:00.621,106895.79,0.012,1282.74948
2025-10-18 03:19:00.717,106895.79,0.03084,3296.6661636
2025-10-18 03:19:01.124,106895.8,0.00161,172.10223800000003
2025-10-18 03:19:01.179,106895.8,0.00212,226.61909599999998
2025-10-18 03:19:01.315,106895.79,0.00242,258.68781179999996
2025-10-18 03:19:01.649,106894.77,0.00015,16.0342155
2025-10-18 03:19:01.656,106894.76,0.00748,799.5728048
2025-10-18 03:19:01.658,106894.76,0.00295,315.339542
2025-10-18 03:19:01.670,106893.59,0.012,1282.72308
2025-10-18 03:19:01.715,106893.59,0.00224,239.44164159999997
2025-10-18 03:19:01.770,106893.58,0.00193,206.3046094
2025-10-18 03:19:01.817,106893.41,0.0001,10.689341
2025-10-18 03:19:01.847,106892.5,0.012,1282.71
2025-10-18 03:19:01.849,106892.5,0.012,1282.71
2025-10-18 03:19:01.852,106892.5,0.012,1282.71
2025-10-18 03:19:01.935,106892.5,6e-05,6.41355
2025-10-18 03:19:02.482,106892.5,0.00142,151.78735
2025-10-18 03:19:02.717,106892.5,0.0041,438.25925
2025-10-18 03:19:02.804,106892.5,0.00128,136.82240000000002
2025-10-18 03:19:03.176,106891.31,0.0001,10.689131
2025-10-18 03:19:03.179,106890.61,0.00105,112.2351405
2025-10-18 03:19:03.182,106890.37,0.00255,272.5704435
2025-10-18 03:19:03.183,106888.96,0.012,1282.6675200000002
2025-10-18 03:19:03.201,106888.96,0.00224,239.4312704
2025-10-18 03:19:03.231,106888.67,0.0002,21.377734
2025-10-18 03:19:03.267,106887.97,0.00187,199.88050389999998
2025-10-18 03:19:03.315,106885.41,0.0001,10.688541
2025-10-18 03:19:03.354,106884.28,0.00077,82.30089559999999
2025-10-18 03:19:03.390,106884.28,0.0005,53.44214
2025-10-18 03:19:03.607,106884.27,0.01107,1183.2088689
2025-10-18 03:19:03.850,106884.27,0.09361,10005.4365147
2025-10-18 03:19:04.134,106884.27,0.00257,274.6925739
2025-10-18 03:19:04.140,106884.05,0.0007,74.818835
2025-10-18 03:19:04.145,106883.46,0.0062,662.677452
2025-10-18 03:19:04.146,106883.46,0.008,855.0676800000001
2025-10-18 03:19:04.148,106883.46,0.008,855.0676800000001
2025-10-18 03:19:04.202,106883.46,0.00198,211.62925080000002
2025-10-18 03:19:04.216,106882.6,0.00192,205.214592
2025-10-18 03:19:04.384,106882.59,0.00111,118.6396749
2025-10-18 03:19:04.386,106882.59,0.00291,311.0283369
2025-10-18 03:19:04.550,106882.58,0.00243,259.7246694
2025-10-18 03:19:04.551,106882.56,0.0002,21.376512
2025-10-18 03:19:04.554,106881.91,0.00095,101.5378145
2025-10-18 03:19:04.566,106880.88,0.001,106.88088
2025-10-18 03:19:04.568,106880.88,0.001,106.88088
2025-10-18 03:19:04.569,106880.87,0.0006,64.12852199999999
2025-10-18 03:19:04.571,106880.87,0.0005,53.440435
2025-10-18 03:19:04.584,106880.0,0.0001,10.688
2025-10-18 03:19:04.589,106880.0,0.00936,1000.3968
2025-10-18 03:19:04.590,106879.78,5e-05,5.3439890000000005
2025-10-18 03:19:04.594,106879.33,0.00145,154.97502849999998
2025-10-18 03:19:04.601,106877.98,0.00047,50.2326506
2025-10-18 03:19:04.817,106877.32,0.09362,10005.8546984
2025-10-18 03:19:05.917,106877.32,0.09362,10005.8546984
2025-10-18 03:19:06.432,106870.72,0.00015,16.030607999999997
2025-10-18 03:19:06.438,106869.3,6e-05,6.412158000000001
2025-10-18 03:19:06.474,106869.3,0.00016,17.099088000000002
2025-10-18 03:19:06.576,106869.31,0.00059,63.0528929
2025-10-18 03:19:06.947,106869.3,0.09362,10005.103866
2025-10-18 03:19:07.045,106869.3,0.0009,96.18237
2025-10-18 03:19:07.117,106869.3,0.0014,149.61702
2025-10-18 03:19:07.131,106869.31,0.0005,53.434655
2025-10-18 03:19:07.156,106869.31,0.0005,53.434655
2025-10-18 03:19:07.232,106869.31,0.00049,52.365961899999995
2025-10-18 03:19:07.910,106869.31,0.00035,37.4042585
2025-10-18 03:19:07.987,106869.3,0.09362,10005.103866
2025-10-18 03:19:08.006,106869.31,0.00019,20.3051689
2025-10-18 03:19:08.807,106869.31,0.02088,2231.4311927999997
2025-10-18 03:19:08.914,106869.31,0.00163,174.1969753
2025-10-18 03:19:08.915,106869.31,0.0001,10.686931
2025-10-18 03:19:09.016,106869.3,0.09362,10005.103866
2025-10-18 03:19:09.350,106869.31,0.00081,86.5641411
2025-10-18 03:19:09.408,106869.3,0.1158,12375.46494
2025-10-18 03:19:09.810,106869.3,0.012,1282.4316000000001
2025-10-18 03:19:09.811,106869.3,0.012,1282.4316000000001
2025-10-18 03:19:09.812,106869.3,0.012,1282.4316000000001
2025-10-18 03:19:10.010,106869.3,0.09362,10005.103866
2025-10-18 03:19:10.484,106869.3,0.00043,45.953799000000004
2025-10-18 03:19:10.999,106869.3,0.09362,10005.103866
2025-10-18 03:19:12.066,106869.3,0.016,1709.9088000000002
2025-10-18 03:19:12.217,106869.3,0.00047,50.228571
2025-10-18 03:19:12.621,106869.31,0.00018,19.2364758
2025-10-18 03:19:12.622,106869.3,0.01407,1503.651051
2025-10-18 03:19:13.183,106869.31,0.00033,35.266872299999996
2025-10-18 03:19:13.401,106869.3,0.0054,577.0942200000001
2025-10-18 03:19:13.435,106869.3,0.012,1282.4316000000001
2025-10-18 03:19:13.436,106869.3,0.012,1282.4316000000001
2025-10-18 03:19:13.591,106869.3,0.012,1282.4316000000001
2025-10-18 03:19:13.592,106869.3,0.012,1282.4316000000001
2025-10-18 03:19:13.738,106869.31,0.0028,299.234068
2025-10-18 03:19:13.930,106869.3,0.006,641.2158000000001
2025-10-18 03:19:13.931,106869.31,0.00011,11.7556241
2025-10-18 03:19:13.963,106869.31,0.0019,203.05168899999998
2025-10-18 03:19:13.964,106869.3,0.00223,238.31853900000002
2025-10-18 03:19:14.422,106869.29,0.006,641.21574
2025-10-18 03:19:14.423,106869.29,0.006,641.21574
2025-10-18 03:19:14.715,106869.29,0.00235,251.1428315
2025-10-18 03:19:15.815,106865.38,0.00015,16.029806999999998
2025-10-18 03:19:16.082,106862.35,0.01403,1499.2787705
2025-10-18 03:19:16.315,106862.34,0.00014,14.960727599999998
2025-10-18 03:19:17.017,106862.34,0.01618,1729.0326612
2025-10-18 03:19:17.314,106862.34,0.43971,46988.439521399996
2025-10-18 03:19:17.817,106862.35,0.00796,850.624306
2025-10-18 03:19:17.984,106862.35,0.00116,123.96032600000001
2025-10-18 03:19:18.218,106862.34,0.3,32058.701999999997
2025-10-18 03:19:18.912,106862.35,0.0005,53.431175
2025-10-18 03:19:18.950,106862.35,0.0011,117.54858500000002
2025-10-18 03:19:19.384,106862.34,0.00418,446.68458119999997
2025-10-18 03:19:19.418,106862.35,0.0005,53.431175
2025-10-18 03:19:19.835,106862.34,0.00016,17.097974400000002
2025-10-18 03:19:19.971,106862.34,0.00092,98.3133528
2025-10-18 03:19:20.075,106862.34,0.09363,10005.5208942
2025-10-18 03:19:20.429,106862.35,0.02334,2494.167249
2025-10-18 03:19:20.566,106862.35,0.0013,138.921055
2025-10-18 03:19:20.724,106862.34,0.00028,29.921455199999997
2025-10-18 03:19:21.115,106862.34,0.09363,10005.5208942
2025-10-18 03:19:21.303,106862.35,0.00244,260.74413400000003
2025-10-18 03:19:21.578,106862.34,6e-05,6.4117404
2025-10-18 03:19:21.584,106862.34,0.00202,215.8619268
2025-10-18 03:19:22.013,106862.35,0.00018,19.235223
2025-10-18 03:19:22.104,106862.34,0.09363,10005.5208942
2025-10-18 03:19:23.134,106862.34,0.09363,10005.5208942
2025-10-18 03:19:23.344,106862.34,0.0015,160.29351
2025-10-18 03:19:24.163,106862.34,0.00339,362.26333259999996
2025-10-18 03:19:24.175,106862.34,0.09363,10005.5208942
2025-10-18 03:19:24.579,106862.34,0.1,10686.234
2025-10-18 03:19:25.116,106862.34,0.09363,10005.5208942
2025-10-18 03:19:25.379,106862.34,0.00012,12.8234808
2025-10-18 03:19:25.632,106862.35,0.028,2992.1458000000002
2025-10-18 03:19:26.192,106862.35,0.00036,38.470446
2025-10-18 03:19:26.316,106862.34,0.09363,10005.5208942
2025-10-18 03:19:27.348,106862.34,0.09363,10005.5208942
2025-10-18 03:19:28.129,106862.35,0.00109,116.47996150000002
2025-10-18 03:19:28.487,106862.34,0.09363,10005.5208942
2025-10-18 03:19:29.579,106862.34,0.09363,10005.5208942
2025-10-18 03:19:30.049,106862.35,0.00051,54.499798500000004
2025-10-18 03:19:30.218,106862.35,0.00088,94.03886800000001
2025-10-18 03:19:30.716,106862.34,0.09363,10005.5208942
2025-10-18 03:19:30.832,106862.35,0.028,2992.1458000000002
2025-10-18 03:19:31.347,106862.34,0.00022,23.5097148
2025-10-18 03:19:31.362,106862.35,0.00258,275.704863
2025-10-18 03:19:31.867,106862.34,0.09363,10005.5208942
2025-10-18 03:19:32.811,106862.34,0.00088,94.0388592
2025-10-18 03:19:32.812,106862.34,0.038,4060.76892
2025-10-18 03:19:32.907,106862.34,0.09363,10005.5208942
2025-10-18 03:19:33.348,106862.35,9e-05,9.6176115
2025-10-18 03:19:34.000,106862.34,0.09363,10005.5208942
2025-10-18 03:19:34.098,106862.35,0.01263,1349.6714805000001
2025-10-18 03:19:34.570,106862.34,0.00299,319.5183966
2025-10-18 03:19:34.788,106862.35,0.00039,41.6763165
2025-10-18 03:19:34.975,106862.34,0.01335,1426.612239
2025-10-18 03:19:34.983,106862.34,0.0001,10.686234
2025-10-18 03:19:35.083,106862.34,0.09363,10005.5208942
2025-10-18 03:19:35.589,106862.35,9e-05,9.6176115
2025-10-18 03:19:35.843,106862.34,0.00054,57.7056636
2025-10-18 03:19:36.217,106862.34,0.09363,10005.5208942
2025-10-18 03:19:36.319,106862.35,0.00015,16.029352499999998
2025-10-18 03:19:36.343,106862.34,0.00017,18.1665978
2025-10-18 03:19:36.390,106862.34,0.00023,24.5783382
2025-10-18 03:19:36.892,106862.35,0.00464,495.84130400000004
2025-10-18 03:19:37.070,106862.34,0.0006,64.117404
2025-10-18 03:19:37.317,106862.34,0.09363,10005.5208942
2025-10-18 03:19:38.317,106862.34,0.09363,10005.5208942
2025-10-18 03:19:38.640,106862.35,0.00119,127.16619650000001
2025-10-18 03:19:39.392,106862.34,0.09363,10005.5208942
2025-10-18 03:19:39.590,106862.34,0.016,1709.79744
2025-10-18 03:19:40.416,106862.34,0.07553,8071.3125402
2025-10-18 03:19:40.512,106862.35,0.00027,28.852834500000004
2025-10-18 03:19:41.079,106862.0,0.0016,170.97920000000002
2025-10-18 03:19:41.081,106862.0,0.0006,64.1172
2025-10-18 03:19:41.082,106862.0,0.0013,138.9206
2025-10-18 03:19:41.084,106861.99,0.0011,117.54818900000001
2025-10-18 03:19:41.086,106860.29,0.13272,14182.4976888
2025-10-18 03:19:41.241,106860.28,0.00125,133.57535000000001
2025-10-18 03:19:41.242,106860.27,0.012,1282.3232400000002
2025-10-18 03:19:41.243,106860.27,0.00924,987.3888948
2025-10-18 03:19:41.244,106860.18,5e-05,5.343009
2025-10-18 03:19:41.245,106855.96,0.00015,16.028394
2025-10-18 03:19:41.249,106853.29,0.00925,988.3929324999999
2025-10-18 03:19:41.256,106853.16,0.00016,17.0965056
2025-10-18 03:19:41.257,106853.08,0.0357,3814.6549560000003
2025-10-18 03:19:41.315,106848.42,0.00015,16.027262999999998
2025-10-18 03:19:41.320,106845.07,6e-05,6.4107042000000005
2025-10-18 03:19:41.464,106845.07,0.09364,10004.9723548
2025-10-18 03:19:41.507,106845.08,0.0022,235.059176
2025-10-18 03:19:42.453,106845.08,0.00019,20.3005652
2025-10-18 03:19:42.517,106845.07,0.01795,1917.8690065000003
2025-10-18 03:19:42.518,106845.07,0.0202,2158.270414
2025-10-18 03:19:42.824,106845.08,0.0002,21.369016000000002
2025-10-18 03:19:43.115,106845.08,6e-05,6.4107048
2025-10-18 03:19:43.323,106845.07,0.012,1282.14084
2025-10-18 03:19:43.325,106845.07,0.012,1282.14084
2025-10-18 03:19:43.332,106845.07,0.012,1282.14084
2025-10-18 03:19:43.437,106845.07,0.012,1282.14084
2025-10-18 03:19:43.438,106845.07,0.012,1282.14084
2025-10-18 03:19:43.442,106845.07,0.012,1282.14084
2025-10-18 03:19:43.472,106845.07,0.05568,5949.133497600001
2025-10-18 03:19:43.617,106845.07,0.04011,4285.5557577
2025-10-18 03:19:44.462,106845.08,0.00168,179.49973440000002
2025-10-18 03:19:44.611,106845.07,0.0042,448.749294
2025-10-18 03:19:44.615,106845.07,0.003,320.53521
2025-10-18 03:19:44.616,106845.07,0.003,320.53521
2025-10-18 03:19:44.716,106845.07,0.09364,10004.9723548
2025-10-18 03:19:44.883,106845.07,0.0001,10.684507000000002
2025-10-18 03:19:44.987,106845.08,0.00093,99.36592440000001
2025-10-18 03:19:45.798,106845.08,0.00093,99.36592440000001
2025-10-18 03:19:45.911,106845.07,0.04413,4715.0729391
2025-10-18 03:19:45.985,106845.08,0.00012,12.8214096
2025-10-18 03:19:46.504,106845.07,0.00115,122.8718305
2025-10-18 03:19:46.892,106845.08,0.03029,3236.3374732
2025-10-18 03:19:46.917,106845.07,0.09364,10004.9723548
2025-10-18 03:19:46.966,106845.08,0.01871,1999.0714468
2025-10-18 03:19:47.266,106845.07,0.012,1282.14084
2025-10-18 03:19:47.267,106845.07,0.012,1282.14084
2025-10-18 03:19:47.278,106845.07,0.016,1709.52112
2025-10-18 03:19:47.317,106845.08,0.00151,161.33607080000002
2025-10-18 03:19:47.332,106845.08,0.0015,160.26762
2025-10-18 03:19:47.876,106845.07,0.01052,1124.0101364
2025-10-18 03:19:47.934,106845.08,5e-05,5.3422540000000005
2025-10-18 03:19:47.951,106845.07,0.09364,10004.9723548
2025-10-18 03:19:49.075,106845.07,0.09364,10004.9723548
2025-10-18 03:19:49.422,106845.08,0.00105,112.18733399999999
2025-10-18 03:19:49.642,106845.08,0.00047,50.2171876
2025-10-18 03:19:49.661,106845.07,0.016,1709.52112
2025-10-18 03:19:50.167,106845.07,0.09364,10004.9723548
2025-10-18 03:19:50.365,106845.08,0.00093,99.36592440000001
2025-10-18 03:19:51.078,106845.08,9e-05,9.6160572
2025-10-18 03:19:51.217,106845.07,0.09364,10004.9723548
2025-10-18 03:19:51.575,106845.07,9e-05,9.616056300000002
2025-10-18 03:19:51.669,106845.08,0.001,106.84508000000001
2025-10-18 03:19:51.670,106845.08,0.024,2564.28192
2025-10-18 03:19:52.059,106845.08,0.00279,298.0977732
2025-10-18 03:19:52.120,106845.08,0.00111,118.59803880000001
2025-10-18 03:19:52.191,106845.07,0.09364,10004.9723548
2025-10-18 03:19:52.332,106845.07,0.016,1709.52112
2025-10-18 03:19:52.473,106845.08,0.003,320.53524
2025-10-18 03:19:52.708,106845.08,0.00238,254.2912904
2025-10-18 03:19:53.283,106845.07,0.09364,10004.9723548
2025-10-18 03:19:54.416,106845.07,0.09364,10004.9723548
2025-10-18 03:19:54.669,106845.08,0.02379,2541.8444532
2025-10-18 03:19:55.350,106845.07,0.016,1709.52112
2025-10-18 03:19:55.417,106845.07,0.09364,10004.9723548
2025-10-18 03:19:55.608,106845.07,5e-05,5.342253500000001
2025-10-18 03:19:55.822,106845.08,0.00027,28.8481716
2025-10-18 03:19:56.439,106845.08,0.0007,74.791556
2025-10-18 03:19:56.451,106845.07,0.09364,10004.9723548
2025-10-18 03:19:56.627,106845.08,0.00093,99.36592440000001
2025-10-18 03:19:57.460,106845.08,0.04117,4398.8119436
2025-10-18 03:19:57.516,106845.07,0.09364,10004.9723548
2025-10-18 03:19:58.028,106845.07,0.0009,96.16056300000001
2025-10-18 03:19:58.675,106845.07,0.09364,10004.9723548
2025-10-18 03:19:58.815,106845.08,0.05799,6195.9461892
2025-10-18 03:19:58.817,106845.08,0.03259,3482.0811572000002
2025-10-18 03:19:58.886,106845.08,0.00255,272.45495400000004
2025-10-18 03:19:59.223,106845.08,0.00369,394.2583452
2025-10-18 03:19:59.228,106845.08,0.00799,853.6921892
2025-10-18 03:19:59.229,106845.08,0.02424,2589.9247392
2025-10-18 03:19:59.230,106845.08,0.04376,4675.5407008
2025-10-18 03:19:59.231,106845.52,5e-05,5.342276
2025-10-18 03:19:59.232,106847.5,0.00015,16.027124999999998
2025-10-18 03:19:59.237,106848.82,0.00105,112.191261
2025-10-18 03:19:59.242,106849.35,0.00404,431.67137400000007
2025-10-18 03:19:59.258,106849.35,0.0009,96.164415
2025-10-18 03:19:59.276,106851.48,0.00256,273.5397888
2025-10-18 03:19:59.278,106851.49,0.00745,796.0436005
2025-10-18 03:19:59.287,106852.92,0.0014,149.594088
2025-10-18 03:19:59.288,106852.93,6e-05,6.4111758
2025-10-18 03:19:59.329,106855.77,0.00058,61.9763466
2025-10-18 03:19:59.717,106855.76,0.09363,10004.9048088
2025-10-18 03:19:59.792,106855.77,0.00029,30.9881733
2025-10-18 03:20:00.210,106855.77,0.001,106.85577
2025-10-18 03:20:00.223,106855.77,0.00578,617.6263506
2025-10-18 03:20:00.261,106866.01,0.00056,59.844965599999995
2025-10-18 03:20:00.661,106866.01,0.001,106.86601
2025-10-18 03:20:00.718,106866.02,0.00039,41.6777478
2025-10-18 03:20:00.911,106866.01,0.09363,10005.8645163
2025-10-18 03:20:01.935,106866.02,0.00112,119.68994239999999
2025-10-18 03:20:02.017,106866.01,0.09363,10005.8645163
2025-10-18 03:20:02.130,106866.02,0.00264,282.1262928
2025-10-18 03:20:02.637,106866.01,0.0003,32.059802999999995
2025-10-18 03:20:03.017,106866.01,0.09363,10005.8645163
2025-10-18 03:20:03.302,106866.01,5e-05,5.3433005
2025-10-18 03:20:03.491,106866.02,0.00051,54.50167020000001
2025-10-18 03:20:03.517,106866.01,0.00022,23.5105222
2025-10-18 03:20:04.116,106866.01,0.09363,10005.8645163
2025-10-18 03:20:04.333,106866.01,0.1,10686.601
2025-10-18 03:20:04.986,106866.02,0.00049,52.3643498
2025-10-18 03:20:05.023,106866.02,0.00099,105.79735980000001
2025-10-18 03:20:05.120,106866.01,0.00046,49.1583646
2025-10-18 03:20:05.429,106866.01,0.09363,10005.8645163
2025-10-18 03:20:06.299,106866.02,0.00082,87.6301364
2025-10-18 03:20:06.352,106866.01,0.087,9297.342869999999
2025-10-18 03:20:06.616,106866.01,0.06438,6880.0337238
2025-10-18 03:20:06.649,106866.01,0.00071,75.8748671
2025-10-18 03:20:07.023,106866.02,9e-05,9.6179418
2025-10-18 03:20:07.484,106866.02,0.01441,1539.9393482
2025-10-18 03:20:07.695,106866.01,0.09363,10005.8645163
2025-10-18 03:20:08.055,106866.02,0.00017,18.1672234
2025-10-18 03:20:08.141,106866.01,0.00046,49.1583646
2025-10-18 03:20:08.697,106866.01,0.09363,10005.8645163
2025-10-18 03:20:08.851,106866.01,0.0174,1859.4685739999998
2025-10-18 03:20:09.051,106866.02,0.00936,1000.2659472
2025-10-18 03:20:09.317,106866.02,0.00131,139.9944862
2025-10-18 03:20:09.699,106866.01,0.09363,10005.8645163
2025-10-18 03:20:10.046,106866.02,0.00012,12.8239224
2025-10-18 03:20:10.804,106866.02,0.00467,499.0643134
2025-10-18 03:20:10.835,106866.01,0.09363,10005.8645163
2025-10-18 03:20:11.184,106866.02,0.00101,107.9346802
2025-10-18 03:20:11.273,106866.02,0.00091,97.24807820000001
2025-10-18 03:20:11.437,106866.01,0.0035,374.031035
2025-10-18 03:20:11.783,106866.01,0.00046,49.1583646
2025-10-18 03:20:11.916,106866.01,0.09363,10005.8645163
2025-10-18 03:20:12.369,106866.02,0.00329,351.5892058
2025-10-18 03:20:12.508,106866.01,0.14136,15106.579173600001
2025-10-18 03:20:13.015,106866.01,0.09363,10005.8645163
2025-10-18 03:20:13.840,106866.01,0.0007,74.806207
2025-10-18 03:20:14.067,106866.01,0.00425,454.1805425
2025-10-18 03:20:14.151,106866.01,0.09363,10005.8645163
2025-10-18 03:20:14.369,106866.02,0.01151,1230.0278902
2025-10-18 03:20:14.706,106866.01,0.00213,227.6246013
2025-10-18 03:20:14.820,106866.02,0.00071,75.87487420000001
2025-10-18 03:20:15.262,106866.02,0.0005,53.43301
2025-10-18 03:20:15.339,106866.01,0.04923,5261.0136723000005
2025-10-18 03:20:15.415,106865.9,0.0009,96.17930999999999
2025-10-18 03:20:15.517,106866.01,0.0003,32.059802999999995
2025-10-18 03:20:15.671,106865.08,0.00289,308.84008120000004
2025-10-18 03:20:16.327,106865.07,0.09363,10005.776504100002
2025-10-18 03:20:17.266,106865.08,9e-05,9.617857200000001
2025-10-18 03:20:17.626,106865.07,0.09363,10005.776504100002
2025-10-18 03:20:17.792,106865.07,0.00019,20.304363300000002
2025-10-18 03:20:18.025,106865.08,0.00086,91.9039688
2025-10-18 03:20:18.382,106865.08,0.00188,200.9063504
2025-10-18 03:20:18.615,106865.07,0.09363,10005.776504100002
2025-10-18 03:20:18.869,106865.07,0.001,106.86507
2025-10-18 03:20:19.601,106865.07,0.09363,10005.776504100002
2025-10-18 03:20:20.716,106865.07,0.09363,10005.776504100002
2025-10-18 03:20:20.732,106865.08,0.00069,73.7369052
2025-10-18 03:20:20.833,106865.07,0.0003,32.059521
2025-10-18 03:20:21.383,106865.07,0.016,1709.84112
2025-10-18 03:20:21.477,106865.08,0.00012,12.8238096
2025-10-18 03:20:21.576,106865.07,0.00011,11.755157700000002
2025-10-18 03:20:22.044,106865.07,0.09363,10005.776504100002
2025-10-18 03:20:22.322,106865.07,7e-05,7.4805549
2025-10-18 03:20:22.791,106865.07,0.00814,869.8816698
2025-10-18 03:20:22.956,106865.07,0.00845,903.0098415
2025-10-18 03:20:23.004,106865.08,0.09691,10356.2949028
2025-10-18 03:20:23.009,106866.02,0.0013,138.925826
2025-10-18 03:20:23.010,106871.76,0.0001,10.687176
2025-10-18 03:20:23.027,106872.99,0.09363,10006.518053700001
2025-10-18 03:20:23.045,106876.43,5e-05,5.3438215
2025-10-18 03:20:23.082,106876.7,0.028,2992.5476
2025-10-18 03:20:23.144,106876.7,0.00407,434.98816899999997
2025-10-18 03:20:23.183,106879.5,0.00136,145.35612
2025-10-18 03:20:23.208,106879.5,5e-05,5.343975
2025-10-18 03:20:23.209,106879.5,0.0002,21.3759
2025-10-18 03:20:23.234,106879.5,0.00081,86.572395
2025-10-18 03:20:23.275,106881.61,0.00012,12.8257932
2025-10-18 03:20:23.277,106881.61,0.00189,202.0062429
2025-10-18 03:20:23.315,106883.91,5e-05,5.3441955000000005
2025-10-18 03:20:23.676,106884.74,0.00077,82.3012498
2025-10-18 03:20:23.733,106884.74,0.00035,37.409659000000005
2025-10-18 03:20:24.117,106884.73,0.09361,10005.4795753
2025-10-18 03:20:24.137,106884.73,0.00012,12.8261676
2025-10-18 03:20:25.097,106884.74,0.00012,12.826168800000001
2025-10-18 03:20:25.217,106884.74,0.00341,364.4769634
2025-10-18 03:20:25.360,106884.73,0.09361,10005.4795753
2025-10-18 03:20:25.420,106884.73,0.0012,128.261676
2025-10-18 03:20:25.519,106884.74,0.00049,52.3735226
2025-10-18 03:20:25.693,106884.73,0.00012,12.8261676
2025-10-18 03:20:26.348,106884.73,0.09361,10005.4795753
2025-10-18 03:20:26.616,106884.74,0.00012,12.826168800000001
2025-10-18 03:20:27.316,106884.73,0.09361,10005.4795753
2025-10-18 03:20:27.478,106884.73,0.00012,12.8261676
2025-10-18 03:20:27.518,106884.73,0.00044,47.0292812
2025-10-18 03:20:27.733,106884.74,0.00536,572.9022064000001
2025-10-18 03:20:27.738,106885.86,5e-05,5.344293
2025-10-18 03:20:27.746,106885.86,0.00125,133.607325
2025-10-18 03:20:27.762,106886.0,0.00126,134.67636000000002
2025-10-18 03:20:27.810,106894.28,0.00343,366.6473804
2025-10-18 03:20:27.850,106895.99,0.0158,1688.9566420000003
2025-10-18 03:20:28.096,106896.0,0.00509,544.10064
2025-10-18 03:20:28.108,106896.01,0.00165,176.3784165
2025-10-18 03:20:28.111,106897.8,6e-05,6.413868
2025-10-18 03:20:28.396,106897.98,5e-05,5.344899
2025-10-18 03:20:28.400,106898.0,6e-05,6.41388
2025-10-18 03:20:28.402,106899.99,6e-05,6.413999400000001
2025-10-18 03:20:28.405,106900.0,6e-05,6.414000000000001
2025-10-18 03:20:28.435,106900.0,0.00012,12.828000000000001
2025-10-18 03:20:28.464,106899.99,0.09359,10004.770064100001
2025-10-18 03:20:28.470,106900.0,0.00308,329.252
2025-10-18 03:20:28.473,106900.13,6e-05,6.4140078
2025-10-18 03:20:28.484,106900.13,0.00103,110.10713390000002
2025-10-18 03:20:28.510,106901.19,8e-05,8.5520952
2025-10-18 03:20:28.582,106901.19,0.00029,31.0013451
2025-10-18 03:20:28.824,106901.19,0.0002,21.380238000000002
2025-10-18 03:20:28.887,106901.19,7e-05,7.4830833
2025-10-18 03:20:29.272,106901.19,0.05975,6387.3461025
2025-10-18 03:20:29.273,106901.19,0.06516,6965.6815404
2025-10-18 03:20:29.291,106901.18,0.00012,12.8281416
2025-10-18 03:20:29.391,106901.19,0.01237,1322.3677203000002
2025-10-18 03:20:29.393,106904.03,0.00015,16.035604499999998
2025-10-18 03:20:29.394,106905.06,1e-05,1.0690506
2025-10-18 03:20:29.398,106905.84,0.00015,16.035876
2025-10-18 03:20:29.405,106910.21,0.00015,16.0365315
2025-10-18 03:20:29.411,106911.58,0.00935,999.623273
2025-10-18 03:20:29.413,106911.58,0.00936,1000.6923888
2025-10-18 03:20:29.453,106911.58,0.00314,335.7023612
2025-10-18 03:20:29.456,106911.84,0.00015,16.036776
2025-10-18 03:20:29.513,106911.85,0.018,1924.4133
2025-10-18 03:20:29.582,106911.85,0.00011,11.760303500000001
2025-10-18 03:20:29.635,106911.85,0.00077,82.3221245
2025-10-18 03:20:30.075,106911.85,0.00047,50.2485695
2025-10-18 03:20:30.103,106911.84,0.00276,295.0766784
2025-10-18 03:20:30.108,106911.85,0.00012,12.829422000000001
2025-10-18 03:20:30.168,106911.85,0.00047,50.2485695
2025-10-18 03:20:30.354,106911.84,0.008,855.29472
2025-10-18 03:20:30.425,106911.84,0.09358,10004.809987199998
2025-10-18 03:20:30.432,106911.85,0.00024,25.658844000000002
2025-10-18 03:20:30.800,106911.85,0.00784,838.188904
2025-10-18 03:20:30.802,106911.84,0.00012,12.8294208
2025-10-18 03:20:30.803,106911.85,0.02828,3023.467118
2025-10-18 03:20:30.805,106914.0,0.00275,294.01349999999996
2025-10-18 03:20:30.806,106914.01,6e-05,6.4148406
2025-10-18 03:20:30.881,106915.14,5e-05,5.345757
2025-10-18 03:20:30.884,106916.0,0.00232,248.04512
2025-10-18 03:20:31.162,106919.86,9e-05,9.6227874
2025-10-18 03:20:31.163,106919.86,0.0043,459.755398
2025-10-18 03:20:31.167,106922.0,0.00275,294.03549999999996
2025-10-18 03:20:31.218,106924.0,0.0037,395.6188
2025-10-18 03:20:31.384,106924.71,0.00205,219.19565550000004
2025-10-18 03:20:31.655,106924.71,0.00025,26.7311775
2025-10-18 03:20:31.764,106924.72,0.00012,12.830966400000001
2025-10-18 03:20:31.981,106924.72,0.00047,50.2546184
2025-10-18 03:20:32.486,106924.72,0.00051,54.5316072
2025-10-18 03:20:32.716,106924.71,0.09357,10004.9451147
2025-10-18 03:20:32.729,106924.71,9e-05,9.623223900000001
2025-10-18 03:20:32.837,106924.71,0.0016,171.07953600000002
2025-10-18 03:20:33.270,106924.72,0.00032,34.215910400000006
2025-10-18 03:20:33.290,106924.72,0.00019,20.3156968
2025-10-18 03:20:33.591,106924.72,0.00057,60.9470904
2025-10-18 03:20:33.603,106924.72,0.00014,14.969460799999998
2025-10-18 03:20:33.717,106924.72,0.00013,13.900213599999999
2025-10-18 03:20:33.723,106924.71,0.09357,10004.9451147
2025-10-18 03:20:33.814,106924.72,0.00349,373.16727280000003
2025-10-18 03:20:34.485,106924.71,0.00012,12.830965200000001
2025-10-18 03:20:34.743,106924.71,0.00028,29.9389188
2025-10-18 03:20:34.764,106924.71,0.09357,10004.9451147
2025-10-18 03:20:34.818,106924.72,0.00051,54.5316072
2025-10-18 03:20:35.255,106926.0,0.0026,278.00759999999997
2025-10-18 03:20:35.256,106929.38,0.00015,16.039407
2025-10-18 03:20:35.259,106930.0,6e-05,6.4158
2025-10-18 03:20:35.261,106930.0,0.00935,999.7955000000001
2025-10-18 03:20:35.269,106934.0,0.00181,193.55053999999998
2025-10-18 03:20:35.278,106933.99,6e-05,6.416039400000001
2025-10-18 03:20:35.297,106934.0,6e-05,6.41604
2025-10-18 03:20:35.576,106934.0,0.1956,20916.290399999998
2025-10-18 03:20:35.668,106934.0,0.06,6416.04
2025-10-18 03:20:35.843,106933.99,0.09356,10004.7441044
2025-10-18 03:20:36.121,106933.99,0.00062,66.2990738
2025-10-18 03:20:36.312,106934.0,0.00064,68.43776000000001
2025-10-18 03:20:36.390,106933.99,0.0003,32.080197
2025-10-18 03:20:36.773,106933.99,0.09356,10004.7441044
2025-10-18 03:20:36.870,106933.99,0.00692,739.9832108
2025-10-18 03:20:36.886,106934.0,0.00023,24.594820000000002
2025-10-18 03:20:37.857,106933.99,0.09356,10004.7441044
2025-10-18 03:20:37.940,106933.99,0.00051,54.53633490000001
2025-10-18 03:20:38.917,106933.99,0.09356,10004.7441044
2025-10-18 03:20:38.946,106933.99,0.00014,14.9707586
2025-10-18 03:20:39.256,106934.0,0.00242,258.78028
2025-10-18 03:20:40.017,106933.99,0.09357,10005.8134443
2025-10-18 03:20:40.944,106933.99,0.012,1283.2078800000002
2025-10-18 03:20:40.945,106933.99,0.012,1283.2078800000002
2025-10-18 03:20:40.946,106933.99,0.012,1283.2078800000002
2025-10-18 03:20:41.007,106933.99,0.09357,10005.8134443
2025-10-18 03:20:41.436,106934.0,3.4526,369200.3284
2025-10-18 03:20:41.440,106940.1,6e-05,6.416406
2025-10-18 03:20:42.047,106940.09,0.09357,10006.384221299999
2025-10-18 03:20:42.833,106940.1,0.00077,82.343877
2025-10-18 03:20:42.962,106940.1,0.00135,144.36913500000003
2025-10-18 03:20:43.037,106940.1,0.00031,33.151431
2025-10-18 03:20:43.088,106940.09,0.09357,10006.384221299999
2025-10-18 03:20:43.197,106940.1,0.00014,14.971613999999999
2025-10-18 03:20:44.029,106940.09,0.00016,17.1104144
2025-10-18 03:20:44.074,106940.09,0.09357,10006.384221299999
2025-10-18 03:20:44.077,106940.1,0.00051,54.53945100000001
2025-10-18 03:20:44.993,106940.09,5e-05,5.3470045
2025-10-18 03:20:45.017,106940.09,0.09357,10006.384221299999
2025-10-18 03:20:45.945,106940.1,0.00057,60.955857
2025-10-18 03:20:46.174,106940.09,0.09357,10006.384221299999
2025-10-18 03:20:46.381,106940.1,0.00014,14.971613999999999
2025-10-18 03:20:46.536,106940.1,0.00011,11.763411000000001
2025-10-18 03:20:47.084,106940.1,0.01382,1477.9121820000003
2025-10-18 03:20:47.245,106940.09,0.09357,10006.384221299999
2025-10-18 03:20:47.575,106940.09,0.00023,24.5962207
2025-10-18 03:20:47.730,106940.09,0.0228,2438.234052
2025-10-18 03:20:47.950,106940.09,0.00117,125.1199053
2025-10-18 03:20:47.998,106940.09,0.06814,7286.8977326
2025-10-18 03:20:48.417,106940.09,0.09357,10006.384221299999
2025-10-18 03:20:49.046,106940.1,0.00215,229.92121500000002
2025-10-18 03:20:49.185,106940.09,0.00013,13.902211699999999
2025-10-18 03:20:49.232,106940.1,0.00365,390.331365
2025-10-18 03:20:49.335,106940.09,7e-05,7.485806299999999
2025-10-18 03:20:49.516,106940.09,0.09357,10006.384221299999
2025-10-18 03:20:49.599,106940.1,0.01868,1997.641068
2025-10-18 03:20:49.645,106940.1,5.0,534700.5
2025-10-18 03:20:50.162,106940.09,0.00166,177.5205494
2025-10-18 03:20:50.426,106940.1,0.00467,499.410267
2025-10-18 03:20:50.570,106940.09,0.09357,10006.384221299999
2025-10-18 03:20:50.651,106940.1,0.028,2994.3228000000004
2025-10-18 03:20:51.705,106940.09,5e-05,5.3470045
2025-10-18 03:20:51.715,106940.09,0.09357,10006.384221299999
2025-10-18 03:20:52.281,106940.1,0.00367,392.470167
2025-10-18 03:20:52.787,106940.09,0.09357,10006.384221299999
2025-10-18 03:20:53.742,106940.09,0.09357,10006.384221299999
2025-10-18 03:20:53.844,106940.1,0.028,2994.3228000000004
2025-10-18 03:20:54.083,106940.1,0.00033,35.290233
2025-10-18 03:20:54.679,106940.09,0.09357,10006.384221299999
2025-10-18 03:20:55.518,106940.1,0.02539,2715.209139
2025-10-18 03:20:55.615,106940.09,0.09357,10006.384221299999
2025-10-18 03:20:56.617,106940.09,0.09357,10006.384221299999
2025-10-18 03:20:56.775,106940.1,0.01,1069.401
2025-10-18 03:20:57.691,106940.09,0.09357,10006.384221299999
2025-10-18 03:20:57.710,106940.1,0.00888,949.6280880000002
2025-10-18 03:20:58.398,106940.1,0.00121,129.397521
2025-10-18 03:20:58.817,106940.09,0.09357,10006.384221299999
2025-10-18 03:20:59.309,106940.09,0.00046,49.1924414
2025-10-18 03:20:59.923,106940.09,0.09357,10006.384221299999
2025-10-18 03:21:00.052,106942.81,8e-05,8.5554248
2025-10-18 03:21:00.119,106945.2,0.00188,201.056976
2025-10-18 03:21:00.254,106945.2,0.00011,11.763972
2025-10-18 03:21:00.462,106945.19,0.00018,19.2501342
2025-10-18 03:21:00.908,106945.19,0.09357,10006.8614283
2025-10-18 03:21:01.137,106945.2,0.00029,31.014108
2025-10-18 03:21:01.190,106945.2,0.00018,19.250136
2025-10-18 03:21:02.047,106945.19,0.09357,10006.8614283
2025-10-18 03:21:02.593,106945.2,0.028,2994.4656
2025-10-18 03:21:02.843,106945.2,4.19912,449075.72822399996
2025-10-18 03:21:02.898,106950.84,0.028,2994.62352
2025-10-18 03:21:02.991,106950.83,0.2139,22876.782537000003
2025-10-18 03:21:03.117,106950.83,0.09356,10006.319654800001
2025-10-18 03:21:03.363,106950.84,0.00029,31.0157436
2025-10-18 03:21:04.171,106950.83,0.09356,10006.319654800001
2025-10-18 03:21:04.197,106950.83,0.00167,178.6078861
2025-10-18 03:21:04.369,106950.84,0.0259,2770.0267559999998
2025-10-18 03:21:04.620,106950.83,0.0574,6138.977642
2025-10-18 03:21:05.156,106950.83,0.09356,10006.319654800001
2025-10-18 03:21:05.406,106962.0,0.0028,299.4936
2025-10-18 03:21:05.414,106966.7,0.09346,9997.107782
2025-10-18 03:21:05.558,106966.7,0.00049,52.413683
2025-10-18 03:21:05.697,106966.7,0.00073,78.085691
2025-10-18 03:21:06.236,106966.69,0.09355,10006.7338495
2025-10-18 03:21:06.463,106966.69,9e-05,9.6270021
2025-10-18 03:21:06.581,106966.69,9e-05,9.6270021
2025-10-18 03:21:06.791,106966.69,0.00263,281.3223947
2025-10-18 03:21:07.326,106966.69,0.09355,10006.7338495
2025-10-18 03:21:07.771,106966.69,0.00022,23.532671800000003
2025-10-18 03:21:07.848,106966.69,0.00025,26.7416725
2025-10-18 03:21:08.243,106966.69,0.00014,14.975336599999999
2025-10-18 03:21:08.259,106966.69,0.09354,10005.6641826
2025-10-18 03:21:09.078,106966.69,0.00236,252.44138840000002
2025-10-18 03:21:09.456,106966.69,0.07996,8553.0565324
2025-10-18 03:21:10.958,106966.69,0.00936,1001.2082184000001
2025-10-18 03:21:11.651,106966.7,0.00177,189.331059
2025-10-18 03:21:11.975,106966.7,0.028,2995.0676
2025-10-18 03:21:11.981,106966.7,0.00043,45.995681
2025-10-18 03:21:12.656,106966.7,0.33346,35669.11578199999
2025-10-18 03:21:13.127,106966.7,0.00134,143.335378
2025-10-18 03:21:13.624,106966.7,0.00198,211.794066
2025-10-18 03:21:13.875,106966.7,0.00035,37.438345
2025-10-18 03:21:13.894,106966.7,0.00521,557.296507
2025-10-18 03:21:13.999,106966.85,0.00036,38.50806600000001
2025-10-18 03:21:14.000,106966.86,0.00251,268.4868186
2025-10-18 03:21:14.004,106967.25,0.00016,17.11476
2025-10-18 03:21:14.115,106967.42,0.00187,200.02907539999998
2025-10-18 03:21:14.118,106967.44,0.0018,192.541392
2025-10-18 03:21:14.287,106968.01,0.0023,246.026423
2025-10-18 03:21:14.741,106968.01,0.00562,601.1602161999999
2025-10-18 03:21:14.992,106968.01,0.0001,10.696801
2025-10-18 03:21:15.635,106968.02,0.00251,268.4897302
2025-10-18 03:21:15.762,106968.04,0.00041,43.8568964
2025-10-18 03:21:16.029,106968.03,0.0001,10.696803000000001
2025-10-18 03:21:16.843,106968.03,0.00011,11.7664833
2025-10-18 03:21:18.173,106968.04,4e-05,4.2787216
2025-10-18 03:21:18.243,106968.04,0.15999,17113.8167196
2025-10-18 03:21:19.336,106968.04,0.00073,78.08666919999999
2025-10-18 03:21:20.232,106968.04,0.00459,490.9833036
2025-10-18 03:21:20.246,106968.03,0.09353,10004.7198459
2025-10-18 03:21:20.634,106968.04,0.00467,499.5407467999999
2025-10-18 03:21:21.183,106968.03,0.09353,10004.7198459
2025-10-18 03:21:21.208,106968.04,0.00933,998.0118131999999
2025-10-18 03:21:21.770,106968.03,0.08079,8641.9471437
2025-10-18 03:21:22.316,106968.03,0.09353,10004.7198459
2025-10-18 03:21:22.538,106968.04,0.00335,358.342934
2025-10-18 03:21:23.366,106968.03,0.09353,10004.7198459
2025-10-18 03:21:23.899,106968.03,0.01037,1109.2584711000002
2025-10-18 03:21:24.172,106968.04,0.00912,975.5485247999999
2025-10-18 03:21:24.317,106968.03,0.09353,10004.7198459
2025-10-18 03:21:24.476,106968.04,0.00046,49.2052984
2025-10-18 03:21:24.803,106968.04,0.0001,10.696804
2025-10-18 03:21:25.037,106968.04,0.00199,212.8663996
2025-10-18 03:21:25.287,106968.03,0.09353,10004.7198459
2025-10-18 03:21:26.224,106968.04,0.00468,500.6104272
2025-10-18 03:21:26.316,106968.03,0.09353,10004.7198459
2025-10-18 03:21:26.339,106968.03,0.00453,484.5651759
2025-10-18 03:21:27.315,106968.03,0.09353,10004.7198459
2025-10-18 03:21:27.552,106968.04,7e-05,7.487762799999999
2025-10-18 03:21:28.334,106968.03,0.09353,10004.7198459
2025-10-18 03:21:28.575,106968.04,7e-05,7.487762799999999
2025-10-18 03:21:28.633,106968.04,0.00096,102.68931839999999
2025-10-18 03:21:28.954,106968.04,0.00038,40.6478552
2025-10-18 03:21:29.446,106968.03,0.09353,10004.7198459
2025-10-18 03:21:30.488,106968.04,0.00037,39.5781748
2025-10-18 03:21:30.538,106968.03,0.09353,10004.7198459
2025-10-18 03:21:31.527,106968.03,0.09353,10004.7198459
2025-10-18 03:21:32.517,106968.03,0.09353,10004.7198459
2025-10-18 03:21:33.550,106968.03,0.09353,10004.7198459
2025-10-18 03:21:33.696,106968.03,0.012,1283.61636
2025-10-18 03:21:33.697,106968.03,0.012,1283.61636
2025-10-18 03:21:33.698,106968.03,0.012,1283.61636
2025-10-18 03:21:33.787,106968.03,0.0005,53.484015
2025-10-18 03:21:34.209,106968.03,0.0002,21.393606000000002
2025-10-18 03:21:34.539,106968.04,0.00122,130.5010088
2025-10-18 03:21:34.842,106968.03,0.09354,10005.7895262
2025-10-18 03:21:35.637,106968.04,0.00013,13.905845199999998
2025-10-18 03:21:35.784,106968.03,0.73977,79131.73955310001
2025-10-18 03:21:35.787,106968.03,0.00174,186.1243722
2025-10-18 03:21:35.987,106968.02,0.09354,10005.7885908
2025-10-18 03:21:36.638,106968.02,0.00023,24.6026446
2025-10-18 03:21:36.684,106968.03,0.00048,51.3446544
2025-10-18 03:21:36.818,106968.02,0.1037,11092.583674000001
2025-10-18 03:21:37.130,106968.02,0.09354,10005.7885908
2025-10-18 03:21:37.317,106968.03,0.00024,25.6723272
2025-10-18 03:21:37.533,106968.03,0.00259,277.04719769999997
2025-10-18 03:21:37.632,106968.02,0.04631,4953.6890062
2025-10-18 03:21:37.915,106968.02,0.00284,303.7891768
2025-10-18 03:21:38.217,106968.02,0.00018,19.254243600000002
2025-10-18 03:21:38.274,106968.01,0.09354,10005.7876554
2025-10-18 03:21:39.263,106968.02,0.00093,99.48025860000001
2025-10-18 03:21:39.359,106968.01,0.09354,10005.7876554
2025-10-18 03:21:39.897,106968.01,0.012,1283.61612
2025-10-18 03:21:40.233,106968.01,0.007,748.77607
2025-10-18 03:21:40.234,106968.01,0.012,1283.61612
2025-10-18 03:21:40.236,106967.89,0.0002,21.393578
2025-10-18 03:21:40.238,106967.77,0.00015,16.0451655
2025-10-18 03:21:40.243,106966.7,0.00869,929.540623
2025-10-18 03:21:40.248,106965.43,5e-05,5.3482715
2025-10-18 03:21:40.250,106964.13,0.0309,3305.1916170000004
2025-10-18 03:21:40.252,106964.12,0.02129,2277.2661147999997
2025-10-18 03:21:40.652,106964.12,0.09355,10006.493425999999
2025-10-18 03:21:41.008,106964.13,0.0017,181.839021
2025-10-18 03:21:41.584,106964.12,7e-05,7.487488399999999
2025-10-18 03:21:41.585,106964.12,8e-05,8.5571296
2025-10-18 03:21:41.716,106964.12,0.09355,10006.493425999999
2025-10-18 03:21:41.805,106964.13,0.0011,117.66054300000002
2025-10-18 03:21:42.084,106964.12,8e-05,8.5571296
2025-10-18 03:21:42.263,106964.13,0.00073,78.0838149
2025-10-18 03:21:42.354,106964.12,0.381,40753.32972
2025-10-18 03:21:42.831,106964.12,0.09355,10006.493425999999
2025-10-18 03:21:43.190,106964.12,0.00013,13.905335599999999
2025-10-18 03:21:43.246,106964.13,0.0001,10.696413000000002
2025-10-18 03:21:43.400,106964.13,0.0005,53.482065000000006
2025-10-18 03:21:43.917,106964.12,0.09355,10006.493425999999
2025-10-18 03:21:44.024,106964.12,0.0003,32.08923599999999
2025-10-18 03:21:44.723,106964.13,0.0003,32.089239
2025-10-18 03:21:44.859,106964.12,0.09355,10006.493425999999
2025-10-18 03:21:45.099,106964.13,0.00467,499.5224871
2025-10-18 03:21:45.576,106964.12,0.00141,150.8194092
2025-10-18 03:21:45.748,106964.13,0.00259,277.0370967
2025-10-18 03:21:45.898,106964.12,0.09355,10006.493425999999
2025-10-18 03:21:45.920,106964.13,0.00057,60.9695541
2025-10-18 03:21:46.383,106964.13,0.0002,21.392826000000003
2025-10-18 03:21:47.034,106964.12,0.09355,10006.493425999999
2025-10-18 03:21:47.217,106964.13,0.00061,65.2481193
2025-10-18 03:21:47.276,106964.13,0.14396,15398.5561548
2025-10-18 03:21:47.400,106964.12,8e-05,8.5571296
2025-10-18 03:21:48.017,106964.12,0.09355,10006.493425999999
2025-10-18 03:21:48.460,106964.13,0.00022,23.5321086
2025-10-18 03:21:48.563,106964.13,0.00205,219.27646650000003
2025-10-18 03:21:48.736,106964.13,0.00528,564.7706064
2025-10-18 03:21:48.761,106964.12,0.00013,13.905335599999999
2025-10-18 03:21:48.962,106964.12,0.09355,10006.493425999999
2025-10-18 03:21:49.421,106964.13,0.028,2994.99564
2025-10-18 03:21:49.891,106964.12,0.09355,10006.493425999999
2025-10-18 03:21:50.199,106964.13,0.00026,27.8106738
2025-10-18 03:21:50.874,106964.13,0.0028,299.499564
2025-10-18 03:21:50.882,106964.12,0.012,1283.56944
2025-10-18 03:21:50.884,106964.12,0.012,1283.56944
2025-10-18 03:21:50.915,106958.79,0.00025,26.7396975
2025-10-18 03:21:50.916,106958.78,0.02218,2372.3457403999996
2025-10-18 03:21:51.185,106958.79,0.00078,83.4278562
2025-10-18 03:21:51.365,106958.78,0.01418,1516.6755004
2025-10-18 03:21:51.782,106958.79,0.00144,154.0206576
2025-10-18 03:21:51.953,106958.79,0.00752,804.3301008
2025-10-18 03:21:52.216,106958.78,0.09355,10005.993869
2025-10-18 03:21:53.132,106958.78,0.007,748.71146
2025-10-18 03:21:53.134,106958.78,0.007,748.71146
2025-10-18 03:21:53.135,106958.78,0.007,748.71146
2025-10-18 03:21:53.215,106958.78,0.09355,10005.993869
2025-10-18 03:21:53.832,106958.78,0.027,2887.88706
2025-10-18 03:21:54.217,106958.78,0.09355,10005.993869
2025-10-18 03:21:54.371,106958.79,0.00042,44.9226918
2025-10-18 03:21:54.638,106958.78,0.02877,3077.2041006
2025-10-18 03:21:54.642,106958.78,0.012,1283.50536
2025-10-18 03:21:54.643,106958.78,0.012,1283.50536
2025-10-18 03:21:54.645,106958.78,0.012,1283.50536
2025-10-18 03:21:54.646,106958.78,0.00949,1015.0388222
2025-10-18 03:21:54.649,106958.78,0.0001,10.695878
2025-10-18 03:21:54.651,106956.59,0.00015,16.0434885
2025-10-18 03:21:54.714,106956.58,0.05568,5955.3423744
2025-10-18 03:21:54.833,106956.59,0.01211,1295.2443048999999
2025-10-18 03:21:55.251,106956.58,0.00011,11.765223800000001
2025-10-18 03:21:55.317,106956.58,0.09355,10005.788059
2025-10-18 03:21:55.573,106956.59,6e-05,6.4173954
2025-10-18 03:21:55.758,106956.58,9e-05,9.6260922
2025-10-18 03:21:56.431,106956.58,0.09355,10005.788059
2025-10-18 03:21:57.093,106956.59,0.00021,22.4608839
2025-10-18 03:21:57.333,106956.59,0.00138,147.6000942
2025-10-18 03:21:57.453,106956.58,8e-05,8.556526400000001
2025-10-18 03:21:57.468,106956.58,8e-05,8.556526400000001
2025-10-18 03:21:57.522,106956.58,0.09355,10005.788059
2025-10-18 03:21:57.649,106956.59,0.0001,10.695659000000001
2025-10-18 03:21:58.222,106956.58,9e-05,9.6260922
2025-10-18 03:21:58.610,106956.58,0.09355,10005.788059
2025-10-18 03:21:58.720,106956.59,0.00047,50.269597299999994
2025-10-18 03:21:59.000,106956.58,7e-05,7.4869606
2025-10-18 03:21:59.262,106956.58,0.001,106.95658
2025-10-18 03:21:59.716,106956.58,0.09355,10005.788059
2025-10-18 03:21:59.787,106956.58,8e-05,8.556526400000001
2025-10-18 03:21:59.796,106956.59,0.028,2994.78452
2025-10-18 03:22:00.058,106956.59,0.00186,198.9392574
2025-10-18 03:22:00.241,106956.5,0.00015,16.043474999999997
2025-10-18 03:22:00.245,106956.49,0.012,1283.4778800000001
2025-10-18 03:22:00.247,106956.49,0.00119,127.27822310000002
2025-10-18 03:22:00.248,106956.49,0.0002,21.391298000000003
2025-10-18 03:22:00.252,106954.26,0.03139,3357.2942214
2025-10-18 03:22:00.256,106953.44,0.012,1283.44128
2025-10-18 03:22:00.257,106953.44,0.03223,3447.1093712
2025-10-18 03:22:00.259,106953.44,0.17523,18741.4512912
2025-10-18 03:22:00.264,106953.43,0.00934,998.9450361999999
2025-10-18 03:22:00.287,106953.44,0.00592,633.1643648
2025-10-18 03:22:00.289,106952.14,0.0001,10.695214
2025-10-18 03:22:00.319,106951.23,0.00381,407.4841863
2025-10-18 03:22:00.502,106950.59,9e-05,9.6255531
2025-10-18 03:22:00.634,106950.6,0.00215,229.94379
2025-10-18 03:22:00.762,106950.59,0.00355,379.6745945
2025-10-18 03:22:00.778,106950.59,0.09356,10006.2972004
2025-10-18 03:22:01.041,106950.6,0.00015,16.04259
2025-10-18 03:22:01.200,106950.6,0.0001,10.695060000000002
2025-10-18 03:22:01.655,106950.59,0.00242,258.82042779999995
2025-10-18 03:22:01.716,106950.59,0.09356,10006.2972004
2025-10-18 03:22:02.676,106950.59,0.012,1283.40708
2025-10-18 03:22:02.677,106950.59,0.012,1283.40708
2025-10-18 03:22:02.684,106950.6,0.00012,12.834072
2025-10-18 03:22:02.740,106950.6,5e-05,5.347530000000001
2025-10-18 03:22:02.816,106950.59,0.01458,1559.3396022
2025-10-18 03:22:02.915,106950.59,0.00212,226.7352508
2025-10-18 03:22:02.975,106950.58,0.0001,10.695058000000001
2025-10-18 03:22:03.115,106950.58,0.00255,272.72397900000004
2025-10-18 03:22:03.162,106950.54,5e-05,5.347527
2025-10-18 03:22:03.199,106950.02,0.00011,11.7645022
2025-10-18 03:22:03.265,106950.01,0.00203,217.1085203
2025-10-18 03:22:03.368,106950.0,0.08471,9059.734499999999
2025-10-18 03:22:03.369,106947.1,0.0001,10.69471
2025-10-18 03:22:03.372,106945.19,0.00325,347.5718675
2025-10-18 03:22:03.375,106941.72,0.00015,16.041258
2025-10-18 03:22:03.376,106940.54,0.00141,150.7861614
2025-10-18 03:22:03.380,106940.39,0.012,1283.28468
2025-10-18 03:22:03.381,106940.39,0.012,1283.28468
2025-10-18 03:22:03.382,106940.39,0.00015,16.0410585
2025-10-18 03:22:03.384,106940.39,0.00936,1000.9620504000001
2025-10-18 03:22:03.466,106940.39,0.00187,199.9785293
2025-10-18 03:22:03.579,106940.39,0.00748,799.9141172
2025-10-18 03:22:03.626,106940.39,0.14208,15194.090611200001
2025-10-18 03:22:03.633,106940.0,0.00222,237.40680000000003
2025-10-18 03:22:03.636,106940.0,0.013,1390.22
2025-10-18 03:22:03.683,106937.58,0.00143,152.9207394
2025-10-18 03:22:03.783,106937.58,0.01871,2000.8021218000001
2025-10-18 03:22:03.882,106937.58,0.00482,515.4391356
2025-10-18 03:22:03.915,106937.58,0.00135,144.365733
2025-10-18 03:22:04.121,106936.47,0.00467,499.39331489999995
2025-10-18 03:22:04.554,106936.46,0.012,1283.2375200000001
2025-10-18 03:22:04.556,106936.46,0.012,1283.2375200000001
2025-10-18 03:22:04.557,106936.44,0.0002,21.387288
2025-10-18 03:22:04.558,106934.75,6e-05,6.416085
2025-10-18 03:22:04.559,106934.75,5e-05,5.346737500000001
2025-10-18 03:22:04.561,106934.75,0.00075,80.2010625
2025-10-18 03:22:04.563,106933.99,0.00065,69.5070935
2025-10-18 03:22:04.564,106932.19,0.01185,1267.1464515
2025-10-18 03:22:04.596,106934.0,9e-05,9.62406
2025-10-18 03:22:04.598,106933.99,0.00241,257.7109159
2025-10-18 03:22:04.641,106932.19,0.00754,806.2687126
2025-10-18 03:22:04.966,106930.0,0.09357,10005.4401
2025-10-18 03:22:05.179,106930.0,0.00372,397.7796
2025-10-18 03:22:05.183,106929.15,0.00125,133.6614375
2025-10-18 03:22:05.186,106928.19,0.012,1283.1382800000001
2025-10-18 03:22:05.188,106928.19,0.012,1283.1382800000001
2025-10-18 03:22:05.210,106928.19,0.00197,210.6485343
2025-10-18 03:22:05.212,106927.18,0.00104,111.20426719999999
2025-10-18 03:22:05.276,106927.18,0.00102,109.0657236
2025-10-18 03:22:05.278,106927.18,0.01394,1490.5648892
2025-10-18 03:22:05.777,106927.18,0.00235,251.278873
2025-10-18 03:22:05.779,106927.17,0.00185,197.8152645
2025-10-18 03:22:05.815,106927.16,0.00277,296.1882332
2025-10-18 03:22:05.919,106927.15,0.00219,234.1704585
2025-10-18 03:22:05.920,106925.28,0.00015,16.038791999999997
2025-10-18 03:22:05.951,106925.27,0.00179,191.3962333
2025-10-18 03:22:06.547,106925.27,0.00046,49.18562420000001
2025-10-18 03:22:06.931,106925.27,0.09357,10004.9975139
2025-10-18 03:22:07.258,106925.28,9e-05,9.6232752
2025-10-18 03:22:07.262,106925.27,9e-05,9.6232743
2025-10-18 03:22:07.403,106925.28,0.00108,115.4793024
2025-10-18 03:22:07.443,106925.27,0.0001,10.692527
2025-10-18 03:22:07.725,106925.27,0.00026,27.8005702
2025-10-18 03:22:07.778,106925.28,0.00047,50.2548816
2025-10-18 03:22:07.970,106925.27,0.09357,10004.9975139
2025-10-18 03:22:08.958,106925.27,0.09357,10004.9975139
2025-10-18 03:22:09.945,106925.27,0.09357,10004.9975139
2025-10-18 03:22:10.346,106925.27,0.012,1283.1032400000001
2025-10-18 03:22:10.348,106925.27,0.012,1283.1032400000001
2025-10-18 03:22:10.591,106925.27,0.0462,4939.947474
2025-10-18 03:22:10.916,106925.27,0.09357,10004.9975139
2025-10-18 03:22:11.503,106925.28,0.08911,9528.1117008
2025-10-18 03:22:11.562,106925.27,0.012,1283.1032400000001
2025-10-18 03:22:11.563,106925.27,0.012,1283.1032400000001
2025-10-18 03:22:11.565,106925.27,0.00066,70.5706782
2025-10-18 03:22:11.587,106925.26,0.00925,989.0586549999999
2025-10-18 03:22:11.693,106925.26,0.008,855.40208
2025-10-18 03:22:11.695,106925.26,0.008,855.40208
2025-10-18 03:22:11.696,106925.26,0.00088,94.0942288
2025-10-18 03:22:11.697,106925.0,6e-05,6.4155
2025-10-18 03:22:11.703,106921.0,0.00191,204.21911
2025-10-18 03:22:11.953,106921.0,0.00046,49.18366
2025-10-18 03:22:11.992,106921.0,7e-05,7.484469999999999
2025-10-18 03:22:12.016,106921.0,0.00573,612.65733
2025-10-18 03:22:12.018,106921.0,0.00089,95.15969
2025-10-18 03:22:12.043,106920.01,8e-05,8.5536008
2025-10-18 03:22:12.775,106920.01,0.002,213.84001999999998
2025-10-18 03:22:12.776,106920.01,0.002,213.84001999999998
2025-10-18 03:22:12.777,106920.01,0.002,213.84001999999998
2025-10-18 03:22:12.780,106920.01,0.03701,3957.1095701
2025-10-18 03:22:12.784,106919.99,0.0007,74.843993
2025-10-18 03:22:12.983,106915.08,0.00317,338.9208036
2025-10-18 03:22:13.017,106915.08,0.09358,10005.1131864
2025-10-18 03:22:13.593,106915.09,0.00031,33.1436779
2025-10-18 03:22:13.807,106915.08,0.002,213.83016
2025-10-18 03:22:13.808,106915.08,0.002,213.83016
2025-10-18 03:22:13.809,106915.08,0.002,213.83016
2025-10-18 03:22:14.088,106915.08,0.09358,10005.1131864
2025-10-18 03:22:14.287,106915.08,8e-05,8.5532064
2025-10-18 03:22:14.552,106915.08,9e-05,9.622357200000001
2025-10-18 03:22:15.073,106915.08,0.09358,10005.1131864
2025-10-18 03:22:15.263,106914.0,0.00165,176.4081
2025-10-18 03:22:15.264,106914.0,0.00035,37.4199
2025-10-18 03:22:15.266,106913.99,0.00025,26.728497500000003
2025-10-18 03:22:15.274,106909.32,0.00589,629.6958948
2025-10-18 03:22:15.277,106909.08,0.00856,915.1417248
2025-10-18 03:22:15.278,106909.08,0.012,1282.90896
2025-10-18 03:22:15.433,106909.09,0.00117,125.0836353
2025-10-18 03:22:15.533,106909.08,0.00023,24.5890884
2025-10-18 03:22:16.017,106909.08,0.09359,10005.620797200001
2025-10-18 03:22:16.159,106909.08,0.00012,12.8290896
2025-10-18 03:22:16.469,106909.09,0.00052,55.592726799999994
2025-10-18 03:22:16.519,106909.08,8e-05,8.552726400000001
2025-10-18 03:22:16.524,106909.09,0.00019,20.3127271
2025-10-18 03:22:16.591,106909.08,6e-05,6.4145448
2025-10-18 03:22:16.718,106909.09,0.00011,11.7599999
2025-10-18 03:22:16.721,106909.09,0.00037,39.5563633
2025-10-18 03:22:16.818,106909.09,0.00047,50.2472723
2025-10-18 03:22:16.863,106909.09,0.0001,10.690909
2025-10-18 03:22:17.017,106909.09,8e-05,8.5527272
2025-10-18 03:22:17.037,106909.09,0.00055,58.7999995
2025-10-18 03:22:17.203,106909.08,0.00398,425.4981384
2025-10-18 03:22:17.206,106905.99,0.0001,10.690599
2025-10-18 03:22:17.233,106904.01,0.00015,16.0356015
2025-10-18 03:22:17.317,106904.01,0.00047,50.24488469999999
2025-10-18 03:22:17.362,106904.01,0.00029,31.0021629
2025-10-18 03:22:17.364,106904.01,0.00109,116.5253709
2025-10-18 03:22:17.419,106904.0,0.00041,43.83064
2025-10-18 03:22:17.823,106904.0,8e-05,8.55232
2025-10-18 03:22:17.849,106904.01,0.00029,31.0021629
2025-10-18 03:22:18.074,106904.0,0.0187,1999.1048
2025-10-18 03:22:18.088,106904.0,9e-05,9.621360000000001
2025-10-18 03:22:18.117,106904.01,0.00019,20.3117619
2025-10-18 03:22:18.217,106904.0,0.09359,10005.14536
2025-10-18 03:22:18.270,106904.01,0.00094,100.48976939999999
2025-10-18 03:22:18.383,106904.01,0.0001,10.690401
2025-10-18 03:22:18.420,106904.01,0.00019,20.3117619
2025-10-18 03:22:18.466,106904.0,0.00187,199.91047999999998
2025-10-18 03:22:18.679,106904.0,9e-05,9.621360000000001
2025-10-18 03:22:18.757,106904.0,9e-05,9.621360000000001
2025-10-18 03:22:18.794,106904.01,0.00014,14.966561399999998
2025-10-18 03:22:18.892,106904.01,0.00019,20.3117619
2025-10-18 03:22:18.937,106904.01,0.0001,10.690401
2025-10-18 03:22:18.993,106904.01,0.00059,63.0733659
2025-10-18 03:22:19.088,106904.01,0.0005,53.452005
2025-10-18 03:22:19.149,106904.01,0.0005,53.452005
2025-10-18 03:22:19.332,106904.0,0.09359,10005.14536
2025-10-18 03:22:19.950,106904.0,0.012,1282.848
2025-10-18 03:22:20.277,106904.0,0.00019,20.31176
2025-10-18 03:22:20.475,106904.0,0.09359,10005.14536
2025-10-18 03:22:20.545,106904.0,0.00024,25.65696
2025-10-18 03:22:20.611,106904.0,0.052,5559.008
2025-10-18 03:22:21.434,106904.0,0.012,1282.848
2025-10-18 03:22:21.436,106904.0,0.012,1282.848
2025-10-18 03:22:21.451,106904.0,0.012,1282.848
2025-10-18 03:22:21.517,106904.0,0.09359,10005.14536
2025-10-18 03:22:21.667,106904.01,0.00015,16.0356015
2025-10-18 03:22:22.044,106904.01,0.4456,47636.426856
2025-10-18 03:22:22.054,106904.0,8e-05,8.55232
2025-10-18 03:22:22.055,106904.01,0.01771,1893.2700171
2025-10-18 03:22:22.057,106904.01,0.02401,2566.7652801
2025-10-18 03:22:22.109,106904.01,0.028,2993.31228
2025-10-18 03:22:22.600,106904.0,0.09359,10005.14536
2025-10-18 03:22:22.610,106904.0,8e-05,8.55232
2025-10-18 03:22:22.877,106904.0,0.00222,237.32688000000002
2025-10-18 03:22:23.395,106904.42,5e-05,5.3452210000000004
2025-10-18 03:22:23.396,106910.42,0.00557,595.4910394
2025-10-18 03:22:23.397,106915.08,0.01884,2014.2801072
2025-10-18 03:22:23.398,106919.75,0.0001,10.691975000000001
2025-10-18 03:22:23.404,106925.07,5e-05,5.3462535
2025-10-18 03:22:23.413,106930.68,0.00591,631.9603188
2025-10-18 03:22:23.417,106930.73,0.0001,10.693073
2025-10-18 03:22:23.615,106933.15,5e-05,5.3466575
2025-10-18 03:22:23.717,106937.98,0.09357,10006.1867886
2025-10-18 03:22:23.947,106937.98,9e-05,9.624418200000001
2025-10-18 03:22:24.088,106937.98,9e-05,9.624418200000001
2025-10-18 03:22:24.276,106937.99,0.00012,12.832558800000001
2025-10-18 03:22:24.577,106937.98,9e-05,9.624418200000001
2025-10-18 03:22:24.815,106937.98,0.09357,10006.1867886
2025-10-18 03:22:25.039,106937.99,0.00109,116.56240910000001
2025-10-18 03:22:25.805,106937.98,0.0001,10.693798
2025-10-18 03:22:25.816,106937.98,0.09356,10005.1174088
2025-10-18 03:22:25.979,106937.98,8e-05,8.5550384
2025-10-18 03:22:26.372,106937.98,0.00335,358.242233
2025-10-18 03:22:26.386,106937.97,0.0008,85.550376
2025-10-18 03:22:26.393,106934.44,0.00015,16.040166
2025-10-18 03:22:26.400,106934.43,0.00933,997.6982318999999
2025-10-18 03:22:26.406,106934.43,0.0021,224.56230299999996
2025-10-18 03:22:26.408,106934.42,0.00011,11.7627862
2025-10-18 03:22:26.563,106934.43,0.00754,806.2856022
2025-10-18 03:22:27.009,106934.43,0.00035,37.4270505
2025-10-18 03:22:27.017,106934.42,0.09357,10005.8536794
2025-10-18 03:22:28.052,106930.38,5e-05,5.346519000000001
2025-10-18 03:22:28.058,106925.0,0.03333,3563.81025
2025-10-18 03:22:28.172,106924.99,0.09358,10006.0405642
2025-10-18 03:22:28.764,106924.99,9e-05,9.6232491
2025-10-18 03:22:28.963,106924.99,9e-05,9.6232491
2025-10-18 03:22:29.282,106924.99,0.00031,33.146746900000004
2025-10-18 03:22:29.308,106924.99,0.09358,10006.0405642
2025-10-18 03:22:30.317,106924.99,0.09358,10006.0405642
2025-10-18 03:22:30.559,106924.99,7e-05,7.4847493
2025-10-18 03:22:30.696,106924.99,8e-05,8.553999200000002
2025-10-18 03:22:31.017,106925.0,0.00224,239.51199999999997
2025-10-18 03:22:31.122,106925.0,0.0028,299.39
2025-10-18 03:22:31.317,106924.99,0.09358,10006.0405642
2025-10-18 03:22:31.572,106925.0,0.00247,264.10475
2025-10-18 03:22:32.422,106924.99,0.09358,10006.0405642
2025-10-18 03:22:32.437,106924.99,8e-05,8.553999200000002
2025-10-18 03:22:32.589,106925.0,0.00011,11.761750000000001
2025-10-18 03:22:33.517,106924.99,0.09358,10006.0405642
2025-10-18 03:22:33.561,106925.0,0.6787,72569.9975
2025-10-18 03:22:33.562,106925.1,0.0009,96.23259
2025-10-18 03:22:33.567,106933.38,5e-05,5.346669
2025-10-18 03:22:33.632,106935.0,0.028,2994.18
2025-10-18 03:22:33.657,106935.0,4e-05,4.2774
2025-10-18 03:22:34.228,106935.0,0.00022,23.5257
2025-10-18 03:22:34.369,106935.0,0.00187,199.96845
2025-10-18 03:22:34.642,106934.99,0.09356,10004.837664400002
2025-10-18 03:22:35.057,106935.0,0.00042,44.9127
2025-10-18 03:22:35.169,106934.99,9e-05,9.6241491
2025-10-18 03:22:35.225,106935.0,0.00019,20.31765
2025-10-18 03:22:35.410,106935.0,4e-05,4.2774
2025-10-18 03:22:35.561,106935.0,0.008,855.48
2025-10-18 03:22:35.817,106934.99,0.09356,10004.837664400002
2025-10-18 03:22:36.156,106934.99,0.00095,101.5882405
2025-10-18 03:22:36.256,106934.99,7e-05,7.4854493
2025-10-18 03:22:36.548,106935.0,0.00086,91.9641
2025-10-18 03:22:36.769,106934.99,0.00863,922.8489637000001
2025-10-18 03:22:36.882,106935.0,0.00034,36.3579
2025-10-18 03:22:36.917,106934.99,0.09356,10004.837664400002
2025-10-18 03:22:37.781,106935.0,0.00027,28.87245
2025-10-18 03:22:37.959,106934.99,0.09356,10004.837664400002
2025-10-18 03:22:38.053,106934.99,9e-05,9.6241491
2025-10-18 03:22:38.848,106935.0,0.00047,50.25945
2025-10-18 03:22:38.966,106935.0,0.00107,114.42045
2025-10-18 03:22:39.016,106934.99,0.09356,10004.837664400002
2025-10-18 03:22:39.683,106935.0,5e-05,5.34675
2025-10-18 03:22:39.932,106935.0,9e-05,9.62415
2025-10-18 03:22:40.090,106934.99,0.09356,10004.837664400002
2025-10-18 03:22:41.070,106934.99,0.09356,10004.837664400002
2025-10-18 03:22:41.268,106934.99,0.00013,13.9015487
2025-10-18 03:22:41.585,106934.99,6e-05,6.4160994
2025-10-18 03:22:41.745,106935.0,0.00057,60.952949999999994
2025-10-18 03:22:41.799,106934.99,6e-05,6.4160994
2025-10-18 03:22:41.837,106935.0,0.00467,499.38644999999997
2025-10-18 03:22:41.994,106935.0,0.00028,29.941799999999997
2025-10-18 03:22:42.103,106934.99,0.09356,10004.837664400002
2025-10-18 03:22:42.323,106934.99,0.00035,37.4272465
2025-10-18 03:22:42.614,106935.0,0.13005,13906.89675
2025-10-18 03:22:42.616,106935.0,0.02771,2963.16885
2025-10-18 03:22:42.621,106935.0,0.24415,26108.18025
2025-10-18 03:22:42.623,106935.0,0.02853,3050.8555499999998
2025-10-18 03:22:42.634,106935.0,0.00226,241.67309999999998
2025-10-18 03:22:42.635,106935.0,0.02172,2322.6282
2025-10-18 03:22:43.189,106934.99,0.09356,10004.837664400002
2025-10-18 03:22:43.447,106935.0,0.00023,24.59505
2025-10-18 03:22:43.782,106935.0,0.00109,116.55915
2025-10-18 03:22:44.078,106935.0,0.0561,5999.0535
2025-10-18 03:22:44.207,106934.99,8e-05,8.554799200000001
2025-10-18 03:22:44.434,106934.99,0.09356,10004.837664400002
2025-10-18 03:22:44.713,106935.0,0.00035,37.42725
2025-10-18 03:22:44.873,106935.0,0.00012,12.8322
2025-10-18 03:22:45.424,106935.0,0.0048,513.288
2025-10-18 03:22:45.475,106935.0,0.00025,26.73375
2025-10-18 03:22:45.579,106934.99,0.09356,10004.837664400002
2025-10-18 03:22:46.202,106935.0,0.0168,1796.5079999999998
2025-10-18 03:22:46.450,106935.0,0.05769,6169.08015
2025-10-18 03:22:46.664,106934.99,0.09356,10004.837664400002
2025-10-18 03:22:46.671,106935.0,0.00185,197.82975000000002
2025-10-18 03:22:46.919,106935.0,0.00749,800.9431500000001
2025-10-18 03:22:47.026,106934.99,0.01182,1263.9715818000002
2025-10-18 03:22:47.319,106934.99,0.00017,18.178948300000002
2025-10-18 03:22:47.662,106934.99,6e-05,6.4160994
2025-10-18 03:22:47.704,106934.99,0.09356,10004.837664400002
2025-10-18 03:22:48.179,106935.0,0.00132,141.1542
2025-10-18 03:22:48.527,106935.0,0.00046,49.1901
2025-10-18 03:22:48.817,106934.99,0.09356,10004.837664400002
2025-10-18 03:22:49.368,106935.0,9e-05,9.62415
2025-10-18 03:22:49.612,106935.0,0.00018,19.2483
2025-10-18 03:22:49.779,106934.99,0.09356,10004.837664400002
2025-10-18 03:22:49.939,106935.0,0.0005,53.4675
2025-10-18 03:22:49.980,106935.0,0.00378,404.2143
2025-10-18 03:22:50.275,106935.0,0.00468,500.4558
2025-10-18 03:22:50.488,106935.0,0.00345,368.92575
2025-10-18 03:22:50.716,106934.99,0.09356,10004.837664400002
2025-10-18 03:22:51.911,106934.99,0.09356,10004.837664400002
2025-10-18 03:22:52.435,106935.0,0.01496,1599.7476
2025-10-18 03:22:52.532,106934.99,0.00066,70.57709340000001
2025-10-18 03:22:52.811,106934.99,5e-05,5.3467495000000005
2025-10-18 03:22:52.951,106934.99,0.09356,10004.837664400002
2025-10-18 03:22:53.318,106934.99,0.01458,1559.1121542
2025-10-18 03:22:53.656,106935.0,0.00557,595.62795
2025-10-18 03:22:53.720,106935.0,0.01496,1599.7476
2025-10-18 03:22:53.796,106935.0,0.00483,516.49605
2025-10-18 03:22:53.914,106935.0,0.00057,60.952949999999994
2025-10-18 03:22:53.969,106935.0,0.00582,622.3616999999999
2025-10-18 03:22:54.097,106934.99,0.09356,10004.837664400002
2025-10-18 03:22:54.285,106935.0,0.00037,39.56595
2025-10-18 03:22:54.593,106935.0,0.00016,17.1096
2025-10-18 03:22:55.317,106934.99,0.09356,10004.837664400002
2025-10-18 03:22:55.414,106935.0,0.08,8554.8
2025-10-18 03:22:55.584,106934.99,0.00012,12.8321988
2025-10-18 03:22:55.918,106935.0,0.00029,31.01115
2025-10-18 03:22:56.432,106934.99,0.00018,19.2482982
2025-10-18 03:22:56.516,106934.99,0.09356,10004.837664400002
2025-10-18 03:22:56.818,106935.0,0.00034,36.3579
2025-10-18 03:22:56.974,106935.0,0.0395,4223.9325
2025-10-18 03:22:57.232,106935.0,0.00681,728.22735
2025-10-18 03:22:57.588,106935.0,0.00133,142.22355
2025-10-18 03:22:57.817,106934.99,0.09356,10004.837664400002
2025-10-18 03:22:58.045,106935.0,0.03653,3906.33555
2025-10-18 03:22:58.461,106935.0,0.00046,49.1901
2025-10-18 03:22:58.871,106934.99,0.09356,10004.837664400002
2025-10-18 03:22:59.050,106935.0,0.0158,1689.573
2025-10-18 03:22:59.098,106935.01,5e-05,5.3467505
2025-10-18 03:22:59.115,106950.79,0.00015,16.042618499999996
2025-10-18 03:22:59.119,106950.8,6e-05,6.417048
2025-10-18 03:22:59.410,106950.8,0.00031,33.154748
2025-10-18 03:22:59.865,106950.8,0.00012,12.834096
2025-10-18 03:22:59.902,106950.79,0.09355,10005.246404499998
2025-10-18 03:23:00.037,106950.79,0.00016,17.1121264
2025-10-18 03:23:00.245,106950.79,0.00375,401.06546249999997
2025-10-18 03:23:00.391,106950.8,0.00022,23.529176000000003
2025-10-18 03:23:00.542,106950.79,0.00012,12.834094799999999
2025-10-18 03:23:01.208,106950.8,0.023,2459.8684
2025-10-18 03:23:01.214,106950.8,0.005,534.754
2025-10-18 03:23:01.217,106950.79,0.09355,10005.246404499998
2025-10-18 03:23:01.389,106950.8,0.00012,12.834096
2025-10-18 03:23:01.541,106950.79,0.00086,91.97767939999999
2025-10-18 03:23:01.686,106950.8,0.00527,563.630716
2025-10-18 03:23:01.814,106950.79,9e-05,9.6255711
2025-10-18 03:23:01.999,106950.79,0.00012,12.834094799999999
2025-10-18 03:23:02.072,106950.8,0.00109,116.576372
2025-10-18 03:23:02.218,106950.8,0.005,534.754
2025-10-18 03:23:02.234,106950.79,0.09355,10005.246404499998
2025-10-18 03:23:02.286,106950.8,0.002,213.9016
2025-10-18 03:23:02.835,106950.8,0.00012,12.834096
2025-10-18 03:23:03.026,106950.8,0.00116,124.062928
2025-10-18 03:23:03.058,106950.8,0.001,106.9508
2025-10-18 03:23:03.125,106950.8,0.002,213.9016
2025-10-18 03:23:03.195,106950.8,0.023,2459.8684
2025-10-18 03:23:03.317,106950.79,0.09355,10005.246404499998
2025-10-18 03:23:03.383,106950.8,0.003,320.8524
2025-10-18 03:23:03.459,106950.79,0.00012,12.834094799999999
2025-10-18 03:23:03.791,106950.8,0.004,427.8032
2025-10-18 03:23:04.136,106950.8,0.021,2245.9668
2025-10-18 03:23:04.263,106950.79,0.09355,10005.246404499998
2025-10-18 03:23:04.345,106950.8,0.00012,12.834096
2025-10-18 03:23:04.515,106950.8,0.05573,5960.368084000001
2025-10-18 03:23:04.823,106950.69,0.0002,21.390138
2025-10-18 03:23:04.831,106949.57,0.0014,149.729398
2025-10-18 03:23:04.841,106949.56,0.00129,137.96493239999998
2025-10-18 03:23:04.845,106948.39,0.01135,1213.8642265
2025-10-18 03:23:04.846,106948.39,0.012,1283.38068
2025-10-18 03:23:04.849,106946.88,0.00303,324.0490464
2025-10-18 03:23:04.915,106946.88,0.00434,464.1494592
2025-10-18 03:23:04.977,106946.52,0.00023,24.597699600000002
2025-10-18 03:23:04.989,106946.52,0.001,106.94652
2025-10-18 03:23:04.992,106946.52,0.001,106.94652
2025-10-18 03:23:05.024,106946.52,0.00251,268.4357652
2025-10-18 03:23:05.026,106945.86,0.0002,21.389172000000002
2025-10-18 03:23:05.061,106945.64,0.00012,12.8334768
2025-10-18 03:23:05.241,106945.64,0.09356,10005.834078400001
2025-10-18 03:23:05.282,106941.3,0.01117,1194.5343209999999
2025-10-18 03:23:05.515,106938.6,8e-05,8.555088000000001
2025-10-18 03:23:05.806,106938.46,0.011,1176.32306
2025-10-18 03:23:05.859,106938.47,0.00012,12.832616400000001
2025-10-18 03:23:06.454,106938.46,0.00012,12.832615200000001
2025-10-18 03:23:06.487,106938.46,0.09356,10005.162317600001
2025-10-18 03:23:06.767,106938.46,0.011,1176.32306
2025-10-18 03:23:06.770,106938.46,0.012,1283.26152
2025-10-18 03:23:06.772,106938.46,0.00682,729.3202972
2025-10-18 03:23:06.773,106938.45,0.0013,139.019985
2025-10-18 03:23:06.844,106938.0,0.00015,16.040699999999998
2025-10-18 03:23:06.943,106938.0,0.001,106.938
2025-10-18 03:23:06.944,106938.0,0.001,106.938
2025-10-18 03:23:06.945,106938.0,0.001,106.938
2025-10-18 03:23:06.947,106938.0,0.00195,208.5291
2025-10-18 03:23:06.949,106937.99,0.0014,149.713186
2025-10-18 03:23:06.996,106936.71,0.03159,3378.1306689000003
2025-10-18 03:23:07.017,106935.0,0.0001,10.6935
2025-10-18 03:23:07.317,106934.99,0.26748,28602.9711252
2025-10-18 03:23:07.367,106935.0,0.00012,12.8322
2025-10-18 03:23:07.616,106934.99,0.03167,3386.6311333
2025-10-18 03:23:07.820,106934.99,0.03298,3526.7159702000004
2025-10-18 03:23:07.821,106934.99,0.00925,989.1486575
2025-10-18 03:23:07.822,106934.99,0.00925,989.1486575
2025-10-18 03:23:07.824,106934.99,0.0338,3614.402662
2025-10-18 03:23:07.825,106934.99,0.012,1283.21988
2025-10-18 03:23:07.826,106934.99,0.012,1283.21988
2025-10-18 03:23:07.827,106934.99,0.0299,3197.356201
2025-10-18 03:23:07.828,106934.99,0.0076,812.705924
2025-10-18 03:23:07.832,106933.53,0.00186,198.8963658
2025-10-18 03:23:07.835,106932.08,0.00315,336.836052
2025-10-18 03:23:07.842,106932.08,0.03348,3580.0860384000002
2025-10-18 03:23:07.856,106932.09,0.00062,66.29789579999999
2025-10-18 03:23:07.915,106926.76,0.0001,10.692676
2025-10-18 03:23:07.918,106924.99,6e-05,6.415499400000001
2025-10-18 03:23:07.977,106924.99,0.00012,12.830998800000001
2025-10-18 03:23:08.084,106924.99,0.0008,85.53999200000001
2025-10-18 03:23:08.237,106924.99,0.009,962.3249099999999
2025-10-18 03:23:08.238,106924.99,0.009,962.3249099999999
2025-10-18 03:23:08.239,106924.99,0.009,962.3249099999999
2025-10-18 03:23:08.597,106924.99,0.09358,10006.0405642
2025-10-18 03:23:08.933,106925.0,0.00012,12.831
2025-10-18 03:23:09.531,106924.99,0.00012,12.830998800000001
2025-10-18 03:23:09.616,106924.99,0.09358,10006.0405642
2025-10-18 03:23:09.924,106924.99,0.00384,410.59196160000005
2025-10-18 03:23:09.940,106924.99,0.00036,38.4929964
2025-10-18 03:23:10.165,106924.99,0.012,1283.09988
2025-10-18 03:23:10.168,106924.99,0.012,1283.09988
2025-10-18 03:23:10.171,106924.99,0.012,1283.09988
2025-10-18 03:23:10.181,106925.0,0.02805,2999.2462499999997
2025-10-18 03:23:10.398,106925.0,0.00012,12.831
2025-10-18 03:23:10.541,106924.99,0.012,1283.09988
2025-10-18 03:23:10.543,106924.99,0.012,1283.09988
2025-10-18 03:23:10.544,106924.99,0.012,1283.09988
2025-10-18 03:23:10.566,106924.99,0.09358,10006.0405642
2025-10-18 03:23:11.055,106924.99,0.00012,12.830998800000001
2025-10-18 03:23:11.576,106924.99,7e-05,7.4847493
2025-10-18 03:23:11.655,106925.0,0.00019,20.31575
2025-10-18 03:23:11.716,106924.99,0.09358,10006.0405642
2025-10-18 03:23:11.834,106925.0,0.00026,27.800499999999996
2025-10-18 03:23:11.984,106925.0,0.00187,199.94975
2025-10-18 03:23:12.497,106924.99,0.00054,57.7394946
2025-10-18 03:23:12.618,106924.99,0.0043,459.777457
2025-10-18 03:23:12.736,106924.99,0.09358,10006.0405642
2025-10-18 03:23:13.074,106924.99,0.00013,13.900248699999999
2025-10-18 03:23:13.091,106924.99,0.01496,1599.5978504
2025-10-18 03:23:13.526,106925.0,0.00134,143.2795
2025-10-18 03:23:13.917,106924.99,0.00591,631.9266909
2025-10-18 03:23:14.287,106925.0,0.00056,59.87799999999999
2025-10-18 03:23:14.461,106925.0,0.00089,95.16324999999999
2025-10-18 03:23:14.513,106925.0,0.00285,304.73625
2025-10-18 03:23:14.632,106925.0,0.00389,415.93825
2025-10-18 03:23:14.643,106925.0,0.00056,59.87799999999999
2025-10-18 03:23:14.810,106925.0,0.00389,415.93825
2025-10-18 03:23:14.858,106925.0,0.00342,365.6835
2025-10-18 03:23:14.901,106925.0,0.00047,50.25475
2025-10-18 03:23:14.999,106924.99,0.0035,374.23746500000004
2025-10-18 03:23:15.652,106925.0,0.23376,24994.788
2025-10-18 03:23:15.684,106925.0,0.08912,9529.156
2025-10-18 03:23:15.692,106925.0,0.028,2993.9
2025-10-18 03:23:15.715,106925.0,0.09099,9729.10575
2025-10-18 03:23:15.746,106925.01,0.02557,2734.0725057
2025-10-18 03:23:15.749,106925.01,0.00678,724.9515677999999
2025-10-18 03:23:15.751,106925.01,6e-05,6.4155006
2025-10-18 03:23:15.768,106925.01,0.00149,159.3182649
2025-10-18 03:23:15.895,106925.11,0.0024,256.62026399999996
2025-10-18 03:23:15.915,106931.5,6e-05,6.41589
2025-10-18 03:23:16.153,106931.5,0.00029,31.010135000000002
2025-10-18 03:23:16.882,106931.5,4e-05,4.27726
2025-10-18 03:23:17.142,106931.5,0.00061,65.22821499999999
2025-10-18 03:23:17.462,106931.49,5e-05,5.346574500000001
2025-10-18 03:23:18.357,106931.5,0.01112,1189.07828
2025-10-18 03:23:18.677,106931.5,0.00607,649.074205
2025-10-18 03:23:18.692,106931.51,0.00289,309.0320639
2025-10-18 03:23:18.718,106931.52,0.0021,224.55619199999998
2025-10-18 03:23:18.729,106931.52,0.00055,58.81233600000001
2025-10-18 03:23:18.742,106934.65,0.00035,37.4271275
2025-10-18 03:23:18.796,106934.75,0.00224,239.53383999999997
2025-10-18 03:23:18.804,106935.0,0.00019,20.31765
2025-10-18 03:23:19.362,106935.01,0.00065,69.5077565
2025-10-18 03:23:19.903,106935.01,0.0007,74.854507
2025-10-18 03:23:20.120,106935.01,0.0007,74.854507
2025-10-18 03:23:20.463,106935.0,0.09356,10004.838600000001
2025-10-18 03:23:20.864,106935.0,5e-05,5.34675
2025-10-18 03:23:21.417,106935.0,0.09356,10004.838600000001
2025-10-18 03:23:22.643,106935.0,0.09356,10004.838600000001
2025-10-18 03:23:22.944,106935.01,0.013,1390.1551299999999
2025-10-18 03:23:23.142,106935.01,0.009,962.4150899999999
2025-10-18 03:23:23.727,106935.0,0.09356,10004.838600000001
2025-10-18 03:23:23.856,106935.01,0.003,320.80503
2025-10-18 03:23:24.543,106935.0,0.00556,594.5586
2025-10-18 03:23:24.767,106935.0,0.09356,10004.838600000001
2025-10-18 03:23:24.904,106935.0,0.00049,52.39815
2025-10-18 03:23:25.646,106935.01,0.013,1390.1551299999999
2025-10-18 03:23:25.833,106935.01,0.015,1604.02515
2025-10-18 03:23:25.834,106935.01,0.00129,137.9461629
2025-10-18 03:23:25.836,106939.27,0.00374,399.9528698
2025-10-18 03:23:25.845,106945.06,0.055,5881.9783
2025-10-18 03:23:25.852,106945.06,0.0549,5871.283794
2025-10-18 03:23:25.856,106945.05,0.09356,10005.778878000001
2025-10-18 03:23:26.079,106950.79,0.00277,296.25368829999996
2025-10-18 03:23:26.082,106953.47,6e-05,6.4172082
2025-10-18 03:23:26.578,106953.46,9e-05,9.625811400000002
2025-10-18 03:23:26.817,106953.46,0.09355,10005.496183
2025-10-18 03:23:26.818,106953.46,8e-05,8.556276800000001
2025-10-18 03:23:27.459,106953.46,0.0002,21.390692
2025-10-18 03:23:27.767,106953.46,0.09355,10005.496183
2025-10-18 03:23:28.031,106953.47,6e-05,6.4172082
2025-10-18 03:23:28.660,106953.47,0.00529,565.7838563
2025-10-18 03:23:28.800,106953.48,0.09355,10005.498054
2025-10-18 03:23:28.819,106953.49,0.00022,23.529767800000002
2025-10-18 03:23:29.300,106953.48,0.03725,3984.0171299999997
2025-10-18 03:23:29.438,106953.48,0.01593,1703.7689363999998
2025-10-18 03:23:29.681,106956.0,0.00203,217.12068000000002
2025-10-18 03:23:29.682,106959.72,5e-05,5.347986000000001
2025-10-18 03:23:29.882,106959.98,0.09355,10006.106129
2025-10-18 03:23:30.718,106959.99,0.00069,73.8023931
2025-10-18 03:23:31.022,106959.98,0.09355,10006.106129
2025-10-18 03:23:31.283,106959.99,0.00043,45.9927957
2025-10-18 03:23:32.017,106959.98,0.09355,10006.106129
2025-10-18 03:23:32.023,106959.98,0.00025,26.739995
2025-10-18 03:23:33.048,106959.98,0.09355,10006.106129
2025-10-18 03:23:33.807,106959.98,0.00011,11.7655978
2025-10-18 03:23:34.087,106959.98,0.09355,10006.106129
2025-10-18 03:23:34.642,106959.99,0.00211,225.6855789
2025-10-18 03:23:34.815,106959.99,0.00075,80.2199925
2025-10-18 03:23:34.826,106959.98,0.012,1283.51976
2025-10-18 03:23:34.827,106959.98,0.012,1283.51976
2025-10-18 03:23:34.828,106959.98,0.012,1283.51976
2025-10-18 03:23:34.836,106959.96,0.0002,21.391992000000002
2025-10-18 03:23:34.837,106959.8,0.0001,10.69598
2025-10-18 03:23:34.846,106957.07,0.00015,16.043560499999998
2025-10-18 03:23:34.861,106957.06,0.0024,256.696944
2025-10-18 03:23:34.919,106957.04,0.00165,176.47911599999998
2025-10-18 03:23:35.004,106955.99,0.0002,21.391198000000003
2025-10-18 03:23:35.016,106955.98,0.0027,288.781146
2025-10-18 03:23:35.217,106955.9,0.09355,10005.724444999998
2025-10-18 03:23:35.856,106955.9,0.00019,20.321621
2025-10-18 03:23:36.328,106955.91,0.00018,19.252063800000002
2025-10-18 03:23:36.428,106955.91,0.00196,209.6335836
2025-10-18 03:23:36.470,106955.9,0.09355,10005.724444999998
2025-10-18 03:23:36.921,106955.91,0.00373,398.9455443
2025-10-18 03:23:37.614,106955.9,0.09355,10005.724444999998
2025-10-18 03:23:38.141,106955.91,0.00049,52.4083959
2025-10-18 03:23:38.170,106955.9,0.00101,108.025459
2025-10-18 03:23:38.244,106955.91,0.00025,26.7389775
2025-10-18 03:23:38.401,106955.91,0.00934,998.9681994
2025-10-18 03:23:38.699,106955.9,0.09355,10005.724444999998
2025-10-18 03:23:39.335,106955.91,0.00815,871.6906664999999
2025-10-18 03:23:39.449,106955.91,0.005,534.77955
2025-10-18 03:23:39.628,106955.91,0.00012,12.8347092
2025-10-18 03:23:39.717,106955.9,0.09355,10005.724444999998
2025-10-18 03:23:40.043,106955.9,0.0001,10.69559
2025-10-18 03:23:40.481,106955.9,0.00016,17.112944
2025-10-18 03:23:40.724,106955.9,0.09355,10005.724444999998
2025-10-18 03:23:41.917,106955.9,0.09355,10005.724444999998
2025-10-18 03:23:42.102,106955.91,0.03721,3979.8294111
2025-10-18 03:23:42.851,106955.9,0.09355,10005.724444999998
2025-10-18 03:23:43.917,106955.9,0.09355,10005.724444999998
2025-10-18 03:23:43.967,106955.91,0.00154,164.7121014
2025-10-18 03:23:44.903,106955.91,0.00072,77.00825520000001
2025-10-18 03:23:45.090,106955.9,0.09355,10005.724444999998
2025-10-18 03:23:45.742,106955.9,0.00129,137.973111
2025-10-18 03:23:45.971,106955.9,0.00058,62.034422
2025-10-18 03:23:46.025,106955.9,0.09355,10005.724444999998
2025-10-18 03:23:47.119,106955.9,0.09355,10005.724444999998
2025-10-18 03:23:47.375,106955.91,0.00043,45.9910413
2025-10-18 03:23:48.211,106955.9,0.09355,10005.724444999998
2025-10-18 03:23:49.132,106955.9,8e-05,8.556472
2025-10-18 03:23:49.199,106955.91,0.00553,591.4661823
2025-10-18 03:23:49.249,106955.91,0.00553,591.4661823
2025-10-18 03:23:49.250,106955.9,0.09355,10005.724444999998
2025-10-18 03:23:50.083,106955.91,0.028,2994.76548
2025-10-18 03:23:50.153,106955.91,0.00553,591.4661823
2025-10-18 03:23:50.163,106955.91,0.00553,591.4661823
2025-10-18 03:23:50.338,106955.9,0.09355,10005.724444999998
2025-10-18 03:23:50.808,106955.9,0.00554,592.5356859999999
2025-10-18 03:23:51.323,106955.9,0.09355,10005.724444999998
2025-10-18 03:23:51.590,106955.91,0.00029,31.0172139
2025-10-18 03:23:52.030,106955.91,0.028,2994.76548
2025-10-18 03:23:52.254,106955.9,0.09355,10005.724444999998
2025-10-18 03:23:52.326,106955.91,0.014,1497.38274
2025-10-18 03:23:52.340,106955.91,0.014,1497.38274
2025-10-18 03:23:53.234,106955.9,0.09355,10005.724444999998
2025-10-18 03:23:53.333,106955.91,0.00173,185.03372430000002
2025-10-18 03:23:53.370,106955.91,0.00013,13.9042683
2025-10-18 03:23:53.682,106955.91,0.00019,20.3216229
2025-10-18 03:23:54.172,106955.9,0.09355,10005.724444999998
2025-10-18 03:23:54.837,106955.91,0.00087,93.0516417
2025-10-18 03:23:54.972,106955.9,0.00785,839.6038149999999
2025-10-18 03:23:55.209,106955.9,0.09355,10005.724444999998
2025-10-18 03:23:55.470,106955.91,0.00218,233.1638838
2025-10-18 03:23:56.095,106955.9,8e-05,8.556472
2025-10-18 03:23:56.143,106955.9,0.09355,10005.724444999998
2025-10-18 03:23:56.969,106955.91,0.00304,325.1459664
2025-10-18 03:23:57.234,106955.9,0.09355,10005.724444999998
2025-10-18 03:23:57.728,106955.9,0.01651,1765.841909
2025-10-18 03:23:58.223,106955.9,0.09355,10005.724444999998
2025-10-18 03:23:58.769,106955.91,5e-05,5.3477955
2025-10-18 03:23:59.181,106955.9,0.00193,206.42488699999998
2025-10-18 03:23:59.217,106955.9,0.09355,10005.724444999998
2025-10-18 03:23:59.305,106955.91,9e-05,9.626031900000001
2025-10-18 03:24:00.217,106955.9,0.09355,10005.724444999998
2025-10-18 03:24:00.482,106955.91,5e-05,5.3477955
2025-10-18 03:24:00.590,106955.91,0.028,2994.76548
2025-10-18 03:24:01.060,106955.91,0.028,2994.76548
2025-10-18 03:24:01.186,106955.9,0.09355,10005.724444999998
2025-10-18 03:24:01.251,106955.91,0.021,2246.07411
2025-10-18 03:24:01.383,106955.91,0.007,748.69137
2025-10-18 03:24:02.344,106955.9,0.09354,10004.654885999998
2025-10-18 03:24:02.846,106955.9,5e-05,5.347795
2025-10-18 03:24:03.222,106955.9,0.00553,591.466127
2025-10-18 03:24:03.223,106955.9,0.07196,7696.546563999999
2025-10-18 03:24:03.227,106955.9,0.03879,4148.819361
2025-10-18 03:24:03.354,106955.91,0.09349,9999.3080259
2025-10-18 03:24:03.409,106955.9,0.09354,10004.654885999998
2025-10-18 03:24:03.438,106955.91,0.00034,36.365009400000005
2025-10-18 03:24:03.721,106955.91,0.0003,32.086773
2025-10-18 03:24:03.792,106955.91,0.00024,25.6694184
2025-10-18 03:24:04.349,106955.9,0.09354,10004.654885999998
2025-10-18 03:24:04.691,106955.91,0.00022,23.530300200000003
2025-10-18 03:24:04.802,106955.91,0.0005,53.477955
2025-10-18 03:24:05.095,106955.91,0.00018,19.252063800000002
2025-10-18 03:24:05.382,106955.9,0.09354,10004.654885999998
2025-10-18 03:24:05.446,106955.91,0.00376,402.1542216
2025-10-18 03:24:05.838,106955.91,0.00131,140.1122421
2025-10-18 03:24:06.416,106955.9,0.09354,10004.654885999998
2025-10-18 03:24:06.582,106955.9,0.0001,10.69559
2025-10-18 03:24:06.735,106955.9,0.00017,18.182503
2025-10-18 03:24:06.753,106955.9,0.00103,110.16457700000001
2025-10-18 03:24:06.946,106955.9,1.15497,123530.855823
2025-10-18 03:24:06.947,106954.69,0.02215,2369.0463835
2025-10-18 03:24:06.948,106953.16,5e-05,5.347658
2025-10-18 03:24:06.952,106952.39,0.00015,16.042858499999998
2025-10-18 03:24:06.953,106950.0,5e-05,5.3475
2025-10-18 03:24:06.957,106948.65,0.03556,3803.093994
2025-10-18 03:24:06.959,106943.9,5e-05,5.347195
2025-10-18 03:24:06.961,106939.87,0.00553,591.3774811
2025-10-18 03:24:06.962,106939.87,0.012,1283.27844
2025-10-18 03:24:06.963,106939.87,0.00934,998.8183857999999
2025-10-18 03:24:06.974,106939.87,0.0003,32.08196099999999
2025-10-18 03:24:06.991,106939.87,0.0166,1775.201842
2025-10-18 03:24:06.992,106939.87,0.00975,1042.6637325
2025-10-18 03:24:07.008,106939.88,0.0187,1999.7757560000002
2025-10-18 03:24:07.094,106939.88,0.0015,160.40982
2025-10-18 03:24:07.099,106939.87,0.0021,224.57372699999996
2025-10-18 03:24:07.517,106939.87,0.00411,439.52286569999995
2025-10-18 03:24:07.715,106939.86,0.002,213.87972
2025-10-18 03:24:07.966,106939.85,0.001,106.93985
2025-10-18 03:24:07.967,106939.85,0.001,106.93985
2025-10-18 03:24:07.968,106939.85,1e-05,1.0693985000000001
2025-10-18 03:24:07.973,106939.85,0.00162,173.242557
2025-10-18 03:24:08.464,106939.78,7e-05,7.4857846
2025-10-18 03:24:08.517,106939.78,0.00765,818.0893169999999
2025-10-18 03:24:08.574,106939.79,7e-05,7.485785299999999
2025-10-18 03:24:08.755,106939.79,0.00425,454.4941075
2025-10-18 03:24:09.510,106939.79,0.00303,324.0275637
2025-10-18 03:24:09.527,106939.78,0.001,106.93978
2025-10-18 03:24:09.528,106939.78,0.001,106.93978
2025-10-18 03:24:09.616,106939.78,0.00449,480.1596122
2025-10-18 03:24:09.724,106935.66,0.00015,16.040349
2025-10-18 03:24:10.350,106935.52,0.00072,76.99357440000001
2025-10-18 03:24:10.611,106935.51,0.0069,737.855019
2025-10-18 03:24:11.101,106935.52,0.00051,54.53711520000001
2025-10-18 03:24:11.475,106935.51,0.001,106.93551
2025-10-18 03:24:11.477,106935.5,0.00024,25.66452
2025-10-18 03:24:11.478,106935.5,0.00091,97.311305
2025-10-18 03:24:11.486,106935.01,0.0009,96.241509
2025-10-18 03:24:11.530,106935.01,0.00105,112.28176049999999
2025-10-18 03:24:11.538,106935.0,0.00237,253.43595000000002
2025-10-18 03:24:11.710,106935.0,0.01073,1147.41255
2025-10-18 03:24:11.711,106934.75,6e-05,6.416085
2025-10-18 03:24:11.717,106931.91,0.01904,2035.9835664000002
2025-10-18 03:24:11.888,106931.92,0.0014,149.704688
2025-10-18 03:24:12.271,106931.91,0.00532,568.8777612
2025-10-18 03:24:12.273,106931.91,0.00201,214.9331391
2025-10-18 03:24:12.804,106931.9,0.00022,23.525018
2025-10-18 03:24:12.831,106931.9,0.00189,202.10129099999997
2025-10-18 03:24:12.861,106931.17,5e-05,5.3465585
2025-10-18 03:24:13.030,106929.09,0.00564,603.0800676
2025-10-18 03:24:13.086,106929.09,0.00129,137.9385261
2025-10-18 03:24:13.288,106929.1,9e-05,9.623619000000001
2025-10-18 03:24:13.362,106929.09,0.01496,1599.6591864
2025-10-18 03:24:13.521,106929.09,0.01317,1408.2561153
2025-10-18 03:24:13.523,106929.1,0.00047,50.256677
2025-10-18 03:24:13.589,106929.1,0.00642,686.4848220000001
2025-10-18 03:24:13.639,106929.1,0.0165,1764.3301500000002
2025-10-18 03:24:13.739,106929.09,0.01496,1599.6591864
2025-10-18 03:24:13.817,106929.09,0.09357,10005.3549513
2025-10-18 03:24:13.895,106929.1,5e-05,5.346455000000001
2025-10-18 03:24:13.898,106929.09,0.01496,1599.6591864
2025-10-18 03:24:14.375,106929.1,0.00049,52.395259
2025-10-18 03:24:14.710,106929.1,0.00042,44.910222000000005
2025-10-18 03:24:14.960,106929.09,0.09357,10005.3549513
2025-10-18 03:24:15.182,106929.1,0.00145,155.047195
2025-10-18 03:24:15.932,106929.1,0.00057,60.949587
2025-10-18 03:24:16.003,106929.09,0.09357,10005.3549513
2025-10-18 03:24:16.032,106929.09,0.00012,12.8314908
2025-10-18 03:24:16.150,106929.1,0.0001,10.692910000000001
2025-10-18 03:24:16.583,106929.09,0.0285,3047.479065
2025-10-18 03:24:16.668,106929.1,0.00011,11.762201000000001
2025-10-18 03:24:16.692,106929.09,0.0285,3047.479065
2025-10-18 03:24:16.802,106929.09,0.0285,3047.479065
2025-10-18 03:24:16.855,106929.1,0.00052,55.603131999999995
2025-10-18 03:24:17.026,106929.09,0.00014,14.970072599999998
2025-10-18 03:24:17.043,106929.09,0.09357,10005.3549513
2025-10-18 03:24:17.457,106929.1,0.00019,20.316529000000003
2025-10-18 03:24:17.792,106929.1,0.00015,16.039365
2025-10-18 03:24:17.933,106929.1,0.00052,55.603131999999995
2025-10-18 03:24:18.083,106929.09,0.09357,10005.3549513
2025-10-18 03:24:18.170,106929.1,7e-05,7.485037
2025-10-18 03:24:18.267,106929.1,5e-05,5.346455000000001
2025-10-18 03:24:18.591,106929.1,0.00099,105.859809
2025-10-18 03:24:18.770,106929.1,8e-05,8.554328000000002
2025-10-18 03:24:18.862,106929.1,9e-05,9.623619000000001
2025-10-18 03:24:18.911,106929.1,0.0028,299.40148
2025-10-18 03:24:19.062,106929.1,0.0001,10.692910000000001
2025-10-18 03:24:19.117,106929.09,0.09357,10005.3549513
2025-10-18 03:24:19.162,106929.1,0.0001,10.692910000000001
2025-10-18 03:24:19.282,106929.1,0.00038,40.633058000000005
2025-10-18 03:24:19.339,106929.1,0.00094,100.513354
2025-10-18 03:24:19.568,106929.1,0.00024,25.662984
2025-10-18 03:24:19.832,106929.1,0.0001,10.692910000000001
2025-10-18 03:24:20.206,106929.09,0.09357,10005.3549513
2025-10-18 03:24:21.248,106929.09,0.09357,10005.3549513
2025-10-18 03:24:22.385,106929.09,0.09357,10005.3549513
2025-10-18 03:24:22.897,106929.1,0.00066,70.573206
2025-10-18 03:24:23.005,106929.09,0.00209,223.48179809999996
2025-10-18 03:24:23.071,106929.1,0.0001,10.692910000000001
2025-10-18 03:24:23.086,106929.1,0.00029,31.009439
2025-10-18 03:24:23.198,106929.1,6e-05,6.415746
2025-10-18 03:24:23.468,106929.09,0.00037,39.5637633
2025-10-18 03:24:23.483,106929.1,0.0001,10.692910000000001
2025-10-18 03:24:23.516,106929.09,0.09357,10005.3549513
2025-10-18 03:24:23.547,106929.1,0.0001,10.692910000000001
2025-10-18 03:24:24.617,106929.09,0.09357,10005.3549513
2025-10-18 03:24:25.295,106929.1,0.00015,16.039365
2025-10-18 03:24:25.358,106929.09,0.00468,500.42814119999997
2025-10-18 03:24:25.767,106929.09,0.09357,10005.3549513
2025-10-18 03:24:26.806,106929.09,0.09357,10005.3549513
2025-10-18 03:24:26.957,106929.1,0.00081,86.612571
2025-10-18 03:24:28.003,106929.09,0.09357,10005.3549513
2025-10-18 03:24:28.506,106929.1,0.028,2994.0148000000004
2025-10-18 03:24:28.821,106929.1,0.00017,18.177947000000003
2025-10-18 03:24:29.147,106929.09,0.09357,10005.3549513
2025-10-18 03:24:29.302,106929.1,4e-05,4.277164000000001
2025-10-18 03:24:29.518,106929.1,0.00014,14.970074
2025-10-18 03:24:30.134,106929.09,0.09357,10005.3549513
2025-10-18 03:24:30.760,106929.1,0.00187,199.957417
2025-10-18 03:24:31.120,106929.09,0.09357,10005.3549513
2025-10-18 03:24:31.625,106929.1,0.09,9623.619
2025-10-18 03:24:32.406,106929.09,0.09357,10005.3549513
2025-10-18 03:24:32.541,106929.09,0.00015,16.039363499999997
2025-10-18 03:24:33.448,106927.23,0.0001,10.692723
2025-10-18 03:24:33.450,106926.51,0.0001,10.692651
2025-10-18 03:24:33.451,106924.99,0.00202,215.98847980000002
2025-10-18 03:24:33.459,106922.68,0.00581,621.2207708
2025-10-18 03:24:33.462,106922.49,0.003,320.76747
2025-10-18 03:24:33.467,106922.49,0.012,1283.06988
2025-10-18 03:24:33.609,106922.49,0.003,320.76747
2025-10-18 03:24:33.610,106922.49,0.003,320.76747
2025-10-18 03:24:33.611,106922.49,0.003,320.76747
2025-10-18 03:24:33.613,106922.48,0.0011,117.614728
2025-10-18 03:24:33.715,106922.39,0.00182,194.5987498
2025-10-18 03:24:33.811,106922.39,0.00259,276.92899009999996
2025-10-18 03:24:34.153,106922.39,9e-05,9.6230151
2025-10-18 03:24:34.494,106922.38,0.00386,412.7203868
2025-10-18 03:24:34.496,106921.75,0.00016,17.107480000000002
2025-10-18 03:24:34.517,106921.58,0.00147,157.1747226
2025-10-18 03:24:34.615,106921.01,0.00015,16.038151499999998
2025-10-18 03:24:35.198,106920.0,0.00479,512.1468
2025-10-18 03:24:35.370,106920.01,6e-05,6.4152005999999995
2025-10-18 03:24:35.891,106917.06,0.0813,8692.356978
2025-10-18 03:24:36.607,106917.06,0.001,106.91706
2025-10-18 03:24:36.609,106917.06,0.001,106.91706
2025-10-18 03:24:36.610,106917.06,0.001,106.91706
2025-10-18 03:24:36.906,106917.06,0.10607,11340.692554199999
2025-10-18 03:24:37.017,106917.06,0.09358,10005.2984748
2025-10-18 03:24:37.639,106917.07,0.00046,49.1818522
2025-10-18 03:24:37.939,106917.07,0.00014,14.968389799999999
2025-10-18 03:24:38.216,106917.06,0.09358,10005.2984748
2025-10-18 03:24:38.343,106917.07,0.00022,23.521755400000004
2025-10-18 03:24:39.122,106917.07,0.00259,276.9152113
2025-10-18 03:24:39.290,106917.07,0.00093,99.43287510000002
2025-10-18 03:24:39.317,106917.06,0.09358,10005.2984748
2025-10-18 03:24:40.093,106917.07,8e-05,8.553365600000001
2025-10-18 03:24:40.152,106917.06,0.012,1283.00472
2025-10-18 03:24:40.154,106917.06,0.012,1283.00472
2025-10-18 03:24:40.155,106917.06,0.012,1283.00472
2025-10-18 03:24:40.443,106917.06,0.09358,10005.2984748
2025-10-18 03:24:40.818,106917.07,0.00011,11.760877700000002
2025-10-18 03:24:41.375,106917.06,0.09358,10005.2984748
2025-10-18 03:24:41.793,106917.06,0.00028,29.936776799999997
2025-10-18 03:24:42.426,106917.06,0.09358,10005.2984748
2025-10-18 03:24:42.855,106917.07,0.00015,16.037560499999998
2025-10-18 03:24:43.428,106917.06,0.09358,10005.2984748
2025-10-18 03:24:44.083,106917.07,0.00013,13.8992191
2025-10-18 03:24:44.516,106917.06,0.09358,10005.2984748
2025-10-18 03:24:45.274,106917.07,0.0057,609.4272990000001
2025-10-18 03:24:45.573,106917.06,0.09358,10005.2984748
2025-10-18 03:24:45.918,106917.07,0.00137,146.4763859
2025-10-18 03:24:46.447,106917.07,0.00024,25.6600968
2025-10-18 03:24:46.576,106917.06,7e-05,7.484194199999999
2025-10-18 03:24:46.816,106917.06,0.09358,10005.2984748
2025-10-18 03:24:46.984,106917.07,0.00197,210.62662790000002
2025-10-18 03:24:48.217,106917.06,0.09358,10005.2984748
2025-10-18 03:24:48.281,106917.06,0.00981,1048.8563585999998
2025-10-18 03:24:48.884,106917.07,0.00065,69.4960955
2025-10-18 03:24:49.262,106917.06,0.09358,10005.2984748
2025-10-18 03:24:49.441,106917.06,0.00024,25.6600944
2025-10-18 03:24:49.585,106917.06,0.00466,498.2334996
2025-10-18 03:24:50.333,106917.07,0.00022,23.521755400000004
2025-10-18 03:24:50.443,106917.06,0.09358,10005.2984748
2025-10-18 03:24:50.484,106917.07,0.00074,79.1186318
2025-10-18 03:24:50.485,106917.07,0.00112,119.74711839999999
2025-10-18 03:24:51.281,106917.07,0.00013,13.8992191
2025-10-18 03:24:51.498,106917.06,0.09358,10005.2984748
2025-10-18 03:24:52.253,106917.06,0.00079,84.46447739999999
2025-10-18 03:24:52.522,106917.07,0.00015,16.037560499999998
2025-10-18 03:24:52.591,106917.06,0.09358,10005.2984748
2025-10-18 03:24:52.728,106917.06,0.00023,24.5909238
2025-10-18 03:24:53.586,106917.07,0.0103,1101.245821
2025-10-18 03:24:53.616,106917.06,0.09358,10005.2984748
2025-10-18 03:24:54.618,106917.06,0.09358,10005.2984748
2025-10-18 03:24:55.124,106917.06,0.00234,250.18592040000001
2025-10-18 03:24:55.262,106917.07,0.0001,10.691707000000001
2025-10-18 03:24:55.659,106917.06,0.09358,10005.2984748
2025-10-18 03:24:55.673,106917.07,0.00011,11.760877700000002
2025-10-18 03:24:55.678,106917.07,9e-05,9.622536300000002
2025-10-18 03:24:56.475,106917.07,0.0004,42.766828000000004
2025-10-18 03:24:56.917,106917.06,0.04472,4781.3309232
2025-10-18 03:24:57.071,106917.07,0.00139,148.6147273
2025-10-18 03:24:57.235,106917.07,0.01505,1609.1019035
2025-10-18 03:24:57.623,106917.07,0.00052,55.5968764
2025-10-18 03:24:57.887,106917.06,0.03473,3713.2294937999995
2025-10-18 03:24:58.029,106917.06,0.012,1283.00472
2025-10-18 03:24:58.030,106917.06,0.012,1283.00472
2025-10-18 03:24:58.041,106917.07,0.02978,3183.9903446000003
2025-10-18 03:24:58.049,106917.06,0.02832,3027.8911392
2025-10-18 03:24:59.023,106917.06,0.03443,3681.1543758000003
2025-10-18 03:24:59.037,106917.06,0.00044,47.0435064
2025-10-18 03:24:59.043,106917.06,0.00044,47.0435064
2025-10-18 03:24:59.049,106917.06,0.03997,4273.474888199999
2025-10-18 03:24:59.062,106917.06,0.00991,1059.5480646
2025-10-18 03:24:59.068,106917.06,0.0209,2234.566554
2025-10-18 03:24:59.158,106917.06,0.00249,266.2234794
2025-10-18 03:24:59.874,106917.06,0.0306,3271.6620359999997
2025-10-18 03:25:00.171,106917.06,0.01,1069.1706
2025-10-18 03:25:00.172,106917.06,0.01,1069.1706
2025-10-18 03:25:00.179,106917.06,0.03398,3633.0416988
2025-10-18 03:25:00.181,106916.22,5e-05,5.345811
2025-10-18 03:25:00.218,106916.14,0.00836,893.8189303999999
2025-10-18 03:25:00.315,106916.14,0.00153,163.5816942
2025-10-18 03:25:00.544,106915.26,0.00225,240.55933499999998
2025-10-18 03:25:00.599,106915.25,0.0036,384.8949
2025-10-18 03:25:00.607,106914.04,0.0015,160.37106
2025-10-18 03:25:00.610,106913.67,0.0003,32.074101
2025-10-18 03:25:00.615,106906.45,0.00165,176.3956425
2025-10-18 03:25:00.812,106902.48,0.0028,299.32694399999997
2025-10-18 03:25:00.830,106902.48,0.01496,1599.2611008
2025-10-18 03:25:00.837,106902.48,0.00543,580.4804664
2025-10-18 03:25:00.868,106902.48,0.01496,1599.2611008
2025-10-18 03:25:00.904,106902.48,0.00015,16.035372
2025-10-18 03:25:00.940,106902.48,0.01496,1599.2611008
2025-10-18 03:25:01.178,106902.49,0.00011,11.7592739
2025-10-18 03:25:01.195,106902.48,0.09359,10005.0031032
2025-10-18 03:25:02.217,106902.48,0.09359,10005.0031032
2025-10-18 03:25:02.295,106902.48,0.00936,1000.6072128
2025-10-18 03:25:02.940,106902.48,6e-05,6.4141487999999995
2025-10-18 03:25:03.196,106902.49,0.00011,11.7592739
2025-10-18 03:25:03.314,106902.49,0.00014,14.9663486
2025-10-18 03:25:03.329,106902.35,0.00045,48.1060575
2025-10-18 03:25:03.330,106902.34,0.00883,943.9476621999999
2025-10-18 03:25:03.336,106902.34,0.00307,328.19018379999994
2025-10-18 03:25:03.414,106901.41,0.0001,10.690141
2025-10-18 03:25:03.830,106900.01,0.00046,49.174004599999996
2025-10-18 03:25:04.047,106900.0,8e-05,8.552000000000001
2025-10-18 03:25:04.517,106900.0,0.0936,10005.84
2025-10-18 03:25:04.524,106900.01,0.00075,80.17500749999999
2025-10-18 03:25:04.844,106900.01,0.24313,25990.5994313
2025-10-18 03:25:04.846,106900.01,0.48111,51430.66381109999
2025-10-18 03:25:04.847,106900.01,0.05896,6302.8245896
2025-10-18 03:25:04.849,106902.6,0.0001,10.69026
2025-10-18 03:25:04.852,106903.56,0.01138,1216.5625128
2025-10-18 03:25:04.860,106912.5,0.01034,1105.47525
2025-10-18 03:25:04.966,106912.49,0.00187,199.9263563
2025-10-18 03:25:05.096,106912.5,0.00077,82.322625
2025-10-18 03:25:05.484,106912.49,0.09359,10005.9399391
2025-10-18 03:25:05.540,106912.49,0.0274,2929.402226
2025-10-18 03:25:05.654,106912.5,0.00025,26.728125000000002
2025-10-18 03:25:05.712,106912.5,0.01,1069.125
2025-10-18 03:25:05.774,106912.5,0.01609,1720.222125
2025-10-18 03:25:06.571,106912.49,0.09359,10005.9399391
2025-10-18 03:25:07.094,106912.5,0.00081,86.599125
2025-10-18 03:25:07.096,106912.5,0.00101,107.98162500000001
2025-10-18 03:25:07.506,106912.49,0.09359,10005.9399391
2025-10-18 03:25:08.117,106912.5,0.14006,14974.164749999998
2025-10-18 03:25:08.174,106912.49,0.0009,96.221241
2025-10-18 03:25:08.517,106912.49,0.09359,10005.9399391
2025-10-18 03:25:09.483,106912.49,0.09359,10005.9399391
2025-10-18 03:25:10.087,106912.5,0.01,1069.125
2025-10-18 03:25:10.624,106912.49,0.09359,10005.9399391
2025-10-18 03:25:11.013,106912.5,0.00124,132.5715
2025-10-18 03:25:11.617,106912.49,0.09359,10005.9399391
2025-10-18 03:25:11.726,106912.49,0.002,213.82498
2025-10-18 03:25:12.094,106912.5,0.01824,1950.0839999999998
2025-10-18 03:25:12.353,106912.5,0.0005,53.456250000000004
2025-10-18 03:25:12.716,106912.49,0.09359,10005.9399391
2025-10-18 03:25:13.077,106912.49,0.0294,3143.227206
2025-10-18 03:25:13.199,106912.49,0.04898,5236.573760200001
2025-10-18 03:25:13.341,106912.49,0.012,1282.9498800000001
2025-10-18 03:25:13.345,106912.49,0.00201,214.89410490000003
2025-10-18 03:25:13.382,106912.32,8e-05,8.552985600000001
2025-10-18 03:25:13.415,106905.5,6e-05,6.4143300000000005
2025-10-18 03:25:13.420,106902.63,0.02859,3056.3461917000004
2025-10-18 03:25:13.735,106902.62,0.09359,10005.0162058
2025-10-18 03:25:14.721,106902.62,0.09359,10005.0162058
2025-10-18 03:25:14.732,106902.63,0.01,1069.0263
2025-10-18 03:25:15.551,106902.62,0.0102,1090.406724
2025-10-18 03:25:15.759,106902.62,0.09359,10005.0162058
2025-10-18 03:25:15.936,106902.63,6e-05,6.414157800000001
2025-10-18 03:25:16.715,106902.63,0.0027,288.63710100000003
2025-10-18 03:25:16.718,106902.63,0.00472,504.58041360000004
2025-10-18 03:25:16.719,106902.63,0.02368,2531.4542784
2025-10-18 03:25:16.723,106902.81,0.0002,21.380562
2025-10-18 03:25:16.730,106904.55,0.0003,32.071365
2025-10-18 03:25:16.731,106904.56,0.00055,58.797508
2025-10-18 03:25:16.733,106908.12,0.00015,16.036217999999998
2025-10-18 03:25:16.753,106908.13,0.00215,229.85247950000002
2025-10-18 03:25:16.837,106912.32,0.02025,2164.9744800000003
2025-10-18 03:25:16.850,106912.31,0.08769,9375.140463900001
2025-10-18 03:25:16.922,106912.32,0.00838,895.9252416
2025-10-18 03:25:16.958,106912.33,0.0008,85.529864
2025-10-18 03:25:16.960,106912.41,0.00015,16.0368615
2025-10-18 03:25:16.974,106915.09,0.0001,10.691509
2025-10-18 03:25:16.981,106916.78,0.00234,250.1852652
2025-10-18 03:25:16.984,106917.06,0.00437,467.2275522
2025-10-18 03:25:17.016,106917.06,0.02283,2440.9164797999997
2025-10-18 03:25:17.018,106918.68,0.00015,16.037802
2025-10-18 03:25:17.064,106918.91,0.00737,787.9923667
2025-10-18 03:25:17.071,106919.5,0.0011,117.61145
2025-10-18 03:25:17.154,106921.31,5e-05,5.3460655
2025-10-18 03:25:17.158,106921.31,0.0011,117.61344100000001
2025-10-18 03:25:17.159,106922.51,0.0002,21.384502
2025-10-18 03:25:17.214,106923.19,0.00529,565.6236751
2025-10-18 03:25:17.220,106923.19,0.00344,367.8157736
2025-10-18 03:25:17.235,106928.81,5e-05,5.3464405
2025-10-18 03:25:17.925,106929.08,0.002,213.85816
2025-10-18 03:25:18.382,106929.09,9e-05,9.6236181
2025-10-18 03:25:18.543,106929.09,0.01497,1600.7284773000001
2025-10-18 03:25:19.463,106929.09,0.00133,142.21568969999998
2025-10-18 03:25:20.390,106929.09,0.00065,69.5039085
2025-10-18 03:25:20.451,106929.08,0.0004,42.771632000000004
2025-10-18 03:25:20.617,106929.08,0.09357,10005.3540156
2025-10-18 03:25:20.643,106929.09,0.00175,187.1259075
2025-10-18 03:25:21.318,106929.09,0.00095,101.5826355
2025-10-18 03:25:21.565,106929.08,0.09356,10004.2847248
2025-10-18 03:25:21.670,106929.09,0.02289,2447.6068701
2025-10-18 03:25:21.672,106932.82,0.00166,177.5084812
2025-10-18 03:25:21.675,106932.83,0.00016,17.1092528
2025-10-18 03:25:21.676,106932.83,0.00119,127.25006770000002
2025-10-18 03:25:21.724,106935.5,0.00102,109.07421000000001
2025-10-18 03:25:21.726,106935.5,0.00582,622.36461
2025-10-18 03:25:21.739,106938.7,0.0001,10.69387
2025-10-18 03:25:21.775,106939.78,0.01497,1600.8885066
2025-10-18 03:25:21.817,106939.78,0.00317,338.9991026
2025-10-18 03:25:22.024,106939.77,0.00033,35.2901241
2025-10-18 03:25:22.202,106939.77,0.00092,98.38458840000001
2025-10-18 03:25:22.381,106939.78,0.00172,183.9364216
2025-10-18 03:25:22.645,106939.77,0.09356,10005.284881200001
2025-10-18 03:25:23.120,106939.77,0.0001,10.693977
2025-10-18 03:25:23.380,106939.78,8e-05,8.555182400000001
2025-10-18 03:25:23.687,106939.77,0.09356,10005.284881200001
2025-10-18 03:25:24.264,106939.77,0.00046,49.192294200000006
2025-10-18 03:25:24.817,106939.77,0.09356,10005.284881200001
2025-10-18 03:25:25.913,106939.77,0.09356,10005.284881200001
2025-10-18 03:25:26.038,106939.77,0.00514,549.6704178
2025-10-18 03:25:26.040,106939.78,0.00027,28.8737406
2025-10-18 03:25:26.576,106939.77,7e-05,7.4857838999999995
2025-10-18 03:25:26.955,106939.77,0.09356,10005.284881200001
2025-10-18 03:25:27.662,106939.78,0.00087,93.0376086
2025-10-18 03:25:28.277,106939.77,0.09356,10005.284881200001
2025-10-18 03:25:28.562,106939.78,0.00467,499.40877259999996
2025-10-18 03:25:28.704,106939.78,0.01497,1600.8885066
2025-10-18 03:25:28.861,106939.78,0.01497,1600.8885066
2025-10-18 03:25:29.217,106939.77,0.09356,10005.284881200001
2025-10-18 03:25:29.548,106939.78,0.00061,65.2332658
2025-10-18 03:25:29.691,106939.77,0.00087,93.0375999
2025-10-18 03:25:29.940,106939.78,0.11221,11999.7127138
2025-10-18 03:25:30.417,106939.77,0.09356,10005.284881200001
2025-10-18 03:25:30.933,106939.77,0.00151,161.4790527
2025-10-18 03:25:31.518,106939.77,0.09356,10005.284881200001
2025-10-18 03:25:32.653,106939.77,0.00024,25.665544800000003
2025-10-18 03:25:32.718,106939.77,0.09356,10005.284881200001
2025-10-18 03:25:32.737,106939.78,0.00086,91.9682108
2025-10-18 03:25:33.150,106939.78,0.00187,199.97738859999998
2025-10-18 03:25:33.330,106939.78,0.04675,4999.434715
2025-10-18 03:25:33.704,106939.77,0.09356,10005.284881200001
2025-10-18 03:25:34.041,106939.78,0.00102,109.07857560000001
2025-10-18 03:25:34.739,106939.77,0.09356,10005.284881200001
2025-10-18 03:25:35.412,106939.77,0.0009,96.245793
2025-10-18 03:25:36.039,106939.77,0.09356,10005.284881200001
2025-10-18 03:25:36.638,106939.78,0.002,213.87956
2025-10-18 03:25:37.118,106939.77,0.09356,10005.284881200001
2025-10-18 03:25:37.151,106939.78,0.00186,198.90799080000002
2025-10-18 03:25:37.426,106939.78,0.00014,14.9715692
2025-10-18 03:25:37.943,106939.78,0.01,1069.3978
2025-10-18 03:25:38.148,106939.77,0.0002,21.387954
2025-10-18 03:25:38.216,106939.77,0.09356,10005.284881200001
2025-10-18 03:25:39.319,106939.77,0.09356,10005.284881200001
2025-10-18 03:25:39.472,106939.77,0.0025,267.349425
2025-10-18 03:25:39.875,106939.78,0.00137,146.5074986
2025-10-18 03:25:40.417,106939.77,0.09356,10005.284881200001
2025-10-18 03:25:40.884,106939.77,0.0009,96.245793
2025-10-18 03:25:40.961,106939.78,0.00176,188.2140128
2025-10-18 03:25:41.569,106939.77,0.09356,10005.284881200001
2025-10-18 03:25:42.378,106939.77,9e-05,9.6245793
2025-10-18 03:25:42.381,106939.77,5e-05,5.3469885
2025-10-18 03:25:42.493,106939.78,0.0018,192.491604
2025-10-18 03:25:42.762,106939.77,0.09356,10005.284881200001
2025-10-18 03:25:43.088,106939.78,0.0013,139.021714
2025-10-18 03:25:43.215,106939.78,0.00124,132.6053272
2025-10-18 03:25:43.643,106939.77,0.0013,139.021701
2025-10-18 03:25:43.907,106939.77,0.09356,10005.284881200001
2025-10-18 03:25:44.567,106939.78,0.01,1069.3978
2025-10-18 03:25:44.762,106939.78,0.00015,16.040967
2025-10-18 03:25:44.917,106939.77,0.09356,10005.284881200001
2025-10-18 03:25:45.318,106939.78,0.02,2138.7956
2025-10-18 03:25:45.840,106939.77,0.00022,23.526749400000003
2025-10-18 03:25:46.116,106939.77,0.09356,10005.284881200001
2025-10-18 03:25:46.226,106939.77,0.0009,96.245793
2025-10-18 03:25:46.576,106939.77,6e-05,6.416386200000001
2025-10-18 03:25:47.026,106939.77,0.00222,237.40628940000002
2025-10-18 03:25:47.235,106939.77,0.09356,10005.284881200001
2025-10-18 03:25:47.840,106939.77,0.00472,504.75571440000004
2025-10-18 03:25:48.168,106939.78,0.001,106.93978
2025-10-18 03:25:48.274,106939.77,0.09356,10005.284881200001
2025-10-18 03:25:48.620,106939.77,0.0009,96.245793
2025-10-18 03:25:48.839,106939.78,0.028,2994.3138400000003
2025-10-18 03:25:49.367,106939.77,0.09356,10005.284881200001
2025-10-18 03:25:50.402,106939.77,0.09356,10005.284881200001
2025-10-18 03:25:50.922,106939.78,0.00044,47.0535032
2025-10-18 03:25:51.227,106939.77,0.0009,96.245793
2025-10-18 03:25:51.517,106939.77,0.09356,10005.284881200001
2025-10-18 03:25:51.636,106939.77,0.0003,32.081931
2025-10-18 03:25:51.883,106939.78,0.00733,783.8685873999999
2025-10-18 03:25:52.481,106939.77,0.09356,10005.284881200001
2025-10-18 03:25:52.603,106939.77,0.00041,43.8453057
2025-10-18 03:25:52.697,106939.78,0.00083,88.7600174
2025-10-18 03:25:52.709,106939.78,0.01,1069.3978
2025-10-18 03:25:52.754,106939.78,0.00193,206.3937754
2025-10-18 03:25:52.866,106939.78,6e-05,6.4163868
2025-10-18 03:25:53.163,106939.78,9e-05,9.6245802
2025-10-18 03:25:53.519,106939.77,0.09356,10005.284881200001
2025-10-18 03:25:53.549,106939.77,0.00036,38.4983172
2025-10-18 03:25:54.054,106939.78,0.00021,22.4573538
2025-10-18 03:25:54.094,106939.77,0.0012,128.327724
2025-10-18 03:25:54.662,106939.77,0.09356,10005.284881200001
2025-10-18 03:25:55.616,106939.77,0.09356,10005.284881200001
2025-10-18 03:25:56.512,106939.77,0.00404,432.0366708
2025-10-18 03:25:56.662,106939.77,0.016,1711.0363200000002
2025-10-18 03:25:56.723,106939.77,0.00132,141.1604964
2025-10-18 03:25:56.739,106939.77,0.09356,10005.284881200001
2025-10-18 03:25:56.821,106939.77,0.01362,1456.5196674000001
2025-10-18 03:25:57.084,106939.77,0.00467,499.4087259
2025-10-18 03:25:57.124,106939.78,0.00479,512.2415462
2025-10-18 03:25:57.715,106939.78,0.06104,6527.6041712
2025-10-18 03:25:57.716,106939.78,0.0437,4673.268386000001
2025-10-18 03:25:57.718,106939.78,0.04016,4294.7015648
2025-10-18 03:25:57.725,106939.78,0.01786,1909.9444708
2025-10-18 03:25:57.730,106939.78,0.025,2673.4945000000002
2025-10-18 03:25:57.735,106939.78,0.00674,720.7741172
2025-10-18 03:25:57.736,106939.78,0.10743,11488.540565399999
2025-10-18 03:25:57.743,106939.78,0.0046,491.922988
2025-10-18 03:25:57.753,106939.78,0.00496,530.4213088
2025-10-18 03:25:57.780,106940.01,0.0002,21.388002
2025-10-18 03:25:57.782,106944.55,5e-05,5.347227500000001
2025-10-18 03:25:57.793,106949.85,6e-05,6.416991
2025-10-18 03:25:57.847,106949.84,0.09355,10005.157532
2025-10-18 03:25:58.999,106949.84,0.0009,96.25485599999999
2025-10-18 03:25:59.023,106949.84,0.09355,10005.157532
2025-10-18 03:25:59.754,106949.84,0.00045,48.127427999999995
2025-10-18 03:26:00.217,106949.84,0.09355,10005.157532
2025-10-18 03:26:01.259,106949.84,0.09355,10005.157532
2025-10-18 03:26:01.456,106949.84,0.0187,1999.962008
2025-10-18 03:26:01.617,106949.84,0.0002,21.389968
2025-10-18 03:26:02.350,106949.84,0.09355,10005.157532
2025-10-18 03:26:02.465,106949.85,0.008,855.5988000000001
2025-10-18 03:26:02.829,106949.85,0.016,1711.1976000000002
2025-10-18 03:26:02.839,106949.85,0.004,427.79940000000005
2025-10-18 03:26:03.143,106949.84,0.00019,20.3204696
2025-10-18 03:26:03.339,106949.84,0.09355,10005.157532
2025-10-18 03:26:03.777,106949.85,0.00033,35.2934505
2025-10-18 03:26:04.317,106949.84,0.09355,10005.157532
2025-10-18 03:26:04.329,106949.85,0.0009,96.25486500000001
2025-10-18 03:26:04.488,106949.84,0.0001,10.694984
2025-10-18 03:26:05.289,106949.85,0.00361,386.0889585
2025-10-18 03:26:05.319,106949.84,0.09355,10005.157532
2025-10-18 03:26:05.362,106949.85,0.00021,22.459468500000003
2025-10-18 03:26:06.411,106949.84,0.09355,10005.157532
2025-10-18 03:26:06.743,106949.84,0.0187,1999.962008
2025-10-18 03:26:06.891,106949.84,6e-05,6.4169903999999995
2025-10-18 03:26:07.394,106949.84,0.09355,10005.157532
2025-10-18 03:26:07.939,106949.85,0.028,2994.5958
2025-10-18 03:26:08.331,106949.84,0.09355,10005.157532
2025-10-18 03:26:08.473,106949.85,0.00088,94.115868
2025-10-18 03:26:09.317,106949.84,0.09355,10005.157532
2025-10-18 03:26:09.872,106949.85,0.00093,99.46336050000001
2025-10-18 03:26:09.916,106949.84,0.004,427.79936
2025-10-18 03:26:10.410,106949.84,0.09355,10005.157532
2025-10-18 03:26:10.742,106949.85,0.04676,5000.974986
2025-10-18 03:26:11.432,106949.85,0.0001,10.694985
2025-10-18 03:26:11.516,106949.84,0.09355,10005.157532
2025-10-18 03:26:11.972,106949.84,0.00014,14.972977599999998
2025-10-18 03:26:12.517,106949.84,0.09355,10005.157532
2025-10-18 03:26:13.436,106949.84,0.0084,898.3786559999999
2025-10-18 03:26:13.716,106949.84,0.09355,10005.157532
2025-10-18 03:26:14.084,106950.53,5e-05,5.3475265
2025-10-18 03:26:14.092,106950.55,0.00145,155.0782975
2025-10-18 03:26:14.098,106954.12,0.00374,400.0084088
2025-10-18 03:26:14.124,106955.0,0.028,2994.7400000000002
2025-10-18 03:26:14.134,106954.99,0.00084,89.8421916
2025-10-18 03:26:14.178,106955.0,0.01496,1600.0467999999998
2025-10-18 03:26:14.716,106954.99,0.09355,10005.6393145
2025-10-18 03:26:15.033,106955.0,0.028,2994.7400000000002
2025-10-18 03:26:15.432,106955.0,0.0006,64.17299999999999
2025-10-18 03:26:15.904,106954.99,0.0012,128.345988
2025-10-18 03:26:15.956,106955.0,0.028,2994.7400000000002
2025-10-18 03:26:15.958,106954.99,0.09354,10004.5697646
2025-10-18 03:26:16.084,106954.99,0.00019,20.3214481
2025-10-18 03:26:16.252,106955.0,0.0012,128.34599999999998
2025-10-18 03:26:16.303,106955.0,0.0028,299.474
2025-10-18 03:26:16.325,106955.0,0.0001,10.695500000000001
2025-10-18 03:26:16.562,106955.0,0.00013,13.90415
2025-10-18 03:26:16.583,106954.99,8e-05,8.556399200000001
2025-10-18 03:26:16.768,106955.0,0.00102,109.09410000000001
2025-10-18 03:26:16.784,106955.0,0.00211,225.67505
2025-10-18 03:26:16.891,106954.99,0.09354,10004.5697646
2025-10-18 03:26:16.924,106955.0,0.00169,180.75395
2025-10-18 03:26:17.260,106955.0,4e-05,4.2782
2025-10-18 03:26:17.386,106955.0,0.00018,19.251900000000003
2025-10-18 03:26:17.419,106955.0,0.00047,50.26885
2025-10-18 03:26:17.457,106955.0,0.00233,249.20515
2025-10-18 03:26:17.610,106955.0,0.0001,10.695500000000001
2025-10-18 03:26:17.724,106955.0,0.00015,16.043249999999997
2025-10-18 03:26:17.840,106955.0,0.00029,31.01695
2025-10-18 03:26:18.191,106954.99,0.09354,10004.5697646
2025-10-18 03:26:18.418,106955.0,0.00011,11.76505
2025-10-18 03:26:18.679,106954.99,0.008,855.6399200000001
2025-10-18 03:26:18.683,106955.0,0.00187,200.00584999999998
2025-10-18 03:26:19.234,106955.0,0.01506,1610.7423000000001
2025-10-18 03:26:19.236,106956.27,5e-05,5.347813500000001
2025-10-18 03:26:19.237,106956.57,6e-05,6.4173942
2025-10-18 03:26:19.283,106956.56,0.09354,10004.7166224
2025-10-18 03:26:19.398,106956.57,0.00142,151.8783294
2025-10-18 03:26:20.431,106956.67,0.09354,10004.7269118
2025-10-18 03:26:21.062,106956.68,0.00163,174.3393884
2025-10-18 03:26:21.165,106956.67,0.0009,96.261003
2025-10-18 03:26:21.188,106956.67,0.0003,32.087000999999994
2025-10-18 03:26:21.517,106956.67,0.09354,10004.7269118
2025-10-18 03:26:21.618,106956.68,0.0033,352.957044
2025-10-18 03:26:21.917,106956.67,0.29155,31183.217138499997
2025-10-18 03:26:21.930,106956.67,0.012,1283.48004
2025-10-18 03:26:22.027,106956.67,0.00022,23.5304674
2025-10-18 03:26:22.461,106956.68,0.00237,253.4873316
2025-10-18 03:26:22.607,106956.67,0.09355,10005.796478499999
2025-10-18 03:26:22.743,106956.68,0.00024,25.669603199999997
2025-10-18 03:26:23.051,106956.67,0.00028,29.9478676
2025-10-18 03:26:23.243,106956.68,0.00047,50.2696396
2025-10-18 03:26:23.539,106956.67,0.09355,10005.796478499999
2025-10-18 03:26:23.812,106956.67,0.0037,395.739679
2025-10-18 03:26:23.846,106956.67,0.08911,9530.908863699999
2025-10-18 03:26:23.886,106956.68,7e-05,7.486967599999999
2025-10-18 03:26:23.933,106956.68,0.0001,10.695668
2025-10-18 03:26:24.119,106956.68,0.0001,10.695668
2025-10-18 03:26:24.616,106956.67,0.09355,10005.796478499999
2025-10-18 03:26:24.770,106956.67,0.00166,177.5480722
2025-10-18 03:26:24.818,106956.68,0.00123,131.5567164
2025-10-18 03:26:24.945,106956.67,0.00256,273.8090752
2025-10-18 03:26:25.244,106956.67,0.00011,11.7652337
2025-10-18 03:26:25.617,106956.67,0.09355,10005.796478499999
2025-10-18 03:26:26.203,106956.67,0.0009,96.261003
2025-10-18 03:26:26.731,106956.67,0.00506,541.2007502
2025-10-18 03:26:26.866,106956.67,0.09355,10005.796478499999
2025-10-18 03:26:27.817,106956.67,0.09355,10005.796478499999
2025-10-18 03:26:28.014,106956.68,0.00093,99.4697124
2025-10-18 03:26:28.173,106956.68,0.00047,50.2696396
2025-10-18 03:26:28.629,106956.68,0.00093,99.4697124
2025-10-18 03:26:28.630,106956.68,0.00093,99.4697124
2025-10-18 03:26:28.898,106956.67,0.0002,21.391334
2025-10-18 03:26:28.943,106956.67,0.09355,10005.796478499999
2025-10-18 03:26:29.045,106956.68,0.007,748.6967599999999
2025-10-18 03:26:29.143,106956.67,0.0047,502.696349
2025-10-18 03:26:29.150,106956.68,0.021,2246.09028
2025-10-18 03:26:29.369,106956.68,0.00023,24.6000364
2025-10-18 03:26:29.592,106956.68,9e-05,9.6261012
2025-10-18 03:26:29.916,106956.67,0.09355,10005.796478499999
2025-10-18 03:26:29.986,106956.68,0.00019,20.3217692
2025-10-18 03:26:30.118,106956.68,9e-05,9.6261012
2025-10-18 03:26:31.017,106956.67,0.02789,2983.0215263
2025-10-18 03:26:31.115,106956.67,0.00289,309.1047763
2025-10-18 03:26:31.216,106956.66,0.00175,187.174155
2025-10-18 03:26:31.323,106956.51,0.00467,499.4869016999999
2025-10-18 03:26:31.346,106956.51,0.00055,58.8260805
2025-10-18 03:26:31.608,106956.5,0.00093,99.46954500000001
2025-10-18 03:26:32.017,106956.5,0.09355,10005.780574999999
2025-10-18 03:26:32.203,106956.51,0.00066,70.59129659999999
2025-10-18 03:26:32.277,106956.51,0.00025,26.7391275
2025-10-18 03:26:32.824,106956.51,7e-05,7.486955699999999
2025-10-18 03:26:32.999,106956.5,0.09355,10005.780574999999
2025-10-18 03:26:33.498,106956.51,0.00034,36.3652134
2025-10-18 03:26:33.578,106956.51,6e-05,6.4173906
2025-10-18 03:26:33.647,106956.51,0.00093,99.4695543
2025-10-18 03:26:33.748,106956.5,0.0001,10.69565
2025-10-18 03:26:34.116,106956.5,0.09355,10005.780574999999
2025-10-18 03:26:34.939,106956.5,9e-05,9.626085
2025-10-18 03:26:35.134,106956.51,0.00028,29.947822799999997
2025-10-18 03:26:35.182,106956.5,0.09355,10005.780574999999
2025-10-18 03:26:35.767,106956.51,0.00093,99.4695543
2025-10-18 03:26:36.323,106956.5,0.00167,178.617355
2025-10-18 03:26:36.325,106956.4,0.00125,133.69549999999998
2025-10-18 03:26:36.546,106956.4,7e-05,7.486947999999999
2025-10-18 03:26:36.625,106956.4,0.00093,99.469452
2025-10-18 03:26:36.843,106956.4,0.00044,47.060816
2025-10-18 03:26:36.864,106956.4,0.00089,95.19119599999999
2025-10-18 03:26:36.985,106956.39,0.005,534.78195
2025-10-18 03:26:37.317,106956.39,0.09355,10005.770284499999
2025-10-18 03:26:38.025,106956.39,6e-05,6.4173834
2025-10-18 03:26:38.417,106956.39,0.09355,10005.770284499999
2025-10-18 03:26:38.566,106956.39,0.00068,72.7303452
2025-10-18 03:26:38.687,106956.4,0.00145,155.08677999999998
2025-10-18 03:26:38.805,106956.39,0.012,1283.47668
2025-10-18 03:26:38.806,106956.39,0.012,1283.47668
2025-10-18 03:26:38.807,106956.39,0.012,1283.47668
2025-10-18 03:26:39.548,106956.39,0.09355,10005.770284499999
2025-10-18 03:26:39.962,106956.4,0.00057,60.96514799999999
2025-10-18 03:26:39.998,106956.4,0.00121,129.41724399999998
2025-10-18 03:26:40.361,106954.01,5e-05,5.3477005
2025-10-18 03:26:40.364,106952.92,0.00015,16.042938
2025-10-18 03:26:40.365,106951.15,5e-05,5.3475575
2025-10-18 03:26:40.368,106951.15,0.00035,37.4329025
2025-10-18 03:26:40.383,106950.7,0.012,1283.4084
2025-10-18 03:26:40.583,106949.99,0.09355,10005.1715645
2025-10-18 03:26:40.628,106950.0,0.00093,99.46350000000001
2025-10-18 03:26:40.662,106949.99,0.00019,20.320498100000002
2025-10-18 03:26:40.816,106950.0,0.00355,379.6725
2025-10-18 03:26:41.516,106949.99,0.09355,10005.1715645
2025-10-18 03:26:41.636,106950.0,0.00085,90.9075
2025-10-18 03:26:41.758,106950.0,0.00074,79.143
2025-10-18 03:26:41.775,106949.99,0.00028,29.945997199999997
2025-10-18 03:26:42.016,106950.0,0.00018,19.251
2025-10-18 03:26:42.218,106949.99,0.00041,43.8494959
2025-10-18 03:26:42.325,106950.0,0.00075,80.2125
2025-10-18 03:26:42.449,106950.0,0.00018,19.251
2025-10-18 03:26:42.616,106949.99,0.09355,10005.1715645
2025-10-18 03:26:42.626,106950.0,0.00018,19.251
2025-10-18 03:26:42.742,106949.99,0.0089,951.854911
2025-10-18 03:26:43.564,106949.99,0.09355,10005.1715645
2025-10-18 03:26:43.743,106950.0,9e-05,9.6255
2025-10-18 03:26:43.825,106950.0,0.00018,19.251
2025-10-18 03:26:44.239,106950.0,4e-05,4.2780000000000005
2025-10-18 03:26:44.516,106949.99,0.09355,10005.1715645
2025-10-18 03:26:44.627,106950.0,0.00027,28.8765
2025-10-18 03:26:45.266,106950.0,0.00013,13.9035
2025-10-18 03:26:45.516,106949.99,0.09355,10005.1715645
2025-10-18 03:26:45.579,106949.99,0.0082,876.9899180000001
2025-10-18 03:26:46.347,106950.0,0.00035,37.4325
2025-10-18 03:26:46.474,106950.0,0.00193,206.4135
2025-10-18 03:26:46.576,106949.99,9e-05,9.6254991
2025-10-18 03:26:46.605,106949.99,0.01333,1425.6433667000001
2025-10-18 03:26:46.625,106950.0,0.00093,99.46350000000001
2025-10-18 03:26:46.626,106950.0,0.00093,99.46350000000001
2025-10-18 03:26:46.671,106949.99,0.0004,42.779996000000004
2025-10-18 03:26:46.857,106950.0,0.00132,141.174
2025-10-18 03:26:46.955,106950.0,0.00018,19.251
2025-10-18 03:26:47.588,106949.99,0.09355,10005.1715645
2025-10-18 03:26:48.151,106949.99,0.00098,104.8109902
2025-10-18 03:26:48.480,106949.99,0.0086,919.7699140000001
2025-10-18 03:26:48.717,106949.99,0.09355,10005.1715645
2025-10-18 03:26:49.666,106950.0,0.00046,49.197
2025-10-18 03:26:49.737,106950.0,0.1,10695.0
2025-10-18 03:26:49.974,106949.99,0.09355,10005.1715645
2025-10-18 03:26:50.461,106949.99,0.0155,1657.724845
2025-10-18 03:26:50.936,106949.99,0.0009,96.254991
2025-10-18 03:26:51.108,106950.0,0.00066,70.587
2025-10-18 03:26:51.166,106949.99,0.09355,10005.1715645
2025-10-18 03:26:52.047,106950.0,0.00748,799.986
2025-10-18 03:26:52.155,106949.99,0.09355,10005.1715645
2025-10-18 03:26:52.481,106949.99,0.00019,20.320498100000002
2025-10-18 03:26:52.633,106949.99,0.00187,199.9964813
2025-10-18 03:26:52.896,106950.0,0.10808,11559.155999999999
2025-10-18 03:26:52.902,106950.0,0.12002,12836.139000000001
2025-10-18 03:26:52.903,106951.6,5e-05,5.347580000000001
2025-10-18 03:26:52.906,106952.44,0.00095,101.60481800000001
2025-10-18 03:26:52.911,106956.39,0.00015,16.0434585
2025-10-18 03:26:53.344,106956.39,0.09354,10004.7007206
2025-10-18 03:26:53.918,106956.39,0.001,106.95639
2025-10-18 03:26:54.516,106956.39,0.09354,10004.7007206
2025-10-18 03:26:54.647,106960.0,0.02264,2421.5744
2025-10-18 03:26:54.651,106963.59,6e-05,6.4178154
2025-10-18 03:26:54.775,106963.59,0.011,1176.5994899999998
2025-10-18 03:26:54.956,106963.59,0.028,2994.98052
2025-10-18 03:26:55.671,106963.58,0.09354,10005.3732732
2025-10-18 03:26:56.039,106963.59,0.00015,16.044538499999998
2025-10-18 03:26:56.467,106963.59,0.01,1069.6359
2025-10-18 03:26:56.635,106963.59,0.018,1925.3446199999998
2025-10-18 03:26:56.659,106963.58,0.09354,10005.3732732
2025-10-18 03:26:56.748,106963.59,0.00042,44.9247078
2025-10-18 03:26:57.088,106963.59,0.028,2994.98052
2025-10-18 03:26:57.173,106963.59,0.0012,128.35630799999998
2025-10-18 03:26:57.716,106963.58,0.09354,10005.3732732
2025-10-18 03:26:57.861,106963.59,0.05609,5999.5877631
2025-10-18 03:26:57.944,106963.59,0.019,2032.30821
2025-10-18 03:26:57.946,106963.59,0.002,213.92718
2025-10-18 03:26:58.506,106963.58,0.0012,128.356296
2025-10-18 03:26:58.736,106963.58,0.09354,10005.3732732
2025-10-18 03:26:58.806,106963.59,0.007,748.74513
2025-10-18 03:26:59.448,106963.59,0.00047,50.272887299999994
2025-10-18 03:26:59.497,106963.58,0.00116,124.0777528
2025-10-18 03:26:59.771,106963.58,0.09354,10005.3732732
2025-10-18 03:27:00.711,106963.59,0.00567,606.4835552999999
2025-10-18 03:27:00.816,106963.58,0.09354,10005.3732732
2025-10-18 03:27:01.151,106963.58,0.00011,11.7659938
2025-10-18 03:27:01.203,106963.58,0.0012,128.356296
2025-10-18 03:27:01.256,106963.59,0.00067,71.6656053
2025-10-18 03:27:01.470,106963.59,0.0012,128.35630799999998
2025-10-18 03:27:01.482,106963.59,0.0007,74.874513
2025-10-18 03:27:01.583,106963.59,0.00028,29.949805199999997
2025-10-18 03:27:01.845,106963.58,0.09354,10005.3732732
2025-10-18 03:27:01.888,106963.59,0.0016,171.141744
2025-10-18 03:27:02.028,106963.59,9e-05,9.6267231
2025-10-18 03:27:02.419,106963.58,0.0001,10.696358
2025-10-18 03:27:02.758,106963.59,0.013,1390.52667
2025-10-18 03:27:02.934,106963.58,0.09354,10005.3732732
2025-10-18 03:27:02.981,106963.59,0.015,1604.4538499999999
2025-10-18 03:27:03.211,106963.59,0.00977,1045.0342742999999
2025-10-18 03:27:03.291,106963.59,0.00141,150.8186619
2025-10-18 03:27:03.413,106963.58,0.012,1283.56296
2025-10-18 03:27:03.414,106963.58,0.012,1283.56296
2025-10-18 03:27:03.970,106963.58,0.09354,10005.3732732
2025-10-18 03:27:04.045,106963.58,0.0014,149.749012
2025-10-18 03:27:05.007,106963.58,0.09354,10005.3732732
2025-10-18 03:27:05.171,106963.59,5e-05,5.3481795
2025-10-18 03:27:05.512,106963.59,9e-05,9.6267231
2025-10-18 03:27:05.883,106963.59,0.028,2994.98052
2025-10-18 03:27:06.039,106963.58,0.09354,10005.3732732
2025-10-18 03:27:06.696,106963.58,0.001,106.96358000000001
2025-10-18 03:27:07.028,106963.58,0.00021,22.4623518
2025-10-18 03:27:07.043,106963.58,7e-05,7.4874506
2025-10-18 03:27:07.133,106963.59,0.00028,29.949805199999997
2025-10-18 03:27:07.217,106963.58,0.09354,10005.3732732
2025-10-18 03:27:07.477,106963.59,0.001,106.96359
2025-10-18 03:27:07.809,106963.58,0.00128,136.91338240000002
2025-10-18 03:27:07.941,106963.59,0.00046,49.2032514
2025-10-18 03:27:08.316,106963.58,0.09354,10005.3732732
2025-10-18 03:27:08.362,106963.58,0.00042,44.9247036
2025-10-18 03:27:08.906,106963.59,0.0071,759.441489
2025-10-18 03:27:09.018,106963.59,0.00047,50.272887299999994
2025-10-18 03:27:09.459,106963.58,0.0071,759.4414180000001
2025-10-18 03:27:09.519,106963.58,0.09354,10005.3732732
2025-10-18 03:27:09.669,106963.59,0.008,855.70872
2025-10-18 03:27:09.849,106963.59,0.02,2139.2718
2025-10-18 03:27:09.887,106963.58,0.00042,44.9247036
2025-10-18 03:27:10.114,106963.59,0.0014,149.749026
2025-10-18 03:27:10.500,106963.58,0.04785,5118.207303
2025-10-18 03:27:10.580,106963.59,7e-05,7.487451299999999
2025-10-18 03:27:10.621,106963.59,0.01088,1163.7638592
2025-10-18 03:27:10.622,106966.0,0.002,213.93200000000002
2025-10-18 03:27:10.635,106966.01,0.00182,194.67813819999998
2025-10-18 03:27:10.695,106967.01,0.003,320.90103
2025-10-18 03:27:10.754,106967.01,0.00249,266.3478549
2025-10-18 03:27:10.767,106967.25,6e-05,6.418035000000001
2025-10-18 03:27:11.759,106967.86,0.00687,734.8691982
2025-10-18 03:27:11.882,106967.85,0.001,106.96785000000001
2025-10-18 03:27:13.314,106967.85,0.00018,19.254213000000004
2025-10-18 03:27:13.346,106967.86,0.05377,5751.6618321999995
2025-10-18 03:27:13.527,106967.86,0.00039,41.7174654
2025-10-18 03:27:14.192,106967.86,0.00046,49.2052156
2025-10-18 03:27:14.204,106967.86,0.021,2246.32506
2025-10-18 03:27:14.422,106967.85,0.00013,13.905820499999999
2025-10-18 03:27:14.642,106967.85,0.0009,96.27106500000001
2025-10-18 03:27:14.786,106967.85,0.02854,3052.862439
2025-10-18 03:27:15.007,106967.86,0.00117,125.1523962
2025-10-18 03:27:15.817,106967.86,0.00105,112.31625299999999
2025-10-18 03:27:16.739,106967.86,0.009,962.71074
2025-10-18 03:27:16.849,106967.85,0.00188,201.099558
2025-10-18 03:27:16.928,106967.86,0.02356,2520.1627816
2025-10-18 03:27:17.052,106967.85,0.0014,149.75499000000002
2025-10-18 03:27:17.235,106967.86,0.001,106.96786
2025-10-18 03:27:17.372,106967.86,0.0156,1668.698616
2025-10-18 03:27:17.623,106967.86,0.01,1069.6786
2025-10-18 03:27:17.789,106967.86,0.018,1925.42148
2025-10-18 03:27:17.969,106967.86,0.08885,9504.094361
2025-10-18 03:27:18.423,106967.86,0.00039,41.7174654
2025-10-18 03:27:18.433,106967.86,0.001,106.96786
2025-10-18 03:27:18.685,106967.86,9e-05,9.6271074
2025-10-18 03:27:19.353,106967.86,0.00012,12.8361432
2025-10-18 03:27:19.662,106967.85,0.00957,1023.6823245
2025-10-18 03:27:19.726,106967.85,0.0009,96.27106500000001
2025-10-18 03:27:20.412,106969.99,0.0002,21.393998000000003
2025-10-18 03:27:20.639,106970.0,0.00397,424.67089999999996
2025-10-18 03:27:20.708,106973.34,6e-05,6.4184004
2025-10-18 03:27:20.776,106975.0,0.01496,1600.346
2025-10-18 03:27:20.817,106974.99,0.09353,10005.370814700002
2025-10-18 03:27:21.322,106975.0,0.00014,14.976499999999998
2025-10-18 03:27:21.361,106975.0,0.002,213.95000000000002
2025-10-18 03:27:21.576,106974.99,9e-05,9.6277491
2025-10-18 03:27:21.817,106974.99,0.09353,10005.370814700002
2025-10-18 03:27:22.108,106974.99,0.00022,23.5344978
2025-10-18 03:27:22.217,106974.99,0.001,106.97499
2025-10-18 03:27:22.747,106974.99,0.09353,10005.370814700002
2025-10-18 03:27:22.787,106974.99,0.00013,13.9067487
2025-10-18 03:27:23.021,106974.99,0.0005,53.487495
2025-10-18 03:27:23.683,106974.99,0.09353,10005.370814700002
2025-10-18 03:27:24.084,106975.0,0.00392,419.342
2025-10-18 03:27:24.723,106974.99,0.09353,10005.370814700002
2025-10-18 03:27:24.896,106974.99,0.0009,96.277491
2025-10-18 03:27:25.917,106974.99,0.09353,10005.370814700002
2025-10-18 03:27:27.008,106974.99,0.09353,10005.370814700002
2025-10-18 03:27:27.163,106974.99,0.0084,898.589916
2025-10-18 03:27:27.402,106974.99,0.00503,538.0841997
2025-10-18 03:27:27.490,106975.0,0.028,2995.3
2025-10-18 03:27:27.513,106974.99,0.00012,12.836998800000002
2025-10-18 03:27:27.680,106975.0,0.028,2995.3
2025-10-18 03:27:28.095,106974.99,0.09353,10005.370814700002
2025-10-18 03:27:28.332,106975.0,0.00019,20.32525
2025-10-18 03:27:28.396,106975.0,0.04574,4893.0365
2025-10-18 03:27:28.397,106975.0,0.01562,1670.9495
2025-10-18 03:27:28.399,106977.47,5e-05,5.348873500000001
2025-10-18 03:27:28.408,106977.99,0.00015,16.046698499999998
2025-10-18 03:27:28.411,106977.99,0.00012,12.8373588
2025-10-18 03:27:28.426,106977.99,0.04673,4999.081472700001
2025-10-18 03:27:28.442,106978.69,0.0001,10.697869
2025-10-18 03:27:28.479,106979.36,0.01496,1600.4112255999999
2025-10-18 03:27:28.531,106979.35,0.00233,249.2618855
2025-10-18 03:27:28.992,106979.36,0.00099,105.9095664
2025-10-18 03:27:29.135,106979.35,0.09352,10004.708812
2025-10-18 03:27:29.644,106979.44,0.0001,10.697944000000001
2025-10-18 03:27:29.645,106979.76,0.0004,42.791904
2025-10-18 03:27:29.646,106980.81,0.00015,16.0471215
2025-10-18 03:27:29.647,106980.83,0.0001,10.698083
2025-10-18 03:27:29.649,106981.18,0.0001,10.698118
2025-10-18 03:27:29.650,106981.41,5e-05,5.349070500000001
2025-10-18 03:27:29.653,106984.0,0.0025,267.46
2025-10-18 03:27:29.658,106981.41,0.00018,19.256653800000002
2025-10-18 03:27:29.665,106984.99,5e-05,5.349249500000001
2025-10-18 03:27:29.717,106985.69,0.00583,623.7265727
2025-10-18 03:27:29.747,106985.7,0.00022,23.536854
2025-10-18 03:27:29.779,106985.7,0.01128,1206.798696
2025-10-18 03:27:29.780,106985.7,0.00368,393.707376
2025-10-18 03:27:29.801,106985.7,0.00091,97.356987
2025-10-18 03:27:29.847,106985.69,0.0042,449.339898
2025-10-18 03:27:29.916,106985.7,0.00037,39.584709
2025-10-18 03:27:30.316,106985.69,0.09352,10005.301728800001
2025-10-18 03:27:31.417,106985.69,0.09352,10005.301728800001
2025-10-18 03:27:32.236,106985.7,0.00078,83.448846
2025-10-18 03:27:32.249,106985.69,0.1,10698.569000000001
2025-10-18 03:27:32.517,106985.69,0.09352,10005.301728800001
2025-10-18 03:27:32.558,106985.7,0.00017,18.187569
2025-10-18 03:27:33.700,106985.69,0.09352,10005.301728800001
2025-10-18 03:27:33.925,106985.69,0.00091,97.3569779
2025-10-18 03:27:34.687,106985.69,0.09352,10005.301728800001
2025-10-18 03:27:34.745,106985.69,0.1,10698.569000000001
2025-10-18 03:27:35.384,106985.69,0.00454,485.7150326
2025-10-18 03:27:35.430,106985.7,0.05608,5999.758056
2025-10-18 03:27:35.617,106985.69,0.09352,10005.301728800001
2025-10-18 03:27:36.165,106985.69,0.0001,10.698569
2025-10-18 03:27:36.714,106985.69,0.09352,10005.301728800001
2025-10-18 03:27:37.408,106985.69,0.1,10698.569000000001
2025-10-18 03:27:37.636,106985.7,0.00236,252.486252
2025-10-18 03:27:37.775,106985.69,0.09352,10005.301728800001
2025-10-18 03:27:38.233,106985.7,0.0016,171.17712
2025-10-18 03:27:38.895,106985.69,0.09352,10005.301728800001
2025-10-18 03:27:39.862,106985.69,0.048,5135.31312
2025-10-18 03:27:40.000,106985.7,0.00028,29.955995999999995
2025-10-18 03:27:40.017,106985.69,0.09352,10005.301728800001
2025-10-18 03:27:40.115,106985.69,0.00056,59.911986399999996
2025-10-18 03:27:41.016,106985.69,0.09352,10005.301728800001
2025-10-18 03:27:41.039,106985.69,0.00692,740.3409748
2025-10-18 03:27:42.166,106985.69,0.09352,10005.301728800001
2025-10-18 03:27:42.193,106985.69,5e-05,5.3492845
2025-10-18 03:27:42.475,106985.69,0.0096,1027.062624
2025-10-18 03:27:42.610,106985.7,0.00361,386.218377
2025-10-18 03:27:42.621,106985.7,0.01,1069.857
2025-10-18 03:27:42.780,106985.7,0.00302,323.096814
2025-10-18 03:27:43.117,106985.69,0.09352,10005.301728800001
2025-10-18 03:27:43.459,106985.7,0.00167,178.666119
2025-10-18 03:27:43.501,106985.7,0.04879,5219.832303
2025-10-18 03:27:43.723,106985.7,0.028,2995.5996
2025-10-18 03:27:44.196,106985.69,0.09352,10005.301728800001
2025-10-18 03:27:44.653,106985.7,0.13699,14655.971043
2025-10-18 03:27:44.713,106985.69,0.0088,941.4740720000001
2025-10-18 03:27:45.000,106985.7,0.00096,102.706272
2025-10-18 03:27:45.117,106985.7,0.00934,999.2464379999999
2025-10-18 03:27:45.417,106985.69,0.09352,10005.301728800001
2025-10-18 03:27:45.672,106985.69,0.00101,108.05554690000001
2025-10-18 03:27:45.810,106985.69,0.01028,1099.8128932
2025-10-18 03:27:46.373,106985.69,0.09352,10005.301728800001
2025-10-18 03:27:46.551,106985.7,0.00467,499.62321899999995
2025-10-18 03:27:46.640,106985.7,0.02067,2211.394419
2025-10-18 03:27:46.739,106985.7,0.00086,92.007702
2025-10-18 03:27:46.755,106985.7,0.0001,10.69857
2025-10-18 03:27:47.193,106985.7,0.00399,426.87294299999996
2025-10-18 03:27:47.430,106985.69,0.1,10698.569000000001
2025-10-18 03:27:47.569,106985.69,0.09352,10005.301728800001
2025-10-18 03:27:47.617,106985.7,0.00042,44.933994
2025-10-18 03:27:47.720,106985.69,0.0014,149.779966
2025-10-18 03:27:48.262,106985.69,0.00048,51.3531312
2025-10-18 03:27:48.658,106985.69,0.09352,10005.301728800001
2025-10-18 03:27:48.692,106985.7,0.00273,292.07096099999995
2025-10-18 03:27:49.044,106985.69,0.00061,65.2612709
2025-10-18 03:27:49.686,106985.69,0.1,10698.569000000001
2025-10-18 03:27:49.816,106985.69,0.09352,10005.301728800001
2025-10-18 03:27:50.263,106985.69,0.00429,458.96861010000003
2025-10-18 03:27:50.825,106985.69,0.09352,10005.301728800001
2025-10-18 03:27:50.919,106985.7,0.00234,250.346538
2025-10-18 03:27:51.817,106985.69,0.09352,10005.301728800001
2025-10-18 03:27:52.121,106985.69,0.1,10698.569000000001
2025-10-18 03:27:52.769,106985.7,0.028,2995.5996
2025-10-18 03:27:52.870,106985.69,0.09352,10005.301728800001
2025-10-18 03:27:53.811,106985.69,0.09352,10005.301728800001
2025-10-18 03:27:54.108,106985.7,0.0007,74.88999
2025-10-18 03:27:54.770,106985.69,0.1,10698.569000000001
2025-10-18 03:27:54.951,106985.69,0.09352,10005.301728800001
2025-10-18 03:27:55.939,106985.69,0.09352,10005.301728800001
2025-10-18 03:27:56.340,106985.7,0.00026,27.816281999999998
2025-10-18 03:27:56.432,106985.7,0.00011,11.768427
2025-10-18 03:27:56.875,106985.69,0.09352,10005.301728800001
2025-10-18 03:27:56.973,106985.7,0.00163,174.38669099999998
2025-10-18 03:27:57.098,106985.69,0.01605,1717.1203245
2025-10-18 03:27:57.668,106985.69,0.1,10698.569000000001
2025-10-18 03:27:58.020,106985.69,0.09352,10005.301728800001
2025-10-18 03:27:58.489,106985.69,0.00429,458.96861010000003
2025-10-18 03:27:59.033,106985.69,0.04673,4999.4412937
2025-10-18 03:27:59.317,106985.69,0.09352,10005.301728800001
2025-10-18 03:27:59.332,106985.69,0.00309,330.5857821
2025-10-18 03:28:00.045,106985.69,7e-05,7.4889982999999996
2025-10-18 03:28:00.359,106985.69,0.09352,10005.301728800001
2025-10-18 03:28:00.507,106985.69,0.0624,6675.907056
2025-10-18 03:28:01.347,106985.69,0.09352,10005.301728800001
2025-10-18 03:28:01.583,106985.69,9e-05,9.628712100000001
2025-10-18 03:28:01.818,106985.7,7e-05,7.488998999999999
2025-10-18 03:28:02.417,106985.69,0.09352,10005.301728800001
2025-10-18 03:28:02.968,106985.69,0.0086,920.076934
2025-10-18 03:28:03.416,106985.69,0.09352,10005.301728800001
2025-10-18 03:28:03.588,106985.7,8e-05,8.558856
2025-10-18 03:28:03.741,106985.69,0.00015,16.0478535
2025-10-18 03:28:04.124,106985.7,6e-05,6.419142
2025-10-18 03:28:04.571,106985.69,0.09352,10005.301728800001
2025-10-18 03:28:05.324,106985.7,0.00047,50.283279
2025-10-18 03:28:05.522,106985.69,0.0083,887.981227
2025-10-18 03:28:05.767,106985.69,0.09352,10005.301728800001
2025-10-18 03:28:05.918,106985.7,0.00026,27.816281999999998
2025-10-18 03:28:06.310,106985.69,0.00119,127.31297110000001
2025-10-18 03:28:06.432,106985.69,0.0012,128.382828
2025-10-18 03:28:06.808,106985.69,0.09352,10005.301728800001
2025-10-18 03:28:06.972,106985.7,0.00373,399.05666099999996
2025-10-18 03:28:07.608,106985.7,0.00164,175.456548
2025-10-18 03:28:07.743,106985.69,0.09352,10005.301728800001
2025-10-18 03:28:08.261,106985.69,0.0075,802.3926749999999
2025-10-18 03:28:08.882,106985.69,0.09352,10005.301728800001
2025-10-18 03:28:09.580,106985.7,5e-05,5.349285
2025-10-18 03:28:10.116,106985.69,0.09352,10005.301728800001
2025-10-18 03:28:10.355,106985.7,0.00109,116.614413
2025-10-18 03:28:10.707,106985.69,0.0077,823.7898130000001
2025-10-18 03:28:11.067,106985.69,0.09352,10005.301728800001
2025-10-18 03:28:11.902,106985.7,0.05446,5826.441222
2025-10-18 03:28:12.142,106985.69,0.00045,48.1435605
2025-10-18 03:28:12.203,106985.69,0.09352,10005.301728800001
2025-10-18 03:28:12.498,106985.7,0.00197,210.76182899999998
2025-10-18 03:28:13.168,106985.69,0.0085,909.378365
2025-10-18 03:28:13.216,106985.7,9e-05,9.628713000000001
2025-10-18 03:28:13.243,106985.69,0.09352,10005.301728800001
2025-10-18 03:28:13.746,106985.7,0.00093,99.496701
2025-10-18 03:28:13.847,106985.69,0.00042,44.933989800000006
2025-10-18 03:28:14.027,106985.69,0.00093,99.49669170000001
2025-10-18 03:28:14.217,106985.69,0.09352,10005.301728800001
2025-10-18 03:28:14.886,106985.69,0.00385,411.89490650000005
2025-10-18 03:28:15.267,106985.69,0.09352,10005.301728800001
2025-10-18 03:28:15.734,106985.7,0.00044,47.073708
2025-10-18 03:28:15.771,106985.69,0.0009,96.287121
2025-10-18 03:28:16.256,106985.69,0.09352,10005.301728800001
2025-10-18 03:28:16.418,106985.7,0.0001,10.69857
2025-10-18 03:28:16.518,106985.7,0.00047,50.283279
2025-10-18 03:28:16.663,106985.7,0.0002,21.39714
2025-10-18 03:28:16.693,106985.7,0.00113,120.893841
2025-10-18 03:28:16.885,106985.7,0.0001,10.69857
2025-10-18 03:28:17.039,106985.7,0.00015,16.047855
2025-10-18 03:28:17.112,106985.7,7e-05,7.488998999999999
2025-10-18 03:28:17.192,106985.7,0.00019,20.327283
2025-10-18 03:28:17.217,106985.69,0.09352,10005.301728800001
2025-10-18 03:28:17.272,106985.7,0.00012,12.838284
2025-10-18 03:28:17.618,106985.7,0.00029,31.025852999999998
2025-10-18 03:28:17.684,106985.7,0.00029,31.025852999999998
2025-10-18 03:28:17.762,106985.7,0.0001,10.69857
2025-10-18 03:28:17.775,106985.69,0.00212,226.80966279999998
2025-10-18 03:28:18.071,106985.7,9e-05,9.628713000000001
2025-10-18 03:28:18.118,106985.7,0.00024,25.676568
2025-10-18 03:28:18.162,106985.7,0.00015,16.047855
2025-10-18 03:28:18.189,106985.69,0.0079,845.1869510000001
2025-10-18 03:28:18.232,106985.7,0.00019,20.327283
2025-10-18 03:28:18.284,106985.69,0.09352,10005.301728800001
2025-10-18 03:28:18.939,106985.7,0.00037,39.584709
2025-10-18 03:28:18.943,106985.7,0.00151,161.548407
2025-10-18 03:28:19.323,106985.69,0.09352,10005.301728800001
2025-10-18 03:28:20.362,106985.69,0.09352,10005.301728800001
2025-10-18 03:28:20.763,106985.69,0.0002,21.397138
2025-10-18 03:28:21.014,106985.7,0.00012,12.838284
2025-10-18 03:28:21.507,106985.69,0.09352,10005.301728800001
2025-10-18 03:28:21.596,106985.7,5e-05,5.349285
2025-10-18 03:28:22.023,106985.69,0.00016,17.117710400000004
2025-10-18 03:28:22.217,106985.7,0.00019,20.327283
2025-10-18 03:28:22.617,106985.69,0.09352,10005.301728800001
2025-10-18 03:28:23.049,106985.69,0.00039,41.7244191
2025-10-18 03:28:23.209,106985.69,0.0081,866.584089
2025-10-18 03:28:23.332,106985.7,0.00326,348.77338199999997
2025-10-18 03:28:23.616,106985.69,0.09352,10005.301728800001
2025-10-18 03:28:23.949,106985.7,0.00978,1046.320146
2025-10-18 03:28:24.040,106985.7,0.0028,299.55996
2025-10-18 03:28:24.717,106985.69,0.09352,10005.301728800001
2025-10-18 03:28:25.317,106985.7,0.02804,2999.879028
2025-10-18 03:28:25.737,106985.69,0.0079,845.1869510000001
2025-10-18 03:28:25.917,106985.69,0.09352,10005.301728800001
2025-10-18 03:28:26.586,106985.7,0.00201,215.041257
2025-10-18 03:28:26.964,106985.69,0.09352,10005.301728800001
2025-10-18 03:28:27.214,106985.7,0.00046,49.213422
2025-10-18 03:28:28.007,106985.69,0.09352,10005.301728800001
2025-10-18 03:28:28.073,106985.69,0.00487,521.0203103
2025-10-18 03:28:28.311,106985.69,0.0081,866.584089
2025-10-18 03:28:28.432,106985.7,8e-05,8.558856
2025-10-18 03:28:29.117,106985.69,0.09352,10005.301728800001
2025-10-18 03:28:29.163,106985.7,0.00077,82.37898899999999
2025-10-18 03:28:30.083,106985.69,0.09352,10005.301728800001
2025-10-18 03:28:30.681,106985.69,0.0009,96.287121
2025-10-18 03:28:30.815,106985.7,9e-05,9.628713000000001
2025-10-18 03:28:31.225,106985.69,0.09352,10005.301728800001
2025-10-18 03:28:31.578,106985.69,9e-05,9.628712100000001
2025-10-18 03:28:32.432,106985.7,0.00246,263.184822
2025-10-18 03:28:32.523,106985.7,0.00031,33.165566999999996
2025-10-18 03:28:32.527,106985.69,0.09352,10005.301728800001
2025-10-18 03:28:33.100,106985.69,0.0068,727.502692
2025-10-18 03:28:33.176,106985.7,0.0001,10.69857
2025-10-18 03:28:33.542,106985.7,0.00014,14.977997999999998
2025-10-18 03:28:33.566,106985.69,0.09352,10005.301728800001
2025-10-18 03:28:33.662,106985.7,0.00019,20.327283
2025-10-18 03:28:34.521,106985.7,0.00047,50.283279
2025-10-18 03:28:34.618,106985.69,0.09352,10005.301728800001
2025-10-18 03:28:34.666,106983.95,5e-05,5.3491975
2025-10-18 03:28:34.668,106981.24,5e-05,5.349062000000001
2025-10-18 03:28:34.673,106981.24,0.00055,58.839682
2025-10-18 03:28:34.706,106979.35,0.00015,16.046902499999998
2025-10-18 03:28:35.234,106979.29,0.01495,1599.3403855
2025-10-18 03:28:35.419,106979.26,0.0002,21.395852
2025-10-18 03:28:35.420,106979.09,0.0002,21.395818000000002
2025-10-18 03:28:35.421,106979.1,0.00015,16.046865
2025-10-18 03:28:35.424,106977.66,0.009,962.7989399999999
2025-10-18 03:28:35.426,106977.66,0.01107,1184.2426962
2025-10-18 03:28:35.428,106977.35,5e-05,5.348867500000001
2025-10-18 03:28:35.780,106977.05,0.00298,318.791609
2025-10-18 03:28:35.781,106977.05,0.0017,181.860985
2025-10-18 03:28:36.169,106977.04,0.0005,53.48852
2025-10-18 03:28:36.423,106977.05,0.00093,99.4886565
2025-10-18 03:28:36.697,106977.05,0.13683,14637.669751500001
2025-10-18 03:28:36.815,106977.04,0.03307,3537.7307128
2025-10-18 03:28:37.032,106977.05,0.00365,390.4662325
2025-10-18 03:28:37.851,106977.04,0.00331,354.09400239999997
2025-10-18 03:28:38.168,106977.04,0.0087,930.7002479999999
2025-10-18 03:28:38.816,106977.04,0.09352,10004.4927808
2025-10-18 03:28:38.971,106977.05,0.00081,86.6514105
2025-10-18 03:28:39.827,106977.04,0.09352,10004.4927808
2025-10-18 03:28:40.490,106977.04,0.052,5562.806079999999
2025-10-18 03:28:40.917,106977.04,0.09352,10004.4927808
2025-10-18 03:28:42.062,106977.04,0.09352,10004.4927808
2025-10-18 03:28:42.389,106977.05,0.00017,18.186098500000003
2025-10-18 03:28:42.906,106977.04,0.0104,1112.5612159999998
2025-10-18 03:28:43.216,106977.04,0.09352,10004.4927808
2025-10-18 03:28:43.884,106977.05,0.00028,29.953574
2025-10-18 03:28:44.391,106977.04,0.09352,10004.4927808
2025-10-18 03:28:45.420,106977.05,0.00046,49.209443
2025-10-18 03:28:45.484,106977.04,0.09352,10004.4927808
2025-10-18 03:28:45.555,106977.05,0.00121,129.4422305
2025-10-18 03:28:45.622,106977.04,0.0019,203.256376
2025-10-18 03:28:45.924,106977.04,0.00012,12.837244799999999
2025-10-18 03:28:45.937,106977.05,0.00039,41.7210495
2025-10-18 03:28:46.562,106977.05,0.00019,20.3256395
2025-10-18 03:28:46.574,106977.04,0.09352,10004.4927808
2025-10-18 03:28:46.932,106977.05,0.00702,750.9788910000001
2025-10-18 03:28:47.123,106977.04,0.02155,2305.355212
2025-10-18 03:28:47.227,106977.05,0.0006,64.18623
2025-10-18 03:28:47.764,106977.04,0.09352,10004.4927808
2025-10-18 03:28:48.056,106977.04,0.0029,310.233416
2025-10-18 03:28:48.144,106977.05,0.02644,2828.473202
2025-10-18 03:28:48.276,106977.04,0.012,1283.7244799999999
2025-10-18 03:28:48.278,106977.04,0.012,1283.7244799999999
2025-10-18 03:28:48.280,106977.04,0.012,1283.7244799999999
2025-10-18 03:28:48.374,106977.04,0.00152,162.6051008
2025-10-18 03:28:48.916,106977.04,0.09353,10005.562551199999
2025-10-18 03:28:48.918,106977.05,8e-05,8.558164000000001
2025-10-18 03:28:49.165,106977.04,0.01204,1288.0035616
2025-10-18 03:28:49.356,106977.05,0.00527,563.7690535
2025-10-18 03:28:49.711,106977.04,0.00302,323.0706608
2025-10-18 03:28:50.094,106977.04,0.09353,10005.562551199999
2025-10-18 03:28:50.382,106977.05,9e-05,9.6279345
2025-10-18 03:28:50.480,106977.04,0.02,2139.5407999999998
2025-10-18 03:28:50.699,106977.04,0.0496,5306.061183999999
2025-10-18 03:28:50.772,106977.04,0.00125,133.72129999999999
2025-10-18 03:28:51.284,106977.04,0.09353,10005.562551199999
2025-10-18 03:28:51.294,106977.04,0.0001,10.697704
2025-10-18 03:28:51.464,106977.04,0.00056,59.90714239999999
2025-10-18 03:28:52.238,106977.04,0.04673,4999.037079199999
2025-10-18 03:28:52.387,106977.04,0.012,1283.7244799999999
2025-10-18 03:28:52.388,106977.04,0.012,1283.7244799999999
2025-10-18 03:28:52.389,106977.04,0.012,1283.7244799999999
2025-10-18 03:28:52.417,106977.04,0.02075,2219.77358
2025-10-18 03:28:52.939,106977.05,0.0025,267.442625
2025-10-18 03:28:52.984,106977.05,0.00935,1000.2354175000002
2025-10-18 03:28:53.101,106977.05,0.00762,815.165121
2025-10-18 03:28:53.161,106977.04,0.01,1069.7703999999999
2025-10-18 03:28:53.563,106977.04,0.09353,10005.562551199999
2025-10-18 03:28:53.973,106977.05,0.0002,21.395410000000002
2025-10-18 03:28:54.252,106977.04,0.0084,898.6071359999999
2025-10-18 03:28:54.253,106977.03,0.012,1283.72436
2025-10-18 03:28:54.254,106976.0,0.1793,19180.7968
2025-10-18 03:28:54.258,106976.0,0.09398,10053.60448
2025-10-18 03:28:54.259,106976.0,0.00933,998.0860799999999
2025-10-18 03:28:54.263,106976.0,0.012,1283.712
2025-10-18 03:28:54.270,106976.01,9e-05,9.6278409
2025-10-18 03:28:54.332,106976.0,0.04767,5099.54592
2025-10-18 03:28:54.596,106976.0,0.05079,5433.3110400000005
2025-10-18 03:28:54.597,106976.0,0.09353,10005.46528
2025-10-18 03:28:54.849,106975.98,0.0002,21.395196
2025-10-18 03:28:54.850,106974.99,0.00015,16.0462485
2025-10-18 03:28:54.851,106972.12,0.00015,16.045817999999997
2025-10-18 03:28:54.854,106971.32,0.00386,412.90929520000003
2025-10-18 03:28:54.855,106971.32,0.00878,939.2081896
2025-10-18 03:28:54.858,106968.89,0.00015,16.045333499999998
2025-10-18 03:28:54.862,106968.43,0.00935,1000.1548205
2025-10-18 03:28:54.863,106968.43,0.012,1283.62116
2025-10-18 03:28:54.864,106968.43,0.012,1283.62116
2025-10-18 03:28:54.874,106966.35,0.00442,472.79126700000006
2025-10-18 03:28:55.090,106966.36,0.00568,607.5689248
2025-10-18 03:28:55.580,106966.36,0.00047,50.2741892
2025-10-18 03:28:55.617,106966.35,0.00561,600.0812235000001
2025-10-18 03:28:55.618,106965.55,5e-05,5.3482775
2025-10-18 03:28:55.855,106964.9,0.012,1283.5788
2025-10-18 03:28:55.856,106964.9,0.00299,319.825051
2025-10-18 03:28:55.863,106964.64,0.00181,193.6059984
2025-10-18 03:28:55.872,106964.61,0.00125,133.7057625
2025-10-18 03:28:55.915,106964.54,0.00207,221.41659779999998
2025-10-18 03:28:56.717,106964.54,5e-05,5.348227
2025-10-18 03:28:56.917,106964.53,0.0244,2609.934532
2025-10-18 03:28:57.858,106964.53,0.00328,350.8436584
2025-10-18 03:28:58.385,106964.53,0.0024,256.71487199999996
2025-10-18 03:28:58.816,106964.53,0.09354,10005.4621362
2025-10-18 03:28:58.825,106964.53,9e-05,9.6268077
2025-10-18 03:28:58.915,106964.53,0.00061,65.2483633
2025-10-18 03:28:58.917,106964.53,0.00061,65.2483633
2025-10-18 03:28:58.920,106964.53,0.00081,86.64126929999999
2025-10-18 03:28:58.923,106964.53,0.00039,41.7161667
2025-10-18 03:28:58.924,106964.53,0.01406,1503.9212917999998
2025-10-18 03:28:58.926,106964.53,0.00402,429.9974106
2025-10-18 03:28:58.929,106964.53,0.007,748.75171
2025-10-18 03:28:58.930,106964.53,0.007,748.75171
2025-10-18 03:28:58.931,106964.53,0.007,748.75171
2025-10-18 03:28:59.917,106964.53,0.09354,10005.4621362
2025-10-18 03:29:00.319,106964.54,0.04794,5127.8800476
2025-10-18 03:29:00.703,106959.72,5e-05,5.347986000000001
2025-10-18 03:29:00.704,106956.33,0.04291,4589.496120299999
2025-10-18 03:29:00.705,106955.05,0.00015,16.0432575
2025-10-18 03:29:00.710,106952.65,0.00063,67.3801695
2025-10-18 03:29:00.715,106950.54,0.00351,375.39639539999996
2025-10-18 03:29:00.718,106949.84,0.012,1283.39808
2025-10-18 03:29:00.722,106947.94,0.009,962.5314599999999
2025-10-18 03:29:00.786,106946.04,0.0001,10.694604
2025-10-18 03:29:00.969,106945.84,0.09355,10004.783331999999
2025-10-18 03:29:01.381,106945.84,0.00203,217.1000552
2025-10-18 03:29:01.490,106945.83,0.0029,310.142907
2025-10-18 03:29:01.496,106942.4,0.0035,374.2984
2025-10-18 03:29:01.498,106942.4,0.00034,36.360416
2025-10-18 03:29:01.499,106940.64,0.012,1283.28768
2025-10-18 03:29:01.610,106940.64,7e-05,7.4858448
2025-10-18 03:29:01.651,106940.63,0.00125,133.6757875
2025-10-18 03:29:01.889,106940.63,0.00081,86.6219103
2025-10-18 03:29:01.917,106940.62,0.00296,316.5442352
2025-10-18 03:29:02.083,106940.63,0.03151,3369.6992513000005
2025-10-18 03:29:02.333,106940.63,8e-05,8.5552504
2025-10-18 03:29:02.799,106940.61,0.00357,381.7779777
2025-10-18 03:29:02.804,106940.6,0.00408,436.3176480000001
2025-10-18 03:29:02.992,106940.6,0.0307,3283.0764200000003
2025-10-18 03:29:03.177,106940.6,0.00294,314.405364
2025-10-18 03:29:03.186,106940.08,0.01,1069.4008000000001
2025-10-18 03:29:03.187,106940.08,0.011,1176.34088
2025-10-18 03:29:03.188,106940.08,0.00596,637.3628768
2025-10-18 03:29:03.681,106940.08,0.0014,149.716112
2025-10-18 03:29:03.917,106940.08,0.00059,63.094647200000004
2025-10-18 03:29:04.495,106940.09,0.04675,4999.4492075
2025-10-18 03:29:04.666,106940.08,0.00085,90.899068
2025-10-18 03:29:04.804,106940.0,0.00888,949.6272000000001
2025-10-18 03:29:04.810,106940.01,0.00709,758.2046709
2025-10-18 03:29:04.858,106940.0,0.00178,190.3532
2025-10-18 03:29:04.962,106940.0,0.00863,922.8922
2025-10-18 03:29:05.020,106938.1,0.0001,10.693810000000001
2025-10-18 03:29:05.032,106936.0,0.00296,316.53056
2025-10-18 03:29:05.034,106935.99,0.003,320.80797
2025-10-18 03:29:05.035,106935.99,0.00291,311.1837309
2025-10-18 03:29:05.183,106935.27,0.00015,16.040290499999998
2025-10-18 03:29:05.270,106935.14,0.00868,928.1970152
2025-10-18 03:29:05.406,106935.14,6e-05,6.4161084
2025-10-18 03:29:05.412,106935.15,0.00013,13.901569499999997
2025-10-18 03:29:05.474,106935.14,0.0149,1593.333586
2025-10-18 03:29:05.525,106935.14,0.00019,20.317676600000002
2025-10-18 03:29:05.620,106933.81,0.00872,932.4628232
2025-10-18 03:29:05.624,106933.82,0.13329,14253.2088678
2025-10-18 03:29:05.699,106933.82,9e-05,9.6240438
2025-10-18 03:29:05.876,106933.81,0.00214,228.8383534
2025-10-18 03:29:05.882,106933.4,0.00816,872.576544
2025-10-18 03:29:05.883,106933.4,0.012,1283.2007999999998
2025-10-18 03:29:06.017,106933.4,0.00098,104.794732
2025-10-18 03:29:06.042,106933.41,0.00062,66.2987142
2025-10-18 03:29:06.392,106933.41,0.0145,1550.5344450000002
2025-10-18 03:29:06.539,106933.41,0.01876,2006.0707716
2025-10-18 03:29:06.582,106933.4,8e-05,8.554672
2025-10-18 03:29:07.075,106933.4,0.04298,4595.997531999999
2025-10-18 03:29:07.199,106933.4,0.00141,150.776094
2025-10-18 03:29:07.821,106933.4,0.00048,51.328032
2025-10-18 03:29:07.943,106933.4,0.00047,50.258697999999995
2025-10-18 03:29:08.007,106933.39,0.09185,9821.8318715
2025-10-18 03:29:08.271,106933.4,0.00012,12.832008
2025-10-18 03:29:08.651,106933.39,0.0008,85.546712
2025-10-18 03:29:08.656,106932.0,0.0029,310.1028
2025-10-18 03:29:08.660,106932.0,0.00481,514.34292
2025-10-18 03:29:08.663,106931.99,0.00291,311.1720909
2025-10-18 03:29:08.672,106931.79,0.00543,580.6396196999999
2025-10-18 03:29:09.127,106931.78,0.02831,3027.2386917999997
2025-10-18 03:29:09.720,106931.78,0.0305,3261.41929
2025-10-18 03:29:10.130,106931.78,0.03695,3951.129271
2025-10-18 03:29:11.025,106931.78,6e-05,6.4159068
2025-10-18 03:29:11.216,106931.78,0.00477,510.0645906
2025-10-18 03:29:11.242,106931.79,0.0006,64.15907399999999
2025-10-18 03:29:11.582,106931.79,0.00011,11.7624969
2025-10-18 03:29:11.620,106931.79,0.00065,69.5056635
2025-10-18 03:29:11.661,106931.79,0.001,106.93178999999999
2025-10-18 03:29:11.699,106931.78,0.009,962.3860199999999
2025-10-18 03:29:11.700,106931.78,0.00749,800.9190322000001
2025-10-18 03:29:11.701,106931.5,6e-05,6.41589
2025-10-18 03:29:11.707,106931.42,0.00016,17.1090272
2025-10-18 03:29:11.710,106931.42,0.009,962.3827799999999
2025-10-18 03:29:12.132,106931.43,0.00936,1000.8781848
2025-10-18 03:29:12.309,106931.42,0.00248,265.1899216
2025-10-18 03:29:12.477,106931.43,0.00431,460.87446329999995
2025-10-18 03:29:12.550,106931.43,0.0006,64.158858
2025-10-18 03:29:13.059,106931.42,0.00094,100.5155348
2025-10-18 03:29:13.060,106931.17,5e-05,5.3465585
2025-10-18 03:29:13.064,106930.0,0.00151,161.4643
2025-10-18 03:29:13.411,106930.0,0.00726,776.3118
2025-10-18 03:29:13.575,106927.33,6e-05,6.4156398
2025-10-18 03:29:13.582,106927.32,0.00493,527.1516876000001
2025-10-18 03:29:13.843,106927.33,0.00916,979.4543428
2025-10-18 03:29:14.174,106927.33,0.00091,97.3038703
2025-10-18 03:29:14.427,106927.32,0.00117,125.10496440000001
2025-10-18 03:29:14.428,106927.32,0.00117,125.10496440000001
2025-10-18 03:29:14.429,106927.32,0.00196,209.5775472
2025-10-18 03:29:14.430,106927.32,0.00196,209.5775472
2025-10-18 03:29:14.431,106927.32,0.00286,305.81213520000006
2025-10-18 03:29:14.432,106927.32,0.00196,209.5775472
2025-10-18 03:29:14.433,106927.32,0.00196,209.5775472
2025-10-18 03:29:14.434,106927.32,0.00156,166.8066192
2025-10-18 03:29:14.435,106927.32,0.00156,166.8066192
2025-10-18 03:29:14.452,106927.32,0.09357,10005.189332400001
2025-10-18 03:29:14.595,106927.33,0.04675,4998.8526775
2025-10-18 03:29:14.678,106927.33,0.02261,2417.6269313000003
2025-10-18 03:29:14.714,106927.32,0.03578,3825.8595096000004
2025-10-18 03:29:15.416,106927.31,0.06369,6810.200373899999
2025-10-18 03:29:15.912,106927.32,0.08958,9578.5493256
2025-10-18 03:29:15.957,106927.32,0.00053,56.671479600000005
2025-10-18 03:29:15.984,106927.32,0.01049,1121.6675868
2025-10-18 03:29:16.112,106927.32,9e-05,9.623458800000002
2025-10-18 03:29:16.245,106927.31,0.00063,67.3642053
2025-10-18 03:29:16.362,106927.32,0.04988,5333.5347216
2025-10-18 03:29:16.393,106927.32,0.0001,10.692732000000001
2025-10-18 03:29:16.417,106927.31,0.004,427.70924
2025-10-18 03:29:16.880,106927.32,0.00173,184.98426360000002
2025-10-18 03:29:17.348,106927.31,0.00017,18.1776427
2025-10-18 03:29:17.426,106927.31,0.0391,4180.8578210000005
2025-10-18 03:29:17.505,106927.31,0.03528,3772.3954968
2025-10-18 03:29:17.759,106927.21,0.00104,111.2042984
2025-10-18 03:29:18.587,106927.22,0.03,3207.8166
2025-10-18 03:29:18.617,106927.21,0.00136,145.42100560000003
2025-10-18 03:29:18.951,106927.22,0.00061,65.22560419999999
2025-10-18 03:29:18.989,106927.22,0.08908,9525.076757600002
2025-10-18 03:29:19.591,106927.22,0.0001,10.692722
2025-10-18 03:29:19.788,106927.21,0.00068,72.71050280000001
2025-10-18 03:29:19.928,106927.21,0.0005,53.463605
2025-10-18 03:29:19.961,106927.22,1.80663,193177.9234686
2025-10-18 03:29:20.407,106927.22,0.0051,545.3288220000001
2025-10-18 03:29:20.417,106927.22,0.00131,140.0746582
2025-10-18 03:29:20.459,106927.22,0.00499,533.5668277999999
2025-10-18 03:29:20.477,106927.22,0.00057,60.9485154
2025-10-18 03:29:20.491,106927.22,0.02487,2659.2799614
2025-10-18 03:29:20.755,106927.22,9e-05,9.623449800000001
2025-10-18 03:29:20.925,106927.21,0.03039,3249.5179119000004
2025-10-18 03:29:21.138,106927.22,0.0105,1122.7358100000001
2025-10-18 03:29:21.462,106927.22,0.00085,90.888137
2025-10-18 03:29:21.465,106927.2,0.0011,117.61992000000001
2025-10-18 03:29:21.917,106927.19,0.00314,335.7513766
2025-10-18 03:29:22.105,106927.2,0.00075,80.1954
2025-10-18 03:29:22.144,106927.2,0.01291,1380.430152
2025-10-18 03:29:22.735,106927.19,0.001,106.92719000000001
2025-10-18 03:29:23.016,106927.18,0.08789,9397.8298502
2025-10-18 03:29:24.217,106927.18,0.03126,3342.5436468000003
2025-10-18 03:29:25.283,106927.08,0.0005,53.46354
2025-10-18 03:29:25.398,106927.08,0.00064,68.43333120000001
2025-10-18 03:29:26.338,106927.07,0.09357,10005.1659399
2025-10-18 03:29:26.691,106927.08,0.002,213.85416
2025-10-18 03:29:27.027,106927.07,0.00064,68.43332480000001
2025-10-18 03:29:27.417,106927.07,0.09357,10005.1659399
2025-10-18 03:29:27.520,106927.07,6e-05,6.415624200000001
2025-10-18 03:29:28.517,106927.07,0.09356,10004.096669200002
2025-10-18 03:29:28.727,106927.08,0.00437,467.2713396
2025-10-18 03:29:28.756,106927.07,0.00543,580.6139901
2025-10-18 03:29:28.888,106927.08,0.0001,10.692708000000001
2025-10-18 03:29:28.922,106927.08,0.04676,4999.9102608
2025-10-18 03:29:28.942,106927.08,0.00051,54.53281080000001
2025-10-18 03:29:29.282,106927.08,0.0001,10.692708000000001
2025-10-18 03:29:29.416,106927.08,0.0017,181.776036
2025-10-18 03:29:29.586,106927.07,0.09356,10004.096669200002
2025-10-18 03:29:29.922,106927.08,0.01448,1548.3041184
2025-10-18 03:29:30.412,106927.08,0.00503,537.8432124
2025-10-18 03:29:30.516,106927.07,0.09356,10004.096669200002
2025-10-18 03:29:31.615,106927.07,0.00403,430.9160921
2025-10-18 03:29:34.214,106927.08,0.00308,329.3354064
2025-10-18 03:29:35.061,106927.08,0.03116,3331.8478128
2025-10-18 03:29:35.447,106927.08,0.00327,349.6515516
2025-10-18 03:29:35.844,106927.08,0.0002,21.385416000000003
2025-10-18 03:29:35.878,106927.07,0.09705,10377.2721435
2025-10-18 03:29:36.578,106927.07,6e-05,6.415624200000001
2025-10-18 03:29:37.339,106927.08,0.00092,98.3729136
2025-10-18 03:29:37.340,106927.08,0.00031,33.1473948
2025-10-18 03:29:37.341,106927.08,5e-05,5.346354000000001
2025-10-18 03:29:37.586,106927.08,0.02728,2916.9707424
2025-10-18 03:29:37.818,106927.08,0.0001,10.692708000000001
2025-10-18 03:29:37.990,106927.07,0.0031,331.47391700000003
2025-10-18 03:29:38.780,106927.07,6e-05,6.415624200000001
2025-10-18 03:29:39.140,106927.08,0.001,106.92708
2025-10-18 03:29:39.425,106927.07,0.00025,26.731767500000004
2025-10-18 03:29:40.001,106927.08,0.00032,34.216665600000006
2025-10-18 03:29:40.613,106927.08,6e-05,6.415624800000001
2025-10-18 03:29:41.087,106927.08,0.00366,391.3531128
2025-10-18 03:29:41.140,106927.08,0.00109,116.5505172
2025-10-18 03:29:41.450,106927.08,0.02988,3194.9811504
2025-10-18 03:29:42.690,106927.08,0.00306,327.19686479999996
2025-10-18 03:29:42.870,106927.07,0.001,106.92707000000001
2025-10-18 03:29:43.063,106927.08,0.00887,948.4431996
2025-10-18 03:29:46.025,106927.07,0.00025,26.731767500000004
2025-10-18 03:29:46.197,106927.07,6e-05,6.415624200000001
2025-10-18 03:29:46.816,106927.08,0.00046,49.1864568
2025-10-18 03:29:47.750,106927.08,0.00093,99.4421844
2025-10-18 03:29:48.563,106927.07,0.00202,215.99268140000004
2025-10-18 03:29:48.699,106927.07,0.012,1283.1248400000002
2025-10-18 03:29:49.115,106927.07,0.29527,31572.3559589
2025-10-18 03:29:49.228,106926.76,0.00018,19.2468168
2025-10-18 03:29:49.719,106926.76,0.00029,31.0087604
2025-10-18 03:29:49.986,106926.75,0.012,1283.121
2025-10-18 03:29:50.445,106926.75,0.00043,45.9785025
2025-10-18 03:29:50.723,106926.75,0.00018,19.246815
2025-10-18 03:29:51.088,106926.75,0.012,1283.121
2025-10-18 03:29:51.918,106926.76,0.00028,29.939492799999996
2025-10-18 03:29:52.461,106926.76,0.00058,62.0175208
2025-10-18 03:29:52.625,106926.76,0.00038,40.6321688
2025-10-18 03:29:54.134,106926.76,0.00027,28.8702252
2025-10-18 03:29:54.369,106926.75,0.00077,82.3335975
2025-10-18 03:29:54.435,106926.75,0.0115,1229.657625
2025-10-18 03:29:54.996,106926.76,0.00012,12.8312112
2025-10-18 03:29:55.349,106926.76,0.00179,191.39890039999997
2025-10-18 03:29:56.671,106926.75,0.012,1283.121
2025-10-18 03:29:56.927,106926.76,0.00042,44.9092392
2025-10-18 03:29:57.031,106926.76,0.01332,1424.2644432
2025-10-18 03:29:57.034,106926.76,0.06312,6749.217091199999
2025-10-18 03:29:57.037,106926.76,0.239,25555.495639999997
2025-10-18 03:29:57.051,106931.78,0.00057,60.9511146
2025-10-18 03:29:57.064,106931.8,0.01496,1599.699728
2025-10-18 03:29:57.068,106931.8,0.00204,218.14087200000003
2025-10-18 03:29:57.075,106933.41,0.00035,37.4266935
2025-10-18 03:29:57.089,106933.42,0.0069,737.840598
2025-10-18 03:29:57.111,106937.31,0.00015,16.0405965
2025-10-18 03:29:57.701,106939.99,0.01461,1562.3932539
2025-10-18 03:29:57.887,106940.61,0.0001,10.694061000000001
2025-10-18 03:29:57.888,106941.25,6e-05,6.416475
2025-10-18 03:29:57.890,106944.5,6e-05,6.41667
2025-10-18 03:29:57.948,106944.49,1.83251,195976.84736990003
2025-10-18 03:29:58.027,106944.49,5e-05,5.3472245
2025-10-18 03:29:58.567,106949.29,8e-05,8.5559432
2025-10-18 03:29:58.773,106950.51,0.0187,1999.974537
2025-10-18 03:29:58.886,106950.52,0.01412,1510.1413424000002
2025-10-18 03:29:59.920,106950.52,0.00051,54.54476520000001
2025-10-18 03:29:59.962,106950.52,0.00074,79.1433848
2025-10-18 03:30:00.264,106950.52,0.00503,537.9611156
2025-10-18 03:30:00.268,106950.53,0.00044,47.058233200000004
2025-10-18 03:30:00.269,106955.01,5e-05,5.3477505
2025-10-18 03:30:00.270,106956.04,0.0003,32.086811999999995
2025-10-18 03:30:00.514,106956.04,5e-05,5.347802
2025-10-18 03:30:01.047,106956.04,0.02888,3088.8904352
2025-10-18 03:30:01.086,106956.04,0.00013,13.904285199999999
2025-10-18 03:30:01.481,106956.04,0.0001,10.695604
2025-10-18 03:30:01.642,106956.04,0.00014,14.973845599999997
2025-10-18 03:30:01.690,106956.04,8e-05,8.5564832
2025-10-18 03:30:02.205,106956.04,0.00021,22.4607684
2025-10-18 03:30:03.071,106956.04,0.018,1925.2087199999996
2025-10-18 03:30:03.073,106957.5,6e-05,6.4174500000000005
2025-10-18 03:30:03.135,106963.4,0.0001,10.69634
2025-10-18 03:30:03.866,106963.57,0.00163,174.35061910000002
2025-10-18 03:30:03.973,106971.14,5e-05,5.3485570000000004
2025-10-18 03:30:04.075,106971.21,0.0005,53.48560500000001
2025-10-18 03:30:04.076,106971.21,0.0002,21.394242000000002
2025-10-18 03:30:04.104,106971.21,0.00072,77.0192712
2025-10-18 03:30:04.253,106971.2,0.00093,99.483216
2025-10-18 03:30:05.502,106971.21,0.00014,14.9759694
2025-10-18 03:30:06.581,106971.2,6e-05,6.418272
2025-10-18 03:30:06.971,106971.2,0.00013,13.906255999999999
2025-10-18 03:30:07.575,106971.2,6e-05,6.418272
2025-10-18 03:30:08.173,106971.21,0.00019,20.3245299
2025-10-18 03:30:08.181,106971.21,0.00061,65.2524381
2025-10-18 03:30:09.640,106971.21,0.01113,1190.5895673
2025-10-18 03:30:10.051,106971.21,0.00047,50.2764687
2025-10-18 03:30:10.277,106971.21,0.00011,11.766833100000001
2025-10-18 03:30:10.884,106971.21,6e-05,6.418272600000001
2025-10-18 03:30:11.045,106971.21,0.00032,34.2307872
2025-10-18 03:30:11.559,106971.21,0.02632,2815.4822472
2025-10-18 03:30:12.117,106971.21,0.028,2995.1938800000003
2025-10-18 03:30:12.443,106971.2,0.00015,16.045679999999997
2025-10-18 03:30:12.789,106971.2,0.0187,2000.3614400000001
2025-10-18 03:30:12.867,106971.21,0.00155,165.8053755
2025-10-18 03:30:13.149,106971.21,6e-05,6.418272600000001
2025-10-18 03:30:13.622,106971.21,0.05608,5998.9454568
2025-10-18 03:30:13.808,106971.21,0.028,2995.1938800000003
2025-10-18 03:30:13.810,106971.21,0.0085,909.2552850000001
2025-10-18 03:30:13.812,106971.21,0.0001,10.697121000000001
2025-10-18 03:30:13.826,106973.76,0.0006,64.18425599999999
2025-10-18 03:30:13.835,106975.48,0.00461,493.15696280000003
2025-10-18 03:30:14.195,106978.21,0.0001,10.697821000000001
2025-10-18 03:30:14.197,106980.54,0.00037,39.5827998
2025-10-18 03:30:14.287,106981.9,0.00108,115.540452
2025-10-18 03:30:14.332,106981.9,0.003,320.9457
2025-10-18 03:30:14.642,106981.9,0.00934,999.2109459999999
2025-10-18 03:30:14.663,106981.9,0.00031,33.164389
2025-10-18 03:30:15.317,106981.9,9e-05,9.628371
2025-10-18 03:30:16.037,106985.93,0.00063,67.4011359
2025-10-18 03:30:16.038,106988.71,5e-05,5.3494355
2025-10-18 03:30:16.045,106989.86,0.00015,16.048479
2025-10-18 03:30:16.071,106990.14,0.01448,1549.2172272
2025-10-18 03:30:16.136,106990.14,0.00082,87.7319148
2025-10-18 03:30:16.166,106990.14,0.00167,178.6735338
2025-10-18 03:30:16.175,106990.14,0.00071,75.9629994
2025-10-18 03:30:16.180,106990.14,0.00026,27.8174364
2025-10-18 03:30:16.191,106990.14,0.00121,129.4580694
2025-10-18 03:30:16.194,106990.14,0.00156,166.9046184
2025-10-18 03:30:16.274,106990.14,0.00531,568.1176433999999
2025-10-18 03:30:16.487,106990.14,0.02805,3001.073427
2025-10-18 03:30:16.513,106990.14,0.02805,3001.073427
2025-10-18 03:30:16.518,106990.14,0.02805,3001.073427
2025-10-18 03:30:16.524,106990.14,0.02805,3001.073427
2025-10-18 03:30:16.530,106990.14,0.02805,3001.073427
2025-10-18 03:30:16.536,106990.14,0.02805,3001.073427
2025-10-18 03:30:16.543,106990.14,0.02805,3001.073427
2025-10-18 03:30:16.550,106990.14,0.02805,3001.073427
2025-10-18 03:30:16.557,106990.14,0.02805,3001.073427
2025-10-18 03:30:16.564,106990.14,0.02805,3001.073427
2025-10-18 03:30:16.571,106990.14,0.02805,3001.073427
2025-10-18 03:30:16.577,106990.14,0.02805,3001.073427
2025-10-18 03:30:16.583,106990.14,0.01458,1559.9162411999998
2025-10-18 03:30:17.046,106990.13,0.00032,34.236841600000005
2025-10-18 03:30:17.273,106990.14,0.00023,24.6077322
2025-10-18 03:30:17.606,106990.14,0.00805,861.270627
2025-10-18 03:30:17.613,106990.14,0.0056,599.144784
2025-10-18 03:30:17.614,106990.14,0.07198,7701.1502772
2025-10-18 03:30:17.769,106990.14,0.02509,2684.3826126
2025-10-18 03:30:17.926,106990.14,0.00116,124.1085624
2025-10-18 03:30:18.005,106991.12,0.00554,592.7308048
2025-10-18 03:30:18.098,106991.12,0.00554,592.7308048
2025-10-18 03:30:18.099,106991.12,0.072,7703.360639999999
2025-10-18 03:30:18.348,106991.12,0.01527,1633.7544024
2025-10-18 03:30:18.787,106991.13,0.00026,27.817693799999997
2025-10-18 03:30:19.097,106991.12,0.00479,512.4874648
2025-10-18 03:30:19.219,106991.12,0.00081,86.66280719999999
2025-10-18 03:30:19.463,106991.13,0.01452,1553.5112076
2025-10-18 03:30:19.468,106991.12,0.00237,253.5689544
2025-10-18 03:30:19.528,106991.13,0.00044,47.07609720000001
2025-10-18 03:30:19.552,106991.13,0.00015,16.0486695
2025-10-18 03:30:19.668,106991.13,0.00046,49.2159198
2025-10-18 03:30:20.118,106991.12,0.00028,29.957513599999995
2025-10-18 03:30:20.302,106991.12,0.0013,139.08845599999998
2025-10-18 03:30:20.592,106991.13,0.00963,1030.3245819
2025-10-18 03:30:20.898,106991.12,0.00016,17.1185792
2025-10-18 03:30:21.032,106991.13,0.00099,105.9212187
2025-10-18 03:30:21.033,106991.13,0.00406,434.38398780000006
2025-10-18 03:30:21.056,106991.12,0.09351,10004.739631199998
2025-10-18 03:30:21.385,106991.12,0.00061,65.26458319999999
2025-10-18 03:30:22.142,106991.12,0.0003,32.097336
2025-10-18 03:30:22.199,106991.12,0.09351,10004.739631199998
2025-10-18 03:30:22.262,106991.12,0.00044,47.0760928
2025-10-18 03:30:22.365,106991.13,0.028,2995.7516400000004
2025-10-18 03:30:22.943,106991.13,0.00047,50.2858311
2025-10-18 03:30:23.135,106991.12,0.09351,10004.739631199998
2025-10-18 03:30:23.407,106991.13,0.00082,87.7327266
2025-10-18 03:30:23.459,106991.12,0.00604,646.2263647999999
2025-10-18 03:30:24.074,106991.12,9e-05,9.6292008
2025-10-18 03:30:24.122,106991.12,0.09351,10004.739631199998
2025-10-18 03:30:24.437,106991.12,7e-05,7.489378399999999
2025-10-18 03:30:24.503,106991.13,0.00047,50.2858311
2025-10-18 03:30:24.504,106991.13,0.00047,50.2858311
2025-10-18 03:30:24.505,106991.13,0.00075,80.2433475
2025-10-18 03:30:24.655,106991.13,0.0007,74.89379100000001
2025-10-18 03:30:24.656,106991.13,0.00075,80.2433475
2025-10-18 03:30:24.657,106991.13,0.00033,35.3070729
2025-10-18 03:30:24.658,106991.13,0.00033,35.3070729
2025-10-18 03:30:24.868,106991.13,0.00026,27.817693799999997
2025-10-18 03:30:25.006,106991.13,0.02844,3042.8277372000002
2025-10-18 03:30:25.163,106991.12,0.09351,10004.739631199998
2025-10-18 03:30:25.225,106991.13,0.00047,50.2858311
2025-10-18 03:30:25.226,106991.13,0.00075,80.2433475
2025-10-18 03:30:25.227,106991.13,0.00075,80.2433475
2025-10-18 03:30:25.231,106991.13,0.00047,50.2858311
2025-10-18 03:30:25.982,106991.13,0.02649,2834.1950337000003
2025-10-18 03:30:26.149,106991.12,0.09351,10004.739631199998
2025-10-18 03:30:26.305,106991.12,0.0015,160.48668
2025-10-18 03:30:26.962,106991.12,0.00031,33.1672472
2025-10-18 03:30:27.189,106991.12,0.09351,10004.739631199998
2025-10-18 03:30:27.357,106991.12,0.00371,396.9370552
2025-10-18 03:30:27.498,106991.13,0.028,2995.7516400000004
2025-10-18 03:30:28.182,106991.13,0.00284,303.85480920000003
2025-10-18 03:30:28.316,106991.12,0.09351,10004.739631199998
2025-10-18 03:30:28.499,106991.13,0.00035,37.446895500000004
2025-10-18 03:30:28.932,106991.12,6e-05,6.4194672
2025-10-18 03:30:29.162,106991.13,0.00015,16.0486695
2025-10-18 03:30:29.338,106991.13,0.15909,17021.218871700003
2025-10-18 03:30:29.372,106991.12,0.09351,10004.739631199998
2025-10-18 03:30:29.423,106991.12,0.00532,569.1927584
2025-10-18 03:30:30.199,106991.13,0.06371,6816.404892300001
2025-10-18 03:30:30.485,106991.12,0.00043,46.0061816
2025-10-18 03:30:30.563,106991.12,0.09351,10004.739631199998
2025-10-18 03:30:30.610,106991.13,0.00095,101.6415735
2025-10-18 03:30:30.999,106991.13,0.00047,50.2858311
2025-10-18 03:30:31.224,106991.12,0.0002,21.398224
2025-10-18 03:30:31.300,106991.12,0.00018,19.2584016
2025-10-18 03:30:31.577,106991.12,0.0001,10.699112
2025-10-18 03:30:31.703,106991.12,0.09351,10004.739631199998
2025-10-18 03:30:32.285,106991.13,0.00188,201.1433244
2025-10-18 03:30:32.443,106991.13,0.00047,50.2858311
2025-10-18 03:30:32.444,106991.13,0.00024,25.677871200000002
2025-10-18 03:30:32.618,106991.13,0.0001,10.699113
2025-10-18 03:30:32.638,106991.13,0.04678,5005.0450614
2025-10-18 03:30:32.639,106991.12,0.09351,10004.739631199998
2025-10-18 03:30:33.223,106991.13,8e-05,8.559290400000002
2025-10-18 03:30:33.337,106991.13,7e-05,7.4893791
2025-10-18 03:30:33.570,106991.13,0.00015,16.0486695
2025-10-18 03:30:33.582,106991.13,0.0001,10.699113
2025-10-18 03:30:33.606,106991.12,0.09351,10004.739631199998
2025-10-18 03:30:33.682,106991.13,4e-05,4.279645200000001
2025-10-18 03:30:33.832,106991.13,7e-05,7.4893791
2025-10-18 03:30:33.918,106991.13,0.0001,10.699113
2025-10-18 03:30:34.117,106991.13,0.00019,20.328314700000004
2025-10-18 03:30:34.118,106991.13,0.00078,83.4530814
2025-10-18 03:30:34.140,106991.13,0.00255,272.82738150000006
2025-10-18 03:30:34.392,106991.13,0.00204,218.26190520000003
2025-10-18 03:30:34.715,106991.12,0.09351,10004.739631199998
2025-10-18 03:30:35.025,106991.13,0.00024,25.677871200000002
2025-10-18 03:30:35.629,106991.13,0.00331,354.14064030000003
2025-10-18 03:30:35.675,106991.12,0.0001,10.699112
2025-10-18 03:30:35.702,106991.12,0.09351,10004.739631199998
2025-10-18 03:30:35.970,106991.13,2.03148,217350.34077240003
2025-10-18 03:30:36.817,106991.12,0.09351,10004.739631199998
2025-10-18 03:30:37.333,106991.13,0.00088,94.15219440000001
2025-10-18 03:30:37.372,106991.13,0.00032,34.23716160000001
2025-10-18 03:30:37.817,106991.12,0.09351,10004.739631199998
2025-10-18 03:30:38.476,106991.12,0.00018,19.2584016
2025-10-18 03:30:38.910,106991.12,0.09351,10004.739631199998
2025-10-18 03:30:39.820,106991.13,0.0001,10.699113
2025-10-18 03:30:39.882,106991.13,0.0001,10.699113
2025-10-18 03:30:39.952,106991.12,0.09351,10004.739631199998
2025-10-18 03:30:40.220,106991.13,0.0001,10.699113
2025-10-18 03:30:40.348,106991.13,0.0001,10.699113
2025-10-18 03:30:40.817,106991.13,0.00026,27.817693799999997
2025-10-18 03:30:40.882,106991.13,0.00094,100.5716622
2025-10-18 03:30:40.982,106991.13,0.0001,10.699113
2025-10-18 03:30:40.992,106991.13,0.0001,10.699113
2025-10-18 03:30:41.017,106991.12,0.09351,10004.739631199998
2025-10-18 03:30:41.018,106991.13,0.0001,10.699113
2025-10-18 03:30:41.020,106991.13,8e-05,8.559290400000002
2025-10-18 03:30:41.032,106991.13,0.00049,52.4256537
2025-10-18 03:30:41.040,106991.13,0.00066,70.6141458
2025-10-18 03:30:41.590,106991.13,8e-05,8.559290400000002
2025-10-18 03:30:41.719,106991.12,0.00082,87.7327184
2025-10-18 03:30:41.869,106991.13,0.0001,10.699113
2025-10-18 03:30:41.938,106991.12,0.00093,99.5017416
2025-10-18 03:30:42.037,106991.13,0.00074,79.1734362
2025-10-18 03:30:42.135,106991.12,0.09351,10004.739631199998
2025-10-18 03:30:42.200,106991.13,0.0005,53.495565000000006
2025-10-18 03:30:43.171,106991.12,0.09351,10004.739631199998
2025-10-18 03:30:43.178,106991.13,0.00089,95.2221057
2025-10-18 03:30:43.597,106991.12,0.00088,94.1521856
2025-10-18 03:30:44.205,106991.12,0.09351,10004.739631199998
2025-10-18 03:30:44.904,106991.12,0.00023,24.6079576
2025-10-18 03:30:45.142,106991.12,0.09351,10004.739631199998
2025-10-18 03:30:45.256,106991.13,5e-05,5.3495565
2025-10-18 03:30:46.132,106991.12,0.09351,10004.739631199998
2025-10-18 03:30:46.272,106991.12,0.00274,293.15566879999994
2025-10-18 03:30:47.417,106991.12,0.09351,10004.739631199998
2025-10-18 03:30:48.503,106991.12,0.00599,640.8768087999999
2025-10-18 03:30:48.517,106991.12,0.09351,10004.739631199998
2025-10-18 03:30:48.783,106991.13,0.00072,77.03361360000001
2025-10-18 03:30:49.402,106991.13,0.00655,700.7919015000001
2025-10-18 03:30:49.616,106991.12,0.09351,10004.739631199998
2025-10-18 03:30:49.625,106991.12,0.00042,44.9362704
2025-10-18 03:30:50.654,106991.12,0.09351,10004.739631199998
2025-10-18 03:30:51.050,106991.13,0.00026,27.817693799999997
2025-10-18 03:30:51.282,106991.12,0.0002,21.398224
2025-10-18 03:30:51.586,106991.12,0.09351,10004.739631199998
2025-10-18 03:30:51.886,106991.12,0.00024,25.6778688
2025-10-18 03:30:52.245,106991.13,0.00047,50.2858311
2025-10-18 03:30:52.269,106991.13,0.00024,25.677871200000002
2025-10-18 03:30:52.626,106991.12,0.09351,10004.739631199998
2025-10-18 03:30:52.868,106991.13,0.00011,11.769024300000002
2025-10-18 03:30:52.906,106991.13,0.018,1925.84034
2025-10-18 03:30:52.952,106991.13,0.002,213.98226000000003
2025-10-18 03:30:53.022,106991.13,5e-05,5.3495565
2025-10-18 03:30:53.265,106991.13,0.001,106.99113000000001
2025-10-18 03:30:53.575,106991.13,7e-05,7.4893791
2025-10-18 03:30:53.764,106991.12,0.09351,10004.739631199998
2025-10-18 03:30:53.865,106991.13,0.007,748.9379100000001
2025-10-18 03:30:54.118,106991.13,0.00051,54.56547630000001
2025-10-18 03:30:54.328,106991.13,0.00664,710.4211032000001
2025-10-18 03:30:54.708,106991.13,0.00018,19.258403400000002
2025-10-18 03:30:54.959,106991.12,0.09351,10004.739631199998
2025-10-18 03:30:55.205,106991.13,0.05607,5998.9926591
2025-10-18 03:30:55.875,106991.13,0.00205,219.33181650000003
2025-10-18 03:30:56.017,106991.12,0.09351,10004.739631199998
2025-10-18 03:30:56.027,106991.13,0.00934,999.2971542
2025-10-18 03:30:56.476,106991.13,0.55416,59290.2046008
2025-10-18 03:30:57.087,106991.12,0.09351,10004.739631199998
2025-10-18 03:30:57.116,106991.13,0.00013,13.908846899999999
2025-10-18 03:30:57.483,106991.13,0.00013,13.908846899999999
2025-10-18 03:30:57.650,106991.13,0.0003,32.097339
2025-10-18 03:30:58.016,106991.12,0.09351,10004.739631199998
2025-10-18 03:30:58.703,106991.13,0.00093,99.5017509
2025-10-18 03:30:59.017,106991.12,0.09351,10004.739631199998
2025-10-18 03:30:59.145,106991.13,0.00014,14.9787582
2025-10-18 03:31:00.198,106991.12,0.09351,10004.739631199998
2025-10-18 03:31:00.264,106991.13,0.028,2995.7516400000004
2025-10-18 03:31:00.273,106991.12,0.0001,10.699112
2025-10-18 03:31:00.357,106991.13,0.00222,237.52030860000002
2025-10-18 03:31:00.853,106991.13,0.00843,901.9352259000001
2025-10-18 03:31:01.343,106991.12,0.09351,10004.739631199998
2025-10-18 03:31:01.389,106991.12,0.0187,2000.733944
2025-10-18 03:31:02.384,106991.13,0.00437,467.5512381
2025-10-18 03:31:02.487,106991.12,0.09351,10004.739631199998
2025-10-18 03:31:02.560,106991.13,0.0004,42.796452
2025-10-18 03:31:02.588,106991.13,0.0007,74.89379100000001
2025-10-18 03:31:03.313,106991.13,0.00076,81.31325880000001
2025-10-18 03:31:03.319,106991.12,0.11192,11974.4461504
2025-10-18 03:31:03.517,106991.12,0.09351,10004.739631199998
2025-10-18 03:31:04.510,106991.12,0.09351,10004.739631199998
2025-10-18 03:31:04.671,106991.13,0.00022,23.538048600000003
2025-10-18 03:31:05.199,106991.13,5e-05,5.3495565
2025-10-18 03:31:05.517,106991.12,0.09351,10004.739631199998
2025-10-18 03:31:05.855,106991.12,0.00017,18.1884904
2025-10-18 03:31:05.975,106991.12,0.00026,27.817691199999995
2025-10-18 03:31:06.217,106991.12,0.00045,48.146004
2025-10-18 03:31:06.466,106991.13,0.0148,1583.468724
2025-10-18 03:31:06.535,106991.12,0.09351,10004.739631199998
2025-10-18 03:31:06.583,106991.12,8e-05,8.5592896
2025-10-18 03:31:07.513,106991.13,0.0001,10.699113
2025-10-18 03:31:07.558,106991.12,0.09351,10004.739631199998
2025-10-18 03:31:08.489,106991.11,0.11572,12381.0112492
2025-10-18 03:31:08.491,106991.11,0.0029,310.27421899999996
2025-10-18 03:31:08.492,106991.11,0.00727,777.8253697
2025-10-18 03:31:08.493,106991.11,0.00727,777.8253697
2025-10-18 03:31:08.495,106991.11,0.0991,10602.819001
2025-10-18 03:31:08.505,106991.01,0.0015,160.486515
2025-10-18 03:31:08.506,106990.99,0.00029,31.027387100000002
2025-10-18 03:31:08.515,106990.52,0.0004,42.79620800000001
2025-10-18 03:31:08.544,106990.13,0.0019,203.281247
2025-10-18 03:31:08.555,106988.38,0.0011,117.68721800000002
2025-10-18 03:31:08.557,106987.16,0.00015,16.048074
2025-10-18 03:31:08.581,106986.12,0.00328,350.91447359999995
2025-10-18 03:31:08.700,106986.12,0.02,2139.7224
2025-10-18 03:31:09.244,106986.12,0.01121,1199.3144051999998
2025-10-18 03:31:09.335,106986.12,0.00465,497.48545799999994
2025-10-18 03:31:09.541,106986.12,0.09352,10005.3419424
2025-10-18 03:31:09.974,106986.12,0.00473,506.0443476
2025-10-18 03:31:10.330,106986.13,0.00137,146.5709981
2025-10-18 03:31:10.618,106986.12,0.09352,10005.3419424
2025-10-18 03:31:10.726,106986.13,0.00019,20.3273647
2025-10-18 03:31:11.566,106986.12,0.09352,10005.3419424
2025-10-18 03:31:11.667,106986.13,0.00325,347.7049225
2025-10-18 03:31:12.647,106986.12,0.09352,10005.3419424
2025-10-18 03:31:12.695,106986.12,0.00389,416.1760068
2025-10-18 03:31:12.718,106986.13,0.00047,50.2834811
2025-10-18 03:31:13.266,106986.13,0.0005,53.493065
2025-10-18 03:31:13.635,106986.12,0.09352,10005.3419424
2025-10-18 03:31:14.631,106986.13,0.00017,18.1876421
2025-10-18 03:31:14.673,106986.12,0.09352,10005.3419424
2025-10-18 03:31:15.000,106986.13,0.00055,58.842371500000006
2025-10-18 03:31:15.001,106986.13,0.00055,58.842371500000006
2025-10-18 03:31:15.002,106986.13,0.00076,81.3094588
2025-10-18 03:31:15.003,106986.13,0.00243,259.9762959
2025-10-18 03:31:15.004,106986.13,0.01866,1996.3611858
2025-10-18 03:31:15.005,106986.13,0.00229,244.9982377
2025-10-18 03:31:15.204,106986.13,0.03,3209.5839
2025-10-18 03:31:15.261,106986.13,0.00016,17.117780800000002
2025-10-18 03:31:15.498,106986.13,0.00186,198.9942018
2025-10-18 03:31:15.815,106986.12,0.09352,10005.3419424
2025-10-18 03:31:16.341,106986.12,0.00051,54.5629212
2025-10-18 03:31:16.396,106986.12,0.00049,52.423198799999994
2025-10-18 03:31:16.637,106986.12,0.0001,10.698612
2025-10-18 03:31:16.854,106986.12,0.09352,10005.3419424
2025-10-18 03:31:17.274,106986.13,0.01113,1190.7556269
2025-10-18 03:31:17.817,106986.12,6e-05,6.4191671999999995
2025-10-18 03:31:17.947,106986.12,0.09352,10005.3419424
2025-10-18 03:31:18.018,106986.12,0.0001,10.698612
2025-10-18 03:31:18.592,106986.12,0.00097,103.7765364
2025-10-18 03:31:18.610,106986.12,0.00247,264.2557164
2025-10-18 03:31:18.916,106986.12,0.09352,10005.3419424
2025-10-18 03:31:19.256,106986.13,0.00279,298.4913027
2025-10-18 03:31:19.479,106986.13,0.028,2995.61164
2025-10-18 03:31:20.183,106986.12,0.09352,10005.3419424
2025-10-18 03:31:20.708,106986.13,0.00058,62.051955400000004
2025-10-18 03:31:20.958,106986.12,0.39649,42418.9267188
2025-10-18 03:31:21.226,106986.12,0.09352,10005.3419424
2025-10-18 03:31:21.369,106986.13,0.0001,10.698613000000002
2025-10-18 03:31:21.570,106986.12,0.02828,3025.5674735999996
2025-10-18 03:31:22.319,106986.12,0.09352,10005.3419424
2025-10-18 03:31:23.247,106986.13,0.00047,50.2834811
2025-10-18 03:31:23.416,106986.12,0.09352,10005.3419424
2025-10-18 03:31:23.432,106986.13,0.00145,155.1298885
2025-10-18 03:31:23.496,106986.13,0.00056,59.9122328
2025-10-18 03:31:23.732,106986.13,0.00094,100.5669622
2025-10-18 03:31:23.817,106986.12,0.00071,75.9601452
2025-10-18 03:31:24.516,106986.12,0.09352,10005.3419424
2025-10-18 03:31:24.573,106986.13,0.10003,10701.8225839
2025-10-18 03:31:25.595,106986.12,0.09352,10005.3419424
2025-10-18 03:31:25.747,106986.13,0.028,2995.61164
2025-10-18 03:31:26.687,106986.12,0.09352,10005.3419424
2025-10-18 03:31:27.017,106986.12,0.00084,89.8683408
2025-10-18 03:31:27.621,106986.12,0.09352,10005.3419424
2025-10-18 03:31:27.681,106986.13,5e-05,5.349306500000001
2025-10-18 03:31:28.360,106986.13,0.001,106.98613
2025-10-18 03:31:28.370,106986.12,0.00099,105.9162588
2025-10-18 03:31:28.617,106986.12,0.09352,10005.3419424
2025-10-18 03:31:28.630,106986.12,7e-05,7.489028399999999
2025-10-18 03:31:29.189,106986.13,0.00186,198.9942018
2025-10-18 03:31:29.573,106986.13,0.10569,11307.3640797
2025-10-18 03:31:29.666,106986.13,0.00233,249.2776829
2025-10-18 03:31:29.799,106986.12,0.09352,10005.3419424
2025-10-18 03:31:30.281,106986.12,0.0007,74.890284
2025-10-18 03:31:30.556,106986.12,0.00464,496.4155968
2025-10-18 03:31:30.788,106986.12,0.09352,10005.3419424
2025-10-18 03:31:31.438,106986.12,0.00043,46.0040316
2025-10-18 03:31:31.826,106986.12,0.09352,10005.3419424
2025-10-18 03:31:32.335,106986.13,0.0006,64.191678
2025-10-18 03:31:32.731,106986.12,0.04673,4999.4613876
2025-10-18 03:31:32.752,106986.13,0.00031,33.165700300000005
2025-10-18 03:31:32.867,106986.12,0.09352,10005.3419424
2025-10-18 03:31:33.838,106986.12,0.09352,10005.3419424
2025-10-18 03:31:34.324,106986.13,0.00051,54.56292630000001
2025-10-18 03:31:34.448,106986.12,0.00188,201.1339056
2025-10-18 03:31:34.587,106986.13,0.00028,29.9561164
2025-10-18 03:31:34.665,106986.13,0.00019,20.3273647
2025-10-18 03:31:34.894,106986.12,0.09352,10005.3419424
2025-10-18 03:31:34.901,106986.12,0.00088,94.1477856
2025-10-18 03:31:35.361,106986.13,0.00934,999.2504541999999
2025-10-18 03:31:35.362,106986.13,0.028,2995.61164
2025-10-18 03:31:36.016,106986.12,0.09352,10005.3419424
2025-10-18 03:31:36.220,106986.13,0.00016,17.117780800000002
2025-10-18 03:31:37.131,106986.12,0.09352,10005.3419424
2025-10-18 03:31:38.327,106986.12,0.09352,10005.3419424
2025-10-18 03:31:38.718,106986.13,0.00024,25.6766712
2025-10-18 03:31:38.811,106986.12,0.00121,129.45320519999999
2025-10-18 03:31:39.517,106986.12,0.09352,10005.3419424
2025-10-18 03:31:39.573,106986.13,0.12468,13339.0306884
2025-10-18 03:31:39.754,106986.13,7e-05,7.4890291
2025-10-18 03:31:40.559,106986.12,0.09352,10005.3419424
2025-10-18 03:31:41.584,106986.12,7e-05,7.489028399999999
2025-10-18 03:31:41.700,106986.12,0.09352,10005.3419424
2025-10-18 03:31:42.282,106986.12,0.00015,16.047918
2025-10-18 03:31:42.795,106986.12,0.09352,10005.3419424
2025-10-18 03:31:43.877,106986.12,0.09352,10005.3419424
2025-10-18 03:31:44.575,106986.13,0.12757,13648.220604099999
2025-10-18 03:31:44.862,106986.12,0.00017,18.1876404
2025-10-18 03:31:44.917,106986.12,0.09352,10005.3419424
2025-10-18 03:31:45.915,106986.12,0.07381,7896.6455172
2025-10-18 03:31:46.462,106986.13,5e-05,5.349306500000001
2025-10-18 03:31:46.577,106986.13,0.00159,170.1079467
2025-10-18 03:31:46.955,106986.12,0.09352,10005.3419424
2025-10-18 03:31:47.024,106986.12,4e-05,4.2794448
2025-10-18 03:31:47.250,106986.13,0.00056,59.9122328
2025-10-18 03:31:47.925,106986.13,0.0467,4996.252271
2025-10-18 03:31:48.100,106986.12,0.09352,10005.3419424
2025-10-18 03:31:48.179,106986.13,0.00198,211.8325374
2025-10-18 03:31:49.116,106986.12,0.09352,10005.3419424
2025-10-18 03:31:50.187,106986.13,0.00015,16.0479195
2025-10-18 03:31:50.334,106986.12,0.09352,10005.3419424
2025-10-18 03:31:51.517,106986.12,0.09352,10005.3419424
2025-10-18 03:31:52.152,106986.13,0.00749,801.3261137000001
2025-10-18 03:31:52.182,106986.13,7e-05,7.4890291
2025-10-18 03:31:52.497,106986.12,0.00062,66.3313944
2025-10-18 03:31:52.622,106986.12,0.06963,7449.443535599999
2025-10-18 03:31:52.886,106986.12,0.0003,32.095836
2025-10-18 03:31:53.151,106986.13,8e-05,8.558890400000001
2025-10-18 03:31:53.659,106986.13,0.00031,33.165700300000005
2025-10-18 03:31:53.707,106986.12,0.02872,3072.6413663999997
2025-10-18 03:31:54.188,106986.12,0.00019,20.3273628
2025-10-18 03:31:54.242,106986.13,0.00301,322.0282513
2025-10-18 03:31:54.418,106986.12,0.0001,10.698612
2025-10-18 03:31:54.573,106986.13,0.11703,12520.5867939
2025-10-18 03:31:54.754,106986.13,0.00167,178.6668371
2025-10-18 03:31:54.898,106986.12,0.083,8879.847960000001
2025-10-18 03:31:55.451,106986.13,0.00047,50.2834811
2025-10-18 03:31:55.847,106986.13,0.00044,47.073897200000005
2025-10-18 03:31:55.848,106986.13,0.00199,212.90239870000002
2025-10-18 03:31:55.923,106986.12,0.05485,5868.188682
2025-10-18 03:31:56.915,106986.13,0.0295,3156.090835
2025-10-18 03:31:57.075,106986.12,0.06468,6919.8622416
2025-10-18 03:31:58.108,106986.12,0.04673,4999.4613876
2025-10-18 03:31:58.216,106986.12,0.023,2460.6807599999997
2025-10-18 03:31:59.303,106986.12,0.01067,1141.5419004
2025-10-18 03:31:59.437,106986.12,0.00038,40.6547256
2025-10-18 03:31:59.644,106986.13,0.00094,100.5669622
2025-10-18 03:32:00.077,106986.13,0.00187,200.0640631
2025-10-18 03:32:00.391,106986.12,0.05567,5955.9173003999995
2025-10-18 03:32:00.772,106986.12,0.00016,17.1177792
2025-10-18 03:32:01.378,106986.12,0.00851,910.4518812
2025-10-18 03:32:01.680,106986.12,0.00064,68.4711168
2025-10-18 03:32:02.362,106986.12,0.00896,958.5956351999998
2025-10-18 03:32:03.264,106986.13,0.00015,16.0479195
2025-10-18 03:32:03.416,106986.12,0.01062,1136.1925944
2025-10-18 03:32:03.613,106986.12,0.0001,10.698612
2025-10-18 03:32:04.115,106986.13,0.00047,50.2834811
2025-10-18 03:32:04.116,106986.13,0.00047,50.2834811
2025-10-18 03:32:04.117,106986.13,0.00047,50.2834811
2025-10-18 03:32:04.118,106986.13,0.00047,50.2834811
2025-10-18 03:32:04.266,106986.12,0.00711,760.6713132
2025-10-18 03:32:04.404,106986.12,0.00176,188.2955712
2025-10-18 03:32:04.417,106986.11,0.04942,5287.2535562
2025-10-18 03:32:04.573,106986.12,0.10894,11655.0679128
2025-10-18 03:32:04.948,106986.12,0.00064,68.4711168
2025-10-18 03:32:05.207,106986.11,0.0064,684.7111040000001
2025-10-18 03:32:05.340,106986.12,0.00017,18.1876404
2025-10-18 03:32:05.370,106986.11,0.03217,3441.7431586999996
2025-10-18 03:32:06.206,106986.11,0.00576,616.2399936
2025-10-18 03:32:06.416,106986.11,0.03085,3300.5214935
2025-10-18 03:32:07.198,106986.11,0.00519,555.2579109000001
2025-10-18 03:32:07.452,106986.11,0.03671,3927.4600981
2025-10-18 03:32:07.790,106986.12,0.00119,127.3134828
2025-10-18 03:32:08.222,106986.11,0.00467,499.6251337
2025-10-18 03:32:08.543,106986.11,0.03512,3757.3521831999997
2025-10-18 03:32:08.877,106986.11,0.00927,991.7612397
2025-10-18 03:32:08.883,106986.12,0.00027,28.8862524
2025-10-18 03:32:09.573,106986.12,0.09424,10082.3719488
2025-10-18 03:32:09.616,106986.11,0.06576,7035.4065936
2025-10-18 03:32:10.712,106986.11,0.00067,71.6806937
2025-10-18 03:32:10.717,106986.11,0.03583,3833.3123213
2025-10-18 03:32:11.578,106986.11,5e-05,5.349305500000001
2025-10-18 03:32:11.810,106986.11,0.03508,3753.0727388
2025-10-18 03:32:11.862,106986.12,0.0001,10.698612
2025-10-18 03:32:12.457,106986.11,0.00439,469.66902289999996
2025-10-18 03:32:12.904,106986.11,0.06658,7123.1352038
2025-10-18 03:32:12.968,106986.12,0.01309,1400.4483108
2025-10-18 03:32:13.816,106986.11,0.03651,3906.0628761000003
2025-10-18 03:32:14.013,106986.12,0.00566,605.5414392
2025-10-18 03:32:14.817,106986.11,0.01359,1453.9412349
2025-10-18 03:32:15.010,106986.12,0.02987,3195.6754044
2025-10-18 03:32:16.116,106986.11,0.09352,10005.3410072
2025-10-18 03:32:16.556,106986.12,0.00038,40.6547256
2025-10-18 03:32:16.569,106986.12,0.00019,20.3273628
2025-10-18 03:32:16.733,106986.12,0.00122,130.52306639999998
2025-10-18 03:32:16.737,106986.12,0.0001,10.698612
2025-10-18 03:32:16.755,106986.12,0.028,2995.61136
2025-10-18 03:32:16.823,106986.12,0.0037,395.848644
2025-10-18 03:32:16.833,106986.11,0.00022,23.5369442
2025-10-18 03:32:16.839,106986.12,8e-05,8.5588896
2025-10-18 03:32:16.854,106986.12,0.01696,1814.4845951999998
2025-10-18 03:32:16.975,106986.11,0.02272,2430.7244192000003
2025-10-18 03:32:16.985,106986.12,0.00094,100.5669528
2025-10-18 03:32:16.990,106986.12,0.0006,64.191672
2025-10-18 03:32:17.086,106986.12,0.00529,565.9565748
2025-10-18 03:32:17.087,106986.12,0.06676,7142.3933712
2025-10-18 03:32:17.137,106986.12,0.00024,25.676668799999998
2025-10-18 03:32:17.155,106986.11,0.09352,10005.3410072
2025-10-18 03:32:17.190,106986.12,0.00083,88.7984796
2025-10-18 03:32:17.234,106986.12,0.00057,60.982088399999995
2025-10-18 03:32:17.248,106986.12,0.00094,100.5669528
2025-10-18 03:32:17.374,106986.12,0.0001,10.698612
2025-10-18 03:32:17.484,106986.11,0.00554,592.7030493999999
2025-10-18 03:32:17.485,106986.11,0.07205,7708.3492255
2025-10-18 03:32:17.599,106986.11,0.00988,1057.0227668
2025-10-18 03:32:17.607,106986.11,0.02895,3097.2478845
2025-10-18 03:32:17.682,106986.12,0.00019,20.3273628
2025-10-18 03:32:17.683,106986.12,0.00094,100.5669528
2025-10-18 03:32:17.720,106986.12,0.00024,25.676668799999998
2025-10-18 03:32:17.881,106986.11,0.00068,72.7505548
2025-10-18 03:32:17.914,106986.12,0.00242,258.90641039999997
2025-10-18 03:32:17.920,106986.12,0.00019,20.3273628
2025-10-18 03:32:18.143,106986.11,0.09352,10005.3410072
2025-10-18 03:32:18.483,106986.12,0.01006,1076.2803672
2025-10-18 03:32:18.839,106986.12,0.00075,80.23958999999999
2025-10-18 03:32:18.982,106986.12,0.00015,16.047918
2025-10-18 03:32:19.113,106986.12,0.0001,10.698612
2025-10-18 03:32:19.192,106986.12,8e-05,8.5588896
2025-10-18 03:32:19.275,106986.12,0.0001,10.698612
2025-10-18 03:32:19.286,106986.11,0.09352,10005.3410072
2025-10-18 03:32:20.223,106986.11,0.09352,10005.3410072
2025-10-18 03:32:21.075,106986.11,0.00011,11.7684721
2025-10-18 03:32:21.208,106986.12,0.00077,82.37931239999999
2025-10-18 03:32:21.366,106986.11,0.09352,10005.3410072
2025-10-18 03:32:22.418,106986.12,0.00024,25.676668799999998
2025-10-18 03:32:22.613,106986.11,0.0026,278.163886
2025-10-18 03:32:22.770,106986.12,0.00066,70.6108392
2025-10-18 03:32:23.488,106986.12,9e-05,9.6287508
2025-10-18 03:32:23.681,106986.12,0.00027,28.8862524
2025-10-18 03:32:23.925,106986.12,0.00555,593.772966
2025-10-18 03:32:24.293,106986.11,0.00116,124.10388760000001
2025-10-18 03:32:24.294,106986.11,0.00115,123.0340265
2025-10-18 03:32:24.318,106986.11,0.00026,27.816388599999996
2025-10-18 03:32:24.547,106986.12,0.00047,50.2834764
2025-10-18 03:32:24.573,106986.12,0.08272,8849.8918464
2025-10-18 03:32:24.917,106986.12,0.001,106.98612
2025-10-18 03:32:25.084,106986.12,0.01955,2091.578646
2025-10-18 03:32:25.098,106986.12,0.01954,2090.5087848
2025-10-18 03:32:25.123,106986.12,0.01166,1247.4581592
2025-10-18 03:32:25.138,106986.12,0.028,2995.61136
2025-10-18 03:32:25.261,106986.12,0.07161,7661.276053199999
2025-10-18 03:32:25.263,106986.12,0.00362,387.2897544
2025-10-18 03:32:25.265,106986.13,0.00265,283.51324450000004
2025-10-18 03:32:25.332,106986.13,0.0001,10.698613000000002
2025-10-18 03:32:25.440,106986.13,0.0002,21.397226000000003
2025-10-18 03:32:26.443,106986.13,0.00048,51.3533424
2025-10-18 03:32:26.657,106986.12,0.00086,92.0080632
2025-10-18 03:32:26.820,106986.12,0.00652,697.5495023999999
2025-10-18 03:32:26.821,106986.12,0.00058,62.0519496
2025-10-18 03:32:26.822,106986.12,0.00055,58.842366
2025-10-18 03:32:26.931,106986.13,0.01167,1248.5281371
2025-10-18 03:32:27.614,106986.13,0.00023,24.606809900000002
2025-10-18 03:32:28.076,106986.13,8e-05,8.558890400000001
2025-10-18 03:32:28.094,106986.13,0.0083,887.9848790000001
2025-10-18 03:32:28.667,106986.13,0.01035,1107.3064455
2025-10-18 03:32:29.573,106986.13,0.09952,10647.2596576
2025-10-18 03:32:30.529,106986.13,0.00068,72.7505684
2025-10-18 03:32:30.590,106986.13,0.00019,20.3273647
2025-10-18 03:32:31.327,106986.12,0.0041,438.643092
2025-10-18 03:32:32.383,106986.13,0.00771,824.8630623
2025-10-18 03:32:33.768,106986.13,5e-05,5.349306500000001
2025-10-18 03:32:33.813,106986.12,0.00105,112.33542599999998
2025-10-18 03:32:33.844,106986.13,0.00101,108.05599130000002
2025-10-18 03:32:34.573,106986.13,0.03958,4234.5110254
2025-10-18 03:32:34.903,106986.13,0.00135,144.43127550000003
2025-10-18 03:32:35.111,106986.13,9e-05,9.6287517
2025-10-18 03:32:35.544,106986.13,0.00161,172.2476693
2025-10-18 03:32:35.559,106986.12,0.00645,690.060474
2025-10-18 03:32:35.732,106986.13,0.01275,1364.0731575
2025-10-18 03:32:36.081,106986.13,0.00046,49.213619800000004
2025-10-18 03:32:36.576,106986.12,0.0001,10.698612
2025-10-18 03:32:36.782,106986.12,0.00186,198.9941832
2025-10-18 03:32:37.118,106986.13,0.00018,19.2575034
2025-10-18 03:32:37.427,106986.13,0.00186,198.9942018
2025-10-18 03:32:37.466,106986.13,0.00049,52.4232037
2025-10-18 03:32:37.671,106986.13,0.00348,372.31173240000004
2025-10-18 03:32:38.794,106986.12,0.012,1283.8334399999999
2025-10-18 03:32:38.795,106986.12,0.012,1283.8334399999999
2025-10-18 03:32:39.206,106986.12,0.00472,504.9744864
2025-10-18 03:32:39.215,106986.12,0.00014,14.978056799999997
2025-10-18 03:32:39.956,106986.13,0.00161,172.2476693
2025-10-18 03:32:40.233,106986.12,0.03283,3512.3543195999996
2025-10-18 03:32:40.764,106986.13,0.02578,2758.1024314
2025-10-18 03:32:41.080,106986.13,0.00055,58.842371500000006
2025-10-18 03:32:41.120,106986.13,0.00934,999.2504541999999
2025-10-18 03:32:41.178,106986.12,0.0019,203.273628
2025-10-18 03:32:42.025,106986.12,0.00064,68.4711168
2025-10-18 03:32:43.214,106986.13,0.00918,982.1326734000002
2025-10-18 03:32:43.835,106986.13,0.00058,62.051955400000004
2025-10-18 03:32:44.869,106986.13,0.00061,65.2615393
2025-10-18 03:32:45.299,106986.13,0.00022,23.536948600000002
2025-10-18 03:32:45.502,106986.12,0.00018,19.2575016
2025-10-18 03:32:46.175,106986.13,0.00047,50.2834811
2025-10-18 03:32:46.249,106986.13,5e-05,5.349306500000001
2025-10-18 03:32:46.995,106986.13,0.015,1604.79195
2025-10-18 03:32:47.440,106986.13,0.00028,29.9561164
2025-10-18 03:32:47.527,106986.13,0.00049,52.4232037
2025-10-18 03:32:47.890,106986.12,0.00056,59.91222719999999
2025-10-18 03:32:47.980,106986.13,0.013,1390.81969
2025-10-18 03:32:48.179,106986.13,0.00161,172.2476693
2025-10-18 03:32:49.390,106986.13,0.00098,104.8464074
2025-10-18 03:32:49.576,106986.12,0.00376,402.2678112
2025-10-18 03:32:49.803,106986.12,0.0009,96.28750799999999
2025-10-18 03:32:50.064,106986.13,0.00046,49.213619800000004
2025-10-18 03:32:50.483,106986.12,0.00035,37.445142
2025-10-18 03:32:51.006,106986.13,0.00233,249.2776829
2025-10-18 03:32:52.149,106986.13,0.028,2995.61164
2025-10-18 03:32:52.332,106986.13,0.00044,47.073897200000005
2025-10-18 03:32:52.513,106986.13,8e-05,8.558890400000001
2025-10-18 03:32:54.635,106986.13,0.0001,10.698613000000002
2025-10-18 03:32:54.665,106986.13,0.00161,172.2476693
2025-10-18 03:32:55.175,106986.13,0.00019,20.3273647
2025-10-18 03:32:55.639,106986.13,0.00327,349.8446451
2025-10-18 03:32:55.669,106986.13,0.00748,800.2562524
2025-10-18 03:32:55.967,106986.13,0.00046,49.213619800000004
2025-10-18 03:32:56.429,106986.12,0.00017,18.1876404
2025-10-18 03:32:56.500,106986.13,0.00109,116.61488170000001
2025-10-18 03:32:58.121,106986.13,0.00093,99.4971009
2025-10-18 03:32:58.570,106986.13,0.00446,477.1581398000001
2025-10-18 03:32:58.664,106986.13,0.00467,499.62522709999996
2025-10-18 03:32:59.090,106986.13,0.028,2995.61164
2025-10-18 03:33:00.291,106986.13,0.00016,17.117780800000002
2025-10-18 03:33:01.340,106986.13,0.00162,173.3175306
2025-10-18 03:33:01.363,106986.13,0.0001,10.698613000000002
2025-10-18 03:33:02.174,106986.12,0.012,1283.8334399999999
2025-10-18 03:33:02.175,106986.12,0.012,1283.8334399999999
2025-10-18 03:33:02.176,106986.12,0.012,1283.8334399999999
2025-10-18 03:33:02.582,106986.13,0.01383,1479.6181779
2025-10-18 03:33:03.352,106986.12,0.0001,10.698612
2025-10-18 03:33:03.533,106986.12,8e-05,8.5588896
2025-10-18 03:33:03.671,106986.13,0.00224,239.6489312
2025-10-18 03:33:03.819,106986.12,7e-05,7.489028399999999
2025-10-18 03:33:04.060,106986.13,0.00014,14.9780582
2025-10-18 03:33:05.110,106986.13,0.0006,64.191678
2025-10-18 03:33:05.511,106986.13,0.00013,13.9081969
2025-10-18 03:33:06.112,106986.12,0.00566,605.5414392
2025-10-18 03:33:06.571,106986.13,0.00467,499.62522709999996
2025-10-18 03:33:06.743,106986.12,0.00935,1000.3202220000001
2025-10-18 03:33:06.906,106986.12,0.07569,8097.779422799999
2025-10-18 03:33:06.910,106986.12,0.012,1283.8334399999999
2025-10-18 03:33:06.911,106986.12,0.012,1283.8334399999999
2025-10-18 03:33:06.912,106986.12,0.012,1283.8334399999999
2025-10-18 03:33:06.932,106986.12,0.45983,49195.4275596
2025-10-18 03:33:06.935,106985.67,0.01939,2074.4521413
2025-10-18 03:33:06.938,106985.67,0.00886,947.8930362
2025-10-18 03:33:06.939,106985.0,6e-05,6.4191
2025-10-18 03:33:06.941,106982.56,5e-05,5.349128
2025-10-18 03:33:06.944,106981.85,0.05072,5426.119432
2025-10-18 03:33:06.947,106981.85,0.00872,932.881732
2025-10-18 03:33:06.951,106980.49,0.0014,149.772686
2025-10-18 03:33:06.957,106976.5,0.00016,17.11624
2025-10-18 03:33:06.992,106976.5,0.0003,32.092949999999995
2025-10-18 03:33:06.998,106976.5,0.00436,466.41754000000003
2025-10-18 03:33:07.000,106975.43,0.00768,821.5713023999999
2025-10-18 03:33:07.004,106974.6,0.00116,124.09053600000001
2025-10-18 03:33:07.007,106972.68,0.00015,16.045901999999998
2025-10-18 03:33:07.010,106971.45,3e-05,3.2091435
2025-10-18 03:33:07.012,106971.45,0.04812,5147.466174
2025-10-18 03:33:07.013,106971.21,0.00235,251.38234350000002
2025-10-18 03:33:07.014,106970.11,0.06989,7476.140987899999
2025-10-18 03:33:08.997,106970.12,0.0012,128.36414399999998
2025-10-18 03:33:09.308,106970.12,0.00034,36.3698408
2025-10-18 03:33:10.496,106970.12,0.00121,129.43384519999998
2025-10-18 03:33:11.570,106970.12,0.00048,51.345657599999996
2025-10-18 03:33:11.577,106970.11,8e-05,8.5576088
2025-10-18 03:33:12.625,106970.12,0.00121,129.43384519999998
2025-10-18 03:33:12.966,106970.11,0.00692,740.2331612
2025-10-18 03:33:13.871,106970.12,0.00121,129.43384519999998
2025-10-18 03:33:13.932,106970.11,0.00033,35.3001363
2025-10-18 03:33:14.595,106970.12,0.00339,362.6287068
2025-10-18 03:33:15.745,106970.12,0.00106,113.38832719999999
2025-10-18 03:33:15.892,106970.12,0.00842,900.6884104
2025-10-18 03:33:16.266,106970.12,0.0001,10.697012
2025-10-18 03:33:17.035,106970.12,0.04675,5000.85311
2025-10-18 03:33:18.023,106970.12,0.00039,41.7183468
2025-10-18 03:33:19.170,106970.12,0.00102,109.1095224
2025-10-18 03:33:19.720,106970.12,0.0005,53.48506
2025-10-18 03:33:20.030,106970.12,0.00056,59.903267199999995
2025-10-18 03:33:20.220,106970.12,0.00093,99.4822116
2025-10-18 03:33:20.573,106970.12,7e-05,7.487908399999999
2025-10-18 03:33:20.653,106970.11,0.06178,6608.6133958
2025-10-18 03:33:20.955,106970.12,0.00093,99.4822116
2025-10-18 03:33:21.280,106970.12,0.00793,848.2730515999999
2025-10-18 03:33:21.316,106970.11,0.09353,10004.9143883
2025-10-18 03:33:22.386,106970.11,0.09353,10004.9143883
2025-10-18 03:33:22.792,106970.11,0.00215,229.9857365
2025-10-18 03:33:22.859,106970.12,0.0092,984.125104
2025-10-18 03:33:23.427,106970.11,0.09353,10004.9143883
2025-10-18 03:33:23.505,106970.11,0.00022,23.533424200000002
2025-10-18 03:33:23.781,106970.11,0.00014,14.975815399999998
2025-10-18 03:33:24.467,106970.11,0.09353,10004.9143883
2025-10-18 03:33:24.762,106970.11,0.10091,10794.3538001
2025-10-18 03:33:24.882,106970.12,7e-05,7.487908399999999
2025-10-18 03:33:25.252,106970.12,0.0009,96.273108
2025-10-18 03:33:25.502,106970.11,0.09353,10004.9143883
2025-10-18 03:33:25.862,106970.12,0.00952,1018.3555424
2025-10-18 03:33:26.487,106970.11,0.09353,10004.9143883
2025-10-18 03:33:26.677,106970.12,0.00956,1022.6343472000001
2025-10-18 03:33:26.700,106970.11,0.01404,1501.8603444
2025-10-18 03:33:27.016,106970.12,0.00077,82.36699239999999
2025-10-18 03:33:27.143,106970.12,0.00014,14.975816799999999
2025-10-18 03:33:27.408,106970.12,0.0001,10.697012
2025-10-18 03:33:27.414,106970.12,0.00094,100.5519128
2025-10-18 03:33:27.517,106970.11,0.09353,10004.9143883
2025-10-18 03:33:27.531,106970.11,0.0075,802.2758249999999
2025-10-18 03:33:27.630,106970.12,4e-05,4.2788048000000005
2025-10-18 03:33:27.645,106970.11,0.00029,31.0213319
2025-10-18 03:33:28.067,106970.12,0.00091,97.34280919999999
2025-10-18 03:33:28.348,106970.11,0.00511,546.6172621
2025-10-18 03:33:28.443,106970.12,0.00014,14.975816799999999
2025-10-18 03:33:28.511,106970.11,0.09353,10004.9143883
2025-10-18 03:33:29.552,106970.11,0.09353,10004.9143883
2025-10-18 03:33:29.973,106970.12,0.06472,6923.1061664
2025-10-18 03:33:29.974,106970.12,0.04341,4643.572909199999
2025-10-18 03:33:29.978,106970.12,1.33991,143330.33348919998
2025-10-18 03:33:29.979,106976.53,0.00561,600.1383333
2025-10-18 03:33:30.015,106982.56,0.0028,299.551168
2025-10-18 03:33:30.018,106982.56,7e-05,7.488779199999999
2025-10-18 03:33:30.048,106982.57,0.00135,144.42646950000002
2025-10-18 03:33:30.049,106985.81,0.0001,10.698581
2025-10-18 03:33:30.110,106986.14,0.00239,255.69687460000003
2025-10-18 03:33:30.112,106986.14,0.00078,83.44918919999999
2025-10-18 03:33:30.113,106986.75,6e-05,6.419205
2025-10-18 03:33:30.689,106986.98,0.09351,10004.3524998
2025-10-18 03:33:31.671,106986.98,0.09351,10004.3524998
2025-10-18 03:33:32.003,106986.98,0.00475,508.188155
2025-10-18 03:33:32.655,106986.98,0.09351,10004.3524998
2025-10-18 03:33:32.888,106986.99,0.00186,198.99580140000003
2025-10-18 03:33:33.102,106986.99,0.00077,82.3799823
2025-10-18 03:33:33.260,106986.98,8e-05,8.5589584
2025-10-18 03:33:33.576,106986.99,6e-05,6.4192194
2025-10-18 03:33:33.649,106986.99,0.00064,68.4716736
2025-10-18 03:33:33.797,106986.98,0.09351,10004.3524998
2025-10-18 03:33:34.816,106986.98,0.09351,10004.3524998
2025-10-18 03:33:35.354,106986.99,0.00018,19.2576582
2025-10-18 03:33:35.619,106986.99,0.00094,100.5677706
2025-10-18 03:33:35.816,106986.98,0.09351,10004.3524998
2025-10-18 03:33:36.444,106986.99,0.00187,200.0656713
2025-10-18 03:33:37.017,106986.98,0.09351,10004.3524998
2025-10-18 03:33:37.345,106986.99,9e-05,9.6288291
2025-10-18 03:33:38.000,106986.98,0.09351,10004.3524998
2025-10-18 03:33:38.594,106986.99,0.028,2995.63572
2025-10-18 03:33:39.116,106986.98,0.09351,10004.3524998
2025-10-18 03:33:39.454,106986.98,0.00019,20.3275262
2025-10-18 03:33:39.628,106986.98,0.00031,33.1659638
2025-10-18 03:33:39.670,106986.99,0.00029,31.026227100000003
2025-10-18 03:33:39.680,106986.99,0.00035,37.4454465
2025-10-18 03:33:39.820,106986.99,0.06446,6896.3813754
2025-10-18 03:33:40.054,106986.99,0.00181,193.64645190000002
2025-10-18 03:33:40.165,106986.99,0.00039,41.724926100000005
2025-10-18 03:33:40.183,106986.98,0.09351,10004.3524998
2025-10-18 03:33:40.312,106986.98,0.03526,3772.3609148
2025-10-18 03:33:41.120,106986.98,0.09351,10004.3524998
2025-10-18 03:33:42.363,106986.98,0.09351,10004.3524998
2025-10-18 03:33:42.738,106986.98,0.3023,32342.164054
2025-10-18 03:33:42.740,106986.11,0.0001,10.698611000000001
2025-10-18 03:33:42.743,106985.93,0.0003,32.09577899999999
2025-10-18 03:33:42.757,106985.25,0.00165,176.5256625
2025-10-18 03:33:43.453,106984.78,0.00458,489.9902924
2025-10-18 03:33:44.020,106984.79,0.0003,32.095437
2025-10-18 03:33:44.546,106984.78,0.01242,1328.7509676
2025-10-18 03:33:45.251,106984.78,0.00483,516.7364874
2025-10-18 03:33:45.612,106984.78,6e-05,6.4190868000000005
2025-10-18 03:33:45.744,106984.78,0.06742,7212.913867599999
2025-10-18 03:33:46.103,106984.79,5e-05,5.3492395
2025-10-18 03:33:46.887,106984.78,0.09352,10005.2166256
2025-10-18 03:33:47.816,106984.78,0.06083,6507.8841674000005
2025-10-18 03:33:47.915,106984.79,0.00934,999.2379385999999
2025-10-18 03:33:48.571,106984.79,0.00046,49.2130034
2025-10-18 03:33:48.816,106984.78,0.05288,5657.355166400001
2025-10-18 03:33:49.816,106984.78,0.09352,10005.2166256
2025-10-18 03:33:50.733,106984.79,0.00028,29.955741199999995
2025-10-18 03:33:50.896,106984.78,0.09352,10005.2166256
2025-10-18 03:33:51.109,106984.78,0.00033,35.3049774
2025-10-18 03:33:51.568,106984.79,4e-05,4.2793916
2025-10-18 03:33:51.576,106984.78,8e-05,8.5587824
2025-10-18 03:33:51.664,106984.78,0.00047,50.2828466
2025-10-18 03:33:51.916,106984.78,0.09352,10005.2166256
2025-10-18 03:33:52.408,106984.78,0.00029,31.0255862
2025-10-18 03:33:52.963,106984.78,0.09352,10005.2166256
2025-10-18 03:33:54.003,106984.78,0.09352,10005.2166256
2025-10-18 03:33:54.861,106984.79,0.028,2995.5741199999998
2025-10-18 03:33:55.016,106984.78,0.09352,10005.2166256
2025-10-18 03:33:55.404,106984.79,0.00021,22.4668059
2025-10-18 03:33:55.650,106984.79,0.00115,123.03250849999999
2025-10-18 03:33:56.117,106984.78,0.09352,10005.2166256
2025-10-18 03:33:56.776,106984.78,0.00028,29.955738399999998
2025-10-18 03:33:57.383,106984.78,0.09352,10005.2166256
2025-10-18 03:33:57.984,106984.79,0.00186,198.9917094
2025-10-18 03:33:58.647,106984.79,0.0757,8098.748603
2025-10-18 03:33:58.649,106984.78,0.00016,17.1175648
2025-10-18 03:33:58.683,106984.78,0.09352,10005.2166256
2025-10-18 03:33:58.781,106984.78,5e-05,5.349239
2025-10-18 03:33:58.974,106984.78,0.00069,73.8194982
2025-10-18 03:33:59.817,106984.78,0.09352,10005.2166256
2025-10-18 03:33:59.986,106984.79,0.00044,47.0733076
2025-10-18 03:34:00.334,106984.78,0.00051,54.562237800000005
2025-10-18 03:34:00.621,106984.79,0.0001,10.698479
2025-10-18 03:34:00.658,106984.78,0.00121,129.45158379999998
2025-10-18 03:34:00.863,106984.78,0.09352,10005.2166256
2025-10-18 03:34:00.972,106984.79,0.00218,233.2268422
2025-10-18 03:34:01.072,106984.79,0.028,2995.5741199999998
2025-10-18 03:34:01.081,106984.79,0.00023,24.6065017
2025-10-18 03:34:01.544,106984.79,0.00934,999.2379385999999
2025-10-18 03:34:01.835,106984.79,0.028,2995.5741199999998
2025-10-18 03:34:01.837,106984.79,0.01118,1196.0899522
2025-10-18 03:34:01.876,106984.79,0.0881,9425.359998999998
2025-10-18 03:34:01.878,106984.91,0.0001,10.698491
2025-10-18 03:34:01.881,106986.99,0.00294,314.5417506
2025-10-18 03:34:01.883,106987.0,0.04568,4887.16616
2025-10-18 03:34:01.884,106987.0,0.0009,96.28829999999999
2025-10-18 03:34:01.886,106987.01,0.00045,48.1441545
2025-10-18 03:34:01.888,106990.0,0.03754,4016.4046
2025-10-18 03:34:01.891,106991.13,0.04692,5020.023819600001
2025-10-18 03:34:01.894,106991.13,0.0002,21.398226
2025-10-18 03:34:01.895,106991.25,0.09351,10004.7517875
2025-10-18 03:34:01.897,106992.0,0.0028,299.5776
2025-10-18 03:34:01.901,106992.32,0.0003,32.097696
2025-10-18 03:34:02.691,106992.31,0.00016,17.1187696
2025-10-18 03:34:02.922,106992.31,0.09351,10004.8509081
2025-10-18 03:34:02.958,106992.32,0.02523,2699.4162336
2025-10-18 03:34:03.570,106992.32,0.00047,50.2863904
2025-10-18 03:34:03.815,106998.29,6e-05,6.4198974
2025-10-18 03:34:03.819,107000.0,0.01337,1430.59
2025-10-18 03:34:04.004,106999.99,0.09351,10005.5690649
2025-10-18 03:34:04.149,107000.0,0.00011,11.77
2025-10-18 03:34:04.485,107000.0,0.0002,21.400000000000002
2025-10-18 03:34:04.538,107000.0,0.00101,108.07000000000001
2025-10-18 03:34:05.217,106999.99,0.09351,10005.5690649
2025-10-18 03:34:05.973,107000.0,0.00027,28.89
2025-10-18 03:34:06.282,106999.99,0.0935,10004.499065
2025-10-18 03:34:06.670,107000.0,8e-05,8.56
2025-10-18 03:34:07.323,106999.99,0.0935,10004.499065
2025-10-18 03:34:08.047,106999.99,0.0011,117.69998900000002
2025-10-18 03:34:08.568,106999.99,0.0935,10004.499065
2025-10-18 03:34:09.022,107000.0,0.00852,911.64
2025-10-18 03:34:09.042,107000.0,0.23608,25260.56
2025-10-18 03:34:09.084,107000.0,0.028,2996.0
2025-10-18 03:34:09.209,107000.0,0.02352,2516.64
2025-10-18 03:34:09.217,107000.0,0.00439,469.72999999999996
2025-10-18 03:34:09.254,107000.0,0.12707,13596.489999999998
2025-10-18 03:34:09.255,107000.0,0.06078,6503.46
2025-10-18 03:34:09.256,107000.0,0.41466,44368.619999999995
2025-10-18 03:34:09.257,107000.0,0.2176,23283.199999999997
2025-10-18 03:34:09.258,107000.43,0.0001,10.700042999999999
2025-10-18 03:34:09.259,107002.0,0.00285,304.95570000000004
2025-10-18 03:34:09.260,107004.01,0.0001,10.700401
2025-10-18 03:34:09.261,107005.22,5e-05,5.350261000000001
2025-10-18 03:34:09.262,107005.21,6e-05,6.420312600000001
2025-10-18 03:34:09.266,107011.78,0.0007,74.908246
2025-10-18 03:34:09.267,107016.53,6e-05,6.4209918
2025-10-18 03:34:09.280,107016.53,0.08484,9079.2824052
2025-10-18 03:34:09.402,107016.53,6e-05,6.4209918
2025-10-18 03:34:09.547,107016.52,0.09349,10004.9744548
2025-10-18 03:34:10.534,107016.52,0.09349,10004.9744548
2025-10-18 03:34:10.707,107016.53,0.00111,118.78834830000001
2025-10-18 03:34:11.349,107016.53,0.00073,78.1220669
2025-10-18 03:34:11.519,107016.52,0.09349,10004.9744548
2025-10-18 03:34:11.816,107016.53,0.0013,139.121489
2025-10-18 03:34:12.713,107016.52,0.09349,10004.9744548
2025-10-18 03:34:13.210,107016.53,0.00316,338.1722348
2025-10-18 03:34:13.648,107016.52,5e-05,5.3508260000000005
2025-10-18 03:34:13.904,107016.52,0.09349,10004.9744548
2025-10-18 03:34:14.448,107016.53,0.00089,95.2447117
2025-10-18 03:34:15.017,107016.52,0.09349,10004.9744548
2025-10-18 03:34:15.134,107016.53,0.01496,1600.9672888
2025-10-18 03:34:15.170,107016.53,0.00093,99.52537290000001
2025-10-18 03:34:15.332,107016.53,0.00088,94.1745464
2025-10-18 03:34:15.432,107016.52,0.0001,10.701652000000001
2025-10-18 03:34:15.720,107016.53,0.002,214.03306
2025-10-18 03:34:15.806,107016.53,0.028,2996.46284
2025-10-18 03:34:16.117,107016.52,0.09349,10004.9744548
2025-10-18 03:34:16.389,107016.53,0.00094,100.5955382
2025-10-18 03:34:16.524,107016.53,0.00029,31.0347937
2025-10-18 03:34:16.620,107016.53,0.00016,17.1226448
2025-10-18 03:34:16.625,107016.53,0.00038,40.6662814
2025-10-18 03:34:16.727,107016.53,0.00128,136.9811584
2025-10-18 03:34:16.762,107016.53,7e-05,7.4911571
2025-10-18 03:34:16.863,107016.53,0.00038,40.6662814
2025-10-18 03:34:16.913,107016.53,0.00018,19.262975400000002
2025-10-18 03:34:17.092,107016.53,0.00061,65.2800833
2025-10-18 03:34:17.209,107016.52,0.09348,10003.9042896
2025-10-18 03:34:17.225,107016.53,0.0001,10.701653
2025-10-18 03:34:17.262,107016.53,8e-05,8.5613224
2025-10-18 03:34:17.729,107016.53,0.02346,2510.6077938000003
2025-10-18 03:34:17.885,107016.53,0.00019,20.3331407
2025-10-18 03:34:17.917,107016.53,0.00022,23.5436366
2025-10-18 03:34:18.031,107016.53,0.0001,10.701653
2025-10-18 03:34:18.211,107016.53,0.00018,19.262975400000002
2025-10-18 03:34:18.219,107016.53,0.00234,250.4186802
2025-10-18 03:34:18.293,107016.52,0.09348,10003.9042896
2025-10-18 03:34:18.310,107016.53,0.00094,100.5955382
2025-10-18 03:34:18.370,107016.53,0.00337,360.64570610000004
2025-10-18 03:34:18.371,107017.83,0.0001,10.701783
2025-10-18 03:34:18.374,107018.0,6e-05,6.42108
2025-10-18 03:34:18.376,107018.0,0.00068,72.77224000000001
2025-10-18 03:34:18.510,107017.99,0.0005,53.508995000000006
2025-10-18 03:34:18.598,107018.0,7e-05,7.49126
2025-10-18 03:34:18.639,107018.0,0.00108,115.57944
2025-10-18 03:34:18.640,107020.01,0.0001,10.702001
2025-10-18 03:34:18.642,107022.22,5e-05,5.351111
2025-10-18 03:34:18.643,107028.0,0.0028,299.6784
2025-10-18 03:34:18.644,107030.0,6e-05,6.4218
2025-10-18 03:34:18.647,107030.5,0.00875,936.5168750000001
2025-10-18 03:34:18.651,107030.5,6e-05,6.42183
2025-10-18 03:34:18.661,107030.5,0.00934,999.66487
2025-10-18 03:34:18.672,107030.5,0.00935,1000.735175
2025-10-18 03:34:18.697,107030.5,0.00052,55.65586
2025-10-18 03:34:18.701,107030.5,0.00882,944.00901
2025-10-18 03:34:18.762,107030.5,7e-05,7.492134999999999
2025-10-18 03:34:19.429,107030.49,0.09347,10004.1399003
2025-10-18 03:34:20.197,107030.49,0.00017,18.195183300000004
2025-10-18 03:34:20.296,107030.5,0.00012,12.84366
2025-10-18 03:34:20.377,107030.49,0.0005,53.51524500000001
2025-10-18 03:34:20.418,107030.49,0.09347,10004.1399003
2025-10-18 03:34:21.190,107030.49,0.00018,19.265488200000004
2025-10-18 03:34:21.576,107030.49,6e-05,6.421829400000001
2025-10-18 03:34:21.583,107030.49,0.09347,10004.1399003
2025-10-18 03:34:21.640,107030.5,0.00011,11.773355
2025-10-18 03:34:21.735,107030.5,0.005,535.1525
2025-10-18 03:34:22.716,107030.49,0.09347,10004.1399003
2025-10-18 03:34:23.247,107012.88,1.68297,180099.46665360001
2025-10-18 03:34:23.707,107021.84,0.01403,1501.5164152
2025-10-18 03:34:23.771,107021.85,0.00019,20.3341515
2025-10-18 03:34:23.817,107021.84,0.09348,10004.401603199998
2025-10-18 03:34:24.190,107021.85,0.01495,1599.9766575
2025-10-18 03:34:24.603,107021.84,9e-05,9.631965600000001
2025-10-18 03:34:24.637,107021.85,0.00017,18.193714500000002
2025-10-18 03:34:24.654,107021.85,0.00056,59.932235999999996
2025-10-18 03:34:24.817,107021.84,0.08838,9458.5902192
2025-10-18 03:34:25.362,107021.85,0.10184,10899.105204000001
2025-10-18 03:34:25.470,107021.85,0.00019,20.3341515
2025-10-18 03:34:25.532,107021.85,0.0001,10.702185000000002
2025-10-18 03:34:25.724,107021.85,0.0001,10.702185000000002
2025-10-18 03:34:26.317,107021.84,0.09348,10004.401603199998
2025-10-18 03:34:26.522,107021.85,0.00104,111.302724
2025-10-18 03:34:27.062,107021.85,0.00057,61.0024545
2025-10-18 03:34:27.465,107021.84,0.09348,10004.401603199998
2025-10-18 03:34:27.687,107021.84,0.00211,225.81608239999997
2025-10-18 03:34:27.842,107021.82,0.00017,18.193709400000003
2025-10-18 03:34:27.845,107021.82,6e-05,6.4213092000000005
2025-10-18 03:34:27.881,107021.83,0.00011,11.7724013
2025-10-18 03:34:28.104,107021.82,0.002,214.04364
2025-10-18 03:34:28.205,107021.82,0.00108,115.58356560000001
2025-10-18 03:34:28.208,107021.7,6e-05,6.421302
2025-10-18 03:34:28.716,107021.7,0.0027,288.95859
2025-10-18 03:34:29.132,107021.7,0.02925,3130.384725
2025-10-18 03:34:29.144,107021.69,0.00209,223.6753321
2025-10-18 03:34:29.150,107018.58,0.0001,10.701858000000001
2025-10-18 03:34:29.154,107018.53,0.00165,176.58057449999998
2025-10-18 03:34:29.207,107018.52,0.00352,376.70519040000005
2025-10-18 03:34:29.226,107016.86,0.00188,201.1916968
2025-10-18 03:34:29.515,107016.86,0.00246,263.2614756
2025-10-18 03:34:29.744,107016.85,0.00011,11.7718535
2025-10-18 03:34:30.204,107016.85,0.00594,635.6800890000001
2025-10-18 03:34:30.208,107016.83,6e-05,6.4210098
2025-10-18 03:34:30.311,107016.83,0.00202,216.1739966
2025-10-18 03:34:30.317,107016.82,0.0016,171.22691200000003
2025-10-18 03:34:30.949,107016.82,0.04672,4999.8258304
2025-10-18 03:34:31.186,107016.82,0.00253,270.75255460000005
2025-10-18 03:34:31.200,107016.81,0.00695,743.7668295
2025-10-18 03:34:31.402,107016.79,0.00216,231.1562664
2025-10-18 03:34:31.460,107016.8,0.00162,173.36721599999998
2025-10-18 03:34:32.320,107016.8,0.00033,35.315544
2025-10-18 03:34:32.517,107016.79,0.09349,10004.9996971
2025-10-18 03:34:32.672,107016.79,0.0053,567.188987
2025-10-18 03:34:32.926,107016.79,0.00023,24.613861699999998
2025-10-18 03:34:33.618,107016.79,0.09349,10004.9996971
2025-10-18 03:34:34.816,107016.79,0.09349,10004.9996971
2025-10-18 03:34:34.820,107016.8,0.00225,240.78779999999998
2025-10-18 03:34:34.908,107016.8,0.00011,11.771848
2025-10-18 03:34:35.012,107016.8,0.00062,66.350416
2025-10-18 03:34:35.216,107016.79,0.0433,4633.827007
2025-10-18 03:34:35.631,107016.54,0.00093,99.5253822
2025-10-18 03:34:35.828,107016.53,0.09349,10004.975389700001
2025-10-18 03:34:36.212,107016.53,0.0001,10.701653
2025-10-18 03:34:36.569,107016.54,0.00054,57.7889316
2025-10-18 03:34:36.773,107016.54,0.00017,18.1928118
2025-10-18 03:34:36.916,107016.53,0.09348,10003.9052244
2025-10-18 03:34:36.969,107016.54,0.02934,3139.8652836
2025-10-18 03:34:37.101,107016.54,0.0199,2129.6291459999998
2025-10-18 03:34:37.103,107016.56,0.0001,10.701656
2025-10-18 03:34:37.107,107016.7,0.0017,181.92838999999998
2025-10-18 03:34:37.108,107018.54,0.00015,16.052780999999996
2025-10-18 03:34:37.148,107021.09,0.0001,10.702109
2025-10-18 03:34:37.163,107026.16,0.00233,249.37095280000003
2025-10-18 03:34:37.169,107030.39,0.0001,10.703039
2025-10-18 03:34:37.215,107036.0,0.0028,299.7008
2025-10-18 03:34:37.219,107040.61,6e-05,6.4224366
2025-10-18 03:34:37.220,107040.61,0.0096,1027.5898559999998
2025-10-18 03:34:37.253,107040.6,0.00121,129.519126
2025-10-18 03:34:37.695,107040.61,0.00093,99.5477673
2025-10-18 03:34:37.815,107040.61,0.001,107.04061
2025-10-18 03:34:38.116,107040.6,0.09347,10005.084882000001
2025-10-18 03:34:38.281,107040.61,0.00153,163.77213329999998
2025-10-18 03:34:38.374,107040.61,0.00376,402.4726936
2025-10-18 03:34:38.413,107040.61,0.00105,112.3926405
2025-10-18 03:34:38.738,107040.6,0.002,214.08120000000002
2025-10-18 03:34:38.823,107040.61,0.00077,82.4212697
2025-10-18 03:34:38.917,107040.61,0.00028,29.9713708
2025-10-18 03:34:39.192,107040.6,0.09347,10005.084882000001
2025-10-18 03:34:39.377,107040.61,0.00036,38.5346196
2025-10-18 03:34:39.935,107040.61,0.00048,51.3794928
2025-10-18 03:34:40.331,107040.6,0.09347,10005.084882000001
2025-10-18 03:34:40.661,107040.61,9e-05,9.6336549
2025-10-18 03:34:41.125,107040.6,9e-05,9.633654000000002
2025-10-18 03:34:41.189,107040.61,0.0005,53.520305
2025-10-18 03:34:41.317,107040.6,0.09347,10005.084882000001
2025-10-18 03:34:41.493,107040.61,0.00029,31.041776900000002
2025-10-18 03:34:41.547,107040.6,0.00017,18.196902
2025-10-18 03:34:41.902,107040.61,4e-05,4.2816244
2025-10-18 03:34:42.353,107040.6,0.09347,10005.084882000001
2025-10-18 03:34:43.193,107040.61,0.00103,110.25182830000001
2025-10-18 03:34:43.547,107040.6,0.09347,10005.084882000001
2025-10-18 03:34:43.652,107040.61,0.00094,100.6181734
2025-10-18 03:34:44.483,107040.61,0.01015,1086.4621915
2025-10-18 03:34:44.672,107040.6,0.09347,10005.084882000001
2025-10-18 03:34:44.962,107040.61,0.00026,27.830558599999996
2025-10-18 03:34:45.500,107040.6,0.00099,105.970194
2025-10-18 03:34:45.617,107040.6,0.09347,10005.084882000001
2025-10-18 03:34:46.137,107040.61,0.00794,849.9024433999999
2025-10-18 03:34:46.166,107040.6,6e-05,6.422436
2025-10-18 03:34:46.289,107040.61,0.00056,59.9427416
2025-10-18 03:34:46.578,107040.6,9e-05,9.633654000000002
2025-10-18 03:34:46.716,107040.6,0.09347,10005.084882000001
2025-10-18 03:34:46.763,107040.61,0.01,1070.4061
2025-10-18 03:34:47.082,107040.61,0.015,1605.60915
2025-10-18 03:34:47.188,107040.61,0.003,321.12183
2025-10-18 03:34:47.655,107040.6,0.09347,10005.084882000001
2025-10-18 03:34:47.720,107040.61,0.00033,35.3234013
2025-10-18 03:34:48.695,107040.6,0.09347,10005.084882000001
2025-10-18 03:34:49.025,107040.61,0.00017,18.1969037
2025-10-18 03:34:49.726,107040.61,0.02872,3074.2063192
2025-10-18 03:34:49.786,107040.6,0.09347,10005.084882000001
2025-10-18 03:34:50.397,107040.61,0.017,1819.69037
2025-10-18 03:34:50.455,107040.61,0.01,1070.4061
2025-10-18 03:34:50.469,107040.61,0.001,107.04061
2025-10-18 03:34:50.717,107040.6,0.09347,10005.084882000001
2025-10-18 03:34:51.814,107040.6,0.09347,10005.084882000001
2025-10-18 03:34:51.833,107040.61,0.00029,31.041776900000002
2025-10-18 03:34:51.996,107040.61,0.1572,16826.783892
2025-10-18 03:34:51.998,107043.47,0.00071,76.0008637
2025-10-18 03:34:52.002,107047.03,0.0056,599.463368
2025-10-18 03:34:52.008,107051.72,9e-05,9.6346548
2025-10-18 03:34:52.009,107053.54,0.04671,5000.4708534
2025-10-18 03:34:52.037,107053.55,0.00035,37.4687425
2025-10-18 03:34:52.038,107053.66,0.06384,6834.305654399999
2025-10-18 03:34:52.075,107058.35,0.00847,906.7842245
2025-10-18 03:34:52.312,107058.35,0.00067,71.7290945
2025-10-18 03:34:52.452,107058.34,0.00017,18.1999178
2025-10-18 03:34:52.630,107058.35,0.00296,316.892716
2025-10-18 03:34:52.718,107058.34,0.00094,100.63483959999999
2025-10-18 03:34:52.845,107058.35,0.01033,1105.9127555000002
2025-10-18 03:34:53.023,107058.34,0.09346,10005.6724564
2025-10-18 03:34:53.733,107058.35,0.00061,65.3055935
2025-10-18 03:34:54.023,107058.34,0.00286,306.1868524
2025-10-18 03:34:54.035,107058.34,0.09346,10005.6724564
2025-10-18 03:34:54.150,107058.35,0.01496,1601.592916
2025-10-18 03:34:54.934,107058.35,0.028,2997.6338
2025-10-18 03:34:55.117,107058.34,0.09345,10004.601873
2025-10-18 03:34:55.580,107060.24,0.0001,10.706024000000001
2025-10-18 03:34:55.581,107064.1,0.00031,33.189871000000004
2025-10-18 03:34:55.582,107067.79,0.00122,130.62270379999998
2025-10-18 03:34:55.586,107071.12,5e-05,5.353556
2025-10-18 03:34:55.589,107072.0,0.0014,149.9008
2025-10-18 03:34:55.593,107073.55,0.00221,236.63254550000002
2025-10-18 03:34:55.594,107077.52,0.00015,16.061628
2025-10-18 03:34:55.599,107080.0,0.00173,185.2484
2025-10-18 03:34:55.604,107080.0,0.00281,300.8948
2025-10-18 03:34:55.644,107077.25,5e-05,5.3538625
2025-10-18 03:34:55.645,107077.25,0.00093,99.58184250000001
2025-10-18 03:34:55.648,107079.44,0.0188,2013.093472
2025-10-18 03:34:55.659,107077.26,5e-05,5.353863
2025-10-18 03:34:55.663,107079.43,0.00015,16.061914499999997
2025-10-18 03:34:55.664,107079.55,0.00015,16.061932499999998
2025-10-18 03:34:55.700,107079.63,0.01184,1267.8228192000001
2025-10-18 03:34:55.702,107079.63,0.01089,1166.0971707
2025-10-18 03:34:55.704,107079.63,0.01308,1400.6015604
2025-10-18 03:34:55.706,107079.63,0.00987,1056.8759481000002
2025-10-18 03:34:55.707,107079.63,0.00344,368.3539272
2025-10-18 03:34:55.710,107079.62,0.0013,139.20350599999998
2025-10-18 03:34:55.714,107079.63,0.00934,1000.1237441999999
2025-10-18 03:34:55.718,107079.63,0.00795,851.2830585
2025-10-18 03:34:55.721,107079.63,0.01436,1537.6634868
2025-10-18 03:34:55.725,107079.63,0.03615,3870.9286245000003
2025-10-18 03:34:55.727,107079.63,0.03593,3847.3711058999997
2025-10-18 03:34:55.731,107079.63,0.03502,3749.9286426000003
2025-10-18 03:34:55.732,107079.63,0.00487,521.4777981000001
2025-10-18 03:34:55.733,107079.63,0.02309,2472.4686567
2025-10-18 03:34:55.736,107079.63,0.00234,250.56633420000003
2025-10-18 03:34:55.746,107079.63,0.23878,25568.4740514
2025-10-18 03:34:55.747,107079.63,0.00246,263.4158898
2025-10-18 03:34:55.750,107079.63,0.00289,309.46013070000004
2025-10-18 03:34:55.769,107079.63,0.00431,461.5132053
2025-10-18 03:34:55.778,107079.63,0.00031,33.1946853
2025-10-18 03:34:55.780,107079.64,0.001,107.07964
2025-10-18 03:34:55.840,107079.63,0.00162,173.4690006
2025-10-18 03:34:56.017,107079.63,0.01,1070.7963
2025-10-18 03:34:56.027,107079.62,0.01,1070.7962
2025-10-18 03:34:56.117,107079.62,0.09343,10004.448896599999
2025-10-18 03:34:56.937,107079.62,0.00094,100.6548428
2025-10-18 03:34:57.117,107079.62,0.09343,10004.448896599999
2025-10-18 03:34:57.179,107079.63,0.00935,1001.1945405000001
2025-10-18 03:34:57.250,107079.63,0.00051,54.61061130000001
2025-10-18 03:34:57.448,107079.63,0.0007,74.955741
2025-10-18 03:34:58.096,107079.62,0.00467,500.0618253999999
2025-10-18 03:34:58.214,107079.62,0.09343,10004.448896599999
2025-10-18 03:34:58.262,107079.63,9e-05,9.637166700000002
2025-10-18 03:34:58.670,107079.62,6e-05,6.4247772
2025-10-18 03:34:58.849,107079.63,0.00111,118.85838930000001
2025-10-18 03:34:59.411,107079.62,0.09343,10004.448896599999
2025-10-18 03:34:59.507,107079.63,0.00017,18.203537100000002
2025-10-18 03:34:59.737,107079.63,0.00776,830.9379288000001
2025-10-18 03:35:00.373,107079.62,0.00467,500.0618253999999
2025-10-18 03:35:00.516,107079.62,0.09343,10004.448896599999
2025-10-18 03:35:00.525,107079.63,0.00019,20.3451297
2025-10-18 03:35:00.669,107079.62,0.00467,500.0618253999999
2025-10-18 03:35:00.742,107079.63,0.00019,20.3451297
2025-10-18 03:35:01.018,107079.63,6e-05,6.4247778
2025-10-18 03:35:01.027,107079.62,0.00036,38.5486632
2025-10-18 03:35:01.063,107079.63,0.00073,78.1681299
2025-10-18 03:35:01.537,107079.62,0.09343,10004.448896599999
2025-10-18 03:35:01.608,107079.63,0.0015,160.619445
2025-10-18 03:35:01.865,107079.63,0.00013,13.9203519
2025-10-18 03:35:01.949,107079.62,0.0002,21.415924
2025-10-18 03:35:02.031,107079.62,0.00467,500.0618253999999
2025-10-18 03:35:02.597,107079.63,0.028,2998.22964
2025-10-18 03:35:02.617,107079.62,0.09343,10004.448896599999
2025-10-18 03:35:02.894,107079.63,0.00056,59.9645928
2025-10-18 03:35:02.912,107079.62,0.00034,36.4070708
2025-10-18 03:35:03.199,107079.62,0.00017,18.2035354
2025-10-18 03:35:03.717,107079.62,0.09343,10004.448896599999
2025-10-18 03:35:04.401,107079.62,0.0001,10.707962
2025-10-18 03:35:04.707,107079.62,0.09343,10004.448896599999
2025-10-18 03:35:05.749,107079.62,0.00012,12.8495544
2025-10-18 03:35:05.816,107079.62,0.09343,10004.448896599999
2025-10-18 03:35:06.072,107079.62,0.00467,500.0618253999999
2025-10-18 03:35:06.422,107079.63,0.00011,11.7787593
2025-10-18 03:35:06.995,107079.62,0.09343,10004.448896599999
2025-10-18 03:35:07.133,107079.62,0.00467,500.0618253999999
2025-10-18 03:35:07.497,107079.62,0.00436,466.8671432
2025-10-18 03:35:07.976,107079.63,0.0007,74.955741
2025-10-18 03:35:08.117,107079.62,0.09343,10004.448896599999
2025-10-18 03:35:08.223,107079.62,0.00028,29.982293599999995
2025-10-18 03:35:09.220,107079.63,0.02992,3203.8225296
2025-10-18 03:35:09.271,107079.62,0.09343,10004.448896599999
2025-10-18 03:35:09.502,107079.63,0.00017,18.203537100000002
2025-10-18 03:35:10.259,107079.62,0.09343,10004.448896599999
2025-10-18 03:35:10.507,107079.63,0.00334,357.64596420000004
2025-10-18 03:35:10.633,107079.62,0.00527,564.3095974
2025-10-18 03:35:10.841,107079.63,0.00077,82.4513151
2025-10-18 03:35:11.257,107079.63,0.02947,3155.6366961
2025-10-18 03:35:11.285,107079.63,0.00024,25.6991112
2025-10-18 03:35:11.353,107079.62,0.08688,9303.0773856
2025-10-18 03:35:11.445,107079.63,0.00564,603.9291132000001
2025-10-18 03:35:11.954,107079.62,7e-05,7.495573399999999
2025-10-18 03:35:12.313,107079.62,0.14224,15231.005148799999
2025-10-18 03:35:12.314,107074.11,0.00015,16.061116499999997
2025-10-18 03:35:12.323,107071.2,0.03388,3627.572256
2025-10-18 03:35:12.324,107071.19,0.00933,998.9742027
2025-10-18 03:35:12.329,107071.19,0.012,1284.85428
2025-10-18 03:35:12.331,107071.19,9e-05,9.636407100000001
2025-10-18 03:35:12.351,107071.19,0.012,1284.85428
2025-10-18 03:35:12.357,107071.19,0.012,1284.85428
2025-10-18 03:35:12.367,107071.19,0.00934,1000.0449146
2025-10-18 03:35:12.415,107071.19,0.0068,728.0840919999999
2025-10-18 03:35:12.416,107071.19,0.0004,42.828476
2025-10-18 03:35:12.699,107071.18,0.00017,18.2021006
2025-10-18 03:35:13.096,107071.19,8e-05,8.5656952
2025-10-18 03:35:13.435,107071.19,0.00283,303.0114677
2025-10-18 03:35:13.515,107071.18,0.09345,10005.801771
2025-10-18 03:35:13.931,107071.19,0.0026,278.385094
2025-10-18 03:35:14.517,107071.18,0.09345,10005.801771
2025-10-18 03:35:15.598,107071.18,5e-05,5.353559
2025-10-18 03:35:15.694,107071.18,0.00533,570.6893894
2025-10-18 03:35:16.200,107069.14,0.01536,1644.5819904
2025-10-18 03:35:16.351,107069.15,0.00214,229.12798099999998
2025-10-18 03:35:16.577,107069.15,0.00022,23.555213
2025-10-18 03:35:16.681,107069.14,0.08551,9155.482161400001
2025-10-18 03:35:17.207,107069.14,0.01951,2088.9189214
2025-10-18 03:35:17.209,107069.15,0.00363,388.66101449999996
2025-10-18 03:35:17.315,107069.14,0.00259,277.3090726
2025-10-18 03:35:17.317,107069.12,5e-05,5.353456
2025-10-18 03:35:17.919,107068.94,0.00024,25.6965456
2025-10-18 03:35:18.224,107068.94,0.01756,1880.1305863999999
2025-10-18 03:35:18.422,107068.95,0.00564,603.868878
2025-10-18 03:35:18.630,107068.95,0.00017,18.2017215
2025-10-18 03:35:18.857,107068.95,0.00262,280.520649
2025-10-18 03:35:19.070,107068.94,0.0028,299.793032
2025-10-18 03:35:19.217,107068.94,0.0028,299.793032
2025-10-18 03:35:19.484,107068.94,0.012,1284.82728
2025-10-18 03:35:19.485,107068.94,0.012,1284.82728
2025-10-18 03:35:19.487,107068.94,0.012,1284.82728
2025-10-18 03:35:19.538,107068.95,5e-05,5.3534475
2025-10-18 03:35:20.204,107068.94,0.0158,1691.6892520000001
2025-10-18 03:35:21.138,107068.95,0.00085,91.0086075
2025-10-18 03:35:21.216,107068.94,0.01422,1522.5203268
2025-10-18 03:35:21.397,107068.95,0.00093,99.5741235
2025-10-18 03:35:21.510,107068.94,0.09345,10005.592443000001
2025-10-18 03:35:21.562,107068.94,0.00031,33.1913714
2025-10-18 03:35:21.577,107068.94,6e-05,6.4241364
2025-10-18 03:35:21.588,107068.95,0.028,2997.9306
2025-10-18 03:35:21.650,107068.95,0.00024,25.696548
2025-10-18 03:35:21.797,107068.95,0.00024,25.696548
2025-10-18 03:35:21.983,107068.95,0.00466,498.941307
2025-10-18 03:35:22.067,107068.95,0.01026,1098.527427
2025-10-18 03:35:22.132,107068.94,0.00017,18.201719800000003
2025-10-18 03:35:22.212,107068.94,0.003,321.20682
2025-10-18 03:35:22.219,107068.94,0.0128,1370.482432
2025-10-18 03:35:22.443,107068.94,0.00054,57.8172276
2025-10-18 03:35:22.783,107068.94,8e-05,8.5655152
2025-10-18 03:35:22.786,107068.94,0.00048,51.3930912
2025-10-18 03:35:22.793,107066.49,0.00015,16.059973499999998
2025-10-18 03:35:22.796,107067.42,0.00065,69.593823
2025-10-18 03:35:22.803,107065.61,0.03285,3517.1052885
2025-10-18 03:35:22.805,107065.6,0.00025,26.7664
2025-10-18 03:35:22.818,107064.75,0.00026,27.836834999999997
2025-10-18 03:35:22.823,107063.96,0.012,1284.76752
2025-10-18 03:35:22.824,107063.96,0.00661,707.6927756000001
2025-10-18 03:35:22.853,107063.62,0.00068,72.8032616
2025-10-18 03:35:22.942,107063.62,0.00322,344.7448564
2025-10-18 03:35:23.224,107063.59,0.0002,21.412718
2025-10-18 03:35:23.350,107062.51,0.20742,22206.9058242
2025-10-18 03:35:23.475,107062.5,0.09345,10004.990625
2025-10-18 03:35:24.051,107062.5,0.00017,18.200625000000002
2025-10-18 03:35:24.126,107062.5,0.00102,109.20375000000001
2025-10-18 03:35:24.196,107062.5,0.01107,1185.181875
2025-10-18 03:35:24.411,107060.48,0.00752,805.0948096
2025-10-18 03:35:24.684,107058.35,0.011,1177.64185
2025-10-18 03:35:25.259,107058.36,0.00093,99.5642748
2025-10-18 03:35:25.325,107058.36,0.00019,20.3410884
2025-10-18 03:35:25.329,107058.36,0.00162,173.43454319999998
2025-10-18 03:35:25.509,107058.35,0.09345,10004.602807500001
2025-10-18 03:35:26.298,107058.36,0.09361,10021.7330796
2025-10-18 03:35:26.542,107058.35,0.09345,10004.602807500001
2025-10-18 03:35:26.579,107058.35,0.03324,3558.619554
2025-10-18 03:35:27.206,107058.35,0.00809,866.1020515
2025-10-18 03:35:27.466,107058.35,0.012,1284.7002
2025-10-18 03:35:27.467,107058.35,0.012,1284.7002
2025-10-18 03:35:27.468,107058.35,0.012,1284.7002
2025-10-18 03:35:27.636,107058.35,0.09346,10005.673391
2025-10-18 03:35:27.638,107058.24,0.00772,826.4896128
2025-10-18 03:35:27.639,107058.01,0.00015,16.058701499999998
2025-10-18 03:35:27.640,107055.63,0.00015,16.0583445
2025-10-18 03:35:27.642,107055.05,0.0002,21.41101
2025-10-18 03:35:27.643,107054.9,0.00752,805.0528479999999
2025-10-18 03:35:27.644,107052.89,0.03694,3954.5337566
2025-10-18 03:35:27.713,107052.56,0.00046,49.2441776
2025-10-18 03:35:27.889,107052.55,0.00215,230.1629825
2025-10-18 03:35:27.891,107051.75,6e-05,6.4231050000000005
2025-10-18 03:35:27.894,107051.08,0.0009,96.345972
2025-10-18 03:35:27.900,107049.36,0.00081,86.70998159999999
2025-10-18 03:35:28.115,107049.35,0.00256,274.04633600000005
2025-10-18 03:35:28.220,107049.18,0.0012,128.459016
2025-10-18 03:35:28.566,107046.14,0.00026,27.831996399999998
2025-10-18 03:35:28.618,107046.13,0.09346,10004.5313098
2025-10-18 03:35:29.038,107046.14,0.00017,18.1978438
2025-10-18 03:35:29.326,107046.14,0.00016,17.127382400000002
2025-10-18 03:35:29.655,107046.13,0.09346,10004.5313098
2025-10-18 03:35:29.759,107046.13,0.00045,48.1707585
2025-10-18 03:35:30.214,107046.13,0.00792,847.8053496
2025-10-18 03:35:30.550,107046.14,0.05998,6420.6274772
2025-10-18 03:35:30.552,107046.14,1.71273,183341.1353622
2025-10-18 03:35:30.559,107046.99,0.20158,21578.532244200003
2025-10-18 03:35:30.560,107047.0,0.005,535.235
2025-10-18 03:35:30.561,107047.0,0.07395,7916.12565
2025-10-18 03:35:30.562,107047.0,0.00246,263.33562
2025-10-18 03:35:30.563,107047.0,0.00812,869.2216400000001
2025-10-18 03:35:30.564,107047.0,0.03692,3952.17524
2025-10-18 03:35:30.565,107047.0,0.004,428.188
2025-10-18 03:35:30.566,107049.19,0.00015,16.0573785
2025-10-18 03:35:30.568,107049.21,0.06023,6447.5739183000005
2025-10-18 03:35:30.573,107049.2,0.01947,2084.2479240000002
2025-10-18 03:35:30.574,107049.2,0.0165,1766.3118
2025-10-18 03:35:30.596,107049.2,0.02208,2363.646336
2025-10-18 03:35:30.598,107049.2,0.00355,380.02466000000004
2025-10-18 03:35:30.617,107049.19,0.09346,10004.8172974
2025-10-18 03:35:30.626,107049.2,0.028,2997.3776
2025-10-18 03:35:30.642,107049.2,0.001,107.0492
2025-10-18 03:35:30.934,107056.84,0.00673,720.4925331999999
2025-10-18 03:35:31.817,107056.83,0.09345,10004.460763500001
2025-10-18 03:35:32.212,107056.84,0.00012,12.8468208
2025-10-18 03:35:32.391,107056.83,0.00017,18.1996611
2025-10-18 03:35:32.695,107056.84,0.00139,148.8090076
2025-10-18 03:35:32.917,107056.83,0.09345,10004.460763500001
2025-10-18 03:35:33.341,107056.83,0.0054,578.106882
2025-10-18 03:35:34.016,107056.83,0.09345,10004.460763500001
2025-10-18 03:35:34.074,107056.83,0.00016,17.129092800000002
2025-10-18 03:35:34.793,107056.83,0.00207,221.60763809999997
2025-10-18 03:35:35.051,107056.83,0.09345,10004.460763500001
2025-10-18 03:35:35.209,107056.83,0.00647,692.6576901
2025-10-18 03:35:35.373,107056.84,0.0095,1017.0399799999999
2025-10-18 03:35:36.089,107056.83,0.09345,10004.460763500001
2025-10-18 03:35:36.192,107056.84,0.00102,109.1979768
2025-10-18 03:35:36.262,107056.84,0.0011,117.762524
2025-10-18 03:35:36.360,107056.84,0.00041,43.8933044
2025-10-18 03:35:36.577,107056.83,0.00098,104.9156934
2025-10-18 03:35:37.173,107056.83,0.09345,10004.460763500001
2025-10-18 03:35:37.483,107056.84,0.00017,18.199662800000002
2025-10-18 03:35:37.985,107056.84,0.00055,58.881262
2025-10-18 03:35:38.214,107056.83,0.09345,10004.460763500001
2025-10-18 03:35:39.216,107056.83,0.09345,10004.460763500001
2025-10-18 03:35:39.331,107056.84,0.0003,32.117051999999994
2025-10-18 03:35:39.567,107056.84,0.0015,160.58526
2025-10-18 03:35:40.218,107056.83,0.09345,10004.460763500001
2025-10-18 03:35:40.733,107056.83,0.09,9635.1147
2025-10-18 03:35:40.909,107056.84,0.00389,416.45110759999994
2025-10-18 03:35:40.953,107056.83,0.00017,18.1996611
2025-10-18 03:35:41.483,107056.83,0.09345,10004.460763500001
2025-10-18 03:35:41.862,107056.83,0.00938,1004.1930653999999
2025-10-18 03:35:42.138,107056.84,0.00039,41.7521676
2025-10-18 03:35:42.517,107056.83,0.09345,10004.460763500001
2025-10-18 03:35:43.507,107056.83,0.09345,10004.460763500001
2025-10-18 03:35:44.023,107056.83,7e-05,7.4939781
2025-10-18 03:35:44.617,107056.83,0.09345,10004.460763500001
2025-10-18 03:35:45.743,107056.83,0.09345,10004.460763500001
2025-10-18 03:35:46.577,107056.83,9e-05,9.6351147
2025-10-18 03:35:46.817,107056.83,0.09345,10004.460763500001
2025-10-18 03:35:46.927,107056.84,0.00017,18.199662800000002
2025-10-18 03:35:47.817,107056.83,0.09345,10004.460763500001
2025-10-18 03:35:48.383,107056.84,0.00049,52.4578516
2025-10-18 03:35:48.808,107056.83,0.09345,10004.460763500001
2025-10-18 03:35:49.055,107056.84,0.00062,66.3752408
2025-10-18 03:35:49.848,107056.83,0.09345,10004.460763500001
2025-10-18 03:35:50.501,107056.83,9e-05,9.6351147
2025-10-18 03:35:50.535,107056.84,0.0089,952.805876
2025-10-18 03:35:50.917,107056.83,0.09345,10004.460763500001
2025-10-18 03:35:51.237,107056.83,0.0011,117.76251300000001
2025-10-18 03:35:51.918,107056.83,0.09345,10004.460763500001
2025-10-18 03:35:52.869,107056.84,7e-05,7.493978799999999
2025-10-18 03:35:52.917,107056.83,0.09345,10004.460763500001
2025-10-18 03:35:53.217,107056.84,0.01,1070.5683999999999
2025-10-18 03:35:53.985,107056.84,0.02978,3188.1526952
2025-10-18 03:35:54.017,107056.83,0.09345,10004.460763500001
2025-10-18 03:35:54.132,107056.83,0.00012,12.8468196
2025-10-18 03:35:54.389,107056.83,0.00017,18.1996611
2025-10-18 03:35:54.721,107056.83,0.01072,1147.6492176000002
2025-10-18 03:35:55.017,107056.83,0.09345,10004.460763500001
2025-10-18 03:35:55.081,107056.84,0.0061,653.046724
2025-10-18 03:35:55.164,107056.84,0.00064,68.5163776
2025-10-18 03:35:55.188,107056.83,0.00093,99.56285190000001
2025-10-18 03:35:55.518,107056.84,0.00014,14.987957599999998
2025-10-18 03:35:56.136,107056.83,0.09345,10004.460763500001
2025-10-18 03:35:56.464,107056.84,0.00024,25.6936416
2025-10-18 03:35:57.216,107056.83,0.09345,10004.460763500001
2025-10-18 03:35:58.315,107056.83,0.09345,10004.460763500001
2025-10-18 03:35:58.555,107056.83,0.00403,431.4390249
2025-10-18 03:35:58.576,107056.84,6e-05,6.4234104
2025-10-18 03:35:59.355,107056.83,0.09345,10004.460763500001
2025-10-18 03:35:59.981,107056.83,0.17016,18216.7901928
2025-10-18 03:35:59.982,107056.7,0.00115,123.11520499999999
2025-10-18 03:35:59.983,107056.32,0.00015,16.058448
2025-10-18 03:35:59.989,107054.84,0.0008,85.643872
2025-10-18 03:35:59.990,107054.35,0.04043,4328.2073705
2025-10-18 03:36:00.006,107053.38,0.00105,112.406049
2025-10-18 03:36:00.378,107048.65,5e-05,5.3524325
2025-10-18 03:36:00.379,107040.59,0.01955,2092.6435345
2025-10-18 03:36:00.380,107034.26,6e-05,6.4220556
2025-10-18 03:36:00.382,107029.92,5e-05,5.351496
2025-10-18 03:36:00.386,107024.94,0.00728,779.1415632000001
2025-10-18 03:36:00.389,107024.94,0.00934,999.6129396
2025-10-18 03:36:00.391,107026.07,0.03308,3540.4223956
2025-10-18 03:36:00.394,107020.98,0.0048,513.700704
2025-10-18 03:36:00.402,107023.46,5e-05,5.351173
2025-10-18 03:36:00.409,107022.75,0.0033,353.175075
2025-10-18 03:36:00.410,107020.98,0.0051,545.806998
2025-10-18 03:36:00.412,107020.0,0.009,963.18
2025-10-18 03:36:00.414,107020.0,0.00934,999.5668
2025-10-18 03:36:00.416,107018.58,0.00111,118.7906238
2025-10-18 03:36:00.521,107018.59,0.00026,27.824833399999996
2025-10-18 03:36:00.522,107018.59,0.00022,23.544089800000002
2025-10-18 03:36:00.539,107018.58,0.09349,10005.167044200001
2025-10-18 03:36:00.757,107018.59,0.0275,2943.0112249999997
2025-10-18 03:36:00.758,107018.58,0.00178,190.4930724
2025-10-18 03:36:00.815,107018.59,0.08299,8881.472784099999
2025-10-18 03:36:00.817,107018.59,0.2009,21500.034731
2025-10-18 03:36:00.818,107020.01,0.0012,128.42401199999998
2025-10-18 03:36:00.819,107030.71,0.04488,4803.5382648
2025-10-18 03:36:00.965,107030.4,0.0007,74.92128
2025-10-18 03:36:00.971,107034.73,0.01067,1142.0605691
2025-10-18 03:36:00.974,107034.73,0.00933,998.6340309
2025-10-18 03:36:01.001,107034.73,0.17338,18557.6814874
2025-10-18 03:36:01.045,107034.73,0.00868,929.0614564
2025-10-18 03:36:01.058,107034.73,0.00051,54.5877123
2025-10-18 03:36:01.400,107048.4,0.0001,10.70484
2025-10-18 03:36:01.404,107053.5,5e-05,5.3526750000000005
2025-10-18 03:36:01.407,107056.09,0.04031,4315.430987899999
2025-10-18 03:36:01.408,107056.09,0.10758,11517.0941622
2025-10-18 03:36:01.410,107063.37,0.00151,161.6656887
2025-10-18 03:36:01.413,107067.55,0.08,8565.404
2025-10-18 03:36:01.425,107067.55,6e-05,6.424053000000001
2025-10-18 03:36:01.464,107067.54,0.09345,10005.461613
2025-10-18 03:36:01.467,107067.55,0.00935,1001.0815925
2025-10-18 03:36:01.517,107067.54,0.00012,12.8481048
2025-10-18 03:36:01.607,107067.55,0.028,2997.8914
2025-10-18 03:36:01.642,107067.54,0.0001,10.706754
2025-10-18 03:36:01.790,107067.54,0.012,1284.8104799999999
2025-10-18 03:36:01.792,107067.54,0.012,1284.8104799999999
2025-10-18 03:36:01.795,107067.54,0.00696,745.1900784
2025-10-18 03:36:02.698,107064.16,0.09345,10005.145752
2025-10-18 03:36:03.717,107064.16,0.09345,10005.145752
2025-10-18 03:36:03.720,107064.16,0.02968,3177.6642688
2025-10-18 03:36:04.032,107064.16,0.01,1070.6416000000002
2025-10-18 03:36:04.055,107064.16,0.005,535.3208000000001
2025-10-18 03:36:04.875,107064.16,0.09345,10005.145752
2025-10-18 03:36:05.914,107064.16,0.09345,10005.145752
2025-10-18 03:36:06.447,107064.16,0.00023,24.6247568
2025-10-18 03:36:06.903,107064.16,0.09345,10005.145752
2025-10-18 03:36:06.929,107064.16,0.00225,240.89435999999998
2025-10-18 03:36:07.178,107064.17,5e-05,5.3532085
2025-10-18 03:36:07.891,107064.17,0.00935,1001.0499895
2025-10-18 03:36:08.007,107064.16,0.02019,2161.6253904
2025-10-18 03:36:08.077,107064.15,0.00529,566.3693535
2025-10-18 03:36:08.084,107063.81,0.00427,457.16246870000003
2025-10-18 03:36:08.086,107063.81,0.012,1284.76572
2025-10-18 03:36:08.219,107063.81,1.2203,130649.967343
2025-10-18 03:36:08.285,107062.95,0.00554,593.128743
2025-10-18 03:36:08.291,107062.06,5e-05,5.353103
2025-10-18 03:36:08.755,107062.49,0.00035,37.4718715
2025-10-18 03:36:08.962,107062.49,0.00021,22.4831229
2025-10-18 03:36:09.115,107059.53,0.00379,405.7556187
2025-10-18 03:36:09.240,107059.52,0.09345,10004.712144000001
2025-10-18 03:36:09.825,107059.53,0.0023,246.236919
2025-10-18 03:36:10.222,107059.52,0.09345,10004.712144000001
2025-10-18 03:36:10.640,107059.52,0.00353,377.92010560000006
2025-10-18 03:36:11.309,107059.52,0.09345,10004.712144000001
2025-10-18 03:36:11.633,107059.53,0.00615,658.4161095
2025-10-18 03:36:12.404,107059.52,0.09345,10004.712144000001
2025-10-18 03:36:13.177,107059.52,0.00031,33.1884512
2025-10-18 03:36:13.516,107059.52,0.09345,10004.712144000001
2025-10-18 03:36:13.580,107059.53,0.00129,138.1067937
2025-10-18 03:36:14.535,107059.52,0.09345,10004.712144000001
2025-10-18 03:36:14.551,107059.53,0.00393,420.7439529
2025-10-18 03:36:15.672,107059.52,0.09345,10004.712144000001
2025-10-18 03:36:15.732,107059.53,0.00111,118.83607830000001
2025-10-18 03:36:15.738,107059.52,0.00015,16.058927999999998
2025-10-18 03:36:16.077,107059.52,0.01627,1741.8583904
2025-10-18 03:36:16.717,107059.52,0.09345,10004.712144000001
2025-10-18 03:36:17.388,107059.52,0.00016,17.1295232
2025-10-18 03:36:17.473,107059.53,0.0001,10.705953000000001
2025-10-18 03:36:17.612,107059.53,0.0004,42.823812000000004
2025-10-18 03:36:17.682,107059.53,0.00015,16.058929499999998
2025-10-18 03:36:17.738,107059.53,7e-05,7.494167099999999
2025-10-18 03:36:17.748,107059.52,0.09345,10004.712144000001
2025-10-18 03:36:17.823,107059.53,0.02931,3137.9148243
2025-10-18 03:36:17.892,107059.53,0.00094,100.63595819999999
2025-10-18 03:36:18.024,107059.53,0.00014,14.988334199999999
2025-10-18 03:36:18.143,107059.53,8e-05,8.564762400000001
2025-10-18 03:36:18.332,107059.53,0.0001,10.705953000000001
2025-10-18 03:36:18.697,107059.52,0.00093,99.56535360000001
2025-10-18 03:36:18.983,107059.52,0.00014,14.988332799999998
2025-10-18 03:36:18.995,107059.52,0.09345,10004.712144000001
2025-10-18 03:36:19.224,107059.53,0.00045,48.1767885
2025-10-18 03:36:19.517,107059.53,7e-05,7.494167099999999
2025-10-18 03:36:19.558,107059.52,0.00022,23.553094400000003
2025-10-18 03:36:19.783,107059.53,0.0001,10.705953000000001
2025-10-18 03:36:19.847,107059.53,0.00014,14.988334199999999
2025-10-18 03:36:20.053,107059.52,0.09345,10004.712144000001
2025-10-18 03:36:20.802,107059.53,0.24388,26109.6781764
2025-10-18 03:36:20.871,107064.18,0.00243,260.16595739999997
2025-10-18 03:36:20.998,107064.18,0.00584,625.2548112
2025-10-18 03:36:21.117,107064.17,0.09345,10005.1466865
2025-10-18 03:36:21.586,107064.17,0.0001,10.706417
2025-10-18 03:36:21.980,107064.18,0.00079,84.58070219999999
2025-10-18 03:36:22.278,107064.31,5e-05,5.3532155
2025-10-18 03:36:22.280,107065.27,0.0001,10.706527000000001
2025-10-18 03:36:22.282,107067.37,5e-05,5.3533685
2025-10-18 03:36:22.298,107065.96,0.00175,187.36543
2025-10-18 03:36:22.317,107067.55,0.09344,10004.391872
2025-10-18 03:36:22.324,107068.0,0.00186,199.14648000000003
2025-10-18 03:36:22.325,107068.0,0.0004,42.827200000000005
2025-10-18 03:36:22.329,107070.24,0.0044,471.10905600000007
2025-10-18 03:36:22.336,107070.24,0.00011,11.7777264
2025-10-18 03:36:22.343,107070.25,0.0007,74.949175
2025-10-18 03:36:22.367,107078.0,0.00215,230.2177
2025-10-18 03:36:22.369,107078.26,0.004,428.31304
2025-10-18 03:36:22.434,107078.26,0.00605,647.8234729999999
2025-10-18 03:36:23.503,107078.25,0.09344,10005.391679999999
2025-10-18 03:36:24.142,107078.26,0.00077,82.45026019999999
2025-10-18 03:36:24.212,107078.25,0.00223,238.78449750000001
2025-10-18 03:36:24.392,107078.26,0.0001,10.707826
2025-10-18 03:36:24.410,107078.26,0.002,214.15652
2025-10-18 03:36:24.439,107078.25,0.09344,10005.391679999999
2025-10-18 03:36:24.509,107078.25,0.00042,44.972865
2025-10-18 03:36:25.122,107078.26,0.00953,1020.4558178
2025-10-18 03:36:25.160,107080.0,0.00115,123.142
2025-10-18 03:36:25.165,107080.0,0.028,2998.2400000000002
2025-10-18 03:36:25.178,107080.0,0.02285,2446.778
2025-10-18 03:36:25.361,107080.0,0.00074,79.2392
2025-10-18 03:36:25.362,107080.0,0.00074,79.2392
2025-10-18 03:36:25.525,107079.99,0.09343,10004.483465700001
2025-10-18 03:36:25.649,107079.99,0.01128,1207.8622872
2025-10-18 03:36:26.895,107080.0,9e-05,9.6372
2025-10-18 03:36:26.916,107079.99,0.09343,10004.483465700001
2025-10-18 03:36:27.166,107079.99,0.06049,6477.2685951
2025-10-18 03:36:27.284,107080.0,0.01105,1183.2340000000002
2025-10-18 03:36:27.291,107080.0,0.00334,357.6472
2025-10-18 03:36:27.400,107080.0,0.00189,202.3812
2025-10-18 03:36:27.414,107080.01,0.00038,40.6904038
2025-10-18 03:36:27.604,107080.01,0.00038,40.6904038
2025-10-18 03:36:27.675,107080.01,0.00018,19.2744018
2025-10-18 03:36:27.710,107080.01,0.00091,97.44280909999999
2025-10-18 03:36:28.205,107080.01,0.09343,10004.4853343
2025-10-18 03:36:28.718,107080.02,0.00093,99.5844186
2025-10-18 03:36:28.721,107080.02,0.00275,294.470055
2025-10-18 03:36:28.765,107081.25,0.0002,21.41625
2025-10-18 03:36:28.768,107081.35,0.07314,7831.929939
2025-10-18 03:36:28.798,107081.34,0.00046,49.2574164
2025-10-18 03:36:28.832,107082.6,5e-05,5.3541300000000005
2025-10-18 03:36:29.040,107083.32,0.00062,66.39165840000001
2025-10-18 03:36:29.339,107083.32,0.09343,10004.794587600001
2025-10-18 03:36:29.738,107083.33,0.00665,712.1041445
2025-10-18 03:36:30.373,107083.32,0.09343,10004.794587600001
2025-10-18 03:36:31.617,107083.32,0.09343,10004.794587600001
2025-10-18 03:36:31.913,107083.32,6e-05,6.4249992
2025-10-18 03:36:32.617,107083.32,0.09343,10004.794587600001
2025-10-18 03:36:32.638,107083.33,0.00043,46.0458319
2025-10-18 03:36:32.721,107083.33,0.02334,2499.3249222
2025-10-18 03:36:32.961,107083.32,0.002,214.16664000000003
2025-10-18 03:36:33.834,107083.32,0.09343,10004.794587600001
2025-10-18 03:36:33.870,107083.33,0.001,107.08333
2025-10-18 03:36:33.911,107083.32,8e-05,8.566665600000002
2025-10-18 03:36:34.012,107083.32,0.00533,570.7540956
2025-10-18 03:36:34.434,107083.33,0.02334,2499.3249222
2025-10-18 03:36:34.589,107083.33,0.028,2998.33324
2025-10-18 03:36:34.915,107083.32,0.09343,10004.794587600001
2025-10-18 03:36:35.951,107083.32,0.09343,10004.794587600001
2025-10-18 03:36:35.967,107083.32,0.00333,356.58745560000006
2025-10-18 03:36:36.146,107083.33,0.02334,2499.3249222
2025-10-18 03:36:36.888,107083.32,0.09343,10004.794587600001
2025-10-18 03:36:37.229,107083.33,0.00014,14.9916662
2025-10-18 03:36:37.474,107083.32,0.00047,50.3291604
2025-10-18 03:36:37.688,107083.33,0.03,3212.4999
2025-10-18 03:36:37.735,107083.32,0.00148,158.4833136
2025-10-18 03:36:37.824,107083.33,0.00018,19.274999400000002
2025-10-18 03:36:37.858,107083.33,0.02334,2499.3249222
2025-10-18 03:36:38.017,107083.32,0.09343,10004.794587600001
2025-10-18 03:36:38.092,107083.33,0.00014,14.9916662
2025-10-18 03:36:38.193,107083.33,0.05603,5999.878979900001
2025-10-18 03:36:39.176,107083.32,0.09343,10004.794587600001
2025-10-18 03:36:39.559,107083.33,0.02334,2499.3249222
2025-10-18 03:36:40.112,107083.32,0.09343,10004.794587600001
2025-10-18 03:36:40.975,107083.33,0.00083,88.87916390000001
2025-10-18 03:36:41.219,107083.33,0.00113,121.0041629
2025-10-18 03:36:41.258,107083.33,0.02334,2499.3249222
2025-10-18 03:36:41.307,107083.32,0.09343,10004.794587600001
2025-10-18 03:36:42.499,107083.32,0.09343,10004.794587600001
2025-10-18 03:36:42.966,107083.33,0.02334,2499.3249222
2025-10-18 03:36:43.432,107083.32,0.09343,10004.794587600001
2025-10-18 03:36:43.886,107083.32,9e-05,9.637498800000001
2025-10-18 03:36:44.132,107083.33,0.00011,11.7791663
2025-10-18 03:36:44.417,107083.32,0.09343,10004.794587600001
2025-10-18 03:36:44.453,107083.33,0.02977,3187.8707341000004
2025-10-18 03:36:44.596,107083.33,0.0001,10.708333000000001
2025-10-18 03:36:44.659,107083.32,9e-05,9.637498800000001
2025-10-18 03:36:44.665,107083.33,0.02334,2499.3249222
2025-10-18 03:36:45.270,107083.32,9e-05,9.637498800000001
2025-10-18 03:36:45.408,107083.32,0.09343,10004.794587600001
2025-10-18 03:36:45.474,107083.32,9e-05,9.637498800000001
2025-10-18 03:36:45.813,107083.33,0.00102,109.22499660000001
2025-10-18 03:36:46.216,107083.32,0.00028,29.983329599999998
2025-10-18 03:36:46.238,107083.33,8e-05,8.5666664
2025-10-18 03:36:46.271,107083.32,6e-05,6.4249992
2025-10-18 03:36:46.375,107083.33,0.02334,2499.3249222
2025-10-18 03:36:46.439,107083.33,0.02799,2997.2624067
2025-10-18 03:36:46.562,107083.32,9e-05,9.637498800000001
2025-10-18 03:36:46.708,107083.32,8e-05,8.566665600000002
2025-10-18 03:36:46.711,107083.32,0.09343,10004.794587600001
2025-10-18 03:36:46.786,107083.33,0.001,107.08333
2025-10-18 03:36:46.882,107083.32,9e-05,9.637498800000001
2025-10-18 03:36:47.161,107083.32,8e-05,8.566665600000002
2025-10-18 03:36:47.332,107083.32,0.00037,39.6208284
2025-10-18 03:36:47.560,107083.32,8e-05,8.566665600000002
2025-10-18 03:36:47.715,107083.32,9e-05,9.637498800000001
2025-10-18 03:36:47.744,107083.32,0.09343,10004.794587600001
2025-10-18 03:36:47.899,107083.32,7e-05,7.495832399999999
2025-10-18 03:36:48.092,107083.33,0.02334,2499.3249222
2025-10-18 03:36:48.207,107083.33,1.0,107083.33
2025-10-18 03:36:48.717,107083.32,0.09343,10004.794587600001
2025-10-18 03:36:48.926,107083.33,0.00316,338.38332280000003
2025-10-18 03:36:48.995,107083.32,6e-05,6.4249992
2025-10-18 03:36:49.046,107083.33,0.00179,191.67916069999998
2025-10-18 03:36:49.383,107083.32,9e-05,9.637498800000001
2025-10-18 03:36:49.716,107083.32,0.09343,10004.794587600001
2025-10-18 03:36:49.779,107083.32,8e-05,8.566665600000002
2025-10-18 03:36:49.788,107083.33,0.02334,2499.3249222
2025-10-18 03:36:49.817,107083.33,6e-05,6.4249998
2025-10-18 03:36:50.154,107083.33,0.00749,802.0541417000001
2025-10-18 03:36:50.368,107083.32,8e-05,8.566665600000002
2025-10-18 03:36:50.837,107083.32,0.00037,39.6208284
2025-10-18 03:36:50.863,107083.32,0.09343,10004.794587600001
2025-10-18 03:36:51.007,107083.32,9e-05,9.637498800000001
2025-10-18 03:36:51.082,107083.33,0.0001,10.708333000000001
2025-10-18 03:36:51.089,107083.32,8e-05,8.566665600000002
2025-10-18 03:36:51.499,107083.33,0.01512,1619.0999496
2025-10-18 03:36:51.708,107083.32,0.00056,59.966659199999995
2025-10-18 03:36:51.851,107083.32,0.09343,10004.794587600001
2025-10-18 03:36:52.451,107083.33,5e-05,5.354166500000001
2025-10-18 03:36:52.886,107083.32,0.09343,10004.794587600001
2025-10-18 03:36:52.948,107083.33,0.00015,16.062499499999998
2025-10-18 03:36:53.249,107083.33,0.028,2998.33324
2025-10-18 03:36:54.017,107083.32,0.09343,10004.794587600001
2025-10-18 03:36:54.511,107083.32,8e-05,8.566665600000002
2025-10-18 03:36:55.107,107083.33,5e-05,5.354166500000001
2025-10-18 03:36:55.115,107083.33,0.15443,16536.878651900002
2025-10-18 03:36:55.117,107083.33,0.001,107.08333
2025-10-18 03:36:55.119,107084.57,5e-05,5.3542285000000005
2025-10-18 03:36:55.120,107085.71,0.00016,17.133713600000004
2025-10-18 03:36:55.121,107087.61,0.00367,393.0115287
2025-10-18 03:36:55.124,107087.61,0.00014,14.992265399999999
2025-10-18 03:36:55.125,107090.0,0.00357,382.31129999999996
2025-10-18 03:36:55.128,107090.0,0.00038,40.6942
2025-10-18 03:36:55.144,107091.85,0.00086,92.098991
2025-10-18 03:36:55.177,107094.31,5e-05,5.3547155
2025-10-18 03:36:55.179,107100.0,0.03622,3879.1620000000003
2025-10-18 03:36:55.182,107100.0,0.00933,999.2429999999999
2025-10-18 03:36:55.183,107100.0,0.00934,1000.314
2025-10-18 03:36:55.184,107100.0,0.00934,1000.314
2025-10-18 03:36:55.185,107100.0,0.00933,999.2429999999999
2025-10-18 03:36:55.193,107100.0,0.028,2998.8
2025-10-18 03:36:55.219,107099.99,0.09342,10005.281065800002
2025-10-18 03:36:55.251,107100.0,0.02669,2858.499
2025-10-18 03:36:55.256,107100.0,0.06377,6829.766999999999
2025-10-18 03:36:55.261,107100.0,0.00274,293.454
2025-10-18 03:36:55.267,107100.0,0.02811,3010.581
2025-10-18 03:36:55.285,107100.0,0.02301,2464.371
2025-10-18 03:36:55.448,107100.0,0.00568,608.328
2025-10-18 03:36:55.462,107100.0,0.00568,608.328
2025-10-18 03:36:55.611,107100.0,0.104,11138.4
2025-10-18 03:36:55.747,107100.0,0.0067,717.57
2025-10-18 03:36:55.837,107101.48,0.00072,77.1130656
2025-10-18 03:36:56.115,107103.75,6e-05,6.4262250000000005
2025-10-18 03:36:56.119,107107.87,6e-05,6.4264722
2025-10-18 03:36:56.375,107107.86,0.09341,10004.9452026
2025-10-18 03:36:56.399,107107.86,9e-05,9.6397074
2025-10-18 03:36:56.475,107107.87,0.00552,591.2354423999999
2025-10-18 03:36:56.584,107107.86,8e-05,8.5686288
2025-10-18 03:36:56.979,107107.87,7e-05,7.497550899999999
2025-10-18 03:36:57.171,107107.86,0.004,428.43144
2025-10-18 03:36:57.386,107107.86,0.09341,10004.9452026
2025-10-18 03:36:57.481,107107.87,0.0001,10.710787
2025-10-18 03:36:57.482,107108.04,0.00282,302.0446728
2025-10-18 03:36:57.484,107112.76,6e-05,6.4267655999999995
2025-10-18 03:36:57.493,107114.5,0.05848,6264.05596
2025-10-18 03:36:57.776,107114.5,0.00075,80.335875
2025-10-18 03:36:58.028,107119.85,0.0002,21.42397
2025-10-18 03:36:58.034,107124.6,0.00015,16.06869
2025-10-18 03:36:58.039,107125.95,0.00079,84.6295005
2025-10-18 03:36:58.049,107126.55,0.00152,162.832356
2025-10-18 03:36:58.152,107122.53,5e-05,5.3561265
2025-10-18 03:36:58.169,107114.52,0.02,2142.2904000000003
2025-10-18 03:36:58.642,107114.51,8e-05,8.5691608
2025-10-18 03:36:58.717,107114.51,0.0934,10004.495234
2025-10-18 03:36:59.343,107114.52,0.01867,1999.8280884
2025-10-18 03:36:59.913,107114.51,0.0934,10004.495234
2025-10-18 03:37:00.179,107114.52,5e-05,5.355726000000001
2025-10-18 03:37:00.957,107114.52,0.00014,14.9960328
2025-10-18 03:37:01.106,107114.51,0.0934,10004.495234
2025-10-18 03:37:01.129,107114.52,0.00017,18.209468400000002
2025-10-18 03:37:01.340,107114.51,9e-05,9.6403059
2025-10-18 03:37:01.444,107114.51,0.08558,9166.8597658
2025-10-18 03:37:01.445,107114.51,0.05666,6069.1081366
2025-10-18 03:37:01.446,107114.51,0.05266,5640.650096599999
2025-10-18 03:37:01.448,107114.51,0.05467,5855.9502617
2025-10-18 03:37:01.449,107114.51,0.00249,266.71512989999997
2025-10-18 03:37:01.450,107111.81,0.00015,16.066771499999998
2025-10-18 03:37:01.455,107110.85,0.03475,3722.1020375000007
2025-10-18 03:37:01.460,107110.83,0.00145,155.3107035
2025-10-18 03:37:02.517,107110.23,0.09341,10005.166584300001
2025-10-18 03:37:02.545,107110.24,7e-05,7.4977168
2025-10-18 03:37:02.547,107110.23,0.00454,486.2804442
2025-10-18 03:37:02.661,107110.22,0.00226,242.0690972
2025-10-18 03:37:02.814,107110.21,0.0018,192.798378
2025-10-18 03:37:03.382,107108.17,0.00093,99.6105981
2025-10-18 03:37:03.517,107108.17,0.09341,10004.974159700001
2025-10-18 03:37:03.667,107108.17,0.00167,178.8706439
2025-10-18 03:37:04.238,107108.09,0.00877,939.3379493
2025-10-18 03:37:04.243,107107.03,0.0013,139.239139
2025-10-18 03:37:04.304,107107.03,0.46682,49999.7037446
2025-10-18 03:37:04.524,107107.03,0.01486,1591.6104658
2025-10-18 03:37:04.567,107107.02,0.09341,10004.8667382
2025-10-18 03:37:04.700,107107.03,0.00373,399.5092219
2025-10-18 03:37:04.751,107107.03,0.01045,1119.2684634999998
2025-10-18 03:37:04.798,107107.03,0.002,214.21406
2025-10-18 03:37:05.210,107107.03,0.0002,21.421406
2025-10-18 03:37:05.553,107107.02,0.09341,10004.8667382
2025-10-18 03:37:05.705,107107.02,9e-05,9.639631800000002
2025-10-18 03:37:06.237,107107.02,0.0026,278.478252
2025-10-18 03:37:06.352,107107.03,0.02928,3136.0938384
2025-10-18 03:37:06.486,107107.02,0.09341,10004.8667382
2025-10-18 03:37:06.492,107107.03,0.00535,573.0226104999999
2025-10-18 03:37:06.495,107107.02,0.01565,1676.2248630000001
2025-10-18 03:37:06.914,107104.15,0.0014,149.94581
2025-10-18 03:37:07.617,107104.14,0.09341,10004.5977174
2025-10-18 03:37:07.776,107104.15,0.00056,59.97832399999999
2025-10-18 03:37:07.971,107104.07,0.0001,10.710407000000002
2025-10-18 03:37:07.972,107103.75,6e-05,6.4262250000000005
2025-10-18 03:37:07.977,107103.64,0.0081,867.5394839999999
2025-10-18 03:37:07.978,107103.64,0.012,1285.24368
2025-10-18 03:37:07.980,107103.64,0.012,1285.24368
2025-10-18 03:37:08.015,107102.81,5e-05,5.3551405
2025-10-18 03:37:08.023,107102.03,0.00145,155.29794349999997
2025-10-18 03:37:08.120,107099.9,0.00015,16.064984999999997
2025-10-18 03:37:08.121,107097.25,6e-05,6.425835
2025-10-18 03:37:08.122,107095.27,0.00015,16.0642905
2025-10-18 03:37:08.125,107094.0,0.00021,22.48974
2025-10-18 03:37:08.127,107087.5,6e-05,6.42525
2025-10-18 03:37:08.142,107083.34,0.00934,1000.1583956
2025-10-18 03:37:08.180,107083.34,0.00933,999.0875622
2025-10-18 03:37:08.654,107083.34,0.09343,10004.7964562
2025-10-18 03:37:09.388,107083.35,0.01867,1999.2461445
2025-10-18 03:37:09.439,107083.35,0.00027,28.9125045
2025-10-18 03:37:09.597,107083.35,0.00043,46.045840500000004
2025-10-18 03:37:09.661,107083.35,0.00813,870.5876355
2025-10-18 03:37:09.683,107083.34,0.09343,10004.7964562
2025-10-18 03:37:09.819,107083.35,0.00017,18.204169500000003
2025-10-18 03:37:09.941,107083.35,0.00019,20.3458365
2025-10-18 03:37:10.148,107083.34,9e-05,9.637500600000001
2025-10-18 03:37:10.817,107083.34,0.07041,7539.7379694
2025-10-18 03:37:11.154,107083.35,0.0003,32.125005
2025-10-18 03:37:11.912,107083.35,0.00017,18.204169500000003
2025-10-18 03:37:12.614,107083.35,0.00051,54.612508500000004
2025-10-18 03:37:14.806,107083.34,9e-05,9.637500600000001
2025-10-18 03:37:14.885,107083.35,0.00099,106.0125165
2025-10-18 03:37:14.929,107083.34,0.01494,1599.8250996
2025-10-18 03:37:15.037,107083.34,0.00017,18.2041678
2025-10-18 03:37:15.081,107083.34,0.01494,1599.8250996
2025-10-18 03:37:15.872,107083.34,7e-05,7.495833799999999
2025-10-18 03:37:17.059,107083.34,9e-05,9.637500600000001
2025-10-18 03:37:17.414,107083.34,9e-05,9.637500600000001
2025-10-18 03:37:17.459,107083.34,9e-05,9.637500600000001
2025-10-18 03:37:17.861,107083.34,9e-05,9.637500600000001
2025-10-18 03:37:17.881,107083.34,9e-05,9.637500600000001
2025-10-18 03:37:17.919,107080.25,5e-05,5.3540125000000005
2025-10-18 03:37:17.924,107080.0,6e-05,6.4248
2025-10-18 03:37:17.925,107080.0,0.00065,69.602
2025-10-18 03:37:17.992,107079.99,8e-05,8.566399200000001
2025-10-18 03:37:18.032,107079.99,0.00017,18.203598300000003
2025-10-18 03:37:18.209,107079.99,8e-05,8.566399200000001
2025-10-18 03:37:18.287,107079.99,8e-05,8.566399200000001
2025-10-18 03:37:18.353,107080.0,0.00046,49.2568
2025-10-18 03:37:18.520,107080.0,9e-05,9.6372
2025-10-18 03:37:18.689,107079.99,8e-05,8.566399200000001
2025-10-18 03:37:18.863,107079.99,0.00017,18.203598300000003
2025-10-18 03:37:18.945,107079.99,8e-05,8.566399200000001
2025-10-18 03:37:19.418,107080.0,0.0001,10.708
2025-10-18 03:37:20.246,107080.0,0.028,2998.2400000000002
2025-10-18 03:37:20.343,107079.99,0.08,8566.3992
2025-10-18 03:37:20.912,107080.0,0.35378,37882.7624
2025-10-18 03:37:21.207,107079.99,9e-05,9.637199100000002
2025-10-18 03:37:21.394,107080.0,0.00015,16.061999999999998
2025-10-18 03:37:21.406,107080.0,0.00017,18.2036
2025-10-18 03:37:21.532,107079.99,9e-05,9.637199100000002
2025-10-18 03:37:21.659,107079.99,8e-05,8.566399200000001
2025-10-18 03:37:21.694,107079.99,0.09343,10004.483465700001
2025-10-18 03:37:21.878,107079.99,9e-05,9.637199100000002
2025-10-18 03:37:22.144,107079.99,0.0096,1027.9679039999999
2025-10-18 03:37:22.232,107080.0,0.0002,21.416
2025-10-18 03:37:22.354,107079.99,8e-05,8.566399200000001
2025-10-18 03:37:22.415,107079.99,9e-05,9.637199100000002
2025-10-18 03:37:22.615,107079.99,9e-05,9.637199100000002
2025-10-18 03:37:22.817,107079.99,0.09343,10004.483465700001
2025-10-18 03:37:23.053,107079.99,9e-05,9.637199100000002
2025-10-18 03:37:23.136,107080.0,0.0026,278.408
2025-10-18 03:37:23.265,107080.0,0.00048,51.3984
2025-10-18 03:37:23.557,107079.99,8e-05,8.566399200000001
2025-10-18 03:37:23.730,107079.99,0.08,8566.3992
2025-10-18 03:37:23.756,107080.0,0.00051,54.610800000000005
2025-10-18 03:37:23.787,107079.99,0.46312,49590.8849688
2025-10-18 03:37:23.827,107079.99,0.09344,10005.5542656
2025-10-18 03:37:24.132,107080.0,0.00013,13.920399999999999
2025-10-18 03:37:24.165,107079.99,0.00017,18.203598300000003
2025-10-18 03:37:24.175,107079.99,8e-05,8.566399200000001
2025-10-18 03:37:24.214,107079.99,0.00017,18.203598300000003
2025-10-18 03:37:24.240,107079.99,0.00016,17.132798400000002
2025-10-18 03:37:24.964,107079.99,0.01826,1955.2806174
2025-10-18 03:37:24.966,107079.99,0.00213,228.0803787
2025-10-18 03:37:24.979,107079.22,0.00093,99.58367460000001
2025-10-18 03:37:25.015,107078.06,0.00015,16.061708999999997
2025-10-18 03:37:25.128,107078.05,8e-05,8.566244000000001
2025-10-18 03:37:25.946,107078.05,0.03154,3377.241697
2025-10-18 03:37:25.963,107078.06,0.00013,13.920147799999999
2025-10-18 03:37:26.040,107078.05,0.011,1177.85855
2025-10-18 03:37:26.044,107076.91,0.0001,10.707691
2025-10-18 03:37:26.067,107075.99,0.00057,61.0333143
2025-10-18 03:37:26.074,107075.99,9e-05,9.636839100000001
2025-10-18 03:37:26.405,107074.51,0.00015,16.0611765
2025-10-18 03:37:26.417,107074.5,0.00017,18.202665
2025-10-18 03:37:26.957,107074.5,7e-05,7.495214999999999
2025-10-18 03:37:27.017,107074.5,0.09344,10005.04128
2025-10-18 03:37:27.509,107074.5,0.00019,20.344155
2025-10-18 03:37:27.818,107074.51,0.0168,1798.8517679999998
2025-10-18 03:37:28.017,107074.5,0.09344,10005.04128
2025-10-18 03:37:28.547,107074.5,0.00017,18.202665
2025-10-18 03:37:28.625,107074.5,0.00017,18.202665
2025-10-18 03:37:29.003,107074.5,0.09344,10005.04128
2025-10-18 03:37:29.847,107074.5,8e-05,8.56596
2025-10-18 03:37:29.934,107074.5,0.09344,10005.04128
2025-10-18 03:37:30.072,107074.51,0.02925,3131.9294175
2025-10-18 03:37:30.757,107074.5,0.06171,6607.567395
2025-10-18 03:37:30.869,107074.5,6e-05,6.42447
2025-10-18 03:37:30.916,107074.5,0.09344,10005.04128
2025-10-18 03:37:31.271,107074.51,0.024,2569.78824
2025-10-18 03:37:31.522,107074.5,0.00047,50.325015
2025-10-18 03:37:31.576,107074.5,9e-05,9.636705000000001
2025-10-18 03:37:31.837,107074.51,0.004,428.29804
2025-10-18 03:37:32.060,107074.5,0.00017,18.202665
2025-10-18 03:37:32.063,107074.5,0.09344,10005.04128
2025-10-18 03:37:32.067,107074.51,0.48994,52460.085429399995
2025-10-18 03:37:32.147,107074.51,0.028,2998.08628
2025-10-18 03:37:32.236,107074.51,0.01056,1130.7068256
2025-10-18 03:37:32.722,107074.51,0.013,1391.9686299999998
2025-10-18 03:37:32.857,107074.51,0.0018,192.734118
2025-10-18 03:37:33.116,107074.51,0.09343,10003.971469299999
2025-10-18 03:37:33.118,107074.52,0.06482,6940.570386400001
2025-10-18 03:37:33.131,107074.52,0.00146,156.3287992
2025-10-18 03:37:33.135,107075.0,0.00015,16.061249999999998
2025-10-18 03:37:33.148,107075.08,0.00086,92.0845688
2025-10-18 03:37:33.156,107076.0,0.05541,5933.08116
2025-10-18 03:37:33.176,107076.0,0.00017,18.202920000000002
2025-10-18 03:37:33.421,107075.99,9e-05,9.636839100000001
2025-10-18 03:37:33.447,107075.99,0.93731,100363.3961869
2025-10-18 03:37:34.095,107075.99,8e-05,8.5660792
2025-10-18 03:37:34.145,107076.0,0.00044,47.113440000000004
2025-10-18 03:37:34.334,107075.99,0.09343,10004.1097457
2025-10-18 03:37:34.681,107075.99,0.00442,473.27587580000005
2025-10-18 03:37:34.709,107075.99,8e-05,8.5660792
2025-10-18 03:37:34.725,107075.99,0.002,214.15198
2025-10-18 03:37:34.829,107076.0,0.00122,130.63272
2025-10-18 03:37:34.963,107076.0,0.00051,54.608760000000004
2025-10-18 03:37:35.116,107076.0,0.04751,5087.180759999999
2025-10-18 03:37:35.417,107075.99,0.09343,10004.1097457
2025-10-18 03:37:35.598,107076.0,0.00216,231.28416
2025-10-18 03:37:35.633,107076.1,0.0008,85.66088
2025-10-18 03:37:35.764,107079.23,0.00239,255.9193597
2025-10-18 03:37:36.415,107079.23,0.09343,10004.4124589
2025-10-18 03:37:36.787,107079.24,0.00016,17.132678400000003
2025-10-18 03:37:36.876,107079.24,0.0086,920.881464
2025-10-18 03:37:37.390,107079.23,9e-05,9.6371307
2025-10-18 03:37:37.534,107079.24,0.01903,2037.7179371999998
2025-10-18 03:37:37.654,107079.23,0.09343,10004.4124589
2025-10-18 03:37:37.784,107079.24,0.00093,99.58369320000001
2025-10-18 03:37:38.290,107079.23,0.00055,58.8935765
2025-10-18 03:37:38.552,107079.24,0.0001,10.707924
2025-10-18 03:37:38.717,107079.23,0.09343,10004.4124589
2025-10-18 03:37:38.849,107079.24,0.04716,5049.856958400001
2025-10-18 03:37:39.150,107079.23,0.00017,18.2034691
2025-10-18 03:37:39.641,107079.23,0.00536,573.9446728
2025-10-18 03:37:39.940,107079.23,0.09343,10004.4124589
2025-10-18 03:37:39.973,107079.23,9e-05,9.6371307
2025-10-18 03:37:40.045,107079.24,0.002,214.15848000000003
2025-10-18 03:37:40.237,107079.24,0.00187,200.23817880000001
2025-10-18 03:37:40.888,107079.24,0.00011,11.7787164
2025-10-18 03:37:40.920,107079.23,0.00018,19.2742614
2025-10-18 03:37:40.928,107079.23,0.09343,10004.4124589
2025-10-18 03:37:41.914,107079.23,0.09343,10004.4124589
2025-10-18 03:37:42.840,107079.24,0.00014,14.9910936
2025-10-18 03:37:42.902,107079.23,0.09343,10004.4124589
2025-10-18 03:37:44.046,107079.23,0.09343,10004.4124589
2025-10-18 03:37:45.216,107079.23,0.09343,10004.4124589
2025-10-18 03:37:45.731,107079.24,0.03,3212.3772
2025-10-18 03:37:46.006,107079.24,0.00051,54.61041240000001
2025-10-18 03:37:46.172,107079.24,0.007,749.5546800000001
2025-10-18 03:37:46.318,107079.23,0.09343,10004.4124589
2025-10-18 03:37:46.331,107079.23,0.94343,101021.7579589
2025-10-18 03:37:46.335,107079.24,0.021,2248.66404
2025-10-18 03:37:46.350,107079.23,0.00017,18.2034691
2025-10-18 03:37:47.417,107079.23,0.09343,10004.4124589
2025-10-18 03:37:47.714,107079.24,0.15307,16390.6192668
2025-10-18 03:37:47.900,107079.23,8e-05,8.566338400000001
2025-10-18 03:37:48.310,107079.24,0.01136,1216.4201664000002
2025-10-18 03:37:48.654,107079.23,0.09343,10004.4124589
2025-10-18 03:37:49.068,107079.24,0.00011,11.7787164
2025-10-18 03:37:49.175,107079.23,0.00476,509.6971348
2025-10-18 03:37:49.592,107079.23,0.012,1284.95076
2025-10-18 03:37:49.616,107079.23,0.09343,10004.4124589
2025-10-18 03:37:49.806,107079.23,9e-05,9.6371307
2025-10-18 03:37:50.053,107079.23,9e-05,9.6371307
2025-10-18 03:37:50.113,107079.23,8e-05,8.566338400000001
2025-10-18 03:37:50.309,107079.23,0.00017,18.2034691
2025-10-18 03:37:50.617,107079.23,0.09343,10004.4124589
2025-10-18 03:37:51.499,107079.23,8e-05,8.566338400000001
2025-10-18 03:37:51.722,107079.23,0.09343,10004.4124589
2025-10-18 03:37:51.728,107079.24,0.00302,323.3793048
2025-10-18 03:37:52.017,107079.24,0.00344,368.3525856
2025-10-18 03:37:52.188,107079.23,0.0009,96.37130699999999
2025-10-18 03:37:52.817,107079.23,0.09343,10004.4124589
2025-10-18 03:37:52.871,107079.24,0.028,2998.2187200000003
2025-10-18 03:37:53.576,107079.24,6e-05,6.4247544
2025-10-18 03:37:53.677,107079.23,0.00018,19.2742614
2025-10-18 03:37:53.907,107079.23,0.00034,36.4069382
2025-10-18 03:37:53.917,107079.23,0.09343,10004.4124589
2025-10-18 03:37:54.155,107079.24,0.00017,18.2034708
2025-10-18 03:37:54.571,107079.23,0.00026,27.840599799999996
2025-10-18 03:37:55.051,107079.23,0.09343,10004.4124589
2025-10-18 03:37:56.000,107079.23,0.00018,19.2742614
2025-10-18 03:37:56.136,107079.23,0.09343,10004.4124589
2025-10-18 03:37:56.232,107079.23,0.00027,28.9113921
2025-10-18 03:37:56.543,107079.23,7e-05,7.495546099999999
2025-10-18 03:37:56.948,107079.24,0.0005,53.539620000000006
2025-10-18 03:37:57.166,107079.23,0.08173,8751.585467899999
2025-10-18 03:37:57.173,107079.23,0.00017,18.2034691
2025-10-18 03:37:57.206,107079.23,0.0028,299.821844
2025-10-18 03:37:57.405,107079.23,0.04755,5091.6173865
2025-10-18 03:37:58.108,107079.22,5e-05,5.353961
2025-10-18 03:37:58.411,107079.22,0.0301,3223.0845219999997
2025-10-18 03:37:58.918,107079.22,0.0026,278.40597199999996
2025-10-18 03:37:59.189,107079.22,0.01868,2000.2398296
2025-10-18 03:37:59.517,107079.22,0.01777,1902.7977394000002
2025-10-18 03:37:59.565,107077.17,0.0001,10.707717
2025-10-18 03:37:59.567,107074.51,0.00042,44.9712942
2025-10-18 03:37:59.580,107072.44,0.0002,21.414488000000002
2025-10-18 03:37:59.581,107072.43,0.012,1284.86916
2025-10-18 03:37:59.582,107072.43,0.012,1284.86916
2025-10-18 03:37:59.595,107072.43,0.00132,141.3356076
2025-10-18 03:37:59.620,107072.0,0.00386,413.29792000000003
2025-10-18 03:37:59.633,107071.25,0.00125,133.8390625
2025-10-18 03:37:59.668,107069.99,5e-05,5.353499500000001
2025-10-18 03:37:59.672,107069.98,0.0005,53.53499
2025-10-18 03:37:59.675,107068.53,0.00776,830.8517928
2025-10-18 03:37:59.677,107066.84,0.03313,3547.1244091999997
2025-10-18 03:37:59.680,107066.84,0.00205,219.48702200000002
2025-10-18 03:37:59.682,107066.0,0.00215,230.1919
2025-10-18 03:37:59.715,107064.2,5e-05,5.35321
2025-10-18 03:38:00.114,107064.18,0.03985,4266.507572999999
2025-10-18 03:38:00.115,107064.18,0.003,321.19254
2025-10-18 03:38:00.447,107064.18,0.00479,512.8374222
2025-10-18 03:38:00.476,107064.19,0.00017,18.200912300000002
2025-10-18 03:38:00.627,107064.18,0.09345,10005.147621
2025-10-18 03:38:00.635,107064.18,0.06172,6608.0011896
2025-10-18 03:38:00.910,107064.19,0.00471,504.2723349
2025-10-18 03:38:01.062,107064.18,8e-05,8.5651344
2025-10-18 03:38:01.617,107064.18,0.09345,10005.147621
2025-10-18 03:38:02.001,107064.18,0.09998,10704.2767164
2025-10-18 03:38:02.002,107064.18,0.44863,48032.20307339999
2025-10-18 03:38:02.004,107064.17,0.0006,64.238502
2025-10-18 03:38:02.006,107062.5,0.00045,48.178125
2025-10-18 03:38:02.010,107061.99,0.0006,64.237194
2025-10-18 03:38:02.012,107061.5,0.00046,49.248290000000004
2025-10-18 03:38:02.019,107060.01,0.00285,305.1210285
2025-10-18 03:38:02.023,107059.99,0.00075,80.2949925
2025-10-18 03:38:02.024,107059.53,0.00644,689.4633732000001
2025-10-18 03:38:02.335,107059.52,0.01067,1142.3250784000002
2025-10-18 03:38:02.336,107059.51,0.0007,74.94165699999999
2025-10-18 03:38:02.340,107058.15,0.0002,21.41163
2025-10-18 03:38:02.350,107056.94,0.0001,10.705694000000001
2025-10-18 03:38:02.363,107056.84,0.003,321.17052
2025-10-18 03:38:02.366,107056.84,0.003,321.17052
2025-10-18 03:38:02.383,107056.84,0.003,321.17052
2025-10-18 03:38:02.399,107056.84,0.00114,122.0447976
2025-10-18 03:38:02.418,107056.74,0.00171,183.0670254
2025-10-18 03:38:02.454,107056.73,0.00135,144.5265855
2025-10-18 03:38:02.515,107056.0,0.0033,353.2848
2025-10-18 03:38:02.518,107055.99,0.05714,6117.179268600001
2025-10-18 03:38:02.615,107055.99,0.0007,74.939193
2025-10-18 03:38:02.617,107054.0,0.00068,72.79672000000001
2025-10-18 03:38:02.620,107054.01,0.00079,84.5726679
2025-10-18 03:38:02.657,107054.0,0.00029,31.04566
2025-10-18 03:38:02.677,107054.01,0.03596,3849.6621996
2025-10-18 03:38:02.931,107054.01,8e-05,8.5643208
2025-10-18 03:38:03.817,107054.0,0.09346,10005.26684
2025-10-18 03:38:03.820,107054.0,0.00017,18.199180000000002
2025-10-18 03:38:04.061,107054.0,0.00155,165.9337
2025-10-18 03:38:04.065,107053.47,0.00095,101.7007965
2025-10-18 03:38:04.115,107050.45,0.0001,10.705045
2025-10-18 03:38:04.118,107050.0,0.03534,3783.1470000000004
2025-10-18 03:38:04.131,107049.45,0.0001,10.704945
2025-10-18 03:38:04.135,107048.12,0.0009,96.343308
2025-10-18 03:38:04.171,107048.0,0.00432,462.44736
2025-10-18 03:38:04.226,107043.29,0.02808,3005.7755832
2025-10-18 03:38:04.230,107034.98,6e-05,6.4220988
2025-10-18 03:38:04.566,107034.98,0.01494,1599.1026012
2025-10-18 03:38:04.698,107034.98,0.00017,18.1959466
2025-10-18 03:38:04.726,107034.98,0.01494,1599.1026012
2025-10-18 03:38:04.768,107034.99,6e-05,6.4220994000000005
2025-10-18 03:38:04.846,107034.98,0.04341,4646.3884818
2025-10-18 03:38:04.887,107034.98,0.00017,18.1959466
2025-10-18 03:38:04.943,107034.98,8e-05,8.5627984
2025-10-18 03:38:05.066,107033.99,0.0002,21.406798000000002
2025-10-18 03:38:05.285,107030.49,0.00688,736.3697712000001
2025-10-18 03:38:05.462,107030.49,0.01494,1599.0355206000002
2025-10-18 03:38:05.650,107030.49,0.01494,1599.0355206000002
2025-10-18 03:38:05.818,107030.5,6e-05,6.42183
2025-10-18 03:38:05.946,107030.5,0.00032,34.24976
2025-10-18 03:38:05.977,107030.5,0.00121,129.506905
2025-10-18 03:38:06.017,107030.49,0.09348,10005.2102052
2025-10-18 03:38:06.988,107030.5,0.00047,50.304335
2025-10-18 03:38:07.027,107030.49,0.05807,6215.2605543
2025-10-18 03:38:07.028,107030.47,0.0002,21.406094
2025-10-18 03:38:07.030,107027.88,0.00015,16.054182
2025-10-18 03:38:07.031,107027.72,0.03464,3707.4402207999997
2025-10-18 03:38:07.035,107026.72,0.00015,16.054008
2025-10-18 03:38:07.038,107020.46,0.00015,16.053069
2025-10-18 03:38:07.043,107020.27,0.01446,1547.5131042
2025-10-18 03:38:07.047,107020.27,0.02892,3095.0262084
2025-10-18 03:38:07.050,107020.27,0.05783,6188.9822141
2025-10-18 03:38:07.055,107020.27,0.00935,1000.6395245000001
2025-10-18 03:38:07.057,107020.27,0.00287,307.1481749
2025-10-18 03:38:07.066,107020.27,0.00287,307.1481749
2025-10-18 03:38:07.067,107020.28,0.02969,3177.4321132
2025-10-18 03:38:07.081,107020.27,0.012,1284.24324
2025-10-18 03:38:07.082,107020.27,0.012,1284.24324
2025-10-18 03:38:07.083,107020.27,0.012,1284.24324
2025-10-18 03:38:07.216,107020.27,0.09349,10005.3250423
2025-10-18 03:38:07.532,107020.28,0.01627,1741.2199556
2025-10-18 03:38:07.847,107020.27,0.01816,1943.4881032
2025-10-18 03:38:07.851,107018.0,0.00318,340.31724
2025-10-18 03:38:07.856,107017.99,0.00275,294.2994725
2025-10-18 03:38:07.859,107012.0,0.00264,282.51168
2025-10-18 03:38:07.862,107012.0,0.01837,1965.8104400000002
2025-10-18 03:38:07.960,107012.0,0.00249,266.45988
2025-10-18 03:38:08.016,107004.53,0.00015,16.050679499999998
2025-10-18 03:38:08.188,107004.52,0.0935,10004.922620000001
2025-10-18 03:38:08.236,107004.53,0.00422,451.5591166
2025-10-18 03:38:08.315,107004.53,0.00017,18.1907701
2025-10-18 03:38:08.780,107004.52,0.00148,158.3666896
2025-10-18 03:38:09.037,107004.52,0.00022,23.540994400000002
2025-10-18 03:38:09.316,107004.52,0.0935,10004.922620000001
2025-10-18 03:38:09.676,107004.53,0.00141,150.8763873
2025-10-18 03:38:09.764,107004.53,0.00034,36.3815402
2025-10-18 03:38:10.253,107004.52,0.0935,10004.922620000001
2025-10-18 03:38:10.440,107004.53,0.0006,64.20271799999999
2025-10-18 03:38:10.665,107004.53,0.0006,64.20271799999999
2025-10-18 03:38:11.433,107004.52,9e-05,9.630406800000001
2025-10-18 03:38:11.452,107004.52,0.0935,10004.922620000001
2025-10-18 03:38:11.576,107004.53,0.01125,1203.8009625
2025-10-18 03:38:11.577,107004.52,7e-05,7.490316399999999
2025-10-18 03:38:11.583,107004.53,0.00061,65.2727633
2025-10-18 03:38:11.617,107004.52,0.00018,19.260813600000002
2025-10-18 03:38:12.200,107004.52,0.00048,51.3621696
2025-10-18 03:38:12.208,107004.52,0.00017,18.190768400000003
2025-10-18 03:38:12.413,107004.52,0.00641,685.8989732
2025-10-18 03:38:12.587,107004.52,0.00019,20.3308588
2025-10-18 03:38:12.595,107004.52,0.0935,10004.922620000001
2025-10-18 03:38:12.712,107004.52,0.00018,19.260813600000002
2025-10-18 03:38:13.687,107004.52,0.0935,10004.922620000001
2025-10-18 03:38:14.232,107004.53,0.0001,10.700453
2025-10-18 03:38:14.540,107004.53,0.00127,135.8957531
2025-10-18 03:38:14.663,107004.53,6e-05,6.4202718
2025-10-18 03:38:14.778,107004.52,0.0935,10004.922620000001
2025-10-18 03:38:15.673,107004.52,8e-05,8.5603616
2025-10-18 03:38:15.702,107004.53,0.00018,19.260815400000002
2025-10-18 03:38:15.732,107004.52,0.00011,11.770497200000001
2025-10-18 03:38:15.767,107004.52,0.0935,10004.922620000001
2025-10-18 03:38:16.174,107004.52,9e-05,9.630406800000001
2025-10-18 03:38:16.252,107004.53,0.00017,18.1907701
2025-10-18 03:38:16.591,107004.53,7e-05,7.4903170999999995
2025-10-18 03:38:16.683,107004.53,8e-05,8.5603624
2025-10-18 03:38:16.702,107004.52,0.0935,10004.922620000001
2025-10-18 03:38:16.837,107004.53,7e-05,7.4903170999999995
2025-10-18 03:38:16.881,107004.53,0.00015,16.050679499999998
2025-10-18 03:38:16.980,107004.53,0.09345,9999.5733285
2025-10-18 03:38:17.037,107004.53,0.0001,10.700453
2025-10-18 03:38:17.110,107004.53,0.0001,10.700453
2025-10-18 03:38:17.213,107004.53,0.00131,140.1759343
2025-10-18 03:38:17.218,107004.53,0.00011,11.7704983
2025-10-18 03:38:17.308,107004.53,0.0002,21.400906
2025-10-18 03:38:17.375,107004.53,0.00019,20.330860700000002
2025-10-18 03:38:17.383,107004.53,0.0001,10.700453
2025-10-18 03:38:17.484,107004.53,0.00018,19.260815400000002
2025-10-18 03:38:17.523,107004.53,0.00014,14.980634199999999
2025-10-18 03:38:17.631,107004.52,0.0935,10004.922620000001
2025-10-18 03:38:17.716,107004.53,0.00072,77.04326160000001
2025-10-18 03:38:17.748,107004.53,0.00076,81.32344280000001
2025-10-18 03:38:17.824,107004.53,0.00015,16.050679499999998
2025-10-18 03:38:17.982,107004.53,0.00047,50.2921291
2025-10-18 03:38:18.106,107004.53,0.09345,9999.5733285
2025-10-18 03:38:18.456,107004.52,0.00031,33.1714012
2025-10-18 03:38:18.518,107004.53,0.00015,16.050679499999998
2025-10-18 03:38:18.611,107004.52,0.0935,10004.922620000001
2025-10-18 03:38:18.710,107004.53,0.00066,70.6229898
2025-10-18 03:38:19.447,107004.53,0.00187,200.09847109999998
2025-10-18 03:38:19.599,107004.52,0.0935,10004.922620000001
2025-10-18 03:38:20.228,107004.53,0.02803,2999.3369758999997
2025-10-18 03:38:20.379,107004.53,0.00575,615.2760475
2025-10-18 03:38:20.532,107004.52,0.0935,10004.922620000001
2025-10-18 03:38:20.727,107004.52,0.06174,6606.4590648
2025-10-18 03:38:21.107,107004.53,0.01489,1593.2974517
2025-10-18 03:38:21.567,107004.52,0.0935,10004.922620000001
2025-10-18 03:38:21.592,107004.53,0.00071,75.9732163
2025-10-18 03:38:21.723,107004.52,0.00017,18.190768400000003
2025-10-18 03:38:22.582,107004.53,0.0009,96.30407699999999
2025-10-18 03:38:22.603,107004.52,0.0935,10004.922620000001
2025-10-18 03:38:22.641,107004.53,0.0001,10.700453
2025-10-18 03:38:23.590,107004.52,0.0935,10004.922620000001
2025-10-18 03:38:23.862,107004.53,0.00468,500.7812004
2025-10-18 03:38:23.869,107004.53,0.00104,111.28471119999999
2025-10-18 03:38:24.601,107004.52,0.00085,90.953842
2025-10-18 03:38:24.617,107004.52,0.0935,10004.922620000001
2025-10-18 03:38:25.030,107004.53,0.00017,18.1907701
2025-10-18 03:38:25.267,107004.53,0.01056,1129.9678368
2025-10-18 03:38:25.367,107004.52,0.0076,813.2343520000001
2025-10-18 03:38:25.767,107004.52,0.00093,99.51420360000002
2025-10-18 03:38:25.768,107004.52,0.0935,10004.922620000001
2025-10-18 03:38:26.582,107004.53,0.0006,64.20271799999999
2025-10-18 03:38:26.645,107004.53,0.00046,49.2220838
2025-10-18 03:38:26.718,107004.53,0.0001,10.700453
2025-10-18 03:38:26.798,107004.52,0.0935,10004.922620000001
2025-10-18 03:38:26.848,107004.53,0.0298,3188.734994
2025-10-18 03:38:27.052,107004.53,0.00139,148.7362967
2025-10-18 03:38:27.735,107004.52,0.0935,10004.922620000001
2025-10-18 03:38:28.331,107004.52,0.00017,18.190768400000003
2025-10-18 03:38:28.817,107004.52,0.0935,10004.922620000001
2025-10-18 03:38:29.554,107004.52,5e-05,5.350226
2025-10-18 03:38:29.771,107004.53,0.01869,1999.9146657
2025-10-18 03:38:29.817,107004.52,0.0935,10004.922620000001
2025-10-18 03:38:30.632,107004.53,0.00048,51.3621744
2025-10-18 03:38:31.010,107004.52,0.0935,10004.922620000001
2025-10-18 03:38:31.119,107004.52,0.04381,4687.8680212
2025-10-18 03:38:32.117,107004.52,0.0935,10004.922620000001
2025-10-18 03:38:32.297,107004.53,0.00624,667.7082672
2025-10-18 03:38:33.133,107004.52,0.0935,10004.922620000001
2025-10-18 03:38:33.215,107003.72,5e-05,5.350186
2025-10-18 03:38:33.415,107003.71,0.0082,877.4304220000001
2025-10-18 03:38:33.770,107003.71,0.00604,646.3024084000001
2025-10-18 03:38:33.905,107003.71,0.00025,26.750927500000003
2025-10-18 03:38:33.913,107003.71,0.00017,18.190630700000003
2025-10-18 03:38:33.945,107003.71,0.00092,98.44341320000001
2025-10-18 03:38:34.116,107003.7,0.0935,10004.845949999999
2025-10-18 03:38:34.188,107003.7,0.00016,17.120592000000002
2025-10-18 03:38:34.209,107003.71,0.00034,36.38126140000001
2025-10-18 03:38:34.835,107003.71,0.00057,60.9921147
2025-10-18 03:38:35.217,107003.7,0.0935,10004.845949999999
2025-10-18 03:38:35.352,107003.7,0.00486,520.0379819999999
2025-10-18 03:38:35.471,107003.71,0.00027,28.8910017
2025-10-18 03:38:35.689,107003.71,0.00012,12.840445200000001
2025-10-18 03:38:35.897,107003.71,0.00018,19.260667800000004
2025-10-18 03:38:36.247,107003.7,0.0935,10004.845949999999
2025-10-18 03:38:36.578,107003.7,6e-05,6.420222
2025-10-18 03:38:36.718,107003.71,0.00026,27.8209646
2025-10-18 03:38:36.924,107003.7,0.00017,18.190629
2025-10-18 03:38:37.170,107003.71,0.01011,1081.8075081
2025-10-18 03:38:37.340,107003.7,0.0935,10004.845949999999
2025-10-18 03:38:37.342,107003.71,0.0003,32.101113
2025-10-18 03:38:37.727,107003.71,0.02728,2919.0612088000003
2025-10-18 03:38:37.895,107003.71,0.00079,84.53293090000001
2025-10-18 03:38:38.417,107003.7,0.0935,10004.845949999999
2025-10-18 03:38:38.496,107003.71,0.00069,73.8325599
2025-10-18 03:38:38.498,107003.71,0.01869,1999.8993398999999
2025-10-18 03:38:38.533,107003.7,0.00024,25.680888
2025-10-18 03:38:38.733,107003.71,0.01061,1135.3093631
2025-10-18 03:38:39.183,107003.71,0.00027,28.8910017
2025-10-18 03:38:39.225,107003.71,0.02738,2929.7615798
2025-10-18 03:38:39.412,107003.7,0.0001,10.70037
2025-10-18 03:38:39.417,107003.7,0.0935,10004.845949999999
2025-10-18 03:38:39.771,107003.71,9e-05,9.630333900000002
2025-10-18 03:38:40.005,107003.71,0.00017,18.190630700000003
2025-10-18 03:38:40.114,107003.71,0.00239,255.73886690000003
2025-10-18 03:38:40.547,107003.71,0.00184,196.88682640000002
2025-10-18 03:38:40.596,107003.7,0.0935,10004.845949999999
2025-10-18 03:38:41.082,107003.7,0.00013,13.910480999999999
2025-10-18 03:38:41.592,107003.7,0.0935,10004.845949999999
2025-10-18 03:38:42.616,107003.7,0.0935,10004.845949999999
2025-10-18 03:38:42.668,107003.71,0.00031,33.171150100000006
2025-10-18 03:38:42.896,107003.71,0.00162,173.3460102
2025-10-18 03:38:43.017,107003.7,9e-05,9.630333
2025-10-18 03:38:43.360,107003.71,0.00093,99.51345030000002
2025-10-18 03:38:43.608,107003.7,0.0935,10004.845949999999
2025-10-18 03:38:44.048,107003.7,7e-05,7.490258999999999
2025-10-18 03:38:44.317,107003.71,0.04672,4999.2133312
2025-10-18 03:38:44.450,107003.71,0.00235,251.45871850000003
2025-10-18 03:38:44.612,107003.7,0.0935,10004.845949999999
2025-10-18 03:38:44.936,107003.7,9e-05,9.630333
2025-10-18 03:38:45.503,107003.7,0.00017,18.190629
2025-10-18 03:38:45.529,107003.71,0.15304,16375.847778400002
2025-10-18 03:38:45.534,107003.71,0.23602,25255.0156342
2025-10-18 03:38:45.557,107003.71,0.00494,528.5983274
2025-10-18 03:38:45.566,107003.71,0.14617,15640.7322907
2025-10-18 03:38:45.568,107003.71,0.005,535.01855
2025-10-18 03:38:45.569,107003.71,0.005,535.01855
2025-10-18 03:38:45.593,107003.71,0.03731,3992.3084201000006
2025-10-18 03:38:45.596,107007.99,0.00371,396.9996429
2025-10-18 03:38:45.615,107009.36,0.00015,16.051403999999998
2025-10-18 03:38:45.617,107009.75,0.0935,10005.411625
2025-10-18 03:38:45.633,107009.76,0.00226,241.84205759999998
2025-10-18 03:38:45.634,107009.77,0.00065,69.5563505
2025-10-18 03:38:45.696,107010.13,0.00677,724.4585801000001
2025-10-18 03:38:45.715,107016.82,5e-05,5.350841000000001
2025-10-18 03:38:45.753,107015.22,0.00173,185.1363306
2025-10-18 03:38:46.024,107015.22,0.00044,47.086696800000006
2025-10-18 03:38:46.060,107015.22,8e-05,8.5612176
2025-10-18 03:38:46.154,107015.23,0.00041,43.876244299999996
2025-10-18 03:38:46.602,107015.22,0.09349,10004.8529178
2025-10-18 03:38:46.625,107015.22,8e-05,8.5612176
2025-10-18 03:38:46.748,107015.22,7e-05,7.491065399999999
2025-10-18 03:38:46.840,107015.22,8e-05,8.5612176
2025-10-18 03:38:47.218,107015.22,0.00038,40.665783600000005
2025-10-18 03:38:47.517,107015.22,0.09349,10004.8529178
2025-10-18 03:38:48.610,107015.23,0.00017,18.1925891
2025-10-18 03:38:48.615,107015.22,0.09349,10004.8529178
2025-10-18 03:38:49.059,107015.23,0.00047,50.2971581
2025-10-18 03:38:49.268,107015.23,0.0006,64.209138
2025-10-18 03:38:49.631,107015.22,0.09349,10004.8529178
2025-10-18 03:38:50.216,107015.23,0.00262,280.3799026
2025-10-18 03:38:50.611,107015.22,0.09349,10004.8529178
2025-10-18 03:38:51.616,107015.22,0.09349,10004.8529178
2025-10-18 03:38:51.817,107015.23,0.0016,171.224368
2025-10-18 03:38:52.663,107015.22,0.09349,10004.8529178
2025-10-18 03:38:52.770,107015.22,0.00021,22.4731962
2025-10-18 03:38:53.803,107015.22,0.09349,10004.8529178
2025-10-18 03:38:53.865,107015.23,0.00659,705.2303657
2025-10-18 03:38:54.200,107015.23,0.07393,7911.6359539
2025-10-18 03:38:54.381,107015.22,0.00017,18.1925874
2025-10-18 03:38:54.817,107015.23,0.00017,18.1925891
2025-10-18 03:38:54.891,107015.22,0.09349,10004.8529178
2025-10-18 03:38:55.218,107015.23,0.00026,27.823959799999997
2025-10-18 03:38:56.035,107015.22,0.09349,10004.8529178
2025-10-18 03:38:56.472,107015.22,9e-05,9.6313698
2025-10-18 03:38:57.216,107015.22,0.09349,10004.8529178
2025-10-18 03:38:57.432,107015.23,0.00077,82.40172709999999
2025-10-18 03:38:57.624,107015.22,9e-05,9.6313698
2025-10-18 03:38:58.146,107015.22,8e-05,8.5612176
2025-10-18 03:38:58.329,107015.22,8e-05,8.5612176
2025-10-18 03:38:58.375,107015.22,0.09349,10004.8529178
2025-10-18 03:38:58.703,107015.22,8e-05,8.5612176
2025-10-18 03:38:58.975,107015.22,9e-05,9.6313698
2025-10-18 03:38:59.123,107015.23,0.00047,50.2971581
2025-10-18 03:38:59.295,107015.22,0.00093,99.5241546
2025-10-18 03:38:59.416,107015.22,8e-05,8.5612176
2025-10-18 03:38:59.452,107015.22,8e-05,8.5612176
2025-10-18 03:38:59.467,107015.22,0.09349,10004.8529178
2025-10-18 03:39:00.403,107015.22,0.09349,10004.8529178
2025-10-18 03:39:00.739,107015.23,0.00329,352.0801067
2025-10-18 03:39:00.921,107015.22,7e-05,7.491065399999999
2025-10-18 03:39:01.094,107015.23,0.00017,18.1925891
2025-10-18 03:39:01.543,107015.22,0.09349,10004.8529178
2025-10-18 03:39:01.584,107015.22,9e-05,9.6313698
2025-10-18 03:39:01.806,107015.23,0.00382,408.79817859999997
2025-10-18 03:39:02.008,107015.22,7e-05,7.491065399999999
2025-10-18 03:39:02.299,107015.22,8e-05,8.5612176
2025-10-18 03:39:02.635,107015.22,0.09349,10004.8529178
2025-10-18 03:39:03.462,107015.23,0.00304,325.3262992
2025-10-18 03:39:03.717,107015.22,0.09349,10004.8529178
2025-10-18 03:39:03.844,107015.23,0.24603,26328.9570369
2025-10-18 03:39:03.846,107015.23,0.15088,16146.457902399998
2025-10-18 03:39:03.855,107015.23,0.00277,296.43218709999996
2025-10-18 03:39:03.876,107015.24,0.005,535.0762000000001
2025-10-18 03:39:03.877,107015.24,0.00437,467.6565988
2025-10-18 03:39:03.878,107015.24,0.00376,402.3773024
2025-10-18 03:39:03.884,107017.27,0.0014,149.82417800000002
2025-10-18 03:39:03.904,107017.28,0.00463,495.49000639999997
2025-10-18 03:39:03.906,107017.28,0.005,535.0864
2025-10-18 03:39:03.915,107022.53,5e-05,5.3511265
2025-10-18 03:39:03.920,107028.24,0.028,2996.7907200000004
2025-10-18 03:39:03.922,107028.24,0.09339,9995.367333600001
2025-10-18 03:39:03.983,107028.24,0.00708,757.7599392000001
2025-10-18 03:39:04.004,107030.07,0.00015,16.0545105
2025-10-18 03:39:04.015,107036.09,6e-05,6.4221654
2025-10-18 03:39:04.020,107041.14,6e-05,6.4224684000000005
2025-10-18 03:39:04.110,107041.14,0.005,535.2057
2025-10-18 03:39:04.113,107041.14,0.00603,645.4580741999999
2025-10-18 03:39:04.117,107041.14,0.00392,419.60126879999996
2025-10-18 03:39:04.119,107041.14,0.01495,1600.2650429999999
2025-10-18 03:39:04.120,107041.14,0.00156,166.9841784
2025-10-18 03:39:04.180,107041.13,0.00017,18.196992100000003
2025-10-18 03:39:04.320,107041.13,8e-05,8.563290400000001
2025-10-18 03:39:04.703,107041.13,0.09347,10005.1344211
2025-10-18 03:39:05.096,107041.14,0.00091,97.4074374
2025-10-18 03:39:05.816,107041.13,0.09347,10005.1344211
2025-10-18 03:39:06.314,107041.13,0.0028,299.715164
2025-10-18 03:39:06.717,107041.14,0.00049,52.450158599999995
2025-10-18 03:39:06.825,107041.13,0.09347,10005.1344211
2025-10-18 03:39:07.315,107041.14,0.01028,1100.3829191999998
2025-10-18 03:39:07.317,107041.15,0.0001,10.704115
2025-10-18 03:39:07.325,107044.3,0.00115,123.100945
2025-10-18 03:39:07.339,107047.33,0.0001,10.704733000000001
2025-10-18 03:39:07.853,107047.55,0.00087,93.13136850000001
2025-10-18 03:39:07.907,107047.55,0.09346,10004.664023000001
2025-10-18 03:39:08.616,107052.0,0.002,214.104
2025-10-18 03:39:08.617,107054.79,0.00073,78.14999669999999
2025-10-18 03:39:08.624,107054.79,0.00606,648.7520274
2025-10-18 03:39:08.687,107054.79,0.00889,951.7170831
2025-10-18 03:39:08.817,107054.78,0.09346,10005.3397388
2025-10-18 03:39:08.840,107054.79,0.01495,1600.4691105
2025-10-18 03:39:08.894,107054.79,0.00011,11.7760269
2025-10-18 03:39:09.203,107054.79,0.00093,99.5609547
2025-10-18 03:39:09.462,107054.78,6e-05,6.4232868000000005
2025-10-18 03:39:09.507,107054.79,0.01546,1655.0670533999998
2025-10-18 03:39:09.881,107054.78,0.09346,10005.3397388
2025-10-18 03:39:10.546,107054.79,0.00017,18.1993143
2025-10-18 03:39:10.605,107054.78,0.0617,6605.279925999999
2025-10-18 03:39:10.817,107054.79,0.00011,11.7760269
2025-10-18 03:39:10.917,107054.78,0.09346,10005.3397388
2025-10-18 03:39:11.223,107054.78,0.4516,48345.938648
2025-10-18 03:39:11.224,107054.0,0.00015,16.0581
2025-10-18 03:39:11.225,107053.7,0.0001,10.70537
2025-10-18 03:39:11.226,107050.28,0.00015,16.057541999999998
2025-10-18 03:39:11.231,107050.26,0.00035,37.467591
2025-10-18 03:39:12.117,107048.36,0.05448,5831.9946528
2025-10-18 03:39:12.269,107048.36,9e-05,9.634352400000001
2025-10-18 03:39:12.318,107048.36,0.00021,22.4801556
2025-10-18 03:39:12.666,107048.37,5e-05,5.3524185
2025-10-18 03:39:13.733,107048.36,0.00017,18.198221200000003
2025-10-18 03:39:13.770,107048.36,0.00152,162.7135072
2025-10-18 03:39:14.345,107048.36,0.00074,79.2157864
2025-10-18 03:39:14.439,107048.37,0.00032,34.2554784
2025-10-18 03:39:14.507,107048.36,0.00017,18.198221200000003
2025-10-18 03:39:15.090,107048.36,7e-05,7.4933852
2025-10-18 03:39:15.156,107048.36,9e-05,9.634352400000001
2025-10-18 03:39:15.396,107048.36,0.00017,18.198221200000003
2025-10-18 03:39:16.042,107048.36,9e-05,9.634352400000001
2025-10-18 03:39:16.117,107048.37,0.02812,3010.2001643999997
2025-10-18 03:39:16.912,107048.37,0.00043,46.030799099999996
2025-10-18 03:39:16.984,107048.36,8e-05,8.563868800000002
2025-10-18 03:39:17.361,107048.36,9e-05,9.634352400000001
2025-10-18 03:39:17.522,107048.36,0.07,7493.385200000001
2025-10-18 03:39:17.738,107048.37,0.0002,21.409674
2025-10-18 03:39:17.907,107048.37,0.00242,259.05705539999997
2025-10-18 03:39:17.982,107048.36,9e-05,9.634352400000001
2025-10-18 03:39:18.044,107048.36,8e-05,8.563868800000002
2025-10-18 03:39:18.393,107048.37,0.00179,191.61658229999998
2025-10-18 03:39:18.846,107048.36,9e-05,9.634352400000001
2025-10-18 03:39:19.210,107048.37,0.00017,18.1982229
2025-10-18 03:39:19.429,107048.36,9e-05,9.634352400000001
2025-10-18 03:39:19.934,107048.37,0.02928,3134.3762736
2025-10-18 03:39:20.625,107048.37,0.00616,659.4179591999999
2025-10-18 03:39:20.705,107048.37,0.001,107.04836999999999
2025-10-18 03:39:21.023,107048.37,0.0339,3628.939743
2025-10-18 03:39:21.338,107048.36,0.00018,19.268704800000002
2025-10-18 03:39:21.800,107048.36,0.00018,19.268704800000002
2025-10-18 03:39:21.851,107048.36,0.09346,10004.7397256
2025-10-18 03:39:22.215,107048.36,0.00017,18.198221200000003
2025-10-18 03:39:22.962,107048.36,0.00019,20.3391884
2025-10-18 03:39:23.099,107048.36,0.01463,1566.1175068
2025-10-18 03:39:23.101,107048.36,0.02989,3199.6754804
2025-10-18 03:39:23.448,107048.36,0.00141,150.9381876
2025-10-18 03:39:23.632,107048.36,0.00187,200.18043319999998
2025-10-18 03:39:23.881,107048.36,0.04671,5000.2288956
2025-10-18 03:39:24.239,107048.35,0.01487,1591.8089645
2025-10-18 03:39:24.315,107048.35,0.00152,162.71349200000003
2025-10-18 03:39:24.352,107047.55,0.00824,882.0718120000001
2025-10-18 03:39:24.357,107047.53,0.00115,123.1046595
2025-10-18 03:39:24.360,107045.25,6e-05,6.422715
2025-10-18 03:39:24.745,107044.08,0.00947,1013.7074375999999
2025-10-18 03:39:24.746,107040.48,0.03275,3505.57572
2025-10-18 03:39:24.748,107040.48,0.0004,42.816192
2025-10-18 03:39:24.751,107038.73,0.00165,176.6139045
2025-10-18 03:39:24.792,107037.66,5e-05,5.351883000000001
2025-10-18 03:39:24.835,107037.66,0.01007,1077.8692362000002
2025-10-18 03:39:24.837,107036.12,0.0002,21.407224
2025-10-18 03:39:24.841,107035.5,8e-05,8.562840000000001
2025-10-18 03:39:24.843,107035.5,0.00037,39.603135
2025-10-18 03:39:24.847,107035.5,0.00095,101.683725
2025-10-18 03:39:24.852,107034.32,0.0002,21.406864000000002
2025-10-18 03:39:24.858,107033.95,5e-05,5.3516975
2025-10-18 03:39:24.881,107032.8,0.0008,85.62624000000001
2025-10-18 03:39:24.891,107029.98,0.00639,683.9215722
2025-10-18 03:39:24.894,107029.98,0.00403,431.33081939999994
2025-10-18 03:39:24.907,107029.0,0.00121,129.50509
2025-10-18 03:39:24.939,107027.73,0.0002,21.405546
2025-10-18 03:39:24.951,107025.82,9e-05,9.632323800000002
2025-10-18 03:39:24.955,107025.82,0.00136,145.55511520000002
2025-10-18 03:39:25.085,107025.81,0.012,1284.30972
2025-10-18 03:39:25.161,107025.81,0.30195,32316.443329499998
2025-10-18 03:39:25.163,107022.91,0.00015,16.0534365
2025-10-18 03:39:25.167,107022.65,0.0002,21.40453
2025-10-18 03:39:25.168,107022.39,5e-05,5.3511195
2025-10-18 03:39:25.175,107021.33,0.00073,78.1255709
2025-10-18 03:39:25.178,107021.33,0.00588,629.2854204
2025-10-18 03:39:25.180,107015.21,0.00092,98.45399320000001
2025-10-18 03:39:25.218,107015.21,0.00523,559.6895483000001
2025-10-18 03:39:25.573,107015.22,5e-05,5.350761
2025-10-18 03:39:25.647,107015.22,0.00934,999.5221548
2025-10-18 03:39:25.670,107015.21,8e-05,8.5612168
2025-10-18 03:39:25.901,107015.21,0.00017,18.192585700000002
2025-10-18 03:39:25.953,107015.21,8e-05,8.5612168
2025-10-18 03:39:26.217,107015.21,0.01069,1143.9925949
2025-10-18 03:39:26.428,107015.21,0.001,107.01521000000001
2025-10-18 03:39:26.429,107015.21,0.001,107.01521000000001
2025-10-18 03:39:26.442,107015.21,0.00917,981.3294757
2025-10-18 03:39:26.445,107015.21,0.0021,224.731941
2025-10-18 03:39:26.447,107015.21,0.0071,759.8079910000001
2025-10-18 03:39:26.490,107014.88,0.0009,96.31339200000001
2025-10-18 03:39:26.496,107014.88,0.00094,100.5939872
2025-10-18 03:39:26.540,107008.44,5e-05,5.350422
2025-10-18 03:39:26.584,107008.28,0.00095,101.657866
2025-10-18 03:39:26.634,107008.11,0.00148,158.3720028
2025-10-18 03:39:27.019,107008.11,0.00052,55.64421719999999
2025-10-18 03:39:27.317,107008.1,0.00167,178.703527
2025-10-18 03:39:27.404,107008.11,0.00202,216.15638220000002
2025-10-18 03:39:27.662,107004.0,0.00059,63.132360000000006
2025-10-18 03:39:27.915,107000.01,0.00025,26.7500025
2025-10-18 03:39:28.153,107000.01,0.01427,1526.8901426999998
2025-10-18 03:39:28.417,107000.0,0.0935,10004.5
2025-10-18 03:39:28.489,107000.0,6e-05,6.42
2025-10-18 03:39:28.532,107000.01,0.00035,37.4500035
2025-10-18 03:39:28.592,107000.01,0.00013,13.910001299999998
2025-10-18 03:39:28.861,107000.0,0.1177,12593.9
2025-10-18 03:39:28.972,107000.0,8e-05,8.56
2025-10-18 03:39:29.158,107000.01,9e-05,9.6300009
2025-10-18 03:39:29.301,107000.0,9e-05,9.63
2025-10-18 03:39:29.517,107000.0,0.0935,10004.5
2025-10-18 03:39:29.585,107000.01,0.00052,55.64000519999999
2025-10-18 03:39:30.016,107000.0,0.00026,27.819999999999997
2025-10-18 03:39:30.699,107000.0,0.0935,10004.5
2025-10-18 03:39:30.713,107000.0,0.06173,6605.11
2025-10-18 03:39:30.874,107000.0,0.00018,19.26
2025-10-18 03:39:31.113,107000.01,0.01831,1959.1701830999998
2025-10-18 03:39:31.233,107000.01,0.00027,28.8900027
2025-10-18 03:39:31.319,107000.0,0.00026,27.819999999999997
2025-10-18 03:39:31.651,107000.0,8e-05,8.56
2025-10-18 03:39:31.784,107000.0,0.0935,10004.5
2025-10-18 03:39:32.286,107000.0,9e-05,9.63
2025-10-18 03:39:32.512,107000.01,0.00934,999.3800933999999
2025-10-18 03:39:32.823,107000.0,0.0935,10004.5
2025-10-18 03:39:32.981,107000.0,0.00074,79.17999999999999
2025-10-18 03:39:33.026,107000.0,0.0001,10.700000000000001
2025-10-18 03:39:33.618,107000.01,0.0002,21.400002
2025-10-18 03:39:33.908,107000.01,0.00033,35.3100033
2025-10-18 03:39:33.966,107000.0,0.0935,10004.5
2025-10-18 03:39:34.168,107000.0,8e-05,8.56
2025-10-18 03:39:34.169,107000.01,0.00086,92.0200086
2025-10-18 03:39:34.639,107000.0,8e-05,8.56
2025-10-18 03:39:35.097,107000.0,0.02,2140.0
2025-10-18 03:39:35.111,107000.0,0.0935,10004.5
2025-10-18 03:39:35.546,107000.01,0.00021,22.4700021
2025-10-18 03:39:35.745,107000.0,8e-05,8.56
2025-10-18 03:39:35.800,107000.0,0.11771,12594.97
2025-10-18 03:39:36.023,107000.0,0.00491,525.37
2025-10-18 03:39:36.217,107000.0,0.0935,10004.5
2025-10-18 03:39:36.460,107000.0,0.00018,19.26
2025-10-18 03:39:36.576,107000.0,0.00011,11.77
2025-10-18 03:39:37.140,107000.0,0.00016,17.12
2025-10-18 03:39:37.230,107000.0,0.0935,10004.5
2025-10-18 03:39:37.393,107000.01,0.02271,2429.9702271
2025-10-18 03:39:37.562,107000.0,9e-05,9.63
2025-10-18 03:39:38.066,107000.01,0.00093,99.51000930000001
2025-10-18 03:39:38.273,107000.0,0.00093,99.51
2025-10-18 03:39:38.287,107000.0,0.00954,1020.78
2025-10-18 03:39:38.317,107000.0,0.0935,10004.5
2025-10-18 03:39:38.811,107000.0,0.01401,1499.07
2025-10-18 03:39:38.884,107000.0,8e-05,8.56
2025-10-18 03:39:39.396,107000.01,0.00501,536.0700500999999
2025-10-18 03:39:39.416,107000.0,0.0935,10004.5
2025-10-18 03:39:39.472,107000.01,0.00017,18.1900017
2025-10-18 03:39:39.604,107000.01,0.19831,21219.171983099997
2025-10-18 03:39:39.903,107000.0,9e-05,9.63
2025-10-18 03:39:40.023,107000.0,0.00025,26.75
2025-10-18 03:39:40.401,107000.0,9e-05,9.63
2025-10-18 03:39:40.503,107000.0,0.0935,10004.5
2025-10-18 03:39:40.514,107000.0,0.00036,38.52
2025-10-18 03:39:41.065,107000.01,0.00016,17.120001600000002
2025-10-18 03:39:41.163,107000.0,1.0,107000.0
2025-10-18 03:39:41.516,107000.0,0.0935,10004.5
2025-10-18 03:39:41.694,107000.01,0.00249,266.4300249
2025-10-18 03:39:41.804,107000.01,0.00014,14.980001399999997
2025-10-18 03:39:42.018,107000.0,0.00119,127.33000000000001
2025-10-18 03:39:42.141,107000.0,9e-05,9.63
2025-10-18 03:39:42.307,107000.01,7e-05,7.490000699999999
2025-10-18 03:39:42.567,107000.0,0.0935,10004.5
2025-10-18 03:39:43.576,107000.0,0.00026,27.819999999999997
2025-10-18 03:39:43.603,107000.0,0.0935,10004.5
2025-10-18 03:39:43.801,107000.01,0.028,2996.0002799999997
2025-10-18 03:39:44.518,107000.0,0.00057,60.989999999999995
2025-10-18 03:39:44.644,107000.0,0.0935,10004.5
2025-10-18 03:39:44.843,107000.0,0.00014,14.979999999999999
2025-10-18 03:39:44.851,107000.0,7e-05,7.489999999999999
2025-10-18 03:39:45.076,107000.01,8e-05,8.560000800000001
2025-10-18 03:39:45.630,107000.0,0.0935,10004.5
2025-10-18 03:39:45.810,107000.0,0.00019,20.330000000000002
2025-10-18 03:39:46.092,107000.0,0.00027,28.89
2025-10-18 03:39:46.309,107000.0,0.00046,49.22
2025-10-18 03:39:46.717,107000.0,0.0935,10004.5
2025-10-18 03:39:47.017,107000.0,0.00018,19.26
2025-10-18 03:39:47.624,107000.01,9e-05,9.6300009
2025-10-18 03:39:47.728,107000.0,0.0935,10004.5
2025-10-18 03:39:47.762,107000.0,0.00232,248.24
2025-10-18 03:39:48.742,107000.0,0.0935,10004.5
2025-10-18 03:39:49.023,107000.0,0.00051,54.57000000000001
2025-10-18 03:39:49.162,107000.0,9e-05,9.63
2025-10-18 03:39:49.236,107000.0,9e-05,9.63
2025-10-18 03:39:49.433,107000.01,0.04472,4785.0404472
2025-10-18 03:39:49.635,107000.0,0.00025,26.75
2025-10-18 03:39:49.704,107000.0,0.00019,20.330000000000002
2025-10-18 03:39:49.726,107000.0,0.0935,10004.5
2025-10-18 03:39:49.870,107000.01,0.028,2996.0002799999997
2025-10-18 03:39:50.871,107000.0,0.0935,10004.5
2025-10-18 03:39:51.373,107000.01,0.0001,10.700001
2025-10-18 03:39:51.839,107000.01,0.00018,19.2600018
2025-10-18 03:39:51.911,107000.0,0.0935,10004.5
2025-10-18 03:39:51.987,107000.01,0.00455,486.8500455
2025-10-18 03:39:52.153,107000.0,0.02604,2786.28
2025-10-18 03:39:52.913,107000.01,0.00034,36.3800034
2025-10-18 03:39:53.050,107000.0,0.0935,10004.5
2025-10-18 03:39:53.348,107000.0,8e-05,8.56
2025-10-18 03:39:53.403,107000.01,0.0011,117.700011
2025-10-18 03:39:54.242,107000.0,0.03242,3468.9399999999996
2025-10-18 03:39:54.317,107000.0,0.0935,10004.5
2025-10-18 03:39:54.632,107000.01,5e-05,5.3500005
2025-10-18 03:39:55.310,107000.01,0.018,1926.0001799999998
2025-10-18 03:39:55.417,107000.0,0.0935,10004.5
2025-10-18 03:39:55.644,107000.01,0.01,1070.0001
2025-10-18 03:39:55.979,107000.01,0.00183,195.8100183
2025-10-18 03:39:56.517,107000.0,0.0935,10004.5
2025-10-18 03:39:56.817,107000.0,0.00027,28.89
2025-10-18 03:39:57.517,107000.01,0.00468,500.7600468
2025-10-18 03:39:57.671,107000.0,0.0935,10004.5
2025-10-18 03:39:58.126,107000.0,0.02955,3161.85
2025-10-18 03:39:58.445,107000.0,9e-05,9.63
2025-10-18 03:39:58.649,107000.0,0.0935,10004.5
2025-10-18 03:39:59.259,107000.0,0.00097,103.79
2025-10-18 03:39:59.599,107000.01,0.00589,630.2300589
2025-10-18 03:39:59.687,107000.0,0.032,3424.0
2025-10-18 03:40:00.026,107000.0,0.00027,28.89
2025-10-18 03:40:00.504,107000.01,0.00022,23.5400022
2025-10-18 03:40:00.515,106999.97,0.00015,16.049995499999998
2025-10-18 03:40:00.620,106999.97,0.00047,50.2899859
2025-10-18 03:40:00.817,106999.96,0.0935,10004.49626
2025-10-18 03:40:00.989,106999.97,0.00014,14.9799958
2025-10-18 03:40:01.149,106999.96,0.01857,1986.9892572
2025-10-18 03:40:01.249,106999.96,0.00026,27.8199896
2025-10-18 03:40:01.520,106999.96,0.00093,99.50996280000001
2025-10-18 03:40:01.524,106999.95,0.06173,6605.1069135
2025-10-18 03:40:01.915,106999.95,0.0935,10004.495325
2025-10-18 03:40:02.006,106999.96,0.00014,14.979994399999999
2025-10-18 03:40:02.894,106999.95,0.00018,19.259991
2025-10-18 03:40:02.965,106999.95,0.0935,10004.495325
2025-10-18 03:40:03.047,106999.95,0.00018,19.259991
2025-10-18 03:40:03.150,106999.96,8e-05,8.5599968
2025-10-18 03:40:03.361,106999.95,0.00309,330.6298455
2025-10-18 03:40:03.382,106998.81,0.0005,53.499405
2025-10-18 03:40:03.435,106998.12,0.00015,16.049718
2025-10-18 03:40:03.453,106998.0,0.00422,451.53155999999996
2025-10-18 03:40:03.456,106997.58,0.0005,53.49879
2025-10-18 03:40:03.501,106996.9,0.0007,74.89783
2025-10-18 03:40:03.503,106994.05,0.00015,16.049107499999998
2025-10-18 03:40:03.505,106993.96,0.00025,26.748490000000004
2025-10-18 03:40:03.508,106993.61,0.0003,32.098082999999995
2025-10-18 03:40:03.515,106993.25,6e-05,6.419595
2025-10-18 03:40:03.924,106992.3,0.0001,10.69923
2025-10-18 03:40:03.925,106992.3,0.0001,10.69923
2025-10-18 03:40:03.983,106991.36,0.00105,112.34092799999999
2025-10-18 03:40:03.986,106990.9,0.00085,90.94226499999999
2025-10-18 03:40:03.988,106990.9,0.0002,21.39818
2025-10-18 03:40:03.990,106990.9,0.0002,21.39818
2025-10-18 03:40:03.992,106990.89,0.00014,14.978724599999998
2025-10-18 03:40:03.993,106990.9,0.00015,16.048634999999997
2025-10-18 03:40:03.994,106990.89,0.00037,39.5866293
2025-10-18 03:40:03.996,106990.0,0.00376,402.2824
2025-10-18 03:40:04.202,106989.3,0.00768,821.677824
2025-10-18 03:40:04.451,106989.31,0.00048,51.3548688
2025-10-18 03:40:04.897,106989.3,0.00018,19.258074
2025-10-18 03:40:05.020,106989.14,5e-05,5.349457
2025-10-18 03:40:05.025,106988.9,0.00654,699.707406
2025-10-18 03:40:05.026,106988.9,0.012,1283.8668
2025-10-18 03:40:05.031,106988.9,0.012,1283.8668
2025-10-18 03:40:05.317,106988.9,0.08163,8733.503906999998
2025-10-18 03:40:06.158,106988.9,0.00065,69.542785
2025-10-18 03:40:06.275,106988.9,0.04165,4456.0876849999995
2025-10-18 03:40:07.290,106988.88,0.0002,21.397776
2025-10-18 03:40:07.367,106988.27,0.00101,108.05815270000001
2025-10-18 03:40:07.544,106988.27,0.00051,54.56401770000001
2025-10-18 03:40:07.628,106988.22,0.00031,33.1663482
2025-10-18 03:40:08.045,106986.5,0.01008,1078.42392
2025-10-18 03:40:08.216,106986.5,0.012,1283.838
2025-10-18 03:40:08.304,106985.05,0.00465,497.4804825
2025-10-18 03:40:08.350,106985.06,0.00093,99.49610580000001
2025-10-18 03:40:09.039,106985.06,7e-05,7.488954199999999
2025-10-18 03:40:09.245,106985.06,0.00017,18.1874602
2025-10-18 03:40:09.343,106985.05,0.09352,10005.241876
2025-10-18 03:40:09.467,106985.05,0.05957,6373.0994285
2025-10-18 03:40:09.633,106985.06,0.0008,85.588048
2025-10-18 03:40:10.219,106985.05,9e-05,9.628654500000001
2025-10-18 03:40:10.250,106985.06,0.00056,59.911633599999995
2025-10-18 03:40:10.335,106985.05,0.09352,10005.241876
2025-10-18 03:40:10.341,106985.06,0.0005,53.49253
2025-10-18 03:40:10.950,106985.06,0.0187,2000.6206220000001
2025-10-18 03:40:11.416,106985.05,0.09352,10005.241876
2025-10-18 03:40:11.583,106985.06,0.00024,25.6764144
2025-10-18 03:40:11.778,106985.05,7e-05,7.488953499999999
2025-10-18 03:40:12.559,106985.05,0.09352,10005.241876
2025-10-18 03:40:12.857,106985.06,0.00054,57.7719324
2025-10-18 03:40:12.947,106985.06,0.00112,119.82326719999999
2025-10-18 03:40:13.485,106985.05,0.00017,18.1874585
2025-10-18 03:40:13.543,106985.05,0.09352,10005.241876
2025-10-18 03:40:14.112,106985.05,0.00021,22.466860500000003
2025-10-18 03:40:14.617,106985.05,0.09352,10005.241876
2025-10-18 03:40:15.050,106985.05,0.012,1283.8206
2025-10-18 03:40:15.232,106985.05,0.00027,28.885963500000003
2025-10-18 03:40:15.672,106985.05,0.09352,10005.241876
2025-10-18 03:40:16.151,106985.06,0.00037,39.5844722
2025-10-18 03:40:16.520,106985.05,0.001,106.98505
2025-10-18 03:40:16.583,106985.05,9e-05,9.628654500000001
2025-10-18 03:40:16.655,106985.05,0.02995,3204.2022475000003
2025-10-18 03:40:16.914,106985.06,0.01488,1591.9376928000001
2025-10-18 03:40:17.229,106985.05,0.00018,19.257309000000003
2025-10-18 03:40:17.415,106985.05,0.0042,449.33720999999997
2025-10-18 03:40:17.617,106985.05,0.03046,3258.764623
2025-10-18 03:40:17.619,106985.03,0.0002,21.397006
2025-10-18 03:40:17.832,106984.99,0.01402,1499.9295598
2025-10-18 03:40:18.179,106984.98,0.0009,96.28648199999999
2025-10-18 03:40:18.291,106982.1,0.00015,16.047315
2025-10-18 03:40:18.575,106981.85,7e-05,7.4887295
2025-10-18 03:40:18.616,106981.84,0.09352,10004.941676800001
2025-10-18 03:40:19.412,106981.85,0.00017,18.186914500000004
2025-10-18 03:40:19.508,106981.85,0.04952,5297.741212000001
2025-10-18 03:40:19.532,106981.85,0.00064,68.46838400000001
2025-10-18 03:40:19.577,106981.85,0.01049,1122.2396065
2025-10-18 03:40:19.613,106981.84,9e-05,9.6283656
2025-10-18 03:40:19.616,106981.84,0.09352,10004.941676800001
2025-10-18 03:40:19.695,106981.84,0.00055,58.840012
2025-10-18 03:40:19.889,106981.85,0.00633,677.1951105
2025-10-18 03:40:20.119,106981.84,9e-05,9.6283656
2025-10-18 03:40:20.518,106981.85,0.00063,67.3985655
2025-10-18 03:40:20.602,106981.84,0.09352,10004.941676800001
2025-10-18 03:40:20.732,106981.85,0.00091,97.35348350000001
2025-10-18 03:40:20.833,106981.84,0.00012,12.8378208
2025-10-18 03:40:21.171,106981.85,0.0034,363.73829
2025-10-18 03:40:21.267,106981.85,0.02332,2494.816742
2025-10-18 03:40:21.457,106981.84,0.00089,95.21383759999999
2025-10-18 03:40:21.464,106981.16,0.00721,771.3341636
2025-10-18 03:40:21.472,106981.16,0.012,1283.77392
2025-10-18 03:40:21.640,106981.16,0.09263,9909.664850800002
2025-10-18 03:40:21.922,106981.16,0.001,106.98116
2025-10-18 03:40:22.215,106981.16,0.00099,105.91134840000001
2025-10-18 03:40:22.311,106981.14,0.00085,90.93396899999999
2025-10-18 03:40:22.617,106981.14,0.00068,72.7471752
2025-10-18 03:40:23.717,106981.14,0.00075,80.235855
2025-10-18 03:40:23.753,106981.14,0.00017,18.1867938
2025-10-18 03:40:23.871,106981.15,0.00023,24.6056645
2025-10-18 03:40:24.190,106981.14,0.00012,12.8377368
2025-10-18 03:40:24.446,106980.01,0.00015,16.047001499999997
2025-10-18 03:40:24.449,106980.0,0.0012,128.37599999999998
2025-10-18 03:40:24.817,106979.99,0.00283,302.7533717
2025-10-18 03:40:25.029,106980.0,0.0005,53.49
2025-10-18 03:40:25.477,106980.0,0.0003,32.093999999999994
2025-10-18 03:40:25.678,106980.0,0.00064,68.4672
2025-10-18 03:40:25.722,106980.0,0.04925,5268.765
2025-10-18 03:40:25.766,106980.0,0.0105,1123.29
2025-10-18 03:40:25.827,106979.99,0.00072,77.02559280000001
2025-10-18 03:40:25.904,106979.99,9e-05,9.628199100000002
2025-10-18 03:40:26.765,106979.99,0.00049,52.4201951
2025-10-18 03:40:27.465,106980.0,0.00024,25.6752
2025-10-18 03:40:27.490,106980.0,0.00059,63.1182
2025-10-18 03:40:27.612,106980.0,0.00019,20.3262
2025-10-18 03:40:27.750,106980.0,0.00017,18.186600000000002
2025-10-18 03:40:27.852,106979.99,0.00148,158.3303852
2025-10-18 03:40:28.032,106980.0,0.0001,10.698
2025-10-18 03:40:28.071,106980.0,0.08967,9592.8966
2025-10-18 03:40:28.181,106980.0,0.0001,10.698
2025-10-18 03:40:28.232,106980.0,0.0001,10.698
2025-10-18 03:40:28.359,106980.0,0.00112,119.81759999999998
2025-10-18 03:40:28.385,106980.0,8e-05,8.5584
2025-10-18 03:40:28.481,106980.0,0.0001,10.698
2025-10-18 03:40:28.483,106979.99,0.00019,20.326198100000003
2025-10-18 03:40:28.524,106980.0,0.0003,32.093999999999994
2025-10-18 03:40:28.689,106980.0,0.00369,394.75620000000004
2025-10-18 03:40:28.715,106978.18,0.00015,16.046726999999997
2025-10-18 03:40:28.876,106978.18,0.04,4279.1272
2025-10-18 03:40:28.925,106978.18,0.00109,116.60621619999999
2025-10-18 03:40:28.992,106978.17,0.09353,10005.6682401
2025-10-18 03:40:29.242,106978.18,0.00234,250.3289412
2025-10-18 03:40:29.299,106978.18,0.02414,2582.4532652
2025-10-18 03:40:29.501,106978.18,0.5,53489.09
2025-10-18 03:40:29.540,106978.18,0.00664,710.3351151999999
2025-10-18 03:40:29.602,106978.18,0.04964,5310.3968552
2025-10-18 03:40:29.682,106978.18,0.0001,10.697818
2025-10-18 03:40:29.785,106978.18,0.0105,1123.27089
2025-10-18 03:40:29.864,106978.17,0.00117,125.1644589
2025-10-18 03:40:29.923,106978.17,0.09353,10005.6682401
2025-10-18 03:40:30.137,106978.18,8e-05,8.558254400000001
2025-10-18 03:40:30.162,106978.18,0.0001,10.697818
2025-10-18 03:40:30.186,106978.18,0.0168,1797.2334239999998
2025-10-18 03:40:30.912,106978.17,0.09353,10005.6682401
2025-10-18 03:40:31.414,106978.18,0.01125,1203.5045249999998
2025-10-18 03:40:32.114,106978.17,0.00085,90.9314445
2025-10-18 03:40:32.131,106978.17,9e-05,9.6280353
2025-10-18 03:40:32.217,106978.17,0.09353,10005.6682401
2025-10-18 03:40:32.437,106978.17,0.00028,29.953887599999998
2025-10-18 03:40:32.728,106978.17,0.0002,21.395634
2025-10-18 03:40:32.735,106978.17,0.00018,19.2560706
2025-10-18 03:40:32.875,106978.18,0.00058,62.04734439999999
2025-10-18 03:40:33.255,106978.17,0.09353,10005.6682401
2025-10-18 03:40:33.717,106978.18,0.023,2460.4981399999997
2025-10-18 03:40:34.008,106978.18,0.005,534.8909
2025-10-18 03:40:34.010,106978.18,0.12505,13377.621409
2025-10-18 03:40:34.012,106978.19,0.01279,1368.2510501
2025-10-18 03:40:34.017,106979.99,0.00219,234.28617810000003
2025-10-18 03:40:34.020,106979.99,0.00155,165.8189845
2025-10-18 03:40:34.231,106979.98,0.00463,495.31730739999995
2025-10-18 03:40:34.438,106979.99,0.00467,499.5965533
2025-10-18 03:40:34.446,106979.98,0.09352,10004.7677296
2025-10-18 03:40:35.110,106979.99,0.00538,575.5523462000001
2025-10-18 03:40:35.142,106979.99,0.00052,55.6295948
2025-10-18 03:40:35.340,106979.99,0.00093,99.49139070000001
2025-10-18 03:40:35.366,106979.99,0.00464,496.38715360000003
2025-10-18 03:40:35.503,106979.99,0.00464,496.38715360000003
2025-10-18 03:40:35.590,106979.98,0.09352,10004.7677296
2025-10-18 03:40:35.632,106979.99,0.00464,496.38715360000003
2025-10-18 03:40:36.470,106979.99,0.00061,65.2577939
2025-10-18 03:40:36.591,106979.99,0.0001,10.697999000000001
2025-10-18 03:40:36.662,106979.99,0.00011,11.7677989
2025-10-18 03:40:36.683,106979.99,0.0001,10.697999000000001
2025-10-18 03:40:36.716,106979.98,0.09352,10004.7677296
2025-10-18 03:40:36.738,106979.99,0.00464,496.38715360000003
2025-10-18 03:40:36.754,106979.98,0.00502,537.0394996
2025-10-18 03:40:36.958,106979.99,0.03022,3232.9352978
2025-10-18 03:40:37.385,106979.99,0.00047,50.2805953
2025-10-18 03:40:37.593,106979.98,0.00017,18.1865966
2025-10-18 03:40:37.662,106979.98,0.09352,10004.7677296
2025-10-18 03:40:38.752,106979.98,0.09352,10004.7677296
2025-10-18 03:40:38.777,106979.99,0.00094,100.5611906
2025-10-18 03:40:39.817,106979.98,0.09352,10004.7677296
2025-10-18 03:40:40.496,106979.99,0.00337,360.52256630000005
2025-10-18 03:40:40.817,106979.98,0.09352,10004.7677296
2025-10-18 03:40:41.111,106979.99,0.00274,293.1251726
2025-10-18 03:40:41.260,106979.99,0.00017,18.186598300000004
2025-10-18 03:40:41.819,106979.98,0.00018,19.2563964
2025-10-18 03:40:41.876,106979.99,0.00015,16.0469985
2025-10-18 03:40:41.936,106979.98,9e-05,9.6281982
2025-10-18 03:40:42.010,106979.98,0.09352,10004.7677296
2025-10-18 03:40:42.069,106979.99,0.00599,640.8101401
2025-10-18 03:40:42.947,106979.98,0.09352,10004.7677296
2025-10-18 03:40:42.987,106979.99,0.04673,4999.174932700001
2025-10-18 03:40:43.008,106979.98,9e-05,9.6281982
2025-10-18 03:40:43.662,106979.99,0.04674,5000.2447326
2025-10-18 03:40:43.684,106979.99,0.00245,262.1009755
2025-10-18 03:40:43.791,106979.99,0.00012,12.8375988
2025-10-18 03:40:43.932,106979.99,0.03065,3278.9366935000003
2025-10-18 03:40:44.017,106979.98,0.09352,10004.7677296
2025-10-18 03:40:44.493,106979.98,0.00017,18.1865966
2025-10-18 03:40:44.548,106979.99,0.00934,999.1931066
2025-10-18 03:40:45.217,106979.98,0.09352,10004.7677296
2025-10-18 03:40:45.566,106979.98,0.00476,509.22470480000004
2025-10-18 03:40:46.270,106979.98,0.09352,10004.7677296
2025-10-18 03:40:47.216,106979.98,0.09352,10004.7677296
2025-10-18 03:40:48.287,106979.98,0.09352,10004.7677296
2025-10-18 03:40:48.957,106979.98,0.00028,29.954394399999995
2025-10-18 03:40:49.417,106979.98,0.09352,10004.7677296
2025-10-18 03:40:50.194,106979.98,0.00018,19.2563964
2025-10-18 03:40:50.403,106979.98,0.00192,205.4015616
2025-10-18 03:40:50.419,106979.98,0.00014,14.977197199999997
2025-10-18 03:40:50.518,106979.98,0.09352,10004.7677296
2025-10-18 03:40:50.600,106979.99,0.00017,18.186598300000004
2025-10-18 03:40:51.555,106979.98,0.09352,10004.7677296
2025-10-18 03:40:51.648,106979.99,0.00091,97.35179090000001
2025-10-18 03:40:51.666,106979.98,9e-05,9.6281982
2025-10-18 03:40:52.270,106979.99,0.00083,88.7933917
2025-10-18 03:40:52.538,106979.98,0.09352,10004.7677296
2025-10-18 03:40:53.347,106979.99,0.00163,174.3773837
2025-10-18 03:40:53.817,106979.98,0.09352,10004.7677296
2025-10-18 03:40:53.985,106979.99,0.00047,50.2805953
2025-10-18 03:40:54.122,106979.99,0.06244,6679.830575600001
2025-10-18 03:40:54.445,106979.99,0.00026,27.8147974
2025-10-18 03:40:54.451,106979.98,0.05,5348.999
2025-10-18 03:40:54.532,106979.98,0.00026,27.814794799999998
2025-10-18 03:40:54.699,106979.98,0.00017,18.1865966
2025-10-18 03:40:54.741,106979.98,0.03455,3696.1583089999995
2025-10-18 03:40:54.928,106979.98,0.09352,10004.7677296
2025-10-18 03:40:55.221,106979.99,0.00448,479.2703552
2025-10-18 03:40:55.379,106979.98,0.00054,57.7691892
2025-10-18 03:40:56.207,106979.99,0.00236,252.47277640000001
2025-10-18 03:40:56.216,106979.98,0.09352,10004.7677296
2025-10-18 03:40:57.317,106979.98,0.09352,10004.7677296
2025-10-18 03:40:57.331,106979.98,0.00154,164.74916919999998
2025-10-18 03:40:57.362,106979.98,0.0014,149.771972
2025-10-18 03:40:57.801,106979.99,0.0003,32.093997
2025-10-18 03:40:57.923,106979.98,0.0001,10.697998
2025-10-18 03:40:58.084,106979.99,0.00027,28.884597300000003
2025-10-18 03:40:58.234,106979.98,6e-05,6.4187988
2025-10-18 03:40:58.316,106979.98,0.09352,10004.7677296
2025-10-18 03:40:58.633,106979.99,0.00017,18.186598300000004
2025-10-18 03:40:59.317,106979.98,0.09352,10004.7677296
2025-10-18 03:40:59.487,106979.98,0.00028,29.954394399999995
2025-10-18 03:41:00.327,106979.98,0.09352,10004.7677296
2025-10-18 03:41:00.347,106979.99,0.00085,90.9329915
2025-10-18 03:41:00.782,106979.99,0.00024,25.6751976
2025-10-18 03:41:00.941,106979.99,0.00026,27.8147974
2025-10-18 03:41:00.997,106979.98,0.01,1069.7998
2025-10-18 03:41:01.364,106979.98,0.09352,10004.7677296
2025-10-18 03:41:02.350,106979.98,0.09352,10004.7677296
2025-10-18 03:41:03.179,106979.99,0.0001,10.697999000000001
2025-10-18 03:41:03.417,106979.98,0.09352,10004.7677296
2025-10-18 03:41:03.926,106979.99,0.00093,99.49139070000001
2025-10-18 03:41:03.932,106979.99,0.00278,297.4043722
2025-10-18 03:41:03.947,106979.99,0.00047,50.2805953
2025-10-18 03:41:04.431,106979.98,0.09352,10004.7677296
2025-10-18 03:41:05.318,106979.99,0.01399,1496.6500601000002
2025-10-18 03:41:05.517,106979.98,0.09352,10004.7677296
2025-10-18 03:41:05.959,106979.98,0.01,1069.7998
2025-10-18 03:41:06.037,106979.98,0.00052,55.629589599999996
2025-10-18 03:41:06.516,106979.98,0.09352,10004.7677296
2025-10-18 03:41:07.136,106979.98,0.04813,5148.9464374
2025-10-18 03:41:07.138,106979.98,0.05792,6196.2804416
2025-10-18 03:41:07.159,106979.98,0.08532,9127.531893599999
2025-10-18 03:41:07.538,106979.98,0.01622,1735.2152755999998
2025-10-18 03:41:07.808,106979.98,9e-05,9.6281982
2025-10-18 03:41:07.826,106979.97,0.00344,368.0110968
2025-10-18 03:41:07.933,106979.98,7e-05,7.488598599999999
2025-10-18 03:41:07.935,106979.97,8e-05,8.558397600000001
2025-10-18 03:41:08.199,106979.98,0.00933,998.1232133999999
2025-10-18 03:41:08.362,106978.16,0.00015,16.046723999999998
2025-10-18 03:41:08.363,106977.69,0.00015,16.046653499999998
2025-10-18 03:41:08.365,106976.0,0.00295,315.5792
2025-10-18 03:41:08.366,106975.83,0.07581,8109.8376723
2025-10-18 03:41:08.369,106975.71,0.00389,416.1355119
2025-10-18 03:41:08.370,106975.41,0.0003,32.092622999999996
2025-10-18 03:41:08.378,106973.74,5e-05,5.348687000000001
2025-10-18 03:41:08.380,106973.57,0.00462,494.21789340000004
2025-10-18 03:41:08.386,106973.17,0.01431,1530.7860627
2025-10-18 03:41:08.420,106972.2,0.00015,16.04583
2025-10-18 03:41:08.498,106970.11,0.00028,29.951630799999997
2025-10-18 03:41:08.503,106968.31,0.00345,369.0406695
2025-10-18 03:41:08.504,106967.91,0.00015,16.0451865
2025-10-18 03:41:08.511,106967.25,6e-05,6.418035000000001
2025-10-18 03:41:08.521,106967.24,0.0004,42.786896000000006
2025-10-18 03:41:08.524,106966.6,0.00015,16.04499
2025-10-18 03:41:08.532,106966.0,0.00315,336.9429
2025-10-18 03:41:08.566,106965.43,0.001,106.96543
2025-10-18 03:41:08.599,106965.41,0.00115,123.0102215
2025-10-18 03:41:08.601,106965.11,0.0005,53.482555000000005
2025-10-18 03:41:08.602,106963.85,0.0001,10.696385000000001
2025-10-18 03:41:08.617,106962.0,0.0032,342.27840000000003
2025-10-18 03:41:08.660,106962.0,0.00065,69.5253
2025-10-18 03:41:09.166,106961.99,0.07026,7515.149417400001
2025-10-18 03:41:09.167,106961.99,0.00215,229.96827850000003
2025-10-18 03:41:09.171,106961.26,0.00105,112.30932299999999
2025-10-18 03:41:09.717,106961.25,0.03082,3296.545725
2025-10-18 03:41:10.743,106961.25,0.0273,2920.042125
2025-10-18 03:41:11.076,106961.26,0.00017,18.1834142
2025-10-18 03:41:11.731,106961.25,0.00252,269.54235
2025-10-18 03:41:11.861,106956.54,0.00015,16.043480999999996
2025-10-18 03:41:12.698,106956.54,0.00248,265.25221919999996
2025-10-18 03:41:12.770,106956.53,0.01135,1213.9566155
2025-10-18 03:41:13.758,106956.53,0.01332,1424.6609796
2025-10-18 03:41:13.761,106956.54,0.00047,50.269573799999996
2025-10-18 03:41:14.119,106956.53,0.00017,18.1826101
2025-10-18 03:41:14.154,106956.54,0.00093,99.4695822
2025-10-18 03:41:14.214,106956.53,0.00087,93.0521811
2025-10-18 03:41:14.754,106956.53,0.00271,289.8521963
2025-10-18 03:41:14.817,106956.53,0.09354,10004.7138162
2025-10-18 03:41:14.961,106956.54,0.0005,53.478269999999995
2025-10-18 03:41:15.816,106956.53,0.09354,10004.7138162
2025-10-18 03:41:15.946,106956.54,0.00052,55.61740079999999
2025-10-18 03:41:16.470,106956.53,0.00179,191.4521887
2025-10-18 03:41:16.482,106956.54,0.08276,8851.7232504
2025-10-18 03:41:16.828,106956.53,0.09354,10004.7138162
2025-10-18 03:41:16.963,106956.53,0.00019,20.3217407
2025-10-18 03:41:17.434,106956.54,0.00017,18.1826118
2025-10-18 03:41:17.522,106955.14,0.01686,1803.2636604
2025-10-18 03:41:17.815,106955.14,0.09354,10004.5837956
2025-10-18 03:41:17.887,106955.14,0.00202,216.04938280000002
2025-10-18 03:41:18.907,106955.14,0.09354,10004.5837956
2025-10-18 03:41:20.017,106955.14,0.09354,10004.5837956
2025-10-18 03:41:20.448,106955.15,0.00636,680.234754
2025-10-18 03:41:21.038,106955.14,0.09354,10004.5837956
2025-10-18 03:41:21.618,106955.14,0.00197,210.7016258
2025-10-18 03:41:21.798,106955.14,9e-05,9.625962600000001
2025-10-18 03:41:22.217,106955.14,0.09354,10004.5837956
2025-10-18 03:41:23.042,106955.14,0.0315,3369.08691
2025-10-18 03:41:23.062,106955.14,0.02019,2159.4242765999998
2025-10-18 03:41:23.275,106955.14,0.09354,10004.5837956
2025-10-18 03:41:23.481,106955.14,0.00011,11.765065400000001
2025-10-18 03:41:23.584,106955.14,0.00017,18.1823738
2025-10-18 03:41:23.997,106955.14,0.00212,226.7448968
2025-10-18 03:41:24.317,106955.14,0.09354,10004.5837956
2025-10-18 03:41:24.635,106955.14,0.08,8556.4112
2025-10-18 03:41:24.925,106955.15,0.00076,81.285914
2025-10-18 03:41:25.060,106955.15,0.00047,50.26892049999999
2025-10-18 03:41:25.134,106955.15,0.00092,98.398738
2025-10-18 03:41:25.406,106955.14,0.09354,10004.5837956
2025-10-18 03:41:25.436,106955.15,0.00117,125.1375255
2025-10-18 03:41:25.561,106955.15,5e-05,5.3477575
2025-10-18 03:41:26.443,106955.14,0.09354,10004.5837956
2025-10-18 03:41:26.859,106955.15,0.00017,18.1823755
2025-10-18 03:41:27.516,106955.14,0.09354,10004.5837956
2025-10-18 03:41:28.159,106955.15,9e-05,9.6259635
2025-10-18 03:41:28.180,106954.66,0.00502,536.9123932
2025-10-18 03:41:28.181,106951.85,5e-05,5.3475925
2025-10-18 03:41:28.183,106947.75,6e-05,6.4168650000000005
2025-10-18 03:41:28.185,106943.79,5e-05,5.3471895
2025-10-18 03:41:28.190,106938.6,8e-05,8.555088000000001
2025-10-18 03:41:28.201,106939.98,0.00342,365.7347316
2025-10-18 03:41:28.202,106939.98,0.00342,365.7347316
2025-10-18 03:41:28.210,106938.34,0.0033,352.896522
2025-10-18 03:41:28.211,106939.23,0.00318,340.0667514
2025-10-18 03:41:28.212,106939.87,0.00342,365.73435539999997
2025-10-18 03:41:28.216,106938.34,0.00316,337.9251544
2025-10-18 03:41:28.217,106938.34,0.00316,337.9251544
2025-10-18 03:41:28.218,106938.34,0.00092,98.3832728
2025-10-18 03:41:28.219,106938.34,0.00092,98.3832728
2025-10-18 03:41:28.220,106938.34,0.02676,2861.6699783999998
2025-10-18 03:41:28.223,106938.34,0.00229,244.88879859999997
2025-10-18 03:41:28.227,106938.34,0.00373,398.88000819999996
2025-10-18 03:41:28.229,106938.34,0.00215,229.917431
2025-10-18 03:41:28.369,106938.34,0.00346,370.0066564
2025-10-18 03:41:28.438,106938.34,0.028,2994.27352
2025-10-18 03:41:28.444,106938.33,0.00079,84.4812807
2025-10-18 03:41:28.835,106938.33,0.09355,10004.0807715
2025-10-18 03:41:29.243,106938.34,0.00408,436.30842720000004
2025-10-18 03:41:29.249,106938.34,0.01688,1805.1191792
2025-10-18 03:41:30.017,106938.33,0.08298,8873.7426234
2025-10-18 03:41:30.298,106938.33,0.00981,1049.0650173
2025-10-18 03:41:31.679,106938.34,0.00112,119.77094079999999
2025-10-18 03:41:32.096,106938.33,0.00017,18.1795161
2025-10-18 03:41:32.622,106938.34,0.01381,1476.8184754
2025-10-18 03:41:32.647,106938.33,0.0001,10.693833000000001
2025-10-18 03:41:32.786,106938.34,0.01868,1997.6081911999997
2025-10-18 03:41:33.206,106938.34,0.0187,1999.7469580000002
2025-10-18 03:41:33.421,106938.34,0.00721,771.0254314
2025-10-18 03:41:33.833,106938.33,9e-05,9.624449700000001
2025-10-18 03:41:33.947,106938.34,0.00281,300.4967354
2025-10-18 03:41:34.590,106938.34,0.028,2994.27352
2025-10-18 03:41:34.717,106938.34,0.00281,300.4967354
2025-10-18 03:41:34.842,106938.34,0.00013,13.901984199999998
2025-10-18 03:41:34.874,106938.33,0.00011,11.7632163
2025-10-18 03:41:35.932,106938.34,0.0001,10.693834
2025-10-18 03:41:35.937,106938.34,0.00281,300.4967354
2025-10-18 03:41:36.032,106938.34,0.00017,18.1795178
2025-10-18 03:41:36.037,106938.33,0.00198,211.7378934
2025-10-18 03:41:36.605,106938.34,0.00035,37.428419
2025-10-18 03:41:36.814,106938.34,0.00128,136.8810752
2025-10-18 03:41:36.842,106938.34,0.00093,99.4526562
2025-10-18 03:41:37.168,106938.34,0.028,2994.27352
2025-10-18 03:41:37.239,106938.34,0.00187,199.97469579999998
2025-10-18 03:41:37.420,106938.33,0.00412,440.58591960000007
2025-10-18 03:41:38.071,106938.33,0.01904,2036.1058032
2025-10-18 03:41:38.820,106938.33,0.00409,437.3777697
2025-10-18 03:41:39.258,106938.34,0.00046,49.1916364
2025-10-18 03:41:39.977,106938.33,0.00017,18.1795161
2025-10-18 03:41:40.078,106938.34,7e-05,7.485683799999999
2025-10-18 03:41:40.337,106938.33,0.00105,112.2852465
2025-10-18 03:41:40.374,106938.33,0.0053,566.773149
2025-10-18 03:41:40.439,106938.33,0.00382,408.5044206
2025-10-18 03:41:40.495,106938.34,0.00088,94.1057392
2025-10-18 03:41:40.822,106938.34,0.00467,499.40204779999993
2025-10-18 03:41:40.944,106938.34,0.00093,99.4526562
2025-10-18 03:41:40.968,106938.34,0.23367,24988.2819078
2025-10-18 03:41:40.969,106938.34,0.03249,3474.4266666
2025-10-18 03:41:40.973,106938.35,0.00085,90.8975975
2025-10-18 03:41:40.988,106938.42,0.00075,80.203815
2025-10-18 03:41:40.993,106940.92,0.0008,85.552736
2025-10-18 03:41:40.999,106940.93,0.00085,90.8997905
2025-10-18 03:41:41.005,106943.02,0.0005,53.47151
2025-10-18 03:41:41.007,106943.21,0.00174,186.0811854
2025-10-18 03:41:41.016,106943.22,0.0004,42.777288000000006
2025-10-18 03:41:41.017,106943.22,0.00107,114.4292454
2025-10-18 03:41:41.018,106944.05,0.0001,10.694405000000001
2025-10-18 03:41:41.019,106951.85,5e-05,5.3475925
2025-10-18 03:41:41.025,106952.74,0.028,2994.6767200000004
2025-10-18 03:41:41.096,106952.74,0.05288,5655.660891200001
2025-10-18 03:41:41.108,106955.15,0.00612,654.5655179999999
2025-10-18 03:41:41.840,106955.14,0.0315,3369.08691
2025-10-18 03:41:42.310,106955.15,0.00015,16.043272499999997
2025-10-18 03:41:43.515,106955.15,0.00017,18.1823755
2025-10-18 03:41:43.592,106955.15,0.04676,5001.222814
2025-10-18 03:41:45.154,106955.15,0.00215,229.95357249999998
2025-10-18 03:41:45.319,106955.15,0.0001,10.695515
2025-10-18 03:41:45.880,106955.14,0.00057,60.9644298
2025-10-18 03:41:45.908,106955.14,0.00126,134.7634764
2025-10-18 03:41:46.206,106955.15,0.00049,52.4080235
2025-10-18 03:41:47.820,106955.15,0.00019,20.3214785
2025-10-18 03:41:49.375,106955.15,0.02805,3000.0919575
2025-10-18 03:41:49.467,106955.14,0.01161,1241.7491754
2025-10-18 03:41:49.486,106955.14,0.00051,54.5471214
2025-10-18 03:41:49.572,106955.15,0.03029,3239.6714935
2025-10-18 03:41:50.031,106955.14,0.00017,18.1823738
2025-10-18 03:41:50.250,106955.15,0.0075,802.1636249999999
2025-10-18 03:41:50.460,106955.14,0.00032,34.225644800000005
2025-10-18 03:41:50.462,106955.15,0.00127,135.8330405
2025-10-18 03:41:50.946,106955.14,0.00363,388.2471582
2025-10-18 03:41:52.119,106955.15,0.00021,22.4605815
2025-10-18 03:41:52.588,106955.15,5e-05,5.3477575
2025-10-18 03:41:52.800,106955.15,5e-05,5.3477575
2025-10-18 03:41:52.869,106955.15,9e-05,9.6259635
2025-10-18 03:41:52.884,106955.14,0.0045,481.29812999999996
2025-10-18 03:41:53.002,106955.14,0.00092,98.3987288
2025-10-18 03:41:54.108,106955.15,0.00326,348.67378899999994
2025-10-18 03:41:54.283,106955.15,8e-05,8.556412
2025-10-18 03:41:54.625,106955.14,5e-05,5.3477570000000005
2025-10-18 03:41:54.671,106955.15,0.00011,11.7650665
2025-10-18 03:41:54.776,106955.15,0.00017,18.1823755
2025-10-18 03:41:54.915,106955.15,0.00014,14.973720999999998
2025-10-18 03:41:55.115,106955.14,0.42539,45497.647004599996
2025-10-18 03:41:55.215,106950.96,0.00188,201.0678048
2025-10-18 03:41:55.503,106950.85,0.0002,21.39017
2025-10-18 03:41:55.505,106950.28,0.00215,229.943102
2025-10-18 03:41:55.509,106950.14,0.00469,501.5961566
2025-10-18 03:41:55.512,106950.14,0.012,1283.40168
2025-10-18 03:41:55.513,106948.3,5e-05,5.347415000000001
2025-10-18 03:41:55.515,106941.15,5e-05,5.3470575
2025-10-18 03:41:55.537,106940.93,0.00287,306.9204691
2025-10-18 03:41:55.656,106940.92,0.00254,271.6299368
2025-10-18 03:41:55.715,106940.91,0.00169,180.73013790000002
2025-10-18 03:41:55.915,106939.09,0.00015,16.040863499999997
2025-10-18 03:41:58.048,106938.41,0.0001,10.693841
2025-10-18 03:41:58.050,106938.4,0.00017,18.179528
2025-10-18 03:41:59.585,106938.4,0.03149,3367.4902159999997
2025-10-18 03:42:00.021,106938.4,0.001,106.9384
2025-10-18 03:42:00.022,106938.4,0.001,106.9384
2025-10-18 03:42:00.024,106938.4,0.001,106.9384
2025-10-18 03:42:00.183,106938.4,0.00168,179.656512
2025-10-18 03:42:00.285,106938.41,0.00045,48.1222845
2025-10-18 03:42:00.998,106938.4,0.06176,6604.515584
2025-10-18 03:42:01.520,106938.4,6e-05,6.416304
2025-10-18 03:42:02.849,106938.41,0.00019,20.3182979
2025-10-18 03:42:05.724,106938.41,0.00017,18.179529700000003
2025-10-18 03:42:06.842,106938.41,0.00241,257.7215681
2025-10-18 03:42:07.242,106938.41,0.00934,998.8047494
2025-10-18 03:42:07.292,106938.41,0.00047,50.2610527
2025-10-18 03:42:07.515,106938.41,0.00018,19.2489138
2025-10-18 03:42:07.797,106938.41,0.00441,471.5983881
2025-10-18 03:42:08.270,106938.41,0.00093,99.45272130000001
2025-10-18 03:42:08.964,106938.4,0.00017,18.179528
2025-10-18 03:42:11.258,106938.41,9e-05,9.6244569
2025-10-18 03:42:12.496,106938.4,0.00436,466.251424
2025-10-18 03:42:12.866,106938.41,0.00012,12.8326092
2025-10-18 03:42:13.572,106938.41,0.00017,18.179529700000003
2025-10-18 03:42:13.576,106938.41,8e-05,8.555072800000001
2025-10-18 03:42:13.708,106938.4,0.00893,954.959912
2025-10-18 03:42:14.875,106938.41,6e-05,6.4163046
2025-10-18 03:42:14.917,106938.41,0.00038,40.6365958
2025-10-18 03:42:14.925,106938.41,0.01977,2114.1723657000002
2025-10-18 03:42:14.927,106938.41,0.10311,11026.4194551
2025-10-18 03:42:14.948,106938.41,0.07437,7953.009551700001
2025-10-18 03:42:14.949,106938.43,0.0002,21.387686
2025-10-18 03:42:14.953,106938.51,0.0011,117.632361
2025-10-18 03:42:14.970,106940.88,5e-05,5.347044
2025-10-18 03:42:14.975,106940.93,0.00247,264.14409709999995
2025-10-18 03:42:14.978,106940.94,0.028,2994.34632
2025-10-18 03:42:14.988,106940.94,0.00075,80.20570500000001
2025-10-18 03:42:15.770,106945.8,0.00029,31.014282
2025-10-18 03:42:15.932,106947.3,0.00098,104.808354
2025-10-18 03:42:15.935,106947.29,0.0003,32.08418699999999
2025-10-18 03:42:16.467,106947.29,0.02981,3188.0987149
2025-10-18 03:42:17.516,106947.29,0.00017,18.181039300000002
2025-10-18 03:42:17.824,106947.3,7e-05,7.486311
2025-10-18 03:42:17.971,106947.3,0.0001,10.694730000000002
2025-10-18 03:42:17.992,106947.3,0.0001,10.694730000000002
2025-10-18 03:42:18.082,106947.3,7e-05,7.486311
2025-10-18 03:42:18.319,106947.3,0.0001,10.694730000000002
2025-10-18 03:42:18.370,106947.3,0.00017,18.181041
2025-10-18 03:42:18.439,106947.3,0.0001,10.694730000000002
2025-10-18 03:42:18.482,106947.3,0.00011,11.764203
2025-10-18 03:42:18.518,106947.3,0.0001,10.694730000000002
2025-10-18 03:42:18.629,106947.29,0.57635,61639.0705915
2025-10-18 03:42:18.648,106947.3,0.0001,10.694730000000002
2025-10-18 03:42:18.682,106947.3,0.0001,10.694730000000002
2025-10-18 03:42:18.880,106947.29,0.00095,101.5999255
2025-10-18 03:42:18.969,106947.3,0.00019,20.319987
2025-10-18 03:42:19.084,106947.3,0.00022,23.528406
2025-10-18 03:42:19.108,106947.29,0.00095,101.5999255
2025-10-18 03:42:19.224,106947.3,0.00039,41.709447
2025-10-18 03:42:19.433,106947.3,0.0001,10.694730000000002
2025-10-18 03:42:19.537,106947.3,0.00024,25.667352
2025-10-18 03:42:19.562,106947.3,0.00011,11.764203
2025-10-18 03:42:19.792,106947.3,7e-05,7.486311
2025-10-18 03:42:19.863,106947.3,0.00019,20.319987
2025-10-18 03:42:19.971,106947.3,0.0005,53.47365
2025-10-18 03:42:20.022,106947.29,0.00151,161.4904079
2025-10-18 03:42:20.112,106947.3,0.00011,11.764203
2025-10-18 03:42:20.928,106947.3,0.0001,10.694730000000002
2025-10-18 03:42:21.761,106947.3,4e-05,4.2778920000000005
2025-10-18 03:42:22.076,106947.29,0.09355,10004.918979499998
2025-10-18 03:42:23.087,106947.3,0.00017,18.181041
2025-10-18 03:42:23.214,106947.29,0.09355,10004.918979499998
2025-10-18 03:42:23.516,106947.3,9e-05,9.625257000000001
2025-10-18 03:42:24.135,106947.29,0.00065,69.5157385
2025-10-18 03:42:24.243,106947.29,0.09355,10004.918979499998
2025-10-18 03:42:25.331,106947.29,0.00613,655.5868876999999
2025-10-18 03:42:25.899,106947.29,0.00112,119.78096479999998
2025-10-18 03:42:26.022,106947.3,0.00641,685.532193
2025-10-18 03:42:26.305,106947.29,0.00017,18.181039300000002
2025-10-18 03:42:26.319,106947.29,0.09355,10004.918979499998
2025-10-18 03:42:26.647,106947.29,0.00094,100.53045259999999
2025-10-18 03:42:26.745,106947.3,0.00045,48.126285
2025-10-18 03:42:26.890,106947.3,0.00877,937.927821
2025-10-18 03:42:26.978,106947.29,0.00939,1004.2350531000001
2025-10-18 03:42:27.251,106947.29,0.09355,10004.918979499998
2025-10-18 03:42:27.263,106947.29,0.00055,58.8210095
2025-10-18 03:42:27.282,106947.19,0.0012,128.336628
2025-10-18 03:42:27.288,106946.47,0.00785,839.5297895
2025-10-18 03:42:27.289,106945.81,0.00015,16.0418715
2025-10-18 03:42:28.183,106945.8,0.09355,10004.77959
2025-10-18 03:42:28.245,106945.8,0.0001,10.69458
2025-10-18 03:42:28.495,106945.81,0.001,106.94581
2025-10-18 03:42:29.417,106945.8,0.09355,10004.77959
2025-10-18 03:42:29.495,106945.81,0.00017,18.1807877
2025-10-18 03:42:29.577,106945.81,0.00082,87.69556419999999
2025-10-18 03:42:29.848,106945.81,0.00935,999.9433235
2025-10-18 03:42:29.875,106945.81,0.028,2994.48268
2025-10-18 03:42:30.299,106945.8,0.012,1283.3496
2025-10-18 03:42:30.300,106945.8,0.012,1283.3496
2025-10-18 03:42:30.717,106945.8,0.08924,9543.843192
2025-10-18 03:42:30.847,106945.79,0.0007,74.86205299999999
2025-10-18 03:42:30.854,106945.18,0.00105,112.29243899999999
2025-10-18 03:42:31.843,106944.2,0.08599,9196.131758
2025-10-18 03:42:32.562,106944.2,0.00518,553.970956
2025-10-18 03:42:32.848,106944.2,0.00452,483.38778399999995
2025-10-18 03:42:33.080,106944.2,0.012,1283.3304
2025-10-18 03:42:33.082,106944.2,0.012,1283.3304
2025-10-18 03:42:33.283,106944.21,0.0001,10.694421000000002
2025-10-18 03:42:33.750,106944.21,0.05,5347.210500000001
2025-10-18 03:42:33.755,106944.2,0.012,1283.3304
2025-10-18 03:42:33.828,106944.21,0.00268,286.6104828
2025-10-18 03:42:33.847,106944.2,0.05359,5731.139678
2025-10-18 03:42:34.259,106944.21,0.00318,340.08258780000006
2025-10-18 03:42:34.515,106944.2,0.0008,85.55536000000001
2025-10-18 03:42:34.516,106943.82,0.00469,501.5665158
2025-10-18 03:42:34.825,106943.83,0.01736,1856.5448888
2025-10-18 03:42:34.836,106943.82,0.09355,10004.594361
2025-10-18 03:42:35.071,106943.82,0.00017,18.180449400000004
2025-10-18 03:42:35.816,106943.82,0.09355,10004.594361
2025-10-18 03:42:36.019,106943.82,0.00024,25.666516800000004
2025-10-18 03:42:36.370,106943.82,0.00164,175.38786480000002
2025-10-18 03:42:36.806,106943.82,0.012,1283.3258400000002
2025-10-18 03:42:36.807,106943.82,0.012,1283.3258400000002
2025-10-18 03:42:36.911,106943.82,0.09355,10004.594361
2025-10-18 03:42:36.938,106943.83,4e-05,4.2777532
2025-10-18 03:42:38.094,106943.82,0.00414,442.7474148
2025-10-18 03:42:38.103,106943.82,0.09355,10004.594361
2025-10-18 03:42:38.176,106943.83,0.00097,103.7355151
2025-10-18 03:42:38.193,106943.82,0.00391,418.1503362000001
2025-10-18 03:42:38.456,106943.83,0.00048,51.3330384
2025-10-18 03:42:38.678,106943.83,0.00047,50.2636001
2025-10-18 03:42:39.317,106943.82,0.09355,10004.594361
2025-10-18 03:42:40.047,106943.83,0.00017,18.180451100000003
2025-10-18 03:42:40.439,106943.82,0.09355,10004.594361
2025-10-18 03:42:41.516,106943.82,0.09355,10004.594361
2025-10-18 03:42:41.712,106943.82,7e-05,7.4860674
2025-10-18 03:42:41.741,106943.82,0.0001,10.694382000000001
2025-10-18 03:42:41.760,106943.83,0.00093,99.45776190000001
2025-10-18 03:42:41.798,106943.83,0.00093,99.45776190000001
2025-10-18 03:42:42.221,106943.82,9e-05,9.6249438
2025-10-18 03:42:42.332,106943.82,0.00094,100.5271908
2025-10-18 03:42:42.543,106943.82,0.012,1283.3258400000002
2025-10-18 03:42:42.544,106943.82,0.012,1283.3258400000002
2025-10-18 03:42:42.633,106943.83,0.00093,99.45776190000001
2025-10-18 03:42:42.671,106943.82,0.00063,67.3746066
2025-10-18 03:42:42.751,106942.84,0.00015,16.041425999999998
2025-10-18 03:42:43.211,106942.83,0.00017,18.180281100000002
2025-10-18 03:42:43.726,106942.83,0.012,1283.31396
2025-10-18 03:42:43.727,106942.83,0.0156,1668.3081479999998
2025-10-18 03:42:43.817,106942.41,0.0009,96.248169
2025-10-18 03:42:43.915,106942.41,0.0007,74.85968700000001
2025-10-18 03:42:44.070,106942.4,0.012,1283.3088
2025-10-18 03:42:44.152,106942.41,0.00732,782.8184412
2025-10-18 03:42:44.212,106942.4,6e-05,6.416544
2025-10-18 03:42:44.423,106942.4,0.01362,1456.555488
2025-10-18 03:42:44.891,106942.4,0.09355,10004.461519999999
2025-10-18 03:42:44.898,106942.4,0.012,1283.3088
2025-10-18 03:42:45.806,106942.41,0.00113,120.84492329999999
2025-10-18 03:42:45.825,106942.4,0.09355,10004.461519999999
2025-10-18 03:42:46.630,106942.41,0.00093,99.45644130000001
2025-10-18 03:42:46.809,106942.4,0.09355,10004.461519999999
2025-10-18 03:42:47.630,106942.41,0.00093,99.45644130000001
2025-10-18 03:42:47.843,106942.4,0.09355,10004.461519999999
2025-10-18 03:42:48.753,106942.41,0.00017,18.180209700000002
2025-10-18 03:42:48.817,106942.41,0.00254,271.6337214
2025-10-18 03:42:48.912,106942.4,0.09355,10004.461519999999
2025-10-18 03:42:49.421,106942.41,0.24147,25823.3837427
2025-10-18 03:42:49.427,106942.41,0.00058,62.026597800000005
2025-10-18 03:42:49.451,106942.94,0.0001,10.694294000000001
2025-10-18 03:42:49.454,106943.82,0.0007,74.860674
2025-10-18 03:42:49.458,106943.83,0.02598,2778.4007034
2025-10-18 03:42:49.465,106946.68,0.00374,399.98058319999996
2025-10-18 03:42:49.485,106947.35,0.00095,101.59998250000001
2025-10-18 03:42:49.486,106949.29,8e-05,8.5559432
2025-10-18 03:42:49.487,106953.35,0.0001,10.695335000000002
2025-10-18 03:42:50.067,106955.99,0.09355,10005.7328645
2025-10-18 03:42:51.117,106955.99,0.09354,10004.6633046
2025-10-18 03:42:51.519,106956.52,0.00046,49.1999992
2025-10-18 03:42:51.521,106956.53,0.00072,77.00870160000001
2025-10-18 03:42:51.534,106956.54,0.0019,203.217426
2025-10-18 03:42:51.642,106961.48,0.00015,16.044221999999998
2025-10-18 03:42:51.680,106963.39,0.01496,1600.1723144
2025-10-18 03:42:51.682,106963.39,0.01496,1600.1723144
2025-10-18 03:42:51.684,106963.39,0.01496,1600.1723144
2025-10-18 03:42:51.991,106963.38,0.0002,21.392676
2025-10-18 03:42:52.000,106963.38,0.00017,18.183774600000003
2025-10-18 03:42:52.107,106963.38,0.09354,10005.3545652
2025-10-18 03:42:52.533,106963.39,0.0003,32.089017
2025-10-18 03:42:53.166,106963.38,0.00036,38.5068168
2025-10-18 03:42:53.167,106963.38,0.09354,10005.3545652
2025-10-18 03:42:53.569,106963.39,4e-05,4.2785356000000005
2025-10-18 03:42:54.056,106963.38,0.00057,60.9691266
2025-10-18 03:42:54.207,106963.38,0.09354,10005.3545652
2025-10-18 03:42:54.307,106963.39,0.00017,18.1837763
2025-10-18 03:42:55.052,106963.39,0.00017,18.1837763
2025-10-18 03:42:55.243,106963.38,0.00474,507.00642120000003
2025-10-18 03:42:55.294,106963.38,0.09354,10005.3545652
2025-10-18 03:42:55.612,106963.38,0.00014,14.9748732
2025-10-18 03:42:55.758,106963.39,0.00271,289.87078690000004
2025-10-18 03:42:55.995,106963.38,0.35364,37826.5297032
2025-10-18 03:42:56.388,106963.38,0.09354,10005.3545652
2025-10-18 03:42:57.295,106963.39,0.00467,499.51903129999994
2025-10-18 03:42:57.516,106963.38,0.09354,10005.3545652
2025-10-18 03:42:57.667,106963.39,0.028,2994.97492
2025-10-18 03:42:58.617,106963.38,0.09353,10004.284931400001
2025-10-18 03:42:58.648,106963.39,0.00245,262.06030549999997
2025-10-18 03:42:58.663,106963.39,0.00044,47.0638916
2025-10-18 03:42:59.752,106963.39,0.00051,54.5513289
2025-10-18 03:42:59.817,106963.38,0.09353,10004.284931400001
2025-10-18 03:43:00.210,106963.39,0.00254,271.6870106
2025-10-18 03:43:00.369,106963.38,0.00017,18.183774600000003
2025-10-18 03:43:00.499,106963.39,0.01496,1600.1723144
2025-10-18 03:43:00.792,106963.38,0.09353,10004.284931400001
2025-10-18 03:43:01.074,106963.39,0.00493,527.3295127
2025-10-18 03:43:01.248,106963.38,0.00019,20.323042200000003
2025-10-18 03:43:01.779,106963.38,0.09353,10004.284931400001
2025-10-18 03:43:02.583,106963.39,0.028,2994.97492
2025-10-18 03:43:02.715,106963.38,0.09353,10004.284931400001
2025-10-18 03:43:03.012,106963.38,1.83392,196162.2818496
2025-10-18 03:43:03.064,106963.37,0.00348,372.23252759999997
2025-10-18 03:43:03.646,106963.37,0.09353,10004.283996099999
2025-10-18 03:43:03.654,106963.38,0.00017,18.183774600000003
2025-10-18 03:43:03.879,106963.38,6e-05,6.4178028000000005
2025-10-18 03:43:04.817,106963.37,0.09353,10004.283996099999
2025-10-18 03:43:04.837,106963.38,0.00186,198.9518868
2025-10-18 03:43:05.119,106963.37,9e-05,9.6267033
2025-10-18 03:43:05.819,106963.37,0.09353,10004.283996099999
2025-10-18 03:43:05.981,106963.38,0.00208,222.4838304
2025-10-18 03:43:06.158,106963.38,7e-05,7.4874366
2025-10-18 03:43:06.261,106963.38,0.00105,112.311549
2025-10-18 03:43:06.603,106963.37,0.0012,128.356044
2025-10-18 03:43:06.754,106963.37,0.09353,10004.283996099999
2025-10-18 03:43:06.881,106963.38,0.00151,161.5147038
2025-10-18 03:43:07.051,106963.38,0.00493,527.3294634
2025-10-18 03:43:07.128,106963.38,0.00016,17.1141408
2025-10-18 03:43:07.160,106963.38,0.00087,93.0581406
2025-10-18 03:43:07.585,106963.38,0.00051,54.551323800000006
2025-10-18 03:43:07.693,106963.38,3.01972,322999.45785360003
2025-10-18 03:43:07.716,106963.37,0.09353,10004.283996099999
2025-10-18 03:43:08.136,106963.38,0.00026,27.8104788
2025-10-18 03:43:08.236,106963.38,5e-05,5.348169
2025-10-18 03:43:08.775,106963.37,0.09353,10004.283996099999
2025-10-18 03:43:09.863,106963.37,0.00017,18.1837729
2025-10-18 03:43:09.963,106963.37,0.09353,10004.283996099999
2025-10-18 03:43:09.979,106963.37,0.0005,53.481685
2025-10-18 03:43:10.944,106963.37,0.09353,10004.283996099999
2025-10-18 03:43:11.309,106963.38,0.00051,54.551323800000006
2025-10-18 03:43:11.781,106963.38,0.00936,1001.1772368000001
2025-10-18 03:43:11.812,106963.38,0.00934,999.0379692
2025-10-18 03:43:11.917,106963.37,0.09353,10004.283996099999
2025-10-18 03:43:12.701,106963.38,0.00051,54.551323800000006
2025-10-18 03:43:13.022,106963.38,0.00143,152.95763340000002
2025-10-18 03:43:13.046,106963.38,0.00352,376.5110976
2025-10-18 03:43:13.178,106962.25,0.0001,10.696225
2025-10-18 03:43:13.182,106961.48,0.00025,26.74037
2025-10-18 03:43:13.213,106960.17,0.00017,18.1832289
2025-10-18 03:43:13.214,106960.1,0.00015,16.044014999999998
2025-10-18 03:43:13.384,106960.07,0.0002,21.392014000000003
2025-10-18 03:43:13.717,106960.0,0.05256,5621.8176
2025-10-18 03:43:13.785,106960.01,0.00018,19.2528018
2025-10-18 03:43:14.515,106960.0,0.0008,85.568
2025-10-18 03:43:14.669,106959.1,0.00418,447.089038
2025-10-18 03:43:14.670,106956.97,5e-05,5.3478485000000004
2025-10-18 03:43:15.305,106956.96,0.002,213.91392000000002
2025-10-18 03:43:15.308,106956.96,0.002,213.91392000000002
2025-10-18 03:43:15.617,106956.96,0.00708,757.2552768
2025-10-18 03:43:15.618,106956.97,0.00012,12.8348364
2025-10-18 03:43:16.592,106956.96,0.00113,120.8613648
2025-10-18 03:43:16.837,106956.97,0.00089,95.1917033
2025-10-18 03:43:17.190,106956.97,0.0005,53.478485
2025-10-18 03:43:17.717,106956.96,0.09355,10005.823608
2025-10-18 03:43:17.816,106956.97,0.00146,156.15717619999998
2025-10-18 03:43:17.856,106956.97,0.00032,34.226230400000006
2025-10-18 03:43:18.756,106956.97,0.02938,3142.3957786
2025-10-18 03:43:18.977,106956.96,0.09355,10005.823608
2025-10-18 03:43:19.078,106956.96,0.00017,18.182683200000003
2025-10-18 03:43:20.109,106956.96,0.09355,10005.823608
2025-10-18 03:43:20.989,106956.97,0.00024,25.6696728
2025-10-18 03:43:20.993,106956.96,0.00142,151.87888320000002
2025-10-18 03:43:21.007,106956.97,0.46748,50000.2443356
2025-10-18 03:43:21.161,106956.96,0.09355,10005.823608
2025-10-18 03:43:21.762,106956.97,8e-05,8.556557600000001
2025-10-18 03:43:22.023,106956.97,0.00051,54.5480547
2025-10-18 03:43:22.138,106956.96,0.09355,10005.823608
2025-10-18 03:43:23.226,106956.96,0.09355,10005.823608
2025-10-18 03:43:23.360,106956.97,0.00017,18.1826849
2025-10-18 03:43:24.417,106956.96,0.09355,10005.823608
2025-10-18 03:43:25.504,106956.96,0.09355,10005.823608
2025-10-18 03:43:25.947,106956.97,0.028,2994.79516
2025-10-18 03:43:26.606,106956.96,0.00017,18.182683200000003
2025-10-18 03:43:26.643,106956.96,0.09354,10004.7540384
2025-10-18 03:43:26.817,106956.97,0.006,641.7418200000001
2025-10-18 03:43:26.828,106956.97,0.022,2353.05334
2025-10-18 03:43:27.493,106956.97,0.0178,1903.834066
2025-10-18 03:43:27.497,106956.97,0.09345,9995.1288465
2025-10-18 03:43:27.504,106956.97,0.00593,634.2548321
2025-10-18 03:43:27.517,106956.97,0.96163,102853.0310611
2025-10-18 03:43:27.532,106957.11,0.0002,21.391422000000002
2025-10-18 03:43:27.533,106959.11,0.00015,16.0438665
2025-10-18 03:43:27.539,106961.25,0.00025,26.7403125
2025-10-18 03:43:27.540,106962.5,5e-05,5.3481250000000005
2025-10-18 03:43:27.546,106961.25,5e-05,5.3480625
2025-10-18 03:43:27.552,106961.25,0.028,2994.915
2025-10-18 03:43:27.625,106963.39,0.001,106.96339
2025-10-18 03:43:27.717,106963.99,0.09353,10004.3419847
2025-10-18 03:43:28.248,106964.0,0.04675,5000.567
2025-10-18 03:43:28.371,106964.0,4e-05,4.278560000000001
2025-10-18 03:43:28.916,106963.99,0.09353,10004.3419847
2025-10-18 03:43:29.185,106964.0,0.00013,13.905319999999998
2025-10-18 03:43:29.722,106964.0,0.00059,63.108760000000004
2025-10-18 03:43:30.113,106963.99,0.09353,10004.3419847
2025-10-18 03:43:31.145,106963.99,0.09353,10004.3419847
2025-10-18 03:43:31.301,106964.0,0.028,2994.992
2025-10-18 03:43:31.343,106963.99,0.04662,4986.6612138
2025-10-18 03:43:31.841,106964.0,0.00017,18.183880000000002
2025-10-18 03:43:31.888,106964.0,0.0001,10.6964
2025-10-18 03:43:32.116,106963.99,0.09353,10004.3419847
2025-10-18 03:43:32.470,106963.99,0.00036,38.507036400000004
2025-10-18 03:43:32.758,106964.0,4e-05,4.278560000000001
2025-10-18 03:43:33.115,106963.99,0.09353,10004.3419847
2025-10-18 03:43:33.678,106963.99,0.00279,298.4295321
2025-10-18 03:43:34.249,106964.0,0.00034,36.367760000000004
2025-10-18 03:43:34.316,106963.99,0.09353,10004.3419847
2025-10-18 03:43:34.321,106964.0,0.0025,267.41
2025-10-18 03:43:34.932,106963.99,0.00017,18.183878300000003
2025-10-18 03:43:35.382,106964.0,0.00022,23.53208
2025-10-18 03:43:35.403,106963.99,0.09353,10004.3419847
2025-10-18 03:43:35.682,106963.99,0.00239,255.64393610000005
2025-10-18 03:43:35.975,106964.0,0.00347,371.16508
2025-10-18 03:43:36.603,106963.99,0.09353,10004.3419847
2025-10-18 03:43:37.168,106963.99,0.00029,31.0195571
2025-10-18 03:43:37.424,106964.0,0.00018,19.25352
2025-10-18 03:43:37.636,106963.99,0.09353,10004.3419847
2025-10-18 03:43:37.809,106964.0,0.028,2994.992
2025-10-18 03:43:38.044,106964.0,0.00016,17.114240000000002
2025-10-18 03:43:38.217,106964.0,0.00047,50.27308
2025-10-18 03:43:38.291,106964.0,0.00224,239.59936
2025-10-18 03:43:38.332,106963.99,0.00033,35.2981167
2025-10-18 03:43:38.730,106963.99,0.09353,10004.3419847
2025-10-18 03:43:38.766,106963.99,0.00479,512.3575121
2025-10-18 03:43:39.600,106963.99,0.00143,152.95850570000002
2025-10-18 03:43:39.767,106963.99,0.09353,10004.3419847
2025-10-18 03:43:40.112,106964.0,0.00239,255.64396000000002
2025-10-18 03:43:40.851,106963.99,0.09353,10004.3419847
2025-10-18 03:43:41.012,106964.0,0.028,2994.992
2025-10-18 03:43:41.382,106963.99,0.0003,32.089197
2025-10-18 03:43:41.440,106963.99,0.00016,17.1142384
2025-10-18 03:43:41.851,106963.99,0.00093,99.4765107
2025-10-18 03:43:41.944,106963.99,0.09353,10004.3419847
2025-10-18 03:43:42.396,106964.0,0.00052,55.62127999999999
2025-10-18 03:43:43.090,106964.0,0.00014,14.97496
2025-10-18 03:43:43.186,106963.99,0.09353,10004.3419847
2025-10-18 03:43:43.425,106964.0,0.00389,416.08995999999996
2025-10-18 03:43:43.813,106964.0,0.00626,669.59464
2025-10-18 03:43:44.317,106963.99,0.09353,10004.3419847
2025-10-18 03:43:45.316,106963.99,0.09353,10004.3419847
2025-10-18 03:43:45.880,106964.0,0.01128,1206.55392
2025-10-18 03:43:46.063,106964.0,0.00061,65.24804
2025-10-18 03:43:46.355,106963.99,0.09353,10004.3419847
2025-10-18 03:43:46.666,106963.99,8e-05,8.5571192
2025-10-18 03:43:46.764,106964.0,0.00016,17.114240000000002
2025-10-18 03:43:46.983,106964.0,6e-05,6.41784
2025-10-18 03:43:47.008,106963.99,0.00029,31.0195571
2025-10-18 03:43:47.232,106964.0,0.00052,55.62127999999999
2025-10-18 03:43:47.394,106963.99,0.09353,10004.3419847
2025-10-18 03:43:47.461,106963.99,0.0001,10.696399000000001
2025-10-18 03:43:48.340,106964.0,8e-05,8.557120000000001
2025-10-18 03:43:48.486,106963.99,0.09353,10004.3419847
2025-10-18 03:43:48.513,106963.99,0.01587,1697.5185213
2025-10-18 03:43:49.628,106963.99,0.09353,10004.3419847
2025-10-18 03:43:50.425,106964.0,4e-05,4.278560000000001
2025-10-18 03:43:50.573,106964.0,7e-05,7.48748
2025-10-18 03:43:50.672,106963.99,0.09353,10004.3419847
2025-10-18 03:43:50.846,106964.0,0.01032,1103.8684799999999
2025-10-18 03:43:51.603,106963.99,0.00016,17.1142384
2025-10-18 03:43:51.712,106963.99,0.09353,10004.3419847
2025-10-18 03:43:51.824,106963.99,0.00017,18.183878300000003
2025-10-18 03:43:52.292,106964.0,0.00373,398.97571999999997
2025-10-18 03:43:52.856,106963.99,0.09353,10004.3419847
2025-10-18 03:43:53.203,106964.0,0.00028,29.94992
2025-10-18 03:43:53.660,106963.99,0.00029,31.0195571
2025-10-18 03:43:53.778,106964.0,0.00041,43.85524
2025-10-18 03:43:53.837,106963.99,0.09353,10004.3419847
2025-10-18 03:43:54.879,106964.0,0.00066,70.59624
2025-10-18 03:43:54.977,106963.99,0.09353,10004.3419847
2025-10-18 03:43:55.282,106963.99,0.00452,483.4772348
2025-10-18 03:43:55.967,106963.99,0.09353,10004.3419847
2025-10-18 03:43:56.593,106964.0,0.028,2994.992
2025-10-18 03:43:56.917,106963.99,0.09353,10004.3419847
2025-10-18 03:43:57.917,106963.99,0.09353,10004.3419847
2025-10-18 03:43:58.793,106964.0,0.00039,41.71596
2025-10-18 03:43:58.916,106963.99,0.09353,10004.3419847
2025-10-18 03:43:59.218,106964.0,0.003,320.892
2025-10-18 03:44:00.016,106963.99,0.09354,10005.4116246
2025-10-18 03:44:00.526,106963.99,0.012,1283.56788
2025-10-18 03:44:00.527,106963.99,0.012,1283.56788
2025-10-18 03:44:00.529,106963.99,0.07288,7795.5355912
2025-10-18 03:44:00.532,106963.99,0.53566,57296.330883400005
2025-10-18 03:44:00.534,106963.99,0.06232,6665.9958568
2025-10-18 03:44:00.535,106963.99,0.0005,53.481995000000005
2025-10-18 03:44:00.536,106961.09,0.00038,40.6452142
2025-10-18 03:44:00.786,106959.73,0.00014,14.974362199999998
2025-10-18 03:44:01.000,106959.72,0.00615,657.802278
2025-10-18 03:44:01.001,106959.72,0.00078,83.4285816
2025-10-18 03:44:01.015,106959.7,0.00193,206.432221
2025-10-18 03:44:01.351,106958.99,0.0001,10.695899
2025-10-18 03:44:01.415,106959.0,0.00014,14.97426
2025-10-18 03:44:02.033,106958.99,0.09354,10004.9439246
2025-10-18 03:44:02.084,106959.0,0.00018,19.25262
2025-10-18 03:44:02.258,106959.0,0.028,2994.852
2025-10-18 03:44:02.671,106959.0,0.03028,3238.7185200000004
2025-10-18 03:44:03.117,106958.99,0.09354,10004.9439246
2025-10-18 03:44:03.580,106958.99,0.0003,32.087697
2025-10-18 03:44:04.217,106958.99,0.09354,10004.9439246
2025-10-18 03:44:04.418,106958.99,0.00096,102.68063040000001
2025-10-18 03:44:04.779,106959.0,0.00951,1017.18009
2025-10-18 03:44:05.056,106959.0,0.00948,1013.9713200000001
2025-10-18 03:44:05.417,106958.99,0.09354,10004.9439246
2025-10-18 03:44:05.733,106958.99,0.001,106.95899000000001
2025-10-18 03:44:05.735,106958.99,0.001,106.95899000000001
2025-10-18 03:44:05.738,106958.99,0.001,106.95899000000001
2025-10-18 03:44:05.739,106959.0,0.00094,100.54146
2025-10-18 03:44:06.099,106959.0,0.00181,193.59579
2025-10-18 03:44:06.406,106959.0,0.00021,22.46139
2025-10-18 03:44:06.717,106958.99,0.09355,10006.0135145
2025-10-18 03:44:07.268,106958.99,0.00015,16.0438485
2025-10-18 03:44:07.717,106958.99,0.02286,2445.0825114
2025-10-18 03:44:07.864,106958.99,0.00276,295.2068124
2025-10-18 03:44:07.915,106958.97,0.00125,133.6987125
2025-10-18 03:44:08.040,106957.59,0.00023,24.6002457
2025-10-18 03:44:08.454,106957.59,0.00186,198.9411174
2025-10-18 03:44:08.582,106957.59,0.00284,303.7595556
2025-10-18 03:44:08.587,106957.58,0.00265,283.437587
2025-10-18 03:44:08.592,106957.22,0.00147,157.2271134
2025-10-18 03:44:08.911,106956.23,1e-05,1.0695623
2025-10-18 03:44:08.913,106956.23,0.00144,154.0169712
2025-10-18 03:44:08.917,106956.22,0.00054,57.7563588
2025-10-18 03:44:09.008,106956.22,0.00182,194.6603204
2025-10-18 03:44:09.015,106956.01,0.00913,976.5083712999999
2025-10-18 03:44:09.082,106956.02,0.0061,652.431722
2025-10-18 03:44:09.423,106956.01,0.00139,148.6688539
2025-10-18 03:44:09.959,106956.01,0.00202,216.0511402
2025-10-18 03:44:09.961,106956.01,0.00042,44.9215242
2025-10-18 03:44:10.370,106955.99,6e-05,6.4173594000000005
2025-10-18 03:44:10.515,106955.99,0.003,320.86797
2025-10-18 03:44:10.516,106955.99,0.00686,733.7180914
2025-10-18 03:44:10.519,106955.64,0.00125,133.69455
2025-10-18 03:44:10.523,106954.25,0.00099,105.8847075
2025-10-18 03:44:10.524,106953.3,0.00425,454.551525
2025-10-18 03:44:10.987,106953.3,0.0906,9689.96898
2025-10-18 03:44:12.216,106953.3,0.09355,10005.481215
2025-10-18 03:44:12.778,106953.3,0.00068,72.728244
2025-10-18 03:44:13.170,106953.3,0.09355,10005.481215
2025-10-18 03:44:14.107,106953.3,0.00158,168.98621400000002
2025-10-18 03:44:14.262,106952.47,0.00025,26.7381175
2025-10-18 03:44:14.317,106952.38,0.00159,170.0542842
2025-10-18 03:44:14.318,106952.37,8e-05,8.5561896
2025-10-18 03:44:14.319,106952.37,0.00015,16.042855499999998
2025-10-18 03:44:14.939,106952.37,0.0018,192.514266
2025-10-18 03:44:15.217,106952.36,0.00367,392.5151612
2025-10-18 03:44:15.220,106952.29,0.0004,42.780916
2025-10-18 03:44:15.221,106952.3,0.0002,21.39046
2025-10-18 03:44:15.227,106951.97,0.0006,64.171182
2025-10-18 03:44:15.234,106951.97,0.00091,97.3262927
2025-10-18 03:44:15.249,106951.96,0.00303,324.06443880000006
2025-10-18 03:44:15.308,106951.47,0.01606,1717.6406082
2025-10-18 03:44:15.472,106951.47,0.012,1283.4176400000001
2025-10-18 03:44:15.473,106951.47,0.00126,134.7588522
2025-10-18 03:44:15.476,106951.36,0.0096,1026.7330559999998
2025-10-18 03:44:15.478,106948.64,0.00015,16.042295999999997
2025-10-18 03:44:15.533,106948.38,0.00041,43.8488358
2025-10-18 03:44:15.535,106948.37,0.00036,38.5014132
2025-10-18 03:44:15.562,106948.38,0.00092,98.39250960000001
2025-10-18 03:44:15.567,106948.37,0.00445,475.92024649999996
2025-10-18 03:44:15.580,106946.88,0.00174,186.0875712
2025-10-18 03:44:16.416,106946.36,0.09356,10005.9014416
2025-10-18 03:44:16.437,106946.37,0.0001,10.694637
2025-10-18 03:44:16.647,106946.37,0.0001,10.694637
2025-10-18 03:44:16.670,106946.37,0.00029,31.0144473
2025-10-18 03:44:16.770,106946.37,0.0001,10.694637
2025-10-18 03:44:16.818,106946.37,7e-05,7.486245899999999
2025-10-18 03:44:16.942,106946.37,0.0001,10.694637
2025-10-18 03:44:17.517,106946.36,0.09356,10005.9014416
2025-10-18 03:44:17.818,106946.36,0.00013,13.9030268
2025-10-18 03:44:17.885,106946.37,9e-05,9.6251733
2025-10-18 03:44:17.932,106946.37,0.00026,27.806056199999997
2025-10-18 03:44:18.218,106946.37,0.0001,10.694637
2025-10-18 03:44:18.462,106946.37,0.0001,10.694637
2025-10-18 03:44:18.541,106946.37,0.00094,100.52958779999999
2025-10-18 03:44:18.570,106946.37,0.0001,10.694637
2025-10-18 03:44:18.727,106946.36,0.00084,89.8349424
2025-10-18 03:44:18.824,106946.37,0.0001,10.694637
2025-10-18 03:44:19.383,106946.36,0.00055,58.820498
2025-10-18 03:44:19.384,106946.35,0.00015,16.0419525
2025-10-18 03:44:19.613,106946.28,0.00095,101.598966
2025-10-18 03:44:19.871,106946.28,0.08518,9109.6841304
2025-10-18 03:44:20.061,106946.29,0.00281,300.51907489999996
2025-10-18 03:44:20.192,106946.28,0.00025,26.73657
2025-10-18 03:44:20.384,106946.28,0.01869,1998.8259732
2025-10-18 03:44:20.817,106946.27,0.00201,214.96200270000003
2025-10-18 03:44:21.194,106946.27,0.00033,35.2922691
2025-10-18 03:44:21.791,106946.27,0.05841,6246.7316307
2025-10-18 03:44:22.107,106946.28,0.028,2994.49584
2025-10-18 03:44:22.472,106946.28,0.00064,68.44561920000001
2025-10-18 03:44:22.830,106946.27,0.09356,10005.893021200001
2025-10-18 03:44:23.227,106946.28,0.0002,21.389256
2025-10-18 03:44:23.917,106946.27,0.09356,10005.893021200001
2025-10-18 03:44:24.917,106946.27,0.09356,10005.893021200001
2025-10-18 03:44:25.113,106946.28,0.0001,10.694628
2025-10-18 03:44:25.262,106946.28,0.00019,20.3197932
2025-10-18 03:44:25.424,106946.28,0.028,2994.49584
2025-10-18 03:44:25.624,106946.27,8e-05,8.5557016
2025-10-18 03:44:26.017,106946.27,0.07333,7842.369979100001
2025-10-18 03:44:26.124,106946.27,0.00164,175.3918828
2025-10-18 03:44:26.410,106946.28,0.028,2994.49584
2025-10-18 03:44:26.508,106946.27,0.03441,3680.0211507000004
2025-10-18 03:44:26.839,106946.28,8e-05,8.555702400000001
2025-10-18 03:44:29.937,106946.28,0.00036,38.5006608
2025-10-18 03:44:29.950,106946.27,0.00032,34.2228064
2025-10-18 03:44:30.112,106946.27,0.00063,67.3761501
2025-10-18 03:44:30.471,106946.27,0.00034,36.3617318
2025-10-18 03:44:31.063,106946.28,0.01113,1190.3120964
2025-10-18 03:44:32.133,106946.28,0.0012,128.335536
2025-10-18 03:44:32.890,106946.28,0.00043,45.986900399999996
2025-10-18 03:44:33.127,106946.28,0.00023,24.5976444
2025-10-18 03:44:33.164,106946.28,0.02977,3183.7907556
2025-10-18 03:44:34.011,106946.28,0.00162,173.2529736
2025-10-18 03:44:34.519,106946.28,0.00032,34.222809600000005
2025-10-18 03:44:34.917,106946.28,0.00172,183.94760159999998
2025-10-18 03:44:36.182,106946.27,6e-05,6.4167762
2025-10-18 03:44:37.029,106946.28,9e-05,9.6251652
2025-10-18 03:44:37.534,106946.28,0.0034,363.617352
2025-10-18 03:44:38.124,106946.28,0.00058,62.0288424
2025-10-18 03:44:38.478,106946.28,0.00879,940.0578011999999
2025-10-18 03:44:38.664,106946.27,0.00019,20.319791300000002
2025-10-18 03:44:38.939,106946.28,0.00099,105.8768172
2025-10-18 03:44:39.439,106946.27,0.00418,447.0354086
2025-10-18 03:44:39.440,106946.28,0.00046,49.1952888
2025-10-18 03:44:39.550,106946.28,0.00116,124.0576848
2025-10-18 03:44:40.743,106946.28,0.00467,499.43912759999995
2025-10-18 03:44:40.775,106946.27,0.0009,96.251643
2025-10-18 03:44:40.909,106946.28,0.06179,6608.210641199999
2025-10-18 03:44:40.911,106946.29,0.00104,111.22414159999998
2025-10-18 03:44:40.912,106946.3,0.00522,558.259686
2025-10-18 03:44:40.914,106948.3,0.0005,53.47415
2025-10-18 03:44:40.916,106948.31,0.0004,42.779324
2025-10-18 03:44:40.917,106948.31,0.0001,10.694831
2025-10-18 03:44:40.921,106954.01,5e-05,5.3477005
2025-10-18 03:44:40.930,106956.97,0.0001,10.695697000000001
2025-10-18 03:44:41.655,106957.58,4e-05,4.278303200000001
2025-10-18 03:44:41.862,106957.57,0.0027,288.78543900000005
2025-10-18 03:44:43.043,106957.58,0.00074,79.1486092
2025-10-18 03:44:44.117,106957.58,0.0002,21.391516000000003
2025-10-18 03:44:45.159,106957.58,0.00041,43.8526078
2025-10-18 03:44:45.657,106957.58,0.00029,31.0176982
2025-10-18 03:44:46.309,106957.58,5e-05,5.347879000000001
2025-10-18 03:44:47.128,106957.57,0.00186,198.94108020000002
2025-10-18 03:44:49.296,106957.57,0.00516,551.9010612
2025-10-18 03:44:49.632,106957.58,0.00119,127.27952020000001
2025-10-18 03:44:51.217,106957.58,0.00441,471.6829278
2025-10-18 03:44:51.309,106957.58,0.0024,256.698192
2025-10-18 03:44:52.394,106957.58,0.00198,211.7760084
2025-10-18 03:44:53.610,106957.58,0.0163,1743.4085539999999
2025-10-18 03:44:53.741,106957.57,0.00017,18.182786900000004
2025-10-18 03:44:54.879,106957.58,8e-05,8.556606400000001
2025-10-18 03:44:55.318,106957.57,8e-05,8.556605600000001
2025-10-18 03:44:55.519,106957.58,0.00089,95.1922462
2025-10-18 03:44:56.152,106957.58,0.0076,812.877608
2025-10-18 03:44:57.825,106957.58,0.00048,51.339638400000005
2025-10-18 03:44:58.153,106957.58,0.0031,331.568498
2025-10-18 03:44:59.357,106957.58,0.00022,23.5306676
2025-10-18 03:45:00.486,106957.58,5e-05,5.347879000000001
2025-10-18 03:45:00.641,106957.58,6e-05,6.417454800000001
2025-10-18 03:45:00.861,106957.58,0.00088,94.1226704
2025-10-18 03:45:00.910,106957.58,0.00468,500.5614744
2025-10-18 03:45:01.051,106957.58,0.00013,13.904485399999999
2025-10-18 03:45:01.111,106957.57,7e-05,7.4870299
2025-10-18 03:45:01.543,106957.57,0.012,1283.4908400000002
2025-10-18 03:45:01.544,106957.57,0.012,1283.4908400000002
2025-10-18 03:45:01.654,106957.57,0.09563,10228.352419100001
2025-10-18 03:45:01.655,106957.57,0.04896,5236.6426272
2025-10-18 03:45:01.657,106957.57,0.06407,6852.771509900001
2025-10-18 03:45:01.768,106957.57,0.0472,5048.397304
2025-10-18 03:45:01.770,106957.57,0.00676,723.0331732000001
2025-10-18 03:45:01.771,106957.57,0.05302,5670.8903614
2025-10-18 03:45:01.773,106957.57,0.04447,4756.403137900001
2025-10-18 03:45:03.337,106957.57,0.00894,956.2006758000001
2025-10-18 03:45:03.344,106957.57,0.01236,1321.9955652
2025-10-18 03:45:03.349,106957.57,0.00658,703.7808106
2025-10-18 03:45:03.352,106957.57,0.009,962.61813
2025-10-18 03:45:03.357,106957.57,0.00608,650.3020256000001
2025-10-18 03:45:03.363,106957.57,0.01532,1638.5899724
2025-10-18 03:45:03.369,106957.57,0.01532,1638.5899724
2025-10-18 03:45:03.376,106957.57,0.00632,675.9718424
2025-10-18 03:45:03.384,106957.57,0.00632,675.9718424
2025-10-18 03:45:03.390,106957.57,0.00632,675.9718424
2025-10-18 03:45:03.392,106957.58,0.00069,73.8007302
2025-10-18 03:45:03.396,106957.57,0.00702,750.8421414000001
2025-10-18 03:45:03.402,106957.57,0.01236,1321.9955652
2025-10-18 03:45:03.410,106957.57,0.00489,523.0225173
2025-10-18 03:45:03.415,106957.57,0.009,962.61813
2025-10-18 03:45:03.423,106957.57,0.01532,1638.5899724
2025-10-18 03:45:03.879,106957.58,1.0,106957.58
2025-10-18 03:45:04.010,106957.58,0.00015,16.043637
2025-10-18 03:45:04.971,106957.58,0.00455,486.656989
2025-10-18 03:45:04.982,106957.57,0.00021,22.461089700000002
2025-10-18 03:45:04.984,106957.58,0.00019,20.3219402
2025-10-18 03:45:05.110,106957.58,0.00047,50.2700626
2025-10-18 03:45:05.530,106957.58,0.00088,94.1226704
2025-10-18 03:45:07.057,106957.57,0.012,1283.4908400000002
2025-10-18 03:45:07.232,106957.58,4e-05,4.278303200000001
2025-10-18 03:45:07.363,106957.58,0.00019,20.3219402
2025-10-18 03:45:07.372,106957.58,0.00038,40.6438804
2025-10-18 03:45:07.575,106957.58,0.04106,4391.6782348
2025-10-18 03:45:07.580,106957.58,0.028,2994.81224
2025-10-18 03:45:07.619,106957.58,0.00087,93.05309460000001
2025-10-18 03:45:09.096,106957.57,8e-05,8.556605600000001
2025-10-18 03:45:09.398,106957.58,0.0028,299.481224
2025-10-18 03:45:09.824,106957.57,0.008,855.66056
2025-10-18 03:45:11.218,106957.58,0.00024,25.669819200000003
2025-10-18 03:45:11.433,106957.58,0.00037,39.5743046
2025-10-18 03:45:11.654,106957.57,0.00018,19.2523626
2025-10-18 03:45:12.714,106957.58,0.00022,23.5306676
2025-10-18 03:45:13.221,106957.58,0.00025,26.739395000000002
2025-10-18 03:45:13.879,106957.58,0.00018,19.2523644
2025-10-18 03:45:13.958,106957.58,0.00025,26.739395000000002
2025-10-18 03:45:14.143,106957.58,0.00311,332.6380738
2025-10-18 03:45:14.746,106957.57,0.00014,14.9740598
2025-10-18 03:45:15.621,106957.58,0.002,213.91516000000001
2025-10-18 03:45:16.002,106957.58,0.00467,499.49189859999996
2025-10-18 03:45:17.568,106957.58,0.00086,91.9835188
2025-10-18 03:45:18.310,106957.58,8e-05,8.556606400000001
2025-10-18 03:45:19.794,106957.58,0.00013,13.904485399999999
2025-10-18 03:45:19.953,106957.7,0.001,106.9577
2025-10-18 03:45:19.955,106963.36,0.0001,10.696336
2025-10-18 03:45:19.956,106966.66,0.0001,10.696666
2025-10-18 03:45:19.958,106967.99,0.01469,1571.3597731
2025-10-18 03:45:19.975,106969.28,0.04899,5240.4250272
2025-10-18 03:45:19.989,106969.28,0.01674,1790.6657472000002
2025-10-18 03:45:19.990,106969.28,0.0566,6054.461248
2025-10-18 03:45:19.999,106969.28,0.0042,449.27097599999996
2025-10-18 03:45:20.000,106969.28,0.08019,8577.8665632
2025-10-18 03:45:20.004,106969.28,0.00324,346.5804672
2025-10-18 03:45:20.005,106969.29,0.0001,10.696928999999999
2025-10-18 03:45:20.007,106969.29,0.0008,85.57543199999999
2025-10-18 03:45:20.009,106969.6,0.0003,32.09088
2025-10-18 03:45:20.015,106969.89,0.02001,2140.4674989
2025-10-18 03:45:20.022,106969.89,0.00014,14.975784599999999
2025-10-18 03:45:20.029,106969.89,0.00256,273.84291840000003
2025-10-18 03:45:20.039,106969.89,0.02407,2574.7652523
2025-10-18 03:45:20.040,106969.89,0.02491,2664.6199599
2025-10-18 03:45:20.042,106969.89,0.008,855.75912
2025-10-18 03:45:20.044,106969.89,0.028,2995.15692
2025-10-18 03:45:20.053,106969.89,0.00251,268.4944239
2025-10-18 03:45:20.063,106969.89,0.00426,455.6917314
2025-10-18 03:45:20.070,106969.89,0.00375,401.1370875
2025-10-18 03:45:20.078,106969.89,0.00548,586.1949972
2025-10-18 03:45:20.090,106969.89,0.00387,413.9734743
2025-10-18 03:45:20.098,106969.89,0.00387,413.9734743
2025-10-18 03:45:20.102,106969.89,0.04835,5171.994181499999
2025-10-18 03:45:20.185,106969.88,0.00372,397.9279536
2025-10-18 03:45:21.105,106969.89,0.0001,10.696989
2025-10-18 03:45:21.315,106969.89,0.00997,1066.4898033
2025-10-18 03:45:21.391,106969.89,0.003,320.90967
2025-10-18 03:45:21.515,106973.08,0.00015,16.045962
2025-10-18 03:45:22.024,106973.61,0.00186,198.97091460000001
2025-10-18 03:45:22.172,106973.61,0.01908,2041.0564788
2025-10-18 03:45:22.335,106973.61,0.09353,10005.241743300001
2025-10-18 03:45:22.447,106973.62,0.028,2995.26136
2025-10-18 03:45:22.608,106973.62,0.09348,9999.893997599998
2025-10-18 03:45:22.738,106979.98,0.00081,86.65378379999999
2025-10-18 03:45:22.740,106979.98,0.016,1711.67968
2025-10-18 03:45:23.417,106979.97,0.09352,10004.7667944
2025-10-18 03:45:23.574,106979.98,8e-05,8.5583984
2025-10-18 03:45:23.823,106979.97,0.05941,6355.6800177
2025-10-18 03:45:24.505,106979.97,0.09352,10004.7667944
2025-10-18 03:45:25.518,106979.97,0.09352,10004.7667944
2025-10-18 03:45:26.598,106979.97,5e-05,5.3489985
2025-10-18 03:45:26.643,106979.98,0.00031,33.1637938
2025-10-18 03:45:26.686,106979.97,0.09352,10004.7667944
2025-10-18 03:45:27.727,106979.97,0.09352,10004.7667944
2025-10-18 03:45:27.890,106979.98,7e-05,7.488598599999999
2025-10-18 03:45:28.551,106979.97,0.012,1283.75964
2025-10-18 03:45:28.552,106979.97,0.012,1283.75964
2025-10-18 03:45:28.560,106979.97,0.33847,36209.5104459
2025-10-18 03:45:28.561,106978.9,0.00015,16.046834999999998
2025-10-18 03:45:28.564,106978.85,0.02399,2566.4226115
2025-10-18 03:45:28.618,106977.45,0.0002,21.39549
2025-10-18 03:45:28.620,106975.7,0.00389,416.135473
2025-10-18 03:45:28.621,106973.61,0.012,1283.68332
2025-10-18 03:45:28.625,106973.61,0.012,1283.68332
2025-10-18 03:45:28.626,106969.88,0.00342,365.8369896
2025-10-18 03:45:28.641,106969.88,0.01304,1394.8872352
2025-10-18 03:45:28.648,106967.5,0.00015,16.045125
2025-10-18 03:45:28.649,106967.45,0.00019,20.323815500000002
2025-10-18 03:45:28.817,106967.44,0.00663,709.1941272
2025-10-18 03:45:28.818,106967.44,0.00054,57.7624176
2025-10-18 03:45:28.834,106964.0,6e-05,6.41784
2025-10-18 03:45:28.836,106962.51,5e-05,5.3481255
2025-10-18 03:45:28.856,106962.51,0.0015,160.44376499999998
2025-10-18 03:45:28.894,106959.72,5e-05,5.347986000000001
2025-10-18 03:45:28.908,106957.98,0.00105,112.30587899999999
2025-10-18 03:45:29.242,106957.57,0.00565,604.3102705
2025-10-18 03:45:29.333,106957.57,0.0004,42.783028
2025-10-18 03:45:29.462,106957.58,0.00057,60.9658206
2025-10-18 03:45:30.052,106957.57,0.09355,10005.8806735
2025-10-18 03:45:31.134,106957.57,0.09355,10005.8806735
2025-10-18 03:45:32.157,106957.57,0.06976,7461.360083200001
2025-10-18 03:45:32.158,106956.28,0.01834,1961.5781751999998
2025-10-18 03:45:32.160,106956.2,0.00107,114.443134
2025-10-18 03:45:32.162,106952.22,0.00015,16.042832999999998
2025-10-18 03:45:32.163,106950.02,0.00015,16.042503
2025-10-18 03:45:32.172,106946.89,0.03673,3928.1592696999996
2025-10-18 03:45:32.185,106944.5,6e-05,6.41667
2025-10-18 03:45:32.194,106940.05,5e-05,5.3470025
2025-10-18 03:45:32.195,106938.34,0.012,1283.26008
2025-10-18 03:45:32.206,106938.34,0.012,1283.26008
2025-10-18 03:45:32.226,106938.34,0.02804,2998.5510535999997
2025-10-18 03:45:32.237,106938.34,0.00935,999.8734790000001
2025-10-18 03:45:32.239,106938.34,0.06334,6773.474455599999
2025-10-18 03:45:32.282,106938.34,0.00935,999.8734790000001
2025-10-18 03:45:33.308,106938.34,0.09356,10005.1510904
2025-10-18 03:45:33.315,106938.35,0.00065,69.5099275
2025-10-18 03:45:33.348,106938.34,0.00016,17.1101344
2025-10-18 03:45:34.206,106938.34,0.00509,544.3161506
2025-10-18 03:45:34.501,106938.34,0.09356,10005.1510904
2025-10-18 03:45:35.429,106938.35,0.00589,629.8668815000001
2025-10-18 03:45:35.527,106938.35,0.0014,149.71369
2025-10-18 03:45:35.617,106938.34,0.09356,10005.1510904
2025-10-18 03:45:36.382,106938.34,6e-05,6.4163004
2025-10-18 03:45:36.624,106938.34,0.09356,10005.1510904
2025-10-18 03:45:36.657,106938.35,0.00093,99.45266550000001
2025-10-18 03:45:36.678,106938.35,0.00285,304.77429750000005
2025-10-18 03:45:36.772,106938.35,0.00017,18.1795195
2025-10-18 03:45:37.618,106938.35,0.0002,21.387670000000004
2025-10-18 03:45:37.628,106938.34,0.09356,10005.1510904
2025-10-18 03:45:37.714,106936.0,0.00295,315.4612
2025-10-18 03:45:37.715,106931.17,5e-05,5.3465585
2025-10-18 03:45:37.717,106930.0,0.00445,475.8385
2025-10-18 03:45:37.724,106929.07,0.03399,3634.5190893000004
2025-10-18 03:45:37.728,106929.06,0.00035,37.425171
2025-10-18 03:45:37.729,106928.13,0.00015,16.039219499999998
2025-10-18 03:45:37.760,106927.65,0.00211,225.61734149999998
2025-10-18 03:45:37.787,106927.46,0.00231,247.00243260000002
2025-10-18 03:45:37.791,106927.46,0.00282,301.53543720000005
2025-10-18 03:45:38.601,106927.46,0.09357,10005.2024322
2025-10-18 03:45:39.617,106927.46,0.09357,10005.2024322
2025-10-18 03:45:40.023,106927.46,7e-05,7.4849222
2025-10-18 03:45:40.160,106927.46,0.00575,614.832895
2025-10-18 03:45:40.251,106927.46,0.01848,1976.0194608000002
2025-10-18 03:45:40.717,106927.46,0.09357,10005.2024322
2025-10-18 03:45:41.118,106927.46,0.00015,16.039119
2025-10-18 03:45:41.716,106927.46,0.09357,10005.2024322
2025-10-18 03:45:42.812,106927.46,0.09357,10005.2024322
2025-10-18 03:45:43.557,106927.46,0.00296,316.5052816
2025-10-18 03:45:43.620,106927.47,0.00046,49.1866362
2025-10-18 03:45:43.628,106927.47,0.02399,2565.1900053
2025-10-18 03:45:43.662,106927.46,0.0002,21.385492000000003
2025-10-18 03:45:43.664,106927.47,0.5271,56361.469437
2025-10-18 03:45:43.666,106931.52,0.00015,16.039728
2025-10-18 03:45:43.671,106931.74,0.00444,474.7769256000001
2025-10-18 03:45:43.673,106934.75,6e-05,6.416085
2025-10-18 03:45:43.676,106936.88,0.0006,64.162128
2025-10-18 03:45:43.677,106938.35,8e-05,8.555068
2025-10-18 03:45:43.680,106938.35,0.00113,120.8403355
2025-10-18 03:45:43.704,106940.04,0.0001,10.694004
2025-10-18 03:45:43.793,106941.0,0.09355,10004.330549999999
2025-10-18 03:45:44.733,106941.01,0.0001,10.694101
2025-10-18 03:45:44.779,106941.0,0.09355,10004.330549999999
2025-10-18 03:45:44.843,106941.0,0.0086,919.6926
2025-10-18 03:45:45.057,106941.01,0.00467,499.4145166999999
2025-10-18 03:45:45.974,106941.0,0.09355,10004.330549999999
2025-10-18 03:45:46.619,106941.0,0.00251,268.42191
2025-10-18 03:45:47.119,106941.0,0.09355,10004.330549999999
2025-10-18 03:45:47.886,106941.01,0.00028,29.943482799999995
2025-10-18 03:45:48.107,106941.0,0.09355,10004.330549999999
2025-10-18 03:45:49.217,106941.0,0.09355,10004.330549999999
2025-10-18 03:45:50.181,106941.0,0.09355,10004.330549999999
2025-10-18 03:45:51.181,106941.0,0.00029,31.01289
2025-10-18 03:45:51.317,106941.0,0.09355,10004.330549999999
2025-10-18 03:45:51.861,106941.0,0.00048,51.33168
2025-10-18 03:45:52.247,106941.0,0.03866,4134.33906
2025-10-18 03:45:52.547,106941.01,0.00049,52.4010949
2025-10-18 03:45:52.711,106941.0,0.012,1283.292
2025-10-18 03:45:52.712,106941.0,0.012,1283.292
2025-10-18 03:45:52.963,106941.0,0.00622,665.17302
2025-10-18 03:45:53.218,106941.01,0.00281,300.5042381
2025-10-18 03:45:53.235,106941.0,0.02534,2709.8849400000004
2025-10-18 03:45:54.323,106941.0,0.03054,3265.97814
2025-10-18 03:45:54.461,106941.0,0.00034,36.35994
2025-10-18 03:45:54.628,106941.01,4e-05,4.2776404
2025-10-18 03:45:55.359,106941.0,0.03521,3765.39261
2025-10-18 03:45:55.774,106941.01,5e-05,5.3470505
2025-10-18 03:45:56.167,106941.01,0.00056,59.88696559999999
2025-10-18 03:45:56.341,106941.0,0.09356,10005.39996
2025-10-18 03:45:56.439,106941.01,0.09351,10000.0538451
2025-10-18 03:45:56.722,106941.0,0.00022,23.52702
2025-10-18 03:45:56.768,106941.0,0.01,1069.41
2025-10-18 03:45:56.770,106941.01,0.00156,166.8279756
2025-10-18 03:45:56.819,106941.0,0.01,1069.41
2025-10-18 03:45:57.115,106941.0,0.01,1069.41
2025-10-18 03:45:57.417,106941.0,0.09356,10005.39996
2025-10-18 03:45:58.024,106941.0,5e-05,5.34705
2025-10-18 03:45:58.416,106941.0,0.09355,10004.330549999999
2025-10-18 03:45:59.058,106941.01,0.00081,86.6222181
2025-10-18 03:45:59.518,106941.0,0.09355,10004.330549999999
2025-10-18 03:46:00.093,106941.01,0.01928,2061.8226728
2025-10-18 03:46:00.297,106941.01,0.00212,226.71494119999997
2025-10-18 03:46:00.326,106941.01,0.00222,237.40904220000002
2025-10-18 03:46:00.605,106941.01,0.00218,233.1314018
2025-10-18 03:46:00.714,106941.01,0.00438,468.4016238
2025-10-18 03:46:00.751,106941.0,0.09355,10004.330549999999
2025-10-18 03:46:01.166,106941.01,0.01615,1727.0973115
2025-10-18 03:46:01.199,106941.01,0.0001,10.694101
2025-10-18 03:46:01.477,106941.0,0.00014,14.971739999999999
2025-10-18 03:46:01.785,106941.0,0.09355,10004.330549999999
2025-10-18 03:46:02.827,106941.0,0.09355,10004.330549999999
2025-10-18 03:46:03.917,106941.0,0.09355,10004.330549999999
2025-10-18 03:46:03.977,106941.01,0.00026,27.804662599999997
2025-10-18 03:46:04.137,106941.0,0.00095,101.59395
2025-10-18 03:46:04.916,106941.0,0.09355,10004.330549999999
2025-10-18 03:46:05.058,106941.0,0.00061,65.23401
2025-10-18 03:46:05.342,106941.0,0.00471,503.69210999999996
2025-10-18 03:46:05.982,106941.0,0.06997,7482.661770000001
2025-10-18 03:46:06.220,106941.01,0.00017,18.1799717
2025-10-18 03:46:06.513,106941.0,0.00026,27.80466
2025-10-18 03:46:07.070,106941.0,0.05125,5480.72625
2025-10-18 03:46:08.088,106941.01,0.00045,48.123454499999994
2025-10-18 03:46:08.110,106941.0,0.03352,3584.66232
2025-10-18 03:46:08.321,106941.01,0.00288,307.99010880000003
2025-10-18 03:46:09.271,106941.01,0.46755,50000.2692255
2025-10-18 03:46:09.303,106941.0,0.06396,6839.94636
2025-10-18 03:46:09.839,106941.0,0.0012,128.3292
2025-10-18 03:46:10.039,106941.0,0.00019,20.31879
2025-10-18 03:46:10.316,106941.0,0.09356,10005.39996
2025-10-18 03:46:10.371,106941.0,0.00122,130.46802
2025-10-18 03:46:11.217,106941.01,0.01402,1499.3129602
2025-10-18 03:46:11.319,106941.0,0.09356,10005.39996
2025-10-18 03:46:11.552,106941.0,0.00274,293.01833999999997
2025-10-18 03:46:11.594,106941.01,0.00121,129.39862209999998
2025-10-18 03:46:12.022,106941.01,5e-05,5.3470505
2025-10-18 03:46:12.410,106941.0,0.09356,10005.39996
2025-10-18 03:46:12.736,106941.0,0.011,1176.3509999999999
2025-10-18 03:46:12.868,106941.0,0.011,1176.3509999999999
2025-10-18 03:46:13.446,106941.01,0.48781,52166.8940881
2025-10-18 03:46:13.449,106941.01,0.0042,449.15224199999994
2025-10-18 03:46:13.451,106941.01,0.05031,5380.202213099999
2025-10-18 03:46:13.452,106942.4,0.01794,1918.546656
2025-10-18 03:46:13.461,106943.02,5e-05,5.347151
2025-10-18 03:46:13.463,106943.29,0.00015,16.041493499999998
2025-10-18 03:46:13.477,106944.36,0.00035,37.430526
2025-10-18 03:46:13.487,106945.28,0.00249,266.2937472
2025-10-18 03:46:13.504,106945.28,0.00275,294.09952
2025-10-18 03:46:13.507,106946.36,0.0004,42.778544000000004
2025-10-18 03:46:13.515,106951.85,5e-05,5.3475925
2025-10-18 03:46:13.541,106954.0,0.013,1390.402
2025-10-18 03:46:13.543,106954.0,0.015,1604.31
2025-10-18 03:46:13.554,106954.0,0.024,2566.896
2025-10-18 03:46:13.617,106953.99,0.09354,10004.476224600001
2025-10-18 03:46:13.663,106954.0,0.03,3208.62
2025-10-18 03:46:13.746,106954.0,0.2443,26128.8622
2025-10-18 03:46:13.748,106954.0,0.00317,339.04418
2025-10-18 03:46:13.749,106954.0,5e-05,5.347700000000001
2025-10-18 03:46:13.756,106960.0,0.00835,893.116
2025-10-18 03:46:13.797,106962.18,0.0001,10.696218
2025-10-18 03:46:13.816,106962.28,0.00131,140.12058679999998
2025-10-18 03:46:13.817,106962.29,0.0003,32.08868699999999
2025-10-18 03:46:13.928,106964.0,0.00198,211.78872
2025-10-18 03:46:13.957,106964.0,0.0509,5444.4676
2025-10-18 03:46:14.044,106964.0,0.04984,5331.08576
2025-10-18 03:46:14.115,106964.0,0.00155,165.7942
2025-10-18 03:46:14.275,106967.55,0.30486,32610.127293
2025-10-18 03:46:14.276,106967.55,0.06382,6826.669041
2025-10-18 03:46:14.528,106967.55,0.00034,36.368967000000005
2025-10-18 03:46:14.717,106967.54,0.09353,10004.674016199999
2025-10-18 03:46:14.789,106967.54,0.00017,18.1844818
2025-10-18 03:46:14.992,106967.55,8e-05,8.557404000000002
2025-10-18 03:46:15.597,106967.54,0.0028,299.50911199999996
2025-10-18 03:46:15.717,106967.54,0.09353,10004.674016199999
2025-10-18 03:46:15.932,106967.55,0.00077,82.3650135
2025-10-18 03:46:16.032,106967.54,0.00021,22.4631834
2025-10-18 03:46:16.610,106967.55,0.0001,10.696755000000001
2025-10-18 03:46:16.632,106967.55,0.00019,20.3238345
2025-10-18 03:46:16.648,106967.55,0.0001,10.696755000000001
2025-10-18 03:46:16.810,106967.54,0.09353,10004.674016199999
2025-10-18 03:46:16.817,106967.55,0.00024,25.672212000000002
2025-10-18 03:46:16.933,106967.55,0.00617,659.9897835
2025-10-18 03:46:17.010,106967.55,0.00043,45.9960465
2025-10-18 03:46:17.013,106967.55,0.00032,34.22961600000001
2025-10-18 03:46:17.033,106967.55,0.0001,10.696755000000001
2025-10-18 03:46:17.142,106967.55,0.00047,50.2747485
2025-10-18 03:46:17.236,106967.54,0.00033,35.2992882
2025-10-18 03:46:17.548,106967.55,0.00029,31.0205895
2025-10-18 03:46:17.594,106967.55,0.00015,16.045132499999998
2025-10-18 03:46:17.683,106967.55,0.00033,35.2992915
2025-10-18 03:46:17.732,106967.55,0.0001,10.696755000000001
2025-10-18 03:46:17.851,106967.54,0.09353,10004.674016199999
2025-10-18 03:46:17.912,106967.55,0.0001,10.696755000000001
2025-10-18 03:46:17.919,106967.55,0.00036,38.508318
2025-10-18 03:46:18.005,106967.55,0.0061,652.502055
2025-10-18 03:46:18.009,106967.58,0.0008,85.574064
2025-10-18 03:46:18.070,106971.33,0.0001,10.697133000000001
2025-10-18 03:46:18.484,106976.18,0.00468,500.6485224
2025-10-18 03:46:18.517,106976.18,0.0001,10.697618
2025-10-18 03:46:18.816,106976.17,0.09353,10005.4811801
2025-10-18 03:46:18.983,106976.18,0.00015,16.046426999999998
2025-10-18 03:46:18.985,106976.18,0.00015,16.046426999999998
2025-10-18 03:46:20.016,106976.17,0.09353,10005.4811801
2025-10-18 03:46:20.095,106976.18,0.00375,401.16067499999997
2025-10-18 03:46:20.154,106976.18,0.01121,1199.2029777999999
2025-10-18 03:46:20.313,106976.18,5e-05,5.348809
2025-10-18 03:46:20.370,106976.18,0.00056,59.90666079999999
2025-10-18 03:46:21.000,106976.17,0.09353,10005.4811801
2025-10-18 03:46:21.185,106976.18,0.01496,1600.3636527999997
2025-10-18 03:46:21.349,106976.18,0.01496,1600.3636527999997
2025-10-18 03:46:21.366,106976.18,0.00467,499.57876059999995
2025-10-18 03:46:21.505,106976.18,0.01496,1600.3636527999997
2025-10-18 03:46:21.668,106976.18,0.00293,313.44020739999996
2025-10-18 03:46:21.722,106976.18,0.01203,1286.9234454
2025-10-18 03:46:21.933,106976.18,0.01,1069.7618
2025-10-18 03:46:22.024,106976.17,0.00028,29.953327599999998
2025-10-18 03:46:22.039,106976.17,0.09353,10005.4811801
2025-10-18 03:46:22.972,106976.17,0.09353,10005.4811801
2025-10-18 03:46:23.214,106976.18,0.00092,98.4180856
2025-10-18 03:46:23.221,106976.18,5e-05,5.348809
2025-10-18 03:46:23.576,106976.18,0.028,2995.33304
2025-10-18 03:46:24.012,106976.18,0.028,2995.33304
2025-10-18 03:46:24.060,106976.17,0.09353,10005.4811801
2025-10-18 03:46:25.113,106976.18,0.0001,10.697618
2025-10-18 03:46:25.232,106976.18,0.00012,12.837141599999999
2025-10-18 03:46:25.306,106976.17,0.09353,10005.4811801
2025-10-18 03:46:25.694,106976.18,0.00018,19.2557124
2025-10-18 03:46:26.095,106976.18,0.00226,241.76616679999998
2025-10-18 03:46:26.156,106980.0,0.01516,1621.8168
2025-10-18 03:46:26.405,106980.0,0.02931,3135.5838
2025-10-18 03:46:26.437,106980.0,0.00038,40.6524
2025-10-18 03:46:26.587,106979.99,0.09352,10004.768664800002
2025-10-18 03:46:27.032,106979.99,0.00018,19.256398200000003
2025-10-18 03:46:27.589,106979.99,0.09352,10004.768664800002
2025-10-18 03:46:28.717,106979.99,0.09352,10004.768664800002
2025-10-18 03:46:29.791,106980.0,0.02884,3085.3032000000003
2025-10-18 03:46:29.917,106979.99,0.09352,10004.768664800002
2025-10-18 03:46:30.973,106979.99,0.09352,10004.768664800002
2025-10-18 03:46:32.053,106980.0,0.01496,1600.4207999999999
2025-10-18 03:46:32.217,106979.99,0.09352,10004.768664800002
2025-10-18 03:46:32.625,106980.0,0.00934,999.1931999999999
2025-10-18 03:46:32.737,106979.99,0.00039,41.7221961
2025-10-18 03:46:32.814,106980.0,0.00186,198.9828
2025-10-18 03:46:33.107,106980.0,0.0009,96.282
2025-10-18 03:46:33.313,106979.99,0.09352,10004.768664800002
2025-10-18 03:46:33.582,106980.0,0.0001,10.698
2025-10-18 03:46:33.777,106980.0,0.00218,233.21640000000002
2025-10-18 03:46:34.043,106982.7,5e-05,5.349135
2025-10-18 03:46:34.052,106983.5,0.09337,9989.049395
2025-10-18 03:46:34.110,106983.5,0.028,2995.538
2025-10-18 03:46:34.451,106983.49,0.09352,10005.0959848
2025-10-18 03:46:34.483,106983.5,0.00031,33.164885
2025-10-18 03:46:34.647,106983.49,0.00046,49.2124054
2025-10-18 03:46:35.517,106983.49,0.09352,10005.0959848
2025-10-18 03:46:36.424,106983.5,0.00332,355.18522
2025-10-18 03:46:36.425,106983.77,0.0002,21.396754
2025-10-18 03:46:36.506,106985.06,0.002,213.97012
2025-10-18 03:46:36.517,106985.05,0.09351,10004.1720255
2025-10-18 03:46:37.630,106985.06,0.002,213.97012
2025-10-18 03:46:38.557,106985.06,0.00377,403.33367619999996
2025-10-18 03:46:38.603,106986.98,0.09351,10004.3524998
2025-10-18 03:46:39.160,106986.99,0.002,213.97398
2025-10-18 03:46:39.594,106986.99,0.004,427.94796
2025-10-18 03:46:40.779,106986.98,0.09351,10004.3524998
2025-10-18 03:46:40.830,106986.98,0.00481,514.6073738
2025-10-18 03:46:41.870,106986.98,0.09351,10004.3524998
2025-10-18 03:46:41.991,106986.98,0.00738,789.5639124
2025-10-18 03:46:42.151,106986.98,0.001,106.98698
2025-10-18 03:46:42.390,106986.99,0.00095,101.6376405
2025-10-18 03:46:42.698,106986.98,0.00935,1000.328263
2025-10-18 03:46:42.753,106986.99,0.00348,372.3147252
2025-10-18 03:46:42.990,106986.99,0.0004,42.794796000000005
2025-10-18 03:46:43.007,106986.98,0.09351,10004.3524998
2025-10-18 03:46:44.017,106986.98,0.09351,10004.3524998
2025-10-18 03:46:44.432,106986.99,0.00332,355.19680680000005
2025-10-18 03:46:44.645,106986.99,0.02,2139.7398000000003
2025-10-18 03:46:44.918,106986.99,0.008,855.89592
2025-10-18 03:46:45.017,106986.98,0.09351,10004.3524998
2025-10-18 03:46:45.191,106986.99,0.00159,170.1093141
2025-10-18 03:46:45.414,106986.98,0.00013,13.908307399999998
2025-10-18 03:46:46.154,106986.99,0.0006,64.192194
2025-10-18 03:46:46.217,106986.98,0.09351,10004.3524998
2025-10-18 03:46:47.070,106986.99,0.01018,1089.1275582
2025-10-18 03:46:47.209,106986.98,0.09351,10004.3524998
2025-10-18 03:46:48.317,106986.98,0.09351,10004.3524998
2025-10-18 03:46:49.086,106986.98,0.00399,426.87805019999996
2025-10-18 03:46:49.087,106986.98,0.00255,272.816799
2025-10-18 03:46:49.088,106986.98,0.01534,1641.1802731999999
2025-10-18 03:46:49.317,106986.98,0.09352,10005.4223696
2025-10-18 03:46:49.601,106986.99,6e-05,6.4192194
2025-10-18 03:46:50.307,106986.99,0.01447,1548.1017453000002
2025-10-18 03:46:50.355,106986.99,0.00758,810.9613842
2025-10-18 03:46:50.419,106986.98,0.09351,10004.3524998
2025-10-18 03:46:50.714,106986.99,0.00011,11.768568900000002
2025-10-18 03:46:51.558,106986.98,0.09351,10004.3524998
2025-10-18 03:46:51.762,106986.98,0.10926,11689.3974348
2025-10-18 03:46:52.636,106986.98,0.09351,10004.3524998
2025-10-18 03:46:53.396,106986.98,0.1,10698.698
2025-10-18 03:46:53.683,106986.99,0.00128,136.9433472
2025-10-18 03:46:53.786,106986.98,0.09351,10004.3524998
2025-10-18 03:46:54.586,106986.98,0.21249,22733.6633802
2025-10-18 03:46:54.646,106986.98,0.07648,8182.3642304
2025-10-18 03:46:54.699,106986.98,0.05108,5464.8949384
2025-10-18 03:46:54.711,106986.98,0.05923,6336.838825399999
2025-10-18 03:46:54.712,106986.98,0.04714,5043.3662372
2025-10-18 03:46:54.713,106986.97,0.05337,5709.894588900001
2025-10-18 03:46:54.714,106986.97,0.012,1283.84364
2025-10-18 03:46:54.715,106986.79,0.0001,10.698679
2025-10-18 03:46:54.717,106983.78,5e-05,5.349189
2025-10-18 03:46:54.718,106983.49,0.03417,3655.6258533
2025-10-18 03:46:54.722,106982.72,0.03324,3556.1056128
2025-10-18 03:46:54.723,106982.71,0.0009,96.284439
2025-10-18 03:46:54.805,106981.97,0.0004,42.792788
2025-10-18 03:46:54.807,106978.53,0.0001,10.697853
2025-10-18 03:46:54.808,106976.16,0.01435,1535.107896
2025-10-18 03:46:54.810,106975.39,0.0835,8932.445065
2025-10-18 03:46:54.814,106974.99,0.02351,2514.9820149
2025-10-18 03:46:54.827,106973.75,6e-05,6.418425
2025-10-18 03:46:54.833,106967.06,0.00015,16.045059
2025-10-18 03:46:54.834,106966.35,0.00676,723.0925260000001
2025-10-18 03:46:54.908,106966.34,0.00085,90.92138899999999
2025-10-18 03:46:54.918,106966.09,0.06203,6635.1065627
2025-10-18 03:46:55.016,106966.09,0.00065,69.5279585
2025-10-18 03:46:55.116,106962.82,0.0012,128.355384
2025-10-18 03:46:55.130,106959.12,0.00015,16.043867999999996
2025-10-18 03:46:55.304,106958.94,0.00276,295.2066744
2025-10-18 03:46:55.306,106958.93,0.00085,90.91509049999999
2025-10-18 03:46:55.319,106958.5,0.0002,21.3917
2025-10-18 03:46:55.323,106955.02,0.00125,133.69377500000002
2025-10-18 03:46:55.324,106955.03,0.04674,4999.078102199999
2025-10-18 03:46:55.342,106950.35,0.05018,5366.7685630000005
2025-10-18 03:46:55.631,106950.36,0.00077,82.3517772
2025-10-18 03:46:55.705,106950.35,0.00655,700.5247925000001
2025-10-18 03:46:55.706,106941.64,0.14925,15961.03977
2025-10-18 03:46:55.707,106936.86,0.01459,1560.2087874000001
2025-10-18 03:46:55.709,106935.41,0.00038,40.6354558
2025-10-18 03:46:55.714,106934.61,0.08171,8737.6269831
2025-10-18 03:46:55.716,106929.33,0.00152,162.53258160000001
2025-10-18 03:46:55.717,106929.33,6e-05,6.4157598
2025-10-18 03:46:55.720,106928.0,0.00104,111.20512
2025-10-18 03:46:55.741,106928.01,0.00077,82.3345677
2025-10-18 03:46:55.758,106928.0,0.04,4277.12
2025-10-18 03:46:55.767,106928.01,0.00313,334.6846713
2025-10-18 03:46:56.099,106928.0,0.09357,10005.25296
2025-10-18 03:46:56.497,106928.01,0.00935,999.7768935
2025-10-18 03:46:56.648,106928.01,0.01122,1199.7322722000001
2025-10-18 03:46:56.662,106928.01,0.00216,230.9645016
2025-10-18 03:46:56.955,106928.01,0.00451,482.2453251
2025-10-18 03:46:57.232,106928.0,0.09357,10005.25296
2025-10-18 03:46:58.300,106928.01,0.01,1069.2801
2025-10-18 03:46:58.375,106928.0,0.09357,10005.25296
2025-10-18 03:46:58.910,106928.0,0.00088,94.09664000000001
2025-10-18 03:46:59.317,106928.0,0.09357,10005.25296
2025-10-18 03:47:00.404,106928.0,0.09357,10005.25296
2025-10-18 03:47:00.811,106928.01,0.01147,1226.4642746999998
2025-10-18 03:47:00.861,106928.0,0.012,1283.136
2025-10-18 03:47:00.863,106928.0,0.012,1283.136
2025-10-18 03:47:00.996,106928.01,0.04675,4998.8844675
2025-10-18 03:47:00.997,106928.0,0.012,1283.136
2025-10-18 03:47:00.998,106928.0,0.012,1283.136
2025-10-18 03:47:01.045,106928.0,7e-05,7.484959999999999
2025-10-18 03:47:01.485,106928.0,0.09357,10005.25296
2025-10-18 03:47:02.079,106928.01,0.0014,149.69921399999998
2025-10-18 03:47:02.578,106928.0,0.09357,10005.25296
2025-10-18 03:47:02.982,106928.01,0.00047,50.2561647
2025-10-18 03:47:03.060,106928.01,9e-05,9.6235209
2025-10-18 03:47:03.198,106929.08,5e-05,5.3464540000000005
2025-10-18 03:47:03.200,106931.17,5e-05,5.3465585
2025-10-18 03:47:03.203,106934.01,0.00386,412.7652786
2025-10-18 03:47:03.205,106934.01,0.0893,9549.207093
2025-10-18 03:47:03.206,106934.19,0.05583,5970.1358277
2025-10-18 03:47:03.208,106939.38,0.00934,998.8138091999999
2025-10-18 03:47:03.212,106937.14,0.00188,201.04182319999998
2025-10-18 03:47:03.214,106938.7,5e-05,5.346935
2025-10-18 03:47:03.215,106939.38,0.00935,999.8832030000001
2025-10-18 03:47:03.236,106938.71,0.0002,21.387742000000003
2025-10-18 03:47:03.255,106954.01,5e-05,5.3477005
2025-10-18 03:47:03.256,106949.59,0.04676,5000.9628284
2025-10-18 03:47:03.261,106948.67,0.00094,100.5317498
2025-10-18 03:47:03.283,106948.68,0.04674,4998.7813031999995
2025-10-18 03:47:03.289,106948.68,0.028,2994.56304
2025-10-18 03:47:03.293,106948.68,0.0001,10.694868
2025-10-18 03:47:03.298,106948.68,0.00018,19.2507624
2025-10-18 03:47:03.376,106948.68,0.01819,1945.3964892
2025-10-18 03:47:03.452,106948.68,0.01881,2011.7046707999998
2025-10-18 03:47:03.615,106939.45,5e-05,5.3469725
2025-10-18 03:47:03.764,106939.4,0.09356,10005.250264
2025-10-18 03:47:03.883,106939.41,0.00013,13.9021233
2025-10-18 03:47:03.966,106939.41,0.00045,48.1227345
2025-10-18 03:47:04.837,106939.41,0.00213,227.7809433
2025-10-18 03:47:04.899,106939.4,0.09356,10005.250264
2025-10-18 03:47:05.566,106939.41,0.00123,131.5354743
2025-10-18 03:47:05.643,106939.41,0.01314,1405.1838474
2025-10-18 03:47:05.653,106939.42,0.0015,160.40913
2025-10-18 03:47:05.680,106939.5,0.00213,227.781135
2025-10-18 03:47:05.715,106939.51,0.00208,222.43418079999998
2025-10-18 03:47:05.751,106939.53,5e-05,5.3469765
2025-10-18 03:47:05.784,106939.52,0.00085,90.898592
2025-10-18 03:47:05.797,106939.53,0.0021,224.57301299999997
2025-10-18 03:47:05.917,106947.48,0.09355,10004.936753999998
2025-10-18 03:47:06.847,106947.49,0.0866,9261.652634
2025-10-18 03:47:06.848,106947.49,0.26398,28231.9984102
2025-10-18 03:47:06.849,106947.49,0.0001,10.694749000000002
2025-10-18 03:47:06.850,106947.49,0.0001,10.694749000000002
2025-10-18 03:47:06.856,106951.6,5e-05,5.347580000000001
2025-10-18 03:47:06.857,106957.66,0.00015,16.043649
2025-10-18 03:47:06.860,106971.42,0.23065,24672.958023
2025-10-18 03:47:06.865,106979.53,0.0186,1989.8192579999998
2025-10-18 03:47:06.869,106963.77,1e-05,1.0696377000000001
2025-10-18 03:47:06.870,106963.53,0.08,8557.0824
2025-10-18 03:47:06.871,106994.47,0.14023,15003.8345281
2025-10-18 03:47:06.872,106983.44,0.39962,42752.7222928
2025-10-18 03:47:06.873,106983.44,0.07999,8557.6053656
2025-10-18 03:47:06.874,106985.91,0.06321,6762.579371100001
2025-10-18 03:47:06.875,106985.91,0.25225,26987.195797499997
2025-10-18 03:47:06.876,107003.14,0.072,7704.2260799999995
2025-10-18 03:47:06.877,106995.96,0.01483,1586.7500868
2025-10-18 03:47:06.878,106995.96,0.05245,5611.938102
2025-10-18 03:47:06.879,107001.52,0.39043,41776.6034536
2025-10-18 03:47:06.880,107001.52,0.25082,26838.1212464
2025-10-18 03:47:06.881,107001.52,0.17222,18427.801774400003
2025-10-18 03:47:06.882,107004.95,0.008,856.0396
2025-10-18 03:47:06.883,107001.82,0.00487,521.0988634
2025-10-18 03:47:06.885,107001.53,0.00488,522.1674664
2025-10-18 03:47:06.887,107004.95,0.02151,2301.6764745
2025-10-18 03:47:06.891,107001.52,0.04673,5000.1810296
2025-10-18 03:47:06.904,107026.66,0.048,5137.279680000001
2025-10-18 03:47:06.905,107032.91,0.02011,2152.4318201
2025-10-18 03:47:06.912,107010.7,6e-05,6.420642
2025-10-18 03:47:06.914,107011.52,0.00046,49.2252992
2025-10-18 03:47:06.938,107021.4,0.00046,49.229844
2025-10-18 03:47:06.954,107017.77,6e-05,6.4210662
2025-10-18 03:47:06.971,107016.82,0.00292,312.4891144
2025-10-18 03:47:06.998,107016.82,0.04672,4999.8258304
2025-10-18 03:47:07.015,107016.82,0.02805,3001.821801
2025-10-18 03:47:07.021,107017.36,0.00131,140.1927416
2025-10-18 03:47:07.033,107018.8,0.00747,799.430436
2025-10-18 03:47:07.048,107019.52,0.02544,2722.5765888
2025-10-18 03:47:07.054,107019.53,0.00934,999.5624101999999
2025-10-18 03:47:07.074,107019.53,0.00298,318.9181994
2025-10-18 03:47:07.085,107029.95,0.00015,16.0544925
2025-10-18 03:47:07.086,107030.57,0.013,1391.39741
2025-10-18 03:47:07.087,107030.57,0.013,1391.39741
2025-10-18 03:47:07.088,107033.29,0.013,1391.43277
2025-10-18 03:47:07.119,107033.14,0.01239,1326.1406046
2025-10-18 03:47:07.137,107033.14,0.01077,1152.7469178
2025-10-18 03:47:07.156,107034.93,0.00093,99.5424849
2025-10-18 03:47:07.182,107035.15,0.00028,29.969841999999996
2025-10-18 03:47:07.229,107035.15,0.0002,21.40703
2025-10-18 03:47:07.274,107035.15,0.0002,21.40703
2025-10-18 03:47:07.318,107038.05,0.02038,2181.435459
2025-10-18 03:47:07.325,107038.04,0.18444,19742.0960976
2025-10-18 03:47:07.333,107038.05,0.0002,21.407610000000002
2025-10-18 03:47:07.692,107038.05,0.01869,2000.5411545
2025-10-18 03:47:08.078,107038.05,0.2357,25228.868385
2025-10-18 03:47:08.117,107038.04,0.09347,10004.845598799999
2025-10-18 03:47:08.364,107038.05,0.05859,6271.3593495000005
2025-10-18 03:47:08.368,107039.8,0.0001,10.703980000000001
2025-10-18 03:47:08.369,107040.0,0.01105,1182.7920000000001
2025-10-18 03:47:08.371,107046.0,0.00079,84.56634
2025-10-18 03:47:08.440,107053.5,0.00011,11.775885
2025-10-18 03:47:08.443,107056.71,0.0467,4999.548357000001
2025-10-18 03:47:08.610,107056.7,0.01637,1752.518179
2025-10-18 03:47:08.653,107056.71,0.00467,499.9548357
2025-10-18 03:47:08.936,107056.71,0.01081,1157.2830351
2025-10-18 03:47:09.163,107056.71,0.00114,122.0446494
2025-10-18 03:47:09.165,107056.71,0.00258,276.2063118
2025-10-18 03:47:09.173,107056.72,0.235,25158.3292
2025-10-18 03:47:09.304,107056.72,0.00019,20.3407768
2025-10-18 03:47:09.364,107056.72,0.01496,1601.5685312
2025-10-18 03:47:09.366,107056.71,0.09345,10004.449549500001
2025-10-18 03:47:09.392,107056.72,0.00114,122.0446608
2025-10-18 03:47:09.443,107056.72,0.00015,16.058508
2025-10-18 03:47:09.610,107056.71,0.00063,67.4457273
2025-10-18 03:47:09.802,107056.72,9e-05,9.6351048
2025-10-18 03:47:09.987,107056.71,0.00061,65.3045931
2025-10-18 03:47:10.265,107056.72,0.00915,979.568988
2025-10-18 03:47:10.442,107056.71,0.09346,10005.5201166
2025-10-18 03:47:11.424,107056.71,0.09345,10004.449549500001
2025-10-18 03:47:11.524,107056.72,0.005,535.2836
2025-10-18 03:47:11.525,107056.72,0.01,1070.5672
2025-10-18 03:47:11.562,107056.71,0.00021,22.481909100000003
2025-10-18 03:47:11.675,107056.71,0.00023,24.623043300000003
2025-10-18 03:47:12.242,107056.72,0.00354,378.9807888
2025-10-18 03:47:12.269,107056.72,0.00078,83.5042416
2025-10-18 03:47:12.537,107056.72,0.00163,174.5024536
2025-10-18 03:47:12.567,107056.71,0.09345,10004.449549500001
2025-10-18 03:47:12.763,107056.71,0.00027,28.905311700000002
2025-10-18 03:47:12.825,107056.72,0.00488,522.4367936
2025-10-18 03:47:13.570,107056.71,0.00186,199.12548060000003
2025-10-18 03:47:13.601,107056.72,0.00559,598.4470648
2025-10-18 03:47:13.656,107056.71,0.09345,10004.449549500001
2025-10-18 03:47:13.657,107056.72,0.01463,1566.2398136000002
2025-10-18 03:47:14.716,107056.71,0.09345,10004.449549500001
2025-10-18 03:47:15.263,107056.71,0.0001,10.705671
2025-10-18 03:47:15.582,107056.71,0.0003,32.117013
2025-10-18 03:47:15.785,107056.71,0.09345,10004.449549500001
2025-10-18 03:47:16.375,107056.71,0.00029,31.046445900000002
2025-10-18 03:47:16.819,107056.72,0.00047,50.3166584
2025-10-18 03:47:16.879,107056.71,0.09345,10004.449549500001
2025-10-18 03:47:17.015,107056.72,0.0005,53.52836
2025-10-18 03:47:17.971,107056.71,0.09345,10004.449549500001
2025-10-18 03:47:18.214,107056.72,0.00114,122.0446608
2025-10-18 03:47:18.372,107056.72,0.01496,1601.5685312
2025-10-18 03:47:18.389,107056.71,0.3558,38090.777418000005
2025-10-18 03:47:18.390,107056.71,0.53796,57592.227711600004
2025-10-18 03:47:18.394,107056.64,0.0001,10.705664
2025-10-18 03:47:18.404,107054.56,6e-05,6.4232736
2025-10-18 03:47:18.410,107054.56,0.00089,95.2785584
2025-10-18 03:47:18.415,107054.56,0.02926,3132.4164256
2025-10-18 03:47:18.432,107053.62,0.0002,21.410724000000002
2025-10-18 03:47:18.435,107052.55,6e-05,6.423153
2025-10-18 03:47:18.445,107052.52,0.0002,21.410504000000003
2025-10-18 03:47:18.447,107052.41,5e-05,5.3526205000000004
2025-10-18 03:47:18.965,107052.44,0.00163,174.4954772
2025-10-18 03:47:19.084,107052.43,0.00126,134.8860618
2025-10-18 03:47:19.097,107050.29,0.00025,26.762572499999997
2025-10-18 03:47:19.182,107050.3,0.0004,42.82012
2025-10-18 03:47:19.212,107050.29,0.06601,7066.3896429
2025-10-18 03:47:19.369,107050.29,0.00114,122.03733059999999
2025-10-18 03:47:19.524,107048.36,0.0026,278.325736
2025-10-18 03:47:19.538,107048.2,0.00241,257.986162
2025-10-18 03:47:19.540,107046.42,0.00025,26.761605
2025-10-18 03:47:19.589,107045.6,0.0001,10.70456
2025-10-18 03:47:19.590,107045.37,5e-05,5.3522685
2025-10-18 03:47:19.595,107044.68,0.03435,3676.9847579999996
2025-10-18 03:47:19.596,107038.04,0.0073,781.3776919999999
2025-10-18 03:47:19.597,107036.73,0.0001,10.703673
2025-10-18 03:47:19.598,107035.51,0.012,1284.4261199999999
2025-10-18 03:47:20.524,107035.32,0.00085,90.980022
2025-10-18 03:47:20.757,107035.33,0.23515,25169.3578495
2025-10-18 03:47:20.789,107035.33,0.07508,8036.212576399999
2025-10-18 03:47:20.820,107035.51,0.07453,7977.3565603
2025-10-18 03:47:20.851,107035.51,0.07235,7744.0191485
2025-10-18 03:47:20.889,107035.51,0.00847,906.5907697
2025-10-18 03:47:20.915,107035.59,0.00376,402.4538184
2025-10-18 03:47:20.920,107035.6,0.0012,128.44272
2025-10-18 03:47:20.936,107035.6,7e-05,7.4924919999999995
2025-10-18 03:47:20.957,107035.6,0.00204,218.35262400000002
2025-10-18 03:47:20.989,107035.61,0.00135,144.4980735
2025-10-18 03:47:21.015,107035.62,0.00095,101.68383899999999
2025-10-18 03:47:21.020,107035.63,0.00065,69.5731595
2025-10-18 03:47:21.058,107039.66,0.23448,25098.6594768
2025-10-18 03:47:21.089,107039.74,0.0001,10.703974
2025-10-18 03:47:21.090,107040.0,5e-05,5.352
2025-10-18 03:47:21.208,107040.0,0.00065,69.576
2025-10-18 03:47:21.239,107042.0,0.23496,25150.58832
2025-10-18 03:47:21.247,107042.0,0.0028,299.7176
2025-10-18 03:47:21.271,107045.76,0.03305,3537.862368
2025-10-18 03:47:21.311,107045.76,0.0004,42.818304
2025-10-18 03:47:21.443,107048.15,0.00086,92.061409
2025-10-18 03:47:21.582,107048.15,0.00096,102.766224
2025-10-18 03:47:22.186,107048.15,1.0,107048.15
2025-10-18 03:47:22.508,107048.14,0.09347,10005.7896458
2025-10-18 03:47:23.490,107048.14,0.09347,10005.7896458
2025-10-18 03:47:24.025,107048.15,0.00162,173.41800299999997
2025-10-18 03:47:24.219,107048.14,0.00465,497.773851
2025-10-18 03:47:24.221,107048.14,0.00796,852.1031944
2025-10-18 03:47:24.574,107048.14,0.09347,10005.7896458
2025-10-18 03:47:25.698,107048.14,0.09347,10005.7896458
2025-10-18 03:47:25.782,107048.14,0.00948,1014.8163672000001
2025-10-18 03:47:26.452,107048.15,0.00013,13.916259499999999
2025-10-18 03:47:26.568,107048.15,0.00022,23.550593
2025-10-18 03:47:26.741,107048.15,0.0294,3147.2156099999997
2025-10-18 03:47:26.748,107051.08,0.0002,21.410216000000002
2025-10-18 03:47:26.758,107051.07,0.09346,10004.9930022
2025-10-18 03:47:26.816,107051.08,0.028,2997.43024
2025-10-18 03:47:26.917,107051.08,0.00106,113.4741448
2025-10-18 03:47:26.919,107051.16,0.0001,10.705116
2025-10-18 03:47:27.730,107052.42,0.09346,10005.1191732
2025-10-18 03:47:28.602,107052.43,0.01496,1601.5043527999999
2025-10-18 03:47:28.717,107052.42,0.09346,10005.1191732
2025-10-18 03:47:28.890,107052.42,0.00022,23.5515324
2025-10-18 03:47:28.911,107052.42,0.03167,3390.3501413999998
2025-10-18 03:47:28.969,107052.29,0.0002,21.410458
2025-10-18 03:47:28.971,107051.09,0.0001,10.705109
2025-10-18 03:47:28.974,107051.09,0.03348,3584.0704932000003
2025-10-18 03:47:28.992,107051.08,0.00145,155.224066
2025-10-18 03:47:29.014,107050.75,0.012,1284.609
2025-10-18 03:47:29.018,107050.75,0.012,1284.609
2025-10-18 03:47:29.041,107050.73,0.0002,21.410146
2025-10-18 03:47:29.046,107050.27,0.0006,64.23016199999999
2025-10-18 03:47:29.047,107050.27,5e-05,5.352513500000001
2025-10-18 03:47:29.061,107050.27,0.00136,145.58836720000002
2025-10-18 03:47:29.375,107048.17,0.012,1284.57804
2025-10-18 03:47:29.706,107048.17,0.09347,10005.7924499
2025-10-18 03:47:30.045,107048.18,0.0082,877.795076
2025-10-18 03:47:30.241,107048.18,0.23355,25001.102439
2025-10-18 03:47:30.312,107048.18,0.00092,98.48432559999999
2025-10-18 03:47:30.314,107048.18,0.17137,18344.846606599996
2025-10-18 03:47:30.344,107048.19,0.07483,8010.416057699999
2025-10-18 03:47:30.388,107048.19,0.10822,11584.7551218
2025-10-18 03:47:30.771,107048.18,0.09346,10004.7229028
2025-10-18 03:47:31.520,107048.19,0.00024,25.6915656
2025-10-18 03:47:31.599,107048.18,0.0003,32.114453999999995
2025-10-18 03:47:31.609,107048.18,0.0001,10.704818
2025-10-18 03:47:31.710,107048.18,0.09346,10004.7229028
2025-10-18 03:47:31.791,107048.19,0.01325,1418.3885175
2025-10-18 03:47:32.717,107048.18,0.09346,10004.7229028
2025-10-18 03:47:32.866,107048.19,0.2412,25820.023428
2025-10-18 03:47:32.900,107048.19,0.08659,9269.3027721
2025-10-18 03:47:32.901,107048.19,0.00307,328.63794329999996
2025-10-18 03:47:32.903,107048.2,0.00055,58.87651
2025-10-18 03:47:32.915,107056.7,0.00015,16.058504999999997
2025-10-18 03:47:33.653,107056.71,0.00114,122.0446494
2025-10-18 03:47:33.772,107056.7,0.09346,10005.519182
2025-10-18 03:47:34.170,107056.7,0.00036,38.540412
2025-10-18 03:47:34.802,107056.7,0.09346,10005.519182
2025-10-18 03:47:35.423,107056.71,0.0056,599.5175760000001
2025-10-18 03:47:35.944,107056.7,0.09346,10005.519182
2025-10-18 03:47:35.974,107056.71,0.00233,249.44213430000002
2025-10-18 03:47:36.428,107056.7,0.00185,198.05489500000002
2025-10-18 03:47:36.515,107056.71,0.28187,30176.0748477
2025-10-18 03:47:36.516,107058.25,6e-05,6.423495
2025-10-18 03:47:36.517,107061.5,5e-05,5.3530750000000005
2025-10-18 03:47:36.520,107061.6,0.00023,24.624168
2025-10-18 03:47:36.521,107063.62,5e-05,5.353181
2025-10-18 03:47:36.532,107063.59,0.05569,5962.371327100001
2025-10-18 03:47:36.547,107063.59,0.20003,21415.9299077
2025-10-18 03:47:36.565,107063.59,0.25008,26774.462587200003
2025-10-18 03:47:36.583,107063.59,0.028,2997.78052
2025-10-18 03:47:36.596,107063.59,0.00153,163.80729269999998
2025-10-18 03:47:36.719,107064.0,0.00391,418.62024
2025-10-18 03:47:37.104,107064.0,0.09344,10004.060159999999
2025-10-18 03:47:37.180,107064.0,0.004,428.25600000000003
2025-10-18 03:47:37.515,107064.01,0.00106,113.48785059999999
2025-10-18 03:47:37.765,107065.91,0.0033,353.317503
2025-10-18 03:47:37.795,107065.9,0.0033,353.31746999999996
2025-10-18 03:47:37.966,107065.91,0.00162,173.4467742
2025-10-18 03:47:38.063,107065.99,0.09344,10004.2461056
2025-10-18 03:47:39.095,107065.99,0.09344,10004.2461056
2025-10-18 03:47:39.276,107065.99,8e-05,8.5652792
2025-10-18 03:47:40.130,107065.99,0.09344,10004.2461056
2025-10-18 03:47:40.928,107065.93,0.0002,21.413186
2025-10-18 03:47:40.930,107065.91,0.0005,53.532955
2025-10-18 03:47:40.932,107061.1,0.00891,953.914401
2025-10-18 03:47:40.936,107061.11,0.02999,3210.7626889
2025-10-18 03:47:40.987,107061.1,0.03942,4220.348562
2025-10-18 03:47:40.990,107060.99,0.0006,64.236594
2025-10-18 03:47:40.991,107058.08,0.00015,16.058712
2025-10-18 03:47:41.006,107057.73,0.00132,141.3162036
2025-10-18 03:47:41.163,107057.58,0.006,642.3454800000001
2025-10-18 03:47:41.215,107057.58,0.00124,132.7513992
2025-10-18 03:47:41.628,107056.7,0.00351,375.769017
2025-10-18 03:47:42.317,107056.7,0.09347,10006.589748999999
2025-10-18 03:47:43.364,107056.71,0.03754,4018.9088934
2025-10-18 03:47:43.417,107056.7,0.09347,10006.589748999999
2025-10-18 03:47:44.517,107056.7,0.09347,10006.589748999999
2025-10-18 03:47:44.540,107056.7,0.0018,192.70206
2025-10-18 03:47:44.612,107056.7,0.00017,18.199639
2025-10-18 03:47:45.559,107056.7,0.09347,10006.589748999999
2025-10-18 03:47:46.594,107056.7,0.00053,56.740050999999994
2025-10-18 03:47:46.595,107056.7,0.09347,10006.589748999999
2025-10-18 03:47:46.598,107056.7,0.47298,50635.677966
2025-10-18 03:47:46.821,107056.7,0.0001,10.70567
2025-10-18 03:47:47.631,107056.7,0.09347,10006.589748999999
2025-10-18 03:47:48.578,107056.7,0.48403,51818.654501
2025-10-18 03:47:48.579,107056.7,0.34782,37236.461394
2025-10-18 03:47:48.584,107052.41,0.0002,21.410482000000002
2025-10-18 03:47:48.585,107051.28,0.02913,3118.4037863999997
2025-10-18 03:47:48.590,107048.18,0.00015,16.057226999999997
2025-10-18 03:47:48.603,107046.89,0.012,1284.56268
2025-10-18 03:47:48.605,107046.89,0.012,1284.56268
2025-10-18 03:47:48.619,107046.89,0.00116,124.1743924
2025-10-18 03:47:48.706,107046.0,0.33981,36375.30126
2025-10-18 03:47:48.708,107045.92,0.0001,10.704592
2025-10-18 03:47:48.718,107045.37,0.0018,192.68166599999998
2025-10-18 03:47:48.719,107044.67,0.0001,10.704467000000001
2025-10-18 03:47:48.728,107041.67,0.00035,37.4645845
2025-10-18 03:47:48.730,107040.0,0.0001,10.704
2025-10-18 03:47:48.742,107038.75,0.00306,327.538575
2025-10-18 03:47:48.767,107035.02,0.00037,39.6029574
2025-10-18 03:47:48.800,107033.87,9e-05,9.6330483
2025-10-18 03:47:48.815,107033.5,0.53741,57520.87323500001
2025-10-18 03:47:48.972,107033.04,0.09349,10006.5189096
2025-10-18 03:47:49.017,107033.05,0.01111,1189.1371855
2025-10-18 03:47:49.379,107033.05,0.0467,4998.443435
2025-10-18 03:47:49.433,107033.04,0.05315,5688.806076
2025-10-18 03:47:49.434,107032.97,0.0001,10.703297000000001
2025-10-18 03:47:49.438,107025.93,0.0002,21.405186
2025-10-18 03:47:49.442,107023.5,0.04671,4999.067685
2025-10-18 03:47:49.443,107018.68,5e-05,5.350934
2025-10-18 03:47:49.444,107015.14,0.222,23757.36108
2025-10-18 03:47:49.445,107009.76,0.0025,267.5244
2025-10-18 03:47:49.446,107009.5,0.069,7383.655500000001
2025-10-18 03:47:49.458,107009.5,0.012,1284.114
2025-10-18 03:47:49.460,107009.5,0.012,1284.114
2025-10-18 03:47:49.592,107009.51,0.00277,296.4163427
2025-10-18 03:47:50.017,107009.5,0.0935,10005.38825
2025-10-18 03:47:50.051,107009.51,9e-05,9.6308559
2025-10-18 03:47:50.426,107009.5,0.00075,80.257125
2025-10-18 03:47:51.071,107009.51,0.0001,10.700951
2025-10-18 03:47:51.083,107009.5,0.0935,10005.38825
2025-10-18 03:47:52.119,107009.5,0.0935,10005.38825
2025-10-18 03:47:53.011,107009.51,0.01,1070.0951
2025-10-18 03:47:53.263,107009.5,0.0935,10005.38825
2025-10-18 03:47:53.352,107009.5,0.012,1284.114
2025-10-18 03:47:53.353,107009.5,0.012,1284.114
2025-10-18 03:47:53.944,107009.51,0.00227,242.91158769999998
2025-10-18 03:47:54.096,107009.51,0.41641,44559.8300591
2025-10-18 03:47:54.097,107009.6,0.0009,96.30864
2025-10-18 03:47:54.099,107010.58,5e-05,5.350529000000001
2025-10-18 03:47:54.101,107018.17,0.083,8882.50811
2025-10-18 03:47:54.174,107018.17,0.028,2996.50876
2025-10-18 03:47:54.417,107018.16,0.0935,10006.19796
2025-10-18 03:47:54.541,107018.17,0.00046,49.2283582
2025-10-18 03:47:54.934,107018.17,0.00655,700.9690135000001
2025-10-18 03:47:54.948,107019.8,0.00125,133.77475
2025-10-18 03:47:55.429,107019.8,0.09349,10005.281102
2025-10-18 03:47:55.514,107019.81,0.00063,67.4224803
2025-10-18 03:47:55.515,107019.81,0.00063,67.4224803
2025-10-18 03:47:55.516,107019.81,0.00055,58.860895500000005
2025-10-18 03:47:56.463,107019.8,0.09349,10005.281102
2025-10-18 03:47:56.600,107019.81,0.46714,49993.2340434
2025-10-18 03:47:57.081,107019.81,0.0001,10.701981
2025-10-18 03:47:57.425,107019.81,7e-05,7.4913867
2025-10-18 03:47:57.704,107019.8,0.09349,10005.281102
2025-10-18 03:47:57.721,107019.81,0.06561,7021.5697341000005
2025-10-18 03:47:57.739,107019.8,0.00374,400.254052
2025-10-18 03:47:58.317,107019.81,0.01229,1315.2734649000001
2025-10-18 03:47:58.690,107019.8,0.09349,10005.281102
2025-10-18 03:47:59.327,107019.81,9e-05,9.631782900000001
2025-10-18 03:47:59.762,107019.8,0.09349,10005.281102
2025-10-18 03:47:59.768,107019.81,0.0028,299.655468
2025-10-18 03:48:00.292,107019.81,0.0001,10.701981
2025-10-18 03:48:00.917,107019.8,0.09349,10005.281102
2025-10-18 03:48:00.975,107019.81,0.00233,249.3561573
2025-10-18 03:48:01.545,107019.81,0.00028,29.9655468
2025-10-18 03:48:02.008,107019.8,0.09349,10005.281102
2025-10-18 03:48:02.990,107019.8,0.09349,10005.281102
2025-10-18 03:48:03.220,107019.81,0.00094,100.5986214
2025-10-18 03:48:03.574,107019.81,7e-05,7.4913867
2025-10-18 03:48:03.587,107019.81,0.01868,1999.1300507999997
2025-10-18 03:48:04.031,107019.8,0.09349,10005.281102
2025-10-18 03:48:04.149,107019.81,0.00018,19.263565800000002
2025-10-18 03:48:04.233,107019.8,0.00016,17.123168000000003
2025-10-18 03:48:05.008,107019.81,0.00048,51.3695088
2025-10-18 03:48:05.014,107019.8,0.09349,10005.281102
2025-10-18 03:48:05.389,107019.81,0.09998,10699.8406038
2025-10-18 03:48:05.402,107019.81,0.00161,172.3018941
2025-10-18 03:48:05.446,107024.52,5e-05,5.3512260000000005
2025-10-18 03:48:06.156,107026.22,0.09349,10005.8813078
2025-10-18 03:48:06.941,107026.22,0.3647,39032.462434
2025-10-18 03:48:07.190,107025.0,0.09349,10005.76725
2025-10-18 03:48:08.223,107025.0,0.09349,10005.76725
2025-10-18 03:48:09.217,107025.0,0.00112,119.868
2025-10-18 03:48:09.316,107025.0,0.05199,5564.22975
2025-10-18 03:48:09.319,107025.0,0.00803,859.4107500000001
2025-10-18 03:48:09.361,107025.01,0.0007,74.917507
2025-10-18 03:48:09.525,107025.0,0.00402,430.2405
2025-10-18 03:48:09.528,107024.9,0.012,1284.2988
2025-10-18 03:48:09.529,107024.9,0.012,1284.2988
2025-10-18 03:48:09.531,107024.9,0.00131,140.202619
2025-10-18 03:48:09.542,107024.9,0.00115,123.07863499999999
2025-10-18 03:48:09.569,107023.04,0.00085,90.96958399999998
2025-10-18 03:48:09.577,107023.01,0.00135,144.4810635
2025-10-18 03:48:09.766,107022.33,0.00012,12.8426796
2025-10-18 03:48:09.792,107022.33,0.00014,14.9831262
2025-10-18 03:48:09.935,107022.34,0.0049,524.409466
2025-10-18 03:48:10.182,107022.31,0.0002,21.404462000000002
2025-10-18 03:48:10.183,107017.59,0.2403,25716.326877
2025-10-18 03:48:10.184,107012.75,6e-05,6.420765
2025-10-18 03:48:10.193,107009.9,0.02856,3056.2027439999997
2025-10-18 03:48:10.194,107009.75,0.00045,48.1543875
2025-10-18 03:48:10.196,107009.5,0.012,1284.114
2025-10-18 03:48:10.201,107009.5,0.012,1284.114
2025-10-18 03:48:10.209,107009.5,0.012,1284.114
2025-10-18 03:48:10.318,107009.5,0.09351,10006.458345
2025-10-18 03:48:11.326,107009.5,0.09351,10006.458345
2025-10-18 03:48:11.373,107009.51,8e-05,8.5607608
2025-10-18 03:48:11.749,107009.5,0.012,1284.114
2025-10-18 03:48:11.750,107009.5,0.012,1284.114
2025-10-18 03:48:12.305,107009.5,0.09351,10006.458345
2025-10-18 03:48:13.243,107009.5,0.09351,10006.458345
2025-10-18 03:48:13.796,107009.51,9e-05,9.6308559
2025-10-18 03:48:13.911,107009.5,0.01,1070.095
2025-10-18 03:48:14.217,107009.5,0.02059,2203.325605
2025-10-18 03:48:14.396,107009.5,0.05948,6364.92506
2025-10-18 03:48:14.398,107007.99,0.01475,1578.3678525
2025-10-18 03:48:14.400,107008.0,0.04672,4999.4137599999995
2025-10-18 03:48:14.806,107007.99,0.009,963.07191
2025-10-18 03:48:14.807,107007.99,0.009,963.07191
2025-10-18 03:48:14.808,107007.99,0.009,963.07191
2025-10-18 03:48:15.262,107007.99,0.09351,10006.3171449
2025-10-18 03:48:15.732,107007.99,0.00031,33.1724769
2025-10-18 03:48:15.750,107007.99,0.012,1284.09588
2025-10-18 03:48:15.752,107007.99,0.012,1284.09588
2025-10-18 03:48:15.820,107008.0,0.00023,24.61184
2025-10-18 03:48:15.975,107008.0,0.00018,19.26144
2025-10-18 03:48:16.179,107008.0,0.0019,203.3152
2025-10-18 03:48:16.301,107007.99,0.09351,10006.3171449
2025-10-18 03:48:16.520,107007.99,0.00077,82.3961523
2025-10-18 03:48:16.549,107007.99,0.00068,72.7654332
2025-10-18 03:48:16.731,107007.99,0.012,1284.09588
2025-10-18 03:48:16.876,107008.0,0.00393,420.54144
2025-10-18 03:48:17.417,107007.99,0.09351,10006.3171449
2025-10-18 03:48:17.521,107008.0,0.0001,10.700800000000001
2025-10-18 03:48:17.720,107008.0,0.00094,100.58752
2025-10-18 03:48:17.764,107007.99,0.005,535.0399500000001
2025-10-18 03:48:17.765,107007.99,0.005,535.0399500000001
2025-10-18 03:48:17.766,107007.99,0.005,535.0399500000001
2025-10-18 03:48:17.837,107008.0,0.00014,14.981119999999999
2025-10-18 03:48:17.925,107008.0,0.00047,50.29376
2025-10-18 03:48:18.032,107008.0,0.0001,10.700800000000001
2025-10-18 03:48:18.069,107008.0,0.0001,10.700800000000001
2025-10-18 03:48:18.517,107007.99,0.09351,10006.3171449
2025-10-18 03:48:18.589,107005.1,0.0001,10.700510000000001
2025-10-18 03:48:18.593,107005.12,0.04672,4999.2792064
2025-10-18 03:48:18.595,107004.0,0.00215,230.0586
2025-10-18 03:48:18.608,107003.71,0.012,1284.0445200000001
2025-10-18 03:48:18.612,107003.71,0.012,1284.0445200000001
2025-10-18 03:48:18.613,107003.71,0.012,1284.0445200000001
2025-10-18 03:48:18.622,107001.57,0.00561,600.2788077000001
2025-10-18 03:48:18.683,107000.0,0.01495,1599.6499999999999
2025-10-18 03:48:18.791,107000.0,8e-05,8.56
2025-10-18 03:48:18.917,107000.01,0.00032,34.240003200000004
2025-10-18 03:48:19.370,107000.01,0.0001,10.700001
2025-10-18 03:48:19.390,107000.01,0.00038,40.6600038
2025-10-18 03:48:19.549,107000.01,0.00047,50.2900047
2025-10-18 03:48:19.617,107000.0,0.09351,10005.57
2025-10-18 03:48:19.739,107000.01,0.00029,31.0300029
2025-10-18 03:48:19.741,107000.01,0.00061,65.27000609999999
2025-10-18 03:48:19.881,107000.01,0.00094,100.5800094
2025-10-18 03:48:19.947,107000.01,0.00262,280.34002619999995
2025-10-18 03:48:20.310,107000.0,0.00066,70.62
2025-10-18 03:48:20.801,107000.0,0.09351,10005.57
2025-10-18 03:48:21.851,107000.0,0.09351,10005.57
2025-10-18 03:48:22.375,107000.01,0.76835,82213.45768349999
2025-10-18 03:48:22.376,107000.01,0.12717,13607.1912717
2025-10-18 03:48:22.445,107000.01,0.028,2996.0002799999997
2025-10-18 03:48:22.459,107000.01,0.00023,24.610002299999998
2025-10-18 03:48:22.489,107000.01,0.05174,5536.1805174
2025-10-18 03:48:22.491,107000.11,0.0002,21.400022
2025-10-18 03:48:22.848,107002.56,0.0001,10.700256
2025-10-18 03:48:22.849,107006.43,0.00581,621.7073583
2025-10-18 03:48:22.850,107008.01,0.00045,48.15360449999999
2025-10-18 03:48:22.853,107015.61,0.01441,1542.0949401
2025-10-18 03:48:22.859,107015.62,0.0003,32.104685999999994
2025-10-18 03:48:22.861,107016.83,0.00765,818.6787495
2025-10-18 03:48:22.862,107016.83,0.00934,999.5371921999999
2025-10-18 03:48:22.865,107016.83,0.09335,9990.0210805
2025-10-18 03:48:22.882,107018.53,0.00015,16.0527795
2025-10-18 03:48:22.892,107019.8,0.03617,3870.906166
2025-10-18 03:48:22.903,107019.81,0.00934,999.5650253999999
2025-10-18 03:48:22.918,107019.8,0.0935,10006.3513
2025-10-18 03:48:24.091,107019.81,0.0001,10.701981
2025-10-18 03:48:24.113,107019.81,0.0001,10.701981
2025-10-18 03:48:24.173,107019.8,0.09349,10005.281102
2025-10-18 03:48:24.290,107019.81,0.00899,962.1080919
2025-10-18 03:48:24.319,107019.81,0.00015,16.052971499999998
2025-10-18 03:48:24.482,107019.81,5e-05,5.3509905
2025-10-18 03:48:25.163,107019.8,0.09349,10005.281102
2025-10-18 03:48:25.867,107019.81,0.00071,75.9840651
2025-10-18 03:48:25.970,107019.81,0.00057,61.001291699999996
2025-10-18 03:48:25.976,107019.81,0.00233,249.3561573
2025-10-18 03:48:26.117,107019.8,0.09349,10005.281102
2025-10-18 03:48:26.711,107019.81,0.00046,49.2291126
2025-10-18 03:48:26.806,107019.81,5e-05,5.3509905
2025-10-18 03:48:27.117,107019.8,0.09349,10005.281102
2025-10-18 03:48:27.415,107026.75,5e-05,5.3513375000000005
2025-10-18 03:48:27.418,107032.47,0.04671,4999.4866737
2025-10-18 03:48:27.424,107032.46,0.00687,735.3130002
2025-10-18 03:48:27.518,107032.47,0.0123,1316.499381
2025-10-18 03:48:28.117,107032.46,0.09349,10006.4646854
2025-10-18 03:48:28.439,107032.46,0.00447,478.43509620000003
2025-10-18 03:48:29.107,107032.46,0.09348,10005.394360799999
2025-10-18 03:48:29.846,107032.46,0.00072,77.0633712
2025-10-18 03:48:30.213,107032.46,0.00467,499.8415882
2025-10-18 03:48:30.306,107032.46,0.09348,10005.394360799999
2025-10-18 03:48:31.478,107032.46,0.09348,10005.394360799999
2025-10-18 03:48:31.489,107032.47,0.02936,3142.4733192000003
2025-10-18 03:48:32.616,107032.46,0.09348,10005.394360799999
2025-10-18 03:48:33.763,107032.46,0.09348,10005.394360799999
2025-10-18 03:48:33.798,107032.46,0.00033,35.320711800000005
2025-10-18 03:48:34.036,107032.47,0.00316,338.22260520000003
2025-10-18 03:48:34.562,107032.47,0.00013,13.914221099999999
2025-10-18 03:48:34.700,107032.47,0.0014,149.845458
2025-10-18 03:48:34.747,107032.46,0.09348,10005.394360799999
2025-10-18 03:48:35.817,107032.46,0.09348,10005.394360799999
2025-10-18 03:48:36.915,107032.46,0.09348,10005.394360799999
2025-10-18 03:48:37.026,107032.46,0.00016,17.125193600000003
2025-10-18 03:48:38.008,107032.46,0.09348,10005.394360799999
2025-10-18 03:48:39.199,107032.46,0.09348,10005.394360799999
2025-10-18 03:48:39.688,107032.47,0.00094,100.6105218
2025-10-18 03:48:39.800,107032.46,0.0003,32.109738
2025-10-18 03:48:40.026,107032.47,0.00185,198.01006950000001
2025-10-18 03:48:40.187,107032.46,0.09348,10005.394360799999
2025-10-18 03:48:40.200,107032.47,0.007,749.22729
2025-10-18 03:48:41.123,107032.46,0.09348,10005.394360799999
2025-10-18 03:48:41.848,107032.46,0.00029,31.0394134
2025-10-18 03:48:42.117,107032.46,0.09348,10005.394360799999
2025-10-18 03:48:42.297,107032.46,0.00432,462.38022720000004
2025-10-18 03:48:42.358,107032.47,0.00566,605.8037802
2025-10-18 03:48:42.663,107032.47,0.00162,173.3926014
2025-10-18 03:48:42.870,107032.47,0.00173,185.1661731
2025-10-18 03:48:42.974,107032.47,0.01,1070.3247000000001
2025-10-18 03:48:43.041,107032.46,0.09348,10005.394360799999
2025-10-18 03:48:43.475,107032.47,0.00053,56.727209099999996
2025-10-18 03:48:43.762,107032.47,0.00045,48.1646115
2025-10-18 03:48:44.135,107032.46,0.09348,10005.394360799999
2025-10-18 03:48:44.338,107032.46,0.00554,592.9598284
2025-10-18 03:48:44.475,107032.46,6e-05,6.4219476
2025-10-18 03:48:45.280,107032.46,0.09348,10005.394360799999
2025-10-18 03:48:45.330,107032.47,0.0001,10.703247000000001
2025-10-18 03:48:45.748,107032.47,0.00115,123.0873405
2025-10-18 03:48:46.316,107032.46,0.09348,10005.394360799999
2025-10-18 03:48:46.667,107032.47,0.00163,174.4629261
2025-10-18 03:48:46.723,107032.47,0.00015,16.0548705
2025-10-18 03:48:47.407,107032.46,0.09348,10005.394360799999
2025-10-18 03:48:48.446,107032.46,0.09348,10005.394360799999
2025-10-18 03:48:49.345,107032.46,8e-05,8.562596800000001
2025-10-18 03:48:49.617,107032.46,0.09348,10005.394360799999
2025-10-18 03:48:50.112,107032.47,0.00239,255.8076033
2025-10-18 03:48:50.367,107032.47,0.3239,34667.817033
2025-10-18 03:48:50.368,107035.86,0.0015,160.55379
2025-10-18 03:48:50.371,107036.72,0.00015,16.055508
2025-10-18 03:48:50.379,107039.79,0.00015,16.0559685
2025-10-18 03:48:50.447,107043.27,0.028,2997.21156
2025-10-18 03:48:50.856,107043.26,0.09348,10006.403944799998
2025-10-18 03:48:50.976,107043.27,0.00233,249.41081910000003
2025-10-18 03:48:51.917,107043.26,0.09348,10006.403944799998
2025-10-18 03:48:53.004,107043.26,0.09348,10006.403944799998
2025-10-18 03:48:54.192,107043.26,0.09348,10006.403944799998
2025-10-18 03:48:54.236,107043.27,0.028,2997.21156
2025-10-18 03:48:55.231,107043.26,0.09348,10006.403944799998
2025-10-18 03:48:56.082,107043.27,0.00013,13.9156251
2025-10-18 03:48:56.430,107043.26,0.09348,10006.403944799998
2025-10-18 03:48:57.367,107043.26,0.09348,10006.403944799998
2025-10-18 03:48:57.481,107043.26,0.00097,103.8319622
2025-10-18 03:48:57.577,107043.27,0.02895,3098.9026665
2025-10-18 03:48:57.592,107043.27,0.0007,74.930289
2025-10-18 03:48:58.354,107043.26,0.09348,10006.403944799998
2025-10-18 03:48:58.927,107043.26,0.0004,42.817304
2025-10-18 03:48:59.417,107043.26,0.09348,10006.403944799998
2025-10-18 03:49:00.375,107043.26,0.09348,10006.403944799998
2025-10-18 03:49:00.625,107043.27,0.00225,240.8473575
2025-10-18 03:49:01.273,107043.27,0.00218,233.35432860000003
2025-10-18 03:49:01.417,107043.26,0.09348,10006.403944799998
2025-10-18 03:49:01.927,107043.27,0.06,6422.5962
2025-10-18 03:49:01.931,107043.27,0.47232,50558.6772864
2025-10-18 03:49:01.934,107054.93,0.01469,1572.6369217
2025-10-18 03:49:01.936,107054.93,0.00934,999.8930461999998
2025-10-18 03:49:01.942,107054.93,0.0467,4999.465230999999
2025-10-18 03:49:02.038,107054.93,0.004,428.21972
2025-10-18 03:49:02.046,107054.93,0.024,2569.31832
2025-10-18 03:49:02.315,107054.92,0.00013,13.917139599999999
2025-10-18 03:49:02.429,107054.92,0.09347,10006.423372399999
2025-10-18 03:49:02.798,107054.92,8e-05,8.5643936
2025-10-18 03:49:03.483,107054.93,0.00056,59.95076079999999
2025-10-18 03:49:03.586,107054.92,0.09347,10006.423372399999
2025-10-18 03:49:03.619,107054.92,0.01229,1315.7049668
2025-10-18 03:49:03.743,107054.92,0.10943,11715.0198956
2025-10-18 03:49:03.744,107054.79,0.0002,21.410958
2025-10-18 03:49:03.745,107054.02,0.00015,16.058103
2025-10-18 03:49:03.751,107053.83,0.0001,10.705383000000001
2025-10-18 03:49:03.771,107053.49,0.00125,133.8168625
2025-10-18 03:49:03.815,107051.66,0.00045,48.173247
2025-10-18 03:49:03.875,107051.65,0.0019,203.398135
2025-10-18 03:49:04.320,107050.65,0.83639,89536.0931535
2025-10-18 03:49:04.521,107050.64,0.00408,436.76661120000006
2025-10-18 03:49:04.554,107050.65,0.006,642.3039
2025-10-18 03:49:04.722,107050.64,0.09347,10006.023320799999
2025-10-18 03:49:05.688,107050.65,0.028,2997.4182
2025-10-18 03:49:05.706,107050.64,0.09346,10004.9528144
2025-10-18 03:49:05.822,107050.65,0.02571,2752.2722114999997
2025-10-18 03:49:06.886,107050.64,0.09346,10004.9528144
2025-10-18 03:49:07.817,107050.64,0.09346,10004.9528144
2025-10-18 03:49:08.182,107050.65,0.11,11775.5715
2025-10-18 03:49:08.651,107050.65,0.005,535.25325
2025-10-18 03:49:08.815,107050.64,0.09346,10004.9528144
2025-10-18 03:49:09.797,107050.64,0.07646,8185.0919344
2025-10-18 03:49:09.904,107050.64,0.09346,10004.9528144
2025-10-18 03:49:11.071,107050.65,0.01,1070.5065
2025-10-18 03:49:11.099,107050.64,0.01177,1259.9860328
2025-10-18 03:49:11.118,107050.64,0.00016,17.128102400000003
2025-10-18 03:49:11.682,107050.64,0.00634,678.7010576
2025-10-18 03:49:11.791,107050.64,0.012,1284.60768
2025-10-18 03:49:11.873,107050.65,0.00605,647.6564324999999
2025-10-18 03:49:11.972,107050.64,0.00152,162.7169728
2025-10-18 03:49:12.390,107050.65,0.00055,58.8778575
2025-10-18 03:49:12.483,107050.64,7e-05,7.4935448
2025-10-18 03:49:14.564,107050.64,0.00106,113.4736784
2025-10-18 03:49:15.511,107050.96,0.00015,16.057644
2025-10-18 03:49:15.534,107050.97,0.00055,58.8780335
2025-10-18 03:49:15.640,107050.98,0.00934,999.8561531999999
2025-10-18 03:49:15.672,107050.98,0.01,1070.5098
2025-10-18 03:49:16.033,107050.98,0.0001,10.705098
2025-10-18 03:49:16.828,107050.98,0.00017,18.1986666
2025-10-18 03:49:17.439,107050.98,0.00131,140.23678379999998
2025-10-18 03:49:17.817,107050.97,7e-05,7.4935678999999995
2025-10-18 03:49:18.185,107050.97,6e-05,6.4230582
2025-10-18 03:49:18.460,107050.97,0.00113,120.9675961
2025-10-18 03:49:18.563,107050.97,0.00102,109.19198940000001
2025-10-18 03:49:18.845,107050.98,0.0002,21.410196
2025-10-18 03:49:19.211,107050.98,0.002,214.10196
2025-10-18 03:49:20.027,107050.98,0.0011,117.756078
2025-10-18 03:49:20.493,107050.98,0.01,1070.5098
2025-10-18 03:49:22.509,107050.97,0.001,107.05097
2025-10-18 03:49:22.716,107050.97,0.09346,10004.9836562
2025-10-18 03:49:23.624,107050.97,6e-05,6.4230582
2025-10-18 03:49:23.822,107050.97,0.09346,10004.9836562
2025-10-18 03:49:24.788,107050.98,0.05272,5643.7276656
2025-10-18 03:49:24.801,107057.4,0.00565,604.8743099999999
2025-10-18 03:49:24.848,107060.0,0.005,535.3
2025-10-18 03:49:24.854,107060.0,0.023,2462.38
2025-10-18 03:49:24.860,107059.99,0.09346,10005.8266654
2025-10-18 03:49:25.390,107059.99,0.12996,13913.5163004
2025-10-18 03:49:25.969,107060.0,0.002,214.12
2025-10-18 03:49:26.003,107059.99,0.09346,10005.8266654
2025-10-18 03:49:26.016,107070.38,5e-05,5.353519
2025-10-18 03:49:26.156,107070.47,0.0001,10.707047000000001
2025-10-18 03:49:26.161,107071.25,0.00021,22.4849625
2025-10-18 03:49:26.206,107073.87,0.0002,21.414774
2025-10-18 03:49:26.218,107073.98,0.00065,69.59808699999999
2025-10-18 03:49:26.219,107073.99,0.00065,69.5980935
2025-10-18 03:49:26.241,107081.0,0.00934,1000.13654
2025-10-18 03:49:26.267,107081.0,0.00934,1000.13654
2025-10-18 03:49:26.765,107081.0,0.121,12956.801
2025-10-18 03:49:26.999,107080.99,0.01447,1549.4619253
2025-10-18 03:49:27.027,107080.99,9e-05,9.6372891
2025-10-18 03:49:27.043,107080.99,0.09344,10005.6477056
2025-10-18 03:49:27.184,107080.99,0.002,214.16198000000003
2025-10-18 03:49:27.306,107081.0,0.00093,99.58533
2025-10-18 03:49:27.836,107081.0,0.0006,64.2486
2025-10-18 03:49:28.060,107080.99,0.09344,10005.6477056
2025-10-18 03:49:29.250,107080.99,0.09344,10005.6477056
2025-10-18 03:49:30.391,107080.99,0.09344,10005.6477056
2025-10-18 03:49:31.450,107081.0,0.00016,17.13296
2025-10-18 03:49:31.528,107080.99,0.09344,10005.6477056
2025-10-18 03:49:31.596,107081.0,0.028,2998.268
2025-10-18 03:49:32.672,107080.99,0.09344,10005.6477056
2025-10-18 03:49:33.695,107081.0,0.04,4283.24
2025-10-18 03:49:33.716,107080.99,0.09344,10005.6477056
2025-10-18 03:49:33.994,107080.99,0.00031,33.1951069
2025-10-18 03:49:34.277,107081.0,0.00018,19.27458
2025-10-18 03:49:34.404,107080.99,0.00442,473.2979758000001
2025-10-18 03:49:34.743,107080.99,7e-05,7.495669299999999
2025-10-18 03:49:34.847,107080.99,0.09344,10005.6477056
2025-10-18 03:49:35.835,107080.99,0.09344,10005.6477056
2025-10-18 03:49:36.155,107081.0,0.0011,117.7891
2025-10-18 03:49:36.822,107080.99,0.09344,10005.6477056
2025-10-18 03:49:37.493,107080.99,0.00011,11.778908900000001
2025-10-18 03:49:37.911,107080.99,0.09344,10005.6477056
2025-10-18 03:49:39.052,107080.99,0.09344,10005.6477056
2025-10-18 03:49:39.101,107081.0,0.028,2998.268
2025-10-18 03:49:39.349,107080.99,0.00046,49.257255400000005
2025-10-18 03:49:40.143,107080.99,0.09344,10005.6477056
2025-10-18 03:49:41.117,107080.99,0.09344,10005.6477056
2025-10-18 03:49:41.597,107080.99,0.1,10708.099000000002
2025-10-18 03:49:41.627,107081.0,0.00026,27.84106
2025-10-18 03:49:42.116,107080.99,0.09344,10005.6477056
2025-10-18 03:49:42.692,107081.0,0.00022,23.55782
2025-10-18 03:49:42.945,107081.0,0.00029,31.05349
2025-10-18 03:49:43.095,107080.99,0.00377,403.6953323
2025-10-18 03:49:43.216,107080.99,0.09344,10005.6477056
2025-10-18 03:49:43.655,107081.0,0.00051,54.61131
2025-10-18 03:49:44.299,107080.99,0.09344,10005.6477056
2025-10-18 03:49:44.683,107081.0,0.00032,34.26592
2025-10-18 03:49:45.288,107080.99,0.09344,10005.6477056
2025-10-18 03:49:45.934,107081.0,0.00299,320.17219
2025-10-18 03:49:46.326,107080.99,0.09344,10005.6477056
2025-10-18 03:49:47.277,107081.0,0.00029,31.05349
2025-10-18 03:49:47.315,107080.99,0.09344,10005.6477056
2025-10-18 03:49:47.789,107081.0,0.00621,664.97301
2025-10-18 03:49:47.802,107081.0,1.0,107081.0
2025-10-18 03:49:48.417,107080.99,0.09344,10005.6477056
2025-10-18 03:49:48.797,107080.99,0.00892,955.1624308000002
2025-10-18 03:49:49.343,107081.0,6e-05,6.42486
2025-10-18 03:49:49.499,107080.99,0.09344,10005.6477056
2025-10-18 03:49:50.615,107080.99,0.09344,10005.6477056
2025-10-18 03:49:51.683,107080.99,0.09344,10005.6477056
2025-10-18 03:49:52.527,107081.0,0.00299,320.17219
2025-10-18 03:49:52.624,107081.0,0.00093,99.58533
2025-10-18 03:49:52.817,107080.99,0.09344,10005.6477056
2025-10-18 03:49:53.862,107080.99,0.09344,10005.6477056
2025-10-18 03:49:54.528,107080.99,0.00139,148.8425761
2025-10-18 03:49:55.016,107080.99,0.09344,10005.6477056
2025-10-18 03:49:55.996,107080.99,0.09344,10005.6477056
2025-10-18 03:49:56.210,107081.0,0.0001,10.7081
2025-10-18 03:49:56.569,107081.0,0.00249,266.63169
2025-10-18 03:49:57.016,107080.99,0.09344,10005.6477056
2025-10-18 03:49:57.028,107081.0,0.00014,14.99134
2025-10-18 03:49:58.075,107080.99,0.09344,10005.6477056
2025-10-18 03:49:58.369,107080.99,0.014,1499.1338600000001
2025-10-18 03:49:59.063,107080.99,0.09344,10005.6477056
2025-10-18 03:49:59.724,107081.0,0.00187,200.24147
2025-10-18 03:50:00.203,107080.99,0.09344,10005.6477056
2025-10-18 03:50:00.419,107081.0,0.00121,129.56801
2025-10-18 03:50:00.572,107081.0,7e-05,7.49567
2025-10-18 03:50:01.004,107081.0,0.0003,32.1243
2025-10-18 03:50:01.071,107080.99,0.00052,55.6821148
2025-10-18 03:50:01.399,107080.99,0.09344,10005.6477056
2025-10-18 03:50:02.449,107081.0,0.00052,55.68212
2025-10-18 03:50:02.542,107080.99,0.09344,10005.6477056
2025-10-18 03:50:03.204,107081.0,0.02998,3210.28838
2025-10-18 03:50:03.225,107081.01,0.04796,5135.6052396000005
2025-10-18 03:50:03.227,107081.01,0.0024,256.994424
2025-10-18 03:50:03.297,107087.42,0.00564,603.9730488
2025-10-18 03:50:03.718,107087.41,0.09344,10006.2475904
2025-10-18 03:50:04.707,107087.41,0.09344,10006.2475904
2025-10-18 03:50:04.984,107087.41,0.00086,92.0951726
2025-10-18 03:50:05.271,107087.42,0.00093,99.59130060000001
2025-10-18 03:50:05.514,107087.42,0.028,2998.44776
2025-10-18 03:50:05.690,107087.41,0.09344,10006.2475904
2025-10-18 03:50:06.916,107087.41,0.09344,10006.2475904
2025-10-18 03:50:07.832,107087.41,0.00147,157.4184927
2025-10-18 03:50:08.023,107087.41,0.09344,10006.2475904
2025-10-18 03:50:08.085,107087.42,0.00026,27.842729199999997
2025-10-18 03:50:09.167,107087.41,0.09344,10006.2475904
2025-10-18 03:50:09.224,107087.42,0.00262,280.5690404
2025-10-18 03:50:10.156,107087.41,0.09344,10006.2475904
2025-10-18 03:50:10.362,107087.41,0.00239,255.93890990000003
2025-10-18 03:50:10.429,107087.41,0.02162,2315.2298042
2025-10-18 03:50:11.144,107087.41,0.09344,10006.2475904
2025-10-18 03:50:11.965,107087.42,0.012,1285.04904
2025-10-18 03:50:12.117,107087.41,0.09344,10006.2475904
2025-10-18 03:50:12.253,107087.42,0.016,1713.39872
2025-10-18 03:50:12.557,107087.42,0.028,2998.44776
2025-10-18 03:50:13.263,107087.41,0.09343,10005.1767163
2025-10-18 03:50:13.343,107087.42,0.028,2998.44776
2025-10-18 03:50:13.893,107087.42,0.028,2998.44776
2025-10-18 03:50:14.093,107087.5,6e-05,6.42525
2025-10-18 03:50:14.265,107088.0,0.00012,12.85056
2025-10-18 03:50:14.347,107087.99,0.09343,10005.2309057
2025-10-18 03:50:15.317,107087.99,0.09343,10005.2309057
2025-10-18 03:50:15.497,107087.99,0.00014,14.992318599999999
2025-10-18 03:50:16.215,107088.0,0.0018,192.7584
2025-10-18 03:50:16.317,107087.99,0.09343,10005.2309057
2025-10-18 03:50:17.462,107087.99,0.09343,10005.2309057
2025-10-18 03:50:18.018,107088.0,0.00047,50.33136
2025-10-18 03:50:18.617,107087.99,0.09343,10005.2309057
2025-10-18 03:50:19.793,107087.99,0.09343,10005.2309057
2025-10-18 03:50:20.232,107088.0,0.00052,55.685759999999995
2025-10-18 03:50:20.332,107087.99,0.00035,37.480796500000004
2025-10-18 03:50:20.834,107087.99,0.09343,10005.2309057
2025-10-18 03:50:21.864,107088.0,4e-05,4.28352
2025-10-18 03:50:21.921,107087.99,0.09343,10005.2309057
2025-10-18 03:50:22.918,107088.0,0.12431,13312.10928
2025-10-18 03:50:22.970,107087.99,0.0004,42.835196
2025-10-18 03:50:23.027,107087.99,0.09343,10005.2309057
2025-10-18 03:50:24.260,107087.99,0.09343,10005.2309057
2025-10-18 03:50:25.228,107088.0,0.024,2570.112
2025-10-18 03:50:25.348,107087.99,0.09343,10005.2309057
2025-10-18 03:50:25.399,107088.0,0.004,428.35200000000003
2025-10-18 03:50:25.849,107094.0,0.00286,306.28884
2025-10-18 03:50:26.333,107097.09,0.09343,10006.0811187
2025-10-18 03:50:26.368,107097.09,0.001,107.09709
2025-10-18 03:50:27.332,107097.1,0.00038,40.696898000000004
2025-10-18 03:50:27.516,107097.09,0.09343,10006.0811187
2025-10-18 03:50:27.524,107097.1,0.00047,50.335637
2025-10-18 03:50:27.610,107097.1,0.00925,990.648175
2025-10-18 03:50:27.662,107097.09,0.001,107.09709
2025-10-18 03:50:27.685,107097.1,0.00112,119.948752
2025-10-18 03:50:27.731,107097.1,0.00057,61.045347
2025-10-18 03:50:28.038,107097.09,0.00069,73.89699209999999
2025-10-18 03:50:28.118,107097.09,0.00118,126.3745662
2025-10-18 03:50:28.506,107097.09,0.09343,10006.0811187
2025-10-18 03:50:28.638,107097.1,0.0001,10.709710000000001
2025-10-18 03:50:28.640,107097.1,0.00032,34.271072000000004
2025-10-18 03:50:28.770,107097.1,0.00024,25.703304000000003
2025-10-18 03:50:28.862,107097.1,0.0001,10.709710000000001
2025-10-18 03:50:28.981,107097.1,0.00029,31.058159000000003
2025-10-18 03:50:29.060,107097.1,0.004,428.38840000000005
2025-10-18 03:50:29.210,107097.1,0.00141,151.006911
2025-10-18 03:50:29.305,107097.1,7e-05,7.496797
2025-10-18 03:50:29.595,107097.09,0.09342,10005.0101478
2025-10-18 03:50:29.735,107097.1,4e-05,4.2838840000000005
2025-10-18 03:50:29.743,107097.1,0.0001,10.709710000000001
2025-10-18 03:50:30.817,107097.09,0.09342,10005.0101478
2025-10-18 03:50:31.419,107097.1,0.00234,250.60721400000003
2025-10-18 03:50:31.545,107097.1,0.00019,20.348449000000002
2025-10-18 03:50:31.618,107097.09,6e-05,6.4258254
2025-10-18 03:50:31.816,107097.09,0.09342,10005.0101478
2025-10-18 03:50:31.924,107097.1,0.015,1606.4565
2025-10-18 03:50:32.137,107097.09,0.0002,21.419418
2025-10-18 03:50:32.142,107097.1,0.00047,50.335637
2025-10-18 03:50:32.143,107097.1,0.004,428.38840000000005
2025-10-18 03:50:32.428,107097.1,0.01634,1749.9666140000002
2025-10-18 03:50:32.882,107097.1,0.009,963.8738999999999
2025-10-18 03:50:33.046,107097.09,0.09342,10005.0101478
2025-10-18 03:50:33.167,107097.1,0.00466,499.072486
2025-10-18 03:50:33.617,107097.1,7e-05,7.496797
2025-10-18 03:50:33.675,107097.1,7e-05,7.496797
2025-10-18 03:50:33.862,107097.1,0.0001,10.709710000000001
2025-10-18 03:50:33.892,107097.1,0.00187,200.271577
2025-10-18 03:50:34.207,107097.09,0.09342,10005.0101478
2025-10-18 03:50:34.844,107099.22,0.00544,582.6197568
2025-10-18 03:50:35.189,107099.21,0.09342,10005.208198200002
2025-10-18 03:50:35.938,107099.22,0.004,428.39688
2025-10-18 03:50:36.316,107099.21,0.09342,10005.208198200002
2025-10-18 03:50:36.403,107099.21,0.03419,3661.7219899
2025-10-18 03:50:37.089,107099.22,9e-05,9.638929800000001
2025-10-18 03:50:37.181,107099.21,0.0001,10.709921000000001
2025-10-18 03:50:37.575,107099.21,0.09342,10005.208198200002
2025-10-18 03:50:37.617,107099.21,0.0003,32.129763
2025-10-18 03:50:37.677,107099.22,0.01226,1313.0364372
2025-10-18 03:50:37.678,107102.0,0.0028,299.8856
2025-10-18 03:50:37.681,107103.46,5e-05,5.355173000000001
2025-10-18 03:50:37.686,107106.26,5e-05,5.355313
2025-10-18 03:50:37.712,107107.68,0.05288,5663.8541184
2025-10-18 03:50:37.729,107107.68,0.028,2999.0150399999998
2025-10-18 03:50:38.173,107107.67,0.00318,340.6023906
2025-10-18 03:50:38.276,107107.67,0.02395,2565.2286965
2025-10-18 03:50:38.706,107107.67,0.09341,10004.9274547
2025-10-18 03:50:38.843,107107.68,0.002,214.21536
2025-10-18 03:50:38.875,107107.68,0.00017,18.2083056
2025-10-18 03:50:39.430,107107.67,0.01795,1922.5826765
2025-10-18 03:50:39.739,107107.67,0.09341,10004.9274547
2025-10-18 03:50:40.298,107107.68,0.01105,1183.539864
2025-10-18 03:50:40.624,107107.67,0.00116,124.2448972
2025-10-18 03:50:40.808,107107.67,0.09341,10004.9274547
2025-10-18 03:50:41.917,107107.67,0.09341,10004.9274547
2025-10-18 03:50:42.649,107107.68,7e-05,7.4975375999999985
2025-10-18 03:50:42.917,107107.67,0.09341,10004.9274547
2025-10-18 03:50:43.765,107107.67,0.00379,405.9380693
2025-10-18 03:50:43.917,107107.67,0.00467,500.19281889999996
2025-10-18 03:50:44.068,107107.67,0.09341,10004.9274547
2025-10-18 03:50:44.250,107107.68,0.00062,66.4067616
2025-10-18 03:50:44.616,107107.68,0.00236,252.7741248
2025-10-18 03:50:44.631,107107.68,0.0003,32.132304
2025-10-18 03:50:44.873,107107.68,0.00058,62.122454399999995
2025-10-18 03:50:45.082,107107.67,0.09341,10004.9274547
2025-10-18 03:50:45.332,107107.68,7e-05,7.4975375999999985
2025-10-18 03:50:45.410,107107.67,0.00146,156.37719819999998
2025-10-18 03:50:46.017,107107.67,0.09341,10004.9274547
2025-10-18 03:50:46.462,107107.67,0.43621,46721.4367307
2025-10-18 03:50:46.463,107105.05,0.00025,26.7762625
2025-10-18 03:50:46.464,107105.04,0.0001,10.710504
2025-10-18 03:50:46.465,107104.14,0.0003,32.131242
2025-10-18 03:50:46.477,107101.25,0.00546,584.7728249999999
2025-10-18 03:50:46.482,107101.25,0.00034,36.414425
2025-10-18 03:50:46.485,107100.81,0.012,1285.20972
2025-10-18 03:50:46.495,107099.85,0.00015,16.064977499999998
2025-10-18 03:50:47.026,107099.24,6e-05,6.4259544
2025-10-18 03:50:47.154,107099.24,0.09342,10005.2110008
2025-10-18 03:50:48.295,107099.24,0.09342,10005.2110008
2025-10-18 03:50:48.569,107099.24,0.012,1285.19088
2025-10-18 03:50:48.570,107099.24,0.012,1285.19088
2025-10-18 03:50:48.763,107099.25,0.00014,14.993894999999998
2025-10-18 03:50:48.916,107099.25,0.01,1070.9925
2025-10-18 03:50:49.276,107099.24,0.09342,10005.2110008
2025-10-18 03:50:49.392,107099.25,0.04668,4999.39299
2025-10-18 03:50:49.581,107099.25,0.01005,1076.3474625
2025-10-18 03:50:49.804,107099.25,5e-05,5.3549625
2025-10-18 03:50:50.366,107099.24,0.09342,10005.2110008
2025-10-18 03:50:50.910,107099.25,0.00394,421.971045
2025-10-18 03:50:50.941,107099.25,0.00013,13.9229025
2025-10-18 03:50:50.942,107099.25,0.00019,20.3488575
2025-10-18 03:50:50.993,107099.25,9e-05,9.638932500000001
2025-10-18 03:50:51.355,107099.24,0.09342,10005.2110008
2025-10-18 03:50:51.736,107099.25,0.00013,13.9229025
2025-10-18 03:50:52.547,107099.24,0.09342,10005.2110008
2025-10-18 03:50:53.399,107099.24,0.00335,358.78245400000003
2025-10-18 03:50:53.430,107099.24,9e-05,9.638931600000001
2025-10-18 03:50:53.717,107099.24,0.09342,10005.2110008
2025-10-18 03:50:54.010,107099.25,0.00044,47.123670000000004
2025-10-18 03:50:54.791,107099.24,7e-05,7.4969468
2025-10-18 03:50:54.816,107099.24,0.09342,10005.2110008
2025-10-18 03:50:55.762,107099.24,0.04341,4649.1780084
2025-10-18 03:50:55.763,107099.24,0.07836,8392.2964464
2025-10-18 03:50:55.764,107099.21,0.0014,149.938894
2025-10-18 03:50:55.765,107099.21,0.00266,284.8838986
2025-10-18 03:50:55.766,107094.88,5e-05,5.354744
2025-10-18 03:50:55.767,107092.97,0.00495,530.1102015
2025-10-18 03:50:55.768,107092.97,0.0182,1949.0920540000002
2025-10-18 03:50:55.769,107092.97,0.00507,542.9613578999999
2025-10-18 03:50:55.771,107090.75,6e-05,6.425445
2025-10-18 03:50:55.772,107088.57,0.20321,21761.4683097
2025-10-18 03:50:55.782,107087.09,0.00015,16.0630635
2025-10-18 03:50:55.783,107086.89,0.012,1285.04268
2025-10-18 03:50:55.797,107086.89,0.00884,946.6481076000001
2025-10-18 03:50:55.802,107084.25,6e-05,6.425055
2025-10-18 03:50:55.866,107078.9,0.00023,24.628147
2025-10-18 03:50:55.869,107075.23,0.04669,4999.3424887
2025-10-18 03:50:56.069,107075.22,0.012,1284.90264
2025-10-18 03:50:56.079,107075.22,0.00479,512.8903038
2025-10-18 03:50:56.095,107064.26,0.00665,711.9773289999999
2025-10-18 03:50:56.432,107064.75,0.012,1284.777
2025-10-18 03:50:56.433,107064.75,0.012,1284.777
2025-10-18 03:50:56.834,107064.75,0.00011,11.7771225
2025-10-18 03:50:56.838,107064.75,0.09346,10006.271535
2025-10-18 03:50:57.433,107064.76,0.0014,149.890664
2025-10-18 03:50:57.770,107064.75,0.00026,27.836834999999997
2025-10-18 03:50:57.781,107064.76,5e-05,5.353238
2025-10-18 03:50:57.878,107064.75,0.09346,10006.271535
2025-10-18 03:50:57.884,107064.76,0.05,5353.238
2025-10-18 03:50:58.963,107064.75,0.09345,10005.200887500001
2025-10-18 03:50:59.230,107064.76,0.02781,2977.4709756
2025-10-18 03:50:59.807,107064.75,0.005,535.32375
2025-10-18 03:51:00.003,107064.75,0.09345,10005.200887500001
2025-10-18 03:51:00.194,107064.76,0.00253,270.8738428
2025-10-18 03:51:00.547,107064.76,0.0014,149.890664
2025-10-18 03:51:01.037,107064.75,0.09345,10005.200887500001
2025-10-18 03:51:02.017,107064.75,0.09345,10005.200887500001
2025-10-18 03:51:02.523,107064.76,0.01094,1171.2884744
2025-10-18 03:51:02.683,107064.76,0.00053,56.74432279999999
2025-10-18 03:51:03.015,107064.76,0.01457,1559.9335531999998
2025-10-18 03:51:03.017,107064.75,0.09345,10005.200887500001
2025-10-18 03:51:03.845,107064.75,0.00202,216.27079500000002
2025-10-18 03:51:04.051,107064.75,0.09345,10005.200887500001
2025-10-18 03:51:04.078,107064.75,0.01494,1599.5473650000001
2025-10-18 03:51:04.425,107064.76,0.00098,104.92346479999999
2025-10-18 03:51:05.040,107064.75,0.09345,10005.200887500001
2025-10-18 03:51:06.075,107064.75,0.09345,10005.200887500001
2025-10-18 03:51:07.112,107064.75,0.09345,10005.200887500001
2025-10-18 03:51:07.451,107064.75,0.01449,1551.3682274999999
2025-10-18 03:51:08.142,107064.76,0.002,214.12951999999999
2025-10-18 03:51:08.251,107064.75,0.09345,10005.200887500001
2025-10-18 03:51:09.588,107064.76,0.00163,174.51555879999998
2025-10-18 03:51:09.617,107064.75,0.09046,9685.077285
2025-10-18 03:51:09.971,107064.76,9e-05,9.6358284
2025-10-18 03:51:10.409,107064.75,0.0006,64.23885
2025-10-18 03:51:10.868,107064.76,6e-05,6.4238856
2025-10-18 03:51:11.723,107064.76,6e-05,6.4238856
2025-10-18 03:51:13.565,107064.75,0.07374,7894.954665
2025-10-18 03:51:13.566,107064.75,0.0007,74.945325
2025-10-18 03:51:13.567,107064.64,0.00045,48.179088
2025-10-18 03:51:13.568,107064.63,0.0001,10.706463000000001
2025-10-18 03:51:13.574,107064.63,0.0002,21.412926000000002
2025-10-18 03:51:13.575,107062.51,8e-05,8.5650008
2025-10-18 03:51:13.579,107062.5,0.012,1284.75
2025-10-18 03:51:13.580,107062.5,0.0118,1263.3374999999999
2025-10-18 03:51:13.605,107062.5,0.0018,192.7125
2025-10-18 03:51:13.642,107060.65,0.00184,196.991596
2025-10-18 03:51:13.653,107060.36,0.00123,131.6842428
2025-10-18 03:51:13.683,107059.65,0.0002,21.411929999999998
2025-10-18 03:51:13.684,107058.96,0.00015,16.058844
2025-10-18 03:51:13.685,107056.75,0.00954,1021.3213949999999
2025-10-18 03:51:13.687,107056.08,8e-05,8.564486400000002
2025-10-18 03:51:13.689,107055.01,0.0467,4999.468967
2025-10-18 03:51:13.691,107054.58,0.00015,16.058187
2025-10-18 03:51:13.694,107054.99,0.0005,53.527495
2025-10-18 03:51:13.733,107054.58,0.0011,117.76003800000001
2025-10-18 03:51:13.746,107051.81,0.0002,21.410362
2025-10-18 03:51:13.772,107051.26,0.001,107.05126
2025-10-18 03:51:13.781,107048.42,0.00571,611.2464782
2025-10-18 03:51:13.991,107045.98,0.0002,21.409196
2025-10-18 03:51:13.993,107044.38,0.0001,10.704438000000001
2025-10-18 03:51:14.015,107044.07,0.00015,16.056610499999998
2025-10-18 03:51:14.018,107044.0,0.0032,342.5408
2025-10-18 03:51:14.036,107042.69,0.00125,133.8033625
2025-10-18 03:51:14.524,107042.0,0.0002,21.4084
2025-10-18 03:51:14.566,107042.0,0.00214,229.06987999999998
2025-10-18 03:51:14.807,107040.57,0.0001,10.704057
2025-10-18 03:51:14.962,107040.01,0.00022,23.5488022
2025-10-18 03:51:14.971,107040.0,0.01494,1599.1776
2025-10-18 03:51:15.012,107040.01,0.00049,52.4496049
2025-10-18 03:51:15.535,107040.01,0.00032,34.2528032
2025-10-18 03:51:15.626,107040.01,0.00068,72.7872068
2025-10-18 03:51:15.967,107040.01,0.0007,74.928007
2025-10-18 03:51:16.577,107040.01,0.00171,183.03841709999998
2025-10-18 03:51:17.784,107040.01,0.00014,14.985601399999998
2025-10-18 03:51:18.695,107040.01,0.5203,55692.917203
2025-10-18 03:51:18.744,107040.01,0.028,2997.12028
2025-10-18 03:51:18.991,107040.01,0.00037,39.6048037
2025-10-18 03:51:19.064,107040.01,0.00029,31.041602899999997
2025-10-18 03:51:19.604,107040.01,0.01095,1172.0881095
2025-10-18 03:51:19.918,107040.01,0.1195,12791.281195
2025-10-18 03:51:19.919,107040.01,0.09898,10594.820189799999
2025-10-18 03:51:19.920,107040.1,0.0009,96.33609
2025-10-18 03:51:19.921,107040.98,0.00015,16.056147
2025-10-18 03:51:19.925,107041.68,5e-05,5.352084
2025-10-18 03:51:19.927,107042.01,0.0011,117.746211
2025-10-18 03:51:19.928,107042.02,0.01285,1375.489957
2025-10-18 03:51:19.929,107042.01,0.00078,83.4927678
2025-10-18 03:51:19.942,107042.02,0.00095,101.689919
2025-10-18 03:51:19.964,107044.29,0.00514,550.2076506
2025-10-18 03:51:19.971,107044.29,0.00015,16.056643499999996
2025-10-18 03:51:20.004,107046.42,0.028,2997.29976
2025-10-18 03:51:20.329,107048.64,5e-05,5.352432
2025-10-18 03:51:20.330,107053.49,0.03269,3499.5785880999997
2025-10-18 03:51:20.331,107053.49,0.00015,16.0580235
2025-10-18 03:51:20.332,107054.53,0.0001,10.705453
2025-10-18 03:51:20.335,107056.09,8e-05,8.5644872
2025-10-18 03:51:20.339,107056.79,5e-05,5.3528395
2025-10-18 03:51:20.340,107060.01,0.00872,933.5632872
2025-10-18 03:51:20.353,107060.01,0.0002,21.412002
2025-10-18 03:51:20.354,107063.45,0.00934,999.9726229999999
2025-10-18 03:51:20.357,107062.92,0.0001,10.706292
2025-10-18 03:51:20.417,107063.45,0.002,214.1269
2025-10-18 03:51:20.418,107063.45,0.0192,2055.61824
2025-10-18 03:51:20.488,107063.45,0.00241,258.02291449999996
2025-10-18 03:51:20.492,107063.53,0.00055,58.884941500000004
2025-10-18 03:51:20.515,107064.62,0.00171,183.0805002
2025-10-18 03:51:20.538,107064.76,0.00934,999.9848583999999
2025-10-18 03:51:20.566,107064.76,0.00163,174.51555879999998
2025-10-18 03:51:20.573,107064.77,0.02,2141.2954
2025-10-18 03:51:20.574,107064.77,0.00841,900.4147157000001
2025-10-18 03:51:20.715,107069.3,0.0001,10.706930000000002
2025-10-18 03:51:22.710,107071.25,0.00173,185.2332625
2025-10-18 03:51:22.754,107071.25,8e-05,8.565700000000001
2025-10-18 03:51:22.844,107071.24,7e-05,7.4949867999999995
2025-10-18 03:51:22.871,107071.24,0.09345,10005.807378000001
2025-10-18 03:51:23.910,107071.24,0.09345,10005.807378000001
2025-10-18 03:51:24.669,107071.25,4e-05,4.282850000000001
2025-10-18 03:51:25.051,107071.24,0.09345,10005.807378000001
2025-10-18 03:51:26.017,107071.24,0.09345,10005.807378000001
2025-10-18 03:51:26.400,107071.25,0.00273,292.3045125
2025-10-18 03:51:26.591,107071.24,0.00021,22.484960400000002
2025-10-18 03:51:26.861,107071.25,0.00112,119.9198
2025-10-18 03:51:27.174,107071.24,0.09345,10005.807378000001
2025-10-18 03:51:28.159,107071.25,0.00162,173.455425
2025-10-18 03:51:28.214,107071.24,0.09345,10005.807378000001
2025-10-18 03:51:29.199,107071.24,0.09345,10005.807378000001
2025-10-18 03:51:29.237,107071.25,0.00038,40.687075
2025-10-18 03:51:29.374,107071.25,4e-05,4.282850000000001
2025-10-18 03:51:30.217,107071.24,0.09345,10005.807378000001
2025-10-18 03:51:30.422,107071.25,0.013,1391.92625
2025-10-18 03:51:30.530,107071.25,0.0031,331.92087499999997
2025-10-18 03:51:30.700,107071.25,0.015,1606.06875
2025-10-18 03:51:31.087,107071.25,0.00011,11.7778375
2025-10-18 03:51:31.104,107071.25,0.0121,1295.562125
2025-10-18 03:51:31.279,107071.24,0.09345,10005.807378000001
2025-10-18 03:51:32.317,107071.24,0.09345,10005.807378000001
2025-10-18 03:51:32.729,107071.25,0.0003,32.121375
2025-10-18 03:51:33.306,107071.24,0.09345,10005.807378000001
2025-10-18 03:51:34.417,107071.24,0.09345,10005.807378000001
2025-10-18 03:51:34.443,107071.24,0.00939,1005.3989436000002
2025-10-18 03:51:34.525,107071.25,7e-05,7.4949875
2025-10-18 03:51:34.770,107071.25,9e-05,9.6364125
2025-10-18 03:51:34.785,107071.24,0.0011,117.77836400000001
2025-10-18 03:51:34.876,107071.24,0.00037,39.6163588
2025-10-18 03:51:35.125,107071.25,0.00238,254.829575
2025-10-18 03:51:35.486,107071.24,0.09345,10005.807378000001
2025-10-18 03:51:35.783,107071.25,0.00105,112.42481249999999
2025-10-18 03:51:36.016,107071.25,0.028,2997.995
2025-10-18 03:51:36.153,107071.24,0.00017,18.202110800000003
2025-10-18 03:51:36.517,107071.24,0.09345,10005.807378000001
2025-10-18 03:51:36.786,107071.09,0.0002,21.414218
2025-10-18 03:51:36.787,107069.97,0.0001,10.706997000000001
2025-10-18 03:51:36.800,107068.21,0.0002,21.413642000000003
2025-10-18 03:51:36.804,107065.48,0.0001,10.706548
2025-10-18 03:51:36.809,107064.74,0.012,1284.7768800000001
2025-10-18 03:51:36.813,107064.74,0.00592,633.8232608000001
2025-10-18 03:51:36.850,107060.62,0.00015,16.059092999999997
2025-10-18 03:51:37.451,107060.61,0.09346,10005.8846106
2025-10-18 03:51:37.863,107060.62,0.00438,468.9255156
2025-10-18 03:51:38.517,107060.61,0.09346,10005.8846106
2025-10-18 03:51:38.648,107060.62,0.03352,3588.6719824
2025-10-18 03:51:39.206,107060.61,0.00273,292.27546529999995
2025-10-18 03:51:39.531,107060.61,0.09346,10005.8846106
2025-10-18 03:51:40.015,107060.62,0.00102,109.2018324
2025-10-18 03:51:40.032,107060.61,0.0001,10.706061
2025-10-18 03:51:40.274,107060.61,0.00014,14.988485399999998
2025-10-18 03:51:40.443,107060.62,0.16802,17988.3253724
2025-10-18 03:51:40.717,107060.61,0.09346,10005.8846106
2025-10-18 03:51:40.961,107060.62,0.00111,118.8372882
2025-10-18 03:51:41.124,107060.62,0.001,107.06062
2025-10-18 03:51:41.130,107060.62,0.028,2997.69736
2025-10-18 03:51:41.133,107060.62,0.00079,84.5778898
2025-10-18 03:51:41.717,107060.61,0.09346,10005.8846106
2025-10-18 03:51:42.228,107060.62,0.006,642.36372
2025-10-18 03:51:42.239,107060.62,0.022,2355.33364
2025-10-18 03:51:42.600,107060.62,6e-05,6.4236372
2025-10-18 03:51:42.739,107060.61,0.09345,10004.8140045
2025-10-18 03:51:42.749,107060.62,0.00022,23.5533364
2025-10-18 03:51:43.217,107060.62,0.00467,499.9730953999999
2025-10-18 03:51:43.831,107060.61,0.09345,10004.8140045
2025-10-18 03:51:44.052,107060.61,0.00021,22.482728100000003
2025-10-18 03:51:44.161,107060.62,0.06147,6581.0163114
2025-10-18 03:51:44.162,107060.8,0.0011,117.76688000000001
2025-10-18 03:51:44.176,107064.48,0.00015,16.059672
2025-10-18 03:51:44.210,107064.49,0.0008,85.65159200000001
2025-10-18 03:51:44.213,107064.75,0.00085,91.0050375
2025-10-18 03:51:44.223,107064.77,0.0002,21.412954000000003
2025-10-18 03:51:44.225,107067.04,0.00595,637.048888
2025-10-18 03:51:44.228,107069.98,5e-05,5.353499
2025-10-18 03:51:44.231,107070.0,0.00055,58.8885
2025-10-18 03:51:44.433,107069.98,0.00368,394.0175264
2025-10-18 03:51:44.967,107069.98,0.09345,10005.689631
2025-10-18 03:51:45.452,107069.98,0.04294,4597.5849412
2025-10-18 03:51:46.058,107069.98,0.09345,10005.689631
2025-10-18 03:51:46.162,107069.99,0.00135,144.5444865
2025-10-18 03:51:46.367,107069.99,0.4757,50933.194243000005
2025-10-18 03:51:46.368,107070.02,0.0002,21.414004000000002
2025-10-18 03:51:46.370,107074.87,5e-05,5.3537435
2025-10-18 03:51:46.371,107075.91,0.02852,3053.8049532
2025-10-18 03:51:46.373,107077.45,8e-05,8.566196
2025-10-18 03:51:46.375,107080.46,0.02934,3141.7406964
2025-10-18 03:51:46.379,107080.46,0.00934,1000.1314964
2025-10-18 03:51:46.386,107083.48,0.0001,10.708348
2025-10-18 03:51:46.389,107085.93,0.08108,8682.5272044
2025-10-18 03:51:46.427,107086.13,0.0001,10.708613000000001
2025-10-18 03:51:46.434,107095.29,5e-05,5.3547645
2025-10-18 03:51:46.444,107096.89,6e-05,6.4258134
2025-10-18 03:51:46.499,107096.89,0.01867,1999.4989363
2025-10-18 03:51:47.074,107096.89,0.00092,98.5291388
2025-10-18 03:51:47.110,107096.88,0.09343,10006.0614984
2025-10-18 03:51:47.971,107096.89,0.00018,19.2774402
2025-10-18 03:51:48.188,107096.88,0.09343,10006.0614984
2025-10-18 03:51:48.247,107096.89,0.00017,18.2064713
2025-10-18 03:51:48.532,107096.89,0.00104,111.38076559999999
2025-10-18 03:51:49.190,107096.88,0.09343,10006.0614984
2025-10-18 03:51:50.317,107096.88,0.09343,10006.0614984
2025-10-18 03:51:50.365,107096.89,0.00739,791.4460171
2025-10-18 03:51:50.564,107096.88,0.00153,163.8582264
2025-10-18 03:51:50.900,107096.89,0.0001,10.709689000000001
2025-10-18 03:51:51.383,107096.88,0.09343,10006.0614984
2025-10-18 03:51:51.440,107096.89,0.05493,5882.8321677
2025-10-18 03:51:51.456,107096.89,0.00175,187.4195575
2025-10-18 03:51:51.504,107098.0,0.028,2998.744
2025-10-18 03:51:51.935,107097.99,0.00162,173.4987438
2025-10-18 03:51:52.617,107097.99,0.09342,10005.094225800001
2025-10-18 03:51:52.655,107098.0,0.00018,19.27764
2025-10-18 03:51:53.079,107098.0,0.00198,212.05404
2025-10-18 03:51:53.114,107098.0,0.00475,508.71549999999996
2025-10-18 03:51:53.519,107097.99,0.0014,149.937186
2025-10-18 03:51:53.616,107097.99,0.09342,10005.094225800001
2025-10-18 03:51:53.645,107097.99,0.00018,19.277638200000002
2025-10-18 03:51:53.738,107097.99,0.00098,104.9560302
2025-10-18 03:51:54.216,107097.99,0.00113,121.02072869999999
2025-10-18 03:51:54.438,107097.99,0.02801,2999.8146999
2025-10-18 03:51:54.551,107097.99,0.00101,108.16896990000001
2025-10-18 03:51:54.557,107097.99,0.00123,131.7305277
2025-10-18 03:51:54.792,107097.99,0.09342,10005.094225800001
2025-10-18 03:51:54.803,107097.99,0.00104,111.3819096
2025-10-18 03:51:55.190,107098.0,0.00093,99.60114
2025-10-18 03:51:55.297,107098.0,0.00394,421.96612
2025-10-18 03:51:55.647,107098.0,0.00019,20.34862
2025-10-18 03:51:55.774,107097.99,0.09342,10005.094225800001
2025-10-18 03:51:55.915,107090.01,0.00015,16.063501499999997
2025-10-18 03:51:56.418,107090.01,0.00019,20.3471019
2025-10-18 03:51:56.862,107090.0,0.09343,10005.4187
2025-10-18 03:51:56.865,107090.01,0.0001,10.709001
2025-10-18 03:51:58.008,107090.0,0.09343,10005.4187
2025-10-18 03:51:58.834,107090.0,6e-05,6.4254
2025-10-18 03:51:59.100,107090.0,0.09343,10005.4187
2025-10-18 03:51:59.302,107090.0,7e-05,7.4963
2025-10-18 03:51:59.769,107090.01,0.028,2998.5202799999997
2025-10-18 03:51:59.877,107090.01,0.5,53545.005
2025-10-18 03:51:59.928,107090.0,0.12723,13625.060700000002
2025-10-18 03:52:00.134,107090.0,0.09343,10005.4187
2025-10-18 03:52:00.186,107090.01,0.00081,86.7429081
2025-10-18 03:52:00.639,107090.01,0.00051,54.6159051
2025-10-18 03:52:01.040,107090.01,0.001,107.09000999999999
2025-10-18 03:52:01.114,107090.0,0.09343,10005.4187
2025-10-18 03:52:01.217,107090.01,0.011,1177.99011
2025-10-18 03:52:01.311,107090.01,6e-05,6.4254006
2025-10-18 03:52:01.322,107090.01,0.001,107.09000999999999
2025-10-18 03:52:01.484,107090.01,0.001,107.09000999999999
2025-10-18 03:52:01.542,107090.01,0.00293,313.77372929999996
2025-10-18 03:52:01.543,107090.02,0.00323,345.9007646
2025-10-18 03:52:01.619,107090.1,0.0007,74.96307
2025-10-18 03:52:01.732,107090.11,0.002,214.18022000000002
2025-10-18 03:52:01.783,107096.43,0.00303,324.5021829
2025-10-18 03:52:02.044,107096.42,0.09343,10006.0185206
2025-10-18 03:52:02.427,107096.43,0.14016,15010.6356288
2025-10-18 03:52:02.432,107096.43,0.00934,1000.2806561999998
2025-10-18 03:52:02.433,107096.43,0.01465,1568.9626994999999
2025-10-18 03:52:02.917,107096.9,0.01509,1616.0922209999999
2025-10-18 03:52:02.922,107097.25,0.03494,3741.977915
2025-10-18 03:52:02.983,107099.25,0.028,2998.779
2025-10-18 03:52:03.175,107099.24,0.09342,10005.2110008
2025-10-18 03:52:03.285,107099.25,0.00574,614.7496950000001
2025-10-18 03:52:03.415,107099.25,0.00011,11.780917500000001
2025-10-18 03:52:03.818,107106.06,0.0015,160.65909
2025-10-18 03:52:04.214,107106.42,0.09342,10005.8817564
2025-10-18 03:52:04.405,107106.43,0.00226,242.06053179999998
2025-10-18 03:52:05.179,107106.42,0.09342,10005.8817564
2025-10-18 03:52:05.336,107106.43,0.00151,161.7307093
2025-10-18 03:52:06.191,107106.43,0.00215,230.27882449999998
2025-10-18 03:52:06.217,107106.42,0.01564,1675.1444088
2025-10-18 03:52:06.218,107106.42,0.00184,197.0758128
2025-10-18 03:52:06.785,107106.41,0.0001,10.710641
2025-10-18 03:52:07.262,107106.41,0.09342,10005.8808222
2025-10-18 03:52:08.506,107106.41,0.09342,10005.8808222
2025-10-18 03:52:08.591,107106.42,0.00338,362.0196996
2025-10-18 03:52:09.517,107106.41,0.09342,10005.8808222
2025-10-18 03:52:10.132,107106.42,0.00167,178.8677214
2025-10-18 03:52:10.616,107106.41,0.09342,10005.8808222
2025-10-18 03:52:10.619,107106.41,0.02054,2199.9656614
2025-10-18 03:52:10.621,107104.21,0.15816,16939.6018536
2025-10-18 03:52:10.627,107104.21,0.0011,117.81463100000002
2025-10-18 03:52:10.628,107104.21,0.0011,117.81463100000002
2025-10-18 03:52:10.629,107103.99,0.00384,411.2793216
2025-10-18 03:52:10.631,107102.14,0.00404,432.6926456
2025-10-18 03:52:10.633,107101.22,0.0003,32.130365999999995
2025-10-18 03:52:10.634,107101.21,0.00085,91.0360285
2025-10-18 03:52:10.636,107100.82,0.0001,10.710082000000002
2025-10-18 03:52:10.637,107096.42,0.0001,10.709642
2025-10-18 03:52:10.640,107094.81,0.03436,3679.7776716000003
2025-10-18 03:52:10.690,107094.8,0.01095,1172.68806
2025-10-18 03:52:10.693,107093.37,0.07348,7869.2208276
2025-10-18 03:52:10.695,107093.37,0.19689,21085.6136193
2025-10-18 03:52:10.698,107091.27,0.0013,139.218651
2025-10-18 03:52:10.704,107091.27,0.0002,21.418254
2025-10-18 03:52:10.860,107091.28,0.00013,13.921866399999999
2025-10-18 03:52:10.870,107091.28,0.5906,63248.109968000004
2025-10-18 03:52:11.268,107091.27,0.0001,10.709127
2025-10-18 03:52:11.479,107091.28,0.001,107.09128
2025-10-18 03:52:11.616,107091.27,0.09343,10005.5373561
2025-10-18 03:52:12.594,107091.27,0.09343,10005.5373561
2025-10-18 03:52:12.623,107091.28,0.0014,149.927792
2025-10-18 03:52:12.940,107091.28,7e-05,7.4963896
2025-10-18 03:52:13.428,107091.28,0.00084,89.9566752
2025-10-18 03:52:13.683,107091.27,0.09343,10005.5373561
2025-10-18 03:52:14.716,107091.27,0.09343,10005.5373561
2025-10-18 03:52:15.250,107091.27,0.0935,10013.033745
2025-10-18 03:52:15.533,107091.28,0.00024,25.7019072
2025-10-18 03:52:15.632,107091.27,0.00031,33.1982937
2025-10-18 03:52:15.811,107091.27,0.09343,10005.5373561
2025-10-18 03:52:16.570,107091.28,0.00047,50.3329016
2025-10-18 03:52:16.719,107091.28,7e-05,7.4963896
2025-10-18 03:52:16.770,107091.28,7e-05,7.4963896
2025-10-18 03:52:16.775,107091.28,0.00019,20.3473432
2025-10-18 03:52:16.816,107091.27,0.09343,10005.5373561
2025-10-18 03:52:16.932,107091.27,0.0002,21.418254
2025-10-18 03:52:16.970,107091.28,0.00029,31.0564712
2025-10-18 03:52:16.990,107091.28,0.00038,40.6946864
2025-10-18 03:52:17.099,107091.28,0.00064,68.5384192
2025-10-18 03:52:17.524,107091.28,0.00013,13.921866399999999
2025-10-18 03:52:17.710,107091.28,0.00029,31.0564712
2025-10-18 03:52:17.816,107091.27,0.09343,10005.5373561
2025-10-18 03:52:18.076,107091.28,0.00029,31.0564712
2025-10-18 03:52:18.125,107091.28,0.00011,11.7800408
2025-10-18 03:52:18.310,107091.28,0.00047,50.3329016
2025-10-18 03:52:18.321,107091.27,0.00124,132.7931748
2025-10-18 03:52:18.394,107091.28,0.0001,10.709128
2025-10-18 03:52:18.543,107091.28,7e-05,7.4963896
2025-10-18 03:52:18.816,107091.27,0.09343,10005.5373561
2025-10-18 03:52:19.048,107091.28,0.0001,10.709128
2025-10-18 03:52:19.183,107090.01,0.0123,1317.207123
2025-10-18 03:52:19.188,107090.01,0.18771,20101.865777099996
2025-10-18 03:52:19.197,107086.18,0.00767,821.3510005999999
2025-10-18 03:52:19.198,107085.11,0.00014,14.991915399999998
2025-10-18 03:52:19.208,107084.58,0.012,1285.01496
2025-10-18 03:52:19.211,107084.59,0.00015,16.062688499999997
2025-10-18 03:52:19.216,107081.44,0.00015,16.062216
2025-10-18 03:52:19.236,107081.43,0.00435,465.80422049999993
2025-10-18 03:52:19.272,107080.57,0.00226,242.0020882
2025-10-18 03:52:19.277,107079.18,0.00015,16.061877
2025-10-18 03:52:19.320,107077.63,0.00252,269.8356276
2025-10-18 03:52:19.421,107077.56,0.00265,283.755534
2025-10-18 03:52:19.423,107077.55,0.00055,58.892652500000004
2025-10-18 03:52:19.425,107072.8,0.01901,2035.453928
2025-10-18 03:52:19.482,107072.8,0.00925,990.4234
2025-10-18 03:52:19.514,107072.8,0.00144,154.184832
2025-10-18 03:52:19.546,107071.25,0.00483,517.1541375
2025-10-18 03:52:19.547,107068.0,6e-05,6.42408
2025-10-18 03:52:19.560,107066.09,0.03396,3635.9644163999997
2025-10-18 03:52:19.615,107062.5,5e-05,5.353125
2025-10-18 03:52:19.618,107057.79,0.00026,27.835025399999996
2025-10-18 03:52:19.729,107057.78,0.012,1284.69336
2025-10-18 03:52:19.730,107057.78,0.012,1284.69336
2025-10-18 03:52:19.917,107057.78,0.09346,10005.6201188
2025-10-18 03:52:20.986,107057.78,0.09346,10005.6201188
2025-10-18 03:52:22.074,107057.78,0.09346,10005.6201188
2025-10-18 03:52:22.462,107057.79,0.00128,137.0339712
2025-10-18 03:52:22.716,107057.79,0.00088,94.2108552
2025-10-18 03:52:22.883,107057.79,0.00029,31.0467591
2025-10-18 03:52:23.115,107057.78,0.09346,10005.6201188
2025-10-18 03:52:23.348,107057.79,0.00014,14.988090599999998
2025-10-18 03:52:24.184,107057.78,0.01494,1599.4432332
2025-10-18 03:52:24.254,107057.78,0.09346,10005.6201188
2025-10-18 03:52:24.346,107057.78,0.01494,1599.4432332
2025-10-18 03:52:24.640,107057.79,0.01652,1768.5946907999999
2025-10-18 03:52:24.648,107057.79,8e-05,8.5646232
2025-10-18 03:52:25.239,107057.78,0.09346,10005.6201188
2025-10-18 03:52:26.043,107057.79,0.00029,31.0467591
2025-10-18 03:52:26.217,107057.78,0.09346,10005.6201188
2025-10-18 03:52:27.360,107057.79,0.25401,27193.7492379
2025-10-18 03:52:27.367,107057.78,0.09346,10005.6201188
2025-10-18 03:52:27.391,107057.79,0.04495,4812.247660499999
2025-10-18 03:52:27.422,107062.07,0.08904,9532.8067128
2025-10-18 03:52:27.452,107062.09,0.0002,21.412418
2025-10-18 03:52:27.466,107062.2,0.00201,215.195022
2025-10-18 03:52:27.487,107064.21,0.13979,14966.505915900001
2025-10-18 03:52:27.663,107064.75,6e-05,6.423885
2025-10-18 03:52:27.676,107068.0,6e-05,6.42408
2025-10-18 03:52:27.766,107070.37,0.00023,24.6261851
2025-10-18 03:52:27.797,107070.37,0.00704,753.7754048
2025-10-18 03:52:27.840,107070.38,0.003,321.21114
2025-10-18 03:52:27.867,107070.4,0.0008,85.65632
2025-10-18 03:52:27.967,107072.87,0.00023,24.6267601
2025-10-18 03:52:28.017,107072.88,0.003,321.21864
2025-10-18 03:52:28.391,107077.43,0.09344,10005.315059199998
2025-10-18 03:52:28.847,107077.43,0.00122,130.63446459999997
2025-10-18 03:52:29.635,107077.43,0.09344,10005.315059199998
2025-10-18 03:52:30.283,107077.44,0.00241,258.05663039999996
2025-10-18 03:52:30.571,107077.43,0.09344,10005.315059199998
2025-10-18 03:52:30.585,107077.44,6e-05,6.4246464
2025-10-18 03:52:30.906,107077.44,5e-05,5.353872
2025-10-18 03:52:31.615,107077.44,0.00931,996.8909664000001
2025-10-18 03:52:31.816,107077.43,0.09344,10005.315059199998
2025-10-18 03:52:32.854,107077.43,0.09344,10005.315059199998
2025-10-18 03:52:33.290,107077.43,0.0001,10.707743
2025-10-18 03:52:33.677,107077.44,0.003,321.23232
2025-10-18 03:52:33.774,107077.44,0.025,2676.936
2025-10-18 03:52:33.949,107077.44,0.00028,29.9816832
2025-10-18 03:52:33.986,107077.43,0.09344,10005.315059199998
2025-10-18 03:52:34.045,107077.43,0.0006,64.24645799999999
2025-10-18 03:52:34.094,107077.44,0.02355,2521.6737120000003
2025-10-18 03:52:34.857,107077.44,0.028,2998.16832
2025-10-18 03:52:34.922,107077.43,9e-05,9.6369687
2025-10-18 03:52:35.117,107077.43,0.09344,10005.315059199998
2025-10-18 03:52:35.726,107077.44,0.019,2034.47136
2025-10-18 03:52:35.739,107077.44,0.009,963.69696
2025-10-18 03:52:36.217,107077.43,0.09344,10005.315059199998
2025-10-18 03:52:36.382,107077.44,0.00018,19.2739392
2025-10-18 03:52:36.730,107077.44,0.019,2034.47136
2025-10-18 03:52:36.867,107077.44,0.009,963.69696
2025-10-18 03:52:36.912,107077.44,0.00212,227.0041728
2025-10-18 03:52:37.203,107077.43,0.09344,10005.315059199998
2025-10-18 03:52:38.162,107077.44,0.00141,150.9791904
2025-10-18 03:52:38.238,107077.43,0.09344,10005.315059199998
2025-10-18 03:52:39.175,107077.44,0.02375,2543.0892
2025-10-18 03:52:39.281,107077.43,0.09344,10005.315059199998
2025-10-18 03:52:40.369,107077.43,0.09344,10005.315059199998
2025-10-18 03:52:40.445,107077.44,0.00019,20.344713600000002
2025-10-18 03:52:40.912,107077.43,0.00051,54.6094893
2025-10-18 03:52:40.938,107077.44,0.00467,500.05164479999996
2025-10-18 03:52:41.043,107077.44,0.0002,21.415488
2025-10-18 03:52:41.515,107077.43,0.09344,10005.315059199998
2025-10-18 03:52:42.497,107077.43,0.09344,10005.315059199998
2025-10-18 03:52:43.160,107077.44,0.0004,42.830976
2025-10-18 03:52:43.488,107077.43,0.09344,10005.315059199998
2025-10-18 03:52:43.552,107077.44,0.00017,18.203164800000003
2025-10-18 03:52:44.126,107077.44,0.00084,89.9450496
2025-10-18 03:52:44.475,107077.44,5e-05,5.353872
2025-10-18 03:52:44.717,107077.43,0.09344,10005.315059199998
2025-10-18 03:52:45.082,107077.43,0.12716,13615.965998799998
2025-10-18 03:52:45.083,107077.43,0.28154,30146.5796422
2025-10-18 03:52:45.084,107074.94,0.0075,803.06205
2025-10-18 03:52:45.094,107074.94,0.00105,112.428687
2025-10-18 03:52:45.103,107072.93,0.0001,10.707293
2025-10-18 03:52:45.108,107071.93,0.012,1284.8631599999999
2025-10-18 03:52:45.110,107071.93,0.012,1284.8631599999999
2025-10-18 03:52:45.716,107071.93,0.09345,10005.8718585
2025-10-18 03:52:46.684,107071.94,0.00116,124.20345040000001
2025-10-18 03:52:46.699,107071.93,0.09345,10005.8718585
2025-10-18 03:52:46.740,107071.93,0.09374,10036.9227182
2025-10-18 03:52:47.270,107071.93,0.00731,782.6958083
2025-10-18 03:52:47.555,107071.94,0.05,5353.597000000001
2025-10-18 03:52:47.789,107071.93,0.09345,10005.8718585
2025-10-18 03:52:48.029,107071.93,5e-05,5.3535965
2025-10-18 03:52:48.716,107071.93,0.09345,10005.8718585
2025-10-18 03:52:48.981,107071.94,0.0078,835.161132
2025-10-18 03:52:49.026,107071.94,0.00109,116.70841460000001
2025-10-18 03:52:49.027,107071.94,0.00109,116.70841460000001
2025-10-18 03:52:49.716,107071.93,0.09345,10005.8718585
2025-10-18 03:52:50.168,107071.94,0.002,214.14388
2025-10-18 03:52:50.755,107071.93,0.09345,10005.8718585
2025-10-18 03:52:50.823,107071.94,0.00016,17.131510400000003
2025-10-18 03:52:51.743,107071.93,0.09345,10005.8718585
2025-10-18 03:52:52.834,107071.93,0.09345,10005.8718585
2025-10-18 03:52:53.215,107071.94,0.00093,99.5769042
2025-10-18 03:52:54.027,107071.93,0.04009,4292.513673699999
2025-10-18 03:52:54.074,107071.93,0.05396,5777.6013428
2025-10-18 03:52:55.116,107071.93,0.01256,1344.8234407999998
2025-10-18 03:52:55.165,107071.93,0.04612,4938.1574116
2025-10-18 03:52:55.295,107071.94,0.001,107.07194
2025-10-18 03:52:55.367,107071.94,0.01549,1658.5443506000001
2025-10-18 03:52:55.865,107071.94,0.0006,64.243164
2025-10-18 03:52:56.126,107071.94,0.00109,116.70841460000001
2025-10-18 03:52:56.245,107071.93,0.09345,10005.8718585
2025-10-18 03:52:56.747,107071.94,0.00053,56.7481282
2025-10-18 03:52:57.387,107071.93,0.03305,3538.7272865
2025-10-18 03:52:57.753,107071.93,0.009,963.6473699999999
2025-10-18 03:52:58.353,107071.93,0.00012,12.8486316
2025-10-18 03:52:58.478,107071.93,0.01441,1542.9065113
2025-10-18 03:52:58.479,107071.93,0.00278,297.6599654
2025-10-18 03:52:59.091,107071.92,0.004,428.28768
2025-10-18 03:52:59.092,107071.92,0.004,428.28768
2025-10-18 03:52:59.409,107071.92,0.02942,3150.0558864
2025-10-18 03:52:59.935,107071.92,0.00011,11.7779112
2025-10-18 03:53:00.344,107071.92,0.02184,2338.4507328
2025-10-18 03:53:00.352,107071.93,0.00037,39.6166141
2025-10-18 03:53:00.662,107071.92,0.04414,4726.1545488
2025-10-18 03:53:00.663,107070.35,0.0001,10.707035000000001
2025-10-18 03:53:00.669,107069.22,0.00406,434.70103320000004
2025-10-18 03:53:00.671,107068.68,0.009,963.6181199999999
2025-10-18 03:53:00.673,107068.68,0.009,963.6181199999999
2025-10-18 03:53:00.674,107068.68,0.009,963.6181199999999
2025-10-18 03:53:00.675,107068.68,0.0066,706.653288
2025-10-18 03:53:00.676,107067.65,0.00389,416.49315849999994
2025-10-18 03:53:00.677,107065.88,0.0001,10.706588000000002
2025-10-18 03:53:01.314,107065.52,0.00059,63.16865680000001
2025-10-18 03:53:01.317,107065.52,0.00072,77.08717440000001
2025-10-18 03:53:01.517,107065.51,0.01056,1130.6117855999998
2025-10-18 03:53:01.615,107065.51,0.00228,244.10936279999999
2025-10-18 03:53:01.636,107065.51,7e-05,7.494585699999999
2025-10-18 03:53:01.681,107065.51,0.00019,20.3424469
2025-10-18 03:53:01.732,107065.5,6e-05,6.42393
2025-10-18 03:53:01.859,107065.51,0.00234,250.5332934
2025-10-18 03:53:02.310,107065.51,0.00035,37.472928499999995
2025-10-18 03:53:02.675,107065.5,0.09345,10005.270975000001
2025-10-18 03:53:02.692,107065.51,0.00012,12.8478612
2025-10-18 03:53:02.693,107065.5,0.00329,352.245495
2025-10-18 03:53:02.696,107065.42,0.00095,101.712149
2025-10-18 03:53:02.697,107065.41,5e-05,5.353270500000001
2025-10-18 03:53:02.698,107065.11,0.00025,26.7662775
2025-10-18 03:53:02.703,107064.64,0.00125,133.8308
2025-10-18 03:53:02.706,107064.64,0.0027,289.074528
2025-10-18 03:53:02.918,107064.65,0.00025,26.7661625
2025-10-18 03:53:03.227,107064.64,0.01,1070.6464
2025-10-18 03:53:03.228,107064.64,0.01,1070.6464
2025-10-18 03:53:03.229,107064.64,0.01,1070.6464
2025-10-18 03:53:03.230,107064.64,0.00315,337.253616
2025-10-18 03:53:03.247,107061.5,6e-05,6.423690000000001
2025-10-18 03:53:03.443,107061.23,0.0001,10.706123
2025-10-18 03:53:03.553,107058.12,0.00015,16.058718
2025-10-18 03:53:03.554,107052.24,0.01922,2057.5440528000004
2025-10-18 03:53:03.555,107050.0,0.0002,21.41
2025-10-18 03:53:03.581,107048.03,0.00015,16.057204499999997
2025-10-18 03:53:03.596,107046.17,0.00015,16.0569255
2025-10-18 03:53:03.597,107044.51,0.00015,16.0566765
2025-10-18 03:53:03.736,107044.38,0.00011,11.774881800000001
2025-10-18 03:53:03.756,107044.38,0.09347,10005.4381986
2025-10-18 03:53:04.717,107044.38,7e-05,7.4931066
2025-10-18 03:53:04.760,107044.38,0.01494,1599.2430372000001
2025-10-18 03:53:04.850,107044.39,0.00042,44.958643800000004
2025-10-18 03:53:04.892,107044.38,0.09347,10005.4381986
2025-10-18 03:53:05.027,107044.38,0.01494,1599.2430372000001
2025-10-18 03:53:05.093,107044.38,0.01494,1599.2430372000001
2025-10-18 03:53:05.249,107044.38,0.00335,358.598673
2025-10-18 03:53:05.282,107044.38,0.05204,5570.589535200001
2025-10-18 03:53:05.411,107044.38,0.01159,1240.6443642
2025-10-18 03:53:05.502,107044.38,0.01088,1164.6428544
2025-10-18 03:53:05.543,107044.38,0.00406,434.6001828
2025-10-18 03:53:05.709,107044.38,0.01152,1233.1512576000002
2025-10-18 03:53:05.753,107044.38,0.00342,366.0917796
2025-10-18 03:53:05.932,107044.38,0.09347,10005.4381986
2025-10-18 03:53:06.712,107044.38,0.00018,19.267988400000004
2025-10-18 03:53:06.830,107044.38,0.00904,967.6811951999999
2025-10-18 03:53:06.835,107044.08,0.00216,231.21521280000002
2025-10-18 03:53:06.837,107044.07,0.00075,80.28305250000001
2025-10-18 03:53:06.838,107042.02,0.00015,16.056303
2025-10-18 03:53:06.980,107039.62,0.01869,2000.5704977999997
2025-10-18 03:53:07.017,107039.62,0.09347,10004.993281399999
2025-10-18 03:53:07.034,107039.01,0.0002,21.407802
2025-10-18 03:53:07.267,107038.77,0.00117,125.2353609
2025-10-18 03:53:07.908,107038.77,0.21432,22940.549186400003
2025-10-18 03:53:07.912,107038.77,0.00935,1000.8124995000001
2025-10-18 03:53:07.913,107038.77,0.00935,1000.8124995000001
2025-10-18 03:53:07.915,107039.59,0.00015,16.055938499999996
2025-10-18 03:53:07.924,107039.6,5e-05,5.35198
2025-10-18 03:53:07.926,107039.99,0.00015,16.055998499999998
2025-10-18 03:53:07.927,107040.0,0.0147,1573.488
2025-10-18 03:53:07.933,107039.99,0.00205,219.43197950000004
2025-10-18 03:53:07.955,107049.08,0.00015,16.057361999999998
2025-10-18 03:53:07.959,107049.08,0.00102,109.1900616
2025-10-18 03:53:07.978,107049.09,0.00243,260.12928869999996
2025-10-18 03:53:08.016,107051.08,5e-05,5.3525540000000005
2025-10-18 03:53:08.058,107052.31,0.09346,10005.1088926
2025-10-18 03:53:08.259,107052.31,0.00307,328.65059169999995
2025-10-18 03:53:08.272,107052.31,0.09692,10375.509885200001
2025-10-18 03:53:08.575,107052.32,5e-05,5.352616
2025-10-18 03:53:09.216,107052.31,0.09346,10005.1088926
2025-10-18 03:53:10.217,107052.31,0.09346,10005.1088926
2025-10-18 03:53:10.374,107052.31,0.00069,73.8660939
2025-10-18 03:53:10.517,107052.31,0.0005,53.526155
2025-10-18 03:53:11.417,107052.31,0.09346,10005.1088926
2025-10-18 03:53:12.468,107052.31,0.09346,10005.1088926
2025-10-18 03:53:12.549,107052.32,0.00373,399.3051536
2025-10-18 03:53:12.590,107052.31,0.00011,11.7757541
2025-10-18 03:53:12.919,107052.32,0.00011,11.7757552
2025-10-18 03:53:13.123,107052.51,0.0002,21.410502
2025-10-18 03:53:13.126,107061.0,0.01457,1559.87877
2025-10-18 03:53:13.131,107064.75,6e-05,6.423885
2025-10-18 03:53:13.133,107063.62,0.20182,21607.5797884
2025-10-18 03:53:13.156,107063.62,0.0093,995.6916659999998
2025-10-18 03:53:13.166,107063.62,0.00228,244.1050536
2025-10-18 03:53:13.190,107064.89,0.00938,1004.2686682
2025-10-18 03:53:13.198,107064.89,0.028,2997.81692
2025-10-18 03:53:13.331,107064.88,8e-05,8.5651904
2025-10-18 03:53:13.423,107064.89,5e-05,5.353244500000001
2025-10-18 03:53:13.618,107064.88,0.09345,10005.213036000001
2025-10-18 03:53:14.219,107064.89,0.0185,1980.700465
2025-10-18 03:53:14.486,107064.88,0.00094,100.6409872
2025-10-18 03:53:14.717,107064.88,0.09345,10005.213036000001
2025-10-18 03:53:15.373,107064.89,8e-05,8.565191200000001
2025-10-18 03:53:16.580,107064.88,0.23506,25166.6706928
2025-10-18 03:53:16.632,107064.89,7e-05,7.494542299999999
2025-10-18 03:53:16.871,107064.88,0.00627,671.2967976000001
2025-10-18 03:53:17.329,107064.89,0.00245,262.3089805
2025-10-18 03:53:17.746,107064.89,0.00285,305.13493650000004
2025-10-18 03:53:18.063,107064.89,0.03074,3291.1747186
2025-10-18 03:53:19.691,107064.89,9e-05,9.635840100000001
2025-10-18 03:53:20.139,107064.89,0.00053,56.744391699999994
2025-10-18 03:53:20.217,107064.89,0.00094,100.6409966
2025-10-18 03:53:20.669,107064.89,6e-05,6.4238934
2025-10-18 03:53:22.074,107064.89,0.00509,544.9602901
2025-10-18 03:53:22.710,107064.89,0.0017,182.010313
2025-10-18 03:53:23.055,107064.88,0.09345,10005.213036000001
2025-10-18 03:53:24.016,107064.88,0.09345,10005.213036000001
2025-10-18 03:53:25.030,107064.88,0.09345,10005.213036000001
2025-10-18 03:53:26.017,107064.88,0.09345,10005.213036000001
2025-10-18 03:53:26.898,107064.89,0.00027,28.9075203
2025-10-18 03:53:27.004,107064.88,0.09345,10005.213036000001
2025-10-18 03:53:27.094,107064.89,0.03388,3627.3584732
2025-10-18 03:53:28.043,107064.88,0.09345,10005.213036000001
2025-10-18 03:53:28.781,107064.88,0.012,1284.77856
2025-10-18 03:53:28.791,107064.88,0.012,1284.77856
2025-10-18 03:53:28.818,107064.88,0.01836,1965.7111968000002
2025-10-18 03:53:28.819,107062.39,0.0001,10.706239
2025-10-18 03:53:28.832,107061.92,0.0009,96.355728
2025-10-18 03:53:29.017,107060.6,0.09346,10005.883676000001
2025-10-18 03:53:30.117,107060.6,0.09346,10005.883676000001
2025-10-18 03:53:30.631,107060.61,0.00014,14.988485399999998
2025-10-18 03:53:31.107,107060.61,0.00055,58.8833355
2025-10-18 03:53:31.117,107060.6,0.09346,10005.883676000001
2025-10-18 03:53:32.232,107060.6,0.09346,10005.883676000001
2025-10-18 03:53:32.302,107060.61,0.00234,250.5218274
2025-10-18 03:53:32.403,107060.61,0.00018,19.270909800000002
2025-10-18 03:53:33.275,107060.6,0.09346,10005.883676000001
2025-10-18 03:53:34.259,107060.6,0.09346,10005.883676000001
2025-10-18 03:53:35.385,107060.6,0.09346,10005.883676000001
2025-10-18 03:53:35.460,107060.61,0.0069,738.718209
2025-10-18 03:53:36.491,107060.6,0.09346,10005.883676000001
2025-10-18 03:53:37.370,107060.6,0.001,107.06060000000001
2025-10-18 03:53:37.423,107060.6,0.09346,10005.883676000001
2025-10-18 03:53:37.586,107060.61,0.00301,322.2524361
2025-10-18 03:53:37.719,107060.6,0.0001,10.70606
2025-10-18 03:53:37.733,107060.6,0.00011,11.776666
2025-10-18 03:53:38.614,107060.6,0.09345,10004.813070000002
2025-10-18 03:53:38.694,107060.61,0.05461,5846.5799121
2025-10-18 03:53:38.992,107060.61,0.00871,932.4979131000001
2025-10-18 03:53:39.071,107060.61,0.00081,86.71909409999999
2025-10-18 03:53:39.280,107060.61,0.00081,86.71909409999999
2025-10-18 03:53:39.640,107060.61,0.0003,32.118182999999995
2025-10-18 03:53:39.759,107060.6,0.09345,10004.813070000002
2025-10-18 03:53:40.070,107060.6,0.0003,32.11818
2025-10-18 03:53:40.141,107060.61,0.02304,2466.6764544000002
2025-10-18 03:53:40.150,107060.61,0.0035,374.712135
2025-10-18 03:53:40.816,107060.6,0.09345,10004.813070000002
2025-10-18 03:53:41.042,107060.6,0.00132,141.319992
2025-10-18 03:53:41.262,107060.61,0.00011,11.776667100000001
2025-10-18 03:53:41.816,107060.6,0.09345,10004.813070000002
2025-10-18 03:53:41.876,107060.6,0.00042,44.965452000000006
2025-10-18 03:53:42.001,107060.6,0.00082,87.789692
2025-10-18 03:53:42.002,107060.6,0.00082,87.789692
2025-10-18 03:53:42.003,107060.6,0.00082,87.789692
2025-10-18 03:53:42.006,107060.6,0.0027,289.06362
2025-10-18 03:53:42.007,107060.6,0.00185,198.06211000000002
2025-10-18 03:53:42.008,107060.6,0.0023,246.23938
2025-10-18 03:53:42.765,107060.6,0.09345,10004.813070000002
2025-10-18 03:53:42.832,107060.6,0.0001,10.70606
2025-10-18 03:53:42.964,107060.6,0.012,1284.7272
2025-10-18 03:53:42.965,107060.6,0.012,1284.7272
2025-10-18 03:53:43.750,107060.6,0.09345,10004.813070000002
2025-10-18 03:53:43.970,107060.61,0.00021,22.482728100000003
2025-10-18 03:53:44.118,107060.61,0.00094,100.6369734
2025-10-18 03:53:44.844,107060.6,0.09345,10004.813070000002
2025-10-18 03:53:44.949,107060.61,0.00055,58.8833355
2025-10-18 03:53:45.151,107060.61,0.0002,21.412122
2025-10-18 03:53:45.816,107060.6,0.09345,10004.813070000002
2025-10-18 03:53:46.003,107060.6,0.00028,29.976968
2025-10-18 03:53:46.417,107060.6,0.00012,12.847272
2025-10-18 03:53:46.922,107060.6,0.07222,7731.916532000001
2025-10-18 03:53:47.185,107060.0,5e-05,5.353000000000001
2025-10-18 03:53:47.187,107059.83,0.0001,10.705983
2025-10-18 03:53:47.190,107059.05,0.0002,21.411810000000003
2025-10-18 03:53:47.202,107058.46,0.006,642.35076
2025-10-18 03:53:47.209,107058.46,0.00156,167.0111976
2025-10-18 03:53:47.212,107058.29,0.00015,16.0587435
2025-10-18 03:53:47.216,107054.92,0.02833,3032.8658836
2025-10-18 03:53:47.229,107049.9,0.00124,132.741876
2025-10-18 03:53:47.230,107049.9,0.006,642.2994
2025-10-18 03:53:47.235,107049.9,0.00458,490.28854199999995
2025-10-18 03:53:47.237,107049.53,0.0226,2419.3193779999997
2025-10-18 03:53:47.917,107049.53,0.09346,10004.8490738
2025-10-18 03:53:48.591,107049.53,0.00012,12.8459436
2025-10-18 03:53:48.938,107049.53,0.09346,10004.8490738
2025-10-18 03:53:49.235,107049.54,0.0009,96.34458599999999
2025-10-18 03:53:49.872,107049.53,0.012,1284.59436
2025-10-18 03:53:49.873,107049.53,0.012,1284.59436
2025-10-18 03:53:49.875,107049.53,0.00892,954.8818076000001
2025-10-18 03:53:49.904,107049.53,0.05205,5571.9280364999995
2025-10-18 03:53:49.917,107049.52,0.00175,187.33666000000002
2025-10-18 03:53:50.017,107049.36,0.00131,140.2346616
2025-10-18 03:53:50.019,107049.36,0.0005,53.524680000000004
2025-10-18 03:53:50.060,107048.45,0.0001,10.704845
2025-10-18 03:53:50.075,107047.31,0.01655,1771.6329804999998
2025-10-18 03:53:50.076,107044.52,0.03383,3621.3161116
2025-10-18 03:53:50.078,107041.15,5e-05,5.3520575
2025-10-18 03:53:50.083,107041.0,0.0002,21.4082
2025-10-18 03:53:50.085,107040.74,0.0002,21.408148
2025-10-18 03:53:50.089,107040.0,5e-05,5.352
2025-10-18 03:53:50.108,107039.65,0.00075,80.2797375
2025-10-18 03:53:50.113,107039.21,0.00235,251.54214350000004
2025-10-18 03:53:50.130,107039.2,0.00468,500.943456
2025-10-18 03:53:50.147,107038.65,0.0003,32.111594999999994
2025-10-18 03:53:50.148,107037.99,0.0002,21.407598000000004
2025-10-18 03:53:50.202,107037.82,0.00095,101.685929
2025-10-18 03:53:50.215,107037.81,0.0017,181.96427699999998
2025-10-18 03:53:50.221,107036.29,0.00029,31.0405241
2025-10-18 03:53:50.315,107036.28,0.00095,101.684466
2025-10-18 03:53:50.525,107036.01,0.00029,31.0404429
2025-10-18 03:53:50.579,107036.01,9e-05,9.6332409
2025-10-18 03:53:51.106,107036.0,0.0059,631.5124
2025-10-18 03:53:51.108,107036.0,0.00039,41.74404
2025-10-18 03:53:51.229,107034.01,0.00046,49.2356446
2025-10-18 03:53:51.300,107034.01,0.01,1070.3401
2025-10-18 03:53:51.326,107034.01,0.00046,49.2356446
2025-10-18 03:53:51.475,107034.01,0.00109,116.6670709
2025-10-18 03:53:52.116,107034.0,0.09348,10005.53832
2025-10-18 03:53:53.216,107034.0,0.09348,10005.53832
2025-10-18 03:53:53.321,107034.01,0.02998,3208.8796198
2025-10-18 03:53:53.930,107034.01,0.00403,431.34706029999995
2025-10-18 03:53:54.316,107034.0,0.09348,10005.53832
2025-10-18 03:53:54.592,107034.01,9e-05,9.6330609
2025-10-18 03:53:55.091,107034.0,0.00085,90.9789
2025-10-18 03:53:55.186,107034.01,0.00187,200.15359869999997
2025-10-18 03:53:55.259,107034.0,0.09348,10005.53832
2025-10-18 03:53:55.323,107034.01,0.00023,24.6178223
2025-10-18 03:53:55.740,107034.01,0.00466,498.7784866
2025-10-18 03:53:55.835,107034.01,0.00691,739.6050091
2025-10-18 03:53:55.905,107034.01,0.028,2996.95228
2025-10-18 03:53:56.077,107034.01,0.00012,12.8440812
2025-10-18 03:53:56.236,107034.0,0.09348,10005.53832
2025-10-18 03:53:56.547,107034.0,0.00425,454.89450000000005
2025-10-18 03:53:57.167,107034.0,0.09348,10005.53832
2025-10-18 03:53:57.256,107034.01,0.00278,297.55454779999997
2025-10-18 03:53:57.503,107034.01,0.00136,145.5662536
2025-10-18 03:53:57.588,107034.0,0.00011,11.77374
2025-10-18 03:53:58.359,107034.0,0.09348,10005.53832
2025-10-18 03:53:58.519,107034.01,0.00028,29.969522799999996
2025-10-18 03:53:59.256,107034.01,0.00303,324.3130503
2025-10-18 03:53:59.390,107034.0,0.00346,370.33764
2025-10-18 03:53:59.400,107034.0,0.09348,10005.53832
2025-10-18 03:53:59.880,107034.0,0.0084,899.0856
2025-10-18 03:54:00.172,107034.01,0.00077,82.4161877
2025-10-18 03:54:00.174,107034.01,0.01,1070.3401
2025-10-18 03:54:00.543,107034.0,0.09348,10005.53832
2025-10-18 03:54:00.737,107034.0,0.0028,299.6952
2025-10-18 03:54:01.426,107034.01,0.08741,9355.8428141
2025-10-18 03:54:01.427,107034.01,0.00656,702.1431055999999
2025-10-18 03:54:01.428,107034.01,0.23711,25378.834111099997
2025-10-18 03:54:01.429,107034.01,0.0116,1241.5945159999999
2025-10-18 03:54:01.432,107034.01,0.01575,1685.7856574999998
2025-10-18 03:54:01.433,107034.01,0.03708,3968.8210908
2025-10-18 03:54:01.436,107034.01,0.01646,1761.7798045999998
2025-10-18 03:54:01.439,107034.11,0.0002,21.406822000000002
2025-10-18 03:54:01.447,107040.27,0.00015,16.056040499999998
2025-10-18 03:54:01.464,107040.29,0.00404,432.4427716
2025-10-18 03:54:01.476,107041.14,0.0003,32.112342
2025-10-18 03:54:01.517,107041.14,0.0026,278.306964
2025-10-18 03:54:01.522,107041.16,0.0001,10.704116
2025-10-18 03:54:01.524,107041.16,0.0003,32.112348
2025-10-18 03:54:01.618,107045.35,0.09347,10005.5288645
2025-10-18 03:54:01.644,107045.36,0.00059,63.156762400000005
2025-10-18 03:54:02.183,107045.35,0.00175,187.3293625
2025-10-18 03:54:02.639,107045.35,0.09347,10005.5288645
2025-10-18 03:54:03.279,107045.35,0.01446,1547.8757610000002
2025-10-18 03:54:03.287,107045.35,0.02892,3095.7515220000005
2025-10-18 03:54:03.289,107045.35,0.36045,38584.4964075
2025-10-18 03:54:03.291,107045.35,0.0084,899.18094
2025-10-18 03:54:03.292,107045.35,0.05505,5892.8465175
2025-10-18 03:54:03.294,107045.35,0.2144,22950.523040000004
2025-10-18 03:54:03.299,107045.35,0.0084,899.18094
2025-10-18 03:54:03.305,107045.35,0.01446,1547.8757610000002
2025-10-18 03:54:03.309,107045.35,0.02892,3095.7515220000005
2025-10-18 03:54:03.312,107045.35,0.00479,512.7472265
2025-10-18 03:54:03.318,107045.35,0.01446,1547.8757610000002
2025-10-18 03:54:03.362,107045.3,0.02027,2169.808231
2025-10-18 03:54:03.364,107045.3,0.02293,2454.548729
2025-10-18 03:54:03.365,107045.3,0.007,749.3171
2025-10-18 03:54:03.372,107045.19,0.0001,10.704519000000001
2025-10-18 03:54:03.451,107042.76,5e-05,5.352138
2025-10-18 03:54:03.461,107043.62,0.0001,10.704362
2025-10-18 03:54:03.500,107042.69,0.0001,10.704269
2025-10-18 03:54:03.585,107041.14,0.00065,69.576741
2025-10-18 03:54:03.648,107039.83,0.00015,16.055974499999998
2025-10-18 03:54:03.888,107039.82,0.03542,3791.3504244
2025-10-18 03:54:03.941,107039.82,0.00315,337.175433
2025-10-18 03:54:03.942,107039.69,0.00472,505.22733680000005
2025-10-18 03:54:04.740,107039.7,0.00012,12.844764
2025-10-18 03:54:04.867,107039.69,0.09347,10004.9998243
2025-10-18 03:54:04.919,107039.69,0.00046,49.2382574
2025-10-18 03:54:05.134,107039.7,0.0352,3767.7974400000003
2025-10-18 03:54:05.355,107039.7,0.00012,12.844764
2025-10-18 03:54:05.411,107039.69,0.11938,12778.3981922
2025-10-18 03:54:06.017,107039.69,0.09347,10004.9998243
2025-10-18 03:54:06.385,107039.7,0.00945,1011.525165
2025-10-18 03:54:06.931,107039.69,0.04116,4405.7536404
2025-10-18 03:54:07.039,107039.69,0.09347,10004.9998243
2025-10-18 03:54:07.159,107039.7,0.00065,69.57580499999999
2025-10-18 03:54:07.309,107039.7,0.028,2997.1116
2025-10-18 03:54:07.456,107039.7,0.00934,999.7507979999999
2025-10-18 03:54:07.532,107039.69,0.0003,32.111906999999995
2025-10-18 03:54:07.933,107039.7,0.00013,13.915160999999998
2025-10-18 03:54:08.236,107039.69,0.09347,10004.9998243
2025-10-18 03:54:08.577,107039.69,0.10797,11557.0753293
2025-10-18 03:54:09.275,107039.69,0.09347,10004.9998243
2025-10-18 03:54:10.315,107039.69,0.09347,10004.9998243
2025-10-18 03:54:10.618,107039.7,0.00017,18.196749
2025-10-18 03:54:11.454,107039.69,0.09347,10004.9998243
2025-10-18 03:54:11.862,107039.69,0.012,1284.47628
2025-10-18 03:54:11.863,107039.69,0.012,1284.47628
2025-10-18 03:54:12.492,107039.69,0.09347,10004.9998243
2025-10-18 03:54:13.457,107039.69,0.09347,10004.9998243
2025-10-18 03:54:14.085,107039.69,0.012,1284.47628
2025-10-18 03:54:14.086,107039.69,0.012,1284.47628
2025-10-18 03:54:14.432,107039.69,0.2698,28879.308362
2025-10-18 03:54:14.434,107039.68,0.0009,96.33571199999999
2025-10-18 03:54:14.447,107039.67,0.00165,176.6154555
2025-10-18 03:54:14.485,107034.64,0.0001,10.703464
2025-10-18 03:54:14.487,107034.14,0.0001,10.703414
2025-10-18 03:54:14.559,107034.0,0.05872,6285.03648
2025-10-18 03:54:14.676,107034.01,0.00258,276.1477458
2025-10-18 03:54:14.765,107034.0,0.02258,2416.8277199999998
2025-10-18 03:54:14.816,107034.01,0.00112,119.87809119999999
2025-10-18 03:54:15.432,107034.01,0.00115,123.08911149999999
2025-10-18 03:54:15.437,107034.01,0.00068,72.7831268
2025-10-18 03:54:15.917,107034.0,0.02568,2748.63312
2025-10-18 03:54:16.937,107034.0,0.02031,2173.86054
2025-10-18 03:54:17.081,107034.01,0.0001,10.703401
2025-10-18 03:54:17.124,107034.01,0.00187,200.15359869999997
2025-10-18 03:54:17.217,107034.01,0.00027,28.899182699999997
2025-10-18 03:54:17.237,107034.01,0.0001,10.703401
2025-10-18 03:54:17.312,107034.01,0.0001,10.703401
2025-10-18 03:54:17.410,107034.01,0.0001,10.703401
2025-10-18 03:54:17.417,107034.01,0.0001,10.703401
2025-10-18 03:54:17.418,107034.01,0.00167,178.7467967
2025-10-18 03:54:17.790,107034.01,0.0001,10.703401
2025-10-18 03:54:17.890,107034.01,0.0001,10.703401
2025-10-18 03:54:17.907,107034.01,0.00022,23.5474822
2025-10-18 03:54:18.016,107034.0,0.09349,10006.60866
2025-10-18 03:54:18.076,107034.01,6e-05,6.4220406
2025-10-18 03:54:18.175,107034.01,0.00046,49.2356446
2025-10-18 03:54:18.182,107034.01,0.00038,40.6729238
2025-10-18 03:54:18.641,107034.0,0.00017,18.195780000000003
2025-10-18 03:54:18.810,107034.01,0.00015,16.0551015
2025-10-18 03:54:18.934,107034.01,0.00057,61.009385699999996
2025-10-18 03:54:19.117,107034.0,0.09349,10006.60866
2025-10-18 03:54:19.123,107034.01,0.00109,116.6670709
2025-10-18 03:54:19.139,107034.01,0.0001,10.703401
2025-10-18 03:54:19.170,107034.01,0.00029,31.0398629
2025-10-18 03:54:19.229,107034.0,0.00015,16.0551
2025-10-18 03:54:19.484,107030.39,0.06913,7399.010860699999
2025-10-18 03:54:19.485,107029.0,0.03006,3217.29174
2025-10-18 03:54:19.486,107029.0,0.00015,16.05435
2025-10-18 03:54:19.487,107026.17,5e-05,5.3513085
2025-10-18 03:54:19.488,107026.0,0.00152,162.67952
2025-10-18 03:54:19.490,107026.12,0.03089,3306.0368468
2025-10-18 03:54:19.491,107026.11,6e-05,6.4215666
2025-10-18 03:54:19.492,107025.75,6e-05,6.421545
2025-10-18 03:54:19.493,107025.75,0.00013,13.913347499999999
2025-10-18 03:54:19.501,107025.74,0.00433,463.42145419999997
2025-10-18 03:54:19.502,107023.5,0.00015,16.053524999999997
2025-10-18 03:54:19.508,107023.49,0.006,642.14094
2025-10-18 03:54:19.522,107023.49,0.0026,278.261074
2025-10-18 03:54:19.565,107023.48,0.002,214.04695999999998
2025-10-18 03:54:20.027,107023.48,0.00018,19.264226400000002
2025-10-18 03:54:20.096,107023.49,0.00116,124.14724840000001
2025-10-18 03:54:20.202,107023.48,0.09349,10005.6251452
2025-10-18 03:54:21.189,107023.48,0.09349,10005.6251452
2025-10-18 03:54:21.689,107023.48,0.0005,53.511739999999996
2025-10-18 03:54:22.051,107023.48,0.00118,126.2877064
2025-10-18 03:54:22.282,107023.48,0.09349,10005.6251452
2025-10-18 03:54:22.625,107023.49,0.00747,799.4654703
2025-10-18 03:54:22.692,107023.49,0.00038,40.6689262
2025-10-18 03:54:22.720,107023.49,0.0001,10.702349000000002
2025-10-18 03:54:22.834,107023.49,0.00024,25.685637600000003
2025-10-18 03:54:22.870,107023.49,0.00011,11.7725839
2025-10-18 03:54:22.956,107023.49,0.001,107.02349000000001
2025-10-18 03:54:23.316,107023.48,0.09349,10005.6251452
2025-10-18 03:54:23.625,107023.49,0.00015,16.0535235
2025-10-18 03:54:23.972,107023.49,0.027,2889.63423
2025-10-18 03:54:24.417,107023.48,0.09349,10005.6251452
2025-10-18 03:54:24.531,107023.49,0.0132,1412.710068
2025-10-18 03:54:24.808,107023.49,0.00025,26.755872500000002
2025-10-18 03:54:24.882,107023.49,0.00076,81.3378524
2025-10-18 03:54:25.181,107023.49,0.028,2996.65772
2025-10-18 03:54:25.417,107023.48,0.09349,10005.6251452
2025-10-18 03:54:25.420,107023.49,0.00037,39.5986913
2025-10-18 03:54:25.522,107023.49,0.00263,281.4717787
2025-10-18 03:54:26.616,107023.48,0.09349,10005.6251452
2025-10-18 03:54:27.527,107023.48,0.09349,10005.6251452
2025-10-18 03:54:28.119,107023.49,0.00013,13.913053699999999
2025-10-18 03:54:28.525,107023.48,0.00014,14.983287199999998
2025-10-18 03:54:28.617,107023.48,0.09349,10005.6251452
2025-10-18 03:54:29.613,107023.49,0.01355,1450.1682895000001
2025-10-18 03:54:29.707,107023.48,0.09349,10005.6251452
2025-10-18 03:54:30.236,107023.48,0.1,10702.348
2025-10-18 03:54:30.310,107023.49,0.00019,20.3344631
2025-10-18 03:54:30.558,107023.48,0.06173,6606.5594204
2025-10-18 03:54:30.694,107023.48,0.09349,10005.6251452
2025-10-18 03:54:30.804,107023.49,7e-05,7.4916443
2025-10-18 03:54:31.076,107023.49,0.00016,17.123758400000003
2025-10-18 03:54:31.093,107023.48,0.29057,31097.8125836
2025-10-18 03:54:31.560,107023.48,0.00938,1003.8802423999999
2025-10-18 03:54:31.750,107023.48,0.09349,10005.6251452
2025-10-18 03:54:31.761,107023.49,0.00015,16.0535235
2025-10-18 03:54:32.753,107023.48,0.09349,10005.6251452
2025-10-18 03:54:33.699,107023.49,0.00038,40.6689262
2025-10-18 03:54:33.812,107023.48,0.09349,10005.6251452
2025-10-18 03:54:34.117,107023.49,0.00038,40.6689262
2025-10-18 03:54:34.569,107023.49,0.00161,172.30781890000003
2025-10-18 03:54:34.851,107023.48,0.09349,10005.6251452
2025-10-18 03:54:35.268,107023.49,0.00011,11.7725839
2025-10-18 03:54:35.817,107023.48,0.09349,10005.6251452
2025-10-18 03:54:36.056,107023.49,0.00941,1007.0910409
2025-10-18 03:54:36.393,107023.48,0.00041,43.8796268
2025-10-18 03:54:36.405,107023.61,0.0001,10.702361
2025-10-18 03:54:36.406,107026.75,5e-05,5.3513375000000005
2025-10-18 03:54:36.409,107027.49,0.00075,80.2706175
2025-10-18 03:54:36.412,107027.92,0.0172,1840.880224
2025-10-18 03:54:36.414,107027.49,0.00282,301.8175218
2025-10-18 03:54:36.416,107032.25,6e-05,6.421935
2025-10-18 03:54:36.420,107029.91,0.17061,18260.372945100004
2025-10-18 03:54:36.442,107029.91,0.00451,482.70489410000005
2025-10-18 03:54:36.451,107029.91,0.0008,85.623928
2025-10-18 03:54:36.453,107029.92,0.0009,96.326928
2025-10-18 03:54:36.459,107033.46,0.00015,16.055018999999998
2025-10-18 03:54:36.461,107033.94,0.00071,75.9940974
2025-10-18 03:54:36.463,107033.95,0.028,2996.9506
2025-10-18 03:54:36.466,107033.95,0.00934,999.6970929999999
2025-10-18 03:54:36.475,107033.95,0.00375,401.37731249999996
2025-10-18 03:54:36.481,107033.95,0.0011,117.737345
2025-10-18 03:54:36.502,107035.5,6e-05,6.42213
2025-10-18 03:54:36.505,107036.32,0.00025,26.75908
2025-10-18 03:54:36.520,107036.35,0.0002,21.40727
2025-10-18 03:54:36.563,107038.9,0.00062,66.36411799999999
2025-10-18 03:54:36.861,107038.89,0.09347,10004.9250483
2025-10-18 03:54:37.188,107038.9,0.00803,859.522367
2025-10-18 03:54:37.813,107038.9,0.00018,19.267002
2025-10-18 03:54:37.999,107038.9,0.00439,469.90077099999996
2025-10-18 03:54:38.003,107038.89,0.09347,10004.9250483
2025-10-18 03:54:38.583,107038.9,0.0031,331.82059
2025-10-18 03:54:39.039,107038.89,0.09347,10004.9250483
2025-10-18 03:54:39.509,107038.89,0.00112,119.8835568
2025-10-18 03:54:39.560,107038.89,0.00095,101.6869455
2025-10-18 03:54:39.617,107038.9,0.0001,10.70389
2025-10-18 03:54:39.901,107038.89,7e-05,7.4927223
2025-10-18 03:54:40.051,107038.9,0.00935,1000.813715
2025-10-18 03:54:40.079,107038.89,0.09347,10004.9250483
2025-10-18 03:54:40.568,107038.89,0.00938,1004.0247882
2025-10-18 03:54:40.872,107038.89,0.00149,159.4879461
2025-10-18 03:54:41.218,107038.89,0.09347,10004.9250483
2025-10-18 03:54:41.514,107038.9,0.52599,56301.39101099999
2025-10-18 03:54:41.515,107041.22,0.0001,10.704122
2025-10-18 03:54:41.516,107045.32,0.00506,541.6493192
2025-10-18 03:54:41.518,107045.32,0.00054,57.804472800000006
2025-10-18 03:54:41.520,107047.84,5e-05,5.352392
2025-10-18 03:54:41.530,107049.6,6e-05,6.422976
2025-10-18 03:54:41.531,107049.6,0.02,2140.992
2025-10-18 03:54:41.543,107049.6,0.01637,1752.401952
2025-10-18 03:54:41.545,107049.6,0.00231,247.28457600000002
2025-10-18 03:54:41.574,107049.6,0.00934,999.843264
2025-10-18 03:54:41.609,107049.6,0.028,2997.3888
2025-10-18 03:54:41.679,107049.6,0.01495,1600.3915200000001
2025-10-18 03:54:41.681,107049.6,0.01495,1600.3915200000001
2025-10-18 03:54:41.833,107049.6,0.0007,74.93472
2025-10-18 03:54:41.836,107050.0,0.00164,175.56199999999998
2025-10-18 03:54:41.837,107050.0,0.00065,69.5825
2025-10-18 03:54:41.843,107054.96,0.00192,205.54552320000002
2025-10-18 03:54:41.852,107054.96,0.00069,73.8679224
2025-10-18 03:54:41.853,107066.29,0.0001,10.706629
2025-10-18 03:54:41.859,107073.92,0.00934,1000.0704127999999
2025-10-18 03:54:41.869,107073.92,0.02,2141.4784
2025-10-18 03:54:41.928,107073.91,0.02978,3188.6610398000003
2025-10-18 03:54:41.953,107073.92,0.00934,1000.0704127999999
2025-10-18 03:54:41.973,107075.41,0.0001,10.707541
2025-10-18 03:54:42.078,107078.81,0.00375,401.54553749999997
2025-10-18 03:54:42.248,107078.8,0.09344,10005.443072
2025-10-18 03:54:42.364,107078.81,0.019,2034.49739
2025-10-18 03:54:43.417,107078.8,0.09344,10005.443072
2025-10-18 03:54:43.710,107078.81,0.00934,1000.1160853999999
2025-10-18 03:54:43.715,107078.81,0.02,2141.5762
2025-10-18 03:54:44.159,107078.8,0.01142,1222.839896
2025-10-18 03:54:44.417,107078.8,0.09344,10005.443072
2025-10-18 03:54:44.469,107078.81,0.00093,99.58329330000001
2025-10-18 03:54:44.837,107078.8,0.00934,1000.115992
2025-10-18 03:54:45.607,107078.8,0.09344,10005.443072
2025-10-18 03:54:45.835,107078.8,0.00398,426.173624
2025-10-18 03:54:45.877,107078.8,0.00037,39.619156000000004
2025-10-18 03:54:46.517,107078.8,0.09344,10005.443072
2025-10-18 03:54:47.063,107078.81,8e-05,8.566304800000001
2025-10-18 03:54:47.509,107078.8,0.00501,536.464788
2025-10-18 03:54:47.516,107078.8,0.09344,10005.443072
2025-10-18 03:54:47.853,107078.81,0.00691,739.9145771
2025-10-18 03:54:47.990,107078.8,8e-05,8.566304
2025-10-18 03:54:48.610,107078.8,0.09344,10005.443072
2025-10-18 03:54:48.649,107078.81,0.01495,1600.8282095
2025-10-18 03:54:48.808,107078.81,0.01495,1600.8282095
2025-10-18 03:54:49.118,107078.81,0.00019,20.3449739
2025-10-18 03:54:49.598,107078.8,0.09344,10005.443072
2025-10-18 03:54:49.869,107078.8,7e-05,7.495515999999999
2025-10-18 03:54:50.058,107078.81,0.01,1070.7881
2025-10-18 03:54:50.319,107078.81,0.00054,57.8225574
2025-10-18 03:54:50.517,107078.8,0.09344,10005.443072
2025-10-18 03:54:51.248,107078.81,0.01,1070.7881
2025-10-18 03:54:51.731,107078.8,0.09344,10005.443072
2025-10-18 03:54:52.378,107078.81,0.00029,31.0528549
2025-10-18 03:54:52.389,107078.81,0.03256,3486.4860535999997
2025-10-18 03:54:52.819,107078.8,0.09344,10005.443072
2025-10-18 03:54:53.568,107078.8,9e-05,9.637092
2025-10-18 03:54:53.834,107078.8,0.09344,10005.443072
2025-10-18 03:54:53.954,107078.81,0.0002,21.415762
2025-10-18 03:54:54.752,107078.81,9e-05,9.6370929
2025-10-18 03:54:54.999,107078.8,0.09343,10004.372284000001
2025-10-18 03:54:55.819,107078.81,0.00093,99.58329330000001
2025-10-18 03:54:55.892,107078.81,0.005,535.39405
2025-10-18 03:54:56.040,107078.8,0.09343,10004.372284000001
2025-10-18 03:54:56.490,107078.81,0.00362,387.6252922
2025-10-18 03:54:56.719,107078.81,0.01,1070.7881
2025-10-18 03:54:57.116,107078.8,0.09343,10004.372284000001
2025-10-18 03:54:58.274,107081.0,5e-05,5.35405
2025-10-18 03:54:58.276,107086.11,5e-05,5.354305500000001
2025-10-18 03:54:58.299,107088.0,0.002,214.17600000000002
2025-10-18 03:54:58.300,107090.0,0.002,214.18
2025-10-18 03:54:58.301,107091.54,0.00934,1000.2349835999999
2025-10-18 03:54:58.302,107091.54,0.00934,1000.2349835999999
2025-10-18 03:54:58.325,107091.54,0.24883,26647.5878982
2025-10-18 03:54:58.328,107091.53,0.09343,10005.5616479
2025-10-18 03:54:58.340,107091.54,0.01458,1561.3946531999998
2025-10-18 03:54:58.402,107091.54,0.00934,1000.2349835999999
2025-10-18 03:54:58.628,107091.54,0.00201,215.2539954
2025-10-18 03:54:58.731,107091.62,0.01495,1601.019719
2025-10-18 03:54:58.832,107091.61,0.001,107.09161
2025-10-18 03:54:59.269,107091.62,0.00038,40.6948156
2025-10-18 03:54:59.362,107091.61,0.09343,10005.5691223
2025-10-18 03:54:59.651,107091.62,0.00024,25.7019888
2025-10-18 03:55:00.112,107091.62,0.00933,999.1648145999999
2025-10-18 03:55:00.339,107091.61,0.09342,10004.4982062
2025-10-18 03:55:00.415,107096.0,0.00149,159.57304
2025-10-18 03:55:00.692,107096.0,0.0001,10.7096
2025-10-18 03:55:00.951,107095.99,0.00134,143.5086266
2025-10-18 03:55:01.421,107098.01,0.0002,21.419602
2025-10-18 03:55:01.423,107099.98,0.09342,10005.2801316
2025-10-18 03:55:01.522,107099.99,0.00541,579.4109459
2025-10-18 03:55:01.531,107103.23,6e-05,6.4261938
2025-10-18 03:55:01.532,107106.43,5e-05,5.3553215
2025-10-18 03:55:01.547,107107.92,0.00101,108.1789992
2025-10-18 03:55:01.598,107107.92,2.41118,258256.47454559998
2025-10-18 03:55:01.602,107107.92,1.56868,168018.05194560002
2025-10-18 03:55:01.609,107107.93,0.0005,53.553965
2025-10-18 03:55:01.610,107109.49,8e-05,8.5687592
2025-10-18 03:55:01.617,107109.92,0.0001,10.710992000000001
2025-10-18 03:55:01.626,107110.13,0.00038,40.70184940000001
2025-10-18 03:55:01.640,107110.13,0.00112,119.9633456
2025-10-18 03:55:01.686,107112.0,0.00833,892.24296
2025-10-18 03:55:01.694,107112.0,0.00933,999.35496
2025-10-18 03:55:01.706,107112.0,0.01,1071.1200000000001
2025-10-18 03:55:01.711,107112.0,0.0018,192.8016
2025-10-18 03:55:01.712,107112.0,0.00314,336.33168
2025-10-18 03:55:01.746,107112.0,6e-05,6.42672
2025-10-18 03:55:02.015,107114.01,0.0002,21.422802
2025-10-18 03:55:02.658,107115.97,0.0934,10004.631598
2025-10-18 03:55:02.662,107115.98,0.0094,1006.890212
2025-10-18 03:55:02.712,107115.98,0.00018,19.2808764
2025-10-18 03:55:03.787,107115.97,0.0934,10004.631598
2025-10-18 03:55:04.190,107115.97,0.00371,397.4002487
2025-10-18 03:55:04.251,107115.97,0.00021,22.4943537
2025-10-18 03:55:04.276,107115.98,0.00012,12.853917599999999
2025-10-18 03:55:04.823,107115.97,0.0934,10004.631598
2025-10-18 03:55:05.119,107115.98,7e-05,7.498118599999999
2025-10-18 03:55:05.427,107115.97,7e-05,7.4981179
2025-10-18 03:55:05.964,107115.97,0.0934,10004.631598
2025-10-18 03:55:06.066,107115.98,0.00023,24.6366754
2025-10-18 03:55:06.932,107115.97,0.00237,253.86484890000003
2025-10-18 03:55:07.005,107120.0,0.01274,1364.7087999999999
2025-10-18 03:55:07.017,107119.99,0.0934,10005.007066
2025-10-18 03:55:07.700,107119.99,0.00115,123.1879885
2025-10-18 03:55:07.875,107119.99,0.0095,1017.639905
2025-10-18 03:55:07.955,107120.0,0.028,2999.36
2025-10-18 03:55:08.039,107119.99,0.0934,10005.007066
2025-10-18 03:55:08.121,107120.0,0.00016,17.139200000000002
2025-10-18 03:55:08.242,107120.0,0.01494,1600.3728
2025-10-18 03:55:08.500,107120.0,0.01494,1600.3728
2025-10-18 03:55:09.036,107120.0,0.016,1713.92
2025-10-18 03:55:09.061,107120.0,0.012,1285.44
2025-10-18 03:55:09.117,107119.99,0.0934,10005.007066
2025-10-18 03:55:10.117,107119.99,0.0934,10005.007066
2025-10-18 03:55:10.754,107120.0,0.00466,499.1792
2025-10-18 03:55:11.197,107119.99,0.0934,10005.007066
2025-10-18 03:55:11.295,107119.99,0.00331,354.5671669
2025-10-18 03:55:11.822,107120.0,0.00017,18.2104
2025-10-18 03:55:11.850,107120.0,0.0001,10.712
2025-10-18 03:55:12.237,107119.99,0.0934,10005.007066
2025-10-18 03:55:12.251,107119.99,0.00028,29.9935972
2025-10-18 03:55:12.286,107120.0,0.028,2999.36
2025-10-18 03:55:13.332,107119.99,0.0934,10005.007066
2025-10-18 03:55:14.925,107119.99,0.0003,32.135996999999996
2025-10-18 03:55:15.321,107120.0,0.00147,157.4664
2025-10-18 03:55:15.359,107119.99,0.00072,77.1263928
2025-10-18 03:55:17.323,107120.0,0.028,2999.36
2025-10-18 03:55:17.565,107120.0,0.00108,115.6896
2025-10-18 03:55:17.882,107119.99,0.00337,360.9943663
2025-10-18 03:55:18.144,107120.0,0.00025,26.78
2025-10-18 03:55:19.324,107119.99,0.00017,18.2103983
2025-10-18 03:55:19.417,107120.0,0.00047,50.346399999999996
2025-10-18 03:55:19.518,107120.0,0.00933,999.4295999999999
2025-10-18 03:55:20.218,107120.0,0.00019,20.352800000000002
2025-10-18 03:55:20.842,107119.99,0.012,1285.4398800000001
2025-10-18 03:55:20.844,107119.99,0.012,1285.4398800000001
2025-10-18 03:55:21.568,107120.0,0.028,2999.36
2025-10-18 03:55:21.875,107120.0,0.00047,50.346399999999996
2025-10-18 03:55:22.231,107119.99,0.09335,9999.6510665
2025-10-18 03:55:22.325,107120.0,8e-05,8.569600000000001
2025-10-18 03:55:22.346,107120.0,0.0005,53.56
2025-10-18 03:55:23.272,107119.99,0.0934,10005.007066
2025-10-18 03:55:23.744,107120.0,0.00035,37.492
2025-10-18 03:55:24.216,107119.99,0.0934,10005.007066
2025-10-18 03:55:24.303,107120.0,0.028,2999.36
2025-10-18 03:55:24.429,107120.0,0.00093,99.6216
2025-10-18 03:55:25.082,107118.76,0.03289,3523.1360164000002
2025-10-18 03:55:25.083,107118.16,0.02807,3006.8067512000002
2025-10-18 03:55:25.084,107112.72,0.0023,246.359256
2025-10-18 03:55:25.086,107111.69,0.00015,16.066753499999997
2025-10-18 03:55:25.104,107112.07,0.03599,3854.9633993
2025-10-18 03:55:25.113,107112.06,0.0007,74.978442
2025-10-18 03:55:25.133,107106.69,0.012,1285.28028
2025-10-18 03:55:25.135,107106.69,0.012,1285.28028
2025-10-18 03:55:25.317,107106.69,0.00393,420.9292917
2025-10-18 03:55:25.812,107106.7,0.00012,12.852804
2025-10-18 03:55:26.416,107106.69,0.09341,10004.835912900002
2025-10-18 03:55:26.818,107106.69,0.00346,370.5891474
2025-10-18 03:55:27.101,107106.7,0.00012,12.852804
2025-10-18 03:55:27.245,107106.7,0.00701,750.817967
2025-10-18 03:55:27.357,107106.7,0.0004,42.84268
2025-10-18 03:55:27.517,107106.69,0.09341,10004.835912900002
2025-10-18 03:55:27.520,107106.69,0.0012,128.52802799999998
2025-10-18 03:55:27.770,107106.7,0.00024,25.705608
2025-10-18 03:55:28.616,107106.69,0.0175,1874.367075
2025-10-18 03:55:28.618,107106.69,0.0021,224.924049
2025-10-18 03:55:28.759,107101.22,0.06129,6564.2337738
2025-10-18 03:55:28.974,107101.22,0.012,1285.2146400000001
2025-10-18 03:55:28.982,107101.22,0.012,1285.2146400000001
2025-10-18 03:55:29.444,107101.22,0.012,1285.2146400000001
2025-10-18 03:55:29.696,107101.22,0.09341,10004.324960200001
2025-10-18 03:55:29.805,107101.23,0.0001,10.710123
2025-10-18 03:55:30.717,107101.22,0.09341,10004.324960200001
2025-10-18 03:55:30.963,107101.23,0.04493,4812.0582638999995
2025-10-18 03:55:31.769,107101.22,0.00046,49.266561200000005
2025-10-18 03:55:31.803,107101.22,0.09341,10004.324960200001
2025-10-18 03:55:32.871,107101.23,0.00354,379.1383542
2025-10-18 03:55:32.916,107101.22,0.09341,10004.324960200001
2025-10-18 03:55:33.912,107101.23,0.00201,215.2734723
2025-10-18 03:55:34.017,107101.22,0.09341,10004.324960200001
2025-10-18 03:55:34.676,107101.23,0.00011,11.7811353
2025-10-18 03:55:34.993,107101.22,0.09341,10004.324960200001
2025-10-18 03:55:35.332,107101.23,0.00467,500.16274409999994
2025-10-18 03:55:36.088,107101.22,0.09341,10004.324960200001
2025-10-18 03:55:36.251,107101.22,0.00064,68.54478080000001
2025-10-18 03:55:36.419,107101.23,0.01038,1111.7107674
2025-10-18 03:55:37.117,107101.22,0.09341,10004.324960200001
2025-10-18 03:55:38.063,107101.22,0.09341,10004.324960200001
2025-10-18 03:55:38.576,107101.23,0.00051,54.6216273
2025-10-18 03:55:39.051,107101.22,0.09341,10004.324960200001
2025-10-18 03:55:39.144,107101.23,8e-05,8.5680984
2025-10-18 03:55:39.261,107101.22,0.0084,899.6502479999999
2025-10-18 03:55:40.017,107101.22,0.03007,3220.5336854
2025-10-18 03:55:40.113,107101.23,0.0013,139.231599
2025-10-18 03:55:40.230,107101.23,0.00013,13.923159899999998
2025-10-18 03:55:40.385,107101.22,0.00309,330.9427698
2025-10-18 03:55:40.387,107101.2,0.0011,117.81132000000001
2025-10-18 03:55:40.388,107101.2,0.0007,74.97084
2025-10-18 03:55:40.390,107101.18,0.0004,42.840472
2025-10-18 03:55:40.393,107101.19,0.0013,139.231547
2025-10-18 03:55:40.396,107099.45,0.00605,647.9516725
2025-10-18 03:55:40.838,107099.46,0.00011,11.780940600000001
2025-10-18 03:55:41.116,107099.45,0.01677,1796.0577765
2025-10-18 03:55:41.121,107099.45,0.00216,231.334812
2025-10-18 03:55:41.503,107099.44,0.0022,235.61876800000002
2025-10-18 03:55:41.510,107097.31,0.0006,64.25838599999999
2025-10-18 03:55:41.514,107097.3,0.005,535.4865
2025-10-18 03:55:41.516,107097.3,0.005,535.4865
2025-10-18 03:55:41.576,107097.3,0.01494,1600.033662
2025-10-18 03:55:41.579,107096.76,5e-05,5.354838
2025-10-18 03:55:42.208,107095.98,0.00341,365.19729179999996
2025-10-18 03:55:42.215,107095.98,0.00163,174.5664474
2025-10-18 03:55:42.926,107095.98,0.00028,29.986874399999998
2025-10-18 03:55:43.243,107095.97,0.09343,10005.976477100001
2025-10-18 03:55:43.250,107095.97,0.002,214.19194000000002
2025-10-18 03:55:43.251,107095.97,0.002,214.19194000000002
2025-10-18 03:55:43.715,107095.98,0.00033,35.3416734
2025-10-18 03:55:44.328,107095.97,0.01443,1545.3948471
2025-10-18 03:55:45.014,107095.98,0.00102,109.2378996
2025-10-18 03:55:45.022,107095.97,0.004,428.38388000000003
2025-10-18 03:55:45.023,107095.97,0.004,428.38388000000003
2025-10-18 03:55:45.024,107095.97,0.004,428.38388000000003
2025-10-18 03:55:45.517,107095.97,0.0075,803.219775
2025-10-18 03:55:46.507,107095.97,0.01906,2041.2491882000002
2025-10-18 03:55:46.605,107095.97,0.00527,564.3957619
2025-10-18 03:55:46.739,107095.97,0.00018,19.277274600000002
2025-10-18 03:55:47.096,107095.98,9e-05,9.6386382
2025-10-18 03:55:47.516,107095.97,0.02855,3057.5899435
2025-10-18 03:55:47.772,107095.97,0.005,535.47985
2025-10-18 03:55:47.773,107095.97,0.005,535.47985
2025-10-18 03:55:48.491,107095.97,0.00024,25.703032800000003
2025-10-18 03:55:48.511,107095.98,0.00186,199.1985228
2025-10-18 03:55:48.717,107095.97,0.09343,10005.976477100001
2025-10-18 03:55:49.519,107095.98,0.00087,93.17350259999999
2025-10-18 03:55:49.975,107095.97,0.09343,10005.976477100001
2025-10-18 03:55:50.332,107095.98,0.00018,19.2772764
2025-10-18 03:55:50.737,107095.97,0.00013,13.922476099999999
2025-10-18 03:55:51.015,107095.97,0.09343,10005.976477100001
2025-10-18 03:55:52.016,107095.97,0.09343,10005.976477100001
2025-10-18 03:55:52.113,107095.98,0.028,2998.68744
2025-10-18 03:55:52.132,107095.98,0.00885,947.7994229999999
2025-10-18 03:55:52.180,107095.97,0.00124,132.7990028
2025-10-18 03:55:52.406,107095.98,0.00481,515.1316638
2025-10-18 03:55:52.407,107095.98,0.40763,43655.5343274
2025-10-18 03:55:52.667,107095.99,0.00374,400.5390026
2025-10-18 03:55:52.798,107095.99,0.01022,1094.5210178
2025-10-18 03:55:53.030,107095.98,0.09342,10004.9064516
2025-10-18 03:55:53.062,107095.99,0.00479,512.9897921
2025-10-18 03:55:53.066,107095.99,0.00085,91.0315915
2025-10-18 03:55:53.067,107096.11,0.0003,32.128833
2025-10-18 03:55:53.079,107100.0,5e-05,5.355
2025-10-18 03:55:54.255,107100.26,0.00413,442.32407379999995
2025-10-18 03:55:54.275,107100.25,0.09342,10005.305355
2025-10-18 03:55:54.771,107100.26,0.00093,99.6032418
2025-10-18 03:55:54.942,107100.26,0.00162,173.5024212
2025-10-18 03:55:55.122,107100.26,0.00156,167.0764056
2025-10-18 03:55:55.365,107100.39,0.09342,10005.318433800001
2025-10-18 03:55:55.414,107100.4,0.002,214.2008
2025-10-18 03:55:56.212,107100.39,0.00474,507.6558486
2025-10-18 03:55:56.404,107100.39,0.09342,10005.318433800001
2025-10-18 03:55:56.961,107100.39,9e-05,9.639035100000001
2025-10-18 03:55:57.387,107100.39,0.09342,10005.318433800001
2025-10-18 03:55:57.714,107100.4,0.00033,35.343132
2025-10-18 03:55:57.762,107100.4,0.00374,400.55549599999995
2025-10-18 03:55:58.530,107100.39,0.09342,10005.318433800001
2025-10-18 03:55:59.032,107100.4,0.0003,32.13012
2025-10-18 03:55:59.426,107100.4,0.00032,34.272128
2025-10-18 03:55:59.517,107100.39,0.09342,10005.318433800001
2025-10-18 03:55:59.543,107100.4,0.028,2998.8112
2025-10-18 03:55:59.848,107100.39,0.00068,72.8282652
2025-10-18 03:56:00.747,107100.4,0.0028,299.88111999999995
2025-10-18 03:56:00.812,107100.39,0.09342,10005.318433800001
2025-10-18 03:56:01.783,107100.39,0.00036,38.556140400000004
2025-10-18 03:56:01.908,107100.39,0.09342,10005.318433800001
2025-10-18 03:56:02.061,107100.4,0.00032,34.272128
2025-10-18 03:56:02.726,107100.39,0.00093,99.6033627
2025-10-18 03:56:02.998,107100.39,0.09342,10005.318433800001
2025-10-18 03:56:04.217,107100.39,0.03905,4182.2702295
2025-10-18 03:56:04.337,107100.39,0.00399,427.33055609999997
2025-10-18 03:56:04.341,107100.3,0.00185,198.135555
2025-10-18 03:56:04.343,107100.3,0.0002,21.420060000000003
2025-10-18 03:56:04.351,107100.1,0.00045,48.195045
2025-10-18 03:56:04.354,107096.0,0.00015,16.0644
2025-10-18 03:56:04.362,107095.99,0.012,1285.1518800000001
2025-10-18 03:56:04.576,107096.0,0.0028,299.8688
2025-10-18 03:56:05.078,107095.99,0.004,428.38396
2025-10-18 03:56:05.080,107095.99,0.004,428.38396
2025-10-18 03:56:05.233,107096.0,0.00017,18.20632
2025-10-18 03:56:05.424,107095.99,0.0041,439.0935590000001
2025-10-18 03:56:05.573,107096.0,6e-05,6.42576
2025-10-18 03:56:05.577,107096.0,0.00268,287.01728
2025-10-18 03:56:06.103,107095.99,0.004,428.38396
2025-10-18 03:56:06.104,107095.99,0.004,428.38396
2025-10-18 03:56:06.617,107095.99,0.01995,2136.5650004999998
2025-10-18 03:56:06.839,107096.0,0.0028,299.8688
2025-10-18 03:56:06.902,107095.99,0.00026,27.8449574
2025-10-18 03:56:07.025,107095.99,0.001,107.09599
2025-10-18 03:56:07.027,107095.99,0.001,107.09599
2025-10-18 03:56:07.137,107095.99,0.00077,82.4639123
2025-10-18 03:56:07.376,107096.0,0.35743,38279.323280000004
2025-10-18 03:56:07.596,107095.99,0.00011,11.7805589
2025-10-18 03:56:07.716,107095.99,0.01378,1475.7827422
2025-10-18 03:56:08.364,107096.0,0.0014,149.9344
2025-10-18 03:56:08.609,107095.99,0.005,535.47995
2025-10-18 03:56:08.612,107095.99,0.005,535.47995
2025-10-18 03:56:08.793,107095.99,0.00412,441.23547880000007
2025-10-18 03:56:08.960,107095.99,0.001,107.09599
2025-10-18 03:56:08.961,107095.99,0.001,107.09599
2025-10-18 03:56:09.108,107096.0,0.0005,53.548
2025-10-18 03:56:09.373,107095.99,0.01463,1566.8143337000001
2025-10-18 03:56:09.375,107095.97,0.08278,8865.4043966
2025-10-18 03:56:09.378,107095.96,0.01792,1919.1596032
2025-10-18 03:56:09.395,107095.96,0.04996,5350.5141616
2025-10-18 03:56:09.397,107094.04,0.00045,48.19231799999999
2025-10-18 03:56:09.409,107093.97,0.00735,787.1406795
2025-10-18 03:56:09.410,107093.4,0.00015,16.064009999999996
2025-10-18 03:56:09.817,107093.39,0.0285,3052.161615
2025-10-18 03:56:09.818,107093.39,0.00282,302.0033598
2025-10-18 03:56:09.824,107092.27,0.00115,123.1561105
2025-10-18 03:56:09.825,107091.54,0.005,535.4576999999999
2025-10-18 03:56:09.827,107091.54,0.005,535.4576999999999
2025-10-18 03:56:09.893,107091.54,0.00268,287.0053272
2025-10-18 03:56:10.072,107091.55,0.00038,40.694789
2025-10-18 03:56:10.759,107091.54,0.04682,5014.0259028
2025-10-18 03:56:11.124,107091.55,0.00233,249.5233115
2025-10-18 03:56:11.232,107091.55,7e-05,7.496408499999999
2025-10-18 03:56:11.233,107091.54,0.0054,578.294316
2025-10-18 03:56:11.237,107091.14,0.001,107.09114
2025-10-18 03:56:11.238,107089.93,0.00509,545.0877436999999
2025-10-18 03:56:11.240,107089.93,0.012,1285.07916
2025-10-18 03:56:11.241,107089.93,0.012,1285.07916
2025-10-18 03:56:11.315,107089.93,0.00166,177.76928379999998
2025-10-18 03:56:11.952,107089.55,0.02087,2234.9589085000002
2025-10-18 03:56:11.953,107089.55,0.00257,275.2201435
2025-10-18 03:56:11.956,107089.54,0.00165,176.69774099999998
2025-10-18 03:56:11.958,107089.41,0.00055,58.899175500000005
2025-10-18 03:56:11.960,107089.4,0.0001,10.70894
2025-10-18 03:56:11.963,107088.48,0.00104,111.37201919999998
2025-10-18 03:56:11.966,107087.26,0.00088,94.2367888
2025-10-18 03:56:11.997,107087.26,0.00104,111.37075039999999
2025-10-18 03:56:12.000,107087.26,0.00095,101.732897
2025-10-18 03:56:12.270,107087.26,0.00025,26.771815
2025-10-18 03:56:12.490,107085.29,0.00752,805.2813808
2025-10-18 03:56:13.116,107084.74,0.0071,760.3016540000001
2025-10-18 03:56:13.118,107082.31,0.00015,16.062346499999997
2025-10-18 03:56:14.002,107082.31,0.07304,7821.291922399999
2025-10-18 03:56:14.175,107081.99,0.00015,16.0622985
2025-10-18 03:56:14.398,107081.98,0.009,963.7378199999999
2025-10-18 03:56:14.399,107081.98,0.009,963.7378199999999
2025-10-18 03:56:14.400,107081.98,0.009,963.7378199999999
2025-10-18 03:56:14.832,107081.98,0.00015,16.062296999999997
2025-10-18 03:56:14.900,107081.98,0.00335,358.724633
2025-10-18 03:56:15.217,107081.98,0.09344,10005.7402112
2025-10-18 03:56:15.832,107081.99,0.00117,125.28592830000001
2025-10-18 03:56:15.932,107081.98,0.00027,28.912134599999998
2025-10-18 03:56:16.065,107081.99,0.00093,99.58625070000001
2025-10-18 03:56:16.255,107081.98,0.09344,10005.7402112
2025-10-18 03:56:16.817,107081.99,0.0002,21.416398
2025-10-18 03:56:16.962,107081.99,0.00038,40.6911562
2025-10-18 03:56:16.970,107081.99,0.00011,11.7790189
2025-10-18 03:56:17.047,107081.99,7e-05,7.495739299999999
2025-10-18 03:56:17.069,107081.99,0.0001,10.708199
2025-10-18 03:56:17.316,107081.98,0.09344,10005.7402112
2025-10-18 03:56:17.337,107081.98,0.00125,133.852475
2025-10-18 03:56:17.339,107081.99,0.00094,100.6570706
2025-10-18 03:56:17.519,107081.99,0.00041,43.9036159
2025-10-18 03:56:17.562,107081.99,0.00024,25.6996776
2025-10-18 03:56:17.939,107081.99,0.0013,139.206587
2025-10-18 03:56:17.981,107081.99,0.0001,10.708199
2025-10-18 03:56:18.023,107081.98,6e-05,6.4249187999999995
2025-10-18 03:56:18.082,107081.98,0.012,1284.98376
2025-10-18 03:56:18.084,107081.98,0.012,1284.98376
2025-10-18 03:56:18.208,107081.98,0.012,1284.98376
2025-10-18 03:56:18.291,107081.99,0.00047,50.3285353
2025-10-18 03:56:18.328,107081.99,0.00149,159.5521651
2025-10-18 03:56:18.336,107081.98,0.09344,10005.7402112
2025-10-18 03:56:18.363,107081.99,7e-05,7.495739299999999
2025-10-18 03:56:18.400,107081.98,0.012,1284.98376
2025-10-18 03:56:18.401,107081.98,0.012,1284.98376
2025-10-18 03:56:18.442,107081.99,0.00053,56.7534547
2025-10-18 03:56:18.486,107081.99,0.00019,20.3455781
2025-10-18 03:56:18.819,107081.99,0.0001,10.708199
2025-10-18 03:56:18.832,107081.99,0.00017,18.2039383
2025-10-18 03:56:19.081,107081.99,0.00033,35.3370567
2025-10-18 03:56:19.092,107081.99,8e-05,8.5665592
2025-10-18 03:56:19.110,107081.99,0.00019,20.3455781
2025-10-18 03:56:19.185,107081.99,0.00022,23.5580378
2025-10-18 03:56:19.218,107081.98,0.00207,221.65969859999996
2025-10-18 03:56:19.516,107081.98,0.09344,10005.7402112
2025-10-18 03:56:19.949,107081.98,0.012,1284.98376
2025-10-18 03:56:19.950,107081.98,0.012,1284.98376
2025-10-18 03:56:20.263,107081.99,0.01,1070.8199
2025-10-18 03:56:20.311,107081.98,0.0001,10.708198
2025-10-18 03:56:20.466,107081.98,0.03836,4107.664752799999
2025-10-18 03:56:20.467,107081.06,0.00015,16.062158999999998
2025-10-18 03:56:20.615,107081.05,0.00136,145.63022800000002
2025-10-18 03:56:20.944,107081.04,0.012,1284.97248
2025-10-18 03:56:21.117,107081.04,0.00152,162.7631808
2025-10-18 03:56:21.118,107080.01,0.0001,10.708001
2025-10-18 03:56:21.125,107080.01,0.0001,10.708001
2025-10-18 03:56:21.517,107080.0,0.00129,138.1332
2025-10-18 03:56:21.934,107080.0,0.00059,63.177200000000006
2025-10-18 03:56:21.939,107079.93,0.00125,133.8499125
2025-10-18 03:56:21.941,107079.27,0.012,1284.95124
2025-10-18 03:56:22.087,107079.27,0.01494,1599.7642938000001
2025-10-18 03:56:22.212,107079.28,0.00046,49.2564688
2025-10-18 03:56:22.492,107079.27,0.012,1284.95124
2025-10-18 03:56:22.516,107079.27,0.09344,10005.4869888
2025-10-18 03:56:22.617,107079.28,0.04203,4500.5421384
2025-10-18 03:56:22.822,107079.28,0.01698,1818.2061743999998
2025-10-18 03:56:22.873,107079.28,5e-05,5.353964
2025-10-18 03:56:22.951,107079.27,0.012,1284.95124
2025-10-18 03:56:22.952,107079.27,0.012,1284.95124
2025-10-18 03:56:23.482,107079.28,0.00094,100.6545232
2025-10-18 03:56:23.532,107079.27,0.09344,10005.4869888
2025-10-18 03:56:23.908,107079.27,0.012,1284.95124
2025-10-18 03:56:24.024,107079.27,0.012,1284.95124
2025-10-18 03:56:24.517,107079.27,0.09344,10005.4869888
2025-10-18 03:56:24.988,107079.27,0.012,1284.95124
2025-10-18 03:56:25.251,107079.28,0.00466,498.9894448
2025-10-18 03:56:25.392,107079.28,0.00049,52.4688472
2025-10-18 03:56:25.442,107079.28,0.00225,240.92837999999998
2025-10-18 03:56:25.639,107079.28,0.0001,10.707928
2025-10-18 03:56:25.662,107079.27,0.00398,426.17549460000004
2025-10-18 03:56:25.677,107079.28,0.00373,399.40571439999997
2025-10-18 03:56:25.962,107079.28,5e-05,5.353964
2025-10-18 03:56:26.789,107079.28,0.00468,501.1310304
2025-10-18 03:56:26.855,107079.27,0.09344,10005.4869888
2025-10-18 03:56:27.198,107079.28,6e-05,6.4247568
2025-10-18 03:56:27.217,107079.28,7e-05,7.4955495999999995
2025-10-18 03:56:27.637,107079.27,0.00035,37.4777445
2025-10-18 03:56:27.842,107079.27,0.09344,10005.4869888
2025-10-18 03:56:28.817,107079.27,0.09344,10005.4869888
2025-10-18 03:56:29.293,107079.28,0.00293,313.7422904
2025-10-18 03:56:29.871,107079.27,0.00224,239.85756479999998
2025-10-18 03:56:29.872,107079.27,0.0004,42.831708000000006
2025-10-18 03:56:30.441,107079.27,6e-05,6.4247562
2025-10-18 03:56:30.510,107079.26,0.012,1284.95112
2025-10-18 03:56:30.511,107079.26,0.012,1284.95112
2025-10-18 03:56:30.942,107079.27,0.00019,20.3450613
2025-10-18 03:56:31.010,107079.26,0.03637,3894.4726861999998
2025-10-18 03:56:31.515,107079.26,0.0018,192.74266799999998
2025-10-18 03:56:31.665,107079.2,0.00125,133.849
2025-10-18 03:56:31.715,107078.79,0.00065,69.60121349999999
2025-10-18 03:56:31.814,107078.36,0.00147,157.4051892
2025-10-18 03:56:31.817,107077.86,0.01494,1599.7432284000001
2025-10-18 03:56:31.818,107076.63,0.00035,37.4768205
2025-10-18 03:56:31.932,107076.62,0.00196,209.87017519999998
2025-10-18 03:56:32.017,107076.61,0.09344,10005.2384384
2025-10-18 03:56:33.034,107076.61,0.09344,10005.2384384
2025-10-18 03:56:33.349,107076.61,0.012,1284.91932
2025-10-18 03:56:33.350,107076.61,0.012,1284.91932
2025-10-18 03:56:34.000,107076.61,0.012,1284.91932
2025-10-18 03:56:34.076,107076.61,0.09344,10005.2384384
2025-10-18 03:56:34.110,107076.61,8e-05,8.566128800000001
2025-10-18 03:56:34.322,107076.62,7e-05,7.495363399999999
2025-10-18 03:56:35.083,107076.61,0.00096,102.7935456
2025-10-18 03:56:35.141,107076.62,0.00017,18.2030254
2025-10-18 03:56:35.216,107076.61,0.09344,10005.2384384
2025-10-18 03:56:35.525,107076.26,0.0001,10.707626
2025-10-18 03:56:35.526,107075.0,0.00014,14.990499999999999
2025-10-18 03:56:35.527,107073.37,0.03008,3220.7669696
2025-10-18 03:56:35.550,107072.85,0.00761,814.8243885
2025-10-18 03:56:35.552,107072.04,0.0031,331.923324
2025-10-18 03:56:35.678,107072.0,0.00026,27.83872
2025-10-18 03:56:35.680,107072.0,0.00081,86.72832
2025-10-18 03:56:35.681,107072.0,0.001,107.072
2025-10-18 03:56:35.682,107070.73,0.00015,16.060609499999998
2025-10-18 03:56:35.683,107070.57,0.0001,10.707057
2025-10-18 03:56:35.715,107070.16,0.00185,198.07979600000002
2025-10-18 03:56:36.115,107069.99,5e-05,5.353499500000001
2025-10-18 03:56:36.163,107070.01,0.00014,14.989801399999997
2025-10-18 03:56:36.314,107070.0,0.0012,128.48399999999998
2025-10-18 03:56:36.316,107069.99,0.00458,490.3805542
2025-10-18 03:56:36.400,107069.91,0.00099,105.99921090000001
2025-10-18 03:56:36.597,107069.49,0.0001,10.706949000000002
2025-10-18 03:56:36.615,107068.74,0.002,214.13748
2025-10-18 03:56:36.649,107068.68,0.00127,135.9772236
2025-10-18 03:56:36.652,107067.99,0.0002,21.413598
2025-10-18 03:56:36.653,107066.48,0.0001,10.706648
2025-10-18 03:56:36.661,107066.25,0.00104,111.34889999999999
2025-10-18 03:56:36.663,107064.81,0.00015,16.0597215
2025-10-18 03:56:36.668,107064.1,0.00115,123.123715
2025-10-18 03:56:36.671,107062.13,0.00015,16.0593195
2025-10-18 03:56:36.672,107062.5,0.00025,26.765625
2025-10-18 03:56:36.674,107062.5,0.00025,26.765625
2025-10-18 03:56:36.679,107060.9,0.0008,85.64872
2025-10-18 03:56:36.804,107060.89,0.00187,200.2038643
2025-10-18 03:56:37.574,107060.89,0.00334,357.5833726
2025-10-18 03:56:37.615,107060.87,0.0002,21.412174
2025-10-18 03:56:38.503,107060.61,0.00253,270.8633433
2025-10-18 03:56:38.619,107060.62,0.00028,29.976973599999997
2025-10-18 03:56:39.075,107060.62,0.00398,426.10126759999997
2025-10-18 03:56:39.235,107060.61,0.00106,113.48424659999999
2025-10-18 03:56:39.242,107060.0,0.0037,396.122
2025-10-18 03:56:39.462,107060.0,0.012,1284.72
2025-10-18 03:56:39.617,107060.0,0.0059,631.654
2025-10-18 03:56:39.704,107060.0,0.00106,113.4836
2025-10-18 03:56:39.728,107059.53,0.00046,49.2473838
2025-10-18 03:56:39.754,107059.45,0.0001,10.705945
2025-10-18 03:56:39.759,107057.61,0.0001,10.705761
2025-10-18 03:56:40.174,107054.94,0.0001,10.705494000000002
2025-10-18 03:56:40.175,107054.91,0.001,107.05491
2025-10-18 03:56:40.315,107053.07,0.00015,16.0579605
2025-10-18 03:56:40.319,107053.06,0.00085,90.99510099999999
2025-10-18 03:56:40.661,107053.07,7e-05,7.4937149
2025-10-18 03:56:40.782,107053.06,0.09345,10004.108457
2025-10-18 03:56:41.310,107053.07,0.00065,69.5844955
2025-10-18 03:56:41.816,107053.06,0.09345,10004.108457
2025-10-18 03:56:42.186,107053.07,0.01,1070.5307
2025-10-18 03:56:42.822,107053.07,0.00025,26.7632675
2025-10-18 03:56:42.833,107053.06,0.0043,460.328158
2025-10-18 03:56:42.862,107053.06,0.09345,10004.108457
2025-10-18 03:56:42.885,107053.07,0.00467,499.9378369
2025-10-18 03:56:43.437,107053.07,0.43728,46812.1664496
2025-10-18 03:56:43.439,107053.07,0.14786,15828.8669302
2025-10-18 03:56:43.441,107055.62,5e-05,5.352781
2025-10-18 03:56:43.442,107055.08,0.00025,26.76377
2025-10-18 03:56:43.443,107065.15,0.0302,3233.36753
2025-10-18 03:56:43.461,107065.15,0.01466,1569.575099
2025-10-18 03:56:43.483,107065.15,0.00251,268.7335265
2025-10-18 03:56:43.487,107065.15,0.00114,122.05427099999999
2025-10-18 03:56:43.491,107066.26,0.0001,10.706626
2025-10-18 03:56:43.494,107066.77,0.0008,85.653416
2025-10-18 03:56:43.500,107066.77,0.0038,406.853726
2025-10-18 03:56:43.511,107073.35,0.01446,1548.280641
2025-10-18 03:56:43.575,107073.92,8e-05,8.5659136
2025-10-18 03:56:43.635,107073.92,0.00186,199.1574912
2025-10-18 03:56:43.842,107073.91,0.16,17131.8256
2025-10-18 03:56:43.844,107073.91,0.07607,8145.1123337
2025-10-18 03:56:43.845,107069.57,5e-05,5.3534785000000005
2025-10-18 03:56:43.849,107067.66,0.00015,16.060149
2025-10-18 03:56:43.850,107067.65,0.0001,10.706765
2025-10-18 03:56:43.852,107065.14,0.0003,32.119541999999996
2025-10-18 03:56:43.854,107062.5,5e-05,5.353125
2025-10-18 03:56:43.954,107061.23,0.00055,58.8836765
2025-10-18 03:56:44.039,107060.53,0.00085,91.00145049999999
2025-10-18 03:56:44.196,107060.53,0.00075,80.2953975
2025-10-18 03:56:44.201,107060.0,0.00025,26.765
2025-10-18 03:56:44.203,107056.04,0.0002,21.411208
2025-10-18 03:56:44.940,107054.68,0.00186,199.1217048
2025-10-18 03:56:45.015,107054.68,0.004,428.21871999999996
2025-10-18 03:56:45.068,107054.67,0.09345,10004.258911500001
2025-10-18 03:56:45.118,107054.68,0.00086,92.0670248
2025-10-18 03:56:45.190,107054.68,9e-05,9.6349212
2025-10-18 03:56:45.232,107054.68,0.00015,16.058201999999998
2025-10-18 03:56:45.968,107054.68,5e-05,5.352734
2025-10-18 03:56:46.116,107054.67,0.09345,10004.258911500001
2025-10-18 03:56:46.169,107054.68,0.00125,133.81834999999998
2025-10-18 03:56:46.970,107054.68,0.00014,14.987655199999997
2025-10-18 03:56:47.195,107054.67,0.09345,10004.258911500001
2025-10-18 03:56:47.242,107054.67,0.00416,445.34742719999997
2025-10-18 03:56:47.355,107054.68,0.0344,3682.6809919999996
2025-10-18 03:56:47.510,107054.68,0.00018,19.2698424
2025-10-18 03:56:47.907,107054.67,0.001,107.05467
2025-10-18 03:56:48.217,107054.67,0.09345,10004.258911500001
2025-10-18 03:56:49.167,107054.67,0.09345,10004.258911500001
2025-10-18 03:56:50.259,107054.67,0.09345,10004.258911500001
2025-10-18 03:56:50.376,107054.67,0.00613,656.2451271
2025-10-18 03:56:50.458,107054.68,0.00748,800.7690064
2025-10-18 03:56:50.912,107054.68,0.01,1070.5467999999998
2025-10-18 03:56:50.999,107054.67,0.00013,13.917107099999999
2025-10-18 03:56:51.516,107054.67,0.09345,10004.258911500001
2025-10-18 03:56:51.577,107054.68,0.03772,4038.1025295999993
2025-10-18 03:56:51.586,107054.68,0.01,1070.5467999999998
2025-10-18 03:56:51.672,107054.68,0.13121,14046.644562799998
2025-10-18 03:56:51.674,107054.68,0.0556,5952.240207999999
2025-10-18 03:56:51.675,107054.68,0.02814,3012.5186951999995
2025-10-18 03:56:51.676,107054.68,0.01919,2054.3793091999996
2025-10-18 03:56:51.677,107054.68,0.01935,2071.508058
2025-10-18 03:56:51.680,107054.81,0.0002,21.410962
2025-10-18 03:56:51.684,107056.71,0.0006,64.234026
2025-10-18 03:56:51.689,107057.76,0.0001,10.705776
2025-10-18 03:56:51.690,107060.01,0.0002,21.412002
2025-10-18 03:56:51.695,107060.61,0.0005,53.530305
2025-10-18 03:56:51.697,107062.22,0.00052,55.672354399999996
2025-10-18 03:56:51.699,107062.5,0.00957,1024.588125
2025-10-18 03:56:51.700,107062.5,0.0001,10.70625
2025-10-18 03:56:51.701,107062.5,0.00293,313.693125
2025-10-18 03:56:51.703,107062.5,0.00052,55.67249999999999
2025-10-18 03:56:51.704,107062.56,0.00346,370.4364576
2025-10-18 03:56:51.706,107062.56,0.0091,974.269296
2025-10-18 03:56:51.715,107062.56,0.01697,1816.8516432
2025-10-18 03:56:51.717,107062.56,5e-05,5.353128
2025-10-18 03:56:51.773,107062.57,0.028,2997.75196
2025-10-18 03:56:51.806,107064.75,6e-05,6.423885
2025-10-18 03:56:51.961,107064.75,9e-05,9.635827500000001
2025-10-18 03:56:52.268,107064.74,0.00839,898.2731686000001
2025-10-18 03:56:52.591,107064.74,0.09344,10004.1293056
2025-10-18 03:56:53.717,107064.74,0.09344,10004.1293056
2025-10-18 03:56:54.716,107064.74,0.09344,10004.1293056
2025-10-18 03:56:55.437,107064.75,0.01,1070.6475
2025-10-18 03:56:55.811,107064.74,0.09344,10004.1293056
2025-10-18 03:56:56.201,107064.74,0.00018,19.271653200000003
2025-10-18 03:56:56.315,107070.75,0.0001,10.707075
2025-10-18 03:56:56.817,107073.91,0.09344,10004.9861504
2025-10-18 03:56:56.976,107073.91,5e-05,5.353695500000001
2025-10-18 03:56:57.833,107073.91,0.09344,10004.9861504
2025-10-18 03:56:58.522,107073.92,0.00014,14.990348799999998
2025-10-18 03:56:58.574,107073.92,6e-05,6.4244352000000005
2025-10-18 03:56:58.805,107073.92,0.05603,5999.3517376
2025-10-18 03:56:58.817,107073.91,0.09344,10004.9861504
2025-10-18 03:56:59.817,107073.91,0.09344,10004.9861504
2025-10-18 03:57:00.064,107073.92,0.0056,599.613952
2025-10-18 03:57:00.215,107077.75,6e-05,6.424665
2025-10-18 03:57:00.230,107080.47,0.028,2998.25316
2025-10-18 03:57:00.739,107080.46,0.00892,955.1577032000001
2025-10-18 03:57:01.016,107080.46,0.09344,10005.598182400001
2025-10-18 03:57:02.117,107080.46,0.09344,10005.598182400001
2025-10-18 03:57:02.216,107080.47,0.01572,1683.3049884000002
2025-10-18 03:57:02.246,107082.81,0.00017,18.2040777
2025-10-18 03:57:02.781,107082.8,9e-05,9.637452000000001
2025-10-18 03:57:03.317,107082.8,0.09344,10005.816832
2025-10-18 03:57:04.567,107082.8,0.09344,10005.816832
2025-10-18 03:57:05.074,107082.8,0.0006,64.24968
2025-10-18 03:57:05.213,107082.8,0.00011,11.779108
2025-10-18 03:57:05.252,107082.8,9e-05,9.637452000000001
2025-10-18 03:57:05.659,107082.8,0.09344,10005.816832
2025-10-18 03:57:05.698,107082.8,0.00062,66.391336
2025-10-18 03:57:06.699,107082.8,0.09344,10005.816832
2025-10-18 03:57:07.421,107082.81,0.0423,4529.602862999999
2025-10-18 03:57:07.670,107082.81,0.00029,31.0540149
2025-10-18 03:57:07.700,107082.8,7e-05,7.4957959999999995
2025-10-18 03:57:07.791,107082.8,0.09344,10005.816832
2025-10-18 03:57:08.061,107082.81,0.028,2998.31868
2025-10-18 03:57:08.158,107082.81,7e-05,7.495796699999999
2025-10-18 03:57:08.387,107082.81,0.00093,99.58701330000001
2025-10-18 03:57:08.619,107082.8,0.00037,39.620636
2025-10-18 03:57:08.749,107082.8,0.00571,611.442788
2025-10-18 03:57:08.817,107082.8,0.09344,10005.816832
2025-10-18 03:57:08.890,107082.8,0.00084,89.94955200000001
2025-10-18 03:57:09.170,107082.81,0.00011,11.7791091
2025-10-18 03:57:09.371,107082.81,0.00037,39.6206397
2025-10-18 03:57:09.617,107082.8,0.00023,24.629044
2025-10-18 03:57:09.668,107082.81,0.00455,487.2267855
2025-10-18 03:57:09.817,107082.8,0.09344,10005.816832
2025-10-18 03:57:10.901,107082.8,0.09344,10005.816832
2025-10-18 03:57:11.200,107082.81,0.00933,999.0826172999999
2025-10-18 03:57:11.944,107082.8,0.09344,10005.816832
2025-10-18 03:57:12.007,107082.81,0.028,2998.31868
2025-10-18 03:57:12.615,107082.81,0.29988,32111.993062799997
2025-10-18 03:57:12.675,107082.81,0.028,2998.31868
2025-10-18 03:57:12.916,107082.8,0.09344,10005.816832
2025-10-18 03:57:13.029,107082.81,0.028,2998.31868
2025-10-18 03:57:14.013,107082.8,0.09344,10005.816832
2025-10-18 03:57:14.228,107082.8,5e-05,5.35414
2025-10-18 03:57:15.055,107082.8,0.09344,10005.816832
2025-10-18 03:57:15.819,107082.81,0.00933,999.0826172999999
2025-10-18 03:57:15.837,107082.81,0.00182,194.8907142
2025-10-18 03:57:16.056,107082.81,0.00358,383.3564598
2025-10-18 03:57:16.060,107082.81,0.00014,14.991593399999998
2025-10-18 03:57:16.142,107082.81,0.008,856.66248
2025-10-18 03:57:16.217,107082.8,0.09344,10005.816832
2025-10-18 03:57:16.306,107082.81,0.02,2141.6562
2025-10-18 03:57:16.440,107082.81,0.00017,18.2040777
2025-10-18 03:57:16.556,107082.8,0.00012,12.849936000000001
2025-10-18 03:57:16.780,107082.81,0.01697,1817.1952856999999
2025-10-18 03:57:17.183,107082.8,0.09344,10005.816832
2025-10-18 03:57:17.236,107082.81,0.02335,2500.3836134999997
2025-10-18 03:57:17.818,107082.8,0.00049,52.470572
2025-10-18 03:57:18.323,107082.8,0.09344,10005.816832
2025-10-18 03:57:18.856,107082.81,0.00029,31.0540149
2025-10-18 03:57:19.408,107082.8,0.09344,10005.816832
2025-10-18 03:57:19.476,107082.81,0.028,2998.31868
2025-10-18 03:57:20.389,107082.8,0.09343,10004.746004
2025-10-18 03:57:20.470,107082.81,0.028,2998.31868
2025-10-18 03:57:20.788,107082.81,0.0001,10.708281
2025-10-18 03:57:21.572,107082.8,0.09343,10004.746004
2025-10-18 03:57:22.234,107082.81,0.001,107.08281
2025-10-18 03:57:22.716,107082.8,0.09343,10004.746004
2025-10-18 03:57:23.368,107082.81,0.00012,12.8499372
2025-10-18 03:57:23.853,107082.81,0.02335,2500.3836134999997
2025-10-18 03:57:23.958,107082.8,0.09343,10004.746004
2025-10-18 03:57:24.824,107082.81,0.00015,16.0624215
2025-10-18 03:57:24.997,107082.81,0.0007,74.957967
2025-10-18 03:57:25.017,107082.8,0.09343,10004.746004
2025-10-18 03:57:25.545,107082.81,0.00094,100.6578414
2025-10-18 03:57:25.587,107082.8,0.01658,1775.4328240000002
2025-10-18 03:57:25.930,107082.8,6e-05,6.424968000000001
2025-10-18 03:57:26.033,107082.8,0.09343,10004.746004
2025-10-18 03:57:26.039,107082.81,5e-05,5.3541405
2025-10-18 03:57:26.685,107082.81,0.01,1070.8281
2025-10-18 03:57:27.217,107082.8,0.09343,10004.746004
2025-10-18 03:57:28.162,107082.81,0.00136,145.6326216
2025-10-18 03:57:28.417,107082.8,0.09343,10004.746004
2025-10-18 03:57:28.509,107082.81,0.00049,52.4705769
2025-10-18 03:57:28.973,107082.81,0.0012,128.499372
2025-10-18 03:57:29.412,107082.8,0.09343,10004.746004
2025-10-18 03:57:29.628,107082.81,0.00186,199.17402660000002
2025-10-18 03:57:29.662,107082.81,0.00934,1000.1534453999999
2025-10-18 03:57:29.664,107082.81,0.02398,2567.8457838
2025-10-18 03:57:29.715,107091.36,0.00015,16.063703999999998
2025-10-18 03:57:30.020,107091.37,0.00348,372.6779676
2025-10-18 03:57:30.196,107091.37,0.00029,31.0564973
2025-10-18 03:57:30.596,107091.36,0.09343,10005.5457648
2025-10-18 03:57:31.680,107091.36,0.09343,10005.5457648
2025-10-18 03:57:31.782,107091.37,0.00034,36.4110658
2025-10-18 03:57:31.822,107091.36,0.00013,13.9218768
2025-10-18 03:57:32.739,107091.37,0.00933,999.1624820999999
2025-10-18 03:57:32.770,107091.36,0.09343,10005.5457648
2025-10-18 03:57:33.052,107091.36,0.00012,12.8509632
2025-10-18 03:57:33.495,107091.37,0.00054,57.8293398
2025-10-18 03:57:33.817,107091.36,0.09343,10005.5457648
2025-10-18 03:57:34.132,107091.37,0.00248,265.5865976
2025-10-18 03:57:34.216,107091.36,0.00061,65.3257296
2025-10-18 03:57:34.898,107091.36,0.09343,10005.5457648
2025-10-18 03:57:34.974,107091.38,0.0002,21.418276000000002
2025-10-18 03:57:34.980,107093.51,0.0105,1124.481855
2025-10-18 03:57:34.981,107093.51,0.18332,19632.3822532
2025-10-18 03:57:34.982,107097.35,5e-05,5.3548675
2025-10-18 03:57:34.994,107099.47,0.00934,1000.3090497999999
2025-10-18 03:57:35.011,107099.46,0.0021,224.908866
2025-10-18 03:57:35.852,107099.46,0.00559,598.6859814000001
2025-10-18 03:57:36.361,107099.47,9e-05,9.638952300000001
2025-10-18 03:57:36.470,107099.47,0.0003,32.129841
2025-10-18 03:57:36.801,107099.47,0.00025,26.7748675
2025-10-18 03:57:37.127,107099.46,0.04311,4617.057720600001
2025-10-18 03:57:37.345,107099.47,0.00039,41.7687933
2025-10-18 03:57:37.834,107099.46,0.00076,81.39558960000001
2025-10-18 03:57:38.489,107099.46,0.00016,17.135913600000002
2025-10-18 03:57:39.381,107099.46,0.00712,762.5481552
2025-10-18 03:57:39.400,107099.46,0.00249,266.6776554
2025-10-18 03:57:39.547,107099.47,0.0002,21.419894000000003
2025-10-18 03:57:39.660,107099.47,0.00014,14.9939258
2025-10-18 03:57:40.625,107099.47,0.00186,199.20501420000002
2025-10-18 03:57:41.469,107099.46,0.00039,41.7687894
2025-10-18 03:57:41.691,107099.47,0.00281,300.9495107
2025-10-18 03:57:42.340,107099.47,5e-05,5.354973500000001
2025-10-18 03:57:42.382,107099.46,8e-05,8.567956800000001
2025-10-18 03:57:44.040,107099.47,0.01105,1183.4491435
2025-10-18 03:57:44.268,107099.47,0.00013,13.9229311
2025-10-18 03:57:45.150,107099.47,0.00011,11.780941700000001
2025-10-18 03:57:45.794,107099.46,0.35796,38337.3227016
2025-10-18 03:57:45.795,107098.38,0.00015,16.064757
2025-10-18 03:57:45.803,107097.46,0.01,1070.9746
2025-10-18 03:57:45.805,107097.46,0.01,1070.9746
2025-10-18 03:57:47.951,107095.89,0.00464,496.9249296
2025-10-18 03:57:48.026,107095.17,0.0002,21.419034
2025-10-18 03:57:48.027,107093.04,0.0058,621.1396319999999
2025-10-18 03:57:48.029,107091.37,8e-05,8.5673096
2025-10-18 03:57:48.031,107091.37,0.03406,3647.5320622
2025-10-18 03:57:48.036,107091.36,0.01023,1095.5446127999999
2025-10-18 03:57:48.038,107090.05,0.01081,1157.6434405
2025-10-18 03:57:48.040,107090.05,0.00676,723.9287380000001
2025-10-18 03:57:48.315,107087.5,6e-05,6.42525
2025-10-18 03:57:48.732,107087.09,0.00045,48.189190499999995
2025-10-18 03:57:49.070,107080.42,0.00015,16.062063
2025-10-18 03:57:49.071,107074.88,5e-05,5.353744000000001
2025-10-18 03:57:49.072,107069.62,0.01151,1232.3713261999999
2025-10-18 03:57:49.081,107067.92,0.00257,275.1645544
2025-10-18 03:57:49.083,107067.93,0.03472,3717.3985296
2025-10-18 03:57:49.088,107067.92,6e-05,6.4240752
2025-10-18 03:57:49.090,107067.92,0.0006,64.24075199999999
2025-10-18 03:57:49.094,107067.55,0.001,107.06755000000001
2025-10-18 03:57:49.271,107067.56,0.0002,21.413512
2025-10-18 03:57:49.329,107067.55,0.012,1284.8106
2025-10-18 03:57:49.330,107067.55,0.012,1284.8106
2025-10-18 03:57:49.731,107067.55,0.00041,43.8976955
2025-10-18 03:57:49.937,107067.55,0.00122,130.622411
2025-10-18 03:57:50.089,107067.56,0.01,1070.6756
2025-10-18 03:57:51.143,107067.56,0.00466,498.9348296
2025-10-18 03:57:51.602,107067.56,0.00071,76.0179676
2025-10-18 03:57:51.603,107067.56,0.0009,96.360804
2025-10-18 03:57:51.968,107067.56,0.0002,21.413512
2025-10-18 03:57:52.106,107066.88,0.0002,21.413376000000003
2025-10-18 03:57:52.108,107065.92,0.06679,7150.9327968
2025-10-18 03:57:52.112,107065.92,0.0024,256.95820799999996
2025-10-18 03:57:52.118,107064.78,0.00206,220.55344680000002
2025-10-18 03:57:52.122,107064.75,0.012,1284.777
2025-10-18 03:57:52.375,107064.75,0.0047,503.20432500000004
2025-10-18 03:57:52.814,107064.6,0.00974,1042.8092040000001
2025-10-18 03:57:52.819,107062.56,0.0013,139.18132799999998
2025-10-18 03:57:52.832,107060.36,0.00278,297.6278008
2025-10-18 03:57:53.312,107058.89,0.0002,21.411778
2025-10-18 03:57:53.316,107058.25,0.00111,118.8346575
2025-10-18 03:57:53.317,107054.8,0.01064,1139.0630720000001
2025-10-18 03:57:53.319,107054.8,0.00753,806.122644
2025-10-18 03:57:53.535,107054.81,0.00132,141.3123492
2025-10-18 03:57:53.547,107054.8,0.00039,41.751372
2025-10-18 03:57:54.070,107054.81,0.00234,250.5082554
2025-10-18 03:57:54.417,107054.8,6e-05,6.423288
2025-10-18 03:57:54.575,107054.8,0.00015,16.05822
2025-10-18 03:57:55.236,107054.8,0.01494,1599.3987120000002
2025-10-18 03:57:55.399,107054.8,0.01494,1599.3987120000002
2025-10-18 03:57:55.587,107054.8,0.01494,1599.3987120000002
2025-10-18 03:57:55.674,107054.8,0.01525,1632.5857
2025-10-18 03:57:56.006,107054.8,0.00058,62.091784000000004
2025-10-18 03:57:56.532,107054.81,0.0042,449.63020199999994
2025-10-18 03:57:57.483,107054.8,0.005,535.274
2025-10-18 03:57:57.484,107054.8,0.005,535.274
2025-10-18 03:57:57.692,107054.81,0.0315,3372.226515
2025-10-18 03:57:58.024,107054.81,0.00028,29.975346799999997
2025-10-18 03:57:58.698,107054.81,0.01,1070.5481
2025-10-18 03:57:59.066,107054.8,0.012,1284.6576
2025-10-18 03:57:59.067,107054.8,0.012,1284.6576
2025-10-18 03:57:59.273,107054.81,0.00032,34.257539200000004
2025-10-18 03:57:59.482,107054.8,0.00032,34.257536
2025-10-18 03:57:59.787,107054.8,0.004,428.2192
2025-10-18 03:57:59.788,107054.8,0.004,428.2192
2025-10-18 03:57:59.789,107054.8,0.004,428.2192
2025-10-18 03:58:00.196,107054.8,0.001,107.0548
2025-10-18 03:58:00.198,107054.8,0.001,107.0548
2025-10-18 03:58:00.318,107054.81,0.0121,1295.363201
2025-10-18 03:58:00.469,107054.81,0.00032,34.257539200000004
2025-10-18 03:58:01.065,107054.68,0.00295,315.81130599999995
2025-10-18 03:58:01.067,107052.66,0.0002,21.410532000000003
2025-10-18 03:58:01.096,107051.84,0.00232,248.3602688
2025-10-18 03:58:01.402,107051.83,7e-05,7.4936281
2025-10-18 03:58:04.726,107051.84,0.00012,12.8462208
2025-10-18 03:58:04.917,107047.02,0.00015,16.057053
2025-10-18 03:58:05.075,107044.08,0.01494,1599.2385552
2025-10-18 03:58:05.088,107044.09,0.00287,307.2165383
2025-10-18 03:58:05.176,107044.09,0.00135,144.5095215
2025-10-18 03:58:05.382,107044.09,7e-05,7.493086299999999
2025-10-18 03:58:05.960,107044.09,0.00932,997.6509188
2025-10-18 03:58:06.348,107044.09,0.00047,50.310722299999995
2025-10-18 03:58:06.365,107044.09,0.00305,326.48447450000003
2025-10-18 03:58:07.825,107044.09,0.00047,50.310722299999995
2025-10-18 03:58:07.995,107044.08,0.00057,61.0151256
2025-10-18 03:58:08.121,107044.09,0.00018,19.2679362
2025-10-18 03:58:08.245,107044.09,0.00162,173.4114258
2025-10-18 03:58:08.736,107044.09,0.00467,499.89590029999994
2025-10-18 03:58:09.274,107044.09,0.00059,63.1560131
2025-10-18 03:58:09.701,107044.09,0.02702,2892.3313117999996
2025-10-18 03:58:09.820,107044.08,0.0001,10.704408
2025-10-18 03:58:09.996,107044.09,0.00077,82.42394929999999
2025-10-18 03:58:11.707,107044.08,0.0001,10.704408
2025-10-18 03:58:11.973,107044.09,0.01,1070.4409
2025-10-18 03:58:12.468,107044.08,0.02005,2146.233804
2025-10-18 03:58:12.537,107044.09,0.0001,10.704409
2025-10-18 03:58:13.029,107044.08,0.0001,10.704408
2025-10-18 03:58:14.318,107044.08,0.00366,391.78133280000003
2025-10-18 03:58:14.322,107042.85,0.00015,16.056427499999998
2025-10-18 03:58:14.325,107042.0,0.00359,384.28078
2025-10-18 03:58:14.327,107042.0,0.012,1284.5040000000001
2025-10-18 03:58:14.328,107042.0,0.012,1284.5040000000001
2025-10-18 03:58:14.404,107042.0,0.00362,387.49204
2025-10-18 03:58:14.405,107037.31,0.00025,26.7593275
2025-10-18 03:58:14.408,107037.22,0.00052,55.6593544
2025-10-18 03:58:14.409,107037.22,0.0001,10.703722
2025-10-18 03:58:14.410,107037.22,0.00182,194.8077404
2025-10-18 03:58:14.418,107037.22,0.0008,85.629776
2025-10-18 03:58:14.419,107036.27,0.0001,10.703627000000001
2025-10-18 03:58:14.433,107036.0,0.00295,315.7562
2025-10-18 03:58:14.448,107034.72,8e-05,8.5627776
2025-10-18 03:58:14.481,107034.63,0.00417,446.3344071
2025-10-18 03:58:14.504,107034.0,0.00379,405.65886
2025-10-18 03:58:14.510,107033.2,0.0001,10.70332
2025-10-18 03:58:14.515,107032.25,0.00141,150.9154725
2025-10-18 03:58:14.516,107031.7,0.0001,10.70317
2025-10-18 03:58:14.906,107030.79,0.00818,875.5118621999999
2025-10-18 03:58:14.959,107030.79,0.00677,724.5984483
2025-10-18 03:58:15.632,107030.79,0.00024,25.6873896
2025-10-18 03:58:16.033,107030.8,0.01266,1355.009928
2025-10-18 03:58:16.099,107030.8,0.00186,199.077288
2025-10-18 03:58:16.251,107030.79,0.00017,18.1952343
2025-10-18 03:58:16.481,107030.8,0.00374,400.295192
2025-10-18 03:58:16.485,107030.8,0.0001,10.70308
2025-10-18 03:58:16.532,107030.8,0.0001,10.70308
2025-10-18 03:58:16.548,107030.8,0.00094,100.608952
2025-10-18 03:58:16.710,107030.8,0.00015,16.05462
2025-10-18 03:58:16.723,107030.8,0.0001,10.70308
2025-10-18 03:58:16.724,107030.8,0.0001,10.70308
2025-10-18 03:58:16.785,107030.8,0.00019,20.335852000000003
2025-10-18 03:58:17.160,107030.79,0.00213,227.9755827
2025-10-18 03:58:17.319,107030.8,0.00019,20.335852000000003
2025-10-18 03:58:17.417,107030.8,7e-05,7.492156
2025-10-18 03:58:17.593,107030.79,0.11576,12389.884250399999
2025-10-18 03:58:17.624,107030.8,7e-05,7.492156
2025-10-18 03:58:17.820,107030.8,0.00015,16.05462
2025-10-18 03:58:17.881,107030.8,0.00023,24.617084000000002
2025-10-18 03:58:18.323,107030.8,0.00083,88.835564
2025-10-18 03:58:18.324,107030.79,0.0026,278.28005399999995
2025-10-18 03:58:18.570,107030.79,7e-05,7.4921552999999985
2025-10-18 03:58:18.668,107030.79,0.00047,50.304471299999996
2025-10-18 03:58:18.763,107030.79,0.00033,35.320160699999995
2025-10-18 03:58:19.070,107030.79,0.0001,10.703079
2025-10-18 03:58:19.448,107030.78,0.00037,39.6013886
2025-10-18 03:58:20.995,107030.79,0.00138,147.70249019999997
2025-10-18 03:58:21.217,107030.79,0.00024,25.6873896
2025-10-18 03:58:21.232,107030.79,7e-05,7.4921552999999985
2025-10-18 03:58:21.577,107030.79,0.00036,38.5310844
2025-10-18 03:58:23.491,107030.78,0.09348,10005.2373144
2025-10-18 03:58:23.939,107030.79,0.00179,191.58511409999997
2025-10-18 03:58:24.531,107030.78,0.09348,10005.2373144
2025-10-18 03:58:25.569,107030.78,0.09348,10005.2373144
2025-10-18 03:58:25.882,107030.78,0.00013,13.914001399999998
2025-10-18 03:58:26.118,107030.79,9e-05,9.6327711
2025-10-18 03:58:26.617,107030.78,0.09348,10005.2373144
2025-10-18 03:58:26.787,107030.78,0.00018,19.265540400000003
2025-10-18 03:58:27.546,107030.78,0.09348,10005.2373144
2025-10-18 03:58:28.327,107030.78,0.00011,11.7733858
2025-10-18 03:58:28.470,107030.79,0.00654,699.9813665999999
2025-10-18 03:58:28.535,107030.78,0.09348,10005.2373144
2025-10-18 03:58:29.098,107030.79,5e-05,5.3515395
2025-10-18 03:58:29.417,107030.79,0.00085,90.97617149999999
2025-10-18 03:58:29.517,107030.78,0.09348,10005.2373144
2025-10-18 03:58:29.555,107030.79,0.00041,43.8826239
2025-10-18 03:58:29.818,107030.79,0.00012,12.8436948
2025-10-18 03:58:29.922,107030.79,6e-05,6.4218474
2025-10-18 03:58:30.717,107030.78,0.09348,10005.2373144
2025-10-18 03:58:31.235,107030.78,0.00011,11.7733858
2025-10-18 03:58:31.267,107030.79,1.001,107137.82078999998
2025-10-18 03:58:31.423,107030.78,0.01688,1806.6795663999999
2025-10-18 03:58:31.647,107030.91,0.0002,21.406182
2025-10-18 03:58:31.649,107031.72,0.0002,21.406344
2025-10-18 03:58:31.655,107032.61,0.00322,344.6450042
2025-10-18 03:58:31.661,107034.7,0.00358,383.18422599999997
2025-10-18 03:58:31.670,107042.0,6e-05,6.4225200000000005
2025-10-18 03:58:31.679,107045.59,0.00934,999.8058105999999
2025-10-18 03:58:31.859,107045.58,0.09347,10005.550362599999
2025-10-18 03:58:32.817,107045.58,0.09347,10005.550362599999
2025-10-18 03:58:32.821,107045.58,8e-05,8.563646400000001
2025-10-18 03:58:32.881,107045.58,0.17306,18525.3080748
2025-10-18 03:58:32.898,107045.59,0.00017,18.1977503
2025-10-18 03:58:33.195,107045.58,0.00826,884.1964908
2025-10-18 03:58:33.817,107045.58,0.09347,10005.550362599999
2025-10-18 03:58:34.515,107045.58,0.0028,299.727624
2025-10-18 03:58:34.547,107045.59,0.00102,109.1865018
2025-10-18 03:58:34.915,107045.59,0.0001,10.704559
2025-10-18 03:58:34.917,107045.59,0.00027,28.9023093
2025-10-18 03:58:35.017,107045.58,0.04248,4547.296238399999
2025-10-18 03:58:35.412,107045.59,0.0004,42.818236
2025-10-18 03:58:35.413,107045.58,0.0014,149.863812
2025-10-18 03:58:35.415,107045.57,0.00182,194.8229374
2025-10-18 03:58:35.430,107045.37,0.001,107.04536999999999
2025-10-18 03:58:35.537,107043.33,0.00023,24.6199659
2025-10-18 03:58:35.870,107043.33,0.03058,3273.3850314
2025-10-18 03:58:35.975,107043.32,0.09122,9764.4916504
2025-10-18 03:58:36.285,107043.33,0.0003,32.112998999999995
2025-10-18 03:58:37.117,107043.32,0.00076,81.3529232
2025-10-18 03:58:37.503,107043.33,0.028,2997.21324
2025-10-18 03:58:38.116,107043.32,0.09347,10005.3391204
2025-10-18 03:58:39.116,107043.32,0.09347,10005.3391204
2025-10-18 03:58:39.212,107043.32,0.00611,654.0346852
2025-10-18 03:58:40.099,107043.32,0.05981,6402.2609692000005
2025-10-18 03:58:41.299,107043.32,0.01316,1408.6900912
2025-10-18 03:58:42.417,107043.32,0.00424,453.8636768
2025-10-18 03:58:43.421,107043.32,0.06559,7020.9713588
2025-10-18 03:58:44.312,107043.33,0.24804,26551.0275732
2025-10-18 03:58:44.319,107043.5,0.00095,101.691325
2025-10-18 03:58:44.321,107043.5,0.00015,16.056524999999997
2025-10-18 03:58:44.322,107046.04,0.00015,16.056905999999998
2025-10-18 03:58:44.358,107047.92,0.09346,10004.6986032
2025-10-18 03:58:44.381,107047.92,0.00015,16.057188
2025-10-18 03:58:45.390,107047.92,0.09346,10004.6986032
2025-10-18 03:58:46.479,107047.92,0.09346,10004.6986032
2025-10-18 03:58:47.585,107047.93,0.00934,999.8276661999998
2025-10-18 03:58:47.672,107047.92,0.09346,10004.6986032
2025-10-18 03:58:47.966,107047.93,0.03014,3226.4246101999997
2025-10-18 03:58:48.382,107047.93,0.00935,1000.8981455
2025-10-18 03:58:48.659,107047.92,0.09346,10004.6986032
2025-10-18 03:58:48.661,107048.11,0.0002,21.409622000000002
2025-10-18 03:58:48.672,107052.38,5e-05,5.352619000000001
2025-10-18 03:58:48.726,107054.34,0.0057,610.209738
2025-10-18 03:58:48.966,107054.35,0.0035,374.69022500000005
2025-10-18 03:58:48.967,107058.9,3e-05,3.211767
2025-10-18 03:58:48.970,107062.5,5e-05,5.353125
2025-10-18 03:58:48.991,107063.19,0.02,2141.2638
2025-10-18 03:58:49.018,107063.19,0.00058,62.0966502
2025-10-18 03:58:49.029,107070.41,0.0017,182.019697
2025-10-18 03:58:49.792,107070.41,0.09344,10004.6591104
2025-10-18 03:58:50.110,107070.42,0.01495,1600.702779
2025-10-18 03:58:50.175,107070.42,0.01495,1600.702779
2025-10-18 03:58:50.817,107070.41,0.09344,10004.6591104
2025-10-18 03:58:51.387,107070.41,0.00136,145.61575760000002
2025-10-18 03:58:51.812,107070.41,0.09344,10004.6591104
2025-10-18 03:58:52.593,107070.41,0.00011,11.7777451
2025-10-18 03:58:52.916,107070.41,0.09344,10004.6591104
2025-10-18 03:58:53.883,107070.41,0.09344,10004.6591104
2025-10-18 03:58:54.160,107070.42,0.05605,6001.297041
2025-10-18 03:58:55.015,107070.41,0.09344,10004.6591104
2025-10-18 03:58:55.192,107070.42,0.00065,69.595773
2025-10-18 03:58:55.237,107070.42,0.00402,430.4230884
2025-10-18 03:58:55.267,107070.42,0.00934,1000.0377227999999
2025-10-18 03:58:56.030,107070.41,9e-05,9.636336900000002
2025-10-18 03:58:56.150,107070.41,0.09344,10004.6591104
2025-10-18 03:58:56.763,107070.42,0.0001,10.707042
2025-10-18 03:58:57.296,107070.41,0.09344,10004.6591104
2025-10-18 03:58:57.526,107070.42,0.00354,379.0292868
2025-10-18 03:58:58.379,107070.41,0.09344,10004.6591104
2025-10-18 03:58:59.285,107070.41,9e-05,9.636336900000002
2025-10-18 03:58:59.361,107070.41,0.09344,10004.6591104
2025-10-18 03:58:59.950,107070.42,0.00057,61.030139399999996
2025-10-18 03:59:00.116,107070.42,0.00235,251.615487
2025-10-18 03:59:00.138,107070.42,0.01495,1600.702779
2025-10-18 03:59:00.292,107070.42,0.01495,1600.702779
2025-10-18 03:59:00.399,107070.41,0.09344,10004.6591104
2025-10-18 03:59:00.477,107070.42,0.0001,10.707042
2025-10-18 03:59:00.547,107070.42,0.05603,5999.1556326
2025-10-18 03:59:01.585,107070.41,0.09344,10004.6591104
2025-10-18 03:59:02.414,107070.42,0.0001,10.707042
2025-10-18 03:59:02.509,107070.42,0.02,2141.4084
2025-10-18 03:59:02.617,107070.41,0.09344,10004.6591104
2025-10-18 03:59:02.680,107070.42,0.008,856.56336
2025-10-18 03:59:02.790,107070.42,0.00053,56.7473226
2025-10-18 03:59:03.632,107070.42,0.60689,64979.9671938
2025-10-18 03:59:03.666,107070.41,0.09344,10004.6591104
2025-10-18 03:59:03.986,107070.42,0.00074,79.2321108
2025-10-18 03:59:04.534,107070.42,0.0121,1295.552082
2025-10-18 03:59:04.798,107070.42,0.00011,11.777746200000001
2025-10-18 03:59:04.816,107070.41,0.09344,10004.6591104
2025-10-18 03:59:05.505,107070.41,0.00014,14.9898574
2025-10-18 03:59:06.008,107070.41,0.09344,10004.6591104
2025-10-18 03:59:06.058,107070.42,0.028,2997.97176
2025-10-18 03:59:06.515,107080.33,0.00015,16.0620495
2025-10-18 03:59:06.537,107080.34,0.028,2998.24952
2025-10-18 03:59:06.858,107080.33,0.00118,126.3547894
2025-10-18 03:59:07.056,107080.34,0.00026,27.840888399999997
2025-10-18 03:59:07.146,107080.33,0.09344,10005.5860352
2025-10-18 03:59:07.510,107080.34,0.007,749.56238
2025-10-18 03:59:08.212,107080.33,0.09344,10005.5860352
2025-10-18 03:59:08.270,107080.34,0.021,2248.68714
2025-10-18 03:59:09.214,107080.33,0.09344,10005.5860352
2025-10-18 03:59:09.292,107080.33,0.17163,18378.1970379
2025-10-18 03:59:09.356,107080.34,0.028,2998.24952
2025-10-18 03:59:09.547,107080.33,9e-05,9.6372297
2025-10-18 03:59:10.031,107080.34,0.004,428.32135999999997
2025-10-18 03:59:10.254,107080.33,0.09344,10005.5860352
2025-10-18 03:59:10.328,107080.34,0.024,2569.92816
2025-10-18 03:59:10.457,107080.34,0.002,214.16067999999999
2025-10-18 03:59:10.495,107080.34,0.002,214.16067999999999
2025-10-18 03:59:10.780,107080.34,0.019,2034.5264599999998
2025-10-18 03:59:10.782,107080.33,0.00036,38.5489188
2025-10-18 03:59:11.185,107080.34,0.005,535.4017
2025-10-18 03:59:11.215,107086.76,0.0056,599.685856
2025-10-18 03:59:11.218,107091.11,6e-05,6.4254666
2025-10-18 03:59:11.227,107091.11,0.00018,19.2763998
2025-10-18 03:59:11.238,107091.1,0.09343,10005.521473
2025-10-18 03:59:12.417,107091.1,0.09343,10005.521473
2025-10-18 03:59:12.533,107091.11,0.00016,17.1345776
2025-10-18 03:59:12.538,107091.11,0.00211,225.9622421
2025-10-18 03:59:13.519,107091.1,0.00023,24.630953
2025-10-18 03:59:13.563,107091.1,0.09343,10005.521473
2025-10-18 03:59:14.551,107091.1,0.09343,10005.521473
2025-10-18 03:59:14.559,107091.11,0.01262,1351.4898082
2025-10-18 03:59:14.786,107091.1,7e-05,7.496377
2025-10-18 03:59:14.939,107091.11,6e-05,6.4254666
2025-10-18 03:59:15.139,107091.1,0.00012,12.850932
2025-10-18 03:59:15.518,107091.1,0.09343,10005.521473
2025-10-18 03:59:16.206,107091.11,0.012,1285.09332
2025-10-18 03:59:16.437,107091.11,0.014,1499.27554
2025-10-18 03:59:16.540,107091.11,0.002,214.18222
2025-10-18 03:59:16.716,107091.1,0.09343,10005.521473
2025-10-18 03:59:17.385,107091.11,0.019,2034.73109
2025-10-18 03:59:17.683,107091.11,0.028,2998.55108
2025-10-18 03:59:17.717,107091.1,0.09343,10005.521473
2025-10-18 03:59:17.803,107091.1,0.00364,389.81160400000005
2025-10-18 03:59:17.959,107091.11,0.013,1392.18443
2025-10-18 03:59:18.332,107091.11,0.014,1499.27554
2025-10-18 03:59:18.785,107091.11,0.001,107.09111
2025-10-18 03:59:19.816,107091.1,0.09343,10005.521473
2025-10-18 03:59:19.962,107091.11,0.00036,38.5527996
2025-10-18 03:59:20.648,107091.1,8e-05,8.567288000000001
2025-10-18 03:59:21.016,107091.1,0.09343,10005.521473
2025-10-18 03:59:21.128,107091.11,6e-05,6.4254666
2025-10-18 03:59:21.180,107091.1,0.00011,11.780021000000001
2025-10-18 03:59:21.190,107091.1,0.01868,2000.461748
2025-10-18 03:59:21.261,107091.11,0.028,2998.55108
2025-10-18 03:59:21.362,107091.11,8e-05,8.5672888
2025-10-18 03:59:21.541,107091.11,8e-05,8.5672888
2025-10-18 03:59:21.602,107091.11,0.028,2998.55108
2025-10-18 03:59:22.272,107091.1,0.0001,10.70911
2025-10-18 03:59:22.281,107091.1,0.00017,18.205487
2025-10-18 03:59:22.362,107091.1,0.00083,88.885613
2025-10-18 03:59:22.600,107091.11,0.00046,49.2619106
2025-10-18 03:59:23.217,107091.1,0.09343,10005.521473
2025-10-18 03:59:23.520,107091.11,0.00064,68.5383104
2025-10-18 03:59:24.317,107091.1,0.09343,10005.521473
2025-10-18 03:59:25.018,107091.11,0.00598,640.4048378
2025-10-18 03:59:25.540,107091.1,0.09343,10005.521473
2025-10-18 03:59:26.383,107091.11,0.00047,50.3328217
2025-10-18 03:59:27.027,107087.04,0.00339,363.02506559999995
2025-10-18 03:59:27.117,107087.04,0.09343,10005.1421472
2025-10-18 03:59:27.476,107087.04,0.00443,474.39558719999997
2025-10-18 03:59:27.847,107086.81,0.0001,10.708681
2025-10-18 03:59:27.848,107086.12,5e-05,5.354306
2025-10-18 03:59:27.849,107083.96,0.04094,4384.0173224
2025-10-18 03:59:27.850,107078.69,0.0002,21.415738
2025-10-18 03:59:27.854,107078.69,5e-05,5.3539345
2025-10-18 03:59:27.856,107077.45,0.03035,3249.8006075
2025-10-18 03:59:27.860,107077.44,0.00023,24.6278112
2025-10-18 03:59:27.919,107077.33,0.00251,268.7640983
2025-10-18 03:59:27.991,107077.33,0.00466,498.98035780000004
2025-10-18 03:59:28.546,107077.32,0.04862,5206.0992984
2025-10-18 03:59:29.137,107077.33,6e-05,6.4246398000000005
2025-10-18 03:59:29.587,107077.32,0.00094,100.6526808
2025-10-18 03:59:29.653,107077.32,0.0001,10.707732000000002
2025-10-18 03:59:30.244,107077.33,0.00029,31.0524257
2025-10-18 03:59:30.267,107077.33,0.0003,32.123199
2025-10-18 03:59:30.289,107077.33,0.00029,31.0524257
2025-10-18 03:59:30.311,107077.33,0.0003,32.123199
2025-10-18 03:59:30.322,107077.33,0.00029,31.0524257
2025-10-18 03:59:30.346,107077.33,0.0003,32.123199
2025-10-18 03:59:30.368,107077.33,0.0003,32.123199
2025-10-18 03:59:30.393,107077.33,0.00029,31.0524257
2025-10-18 03:59:30.403,107077.33,0.0003,32.123199
2025-10-18 03:59:30.425,107077.33,0.00029,31.0524257
2025-10-18 03:59:30.446,107077.33,0.0003,32.123199
2025-10-18 03:59:30.466,107077.33,0.00029,31.0524257
2025-10-18 03:59:30.490,107077.33,0.0003,32.123199
2025-10-18 03:59:30.511,107077.33,0.0003,32.123199
2025-10-18 03:59:30.523,107077.33,0.00029,31.0524257
2025-10-18 03:59:30.617,107077.32,0.00054,57.821752800000006
2025-10-18 03:59:31.616,107077.32,0.0005,53.53866000000001
2025-10-18 03:59:31.738,107077.32,0.00046,49.2555672
2025-10-18 03:59:32.091,107077.32,0.00466,498.9803112
2025-10-18 03:59:32.379,107077.3,0.0005,53.538650000000004
2025-10-18 03:59:32.380,107077.3,0.0003,32.12319
2025-10-18 03:59:32.387,107077.07,0.0005,53.538535
2025-10-18 03:59:32.451,107077.07,0.0008,85.66165600000001
2025-10-18 03:59:32.453,107072.37,0.0001,10.707237
2025-10-18 03:59:32.456,107070.8,0.0001,10.707080000000001
2025-10-18 03:59:32.492,107070.42,0.00477,510.7259034
2025-10-18 03:59:32.717,107070.41,0.00674,721.6545634
2025-10-18 03:59:33.339,107070.41,0.002,214.14082000000002
2025-10-18 03:59:33.340,107070.41,0.002,214.14082000000002
2025-10-18 03:59:33.342,107070.41,0.00204,218.42363640000002
2025-10-18 03:59:33.403,107070.4,0.0178,1905.85312
2025-10-18 03:59:33.557,107070.4,7e-05,7.494927999999999
2025-10-18 03:59:33.717,107070.4,0.01234,1321.248736
2025-10-18 03:59:34.304,107070.41,0.00022,23.5554902
2025-10-18 03:59:34.558,107070.41,0.00823,881.1894742999999
2025-10-18 03:59:34.667,107070.4,0.01147,1228.0974879999999
2025-10-18 03:59:35.144,107070.4,0.003,321.21119999999996
2025-10-18 03:59:35.145,107070.4,0.003,321.21119999999996
2025-10-18 03:59:35.231,107070.41,0.00069,73.8785829
2025-10-18 03:59:35.706,107070.4,0.01407,1506.4805279999998
2025-10-18 03:59:36.846,107070.4,0.04252,4552.633408
2025-10-18 03:59:36.987,107070.41,0.009,963.63369
2025-10-18 03:59:37.198,107070.41,0.012,1284.84492
2025-10-18 03:59:37.883,107070.4,0.09345,10005.72888
2025-10-18 03:59:37.962,107070.41,0.007,749.49287
2025-10-18 03:59:38.183,107070.41,0.00094,100.64618540000001
2025-10-18 03:59:38.282,107070.41,0.00018,19.272673800000003
2025-10-18 03:59:38.623,107070.41,0.00736,788.0382176
2025-10-18 03:59:38.955,107070.4,0.00191,204.50446399999998
2025-10-18 03:59:39.018,107070.4,0.09345,10005.72888
2025-10-18 03:59:39.483,107070.41,0.028,2997.97148
2025-10-18 03:59:40.106,107070.4,0.09345,10005.72888
2025-10-18 03:59:40.182,107070.41,0.00094,100.64618540000001
2025-10-18 03:59:40.190,107070.4,0.00735,786.9674399999999
2025-10-18 03:59:40.272,107070.41,0.028,2997.97148
2025-10-18 03:59:40.621,107070.41,0.0001,10.707041
2025-10-18 03:59:41.184,107070.41,0.00046,49.2523886
2025-10-18 03:59:41.194,107070.4,0.09345,10005.72888
2025-10-18 03:59:41.631,107070.41,0.00734,785.8968094
2025-10-18 03:59:42.234,107070.4,0.09345,10005.72888
2025-10-18 03:59:42.296,107070.41,0.028,2997.97148
2025-10-18 03:59:42.318,107070.41,0.0028,299.797148
2025-10-18 03:59:42.609,107070.41,0.00033,35.3332353
2025-10-18 03:59:43.055,107070.4,0.00733,784.8260319999999
2025-10-18 03:59:43.246,107070.4,0.09345,10005.72888
2025-10-18 03:59:43.310,107070.41,0.028,2997.97148
2025-10-18 03:59:44.002,107070.41,0.00653,699.1697773000001
2025-10-18 03:59:44.411,107070.4,0.09344,10004.658175999999
2025-10-18 03:59:44.436,107070.41,0.028,2997.97148
2025-10-18 03:59:45.226,107070.41,0.00733,784.8261053
2025-10-18 03:59:45.362,107070.41,0.00023,24.6261943
2025-10-18 03:59:45.447,107070.4,0.09344,10004.658175999999
2025-10-18 03:59:46.450,107070.41,0.021,2248.47861
2025-10-18 03:59:46.452,107070.41,0.007,749.49287
2025-10-18 03:59:46.591,107070.4,0.09344,10004.658175999999
2025-10-18 03:59:46.645,107070.41,4e-05,4.282816400000001
2025-10-18 03:59:46.708,107070.41,0.00028,29.9797148
2025-10-18 03:59:46.845,107070.4,0.00732,783.755328
2025-10-18 03:59:47.583,107070.41,0.028,2997.97148
2025-10-18 03:59:47.678,107070.4,0.09344,10004.658175999999
2025-10-18 03:59:48.615,107070.4,0.01829,1958.317616
2025-10-18 03:59:48.818,107070.4,0.09344,10004.658175999999
2025-10-18 03:59:49.117,107070.41,0.00344,368.3222104
2025-10-18 03:59:49.509,107070.41,0.00015,16.0605615
2025-10-18 03:59:49.533,107070.4,0.0046,492.52383999999995
2025-10-18 03:59:49.959,107070.4,0.09344,10004.658175999999
2025-10-18 03:59:50.962,107070.41,0.028,2997.97148
2025-10-18 03:59:51.260,107070.4,0.09344,10004.658175999999
2025-10-18 03:59:51.263,107070.41,0.00728,779.4725848
2025-10-18 03:59:52.417,107070.4,0.09344,10004.658175999999
2025-10-18 03:59:52.950,107070.41,0.00341,365.1100981
2025-10-18 03:59:53.517,107070.4,0.09344,10004.658175999999
2025-10-18 03:59:53.719,107070.41,0.096,10278.75936
2025-10-18 03:59:53.839,107070.4,8e-05,8.565632
2025-10-18 03:59:53.907,107070.41,0.0002,21.414082
2025-10-18 03:59:54.617,107070.4,0.09344,10004.658175999999
2025-10-18 03:59:55.078,107070.41,0.00344,368.3222104
2025-10-18 03:59:55.643,107070.4,0.00297,317.999088
2025-10-18 03:59:55.783,107070.4,0.09344,10004.658175999999
2025-10-18 03:59:56.413,107070.4,0.00035,37.47464
2025-10-18 03:59:56.915,107070.4,0.09344,10004.658175999999
2025-10-18 03:59:58.016,107070.4,0.09344,10004.658175999999
2025-10-18 03:59:58.277,107070.4,0.00088,94.221952
2025-10-18 03:59:59.117,107070.4,0.09344,10004.658175999999
2025-10-18 04:00:00.280,107070.41,0.00028,29.9797148
2025-10-18 04:00:00.309,107070.4,0.09344,10004.658175999999
2025-10-18 04:00:00.543,107070.41,0.00094,100.64618540000001
2025-10-18 04:00:00.558,107070.41,5e-05,5.3535205
2025-10-18 04:00:00.692,107070.41,0.00241,258.0396881
2025-10-18 04:00:01.009,107070.41,0.00093,99.5754813
2025-10-18 04:00:01.312,107070.4,0.0396,4239.98784
2025-10-18 04:00:01.396,107070.41,0.00018,19.272673800000003
2025-10-18 04:00:01.457,107070.41,6e-05,6.4242246000000005
2025-10-18 04:00:01.516,107070.41,0.00186,199.1509626
2025-10-18 04:00:01.535,107066.62,0.00015,16.059993
2025-10-18 04:00:01.536,107058.25,6e-05,6.423495
2025-10-18 04:00:01.537,107053.71,0.0128,1370.2874880000002
2025-10-18 04:00:01.538,107050.69,0.03184,3408.4939696
2025-10-18 04:00:01.540,107050.69,0.00933,998.7829377
2025-10-18 04:00:01.544,107050.69,0.00045,48.1728105
2025-10-18 04:00:01.546,107050.69,0.0003,32.115207
2025-10-18 04:00:01.568,107049.88,0.0346,3703.925848
2025-10-18 04:00:01.606,107049.88,0.00045,48.172446
2025-10-18 04:00:01.619,107049.88,0.00274,293.3166712
2025-10-18 04:00:01.730,107049.88,0.00274,293.3166712
2025-10-18 04:00:02.011,107049.88,0.00942,1008.4098696
2025-10-18 04:00:02.040,107049.88,0.27231,29150.7528228
2025-10-18 04:00:02.042,107049.88,0.06566,7028.8951208
2025-10-18 04:00:02.043,107051.08,5e-05,5.3525540000000005
2025-10-18 04:00:02.129,107056.79,0.00116,124.1858764
2025-10-18 04:00:02.423,107056.78,0.00617,660.5403326
2025-10-18 04:00:02.491,107056.79,5e-05,5.3528395
2025-10-18 04:00:02.517,107056.78,0.09344,10003.385523199999
2025-10-18 04:00:02.552,107056.79,0.01065,1140.1548134999998
2025-10-18 04:00:02.586,107056.79,0.01846,1976.2683434
2025-10-18 04:00:02.588,107060.0,5e-05,5.353000000000001
2025-10-18 04:00:02.620,107067.08,0.00611,654.1798588
2025-10-18 04:00:02.633,107067.08,0.00047,50.321527599999996
2025-10-18 04:00:02.771,107067.08,0.00887,949.6849996
2025-10-18 04:00:02.862,107067.07,0.002,214.13414000000003
2025-10-18 04:00:03.082,107067.08,0.00012,12.848049600000001
2025-10-18 04:00:03.515,107067.08,0.00021,22.4840868
2025-10-18 04:00:03.592,107067.07,0.00028,29.9787796
2025-10-18 04:00:03.617,107067.07,0.09344,10004.3470208
2025-10-18 04:00:04.047,107067.08,0.10015,10722.768062000001
2025-10-18 04:00:04.585,107067.07,0.01868,2000.0128676
2025-10-18 04:00:04.807,107067.07,0.09344,10004.3470208
2025-10-18 04:00:04.915,107063.86,0.00015,16.059579
2025-10-18 04:00:05.512,107063.86,6e-05,6.423831600000001
2025-10-18 04:00:05.567,107063.86,0.01,1070.6386
2025-10-18 04:00:05.571,107063.86,0.005,535.3193
2025-10-18 04:00:05.580,107063.85,0.00031,33.1897935
2025-10-18 04:00:05.725,107063.86,0.00454,486.0699244
2025-10-18 04:00:05.886,107063.85,0.09344,10004.046144
2025-10-18 04:00:06.036,107063.86,0.00821,878.9942906
2025-10-18 04:00:06.666,107063.86,0.28582,30600.9924652
2025-10-18 04:00:06.917,107063.85,0.09344,10004.046144
2025-10-18 04:00:07.166,107063.86,5e-05,5.353193
2025-10-18 04:00:07.379,107063.86,0.00077,82.4391722
2025-10-18 04:00:07.428,107063.86,0.00012,12.847663200000001
2025-10-18 04:00:07.617,107063.85,0.00129,138.1123665
2025-10-18 04:00:07.964,107063.85,0.09344,10004.046144
2025-10-18 04:00:08.185,107063.86,0.00163,174.5140918
2025-10-18 04:00:08.847,107063.86,0.00235,251.600071
2025-10-18 04:00:09.003,107063.85,0.09344,10004.046144
2025-10-18 04:00:09.736,107063.86,0.00351,375.7941486
2025-10-18 04:00:09.873,107063.86,4e-05,4.2825544
2025-10-18 04:00:10.014,107063.86,0.00125,133.829825
2025-10-18 04:00:10.018,107063.85,0.09344,10004.046144
2025-10-18 04:00:10.116,107063.86,0.00396,423.9728856
2025-10-18 04:00:10.189,107063.85,0.00094,100.64001900000001
2025-10-18 04:00:10.560,107063.86,0.00933,998.9058138
2025-10-18 04:00:10.800,107070.4,0.00444,475.392576
2025-10-18 04:00:10.984,107070.4,0.0003,32.12112
2025-10-18 04:00:11.080,107070.4,0.00032,34.262528
2025-10-18 04:00:11.174,107070.4,0.00052,55.676607999999995
2025-10-18 04:00:11.330,107070.39,0.09344,10004.6572416
2025-10-18 04:00:11.354,107070.4,0.00499,534.2812959999999
2025-10-18 04:00:12.018,107070.4,0.00019,20.343376
2025-10-18 04:00:12.369,107070.39,0.09344,10004.6572416
2025-10-18 04:00:12.468,107070.39,0.00023,24.6261897
2025-10-18 04:00:12.638,107070.4,0.00028,29.979711999999996
2025-10-18 04:00:12.775,107070.4,0.00044,47.110976
2025-10-18 04:00:13.281,107070.4,9e-05,9.636336
2025-10-18 04:00:13.412,107070.39,0.09344,10004.6572416
2025-10-18 04:00:14.283,107070.4,0.01401,1500.056304
2025-10-18 04:00:14.298,107070.4,0.01227,1313.753808
2025-10-18 04:00:14.302,107070.4,0.00934,1000.0375359999999
2025-10-18 04:00:14.309,107070.4,0.02,2141.408
2025-10-18 04:00:14.344,107070.39,0.09344,10004.6572416
2025-10-18 04:00:14.445,107070.4,0.028,2997.9712
2025-10-18 04:00:15.431,107070.39,0.09344,10004.6572416
2025-10-18 04:00:15.671,107067.18,5e-05,5.353359
2025-10-18 04:00:15.672,107058.85,0.01495,1600.5298075
2025-10-18 04:00:15.673,107043.32,0.00066,70.6485912
2025-10-18 04:00:15.681,107035.5,0.00256,274.01088000000004
2025-10-18 04:00:15.683,107028.33,0.00045,48.1627485
2025-10-18 04:00:15.688,107023.04,0.00908,971.7692031999999
2025-10-18 04:00:15.689,107021.42,0.0228,2440.088376
2025-10-18 04:00:15.690,107018.0,0.0628,6720.7303999999995
2025-10-18 04:00:15.691,107017.22,0.07412,7932.116346400001
2025-10-18 04:00:15.693,107015.4,0.017,1819.2618
2025-10-18 04:00:15.696,107015.4,0.0513,5489.89002
2025-10-18 04:00:15.697,107015.4,0.0749,8015.453459999999
2025-10-18 04:00:15.701,107007.44,5e-05,5.350372
2025-10-18 04:00:15.702,107003.86,0.00657,703.0153602
2025-10-18 04:00:15.704,107001.74,0.023,2461.04002
2025-10-18 04:00:15.712,107001.74,0.04671,4998.0512754
2025-10-18 04:00:15.714,107001.74,0.02709,2898.6771366000003
2025-10-18 04:00:15.720,107000.01,0.00029,31.0300029
2025-10-18 04:00:15.721,107000.01,0.00157,167.9900157
2025-10-18 04:00:15.722,107000.0,0.02522,2698.54
2025-10-18 04:00:15.732,107000.0,0.09342,9995.94
2025-10-18 04:00:15.733,107014.73,0.01864,1994.7545671999999
2025-10-18 04:00:15.736,107000.0,0.082,8774.0
2025-10-18 04:00:15.741,107000.0,0.00934,999.3799999999999
2025-10-18 04:00:15.743,107000.0,0.02147,2297.29
2025-10-18 04:00:15.752,107006.41,0.0001,10.700641000000001
2025-10-18 04:00:15.758,107000.0,0.18621,19924.469999999998
2025-10-18 04:00:15.767,107000.0,0.2248,24053.6
2025-10-18 04:00:15.773,107000.0,0.0084,898.8
2025-10-18 04:00:15.776,107000.0,0.35401,37879.07
2025-10-18 04:00:15.777,107000.0,0.1076,11513.2
2025-10-18 04:00:15.779,107000.0,0.02625,2808.75
2025-10-18 04:00:15.780,106999.61,9e-05,9.629964900000001
2025-10-18 04:00:15.790,106992.46,5e-05,5.349623
2025-10-18 04:00:15.793,106988.9,0.00051,54.564339000000004
2025-10-18 04:00:15.794,106988.9,0.068,7275.2452
2025-10-18 04:00:15.795,106988.9,0.008,855.9112
2025-10-18 04:00:15.836,106988.9,0.00103,110.19856700000001
2025-10-18 04:00:15.839,106988.9,0.015,1604.8335
2025-10-18 04:00:15.840,106988.9,0.43,46005.227
2025-10-18 04:00:15.855,106982.81,0.0001,10.698281
2025-10-18 04:00:15.868,106982.64,0.08,8558.6112
2025-10-18 04:00:15.929,106982.64,0.00581,621.5691384
2025-10-18 04:00:15.931,106982.64,0.00354,378.7185456
2025-10-18 04:00:15.945,106988.01,6e-05,6.4192806
2025-10-18 04:00:15.946,106988.01,9e-05,9.6289209
2025-10-18 04:00:15.965,106982.64,0.0048,513.516672
2025-10-18 04:00:15.987,106982.64,0.00117,125.1696888
2025-10-18 04:00:15.995,106982.64,0.00175,187.21962
2025-10-18 04:00:16.035,106982.65,0.00015,16.0473975
2025-10-18 04:00:16.036,106982.64,0.02241,2397.4809624
2025-10-18 04:00:16.040,106982.65,0.00025,26.745662499999998
2025-10-18 04:00:16.042,106982.64,0.0367,3926.262888
2025-10-18 04:00:16.169,106982.65,0.00186,198.987729
2025-10-18 04:00:16.217,106982.65,0.17921,19172.3607065
2025-10-18 04:00:16.260,106982.64,0.01295,1385.425188
2025-10-18 04:00:16.364,106982.65,0.00098,104.842997
2025-10-18 04:00:16.365,106982.65,0.00098,104.842997
2025-10-18 04:00:16.558,106982.64,0.09352,10005.016492800001
2025-10-18 04:00:16.600,106982.64,0.01,1069.8264
2025-10-18 04:00:16.602,106982.64,0.005,534.9132
2025-10-18 04:00:16.701,106982.65,0.17531,18755.1283715
2025-10-18 04:00:16.989,106982.65,0.0002,21.39653
2025-10-18 04:00:17.286,106982.65,0.00013,13.907744499999998
2025-10-18 04:00:17.683,106982.64,0.09352,10005.016492800001
2025-10-18 04:00:17.764,106982.65,0.00481,514.5865464999999
2025-10-18 04:00:18.144,106982.65,0.00107,114.4714355
2025-10-18 04:00:18.703,106982.65,0.01115,1192.8565475
2025-10-18 04:00:18.816,106982.64,0.09352,10005.016492800001
2025-10-18 04:00:18.912,106982.65,0.0001,10.698265
2025-10-18 04:00:19.324,106982.65,0.03535,3781.8366775
2025-10-18 04:00:19.400,106982.65,0.01527,1633.6250655
2025-10-18 04:00:19.570,106982.64,0.01,1069.8264
2025-10-18 04:00:19.682,106982.65,0.00283,302.7608995
2025-10-18 04:00:19.898,106982.64,0.09352,10005.016492800001
2025-10-18 04:00:20.195,106982.65,4e-05,4.279306
2025-10-18 04:00:20.754,106982.65,0.00065,69.53872249999999
2025-10-18 04:00:21.017,106982.64,0.09352,10005.016492800001
2025-10-18 04:00:22.093,106982.64,0.1773,18968.022072
2025-10-18 04:00:22.116,106982.64,0.09352,10005.016492800001
2025-10-18 04:00:22.232,106982.64,0.00086,92.0050704
2025-10-18 04:00:22.318,106982.64,0.00024,25.6758336
2025-10-18 04:00:22.647,106982.65,0.26205,28034.8034325
2025-10-18 04:00:22.653,106982.65,0.0526,5627.2873899999995
2025-10-18 04:00:22.655,106982.65,0.05243,5609.1003395
2025-10-18 04:00:22.665,106982.65,0.30409,32532.3540385
2025-10-18 04:00:22.666,106982.65,0.33483,35821.0006995
2025-10-18 04:00:22.680,106983.42,0.01621,1734.2012381999998
2025-10-18 04:00:22.681,106983.43,0.04341,4644.150696299999
2025-10-18 04:00:22.683,106983.43,0.00015,16.0475145
2025-10-18 04:00:22.696,106984.5,0.09903,10594.675035
2025-10-18 04:00:22.699,106984.49,0.00013,13.907983699999999
2025-10-18 04:00:22.703,106984.58,0.0001,10.698458
2025-10-18 04:00:22.727,106985.69,0.0826,8837.017994000002
2025-10-18 04:00:22.731,106985.69,0.04845,5183.4566805
2025-10-18 04:00:22.734,106985.69,0.04716,5045.4451404
2025-10-18 04:00:22.834,106985.69,0.00392,419.3839048
2025-10-18 04:00:22.871,106985.69,0.00629,672.9399900999999
2025-10-18 04:00:22.872,106987.63,0.00015,16.0481445
2025-10-18 04:00:22.993,106987.64,0.0001,10.698764
2025-10-18 04:00:23.266,106987.63,0.09351,10004.4132813
2025-10-18 04:00:23.596,106987.64,0.18332,19612.9741648
2025-10-18 04:00:23.597,106987.64,0.21803,23326.5151492
2025-10-18 04:00:23.598,106987.64,0.07107,7603.611574799999
2025-10-18 04:00:23.599,106987.64,0.39938,42728.7236632
2025-10-18 04:00:23.600,106987.64,0.08654,9258.7103656
2025-10-18 04:00:23.601,106987.64,0.07698,8235.908527200001
2025-10-18 04:00:23.628,106987.64,0.14347,15349.516710799999
2025-10-18 04:00:23.629,106987.64,0.15048,16099.5000672
2025-10-18 04:00:23.633,106987.64,0.01446,1547.0412744
2025-10-18 04:00:23.634,106987.64,0.244,26104.98416
2025-10-18 04:00:23.635,106993.98,5e-05,5.349699
2025-10-18 04:00:23.653,106995.98,0.00095,101.646181
2025-10-18 04:00:23.679,106995.98,0.00203,217.2018394
2025-10-18 04:00:23.844,106995.98,7e-05,7.489718599999999
2025-10-18 04:00:24.177,106995.98,0.00186,199.0125228
2025-10-18 04:00:24.303,106995.97,0.09351,10005.1931547
2025-10-18 04:00:25.281,106995.98,0.00229,245.02079419999998
2025-10-18 04:00:25.317,106995.97,0.09351,10005.1931547
2025-10-18 04:00:25.696,106995.98,0.00017,18.1893166
2025-10-18 04:00:25.768,106995.98,0.003,320.98794
2025-10-18 04:00:26.199,106995.97,0.0055,588.477835
2025-10-18 04:00:26.249,106995.98,0.00964,1031.4412472
2025-10-18 04:00:26.424,106995.97,0.09351,10005.1931547
2025-10-18 04:00:26.638,106995.98,0.00017,18.1893166
2025-10-18 04:00:26.778,106995.98,6e-05,6.4197588
2025-10-18 04:00:26.879,106995.98,0.00059,63.127628200000004
2025-10-18 04:00:27.414,106995.98,0.00839,897.6962722
2025-10-18 04:00:27.518,106995.98,0.00071,75.9671458
2025-10-18 04:00:27.616,106995.97,0.0102,1091.3588940000002
2025-10-18 04:00:28.189,106995.97,0.00095,101.6461715
2025-10-18 04:00:28.241,106995.98,0.00882,943.7045436
2025-10-18 04:00:28.284,106995.97,0.0011,117.69556700000001
2025-10-18 04:00:28.553,106995.98,0.02,2139.9196
2025-10-18 04:00:28.558,106995.98,0.00017,18.1893166
2025-10-18 04:00:28.576,106995.98,0.00447,478.2720306
2025-10-18 04:00:28.591,107000.0,5e-05,5.3500000000000005
2025-10-18 04:00:28.640,107000.25,0.028,2996.007
2025-10-18 04:00:28.737,107000.24,0.00102,109.14024480000002
2025-10-18 04:00:28.757,107000.25,0.00174,186.180435
2025-10-18 04:00:28.779,107001.44,0.00129,138.0318576
2025-10-18 04:00:29.177,107001.45,9e-05,9.6301305
2025-10-18 04:00:29.750,107001.45,0.04242,4539.001509
2025-10-18 04:00:30.685,107001.44,0.00543,581.0178192
2025-10-18 04:00:30.879,107001.44,9e-05,9.6301296
2025-10-18 04:00:31.010,107001.44,0.002,214.00288
2025-10-18 04:00:31.607,107001.44,0.001,107.00144
2025-10-18 04:00:31.833,107001.44,7e-05,7.4901008
2025-10-18 04:00:32.023,107001.44,0.00029,31.0304176
2025-10-18 04:00:32.092,107001.44,0.00025,26.75036
2025-10-18 04:00:32.594,107001.45,0.00091,97.3713195
2025-10-18 04:00:33.398,107001.44,0.0003,32.100432
2025-10-18 04:00:33.419,107001.44,7e-05,7.4901008
2025-10-18 04:00:33.582,107001.45,0.00599,640.9386854999999
2025-10-18 04:00:33.732,107001.45,0.00472,505.046844
2025-10-18 04:00:33.841,107001.44,3.0,321004.32
2025-10-18 04:00:34.436,107001.44,0.012,1284.01728
2025-10-18 04:00:34.437,107001.44,0.012,1284.01728
2025-10-18 04:00:34.473,107001.45,0.00013,13.910188499999999
2025-10-18 04:00:34.842,107001.45,0.05607,5999.5713015
2025-10-18 04:00:34.878,107001.45,0.00035,37.4505075
2025-10-18 04:00:34.962,107001.44,0.012,1284.01728
2025-10-18 04:00:35.174,107001.45,0.00093,99.5113485
2025-10-18 04:00:35.385,107001.44,0.012,1284.01728
2025-10-18 04:00:35.593,107001.45,0.00934,999.3935429999999
2025-10-18 04:00:35.811,107001.45,0.00049,52.430710499999996
2025-10-18 04:00:35.880,107001.45,0.028,2996.0406
2025-10-18 04:00:36.472,107001.45,0.00012,12.840174
2025-10-18 04:00:36.641,107001.45,0.0101,1080.714645
2025-10-18 04:00:36.820,107001.45,5e-05,5.3500725000000005
2025-10-18 04:00:36.824,107001.45,0.001,107.00145
2025-10-18 04:00:37.342,107001.45,0.01447,1548.3109815
2025-10-18 04:00:37.417,107001.45,0.09339,9992.8654155
2025-10-18 04:00:37.567,107001.44,0.073,7811.105119999999
2025-10-18 04:00:37.665,107001.44,0.01774,1898.2055455999998
2025-10-18 04:00:38.219,107001.45,0.00281,300.6740745
2025-10-18 04:00:38.262,107001.45,0.00011,11.7701595
2025-10-18 04:00:38.312,107001.45,0.00019,20.3302755
2025-10-18 04:00:38.320,107001.45,0.00019,20.3302755
2025-10-18 04:00:38.422,107001.45,6e-05,6.420087
2025-10-18 04:00:38.537,107001.45,0.00024,25.680348
2025-10-18 04:00:38.748,107001.45,7e-05,7.490101499999999
2025-10-18 04:00:39.250,107001.44,9e-05,9.6301296
2025-10-18 04:00:40.004,107001.45,0.00872,933.052644
2025-10-18 04:00:40.166,106997.16,0.00374,400.16937839999997
2025-10-18 04:00:40.167,106988.31,0.00175,187.2295425
2025-10-18 04:00:40.168,106981.95,0.048,5135.1336
2025-10-18 04:00:40.170,106976.0,0.0028,299.5328
2025-10-18 04:00:40.171,106972.8,0.00934,999.125952
2025-10-18 04:00:40.174,106972.8,0.2564,27427.825920000003
2025-10-18 04:00:40.175,106972.8,0.04848,5186.041344
2025-10-18 04:00:40.177,106972.04,0.02181,2333.0601924
2025-10-18 04:00:40.178,106970.0,0.02715,2904.2355000000002
2025-10-18 04:00:40.179,106966.96,0.00281,300.5771576
2025-10-18 04:00:40.180,106966.96,0.071,7594.65416
2025-10-18 04:00:40.181,106966.96,0.0009,96.270264
2025-10-18 04:00:40.182,106959.96,0.00016,17.1135936
2025-10-18 04:00:40.185,106972.79,5e-05,5.3486395
2025-10-18 04:00:40.187,106949.28,0.00066,70.58652479999999
2025-10-18 04:00:40.195,106949.28,0.04,4277.9712
2025-10-18 04:00:40.197,106949.28,5e-05,5.347464
2025-10-18 04:00:40.199,106944.0,0.0028,299.4432
2025-10-18 04:00:40.203,106943.79,5e-05,5.3471895
2025-10-18 04:00:40.212,106940.0,0.00935,999.8890000000001
2025-10-18 04:00:40.216,106936.0,0.0028,299.4208
2025-10-18 04:00:40.219,106940.0,5e-05,5.347
2025-10-18 04:00:40.220,106933.73,0.00232,248.0862536
2025-10-18 04:00:40.225,106933.73,0.0195,2085.207735
2025-10-18 04:00:40.227,106933.58,0.012,1283.20296
2025-10-18 04:00:40.234,106935.86,0.00668,714.3315448000001
2025-10-18 04:00:40.246,106932.72,0.02156,2305.4694432
2025-10-18 04:00:40.255,106932.72,0.10333,11049.357957600001
2025-10-18 04:00:40.261,106932.56,5e-05,5.346628
2025-10-18 04:00:40.264,106931.78,0.00641,685.4327098
2025-10-18 04:00:40.282,106932.01,0.00092,98.3774492
2025-10-18 04:00:40.283,106932.01,0.00088,94.1001688
2025-10-18 04:00:40.285,106932.01,0.0012,128.318412
2025-10-18 04:00:40.294,106931.99,0.0001,10.693199000000002
2025-10-18 04:00:40.295,106930.51,0.00127,135.8017477
2025-10-18 04:00:40.328,106930.5,6e-05,6.415830000000001
2025-10-18 04:00:40.342,106930.51,0.00342,365.70234419999997
2025-10-18 04:00:40.355,106930.51,0.00088,94.0988488
2025-10-18 04:00:40.361,106930.51,0.05,5346.5255
2025-10-18 04:00:40.369,106930.51,0.00342,365.70234419999997
2025-10-18 04:00:40.370,106930.51,0.00088,94.0988488
2025-10-18 04:00:40.372,106930.51,0.5402,57763.861502
2025-10-18 04:00:40.379,106931.8,0.06726,7192.232868
2025-10-18 04:00:40.382,106930.51,0.06728,7194.2847128
2025-10-18 04:00:40.383,106930.51,0.0035,374.256785
2025-10-18 04:00:40.384,106930.51,0.16392,17528.0491992
2025-10-18 04:00:40.395,106930.51,0.17219,18412.3645169
2025-10-18 04:00:40.399,106930.51,0.00324,346.45485239999994
2025-10-18 04:00:40.402,106930.51,0.00934,998.7309633999998
2025-10-18 04:00:40.404,106930.51,0.00342,365.70234419999997
2025-10-18 04:00:40.405,106932.02,0.0004,42.772808000000005
2025-10-18 04:00:40.430,106935.85,0.00094,100.519699
2025-10-18 04:00:40.443,106935.85,0.0001,10.693585
2025-10-18 04:00:40.444,106935.85,0.00096,102.658416
2025-10-18 04:00:40.448,106939.97,0.01299,1389.1502103
2025-10-18 04:00:40.453,106939.97,0.00026,27.8043922
2025-10-18 04:00:40.467,106939.23,5e-05,5.3469615
2025-10-18 04:00:40.469,106940.01,0.00326,348.6244326
2025-10-18 04:00:40.474,106941.49,6e-05,6.416489400000001
2025-10-18 04:00:40.496,106939.97,0.00545,582.8228365
2025-10-18 04:00:40.522,106941.2,0.00163,174.314156
2025-10-18 04:00:40.559,106941.49,0.00272,290.8808528
2025-10-18 04:00:40.579,106941.49,0.28676,30666.541672400002
2025-10-18 04:00:40.580,106941.49,0.00209,223.5077141
2025-10-18 04:00:40.581,106941.49,0.0001,10.694149000000001
2025-10-18 04:00:40.607,106942.94,0.00025,26.735735000000002
2025-10-18 04:00:40.609,106942.95,0.00025,26.7357375
2025-10-18 04:00:40.611,106942.95,0.00045,48.1243275
2025-10-18 04:00:40.615,106942.96,0.00045,48.124332
2025-10-18 04:00:40.617,106942.96,0.00035,37.430036
2025-10-18 04:00:40.618,106942.96,0.0002,21.388592000000003
2025-10-18 04:00:40.647,106942.97,0.00101,108.0123997
2025-10-18 04:00:40.652,106942.98,0.00055,58.818639000000005
2025-10-18 04:00:40.654,106942.98,0.0003,32.082893999999996
2025-10-18 04:00:40.666,106952.06,0.00879,940.1086073999999
2025-10-18 04:00:40.702,106952.06,0.2806,30010.748036
2025-10-18 04:00:40.716,106952.06,0.00014,14.973288399999998
2025-10-18 04:00:40.725,106952.06,0.005,534.7603
2025-10-18 04:00:40.732,106952.06,0.00119,127.27295140000001
2025-10-18 04:00:40.789,106958.17,0.00048,51.339921600000004
2025-10-18 04:00:40.837,106958.17,0.001,106.95817
2025-10-18 04:00:40.911,106958.16,9e-05,9.626234400000001
2025-10-18 04:00:40.970,106958.17,0.0001,10.695817
2025-10-18 04:00:41.038,106958.17,0.00882,943.3710593999999
2025-10-18 04:00:41.041,106958.17,0.01678,1794.7580926
2025-10-18 04:00:41.062,106958.17,0.01,1069.5817
2025-10-18 04:00:41.275,106958.16,0.00488,521.9558208
2025-10-18 04:00:41.576,106958.17,0.00015,16.043725499999997
2025-10-18 04:00:41.743,106958.17,0.00038,40.6441046
2025-10-18 04:00:41.833,106958.17,0.00024,25.669960800000002
2025-10-18 04:00:41.880,106958.17,0.00062,66.3140654
2025-10-18 04:00:41.881,106958.17,0.00618,661.0014906
2025-10-18 04:00:41.883,106958.17,0.0041,438.528497
2025-10-18 04:00:42.183,106958.17,8e-05,8.5566536
2025-10-18 04:00:42.489,106958.17,0.00441,471.68552969999996
2025-10-18 04:00:42.568,106958.17,0.0107,1144.452419
2025-10-18 04:00:43.153,106958.17,8e-05,8.5566536
2025-10-18 04:00:43.743,106958.17,0.00081,86.6361177
2025-10-18 04:00:43.852,106958.17,7e-05,7.487071899999999
2025-10-18 04:00:44.351,106958.17,0.00176,188.2463792
2025-10-18 04:00:44.352,106958.17,0.00439,469.5463663
2025-10-18 04:00:44.665,106958.17,0.0003,32.087450999999994
2025-10-18 04:00:44.894,106958.16,0.00467,499.49460719999996
2025-10-18 04:00:45.166,106952.81,0.00156,166.8463836
2025-10-18 04:00:45.167,106938.69,0.0001,10.693869000000001
2025-10-18 04:00:45.168,106932.02,0.12349,13205.0351498
2025-10-18 04:00:45.169,106927.46,0.24399,26089.230965400002
2025-10-18 04:00:45.170,106920.47,0.0131,1400.658157
2025-10-18 04:00:45.172,106920.0,0.02198,2350.1016
2025-10-18 04:00:45.174,106914.4,0.00255,272.63172000000003
2025-10-18 04:00:45.176,106913.11,0.00934,998.5684474
2025-10-18 04:00:45.181,106900.0,0.00306,327.114
2025-10-18 04:00:45.183,106893.99,9e-05,9.620459100000001
2025-10-18 04:00:45.194,106913.11,0.0002,21.382622
2025-10-18 04:00:45.196,106913.11,0.00935,999.6375785000001
2025-10-18 04:00:45.201,106913.12,0.00206,220.24102720000002
2025-10-18 04:00:45.205,106913.12,0.00206,220.24102720000002
2025-10-18 04:00:45.211,106902.0,0.003,320.706
2025-10-18 04:00:45.219,106902.0,0.012,1282.824
2025-10-18 04:00:45.220,106900.34,0.02596,2775.1328264
2025-10-18 04:00:45.223,106906.4,0.012,1282.8768
2025-10-18 04:00:45.226,106906.4,0.00935,999.57484
2025-10-18 04:00:45.233,106907.97,0.01826,1952.1395321999998
2025-10-18 04:00:45.258,106906.4,0.00046,49.176944
2025-10-18 04:00:45.294,106906.41,0.01,1069.0641
2025-10-18 04:00:45.295,106906.4,0.00949,1014.541736
2025-10-18 04:00:45.310,106903.68,0.00935,999.549408
2025-10-18 04:00:45.375,106902.63,0.00016,17.104420800000003
2025-10-18 04:00:45.404,106902.62,0.00934,998.4704707999999
2025-10-18 04:00:45.655,106902.63,0.71278,76198.0566114
2025-10-18 04:00:45.657,106902.64,0.0424,4532.671936
2025-10-18 04:00:45.658,106902.64,0.19627,20981.7811528
2025-10-18 04:00:45.659,106902.64,0.49311,52714.760810399996
2025-10-18 04:00:45.716,106902.64,0.00925,988.8494199999999
2025-10-18 04:00:46.195,106902.64,0.00505,539.858332
2025-10-18 04:00:46.209,106902.64,0.00229,244.80704559999998
2025-10-18 04:00:46.379,106902.63,9e-05,9.6212367
2025-10-18 04:00:47.054,106902.63,0.20264,21662.7489432
2025-10-18 04:00:47.055,106902.62,0.00046,49.1752052
2025-10-18 04:00:47.056,106895.24,5e-05,5.344762
2025-10-18 04:00:47.057,106892.27,5e-05,5.3446135
2025-10-18 04:00:47.066,106891.95,0.00936,1000.508652
2025-10-18 04:00:47.214,106891.96,0.0518,5537.003528
2025-10-18 04:00:47.326,106891.95,0.0069,737.554455
2025-10-18 04:00:47.352,106891.96,0.00092,98.3406032
2025-10-18 04:00:47.354,106891.96,0.06694,7155.347802400001
2025-10-18 04:00:47.408,106891.96,0.00032,34.2054272
2025-10-18 04:00:47.495,106891.96,0.00093,99.4095228
2025-10-18 04:00:47.845,106891.95,0.01871,1999.9483845
2025-10-18 04:00:47.892,106891.96,0.00024,25.654070400000002
2025-10-18 04:00:47.918,106891.96,8e-05,8.5513568
2025-10-18 04:00:47.932,106891.96,0.00029,30.998668400000003
2025-10-18 04:00:47.937,106891.96,0.00024,25.654070400000002
2025-10-18 04:00:48.092,106891.96,7e-05,7.4824372
2025-10-18 04:00:48.138,106891.96,0.00562,600.7328152
2025-10-18 04:00:48.162,106891.96,8e-05,8.5513568
2025-10-18 04:00:48.182,106891.96,0.0001,10.689196
2025-10-18 04:00:48.272,106891.96,0.00846,904.3059816000001
2025-10-18 04:00:48.291,106891.96,7e-05,7.4824372
2025-10-18 04:00:48.462,106891.96,0.00012,12.827035200000001
2025-10-18 04:00:48.517,106891.96,0.0001,10.689196
2025-10-18 04:00:48.956,106891.96,0.01056,1128.7790976000001
2025-10-18 04:00:49.185,106891.95,0.005,534.45975
2025-10-18 04:00:49.196,106891.96,0.00988,1056.0925648
2025-10-18 04:00:49.267,106891.96,6e-05,6.4135176000000005
2025-10-18 04:00:49.459,106891.96,0.00314,335.6407544
2025-10-18 04:00:49.737,106891.96,0.00815,871.1694739999999
2025-10-18 04:00:49.837,106891.96,0.00186,198.8190456
2025-10-18 04:00:50.121,106891.95,0.02514,2687.263623
2025-10-18 04:00:50.122,106888.13,0.0003,32.066438999999995
2025-10-18 04:00:50.126,106886.59,0.00011,11.7575249
2025-10-18 04:00:50.127,106886.6,0.00055,58.78763000000001
2025-10-18 04:00:50.131,106886.0,0.012,1282.632
2025-10-18 04:00:50.134,106886.0,0.012,1282.632
2025-10-18 04:00:50.135,106886.0,0.012,1282.632
2025-10-18 04:00:50.138,106886.01,0.00093,99.4039893
2025-10-18 04:00:50.936,106886.01,0.00161,172.0864761
2025-10-18 04:00:51.084,106886.01,0.0005,53.443005
2025-10-18 04:00:51.589,106886.01,0.00024,25.652642399999998
2025-10-18 04:00:51.924,106886.0,0.012,1282.632
2025-10-18 04:00:51.925,106886.0,0.012,1282.632
2025-10-18 04:00:51.926,106886.0,0.012,1282.632
2025-10-18 04:00:52.148,106886.01,0.00024,25.652642399999998
2025-10-18 04:00:52.559,106886.01,0.00099,105.81714989999999
2025-10-18 04:00:52.766,106886.01,5e-05,5.3443005
2025-10-18 04:00:52.904,106886.01,0.028,2992.8082799999997
2025-10-18 04:00:53.082,106886.01,0.00219,234.0803619
2025-10-18 04:00:53.194,106886.0,0.00097,103.67942000000001
2025-10-18 04:00:53.660,106886.0,0.01496,1599.0145599999998
2025-10-18 04:00:53.725,106886.01,0.00027,28.8592227
2025-10-18 04:00:54.307,106886.01,0.0041,438.232641
2025-10-18 04:00:54.392,106886.0,0.00067,71.61362
2025-10-18 04:00:54.393,106886.0,0.00046,49.16756
2025-10-18 04:00:54.398,106886.01,0.00027,28.8592227
2025-10-18 04:00:54.842,106886.01,0.00366,391.2027966
2025-10-18 04:00:56.456,106886.01,0.00118,126.1254918
2025-10-18 04:00:56.921,106886.01,0.0001,10.688601
2025-10-18 04:00:57.182,106886.01,0.00214,228.73606139999998
2025-10-18 04:00:57.382,106882.42,0.01881,2010.4583202
2025-10-18 04:00:57.383,106875.91,5e-05,5.343795500000001
2025-10-18 04:00:57.384,106869.75,6e-05,6.412185
2025-10-18 04:00:57.385,106858.76,0.0025,267.1469
2025-10-18 04:00:57.386,106842.41,0.0001,10.684241
2025-10-18 04:00:57.387,106836.0,0.0028,299.1408
2025-10-18 04:00:57.388,106834.65,0.085,9080.94525
2025-10-18 04:00:57.392,106854.47,5e-05,5.3427235
2025-10-18 04:00:57.395,106834.15,5e-05,5.3417075
2025-10-18 04:00:57.398,106839.4,0.0001,10.68394
2025-10-18 04:00:57.400,106838.93,0.00015,16.025839499999996
2025-10-18 04:00:57.402,106838.0,0.03534,3775.6549200000004
2025-10-18 04:00:57.405,106838.0,0.32,34188.16
2025-10-18 04:00:57.409,106838.93,5e-05,5.3419465
2025-10-18 04:00:57.412,106839.23,0.7123,76101.583529
2025-10-18 04:00:57.422,106834.1,0.0008,85.46728
2025-10-18 04:00:57.441,106834.01,0.00349,372.8506949
2025-10-18 04:00:57.452,106833.08,0.00235,251.057738
2025-10-18 04:00:57.455,106832.64,0.012,1281.99168
2025-10-18 04:00:57.456,106832.64,0.012,1281.99168
2025-10-18 04:00:57.467,106831.93,0.0001,10.683193
2025-10-18 04:00:57.474,106826.96,0.00053,56.6182888
2025-10-18 04:00:57.476,106822.0,0.0028,299.1016
2025-10-18 04:00:57.477,106831.46,0.00092,98.28494320000001
2025-10-18 04:00:57.486,106820.36,0.00187,199.7540732
2025-10-18 04:00:57.487,106818.02,0.00012,12.8181624
2025-10-18 04:00:57.495,106820.36,0.00935,998.7703660000001
2025-10-18 04:00:57.497,106820.36,0.00935,998.7703660000001
2025-10-18 04:00:57.592,106820.36,0.00467,498.85108119999995
2025-10-18 04:00:57.598,106823.5,0.00935,998.7997250000001
2025-10-18 04:00:57.608,106820.44,0.0001,10.682044000000001
2025-10-18 04:00:57.617,106820.36,0.00184,196.5494624
2025-10-18 04:00:57.621,106828.39,5e-05,5.341419500000001
2025-10-18 04:00:57.622,106831.45,0.00935,998.8740575
2025-10-18 04:00:57.657,106820.36,0.04764,5088.9219504
2025-10-18 04:00:57.668,106820.36,0.00011,11.7502396
2025-10-18 04:00:57.673,106820.36,0.00204,217.9135344
2025-10-18 04:00:57.677,106820.36,0.02806,2997.3793016
2025-10-18 04:00:57.684,106820.37,0.0001,10.682037
2025-10-18 04:00:57.695,106820.6,0.0001,10.682060000000002
2025-10-18 04:00:57.699,106821.13,0.08,8545.690400000001
2025-10-18 04:00:57.711,106821.13,0.36,38455.6068
2025-10-18 04:00:57.712,106821.13,0.2083,22250.841379
2025-10-18 04:00:57.716,106823.5,0.33832,36140.52652
2025-10-18 04:00:57.727,106823.5,0.02806,2997.46741
2025-10-18 04:00:57.728,106823.5,0.00026,27.774109999999997
2025-10-18 04:00:57.730,106821.69,0.00164,175.1875716
2025-10-18 04:00:57.737,106822.68,5e-05,5.341134
2025-10-18 04:00:57.748,106823.5,0.00046,49.13881
2025-10-18 04:00:57.755,106824.61,0.02806,2997.4985566
2025-10-18 04:00:57.760,106823.91,0.02806,2997.4789146000003
2025-10-18 04:00:57.761,106823.91,0.02806,2997.4789146000003
2025-10-18 04:00:57.769,106823.91,0.02803,2994.2741973
2025-10-18 04:00:57.772,106823.91,0.02806,2997.4789146000003
2025-10-18 04:00:57.773,106823.91,0.02806,2997.4789146000003
2025-10-18 04:00:57.801,106823.91,0.444,47429.816040000005
2025-10-18 04:00:57.873,106823.91,0.16545,17674.0159095
2025-10-18 04:00:57.891,106823.91,0.25898,27665.2562118
2025-10-18 04:00:57.913,106823.91,0.019,2029.65429
2025-10-18 04:00:57.923,106823.91,0.01814,1937.7857274
2025-10-18 04:00:57.938,106823.91,0.00093,99.34623630000002
2025-10-18 04:00:58.044,106823.9,0.007,747.7673
2025-10-18 04:00:58.070,106823.91,0.00922,984.9164502000001
2025-10-18 04:00:58.275,106823.91,0.0118,1260.522138
2025-10-18 04:00:58.422,106823.91,0.48559,51872.622456900004
2025-10-18 04:00:58.455,106823.91,0.00209,223.2619719
2025-10-18 04:00:58.856,106823.91,0.00891,951.8010381
2025-10-18 04:00:58.975,106823.91,0.00018,19.228303800000003
2025-10-18 04:00:59.033,106823.9,0.00106,113.23333399999999
2025-10-18 04:00:59.706,106823.9,0.0005,53.41195
2025-10-18 04:00:59.794,106823.91,6e-05,6.4094346
2025-10-18 04:00:59.895,106823.9,0.012,1281.8868
2025-10-18 04:00:59.896,106823.9,0.012,1281.8868
2025-10-18 04:01:00.338,106823.91,0.0041,437.97803100000004
2025-10-18 04:01:00.505,106823.91,6e-05,6.4094346
2025-10-18 04:01:00.696,106823.91,7e-05,7.4776736999999995
2025-10-18 04:01:00.704,106823.91,0.00218,232.87612380000002
2025-10-18 04:01:00.776,106823.9,0.00018,19.228302
2025-10-18 04:01:00.826,106823.9,0.00015,16.023584999999997
2025-10-18 04:01:00.923,106823.91,0.00011,11.7506301
2025-10-18 04:01:01.025,106823.9,0.77355,82633.627845
2025-10-18 04:01:01.032,106822.68,0.00225,240.35102999999998
2025-10-18 04:01:01.037,106817.5,0.00404,431.5427
2025-10-18 04:01:01.038,106815.82,0.0001,10.681582
2025-10-18 04:01:01.060,106814.69,0.00154,164.49462259999999
2025-10-18 04:01:01.483,106814.69,0.0114,1217.687466
2025-10-18 04:01:01.509,106814.69,0.00177,189.06200130000002
2025-10-18 04:01:01.758,106814.69,0.00087,92.9287803
2025-10-18 04:01:01.795,106814.69,0.00027,28.8399663
2025-10-18 04:01:01.933,106814.69,0.0056,598.162264
2025-10-18 04:01:01.960,106814.69,0.0005,53.407345
2025-10-18 04:01:02.247,106814.69,0.01447,1545.6085643000001
2025-10-18 04:01:02.315,106814.69,0.026,2777.18194
2025-10-18 04:01:02.326,106814.69,0.002,213.62938
2025-10-18 04:01:02.328,106814.69,0.00261,278.78634089999997
2025-10-18 04:01:02.363,106814.69,0.01821,1945.0955049000002
2025-10-18 04:01:02.371,106814.68,0.01118,1194.1881223999999
2025-10-18 04:01:03.198,106814.68,0.01143,1220.8917923999998
2025-10-18 04:01:03.259,106814.68,0.0104,1110.872672
2025-10-18 04:01:03.281,106814.69,0.00021,22.431084900000002
2025-10-18 04:01:03.487,106814.69,6e-05,6.4088814
2025-10-18 04:01:03.616,106814.69,0.00098,104.6783962
2025-10-18 04:01:04.359,106814.69,0.0036,384.532884
2025-10-18 04:01:04.360,106814.69,0.07916,8455.4508604
2025-10-18 04:01:04.364,106820.01,0.00025,26.7050025
2025-10-18 04:01:04.367,106819.99,0.03426,3659.6528574
2025-10-18 04:01:04.370,106820.0,0.00935,998.767
2025-10-18 04:01:04.371,106820.0,0.02,2136.4
2025-10-18 04:01:04.375,106820.0,0.00826,882.3332
2025-10-18 04:01:04.378,106822.65,0.00053,56.616004499999995
2025-10-18 04:01:04.380,106822.66,0.00065,69.434729
2025-10-18 04:01:04.388,106823.91,0.0022,235.01260200000002
2025-10-18 04:01:04.430,106823.92,0.00396,423.0227232
2025-10-18 04:01:04.739,106825.89,0.00058,61.9590162
2025-10-18 04:01:04.885,106825.9,0.00528,564.040752
2025-10-18 04:01:05.520,106825.9,0.00144,153.829296
2025-10-18 04:01:06.038,106825.89,0.00393,419.8257477
2025-10-18 04:01:06.629,106825.9,5e-05,5.341295
2025-10-18 04:01:06.964,106825.89,0.01354,1446.4225506
2025-10-18 04:01:07.143,106825.9,0.00163,174.126217
2025-10-18 04:01:07.599,106825.89,0.00488,521.3103431999999
2025-10-18 04:01:07.605,106825.89,0.00488,521.3103431999999
2025-10-18 04:01:07.782,106825.9,0.03406,3638.4901539999996
2025-10-18 04:01:07.784,106826.0,0.001,106.82600000000001
2025-10-18 04:01:07.785,106830.31,0.00567,605.7278577
2025-10-18 04:01:07.794,106830.32,0.0001,10.683032
2025-10-18 04:01:07.797,106833.29,0.00045,48.074980499999995
2025-10-18 04:01:07.807,106833.29,0.03619,3866.2967651
2025-10-18 04:01:07.818,106833.55,0.00592,632.454616
2025-10-18 04:01:07.821,106833.55,0.00924,987.142002
2025-10-18 04:01:07.825,106834.58,0.00022,23.503607600000002
2025-10-18 04:01:07.847,106835.96,0.04075,4353.56537
2025-10-18 04:01:07.876,106834.59,0.00132,141.02165879999998
2025-10-18 04:01:07.880,106834.59,0.01529,1633.5008811
2025-10-18 04:01:07.926,106834.59,0.00468,499.9858812
2025-10-18 04:01:07.938,106834.58,0.01331,1421.9682598000002
2025-10-18 04:01:07.990,106834.59,0.00224,239.30948159999997
2025-10-18 04:01:07.996,106834.6,0.19792,21144.704032
2025-10-18 04:01:08.004,106834.6,0.22265,23786.72369
2025-10-18 04:01:08.011,106834.61,0.0004,42.733844000000005
2025-10-18 04:01:08.014,106834.62,0.0004,42.733848
2025-10-18 04:01:08.182,106835.97,0.00022,23.503913400000002
2025-10-18 04:01:08.281,106835.97,0.00613,654.9044961
2025-10-18 04:01:08.428,106835.97,0.07238,7732.7875086
2025-10-18 04:01:08.502,106835.97,0.38916,41576.2860852
2025-10-18 04:01:08.506,106839.14,0.0012,128.206968
2025-10-18 04:01:08.508,106839.15,0.0002,21.36783
2025-10-18 04:01:08.509,106847.9,0.00921,984.0691589999999
2025-10-18 04:01:08.510,106847.9,0.02,2136.958
2025-10-18 04:01:08.511,106847.89,0.03143,3358.2291827
2025-10-18 04:01:08.536,106847.9,0.0005,53.42395
2025-10-18 04:01:08.925,106847.9,0.00046,49.150034
2025-10-18 04:01:09.210,106847.9,0.00074,79.06744599999999
2025-10-18 04:01:09.211,106847.9,0.00354,378.241566
2025-10-18 04:01:09.356,106847.89,0.0009,96.163101
2025-10-18 04:01:09.376,106847.89,0.00106,113.25876339999999
2025-10-18 04:01:09.593,106847.9,0.00039,41.670680999999995
2025-10-18 04:01:09.667,106847.9,9e-05,9.616311
2025-10-18 04:01:10.270,106847.9,7e-05,7.479352999999999
2025-10-18 04:01:10.348,106847.9,0.00019,20.301101
2025-10-18 04:01:10.565,106847.89,0.00093,99.3685377
2025-10-18 04:01:11.241,106847.89,0.00443,473.3361527
2025-10-18 04:01:11.790,106847.9,0.00017,18.164143
2025-10-18 04:01:12.311,106847.9,0.00188,200.87405199999998
2025-10-18 04:01:12.313,106847.9,0.81689,87282.981031
2025-10-18 04:01:12.415,106847.91,0.00111,118.60118010000001
2025-10-18 04:01:12.631,106849.58,0.09336,9975.4767888
2025-10-18 04:01:12.807,106849.58,0.00177,189.1237566
2025-10-18 04:01:12.815,106855.47,0.00015,16.0283205
2025-10-18 04:01:13.112,106855.48,0.0013,138.91212399999998
2025-10-18 04:01:13.224,106855.48,0.00019,20.3025412
2025-10-18 04:01:13.260,106855.47,9e-05,9.616992300000001
2025-10-18 04:01:13.366,106855.48,0.00012,12.8226576
2025-10-18 04:01:14.044,106855.47,0.00142,151.7347674
2025-10-18 04:01:14.237,106855.47,0.00023,24.5767581
2025-10-18 04:01:14.997,106855.47,0.05103,5452.8346341
2025-10-18 04:01:15.002,106855.48,8e-05,8.5484384
2025-10-18 04:01:15.581,106855.48,0.00049,52.3591852
2025-10-18 04:01:16.254,106855.48,0.00012,12.8226576
2025-10-18 04:01:17.956,106855.47,0.0137,1463.919939
2025-10-18 04:01:18.410,106855.48,0.00037,39.5365276
2025-10-18 04:01:18.745,106855.48,0.01498,1600.6950904
2025-10-18 04:01:18.907,106855.48,0.01498,1600.6950904
2025-10-18 04:01:19.101,106855.48,0.07467,7978.898691599999
2025-10-18 04:01:19.815,106855.48,0.00012,12.8226576
2025-10-18 04:01:20.117,106855.48,0.00211,225.46506279999997
2025-10-18 04:01:20.318,106855.48,0.00024,25.6453152
2025-10-18 04:01:20.573,106855.48,6e-05,6.4113288
2025-10-18 04:01:21.717,106855.48,0.00035,37.399418
2025-10-18 04:01:21.805,106855.48,6e-05,6.4113288
2025-10-18 04:01:22.047,106855.48,0.0028,299.195344
2025-10-18 04:01:22.231,106855.47,0.00174,185.9285178
2025-10-18 04:01:22.438,106855.48,0.02807,2999.4333236
2025-10-18 04:01:22.783,106855.48,0.00202,215.8480696
2025-10-18 04:01:22.948,106855.48,0.00034,36.3308632
2025-10-18 04:01:23.049,106855.48,0.01355,1447.891754
2025-10-18 04:01:23.519,106855.48,0.0003,32.056644
2025-10-18 04:01:23.574,106855.48,6e-05,6.4113288
2025-10-18 04:01:23.783,106855.47,0.09364,10005.9462108
2025-10-18 04:01:24.233,106855.48,0.00035,37.399418
2025-10-18 04:01:24.349,106855.48,0.00177,189.1341996
2025-10-18 04:01:24.820,106855.47,0.09364,10005.9462108
2025-10-18 04:01:24.965,106855.48,0.00071,75.8673908
2025-10-18 04:01:25.117,106855.48,7e-05,7.479883599999999
2025-10-18 04:01:25.164,106855.48,0.00152,162.4203296
2025-10-18 04:01:25.911,106855.47,0.09364,10005.9462108
2025-10-18 04:01:25.961,106855.48,5e-05,5.342774
2025-10-18 04:01:26.098,106855.47,0.0748,7992.789156000001
2025-10-18 04:01:26.901,106855.47,0.09364,10005.9462108
2025-10-18 04:01:26.924,106855.47,0.00048,51.2906256
2025-10-18 04:01:27.198,106855.48,0.00031,33.1251988
2025-10-18 04:01:27.225,106855.48,0.00027,28.8509796
2025-10-18 04:01:27.550,106855.48,0.00094,100.4441512
2025-10-18 04:01:27.764,106855.48,0.00467,499.01509159999995
2025-10-18 04:01:27.806,106855.47,9e-05,9.616992300000001
2025-10-18 04:01:27.917,106855.47,0.09364,10005.9462108
2025-10-18 04:01:27.940,106860.0,0.00011,11.7546
2025-10-18 04:01:27.941,106863.85,8e-05,8.549108
2025-10-18 04:01:27.943,106866.14,0.00025,26.716535
2025-10-18 04:01:27.946,106866.14,0.0001,10.686614
2025-10-18 04:01:27.958,106866.14,0.00091,97.2481874
2025-10-18 04:01:27.998,106866.94,0.2621,28009.824974
2025-10-18 04:01:28.011,106866.94,0.004,427.46776
2025-10-18 04:01:28.014,106866.94,0.01031,1101.7981514
2025-10-18 04:01:28.192,106866.94,0.00935,999.2058890000001
2025-10-18 04:01:28.193,106866.94,0.06132,6553.0807608000005
2025-10-18 04:01:28.245,106866.94,0.00151,161.3690794
2025-10-18 04:01:28.707,106866.93,0.35093,37502.8117449
2025-10-18 04:01:28.708,106859.52,0.01215,1298.3431679999999
2025-10-18 04:01:28.709,106854.19,0.00263,281.0265197
2025-10-18 04:01:28.710,106838.0,0.03082,3292.74716
2025-10-18 04:01:28.711,106829.59,0.02031,2169.7089729
2025-10-18 04:01:28.712,106828.51,0.01013,1082.1728063
2025-10-18 04:01:28.716,106818.1,5e-05,5.340905
2025-10-18 04:01:28.717,106809.0,0.08,8544.72
2025-10-18 04:01:28.721,106809.0,0.00934,997.59606
2025-10-18 04:01:28.724,106830.06,0.16,17092.8096
2025-10-18 04:01:28.725,106830.06,0.00935,998.8610610000001
2025-10-18 04:01:28.727,106830.06,0.0637,6805.0748220000005
2025-10-18 04:01:28.728,106830.06,0.09252,9883.917151200001
2025-10-18 04:01:28.730,106830.06,0.22541,24080.563824599998
2025-10-18 04:01:28.732,106830.06,0.06852,7319.995711199999
2025-10-18 04:01:28.735,106830.06,6e-05,6.4098036
2025-10-18 04:01:28.740,106829.47,0.00345,368.5616715
2025-10-18 04:01:28.742,106829.6,0.00057,60.892872000000004
2025-10-18 04:01:28.750,106829.6,0.1918,20489.91728
2025-10-18 04:01:28.762,106828.8,0.00021,22.434048
2025-10-18 04:01:28.763,106826.04,0.012,1281.91248
2025-10-18 04:01:28.765,106826.04,0.012,1281.91248
2025-10-18 04:01:28.766,106826.04,0.01872,1999.7834688
2025-10-18 04:01:28.791,106829.05,0.00936,999.9199080000001
2025-10-18 04:01:28.809,106828.8,0.18364,19618.040832
2025-10-18 04:01:29.025,106828.81,0.00022,23.5023382
2025-10-18 04:01:29.070,106828.8,0.09367,10006.653696000001
2025-10-18 04:01:29.074,106828.81,5e-05,5.3414405
2025-10-18 04:01:29.443,106828.81,5e-05,5.3414405
2025-10-18 04:01:29.651,106828.81,5e-05,5.3414405
2025-10-18 04:01:29.696,106828.81,6e-05,6.4097286
2025-10-18 04:01:29.922,106828.8,6e-05,6.409728
2025-10-18 04:01:30.094,106828.8,0.09367,10006.653696000001
2025-10-18 04:01:30.394,106828.8,7e-05,7.478015999999999
2025-10-18 04:01:30.430,106828.8,7e-05,7.478015999999999
2025-10-18 04:01:30.635,106828.81,0.00019,20.2974739
2025-10-18 04:01:30.850,106828.81,0.00374,399.53974939999995
2025-10-18 04:01:30.874,106828.81,8e-05,8.5463048
2025-10-18 04:01:31.317,106828.8,0.09367,10006.653696000001
2025-10-18 04:01:31.952,106828.8,0.00056,59.824127999999995
2025-10-18 04:01:32.041,106828.81,0.01872,1999.8353232
2025-10-18 04:01:32.257,106828.8,0.09367,10006.653696000001
2025-10-18 04:01:32.340,106828.81,0.00093,99.3507933
2025-10-18 04:01:32.679,106828.81,0.00217,231.8185177
2025-10-18 04:01:32.716,106828.81,0.00022,23.5023382
2025-10-18 04:01:32.857,106828.8,5e-05,5.34144
2025-10-18 04:01:33.048,106824.77,0.0001,10.682477
2025-10-18 04:01:33.049,106808.0,0.00286,305.47088
2025-10-18 04:01:33.050,106798.32,0.048,5126.31936
2025-10-18 04:01:33.051,106797.61,0.0077,822.341597
2025-10-18 04:01:33.053,106796.0,0.0028,299.0288
2025-10-18 04:01:33.056,106788.0,0.00165,176.2002
2025-10-18 04:01:33.062,106784.17,9e-05,9.6105753
2025-10-18 04:01:33.067,106779.95,0.0021,224.23789499999998
2025-10-18 04:01:33.070,106777.0,0.00015,16.01655
2025-10-18 04:01:33.077,106776.07,0.00877,936.4261339000001
2025-10-18 04:01:33.101,106782.0,0.18077,19302.98214
2025-10-18 04:01:33.108,106782.01,7e-05,7.474740699999999
2025-10-18 04:01:33.114,106782.0,0.012,1281.384
2025-10-18 04:01:33.116,106782.0,0.012,1281.384
2025-10-18 04:01:33.117,106782.0,0.012,1281.384
2025-10-18 04:01:33.155,106782.0,0.0077,822.2214
2025-10-18 04:01:33.160,106782.0,0.01033,1103.05806
2025-10-18 04:01:33.161,106782.0,0.0084,896.9688
2025-10-18 04:01:33.188,106782.0,0.00211,225.31001999999998
2025-10-18 04:01:33.201,106782.0,0.0077,822.2214
2025-10-18 04:01:33.271,106782.0,0.00163,174.05465999999998
2025-10-18 04:01:33.290,106782.0,0.09372,10007.60904
2025-10-18 04:01:33.317,106782.0,7e-05,7.47474
2025-10-18 04:01:33.350,106782.0,0.00163,174.05465999999998
2025-10-18 04:01:33.360,106782.0,0.00011,11.74602
2025-10-18 04:01:33.430,106782.0,0.00937,1000.54734
2025-10-18 04:01:33.618,106782.01,0.00017,18.1529417
2025-10-18 04:01:33.742,106782.0,0.00038,40.57716
2025-10-18 04:01:33.813,106782.0,0.00037,39.50934
2025-10-18 04:01:33.842,106782.0,0.00013,13.881659999999998
2025-10-18 04:01:34.363,106782.0,0.09371,10006.541220000001
2025-10-18 04:01:34.583,106782.01,0.0001,10.678201
2025-10-18 04:01:34.603,106782.0,0.00092,98.23944
2025-10-18 04:01:34.890,106782.01,0.00012,12.813841199999999
2025-10-18 04:01:35.388,106782.0,0.09371,10006.541220000001
2025-10-18 04:01:35.882,106782.01,0.00121,129.2062321
2025-10-18 04:01:35.885,106782.0,0.00468,499.73976
2025-10-18 04:01:36.480,106782.0,0.09371,10006.541220000001
2025-10-18 04:01:36.536,106782.01,0.00803,857.4595403000001
2025-10-18 04:01:36.671,106782.01,6e-05,6.406920599999999
2025-10-18 04:01:36.809,106782.01,0.00046,49.1197246
2025-10-18 04:01:36.920,106782.01,0.00066,70.4761266
2025-10-18 04:01:36.929,106782.0,0.00047,50.18754
2025-10-18 04:01:36.991,106782.01,0.00685,731.4567685
2025-10-18 04:01:37.279,106782.0,0.00011,11.74602
2025-10-18 04:01:37.306,106782.01,0.0006,64.069206
2025-10-18 04:01:37.567,106782.0,0.09371,10006.541220000001
2025-10-18 04:01:37.586,106781.98,0.0002,21.356396
2025-10-18 04:01:37.587,106780.0,5e-05,5.339
2025-10-18 04:01:37.724,106776.67,0.00012,12.8132004
2025-10-18 04:01:37.762,106776.67,0.0001,10.677667
2025-10-18 04:01:38.364,106776.67,0.00053,56.5916351
2025-10-18 04:01:38.438,106776.67,0.0008,85.421336
2025-10-18 04:01:38.495,106776.66,0.09371,10006.0408086
2025-10-18 04:01:38.519,106776.67,6e-05,6.4066002
2025-10-18 04:01:38.594,106776.67,0.028,2989.74676
2025-10-18 04:01:38.857,106776.67,0.028,2989.74676
2025-10-18 04:01:39.378,106776.67,6e-05,6.4066002
2025-10-18 04:01:39.517,106776.66,0.09371,10006.0408086
2025-10-18 04:01:39.821,106776.67,0.028,2989.74676
2025-10-18 04:01:39.915,106786.98,0.19098,20394.1774404
2025-10-18 04:01:40.005,106786.99,0.00466,497.6273734
2025-10-18 04:01:40.391,106786.99,0.00012,12.814438800000001
2025-10-18 04:01:40.498,106786.98,0.0937,10005.940026
2025-10-18 04:01:40.913,106786.99,0.00156,166.5877044
2025-10-18 04:01:40.940,106786.99,0.0011,117.46568900000001
2025-10-18 04:01:41.039,106786.99,4e-05,4.2714796
2025-10-18 04:01:41.493,106786.98,0.0937,10005.940026
2025-10-18 04:01:42.111,106786.98,9e-05,9.6108282
2025-10-18 04:01:42.434,106786.98,0.01916,2046.0385368
2025-10-18 04:01:42.606,106786.98,0.00112,119.60141759999999
2025-10-18 04:01:42.683,106786.98,0.0937,10005.940026
2025-10-18 04:01:42.697,106786.99,0.00179,191.1487121
2025-10-18 04:01:43.113,106786.99,6e-05,6.407219400000001
2025-10-18 04:01:43.481,106786.99,0.00088,93.97255120000001
2025-10-18 04:01:43.695,106786.99,6e-05,6.407219400000001
2025-10-18 04:01:43.776,106786.98,0.0937,10005.940026
2025-10-18 04:01:44.368,106786.99,7e-05,7.4750893
2025-10-18 04:01:44.558,106786.98,0.01472,1571.9043456
2025-10-18 04:01:44.817,106786.98,0.0937,10005.940026
2025-10-18 04:01:44.932,106786.99,0.00187,199.6916713
2025-10-18 04:01:44.969,106786.99,0.00166,177.2664034
2025-10-18 04:01:45.128,106786.98,9e-05,9.6108282
2025-10-18 04:01:45.293,106786.98,0.012,1281.4437599999999
2025-10-18 04:01:45.295,106786.98,0.012,1281.4437599999999
2025-10-18 04:01:45.332,106786.99,0.00206,219.98119940000004
2025-10-18 04:01:45.418,106786.99,0.00505,539.2742995
2025-10-18 04:01:45.737,106786.99,0.00011,11.746568900000002
2025-10-18 04:01:45.748,106786.99,0.00011,11.746568900000002
2025-10-18 04:01:45.799,106786.98,0.0937,10005.940026
2025-10-18 04:01:46.056,106786.99,0.00163,174.06279370000001
2025-10-18 04:01:46.174,106786.99,0.03208,3425.7266391999997
2025-10-18 04:01:46.175,106786.99,0.0084,897.010716
2025-10-18 04:01:46.178,106786.99,0.09359,9994.1943941
2025-10-18 04:01:46.188,106786.99,0.00149,159.1126151
2025-10-18 04:01:46.196,106787.0,0.00772,824.3956400000001
2025-10-18 04:01:46.227,106787.0,0.46976,50164.26112
2025-10-18 04:01:46.228,106787.0,0.08672,9260.568640000001
2025-10-18 04:01:46.231,106787.0,0.18637,19901.893190000003
2025-10-18 04:01:46.232,106787.0,0.06912,7381.11744
2025-10-18 04:01:46.233,106787.0,0.10526,11240.39962
2025-10-18 04:01:46.235,106787.0,0.16103,17195.91061
2025-10-18 04:01:46.236,106787.0,0.0642,6855.725399999999
2025-10-18 04:01:46.237,106787.0,0.05441,5810.28067
2025-10-18 04:01:46.239,106787.0,0.17264,18435.70768
2025-10-18 04:01:46.240,106787.0,0.09506,10151.17222
2025-10-18 04:01:46.242,106787.0,2.22047,237117.32989000002
2025-10-18 04:01:46.243,106787.01,0.0004,42.714804
2025-10-18 04:01:46.244,106789.09,8e-05,8.5431272
2025-10-18 04:01:46.245,106792.7,0.0001,10.67927
2025-10-18 04:01:46.247,106793.39,0.00282,301.1573598
2025-10-18 04:01:46.259,106797.66,0.0004,42.719064
2025-10-18 04:01:46.267,106797.66,0.00897,957.9750102
2025-10-18 04:01:46.328,106797.66,0.00936,999.6260976000001
2025-10-18 04:01:46.369,106797.65,0.499,53292.02735
2025-10-18 04:01:46.566,106797.66,0.00207,221.0711562
2025-10-18 04:01:46.607,106797.66,0.00022,23.4954852
2025-10-18 04:01:46.682,106797.65,0.00034,36.311201000000004
2025-10-18 04:01:46.728,106797.65,0.09369,10005.8718285
2025-10-18 04:01:46.841,106797.66,0.00012,12.8157192
2025-10-18 04:01:46.882,106797.66,0.00013,13.8836958
2025-10-18 04:01:47.051,106797.66,0.00915,977.1985890000001
2025-10-18 04:01:47.063,106797.66,0.08015,8559.832449
2025-10-18 04:01:47.090,106797.66,0.00011,11.7477426
2025-10-18 04:01:47.238,106797.66,0.05768,6160.0890288
2025-10-18 04:01:47.239,106797.74,0.0001,10.679774000000002
2025-10-18 04:01:47.241,106807.27,0.00015,16.0210905
2025-10-18 04:01:47.244,106807.28,6e-05,6.4084368000000005
2025-10-18 04:01:47.251,106807.28,0.00936,999.7161408000001
2025-10-18 04:01:47.290,106807.28,3.02404,322989.4870112
2025-10-18 04:01:47.419,106807.28,0.00011,11.7488008
2025-10-18 04:01:47.449,106811.41,0.0001,10.681141
2025-10-18 04:01:47.474,106812.55,0.00013,13.885631499999999
2025-10-18 04:01:47.511,106812.55,0.00093,99.3356715
2025-10-18 04:01:47.620,106812.55,0.00032,34.180016
2025-10-18 04:01:47.670,106812.55,0.00011,11.749380500000001
2025-10-18 04:01:47.817,106812.54,0.09368,10006.1987472
2025-10-18 04:01:47.833,106812.55,0.00011,11.749380500000001
2025-10-18 04:01:47.910,106812.55,0.00053,56.6106515
2025-10-18 04:01:48.247,106812.55,0.00025,26.7031375
2025-10-18 04:01:48.480,106812.55,0.00011,11.749380500000001
2025-10-18 04:01:48.576,106812.55,0.00016,17.090008
2025-10-18 04:01:48.786,106812.54,0.09367,10005.130621799999
2025-10-18 04:01:48.864,106812.55,9e-05,9.613129500000001
2025-10-18 04:01:49.276,106812.55,0.00023,24.566886500000003
2025-10-18 04:01:49.404,106812.55,0.253,27023.57515
2025-10-18 04:01:49.406,106812.55,0.34938,37318.168719
2025-10-18 04:01:49.564,106812.56,0.00044,46.9975264
2025-10-18 04:01:49.663,106822.14,0.00015,16.023321
2025-10-18 04:01:49.718,106822.14,0.09367,10006.0298538
2025-10-18 04:01:49.773,106822.15,0.00256,273.464704
2025-10-18 04:01:49.862,106822.15,0.00011,11.7504365
2025-10-18 04:01:49.937,106822.15,0.00011,11.7504365
2025-10-18 04:01:50.028,106822.14,7e-05,7.477549799999999
2025-10-18 04:01:50.180,106822.15,0.00027,28.8419805
2025-10-18 04:01:50.346,106822.14,0.00103,110.02680420000002
2025-10-18 04:01:50.429,106822.14,0.00086,91.8670404
2025-10-18 04:01:50.560,106822.15,0.00774,826.803441
2025-10-18 04:01:50.626,106822.14,5e-05,5.341107
2025-10-18 04:01:50.685,106822.15,0.00053,56.6157395
2025-10-18 04:01:50.716,106822.14,5e-05,5.341107
2025-10-18 04:01:50.905,106822.14,0.09367,10006.0298538
2025-10-18 04:01:51.282,106822.15,0.00053,56.6157395
2025-10-18 04:01:51.333,106822.15,0.00053,56.6157395
2025-10-18 04:01:51.637,106822.15,0.00041,43.7970815
2025-10-18 04:01:52.041,106822.14,0.09367,10006.0298538
2025-10-18 04:01:52.297,106822.15,0.00012,12.818658
2025-10-18 04:01:52.414,106822.14,0.0009,96.139926
2025-10-18 04:01:52.632,106822.15,0.00107,114.29970049999999
2025-10-18 04:01:52.765,106822.14,0.01726,1843.7501364000002
2025-10-18 04:01:53.117,106822.14,0.09367,10006.0298538
2025-10-18 04:01:53.317,106822.15,0.00047,50.2064105
2025-10-18 04:01:53.685,106822.15,0.00017,18.1597655
2025-10-18 04:01:53.718,106822.14,0.00011,11.7504354
2025-10-18 04:01:54.032,106822.14,0.00011,11.7504354
2025-10-18 04:01:54.216,106822.14,0.09367,10006.0298538
2025-10-18 04:01:54.219,106822.15,0.015,1602.33225
2025-10-18 04:01:54.240,106822.14,0.0015,160.23321
2025-10-18 04:01:54.517,106822.15,0.00022,23.500873
2025-10-18 04:01:54.591,106822.15,0.03652,3901.1449179999995
2025-10-18 04:01:54.979,106822.15,0.00054,57.683961
2025-10-18 04:01:55.366,106822.14,0.09367,10006.0298538
2025-10-18 04:01:55.635,106822.15,5e-05,5.3411075
2025-10-18 04:01:55.668,106822.15,0.001,106.82215
2025-10-18 04:01:56.403,106822.14,0.09367,10006.0298538
2025-10-18 04:01:57.048,106822.14,0.01083,1156.8837761999998
2025-10-18 04:01:57.496,106822.14,0.09367,10006.0298538
2025-10-18 04:01:57.648,106822.15,0.0084,897.3060599999999
2025-10-18 04:01:57.705,106822.15,0.00658,702.8897469999999
2025-10-18 04:01:57.887,106822.15,0.0066,705.0261899999999
2025-10-18 04:01:57.921,106822.15,0.00838,895.169617
2025-10-18 04:01:57.946,106822.14,0.002,213.64428
2025-10-18 04:01:58.084,106822.15,0.00012,12.818658
2025-10-18 04:01:58.449,106822.15,7e-05,7.477550499999999
2025-10-18 04:01:58.459,106822.15,0.018,1922.7986999999998
2025-10-18 04:01:58.480,106822.14,0.09367,10006.0298538
2025-10-18 04:01:58.505,106822.14,0.00051,54.4792914
2025-10-18 04:01:58.525,106822.15,0.01,1068.2214999999999
2025-10-18 04:01:59.569,106822.14,0.09367,10006.0298538
2025-10-18 04:02:00.209,106822.15,0.00051,54.479296500000004
2025-10-18 04:02:00.407,106822.15,0.028,2991.0202
2025-10-18 04:02:00.610,106822.14,0.09367,10006.0298538
2025-10-18 04:02:00.693,106822.15,0.00056,59.82040399999999
2025-10-18 04:02:01.353,106822.15,0.00021,22.4326515
2025-10-18 04:02:01.381,106822.15,0.00025,26.7055375
2025-10-18 04:02:01.633,106822.15,0.00033,35.2513095
2025-10-18 04:02:01.797,106822.14,0.09367,10006.0298538
2025-10-18 04:02:02.731,106822.14,0.09367,10006.0298538
2025-10-18 04:02:02.781,106822.15,0.028,2991.0202
2025-10-18 04:02:03.661,106822.14,0.00168,179.46119520000002
2025-10-18 04:02:03.719,106822.14,0.09367,10006.0298538
2025-10-18 04:02:03.770,106822.14,0.02998,3202.5277572
2025-10-18 04:02:04.286,106822.15,0.0001,10.682215
2025-10-18 04:02:04.703,106822.14,0.09367,10006.0298538
2025-10-18 04:02:04.943,106822.14,0.00018,19.227985200000003
2025-10-18 04:02:05.795,106822.14,0.09367,10006.0298538
2025-10-18 04:02:05.817,106822.15,0.0001,10.682215
2025-10-18 04:02:06.458,106822.14,5e-05,5.341107
2025-10-18 04:02:06.824,106822.14,0.09367,10006.0298538
2025-10-18 04:02:06.912,106822.15,0.0001,10.682215
2025-10-18 04:02:07.007,106822.15,0.00143,152.7556745
2025-10-18 04:02:07.373,106822.14,0.00053,56.6157342
2025-10-18 04:02:07.470,106822.15,0.00936,999.855324
2025-10-18 04:02:07.919,106822.14,0.09367,10006.0298538
2025-10-18 04:02:07.969,106822.15,0.028,2991.0202
2025-10-18 04:02:08.916,106822.14,0.09367,10006.0298538
2025-10-18 04:02:08.987,106822.14,0.0005,53.41107
2025-10-18 04:02:09.139,106822.15,0.0001,10.682215
2025-10-18 04:02:09.668,106822.15,0.019,2029.6208499999998
2025-10-18 04:02:09.681,106822.15,0.003,320.46645
2025-10-18 04:02:09.698,106822.15,0.004,427.2886
2025-10-18 04:02:09.703,106822.15,0.002,213.6443
2025-10-18 04:02:09.917,106822.14,0.09366,10004.9616324
2025-10-18 04:02:09.990,106822.14,8e-05,8.5457712
2025-10-18 04:02:10.024,106822.15,0.03863,4126.539654499999
2025-10-18 04:02:10.224,106822.15,0.00147,157.0285605
2025-10-18 04:02:10.225,106822.15,0.0038,405.92417
2025-10-18 04:02:10.321,106826.42,0.00129,137.8060818
2025-10-18 04:02:10.334,106826.41,0.00142,151.6935022
2025-10-18 04:02:10.351,106826.43,0.00012,12.819171599999999
2025-10-18 04:02:10.756,106826.43,0.00149,159.1713807
2025-10-18 04:02:10.915,106826.42,0.00017,18.1604914
2025-10-18 04:02:10.917,106826.42,0.09366,10005.3624972
2025-10-18 04:02:10.929,106826.43,0.00058,61.959329399999994
2025-10-18 04:02:11.023,106826.43,0.002,213.65286
2025-10-18 04:02:11.062,106826.43,0.00132,141.0108876
2025-10-18 04:02:11.255,106828.0,0.00088,94.00864
2025-10-18 04:02:12.013,106828.0,0.00012,12.81936
2025-10-18 04:02:12.057,106827.99,0.09366,10005.5095434
2025-10-18 04:02:12.155,106828.0,0.002,213.656
2025-10-18 04:02:12.409,106828.8,4e-05,4.2731520000000005
2025-10-18 04:02:12.415,106831.81,8e-05,8.546544800000001
2025-10-18 04:02:12.417,106836.01,0.0001,10.683601
2025-10-18 04:02:12.435,106837.1,0.00936,999.995256
2025-10-18 04:02:12.548,106839.5,5e-05,5.341975000000001
2025-10-18 04:02:12.646,106840.0,0.0005,53.42
2025-10-18 04:02:12.706,106840.0,0.0006,64.104
2025-10-18 04:02:12.823,106840.0,0.00056,59.8304
2025-10-18 04:02:13.134,106839.99,0.09365,10005.5650635
2025-10-18 04:02:14.175,106839.99,0.09365,10005.5650635
2025-10-18 04:02:14.445,106840.0,0.00163,174.1492
2025-10-18 04:02:14.898,106840.01,0.0003,32.052003
2025-10-18 04:02:14.919,106846.0,0.0026,277.7996
2025-10-18 04:02:15.056,106850.43,0.0012,128.22051599999998
2025-10-18 04:02:15.359,106850.42,0.09364,10005.4733288
2025-10-18 04:02:15.762,106850.42,0.0207,2211.8036939999997
2025-10-18 04:02:16.105,106850.43,6e-05,6.4110258
2025-10-18 04:02:16.107,106850.42,0.01648,1760.8949216
2025-10-18 04:02:16.281,106850.43,0.00259,276.7426137
2025-10-18 04:02:16.284,106854.0,0.00225,240.42149999999998
2025-10-18 04:02:16.285,106856.84,0.00395,422.084518
2025-10-18 04:02:16.373,106856.84,0.00315,336.599046
2025-10-18 04:02:16.389,106856.83,0.09363,10005.004992900002
2025-10-18 04:02:16.404,106856.84,0.00936,1000.1800224
2025-10-18 04:02:16.533,106856.84,0.0016,170.970944
2025-10-18 04:02:16.534,106856.83,0.00029,30.9884807
2025-10-18 04:02:16.725,106856.84,0.00029,30.9884836
2025-10-18 04:02:16.783,106856.84,0.00936,1000.1800224
2025-10-18 04:02:16.862,106856.84,0.0001,10.685684
2025-10-18 04:02:16.981,106856.84,0.0001,10.685684
2025-10-18 04:02:17.093,106856.84,0.00024,25.6456416
2025-10-18 04:02:17.217,106856.84,0.00029,30.9884836
2025-10-18 04:02:17.219,106856.84,0.00012,12.8228208
2025-10-18 04:02:17.262,106856.84,0.00019,20.3027996
2025-10-18 04:02:17.418,106856.84,0.00062,66.25124079999999
2025-10-18 04:02:17.471,106856.83,0.09363,10005.004992900002
2025-10-18 04:02:17.515,106863.99,0.00015,16.0295985
2025-10-18 04:02:18.059,106864.0,0.00328,350.51392
2025-10-18 04:02:18.156,106864.0,0.01498,1600.8227200000001
2025-10-18 04:02:18.218,106864.0,0.00047,50.226079999999996
2025-10-18 04:02:18.219,106864.0,0.0001,10.6864
2025-10-18 04:02:18.316,106864.0,0.00139,148.54095999999998
2025-10-18 04:02:18.617,106863.99,0.09363,10005.675383700001
2025-10-18 04:02:18.648,106864.0,0.0001,10.6864
2025-10-18 04:02:18.751,106864.0,0.01498,1600.8227200000001
2025-10-18 04:02:18.815,106864.0,0.01498,1600.8227200000001
2025-10-18 04:02:18.870,106864.0,0.00094,100.45215999999999
2025-10-18 04:02:18.885,106864.0,0.00019,20.30416
2025-10-18 04:02:19.019,106864.0,0.0001,10.6864
2025-10-18 04:02:19.236,106864.0,0.00046,49.15744
2025-10-18 04:02:19.716,106863.99,0.09363,10005.675383700001
2025-10-18 04:02:19.770,106864.0,0.00064,68.39296
2025-10-18 04:02:19.845,106864.0,7e-05,7.480479999999999
2025-10-18 04:02:20.093,106864.0,0.00012,12.82368
2025-10-18 04:02:20.415,106864.0,0.00409,437.07376
2025-10-18 04:02:20.735,106863.99,0.09363,10005.675383700001
2025-10-18 04:02:20.965,106864.0,0.00554,592.02656
2025-10-18 04:02:21.123,106863.99,0.00061,65.1870339
2025-10-18 04:02:21.358,106864.0,0.00013,13.892319999999998
2025-10-18 04:02:21.624,106864.0,0.00089,95.10896
2025-10-18 04:02:21.817,106863.99,0.09363,10005.675383700001
2025-10-18 04:02:21.883,106864.0,0.00091,97.24624
2025-10-18 04:02:22.104,106864.0,0.00163,174.18832
2025-10-18 04:02:22.597,106863.99,0.00011,11.7550389
2025-10-18 04:02:22.914,106863.99,0.09363,10005.675383700001
2025-10-18 04:02:23.267,106864.0,0.00177,189.14928
2025-10-18 04:02:23.572,106864.0,0.02835,3029.5944
2025-10-18 04:02:23.573,106864.0,0.05509,5887.13776
2025-10-18 04:02:23.575,106864.0,0.09353,9994.98992
2025-10-18 04:02:23.605,106864.0,0.00773,826.05872
2025-10-18 04:02:23.615,106864.01,0.0001,10.686401
2025-10-18 04:02:23.617,106864.08,0.0001,10.686408
2025-10-18 04:02:23.619,106864.08,0.0003,32.059224
2025-10-18 04:02:23.621,106866.0,0.0029,309.91139999999996
2025-10-18 04:02:23.639,106868.0,0.028,2992.304
2025-10-18 04:02:23.836,106868.01,0.00012,12.824161199999999
2025-10-18 04:02:24.095,106868.01,9e-05,9.618120900000001
2025-10-18 04:02:24.116,106868.0,0.09362,10004.98216
2025-10-18 04:02:24.369,106868.01,0.00122,130.3789722
2025-10-18 04:02:24.370,106870.01,0.0001,10.687001
2025-10-18 04:02:24.375,106879.5,6e-05,6.41277
2025-10-18 04:02:24.376,106885.5,0.00936,1000.4482800000001
2025-10-18 04:02:24.377,106885.5,0.014,1496.397
2025-10-18 04:02:24.378,106885.5,0.00935,999.3794250000001
2025-10-18 04:02:24.388,106885.5,0.08791,9396.304305
2025-10-18 04:02:25.129,106885.49,0.09361,10005.5507189
2025-10-18 04:02:25.475,106885.5,0.00049,52.373895
2025-10-18 04:02:26.216,106885.49,0.09361,10005.5507189
2025-10-18 04:02:26.308,106885.49,0.00016,17.1016784
2025-10-18 04:02:27.200,106885.5,0.14033,14999.242215
2025-10-18 04:02:27.417,106885.49,0.09361,10005.5507189
2025-10-18 04:02:27.579,106885.39,0.0002,21.377078
2025-10-18 04:02:27.581,106884.45,0.00015,16.0326675
2025-10-18 04:02:27.582,106884.43,0.00035,37.409550499999995
2025-10-18 04:02:27.591,106882.08,0.0109,1165.014672
2025-10-18 04:02:27.597,106882.08,0.012,1282.5849600000001
2025-10-18 04:02:27.598,106882.08,0.01175,1255.86444
2025-10-18 04:02:27.604,106880.16,0.00015,16.032024
2025-10-18 04:02:27.614,106880.15,0.04416,4719.827423999999
2025-10-18 04:02:27.649,106880.15,0.00172,183.833858
2025-10-18 04:02:27.754,106878.28,0.03555,3799.522854
2025-10-18 04:02:27.767,106876.44,0.00186,198.7901784
2025-10-18 04:02:27.778,106872.2,0.012,1282.4664
2025-10-18 04:02:27.781,106872.2,0.5917,63236.28074
2025-10-18 04:02:27.784,106871.6,0.00025,26.717900000000004
2025-10-18 04:02:27.794,106868.02,0.012,1282.41624
2025-10-18 04:02:28.477,106868.03,0.01498,1600.8830894
2025-10-18 04:02:28.591,106868.02,0.09362,10004.9840324
2025-10-18 04:02:28.968,106868.02,0.0201,2148.047202
2025-10-18 04:02:29.249,106868.03,0.00018,19.2362454
2025-10-18 04:02:29.575,106868.02,0.09362,10004.9840324
2025-10-18 04:02:29.619,106868.02,5e-05,5.343401
2025-10-18 04:02:29.795,106868.03,0.00023,24.5796469
2025-10-18 04:02:29.825,106868.03,0.00012,12.8241636
2025-10-18 04:02:30.080,106868.03,0.0028,299.230484
2025-10-18 04:02:30.518,106868.02,0.0009,96.181218
2025-10-18 04:02:30.611,106868.02,0.09362,10004.9840324
2025-10-18 04:02:31.129,106868.02,0.012,1282.41624
2025-10-18 04:02:31.131,106868.02,0.012,1282.41624
2025-10-18 04:02:31.617,106868.02,0.09362,10004.9840324
2025-10-18 04:02:31.756,106868.02,0.00019,20.3049238
2025-10-18 04:02:32.168,106868.03,0.0017,181.675651
2025-10-18 04:02:32.170,106868.02,0.05866,6268.8780532
2025-10-18 04:02:32.319,106868.03,7e-05,7.480762099999999
2025-10-18 04:02:32.582,106868.02,0.00011,11.755482200000001
2025-10-18 04:02:32.817,106868.02,0.09362,10004.9840324
2025-10-18 04:02:32.853,106868.02,0.00024,25.6483248
2025-10-18 04:02:32.891,106868.03,0.00023,24.5796469
2025-10-18 04:02:33.032,106868.03,0.00012,12.8241636
2025-10-18 04:02:33.092,106868.02,0.00069,73.7389338
2025-10-18 04:02:33.574,106868.03,6e-05,6.4120818
2025-10-18 04:02:33.896,106868.02,7e-05,7.4807614
2025-10-18 04:02:33.931,106868.02,0.09362,10004.9840324
2025-10-18 04:02:34.340,106868.03,0.00018,19.2362454
2025-10-18 04:02:34.531,106868.02,0.08438,9017.5235276
2025-10-18 04:02:34.761,106868.02,0.0013,138.928426
2025-10-18 04:02:34.973,106868.02,0.09362,10004.9840324
2025-10-18 04:02:35.293,106868.03,0.00018,19.2362454
2025-10-18 04:02:35.917,106868.02,0.09362,10004.9840324
2025-10-18 04:02:36.015,106868.03,0.00024,25.6483272
2025-10-18 04:02:36.190,106868.02,0.00016,17.098883200000003
2025-10-18 04:02:36.647,106868.03,5e-05,5.343401500000001
2025-10-18 04:02:36.988,106868.02,8e-05,8.549441600000002
2025-10-18 04:02:37.024,106868.02,0.01082,1156.3119764
2025-10-18 04:02:37.037,106868.02,8e-05,8.549441600000002
2025-10-18 04:02:37.047,106868.02,0.09362,10004.9840324
2025-10-18 04:02:38.122,106868.02,0.09362,10004.9840324
2025-10-18 04:02:38.185,106868.03,7e-05,7.480762099999999
2025-10-18 04:02:38.226,106867.9,0.02865,3061.7653349999996
2025-10-18 04:02:38.228,106865.82,5e-05,5.343291000000001
2025-10-18 04:02:38.229,106865.84,0.0001,10.686584
2025-10-18 04:02:38.230,106863.98,0.0001,10.686398
2025-10-18 04:02:38.233,106863.84,8e-05,8.5491072
2025-10-18 04:02:38.237,106861.79,0.00015,16.029268499999997
2025-10-18 04:02:38.247,106857.67,5e-05,5.3428835
2025-10-18 04:02:38.251,106857.35,0.03483,3721.8415005
2025-10-18 04:02:38.253,106857.34,0.00587,627.2525858
2025-10-18 04:02:38.254,106854.41,0.012,1282.2529200000001
2025-10-18 04:02:38.299,106854.41,0.01253,1338.8857573
2025-10-18 04:02:38.490,106852.6,0.00018,19.233468000000002
2025-10-18 04:02:38.857,106852.6,0.03448,3684.2776479999998
2025-10-18 04:02:39.117,106852.59,0.09364,10005.6765276
2025-10-18 04:02:39.379,106852.59,5e-05,5.3426295
2025-10-18 04:02:40.039,106852.59,0.09364,10005.6765276
2025-10-18 04:02:40.393,106852.6,0.00012,12.822312
2025-10-18 04:02:41.075,106852.59,0.09364,10005.6765276
2025-10-18 04:02:41.105,106852.6,0.00012,12.822312
2025-10-18 04:02:41.191,106852.59,0.00012,12.8223108
2025-10-18 04:02:42.016,106852.59,0.09364,10005.6765276
2025-10-18 04:02:42.033,106852.6,0.00173,184.854998
2025-10-18 04:02:42.156,106852.6,0.00012,12.822312
2025-10-18 04:02:42.500,106852.6,0.00169,180.58089400000003
2025-10-18 04:02:43.116,106852.59,0.09364,10005.6765276
2025-10-18 04:02:43.546,106852.6,0.00012,12.822312
2025-10-18 04:02:43.927,106852.6,0.00015,16.02789
2025-10-18 04:02:44.270,106852.59,0.00014,14.959362599999999
2025-10-18 04:02:44.317,106852.59,0.09364,10005.6765276
2025-10-18 04:02:44.711,106852.59,0.012,1282.23108
2025-10-18 04:02:44.770,106852.59,0.00015,16.0278885
2025-10-18 04:02:45.029,106852.6,0.00012,12.822312
2025-10-18 04:02:45.199,106852.6,0.0028,299.18728
2025-10-18 04:02:45.317,106852.59,0.09364,10005.6765276
2025-10-18 04:02:45.429,106852.6,0.02754,2942.720604
2025-10-18 04:02:45.436,106855.1,0.0001,10.68551
2025-10-18 04:02:45.437,106856.86,0.00181,193.4109166
2025-10-18 04:02:45.752,106856.86,0.05561,5942.3099846
2025-10-18 04:02:45.863,106856.87,0.0001,10.685687
2025-10-18 04:02:46.417,106856.86,0.09363,10005.0078018
2025-10-18 04:02:46.482,106856.87,0.00012,12.8228244
2025-10-18 04:02:46.498,106856.86,0.009,961.71174
2025-10-18 04:02:47.305,106856.86,0.00012,12.8228232
2025-10-18 04:02:47.315,106856.87,0.00163,174.17669809999998
2025-10-18 04:02:47.439,106857.23,4e-05,4.2742892
2025-10-18 04:02:47.446,106857.22,0.09363,10005.041508600001
2025-10-18 04:02:47.450,106857.23,0.0003,32.057168999999995
2025-10-18 04:02:47.497,106859.01,0.00861,920.0560760999999
2025-10-18 04:02:47.503,106863.2,0.0001,10.68632
2025-10-18 04:02:48.177,106863.28,0.00012,12.8235936
2025-10-18 04:02:48.296,106863.28,0.0002,21.372656
2025-10-18 04:02:48.417,106863.27,0.09362,10004.5393374
2025-10-18 04:02:49.098,106863.27,0.00012,12.8235924
2025-10-18 04:02:49.354,106863.27,0.09362,10004.5393374
2025-10-18 04:02:49.665,106863.27,0.00628,671.1013356
2025-10-18 04:02:50.039,106863.28,0.00012,12.8235936
2025-10-18 04:02:50.095,106863.27,0.0014,149.608578
2025-10-18 04:02:50.389,106863.27,0.09362,10004.5393374
2025-10-18 04:02:50.485,106863.27,4e-05,4.274530800000001
2025-10-18 04:02:50.617,106863.27,0.00094,100.4514738
2025-10-18 04:02:50.680,106863.28,0.09357,9999.1971096
2025-10-18 04:02:50.938,106863.27,0.00372,397.53136440000003
2025-10-18 04:02:51.416,106863.27,0.09362,10004.5393374
2025-10-18 04:02:51.449,106863.27,0.00012,12.8235924
2025-10-18 04:02:52.263,106869.69,0.00171,182.7471699
2025-10-18 04:02:52.363,106869.68,0.09362,10005.139441599998
2025-10-18 04:02:52.437,106869.69,5e-05,5.343484500000001
2025-10-18 04:02:53.639,106869.68,0.09362,10005.139441599998
2025-10-18 04:02:53.813,106869.69,0.00022,23.5113318
2025-10-18 04:02:54.345,106869.69,7e-05,7.4808783
2025-10-18 04:02:54.362,106869.69,0.00188,200.9150172
2025-10-18 04:02:54.590,106869.68,0.09362,10005.139441599998
2025-10-18 04:02:54.900,106869.69,0.00013,13.893059699999998
2025-10-18 04:02:55.197,106869.69,0.00013,13.893059699999998
2025-10-18 04:02:55.501,106869.69,9e-05,9.6182721
2025-10-18 04:02:55.510,106869.69,0.00927,990.6820263000001
2025-10-18 04:02:55.617,106869.68,0.09362,10005.139441599998
2025-10-18 04:02:56.323,106869.69,0.00093,99.3888117
2025-10-18 04:02:56.415,106869.69,0.00011,11.7556659
2025-10-18 04:02:56.529,106869.68,0.00019,20.3052392
2025-10-18 04:02:56.566,106869.68,0.09362,10005.139441599998
2025-10-18 04:02:56.625,106869.69,0.02108,2252.8130652000004
2025-10-18 04:02:57.607,106869.69,0.09362,10005.1403778
2025-10-18 04:02:57.639,106869.7,9e-05,9.618273
2025-10-18 04:02:57.674,106869.7,0.017,1816.7849
2025-10-18 04:02:58.065,106869.7,0.0012,128.24364
2025-10-18 04:02:58.178,106876.1,0.01497,1599.9352170000002
2025-10-18 04:02:58.617,106876.09,0.09362,10005.7395458
2025-10-18 04:02:58.937,106876.1,0.00017,18.168937000000003
2025-10-18 04:02:59.469,106876.1,0.00163,174.208043
2025-10-18 04:02:59.734,106876.09,0.09362,10005.7395458
2025-10-18 04:03:00.175,106876.1,0.00012,12.825132000000002
2025-10-18 04:03:00.533,106876.1,0.00773,826.1522530000001
2025-10-18 04:03:00.584,106876.1,0.00152,162.45167200000003
2025-10-18 04:03:00.634,106876.1,0.00074,79.088314
2025-10-18 04:03:00.827,106876.09,0.09362,10005.7395458
2025-10-18 04:03:01.236,106885.48,0.00514,549.3913672
2025-10-18 04:03:01.377,106885.48,0.01412,1509.2229776
2025-10-18 04:03:01.378,106885.48,0.00085,90.85265799999999
2025-10-18 04:03:01.676,106885.48,0.00045,48.098465999999995
2025-10-18 04:03:01.807,106885.47,0.09361,10005.5488467
2025-10-18 04:03:02.947,106885.47,0.09361,10005.5488467
2025-10-18 04:03:02.966,106885.48,0.00017,18.1705316
2025-10-18 04:03:03.037,106885.47,7e-05,7.481982899999999
2025-10-18 04:03:03.508,106885.47,0.12787,13667.445048900001
2025-10-18 04:03:03.509,106885.47,0.0046,491.673162
2025-10-18 04:03:03.510,106885.46,0.0002,21.377092
2025-10-18 04:03:03.511,106883.08,5e-05,5.3441540000000005
2025-10-18 04:03:03.513,106882.98,5e-05,5.344149
2025-10-18 04:03:03.519,106880.18,5e-05,5.344009
2025-10-18 04:03:03.524,106880.03,0.03721,3977.0059163
2025-10-18 04:03:03.533,106880.02,0.0001,10.688002000000001
2025-10-18 04:03:03.534,106880.02,0.0001,10.688002000000001
2025-10-18 04:03:03.535,106880.02,0.04416,4719.8216832
2025-10-18 04:03:03.537,106880.02,0.012,1282.56024
2025-10-18 04:03:03.578,106880.02,0.05568,5951.079513600001
2025-10-18 04:03:03.748,106880.02,0.00105,112.224021
2025-10-18 04:03:03.750,106877.76,0.00015,16.031664
2025-10-18 04:03:03.800,106876.26,7e-05,7.481338199999999
2025-10-18 04:03:04.117,106876.25,0.09362,10005.754525
2025-10-18 04:03:05.048,106876.25,0.09362,10005.754525
2025-10-18 04:03:05.086,106876.25,0.01302,1391.528775
2025-10-18 04:03:05.470,106876.25,0.00025,26.7190625
2025-10-18 04:03:05.660,106876.26,0.00032,34.200403200000004
2025-10-18 04:03:05.825,106876.25,0.012,1282.515
2025-10-18 04:03:05.826,106876.25,0.012,1282.515
2025-10-18 04:03:05.836,106874.2,0.00604,645.520168
2025-10-18 04:03:06.117,106874.2,0.09362,10005.562603999999
2025-10-18 04:03:06.183,106874.2,0.00052,55.574583999999994
2025-10-18 04:03:06.321,106874.21,0.02926,3127.1393846000005
2025-10-18 04:03:07.026,106874.2,0.00045,48.09339
2025-10-18 04:03:07.183,106874.2,0.09362,10005.562603999999
2025-10-18 04:03:07.435,106874.2,4e-05,4.274968
2025-10-18 04:03:08.348,106874.2,6e-05,6.412452
2025-10-18 04:03:08.375,106874.2,0.09044,9665.702648
2025-10-18 04:03:09.010,106874.21,0.06574,7025.910565400001
2025-10-18 04:03:09.223,106874.2,0.012,1282.4904
2025-10-18 04:03:09.225,106874.2,0.012,1282.4904
2025-10-18 04:03:09.226,106874.2,0.012,1282.4904
2025-10-18 04:03:09.267,106874.2,0.0001,10.68742
2025-10-18 04:03:10.383,106874.21,0.08454,9035.145713400001
2025-10-18 04:03:10.459,106874.3,0.00085,90.843155
2025-10-18 04:03:10.464,106874.3,0.0004,42.74972
2025-10-18 04:03:10.470,106876.25,0.04168,4454.6021
2025-10-18 04:03:10.474,106880.83,5e-05,5.3440415
2025-10-18 04:03:10.479,106885.45,0.00015,16.032817499999997
2025-10-18 04:03:10.577,106886.78,0.01497,1600.0950966
2025-10-18 04:03:10.687,106886.77,0.04715,5039.7112055
2025-10-18 04:03:10.856,106886.78,4e-05,4.2754712
2025-10-18 04:03:10.922,106886.77,0.00012,12.8264124
2025-10-18 04:03:11.955,106886.78,4e-05,4.2754712
2025-10-18 04:03:12.026,106886.77,0.0003,32.066030999999995
2025-10-18 04:03:12.358,106886.78,6e-05,6.4132068
2025-10-18 04:03:12.897,106886.78,0.0002,21.377356000000002
2025-10-18 04:03:14.463,106886.78,6e-05,6.4132068
2025-10-18 04:03:14.773,106886.78,0.00013,13.895281399999998
2025-10-18 04:03:15.927,106886.78,6e-05,6.4132068
2025-10-18 04:03:15.990,106886.78,0.00124,132.5396072
2025-10-18 04:03:16.125,106886.77,8e-05,8.550941600000002
2025-10-18 04:03:16.589,106886.78,0.00018,19.2396204
2025-10-18 04:03:17.305,106886.77,0.00056,59.8565912
2025-10-18 04:03:18.034,106886.78,6e-05,6.4132068
2025-10-18 04:03:19.165,106886.78,0.00839,896.7800842
2025-10-18 04:03:19.808,106886.78,0.0084,897.8489519999999
2025-10-18 04:03:19.809,106888.0,0.0028,299.2864
2025-10-18 04:03:19.810,106889.25,6e-05,6.413355
2025-10-18 04:03:19.811,106890.81,0.1374,14686.797294
2025-10-18 04:03:19.814,106890.81,5e-05,5.3445405
2025-10-18 04:03:19.817,106895.94,0.0146,1560.680724
2025-10-18 04:03:19.830,106896.0,6e-05,6.41376
2025-10-18 04:03:19.833,106896.0,6e-05,6.41376
2025-10-18 04:03:19.854,106896.0,9e-05,9.62064
2025-10-18 04:03:19.906,106896.0,0.028,2993.088
2025-10-18 04:03:20.024,106895.99,0.01082,1156.6146118
2025-10-18 04:03:20.031,106896.0,0.01497,1600.23312
2025-10-18 04:03:20.032,106896.0,0.01497,1600.23312
2025-10-18 04:03:20.073,106896.0,0.00265,283.2744
2025-10-18 04:03:20.728,106896.01,0.00124,132.5510524
2025-10-18 04:03:20.885,106896.01,0.00018,19.2412818
2025-10-18 04:03:21.503,106896.0,9e-05,9.62064
2025-10-18 04:03:21.516,106896.0,0.00081,86.58576
2025-10-18 04:03:22.431,106896.01,0.0001,10.689601
2025-10-18 04:03:22.623,106896.01,0.00012,12.8275212
2025-10-18 04:03:22.771,106896.01,0.00202,215.9299402
2025-10-18 04:03:23.105,106896.0,0.00248,265.10208
2025-10-18 04:03:23.972,106896.0,0.0936,10005.4656
2025-10-18 04:03:24.866,106896.01,0.00023,24.5860823
2025-10-18 04:03:24.929,106896.01,0.0001,10.689601
2025-10-18 04:03:24.939,106896.01,6e-05,6.4137606
2025-10-18 04:03:25.211,106896.0,0.0936,10005.4656
2025-10-18 04:03:25.821,106896.0,0.01867,1995.74832
2025-10-18 04:03:25.961,106896.01,0.00012,12.8275212
2025-10-18 04:03:26.200,106896.0,0.0936,10005.4656
2025-10-18 04:03:26.776,106896.01,5e-05,5.3448005
2025-10-18 04:03:27.134,106896.0,0.0936,10005.4656
2025-10-18 04:03:27.233,106896.01,0.0028,299.308828
2025-10-18 04:03:27.499,106896.01,0.03311,3539.3268911
2025-10-18 04:03:27.500,106896.01,0.05526,5907.073512599999
2025-10-18 04:03:27.503,106896.01,0.08468,9051.9541268
2025-10-18 04:03:27.587,106896.01,0.028,2993.08828
2025-10-18 04:03:27.723,106896.01,0.00136,145.3785736
2025-10-18 04:03:27.764,106896.01,0.00014,14.965441399999998
2025-10-18 04:03:28.165,106896.01,0.00016,17.1033616
2025-10-18 04:03:28.376,106896.0,0.09359,10004.39664
2025-10-18 04:03:28.491,106896.0,0.00065,69.4824
2025-10-18 04:03:28.536,106896.01,0.00073,78.0340873
2025-10-18 04:03:28.597,106894.78,5e-05,5.344739000000001
2025-10-18 04:03:28.598,106889.59,0.00581,621.0285179
2025-10-18 04:03:28.599,106884.05,0.13911,14868.640195500002
2025-10-18 04:03:28.600,106876.09,0.00521,556.8244289
2025-10-18 04:03:28.601,106868.36,5e-05,5.343418000000001
2025-10-18 04:03:28.604,106867.32,0.00045,48.090294
2025-10-18 04:03:28.606,106863.27,0.05504,5881.7543808
2025-10-18 04:03:28.607,106863.27,0.00935,999.1715745000001
2025-10-18 04:03:28.609,106863.27,0.00935,999.1715745000001
2025-10-18 04:03:28.621,106863.42,0.03151,3367.2663642
2025-10-18 04:03:28.622,106860.0,0.00011,11.7546
2025-10-18 04:03:28.634,106862.43,0.00015,16.029364499999996
2025-10-18 04:03:28.658,106856.85,0.00936,1000.1801160000001
2025-10-18 04:03:28.661,106856.85,0.00936,1000.1801160000001
2025-10-18 04:03:28.787,106856.86,0.0018,192.342348
2025-10-18 04:03:29.352,106856.85,0.00012,12.822822
2025-10-18 04:03:29.516,106856.85,0.2142,22888.73727
2025-10-18 04:03:29.517,106856.85,0.02894,3092.4372390000003
2025-10-18 04:03:29.518,106852.59,0.05621,6006.1840839
2025-10-18 04:03:29.559,106852.59,0.09364,10005.6765276
2025-10-18 04:03:29.560,106852.59,0.03158,3374.4047921999995
2025-10-18 04:03:30.160,106852.5,0.0077,822.7642500000001
2025-10-18 04:03:30.161,106851.88,0.0001,10.685188
2025-10-18 04:03:30.163,106846.52,5e-05,5.342326000000001
2025-10-18 04:03:30.164,106846.0,0.0021,224.3766
2025-10-18 04:03:30.165,106837.36,0.00265,283.119004
2025-10-18 04:03:30.166,106832.15,0.07451,7960.0634965
2025-10-18 04:03:30.167,106823.02,0.001,106.82302
2025-10-18 04:03:30.169,106831.45,0.0341,3642.952445
2025-10-18 04:03:30.173,106824.63,0.00936,999.8785368000001
2025-10-18 04:03:30.176,106812.87,5e-05,5.3406435
2025-10-18 04:03:30.180,106807.4,0.0025,267.0185
2025-10-18 04:03:30.182,106806.63,0.012,1281.67956
2025-10-18 04:03:30.184,106806.63,0.012,1281.67956
2025-10-18 04:03:30.186,106806.63,0.0027,288.377901
2025-10-18 04:03:30.192,106805.55,5e-05,5.3402775
2025-10-18 04:03:30.195,106805.39,4e-05,4.2722156
2025-10-18 04:03:30.198,106805.61,5e-05,5.3402805
2025-10-18 04:03:30.205,106805.23,0.00046,49.1304058
2025-10-18 04:03:30.217,106798.71,0.01354,1446.0545334
2025-10-18 04:03:30.219,106799.1,0.00631,673.902321
2025-10-18 04:03:30.222,106798.71,0.00936,999.6359256000001
2025-10-18 04:03:30.225,106798.71,0.00937,1000.7039127
2025-10-18 04:03:30.234,106798.71,0.00026,27.7676646
2025-10-18 04:03:30.240,106798.71,0.014,1495.1819400000002
2025-10-18 04:03:30.253,106798.71,0.00117,124.95449070000001
2025-10-18 04:03:30.336,106798.72,0.00026,27.767667199999998
2025-10-18 04:03:30.362,106798.72,0.00258,275.5406976
2025-10-18 04:03:30.511,106798.71,0.07609,8126.313843900001
2025-10-18 04:03:30.515,106798.71,0.0518,5532.173178
2025-10-18 04:03:30.546,106798.71,0.01558,1663.9239018
2025-10-18 04:03:30.549,106798.71,0.06542,6986.771608200001
2025-10-18 04:03:30.550,106798.71,0.00024,25.631690400000004
2025-10-18 04:03:30.551,106798.71,0.06017,6426.078380700001
2025-10-18 04:03:30.553,106797.99,0.0002,21.359598000000002
2025-10-18 04:03:30.566,106797.19,0.0007,74.758033
2025-10-18 04:03:30.640,106796.0,0.00833,889.6106800000001
2025-10-18 04:03:30.684,106796.0,0.00207,221.06771999999998
2025-10-18 04:03:30.728,106794.02,0.00427,456.01046540000004
2025-10-18 04:03:30.896,106794.01,0.005,533.97005
2025-10-18 04:03:31.220,106794.01,8e-05,8.5435208
2025-10-18 04:03:31.478,106794.02,0.0133,1420.360466
2025-10-18 04:03:31.666,106794.01,0.09369,10005.530796899999
2025-10-18 04:03:31.702,106794.02,0.23409,24999.4121418
2025-10-18 04:03:31.746,106794.02,0.00028,29.902325599999998
2025-10-18 04:03:32.065,106794.02,0.00467,498.72807339999997
2025-10-18 04:03:32.392,106794.02,0.0001,10.679402000000001
2025-10-18 04:03:32.500,106794.02,0.00093,99.31843860000001
2025-10-18 04:03:32.795,106794.01,0.00104,111.06577039999999
2025-10-18 04:03:32.803,106794.01,0.09369,10005.530796899999
2025-10-18 04:03:32.890,106794.02,0.00094,100.3863788
2025-10-18 04:03:33.377,106794.02,0.00037,39.5137874
2025-10-18 04:03:33.759,106794.02,0.00058,61.9405316
2025-10-18 04:03:33.880,106794.01,0.00089,95.04666889999999
2025-10-18 04:03:33.917,106794.01,0.09369,10005.530796899999
2025-10-18 04:03:33.979,106794.02,0.00089,95.0466778
2025-10-18 04:03:34.471,106794.02,0.00943,1007.0676086
2025-10-18 04:03:34.544,106794.02,0.00018,19.2229236
2025-10-18 04:03:34.765,106794.02,8e-05,8.543521600000002
2025-10-18 04:03:35.135,106794.01,0.09369,10005.530796899999
2025-10-18 04:03:35.170,106794.02,0.00014,14.951162799999999
2025-10-18 04:03:35.757,106794.01,0.00091,97.18254909999999
2025-10-18 04:03:36.228,106794.01,0.09369,10005.530796899999
2025-10-18 04:03:36.321,106794.01,0.2113,22565.574312999997
2025-10-18 04:03:36.363,106794.02,0.01447,1545.3094694000001
2025-10-18 04:03:36.924,106794.02,0.00024,25.630564800000002
2025-10-18 04:03:37.208,106794.01,0.09369,10005.530796899999
2025-10-18 04:03:37.428,106794.02,0.0187,1997.0481740000002
2025-10-18 04:03:37.795,106794.02,0.00088,93.9787376
2025-10-18 04:03:38.035,106794.02,0.00015,16.019102999999998
2025-10-18 04:03:38.296,106794.01,0.09369,10005.530796899999
2025-10-18 04:03:38.537,106794.02,0.00047,50.1931894
2025-10-18 04:03:39.022,106792.0,0.00031,33.10552
2025-10-18 04:03:39.023,106788.68,0.00015,16.018302
2025-10-18 04:03:39.024,106786.98,0.00426,454.91253479999995
2025-10-18 04:03:39.025,106771.29,5e-05,5.3385645
2025-10-18 04:03:39.026,106767.09,0.0001,10.676709
2025-10-18 04:03:39.030,106766.0,0.00016,17.08256
2025-10-18 04:03:39.033,106767.08,5e-05,5.338354000000001
2025-10-18 04:03:39.035,106758.07,0.00173,184.6914611
2025-10-18 04:03:39.036,106761.29,0.0028,298.931612
2025-10-18 04:03:39.038,106755.41,0.00613,654.4106633
2025-10-18 04:03:39.040,106755.41,6e-05,6.4053246
2025-10-18 04:03:39.053,106753.4,0.00812,866.837608
2025-10-18 04:03:39.057,106754.0,0.00015,16.013099999999998
2025-10-18 04:03:39.061,106753.4,0.00107,114.22613799999999
2025-10-18 04:03:39.064,106753.17,6e-05,6.4051902
2025-10-18 04:03:39.070,106752.44,0.00013,13.877817199999999
2025-10-18 04:03:39.078,106751.72,0.012,1281.02064
2025-10-18 04:03:39.105,106751.9,0.00015,16.012784999999997
2025-10-18 04:03:39.131,106751.72,0.01873,1999.4597156
2025-10-18 04:03:39.140,106751.72,0.0001,10.675172
2025-10-18 04:03:39.141,106751.19,0.00901,961.8282219000001
2025-10-18 04:03:39.142,106750.17,0.00124,132.3702108
2025-10-18 04:03:39.164,106750.01,0.00391,417.3925391
2025-10-18 04:03:39.269,106750.0,0.00163,174.0025
2025-10-18 04:03:39.331,106750.0,0.09373,10005.6775
2025-10-18 04:03:39.397,106750.01,0.00349,372.5575349
2025-10-18 04:03:39.670,106750.01,0.00024,25.6200024
2025-10-18 04:03:40.115,106744.2,0.0004,42.69768
2025-10-18 04:03:40.317,106744.19,0.09373,10005.132928699999
2025-10-18 04:03:40.881,106744.2,0.00013,13.876745999999999
2025-10-18 04:03:41.309,106744.19,0.00018,19.2139542
2025-10-18 04:03:41.396,106744.19,0.09373,10005.132928699999
2025-10-18 04:03:41.511,106744.2,0.00057,60.844193999999995
2025-10-18 04:03:41.600,106744.2,0.00186,198.54421200000002
2025-10-18 04:03:41.876,106744.2,0.00102,108.879084
2025-10-18 04:03:42.090,106744.2,0.07874,8405.038308000001
2025-10-18 04:03:42.123,106744.2,0.00028,29.888375999999997
2025-10-18 04:03:42.254,106744.2,0.00012,12.809304
2025-10-18 04:03:42.325,106744.2,0.00382,407.762844
2025-10-18 04:03:42.431,106744.19,0.09373,10005.132928699999
2025-10-18 04:03:42.684,106744.2,0.01139,1215.816438
2025-10-18 04:03:42.836,106744.2,0.00015,16.011629999999997
2025-10-18 04:03:43.029,106744.2,0.11268,12027.936456
2025-10-18 04:03:43.030,106744.19,0.012,1280.93028
2025-10-18 04:03:43.031,106744.19,0.012,1280.93028
2025-10-18 04:03:43.091,106744.2,0.028,2988.8376
2025-10-18 04:03:43.213,106744.2,0.00031,33.090702
2025-10-18 04:03:43.412,106744.19,0.09373,10005.132928699999
2025-10-18 04:03:43.440,106744.2,0.06525,6965.05905
2025-10-18 04:03:43.485,106744.2,0.0016,170.79072
2025-10-18 04:03:43.784,106744.2,0.00496,529.451232
2025-10-18 04:03:43.833,106744.19,0.00021,22.416279900000003
2025-10-18 04:03:44.299,106744.2,6e-05,6.404652
2025-10-18 04:03:44.393,106744.19,0.09373,10005.132928699999
2025-10-18 04:03:44.463,106744.19,0.00132,140.90233080000002
2025-10-18 04:03:44.518,106744.2,7e-05,7.472093999999999
2025-10-18 04:03:45.317,106744.19,0.0003,32.023257
2025-10-18 04:03:45.380,106744.19,0.09373,10005.132928699999
2025-10-18 04:03:45.966,106744.2,0.00012,12.809304
2025-10-18 04:03:46.000,106744.2,0.00605,645.80241
2025-10-18 04:03:46.029,106744.19,0.00788,841.1442172
2025-10-18 04:03:46.519,106744.19,0.09373,10005.132928699999
2025-10-18 04:03:46.808,106744.2,6e-05,6.404652
2025-10-18 04:03:47.119,106744.2,7e-05,7.472093999999999
2025-10-18 04:03:47.555,106744.19,0.09373,10005.132928699999
2025-10-18 04:03:48.139,106744.2,0.00012,12.809304
2025-10-18 04:03:48.800,106744.19,0.09373,10005.132928699999
2025-10-18 04:03:49.484,106744.2,0.00629,671.4210179999999
2025-10-18 04:03:49.888,106744.19,0.09373,10005.132928699999
2025-10-18 04:03:50.803,106744.2,0.33721,35995.211682
2025-10-18 04:03:50.804,106744.2,0.2937,31350.77154
2025-10-18 04:03:50.805,106750.58,0.00015,16.012587
2025-10-18 04:03:50.806,106752.2,5e-05,5.33761
2025-10-18 04:03:50.809,106754.16,5e-05,5.337708
2025-10-18 04:03:50.811,106754.5,0.0084,896.7378
2025-10-18 04:03:50.816,106754.87,0.00033,35.2291071
2025-10-18 04:03:50.818,106754.87,0.0032,341.615584
2025-10-18 04:03:50.820,106756.0,6e-05,6.40536
2025-10-18 04:03:50.821,106762.03,0.00482,514.5929845999999
2025-10-18 04:03:50.822,106762.03,0.0005,53.381015
2025-10-18 04:03:50.827,106759.33,0.0002,21.351866
2025-10-18 04:03:50.847,106760.31,0.0016,170.816496
2025-10-18 04:03:50.867,106760.33,0.04071,4346.213034300001
2025-10-18 04:03:50.879,106760.33,0.00936,999.2766888
2025-10-18 04:03:50.881,106760.33,0.00234,249.8191722
2025-10-18 04:03:50.973,106762.01,0.09371,10004.6679571
2025-10-18 04:03:51.029,106762.02,0.46675,49831.172835000005
2025-10-18 04:03:51.216,106762.02,0.00518,553.0272636
2025-10-18 04:03:51.654,106765.58,0.0053,565.857574
2025-10-18 04:03:51.829,106765.57,0.0037,395.03260900000004
2025-10-18 04:03:52.055,106765.57,0.09371,10005.0015647
2025-10-18 04:03:52.100,106765.58,0.0001,10.676558
2025-10-18 04:03:52.910,106765.58,0.00123,131.3216634
2025-10-18 04:03:52.917,106765.58,0.00061,65.1270038
2025-10-18 04:03:52.939,106765.58,0.00094,100.3596452
2025-10-18 04:03:53.145,106765.57,0.09371,10005.0015647
2025-10-18 04:03:53.151,106765.58,0.0039,416.385762
2025-10-18 04:03:53.279,106765.58,0.0004,42.706232
2025-10-18 04:03:54.070,106765.57,0.09371,10005.0015647
2025-10-18 04:03:54.126,106765.57,7e-05,7.4735898999999995
2025-10-18 04:03:55.216,106765.57,0.09371,10005.0015647
2025-10-18 04:03:55.637,106765.57,7e-05,7.4735898999999995
2025-10-18 04:03:55.865,106765.58,0.00142,151.6071236
2025-10-18 04:03:56.407,106765.57,0.09371,10005.0015647
2025-10-18 04:03:56.716,106765.58,0.03492,3728.2540536
2025-10-18 04:03:56.727,106767.68,0.0054,576.545472
2025-10-18 04:03:56.731,106767.68,0.00049,52.3161632
2025-10-18 04:03:56.736,106770.18,0.0002,21.354036
2025-10-18 04:03:57.150,106773.15,8e-05,8.541852
2025-10-18 04:03:57.238,106773.16,0.0001,10.677316000000001
2025-10-18 04:03:57.344,106773.15,6e-05,6.406389
2025-10-18 04:03:57.491,106773.15,0.0937,10004.644155
2025-10-18 04:03:57.642,106773.16,0.0021,224.223636
2025-10-18 04:03:58.068,106773.16,0.01499,1600.5296684
2025-10-18 04:03:58.228,106773.16,0.01499,1600.5296684
2025-10-18 04:03:58.404,106773.15,0.49178,52508.899707
2025-10-18 04:03:58.405,106767.67,0.0002,21.353534
2025-10-18 04:03:58.406,106764.98,0.00015,16.014746999999996
2025-10-18 04:03:58.407,106760.34,0.08407,8975.3417838
2025-10-18 04:03:58.408,106756.0,6e-05,6.40536
2025-10-18 04:03:58.409,106749.33,5e-05,5.337466500000001
2025-10-18 04:03:58.410,106746.25,0.00036,38.428650000000005
2025-10-18 04:03:58.411,106747.48,0.0025,266.8687
2025-10-18 04:03:58.414,106745.37,0.0006,64.04722199999999
2025-10-18 04:03:58.416,106744.21,0.00015,16.0116315
2025-10-18 04:03:58.420,106746.43,5e-05,5.3373215
2025-10-18 04:03:58.421,106744.19,6e-05,6.4046514000000005
2025-10-18 04:03:58.423,106744.19,0.04671,4986.021114900001
2025-10-18 04:03:58.424,106744.19,0.00416,444.0558304
2025-10-18 04:03:58.425,106744.0,0.0028,298.8832
2025-10-18 04:03:58.430,106740.51,0.02811,3000.4757360999997
2025-10-18 04:03:58.441,106738.58,0.00902,962.7819916000001
2025-10-18 04:03:58.453,106737.28,0.00041,43.762284799999996
2025-10-18 04:03:58.454,106732.02,0.00465,496.30389299999996
2025-10-18 04:03:58.469,106729.27,0.00059,62.970269300000005
2025-10-18 04:03:58.473,106729.22,0.00926,988.3125772
2025-10-18 04:03:58.488,106729.22,0.00937,1000.0527914
2025-10-18 04:03:58.542,106729.23,0.0009,96.05630699999999
2025-10-18 04:03:58.553,106729.23,0.00047,50.1627381
2025-10-18 04:03:58.576,106726.45,0.00248,264.681596
2025-10-18 04:03:58.973,106723.29,0.00018,19.2101922
2025-10-18 04:03:59.005,106723.29,0.048,5122.71792
2025-10-18 04:03:59.039,106723.29,6e-05,6.403397399999999
2025-10-18 04:03:59.066,106723.29,0.00367,391.6744743
2025-10-18 04:03:59.562,106723.29,0.00029,30.9497541
2025-10-18 04:03:59.659,106723.28,0.09374,10004.2402672
2025-10-18 04:03:59.898,106723.29,0.06171,6585.8942259
2025-10-18 04:04:00.113,106723.29,0.00236,251.8669644
2025-10-18 04:04:00.217,106723.29,0.0029,309.49754099999996
2025-10-18 04:04:00.526,106723.29,0.00209,223.05167609999998
2025-10-18 04:04:00.603,106723.29,0.0006,64.03397399999999
2025-10-18 04:04:00.618,106723.29,0.0077,821.769333
2025-10-18 04:04:00.622,106723.29,0.11223,11977.5548367
2025-10-18 04:04:00.625,106723.3,0.0001,10.67233
2025-10-18 04:04:00.628,106725.6,0.00013,13.874328
2025-10-18 04:04:00.630,106725.61,0.21247,22675.9903567
2025-10-18 04:04:00.631,106725.61,0.01434,1530.4452474
2025-10-18 04:04:00.632,106725.61,0.11786,12578.6803946
2025-10-18 04:04:00.648,106725.61,0.0006,64.035366
2025-10-18 04:04:00.651,106725.61,0.12585,13431.418018499999
2025-10-18 04:04:00.746,106725.6,0.09374,10004.457744000001
2025-10-18 04:04:00.747,106725.61,0.00059,62.9681099
2025-10-18 04:04:00.873,106725.61,0.27495,29344.206469500004
2025-10-18 04:04:00.876,106731.32,0.0001,10.673132
2025-10-18 04:04:00.877,106731.32,0.04,4269.2528
2025-10-18 04:04:00.878,106731.32,0.37557,40085.081852400006
2025-10-18 04:04:00.879,106731.33,0.0001,10.673133
2025-10-18 04:04:00.918,106733.2,0.00015,16.00998
2025-10-18 04:04:00.921,106735.15,0.00692,738.6072379999999
2025-10-18 04:04:00.964,106735.15,0.00018,19.212327000000002
2025-10-18 04:04:01.420,106735.15,0.01018,1086.563827
2025-10-18 04:04:01.422,106735.15,0.24404,26047.646006
2025-10-18 04:04:01.423,106735.16,0.0003,32.020548
2025-10-18 04:04:01.425,106737.03,5e-05,5.3368515
2025-10-18 04:04:01.428,106737.14,0.00035,37.357999
2025-10-18 04:04:01.430,106737.13,0.00025,26.684282500000002
2025-10-18 04:04:01.432,106737.13,0.00035,37.3579955
2025-10-18 04:04:01.433,106737.13,0.00025,26.684282500000002
2025-10-18 04:04:01.434,106744.63,0.00015,16.0116945
2025-10-18 04:04:01.484,106744.65,0.015,1601.1697499999998
2025-10-18 04:04:01.512,106744.65,0.013,1387.6804499999998
2025-10-18 04:04:01.639,106744.65,0.00234,249.782481
2025-10-18 04:04:01.776,106744.64,0.09373,10005.175107199999
2025-10-18 04:04:02.024,106744.64,0.00038,40.5629632
2025-10-18 04:04:02.710,106744.64,0.09372,10004.1076608
2025-10-18 04:04:02.983,106744.65,0.00068,72.58636200000001
2025-10-18 04:04:02.985,106756.0,6e-05,6.40536
2025-10-18 04:04:03.525,106758.99,0.0017,181.490283
2025-10-18 04:04:03.795,106758.99,0.09372,10005.4525428
2025-10-18 04:04:04.026,106758.99,0.01084,1157.2674516000002
2025-10-18 04:04:04.298,106759.0,0.00012,12.81108
2025-10-18 04:04:04.531,106759.0,0.011,1174.349
2025-10-18 04:04:04.559,106759.0,0.001,106.759
2025-10-18 04:04:04.625,106758.84,0.0001,10.675884
2025-10-18 04:04:04.626,106753.0,0.04684,5000.31052
2025-10-18 04:04:04.627,106744.36,0.05073,5415.1413827999995
2025-10-18 04:04:04.628,106736.5,6e-05,6.40419
2025-10-18 04:04:04.630,106730.34,0.03373,3600.0143682000003
2025-10-18 04:04:04.632,106723.3,0.16,17075.728
2025-10-18 04:04:04.633,106723.3,0.00936,998.9300880000001
2025-10-18 04:04:04.634,106723.3,0.32,34151.456
2025-10-18 04:04:04.638,106727.06,0.005,533.6353
2025-10-18 04:04:04.639,106726.08,6e-05,6.4035648
2025-10-18 04:04:04.643,106726.21,0.00909,970.1412489000002
2025-10-18 04:04:04.645,106726.21,0.00027,28.816076700000004
2025-10-18 04:04:04.651,106723.3,0.00866,924.2237779999999
2025-10-18 04:04:04.659,106723.3,0.013,1387.4029
2025-10-18 04:04:04.674,106723.31,0.00326,347.9179906
2025-10-18 04:04:04.687,106723.31,0.01,1067.2331
2025-10-18 04:04:04.696,106723.3,0.0007,74.70631
2025-10-18 04:04:04.697,106723.3,0.0002,21.34466
2025-10-18 04:04:04.917,106723.29,0.09375,10005.3084375
2025-10-18 04:04:05.395,106723.3,0.0005,53.361650000000004
2025-10-18 04:04:05.917,106723.29,0.09375,10005.3084375
2025-10-18 04:04:06.146,106723.3,0.01469,1567.765277
2025-10-18 04:04:06.201,106723.3,9e-05,9.605097
2025-10-18 04:04:06.895,106723.29,0.09375,10005.3084375
2025-10-18 04:04:07.075,106723.29,0.00064,68.3029056
2025-10-18 04:04:07.272,106723.3,0.00186,198.50533800000002
2025-10-18 04:04:07.291,106723.3,0.0004,42.68932
2025-10-18 04:04:07.984,106723.29,0.09375,10005.3084375
2025-10-18 04:04:08.396,106723.29,0.00012,12.806794799999999
2025-10-18 04:04:08.405,106719.9,5e-05,5.335995
2025-10-18 04:04:08.406,106714.79,5e-05,5.3357395
2025-10-18 04:04:08.407,106704.8,0.05089,5430.207272
2025-10-18 04:04:08.409,106697.06,5e-05,5.334853
2025-10-18 04:04:08.410,106696.06,0.00012,12.8035272
2025-10-18 04:04:08.414,106695.76,0.0007,74.687032
2025-10-18 04:04:08.415,106694.81,0.00936,998.6634216
2025-10-18 04:04:08.419,106700.0,0.00035,37.345
2025-10-18 04:04:08.420,106694.2,6e-05,6.401652
2025-10-18 04:04:08.423,106689.57,5e-05,5.3344785
2025-10-18 04:04:08.425,106692.67,5e-05,5.3346335
2025-10-18 04:04:08.432,106690.79,9e-05,9.6021711
2025-10-18 04:04:08.434,106688.56,0.00011,11.7357416
2025-10-18 04:04:08.454,106689.12,0.0015,160.03368
2025-10-18 04:04:08.455,106684.94,0.01072,1143.6625568000002
2025-10-18 04:04:08.458,106684.94,0.01116,1190.6039304
2025-10-18 04:04:08.459,106682.11,5e-05,5.334105500000001
2025-10-18 04:04:08.471,106680.0,0.00937,999.5916
2025-10-18 04:04:08.481,106680.0,0.01145,1221.486
2025-10-18 04:04:08.482,106676.99,0.00042,44.804335800000004
2025-10-18 04:04:08.545,106676.99,0.00937,999.5633963
2025-10-18 04:04:08.550,106676.99,0.00013,13.868008699999999
2025-10-18 04:04:08.558,106677.0,0.0013,138.68009999999998
2025-10-18 04:04:08.562,106677.0,0.00093,99.20961000000001
2025-10-18 04:04:08.585,106677.0,9e-05,9.60093
2025-10-18 04:04:08.689,106676.99,6e-05,6.4006194
2025-10-18 04:04:08.727,106677.0,0.00012,12.80124
2025-10-18 04:04:08.946,106677.0,0.0256,2730.9312
2025-10-18 04:04:09.018,106676.99,0.0938,10006.301662
2025-10-18 04:04:09.041,106676.99,0.0002,21.335398
2025-10-18 04:04:09.271,106676.99,0.0853,9099.547247
2025-10-18 04:04:09.437,106677.0,0.00013,13.868009999999998
2025-10-18 04:04:09.469,106677.0,7e-05,7.467389999999999
2025-10-18 04:04:09.751,106677.0,0.00426,454.44401999999997
2025-10-18 04:04:09.986,106676.99,0.0938,10006.301662
2025-10-18 04:04:10.059,106677.0,0.00911,971.82747
2025-10-18 04:04:10.132,106676.99,0.00055,58.67234450000001
2025-10-18 04:04:10.327,106677.0,0.00096,102.40992
2025-10-18 04:04:10.431,106677.0,0.00345,368.03565
2025-10-18 04:04:10.646,106677.0,0.01448,1544.68296
2025-10-18 04:04:10.655,106677.0,0.00593,632.59461
2025-10-18 04:04:11.017,106676.99,0.0938,10006.301662
2025-10-18 04:04:11.277,106677.0,0.01043,1112.64111
2025-10-18 04:04:11.459,106677.0,0.01232,1314.26064
2025-10-18 04:04:11.863,106676.99,0.00721,769.1410979000001
2025-10-18 04:04:12.210,106676.99,0.09379,10005.234892100001
2025-10-18 04:04:12.496,106677.0,0.00194,206.95338
2025-10-18 04:04:12.497,106677.0,0.00381,406.43937
2025-10-18 04:04:12.500,106677.0,0.0022,234.6894
2025-10-18 04:04:12.581,106676.99,0.542,57818.92858000001
2025-10-18 04:04:12.921,106677.0,0.00023,24.53571
2025-10-18 04:04:12.944,106677.0,0.00024,25.60248
2025-10-18 04:04:13.193,106677.0,0.0077,821.4129
2025-10-18 04:04:13.194,106679.93,5e-05,5.3339965
2025-10-18 04:04:13.195,106681.26,0.00345,368.050347
2025-10-18 04:04:13.393,106679.92,0.09378,10004.4428976
2025-10-18 04:04:13.481,106679.92,0.00063,67.2083496
2025-10-18 04:04:14.427,106679.92,0.09378,10004.4428976
2025-10-18 04:04:14.735,106679.93,0.00011,11.7347923
2025-10-18 04:04:14.780,106679.92,9e-05,9.6011928
2025-10-18 04:04:15.235,106679.92,0.01446,1542.5916432000001
2025-10-18 04:04:15.237,106679.92,0.02893,3086.2500856
2025-10-18 04:04:15.304,106679.92,0.00103,109.88031760000001
2025-10-18 04:04:15.317,106679.92,0.00562,599.5411504
2025-10-18 04:04:15.422,106679.92,0.09378,10004.4428976
2025-10-18 04:04:15.471,106679.93,0.01447,1543.6585871
2025-10-18 04:04:15.506,106679.93,0.0001,10.667993
2025-10-18 04:04:15.533,106679.92,0.00022,23.4695824
2025-10-18 04:04:16.109,106679.93,0.01047,1116.9388671
2025-10-18 04:04:16.221,106683.4,0.00195,208.03262999999998
2025-10-18 04:04:16.413,106683.4,0.00011,11.735174
2025-10-18 04:04:16.440,106683.4,0.0001,10.66834
2025-10-18 04:04:16.520,106683.4,0.00419,447.003446
2025-10-18 04:04:16.595,106683.39,0.09378,10004.7683142
2025-10-18 04:04:16.685,106683.4,0.0001,10.66834
2025-10-18 04:04:16.718,106683.4,0.0001,10.66834
2025-10-18 04:04:16.769,106683.39,9e-05,9.6015051
2025-10-18 04:04:16.841,106683.4,0.00013,13.868841999999997
2025-10-18 04:04:16.848,106683.4,0.00024,25.604015999999998
2025-10-18 04:04:16.876,106683.4,0.0001,10.66834
2025-10-18 04:04:17.028,106683.39,0.00018,19.2030102
2025-10-18 04:04:17.037,106683.4,0.00011,11.735174
2025-10-18 04:04:17.117,106683.4,0.00011,11.735174
2025-10-18 04:04:17.132,106683.4,0.00029,30.938185999999998
2025-10-18 04:04:17.325,106683.4,0.00012,12.802007999999999
2025-10-18 04:04:17.424,106683.4,0.0001,10.66834
2025-10-18 04:04:17.475,106683.4,0.00029,30.938185999999998
2025-10-18 04:04:17.618,106683.39,0.02809,2996.7364251
2025-10-18 04:04:17.637,106683.4,0.02812,2999.937208
2025-10-18 04:04:17.717,106683.39,0.09378,10004.7683142
2025-10-18 04:04:17.892,106683.4,0.00015,16.002509999999997
2025-10-18 04:04:18.043,106683.4,0.00012,12.802007999999999
2025-10-18 04:04:18.079,106683.4,7e-05,7.467837999999999
2025-10-18 04:04:18.126,106683.4,0.00015,16.002509999999997
2025-10-18 04:04:18.270,106683.4,8e-05,8.534672
2025-10-18 04:04:18.423,106683.4,0.00013,13.868841999999997
2025-10-18 04:04:18.688,106683.4,0.00032,34.138688
2025-10-18 04:04:18.725,106683.4,0.00509,543.018506
2025-10-18 04:04:18.819,106683.39,0.09378,10004.7683142
2025-10-18 04:04:19.720,106680.38,0.30575,32617.526185000002
2025-10-18 04:04:19.721,106680.0,5e-05,5.3340000000000005
2025-10-18 04:04:19.731,106679.92,0.013,1386.8389599999998
2025-10-18 04:04:19.737,106679.92,0.013,1386.8389599999998
2025-10-18 04:04:19.738,106679.92,0.013,1386.8389599999998
2025-10-18 04:04:19.807,106679.92,0.0938,10006.576496
2025-10-18 04:04:19.815,106676.0,0.00295,314.69419999999997
2025-10-18 04:04:19.820,106674.75,0.0367,3914.963325
2025-10-18 04:04:20.067,106674.74,0.00089,94.9405186
2025-10-18 04:04:20.835,106674.75,0.00498,531.240255
2025-10-18 04:04:20.995,106674.74,0.0938,10006.090612
2025-10-18 04:04:21.120,106674.75,6e-05,6.400485
2025-10-18 04:04:21.387,106674.75,0.00046,49.070385
2025-10-18 04:04:21.652,106674.75,8e-05,8.533980000000001
2025-10-18 04:04:21.981,106674.74,0.0938,10006.090612
2025-10-18 04:04:22.012,106674.74,0.00031,33.0691694
2025-10-18 04:04:22.104,106674.75,0.00108,115.20873
2025-10-18 04:04:22.994,106674.75,9e-05,9.600727500000001
2025-10-18 04:04:23.117,106674.74,0.0938,10006.090612
2025-10-18 04:04:23.394,106674.75,0.00044,46.93689
2025-10-18 04:04:23.532,106674.75,0.0001,10.667475000000001
2025-10-18 04:04:23.603,106674.74,0.00161,171.74633140000003
2025-10-18 04:04:23.681,106674.75,0.00019,20.2682025
2025-10-18 04:04:23.682,106674.75,0.00019,20.2682025
2025-10-18 04:04:23.692,106674.75,0.00024,25.60194
2025-10-18 04:04:23.781,106674.75,0.00019,20.2682025
2025-10-18 04:04:23.893,106674.75,0.00019,20.2682025
2025-10-18 04:04:24.057,106674.75,0.00031,33.0691725
2025-10-18 04:04:24.135,106674.74,0.00021,22.4016954
2025-10-18 04:04:24.217,106674.74,0.0938,10006.090612
2025-10-18 04:04:25.216,106674.74,0.0938,10006.090612
2025-10-18 04:04:25.337,106674.75,0.00024,25.60194
2025-10-18 04:04:26.295,106674.74,0.0938,10006.090612
2025-10-18 04:04:26.390,106674.75,0.00382,407.497545
2025-10-18 04:04:26.529,106674.75,0.01125,1200.0909374999999
2025-10-18 04:04:27.234,106674.74,0.02805,2992.226457
2025-10-18 04:04:27.439,106674.74,0.0938,10006.090612
2025-10-18 04:04:27.553,106674.75,0.00037,39.4696575
2025-10-18 04:04:28.224,106674.75,0.00108,115.20873
2025-10-18 04:04:28.280,106674.75,0.00187,199.48178249999998
2025-10-18 04:04:28.290,106674.75,0.00137,146.1444075
2025-10-18 04:04:28.306,106674.75,0.00015,16.001212499999998
2025-10-18 04:04:28.576,106674.74,0.0938,10006.090612
2025-10-18 04:04:28.599,106674.75,0.00308,328.55823
2025-10-18 04:04:29.165,106674.75,0.00398,424.56550500000003
2025-10-18 04:04:29.575,106674.75,0.00012,12.80097
2025-10-18 04:04:29.587,106674.74,0.00155,165.345847
2025-10-18 04:04:29.717,106674.74,0.0938,10006.090612
2025-10-18 04:04:29.965,106674.75,0.00499,532.3070025
2025-10-18 04:04:29.968,106674.75,0.00022,23.468445
2025-10-18 04:04:30.795,106674.74,0.0938,10006.090612
2025-10-18 04:04:31.409,106674.75,0.00093,99.20751750000001
2025-10-18 04:04:31.562,106674.75,0.00012,12.80097
2025-10-18 04:04:31.816,106674.74,0.0938,10006.090612
2025-10-18 04:04:32.095,106674.75,0.028,2986.893
2025-10-18 04:04:32.217,106674.75,0.24086,25693.680285
2025-10-18 04:04:32.255,106674.75,0.08535,9104.6899125
2025-10-18 04:04:32.258,106675.48,0.0001,10.667548
2025-10-18 04:04:32.262,106680.39,0.0001,10.668039
2025-10-18 04:04:32.287,106683.27,0.028,2987.1315600000003
2025-10-18 04:04:32.391,106683.27,0.00144,153.6239088
2025-10-18 04:04:32.859,106683.39,0.09378,10004.7683142
2025-10-18 04:04:33.040,106683.39,0.00021,22.4035119
2025-10-18 04:04:33.270,106683.4,0.00032,34.138688
2025-10-18 04:04:34.017,106683.39,0.09378,10004.7683142
2025-10-18 04:04:34.498,106683.4,0.0041,437.40194
2025-10-18 04:04:34.641,106683.39,7e-05,7.467837299999999
2025-10-18 04:04:34.844,106683.4,0.0001,10.66834
2025-10-18 04:04:35.089,106683.39,0.09378,10004.7683142
2025-10-18 04:04:35.212,106683.39,0.00937,999.6233642999999
2025-10-18 04:04:35.424,106683.4,0.00186,198.431124
2025-10-18 04:04:35.515,106683.4,0.02816,3004.204544
2025-10-18 04:04:35.931,106683.4,0.00815,869.4697099999998
2025-10-18 04:04:35.962,106683.4,0.05011,5345.9051739999995
2025-10-18 04:04:36.126,106685.64,5e-05,5.334282
2025-10-18 04:04:36.128,106687.75,6e-05,6.401265
2025-10-18 04:04:36.181,106690.99,0.09378,10005.481042200001
2025-10-18 04:04:36.194,106691.0,0.028,2987.348
2025-10-18 04:04:36.230,106691.0,0.00884,943.14844
2025-10-18 04:04:36.325,106691.0,0.00029,30.94039
2025-10-18 04:04:36.515,106691.0,0.02236,2385.61076
2025-10-18 04:04:36.905,106691.0,0.0014,149.3674
2025-10-18 04:04:37.207,106690.99,0.09378,10005.481042200001
2025-10-18 04:04:37.209,106704.83,0.31619,33739.00019770001
2025-10-18 04:04:37.213,106709.36,6e-05,6.4025616
2025-10-18 04:04:37.217,106709.36,0.00046,49.0863056
2025-10-18 04:04:37.280,106709.36,0.00024,25.6102464
2025-10-18 04:04:37.283,106709.36,0.0057,608.2433520000001
2025-10-18 04:04:37.284,106709.36,0.0077,821.6620720000001
2025-10-18 04:04:37.285,106709.36,0.00113,120.5815768
2025-10-18 04:04:37.288,106709.36,0.00023,24.5431528
2025-10-18 04:04:37.289,106709.36,0.002,213.41872
2025-10-18 04:04:37.290,106709.36,0.015,1600.6404
2025-10-18 04:04:37.291,106709.36,0.015,1600.6404
2025-10-18 04:04:37.398,106709.36,0.00062,66.1598032
2025-10-18 04:04:37.937,106709.36,0.00012,12.8051232
2025-10-18 04:04:37.976,106709.36,0.00015,16.006404
2025-10-18 04:04:38.026,106709.36,0.0001,10.670936000000001
2025-10-18 04:04:38.217,106709.35,0.09377,10006.135749500001
2025-10-18 04:04:38.258,106709.36,0.06166,6579.6991376
2025-10-18 04:04:39.324,106709.44,0.09376,10005.0770944
2025-10-18 04:04:39.723,106709.45,6e-05,6.402567
2025-10-18 04:04:40.027,106709.45,0.00792,845.138844
2025-10-18 04:04:40.417,106709.44,0.09376,10005.0770944
2025-10-18 04:04:40.733,106709.45,0.00357,380.95273649999996
2025-10-18 04:04:40.746,106709.44,0.00267,284.9142048
2025-10-18 04:04:41.055,106709.45,0.0244,2603.71058
2025-10-18 04:04:41.286,106709.45,0.00744,793.918308
2025-10-18 04:04:41.495,106709.44,0.09376,10005.0770944
2025-10-18 04:04:41.651,106709.45,0.00112,119.51458399999999
2025-10-18 04:04:41.786,106709.45,0.00937,999.8675465
2025-10-18 04:04:42.517,106709.44,0.09376,10005.0770944
2025-10-18 04:04:42.564,106709.45,0.028,2987.8646
2025-10-18 04:04:42.656,106709.45,0.0042,448.17968999999994
2025-10-18 04:04:43.161,106709.45,0.0062,661.59859
2025-10-18 04:04:43.264,106709.45,0.00112,119.51458399999999
2025-10-18 04:04:43.288,106709.45,0.004,426.8378
2025-10-18 04:04:43.569,106709.44,0.09376,10005.0770944
2025-10-18 04:04:43.777,106714.33,8e-05,8.537146400000001
2025-10-18 04:04:43.778,106715.7,5e-05,5.3357850000000004
2025-10-18 04:04:43.828,106718.17,0.00111,118.45716870000001
2025-10-18 04:04:43.845,106719.57,0.001,106.71957
2025-10-18 04:04:44.381,106719.58,0.0173,1846.248734
2025-10-18 04:04:44.496,106719.57,0.09375,10004.9596875
2025-10-18 04:04:44.737,106719.58,0.00028,29.8814824
2025-10-18 04:04:44.892,106719.58,0.0083,885.772514
2025-10-18 04:04:45.318,106719.58,0.00781,833.4799198000001
2025-10-18 04:04:45.517,106719.57,0.09375,10004.9596875
2025-10-18 04:04:45.892,106719.58,0.00626,668.0645708
2025-10-18 04:04:45.993,106719.58,0.00038,40.5534404
2025-10-18 04:04:46.048,106719.58,0.00012,12.8063496
2025-10-18 04:04:46.387,106719.58,0.0031,330.830698
2025-10-18 04:04:46.425,106719.58,0.015,1600.7937
2025-10-18 04:04:46.517,106719.57,0.09375,10004.9596875
2025-10-18 04:04:46.587,106719.58,0.015,1600.7937
2025-10-18 04:04:47.617,106719.57,0.09375,10004.9596875
2025-10-18 04:04:47.992,106719.58,0.00127,135.5338666
2025-10-18 04:04:48.037,106719.58,0.00127,135.5338666
2025-10-18 04:04:48.133,106719.58,0.00024,25.6126992
2025-10-18 04:04:48.643,106719.57,0.09375,10004.9596875
2025-10-18 04:04:49.024,106719.58,0.00303,323.3603274
2025-10-18 04:04:49.817,106719.57,0.09375,10004.9596875
2025-10-18 04:04:49.839,106719.58,0.87624,93511.9647792
2025-10-18 04:04:49.917,106719.58,0.00059,62.96455220000001
2025-10-18 04:04:50.069,106719.58,0.00591,630.7127178000001
2025-10-18 04:04:50.385,106719.57,0.00062,66.1661334
2025-10-18 04:04:50.536,106719.58,0.02184,2330.7556271999997
2025-10-18 04:04:50.816,106719.57,0.09375,10004.9596875
2025-10-18 04:04:50.919,106719.58,0.00909,970.0809822000001
2025-10-18 04:04:50.965,106719.58,0.028,2988.14824
2025-10-18 04:04:51.146,106719.58,0.00093,99.24920940000001
2025-10-18 04:04:51.535,106719.58,6e-05,6.4031748
2025-10-18 04:04:51.865,106719.58,0.00655,699.0132490000001
2025-10-18 04:04:51.893,106719.58,0.00019,20.2767202
2025-10-18 04:04:51.906,106719.57,0.09375,10004.9596875
2025-10-18 04:04:52.524,106719.57,0.00574,612.5703318000001
2025-10-18 04:04:52.723,106719.57,0.00011,11.739152700000002
2025-10-18 04:04:52.916,106719.57,0.09375,10004.9596875
2025-10-18 04:04:53.391,106719.58,0.0057,608.301606
2025-10-18 04:04:53.936,106719.57,0.09375,10004.9596875
2025-10-18 04:04:54.193,106719.58,0.028,2988.14824
2025-10-18 04:04:54.868,106719.58,0.026,2774.70908
2025-10-18 04:04:54.876,106719.58,0.002,213.43916000000002
2025-10-18 04:04:54.972,106719.57,0.09375,10004.9596875
2025-10-18 04:04:55.105,106719.58,0.00496,529.3291168000001
2025-10-18 04:04:55.382,106719.57,0.00022,23.478305400000004
2025-10-18 04:04:56.007,106719.57,0.09375,10004.9596875
2025-10-18 04:04:56.262,106719.58,0.00136,145.13862880000002
2025-10-18 04:04:56.731,106719.57,8e-05,8.5375656
2025-10-18 04:04:56.765,106719.58,0.00491,523.9931378
2025-10-18 04:04:56.989,106719.57,0.09375,10004.9596875
2025-10-18 04:04:57.168,106719.57,7e-05,7.4703699
2025-10-18 04:04:57.516,106719.58,0.00012,12.8063496
2025-10-18 04:04:57.756,106719.58,0.005,533.5979
2025-10-18 04:04:57.770,106719.58,0.00033,35.2174614
2025-10-18 04:04:57.971,106719.57,0.09375,10004.9596875
2025-10-18 04:04:58.050,106719.58,0.00232,247.5894256
2025-10-18 04:04:58.562,106719.58,0.00163,173.9529154
2025-10-18 04:04:58.617,106719.58,0.0005,53.359790000000004
2025-10-18 04:04:58.892,106719.58,0.00099,105.6523842
2025-10-18 04:04:59.016,106719.57,0.09375,10004.9596875
2025-10-18 04:04:59.252,106719.58,0.0012,128.063496
2025-10-18 04:04:59.478,106719.57,8e-05,8.5375656
2025-10-18 04:05:00.037,106719.57,0.09375,10004.9596875
2025-10-18 04:05:00.093,106719.58,0.01199,1279.5677642
2025-10-18 04:05:00.636,106719.58,6e-05,6.4031748
2025-10-18 04:05:01.089,106719.58,0.00028,29.8814824
2025-10-18 04:05:01.159,106719.58,0.00016,17.075132800000002
2025-10-18 04:05:01.179,106719.57,0.09375,10004.9596875
2025-10-18 04:05:01.213,106715.69,5e-05,5.3357845
2025-10-18 04:05:01.214,106694.42,0.072,7681.998239999999
2025-10-18 04:05:01.216,106679.73,0.02525,2693.6631825
2025-10-18 04:05:01.217,106674.74,0.08,8533.9792
2025-10-18 04:05:01.218,106674.74,0.16,17067.9584
2025-10-18 04:05:01.222,106671.23,0.00029,30.934656699999998
2025-10-18 04:05:01.225,106664.0,0.0028,298.6592
2025-10-18 04:05:01.226,106662.04,0.00936,998.3566943999999
2025-10-18 04:05:01.230,106664.6,0.0025,266.66150000000005
2025-10-18 04:05:01.235,106660.07,0.00842,898.0777894000001
2025-10-18 04:05:01.236,106660.07,0.01347,1436.7111429
2025-10-18 04:05:01.244,106647.53,0.00629,670.8129637
2025-10-18 04:05:01.246,106641.31,1e-05,1.0664131000000001
2025-10-18 04:05:01.247,106636.38,0.00276,294.3164088
2025-10-18 04:05:01.248,106662.8,5e-05,5.33314
2025-10-18 04:05:01.249,106633.56,0.02436,2597.5935216
2025-10-18 04:05:01.251,106633.56,0.3236,34506.620016
2025-10-18 04:05:01.253,106662.04,5e-05,5.333102
2025-10-18 04:05:01.256,106634.95,0.02437,2598.6937315
2025-10-18 04:05:01.258,106634.95,0.02719,2899.4042904999997
2025-10-18 04:05:01.260,106634.95,0.12054,12853.776872999999
2025-10-18 04:05:01.268,106656.06,0.0005,53.32803
2025-10-18 04:05:01.272,106636.2,6e-05,6.398172
2025-10-18 04:05:01.279,106634.95,0.06,6398.097
2025-10-18 04:05:01.283,106634.95,0.00937,999.1694815
2025-10-18 04:05:01.292,106634.95,0.013,1386.25435
2025-10-18 04:05:01.295,106634.95,0.00094,100.236853
2025-10-18 04:05:01.296,106634.95,0.09282,9897.856059
2025-10-18 04:05:01.298,106643.65,0.0002,21.32873
2025-10-18 04:05:01.301,106643.65,0.00035,37.3252775
2025-10-18 04:05:01.304,106634.95,0.12054,12853.776872999999
2025-10-18 04:05:01.310,106632.0,0.0028,298.5696
2025-10-18 04:05:01.320,106630.05,0.0002,21.32601
2025-10-18 04:05:01.328,106630.0,0.20585,21949.7855
2025-10-18 04:05:01.329,106630.0,0.20585,21949.7855
2025-10-18 04:05:01.337,106632.74,0.00015,15.994911
2025-10-18 04:05:01.338,106630.38,0.04863,5185.4353794
2025-10-18 04:05:01.339,106630.38,0.0017,181.271646
2025-10-18 04:05:01.340,106629.84,5e-05,5.331492
2025-10-18 04:05:01.344,106629.31,0.00015,15.994396499999999
2025-10-18 04:05:01.347,106628.54,0.12252,13064.1287208
2025-10-18 04:05:01.352,106628.54,0.08424,8982.3882096
2025-10-18 04:05:01.374,106629.32,0.00088,93.83380160000002
2025-10-18 04:05:01.377,106625.0,0.00045,47.981249999999996
2025-10-18 04:05:01.378,106618.2,8e-05,8.529456
2025-10-18 04:05:01.379,106616.59,0.0223,2377.549957
2025-10-18 04:05:01.415,106614.88,0.00021,22.3891248
2025-10-18 04:05:01.424,106615.9,0.00936,997.924824
2025-10-18 04:05:01.425,106615.9,0.00936,997.924824
2025-10-18 04:05:01.504,106611.61,6e-05,6.3966966
2025-10-18 04:05:01.542,106610.0,0.00938,1000.0017999999999
2025-10-18 04:05:01.550,106610.01,0.00046,49.0406046
2025-10-18 04:05:01.560,106610.0,6e-05,6.3966
2025-10-18 04:05:01.592,106610.01,0.00082,87.42020819999999
2025-10-18 04:05:01.593,106610.0,0.00938,1000.0017999999999
2025-10-18 04:05:01.595,106610.01,0.00093,99.1473093
2025-10-18 04:05:01.618,106610.0,0.037,3944.5699999999997
2025-10-18 04:05:01.650,106610.01,0.0013,138.59301299999998
2025-10-18 04:05:01.659,106610.0,0.05568,5936.0448
2025-10-18 04:05:01.674,106610.01,0.00074,78.89140739999999
2025-10-18 04:05:01.735,106610.01,0.08899,9487.2247899
2025-10-18 04:05:01.739,106610.0,0.24139,25734.5879
2025-10-18 04:05:01.741,106609.75,7e-05,7.4626825
2025-10-18 04:05:01.758,106609.89,0.00149,158.8487361
2025-10-18 04:05:01.776,106605.88,0.00016,17.056940800000003
2025-10-18 04:05:01.789,106605.74,0.00046,49.038640400000006
2025-10-18 04:05:01.802,106606.01,0.00231,246.2598831
2025-10-18 04:05:01.814,106604.98,5e-05,5.330249
2025-10-18 04:05:01.823,106604.66,0.00234,249.4549044
2025-10-18 04:05:01.824,106603.61,0.00066,70.3583826
2025-10-18 04:05:01.831,106603.61,0.0044,469.05588400000005
2025-10-18 04:05:01.852,106601.01,0.00045,47.970454499999995
2025-10-18 04:05:01.866,106601.0,0.00938,999.91738
2025-10-18 04:05:01.869,106601.01,0.01874,1997.7029274
2025-10-18 04:05:01.880,106601.0,0.01876,1999.83476
2025-10-18 04:05:01.889,106600.01,0.00015,15.990001499999998
2025-10-18 04:05:01.895,106600.0,0.00938,999.9079999999999
2025-10-18 04:05:01.900,106600.0,0.00046,49.036
2025-10-18 04:05:01.901,106600.0,0.00046,49.036
2025-10-18 04:05:01.927,106600.0,0.23117,24642.721999999998
2025-10-18 04:05:01.928,106600.0,0.2073,22098.18
2025-10-18 04:05:01.929,106600.0,0.2317,24699.219999999998
2025-10-18 04:05:01.935,106599.2,0.00015,15.989879999999998
2025-10-18 04:05:01.938,106599.2,6e-05,6.395952
2025-10-18 04:05:01.941,106598.74,8e-05,8.5278992
2025-10-18 04:05:01.955,106599.19,0.0001,10.659919
2025-10-18 04:05:01.969,106596.11,7e-05,7.461727699999999
2025-10-18 04:05:01.972,106595.46,0.00288,306.99492480000004
2025-10-18 04:05:01.992,106595.46,0.00042,44.770093200000005
2025-10-18 04:05:01.993,106595.46,0.00052,55.4296392
2025-10-18 04:05:02.000,106595.47,0.00459,489.2732073
2025-10-18 04:05:02.002,106595.46,0.00014,14.923364399999999
2025-10-18 04:05:02.029,106595.46,0.00057,60.7594122
2025-10-18 04:05:02.056,106595.46,0.23604,25160.7923784
2025-10-18 04:05:02.063,106595.47,0.00015,15.989320499999998
2025-10-18 04:05:02.073,106595.46,0.00102,108.72736920000001
2025-10-18 04:05:02.096,106591.3,5e-05,5.3295650000000006
2025-10-18 04:05:02.217,106591.1,0.09388,10006.772468000001
2025-10-18 04:05:02.326,106591.11,0.00796,848.4652356
2025-10-18 04:05:02.350,106591.11,0.0703,7493.355033
2025-10-18 04:05:02.730,106591.11,0.00016,17.054577600000002
2025-10-18 04:05:02.747,106591.1,0.00029,30.911419000000002
2025-10-18 04:05:02.826,106591.1,8e-05,8.527288
2025-10-18 04:05:02.835,106591.1,0.005,532.9555
2025-10-18 04:05:02.855,106591.11,0.00506,539.3510166
2025-10-18 04:05:03.027,106591.1,0.23544,25095.808584000002
2025-10-18 04:05:03.034,106588.87,5e-05,5.3294435
2025-10-18 04:05:03.036,106587.16,0.00258,274.9948728
2025-10-18 04:05:03.043,106587.16,0.00025,26.646790000000003
2025-10-18 04:05:03.058,106584.0,0.0008,85.2672
2025-10-18 04:05:03.084,106583.98,0.00308,328.2786584
2025-10-18 04:05:03.112,106582.86,0.00932,993.3522552000001
2025-10-18 04:05:03.143,106582.86,0.03653,3893.4718758
2025-10-18 04:05:03.174,106582.86,0.25504,27182.8926144
2025-10-18 04:05:03.183,106582.87,0.00223,237.67980010000002
2025-10-18 04:05:03.317,106582.86,0.09388,10005.9988968
2025-10-18 04:05:03.336,106582.87,0.0084,895.2961079999999
2025-10-18 04:05:03.853,106582.86,0.00151,160.9401186
2025-10-18 04:05:04.049,106582.87,0.00194,206.77076780000002
2025-10-18 04:05:04.203,106582.87,0.00028,29.843203599999995
2025-10-18 04:05:04.314,106582.87,0.00493,525.4535491
2025-10-18 04:05:04.450,106582.86,0.09388,10005.9988968
2025-10-18 04:05:04.487,106582.87,0.0054,575.547498
2025-10-18 04:05:04.510,106582.87,0.00306,326.14358219999997
2025-10-18 04:05:04.813,106582.86,0.00936,997.6155696000001
2025-10-18 04:05:05.041,106582.87,0.00806,859.0579321999999
2025-10-18 04:05:05.185,106582.87,0.00025,26.6457175
2025-10-18 04:05:05.296,106582.87,9e-05,9.5924583
2025-10-18 04:05:05.516,106582.86,0.09388,10005.9988968
2025-10-18 04:05:05.721,106582.87,0.00023,24.5140601
2025-10-18 04:05:05.760,106582.87,0.00121,128.96527269999999
2025-10-18 04:05:05.945,106582.87,0.18652,19879.8369124
2025-10-18 04:05:06.024,106582.87,0.01661,1770.3414707
2025-10-18 04:05:06.389,106582.87,0.00346,368.7767302
2025-10-18 04:05:06.563,106582.87,0.00011,11.7241157
2025-10-18 04:05:06.730,106582.87,0.01999,2130.5915713
2025-10-18 04:05:06.810,106582.86,0.09387,10004.9330682
2025-10-18 04:05:07.126,106582.87,0.00154,164.13761979999998
2025-10-18 04:05:07.137,106582.87,0.00842,897.4277654
2025-10-18 04:05:07.138,106582.87,0.00321,342.1310127
2025-10-18 04:05:07.222,106582.87,0.00413,440.18725309999996
2025-10-18 04:05:07.349,106582.87,0.0003,31.974860999999997
2025-10-18 04:05:07.613,106582.87,0.01447,1542.2541289
2025-10-18 04:05:07.848,106582.86,0.09387,10004.9330682
2025-10-18 04:05:08.004,106582.87,0.00028,29.843203599999995
2025-10-18 04:05:08.032,106582.86,0.00488,520.1243568
2025-10-18 04:05:08.042,106582.87,0.068,7247.63516
2025-10-18 04:05:08.809,106582.87,0.00434,462.56965579999996
2025-10-18 04:05:08.938,106582.87,0.00032,34.1065184
2025-10-18 04:05:09.030,106582.86,0.09387,10004.9330682
2025-10-18 04:05:09.123,106582.87,0.01469,1565.7023603
2025-10-18 04:05:09.746,106582.86,5e-05,5.329143
2025-10-18 04:05:09.783,106582.87,0.00055,58.6205785
2025-10-18 04:05:09.814,106582.87,8e-05,8.5266296
2025-10-18 04:05:10.067,106582.86,0.09387,10004.9330682
2025-10-18 04:05:10.508,106582.86,0.00012,12.7899432
2025-10-18 04:05:10.776,106582.87,0.01678,1788.4605585999998
2025-10-18 04:05:11.016,106582.86,0.08272,8816.5341792
2025-10-18 04:05:11.033,106582.87,0.00787,838.8071869
2025-10-18 04:05:11.120,106582.87,0.00048,51.1597776
2025-10-18 04:05:11.153,106582.87,0.00305,325.07775350000003
2025-10-18 04:05:11.169,106582.87,0.00019,20.250745300000002
2025-10-18 04:05:11.476,106582.87,0.00109,116.1753283
2025-10-18 04:05:11.751,106582.87,0.00068,72.4763516
2025-10-18 04:05:11.815,106582.86,0.0003,31.974857999999998
2025-10-18 04:05:11.875,106582.87,0.01183,1260.8753520999999
2025-10-18 04:05:11.878,106582.87,0.00326,347.4601562
2025-10-18 04:05:11.882,106582.87,0.00597,636.2997339
2025-10-18 04:05:11.975,106582.87,0.00047,50.093948899999994
2025-10-18 04:05:12.038,106582.86,0.12264,13071.3219504
2025-10-18 04:05:12.441,106582.87,5e-05,5.3291435
2025-10-18 04:05:12.543,106582.87,0.05058,5390.9615646
2025-10-18 04:05:12.612,106582.87,0.001,106.58287
2025-10-18 04:05:12.679,106582.86,7e-05,7.4608001999999995
2025-10-18 04:05:12.687,106582.87,0.00012,12.7899444
2025-10-18 04:05:13.080,106582.87,0.00657,700.2494559
2025-10-18 04:05:13.359,106582.87,0.00033,35.172347099999996
2025-10-18 04:05:14.070,106582.87,0.00096,102.3195552
2025-10-18 04:05:14.220,106582.87,0.00121,128.96527269999999
2025-10-18 04:05:14.335,106582.87,0.0033,351.72347099999996
2025-10-18 04:05:14.501,106583.0,0.0011,117.24130000000001
2025-10-18 04:05:14.517,106587.13,0.0079,842.0383270000001
2025-10-18 04:05:14.526,106591.11,0.00351,374.1347961
2025-10-18 04:05:14.537,106593.7,0.00015,15.989054999999999
2025-10-18 04:05:14.565,106593.71,0.00134,142.83557140000002
2025-10-18 04:05:14.653,106596.65,0.00044,46.902526
2025-10-18 04:05:14.780,106596.65,8e-05,8.527732
2025-10-18 04:05:14.998,106596.65,0.00378,402.93533699999995
2025-10-18 04:05:15.016,106596.65,0.09658,10295.104457
2025-10-18 04:05:15.595,106596.65,9e-05,9.5936985
2025-10-18 04:05:15.742,106596.65,0.00018,19.187397
2025-10-18 04:05:16.271,106596.65,0.00022,23.451263
2025-10-18 04:05:16.536,106596.65,0.03065,3267.1873225
2025-10-18 04:05:16.795,106596.64,0.013,1385.75632
2025-10-18 04:05:16.796,106596.64,0.013,1385.75632
2025-10-18 04:05:16.797,106596.64,0.013,1385.75632
2025-10-18 04:05:17.082,106596.65,0.00085,90.60715249999998
2025-10-18 04:05:17.133,106596.65,0.01159,1235.4551735
2025-10-18 04:05:17.391,106596.64,0.00049,52.232353599999996
2025-10-18 04:05:17.482,106596.65,0.00069,73.5516885
2025-10-18 04:05:17.646,106596.64,0.00038,40.5067232
2025-10-18 04:05:17.648,106596.65,0.007,746.17655
2025-10-18 04:05:18.045,106596.65,0.011,1172.56315
2025-10-18 04:05:18.167,106596.65,0.00075,79.9474875
2025-10-18 04:05:18.183,106596.65,0.00213,227.0508645
2025-10-18 04:05:18.277,106596.64,0.00163,173.75252319999998
2025-10-18 04:05:18.317,106596.65,0.01,1065.9665
2025-10-18 04:05:18.406,106605.7,5e-05,5.330285
2025-10-18 04:05:18.410,106611.86,0.0077,820.911322
2025-10-18 04:05:18.412,106611.86,0.03862,4117.3500332
2025-10-18 04:05:18.418,106612.88,0.00013,13.8596744
2025-10-18 04:05:18.424,106613.6,5e-05,5.330680000000001
2025-10-18 04:05:18.444,106615.14,7e-05,7.463059799999999
2025-10-18 04:05:18.480,106616.28,0.028,2985.25584
2025-10-18 04:05:18.527,106616.28,0.0571,6087.789588
2025-10-18 04:05:19.098,106616.09,0.0002,21.323218
2025-10-18 04:05:19.103,106615.01,0.00045,47.9767545
2025-10-18 04:05:19.136,106613.06,5e-05,5.330653
2025-10-18 04:05:19.162,106613.06,0.00278,296.3843068
2025-10-18 04:05:19.165,106609.25,0.0001,10.660925
2025-10-18 04:05:19.215,106600.0,5e-05,5.33
2025-10-18 04:05:19.593,106595.02,0.00028,29.8466056
2025-10-18 04:05:19.647,106595.02,0.00061,65.0229622
2025-10-18 04:05:20.138,106595.01,0.06218,6628.077721799999
2025-10-18 04:05:20.528,106595.02,0.0018,191.871036
2025-10-18 04:05:20.765,106595.01,0.00468,498.8646468
2025-10-18 04:05:20.887,106595.02,0.02008,2140.4280016000002
2025-10-18 04:05:20.898,106595.02,0.00018,19.1871036
2025-10-18 04:05:20.980,106595.01,0.00042,44.7699042
2025-10-18 04:05:20.991,106595.02,0.0001,10.659502000000002
2025-10-18 04:05:21.179,106595.02,0.00527,561.7557554000001
2025-10-18 04:05:21.401,106595.01,0.00439,467.95209389999997
2025-10-18 04:05:21.785,106595.02,4e-05,4.2638008
2025-10-18 04:05:22.184,106595.02,0.01134,1208.7875268
2025-10-18 04:05:23.476,106595.01,0.00027,28.780652699999997
2025-10-18 04:05:23.620,106595.02,0.04209,4486.5843918
2025-10-18 04:05:23.626,106599.99,0.00016,17.055998400000004
2025-10-18 04:05:23.627,106599.99,0.00016,17.055998400000004
2025-10-18 04:05:23.636,106604.8,0.00015,15.99072
2025-10-18 04:05:23.654,106604.81,0.00101,107.6708581
2025-10-18 04:05:23.693,106604.81,0.028,2984.93468
2025-10-18 04:05:23.715,106608.69,0.00015,15.991303499999999
2025-10-18 04:05:23.835,106612.7,5e-05,5.330635
2025-10-18 04:05:23.894,106612.71,0.0034,362.483214
2025-10-18 04:05:24.134,106612.7,0.09384,10004.535768
2025-10-18 04:05:24.456,106612.71,0.00044,46.9095924
2025-10-18 04:05:24.558,106612.71,0.01351,1440.3377121
2025-10-18 04:05:24.621,106612.71,0.0015,159.91906500000002
2025-10-18 04:05:24.774,106612.71,0.01501,1600.2567771000001
2025-10-18 04:05:25.087,106612.7,0.05187,5530.000749
2025-10-18 04:05:25.097,106612.71,0.00012,12.793525200000001
2025-10-18 04:05:25.117,106612.7,0.09385,10005.601895
2025-10-18 04:05:25.305,106612.7,0.05269,5617.4231629999995
2025-10-18 04:05:25.619,106612.71,0.02815,3001.1477865
2025-10-18 04:05:25.730,106612.71,0.0006,63.967625999999996
2025-10-18 04:05:26.304,106612.7,0.09384,10004.535768
2025-10-18 04:05:27.162,106612.71,0.00011,11.7273981
2025-10-18 04:05:27.230,106612.7,0.09384,10004.535768
2025-10-18 04:05:28.166,106612.7,0.09384,10004.535768
2025-10-18 04:05:28.380,106612.71,0.00529,563.9812359000001
2025-10-18 04:05:29.212,106612.71,0.00187,199.3657677
2025-10-18 04:05:29.254,106612.7,0.09384,10004.535768
2025-10-18 04:05:29.578,106612.7,5e-05,5.330635
2025-10-18 04:05:29.930,106612.71,0.00121,129.0013791
2025-10-18 04:05:30.032,106612.7,0.00031,33.049937
2025-10-18 04:05:30.067,106612.71,8e-05,8.5290168
2025-10-18 04:05:30.084,106612.71,0.00725,772.9421475
2025-10-18 04:05:30.148,106612.71,0.0006,63.967625999999996
2025-10-18 04:05:30.150,106612.71,0.10797,11510.9742987
2025-10-18 04:05:30.153,106612.71,0.03858,4113.118351800001
2025-10-18 04:05:30.154,106619.1,0.00192,204.708672
2025-10-18 04:05:30.160,106619.1,6e-05,6.397146
2025-10-18 04:05:30.243,106619.1,0.01569,1672.853679
2025-10-18 04:05:30.247,106622.83,5e-05,5.3311415
2025-10-18 04:05:30.253,106626.39,0.0113,1204.878207
2025-10-18 04:05:30.360,106626.39,0.0112,1194.215568
2025-10-18 04:05:30.362,106626.39,0.01602,1708.1547678
2025-10-18 04:05:30.363,106626.39,0.01602,1708.1547678
2025-10-18 04:05:30.386,106626.38,0.09383,10004.7532354
2025-10-18 04:05:30.515,106626.38,0.04775,5091.409645000001
2025-10-18 04:05:30.517,106626.38,0.04773,5089.2771174
2025-10-18 04:05:30.520,106626.38,0.10194,10869.4931772
2025-10-18 04:05:30.567,106626.2,0.0016,170.60192
2025-10-18 04:05:31.100,106625.11,0.00049,52.2463039
2025-10-18 04:05:31.415,106625.1,0.09384,10005.699384000001
2025-10-18 04:05:31.480,106625.1,0.00017,18.126267000000002
2025-10-18 04:05:31.873,106625.11,10.0,1066251.1
2025-10-18 04:05:31.947,106625.1,4e-05,4.265004
2025-10-18 04:05:32.040,106625.11,0.01934,2062.1296274
2025-10-18 04:05:32.041,106641.55,5e-05,5.3320775000000005
2025-10-18 04:05:32.044,106645.58,0.0007,74.651906
2025-10-18 04:05:32.045,106645.58,0.00258,275.1455964
2025-10-18 04:05:32.047,106650.65,0.3825,40793.873625
2025-10-18 04:05:32.048,106652.25,5e-05,5.332612500000001
2025-10-18 04:05:32.050,106647.49,0.0015,159.971235
2025-10-18 04:05:32.053,106654.0,0.0026,277.30039999999997
2025-10-18 04:05:32.060,106656.03,6e-05,6.3993618
2025-10-18 04:05:32.061,106656.03,0.00938,1000.4335613999999
2025-10-18 04:05:32.064,106652.01,5e-05,5.3326005
2025-10-18 04:05:32.068,106656.14,0.0167,1781.157538
2025-10-18 04:05:32.071,106657.09,5e-05,5.3328545
2025-10-18 04:05:32.076,106663.31,0.00441,470.38519709999997
2025-10-18 04:05:32.082,106663.31,0.00046,49.0651226
2025-10-18 04:05:32.090,106663.31,0.00449,478.9182619
2025-10-18 04:05:32.106,106664.0,0.00226,241.06063999999998
2025-10-18 04:05:32.119,106659.74,0.00468,499.1675832
2025-10-18 04:05:32.132,106668.87,0.0003,32.000660999999994
2025-10-18 04:05:32.138,106671.05,0.00187,199.4748635
2025-10-18 04:05:32.144,106671.56,0.00938,1000.5792327999999
2025-10-18 04:05:32.146,106671.56,0.01163,1240.5902428
2025-10-18 04:05:32.194,106664.0,0.00011,11.73304
2025-10-18 04:05:32.204,106667.99,0.0398,4245.386002
2025-10-18 04:05:32.215,106667.99,0.00937,999.4790663
2025-10-18 04:05:32.218,106665.97,6e-05,6.3999582
2025-10-18 04:05:32.231,106665.97,4e-05,4.2666388
2025-10-18 04:05:32.239,106668.0,0.00333,355.20444000000003
2025-10-18 04:05:32.241,106671.55,0.07545,8048.368447500001
2025-10-18 04:05:32.252,106671.55,0.00938,1000.5791389999999
2025-10-18 04:05:32.257,106671.55,0.00937,999.5124235000001
2025-10-18 04:05:32.294,106667.96,0.00691,737.0756036000001
2025-10-18 04:05:32.307,106667.96,0.01875,2000.02425
2025-10-18 04:05:32.496,106667.95,0.0938,10005.45371
2025-10-18 04:05:33.082,106667.95,0.00318,339.204081
2025-10-18 04:05:33.087,106667.95,0.015,1600.0192499999998
2025-10-18 04:05:33.102,106667.95,6e-05,6.400077
2025-10-18 04:05:33.254,106667.96,0.0449,4789.391404000001
2025-10-18 04:05:33.361,106667.95,0.00205,218.6692975
2025-10-18 04:05:33.677,106667.95,0.05382,5740.869068999999
2025-10-18 04:05:33.719,106667.95,0.00683,728.5420985
2025-10-18 04:05:33.815,106664.22,0.00288,307.1929536
2025-10-18 04:05:34.085,106664.21,0.00017,18.1329157
2025-10-18 04:05:34.366,106664.22,0.005,533.3211
2025-10-18 04:05:34.467,106664.22,0.01501,1601.0299422
2025-10-18 04:05:34.622,106664.22,0.01501,1601.0299422
2025-10-18 04:05:34.916,106664.21,0.0938,10005.102898
2025-10-18 04:05:35.917,106664.21,0.0938,10005.102898
2025-10-18 04:05:36.030,106664.22,0.01,1066.6422
2025-10-18 04:05:36.031,106664.22,0.01,1066.6422
2025-10-18 04:05:36.059,106664.22,0.00281,299.7264582
2025-10-18 04:05:36.315,106667.95,0.00015,16.000192499999997
2025-10-18 04:05:36.544,106667.96,4e-05,4.2667184
2025-10-18 04:05:36.933,106667.96,0.00546,582.4070616
2025-10-18 04:05:37.083,106667.95,0.0938,10005.45371
2025-10-18 04:05:37.838,106667.95,0.00702,748.809009
2025-10-18 04:05:38.217,106667.95,0.0938,10005.45371
2025-10-18 04:05:38.405,106667.96,0.00026,27.7336696
2025-10-18 04:05:39.110,106667.95,9e-05,9.600115500000001
2025-10-18 04:05:39.191,106667.95,0.0938,10005.45371
2025-10-18 04:05:40.157,106667.96,0.00012,12.8001552
2025-10-18 04:05:40.306,106667.95,0.0938,10005.45371
2025-10-18 04:05:40.460,106667.96,0.68239,72789.14922440001
2025-10-18 04:05:40.599,106667.96,5e-05,5.333398000000001
2025-10-18 04:05:41.554,106667.95,0.0938,10005.45371
2025-10-18 04:05:42.647,106667.95,0.0938,10005.45371
2025-10-18 04:05:42.665,106667.96,0.00182,194.1356872
2025-10-18 04:05:43.576,106667.96,6e-05,6.4000776
2025-10-18 04:05:43.583,106667.95,0.0938,10005.45371
2025-10-18 04:05:43.945,106667.95,0.00128,136.534976
2025-10-18 04:05:44.579,106667.95,0.00093,99.2011935
2025-10-18 04:05:44.673,106667.95,0.0938,10005.45371
2025-10-18 04:05:44.682,106667.95,0.0006,64.00076999999999
2025-10-18 04:05:44.740,106667.96,0.00468,499.20605280000007
2025-10-18 04:05:44.785,106667.96,0.01501,1601.0860796000002
2025-10-18 04:05:44.941,106667.96,0.01501,1601.0860796000002
2025-10-18 04:05:45.003,106667.96,0.003,320.00388000000004
2025-10-18 04:05:45.067,106667.96,0.025,2666.6990000000005
2025-10-18 04:05:45.867,106667.95,0.0938,10005.45371
2025-10-18 04:05:45.942,106667.96,0.028,2986.7028800000003
2025-10-18 04:05:46.822,106667.95,7e-05,7.466756499999999
2025-10-18 04:05:46.916,106667.95,0.0938,10005.45371
2025-10-18 04:05:47.069,106667.96,0.028,2986.7028800000003
2025-10-18 04:05:48.043,106667.95,0.0938,10005.45371
2025-10-18 04:05:48.540,106667.96,0.00026,27.7336696
2025-10-18 04:05:49.082,106667.95,0.0938,10005.45371
2025-10-18 04:05:49.313,106667.96,5e-05,5.333398000000001
2025-10-18 04:05:49.724,106667.96,0.00144,153.60186240000002
2025-10-18 04:05:49.822,106667.96,0.00048,51.2006208
2025-10-18 04:05:49.977,106667.96,0.028,2986.7028800000003
2025-10-18 04:05:50.066,106667.95,0.0938,10005.45371
2025-10-18 04:05:50.790,106667.96,0.01426,1521.0851096000001
2025-10-18 04:05:50.886,106667.96,0.00306,326.4039576
2025-10-18 04:05:51.212,106667.95,0.0938,10005.45371
2025-10-18 04:05:51.635,106667.95,0.00248,264.536516
2025-10-18 04:05:51.666,106667.96,0.028,2986.7028800000003
2025-10-18 04:05:51.982,106667.95,0.18749,19999.1739455
2025-10-18 04:05:52.351,106667.95,0.0938,10005.45371
2025-10-18 04:05:53.227,106667.95,0.00572,610.140674
2025-10-18 04:05:53.339,106667.95,0.0938,10005.45371
2025-10-18 04:05:53.694,106667.95,0.013,1386.6833499999998
2025-10-18 04:05:53.696,106667.95,0.013,1386.6833499999998
2025-10-18 04:05:53.697,106667.95,0.013,1386.6833499999998
2025-10-18 04:05:53.715,106663.88,0.03023,3224.4490924
2025-10-18 04:05:53.720,106660.09,0.03649,3892.0266841000002
2025-10-18 04:05:54.224,106650.42,0.0001,10.665042
2025-10-18 04:05:54.225,106639.45,0.072,7678.040399999999
2025-10-18 04:05:54.226,106636.02,0.048,5118.528960000001
2025-10-18 04:05:54.227,106635.75,6e-05,6.398145
2025-10-18 04:05:54.228,106643.33,5e-05,5.3321665000000005
2025-10-18 04:05:54.230,106632.77,0.0007,74.642939
2025-10-18 04:05:54.231,106632.77,0.0084,895.7152679999999
2025-10-18 04:05:54.233,106630.16,0.00074,78.9063184
2025-10-18 04:05:54.236,106633.72,0.03503,3735.3792116
2025-10-18 04:05:54.238,106626.4,0.00936,998.023104
2025-10-18 04:05:54.241,106626.4,0.0111,1183.55304
2025-10-18 04:05:54.247,106626.4,0.0716,7634.450239999999
2025-10-18 04:05:54.248,106626.4,0.013,1386.1431999999998
2025-10-18 04:05:54.249,106626.4,0.1195,12741.8548
2025-10-18 04:05:54.251,106626.4,0.00938,1000.1556319999999
2025-10-18 04:05:54.253,106626.4,6e-05,6.397584
2025-10-18 04:05:54.260,106626.4,0.013,1386.1431999999998
2025-10-18 04:05:54.262,106626.4,0.013,1386.1431999999998
2025-10-18 04:05:54.266,106626.4,0.28336,30213.656703999997
2025-10-18 04:05:54.268,106626.39,0.00015,15.993958499999998
2025-10-18 04:05:54.269,106626.0,6e-05,6.39756
2025-10-18 04:05:54.274,106625.5,5e-05,5.331275000000001
2025-10-18 04:05:54.280,106625.33,0.05056,5390.9766848
2025-10-18 04:05:54.285,106625.1,0.00937,999.0771870000001
2025-10-18 04:05:54.293,106625.1,0.00938,1000.143438
2025-10-18 04:05:54.298,106625.1,0.00044,46.915044
2025-10-18 04:05:54.313,106619.53,5e-05,5.3309765
2025-10-18 04:05:54.317,106618.0,0.00215,229.2287
2025-10-18 04:05:54.319,106617.81,0.01876,2000.1501156
2025-10-18 04:05:54.320,106617.81,0.00019,20.2573839
2025-10-18 04:05:54.350,106617.81,0.00993,1058.7148533
2025-10-18 04:05:54.364,106617.81,0.09122,9725.676628199999
2025-10-18 04:05:54.366,106617.81,0.00015,15.992671499999998
2025-10-18 04:05:54.367,106614.92,5e-05,5.330746
2025-10-18 04:05:54.381,106614.63,0.02745,2926.5715935
2025-10-18 04:05:54.441,106614.0,0.0025,266.535
2025-10-18 04:05:54.442,106613.01,0.00774,825.1846974
2025-10-18 04:05:54.447,106613.02,0.0003,31.983905999999998
2025-10-18 04:05:54.475,106610.94,0.00015,15.991641
2025-10-18 04:05:54.479,106607.46,5e-05,5.330373000000001
2025-10-18 04:05:54.486,106600.55,0.0025,266.501375
2025-10-18 04:05:54.493,106599.72,0.00164,174.8235408
2025-10-18 04:05:54.506,106599.72,0.00052,55.4318544
2025-10-18 04:05:54.712,106599.72,0.005,532.9986
2025-10-18 04:05:55.038,106599.73,0.00695,740.8681234999999
2025-10-18 04:05:55.173,106599.73,0.19641,20937.2529693
2025-10-18 04:05:55.174,106599.73,0.00588,626.8064124
2025-10-18 04:05:55.182,106610.22,0.00458,488.2748076
2025-10-18 04:05:55.417,106610.37,0.09385,10005.3832245
2025-10-18 04:05:55.419,106610.38,0.00211,224.9479018
2025-10-18 04:05:55.541,106610.38,0.00234,249.46828920000002
2025-10-18 04:05:55.736,106610.37,7e-05,7.462725899999999
2025-10-18 04:05:55.879,106610.38,4e-05,4.2644152
2025-10-18 04:05:56.157,106610.37,0.00026,27.718696199999997
2025-10-18 04:05:56.411,106610.38,0.0144,1535.189472
2025-10-18 04:05:56.413,106610.38,0.04137,4410.4714206
2025-10-18 04:05:56.414,106610.38,0.00025,26.652595
2025-10-18 04:05:56.417,106610.49,0.09384,10004.328381600002
2025-10-18 04:05:56.616,106610.5,0.00031,33.049255
2025-10-18 04:05:56.617,106610.5,0.0001,10.661050000000001
2025-10-18 04:05:56.624,106610.5,0.0001,10.661050000000001
2025-10-18 04:05:56.625,106610.5,0.00035,37.313674999999996
2025-10-18 04:05:56.626,106610.5,5e-05,5.330525000000001
2025-10-18 04:05:56.627,106610.5,0.00114,121.53596999999999
2025-10-18 04:05:56.717,106610.5,0.00019,20.255995000000002
2025-10-18 04:05:56.749,106610.51,0.00159,169.5107109
2025-10-18 04:05:56.815,106620.14,5e-05,5.3310070000000005
2025-10-18 04:05:56.876,106621.05,9e-05,9.5958945
2025-10-18 04:05:57.047,106621.05,0.0028,298.53894
2025-10-18 04:05:57.253,106621.06,0.00047,50.1118982
2025-10-18 04:05:57.261,106625.32,0.00021,22.391317200000003
2025-10-18 04:05:57.375,106625.32,0.00021,22.391317200000003
2025-10-18 04:05:57.407,106625.31,0.09383,10004.6528373
2025-10-18 04:05:57.418,106625.32,0.00252,268.69580640000004
2025-10-18 04:05:57.556,106625.32,0.0257,2740.2707240000004
2025-10-18 04:05:57.759,106625.31,0.013,1386.1290299999998
2025-10-18 04:05:58.024,106625.31,7e-05,7.463771699999999
2025-10-18 04:05:58.040,106625.31,0.00014,14.927543399999998
2025-10-18 04:05:58.267,106625.31,0.00942,1004.4104202
2025-10-18 04:05:58.543,106625.31,0.09384,10005.7190904
2025-10-18 04:05:58.888,106625.32,0.00265,282.557098
2025-10-18 04:05:59.310,106625.31,8e-05,8.5300248
2025-10-18 04:05:59.583,106625.31,0.09384,10005.7190904
2025-10-18 04:05:59.681,106625.32,8e-05,8.530025600000002
2025-10-18 04:05:59.690,106625.32,0.1,10662.532000000001
2025-10-18 04:06:00.385,106625.32,0.00011,11.7287852
2025-10-18 04:06:00.617,106625.31,0.09384,10005.7190904
2025-10-18 04:06:00.979,106625.32,8e-05,8.530025600000002
2025-10-18 04:06:01.709,106625.31,0.09384,10005.7190904
2025-10-18 04:06:02.062,106625.32,0.00012,12.795038400000001
2025-10-18 04:06:02.443,106625.32,0.00093,99.1615476
2025-10-18 04:06:02.489,106625.32,0.00058,61.8426856
2025-10-18 04:06:02.583,106625.31,0.00095,101.2940445
2025-10-18 04:06:02.695,106625.31,0.09384,10005.7190904
2025-10-18 04:06:02.824,106625.32,0.0062,661.076984
2025-10-18 04:06:03.094,106625.32,0.14312,15260.2157984
2025-10-18 04:06:03.150,106625.32,0.028,2985.50896
2025-10-18 04:06:03.213,106625.31,0.00018,19.1925558
2025-10-18 04:06:03.397,106625.32,0.0001,10.662532
2025-10-18 04:06:03.436,106625.32,0.0537,5725.779684
2025-10-18 04:06:03.540,106625.32,0.00021,22.391317200000003
2025-10-18 04:06:03.779,106625.31,0.09383,10004.6528373
2025-10-18 04:06:03.953,106625.32,0.00468,499.00649760000005
2025-10-18 04:06:04.139,106625.31,0.00011,11.7287841
2025-10-18 04:06:04.607,106625.31,0.00011,11.7287841
2025-10-18 04:06:04.696,106625.32,0.0005,53.31266000000001
2025-10-18 04:06:04.739,106625.31,0.00012,12.7950372
2025-10-18 04:06:04.871,106625.32,0.00391,416.9050012000001
2025-10-18 04:06:04.922,106625.31,0.09383,10004.6528373
2025-10-18 04:06:04.972,106625.32,0.028,2985.50896
2025-10-18 04:06:05.228,106625.32,0.01657,1766.7815524000002
2025-10-18 04:06:05.535,106625.32,0.0001,10.662532
2025-10-18 04:06:06.062,106625.31,0.09383,10004.6528373
2025-10-18 04:06:06.159,106625.32,0.00101,107.69157320000001
2025-10-18 04:06:06.271,106625.32,0.00016,17.060051200000004
2025-10-18 04:06:06.545,106625.32,0.00023,24.523823600000004
2025-10-18 04:06:07.077,106625.32,0.0003,31.987596
2025-10-18 04:06:07.101,106625.31,0.09383,10004.6528373
2025-10-18 04:06:07.416,106625.32,0.00303,323.07471960000004
2025-10-18 04:06:08.143,106625.31,0.09383,10004.6528373
2025-10-18 04:06:09.143,106625.32,5e-05,5.331266
2025-10-18 04:06:09.202,106625.32,0.00305,325.20722600000005
2025-10-18 04:06:09.260,106625.32,0.00014,14.9275448
2025-10-18 04:06:09.317,106625.31,0.09383,10004.6528373
2025-10-18 04:06:09.906,106625.32,0.00032,34.12010240000001
2025-10-18 04:06:09.941,106625.32,0.028,2985.50896
2025-10-18 04:06:10.349,106625.31,5e-05,5.3312655
2025-10-18 04:06:10.473,106625.31,0.09383,10004.6528373
2025-10-18 04:06:11.076,106625.32,0.00216,230.3106912
2025-10-18 04:06:11.361,106625.32,0.00012,12.795038400000001
2025-10-18 04:06:11.423,106625.32,0.00291,310.2796812
2025-10-18 04:06:11.517,106625.31,0.09383,10004.6528373
2025-10-18 04:06:12.200,106625.32,0.00246,262.2982872
2025-10-18 04:06:12.270,106625.32,0.00022,23.4575704
2025-10-18 04:06:12.350,106625.31,0.0001,10.662531
2025-10-18 04:06:12.503,106625.31,0.09383,10004.6528373
2025-10-18 04:06:12.870,106625.32,0.00012,12.795038400000001
2025-10-18 04:06:13.408,106625.32,0.00323,344.3997836
2025-10-18 04:06:13.526,106625.31,0.00187,199.3893297
2025-10-18 04:06:13.532,106625.32,0.0001,10.662532
2025-10-18 04:06:13.589,106625.32,0.0009,95.962788
2025-10-18 04:06:13.623,106625.31,0.00012,12.7950372
2025-10-18 04:06:13.700,106625.31,0.09383,10004.6528373
2025-10-18 04:06:13.961,106625.32,0.0049,522.464068
2025-10-18 04:06:14.108,106625.32,0.00847,903.1164604
2025-10-18 04:06:14.166,106625.32,0.01614,1720.9326648000003
2025-10-18 04:06:14.202,106627.45,0.00012,12.795294
2025-10-18 04:06:14.241,106627.45,0.003,319.88235
2025-10-18 04:06:14.243,106628.54,5e-05,5.331427
2025-10-18 04:06:14.269,106639.69,0.0007,74.647783
2025-10-18 04:06:14.401,106641.5,0.00213,227.14639499999998
2025-10-18 04:06:14.543,106641.51,0.00243,259.13886929999995
2025-10-18 04:06:14.571,106641.5,0.00017,18.129055
2025-10-18 04:06:14.712,106641.5,0.0016,170.62640000000002
2025-10-18 04:06:14.717,106641.5,0.09383,10006.171945
2025-10-18 04:06:15.076,106641.5,0.00012,12.79698
2025-10-18 04:06:15.118,106641.51,0.00292,311.39320919999994
2025-10-18 04:06:15.192,106641.51,0.009,959.7735899999999
2025-10-18 04:06:15.275,106641.51,0.01,1066.4151
2025-10-18 04:06:15.306,106641.51,0.007,746.4905699999999
2025-10-18 04:06:15.319,106641.51,0.002,213.28302
2025-10-18 04:06:15.536,106641.51,0.00012,12.7969812
2025-10-18 04:06:15.605,106641.51,0.01448,1544.1690648
2025-10-18 04:06:15.652,106641.51,0.028,2985.9622799999997
2025-10-18 04:06:15.712,106641.51,0.00859,916.0505709
2025-10-18 04:06:15.788,106641.5,0.09382,10005.10553
2025-10-18 04:06:15.832,106641.51,0.00113,120.50490629999999
2025-10-18 04:06:15.932,106641.5,0.00027,28.793205
2025-10-18 04:06:15.973,106644.52,0.00023,24.528239600000003
2025-10-18 04:06:16.015,106645.35,0.00104,110.911164
2025-10-18 04:06:16.115,106651.38,5e-05,5.332569
2025-10-18 04:06:16.378,106653.98,0.00013,13.865017399999997
2025-10-18 04:06:16.615,106653.99,0.00658,701.7832542
2025-10-18 04:06:16.787,106653.98,0.09381,10005.2098638
2025-10-18 04:06:16.909,106653.99,0.00012,12.798478800000002
2025-10-18 04:06:17.007,106653.98,7e-05,7.465778599999999
2025-10-18 04:06:17.532,106653.99,7e-05,7.4657792999999995
2025-10-18 04:06:17.582,106653.99,0.00015,15.9980985
2025-10-18 04:06:17.624,106653.98,0.00012,12.7984776
2025-10-18 04:06:17.632,106653.99,0.00094,100.25475060000001
2025-10-18 04:06:17.724,106653.99,0.0001,10.665399
2025-10-18 04:06:17.742,106653.99,7e-05,7.4657792999999995
2025-10-18 04:06:17.817,106653.98,0.09381,10005.2098638
2025-10-18 04:06:17.924,106653.99,0.00032,34.12927680000001
2025-10-18 04:06:18.118,106653.99,0.00015,15.9980985
2025-10-18 04:06:18.239,106654.07,0.0001,10.665407000000002
2025-10-18 04:06:18.246,106655.25,0.00677,722.0560425
2025-10-18 04:06:18.290,106657.51,0.0007,74.660257
2025-10-18 04:06:18.291,106663.14,5e-05,5.333157
2025-10-18 04:06:18.296,106666.0,6e-05,6.39996
2025-10-18 04:06:18.308,106666.0,0.00012,12.79992
2025-10-18 04:06:18.333,106666.0,0.00038,40.533080000000005
2025-10-18 04:06:18.344,106666.0,5e-05,5.3333
2025-10-18 04:06:18.518,106666.0,0.0001,10.6666
2025-10-18 04:06:18.591,106665.99,0.0041,437.33055900000005
2025-10-18 04:06:18.630,106666.0,0.01001,1067.72666
2025-10-18 04:06:18.670,106666.0,0.0001,10.6666
2025-10-18 04:06:18.882,106666.0,0.0006,63.999599999999994
2025-10-18 04:06:18.959,106665.99,0.0938,10005.269862
2025-10-18 04:06:19.193,106666.0,0.00131,139.73246
2025-10-18 04:06:19.299,106665.99,0.00012,12.7999188
2025-10-18 04:06:19.337,106666.0,9e-05,9.59994
2025-10-18 04:06:19.412,106666.0,8e-05,8.533280000000001
2025-10-18 04:06:19.462,106666.0,0.0001,10.6666
2025-10-18 04:06:19.637,106666.0,0.00047,50.13302
2025-10-18 04:06:19.671,106666.0,0.00012,12.79992
2025-10-18 04:06:19.725,106666.0,0.00029,30.93314
2025-10-18 04:06:20.117,106665.99,0.0938,10005.269862
2025-10-18 04:06:20.185,106665.99,0.00933,995.1936867000001
2025-10-18 04:06:20.498,106665.99,0.00012,12.7999188
2025-10-18 04:06:20.964,106666.0,0.00012,12.79992
2025-10-18 04:06:21.116,106665.99,0.0938,10005.269862
2025-10-18 04:06:21.239,106666.0,0.00087,92.79942
2025-10-18 04:06:21.420,106666.0,0.00026,27.733159999999998
2025-10-18 04:06:21.442,106666.0,0.00021,22.39986
2025-10-18 04:06:22.035,106665.99,0.00012,12.7999188
2025-10-18 04:06:22.183,106665.99,0.0938,10005.269862
2025-10-18 04:06:23.022,106665.99,0.00064,68.2662336
2025-10-18 04:06:23.037,106666.0,0.00013,13.866579999999999
2025-10-18 04:06:23.117,106665.99,0.0938,10005.269862
2025-10-18 04:06:23.507,106666.0,0.00302,322.13132
2025-10-18 04:06:23.625,106665.99,0.00041,43.733055900000004
2025-10-18 04:06:24.068,106666.0,0.00107,114.13262
2025-10-18 04:06:24.136,106666.0,0.00933,995.19378
2025-10-18 04:06:24.156,106665.99,0.0938,10005.269862
2025-10-18 04:06:25.216,106665.99,0.0938,10005.269862
2025-10-18 04:06:25.617,106666.0,0.0001,10.6666
2025-10-18 04:06:25.625,106666.0,0.00057,60.79962
2025-10-18 04:06:25.719,106666.0,0.00938,1000.52708
2025-10-18 04:06:25.963,106666.0,0.00012,12.79992
2025-10-18 04:06:26.176,106665.99,0.0938,10005.269862
2025-10-18 04:06:26.369,106666.0,9e-05,9.59994
2025-10-18 04:06:27.162,106665.99,0.0938,10005.269862
2025-10-18 04:06:28.284,106665.99,0.0938,10005.269862
2025-10-18 04:06:28.458,106665.99,0.00032,34.1331168
2025-10-18 04:06:28.475,106666.0,0.15,15999.9
2025-10-18 04:06:28.662,106666.0,0.00015,15.999899999999998
2025-10-18 04:06:29.295,106665.99,0.0938,10005.269862
2025-10-18 04:06:30.317,106665.99,0.0938,10005.269862
2025-10-18 04:06:30.531,106666.0,0.00093,99.19938
2025-10-18 04:06:30.587,106666.0,0.00012,12.79992
2025-10-18 04:06:30.662,106666.0,0.00024,25.59984
2025-10-18 04:06:30.692,106665.99,0.00079,84.26613210000001
2025-10-18 04:06:30.882,106665.99,0.00014,14.9332386
2025-10-18 04:06:30.990,106665.99,0.00132,140.7991068
2025-10-18 04:06:31.077,106665.99,0.01909,2036.2537491
2025-10-18 04:06:31.085,106665.99,0.00042,44.7997158
2025-10-18 04:06:31.290,106665.99,0.0938,10005.269862
2025-10-18 04:06:31.315,106665.99,6e-05,6.3999594
2025-10-18 04:06:31.409,106666.0,0.00064,68.26624000000001
2025-10-18 04:06:32.202,106665.99,0.0938,10005.269862
2025-10-18 04:06:32.399,106666.0,0.0003,31.999799999999997
2025-10-18 04:06:33.216,106665.99,0.0938,10005.269862
2025-10-18 04:06:33.500,106665.99,0.00288,307.1980512
2025-10-18 04:06:34.003,106666.0,0.00011,11.73326
2025-10-18 04:06:34.283,106665.99,0.0938,10005.269862
2025-10-18 04:06:35.067,106666.0,9e-05,9.59994
2025-10-18 04:06:35.216,106665.99,0.0938,10005.269862
2025-10-18 04:06:35.671,106665.99,0.00012,12.7999188
2025-10-18 04:06:35.882,106666.0,0.04679,4990.90214
2025-10-18 04:06:36.359,106665.99,0.0938,10005.269862
2025-10-18 04:06:37.070,106666.0,0.00037,39.46642
2025-10-18 04:06:37.452,106665.99,0.0938,10005.269862
2025-10-18 04:06:38.434,106665.99,0.0938,10005.269862
2025-10-18 04:06:38.648,106665.99,0.02599,2772.2490801
2025-10-18 04:06:39.119,106666.0,0.028,2986.648
2025-10-18 04:06:39.182,106666.0,0.00013,13.866579999999999
2025-10-18 04:06:39.370,106665.99,0.0938,10005.269862
2025-10-18 04:06:39.378,106666.0,0.009,959.9939999999999
2025-10-18 04:06:39.388,106666.0,0.019,2026.654
2025-10-18 04:06:39.412,106665.99,0.01875,1999.9873125
2025-10-18 04:06:39.782,106665.99,0.0002,21.333198000000003
2025-10-18 04:06:40.274,106665.99,0.00042,44.7997158
2025-10-18 04:06:40.407,106665.99,0.0938,10005.269862
2025-10-18 04:06:40.551,106666.0,0.00367,391.46422
2025-10-18 04:06:40.573,106666.0,6e-05,6.39996
2025-10-18 04:06:40.668,106666.0,2.07632,221472.74912
2025-10-18 04:06:40.973,106666.0,0.005,533.33
2025-10-18 04:06:41.075,106666.0,0.023,2453.3179999999998
2025-10-18 04:06:41.219,106668.51,5e-05,5.3334255
2025-10-18 04:06:41.437,106668.8,0.0938,10005.53344
2025-10-18 04:06:41.540,106668.81,0.00012,12.8002572
2025-10-18 04:06:41.873,106672.0,0.0028,298.6816
2025-10-18 04:06:41.914,106673.49,4e-05,4.266939600000001
2025-10-18 04:06:42.104,106673.49,0.00022,23.468167800000003
2025-10-18 04:06:42.413,106673.48,0.09379,10004.905689199999
2025-10-18 04:06:42.950,106673.48,0.00052,55.47020959999999
2025-10-18 04:06:43.551,106673.48,0.09379,10004.905689199999
2025-10-18 04:06:43.657,106673.49,0.028,2986.8577200000004
2025-10-18 04:06:43.919,106673.49,0.00454,484.2976446
2025-10-18 04:06:44.047,106673.49,0.00054,57.6036846
2025-10-18 04:06:44.404,106673.49,0.01918,2045.9975382
2025-10-18 04:06:44.405,106673.49,0.00622,663.5091078
2025-10-18 04:06:44.406,106673.49,0.00622,663.5091078
2025-10-18 04:06:44.409,106673.49,0.00339,361.62313109999997
2025-10-18 04:06:44.411,106676.66,0.00101,107.7434266
2025-10-18 04:06:44.412,106676.66,0.00438,467.24377080000005
2025-10-18 04:06:44.417,106676.66,0.00558,595.2557628
2025-10-18 04:06:44.424,106676.66,0.00585,624.0584610000001
2025-10-18 04:06:44.425,106676.66,0.00109,116.2775594
2025-10-18 04:06:44.430,106676.66,0.00092,98.1425272
2025-10-18 04:06:44.442,106676.66,0.00082,87.4748612
2025-10-18 04:06:44.447,106676.66,0.00074,78.9407284
2025-10-18 04:06:44.448,106676.66,0.00074,78.9407284
2025-10-18 04:06:44.450,106676.66,0.00093,99.20929380000001
2025-10-18 04:06:44.455,106676.66,0.0037,394.703642
2025-10-18 04:06:44.515,106684.15,0.00765,816.1337474999999
2025-10-18 04:06:44.578,106684.16,0.028,2987.15648
2025-10-18 04:06:44.684,106684.15,0.09379,10005.906428499999
2025-10-18 04:06:44.771,106684.16,0.00111,118.41941760000002
2025-10-18 04:06:45.247,106684.16,0.02,2133.6832
2025-10-18 04:06:45.771,106684.15,0.09379,10005.906428499999
2025-10-18 04:06:45.793,106684.16,0.003,320.05248
2025-10-18 04:06:45.798,106684.16,0.00042,44.8073472
2025-10-18 04:06:45.800,106684.16,0.025,2667.1040000000003
2025-10-18 04:06:46.331,106684.16,0.00013,13.868940799999999
2025-10-18 04:06:46.717,106684.15,0.09378,10004.839587
2025-10-18 04:06:46.771,106684.16,0.028,2987.15648
2025-10-18 04:06:46.820,106684.15,0.00038,40.539977
2025-10-18 04:06:47.331,106684.16,0.0001,10.668416
2025-10-18 04:06:47.406,106684.16,0.00093,99.21626880000001
2025-10-18 04:06:47.915,106684.16,0.009,960.15744
2025-10-18 04:06:47.917,106684.15,0.09378,10004.839587
2025-10-18 04:06:47.918,106684.16,0.019,2026.99904
2025-10-18 04:06:47.988,106684.15,0.0071,757.457465
2025-10-18 04:06:48.190,106679.69,0.0516,5504.672004
2025-10-18 04:06:48.191,106668.51,5e-05,5.3334255
2025-10-18 04:06:48.192,106660.0,5e-05,5.333
2025-10-18 04:06:48.194,106650.4,0.081,8638.6824
2025-10-18 04:06:48.195,106645.5,6e-05,6.3987300000000005
2025-10-18 04:06:48.196,106642.48,0.0227,2420.7842960000003
2025-10-18 04:06:48.197,106639.0,6e-05,6.39834
2025-10-18 04:06:48.198,106638.31,0.041,4372.17071
2025-10-18 04:06:48.199,106633.86,0.081,8637.34266
2025-10-18 04:06:48.200,106633.86,0.081,8637.34266
2025-10-18 04:06:48.201,106633.86,0.081,8637.34266
2025-10-18 04:06:48.202,106633.86,0.026,2772.48036
2025-10-18 04:06:48.203,106633.86,0.0028,298.574808
2025-10-18 04:06:48.204,106573.48,0.0003,31.972043999999997
2025-10-18 04:06:48.207,106544.96,5e-05,5.327248000000001
2025-10-18 04:06:48.208,106529.2,0.00011,11.718212
2025-10-18 04:06:48.210,106524.93,0.024,2556.59832
2025-10-18 04:06:48.212,106539.03,0.026,2770.01478
2025-10-18 04:06:48.213,106539.03,0.05812,6192.048423599999
2025-10-18 04:06:48.214,106539.03,0.08,8523.1224
2025-10-18 04:06:48.215,106539.03,0.02335,2487.6863505
2025-10-18 04:06:48.222,106524.93,1.4981,159584.997633
2025-10-18 04:06:48.225,106524.11,0.041,4367.48851
2025-10-18 04:06:48.232,106532.55,0.08,8522.604000000001
2025-10-18 04:06:48.243,106540.0,0.00489,520.9806
2025-10-18 04:06:48.244,106538.95,5e-05,5.3269475
2025-10-18 04:06:48.250,106538.95,5e-05,5.3269475
2025-10-18 04:06:48.252,106538.97,0.0019,202.424043
2025-10-18 04:06:48.257,106532.55,0.05819,6199.1290845
2025-10-18 04:06:48.260,106536.87,0.00092,98.0139204
2025-10-18 04:06:48.262,106536.87,0.00092,98.0139204
2025-10-18 04:06:48.263,106536.87,0.007,745.75809
2025-10-18 04:06:48.265,106536.87,0.00092,98.0139204
2025-10-18 04:06:48.266,106536.87,0.00089,94.8178143
2025-10-18 04:06:48.269,106536.04,0.02156,2296.9170224
2025-10-18 04:06:48.271,106536.87,0.00092,98.0139204
2025-10-18 04:06:48.272,106536.04,0.03693,3934.3759571999994
2025-10-18 04:06:48.274,106536.04,0.6587,70175.28954799999
2025-10-18 04:06:48.275,106536.87,0.00704,750.0195648
2025-10-18 04:06:48.276,106536.87,0.00489,520.9652943
2025-10-18 04:06:48.279,106536.04,0.0013,138.496852
2025-10-18 04:06:48.280,106536.04,0.01447,1541.5764987999999
2025-10-18 04:06:48.287,106536.04,0.06567,6996.2217468
2025-10-18 04:06:48.288,106536.04,0.10502,11188.4149208
2025-10-18 04:06:48.290,106536.97,0.00451,480.4817347
2025-10-18 04:06:48.294,106539.04,0.003,319.61712
2025-10-18 04:06:48.295,106539.04,0.00704,750.0348415999999
2025-10-18 04:06:48.297,106532.55,0.0467,4975.070085
2025-10-18 04:06:48.302,106539.03,5e-05,5.3269515
2025-10-18 04:06:48.303,106539.04,0.00704,750.0348415999999
2025-10-18 04:06:48.308,106539.04,0.00056,59.66186239999999
2025-10-18 04:06:48.312,106538.0,0.20585,21930.8473
2025-10-18 04:06:48.314,106538.0,0.00826,880.00388
2025-10-18 04:06:48.315,106538.0,0.00024,25.56912
2025-10-18 04:06:48.316,106535.63,0.00145,154.4766635
2025-10-18 04:06:48.317,106525.93,0.00045,47.936668499999996
2025-10-18 04:06:48.326,106532.55,0.0016,170.45208000000002
2025-10-18 04:06:48.330,106532.55,0.02719,2896.6200344999997
2025-10-18 04:06:48.332,106532.55,0.02625,2796.4794375
2025-10-18 04:06:48.333,106532.55,0.02719,2896.6200344999997
2025-10-18 04:06:48.335,106525.93,0.02699,2875.1348507
2025-10-18 04:06:48.342,106532.54,0.0002,21.306508
2025-10-18 04:06:48.350,106532.55,0.00025,26.6331375
2025-10-18 04:06:48.361,106532.55,0.013,1384.92315
2025-10-18 04:06:48.363,106532.55,0.0012,127.83905999999999
2025-10-18 04:06:48.364,106525.93,0.01175,1251.6796775
2025-10-18 04:06:48.365,106525.93,0.004,426.10371999999995
2025-10-18 04:06:48.366,106525.76,5e-05,5.326288
2025-10-18 04:06:48.367,106524.94,0.02249,2395.7459006
2025-10-18 04:06:48.368,106524.94,0.0127,1352.866738
2025-10-18 04:06:48.377,106522.9,0.0002,21.30458
2025-10-18 04:06:48.398,106521.05,0.0199,2119.768895
2025-10-18 04:06:48.399,106521.61,0.02813,2996.4528892999997
2025-10-18 04:06:48.403,106517.66,0.0001,10.651766
2025-10-18 04:06:48.404,106515.7,0.08817,9391.489269
2025-10-18 04:06:48.407,106515.7,0.00067,71.365519
2025-10-18 04:06:48.411,106515.7,0.00856,911.7743919999999
2025-10-18 04:06:48.417,106516.01,0.00046,48.9973646
2025-10-18 04:06:48.418,106516.01,0.0006,63.90960599999999
2025-10-18 04:06:48.439,106515.7,0.005,532.5785
2025-10-18 04:06:48.459,106515.7,0.00092,97.994444
2025-10-18 04:06:48.470,106515.69,6e-05,6.3909414
2025-10-18 04:06:48.478,106516.01,0.00682,726.4391881999999
2025-10-18 04:06:48.502,106513.9,0.00097,103.318483
2025-10-18 04:06:48.520,106514.01,0.00093,99.0580293
2025-10-18 04:06:48.521,106502.82,0.00022,23.430620400000002
2025-10-18 04:06:48.545,106500.0,0.00938,998.9699999999999
2025-10-18 04:06:48.547,106500.0,0.118,12567.0
2025-10-18 04:06:48.551,106500.0,0.004,426.0
2025-10-18 04:06:48.555,106500.0,0.029,3088.5
2025-10-18 04:06:48.556,106500.0,9e-05,9.585
2025-10-18 04:06:48.557,106500.0,0.00034,36.21
2025-10-18 04:06:48.558,106500.0,0.029,3088.5
2025-10-18 04:06:48.561,106500.0,0.056,5964.0
2025-10-18 04:06:48.562,106500.0,0.016,1704.0
2025-10-18 04:06:48.564,106500.0,0.00028,29.819999999999997
2025-10-18 04:06:48.566,106500.0,0.00939,1000.0350000000001
2025-10-18 04:06:48.567,106500.0,9e-05,9.585
2025-10-18 04:06:48.570,106500.0,0.00867,923.355
2025-10-18 04:06:48.576,106500.0,0.00939,1000.0350000000001
2025-10-18 04:06:48.579,106500.0,0.006,639.0
2025-10-18 04:06:48.592,106500.23,0.00159,169.3353657
2025-10-18 04:06:48.614,106507.63,0.01468,1563.5320084
2025-10-18 04:06:48.649,106500.0,0.01878,2000.0700000000002
2025-10-18 04:06:48.732,106507.63,0.0386,4111.194518
2025-10-18 04:06:48.737,106507.26,0.00597,635.8483421999999
2025-10-18 04:06:48.763,106503.82,0.00078,83.07297960000001
2025-10-18 04:06:48.767,106503.82,0.00032,34.0812224
2025-10-18 04:06:48.774,106503.82,0.00081,86.26809420000001
2025-10-18 04:06:48.788,106503.82,0.00121,128.8696222
2025-10-18 04:06:48.807,106500.01,0.06304,6713.760630399999
2025-10-18 04:06:48.815,106500.01,0.03076,3275.9403076
2025-10-18 04:06:48.855,106500.24,0.01877,1999.0095047999998
2025-10-18 04:06:48.856,106500.24,0.03744,3987.3689856
2025-10-18 04:06:48.874,106500.24,0.1402,14931.333648
2025-10-18 04:06:48.892,106500.24,0.03618,3853.1786832
2025-10-18 04:06:48.897,106500.24,0.00199,211.9354776
2025-10-18 04:06:48.900,106500.24,0.002,213.00048
2025-10-18 04:06:48.934,106500.24,0.00081,86.2651944
2025-10-18 04:06:48.959,106501.21,0.0013,138.451573
2025-10-18 04:06:48.976,106501.21,0.0032,340.803872
2025-10-18 04:06:48.992,106500.02,0.00026,27.690005199999998
2025-10-18 04:06:49.020,106500.02,0.00101,107.5650202
2025-10-18 04:06:49.032,106500.02,0.01877,1999.0053753999998
2025-10-18 04:06:49.052,106500.01,0.013,1384.50013
2025-10-18 04:06:49.087,106500.01,0.013,1384.50013
2025-10-18 04:06:49.091,106500.02,0.00321,341.8650642
2025-10-18 04:06:49.094,106500.01,0.013,1384.50013
2025-10-18 04:06:49.097,106500.02,0.00321,341.8650642
2025-10-18 04:06:49.099,106500.02,0.00321,341.8650642
2025-10-18 04:06:49.121,106500.01,0.00061,64.9650061
2025-10-18 04:06:49.126,106500.02,0.0223,2374.9504460000003
2025-10-18 04:06:49.130,106500.01,0.09395,10005.6759395
2025-10-18 04:06:49.189,106500.02,0.00023,24.4950046
2025-10-18 04:06:49.203,106500.02,0.21933,23358.649386600002
2025-10-18 04:06:49.281,106500.02,0.00023,24.4950046
2025-10-18 04:06:49.285,106500.02,0.009,958.50018
2025-10-18 04:06:49.286,106500.02,0.009,958.50018
2025-10-18 04:06:49.296,106500.02,0.009,958.50018
2025-10-18 04:06:49.372,106500.02,0.00564,600.6601128
2025-10-18 04:06:49.491,106500.02,0.00026,27.690005199999998
2025-10-18 04:06:49.547,106500.02,0.02182,2323.8304364
2025-10-18 04:06:49.576,106500.01,0.001,106.50001
2025-10-18 04:06:49.579,106500.02,0.01875,1996.875375
2025-10-18 04:06:49.582,106500.02,0.00143,152.29502860000002
2025-10-18 04:06:49.583,106500.02,0.00703,748.6951406000001
2025-10-18 04:06:49.587,106500.02,0.00704,749.7601408
2025-10-18 04:06:49.628,106500.02,0.00015,15.975003
2025-10-18 04:06:49.760,106500.02,0.02182,2323.8304364
2025-10-18 04:06:49.776,106500.02,0.0225,2396.25045
2025-10-18 04:06:49.787,106500.02,0.003,319.50006
2025-10-18 04:06:49.797,106500.02,0.00399,424.9350798
2025-10-18 04:06:49.801,106500.02,0.003,319.50006
2025-10-18 04:06:49.918,106500.02,0.06139,6538.0362278
2025-10-18 04:06:49.948,106500.02,0.06197,6599.8062394
2025-10-18 04:06:49.997,106500.01,0.00014,14.910001399999999
2025-10-18 04:06:50.050,106500.02,0.00413,439.8450826
2025-10-18 04:06:50.059,106500.02,0.06197,6599.8062394
2025-10-18 04:06:50.077,106500.02,0.01783,1898.8953566
2025-10-18 04:06:50.114,106500.02,0.00671,714.6151342
2025-10-18 04:06:50.176,106500.02,0.00095,101.175019
2025-10-18 04:06:50.217,106500.01,0.09395,10005.6759395
2025-10-18 04:06:50.241,106500.02,0.00795,846.6751590000001
2025-10-18 04:06:50.294,106500.02,0.02541,2706.1655081999997
2025-10-18 04:06:50.337,106500.02,0.00045,47.925009
2025-10-18 04:06:50.352,106500.02,0.02541,2706.1655081999997
2025-10-18 04:06:50.455,106500.02,0.00398,423.8700796
2025-10-18 04:06:50.516,106500.01,0.005,532.50005
2025-10-18 04:06:50.543,106500.01,0.00558,594.2700557999999
2025-10-18 04:06:50.646,106500.02,0.02541,2706.1655081999997
2025-10-18 04:06:50.655,106500.02,0.00764,813.6601528
2025-10-18 04:06:50.730,106500.02,0.0001,10.650002
2025-10-18 04:06:50.758,106500.02,0.00793,844.5451586
2025-10-18 04:06:50.762,106500.02,0.00668,711.4201336000001
2025-10-18 04:06:50.780,106500.02,0.00103,109.69502060000002
2025-10-18 04:06:50.796,106500.01,0.24619,26219.237461899997
2025-10-18 04:06:50.807,106500.02,0.00834,888.2101668
2025-10-18 04:06:50.823,106500.02,0.00012,12.7800024
2025-10-18 04:06:50.882,106500.01,0.00059,62.8350059
2025-10-18 04:06:50.923,106500.02,0.06139,6538.0362278
2025-10-18 04:06:50.932,106500.01,0.25019,26645.237501900003
2025-10-18 04:06:51.199,106500.02,0.0911,9702.151822
2025-10-18 04:06:51.216,106500.01,0.09395,10005.6759395
2025-10-18 04:06:51.311,106500.01,0.0227,2417.550227
2025-10-18 04:06:51.677,106499.0,0.00088,93.71912
2025-10-18 04:06:51.679,106496.69,9e-05,9.584702100000001
2025-10-18 04:06:51.681,106496.46,0.00113,120.3409998
2025-10-18 04:06:51.682,106493.95,0.0002,21.29879
2025-10-18 04:06:51.683,106493.95,0.03051,3249.1304145
2025-10-18 04:06:51.715,106493.93,0.00095,101.16923349999999
2025-10-18 04:06:51.722,106493.95,0.0052,553.7685399999999
2025-10-18 04:06:51.740,106493.95,0.0001,10.649395
2025-10-18 04:06:51.817,106493.94,0.00711,757.1719134
2025-10-18 04:06:51.849,106493.92,0.0053,564.417776
2025-10-18 04:06:52.015,106492.45,0.0001,10.649245
2025-10-18 04:06:52.051,106490.98,0.002,212.98196
2025-10-18 04:06:52.055,106490.98,0.002,212.98196
2025-10-18 04:06:52.056,106490.98,0.002,212.98196
2025-10-18 04:06:52.108,106490.98,0.008,851.92784
2025-10-18 04:06:52.112,106490.98,0.008,851.92784
2025-10-18 04:06:52.126,106490.98,0.24263,25837.9064774
2025-10-18 04:06:52.128,106490.98,0.01933,2058.4706434
2025-10-18 04:06:52.158,106490.98,0.31734,33793.8475932
2025-10-18 04:06:52.159,106490.98,0.05641,6007.1561818
2025-10-18 04:06:52.160,106490.98,0.02803,2984.9421694
2025-10-18 04:06:52.167,106490.98,0.02668,2841.1793463999998
2025-10-18 04:06:52.177,106490.98,0.00502,534.5847196
2025-10-18 04:06:52.180,106490.98,0.00046,48.9858508
2025-10-18 04:06:52.184,106490.98,0.0202,2151.117796
2025-10-18 04:06:52.204,106490.98,0.13371,14238.908935799998
2025-10-18 04:06:52.205,106490.98,0.18002,19170.5062196
2025-10-18 04:06:52.208,106490.98,3.02948,322612.2940904
2025-10-18 04:06:52.210,106487.89,6e-05,6.3892734
2025-10-18 04:06:52.212,106487.97,0.03452,3675.9647244000003
2025-10-18 04:06:52.216,106484.07,5e-05,5.3242035
2025-10-18 04:06:52.218,106482.76,0.00011,11.7131036
2025-10-18 04:06:52.248,106482.51,0.0043,457.87479299999995
2025-10-18 04:06:52.258,106482.5,0.00065,69.213625
2025-10-18 04:06:52.330,106482.5,0.00046,48.981950000000005
2025-10-18 04:06:52.497,106482.51,0.00547,582.4593297
2025-10-18 04:06:52.498,106482.51,0.00704,749.6368704
2025-10-18 04:06:52.503,106482.51,0.00704,749.6368704
2025-10-18 04:06:52.505,106482.51,0.00264,281.1138264
2025-10-18 04:06:52.705,106482.51,0.26474,28190.179697399995
2025-10-18 04:06:52.758,106482.5,0.05927,6311.217775
2025-10-18 04:06:52.763,106482.49,0.03131,3333.9667618999997
2025-10-18 04:06:52.789,106481.37,0.00062,66.0184494
2025-10-18 04:06:52.815,106481.37,0.00112,119.25913439999998
2025-10-18 04:06:52.819,106480.13,0.00047,50.045661100000004
2025-10-18 04:06:52.825,106480.01,0.00117,124.5816117
2025-10-18 04:06:52.858,106480.0,0.00246,261.94079999999997
2025-10-18 04:06:52.860,106479.98,0.00025,26.619995
2025-10-18 04:06:52.883,106478.32,0.0146,1554.583472
2025-10-18 04:06:52.886,106478.32,0.01449,1542.8708568
2025-10-18 04:06:52.887,106478.32,0.013,1384.2181600000001
2025-10-18 04:06:52.888,106476.98,0.0004,42.590792
2025-10-18 04:06:52.889,106475.66,0.00015,15.971348999999998
2025-10-18 04:06:52.895,106475.65,0.0111,1181.879715
2025-10-18 04:06:52.898,106475.53,0.00025,26.6188825
2025-10-18 04:06:52.900,106475.53,4e-05,4.2590212
2025-10-18 04:06:52.902,106475.52,0.00053,56.4320256
2025-10-18 04:06:52.904,106475.52,0.00023,24.489369600000003
2025-10-18 04:06:52.905,106475.52,0.00036,38.3311872
2025-10-18 04:06:52.973,106475.53,0.00146,155.45427379999998
2025-10-18 04:06:53.092,106475.53,0.00046,48.978743800000004
2025-10-18 04:06:53.113,106475.53,6e-05,6.3885318
2025-10-18 04:06:53.149,106475.53,0.00166,176.7493798
2025-10-18 04:06:53.279,106475.52,0.09398,10006.5693696
2025-10-18 04:06:53.378,106475.53,0.01876,1997.4809427999999
2025-10-18 04:06:53.576,106475.53,5e-05,5.3237765
2025-10-18 04:06:53.904,106475.52,0.01503,1600.3270656
2025-10-18 04:06:53.905,106474.53,6e-05,6.3884718000000005
2025-10-18 04:06:53.907,106474.45,0.00081,86.2443045
2025-10-18 04:06:53.911,106472.83,7e-05,7.453098099999999
2025-10-18 04:06:53.914,106469.73,0.00097,103.2756381
2025-10-18 04:06:54.019,106470.59,0.0006,63.88235399999999
2025-10-18 04:06:54.022,106470.58,0.00011,11.7117638
2025-10-18 04:06:54.051,106470.58,0.0667,7101.587686
2025-10-18 04:06:54.052,106468.66,0.00975,1038.069435
2025-10-18 04:06:54.073,106467.22,0.00098,104.3378756
2025-10-18 04:06:54.085,106467.22,0.00093,99.01451460000001
2025-10-18 04:06:54.086,106466.24,0.00012,12.7759488
2025-10-18 04:06:54.183,106467.22,0.00046,48.974921200000004
2025-10-18 04:06:54.333,106467.22,0.09398,10005.789335599999
2025-10-18 04:06:54.522,106467.23,0.00425,452.4857275
2025-10-18 04:06:54.647,106467.22,0.01,1064.6722
2025-10-18 04:06:54.953,106467.22,0.2814,29959.875708
2025-10-18 04:06:54.968,106467.22,0.25931,27608.014818199998
2025-10-18 04:06:54.970,106467.22,0.013,1384.07386
2025-10-18 04:06:54.972,106467.22,0.013,1384.07386
2025-10-18 04:06:54.973,106467.22,0.013,1384.07386
2025-10-18 04:06:55.029,106467.22,0.01099,1170.0747478
2025-10-18 04:06:55.034,106467.15,0.03224,3432.5009159999995
2025-10-18 04:06:55.059,106467.14,0.00106,112.8551684
2025-10-18 04:06:55.072,106467.13,0.0012,127.760556
2025-10-18 04:06:55.109,106464.52,0.05609,5971.5949268
2025-10-18 04:06:55.112,106464.51,0.0001,10.646451
2025-10-18 04:06:55.114,106464.34,0.0002,21.292868
2025-10-18 04:06:55.174,106462.89,0.00015,15.9694335
2025-10-18 04:06:55.236,106462.0,0.00093,99.00966000000001
2025-10-18 04:06:55.417,106462.0,0.09399,10006.36338
2025-10-18 04:06:55.563,106462.01,2.25366,239929.1734566
2025-10-18 04:06:55.673,106462.01,5e-05,5.3231005
2025-10-18 04:06:55.762,106462.0,0.00438,466.30356
2025-10-18 04:06:56.045,106462.01,0.00115,122.43131149999999
2025-10-18 04:06:56.127,106462.0,0.013,1384.0059999999999
2025-10-18 04:06:56.129,106462.0,0.013,1384.0059999999999
2025-10-18 04:06:56.130,106462.0,0.013,1384.0059999999999
2025-10-18 04:06:56.361,106462.0,0.013,1384.0059999999999
2025-10-18 04:06:56.362,106462.0,0.013,1384.0059999999999
2025-10-18 04:06:56.365,106462.0,0.013,1384.0059999999999
2025-10-18 04:06:56.435,106462.01,0.25,26615.5025
2025-10-18 04:06:56.474,106462.01,0.0001,10.646201
2025-10-18 04:06:56.516,106462.0,0.00881,937.93022
2025-10-18 04:06:56.972,106462.01,0.00689,733.5232489
2025-10-18 04:06:56.973,106462.01,0.0037,393.909437
2025-10-18 04:06:56.974,106462.01,0.00183,194.8254783
2025-10-18 04:06:57.032,106462.0,0.002,212.924
2025-10-18 04:06:57.034,106462.0,0.002,212.924
2025-10-18 04:06:57.416,106462.01,0.00141,150.1114341
2025-10-18 04:06:57.517,106462.0,0.09399,10006.36338
2025-10-18 04:06:58.398,106462.0,0.00049,52.16638
2025-10-18 04:06:58.633,106462.0,0.09399,10006.36338
2025-10-18 04:06:58.702,106462.01,0.00468,498.24220679999996
2025-10-18 04:06:58.902,106462.0,0.0004,42.5848
2025-10-18 04:06:58.913,106462.0,0.00098,104.33276
2025-10-18 04:06:58.956,106462.0,0.00064,68.13568000000001
2025-10-18 04:06:59.030,106462.0,0.013,1384.0059999999999
2025-10-18 04:06:59.032,106462.0,0.013,1384.0059999999999
2025-10-18 04:06:59.117,106462.01,0.00019,20.2277819
2025-10-18 04:06:59.180,106462.01,1.48632,158236.6147032
2025-10-18 04:06:59.181,106462.01,0.0119,1266.897919
2025-10-18 04:06:59.187,106464.18,5e-05,5.323209
2025-10-18 04:06:59.207,106468.75,5e-05,5.3234375
2025-10-18 04:06:59.227,106469.33,0.15043,16016.181311900002
2025-10-18 04:06:59.229,106470.59,0.0002,21.294118
2025-10-18 04:06:59.231,106471.26,0.0029,308.76665399999996
2025-10-18 04:06:59.232,106472.01,0.0001,10.647201
2025-10-18 04:06:59.235,106475.7,0.00011,11.712327
2025-10-18 04:06:59.255,106476.59,7e-05,7.453361299999999
2025-10-18 04:06:59.717,106476.59,0.09397,10005.6051623
2025-10-18 04:07:00.175,106476.59,0.92199,98170.3512141
2025-10-18 04:07:00.318,106476.59,0.0049,521.735291
2025-10-18 04:07:00.506,106476.6,0.06306,6714.414396000001
2025-10-18 04:07:00.518,106476.6,0.00011,11.712426
2025-10-18 04:07:00.721,106476.59,0.00093,99.0232287
2025-10-18 04:07:00.817,106476.59,0.09397,10005.6051623
2025-10-18 04:07:00.994,106476.59,0.00069,73.46884709999999
2025-10-18 04:07:01.187,106476.6,0.0005,53.2383
2025-10-18 04:07:01.491,106476.6,0.00245,260.86767000000003
2025-10-18 04:07:01.737,106476.6,0.02951,3142.124466
2025-10-18 04:07:01.885,106476.59,0.04996,5319.570436399999
2025-10-18 04:07:01.964,106475.49,5e-05,5.323774500000001
2025-10-18 04:07:02.023,106475.44,9e-05,9.582789600000002
2025-10-18 04:07:02.517,106475.45,7e-05,7.453281499999999
2025-10-18 04:07:02.899,106475.45,0.0001,10.647545000000001
2025-10-18 04:07:03.002,106475.44,0.00046,48.9787024
2025-10-18 04:07:03.005,106475.42,0.0001,10.647542
2025-10-18 04:07:03.006,106474.29,0.00096,102.2153184
2025-10-18 04:07:03.008,106471.28,0.00093,99.0182904
2025-10-18 04:07:03.009,106471.28,0.03385,3604.052828
2025-10-18 04:07:03.017,106471.27,0.09398,10006.1699546
2025-10-18 04:07:03.070,106471.28,0.00055,58.559204
2025-10-18 04:07:03.489,106471.28,0.00057,60.6886296
2025-10-18 04:07:04.006,106471.27,0.09398,10006.1699546
2025-10-18 04:07:04.023,106471.27,6e-05,6.388276200000001
2025-10-18 04:07:04.408,106471.28,0.01219,1297.8849031999998
2025-10-18 04:07:04.506,106471.27,0.0001,10.647127000000001
2025-10-18 04:07:04.835,106471.28,0.03525,3753.1126199999994
2025-10-18 04:07:04.987,106471.27,0.09397,10005.1052419
2025-10-18 04:07:06.017,106471.27,0.09397,10005.1052419
2025-10-18 04:07:06.408,106471.28,0.00916,975.2769248
2025-10-18 04:07:06.626,106471.28,0.00093,99.0182904
2025-10-18 04:07:06.964,106471.27,0.00218,232.10736860000003
2025-10-18 04:07:06.965,106471.27,0.00179,190.5835733
2025-10-18 04:07:06.995,106471.28,0.01984,2112.3901952
2025-10-18 04:07:06.997,106474.37,0.00145,154.3878365
2025-10-18 04:07:06.998,106474.64,0.00015,15.971195999999999
2025-10-18 04:07:06.999,106477.96,0.05947,6332.244281200001
2025-10-18 04:07:07.004,106477.95,0.00041,43.655959499999994
2025-10-18 04:07:07.007,106477.96,0.23633,25163.936286800003
2025-10-18 04:07:07.036,106479.4,0.0001,10.64794
2025-10-18 04:07:07.158,106479.64,0.00547,582.4436308
2025-10-18 04:07:07.214,106479.63,0.09396,10004.8260348
2025-10-18 04:07:07.224,106479.63,0.00349,371.6139087
2025-10-18 04:07:07.250,106479.64,0.00086,91.57249039999999
2025-10-18 04:07:07.267,106482.52,0.0002,21.296504000000002
2025-10-18 04:07:07.269,106483.3,0.0001,10.648330000000001
2025-10-18 04:07:07.270,106485.79,5e-05,5.3242895
2025-10-18 04:07:07.272,106490.29,5e-05,5.3245145
2025-10-18 04:07:07.368,106490.51,0.00035,37.2716785
2025-10-18 04:07:07.389,106492.56,0.02347,2499.3803832
2025-10-18 04:07:07.408,106496.71,0.00015,15.9745065
2025-10-18 04:07:07.427,106496.72,0.0002,21.299344
2025-10-18 04:07:07.807,106496.71,0.00557,593.1866747
2025-10-18 04:07:07.941,106496.71,0.0088,937.1710480000002
2025-10-18 04:07:08.048,106496.72,0.00068,72.4177696
2025-10-18 04:07:08.242,106496.71,0.09395,10005.3659045
2025-10-18 04:07:08.390,106496.71,0.00028,29.8190788
2025-10-18 04:07:08.396,106496.71,0.00045,47.923519500000005
2025-10-18 04:07:08.402,106496.71,0.00044,46.85855240000001
2025-10-18 04:07:09.103,106496.72,0.00046,48.9884912
2025-10-18 04:07:09.204,106496.71,0.00115,122.47121650000001
2025-10-18 04:07:09.274,106496.71,0.09395,10005.3659045
2025-10-18 04:07:09.473,106496.71,0.0003,31.949013
2025-10-18 04:07:10.317,106496.71,0.09395,10005.3659045
2025-10-18 04:07:10.448,106496.71,0.0001,10.649671000000001
2025-10-18 04:07:10.918,106496.71,0.00066,70.2878286
2025-10-18 04:07:11.365,106496.71,0.09395,10005.3659045
2025-10-18 04:07:11.403,106496.71,0.00397,422.7919387
2025-10-18 04:07:11.525,106496.72,0.00019,20.2343768
2025-10-18 04:07:12.367,106496.71,0.09395,10005.3659045
2025-10-18 04:07:12.415,106496.72,0.00111,118.21135920000002
2025-10-18 04:07:12.416,106496.72,0.00111,118.21135920000002
2025-10-18 04:07:12.423,106496.72,0.00023,24.4942456
2025-10-18 04:07:12.657,106496.71,0.03,3194.9013
2025-10-18 04:07:12.661,106496.71,0.02,2129.9342
2025-10-18 04:07:12.681,106496.71,0.047,5005.34537
2025-10-18 04:07:12.777,106496.72,0.0001,10.649672
2025-10-18 04:07:12.889,106496.71,0.0001,10.649671000000001
2025-10-18 04:07:13.202,106496.71,0.013,1384.45723
2025-10-18 04:07:13.203,106496.71,0.013,1384.45723
2025-10-18 04:07:13.204,106496.71,0.013,1384.45723
2025-10-18 04:07:13.287,106496.71,0.013,1384.45723
2025-10-18 04:07:13.288,106496.71,0.013,1384.45723
2025-10-18 04:07:13.289,106496.71,0.013,1384.45723
2025-10-18 04:07:13.302,106496.71,0.0004,42.598684000000006
2025-10-18 04:07:13.428,106495.58,0.032,3407.85856
2025-10-18 04:07:13.430,106495.58,0.0035,372.73453
2025-10-18 04:07:13.582,106492.72,0.0001,10.649272
2025-10-18 04:07:13.584,106492.46,0.03701,3941.2859446
2025-10-18 04:07:13.615,106490.75,0.00015,15.973612499999998
2025-10-18 04:07:14.095,106490.75,0.01503,1600.5559725
2025-10-18 04:07:14.517,106490.74,0.03936,4191.4755264000005
2025-10-18 04:07:14.803,106490.74,0.013,1384.37962
2025-10-18 04:07:14.804,106490.74,0.013,1384.37962
2025-10-18 04:07:14.805,106490.74,0.013,1384.37962
2025-10-18 04:07:14.815,106490.74,8e-05,8.5192592
2025-10-18 04:07:15.006,106490.74,0.013,1384.37962
2025-10-18 04:07:15.012,106490.74,0.013,1384.37962
2025-10-18 04:07:15.014,106490.74,0.31967,34041.894855800005
2025-10-18 04:07:15.015,106485.79,5e-05,5.3242895
2025-10-18 04:07:15.016,106489.6,0.0001,10.64896
2025-10-18 04:07:15.019,106481.06,0.03158,3362.6718747999994
2025-10-18 04:07:15.034,106481.06,0.00156,166.1104536
2025-10-18 04:07:15.041,106481.05,0.00557,593.0994485
2025-10-18 04:07:15.110,106481.06,0.00135,143.74943100000002
2025-10-18 04:07:15.129,106481.07,0.0004,42.592428000000005
2025-10-18 04:07:15.134,106482.02,0.0002,21.296404000000003
2025-10-18 04:07:15.434,106489.5,0.014,1490.853
2025-10-18 04:07:15.541,106489.49,0.00089,94.7756461
2025-10-18 04:07:15.615,106489.5,0.00142,151.21509
2025-10-18 04:07:16.007,106489.5,0.00014,14.908529999999999
2025-10-18 04:07:16.914,106489.61,0.0002,21.297922
2025-10-18 04:07:16.915,106496.7,0.00015,15.974504999999999
2025-10-18 04:07:16.988,106496.71,0.00011,11.714638100000002
2025-10-18 04:07:16.994,106496.7,0.01917,2041.541739
2025-10-18 04:07:16.996,106496.71,0.008,851.9736800000001
2025-10-18 04:07:17.006,106496.71,0.00158,168.26480180000001
2025-10-18 04:07:17.019,106496.72,0.0007,74.547704
2025-10-18 04:07:17.020,106496.73,0.0002,21.299346
2025-10-18 04:07:17.025,106500.01,0.00015,15.975001499999998
2025-10-18 04:07:17.115,106510.67,0.00015,15.976600499999998
2025-10-18 04:07:17.118,106510.68,6e-05,6.3906408
2025-10-18 04:07:17.187,106510.67,0.00057,60.711081899999996
2025-10-18 04:07:17.200,106510.67,0.00557,593.2644319
2025-10-18 04:07:17.880,106510.67,0.00106,112.9013102
2025-10-18 04:07:18.710,106510.68,0.00047,50.0600196
2025-10-18 04:07:19.267,106510.68,0.00051,54.3204468
2025-10-18 04:07:19.735,106510.68,0.04057,4321.1382876
2025-10-18 04:07:20.680,106510.68,0.00199,211.9562532
2025-10-18 04:07:20.747,106510.68,7e-05,7.455747599999999
2025-10-18 04:07:20.793,106510.68,0.00052,55.385553599999994
2025-10-18 04:07:20.905,106510.67,0.00648,690.1891416
2025-10-18 04:07:21.557,106510.68,0.03182,3389.1698376
2025-10-18 04:07:21.669,106510.68,0.00018,19.1719224
2025-10-18 04:07:22.214,106510.67,8e-05,8.5208536
2025-10-18 04:07:22.302,106510.68,0.00012,12.7812816
2025-10-18 04:07:22.341,106510.68,0.00376,400.4801568
2025-10-18 04:07:22.420,106510.67,8e-05,8.5208536
2025-10-18 04:07:23.514,106510.68,9e-05,9.5859612
2025-10-18 04:07:23.588,106510.68,0.01503,1600.8555204
2025-10-18 04:07:24.317,106510.67,0.09394,10005.6123398
2025-10-18 04:07:24.592,106510.67,5e-05,5.325533500000001
2025-10-18 04:07:24.695,106510.68,0.018,1917.1922399999996
2025-10-18 04:07:24.697,106510.68,0.0101,1075.757868
2025-10-18 04:07:24.819,106517.04,0.00015,15.977555999999998
2025-10-18 04:07:24.887,106519.6,0.028,2982.5488
2025-10-18 04:07:24.978,106519.6,0.01502,1599.9243920000001
2025-10-18 04:07:25.167,106519.6,0.00127,135.27989200000002
2025-10-18 04:07:25.394,106519.59,0.09393,10005.385088699999
2025-10-18 04:07:25.961,106519.6,0.00011,11.717156000000001
2025-10-18 04:07:26.015,106519.6,0.00555,591.1837800000001
2025-10-18 04:07:26.018,106530.27,6e-05,6.3918162
2025-10-18 04:07:26.089,106530.27,0.00582,620.0061714
2025-10-18 04:07:26.090,106530.27,0.036,3835.08972
2025-10-18 04:07:26.192,106530.27,0.02008,2139.1278216
2025-10-18 04:07:26.498,106530.26,0.09392,10005.322019199999
2025-10-18 04:07:27.200,106530.27,8e-05,8.522421600000001
2025-10-18 04:07:27.582,106530.26,0.09392,10005.322019199999
2025-10-18 04:07:27.817,106530.27,0.016,1704.48432
2025-10-18 04:07:27.846,106530.27,0.012,1278.3632400000001
2025-10-18 04:07:28.319,106530.27,0.0007,74.571189
2025-10-18 04:07:28.657,106530.27,0.00011,11.718329700000002
2025-10-18 04:07:28.716,106530.26,0.09392,10005.322019199999
2025-10-18 04:07:29.398,106530.26,0.00016,17.0448416
2025-10-18 04:07:29.697,106530.27,0.0001,10.653027000000002
2025-10-18 04:07:29.802,106530.26,0.09392,10005.322019199999
2025-10-18 04:07:30.275,106530.27,0.00016,17.044843200000003
2025-10-18 04:07:30.843,106530.26,0.09392,10005.322019199999
2025-10-18 04:07:31.276,106530.27,0.028,2982.84756
2025-10-18 04:07:31.396,106530.26,0.01553,1654.4149378
2025-10-18 04:07:31.475,106530.27,0.00015,15.979540499999999
2025-10-18 04:07:31.477,106530.27,0.00055,58.591648500000005
2025-10-18 04:07:31.480,106530.26,0.00173,184.29734979999998
2025-10-18 04:07:31.934,106530.26,0.09392,10005.322019199999
2025-10-18 04:07:32.337,106530.27,0.00093,99.0731511
2025-10-18 04:07:32.562,106530.26,0.0003,31.959077999999995
2025-10-18 04:07:32.798,106530.27,0.016,1704.48432
2025-10-18 04:07:32.809,106530.27,0.012,1278.3632400000001
2025-10-18 04:07:32.815,106537.47,5e-05,5.3268735000000005
2025-10-18 04:07:32.916,106542.63,0.09391,10005.4183833
2025-10-18 04:07:33.115,106550.62,5e-05,5.3275310000000005
2025-10-18 04:07:33.719,106553.3,0.00014,14.917461999999999
2025-10-18 04:07:33.755,106553.3,0.01502,1600.430566
2025-10-18 04:07:33.822,106553.29,0.00235,250.4002315
2025-10-18 04:07:33.916,106553.29,0.0939,10005.353931
2025-10-18 04:07:33.917,106553.3,0.01502,1600.430566
2025-10-18 04:07:34.157,106553.3,0.0001,10.655330000000001
2025-10-18 04:07:34.265,106553.29,0.0267,2844.972843
2025-10-18 04:07:34.393,106553.29,0.02682,2857.7592378
2025-10-18 04:07:34.581,106553.3,0.028,2983.4924
2025-10-18 04:07:35.035,106553.29,0.0939,10005.353931
2025-10-18 04:07:36.018,106553.29,0.0939,10005.353931
2025-10-18 04:07:36.362,106553.3,0.00012,12.786396
2025-10-18 04:07:37.108,106553.29,0.0939,10005.353931
2025-10-18 04:07:38.043,106553.29,0.0939,10005.353931
2025-10-18 04:07:39.134,106553.29,0.0939,10005.353931
2025-10-18 04:07:39.270,106553.29,0.00059,62.866441099999996
2025-10-18 04:07:39.543,106553.29,0.0003,31.965986999999995
2025-10-18 04:07:39.811,106553.3,0.0001,10.655330000000001
2025-10-18 04:07:40.116,106553.29,0.0939,10005.353931
2025-10-18 04:07:40.153,106553.29,0.013,1385.1927699999999
2025-10-18 04:07:40.154,106553.29,0.013,1385.1927699999999
2025-10-18 04:07:40.155,106553.29,0.013,1385.1927699999999
2025-10-18 04:07:40.945,106553.29,0.04448,4739.4903392
2025-10-18 04:07:40.950,106553.29,0.013,1385.1927699999999
2025-10-18 04:07:40.951,106553.29,0.013,1385.1927699999999
2025-10-18 04:07:40.952,106553.29,0.013,1385.1927699999999
2025-10-18 04:07:41.028,106553.2,0.0011,117.20852000000001
2025-10-18 04:07:41.033,106551.29,0.00024,25.5723096
2025-10-18 04:07:41.035,106548.41,5e-05,5.327420500000001
2025-10-18 04:07:41.037,106544.0,0.013,1385.072
2025-10-18 04:07:41.216,106544.0,0.09391,10005.54704
2025-10-18 04:07:42.196,106544.0,0.09391,10005.54704
2025-10-18 04:07:42.198,106544.0,0.03197,3406.21168
2025-10-18 04:07:42.424,106544.0,0.00141,150.22704
2025-10-18 04:07:43.183,106543.99,0.09391,10005.5461009
2025-10-18 04:07:43.340,106543.99,0.00012,12.7852788
2025-10-18 04:07:43.763,106544.0,0.00093,99.08592
2025-10-18 04:07:44.169,106543.99,0.09391,10005.5461009
2025-10-18 04:07:44.412,106544.0,0.0002,21.3088
2025-10-18 04:07:44.459,106544.0,0.00328,349.46432
2025-10-18 04:07:44.905,106543.99,0.00213,226.9386987
2025-10-18 04:07:45.096,106543.99,0.00936,997.2517464000001
2025-10-18 04:07:45.317,106543.99,0.09391,10005.5461009
2025-10-18 04:07:45.396,106543.99,6e-05,6.3926394
2025-10-18 04:07:46.343,106543.99,0.09391,10005.5461009
2025-10-18 04:07:46.613,106543.99,0.00028,29.8323172
2025-10-18 04:07:47.489,106543.99,0.09391,10005.5461009
2025-10-18 04:07:47.590,106544.0,0.00011,11.71984
2025-10-18 04:07:48.523,106543.99,0.09391,10005.5461009
2025-10-18 04:07:48.792,106543.99,0.013,1385.07187
2025-10-18 04:07:49.016,106544.0,0.00016,17.047040000000003
2025-10-18 04:07:49.225,106543.99,0.013,1385.07187
2025-10-18 04:07:49.304,106543.99,0.005,532.71995
2025-10-18 04:07:49.609,106543.99,0.05887,6272.2446913
2025-10-18 04:07:49.813,106543.99,0.00294,313.2393306
2025-10-18 04:07:49.823,106544.0,0.00028,29.832319999999996
2025-10-18 04:07:50.363,106543.99,0.10703,11403.4032497
2025-10-18 04:07:50.385,106544.0,0.0917,9770.0848
2025-10-18 04:07:50.752,106543.99,0.09391,10005.5461009
2025-10-18 04:07:51.069,106544.0,0.03231,3442.43664
2025-10-18 04:07:51.210,106544.0,0.00047,50.07568
2025-10-18 04:07:51.717,106543.99,0.0939,10004.480661
2025-10-18 04:07:51.902,106544.0,0.00907,966.35408
2025-10-18 04:07:52.786,106544.0,0.00022,23.43968
2025-10-18 04:07:52.869,106544.0,0.00375,399.53999999999996
2025-10-18 04:07:52.917,106543.99,0.0939,10004.480661
2025-10-18 04:07:53.199,106544.0,0.00023,24.50512
2025-10-18 04:07:54.117,106543.99,0.0939,10004.480661
2025-10-18 04:07:54.183,106544.0,0.00012,12.78528
2025-10-18 04:07:55.306,106543.99,0.0939,10004.480661
2025-10-18 04:07:55.568,106544.0,9e-05,9.58896
2025-10-18 04:07:56.443,106543.99,0.0939,10004.480661
2025-10-18 04:07:56.468,106543.99,0.00012,12.7852788
2025-10-18 04:07:56.752,106544.0,0.00094,100.15136
2025-10-18 04:07:57.040,106544.0,0.00012,12.78528
2025-10-18 04:07:57.379,106543.99,0.0939,10004.480661
2025-10-18 04:07:57.707,106544.0,0.00052,55.402879999999996
2025-10-18 04:07:57.737,106544.0,0.00086,91.62783999999999
2025-10-18 04:07:57.818,106543.99,0.00012,12.7852788
2025-10-18 04:07:58.184,106543.99,0.00133,141.70350670000002
2025-10-18 04:07:58.248,106543.99,5e-05,5.327199500000001
2025-10-18 04:07:58.314,106543.99,0.0939,10004.480661
2025-10-18 04:07:58.385,106544.0,0.00012,12.78528
2025-10-18 04:07:58.782,106544.0,0.00082,87.36608
2025-10-18 04:07:58.981,106543.99,0.30783,32797.4364417
2025-10-18 04:07:59.045,106544.0,0.0006,63.926399999999994
2025-10-18 04:07:59.354,106543.99,0.0939,10004.480661
2025-10-18 04:07:59.394,106543.99,0.00012,12.7852788
2025-10-18 04:07:59.912,106544.0,0.00012,12.78528
2025-10-18 04:08:00.335,106543.99,0.00536,571.0757864000001
2025-10-18 04:08:00.375,106544.0,0.00216,230.13504
2025-10-18 04:08:00.444,106543.99,0.0939,10004.480661
2025-10-18 04:08:00.796,106544.0,7e-05,7.458079999999999
2025-10-18 04:08:00.917,106543.99,0.00012,12.7852788
2025-10-18 04:08:01.417,106543.99,0.0939,10004.480661
2025-10-18 04:08:01.543,106544.0,0.00012,12.78528
2025-10-18 04:08:01.769,106544.0,0.00011,11.71984
2025-10-18 04:08:02.359,106543.99,0.00106,112.9366294
2025-10-18 04:08:02.462,106543.99,0.0939,10004.480661
2025-10-18 04:08:02.526,106543.99,0.00012,12.7852788
2025-10-18 04:08:02.750,106544.0,0.00046,49.01024
2025-10-18 04:08:03.048,106544.0,0.00012,12.78528
2025-10-18 04:08:03.442,106543.99,0.03788,4035.8863412
2025-10-18 04:08:03.517,106543.99,0.0939,10004.480661
2025-10-18 04:08:03.919,106543.99,0.00012,12.7852788
2025-10-18 04:08:03.971,106544.0,0.0047,500.7568
2025-10-18 04:08:04.388,106544.0,0.00094,100.15136
2025-10-18 04:08:04.517,106543.99,0.0939,10004.480661
2025-10-18 04:08:04.607,106544.0,0.00012,12.78528
2025-10-18 04:08:05.428,106543.99,0.00012,12.7852788
2025-10-18 04:08:05.457,106544.0,0.00015,15.981599999999998
2025-10-18 04:08:05.470,106543.99,0.0939,10004.480661
2025-10-18 04:08:06.032,106544.0,0.00012,12.78528
2025-10-18 04:08:06.511,106543.99,0.0939,10004.480661
2025-10-18 04:08:06.632,106544.0,0.00015,15.981599999999998
2025-10-18 04:08:06.698,106544.0,4e-05,4.261760000000001
2025-10-18 04:08:06.943,106543.99,0.00012,12.7852788
2025-10-18 04:08:07.447,106543.99,0.0939,10004.480661
2025-10-18 04:08:07.466,106544.0,0.00012,12.78528
2025-10-18 04:08:08.487,106543.99,0.0939,10004.480661
2025-10-18 04:08:08.892,106544.0,0.00928,988.72832
2025-10-18 04:08:09.179,106544.0,0.00583,621.15152
2025-10-18 04:08:09.527,106543.99,0.0939,10004.480661
2025-10-18 04:08:09.779,106544.0,0.00046,49.01024
2025-10-18 04:08:10.374,106544.0,0.001,106.544
2025-10-18 04:08:10.615,106543.99,0.0939,10004.480661
2025-10-18 04:08:10.942,106544.0,0.00938,999.38272
2025-10-18 04:08:11.281,106544.0,0.00053,56.46832
2025-10-18 04:08:11.581,106544.0,0.0032,340.9408
2025-10-18 04:08:11.587,106544.0,0.02815,2999.2136
2025-10-18 04:08:11.604,106543.99,0.0939,10004.480661
2025-10-18 04:08:11.606,106543.99,0.00012,12.7852788
2025-10-18 04:08:11.617,106544.0,0.06859,7307.85296
2025-10-18 04:08:11.619,106544.1,0.00011,11.719851
2025-10-18 04:08:11.639,106547.76,0.00025,26.63694
2025-10-18 04:08:11.661,106550.88,0.01792,1909.3917695999999
2025-10-18 04:08:11.713,106551.25,6e-05,6.3930750000000005
2025-10-18 04:08:11.800,106551.95,0.017,1811.3831500000001
2025-10-18 04:08:11.865,106551.94,0.04688,4995.1549472
2025-10-18 04:08:12.086,106551.95,0.00059,62.8656505
2025-10-18 04:08:12.616,106551.94,0.0939,10005.227166
2025-10-18 04:08:12.677,106551.95,0.028,2983.4546
2025-10-18 04:08:12.734,106551.95,0.00018,19.179351
2025-10-18 04:08:12.792,106551.94,0.00026,27.7035044
2025-10-18 04:08:13.298,106551.95,4e-05,4.262078
2025-10-18 04:08:13.617,106551.94,0.0939,10005.227166
2025-10-18 04:08:13.675,106551.95,0.013,1385.17535
2025-10-18 04:08:14.370,106551.95,0.00087,92.7001965
2025-10-18 04:08:14.663,106551.94,0.0939,10005.227166
2025-10-18 04:08:14.787,106551.95,0.00082,87.372599
2025-10-18 04:08:14.788,106551.95,0.00092,98.027794
2025-10-18 04:08:14.790,106551.95,0.00092,98.027794
2025-10-18 04:08:14.816,106551.95,0.0105,1118.7954750000001
2025-10-18 04:08:14.835,106551.95,0.00146,155.565847
2025-10-18 04:08:14.853,106553.3,0.00459,489.079647
2025-10-18 04:08:14.855,106553.62,0.0001,10.655362
2025-10-18 04:08:14.856,106553.76,5e-05,5.327688
2025-10-18 04:08:14.857,106554.0,0.00035,37.2939
2025-10-18 04:08:14.859,106555.22,0.0001,10.655522000000001
2025-10-18 04:08:14.860,106556.19,0.0003,31.966856999999997
2025-10-18 04:08:14.861,106557.29,0.03053,3253.1940637
2025-10-18 04:08:14.862,106557.75,0.00021,22.3771275
2025-10-18 04:08:14.863,106558.34,0.00568,605.2513712
2025-10-18 04:08:14.864,106559.79,0.00015,15.983968499999998
2025-10-18 04:08:14.867,106562.6,0.0054,575.4380400000001
2025-10-18 04:08:14.869,106562.6,0.0023,245.09398000000002
2025-10-18 04:08:14.870,106562.6,0.028,2983.7528
2025-10-18 04:08:14.871,106562.6,0.04843,5160.826718
2025-10-18 04:08:15.151,106562.59,6e-05,6.3937554
2025-10-18 04:08:15.732,106562.6,0.00159,169.434534
2025-10-18 04:08:15.743,106562.59,0.0939,10006.227201
2025-10-18 04:08:15.832,106562.59,0.00022,23.4437698
2025-10-18 04:08:15.924,106562.59,0.00033,35.1656547
2025-10-18 04:08:16.475,106562.6,0.00019,20.246894
2025-10-18 04:08:16.533,106562.6,0.0001,10.656260000000001
2025-10-18 04:08:16.632,106562.6,8e-05,8.525008000000001
2025-10-18 04:08:16.681,106562.6,0.00015,15.98439
2025-10-18 04:08:16.719,106562.59,0.0939,10006.227201
2025-10-18 04:08:16.737,106562.6,0.00016,17.050016000000003
2025-10-18 04:08:16.837,106562.6,8e-05,8.525008000000001
2025-10-18 04:08:17.137,106562.6,0.00091,96.97196600000001
2025-10-18 04:08:17.502,106562.6,0.00017,18.115642
2025-10-18 04:08:17.547,106562.6,0.0001,10.656260000000001
2025-10-18 04:08:17.626,106562.59,5e-05,5.3281295
2025-10-18 04:08:17.627,106562.6,0.00012,12.787512000000001
2025-10-18 04:08:17.632,106562.6,0.00057,60.740682
2025-10-18 04:08:17.685,106562.6,0.00188,200.337688
2025-10-18 04:08:17.767,106562.59,0.0939,10006.227201
2025-10-18 04:08:17.824,106562.6,6e-05,6.393756000000001
2025-10-18 04:08:17.982,106562.59,5e-05,5.3281295
2025-10-18 04:08:18.113,106562.6,0.00015,15.98439
2025-10-18 04:08:18.234,106562.6,0.0001,10.656260000000001
2025-10-18 04:08:18.517,106562.6,0.0001,10.656260000000001
2025-10-18 04:08:18.781,106562.59,8e-05,8.525007200000001
2025-10-18 04:08:18.903,106562.6,0.03,3196.878
2025-10-18 04:08:18.991,106562.6,9e-05,9.590634000000001
2025-10-18 04:08:19.014,106562.59,8e-05,8.525007200000001
2025-10-18 04:08:19.016,106562.59,0.0939,10006.227201
2025-10-18 04:08:19.483,106562.6,0.00021,22.378146
2025-10-18 04:08:19.690,106562.6,0.00131,139.597006
2025-10-18 04:08:19.697,106562.6,0.00541,576.5036660000001
2025-10-18 04:08:19.720,106562.6,0.028,2983.7528
2025-10-18 04:08:19.815,106567.5,6e-05,6.39405
2025-10-18 04:08:19.837,106571.61,0.028,2984.00508
2025-10-18 04:08:19.942,106571.6,0.00803,855.7699480000001
2025-10-18 04:08:20.045,106571.6,0.09389,10006.007524
2025-10-18 04:08:20.147,106571.61,0.03794,4043.3268834
2025-10-18 04:08:20.294,106571.61,0.00735,783.3013334999999
2025-10-18 04:08:20.537,106571.6,0.01,1065.7160000000001
2025-10-18 04:08:20.876,106571.61,0.00328,349.5548808
2025-10-18 04:08:21.161,106571.61,0.00094,100.1773134
2025-10-18 04:08:21.180,106571.6,0.09388,10004.941808000001
2025-10-18 04:08:21.410,106571.61,0.0001,10.657161
2025-10-18 04:08:22.269,106571.6,0.09388,10004.941808000001
2025-10-18 04:08:22.444,106571.6,0.00012,12.788592000000001
2025-10-18 04:08:22.807,106571.61,0.0001,10.657161
2025-10-18 04:08:22.918,106571.6,0.013,1385.4308
2025-10-18 04:08:22.919,106571.6,0.013,1385.4308
2025-10-18 04:08:22.924,106571.6,0.013,1385.4308
2025-10-18 04:08:23.053,106571.6,0.001,106.5716
2025-10-18 04:08:23.286,106571.6,0.09389,10006.007524
2025-10-18 04:08:23.437,106571.6,9e-05,9.591444000000001
2025-10-18 04:08:23.457,106570.57,0.22447,23921.895847900003
2025-10-18 04:08:23.459,106570.52,0.0001,10.657052
2025-10-18 04:08:23.463,106568.28,0.0009,95.911452
2025-10-18 04:08:23.468,106564.25,6e-05,6.393855
2025-10-18 04:08:23.515,106561.62,0.00396,421.9840152
2025-10-18 04:08:24.033,106560.96,6e-05,6.393657600000001
2025-10-18 04:08:24.290,106560.95,0.0939,10006.073204999999
2025-10-18 04:08:24.927,106560.95,0.00024,25.574628
2025-10-18 04:08:25.170,106560.96,7e-05,7.4592672
2025-10-18 04:08:25.316,106560.95,0.0939,10006.073204999999
2025-10-18 04:08:25.719,106560.96,0.00121,128.9387616
2025-10-18 04:08:26.133,106560.96,0.00145,154.513392
2025-10-18 04:08:26.351,106560.95,0.0939,10006.073204999999
2025-10-18 04:08:27.292,106560.95,0.00368,392.144296
2025-10-18 04:08:27.416,106560.95,0.0939,10006.073204999999
2025-10-18 04:08:28.088,106560.96,0.00082,87.3799872
2025-10-18 04:08:28.184,106560.96,0.00028,29.8370688
2025-10-18 04:08:28.203,106560.95,7e-05,7.459266499999999
2025-10-18 04:08:28.417,106560.95,0.0939,10006.073204999999
2025-10-18 04:08:28.622,106560.95,0.001,106.56095
2025-10-18 04:08:28.623,106560.95,0.001,106.56095
2025-10-18 04:08:28.975,106560.96,0.20624,21977.132390400002
2025-10-18 04:08:28.976,106560.96,0.02498,2661.8927808
2025-10-18 04:08:28.977,106560.96,0.06347,6763.4241312
2025-10-18 04:08:28.992,106560.97,0.00035,37.2963395
2025-10-18 04:08:29.002,106562.34,5e-05,5.328117
2025-10-18 04:08:29.036,106562.6,0.0001,10.656260000000001
2025-10-18 04:08:29.045,106571.44,5e-05,5.328572
2025-10-18 04:08:29.230,106571.61,0.0032,341.029152
2025-10-18 04:08:29.260,106571.61,0.01502,1600.7055822
2025-10-18 04:08:29.265,106571.61,0.01502,1600.7055822
2025-10-18 04:08:29.331,106571.61,5e-05,5.3285805
2025-10-18 04:08:29.333,106571.61,0.01502,1600.7055822
2025-10-18 04:08:29.367,106571.61,0.0004,42.628644
2025-10-18 04:08:29.513,106571.6,0.09388,10004.941808000001
2025-10-18 04:08:29.578,106571.61,0.00012,12.788593200000001
2025-10-18 04:08:30.360,106571.6,0.00084,89.520144
2025-10-18 04:08:30.646,106571.6,0.09388,10004.941808000001
2025-10-18 04:08:31.503,106571.6,9e-05,9.591444000000001
2025-10-18 04:08:31.893,106571.6,0.09388,10004.941808000001
2025-10-18 04:08:32.385,106571.61,0.00011,11.7228771
2025-10-18 04:08:32.436,106571.61,0.24862,26495.8336782
2025-10-18 04:08:32.494,106571.61,0.028,2984.00508
2025-10-18 04:08:32.822,106571.61,0.00916,976.1959476
2025-10-18 04:08:32.917,106571.6,0.09388,10004.941808000001
2025-10-18 04:08:33.460,106566.27,0.0006,63.939761999999995
2025-10-18 04:08:33.467,106565.24,0.03207,3417.5472468000003
2025-10-18 04:08:33.591,106565.1,0.00078,83.120778
2025-10-18 04:08:33.592,106565.1,0.00012,12.787812
2025-10-18 04:08:33.615,106562.64,0.00421,448.62871440000004
2025-10-18 04:08:33.953,106562.63,0.09389,10005.1653307
2025-10-18 04:08:34.441,106562.64,0.00035,37.296924
2025-10-18 04:08:34.644,106562.64,0.00098,104.43138719999999
2025-10-18 04:08:35.044,106562.63,0.09389,10005.1653307
2025-10-18 04:08:35.174,106562.64,0.00082,87.3813648
2025-10-18 04:08:36.070,106562.64,0.0007,74.593848
2025-10-18 04:08:36.079,106562.63,0.09389,10005.1653307
2025-10-18 04:08:36.323,106562.64,5e-05,5.328132
2025-10-18 04:08:36.414,106562.63,0.00234,249.3565542
2025-10-18 04:08:36.428,106562.63,9e-05,9.590636700000001
2025-10-18 04:08:36.657,106562.63,0.01093,1164.7295459000002
2025-10-18 04:08:37.118,106562.63,0.09389,10005.1653307
2025-10-18 04:08:38.021,106562.64,0.00546,581.8320143999999
2025-10-18 04:08:38.206,106562.63,0.09389,10005.1653307
2025-10-18 04:08:38.275,106562.64,0.00082,87.3813648
2025-10-18 04:08:39.195,106562.63,0.09389,10005.1653307
2025-10-18 04:08:39.817,106562.63,0.00012,12.7875156
2025-10-18 04:08:40.235,106562.63,0.09389,10005.1653307
2025-10-18 04:08:40.787,106562.64,0.00082,87.3813648
2025-10-18 04:08:41.154,106562.63,0.0309,3292.785267
2025-10-18 04:08:41.274,106562.63,0.09389,10005.1653307
2025-10-18 04:08:41.460,106562.63,0.00066,70.3313358
2025-10-18 04:08:41.524,106562.64,0.00328,349.5254592
2025-10-18 04:08:41.722,106562.64,0.0002,21.312528
2025-10-18 04:08:42.417,106562.63,0.09389,10005.1653307
2025-10-18 04:08:42.920,106562.63,0.00026,27.706283799999998
2025-10-18 04:08:43.406,106562.63,0.09389,10005.1653307
2025-10-18 04:08:44.443,106562.63,0.09389,10005.1653307
2025-10-18 04:08:44.985,106562.64,0.00094,100.16888159999999
2025-10-18 04:08:45.092,106562.64,0.00014,14.9187696
2025-10-18 04:08:45.273,106562.64,0.00656,699.0509184
2025-10-18 04:08:45.517,106562.63,0.09389,10005.1653307
2025-10-18 04:08:46.101,106562.64,0.0001,10.656264
2025-10-18 04:08:46.367,106562.64,0.00079,84.1844856
2025-10-18 04:08:46.517,106562.63,0.09389,10005.1653307
2025-10-18 04:08:46.930,106562.63,0.00938,999.5574694
2025-10-18 04:08:46.934,106562.63,0.0465,4955.162295
2025-10-18 04:08:46.937,106561.51,0.00015,15.984226499999998
2025-10-18 04:08:46.939,106556.96,0.00015,15.983544
2025-10-18 04:08:46.941,106553.03,0.00015,15.982954499999998
2025-10-18 04:08:46.946,106550.21,0.00645,687.2488545
2025-10-18 04:08:46.951,106550.21,0.00315,335.6331615
2025-10-18 04:08:46.955,106550.21,0.03855,4107.5105955
2025-10-18 04:08:46.962,106549.27,0.0001,10.654927
2025-10-18 04:08:46.965,106549.15,0.00106,112.94209899999998
2025-10-18 04:08:46.967,106549.15,0.02893,3082.4669095
2025-10-18 04:08:46.968,106549.15,7e-05,7.458440499999999
2025-10-18 04:08:46.971,106549.1,0.01446,1540.699986
2025-10-18 04:08:46.974,106549.11,0.02975,3169.8360224999997
2025-10-18 04:08:46.985,106549.1,0.00783,834.2794530000001
2025-10-18 04:08:47.003,106543.99,0.01129,1202.8816471
2025-10-18 04:08:47.026,106543.99,0.00103,109.74030970000001
2025-10-18 04:08:47.027,106543.8,0.00973,1036.671174
2025-10-18 04:08:47.040,106543.8,0.00685,729.8250300000001
2025-10-18 04:08:47.076,106543.8,0.013,1385.0694
2025-10-18 04:08:47.224,106545.05,0.00012,12.785406
2025-10-18 04:08:47.308,106545.04,0.01161,1236.9879144
2025-10-18 04:08:47.658,106545.04,0.09391,10005.644706399999
2025-10-18 04:08:47.763,106545.04,0.013,1385.0855199999999
2025-10-18 04:08:48.196,106545.05,0.00371,395.28213550000004
2025-10-18 04:08:48.441,106545.05,0.00264,281.278932
2025-10-18 04:08:48.885,106545.04,0.00019,20.2435576
2025-10-18 04:08:48.890,106545.04,0.09391,10005.644706399999
2025-10-18 04:08:49.656,106545.04,0.00012,12.7854048
2025-10-18 04:08:49.927,106545.04,0.09391,10005.644706399999
2025-10-18 04:08:50.123,106545.05,0.00015,15.981757499999999
2025-10-18 04:08:50.303,106545.05,0.00012,12.785406
2025-10-18 04:08:50.406,106545.04,0.00439,467.7327255999999
2025-10-18 04:08:50.811,106545.05,0.00093,99.08689650000001
2025-10-18 04:08:50.873,106545.04,0.02747,2926.7922488
2025-10-18 04:08:51.018,106545.04,0.09391,10005.644706399999
2025-10-18 04:08:51.450,106545.05,5e-05,5.3272525
2025-10-18 04:08:51.730,106545.05,0.00012,12.785406
2025-10-18 04:08:51.783,106545.05,0.00099,105.4795995
2025-10-18 04:08:51.999,106545.04,0.09391,10005.644706399999
2025-10-18 04:08:52.661,106545.04,5e-05,5.327252
2025-10-18 04:08:53.085,106545.04,0.09391,10005.644706399999
2025-10-18 04:08:53.326,106545.05,0.00012,12.785406
2025-10-18 04:08:53.721,106545.04,0.37828,40303.8577312
2025-10-18 04:08:54.017,106545.04,0.09391,10005.644706399999
2025-10-18 04:08:54.097,106545.05,6e-05,6.392703
2025-10-18 04:08:54.499,106545.05,0.00042,44.748921
2025-10-18 04:08:54.809,106545.05,0.00012,12.785406
2025-10-18 04:08:55.111,106545.04,0.09391,10005.644706399999
2025-10-18 04:08:55.182,106545.04,0.013,1385.0855199999999
2025-10-18 04:08:55.183,106545.04,0.013,1385.0855199999999
2025-10-18 04:08:56.299,106545.04,0.09391,10005.644706399999
2025-10-18 04:08:56.341,106545.05,0.00012,12.785406
2025-10-18 04:08:57.480,106545.04,0.09391,10005.644706399999
2025-10-18 04:08:57.782,106545.05,0.00012,12.785406
2025-10-18 04:08:58.430,106545.04,0.09391,10005.644706399999
2025-10-18 04:08:58.487,106545.05,0.028,2983.2614000000003
2025-10-18 04:08:59.210,106545.05,0.00029,30.8980645
2025-10-18 04:08:59.290,106545.05,0.00012,12.785406
2025-10-18 04:08:59.371,106545.05,0.00938,999.392569
2025-10-18 04:08:59.611,106545.04,0.09391,10005.644706399999
2025-10-18 04:09:00.717,106545.04,0.09391,10005.644706399999
2025-10-18 04:09:00.840,106545.05,0.00012,12.785406
2025-10-18 04:09:00.911,106545.05,0.0001,10.654505
2025-10-18 04:09:01.024,106545.04,0.00492,524.2015968
2025-10-18 04:09:01.218,106545.05,0.00013,13.850856499999999
2025-10-18 04:09:01.944,106545.04,0.013,1385.0855199999999
2025-10-18 04:09:01.947,106545.04,0.09391,10005.644706399999
2025-10-18 04:09:01.981,106545.04,0.00028,29.832611199999995
2025-10-18 04:09:02.104,106545.04,0.013,1385.0855199999999
2025-10-18 04:09:02.106,106545.04,0.013,1385.0855199999999
2025-10-18 04:09:02.365,106545.05,0.00082,87.366941
2025-10-18 04:09:02.626,106545.05,0.0051,543.379755
2025-10-18 04:09:02.917,106545.04,0.09391,10005.644706399999
2025-10-18 04:09:02.951,106545.05,0.0056,596.65228
2025-10-18 04:09:02.955,106545.05,0.02822,3006.701311
2025-10-18 04:09:02.956,106545.05,0.24097,25674.1606985
2025-10-18 04:09:02.960,106545.05,0.01704,1815.527652
2025-10-18 04:09:02.987,106545.05,0.06633,7067.1331665
2025-10-18 04:09:02.988,106545.06,0.003,319.63518
2025-10-18 04:09:02.991,106546.25,5e-05,5.327312500000001
2025-10-18 04:09:03.007,106549.31,0.00201,214.1641131
2025-10-18 04:09:03.010,106551.27,0.00015,15.982690499999999
2025-10-18 04:09:03.016,106559.96,0.00149,158.7743404
2025-10-18 04:09:03.165,106562.64,0.00011,11.7218904
2025-10-18 04:09:03.187,106562.64,0.00928,988.9012992
2025-10-18 04:09:03.371,106562.63,6e-05,6.3937578
2025-10-18 04:09:03.377,106562.64,0.054,5754.38256
2025-10-18 04:09:03.760,106562.64,0.09385,10000.903764
2025-10-18 04:09:03.859,106562.63,0.09389,10005.1653307
2025-10-18 04:09:04.024,106562.63,5e-05,5.3281315000000005
2025-10-18 04:09:04.076,106562.64,0.00063,67.1344632
2025-10-18 04:09:04.280,106562.63,0.0005,53.281315000000006
2025-10-18 04:09:04.284,106562.64,0.01478,1574.9958192
2025-10-18 04:09:04.513,106562.64,0.00672,716.1009408
2025-10-18 04:09:04.892,106562.63,0.09389,10005.1653307
2025-10-18 04:09:05.917,106562.63,0.09389,10005.1653307
2025-10-18 04:09:06.745,106562.63,0.00047,50.0844361
2025-10-18 04:09:06.775,106562.64,0.00376,400.67552639999997
2025-10-18 04:09:07.117,106562.63,0.09389,10005.1653307
2025-10-18 04:09:08.011,106562.64,6e-05,6.3937584
2025-10-18 04:09:08.418,106562.63,0.09389,10005.1653307
2025-10-18 04:09:09.471,106562.64,0.01304,1389.5768256
2025-10-18 04:09:09.511,106562.63,0.09389,10005.1653307
2025-10-18 04:09:10.080,106562.64,0.02,2131.2528
2025-10-18 04:09:10.594,106562.63,0.03225,3436.6448175
2025-10-18 04:09:11.422,106562.64,0.00432,460.3506048
2025-10-18 04:09:13.002,106562.64,0.01,1065.6264
2025-10-18 04:09:13.208,106562.64,0.00014,14.9187696
2025-10-18 04:09:13.340,106562.64,0.00333,354.8535912
2025-10-18 04:09:13.870,106562.63,7e-05,7.459384099999999
2025-10-18 04:09:14.312,106562.64,5e-05,5.328132
2025-10-18 04:09:14.648,106562.64,8e-05,8.5250112
2025-10-18 04:09:14.656,106562.64,0.10145,10810.779828
2025-10-18 04:09:15.403,106562.64,0.00012,12.7875168
2025-10-18 04:09:15.468,106562.63,0.00057,60.7406991
2025-10-18 04:09:15.762,106562.63,0.00055,58.609446500000004
2025-10-18 04:09:15.895,106562.64,0.00642,684.1321488
2025-10-18 04:09:15.898,106562.64,0.00608,647.9008512
2025-10-18 04:09:16.110,106562.64,0.0061,650.032104
2025-10-18 04:09:16.124,106562.64,0.00517,550.9288488
2025-10-18 04:09:16.234,106562.63,0.0001,10.656263000000001
2025-10-18 04:09:16.353,106562.64,0.00954,1016.6075856
2025-10-18 04:09:16.582,106562.64,0.01147,1222.2734808
2025-10-18 04:09:16.766,106562.64,0.04278,4558.7497392
2025-10-18 04:09:16.773,106564.51,0.00166,176.8970866
2025-10-18 04:09:17.054,106565.56,0.00397,423.0652731999999
2025-10-18 04:09:17.187,106565.56,0.01,1065.6556
2025-10-18 04:09:18.188,106565.56,0.00275,293.05528999999996
2025-10-18 04:09:18.280,106566.41,0.01502,1600.6274782
2025-10-18 04:09:18.281,106566.41,0.01502,1600.6274782
2025-10-18 04:09:18.814,106567.5,6e-05,6.39405
2025-10-18 04:09:18.887,106569.03,0.002,213.13806
2025-10-18 04:09:19.115,106576.04,0.00015,15.986405999999997
2025-10-18 04:09:19.118,106579.72,6e-05,6.3947832
2025-10-18 04:09:19.177,106579.72,0.02812,2997.0217264
2025-10-18 04:09:19.766,106579.71,9e-05,9.5921739
2025-10-18 04:09:19.997,106579.72,8e-05,8.5263776
2025-10-18 04:09:20.654,106579.71,0.3955,42152.275305
2025-10-18 04:09:20.655,106579.71,0.1016,10828.498536000001
2025-10-18 04:09:20.656,106579.71,0.02609,2780.6646339
2025-10-18 04:09:20.657,106579.44,0.0001,10.657944
2025-10-18 04:09:20.658,106578.66,0.00087,92.7234342
2025-10-18 04:09:20.659,106575.45,0.0039,415.644255
2025-10-18 04:09:20.678,106573.99,0.0002,21.314798000000003
2025-10-18 04:09:20.679,106573.32,0.00568,605.3364576
2025-10-18 04:09:20.684,106571.44,5e-05,5.328572
2025-10-18 04:09:20.689,106571.71,5e-05,5.328585500000001
2025-10-18 04:09:20.704,106571.72,0.02825,3010.6510900000003
2025-10-18 04:09:20.705,106571.72,0.00242,257.9035624
2025-10-18 04:09:20.720,106571.71,5e-05,5.328585500000001
2025-10-18 04:09:20.734,106570.75,0.00021,22.3798575
2025-10-18 04:09:20.748,106569.05,0.0001,10.656905
2025-10-18 04:09:20.752,106565.56,0.00015,15.984833999999998
2025-10-18 04:09:20.824,106564.49,0.00015,15.9846735
2025-10-18 04:09:20.827,106562.19,0.00015,15.984328499999998
2025-10-18 04:09:20.858,106557.64,0.00015,15.983645999999998
2025-10-18 04:09:20.861,106557.63,0.013,1385.24919
2025-10-18 04:09:20.875,106557.63,0.013,1385.24919
2025-10-18 04:09:20.934,106555.95,0.0001,10.655595
2025-10-18 04:09:21.268,106554.5,0.00091,96.964595
2025-10-18 04:09:21.376,106553.43,0.0001,10.655343
2025-10-18 04:09:21.382,106550.73,0.0001,10.655073
2025-10-18 04:09:21.752,106550.0,0.00025,26.6375
2025-10-18 04:09:21.765,106550.01,0.00187,199.24851869999998
2025-10-18 04:09:21.943,106550.01,0.00064,68.1920064
2025-10-18 04:09:22.140,106550.0,0.00019,20.244500000000002
2025-10-18 04:09:22.191,106550.01,0.00082,87.37100819999999
2025-10-18 04:09:22.499,106550.01,0.01216,1295.6481216
2025-10-18 04:09:23.217,106550.0,0.00012,12.786
2025-10-18 04:09:23.720,106550.0,8e-05,8.524000000000001
2025-10-18 04:09:24.483,106550.0,0.0939,10005.045
2025-10-18 04:09:24.553,106550.01,0.24024,25597.5744024
2025-10-18 04:09:24.583,106550.02,0.00786,837.4831572
2025-10-18 04:09:24.586,106550.09,0.00092,98.0260828
2025-10-18 04:09:24.615,106552.27,0.0001,10.655227000000002
2025-10-18 04:09:24.616,106558.81,0.0001,10.655881
2025-10-18 04:09:25.009,106565.55,0.00938,999.5848589999999
2025-10-18 04:09:25.482,106565.55,0.00027,28.7726985
2025-10-18 04:09:25.519,106565.54,0.09389,10005.4385506
2025-10-18 04:09:25.961,106565.55,6e-05,6.3939330000000005
2025-10-18 04:09:26.611,106565.54,0.09389,10005.4385506
2025-10-18 04:09:26.743,106565.55,0.0001,10.656555
2025-10-18 04:09:27.617,106565.54,0.09389,10005.4385506
2025-10-18 04:09:27.640,106565.55,0.00097,103.36858350000001
2025-10-18 04:09:27.995,106565.54,7e-05,7.459587799999999
2025-10-18 04:09:28.254,106565.55,0.00023,24.5100765
2025-10-18 04:09:28.348,106565.55,5e-05,5.3282775
2025-10-18 04:09:28.524,106565.55,0.00147,156.6513585
2025-10-18 04:09:28.616,106565.54,0.09389,10005.4385506
2025-10-18 04:09:29.082,106565.54,0.01083,1154.1047981999998
2025-10-18 04:09:29.392,106565.53,0.00246,262.1512038
2025-10-18 04:09:29.449,106565.54,7e-05,7.459587799999999
2025-10-18 04:09:29.525,106565.54,0.00615,655.378071
2025-10-18 04:09:29.565,106565.53,0.09389,10005.4376117
2025-10-18 04:09:30.002,106561.27,0.0039,415.588953
2025-10-18 04:09:30.009,106561.28,0.03682,3923.5863295999998
2025-10-18 04:09:30.021,106561.27,0.0007,74.592889
2025-10-18 04:09:30.455,106559.15,0.00056,59.673123999999994
2025-10-18 04:09:30.491,106559.14,0.0939,10005.903246
2025-10-18 04:09:30.577,106559.15,0.00187,199.26561049999998
2025-10-18 04:09:30.623,106559.15,0.00094,100.165601
2025-10-18 04:09:31.115,106559.15,0.00469,499.7624134999999
2025-10-18 04:09:31.485,106559.14,0.01158,1233.9548412
2025-10-18 04:09:31.497,106559.14,0.00269,286.64408660000004
2025-10-18 04:09:31.583,106558.54,0.0939,10005.846905999999
2025-10-18 04:09:31.827,106558.54,0.00467,497.62838179999994
2025-10-18 04:09:32.227,106558.55,9e-05,9.590269500000002
2025-10-18 04:09:32.449,106558.55,0.0005,53.279275000000005
2025-10-18 04:09:32.582,106558.55,0.00535,570.0882425
2025-10-18 04:09:32.645,106558.55,0.00135,143.85404250000002
2025-10-18 04:09:32.716,106558.54,0.0939,10005.846905999999
2025-10-18 04:09:33.544,106558.55,0.00023,24.5084665
2025-10-18 04:09:33.707,106558.54,0.0939,10005.846905999999
2025-10-18 04:09:34.895,106558.54,0.0939,10005.846905999999
2025-10-18 04:09:35.621,106558.54,0.002,213.11708
2025-10-18 04:09:35.917,106558.54,0.0939,10005.846905999999
2025-10-18 04:09:36.083,106558.54,0.013,1385.26102
2025-10-18 04:09:36.084,106558.54,0.013,1385.26102
2025-10-18 04:09:36.086,106558.54,0.013,1385.26102
2025-10-18 04:09:36.590,106558.54,0.00143,152.3787122
2025-10-18 04:09:37.027,106558.54,0.0939,10005.846905999999
2025-10-18 04:09:37.169,106558.55,4e-05,4.262342
2025-10-18 04:09:37.224,106558.54,0.00197,209.92032379999998
2025-10-18 04:09:37.383,106558.54,0.00054,57.541611599999996
2025-10-18 04:09:38.119,106558.54,0.0939,10005.846905999999
2025-10-18 04:09:38.883,106558.54,0.00016,17.0493664
2025-10-18 04:09:39.103,106558.54,0.0939,10005.846905999999
2025-10-18 04:09:39.479,106558.55,0.0028,298.36394
2025-10-18 04:09:40.185,106558.55,0.0003,31.967564999999997
2025-10-18 04:09:40.245,106558.54,0.0939,10005.846905999999
2025-10-18 04:09:40.687,106558.55,0.00287,305.82303850000005
2025-10-18 04:09:41.217,106558.54,0.0939,10005.846905999999
2025-10-18 04:09:42.089,106558.54,0.02,2131.1708
2025-10-18 04:09:42.131,106558.54,0.0108,1150.832232
2025-10-18 04:09:42.268,106558.54,0.0939,10005.846905999999
2025-10-18 04:09:42.488,106558.55,0.00029,30.9019795
2025-10-18 04:09:43.262,106558.54,6e-05,6.3935124
2025-10-18 04:09:43.451,106558.54,0.04125,4395.539775
2025-10-18 04:09:43.829,106558.54,0.00543,578.6128722
2025-10-18 04:09:43.830,106558.53,0.013,1385.26089
2025-10-18 04:09:43.831,106558.53,0.00454,483.77572619999995
2025-10-18 04:09:43.837,106558.13,0.00015,15.9837195
2025-10-18 04:09:44.302,106558.13,0.00046,49.0167398
2025-10-18 04:09:44.367,106558.12,0.03501,3730.5997811999996
2025-10-18 04:09:44.368,106557.75,0.0001,10.655775
2025-10-18 04:09:44.369,106554.88,0.00752,801.2926976
2025-10-18 04:09:44.371,106554.89,0.02854,3041.0765606
2025-10-18 04:09:44.374,106554.88,0.00119,126.80030720000002
2025-10-18 04:09:44.378,106552.14,0.0002,21.310428
2025-10-18 04:09:44.380,106549.55,0.01295,1379.8166725
2025-10-18 04:09:44.417,106550.43,0.00257,273.8346051
2025-10-18 04:09:44.515,106550.43,0.00138,147.03959339999997
2025-10-18 04:09:44.643,106549.38,0.00025,26.637345000000003
2025-10-18 04:09:45.418,106549.37,0.0939,10004.985842999999
2025-10-18 04:09:45.967,106549.38,0.00082,87.37049160000001
2025-10-18 04:09:45.975,106549.37,0.00052,55.40567239999999
2025-10-18 04:09:46.286,106549.38,0.00034,36.226789200000006
2025-10-18 04:09:46.312,106549.37,0.013,1385.1418099999999
2025-10-18 04:09:46.315,106549.37,0.013,1385.1418099999999
2025-10-18 04:09:46.416,106549.37,0.0939,10004.985842999999
2025-10-18 04:09:46.563,106549.38,0.00159,169.4135142
2025-10-18 04:09:46.778,106549.38,0.00032,34.0958016
2025-10-18 04:09:46.781,106549.38,0.00032,34.0958016
2025-10-18 04:09:47.197,106549.37,8e-05,8.5239496
2025-10-18 04:09:47.237,106549.38,0.00938,999.4331844
2025-10-18 04:09:47.551,106549.37,0.0939,10004.985842999999
2025-10-18 04:09:47.580,106549.38,0.00022,23.4408636
2025-10-18 04:09:47.617,106549.37,0.0001,10.654937
2025-10-18 04:09:47.695,106549.38,0.00064,68.1916032
2025-10-18 04:09:47.816,106549.37,0.00087,92.69795189999999
2025-10-18 04:09:48.517,106549.37,0.0939,10004.985842999999
2025-10-18 04:09:48.573,106549.38,0.00062,66.0606156
2025-10-18 04:09:48.746,106549.37,0.00021,22.375367699999998
2025-10-18 04:09:48.844,106549.38,0.00365,388.905237
2025-10-18 04:09:49.635,106549.37,0.0939,10004.985842999999
2025-10-18 04:09:49.637,106549.38,0.2541,27074.197458
2025-10-18 04:09:49.641,106549.38,0.23852,25414.158117600004
2025-10-18 04:09:49.666,106549.38,0.00082,87.37049160000001
2025-10-18 04:09:49.699,106549.38,0.0001,10.654938000000001
2025-10-18 04:09:49.707,106549.38,0.028,2983.3826400000003
2025-10-18 04:09:49.715,106557.85,0.00015,15.983677499999999
2025-10-18 04:09:49.882,106560.04,0.00013,13.852805199999999
2025-10-18 04:09:50.401,106560.03,5e-05,5.3280015
2025-10-18 04:09:50.470,106560.03,0.00017,18.1152051
2025-10-18 04:09:50.658,106560.03,0.0939,10005.986816999999
2025-10-18 04:09:51.035,106560.04,0.0042,447.55216799999994
2025-10-18 04:09:51.695,106560.03,0.00402,428.3713206
2025-10-18 04:09:51.761,106560.04,0.00013,13.852805199999999
2025-10-18 04:09:52.570,106560.04,0.0008,85.248032
2025-10-18 04:09:52.693,106560.03,0.005,532.80015
2025-10-18 04:09:52.735,106560.03,0.0939,10005.986816999999
2025-10-18 04:09:53.153,106560.04,6e-05,6.3936024
2025-10-18 04:09:53.883,106560.03,0.0939,10005.986816999999
2025-10-18 04:09:54.363,106560.03,0.0084,895.104252
2025-10-18 04:09:54.637,106560.04,0.00022,23.4432088
2025-10-18 04:09:54.872,106560.03,0.0939,10005.986816999999
2025-10-18 04:09:55.482,106560.03,7e-05,7.459202099999999
2025-10-18 04:09:56.015,106560.03,0.0939,10005.986816999999
2025-10-18 04:09:56.310,106560.03,6e-05,6.3936018
2025-10-18 04:09:56.746,106560.04,6e-05,6.3936024
2025-10-18 04:09:56.899,106560.04,0.00019,20.2464076
2025-10-18 04:09:56.931,106560.04,0.00078,83.1168312
2025-10-18 04:09:57.255,106560.03,0.0939,10005.986816999999
2025-10-18 04:09:57.268,106560.03,0.00375,399.60011249999997
2025-10-18 04:09:58.347,106560.03,0.0939,10005.986816999999
2025-10-18 04:09:58.805,106560.04,0.00051,54.3456204
2025-10-18 04:09:59.154,106560.03,0.00953,1015.5170859
2025-10-18 04:09:59.292,106560.04,0.00141,150.2496564
2025-10-18 04:09:59.318,106560.03,0.0939,10005.986816999999
2025-10-18 04:10:00.370,106560.03,0.0939,10005.986816999999
2025-10-18 04:10:00.525,106560.04,0.00604,643.6226416
2025-10-18 04:10:01.146,106560.03,0.50599,53918.309579700006
2025-10-18 04:10:01.340,106560.04,0.10702,11404.0554808
2025-10-18 04:10:01.348,106562.11,0.00015,15.984316499999998
2025-10-18 04:10:01.356,106562.11,0.09389,10005.1165079
2025-10-18 04:10:01.363,106562.12,0.00938,999.5526855999999
2025-10-18 04:10:01.369,106562.12,0.00096,102.2996352
2025-10-18 04:10:01.378,106564.3,0.00441,469.948563
2025-10-18 04:10:01.397,106564.85,0.00015,15.9847275
2025-10-18 04:10:01.398,106565.55,0.00231,246.16642050000002
2025-10-18 04:10:01.399,106566.41,5e-05,5.3283205
2025-10-18 04:10:01.400,106566.43,0.00224,238.70880319999998
2025-10-18 04:10:01.405,106567.11,0.00075,79.9253325
2025-10-18 04:10:01.406,106567.12,0.00025,26.64178
2025-10-18 04:10:01.407,106567.5,6e-05,6.39405
2025-10-18 04:10:01.415,106576.01,5e-05,5.3288005
2025-10-18 04:10:01.418,106578.85,6e-05,6.394731
2025-10-18 04:10:01.432,106578.85,0.028,2984.2078
2025-10-18 04:10:01.449,106578.85,0.00938,999.709613
2025-10-18 04:10:01.450,106578.85,0.0008,85.26308
2025-10-18 04:10:01.453,106579.72,0.00939,1000.7835708000001
2025-10-18 04:10:01.476,106579.71,0.001,106.57971
2025-10-18 04:10:01.511,106579.72,0.24006,25585.5275832
2025-10-18 04:10:01.876,106579.71,0.00472,503.05623120000007
2025-10-18 04:10:01.956,106579.71,0.001,106.57971
2025-10-18 04:10:01.962,106579.72,0.0002,21.315944000000002
2025-10-18 04:10:02.311,106579.72,0.00208,221.68581759999998
2025-10-18 04:10:02.417,106579.71,0.09387,10004.6373777
2025-10-18 04:10:02.577,106579.72,0.00045,47.960874
2025-10-18 04:10:03.570,106579.71,0.09387,10004.6373777
2025-10-18 04:10:03.587,106579.72,6e-05,6.3947832
2025-10-18 04:10:04.558,106579.71,0.09387,10004.6373777
2025-10-18 04:10:04.582,106579.72,0.01502,1600.8273944
2025-10-18 04:10:05.233,106579.72,0.00082,87.3953704
2025-10-18 04:10:05.350,106578.67,0.00092,98.0523764
2025-10-18 04:10:05.355,106576.39,0.00015,15.986458499999998
2025-10-18 04:10:05.358,106575.46,0.02831,3017.1512726
2025-10-18 04:10:05.515,106573.32,0.00578,615.9937896000001
2025-10-18 04:10:05.594,106571.87,0.00015,15.985780499999997
2025-10-18 04:10:06.617,106571.86,0.09388,10004.966216800001
2025-10-18 04:10:07.703,106571.87,5e-05,5.3285935
2025-10-18 04:10:07.716,106571.86,0.09388,10004.966216800001
2025-10-18 04:10:08.905,106571.86,0.09388,10004.966216800001
2025-10-18 04:10:08.907,106571.87,9e-05,9.5914683
2025-10-18 04:10:08.918,106571.87,0.00024,25.5772488
2025-10-18 04:10:09.025,106571.86,0.0001,10.657186000000001
2025-10-18 04:10:09.487,106571.87,0.00135,143.8720245
2025-10-18 04:10:09.989,106571.86,0.09388,10004.966216800001
2025-10-18 04:10:10.093,106571.87,0.00017,18.1172179
2025-10-18 04:10:10.166,106571.87,0.00092,98.04612039999999
2025-10-18 04:10:10.881,106571.86,0.00041,43.6944626
2025-10-18 04:10:11.017,106571.86,0.09388,10004.966216800001
2025-10-18 04:10:12.015,106571.86,0.09388,10004.966216800001
2025-10-18 04:10:12.412,106571.87,0.00066,70.33743419999999
2025-10-18 04:10:13.016,106571.86,9e-05,9.5914674
2025-10-18 04:10:13.068,106571.86,0.09388,10004.966216800001
2025-10-18 04:10:13.226,106571.87,0.01,1065.7187
2025-10-18 04:10:14.043,106571.86,0.09388,10004.966216800001
2025-10-18 04:10:14.381,106571.87,0.00015,15.985780499999997
2025-10-18 04:10:15.017,106571.86,0.09388,10004.966216800001
2025-10-18 04:10:15.241,106571.87,0.02354,2508.7018197999996
2025-10-18 04:10:15.398,106571.86,0.07882,8399.9940052
2025-10-18 04:10:15.399,106571.86,0.00789,840.8519753999999
2025-10-18 04:10:15.400,106571.86,0.07362,7845.8203332
2025-10-18 04:10:15.401,106571.86,0.18423,19633.7337678
2025-10-18 04:10:15.403,106569.15,0.0001,10.656915
2025-10-18 04:10:15.405,106568.78,5e-05,5.328439
2025-10-18 04:10:15.406,106565.52,0.05205,5546.735316
2025-10-18 04:10:15.423,106564.25,0.00036,38.363130000000005
2025-10-18 04:10:15.429,106562.85,0.00076,80.98776600000001
2025-10-18 04:10:15.432,106562.69,0.0002,21.312538
2025-10-18 04:10:15.455,106562.13,0.03515,3745.6588695
2025-10-18 04:10:15.490,106561.31,0.00046,49.0182026
2025-10-18 04:10:15.525,106561.3,0.0543,5786.27859
2025-10-18 04:10:15.717,106561.31,0.0011,117.21744100000001
2025-10-18 04:10:16.062,106561.3,0.0939,10006.10607
2025-10-18 04:10:16.097,106561.31,0.00028,29.837166799999995
2025-10-18 04:10:16.187,106561.31,0.00931,992.0857961
2025-10-18 04:10:16.484,106561.3,0.00167,177.95737100000002
2025-10-18 04:10:17.070,106561.2,0.00323,344.19267599999995
2025-10-18 04:10:17.146,106561.19,0.00119,126.80781610000001
2025-10-18 04:10:17.240,106561.19,0.00115,122.5453685
2025-10-18 04:10:17.242,106558.73,0.0001,10.655873
2025-10-18 04:10:17.244,106555.04,0.0003,31.966511999999994
2025-10-18 04:10:17.245,106554.51,0.03448,3673.9995047999996
2025-10-18 04:10:17.248,106554.49,0.0002,21.310898
2025-10-18 04:10:17.252,106554.31,0.00015,15.983146499999998
2025-10-18 04:10:18.052,106549.17,0.0001,10.654917000000001
2025-10-18 04:10:18.058,106548.6,0.0004,42.619440000000004
2025-10-18 04:10:18.072,106548.6,0.0009,95.89374000000001
2025-10-18 04:10:18.077,106547.87,0.00233,248.2565371
2025-10-18 04:10:18.082,106548.6,0.001,106.54860000000001
2025-10-18 04:10:18.087,106548.6,0.00031,33.030066000000005
2025-10-18 04:10:18.093,106547.5,0.00089,94.827275
2025-10-18 04:10:18.098,106547.37,0.00065,69.25579049999999
2025-10-18 04:10:18.207,106544.59,0.00015,15.981688499999999
2025-10-18 04:10:18.437,106544.0,0.003,319.632
2025-10-18 04:10:18.440,106544.0,0.003,319.632
2025-10-18 04:10:18.443,106542.9,0.00186,198.169794
2025-10-18 04:10:18.486,106541.59,0.00213,226.93358669999998
2025-10-18 04:10:18.488,106540.53,0.0002,21.308106000000002
2025-10-18 04:10:18.615,106540.01,0.00217,231.1918217
2025-10-18 04:10:19.117,106540.0,0.09391,10005.1714
2025-10-18 04:10:19.181,106540.0,0.00155,165.137
2025-10-18 04:10:19.192,106536.85,7e-05,7.4575795
2025-10-18 04:10:19.205,106536.85,0.00068,72.445058
2025-10-18 04:10:19.208,106531.75,6e-05,6.391905
2025-10-18 04:10:19.218,106530.32,0.033,3515.5005600000004
2025-10-18 04:10:19.383,106530.31,0.01878,2000.6392218
2025-10-18 04:10:19.678,106530.31,0.00019,20.2407589
2025-10-18 04:10:19.919,106530.32,0.00046,49.003947200000006
2025-10-18 04:10:19.934,106530.31,0.00016,17.044849600000003
2025-10-18 04:10:19.969,106530.31,0.0021,223.71365099999997
2025-10-18 04:10:20.183,106530.3,0.0022,234.36666000000002
2025-10-18 04:10:20.285,106530.31,9e-05,9.5877279
2025-10-18 04:10:20.364,106530.3,0.00069,73.505907
2025-10-18 04:10:20.366,106529.91,0.0001,10.652991
2025-10-18 04:10:20.367,106529.79,0.0001,10.652979
2025-10-18 04:10:20.369,106526.37,0.00305,324.9054285
2025-10-18 04:10:20.370,106526.37,0.03047,3245.8584938999998
2025-10-18 04:10:20.445,106526.0,0.00011,11.71786
2025-10-18 04:10:20.632,106526.01,0.00066,70.3071666
2025-10-18 04:10:20.677,106523.99,0.0001,10.652399
2025-10-18 04:10:20.739,106520.01,0.00761,810.6172760999999
2025-10-18 04:10:20.865,106520.02,0.10367,11042.9304734
2025-10-18 04:10:20.918,106520.02,0.03157,3362.8370314000003
2025-10-18 04:10:20.930,106520.02,0.0022,234.34404400000003
2025-10-18 04:10:20.935,106520.01,0.00102,108.6504102
2025-10-18 04:10:20.961,106520.01,0.001,106.52001
2025-10-18 04:10:20.962,106520.01,0.00094,100.1288094
2025-10-18 04:10:20.963,106520.0,0.001,106.52
2025-10-18 04:10:21.280,106520.0,0.00111,118.23720000000002
2025-10-18 04:10:21.312,106520.0,0.01963,2090.9876000000004
2025-10-18 04:10:21.313,106520.0,0.00132,140.6064
2025-10-18 04:10:21.587,106519.66,0.01878,2000.4392148000002
2025-10-18 04:10:21.618,106519.66,0.00011,11.7171626
2025-10-18 04:10:21.645,106519.67,0.0006,63.911801999999994
2025-10-18 04:10:21.883,106519.66,0.006,639.11796
2025-10-18 04:10:21.884,106519.66,0.00059,62.8465994
2025-10-18 04:10:21.890,106518.66,0.00015,15.977799
2025-10-18 04:10:21.891,106518.65,0.00451,480.3991115
2025-10-18 04:10:22.289,106518.65,0.027,2876.00355
2025-10-18 04:10:22.304,106518.38,5e-05,5.325919000000001
2025-10-18 04:10:22.524,106518.31,0.001,106.51831
2025-10-18 04:10:22.631,106517.31,5e-05,5.3258655
2025-10-18 04:10:22.985,106517.18,0.01,1065.1717999999998
2025-10-18 04:10:23.327,106517.17,0.09394,10006.2229498
2025-10-18 04:10:24.185,106517.18,0.0002,21.303436
2025-10-18 04:10:24.563,106517.18,0.00014,14.912405199999998
2025-10-18 04:10:24.616,106517.17,0.09394,10006.2229498
2025-10-18 04:10:24.738,106512.52,0.08605,9165.402346
2025-10-18 04:10:24.812,106512.52,9e-05,9.5861268
2025-10-18 04:10:24.815,106512.53,5e-05,5.3256265
2025-10-18 04:10:24.976,106512.53,0.0233,2481.741949
2025-10-18 04:10:25.072,106512.53,0.00023,24.4978819
2025-10-18 04:10:25.458,106512.53,0.00733,780.7368448999999
2025-10-18 04:10:25.615,106512.52,0.09394,10005.7861288
2025-10-18 04:10:26.101,106512.52,0.008,852.1001600000001
2025-10-18 04:10:26.102,106512.52,0.008,852.1001600000001
2025-10-18 04:10:26.134,106512.53,0.10672,11367.0172016
2025-10-18 04:10:26.137,106512.53,0.79592,84775.4528776
2025-10-18 04:10:26.138,106512.53,4.76699,507744.1653847
2025-10-18 04:10:26.144,106514.34,0.00015,15.977150999999997
2025-10-18 04:10:26.151,106514.34,0.0005,53.25717
2025-10-18 04:10:26.174,106514.77,0.00115,122.4919855
2025-10-18 04:10:26.176,106514.78,0.00045,47.931650999999995
2025-10-18 04:10:26.180,106515.0,0.00106,112.9059
2025-10-18 04:10:26.203,106516.23,5e-05,5.3258115
2025-10-18 04:10:26.207,106517.16,0.00101,107.5823316
2025-10-18 04:10:26.225,106517.18,0.00095,101.19132099999999
2025-10-18 04:10:26.229,106518.06,0.06395,6811.829937
2025-10-18 04:10:26.231,106518.06,0.00209,222.62274539999999
2025-10-18 04:10:26.247,106519.47,0.0004,42.607788
2025-10-18 04:10:26.275,106520.52,5e-05,5.326026000000001
2025-10-18 04:10:26.278,106526.0,0.03558,3790.19508
2025-10-18 04:10:26.310,106526.0,0.25219,26864.791940000003
2025-10-18 04:10:26.345,106530.3,0.00015,15.979545
2025-10-18 04:10:26.415,106530.31,0.25164,26807.287208399997
2025-10-18 04:10:26.475,106536.58,5e-05,5.326829
2025-10-18 04:10:26.543,106540.21,0.09392,10006.256523200002
2025-10-18 04:10:26.619,106540.22,0.00423,450.66513060000005
2025-10-18 04:10:26.752,106540.21,0.03678,3918.5489238000005
2025-10-18 04:10:27.248,106540.21,0.0037,394.19877700000006
2025-10-18 04:10:27.526,106540.21,0.09391,10005.1911211
2025-10-18 04:10:27.670,106540.22,0.00094,100.1478068
2025-10-18 04:10:27.735,106548.4,5e-05,5.32742
2025-10-18 04:10:27.739,106553.58,6e-05,6.3932148
2025-10-18 04:10:27.783,106553.58,0.0001,10.655358000000001
2025-10-18 04:10:27.832,106553.58,0.00053,56.473397399999996
2025-10-18 04:10:27.862,106553.58,0.00014,14.917501199999998
2025-10-18 04:10:27.874,106553.58,0.0148,1576.9929840000002
2025-10-18 04:10:27.929,106562.06,0.00461,491.25109660000004
2025-10-18 04:10:27.943,106567.99,0.0001,10.656799000000001
2025-10-18 04:10:28.017,106567.99,0.00047,50.0869553
2025-10-18 04:10:28.025,106567.99,8e-05,8.525439200000001
2025-10-18 04:10:28.079,106567.99,0.00029,30.904717100000003
2025-10-18 04:10:28.084,106567.99,0.09386,10002.4715414
2025-10-18 04:10:28.382,106567.99,0.00038,40.49583620000001
2025-10-18 04:10:28.494,106567.99,0.0001,10.656799000000001
2025-10-18 04:10:28.575,106567.99,7e-05,7.4597593
2025-10-18 04:10:28.617,106567.98,0.09389,10005.6676422
2025-10-18 04:10:28.718,106567.99,0.0001,10.656799000000001
2025-10-18 04:10:28.782,106567.99,0.00094,100.1739106
2025-10-18 04:10:28.800,106564.71,0.00015,15.9847065
2025-10-18 04:10:28.924,106564.71,0.00013,13.8534123
2025-10-18 04:10:29.132,106564.71,0.00047,50.085413700000004
2025-10-18 04:10:29.663,106564.71,0.0001,10.656471000000002
2025-10-18 04:10:29.711,106564.71,0.01,1065.6471000000001
2025-10-18 04:10:29.717,106564.7,0.09389,10005.359683
2025-10-18 04:10:29.991,106564.7,0.00014,14.919057999999998
2025-10-18 04:10:30.044,106564.7,0.002,213.1294
2025-10-18 04:10:30.134,106564.71,0.00057,60.7418847
2025-10-18 04:10:30.137,106564.71,0.00015,15.9847065
2025-10-18 04:10:30.329,106564.71,0.00093,99.10518030000001
2025-10-18 04:10:30.817,106564.7,0.09389,10005.359683
2025-10-18 04:10:31.660,106564.71,0.00177,188.61953670000003
2025-10-18 04:10:31.857,106564.7,0.09389,10005.359683
2025-10-18 04:10:32.291,106564.71,0.00093,99.10518030000001
2025-10-18 04:10:32.912,106564.71,0.00014,14.9190594
2025-10-18 04:10:32.955,106564.71,0.00019,20.247294900000004
2025-10-18 04:10:33.054,106564.7,0.09389,10005.359683
2025-10-18 04:10:33.556,106564.7,0.00092,98.039524
2025-10-18 04:10:33.557,106564.7,0.00089,94.84258299999999
2025-10-18 04:10:33.585,106564.71,0.00015,15.9847065
2025-10-18 04:10:33.723,106564.71,0.00031,33.0350601
2025-10-18 04:10:33.825,106564.71,0.0001,10.656471000000002
2025-10-18 04:10:33.872,106564.7,9e-05,9.590823
2025-10-18 04:10:34.017,106564.7,0.09389,10005.359683
2025-10-18 04:10:34.075,106564.71,0.00126,134.27153460000002
2025-10-18 04:10:34.214,106564.71,0.00093,99.10518030000001
2025-10-18 04:10:35.130,106564.7,0.09389,10005.359683
2025-10-18 04:10:35.750,106564.71,0.00469,499.7884899
2025-10-18 04:10:36.323,106564.7,0.09389,10005.359683
2025-10-18 04:10:36.347,106564.71,0.00015,15.9847065
2025-10-18 04:10:37.013,106564.71,0.00112,119.3524752
2025-10-18 04:10:37.515,106564.7,0.09389,10005.359683
2025-10-18 04:10:38.039,106564.71,0.003,319.69413000000003
2025-10-18 04:10:38.600,106564.7,0.09389,10005.359683
2025-10-18 04:10:38.746,106564.71,7e-05,7.4595297
2025-10-18 04:10:38.996,106564.7,0.00056,59.67623199999999
2025-10-18 04:10:39.384,106564.71,0.00012,12.7877652
2025-10-18 04:10:39.688,106564.7,0.09389,10005.359683
2025-10-18 04:10:40.048,106564.7,6e-05,6.393882
2025-10-18 04:10:40.217,106564.71,0.0009,95.90823900000001
2025-10-18 04:10:40.329,106564.7,0.013,1385.3410999999999
2025-10-18 04:10:40.330,106564.7,0.013,1385.3410999999999
2025-10-18 04:10:40.615,106564.7,0.05001,5329.300647
2025-10-18 04:10:41.464,106564.71,0.00187,199.2760077
2025-10-18 04:10:41.717,106564.7,0.0939,10006.42533
2025-10-18 04:10:42.315,106564.7,0.00106,112.95858199999999
2025-10-18 04:10:42.739,106564.69,0.0939,10006.424391
2025-10-18 04:10:42.954,106564.69,0.00037,39.4289353
2025-10-18 04:10:43.171,106564.7,0.00014,14.919057999999998
2025-10-18 04:10:43.310,106564.69,6e-05,6.393881400000001
2025-10-18 04:10:43.424,106564.69,0.0006,63.938813999999994
2025-10-18 04:10:43.726,106564.69,0.0939,10006.424391
2025-10-18 04:10:44.054,106564.7,6e-05,6.393882
2025-10-18 04:10:44.818,106564.69,0.0939,10006.424391
2025-10-18 04:10:45.734,106564.7,0.00134,142.796698
2025-10-18 04:10:45.805,106564.69,0.0939,10006.424391
2025-10-18 04:10:45.977,106564.69,0.013,1385.34097
2025-10-18 04:10:45.978,106564.69,0.01372,1462.0675468
2025-10-18 04:10:46.030,106563.12,0.0001,10.656312
2025-10-18 04:10:46.362,106560.44,0.013,1385.2857199999999
2025-10-18 04:10:46.816,106560.44,0.0939,10006.025316
2025-10-18 04:10:46.891,106560.45,0.0014,149.18463
2025-10-18 04:10:47.314,106560.44,0.013,1385.2857199999999
2025-10-18 04:10:47.315,106560.44,0.013,1385.2857199999999
2025-10-18 04:10:47.568,106560.45,0.00012,12.787254
2025-10-18 04:10:47.917,106560.44,0.0939,10006.025316
2025-10-18 04:10:48.633,106560.45,0.00018,19.180881
2025-10-18 04:10:48.853,106560.44,0.00011,11.721648400000001
2025-10-18 04:10:49.116,106560.44,0.0939,10006.025316
2025-10-18 04:10:49.885,106560.44,0.00205,218.44890200000003
2025-10-18 04:10:50.175,106560.44,0.07151,7620.137064400001
2025-10-18 04:10:50.217,106560.44,0.0939,10006.025316
2025-10-18 04:10:50.625,106560.44,6e-05,6.3936264000000005
2025-10-18 04:10:50.767,106560.44,0.01723,1836.0363811999998
2025-10-18 04:10:50.976,106560.45,0.01408,1500.371136
2025-10-18 04:10:51.203,106560.44,0.0939,10006.025316
2025-10-18 04:10:51.616,106560.45,0.0001,10.656045
2025-10-18 04:10:52.189,106560.44,0.0939,10006.025316
2025-10-18 04:10:53.172,106560.44,0.0939,10006.025316
2025-10-18 04:10:54.271,106560.45,0.04568,4867.681356
2025-10-18 04:10:54.314,106560.44,0.0939,10006.025316
2025-10-18 04:10:54.639,106560.44,0.005,532.8022
2025-10-18 04:10:55.072,106560.44,0.009,959.04396
2025-10-18 04:10:55.502,106560.44,0.07333,7814.077065200001
2025-10-18 04:10:55.759,106560.45,0.00086,91.641987
2025-10-18 04:10:55.792,106560.44,0.00107,114.0196708
2025-10-18 04:10:56.179,106560.44,0.00011,11.721648400000001
2025-10-18 04:10:56.541,106560.44,0.0072,767.235168
2025-10-18 04:10:56.545,106560.44,9e-05,9.590439600000002
2025-10-18 04:10:56.546,106560.44,0.00107,114.0196708
2025-10-18 04:10:56.660,106559.99,0.0001,10.655999000000001
2025-10-18 04:10:56.662,106559.32,0.0008,85.24745600000001
2025-10-18 04:10:56.664,106559.31,0.00055,58.6076205
2025-10-18 04:10:56.675,106555.23,5e-05,5.3277615
2025-10-18 04:10:56.728,106555.16,0.00058,61.8019928
2025-10-18 04:10:56.784,106555.16,0.0008,85.244128
2025-10-18 04:10:56.806,106554.06,0.00019,20.2452714
2025-10-18 04:10:56.857,106554.05,0.00052,55.408106
2025-10-18 04:10:56.967,106554.06,0.00099,105.4885194
2025-10-18 04:10:57.029,106554.05,0.0001,10.655405
2025-10-18 04:10:57.071,106554.06,0.00082,87.37432919999999
2025-10-18 04:10:57.578,106554.05,0.03183,3391.6154115
2025-10-18 04:10:57.580,106554.05,0.00129,137.4547245
2025-10-18 04:10:57.735,106553.19,0.00119,126.79829610000002
2025-10-18 04:10:57.769,106553.19,0.0001,10.655319
2025-10-18 04:10:57.920,106550.66,8e-05,8.524052800000002
2025-10-18 04:10:57.923,106550.67,0.00047,50.0788149
2025-10-18 04:10:58.395,106550.67,0.00082,87.37154939999999
2025-10-18 04:10:58.875,106550.66,0.0939,10005.106974
2025-10-18 04:10:59.070,106550.67,0.00011,11.720573700000001
2025-10-18 04:10:59.282,106550.66,0.001,106.55066000000001
2025-10-18 04:10:59.283,106550.65,0.00808,860.929252
2025-10-18 04:10:59.482,106550.66,0.00025,26.637665000000002
2025-10-18 04:11:00.017,106550.65,0.00751,800.1953814999999
2025-10-18 04:11:00.018,106550.65,0.00109,116.1402085
2025-10-18 04:11:00.152,106549.84,0.00274,291.9465616
2025-10-18 04:11:00.159,106549.84,0.00187,199.24820079999998
2025-10-18 04:11:00.313,106549.83,0.09027,9618.2531541
2025-10-18 04:11:00.682,106549.84,0.00212,225.88566079999998
2025-10-18 04:11:00.858,106549.83,0.00011,11.720481300000001
2025-10-18 04:11:01.070,106549.84,0.00028,29.833955199999995
2025-10-18 04:11:01.105,106549.83,0.0939,10005.029037
2025-10-18 04:11:01.138,106549.84,0.00012,12.785980799999999
2025-10-18 04:11:01.241,106549.83,0.013,1385.14779
2025-10-18 04:11:01.273,106549.83,0.00028,29.833952399999998
2025-10-18 04:11:01.308,106545.13,0.0001,10.654513000000001
2025-10-18 04:11:01.373,106542.13,0.0035,372.89745500000004
2025-10-18 04:11:01.379,106542.12,0.01501,1599.1972212
2025-10-18 04:11:01.382,106542.12,0.01501,1599.1972212
2025-10-18 04:11:01.971,106542.13,0.02071,2206.4875123
2025-10-18 04:11:02.116,106542.12,0.0939,10004.305068
2025-10-18 04:11:02.500,106542.13,0.01721,1833.5900573000001
2025-10-18 04:11:02.682,106542.12,0.00355,378.224526
2025-10-18 04:11:03.053,106542.13,0.0036,383.551668
2025-10-18 04:11:03.149,106542.13,7e-05,7.4579490999999996
2025-10-18 04:11:03.179,106542.12,0.0939,10004.305068
2025-10-18 04:11:03.181,106542.13,0.00082,87.3645466
2025-10-18 04:11:03.189,106542.13,0.3934,41913.673942
2025-10-18 04:11:03.192,106542.89,5e-05,5.3271445
2025-10-18 04:11:03.195,106547.76,5e-05,5.327388
2025-10-18 04:11:03.213,106548.71,0.0006,63.929226
2025-10-18 04:11:03.215,106548.86,0.0003,31.964657999999996
2025-10-18 04:11:03.216,106555.43,0.0001,10.655543
2025-10-18 04:11:03.292,106558.42,0.026,2770.51892
2025-10-18 04:11:03.302,106558.42,0.002,213.11684
2025-10-18 04:11:03.341,106558.42,0.00011,11.7214262
2025-10-18 04:11:03.547,106558.42,0.09385,10000.507717
2025-10-18 04:11:03.654,106558.42,0.00689,734.1875138
2025-10-18 04:11:04.207,106558.41,0.0939,10005.834699000001
2025-10-18 04:11:05.106,106558.41,0.00011,11.721425100000001
2025-10-18 04:11:05.117,106558.41,0.0939,10005.834699000001
2025-10-18 04:11:05.311,106558.42,0.02382,2538.2215644000003
2025-10-18 04:11:05.322,106563.41,5e-05,5.328170500000001
2025-10-18 04:11:05.352,106564.34,0.05288,5635.1222992
2025-10-18 04:11:05.379,106564.34,0.002,213.12868
2025-10-18 04:11:05.395,106564.34,0.00373,397.4849882
2025-10-18 04:11:05.868,106564.69,0.01731,1844.6347839
2025-10-18 04:11:06.117,106564.68,0.09389,10005.3578052
2025-10-18 04:11:06.257,106564.69,9e-05,9.5908221
2025-10-18 04:11:06.436,106564.69,0.00571,608.4843799
2025-10-18 04:11:06.864,106564.69,0.00011,11.7221159
2025-10-18 04:11:07.160,106564.69,0.00356,379.3702964
2025-10-18 04:11:07.170,106564.68,0.09389,10005.3578052
2025-10-18 04:11:07.471,106564.69,0.0001,10.656469000000001
2025-10-18 04:11:07.703,106564.68,0.008,852.51744
2025-10-18 04:11:08.143,106564.68,0.09389,10005.3578052
2025-10-18 04:11:08.160,106564.69,0.0017,181.159973
2025-10-18 04:11:08.832,106564.69,0.00025,26.6411725
2025-10-18 04:11:09.317,106564.68,0.09389,10005.3578052
2025-10-18 04:11:09.425,106564.68,0.00136,144.9279648
2025-10-18 04:11:09.462,106564.68,0.00011,11.7221148
2025-10-18 04:11:09.863,106564.69,0.00012,12.787762800000001
2025-10-18 04:11:09.971,106564.69,0.00049,52.2166981
2025-10-18 04:11:10.315,106564.68,0.00889,947.3600051999999
2025-10-18 04:11:10.327,106564.34,0.00186,198.20967240000002
2025-10-18 04:11:10.345,106560.45,0.0001,10.656045
2025-10-18 04:11:10.346,106559.71,0.01093,1164.6976303000001
2025-10-18 04:11:10.473,106559.71,0.02419,2577.6793849
2025-10-18 04:11:10.482,106559.72,0.0001,10.655972
2025-10-18 04:11:11.517,106559.71,0.0939,10005.956769
2025-10-18 04:11:12.170,106559.72,0.00048,51.1486656
2025-10-18 04:11:12.238,106559.72,0.00011,11.721569200000001
2025-10-18 04:11:12.470,106559.72,9e-05,9.590374800000001
2025-10-18 04:11:12.606,106559.71,0.0939,10005.956769
2025-10-18 04:11:12.712,106559.72,0.0013,138.527636
2025-10-18 04:11:13.603,106559.72,0.00348,370.8278256
2025-10-18 04:11:13.656,106559.71,7e-05,7.4591797
2025-10-18 04:11:13.743,106559.71,0.0939,10005.956769
2025-10-18 04:11:14.350,106559.72,0.025,2663.9930000000004
2025-10-18 04:11:14.717,106559.71,0.0939,10005.956769
2025-10-18 04:11:14.755,106559.72,0.003,319.67916
2025-10-18 04:11:15.639,106559.72,0.0001,10.655972
2025-10-18 04:11:15.770,106559.71,0.0939,10005.956769
2025-10-18 04:11:15.865,106559.71,8e-05,8.524776800000001
2025-10-18 04:11:16.052,106559.72,0.03284,3499.4212048
2025-10-18 04:11:16.261,106559.72,0.00073,77.7885956
2025-10-18 04:11:16.391,106559.72,0.00059,62.870234800000006
2025-10-18 04:11:16.700,106559.71,0.00011,11.7215681
2025-10-18 04:11:17.015,106559.62,0.07515,8007.955442999999
2025-10-18 04:11:17.198,106559.63,0.40838,43516.8216994
2025-10-18 04:11:17.206,106559.63,0.25699,27384.7593137
2025-10-18 04:11:17.214,106559.7,0.00015,15.983954999999998
2025-10-18 04:11:17.220,106559.71,0.00105,111.8876955
2025-10-18 04:11:17.241,106559.72,0.07421,7907.7968212
2025-10-18 04:11:17.260,106559.72,0.00353,376.1558116
2025-10-18 04:11:17.263,106559.73,0.007,745.91811
2025-10-18 04:11:17.289,106560.8,0.0001,10.656080000000001
2025-10-18 04:11:17.336,106564.71,0.00039,41.5602369
2025-10-18 04:11:17.351,106564.71,0.00141,150.2562411
2025-10-18 04:11:17.454,106565.09,0.00206,219.52408540000002
2025-10-18 04:11:17.876,106566.11,0.00018,19.1818998
2025-10-18 04:11:18.151,106566.1,0.09389,10005.491129
2025-10-18 04:11:18.340,106566.11,5e-05,5.3283055
2025-10-18 04:11:18.699,106566.11,0.00236,251.4960196
2025-10-18 04:11:18.837,106566.11,0.08945,9532.3385395
2025-10-18 04:11:19.066,106566.11,0.00257,273.8749027
2025-10-18 04:11:19.216,106566.1,0.09389,10005.491129
2025-10-18 04:11:19.460,106566.1,0.0014,149.19254
2025-10-18 04:11:20.223,106566.1,0.09389,10005.491129
2025-10-18 04:11:20.759,106566.11,0.018,1918.1899799999999
2025-10-18 04:11:20.977,106566.11,0.001,106.56611000000001
2025-10-18 04:11:21.090,106566.11,0.001,106.56611000000001
2025-10-18 04:11:21.217,106566.1,0.09389,10005.491129
2025-10-18 04:11:21.218,106566.11,0.0001,10.656611
2025-10-18 04:11:21.247,106566.11,0.00328,349.5368408
2025-10-18 04:11:21.268,106566.11,0.00055,58.6113605
2025-10-18 04:11:21.427,106566.1,0.00019,20.247559000000003
2025-10-18 04:11:21.434,106566.11,0.001,106.56611000000001
2025-10-18 04:11:21.462,106566.1,0.00034,36.232474
2025-10-18 04:11:21.471,106566.11,0.007,745.96277
2025-10-18 04:11:22.275,106566.11,0.028,2983.85108
2025-10-18 04:11:22.367,106566.1,0.013,1385.3593
2025-10-18 04:11:22.368,106566.1,0.013,1385.3593
2025-10-18 04:11:22.444,106566.1,0.07226,7700.466386000001
2025-10-18 04:11:23.124,106566.11,0.00028,29.838510799999998
2025-10-18 04:11:24.013,106566.11,6e-05,6.393966600000001
2025-10-18 04:11:24.395,106566.11,0.002,213.13222000000002
2025-10-18 04:11:24.464,106566.11,0.00469,499.79505589999997
2025-10-18 04:11:24.672,106566.1,0.0939,10006.55679
2025-10-18 04:11:24.768,106566.11,0.026,2770.71886
2025-10-18 04:11:25.039,106566.11,0.0001,10.656611
2025-10-18 04:11:25.195,106566.11,0.028,2983.85108
2025-10-18 04:11:25.718,106566.1,0.09389,10005.491129
2025-10-18 04:11:25.791,106566.11,0.028,2983.85108
2025-10-18 04:11:25.936,106566.11,0.09384,10000.163762400001
2025-10-18 04:11:26.032,106566.11,0.00127,135.3389597
2025-10-18 04:11:26.044,106566.11,0.00328,349.5368408
2025-10-18 04:11:26.424,106566.1,0.00028,29.838507999999997
2025-10-18 04:11:26.647,106566.11,0.00399,425.1987789
2025-10-18 04:11:26.738,106566.1,0.09389,10005.491129
2025-10-18 04:11:27.075,106566.11,0.002,213.13222000000002
2025-10-18 04:11:27.273,106566.1,0.06184,6590.047624
2025-10-18 04:11:27.513,106566.11,0.004,426.26444000000004
2025-10-18 04:11:27.927,106566.1,0.09389,10005.491129
2025-10-18 04:11:28.163,106566.11,0.00012,12.787933200000001
2025-10-18 04:11:28.224,106566.11,5e-05,5.3283055
2025-10-18 04:11:28.815,106566.11,0.0035,372.981385
2025-10-18 04:11:28.892,106566.1,0.00012,12.787932000000001
2025-10-18 04:11:28.961,106566.1,0.09389,10005.491129
2025-10-18 04:11:29.972,106566.11,0.00012,12.787933200000001
2025-10-18 04:11:29.998,106566.1,0.09389,10005.491129
2025-10-18 04:11:30.003,106566.1,0.00093,99.10647300000001
2025-10-18 04:11:30.028,106566.1,0.00026,27.707186
2025-10-18 04:11:30.125,106566.11,0.00312,332.4862632
2025-10-18 04:11:30.308,106566.11,0.00083,88.4498713
2025-10-18 04:11:30.616,106566.1,0.00012,12.787932000000001
2025-10-18 04:11:31.016,106566.1,0.09389,10005.491129
2025-10-18 04:11:31.019,106566.11,0.0168,1790.310648
2025-10-18 04:11:31.680,106566.1,0.008,852.5288
2025-10-18 04:11:31.703,106566.11,0.00012,12.787933200000001
2025-10-18 04:11:31.969,106566.1,0.09389,10005.491129
2025-10-18 04:11:32.532,106566.1,0.00012,12.787932000000001
2025-10-18 04:11:32.648,106566.11,0.00503,536.0275333
2025-10-18 04:11:33.099,106566.11,0.00164,174.7684204
2025-10-18 04:11:33.215,106566.1,0.09389,10005.491129
2025-10-18 04:11:33.235,106566.11,0.00362,385.7693182
2025-10-18 04:11:33.748,106566.11,0.0033,351.668163
2025-10-18 04:11:33.829,106566.11,0.00012,12.787933200000001
2025-10-18 04:11:34.186,106566.11,0.00774,824.8216914000001
2025-10-18 04:11:34.208,106566.11,0.00011,11.7222721
2025-10-18 04:11:34.356,106566.1,0.09388,10004.425468000001
2025-10-18 04:11:34.548,106566.1,0.00012,12.787932000000001
2025-10-18 04:11:35.012,106566.11,0.00134,142.7985874
2025-10-18 04:11:35.037,106566.99,0.00015,15.9850485
2025-10-18 04:11:35.051,106567.92,0.0002,21.313584000000002
2025-10-18 04:11:35.342,106567.99,0.09388,10004.602901200002
2025-10-18 04:11:35.345,106568.77,5e-05,5.328438500000001
2025-10-18 04:11:35.350,106569.09,0.0004,42.627636
2025-10-18 04:11:35.480,106570.0,0.00012,12.788400000000001
2025-10-18 04:11:35.694,106570.0,0.03726,3970.7982
2025-10-18 04:11:35.697,106570.38,0.00025,26.642595
2025-10-18 04:11:35.699,106570.38,0.00025,26.642595
2025-10-18 04:11:35.700,106571.87,0.0001,10.657187
2025-10-18 04:11:35.703,106572.0,0.00245,261.1014
2025-10-18 04:11:35.705,106572.01,0.00031,33.0373231
2025-10-18 04:11:35.707,106572.5,0.00602,641.56645
2025-10-18 04:11:35.709,106572.5,0.00016,17.0516
2025-10-18 04:11:35.710,106572.5,0.00035,37.300375
2025-10-18 04:11:35.712,106572.5,0.00044,46.8919
2025-10-18 04:11:35.713,106572.51,0.00019,20.2487769
2025-10-18 04:11:35.715,106580.0,0.02162,2304.2596
2025-10-18 04:11:35.718,106586.53,6e-05,6.3951918
2025-10-18 04:11:36.316,106586.52,0.09388,10006.3424976
2025-10-18 04:11:36.336,106586.52,0.00012,12.7903824
2025-10-18 04:11:36.845,106586.52,0.00011,11.724517200000001
2025-10-18 04:11:37.133,106586.52,0.00022,23.449034400000002
2025-10-18 04:11:37.356,106586.52,0.09388,10006.3424976
2025-10-18 04:11:37.414,106586.53,0.00012,12.7903836
2025-10-18 04:11:37.456,106586.52,0.00022,23.449034400000002
2025-10-18 04:11:38.207,106586.52,0.00012,12.7903824
2025-10-18 04:11:38.417,106586.52,0.09387,10005.2766324
2025-10-18 04:11:38.891,106586.53,0.00012,12.7903836
2025-10-18 04:11:39.107,106586.53,0.00311,331.4841083
2025-10-18 04:11:39.497,106586.53,0.00011,11.7245183
2025-10-18 04:11:39.517,106586.52,0.09387,10005.2766324
2025-10-18 04:11:39.693,106586.52,0.00012,12.7903824
2025-10-18 04:11:40.337,106586.53,0.00012,12.7903836
2025-10-18 04:11:40.673,106586.52,0.09387,10005.2766324
2025-10-18 04:11:41.207,106588.0,0.00265,282.4582
2025-10-18 04:11:41.212,106589.76,0.00015,15.988463999999999
2025-10-18 04:11:41.215,106590.0,0.0028,298.452
2025-10-18 04:11:41.223,106590.25,6e-05,6.395415
2025-10-18 04:11:41.224,106590.25,6e-05,6.395415
2025-10-18 04:11:41.229,106591.93,0.00012,12.7910316
2025-10-18 04:11:41.231,106592.0,0.003,319.776
2025-10-18 04:11:41.273,106592.65,0.0012,127.91117999999999
2025-10-18 04:11:41.282,106594.0,0.00109,116.18746
2025-10-18 04:11:41.717,106595.99,0.09386,10005.0996214
2025-10-18 04:11:42.698,106595.99,0.09386,10005.0996214
2025-10-18 04:11:43.051,106596.0,0.00469,499.93523999999996
2025-10-18 04:11:43.817,106595.99,0.09386,10005.0996214
2025-10-18 04:11:44.091,106595.99,0.00011,11.725558900000001
2025-10-18 04:11:44.875,106595.99,0.09386,10005.0996214
2025-10-18 04:11:45.106,106596.0,0.0007,74.6172
2025-10-18 04:11:45.115,106601.33,0.00149,158.8359817
2025-10-18 04:11:45.118,106606.6,6e-05,6.396396
2025-10-18 04:11:45.823,106606.6,0.00054,57.567564000000004
2025-10-18 04:11:45.956,106606.59,0.09385,10005.0284715
2025-10-18 04:11:45.974,106606.6,0.00258,275.045028
2025-10-18 04:11:46.138,106606.6,0.00046,49.039036
2025-10-18 04:11:46.512,106606.59,0.22993,24512.0532387
2025-10-18 04:11:46.531,106606.59,0.22691,24190.1013369
2025-10-18 04:11:46.544,106606.59,0.65665,70003.2173235
2025-10-18 04:11:47.017,106606.59,0.09386,10006.0945374
2025-10-18 04:11:47.632,106606.6,0.00011,11.726726000000001
2025-10-18 04:11:47.706,106606.6,9e-05,9.594594
2025-10-18 04:11:47.931,106606.6,0.00033,35.180178000000005
2025-10-18 04:11:48.062,106606.59,0.00231,246.26122289999998
2025-10-18 04:11:48.125,106606.59,0.09386,10006.0945374
2025-10-18 04:11:48.131,106606.59,0.00012,12.7927908
2025-10-18 04:11:49.160,106606.59,0.09386,10006.0945374
2025-10-18 04:11:49.215,106601.61,0.00015,15.990241499999998
2025-10-18 04:11:49.392,106601.6,0.00011,11.726176
2025-10-18 04:11:49.902,106601.61,0.00019,20.254305900000002
2025-10-18 04:11:49.963,106601.61,0.00279,297.4184919
2025-10-18 04:11:50.216,106601.6,0.09386,10005.626176
2025-10-18 04:11:50.612,106601.61,0.00034,36.2445474
2025-10-18 04:11:50.734,106601.61,0.00697,743.0132216999999
2025-10-18 04:11:50.744,106601.61,0.00733,781.3898012999999
2025-10-18 04:11:51.183,106601.6,0.09386,10005.626176
2025-10-18 04:11:51.597,106601.6,0.0001,10.660160000000001
2025-10-18 04:11:52.222,106601.6,0.09386,10005.626176
2025-10-18 04:11:53.262,106601.61,0.00011,11.726177100000001
2025-10-18 04:11:53.283,106601.6,0.00065,69.29104
2025-10-18 04:11:53.314,106601.6,0.09386,10005.626176
2025-10-18 04:11:53.632,106601.61,0.0047,501.02756700000003
2025-10-18 04:11:54.136,106601.6,5e-05,5.330080000000001
2025-10-18 04:11:54.212,106601.6,0.00724,771.7955840000001
2025-10-18 04:11:54.404,106601.6,0.09386,10005.626176
2025-10-18 04:11:54.857,106601.6,6e-05,6.396096000000001
2025-10-18 04:11:55.056,106601.61,0.0027,287.824347
2025-10-18 04:11:55.166,106601.61,0.028,2984.84508
2025-10-18 04:11:55.180,106601.61,0.00143,152.4403023
2025-10-18 04:11:55.442,106601.6,0.09386,10005.626176
2025-10-18 04:11:55.573,106601.61,8e-05,8.528128800000001
2025-10-18 04:11:55.709,106601.6,0.00011,11.726176
2025-10-18 04:11:55.921,106601.61,0.00012,12.7921932
2025-10-18 04:11:56.431,106601.6,0.09386,10005.626176
2025-10-18 04:11:56.466,106601.6,7e-05,7.462111999999999
2025-10-18 04:11:56.838,106601.6,9e-05,9.594144000000002
2025-10-18 04:11:57.419,106601.6,0.09386,10005.626176
2025-10-18 04:11:57.437,106601.61,0.00013,13.858209299999999
2025-10-18 04:11:58.405,106601.6,0.09386,10005.626176
2025-10-18 04:11:59.388,106601.6,0.09386,10005.626176
2025-10-18 04:11:59.443,106601.6,0.00022,23.452352
2025-10-18 04:11:59.657,106601.61,7e-05,7.4621127
2025-10-18 04:11:59.770,106601.61,0.04691,5000.6815251
2025-10-18 04:11:59.957,106601.61,0.00014,14.9242254
2025-10-18 04:12:00.475,106601.6,0.09386,10005.626176
2025-10-18 04:12:00.756,106601.6,0.3934,41937.06944000001
2025-10-18 04:12:00.757,106601.59,0.3193,34037.887686999995
2025-10-18 04:12:00.758,106601.53,0.0001,10.660153000000001
2025-10-18 04:12:00.760,106599.99,5e-05,5.3299995000000004
2025-10-18 04:12:00.768,106595.93,0.0002,21.319186
2025-10-18 04:12:00.774,106590.59,0.00015,15.988588499999999
2025-10-18 04:12:00.775,106588.03,0.01092,1163.9412876
2025-10-18 04:12:00.777,106588.04,0.03474,3702.8685096
2025-10-18 04:12:00.778,106588.03,0.013,1385.64439
2025-10-18 04:12:01.132,106588.04,0.00235,250.48189399999998
2025-10-18 04:12:01.211,106588.04,0.00052,55.42578079999999
2025-10-18 04:12:01.243,106588.04,0.00237,252.6136548
2025-10-18 04:12:01.715,106588.03,0.09387,10005.418376099999
2025-10-18 04:12:02.859,106588.03,0.09387,10005.418376099999
2025-10-18 04:12:03.355,106588.03,0.00366,390.1121898
2025-10-18 04:12:03.421,106588.04,0.00128,136.4326912
2025-10-18 04:12:03.622,106588.03,0.0009,95.929227
2025-10-18 04:12:04.117,106588.03,0.09387,10005.418376099999
2025-10-18 04:12:04.817,106588.04,0.00011,11.7246844
2025-10-18 04:12:04.980,106588.03,0.00012,12.7905636
2025-10-18 04:12:05.148,106588.03,0.09387,10005.418376099999
2025-10-18 04:12:06.076,106588.04,0.001,106.58803999999999
2025-10-18 04:12:06.142,106588.04,9e-05,9.5929236
2025-10-18 04:12:06.169,106588.03,0.09387,10005.418376099999
2025-10-18 04:12:06.788,106588.03,5e-05,5.3294015
2025-10-18 04:12:06.853,106588.03,0.70014,74626.5433242
2025-10-18 04:12:06.933,106588.03,0.00011,11.7246833
2025-10-18 04:12:07.167,106588.03,0.09387,10005.418376099999
2025-10-18 04:12:07.197,106588.04,0.00059,62.8869436
2025-10-18 04:12:07.585,106588.04,0.006,639.52824
2025-10-18 04:12:07.700,106588.04,0.00163,173.7385052
2025-10-18 04:12:07.763,106588.04,0.022,2344.9368799999997
2025-10-18 04:12:08.091,106588.04,0.00046,49.0304984
2025-10-18 04:12:08.311,106588.03,0.09387,10005.418376099999
2025-10-18 04:12:08.494,106588.04,0.019,2025.17276
2025-10-18 04:12:08.519,106588.04,0.009,959.2923599999999
2025-10-18 04:12:09.295,106588.03,0.09387,10005.418376099999
2025-10-18 04:12:09.923,106588.04,0.00151,160.9479404
2025-10-18 04:12:10.268,106588.04,0.028,2984.46512
2025-10-18 04:12:10.416,106588.03,0.09387,10005.418376099999
2025-10-18 04:12:10.477,106588.04,0.025,2664.701
2025-10-18 04:12:10.524,106588.04,0.003,319.76412
2025-10-18 04:12:10.770,106588.04,0.00011,11.7246844
2025-10-18 04:12:11.306,106588.04,0.002,213.17607999999998
2025-10-18 04:12:11.314,106588.04,0.026,2771.2890399999997
2025-10-18 04:12:11.525,106588.03,0.09386,10004.3524958
2025-10-18 04:12:11.893,106588.04,0.00096,102.3245184
2025-10-18 04:12:12.455,106588.03,0.09386,10004.3524958
2025-10-18 04:12:12.484,106588.04,0.00012,12.7905648
2025-10-18 04:12:12.837,106588.04,0.028,2984.46512
2025-10-18 04:12:12.917,106588.04,0.00053,56.491661199999996
2025-10-18 04:12:13.017,106588.04,0.00173,184.3973092
2025-10-18 04:12:13.218,106588.04,0.00088,93.7974752
2025-10-18 04:12:13.617,106588.03,0.09386,10004.3524958
2025-10-18 04:12:13.684,106588.04,0.028,2984.46512
2025-10-18 04:12:14.770,106588.03,0.0001,10.658803
2025-10-18 04:12:14.918,106588.03,0.09386,10004.3524958
2025-10-18 04:12:16.032,106588.04,0.00086,91.6657144
2025-10-18 04:12:16.117,106588.03,0.09386,10004.3524958
2025-10-18 04:12:16.132,106588.03,0.00022,23.4493666
2025-10-18 04:12:16.882,106588.04,0.00372,396.5075088
2025-10-18 04:12:17.037,106588.04,0.028,2984.46512
2025-10-18 04:12:17.071,106588.03,0.09386,10004.3524958
2025-10-18 04:12:17.422,106588.04,0.00101,107.6539204
2025-10-18 04:12:17.682,106588.04,0.0001,10.658804
2025-10-18 04:12:17.732,106588.04,0.00033,35.174053199999996
2025-10-18 04:12:17.743,106588.04,0.0001,10.658804
2025-10-18 04:12:17.776,106588.04,0.00019,20.2517276
2025-10-18 04:12:17.782,106588.04,0.00038,40.5034552
2025-10-18 04:12:17.810,106588.04,0.00015,15.988205999999998
2025-10-18 04:12:17.913,106588.04,0.00094,100.1927576
2025-10-18 04:12:18.015,106588.04,0.00046,49.0304984
2025-10-18 04:12:18.032,106588.04,0.0005,53.294019999999996
2025-10-18 04:12:18.217,106588.03,0.09386,10004.3524958
2025-10-18 04:12:18.520,106588.04,0.028,2984.46512
2025-10-18 04:12:18.741,106588.04,0.00066,70.34810639999999
2025-10-18 04:12:19.194,106588.03,0.01136,1210.8400208
2025-10-18 04:12:19.195,106588.03,0.09386,10004.3524958
2025-10-18 04:12:19.282,106588.04,7e-05,7.4611627999999985
2025-10-18 04:12:19.310,106588.04,0.00019,20.2517276
2025-10-18 04:12:19.710,106588.04,0.00052,55.42578079999999
2025-10-18 04:12:19.732,106588.04,0.00113,120.44448519999999
2025-10-18 04:12:19.786,106588.04,0.00085,90.59983399999999
2025-10-18 04:12:19.937,106588.04,0.0001,10.658804
2025-10-18 04:12:20.175,106588.2,0.0009,95.92938
2025-10-18 04:12:20.176,106593.03,0.01963,2092.4211789
2025-10-18 04:12:20.177,106593.03,0.04517,4814.8071651
2025-10-18 04:12:20.178,106593.03,0.52237,55681.0010811
2025-10-18 04:12:20.180,106594.44,0.0002,21.318888
2025-10-18 04:12:20.185,106595.74,5e-05,5.3297870000000005
2025-10-18 04:12:20.186,106602.49,0.00072,76.75379280000001
2025-10-18 04:12:20.196,106605.52,0.01876,1999.9195551999999
2025-10-18 04:12:20.223,106605.52,0.00938,999.9597775999999
2025-10-18 04:12:20.238,106605.51,0.09385,10004.9271135
2025-10-18 04:12:20.241,106605.52,0.23771,25341.1981592
2025-10-18 04:12:20.258,106605.52,0.00121,128.9926792
2025-10-18 04:12:20.259,106605.52,0.00121,128.9926792
2025-10-18 04:12:20.265,106609.45,5e-05,5.3304725
2025-10-18 04:12:20.478,106613.0,6e-05,6.396780000000001
2025-10-18 04:12:20.873,106613.36,0.0001,10.661336
2025-10-18 04:12:20.977,106613.35,6e-05,6.396801000000001
2025-10-18 04:12:21.000,106613.36,0.00028,29.851740799999998
2025-10-18 04:12:21.198,106613.35,0.00012,12.793602000000002
2025-10-18 04:12:21.201,106613.35,0.00028,29.851737999999997
2025-10-18 04:12:21.515,106613.35,0.09384,10004.596764000002
2025-10-18 04:12:21.937,106613.36,0.00012,12.7936032
2025-10-18 04:12:22.023,106613.35,7e-05,7.462934499999999
2025-10-18 04:12:22.123,106613.36,0.00016,17.058137600000002
2025-10-18 04:12:22.337,106613.36,0.0001,10.661336
2025-10-18 04:12:22.551,106613.35,0.09384,10004.596764000002
2025-10-18 04:12:22.582,106613.35,0.00012,12.793602000000002
2025-10-18 04:12:23.085,106613.36,0.00012,12.7936032
2025-10-18 04:12:23.291,106613.36,0.00028,29.851740799999998
2025-10-18 04:12:23.517,106613.35,0.09384,10004.596764000002
2025-10-18 04:12:23.526,106613.35,0.0001,10.661335000000001
2025-10-18 04:12:23.568,106613.35,0.03751,3999.0667585000006
2025-10-18 04:12:23.760,106613.35,0.00012,12.793602000000002
2025-10-18 04:12:24.181,106613.36,0.00012,12.7936032
2025-10-18 04:12:24.389,106613.36,0.035,3731.4676000000004
2025-10-18 04:12:24.676,106613.36,0.001,106.61336
2025-10-18 04:12:24.679,106613.35,0.09384,10004.596764000002
2025-10-18 04:12:25.102,106613.35,0.00012,12.793602000000002
2025-10-18 04:12:25.272,106613.36,0.00711,758.0209896
2025-10-18 04:12:25.547,106613.35,0.20397,21745.924999500003
2025-10-18 04:12:25.565,106613.35,0.13012,13872.529102000002
2025-10-18 04:12:25.587,106613.36,0.04689,4999.1004504
2025-10-18 04:12:25.590,106613.35,0.38039,40554.6522065
2025-10-18 04:12:25.592,106611.41,5e-05,5.3305705
2025-10-18 04:12:25.597,106610.02,0.03606,3844.3573212
2025-10-18 04:12:25.598,106609.11,0.00015,15.991366499999998
2025-10-18 04:12:25.600,106609.1,0.00035,37.313185000000004
2025-10-18 04:12:25.601,106609.09,5e-05,5.3304545
2025-10-18 04:12:25.603,106605.72,0.0002,21.321144
2025-10-18 04:12:25.606,106600.0,0.00011,11.726
2025-10-18 04:12:25.610,106599.96,0.0001,10.659996000000001
2025-10-18 04:12:25.713,106599.97,0.00018,19.1879946
2025-10-18 04:12:25.715,106597.74,5e-05,5.329887
2025-10-18 04:12:25.722,106596.91,0.00186,198.27025260000002
2025-10-18 04:12:25.769,106596.91,0.00316,336.8462356
2025-10-18 04:12:25.908,106596.92,0.00012,12.7916304
2025-10-18 04:12:26.432,106596.92,8e-05,8.5277536
2025-10-18 04:12:26.535,106596.91,0.00012,12.791629200000001
2025-10-18 04:12:26.716,106596.91,0.09386,10005.1859726
2025-10-18 04:12:27.115,106596.92,0.0001,10.659692
2025-10-18 04:12:27.127,106596.92,0.00012,12.7916304
2025-10-18 04:12:27.770,106596.92,0.00018,19.1874456
2025-10-18 04:12:27.794,106596.91,0.00012,12.791629200000001
2025-10-18 04:12:27.917,106596.91,0.09386,10005.1859726
2025-10-18 04:12:28.281,106596.92,0.00056,59.69427519999999
2025-10-18 04:12:28.335,106596.92,0.00012,12.7916304
2025-10-18 04:12:28.966,106596.91,0.00012,12.791629200000001
2025-10-18 04:12:29.216,106596.91,0.09386,10005.1859726
2025-10-18 04:12:29.529,106596.92,0.00012,12.7916304
2025-10-18 04:12:29.854,106596.92,0.06095,6497.082273999999
2025-10-18 04:12:29.860,106596.91,0.0001,10.659691
2025-10-18 04:12:30.146,106596.91,0.00012,12.791629200000001
2025-10-18 04:12:30.323,106596.91,0.09386,10005.1859726
2025-10-18 04:12:30.735,106596.92,0.00012,12.7916304
2025-10-18 04:12:31.326,106596.91,0.09386,10005.1859726
2025-10-18 04:12:31.328,106596.91,0.00024,25.583258400000002
2025-10-18 04:12:31.376,106596.91,0.00012,12.791629200000001
2025-10-18 04:12:31.955,106596.92,0.00012,12.7916304
2025-10-18 04:12:32.404,106596.91,0.09386,10005.1859726
2025-10-18 04:12:32.483,106596.92,0.0001,10.659692
2025-10-18 04:12:32.562,106596.91,0.00012,12.791629200000001
2025-10-18 04:12:32.606,106596.91,7e-05,7.4617837
2025-10-18 04:12:32.937,106596.92,0.12473,13295.833831599999
2025-10-18 04:12:33.112,106596.92,0.00024,25.5832608
2025-10-18 04:12:33.400,106596.92,0.00012,12.7916304
2025-10-18 04:12:33.443,106596.91,0.09386,10005.1859726
2025-10-18 04:12:34.090,106596.92,0.00438,466.8945096
2025-10-18 04:12:34.308,106596.92,0.07114,7583.304888799999
2025-10-18 04:12:34.617,106596.91,0.0335,3570.996485
2025-10-18 04:12:34.621,106596.91,0.00407,433.8494237
2025-10-18 04:12:34.715,106596.55,0.0001,10.659655
2025-10-18 04:12:35.310,106595.83,0.0001,10.659583000000001
2025-10-18 04:12:35.465,106595.83,0.00176,187.6086608
2025-10-18 04:12:35.717,106594.75,0.08602,9169.280395
2025-10-18 04:12:35.719,106594.53,0.00015,15.989179499999999
2025-10-18 04:12:35.720,106594.28,5e-05,5.329714
2025-10-18 04:12:35.722,106592.65,0.0041,437.02986500000003
2025-10-18 04:12:35.724,106591.31,0.0357,3805.309767
2025-10-18 04:12:35.726,106591.3,0.00105,111.92086499999999
2025-10-18 04:12:35.833,106590.52,0.00087,92.7337524
2025-10-18 04:12:35.877,106590.52,0.01501,1599.9237052
2025-10-18 04:12:35.985,106590.25,6e-05,6.395415
2025-10-18 04:12:36.051,106590.23,8e-05,8.5272184
2025-10-18 04:12:36.594,106590.23,9e-05,9.5931207
2025-10-18 04:12:36.866,106590.22,0.09387,10005.623951399999
2025-10-18 04:12:37.672,106590.23,0.00019,20.2521437
2025-10-18 04:12:37.906,106590.22,0.09387,10005.623951399999
2025-10-18 04:12:38.947,106590.22,0.09387,10005.623951399999
2025-10-18 04:12:39.690,106590.23,0.00938,999.8163573999999
2025-10-18 04:12:40.036,106590.22,0.09387,10005.623951399999
2025-10-18 04:12:40.706,106590.22,0.18019,19206.4917418
2025-10-18 04:12:40.707,106590.22,0.15282,16289.117420400002
2025-10-18 04:12:40.708,106588.02,5e-05,5.329401000000001
2025-10-18 04:12:40.711,106588.02,5e-05,5.329401000000001
2025-10-18 04:12:40.716,106586.53,0.03403,3627.1396158999996
2025-10-18 04:12:40.735,106586.52,0.013,1385.62476
2025-10-18 04:12:40.767,106586.52,0.013,1385.62476
2025-10-18 04:12:40.772,106586.52,0.013,1385.62476
2025-10-18 04:12:41.000,106586.52,0.003,319.75956
2025-10-18 04:12:41.003,106586.52,0.003,319.75956
2025-10-18 04:12:41.117,106586.52,0.09388,10006.3424976
2025-10-18 04:12:41.556,106586.53,0.00471,502.02255629999996
2025-10-18 04:12:41.668,106586.53,5e-05,5.3293265000000005
2025-10-18 04:12:41.850,106586.53,0.00339,361.32833669999997
2025-10-18 04:12:41.929,106586.52,0.00012,12.7903824
2025-10-18 04:12:42.211,106586.52,0.09388,10006.3424976
2025-10-18 04:12:42.390,106586.53,0.00103,109.7841259
2025-10-18 04:12:43.023,106586.52,0.013,1385.62476
2025-10-18 04:12:43.026,106586.52,0.013,1385.62476
2025-10-18 04:12:43.295,106586.52,0.09388,10006.3424976
2025-10-18 04:12:43.308,106584.7,0.0001,10.65847
2025-10-18 04:12:43.323,106582.26,0.00015,15.987338999999999
2025-10-18 04:12:43.326,106582.25,0.013,1385.56925
2025-10-18 04:12:43.327,106582.25,0.01279,1363.1869775
2025-10-18 04:12:43.330,106580.91,0.0002,21.316182
2025-10-18 04:12:44.081,106580.01,6e-05,6.3948006
2025-10-18 04:12:44.313,106580.0,0.01979,2109.2182
2025-10-18 04:12:44.316,106580.0,0.00014,14.921199999999999
2025-10-18 04:12:44.317,106580.0,0.00241,256.8578
2025-10-18 04:12:44.321,106579.99,0.00135,143.88298650000002
2025-10-18 04:12:44.551,106579.58,0.00076,81.0004808
2025-10-18 04:12:45.419,106579.57,0.01593,1697.8125501000002
2025-10-18 04:12:45.471,106579.58,0.00422,449.76582759999997
2025-10-18 04:12:46.172,106579.58,0.00282,300.5544156
2025-10-18 04:12:46.559,106579.57,0.09388,10005.690031600001
2025-10-18 04:12:46.886,106579.58,0.0051,543.5558580000001
2025-10-18 04:12:46.920,106579.58,0.001,106.57958
2025-10-18 04:12:47.184,106578.9,0.0002,21.31578
2025-10-18 04:12:47.185,106577.17,0.0001,10.657717
2025-10-18 04:12:47.187,106575.87,0.00766,816.3711642
2025-10-18 04:12:47.190,106574.0,6e-05,6.39444
2025-10-18 04:12:47.197,106573.4,0.00177,188.634918
2025-10-18 04:12:47.199,106569.59,0.00015,15.985438499999997
2025-10-18 04:12:47.391,106568.31,8e-05,8.5254648
2025-10-18 04:12:47.440,106568.31,0.00028,29.839126799999995
2025-10-18 04:12:47.593,106568.31,0.09389,10005.6986259
2025-10-18 04:12:47.865,106568.32,0.00012,12.7881984
2025-10-18 04:12:48.148,106568.32,0.00468,498.73973760000007
2025-10-18 04:12:48.480,106568.32,0.0001,10.656832000000001
2025-10-18 04:12:48.581,106568.31,0.09389,10005.6986259
2025-10-18 04:12:49.148,106568.32,0.00187,199.2827584
2025-10-18 04:12:49.249,106568.32,0.04658,4963.952345600001
2025-10-18 04:12:49.564,106568.31,0.01501,1599.5903331
2025-10-18 04:12:49.674,106568.31,0.09389,10005.6986259
2025-10-18 04:12:49.732,106568.31,0.01334,1421.6212553999999
2025-10-18 04:12:49.789,106568.31,0.00167,177.9690777
2025-10-18 04:12:49.913,106568.31,0.00043,45.8243733
2025-10-18 04:12:49.932,106568.32,9e-05,9.591148800000001
2025-10-18 04:12:49.947,106568.31,0.01501,1599.5903331
2025-10-18 04:12:49.988,106568.31,0.01877,2000.2871786999997
2025-10-18 04:12:50.522,106568.32,0.2703,28805.416896
2025-10-18 04:12:50.523,106568.32,0.007,745.97824
2025-10-18 04:12:50.524,106568.32,0.14013,14933.418681600002
2025-10-18 04:12:50.527,106568.32,0.0938,9996.108416000001
2025-10-18 04:12:50.530,106568.32,0.05085,5418.9990720000005
2025-10-18 04:12:50.538,106573.39,0.00015,15.986008499999999
2025-10-18 04:12:50.685,106573.4,0.00086,91.65312399999999
2025-10-18 04:12:50.708,106574.85,0.09388,10005.246918
2025-10-18 04:12:50.910,106574.86,0.00051,54.35317860000001
2025-10-18 04:12:51.263,106574.85,0.0001,10.657485000000001
2025-10-18 04:12:51.464,106574.85,0.00469,499.8360465
2025-10-18 04:12:51.519,106574.86,0.00744,792.9169584
2025-10-18 04:12:51.817,106574.85,0.09388,10005.246918
2025-10-18 04:12:51.918,106574.86,0.00094,100.18036839999999
2025-10-18 04:12:52.058,106574.86,0.00019,20.2492234
2025-10-18 04:12:52.710,106574.86,0.01501,1599.6886486
2025-10-18 04:12:52.769,106574.85,0.09388,10005.246918
2025-10-18 04:12:53.071,106574.86,0.0001,10.657486
2025-10-18 04:12:53.081,106574.86,5e-05,5.328743
2025-10-18 04:12:53.263,106574.86,0.01501,1599.6886486
2025-10-18 04:12:53.817,106574.85,0.09388,10005.246918
2025-10-18 04:12:53.838,106579.13,0.0002,21.315826
2025-10-18 04:12:54.246,106579.59,0.00022,23.4475098
2025-10-18 04:12:54.448,106579.59,0.00016,17.052734400000002
2025-10-18 04:12:54.608,106579.58,0.00563,600.0430354
2025-10-18 04:12:54.739,106579.58,0.09388,10005.6909704
2025-10-18 04:12:54.834,106579.59,0.00254,270.7121586
2025-10-18 04:12:55.664,106579.58,0.0001,10.657958
2025-10-18 04:12:55.817,106579.58,0.09388,10005.6909704
2025-10-18 04:12:56.166,106579.59,0.00025,26.6448975
2025-10-18 04:12:56.195,106579.59,0.00093,99.1190187
2025-10-18 04:12:56.489,106579.58,0.01307,1392.9951106
2025-10-18 04:12:56.857,106579.58,0.001,106.57958
2025-10-18 04:12:56.867,106579.58,0.09388,10005.6909704
2025-10-18 04:12:56.884,106579.59,0.00055,58.6187745
2025-10-18 04:12:56.916,106585.48,0.00025,26.64637
2025-10-18 04:12:57.792,106585.48,0.09388,10006.2448624
2025-10-18 04:12:57.918,106585.49,0.0058,618.195842
2025-10-18 04:12:58.276,106585.49,0.00187,199.3148663
2025-10-18 04:12:58.445,106585.49,0.0001,10.658549
2025-10-18 04:12:58.577,106585.49,0.0224,2387.514976
2025-10-18 04:12:58.831,106585.48,0.09388,10006.2448624
2025-10-18 04:12:58.928,106585.49,8e-05,8.526839200000001
2025-10-18 04:12:59.023,106585.49,0.02421,2580.4347129
2025-10-18 04:12:59.026,106585.97,0.00608,648.0426976
2025-10-18 04:12:59.031,106588.03,0.09296,9908.4232688
2025-10-18 04:12:59.039,106588.03,0.02551,2719.0606453
2025-10-18 04:12:59.042,106591.29,0.01872,1995.3889488
2025-10-18 04:12:59.062,106591.29,0.14318,15261.7409022
2025-10-18 04:12:59.070,106593.08,0.00015,15.988961999999999
2025-10-18 04:12:59.093,106593.17,0.0001,10.659317
2025-10-18 04:12:59.276,106593.26,0.00016,17.0549216
2025-10-18 04:12:59.817,106593.26,0.09386,10004.843383599999
2025-10-18 04:13:00.167,106593.26,0.0003,31.977977999999997
2025-10-18 04:13:00.419,106593.26,0.00626,667.2738075999999
2025-10-18 04:13:00.557,106593.26,0.0001,10.659326
2025-10-18 04:13:00.816,106593.26,0.09386,10004.843383599999
2025-10-18 04:13:00.948,106593.27,0.00499,531.9004173
2025-10-18 04:13:01.823,106593.26,0.09386,10004.843383599999
2025-10-18 04:13:02.113,106593.27,0.0047,500.98836900000003
2025-10-18 04:13:02.432,106593.26,0.00107,114.05478819999999
2025-10-18 04:13:02.486,106593.26,5e-05,5.329663
2025-10-18 04:13:02.701,106593.27,0.00046,49.032904200000004
2025-10-18 04:13:02.826,106593.27,0.00015,15.9889905
2025-10-18 04:13:02.864,106593.26,0.09386,10004.843383599999
2025-10-18 04:13:03.060,106593.27,5e-05,5.3296635000000006
2025-10-18 04:13:03.085,106593.27,0.00932,993.4492764
2025-10-18 04:13:03.159,106593.27,0.0001,10.659327000000001
2025-10-18 04:13:03.225,106593.26,0.01469,1565.8549894
2025-10-18 04:13:03.319,106593.26,0.01361,1450.7342686
2025-10-18 04:13:03.352,106593.26,0.04138,4410.8290988
2025-10-18 04:13:03.506,106593.27,0.00021,22.384586700000003
2025-10-18 04:13:03.817,106593.26,0.09386,10004.843383599999
2025-10-18 04:13:04.025,106593.26,0.00034,36.2417084
2025-10-18 04:13:04.083,106593.26,0.00488,520.1751088
2025-10-18 04:13:04.125,106593.27,0.00296,315.51607920000004
2025-10-18 04:13:04.784,106593.27,0.0001,10.659327000000001
2025-10-18 04:13:04.818,106593.27,0.02553,2721.3261831
2025-10-18 04:13:04.984,106593.26,0.09386,10004.843383599999
2025-10-18 04:13:05.648,106593.27,0.00019,20.2527213
2025-10-18 04:13:05.822,106593.26,0.013,1385.71238
2025-10-18 04:13:05.825,106593.25,0.01465,1561.5911125
2025-10-18 04:13:05.829,106593.25,0.03595,3832.0273375
2025-10-18 04:13:05.835,106593.09,0.0001,10.659309
2025-10-18 04:13:05.838,106592.17,0.0002,21.318434
2025-10-18 04:13:05.846,106591.36,0.0009,95.93222399999999
2025-10-18 04:13:06.017,106590.75,0.09388,10006.73961
2025-10-18 04:13:06.812,106590.76,6e-05,6.3954455999999995
2025-10-18 04:13:07.160,106590.75,0.09388,10006.73961
2025-10-18 04:13:07.364,106590.75,0.0001,10.659075
2025-10-18 04:13:07.883,106590.75,0.00045,47.9658375
2025-10-18 04:13:08.199,106590.75,0.00319,340.0244925
2025-10-18 04:13:08.733,106590.76,0.00011,11.7249836
2025-10-18 04:13:09.189,106590.76,4e-05,4.2636304
2025-10-18 04:13:09.239,106590.75,0.09388,10006.73961
2025-10-18 04:13:09.243,106590.76,0.00086,91.6680536
2025-10-18 04:13:09.600,106590.76,0.00012,12.790891199999999
2025-10-18 04:13:10.180,106590.75,0.0005,53.295375
2025-10-18 04:13:10.317,106590.75,0.09387,10005.6737025
2025-10-18 04:13:11.017,106590.75,0.00029,30.9113175
2025-10-18 04:13:11.422,106590.75,0.09387,10005.6737025
2025-10-18 04:13:12.617,106590.75,0.09387,10005.6737025
2025-10-18 04:13:13.214,106590.75,0.00469,499.91061749999994
2025-10-18 04:13:13.449,106590.75,0.00556,592.6445699999999
2025-10-18 04:13:13.617,106590.75,0.09387,10005.6737025
2025-10-18 04:13:13.662,106590.76,0.00016,17.0545216
2025-10-18 04:13:14.595,106590.75,0.09387,10005.6737025
2025-10-18 04:13:15.091,106590.75,0.004,426.363
2025-10-18 04:13:15.222,106590.76,0.00012,12.790891199999999
2025-10-18 04:13:15.291,106590.75,0.00012,12.790890000000001
2025-10-18 04:13:15.716,106590.75,0.02323,2476.1031225
2025-10-18 04:13:16.728,106590.76,0.00012,12.790891199999999
2025-10-18 04:13:16.864,106590.75,0.00188,200.39060999999998
2025-10-18 04:13:17.820,106590.76,0.00012,12.790891199999999
2025-10-18 04:13:17.932,106590.76,0.00018,19.1863368
2025-10-18 04:13:18.029,106590.76,0.0001,10.659076
2025-10-18 04:13:18.211,106590.75,0.00169,180.13836750000002
2025-10-18 04:13:19.194,106590.76,0.00012,12.790891199999999
2025-10-18 04:13:19.797,106590.75,0.0001,10.659075
2025-10-18 04:13:20.389,106590.76,0.00012,12.790891199999999
2025-10-18 04:13:21.246,106590.75,0.00273,290.99274749999995
2025-10-18 04:13:21.285,106590.76,0.01057,1126.6643331999999
2025-10-18 04:13:21.521,106590.76,0.00012,12.790891199999999
2025-10-18 04:13:22.754,106590.76,0.00012,12.790891199999999
2025-10-18 04:13:23.722,106590.75,0.00097,103.3930275
2025-10-18 04:13:24.019,106590.76,0.00012,12.790891199999999
2025-10-18 04:13:24.343,106590.76,0.0001,10.659076
2025-10-18 04:13:24.748,106590.76,0.00018,19.1863368
2025-10-18 04:13:24.860,106590.75,0.09387,10005.6737025
2025-10-18 04:13:24.913,106590.76,0.00939,1000.8872364
2025-10-18 04:13:25.198,106590.76,0.00012,12.790891199999999
2025-10-18 04:13:25.341,106590.76,0.00019,20.2522444
2025-10-18 04:13:25.825,106590.76,0.00018,19.1863368
2025-10-18 04:13:25.899,106590.75,0.09387,10005.6737025
2025-10-18 04:13:26.089,106590.75,0.0001,10.659075
2025-10-18 04:13:26.682,106590.75,7e-05,7.461352499999999
2025-10-18 04:13:27.017,106590.75,0.09387,10005.6737025
2025-10-18 04:13:27.632,106590.76,0.0012,127.90891199999999
2025-10-18 04:13:28.116,106590.75,0.09387,10005.6737025
2025-10-18 04:13:28.389,106590.76,0.00018,19.1863368
2025-10-18 04:13:28.672,106590.76,0.00408,434.89030080000003
2025-10-18 04:13:28.968,106590.75,8e-05,8.52726
2025-10-18 04:13:29.070,106590.75,0.09387,10005.6737025
2025-10-18 04:13:29.983,106590.76,0.00508,541.4810608
2025-10-18 04:13:29.989,106590.75,9e-05,9.5931675
2025-10-18 04:13:30.207,106590.75,0.09387,10005.6737025
2025-10-18 04:13:30.935,106590.76,0.00047,50.09765719999999
2025-10-18 04:13:31.143,106590.75,0.09387,10005.6737025
2025-10-18 04:13:32.115,106590.75,0.26317,28051.4876775
2025-10-18 04:13:32.116,106589.67,0.0009,95.930703
2025-10-18 04:13:32.140,106589.16,0.0008,85.27132800000001
2025-10-18 04:13:32.150,106589.16,5e-05,5.329458000000001
2025-10-18 04:13:32.179,106586.38,0.0117,1247.0606460000001
2025-10-18 04:13:32.181,106586.38,0.013,1385.62294
2025-10-18 04:13:32.182,106585.49,0.00782,833.4985318000001
2025-10-18 04:13:32.184,106585.49,0.09387,10005.1799463
2025-10-18 04:13:32.224,106585.49,0.25854,27556.6125846
2025-10-18 04:13:32.247,106585.49,0.00101,107.65134490000001
2025-10-18 04:13:32.258,106585.49,0.00735,783.4033515
2025-10-18 04:13:32.267,106584.36,0.00583,621.3868188
2025-10-18 04:13:32.589,106583.44,0.00464,494.54716160000004
2025-10-18 04:13:33.217,106583.43,0.02939,3132.4870076999996
2025-10-18 04:13:33.218,106580.62,0.00019,20.2503178
2025-10-18 04:13:33.222,106579.59,0.02977,3172.8743943
2025-10-18 04:13:33.224,106579.59,0.00268,285.6333012
2025-10-18 04:13:33.417,106579.58,0.09388,10005.6909704
2025-10-18 04:13:34.442,106579.58,0.09388,10005.6909704
2025-10-18 04:13:34.858,106579.59,0.00085,90.59265149999999
2025-10-18 04:13:35.502,106579.58,0.09388,10005.6909704
2025-10-18 04:13:35.515,106579.58,0.03692,3934.9180936000002
2025-10-18 04:13:36.162,106579.59,8e-05,8.526367200000001
2025-10-18 04:13:36.299,106579.59,0.0469,4998.582770999999
2025-10-18 04:13:36.516,106579.58,0.02889,3079.0840662
2025-10-18 04:13:36.782,106579.59,0.00282,300.5544438
2025-10-18 04:13:37.582,106579.58,0.00446,475.34492680000005
2025-10-18 04:13:37.782,106579.57,0.0006,63.947742
2025-10-18 04:13:37.973,106579.56,0.00088,93.7900128
2025-10-18 04:13:38.519,106579.55,0.09388,10005.688154000001
2025-10-18 04:13:38.588,106579.55,0.00166,176.922053
2025-10-18 04:13:39.500,106578.47,0.09388,10005.5867636
2025-10-18 04:13:39.814,106578.48,0.0003,31.973543999999997
2025-10-18 04:13:39.881,106578.48,0.00712,758.8387776
2025-10-18 04:13:40.617,106578.47,0.09388,10005.5867636
2025-10-18 04:13:41.208,106578.48,0.00094,100.1837712
2025-10-18 04:13:41.844,106578.47,0.09388,10005.5867636
2025-10-18 04:13:41.920,106578.47,0.013,1385.52011
2025-10-18 04:13:41.921,106578.47,0.013,1385.52011
2025-10-18 04:13:41.922,106578.47,0.013,1385.52011
2025-10-18 04:13:42.740,106578.48,0.00938,999.7061423999999
2025-10-18 04:13:42.917,106578.47,0.05035,5366.2259645
2025-10-18 04:13:42.982,106578.48,0.00207,220.61745359999998
2025-10-18 04:13:43.974,106578.47,0.09388,10005.5867636
2025-10-18 04:13:44.276,106578.48,0.00046,49.0261008
2025-10-18 04:13:45.011,106578.48,7e-05,7.4604935999999995
2025-10-18 04:13:45.115,106578.47,0.09388,10005.5867636
2025-10-18 04:13:45.393,106578.48,0.00048,51.1576704
2025-10-18 04:13:45.768,106578.48,0.0024,255.78835199999997
2025-10-18 04:13:45.861,106578.48,0.00093,99.1179864
2025-10-18 04:13:45.903,106578.47,0.0005,53.289235000000005
2025-10-18 04:13:46.117,106578.47,0.01967,2096.3985049
2025-10-18 04:13:46.969,106578.47,0.013,1385.52011
2025-10-18 04:13:46.970,106578.47,0.013,1385.52011
2025-10-18 04:13:46.981,106578.47,7e-05,7.460492899999999
2025-10-18 04:13:47.190,106578.47,0.09388,10005.5867636
2025-10-18 04:13:47.899,106578.48,0.00072,76.7365056
2025-10-18 04:13:48.151,106578.48,0.00021,22.3814808
2025-10-18 04:13:48.231,106578.47,0.09388,10005.5867636
2025-10-18 04:13:48.561,106578.47,0.02076,2212.5690372
2025-10-18 04:13:48.982,106578.47,0.00056,59.683943199999995
2025-10-18 04:13:49.323,106578.47,0.09388,10005.5867636
2025-10-18 04:13:49.685,106578.47,8e-05,8.5262776
2025-10-18 04:13:49.978,106578.48,0.00023,24.5130504
2025-10-18 04:13:50.466,106578.47,0.09388,10005.5867636
2025-10-18 04:13:51.611,106578.47,0.09388,10005.5867636
2025-10-18 04:13:52.112,106578.48,0.00028,29.841974399999998
2025-10-18 04:13:52.517,106578.47,0.09388,10005.5867636
2025-10-18 04:13:52.789,106578.48,0.00274,292.0250352
2025-10-18 04:13:53.470,106578.48,0.02507,2671.9224935999996
2025-10-18 04:13:53.616,106578.47,0.09388,10005.5867636
2025-10-18 04:13:54.622,106578.47,0.09388,10005.5867636
2025-10-18 04:13:54.708,106578.47,0.00556,592.5762932
2025-10-18 04:13:54.713,106578.47,0.00867,924.0353349000001
2025-10-18 04:13:55.247,106578.48,0.00154,164.13085919999997
2025-10-18 04:13:55.257,106578.48,0.00307,327.1959336
2025-10-18 04:13:55.607,106578.47,0.09388,10005.5867636
2025-10-18 04:13:56.030,106578.48,0.00354,377.2878192
2025-10-18 04:13:56.694,106578.47,0.09388,10005.5867636
2025-10-18 04:13:56.918,106578.47,0.30118,32099.3035946
2025-10-18 04:13:56.942,106578.47,0.007,746.04929
2025-10-18 04:13:57.882,106578.47,0.09388,10005.5867636
2025-10-18 04:13:58.227,106578.48,0.00122,130.0257456
2025-10-18 04:13:58.282,106578.47,0.00033,35.1708951
2025-10-18 04:13:58.867,106578.47,0.09388,10005.5867636
2025-10-18 04:13:59.256,106578.47,0.00135,143.8809345
2025-10-18 04:13:59.583,106578.47,7e-05,7.460492899999999
2025-10-18 04:14:00.059,106578.47,0.09388,10005.5867636
2025-10-18 04:14:00.405,106578.48,5e-05,5.328924
2025-10-18 04:14:01.043,106578.47,0.09388,10005.5867636
2025-10-18 04:14:01.140,106578.48,0.00011,11.7236328
2025-10-18 04:14:02.004,106578.47,0.00028,29.841971599999997
2025-10-18 04:14:02.116,106578.47,0.09388,10005.5867636
2025-10-18 04:14:03.325,106578.47,0.09388,10005.5867636
2025-10-18 04:14:03.494,106578.47,0.00386,411.3928942
2025-10-18 04:14:04.100,106578.48,0.21521,22936.7546808
2025-10-18 04:14:04.101,106578.48,0.05157,5496.2522136
2025-10-18 04:14:04.104,106578.56,0.0001,10.657856
2025-10-18 04:14:04.107,106578.6,0.0012,127.89432
2025-10-18 04:14:04.108,106578.61,0.00014,14.921005399999999
2025-10-18 04:14:04.140,106579.59,0.01162,1238.4548358
2025-10-18 04:14:04.142,106579.7,0.0002,21.31594
2025-10-18 04:14:04.144,106579.7,0.0002,21.31594
2025-10-18 04:14:04.149,106582.33,0.00015,15.987349499999999
2025-10-18 04:14:04.179,106582.75,0.00015,15.987412499999998
2025-10-18 04:14:04.181,106582.75,0.0002,21.31655
2025-10-18 04:14:04.184,106583.44,0.00119,126.83429360000001
2025-10-18 04:14:04.185,106584.39,0.00015,15.987658499999998
2025-10-18 04:14:04.187,106584.87,0.00583,621.3897921
2025-10-18 04:14:04.188,106584.87,0.00107,114.04581089999999
2025-10-18 04:14:04.189,106587.0,6e-05,6.39522
2025-10-18 04:14:04.256,106588.56,0.09387,10005.4681272
2025-10-18 04:14:04.958,106588.56,0.00585,623.543076
2025-10-18 04:14:05.083,106588.57,0.073,7780.96561
2025-10-18 04:14:05.216,106596.75,6e-05,6.395805
2025-10-18 04:14:05.270,106598.91,0.0003,31.979673
2025-10-18 04:14:05.391,106598.9,0.09387,10006.438742999999
2025-10-18 04:14:05.431,106598.91,0.0208,2217.257328
2025-10-18 04:14:05.670,106598.9,0.00054,57.563406
2025-10-18 04:14:05.845,106598.9,0.00073,77.817197
2025-10-18 04:14:06.205,106598.91,0.00314,334.7205774
2025-10-18 04:14:06.582,106598.9,0.09387,10006.438742999999
2025-10-18 04:14:07.026,106598.91,0.00556,592.6899396
2025-10-18 04:14:07.698,106598.9,0.01152,1228.019328
2025-10-18 04:14:07.701,106598.79,0.0002,21.319758
2025-10-18 04:14:07.703,106597.8,0.00104,110.861712
2025-10-18 04:14:07.728,106594.28,5e-05,5.329714
2025-10-18 04:14:07.735,106590.76,0.15365,16377.670274
2025-10-18 04:14:07.758,106588.81,0.02983,3179.5442022999996
2025-10-18 04:14:07.771,106588.81,0.09383,10001.2280423
2025-10-18 04:14:07.790,106588.8,0.00105,111.91824
2025-10-18 04:14:07.836,106581.34,5e-05,5.329067
2025-10-18 04:14:07.922,106581.08,0.0533,5680.771564
2025-10-18 04:14:08.707,106581.08,0.09388,10005.831790400001
2025-10-18 04:14:08.810,106581.08,0.00092,98.0545936
2025-10-18 04:14:08.892,106581.09,0.00049,52.2247341
2025-10-18 04:14:09.512,106581.09,0.00833,887.8204797000001
2025-10-18 04:14:09.617,106581.08,0.09388,10005.831790400001
2025-10-18 04:14:10.033,106581.08,0.00024,25.579459200000002
2025-10-18 04:14:10.730,106581.08,0.09388,10005.831790400001
2025-10-18 04:14:10.731,106581.08,0.00085,90.593918
2025-10-18 04:14:11.235,106581.09,0.00367,391.1526003
2025-10-18 04:14:11.917,106581.08,0.09388,10005.831790400001
2025-10-18 04:14:12.025,106581.08,8e-05,8.526486400000001
2025-10-18 04:14:12.120,106581.09,0.00892,950.7033228
2025-10-18 04:14:12.249,106581.09,0.00825,879.2939925000001
2025-10-18 04:14:12.670,106581.09,0.00092,98.0546028
2025-10-18 04:14:12.907,106581.08,0.09387,10004.765979599999
2025-10-18 04:14:13.109,106588.57,5e-05,5.329428500000001
2025-10-18 04:14:13.937,106594.19,0.02,2131.8838
2025-10-18 04:14:13.939,106594.19,0.09387,10005.9966153
2025-10-18 04:14:13.942,106594.19,7e-05,7.4615933
2025-10-18 04:14:13.981,106594.19,0.01929,2056.2019251
2025-10-18 04:14:14.497,106594.2,0.01874,1997.575308
2025-10-18 04:14:15.117,106594.19,0.09387,10005.9966153
2025-10-18 04:14:15.732,106594.2,0.00094,100.19854799999999
2025-10-18 04:14:15.832,106594.19,0.00012,12.7913028
2025-10-18 04:14:16.112,106594.19,0.09387,10005.9966153
2025-10-18 04:14:16.282,106594.2,0.0001,10.65942
2025-10-18 04:14:16.492,106594.2,0.00169,180.14419800000002
2025-10-18 04:14:16.511,106594.2,0.00047,50.099273999999994
2025-10-18 04:14:16.843,106594.2,0.0001,10.65942
2025-10-18 04:14:16.891,106594.2,0.0001,10.65942
2025-10-18 04:14:16.924,106594.2,0.00019,20.252898000000002
2025-10-18 04:14:16.942,106594.2,0.01877,2000.7731339999998
2025-10-18 04:14:17.085,106594.2,0.0001,10.65942
2025-10-18 04:14:17.317,106594.19,0.09387,10005.9966153
2025-10-18 04:14:17.382,106594.2,0.00038,40.505796000000004
2025-10-18 04:14:17.518,106594.2,0.00019,20.252898000000002
2025-10-18 04:14:17.590,106594.2,0.00047,50.099273999999994
2025-10-18 04:14:17.619,106594.2,0.00019,20.252898000000002
2025-10-18 04:14:18.392,106594.2,0.0001,10.65942
2025-10-18 04:14:18.417,106594.19,0.09387,10005.9966153
2025-10-18 04:14:18.718,106594.2,0.0001,10.65942
2025-10-18 04:14:18.782,106594.2,0.00047,50.099273999999994
2025-10-18 04:14:18.812,106594.2,0.00047,50.099273999999994
2025-10-18 04:14:19.517,106594.19,0.09387,10005.9966153
2025-10-18 04:14:19.535,106594.19,0.0002,21.318838000000003
2025-10-18 04:14:20.262,106594.19,9e-05,9.593477100000001
2025-10-18 04:14:20.571,106594.19,0.09387,10005.9966153
2025-10-18 04:14:20.751,106594.19,8e-05,8.5275352
2025-10-18 04:14:21.062,106594.2,0.0001,10.65942
2025-10-18 04:14:21.320,106594.19,0.00019,20.2528961
2025-10-18 04:14:21.612,106594.19,0.09387,10005.9966153
2025-10-18 04:14:22.433,106594.19,0.00197,209.9905543
2025-10-18 04:14:22.598,106594.19,0.09387,10005.9966153
2025-10-18 04:14:22.847,106594.2,0.00069,73.54999799999999
2025-10-18 04:14:23.267,106594.2,5e-05,5.32971
2025-10-18 04:14:23.453,106594.2,0.00036,38.373912000000004
2025-10-18 04:14:23.582,106594.2,7e-05,7.461593999999999
2025-10-18 04:14:23.635,106594.19,0.09387,10005.9966153
2025-10-18 04:14:24.281,106593.59,0.00015,15.989038499999998
2025-10-18 04:14:24.292,106593.09,6e-05,6.3955854
2025-10-18 04:14:24.312,106588.48,0.00015,15.988271999999998
2025-10-18 04:14:24.332,106588.47,5e-05,5.329423500000001
2025-10-18 04:14:24.336,106588.25,0.013,1385.64725
2025-10-18 04:14:24.338,106588.25,0.01159,1235.3578175
2025-10-18 04:14:24.667,106587.8,0.09311,9924.390058
2025-10-18 04:14:24.824,106587.69,0.0002,21.317538000000003
2025-10-18 04:14:25.175,106586.71,0.00051,54.359222100000004
2025-10-18 04:14:25.353,106586.71,0.07131,7600.6982901
2025-10-18 04:14:25.855,106586.7,0.09388,10006.359396
2025-10-18 04:14:26.998,106584.63,0.07634,8136.670654200001
2025-10-18 04:14:27.228,106584.63,0.00166,176.9304858
2025-10-18 04:14:27.340,106583.27,0.00296,315.4864792
2025-10-18 04:14:28.067,106581.49,0.00163,173.7278287
2025-10-18 04:14:28.114,106581.49,0.00093,99.12078570000001
2025-10-18 04:14:28.117,106581.48,0.09388,10005.8693424
2025-10-18 04:14:29.170,106581.48,0.00012,12.789777599999999
2025-10-18 04:14:29.283,106581.48,0.00333,354.9163284
2025-10-18 04:14:29.418,106581.49,0.00017,18.1188533
2025-10-18 04:14:29.498,106581.48,5e-05,5.329074
2025-10-18 04:14:29.851,106581.49,0.00033,35.1718917
2025-10-18 04:14:30.033,106581.48,0.00016,17.0530368
2025-10-18 04:14:30.417,106581.48,0.0884,9421.802832000001
2025-10-18 04:14:31.415,106581.48,0.08828,9409.013054399999
2025-10-18 04:14:31.756,106581.49,0.00903,962.4308547
2025-10-18 04:14:31.943,106581.49,0.00179,190.7808671
2025-10-18 04:14:31.944,106581.48,9e-05,9.5923332
2025-10-18 04:14:32.517,106581.48,0.00256,272.8485888
2025-10-18 04:14:33.552,106581.48,0.09388,10005.8693424
2025-10-18 04:14:33.648,106581.49,0.00249,265.3879101
2025-10-18 04:14:34.543,106581.49,0.00736,784.4397664
2025-10-18 04:14:34.588,106581.48,0.09388,10005.8693424
2025-10-18 04:14:34.669,106581.48,0.00228,243.00577439999998
2025-10-18 04:14:35.521,106581.49,0.02353,2507.8624597
2025-10-18 04:14:35.731,106581.48,0.09388,10005.8693424
2025-10-18 04:14:36.215,106586.7,0.00015,15.988004999999998
2025-10-18 04:14:36.766,106592.14,0.09387,10005.8041818
2025-10-18 04:14:36.891,106592.14,0.00038,40.5050132
2025-10-18 04:14:37.817,106592.14,0.09387,10005.8041818
2025-10-18 04:14:38.403,106592.15,0.15,15988.822499999998
2025-10-18 04:14:38.521,106592.14,0.01,1065.9214
2025-10-18 04:14:39.105,106592.14,0.09387,10005.8041818
2025-10-18 04:14:39.469,106592.15,0.00092,98.064778
2025-10-18 04:14:39.861,106592.15,0.00097,103.3943855
2025-10-18 04:14:40.025,106592.14,0.00663,706.7058882
2025-10-18 04:14:40.082,106592.14,6e-05,6.3955284
2025-10-18 04:14:40.086,106592.14,0.09387,10005.8041818
2025-10-18 04:14:40.116,106592.15,0.00035,37.3072525
2025-10-18 04:14:40.332,106592.15,0.00173,184.4044195
2025-10-18 04:14:40.882,106592.15,0.00322,343.226723
2025-10-18 04:14:41.071,106592.14,0.09386,10004.7382604
2025-10-18 04:14:41.217,106592.14,0.0003,31.977641999999996
2025-10-18 04:14:41.315,106592.14,0.0005,53.29607
2025-10-18 04:14:41.958,106592.14,0.01867,1990.0752538
2025-10-18 04:14:42.107,106592.15,0.00163,173.74520449999997
2025-10-18 04:14:42.111,106592.14,0.09386,10004.7382604
2025-10-18 04:14:42.190,106592.15,0.18699,19931.666128499997
2025-10-18 04:14:42.191,106593.5,6e-05,6.3956100000000005
2025-10-18 04:14:42.196,106594.19,0.00072,76.74781680000001
2025-10-18 04:14:42.203,106599.98,5e-05,5.329999
2025-10-18 04:14:42.206,106602.8,6e-05,6.396168
2025-10-18 04:14:42.278,106602.8,0.00092,98.07457600000001
2025-10-18 04:14:42.279,106602.8,0.00929,990.340012
2025-10-18 04:14:42.280,106602.8,0.0048,511.69343999999995
2025-10-18 04:14:42.419,106602.8,0.00029,30.914812
2025-10-18 04:14:43.255,106602.79,0.09386,10005.7378694
2025-10-18 04:14:43.760,106602.8,0.00731,779.266468
2025-10-18 04:14:44.200,106602.79,7e-05,7.4621952999999985
2025-10-18 04:14:44.415,106611.66,0.0001,10.661166000000001
2025-10-18 04:14:44.416,106611.67,0.09386,10006.5713462
2025-10-18 04:14:44.519,106611.68,0.00033,35.1818544
2025-10-18 04:14:45.028,106611.67,0.00046,49.0413682
2025-10-18 04:14:45.247,106611.68,0.00425,453.09964
2025-10-18 04:14:45.482,106611.67,0.09385,10005.5052295
2025-10-18 04:14:45.574,106611.67,7e-05,7.462816899999999
2025-10-18 04:14:46.485,106611.67,0.00521,555.4468007
2025-10-18 04:14:46.576,106611.67,0.09385,10005.5052295
2025-10-18 04:14:46.732,106611.67,0.00023,24.5206841
2025-10-18 04:14:46.889,106611.68,0.01501,1600.2413168
2025-10-18 04:14:47.045,106611.68,0.01501,1600.2413168
2025-10-18 04:14:47.553,106611.67,0.09385,10005.5052295
2025-10-18 04:14:48.645,106611.67,0.09385,10005.5052295
2025-10-18 04:14:49.609,106611.67,9e-05,9.5950503
2025-10-18 04:14:49.684,106611.67,0.09385,10005.5052295
2025-10-18 04:14:50.332,106611.68,0.00188,200.42995839999998
2025-10-18 04:14:50.828,106611.67,0.09385,10005.5052295
2025-10-18 04:14:51.013,106611.68,0.00011,11.7272848
2025-10-18 04:14:51.867,106611.67,0.09385,10005.5052295
2025-10-18 04:14:52.917,106611.67,0.09385,10005.5052295
2025-10-18 04:14:53.482,106611.67,0.00804,857.1578268000001
2025-10-18 04:14:53.610,106611.67,9e-05,9.5950503
2025-10-18 04:14:53.706,106611.68,0.00012,12.7934016
2025-10-18 04:14:54.017,106611.67,0.09385,10005.5052295
2025-10-18 04:14:55.018,106611.67,0.09385,10005.5052295
2025-10-18 04:14:55.284,106611.67,0.00045,47.9752515
2025-10-18 04:14:56.074,106611.67,0.09385,10005.5052295
2025-10-18 04:14:56.335,106611.68,0.00051,54.3719568
2025-10-18 04:14:56.810,106611.68,0.00845,900.8686959999999
2025-10-18 04:14:57.152,106611.67,0.09385,10005.5052295
2025-10-18 04:14:58.217,106611.67,0.09385,10005.5052295
2025-10-18 04:14:58.351,106611.68,0.00468,498.94266239999996
2025-10-18 04:14:59.196,106611.67,0.09385,10005.5052295
2025-10-18 04:14:59.332,106611.68,0.00066,70.3637088
2025-10-18 04:15:00.284,106611.67,0.09385,10005.5052295
2025-10-18 04:15:00.364,106611.68,0.00121,129.0001328
2025-10-18 04:15:00.534,106611.68,6e-05,6.3967008
2025-10-18 04:15:00.726,106611.68,0.00226,240.94239679999995
2025-10-18 04:15:00.743,106611.67,0.00974,1038.3976658
2025-10-18 04:15:00.827,106611.68,0.00013,13.859518399999997
2025-10-18 04:15:00.930,106611.68,0.0002,21.322336
2025-10-18 04:15:00.982,106611.68,0.0001,10.661168
2025-10-18 04:15:01.260,106611.67,0.09385,10005.5052295
2025-10-18 04:15:02.033,106611.67,8e-05,8.5289336
2025-10-18 04:15:02.317,106611.67,0.09385,10005.5052295
2025-10-18 04:15:02.519,106611.67,0.0009,95.950503
2025-10-18 04:15:02.557,106611.68,0.0001,10.661168
2025-10-18 04:15:02.701,106611.68,0.00336,358.2152448
2025-10-18 04:15:03.371,106611.67,0.00036,38.3802012
2025-10-18 04:15:03.430,106611.67,0.09385,10005.5052295
2025-10-18 04:15:03.473,106611.67,7e-05,7.462816899999999
2025-10-18 04:15:03.729,106611.68,0.00916,976.5629887999999
2025-10-18 04:15:04.517,106611.67,0.09385,10005.5052295
2025-10-18 04:15:05.625,106611.67,0.00558,594.8931186
2025-10-18 04:15:05.714,106611.67,0.09385,10005.5052295
2025-10-18 04:15:06.917,106611.67,0.09385,10005.5052295
2025-10-18 04:15:06.993,106611.68,0.00091,97.01662879999999
2025-10-18 04:15:07.118,106611.68,0.00039,41.5785552
2025-10-18 04:15:07.589,106611.68,0.23793,25366.117022399998
2025-10-18 04:15:07.602,106611.68,0.03739,3986.2107152
2025-10-18 04:15:07.615,106617.78,0.0001,10.661778
2025-10-18 04:15:07.819,106620.13,7e-05,7.4634091
2025-10-18 04:15:07.896,106620.13,0.09385,10006.299200500001
2025-10-18 04:15:08.063,106620.14,0.00612,652.5152568
2025-10-18 04:15:08.880,106620.13,0.09384,10005.232999200001
2025-10-18 04:15:08.913,106620.14,5e-05,5.3310070000000005
2025-10-18 04:15:09.126,106620.14,0.00118,125.81176520000001
2025-10-18 04:15:09.613,106620.14,0.00094,100.2229316
2025-10-18 04:15:09.816,106620.13,0.09384,10005.232999200001
2025-10-18 04:15:10.219,106620.13,0.00014,14.9268182
2025-10-18 04:15:10.279,106620.13,0.00556,592.8079228
2025-10-18 04:15:10.327,106620.13,0.07779,8293.9799127
2025-10-18 04:15:10.826,106620.14,0.00093,99.1567302
2025-10-18 04:15:10.955,106620.13,0.09384,10005.232999200001
2025-10-18 04:15:11.064,106620.14,0.00013,13.8606182
2025-10-18 04:15:11.992,106620.13,0.09384,10005.232999200001
2025-10-18 04:15:12.224,106620.14,0.0043,458.466602
2025-10-18 04:15:12.891,106620.13,0.00011,11.728214300000001
2025-10-18 04:15:13.031,106620.13,0.09384,10005.232999200001
2025-10-18 04:15:13.587,106620.14,0.00039,41.5818546
2025-10-18 04:15:14.117,106620.13,0.09384,10005.232999200001
2025-10-18 04:15:14.350,106620.14,0.00013,13.8606182
2025-10-18 04:15:14.738,106620.14,0.0001,10.662014000000001
2025-10-18 04:15:14.782,106620.13,0.0002,21.324026000000003
2025-10-18 04:15:14.957,106620.13,7e-05,7.4634091
2025-10-18 04:15:15.117,106620.13,0.09384,10005.232999200001
2025-10-18 04:15:16.148,106620.14,0.00468,498.9822552
2025-10-18 04:15:16.226,106620.13,0.09384,10005.232999200001
2025-10-18 04:15:16.829,106620.14,6e-05,6.3972084
2025-10-18 04:15:17.382,106620.14,0.00015,15.993020999999999
2025-10-18 04:15:17.554,106620.14,0.00036,38.3832504
2025-10-18 04:15:17.738,106620.14,0.00026,27.7212364
2025-10-18 04:15:18.026,106620.13,0.00094,100.2229222
2025-10-18 04:15:18.275,106620.14,0.07158,7631.8696212
2025-10-18 04:15:19.610,106620.14,0.0001,10.662014000000001
2025-10-18 04:15:19.700,106620.14,0.00499,532.0344986
2025-10-18 04:15:19.929,106620.14,0.00266,283.6095724
2025-10-18 04:15:20.166,106620.14,0.00387,412.6199418
2025-10-18 04:15:20.837,106620.14,0.00024,25.5888336
2025-10-18 04:15:21.106,106620.14,0.00556,592.8079784
2025-10-18 04:15:21.785,106620.13,0.00219,233.49808470000002
2025-10-18 04:15:22.618,106620.13,0.00039,41.581850700000004
2025-10-18 04:15:22.873,106620.14,0.00012,12.7944168
2025-10-18 04:15:23.113,106620.14,0.00045,47.979063
2025-10-18 04:15:23.322,106620.13,0.0002,21.324026000000003
2025-10-18 04:15:23.437,106620.14,8e-05,8.529611200000002
2025-10-18 04:15:23.945,106620.14,7e-05,7.463409799999999
2025-10-18 04:15:25.300,106620.14,0.00375,399.82552499999997
2025-10-18 04:15:25.916,106620.13,4e-05,4.2648052000000005
2025-10-18 04:15:27.457,106620.14,0.00011,11.7282154
2025-10-18 04:15:27.482,106620.13,0.00108,115.14974040000001
2025-10-18 04:15:27.632,106620.14,0.00187,199.37966179999998
2025-10-18 04:15:27.782,106620.14,0.00033,35.1846462
2025-10-18 04:15:29.052,106620.14,0.00607,647.1842498
2025-10-18 04:15:29.661,106620.13,6e-05,6.3972078
2025-10-18 04:15:30.537,106620.13,0.00036,38.3832468
2025-10-18 04:15:31.257,106620.13,0.00051,54.376266300000005
2025-10-18 04:15:31.340,106620.14,0.02309,2461.8590326
2025-10-18 04:15:31.357,106620.13,0.20084,21413.5869092
2025-10-18 04:15:31.358,106620.13,0.013,1386.06169
2025-10-18 04:15:31.359,106620.13,0.06307,6724.531599100001
2025-10-18 04:15:31.360,106619.99,0.0001,10.661999000000002
2025-10-18 04:15:31.362,106619.06,0.0013,138.60477799999998
2025-10-18 04:15:31.366,106619.05,0.00175,186.5833375
2025-10-18 04:15:31.368,106615.94,0.013,1386.00722
2025-10-18 04:15:31.380,106615.94,0.0012,127.939128
2025-10-18 04:15:31.385,106615.91,0.00115,122.60829650000001
2025-10-18 04:15:31.388,106615.87,0.00136,144.9975832
2025-10-18 04:15:31.389,106615.87,0.00085,90.62348949999999
2025-10-18 04:15:31.391,106615.86,0.00065,69.300309
2025-10-18 04:15:31.394,106615.15,0.02866,3055.590199
2025-10-18 04:15:31.396,106615.15,0.0007,74.63060499999999
2025-10-18 04:15:31.398,106615.15,5e-05,5.3307575
2025-10-18 04:15:31.410,106614.3,0.00015,15.992144999999999
2025-10-18 04:15:31.413,106614.28,0.0007,74.62999599999999
2025-10-18 04:15:31.415,106613.74,0.00633,674.8649742
2025-10-18 04:15:31.462,106613.38,0.00058,61.835760400000005
2025-10-18 04:15:31.490,106612.31,0.00083,88.4882173
2025-10-18 04:15:31.581,106612.0,0.01307,1393.41884
2025-10-18 04:15:31.632,106611.68,0.00101,107.6777968
2025-10-18 04:15:31.921,106611.68,0.00556,592.7609408
2025-10-18 04:15:33.031,106611.68,0.00909,969.1001712
2025-10-18 04:15:33.575,106611.68,8e-05,8.5289344
2025-10-18 04:15:35.251,106611.68,0.0041,437.107888
2025-10-18 04:15:35.975,106611.67,0.00556,592.7608852
2025-10-18 04:15:35.983,106611.67,0.00556,592.7608852
2025-10-18 04:15:36.089,106611.68,0.0075,799.5876
2025-10-18 04:15:37.215,106619.5,6e-05,6.39717
2025-10-18 04:15:37.666,106620.12,0.00026,27.721231199999995
2025-10-18 04:15:37.939,106620.12,0.00469,500.04836279999995
2025-10-18 04:15:39.679,106620.11,8e-05,8.5296088
2025-10-18 04:15:41.123,106620.11,0.00118,125.81172980000001
2025-10-18 04:15:41.155,106620.12,0.00021,22.3902252
2025-10-18 04:15:41.195,106620.12,0.23447,24999.2195364
2025-10-18 04:15:41.279,106620.12,0.00094,100.22291279999999
2025-10-18 04:15:41.567,106620.12,0.00415,442.473498
2025-10-18 04:15:42.304,106620.12,0.00229,244.1600748
2025-10-18 04:15:42.544,106620.12,0.00468,498.9821616
2025-10-18 04:15:43.168,106620.12,0.00362,385.9648344
2025-10-18 04:15:43.821,106620.11,0.00019,20.257820900000002
2025-10-18 04:15:43.856,106620.12,0.02569,2739.0708828
2025-10-18 04:15:43.869,106620.11,7e-05,7.463407699999999
2025-10-18 04:15:44.562,106620.12,0.00034,36.2508408
2025-10-18 04:15:45.551,106620.12,0.0001,10.662012
2025-10-18 04:15:46.499,106620.11,0.00195,207.9092145
2025-10-18 04:15:47.822,106620.12,5e-05,5.331006
2025-10-18 04:15:48.043,106620.12,0.0008,85.296096
2025-10-18 04:15:48.493,106620.11,8e-05,8.5296088
2025-10-18 04:15:48.852,106620.12,0.00028,29.853633599999995
2025-10-18 04:15:51.258,106620.11,0.00908,968.1105987999999
2025-10-18 04:15:52.025,106620.12,0.00025,26.65503
2025-10-18 04:15:52.276,106620.12,0.00036,38.3832432
2025-10-18 04:15:52.628,106620.11,0.00296,315.5955256
2025-10-18 04:15:52.990,106620.11,0.01679,1790.1516468999998
2025-10-18 04:15:52.991,106620.11,0.0084,895.608924
2025-10-18 04:15:53.000,106619.23,0.0001,10.661923
2025-10-18 04:15:53.013,106613.17,0.02312,2464.8964904
2025-10-18 04:15:53.014,106610.88,0.04048,4315.608422400001
2025-10-18 04:15:53.019,106610.88,0.01206,1285.7272128
2025-10-18 04:15:53.021,106609.87,0.013,1385.9283099999998
2025-10-18 04:15:53.047,106607.68,0.00015,15.991151999999998
2025-10-18 04:15:53.063,106606.8,0.19966,21285.113688
2025-10-18 04:15:53.064,106606.8,0.10979,11704.360572
2025-10-18 04:15:53.604,106605.71,0.00881,939.1963051
2025-10-18 04:15:53.989,106605.7,9e-05,9.594513000000001
2025-10-18 04:15:56.100,106605.71,0.00071,75.69005410000001
2025-10-18 04:15:56.349,106605.71,0.00022,23.453256200000002
2025-10-18 04:15:56.833,106605.71,6e-05,6.3963426000000005
2025-10-18 04:15:56.876,106605.71,0.00085,90.6148535
2025-10-18 04:15:57.062,106605.71,0.00262,279.3069602
2025-10-18 04:15:57.078,106605.7,0.00288,307.02441600000003
2025-10-18 04:15:57.371,106605.71,0.00163,173.7673073
2025-10-18 04:15:57.420,106605.71,0.00385,410.43198350000006
2025-10-18 04:15:57.611,106605.7,0.00233,248.391281
2025-10-18 04:15:57.884,106605.71,0.00505,538.3588355
2025-10-18 04:15:58.198,106605.71,0.00187,199.35267770000002
2025-10-18 04:15:58.524,106605.7,0.013,1385.8741
2025-10-18 04:15:58.527,106605.7,0.013,1385.8741
2025-10-18 04:15:58.765,106605.7,0.00203,216.409571
2025-10-18 04:15:58.805,106605.7,9e-05,9.594513000000001
2025-10-18 04:15:59.773,106605.7,0.09365,9983.623805
2025-10-18 04:15:59.783,106601.43,0.00632,673.7210375999999
2025-10-18 04:15:59.788,106601.43,0.013,1385.8185899999999
2025-10-18 04:15:59.792,106601.43,0.013,1385.8185899999999
2025-10-18 04:15:59.815,106601.41,0.0002,21.320282000000002
2025-10-18 04:15:59.918,106601.4,8e-05,8.528112
2025-10-18 04:16:00.220,106601.41,0.0011,117.26155100000001
2025-10-18 04:16:00.486,106601.4,7e-05,7.462097999999999
2025-10-18 04:16:00.653,106601.41,0.0041,437.0657810000001
2025-10-18 04:16:00.695,106601.41,0.00077,82.0830857
2025-10-18 04:16:00.745,106601.41,0.00174,185.48645340000002
2025-10-18 04:16:01.526,106601.41,7e-05,7.462098699999999
2025-10-18 04:16:01.590,106601.41,0.00326,347.5205966
2025-10-18 04:16:02.537,106601.41,0.00832,886.9237311999999
2025-10-18 04:16:02.620,106601.41,0.00814,867.7354774
2025-10-18 04:16:02.915,106601.41,0.00074,78.8850434
2025-10-18 04:16:03.245,106601.41,7e-05,7.462098699999999
2025-10-18 04:16:04.219,106601.41,0.08997,9590.928857699999
2025-10-18 04:16:04.832,106601.4,0.00487,519.148818
2025-10-18 04:16:05.520,106601.41,0.00723,770.7281943
2025-10-18 04:16:05.713,106601.4,7e-05,7.462097999999999
2025-10-18 04:16:05.828,106601.41,7e-05,7.462098699999999
2025-10-18 04:16:06.248,106601.41,0.00334,356.0487094
2025-10-18 04:16:06.303,106601.4,0.00435,463.71608999999995
2025-10-18 04:16:06.802,106601.41,0.00093,99.1393113
2025-10-18 04:16:07.888,106601.41,0.03,3198.0423
2025-10-18 04:16:08.244,106601.41,0.0004,42.640564000000005
2025-10-18 04:16:08.432,106601.41,0.00429,457.3200489000001
2025-10-18 04:16:08.769,106601.41,0.00024,25.5843384
2025-10-18 04:16:09.792,106601.4,0.00121,128.98769399999998
2025-10-18 04:16:10.019,106601.41,6e-05,6.3960846
2025-10-18 04:16:10.628,106601.41,0.003,319.80423
2025-10-18 04:16:10.808,106601.4,0.00195,207.87273
2025-10-18 04:16:10.999,106601.4,0.0009,95.94125999999999
2025-10-18 04:16:11.627,106601.41,0.00451,480.7723591
2025-10-18 04:16:11.746,106601.41,0.0003,31.980423
2025-10-18 04:16:11.884,106601.4,0.0042,447.72587999999996
2025-10-18 04:16:13.565,106601.41,0.0001,10.660141000000001
2025-10-18 04:16:14.192,106601.41,0.00191,203.6086931
2025-10-18 04:16:14.316,106601.4,6e-05,6.396084
2025-10-18 04:16:14.753,106601.41,0.00122,130.0537202
2025-10-18 04:16:14.983,106601.41,0.00041,43.7065781
2025-10-18 04:16:15.345,106601.41,0.00763,813.3687583
2025-10-18 04:16:15.372,106601.41,0.00094,100.2053254
2025-10-18 04:16:15.469,106601.41,9e-05,9.594126900000001
2025-10-18 04:16:15.838,106601.41,0.00076,81.01707160000001
2025-10-18 04:16:16.032,106601.4,0.00015,15.990209999999998
2025-10-18 04:16:16.348,106601.4,0.00012,12.792168
2025-10-18 04:16:16.694,106601.4,0.00012,12.792168
2025-10-18 04:16:17.248,106601.41,0.00019,20.254267900000002
2025-10-18 04:16:17.824,106601.41,0.0001,10.660141000000001
2025-10-18 04:16:17.846,106601.41,0.00112,119.39357919999999
2025-10-18 04:16:17.862,106601.41,0.00029,30.9144089
2025-10-18 04:16:18.328,106601.41,0.00224,238.78715839999998
2025-10-18 04:16:18.480,106601.41,0.0001,10.660141000000001
2025-10-18 04:16:18.670,106601.41,0.00066,70.3569306
2025-10-18 04:16:19.419,106601.41,7e-05,7.462098699999999
2025-10-18 04:16:19.421,106601.4,0.00053,56.49874199999999
2025-10-18 04:16:19.633,106601.41,0.00019,20.254267900000002
2025-10-18 04:16:19.681,106601.41,0.0001,10.660141000000001
2025-10-18 04:16:19.683,106601.41,0.0001,10.660141000000001
2025-10-18 04:16:19.742,106601.4,0.0005,53.3007
2025-10-18 04:16:19.870,106601.41,0.00012,12.7921692
2025-10-18 04:16:21.533,106601.41,0.00061,65.0268601
2025-10-18 04:16:22.140,106601.41,0.0001,10.660141000000001
2025-10-18 04:16:22.331,106601.41,0.00938,999.9212258
2025-10-18 04:16:22.517,106601.41,0.00651,693.9751791
2025-10-18 04:16:22.518,106601.41,0.00029,30.9144089
2025-10-18 04:16:22.726,106599.99,0.00015,15.989998499999999
2025-10-18 04:16:22.729,106595.92,0.00015,15.989387999999998
2025-10-18 04:16:22.734,106593.01,0.0001,10.659301
2025-10-18 04:16:22.735,106592.8,0.18751,19987.215928
2025-10-18 04:16:22.736,106590.89,0.00165,175.8749685
2025-10-18 04:16:22.737,106590.25,6e-05,6.395415
2025-10-18 04:16:22.738,106589.51,0.00015,15.988426499999997
2025-10-18 04:16:22.752,106589.29,0.00015,15.988393499999997
2025-10-18 04:16:22.754,106587.65,0.0229,2440.857185
2025-10-18 04:16:22.756,106587.65,0.00937,998.7262804999999
2025-10-18 04:16:22.773,106587.65,0.013,1385.63945
2025-10-18 04:16:22.774,106584.78,0.00663,706.6570913999999
2025-10-18 04:16:22.777,106584.78,0.013,1385.60214
2025-10-18 04:16:22.813,106584.78,0.00288,306.9641664
2025-10-18 04:16:22.897,106584.78,0.01468,1564.6645704
2025-10-18 04:16:22.898,106584.78,0.01501,1599.8375478
2025-10-18 04:16:22.901,106584.78,0.00033,35.1729774
2025-10-18 04:16:22.902,106584.78,0.01501,1599.8375478
2025-10-18 04:16:22.903,106584.78,0.01501,1599.8375478
2025-10-18 04:16:22.905,106584.78,0.01098,1170.3008844
2025-10-18 04:16:22.986,106584.78,0.002,213.16956
2025-10-18 04:16:23.102,106584.79,0.00612,652.2989147999999
2025-10-18 04:16:23.950,106584.79,0.00187,199.31355729999999
2025-10-18 04:16:24.645,106584.79,0.00187,199.31355729999999
2025-10-18 04:16:24.728,106584.78,9e-05,9.5926302
2025-10-18 04:16:24.990,106584.79,0.00187,199.31355729999999
2025-10-18 04:16:25.289,106584.79,0.00087,92.7287673
2025-10-18 04:16:25.762,106584.79,7e-05,7.460935299999999
2025-10-18 04:16:25.814,106584.79,0.00809,862.2709510999999
2025-10-18 04:16:26.181,106584.78,0.013,1385.60214
2025-10-18 04:16:26.182,106584.78,0.013,1385.60214
2025-10-18 04:16:26.544,106584.79,0.0003,31.975436999999996
2025-10-18 04:16:26.562,106584.79,0.0034,362.38828599999994
2025-10-18 04:16:27.325,106584.78,8e-05,8.5267824
2025-10-18 04:16:27.723,106583.75,6e-05,6.395025
2025-10-18 04:16:27.726,106582.86,5e-05,5.329143
2025-10-18 04:16:27.729,106581.1,0.0003,31.97433
2025-10-18 04:16:27.730,106580.5,6e-05,6.39483
2025-10-18 04:16:27.732,106580.0,0.00484,515.8471999999999
2025-10-18 04:16:27.738,106579.8,0.00015,15.98697
2025-10-18 04:16:27.739,106578.06,0.0001,10.657806
2025-10-18 04:16:27.740,106577.35,5e-05,5.3288675
2025-10-18 04:16:27.742,106576.58,0.013,1385.49554
2025-10-18 04:16:28.956,106576.58,0.01501,1599.7144658000002
2025-10-18 04:16:29.114,106576.58,0.01501,1599.7144658000002
2025-10-18 04:16:29.259,106576.59,0.00361,384.7414899
2025-10-18 04:16:29.395,106576.59,0.00012,12.7891908
2025-10-18 04:16:30.302,106576.58,0.004,426.30632
2025-10-18 04:16:30.498,106576.58,0.004,426.30632
2025-10-18 04:16:30.499,106576.58,0.004,426.30632
2025-10-18 04:16:30.528,106576.59,8e-05,8.526127200000001
2025-10-18 04:16:30.777,106576.59,0.00799,851.5469541
2025-10-18 04:16:30.934,106576.58,0.01246,1327.9441868000001
2025-10-18 04:16:31.685,106576.58,9e-05,9.5918922
2025-10-18 04:16:32.222,106576.58,8e-05,8.5261264
2025-10-18 04:16:32.333,106576.58,0.00341,363.4261378
2025-10-18 04:16:32.680,106576.59,0.00046,49.0252314
2025-10-18 04:16:33.176,106576.58,0.00062,66.0774796
2025-10-18 04:16:33.470,106576.58,0.00059,62.88018220000001
2025-10-18 04:16:33.873,106576.59,0.00016,17.052254400000002
2025-10-18 04:16:34.546,106576.58,0.00048,51.1567584
2025-10-18 04:16:35.092,106576.59,0.00047,50.0909973
2025-10-18 04:16:35.549,106576.59,0.00028,29.841445199999995
2025-10-18 04:16:36.479,106576.58,0.00041,43.6963978
2025-10-18 04:16:36.552,106576.59,0.00074,78.86667659999999
2025-10-18 04:16:36.618,106576.58,0.00177,188.64054660000002
2025-10-18 04:16:36.692,106576.58,8e-05,8.5261264
2025-10-18 04:16:37.854,106576.59,7e-05,7.460361299999999
2025-10-18 04:16:37.928,106576.66,0.0002,21.315332
2025-10-18 04:16:37.929,106576.67,0.0001,10.657667
2025-10-18 04:16:37.931,106577.15,5e-05,5.3288575
2025-10-18 04:16:37.936,106580.0,0.00065,69.277
2025-10-18 04:16:37.940,106581.33,5e-05,5.329066500000001
2025-10-18 04:16:37.946,106580.85,0.00075,79.93563750000001
2025-10-18 04:16:37.949,106582.86,0.00015,15.987428999999999
2025-10-18 04:16:37.950,106583.75,6e-05,6.395025
2025-10-18 04:16:37.955,106584.07,0.00145,154.5469015
2025-10-18 04:16:38.069,106584.08,0.02089,2226.5414312
2025-10-18 04:16:38.070,106584.78,0.0003,31.975433999999996
2025-10-18 04:16:38.071,106584.79,0.0033,351.729807
2025-10-18 04:16:38.081,106584.8,0.01526,1626.484048
2025-10-18 04:16:38.082,106584.8,0.00035,37.30468
2025-10-18 04:16:38.133,106596.08,0.00377,401.8672216
2025-10-18 04:16:39.170,106596.08,0.00937,998.8052696
2025-10-18 04:16:40.405,106596.08,0.00193,205.7304344
2025-10-18 04:16:41.033,106596.08,0.00501,534.0463608
2025-10-18 04:16:41.050,106596.08,5e-05,5.329804
2025-10-18 04:16:42.668,106596.07,7e-05,7.4617249
2025-10-18 04:16:42.768,106596.07,0.00029,30.912860300000002
2025-10-18 04:16:44.463,106596.08,0.00379,403.9991432
2025-10-18 04:16:44.465,106596.08,0.00155,165.223924
2025-10-18 04:16:44.524,106596.08,0.00106,112.9918448
2025-10-18 04:16:44.600,106596.08,0.0008,85.276864
2025-10-18 04:16:46.446,106596.08,0.02303,2454.9077224
2025-10-18 04:16:46.448,106596.08,0.01,1065.9608
2025-10-18 04:16:46.451,106596.08,0.00152,162.0260416
2025-10-18 04:16:46.455,106600.0,0.00011,11.726
2025-10-18 04:16:46.467,106600.06,0.0021,223.86012599999998
2025-10-18 04:16:46.469,106602.47,0.00614,654.5391658
2025-10-18 04:16:46.500,106602.47,0.00163,173.76202609999999
2025-10-18 04:16:47.071,106602.47,6e-05,6.3961482
2025-10-18 04:16:47.803,106602.46,9e-05,9.5942214
2025-10-18 04:16:49.072,106602.47,0.00775,826.1691425
2025-10-18 04:16:49.192,106602.47,0.00023,24.5185681
2025-10-18 04:16:49.527,106602.46,7e-05,7.4621721999999995
2025-10-18 04:16:50.445,106602.46,2.93682,313072.2365772
2025-10-18 04:16:50.764,106602.47,0.00742,790.9903274000001
2025-10-18 04:16:51.183,106602.46,0.06866,7319.324903600001
2025-10-18 04:16:51.193,106602.47,0.0001,10.660247
2025-10-18 04:16:52.340,106602.47,0.0001,10.660247
2025-10-18 04:16:52.721,106602.47,7e-05,7.4621729
2025-10-18 04:16:52.956,106602.47,0.00034,36.2448398
2025-10-18 04:16:56.599,106602.47,0.03261,3476.3065467
2025-10-18 04:16:57.098,106602.46,5e-05,5.330123
2025-10-18 04:16:57.333,106602.47,0.00506,539.4084982
2025-10-18 04:16:57.424,106602.47,0.00126,134.3191122
2025-10-18 04:16:57.773,106602.47,0.00056,59.6973832
2025-10-18 04:16:58.771,106602.46,8e-05,8.528196800000002
2025-10-18 04:17:00.362,106602.47,0.00048,51.1691856
2025-10-18 04:17:01.204,106602.47,0.00017,18.1224199
2025-10-18 04:17:03.472,106602.47,0.00375,399.7592625
2025-10-18 04:17:04.414,106602.46,0.02947,3141.5744962000003
2025-10-18 04:17:04.573,106602.47,0.00286,304.88306420000004
2025-10-18 04:17:05.193,106602.47,0.00033,35.1788151
2025-10-18 04:17:05.364,106602.46,0.00014,14.924344399999999
2025-10-18 04:17:06.882,106602.46,0.0001,10.660246
2025-10-18 04:17:06.978,106602.46,0.00549,585.2475054
2025-10-18 04:17:08.024,106602.46,9e-05,9.5942214
2025-10-18 04:17:08.497,106602.47,7e-05,7.4621729
2025-10-18 04:17:09.162,106602.46,8e-05,8.528196800000002
2025-10-18 04:17:10.486,106602.47,4e-05,4.2640988
2025-10-18 04:17:10.707,106602.47,0.00048,51.1691856
2025-10-18 04:17:11.943,106602.46,0.02,2132.0492000000004
2025-10-18 04:17:14.251,106602.47,0.56167,59875.4093249
2025-10-18 04:17:14.965,106602.47,0.00212,225.9972364
2025-10-18 04:17:15.146,106602.46,6e-05,6.396147600000001
2025-10-18 04:17:15.781,106602.46,0.00018,19.1884428
2025-10-18 04:17:16.940,106602.47,0.00046,49.0371362
2025-10-18 04:17:17.011,106602.46,0.00536,571.3891856
2025-10-18 04:17:17.555,106602.47,7e-05,7.4621729
2025-10-18 04:17:17.970,106602.46,0.05314,5664.8547244
2025-10-18 04:17:18.280,106602.46,9e-05,9.5942214
2025-10-18 04:17:20.491,106602.47,0.00016,17.0563952
2025-10-18 04:17:26.131,106602.46,0.00081,86.3479926
2025-10-18 04:17:26.390,106602.46,0.00137,146.0453702
2025-10-18 04:17:26.591,106602.47,0.00057,60.7634079
2025-10-18 04:17:26.606,106602.47,0.0005,53.301235
2025-10-18 04:17:27.446,106602.47,0.01257,1339.9930479
2025-10-18 04:17:27.543,106602.46,0.00031,33.0467626
2025-10-18 04:17:27.749,106602.47,0.00511,544.7386217
2025-10-18 04:17:27.804,106602.46,0.00025,26.650615000000002
2025-10-18 04:17:28.107,106602.46,0.00036,38.3768856
2025-10-18 04:17:28.227,106602.47,0.00317,337.9298299
2025-10-18 04:17:28.286,106602.47,0.00095,101.2723465
2025-10-18 04:17:28.322,106602.47,0.0234,2494.497798
2025-10-18 04:17:28.968,106602.47,0.00088,93.8101736
2025-10-18 04:17:29.146,106602.46,7e-05,7.4621721999999995
2025-10-18 04:17:29.427,106602.47,0.005,533.01235
2025-10-18 04:17:29.718,106602.47,0.01876,1999.8623372
2025-10-18 04:17:30.938,106602.46,9e-05,9.5942214
2025-10-18 04:17:31.480,106602.47,0.0005,53.301235
2025-10-18 04:17:33.409,106602.47,0.00027,28.782666900000002
2025-10-18 04:17:33.633,106602.47,0.00036,38.3768892
2025-10-18 04:17:34.330,106602.46,6e-05,6.396147600000001
2025-10-18 04:17:34.676,106602.46,6e-05,6.396147600000001
2025-10-18 04:17:35.238,106602.47,0.00093,99.14029710000001
2025-10-18 04:17:36.672,106602.46,0.0001,10.660246
2025-10-18 04:17:36.941,106602.47,0.02835,3022.1800245
2025-10-18 04:17:36.962,106602.47,0.00176,187.6203472
2025-10-18 04:17:37.024,106602.46,0.00011,11.726270600000001
2025-10-18 04:17:40.192,106602.47,0.0015,159.903705
2025-10-18 04:17:40.882,106602.46,7e-05,7.4621721999999995
2025-10-18 04:17:41.032,106602.46,0.00448,477.57902079999997
2025-10-18 04:17:41.345,106602.47,0.00079,84.2159513
2025-10-18 04:17:41.391,106602.47,0.00272,289.9587184
2025-10-18 04:17:41.492,106602.47,0.0938,9999.311686
2025-10-18 04:17:41.497,106602.47,0.00154,164.1678038
2025-10-18 04:17:41.498,106602.47,0.0073,778.198031
2025-10-18 04:17:41.499,106602.47,0.00111,118.32874170000001
2025-10-18 04:17:41.795,106602.47,0.00012,12.7922964
2025-10-18 04:17:41.854,106602.47,0.00092,98.0742724
2025-10-18 04:17:41.922,106602.46,0.00089,94.8761894
2025-10-18 04:17:42.025,106602.46,0.01266,1349.5871436
2025-10-18 04:17:42.125,106602.47,0.00099,105.5364453
2025-10-18 04:17:42.740,106602.47,0.00163,173.76202609999999
2025-10-18 04:17:44.306,106602.46,8e-05,8.528196800000002
2025-10-18 04:17:44.320,106602.47,0.00029,30.914716300000002
2025-10-18 04:17:44.712,106602.46,0.00323,344.3259458
2025-10-18 04:17:44.808,106602.47,0.00019,20.2544693
2025-10-18 04:17:45.785,106602.46,0.15797,16839.9906062
2025-10-18 04:17:46.082,106602.47,0.00031,33.0467657
2025-10-18 04:17:46.593,106602.46,0.00061,65.0275006
2025-10-18 04:17:47.440,106602.47,0.00047,50.1031609
2025-10-18 04:17:48.389,106602.47,0.01177,1254.7110719
2025-10-18 04:17:49.176,106602.46,0.0007,74.621722
2025-10-18 04:17:49.177,106602.46,0.0068,724.896728
2025-10-18 04:17:49.178,106602.46,0.00692,737.6890232000001
2025-10-18 04:17:49.180,106602.46,0.0009,95.942214
2025-10-18 04:17:49.181,106602.46,0.0084,895.460664
2025-10-18 04:17:49.182,106602.46,0.24583,26206.0827418
2025-10-18 04:17:49.186,106602.46,0.00092,98.0742632
2025-10-18 04:17:49.187,106602.46,0.66028,70387.4722888
2025-10-18 04:17:49.203,106602.46,0.19437,20720.3201502
2025-10-18 04:17:49.244,106600.47,0.01335,1423.1162745000001
2025-10-18 04:17:49.263,106596.26,5e-05,5.329813
2025-10-18 04:17:49.361,106594.6,0.03144,3351.3342240000006
2025-10-18 04:17:49.394,106594.6,0.00025,26.648650000000004
2025-10-18 04:17:49.625,106594.61,0.00057,60.7589277
2025-10-18 04:17:50.083,106594.61,0.00681,725.9092941
2025-10-18 04:17:50.641,106594.6,0.0002,21.318920000000002
2025-10-18 04:17:50.650,106594.6,0.00015,15.989189999999999
2025-10-18 04:17:50.682,106594.6,6e-05,6.395676000000001
2025-10-18 04:17:51.562,106594.61,0.00432,460.4887152
2025-10-18 04:17:52.140,106594.6,5e-05,5.3297300000000005
2025-10-18 04:17:53.558,106594.6,0.00112,119.38595199999999
2025-10-18 04:17:54.227,106594.6,0.00573,610.787058
2025-10-18 04:17:54.404,106594.61,0.0005,53.297305
2025-10-18 04:17:54.407,106594.61,0.00469,499.9287209
2025-10-18 04:17:54.622,106594.61,0.0007,74.616227
2025-10-18 04:17:55.108,106594.6,0.00024,25.582704000000003
2025-10-18 04:17:55.384,106594.61,0.00894,952.9558134
2025-10-18 04:17:55.857,106594.6,0.0001,10.659460000000001
2025-10-18 04:17:56.863,106594.61,0.00832,886.8671552
2025-10-18 04:17:57.256,106594.61,9e-05,9.5935149
2025-10-18 04:17:57.290,106594.6,0.00151,160.95784600000002
2025-10-18 04:17:58.272,106594.61,0.00182,194.0021902
2025-10-18 04:17:58.308,106594.61,0.00369,393.33411090000004
2025-10-18 04:17:59.132,106594.61,0.00199,212.12327390000002
2025-10-18 04:17:59.442,106594.61,0.00093,99.13298730000001
2025-10-18 04:17:59.703,106594.6,0.00089,94.869194
2025-10-18 04:18:00.092,106594.61,0.0006,63.956765999999995
2025-10-18 04:18:00.110,106594.61,0.00029,30.9124369
2025-10-18 04:18:00.508,106594.61,0.00239,254.76111790000002
2025-10-18 04:18:00.641,106594.6,0.00231,246.233526
2025-10-18 04:18:01.261,106594.61,0.04094,4363.9833333999995
2025-10-18 04:18:01.263,106594.61,0.00077,82.0778497
2025-10-18 04:18:01.534,106597.35,0.00021,22.3854435
2025-10-18 04:18:02.057,106597.34,0.00126,134.3126484
2025-10-18 04:18:02.116,106597.43,0.0001,10.659743
2025-10-18 04:18:02.119,106598.87,0.004,426.39547999999996
2025-10-18 04:18:02.124,106599.01,0.0001,10.659901
2025-10-18 04:18:02.176,106601.0,0.00633,674.78433
2025-10-18 04:18:02.178,106601.01,0.0004,42.640404
2025-10-18 04:18:02.184,106602.45,0.0008,85.28196
2025-10-18 04:18:02.186,106602.47,0.01748,1863.4111756
2025-10-18 04:18:02.188,106602.48,0.0002,21.320496
2025-10-18 04:18:02.189,106606.82,0.00015,15.991023
2025-10-18 04:18:02.191,106607.27,0.0102,1087.394154
2025-10-18 04:18:02.192,106607.9,0.00406,432.828074
2025-10-18 04:18:02.193,106607.9,0.00406,432.828074
2025-10-18 04:18:02.195,106607.9,0.17352,18498.602808
2025-10-18 04:18:02.197,106609.14,0.00348,370.9998072
2025-10-18 04:18:02.199,106609.75,0.04712,5023.45142
2025-10-18 04:18:02.256,106609.75,0.00233,248.4007175
2025-10-18 04:18:02.348,106611.18,0.02,2132.2236
2025-10-18 04:18:02.982,106611.17,0.02345,2500.0319365
2025-10-18 04:18:03.057,106611.17,0.25,26652.7925
2025-10-18 04:18:04.321,106611.17,0.00768,818.7737856
2025-10-18 04:18:06.307,106611.17,0.0059,629.005903
2025-10-18 04:18:06.991,106611.18,0.00221,235.6107078
2025-10-18 04:18:07.649,106611.17,0.00439,468.02303629999994
2025-10-18 04:18:08.019,106611.18,0.14069,14999.1269142
2025-10-18 04:18:08.033,106611.18,7e-05,7.462782599999999
2025-10-18 04:18:08.574,106611.17,0.0875,9328.477374999999
2025-10-18 04:18:10.279,106611.17,7e-05,7.4627818999999995
2025-10-18 04:18:10.665,106611.17,0.00281,299.5773877
2025-10-18 04:18:10.762,106611.18,0.00618,658.8570923999999
2025-10-18 04:18:11.858,106611.18,0.00377,401.92414859999997
2025-10-18 04:18:12.212,106611.17,0.00691,736.6831847
2025-10-18 04:18:12.342,106611.17,0.00025,26.6527925
2025-10-18 04:18:12.440,106611.18,0.00037,39.446136599999996
2025-10-18 04:18:13.339,106611.17,0.00203,216.4206751
2025-10-18 04:18:13.483,106611.18,0.00224,238.80904319999996
2025-10-18 04:18:13.658,106611.18,9e-05,9.5950062
2025-10-18 04:18:14.043,106611.18,0.00026,27.718906799999996
2025-10-18 04:18:14.796,106611.17,0.00089,94.88394129999999
2025-10-18 04:18:15.114,106611.17,9e-05,9.5950053
2025-10-18 04:18:15.367,106611.18,0.00383,408.3208194
2025-10-18 04:18:15.481,106611.17,0.00017,18.1238989
2025-10-18 04:18:15.732,106611.18,0.00071,75.6939378
2025-10-18 04:18:15.832,106611.17,9e-05,9.5950053
2025-10-18 04:18:17.033,106611.18,0.00019,20.2561242
2025-10-18 04:18:17.186,106611.18,0.00047,50.1072546
2025-10-18 04:18:17.200,106611.17,7e-05,7.4627818999999995
2025-10-18 04:18:17.718,106611.18,0.00012,12.7933416
2025-10-18 04:18:17.762,106611.18,7e-05,7.462782599999999
2025-10-18 04:18:17.819,106611.18,0.00057,60.76837259999999
2025-10-18 04:18:17.924,106611.18,0.00024,25.5866832
2025-10-18 04:18:17.926,106611.17,8e-05,8.5288936
2025-10-18 04:18:17.937,106611.18,0.00012,12.7933416
2025-10-18 04:18:17.987,106611.18,9e-05,9.5950062
2025-10-18 04:18:18.018,106611.18,0.00029,30.917242199999997
2025-10-18 04:18:18.389,106611.17,0.00013,13.859452099999999
2025-10-18 04:18:18.692,106611.18,0.00013,13.859453399999998
2025-10-18 04:18:18.871,106611.18,0.00019,20.2561242
2025-10-18 04:18:19.210,106611.18,0.00048,51.1733664
2025-10-18 04:18:19.223,106611.17,0.00044,46.9089148
2025-10-18 04:18:19.732,106611.18,0.0004,42.644472
2025-10-18 04:18:21.473,106611.17,0.00039,41.578356299999996
2025-10-18 04:18:24.230,106611.17,0.00056,59.702255199999996
2025-10-18 04:18:24.319,106611.18,0.00023,24.520571399999998
2025-10-18 04:18:24.704,106611.17,0.02682,2859.3115794
2025-10-18 04:18:24.782,106611.17,6e-05,6.3966702
2025-10-18 04:18:24.834,106611.17,5e-05,5.3305585
2025-10-18 04:18:25.262,106611.18,0.00047,50.1072546
2025-10-18 04:18:25.373,106611.17,0.00227,242.0073559
2025-10-18 04:18:25.619,106611.18,0.00017,18.1239006
2025-10-18 04:18:25.832,106611.17,7e-05,7.4627818999999995
2025-10-18 04:18:26.362,106611.18,0.00186,198.2967948
2025-10-18 04:18:26.610,106611.17,6e-05,6.3966702
2025-10-18 04:18:28.010,106611.18,0.00033,35.181689399999996
2025-10-18 04:18:28.696,106611.18,7e-05,7.462782599999999
2025-10-18 04:18:31.788,106611.17,0.01876,2000.0255492
2025-10-18 04:18:32.023,106611.17,0.00018,19.1900106
2025-10-18 04:18:33.447,106611.18,0.00177,188.7017886
2025-10-18 04:18:33.931,106611.18,0.00162,172.71011159999998
2025-10-18 04:18:34.734,106611.17,0.00045,47.9750265
2025-10-18 04:18:34.962,106611.17,0.00022,23.4544574
2025-10-18 04:18:37.083,106611.18,0.00059,62.9005962
2025-10-18 04:18:37.333,106611.18,0.00019,20.2561242
2025-10-18 04:18:38.659,106611.17,7e-05,7.4627818999999995
2025-10-18 04:18:38.776,106611.18,0.00458,488.27920439999997
2025-10-18 04:18:38.983,106611.18,0.00061,65.0328198
2025-10-18 04:18:39.486,106611.18,0.00051,54.371701800000004
2025-10-18 04:18:40.688,106617.63,0.0003,31.985288999999998
2025-10-18 04:18:40.690,106620.14,0.00392,417.9509488
2025-10-18 04:18:40.692,106621.32,0.0002,21.324264000000003
2025-10-18 04:18:40.698,106621.82,0.00775,826.319105
2025-10-18 04:18:40.813,106622.02,0.08025,8556.417105
2025-10-18 04:18:40.816,106622.31,0.00015,15.993346499999998
2025-10-18 04:18:40.843,106622.32,0.0018,191.920176
2025-10-18 04:18:40.845,106622.54,0.0002,21.324507999999998
2025-10-18 04:18:40.847,106622.75,0.0004,42.649100000000004
2025-10-18 04:18:40.849,106624.0,0.00054,57.57696
2025-10-18 04:18:40.851,106626.0,0.0031,330.5406
2025-10-18 04:18:40.853,106626.1,0.00309,329.474649
2025-10-18 04:18:40.885,106627.38,0.03559,3794.8684541999996
2025-10-18 04:18:42.011,106627.38,0.0001,10.662738000000001
2025-10-18 04:18:42.151,106627.38,0.00093,99.16346340000001
2025-10-18 04:18:42.841,106627.38,0.00937,999.0985506000001
2025-10-18 04:18:42.924,106627.37,9e-05,9.5964633
2025-10-18 04:18:43.803,106627.37,8e-05,8.5301896
2025-10-18 04:18:43.931,106627.38,0.00928,989.5020864
2025-10-18 04:18:44.171,106627.37,0.00017,18.1266529
2025-10-18 04:18:44.208,106627.37,7e-05,7.463915899999999
2025-10-18 04:18:44.720,106627.37,0.00264,281.49625679999997
2025-10-18 04:18:45.119,106627.37,0.00051,54.3799587
2025-10-18 04:18:45.363,106627.37,0.00017,18.1266529
2025-10-18 04:18:45.712,106627.37,8e-05,8.5301896
2025-10-18 04:18:45.715,106633.57,5e-05,5.331678500000001
2025-10-18 04:18:45.876,106637.84,0.00377,402.0246568
2025-10-18 04:18:45.879,106637.84,0.00224,238.86876159999997
2025-10-18 04:18:45.881,106637.84,0.00026,27.725838399999997
2025-10-18 04:18:45.882,106637.84,0.00037,39.4560008
2025-10-18 04:18:45.885,106637.84,0.01501,1600.6339784
2025-10-18 04:18:45.888,106637.84,0.00608,648.3580672
2025-10-18 04:18:45.889,106637.84,0.01501,1600.6339784
2025-10-18 04:18:45.890,106637.84,0.01501,1600.6339784
2025-10-18 04:18:45.891,106637.84,0.0022,234.603248
2025-10-18 04:18:46.509,106637.83,0.00095,101.3059385
2025-10-18 04:18:47.034,106637.83,0.00092,98.1068036
2025-10-18 04:18:48.264,106637.83,0.0004,42.655132
2025-10-18 04:18:48.597,106637.84,0.0035,373.23244
2025-10-18 04:18:48.727,106637.84,0.00258,275.1256272
2025-10-18 04:18:49.079,106637.84,0.01,1066.3784
2025-10-18 04:18:49.369,106637.83,0.01406,1499.3278898
2025-10-18 04:18:49.664,106637.84,0.01938,2066.6413392
2025-10-18 04:18:49.774,106637.83,0.00089,94.9076687
2025-10-18 04:18:49.998,106637.83,0.00013,13.8629179
2025-10-18 04:18:50.267,106637.83,7e-05,7.4646481
2025-10-18 04:18:50.501,106637.83,0.00089,94.9076687
2025-10-18 04:18:50.659,106637.84,0.02976,3173.5421184
2025-10-18 04:18:51.037,106637.83,8e-05,8.5310264
2025-10-18 04:18:51.091,106637.83,0.00019,20.2611877
2025-10-18 04:18:51.488,106637.84,0.00011,11.7301624
2025-10-18 04:18:51.796,106637.84,0.00076,81.0447584
2025-10-18 04:18:51.890,106637.84,0.0005,53.31892
2025-10-18 04:18:52.762,106637.83,0.001,106.63783000000001
2025-10-18 04:18:53.350,106637.84,0.00163,173.8196792
2025-10-18 04:18:54.002,106637.83,0.00288,307.1169504
2025-10-18 04:18:54.068,106637.84,8e-05,8.5310272
2025-10-18 04:18:54.869,106637.83,0.00014,14.9292962
2025-10-18 04:18:55.056,106637.84,0.00318,339.1083312
2025-10-18 04:18:55.573,106637.84,7e-05,7.464648799999999
2025-10-18 04:18:55.842,106637.83,0.013,1386.29179
2025-10-18 04:18:55.843,106637.83,0.013,1386.29179
2025-10-18 04:18:55.844,106637.83,0.013,1386.29179
2025-10-18 04:18:55.858,106637.83,0.00025,26.659457500000002
2025-10-18 04:18:56.275,106637.83,0.013,1386.29179
2025-10-18 04:18:56.276,106637.83,0.013,1386.29179
2025-10-18 04:18:56.278,106637.83,0.01169,1246.5962327000002
2025-10-18 04:18:56.501,106637.82,0.00022,23.460320400000004
2025-10-18 04:18:56.686,106637.69,0.0002,21.327538
2025-10-18 04:18:56.689,106637.41,0.00105,111.9692805
2025-10-18 04:18:56.693,106635.4,0.00015,15.995309999999998
2025-10-18 04:18:56.915,106635.39,0.0012,127.96246799999999
2025-10-18 04:18:56.918,106635.29,0.0006,63.98117399999999
2025-10-18 04:18:56.922,106634.38,0.00618,659.0004684
2025-10-18 04:18:56.931,106634.37,0.0019,202.605303
2025-10-18 04:18:56.933,106631.44,0.00568,605.6665792
2025-10-18 04:18:56.934,106629.25,6e-05,6.397755
2025-10-18 04:18:56.935,106628.54,5e-05,5.331427
2025-10-18 04:18:56.936,106625.31,0.00015,15.993796499999998
2025-10-18 04:18:56.941,106624.05,0.002,213.24810000000002
2025-10-18 04:18:56.943,106624.05,0.002,213.24810000000002
2025-10-18 04:18:56.945,106624.05,0.002,213.24810000000002
2025-10-18 04:18:57.514,106624.06,0.53985,57560.998791000005
2025-10-18 04:18:57.674,106624.06,7e-05,7.463684199999999
2025-10-18 04:18:57.750,106624.07,0.0072,767.693304
2025-10-18 04:18:57.751,106624.07,0.00112,119.4189584
2025-10-18 04:18:57.768,106627.68,0.00015,15.994151999999998
2025-10-18 04:18:58.022,106627.69,0.01,1066.2769
2025-10-18 04:18:58.335,106627.68,0.00327,348.67251359999995
2025-10-18 04:18:58.892,106627.69,0.00028,29.8557532
2025-10-18 04:18:59.432,106627.69,0.00193,205.7914417
2025-10-18 04:18:59.499,106627.68,9e-05,9.596491199999999
2025-10-18 04:18:59.683,106627.68,0.00122,130.0857696
2025-10-18 04:19:00.049,106627.68,0.00019,20.2592592
2025-10-18 04:19:00.217,106627.68,8e-05,8.5302144
2025-10-18 04:19:00.804,106627.69,0.0001,10.662769
2025-10-18 04:19:01.032,106627.68,7e-05,7.463937599999999
2025-10-18 04:19:02.202,106634.72,6e-05,6.3980832
2025-10-18 04:19:02.582,106637.83,0.00014,14.9292962
2025-10-18 04:19:03.230,106637.84,0.00724,772.0579616
2025-10-18 04:19:03.936,106637.83,0.00982,1047.1834906000001
2025-10-18 04:19:04.304,106637.83,0.00017,18.1284311
2025-10-18 04:19:04.899,106637.83,0.02618,2791.7783894
2025-10-18 04:19:04.911,106637.83,0.0001,10.663783
2025-10-18 04:19:05.357,106637.83,0.00207,220.7403081
2025-10-18 04:19:05.398,106637.83,0.0032,341.241056
2025-10-18 04:19:05.918,106637.84,0.00028,29.858595199999996
2025-10-18 04:19:06.269,106637.84,0.01,1066.3784
2025-10-18 04:19:06.587,106637.84,0.00094,100.2395696
2025-10-18 04:19:06.868,106637.83,8e-05,8.5310264
2025-10-18 04:19:07.360,106637.84,0.00024,25.5930816
2025-10-18 04:19:07.412,106637.84,0.00568,605.7029312
2025-10-18 04:19:07.739,106637.84,0.0084,895.757856
2025-10-18 04:19:07.740,106638.64,0.0001,10.663864
2025-10-18 04:19:07.745,106638.98,0.00075,79.979235
2025-10-18 04:19:07.870,106640.02,0.0002,21.328004000000004
2025-10-18 04:19:07.871,106640.46,0.00025,26.660115
2025-10-18 04:19:07.876,106640.62,0.0004,42.656248
2025-10-18 04:19:07.878,106643.68,0.00132,140.7696576
2025-10-18 04:19:07.882,106643.68,0.0004,42.657472
2025-10-18 04:19:07.890,106644.0,0.00357,380.71907999999996
2025-10-18 04:19:07.909,106644.23,0.00578,616.4036494000001
2025-10-18 04:19:07.916,106644.23,0.00015,15.996634499999997
2025-10-18 04:19:07.919,106645.89,0.00135,143.97195150000002
2025-10-18 04:19:08.190,106645.94,0.00885,943.8165690000001
2025-10-18 04:19:08.321,106645.94,0.00419,446.84648860000004
2025-10-18 04:19:08.454,106645.94,0.00616,656.9389904
2025-10-18 04:19:09.205,106645.94,0.00816,870.2308704000001
2025-10-18 04:19:10.112,106645.95,0.00236,251.68444200000002
2025-10-18 04:19:10.714,106645.94,0.06195,6606.715983
2025-10-18 04:19:10.805,106645.94,1.0,106645.94
2025-10-18 04:19:10.996,106645.94,0.001,106.64594000000001
2025-10-18 04:19:11.048,106645.94,0.00405,431.91605699999997
2025-10-18 04:19:11.642,106645.94,0.00053,56.522348199999996
2025-10-18 04:19:11.937,106645.94,0.00026,27.7279444
2025-10-18 04:19:11.974,106645.95,0.00411,438.31485449999997
2025-10-18 04:19:13.692,106645.94,0.00082,87.4496708
2025-10-18 04:19:14.570,106645.94,8e-05,8.5316752
2025-10-18 04:19:14.634,106645.95,0.09376,9999.124272
2025-10-18 04:19:16.206,106645.95,0.02891,3083.1344145000003
2025-10-18 04:19:16.212,106646.0,0.00044,46.924240000000005
2025-10-18 04:19:16.214,106646.0,0.00124,132.24104
2025-10-18 04:19:16.218,106646.0,0.0005,53.323
2025-10-18 04:19:16.831,106654.5,0.01706,1819.52577
2025-10-18 04:19:16.851,106654.49,0.00011,11.7319939
2025-10-18 04:19:17.069,106654.49,7e-05,7.4658143
2025-10-18 04:19:17.105,106654.49,0.5,53327.245
2025-10-18 04:19:17.540,106654.49,0.00265,282.63439850000003
2025-10-18 04:19:17.574,106654.49,0.00109,116.25339410000001
2025-10-18 04:19:17.630,106654.5,0.02477,2641.831965
2025-10-18 04:19:17.655,106654.5,0.00035,37.329075
2025-10-18 04:19:17.661,106656.0,0.0028,298.6368
2025-10-18 04:19:17.663,106657.09,5e-05,5.3328545
2025-10-18 04:19:17.704,106657.78,0.00139,148.25431419999998
2025-10-18 04:19:18.040,106658.0,0.00335,357.3043
2025-10-18 04:19:18.041,106658.5,6e-05,6.39951
2025-10-18 04:19:18.045,106659.99,0.00015,15.998998499999999
2025-10-18 04:19:18.077,106660.0,0.02225,2373.185
2025-10-18 04:19:18.188,106661.99,0.00049,52.2643751
2025-10-18 04:19:18.463,106668.51,5e-05,5.3334255
2025-10-18 04:19:18.482,106673.01,0.08567,9138.676766699999
2025-10-18 04:19:18.485,106673.01,0.00366,390.4232166
2025-10-18 04:19:18.883,106673.01,0.00468,499.22968679999997
2025-10-18 04:19:19.028,106674.15,0.00015,16.001122499999997
2025-10-18 04:19:19.030,106675.52,0.10504,11205.1966208
2025-10-18 04:19:19.031,106677.95,0.00015,16.001692499999997
2025-10-18 04:19:19.034,106680.43,5e-05,5.3340214999999995
2025-10-18 04:19:19.039,106682.67,5e-05,5.3341335
2025-10-18 04:19:19.048,106685.41,0.0035,373.398935
2025-10-18 04:19:19.077,106685.4,8e-05,8.534832
2025-10-18 04:19:19.139,106686.5,9e-05,9.601785000000001
2025-10-18 04:19:19.142,106687.5,0.00937,999.661875
2025-10-18 04:19:19.249,106687.5,0.00363,387.275625
2025-10-18 04:19:19.363,106687.49,7e-05,7.4681242999999995
2025-10-18 04:19:19.499,106687.49,0.0359,3830.0808910000005
2025-10-18 04:19:19.506,106686.51,0.00111,118.42202610000001
2025-10-18 04:19:19.509,106685.4,0.00011,11.735394
2025-10-18 04:19:19.512,106686.51,0.00025,26.6716275
2025-10-18 04:19:19.543,106686.51,0.00065,69.34623149999999
2025-10-18 04:19:19.548,106686.5,0.0003,32.00595
2025-10-18 04:19:19.549,106686.5,0.00015,16.002975
2025-10-18 04:19:19.551,106686.5,0.03362,3586.8001299999996
2025-10-18 04:19:19.553,106686.5,0.00021,22.404165000000003
2025-10-18 04:19:19.555,106686.5,0.00025,26.671625
2025-10-18 04:19:19.556,106680.0,5e-05,5.3340000000000005
2025-10-18 04:19:20.275,106674.73,8e-05,8.5339784
2025-10-18 04:19:20.469,106674.74,0.00211,225.0837014
2025-10-18 04:19:21.021,106674.74,0.09374,9999.6901276
2025-10-18 04:19:21.023,106674.74,2.43916,260196.75881840003
2025-10-18 04:19:21.026,106674.82,0.00015,16.001223
2025-10-18 04:19:21.030,106687.64,0.0002,21.337528000000002
2025-10-18 04:19:21.073,106692.36,0.0012,128.03083199999998
2025-10-18 04:19:21.206,106692.35,0.00042,44.810787000000005
2025-10-18 04:19:21.334,106692.36,0.0264,2816.678304
2025-10-18 04:19:21.594,106692.36,0.06734,7184.6635224
2025-10-18 04:19:23.316,106692.35,0.04994,5328.215959
2025-10-18 04:19:23.571,106692.36,0.005,533.4618
2025-10-18 04:19:23.707,106692.35,0.00046,49.078481000000004
2025-10-18 04:19:23.885,106692.35,0.00095,101.35773250000001
2025-10-18 04:19:24.150,106692.35,0.00691,737.2441385000001
2025-10-18 04:19:24.168,106692.36,0.00725,773.5196100000001
2025-10-18 04:19:24.213,106692.36,0.01,1066.9236
2025-10-18 04:19:24.346,106692.35,0.0001,10.669235
2025-10-18 04:19:24.720,106692.36,0.23431,24999.0868716
2025-10-18 04:19:24.912,106692.36,9e-05,9.6023124
2025-10-18 04:19:25.289,106692.36,0.00666,710.5711176
2025-10-18 04:19:25.353,106692.36,0.00724,772.4526864
2025-10-18 04:19:25.368,106692.36,0.00198,211.2508728
2025-10-18 04:19:25.465,106692.35,0.015,1600.38525
2025-10-18 04:19:25.580,106692.36,0.08,8535.3888
2025-10-18 04:19:25.650,106692.36,0.015,1600.3854
2025-10-18 04:19:26.168,106692.35,0.0003,32.007705
2025-10-18 04:19:26.730,106692.35,0.002,213.3847
2025-10-18 04:19:27.672,106692.51,0.0002,21.338502
2025-10-18 04:19:27.675,106693.98,0.0007,74.685786
2025-10-18 04:19:27.679,106695.05,5e-05,5.3347525000000005
2025-10-18 04:19:28.169,106696.0,0.08,8535.68
2025-10-18 04:19:28.577,106696.0,5e-05,5.3348
2025-10-18 04:19:28.718,106696.0,0.00015,16.004399999999997
2025-10-18 04:19:29.332,106695.99,6e-05,6.4017594
2025-10-18 04:19:29.816,106695.99,0.00044,46.9462356
2025-10-18 04:19:29.985,106696.97,0.0001,10.669697000000001
2025-10-18 04:19:29.986,106697.5,0.0007,74.68825
2025-10-18 04:19:29.987,106697.5,0.00263,280.614425
2025-10-18 04:19:29.988,106704.56,0.00015,16.005684
2025-10-18 04:19:29.991,106708.17,0.00114,121.64731379999999
2025-10-18 04:19:29.994,106708.24,6e-05,6.4024944
2025-10-18 04:19:30.000,106708.24,0.18614,19862.671793600002
2025-10-18 04:19:30.032,106708.24,0.00937,999.8562088
2025-10-18 04:19:30.663,106708.23,0.15563,16607.0018349
2025-10-18 04:19:31.142,106708.23,0.01036,1105.4972627999998
2025-10-18 04:19:31.176,106708.23,9e-05,9.6037407
2025-10-18 04:19:31.579,106708.23,0.01788,1907.9431524
2025-10-18 04:19:31.765,106708.23,0.00513,547.4132199
2025-10-18 04:19:32.191,106708.24,0.00029,30.945389600000002
2025-10-18 04:19:32.424,106708.24,0.00051,54.421202400000006
2025-10-18 04:19:32.556,106708.24,0.01133,1209.0043592
2025-10-18 04:19:34.415,106715.7,5e-05,5.3357850000000004
2025-10-18 04:19:35.492,106719.53,0.00038,40.553421400000005
2025-10-18 04:19:35.995,106719.53,0.00041,43.755007299999995
2025-10-18 04:19:36.970,106719.52,0.00021,22.411099200000002
2025-10-18 04:19:37.276,106719.53,0.00433,462.09556489999994
2025-10-18 04:19:37.400,106719.52,0.00017,18.1423184
2025-10-18 04:19:38.184,106719.53,0.00109,116.3242877
2025-10-18 04:19:38.358,106719.52,7e-05,7.4703664
2025-10-18 04:19:39.012,106719.52,0.0258,2753.363616
2025-10-18 04:19:39.085,106719.52,0.00021,22.411099200000002
2025-10-18 04:19:39.201,106719.53,0.0018,192.09515399999998
2025-10-18 04:19:39.324,106719.53,0.01049,1119.4878697
2025-10-18 04:19:39.925,106719.53,0.01,1067.1953
2025-10-18 04:19:40.321,106719.52,0.00048,51.2253696
2025-10-18 04:19:40.756,106719.53,0.0008,85.375624
2025-10-18 04:19:40.904,106719.39,0.0001,10.671939
2025-10-18 04:19:40.905,106715.26,0.00375,400.18222499999996
2025-10-18 04:19:40.908,106713.73,0.0003,32.014118999999994
2025-10-18 04:19:40.909,106711.04,0.0398,4247.099392
2025-10-18 04:19:40.910,106702.77,5e-05,5.3351385
2025-10-18 04:19:40.911,106695.95,0.03666,3911.4735269999996
2025-10-18 04:19:40.917,106695.95,0.01179,1257.9452505
2025-10-18 04:19:40.922,106695.79,0.013,1387.0452699999998
2025-10-18 04:19:40.923,106695.79,0.013,1387.0452699999998
2025-10-18 04:19:41.133,106695.8,0.00045,48.01311
2025-10-18 04:19:41.313,106695.79,9e-05,9.6026211
2025-10-18 04:19:41.787,106695.8,9e-05,9.602622
2025-10-18 04:19:41.897,106695.8,0.01071,1142.7120180000002
2025-10-18 04:19:42.824,106695.79,0.00982,1047.7526578
2025-10-18 04:19:42.971,106695.8,0.00122,130.168876
2025-10-18 04:19:43.364,106695.8,0.00437,466.260646
2025-10-18 04:19:43.366,106696.0,0.00025,26.674
2025-10-18 04:19:43.367,106696.01,0.0001,10.669601
2025-10-18 04:19:43.374,106697.06,0.00035,37.343970999999996
2025-10-18 04:19:43.375,106697.06,0.0001,10.669706
2025-10-18 04:19:43.377,106700.0,0.0004,42.68
2025-10-18 04:19:43.381,106700.0,0.0005,53.35
2025-10-18 04:19:43.387,106703.74,0.00015,16.005561
2025-10-18 04:19:43.389,106703.75,0.0002,21.34075
2025-10-18 04:19:43.419,106703.75,0.00161,171.7930375
2025-10-18 04:19:43.524,106708.24,0.00015,16.006235999999998
2025-10-18 04:19:43.935,106708.25,0.00105,112.0436625
2025-10-18 04:19:44.237,106708.25,0.00018,19.207485000000002
2025-10-18 04:19:44.256,106708.25,0.00281,299.8501825
2025-10-18 04:19:44.292,106708.25,0.00015,16.006237499999997
2025-10-18 04:19:44.391,106708.24,8e-05,8.5366592
2025-10-18 04:19:45.161,106708.25,0.01,1067.0825
2025-10-18 04:19:45.167,106708.25,0.00038,40.549135
2025-10-18 04:19:45.643,106708.25,0.00061,65.0920325
2025-10-18 04:19:46.595,106708.24,8e-05,8.5366592
2025-10-18 04:19:48.385,106708.24,0.00097,103.5069928
2025-10-18 04:19:48.403,106708.25,0.00042,44.817465
2025-10-18 04:19:49.029,106708.25,0.00151,161.1294575
2025-10-18 04:19:49.292,106713.74,0.00493,526.0987382000001
2025-10-18 04:19:49.445,106713.74,0.01,1067.1374
2025-10-18 04:19:49.554,106713.73,0.013,1387.27849
2025-10-18 04:19:49.555,106713.73,0.013,1387.27849
2025-10-18 04:19:49.556,106713.73,0.013,1387.27849
2025-10-18 04:19:49.826,106713.73,0.00093,99.2437689
2025-10-18 04:19:50.112,106713.73,0.013,1387.27849
2025-10-18 04:19:50.147,106713.74,0.00066,70.4310684
2025-10-18 04:19:50.160,106713.73,0.013,1387.27849
2025-10-18 04:19:50.165,106713.73,0.013,1387.27849
2025-10-18 04:19:50.458,106713.74,0.0008,85.37099200000002
2025-10-18 04:19:50.625,106713.73,5e-05,5.3356865
2025-10-18 04:19:50.863,106713.74,0.0014,149.399236
2025-10-18 04:19:50.869,106713.74,0.00044,46.9540456
2025-10-18 04:19:51.244,106713.74,0.00098,104.5794652
2025-10-18 04:19:51.504,106713.73,9e-05,9.6042357
2025-10-18 04:19:51.720,106713.74,5e-05,5.335687000000001
2025-10-18 04:19:52.066,106713.73,6e-05,6.4028238
2025-10-18 04:19:52.936,106713.73,0.00112,119.51937759999998
2025-10-18 04:19:53.525,106713.74,0.0028,298.798472
2025-10-18 04:19:53.702,106713.74,0.00027,28.8127098
2025-10-18 04:19:54.032,106713.74,0.005,533.5687
2025-10-18 04:19:54.491,106713.73,9e-05,9.6042357
2025-10-18 04:19:54.882,106713.74,0.01,1067.1374
2025-10-18 04:19:54.929,106713.74,0.0094,1003.1091560000001
2025-10-18 04:19:55.932,106713.73,0.013,1387.27849
2025-10-18 04:19:55.934,106713.73,0.013,1387.27849
2025-10-18 04:19:56.746,106713.73,7e-05,7.469961099999999
2025-10-18 04:19:56.882,106713.74,0.00047,50.1554578
2025-10-18 04:19:57.003,106713.73,9e-05,9.6042357
2025-10-18 04:19:57.102,106713.74,0.01,1067.1374
2025-10-18 04:19:57.787,106713.73,0.013,1387.27849
2025-10-18 04:19:57.788,106713.73,0.013,1387.27849
2025-10-18 04:19:57.789,106713.73,0.013,1387.27849
2025-10-18 04:19:57.838,106713.73,0.284,30306.699319999996
2025-10-18 04:19:57.840,106713.73,0.0002,21.342746
2025-10-18 04:19:57.842,106711.03,0.0131,1397.914493
2025-10-18 04:19:57.843,106711.03,0.00235,250.77092050000002
2025-10-18 04:19:57.844,106711.04,0.03379,3605.7660416
2025-10-18 04:19:57.845,106711.02,0.00065,69.362163
2025-10-18 04:19:57.851,106708.48,5e-05,5.335424
2025-10-18 04:19:57.878,106708.24,0.00079,84.29950960000001
2025-10-18 04:19:58.015,106708.25,0.0001,10.670825
2025-10-18 04:19:58.132,106708.25,0.00011,11.7379075
2025-10-18 04:19:58.283,106708.25,0.00012,12.80499
2025-10-18 04:19:58.636,106708.24,0.013,1387.20712
2025-10-18 04:19:59.167,106708.24,0.013,1387.20712
2025-10-18 04:19:59.363,106708.24,0.013,1387.20712
2025-10-18 04:19:59.417,106708.25,0.00102,108.842415
2025-10-18 04:20:00.146,106708.25,5e-05,5.3354125
2025-10-18 04:20:00.520,106708.24,0.013,1387.20712
2025-10-18 04:20:00.521,106708.24,0.013,1387.20712
2025-10-18 04:20:01.043,106708.25,0.00021,22.4087325
2025-10-18 04:20:01.968,106708.25,0.00049,52.2870425
2025-10-18 04:20:01.973,106708.24,0.013,1387.20712
2025-10-18 04:20:01.975,106708.24,0.013,1387.20712
2025-10-18 04:20:01.976,106708.24,0.013,1387.20712
2025-10-18 04:20:02.151,106708.24,0.013,1387.20712
2025-10-18 04:20:02.153,106708.24,0.013,1387.20712
2025-10-18 04:20:02.444,106708.25,0.00044,46.95163
2025-10-18 04:20:02.452,106708.24,0.39,41616.2136
2025-10-18 04:20:02.455,106708.24,0.06417,6847.467760800001
2025-10-18 04:20:02.456,106707.26,0.0001,10.670726
2025-10-18 04:20:02.461,106707.16,0.0313,3339.9341080000004
2025-10-18 04:20:02.503,106707.15,0.00293,312.65194949999994
2025-10-18 04:20:02.630,106707.14,0.00316,337.1945624
2025-10-18 04:20:02.715,106704.97,5e-05,5.3352485000000005
2025-10-18 04:20:02.854,106704.51,0.00449,479.1032499
2025-10-18 04:20:03.052,106701.83,0.0001,10.670183000000002
2025-10-18 04:20:03.054,106701.41,0.00133,141.9128753
2025-10-18 04:20:03.057,106701.19,0.03366,3591.5620554
2025-10-18 04:20:03.061,106699.86,0.00015,16.004979
2025-10-18 04:20:03.062,106698.27,0.013,1387.07751
2025-10-18 04:20:03.101,106698.27,0.013,1387.07751
2025-10-18 04:20:03.395,106698.27,0.013,1387.07751
2025-10-18 04:20:03.396,106698.27,0.013,1387.07751
2025-10-18 04:20:03.397,106698.27,0.013,1387.07751
2025-10-18 04:20:03.446,106698.27,0.00059,62.951979300000005
2025-10-18 04:20:04.362,106698.27,0.00082,87.4925814
2025-10-18 04:20:05.975,106698.28,0.0006,64.01896799999999
2025-10-18 04:20:06.101,106698.28,0.432,46093.65696
2025-10-18 04:20:06.170,106698.28,0.00025,26.67457
2025-10-18 04:20:06.202,106698.28,0.0006,64.01896799999999
2025-10-18 04:20:06.433,106698.28,0.00052,55.483105599999995
2025-10-18 04:20:06.587,106698.28,0.00163,173.9181964
2025-10-18 04:20:08.289,106698.28,0.01212,1293.1831536
2025-10-18 04:20:08.406,106698.27,0.013,1387.07751
2025-10-18 04:20:08.408,106698.27,0.013,1387.07751
2025-10-18 04:20:08.482,106698.27,0.2,21339.654000000002
2025-10-18 04:20:08.991,106698.27,0.00473,504.6828171
2025-10-18 04:20:09.300,106698.28,0.00079,84.2916412
2025-10-18 04:20:09.412,106698.28,0.00073,77.8897444
2025-10-18 04:20:10.209,106698.28,0.00094,100.2963832
2025-10-18 04:20:10.363,106698.28,0.00105,112.033194
2025-10-18 04:20:10.880,106698.27,0.013,1387.07751
2025-10-18 04:20:10.882,106698.27,0.013,1387.07751
2025-10-18 04:20:10.884,106697.15,0.00015,16.0045725
2025-10-18 04:20:10.886,106697.14,0.00025,26.674285
2025-10-18 04:20:10.889,106696.4,0.01983,2115.789612
2025-10-18 04:20:10.901,106695.77,0.0002,21.339154
2025-10-18 04:20:10.904,106694.01,0.00104,110.96177039999999
2025-10-18 04:20:10.907,106694.0,0.00145,154.7063
2025-10-18 04:20:10.915,106688.5,0.00135,144.02947500000002
2025-10-18 04:20:11.107,106688.07,0.01499,1599.2541693
2025-10-18 04:20:11.112,106688.07,0.01499,1599.2541693
2025-10-18 04:20:12.323,106688.08,5e-05,5.334404
2025-10-18 04:20:13.621,106688.08,0.00051,54.41092080000001
2025-10-18 04:20:13.952,106688.08,0.00074,78.9491792
2025-10-18 04:20:14.111,106688.07,0.013,1386.94491
2025-10-18 04:20:14.162,106688.08,0.0003,32.006423999999996
2025-10-18 04:20:15.519,106688.08,6e-05,6.4012848
2025-10-18 04:20:15.588,106688.07,8e-05,8.535045600000002
2025-10-18 04:20:16.486,106688.07,8e-05,8.535045600000002
2025-10-18 04:20:17.485,106688.07,0.013,1386.94491
2025-10-18 04:20:17.487,106688.07,0.013,1386.94491
2025-10-18 04:20:17.523,106688.08,0.00018,19.2038544
2025-10-18 04:20:19.037,106688.08,0.00055,58.678444000000006
2025-10-18 04:20:19.635,106688.08,0.0125,1333.601
2025-10-18 04:20:19.740,106688.08,7e-05,7.4681656
2025-10-18 04:20:19.930,106688.07,8e-05,8.535045600000002
2025-10-18 04:20:19.981,106688.07,7e-05,7.4681649
2025-10-18 04:20:20.026,106688.08,0.00441,470.49443279999997
2025-10-18 04:20:20.624,106688.08,0.00018,19.2038544
2025-10-18 04:20:20.632,106688.08,0.00081,86.4173448
2025-10-18 04:20:20.733,106688.07,0.00029,30.9395403
2025-10-18 04:20:21.105,106688.07,0.00019,20.270733300000003
2025-10-18 04:20:21.288,106688.08,0.00187,199.5067096
2025-10-18 04:20:21.628,106688.08,0.00013,13.8694504
2025-10-18 04:20:21.706,106688.07,0.00449,479.02943430000005
2025-10-18 04:20:22.318,106688.07,0.0295,3147.298065
2025-10-18 04:20:23.478,106688.08,0.00022,23.4713776
2025-10-18 04:20:23.767,106688.08,0.00018,19.2038544
2025-10-18 04:20:23.902,106688.08,0.00015,16.003211999999998
2025-10-18 04:20:24.653,106688.07,0.00089,94.9523823
2025-10-18 04:20:25.000,106688.08,0.0052,554.778016
2025-10-18 04:20:27.290,106688.08,0.00314,335.0005712
2025-10-18 04:20:28.517,106688.08,0.0001,10.668808
2025-10-18 04:20:28.538,106688.08,8e-05,8.5350464
2025-10-18 04:20:28.592,106688.08,0.00071,75.7485368
2025-10-18 04:20:28.669,106688.08,0.00071,75.7485368
2025-10-18 04:20:28.725,106688.08,7e-05,7.4681656
2025-10-18 04:20:28.890,106688.08,8e-05,8.5350464
2025-10-18 04:20:28.970,106688.08,0.00019,20.2707352
2025-10-18 04:20:29.037,106688.08,0.00094,100.2867952
2025-10-18 04:20:29.881,106688.08,0.00188,200.5735904
2025-10-18 04:20:29.882,106688.08,0.00088,93.8855104
2025-10-18 04:20:30.094,106688.08,0.00937,999.6673096
2025-10-18 04:20:30.320,106688.08,0.00047,50.1433976
2025-10-18 04:20:30.732,106688.08,0.00024,25.6051392
2025-10-18 04:20:31.233,106688.08,8e-05,8.5350464
2025-10-18 04:20:31.317,106688.08,0.00283,301.9272664
2025-10-18 04:20:31.517,106688.07,0.00093,99.2199051
2025-10-18 04:20:31.531,106688.07,0.00035,37.340824500000004
2025-10-18 04:20:32.313,106688.08,0.00094,100.2867952
2025-10-18 04:20:32.534,106688.08,0.00044,46.9427552
2025-10-18 04:20:32.651,106688.08,0.00142,151.4970736
2025-10-18 04:20:32.718,106688.08,0.00057,60.8122056
2025-10-18 04:20:32.785,106688.08,0.00012,12.8025696
2025-10-18 04:20:34.486,106688.08,0.00243,259.2520344
2025-10-18 04:20:34.696,106688.08,0.14362,15322.5420496
2025-10-18 04:20:34.800,106688.07,9e-05,9.6019263
2025-10-18 04:20:35.447,106688.08,7e-05,7.4681656
2025-10-18 04:20:36.028,106688.08,0.00013,13.8694504
2025-10-18 04:20:36.299,106688.08,0.00415,442.755532
2025-10-18 04:20:36.624,106688.08,0.0001,10.668808
2025-10-18 04:20:37.283,106688.08,0.00069,73.6147752
2025-10-18 04:20:37.473,106688.08,0.00018,19.2038544
2025-10-18 04:20:37.855,106688.07,1.0,106688.07
2025-10-18 04:20:38.214,106688.08,0.00089,94.9523912
2025-10-18 04:20:38.603,106688.07,0.00117,124.82504190000002
2025-10-18 04:20:38.996,106688.07,0.9468,101012.264676
2025-10-18 04:20:38.997,106688.07,0.0067,714.8100690000001
2025-10-18 04:20:38.998,106679.0,5e-05,5.333950000000001
2025-10-18 04:20:39.006,106670.72,0.00054,57.6021888
2025-10-18 04:20:39.007,106670.72,0.01011,1078.4409792
2025-10-18 04:20:39.017,106662.0,0.002,213.324
2025-10-18 04:20:39.023,106660.0,5e-05,5.333
2025-10-18 04:20:39.024,106658.0,6e-05,6.3994800000000005
2025-10-18 04:20:39.026,106658.0,0.013,1386.5539999999999
2025-10-18 04:20:39.027,106670.55,0.00685,730.6932675
2025-10-18 04:20:39.029,106668.25,0.0001,10.666825000000001
2025-10-18 04:20:39.030,106658.0,0.04688,5000.127039999999
2025-10-18 04:20:39.031,106667.21,0.03725,3973.3535725
2025-10-18 04:20:39.038,106667.21,0.05,5333.360500000001
2025-10-18 04:20:39.070,106663.88,0.00015,15.999581999999998
2025-10-18 04:20:39.074,106661.01,0.00187,199.45608869999998
2025-10-18 04:20:39.108,106661.01,0.0006,63.99660599999999
2025-10-18 04:20:39.139,106661.96,0.00303,323.1857388
2025-10-18 04:20:39.141,106661.96,0.00214,228.2565944
2025-10-18 04:20:39.230,106661.97,0.00841,897.0271677000001
2025-10-18 04:20:39.718,106661.96,0.00023,24.532250800000003
2025-10-18 04:20:39.896,106661.59,8e-05,8.5329272
2025-10-18 04:20:39.910,106661.59,0.0018,191.990862
2025-10-18 04:20:39.915,106658.0,0.63379,67598.77382
2025-10-18 04:20:39.918,106656.0,0.002,213.312
2025-10-18 04:20:39.926,106651.33,0.00015,15.9976995
2025-10-18 04:20:39.931,106650.0,0.013,1386.45
2025-10-18 04:20:39.939,106650.0,0.02812,2998.998
2025-10-18 04:20:39.942,106650.0,0.0082,874.5300000000001
2025-10-18 04:20:40.066,106650.0,0.00575,613.2375
2025-10-18 04:20:40.775,106650.0,0.0001,10.665000000000001
2025-10-18 04:20:40.890,106650.01,0.00542,578.0430542
2025-10-18 04:20:41.203,106650.0,0.013,1386.45
2025-10-18 04:20:41.205,106650.0,0.013,1386.45
2025-10-18 04:20:41.206,106650.0,0.013,1386.45
2025-10-18 04:20:41.241,106650.0,0.27269,29082.388499999997
2025-10-18 04:20:41.242,106648.93,0.00085,90.65159049999998
2025-10-18 04:20:41.254,106648.92,0.00224,238.89358079999997
2025-10-18 04:20:41.315,106643.2,5e-05,5.33216
2025-10-18 04:20:41.394,106636.8,7e-05,7.464575999999999
2025-10-18 04:20:41.555,106636.8,0.0002,21.327360000000002
2025-10-18 04:20:41.994,106636.79,0.01289,1374.5482230999999
2025-10-18 04:20:42.033,106636.79,0.00211,225.00362689999997
2025-10-18 04:20:42.200,106636.79,0.015,1599.5518499999998
2025-10-18 04:20:42.279,106636.8,0.02344,2499.566592
2025-10-18 04:20:42.338,106636.79,8e-05,8.5309432
2025-10-18 04:20:42.354,106636.79,0.015,1599.5518499999998
2025-10-18 04:20:42.355,106636.79,7e-05,7.464575299999999
2025-10-18 04:20:42.459,106636.8,0.00108,115.167744
2025-10-18 04:20:42.512,106636.79,0.015,1599.5518499999998
2025-10-18 04:20:42.673,106636.79,0.015,1599.5518499999998
2025-10-18 04:20:43.090,106636.8,5e-05,5.331840000000001
2025-10-18 04:20:43.411,106636.79,9e-05,9.5973111
2025-10-18 04:20:43.852,106636.79,0.01,1066.3679
2025-10-18 04:20:44.295,106636.8,0.00059,62.915712000000006
2025-10-18 04:20:44.759,106636.79,9e-05,9.5973111
2025-10-18 04:20:44.878,106636.79,0.00822,876.5544137999999
2025-10-18 04:20:45.069,106636.8,0.00127,135.42873600000001
2025-10-18 04:20:45.278,106636.79,9e-05,9.5973111
2025-10-18 04:20:45.912,106636.79,0.013,1386.2782699999998
2025-10-18 04:20:46.137,106636.8,0.55594,59283.662592
2025-10-18 04:20:46.140,106639.96,5e-05,5.3319980000000005
2025-10-18 04:20:46.143,106642.64,0.00622,663.3172208
2025-10-18 04:20:46.153,106642.65,0.00096,102.376944
2025-10-18 04:20:46.156,106642.66,0.0002,21.328532000000003
2025-10-18 04:20:46.230,106647.46,0.03,3199.4238
2025-10-18 04:20:46.307,106647.46,0.36045,38441.076957000005
2025-10-18 04:20:46.308,106647.46,0.08716,9295.392613600001
2025-10-18 04:20:46.309,106647.46,0.00205,218.62729300000004
2025-10-18 04:20:46.458,106651.38,5e-05,5.332569
2025-10-18 04:20:46.618,106651.79,0.00093,99.1861647
2025-10-18 04:20:47.315,106656.05,0.00375,399.9601875
2025-10-18 04:20:48.091,106660.0,0.0002,21.332
2025-10-18 04:20:48.915,106659.99,9e-05,9.599399100000001
2025-10-18 04:20:49.313,106659.99,0.009,959.9399099999999
2025-10-18 04:20:49.610,106660.0,0.09375,9999.375
2025-10-18 04:20:50.141,106660.0,0.10378,11069.174799999999
2025-10-18 04:20:50.142,106660.0,0.11108,11847.7928
2025-10-18 04:20:50.143,106660.0,0.03394,3620.0404
2025-10-18 04:20:50.146,106660.08,0.00239,254.91759120000003
2025-10-18 04:20:50.147,106660.08,0.03779,4030.6844232
2025-10-18 04:20:50.150,106660.08,0.229,24425.158320000002
2025-10-18 04:20:50.655,106660.07,0.00067,71.46224690000001
2025-10-18 04:20:50.684,106660.08,0.00144,153.5905152
2025-10-18 04:20:50.769,106667.64,0.00015,16.000145999999997
2025-10-18 04:20:50.839,106667.78,8e-05,8.533422400000001
2025-10-18 04:20:50.877,106667.79,0.00225,240.00252749999996
2025-10-18 04:20:50.907,106668.25,0.00016,17.06692
2025-10-18 04:20:50.908,106668.26,0.0001,10.666826
2025-10-18 04:20:51.290,106671.1,0.0937,9995.08207
2025-10-18 04:20:51.432,106671.09,0.00175,186.6744075
2025-10-18 04:20:51.713,106671.1,0.00139,148.272829
2025-10-18 04:20:51.808,106673.14,0.0003,32.001942
2025-10-18 04:20:52.231,106699.84,0.14065,15007.332495999999
2025-10-18 04:20:52.241,106712.75,6e-05,6.4027650000000005
2025-10-18 04:20:52.242,106712.74,0.00936,998.8312464
2025-10-18 04:20:52.319,106712.58,0.02979,3178.9677582
2025-10-18 04:20:52.395,106712.58,0.00046,49.0877868
2025-10-18 04:20:52.557,106712.59,0.00093,99.24270870000001
2025-10-18 04:20:52.696,106712.58,0.11569,12345.5783802
2025-10-18 04:20:52.781,106712.59,0.00203,216.6265577
2025-10-18 04:20:53.006,106712.58,7e-05,7.4698806
2025-10-18 04:20:53.045,106712.59,0.0012,128.055108
2025-10-18 04:20:53.219,106712.59,0.00064,68.2960576
2025-10-18 04:20:53.300,106712.59,9e-05,9.6041331
2025-10-18 04:20:54.334,106712.58,8e-05,8.537006400000001
2025-10-18 04:20:55.082,106712.58,7e-05,7.4698806
2025-10-18 04:20:55.791,106712.59,0.00065,69.36318349999999
2025-10-18 04:20:56.757,106712.58,0.01789,1909.0880562
2025-10-18 04:20:57.162,106712.59,0.0014,149.397626
2025-10-18 04:20:57.374,106712.59,0.00093,99.24270870000001
2025-10-18 04:20:58.507,106712.59,0.00093,99.24270870000001
2025-10-18 04:20:58.625,106712.59,0.01,1067.1259
2025-10-18 04:20:58.777,106712.59,0.03669,3915.2849271
2025-10-18 04:20:58.848,106712.58,0.0046,490.877868
2025-10-18 04:20:59.213,106712.59,0.00279,297.7281261
2025-10-18 04:20:59.412,106712.58,0.00117,124.85371860000001
2025-10-18 04:21:00.684,106712.59,0.0005,53.356295
2025-10-18 04:21:00.708,106712.58,0.00939,1002.0311262000001
2025-10-18 04:21:01.115,106701.91,0.20617,21998.7327847
2025-10-18 04:21:01.189,106701.56,0.0015,160.05234
2025-10-18 04:21:01.197,106701.56,0.013,1387.1202799999999
2025-10-18 04:21:01.217,106701.56,0.013,1387.1202799999999
2025-10-18 04:21:01.319,106701.57,0.32801,34999.181975700005
2025-10-18 04:21:01.383,106701.56,0.00032,34.1444992
2025-10-18 04:21:02.219,106701.56,7e-05,7.469109199999999
2025-10-18 04:21:02.312,106701.56,0.00273,291.2952588
2025-10-18 04:21:03.556,106701.56,0.00047,50.1497332
2025-10-18 04:21:04.113,106701.57,0.00012,12.804188400000001
2025-10-18 04:21:04.809,106701.57,0.00014,14.938219799999999
2025-10-18 04:21:05.659,106701.57,0.00011,11.7371727
2025-10-18 04:21:06.285,106701.56,0.00043,45.881670799999995
2025-10-18 04:21:06.289,106701.57,0.00122,130.1759154
2025-10-18 04:21:06.386,106701.57,0.0013,138.712041
2025-10-18 04:21:06.409,106701.57,9e-05,9.6031413
2025-10-18 04:21:06.529,106701.56,0.00014,14.938218399999998
2025-10-18 04:21:06.891,106701.57,9e-05,9.6031413
2025-10-18 04:21:07.364,106701.56,0.013,1387.1202799999999
2025-10-18 04:21:07.365,106701.56,0.013,1387.1202799999999
2025-10-18 04:21:07.366,106701.56,0.013,1387.1202799999999
2025-10-18 04:21:09.019,106701.57,0.00029,30.943455300000004
2025-10-18 04:21:09.083,106701.56,0.00012,12.8041872
2025-10-18 04:21:09.460,106701.56,9e-05,9.603140400000001
2025-10-18 04:21:09.727,106701.56,0.00397,423.6051931999999
2025-10-18 04:21:10.861,106701.57,0.00146,155.7842922
2025-10-18 04:21:10.999,106701.57,0.00149,158.98533930000002
2025-10-18 04:21:11.996,106701.57,0.05372,5732.0083404
2025-10-18 04:21:12.000,106703.04,0.0001,10.670304
2025-10-18 04:21:12.002,106703.29,0.0003,32.01098699999999
2025-10-18 04:21:12.005,106703.89,0.0002,21.340778
2025-10-18 04:21:12.517,106707.21,0.00053,56.5548213
2025-10-18 04:21:12.799,106707.21,7e-05,7.4695047
2025-10-18 04:21:13.407,106707.21,8e-05,8.5365768
2025-10-18 04:21:14.689,106707.21,0.00327,348.9325767
2025-10-18 04:21:15.482,106707.21,8e-05,8.5365768
2025-10-18 04:21:15.730,106707.21,0.0009,96.036489
2025-10-18 04:21:16.547,106707.21,0.04685,4999.2327885
2025-10-18 04:21:17.266,106707.21,7e-05,7.4695047
2025-10-18 04:21:17.617,106707.22,9e-05,9.603649800000001
2025-10-18 04:21:17.890,106707.21,0.00014,14.9390094
2025-10-18 04:21:18.214,106707.22,0.0002,21.341444000000003
2025-10-18 04:21:18.231,106707.21,8e-05,8.5365768
2025-10-18 04:21:18.288,106707.21,0.0002,21.341442
2025-10-18 04:21:20.016,106707.21,0.00155,165.3961755
2025-10-18 04:21:20.256,106707.22,0.00159,169.6644798
2025-10-18 04:21:20.768,106707.21,0.0001,10.670721
2025-10-18 04:21:22.692,106707.21,0.00171,182.4693291
2025-10-18 04:21:23.325,106707.21,0.0008,85.365768
2025-10-18 04:21:23.575,106707.22,5e-05,5.335361000000001
2025-10-18 04:21:24.543,106707.21,0.00014,14.9390094
2025-10-18 04:21:24.786,106707.22,0.00062,66.1584764
2025-10-18 04:21:24.856,106707.22,0.00053,56.5548266
2025-10-18 04:21:24.918,106707.22,0.05286,5640.5436492
2025-10-18 04:21:25.787,106707.21,0.0298,3179.874858
2025-10-18 04:21:26.275,106707.22,0.00101,107.7742922
2025-10-18 04:21:27.278,106707.22,0.00129,137.6523138
2025-10-18 04:21:27.418,106707.22,0.00077,82.1645594
2025-10-18 04:21:27.755,106707.21,0.00089,94.9694169
2025-10-18 04:21:28.064,106707.22,0.00874,932.6211027999999
2025-10-18 04:21:28.289,106707.21,0.0298,3179.874858
2025-10-18 04:21:28.372,106707.22,0.00059,62.9572598
2025-10-18 04:21:28.483,106707.21,0.00237,252.89608770000004
2025-10-18 04:21:29.866,106707.21,0.00017,18.140225700000002
2025-10-18 04:21:30.725,106707.21,0.0216,2304.8757360000004
2025-10-18 04:21:31.468,106707.21,9e-05,9.603648900000001
2025-10-18 04:21:31.711,106707.21,0.0001,10.670721
2025-10-18 04:21:33.539,106707.22,0.00049,52.2865378
2025-10-18 04:21:33.834,106707.21,0.0043,458.841003
2025-10-18 04:21:34.393,106707.21,8e-05,8.5365768
2025-10-18 04:21:35.198,106707.22,9e-05,9.603649800000001
2025-10-18 04:21:35.407,106707.21,8e-05,8.5365768
2025-10-18 04:21:36.231,106707.21,0.0009,96.036489
2025-10-18 04:21:38.170,106707.22,0.00055,58.688971
2025-10-18 04:21:38.313,106707.22,0.00969,1033.9929618
2025-10-18 04:21:38.769,106707.21,0.0298,3179.874858
2025-10-18 04:21:40.509,106707.21,0.00251,267.83509710000004
2025-10-18 04:21:41.181,106707.22,0.00469,500.45686179999996
2025-10-18 04:21:41.272,106707.21,0.0298,3179.874858
2025-10-18 04:21:42.714,106707.21,0.01999,2133.0771279
2025-10-18 04:21:42.715,106707.21,0.00477,508.9933917
2025-10-18 04:21:42.718,106706.81,0.02943,3140.3814183
2025-10-18 04:21:42.722,106701.56,0.0081,864.2826359999999
2025-10-18 04:21:42.725,106701.26,0.03179,3392.0330553999997
2025-10-18 04:21:42.726,106696.54,0.00696,742.6079183999999
2025-10-18 04:21:42.728,106692.11,0.00015,16.0038165
2025-10-18 04:21:42.731,106691.04,0.013,1386.9835199999998
2025-10-18 04:21:42.765,106691.04,0.01875,2000.4569999999999
2025-10-18 04:21:43.701,106691.04,0.0126,1344.307104
2025-10-18 04:21:43.815,106691.04,0.013,1386.9835199999998
2025-10-18 04:21:43.816,106683.26,0.0001,10.668326
2025-10-18 04:21:43.823,106678.58,0.013,1386.82154
2025-10-18 04:21:43.824,106678.58,0.013,1386.82154
2025-10-18 04:21:43.939,106678.58,9e-05,9.6010722
2025-10-18 04:21:44.540,106678.59,0.00284,302.9671956
2025-10-18 04:21:45.096,106678.58,0.013,1386.82154
2025-10-18 04:21:45.098,106678.58,0.013,1386.82154
2025-10-18 04:21:45.100,106678.58,0.013,1386.82154
2025-10-18 04:21:45.204,106678.58,9e-05,9.6010722
2025-10-18 04:21:45.379,106678.59,0.00281,299.7668379
2025-10-18 04:21:45.419,106678.58,8e-05,8.534286400000001
2025-10-18 04:21:45.428,106678.58,0.013,1386.82154
2025-10-18 04:21:45.496,106678.59,9e-05,9.6010731
2025-10-18 04:21:45.617,106678.58,0.013,1386.82154
2025-10-18 04:21:45.664,106678.59,0.00065,69.3410835
2025-10-18 04:21:46.115,106678.58,8e-05,8.534286400000001
2025-10-18 04:21:46.143,106678.59,0.00051,54.4060809
2025-10-18 04:21:46.238,106678.58,0.013,1386.82154
2025-10-18 04:21:46.460,106678.58,7e-05,7.467500599999999
2025-10-18 04:21:46.504,106678.58,0.0128,1365.485824
2025-10-18 04:21:46.746,106678.58,0.013,1386.82154
2025-10-18 04:21:46.749,106678.58,0.013,1386.82154
2025-10-18 04:21:46.816,106678.59,0.00047,50.138937299999995
2025-10-18 04:21:46.905,106678.59,5e-05,5.3339295
2025-10-18 04:21:46.932,106678.59,0.00026,27.736433399999996
2025-10-18 04:21:46.959,106678.59,0.00126,134.4150234
2025-10-18 04:21:47.006,106678.59,0.0025,266.696475
2025-10-18 04:21:47.170,106678.59,0.00303,323.2361277
2025-10-18 04:21:47.775,106678.59,0.00093,99.2110887
2025-10-18 04:21:47.848,106678.58,0.0002,21.335716
2025-10-18 04:21:49.065,106678.58,0.0596,6358.043368000001
2025-10-18 04:21:49.390,106678.59,0.00836,891.8330123999999
2025-10-18 04:21:49.665,106678.59,0.00172,183.4871748
2025-10-18 04:21:49.964,106678.59,0.00236,251.7614724
2025-10-18 04:21:50.511,106678.59,7e-05,7.4675012999999995
2025-10-18 04:21:50.647,106678.58,0.013,1386.82154
2025-10-18 04:21:50.863,106678.59,0.00781,833.1597879
2025-10-18 04:21:51.542,106678.58,0.0596,6358.043368000001
2025-10-18 04:21:51.789,106678.59,0.0001,10.667859
2025-10-18 04:21:52.702,106678.58,0.01499,1599.1119142
2025-10-18 04:21:52.859,106678.58,0.01499,1599.1119142
2025-10-18 04:21:53.020,106678.58,0.01499,1599.1119142
2025-10-18 04:21:53.180,106678.58,0.01499,1599.1119142
2025-10-18 04:21:53.213,106678.59,7e-05,7.4675012999999995
2025-10-18 04:21:53.285,106678.58,0.00261,278.4310938
2025-10-18 04:21:53.340,106678.58,0.01499,1599.1119142
2025-10-18 04:21:53.410,106678.59,0.00289,308.30112510000004
2025-10-18 04:21:53.502,106678.58,0.01499,1599.1119142
2025-10-18 04:21:53.713,106678.59,0.00093,99.2110887
2025-10-18 04:21:53.949,106678.58,0.00019,20.2689302
2025-10-18 04:21:54.050,106678.58,0.0298,3179.0216840000003
2025-10-18 04:21:54.297,106678.59,0.00201,214.4239659
2025-10-18 04:21:54.423,106678.59,0.00056,59.740010399999996
2025-10-18 04:21:54.748,106678.58,0.013,1386.82154
2025-10-18 04:21:54.750,106678.58,0.013,1386.82154
2025-10-18 04:21:54.993,106678.59,6e-05,6.4007154
2025-10-18 04:21:55.188,106678.59,0.0057,608.067963
2025-10-18 04:21:56.151,106678.58,0.00207,220.8246606
2025-10-18 04:21:56.154,106678.58,0.0002,21.335716
2025-10-18 04:21:56.184,106678.58,0.00157,167.4853706
2025-10-18 04:21:56.211,106678.58,0.00116,123.74715280000001
2025-10-18 04:21:56.301,106678.58,7e-05,7.467500599999999
2025-10-18 04:21:56.404,106678.58,0.005,533.3929
2025-10-18 04:21:56.521,106678.58,0.0298,3179.0216840000003
2025-10-18 04:21:56.670,106678.58,0.0022,234.692876
2025-10-18 04:21:56.758,106678.59,0.00046,49.0721514
2025-10-18 04:21:58.317,106678.59,0.00015,16.001788499999996
2025-10-18 04:21:58.817,106678.58,0.00337,359.50681460000004
2025-10-18 04:21:58.888,106678.59,0.04686,4998.9587274
2025-10-18 04:21:58.907,106678.59,0.09666,10311.552509399999
2025-10-18 04:21:58.992,106678.58,0.0298,3179.0216840000003
2025-10-18 04:21:59.032,106678.59,0.00336,358.4400624
2025-10-18 04:21:59.943,106678.58,0.00032,34.137145600000004
2025-10-18 04:22:00.761,106678.59,0.00071,75.7417989
2025-10-18 04:22:01.419,106678.58,0.0298,3179.0216840000003
2025-10-18 04:22:02.027,106678.58,7e-05,7.467500599999999
2025-10-18 04:22:03.049,106678.58,0.0005,53.339290000000005
2025-10-18 04:22:03.067,106680.0,5e-05,5.3340000000000005
2025-10-18 04:22:03.069,106680.72,0.00025,26.670180000000002
2025-10-18 04:22:03.095,106680.72,0.00195,208.027404
2025-10-18 04:22:03.117,106680.73,0.0007,74.67651099999999
2025-10-18 04:22:03.641,106682.84,0.00463,493.94154919999994
2025-10-18 04:22:03.692,106682.84,0.013,1386.87692
2025-10-18 04:22:04.082,106682.84,0.0298,3179.148632
2025-10-18 04:22:04.133,106682.85,0.00253,269.90761050000003
2025-10-18 04:22:04.930,106682.84,0.00207,220.83347879999997
2025-10-18 04:22:05.359,106682.84,0.0001,10.668284
2025-10-18 04:22:05.634,106682.84,0.00101,107.7496684
2025-10-18 04:22:05.881,106682.85,0.0002,21.336570000000002
2025-10-18 04:22:06.219,106682.85,0.35854,38250.069039
2025-10-18 04:22:06.622,106682.85,0.00071,75.74482350000001
2025-10-18 04:22:06.776,106682.84,0.0298,3179.148632
2025-10-18 04:22:07.236,106682.85,9e-05,9.601456500000001
2025-10-18 04:22:07.240,106682.84,9e-05,9.6014556
2025-10-18 04:22:08.682,106682.85,0.00411,438.4665135
2025-10-18 04:22:08.817,106682.84,0.00243,259.2393012
2025-10-18 04:22:09.060,106682.85,0.00568,605.9585880000001
2025-10-18 04:22:09.207,106682.84,0.0298,3179.148632
2025-10-18 04:22:09.522,106682.85,0.0005,53.341425
2025-10-18 04:22:09.597,106682.84,0.013,1386.87692
2025-10-18 04:22:10.185,106682.85,0.00281,299.7788085
2025-10-18 04:22:10.402,106682.84,0.00402,428.8650168
2025-10-18 04:22:11.031,106682.84,0.00233,248.5710172
2025-10-18 04:22:12.017,106682.84,0.0009,96.014556
2025-10-18 04:22:12.546,106682.84,0.00281,299.7787804
2025-10-18 04:22:14.285,106682.84,0.0298,3179.148632
2025-10-18 04:22:14.392,106682.84,8e-05,8.534627200000001
2025-10-18 04:22:14.982,106682.84,0.00018,19.2029112
2025-10-18 04:22:15.100,106682.84,9e-05,9.6014556
2025-10-18 04:22:15.532,106682.85,0.00092,98.148222
2025-10-18 04:22:16.513,106682.85,0.00094,100.281879
2025-10-18 04:22:16.515,106682.85,9e-05,9.601456500000001
2025-10-18 04:22:16.632,106682.85,0.00015,16.0024275
2025-10-18 04:22:16.739,106682.85,0.0061,650.765385
2025-10-18 04:22:16.785,106682.85,0.00938,1000.685133
2025-10-18 04:22:16.925,106682.85,9e-05,9.601456500000001
2025-10-18 04:22:16.933,106682.85,0.00044,46.940454
2025-10-18 04:22:16.975,106682.85,0.0001,10.668285000000001
2025-10-18 04:22:16.982,106682.85,0.0001,10.668285000000001
2025-10-18 04:22:17.003,106682.84,0.0298,3179.148632
2025-10-18 04:22:17.082,106682.85,8e-05,8.534628000000001
2025-10-18 04:22:17.182,106682.85,0.00015,16.0024275
2025-10-18 04:22:17.276,106682.85,0.00029,30.938026500000003
2025-10-18 04:22:17.281,106682.85,0.00047,50.1409395
2025-10-18 04:22:17.409,106682.84,9e-05,9.6014556
2025-10-18 04:22:17.751,106682.84,9e-05,9.6014556
2025-10-18 04:22:17.791,106682.85,0.00029,30.938026500000003
2025-10-18 04:22:18.020,106682.85,0.0001,10.668285000000001
2025-10-18 04:22:18.170,106682.85,0.00094,100.281879
2025-10-18 04:22:18.218,106682.85,0.0003,32.004855
2025-10-18 04:22:18.617,106682.85,0.00013,13.8687705
2025-10-18 04:22:18.919,106682.85,0.00047,50.1409395
2025-10-18 04:22:19.018,106682.85,0.0001,10.668285000000001
2025-10-18 04:22:19.287,106682.85,0.00055,58.67556750000001
2025-10-18 04:22:19.545,106682.85,0.00061,65.0765385
2025-10-18 04:22:20.012,106682.85,0.00014,14.935599
2025-10-18 04:22:20.062,106682.85,0.00319,340.31829150000004
2025-10-18 04:22:20.071,106682.84,0.0298,3179.148632
2025-10-18 04:22:20.233,106682.85,0.0001,10.668285000000001
2025-10-18 04:22:20.885,106682.85,0.00093,99.21505050000002
2025-10-18 04:22:21.489,106682.85,0.00468,499.27573800000005
2025-10-18 04:22:21.733,106682.85,0.00023,24.5370555
2025-10-18 04:22:22.155,106682.85,0.0003,32.004855
2025-10-18 04:22:22.541,106682.84,0.0298,3179.148632
2025-10-18 04:22:22.939,106682.85,7e-05,7.4677995
2025-10-18 04:22:22.970,106682.85,0.00302,322.182207
2025-10-18 04:22:23.626,106682.84,0.0001,10.668284
2025-10-18 04:22:24.771,106682.85,0.00202,215.49935700000003
2025-10-18 04:22:25.141,106682.84,0.0298,3179.148632
2025-10-18 04:22:25.870,106682.85,0.09159,9771.0822315
2025-10-18 04:22:26.674,106682.84,0.02812,2999.9214607999997
2025-10-18 04:22:26.856,106682.84,0.00017,18.1360828
2025-10-18 04:22:27.534,106682.84,0.0298,3179.148632
2025-10-18 04:22:28.036,106682.85,0.00287,306.17977950000005
2025-10-18 04:22:29.276,106682.84,8e-05,8.534627200000001
2025-10-18 04:22:29.438,106682.85,8e-05,8.534628000000001
2025-10-18 04:22:32.120,106682.85,0.00279,297.6451515
2025-10-18 04:22:32.289,106682.85,0.00281,299.7788085
2025-10-18 04:22:33.595,106682.85,0.00187,199.4969295
2025-10-18 04:22:35.651,106682.85,0.00344,366.989004
2025-10-18 04:22:35.967,106682.84,0.00023,24.5370532
2025-10-18 04:22:36.679,106682.85,0.00015,16.0024275
2025-10-18 04:22:36.892,106682.85,0.00348,371.256318
2025-10-18 04:22:38.156,106682.85,8e-05,8.534628000000001
2025-10-18 04:22:39.443,106682.85,0.01124,1199.115234
2025-10-18 04:22:40.870,106682.85,0.00282,300.845637
2025-10-18 04:22:41.319,106682.84,0.0006,64.009704
2025-10-18 04:22:41.385,106682.85,0.02343,2499.5791755
2025-10-18 04:22:41.494,106682.84,9e-05,9.6014556
2025-10-18 04:22:41.618,106682.85,0.00468,499.27573800000005
2025-10-18 04:22:42.019,106682.85,8e-05,8.534628000000001
2025-10-18 04:22:43.147,106682.84,0.013,1386.87692
2025-10-18 04:22:43.151,106682.84,0.013,1386.87692
2025-10-18 04:22:43.152,106682.84,0.013,1386.87692
2025-10-18 04:22:43.176,106682.85,0.00167,178.16035950000003
2025-10-18 04:22:43.196,106682.84,0.00271,289.1104964
2025-10-18 04:22:43.238,106682.84,0.00024,25.6038816
2025-10-18 04:22:43.253,106682.84,0.04707,5021.5612788
2025-10-18 04:22:43.264,106682.84,1.19791,127796.44086439999
2025-10-18 04:22:43.660,106682.84,7e-05,7.467798799999999
2025-10-18 04:22:44.848,106682.84,0.00021,22.403396400000002
2025-10-18 04:22:44.902,106682.85,0.0308,3285.8317800000004
2025-10-18 04:22:45.204,106682.84,0.03,3200.4851999999996
2025-10-18 04:22:46.383,106682.84,0.00541,577.1541644
2025-10-18 04:22:46.461,106682.85,0.00101,107.74967850000002
2025-10-18 04:22:46.899,106682.84,0.013,1386.87692
2025-10-18 04:22:46.900,106682.84,0.013,1386.87692
2025-10-18 04:22:46.901,106682.84,0.013,1386.87692
2025-10-18 04:22:47.019,106682.84,0.0003,32.004852
2025-10-18 04:22:47.318,106682.85,0.00029,30.938026500000003
2025-10-18 04:22:47.508,106682.85,0.01505,1605.5768925
2025-10-18 04:22:47.595,106682.84,0.0426,4544.688983999999
2025-10-18 04:22:49.367,106682.85,9e-05,9.601456500000001
2025-10-18 04:22:49.818,106682.85,0.00187,199.4969295
2025-10-18 04:22:50.324,106682.84,0.0298,3179.148632
2025-10-18 04:22:51.444,106682.85,0.00468,499.27573800000005
2025-10-18 04:22:52.985,106682.85,0.00171,182.4276735
2025-10-18 04:22:53.549,106682.84,0.0298,3179.148632
2025-10-18 04:22:54.929,106682.85,0.00604,644.364414
2025-10-18 04:22:55.684,106682.85,0.00593,632.6293005000001
2025-10-18 04:22:56.459,106682.84,0.0596,6358.297264
2025-10-18 04:22:57.236,106682.84,7e-05,7.467798799999999
2025-10-18 04:22:57.350,106682.85,0.00143,152.5564755
2025-10-18 04:22:57.597,106682.84,0.97173,103666.9161132
2025-10-18 04:22:58.847,106682.84,0.0298,3179.148632
2025-10-18 04:22:58.918,106682.85,5e-05,5.3341425000000005
2025-10-18 04:23:00.277,106682.85,0.00151,161.0911035
2025-10-18 04:23:01.423,106682.84,9e-05,9.6014556
2025-10-18 04:23:01.602,106682.84,0.0298,3179.148632
2025-10-18 04:23:02.223,106682.84,0.00015,16.002426
2025-10-18 04:23:02.227,106682.84,0.00011,11.7351124
2025-10-18 04:23:02.979,106682.84,0.00933,995.3508972
2025-10-18 04:23:03.007,106682.85,0.00937,999.6183045
2025-10-18 04:23:03.576,106682.85,7e-05,7.4677995
2025-10-18 04:23:03.784,106682.84,0.02055,2192.3323619999996
2025-10-18 04:23:03.848,106682.84,0.00088,93.8808992
2025-10-18 04:23:04.065,106682.84,0.0298,3179.148632
2025-10-18 04:23:05.238,106682.85,0.00035,37.338997500000005
2025-10-18 04:23:06.561,106682.84,0.00158,168.5588872
2025-10-18 04:23:06.753,106682.84,0.00025,26.67071
2025-10-18 04:23:06.803,106682.84,0.0298,3179.148632
2025-10-18 04:23:08.592,106682.85,0.00013,13.8687705
2025-10-18 04:23:09.247,106682.84,0.00467,498.20886279999996
2025-10-18 04:23:09.329,106682.85,0.00259,276.3085815
2025-10-18 04:23:09.497,106682.84,0.0298,3179.148632
2025-10-18 04:23:10.181,106682.85,0.0001,10.668285000000001
2025-10-18 04:23:11.063,106682.84,0.00025,26.67071
2025-10-18 04:23:11.152,106682.84,0.00483,515.2781172
2025-10-18 04:23:11.567,106682.84,0.0014,149.355976
2025-10-18 04:23:11.568,106682.84,0.07265,7750.508326
2025-10-18 04:23:11.569,106682.84,0.0479,5110.108036
2025-10-18 04:23:11.584,106682.84,0.013,1386.87692
2025-10-18 04:23:11.589,106682.84,0.013,1386.87692
2025-10-18 04:23:11.609,106682.84,0.03416,3644.2858144
2025-10-18 04:23:11.618,106682.84,0.08467,9032.8360628
2025-10-18 04:23:11.620,106682.84,0.20107,21450.7186388
2025-10-18 04:23:11.621,106682.64,0.0001,10.668264
2025-10-18 04:23:11.674,106679.93,5e-05,5.3339965
2025-10-18 04:23:11.703,106678.58,0.00025,26.669645000000003
2025-10-18 04:23:11.713,106678.58,0.00384,409.6457472
2025-10-18 04:23:11.753,106668.33,0.0001,10.666833
2025-10-18 04:23:11.756,106663.86,0.00854,910.9093644000001
2025-10-18 04:23:11.760,106663.87,0.11027,11761.8249449
2025-10-18 04:23:11.779,106663.86,6e-05,6.399831600000001
2025-10-18 04:23:11.781,106663.87,0.02928,3123.1181136
2025-10-18 04:23:11.782,106663.86,0.01875,1999.947375
2025-10-18 04:23:11.786,106663.86,0.04,4266.5544
2025-10-18 04:23:11.787,106663.86,0.08,8533.1088
2025-10-18 04:23:11.949,106663.86,0.013,1386.6301799999999
2025-10-18 04:23:11.950,106663.86,0.013,1386.6301799999999
2025-10-18 04:23:12.228,106663.86,0.00041,43.7321826
2025-10-18 04:23:12.505,106663.86,0.00074,78.9312564
2025-10-18 04:23:13.471,106655.25,6e-05,6.3993150000000005
2025-10-18 04:23:13.472,106647.19,0.03,3199.4157
2025-10-18 04:23:13.477,106646.19,0.00936,998.2083384
2025-10-18 04:23:13.485,106646.19,0.013,1386.40047
2025-10-18 04:23:13.486,106646.19,0.013,1386.40047
2025-10-18 04:23:13.491,106646.19,0.013,1386.40047
2025-10-18 04:23:13.581,106646.19,0.015,1599.69285
2025-10-18 04:23:13.584,106646.19,0.015,1599.69285
2025-10-18 04:23:13.586,106646.19,0.015,1599.69285
2025-10-18 04:23:13.587,106646.19,0.015,1599.69285
2025-10-18 04:23:13.594,106646.19,0.015,1599.69285
2025-10-18 04:23:13.611,106646.19,0.015,1599.69285
2025-10-18 04:23:13.613,106646.19,0.015,1599.69285
2025-10-18 04:23:13.690,106646.19,0.015,1599.69285
2025-10-18 04:23:13.696,106646.19,0.015,1599.69285
2025-10-18 04:23:13.717,106646.2,0.00034,36.259708
2025-10-18 04:23:14.182,106646.19,0.00784,836.1061296
2025-10-18 04:23:14.247,106646.2,0.0013,138.64005999999998
2025-10-18 04:23:14.784,106646.19,0.0594,6334.783686000001
2025-10-18 04:23:14.880,106646.2,0.00072,76.785264
2025-10-18 04:23:14.926,106646.2,0.02813,2999.957606
2025-10-18 04:23:15.198,106646.2,0.02352,2508.318624
2025-10-18 04:23:15.708,106646.2,0.00085,90.64926999999999
2025-10-18 04:23:16.000,106646.19,0.00058,61.854790200000004
2025-10-18 04:23:16.005,106646.2,0.00048,51.190176
2025-10-18 04:23:17.218,106646.19,0.0298,3178.056462
2025-10-18 04:23:17.560,106646.2,0.00094,100.247428
2025-10-18 04:23:17.610,106646.2,0.04918,5244.860116
2025-10-18 04:23:17.891,106646.2,0.00981,1046.199222
2025-10-18 04:23:18.234,106646.2,5e-05,5.3323100000000005
2025-10-18 04:23:18.619,106646.2,0.00064,68.253568
2025-10-18 04:23:18.697,106646.19,0.00025,26.6615475
2025-10-18 04:23:18.866,106646.2,0.01049,1118.7186379999998
2025-10-18 04:23:19.166,106646.2,0.12924,13782.954887999998
2025-10-18 04:23:19.280,106646.2,0.01435,1530.37297
2025-10-18 04:23:19.736,106646.19,0.0298,3178.056462
2025-10-18 04:23:20.018,106646.19,0.00056,59.721866399999996
2025-10-18 04:23:20.728,106646.2,0.00039,41.592017999999996
2025-10-18 04:23:21.658,106646.2,0.00063,67.187106
2025-10-18 04:23:22.256,106646.19,0.0298,3178.056462
2025-10-18 04:23:24.785,106646.19,0.0298,3178.056462
2025-10-18 04:23:25.179,106646.2,9e-05,9.598158
2025-10-18 04:23:25.307,106646.2,9e-05,9.598158
2025-10-18 04:23:25.372,106646.2,0.41065,43794.26203
2025-10-18 04:23:25.377,106648.95,0.00015,15.997342499999998
2025-10-18 04:23:25.426,106649.2,0.00608,648.427136
2025-10-18 04:23:25.445,106649.2,0.00021,22.396332
2025-10-18 04:23:25.461,106649.84,0.0002,21.329968
2025-10-18 04:23:25.606,106650.46,0.49389,52673.595689400005
2025-10-18 04:23:25.607,106650.46,0.00051,54.39173460000001
2025-10-18 04:23:25.611,106651.38,0.04782,5100.0689916
2025-10-18 04:23:25.612,106651.38,0.08607,9179.4842766
2025-10-18 04:23:25.613,106651.38,0.06223,6636.915377400001
2025-10-18 04:23:25.614,106651.38,0.04737,5052.075870600001
2025-10-18 04:23:25.615,106651.38,0.05392,5750.642409600001
2025-10-18 04:23:25.616,106651.38,0.06119,6525.997942200001
2025-10-18 04:23:25.617,106651.38,0.00244,260.2293672
2025-10-18 04:23:25.618,106660.0,5e-05,5.333
2025-10-18 04:23:27.361,106661.26,0.00046,49.064179599999996
2025-10-18 04:23:27.560,106661.26,0.0298,3178.5055479999996
2025-10-18 04:23:27.893,106661.27,0.00285,303.9846195
2025-10-18 04:23:28.335,106661.27,0.00061,65.0633747
2025-10-18 04:23:29.934,106661.26,0.0298,3178.5055479999996
2025-10-18 04:23:30.473,106661.26,9e-05,9.5995134
2025-10-18 04:23:31.227,106661.26,0.0003,31.998377999999995
2025-10-18 04:23:32.334,106661.27,0.0001,10.666127000000001
2025-10-18 04:23:32.388,106661.26,0.0298,3178.5055479999996
2025-10-18 04:23:32.535,106661.27,0.00019,20.265641300000002
2025-10-18 04:23:32.804,106661.27,0.00046,49.06418420000001
2025-10-18 04:23:32.834,106661.27,0.00444,473.57603880000005
2025-10-18 04:23:33.000,106661.26,0.00027,28.798540199999998
2025-10-18 04:23:33.434,106661.27,0.00188,200.5231876
2025-10-18 04:23:33.616,106661.27,0.00562,599.4363374000001
2025-10-18 04:23:33.862,106661.26,0.0018,191.990268
2025-10-18 04:23:34.866,106661.27,0.00936,998.3494872000001
2025-10-18 04:23:34.869,106661.27,0.02461,2624.9338547
2025-10-18 04:23:34.872,106668.87,0.00015,16.000330499999997
2025-10-18 04:23:35.291,106669.77,9e-05,9.6002793
2025-10-18 04:23:38.158,106669.77,0.0002,21.333954000000002
2025-10-18 04:23:38.224,106669.78,0.00093,99.2028954
2025-10-18 04:23:38.233,106669.77,0.00038,40.534512600000006
2025-10-18 04:23:39.137,106669.78,9e-05,9.6002802
2025-10-18 04:23:39.570,106669.77,0.00017,18.133860900000002
2025-10-18 04:23:39.618,106669.78,0.0003,32.000933999999994
2025-10-18 04:23:40.304,106669.77,0.00132,140.8040964
2025-10-18 04:23:40.389,106669.78,0.00012,12.8003736
2025-10-18 04:23:40.393,106669.77,8e-05,8.533581600000002
2025-10-18 04:23:40.838,106669.78,5e-05,5.333489
2025-10-18 04:23:41.268,106669.77,0.0001,10.666977000000001
2025-10-18 04:23:41.340,106669.78,0.19344,20634.2022432
2025-10-18 04:23:41.366,106669.78,0.015,1600.0466999999999
2025-10-18 04:23:41.838,106669.78,0.00031,33.0676318
2025-10-18 04:23:42.361,106669.78,0.00937,999.4958386
2025-10-18 04:23:42.919,106669.78,0.00094,100.2695932
2025-10-18 04:23:42.947,106669.78,0.00844,900.2929432
2025-10-18 04:23:43.594,106669.77,0.0297,3168.092169
2025-10-18 04:23:44.662,106669.78,0.00029,30.9342362
2025-10-18 04:23:44.694,106669.78,0.00441,470.4137298
2025-10-18 04:23:46.071,106669.77,0.0009,96.002793
2025-10-18 04:23:47.027,106669.77,0.00013,13.8670701
2025-10-18 04:23:47.253,106669.78,6e-05,6.4001868
2025-10-18 04:23:48.592,106669.78,0.00559,596.2840702000001
2025-10-18 04:23:48.641,106669.78,0.00039,41.6012142
2025-10-18 04:23:48.799,106669.77,0.0002,21.333954000000002
2025-10-18 04:23:49.533,106669.77,0.0001,10.666977000000001
2025-10-18 04:23:49.969,106669.78,0.00058,61.8684724
2025-10-18 04:23:50.239,106669.78,0.01875,2000.0583749999998
2025-10-18 04:23:50.625,106669.77,7e-05,7.4668839
2025-10-18 04:23:50.853,106669.78,0.00467,498.14787259999997
2025-10-18 04:23:51.015,106669.77,0.01936,2065.1267472
2025-10-18 04:23:51.265,106669.79,0.00015,16.000468499999997
2025-10-18 04:23:51.267,106670.84,0.0003,32.001251999999994
2025-10-18 04:23:51.271,106671.5,0.00056,59.736039999999996
2025-10-18 04:23:51.315,106673.13,0.00107,114.1402491
2025-10-18 04:23:51.539,106673.14,0.0298,3178.859572
2025-10-18 04:23:53.027,106674.04,0.00385,410.69505399999997
2025-10-18 04:23:53.028,106674.05,5e-05,5.3337025
2025-10-18 04:23:53.032,106674.63,0.0004,42.669852000000006
2025-10-18 04:23:53.037,106674.93,0.0005,53.337464999999995
2025-10-18 04:23:53.038,106674.94,0.00015,16.001241
2025-10-18 04:23:53.040,106674.94,0.00045,48.003723
2025-10-18 04:23:53.064,106674.94,0.00078,83.2064532
2025-10-18 04:23:53.871,106676.18,0.04629,4938.040372199999
2025-10-18 04:23:54.027,106676.17,0.0668,7125.968156
2025-10-18 04:23:54.455,106676.18,0.00015,16.001426999999996
2025-10-18 04:23:54.684,106676.19,0.00025,26.6690475
2025-10-18 04:23:55.403,106677.06,0.002,213.35412
2025-10-18 04:23:56.543,106677.05,0.0596,6357.95218
2025-10-18 04:23:58.485,106677.06,0.02577,2749.0678362
2025-10-18 04:23:59.047,106677.05,0.0298,3178.97609
2025-10-18 04:23:59.495,106677.06,0.00042,44.8043652
2025-10-18 04:23:59.721,106677.06,8e-05,8.534164800000001
2025-10-18 04:24:00.057,106677.05,8e-05,8.534164
2025-10-18 04:24:00.614,106677.05,0.00011,11.7344755
2025-10-18 04:24:00.813,106677.06,5e-05,5.333853
2025-10-18 04:24:00.977,106677.06,0.00094,100.2764364
2025-10-18 04:24:01.224,106677.06,0.00213,227.22213779999998
2025-10-18 04:24:01.463,106677.05,0.0596,6357.95218
2025-10-18 04:24:02.842,106677.06,0.00028,29.869576799999997
2025-10-18 04:24:03.137,106677.06,0.00175,186.684855
2025-10-18 04:24:04.155,106677.05,0.0298,3178.97609
2025-10-18 04:24:05.492,106677.05,9e-05,9.600934500000001
2025-10-18 04:24:05.634,106677.05,0.00307,327.4985435
2025-10-18 04:24:05.676,106677.06,0.2,21335.412
2025-10-18 04:24:06.197,106677.05,0.00258,275.226789
2025-10-18 04:24:06.418,106677.06,0.00081,86.40841859999999
2025-10-18 04:24:06.574,106677.05,0.0573,6112.594965
2025-10-18 04:24:07.461,106677.06,0.00343,365.9023158
2025-10-18 04:24:09.272,106677.05,0.00036,38.403738000000004
2025-10-18 04:24:09.632,106677.06,0.02892,3085.1005752
2025-10-18 04:24:09.747,106677.06,0.00675,720.070155
2025-10-18 04:24:09.861,106677.05,0.00141,150.41464050000002
2025-10-18 04:24:09.933,106677.06,0.0012,128.01247199999997
2025-10-18 04:24:10.077,106677.05,0.0298,3178.97609
2025-10-18 04:24:11.340,106677.05,0.02866,3057.364253
2025-10-18 04:24:11.898,106677.05,0.02561,2731.9992505
2025-10-18 04:24:11.962,106677.05,0.00441,470.4457905
2025-10-18 04:24:12.808,106677.05,0.0298,3178.97609
2025-10-18 04:24:12.932,106677.06,0.00468,499.2486408
2025-10-18 04:24:13.315,106677.06,0.00187,199.48610219999998
2025-10-18 04:24:13.327,106677.06,5e-05,5.333853
2025-10-18 04:24:13.419,106677.05,0.03516,3750.765078
2025-10-18 04:24:13.667,106677.05,0.00124,132.279542
2025-10-18 04:24:15.284,106677.05,0.0596,6357.95218
2025-10-18 04:24:15.460,106677.06,0.0004,42.670824
2025-10-18 04:24:15.608,106677.05,0.52077,55554.20732849999
2025-10-18 04:24:15.732,106677.06,0.00064,68.27331840000001
2025-10-18 04:24:15.824,106677.06,0.001,106.67706
2025-10-18 04:24:15.832,106677.05,0.00033,35.2034265
2025-10-18 04:24:16.621,106677.05,0.0285,3040.2959250000004
2025-10-18 04:24:16.732,106677.05,0.0285,3040.2959250000004
2025-10-18 04:24:16.843,106677.05,0.0285,3040.2959250000004
2025-10-18 04:24:17.119,106677.06,0.00019,20.2686414
2025-10-18 04:24:17.475,106677.06,0.00029,30.9363474
2025-10-18 04:24:17.750,106677.05,0.00339,361.6351995
2025-10-18 04:24:17.818,106677.05,0.00015,16.0015575
2025-10-18 04:24:17.843,106677.05,0.00019,20.268639500000003
2025-10-18 04:24:18.019,106677.05,0.00057,60.8059185
2025-10-18 04:24:18.170,106677.05,7e-05,7.467393499999999
2025-10-18 04:24:18.439,106677.05,8e-05,8.534164
2025-10-18 04:24:18.624,106677.05,0.00047,50.1382135
2025-10-18 04:24:19.089,106677.04,0.52077,55554.20212079999
2025-10-18 04:24:19.186,106676.17,0.03324,3545.9158908
2025-10-18 04:24:19.188,106675.08,0.00091,97.0743228
2025-10-18 04:24:19.196,106673.55,9e-05,9.6006195
2025-10-18 04:24:19.198,106673.54,0.013,1386.7560199999998
2025-10-18 04:24:19.200,106673.54,0.013,1386.7560199999998
2025-10-18 04:24:19.257,106673.54,0.00256,273.0842624
2025-10-18 04:24:19.414,106673.53,0.00191,203.7464423
2025-10-18 04:24:19.613,106673.4,0.00107,114.14053799999999
2025-10-18 04:24:19.924,106673.41,0.00047,50.1365027
2025-10-18 04:24:19.947,106673.41,0.00036,38.4024276
2025-10-18 04:24:20.114,106673.41,0.00236,251.74924760000002
2025-10-18 04:24:20.116,106673.4,0.00146,155.74316399999998
2025-10-18 04:24:20.134,106673.31,0.00029,30.9352599
2025-10-18 04:24:20.187,106673.31,9e-05,9.6005979
2025-10-18 04:24:20.245,106673.11,0.0002,21.334622
2025-10-18 04:24:20.261,106672.8,0.00024,25.601472
2025-10-18 04:24:20.915,106668.91,0.00015,16.0003365
2025-10-18 04:24:21.040,106663.88,0.00101,107.73051880000001
2025-10-18 04:24:21.993,106663.87,0.0006,63.998321999999995
2025-10-18 04:24:22.242,106663.88,0.00173,184.5285124
2025-10-18 04:24:22.299,106663.87,0.00205,218.6609335
2025-10-18 04:24:22.376,106663.88,0.00071,75.7313548
2025-10-18 04:24:22.433,106663.88,0.0001,10.666388000000001
2025-10-18 04:24:22.524,106663.88,0.00015,15.999581999999998
2025-10-18 04:24:22.774,106663.88,0.00042,44.798829600000005
2025-10-18 04:24:22.992,106663.87,0.0019,202.661353
2025-10-18 04:24:23.046,106663.87,0.1,10666.387
2025-10-18 04:24:23.339,106663.87,6e-05,6.3998322
2025-10-18 04:24:23.385,106663.87,0.00261,278.3927007
2025-10-18 04:24:24.144,106663.87,0.52084,55554.81005079999
2025-10-18 04:24:25.201,106663.88,6e-05,6.3998328
2025-10-18 04:24:25.320,106663.88,0.00044,46.932107200000004
2025-10-18 04:24:25.538,106663.87,0.0009,95.99748299999999
2025-10-18 04:24:25.655,106663.88,9e-05,9.599749200000002
2025-10-18 04:24:28.278,106663.88,0.00085,90.664298
2025-10-18 04:24:28.689,106663.87,0.0298,3178.583326
2025-10-18 04:24:29.238,106663.88,0.00053,56.5318564
2025-10-18 04:24:31.147,106663.87,0.0002,21.332774
2025-10-18 04:24:31.180,106663.88,0.0066,703.981608
2025-10-18 04:24:31.224,106663.87,0.01204,1284.2329948
2025-10-18 04:24:31.593,106663.87,0.52084,55554.81005079999
2025-10-18 04:24:31.817,106663.88,0.00026,27.732608799999998
2025-10-18 04:24:33.085,106663.87,0.00044,46.9321028
2025-10-18 04:24:33.682,106663.87,0.0298,3178.583326
2025-10-18 04:24:34.220,106663.88,0.00129,137.5964052
2025-10-18 04:24:34.689,106663.88,0.00259,276.2594492
2025-10-18 04:24:34.869,106663.88,0.00808,861.8441504000001
2025-10-18 04:24:35.860,106663.87,0.52084,55554.81005079999
2025-10-18 04:24:36.173,106663.87,0.0002,21.332774
2025-10-18 04:24:37.842,106663.87,0.00012,12.7996644
2025-10-18 04:24:38.594,106663.87,0.0289,3082.585843
2025-10-18 04:24:38.677,106663.88,0.00563,600.5176444
2025-10-18 04:24:39.428,106663.88,0.0013,138.663044
2025-10-18 04:24:40.219,106663.87,0.00476,507.7200212
2025-10-18 04:24:40.749,106663.88,0.01875,1999.94775
2025-10-18 04:24:41.005,106663.88,0.00812,866.1107056000001
2025-10-18 04:24:41.070,106663.87,0.0298,3178.583326
2025-10-18 04:24:41.283,106663.88,0.0032,341.32441600000004
2025-10-18 04:24:41.901,106663.88,0.14569,15539.860677199998
2025-10-18 04:24:41.902,106663.88,0.0007,74.664716
2025-10-18 04:24:41.905,106673.3,0.00015,16.000995
2025-10-18 04:24:41.930,106676.07,0.26636,28414.2380052
2025-10-18 04:24:41.934,106676.07,0.00234,249.62200380000002
2025-10-18 04:24:41.935,106676.07,0.00234,249.62200380000002
2025-10-18 04:24:41.950,106676.07,0.00235,250.68876450000002
2025-10-18 04:24:41.988,106676.06,0.52078,55554.758526800004
2025-10-18 04:24:42.035,106676.07,0.00317,338.1631419
2025-10-18 04:24:42.924,106678.78,0.00022,23.4693316
2025-10-18 04:24:43.567,106678.78,0.0298,3179.027644
2025-10-18 04:24:44.375,106678.79,0.00011,11.7346669
2025-10-18 04:24:45.570,106678.78,8e-05,8.534302400000001
2025-10-18 04:24:45.992,106678.79,0.00546,582.4661934
2025-10-18 04:24:46.243,106678.78,0.0298,3179.027644
2025-10-18 04:24:46.418,106678.79,0.00425,453.3848575
2025-10-18 04:24:46.497,106678.79,0.00679,724.3489840999999
2025-10-18 04:24:46.809,106678.79,0.00123,131.2149117
2025-10-18 04:24:47.764,106678.79,6e-05,6.4007274
2025-10-18 04:24:48.631,106678.78,0.0298,3179.027644
2025-10-18 04:24:48.962,106678.79,0.00047,50.13903129999999
2025-10-18 04:24:48.967,106678.79,0.00012,12.8014548
2025-10-18 04:24:49.043,106678.79,0.00101,107.7455779
2025-10-18 04:24:50.820,106678.79,0.01218,1299.3476621999998
2025-10-18 04:24:51.100,106678.78,0.0298,3179.027644
2025-10-18 04:24:51.396,106678.78,0.52076,55554.041472799996
2025-10-18 04:24:52.470,106678.79,8e-05,8.5343032
2025-10-18 04:24:53.589,106678.78,0.0298,3179.027644
2025-10-18 04:24:53.832,106678.79,0.0012,128.014548
2025-10-18 04:24:53.976,106678.79,0.00937,999.5802623
2025-10-18 04:24:54.311,106678.79,0.00037,39.4711523
2025-10-18 04:24:55.754,106678.79,0.00093,99.2112747
2025-10-18 04:24:56.087,106678.78,0.0298,3179.027644
2025-10-18 04:24:58.575,106678.79,7e-05,7.467515299999999
2025-10-18 04:24:58.792,106678.78,0.0298,3179.027644
2025-10-18 04:24:58.954,106678.79,0.01445,1541.5085155
2025-10-18 04:24:58.957,106678.79,0.02889,3081.9502430999996
2025-10-18 04:24:58.959,106678.79,0.08921,9516.814855899998
2025-10-18 04:24:58.961,106679.93,4e-05,4.2671972
2025-10-18 04:24:58.968,106684.74,0.00015,16.002710999999998
2025-10-18 04:24:58.991,106688.39,0.0002,21.337678
2025-10-18 04:24:58.994,106688.6,0.00014,14.936404
2025-10-18 04:24:59.141,106688.61,0.015,1600.32915
2025-10-18 04:24:59.142,106688.61,0.015,1600.32915
2025-10-18 04:24:59.144,106688.61,0.015,1600.32915
2025-10-18 04:24:59.146,106688.61,0.015,1600.32915
2025-10-18 04:24:59.520,106688.61,0.00592,631.5965712
2025-10-18 04:25:00.765,106688.61,0.09373,9999.9234153
2025-10-18 04:25:01.159,106688.6,0.0298,3179.3202800000004
2025-10-18 04:25:01.641,106688.61,0.0017,181.370637
2025-10-18 04:25:02.239,106688.6,0.00491,523.841026
2025-10-18 04:25:02.240,106688.6,0.0019,202.70834000000002
2025-10-18 04:25:02.395,106688.37,0.0001,10.668837
2025-10-18 04:25:02.398,106687.81,0.00065,69.3470765
2025-10-18 04:25:02.413,106684.04,0.0059,629.435836
2025-10-18 04:25:02.415,106684.04,0.013,1386.8925199999999
2025-10-18 04:25:02.429,106682.29,0.00015,16.0023435
2025-10-18 04:25:02.780,106682.21,0.00015,16.0023315
2025-10-18 04:25:03.317,106682.21,0.00027,28.804196700000002
2025-10-18 04:25:04.630,106682.21,0.00054,57.608393400000004
2025-10-18 04:25:04.695,106682.2,0.03,3200.466
2025-10-18 04:25:05.077,106682.2,0.00034,36.271948
2025-10-18 04:25:05.100,106682.2,0.00193,205.896646
2025-10-18 04:25:05.573,106682.2,8e-05,8.534576000000001
2025-10-18 04:25:06.468,106682.19,0.00096,102.4149024
2025-10-18 04:25:06.551,106682.2,0.00285,304.04427
2025-10-18 04:25:06.823,106682.19,0.00104,110.9494776
2025-10-18 04:25:08.127,106682.19,0.0604,6443.604276
2025-10-18 04:25:09.560,106682.19,0.1,10668.219000000001
2025-10-18 04:25:09.578,106682.19,0.119,12695.18061
2025-10-18 04:25:10.373,106682.2,0.00046,49.073812
2025-10-18 04:25:11.574,106682.19,0.00098,104.5485462
2025-10-18 04:25:11.917,106682.2,6e-05,6.400932
2025-10-18 04:25:12.083,106682.2,0.00502,535.544644
2025-10-18 04:25:12.630,106682.19,0.0047,501.406293
2025-10-18 04:25:12.884,106682.19,0.00044,46.940163600000005
2025-10-18 04:25:13.674,106682.31,0.0002,21.336462
2025-10-18 04:25:13.681,106685.62,0.04156,4433.8543672
2025-10-18 04:25:13.688,106685.62,0.0007,74.679934
2025-10-18 04:25:13.690,106685.62,0.00022,23.4708364
2025-10-18 04:25:13.737,106685.65,0.0003,32.005694999999996
2025-10-18 04:25:13.751,106685.96,0.00045,48.008682
2025-10-18 04:25:13.778,106686.45,0.52073,55554.8351085
2025-10-18 04:25:14.166,106686.45,0.0283,3019.226535
2025-10-18 04:25:14.372,106686.46,0.00034,36.2733964
2025-10-18 04:25:15.466,106686.45,0.52073,55554.8351085
2025-10-18 04:25:16.232,106686.45,8e-05,8.534916
2025-10-18 04:25:16.783,106686.45,0.0596,6358.51242
2025-10-18 04:25:17.348,106686.45,0.03,3200.5935
2025-10-18 04:25:17.352,106686.45,0.02,2133.729
2025-10-18 04:25:17.390,106686.45,0.07241,7725.1658445
2025-10-18 04:25:17.466,106686.45,0.0154,1642.97133
2025-10-18 04:25:17.685,106686.46,5e-05,5.334323
2025-10-18 04:25:17.954,106686.46,0.0043,458.751778
2025-10-18 04:25:17.956,106686.46,0.00015,16.002969
2025-10-18 04:25:18.431,106686.97,0.0007,74.680879
2025-10-18 04:25:18.434,106687.81,0.0002,21.337562000000002
2025-10-18 04:25:18.440,106688.06,0.0008,85.350448
2025-10-18 04:25:18.682,106688.59,0.00046,49.0767514
2025-10-18 04:25:18.684,106688.6,0.00081,86.417766
2025-10-18 04:25:18.956,106688.6,0.00047,50.143642
2025-10-18 04:25:20.107,106688.6,0.00095,101.35417000000001
2025-10-18 04:25:21.264,106688.6,0.00366,390.480276
2025-10-18 04:25:21.426,106688.6,0.00173,184.571278
2025-10-18 04:25:21.694,106688.6,0.00082,87.484652
2025-10-18 04:25:21.695,106688.6,0.00075,80.01645
2025-10-18 04:25:21.889,106688.6,0.00642,684.940812
2025-10-18 04:25:21.915,106688.6,0.00045,48.00987
2025-10-18 04:25:23.463,106688.6,0.52072,55554.887792
2025-10-18 04:25:24.641,106688.61,0.00188,200.5745868
2025-10-18 04:25:25.766,106688.61,0.00845,901.5187544999999
2025-10-18 04:25:26.335,106688.6,0.00012,12.802632000000001
2025-10-18 04:25:26.518,106688.6,0.00016,17.070176000000004
2025-10-18 04:25:26.764,106688.61,0.00051,54.4111911
2025-10-18 04:25:27.375,106688.61,0.00468,499.30269480000004
2025-10-18 04:25:27.832,106688.61,0.00011,11.735747100000001
2025-10-18 04:25:28.492,106688.61,0.00055,58.6787355
2025-10-18 04:25:28.582,106688.61,0.00152,162.1666872
2025-10-18 04:25:28.791,106688.61,0.00844,900.4518684
2025-10-18 04:25:28.835,106688.61,9e-05,9.6019749
2025-10-18 04:25:29.663,106688.6,0.01795,1915.0603700000001
2025-10-18 04:25:30.243,106688.61,0.00011,11.735747100000001
2025-10-18 04:25:31.044,106688.61,0.23432,24999.2750952
2025-10-18 04:25:31.329,106688.61,0.00016,17.0701776
2025-10-18 04:25:31.589,106688.61,0.00701,747.8871561
2025-10-18 04:25:31.755,106688.61,0.017,1813.70637
2025-10-18 04:25:32.355,106688.6,0.52072,55554.887792
2025-10-18 04:25:32.725,106688.61,0.00017,18.137063700000002
2025-10-18 04:25:32.906,106688.6,0.0595,6347.9717
2025-10-18 04:25:33.660,106688.61,0.00374,399.0154014
2025-10-18 04:25:34.185,106688.6,0.00047,50.143642
2025-10-18 04:25:35.367,106688.6,0.0001,10.66886
2025-10-18 04:25:35.530,106688.61,0.00099,105.6217239
2025-10-18 04:25:35.570,106688.61,0.01594,1700.6164434
2025-10-18 04:25:36.541,106688.61,0.0062,661.469382
2025-10-18 04:25:37.142,106688.6,0.52072,55554.887792
2025-10-18 04:25:37.152,106688.61,0.00696,742.5527256
2025-10-18 04:25:37.321,106688.61,0.0005,53.344305
2025-10-18 04:25:37.395,106688.61,0.01247,1330.4069667
2025-10-18 04:25:37.818,106688.6,0.0298,3179.3202800000004
2025-10-18 04:25:38.515,106696.19,0.0001,10.669619
2025-10-18 04:25:38.715,106699.7,0.00545,581.513365
2025-10-18 04:25:39.482,106699.69,0.0004,42.679876
2025-10-18 04:25:40.290,106699.69,0.0596,6359.301524
2025-10-18 04:25:41.357,106699.7,0.00093,99.230721
2025-10-18 04:25:42.682,106699.69,0.0298,3179.650762
2025-10-18 04:25:43.581,106699.7,0.00094,100.29771799999999
2025-10-18 04:25:44.677,106699.7,8e-05,8.535976
2025-10-18 04:25:45.179,106699.7,0.0002,21.339940000000002
2025-10-18 04:25:45.415,106699.69,0.0298,3179.650762
2025-10-18 04:25:46.392,106699.69,0.52066,55554.2605954
2025-10-18 04:25:47.776,106699.7,0.00038,40.545886
2025-10-18 04:25:47.850,106699.69,0.0298,3179.650762
2025-10-18 04:25:48.797,106699.7,0.00021,22.406937
2025-10-18 04:25:49.937,106699.69,0.0001,10.669969
2025-10-18 04:25:50.344,106699.69,0.0298,3179.650762
2025-10-18 04:25:50.452,106699.7,0.01115,1189.701655
2025-10-18 04:25:50.837,106699.69,0.52066,55554.2605954
2025-10-18 04:25:50.937,106699.7,0.00067,71.488799
2025-10-18 04:25:50.978,106699.7,0.0302,3222.33094
2025-10-18 04:25:51.533,106699.7,0.00115,122.70465499999999
2025-10-18 04:25:51.546,106699.69,0.00021,22.406934900000003
2025-10-18 04:25:52.857,106699.69,0.0596,6359.301524
2025-10-18 04:25:53.348,106699.69,0.00148,157.9155412
2025-10-18 04:25:53.970,106699.69,0.52066,55554.2605954
2025-10-18 04:25:55.304,106699.7,9e-05,9.602973
2025-10-18 04:25:55.354,106699.7,0.00011,11.736967
2025-10-18 04:25:55.614,106699.69,0.0596,6359.301524
2025-10-18 04:25:57.571,106699.69,8e-05,8.535975200000001
2025-10-18 04:25:58.031,106699.69,0.0308,3286.350452
2025-10-18 04:25:58.310,106699.7,0.00075,80.024775
2025-10-18 04:25:58.800,106699.69,8e-05,8.535975200000001
2025-10-18 04:25:59.317,106699.7,0.00136,145.111592
2025-10-18 04:25:59.494,106699.69,0.52066,55554.2605954
2025-10-18 04:25:59.642,106699.7,0.00784,836.5256479999999
2025-10-18 04:26:00.210,106699.69,9e-05,9.6029721
2025-10-18 04:26:00.425,106699.69,0.0298,3179.650762
2025-10-18 04:26:00.494,106699.69,9e-05,9.6029721
2025-10-18 04:26:00.675,106699.7,0.00025,26.674924999999998
2025-10-18 04:26:00.868,106699.7,0.00093,99.230721
2025-10-18 04:26:01.033,106699.69,0.00398,424.66476620000003
2025-10-18 04:26:01.120,106699.69,0.00133,141.9105877
2025-10-18 04:26:01.455,106699.69,9e-05,9.6029721
2025-10-18 04:26:01.517,106699.7,0.00472,503.622584
2025-10-18 04:26:02.246,106699.69,9e-05,9.6029721
2025-10-18 04:26:02.433,106699.69,6e-05,6.4019814
2025-10-18 04:26:02.908,106699.69,0.0298,3179.650762
2025-10-18 04:26:03.176,106699.69,0.52066,55554.2605954
2025-10-18 04:26:03.278,106699.69,0.00013,13.870959699999998
2025-10-18 04:26:03.778,106699.7,0.00058,61.885826
2025-10-18 04:26:05.510,106699.7,0.00046,49.081862
2025-10-18 04:26:05.717,106699.7,0.00131,139.77660699999998
2025-10-18 04:26:05.870,106699.69,0.00032,34.143900800000004
2025-10-18 04:26:05.907,106699.69,0.52066,55554.2605954
2025-10-18 04:26:06.679,106699.7,0.02811,2999.328567
2025-10-18 04:26:07.029,106699.69,5e-05,5.3349845
2025-10-18 04:26:07.059,106699.7,0.0049,522.82853
2025-10-18 04:26:07.693,106699.7,0.00083,88.560751
2025-10-18 04:26:08.011,106699.7,0.00133,141.91060099999999
2025-10-18 04:26:08.055,106699.7,0.00848,904.813456
2025-10-18 04:26:08.085,106699.69,0.00015,16.0049535
2025-10-18 04:26:08.663,106699.69,0.00014,14.9379566
2025-10-18 04:26:09.501,106699.7,0.00132,140.843604
2025-10-18 04:26:10.387,106699.7,0.01467,1565.284599
2025-10-18 04:26:10.853,106699.69,0.00021,22.406934900000003
2025-10-18 04:26:11.025,106699.69,0.00073,77.8907737
2025-10-18 04:26:11.240,106699.7,0.00013,13.870960999999998
2025-10-18 04:26:12.154,106699.7,0.00167,178.188499
2025-10-18 04:26:12.182,106699.7,0.00351,374.515947
2025-10-18 04:26:12.536,106699.69,8e-05,8.535975200000001
2025-10-18 04:26:12.750,106699.69,0.00189,201.6624141
2025-10-18 04:26:12.838,106699.69,8e-05,8.535975200000001
2025-10-18 04:26:13.054,106699.7,0.00416,443.8707519999999
2025-10-18 04:26:13.262,106699.69,9e-05,9.6029721
2025-10-18 04:26:13.327,106699.69,0.00368,392.65485920000003
2025-10-18 04:26:13.377,106699.69,9e-05,9.6029721
2025-10-18 04:26:13.512,106699.69,0.00011,11.736965900000001
2025-10-18 04:26:13.563,106699.7,0.00594,633.796218
2025-10-18 04:26:13.626,106699.69,9e-05,9.6029721
2025-10-18 04:26:13.941,106699.69,9e-05,9.6029721
2025-10-18 04:26:14.140,106699.69,7e-05,7.4689783
2025-10-18 04:26:14.237,106699.7,0.00553,590.049341
2025-10-18 04:26:14.786,106699.7,0.037,3947.8889
2025-10-18 04:26:15.244,106699.69,0.00017,18.1389473
2025-10-18 04:26:15.532,106699.69,0.00031,33.0769039
2025-10-18 04:26:15.533,106699.7,0.00047,50.148858999999995
2025-10-18 04:26:15.834,106699.7,0.00023,24.540931
2025-10-18 04:26:16.204,106699.7,0.06112,6521.485664
2025-10-18 04:26:16.325,106699.7,0.00034,36.277898
2025-10-18 04:26:16.410,106699.7,0.00047,50.148858999999995
2025-10-18 04:26:16.443,106699.7,0.0001,10.669970000000001
2025-10-18 04:26:16.569,106699.7,0.0001,10.669970000000001
2025-10-18 04:26:16.683,106699.7,0.00029,30.942913
2025-10-18 04:26:16.824,106699.7,0.0001,10.669970000000001
2025-10-18 04:26:16.910,106699.7,0.00141,150.446577
2025-10-18 04:26:16.918,106699.7,0.00211,225.13636699999998
2025-10-18 04:26:16.970,106699.7,0.00169,180.322493
2025-10-18 04:26:17.213,106699.7,0.0001,10.669970000000001
2025-10-18 04:26:17.343,106699.7,0.00013,13.870960999999998
2025-10-18 04:26:17.381,106699.7,0.00938,1000.843186
2025-10-18 04:26:17.492,106699.7,0.00011,11.736967
2025-10-18 04:26:17.715,106699.69,9e-05,9.6029721
2025-10-18 04:26:17.738,106699.7,0.0001,10.669970000000001
2025-10-18 04:26:17.769,106699.69,9e-05,9.6029721
2025-10-18 04:26:17.785,106699.7,7e-05,7.468978999999999
2025-10-18 04:26:17.870,106699.69,9e-05,9.6029721
2025-10-18 04:26:18.192,106699.7,0.00029,30.942913
2025-10-18 04:26:18.424,106699.7,0.00029,30.942913
2025-10-18 04:26:18.549,106699.69,0.004,426.79876
2025-10-18 04:26:18.810,106699.7,0.0001,10.669970000000001
2025-10-18 04:26:18.875,106699.7,0.01384,1476.7238479999999
2025-10-18 04:26:18.962,106699.7,8e-05,8.535976
2025-10-18 04:26:19.415,106699.7,0.00018,19.205946
2025-10-18 04:26:19.583,106699.69,0.00074,78.9577706
2025-10-18 04:26:20.081,106699.69,9e-05,9.6029721
2025-10-18 04:26:20.366,106699.7,0.00094,100.29771799999999
2025-10-18 04:26:20.392,106699.7,0.00048,51.215856
2025-10-18 04:26:20.402,106699.7,0.00029,30.942913
2025-10-18 04:26:20.889,106699.7,0.00043,45.880871
2025-10-18 04:26:21.002,106699.69,0.00094,100.29770859999999
2025-10-18 04:26:21.399,106699.69,0.0001,10.669969
2025-10-18 04:26:21.624,106699.69,8e-05,8.535975200000001
2025-10-18 04:26:21.670,106699.69,9e-05,9.6029721
2025-10-18 04:26:22.032,106699.7,0.0018,192.05946
2025-10-18 04:26:23.443,106699.7,0.00029,30.942913
2025-10-18 04:26:23.580,106699.69,0.00093,99.23071170000001
2025-10-18 04:26:23.793,106699.7,0.00023,24.540931
2025-10-18 04:26:23.812,106699.69,9e-05,9.6029721
2025-10-18 04:26:23.827,106699.7,0.09874,10535.528377999999
2025-10-18 04:26:23.828,106699.7,0.26819,28615.792542999996
2025-10-18 04:26:23.829,106699.7,0.05449,5814.066653
2025-10-18 04:26:23.830,106699.7,0.06379,6806.373863
2025-10-18 04:26:23.848,106699.7,0.0001,10.669970000000001
2025-10-18 04:26:24.041,106699.7,0.0001,10.669970000000001
2025-10-18 04:26:24.072,106699.7,0.0001,10.669970000000001
2025-10-18 04:26:24.117,106699.7,0.0001,10.669970000000001
2025-10-18 04:26:24.132,106699.7,0.00094,100.29771799999999
2025-10-18 04:26:24.569,106699.7,0.00468,499.354596
2025-10-18 04:26:26.391,106699.7,0.00021,22.406937
2025-10-18 04:26:26.980,106699.7,0.00845,901.6124649999999
2025-10-18 04:26:27.731,106699.7,0.01,1066.997
2025-10-18 04:26:27.785,106699.7,0.00052,55.48384399999999
2025-10-18 04:26:28.815,106699.69,0.00249,265.68222810000003
2025-10-18 04:26:29.351,106699.69,0.52066,55554.2605954
2025-10-18 04:26:30.121,106699.7,0.00422,450.27273399999996
2025-10-18 04:26:30.720,106699.69,8e-05,8.535975200000001
2025-10-18 04:26:30.833,106699.69,0.52066,55554.2605954
2025-10-18 04:26:31.051,106699.7,0.00017,18.138949
2025-10-18 04:26:31.194,106699.69,8e-05,8.535975200000001
2025-10-18 04:26:31.949,106699.69,9e-05,9.6029721
2025-10-18 04:26:33.327,106699.69,9e-05,9.6029721
2025-10-18 04:26:33.331,106699.69,9e-05,9.6029721
2025-10-18 04:26:33.513,106699.69,6e-05,6.4019814
2025-10-18 04:26:33.734,106699.7,0.01,1066.997
2025-10-18 04:26:33.774,106699.69,9e-05,9.6029721
2025-10-18 04:26:33.973,106699.7,0.27974,29848.174077999996
2025-10-18 04:26:33.975,106701.62,0.00165,176.057673
2025-10-18 04:26:33.980,106705.51,0.05175,5522.010142499999
2025-10-18 04:26:34.003,106707.7,0.00015,16.006155
2025-10-18 04:26:35.013,106709.71,0.52061,55554.142123100006
2025-10-18 04:26:35.279,106711.1,5e-05,5.335555
2025-10-18 04:26:35.425,106711.39,0.01127,1202.6373653
2025-10-18 04:26:35.863,106711.39,0.00046,49.0872394
2025-10-18 04:26:35.882,106711.39,0.00687,733.1072493
2025-10-18 04:26:36.000,106711.38,0.5206,55553.944427999995
2025-10-18 04:26:36.311,106711.39,0.00191,203.8187549
2025-10-18 04:26:36.457,106711.38,0.0893,9529.326234
2025-10-18 04:26:36.843,106711.39,0.0001,10.671139
2025-10-18 04:26:36.970,106711.38,9e-05,9.604024200000001
2025-10-18 04:26:37.097,106711.38,8e-05,8.536910400000002
2025-10-18 04:26:37.294,106711.38,9e-05,9.604024200000001
2025-10-18 04:26:37.986,106711.39,0.01,1067.1139
2025-10-18 04:26:38.321,106711.39,0.00028,29.879189199999995
2025-10-18 04:26:38.625,106711.39,0.00163,173.9395657
2025-10-18 04:26:38.638,106711.39,0.00014,14.939594599999998
2025-10-18 04:26:38.652,106711.39,0.00848,904.9125872
2025-10-18 04:26:39.333,106711.38,0.00109,116.3154042
2025-10-18 04:26:39.691,106711.38,0.03953,4218.3008514
2025-10-18 04:26:39.764,106711.38,9e-05,9.604024200000001
2025-10-18 04:26:39.766,106711.38,0.0108,1152.4829040000002
2025-10-18 04:26:39.911,106711.38,0.5206,55553.944427999995
2025-10-18 04:26:40.032,106711.38,9e-05,9.604024200000001
2025-10-18 04:26:40.189,106711.39,0.00319,340.4093341
2025-10-18 04:26:40.882,106711.38,8e-05,8.536910400000002
2025-10-18 04:26:40.959,106711.38,0.5206,55553.944427999995
2025-10-18 04:26:41.183,106711.38,0.0001,10.671138000000001
2025-10-18 04:26:41.962,106711.39,0.00019,20.2751641
2025-10-18 04:26:42.225,106711.38,9e-05,9.604024200000001
2025-10-18 04:26:42.509,106711.39,0.04685,4999.4286215
2025-10-18 04:26:42.754,106711.39,0.00629,671.2146431
2025-10-18 04:26:42.845,106711.39,0.0001,10.671139
2025-10-18 04:26:43.024,106711.39,0.00027,28.8120753
2025-10-18 04:26:43.636,106711.38,0.0298,3179.999124
2025-10-18 04:26:43.726,106711.38,9e-05,9.604024200000001
2025-10-18 04:26:44.347,106711.39,0.00099,105.6442761
2025-10-18 04:26:44.628,106711.39,0.001,106.71139000000001
2025-10-18 04:26:45.167,106711.38,8e-05,8.536910400000002
2025-10-18 04:26:45.435,106711.38,8e-05,8.536910400000002
2025-10-18 04:26:45.675,106711.38,0.01093,1166.3553834000002
2025-10-18 04:26:45.857,106711.39,0.0004,42.684556
2025-10-18 04:26:46.100,106711.39,0.00016,17.0738224
2025-10-18 04:26:46.207,106711.38,0.5206,55553.944427999995
2025-10-18 04:26:46.360,106711.38,0.0298,3179.999124
2025-10-18 04:26:47.161,106711.39,0.00036,38.416100400000005
2025-10-18 04:26:47.164,106711.38,9e-05,9.604024200000001
2025-10-18 04:26:47.222,106711.39,0.00019,20.2751641
2025-10-18 04:26:47.243,106711.39,0.00297,316.9328283
2025-10-18 04:26:47.295,106711.39,0.01,1067.1139
2025-10-18 04:26:47.579,106711.38,9e-05,9.604024200000001
2025-10-18 04:26:48.831,106711.38,0.0298,3179.999124
2025-10-18 04:26:49.306,106711.39,0.00092,98.1744788
2025-10-18 04:26:49.802,106711.38,0.5206,55553.944427999995
2025-10-18 04:26:50.528,106711.39,0.00421,449.25495190000004
2025-10-18 04:26:50.854,106711.39,0.00735,784.3287164999999
2025-10-18 04:26:51.392,106711.38,0.0298,3179.999124
2025-10-18 04:26:51.494,106711.39,0.01,1067.1139
2025-10-18 04:26:51.762,106711.38,0.0001,10.671138000000001
2025-10-18 04:26:52.594,106711.38,0.5206,55553.944427999995
2025-10-18 04:26:53.020,106711.39,0.00128,136.5905792
2025-10-18 04:26:53.609,106711.39,5e-05,5.3355695
2025-10-18 04:26:54.170,106711.39,0.01405,1499.2950295
2025-10-18 04:26:54.184,106711.38,0.0298,3179.999124
2025-10-18 04:26:54.208,106711.38,0.5206,55553.944427999995
2025-10-18 04:26:54.855,106711.39,0.00051,54.42280890000001
2025-10-18 04:26:54.899,106711.39,0.01312,1400.0534367999999
2025-10-18 04:26:56.612,106711.38,0.0298,3179.999124
2025-10-18 04:26:56.686,106711.39,0.00344,367.0871816
2025-10-18 04:26:56.979,106711.39,0.01,1067.1139
2025-10-18 04:26:57.960,106711.39,0.01566,1671.1003674
2025-10-18 04:26:58.783,106711.38,0.00133,141.92613540000002
2025-10-18 04:26:59.019,106711.38,0.5206,55553.944427999995
2025-10-18 04:26:59.079,106711.39,0.0018,192.080502
2025-10-18 04:26:59.106,106711.38,0.0298,3179.999124
2025-10-18 04:26:59.870,106711.38,0.5206,55553.944427999995
2025-10-18 04:27:00.486,106711.38,9e-05,9.604024200000001
2025-10-18 04:27:01.062,106711.39,0.00029,30.9463031
2025-10-18 04:27:01.133,106711.39,0.0001,10.671139
2025-10-18 04:27:01.657,106711.38,0.0298,3179.999124
2025-10-18 04:27:01.880,106711.38,9e-05,9.604024200000001
2025-10-18 04:27:02.627,106711.39,0.00028,29.879189199999995
2025-10-18 04:27:02.703,106711.38,8e-05,8.536910400000002
2025-10-18 04:27:02.790,106711.38,9e-05,9.604024200000001
2025-10-18 04:27:02.921,106711.39,0.00749,799.2683111
2025-10-18 04:27:03.098,106711.38,0.00018,19.208048400000003
2025-10-18 04:27:03.134,106711.38,9e-05,9.604024200000001
2025-10-18 04:27:03.535,106711.38,9e-05,9.604024200000001
2025-10-18 04:27:04.182,106711.38,9e-05,9.604024200000001
2025-10-18 04:27:04.374,106711.38,7e-05,7.4697966
2025-10-18 04:27:04.394,106711.38,0.0298,3179.999124
2025-10-18 04:27:04.418,106711.38,8e-05,8.536910400000002
2025-10-18 04:27:04.488,106711.38,9e-05,9.604024200000001
2025-10-18 04:27:04.901,106711.39,0.00192,204.8858688
2025-10-18 04:27:05.107,106711.38,9e-05,9.604024200000001
2025-10-18 04:27:05.272,106711.38,8e-05,8.536910400000002
2025-10-18 04:27:05.916,106711.39,0.00147,156.8657433
2025-10-18 04:27:06.039,106711.38,9e-05,9.604024200000001
2025-10-18 04:27:06.328,106711.38,9e-05,9.604024200000001
2025-10-18 04:27:06.545,106711.39,0.00442,471.66434380000004
2025-10-18 04:27:06.585,106711.38,9e-05,9.604024200000001
2025-10-18 04:27:06.848,106711.38,0.00026,27.7449588
2025-10-18 04:27:06.866,106711.38,0.0298,3179.999124
2025-10-18 04:27:06.954,106711.38,9e-05,9.604024200000001
2025-10-18 04:27:07.006,106711.38,5e-05,5.3355690000000005
2025-10-18 04:27:07.167,106711.38,0.5206,55553.944427999995
2025-10-18 04:27:07.299,106711.39,0.00422,450.32206579999996
2025-10-18 04:27:07.361,106711.38,0.00021,22.409389800000003
2025-10-18 04:27:07.788,106711.39,0.00047,50.1543533
2025-10-18 04:27:08.157,106711.38,9e-05,9.604024200000001
2025-10-18 04:27:08.172,106711.38,8e-05,8.536910400000002
2025-10-18 04:27:08.711,106711.39,0.01,1067.1139
2025-10-18 04:27:09.408,106711.38,0.0298,3179.999124
2025-10-18 04:27:09.598,106711.38,8e-05,8.536910400000002
2025-10-18 04:27:09.732,106711.38,8e-05,8.536910400000002
2025-10-18 04:27:11.008,106711.38,9e-05,9.604024200000001
2025-10-18 04:27:11.076,106711.38,0.0001,10.671138000000001
2025-10-18 04:27:11.277,106711.39,0.00071,75.7650869
2025-10-18 04:27:11.385,106711.39,0.00011,11.7382529
2025-10-18 04:27:11.423,106711.39,0.0001,10.671139
2025-10-18 04:27:11.585,106711.39,0.0023,245.436197
2025-10-18 04:27:11.736,106711.38,0.5206,55553.944427999995
2025-10-18 04:27:11.973,106710.6,0.07601,8111.072706
2025-10-18 04:27:11.974,106708.79,5e-05,5.3354395
2025-10-18 04:27:11.977,106708.48,5e-05,5.335424
2025-10-18 04:27:11.981,106708.48,0.00015,16.006272
2025-10-18 04:27:11.982,106706.87,0.02947,3144.6514589
2025-10-18 04:27:11.985,106705.87,0.00015,16.005880499999996
2025-10-18 04:27:11.988,106699.69,0.0099,1056.326931
2025-10-18 04:27:11.990,106699.69,0.00326,347.8409894
2025-10-18 04:27:11.991,106699.69,0.013,1387.09597
2025-10-18 04:27:11.996,106699.7,0.03359,3584.042923
2025-10-18 04:27:12.287,106699.7,0.02975,3174.3160749999997
2025-10-18 04:27:14.024,106699.69,0.00429,457.7416701000001
2025-10-18 04:27:14.362,106699.7,0.00019,20.272943
2025-10-18 04:27:14.578,106699.69,0.1,10669.969000000001
2025-10-18 04:27:14.625,106699.7,0.00281,299.82615699999997
2025-10-18 04:27:14.728,106699.69,9e-05,9.6029721
2025-10-18 04:27:14.804,106699.7,0.0024,256.07928
2025-10-18 04:27:14.995,106699.69,8e-05,8.535975200000001
2025-10-18 04:27:15.285,106699.7,0.01161,1238.783517
2025-10-18 04:27:16.455,106699.69,8e-05,8.535975200000001
2025-10-18 04:27:16.689,106699.69,8e-05,8.535975200000001
2025-10-18 04:27:17.160,106699.69,9e-05,9.6029721
2025-10-18 04:27:17.246,106699.69,0.00498,531.3644562000001
2025-10-18 04:27:17.264,106699.69,6e-05,6.4019814
2025-10-18 04:27:17.295,106699.69,0.0596,6359.301524
2025-10-18 04:27:17.297,106699.69,0.33027,35239.7066163
2025-10-18 04:27:17.449,106699.36,0.01149,1225.9756464
2025-10-18 04:27:17.466,106699.36,9e-05,9.6029424
2025-10-18 04:27:17.812,106699.37,8e-05,8.5359496
2025-10-18 04:27:17.818,106699.36,0.03,3200.9808
2025-10-18 04:27:18.211,106699.36,0.00027,28.8088272
2025-10-18 04:27:18.292,106699.37,0.00056,59.751647199999994
2025-10-18 04:27:18.358,106699.36,0.52066,55554.0887776
2025-10-18 04:27:18.576,106699.36,0.00026,27.741833599999996
2025-10-18 04:27:18.621,106699.36,8e-05,8.5359488
2025-10-18 04:27:19.237,106699.37,0.00019,20.2728803
2025-10-18 04:27:19.298,106699.37,0.00187,199.5278219
2025-10-18 04:27:19.702,106699.36,0.00018,19.2058848
2025-10-18 04:27:19.765,106699.36,0.0298,3179.640928
2025-10-18 04:27:19.843,106699.36,0.00093,99.2304048
2025-10-18 04:27:20.182,106699.36,8e-05,8.5359488
2025-10-18 04:27:20.373,106699.36,0.00027,28.8088272
2025-10-18 04:27:20.540,106699.37,0.00937,999.7730968999999
2025-10-18 04:27:20.851,106699.36,8e-05,8.5359488
2025-10-18 04:27:21.079,106699.36,6e-05,6.4019616
2025-10-18 04:27:22.296,106699.36,9e-05,9.6029424
2025-10-18 04:27:22.413,106699.36,0.0298,3179.640928
2025-10-18 04:27:23.216,106699.36,7e-05,7.468955199999999
2025-10-18 04:27:23.413,106699.36,0.00026,27.741833599999996
2025-10-18 04:27:23.715,106699.37,0.0084,896.2747079999999
2025-10-18 04:27:23.988,106699.36,8e-05,8.5359488
2025-10-18 04:27:24.233,106699.36,0.02134,2276.9643424
2025-10-18 04:27:25.167,106699.36,0.0298,3179.640928
2025-10-18 04:27:25.643,106699.36,0.0007,74.689552
2025-10-18 04:27:25.675,106699.36,0.25598,27312.902172799997
2025-10-18 04:27:25.724,106696.13,0.00323,344.6284999
2025-10-18 04:27:25.729,106691.69,0.03475,3707.5362275
2025-10-18 04:27:25.774,106691.68,8e-05,8.5353344
2025-10-18 04:27:25.802,106691.69,0.0049,522.789281
2025-10-18 04:27:26.735,106691.68,0.5207,55554.357776000004
2025-10-18 04:27:27.558,106691.68,7e-05,7.468417599999999
2025-10-18 04:27:27.650,106691.68,0.0596,6358.824127999999
2025-10-18 04:27:29.024,106691.69,0.00069,73.6172661
2025-10-18 04:27:29.067,106691.69,0.01351,1441.4047319
2025-10-18 04:27:29.224,106691.69,0.00108,115.2270252
2025-10-18 04:27:29.308,106691.68,0.0036,384.09004799999997
2025-10-18 04:27:29.908,106691.69,0.00154,164.3052026
2025-10-18 04:27:29.979,106691.68,0.00018,19.2045024
2025-10-18 04:27:30.114,106691.68,0.0298,3179.4120639999996
2025-10-18 04:27:30.259,106691.68,0.013,1386.99184
2025-10-18 04:27:30.260,106691.68,0.013,1386.99184
2025-10-18 04:27:30.261,106691.68,0.013,1386.99184
2025-10-18 04:27:30.264,106691.68,0.00086,91.75484479999999
2025-10-18 04:27:30.315,106685.08,0.00025,26.67127
2025-10-18 04:27:30.318,106685.07,6e-05,6.401104200000001
2025-10-18 04:27:30.654,106685.07,0.01499,1599.2091993000001
2025-10-18 04:27:30.709,106685.07,0.01499,1599.2091993000001
2025-10-18 04:27:30.731,106685.07,0.01499,1599.2091993000001
2025-10-18 04:27:30.732,106685.07,0.01499,1599.2091993000001
2025-10-18 04:27:30.733,106685.07,0.01499,1599.2091993000001
2025-10-18 04:27:30.737,106685.07,0.01499,1599.2091993000001
2025-10-18 04:27:30.744,106685.07,0.013,1386.90591
2025-10-18 04:27:30.749,106685.07,0.013,1386.90591
2025-10-18 04:27:30.832,106685.07,0.01499,1599.2091993000001
2025-10-18 04:27:30.833,106685.07,0.01499,1599.2091993000001
2025-10-18 04:27:30.843,106685.08,3.90983,417120.5263364
2025-10-18 04:27:30.939,106685.08,0.00093,99.2171244
2025-10-18 04:27:31.154,106685.08,0.00135,144.02485800000002
2025-10-18 04:27:31.266,106685.08,5e-05,5.3342540000000005
2025-10-18 04:27:31.656,106685.08,0.00354,377.6651832
2025-10-18 04:27:32.201,106685.07,0.00034,36.27292380000001
2025-10-18 04:27:32.241,106685.08,0.0001,10.668508000000001
2025-10-18 04:27:32.412,106685.07,0.52073,55554.116501100005
2025-10-18 04:27:32.569,106685.07,0.0442,4715.4800940000005
2025-10-18 04:27:32.715,106684.42,0.00015,16.002663
2025-10-18 04:27:32.844,106684.42,0.00028,29.871637599999996
2025-10-18 04:27:33.059,106684.42,0.00403,429.9382126
2025-10-18 04:27:33.562,106684.41,0.52074,55554.8396634
2025-10-18 04:27:33.626,106684.41,0.00029,30.9384789
2025-10-18 04:27:33.677,106684.42,0.00345,368.061249
2025-10-18 04:27:33.900,106684.42,0.00066,70.4117172
2025-10-18 04:27:33.994,106684.41,0.00028,29.8716348
2025-10-18 04:27:34.333,106684.41,0.00028,29.8716348
2025-10-18 04:27:34.645,106684.41,8e-05,8.534752800000001
2025-10-18 04:27:35.158,106684.42,0.00025,26.671105
2025-10-18 04:27:35.207,106684.41,0.0257,2741.789337
2025-10-18 04:27:35.212,106684.42,0.0006,64.010652
2025-10-18 04:27:35.953,106684.42,0.00544,580.3632448000001
2025-10-18 04:27:35.955,106684.42,0.16486,17587.9934812
2025-10-18 04:27:35.959,106684.42,0.14034,14972.091502799998
2025-10-18 04:27:35.982,106684.42,0.008,853.47536
2025-10-18 04:27:36.054,106684.42,0.05149,5493.1807858
2025-10-18 04:27:36.315,106689.34,0.0039,416.08842599999997
2025-10-18 04:27:36.318,106695.09,0.01752,1869.2979768
2025-10-18 04:27:36.319,106695.09,0.01752,1869.2979768
2025-10-18 04:27:36.673,106695.09,0.00367,391.5709803
2025-10-18 04:27:36.919,106695.09,0.0004,42.678036
2025-10-18 04:27:37.202,106695.09,0.04686,4999.7319173999995
2025-10-18 04:27:37.207,106695.09,0.00851,907.9752159
2025-10-18 04:27:37.298,106695.08,9e-05,9.602557200000001
2025-10-18 04:27:37.515,106703.91,0.00015,16.0055865
2025-10-18 04:27:37.681,106703.91,0.0818,8728.379838
2025-10-18 04:27:38.091,106703.91,0.00018,19.206703800000003
2025-10-18 04:27:39.319,106703.91,0.00018,19.206703800000003
2025-10-18 04:27:39.591,106703.91,0.52064,55554.323702400005
2025-10-18 04:27:39.618,106703.91,0.00455,485.50279050000006
2025-10-18 04:27:40.431,106703.91,0.52064,55554.323702400005
2025-10-18 04:27:40.775,106703.91,0.00462,492.97206420000003
2025-10-18 04:27:42.186,106703.92,0.00046,49.0838032
2025-10-18 04:27:43.840,106703.92,0.00019,20.2737448
2025-10-18 04:27:43.910,106703.91,0.52064,55554.323702400005
2025-10-18 04:27:45.483,106703.92,0.01004,1071.3073568
2025-10-18 04:27:45.512,106703.92,0.00091,97.1005672
2025-10-18 04:27:45.818,106703.92,0.04645,4956.397084
2025-10-18 04:27:46.027,106703.91,0.00015,16.0055865
2025-10-18 04:27:46.222,106703.92,0.0001,10.670392
2025-10-18 04:27:46.386,106703.91,0.01071,1142.7988761000001
2025-10-18 04:27:46.697,106703.91,0.00035,37.346368500000004
2025-10-18 04:27:47.815,106708.48,5e-05,5.335424
2025-10-18 04:27:47.819,106711.97,6e-05,6.4027182
2025-10-18 04:27:48.363,106711.96,0.00018,19.208152800000004
2025-10-18 04:27:48.761,106711.97,0.00017,18.1410349
2025-10-18 04:27:49.827,106711.96,0.00018,19.208152800000004
2025-10-18 04:27:49.882,106711.97,0.00063,67.2285411
2025-10-18 04:27:49.924,106711.97,0.00186,198.4842642
2025-10-18 04:27:50.321,106711.96,9e-05,9.604076400000002
2025-10-18 04:27:50.941,106711.96,0.00133,141.9269068
2025-10-18 04:27:51.053,106711.96,0.0003,32.013588
2025-10-18 04:27:51.427,106711.96,0.5206,55554.246375999996
2025-10-18 04:27:52.305,106711.96,0.0001,10.671196000000002
2025-10-18 04:27:53.558,106711.96,0.00014,14.9396744
2025-10-18 04:27:54.284,106711.97,0.0113,1205.845261
2025-10-18 04:27:54.684,106711.97,0.00011,11.7383167
2025-10-18 04:27:54.982,106711.96,0.0298,3180.0164080000004
2025-10-18 04:27:55.276,106711.97,0.00029,30.9464713
2025-10-18 04:27:55.778,106711.96,9e-05,9.604076400000002
2025-10-18 04:27:55.946,106711.96,0.5206,55554.246375999996
2025-10-18 04:27:56.442,106711.97,0.00102,108.8462094
2025-10-18 04:27:57.406,106711.96,0.5206,55554.246375999996
2025-10-18 04:27:57.509,106711.96,0.016,1707.39136
2025-10-18 04:27:57.643,106711.96,0.00094,100.3092424
2025-10-18 04:27:57.890,106711.97,0.00343,366.0220571
2025-10-18 04:27:57.947,106711.97,5e-05,5.335598500000001
2025-10-18 04:27:58.826,106711.97,9e-05,9.6040773
2025-10-18 04:27:58.895,106711.96,0.5206,55554.246375999996
2025-10-18 04:28:00.490,106711.96,0.00128,136.5913088
2025-10-18 04:28:00.685,106711.96,0.0596,6360.032816000001
2025-10-18 04:28:00.839,106711.96,0.15549,16592.6426604
2025-10-18 04:28:00.840,106708.48,5e-05,5.335424
2025-10-18 04:28:00.843,106706.06,5e-05,5.335303000000001
2025-10-18 04:28:00.844,106705.56,0.00577,615.6910812
2025-10-18 04:28:00.845,106703.93,5e-05,5.3351965
2025-10-18 04:28:00.851,106700.71,0.03904,4165.5957184
2025-10-18 04:28:00.866,106700.72,0.03002,3203.1556144
2025-10-18 04:28:00.881,106700.71,0.00146,155.7830366
2025-10-18 04:28:00.884,106700.71,0.03339,3562.7367069000006
2025-10-18 04:28:00.896,106699.63,0.00083,88.5606929
2025-10-18 04:28:00.922,106698.09,0.00309,329.69709809999995
2025-10-18 04:28:00.939,106697.06,5e-05,5.334853
2025-10-18 04:28:01.048,106696.53,0.00161,171.7814133
2025-10-18 04:28:01.050,106695.96,0.01555,1659.122178
2025-10-18 04:28:01.051,106695.96,0.01555,1659.122178
2025-10-18 04:28:01.096,106693.63,0.0001,10.669363
2025-10-18 04:28:01.489,106692.82,0.00586,625.2199252
2025-10-18 04:28:01.528,106692.82,0.00032,34.14170240000001
2025-10-18 04:28:01.538,106692.83,7e-05,7.4684981
2025-10-18 04:28:03.177,106692.82,0.00693,739.3812426000001
2025-10-18 04:28:03.406,106692.82,0.00018,19.204707600000003
2025-10-18 04:28:03.690,106692.82,0.0595,6348.22279
2025-10-18 04:28:03.761,106692.83,0.00545,581.4759235
2025-10-18 04:28:04.211,106692.83,0.00343,365.9564069
2025-10-18 04:28:05.117,106692.83,0.00166,177.1100978
2025-10-18 04:28:06.177,106692.83,0.01242,1325.1249486000002
2025-10-18 04:28:06.318,106692.83,0.0017,181.37781099999998
2025-10-18 04:28:06.433,106692.82,0.013,1387.00666
2025-10-18 04:28:06.452,106692.82,0.0596,6358.892072000001
2025-10-18 04:28:06.640,106692.83,0.01259,1343.2627297000001
2025-10-18 04:28:07.641,106692.82,0.013,1387.00666
2025-10-18 04:28:07.771,106692.83,0.00093,99.22433190000001
2025-10-18 04:28:07.947,106692.83,0.00029,30.9409207
2025-10-18 04:28:08.066,106692.83,9e-05,9.602354700000001
2025-10-18 04:28:08.577,106692.83,6e-05,6.4015698
2025-10-18 04:28:08.981,106692.82,0.013,1387.00666
2025-10-18 04:28:09.197,106692.82,0.0298,3179.4460360000003
2025-10-18 04:28:09.962,106692.83,0.00028,29.8739924
2025-10-18 04:28:10.181,106692.82,0.00018,19.204707600000003
2025-10-18 04:28:10.693,106692.82,0.5207,55554.95137400001
2025-10-18 04:28:10.704,106692.82,0.06191,6605.3524862
2025-10-18 04:28:10.809,106692.82,0.00098,104.5589636
2025-10-18 04:28:11.156,106692.82,9e-05,9.602353800000001
2025-10-18 04:28:11.602,106692.82,0.0001,10.669282
2025-10-18 04:28:11.724,106692.82,0.00019,20.271635800000002
2025-10-18 04:28:11.754,106692.82,8e-05,8.535425600000002
2025-10-18 04:28:11.789,106692.82,0.5207,55554.95137400001
2025-10-18 04:28:11.884,106692.82,0.0298,3179.4460360000003
2025-10-18 04:28:12.353,106692.82,0.01209,1289.9161938000002
2025-10-18 04:28:12.793,106692.83,0.01303,1390.2075749
2025-10-18 04:28:13.432,106690.02,0.04226,4508.7202452
2025-10-18 04:28:13.436,106684.46,6e-05,6.4010676
2025-10-18 04:28:13.515,106684.46,0.10736,11453.6436256
2025-10-18 04:28:13.520,106684.45,0.00166,177.096187
2025-10-18 04:28:13.576,106684.45,0.01499,1599.1999054999999
2025-10-18 04:28:13.578,106684.45,0.01499,1599.1999054999999
2025-10-18 04:28:13.829,106684.45,0.00085,90.6817825
2025-10-18 04:28:14.292,106684.46,0.00281,299.7833326
2025-10-18 04:28:14.585,106684.45,0.00081,86.41440449999999
2025-10-18 04:28:14.701,106684.45,0.00483,515.2858935
2025-10-18 04:28:15.360,106684.45,0.00027,28.8048015
2025-10-18 04:28:15.632,106684.45,0.00023,24.5374235
2025-10-18 04:28:15.647,106684.46,0.16872,17999.802091200003
2025-10-18 04:28:16.082,106684.46,0.00344,366.9945424
2025-10-18 04:28:16.199,106684.46,0.01635,1744.290921
2025-10-18 04:28:16.462,106684.46,0.00047,50.1416962
2025-10-18 04:28:16.513,106684.46,0.00029,30.938493400000002
2025-10-18 04:28:16.519,106684.46,0.0002,21.336892000000002
2025-10-18 04:28:16.537,106684.46,0.00019,20.270047400000003
2025-10-18 04:28:16.613,106684.46,0.00015,16.002669
2025-10-18 04:28:16.724,106684.46,0.00038,40.540094800000006
2025-10-18 04:28:16.759,106684.45,0.00068,72.545426
2025-10-18 04:28:16.918,106684.46,0.00019,20.270047400000003
2025-10-18 04:28:16.982,106684.46,0.0001,10.668446000000001
2025-10-18 04:28:17.033,106684.46,0.0001,10.668446000000001
2025-10-18 04:28:17.118,106684.46,0.00015,16.002669
2025-10-18 04:28:17.562,106684.46,0.0001,10.668446000000001
2025-10-18 04:28:17.610,106684.46,0.00029,30.938493400000002
2025-10-18 04:28:17.633,106684.46,0.00188,200.5667848
2025-10-18 04:28:17.637,106684.46,0.00018,19.203202800000003
2025-10-18 04:28:17.691,106684.46,0.00057,60.8101422
2025-10-18 04:28:17.718,106684.46,0.00029,30.938493400000002
2025-10-18 04:28:17.719,106684.46,0.00012,12.8021352
2025-10-18 04:28:17.762,106684.46,8e-05,8.534756800000002
2025-10-18 04:28:17.791,106684.46,9e-05,9.601601400000002
2025-10-18 04:28:17.810,106684.46,0.00012,12.8021352
2025-10-18 04:28:17.933,106684.46,9e-05,9.601601400000002
2025-10-18 04:28:18.132,106684.46,0.00019,20.270047400000003
2025-10-18 04:28:18.270,106684.46,0.00047,50.1416962
2025-10-18 04:28:18.491,106684.46,0.0001,10.668446000000001
2025-10-18 04:28:18.543,106684.46,0.00121,129.0881966
2025-10-18 04:28:18.570,106684.46,0.00017,18.136358200000004
2025-10-18 04:28:18.610,106684.45,0.00089,94.94916049999999
2025-10-18 04:28:18.618,106684.46,0.00024,25.6042704
2025-10-18 04:28:18.700,106684.45,9e-05,9.6016005
2025-10-18 04:28:18.720,106684.46,0.00029,30.938493400000002
2025-10-18 04:28:18.768,106684.46,7e-05,7.4679122
2025-10-18 04:28:18.844,106684.46,0.00038,40.540094800000006
2025-10-18 04:28:19.594,106684.46,0.00021,22.403736600000002
2025-10-18 04:28:21.891,106684.46,0.00032,34.13902720000001
2025-10-18 04:28:22.211,106684.46,0.00048,51.2085408
2025-10-18 04:28:22.527,106684.46,0.00353,376.59614380000005
2025-10-18 04:28:22.734,106684.45,0.00693,739.3232385
2025-10-18 04:28:22.885,106684.45,0.00018,19.203201
2025-10-18 04:28:24.163,106684.45,9e-05,9.6016005
2025-10-18 04:28:24.729,106684.46,0.00874,932.4221804
2025-10-18 04:28:25.372,106684.45,9e-05,9.6016005
2025-10-18 04:28:25.392,106684.46,0.00066,70.41174360000001
2025-10-18 04:28:26.105,106684.46,0.002,213.36892000000003
2025-10-18 04:28:27.350,106684.46,0.01414,1508.5182644000001
2025-10-18 04:28:28.329,106684.46,0.00093,99.21654780000001
2025-10-18 04:28:28.401,106684.46,0.13756,14675.5143176
2025-10-18 04:28:29.092,106684.46,0.0374,3989.9988040000007
2025-10-18 04:28:29.182,106684.46,0.00017,18.136358200000004
2025-10-18 04:28:29.910,106684.45,0.09383,10010.2019435
2025-10-18 04:28:30.432,106684.46,0.00019,20.270047400000003
2025-10-18 04:28:31.179,106684.46,0.00946,1009.2349916000001
2025-10-18 04:28:31.673,106684.46,0.00233,248.5747918
2025-10-18 04:28:31.703,106684.45,0.52074,55554.86049299999
2025-10-18 04:28:33.081,106684.45,0.52074,55554.86049299999
2025-10-18 04:28:33.123,106684.46,9e-05,9.601601400000002
2025-10-18 04:28:33.970,106684.46,0.00015,16.002669
2025-10-18 04:28:34.357,106684.46,0.00015,16.002669
2025-10-18 04:28:34.575,106684.46,0.00433,461.9437118
2025-10-18 04:28:34.585,106684.46,0.0004,42.673784000000005
2025-10-18 04:28:34.768,106684.45,0.00018,19.203201
2025-10-18 04:28:34.897,106684.45,0.013,1386.8978499999998
2025-10-18 04:28:34.899,106684.45,0.013,1386.8978499999998
2025-10-18 04:28:34.901,106684.45,0.013,1386.8978499999998
2025-10-18 04:28:35.213,106684.45,0.00026,27.737956999999998
2025-10-18 04:28:35.501,106684.45,0.52074,55554.86049299999
2025-10-18 04:28:35.515,106684.45,0.07867,8392.8656815
2025-10-18 04:28:35.533,106683.55,0.00014,14.935697
2025-10-18 04:28:35.790,106683.56,0.00146,155.75799759999998
2025-10-18 04:28:35.841,106683.56,0.00015,16.002533999999997
2025-10-18 04:28:37.178,106683.55,0.013,1386.88615
2025-10-18 04:28:37.180,106683.55,0.013,1386.88615
2025-10-18 04:28:37.206,106683.55,0.09373,9999.4491415
2025-10-18 04:28:37.568,106683.55,0.00124,132.287602
2025-10-18 04:28:38.028,106683.55,0.00013,13.8688615
2025-10-18 04:28:38.924,106683.56,0.03736,3985.6978016
2025-10-18 04:28:39.013,106683.56,0.00241,257.1073796
2025-10-18 04:28:39.075,106683.56,0.00691,737.1833996
2025-10-18 04:28:39.232,106683.55,0.0782,8342.653610000001
2025-10-18 04:28:39.475,106683.56,0.00106,113.0845736
2025-10-18 04:28:39.811,106683.55,0.00027,28.804558500000002
2025-10-18 04:28:39.959,106683.56,0.0002,21.336712000000002
2025-10-18 04:28:40.698,106683.55,0.00018,19.203039
2025-10-18 04:28:40.873,106683.56,9e-05,9.6015204
2025-10-18 04:28:40.881,106683.56,0.00173,184.5625588
2025-10-18 04:28:41.023,106683.56,0.0095,1013.4938199999999
2025-10-18 04:28:43.022,106683.56,9e-05,9.6015204
2025-10-18 04:28:43.111,106683.56,0.04686,4999.1916216
2025-10-18 04:28:43.458,106683.55,0.52074,55554.391827
2025-10-18 04:28:43.681,106683.55,0.0373,3979.2964150000003
2025-10-18 04:28:44.225,106683.55,0.013,1386.88615
2025-10-18 04:28:44.228,106683.55,0.013,1386.88615
2025-10-18 04:28:45.669,106683.56,5e-05,5.3341780000000005
2025-10-18 04:28:45.722,106683.56,0.0374,3989.9651440000002
2025-10-18 04:28:46.121,106683.55,0.0374,3989.9647700000005
2025-10-18 04:28:46.245,106683.55,0.52074,55554.391827
2025-10-18 04:28:46.248,106683.55,0.00912,972.953976
2025-10-18 04:28:46.252,106683.55,0.013,1386.88615
2025-10-18 04:28:46.253,106683.55,0.013,1386.88615
2025-10-18 04:28:46.254,106683.55,0.013,1386.88615
2025-10-18 04:28:46.315,106683.52,5e-05,5.334176
2025-10-18 04:28:46.564,106683.5,0.00263,280.577605
2025-10-18 04:28:46.786,106683.5,0.00105,112.017675
2025-10-18 04:28:46.970,106683.35,0.00183,195.23053050000001
2025-10-18 04:28:47.146,106683.35,0.0001,10.668335
2025-10-18 04:28:47.295,106683.35,0.00057,60.809509500000004
2025-10-18 04:28:48.317,106683.35,0.0019,202.69836500000002
2025-10-18 04:28:48.571,106683.34,0.0017,181.36167799999998
2025-10-18 04:28:48.975,106683.34,0.00017,18.1361678
2025-10-18 04:28:49.543,106683.34,0.0002,21.336668
2025-10-18 04:28:50.387,106683.34,4e-05,4.267333600000001
2025-10-18 04:28:51.064,106683.34,0.0762,8129.2705080000005
2025-10-18 04:28:52.084,106683.34,0.00018,19.2030012
2025-10-18 04:28:52.343,106683.34,0.013,1386.88342
2025-10-18 04:28:52.345,106683.34,0.013,1386.88342
2025-10-18 04:28:52.415,106683.34,0.09678,10324.8136452
2025-10-18 04:28:52.556,106682.16,0.00015,16.002323999999998
2025-10-18 04:28:53.909,106679.57,0.04686,4999.0046502000005
2025-10-18 04:28:54.685,106679.56,0.52076,55554.4476656
2025-10-18 04:28:54.715,106678.77,0.0001,10.667877
2025-10-18 04:28:54.815,106677.33,0.00691,737.1403503
2025-10-18 04:28:55.109,106677.33,0.00093,99.20991690000001
2025-10-18 04:28:55.528,106677.33,0.00946,1009.1675418
2025-10-18 04:28:56.465,106677.32,0.013,1386.8051600000001
2025-10-18 04:28:56.978,106677.32,9e-05,9.6009588
2025-10-18 04:28:56.998,106677.33,0.00385,410.7077205
2025-10-18 04:28:57.845,106677.32,0.00018,19.2019176
2025-10-18 04:28:57.970,106677.32,0.01106,1179.8511592000002
2025-10-18 04:28:57.976,106677.31,0.00162,172.81724219999998
2025-10-18 04:28:57.977,106677.16,0.013,1386.80308
2025-10-18 04:28:58.015,106676.2,0.00083,88.541246
2025-10-18 04:28:58.109,106674.11,0.0374,3989.611714
2025-10-18 04:29:00.529,106674.11,0.00235,250.68415850000002
2025-10-18 04:29:00.715,106674.11,0.00947,1010.2038216999999
2025-10-18 04:29:00.929,106674.1,0.0997,10635.40777
2025-10-18 04:29:02.254,106674.1,0.001,106.67410000000001
2025-10-18 04:29:02.539,106674.11,0.002,213.34822
2025-10-18 04:29:02.578,106674.11,0.30735,32786.2877085
2025-10-18 04:29:02.583,106674.11,0.05616,5990.8180176000005
2025-10-18 04:29:02.590,106674.11,0.06987,7453.3200657
2025-10-18 04:29:02.595,106674.11,0.10566,11271.1864626
2025-10-18 04:29:02.605,106674.11,0.10365,11056.771501500001
2025-10-18 04:29:02.608,106674.11,0.215,22934.93365
2025-10-18 04:29:02.613,106677.31,0.0003,32.003192999999996
2025-10-18 04:29:02.614,106681.58,0.00237,252.8353446
2025-10-18 04:29:02.776,106683.83,0.00506,539.8201798
2025-10-18 04:29:02.787,106683.83,0.0374,3989.9752420000004
2025-10-18 04:29:03.187,106683.82,0.01921,2049.3961822
2025-10-18 04:29:03.386,106683.82,0.00019,20.269925800000003
2025-10-18 04:29:03.395,106683.83,8e-05,8.534706400000001
2025-10-18 04:29:03.660,106683.82,0.0374,3989.9748680000007
2025-10-18 04:29:04.409,106683.82,0.52074,55554.532426800004
2025-10-18 04:29:04.828,106683.82,0.00109,116.28536380000001
2025-10-18 04:29:05.874,106683.82,0.00027,28.8046314
2025-10-18 04:29:05.886,106683.83,0.00946,1009.2290318
2025-10-18 04:29:05.910,106683.83,0.00028,29.8714724
2025-10-18 04:29:06.110,106683.82,0.00028,29.8714696
2025-10-18 04:29:07.345,106683.82,0.00178,189.8971996
2025-10-18 04:29:08.483,106683.83,0.0075,800.128725
2025-10-18 04:29:09.115,106683.82,0.00016,17.0694112
2025-10-18 04:29:09.843,106683.82,0.02005,2139.0105909999997
2025-10-18 04:29:10.083,106683.83,0.0027,288.04634100000004
2025-10-18 04:29:10.121,106683.83,0.00042,44.8072086
2025-10-18 04:29:11.061,106683.83,0.0374,3989.9752420000004
2025-10-18 04:29:11.311,106683.83,8e-05,8.534706400000001
2025-10-18 04:29:11.692,106683.83,0.00344,366.99237519999997
2025-10-18 04:29:12.137,106683.83,0.00013,13.868897899999999
2025-10-18 04:29:12.614,106683.82,0.52074,55554.532426800004
2025-10-18 04:29:12.723,106684.45,0.00015,16.002667499999998
2025-10-18 04:29:12.724,106684.46,0.0351,3744.624546
2025-10-18 04:29:12.729,106684.47,0.04341,4631.1728427
2025-10-18 04:29:12.730,106685.83,5e-05,5.3342915
2025-10-18 04:29:12.731,106691.67,0.00024,25.6060008
2025-10-18 04:29:12.737,106691.68,0.04084,4357.2882112
2025-10-18 04:29:12.744,106692.83,0.00015,16.0039245
2025-10-18 04:29:12.781,106692.84,0.22957,24493.4752788
2025-10-18 04:29:12.946,106692.83,0.00432,460.9130256
2025-10-18 04:29:13.499,106692.83,0.00018,19.204709400000002
2025-10-18 04:29:13.626,106692.83,8e-05,8.5354264
2025-10-18 04:29:14.128,106692.84,0.0001,10.669284
2025-10-18 04:29:14.575,106692.84,0.00026,27.740138399999996
2025-10-18 04:29:14.689,106692.84,0.01654,1764.6995736
2025-10-18 04:29:15.377,106692.83,0.00555,592.1452065000001
2025-10-18 04:29:15.557,106692.84,0.00039,41.610207599999995
2025-10-18 04:29:15.561,106693.16,5e-05,5.334658
2025-10-18 04:29:15.563,106692.85,5e-05,5.3346425
2025-10-18 04:29:15.575,106694.25,0.00113,120.56450249999999
2025-10-18 04:29:16.148,106697.05,6e-05,6.401823
2025-10-18 04:29:16.317,106697.06,0.00219,233.6665614
2025-10-18 04:29:16.661,106697.05,0.52067,55553.9530235
2025-10-18 04:29:17.283,106697.05,0.0001,10.669705
2025-10-18 04:29:17.577,106697.06,0.00343,365.9709158
2025-10-18 04:29:17.964,106697.05,9e-05,9.6027345
2025-10-18 04:29:18.100,106697.06,0.00235,250.738091
2025-10-18 04:29:19.785,106697.05,0.52067,55553.9530235
2025-10-18 04:29:20.018,106697.06,9e-05,9.6027354
2025-10-18 04:29:20.111,106697.06,0.00236,251.80506160000002
2025-10-18 04:29:20.202,106697.05,0.00018,19.205469
2025-10-18 04:29:21.035,106697.06,0.0001,10.669706
2025-10-18 04:29:21.612,106697.06,0.00191,203.7913846
2025-10-18 04:29:22.015,106697.06,0.00067,71.4870302
2025-10-18 04:29:22.032,106697.06,0.00863,920.7956278
2025-10-18 04:29:22.396,106697.06,0.01003,1070.1715118
2025-10-18 04:29:22.405,106701.34,0.00015,16.005201
2025-10-18 04:29:22.423,106701.35,0.0006,64.02081
2025-10-18 04:29:23.024,106701.36,0.00094,100.29927839999999
2025-10-18 04:29:23.359,106701.36,9e-05,9.6031224
2025-10-18 04:29:23.547,106701.35,0.52065,55554.057877499996
2025-10-18 04:29:24.427,106701.35,0.00016,17.072216
2025-10-18 04:29:24.449,106701.35,8e-05,8.536108
2025-10-18 04:29:25.253,106701.44,9e-05,9.6031296
2025-10-18 04:29:25.256,106701.44,0.00031,33.0774464
2025-10-18 04:29:25.257,106703.06,0.0001,10.670306
2025-10-18 04:29:25.290,106705.67,0.24179,25800.3639493
2025-10-18 04:29:25.407,106705.67,0.00157,167.5279019
2025-10-18 04:29:25.956,106705.69,0.015,1600.58535
2025-10-18 04:29:26.113,106705.69,0.015,1600.58535
2025-10-18 04:29:27.518,106705.69,0.00041,43.7493329
2025-10-18 04:29:28.681,106705.68,0.0096,1024.3745279999998
2025-10-18 04:29:29.270,106705.69,0.00022,23.475251800000002
2025-10-18 04:29:30.625,106705.68,0.52063,55554.1781784
2025-10-18 04:29:31.165,106705.68,0.04776,5096.263276799999
2025-10-18 04:29:31.469,106705.68,0.00199,212.34430319999998
2025-10-18 04:29:31.812,106705.68,0.0003,32.011703999999995
2025-10-18 04:29:33.125,106705.68,0.00102,108.83979360000001
2025-10-18 04:29:33.686,106705.67,0.0694,7405.373498
2025-10-18 04:29:33.950,106705.68,0.01,1067.0567999999998
2025-10-18 04:29:34.026,106705.68,0.00231,246.49012079999997
2025-10-18 04:29:34.408,106705.68,8e-05,8.5364544
2025-10-18 04:29:34.670,106705.68,0.00019,20.2740792
2025-10-18 04:29:35.552,106705.68,0.00025,26.67642
2025-10-18 04:29:36.399,106705.68,0.00588,627.4293984
2025-10-18 04:29:36.402,106705.68,0.00029,30.9446472
2025-10-18 04:29:36.409,106704.54,0.0001,10.670454
2025-10-18 04:29:38.491,106703.52,0.00013,13.8714576
2025-10-18 04:29:38.613,106703.53,0.16808,17934.729322400002
2025-10-18 04:29:38.614,106703.53,0.06863,7323.0632639
2025-10-18 04:29:38.617,106703.53,0.048,5121.76944
2025-10-18 04:29:38.620,106703.53,0.24203,25825.455365899998
2025-10-18 04:29:38.629,106705.68,0.00523,558.0707064
2025-10-18 04:29:38.632,106705.68,0.03569,3808.3257191999996
2025-10-18 04:29:38.637,106705.68,5e-05,5.335284
2025-10-18 04:29:38.639,106705.68,0.0792,8451.089856
2025-10-18 04:29:38.642,106705.68,0.00368,392.67690239999996
2025-10-18 04:29:38.658,106705.68,0.06334,6758.737771199999
2025-10-18 04:29:38.659,106705.68,0.02825,3014.4354599999997
2025-10-18 04:29:38.818,106705.68,0.00016,17.0729088
2025-10-18 04:29:38.829,106705.67,0.00028,29.8775876
2025-10-18 04:29:38.935,106705.68,0.00858,915.5347344
2025-10-18 04:29:38.987,106705.67,0.01874,1999.6642557999999
2025-10-18 04:29:39.396,106705.68,0.00013,13.871738399999998
2025-10-18 04:29:39.807,106705.67,1.0,106705.67
2025-10-18 04:29:40.249,106705.67,0.52063,55554.1729721
2025-10-18 04:29:40.328,106705.68,0.00115,122.71153199999999
2025-10-18 04:29:42.694,106705.68,9e-05,9.6035112
2025-10-18 04:29:42.928,106702.88,0.30003,32014.0650864
2025-10-18 04:29:43.408,106702.89,0.01312,1399.9419168
2025-10-18 04:29:43.942,106702.88,0.00149,158.98729120000002
2025-10-18 04:29:44.343,106702.89,5e-05,5.3351445
2025-10-18 04:29:45.418,106699.2,0.00015,16.004879999999996
2025-10-18 04:29:45.515,106698.53,0.00137,146.1769861
2025-10-18 04:29:46.107,106698.53,0.0028,298.755884
2025-10-18 04:29:46.190,106698.53,0.00125,133.3731625
2025-10-18 04:29:46.442,106698.52,0.0015,160.04778000000002
2025-10-18 04:29:46.788,106698.53,0.00427,455.60272310000005
2025-10-18 04:29:47.206,106698.53,6e-05,6.4019118
2025-10-18 04:29:47.625,106698.53,0.00346,369.17691379999997
2025-10-18 04:29:48.879,106698.53,0.00142,151.51191260000002
2025-10-18 04:29:49.124,106698.53,0.0014,149.377942
2025-10-18 04:29:49.623,106698.53,0.00017,18.138750100000003
2025-10-18 04:29:50.052,106698.52,0.52067,55554.7184084
2025-10-18 04:29:50.053,106698.22,0.00015,16.004732999999998
2025-10-18 04:29:50.065,106698.21,0.013,1387.07673
2025-10-18 04:29:50.068,106698.21,0.013,1387.07673
2025-10-18 04:29:50.080,106697.48,0.00015,16.004621999999998
2025-10-18 04:29:50.104,106697.47,5e-05,5.3348735000000005
2025-10-18 04:29:50.106,106697.47,0.00224,239.00233279999998
2025-10-18 04:29:50.392,106697.45,8e-05,8.535796000000001
2025-10-18 04:29:51.035,106695.05,5e-05,5.3347525000000005
2025-10-18 04:29:51.115,106691.88,0.00258,275.2650504
2025-10-18 04:29:51.116,106691.41,0.00015,16.003711499999998
2025-10-18 04:29:51.217,106691.38,0.00015,16.003707
2025-10-18 04:29:51.355,106690.94,8e-05,8.535275200000001
2025-10-18 04:29:52.193,106690.94,0.00152,162.17022880000002
2025-10-18 04:29:53.076,106690.94,0.00094,100.2894836
2025-10-18 04:29:53.116,106690.93,0.004,426.76372
2025-10-18 04:29:53.117,106690.73,0.0001,10.669073000000001
2025-10-18 04:29:53.124,106690.66,0.00168,179.2403088
2025-10-18 04:29:53.152,106690.29,0.00181,193.1094249
2025-10-18 04:29:53.215,106686.28,0.00015,16.002941999999997
2025-10-18 04:29:53.615,106683.32,0.00084,89.61398880000002
2025-10-18 04:29:53.650,106679.47,0.00024,25.6030728
2025-10-18 04:29:53.654,106679.0,0.00019,20.26901
2025-10-18 04:29:53.679,106678.86,0.00015,16.001828999999997
2025-10-18 04:29:53.692,106678.85,0.00116,123.747466
2025-10-18 04:29:53.696,106674.11,0.01436,1531.8402196
2025-10-18 04:29:53.700,106674.1,0.00116,123.741956
2025-10-18 04:29:53.703,106674.03,0.0005,53.337015
2025-10-18 04:29:53.705,106670.87,0.00015,16.000630499999996
2025-10-18 04:29:53.708,106670.47,0.01939,2068.3404133
2025-10-18 04:29:53.710,106668.46,0.00015,16.000269
2025-10-18 04:29:53.714,106667.3,0.0002,21.333460000000002
2025-10-18 04:29:54.458,106667.29,0.00038,40.5335702
2025-10-18 04:29:54.509,106667.29,0.00093,99.2005797
2025-10-18 04:29:54.606,106667.28,0.00903,963.2055384
2025-10-18 04:29:56.288,106663.21,0.0003,31.998963
2025-10-18 04:29:56.289,106660.49,0.00051,54.39684990000001
2025-10-18 04:29:56.291,106660.48,6e-05,6.3996288
2025-10-18 04:29:57.134,106660.48,0.0009,95.99443199999999
2025-10-18 04:29:58.168,106660.49,0.02805,2991.8267445
2025-10-18 04:29:58.182,106660.48,0.00431,459.70666879999993
2025-10-18 04:29:58.305,106660.48,0.00034,36.2645632
2025-10-18 04:29:58.388,106660.48,0.00083,88.5281984
2025-10-18 04:29:58.825,106660.48,0.52085,55554.111008
2025-10-18 04:29:58.829,106660.48,0.00129,137.59201919999998
2025-10-18 04:29:59.267,106660.48,0.007,746.6233599999999
2025-10-18 04:29:59.572,106660.48,0.007,746.6233599999999
2025-10-18 04:29:59.862,106660.49,7e-05,7.4662343
2025-10-18 04:30:00.298,106660.48,0.007,746.6233599999999
2025-10-18 04:30:00.434,106660.49,0.00046,49.063825400000006
2025-10-18 04:30:00.490,106660.49,6e-05,6.3996294
2025-10-18 04:30:00.557,106660.49,0.00209,222.9204241
2025-10-18 04:30:01.085,106660.49,0.00653,696.4929997
2025-10-18 04:30:01.119,106660.48,0.01,1066.6048
2025-10-18 04:30:01.593,106660.48,6e-05,6.3996288
2025-10-18 04:30:02.210,106660.49,9e-05,9.599444100000001
2025-10-18 04:30:02.714,106660.48,0.52085,55554.111008
2025-10-18 04:30:02.717,106660.48,0.0003,31.998143999999996
2025-10-18 04:30:02.718,106660.48,0.0003,31.998143999999996
2025-10-18 04:30:02.764,106660.49,0.00032,34.131356800000006
2025-10-18 04:30:03.076,106660.49,0.00018,19.198888200000003
2025-10-18 04:30:03.575,106660.49,6e-05,6.3996294
2025-10-18 04:30:04.118,106660.48,0.02689,2868.1003072
2025-10-18 04:30:04.391,106660.48,0.00011,11.7326528
2025-10-18 04:30:04.425,106660.49,6e-05,6.3996294
2025-10-18 04:30:04.649,106660.49,0.00093,99.19425570000001
2025-10-18 04:30:06.075,106660.49,0.42456,45283.7776344
2025-10-18 04:30:06.078,106660.49,0.04989,5321.2918461
2025-10-18 04:30:06.081,106660.49,0.09782,10433.529131800002
2025-10-18 04:30:06.082,106660.49,0.08147,8689.6301203
2025-10-18 04:30:06.083,106660.49,0.83501,89062.57575490001
2025-10-18 04:30:06.085,106660.49,0.02345,2501.1884905
2025-10-18 04:30:06.088,106665.81,0.00015,15.999871499999998
2025-10-18 04:30:06.092,106666.0,0.0006,63.999599999999994
2025-10-18 04:30:06.093,106666.6,0.00023,24.533318
2025-10-18 04:30:06.098,106666.6,0.00095,101.33327
2025-10-18 04:30:06.105,106666.62,0.00065,69.333303
2025-10-18 04:30:06.111,106667.13,0.00088,93.8670744
2025-10-18 04:30:06.115,106671.79,5e-05,5.3335894999999995
2025-10-18 04:30:06.118,106675.09,0.00015,16.001263499999997
2025-10-18 04:30:06.271,106675.1,0.00296,315.75829600000003
2025-10-18 04:30:06.319,106679.2,0.00019,20.269048
2025-10-18 04:30:06.322,106679.2,0.00026,27.736591999999998
2025-10-18 04:30:06.415,106684.5,6e-05,6.40107
2025-10-18 04:30:06.762,106689.86,0.00015,16.003479
2025-10-18 04:30:07.229,106689.85,0.52071,55554.4717935
2025-10-18 04:30:07.587,106689.86,0.00011,11.7358846
2025-10-18 04:30:08.227,106689.85,0.01867,1991.8994995
2025-10-18 04:30:08.356,106689.86,0.015,1600.3479
2025-10-18 04:30:08.445,106689.85,0.07,7468.289500000001
2025-10-18 04:30:10.792,106690.01,0.0002,21.338002
2025-10-18 04:30:10.796,106691.0,0.00016,17.07056
2025-10-18 04:30:10.815,106697.8,0.0001,10.669780000000001
2025-10-18 04:30:11.522,106701.6,0.52065,55554.18804
2025-10-18 04:30:11.545,106701.6,0.00037,39.479592000000004
2025-10-18 04:30:12.228,106701.61,0.00051,54.417821100000005
2025-10-18 04:30:12.498,106701.61,0.0001,10.670161
2025-10-18 04:30:13.107,106701.6,0.00085,90.69636
2025-10-18 04:30:13.265,106703.75,0.0707,7543.9551249999995
2025-10-18 04:30:13.972,106703.74,0.52064,55554.235193600005
2025-10-18 04:30:14.563,106703.75,0.0022,234.74825
2025-10-18 04:30:16.043,106703.74,0.00581,619.9487294
2025-10-18 04:30:16.467,106703.75,0.00024,25.608900000000002
2025-10-18 04:30:16.897,106703.75,0.00021,22.4077875
2025-10-18 04:30:17.027,106703.74,0.00064,68.29039360000002
2025-10-18 04:30:17.056,106703.75,0.00019,20.273712500000002
2025-10-18 04:30:17.481,106703.74,0.52064,55554.235193600005
2025-10-18 04:30:17.488,106703.75,0.00051,54.418912500000005
2025-10-18 04:30:18.358,106703.75,0.015,1600.5562499999999
2025-10-18 04:30:19.639,106703.75,6e-05,6.4022250000000005
2025-10-18 04:30:19.833,106703.74,0.00015,16.005561
2025-10-18 04:30:20.598,106703.75,0.00011,11.7374125
2025-10-18 04:30:20.832,106703.75,0.00106,113.105975
2025-10-18 04:30:20.833,106703.74,0.00018,19.2066732
2025-10-18 04:30:21.076,106703.74,0.00414,441.7534836
2025-10-18 04:30:21.510,106703.75,4e-05,4.26815
2025-10-18 04:30:21.597,106703.75,6e-05,6.4022250000000005
2025-10-18 04:30:21.935,106703.74,8e-05,8.536299200000002
2025-10-18 04:30:21.949,106703.74,0.01982,2114.8681268
2025-10-18 04:30:22.370,106703.74,0.52064,55554.235193600005
2025-10-18 04:30:22.465,106703.75,0.00093,99.2344875
2025-10-18 04:30:22.740,106703.74,0.02803,2990.9058322
2025-10-18 04:30:22.962,106703.75,0.00041,43.7485375
2025-10-18 04:30:23.024,106703.74,0.00012,12.804448800000001
2025-10-18 04:30:23.592,106703.75,4e-05,4.26815
2025-10-18 04:30:23.632,106703.75,0.00016,17.0726
2025-10-18 04:30:23.906,106703.74,0.013,1387.14862
2025-10-18 04:30:23.907,106703.74,0.013,1387.14862
2025-10-18 04:30:24.006,106703.74,0.01129,1204.6852246
2025-10-18 04:30:24.007,106703.73,0.01545,1648.5726285
2025-10-18 04:30:24.037,106703.71,0.0002,21.340742000000002
2025-10-18 04:30:24.041,106703.59,0.00125,133.3794875
2025-10-18 04:30:24.042,106702.77,5e-05,5.3351385
2025-10-18 04:30:24.046,106701.6,0.00545,581.52372
2025-10-18 04:30:24.049,106701.6,0.013,1387.1208
2025-10-18 04:30:24.051,106701.6,0.00151,161.119416
2025-10-18 04:30:24.053,106699.53,0.00015,16.0049295
2025-10-18 04:30:24.142,106698.54,0.0003,32.009561999999995
2025-10-18 04:30:24.995,106698.55,0.00053,56.5502315
2025-10-18 04:30:25.272,106698.55,0.00249,265.6793895
2025-10-18 04:30:25.694,106698.55,0.00112,119.502376
2025-10-18 04:30:26.831,106698.55,0.00468,499.349214
2025-10-18 04:30:26.867,106698.55,0.02812,3000.363226
2025-10-18 04:30:26.939,106698.54,0.013,1387.0810199999999
2025-10-18 04:30:26.940,106698.54,0.013,1387.0810199999999
2025-10-18 04:30:26.941,106698.54,0.0057,608.181678
2025-10-18 04:30:26.946,106697.39,0.00199,212.3278061
2025-10-18 04:30:26.947,106697.34,0.00505,538.821567
2025-10-18 04:30:26.948,106697.34,0.00132,140.8404888
2025-10-18 04:30:26.949,106697.33,0.00075,80.0229975
2025-10-18 04:30:26.953,106695.49,0.00115,122.6998135
2025-10-18 04:30:26.984,106694.25,0.00011,11.7363675
2025-10-18 04:30:26.988,106693.07,0.04402,4696.6289414
2025-10-18 04:30:27.090,106693.05,0.0002,21.338610000000003
2025-10-18 04:30:27.094,106691.35,5e-05,5.3345675
2025-10-18 04:30:27.099,106691.0,0.00925,986.89175
2025-10-18 04:30:27.108,106691.0,0.00154,164.30414
2025-10-18 04:30:27.115,106682.88,0.00025,26.670720000000003
2025-10-18 04:30:27.153,106682.87,0.013,1386.8773099999999
2025-10-18 04:30:27.156,106682.87,0.013,1386.8773099999999
2025-10-18 04:30:27.157,106682.87,0.013,1386.8773099999999
2025-10-18 04:30:27.198,106681.25,6e-05,6.400875
2025-10-18 04:30:30.164,106680.01,0.0005,53.340005
2025-10-18 04:30:30.259,106680.01,0.00046,49.0728046
2025-10-18 04:30:30.562,106680.01,0.00376,401.1168376
2025-10-18 04:30:31.147,106680.0,0.00147,156.8196
2025-10-18 04:30:31.551,106680.0,0.013,1386.84
2025-10-18 04:30:31.552,106680.0,0.013,1386.84
2025-10-18 04:30:31.553,106680.0,0.013,1386.84
2025-10-18 04:30:32.611,106680.0,0.52076,55554.6768
2025-10-18 04:30:32.637,106680.01,0.00139,148.2852139
2025-10-18 04:30:32.717,106680.01,0.00019,20.2692019
2025-10-18 04:30:32.741,106680.01,0.00047,50.1396047
2025-10-18 04:30:32.762,106680.01,0.00015,16.0020015
2025-10-18 04:30:32.823,106680.01,0.00015,16.0020015
2025-10-18 04:30:32.912,106680.01,0.00071,75.7428071
2025-10-18 04:30:32.962,106680.01,0.00024,25.6032024
2025-10-18 04:30:33.113,106680.01,0.00029,30.9372029
2025-10-18 04:30:33.162,106680.01,0.00057,60.807605699999996
2025-10-18 04:30:33.470,106680.01,0.00012,12.8016012
2025-10-18 04:30:33.517,106680.0,0.0001,10.668000000000001
2025-10-18 04:30:33.562,106680.01,7e-05,7.467600699999999
2025-10-18 04:30:33.775,106680.01,0.00019,20.2692019
2025-10-18 04:30:34.062,106680.01,0.00094,100.2792094
2025-10-18 04:30:34.633,106680.01,0.00015,16.0020015
2025-10-18 04:30:34.976,106680.01,0.00225,240.03002249999997
2025-10-18 04:30:35.038,106680.0,0.52076,55554.6768
2025-10-18 04:30:35.263,106680.01,0.0005,53.340005
2025-10-18 04:30:35.518,106680.01,0.00011,11.7348011
2025-10-18 04:30:35.668,106680.01,9e-05,9.6012009
2025-10-18 04:30:36.010,106680.01,0.00028,29.870402799999997
2025-10-18 04:30:36.048,106680.01,0.00272,290.1696272
2025-10-18 04:30:36.185,106680.0,0.0005,53.34
2025-10-18 04:30:36.262,106680.01,0.0001,10.668001
2025-10-18 04:30:36.519,106680.01,0.0001,10.668001
2025-10-18 04:30:36.533,106680.01,0.0001,10.668001
2025-10-18 04:30:36.741,106680.0,0.013,1386.84
2025-10-18 04:30:36.743,106679.98,0.0002,21.335996
2025-10-18 04:30:36.750,106677.27,0.0001,10.667727000000001
2025-10-18 04:30:36.815,106674.22,5e-05,5.333711
2025-10-18 04:30:36.896,106672.03,0.00015,16.000804499999997
2025-10-18 04:30:37.012,106672.03,0.00094,100.27170819999999
2025-10-18 04:30:37.382,106672.03,0.00019,20.2676857
2025-10-18 04:30:37.863,106669.34,0.00755,805.353517
2025-10-18 04:30:37.938,106669.01,8e-05,8.5335208
2025-10-18 04:30:39.030,106669.02,0.00264,281.60621280000004
2025-10-18 04:30:39.817,106669.02,0.00047,50.1344394
2025-10-18 04:30:39.828,106669.02,0.00051,54.401200200000005
2025-10-18 04:30:39.881,106669.02,0.00038,40.5342276
2025-10-18 04:30:39.938,106669.02,0.00047,50.1344394
2025-10-18 04:30:40.020,106669.02,0.00017,18.1337334
2025-10-18 04:30:40.118,106669.02,0.0001,10.666902
2025-10-18 04:30:40.139,106669.02,0.0001,10.666902
2025-10-18 04:30:40.210,106669.02,0.0001,10.666902
2025-10-18 04:30:40.268,106669.02,0.0001,10.666902
2025-10-18 04:30:40.282,106669.02,0.0001,10.666902
2025-10-18 04:30:40.305,106669.02,0.00274,292.2731148
2025-10-18 04:30:40.313,106669.02,8e-05,8.5335216
2025-10-18 04:30:40.410,106669.02,0.00033,35.200776600000005
2025-10-18 04:30:40.531,106669.02,0.0001,10.666902
2025-10-18 04:30:40.538,106669.01,0.52081,55554.287098099994
2025-10-18 04:30:40.610,106669.02,0.00019,20.2671138
2025-10-18 04:30:40.632,106669.02,0.00047,50.1344394
2025-10-18 04:30:40.647,106669.02,0.0001,10.666902
2025-10-18 04:30:41.069,106669.02,8e-05,8.5335216
2025-10-18 04:30:41.183,106669.01,0.001,106.66901
2025-10-18 04:30:41.262,106669.02,7e-05,7.466831399999999
2025-10-18 04:30:41.347,106669.02,0.00011,11.7335922
2025-10-18 04:30:41.392,106669.02,0.0001,10.666902
2025-10-18 04:30:41.568,106669.02,0.00093,99.20218860000001
2025-10-18 04:30:41.582,106669.02,0.00057,60.8013414
2025-10-18 04:30:41.681,106669.02,0.002,213.33804
2025-10-18 04:30:41.904,106669.02,0.0036,384.008472
2025-10-18 04:30:42.132,106669.02,0.00937,999.4887174
2025-10-18 04:30:42.462,106669.02,0.00018,19.2004236
2025-10-18 04:30:42.635,106669.01,0.52081,55554.287098099994
2025-10-18 04:30:43.410,106669.01,0.0004,42.667604
2025-10-18 04:30:43.668,106669.02,0.00011,11.7335922
2025-10-18 04:30:43.794,106669.02,0.0064,682.681728
2025-10-18 04:30:44.398,106669.02,0.00026,27.733945199999997
2025-10-18 04:30:44.704,106669.01,0.52081,55554.287098099994
2025-10-18 04:30:45.279,106669.01,0.00125,133.3362625
2025-10-18 04:30:45.738,106669.02,0.00059,62.934721800000005
2025-10-18 04:30:47.893,106669.02,0.00185,197.33768700000002
2025-10-18 04:30:48.976,106669.02,0.00425,453.343335
2025-10-18 04:30:49.068,106669.01,0.0068,725.3492679999999
2025-10-18 04:30:49.634,106669.01,0.00069,73.6016169
2025-10-18 04:30:49.674,106669.01,0.93747,99998.9968047
2025-10-18 04:30:50.139,106669.02,0.00468,499.21101360000006
2025-10-18 04:30:50.332,106669.02,0.00314,334.9407228
2025-10-18 04:30:50.430,106669.02,0.00069,73.6016238
2025-10-18 04:30:51.342,106669.02,0.00239,254.93895780000003
2025-10-18 04:30:51.343,106669.02,0.00028,29.867325599999997
2025-10-18 04:30:52.410,106669.02,0.00709,756.2833518
2025-10-18 04:30:52.947,106669.01,0.93747,99998.9968047
2025-10-18 04:30:53.809,106669.02,0.01688,1800.5730576
2025-10-18 04:30:54.218,106669.02,7e-05,7.466831399999999
2025-10-18 04:30:55.233,106669.02,0.01874,1998.9774348
2025-10-18 04:30:56.050,106669.02,0.00046,49.0677492
2025-10-18 04:30:56.115,106667.86,0.22888,24414.139796800002
2025-10-18 04:30:56.119,106667.86,0.0003,32.000358
2025-10-18 04:30:56.302,106667.86,0.00442,471.47194120000006
2025-10-18 04:30:57.024,106667.86,0.00012,12.8001432
2025-10-18 04:30:57.538,106667.86,0.0001,10.666786
2025-10-18 04:30:57.967,106667.86,0.017,1813.35362
2025-10-18 04:30:58.416,106667.86,0.00088,93.86771680000001
2025-10-18 04:30:58.703,106667.86,0.00048,51.2005728
2025-10-18 04:30:59.521,106667.86,0.0008,85.334288
2025-10-18 04:30:59.572,106667.85,9e-05,9.6001065
2025-10-18 04:30:59.619,106667.86,0.00022,23.466929200000003
2025-10-18 04:30:59.639,106667.85,0.93748,99998.976018
2025-10-18 04:30:59.824,106667.86,0.00047,50.1338942
2025-10-18 04:31:00.092,106667.85,0.0002,21.33357
2025-10-18 04:31:00.713,106667.85,0.001,106.66785
2025-10-18 04:31:00.819,106667.86,0.00059,62.9340374
2025-10-18 04:31:01.120,106667.85,0.00043,45.8671755
2025-10-18 04:31:02.468,106667.85,0.61617,65725.5291345
2025-10-18 04:31:02.558,106666.86,0.0001,10.666686
2025-10-18 04:31:02.762,106666.72,0.00597,636.8003183999999
2025-10-18 04:31:02.764,106666.72,0.013,1386.66736
2025-10-18 04:31:02.767,106665.82,0.00015,15.999873
2025-10-18 04:31:02.835,106665.81,0.00247,263.4645507
2025-10-18 04:31:04.094,106665.8,0.0084,895.99272
2025-10-18 04:31:04.095,106665.8,0.01446,1542.3874680000001
2025-10-18 04:31:04.097,106665.42,0.0001,10.666542
2025-10-18 04:31:04.098,106664.82,0.00015,15.999723
2025-10-18 04:31:04.102,106662.8,5e-05,5.33314
2025-10-18 04:31:04.109,106662.61,0.00355,378.6522655
2025-10-18 04:31:04.140,106660.01,0.03248,3464.3171248
2025-10-18 04:31:04.168,106660.0,0.001,106.66
2025-10-18 04:31:04.170,106660.0,0.001,106.66
2025-10-18 04:31:04.175,106660.0,0.001,106.66
2025-10-18 04:31:04.348,106660.01,0.00022,23.4652022
2025-10-18 04:31:05.079,106660.01,0.00072,76.79520720000001
2025-10-18 04:31:05.183,106660.01,0.0007,74.662007
2025-10-18 04:31:05.226,106660.01,0.0007,74.662007
2025-10-18 04:31:05.411,106652.44,0.00015,15.997865999999998
2025-10-18 04:31:05.417,106646.23,0.00314,334.8691622
2025-10-18 04:31:08.582,106646.23,7e-05,7.465236099999999
2025-10-18 04:31:08.721,106646.23,0.00106,113.04500379999999
2025-10-18 04:31:08.722,106646.23,0.00106,113.04500379999999
2025-10-18 04:31:08.842,106646.24,0.00012,12.797548800000001
2025-10-18 04:31:08.940,106646.24,0.00052,55.4560448
2025-10-18 04:31:08.980,106646.24,0.03198,3410.5467552000005
2025-10-18 04:31:09.238,106646.23,0.00094,100.24745619999999
2025-10-18 04:31:09.612,106646.24,7e-05,7.4652368
2025-10-18 04:31:09.744,106646.24,0.00918,979.0124832000001
2025-10-18 04:31:09.851,106646.24,0.02882,3073.5446368
2025-10-18 04:31:10.121,106646.23,0.92601,98755.4754423
2025-10-18 04:31:10.122,106645.57,0.00015,15.9968355
2025-10-18 04:31:10.315,106645.56,0.00422,450.0442632
2025-10-18 04:31:10.363,106645.53,0.00298,317.8036794
2025-10-18 04:31:10.423,106645.53,0.00281,299.6739393
2025-10-18 04:31:10.424,106645.53,0.00061,65.0537733
2025-10-18 04:31:11.183,106645.52,0.002,213.29104
2025-10-18 04:31:11.184,106645.52,0.002,213.29104
2025-10-18 04:31:11.185,106645.45,0.00011,11.7309995
2025-10-18 04:31:12.201,106645.46,0.00047,50.1233662
2025-10-18 04:31:12.243,106645.46,0.00133,141.8384618
2025-10-18 04:31:13.315,106644.0,0.0044,469.2336
2025-10-18 04:31:13.319,106640.53,0.00125,133.3006625
2025-10-18 04:31:13.360,106640.42,0.001,106.64042
2025-10-18 04:31:13.363,106640.41,0.00047,50.1209927
2025-10-18 04:31:13.415,106640.41,0.00225,239.9409225
2025-10-18 04:31:13.774,106637.91,0.00015,15.9956865
2025-10-18 04:31:13.778,106636.79,0.00065,69.3139135
2025-10-18 04:31:13.915,106636.79,0.00318,339.10499219999997
2025-10-18 04:31:13.984,106636.79,0.00143,152.4906097
2025-10-18 04:31:13.993,106636.79,0.00018,19.1946222
2025-10-18 04:31:14.109,106636.78,0.00025,26.659195
2025-10-18 04:31:14.131,106636.79,0.00278,296.45027619999996
2025-10-18 04:31:14.355,106636.78,0.00051,54.3847578
2025-10-18 04:31:14.430,106636.78,0.0045,479.86551
2025-10-18 04:31:14.590,106635.88,0.00064,68.24696320000001
2025-10-18 04:31:14.622,106635.88,0.00208,221.8026304
2025-10-18 04:31:14.624,106635.88,0.015,1599.5382
2025-10-18 04:31:15.334,106635.87,6e-05,6.3981522
2025-10-18 04:31:16.228,106635.88,0.00074,78.9105512
2025-10-18 04:31:16.267,106635.88,0.00073,77.8441924
2025-10-18 04:31:16.332,106635.88,0.06208,6619.9554304
2025-10-18 04:31:16.613,106635.88,0.35949,38334.532501199996
2025-10-18 04:31:16.616,106635.88,0.33032,35223.9638816
2025-10-18 04:31:16.617,106635.88,0.20476,21834.762788800002
2025-10-18 04:31:16.618,106636.01,0.0001,10.663601
2025-10-18 04:31:16.621,106636.01,0.0007,74.645207
2025-10-18 04:31:16.627,106636.01,0.00045,47.9862045
2025-10-18 04:31:16.628,106636.85,0.04995,5326.5106575
2025-10-18 04:31:16.641,106636.85,0.00096,102.37137600000001
2025-10-18 04:31:16.743,106640.44,0.00045,47.988198
2025-10-18 04:31:16.744,106641.06,7e-05,7.464874199999999
2025-10-18 04:31:16.746,106641.05,0.0001,10.664105000000001
2025-10-18 04:31:16.758,106642.66,0.0001,10.664266000000001
2025-10-18 04:31:17.122,106643.17,0.00519,553.4780523000001
2025-10-18 04:31:17.267,106643.18,0.00407,434.03774259999994
2025-10-18 04:31:17.366,106643.18,0.00068,72.5173624
2025-10-18 04:31:17.402,106643.18,0.00441,470.29642379999996
2025-10-18 04:31:17.733,106643.17,0.93769,99998.2340773
2025-10-18 04:31:17.889,106643.18,0.0408,4351.041744
2025-10-18 04:31:18.155,106643.18,0.00387,412.7091066
2025-10-18 04:31:18.210,106643.18,0.00093,99.1781574
2025-10-18 04:31:18.920,106643.18,0.14706,15682.9460508
2025-10-18 04:31:19.211,106643.18,0.00949,1012.0437781999999
2025-10-18 04:31:19.560,106643.18,0.06517,6949.9360406000005
2025-10-18 04:31:19.989,106643.18,0.00115,122.63965699999999
2025-10-18 04:31:20.240,106643.17,9e-05,9.5978853
2025-10-18 04:31:21.231,106643.17,0.93769,99998.2340773
2025-10-18 04:31:23.916,106643.18,0.03156,3365.6587607999995
2025-10-18 04:31:24.254,106643.18,0.00152,162.0976336
2025-10-18 04:31:24.282,106643.18,0.00387,412.7091066
2025-10-18 04:31:24.471,106643.18,0.00088,93.8459984
2025-10-18 04:31:24.611,106641.06,0.00015,15.996158999999999
2025-10-18 04:31:24.615,106641.05,0.0003,31.992314999999998
2025-10-18 04:31:24.724,106641.05,0.00682,727.291961
2025-10-18 04:31:24.725,106641.05,0.0001,10.664105000000001
2025-10-18 04:31:25.347,106641.05,0.01875,1999.5196875
2025-10-18 04:31:25.692,106641.05,0.00938,1000.293049
2025-10-18 04:31:25.962,106641.05,6e-05,6.3984630000000005
2025-10-18 04:31:26.493,106641.05,0.00012,12.796926000000001
2025-10-18 04:31:26.676,106641.05,0.0005,53.320525
2025-10-18 04:31:26.725,106641.05,0.08936,9529.444228
2025-10-18 04:31:26.773,106641.05,0.04988,5319.255574
2025-10-18 04:31:26.811,106641.05,0.01049,1118.6646145
2025-10-18 04:31:27.333,106641.04,0.00282,300.7277328
2025-10-18 04:31:27.690,106641.05,0.00053,56.5197565
2025-10-18 04:31:28.050,106641.05,0.00014,14.929746999999999
2025-10-18 04:31:28.441,106641.04,0.30992,33050.19111679999
2025-10-18 04:31:28.519,106636.86,0.00027,28.7919522
2025-10-18 04:31:28.562,106636.85,7e-05,7.4645795
2025-10-18 04:31:29.018,106636.86,0.00012,12.7964232
2025-10-18 04:31:29.783,106636.86,9e-05,9.597317400000001
2025-10-18 04:31:30.245,106636.86,0.02386,2544.3554796
2025-10-18 04:31:30.277,106636.86,0.0006,63.982116
2025-10-18 04:31:30.738,106636.86,0.00048,51.1856928
2025-10-18 04:31:31.002,106636.86,0.00055,58.650273000000006
2025-10-18 04:31:31.493,106636.86,0.0001,10.663686
2025-10-18 04:31:31.923,106636.86,5e-05,5.331843
2025-10-18 04:31:32.039,106636.86,0.00034,36.256532400000005
2025-10-18 04:31:32.204,106636.86,8e-05,8.5309488
2025-10-18 04:31:32.588,106636.86,0.03561,3797.3385846
2025-10-18 04:31:32.719,106632.87,0.0304,3241.639248
2025-10-18 04:31:32.724,106630.21,0.03027,3227.6964567
2025-10-18 04:31:33.868,106630.21,0.00016,17.060833600000002
2025-10-18 04:31:34.275,106630.21,0.00619,660.0409999000001
2025-10-18 04:31:34.678,106630.2,9e-05,9.596718000000001
2025-10-18 04:31:35.413,106630.2,9e-05,9.596718000000001
2025-10-18 04:31:36.221,106630.2,0.0001,10.66302
2025-10-18 04:31:36.468,106630.21,0.0039,415.857819
2025-10-18 04:31:36.555,106630.2,0.01688,1799.9177759999998
2025-10-18 04:31:36.667,106630.21,0.00322,343.3492762
2025-10-18 04:31:37.024,106627.96,0.0189,2015.268444
2025-10-18 04:31:37.150,106625.28,0.00029,30.9213312
2025-10-18 04:31:37.384,106625.28,0.00064,68.2401792
2025-10-18 04:31:37.790,106625.28,0.00026,27.7225728
2025-10-18 04:31:39.403,106618.54,8e-05,8.5294832
2025-10-18 04:31:39.410,106618.01,0.03044,3245.4522243999995
2025-10-18 04:31:40.296,106618.01,0.00067,71.4340667
2025-10-18 04:31:40.442,106618.01,0.00015,15.992701499999997
2025-10-18 04:31:40.995,106608.66,5e-05,5.330433
2025-10-18 04:31:41.313,106604.4,0.00056,59.698463999999994
2025-10-18 04:31:41.563,106604.4,0.01109,1182.2427959999998
2025-10-18 04:31:41.955,106604.39,0.00601,640.6923839
2025-10-18 04:31:42.095,106604.4,0.00526,560.739144
2025-10-18 04:31:42.168,106604.4,0.00275,293.16209999999995
2025-10-18 04:31:42.218,106604.4,0.00188,200.416272
2025-10-18 04:31:42.309,106604.4,0.00883,941.3168519999999
2025-10-18 04:31:42.324,106604.4,0.0039,415.75715999999994
2025-10-18 04:31:43.110,106604.4,0.00188,200.416272
2025-10-18 04:31:43.301,106604.39,0.00287,305.95459930000004
2025-10-18 04:31:43.503,106604.39,0.001,106.60439
2025-10-18 04:31:43.504,106604.39,0.001,106.60439
2025-10-18 04:31:43.852,106604.4,0.00061,65.028684
2025-10-18 04:31:44.303,106604.4,0.00758,808.0613519999999
2025-10-18 04:31:44.355,106604.4,0.00069,73.557036
2025-10-18 04:31:45.041,106604.39,0.93803,99998.1159517
2025-10-18 04:31:45.338,106604.39,0.00099,105.5383461
2025-10-18 04:31:45.375,106604.4,0.00046,49.038024
2025-10-18 04:31:45.779,106604.4,4e-05,4.264176
2025-10-18 04:31:45.846,106604.4,0.00028,29.849231999999997
2025-10-18 04:31:46.622,106604.4,0.00054,57.566376
2025-10-18 04:31:46.762,106604.39,0.00283,301.6904237
2025-10-18 04:31:46.986,106604.4,0.00014,14.924615999999999
2025-10-18 04:31:47.550,106604.4,0.0107,1140.66708
2025-10-18 04:31:47.606,106604.4,0.00059,62.896596
2025-10-18 04:31:47.989,106604.39,0.0007,74.623073
2025-10-18 04:31:48.304,106604.4,0.00929,990.3548759999999
2025-10-18 04:31:48.705,106604.4,0.00626,667.343544
2025-10-18 04:31:48.724,106604.4,0.00178,189.75583199999997
2025-10-18 04:31:48.779,106604.4,0.00056,59.698463999999994
2025-10-18 04:31:48.812,106604.39,0.00043,45.8398877
2025-10-18 04:31:49.498,106604.4,0.00112,119.39692799999999
2025-10-18 04:31:49.610,106604.4,0.0002,21.32088
2025-10-18 04:31:49.763,106603.33,0.00015,15.990499499999999
2025-10-18 04:31:51.386,106603.33,0.00742,790.9967086
2025-10-18 04:31:51.736,106603.33,0.0019,202.546327
2025-10-18 04:31:51.765,106603.33,0.00904,963.6941032
2025-10-18 04:31:51.797,106603.33,0.0005,53.301665
2025-10-18 04:31:52.267,106603.33,6e-05,6.396199800000001
2025-10-18 04:31:52.284,106603.33,0.00193,205.7444269
2025-10-18 04:31:52.528,106598.75,5e-05,5.329937500000001
2025-10-18 04:31:52.813,106595.57,0.01015,1081.9450355
2025-10-18 04:31:53.436,106595.57,0.00445,474.35028650000004
2025-10-18 04:31:53.458,106595.57,0.00055,58.62756350000001
2025-10-18 04:31:53.607,106595.57,0.00624,665.1563568
2025-10-18 04:31:53.854,106595.57,0.00846,901.7985222000001
2025-10-18 04:31:54.330,106595.56,0.013,1385.74228
2025-10-18 04:31:54.331,106595.56,0.013,1385.74228
2025-10-18 04:31:54.332,106595.56,0.013,1385.74228
2025-10-18 04:31:54.607,106595.57,0.00034,36.242493800000005
2025-10-18 04:31:55.871,106595.57,0.00385,410.39294450000006
2025-10-18 04:31:56.604,106595.56,5e-05,5.329778
2025-10-18 04:31:56.624,106595.57,0.00012,12.791468400000001
2025-10-18 04:31:56.774,106595.57,0.006,639.57342
2025-10-18 04:31:57.001,106595.57,0.00041,43.7041837
2025-10-18 04:31:57.212,106595.56,0.93592,99764.91651519999
2025-10-18 04:31:57.566,106594.96,0.00654,697.1310384
2025-10-18 04:31:57.606,106594.95,0.01111,1184.2698945
2025-10-18 04:31:57.607,106592.0,0.0028,298.4576
2025-10-18 04:31:57.608,106585.66,0.03015,3213.557649
2025-10-18 04:31:57.611,106584.49,0.0084,895.309716
2025-10-18 04:31:57.612,106575.36,0.00281,299.4767616
2025-10-18 04:31:57.615,106569.18,0.00937,998.5532165999999
2025-10-18 04:31:57.620,106569.18,0.00663,706.5536633999999
2025-10-18 04:31:57.626,106569.18,6e-05,6.394150799999999
2025-10-18 04:31:57.630,106569.19,0.01173,1250.0565987000002
2025-10-18 04:31:57.645,106569.19,0.25982,27688.8069458
2025-10-18 04:31:57.674,106569.19,0.04,4262.7676
2025-10-18 04:31:57.779,106569.19,0.00047,50.0875193
2025-10-18 04:31:57.895,106569.19,0.00276,294.1309644
2025-10-18 04:31:58.266,106569.19,0.00188,200.3500772
2025-10-18 04:31:58.298,106569.19,0.03089,3291.9222791
2025-10-18 04:31:58.362,106569.19,0.00013,13.8539947
2025-10-18 04:31:58.391,106569.19,0.00378,402.8315382
2025-10-18 04:31:59.147,106569.19,0.06577,7009.0556263
2025-10-18 04:31:59.647,106569.19,0.0041,436.93367900000004
2025-10-18 04:31:59.714,106569.19,0.00014,14.919686599999999
2025-10-18 04:32:00.072,106569.19,0.00989,1053.9692891
2025-10-18 04:32:00.244,106569.19,0.45305,48281.1715295
2025-10-18 04:32:00.246,106569.19,0.1167,12436.624473
2025-10-18 04:32:00.247,106569.19,0.16901,18011.2588019
2025-10-18 04:32:00.248,106569.19,0.00245,261.0945155
2025-10-18 04:32:00.249,106569.3,0.0009,95.91237
2025-10-18 04:32:00.250,106569.3,0.0002,21.313860000000002
2025-10-18 04:32:00.252,106569.31,0.0001,10.656931
2025-10-18 04:32:00.253,106569.31,0.0001,10.656931
2025-10-18 04:32:00.254,106569.31,0.0003,31.970792999999997
2025-10-18 04:32:00.255,106569.31,0.0001,10.656931
2025-10-18 04:32:00.309,106572.48,0.00521,555.2426208
2025-10-18 04:32:00.348,106572.48,0.0046,490.233408
2025-10-18 04:32:00.518,106572.48,0.00124,132.1498752
2025-10-18 04:32:00.644,106572.48,0.00376,400.7125248
2025-10-18 04:32:00.927,106572.48,0.00153,163.05589439999997
2025-10-18 04:32:00.934,106572.48,0.0004,42.628992000000004
2025-10-18 04:32:01.037,106572.47,0.93831,99998.0143257
2025-10-18 04:32:01.218,106572.47,0.005,532.86235
2025-10-18 04:32:01.731,106572.48,0.0105,1119.01104
2025-10-18 04:32:02.417,106572.48,0.7091,75570.54556799999
2025-10-18 04:32:02.427,106574.93,0.003,319.72479
2025-10-18 04:32:02.429,106575.58,0.0008,85.260464
2025-10-18 04:32:02.489,106577.79,0.0001,10.657779
2025-10-18 04:32:02.490,106580.0,5e-05,5.329000000000001
2025-10-18 04:32:02.930,106580.0,0.00637,678.9146
2025-10-18 04:32:03.087,106580.0,0.00014,14.921199999999999
2025-10-18 04:32:03.443,106579.99,0.00039,41.5661961
2025-10-18 04:32:03.461,106580.0,8e-05,8.5264
2025-10-18 04:32:03.691,106579.99,0.93825,99998.6756175
2025-10-18 04:32:03.755,106580.0,0.0001,10.658000000000001
2025-10-18 04:32:03.961,106580.0,0.00061,65.0138
2025-10-18 04:32:04.550,106580.0,0.00638,679.9804
2025-10-18 04:32:04.555,106588.82,0.01532,1632.9407224000001
2025-10-18 04:32:04.671,106588.82,0.00354,377.32442280000004
2025-10-18 04:32:04.680,106588.82,0.00937,998.7372434
2025-10-18 04:32:04.682,106588.82,0.02,2131.7764
2025-10-18 04:32:05.186,106596.25,5e-05,5.3298125
2025-10-18 04:32:05.573,106597.25,8e-05,8.52778
2025-10-18 04:32:06.535,106597.25,0.00013,13.857642499999999
2025-10-18 04:32:06.778,106597.25,0.00329,350.7049525
2025-10-18 04:32:07.033,106597.25,0.00012,12.79167
2025-10-18 04:32:07.363,106597.25,0.0039,415.729275
2025-10-18 04:32:07.632,106597.25,0.00013,13.857642499999999
2025-10-18 04:32:07.639,106597.6,0.05008,5338.407808
2025-10-18 04:32:07.662,106599.47,0.00746,795.2320462
2025-10-18 04:32:07.663,106599.47,0.00017,18.121909900000002
2025-10-18 04:32:07.669,106599.47,0.00023,24.5178781
2025-10-18 04:32:07.681,106602.02,5e-05,5.330101000000001
2025-10-18 04:32:07.753,106603.33,0.00113,120.4617629
2025-10-18 04:32:07.817,106603.32,0.93804,99998.1782928
2025-10-18 04:32:07.895,106603.32,0.00045,47.971494
2025-10-18 04:32:09.260,106603.33,0.07481,7974.9951173
2025-10-18 04:32:09.264,106600.84,0.08859,9443.7684156
2025-10-18 04:32:09.277,106600.85,0.0006,63.96051
2025-10-18 04:32:09.888,106600.85,0.00459,489.2979015000001
2025-10-18 04:32:10.169,106600.85,0.00223,237.71989550000004
2025-10-18 04:32:10.219,106600.84,0.00186,198.2775624
2025-10-18 04:32:10.741,106600.0,5e-05,5.33
2025-10-18 04:32:10.742,106593.4,5e-05,5.32967
2025-10-18 04:32:10.743,106581.34,5e-05,5.329067
2025-10-18 04:32:10.745,106575.35,0.03,3197.2605
2025-10-18 04:32:10.746,106569.18,0.01875,1998.1721249999998
2025-10-18 04:32:10.747,106565.64,0.04,4262.6256
2025-10-18 04:32:10.750,106565.64,0.08,8525.2512
2025-10-18 04:32:10.752,106575.58,0.03625,3863.364775
2025-10-18 04:32:10.754,106565.64,0.00937,998.5200467999999
2025-10-18 04:32:10.758,106570.07,0.0077,820.5895390000001
2025-10-18 04:32:10.764,106568.39,6e-05,6.3941034000000005
2025-10-18 04:32:10.776,106565.65,0.01296,1381.0908239999999
2025-10-18 04:32:10.778,106565.73,5e-05,5.3282865
2025-10-18 04:32:11.014,106568.4,0.0006,63.941039999999994
2025-10-18 04:32:11.281,106568.4,0.00072,76.729248
2025-10-18 04:32:11.749,106568.39,0.93835,99998.4487565
2025-10-18 04:32:11.812,106568.39,0.0012,127.88206799999999
2025-10-18 04:32:11.893,106568.4,0.07687,8191.912907999999
2025-10-18 04:32:12.221,106568.4,0.00187,199.282908
2025-10-18 04:32:12.519,106568.4,0.00065,69.26946
2025-10-18 04:32:12.930,106568.4,6e-05,6.394104
2025-10-18 04:32:13.016,106568.39,0.00084,89.5174476
2025-10-18 04:32:13.115,106568.4,0.02003,2134.565052
2025-10-18 04:32:13.252,106568.4,0.00093,99.108612
2025-10-18 04:32:13.270,106568.39,0.01,1065.6839
2025-10-18 04:32:14.832,106568.4,0.00567,604.2428279999999
2025-10-18 04:32:15.188,106568.4,0.0001,10.65684
2025-10-18 04:32:15.458,106568.4,0.01222,1302.265848
2025-10-18 04:32:16.139,106568.39,0.00025,26.642097500000002
2025-10-18 04:32:16.232,106568.4,0.00148,157.721232
2025-10-18 04:32:16.333,106568.39,0.0005,53.284195000000004
2025-10-18 04:32:16.512,106568.4,0.00039,41.561676
2025-10-18 04:32:16.519,106568.4,0.00014,14.919575999999998
2025-10-18 04:32:16.594,106568.4,0.00046,49.021464
2025-10-18 04:32:16.609,106566.99,0.32101,34209.069459900005
2025-10-18 04:32:16.638,106567.0,0.0001,10.6567
2025-10-18 04:32:16.733,106567.0,0.00038,40.49546
2025-10-18 04:32:16.810,106567.0,0.00094,100.17298
2025-10-18 04:32:16.826,106567.0,0.0001,10.6567
2025-10-18 04:32:16.843,106567.0,0.0047,500.86490000000003
2025-10-18 04:32:16.968,106567.0,0.00024,25.57608
2025-10-18 04:32:17.033,106567.0,0.0001,10.6567
2025-10-18 04:32:17.075,106567.0,0.00083,88.45061
2025-10-18 04:32:17.392,106567.0,0.0001,10.6567
2025-10-18 04:32:17.550,106567.0,0.00025,26.641750000000002
2025-10-18 04:32:17.569,106567.0,0.00015,15.98505
2025-10-18 04:32:17.632,106567.0,0.00024,25.57608
2025-10-18 04:32:17.641,106567.0,0.00094,100.17298
2025-10-18 04:32:17.967,106566.99,0.0049,522.178251
2025-10-18 04:32:17.978,106567.0,0.54734,58328.38178
2025-10-18 04:32:17.980,106567.0,0.32654,34798.38818
2025-10-18 04:32:17.981,106567.0,0.08001,8526.42567
2025-10-18 04:32:17.982,106567.11,0.0002,21.313422000000003
2025-10-18 04:32:17.985,106568.39,0.00035,37.298936499999996
2025-10-18 04:32:17.992,106569.19,0.00075,79.92689250000001
2025-10-18 04:32:17.998,106569.25,0.045,4795.61625
2025-10-18 04:32:18.003,106571.44,5e-05,5.328572
2025-10-18 04:32:18.242,106572.66,0.00038,40.497610800000004
2025-10-18 04:32:18.324,106572.66,0.0002,21.314532000000003
2025-10-18 04:32:18.481,106572.66,0.00141,150.26745060000002
2025-10-18 04:32:18.491,106572.66,0.00047,50.0891502
2025-10-18 04:32:18.557,106572.66,0.00493,525.4032138
2025-10-18 04:32:19.133,106572.66,0.00024,25.577438400000002
2025-10-18 04:32:19.213,106572.66,0.00094,100.1783004
2025-10-18 04:32:19.243,106572.66,0.00029,30.906071400000002
2025-10-18 04:32:19.247,106572.65,0.0013,138.544445
2025-10-18 04:32:19.552,106572.66,0.0006,63.943596
2025-10-18 04:32:19.877,106572.66,0.00046,49.0234236
2025-10-18 04:32:20.510,106572.66,0.38506,41036.8684596
2025-10-18 04:32:20.511,106572.66,0.78326,83474.1016716
2025-10-18 04:32:20.513,106572.66,0.00998,1063.5951468
2025-10-18 04:32:20.517,106572.7,0.00709,755.6004429999999
2025-10-18 04:32:20.519,106572.76,9e-05,9.5915484
2025-10-18 04:32:20.521,106572.75,0.0002,21.31455
2025-10-18 04:32:20.522,106577.6,5e-05,5.328880000000001
2025-10-18 04:32:20.526,106581.11,0.0002,21.316222
2025-10-18 04:32:20.548,106581.11,0.00748,797.2267028
2025-10-18 04:32:20.683,106581.11,0.00894,952.8351234
2025-10-18 04:32:20.772,106582.85,0.00125,133.2285625
2025-10-18 04:32:20.781,106582.86,0.00151,160.9401186
2025-10-18 04:32:20.833,106582.85,0.0033,351.723405
2025-10-18 04:32:21.489,106582.85,0.00086,91.66125100000001
2025-10-18 04:32:21.490,106582.85,8e-05,8.526628
2025-10-18 04:32:21.918,106582.86,0.00114,121.5044604
2025-10-18 04:32:22.111,106582.85,0.93822,99998.16152700002
2025-10-18 04:32:22.957,106582.86,0.08999,9591.3915714
2025-10-18 04:32:23.643,106582.86,0.00262,279.2470932
2025-10-18 04:32:24.037,106582.86,7e-05,7.4608001999999995
2025-10-18 04:32:24.737,106582.86,0.00067,71.4105162
2025-10-18 04:32:25.260,106582.85,0.93822,99998.16152700002
2025-10-18 04:32:25.289,106582.85,0.00068,72.47633800000001
2025-10-18 04:32:25.399,106582.85,0.01271,1354.6680235000001
2025-10-18 04:32:25.400,106582.69,0.0001,10.658269
2025-10-18 04:32:25.401,106581.65,5e-05,5.3290825
2025-10-18 04:32:25.405,106581.61,0.0013,138.556093
2025-10-18 04:32:25.409,106577.15,0.013,1385.5029499999998
2025-10-18 04:32:25.470,106577.15,0.00124,132.155666
2025-10-18 04:32:25.592,106569.99,0.03335,3554.1091665
2025-10-18 04:32:25.593,106564.68,0.03366,3586.9671288
2025-10-18 04:32:25.594,106556.06,0.01461,1556.7840366
2025-10-18 04:32:25.595,106544.94,0.00023,24.505336200000002
2025-10-18 04:32:25.598,106540.27,0.03375,3595.7341125000003
2025-10-18 04:32:25.609,106540.9,0.00015,15.981134999999998
2025-10-18 04:32:25.612,106540.71,6e-05,6.392442600000001
2025-10-18 04:32:25.615,106540.8,0.0008,85.23264
2025-10-18 04:32:25.621,106540.81,0.03633,3870.6276273
2025-10-18 04:32:25.626,106540.79,0.00025,26.6351975
2025-10-18 04:32:25.628,106540.27,0.00095,101.2132565
2025-10-18 04:32:25.633,106540.01,0.00017,18.1118017
2025-10-18 04:32:25.645,106540.0,0.002,213.08
2025-10-18 04:32:25.652,106540.0,0.001,106.54
2025-10-18 04:32:25.678,106539.64,0.00849,904.5215436
2025-10-18 04:32:25.699,106539.91,0.00045,47.9429595
2025-10-18 04:32:25.797,106539.64,0.00043,45.8120452
2025-10-18 04:32:25.799,106539.65,0.0002,21.30793
2025-10-18 04:32:25.883,106539.65,0.02095,2232.0056675
2025-10-18 04:32:26.250,106539.65,0.001,106.53965
2025-10-18 04:32:26.347,106539.64,0.00985,1049.415454
2025-10-18 04:32:26.348,106539.63,0.00932,992.9493516000001
2025-10-18 04:32:26.392,106538.14,0.0001,10.653814
2025-10-18 04:32:26.400,106538.0,0.00375,399.5175
2025-10-18 04:32:26.403,106536.0,0.0031,330.2616
2025-10-18 04:32:26.409,106533.34,8e-05,8.5226672
2025-10-18 04:32:26.411,106533.13,0.007,745.7319100000001
2025-10-18 04:32:26.413,106533.13,0.007,745.7319100000001
2025-10-18 04:32:26.673,106533.13,0.02749,2928.5957437
2025-10-18 04:32:26.815,106533.13,0.0023,245.02619900000002
2025-10-18 04:32:26.981,106533.12,0.00251,267.3981312
2025-10-18 04:32:27.015,106531.31,0.00015,15.979696499999998
2025-10-18 04:32:27.062,106529.6,0.00656,698.8341760000001
2025-10-18 04:32:27.532,106529.6,0.00094,100.13782400000001
2025-10-18 04:32:27.548,106529.6,0.0522,5560.845120000001
2025-10-18 04:32:27.728,106529.6,0.00351,373.918896
2025-10-18 04:32:27.910,106529.59,0.002,213.05918
2025-10-18 04:32:27.911,106529.59,0.002,213.05918
2025-10-18 04:32:27.912,106529.59,0.002,213.05918
2025-10-18 04:32:28.151,106529.6,0.0068,724.40128
2025-10-18 04:32:28.210,106529.6,0.00053,56.460688
2025-10-18 04:32:28.576,106529.6,8e-05,8.522368000000002
2025-10-18 04:32:28.600,106529.59,0.013,1384.88467
2025-10-18 04:32:28.601,106529.59,0.013,1384.88467
2025-10-18 04:32:28.602,106529.59,0.013,1384.88467
2025-10-18 04:32:28.742,106529.59,0.013,1384.88467
2025-10-18 04:32:28.743,106529.59,0.013,1384.88467
2025-10-18 04:32:28.847,106528.81,0.25354,27009.3144874
2025-10-18 04:32:28.960,106528.81,9e-05,9.5875929
2025-10-18 04:32:30.028,106524.0,0.00295,314.2458
2025-10-18 04:32:30.348,106518.85,0.0034,362.16409
2025-10-18 04:32:30.611,106518.85,0.00191,203.4510035
2025-10-18 04:32:30.913,106518.85,0.0344,3664.2484400000003
2025-10-18 04:32:31.442,106518.85,0.0862,9181.92487
2025-10-18 04:32:31.758,106518.85,0.00016,17.043016
2025-10-18 04:32:32.260,106518.85,0.00101,107.5840385
2025-10-18 04:32:32.676,106518.85,0.0002,21.303770000000004
2025-10-18 04:32:32.824,106518.85,0.00093,99.06253050000001
2025-10-18 04:32:32.842,106518.84,0.013,1384.7449199999999
2025-10-18 04:32:32.843,106518.84,0.013,1384.7449199999999
2025-10-18 04:32:32.930,106518.85,0.00033,35.1512205
2025-10-18 04:32:32.943,106518.84,0.00033,35.1512172
2025-10-18 04:32:33.401,106518.85,0.24949,26575.3878865
2025-10-18 04:32:33.415,106518.85,0.25352,27004.658852000004
2025-10-18 04:32:33.416,106518.85,0.05431,5785.0387435
2025-10-18 04:32:33.417,106519.86,0.00015,15.977979
2025-10-18 04:32:33.420,106521.96,0.03294,3508.8333623999997
2025-10-18 04:32:33.421,106522.66,5e-05,5.3261330000000005
2025-10-18 04:32:33.423,106525.2,0.00015,15.978779999999999
2025-10-18 04:32:33.457,106527.96,0.05487,5845.1891652
2025-10-18 04:32:33.463,106529.1,5e-05,5.326455
2025-10-18 04:32:33.469,106529.5,0.00045,47.938275
2025-10-18 04:32:33.488,106530.0,0.00015,15.979499999999998
2025-10-18 04:32:33.503,106531.47,0.00081,86.29049069999999
2025-10-18 04:32:33.515,106536.98,0.12,12784.4376
2025-10-18 04:32:33.738,106538.62,0.06141,6542.536654199999
2025-10-18 04:32:33.824,106538.62,0.03247,3459.3089913999997
2025-10-18 04:32:34.324,106538.61,0.93861,99998.20473210001
2025-10-18 04:32:36.161,106538.61,0.0022,234.38494200000002
2025-10-18 04:32:37.218,106538.61,0.00204,217.33876440000003
2025-10-18 04:32:37.981,106538.61,0.00433,461.31218129999996
2025-10-18 04:32:38.237,106538.62,0.00037,39.4192894
2025-10-18 04:32:38.508,106538.61,0.93861,99998.20473210001
2025-10-18 04:32:38.882,106538.61,0.00016,17.0461776
2025-10-18 04:32:38.957,106538.62,0.00341,363.2966942
2025-10-18 04:32:39.054,106538.62,6e-05,6.3923172
2025-10-18 04:32:39.298,106538.62,0.00066,70.3154892
2025-10-18 04:32:39.354,106538.61,0.00195,207.75028949999998
2025-10-18 04:32:39.738,106538.62,0.00013,13.850020599999999
2025-10-18 04:32:39.743,106538.62,0.00101,107.6040062
2025-10-18 04:32:40.465,106538.62,0.00018,19.1769516
2025-10-18 04:32:41.052,106538.61,0.013,1385.00193
2025-10-18 04:32:41.053,106538.61,0.013,1385.00193
2025-10-18 04:32:41.057,106538.61,0.013,1385.00193
2025-10-18 04:32:41.597,106538.61,0.00232,247.1695752
2025-10-18 04:32:41.957,106538.62,0.00137,145.95790939999998
2025-10-18 04:32:42.188,106538.61,0.00281,299.3734941
2025-10-18 04:32:42.885,106538.61,0.93861,99998.20473210001
2025-10-18 04:32:43.366,106538.61,0.00084,89.4924324
2025-10-18 04:32:44.042,106538.61,0.00656,698.8932816
2025-10-18 04:32:44.229,106538.61,0.00023,24.503880300000002
2025-10-18 04:32:45.397,106538.61,0.00124,132.1078764
2025-10-18 04:32:45.561,106538.61,0.00082,87.3616602
2025-10-18 04:32:45.632,106538.61,0.00075,79.9039575
2025-10-18 04:32:46.481,106538.62,0.00016,17.0461792
2025-10-18 04:32:46.761,106538.62,9e-05,9.5884758
2025-10-18 04:32:47.243,106538.62,0.00244,259.9542328
2025-10-18 04:32:47.286,106538.62,0.00039,41.550061799999995
2025-10-18 04:32:47.370,106538.62,0.01725,1837.791195
2025-10-18 04:32:47.473,106534.46,0.00906,965.2022076000001
2025-10-18 04:32:47.811,106529.73,0.075,7989.7297499999995
2025-10-18 04:32:48.292,106529.74,0.00046,49.0036804
2025-10-18 04:32:50.991,106529.74,0.00043,45.807788200000005
2025-10-18 04:32:51.379,106529.74,0.00457,486.8409118000001
2025-10-18 04:32:51.523,106529.73,0.93869,99998.3922537
2025-10-18 04:32:51.807,106529.74,0.01951,2078.3952274
2025-10-18 04:32:51.816,106529.73,0.00017,18.1100541
2025-10-18 04:32:52.946,106529.74,0.00094,100.1379556
2025-10-18 04:32:53.222,106529.74,0.01976,2105.0276624000003
2025-10-18 04:32:53.333,106529.74,0.0001,10.652974
2025-10-18 04:32:54.882,106529.73,0.0001,10.652973
2025-10-18 04:32:54.912,106529.74,0.00032,34.089516800000006
2025-10-18 04:32:55.097,106529.74,0.00584,622.1336816
2025-10-18 04:32:55.140,106529.73,0.013,1384.8864899999999
2025-10-18 04:32:55.141,106529.73,0.013,1384.8864899999999
2025-10-18 04:32:55.219,106529.74,0.01223,1302.8587202
2025-10-18 04:32:55.359,106529.74,0.00414,441.03312359999995
2025-10-18 04:32:55.365,106529.73,0.013,1384.8864899999999
2025-10-18 04:32:56.496,106529.74,9e-05,9.587676600000002
2025-10-18 04:32:56.836,106529.73,0.93869,99998.3922537
2025-10-18 04:32:56.872,106529.74,0.00693,738.2510982000001
2025-10-18 04:32:56.976,106529.73,0.05,5326.4865
2025-10-18 04:32:57.408,106529.74,0.00498,530.5181052
2025-10-18 04:32:57.717,106529.74,7e-05,7.4570818
2025-10-18 04:32:58.154,106529.73,0.00091,96.9420543
2025-10-18 04:32:58.351,106529.73,0.00099,105.46443269999999
2025-10-18 04:32:58.457,106529.74,0.00756,805.3648344000001
2025-10-18 04:32:58.475,106529.74,0.01517,1616.0561558
2025-10-18 04:32:58.995,106529.74,0.15591,16609.0517634
2025-10-18 04:32:58.996,106529.91,0.0003,31.958972999999997
2025-10-18 04:32:58.998,106529.91,0.0001,10.652991
2025-10-18 04:32:59.003,106532.08,0.00075,79.89906
2025-10-18 04:32:59.010,106534.0,0.00355,378.19570000000004
2025-10-18 04:32:59.047,106534.1,0.0009,95.88069
2025-10-18 04:33:00.064,106536.13,0.00077,82.0328201
2025-10-18 04:33:01.166,106536.13,0.00019,20.2418647
2025-10-18 04:33:01.415,106536.12,0.00016,17.045779200000002
2025-10-18 04:33:02.849,106536.12,0.00014,14.915056799999999
2025-10-18 04:33:03.183,106536.12,0.00221,235.4448252
2025-10-18 04:33:04.390,106536.12,0.00153,163.00026359999998
2025-10-18 04:33:05.075,106536.12,5e-05,5.326806
2025-10-18 04:33:05.473,106536.13,6e-05,6.3921678
2025-10-18 04:33:06.925,106536.12,0.00082,87.35961839999999
2025-10-18 04:33:07.611,106536.13,0.00316,336.65417080000003
2025-10-18 04:33:08.569,106536.13,0.00012,12.7843356
2025-10-18 04:33:09.065,106536.13,0.0081,862.942653
2025-10-18 04:33:09.627,106536.13,0.0035,372.876455
2025-10-18 04:33:09.703,106536.13,0.25066,26704.3463458
2025-10-18 04:33:09.704,106536.13,0.00184,196.0264792
2025-10-18 04:33:09.710,106538.61,0.00015,15.980791499999999
2025-10-18 04:33:09.737,106538.62,0.08402,8951.3748524
2025-10-18 04:33:09.769,106540.0,0.01917,2042.3718
2025-10-18 04:33:09.771,106540.39,0.00998,1063.2730921999998
2025-10-18 04:33:10.142,106540.38,0.00018,19.177268400000003
2025-10-18 04:33:10.716,106540.38,0.00099,105.4749762
2025-10-18 04:33:10.736,106540.39,0.00028,29.831309199999996
2025-10-18 04:33:10.887,106540.39,0.0003,31.962116999999996
2025-10-18 04:33:12.324,106540.39,0.016,1704.64624
2025-10-18 04:33:12.630,106540.39,0.00109,116.1290251
2025-10-18 04:33:13.860,106540.38,8e-05,8.523230400000001
2025-10-18 04:33:14.113,106540.39,0.00012,12.7848468
2025-10-18 04:33:14.337,106540.39,0.00546,581.7105293999999
2025-10-18 04:33:18.592,106540.38,0.00538,573.1872444
2025-10-18 04:33:18.722,106540.39,0.00036,38.354540400000005
2025-10-18 04:33:19.081,106540.38,0.00018,19.177268400000003
2025-10-18 04:33:19.949,106540.39,0.00511,544.4213929
2025-10-18 04:33:20.825,106540.39,7e-05,7.457827299999999
2025-10-18 04:33:21.033,106540.39,7e-05,7.457827299999999
2025-10-18 04:33:25.450,106540.39,0.05475,5833.0863524999995
2025-10-18 04:33:25.452,106545.04,0.00803,855.5566712
2025-10-18 04:33:25.471,106545.25,0.00939,1000.4598975000001
2025-10-18 04:33:25.837,106545.25,0.00937,998.3289925
2025-10-18 04:33:26.208,106545.24,0.00257,273.8212668
2025-10-18 04:33:26.377,106545.25,0.00058,61.796245
2025-10-18 04:33:26.523,106545.25,0.02221,2366.3700025000003
2025-10-18 04:33:26.534,106545.26,0.0008,85.236208
2025-10-18 04:33:26.540,106546.78,0.00371,395.2885538
2025-10-18 04:33:26.541,106546.78,5e-05,5.327339
2025-10-18 04:33:26.551,106546.78,6e-05,6.3928068
2025-10-18 04:33:26.555,106551.04,0.00213,226.95371519999998
2025-10-18 04:33:26.557,106551.04,0.00939,1000.5142656
2025-10-18 04:33:26.565,106551.04,0.00939,1000.5142656
2025-10-18 04:33:26.657,106551.04,0.00023,24.5067392
2025-10-18 04:33:26.783,106551.04,0.00711,757.5778944
2025-10-18 04:33:26.969,106551.03,0.09458,10077.5964174
2025-10-18 04:33:27.029,106551.04,0.00019,20.2446976
2025-10-18 04:33:27.872,106551.03,0.00536,571.1135208000001
2025-10-18 04:33:28.065,106551.04,0.00314,334.57026559999997
2025-10-18 04:33:28.505,106551.03,0.0007,74.58572099999999
2025-10-18 04:33:28.688,106551.03,0.00186,198.1849158
2025-10-18 04:33:28.717,106551.04,0.0044,468.824576
2025-10-18 04:33:28.856,106551.04,0.00025,26.63776
2025-10-18 04:33:30.836,106551.04,0.00188,200.3159552
2025-10-18 04:33:30.905,106551.04,0.01671,1780.4678783999998
2025-10-18 04:33:30.999,106551.04,0.00474,505.0519296
2025-10-18 04:33:31.010,106553.75,0.00015,15.983062499999999
2025-10-18 04:33:32.012,106553.76,0.00042,44.7525792
2025-10-18 04:33:32.786,106553.76,0.00304,323.92343040000003
2025-10-18 04:33:32.794,106554.31,0.00896,954.7266175999999
2025-10-18 04:33:32.797,106554.31,0.00055,58.604870500000004
2025-10-18 04:33:32.799,106555.9,0.00663,706.465617
2025-10-18 04:33:33.618,106555.9,0.00235,250.406365
2025-10-18 04:33:33.940,106555.9,0.00383,408.10909699999996
2025-10-18 04:33:34.292,106560.0,0.01502,1600.5312000000001
2025-10-18 04:33:34.359,106560.0,0.01502,1600.5312000000001
2025-10-18 04:33:34.504,106560.0,0.00025,26.64
2025-10-18 04:33:34.533,106560.0,0.01502,1600.5312000000001
2025-10-18 04:33:34.654,106560.0,0.00418,445.4208
2025-10-18 04:33:34.691,106565.0,0.00457,487.00205000000005
2025-10-18 04:33:34.696,106565.0,0.01033,1100.81645
2025-10-18 04:33:34.714,106565.0,0.00938,999.5796999999999
2025-10-18 04:33:34.953,106565.0,0.01502,1600.6063000000001
2025-10-18 04:33:35.016,106568.0,3e-05,3.19704
2025-10-18 04:33:35.177,106568.0,0.01502,1600.65136
2025-10-18 04:33:35.335,106568.0,0.01502,1600.65136
2025-10-18 04:33:35.362,106571.44,5e-05,5.328572
2025-10-18 04:33:35.437,106577.6,5e-05,5.328880000000001
2025-10-18 04:33:35.470,106578.0,0.00011,11.72358
2025-10-18 04:33:36.205,106578.0,5e-05,5.3289
2025-10-18 04:33:37.062,106578.0,8e-05,8.526240000000001
2025-10-18 04:33:39.173,106578.0,0.00224,238.73471999999998
2025-10-18 04:33:40.703,106577.99,0.10932,11651.1058668
2025-10-18 04:33:40.847,106578.0,0.00151,160.93278
2025-10-18 04:33:40.887,106578.0,0.00939,1000.7674200000001
2025-10-18 04:33:41.338,106578.0,0.00033,35.17074
2025-10-18 04:33:41.719,106577.99,0.00499,531.8241701
2025-10-18 04:33:41.738,106578.0,0.02346,2500.31988
2025-10-18 04:33:41.939,106577.99,0.00082,87.3939518
2025-10-18 04:33:42.797,106578.0,0.01716,1828.87848
2025-10-18 04:33:42.801,106582.7,5e-05,5.329135
2025-10-18 04:33:42.815,106590.0,0.0026,277.134
2025-10-18 04:33:42.836,106593.99,0.01876,1999.7032523999999
2025-10-18 04:33:42.843,106593.99,0.00939,1000.9175661000002
2025-10-18 04:33:42.928,106593.99,0.00058,61.8245142
2025-10-18 04:33:42.992,106593.98,0.46906,49998.97225879999
2025-10-18 04:33:43.706,106593.98,5e-05,5.329699
2025-10-18 04:33:44.780,106593.99,0.00045,47.9672955
2025-10-18 04:33:45.129,106593.98,9e-05,9.5934582
2025-10-18 04:33:46.032,106593.99,0.00187,199.3307613
2025-10-18 04:33:46.103,106593.99,0.096,10233.02304
2025-10-18 04:33:46.211,106593.99,0.01502,1601.0417298000002
2025-10-18 04:33:49.231,106593.98,0.0042,447.69471599999997
2025-10-18 04:33:49.271,106593.99,0.00053,56.4948147
2025-10-18 04:33:51.319,106593.99,0.00563,600.1241636999999
2025-10-18 04:33:51.777,106593.98,0.00281,299.52908379999997
2025-10-18 04:33:52.372,106593.99,0.02345,2499.6290655
2025-10-18 04:33:52.820,106593.99,0.01688,1799.3065512
2025-10-18 04:33:53.766,106593.99,0.0038,405.057162
2025-10-18 04:33:53.812,106593.98,0.00042,44.7694716
2025-10-18 04:33:54.991,106593.99,0.00011,11.7253389
2025-10-18 04:33:58.048,106593.99,0.0001,10.659399
2025-10-18 04:33:58.847,106593.99,0.00037,39.4397763
2025-10-18 04:33:59.662,106593.98,0.00022,23.4506756
2025-10-18 04:34:01.213,106593.99,0.00019,20.2528581
2025-10-18 04:34:01.224,106593.99,0.00093,99.13241070000001
2025-10-18 04:34:03.405,106593.99,0.01823,1943.2084377
2025-10-18 04:34:03.940,106593.98,0.00017,18.120976600000002
2025-10-18 04:34:04.130,106593.98,6e-05,6.3956387999999995
2025-10-18 04:34:05.187,106593.99,0.00055,58.626694500000006
2025-10-18 04:34:07.805,106593.99,0.00114,121.5171486
2025-10-18 04:34:08.118,106593.99,0.00375,399.7274625
2025-10-18 04:34:08.654,106593.99,0.00011,11.7253389
2025-10-18 04:34:08.866,106593.99,0.00274,292.0675326
2025-10-18 04:34:10.239,106593.98,0.00244,260.0893112
2025-10-18 04:34:11.345,106593.98,0.00019,20.2528562
2025-10-18 04:34:12.049,106593.98,0.0013,138.572174
2025-10-18 04:34:12.160,106592.97,0.04263,4544.0583111000005
2025-10-18 04:34:12.161,106591.91,0.00015,15.9887865
2025-10-18 04:34:12.165,106591.9,5e-05,5.329595
2025-10-18 04:34:12.167,106591.9,0.00085,90.60311499999999
2025-10-18 04:34:12.173,106589.72,0.00405,431.688366
2025-10-18 04:34:12.182,106588.7,0.003,319.7661
2025-10-18 04:34:12.767,106588.71,0.00451,480.7150821
2025-10-18 04:34:13.040,106588.71,0.00094,100.1933874
2025-10-18 04:34:13.915,106588.71,0.00039,41.5695969
2025-10-18 04:34:14.371,106588.71,0.00093,99.12750030000001
2025-10-18 04:34:15.432,106588.71,0.00085,90.6004035
2025-10-18 04:34:15.532,106588.7,9e-05,9.592983
2025-10-18 04:34:15.615,106596.33,0.00015,15.9894495
2025-10-18 04:34:15.789,106596.34,0.00079,84.2111086
2025-10-18 04:34:16.318,106596.34,0.00282,300.6016788
2025-10-18 04:34:16.319,106596.34,0.00015,15.989450999999997
2025-10-18 04:34:16.347,106596.34,7e-05,7.461743799999999
2025-10-18 04:34:16.381,106596.34,0.00016,17.0554144
2025-10-18 04:34:16.382,106596.34,0.00047,50.100279799999996
2025-10-18 04:34:16.493,106596.34,0.00038,40.5066092
2025-10-18 04:34:16.510,106596.34,0.00029,30.9129386
2025-10-18 04:34:16.682,106596.34,0.00013,13.857524199999999
2025-10-18 04:34:16.762,106596.34,8e-05,8.5277072
2025-10-18 04:34:16.839,106596.34,0.00061,65.0237674
2025-10-18 04:34:17.260,106596.33,0.00051,54.364128300000004
2025-10-18 04:34:17.392,106596.34,0.00282,300.6016788
2025-10-18 04:34:17.618,106596.34,0.00029,30.9129386
2025-10-18 04:34:17.687,106596.34,0.00019,20.2533046
2025-10-18 04:34:17.691,106596.34,0.00094,100.20055959999999
2025-10-18 04:34:17.832,106596.34,0.0001,10.659634
2025-10-18 04:34:17.932,106596.34,0.00018,19.187341200000002
2025-10-18 04:34:18.018,106596.34,0.00235,250.501399
2025-10-18 04:34:18.375,106596.34,0.0002,21.319268
2025-10-18 04:34:18.425,106596.34,0.0001,10.659634
2025-10-18 04:34:18.710,106596.34,7e-05,7.461743799999999
2025-10-18 04:34:18.893,106596.34,0.01001,1067.0293634
2025-10-18 04:34:19.379,106596.33,0.00544,579.8840352000001
2025-10-18 04:34:19.621,106596.34,0.00018,19.187341200000002
2025-10-18 04:34:20.111,106596.34,0.00236,251.5673624
2025-10-18 04:34:20.615,106596.33,0.00088,93.80477040000001
2025-10-18 04:34:20.831,106596.34,0.00415,442.37481099999997
2025-10-18 04:34:20.856,106596.34,0.00149,158.82854659999998
2025-10-18 04:34:20.862,106596.33,0.00442,471.1557786
2025-10-18 04:34:20.918,106596.34,0.00064,68.2216576
2025-10-18 04:34:22.104,106596.34,0.00329,350.7019586
2025-10-18 04:34:22.696,106596.34,0.00011,11.7255974
2025-10-18 04:34:22.886,106596.34,0.00469,499.93683459999994
2025-10-18 04:34:22.933,106596.34,0.0006,63.95780399999999
2025-10-18 04:34:23.404,106596.34,0.00097,103.39844980000001
2025-10-18 04:34:23.586,106596.34,6e-05,6.3957804
2025-10-18 04:34:24.933,106596.34,0.00012,12.7915608
2025-10-18 04:34:25.083,106596.34,0.0001,10.659634
2025-10-18 04:34:25.148,106596.34,0.0001,10.659634
2025-10-18 04:34:25.225,106596.34,0.00024,25.5831216
2025-10-18 04:34:25.262,106596.34,0.0001,10.659634
2025-10-18 04:34:25.541,106596.34,0.0006,63.95780399999999
2025-10-18 04:34:25.739,106596.33,0.00331,352.8338523
2025-10-18 04:34:25.754,106596.34,0.00047,50.100279799999996
2025-10-18 04:34:27.168,106596.34,5e-05,5.329817
2025-10-18 04:34:28.418,106596.34,0.0002,21.319268
2025-10-18 04:34:28.871,106596.33,5e-05,5.329816500000001
2025-10-18 04:34:29.095,106596.33,0.00094,100.2005502
2025-10-18 04:34:29.769,106596.34,9e-05,9.593670600000001
2025-10-18 04:34:30.230,106596.34,0.00023,24.5171582
2025-10-18 04:34:31.105,106596.33,0.00079,84.2111007
2025-10-18 04:34:34.429,106596.34,0.00093,99.1345962
2025-10-18 04:34:35.001,106596.34,0.00046,49.0343164
2025-10-18 04:34:35.141,106596.34,0.00085,90.606889
2025-10-18 04:34:35.518,106596.33,0.00024,25.583119200000002
2025-10-18 04:34:38.141,106596.34,0.00188,200.40111919999998
2025-10-18 04:34:39.745,106596.34,0.00094,100.20055959999999
2025-10-18 04:34:43.832,106596.33,0.0004,42.638532000000005
2025-10-18 04:34:44.126,106596.34,0.00046,49.0343164
2025-10-18 04:34:44.638,106596.34,0.00016,17.0554144
2025-10-18 04:34:45.544,106596.34,9e-05,9.593670600000001
2025-10-18 04:34:48.258,106596.34,0.0011,117.25597400000001
2025-10-18 04:34:48.496,106596.33,0.00182,194.0053206
2025-10-18 04:34:50.035,106596.33,0.0067,714.195411
2025-10-18 04:34:50.327,106596.34,0.00494,526.5859196
2025-10-18 04:34:50.832,106596.34,0.00023,24.5171582
2025-10-18 04:34:52.847,106596.34,0.0001,10.659634
2025-10-18 04:34:53.902,106596.34,0.00028,29.846975199999996
2025-10-18 04:34:54.373,106596.34,0.00056,59.69395039999999
2025-10-18 04:34:54.638,106596.34,0.00067,71.4195478
2025-10-18 04:34:55.343,106596.34,5e-05,5.329817
2025-10-18 04:34:55.378,106596.34,0.00935,996.675779
2025-10-18 04:34:55.512,106596.34,0.0006,63.95780399999999
2025-10-18 04:34:56.233,106596.34,0.00019,20.2533046
2025-10-18 04:34:57.640,106596.33,0.00029,30.912935700000002
2025-10-18 04:34:57.808,106596.34,5e-05,5.329817
2025-10-18 04:34:58.591,106596.33,0.00099,105.5303667
2025-10-18 04:34:58.592,106596.33,0.00067,71.4195411
2025-10-18 04:34:58.615,106596.33,0.00026,27.7150458
2025-10-18 04:34:59.447,106596.34,0.0001,10.659634
2025-10-18 04:35:00.480,106596.34,0.00209,222.78635059999996
2025-10-18 04:35:01.403,106596.34,0.00014,14.923487599999998
2025-10-18 04:35:01.417,106596.34,0.00011,11.7255974
2025-10-18 04:35:02.312,106596.33,7e-05,7.4617431
2025-10-18 04:35:04.371,106596.33,0.00027,28.781009100000002
2025-10-18 04:35:04.797,106596.34,0.00045,47.968353
2025-10-18 04:35:04.844,106596.34,0.00232,247.3035088
2025-10-18 04:35:05.293,106593.82,0.01102,1174.6638964
2025-10-18 04:35:05.294,106591.32,0.01139,1214.0751348000001
2025-10-18 04:35:05.300,106590.22,0.00015,15.988532999999999
2025-10-18 04:35:05.304,106590.21,0.00035,37.3065735
2025-10-18 04:35:05.315,106587.18,0.00015,15.988076999999997
2025-10-18 04:35:05.317,106585.99,0.013,1385.61787
2025-10-18 04:35:05.322,106585.99,0.00804,856.9513596
2025-10-18 04:35:05.342,106585.01,0.0002,21.317002
2025-10-18 04:35:05.347,106583.71,0.00015,15.9875565
2025-10-18 04:35:05.385,106580.58,5e-05,5.329029
2025-10-18 04:35:06.315,106572.38,0.0001,10.657238000000001
2025-10-18 04:35:06.416,106568.02,0.001,106.56802
2025-10-18 04:35:06.418,106568.02,0.001,106.56802
2025-10-18 04:35:06.905,106568.02,0.013,1385.38426
2025-10-18 04:35:06.907,106568.02,0.013,1385.38426
2025-10-18 04:35:07.936,106568.02,0.013,1385.38426
2025-10-18 04:35:07.937,106568.02,0.013,1385.38426
2025-10-18 04:35:08.432,106568.03,0.0265,2824.052795
2025-10-18 04:35:08.632,106568.03,0.0014,149.195242
2025-10-18 04:35:08.947,106568.02,0.013,1385.38426
2025-10-18 04:35:09.449,106568.03,0.00149,158.7863647
2025-10-18 04:35:09.783,106568.03,0.00011,11.7224833
2025-10-18 04:35:09.866,106568.02,0.013,1385.38426
2025-10-18 04:35:09.868,106568.02,0.013,1385.38426
2025-10-18 04:35:10.852,106568.02,0.013,1385.38426
2025-10-18 04:35:11.033,106568.02,0.01501,1599.5859802000002
2025-10-18 04:35:11.404,106568.02,0.00099,105.5023398
2025-10-18 04:35:11.551,106568.02,0.00099,105.5023398
2025-10-18 04:35:11.665,106568.02,0.00204,217.39876080000002
2025-10-18 04:35:13.043,106568.03,0.0001,10.656803
2025-10-18 04:35:13.681,106568.02,0.013,1385.38426
2025-10-18 04:35:13.714,106568.02,0.075,7992.6015
2025-10-18 04:35:13.977,106568.02,0.013,1385.38426
2025-10-18 04:35:15.623,106568.03,0.0005,53.284015000000004
2025-10-18 04:35:16.886,106568.03,0.00094,100.1739482
2025-10-18 04:35:17.610,106568.03,0.00123,131.0786769
2025-10-18 04:35:17.710,106568.03,8e-05,8.525442400000001
2025-10-18 04:35:18.181,106568.03,0.0141,1502.609223
2025-10-18 04:35:18.625,106568.03,0.01387,1478.0985761
2025-10-18 04:35:19.371,106568.03,0.0001,10.656803
2025-10-18 04:35:19.578,106568.03,8e-05,8.525442400000001
2025-10-18 04:35:20.064,106568.02,0.00512,545.6282624
2025-10-18 04:35:20.140,106568.03,0.34581,36852.2904543
2025-10-18 04:35:20.964,106568.03,8e-05,8.525442400000001
2025-10-18 04:35:21.091,106568.02,9e-05,9.591121800000002
2025-10-18 04:35:21.927,106568.03,0.00014,14.919524199999998
2025-10-18 04:35:22.089,106568.02,8e-05,8.5254416
2025-10-18 04:35:22.817,106568.02,0.0001,10.656802
2025-10-18 04:35:23.027,106568.02,0.00022,23.444964400000003
2025-10-18 04:35:23.950,106568.21,0.0001,10.656821
2025-10-18 04:35:23.952,106568.78,0.0001,10.656878
2025-10-18 04:35:23.953,106571.99,5e-05,5.3285995
2025-10-18 04:35:23.954,106580.01,0.01107,1179.8407107
2025-10-18 04:35:24.015,106582.86,5e-05,5.329143
2025-10-18 04:35:24.186,106584.21,0.00013,13.8559473
2025-10-18 04:35:24.269,106585.06,5e-05,5.3292530000000005
2025-10-18 04:35:24.276,106584.24,0.0007,74.608968
2025-10-18 04:35:24.292,106593.5,6e-05,6.3956100000000005
2025-10-18 04:35:25.426,106593.93,0.01175,1252.4786775
2025-10-18 04:35:25.821,106593.92,9e-05,9.5934528
2025-10-18 04:35:25.884,106593.92,0.01397,1489.1170624
2025-10-18 04:35:27.315,106593.93,5e-05,5.3296965
2025-10-18 04:35:29.537,106593.93,0.00554,590.5303722
2025-10-18 04:35:29.538,106593.93,0.00211,224.91319229999996
2025-10-18 04:35:34.782,106593.92,9e-05,9.5934528
2025-10-18 04:35:34.980,106593.93,0.00343,365.61717989999994
2025-10-18 04:35:35.165,106593.93,0.00407,433.83729509999995
2025-10-18 04:35:35.461,106593.92,8e-05,8.5275136
2025-10-18 04:35:35.602,106593.92,8e-05,8.5275136
2025-10-18 04:35:35.943,106593.93,0.00151,160.9568343
2025-10-18 04:35:36.758,106593.93,0.01876,1999.7021267999999
2025-10-18 04:35:37.162,106593.92,0.00072,76.7476224
2025-10-18 04:35:37.233,106593.92,9e-05,9.5934528
2025-10-18 04:35:37.275,106593.92,9e-05,9.5934528
2025-10-18 04:35:37.491,106593.92,9e-05,9.5934528
2025-10-18 04:35:37.506,106593.92,8e-05,8.5275136
2025-10-18 04:35:38.131,106593.92,0.14381,15329.271635199999
2025-10-18 04:35:38.363,106593.93,0.00091,97.00047629999999
2025-10-18 04:35:38.807,106593.92,8e-05,8.5275136
2025-10-18 04:35:39.202,106593.92,8e-05,8.5275136
2025-10-18 04:35:39.210,106593.93,0.00028,29.846300399999997
2025-10-18 04:35:40.210,106593.93,0.00034,36.2419362
2025-10-18 04:35:40.519,106593.92,0.00186,198.26469120000002
2025-10-18 04:35:41.579,106593.93,0.0001,10.659393
2025-10-18 04:35:41.587,106593.93,5e-05,5.3296965
2025-10-18 04:35:41.659,106593.93,0.00106,112.9895658
2025-10-18 04:35:41.660,106593.92,8e-05,8.5275136
2025-10-18 04:35:41.980,106593.92,0.02021,2154.2631232
2025-10-18 04:35:42.366,106593.93,0.00082,87.40702259999999
2025-10-18 04:35:42.367,106593.93,0.00082,87.40702259999999
2025-10-18 04:35:42.368,106593.93,0.00937,998.7851241
2025-10-18 04:35:43.147,106593.93,0.00303,322.9796079
2025-10-18 04:35:43.762,106593.93,0.00305,325.1114865
2025-10-18 04:35:44.329,106593.92,6e-05,6.3956352
2025-10-18 04:35:44.582,106593.92,0.00046,49.0332032
2025-10-18 04:35:44.943,106593.92,7e-05,7.461574399999999
2025-10-18 04:35:45.287,106593.92,0.18762,19999.1512704
2025-10-18 04:35:45.966,106593.93,0.00331,352.8259083
2025-10-18 04:35:46.240,106593.93,0.00938,999.8510633999999
2025-10-18 04:35:47.231,106593.92,0.00016,17.0550272
2025-10-18 04:35:47.269,106593.92,8e-05,8.5275136
2025-10-18 04:35:47.755,106593.92,8e-05,8.5275136
2025-10-18 04:35:47.862,106593.93,0.00062,66.0882366
2025-10-18 04:35:48.384,106593.93,0.00108,115.12144439999999
2025-10-18 04:35:49.314,106593.92,0.0001,10.659392
2025-10-18 04:35:49.363,106593.92,0.00185,197.198752
2025-10-18 04:35:49.569,106593.93,0.008,852.75144
2025-10-18 04:35:49.729,106593.93,0.00469,499.92553169999996
2025-10-18 04:35:49.988,106593.93,0.0001,10.659393
2025-10-18 04:35:50.427,106593.93,0.00779,830.3667147
2025-10-18 04:35:50.673,106593.92,8e-05,8.5275136
2025-10-18 04:35:50.856,106593.93,9e-05,9.5934537
2025-10-18 04:35:51.466,106593.93,0.00042,44.7694506
2025-10-18 04:35:51.585,106593.93,0.00168,179.0778024
2025-10-18 04:35:53.802,106593.93,0.00117,124.7148981
2025-10-18 04:35:53.972,106593.92,7e-05,7.461574399999999
2025-10-18 04:35:54.425,106593.93,0.00035,37.307875499999994
2025-10-18 04:35:54.670,106593.92,9e-05,9.5934528
2025-10-18 04:35:55.866,106593.93,0.0061,650.222973
2025-10-18 04:35:56.439,106593.92,0.0001,10.659392
2025-10-18 04:35:56.958,106593.92,0.00125,133.2424
2025-10-18 04:35:58.131,106593.93,0.01014,1080.8624501999998
2025-10-18 04:35:58.478,106593.93,0.00101,107.6598693
2025-10-18 04:35:58.645,106593.93,0.09562,10192.5115866
2025-10-18 04:35:58.888,106593.92,0.00469,499.92548479999994
2025-10-18 04:35:58.939,106593.93,0.00101,107.6598693
2025-10-18 04:35:58.942,106593.93,9e-05,9.5934537
2025-10-18 04:35:58.947,106593.93,8e-05,8.5275144
2025-10-18 04:35:59.073,106593.93,0.00042,44.7694506
2025-10-18 04:36:00.166,106593.93,0.00011,11.7253323
2025-10-18 04:36:01.059,106593.93,0.00209,222.78131369999997
2025-10-18 04:36:01.499,106593.93,0.0001,10.659393
2025-10-18 04:36:01.685,106593.93,0.0047,500.991471
2025-10-18 04:36:02.333,106593.93,0.0001,10.659393
2025-10-18 04:36:02.615,106593.93,0.00018,19.1869074
2025-10-18 04:36:03.211,106593.93,0.01876,1999.7021267999999
2025-10-18 04:36:03.530,106593.93,5e-05,5.3296965
2025-10-18 04:36:03.595,106593.93,0.00316,336.8368188
2025-10-18 04:36:04.256,106593.92,8e-05,8.5275136
2025-10-18 04:36:04.424,106593.92,0.0005,53.29696
2025-10-18 04:36:04.681,106593.93,0.01445,1540.2822884999998
2025-10-18 04:36:04.685,106593.93,0.01876,1999.7021267999999
2025-10-18 04:36:04.705,106596.33,0.00026,27.7150458
2025-10-18 04:36:04.712,106596.33,9e-05,9.593669700000001
2025-10-18 04:36:05.833,106596.34,0.00014,14.923487599999998
2025-10-18 04:36:06.032,106596.33,0.00021,22.385229300000002
2025-10-18 04:36:06.358,106596.33,0.0001,10.659633000000001
2025-10-18 04:36:07.281,106596.33,0.004,426.38532000000004
2025-10-18 04:36:07.611,106596.33,0.0002,21.319266000000002
2025-10-18 04:36:08.069,106596.34,0.00495,527.651883
2025-10-18 04:36:08.317,106596.34,0.00143,152.4327662
2025-10-18 04:36:08.880,106596.33,0.00398,424.2533934
2025-10-18 04:36:09.001,106596.34,0.00259,276.08452059999996
2025-10-18 04:36:11.679,106596.34,0.00028,29.846975199999996
2025-10-18 04:36:11.724,106596.34,0.00134,142.8390956
2025-10-18 04:36:11.927,106596.33,0.00028,29.8469724
2025-10-18 04:36:12.058,106596.33,0.01895,2020.0004535000003
2025-10-18 04:36:12.953,106596.34,0.00028,29.846975199999996
2025-10-18 04:36:13.178,106596.33,0.42432,45230.9547456
2025-10-18 04:36:13.180,106596.19,0.0002,21.319238000000002
2025-10-18 04:36:13.186,106595.17,0.0009,95.935653
2025-10-18 04:36:13.195,106593.92,0.013,1385.7209599999999
2025-10-18 04:36:13.198,106593.92,0.013,1385.7209599999999
2025-10-18 04:36:13.204,106593.92,0.013,1385.7209599999999
2025-10-18 04:36:13.210,106593.92,0.06466,6892.3628671999995
2025-10-18 04:36:13.218,106593.92,0.12602,13432.965798399999
2025-10-18 04:36:13.231,106593.8,0.00015,15.98907
2025-10-18 04:36:13.234,106593.0,0.0021,223.84529999999998
2025-10-18 04:36:13.240,106592.08,0.00339,361.3471512
2025-10-18 04:36:13.251,106592.07,0.00485,516.9715395000001
2025-10-18 04:36:13.277,106592.03,0.0001,10.659203
2025-10-18 04:36:14.170,106592.03,0.00046,49.0323338
2025-10-18 04:36:14.185,106592.03,0.00057,60.757457099999996
2025-10-18 04:36:14.224,106592.03,0.00028,29.845768399999997
2025-10-18 04:36:14.588,106592.03,0.0006,63.955217999999995
2025-10-18 04:36:14.954,106592.02,0.00021,22.384324200000002
2025-10-18 04:36:15.076,106592.02,0.00232,247.2934864
2025-10-18 04:36:15.078,106592.01,0.00115,122.5808115
2025-10-18 04:36:15.082,106591.89,0.0018,191.865402
2025-10-18 04:36:15.107,106590.23,5e-05,5.3295115
2025-10-18 04:36:15.747,106589.95,0.00125,133.2374375
2025-10-18 04:36:15.832,106589.95,0.001,106.58995
2025-10-18 04:36:15.933,106589.94,0.00023,24.5156862
2025-10-18 04:36:16.577,106589.94,8e-05,8.527195200000001
2025-10-18 04:36:16.604,106589.95,0.09381,9999.2032095
2025-10-18 04:36:17.416,106589.95,0.00402,428.491599
2025-10-18 04:36:17.725,106589.95,0.00015,15.988492499999998
2025-10-18 04:36:17.740,106589.95,0.00031,33.0428845
2025-10-18 04:36:17.832,106589.95,0.0001,10.658995
2025-10-18 04:36:17.891,106589.95,0.00011,11.7248945
2025-10-18 04:36:18.118,106589.95,0.00094,100.194553
2025-10-18 04:36:18.163,106589.95,0.00029,30.9110855
2025-10-18 04:36:18.262,106589.95,0.0001,10.658995
2025-10-18 04:36:18.463,106589.95,0.00019,20.2520905
2025-10-18 04:36:19.069,106589.95,0.00018,19.186191
2025-10-18 04:36:19.447,106589.95,0.00062,66.085769
2025-10-18 04:36:19.813,106589.95,0.00094,100.194553
2025-10-18 04:36:19.847,106589.95,8e-05,8.527196
2025-10-18 04:36:20.182,106589.94,0.001,106.58994
2025-10-18 04:36:20.183,106589.94,0.001,106.58994
2025-10-18 04:36:20.184,106589.94,0.001,106.58994
2025-10-18 04:36:20.483,106589.95,0.0001,10.658995
2025-10-18 04:36:20.519,106589.95,0.00011,11.7248945
2025-10-18 04:36:20.569,106589.94,0.00501,534.0155993999999
2025-10-18 04:36:20.737,106589.94,0.00408,434.88695520000005
2025-10-18 04:36:21.802,106589.95,0.0014,149.22593
2025-10-18 04:36:22.258,106589.94,0.00023,24.5156862
2025-10-18 04:36:22.583,106589.95,0.00076,81.008362
2025-10-18 04:36:22.786,106589.95,0.00011,11.7248945
2025-10-18 04:36:23.169,106589.94,0.01657,1766.1953058000001
2025-10-18 04:36:23.692,106589.94,0.00093,99.12864420000001
2025-10-18 04:36:24.695,106589.94,8e-05,8.527195200000001
2025-10-18 04:36:25.174,106589.95,0.00025,26.6474875
2025-10-18 04:36:26.832,106589.95,0.00168,179.071116
2025-10-18 04:36:26.970,106589.95,0.001,106.58995
2025-10-18 04:36:27.361,106589.95,0.00971,1034.9884144999999
2025-10-18 04:36:29.101,106589.94,0.0001,10.658994
2025-10-18 04:36:30.808,106589.95,0.0004,42.63598
2025-10-18 04:36:30.937,106589.94,9e-05,9.5930946
2025-10-18 04:36:32.142,106589.95,0.00624,665.1212879999999
2025-10-18 04:36:32.143,106589.95,0.00343,365.6035285
2025-10-18 04:36:32.666,106589.94,0.00077,82.0742538
2025-10-18 04:36:32.677,106589.94,0.0008,85.271952
2025-10-18 04:36:32.968,106589.95,0.00065,69.2834675
2025-10-18 04:36:33.321,106589.95,0.07648,8151.999376000001
2025-10-18 04:36:33.682,106589.94,0.005,532.9497
2025-10-18 04:36:34.566,106589.95,0.00167,178.0052165
2025-10-18 04:36:35.488,106589.94,8e-05,8.527195200000001
2025-10-18 04:36:35.717,106589.95,0.00097,103.3922515
2025-10-18 04:36:36.447,106589.95,0.00013,13.856693499999999
2025-10-18 04:36:36.894,106589.94,0.0002,21.317988
2025-10-18 04:36:38.647,106589.95,0.01689,1800.3042554999997
2025-10-18 04:36:38.680,106589.95,0.01691,1802.4360545000002
2025-10-18 04:36:38.872,106589.95,0.00096,102.326352
2025-10-18 04:36:39.154,106589.94,0.0183,1950.595902
2025-10-18 04:36:39.555,106589.95,0.00932,993.418334
2025-10-18 04:36:40.055,106588.51,0.0001,10.658851
2025-10-18 04:36:40.056,106585.55,0.0417,4444.617435
2025-10-18 04:36:40.060,106585.55,0.0001,10.658555000000002
2025-10-18 04:36:40.061,106583.06,0.03311,3528.9651166
2025-10-18 04:36:40.074,106583.05,0.0009,95.924745
2025-10-18 04:36:40.076,106580.01,0.00015,15.987001499999998
2025-10-18 04:36:41.027,106580.01,0.00469,499.86024689999994
2025-10-18 04:36:41.215,106580.0,0.00032,34.1056
2025-10-18 04:36:41.883,106580.01,0.00037,39.4346037
2025-10-18 04:36:42.469,106580.0,0.00018,19.1844
2025-10-18 04:36:43.067,106580.01,0.0068,724.744068
2025-10-18 04:36:43.310,106580.01,0.00094,100.18520939999999
2025-10-18 04:36:44.188,106580.0,0.0045,479.60999999999996
2025-10-18 04:36:44.259,106580.0,0.00192,204.6336
2025-10-18 04:36:44.876,106580.0,9e-05,9.5922
2025-10-18 04:36:45.046,106580.0,0.00093,99.1194
2025-10-18 04:36:45.231,106580.01,0.00077,82.06660769999999
2025-10-18 04:36:45.764,106580.01,0.00651,693.8358651
2025-10-18 04:36:49.221,106580.0,0.00467,497.7286
2025-10-18 04:36:49.222,106580.0,0.013,1385.54
2025-10-18 04:36:50.490,106580.0,0.0001,10.658000000000001
2025-10-18 04:36:50.590,106580.0,0.00013,13.8554
2025-10-18 04:36:50.961,106580.01,0.00748,797.2184748
2025-10-18 04:36:51.197,106580.01,0.02046,2180.6270046
2025-10-18 04:36:51.249,106580.01,0.00643,685.3094643
2025-10-18 04:36:51.278,106580.01,0.00313,333.5954313
2025-10-18 04:36:51.299,106580.0,0.0001,10.658000000000001
2025-10-18 04:36:51.332,106580.01,0.00094,100.18520939999999
2025-10-18 04:36:51.373,106580.01,0.2585,27550.932585
2025-10-18 04:36:51.378,106580.01,0.02383,2539.8016383
2025-10-18 04:36:51.379,106580.01,0.005,532.90005
2025-10-18 04:36:51.383,106580.01,0.052,5542.160519999999
2025-10-18 04:36:51.645,106580.0,0.00609,649.0722
2025-10-18 04:36:51.806,106580.01,0.00145,154.5410145
2025-10-18 04:36:52.031,106580.0,0.00036,38.3688
2025-10-18 04:36:52.154,106580.0,8e-05,8.5264
2025-10-18 04:36:52.222,106580.01,0.00529,563.8082529000001
2025-10-18 04:36:52.383,106580.0,0.01234,1315.1972
2025-10-18 04:36:52.566,106580.01,0.00016,17.052801600000002
2025-10-18 04:36:53.958,106580.0,0.0008,85.26400000000001
2025-10-18 04:36:53.984,106580.0,0.00077,82.0666
2025-10-18 04:36:54.242,106580.0,0.00097,103.38260000000001
2025-10-18 04:36:54.504,106580.01,0.00039,41.5662039
2025-10-18 04:36:55.203,106580.01,5e-05,5.3290005
2025-10-18 04:36:55.272,106580.01,0.001,106.58001
2025-10-18 04:36:56.564,106580.01,0.00046,49.0268046
2025-10-18 04:36:56.681,106580.0,0.00057,60.7506
2025-10-18 04:36:56.919,106580.01,0.01662,1771.3597661999997
2025-10-18 04:36:57.764,106580.0,0.00046,49.0268
2025-10-18 04:36:57.895,106580.0,0.01,1065.8
2025-10-18 04:36:59.803,106580.0,0.0001,10.658000000000001
2025-10-18 04:36:59.958,106580.01,0.00144,153.4752144
2025-10-18 04:36:59.980,106580.0,0.00013,13.8554
2025-10-18 04:37:00.254,106580.01,0.00363,386.8854363
2025-10-18 04:37:01.019,106580.01,0.0001,10.658001
2025-10-18 04:37:01.450,106580.01,0.00019,20.2502019
2025-10-18 04:37:01.981,106580.01,0.00038,40.5004038
2025-10-18 04:37:02.068,106580.01,0.00047,50.092604699999995
2025-10-18 04:37:02.516,106580.01,0.0013,138.554013
2025-10-18 04:37:02.632,106580.0,0.00012,12.7896
2025-10-18 04:37:04.255,106580.01,0.01562,1664.7797561999998
2025-10-18 04:37:04.288,106580.0,0.01435,1529.423
2025-10-18 04:37:04.319,106580.0,0.00049,52.224199999999996
2025-10-18 04:37:04.552,106580.0,0.00312,332.5296
2025-10-18 04:37:07.034,106580.0,0.00041,43.6978
2025-10-18 04:37:07.300,106580.01,0.00562,598.9796562
2025-10-18 04:37:08.572,106580.01,0.0007,74.60600699999999
2025-10-18 04:37:09.393,106580.01,0.001,106.58001
2025-10-18 04:37:10.031,106580.01,0.00017,18.1186017
2025-10-18 04:37:10.482,106580.01,0.00019,20.2502019
2025-10-18 04:37:10.595,106580.0,0.00094,100.1852
2025-10-18 04:37:11.073,106580.0,0.00045,47.961
2025-10-18 04:37:11.075,106580.0,0.00045,47.961
2025-10-18 04:37:11.076,106580.0,0.0014,149.212
2025-10-18 04:37:11.127,106580.0,0.00041,43.6978
2025-10-18 04:37:11.473,106580.0,0.01071,1141.4718
2025-10-18 04:37:11.913,106580.01,0.00049,52.2242049
2025-10-18 04:37:12.381,106580.0,6e-05,6.3948
2025-10-18 04:37:13.241,106580.01,0.04993,5321.5398993
2025-10-18 04:37:14.062,106580.01,0.05693,6067.599969299999
2025-10-18 04:37:14.542,106580.01,0.04691,4999.6682691
2025-10-18 04:37:15.072,106580.0,0.0008,85.26400000000001
2025-10-18 04:37:15.076,106580.01,0.00041,43.6978041
2025-10-18 04:37:15.147,106580.0,0.00077,82.0666
2025-10-18 04:37:15.629,106580.0,0.00028,29.842399999999998
2025-10-18 04:37:16.733,106580.01,0.0003,31.974002999999996
2025-10-18 04:37:17.042,106580.0,0.0995,10604.710000000001
2025-10-18 04:37:17.375,106580.0,0.0001,10.658000000000001
2025-10-18 04:37:17.440,106580.01,0.0008,85.264008
2025-10-18 04:37:17.593,106580.0,0.00312,332.5296
2025-10-18 04:37:18.186,106580.0,0.00934,995.4572
2025-10-18 04:37:18.195,106580.01,0.04767,5080.669076699999
2025-10-18 04:37:18.198,106582.86,5e-05,5.329143
2025-10-18 04:37:18.213,106584.21,0.00035,37.3044735
2025-10-18 04:37:18.483,106584.26,0.00085,90.59662099999998
2025-10-18 04:37:18.601,106584.26,0.08021,8549.1234946
2025-10-18 04:37:20.023,106584.26,0.00199,212.1026774
2025-10-18 04:37:20.987,106584.27,0.02006,2138.0804562000003
2025-10-18 04:37:21.816,106584.26,0.00492,524.3945592
2025-10-18 04:37:22.338,106584.26,0.00749,798.3161074
2025-10-18 04:37:23.577,106584.26,0.01979,2109.3025053999995
2025-10-18 04:37:25.375,106584.27,0.00011,11.7242697
2025-10-18 04:37:26.275,106584.27,0.00264,281.3824728
2025-10-18 04:37:26.392,106584.26,0.00093,99.1233618
2025-10-18 04:37:26.407,106584.26,0.00181,192.91751059999999
2025-10-18 04:37:26.412,106584.26,0.00667,710.9170141999999
2025-10-18 04:37:26.479,106584.26,0.01583,1687.2288357999998
2025-10-18 04:37:26.503,106584.27,0.00023,24.514382100000002
2025-10-18 04:37:27.308,106584.27,0.00289,308.02854030000003
2025-10-18 04:37:27.765,106584.27,0.00187,199.3125849
2025-10-18 04:37:28.448,106584.27,0.00023,24.514382100000002
2025-10-18 04:37:28.784,106584.27,0.03059,3260.4128193
2025-10-18 04:37:28.930,106584.27,4e-05,4.263370800000001
2025-10-18 04:37:29.242,106584.26,0.00118,125.7694268
2025-10-18 04:37:29.619,106584.26,5e-05,5.329213
2025-10-18 04:37:30.182,106584.26,0.00324,345.33300239999994
2025-10-18 04:37:30.360,106584.26,0.01688,1799.1423088
2025-10-18 04:37:30.386,106584.26,0.0002,21.316852
2025-10-18 04:37:30.503,106584.26,0.00028,29.843592799999996
2025-10-18 04:37:30.582,106584.27,0.00106,112.9793262
2025-10-18 04:37:30.839,106584.26,0.00111,118.3085286
2025-10-18 04:37:31.218,106584.26,0.0001,10.658426
2025-10-18 04:37:31.487,106584.26,0.00115,122.57189899999999
2025-10-18 04:37:31.610,106584.26,0.02293,2443.9770817999997
2025-10-18 04:37:32.098,106584.27,0.00937,998.6946099
2025-10-18 04:37:32.224,106584.27,0.11148,11882.0144196
2025-10-18 04:37:33.807,106584.27,5e-05,5.329213500000001
2025-10-18 04:37:34.272,106584.26,0.00021,22.3826946
2025-10-18 04:37:34.292,106584.26,0.0002,21.316852
2025-10-18 04:37:34.532,106584.26,0.00161,171.6006586
2025-10-18 04:37:35.062,106584.27,0.00038,40.502022600000004
2025-10-18 04:37:35.492,106584.27,8e-05,8.526741600000001
2025-10-18 04:37:36.040,106584.27,0.00026,27.7119102
2025-10-18 04:37:37.638,106584.26,0.00026,27.711907599999996
2025-10-18 04:37:39.285,106584.26,0.00088,93.7941488
2025-10-18 04:37:39.398,106584.27,0.0025,266.46067500000004
2025-10-18 04:37:39.671,106584.27,0.00042,44.7653934
2025-10-18 04:37:40.139,106584.27,0.0001,10.658427000000001
2025-10-18 04:37:40.486,106584.26,0.00037,39.4361762
2025-10-18 04:37:40.974,106584.27,0.00133,141.7570791
2025-10-18 04:37:42.056,106584.26,0.00261,278.1849186
2025-10-18 04:37:43.019,106584.26,0.00939,1000.8262014000001
2025-10-18 04:37:43.284,106584.27,0.00067,71.41146090000001
2025-10-18 04:37:44.231,106584.26,0.00407,433.7979382
2025-10-18 04:37:44.817,106584.26,0.00014,14.921796399999998
2025-10-18 04:37:47.383,106584.27,0.00047,50.0946069
2025-10-18 04:37:49.133,106584.26,5e-05,5.329213
2025-10-18 04:37:49.824,106584.26,0.00018,19.1851668
2025-10-18 04:37:50.148,106584.27,0.01501,1599.8298927
2025-10-18 04:37:52.509,106584.27,0.05,5329.213500000001
2025-10-18 04:37:52.931,106584.27,0.00016,17.053483200000002
2025-10-18 04:37:54.338,106584.26,0.00104,110.84763039999999
2025-10-18 04:37:55.014,106584.27,0.00019,20.251011300000002
2025-10-18 04:37:55.729,106584.27,0.00093,99.12337110000001
2025-10-18 04:37:55.948,106584.27,0.00094,100.1892138
2025-10-18 04:37:56.027,106584.26,0.00023,24.5143798
2025-10-18 04:37:56.175,106584.26,0.00083,88.46493579999999
2025-10-18 04:37:58.150,106584.27,5e-05,5.329213500000001
2025-10-18 04:37:58.719,106584.27,9e-05,9.5925843
2025-10-18 04:37:59.042,106584.27,0.00047,50.0946069
2025-10-18 04:37:59.192,106584.27,0.00021,22.3826967
2025-10-18 04:38:00.122,106584.26,9e-05,9.5925834
2025-10-18 04:38:00.140,106584.27,0.00018,19.1851686
2025-10-18 04:38:00.144,106584.27,0.00341,363.4523607
2025-10-18 04:38:01.018,106584.26,0.00127,135.36201020000001
2025-10-18 04:38:01.117,106584.27,0.0001,10.658427000000001
2025-10-18 04:38:01.194,106584.26,0.0045,479.62916999999993
2025-10-18 04:38:02.382,106584.26,0.00265,282.448289
2025-10-18 04:38:02.713,106584.27,0.00104,110.8476408
2025-10-18 04:38:02.946,106584.27,0.00469,499.8802263
2025-10-18 04:38:03.214,106584.27,0.00244,260.0656188
2025-10-18 04:38:04.457,106584.27,0.00936,997.6287672000001
2025-10-18 04:38:04.522,106584.27,0.0189,2014.4427030000002
2025-10-18 04:38:05.111,106584.27,0.001,106.58427
2025-10-18 04:38:05.169,106584.27,0.00105,111.9134835
2025-10-18 04:38:05.667,106584.27,5e-05,5.329213500000001
2025-10-18 04:38:07.684,106584.27,0.02814,2999.2813578
2025-10-18 04:38:07.808,106584.26,0.02961,3155.9599386
2025-10-18 04:38:07.843,106584.27,0.00096,102.3208992
2025-10-18 04:38:08.247,106584.26,0.00559,595.8060134
2025-10-18 04:38:08.615,106584.27,0.37341,39799.632260700004
2025-10-18 04:38:08.616,106584.27,5e-05,5.329213500000001
2025-10-18 04:38:08.618,106585.06,5e-05,5.3292530000000005
2025-10-18 04:38:08.619,106587.0,6e-05,6.39522
2025-10-18 04:38:08.621,106589.53,0.00015,15.988429499999999
2025-10-18 04:38:08.624,106590.25,6e-05,6.395415
2025-10-18 04:38:08.630,106595.31,0.05484,5845.6868004
2025-10-18 04:38:08.671,106595.31,0.01146,1221.5822526
2025-10-18 04:38:08.705,106595.3,0.00086,91.671958
2025-10-18 04:38:08.719,106595.31,0.00899,958.2918368999999
2025-10-18 04:38:08.735,106596.25,0.0007,74.617375
2025-10-18 04:38:08.888,106596.33,0.00732,780.2851356
2025-10-18 04:38:10.230,106596.34,0.00435,463.69407899999993
2025-10-18 04:38:11.072,106596.33,0.00086,91.6728438
2025-10-18 04:38:12.590,106596.33,0.02158,2300.3488014
2025-10-18 04:38:13.219,106596.33,0.00032,34.110825600000005
2025-10-18 04:38:13.380,106596.34,0.01346,1434.7867363999999
2025-10-18 04:38:13.405,106596.34,0.00058,61.8258772
2025-10-18 04:38:15.432,106596.34,0.00133,141.7731322
2025-10-18 04:38:15.433,106596.33,0.00015,15.9894495
2025-10-18 04:38:15.665,106596.34,0.00025,26.649085
2025-10-18 04:38:16.240,106597.26,0.0002,21.319452
2025-10-18 04:38:16.243,106598.0,0.0026,277.15479999999997
2025-10-18 04:38:16.258,106598.85,0.0009,95.938965
2025-10-18 04:38:16.306,106600.01,0.00055,58.6300055
2025-10-18 04:38:16.309,106600.55,0.00408,434.930244
2025-10-18 04:38:16.311,106600.55,0.00139,148.1747645
2025-10-18 04:38:16.314,106602.32,0.02593,2764.1981576000003
2025-10-18 04:38:16.385,106605.81,0.00015,15.990871499999999
2025-10-18 04:38:16.388,106606.53,0.00412,439.21890360000003
2025-10-18 04:38:16.390,106614.22,0.0001,10.661422
2025-10-18 04:38:16.406,106615.33,0.01501,1600.2961033000001
2025-10-18 04:38:16.410,106615.33,0.0937,9989.856421
2025-10-18 04:38:16.419,106615.33,0.01501,1600.2961033000001
2025-10-18 04:38:16.462,106615.33,0.00113,120.4753229
2025-10-18 04:38:16.510,106615.33,0.00023,24.5215259
2025-10-18 04:38:16.515,106615.33,0.00187,199.3706671
2025-10-18 04:38:16.517,106615.33,8e-05,8.5292264
2025-10-18 04:38:16.518,106615.33,0.00023,24.5215259
2025-10-18 04:38:16.519,106615.33,0.00066,70.3661178
2025-10-18 04:38:16.520,106615.33,0.00289,308.1183037
2025-10-18 04:38:16.538,106615.33,0.00019,20.2569127
2025-10-18 04:38:16.582,106615.33,0.00038,40.5138254
2025-10-18 04:38:16.595,106615.33,0.09382,10002.6502606
2025-10-18 04:38:16.724,106615.33,7e-05,7.4630731
2025-10-18 04:38:16.824,106615.33,0.0001,10.661533
2025-10-18 04:38:16.883,106615.33,0.00029,30.9184457
2025-10-18 04:38:16.892,106615.33,0.0001,10.661533
2025-10-18 04:38:17.181,106615.33,8e-05,8.5292264
2025-10-18 04:38:17.382,106615.33,0.0001,10.661533
2025-10-18 04:38:17.551,106615.32,9e-05,9.5953788
2025-10-18 04:38:17.568,106615.33,0.00029,30.9184457
2025-10-18 04:38:17.718,106615.33,0.00047,50.1092051
2025-10-18 04:38:17.739,106615.33,0.00029,30.9184457
2025-10-18 04:38:17.791,106615.33,0.00093,99.15225690000001
2025-10-18 04:38:18.590,106615.33,5e-05,5.3307665
2025-10-18 04:38:18.762,106615.33,5e-05,5.3307665
2025-10-18 04:38:18.812,106615.33,9e-05,9.5953797
2025-10-18 04:38:18.910,106615.33,0.00013,13.859992899999998
2025-10-18 04:38:20.012,106615.33,0.00209,222.8260397
2025-10-18 04:38:22.567,106615.32,0.00571,608.7734772
2025-10-18 04:38:22.947,106615.33,0.00017,18.1246061
2025-10-18 04:38:23.745,106615.32,0.02523,2689.9045236
2025-10-18 04:38:23.862,106615.33,0.00013,13.859992899999998
2025-10-18 04:38:23.923,106615.32,0.00874,931.8178968
2025-10-18 04:38:24.902,106615.32,0.013,1385.99916
2025-10-18 04:38:24.903,106615.32,0.013,1385.99916
2025-10-18 04:38:25.713,106615.33,9e-05,9.5953797
2025-10-18 04:38:26.738,106615.33,0.00143,152.4599219
2025-10-18 04:38:27.174,106615.33,0.00018,19.1907594
2025-10-18 04:38:28.195,106615.33,0.14069,14999.710777700002
2025-10-18 04:38:29.039,106615.33,0.00023,24.5215259
2025-10-18 04:38:29.467,106615.33,0.00154,164.1876082
2025-10-18 04:38:30.037,106615.33,0.00192,204.7014336
2025-10-18 04:38:30.550,106615.32,5e-05,5.330766000000001
2025-10-18 04:38:30.557,106615.32,0.00068,72.49841760000001
2025-10-18 04:38:30.776,106615.32,0.00916,976.5963312
2025-10-18 04:38:31.030,106615.32,0.013,1385.99916
2025-10-18 04:38:31.031,106615.32,0.013,1385.99916
2025-10-18 04:38:31.282,106615.33,0.00469,500.0258977
2025-10-18 04:38:31.362,106615.33,0.00011,11.7276863
2025-10-18 04:38:31.433,106615.33,0.0001,10.661533
2025-10-18 04:38:31.770,106615.32,0.013,1385.99916
2025-10-18 04:38:31.870,106615.33,0.00011,11.7276863
2025-10-18 04:38:32.069,106615.33,0.01322,1409.4546626000001
2025-10-18 04:38:32.222,106615.33,0.01875,1999.0374375
2025-10-18 04:38:32.932,106615.33,8e-05,8.5292264
2025-10-18 04:38:33.463,106615.33,0.00045,47.9768985
2025-10-18 04:38:33.824,106615.33,0.00014,14.9261462
2025-10-18 04:38:34.221,106615.33,0.00024,25.5876792
2025-10-18 04:38:34.334,106615.33,0.01,1066.1533
2025-10-18 04:38:36.176,106615.33,0.00046,49.0430518
2025-10-18 04:38:36.603,106615.32,0.0023,245.215236
2025-10-18 04:38:37.166,106615.33,6e-05,6.3969198
2025-10-18 04:38:37.542,106615.33,0.00027,28.7861391
2025-10-18 04:38:39.755,106615.33,0.00055,58.6384315
2025-10-18 04:38:42.407,106615.33,0.00059,62.9030447
2025-10-18 04:38:44.184,106615.32,0.04613,4918.1647116
2025-10-18 04:38:44.520,106615.33,0.0004,42.646132
2025-10-18 04:38:45.119,106615.32,0.00305,325.17672600000003
2025-10-18 04:38:47.525,106615.33,0.00088,93.8214904
2025-10-18 04:38:47.613,106615.33,0.01875,1999.0374375
2025-10-18 04:38:47.833,106615.32,1.03697,110556.8883804
2025-10-18 04:38:48.112,106615.33,0.00217,231.35526610000002
2025-10-18 04:38:48.575,106615.33,5e-05,5.3307665
2025-10-18 04:38:49.173,106615.33,0.01875,1999.0374375
2025-10-18 04:38:50.625,106615.32,5e-05,5.330766000000001
2025-10-18 04:38:50.918,106615.32,0.00013,13.859991599999999
2025-10-18 04:38:51.076,106615.33,0.00056,59.7045848
2025-10-18 04:38:51.415,106615.33,0.00067,71.43227110000001
2025-10-18 04:38:52.797,106615.33,0.00749,798.5488217000001
2025-10-18 04:38:53.434,106615.32,0.0058,618.368856
2025-10-18 04:38:53.647,106615.33,0.0013,138.599929
2025-10-18 04:38:54.454,106615.33,0.00014,14.9261462
2025-10-18 04:38:54.580,106615.33,0.01045,1114.1301985
2025-10-18 04:38:55.392,106615.33,0.00058,61.8368914
2025-10-18 04:38:55.615,106615.32,0.00013,13.859991599999999
2025-10-18 04:38:55.619,106615.33,0.0013,138.599929
2025-10-18 04:38:55.933,106615.32,0.0001,10.661532000000001
2025-10-18 04:38:56.975,106615.33,9e-05,9.5953797
2025-10-18 04:38:56.976,106615.32,0.00113,120.4753116
2025-10-18 04:39:00.316,106615.33,0.0006,63.969198
2025-10-18 04:39:01.212,106615.32,0.00235,250.54600200000002
2025-10-18 04:39:01.310,106615.33,0.00024,25.5876792
2025-10-18 04:39:01.853,106615.33,0.35787,38154.4281471
2025-10-18 04:39:01.918,106615.33,0.00469,500.0258977
2025-10-18 04:39:01.939,106616.25,6e-05,6.396975
2025-10-18 04:39:01.941,106617.63,0.00015,15.992644499999999
2025-10-18 04:39:01.944,106627.33,0.09375,9996.3121875
2025-10-18 04:39:01.945,106627.33,6e-05,6.3976398
2025-10-18 04:39:01.948,106627.33,0.09042,9641.2431786
2025-10-18 04:39:01.956,106627.33,0.37555,40043.8937815
2025-10-18 04:39:01.959,106627.33,0.00938,1000.1643554
2025-10-18 04:39:02.342,106627.32,0.0001,10.662732000000002
2025-10-18 04:39:02.393,106627.33,0.00166,177.0013678
2025-10-18 04:39:02.491,106627.33,0.00038,40.5183854
2025-10-18 04:39:03.132,106627.33,0.00075,79.97049750000001
2025-10-18 04:39:03.169,106627.33,0.00302,322.01453660000004
2025-10-18 04:39:03.945,106627.33,0.00188,200.4593804
2025-10-18 04:39:04.112,106627.33,0.0006,63.976397999999996
2025-10-18 04:39:04.553,106627.32,0.00217,231.38128440000003
2025-10-18 04:39:04.593,106627.33,0.00059,62.910124700000004
2025-10-18 04:39:04.617,106627.32,0.00017,18.126644400000004
2025-10-18 04:39:05.114,106627.33,0.01875,1999.2624375
2025-10-18 04:39:05.164,106627.33,0.0008,85.30186400000001
2025-10-18 04:39:05.573,106627.33,6e-05,6.3976398
2025-10-18 04:39:06.283,106627.33,0.00938,1000.1643554
2025-10-18 04:39:08.600,106627.33,0.00054,57.5787582
2025-10-18 04:39:09.190,106627.33,0.00075,79.97049750000001
2025-10-18 04:39:09.580,106627.33,0.00021,22.3917393
2025-10-18 04:39:10.340,106627.33,0.00124,132.2178892
2025-10-18 04:39:10.368,106627.32,0.00187,199.3930884
2025-10-18 04:39:11.148,106627.32,0.00446,475.5578472000001
2025-10-18 04:39:11.613,106627.33,0.00028,29.855652399999997
2025-10-18 04:39:11.839,106627.32,0.00017,18.126644400000004
2025-10-18 04:39:13.191,106627.33,0.0006,63.976397999999996
2025-10-18 04:39:13.331,106627.33,5e-05,5.331366500000001
2025-10-18 04:39:13.446,106627.33,9e-05,9.5964597
2025-10-18 04:39:13.581,106627.32,9e-05,9.5964588
2025-10-18 04:39:13.983,106627.33,0.00011,11.7290063
2025-10-18 04:39:14.028,106627.33,0.00121,129.01906929999998
2025-10-18 04:39:16.574,106627.33,0.00031,33.0544723
2025-10-18 04:39:16.582,106627.32,0.00141,150.3445212
2025-10-18 04:39:16.735,106627.32,0.93783,99998.29951560001
2025-10-18 04:39:17.277,106627.33,0.00031,33.0544723
2025-10-18 04:39:17.318,106627.32,0.37428,39908.473329600005
2025-10-18 04:39:17.374,106627.33,0.0045,479.82298499999996
2025-10-18 04:39:18.297,106627.33,0.00123,131.1516159
2025-10-18 04:39:18.707,106627.33,0.00868,925.5252244000001
2025-10-18 04:39:18.761,106627.33,0.00201,214.3209333
2025-10-18 04:39:20.120,106627.32,0.93783,99998.29951560001
2025-10-18 04:39:20.125,106627.19,0.0002,21.325438000000002
2025-10-18 04:39:20.434,106626.94,0.04059,4327.9874946
2025-10-18 04:39:20.435,106625.99,0.00016,17.060158400000002
2025-10-18 04:39:20.437,106623.14,0.0001,10.662314
2025-10-18 04:39:20.439,106623.07,0.03445,3673.1647615000006
2025-10-18 04:39:20.440,106623.06,0.0001,10.662306000000001
2025-10-18 04:39:20.443,106621.62,0.00015,15.993242999999998
2025-10-18 04:39:20.444,106618.65,5e-05,5.3309325
2025-10-18 04:39:20.452,106618.2,0.00095,101.28729
2025-10-18 04:39:20.456,106618.19,0.00111,118.34619090000001
2025-10-18 04:39:20.528,106616.25,6e-05,6.396975
2025-10-18 04:39:20.532,106613.0,0.00016,17.05808
2025-10-18 04:39:20.535,106612.48,0.00015,15.991871999999997
2025-10-18 04:39:20.536,106611.85,0.00025,26.6529625
2025-10-18 04:39:20.537,106610.72,0.00025,26.65268
2025-10-18 04:39:20.571,106609.67,0.00256,272.92075520000003
2025-10-18 04:39:21.000,106609.52,0.01331,1418.9727112
2025-10-18 04:39:21.480,106609.53,0.00168,179.1040104
2025-10-18 04:39:22.476,106609.53,0.00856,912.5775768
2025-10-18 04:39:23.136,106609.53,0.04857,5178.0248721
2025-10-18 04:39:23.151,106609.53,0.015,1599.14295
2025-10-18 04:39:23.333,106609.52,0.00562,599.1455024
2025-10-18 04:39:23.365,106609.52,0.00095,101.279044
2025-10-18 04:39:23.526,106609.52,0.93799,99998.6636648
2025-10-18 04:39:24.083,106609.52,0.31052,33104.3881504
2025-10-18 04:39:24.084,106608.55,0.00122,130.062431
2025-10-18 04:39:24.087,106607.62,0.0004,42.643048
2025-10-18 04:39:24.092,106607.18,0.00105,111.93753899999999
2025-10-18 04:39:24.097,106606.23,0.02141,2282.4393843
2025-10-18 04:39:24.098,106606.23,0.00307,327.2811261
2025-10-18 04:39:24.101,106602.99,7e-05,7.4622093
2025-10-18 04:39:24.102,106600.41,5e-05,5.330020500000001
2025-10-18 04:39:24.105,106600.0,0.013,1385.8
2025-10-18 04:39:24.109,106600.0,0.01382,1473.212
2025-10-18 04:39:24.117,106600.0,0.00244,260.104
2025-10-18 04:39:24.817,106599.02,0.00882,940.2033564
2025-10-18 04:39:26.010,106599.02,0.00563,600.1524826
2025-10-18 04:39:26.439,106599.01,0.00054,57.5634654
2025-10-18 04:39:26.450,106599.02,0.14069,14997.416123800002
2025-10-18 04:39:26.590,106599.02,0.0005,53.299510000000005
2025-10-18 04:39:27.091,106599.02,0.00975,1039.340445
2025-10-18 04:39:27.290,106599.01,0.93808,99998.3993008
2025-10-18 04:39:28.198,106599.01,0.01501,1600.0511401
2025-10-18 04:39:28.792,106599.02,0.04988,5317.1591176
2025-10-18 04:39:29.622,106599.02,0.01049,1118.2237198
2025-10-18 04:39:30.112,106599.02,0.00236,251.57368720000002
2025-10-18 04:39:30.651,106599.01,0.93808,99998.3993008
2025-10-18 04:39:30.805,106599.02,0.00701,747.2591302
2025-10-18 04:39:30.824,106599.02,0.00029,30.913715800000002
2025-10-18 04:39:31.564,106599.01,0.00057,60.76143569999999
2025-10-18 04:39:31.606,106599.02,0.00017,18.121833400000003
2025-10-18 04:39:31.617,106599.02,0.00012,12.7918824
2025-10-18 04:39:31.970,106599.02,0.00018,19.1878236
2025-10-18 04:39:32.198,106599.01,0.013,1385.78713
2025-10-18 04:39:32.201,106599.01,0.013,1385.78713
2025-10-18 04:39:32.577,106599.02,5e-05,5.329951
2025-10-18 04:39:33.152,106599.01,0.00038,40.5076238
2025-10-18 04:39:33.354,106599.02,0.0005,53.299510000000005
2025-10-18 04:39:33.709,106599.02,0.00038,40.507627600000006
2025-10-18 04:39:34.351,106599.02,0.00614,654.5179828
2025-10-18 04:39:34.918,106599.01,0.93808,99998.3993008
2025-10-18 04:39:35.434,106599.02,0.04858,5178.5803916
2025-10-18 04:39:35.636,106596.49,0.00015,15.989473499999999
2025-10-18 04:39:35.637,106588.57,5e-05,5.329428500000001
2025-10-18 04:39:35.638,106583.75,6e-05,6.395025
2025-10-18 04:39:35.639,106582.74,0.22479,23958.7341246
2025-10-18 04:39:35.641,106582.7,0.0021,223.82367
2025-10-18 04:39:35.644,106577.25,6e-05,6.394635
2025-10-18 04:39:35.650,106576.77,0.00938,999.6901025999999
2025-10-18 04:39:35.655,106574.68,0.00015,15.986201999999997
2025-10-18 04:39:35.668,106574.31,0.0006,63.944585999999994
2025-10-18 04:39:35.671,106572.38,0.013,1385.44094
2025-10-18 04:39:35.672,106572.38,0.013,1385.44094
2025-10-18 04:39:36.278,106572.39,0.0013,138.544107
2025-10-18 04:39:37.237,106572.39,0.0008,85.257912
2025-10-18 04:39:37.348,106572.38,0.013,1385.44094
2025-10-18 04:39:37.350,106572.38,0.013,1385.44094
2025-10-18 04:39:37.525,106572.39,0.0522,5563.078758000001
2025-10-18 04:39:37.612,106572.39,0.00028,29.840269199999998
2025-10-18 04:39:37.828,106572.38,0.01501,1599.6514238000002
2025-10-18 04:39:37.891,106572.38,0.00027,28.7745426
2025-10-18 04:39:38.122,106572.38,0.005,532.8619
2025-10-18 04:39:38.265,106572.38,0.01501,1599.6514238000002
2025-10-18 04:39:38.317,106572.38,6e-05,6.3943428
2025-10-18 04:39:38.451,106572.38,0.93832,99998.9956016
2025-10-18 04:39:38.498,106572.38,7e-05,7.460066599999999
2025-10-18 04:39:38.975,106572.38,0.01,1065.7238
2025-10-18 04:39:40.125,106572.39,0.00027,28.7745453
2025-10-18 04:39:40.676,106572.38,0.013,1385.44094
2025-10-18 04:39:40.677,106572.38,0.013,1385.44094
2025-10-18 04:39:40.678,106572.38,0.013,1385.44094
2025-10-18 04:39:40.732,106572.38,0.02288,2438.3760544
2025-10-18 04:39:41.351,106572.38,0.013,1385.44094
2025-10-18 04:39:41.353,106572.38,0.013,1385.44094
2025-10-18 04:39:41.558,106572.39,0.00455,484.9043745
2025-10-18 04:39:41.684,106572.39,0.04858,5177.2867062
2025-10-18 04:39:41.922,106572.38,0.005,532.8619
2025-10-18 04:39:42.074,106572.39,0.0019,202.487541
2025-10-18 04:39:42.498,106572.39,0.00019,20.2487541
2025-10-18 04:39:42.621,106572.39,0.00019,20.2487541
2025-10-18 04:39:42.695,106572.39,0.001,106.57239
2025-10-18 04:39:44.538,106572.38,0.00017,18.1173046
2025-10-18 04:39:44.823,106572.39,0.12198,12999.7001322
2025-10-18 04:39:45.131,106572.39,0.0035,373.00336500000003
2025-10-18 04:39:46.967,106569.85,5e-05,5.3284925
2025-10-18 04:39:47.645,106569.56,0.04858,5177.1492247999995
2025-10-18 04:39:48.291,106569.56,0.00018,19.182520800000002
2025-10-18 04:39:49.245,106569.56,0.00218,232.3216408
2025-10-18 04:39:49.457,106567.28,0.04505,4800.855964
2025-10-18 04:39:49.462,106567.29,0.0338,3601.9744019999994
2025-10-18 04:39:50.618,106567.28,0.00025,26.64182
2025-10-18 04:39:51.314,106567.29,0.00875,932.4637875000001
2025-10-18 04:39:51.594,106567.29,0.0046,490.20953399999996
2025-10-18 04:39:51.776,106567.29,0.18717,19946.1996693
2025-10-18 04:39:51.786,106567.29,5e-05,5.3283645
2025-10-18 04:39:52.044,106567.28,0.00082,87.3851696
2025-10-18 04:39:52.059,106567.28,0.00936,997.4697408000001
2025-10-18 04:39:52.512,106566.0,0.24392,25993.57872
2025-10-18 04:39:52.832,106566.01,0.00022,23.444522199999998
2025-10-18 04:39:53.044,106566.0,0.00297,316.50102
2025-10-18 04:39:53.491,106566.01,0.00024,25.5758424
2025-10-18 04:39:53.499,106566.01,0.04858,5176.976765799999
2025-10-18 04:39:53.502,106566.01,0.01,1065.6601
2025-10-18 04:39:54.048,106566.01,0.00028,29.838482799999994
2025-10-18 04:39:55.369,106566.01,0.0001,10.656601
2025-10-18 04:39:55.433,106566.0,0.0013,138.5358
2025-10-18 04:39:56.002,106566.01,0.00014,14.919241399999997
2025-10-18 04:39:56.548,106566.0,0.013,1385.358
2025-10-18 04:39:56.549,106566.0,0.013,1385.358
2025-10-18 04:39:56.550,106566.0,0.013,1385.358
2025-10-18 04:39:56.942,106566.01,0.00124,132.1418524
2025-10-18 04:39:57.031,106558.96,5e-05,5.327948000000001
2025-10-18 04:39:57.141,106555.58,0.08955,9542.052189
2025-10-18 04:39:58.053,106555.7,0.00065,69.26120499999999
2025-10-18 04:39:58.055,106555.7,5e-05,5.327785
2025-10-18 04:39:58.057,106558.23,0.09584,10212.540763199999
2025-10-18 04:39:58.058,106555.71,0.09671,10305.002714100001
2025-10-18 04:39:58.062,106555.71,0.00126,134.2601946
2025-10-18 04:39:58.064,106555.71,0.00174,185.4069354
2025-10-18 04:39:58.065,106555.71,0.0004,42.62228400000001
2025-10-18 04:39:58.067,106555.71,0.00045,47.950069500000005
2025-10-18 04:39:58.069,106555.72,0.0005,53.277860000000004
2025-10-18 04:39:58.070,106555.72,0.0006,63.933431999999996
2025-10-18 04:39:58.072,106555.72,0.0004,42.622288000000005
2025-10-18 04:39:58.073,106558.23,0.00107,114.0173061
2025-10-18 04:39:58.076,106558.24,0.0002,21.311648
2025-10-18 04:39:58.077,106558.24,0.0004,42.623296
2025-10-18 04:39:58.078,106558.24,0.0005,53.279120000000006
2025-10-18 04:39:58.079,106558.24,0.0001,10.655824
2025-10-18 04:39:58.081,106558.25,0.0006,63.93494999999999
2025-10-18 04:39:58.082,106558.25,0.00015,15.983737499999998
2025-10-18 04:39:58.084,106558.25,0.0005,53.279125
2025-10-18 04:39:58.085,106558.25,0.00035,37.2953875
2025-10-18 04:39:58.087,106558.26,0.0004,42.623304
2025-10-18 04:39:58.088,106558.25,0.0002,21.31165
2025-10-18 04:39:58.090,106558.25,0.00044,46.88563
2025-10-18 04:39:58.091,106558.25,0.00036,38.36097
2025-10-18 04:39:58.093,106558.26,0.00046,49.0167996
2025-10-18 04:39:58.094,106558.26,0.00025,26.639564999999997
2025-10-18 04:39:58.096,106558.26,0.0006,63.93495599999999
2025-10-18 04:39:58.097,106558.27,0.0007,74.590789
2025-10-18 04:39:58.099,106558.27,0.0007,74.590789
2025-10-18 04:39:58.101,106558.27,0.0004,42.623308
2025-10-18 04:39:58.102,106558.28,0.0003,31.967483999999995
2025-10-18 04:39:58.103,106558.28,0.0002,21.311656
2025-10-18 04:39:58.105,106558.28,0.00025,26.63957
2025-10-18 04:39:58.106,106558.28,0.00055,58.607054000000005
2025-10-18 04:39:58.108,106558.28,0.0005,53.27914
2025-10-18 04:39:58.312,106560.0,0.10252,10924.5312
2025-10-18 04:39:58.317,106564.25,6e-05,6.393855
2025-10-18 04:39:58.848,106565.72,0.00012,12.7878864
2025-10-18 04:39:59.134,106565.71,0.00015,15.9848565
2025-10-18 04:39:59.562,106565.72,0.00032,34.101030400000006
2025-10-18 04:39:59.592,106565.71,0.013,1385.35423
2025-10-18 04:39:59.594,106565.71,0.013,1385.35423
2025-10-18 04:39:59.597,106565.71,0.013,1385.35423
2025-10-18 04:40:00.120,106565.72,0.04858,5176.9626776
2025-10-18 04:40:01.168,106565.72,0.0032,341.010304
2025-10-18 04:40:01.399,106565.72,0.00013,13.853543599999998
2025-10-18 04:40:01.433,106565.71,0.33594,35799.6846174
2025-10-18 04:40:01.461,106565.72,0.00468,498.72756960000004
2025-10-18 04:40:01.701,106565.72,0.00037,39.4293164
2025-10-18 04:40:01.826,106565.72,0.00012,12.7878864
2025-10-18 04:40:02.551,106565.71,0.00085,90.5808535
2025-10-18 04:40:02.638,106565.71,0.93837,99998.0652927
2025-10-18 04:40:02.662,106565.72,0.00108,115.0909776
2025-10-18 04:40:03.168,106565.72,0.00096,102.3030912
2025-10-18 04:40:03.655,106566.03,0.0001,10.656603
2025-10-18 04:40:03.656,106567.29,0.00015,15.985093499999998
2025-10-18 04:40:03.659,106568.81,0.00015,15.985321499999998
2025-10-18 04:40:03.672,106568.81,0.00176,187.5611056
2025-10-18 04:40:04.069,106569.56,0.00139,148.1316884
2025-10-18 04:40:04.144,106569.56,0.00322,343.1539832
2025-10-18 04:40:04.199,106569.56,0.00155,165.182818
2025-10-18 04:40:04.605,106569.55,0.02,2131.391
2025-10-18 04:40:04.845,106569.56,0.09383,9999.4218148
2025-10-18 04:40:05.155,106569.56,0.00412,439.0665872
2025-10-18 04:40:06.082,106569.56,0.00163,173.70838279999998
2025-10-18 04:40:06.320,106569.56,0.00051,54.3504756
2025-10-18 04:40:06.743,106569.56,0.00288,306.92033280000004
2025-10-18 04:40:07.266,106569.56,0.01471,1567.6382276000002
2025-10-18 04:40:08.164,106569.55,0.00028,29.839474
2025-10-18 04:40:08.193,106569.56,0.00888,946.3376928
2025-10-18 04:40:09.095,106566.08,0.00015,15.984912
2025-10-18 04:40:09.099,106562.44,0.0077,820.530788
2025-10-18 04:40:09.443,106562.45,0.04691,4998.8445295
2025-10-18 04:40:10.192,106562.45,0.0194,2067.31153
2025-10-18 04:40:10.529,106562.45,0.00261,278.1279945
2025-10-18 04:40:10.818,106562.45,5e-05,5.3281225
2025-10-18 04:40:11.219,106562.45,0.01433,1527.0399085000001
2025-10-18 04:40:11.813,106562.45,0.00046,49.018727
2025-10-18 04:40:12.697,106562.45,0.00575,612.7340875
2025-10-18 04:40:14.163,106557.19,0.00015,15.983578499999998
2025-10-18 04:40:14.168,106554.92,0.03379,3600.4907468
2025-10-18 04:40:14.349,106554.92,0.00387,412.3675404
2025-10-18 04:40:14.403,106554.91,0.013,1385.21383
2025-10-18 04:40:14.404,106554.91,0.013,1385.21383
2025-10-18 04:40:14.601,106554.91,0.013,1385.21383
2025-10-18 04:40:14.603,106554.91,0.013,1385.21383
2025-10-18 04:40:16.638,106554.91,0.00011,11.721040100000002
2025-10-18 04:40:16.882,106554.91,0.00031,33.0320221
2025-10-18 04:40:17.026,106554.91,0.0003,31.966472999999997
2025-10-18 04:40:18.738,106553.98,0.23309,24836.667198199997
2025-10-18 04:40:18.743,106553.99,0.03047,3246.7000753
2025-10-18 04:40:19.494,106553.98,0.00205,218.43565900000002
2025-10-18 04:40:19.507,106553.98,0.0011,117.209378
2025-10-18 04:40:19.701,106553.99,0.00559,595.6368041000001
2025-10-18 04:40:19.718,106553.99,0.00186,198.19042140000002
2025-10-18 04:40:20.070,106553.98,0.00158,168.3552884
2025-10-18 04:40:20.201,106553.98,0.00076,80.9810248
2025-10-18 04:40:20.632,106553.98,0.00032,34.0972736
2025-10-18 04:40:20.633,106553.99,0.0008,85.24319200000001
2025-10-18 04:40:21.271,106553.98,0.00046,49.0148308
2025-10-18 04:40:22.063,106553.99,0.00012,12.786478800000001
2025-10-18 04:40:22.928,106553.98,0.18634,19855.2686332
2025-10-18 04:40:23.092,106553.99,0.00179,190.7316421
2025-10-18 04:40:23.635,106551.79,0.00756,805.5315324
2025-10-18 04:40:23.636,106548.29,0.0001,10.654829
2025-10-18 04:40:23.640,106547.77,5e-05,5.3273885000000005
2025-10-18 04:40:23.642,106546.18,0.0021,223.74697799999998
2025-10-18 04:40:23.644,106546.19,0.2679,28543.724301000002
2025-10-18 04:40:23.656,106545.9,0.01039,1107.0119009999999
2025-10-18 04:40:23.657,106545.25,0.00028,29.832669999999997
2025-10-18 04:40:23.658,106545.11,0.01582,1685.5436402
2025-10-18 04:40:23.660,106545.35,0.03157,3363.6366995000003
2025-10-18 04:40:23.674,106544.25,0.00015,15.981637499999998
2025-10-18 04:40:23.702,106542.0,0.0033,351.5886
2025-10-18 04:40:23.723,106541.99,0.00325,346.2614675
2025-10-18 04:40:23.786,106541.98,0.01501,1599.1951198
2025-10-18 04:40:23.791,106540.38,9e-05,9.588634200000001
2025-10-18 04:40:23.792,106540.01,0.00427,454.92584270000003
2025-10-18 04:40:24.516,106540.0,0.01192,1269.9568
2025-10-18 04:40:24.518,106539.22,0.00035,37.288727
2025-10-18 04:40:24.521,106538.43,0.03413,3636.1566159
2025-10-18 04:40:24.571,106538.06,0.00088,93.7534928
2025-10-18 04:40:24.859,106538.01,0.00049,52.203624899999994
2025-10-18 04:40:24.937,106538.01,0.04582,4881.5716182
2025-10-18 04:40:25.069,106538.01,0.00056,59.66128559999999
2025-10-18 04:40:25.207,106538.01,0.0002,21.307602
2025-10-18 04:40:25.271,106538.0,0.004,426.152
2025-10-18 04:40:25.273,106538.0,0.004,426.152
2025-10-18 04:40:25.304,106538.0,0.00246,262.08348
2025-10-18 04:40:25.728,106537.99,0.00498,530.5591902
2025-10-18 04:40:25.761,106538.0,0.01104,1176.17952
2025-10-18 04:40:26.503,106536.83,2e-05,2.1307366
2025-10-18 04:40:26.766,106536.84,0.00037,39.418630799999995
2025-10-18 04:40:27.081,106536.0,0.0028,298.3008
2025-10-18 04:40:27.082,106534.55,5e-05,5.3267275000000005
2025-10-18 04:40:27.084,106533.61,0.0001,10.653361
2025-10-18 04:40:27.085,106530.2,0.0001,10.65302
2025-10-18 04:40:27.089,106530.68,0.00097,103.3347596
2025-10-18 04:40:27.092,106530.21,0.03081,3282.1957701
2025-10-18 04:40:27.093,106530.2,0.0004,42.61208
2025-10-18 04:40:27.099,106529.2,0.0002,21.30584
2025-10-18 04:40:27.106,106529.2,0.00015,15.979379999999999
2025-10-18 04:40:27.111,106524.68,5e-05,5.3262339999999995
2025-10-18 04:40:27.112,106523.79,0.011,1171.7616899999998
2025-10-18 04:40:27.113,106523.81,0.32854,34997.3325374
2025-10-18 04:40:27.115,106523.79,0.011,1171.7616899999998
2025-10-18 04:40:27.124,106522.82,6e-05,6.391369200000001
2025-10-18 04:40:27.191,106522.83,0.00034,36.2177622
2025-10-18 04:40:27.260,106522.83,0.00387,412.24335210000004
2025-10-18 04:40:27.399,106522.82,0.002,213.04564000000002
2025-10-18 04:40:27.400,106522.82,0.00142,151.2624044
2025-10-18 04:40:27.403,106522.82,0.002,213.04564000000002
2025-10-18 04:40:27.671,106522.83,0.00141,150.19719030000002
2025-10-18 04:40:27.733,106522.83,0.0002,21.304566
2025-10-18 04:40:27.762,106522.83,0.0001,10.652283
2025-10-18 04:40:27.783,106522.83,0.00023,24.5002509
2025-10-18 04:40:27.824,106522.83,0.0001,10.652283
2025-10-18 04:40:27.847,106522.83,0.0001,10.652283
2025-10-18 04:40:27.969,106522.83,0.00094,100.13146019999999
2025-10-18 04:40:27.981,106522.83,0.00013,13.847967899999999
2025-10-18 04:40:28.026,106522.83,0.00013,13.847967899999999
2025-10-18 04:40:28.030,106522.82,0.0003,31.956846
2025-10-18 04:40:28.036,106522.0,0.00078,83.08716
2025-10-18 04:40:28.040,106522.01,0.03209,3418.2913009
2025-10-18 04:40:28.088,106522.0,0.00083,88.41326
2025-10-18 04:40:28.093,106522.0,0.00071,75.63062000000001
2025-10-18 04:40:28.240,106522.01,0.00484,515.5665283999999
2025-10-18 04:40:28.343,106518.54,0.00023,24.4992642
2025-10-18 04:40:28.542,106516.01,0.00018,19.1728818
2025-10-18 04:40:28.648,106516.0,0.00096,102.25536
2025-10-18 04:40:28.835,106516.01,0.071,7562.636709999999
2025-10-18 04:40:28.836,106516.01,0.0311,3312.6479109999996
2025-10-18 04:40:28.837,106516.01,0.03315,3531.0057315
2025-10-18 04:40:28.838,106516.04,0.00035,37.280614
2025-10-18 04:40:28.840,106516.05,0.01034,1101.375957
2025-10-18 04:40:28.842,106516.4,0.02717,2894.0505879999996
2025-10-18 04:40:28.845,106520.0,5e-05,5.3260000000000005
2025-10-18 04:40:28.851,106521.99,0.0005,53.260995
2025-10-18 04:40:28.867,106522.0,0.01445,1539.2429
2025-10-18 04:40:28.905,106522.0,0.00938,999.1763599999999
2025-10-18 04:40:28.913,106522.0,0.0005,53.261
2025-10-18 04:40:28.915,106522.01,0.0005,53.261005
2025-10-18 04:40:28.919,106522.02,0.0008,85.217616
2025-10-18 04:40:29.015,106536.48,0.0001,10.653648
2025-10-18 04:40:29.059,106537.76,0.00031,33.0267056
2025-10-18 04:40:29.218,106537.75,0.00462,492.204405
2025-10-18 04:40:29.312,106537.76,0.00019,20.2421744
2025-10-18 04:40:29.369,106537.76,0.00024,25.5690624
2025-10-18 04:40:29.512,106537.76,0.00188,200.29098879999998
2025-10-18 04:40:29.525,106537.76,0.00019,20.2421744
2025-10-18 04:40:29.647,106537.76,0.0001,10.653776
2025-10-18 04:40:29.670,106537.76,0.0001,10.653776
2025-10-18 04:40:29.762,106537.76,0.00094,100.14549439999999
2025-10-18 04:40:30.193,106537.76,0.0001,10.653776
2025-10-18 04:40:30.368,106537.76,0.0038,404.843488
2025-10-18 04:40:30.441,106537.76,5e-05,5.326888
2025-10-18 04:40:30.805,106537.76,0.00028,29.830572799999995
2025-10-18 04:40:31.083,106537.75,0.00184,196.02946
2025-10-18 04:40:32.039,106537.75,0.00436,464.50459
2025-10-18 04:40:33.403,106537.76,0.00093,99.0801168
2025-10-18 04:40:33.754,106537.76,0.00489,520.9696464
2025-10-18 04:40:34.068,106537.76,0.00049,52.2035024
2025-10-18 04:40:34.519,106537.76,0.0003,31.961327999999995
2025-10-18 04:40:34.749,106537.76,0.0005,53.268879999999996
2025-10-18 04:40:34.763,106537.76,0.00505,538.015688
2025-10-18 04:40:34.784,106537.76,6e-05,6.3922656
2025-10-18 04:40:34.808,106537.76,0.00537,572.1077712
2025-10-18 04:40:34.810,106537.76,0.00019,20.2421744
2025-10-18 04:40:34.822,106537.76,0.0008,85.230208
2025-10-18 04:40:35.024,106537.76,9e-05,9.5883984
2025-10-18 04:40:36.971,106537.2,0.0001,10.65372
2025-10-18 04:40:36.972,106532.41,5e-05,5.326620500000001
